source_frame,source_time_s,candidate_frame,candidate_time_s,candidate_minus_source_sampling_ms,source_mouth_aperture,candidate_mouth_aperture,source_mouth_width,candidate_mouth_width,source_left_eye_aperture,candidate_left_eye_aperture,source_right_eye_aperture,candidate_right_eye_aperture,source_left_brow_height,candidate_left_brow_height,source_right_brow_height,candidate_right_brow_height,source_interocular_width_fraction,candidate_interocular_width_fraction,source_face_center_x,candidate_face_center_x,source_nose_x,candidate_nose_x,source_shoulder_center_x,candidate_shoulder_center_x,source_face_center_y,candidate_face_center_y,source_nose_y,candidate_nose_y,source_shoulder_center_y,candidate_shoulder_center_y,source_head_pitch_deg,candidate_head_pitch_deg,source_head_yaw_deg,candidate_head_yaw_deg,source_head_roll_deg,candidate_head_roll_deg,source_left_wrist_x,candidate_left_wrist_x,source_left_wrist_body_relative_x,candidate_left_wrist_body_relative_x,source_left_wrist_y,candidate_left_wrist_y,source_left_wrist_body_relative_y,candidate_left_wrist_body_relative_y,source_right_wrist_x,candidate_right_wrist_x,source_right_wrist_body_relative_x,candidate_right_wrist_body_relative_x,source_right_wrist_y,candidate_right_wrist_y,source_right_wrist_body_relative_y,candidate_right_wrist_body_relative_y,source_left_elbow_x,candidate_left_elbow_x,source_left_elbow_body_relative_x,candidate_left_elbow_body_relative_x,source_left_elbow_y,candidate_left_elbow_y,source_left_elbow_body_relative_y,candidate_left_elbow_body_relative_y,source_right_elbow_x,candidate_right_elbow_x,source_right_elbow_body_relative_x,candidate_right_elbow_body_relative_x,source_right_elbow_y,candidate_right_elbow_y,source_right_elbow_body_relative_y,candidate_right_elbow_body_relative_y
0,0.0,0,0.0,0.0,0.02450384382626476,0.02567976107944753,0.576497971813536,0.5685674651414409,0.08286559096039894,0.08122399977212051,0.08384906516471578,0.08198232152107807,0.08753680551115908,0.09690894440805257,0.10931238663437359,0.11887055139779505,0.12362159279881393,0.12378279646304402,0.4934946298599243,0.4943855553865433,0.49217960238456726,0.49270638823509216,0.5104201436042786,0.511306494474411,0.3535947650671005,0.3527122586965561,0.4357941448688507,0.4366793632507324,0.7567371726036072,0.7646604180335999,-175.81756591796875,-175.41793823242188,4.043478488922119,4.824892044067383,-1.8052556514739988,-1.6480741500854492,,,,,,,,,,,,,,,,,,,,,,,,,,,,,,,,
1,0.041666666666666664,1,0.041666666666666664,0.0,0.02145805438605199,0.022089685875084655,0.5834351332259796,0.5796959523012787,0.07862419907807873,0.08049410681620235,0.08022921035490993,0.08342652073079712,0.09889443946616372,0.09211406203893126,0.11671198688317733,0.11344257571615093,0.12433832848104379,0.12387453428237745,0.492679163813591,0.49279217422008514,0.4924209415912628,0.49154406785964966,0.5103625059127808,0.5196918845176697,0.3534684181213379,0.3539195656776428,0.4336007833480835,0.4361046254634857,0.7609322369098663,0.7503798007965088,-176.5083465576172,-175.55796813964844,1.701923131942749,3.313643455505371,-1.6198786497116089,-1.5507242679595947,,,,,,,,,,,,,,,,,,,,,,,,,,,,,,,,
2,0.08333333333333333,2,0.08333333333333333,0.0,0.023629615882265816,0.026862486146203294,0.5888926351678248,0.5806738637748554,0.08242818428621404,0.08316188492562951,0.0831489348594764,0.08409024715525022,0.09594898386488376,0.0909495311179002,0.11422215912021759,0.11258253523258717,0.12532873153933746,0.12398534540373535,0.49210038781166077,0.4921641945838928,0.4922332167625427,0.4916328191757202,0.5107029378414154,0.5170853435993195,0.35370877385139465,0.3530956655740738,0.43421465158462524,0.4333578050136566,0.7597649693489075,0.7502335608005524,-175.781982421875,-176.67727661132812,1.3401650190353394,2.795009851455689,-1.8588905334472654,-2.1556971073150635,,,,,,,,,,,,,,,,,,,,,,,,,,,,,,,,
3,0.125,3,0.125,0.0,0.02629764278844192,0.027006976845579858,0.5832727043661972,0.5774986945358688,0.08450737884525598,0.08302899642576365,0.08527571228707917,0.08387352764798861,0.09923370474044813,0.09906721050346387,0.11545658781047274,0.11800528971685825,0.12472039412789442,0.12321939202326482,0.49178528785705566,0.49248920381069183,0.49209219217300415,0.49181821942329407,0.5108822882175446,0.5176657438278198,0.35145123302936554,0.35123342275619507,0.4299370348453522,0.4302789270877838,0.7622504532337189,0.7460545301437378,-177.26319885253906,-177.3870391845703,0.9469060301780702,2.782876968383789,-1.7252678871154785,-1.875265121459961,,,,,,,,,,,,,,,,,,,,,,,,,,,,,,,,
4,0.16666666666666666,4,0.16666666666666666,0.0,0.026131017751794723,0.02936901187925923,0.5848009594006208,0.5786124935081108,0.0823926188683278,0.08114937452456253,0.08263809187541009,0.08151768840282816,0.10019501761795796,0.09739059767631471,0.11713944222668192,0.1176164202352714,0.12517631294874357,0.12395346389063815,0.49182115495204926,0.4920866936445236,0.4922398328781128,0.49188610911369324,0.5114037990570068,0.5169336199760437,0.35119858384132385,0.35111093521118164,0.4296702444553375,0.42793741822242737,0.7639186680316925,0.7456905543804169,-176.96324157714844,-178.64248657226562,0.8515561819076538,2.1055617332458496,-1.7681704759597778,-2.161062240600586,,,,,,,,,,,,,,,,,,,,,,,,,,,,,,,,
5,0.20833333333333334,5,0.20833333333333334,0.0,0.02976089155134413,0.03602204398875948,0.5698891192212747,0.5565278810237916,0.050611386882470334,0.048409451895564344,0.05019076178149047,0.046696384516725135,0.15319580598160412,0.1500738570295334,0.17906531220654592,0.17868471622624268,0.1219031277298513,0.12208969564658854,0.4928801357746124,0.49293097853660583,0.4943298101425171,0.4936773180961609,0.5142284035682678,0.5171969830989838,0.34619756042957306,0.34622666239738464,0.4137747287750244,0.4130156934261322,0.7649142146110535,0.74364173412323,-182.9410400390625,-183.0792694091797,0.6711190938949585,2.354706287384033,-2.7426342964172363,-3.251298666000366,,,,,,,,,,,,,,,,,,,,,,,,,,,,,,,,
6,0.25,6,0.25,0.0,0.037571556199461946,0.04210362723057266,0.5610413606835831,0.5548414328287552,0.05164302736683073,0.04597807957931774,0.04977329822751396,0.04474903711651951,0.14176335141988108,0.1474978736773454,0.17054674590927837,0.1814919071854221,0.12196764346359576,0.12226855574255528,0.49332040548324585,0.49338923394680023,0.49476778507232666,0.4940730631351471,0.5140672326087952,0.5186115056276321,0.33785948157310486,0.3384447544813156,0.40216007828712463,0.4006391167640686,0.762779027223587,0.7480974793434143,-184.403076171875,-185.15003967285156,1.0812755823135376,2.338052749633789,-3.0269980430603027,-3.3920459747314453,,,,,,,,,,,,,,,,,,,,,,,,,,,,,,,,
7,0.2916666666666667,7,0.2916666666666667,0.0,0.04392681326688834,0.04974226109208093,0.553607119939818,0.5428260945672057,0.05697752700146744,0.05700515058695389,0.054759708333153405,0.054898254859007005,0.1346706585640132,0.1310210428852324,0.16207112357600048,0.16177410103230871,0.12261904422484392,0.1239847748048881,0.4932193458080292,0.4934658408164978,0.49477067589759827,0.4949367046356201,0.5151021927595139,0.5186275094747543,0.33260320127010345,0.3328954428434372,0.3966866433620453,0.39619874954223633,0.7611772119998932,0.7483546435832977,-184.3589324951172,-184.68087768554688,0.7056552171707153,1.0535856485366821,-2.9868125915527344,-3.3313629627227783,,,,,,,,,,,,,,,,,,,,,,,,,,,,,,,,
8,0.3333333333333333,8,0.3333333333333333,0.0,0.044050759796763386,0.0520436148452402,0.5500894013052195,0.5395254685778448,0.06303195338475233,0.059254451440295446,0.06082967899156773,0.056733084188560774,0.13411381535056394,0.13580852915956404,0.16051863450246104,0.16421006353371026,0.12378001956723052,0.12357445120269597,0.4932856410741806,0.49369029700756073,0.4947662651538849,0.495319664478302,0.5156572908163071,0.5188775658607483,0.33207881450653076,0.3328573703765869,0.3964441120624542,0.39647573232650757,0.761324554681778,0.7449527978897095,-184.3209686279297,-184.45639038085938,0.812889575958252,0.6897523403167725,-2.901233434677124,-3.1556949615478516,,,,,,,,,,,,,,,,,,,,,,,,,,,,,,,,
9,0.375,9,0.375,0.0,0.053762314291947104,0.06008969275449984,0.5258272811710004,0.5241799159156716,0.07037105919615984,0.06827500581668187,0.06803598450867698,0.06595235705300992,0.11743303375737904,0.12257926361265387,0.1469300428832691,0.1549386524498168,0.12450462672773727,0.1235722046097875,0.49288637936115265,0.49253255128860474,0.4951920211315155,0.4949902892112732,0.5149458050727844,0.5193808972835541,0.32804594933986664,0.3283116966485977,0.3900957405567169,0.3891148865222931,0.763344407081604,0.7430631220340729,-184.74238586425778,-185.1821746826172,-0.38238391280174255,-0.6789838075637817,-3.455672025680542,-3.692715167999268,,,,,,,,,,,,,,,,,,,,,,,,,,,,,,,,
10,0.4166666666666667,10,0.4166666666666667,0.0,0.05282002795492072,0.054907495574740915,0.5303667918127487,0.522374937994163,0.06966058450302776,0.0690241542619373,0.06646359279258508,0.06620938450603994,0.11963274233964744,0.11990400188435729,0.14798311026822422,0.14910595361386375,0.12440888979797553,0.12392848885784499,0.492730975151062,0.49287593364715576,0.4947565793991089,0.4954937994480133,0.5141051262617111,0.5160680264234543,0.3274327963590622,0.3268459439277649,0.38938108086586,0.38895002007484436,0.7640718519687653,0.7431726455688477,-184.7452697753906,-184.54417419433594,0.004529156722128391,-1.1431585550308228,-3.4252820014953613,-3.3856565952301025,,,,,,,,,,,,,,,,,,,,,,,,,,,,,,,,
11,0.4583333333333333,11,0.4583333333333333,0.0,0.050240743016030244,0.05083163763624378,0.5302212544028942,0.5209522548571663,0.06940929952338437,0.06684943804095224,0.06634638930293474,0.06409813001647369,0.12110872826640011,0.12752528648633846,0.14837034311026118,0.15483643556876855,0.12395934433907835,0.12364674467450013,0.49266478419303894,0.49295932054519653,0.49485623836517334,0.4951624572277069,0.5134472548961639,0.5155403912067413,0.3272763639688492,0.32719190418720245,0.3895440697669983,0.390036940574646,0.7634422183036804,0.7461862564086914,-184.4157562255859,-184.06295776367188,-0.4417014718055725,-0.7136377096176147,-3.283480644226074,-3.093519449234009,,,,,,,,,,,,,,,,,,,,,,,,,,,,,,,,
12,0.5,12,0.5,0.0,0.049002474757350874,0.04771481272348351,0.5315605278387378,0.5229478224910517,0.06913116760676041,0.06669078098690939,0.06604434363095384,0.06371273484311493,0.1208559306320806,0.12557847312030693,0.14752220327322532,0.15177618873222065,0.12390542852635923,0.12382046355663516,0.49273695051670074,0.49309203028678894,0.4945136308670044,0.4950864017009735,0.5132225155830383,0.5150842070579529,0.3269675374031067,0.32718969881534576,0.38926973938941956,0.39015498757362366,0.7617386281490326,0.7500858902931213,-184.41970825195312,-183.96070861816406,0.16213452816009521,-0.5934536457061768,-3.246465921401978,-3.0405917167663574,,,,,,,,,,,,,,,,,,,,,,,,,,,,,,,,
13,0.5416666666666666,13,0.5416666666666666,0.0,0.028908710328958115,0.029836043485201264,0.5449751715976158,0.5346138511932834,0.06765193984216931,0.06763082221664898,0.0642992050143196,0.06395791915992798,0.12282497972321565,0.12248260921965509,0.1491046471134799,0.14921224762810215,0.12417174855620737,0.12394660042771044,0.4930044561624527,0.4933331459760666,0.494576632976532,0.4954959452152252,0.5119382739067078,0.51427361369133,0.32741890847682953,0.32748085260391235,0.38956117630004883,0.39022472500801086,0.7627058625221252,0.7539538145065308,-184.46847534179685,-184.0167694091797,0.6607328653335571,-0.2876431941986084,-3.2233340740203857,-3.326887369155884,,,,,,,,,,,,,,,,,,,,,,,,,,,,,,,,
14,0.5833333333333334,14,0.5833333333333334,0.0,0.02764747012963608,0.029533008790236893,0.5557224970154457,0.5454400009177177,0.06963958494118559,0.06736024998247139,0.06672416506306711,0.06375920474687002,0.11944485064275683,0.12378984866481203,0.1435819003118917,0.14800744642793343,0.12430971968180353,0.12377443368739786,0.4931574612855911,0.4934309720993042,0.49457910656929016,0.49529188871383667,0.5115784555673599,0.5140272080898285,0.32802265882492065,0.32821716368198395,0.3922652304172516,0.39231884479522705,0.7637020349502563,0.7575132250785828,-183.56065368652344,-183.54554748535156,0.5480099320411682,-0.18626829981803894,-2.936396837234497,-2.9666004180908203,,,,,,,,,,,,,,,,,,,,,,,,,,,,,,,,
15,0.625,15,0.625,0.0,0.024526677875087832,0.027139870331182668,0.5476344895643,0.5402866770967263,0.0752249433290864,0.07404157508439475,0.07345758825566978,0.07166462285434269,0.11157037452175624,0.11711127029634534,0.1358114131929498,0.13893324105705857,0.12437464465520127,0.12320054443959949,0.4930616617202759,0.4935649484395981,0.49418917298316956,0.4952813386917114,0.5126061886548996,0.5140248090028763,0.32963088154792786,0.329773411154747,0.39596766233444214,0.3963524103164673,0.762832760810852,0.7575867176055908,-182.40365600585938,-182.23692321777344,0.8286084532737732,-0.49483260512351984,-2.7697882652282715,-2.504470109939575,,,,,,,,,,,,,,,,,,,,,,,,,,,,,,,,
16,0.6666666666666666,16,0.6666666666666666,0.0,0.028093348665864434,0.02761372612588828,0.5490718348413026,0.5377327963756269,0.07530205665962245,0.07319583643615708,0.07287781470429609,0.07103441938704569,0.11348572502101385,0.11417810423505483,0.13593990328751202,0.13666970457796232,0.12379316454962572,0.12341129507707832,0.493080735206604,0.49352215230464935,0.49469029903411865,0.4952428340911865,0.512688398361206,0.5155810713768005,0.32990390062332153,0.3299313485622406,0.3964117765426636,0.3970813751220703,0.7625582814216614,0.7574528157711029,-182.4153594970703,-182.02239990234375,-0.05270468071103097,-0.4875168204307556,-2.6627681255340576,-2.6342649459838867,,,,,,,,,,,,,,,,,,,,,,,,,,,,,,,,
17,0.7083333333333334,17,0.7083333333333334,0.0,0.037392009323255274,0.03660200775102163,0.5311409570510591,0.5266566068024632,0.07901096568683522,0.08123188194816214,0.07706330528410135,0.07983069855680462,0.10066246368974961,0.10032479171898352,0.12659571472235612,0.1251602903919172,0.1251167855909108,0.12315328439264817,0.4932560920715332,0.4936641454696655,0.49538087844848633,0.49531182646751404,0.5124299973249435,0.514923170208931,0.3336164057254791,0.33301229774951935,0.40548253059387207,0.4056156575679779,0.7638387680053711,0.7593173682689667,-180.6556854248047,-180.38369750976562,-0.6544837355613708,-0.4513377845287323,-3.091371536254883,-2.740814685821533,,,,,,,,,,,,,,,,,,,,,,,,,,,,,,,,
18,0.75,18,0.75,0.0,0.03790863949010322,0.038967736677060716,0.5370438544092021,0.5336837115373965,0.08183923462821739,0.08172987927046488,0.08066875984176729,0.08077154177925977,0.10109923496159355,0.09786306835572073,0.12472332055551458,0.12125029374991422,0.12379725256158541,0.12380023709256788,0.49335572123527527,0.4937058687210083,0.4958416521549225,0.4959288537502289,0.5125613808631897,0.516149491071701,0.33672258257865906,0.33616624772548676,0.40860840678215027,0.40891286730766296,0.7644946873188019,0.7591246366500854,-180.46490478515625,-180.55554199218747,-1.7272002696990967,-1.760184645652771,-2.69505786895752,-2.588747024536133,,,,,,,,,,,,,,,,,,,,,,,,,,,,,,,,
19,0.7916666666666666,19,0.7916666666666666,0.0,0.03893811639913042,0.03550650157123286,0.5319062392208411,0.5382941880701549,0.08249559262324148,0.08323915040462246,0.08088067663537239,0.0823035877814636,0.10092578103320789,0.09873650003291568,0.12369170528596213,0.12236465503590209,0.12436081796771319,0.12428746953832565,0.49352604150772095,0.4937870502471924,0.49572259187698364,0.4954053461551666,0.5125090628862381,0.5164225250482559,0.33877381682395935,0.338985413312912,0.41302260756492615,0.41363605856895447,0.7635925710201263,0.7591413855552673,-179.45726013183594,-179.5933074951172,-0.8760539293289185,-0.19937138259410858,-2.700526714324951,-2.5742347240448,,,,,,,,,,,,,,,,,,,,,,,,,,,,,,,,
20,0.8333333333333334,20,0.8333333333333334,0.0,0.03775690888802794,0.03700368942301602,0.5390221518658912,0.5382479038835795,0.0814606174497871,0.08145998712557741,0.07972143652802745,0.08071429894822049,0.1022019006820138,0.09883709784696415,0.12413270013409346,0.12089683183866168,0.12398802196036092,0.12443590653872882,0.49374350905418396,0.4937868267297745,0.49571189284324646,0.4949607253074646,0.5118851959705353,0.5155339986085892,0.3393394649028778,0.3397417366504669,0.4139740765094757,0.4132222533226013,0.7640013992786407,0.7591651082038879,-179.2132110595703,-180.08082580566406,-0.6671856045722961,0.21940454840660095,-2.5544486045837402,-2.3750925064086914,,,,,,,,,,,,,,,,,,,,,,,,,,,,,,,,
21,0.875,21,0.875,0.0,0.022998840070368336,0.027563324471755676,0.5488556163934589,0.5445871193728749,0.07844805795003675,0.0828365785726367,0.07620005614474064,0.08186144782875195,0.1028507713105828,0.09677128470065686,0.1212357991726225,0.11819333520909449,0.12522184192394573,0.12449260610437747,0.49372151494026184,0.4940926730632782,0.49497419595718384,0.49484407901763916,0.5111319422721863,0.5139073580503464,0.345233291387558,0.34445615112781525,0.42404985427856445,0.42286449670791626,0.7669171094894409,0.7612742483615875,-177.46572875976562,-177.99574279785156,1.0825202465057373,1.6044063568115237,-2.473851442337036,-2.389052152633667,,,,,,,,,,,,,,,,,,,,,,,,,,,,,,,,
22,0.9166666666666666,22,0.9166666666666666,0.0,0.023108379887381222,0.027172523223310287,0.5496041224533377,0.5503339856926902,0.07906203931139263,0.08355305942193648,0.07807711495369975,0.08244755765860234,0.10479692676547132,0.09698531952627722,0.1219385232713846,0.11594101379201537,0.12428999312947564,0.12457116919994592,0.49387603998184204,0.4938468337059021,0.49509724974632263,0.4946179986000061,0.5102027058601379,0.5145831853151321,0.34986712038517,0.3496013283729553,0.4318416714668274,0.4310719072818756,0.767240434885025,0.7612240314483643,-175.72232055664062,-176.23890686035156,0.5180612206459045,1.6602971553802492,-2.1009328365325928,-2.2676639556884766,,,,,,,,,,,,,,,,,,,,,,,,,,,,,,,,
23,0.9583333333333334,23,0.9583333333333334,0.0,0.02512791191463567,0.028807924344821528,0.5497001474569506,0.5516243857744834,0.07759597854242617,0.083640695225131,0.07650025864778011,0.08248164956688757,0.10766281013450289,0.09864839622466612,0.1238762272503624,0.11692983342979857,0.12577649336004137,0.12435785740000176,0.49339228868484497,0.4939206838607788,0.495056688785553,0.4950098991394043,0.510197252035141,0.5129208415746689,0.35469113290309906,0.3541823923587799,0.43711164593696594,0.4376443922519684,0.7681982517242432,0.7614243626594543,-176.22113037109375,-175.88558959960938,-0.04427354037761688,1.179945707321167,-2.247234582901001,-2.2979609966278076,,,,,,,,,,,,,,,,,,,,,,,,,,,,,,,,
24,1.0,24,1.0,0.0,0.02647348273129427,0.026946725745688935,0.5434574061682568,0.543830252961237,0.08538041529323477,0.0882757598234299,0.08517645199075537,0.08755661763286544,0.10307869322074399,0.09407530432447805,0.119105930973365,0.11212562083879175,0.12461221497564347,0.12498800538275764,0.49418844282627106,0.4941292405128479,0.49467429518699646,0.49467116594314575,0.5104338079690933,0.5134509205818176,0.3555849939584732,0.3554175943136215,0.43991902470588684,0.4399685859680176,0.7673698663711548,0.7613043487071991,-175.4724578857422,-175.13662719726562,1.5901366472244263,1.7831904888153076,-1.753998875617981,-2.033921957015991,,,,,,,,,,,,,,,,,,,,,,,,,,,,,,,,
25,1.0416666666666667,25,1.0416666666666667,0.0,0.030795927112310995,0.029742275208269737,0.5442553779774638,0.5316983645097779,0.08119856993245168,0.08137308451048765,0.08060713086021214,0.0802718799616946,0.10187146385203573,0.09013828787056011,0.11758438170968905,0.1101080773461795,0.12612661784605894,0.12577352485517557,0.4941381365060806,0.49463555216789246,0.4958539307117462,0.4964914619922638,0.5116018205881119,0.5153171271085739,0.36067034304142,0.3608522266149521,0.4465078115463257,0.4479423463344574,0.7651377320289612,0.7581676840782166,-175.19935607910156,-174.64620971679688,0.18395355343818665,0.8855587840080262,-2.2001688480377197,-2.6629014015197754,,,,,,,,,,,,,,,,,,,,,,,,,,,,,,,,
26,1.0833333333333333,26,1.0833333333333333,0.0,0.030853050817537808,0.031475164055766815,0.52631169308464,0.5251409051145927,0.08582246331937492,0.08604547916428093,0.08577204328938229,0.08497857807318053,0.09635737211138705,0.08990723988359108,0.11206914065778742,0.10823296028110496,0.126012076775186,0.12475257748414835,0.4947344660758972,0.4949624836444855,0.4952210485935211,0.49533700942993164,0.5117154568433762,0.5156877338886261,0.36172589659690857,0.36177727580070496,0.4482373893260956,0.4488379657268524,0.7640765309333801,0.7588276863098145,-174.51866149902344,-174.7309265136719,1.8271862268447878,2.909840822219849,-1.7405184507369995,-2.064910888671875,,,,,,,,,,,,,,,,,,,,,,,,,,,,,,,,
27,1.125,27,1.125,0.0,0.027466770112660896,0.027094412649855026,0.5297808463680902,0.5332898372125471,0.08641054294766518,0.08591957542256956,0.08613670957482832,0.08539963459640607,0.09637061684139094,0.08955330463794904,0.11181322503252669,0.10698853488971931,0.12556944702100326,0.12497644393682737,0.4947584271430969,0.4949225187301636,0.49550357460975647,0.49541082978248596,0.5115319788455963,0.5152832567691803,0.3615786135196686,0.36201515793800354,0.44772350788116455,0.44915926456451416,0.764034628868103,0.7590163052082062,-174.69093322753906,-174.40516662597656,1.4868173599243164,2.2571775913238525,-1.792248725891113,-1.9612932205200195,,,,,,,,,,,,,,,,,,,,,,,,,,,,,,,,
28,1.1666666666666667,28,1.1666666666666667,0.0,0.019225620618846844,0.02242568367297709,0.5450680118697107,0.5448769358806935,0.08774827398535875,0.08771812688021176,0.08710005622245243,0.08738750817752747,0.09645335257498251,0.08981535429909553,0.11138506785584015,0.10733341056094696,0.12560408010518156,0.12495971740077835,0.4947659969329834,0.4948684275150299,0.49587246775627136,0.49567991495132446,0.5114659667015076,0.5143997073173523,0.36166900396347046,0.3616497367620468,0.44763094186782837,0.44907742738723755,0.7651700675487518,0.7589082717895508,-173.7457733154297,-173.4287109375,0.8508053421974182,1.6951534748077393,-1.832326412200928,-1.9966151714324951,,,,,,,,,,,,,,,,,,,,,,,,,,,,,,,,
29,1.2083333333333333,29,1.2083333333333333,0.0,0.0164553120953527,0.018860092615755,0.5495432501805471,0.5477574937701932,0.08915907386912982,0.08779141144973011,0.08848028368147971,0.0873647362853307,0.09550707810489316,0.08900044952745904,0.11044300732469593,0.10781794978055763,0.12534079949139462,0.12450962319194833,0.49482038617134094,0.49473246932029724,0.4956497251987457,0.49565643072128296,0.5108897536993027,0.5148397982120514,0.3604591339826584,0.3605748116970062,0.4473485052585602,0.4478728771209717,0.7653703987598419,0.75810107588768,-172.7515411376953,-172.5412139892578,1.422441840171814,1.8747648000717165,-1.7585294246673584,-2.1252224445343018,,,,,,,,,,,,,,,,,,,,,,,,,,,,,,,,
30,1.25,30,1.25,0.0,0.028131536389908916,0.028124441566522912,0.5385382712999915,0.5406946167811654,0.08549162070026067,0.08656206590385936,0.0854806812304302,0.08683457424831442,0.09689515668948238,0.08875628021647605,0.11068682649033451,0.10549621280704918,0.12544348371201927,0.12506010119271735,0.4946635365486145,0.49464528262615204,0.49549609422683716,0.4944608509540558,0.5111373662948608,0.514864981174469,0.36050039529800415,0.36073748767375946,0.44634535908699036,0.4471225142478943,0.7659387588500977,0.7604373097419739,-174.18528747558594,-174.0156707763672,0.6573042869567871,2.612048864364624,-1.587824821472168,-1.7204384803771973,,,,,,,,,,,,,,,,,,,,,,,,,,,,,,,,
31,1.2916666666666667,31,1.2916666666666667,0.0,0.03306464318809902,0.03436300278712807,0.5272399697272874,0.5331786781748944,0.0853404134485492,0.08565798889299157,0.0853945490401655,0.08616687130748901,0.09586263929206218,0.08929559234871615,0.11081928156112435,0.10537334513165843,0.1254933790243342,0.12507881145238595,0.4946107119321823,0.4946233481168747,0.495482861995697,0.49483150243759155,0.5114127695560455,0.5151871293783188,0.36045166850090027,0.36030101776123047,0.44630518555641174,0.4464210271835327,0.7640853822231293,0.7603580057621002,-174.64450073242188,-174.62098693847656,0.78118234872818,1.7079709768295288,-1.7284011840820312,-1.6757920980453491,,,,,,,,,,,,,,,,,,,,,,,,,,,,,,,,
32,1.3333333333333333,32,1.3333333333333333,0.0,0.037481447036169395,0.036383088125787014,0.5198026353115931,0.5250722172782075,0.08537354081173974,0.08586000040864225,0.08512110602824285,0.08643203905593458,0.09432760149456727,0.08952813066378075,0.1101129685470645,0.10672063798250987,0.12522702258294485,0.12499061386812695,0.49469152092933655,0.4946313798427582,0.4956150949001312,0.494878351688385,0.5118779391050339,0.5155110210180283,0.36003993451595306,0.3603687137365341,0.4461461305618286,0.446900874376297,0.7642597258090973,0.7604404091835022,-174.99591064453125,-174.61566162109375,1.0867141485214233,1.7713453769683838,-1.8636995553970337,-1.7309763431549072,,,,,,,,,,,,,,,,,,,,,,,,,,,,,,,,
33,1.375,33,1.375,0.0,0.03900500502172784,0.03856626035480605,0.5195307265875928,0.5212164242292072,0.08504455244707701,0.0850366017300326,0.08495039416655109,0.08546057772981507,0.09440376209881217,0.08990013709539824,0.11049374822238553,0.10673386073321965,0.12543693009890045,0.12469493122320534,0.4944189786911011,0.4946766793727875,0.49550437927246094,0.49495548009872437,0.5115807503461838,0.5169321596622467,0.3602488934993744,0.3601933717727661,0.4462960660457611,0.4464678168296814,0.7645791471004486,0.7600471079349518,-175.13485717773438,-174.9379119873047,0.6423579454421997,1.7158411741256714,-1.8566218614578247,-1.6808751821517944,,,,,,,,,,,,,,,,,,,,,,,,,,,,,,,,
34,1.4166666666666667,34,1.4166666666666667,0.0,0.049060393540913995,0.04672289570529394,0.5149839472955694,0.5222603573081822,0.08376015304859097,0.08439059703054479,0.08342934425051368,0.08497835799942745,0.09342413386454361,0.08971030052949028,0.11049748741617,0.10755546067506704,0.1253847443349648,0.12469924210519684,0.49460962414741516,0.4944525361061096,0.49534326791763306,0.49461129307746887,0.5113580375909805,0.5165828466415405,0.35982057452201843,0.35998471081256866,0.44624993205070496,0.44656938314437866,0.7645252645015717,0.7597247362136841,-175.95960998535156,-175.64849853515625,1.7685179710388184,2.310427188873291,-1.9516071081161501,-1.775712013244629,,,,,,,,,,,,,,,,,,,,,,,,,,,,,,,,
35,1.4583333333333333,35,1.4583333333333333,0.0,0.05161009804244922,0.04844525435162089,0.5125289738404188,0.516463511738291,0.08284611990729565,0.08333719306831677,0.08282754538811901,0.08357492197216598,0.0960811183427544,0.09178047984326072,0.11317938579710594,0.10984845998306876,0.125659911058798,0.12474705379344926,0.49458011984825134,0.49454787373542786,0.4954942762851715,0.49508044123649597,0.5116107612848282,0.5165674537420273,0.35976600646972656,0.3601611256599426,0.4463752806186676,0.4473254680633545,0.7631936371326447,0.7605205476284027,-175.81924438476562,-175.42372131347656,1.2957448959350586,1.868919849395752,-1.919426202774048,-1.9391520023345947,,,,,,,,,,,,,,,,,,,,,,,,,,,,,,,,
36,1.5,36,1.5,0.0,0.04975318403059376,0.05193291928854436,0.5137881723337657,0.5165343795143544,0.08516592445938369,0.08674512419880437,0.08485573787125739,0.08659322636892967,0.0949537811178964,0.09032354159514126,0.11337694889212507,0.11001575528092165,0.1254239407055694,0.12435149683182113,0.4944862574338913,0.4944147765636444,0.4957837462425232,0.4956696033477783,0.5117280185222626,0.5167256146669388,0.3598812073469162,0.35994797945022583,0.4463981091976166,0.4466392695903778,0.7640410661697388,0.7607690095901489,-175.05792236328125,-175.0872344970703,0.8866208791732788,0.905161201953888,-2.1103734970092773,-2.2291009426116943,,,,,,,,,,,,,,,,,,,,,,,,,,,,,,,,
37,1.5416666666666667,37,1.5416666666666667,0.0,0.046933139096013037,0.04910581565378252,0.5221547111578492,0.5177971172182624,0.08544425268041378,0.08577158149379256,0.08466077005561533,0.08528825994799855,0.09309749982317249,0.08979946668670795,0.11153709671424276,0.10957760438173417,0.1253303742106011,0.12430286882147178,0.4941667914390564,0.4943265914916992,0.49552133679389954,0.4956180453300476,0.5113577842712402,0.5152059942483902,0.35951972007751465,0.3600689470767975,0.44528764486312866,0.44619372487068176,0.7637597918510437,0.7591987550258636,-174.6712646484375,-174.6936798095703,0.9106788039207458,1.0407490730285645,-2.200318574905396,-2.3119757175445557,,,,,,,,,,,,,,,,,,,,,,,,,,,,,,,,
38,1.5833333333333333,38,1.5833333333333333,0.0,0.04384162066081415,0.049934162417975554,0.5188213275745724,0.5145115119535351,0.08667349705194369,0.0862223024941576,0.08604084352527902,0.08608023275481157,0.09033948956444511,0.08824342111062752,0.10736574951581586,0.10817813028020422,0.12533771677214997,0.12410947850290577,0.49411360919475555,0.49421921372413635,0.4954770505428314,0.49542370438575745,0.5113435238599777,0.5151813626289368,0.3595763295888901,0.35958899557590485,0.4456336498260498,0.4452143609523773,0.7635089755058289,0.7585801184177399,-174.33497619628906,-174.6801300048828,0.8254036903381348,1.1825151443481445,-2.0911335945129395,-2.2718496322631836,,,,,,,,,,,,,,,,,,,,,,,,,,,,,,,,
39,1.625,39,1.625,0.0,0.046280028339238055,0.04979421121303371,0.5132359952082464,0.5091887298923818,0.0864359731183911,0.08634851140726775,0.0856447166082776,0.08616406296952786,0.09150065111454261,0.08782489491025129,0.10857424998517698,0.10801193625168738,0.12535152339142666,0.12448140825252103,0.493927001953125,0.4939698278903961,0.49535542726516724,0.4950281083583832,0.5111228823661804,0.5155247300863266,0.3594868332147598,0.359566867351532,0.44503670930862427,0.4452647268772125,0.763535350561142,0.7575065493583679,-174.32276916503906,-174.2498016357422,0.7648603320121765,1.4994887113571167,-2.128462314605713,-2.281939744949341,,,,,,,,,,,,,,,,,,,,,,,,,,,,,,,,
40,1.6666666666666667,40,1.6666666666666667,0.0,0.046622070517999374,0.04942737318455699,0.5157932173533322,0.5137573843953496,0.08612019136388702,0.08454515752262483,0.08524439990730094,0.08405979838939126,0.0930678658380372,0.08907877016142661,0.10960298227373957,0.10863306279115136,0.12543314445008136,0.12474849192440864,0.493623286485672,0.4937097281217575,0.49502694606781006,0.49465200304985046,0.5116278827190399,0.5157862901687622,0.3595268279314041,0.35974249243736267,0.4449519217014313,0.44541046023368835,0.7630899250507355,0.7572715580463409,-174.25050354003906,-174.1478271484375,0.7275027632713318,1.6218138933181763,-2.103206157684326,-2.2562427520751953,,,,,,,,,,,,,,,,,,,,,,,,,,,,,,,,
41,1.7083333333333333,41,1.7083333333333333,0.0,0.04630322332063792,0.05004526889886002,0.5200415155507374,0.5134938652154623,0.08501269806481622,0.08414992491363618,0.08409761884354802,0.08343036156929072,0.09348454230693785,0.08901147635738837,0.11051603113871544,0.1082994252364572,0.12512009700193985,0.12480325341626401,0.49355363845825195,0.4936947226524353,0.4948679804801941,0.49474573135375977,0.5115122199058533,0.5159202963113785,0.3596327006816864,0.35962899029254913,0.4451071619987488,0.44551384449005127,0.762846827507019,0.757773369550705,-174.27392578125,-174.04522705078128,0.963653028011322,1.4897305965423584,-2.130873441696167,-2.266688823699951,,,,,,,,,,,,,,,,,,,,,,,,,,,,,,,,
42,1.75,42,1.75,0.0,0.047131517201130346,0.048896656055397475,0.5166150965081078,0.512767818236253,0.08621858189723537,0.08492107740574534,0.08525876798678571,0.08437729168361102,0.09289384664320705,0.08843390650250861,0.1102665953414574,0.10787462719469168,0.12543171473743606,0.12490900961315993,0.4935191422700882,0.49368275701999664,0.4949675500392914,0.4948217570781708,0.5114163756370544,0.5161021947860718,0.3596857339143753,0.3595261722803116,0.44488394260406494,0.4454101622104645,0.7630937099456787,0.7576863765716553,-174.4010009765625,-173.9700164794922,0.7290310859680176,1.2739713191986084,-2.2102465629577637,-2.2773141860961914,,,,,,,,,,,,,,,,,,,,,,,,,,,,,,,,
43,1.7916666666666667,43,1.7916666666666667,0.0,0.04504303237023087,0.04665132971147998,0.5137032606360468,0.5172695326674452,0.08678571602818037,0.0841720065298842,0.08610565540237486,0.08357015920374043,0.09225854395792345,0.08899943775468834,0.11021113907661463,0.10819933938107844,0.12548159647612758,0.1249154444934781,0.493478462100029,0.49359723925590515,0.4951327443122864,0.4945816099643707,0.5113742351531982,0.5165639221668243,0.35944585502147675,0.359587699174881,0.44443565607070923,0.4453967809677124,0.762689620256424,0.7586973607540131,-174.42770385742188,-173.89044189453125,0.3971319794654846,1.4477720260620117,-2.256905317306519,-2.2157340049743652,,,,,,,,,,,,,,,,,,,,,,,,,,,,,,,,
44,1.8333333333333333,44,1.8333333333333333,0.0,0.029699232901519594,0.03771348507630635,0.5623463864521159,0.5488024956955668,0.08370250372575978,0.08206512010215915,0.08395850492549227,0.08248281804625288,0.09539543985533314,0.08954113862379713,0.1087585825969247,0.10768015497313538,0.12538661302943557,0.1251827030226766,0.4932083338499069,0.4934939444065094,0.49393346905708313,0.49387243390083313,0.5114753842353821,0.5164058208465576,0.35954810678958893,0.35959823429584503,0.44505271315574646,0.4451325237751007,0.7630578875541687,0.7591964900493622,-174.5167236328125,-174.6036376953125,0.3966580033302307,1.438068151473999,-1.5137654542922974,-1.8603703975677492,,,,,,,,,,,,,,,,,,,,,,,,,,,,,,,,
45,1.875,45,1.875,0.0,0.03267243529754144,0.037021937710909496,0.5772483597008036,0.564109604618439,0.0841789892775716,0.08213188548353918,0.08465699259575186,0.08298756410000034,0.09341516867918044,0.0902893408527633,0.10846997428789884,0.10768487666670654,0.12588327982046718,0.12512381768857916,0.4935704469680786,0.4937663823366165,0.49376142024993896,0.49348577857017517,0.5119132697582245,0.5161712467670441,0.3592739552259445,0.3589595854282379,0.4461154341697693,0.446903795003891,0.7627807557582855,0.7612529993057251,-173.6453857421875,-173.46380615234375,1.0871272087097168,2.377385377883911,-1.5575817823410034,-1.6368287801742554,,,,,,,,,,,,,,,,,,,,,,,,,,,,,,,,
46,1.9166666666666667,46,1.9166666666666667,0.0,0.033995373566321346,0.03679435161328375,0.5732150217883942,0.5690900379480507,0.08198094625129246,0.08140727444645127,0.08293391998363489,0.08240176015585411,0.09415437039542682,0.09063114992124865,0.10884589954497433,0.10801504885689917,0.12588776020387607,0.12484595270796865,0.49352745711803436,0.4935786724090576,0.49387940764427185,0.4935991168022156,0.5109038800001144,0.5158060491085052,0.35918572545051575,0.3589676320552826,0.4453850984573364,0.4463315010070801,0.76254603266716,0.7626931369304657,-174.05511474609375,-173.65850830078125,0.7104983329772949,1.74484384059906,-1.4560539722442627,-1.6295726299285889,,,,,,,,,,,,,,,,,,,,,,,,,,,,,,,,
47,1.9583333333333333,47,1.9583333333333333,0.0,0.035495516318827705,0.03963146602812032,0.5742817819142944,0.5693988795842133,0.08394477678106899,0.08158394663504485,0.08503638780889256,0.08259579485441196,0.09323621110544636,0.09102548650865287,0.1070905129981167,0.10844128057867025,0.1259109389965697,0.12480308565237723,0.49361176788806915,0.49371129274368286,0.4939095377922058,0.49362924695014954,0.5112305283546448,0.5156490802764893,0.35921531915664673,0.358945831656456,0.4457443356513977,0.44636398553848267,0.7624380886554718,0.7643276154994965,-173.6019287109375,-173.39195251464844,0.46841940283775335,1.6827884912490845,-1.3426671028137207,-1.6108664274215698,,,,,,,,,,,,,,,,,,,,,,,,,,,,,,,,
48,2.0,48,2.0,0.0,0.04068067995843455,0.039813214216260794,0.5801258027049941,0.5722620250978195,0.08367372677325237,0.08153994888818689,0.08469290963666765,0.08275374787990322,0.09336161674888117,0.09027989661991219,0.10715419169163029,0.10726476988703354,0.1257913702470301,0.12505093386711139,0.49357593059539795,0.49361054599285126,0.4938838481903076,0.49328675866127014,0.5112127810716629,0.5158680081367493,0.3592331111431122,0.3589535802602768,0.4457249939441681,0.4464528560638428,0.7624305784702301,0.7649348080158234,-173.61312866210938,-173.4493408203125,0.3987101912498474,1.9061529636383059,-1.3673113584518435,-1.5147427320480347,,,,,,,,,,,,,,,,,,,,,,,,,,,,,,,,
49,2.0416666666666665,49,2.0416666666666665,0.0,0.041270463818485245,0.0430231672645572,0.5829438943550764,0.5837674511441765,0.08319417314739219,0.08133006285182307,0.08465366472509588,0.08287900347456958,0.09399359667748076,0.09069531009701877,0.10823950429681596,0.10793372904010143,0.12581291181082596,0.12505059939547647,0.49363546073436737,0.49361610412597656,0.49381884932518005,0.4933488070964813,0.5111161172389984,0.5155422538518906,0.359389066696167,0.3591090142726898,0.4457987844944,0.4468035399913788,0.7622324526309967,0.7648873329162598,-173.47628784179688,-172.8845672607422,0.42627391219139105,1.6218788623809814,-1.3228751420974731,-1.517049789428711,,,,,,,,,,,,,,,,,,,,,,,,,,,,,,,,
50,2.0833333333333335,50,2.0833333333333335,0.0,0.042505865775634186,0.04375310034060184,0.5862276032871361,0.5868093769286353,0.08303375154742891,0.08173525037436896,0.08449341738555396,0.08318576004738613,0.09409471786296852,0.09065627663712665,0.10825814318535108,0.10736416567185761,0.12570050822622233,0.12518857869383393,0.49363645911216736,0.49364547431468964,0.49386143684387207,0.49326232075691223,0.511153519153595,0.5151524245738983,0.3593949228525162,0.3591500371694565,0.4459685981273651,0.4466995596885681,0.762633353471756,0.764171838760376,-173.35519409179688,-172.85879516601562,0.3338235318660736,1.6530206203460693,-1.3334044218063357,-1.4573347568511963,,,,,,,,,,,,,,,,,,,,,,,,,,,,,,,,
51,2.125,51,2.125,0.0,0.04380604781314629,0.04720245711586141,0.589335782121128,0.5908011925702414,0.08244167961188958,0.08230713016944699,0.08394005209450883,0.08379790134891615,0.09484722973424842,0.09085693359721574,0.10974961930882617,0.10784924347050458,0.12584675079347954,0.12500804453214964,0.49362584948539734,0.4935382455587387,0.4938964545726776,0.49332359433174133,0.5114195942878723,0.5151118785142899,0.3594626933336258,0.35934242606163025,0.4455971419811249,0.44673582911491394,0.7621628642082214,0.7638539373874664,-173.5086212158203,-172.8137969970703,0.308895081281662,1.3359694480895996,-1.3898683786392212,-1.5011191368103027,,,,,,,,,,,,,,,,,,,,,,,,,,,,,,,,
52,2.1666666666666665,52,2.1666666666666665,0.0,0.05225204919006602,0.051023736131895044,0.5896721114873807,0.5944085235100964,0.08210628861218225,0.08302521974916476,0.08363851954243864,0.08453491777069733,0.09432854012067489,0.08948084580316433,0.10875625397365003,0.10655504226354337,0.12594251006470297,0.12497404412262583,0.4935203790664673,0.4935528337955475,0.4938163459300995,0.4932718276977539,0.5112162679433823,0.5148632526397705,0.35947613418102264,0.35908374190330505,0.44577357172966003,0.4465098977088928,0.7620913684368134,0.7637798488140106,-173.50636291503906,-173.0343017578125,0.09317408502101898,1.378832459449768,-1.3538932800292969,-1.51334810256958,,,,,,,,,,,,,,,,,,,,,,,,,,,,,,,,
53,2.2083333333333335,53,2.2083333333333335,0.0,0.052965597121882445,0.05252152076831438,0.5908517324390389,0.5996951963029765,0.08189966989394949,0.08229853667170087,0.0838209799977446,0.08357143967729172,0.09478245525566649,0.09009098839455153,0.11006011561556363,0.10729825283546642,0.12638641629165534,0.12505878178551189,0.493572399020195,0.4934680759906769,0.49382755160331726,0.4934607148170471,0.5111039280891418,0.5147579461336136,0.359665110707283,0.3592122197151184,0.44616955518722534,0.4465199410915375,0.7627348303794861,0.7639806568622589,-173.30029296875,-173.13868713378906,0.28188806772232056,1.0657929182052612,-1.426037311553955,-1.6074389219284058,,,,,,,,,,,,,,,,,,,,,,,,,,,,,,,,
54,2.25,54,2.25,0.0,0.024667448726784755,0.02533132097984887,0.5755567848098254,0.5808153380949221,0.07926720177847604,0.08120418321054301,0.08151285904952478,0.08332200184604219,0.09785684730436975,0.09173561543638951,0.11315091841689653,0.10842901104700932,0.1260885793377945,0.12498696572822567,0.4936293661594391,0.4936710596084595,0.49375995993614197,0.49333685636520386,0.5091207474470139,0.5149243623018265,0.359561949968338,0.3593803197145462,0.44465914368629456,0.4455389678478241,0.7627550959587097,0.7636675536632538,-172.95590209960938,-172.54795837402344,0.8865442276000977,1.6980369091033936,-1.4110310077667236,-1.4208654165267944,,,,,,,,,,,,,,,,,,,,,,,,,,,,,,,,
55,2.2916666666666665,55,2.2916666666666665,0.0,0.018468636480319427,0.01918194585902444,0.5691406077143953,0.5770682453737745,0.08130189983763242,0.08107983432615988,0.08279987634909881,0.08249298644181968,0.0961660409477946,0.09299542314129092,0.1082942112626203,0.10675058176750475,0.12598387500202263,0.12482097288065669,0.4935346096754074,0.4938156008720398,0.49392497539520264,0.4933139979839325,0.509455680847168,0.5155302584171295,0.3591635376214981,0.35940611362457275,0.44410499930381775,0.44538360834121704,0.76115483045578,0.7619960904121399,-172.71397399902344,-172.34097290039062,0.4155389964580536,1.617006540298462,-1.1448113918304443,-1.1116056442260742,,,,,,,,,,,,,,,,,,,,,,,,,,,,,,,,
56,2.3333333333333335,56,2.3333333333333335,0.0,0.01895308095356918,0.01967296251551643,0.563050705093012,0.5755365868056066,0.08444099947920633,0.08049091420903949,0.08473286816516767,0.08156086960349124,0.09585389340170078,0.09212719554505913,0.10997067496202115,0.10765276822845792,0.12502808144304248,0.12512734555324523,0.4936075806617737,0.49357770383358,0.49453169107437134,0.4935207962989807,0.5095030069351196,0.5156159698963165,0.35954365134239197,0.3594779372215271,0.44414469599723816,0.44438600540161133,0.7606398463249207,0.7615100145339966,-172.7139129638672,-172.9950408935547,0.45920827984809875,1.398119330406189,-1.6613913774490356,-1.4457696676254272,,,,,,,,,,,,,,,,,,,,,,,,,,,,,,,,
57,2.375,57,2.375,0.0,0.024106332979545893,0.02326808630713345,0.5621314800886897,0.5602024946554437,0.0860968558179986,0.0834728122935733,0.08564469939478658,0.08365862172840816,0.09481939289355748,0.09056397362373154,0.1087938925917033,0.10619104117415629,0.1252885970805898,0.1250773862767662,0.4933413565158844,0.4938640296459198,0.49466899037361145,0.49380093812942505,0.5097523033618927,0.5158004313707352,0.35939960181713104,0.35908401012420654,0.44455504417419434,0.4449489712715149,0.759600967168808,0.7605214715003967,-172.6239776611328,-172.6129913330078,0.3995596766471863,2.0598087310791016,-1.843641996383667,-1.5683385133743286,,,,,,,,,,,,,,,,,,,,,,,,,,,,,,,,
58,2.4166666666666665,58,2.4166666666666665,0.0,0.033455168919806405,0.038415573950245224,0.5447085246829035,0.5442751602944488,0.08615944044770014,0.08189168424992271,0.08586734978363518,0.08252734607333752,0.09518962833596338,0.0911455110189728,0.10938536637438896,0.10717081517711022,0.12472591825496873,0.12491701567086244,0.4934128373861313,0.4935106933116913,0.4941139221191406,0.49365320801734924,0.5094828307628632,0.51506607234478,0.35895082354545593,0.35873788595199585,0.4433865547180176,0.4431183636188507,0.7589433789253235,0.7606610059738159,-174.77191162109375,-175.03930664062503,1.0508253574371338,1.3949474096298218,-1.7258089780807495,-1.6417381763458252,,,,,,,,,,,,,,,,,,,,,,,,,,,,,,,,
59,2.4583333333333335,59,2.4583333333333335,0.0,0.035620082626675334,0.039972031472650764,0.5374725048476745,0.5364862898697406,0.0850767974145277,0.08272210086396722,0.08544269223044569,0.08323320100182224,0.09577152325464021,0.09105225757824004,0.1094133167330152,0.10717290010414797,0.12535196316739114,0.12473251461296836,0.49339820444583893,0.4936096966266632,0.4941816031932831,0.49370917677879333,0.5092359781265259,0.5149236023426056,0.3585956394672394,0.3583824634552002,0.4432389736175537,0.44360992312431335,0.7598692178726196,0.7608874142169952,-174.9666748046875,-174.97438049316406,0.5160315632820129,1.7183728218078613,-1.587838053703308,-1.65755033493042,,,,,,,,,,,,,,,,,,,,,,,,,,,,,,,,
60,2.5,60,2.5,0.0,0.03776100387039809,0.04050998040862105,0.5306351384978906,0.5353347559382813,0.08560806211480211,0.08150626392462265,0.08523199364884698,0.0818429482337727,0.09618811545391509,0.09215791871963856,0.11074134085163648,0.108461859078568,0.12516389897443492,0.12473164785377068,0.4931955635547638,0.4934934079647064,0.4943429231643677,0.4939398765563965,0.5093065798282623,0.5146975517272949,0.35863693058490753,0.35804595053195953,0.44296032190322876,0.44253697991371155,0.7593748271465302,0.7607694566249847,-175.1515350341797,-175.35784912109375,0.40258198976516724,1.3014886379241943,-1.8666733503341675,-1.8034923076629639,,,,,,,,,,,,,,,,,,,,,,,,,,,,,,,,
61,2.5416666666666665,61,2.5416666666666665,0.0,0.04092565152563116,0.043085959450381454,0.5261364481034532,0.5341584008252532,0.0850873077433837,0.08112218579519145,0.08488142687158909,0.0814549534648516,0.09714493143361537,0.09160865518510147,0.1137927851481232,0.1087403730159641,0.12466831122515952,0.12459455140059217,0.49325260519981384,0.4934040307998657,0.4943599998950958,0.4938550889492035,0.5089521706104279,0.5143367201089859,0.3570059686899185,0.3571862131357193,0.4413493573665619,0.44055837392807007,0.7598128020763397,0.7598523795604706,-175.32420349121094,-175.90602111816406,0.7372879385948181,1.3626139163970947,-2.014679193496704,-1.8856396675109863,,,,,,,,,,,,,,,,,,,,,,,,,,,,,,,,
62,2.5833333333333335,62,2.5833333333333335,0.0,0.0424111019900521,0.04613492815764602,0.5317830423079277,0.5345856293010489,0.08442134010479366,0.0834746845813754,0.08481153380815326,0.08395174413033347,0.09637909506363368,0.08925713874925796,0.11398799914207286,0.10836393903429717,0.12502998304995552,0.12393256148908174,0.4931710660457611,0.4932728558778763,0.49430397152900696,0.4940541088581085,0.5089623630046844,0.5129365772008896,0.3558409512042999,0.35528941452503204,0.43928655982017517,0.4378308355808258,0.7594152688980103,0.7589239180088043,-175.91026306152344,-176.60191345214844,0.4244813919067383,0.9972501993179321,-1.9750959873199463,-2.1245498657226562,,,,,,,,,,,,,,,,,,,,,,,,,,,,,,,,
63,2.625,63,2.625,0.0,0.04519177047804955,0.046437490714264125,0.5379178110806174,0.5362869194278349,0.08645638463527794,0.08627015668149254,0.08609142159014085,0.08530618686879421,0.09823747293683051,0.09276782617273767,0.11404508516598659,0.1099280532812009,0.12447070979286817,0.12388249855563035,0.4931844621896744,0.49340957403182983,0.49414241313934326,0.4943042993545532,0.5087607204914093,0.5135396271944046,0.353879451751709,0.35378265380859375,0.4353254735469818,0.4351361393928528,0.7602500915527344,0.7586692869663239,-177.25401306152344,-177.15530395507812,0.37518829107284546,0.8101565241813661,-1.8580989837646487,-2.1039528846740723,,,,,,,,,,,,,,,,,,,,,,,,,,,,,,,,
64,2.6666666666666665,64,2.6666666666666665,0.0,0.04612093195203147,0.045904748443918474,0.532292274842627,0.5316289519448969,0.0856695203533883,0.08269120891046464,0.08567960740530024,0.08231705534463866,0.09774186416846439,0.09334999621969885,0.11315071810855959,0.10951676514043851,0.12509601816285273,0.12424701642537392,0.4932633936405182,0.49358269572257996,0.4944761097431183,0.4940451979637146,0.5087067186832428,0.5136407911777496,0.35354354977607727,0.35344183444976807,0.4342030882835388,0.43504106998443604,0.7589625418186188,0.7586910128593445,-177.5616912841797,-177.1605987548828,-0.3007326126098633,1.2672088146209717,-1.791027903556824,-1.8650883436203005,,,,,,,,,,,,,,,,,,,,,,,,,,,,,,,,
65,2.7083333333333335,65,2.7083333333333335,0.0,0.03728835761238815,0.04052181826231525,0.5292305987389084,0.5313827064707904,0.08506159451248467,0.08997716099953103,0.08309448143634171,0.08830452076617928,0.10424888927052385,0.09506020672582732,0.1175269629584311,0.11059495943300163,0.12449184475991121,0.1239570212105013,0.4929768145084381,0.4932013601064682,0.49459362030029297,0.4943135976791382,0.5087865889072418,0.5142358839511871,0.34849442541599274,0.34965066611766815,0.42971622943878174,0.43094271421432495,0.7606499791145325,0.7618885338306427,-176.73658752441406,-176.566162109375,-0.2906513214111328,0.8023200631141663,-2.0718202590942383,-2.1603310108184814,,,,,,,,,,,,,,,,,,,,,,,,,,,,,,,,
66,2.75,66,2.75,0.0,0.03447972477484919,0.03760412891336279,0.5285662091847434,0.5237800563761048,0.08381999676488783,0.09018854858369987,0.08165862951403491,0.0877562668282539,0.10701425598636034,0.10075487780803652,0.11735770143402664,0.11404196699129733,0.12544517987991896,0.12412602464720965,0.4937286376953125,0.4936579614877701,0.4944090247154236,0.4945099353790283,0.5090062618255615,0.5143648087978363,0.3459627628326416,0.3469099998474121,0.42524605989456177,0.42513105273246765,0.7605619728565216,0.7604316174983978,-177.6642303466797,-177.77842712402344,0.5663143992424011,0.8639767169952393,-1.56966233253479,-1.9431726932525637,,,,,,,,,,,,,,,,,,,,,,,,,,,,,,,,
67,2.7916666666666665,67,2.7916666666666665,0.0,0.034113470957175776,0.037219901017482605,0.5203983876081885,0.520828261548055,0.08125840646751582,0.08604841032029505,0.07938150896751436,0.08337749978848945,0.1113594909740675,0.10872110271527283,0.11892452539826924,0.1184295494130025,0.1255606705466843,0.12392524313057812,0.493725448846817,0.4939383417367935,0.4941607415676117,0.4946601986885071,0.5100578814744949,0.5144326090812683,0.3433787226676941,0.344375342130661,0.41979262232780457,0.42125803232192993,0.7595582902431488,0.759712278842926,-178.84552001953125,-178.31143188476562,0.37812575697898865,0.39929622411727905,-1.234963059425354,-1.6377320289611816,,,,,,,,,,,,,,,,,,,,,,,,,,,,,,,,
68,2.8333333333333335,68,2.8333333333333335,0.0,0.035110473858455185,0.037857909664643453,0.5373448582356048,0.5259773938521767,0.07961641096093204,0.08345137320945722,0.07803704373321904,0.08188730364607173,0.11515094599252883,0.10979961752495244,0.12060100540289768,0.11971262224980166,0.12283583643825578,0.1226211054746692,0.49456949532032013,0.4945513606071472,0.4946892261505127,0.49473169445991516,0.5098961740732193,0.5147217065095901,0.3432139605283737,0.3439916521310806,0.42006638646125793,0.4206763207912445,0.7599203288555145,0.7586690783500671,-178.87307739257812,-178.69912719726562,0.36808180809020996,0.874005913734436,-0.8266624212265015,-1.3546972274780273,,,,,,,,,,,,,,,,,,,,,,,,,,,,,,,,
69,2.875,69,2.875,0.0,0.03850063263759112,0.0377937551438336,0.5282194992353386,0.5151277189896128,0.04928392199764575,0.051736001845980435,0.046558053831329785,0.04841370110483169,0.16007660004029006,0.16094882784119063,0.15538316662984503,0.1651754083344244,0.12297918511297455,0.12207816608713028,0.49540556967258453,0.4958619475364685,0.49264445900917053,0.49258071184158325,0.5099618434906006,0.5168734192848206,0.34515324234962463,0.3449750542640686,0.41224658489227295,0.41358044743537903,0.7565702199935913,0.7543018460273743,-183.0986633300781,-181.96470642089844,3.8641676902770996,6.40699338912964,0.33659863471984863,-0.5994489789009095,,,,,,,,,,,,,,,,,,,,,,,,,,,,,,,,
70,2.9166666666666665,70,2.9166666666666665,0.0,0.03665680101271386,0.036803600412223574,0.5369527429568444,0.542329610181647,0.04617746267772687,0.047366673543993446,0.04317794361282638,0.043861317961765775,0.1724921398593007,0.16417727634517768,0.1593324843486142,0.16011846916294972,0.12369745439081375,0.12338235456947705,0.4957498759031296,0.49593719840049744,0.490398108959198,0.48926788568496704,0.5092637240886688,0.5165098160505295,0.3447733521461487,0.34382855892181396,0.40785807371139526,0.4080483913421631,0.7567799389362335,0.7557202577590942,-185.17330932617188,-184.7814483642578,6.59846830368042,9.307369232177734,1.2722208499908447,0.43116113543510437,,,,,,,,,,,,,,,,,,,,,,,,,,,,,,,,
71,2.9583333333333335,71,2.9583333333333335,0.0,0.03900798413390321,0.0383542978388031,0.5456244271937687,0.5400827623693217,0.04246999098926408,0.04849658902282444,0.04026176682483186,0.04481411156654014,0.17526734829682364,0.17397566593117245,0.15512241516224984,0.15558385235183755,0.12383788143052697,0.12412925963924314,0.4957428276538849,0.49641361832618713,0.4861510694026947,0.48591601848602295,0.5102269798517227,0.5168064534664154,0.34364789724349976,0.3448897749185562,0.4076356887817383,0.4087427258491516,0.757686585187912,0.7571593821048737,-184.83441162109375,-184.83836364746094,10.906426429748535,12.166245460510254,2.3991098403930664,2.3202250003814697,,,,,,,,,,,,,,,,,,,,,,,,,,,,,,,,
72,3.0,72,3.0,0.0,0.0399000421135558,0.040442655277695305,0.544005445417439,0.5358387032591979,0.04256558555654367,0.05126335358504833,0.039623238646117456,0.04942405837506581,0.17614986860639845,0.17247957434377328,0.15211456113725266,0.15510392700401457,0.12446347980232596,0.12325063087702433,0.495612233877182,0.4960271865129471,0.48718100786209106,0.48778456449508667,0.5103734135627747,0.5171408802270889,0.3448217958211899,0.34487324953079224,0.4085891842842102,0.4094259440898895,0.7577090859413147,0.7594560086727142,-184.86425781249997,-184.3999786376953,8.966849327087402,9.932649612426758,2.597714900970459,2.2102766036987305,,,,,,,,,,,,,,,,,,,,,,,,,,,,,,,,
73,3.0416666666666665,73,3.0416666666666665,0.0,0.0317481812639808,0.03804493521148928,0.5348419076462109,0.52675963017292,0.057008281731767224,0.060241466002933716,0.053122645851389746,0.05587951493867233,0.17296133737108893,0.1681835357423496,0.12889781833954553,0.12477662535670557,0.12543050864167504,0.12589854262468492,0.49784135818481445,0.4986308217048645,0.4825047552585602,0.48345452547073364,0.5106301754713058,0.5175439715385437,0.34709419310092926,0.34803712368011475,0.41526907682418823,0.4162517488002777,0.7554094195365906,0.7583979070186615,-182.5276947021484,-182.7624053955078,14.784181594848633,14.844580650329588,5.342853546142578,5.515323638916016,,,,,,,,,,,,,,,,,,,,,,,,,,,,,,,,
74,3.0833333333333335,74,3.0833333333333335,0.0,0.031607740951240894,0.03987755951367439,0.5372237836411219,0.5350753118324465,0.061161296159148885,0.0696379819731467,0.05896327346064794,0.06768586362280778,0.16951124414480453,0.16271269887484502,0.1151722964048857,0.10810737043924876,0.12720501646282417,0.12658478034406098,0.4998449832201004,0.5001504272222519,0.4851360023021698,0.48506906628608704,0.5106167942285538,0.5170128047466278,0.35260941088199615,0.35340793430805206,0.42061641812324524,0.42320218682289124,0.7553302347660065,0.752252459526062,-183.02813720703125,-181.9649658203125,12.214197158813477,12.788117408752441,6.309481620788574,6.612466812133789,,,,,,,,,,,,,,,,,,,,,,,,,,,,,,,,
75,3.125,75,3.125,0.0,0.030588878549253736,0.035729593282921496,0.533811021705082,0.5395469000790974,0.07333306663241214,0.07672387415220508,0.07065533058227313,0.07603307189379852,0.16454445533010248,0.15649429647635776,0.09736789824045479,0.0924105864724492,0.1273026547936208,0.1268822154731403,0.5021761059761047,0.5028751492500305,0.4874991476535797,0.488389790058136,0.5114558339118958,0.5176356583833694,0.35817620158195496,0.3589211702346802,0.431708961725235,0.4335058033466339,0.7549338638782501,0.7541773617267609,-179.8396453857422,-179.61170959472656,11.852370262145996,11.625983238220215,7.518803596496582,7.564697265625,,,,,,,,,,,,,,,,,,,,,,,,,,,,,,,,
76,3.1666666666666665,76,3.1666666666666665,0.0,0.0339856810248044,0.037540966935648214,0.5413282963512984,0.5346257045875347,0.0739113435412427,0.07852553695465973,0.07166608772243419,0.07818595762322046,0.16290594486000826,0.15298299213175504,0.09620954750330774,0.09049715548299331,0.1253510323580707,0.12468069966098563,0.5023096799850464,0.5027051866054535,0.48802030086517334,0.48782041668891907,0.5122456550598145,0.5165363848209381,0.3583390563726425,0.3589402288198471,0.4319775402545929,0.433613121509552,0.7543943524360657,0.7547701597213745,-179.87796020507812,-179.26771545410156,12.239429473876953,13.449997901916504,7.337198734283448,7.4590654373168945,,,,,,,,,,,,,,,,,,,,,,,,,,,,,,,,
77,3.2083333333333335,77,3.2083333333333335,0.0,0.0424070470372029,0.05050236271613322,0.5614264895538053,0.5541453068971789,0.07791200590414371,0.08235906481499079,0.07706966267323019,0.08199524772784522,0.16603831766774493,0.15944250529900772,0.09222503432398821,0.0893574603105934,0.12702952435531448,0.1258945859508805,0.5077854543924332,0.5074745267629623,0.49300989508628845,0.4941729009151459,0.5128151774406433,0.5179001092910767,0.36529918015003204,0.3657563179731369,0.442343533039093,0.4440002143383026,0.7549940645694733,0.7578986287117004,-178.61984252929688,-178.37245178222656,10.928451538085938,10.232758522033691,8.352042198181152,7.985682010650635,,,,,,,,,,,,,,,,,,,,,,,,,,,,,,,,
78,3.25,78,3.25,0.0,0.030314571381795302,0.036599732742123366,0.5504908145171539,0.5446613035802034,0.07768334100131387,0.0827809799810622,0.07693737540074916,0.08409485002306953,0.15269370058621912,0.14157495999252573,0.08380597065935705,0.07926859981461173,0.1277829117042521,0.12781702892934985,0.5094286501407623,0.5095015466213226,0.4974789619445801,0.4968160092830658,0.5125517547130585,0.5180983394384384,0.3652661591768265,0.3646351546049118,0.4423634111881256,0.4431057870388031,0.7535772323608398,0.7587162852287292,-179.30044555664062,-178.8558349609375,8.53225326538086,9.968289375305176,7.681660175323487,7.585931301116944,,,,,,,,,,,,,,,,,,,,,,,,,,,,,,,,
79,3.2916666666666665,79,3.2916666666666665,0.0,0.03260029170948888,0.04018230936282097,0.5450098541532254,0.54197437674426,0.07856420528918356,0.08248919671506245,0.08001122080249629,0.08465983244488867,0.1454471795746336,0.14064884103351905,0.08198532184663768,0.07965552427423084,0.129282514986911,0.12803481964238106,0.5112257599830627,0.5112300217151642,0.49907341599464417,0.4985784590244293,0.5118403285741806,0.517658144235611,0.3634635657072067,0.3631572723388672,0.43990758061408997,0.441018283367157,0.756730318069458,0.7587023675441742,-180.2777862548828,-179.31466674804688,8.744572639465332,10.024331092834473,7.616718292236327,7.708384990692139,,,,,,,,,,,,,,,,,,,,,,,,,,,,,,,,
80,3.3333333333333335,80,3.3333333333333335,0.0,0.033075946114899904,0.0416047486381309,0.5428861811019686,0.541502777682804,0.07755490145885435,0.08277564497160035,0.07873121866827733,0.08475380218403931,0.14505402129042752,0.13768921326774552,0.08244473796167759,0.07828342721210377,0.12917596434892845,0.12805933756659085,0.5117313116788864,0.5114883929491043,0.4999523460865021,0.4992159307003021,0.5119497776031494,0.5181031823158264,0.362995982170105,0.36297744512557983,0.4402630627155304,0.4405388832092285,0.7570441365242004,0.7583194971084595,-179.865234375,-179.4345703125,8.599857330322267,9.746064186096191,7.48954153060913,7.542732238769532,,,,,,,,,,,,,,,,,,,,,,,,,,,,,,,,
81,3.375,81,3.375,0.0,0.04042282872400534,0.0427042525196161,0.5423059930506869,0.5469037979759606,0.07718955518233972,0.08020053024969785,0.0795538974088104,0.08322382289988858,0.14197192589656168,0.13906868404459238,0.08257516739827814,0.08344703272380198,0.12960512440816,0.12899007353372843,0.5132693499326706,0.5132651031017303,0.5029087662696838,0.5029950737953186,0.5105533599853516,0.5187491178512573,0.361801341176033,0.3621332049369812,0.4382420480251312,0.4393068850040436,0.7567192912101746,0.7601675093173981,-180.60385131835932,-180.2031707763672,6.948491573333741,7.109845161437988,7.348154067993164,7.170884609222412,,,,,,,,,,,,,,,,,,,,,,,,,,,,,,,,
82,3.4166666666666665,82,3.4166666666666665,0.0,0.04109361573234477,0.05067031150335194,0.5564870994854644,0.5561795766041909,0.07972857153621377,0.08301873970515952,0.08172839328748195,0.08566776353872511,0.1407185510369527,0.1360506297906636,0.08295268841859112,0.08253498856278609,0.1289950773993963,0.1280305293202494,0.5133826285600662,0.5133708864450455,0.5038591027259827,0.5039438605308533,0.5112589597702026,0.518894612789154,0.36312276124954224,0.36246298253536224,0.440997451543808,0.44064196944236755,0.7555385529994965,0.7607144713401794,-180.16116333007807,-180.06541442871094,5.932533264160156,6.414692401885987,7.010083198547363,6.778537273406982,,,,,,,,,,,,,,,,,,,,,,,,,,,,,,,,
83,3.4583333333333335,83,3.4583333333333335,0.0,0.030353955814334557,0.03695676272583012,0.5597286363291597,0.5499634171493151,0.07830992027737751,0.08295091620894217,0.07986040039887896,0.08470877420572802,0.1416333672367622,0.13765139431974274,0.08407455019202172,0.082689157890887,0.12816449640668112,0.12767058930351657,0.5134585052728653,0.513281837105751,0.5043608546257019,0.5042569041252136,0.5111837238073349,0.5187474489212036,0.36520226299762726,0.36435581743717194,0.44368091225624084,0.44506391882896423,0.7572700083255768,0.7600179314613342,-179.48722839355466,-178.59242248535156,5.609338283538818,5.835292816162109,6.878291606903076,6.8527140617370605,,,,,,,,,,,,,,,,,,,,,,,,,,,,,,,,
84,3.5,84,3.5,0.0,0.029341430297587828,0.03696698041134873,0.5598291719621731,0.5499579498491802,0.08069855142569927,0.08283604764490375,0.08252351885452952,0.08475421786670165,0.13888672668810034,0.13807595460715083,0.08142732856075155,0.0820029903320923,0.12824125258359967,0.12770283746952665,0.5136051028966904,0.513429805636406,0.5041645765304565,0.5046249628067017,0.5108655691146851,0.5184073448181152,0.3652511537075043,0.36447227001190186,0.44418758153915405,0.44562336802482605,0.7566412389278412,0.7582951784133911,-178.98992919921872,-177.97866821289062,5.811790466308594,5.058526515960693,7.060197830200196,6.99122953414917,,,,,,,,,,,,,,,,,,,,,,,,,,,,,,,,
85,3.5416666666666665,85,3.5416666666666665,0.0,0.019871390658498595,0.024633679027982285,0.5628277924970989,0.5591004907022628,0.07986768551675807,0.08164972976703341,0.08200898795822567,0.08391490238601146,0.13720314302519293,0.13974175322956536,0.08160852883955988,0.08395403838015467,0.12841746738510973,0.1273900138919347,0.513344794511795,0.5133292376995087,0.5049999356269836,0.5047879219055176,0.5108758211135864,0.5175585448741913,0.3658522069454193,0.3655613511800766,0.4457343816757202,0.44572561979293823,0.7556042969226837,0.7563496828079224,-176.98727416992185,-176.8184051513672,4.07064151763916,4.240242004394531,6.923925399780273,7.090211391448975,,,,,,,,,,,,,,,,,,,,,,,,,,,,,,,,
86,3.5833333333333335,86,3.5833333333333335,0.0,0.019145518161502038,0.02333452515650461,0.5670876212681202,0.5641690713843156,0.07950795734141068,0.08108065862561974,0.08136554448108234,0.08322661457701475,0.13826431266490632,0.1388875853413425,0.08281339679561081,0.0850199434039464,0.12855374826722143,0.12736538084563506,0.5131722092628479,0.513052836060524,0.5049303770065308,0.5050276517868042,0.5108267962932587,0.5173556208610535,0.36527618765830994,0.3646734654903412,0.4441559314727783,0.44415283203125,0.7545633018016815,0.7556584179401398,-177.27503967285153,-176.92489624023438,3.977224588394165,3.7436146736145024,6.853653430938721,6.8465576171875,,,,,,,,,,,,,,,,,,,,,,,,,,,,,,,,
87,3.625,87,3.625,0.0,0.025346636996377986,0.03215335809763868,0.5692186935135797,0.5665588929011831,0.080384655047515,0.08354672744333051,0.08190534847668987,0.08557705823028755,0.136752626806448,0.13600047308837931,0.08313738379970802,0.0840589323889373,0.12799873388310667,0.1270044970608168,0.512709379196167,0.5126199871301651,0.5044471025466919,0.5049039125442505,0.5109332799911499,0.5177830755710602,0.3638860285282135,0.36269141733646393,0.4426034986972809,0.44265443086624146,0.7545078992843628,0.7570986449718475,-178.43026733398432,-177.87704467773438,4.544199466705322,4.091189861297607,6.501237869262695,6.417647361755371,,,,,,,,,,,,,,,,,,,,,,,,,,,,,,,,
88,3.6666666666666665,88,3.6666666666666665,0.0,0.03375433997448367,0.035503342710759514,0.5574936157192723,0.5613363813981577,0.07704431718095898,0.08310433070388817,0.07892854175156257,0.08513097918278861,0.13955287156363308,0.13514549687132618,0.08532076919412633,0.08323871027882108,0.1278126540425731,0.12757687908625925,0.5128916054964066,0.5126654803752899,0.5047537088394165,0.5050775408744812,0.5111915469169617,0.5170133411884308,0.3636137545108795,0.36269524693489075,0.44015371799468994,0.44141095876693726,0.7542397081851959,0.7565785646438599,-180.068130493164,-178.84315490722656,4.697207450866699,4.170892715454102,6.519068241119385,6.351334095001221,,,,,,,,,,,,,,,,,,,,,,,,,,,,,,,,
89,3.7083333333333335,89,3.7083333333333335,0.0,0.04844230274180166,0.041782259750439574,0.541478335482101,0.5393193638147348,0.04214329866077275,0.05393492132562819,0.04354222278543186,0.055299953075937526,0.18311228635911977,0.17286079334040033,0.13415738568456978,0.12516734106090976,0.1274212810840027,0.1272066040186222,0.5122285634279251,0.5122018158435822,0.5059954524040222,0.5051599144935608,0.5115261375904083,0.5175217539072037,0.36435577273368835,0.3642744719982147,0.4344111680984497,0.43858012557029724,0.7564351260662079,0.7539107799530029,-183.17346191406244,-180.69577026367188,3.673372030258179,4.404386043548584,5.7057228088378915,5.925804138183594,,,,,,,,,,,,,,,,,,,,,,,,,,,,,,,,
90,3.75,90,3.75,0.0,0.05786965045903116,0.061481333482714166,0.544857940791924,0.5501640547886864,0.052723867775709254,0.05830347891826002,0.053330669563943014,0.05993090712172271,0.17058076147283116,0.1701655968455393,0.12392325311982917,0.1258240222580619,0.12690620403117786,0.12613768129717462,0.5125032961368561,0.5125420242547989,0.5074370503425598,0.5069969892501831,0.5112574398517609,0.518470510840416,0.3575269281864166,0.35780076682567596,0.42772406339645386,0.4305379092693329,0.7579904794692993,0.752708226442337,-183.14639282226557,-181.57716369628903,2.351517915725708,3.0952138900756836,5.450917720794678,5.388360023498535,,,,,,,,,,,,,,,,,,,,,,,,,,,,,,,,
91,3.7916666666666665,91,3.7916666666666665,0.0,0.08022850967184669,0.08522837729594342,0.5553437585015151,0.57338810041052,0.06583723658156278,0.06408638565438228,0.06594073534478491,0.06426260695423376,0.15416935905064635,0.1588824784007181,0.1107164263297958,0.11694816787011371,0.12720690539362908,0.12617775022223515,0.5127817541360855,0.5129114389419556,0.5088639259338379,0.5083580613136292,0.5116234570741653,0.5181391835212708,0.3518397957086563,0.3518889248371124,0.42220839858055115,0.42403942346572876,0.7596940398216248,0.7522761225700378,-182.91313171386713,-181.96437072753906,0.7745885252952576,1.6602990627288818,4.945550918579102,4.9390549659729,,,,,,,,,,,,,,,,,,,,,,,,,,,,,,,,
92,3.8333333333333335,92,3.8333333333333335,0.0,0.06752686608288729,0.07372634167185267,0.5466434283471273,0.5558023254250462,0.0631372868769301,0.06529889234100866,0.06338832545534201,0.06560346451151045,0.16464828589994765,0.1637039575894197,0.12079513961878831,0.11883797729092187,0.12716871818436737,0.12630961580633213,0.5125905424356461,0.5131065249443054,0.5084754228591919,0.5088156461715698,0.5114613771438599,0.5184969007968903,0.35160650312900543,0.3518075942993164,0.42185911536216736,0.4239928424358368,0.7596897482872009,0.7513468563556671,-182.56990051269526,-181.84506225585938,0.8688420653343201,0.9603485465049744,5.08816385269165,5.248861789703369,,,,,,,,,,,,,,,,,,,,,,,,,,,,,,,,
93,3.875,93,3.875,0.0,0.06019602986644034,0.07136694159513764,0.545196890275815,0.5497218231299846,0.07215195533714974,0.07696758128722966,0.07288199012744148,0.07733373510225035,0.14904276385673165,0.14204847236734636,0.11078035507412419,0.10649025456963626,0.1270902184021748,0.12700209804778476,0.5130562484264374,0.5130277723073959,0.5114507675170898,0.511627733707428,0.5115069001913071,0.5181932002305984,0.3469354510307312,0.34652960300445557,0.41790544986724854,0.4180834889411926,0.7605049014091492,0.7523878812789917,-182.24789428710932,-182.0138397216797,-2.0917775630950928,-2.3181800842285156,4.364450931549072,4.132483005523682,,,,,,,,,,,,,,,,,,,,,,,,,,,,,,,,
94,3.9166666666666665,94,3.9166666666666665,0.0,0.03677068263905196,0.04488776924214475,0.5458559632717054,0.5314169038289307,0.0715096331067809,0.07567189277597815,0.07185041733344011,0.0761359441497545,0.15425473121007555,0.15163123319718763,0.11626441406005483,0.11521923540932391,0.12483702471798806,0.12454810914767321,0.5124665796756744,0.5129730701446533,0.5110770463943481,0.5113896131515503,0.5105343461036682,0.5180345177650452,0.3483409881591797,0.34820470213890076,0.42115649580955505,0.42170628905296326,0.7596985697746277,0.7521272599697113,-181.38839721679682,-180.74562072753903,-2.7286593914031982,-2.810330629348755,4.374277591705323,4.294994831085205,,,,,,,,,,,,,,,,,,,,,,,,,,,,,,,,
95,3.9583333333333335,95,3.9583333333333335,0.0,0.026750375778415894,0.030527694712236268,0.5203847943961243,0.5177529130268047,0.07901142912384414,0.07834535782593298,0.07872144548476331,0.07839541796500572,0.1418930891161245,0.14372506034602625,0.11301970807153837,0.11405091122586869,0.12465365426012329,0.12412408051066318,0.5116424858570099,0.5120904892683029,0.5106800198554993,0.5118569731712341,0.509611189365387,0.5188077092170715,0.3492889404296875,0.349332720041275,0.4239963889122009,0.42441052198410034,0.7592414021492004,0.7533029317855835,-180.26721191406244,-179.97305297851562,-2.5543885231018066,-4.507934093475342,3.2642855644226074,3.371699571609497,,,,,,,,,,,,,,,,,,,,,,,,,,,,,,,,
96,4.0,96,4.0,0.0,0.02141684596383175,0.02556573854556771,0.5178592113002852,0.5210148139260036,0.08006549187138859,0.0798505429202102,0.07920336473529938,0.07978178715160261,0.14780062225885518,0.14628386432056273,0.11811939841379629,0.1175912302235187,0.124254896453377,0.1246337969813753,0.5114058256149292,0.5119270831346512,0.5104891061782837,0.5108621120452881,0.5088533461093903,0.5189333111047745,0.348943829536438,0.34872621297836304,0.4250829815864563,0.42658907175064087,0.7590924799442291,0.7552948892116547,-179.525650024414,-178.90664672851562,-2.806342124938965,-3.1830432415008545,3.3303067684173584,3.332106113433838,,,,,,,,,,,,,,,,,,,,,,,,,,,,,,,,
97,4.041666666666667,97,4.041666666666667,0.0,0.022880978559806055,0.0230628248007692,0.5121172964054329,0.506049948183331,0.07817238695390104,0.07911687834359227,0.07742753178201763,0.07896958593281667,0.14702296341219726,0.1443271070304908,0.11697848711696947,0.11621510259921564,0.12438910909141579,0.12394791030118694,0.5108279287815094,0.5112882405519485,0.5096232891082764,0.5096579790115356,0.5091302692890167,0.5197064727544785,0.3467021584510803,0.34747108817100525,0.4218643307685852,0.42171168327331543,0.7600071430206299,0.7581096887588501,-179.62670898437497,-179.70187377929688,-2.438208818435669,-1.366542935371399,3.4210700988769536,3.4994568824768066,,,,,,,,,,,,,,,,,,,,,,,,,,,,,,,,
98,4.083333333333333,98,4.083333333333333,0.0,0.026708428337211165,0.03446012311379803,0.5113312525373385,0.5122652020101952,0.08018013150136553,0.07999063804022609,0.07902525223228819,0.0789634258073661,0.1474554723472232,0.14713669168407792,0.11697857411336392,0.11858347888515734,0.12422650685471373,0.12363545285819189,0.5105537176132202,0.5110775232315063,0.5093392729759216,0.509593665599823,0.5095628201961517,0.520656019449234,0.34568093717098236,0.345100075006485,0.4203985035419464,0.42018231749534607,0.760746955871582,0.7596734762191772,-179.92350769042966,-180.020751953125,-2.590731143951416,-2.2654659748077393,3.4552335739135747,3.271785020828247,,,,,,,,,,,,,,,,,,,,,,,,,,,,,,,,
99,4.125,99,4.125,0.0,0.035511618718047804,0.047171612214721804,0.501666110707822,0.49380883956738647,0.07836637517707341,0.08135659578428672,0.07739254077980695,0.07965476847037174,0.14668075953572413,0.14774500568786433,0.11664108192133849,0.11545828711009462,0.12407861076183763,0.12393393220238538,0.5102956891059875,0.5107874274253845,0.5089150071144104,0.5094155073165894,0.5093078017234802,0.520195797085762,0.34459199011325836,0.3447951227426529,0.41768255829811096,0.4181164503097534,0.7626515030860901,0.7595489323139191,-180.63121032714844,-180.5411376953125,-2.742691993713379,-2.7510862350463867,3.4443511962890625,3.5241260528564453,,,,,,,,,,,,,,,,,,,,,,,,,,,,,,,,
100,4.166666666666667,100,4.166666666666667,0.0,0.05380706198500612,0.05217278928601438,0.48883689024962107,0.48561771548408295,0.07643123278497897,0.08123896746339716,0.07500073758895082,0.08013850912459597,0.14589017440576435,0.1450729180339822,0.11515742274236944,0.11138294457755596,0.12438961548748281,0.12482203697842817,0.5103627443313599,0.5109214782714844,0.5090811252593994,0.509382426738739,0.5100384801626205,0.5198061019182205,0.3445471227169037,0.3443823903799057,0.4143141508102417,0.41649383306503296,0.761544406414032,0.7586711049079895,-182.23075866699216,-181.02635192871094,-2.784524917602539,-2.866764545440674,3.414325714111328,3.7281363010406494,,,,,,,,,,,,,,,,,,,,,,,,,,,,,,,,
101,4.208333333333333,101,4.208333333333333,0.0,0.06924283494255885,0.06706601504828014,0.5287028495043619,0.5256090667235014,0.07323589448664093,0.07665157191225247,0.0723510621985598,0.07600482197596531,0.14810602665404687,0.1506473700849281,0.11380424103860547,0.11343653147858555,0.12494005821314433,0.125076981556318,0.5102510154247284,0.5108111649751663,0.5093700289726257,0.5097554326057434,0.5100573301315308,0.5194577276706696,0.3441099673509598,0.34418368339538574,0.4141940772533417,0.414480060338974,0.7621505856513977,0.7592216432094574,-182.6521759033203,-182.50653076171875,-3.4635379314422607,-3.583255767822266,3.89827561378479,4.24693489074707,,,,,,,,,,,,,,,,,,,,,,,,,,,,,,,,
102,4.25,102,4.25,0.0,0.08812925910194812,0.08219072007337692,0.591292162330099,0.584032706364368,0.0649571961855011,0.0738133281589405,0.06372973217714396,0.07289749741347994,0.15807837104609943,0.15066118172314946,0.12245395205366108,0.11390096338101523,0.1251849714316218,0.12559281555782995,0.5106057524681091,0.5104500949382782,0.5090007781982422,0.5097875595092773,0.5105272829532623,0.5190028101205826,0.3440765142440796,0.344060942530632,0.41170886158943176,0.4129871129989624,0.760811060667038,0.7600892782211304,-183.6137237548828,-183.08779907226562,-1.5106573104858398,-2.9425699710845947,3.9895577430725098,4.059959411621094,,,,,,,,,,,,,,,,,,,,,,,,,,,,,,,,
103,4.291666666666667,103,4.291666666666667,0.0,0.1041497379966396,0.10330706661644329,0.618318068947233,0.6168942549226923,0.047714705579006075,0.0475889266551847,0.04602516147700642,0.046026295635896046,0.16955221666619646,0.17053567854141474,0.14014817324489046,0.1422652598636093,0.12378596618419067,0.12303455420079655,0.5101608037948608,0.5098962783813477,0.5087798237800598,0.5094927549362183,0.5101489722728729,0.5204483270645142,0.3439817577600479,0.3449096828699112,0.40628254413604736,0.4083584249019623,0.7614077925682068,0.7587243020534515,-185.83836364746094,-185.35581970214844,0.24309019744396212,-1.4423030614852905,3.0325794219970703,3.0012624263763428,,,,,,,,,,,,,,,,,,,,,,,,,,,,,,,,
104,4.333333333333333,104,4.333333333333333,0.0,0.09977981404251712,0.10165989143554655,0.6263876252707506,0.6254129747069842,0.046686428301348164,0.0450897037499125,0.044697838348793324,0.04280550537663783,0.16933117491855781,0.17802282075002937,0.14089167425833415,0.14902690803233737,0.12366530473129843,0.12280814370127945,0.5101510435342789,0.5101410001516342,0.5084502696990967,0.5089995265007019,0.5100036859512329,0.5202877074480057,0.34426845610141754,0.34516118466854095,0.4053165316581726,0.4076814651489258,0.7605768442153931,0.7582853138446808,-186.54727172851562,-185.98043823242188,0.8333015441894531,-0.24293762445449832,2.993332862854004,3.0536229610443115,,,,,,,,,,,,,,,,,,,,,,,,,,,,,,,,
105,4.375,105,4.375,0.0,0.08942378198089566,0.09362046369887951,0.6218748132130109,0.6258164174949857,0.050644181303951936,0.0520444235244449,0.04764096244127947,0.04987254983922064,0.17210537018348057,0.17290829063893276,0.1348420807533685,0.13958447924501632,0.12432823616591701,0.1232436501226341,0.5103940516710281,0.5099051743745804,0.5082918405532837,0.50859534740448,0.5095651149749756,0.5218053162097931,0.33787141740322113,0.3379283845424652,0.39765769243240356,0.3990005552768707,0.7625299096107483,0.7539851069450378,-187.00735473632812,-186.12142944335938,0.4364166557788849,-0.6423729062080383,3.7982168197631836,3.492861270904541,,,,,,,,,,,,,,,,,,,,,,,,,,,,,,,,
106,4.416666666666667,106,4.416666666666667,0.0,0.07478976933361992,0.07147331770156856,0.6201602795914601,0.6118492227762168,0.05710460214858295,0.062228396155671724,0.0545941680216566,0.060453257557478345,0.16688939563268998,0.1638870699934526,0.12884957637045386,0.1309665741440311,0.12402499281155382,0.1235359852968209,0.5103294998407364,0.5103414058685303,0.5087279081344604,0.5086395144462585,0.5095360577106476,0.5207248330116272,0.33490224182605743,0.33546604216098785,0.39510342478752136,0.39651885628700256,0.7616339921951294,0.7571898400783539,-186.63906860351562,-186.0951690673828,-0.17289435863494873,-0.17092402279376984,3.8423354625701904,3.4345412254333496,,,,,,,,,,,,,,,,,,,,,,,,,,,,,,,,
107,4.458333333333333,107,4.458333333333333,0.0,0.06921840255487904,0.06663240047202011,0.6102215045621556,0.6115129392070199,0.061342420596634695,0.06718669240003362,0.05884300052007675,0.0660977928765187,0.16366409588745665,0.15826085484704808,0.12836013424044207,0.1271540413062643,0.12390576544089317,0.12400774977918026,0.5100080370903015,0.5098324567079544,0.5092958211898804,0.5084177851676941,0.5090953558683395,0.5206331610679626,0.33339114487171173,0.3339083641767502,0.3927149772644043,0.3944571018218994,0.7608618438243866,0.7580084800720215,-186.95997619628906,-186.48760986328125,-1.0937174558639526,-0.36130478978157043,3.5645439624786377,3.3445017337799072,,,,,,,,,,,,,,,,,,,,,,,,,,,,,,,,
108,4.5,108,4.5,0.0,0.08312300517398584,0.07242489532132133,0.602942769362935,0.6091408030171934,0.0723839948918145,0.07201904101057967,0.07001446684366454,0.07057889179343926,0.15013509520796467,0.15101285616829394,0.11602216098067233,0.12026024975100946,0.12406705046280089,0.12395279870623117,0.510034829378128,0.5100858807563782,0.5100151896476746,0.5097727179527283,0.5088133662939072,0.5202062875032425,0.3327260911464691,0.3330875039100647,0.3951180875301361,0.3948247730731964,0.7609345316886902,0.7578687965869904,-185.49139404296875,-185.98489379882812,-2.269150972366333,-1.8104401826858523,3.47369384765625,3.2954697608947754,,,,,,,,,,,,,,,,,,,,,,,,,,,,,,,,
109,4.541666666666667,109,4.541666666666667,0.0,0.08250849028751797,0.0817534310151588,0.6009302448721168,0.6020386979725506,0.07162729033817809,0.0742080437918141,0.06896553885604192,0.07245444077602624,0.15073306735530329,0.1480580157718209,0.11707053109620992,0.11608486720002734,0.12484160587865568,0.12410444083425662,0.5100105851888657,0.5099486261606216,0.5092747807502747,0.5098209381103516,0.5088019073009491,0.5194534063339233,0.3331345170736313,0.33304235339164734,0.3969865143299103,0.39759209752082825,0.7612827718257904,0.7575297355651855,-184.9991912841797,-184.62774658203125,-1.3170689344406128,-2.619497299194336,3.428231239318848,3.42429518699646,,,,,,,,,,,,,,,,,,,,,,,,,,,,,,,,
110,4.583333333333333,110,4.583333333333333,0.0,0.08137700363812393,0.07762446062388778,0.5898085619234648,0.5908276087595328,0.06835899636905743,0.07198981789687937,0.06575238190483557,0.07026416554174778,0.15977770361641286,0.15171586773320597,0.12448381233856362,0.11803584923641013,0.1252644068242992,0.12504160085033394,0.5101458728313446,0.5102375149726868,0.5093954801559448,0.5097606778144836,0.5086007863283157,0.5205150842666626,0.33570535480976105,0.3348830044269562,0.40120065212249756,0.4014873504638672,0.7613541483879089,0.7571772933006287,-184.47021484375,-183.9373016357422,-2.1621737480163574,-2.718388795852661,3.8036849498748784,3.6431012153625493,,,,,,,,,,,,,,,,,,,,,,,,,,,,,,,,
111,4.625,111,4.625,0.0,0.06026408516112839,0.056587064065499536,0.5894487224937582,0.5751291897099551,0.07295731908851777,0.07445260418674068,0.07088892488756783,0.0727451296083854,0.15737253400101917,0.1541387738031553,0.12313197011540987,0.1206764746416366,0.12429687690305587,0.12521642808212277,0.5097338259220123,0.5103965699672699,0.5089462399482727,0.5094919800758362,0.5091597884893417,0.5200748443603516,0.33830350637435913,0.3385174721479416,0.409307599067688,0.4098875820636749,0.7634762823581696,0.7599568665027618,-182.13833618164062,-182.04006958007812,-3.0168063640594482,-2.726763963699341,3.745062112808228,3.687353849411011,,,,,,,,,,,,,,,,,,,,,,,,,,,,,,,,
112,4.666666666666667,112,4.666666666666667,0.0,0.030809033621782982,0.03363630745875851,0.5613702425281439,0.5686199879189563,0.07052977748342254,0.07329876824618832,0.06966832501040471,0.07274930164395826,0.1597568376586994,0.15280905520963192,0.12614298425747053,0.1198755433549226,0.12512913913456114,0.12560162915561757,0.5103111267089844,0.5103340446949005,0.5088960528373718,0.5094599723815918,0.5098420679569244,0.5197308361530304,0.3393103927373886,0.3392326831817627,0.4082738757133484,0.40729081630706787,0.7637335360050201,0.7601732909679413,-182.87704467773438,-183.4024200439453,-1.3259453773498535,-2.000845193862915,3.831651926040649,3.7024111747741704,,,,,,,,,,,,,,,,,,,,,,,,,,,,,,,,
113,4.708333333333333,113,4.708333333333333,0.0,0.02739844788221251,0.03548806766972497,0.5518275346589612,0.5207558383922211,0.07466425379623044,0.08194109529562502,0.07325586448373923,0.08055708055154528,0.15221469736422477,0.14359983827884956,0.12459194294910063,0.11844955771414115,0.12650374586427163,0.1255498439014155,0.5103722810745239,0.510549858212471,0.5097664594650269,0.5092762112617493,0.5099403858184814,0.5174007266759872,0.3496706187725067,0.3482236713171005,0.4276491701602936,0.42709195613861084,0.7622404098510742,0.7623825669288635,-179.58053588867188,-179.13250732421878,-2.3121211528778076,-1.09315025806427,2.844677686691284,2.6911721229553223,,,,,,,,,,,,,,,,,,,,,,,,,,,,,,,,
114,4.75,114,4.75,0.0,0.03218263552802881,0.03824015325009683,0.5440233187670481,0.5226097520162556,0.08114648385771792,0.08141317826934982,0.07993521370862884,0.08075362925651687,0.15068961509613613,0.146866961853836,0.12259513649200007,0.11909377773608686,0.12650926822743197,0.12649579106321465,0.5099429339170456,0.5090723931789398,0.5095797777175903,0.5080670118331909,0.5099472552537918,0.5170322954654694,0.3578392267227173,0.35812734067440033,0.4396304190158844,0.44121724367141724,0.7588765323162079,0.7624741792678833,-178.33834838867188,-177.56956481933597,-3.4281857013702393,-2.318340301513672,2.9111547470092773,2.7706613540649414,,,,,,,,,,,,,,,,,,,,,,,,,,,,,,,,
115,4.791666666666667,115,4.791666666666667,0.0,0.036507511447823986,0.04140791056459863,0.524523350124081,0.5140509619049314,0.0807744848358108,0.08446901913921784,0.07920232351707747,0.08435808452082613,0.1544032409728011,0.14402409765053342,0.1229939698913216,0.11725086817118174,0.1251427704475459,0.12712532884612127,0.5091543644666672,0.509247288107872,0.5080875754356384,0.5081417560577393,0.5102556049823761,0.5150747746229172,0.36576685309410095,0.3655606359243393,0.4517633318901062,0.4505549669265747,0.7572506368160248,0.7617951929569244,-176.701904296875,-177.34121704101562,-3.0367984771728516,-2.361049175262451,2.941668748855591,2.656101703643799,,,,,,,,,,,,,,,,,,,,,,,,,,,,,,,,
116,4.833333333333333,116,4.833333333333333,0.0,0.04051964006684797,0.03996590354789981,0.511886806210697,0.5146089095646417,0.09127662028332922,0.09330849734291218,0.09037919450992084,0.09407678407137546,0.13678737123768628,0.13188270257993576,0.10807821635672837,0.10734908326955754,0.12550276871160737,0.12530548630924335,0.5092921257019043,0.5090679079294205,0.5080796480178833,0.5074722170829773,0.5104217529296875,0.5153006017208099,0.36564329266548157,0.36601369082927704,0.45227479934692383,0.45333704352378845,0.7575913667678833,0.762812614440918,-176.7138671875,-176.24488830566406,-2.3015782833099365,-1.5009361505508423,2.7341461181640625,2.6345107555389404,,,,,,,,,,,,,,,,,,,,,,,,,,,,,,,,
117,4.875,117,4.875,0.0,0.04215073185260366,0.04388081581623291,0.5238920194694863,0.515476704219268,0.08278475776743617,0.084080974961202,0.08251263659919701,0.08437545746792093,0.1413599520818982,0.1384515359833006,0.11147314240318401,0.11194496346426952,0.1262585666776317,0.1265922742087135,0.509053647518158,0.5092430710792542,0.5080286860466003,0.5082287788391113,0.5093455612659454,0.5167079269886017,0.3706425130367279,0.3712630867958069,0.45798367261886597,0.4592441916465759,0.7585134208202362,0.7612097859382629,-176.37881469726562,-176.09523010253906,-3.031574249267578,-2.9212069511413574,2.8596301078796387,2.5705366134643555,,,,,,,,,,,,,,,,,,,,,,,,,,,,,,,,
118,4.916666666666667,118,4.916666666666667,0.0,0.03569087440654777,0.04002339940751268,0.5157970329524901,0.5027828146965015,0.092389224376322,0.09323154236085573,0.09241798290369743,0.09433925742407036,0.13599144723143528,0.12804107043144783,0.10687044475093253,0.10303130506766064,0.1252320298158251,0.12512445487418605,0.5092968642711639,0.5092968791723251,0.5078817009925842,0.5074889063835144,0.5094984173774719,0.5175875425338745,0.3706871420145035,0.3709581196308136,0.46176278591156006,0.462637722492218,0.7577612102031708,0.7605818212032318,-174.91046142578125,-174.15647888183594,-2.061372995376587,-1.462677001953125,2.7100307941436768,2.6317830085754395,,,,,,,,,,,,,,,,,,,,,,,,,,,,,,,,
119,4.958333333333333,119,4.958333333333333,0.0,0.03372325707669722,0.034433802596559766,0.5104746541811107,0.5116226529897392,0.0934375039057883,0.0934943307251452,0.09334489628414389,0.09446418239449272,0.13496553489538415,0.12993839776580413,0.10582423652289367,0.1039726892484262,0.1251258265396256,0.12482610036361282,0.5089574903249741,0.5090497881174088,0.5077667832374573,0.5075109601020813,0.5094062387943268,0.516960933804512,0.3693256378173828,0.369816392660141,0.46065255999565125,0.4615113139152527,0.7581954896450043,0.7603185772895813,-174.21971130371094,-173.67300415039062,-1.7060117721557617,-1.538806676864624,2.5522000789642334,2.597079277038574,,,,,,,,,,,,,,,,,,,,,,,,,,,,,,,,
120,5.0,120,5.0,0.0,0.03195679494884633,0.03704329979586493,0.5167725976058087,0.5162673182351941,0.09271472362167298,0.09248527783261097,0.09270230530514992,0.09310579533879475,0.13763218021658147,0.12940128030868536,0.10792153118758178,0.10256912812613796,0.12490427397727949,0.12494625268734819,0.5092769265174866,0.5092801749706268,0.5079988837242126,0.5077123641967773,0.5093724429607391,0.5170934498310089,0.36896148324012756,0.36914995312690735,0.4604681432247162,0.4612872302532196,0.7586958110332489,0.7607207596302032,-174.2786865234375,-174.13526916503906,-2.2878897190093994,-1.9634850025177002,2.727703094482422,2.6259782314300537,,,,,,,,,,,,,,,,,,,,,,,,,,,,,,,,
121,5.041666666666667,121,5.041666666666667,0.0,0.03550502142417265,0.03915156028890198,0.508476124349587,0.5041516261968589,0.09230929092693733,0.09559822966918156,0.09273039431374568,0.09600508831728823,0.13314076530464783,0.12693146261384178,0.10516276407104751,0.1003064705412643,0.12556137133239095,0.12534356827065338,0.5086813569068909,0.5087107717990875,0.5075968503952026,0.5072702765464783,0.5084941387176514,0.5160965025424957,0.3670422285795212,0.3670100122690201,0.457588255405426,0.45777764916419983,0.7579566538333893,0.7611982524394989,-174.7840576171875,-174.76132202148438,-2.665581703186035,-1.7595380544662476,2.5516486167907715,2.561131000518799,,,,,,,,,,,,,,,,,,,,,,,,,,,,,,,,
122,5.083333333333333,122,5.083333333333333,0.0,0.05211151872148741,0.060582774896962996,0.5068119524221011,0.5061125883322901,0.09446862987629816,0.09600294158690625,0.09477185032318372,0.09685438472290962,0.13201668222524895,0.12397023610816163,0.10416515868292606,0.09816791046749627,0.1251913968449098,0.125214996123861,0.5085865408182144,0.5084702968597412,0.5070670247077942,0.5068314075469971,0.5087163746356964,0.5174872428178787,0.36754678189754486,0.36731956899166107,0.459598571062088,0.45962128043174744,0.7588135302066803,0.7625264823436737,-175.13162231445312,-175.04226684570312,-3.0203921794891357,-2.950098752975464,2.647913932800293,2.5922131538391118,,,,,,,,,,,,,,,,,,,,,,,,,,,,,,,,
123,5.125,123,5.125,0.0,0.06805241627559554,0.06937104176378532,0.5001379057002153,0.4998125106004976,0.09493757176557596,0.09479079954920147,0.09501284348019483,0.09547625007536792,0.13153401650010055,0.1243323411503045,0.10444738516069216,0.10043028248211143,0.12579926569022948,0.12610276204744375,0.5084157586097717,0.5084542781114578,0.5064674019813538,0.5062485337257385,0.5080789029598236,0.5182521343231201,0.37011221051216125,0.3699380159378052,0.4629242420196533,0.463000625371933,0.75962895154953,0.7613836526870728,-174.9467010498047,-174.82151794433594,-2.420673131942749,-1.230254054069519,2.658785581588745,2.4526455402374268,,,,,,,,,,,,,,,,,,,,,,,,,,,,,,,,
124,5.166666666666667,124,5.166666666666667,0.0,0.05255405171903738,0.05625014073125146,0.48951682882422715,0.48951244443753855,0.09397688083472681,0.09378142612390404,0.093864494549808,0.09484411086767236,0.13023364265320955,0.12389795995966137,0.10232560600816193,0.09852468681439097,0.12589056615008692,0.12529345270144465,0.5081293135881424,0.5083361119031906,0.506401538848877,0.5063118934631348,0.5077110081911087,0.5183315873146057,0.3704160302877426,0.3704739660024643,0.4625333547592163,0.4623417556285858,0.7599203288555145,0.7616686820983887,-175.36517333984375,-175.69252014160156,-2.0240299701690674,-2.522895097732544,2.7991974353790283,2.881760835647583,,,,,,,,,,,,,,,,,,,,,,,,,,,,,,,,
125,5.208333333333333,125,5.208333333333333,0.0,0.03023767208658749,0.03377739840194066,0.5136861853055332,0.5180436234056092,0.09301706732540699,0.09241760975271696,0.09288328001006321,0.09333955660193255,0.13544056669600996,0.12743882458099362,0.10649112666566592,0.10058880493483568,0.12580104723929528,0.12564104659536607,0.5078091472387314,0.5082243829965591,0.5062592625617981,0.5063303709030151,0.5080224424600601,0.5166101157665253,0.372444823384285,0.37270431220531464,0.4662744700908661,0.4669485092163086,0.7600692212581635,0.7624422013759613,-172.54234313964844,-172.5159149169922,-1.2101547718048096,-1.1206738948822021,2.7143127918243413,2.793060064315796,,,,,,,,,,,,,,,,,,,,,,,,,,,,,,,,
126,5.25,126,5.25,0.0,0.03127423137887976,0.03397541149456759,0.5173738082643328,0.5305698366383694,0.09197514914637218,0.09133959261151083,0.0925009395724428,0.09268645871331627,0.13441722386970295,0.12800385229316252,0.10595509099181132,0.10077087645540385,0.12481149791535207,0.1246055514315135,0.5077614486217499,0.5080609023571014,0.5060365200042725,0.5062032341957092,0.5083622336387634,0.5167903304100037,0.37134024500846863,0.371254026889801,0.46420949697494507,0.4659794569015503,0.7597426772117615,0.7630486488342285,-173.62371826171875,-172.40487670898438,-1.5341904163360596,-2.085200548171997,2.7781519889831543,2.8163363933563232,,,,,,,,,,,,,,,,,,,,,,,,,,,,,,,,
127,5.291666666666667,127,5.291666666666667,0.0,0.03600717742820694,0.035972363472935,0.5332160808373697,0.538956205971143,0.09101184271738451,0.08973352749731474,0.09250503345033734,0.09136169746640886,0.12785786430697682,0.12502604871679154,0.10057083108104316,0.09915331510586237,0.12590686334138856,0.1254690489270211,0.5080638229846954,0.508304700255394,0.506097674369812,0.5065110325813293,0.5091283917427063,0.5177589356899261,0.3695244640111923,0.36943385004997253,0.4614030718803406,0.46271494030952454,0.7593556344509125,0.7621484100818634,-174.35855102539062,-174.0206298828125,-1.2420967817306519,-1.7328720092773438,2.8317129611968994,2.6676917076110844,,,,,,,,,,,,,,,,,,,,,,,,,,,,,,,,
128,5.333333333333333,128,5.333333333333333,0.0,0.04298285147444756,0.041883767203108296,0.553656763783542,0.5432433773473184,0.08808277149722925,0.08711126673149142,0.08948466371623094,0.08896838917939222,0.12742631206888316,0.12218164278043923,0.10054899962640763,0.09505388621282759,0.1262563089247431,0.12587983952868348,0.5077963918447495,0.5085078477859497,0.5060003399848938,0.506220281124115,0.5097556859254837,0.517889603972435,0.3693239986896515,0.3696506768465042,0.4610917568206787,0.462529718875885,0.7582125961780548,0.7623927593231201,-174.624267578125,-174.11395263671878,-1.533973217010498,-1.3593406677246094,2.7200050354003906,2.947464466094971,,,,,,,,,,,,,,,,,,,,,,,,,,,,,,,,
129,5.375,129,5.375,0.0,0.04504979992134178,0.04544305783945969,0.535507856680489,0.5334127344386193,0.08822328537546915,0.0884600371653963,0.08923243230268858,0.08962503693293047,0.1283906927137092,0.12553714177674546,0.10070810030090498,0.09750234407622653,0.1268491932518745,0.12621948652207404,0.5080281645059586,0.5085583925247192,0.5060627460479736,0.5068796873092651,0.5100131332874298,0.5175923109054565,0.36821049451828003,0.3688306212425232,0.4604189097881317,0.46102452278137207,0.7572858929634094,0.7639567852020264,-174.07386779785156,-174.35487365722656,-1.5812493562698364,-2.720344066619873,2.8311488628387456,2.8929755687713623,,,,,,,,,,,,,,,,,,,,,,,,,,,,,,,,
130,5.416666666666667,130,5.416666666666667,0.0,0.04230264314690554,0.04451741696111687,0.5301337670895458,0.5309414615861008,0.08906114338507669,0.08882484419023588,0.09015182432245925,0.09004795421789591,0.1257697002414639,0.12435446260751128,0.09976080912732838,0.09787027329347639,0.12685927722838802,0.12614287986215095,0.5081373453140259,0.5085399299860001,0.506485104560852,0.5071711540222168,0.5096787661314011,0.5183424055576324,0.367445170879364,0.36809301376342773,0.45917192101478577,0.4596707820892334,0.7568592727184296,0.7636651694774628,-173.86293029785156,-174.30621337890625,-1.4431756734848022,-2.8311455249786377,2.5676093101501465,2.6783647537231445,,,,,,,,,,,,,,,,,,,,,,,,,,,,,,,,
131,5.458333333333333,131,5.458333333333333,0.0,0.04056657620798362,0.04341867363384657,0.5304053758463699,0.5311950485139566,0.08891179859021137,0.08943620904091668,0.08970506837998667,0.09091669144252407,0.12498394044493452,0.12039846416240568,0.09974389627995635,0.09713142206349301,0.12612683257376467,0.12594554956912454,0.5081545263528824,0.5084852278232574,0.5066575407981873,0.5071354508399963,0.5099256038665771,0.5184160023927689,0.3678741008043289,0.36764056980609894,0.45833057165145874,0.4589235186576843,0.7568777203559875,0.7628286480903625,-174.103759765625,-174.16494750976565,-1.174196720123291,-1.9023802280426023,2.480933427810669,2.37404465675354,,,,,,,,,,,,,,,,,,,,,,,,,,,,,,,,
132,5.5,132,5.5,0.0,0.04141442403638727,0.043938468311012835,0.5248954176362683,0.534814807577768,0.0880546407013517,0.09009948636350737,0.08875946529623284,0.09085461640376072,0.12522633696742388,0.12093478733568205,0.10108278383157956,0.09730164254191703,0.1258204443451607,0.12515357094331492,0.5080676674842834,0.5083382278680801,0.5070840120315552,0.5070459842681885,0.5101296305656433,0.5181933641433716,0.36728382110595703,0.3675001859664917,0.45728370547294617,0.4585306942462921,0.7568698227405548,0.761541873216629,-174.15177917480472,-173.96450805664062,-2.006742477416992,-1.7501195669174194,2.281057834625244,2.342585563659668,,,,,,,,,,,,,,,,,,,,,,,,,,,,,,,,
133,5.541666666666667,133,5.541666666666667,0.0,0.03944304638023642,0.04491536136079171,0.5253821524670884,0.530615175423187,0.088270670973087,0.09032947194016837,0.08913971678173574,0.09146104396427925,0.12437015342650634,0.12069650445858286,0.10110771999947388,0.0977440103608137,0.12572043988295445,0.12516564745404454,0.5080363154411316,0.508224293589592,0.5066636204719543,0.5069212317466736,0.510313093662262,0.5180763751268387,0.36716756224632263,0.3667618930339813,0.45711550116539,0.45793986320495605,0.7564672231674194,0.7621080875396729,-174.28353881835938,-173.9674224853516,-1.3180419206619263,-1.9158705472946167,2.3466031551361084,2.3213236331939697,,,,,,,,,,,,,,,,,,,,,,,,,,,,,,,,
134,5.583333333333333,134,5.583333333333333,0.0,0.04170082046028475,0.04522594403469736,0.5239976876808717,0.5341075711149118,0.08837807150638426,0.08940465044787116,0.08897682182914778,0.09052703479940372,0.1229705269737157,0.11968091827352381,0.09954850149465118,0.09655334873259858,0.12590304850622144,0.12511477298807588,0.5078097283840179,0.5081055164337158,0.5065890550613403,0.5063744783401489,0.509815126657486,0.5182281136512756,0.3670535534620285,0.3667493760585785,0.4569191634654999,0.4569106698036194,0.7564257979393005,0.761736124753952,-174.71078491210938,-174.71449279785156,-1.6033027172088623,-1.1207929849624634,2.320594549179077,2.436744451522827,,,,,,,,,,,,,,,,,,,,,,,,,,,,,,,,
135,5.625,135,5.625,0.0,0.04342380808624005,0.04695722532450777,0.519040052359867,0.5307633064578113,0.08907298878779027,0.08958610223318134,0.08931101272119416,0.09061109739148143,0.12371771159597011,0.11937946607369786,0.09954572789613297,0.09616876366567151,0.12601921814199285,0.12518089250027717,0.5078366845846176,0.5080544650554657,0.5064256191253662,0.5064051747322083,0.5102119743824005,0.5178161114454269,0.36678898334503174,0.3667355328798294,0.45680922269821167,0.4569680690765381,0.7565264999866486,0.7619609534740448,-174.70973205566406,-174.9149627685547,-1.207733154296875,-1.2108763456344604,2.3381764888763428,2.392098903656006,,,,,,,,,,,,,,,,,,,,,,,,,,,,,,,,
136,5.666666666666667,136,5.666666666666667,0.0,0.04058309165675383,0.04640411685717236,0.5238616965590122,0.5255508745160563,0.08913032857293486,0.08945907809128763,0.09001841650375642,0.09053091123622124,0.12240351817033084,0.11951827620222572,0.09892939239348957,0.0965712337204213,0.1263691714028958,0.12532907294147516,0.5076867938041687,0.5081045478582382,0.5064384937286377,0.5065150260925293,0.5099597722291946,0.5175289362668991,0.3663950711488724,0.3666222244501114,0.4563104510307312,0.45692071318626404,0.7570015490055084,0.7635278403759003,-175.1068115234375,-175.08151245117188,-1.6562803983688354,-1.3653035163879395,2.3314363956451416,2.402412176132202,,,,,,,,,,,,,,,,,,,,,,,,,,,,,,,,
137,5.708333333333333,137,5.708333333333333,0.0,0.0329928748752289,0.034855969833136394,0.5148551200987183,0.5262891562290163,0.09094626334821106,0.09131528479293557,0.09116746813146807,0.09272433601636855,0.12275820501450241,0.11972559971456898,0.09863252671587562,0.09594829557341654,0.12632988245540497,0.12494752433229739,0.5075204968452454,0.5079154521226883,0.5059036612510681,0.5059689879417419,0.5100404620170593,0.5170782506465912,0.36598755419254303,0.36650583148002625,0.4560133218765259,0.45736753940582275,0.7574735879898071,0.7624750733375549,-174.6483154296875,-174.52560424804688,-0.5931450724601746,-0.7552362084388733,2.3476786613464355,2.5830476284027104,,,,,,,,,,,,,,,,,,,,,,,,,,,,,,,,
138,5.75,138,5.75,0.0,0.031461315814463146,0.033259409987901174,0.5251992700235939,0.5375928263235019,0.09085999101023728,0.09155651590563407,0.09158534783400693,0.09286109220607319,0.12386784166899788,0.11979217500337686,0.09870350621730026,0.09560678856562578,0.12569622758800336,0.12468440593164906,0.5075443089008331,0.507978692650795,0.5057798624038696,0.506080687046051,0.5102173537015915,0.5169243067502975,0.36618250608444214,0.3662761449813843,0.4556512236595154,0.45742562413215637,0.758005827665329,0.7632471024990082,-174.79698181152344,-174.37721252441406,-1.0909104347229004,-1.0479129552841187,2.659984827041626,2.6485657691955566,,,,,,,,,,,,,,,,,,,,,,,,,,,,,,,,
139,5.791666666666667,139,5.791666666666667,0.0,0.03026381893933224,0.031217317150409776,0.5282146056010845,0.5352627306242081,0.09105743923328835,0.09214554272514076,0.09184377323816567,0.0930280557310116,0.12313943231279034,0.11850308569871496,0.09839376846559951,0.09402679169159106,0.12559612155810343,0.12488187110687331,0.5077841281890869,0.5080376863479614,0.5061927437782288,0.5062602162361145,0.5109448879957199,0.516999363899231,0.36569830775260925,0.3657733052968979,0.45580828189849854,0.4570762813091278,0.7577252089977264,0.7632779181003571,-174.37530517578125,-174.13363647460938,-1.2532179355621338,-0.975710690021515,2.5574045181274414,2.5537004470825195,,,,,,,,,,,,,,,,,,,,,,,,,,,,,,,,
140,5.833333333333333,140,5.833333333333333,0.0,0.03041250570371653,0.03255295690787605,0.5289244678875791,0.5384035903101628,0.08907864590489213,0.09201020247293576,0.09024787775024469,0.09315931511304668,0.12414995721507208,0.11964187452672413,0.09900453442991515,0.09496582784757511,0.12589143550467033,0.12464473782161034,0.5076199620962143,0.50790174305439,0.5056818723678589,0.5057818293571472,0.5113939344882965,0.5172817409038544,0.36598068475723267,0.3656945824623108,0.4555194079875946,0.456851989030838,0.7577936947345734,0.763498455286026,-174.74571228027344,-174.45497131347656,-1.0664910078048706,-0.5576959848403931,2.781752347946167,2.687131881713867,,,,,,,,,,,,,,,,,,,,,,,,,,,,,,,,
141,5.875,141,5.875,0.0,0.0362732869238884,0.04037471052270734,0.54085865814588,0.5471459923018659,0.08671125974257587,0.09001306844177397,0.0875929022617355,0.09106384311882956,0.12397800995982886,0.11939261591444819,0.09684815136155099,0.09398044818479244,0.12613269799412702,0.1252045943638352,0.5078030377626419,0.5078094005584717,0.5055238604545593,0.5057270526885986,0.5120629668235779,0.5176627039909363,0.3640929162502289,0.3643915355205536,0.4530966579914093,0.45532140135765076,0.7566769421100616,0.7615875601768494,-175.1355438232422,-174.64163208007815,-1.2665600776672363,-1.3240385055541992,3.0771007537841797,2.752732992172241,,,,,,,,,,,,,,,,,,,,,,,,,,,,,,,,
142,5.916666666666667,142,5.916666666666667,0.0,0.03996062223200677,0.04113976906709828,0.5481858067288227,0.5522965037493263,0.08588606829727935,0.08756459242747956,0.08724824980393708,0.08834654069691884,0.12407000647221127,0.12121615058118634,0.09804777533892434,0.0969629356746754,0.12559085811138118,0.12625585540073622,0.5079267770051956,0.5078509747982025,0.5058856010437012,0.5060151219367981,0.5120723247528076,0.516575038433075,0.3621586114168167,0.3627917170524597,0.44809678196907043,0.45064592361450195,0.7567597329616547,0.7594742476940155,-176.7344970703125,-176.1192169189453,-1.5795295238494873,-1.014299750328064,3.1048059463500977,2.647052049636841,,,,,,,,,,,,,,,,,,,,,,,,,,,,,,,,
143,5.958333333333333,143,5.958333333333333,0.0,0.0403829370919781,0.04559017744249955,0.5468449584736206,0.558045219486827,0.08515877297194796,0.0869714471806828,0.08626902039043408,0.08764826373525587,0.12311451572352719,0.12364325704551794,0.09716069578622258,0.10070170156829722,0.12628683933631535,0.12592535470306576,0.5082126259803772,0.5082776844501495,0.5056267380714417,0.5069050192832947,0.5115136653184891,0.5162249207496643,0.3591024577617645,0.3595430254936218,0.4452129900455475,0.44872722029685974,0.7563788890838623,0.7562918961048126,-176.34983825683594,-174.7163848876953,-0.14648263156414032,-2.132558584213257,2.9963762760162354,2.424910068511963,,,,,,,,,,,,,,,,,,,,,,,,,,,,,,,,
144,6.0,144,6.0,0.0,0.03923052146106267,0.03790106563971727,0.5525996559739679,0.5540078261534517,0.08326001254766477,0.08572554636623872,0.0848440670985374,0.08749490309411762,0.12547168531496666,0.12219093091919818,0.09818181106989804,0.09683774514813874,0.1263200707344626,0.12575242173304121,0.5083545446395874,0.508528083562851,0.5061789751052856,0.505888819694519,0.5115404725074768,0.5159826874732971,0.35889238119125366,0.3591834604740143,0.4429282248020172,0.4471989870071411,0.7568461000919342,0.7574141323566437,-177.13963317871094,-175.46754455566406,-1.2590305805206299,-0.5775493383407593,3.2477471828460693,3.1007959842681885,,,,,,,,,,,,,,,,,,,,,,,,,,,,,,,,
145,6.041666666666667,145,6.041666666666667,0.0,0.06053717652176169,0.06350766019470357,0.5617564993828496,0.5664182703298963,0.060439745888213096,0.06033018382132866,0.05993866006503965,0.05977118906842323,0.16222687261475285,0.16608963938645246,0.1299745504130818,0.13499412112209802,0.12521687688860866,0.12451319214860827,0.5118467956781387,0.5119664967060089,0.5088979601860046,0.5101777911186218,0.5120024085044861,0.516871303319931,0.3558213412761688,0.35674378275871277,0.4315171539783478,0.43198704719543457,0.7566240131855011,0.7541966438293457,-180.07650756835938,-180.42709350585938,0.6293319463729858,-1.45965576171875,3.474708080291748,3.3741190433502197,,,,,,,,,,,,,,,,,,,,,,,,,,,,,,,,
146,6.083333333333333,146,6.083333333333333,0.0,0.06884196618249405,0.06928972734867134,0.5704461487055018,0.57015046993554,0.052392848786406376,0.05269283341696443,0.052314156081075286,0.052524819412841775,0.16963476211376416,0.17124211756031854,0.13511962321708784,0.13908007135561365,0.12485646318571002,0.12460824481460277,0.5134994238615036,0.5133732855319977,0.5103305578231812,0.5115184187889099,0.51285520195961,0.5201699137687683,0.352540984749794,0.3529374748468399,0.4242221713066101,0.42617079615592957,0.7545526623725891,0.7565234899520874,-181.96157836914062,-181.0623321533203,1.0247111320495605,-1.1544314622879028,3.9170815944671635,3.559924364089966,,,,,,,,,,,,,,,,,,,,,,,,,,,,,,,,
147,6.125,147,6.125,0.0,0.06037084055650369,0.07676959893543138,0.564716012683572,0.5727004792865685,0.055319111425311034,0.055386019630328354,0.05567771312524346,0.05566398312730074,0.17486719416703259,0.17491828842661045,0.13626059331521725,0.1396163288545379,0.12461324752751007,0.12423997723371043,0.5128854513168335,0.5131281465291977,0.5108635425567627,0.5109825134277344,0.5132385194301605,0.5201999247074127,0.35359132289886475,0.3544265180826187,0.4261420667171478,0.4271833896636963,0.7543967068195343,0.7558421790599823,-181.12168884277344,-181.2259063720703,-1.6915446519851685,-1.4645346403121948,4.4058756828308105,4.021376609802246,,,,,,,,,,,,,,,,,,,,,,,,,,,,,,,,
148,6.166666666666667,148,6.166666666666667,0.0,0.07356961637121498,0.0800764454110834,0.5763977430138433,0.5813923617201037,0.05813878764382126,0.05854765226532972,0.05789408410009939,0.05773269529571105,0.16711327071949528,0.16252253814953932,0.12731830359890067,0.12430368376984592,0.1248547591296048,0.12531079615228924,0.5157518833875656,0.516102135181427,0.5126539468765259,0.5132354497909546,0.5148754417896271,0.5193579792976379,0.3474896252155304,0.3469688594341278,0.4186691641807556,0.4187524616718292,0.7555708587169647,0.7579280734062195,-181.7784729003906,-181.53720092773438,0.19398130476474762,-0.3377719223499298,4.578627109527588,4.276029586791992,,,,,,,,,,,,,,,,,,,,,,,,,,,,,,,,
149,6.208333333333333,149,6.208333333333333,0.0,0.07972097891685201,0.07844739079933728,0.5779246851883274,0.583943990457955,0.06786217476100534,0.07237380130818409,0.06673306143561136,0.07203036359111176,0.16084036242454686,0.1542261697684031,0.11618603242643438,0.11444566941482505,0.12537097628694596,0.12562329990018897,0.51975317299366,0.5200738459825516,0.5167779922485352,0.5175437331199646,0.5161979645490646,0.5200212895870209,0.3443206399679184,0.34357476234436035,0.41550329327583313,0.4164668023586273,0.7555397748947144,0.7517117857933044,-181.8874359130859,-181.20733642578125,-0.5312230587005615,-1.1092671155929565,5.124910354614258,4.593966960906982,,,,,,,,,,,,,,,,,,,,,,,,,,,,,,,,
150,6.25,150,6.25,0.0,0.06398955569296313,0.06591745167819264,0.5745607459903129,0.5746295638599666,0.07338679510503734,0.07265752010061223,0.07315177513837613,0.07322630299836747,0.16709528628815,0.16363364140320616,0.1158141834056348,0.11660840371643598,0.12395142891681196,0.12422407881225286,0.5214064568281174,0.5213716924190521,0.5191635489463806,0.51866614818573,0.520014762878418,0.5223296731710434,0.34445327520370483,0.3444236069917679,0.4185367822647095,0.4201146066188812,0.7476308047771454,0.7502341866493225,-180.0408935546875,-179.5294647216797,-3.3116846084594727,-2.5550427436828613,5.764252185821533,5.505534648895264,,,,,,,,,,,,,,,,,,,,,,,,,,,,,,,,
151,6.291666666666667,151,6.291666666666667,0.0,0.0645625419524908,0.07045456938803137,0.5856790636412113,0.5822709691124679,0.07432953451745666,0.07409229451161735,0.0752289365467909,0.07532564005191121,0.16207623801974477,0.15745047027959772,0.10916444541177342,0.10813247923861423,0.12332275053233754,0.12371662775952519,0.5213652700185776,0.5214532911777496,0.519420325756073,0.5190275311470032,0.521306723356247,0.522660955786705,0.34443293511867523,0.3444020450115204,0.41903889179229736,0.42062270641326904,0.7474198341369629,0.7506373822689056,-179.73631286621094,-179.30931091308594,-4.530219078063965,-3.652642726898193,5.973626136779785,5.726592063903809,,,,,,,,,,,,,,,,,,,,,,,,,,,,,,,,
152,6.333333333333333,152,6.333333333333333,0.0,0.07846394076328962,0.0828082631055492,0.5926913400306545,0.5905535754180692,0.08158535597047102,0.08192849730315882,0.08265021901867502,0.08298674606419756,0.15571400559570767,0.15244321138777336,0.10418789015418264,0.10312181835413722,0.12362588118817264,0.12434844543893371,0.5228176265954971,0.523068755865097,0.520693838596344,0.5207053422927856,0.5281197726726532,0.5254084020853043,0.3458636552095413,0.3463279455900192,0.42321711778640747,0.42460113763809204,0.7361114323139191,0.7475098967552185,-178.71127319335938,-178.56056213378906,-5.100322723388672,-4.674737930297852,5.8979926109313965,5.771160125732422,,,,,,,,,,,,,,,,,,,,,,,,,,,,,,,,
153,6.375,153,6.375,0.0,0.1020228320480949,0.09502167974395169,0.6079860596387238,0.5994675004488482,0.08129110275493603,0.08146024446219817,0.08135205615373502,0.08230483990135606,0.14810242996503206,0.15008861344330332,0.09690785969251788,0.0988182818300845,0.12497433301259747,0.12522027856306242,0.5236009359359741,0.5242472887039185,0.5206456184387207,0.5213122963905334,0.5285212844610214,0.5261853188276291,0.3497123122215271,0.35079680383205414,0.43037980794906616,0.43230438232421875,0.7521604597568512,0.7465915977954865,-177.35150146484375,-177.00326538085938,-3.3545312881469727,-4.098234176635742,5.66313362121582,5.799315929412843,,,,,,,,,0.29625093936920166,0.3157089650630951,-0.5928012804704812,-0.5406099339865703,1.0004231929779053,0.9660552740097046,0.3564096276462008,0.3170778369212152,,0.8499427437782288,,0.831573129236232,,1.2565560340881348,,0.7367889901223846,0.20541682839393616,0.18886253237724304,-0.8246284527048396,-0.866415851726131,1.3576173782348633,1.3182854652404785,0.8692028484131109,0.8259747489768797
154,6.416666666666667,154,6.416666666666667,0.0,0.10941265623505135,0.11298392912508673,0.5951743049174832,0.5912782392101881,0.07596195786313248,0.0776256872163183,0.07773169808913914,0.07886300190058489,0.15507837462090698,0.1514652695601199,0.09989064913435675,0.0984176487543475,0.12524406874529148,0.1252351999510178,0.5240736901760101,0.5245386809110641,0.5215048789978027,0.5220943689346313,0.5296424329280853,0.5238347351551056,0.3521273136138916,0.3523835390806198,0.43050771951675415,0.43153494596481323,0.7425497770309448,0.755092054605484,-178.62501525878906,-178.56941223144534,-4.961223125457764,-5.117572784423828,6.407177448272705,6.255971431732178,,,,,,,,,0.3134258985519409,0.3167058229446411,-0.5658684845024646,-0.5274825288234378,0.9304530024528503,0.9263906478881836,0.2766198661057252,0.24538255181258642,,,,,,,,,0.19774264097213745,0.1816704273223877,-0.8686275211222566,-0.8713689095481323,1.3243834972381592,1.317978858947754,0.8565407295065656,0.8063265306749487
155,6.458333333333333,155,6.458333333333333,0.0,0.11148408219080679,0.12473544395989485,0.5883519513774965,0.5887295358481611,0.07531712985790094,0.07635321288746362,0.0768298183414398,0.07732696684174076,0.15678920769007307,0.15423110575864268,0.1039399910701023,0.10300553495425925,0.12526793267713032,0.1253974375233549,0.5243813991546631,0.5248403251171112,0.5217235684394836,0.5223615765571594,0.5302802324295044,0.52316614985466,0.35211293399333954,0.3530001640319824,0.4306834638118744,0.4317973256111145,0.7426407337188721,0.7527158260345459,-178.61602783203125,-178.51918029785156,-4.578365325927735,-4.5148396492004395,6.146745204925538,6.0331549644470215,,,,,,,,,0.3140292167663574,0.3163359463214874,-0.5669289362772604,-0.5282208864083563,0.9288020730018616,0.9232452511787415,0.27452537262891225,0.2449759582760074,,,,,,,,,0.19670408964157104,0.1837553083896637,-0.8745113507018916,-0.8668168017660529,1.31902015209198,1.3119995594024658,0.8499658157485737,0.8034453198568866
156,6.5,156,6.5,0.0,0.08488689695770302,0.10002598088651696,0.5799368870189341,0.589711993339167,0.06980687473410063,0.07557970557627205,0.07143761061339562,0.07700730699579185,0.16225226071766619,0.1562852368780017,0.10609179330107621,0.10337417394292892,0.1253099019712193,0.12460792911300789,0.5249240100383759,0.5250694453716278,0.5222536325454712,0.5226463675498962,0.5298003256320953,0.5239004790782928,0.35421013832092285,0.35496771335601807,0.43124648928642273,0.43330255150794983,0.7488032877445221,0.7447842657566071,-179.15133666992188,-178.47998046875,-4.140592098236084,-4.5283403396606445,6.508206367492676,6.284625053405762,,,,,,,,,0.33118733763694763,0.33814412355422974,-0.5260072488418713,-0.48771758324823167,0.8454286456108093,0.848839282989502,0.1439453785707479,0.153677498839319,,,,,,,,,0.1740245521068573,0.18739846348762512,-0.9422376538697014,-0.8835118956712046,1.2837986946105957,1.2824933528900146,0.796996958929942,0.794135543016493
157,6.541666666666667,157,6.541666666666667,0.0,0.0635252652496793,0.0597926832237963,0.5677955898052154,0.5686014904243073,0.054489523988598056,0.052479450685608636,0.05580142567722929,0.05325179780411188,0.18068108489345033,0.18167090149908013,0.12635204362714916,0.12770772018356677,0.12421388193811635,0.12333687620168927,0.5252033472061157,0.5256688892841339,0.5235499739646912,0.523320198059082,0.5308471620082855,0.5247370302677155,0.3572840839624405,0.3577183485031128,0.43314412236213684,0.43422389030456543,0.7445202171802521,0.7421723306179047,-179.0689697265625,-178.62147521972656,-4.31575345993042,-3.3236820697784424,5.9403910636901855,5.989498138427734,,,,,,,,,0.33433663845062256,0.34164270758628845,-0.5275518635685683,-0.49037175898599916,0.8084602952003479,0.8009243607521057,0.09655505986073452,0.08851074116157656,,,,,,,,,0.19560456275939941,0.193518728017807,-0.8999917906657269,-0.8870843131779954,1.2842612266540527,1.273720622062683,0.8150557067299306,0.8007848091628643
158,6.583333333333333,158,6.583333333333333,0.0,0.05616557951766273,0.0480463123992045,0.5622054790050736,0.5566680096092218,0.0565799342172685,0.05397776078090684,0.057523185924027845,0.05485463052063772,0.1801790362747213,0.17816069236271898,0.12780493235607873,0.1297100414350221,0.12377678162073007,0.12339933293297665,0.525404691696167,0.5254675596952438,0.5238197445869446,0.5239408016204834,0.5292247831821442,0.5286426693201065,0.35668283700942993,0.35785122215747833,0.4332038164138794,0.4322265684604645,0.7514059841632843,0.7417382597923279,-178.46556091308594,-179.52130126953125,-4.16835880279541,-3.383121013641358,5.6799116134643555,5.4557557106018075,,,,,,,,,0.336944043636322,0.35059821605682373,-0.5102716464073583,-0.4850696243947646,0.806855320930481,0.7731969356536865,0.0827722071517129,0.04821016263040587,,,,,,,,,0.19964474439620972,0.20525193214416504,-0.8746343987002514,-0.8810553799320737,1.3242489099502563,1.280489206314087,0.855113443785736,0.8256314049442436
159,6.625,159,6.625,0.0,0.046190482794720475,0.0409489892485722,0.5570147797068863,0.5506847560261169,0.05812347813235922,0.05459574132950319,0.05950659953397872,0.05517004167619485,0.17773605678148027,0.17780258023736872,0.12814753617960295,0.13012468411298334,0.12377866011716615,0.12495388316773003,0.5255504846572876,0.5258108675479889,0.5235946178436279,0.523119330406189,0.5295546650886536,0.5306010246276855,0.35623930394649506,0.3572726994752884,0.43316754698753357,0.4343577027320862,0.7513757944107056,0.7414772808551788,-178.18496704101562,-178.20004272460938,-3.5856108665466304,-1.9653947353363037,5.6084465980529785,5.567012310028076,,,,,,,,,0.34039199352264404,0.34969455003738403,-0.5010772261200085,-0.4880966358630151,0.8065234422683716,0.7741920351982117,0.0821710329002714,0.049649844680358,,,,,,,,,0.20027688145637512,0.20106467604637146,-0.8722312762845011,-0.8891090465467746,1.3303771018981934,1.279327392578125,0.8627228419541899,0.8162731172714608
160,6.666666666666667,160,6.666666666666667,0.0,0.031127231372906787,0.035079504225183494,0.5500731338243838,0.5393886301893185,0.06657181924842075,0.0657184445018812,0.0664736334999074,0.06669486034554549,0.17004676475202143,0.16445731481321157,0.11979260616758776,0.11462615025006641,0.12459831373226046,0.12591601851901832,0.5256348252296448,0.5262273699045181,0.523993194103241,0.5239688158035278,0.5327597558498383,0.5296893566846848,0.35594387352466583,0.35675764083862305,0.4329768121242523,0.43354684114456177,0.7479131519794464,0.7481604218482971,-178.09112548828125,-178.05783081054688,-3.261732578277588,-2.383648633956909,5.330421447753906,5.6811017990112305,,,,,,,,,0.34515872597694397,0.35305774211883545,-0.5039241250895662,-0.4696747293566448,0.7915372848510742,0.7849435210227966,0.06591424266340098,0.055017341363729044,,,,,,,,,0.20704272389411926,0.2135506272315979,-0.8749241433603206,-0.8406330461282004,1.3163411617279053,1.3158371448516846,0.858870980461414,0.8490873459453511
161,6.708333333333333,161,6.708333333333333,0.0,0.027352193702595024,0.035563950007328315,0.5450263863224574,0.5235023241490651,0.07055992652276301,0.07540494508659698,0.06966466094879602,0.07648494104128485,0.16213558139246026,0.15137951914550254,0.11501365851514993,0.10316063383315102,0.12490802917424595,0.1256226363042317,0.5257137715816498,0.5265240222215652,0.524455726146698,0.5248018503189087,0.5301355868577957,0.5343266725540161,0.3568471223115921,0.35611726343631744,0.4347741901874542,0.43306076526641846,0.7478883564472198,0.7536669671535492,-177.2452850341797,-178.4328155517578,-2.9617483615875244,-3.3156909942626953,4.8416876792907715,5.49530029296875,,,,,,,,,0.34535902738571167,0.35528403520584106,-0.4992878094085977,-0.4790264555115476,0.8037567734718323,0.7840909361839294,0.08491667472573515,0.045786919936937814,,,,,,,,,0.20533709228038788,0.20610496401786804,-0.8776434052029446,-0.8781532934876524,1.3173058032989502,1.3099021911621094,0.8654806900321768,0.8371129237724675
162,6.75,162,6.75,0.0,0.03514512232673301,0.044503561053796666,0.5145702118170588,0.5057728444914871,0.07317776285554779,0.08005582624393444,0.0726152431373221,0.08060410587459954,0.15646998778267734,0.14591200568286264,0.108354808798992,0.09719580981157554,0.1248223882514665,0.12605701271625927,0.5260401666164398,0.5266795605421066,0.5241631269454956,0.524013340473175,0.52925606071949,0.5357412099838257,0.3570043742656708,0.35679663717746735,0.43751490116119385,0.4368898272514343,0.7516948282718658,0.7535513043403625,-177.61131286621094,-178.021484375,-3.914336204528809,-3.0240304470062256,5.025091171264648,5.4944610595703125,,,,,,,,,0.3466845154762268,0.35682445764541626,-0.4904752263318017,-0.4803417757358018,0.8121671676635742,0.7959864139556885,0.09138255183535547,0.06408364531194699,,,,,,,,,0.21034622192382812,0.2071649432182312,-0.8567456399316002,-0.8821359955399986,1.3284201622009277,1.3143486976623535,0.8715163536365765,0.8468916793496746
163,6.791666666666667,163,6.791666666666667,0.0,0.03437968778794031,0.044068191918928176,0.5184026577887657,0.5086846071102129,0.0787239351536648,0.08389812683415127,0.07938150940886672,0.08528706542900595,0.14926852824850764,0.1378178721247743,0.10017528444010117,0.09147016752878204,0.1254590165715602,0.12564218004643996,0.5259002149105072,0.5262798219919205,0.5244765877723694,0.5245572328567505,0.529748260974884,0.5336349606513977,0.3563978374004364,0.35683387517929077,0.436572790145874,0.43657419085502625,0.7507804036140442,0.7508668005466461,-177.93006896972656,-178.30276489257812,-4.883143901824951,-4.708262920379639,5.289623737335206,5.345390319824219,,,,,,,,,0.34724047780036926,0.35757964849472046,-0.4922392936267641,-0.47362917797638454,0.8088341355323792,0.7985352277755737,0.08807396712534488,0.07213444014612706,,,,,,,,,0.20974227786064148,0.2115851789712906,-0.8630838441222645,-0.8663877931094746,1.322107195854187,1.3167691230773926,0.866766277633479,0.8563539765452163
164,6.833333333333333,164,6.833333333333333,0.0,0.03571030200026245,0.04263279412825424,0.5140078029317129,0.5029814379772515,0.07967619488656558,0.08369568064339507,0.08104796770538321,0.08491748789873838,0.14808430425177235,0.14046928644326226,0.10277912462225386,0.09420186545683475,0.12548920139586237,0.12596309546408346,0.5254057198762894,0.5254459083080292,0.523097813129425,0.5231021046638489,0.5283338129520416,0.5317027568817139,0.3587717115879059,0.3592396080493927,0.44094789028167725,0.44102975726127625,0.7581074237823486,0.7446672022342682,-177.23512268066406,-177.61192321777344,-3.385540246963501,-3.879482507705689,4.989530086517334,5.258973121643066,,,,,,,,,0.3450290262699127,0.35536861419677734,-0.4859237164110504,-0.47635710209473436,0.82270747423172,0.80667644739151,0.09632736359001012,0.09422696552401032,,,,,,,,,0.20787855982780457,0.20907944440841675,-0.8494966790561972,-0.8715493429572352,1.3292896747589111,1.3017594814300537,0.8517095572409911,0.8465369132032265
165,6.875,165,6.875,0.0,0.029513801338399277,0.03310160862111618,0.5289522320789715,0.5195610761251138,0.07695218365169355,0.08445027682769315,0.07795216593393409,0.08525568091678011,0.14708268797322546,0.13805099920649583,0.10293215069776604,0.09445491157861001,0.12645717401162818,0.12698761579304754,0.5224924832582474,0.5227773040533066,0.5197690725326538,0.5205109715461731,0.5281326025724411,0.5283202528953552,0.3638508468866348,0.36326560378074646,0.44610121846199036,0.44675692915916443,0.7518024146556854,0.7508521974086761,-176.2847137451172,-175.99896240234375,-1.2961961030960083,-2.1765122413635254,4.8058671951293945,4.747039794921875,,,,,,,,,0.3342943489551544,0.3391267657279968,-0.5107159432909801,-0.49829194428888257,0.8630508184432983,0.8750247955322266,0.16487554435773946,0.18396109204623246,,0.8452528119087219,,0.8347271536864422,,1.2388067245483398,,0.7229022267231667,0.2065923660993576,0.20612883567810059,-0.8471791409170576,-0.8485777714766669,1.326114535331726,1.3195797204971313,0.8511584913028059,0.8425670220735947
166,6.916666666666667,166,6.916666666666667,0.0,0.022183656954745536,0.027666340228195307,0.5384466616958641,0.5260195273597604,0.08051053898497296,0.0850797121089365,0.08236674825761339,0.08683206066408826,0.14391592780292342,0.1373318803641379,0.10187876895596956,0.09594657727406465,0.1258148083095972,0.12613087064182732,0.5217840671539307,0.5221659243106842,0.5192628502845764,0.5195764303207397,0.5280901938676834,0.5282239764928818,0.36505764722824097,0.36467374861240387,0.4485854506492615,0.44829246401786804,0.7525635063648224,0.748558759689331,-175.60330200195312,-176.04075622558594,-1.968052387237549,-1.9269962310791013,4.718678951263428,4.821337699890137,,,,,,,,,0.3342587649822235,0.33679839968681335,-0.5092324939047249,-0.5043994137874677,0.8607425093650818,0.8729612231254578,0.15986647980167,0.18438522430646198,,0.8469987511634827,,0.8399599058645018,,1.2323341369628906,,0.7170358929293068,0.20650389790534973,0.20384302735328674,-0.8448691341756219,-0.8547319711388077,1.3280214071273804,1.310288429260254,0.8504092875467552,0.8325771714047192
167,6.958333333333333,167,6.958333333333333,0.0,0.02179722083211623,0.027803125855558518,0.5443914317182619,0.5317911700017359,0.08483287276372882,0.08634326521924998,0.08646987894922266,0.08882125196949575,0.1399501242844189,0.13597206573378698,0.09789312040736714,0.09465776168244959,0.1255772683240522,0.12571788397133254,0.521917074918747,0.5222844779491425,0.5192049741744995,0.5193210244178772,0.5277085304260254,0.5295351594686508,0.3650740683078766,0.3646722733974457,0.44912880659103394,0.4494819641113281,0.7532611787319183,0.7518644332885742,-175.4816131591797,-175.7728729248047,-1.8481615781784058,-2.0964977741241455,4.736460208892822,4.9797587394714355,,,,,,,,,0.33342239260673523,0.33552759885787964,-0.5094363804512544,-0.5091922961093504,0.8634775876998901,0.874590277671814,0.16256121053295086,0.1811847849738906,,0.8451792001724243,,0.82843943469626,,1.2367429733276367,,0.7158444454543046,0.20710256695747375,0.20289836823940277,-0.8406587490684557,-0.8572910107018649,1.3305271863937378,1.3186373710632324,0.8514254990134789,0.836748228344199
168,7.0,168,7.0,0.0,0.021429563705124142,0.024849580132243636,0.5418307843788722,0.5335341665991894,0.083109282746381,0.08720421764930547,0.08468743534267298,0.0894966104026113,0.14077146190932757,0.13550757882148923,0.09948875753577394,0.09441748691428563,0.12579381054531943,0.12630147383000745,0.5210992693901062,0.5215077251195908,0.5189779996871948,0.5189763307571411,0.5271538197994232,0.5310782045125961,0.36582815647125244,0.3654771149158478,0.44976210594177246,0.4504129886627197,0.7577506005764008,0.7515182793140411,-175.3843231201172,-175.1171875,-2.642446279525757,-2.646679401397705,4.5672712326049805,4.8791184425354,,,,,,,,,0.34064674377441406,0.3444042205810547,-0.48816983690545546,-0.4954496211881583,0.8624376058578491,0.8468430638313293,0.1541313319218287,0.14231283279887832,,0.8433088660240173,,0.828688388768156,,1.2449450492858887,,0.7366495688302216,0.21308481693267822,0.19726943969726562,-0.8220546757483831,-0.8859586247309854,1.341566562652588,1.3042480945587158,0.8595558884324369,0.8251846167625413
169,7.041666666666667,169,7.041666666666667,0.0,0.022636665036074446,0.029012895016404697,0.525405366673915,0.5161428958416272,0.08406724610342561,0.08841517131069962,0.085515913976375,0.0903455293250071,0.13637740112958366,0.13215830547736204,0.09609086609814552,0.09345289991362778,0.12684830605650768,0.12693063405964952,0.5193918198347092,0.5195665657520294,0.5177560448646545,0.5174309015274048,0.5261488258838654,0.5284914374351501,0.36464644968509674,0.36461298167705536,0.4487881362438202,0.4495354890823364,0.7598784565925598,0.7615434527397156,-175.705810546875,-175.50425720214844,-3.155064582824707,-2.852076530456543,4.466851711273193,4.52377462387085,,,,,,,,,0.33666539192199707,0.3429514169692993,-0.4935827686943797,-0.48684334690968867,0.8805186748504639,0.8624975085258484,0.17676789247725289,0.14900400346130063,,,,,,,,,0.21372923254966736,0.19937168061733246,-0.8138174649257089,-0.8635859990798046,1.3457105159759521,1.3176418542861938,0.8583895153557248,0.8207781995841031
170,7.083333333333333,170,7.083333333333333,0.0,0.03897026915989257,0.03646280332033191,0.4898858267613159,0.49734517659226835,0.08780408906939964,0.0888862666660839,0.08804646490019609,0.09037558211477578,0.13288131578354723,0.13031857541828562,0.09576809783398613,0.0941137315563474,0.12565892593713793,0.126556286843501,0.5185617208480835,0.518678143620491,0.5165829658508301,0.5163437128067017,0.5270000696182251,0.5277180671691895,0.36303016543388367,0.3636682480573654,0.44735756516456604,0.44841867685317993,0.7493501901626587,0.7645874619483948,-177.0499725341797,-176.9745635986328,-2.9934298992156982,-2.5779623985290527,3.9664545059204097,4.284712314605713,,,,,,,,,0.32926076650619507,0.3413940668106079,-0.517011614390209,-0.4829079235162788,0.872402548789978,0.8704752326011658,0.18097549345422273,0.15437034083760304,,,,,,,,,0.20568689703941345,0.2041115164756775,-0.8401093736316739,-0.8387119594412027,1.310377597808838,1.3277356624603271,0.8251139033231751,0.8209954664187167
171,7.125,171,7.125,0.0,0.039738341804960296,0.03800468485935509,0.4904211987582012,0.492952362434563,0.08623509326411978,0.08537161749804456,0.08645940822358347,0.08747554219381498,0.13459604044373205,0.1324644070871165,0.09591787463885248,0.09507944523310512,0.12545798929969018,0.1266221336173601,0.5188046246767044,0.5190687626600266,0.5174462199211121,0.5163019299507141,0.5275736302137375,0.5280417799949646,0.362950399518013,0.36344319581985474,0.44760215282440186,0.44863200187683105,0.7494783401489258,0.7641921043395996,-177.19163513183594,-177.018310546875,-5.136158466339111,-2.889002561569214,4.054493427276611,4.577763557434082,,,,,,,,,0.3309386074542999,0.341056227684021,-0.5136068507081123,-0.48381534781330904,0.8689438700675964,0.8726898431777954,0.1755234213740904,0.15791187990122305,,,,,,,,,0.2052001953125,0.20468762516975403,-0.8420331349321366,-0.836661982437462,1.3069508075714111,1.3271009922027588,0.8190603169840239,0.8192797531766182
172,7.166666666666667,172,7.166666666666667,0.0,0.04494787458422286,0.04895704345927265,0.49060425596116736,0.4937621252415017,0.08421354830700867,0.08567010667307519,0.08485655770302798,0.08740700585250194,0.13314252793895734,0.13024052402146447,0.09566037964230226,0.09402886961593947,0.1266068919540074,0.12717273001438636,0.5178980231285095,0.5182121992111206,0.5165505409240723,0.5166442394256592,0.5281347930431366,0.5264065861701965,0.3625214993953705,0.3633926957845688,0.4464462399482727,0.44728419184684753,0.7500794529914856,0.7638349533081055,-177.6937713623047,-177.8127899169922,-5.0314860343933105,-4.932056903839111,4.049306392669678,4.339919567108154,,,,,,,,,0.33017218112945557,0.3399196267127991,-0.5156656605723864,-0.4836652374352999,0.8679095506668091,0.8733018040657043,0.1726488941179258,0.1596987648134904,,,,,,,,,0.20107059180736542,0.20473864674568176,-0.851957729540182,-0.834265306001857,1.3061803579330444,1.3194751739501953,0.8148190330851675,0.8106112152045927
173,7.208333333333333,173,7.208333333333333,0.0,0.03625149025544526,0.03883805171264552,0.5172303538778453,0.5136052326963214,0.08274620451499372,0.0858817229659661,0.08367970045553358,0.08741031945218297,0.13137032791761352,0.1306325549225694,0.09398942411038341,0.09617144169382999,0.127656124078682,0.1270204041410983,0.5162204205989838,0.5164968967437744,0.5148637890815735,0.5147302746772766,0.5286461412906647,0.5272599160671234,0.3626173585653305,0.3635279983282089,0.4460678696632385,0.44791921973228455,0.7509434223175049,0.7634865343570709,-177.51254272460938,-176.92576599121094,-3.5139567852020264,-2.775461435317993,4.099860668182373,3.9862568378448486,,,,,,,,,0.33062630891799927,0.3403427004814148,-0.5175989325987633,-0.48540925524366824,0.8674465417861938,0.8731040954589844,0.17129503078996045,0.16012583657836527,,,,,,,,,0.20020273327827454,0.2049824595451355,-0.858509753136122,-0.8369291167855525,1.302091360092163,1.3190295696258545,0.8103551510164184,0.811519544710482
174,7.25,174,7.25,0.0,0.034981055954058614,0.04196695412127276,0.5226185931936178,0.5083725045227621,0.08507256701947787,0.08656053895467888,0.08579114222306337,0.08882955420905257,0.13059110489685546,0.12697924768267693,0.09342875158339843,0.09309395054922302,0.12668999209860085,0.1265380472929093,0.5159126967191696,0.516371950507164,0.5138266682624817,0.5145215392112732,0.528594046831131,0.5275754034519196,0.3629443347454071,0.36282162368297577,0.44856005907058716,0.44753092527389526,0.7514276504516602,0.7625648081302643,-176.3040771484375,-176.9827880859375,-2.8311991691589355,-3.577207326889038,4.030794620513916,3.9804868698120117,,,,,,,,,0.3313528895378113,0.3391260504722595,-0.5158444164227826,-0.48823136471809164,0.8650733828544617,0.8758459687232971,0.1671848233377796,0.16508637892232414,,,,,,,,,0.20029279589653015,0.20413988828659058,-0.8586056253329659,-0.8379512079540623,1.2999210357666016,1.3167811632156372,0.8068914493049512,0.8076680246000267
175,7.291666666666667,175,7.291666666666667,0.0,0.041737003653743984,0.04505184493859736,0.5230461506355543,0.511667039099587,0.08565958048444273,0.08441817960586066,0.08658152637588529,0.08654165662105157,0.1298178112323869,0.12664516846418217,0.09369299960802939,0.09315000055645639,0.12670394530764303,0.12669460277383704,0.5157089531421661,0.5164088755846024,0.5139082670211792,0.5141394734382629,0.5286910235881805,0.5279988050460815,0.36263613402843475,0.362635999917984,0.4475160837173462,0.4470667839050293,0.7521331906318665,0.7633075416088104,-176.77362060546875,-177.20683288574222,-3.28397536277771,-2.646794080734253,3.98631501197815,4.063897609710693,,,,,,,,,0.3307642340660095,0.33871906995773315,-0.5170965769425948,-0.4892384553540697,0.8646004796028137,0.8771339654922485,0.1652782995443702,0.16549393611754043,,,,,,,,,0.2000305950641632,0.20361198484897614,-0.8586466893973372,-0.8384548233669814,1.299466609954834,1.3190966844558716,0.8043435354156548,0.8080701278583984
176,7.333333333333333,176,7.333333333333333,0.0,0.05140531451190744,0.04718987227852142,0.5285097173171059,0.5263417257074567,0.08527586321606515,0.08538425438700148,0.08607368056567445,0.08756239909607158,0.12986811130506223,0.12581490595728834,0.09471640999095537,0.09263473221183635,0.12617313183667736,0.12640237878555424,0.5155608057975769,0.5162111073732376,0.513753354549408,0.5140960812568665,0.5283844172954559,0.5279061794281006,0.36244210600852966,0.362542062997818,0.44682660698890686,0.44729381799697876,0.7535984516143799,0.7618714272975922,-177.2832183837891,-177.3731689453125,-3.312032461166382,-2.808597803115845,3.8625676631927486,3.991218090057373,,,,,,,,,0.32816070318222046,0.33802005648612976,-0.5219175453013509,-0.4918772291029246,0.871533989906311,0.8747046589851379,0.17292333549735234,0.16440803718297267,,,,,,,,,0.20435981452465057,0.20138317346572876,-0.8446258528584802,-0.8458186881840299,1.3105525970458984,1.311856746673584,0.8166356803213486,0.801377444266162
177,7.375,177,7.375,0.0,0.044558561139047194,0.049179280928925526,0.5395287135103756,0.5276504350890825,0.08400475002354978,0.08539627573124196,0.08525285076755482,0.08750079419490246,0.13152031716958637,0.1254735008808846,0.09479319687817758,0.09241024859365225,0.1266836974524372,0.12668966302999124,0.5157501548528671,0.5163131207227707,0.5136257410049438,0.514124870300293,0.5282402336597443,0.5272797644138336,0.3622503727674484,0.3624333441257477,0.4483043849468231,0.4479387700557709,0.7520645558834076,0.7582904994487762,-177.16648864746094,-177.24444580078125,-3.1500914096832275,-2.8850760459899902,4.069275379180908,3.9511959552764893,,,,,,,,,0.3280864953994751,0.33782893419265747,-0.5222663133596258,-0.4928816914738515,0.8739553093910217,0.8764235973358154,0.17890463700034137,0.17287822430584787,,,,,,,,,0.20529499650001526,0.20526957511901855,-0.8426693395510848,-0.8377526062364186,1.307302713394165,1.3127522468566895,0.8149484530998103,0.8114098762486963
178,7.416666666666667,178,7.416666666666667,0.0,0.024426100851824756,0.030322357090681724,0.5523722621495871,0.5499125824708363,0.08600525362243117,0.08770946001904352,0.08663543756864406,0.08909092017555044,0.13231087056893778,0.12798032592264252,0.09696587708438627,0.09523654530438364,0.1263287857967666,0.12645638617647784,0.5162252485752106,0.5163068771362305,0.5145267844200134,0.5147421360015869,0.5281505882740021,0.5273940861225128,0.3627314269542694,0.36277690529823303,0.4491302967071533,0.4496155381202698,0.7520109117031097,0.7591513395309448,-175.47467041015625,-175.3057861328125,-2.4303150177001953,-2.6971044540405273,3.795384645462036,3.656336545944214,,,,,,,,,0.32924216985702515,0.3379407227039337,-0.5185779607732083,-0.49077468946247804,0.8725063800811768,0.882128119468689,0.17670715401995657,0.17919483226106073,,,,,,,,,0.20476344227790833,0.2060704529285431,-0.8431088439875136,-0.832381666137582,1.3071467876434326,1.3217878341674805,0.8141092943346406,0.8198421875364209
179,7.458333333333333,179,7.458333333333333,0.0,0.022705607262323294,0.029718274029438153,0.5495184249670273,0.5459514659330768,0.0879650336143021,0.08710559246757076,0.08817057717604063,0.0879676062212539,0.13122230556432388,0.1279028275217364,0.09446924547410918,0.09453749035921098,0.12611764044381382,0.12622644305564715,0.5160598605871201,0.5161910355091095,0.5142123699188232,0.514349639415741,0.5282128751277924,0.5269842147827148,0.3626960217952728,0.3625529855489731,0.44954633712768555,0.45004528760910034,0.7517196238040924,0.758959949016571,-175.1449127197266,-174.8722686767578,-2.4785401821136475,-2.320862293243408,3.8961422443389893,3.6403508186340336,,,,,,,,,0.3287276029586792,0.33692657947540283,-0.5201085709001493,-0.4921562309352246,0.8739089965820312,0.8855563998222351,0.17920046624030717,0.18440034249279658,,,,,,,,,0.20645585656166077,0.206999272108078,-0.8389019464136388,-0.8286043498759369,1.3086965084075928,1.319303274154663,0.8168510496196091,0.8161958760410498
180,7.5,180,7.5,0.0,0.026219599061661266,0.03272642216242796,0.5432308511086377,0.5463151113832415,0.08692433780621182,0.08604692562314534,0.0872122792897349,0.08725647613262946,0.13113895069060252,0.12836413967206858,0.09625476071643115,0.09501800866282595,0.1259988964505563,0.12628657684611705,0.5159909725189209,0.5162060111761093,0.5140752792358398,0.5142618417739868,0.5283946245908737,0.5274107754230499,0.36278748512268066,0.362528994679451,0.4499239921569824,0.44935640692710876,0.7515182495117188,0.7579118013381958,-175.4727783203125,-175.35653686523438,-2.33127760887146,-2.364377737045288,3.6431064605712895,3.7333850860595703,,,,,,,,,0.3283316493034363,0.33732786774635315,-0.5222070659219551,-0.49393039685047535,0.8737754225730896,0.8838326334953308,0.17950349004641042,0.18405295688925144,,,,,,,,,0.20717096328735352,0.20725169777870178,-0.8384623163432099,-0.8319332979960605,1.3071889877319336,1.31398606300354,0.8158608147852706,0.8127893562662949
181,7.541666666666667,181,7.541666666666667,0.0,0.03285186504750378,0.03798494048803078,0.53300031805824,0.531736708641506,0.08617558923682062,0.0854466890814234,0.08685324628189924,0.08656976790866786,0.12942543801657286,0.12722887381856163,0.09402502172325164,0.09414978807445319,0.12614473864603845,0.12648965804461293,0.5162056088447571,0.5163503289222717,0.5144566893577576,0.5146013498306274,0.528996929526329,0.5268441140651703,0.36203446984291077,0.3623267412185669,0.4475994110107422,0.4482106566429138,0.7509879469871521,0.7578850388526917,-176.4313507080078,-176.27342224121094,-3.1576523780822754,-2.8367366790771484,3.8392822742462154,3.6889772415161133,,,,,,,,,0.3265655040740967,0.33680760860443115,-0.5289921650749901,-0.49409941936922075,0.8757079839706421,0.8836777210235596,0.18332853341651667,0.1839734751349104,,,,,,,,,0.20474377274513245,0.20740166306495667,-0.8473357289012453,-0.8305579455821699,1.3018722534179688,1.3096340894699097,0.8097561099465169,0.8069403441653066
182,7.583333333333333,182,7.583333333333333,0.0,0.04131991066829728,0.04494720077286837,0.5295815959183359,0.5211032557042764,0.08442918373310747,0.08467049140042035,0.08516251719552914,0.08601345701848082,0.12993588968349395,0.12698768375381217,0.09547332710366271,0.09415501361539594,0.12651500672493796,0.12692329872124172,0.5160215944051743,0.5164047181606293,0.5144186615943909,0.5147424936294556,0.5288430154323578,0.5271216779947281,0.3622900992631912,0.3622369170188904,0.44832903146743774,0.4478020668029785,0.7532925307750702,0.7584277391433716,-176.58450317382812,-176.79812622070312,-3.35347580909729,-3.263622999191284,3.6973156929016118,3.7306559085845947,,,,,,,,,0.3254435956478119,0.33613938093185425,-0.5296185010235493,-0.4983708559667213,0.8780067563056946,0.8822978734970093,0.1826635774287942,0.18182293350071152,,,,,,,,,0.20544815063476562,0.20835444331169128,-0.8420668245476851,-0.831827358065704,1.3087403774261475,1.3067548274993896,0.8135406391109078,0.8048626106932708
183,7.625,183,7.625,0.0,0.04274275125363004,0.046712733657786984,0.5305222625544396,0.5214276578575626,0.08565696773294311,0.08583229316502951,0.08613812215357834,0.08680719436487142,0.13029260428890568,0.12581349029835293,0.095918344216788,0.09327538188978572,0.12620260138121084,0.12678687559729215,0.5160872340202332,0.5165077149868011,0.5147583484649658,0.5151224136352539,0.5288712382316589,0.5273557752370834,0.3621692806482315,0.36205998063087463,0.4469199776649475,0.44689512252807617,0.75410395860672,0.7594951689243317,-176.78761291503906,-176.85768127441406,-3.3887960910797124,-3.3537237644195557,3.6417117118835454,3.618072748184204,,,,,,,,,0.3249138593673706,0.33583107590675354,-0.5306985787431786,-0.4999070446625609,0.8785223960876465,0.8838173747062683,0.1821024430368205,0.18253060840885435,,,,,,,,,0.20502743124961853,0.20866557955741882,-0.8426439340275388,-0.8318273018686585,1.3093230724334717,1.3079273700714111,0.8126348401063129,0.8052114480816943
184,7.666666666666667,184,7.666666666666667,0.0,0.04211895437998801,0.04660665821493113,0.5316442329186649,0.5235536266868308,0.08571864012359011,0.08550197530575758,0.08643022221568895,0.08671463699775919,0.13098258802739615,0.1269721807038088,0.095519814717364,0.09363626216441753,0.12611910528861814,0.12661994964226736,0.5160434246063232,0.5164126604795456,0.5144474506378174,0.5148941874504089,0.5286845266819,0.5272002071142197,0.36214712262153625,0.36192092299461365,0.4466714560985565,0.44670990109443665,0.7569847106933594,0.7601460814476013,-176.39512634277344,-176.69313049316406,-3.2226405143737793,-3.4284305572509766,3.8311481475830083,3.773766040802002,,,,,,,,,0.3231850862503052,0.33525553345680237,-0.5328958408968477,-0.5001604586203511,0.8805291652679443,0.8871561288833618,0.18020941225969808,0.18616322521476406,,,,,,,,,0.20357346534729004,0.20906271040439606,-0.8430696066661258,-0.8289878183476593,1.3139137029647827,1.3113799095153809,0.8123703060021081,0.8079633804757197
185,7.708333333333333,185,7.708333333333333,0.0,0.04315843120212243,0.04545181346132419,0.5312825757516901,0.5255766942932143,0.08524206173084103,0.08549074714999724,0.08614698529890542,0.08645076297270134,0.13126308203131135,0.12654972822723567,0.09716496253505136,0.09446844996086867,0.12603095371068496,0.12645196112524998,0.5163895189762115,0.516197681427002,0.515021562576294,0.514778733253479,0.5279107838869095,0.5259897261857986,0.36171965301036835,0.36171796917915344,0.44526153802871704,0.44658270478248596,0.7594103217124939,0.7594592571258545,-176.4863739013672,-176.275146484375,-3.308464527130127,-3.0368125438690186,3.751705169677734,3.4945433139801025,,,,,,,,,0.32218310236930847,0.33506280183792114,-0.5322417765957885,-0.4969669247895967,0.8845722675323486,0.8887434601783752,0.1821424027704354,0.18929027339550603,,,,,,,,,0.20506104826927185,0.2095826268196106,-0.8352503444895472,-0.8235813973890104,1.3256803750991821,1.3094005584716797,0.8240666719039813,0.805191483764976
186,7.75,186,7.75,0.0,0.04257317292940824,0.045764374721754895,0.5320166735896833,0.531722927525426,0.08559414164008727,0.08631314737618337,0.086594607388145,0.08732416113138146,0.13036350276245398,0.12535808980918514,0.09654950619535696,0.09332370158405408,0.12571269584766553,0.1257950537235354,0.5164259672164917,0.5162513107061386,0.5149317979812622,0.514907956123352,0.5271435528993607,0.5259100049734116,0.36119547486305237,0.36076635122299194,0.4449726939201355,0.4449988603591919,0.7595884799957275,0.7605254948139191,-175.99722290039062,-176.29656982421875,-3.1079235076904297,-3.0552392005920415,3.7221131324768066,3.5111160278320312,,,,,,,,,0.3190411627292633,0.33207637071609497,-0.5382540022605208,-0.5037118108198286,0.8903563022613525,0.893009603023529,0.19025392163759475,0.1936597242144213,,,,,,,,,0.20381136238574982,0.20947429537773132,-0.8362943138777059,-0.8223155124713912,1.3271183967590332,1.3078151941299438,0.8256984817836185,0.8000051754678821
187,7.791666666666667,187,7.791666666666667,0.0,0.0430036556716168,0.042108140501997876,0.5343038184898031,0.5269599751005116,0.08527888845099818,0.08647850760612635,0.08620157220782924,0.08706099044813151,0.12895315708201924,0.12485361889566723,0.09487638576796162,0.090553286516663,0.12581867885854348,0.126229749812219,0.5164455473423004,0.5164151638746262,0.514701247215271,0.5144491791725159,0.527046412229538,0.5262205302715302,0.3606903851032257,0.360586553812027,0.44454091787338257,0.445088654756546,0.7597030997276306,0.7600756883621216,-175.78140258789062,-175.99154663085938,-2.6343698501586914,-2.1171624660491943,3.773690700531006,3.756351947784424,,,,,,,,,0.31971701979637146,0.33141347765922546,-0.5358685233065468,-0.5063210883806915,0.8902702927589417,0.8932809233665466,0.18982524405599904,0.1947444817671209,,,,,,,,,0.20426221191883087,0.2108812928199768,-0.8342757905053948,-0.8195951007654789,1.3308637142181396,1.3061327934265137,0.830382430101221,0.7983290441812342
188,7.833333333333333,188,7.833333333333333,0.0,0.04319497215875897,0.04422746935315546,0.5361869276525107,0.5300536542721088,0.0848971666126674,0.08611974494592836,0.08578924287427042,0.08687813930408353,0.12981961630050784,0.1266886271234588,0.09529559963882053,0.09334626734378264,0.12513026538400293,0.12579607149484404,0.5167634040117264,0.5165971368551254,0.5149778723716736,0.51533442735672,0.5273076295852661,0.5256948918104172,0.3597298562526703,0.3598751574754715,0.44246384501457214,0.44289854168891907,0.7575154006481171,0.7635302245616913,-176.38003540039062,-176.55987548828125,-2.5812058448791504,-3.0744946002960205,3.864603757858276,3.5947000980377197,,,,,,,,,0.31469571590423584,0.3313080370426178,-0.5504656321249741,-0.50116562034171,0.8973135948181152,0.8989676237106323,0.20359480917674214,0.19641538846185286,,,,,,,,,0.2036113739013672,0.20956000685691833,-0.8380699882549556,-0.815054782992562,1.3180744647979736,1.32890784740448,0.8163690266206298,0.819927627938162
189,7.875,189,7.875,0.0,0.041288795641376566,0.04120265844880348,0.5441177719527968,0.5347488783440987,0.07807037883125852,0.08699422552225106,0.07902640719737274,0.08772338357890329,0.14308047549450714,0.1298652014547115,0.10617561103908704,0.09684481086775489,0.12466721443769498,0.12523156426580906,0.5178227722644806,0.5178574025630951,0.5158793330192566,0.5158951878547668,0.5287681668996811,0.527318924665451,0.35849665105342865,0.35798652470111847,0.43732038140296936,0.4392482042312622,0.7561737298965454,0.7666328549385071,-177.754638671875,-176.82232666015628,-1.9576374292373657,-1.7149252891540527,4.155631065368652,3.7591185569763184,,,,,,,,,0.3104299008846283,0.3283305764198303,-0.5701493475142783,-0.514243099670219,0.8958292007446289,0.8873903751373291,0.20513475870112177,0.17554058390454078,,,,,,,,,0.2032172977924347,0.20748552680015564,-0.850114911104983,-0.8265414500214464,1.3199586868286133,1.335840106010437,0.8281228826716542,0.827434788751482
190,7.916666666666667,190,7.916666666666667,0.0,0.04222714371055805,0.04397975876758131,0.5355881207133142,0.5398236250925815,0.054741840696947416,0.05850111252294615,0.055821707989583524,0.058620895869002494,0.17621262206044958,0.170915127323568,0.13877122317764476,0.13305476023566373,0.12395708973999241,0.12262654148379476,0.5191086828708649,0.519218772649765,0.5171636939048767,0.5172460079193115,0.5316092669963837,0.5290766507387161,0.3584003895521164,0.35863642394542694,0.43345344066619873,0.4336133301258087,0.7587429881095886,0.7676148116588593,-178.99642944335938,-179.20419311523438,-1.8529011011123655,-1.5832757949829102,4.297571659088135,4.147507190704346,,,,,,,,,0.3009348511695862,0.3167920708656311,-0.6045142425807166,-0.5521649348060255,0.9018747806549072,0.8929542899131775,0.21099188157869092,0.18338372243129897,,,,,,,,,0.20081405341625214,0.20350152254104614,-0.8668946543983791,-0.846840451356413,1.3196864128112793,1.3365877866744995,0.826891821392727,0.832462234360576
191,7.958333333333333,191,7.958333333333333,0.0,0.04364392271058294,0.044849380273039224,0.5387816202813165,0.5412743319750271,0.05321486582746675,0.054311476972035935,0.05419310563462435,0.05485279751784815,0.16982946253998835,0.1704323051964303,0.13203738544716004,0.13461598365501143,0.1237920647680533,0.12305626115124568,0.5189805924892426,0.5192918926477432,0.5172221064567566,0.5170426368713379,0.5319865196943283,0.5285476595163345,0.35820479691028595,0.3590778112411499,0.4310114085674286,0.4319848120212555,0.7594613432884216,0.768194705247879,-180.21025085449213,-180.1945343017578,-2.088376998901367,-0.9514838457107545,4.520604610443116,4.253838062286377,,,,,,,,,0.301444411277771,0.3179979920387268,-0.6048215172902719,-0.547562289653685,0.8988990187644958,0.8941542506217957,0.20576885152699995,0.18426064294429703,,,,,,,,,0.20031742751598358,0.203481525182724,-0.8701256570757837,-0.8453775251082458,1.3175703287124634,1.3394349813461304,0.8236041268294779,0.8356421122121477
192,8.0,192,8.0,0.0,0.04669137732009885,0.050906772167227235,0.5161255100593888,0.52056090488331,0.051338602777656325,0.05137980194286918,0.05100656425978681,0.050321614310517314,0.1774331832463976,0.18204566824191684,0.13219965460248015,0.13888802716051374,0.12372228631588814,0.12151355288904798,0.521493524312973,0.5218646079301834,0.5189806818962097,0.5190790891647339,0.5290713012218475,0.5276550352573395,0.3527708053588867,0.3536229729652405,0.42529213428497314,0.4250405430793762,0.7577804625034332,0.7644875049591064,-180.0907135009765,-180.55929565429688,-1.065894603729248,-0.24465827643871307,4.922518730163574,4.723854064941406,,,,,,,,,0.31079643964767456,0.315244197845459,-0.5682219489932728,-0.5609869144806839,0.863059401512146,0.8601071238517761,0.15416234584929434,0.1420514251356287,,,,,,,,,0.20153012871742249,0.20372214913368225,-0.8526684294918736,-0.8555218391845067,1.311475396156311,1.3259799480438232,0.8107880898166424,0.8341468274685256
193,8.041666666666666,193,8.041666666666666,0.0,0.05899732224617294,0.05913488210695492,0.5059811210984958,0.5058870950225122,0.07287330414740084,0.07067155198204396,0.06988641727206839,0.06863880163416088,0.15874082137728546,0.15809095488549438,0.10934605317927476,0.10951389763248608,0.1252158189200278,0.12431746949534107,0.526150643825531,0.525999054312706,0.5235975980758667,0.5235741138458252,0.5340427458286285,0.5308193862438202,0.34589721262454987,0.3454587608575821,0.4128178060054779,0.413757860660553,0.7501499354839325,0.7456386387348175,-182.92607116699213,-182.4217529296875,-0.30657729506492615,-0.9026008844375611,5.195716381072998,5.240516662597656,,,,,,,,,0.28417348861694336,0.29607242345809937,-0.6570117728312428,-0.6178412682865454,0.8604188561439514,0.8292041420936584,0.16309324592772165,0.12371617711999577,,0.8083781599998474,,0.7305196317194412,,1.0601849555969238,,0.46567622146965315,0.2058732509613037,0.20356616377830505,-0.8628961562456329,-0.86131272421835,1.3080406188964844,1.236265778541565,0.8251482093592156,0.7263585054656025
194,8.083333333333334,194,8.083333333333334,0.0,0.05921245990333431,0.06182017609288556,0.5021570429807393,0.5038244480991423,0.06958689927336292,0.07518001941798395,0.06864285422725767,0.07379249107188625,0.16201914794772782,0.15823896706276883,0.11064420229098657,0.10705910980635068,0.12520545347287024,0.12490642783615008,0.5289119780063629,0.5284257084131241,0.526547372341156,0.5261257290840149,0.5364667475223541,0.5318544209003448,0.34210118651390076,0.34283506870269775,0.4098769724369049,0.41117578744888306,0.7463353276252747,0.7384882569313049,-182.4656372070312,-182.30360412597656,-1.492973804473877,-1.794329047203064,5.696070194244385,5.5504045486450195,,,,,,,,,0.28480345010757446,0.29067352414131165,-0.6750463276440589,-0.6335471227039533,0.8274202346801758,0.8266359567642212,0.12234218886738796,0.1302475395991893,,0.8283868432044983,,0.7789475263744894,,1.2253096103668213,,0.719329983987236,0.19743451476097107,0.2069457620382309,-0.9093994477126199,-0.8534877709214045,1.25970458984375,1.2152153253555298,0.7745796538253295,0.7044146113884523
195,8.125,195,8.125,0.0,0.06014016203217028,0.05672434976342806,0.5218788855971824,0.5166375362132516,0.076653792412269,0.07315488313235954,0.07539352866030272,0.07262133937065673,0.15362983894355214,0.16140851666662814,0.09935571805672748,0.1080383040081662,0.12356584820155035,0.1228599614211488,0.5283265709877014,0.5285628139972687,0.5267066359519958,0.526626706123352,0.5373161733150482,0.5325498729944229,0.34116457402706146,0.3426317274570465,0.4098536968231201,0.4120709002017975,0.7492702603340149,0.7391228377819061,-181.904067993164,-181.6512451171875,-3.5251400470733643,-3.6418700218200684,5.766580581665039,5.96768856048584,,,,,,,,,0.28444650769233704,0.2896445691585541,-0.6792502296567419,-0.6352989250670803,0.8248501420021057,0.8292382955551147,0.11419886670829862,0.13257539897249984,,0.8251052498817444,,0.7651546241439652,,1.2309651374816895,,0.7235849511895445,0.19392803311347961,0.20483985543251038,-0.9223979970825262,-0.8570987072043253,1.259476661682129,1.2207727432250977,0.770906113311275,0.7085901792775673
196,8.166666666666666,196,8.166666666666666,0.0,0.061821160882416536,0.061999871314217345,0.5033847782948577,0.5031968863012555,0.07570848567663985,0.07291885564538846,0.0744175203387508,0.07204652536554634,0.16014409272736946,0.16756035067652597,0.10497474575731934,0.11271688694366186,0.12367958257886298,0.12322392348549502,0.5309972018003464,0.53133425116539,0.5285847783088684,0.528331458568573,0.5357021689414978,0.5341693460941315,0.3399133235216141,0.3411911725997925,0.4084988832473755,0.4103374481201172,0.7462876439094543,0.7409968674182892,-182.008560180664,-181.72323608398438,-2.8149282932281494,-2.3474435806274414,6.025323390960693,6.180234909057618,,,,,,,,,0.2866613268852234,0.28687822818756104,-0.6657894255685792,-0.6470670437230559,0.8085549473762512,0.8033059239387512,0.09363730432252196,0.09170952945828903,,0.8141893148422241,,0.7327060304272928,,1.073100209236145,,0.4888060084754921,0.1904650330543518,0.1918976604938507,-0.9229620028963174,-0.8955951577490786,1.2482495307922363,1.2285552024841309,0.7548481360753596,0.7176123021164885
197,8.208333333333334,197,8.208333333333334,0.0,0.04543639935189575,0.056466169528988905,0.4837764217828819,0.4843312862178044,0.0826155223977761,0.07877503217303287,0.08074723240507492,0.07691413506008415,0.15697503876959074,0.16141139722718031,0.09855672122726039,0.1026020805561026,0.12387667570470182,0.12361177529908483,0.5338927358388901,0.5343360006809235,0.5311993360519409,0.5319758057594299,0.536114051938057,0.5364015400409698,0.3403495252132416,0.3414470851421356,0.4122491776943207,0.41112208366394043,0.7521266043186188,0.7445199489593506,-180.90310668945307,-181.7328338623047,-3.6998171806335445,-4.520869731903076,6.258329391479492,6.45543098449707,,,,,,,,,0.31256917119026184,0.31662777066230774,-0.5994983187396058,-0.5770793162484257,0.7640846967697144,0.7595371603965759,0.018038801275064967,0.02218050725351397,,,,,,,,,0.15711817145347595,0.17406997084617615,-1.0163837901350998,-0.95140586976005,1.208598017692566,1.2126734256744385,0.6885878451998639,0.6914653648877018
198,8.25,198,8.25,0.0,0.049063047655673715,0.05375953483052602,0.48108162230241697,0.48104207472796606,0.07756261145883375,0.07635496299148484,0.07592598737306598,0.07533594986431348,0.15301006419473867,0.15750059585792073,0.09281800062491662,0.09975332547557496,0.12367248895628466,0.12320339901322301,0.5333985090255737,0.5339542925357819,0.5320035815238953,0.5321831703186035,0.5365166366100311,0.5394613146781921,0.34050485491752625,0.3416932076215744,0.4110744893550873,0.4120607376098633,0.7520261108875275,0.7519858479499817,-181.38529968261713,-181.4033660888672,-6.346558094024658,-5.82003927230835,6.209052562713623,6.217888355255127,,,,,,,,,0.3127507269382477,0.32601743936538696,-0.5998227022736309,-0.5680606716761347,0.7641540765762329,0.7470985054969788,0.018286873564756653,-0.007316549635255027,,,,,,,,,0.15684816241264343,0.1625221073627472,-1.0177321938592878,-1.0031880229633154,1.2072653770446777,1.203072190284729,0.6864220361112369,0.6752945276936667
199,8.291666666666666,199,8.291666666666666,0.0,0.042346354417118225,0.05158005888250074,0.4827856129257199,0.4843820678539936,0.08211486569533522,0.07744095720385023,0.08098632871264276,0.07616577777744707,0.15498097077123948,0.15828801102564413,0.09635948866033972,0.1002971135804989,0.123785083068507,0.12316972009987227,0.5345360785722733,0.534176379442215,0.5322422981262207,0.5322439670562744,0.5361552834510803,0.5406030714511871,0.3413809984922409,0.34141530096530914,0.4133596420288086,0.4129635691642761,0.7475971877574921,0.7537689507007599,-180.94670104980463,-180.95399475097656,-4.168116569519043,-5.648656845092773,6.214400768280029,6.2349162101745605,,,,,,,,,0.3152707815170288,0.32909685373306274,-0.5903805618819229,-0.5616338304197652,0.7774443030357361,0.7443370819091797,0.04487368081738134,-0.014088034234655352,,,,,,,,,0.15513214468955994,0.16216564178466797,-1.0183994475954778,-1.0049031441764769,1.2169158458709717,1.203742504119873,0.7055976924234609,0.6721088858781631
200,8.333333333333334,200,8.333333333333334,0.0,0.030875823449188013,0.03565095255184771,0.5036067223768991,0.4923227539818475,0.07950456072112386,0.08167102049236204,0.07875082661919035,0.08155208231399716,0.15685043087413836,0.15842668677517865,0.09829727492320105,0.09897456546531036,0.12401484649386729,0.12384641295481352,0.5358410179615021,0.536018580198288,0.5334926247596741,0.5336217880249023,0.5376013219356537,0.5361236035823822,0.34296785295009613,0.3443334400653839,0.4190802574157715,0.41908010840415955,0.7497852742671967,0.7439482510089874,-179.72808837890622,-179.92747497558594,-4.184950828552246,-4.790611743927002,6.276392936706543,6.614094734191895,,,,,,,,,0.35308152437210083,0.367263525724411,-0.49883066564828693,-0.44738563937501974,0.7332215905189514,0.7128276824951172,-0.02518776490701218,-0.04637939757955359,,,,,,,,,0.1851884126663208,0.1517767310142517,-0.9527127627230517,-1.0183062421083988,1.0835380554199219,1.1571927070617676,0.5075251807815344,0.6158637145807948
201,8.375,201,8.375,0.0,0.02697195791693589,0.04140946011935184,0.5149485962336416,0.4977768141895964,0.07607756416106855,0.07462446585049859,0.07371236974745066,0.07415879656083287,0.16632276918349545,0.16752951249231304,0.10697787632538333,0.10594619609514404,0.12374137929199187,0.12267543621786435,0.5376301109790802,0.5378738194704056,0.5349907875061035,0.534093976020813,0.5276341140270233,0.5221313536167145,0.35303734242916107,0.35346877574920654,0.43051406741142273,0.43083328008651733,0.7373914122581482,0.7317606806755066,-179.25646972656244,-178.70851135253906,-2.3612701892852783,-2.543323040008545,6.013336181640625,6.809554576873779,,,,,,,,,0.38461774587631226,0.42591768503189087,-0.36805664350401024,-0.24624043623804961,0.8400228023529053,0.7988361120223999,0.14857018160046567,0.09656252164315451,,,,,,,,,0.1729835569858551,0.18056192994117737,-0.912703177470186,-0.874181445615414,1.0827572345733643,1.051074743270874,0.49995486656267196,0.4596880029122149
202,8.416666666666666,202,8.416666666666666,0.0,0.054607830652257966,0.06707193842188659,0.503487648707027,0.5093109053959859,0.05935357673624376,0.06298945818293264,0.05858422770952559,0.06164188817338171,0.1840280190709655,0.18130344244461985,0.12451813151257136,0.12510483814924167,0.1239307078668207,0.12363733541767531,0.5388683974742889,0.5386838614940643,0.535843551158905,0.5356926321983337,0.5325373113155365,0.527019590139389,0.3620370924472809,0.3637819439172745,0.43974897265434265,0.44210413098335266,0.7186612486839294,0.7218349874019623,-179.30598449707026,-178.65736389160156,-3.4112205505371094,-3.451754093170166,6.533905506134033,6.185389518737794,,,,,,,,,0.4117093086242676,0.4373225271701813,-0.31278276697789303,-0.23241638037569826,0.884000837802887,0.8547200560569763,0.24075460427920942,0.19368109080421664,,,,,,,,,0.16962480545043945,0.1796577274799347,-0.9394575365563694,-0.9000583087941866,1.054469108581543,1.0615653991699219,0.48897719447778853,0.4951598956644806
203,8.458333333333334,203,8.458333333333334,0.0,0.06436005524322844,0.06913838461885684,0.49904513162673675,0.49392234331757084,0.06076336724384815,0.057168863546020854,0.06045066631864345,0.05668015302702375,0.17359850799724974,0.17763066771658448,0.1162644343461544,0.1215712605335764,0.12434071168628837,0.12410341785341168,0.5381180793046951,0.5381942689418793,0.5357174873352051,0.5350291728973389,0.5314910709857941,0.5236577391624451,0.3623617887496948,0.3639071136713028,0.43815943598747253,0.4404652416706085,0.7322777211666107,0.724530428647995,-180.3851470947265,-180.0973663330078,-4.4662065505981445,-3.1306862831115723,6.401859283447266,6.318546295166016,,,,,,,,,0.3961280882358551,0.43960902094841003,-0.3466776632193266,-0.2169091779797359,0.8941212892532349,0.8561244010925293,0.23315456137987586,0.19103166366565527,,,,,,,,,0.1731416881084442,0.1788618266582489,-0.9177673552119139,-0.8898338908822204,1.0737991333007812,1.0628618001937866,0.4920014801290042,0.49114715192534625
204,8.5,204,8.5,0.0,0.07576767875858159,0.07022020895448611,0.5335649934684324,0.5393801726623256,0.06901591110437388,0.06978699865221355,0.0704553374051143,0.07039573438070038,0.17378113419431948,0.16573226669709504,0.11302041519325622,0.10701437843015145,0.1246761614530528,0.12453740603344837,0.5399194061756134,0.5396381765604019,0.5357809662818909,0.5358020663261414,0.5290077924728394,0.5296135395765305,0.3682843893766403,0.3695865124464035,0.4504643380641937,0.45364925265312195,0.721041738986969,0.7221168279647827,-178.13351440429685,-177.22119140625,-3.5137369632720947,-3.9279129505157475,7.3431034088134775,6.891333103179932,,,,,,,,,0.43606024980545044,0.4477921724319458,-0.2395257951478153,-0.21411142272497474,0.9236502051353455,0.9133567214012146,0.29369360736073585,0.28149722976534663,,,,,,,,,0.17703819274902344,0.18208047747612,-0.907025574020736,-0.9094299077012032,1.0712311267852783,1.0596810579299927,0.5076213571777107,0.4968806136396682
205,8.541666666666666,205,8.541666666666666,0.0,0.04397779877326594,0.045844788054584903,0.5645637186292065,0.5568036970378609,0.07401352555982811,0.08299214024188666,0.07613797640874247,0.08403837318588511,0.16665119879894777,0.151080348220497,0.10661746610511542,0.09231084653392876,0.12482492898253271,0.12512175292502065,0.5406584441661835,0.5404720157384872,0.537448525428772,0.5358821153640747,0.5250893831253052,0.5309189409017563,0.3745020180940628,0.3732490688562393,0.4585772752761841,0.4597543478012085,0.7391548752784729,0.7258902192115784,-176.8468627929687,-175.85537719726562,-3.5444107055664062,-1.4203909635543823,6.856270790100098,6.628537178039551,,,,,,,,,0.3895713686943054,0.435739129781723,-0.3436482533380709,-0.24600854466079652,1.0363459587097168,1.0238311290740967,0.42391170945909695,0.43316964944370456,,,,,,,,,0.15890955924987793,0.17941680550575256,-0.92856331618188,-0.9085175496396058,1.0775303840637207,1.0628652572631836,0.48265694485895194,0.4899204985694913
206,8.583333333333334,206,8.583333333333334,0.0,0.04725633506732958,0.043625184848823065,0.5449979865703117,0.5496110104616014,0.0827287032926535,0.08845138636714275,0.08468856082048289,0.09001130419897536,0.1551036655166146,0.13929736706655027,0.09449717747260619,0.08162394679952963,0.12581106858053764,0.12552140258138977,0.5407181233167648,0.5403289496898651,0.5371922850608826,0.5365408062934875,0.5251746773719788,0.5316080749034882,0.37223057448863983,0.3717257231473923,0.4587518274784088,0.4588325321674347,0.7407701909542084,0.7267329394817352,-174.90963745117185,-174.66635131835938,-3.834088563919068,-2.671051263809204,6.869295597076416,6.478403568267822,,,,,,,,,0.40338820219039917,0.431490033864975,-0.30935096791744204,-0.25926514640510684,1.03299880027771,1.0277128219604492,0.41753960523606604,0.4384214450622594,,,,,,,,,0.16457754373550415,0.17786845564842224,-0.9159561614077398,-0.9160422359859369,1.0831199884414673,1.0567989349365234,0.48915333658257726,0.48078964448208755
207,8.625,207,8.625,0.0,0.041990973452014996,0.04345857116926757,0.5470692411045782,0.5500921813536995,0.08568244124286395,0.09034114887093782,0.08745196875225146,0.09210819875192369,0.1529435559057756,0.14097231984307046,0.09357215368022379,0.08397043741061849,0.12519249208231942,0.12548353403499074,0.54066002368927,0.5404408276081085,0.5369554758071899,0.5360962748527527,0.52463498711586,0.5301135182380676,0.3713712692260742,0.3714686930179596,0.4584454298019409,0.45900627970695496,0.7398192286491394,0.727585643529892,-174.4063873291015,-174.42860412597656,-3.2750802040100098,-1.9825650453567505,6.669750213623047,6.5501885414123535,,,,,,,,,0.4030044674873352,0.43353143334388733,-0.3098815851804075,-0.2496763515636638,1.0346100330352783,1.025182843208313,0.4224639600884175,0.4327451412146784,,,,,,,,,0.1663723886013031,0.18299831449985504,-0.9127559618885869,-0.897334715196824,1.0824229717254639,1.0710971355438232,0.4909845622306134,0.4995105104519318
208,8.666666666666666,208,8.666666666666666,0.0,0.04263742055152945,0.042390760767938226,0.5543070236412277,0.5509091709832324,0.08244812885717286,0.08714490131271418,0.08404883297035745,0.0892338319846352,0.14527645442892223,0.13700251533808042,0.08784404127507371,0.08151101304753688,0.1256181852835063,0.12608977465508628,0.540170356631279,0.5404042452573776,0.5373588800430298,0.5370115637779236,0.5258229076862335,0.5301015675067902,0.36827559769153595,0.36887170374393463,0.4526834189891815,0.45352885127067566,0.7380176484584808,0.7270581126213074,-175.5599212646484,-175.5712890625,-3.39660382270813,-2.5528080463409424,6.416994571685791,6.467695236206056,,,,,,,,,0.39467719197273254,0.4358397424221039,-0.3349108045459189,-0.24334883943384866,1.026674509048462,1.0147459506988525,0.414647891863728,0.4177702061999661,,,,,,,,,0.17861852049827576,0.1834861934185028,-0.8866664078376815,-0.8948314860075548,1.09580397605896,1.0781784057617188,0.5139505299613623,0.5098845966047515
209,8.708333333333334,209,8.708333333333334,0.0,0.046918143676289915,0.04670353707736311,0.5442660307107333,0.5385814164801986,0.0801248816673341,0.08503568963208413,0.08152844338820049,0.08657006282553063,0.1519881406580315,0.14181296914087224,0.09750082498404632,0.09153266481281319,0.12543261518555324,0.12446850827680189,0.5395441353321075,0.5391741245985031,0.5386873483657837,0.5376130938529968,0.5269166231155396,0.528808057308197,0.3608751595020294,0.36135129630565643,0.44181132316589355,0.44252750277519226,0.7353315651416779,0.7262178957462311,-176.2391510009765,-176.36354064941406,-4.882765769958496,-3.9076340198516846,5.789819717407227,5.458887100219727,,,,,,,,,0.38811004161834717,0.429378867149353,-0.3546337683862433,-0.2559297469478027,1.0345041751861572,1.0273840427398682,0.42994646785782537,0.43604925085110546,,,,,,,,,0.17925220727920532,0.18408575654029846,-0.8882398845355539,-0.8873117749611402,1.0914497375488281,1.0732266902923584,0.5117839843148559,0.5024234178079148
210,8.75,210,8.75,0.0,0.048365602825541525,0.05003082763117704,0.5619211714555218,0.5516134969505045,0.08296016296759474,0.08557430935926451,0.08529822884378042,0.08659055555679021,0.14301543101599562,0.1377961726832383,0.09485119699593086,0.09043433726059233,0.12513241444152373,0.12434892644403313,0.538722962141037,0.5385421961545944,0.5372838973999023,0.5374931693077087,0.5268062651157379,0.5282710194587708,0.3570992201566696,0.35655055940151215,0.4370585083961487,0.4349832832813263,0.7389232218265533,0.731985330581665,-176.47357177734372,-177.55226135253906,-3.3830621242523193,-3.762641191482544,5.423443794250488,5.240658283233643,,,,,,,,,0.37286800146102905,0.390188068151474,-0.39310101492390126,-0.35026400317392126,1.0522384643554688,1.0676848888397217,0.45005089708786666,0.47899253231195865,,,,,,,,,0.16634750366210938,0.18750670552253723,-0.9204774797477677,-0.8643896412128089,1.0782856941223145,1.0716557502746582,0.4874655438462057,0.4846583514272702
211,8.791666666666666,211,8.791666666666666,0.0,0.0400236535023733,0.03917025166633255,0.5610632199586019,0.5602267664630906,0.07868697832897965,0.08589448200259983,0.08047022925934569,0.08638874462726635,0.14116414488456622,0.1329491559595064,0.09528633208055365,0.08540643207827174,0.12472055336410587,0.12559757977929278,0.5386985391378403,0.5390589982271194,0.5369940996170044,0.5363752841949463,0.5259057581424713,0.527909979224205,0.3559081107378006,0.35612526535987854,0.4358386993408203,0.4367034435272217,0.7385153472423553,0.7317067682743073,-176.83793640136716,-176.42361450195312,-2.8231306076049805,-1.3405046463012695,5.208435535430908,5.44267463684082,,,,,,,,,0.3713759779930115,0.3824939727783203,-0.39527318958096447,-0.3679183150074364,1.052328109741211,1.0720326900482178,0.45152136007274696,0.48434715199795475,,,,,,,,,0.1671355962753296,0.18427106738090515,-0.9177015981679679,-0.869443828822421,1.0810943841934204,1.0678192377090454,0.49291096851779836,0.47835062481624624
212,8.833333333333334,212,8.833333333333334,0.0,0.06104455455309728,0.05660709961351827,0.5663188144355772,0.5578411214697152,0.08203853902621264,0.0852735694265169,0.08279057997828576,0.08577473730695921,0.13682296698740057,0.13538212005146982,0.09299958880150389,0.09157711316096495,0.12413058636513276,0.12433725263628545,0.537827879190445,0.5380136072635651,0.5374587774276733,0.5376797318458557,0.5222720801830292,0.5320840775966644,0.3516469895839691,0.3516634404659271,0.4278400242328644,0.4290020763874054,0.744354784488678,0.7301707863807678,-178.63667297363278,-178.0992431640625,-3.8174691200256348,-4.098190307617188,4.7248334884643555,4.639349460601807,,,,,,,,,0.3620322346687317,0.3803442120552063,-0.40348852551716974,-0.3908437913866271,1.0895304679870605,1.0947879552841187,0.488903775848175,0.5282787773473953,,,,,,,,,0.15830561518669128,0.18294143676757812,-0.916477994769195,-0.8993037722120297,1.0891401767730713,1.0498414039611816,0.4883509708351863,0.4631575729612216
213,8.875,213,8.875,0.0,0.0595659019955636,0.05295414655718763,0.5682924985159797,0.5566040051344371,0.07977040802478097,0.08477124860524651,0.08057284389564243,0.0854331081526801,0.13536901233296486,0.1313569391803214,0.09635345965099369,0.09457463650514736,0.12356960910223062,0.12389719128801156,0.536378800868988,0.5363937467336655,0.5365498661994934,0.5363264679908752,0.5295149385929108,0.5304337292909622,0.3480902463197708,0.34802110493183136,0.4231036901473999,0.4244256317615509,0.7402414083480835,0.7473584115505219,-179.0919799804687,-178.50112915039062,-4.068718433380127,-3.807239532470703,4.203470230102539,4.0177435874938965,,,,,,,,,,,,,,,,,,,,,,,,,,,,,,,,
214,8.916666666666666,214,8.916666666666666,0.0,0.06689625446386196,0.05557718693668156,0.5618129416799585,0.5563519146387296,0.08051187270436393,0.08542827762212954,0.0819607005875737,0.08616345229201414,0.1370489506246965,0.12971133005183125,0.10207460576243381,0.0955833420188309,0.1234673270627278,0.12390524218245674,0.5350648164749146,0.5350437760353088,0.5354481339454651,0.5343977808952332,0.5276165157556534,0.5292356908321381,0.3476092368364334,0.34753407537937164,0.42363980412483215,0.4258652329444885,0.7486936151981354,0.752480536699295,-178.69918823242182,-177.75685119628906,-4.919043064117432,-3.5393435955047607,3.895133256912232,3.8759768009185787,,,,,,,,,,,,,,,,,,,,,,,,,,,,,,,,
215,8.958333333333334,215,8.958333333333334,0.0,0.05208247683538739,0.05016147186013156,0.5605302560495233,0.5563151296939262,0.08223127600656925,0.0865680139091382,0.08359937781847442,0.08682462859510105,0.13335480424837223,0.1314178645115611,0.09838156244566293,0.09512541531998375,0.12424342565794706,0.12439068889899399,0.535157784819603,0.5351320654153824,0.5341194272041321,0.5339640974998474,0.5273374915122986,0.5300666242837906,0.34672096371650696,0.3475094884634018,0.42410969734191895,0.4268549382686615,0.7510164082050323,0.7527241706848145,-178.42274475097653,-177.47877502441406,-2.8681514263153076,-2.808323621749878,4.112834453582764,4.10252046585083,,,,,,,,,,,,,,,,,,,,,,,,,,,,,,,,
216,9.0,216,9.0,0.0,0.04835886937107388,0.05528318116569042,0.5582382000386094,0.5572897802815905,0.07798492072708436,0.08265033633979878,0.07947310885295991,0.08410178657375217,0.13238099205464135,0.12263377741819913,0.0987688473940729,0.09189430052841273,0.12425372351726385,0.12552290840909208,0.5322732031345367,0.5323479771614075,0.5318368077278137,0.531867265701294,0.5238932967185974,0.5278779864311218,0.3465082049369812,0.3471987843513489,0.4210878312587738,0.4238981306552887,0.7554986774921417,0.7536488771438599,-179.94860839843744,-178.93470764160156,-3.002450942993164,-2.848686933517456,3.8792433738708496,3.629668474197388,,,,,,,,,,,,,,,,,,,,,,,,,,,,,,,,
217,9.041666666666666,217,9.041666666666666,0.0,0.03799434870823793,0.043068968290770136,0.5601327712747067,0.5546129498997205,0.0760761654670172,0.08248980872238373,0.07892048336423851,0.08464204230500184,0.11971727254393093,0.11059854801353214,0.09680543594973631,0.08933394890083096,0.12574261424502253,0.1265101952994287,0.5261744260787964,0.526250958442688,0.5242471098899841,0.5246490836143494,0.5205372869968414,0.5286797285079956,0.34589843451976776,0.3469245582818985,0.42047151923179626,0.42291170358657837,0.759475827217102,0.7511814832687378,-180.015396118164,-179.37738037109375,0.6241676807403564,0.14963705837726593,3.079050064086914,2.8679423332214355,,,,,,,,,,,,,,,,,,,,,,,,,,0.20799309015274048,,-0.8054571355494125,,1.0018445253372192,,0.35413952542440164
218,9.083333333333334,218,9.083333333333334,0.0,0.04023081406957983,0.044662185533568925,0.5610258044597642,0.5598801373094411,0.07788115845315802,0.08327424482302098,0.07977223040718356,0.08395178474229802,0.1187913789101208,0.11054625206230174,0.09773826026086882,0.09113177202981079,0.12472415027471952,0.12517627243596877,0.5223584771156311,0.5218916237354279,0.5206881165504456,0.5205826759338379,0.5198491215705872,0.5205125659704208,0.34572944045066833,0.34665757417678833,0.42090216279029846,0.42316341400146484,0.7580598294734955,0.7675283849239349,-179.68534851074213,-179.11346435546875,0.40309107303619385,0.04223984479904175,2.7323038578033447,2.326735496520996,,,,,,,,,,,,,,,,,,,,,,,,,,,,,,,,
219,9.125,219,9.125,0.0,0.04206872132498314,0.05406827184107236,0.5718519709069302,0.5703017396243714,0.082936582899346,0.08386805662772272,0.08435050175833814,0.08496617626749531,0.12015728389630755,0.11724835887195158,0.09957032923475519,0.09795084655038458,0.12366907114713585,0.12322377944515928,0.5218214690685272,0.521825984120369,0.5216493010520935,0.521315336227417,0.5203749388456345,0.5211583375930786,0.34478309750556946,0.3454167991876602,0.42317330837249756,0.4253254234790802,0.7565681636333466,0.7626784443855286,-177.85420227050776,-177.2299346923828,-2.644286870956421,-2.2906014919281006,2.3872368335723877,2.2997076511383057,,,,,,,,,,,,,,,,,,,,,,,,,,,,,,,,
220,9.166666666666666,220,9.166666666666666,0.0,0.04826033487911782,0.048266663537093975,0.577756643005493,0.5575224335019411,0.07915848603139401,0.08222403433531258,0.08158142352693457,0.08389839908697856,0.1140538464930455,0.10812882620797278,0.10322695919932015,0.09710232172054965,0.12496264917387148,0.1251663583861522,0.5174964517354965,0.5169336348772049,0.5163360238075256,0.5154207944869995,0.5204842984676361,0.5196209251880646,0.3463190346956253,0.34683501720428467,0.42360419034957886,0.42553529143333435,0.7554886341094971,0.758255660533905,-178.77166748046872,-178.14163208007812,0.20235604047775269,0.9911050200462342,1.708048939704895,1.6031250953674316,,,,,,,,,,,,,,,,,,,,,,,,,,,,,,,,
221,9.208333333333334,221,9.208333333333334,0.0,0.035941848893400366,0.042429070529085504,0.581655518948462,0.5741254920083332,0.07570687071321018,0.07917684442315838,0.07776446152106758,0.08161593648049228,0.10968274319230996,0.10192616990104958,0.11038615395865,0.10617077189766916,0.1253810566901439,0.12575415979992205,0.5092746317386627,0.5095253437757492,0.5081947445869446,0.5075889229774475,0.5186441987752914,0.5188009589910507,0.3504171818494797,0.3503998965024948,0.4297768771648407,0.43090394139289856,0.7515343427658081,0.7589101791381836,-178.44975280761713,-177.71221923828125,1.3038485050201416,2.9895708560943604,0.4132605195045471,0.18161402642726898,,,,,,,,,,,,,,,,,,,,,,,,,,,,,,,,
222,9.25,222,9.25,0.0,0.03324527304304533,0.036627951249580196,0.5724779310423556,0.5749391174372102,0.0757126094356851,0.08004757974837393,0.0778746107646721,0.0826412192039722,0.10562595276911624,0.09679109003369085,0.1047344258814614,0.10360120308227114,0.12583287571166654,0.12581753984040814,0.5068072825670242,0.5067943036556244,0.5048046112060547,0.5044960379600525,0.5188646018505096,0.5170437693595886,0.35126157104969025,0.3516627252101898,0.43295592069625854,0.433931440114975,0.7505529522895813,0.7577065527439117,-177.32640075683588,-177.4739990234375,2.4143433570861816,3.8709607124328613,0.6981920599937439,0.02859150432050228,,,,,,,,,,,,,,,,,,,,,,,,,,,,,,,,
223,9.291666666666666,223,9.291666666666666,0.0,0.03331191054951955,0.03485766965025206,0.5757189524996319,0.5759957762619455,0.07772999158399223,0.07771830417385436,0.08056681349491751,0.08056910806503713,0.10635449118386889,0.10213834452199573,0.11013635924887671,0.1090900932373443,0.12575066447904057,0.12508441176850432,0.5063414871692657,0.5061083883047104,0.5051100254058838,0.5048490166664124,0.5179939121007919,0.5174251794815063,0.3518034517765045,0.35195428133010864,0.43375080823898315,0.43579989671707153,0.7523195147514343,0.7553903758525848,-176.78459167480463,-176.1219482421875,1.3701889514923096,2.0178427696228027,0.23491255939006805,-0.13023728132247925,,,,,,,,,,,,,,,,,,,,,,,,,,,,,,,,
224,9.333333333333334,224,9.333333333333334,0.0,0.027913479541998944,0.029806121442256823,0.5770398271758261,0.5755272539517096,0.07708823246305624,0.07851277362214377,0.07912751850050836,0.08116110604353169,0.1068806250585554,0.10033202805158492,0.1124195935590784,0.1124249996419855,0.12517994895450396,0.12531782166954133,0.5036399215459824,0.5038437843322754,0.502541720867157,0.5025802254676819,0.5165635645389557,0.5158924460411072,0.35309886932373047,0.3529351055622101,0.43485185503959656,0.43651169538497925,0.7527044117450714,0.7562665343284607,-176.6520843505859,-176.1632537841797,1.7945231199264524,2.673342227935791,-0.10326340049505234,-0.6241412162780762,,,,,,,,,,,,,,,,,,,,,,,,,,,,,,,,
225,9.375,225,9.375,0.0,0.02359432527098938,0.02811065598635772,0.5844350319501956,0.5770510531723093,0.07948454609206432,0.08107367122284946,0.08182391514833674,0.08361797629137598,0.10553641321716802,0.09728287136223115,0.11560251720575625,0.11197253685479103,0.1250810844430975,0.1255111595399018,0.5005406886339188,0.5010714381933212,0.500088632106781,0.5001356601715088,0.5142278224229813,0.5143093019723892,0.35390250384807587,0.3535531759262085,0.4353194236755371,0.4366644322872162,0.7538554668426514,0.760634034872055,-176.49552917480463,-176.12164306640625,1.2087961435317993,2.459181547164917,-0.6708440780639648,-0.9507972002029419,,,,,,,,,,,,,,,,,,,,,,,,,,,,,,,,
226,9.416666666666666,226,9.416666666666666,0.0,0.02444200112094798,0.02889278703725492,0.5867425676275425,0.5770707546234872,0.08123962843548407,0.07840682034177267,0.08154168542904043,0.08036104395665629,0.09908821256812876,0.09621225461936982,0.11002444324939377,0.11116499866257198,0.12443675291671569,0.12465386490148991,0.49914872646331787,0.4996868371963501,0.4986267685890198,0.4989790618419647,0.5137355029582977,0.5143177211284637,0.3532433658838272,0.35314592719078064,0.4358295798301697,0.4361105263233185,0.7531876266002655,0.7582007348537445,-175.27893066406244,-175.73898315429688,1.921668291091919,2.229203462600708,-1.097754716873169,-1.2457833290100098,,,,,,,,,,,,,,,,,,,,,,,,,,,,,,,,
