source_frame,source_time_s,candidate_frame,candidate_time_s,candidate_minus_source_sampling_ms,source_mouth_aperture,candidate_mouth_aperture,source_mouth_width,candidate_mouth_width,source_left_eye_aperture,candidate_left_eye_aperture,source_right_eye_aperture,candidate_right_eye_aperture,source_left_brow_height,candidate_left_brow_height,source_right_brow_height,candidate_right_brow_height,source_interocular_width_fraction,candidate_interocular_width_fraction,source_face_center_x,candidate_face_center_x,source_nose_x,candidate_nose_x,source_shoulder_center_x,candidate_shoulder_center_x,source_face_center_y,candidate_face_center_y,source_nose_y,candidate_nose_y,source_shoulder_center_y,candidate_shoulder_center_y,source_head_pitch_deg,candidate_head_pitch_deg,source_head_yaw_deg,candidate_head_yaw_deg,source_head_roll_deg,candidate_head_roll_deg,source_left_wrist_x,candidate_left_wrist_x,source_left_wrist_body_relative_x,candidate_left_wrist_body_relative_x,source_left_wrist_y,candidate_left_wrist_y,source_left_wrist_body_relative_y,candidate_left_wrist_body_relative_y,source_right_wrist_x,candidate_right_wrist_x,source_right_wrist_body_relative_x,candidate_right_wrist_body_relative_x,source_right_wrist_y,candidate_right_wrist_y,source_right_wrist_body_relative_y,candidate_right_wrist_body_relative_y,source_left_elbow_x,candidate_left_elbow_x,source_left_elbow_body_relative_x,candidate_left_elbow_body_relative_x,source_left_elbow_y,candidate_left_elbow_y,source_left_elbow_body_relative_y,candidate_left_elbow_body_relative_y,source_right_elbow_x,candidate_right_elbow_x,source_right_elbow_body_relative_x,candidate_right_elbow_body_relative_x,source_right_elbow_y,candidate_right_elbow_y,source_right_elbow_body_relative_y,candidate_right_elbow_body_relative_y
0,0.0,0,0.0,0.0,0.06921563047921775,0.034359190025476535,0.5548154570735747,0.5543647640851094,0.04892360008827336,0.04722631449067371,0.05138943165081747,0.048525182868233804,0.12930402658028786,0.14097168301943713,0.15134732233081896,0.15022248582119718,0.12558046549667495,0.08204219706520728,0.47843191027641296,0.4956449121236801,0.47032538056373596,0.4925622045993805,0.5088973343372345,0.5082931816577911,0.3765561878681183,0.2491409331560135,0.45682674646377563,0.30103886127471924,0.7476443946361542,0.498370498418808,-177.30426025390628,-174.02149963378906,11.733709335327148,9.192134857177734,-1.4993833303451538,0.18985578417778015,,0.6554149389266968,,0.5461609212675346,,0.8681895732879639,,0.7722457972230059,,0.33773869276046753,,-0.6331503817767623,,0.8854736089706421,,0.8083378347138335,,0.7370016574859619,,0.8490357522830352,,0.7987999320030212,,0.6273482987041209,,0.2761775851249695,,-0.8616840255056057,,0.798017144203186,,0.6257137032231981
1,0.041666666666666664,1,0.041666666666666664,0.0,0.04927863698493511,0.028655198910877835,0.5553775169471901,0.5668190166229167,0.04728996476319326,0.04173538095178579,0.048007803392668344,0.04467918835715518,0.13464860205893425,0.14466066720869186,0.15608772034655918,0.16316553871967143,0.12535448416467376,0.08309443024251063,0.4787265658378601,0.4941905587911606,0.46898946166038513,0.49085310101509094,0.5091353952884674,0.5085662305355072,0.3779907524585724,0.2506118491292,0.45737752318382263,0.30139362812042236,0.7641231119632721,0.49423418939113617,-177.5950927734375,-175.3925323486328,13.489737510681152,8.774316787719727,-1.4921683073043823,-0.16191834211349487,,0.6506764888763428,,0.5297995003769252,,0.871342122554779,,0.7908139304112796,,0.3428928554058075,,-0.6176448652915575,,0.8853976726531982,,0.8202891120235427,,0.733903706073761,,0.8400778617264635,,0.8000327348709106,,0.6412746282904976,,0.27517807483673096,,-0.8700915030816815,,0.7949366569519043,,0.630587901615186
2,0.08333333333333333,2,0.08333333333333333,0.0,0.05676389230020106,0.027812322325186014,0.5534463023189269,0.5637539316620004,0.04650822122857526,0.040493528348714614,0.04639477451705168,0.042027871796486524,0.13733393822844153,0.15034990852464472,0.15646552551950568,0.169262608885655,0.1252510818802561,0.08334393137076189,0.4790358543395996,0.49357692897319794,0.47021499276161194,0.4903016686439514,0.508836567401886,0.5085571855306625,0.3791736364364624,0.2528940290212631,0.4582988917827606,0.30256256461143494,0.7666668891906738,0.49355655908584595,-177.68614196777347,-176.34017944335938,12.653078079223633,8.589330673217773,-1.467086672782898,-0.4558233916759491,,0.6527208685874939,,0.5348128368031131,,0.872381865978241,,0.7905101750593858,,0.3381624221801758,,-0.6321238805195097,,0.8878519535064697,,0.8227922358869584,,0.7343245148658752,,0.8375428769507026,,0.794734001159668,,0.6284792175337498,,0.278736412525177,,-0.8525801849755374,,0.7980384826660156,,0.6353748134892898
3,0.125,3,0.125,0.0,0.05975407711088652,0.02995433682510702,0.5571580350702212,0.566431766392539,0.04773458814997845,0.03979424340936667,0.04873387319343655,0.040962138947033606,0.13728790371900632,0.15375269376170325,0.15514570648058829,0.17175916688117077,0.12513946974361537,0.08305947081831984,0.4796784222126007,0.4930039793252945,0.47089263796806335,0.4895187020301819,0.5092708021402359,0.5089804828166962,0.3799648731946945,0.25435011088848114,0.4601726233959198,0.30438777804374695,0.7688728868961334,0.49316079914569855,-177.31201171875,-175.85476684570312,12.357431411743164,9.317511558532715,-1.2109653949737549,-0.42213669419288635,,0.6525659561157227,,0.5289757327964848,,0.8736003637313843,,0.7883760955841408,,0.3393193185329437,,-0.6250398222193361,,0.8864993453025818,,0.8151063562477161,,0.7351028919219971,,0.8330457413966963,,0.7957553863525391,,0.6270597524913675,,0.2750447988510132,,-0.8618302186829441,,0.7999992370605469,,0.6358541859911137
4,0.16666666666666666,4,0.16666666666666666,0.0,0.0751449686277281,0.03245038841191753,0.568331095374197,0.5745284663562523,0.04883114459212854,0.03943821879798024,0.048968542707495524,0.039459142117809064,0.1369586818176437,0.15521156503945469,0.15361772647156327,0.17574588675739108,0.12397575900534583,0.08364138044908248,0.48035235702991486,0.4925111383199692,0.47237926721572876,0.48932886123657227,0.5096867084503174,0.5093025416135788,0.3818149268627167,0.25681260228157043,0.46222835779190063,0.3067987561225891,0.7675260901451111,0.49216558039188385,-176.84378051757812,-176.3943634033203,11.862159729003906,8.70370101928711,-1.3228468894958496,-0.9795957207679749,,0.6537759304046631,,0.5336274667918858,,0.8728178143501282,,0.7908629407981626,,0.3384389877319336,,-0.6311022824886345,,0.883124589920044,,0.8122768354510556,,0.7350133657455444,,0.8336863717042025,,0.7957818508148193,,0.6308090038089539,,0.27225595712661743,,-0.8755561799298787,,0.7981151342391968,,0.6356567551843502
5,0.20833333333333334,5,0.20833333333333334,0.0,0.088689052848272,0.04085779161587093,0.5849323132737843,0.5885627736117195,0.048551978685122496,0.0413269138901713,0.04921199568826199,0.04351367717622705,0.13785765324268623,0.15857678393298605,0.15392248223351057,0.17726921514457658,0.12257170356366918,0.08326779389049575,0.481863796710968,0.4930539131164551,0.4748868942260742,0.4903958737850189,0.5103206634521484,0.5102282464504242,0.3861803263425827,0.25982677936553955,0.4674823582172394,0.31300368905067444,0.7679210007190704,0.4936986267566681,-176.67486572265625,-173.97613525390625,11.002159118652344,7.397269248962402,-1.1736924648284912,-0.7769288420677185,,0.6551519632339478,,0.5354227609155393,,0.8710816502571106,,0.7842639491866874,,0.3313773572444916,,-0.6607671885332627,,0.8769088983535767,,0.7963739284926848,,0.7358952164649963,,0.8337298739938428,,0.7936962842941284,,0.6234444397226792,,0.27371475100517273,,-0.8738025185638804,,0.7982703447341919,,0.6329500891058146
6,0.25,6,0.25,0.0,0.08473148034416735,0.048409774659680854,0.5812347242412538,0.5867420946825582,0.05014745134886296,0.05091086418317415,0.050855816168185845,0.052730045759134314,0.13951144319873574,0.15616460932247844,0.15598041012551728,0.17315131962347002,0.12421670556225693,0.08431883446372948,0.48386356234550476,0.4944199025630951,0.47874730825424194,0.4930912256240845,0.5100978910923004,0.5075538754463196,0.38989128172397614,0.2634914815425873,0.4750992953777313,0.3217310905456543,0.7651374042034149,0.49545253813266754,-175.61236572265625,-169.15733337402344,8.629176139831543,4.587642192840576,-1.362735629081726,-0.9894950985908508,,0.6519607305526733,,0.5354477857071798,,0.8696722984313965,,0.7805101586288403,,0.332844614982605,,-0.6478064118835513,,0.879105806350708,,0.8001856262114464,,0.7403214573860168,,0.8630815084383181,,0.7975214719772339,,0.630025179011553,,0.27781227231025696,,-0.8518614479445851,,0.7953816056251526,,0.6255620597348632
7,0.2916666666666667,7,0.2916666666666667,0.0,0.09668764251305735,0.05098455720465552,0.5899251207455991,0.5807518861505202,0.055699383325543375,0.049026514084888825,0.057040171674875885,0.053284907601363604,0.13462967980092141,0.15003511815820456,0.1502407931921374,0.1697860205131073,0.12645515957059947,0.08503444825010463,0.48662157356739044,0.4965595304965973,0.48229026794433594,0.49551039934158325,0.508903980255127,0.5070030093193054,0.39462949335575104,0.26802194118499756,0.4828301966190338,0.3285074532032013,0.7645127177238464,0.4945630729198456,-173.68632507324222,-167.79115295410156,6.463144779205322,3.189945936203003,-1.187352180480957,-0.9353472590446472,,0.651856005191803,,0.5444440649378937,,0.8714900612831116,,0.7969031570761254,,0.3400287330150604,,-0.6275890476657128,,0.8823097348213196,,0.8197782290856181,,0.7408807277679443,,0.8790521380908026,,0.7980678081512451,,0.6416730272982147,,0.28013545274734497,,-0.8527037632779616,,0.7949154376983643,,0.63500825124415
8,0.3333333333333333,8,0.3333333333333333,0.0,0.09519911963489913,0.034496709132405524,0.589335115395651,0.5848444427439514,0.05446255523716191,0.05200570476639898,0.056133865670557226,0.054827732786173554,0.138557592768096,0.15563279161998136,0.15225957531760015,0.17137675529624016,0.12604191306117243,0.08460556272243883,0.48986533284187317,0.49915647506713867,0.48797160387039185,0.4994618594646454,0.5095249265432358,0.5070569962263107,0.39778484404087067,0.27265241742134094,0.48698690533638,0.334369033575058,0.7636796534061432,0.4970756769180298,-172.8639678955078,-166.86558532714844,2.8647146224975586,0.07546184957027435,-1.1039568185806274,-1.1538408994674683,,0.652274489402771,,0.5439261411036094,,0.8705856204032898,,0.7869473745976506,,0.33895522356033325,,-0.62964141935555,,0.8809053897857666,,0.8086900766692859,,0.7401014566421509,,0.8728905263881005,,0.7999499440193176,,0.6381252051940406,,0.2788168787956238,,-0.8548953958890693,,0.7966494560241699,,0.6311714134463918
9,0.375,9,0.375,0.0,0.08128070661061396,0.029859491709121132,0.5752698299656894,0.5756375664846877,0.05618031284443675,0.05386596475454884,0.05668150904632366,0.05454914802895343,0.13902798695495802,0.15688558029948402,0.15119564798339294,0.1680627264030001,0.12616879200468445,0.0847005853504981,0.4931393712759018,0.501259908080101,0.49316322803497314,0.5028309226036072,0.5091628432273865,0.5066006630659103,0.3993249982595444,0.27524833381175995,0.4897020161151886,0.33633002638816833,0.7618880867958069,0.49645063281059265,-171.54095458984375,-167.9857177734375,-0.24086138606071472,-2.1440274715423584,-1.2115999460220337,-1.489065408706665,,0.6524828672409058,,0.5456297580431174,,0.8701560497283936,,0.7862264524863591,,0.339889794588089,,-0.6235332907473495,,0.8816773891448975,,0.8104658169891263,,0.7407079339027405,,0.8756098405917042,,0.7992157936096191,,0.6369775966181397,,0.2775841951370239,,-0.8565691798434302,,0.7998837232589722,,0.6383828316908676
10,0.4166666666666667,10,0.4166666666666667,0.0,0.04778489445894297,0.030785509459742004,0.5514303480434725,0.568161194799279,0.05362142642522233,0.05799786245822048,0.05357481396816486,0.05791166877112348,0.14134943611011383,0.15846624255009104,0.1505163336588082,0.16525274480345234,0.12657939913533114,0.08411912939754043,0.49596837162971497,0.5034023970365524,0.49669694900512695,0.5052832961082458,0.5078135281801224,0.5069995522499084,0.3989289700984955,0.2756577432155609,0.4891233742237091,0.3384089469909668,0.764037698507309,0.4967707097530365,-173.10789489746094,-166.13316345214847,-0.46541669964790344,-3.943934202194214,-1.10150146484375,-1.3388468027114868,,0.6530141830444336,,0.5486101476323083,,0.868497371673584,,0.7856221153527245,,0.34003135561943054,,-0.627337455876246,,0.879676342010498,,0.8092482019997698,,0.739698052406311,,0.8743011424948753,,0.7987599968910217,,0.6382363356705222,,0.2765480577945709,,-0.8658586314760538,,0.8017855882644653,,0.6446307424712531
11,0.4583333333333333,11,0.4583333333333333,0.0,0.04246644227408767,0.03543543295879015,0.5257527614988748,0.5442005758339723,0.053803609576087916,0.05691568840555786,0.05226942567941143,0.055531648374332075,0.14403663786884097,0.16312319683065368,0.15101575093264422,0.16562749677943814,0.1250743686354262,0.08433112511646723,0.49892112612724304,0.5054285824298859,0.5007412433624268,0.5076020956039429,0.5067949295043945,0.507952868938446,0.39769820868968964,0.27531373500823975,0.4871588945388794,0.3379405438899994,0.7646482586860657,0.49589017033576965,-173.9136962890625,-166.97372436523438,-2.222938299179077,-5.2920732498168945,-1.0230300426483154,-1.1373181343078613,,0.6532698273658752,,0.5471207027368603,,0.8686487674713135,,0.7894362134361133,,0.3409712612628937,,-0.628688458141679,,0.8804032802581787,,0.8143301746661342,,0.7396273016929626,,0.8722579926424422,,0.7970389127731323,,0.637779315454264,,0.275789737701416,,-0.8740979503464339,,0.8018393516540527,,0.6479457886680456
12,0.5,12,0.5,0.0,0.03794815313409129,0.039710338711365284,0.5179511711504112,0.5294062271802235,0.05321104203648744,0.05738193366860781,0.05179937169218584,0.05583997519710442,0.14682498893835055,0.16538220823192717,0.14982074904972748,0.16412285980099758,0.12492162218919371,0.08506043276140887,0.5015485137701035,0.5073601007461548,0.5031808018684387,0.5096957087516785,0.5076323747634888,0.5084034651517868,0.3967738151550293,0.27429547905921936,0.4871334433555603,0.33720558881759644,0.7640133500099182,0.49500633776187897,-173.2117462158203,-167.5537872314453,-2.4315195083618164,-5.952099323272706,-0.567500650882721,-0.9138686060905457,,0.6532521843910217,,0.546117771060828,,0.8687090873718262,,0.792538684305234,,0.34191322326660156,,-0.6277120038013235,,0.8829692006111145,,0.8227811467877963,,0.7398093342781067,,0.8724609932445199,,0.7947219610214233,,0.6356287877779098,,0.2760680615901947,,-0.875965582560748,,0.7997811436653137,,0.6463581654997322
13,0.5416666666666666,13,0.5416666666666666,0.0,0.03640229587317475,0.03944878905918994,0.5213583258646933,0.5321116928832553,0.05653143205019646,0.06175377263960967,0.054401784906233576,0.06018841651292279,0.15278635186017425,0.16470769393404752,0.1497954740156991,0.161411297094974,0.12407180650853582,0.08438105917663487,0.5044477134943008,0.5094323307275772,0.5063104629516602,0.5117247104644775,0.5070834010839462,0.5086400955915451,0.39540889859199524,0.2731182426214218,0.4856829047203064,0.3362700641155243,0.7630861103534698,0.4967163950204849,-173.14837646484375,-167.31585693359375,-3.8314738273620605,-6.430944919586182,-0.016125744208693504,-0.7668965458869934,,0.6525934934616089,,0.5430944766303594,,0.8691347241401672,,0.7903274014372066,,0.3417496681213379,,-0.6296292460103011,,0.8832669854164124,,0.8203181737960427,,0.739923357963562,,0.8725647618590454,,0.7946338653564453,,0.6322254351173447,,0.2754203677177429,,-0.8798704853345976,,0.7989412546157837,,0.6413663594331762
14,0.5833333333333334,14,0.5833333333333334,0.0,0.039478921541475726,0.04212079512710912,0.5331007150446742,0.5446758647351955,0.05767433035831594,0.06174330456253765,0.05560572335114492,0.060904501406864715,0.1577767007107617,0.1627436361596487,0.14612516395393993,0.1539675765378577,0.12345742237346445,0.0839636355462664,0.5077351033687592,0.5119100660085678,0.510442852973938,0.5144770741462708,0.5075893998146057,0.5097275674343109,0.39399150013923645,0.27245481312274933,0.4820564389228821,0.33468949794769287,0.7618851661682129,0.4958267956972122,-174.06887817382812,-167.60592651367188,-6.715145111083984,-7.54370880126953,0.8834096789360046,-0.2773570120334625,,0.6527966260910034,,0.5410545562161682,,0.8696014881134033,,0.795110993975545,,0.34198760986328125,,-0.6343542702765026,,0.8829449415206909,,0.8234958116665225,,0.7399142980575562,,0.8705137264030266,,0.7941616773605347,,0.6346319028811419,,0.2756631076335907,,-0.8851784139248737,,0.7967495918273926,,0.6401370354805848
15,0.625,15,0.625,0.0,0.049542568269725196,0.04444257074181682,0.5462850636535072,0.5510531579375791,0.05818167441139194,0.0617881934177872,0.05576190642560101,0.06109011091429834,0.16073683670591069,0.1655515521600233,0.1423179001068188,0.14880139328649905,0.12240833547454505,0.08441922596787527,0.5118816047906876,0.5146729052066803,0.5155155062675476,0.5177127122879028,0.5068880021572113,0.5101273953914642,0.3908550590276718,0.2715097516775131,0.4768856167793274,0.33222058415412903,0.7634763121604919,0.4953281432390213,-174.9999542236328,-168.84825134277347,-9.315129280090332,-9.289728164672852,1.5848664045333862,0.44129225611686707,,0.6528043746948242,,0.5397242540503173,,0.8697513937950134,,0.7967156804698083,,0.3418160676956177,,-0.6366949050393865,,0.8838182687759399,,0.8266478490941406,,0.7405011653900146,,0.8714672245818907,,0.7955160737037659,,0.6387542198138073,,0.27589112520217896,,-0.8860784466892857,,0.7983059287071228,,0.6446906065742743
16,0.6666666666666666,16,0.6666666666666666,0.0,0.05608878682480469,0.0570606294159372,0.5464185618858268,0.5618211307513504,0.056110505729027774,0.06504291527346096,0.05338051130080651,0.06464001876765635,0.16327638850264584,0.1646430217744408,0.13677625128497342,0.1422294359401971,0.12181657285588797,0.08435647281502633,0.51602803170681,0.5178732722997665,0.5199852585792542,0.5213544964790344,0.5067993849515915,0.5099442005157471,0.3882509917020798,0.2695233076810837,0.4725321829319,0.3292916715145111,0.7630581855773926,0.49600374698638916,-176.23638916015625,-169.95101928710938,-11.125048637390137,-12.37353038787842,2.4999196529388428,1.028236746788025,,0.6533275842666626,,0.5410139130193875,,0.8689729571342468,,0.7915987799863302,,0.3419789969921112,,-0.6337659890024727,,0.8841335773468018,,0.8237760432497961,,0.7407962083816528,,0.8710503604858512,,0.7980228066444397,,0.6410124821380104,,0.27545398473739624,,-0.8847780397161681,,0.8001664876937866,,0.6455622821139123
17,0.7083333333333334,17,0.7083333333333334,0.0,0.04576286841539075,0.0348872465157428,0.5564200395651824,0.5531763619025125,0.06111014091174048,0.06467596679038137,0.0589144422206563,0.06454197879590233,0.16492233178085156,0.16256144961012955,0.129093955934653,0.1323509637637776,0.12055234439973864,0.08470885354589666,0.5209567248821259,0.5212592482566833,0.5261603593826294,0.5247069001197815,0.5056596100330353,0.5096426606178284,0.38610926270484924,0.2677668184041977,0.4692020118236542,0.32842811942100525,0.7651909291744232,0.49588601291179657,-175.83836364746094,-168.66712951660156,-13.109208106994629,-13.7901029586792,3.4753212928771973,1.7269333600997925,,0.6538869142532349,,0.5454581898431436,,0.8680996298789978,,0.7917311459819267,,0.3398095667362213,,-0.6422221310685421,,0.8846250772476196,,0.8268822280128023,,0.740714967250824,,0.8737975962459797,,0.7986801266670227,,0.6440697485313434,,0.2758292555809021,,-0.8841630322055233,,0.8008968234062195,,0.6487848577310514
18,0.75,18,0.75,0.0,0.014939319026362868,0.023829635453177105,0.5736854578957833,0.5590279219761053,0.06439892836319529,0.06308077240376367,0.06388818325793395,0.06310776666749572,0.1666773381603007,0.170758348955118,0.12306324353469061,0.13156645489403232,0.12044707610677234,0.08433681953500487,0.5260438024997711,0.524954542517662,0.5308297872543335,0.5294122695922852,0.5069891065359116,0.5095257014036179,0.3838488906621933,0.2671491652727127,0.4690650999546051,0.3257390260696411,0.7644593715667725,0.4956733137369156,-173.88577270507812,-169.0744171142578,-11.930047988891602,-15.104803085327147,4.025166988372803,2.546898603439331,,0.6543232798576355,,0.5486044340669186,,0.8683686852455139,,0.7942816706344636,,0.3374751806259155,,-0.6518595102896977,,0.8831806778907776,,0.8258487228789909,,0.7405191659927368,,0.875180650581897,,0.7977138757705688,,0.6437034118249781,,0.27587005496025085,,-0.8852670400445272,,0.7990959882736206,,0.646648945126036
19,0.7916666666666666,19,0.7916666666666666,0.0,0.009837394192949817,0.018643349091341382,0.5872828558127657,0.5592592109975687,0.06097247909607954,0.06168467105596038,0.059969484902384455,0.06047229651983649,0.17586449930841339,0.17655826116155118,0.12052209914770161,0.12871914296145548,0.12058088241268733,0.08435479272747871,0.5315461605787277,0.5283865928649902,0.5364776253700256,0.5336205959320068,0.5059249252080917,0.510244220495224,0.382890447974205,0.2658427208662033,0.46683645248413086,0.32371267676353455,0.764674574136734,0.49537935853004456,-173.2495574951172,-170.12069702148438,-11.48952579498291,-16.090999603271484,5.037888526916504,3.0770297050476074,,0.655828595161438,,0.5502850487541717,,0.8684135675430298,,0.7931295577216516,,0.3365239202976227,,-0.6566342307201698,,0.8841395378112793,,0.826565450576096,,0.7408159375190735,,0.8715232581429455,,0.7982172966003418,,0.6438812153945667,,0.27655500173568726,,-0.8833069031841603,,0.7997543215751648,,0.6471491728875646
20,0.8333333333333334,20,0.8333333333333334,0.0,0.00976825679076047,0.02223707829514155,0.5870744112105487,0.5630838481492456,0.05865622264206917,0.06301973310469736,0.05691911972191153,0.061302264918163096,0.1809873282469556,0.18136306534284188,0.11935575143038342,0.12530307889161854,0.11870745155922248,0.08451520164483077,0.5364295542240143,0.5316486209630966,0.5415694117546082,0.5366730093955994,0.5087316334247589,0.5099813342094421,0.3838120698928833,0.2656332552433014,0.46757692098617554,0.3249641954898834,0.7645578384399414,0.49484382569789886,-173.79127502441406,-169.22512817382812,-13.209668159484863,-16.37087631225586,5.649692058563232,3.6402051448822026,,0.6559962034225464,,0.5533445647799576,,0.8680636882781982,,0.7955836329620247,,0.33462563157081604,,-0.6645359166581781,,0.8836243152618408,,0.8287538400920103,,0.7416322827339172,,0.8778749313883996,,0.7984040379524231,,0.6470918638104816,,0.2758394479751587,,-0.8873147018060016,,0.799187958240509,,0.6487629274736966
21,0.875,21,0.875,0.0,0.027181392134074743,0.05004061066425285,0.585707329612342,0.5970108001242823,0.05777699374798523,0.06734456707034205,0.056253082862740736,0.06605304914586589,0.18863832675326966,0.1825905064231933,0.12076705751281293,0.1142050464326212,0.11895707473132923,0.08411888330243975,0.5413993000984192,0.5350437015295029,0.5477451086044312,0.5401536822319031,0.5057560205459595,0.5099719613790512,0.38646772503852844,0.26587118208408356,0.47207239270210266,0.32878944277763367,0.7652529776096344,0.4930945783853531,-173.46311950683594,-166.70797729492188,-16.416215896606445,-18.144195556640625,6.291801452636719,4.329282760620117,,0.6549584865570068,,0.5509122607586966,,0.8673050999641418,,0.799821947982161,,0.3332517743110657,,-0.6714921794272114,,0.8821383714675903,,0.8315259633016194,,0.7414733171463013,,0.8796468162672424,,0.7973140478134155,,0.6502259947835857,,0.2757590115070343,,-0.8899501905751894,,0.7985188364982605,,0.6528010598265302
22,0.9166666666666666,22,0.9166666666666666,0.0,0.05849001998656563,0.06310038755717581,0.6075999247087635,0.6056506373141531,0.060714454028120646,0.07290218907041286,0.05831545003843146,0.07083573460536609,0.18811550549662356,0.18138620115834833,0.11433729137465048,0.10663631355489775,0.1194853427733738,0.08292994581424855,0.5463259220123291,0.5395844131708145,0.5530755519866943,0.5448524355888367,0.5083106160163879,0.5093048363924026,0.3906920552253723,0.26961715519428253,0.4797774851322174,0.33667218685150146,0.7678606808185577,0.4934789091348648,-171.32962036132812,-162.83966064453125,-17.76484489440918,-19.9528865814209,6.73162317276001,4.094573974609375,,0.6556828618049622,,0.560099585128345,,0.8669546842575073,,0.8038487313109948,,0.3333439230918884,,-0.6732952863699885,,0.8826099634170532,,0.8375442937248834,,0.7417404055595398,,0.8893894113727672,,0.7953402996063232,,0.64970986587436,,0.27720820903778076,,-0.8880924874114186,,0.7967643737792969,,0.6527749648539704
23,0.9583333333333334,23,0.9583333333333334,0.0,0.06152541704174689,0.06151309426707709,0.612197003416206,0.6133671105104553,0.06258366192319215,0.07283353509892723,0.060905238920776116,0.07089211628550719,0.1939697050548283,0.18577819585792277,0.11134824833109826,0.10245305093059517,0.11989765284331845,0.08276819494371551,0.5508195459842682,0.5434263050556183,0.5568832159042358,0.5480778813362122,0.5072755217552185,0.5096624344587326,0.3992827981710434,0.2753789871931076,0.49225670099258423,0.34523671865463257,0.7632309794425964,0.497226819396019,-168.78916931152344,-161.3380889892578,-17.395660400390625,-19.939035415649414,7.09163236618042,4.742260932922363,,0.655609667301178,,0.5541996358895628,,0.8688300251960754,,0.79372918556332,,0.33471745252609253,,-0.6643116378399626,,0.8846362829208374,,0.8274907028884143,,0.7421746850013733,,0.882909542585852,,0.7972336411476135,,0.6408022497536189,,0.27858418226242065,,-0.8774642775683265,,0.7969321012496948,,0.640158172916137
24,1.0,24,1.0,0.0,0.07251748478015071,0.061061643326985104,0.6389464815268262,0.625499346307312,0.06265314824385844,0.07346483047383531,0.06035318528807077,0.07026753165801015,0.1949025809087921,0.18541831668515774,0.10730580104257334,0.09253273980468542,0.11866149202388365,0.08266994893295737,0.5542335659265518,0.5466008484363556,0.5600971579551697,0.5507937073707581,0.5072514116764069,0.5116123110055923,0.4058273285627365,0.28164437413215637,0.49942126870155334,0.3538670241832733,0.7621747255325317,0.5001540333032608,-168.3765411376953,-160.19227600097656,-17.844236373901367,-19.925933837890625,7.554603099822997,5.372828006744385,,0.6564188003540039,,0.5479156897868976,,0.8701783418655396,,0.7875506506066,,0.3354361355304718,,-0.6666116355960608,,0.8828469514846802,,0.8145142081809694,,0.7434083223342896,,0.8770647780254873,,0.7999270558357239,,0.6380295387809976,,0.2792164981365204,,-0.8793342942343843,,0.7954915165901184,,0.6285890459867796
25,1.0416666666666667,25,1.0416666666666667,0.0,0.07511933626330682,0.05786833654616619,0.652760527504027,0.6183450976233421,0.06012222441831269,0.07215015195513952,0.058132119056683536,0.06883983991236003,0.19427051731615033,0.18491886392235088,0.10121488746565921,0.08971211130000975,0.11883045164087094,0.08233412034355318,0.5571205019950867,0.5489654541015625,0.5632981061935425,0.5532301068305969,0.5091858506202698,0.5121545344591141,0.4104011207818985,0.28766728937625885,0.502031683921814,0.3580978214740753,0.7588585019111633,0.49938325583934784,-169.35545349121094,-159.81716918945312,-18.081571578979492,-19.36659049987793,8.449422836303711,5.668254375457764,,0.6581763029098511,,0.5513522552044928,,0.8687909245491028,,0.7845849717070755,,0.3359766900539398,,-0.6652162404308205,,0.8818902969360352,,0.8124067295754994,,0.7436221837997437,,0.8739807209901979,,0.801532506942749,,0.6417348141587619,,0.2790577709674835,,-0.880131966593301,,0.7970494031906128,,0.6322131498067062
26,1.0833333333333333,26,1.0833333333333333,0.0,0.1046003837502616,0.06986466175820626,0.6593968719696909,0.647984824160919,0.05985257046783396,0.07191777982558593,0.05681143247406431,0.0681997785210787,0.19602963104867094,0.18259712287872512,0.09910297409221368,0.08726965040896584,0.11915511579655481,0.08183198309962715,0.5580538362264633,0.5496864020824432,0.5652545094490051,0.5540769696235657,0.5105049163103104,0.5121829509735107,0.4111109972000122,0.28787584602832794,0.5016068816184998,0.35906848311424255,0.760820597410202,0.49919213354587555,-170.52403259277344,-159.1772003173828,-18.964962005615234,-19.635759353637695,8.844590187072754,5.573164463043213,,0.6591063737869263,,0.5548589316555363,,0.8686708211898804,,0.7848803622193391,,0.3389950394630432,,-0.654047242544755,,0.8797065019607544,,0.8083233628860682,,0.743129551410675,,0.8721739633766709,,0.8007100224494934,,0.6405118286181127,,0.27892330288887024,,-0.880909229149623,,0.7982617020606995,,0.6353108829131278
27,1.125,27,1.125,0.0,0.11637420251443048,0.05847162214893788,0.6512521801700204,0.6294552599582552,0.06259402116450505,0.07003520015738314,0.05990039874708382,0.06705024553256689,0.1985751508097594,0.1832075294945024,0.10250572740457138,0.09149402167143984,0.11755988579372387,0.0824877137654036,0.5594313144683838,0.5503874719142914,0.5661017894744873,0.5543680787086487,0.512142151594162,0.5129135847091675,0.4076511859893799,0.2861720025539398,0.501448392868042,0.357119083404541,0.7603312432765961,0.49925220012664795,-169.4835968017578,-159.51239013671875,-20.913671493530273,-19.43390464782715,8.613073348999023,5.552784442901611,,0.6580699682235718,,0.5441761624414064,,0.868743360042572,,0.779165928376167,,0.3398928642272949,,-0.648636659408985,,0.8790934681892395,,0.800991759404782,,0.7433358430862427,,0.8638290460872232,,0.799622654914856,,0.6334073711400292,,0.2785590589046478,,-0.8785707070913893,,0.7983847856521606,,0.630797009491605
28,1.1666666666666667,28,1.1666666666666667,0.0,0.10164746274265907,0.0697130415753164,0.6335071848873622,0.6418373207539066,0.06170032860402996,0.06979766502182093,0.05933530351788023,0.06792946737572633,0.2010454708577387,0.18144782853986774,0.10440982127933505,0.08592998102937584,0.11730092574898185,0.08251411451203454,0.5584194958209991,0.5504484176635742,0.5649099946022034,0.5542910695075989,0.513473391532898,0.5123619735240936,0.40754908323287964,0.28445935249328613,0.4999799430370331,0.35454100370407104,0.7585051655769348,0.4992571771144867,-170.37330627441406,-159.90927124023438,-20.29456901550293,-19.55704689025879,8.603160858154297,6.037470817565918,,0.6583086848258972,,0.549655315426241,,0.8704758286476135,,0.7864089265119879,,0.3425019085407257,,-0.6397162824977002,,0.8785355687141418,,0.8034830996644071,,0.7411925196647644,,0.8618071959018856,,0.7970194816589355,,0.6307951750415736,,0.2792220115661621,,-0.8780370464357634,,0.797906756401062,,0.6326748240694312
29,1.2083333333333333,29,1.2083333333333333,0.0,0.07446825275336272,0.07346560938046119,0.618966280711968,0.6413182106357089,0.05991170925302838,0.07074566010979408,0.05768452896976576,0.0701076753431949,0.21206740333893592,0.1834858696582221,0.11219545338981665,0.09097869806394689,0.11685757956997632,0.08327758318173285,0.5569836348295212,0.5499238967895508,0.5629544854164124,0.5533774495124817,0.5135923326015472,0.513016939163208,0.4073488116264343,0.2831101268529892,0.4990572929382324,0.3516887128353119,0.7594379782676697,0.4982793778181076,-170.682373046875,-160.27645874023438,-19.62211799621582,-18.190025329589844,8.776989936828613,6.234098434448242,,0.6582201719284058,,0.5430435919439391,,0.8720906972885132,,0.7863816717087656,,0.3418450951576233,,-0.640163247320892,,0.8777124285697937,,0.7982080295866758,,0.7406842708587646,,0.8514499520280631,,0.7986904978752136,,0.6319706934640125,,0.2801453769207001,,-0.8709131829472452,,0.7982389330863953,,0.6310207429006671
30,1.25,30,1.25,0.0,0.04682864746722561,0.07157756493103085,0.5910476649710061,0.6438670138527791,0.0616136177788579,0.0719015525821751,0.05886585507720902,0.07166501155862828,0.20723526175313856,0.183938857458221,0.1072595036204213,0.0863312836676572,0.11725638178909517,0.08269892039744775,0.5557067692279816,0.5492481589317322,0.5605525374412537,0.5524390935897827,0.5119026154279709,0.5123418569564819,0.4038592725992203,0.2813718616962433,0.4968453347682953,0.3498590290546417,0.7583565711975098,0.49766743183135986,-170.99127197265625,-161.2716522216797,-19.27417755126953,-18.675277709960938,8.802655220031738,6.704823017120361,,0.6600261926651001,,0.5537968116083168,,0.8717136979103088,,0.7889761365818425,,0.3376726806163788,,-0.6549864105713358,,0.8753653764724731,,0.7966786255659379,,0.7401885986328125,,0.854395278079125,,0.8001880645751953,,0.6381070517307285,,0.27980512380599976,,-0.8719821285219495,,0.8000572323799133,,0.6378310872596586
31,1.2916666666666667,31,1.2916666666666667,0.0,0.028868391426482513,0.02096498130734194,0.5254389354177113,0.5992598086101832,0.07000403726280806,0.08319698626906263,0.06504911985462157,0.08255619944230112,0.18881317196328062,0.17150731167008412,0.0926515432383085,0.07457732012183194,0.11871924477609831,0.08314679182557742,0.5552529990673065,0.5476841926574707,0.5593345165252686,0.5496068000793457,0.5113650560379028,0.5115492194890976,0.39908792078495026,0.2793981432914734,0.4928871691226959,0.34942641854286194,0.7588085234165192,0.4991763234138489,-172.63583374023438,-163.09939575195312,-19.188135147094727,-17.500099182128906,8.574319839477539,7.105665683746339,,0.6593913435935974,,0.5589467075498464,,0.8714017271995544,,0.7915908128999963,,0.3369883894920349,,-0.6599621169204843,,0.8747151494026184,,0.798637281379924,,0.7403582334518433,,0.865058221984183,,0.8035255670547485,,0.6472424040082424,,0.28015008568763733,,-0.8748506878647851,,0.7995994687080383,,0.6388929916624185
32,1.3333333333333333,32,1.3333333333333333,0.0,0.02831683294831746,0.023856327687010653,0.5255676635888883,0.5782371626761934,0.07989465931457174,0.09054912805788497,0.07554834471718486,0.08975303303238423,0.17862791517420668,0.166901847703771,0.08559233155736785,0.07236961657898651,0.1174462724609992,0.08265941517802405,0.5537431687116623,0.5462229549884796,0.5572292804718018,0.5480750203132629,0.5082408040761948,0.5104368329048157,0.3953500986099243,0.2779500186443329,0.4898487627506256,0.34814900159835815,0.7618461847305298,0.49841681122779846,-172.1492462158203,-163.26136779785156,-19.162466049194336,-17.762907028198242,8.114782333374023,6.714488983154297,,0.6597461700439453,,0.5661755472479058,,0.8712894320487976,,0.7953296314756539,,0.3370440900325775,,-0.6574989412284863,,0.8772356510162354,,0.8080127942394764,,0.7410160899162292,,0.8743481119389395,,0.804388165473938,,0.6526306058054886,,0.2785327136516571,,-0.8793719411188192,,0.8004990816116333,,0.6443352699125656
33,1.375,33,1.375,0.0,0.03147205739678604,0.02947407542422765,0.5272081520255254,0.5637938740735514,0.08769470059023443,0.0878458824391437,0.08424403219203035,0.08808639479799027,0.1701407069937621,0.16502323004470765,0.0779799113363332,0.07608076562544985,0.11771997609296246,0.08253976253892925,0.5518844723701477,0.5448960661888123,0.5543354153633118,0.5470987558364868,0.5075085163116455,0.5101776123046875,0.39224544167518616,0.27679111063480377,0.486398309469223,0.3463238477706909,0.762897402048111,0.49827103316783905,-172.4379577636719,-164.02059936523438,-18.041183471679688,-18.703462600708008,8.119160652160645,6.329801082611084,,0.6592872142791748,,0.5655908070159515,,0.8717671632766724,,0.7969028208255524,,0.3364254832267761,,-0.6590629014134861,,0.8772556185722351,,0.8086131577057082,,0.7407135367393494,,0.8744507249739586,,0.8056935667991638,,0.6559261649237286,,0.2784295082092285,,-0.8790486694625762,,0.8004793524742126,,0.6448009570059603
34,1.4166666666666667,34,1.4166666666666667,0.0,0.03467677001353482,0.029107096088166855,0.550582765881771,0.5681244007295312,0.08661720061157688,0.09095504262316857,0.08522142565981887,0.09159493100790876,0.16596578649379123,0.1645143138575958,0.07750517062608307,0.07673468726037745,0.11914442767982909,0.08299685442371696,0.5494982004165649,0.5432647466659546,0.5514814257621765,0.5456228256225586,0.508355438709259,0.5105743110179901,0.38859277963638306,0.2741413563489914,0.4822544455528259,0.34276723861694336,0.7620594203472137,0.49819865822792053,-172.23233032226562,-165.37437438964844,-15.811054229736328,-18.22014808654785,8.08763313293457,6.461403846740723,,0.6586419939994812,,0.5598521515725791,,0.8715924620628357,,0.7941503010074464,,0.3350118398666382,,-0.6638114761461462,,0.876501202583313,,0.8045904254065862,,0.7406863570213318,,0.8700664551753883,,0.8060502409934998,,0.6547522337221033,,0.279019296169281,,-0.8755224007028951,,0.8005908727645874,,0.6431410101887367
35,1.4583333333333333,35,1.4583333333333333,0.0,0.04173337819976786,0.03843896081245967,0.5739480041282803,0.5640871081311107,0.08881579269250953,0.09249024116777108,0.08812343483586721,0.093750013044381,0.15953959553324992,0.15835292037568768,0.07227059189409411,0.07720840927673552,0.11988284968493039,0.08242204518777585,0.5471110343933105,0.541396975517273,0.5486575365066528,0.5440372228622437,0.5095345973968506,0.5111044347286224,0.38422921299934387,0.2723660320043564,0.4780583381652832,0.34008684754371643,0.766777753829956,0.49654521048069,-171.72084045410156,-165.6520538330078,-14.849797248840334,-18.51583480834961,8.170594215393066,5.646279811859131,,0.6576753258705139,,0.5548486249947091,,0.8718880414962769,,0.7992404173047446,,0.33586129546165466,,-0.6633883038065466,,0.8761452436447144,,0.8083055378838734,,0.740097165107727,,0.8668590372533822,,0.8068069219589233,,0.6606592140965918,,0.2788122892379761,,-0.8793490748294892,,0.799820601940155,,0.6457828161323185
36,1.5,36,1.5,0.0,0.03931609595253597,0.05881384527111671,0.5966992060101242,0.5956617859278961,0.09129205427272455,0.09160427591760206,0.09156724012228025,0.09320138729465116,0.15490059472880888,0.15964482657376886,0.07032800009038524,0.08035701351065984,0.11918587655617648,0.08242358123533755,0.5449864119291306,0.5394318103790283,0.546457052230835,0.542881429195404,0.5096063613891602,0.5106226205825806,0.3820323199033737,0.2697043716907501,0.4760771095752716,0.3358945846557617,0.7703491449356079,0.4966651052236557,-171.11737060546875,-166.20106506347656,-14.13474464416504,-18.032455444335938,7.792453765869141,5.496706962585449,,0.6566332578659058,,0.5558517057838968,,0.8713228702545166,,0.8022906134063589,,0.33614426851272583,,-0.6642261921794097,,0.8766859769821167,,0.8137751483282379,,0.7398054003715515,,0.8724819057860734,,0.805474579334259,,0.6612833511924763,,0.27954399585723877,,-0.8796992473537198,,0.7999850511550903,,0.6495280978886673
37,1.5416666666666667,37,1.5416666666666667,0.0,0.03538384517531726,0.058936026301662635,0.5912607809709332,0.6065882060441314,0.09070845573304491,0.0911377158703736,0.09123771334053271,0.09282201426688386,0.15232601981303753,0.15363537774810465,0.0709771854202752,0.07631114711611824,0.12006601782345433,0.08298475643293171,0.5425590723752975,0.5379384309053421,0.5442633628845215,0.5410550236701965,0.509423166513443,0.510782316327095,0.37934979796409607,0.2671126574277878,0.4723191559314728,0.3325038552284241,0.7698177993297577,0.49546608328819275,-171.30445861816406,-166.34454345703125,-13.643852233886719,-16.502117156982422,7.588345050811768,5.495430946350098,,0.6568673253059387,,0.5548444584167782,,0.8720395565032959,,0.8045218655331716,,0.3359643220901489,,-0.663975010248677,,0.8759791254997253,,0.8129384684641848,,0.7399656772613525,,0.8704597320736779,,0.806942343711853,,0.6654464000500628,,0.280060350894928,,-0.8763034951355254,,0.7990909814834595,,0.6486725350907652
38,1.5833333333333333,38,1.5833333333333333,0.0,0.03579698774200453,0.051932686105562315,0.5961793195444823,0.6176954691047081,0.09070146072040006,0.08958931988601718,0.09149370687981026,0.0919100953885073,0.15026290272605733,0.1519278371272846,0.07238797714382264,0.07795234044402513,0.11979497421746182,0.08270104043049895,0.5404495298862457,0.5362145304679871,0.5424087643623352,0.5391906499862671,0.5090371668338776,0.5116808116436005,0.37738947570323944,0.26559096574783325,0.4692284166812897,0.32922616600990295,0.7675855159759521,0.49725793302059174,-171.69349670410156,-167.1599884033203,-13.37331295013428,-15.177047729492188,7.244390487670898,5.437133312225342,,0.6580419540405273,,0.5498099706070759,,0.8732123374938965,,0.7944096748423733,,0.33663928508758545,,-0.657548683992788,,0.876807451248169,,0.8020063225064805,,0.7408961653709412,,0.861054271862296,,0.8086352348327637,,0.6579551619629112,,0.2805878818035126,,-0.8681074421946408,,0.8011647462844849,,0.6421696616257998
39,1.625,39,1.625,0.0,0.039423736210726874,0.04213386256974055,0.5964624079573451,0.6126052552280661,0.0902652341680899,0.08110682668145922,0.0915527626764002,0.0824361899067165,0.14783566695704303,0.16016058879168307,0.07470955362113359,0.08818511982844537,0.12025718811623845,0.08318170964931663,0.5383947640657425,0.5347694307565689,0.5403433442115784,0.5371809601783752,0.5089901983737946,0.5123853534460068,0.3743012845516205,0.26534342765808105,0.46507737040519714,0.32694971561431885,0.7659057974815369,0.49583078920841217,-171.7418670654297,-167.75723266601562,-12.841188430786133,-13.006945610046387,6.947917938232422,5.571679592132568,,0.6577488780021667,,0.5466118055948083,,0.8731772303581238,,0.7981533630309807,,0.3373706042766571,,-0.6581095796987316,,0.8771858215332031,,0.8066322306669326,,0.7410142421722412,,0.8597153244554132,,0.8080781698226929,,0.6604575259158855,,0.28113624453544617,,-0.8695681626442476,,0.800402820110321,,0.6442228261352192
40,1.6666666666666667,40,1.6666666666666667,0.0,0.04056243567755119,0.04045439703970754,0.5990524828185978,0.6123341452280247,0.07419761068852923,0.05879066866997752,0.07517504390807354,0.0608444407414481,0.16036550968681726,0.1850044878265183,0.0903944347050709,0.11514079187486546,0.1207279782445934,0.08332197977678421,0.536337822675705,0.5328734219074249,0.5383625030517578,0.5354793071746826,0.509196326136589,0.511407881975174,0.3734152615070343,0.2648572623729706,0.46096062660217285,0.32383230328559875,0.7624151110649109,0.4959098845720291,-172.47894287109375,-169.42001342773438,-11.5322904586792,-12.551429748535156,6.752007484436035,5.474332332611084,,0.6576938629150391,,0.5511870321977056,,0.8727978467941284,,0.7987871617559165,,0.33732885122299194,,-0.6559077206967034,,0.878751277923584,,0.8114050345225842,,0.7407135367393494,,0.8639946391552977,,0.806248128414154,,0.6577397790086035,,0.28090226650238037,,-0.8685159389920127,,0.8016108274459839,,0.6479113502714985
41,1.7083333333333333,41,1.7083333333333333,0.0,0.048388329391694046,0.0599765395114211,0.6067204396062784,0.6123246346314378,0.06291161026982384,0.055540853317098064,0.06573826866541645,0.05662366818052955,0.17279811269775242,0.18123767833396362,0.11335283186314046,0.11508260567236989,0.12054909133716134,0.08353956430384253,0.5326457023620605,0.5305813550949097,0.5357712507247925,0.533499538898468,0.512183740735054,0.5117159187793732,0.37300385534763336,0.2622654587030411,0.45343315601348877,0.3205716013908386,0.7616544365882874,0.4955172538757324,-175.92807006835938,-169.3665008544922,-10.175498962402344,-12.659839630126955,5.884487152099609,4.949996471405029,,0.6579428911209106,,0.5495110388177938,,0.8727806210517883,,0.7974731992695607,,0.3370741009712219,,-0.6562920997956295,,0.879317045211792,,0.8112901333802836,,0.740519106388092,,0.8598268520121348,,0.807242214679718,,0.6589357022531247,,0.28051692247390747,,-0.8688301385103542,,0.801893413066864,,0.6476292084199444
42,1.75,42,1.75,0.0,0.05139540817204741,0.06334850849830174,0.5961966938050843,0.6026028561213173,0.06313670262764245,0.06515528327620897,0.06492704734826373,0.06560559366929687,0.1664362912203782,0.16926782230488346,0.11371473583909612,0.11074038360996971,0.12129585182479174,0.08414034677318603,0.528979942202568,0.5281265825033188,0.5318346619606018,0.5312860608100891,0.513612300157547,0.5111651718616486,0.3657926172018051,0.25763361901044846,0.4480624496936798,0.3172426223754883,0.7604662477970123,0.495460644364357,-175.04396057128906,-168.0609130859375,-9.872917175292969,-12.692802429199219,4.9494829177856445,3.8824877738952637,,0.6576293706893921,,0.5544585607983591,,0.8724840879440308,,0.8028390633547217,,0.3379732370376587,,-0.6556397515090416,,0.8795009851455688,,0.817780943688348,,0.7398154139518738,,0.8655841165979759,,0.8046621084213257,,0.6584179790903287,,0.28137606382369995,,-0.8698954362199104,,0.8010170459747314,,0.6506561314643342
43,1.7916666666666667,43,1.7916666666666667,0.0,0.07766015949788957,0.07373855847993599,0.5993069223696156,0.6006521438337533,0.0679783768665968,0.07589112355872375,0.07034128438946993,0.07856492588772526,0.15465243382336952,0.15148520658391096,0.10775635768608527,0.1027227081514957,0.12413725719636919,0.08534922060696301,0.5252512246370316,0.5250234305858612,0.527472972869873,0.5277555584907532,0.5128726959228516,0.5119296610355377,0.35971441864967346,0.252870112657547,0.4400106370449066,0.3112618625164032,0.7592427134513855,0.49534641206264496,-176.3563232421875,-168.65065002441406,-8.633404731750488,-11.675878524780273,4.756870269775391,3.547327756881714,,0.657478928565979,,0.5543652285329655,,0.8722817301750183,,0.8075609619240595,,0.3375110924243927,,-0.6643220628251345,,0.8793712854385376,,0.8227499022889276,,0.739639937877655,,0.8672984880152936,,0.8034171462059021,,0.6600227849469149,,0.2812063992023468,,-0.878774286839177,,0.7975249290466309,,0.6473990685468827
44,1.8333333333333333,44,1.8333333333333333,0.0,0.061565488958467564,0.06259468818224541,0.5911366645524516,0.6038104979775768,0.07649561063194962,0.07665591597290418,0.07924308320545441,0.07834421962067915,0.13950399551000023,0.14184853865860844,0.1015717746167075,0.1021588493702779,0.12553291939695305,0.08525638564408786,0.5210893750190735,0.5215879529714584,0.5230025053024292,0.5239905714988708,0.5116865187883377,0.5126841366291046,0.35411448776721954,0.24820242822170258,0.43417927622795105,0.30532780289649963,0.7598665058612823,0.49460548162460327,-176.8712158203125,-169.67050170898438,-6.907948017120361,-9.923823356628418,3.8471016883850093,2.812575101852417,,0.6573420763015747,,0.5491981523160597,,0.8726191520690918,,0.8072663037263056,,0.3371826410293579,,-0.6662966258908295,,0.8789839744567871,,0.8208586868714642,,0.7402907609939575,,0.8641152904506748,,0.8042421936988831,,0.6612440332124888,,0.27999693155288696,,-0.8834038655934683,,0.7960254549980164,,0.6436967940559419
45,1.875,45,1.875,0.0,0.04738219510915331,0.06195320000255077,0.5842935846068316,0.606879903350871,0.07728943149586312,0.07651300586363508,0.07996871390662331,0.07880446993530493,0.13568734068038626,0.13244399708362956,0.10562133956003342,0.10286229104306581,0.12461117886690924,0.08546384697824033,0.516801655292511,0.518197625875473,0.5182230472564697,0.5205562710762024,0.5118928253650665,0.5128621906042099,0.3490039110183716,0.24417280405759811,0.42900484800338745,0.3004612624645233,0.7618286311626434,0.4956274628639221,-176.6884307861328,-169.89942932128906,-5.699246883392334,-8.449357032775879,3.039616346359253,1.9360132217407227,,0.6567467451095581,,0.5471509475646723,,0.8720329999923706,,0.805140196922111,,0.3380580544471741,,-0.6647290882982929,,0.8793586492538452,,0.8208099310444155,,0.7400888800621033,,0.8640767515060043,,0.8032212257385254,,0.6579502116313408,,0.2803241014480591,,-0.8842744536692915,,0.7947695851325989,,0.6398719558392416
46,1.9166666666666667,46,1.9166666666666667,0.0,0.04739206003263058,0.05271582874074093,0.5910603631116647,0.6193611783903988,0.07693097927168192,0.07990712863238174,0.08025284806908052,0.08179076436308444,0.13092525067954655,0.12525245131757548,0.10685630181135626,0.10242529830630008,0.1242728002272492,0.08445701334854579,0.5129262059926987,0.51446133852005,0.5130866169929504,0.5166983008384705,0.5124649703502655,0.5134114325046539,0.3466244786977768,0.2416563630104065,0.4246119260787964,0.29701751470565796,0.7630754113197327,0.4935932457447052,-177.65939331054688,-170.82728576660156,-3.6092739105224614,-7.448446273803711,2.808631658554077,1.272723913192749,,0.653904139995575,,0.5331296533770415,,0.8723918199539185,,0.8085556563622407,,0.3404952883720398,,-0.656167324490294,,0.8796179294586182,,0.8239799797660846,,0.7396416068077087,,0.8584788247276779,,0.8011608123779297,,0.6565111714953635,,0.2812645137310028,,-0.8809311781990024,,0.7932136058807373,,0.6395476473348036
47,1.9583333333333333,47,1.9583333333333333,0.0,0.0681058754776388,0.0632137063391054,0.6128887663113889,0.6129774134223629,0.05753114781390593,0.07109078459991544,0.06085641897714673,0.07302637250395606,0.1401406208743739,0.12333866017000772,0.12877770722751222,0.11111255639680435,0.12412805536695762,0.08457176648575124,0.5086837708950043,0.5109100639820099,0.5092810392379761,0.5125427842140198,0.511763721704483,0.5127267837524414,0.34741491079330444,0.24106112122535706,0.4224926829338074,0.29645439982414246,0.7629976272583008,0.49419762194156647,-179.2095489501953,-171.1508331298828,-2.81998348236084,-5.938645362854004,1.6035500764846802,0.615274965763092,,0.6518958210945129,,0.5263021458259298,,0.8723365664482117,,0.8043896093179008,,0.342129647731781,,-0.6451552764480388,,0.8797973394393921,,0.8202604111984505,,0.7395594120025635,,0.8578237032561892,,0.8002712726593018,,0.6510899443181158,,0.2816348075866699,,-0.8739314811832254,,0.7960172891616821,,0.6420407306007625
48,2.0,48,2.0,0.0,0.06900773073504492,0.08688534261904048,0.6196814095127691,0.6192538610643366,0.05161930355206783,0.05746126708000732,0.05242098048245505,0.05854247879836117,0.145476643505676,0.13242109104680466,0.1404781756715322,0.12843708002676354,0.12492193195716599,0.08590164654976772,0.504930704832077,0.5076655596494675,0.5054834485054016,0.5088982582092285,0.5108688473701477,0.5121052265167236,0.35169485211372375,0.24376454204320908,0.4250403344631195,0.29737597703933716,0.7654336094856262,0.49475954473018646,-180.03012084960938,-172.5717926025391,-1.5760759115219116,-3.6276378631591797,0.739445686340332,0.06764502078294754,,0.6514523029327393,,0.5268121291853457,,0.8713445067405701,,0.8008356619429047,,0.3425302505493164,,-0.6410909826284389,,0.8798580169677734,,0.8189402685683601,,0.7384517788887024,,0.8557202078129827,,0.7999656796455383,,0.6490433281752548,,0.2819451093673706,,-0.8701376769973156,,0.7974945902824402,,0.6437883746177566
49,2.0416666666666665,49,2.0416666666666665,0.0,0.06503993618630395,0.05259805126698604,0.6156621424144011,0.5935894705886319,0.05675918014206999,0.0574833673970387,0.05773454365519688,0.059173594910892274,0.13027604343936253,0.12842391418084226,0.1323394335877924,0.12941298681802696,0.12552197566594442,0.0860670949834966,0.5011155009269714,0.5045073926448822,0.5009862780570984,0.5045929551124573,0.5099285244941711,0.5103767216205597,0.35299132764339447,0.24534108489751816,0.42949429154396057,0.29899781942367554,0.7651046514511108,0.4936838299036026,-178.73594665527344,-173.0228271484375,-0.4468446969985962,-0.6100735068321228,0.14738404750823975,0.03648803010582924,,0.6519423127174377,,0.5372945988227721,,0.8704689145088196,,0.804398028398468,,0.3419572710990906,,-0.6392150832751339,,0.8807733058929443,,0.826396861292612,,0.7372653484344482,,0.8611275718687427,,0.7973783612251282,,0.6483570932389543,,0.28167977929115295,,-0.8679908085629648,,0.7970436215400696,,0.6476424578839747
50,2.0833333333333335,50,2.0833333333333335,0.0,0.057789969733014,0.02312934540099722,0.6131181072040057,0.5784876122721155,0.06885508495164491,0.06322841058533267,0.07040061609253127,0.0658499094996062,0.11644656724225895,0.1214982655398398,0.12314106495463327,0.12920864869794693,0.1257742906741812,0.08570532107034964,0.49739259481430054,0.5021270513534546,0.4965822994709015,0.5020924210548401,0.5077559351921082,0.5097960233688354,0.3542693108320236,0.2466290146112442,0.43186378479003906,0.2996450364589691,0.7656256854534149,0.49417224526405334,-178.15237426757812,-172.93540954589844,0.8737049102783203,0.3738062083721161,-0.3539412617683411,-0.42544081807136536,,0.6515852808952332,,0.536992423818764,,0.8722747564315796,,0.8054840010420456,,0.34227699041366577,,-0.6344377078469733,,0.8816608190536499,,0.8254794336338874,,0.7374838590621948,,0.8623124550903475,,0.7987167835235596,,0.648781073723368,,0.28139686584472656,,-0.8650064140028432,,0.7983033657073975,,0.6479003563865905
51,2.125,51,2.125,0.0,0.050516859370411345,0.030901573062254217,0.594407831774925,0.5879778407212933,0.07593442134225628,0.07340395497349031,0.0784978831274302,0.07592178417729649,0.10830216716801795,0.10754667711536561,0.11924033910073759,0.12333991085158219,0.12562541991366874,0.0848797769042953,0.4949723780155182,0.5001003444194794,0.4934827983379364,0.500481128692627,0.5078485310077667,0.5092101544141769,0.3525945395231247,0.2451450452208519,0.43076038360595703,0.29995080828666687,0.7642465829849243,0.4981548935174942,-177.9540557861328,-172.2496795654297,2.102778673171997,0.7411834597587585,-0.5294533967971802,-1.3753072023391724,,0.6514079570770264,,0.5347709805751051,,0.8727933168411255,,0.7925191965220533,,0.3408866226673126,,-0.6330234254010216,,0.8818343281745911,,0.8116447709203719,,0.7383587956428528,,0.8617717100584089,,0.7988593578338623,,0.6361175085469942,,0.27966049313545227,,-0.8632798478873975,,0.80094975233078,,0.6405395797067381
52,2.1666666666666665,52,2.1666666666666665,0.0,0.044909080121407124,0.043768865946486116,0.5923364218712159,0.572877829693087,0.07532336871440959,0.07554058190076261,0.07770994831443924,0.07751026841665638,0.10615672633605575,0.1027541539213535,0.1204616135252904,0.11962604447111844,0.1261742727267751,0.08508442040580036,0.4931124597787857,0.4984677731990814,0.4904235899448395,0.4985826015472412,0.5071769058704376,0.5094232112169266,0.35077235102653503,0.24351710081100464,0.42712292075157166,0.2993287742137909,0.7645815908908844,0.49633990228176117,-179.03456115722656,-171.34066772460938,3.864309549331665,1.6869808435440063,-0.9305133819580077,-1.571784496307373,,0.6509512066841125,,0.5345653789791961,,0.8707097172737122,,0.7953931094694154,,0.3418634235858917,,-0.6328900588253257,,0.8817427158355713,,0.8188340245257679,,0.737873375415802,,0.8628790946957625,,0.7967391014099121,,0.6382337557898444,,0.27971866726875305,,-0.8676170123342755,,0.799518346786499,,0.6441385924875079
53,2.2083333333333335,53,2.2083333333333335,0.0,0.03176022393037557,0.042711758531012646,0.583158705630357,0.5588891053610662,0.07457582998917438,0.07529867450543888,0.07606397348848398,0.07706840308334587,0.1068136712276037,0.1058671939664143,0.12255329986582887,0.12496356741583489,0.12571873318019042,0.08398023425554899,0.4915834218263626,0.49724817276000977,0.4892784059047699,0.4970957636833191,0.5068848878145218,0.5088357776403427,0.3488163948059082,0.24137653410434723,0.4216923415660858,0.29641222953796387,0.7656623423099518,0.4983043521642685,-181.16329956054693,-171.71925354003906,3.5874090194702144,2.6351382732391357,-1.2518365383148193,-1.615190029144287,,0.6515426635742188,,0.5355215433360778,,0.8703476190567017,,0.7853224147752177,,0.3422122001647949,,-0.6252712669186076,,0.8825026750564575,,0.8109797476149924,,0.7380053400993347,,0.8599811913109677,,0.7980543971061707,,0.6327232611652522,,0.2792017161846161,,-0.8617242692148934,,0.8013132214546204,,0.6396021057362863
54,2.25,54,2.25,0.0,0.03395014499770504,0.03881551862614541,0.5622121155567029,0.5457178283071275,0.0748536238732997,0.07515771442823926,0.07638268164080116,0.07724372311752654,0.10011540436574523,0.10128200285991247,0.11868819525759658,0.12303203821980954,0.12585136286941426,0.08443549421856908,0.4896741807460785,0.496140792965889,0.4873902201652527,0.49591147899627686,0.5060473680496216,0.5079239308834076,0.34646643698215485,0.23976784944534302,0.4204391539096832,0.2944067120552063,0.7630652785301208,0.4990900903940201,-180.19783020019537,-171.7666015625,3.8448343276977535,3.1264145374298096,-1.4724537134170532,-1.778012752532959,,0.6512121558189392,,0.5357471961904872,,0.8707795739173889,,0.7817217659836309,,0.3400112986564636,,-0.627816570140526,,0.8819200396537781,,0.8051519272751938,,0.7378664016723633,,0.8597428997792543,,0.7998239994049072,,0.6324909712662631,,0.27801692485809326,,-0.8596102988785664,,0.8018240928649902,,0.6366974841245967
55,2.2916666666666665,55,2.2916666666666665,0.0,0.03626412275948953,0.04164432986540818,0.5472009502535539,0.5436249642591335,0.07561743927464218,0.07527506154408818,0.0765057999704338,0.07644616935006586,0.09737938842537873,0.09907550926755698,0.11849268756519392,0.12153329679725988,0.12487203302161877,0.08447222944375432,0.48806552588939667,0.4952544569969177,0.48638615012168884,0.4953833222389221,0.5042913109064102,0.5074889808893204,0.34397192299366,0.23818517476320267,0.41833338141441345,0.2926230728626251,0.7615706026554108,0.4994027763605118,-179.75390625000006,-172.07244873046875,3.864734172821045,2.4822473526000977,-1.9573854207992554,-2.1220479011535645,,0.6515440344810486,,0.5364465614771488,,0.8709911108016968,,0.7783636854162771,,0.34035807847976685,,-0.6223787064650822,,0.8829650282859802,,0.8034453730746189,,0.7374102473258972,,0.856203720141168,,0.7990866899490356,,0.6277459592253627,,0.2770444452762604,,-0.8581523220364331,,0.8043127655982971,,0.6386929861516542
56,2.3333333333333335,56,2.3333333333333335,0.0,0.03398700115238927,0.041702701263835365,0.5356072932382336,0.5358947715308762,0.07753876684003973,0.07861372414717978,0.07837291513766913,0.07936277682744011,0.094311597275387,0.09444636489369729,0.11750566695962122,0.1195091377941641,0.12448501814507991,0.08427061146609174,0.4872521758079529,0.4941864609718323,0.4856931269168854,0.4944169223308563,0.5047661364078522,0.5073177218437195,0.342141792178154,0.23732004314661026,0.417922705411911,0.2908835709095001,0.7599404454231262,0.4988570809364319,-179.26858520507818,-173.5967712402344,4.531723499298096,2.734030246734619,-2.241908550262451,-2.4449665546417236,,0.651599645614624,,0.5371585093698464,,0.8715099692344666,,0.7804005271544969,,0.34067603945732117,,-0.6204034113912476,,0.8823464512825012,,0.8030940217397933,,0.737454354763031,,0.8567937511466818,,0.7999787330627441,,0.6306015690104245,,0.27707186341285706,,-0.8572003953848263,,0.8032917976379395,,0.6375397074823622
57,2.375,57,2.375,0.0,0.030761591253379593,0.041178389078595896,0.5360538877051707,0.526112940652192,0.07757015980229998,0.08369718300318514,0.07893138797170833,0.08341001562057346,0.09220401378666215,0.08825252362642325,0.11677190391059575,0.11698490802985251,0.12512182176098668,0.08362041371382965,0.4870903193950653,0.4935310035943985,0.48539358377456665,0.4942064583301544,0.5055044740438461,0.5073224753141403,0.3407448083162308,0.23670443892478943,0.4170452952384949,0.29051029682159424,0.7589884996414185,0.4981081634759903,-179.1870727539063,-173.40721130371094,4.740516185760498,2.808294534683228,-2.344635009765625,-2.9646322727203374,,0.6516841650009155,,0.5384974486635545,,0.8717535734176636,,0.7839960447414334,,0.33945232629776,,-0.62618861796526,,0.8813433051109314,,0.8041175597329521,,0.7372681498527527,,0.8577425169996905,,0.7997041344642639,,0.6328193578014751,,0.27722182869911194,,-0.858320593274256,,0.8021358251571655,,0.6379216174159236
58,2.4166666666666665,58,2.4166666666666665,0.0,0.02864880828247095,0.04065168337877546,0.5396746675334706,0.522945838219804,0.07847156306465534,0.08541083947591235,0.0792641617645943,0.08422839228782233,0.09438105512981856,0.09070015584832461,0.12087642580640978,0.11969828048810932,0.12484384599003495,0.08303910403659825,0.48607824742794037,0.49338218569755554,0.48447802662849426,0.4939817786216736,0.5049655735492706,0.5073361396789551,0.34183481335639954,0.23705562949180603,0.41768208146095276,0.29161536693573,0.7592029571533203,0.4975995421409607,-179.32772827148443,-172.50961303710938,5.061997413635254,4.047451019287109,-2.764218807220459,-2.9934322834014893,,0.6512479782104492,,0.5381474921622131,,0.8723798394203186,,0.7883227816578375,,0.33955156803131104,,-0.6274177814490975,,0.8809314370155334,,0.8063104380336296,,0.7363473176956177,,0.8563700692338142,,0.7991670370101929,,0.634325038265539,,0.27731117606163025,,-0.8601610442095605,,0.8003865480422974,,0.6368901899986207
59,2.4583333333333335,59,2.4583333333333335,0.0,0.030782872798690245,0.04356284006754044,0.5295578072731582,0.5147515844744899,0.07786004043290867,0.08170243403863003,0.0781121323099683,0.08237691880303484,0.0963740415853325,0.09052447108807299,0.12457172343018802,0.12063745756532007,0.12382396682609145,0.08354266934291395,0.4858580529689789,0.49317920207977295,0.4841499924659729,0.493503212928772,0.5056734383106232,0.507825493812561,0.3438460975885391,0.23794501274824142,0.4212539792060852,0.2936687469482422,0.7578794360160828,0.4973737895488739,-177.8795013427735,-171.33885192871094,6.188633441925049,4.936584949493408,-2.9481656551361084,-2.8203465938568115,,0.6507639288902283,,0.53515027595197,,0.8727186322212219,,0.790459658478586,,0.3386389911174774,,-0.6334209798465098,,0.8795696496963501,,0.8048875986497208,,0.7363477349281311,,0.8555693248475138,,0.7991896271705627,,0.6356108218546316,,0.277769535779953,,-0.8613114405418621,,0.7986371517181396,,0.634447332956447
60,2.5,60,2.5,0.0,0.043316447467749965,0.047775576199630514,0.5236145505170996,0.5111392348082442,0.07916893523648348,0.08358178179930467,0.07864667273327566,0.08408279203995675,0.09535756283554823,0.09009724736399273,0.12516348728373333,0.12147621611694187,0.12411018691062194,0.08333643204640295,0.48539723455905914,0.4934004843235016,0.48411402106285095,0.4938853979110718,0.5050751864910126,0.5077753961086273,0.3456425219774246,0.2395375818014145,0.42292049527168274,0.295818030834198,0.7584238052368164,0.49776387214660645,-178.83106994628912,-171.2948760986328,5.997225761413574,4.816625595092773,-3.364157199859619,-2.878117561340332,,0.650346040725708,,0.533697881167194,,0.8728971481323242,,0.7899024882451585,,0.33861243724823,,-0.6332433507490155,,0.8790534734725952,,0.802865605665091,,0.7366594672203064,,0.8568029141855313,,0.7999944090843201,,0.6363942322191098,,0.277715802192688,,-0.8612033574295276,,0.7981085181236267,,0.6324231903047491
61,2.5416666666666665,61,2.5416666666666665,0.0,0.04690369904908502,0.05161096809801268,0.515489844710869,0.518337014499751,0.08076843092170045,0.08463327725098962,0.07998737657695389,0.08402802845999065,0.09481392084645526,0.09080780996388707,0.12475785707362332,0.12180234569608328,0.12426539418594339,0.08322587849470535,0.4857388138771057,0.4937976747751236,0.48434287309646606,0.49463194608688354,0.5060462802648544,0.5082128345966339,0.3473622500896454,0.2404884472489357,0.42608487606048584,0.29675671458244324,0.7574945092201233,0.49788326025009155,-178.1409759521485,-171.3860626220703,6.603241920471191,4.075778484344482,-3.2850840091705327,-3.1234517097473145,,0.6503667831420898,,0.5330862959966566,,0.8723171353340149,,0.7898347735232926,,0.33820241689682007,,-0.637549816799199,,0.8783198595046997,,0.802496983332202,,0.7366768717765808,,0.8567545861011082,,0.7999440431594849,,0.6371702079733988,,0.2776280641555786,,-0.8647074699325389,,0.7968140244483948,,0.6305677134228099
62,2.5833333333333335,62,2.5833333333333335,0.0,0.04747559151529569,0.05517734108367868,0.5123838962085968,0.5083225212435695,0.08343807293027253,0.08800443747693014,0.08295534112272449,0.08619495730622702,0.09721667776007546,0.09211373138352429,0.12504192919922869,0.12274841602177765,0.12374981226781873,0.08314845986817834,0.48650309443473816,0.4938758611679077,0.4850929081439972,0.4953155517578125,0.5056261122226715,0.5084077715873718,0.3477330207824707,0.24074603617191315,0.4277607202529907,0.29720911383628845,0.7578797340393066,0.49818944931030273,-177.25044250488287,-171.59405517578125,6.615820407867432,3.1570777893066406,-2.889465093612671,-3.481550693511963,,0.6503609418869019,,0.5324229697013487,,0.8723142147064209,,0.7893155731818172,,0.3384876251220703,,-0.6373185523243188,,0.8782718777656555,,0.8018848459682498,,0.7369515895843506,,0.8571980324784535,,0.8001067638397217,,0.636974774762601,,0.2775181531906128,,-0.8659964130467933,,0.7974078059196472,,0.6312806060929017
63,2.625,63,2.625,0.0,0.042641672615562315,0.05620426250741071,0.5013092653932051,0.5123231209464127,0.08441796299269642,0.08613904769611067,0.08433408023539019,0.08474219333865647,0.0955789122573653,0.0928000152304928,0.12333795987625534,0.12357417878731644,0.12337340733966784,0.08311260789480486,0.4872380942106247,0.49411167204380035,0.48591989278793335,0.49530863761901855,0.5059707760810852,0.5089296698570251,0.3467520624399185,0.2406943365931511,0.4272964596748352,0.29727035760879517,0.7574417293071747,0.4977053105831146,-177.009750366211,-171.5868682861328,6.8005690574646,3.731126308441162,-2.7722268104553223,-3.3732235431671143,,0.649987518787384,,0.529737689929915,,0.8725383877754211,,0.7918155961108784,,0.338476300239563,,-0.6401315130397588,,0.8782499432563782,,0.8038809632917852,,0.7368767261505127,,0.8560469902447786,,0.8005066514015198,,0.6396522579577186,,0.2781596779823303,,-0.866648423521618,,0.7954450845718384,,0.6289599583706067
64,2.6666666666666665,64,2.6666666666666665,0.0,0.037433162763541916,0.043164615334111575,0.5056366324409967,0.5167270422234285,0.08409400106269234,0.08536718500377836,0.08492423939664016,0.08547551146394547,0.09251911800850798,0.0899022962674637,0.12149354340054172,0.11990381989674251,0.12296401788433955,0.08367592181670419,0.4881610870361328,0.4943521022796631,0.4865892827510834,0.49507826566696167,0.5070279538631439,0.5089374482631683,0.34700191020965576,0.24162419140338898,0.4298313558101654,0.2993799149990082,0.7586277723312378,0.49692216515541077,-176.42074584960943,-171.0098419189453,8.135927200317383,5.160768508911134,-2.732290506362915,-2.930881977081299,,0.6503816246986389,,0.5316808906904594,,0.8725346922874451,,0.7941976086058918,,0.3382531404495239,,-0.6415929385869387,,0.8784556984901428,,0.8067170232341218,,0.7365795969963074,,0.8556943343110549,,0.799306333065033,,0.6393630821308751,,0.27836883068084717,,-0.866694769984848,,0.79545658826828,,0.6312231563018055
65,2.7083333333333335,65,2.7083333333333335,0.0,0.03172933829419781,0.04047641957093192,0.5131184537771258,0.5138394934134106,0.08272250464639869,0.08762245232787111,0.0822830106603487,0.08630139248400136,0.1003269571007427,0.09355876845832009,0.12516854345847223,0.12341494589257355,0.1233100318693996,0.08430141098579509,0.48801565170288086,0.49471791088581085,0.48769450187683105,0.4966258108615875,0.5070257484912872,0.5089114159345627,0.35080206394195557,0.24379494041204453,0.43595021963119507,0.3042867183685303,0.7604756355285645,0.49712705612182617,-175.57136535644537,-169.52687072753906,6.257261276245118,2.4285523891448975,-2.8055477142333984,-3.56371808052063,,0.6509157419204712,,0.5326794577416116,,0.8722467422485352,,0.7915106399320482,,0.3389395773410797,,-0.6375897789360715,,0.8791684508323669,,0.8061155945458172,,0.7366634607315063,,0.8543319710838809,,0.7987097501754761,,0.6363459983334621,,0.27836233377456665,,-0.8648240764158102,,0.7956857681274414,,0.6299653308971642
66,2.75,66,2.75,0.0,0.03816820052644488,0.033635885918990464,0.5427973576062451,0.5196516922794633,0.08133398553861597,0.08222255072379253,0.08186506563550269,0.08243168739807444,0.09819506004603695,0.08599524301391442,0.12229084706880157,0.11852587601652743,0.12436536126631849,0.08446696623998905,0.48917272686958313,0.49511489272117615,0.4886102080345154,0.49654072523117065,0.5079523622989655,0.5097150206565857,0.35402512550354004,0.24748193472623825,0.44012123346328735,0.3075965344905853,0.7578528821468353,0.49698443710803986,-175.73263549804693,-169.8903350830078,5.312271595001222,3.8592946529388428,-2.6911485195159917,-3.3469996452331543,,0.6508534550666809,,0.5299861041337808,,0.8729825615882874,,0.794195446251958,,0.3384690284729004,,-0.6430423904394932,,0.8786534070968628,,0.8061735902534332,,0.7369738817214966,,0.853375190883209,,0.7986347675323486,,0.6371556217588791,,0.2785329520702362,,-0.8681071487562437,,0.7950564026832581,,0.6295972833440152
67,2.7916666666666665,67,2.7916666666666665,0.0,0.050264737358423094,0.03466962661640712,0.5618742766121344,0.5365894406382489,0.07976668808766056,0.08513875354888596,0.07962177164137708,0.08448555682067867,0.099774185866908,0.0926018025694453,0.12425271578921743,0.12203747160077186,0.1249670261970272,0.08448658157734448,0.4895097315311432,0.4959387928247452,0.48898792266845703,0.49744632840156555,0.5060520470142365,0.5094423592090607,0.3585958033800125,0.2496517449617386,0.44208866357803345,0.3111976981163025,0.7582374215126038,0.4976627677679062,-176.746078491211,-168.99610900878906,4.3665313720703125,3.3559303283691406,-2.827889919281006,-3.250772714614868,,0.650245726108551,,0.527572342334417,,0.8738231062889099,,0.7928015844502344,,0.339515745639801,,-0.6366934507303612,,0.8793483376502991,,0.8044466510061251,,0.7368574142456055,,0.8520953433832593,,0.8004804849624634,,0.6382234951600111,,0.2786948084831238,,-0.8645817817077558,,0.7960391044616699,,0.6288627701244587
68,2.8333333333333335,68,2.8333333333333335,0.0,0.05989355171482527,0.03546844846423011,0.570757139162275,0.5564859375438571,0.07902284332224319,0.08319548109801636,0.08016911436860423,0.08328223247432773,0.09610443911752861,0.09779360545174165,0.12139352808969674,0.12562613192095548,0.12556470360822392,0.0845887040592342,0.48968520760536194,0.4960934817790985,0.489004909992218,0.49688324332237244,0.5066239535808563,0.5094742774963379,0.3600053936243057,0.25083479285240173,0.4454333186149597,0.31228554248809814,0.7586913406848907,0.4973362237215042,-175.00677490234378,-168.69253540039062,3.6888802051544194,4.273988246917725,-2.4508554935455322,-2.700654983520508,,0.6501809358596802,,0.5267400893357643,,0.8735768795013428,,0.7922640932923904,,0.33931395411491394,,-0.6370008710453804,,0.8789873719215393,,0.8036571705840181,,0.7369035482406616,,0.8513890940405048,,0.8004116415977478,,0.6381973012598642,,0.2785854935646057,,-0.8643398975532157,,0.7960057258605957,,0.6289195988558473
69,2.875,69,2.875,0.0,0.052328483436210556,0.07456744081857761,0.564946594336801,0.5838398048448346,0.07701848505261318,0.08441494184075053,0.07749150280529025,0.08295257996832071,0.09688897710458165,0.09502927734965091,0.12037757612334304,0.12085827620407052,0.12624634196610096,0.08391898611985237,0.4896429181098938,0.496179535984993,0.4886835813522339,0.49757176637649536,0.5067366063594818,0.5092278569936752,0.3598146587610245,0.25060829520225525,0.4450417459011078,0.31226763129234314,0.7580437362194061,0.4965037554502487,-175.2608489990235,-167.76327514648438,4.230292320251465,1.5877331495285034,-2.4252703189849854,-3.1338462829589844,,0.6499693393707275,,0.5267027792994653,,0.8739045858383179,,0.7944542034900408,,0.3398268520832062,,-0.633956517975501,,0.8800813555717468,,0.8074567203993619,,0.7369821667671204,,0.8523345493386962,,0.7996556162834167,,0.638155114516017,,0.27871114015579224,,-0.8626724216832405,,0.7967990636825562,,0.6321418786179652
70,2.9166666666666665,70,2.9166666666666665,0.0,0.049701706607369965,0.06104548438383811,0.5634255967654828,0.5631425017036809,0.07558730653216508,0.08430591533403431,0.07649517191153135,0.0831894129997499,0.09972646231065443,0.09561758923267863,0.12167807743388998,0.11966074807450443,0.12554288896250776,0.0840687864397467,0.4895397424697876,0.4962660223245621,0.48824211955070496,0.4975239634513855,0.5070815980434418,0.5095058083534241,0.3597630113363266,0.25029003620147705,0.444927841424942,0.31196674704551697,0.7571191489696503,0.4963631182909012,-175.186264038086,-167.7535858154297,4.714624881744385,1.6747483015060425,-2.2127573490142827,-2.8533434867858887,,0.6502039432525635,,0.5269959028045538,,0.8737790584564209,,0.7951730705094473,,0.33974239230155945,,-0.6358621936926947,,0.8805339932441711,,0.8094049607521084,,0.7371113896369934,,0.8525145616029309,,0.7991961240768433,,0.6380351899201856,,0.27818211913108826,,-0.866441026593527,,0.7964878678321838,,0.6323291976591068
71,2.9583333333333335,71,2.9583333333333335,0.0,0.03550021432935797,0.045321636875207245,0.5459225847539726,0.5629833758345003,0.0781442195846481,0.08578683106158326,0.07926000926276955,0.08511711403234333,0.10048447673699391,0.09527110783015146,0.12168554008801334,0.11776878016175343,0.1253632610999176,0.08394096439513843,0.4896240532398224,0.4962537884712219,0.48822295665740967,0.4973951280117035,0.5072108954191208,0.5096257328987122,0.3597089797258377,0.2502012178301811,0.4446586072444916,0.3120059669017792,0.7559919655323029,0.49649854004383087,-175.542709350586,-167.41163635253906,4.767605304718018,1.815785527229309,-2.0450689792633057,-2.6403138637542725,,0.6499612927436829,,0.5258547350589586,,0.874060869216919,,0.7958097225829645,,0.33905449509620667,,-0.6391515675884457,,0.879288375377655,,0.8068280363980298,,0.7372453212738037,,0.8529188074030588,,0.7999672293663025,,0.6396383187678085,,0.27838170528411865,,-0.8665000304240171,,0.7956214547157288,,0.6304784809030101
72,3.0,72,3.0,0.0,0.02713716744632836,0.03642956096196667,0.54313039596746,0.5635719192669241,0.08045428116721036,0.08558906860845761,0.08163914723004313,0.08572517182720404,0.09660234691627897,0.095369539087596,0.12016285726410886,0.11850596807559624,0.1253003343750042,0.08390442516152063,0.48913002014160156,0.4961838126182556,0.4878961741924286,0.4969097077846527,0.5069361329078674,0.5096997022628784,0.3588676452636719,0.2503076642751694,0.4440400004386902,0.3117268681526184,0.7574440240859985,0.496428444981575,-175.11178588867193,-167.62997436523438,5.3497819900512695,2.9368104934692383,-2.4051661491394043,-2.416924238204956,,0.649989128112793,,0.5256305910841781,,0.8739613890647888,,0.7956701699673105,,0.3394107222557068,,-0.6380316739769872,,0.8792256116867065,,0.806764790910917,,0.7367868423461914,,0.8508406599176346,,0.7996509075164795,,0.6390569937914492,,0.27866095304489136,,-0.8656463848153506,,0.7956081628799438,,0.6305367007613984
73,3.0416666666666665,73,3.0416666666666665,0.0,0.026644142782725214,0.030494454044444518,0.537341296948637,0.5728933463791621,0.08321415337197705,0.08830071123002471,0.08504420970217325,0.08856166929906027,0.09370440652738955,0.09471787327960335,0.11842489426603785,0.11773197802670854,0.12369980216340437,0.08382047125498363,0.48923853039741516,0.4960470199584961,0.4881686270236969,0.49684375524520874,0.5067545771598816,0.5100774616003036,0.3579986095428467,0.24991913884878159,0.4440102279186249,0.31101930141448975,0.7573630809783936,0.4967758506536484,-174.84144592285162,-167.9287567138672,5.717713832855225,2.6073038578033447,-2.3756661415100098,-2.4344260692596436,,0.6502199172973633,,0.525102980704825,,0.873801052570343,,0.7946349604956999,,0.33963334560394287,,-0.6386409664945369,,0.8795496225357056,,0.8067509003429836,,0.7371866703033447,,0.8509607016825179,,0.7994446158409119,,0.6379180517513664,,0.2787829041481018,,-0.8666428808804071,,0.7952673435211182,,0.6291138481916466
74,3.0833333333333335,74,3.0833333333333335,0.0,0.028227570566690497,0.028561974916317952,0.5310083375872419,0.5784536463518082,0.0823643179021695,0.08686785965900495,0.08440872638910508,0.0868496851215303,0.09537331200387861,0.09572728236339798,0.12064126583118262,0.11809789203705916,0.12334635929764057,0.0838587119437024,0.4895070791244507,0.4960579574108124,0.4883593022823334,0.4966312646865845,0.5072334408760071,0.5100284963846207,0.3578391522169113,0.2497987002134323,0.4427090883255005,0.31038135290145874,0.7558944523334503,0.49688440561294556,-175.63700866699224,-168.0808563232422,5.863717079162598,2.893418312072754,-2.3619368076324463,-2.2889187335968018,,0.6505124568939209,,0.5269304345740472,,0.8735488653182983,,0.7947009130501449,,0.3399253487586975,,-0.6380267553391421,,0.8798023462295532,,0.8078947434258682,,0.7366386651992798,,0.8499745757417024,,0.7986198663711548,,0.6366128791437643,,0.2787216305732727,,-0.8675910536695441,,0.7950120568275452,,0.6290009862121604
75,3.125,75,3.125,0.0,0.032705446618670565,0.02835118376399968,0.5190314101216601,0.5757296895880953,0.08242811906043027,0.08778935580559763,0.08425704226298125,0.0881162766651966,0.09461393059824216,0.09515385037480276,0.1195806116854537,0.11718145947264488,0.1235362000763152,0.08399023022532322,0.48966047167778015,0.49604731798171997,0.4885258972644806,0.49670061469078064,0.5076008141040802,0.5098263621330261,0.35771307349205017,0.24958406388759613,0.44187936186790466,0.3099483549594879,0.7554460763931274,0.49666501581668854,-176.117660522461,-168.27041625976562,5.929062366485596,2.4358177185058594,-2.31790828704834,-2.288440704345703,,0.6507388949394226,,0.5284402842318838,,0.8734996318817139,,0.7949130255232072,,0.339713990688324,,-0.6379434683862102,,0.8799699544906616,,0.8085618345814025,,0.7365567088127136,,0.8502682228274367,,0.798751175403595,,0.6372350438328037,,0.2787003517150879,,-0.8667525322708021,,0.7952942848205566,,0.6299429129214771
76,3.1666666666666665,76,3.1666666666666665,0.0,0.028343566546244953,0.028880810742965994,0.5256593957704073,0.5748691404194822,0.08218551914252066,0.08657092026633967,0.08362752913707186,0.08682367156649781,0.09440903270107845,0.09745037611763638,0.11832463309794247,0.11789434031504586,0.12375885645350701,0.08380769867117048,0.4895813763141632,0.4960077404975891,0.48844921588897705,0.4965977370738983,0.5073349177837372,0.5097289234399796,0.35744190216064453,0.24928544461727142,0.4418502449989319,0.309911847114563,0.7559101581573486,0.4967348426580429,-175.89059448242193,-168.15711975097656,5.894044876098633,2.319162607192993,-2.3278446197509766,-2.1226816177368164,,0.6508521437644958,,0.5293970261351659,,0.8732664585113525,,0.7945239517379395,,0.33998236060142517,,-0.6367720730631986,,0.8806102275848389,,0.8100201283649519,,0.7367416024208069,,0.85159505906307,,0.7986584305763245,,0.6370926426778081,,0.2785451114177704,,-0.8672422744727233,,0.7955288290977478,,0.6304888324546253
77,3.2083333333333335,77,3.2083333333333335,0.0,0.02128239039960182,0.02840394535601237,0.5553197370948445,0.5767665024957028,0.08286857267354081,0.08846012505503763,0.08467121363390415,0.08879711612096693,0.09526699121185928,0.09633461594465514,0.11662863627978422,0.11599541064471196,0.12416817554983024,0.08361228631857148,0.4898705780506134,0.49612805247306824,0.48858678340911865,0.4964388608932495,0.5067882537841797,0.5098524242639542,0.3572610914707184,0.2488320767879486,0.44284453988075256,0.30933520197868347,0.756276935338974,0.49653638899326324,-175.05729675292972,-168.34202575683594,4.867722511291504,2.9489161968231206,-1.9684666395187378,-1.941946625709534,,0.6506162285804749,,0.5279019627558298,,0.8733678460121155,,0.7949356196309989,,0.3399925231933594,,-0.6370201175228826,,0.8806819319725037,,0.810364871479962,,0.7363952994346619,,0.8495964501076617,,0.7990052103996277,,0.6380657333278238,,0.2785961925983429,,-0.8672727992011589,,0.7954347133636475,,0.6305336782914907
78,3.25,78,3.25,0.0,0.02384085731974851,0.029664375900078796,0.5558024050053085,0.5798182105367169,0.08127957468102022,0.0888863419237364,0.08334229738195131,0.08938129401653623,0.09768422066148387,0.0950606118930704,0.11928623685325694,0.11521591365133159,0.12396065765584247,0.08347593501680678,0.4897298067808151,0.4960554540157318,0.48838695883750916,0.49667516350746155,0.5079155713319778,0.5100152492523193,0.357552707195282,0.24828054755926132,0.4420663118362427,0.308489590883255,0.7552754282951355,0.49604351818561554,-175.93225097656256,-168.54263305664062,4.826460838317871,2.297130823135376,-1.9335572719573975,-2.109175682067871,,0.6505716443061829,,0.5274299904358888,,0.8735523819923401,,0.796826723517577,,0.3394462466239929,,-0.6400506173372041,,0.880211353302002,,0.8108821452556795,,0.7360942363739014,,0.8483487213057533,,0.7988947033882141,,0.6392430503087512,,0.2785668969154358,,-0.8684969631774093,,0.7950685620307922,,0.6311670235611766
79,3.2916666666666665,79,3.2916666666666665,0.0,0.039871776004448384,0.029520663074447572,0.5717189214226739,0.5807300525241187,0.07763182749864148,0.08777197661588139,0.07952559486234378,0.087864204175372,0.09764160546181182,0.0960871048910693,0.11927939616743927,0.11575246891636182,0.12476520409208273,0.08353403938830448,0.48982642590999603,0.49617864191532135,0.48847609758377075,0.4966195821762085,0.5084465742111206,0.5098978877067566,0.3569337874650955,0.24817975610494614,0.4413992464542389,0.3080674707889557,0.754633903503418,0.4962148368358612,-175.88671875000006,-168.69761657714844,4.330844879150391,2.7332584857940674,-1.9417326450347898,-2.045377254486084,,0.6504600048065186,,0.5272747515857956,,0.8736380934715271,,0.7963791302390355,,0.33965736627578735,,-0.6386039887521203,,0.8803861141204834,,0.8106177409254949,,0.7357006072998047,,0.8470281704445324,,0.7985669374465942,,0.637975796872415,,0.2787122130393982,,-0.86722064020927,,0.7955982685089111,,0.6317117791019311
80,3.3333333333333335,80,3.3333333333333335,0.0,0.046991526006760556,0.03250742367797282,0.5733288240424018,0.5774834943019821,0.07596017357013436,0.0888932848600956,0.07717844993067388,0.08910256956633562,0.09896166135989462,0.09565962907637285,0.11802556017622809,0.11466254348901586,0.12533614621636846,0.0836037185948556,0.490036278963089,0.49617598950862885,0.48828867077827454,0.49673303961753845,0.5072982013225555,0.5097332298755646,0.3568107783794403,0.24786891788244247,0.4397878348827362,0.3075961768627167,0.7560846507549286,0.49666573107242584,-176.65136718750006,-168.83424377441406,4.452264308929443,2.2957093715667725,-1.7817095518112183,-2.038844347000122,,0.6504064202308655,,0.527428940485347,,0.8738424777984619,,0.7954631327541648,,0.33885887265205383,,-0.6406628083068487,,0.8802230358123779,,0.8089196851809132,,0.7360635995864868,,0.848585198037988,,0.798460066318512,,0.6364821517925798,,0.27859240770339966,,-0.8666211282566756,,0.7961505651473999,,0.6316114299025938
81,3.375,81,3.375,0.0,0.03908870790589047,0.03405279164643818,0.5716707725768365,0.5806698677738377,0.07746116855114564,0.0882445509808837,0.07985797849066044,0.0881855950970733,0.09725401182494586,0.09511131272888462,0.116781594022526,0.1152625115874244,0.12619824424363768,0.08346589440745912,0.4905010908842087,0.4962887763977051,0.4883243143558502,0.49687016010284424,0.5075540542602539,0.5091888606548309,0.35696396231651306,0.24763883650302887,0.43939104676246643,0.30764538049697876,0.75613933801651,0.49687232077121735,-176.9880981445313,-168.46286010742188,4.645426273345947,2.617388963699341,-1.640968680381775,-2.1671195030212402,,0.6507250070571899,,0.5306108117920681,,0.8730236887931824,,0.7932204468368351,,0.33911922574043274,,-0.6375812068994231,,0.8806538581848145,,0.8093107947361353,,0.73612380027771,,0.8507659392885156,,0.7976847290992737,,0.6343471624277381,,0.27777624130249023,,-0.8675525011427597,,0.797061026096344,,0.6330319100672882
82,3.4166666666666665,82,3.4166666666666665,0.0,0.031806399618889994,0.03744854046053753,0.5707692621610795,0.5750094029909975,0.07820111169818862,0.08822779719764237,0.08060104313337388,0.08821989192364721,0.09891651185203329,0.09486665389381753,0.11798517938392522,0.1144878263272602,0.12567315678181576,0.08358334243819855,0.49060843884944916,0.4964308887720108,0.4883371889591217,0.49714818596839905,0.5077206492424011,0.508941650390625,0.35679765045642853,0.2470088228583336,0.4390192925930023,0.3070698380470276,0.7559654116630554,0.49710066616535187,-177.06205749511724,-168.59384155273438,4.753026485443115,1.9362046718597414,-1.5102488994598389,-2.1826980113983154,,0.6508623361587524,,0.5319866853499866,,0.8727399706840515,,0.7920427379685964,,0.3387243151664734,,-0.6380560766381275,,0.8803707957267761,,0.8081324801417242,,0.7362849712371826,,0.8521916240682387,,0.7979471683502197,,0.634340667849139,,0.2772960662841797,,-0.868318566795038,,0.7970395684242249,,0.6324269758533396
83,3.4583333333333335,83,3.4583333333333335,0.0,0.028804144159743108,0.04098321437945113,0.5707049847715878,0.5744184393913253,0.07800302706179046,0.08699540973688354,0.08002015045490916,0.08680478124583335,0.09994681562111773,0.09633945470370345,0.1184154009115873,0.11560307168524779,0.125897932463252,0.08354527001858637,0.4904058277606964,0.4965057075023651,0.4882858693599701,0.49724552035331726,0.507092297077179,0.5088819265365601,0.35680049657821655,0.2468137890100479,0.4381686747074127,0.3065677583217621,0.7568557858467102,0.4964987337589264,-177.29267883300787,-168.81402587890625,4.406793594360352,1.6979328393936157,-1.5606456995010378,-2.1751599311828618,,0.6509697437286377,,0.532429668770077,,0.8724403381347656,,0.7924070350702623,,0.338300496339798,,-0.6392005744955032,,0.8794571161270142,,0.8071969497268623,,0.7359025478363037,,0.8506887964870438,,0.7981159090995789,,0.6357465331211796,,0.27704399824142456,,-0.8687401482398334,,0.7970738410949707,,0.6335500696059374
84,3.5,84,3.5,0.0,0.02996438457461781,0.04141504778136375,0.5726002405658953,0.5774346494087442,0.07815821892277011,0.08638069629909872,0.07997779216374974,0.0859066581555153,0.09818693694062913,0.09561934233570209,0.11559628787795431,0.11483828087811876,0.12537888060108246,0.08368671705902375,0.49043266475200653,0.4966249167919159,0.48849302530288696,0.4973253607749939,0.5071977078914642,0.5084790289402008,0.35602785646915436,0.24640454351902008,0.4378890097141266,0.30633309483528137,0.7584779560565948,0.49627430737018585,-176.88688659667974,-168.54612731933594,4.148373126983643,2.038447856903076,-1.5042674541473389,-2.1953678131103516,,0.6512883901596069,,0.5348705443842444,,0.8724927306175232,,0.7926009542472957,,0.3384062647819519,,-0.6369814357652519,,0.8792979717254639,,0.8069379464378419,,0.736052930355072,,0.8523431202133117,,0.7986831665039062,,0.6371021074761234,,0.2771839499473572,,-0.8662802197135515,,0.7969652414321899,,0.633482856086426
85,3.5416666666666665,85,3.5416666666666665,0.0,0.031009646373855188,0.04194039072212822,0.5720517622055398,0.5789193025494516,0.0777069548176768,0.086493445764132,0.07953231195111951,0.08612491383259843,0.09855293416119222,0.09421837259191293,0.11717367647054054,0.1135059717026046,0.12526349444181997,0.08359914076683614,0.4902094602584839,0.4967157691717148,0.4886434078216553,0.4973832070827484,0.5071088224649429,0.5082650631666183,0.35559168457984924,0.24603572487831116,0.4375258684158325,0.30582815408706665,0.7579792439937592,0.49565263092517853,-176.62062072753912,-168.64010620117188,3.7881920337677,1.9118529558181763,-1.6521786451339722,-2.161904811859131,,0.6516680121421814,,0.5359206221973547,,0.872069776058197,,0.7912875086421426,,0.33708053827285767,,-0.6397449825613851,,0.8788831233978271,,0.805610226700015,,0.7357050180435181,,0.8499808616274503,,0.7980343699455261,,0.6356535455996185,,0.27746984362602234,,-0.862520042579101,,0.7970146536827087,,0.6335099430789589
86,3.5833333333333335,86,3.5833333333333335,0.0,0.03171537078718423,0.040934371187625475,0.5716168769831966,0.5788312402589789,0.07922956379924287,0.08725644951712518,0.08099741904678849,0.08668347570281303,0.09772411565545333,0.09479726367345209,0.1157462201108271,0.11387686071327015,0.1250394854412471,0.08364859151667263,0.49045059084892273,0.49678897857666016,0.48875588178634644,0.49748897552490234,0.5078998804092407,0.5080045759677887,0.35468772053718567,0.24580664187669754,0.4370080232620239,0.3055351674556732,0.7578413486480713,0.49568508565425873,-176.54727172851568,-168.40963745117188,3.9871380329132085,1.9041444063186646,-1.5497597455978394,-2.1774744987487793,,0.6513097882270813,,0.5347232659158069,,0.8720084428787231,,0.7898612265155766,,0.33686116337776184,,-0.6385975993289899,,0.8786130547523499,,0.8037235784929759,,0.7356358766555786,,0.8493742175141658,,0.7982964515686035,,0.6351478855884308,,0.2773863673210144,,-0.8605194449182337,,0.7974410057067871,,0.6333523990615901
87,3.625,87,3.625,0.0,0.03318483624097843,0.0417412082613841,0.5705820651206278,0.5784417365843428,0.0793635557520328,0.08732501884504001,0.08142541031613579,0.08681919692555043,0.09681431923156437,0.09552754839828871,0.11462906069005874,0.11417384631562272,0.12512953891910897,0.08365991063040173,0.49071717262268066,0.4967706799507141,0.48907339572906494,0.4975547194480896,0.5083634555339813,0.5079491287469864,0.3543943166732788,0.2456485852599144,0.4366140067577362,0.3051068186759949,0.7571105659008026,0.49515894055366516,-176.46223449707037,-168.65432739257812,3.7769639492034908,1.5261226892471313,-1.4976186752319338,-2.1596763134002686,,0.6513655185699463,,0.5348534439140876,,0.8721011877059937,,0.7907393524090605,,0.33687055110931396,,-0.6380161050099445,,0.8782671689987183,,0.8036741828538025,,0.735382616519928,,0.8481846764300305,,0.7975878119468689,,0.6344271880424791,,0.27744975686073303,,-0.8596185068218744,,0.7966800928115845,,0.6325229991471599
88,3.6666666666666665,88,3.6666666666666665,0.0,0.03344864431258457,0.04041034389385409,0.5702120702244073,0.5774142355971839,0.07865438576115857,0.08796481859710142,0.08042243190164666,0.08733999611138418,0.0979574959078805,0.09479053136461535,0.11479899981721908,0.11341895477718207,0.12513501916248368,0.08370643827873424,0.491007924079895,0.4969167560338974,0.4892982244491577,0.49771183729171753,0.5083820819854736,0.5079403668642044,0.35445570945739746,0.24552714824676514,0.4363308250904083,0.3049681782722473,0.7573522925376892,0.49511292576789856,-176.6030883789063,-168.46301269531253,3.779960870742798,1.6178309917449951,-1.4354552030563354,-2.164895534515381,,0.6508331298828125,,0.5325847774730332,,0.8720155954360962,,0.7901876824986583,,0.3368445038795471,,-0.6377023593726286,,0.8780691623687744,,0.802879166030984,,0.7359327077865601,,0.8497648697567434,,0.7973951101303101,,0.6337436106044134,,0.2775236964225769,,-0.8588007437245143,,0.7968257069587708,,0.6325498398812659
89,3.7083333333333335,89,3.7083333333333335,0.0,0.031638367427076576,0.03922348647025398,0.572722231809211,0.5774652727328698,0.07766564869809837,0.0872554002181483,0.0800647639707378,0.08681971446064647,0.09603149953120232,0.09470055487398145,0.1132819918778071,0.11398581661795477,0.12532263928311932,0.08385527206077337,0.4913475066423416,0.49709729850292206,0.4895741641521454,0.4981243908405304,0.5086790323257446,0.5080421417951584,0.35356059670448303,0.24513476341962814,0.43475833535194397,0.30429598689079285,0.7559647858142853,0.4959918260574341,-177.26696777343756,-168.54769897460938,3.785892486572266,1.0398529767990112,-1.3963590860366821,-2.318577527999878,,0.6508375406265259,,0.5306886964281824,,0.8726068139076233,,0.7873099673286964,,0.33682945370674133,,-0.6362994816164056,,0.8776620030403137,,0.7978777910194574,,0.737254798412323,,0.85185213907805,,0.7981029748916626,,0.6315604168491721,,0.2776109576225281,,-0.8563807079623708,,0.7981952428817749,,0.6317533021846589
90,3.75,90,3.75,0.0,0.03161251527589697,0.03938803201065992,0.5715561263834827,0.5763011271264307,0.07618717749758297,0.08598570048325115,0.07852858675252641,0.08535342978975917,0.09716491089508536,0.09692581475518815,0.11410666219161461,0.11571138145903088,0.1252465293901593,0.08402085746518118,0.4915384203195572,0.4971870929002762,0.48959675431251526,0.49806278944015503,0.5087258815765381,0.508205771446228,0.3530697077512741,0.2449304535984993,0.43384087085723877,0.30404752492904663,0.7546564340591431,0.49645140767097473,-177.59487915039068,-168.4889373779297,4.002296447753906,1.3651329278945923,-1.3086601495742798,-2.1962199211120605,,0.6509974002838135,,0.5307858460825668,,0.8736662268638611,,0.7887290895967127,,0.33598262071609497,,-0.6401888648477783,,0.8772873282432556,,0.796300552458162,,0.7382547855377197,,0.8551394894717522,,0.8001067638397217,,0.6349215365785341,,0.2775990664958954,,-0.8572125410698896,,0.7981862425804138,,0.6309058645865214
91,3.7916666666666665,91,3.7916666666666665,0.0,0.032442576849933756,0.038542351632182587,0.5715325929817006,0.576909379444791,0.07735188497829061,0.08695708116856156,0.07970452724668436,0.08624794907594677,0.09635491982138975,0.09684359746712688,0.11414462758188154,0.1151803913851078,0.12485518678195197,0.08398590409560576,0.49189573526382446,0.49727092683315277,0.4899309277534485,0.4981829822063446,0.5083857923746109,0.5088081061840057,0.35245001316070557,0.2447488084435463,0.43300700187683105,0.30363988876342773,0.7548060119152069,0.49561965465545654,-177.75631713867193,-168.55731201171875,4.216782093048096,1.2639153003692627,-1.3751344680786133,-2.2051045894622803,,0.650448203086853,,0.5276586637844518,,0.8736022710800171,,0.7920657091888997,,0.336830735206604,,-0.6406755696682567,,0.8771457672119141,,0.7994911347369533,,0.7392857670783997,,0.8586095126941218,,0.801101803779602,,0.6401403783574723,,0.2787962257862091,,-0.8568743182129999,,0.7966692447662354,,0.6308519141639222
92,3.8333333333333335,92,3.8333333333333335,0.0,0.03204146478452617,0.036964694270396295,0.5709016264603616,0.5755298662566671,0.07606794287128166,0.08803502359772841,0.07845614778541209,0.08727714471922314,0.09794771294694911,0.09524296196518986,0.11500544329700568,0.1133584275160586,0.12503866581694212,0.08420646533821088,0.49212586879730225,0.49743738770484924,0.49013131856918335,0.498266339302063,0.507577508687973,0.5093479007482529,0.3523777574300766,0.24421243369579315,0.432761013507843,0.30320414900779724,0.7546351552009583,0.493948295712471,-177.87541198730474,-168.56607055664062,4.1245503425598145,1.511323928833008,-1.2679007053375244,-2.1426165103912354,,0.6499962210655212,,0.5241436712895986,,0.8730289936065674,,0.7946392171398189,,0.33718839287757874,,-0.641574078518638,,0.876794695854187,,0.802532984094068,,0.7381631731987,,0.8527089173818039,,0.8022199273109436,,0.6462073362233299,,0.27959614992141724,,-0.8561988219407519,,0.7959328889846802,,0.6330282763517411
93,3.875,93,3.875,0.0,0.031649898033032094,0.03747570992525301,0.5743618270517432,0.5750067110300926,0.07566326346923646,0.0874239895810747,0.07781527296605587,0.08648546417278048,0.09715250169178091,0.09515142215479541,0.11426454125240759,0.11285581460060169,0.12490241211464446,0.08414573857027503,0.4922674000263214,0.49745988845825195,0.49050116539001465,0.4983411729335785,0.5078056901693344,0.5096448361873627,0.3516881465911865,0.24405645579099655,0.43186864256858826,0.3028637766838074,0.7541380822658539,0.4934201240539551,-177.94319152832037,-168.61843872070312,3.8343122005462646,1.4018291234970093,-1.3371589183807373,-2.1569743156433105,,0.6494400501251221,,0.5222461437402721,,0.872392475605011,,0.7963665173421801,,0.33673831820487976,,-0.6459431600005534,,0.8774962425231934,,0.8070914925793553,,0.7381001114845276,,0.8534618831384786,,0.8024200797080994,,0.6493276291424309,,0.2791912257671356,,-0.8609272518197311,,0.7948600053787231,,0.6334410082850191
94,3.9166666666666665,94,3.9166666666666665,0.0,0.03234430351630881,0.0374416162645409,0.5762676930730414,0.5753439229595466,0.0761959955486288,0.08798316630852242,0.07832839730787382,0.08717632030101335,0.09700698003623698,0.09448500090626402,0.11394407564289391,0.1123491389415099,0.12480982743176826,0.08429603247698385,0.4926357567310333,0.49760645627975464,0.4909687936306,0.4984212815761566,0.5086057484149933,0.5105983316898346,0.35121023654937744,0.24374405294656754,0.4311765730381012,0.3026692867279053,0.752663254737854,0.4936346560716629,-177.96142578125006,-168.46017456054688,3.6539862155914307,1.5815180540084839,-1.3154687881469727,-2.144016742706299,,0.6486063003540039,,0.5148299030589396,,0.8736379742622375,,0.7973876709067776,,0.33516615629196167,,-0.6544385134258902,,0.8766075968742371,,0.8036190387520101,,0.738003134727478,,0.8483190777765798,,0.8042492270469666,,0.6517843856707898,,0.27946412563323975,,-0.8622313772857961,,0.7936245799064636,,0.629489941827741
95,3.9583333333333335,95,3.9583333333333335,0.0,0.03203128519471584,0.036524824180999324,0.5760050547142341,0.5766061624388885,0.0755884425324845,0.08629181042505461,0.07763439897611411,0.0853414637801275,0.09786959464148264,0.09460414795705575,0.11427837185677853,0.11174248809331429,0.1250380958562118,0.08408097866485995,0.4926634281873703,0.49769145250320435,0.49094417691230774,0.4984278082847595,0.5086441338062286,0.5108580142259598,0.3507380038499832,0.24336503446102142,0.43040579557418823,0.30204322934150696,0.7519094347953796,0.49341467022895813,-178.051986694336,-168.82737731933594,3.674578428268433,1.6163679361343384,-1.2758417129516602,-2.0643415451049805,,0.6489285230636597,,0.5139695492548852,,0.8743978142738342,,0.7977462150505628,,0.33484509587287903,,-0.6552107402987165,,0.8762500286102295,,0.8016245939222214,,0.7376952767372131,,0.8444051271236207,,0.8039420247077942,,0.6502177998614465,,0.2788432836532593,,-0.8636783299837013,,0.7932764887809753,,0.6278850771410331
96,4.0,96,4.0,0.0,0.032778077979648754,0.03636181828651816,0.5782664456051546,0.5781155665895662,0.0763291181673683,0.08623091177312164,0.0783943984126943,0.08528036222876469,0.09723790350761703,0.09514776903462474,0.11281551324116008,0.1117682902026377,0.12488046475367418,0.0840029982916727,0.49302271008491516,0.49776187539100647,0.4913504719734192,0.498537540435791,0.5090479254722595,0.511210024356842,0.35043926537036896,0.24304644018411636,0.42973729968070984,0.30132734775543213,0.7506158947944641,0.49343422055244446,-178.13020324707037,-169.11856079101562,3.4547982215881348,1.4498283863067627,-1.1605548858642578,-2.0624492168426514,,0.6487747430801392,,0.5103493401928672,,0.8749781847000122,,0.7962099627905671,,0.3346955478191376,,-0.6548484776587613,,0.8759644031524658,,0.7982680138439648,,0.7380191087722778,,0.8414357086281233,,0.8037238121032715,,0.6475155876071776,,0.27917930483818054,,-0.8608073764103208,,0.7930397987365723,,0.6252200759899019
97,4.041666666666667,97,4.041666666666667,0.0,0.03346703107750434,0.0377171769212438,0.579918580674051,0.5790450858392334,0.0764805846329704,0.08632762636461402,0.07865251746635282,0.08545606811460954,0.09737624171492963,0.09486159583175514,0.11253585371569294,0.11155919248810303,0.12492341088122134,0.08406803187513673,0.4930232763290405,0.4977993220090866,0.49159377813339233,0.4985976815223694,0.5089047700166702,0.5111520886421204,0.34989339113235474,0.24295789748430252,0.42948809266090393,0.30141836404800415,0.7511042058467865,0.4925871342420578,-177.65763854980474,-168.8091278076172,3.017678737640381,1.3993598222732544,-1.1399003267288208,-2.0524442195892334,,0.6487302184104919,,0.5099035526549011,,0.8747860193252563,,0.7968023001162047,,0.33566805720329285,,-0.6503935706606284,,0.8762248158454895,,0.7998018807572403,,0.7383158206939697,,0.8419331924528968,,0.8035773038864136,,0.648347476032563,,0.2789098620414734,,-0.860755533016257,,0.7926396727561951,,0.6255448725124518
98,4.083333333333333,98,4.083333333333333,0.0,0.03504755098103838,0.036188324884584525,0.5933329719171782,0.5788324793773757,0.07957256850248969,0.08709361334346663,0.08169979792624671,0.0863662821057902,0.09996915961383027,0.09625320637212734,0.11371516598201524,0.11251202602614327,0.12390161821688732,0.08398596199106802,0.4937320500612259,0.4979100823402405,0.4925251007080078,0.49850937724113464,0.5079506486654282,0.5109931230545044,0.3490157574415207,0.24276287108659744,0.4294567108154297,0.30100950598716736,0.7508672475814819,0.49129384756088257,-176.820297241211,-168.93659973144534,2.334768295288086,1.8045855760574343,-0.9722897410392761,-1.9426512718200684,,0.6493947505950928,,0.5125070571893583,,0.8749995827674866,,0.7992441572253646,,0.33562934398651123,,-0.6493794613895325,,0.8752011656761169,,0.7996640466018748,,0.7387312650680542,,0.8433239337370323,,0.802548885345459,,0.6483321658518728,,0.279105007648468,,-0.8586914600341756,,0.7914565801620483,,0.6252273245775353
99,4.125,99,4.125,0.0,0.03544982473236117,0.037938866523743564,0.5954554143524737,0.5774021515166421,0.08272107437052743,0.0865388567909139,0.08432948442021972,0.08598924172828666,0.10139635522175011,0.09703825807770791,0.11034359369305138,0.11397274567805658,0.12394056480684926,0.08377009199505586,0.4948110431432724,0.49804094433784485,0.4934808611869812,0.4986761808395386,0.5076889097690582,0.5106046199798584,0.34735383093357086,0.2426009327173233,0.4281791150569916,0.3008788228034973,0.7508499622344971,0.4907752722501755,-176.32630920410162,-168.8759002685547,1.9141918420791628,1.8587855100631714,-0.47939732670783997,-1.9805543422698977,,0.648651123046875,,0.5116528858650795,,0.8748245239257812,,0.8006808992423321,,0.3351505994796753,,-0.6502993841283228,,0.8746837973594666,,0.8003875069933627,,0.7384207844734192,,0.844373420696191,,0.8010286092758179,,0.646828290378894,,0.27892330288887024,,-0.8586991474393203,,0.7909460067749023,,0.6258076863758559
100,4.166666666666667,100,4.166666666666667,0.0,0.03756515257980228,0.025332383280292463,0.5896983982200741,0.5988737420221516,0.07667093152623186,0.07993022324140879,0.07932787042952398,0.0788531357672191,0.10482055325671481,0.09827787366253016,0.108687244651198,0.10128614406736403,0.0841812274514509,0.0804790988262612,0.4904525727033615,0.4913598299026489,0.4895801246166229,0.49004122614860535,0.49083690345287323,0.49998676776885986,0.2302679866552353,0.2298283502459526,0.2838919162750244,0.2825670838356018,0.502383828163147,0.4838313013315201,-171.47293090820318,-171.59381103515625,0.519972026348114,3.7520625591278076,0.1479884535074234,0.3837074935436249,0.6295060515403748,0.6011826395988464,0.5544662001693852,0.390266251625666,0.8692641258239746,0.838153600692749,0.8251675599345708,0.7686333309887219,0.3536292016506195,0.3717166781425476,-0.5486226323699949,-0.49467914223073456,0.8919286131858826,0.8727755546569824,0.876143313750828,0.843738927923609,0.7372975945472717,0.7183117270469666,0.9854688282645375,0.8419796376372024,0.814417839050293,0.7997069358825684,0.7018102226311924,0.6852307675832259,0.2671583294868469,0.2707265019416809,-0.8943749253293906,-0.8841521197761371,0.8051151037216187,0.7902554273605347,0.6808870074549556,0.6647275576772845
101,4.208333333333333,101,4.208333333333333,0.0,0.03328393538837286,0.03416438452910404,0.587054483925625,0.6078974772907637,0.08208621255691255,0.08247990416674215,0.08346689266732198,0.08206051234594662,0.1058684499262517,0.10183538371646855,0.10565109055634397,0.10192719582887098,0.08302488885565364,0.0808865629562316,0.49098384380340576,0.4918242394924164,0.4905855357646942,0.4922473430633545,0.4976333677768707,0.49983471632003784,0.22844784706830978,0.22845341265201569,0.2797619700431824,0.2797490656375885,0.47514021396636963,0.4816192090511322,-173.43510437011724,-172.70277404785156,-0.34446343779563904,-1.2735453844070435,0.20139065384864807,-0.4398888051509857,0.6085747480392456,0.6028099060058594,0.4360664920240744,0.3972517261009754,0.8569952845573425,0.8470478057861328,0.8442678276940393,0.7929727244026483,0.3808802664279938,0.3641478717327118,-0.45891005878716784,-0.5234448548816969,0.8959101438522339,0.8678182363510132,0.9303071820256976,0.8380441420727688,0.7320430278778076,0.7164804339408875,0.9213712497088689,0.8357633090052647,0.8062782883644104,0.7950707077980042,0.7321343731435842,0.6801834644310789,0.2679882049560547,0.2765384316444397,-0.9026439036970656,-0.8614194816242203,0.8084217309951782,0.7854998111724854,0.7368734477114942,0.6594148107462732
102,4.25,102,4.25,0.0,0.038184285676033755,0.033462453630030066,0.5964845551205215,0.5949293185995378,0.08521748094758032,0.08528031312611002,0.08647755570484257,0.08497382286718376,0.10678159746555388,0.10102216957504619,0.10355695510606655,0.09403915030940668,0.08229472444600792,0.08110126123737127,0.49193303287029266,0.4927814155817032,0.4917397201061249,0.492618203163147,0.49808062613010406,0.49943704903125763,0.2277260199189186,0.22743242979049683,0.2793762683868408,0.2793741822242737,0.47932079434394836,0.48320648074150085,-172.6433715820313,-172.50936889648438,-1.103845238685608,-0.9525504708290101,0.4580759108066559,0.4660621881484986,0.6041780710220337,0.6013920307159424,0.4168930322666182,0.39301060937843957,0.8403593897819519,0.8503255844116211,0.7979870973428551,0.7960224836332133,0.38239002227783203,0.3694729208946228,-0.45458782437086276,-0.500978768789177,0.8935361504554749,0.8701077699661255,0.9155212597070752,0.8389160958679484,0.725150465965271,0.7154189944267273,0.8922348145292494,0.83255564928776,0.8058468103408813,0.7911103367805481,0.7217055212510166,0.6676263636356068,0.27548104524612427,0.27649837732315063,-0.8746696430863775,-0.859372065731875,0.8065125942230225,0.7928203344345093,0.7231770729196765,0.6713341428437851
103,4.291666666666667,103,4.291666666666667,0.0,0.03603631117370361,0.03142822097548985,0.5932848730119202,0.599495258439119,0.08480246798948181,0.08836579831405562,0.08618778767780355,0.08905414502917283,0.10571220152199172,0.10140499716887465,0.1008883643432884,0.09381893222281613,0.0824126666791438,0.08055331124453044,0.49242153763771057,0.4934946596622467,0.49243462085723877,0.493266224861145,0.5000211000442505,0.49923285841941833,0.22660604864358902,0.2260356768965721,0.2778691053390503,0.27800580859184265,0.47463856637477875,0.4817520081996918,-172.93910217285162,-172.71798706054688,-1.6583517789840698,-1.0592982769012451,0.529492199420929,0.5767154693603516,0.6015310287475586,0.6044028401374817,0.39530422515336866,0.40348495977709464,0.8447367548942566,0.846139669418335,0.8107041939209512,0.78636059325959,0.39052754640579224,0.36585813760757446,-0.4263943924820134,-0.5116925284470708,0.8785042762756348,0.8659698367118835,0.8846723246802779,0.8291547484327947,0.7317450046539307,0.7172979116439819,0.9023889557540152,0.8366072503936844,0.8219712376594543,0.7910407781600952,0.7608360754822614,0.6674553683327304,0.2709825336933136,0.27609652280807495,-0.8919315987919212,-0.8560632409379586,0.8015458583831787,0.7933055758476257,0.7160940552417833,0.6723428764531298
104,4.333333333333333,104,4.333333333333333,0.0,0.031479461662624275,0.03198966808821495,0.5925622099406851,0.5992365506739653,0.08419785310796915,0.08489991690913411,0.08619652557339735,0.0844272850953413,0.10589728737110904,0.10406582956423328,0.10150704005651731,0.09422902547017376,0.08229648817467622,0.0807608236474975,0.4928639382123947,0.49393226206302643,0.49296993017196655,0.49390366673469543,0.501526340842247,0.4998563081026077,0.22613631933927536,0.22609106451272964,0.27722421288490295,0.27720221877098083,0.48296211659908295,0.4820256531238556,-173.06657409667974,-173.0171661376953,-1.9698565006256106,-1.5576739311218262,0.596849262714386,0.6047406792640686,0.6094355583190918,0.6044070720672607,0.4171697147948653,0.4017178650092304,0.8466416001319885,0.8434051275253296,0.7908526199884715,0.7810519913286974,0.37547338008880615,0.3710162341594696,-0.48731219552996097,-0.4950452533237077,0.8806859254837036,0.8706036806106567,0.8648849619798165,0.839836414776482,0.7295733094215393,0.7177143096923828,0.8816141110695288,0.8370809351848472,0.8189811110496521,0.7908636331558228,0.7307024843568886,0.6674936912269651,0.27226522564888,0.27387282252311707,-0.8863079195184815,-0.8683016738646601,0.8006700873374939,0.7952671051025391,0.6908835731091193,0.677010946014164
105,4.375,105,4.375,0.0,0.03295354062131339,0.029883404640900925,0.597874607478814,0.5979830855387752,0.08541292473913331,0.08551456544173415,0.08691350705847768,0.08523691124258005,0.105808288199204,0.1064201001723325,0.10050962373407459,0.09428053923581356,0.0818881064150014,0.08074674639591374,0.49326084554195404,0.4943521320819855,0.4932960569858551,0.4943605661392212,0.5007484257221222,0.49923868477344513,0.2258705571293831,0.2255200296640396,0.27656495571136475,0.27633029222488403,0.48098768293857574,0.4809669107198715,-173.25236511230474,-173.3245849609375,-1.7721039056777954,-1.89327073097229,0.6488730907440186,0.8493298888206482,0.6053344011306763,0.6058599948883057,0.4060167271169936,0.41134457823426607,0.8389601111412048,0.8441461324691772,0.7817044411085552,0.7881434728531456,0.37933963537216187,0.3666205406188965,-0.4713251419089636,-0.5116402576060699,0.882108747959137,0.8684678673744202,0.8759281253115889,0.8409246218453741,0.7302271723747253,0.7153246402740479,0.8908671482465241,0.83365873231148,0.8164984583854675,0.7885688543319702,0.7326549268709414,0.6675339600296953,0.2752416133880615,0.2747959494590759,-0.8754475686514728,-0.8658991546453197,0.794507622718811,0.7912717461585999,0.6846335359760447,0.6733995669350836
106,4.416666666666667,106,4.416666666666667,0.0,0.03273654152822548,0.0342782328163103,0.595479020761649,0.5908902735154204,0.0842496160953418,0.08548299721451308,0.0860177903208152,0.08514464666842034,0.10568937580540222,0.10527821678631563,0.09878040662811272,0.0931914006929266,0.0820226689369777,0.08101173385394587,0.4936554282903671,0.4945417791604996,0.493564635515213,0.49449771642684937,0.5029831230640411,0.4993012845516205,0.22533734142780304,0.22556070238351822,0.27582767605781555,0.2759495973587036,0.48053330183029175,0.48169662058353424,-173.48616027832037,-173.54580688476562,-1.7678279876708984,-1.8623409271240234,0.8827100992202759,0.8558775186538696,0.6084203720092773,0.6077069044113159,0.41000757632519075,0.41898455855462385,0.8405147790908813,0.8442232012748718,0.7874092235018203,0.7881494959318018,0.3644830584526062,0.3620261251926422,-0.5385769865990271,-0.5305644865919108,0.8788632154464722,0.8666613101959229,0.8712910740988331,0.8369309789393782,0.7313518524169922,0.7147973775863647,0.8880439329282914,0.8328861135360529,0.8130417466163635,0.7873508930206299,0.7273158005495592,0.6645064764390525,0.27978864312171936,0.27684906125068665,-0.867923136138003,-0.8597713541038391,0.7943243980407715,0.78913813829422,0.6863742137210489,0.6683920300412195
107,4.458333333333333,107,4.458333333333333,0.0,0.030881644266277087,0.03285521198257848,0.5988317605586246,0.5893134388178042,0.08217149689653361,0.08564284693994074,0.08405355802918535,0.08536984768332394,0.10762886943916805,0.1046458025593974,0.10078585553047512,0.0915066348717273,0.08177452875322593,0.08106911048421744,0.493882954120636,0.4947829097509384,0.4937242567539215,0.49474358558654785,0.5031539648771286,0.4996281713247299,0.2249559462070465,0.22522526234388351,0.2757997512817383,0.2755563259124756,0.480146661400795,0.48172329366207123,-173.22254943847662,-173.6279296875,-1.6727921962738037,-1.981181025505066,0.9242641329765321,0.9700108766555786,0.6088487505912781,0.6070364117622375,0.41204273453719964,0.4207172562916916,0.8419589400291443,0.8416470289230347,0.793404256540835,0.793022916472697,0.3669360876083374,0.3655796945095062,-0.5310345847569234,-0.5250668584278132,0.8789591193199158,0.868806004524231,0.8745405293433026,0.8528625100578645,0.730816662311554,0.7127342224121094,0.8875249594307821,0.8347347721872783,0.8120081424713135,0.7876711487770081,0.7277263023286037,0.674097417265073,0.28017735481262207,0.2771478295326233,-0.869256619690697,-0.8714537971792963,0.7932010293006897,0.7885268926620483,0.686484905824906,0.6759828847821743
108,4.5,108,4.5,0.0,0.028733298449229408,0.032721603303158986,0.5975074499902137,0.5897301254982027,0.08122498865536426,0.08702025065345947,0.08332145342952389,0.08680481468771979,0.1072395550797275,0.10478009308145979,0.09994462797460418,0.09135270960181453,0.08185622080092562,0.08096760879852373,0.4942004382610321,0.4949832260608673,0.4939306676387787,0.4949133098125458,0.5032146871089935,0.5003842562437057,0.22502583265304565,0.22539134323596954,0.27605950832366943,0.27561965584754944,0.4808157980442047,0.4812726527452469,-172.94648742675787,-173.6154022216797,-1.5253928899765015,-1.943466663360596,1.028747320175171,1.0616389513015747,0.609027087688446,0.6081785559654236,0.41235334931517825,0.4237491041384046,0.842194139957428,0.8424887657165527,0.7921685688400912,0.7987348600551625,0.3665710687637329,0.36822307109832764,-0.532503311319399,-0.5195375261196726,0.8791612982749939,0.8659483194351196,0.8732033667293992,0.8506095209118463,0.7304185628890991,0.7119808197021484,0.8854187093597551,0.8318051551497315,0.8127550482749939,0.7861632108688354,0.7276358605362108,0.6741856426939904,0.28012269735336304,0.27642470598220825,-0.8693945953153769,-0.880405170139336,0.7948674559593201,0.7892946004867554,0.6884249096815385,0.6811098909720459
109,4.541666666666667,109,4.541666666666667,0.0,0.040164709387708594,0.03316416923336301,0.5951816597391528,0.5909371265617304,0.08112991631785665,0.08736905084638011,0.08277631092425942,0.0870894508455891,0.10815074165960477,0.10485345638921484,0.09928191046172342,0.09083850921285777,0.08207597853514785,0.08104909277980736,0.494379460811615,0.4950966089963913,0.49417737126350403,0.4951091408729553,0.5031865537166595,0.5004384517669678,0.22471322864294052,0.2252264767885208,0.27497944235801697,0.27519893646240234,0.48117928206920624,0.4816439300775528,-173.92070007324224,-173.8933868408203,-1.8740345239639284,-2.1340909004211426,1.0874649286270142,1.085558295249939,0.6090359091758728,0.6082125306129456,0.41150956520615933,0.4232716860901805,0.840632438659668,0.8443673253059387,0.7860615351938042,0.8013144849739265,0.3645913600921631,0.3700459599494934,-0.5388152589181946,-0.5121031926791757,0.879033088684082,0.8682282567024231,0.870037077923624,0.8540271310411405,0.7314772605895996,0.7126032114028931,0.8875236804071946,0.8332554219123117,0.8129414916038513,0.78592449426651,0.7255062501599179,0.6722048447609174,0.27949219942092896,0.2766180634498596,-0.869654482787843,-0.8790317129941024,0.7959522008895874,0.7884032726287842,0.6883536262481363,0.6776808659739401
110,4.583333333333333,110,4.583333333333333,0.0,0.04660575962584915,0.02925953041433806,0.5957538537114692,0.5945241192895327,0.08127195187658764,0.08751284982004799,0.08251942550951835,0.08730929024192066,0.10935699392303938,0.10515433397920897,0.09924642819484465,0.09122234248985076,0.0821496611963054,0.08088613697175855,0.4945106655359268,0.4952763170003891,0.4943435490131378,0.495063453912735,0.5031602084636688,0.5001217424869537,0.22477635741233826,0.22557151317596436,0.27480724453926086,0.2759850025177002,0.4810076057910919,0.48245517909526825,-174.086654663086,-173.3665008544922,-2.0479538440704346,-1.561139702796936,1.1317903995513916,1.1734262704849243,0.6086254715919495,0.6074194312095642,0.4101028348911766,0.42214364421704614,0.8397293090820312,0.8434325456619263,0.7846274734429688,0.7988631473265201,0.36403918266296387,0.3710915744304657,-0.5409736379687516,-0.5076462131269155,0.8788546323776245,0.86871337890625,0.8702058013875218,0.8548110484503098,0.7318269610404968,0.7128476500511169,0.8891731807756714,0.8369321921804913,0.813187301158905,0.7853524684906006,0.726572473074242,0.6703286807826612,0.2793184220790863,0.27555057406425476,-0.8704112467037186,-0.8835352611287053,0.7957082390785217,0.785942554473877,0.6883407402505359,0.6716345741417851
111,4.625,111,4.625,0.0,0.04181658591114875,0.03150540864879992,0.5979033276116946,0.5945974017911051,0.08419666472134091,0.08649199665768396,0.08577339489186779,0.08610419686153718,0.10690874481717376,0.10659075562513189,0.0970185787829239,0.09154063270029898,0.08197261983805383,0.0808448842817226,0.4947190433740616,0.49545736610889435,0.49487295746803284,0.4953863322734833,0.5034392774105072,0.4999160170555115,0.22462105005979538,0.22576028108596802,0.2746528387069702,0.27601414918899536,0.48090367019176483,0.48413337767124176,-173.7302856445313,-173.5876007080078,-2.658447742462158,-1.9629427194595337,1.041085958480835,1.213654637336731,0.6084545850753784,0.6070425510406494,0.4074568096223745,0.4211614106820816,0.8407662510871887,0.8446352481842041,0.7853951017779498,0.7972262077703888,0.36535272002220154,0.3682294487953186,-0.5357724447632789,-0.5177176820080767,0.878452718257904,0.866732120513916,0.8676452947420156,0.8460919895371695,0.7309198975563049,0.7139829993247986,0.8826192085378363,0.84159123682184,0.8126640915870667,0.7862687110900879,0.7240625276440682,0.6681524446800003,0.27932339906692505,0.27592962980270386,-0.8695640931416224,-0.8805887703046833,0.7946571111679077,0.7847164869308472,0.6847625421222928,0.6647198029066851
112,4.666666666666667,112,4.666666666666667,0.0,0.03313359761570052,0.031449619231624995,0.602215759229643,0.5919172537014852,0.08181795409787265,0.08557514679121903,0.08296693793012684,0.08525323729071564,0.10997378130018343,0.10885511828356195,0.09626468633011423,0.0933925201106898,0.08205880774148248,0.08100241478954939,0.4950419217348099,0.4956047236919403,0.4947437345981598,0.4956569969654083,0.5036339461803436,0.4999973177909851,0.2254645898938179,0.2261735498905182,0.27562183141708374,0.27597498893737793,0.4803673326969147,0.4848055988550186,-173.36791992187503,-173.8686981201172,-1.8401367664337158,-2.2731270790100098,1.5647653341293335,1.245242953300476,0.6090395450592041,0.6076501607894897,0.41011384959478553,0.4238977537519154,0.8416910171508789,0.8448352217674255,0.7907873483572082,0.7974369845192716,0.3668566048145294,0.3660661280155182,-0.5321755447672344,-0.5273723286985605,0.8785790205001831,0.8654182553291321,0.8715198538913276,0.84302676705697,0.7306074500083923,0.7144900560379028,0.8831122672896877,0.8445944148472599,0.8125579953193665,0.7869178652763367,0.7270272737343955,0.6691546455884603,0.2796647548675537,0.2758120000362396,-0.8714230384050381,-0.8827602687809745,0.7930663824081421,0.7840456962585449,0.6843682354469786,0.6627930196143255
113,4.708333333333333,113,4.708333333333333,0.0,0.03236987197127074,0.02701087759826565,0.6061538139935763,0.5881734559717382,0.06328194143719254,0.05669593259549088,0.06355502632176493,0.05646806369178715,0.13769513046157802,0.1488957171555412,0.12739378497321915,0.13465734352194889,0.08164371976288715,0.08147151501850865,0.4950743615627289,0.4960957020521164,0.49537596106529236,0.4955408275127411,0.5035443753004074,0.500033363699913,0.2281384840607643,0.2289477214217186,0.2755051553249359,0.27636533975601196,0.48006248474121094,0.48448993265628815,-175.68128967285162,-175.4496612548828,-2.3869211673736572,-1.006126046180725,1.048147439956665,1.6461454629898071,0.6095057725906372,0.608009397983551,0.4120000919116383,0.4261073532053921,0.8423418402671814,0.8448124527931213,0.7923476050729199,0.7998445484742721,0.36738935112953186,0.36589446663856506,-0.5293992331847477,-0.5293542290926944,0.877765417098999,0.8653753995895386,0.8698231383531904,0.845490213056755,0.7302331924438477,0.7147930860519409,0.8814135702894278,0.8475093336560374,0.8112912774085999,0.7870322465896606,0.724436368227961,0.6715839475992365,0.278873473405838,0.2754545211791992,-0.8735674934230807,-0.8862586666320352,0.7915833592414856,0.7836013436317444,0.6813328307989102,0.663968023326195
114,4.75,114,4.75,0.0,0.03270291181172197,0.028050425732884462,0.613072712227886,0.599431557966688,0.05865202508284257,0.05100180854104528,0.05914474042434415,0.051869241720423245,0.1518735524756253,0.1653916946165067,0.14583644923818848,0.15190637749432492,0.08080893950394483,0.0812562427481164,0.49554985761642456,0.49637700617313385,0.4959516227245331,0.49602070450782776,0.5034264922142029,0.5003297179937363,0.229288250207901,0.22989898920059204,0.27580171823501587,0.2752682566642761,0.4799584597349167,0.4845384359359741,-176.0447387695313,-177.4272003173828,-2.199613332748413,-1.3874036073684692,0.8487520217895508,1.8128031492233276,0.6089328527450562,0.6079165935516357,0.41149011830890425,0.42458218225421906,0.8462994694709778,0.844446063041687,0.8036904967820123,0.7989434610440688,0.3696522116661072,0.3660060167312622,-0.521739108926301,-0.5300967233665292,0.8762584328651428,0.864643394947052,0.8694154184627108,0.8437786494119676,0.7297729253768921,0.7146745920181274,0.8827839392078802,0.8458932736577605,0.809255838394165,0.7869758605957031,0.7224230070074362,0.6713678305459374,0.279250830411911,0.27514076232910156,-0.8743176158562158,-0.8886884921589213,0.7929360270500183,0.7832503318786621,0.6866200885844734,0.6630976895896371
115,4.791666666666667,115,4.791666666666667,0.0,0.028891811037896196,0.03031095301600095,0.6034819814324002,0.5971831946880436,0.057620560439437196,0.05282553807928898,0.05765566295734031,0.05339542421299135,0.15949993418530442,0.1708439262416195,0.15026599088674544,0.15610979958849888,0.08122435382612264,0.08160196710971232,0.49572454392910004,0.49651913344860077,0.4961340129375458,0.49661722779273987,0.5032099187374115,0.5004370212554932,0.2285294532775879,0.2295323610305786,0.27459806203842163,0.2749102711677551,0.4793732166290283,0.4845309555530548,-176.83590698242193,-177.59988403320312,-2.2005224227905273,-2.0293147563934326,1.0212653875350952,1.7164061069488525,0.6085748076438904,0.6076123714447021,0.4105552746074822,0.4227205903729279,0.8463731408119202,0.8444749116897583,0.8043854824163267,0.7985753559096781,0.37230148911476135,0.3662497401237488,-0.5100859197969183,-0.5292609410690808,0.8764468431472778,0.8651413917541504,0.8703006174532929,0.8444262207219607,0.7289491891860962,0.7148124575614929,0.8795951775834279,0.8455387440931399,0.8088469505310059,0.7878395915031433,0.7221360848461044,0.6729236531820801,0.279743492603302,0.2747347950935364,-0.8707390184644379,-0.8902138236378982,0.7941823601722717,0.7827787399291992,0.6899944335462809,0.6616955959304852
116,4.833333333333333,116,4.833333333333333,0.0,0.031073074524576277,0.027525555254005366,0.6060133831949597,0.6061172808525782,0.06447977394323673,0.06466766008041966,0.06402775192755215,0.06492329148890495,0.15556894137067898,0.16151161662698565,0.14084612945838623,0.14259321901450855,0.08151551938969555,0.08136628615055833,0.49607323110103607,0.49717622995376587,0.4967716634273529,0.4973194897174835,0.5027630925178528,0.5007112771272659,0.22738775610923767,0.2287231832742691,0.2743981182575226,0.27446797490119934,0.4790145009756088,0.48532523214817047,-176.19776916503912,-177.254150390625,-3.3063890933990483,-2.3798563480377197,1.4139478206634521,2.0963997840881348,0.6090317964553833,0.6077374219894409,0.4135889187239898,0.4213940242945665,0.8455930352210999,0.8438839912414551,0.8025148314457438,0.7941112588159189,0.37141257524490356,0.3664368987083435,-0.5112052410528177,-0.528678490236814,0.8763369917869568,0.8654133677482605,0.8698195937723376,0.8417930399626825,0.7291738390922546,0.7149355411529541,0.8811717127767407,0.8434651629802893,0.8078115582466125,0.7887110710144043,0.7198035082408585,0.6719180728375649,0.2793744206428528,0.2746146321296692,-0.8694100504912622,-0.8902102868203887,0.794310450553894,0.7831107378005981,0.6902468426094308,0.6595148403256876
117,4.875,117,4.875,0.0,0.030086033135780784,0.02630320386292127,0.603338425563419,0.6051927275457449,0.07601870329364102,0.07670830245941444,0.07570817727128687,0.07739163834013811,0.14340046627481715,0.14806798591487347,0.12495178161033074,0.12744995192417952,0.0817718629892801,0.08159353402493567,0.49684156477451324,0.49793730676174164,0.49746468663215637,0.4978191554546356,0.5029477924108505,0.5008935332298279,0.22662696242332458,0.22732748091220856,0.27440789341926575,0.274610698223114,0.4795994162559509,0.48494701087474823,-175.55444335937506,-175.93246459960938,-3.706187248229981,-2.295584201812744,1.7946627140045166,2.266753911972046,0.6107669472694397,0.6074892282485962,0.41792639065646814,0.41970495784307704,0.8449560403823853,0.8437177538871765,0.7966056557939032,0.7945916201773179,0.3687792420387268,0.36671048402786255,-0.5200613756449354,-0.5283261298559065,0.8762831687927246,0.865653932094574,0.8649097894089056,0.8431750225917966,0.7306346893310547,0.7150017023086548,0.8825552672383224,0.8430195990679118,0.8082244992256165,0.7891288995742798,0.7165180058122712,0.6736903286508636,0.28044217824935913,0.27438730001449585,-0.8624716855671486,-0.8918351631939438,0.7933100461959839,0.7831998467445374,0.6839992642542522,0.6605588908570669
118,4.916666666666667,118,4.916666666666667,0.0,0.024761813653913226,0.024003723634344755,0.6048221556166953,0.5967718394543017,0.07833869072899992,0.08094129996784054,0.07835981469095786,0.08202454342485337,0.13928069823111539,0.13551895822205806,0.11822455385628942,0.11502662296084333,0.08193118826282304,0.08214433399511359,0.49772757291793823,0.4987618327140808,0.4979798197746277,0.4985768795013428,0.5031102895736694,0.5008567869663239,0.2274313047528267,0.2271137312054634,0.27454325556755066,0.2748751640319824,0.4799180030822754,0.48561570048332214,-176.40002441406256,-175.91310119628906,-3.255077600479126,-2.3974056243896484,2.2881181240081787,2.3121657371520996,0.6114951968193054,0.6074458956718445,0.4183110507389423,0.4190002572225129,0.8434457778930664,0.8434285521507263,0.7892064978563529,0.7911884175845345,0.36461469531059265,0.3662950098514557,-0.5345231087166387,-0.5289604154512272,0.8733766078948975,0.8654939532279968,0.8541853169740216,0.839978978572884,0.7303052544593811,0.7152943015098572,0.8768579214498131,0.8429507934073117,0.807700514793396,0.7897937893867493,0.7116047412353417,0.6725923333997287,0.28046590089797974,0.27415111660957336,-0.8592949935084916,-0.8911767379133813,0.7918542623519897,0.7833849191665649,0.6772030633994761,0.6584211713959515
119,4.958333333333333,119,4.958333333333333,0.0,0.023771717106482005,0.02945577345264855,0.5990153430669902,0.5967176679390813,0.07978681778747188,0.08375428738411247,0.07985812570965985,0.08356666717938267,0.13815506231598912,0.13521174466724245,0.11348932566626574,0.11088076365754415,0.08239676173759326,0.08213830565634354,0.4985889196395874,0.4994465708732605,0.49864694476127625,0.49971601366996765,0.5029296875,0.5003239065408707,0.22843100875616074,0.22813285142183304,0.27645063400268555,0.27639761567115784,0.48122212290763855,0.48516713082790375,-175.7610931396485,-176.01690673828128,-3.254145860671997,-3.61929726600647,2.66168212890625,2.419386148452759,0.6120908260345459,0.6063649654388428,0.4215725367603682,0.41974523138466885,0.8402041792869568,0.8422239422798157,0.7798292527212569,0.795008119662051,0.36352771520614624,0.3670399487018585,-0.5383604813788229,-0.5275815453411177,0.8716883063316345,0.866418182849884,0.8482233209748774,0.8488780279941368,0.7313621044158936,0.7148885130882263,0.8821897130273999,0.8493169660709844,0.8059355020523071,0.7891380786895752,0.7053862088845332,0.6768093030034387,0.28019025921821594,0.2740894556045532,-0.8602037966797982,-0.8955100311362891,0.7906863689422607,0.7819744944572449,0.6722599846999766,0.6608591588024992
120,5.0,120,5.0,0.0,0.04141682914759086,0.04718892007680687,0.602396821387171,0.607956411526513,0.08017957582071922,0.0858370967208747,0.07992458008952952,0.08595852622641252,0.13736605254871279,0.13399635066579463,0.11039533369156367,0.10713484901783618,0.0825960621036934,0.08213337840917229,0.4993646889925003,0.5001177936792374,0.4997980296611786,0.5004811882972717,0.5029119402170181,0.5008057206869125,0.2292274460196495,0.22887814044952393,0.27845966815948486,0.27844786643981934,0.48124754428863525,0.4848886579275131,-175.19416809082037,-175.13316345214847,-4.9143595695495605,-5.043113708496094,2.6192898750305176,2.6058692932128906,0.6121921539306641,0.6063480377197266,0.4214439453303983,0.41848307431853987,0.8404531478881836,0.8416860699653625,0.7792268578361904,0.7957845362802889,0.3641190528869629,0.3669493496417999,-0.5352608677491248,-0.5307503875878132,0.8731520175933838,0.8663567304611206,0.8501607108714669,0.8508088426793011,0.7319657802581787,0.7149503231048584,0.8833561974263459,0.8490991489292494,0.8057217001914978,0.7891045808792114,0.7038837212436952,0.6785092016012608,0.2796456813812256,0.2743939161300659,-0.8610361362348312,-0.8977395105273188,0.7926946878433228,0.7808441519737244,0.6756241456765549,0.660085520923521
121,5.041666666666667,121,5.041666666666667,0.0,0.06811735285735981,0.0440969937874128,0.6086588735915023,0.5924729378017847,0.08242922274902192,0.08749985634757475,0.08347627440952184,0.08943997294104716,0.1337132498062889,0.13657736011573127,0.10379137737052763,0.10598481911229973,0.08238262130531172,0.08189691326143132,0.5000753700733185,0.5006788074970245,0.5007357001304626,0.5003933310508728,0.5036050379276276,0.500667542219162,0.22887272387742996,0.22909830510616302,0.2796216607093811,0.280224472284317,0.4811576008796692,0.4846448600292206,-173.83625793457034,-173.7457275390625,-7.442188262939453,-5.290885925292969,2.830305814743042,3.1720340251922607,0.6120814681053162,0.6065717935562134,0.41810268299590675,0.4203637177944479,0.8388535976409912,0.8420720100402832,0.7755042393082897,0.7980349192204858,0.3641839921474457,0.3674725890159607,-0.5373730792145733,-0.5286881783599048,0.8724401593208313,0.8659111857414246,0.8483217189623471,0.8512611351202978,0.7324075698852539,0.7145310640335083,0.8818777713374292,0.8488843837286094,0.8056744337081909,0.7885851860046387,0.7035700199724204,0.6786137915939895,0.27902406454086304,0.2747112512588501,-0.8656065411539646,-0.8968839808406248,0.7917002439498901,0.7814548015594482,0.673273221862902,0.6626936361873494
122,5.083333333333333,122,5.083333333333333,0.0,0.03444751036329973,0.030375102618190594,0.5984010169451385,0.5916491815049952,0.07787092064032575,0.08501186596733173,0.07828630850354848,0.08620096916907401,0.14292231749416243,0.14685809134381725,0.11236515311674121,0.11311002067949506,0.08331167001043259,0.08097927761719548,0.5007383078336716,0.501498356461525,0.5016586184501648,0.5018013715744019,0.5035572648048401,0.5012696981430054,0.22879406064748764,0.22909362614154816,0.2776867151260376,0.2796914279460907,0.4811377227306366,0.4844191372394562,-175.60292053222662,-174.0463409423828,-5.5278401374816895,-6.194461345672607,2.783853054046631,3.1237757205963135,0.611639678478241,0.6057299375534058,0.41770292816042887,0.41469238532940444,0.8387258052825928,0.8418583273887634,0.7773525872101809,0.7981779723610197,0.3650953471660614,0.36774471402168274,-0.5351097044445394,-0.5300753136205156,0.8722339272499084,0.8665519952774048,0.8501951302780487,0.8533200561299513,0.7324780821800232,0.7144343852996826,0.8847035561533273,0.8462336778465931,0.8061120510101318,0.7900638580322266,0.7064542897014796,0.6825185660344589,0.27809202671051025,0.2748149037361145,-0.8713488804475779,-0.8989935251146243,0.7928313612937927,0.779731273651123,0.6775837008461258,0.6594454350576532
123,5.125,123,5.125,0.0,0.024745452699636752,0.02828479592375011,0.5933819301655783,0.5953776905995612,0.07976327411723867,0.08180930276534637,0.08012875638637677,0.08304294551952017,0.14783180059441406,0.14862387234539257,0.11109518571725215,0.11259289085701822,0.08231928829265095,0.08112288794914713,0.5015081614255905,0.5022298693656921,0.5026341676712036,0.5027357339859009,0.5038056820631027,0.5011770129203796,0.22848962247371674,0.22866083681583405,0.27626991271972656,0.2779155969619751,0.4817502349615097,0.48387449979782104,-176.1226654052735,-174.59683227539065,-6.585850715637207,-6.307461261749268,3.3548264503479004,3.399904489517212,0.6128427982330322,0.605904221534729,0.42246940761227497,0.41578081982458925,0.8344725966453552,0.8430340886116028,0.768734601481653,0.8020748812235844,0.3678279519081116,0.36801978945732117,-0.5268520768424687,-0.5286517254643094,0.8739744424819946,0.8671054840087891,0.8548262106783415,0.8558311004793495,0.733890175819397,0.7143502831459045,0.89147313495071,0.8463259761409625,0.8071354627609253,0.7900625467300415,0.709155161658288,0.6837788799857829,0.2781258821487427,0.2753041386604309,-0.8744069425982332,-0.8967450777931851,0.7916638851165771,0.7793146967887878,0.6754359015072094,0.6597767908489965
124,5.166666666666667,124,5.166666666666667,0.0,0.03380478985313447,0.028897425286168225,0.5989005608204852,0.5952742714403236,0.08390545334729134,0.0832741235260542,0.08346285269281759,0.08317901871185855,0.14459309866856973,0.14853592578825156,0.10523848504253673,0.11059480570230305,0.08160120026428223,0.08151480523325799,0.5025123655796051,0.503273069858551,0.5037549734115601,0.50389564037323,0.5039837509393692,0.5009383708238602,0.2280402109026909,0.22854721546173096,0.2759528160095215,0.27755799889564514,0.48455810546875,0.4831467419862747,-175.6828002929688,-174.7523956298828,-7.0447492599487305,-6.181678771972656,3.499379873275757,3.465151309967041,0.6091216802597046,0.6052396297454834,0.4062917914624876,0.4144480303426687,0.8362659811973572,0.8426278829574585,0.7645101382684535,0.803487579662855,0.3723052144050598,0.36864173412323,-0.5088545004788813,-0.525689536909019,0.8765905499458313,0.8674576282501221,0.8521639662233905,0.8589853225902,0.7338459491729736,0.7143712639808655,0.8882724333032231,0.8480898801588641,0.812425971031189,0.7902092933654785,0.7126889232026797,0.6863251450305006,0.276034951210022,0.27496445178985596,-0.8808783547713194,-0.8979224855074185,0.793243408203125,0.7799179553985596,0.6709916375514968,0.6633226525709727
125,5.208333333333333,125,5.208333333333333,0.0,0.037899702315100495,0.0372543513540578,0.5948875988621465,0.5847424451725685,0.08498181665762035,0.08282350011853157,0.083715435834551,0.08169587393735532,0.1519444236786706,0.15498362367641136,0.10362732548540939,0.11075118267762955,0.08162645958860162,0.08097043909631872,0.5042694360017776,0.504804939031601,0.5052523016929626,0.5053619742393494,0.5027423053979874,0.5009585320949554,0.2275538593530655,0.22795464098453522,0.2766658365726471,0.2770054340362549,0.4823175221681595,0.48262569308280945,-174.7109985351563,-174.59262084960938,-8.392638206481934,-7.687004566192626,4.292837142944336,4.027772426605225,0.6081874966621399,0.6052650809288025,0.40669610740299267,0.4142791475247886,0.8374109268188477,0.8423566818237305,0.7703859780973825,0.8036776221027822,0.37253236770629883,0.36784180998802185,-0.5022123263234953,-0.5287058461075217,0.8727420568466187,0.86688232421875,0.8470379429247935,0.858470538413832,0.7306955456733704,0.7143638134002686,0.8792026869926552,0.8475916325952139,0.8133202195167542,0.7902615070343018,0.7181204534075111,0.6872914126623992,0.27301397919654846,0.27493447065353394,-0.8860490924832981,-0.897710225684868,0.7944732904434204,0.7795956134796143,0.6772314656140734,0.6634626621851748
126,5.25,126,5.25,0.0,0.05695410945899,0.0632792494548228,0.6050457945093874,0.5912690272611978,0.0845626910117151,0.08509712357720291,0.08284895934965811,0.08346031364951396,0.1565015323610615,0.15695087808661662,0.09781597099612949,0.1016720656692944,0.08129204260579119,0.08126208326066649,0.5069862008094788,0.5072780102491379,0.5084578394889832,0.5082463026046753,0.5027598738670349,0.5013038069009781,0.22777672111988068,0.22791138291358948,0.27642035484313965,0.2763345241546631,0.4851501137018204,0.48446421325206757,-174.75990295410162,-175.1940155029297,-10.768675804138184,-9.9710054397583,5.105637073516846,4.9849348068237305,0.6072118878364563,0.6052080988883972,0.402042241384039,0.4120247170148243,0.8392320275306702,0.8431586027145386,0.7666217527402008,0.8000864084726468,0.3737727403640747,0.36766502261161804,-0.49647942909376586,-0.5299346275868543,0.8724952936172485,0.8665081262588501,0.8386399563061766,0.8521687297492954,0.7308514714241028,0.714642345905304,0.8779386211696779,0.8459780580792231,0.8157137632369995,0.7921674847602844,0.715702425064696,0.6863480796151423,0.2701348662376404,0.27524036169052124,-0.8953879960292643,-0.8964377241655492,0.7958084344863892,0.7800148725509644,0.6726054539411189,0.6592410488341854
127,5.291666666666667,127,5.291666666666667,0.0,0.06377394651741261,0.07024914431608263,0.6069827163511723,0.5957810008266318,0.0793899760151626,0.0831075032511002,0.07723902303586136,0.0808225825892169,0.16690081409906327,0.16211353639082723,0.0989887390932825,0.09703048885797312,0.08109363875947291,0.08072458578369761,0.5102351307868958,0.5106179267168045,0.512481153011322,0.5124863386154175,0.5031708776950836,0.5012961328029633,0.22842437028884888,0.2285475879907608,0.2766232192516327,0.2774409055709839,0.48565638065338135,0.4837084710597992,-175.57443237304693,-174.77935791015625,-13.04211711883545,-13.18645477294922,5.768276214599609,5.538236618041993,0.606311559677124,0.6052207946777344,0.3950274635507732,0.4143298976006513,0.841145932674408,0.8431152105331421,0.7658551893610904,0.8060025129560464,0.3768288493156433,0.3677252531051636,-0.48388831692309875,-0.5325243104885506,0.8716363906860352,0.8665142059326172,0.8315428456127149,0.8584769020569851,0.7316962480545044,0.7148041129112244,0.8752491807820522,0.8512198927505297,0.8167880773544312,0.7922625541687012,0.7133794139340605,0.6919607760640489,0.2694842517375946,0.27528512477874756,-0.8950167222454405,-0.9010673320653468,0.7945460081100464,0.7797305583953857,0.6654618195741192,0.6638566283776476
128,5.333333333333333,128,5.333333333333333,0.0,0.05569572617841196,0.06016614793135799,0.593551722470629,0.5972373671254745,0.07798869077359231,0.08055578022909148,0.07551477862402618,0.07819535945791412,0.17155236517713918,0.1696320264799437,0.09678432314760667,0.09686315133504378,0.08121387871836779,0.08041372276236149,0.5131358355283737,0.5140911638736725,0.5159397721290588,0.5162391066551208,0.5036564916372299,0.5017572939395905,0.22932246327400208,0.22946084290742874,0.2785356342792511,0.27865204215049744,0.4860394448041916,0.48407959938049316,-175.04911804199224,-174.60076904296875,-14.994704246520994,-14.52669048309326,6.057005405426025,6.151900768280029,0.6043591499328613,0.6060450077056885,0.3876314611255117,0.4131146940403674,0.8402627110481262,0.8430833220481873,0.7669687928577608,0.7999428751242258,0.3781690001487732,0.36752426624298096,-0.4830349119071456,-0.5317370010754222,0.8716545701026917,0.8673913478851318,0.8349388516851806,0.8541067482231084,0.7311450839042664,0.7151978015899658,0.8756644253718032,0.8455014193864674,0.8172996640205383,0.7938557267189026,0.7172489067366818,0.6902524689898842,0.27015554904937744,0.2747924029827118,-0.8988075695459572,-0.8990755296050675,0.7948307394981384,0.7821073532104492,0.668598901048208,0.6640743903545142
129,5.375,129,5.375,0.0,0.04199097379328973,0.05963997045952247,0.5929146657806957,0.5977664126991887,0.07665425108389518,0.0793482566624337,0.0735356314190531,0.07754126541959508,0.17867781712529804,0.17303217737877086,0.09662266675531515,0.09475416469694634,0.0815386940934671,0.08090883484695312,0.5164887011051178,0.517461359500885,0.5198015570640564,0.5198287963867188,0.5045471787452698,0.5025489926338196,0.2306547909975052,0.23063743114471436,0.28010496497154236,0.2793786823749542,0.48265479505062103,0.4836752563714981,-175.22050476074224,-175.01162719726562,-15.298065185546875,-14.72066402435303,6.5567145347595215,6.918937683105469,0.6037935614585876,0.6074918508529663,0.3872523548120641,0.41590692778955174,0.8437395095825195,0.8427746295928955,0.7925214246455866,0.8005352130430533,0.3775220215320587,0.36782950162887573,-0.49564316508421946,-0.533916938875747,0.873810350894928,0.8673627376556396,0.8585219642366803,0.8553491386418565,0.7306993007659912,0.7158563137054443,0.8824295596872929,0.8453742740326164,0.817551851272583,0.7937527894973755,0.7350438316136354,0.6912515101711063,0.2716595530509949,0.2750498056411743,-0.9087110178837423,-0.9016191243728559,0.7939037084579468,0.7835709452629089,0.683140056462217,0.6685532671463698
130,5.416666666666667,130,5.416666666666667,0.0,0.03905148377447204,0.056295832263593214,0.5861883111907104,0.5899417401663065,0.07836150980527037,0.0824604407380771,0.07590330985504402,0.08096854051437001,0.1783474018558152,0.17490584862947203,0.09267558793864408,0.09265403148602434,0.0811122499972913,0.08052166167193638,0.5199096351861954,0.5205639153718948,0.5236107110977173,0.523174524307251,0.5041178315877914,0.5032227635383606,0.2322254776954651,0.23202700912952423,0.2810969352722168,0.28179261088371277,0.4853389412164688,0.4829487204551697,-175.78950500488287,-174.35862731933594,-16.3792724609375,-15.698463439941408,7.069994926452637,7.096893787384033,0.6062547564506531,0.6086924076080322,0.39815773450773684,0.4190603325239058,0.8448807001113892,0.8424183130264282,0.7883956949045757,0.8034035734376269,0.3674495220184326,0.3689267337322235,-0.5327705390602002,-0.5335956085148414,0.8751780986785889,0.8694480061531067,0.8548312006733767,0.8638141130094578,0.733842134475708,0.7156083583831787,0.8955283128215706,0.8438672452536523,0.8178209066390991,0.792170524597168,0.7290595422859437,0.6911012991544327,0.2700871527194977,0.2759782373905182,-0.912315747009429,-0.9029059264563869,0.7957910895347595,0.7842446565628052,0.6807530172859574,0.6733872258837156
131,5.458333333333333,131,5.458333333333333,0.0,0.036806333788662556,0.04953474074977611,0.5833256835881186,0.5853077019334799,0.07912936312406138,0.08540181118495341,0.07705651639030063,0.08460376182142892,0.18251500878084007,0.17415362134909212,0.09212079045589862,0.08728802736531384,0.08092215868730189,0.08059801183095498,0.5229954123497009,0.5236585140228271,0.5267589092254639,0.5261591672897339,0.5043366700410843,0.5034484267234802,0.23375394940376282,0.23346026986837387,0.28338348865509033,0.283197283744812,0.48473142087459564,0.48325709998607635,-175.28315734863287,-174.5328369140625,-17.087812423706055,-15.90242862701416,7.51974630355835,7.6897931098938,0.607752799987793,0.6096163988113403,0.4018140007524033,0.4197600336716165,0.8475488424301147,0.84455406665802,0.7929529936222048,0.8035157727060687,0.3667478859424591,0.3690847158432007,-0.5345887515401725,-0.5312385147252772,0.8754410743713379,0.8712090849876404,0.8539126595659565,0.8627958930096153,0.7307871580123901,0.7163913249969482,0.8798528487864795,0.8419198030403311,0.8181242942810059,0.7937601804733276,0.7286443850642603,0.6905513902968029,0.2705298960208893,0.27604955434799194,-0.9084350315611243,-0.8990748946982785,0.7972127199172974,0.788127064704895,0.6829412448402769,0.6780234761792046
132,5.5,132,5.5,0.0,0.0403015129679457,0.043736397151623245,0.5818904575080746,0.5854081928013299,0.08128578074716289,0.08488096073565116,0.0786689456929495,0.08383087699442764,0.18423977328043187,0.17895515735864465,0.0898236623944058,0.08721928217673276,0.08102931886610434,0.08069584644667135,0.5249817967414856,0.5260259807109833,0.5286667346954346,0.5284263491630554,0.5053221434354782,0.5032362639904022,0.23453062772750854,0.23472868651151657,0.28540587425231934,0.28504472970962524,0.48254427313804626,0.4838285893201828,-174.69589233398443,-174.51695251464844,-17.45781707763672,-15.998849868774416,7.743118762969971,8.144646644592285,0.6098620295524597,0.6093706488609314,0.4098465181361476,0.42144260885866214,0.8480862379074097,0.8453612327575684,0.8061186999545762,0.8075183089893436,0.3626636564731598,0.36783069372177124,-0.5592897250591096,-0.5376737883544509,0.8751950860023499,0.8700164556503296,0.8659010272650596,0.8625881464148707,0.7325646281242371,0.7162217497825623,0.890899584662603,0.8457311821307953,0.8166468143463135,0.7940082550048828,0.7367862848257613,0.692816440405247,0.26876527070999146,0.2749996781349182,-0.9274164553730811,-0.9062908528397035,0.7957133054733276,0.7896573543548584,0.6906222473565584,0.6830982807887784
133,5.541666666666667,133,5.541666666666667,0.0,0.03882794549040379,0.04279360772363909,0.5857200960436924,0.5812975771416379,0.08022192941214332,0.08262486239905721,0.07778299274289521,0.08180715971838162,0.1860104362607863,0.186441667045036,0.0880217712372006,0.0892242288701027,0.08079241687011467,0.08031337070293688,0.527325302362442,0.5280328094959259,0.5308473706245422,0.5307694673538208,0.5051895380020142,0.5042130053043365,0.23610413819551468,0.2359756976366043,0.28748077154159546,0.28660762310028076,0.48562416434288025,0.4833858609199524,-174.36987304687506,-174.8930206298828,-17.73326873779297,-17.597623825073242,8.143977165222168,8.518213272094727,0.6098089814186096,0.6082953214645386,0.40843065329279193,0.41174059093026055,0.8513265252113342,0.8457553386688232,0.8030752001859321,0.8063449534884487,0.35762542486190796,0.3677107095718384,-0.5760851440624721,-0.5399912106272529,0.8794395327568054,0.8711107969284058,0.8648108124712708,0.8627659466085434,0.7328240871429443,0.7167571783065796,0.8886773297714969,0.8408062639193022,0.8188239336013794,0.7945371866226196,0.7317001475290662,0.6923742662053389,0.2711752653121948,0.2754351794719696,-0.913583547696251,-0.9050251827118463,0.798362135887146,0.7902853488922119,0.6867664417238886,0.6829130722928042
134,5.583333333333333,134,5.583333333333333,0.0,0.03848231750602316,0.04560506018377948,0.5736286780377068,0.5730892748111402,0.0805648212293652,0.08321720081989717,0.07844072485909803,0.08273647286653522,0.1889411665453266,0.18639229119355247,0.08844966371791553,0.08767061466985679,0.08035096347922743,0.08019762494026847,0.52901391685009,0.5297505706548691,0.5328960418701172,0.5327782034873962,0.5055393427610397,0.504084587097168,0.2372044026851654,0.2373662143945694,0.28955450654029846,0.2875242829322815,0.4865148067474365,0.48371464014053345,-173.72148132324224,-175.1941375732422,-19.11225700378418,-18.423917770385742,8.140782356262207,8.732389450073242,0.6107997298240662,0.6065104007720947,0.4098307210997141,0.40572154944496386,0.8500422239303589,0.8451587557792664,0.7961579666417381,0.8053456889668604,0.3571433126926422,0.3701115548610687,-0.5777791029292991,-0.5306840558297292,0.8802490830421448,0.8697602152824402,0.8623137237932587,0.8601610213956689,0.7330305576324463,0.7165766954421997,0.8857357571635547,0.8417080065010775,0.8174334764480591,0.7937545776367188,0.7247418564307767,0.6908103252113107,0.27358847856521606,0.27592945098876953,-0.9030993765599317,-0.9037512323749887,0.79853755235672,0.7915245890617371,0.6833580713535506,0.685841613292642
135,5.625,135,5.625,0.0,0.024229886527132653,0.03532457917727245,0.5382324906547695,0.5453999742837952,0.08315060946462861,0.08325624135692576,0.08087962528437992,0.08248588999591848,0.1865011005958115,0.18698475684028532,0.08642941794402928,0.08687341889312113,0.08035276416049264,0.0801401714414129,0.5307210385799408,0.5313140600919724,0.5340880751609802,0.5342981219291687,0.5061108767986298,0.504181295633316,0.23822136223316193,0.2384028285741806,0.2920772433280945,0.2898326516151428,0.483916312456131,0.48322126269340515,-173.16584777832037,-174.72851562500003,-19.470849990844727,-19.201278686523438,8.035571098327637,8.609511375427246,0.6113483309745789,0.607398271560669,0.41158553280746707,0.410946007479886,0.8489493727684021,0.8436387777328491,0.8030535267700132,0.8071644934766726,0.3565702736377716,0.3714216649532318,-0.5848559271056379,-0.5285665433647623,0.8784310817718506,0.870485246181488,0.8679117354215069,0.8672878648522607,0.7328025698661804,0.7164149880409241,0.8865951956443092,0.8449829862193045,0.8176994323730469,0.7933573722839355,0.7343053020903784,0.6945579650286146,0.27517080307006836,0.2755246162414551,-0.9032106870738869,-0.9103691387531957,0.7930697202682495,0.7906253933906555,0.6801212313320545,0.6884396265251653
136,5.666666666666667,136,5.666666666666667,0.0,0.017275257753791778,0.021526105722262642,0.5165881447596218,0.5304486400223445,0.08436872178555273,0.08743994349037408,0.08177667638048824,0.08692192325840559,0.1849905821871463,0.18114984002939782,0.08469324338552667,0.0819574500428629,0.08054345181419069,0.08076321336970571,0.5319777280092239,0.5327368825674057,0.5354536175727844,0.5351783037185669,0.5067972242832184,0.5040739923715591,0.23951919376850128,0.23966775089502335,0.2933627963066101,0.2915698289871216,0.48163437843322754,0.48330770432949066,-173.66430664062506,-174.89340209960938,-19.69845199584961,-17.677949905395508,8.0994291305542,8.643365859985352,0.6125675439834595,0.607605516910553,0.41602893208643404,0.41260954448918535,0.8488127589225769,0.8440616130828857,0.8123802296205263,0.8087238160285659,0.3564625382423401,0.37445467710494995,-0.5913150217035165,-0.5165785674199393,0.8755258917808533,0.8717544078826904,0.8714828951324998,0.8708044259501162,0.7319312691688538,0.7159768342971802,0.8855251315824159,0.8445073659662353,0.8157649636268616,0.7946553826332092,0.7392621568870361,0.6979668865668194,0.27463680505752563,0.27539703249931335,-0.9131621380830867,-0.9113581266015426,0.7911949157714844,0.7920936346054077,0.6849010556371828,0.6922240613597237
137,5.708333333333333,137,5.708333333333333,0.0,0.01990412489540358,0.02068845282553959,0.506685540697198,0.5280389583873328,0.08453889280246268,0.08590116559281992,0.08199758981436689,0.08486561334512653,0.1869523826683077,0.182959064458621,0.0869520819570084,0.08265572886265697,0.08023058152426468,0.0801252376316146,0.5329232215881348,0.5336684584617615,0.5363801121711731,0.5363155007362366,0.5063455551862717,0.504058912396431,0.2416059449315071,0.24108140170574188,0.2952116131782532,0.2935623228549957,0.48321110010147095,0.4831772893667221,-173.7620697021485,-174.2979736328125,-19.588003158569336,-18.55147361755371,7.9211697578430185,8.50493335723877,0.6125438213348389,0.6069678068161011,0.41741861592245133,0.4111014778369533,0.8497366905212402,0.8434394001960754,0.8103660091495241,0.8095380038894187,0.3573293089866638,0.3761926293373108,-0.5857172390327088,-0.5108015028978387,0.8747560977935791,0.8725842237472534,0.8656824120215628,0.8750287717834249,0.7314468622207642,0.7150684595108032,0.8847741063232069,0.8429430434133969,0.8109028935432434,0.7963244915008545,0.7245068225068095,0.7036670061018442,0.2740676999092102,0.27490413188934326,-0.9129819570081048,-0.9154298027504589,0.7928317785263062,0.79281085729599,0.6845526754024124,0.6957715868082207
138,5.75,138,5.75,0.0,0.028144956520136617,0.030690393877017656,0.5228723652608009,0.5317074520484406,0.08274340341260668,0.08300578215509626,0.08021716303807712,0.08243463199606013,0.18515847250904288,0.1827334534250613,0.08613261405264029,0.08416075221774919,0.08017753078096174,0.08012155368811202,0.533663734793663,0.5344047546386719,0.5374003648757935,0.5372860431671143,0.5064398795366287,0.5034130662679672,0.24277536571025848,0.24259847402572632,0.2980393171310425,0.2960500121116638,0.4815793037414551,0.4843624234199524,-173.02934265136724,-173.6703643798828,-20.575353622436523,-19.658166885375977,7.794335842132569,8.371949195861816,0.61277836561203,0.6070379614830017,0.42002611986813715,0.41553048419344896,0.8516398668289185,0.8418707251548767,0.8222069764543427,0.8063942891892528,0.3579200804233551,0.37713971734046936,-0.5866379826106443,-0.506349615231831,0.8744751214981079,0.8723596930503845,0.8729427412747666,0.8751650826922285,0.7314291000366211,0.7154917120933533,0.8886843586597666,0.8504244294196202,0.809144914150238,0.7947628498077393,0.727790953668769,0.7001379548008648,0.27487409114837646,0.2746289372444153,-0.9146611276932894,-0.9174125552711797,0.7908697128295898,0.7939648628234863,0.6871867944560696,0.6983380185649056
139,5.791666666666667,139,5.791666666666667,0.0,0.036431813143549555,0.035820177486998006,0.5336907449564015,0.5370998163908581,0.08392914457661992,0.08662579639254267,0.08239100131976104,0.08649849265953989,0.17960163760432085,0.17692369629077254,0.08286681590483047,0.08122983111831558,0.08081751747686604,0.08084658048974969,0.5336520373821259,0.5343645215034485,0.5374471545219421,0.5372815728187561,0.5067367404699326,0.5031628757715225,0.24375184625387192,0.24364355206489563,0.29906776547431946,0.297649085521698,0.4822085499763489,0.48476018011569977,-173.3239135742188,-174.16122436523438,-20.903701782226562,-19.817222595214844,7.988922119140626,8.422097206115723,0.61241215467453,0.6074265837669373,0.416544868884269,0.4169115117926447,0.8533146381378174,0.8423625230789185,0.8228268147740491,0.8043287704238221,0.35641491413116455,0.3777722716331482,-0.5925293590190804,-0.5013900554756953,0.8763246536254883,0.872708797454834,0.8738452657119489,0.8725844237662126,0.7308017611503601,0.7152469158172607,0.8832057613720637,0.8480446308935131,0.8086186051368713,0.7939483523368835,0.7237255182973324,0.6954343205123594,0.2722577452659607,0.27428770065307617,-0.9242549276812237,-0.9151860902034497,0.7951637506484985,0.7938940525054932,0.6938930380037214,0.6953121878768332
140,5.833333333333333,140,5.833333333333333,0.0,0.017941381039423998,0.0239274186440859,0.5384401970713717,0.5432234264664733,0.08293605537831092,0.08556045840634238,0.08101002197558943,0.08390379206848157,0.18553196824004736,0.1829164595847327,0.08651612302149672,0.08433785536639823,0.07996647455476988,0.08062743173770648,0.5332255810499191,0.5338302105665207,0.5362106561660767,0.5366241335868835,0.5076749324798584,0.5032335519790649,0.24422695487737656,0.2440265789628029,0.30005112290382385,0.2982155382633209,0.48256976902484894,0.4855530560016632,-173.03334045410162,-174.29319763183594,-19.859708786010742,-19.218114852905273,7.9070563316345215,8.275185585021973,0.6126577854156494,0.6082749962806702,0.41609252267110536,0.41947757895523513,0.8535166382789612,0.8430436849594116,0.8270005104390977,0.8030364471749749,0.3597831726074219,0.3789048194885254,-0.5861591081471957,-0.4965003675116796,0.8745038509368896,0.8735721111297607,0.8737900563805434,0.8716128989861863,0.7292386889457703,0.7150840759277344,0.8781531438926795,0.8460141183057579,0.8054549098014832,0.7947116494178772,0.7198501951840269,0.6944674863069248,0.271115243434906,0.2746262550354004,-0.9375885206435388,-0.9129314252199736,0.7958775758743286,0.7941965460777283,0.698498188460453,0.6933104021131178
141,5.875,141,5.875,0.0,0.015371386340142302,0.01704787938684924,0.5511832184310301,0.5426029826535063,0.08343364171673412,0.0861471471617816,0.08347718803910605,0.08710236037107726,0.18338710768712707,0.18437857412252093,0.08865146767443596,0.08832552436633805,0.07982834020348173,0.0802761868162441,0.5322236716747284,0.5327238291501999,0.5352745056152344,0.5351317524909973,0.5075299441814423,0.5036138296127319,0.24333617836236954,0.2434937208890915,0.2984619736671448,0.2966916263103485,0.4830252677202225,0.48549050092697144,-172.78132629394534,-173.90773010253906,-18.681669235229496,-18.036617279052734,7.556835174560547,8.227264404296875,0.6117936372756958,0.6089622378349304,0.41576051584277846,0.42046560791531196,0.8551821112632751,0.8422695994377136,0.8347543197240177,0.8009850882568171,0.3598111569881439,0.3787328600883484,-0.5890414711057289,-0.4984237887806949,0.8691521286964417,0.8737754225730896,0.8660893135613849,0.8717170751642088,0.7284433841705322,0.7146238684654236,0.8809114950823552,0.8421813462553622,0.8058738708496094,0.7948896288871765,0.7241550726661403,0.6946149279771372,0.27263808250427246,0.27481457591056824,-0.9366516634883434,-0.9131814986282698,0.7898155450820923,0.7938945889472961,0.6881359666506421,0.6923810186551198
142,5.916666666666667,142,5.916666666666667,0.0,0.022019414898443952,0.024590998537426374,0.5612366609200571,0.5563939423115521,0.08341746390496224,0.08505381274814088,0.08386208544707534,0.08716697492607467,0.18024966672950873,0.17764982483299113,0.08729421104754802,0.08630293478335514,0.08031384737842534,0.08087843880891882,0.5309703052043915,0.5313073545694351,0.5340777039527893,0.5337986350059509,0.5067543685436249,0.504472404718399,0.24214611947536469,0.24228661507368088,0.2964797616004944,0.2948426306247711,0.48924997448921204,0.48515936732292175,-173.07202148437506,-174.1660614013672,-18.264177322387695,-17.27695655822754,7.664863586425781,8.325586318969727,0.6119317412376404,0.6091634035110474,0.4171282487588332,0.4184689267931019,0.8566064834594727,0.842766523361206,0.8195162134138745,0.8040491546194211,0.3595619797706604,0.3788306415081024,-0.5837577207610692,-0.5022129353750895,0.8707940578460693,0.872874915599823,0.8511665230039317,0.8717453036411654,0.7286126017570496,0.7145329713821411,0.879878760256485,0.839650217373796,0.8083430528640747,0.7945788502693176,0.7118478778268063,0.6957032863715776,0.26904550194740295,0.27537086606025696,-0.9427415868828884,-0.9157604389543128,0.7941769957542419,0.7932775616645813,0.680245569991845,0.6927774500596161
143,5.958333333333333,143,5.958333333333333,0.0,0.03435785834652072,0.02746088644499899,0.5530851660761744,0.5512090040264479,0.08296573107428958,0.08575467473298656,0.08410747862036783,0.0873262668246704,0.17669565079553837,0.17337967080466826,0.08647667141785433,0.08299372691962308,0.08068541741959419,0.08114174349376316,0.5297166258096695,0.5300493091344833,0.5324540138244629,0.5320093631744385,0.5073520243167877,0.5041070431470871,0.24081730097532272,0.24113792181015015,0.2979813516139984,0.2957019805908203,0.48824846744537354,0.4848226457834244,-170.84597778320318,-172.7875518798828,-20.400230407714844,-18.43720054626465,7.2680444717407235,7.9328646659851065,0.6122918128967285,0.6087698340415955,0.41496579374336384,0.41762547153715684,0.8559141159057617,0.8433969020843506,0.8178011096833586,0.8048154424677878,0.36341434717178345,0.3777239918708801,-0.5691760318399379,-0.5042936551990991,0.8687947392463684,0.8713111877441406,0.8464515645340418,0.8674687081991741,0.7297540903091431,0.714178740978241,0.8794495500091256,0.8382280953292447,0.8077406883239746,0.7960376739501953,0.7106486392292664,0.6985182460685698,0.2656853199005127,0.275637686252594,-0.9556281480693929,-0.9116384351055944,0.7946755886077881,0.7936758995056152,0.6815878523682599,0.6932172728078775
144,6.0,144,6.0,0.0,0.050706720983723245,0.062151507107086584,0.5741007172788788,0.5707794058715312,0.07979420991576186,0.08227017417031732,0.08125217378151861,0.08438470261857528,0.18016938277667488,0.1812755318088115,0.09041948892223958,0.09064455674489474,0.08085291422845131,0.08022920094110571,0.5283836275339127,0.5284514874219894,0.531700849533081,0.5309752821922302,0.5076612681150436,0.5037466138601303,0.23988298326730728,0.24056217819452286,0.2955380082130432,0.2942413091659546,0.4882326126098633,0.4853561967611313,-170.661117553711,-172.1277618408203,-20.193912506103516,-20.014245986938477,7.228381633758545,7.665884971618652,0.6131467223167419,0.6088033318519592,0.41652002336168814,0.4197778900567673,0.8558752536773682,0.8428875207901001,0.8165667860592577,0.8035859874614378,0.36538347601890564,0.37832173705101013,-0.5617983041948044,-0.5011634777288348,0.8637624382972717,0.8712915182113647,0.8340849199118215,0.8674266995378144,0.7276216745376587,0.7142722606658936,0.8685359921436353,0.8412028617325837,0.8111751079559326,0.7958439588546753,0.7172838132731084,0.6978510640270966,0.2701016664505005,0.2754843831062317,-0.9380282009869356,-0.9120733965149675,0.7947863936424255,0.7939000129699707,0.6808830308835417,0.6934818589579336
145,6.041666666666667,145,6.041666666666667,0.0,0.07191558935821903,0.0778905598406557,0.5801417092427797,0.5907407403428598,0.08146298600528533,0.08311832579592532,0.08283381129697057,0.08520509658406228,0.17488444285371438,0.17956969383696525,0.08887455344994634,0.09373008995039932,0.08122182789607266,0.0799652290035762,0.5264680087566376,0.5268507897853851,0.5300439596176147,0.5292547345161438,0.5075223445892334,0.5038645565509796,0.23885609209537506,0.2391337752342224,0.29275912046432495,0.29255300760269165,0.48796914517879486,0.4850654602050781,-171.89225769042974,-172.2633514404297,-19.292720794677734,-19.206064224243164,7.01440715789795,7.286222457885742,0.6115015745162964,0.6088937520980835,0.40903332529818154,0.4195604233613668,0.8551198244094849,0.8429415225982666,0.8124169184130694,0.8041547895313574,0.3660842776298523,0.3771677315235138,-0.5563888373930433,-0.5061161638929677,0.8649221062660217,0.87020343542099,0.8341070311373341,0.8654128620092348,0.7258385419845581,0.7140955328941345,0.8588119016625055,0.8398102735029446,0.8122050166130066,0.7959714531898499,0.7174566803512527,0.6986120884442407,0.27300313115119934,0.2756785452365875,-0.9225512997755532,-0.9115353022890775,0.795380175113678,0.7925538420677185,0.6802273174305199,0.6909326467564139
146,6.083333333333333,146,6.083333333333333,0.0,0.08226879699566697,0.08345400854081939,0.5857502001980969,0.5931228833667472,0.0797696329067629,0.07707185594081194,0.08146284694551528,0.08022842996189543,0.17536491068452298,0.18119797055446424,0.09342670080004055,0.10328653290002922,0.0814253088967193,0.08069124670203855,0.5241069048643112,0.5245813131332397,0.5269631147384644,0.5266460180282593,0.5067310780286789,0.5041322708129883,0.23801090568304062,0.23880945891141891,0.2910662293434143,0.2901363670825958,0.4886936694383621,0.4850371181964874,-172.42021179199224,-173.19720458984375,-17.233871459960938,-16.58979034423828,6.742170810699463,7.040396213531494,0.6134757995605469,0.6092402338981628,0.4210258620737403,0.42007558972999276,0.8521437048912048,0.842492401599884,0.8063611721916781,0.8035928672364963,0.3653673529624939,0.37725844979286194,-0.5575712162420797,-0.507065246266242,0.8655449748039246,0.8706161379814148,0.8360936323968714,0.8668176536798764,0.7284930944442749,0.7139553427696228,0.8746806661415379,0.8385810941813816,0.8122540712356567,0.7954642176628113,0.7178608320755803,0.697869116810715,0.2729564309120178,0.2754201292991638,-0.9220612590561906,-0.9140733480580684,0.7953940629959106,0.7925246357917786,0.6804547110652359,0.6912606621762544
147,6.125,147,6.125,0.0,0.0808294168524469,0.07625095548584167,0.5914744269133001,0.6006697959652862,0.0490437611453407,0.04700859997475526,0.051101703890903086,0.049500697907247974,0.1939235457371842,0.19955760884831106,0.11613296624722277,0.12869062269082054,0.08116561237176431,0.08009794930858631,0.5208448767662048,0.5212265402078629,0.5237236022949219,0.5235738158226013,0.506812572479248,0.504779651761055,0.23915044963359833,0.2395428568124771,0.28820744156837463,0.28844594955444336,0.4874398410320282,0.48528696596622467,-175.42211914062506,-174.6778564453125,-15.39243793487549,-15.265279769897461,6.688800811767578,6.382626056671143,0.6108156442642212,0.6100224256515503,0.40936596141471604,0.4228184035560807,0.848789393901825,0.8428800702095032,0.8000472012550295,0.8081151672139588,0.36438649892807007,0.3766971230506897,-0.5606025430705127,-0.514578325055279,0.866976261138916,0.8701059818267822,0.8403138962518111,0.8696422824129748,0.7257130742073059,0.7135220170021057,0.8616131505167471,0.8386334791743106,0.813852846622467,0.7947354912757874,0.7226958204372547,0.6993145108428098,0.2737983763217926,0.275804340839386,-0.9171659913131153,-0.9199204072518357,0.7941606044769287,0.7906164526939392,0.6790961450264176,0.6900060048542089
148,6.166666666666667,148,6.166666666666667,0.0,0.0854703276581585,0.08749736379469947,0.5949901175334298,0.6056662953832898,0.04480001284179123,0.047481766077465994,0.04635890181585213,0.050490903596234385,0.1830020133149328,0.19426086155052275,0.11706849154269211,0.13422146412516828,0.08154407387678447,0.08031714041789965,0.5175534933805466,0.5180807560682297,0.5205435156822205,0.520574688911438,0.5067720413208008,0.505643755197525,0.2377738058567047,0.23918161541223526,0.2861037254333496,0.28688979148864746,0.48533283174037933,0.4849017411470413,-175.4424896240235,-175.3589324951172,-14.540541648864744,-14.11587142944336,5.565134048461914,5.497524738311768,0.6091412305831909,0.6094812750816345,0.40382752638853714,0.4180327102042519,0.8458536863327026,0.8429358005523682,0.7999808180412207,0.8107796291330537,0.3667403757572174,0.376280277967453,-0.5523990326392516,-0.5207959998301996,0.8677669167518616,0.8685199022293091,0.848605367143845,0.8687156492529984,0.7240762710571289,0.7135756015777588,0.8572250127258544,0.8370992814265512,0.8115190863609314,0.7952632904052734,0.7237937652739257,0.7028236984567887,0.27369654178619385,0.2763262987136841,-0.9194397564054261,-0.9231942166769301,0.7917591333389282,0.7882857918739319,0.6799472493743853,0.6870229288849948
149,6.208333333333333,149,6.208333333333333,0.0,0.06207789168330363,0.06320779659576359,0.5749936688686641,0.586677154173684,0.053326498592690064,0.051805160657532906,0.05495683229183515,0.05425769955854075,0.1646144969135527,0.17503258070339148,0.11356471805099887,0.12794176602127122,0.08276364806698508,0.08207056620145077,0.5137667655944824,0.5142510235309601,0.5163661241531372,0.5162045955657959,0.506916880607605,0.5042237192392349,0.2352696657180786,0.23703014105558395,0.28527092933654785,0.28566601872444153,0.48445001244544983,0.4850752353668213,-174.84997558593756,-175.06158447265625,-12.48363971710205,-10.690258026123047,4.212491035461426,4.25,0.6068907976150513,0.6098306775093079,0.39510670161671346,0.42306104413356194,0.8460618853569031,0.8426036238670349,0.8038830951074488,0.8056447122518706,0.364965558052063,0.3763759434223175,-0.5610055154773317,-0.5121576685216017,0.8640831708908081,0.8695263266563416,0.8439454046665105,0.8663115958879392,0.7237450480461121,0.71281498670578,0.8569261325215864,0.8356157667742163,0.8095928430557251,0.7946056127548218,0.722810406966332,0.6974873040712949,0.27367544174194336,0.2763509750366211,-0.9217929871016652,-0.9128572839433537,0.7884448766708374,0.7892605066299438,0.6757973137959242,0.685442787819041
150,6.25,150,6.25,0.0,0.02664177315906686,0.022530408970613394,0.5429131762845337,0.5550959580355121,0.07030368990714521,0.07284868761805968,0.07387410805192465,0.07676926319556045,0.14157717321134955,0.14443199064600465,0.10786087482990506,0.10984741561639491,0.08306875812901762,0.08247254239212484,0.5093479454517365,0.5102868974208832,0.5109214186668396,0.5108092427253723,0.5056250393390656,0.5039395689964294,0.23373840004205704,0.2346416488289833,0.2869119644165039,0.2856723368167877,0.48543523252010345,0.4864002913236618,-173.15483093261724,-174.28277587890625,-9.556589126586914,-7.083713054656983,2.611595392227173,3.4612741470336914,0.606230616569519,0.6088211536407471,0.39422826562096713,0.41912794222281197,0.8462357521057129,0.8425338864326477,0.7952714345485775,0.8005396469419404,0.3654177188873291,0.3768919110298157,-0.5494097871178435,-0.5077080369099807,0.8654605150222778,0.8706696033477783,0.8376463867827724,0.8637848930940317,0.723792314529419,0.7132879495620728,0.8548999854802342,0.8365983051430761,0.8106442093849182,0.7954878807067871,0.7168210562900527,0.6947866561231906,0.27182358503341675,0.2764386832714081,-0.9161633417145719,-0.9091393728571145,0.7891736626625061,0.7895286679267883,0.6694959789534513,0.681391160274246
151,6.291666666666667,151,6.291666666666667,0.0,0.021275209635564275,0.02872357136503481,0.5345399264089732,0.5348718498703233,0.07418639052839211,0.08274171377858751,0.07757458076623994,0.08428007927325167,0.1308626068208477,0.1277038400207824,0.11378735424789271,0.10986486547243056,0.08312221466019822,0.08193546400295978,0.5055272728204727,0.5058011114597321,0.5068252086639404,0.5073064565658569,0.5054600834846497,0.5037269592285156,0.23263199627399445,0.23356714099645615,0.28715285658836365,0.28611594438552856,0.4817086309194565,0.48571616411209106,-171.784408569336,-172.8556365966797,-6.584913730621338,-7.0784196853637695,1.1870437860488892,1.0404869318008423,0.6070576310157776,0.6064305901527405,0.40063736178833376,0.41108907513437426,0.8467552065849304,0.8424016833305359,0.8097277598144318,0.803078765332105,0.3685356080532074,0.37700748443603516,-0.5399447322711918,-0.5072166507179173,0.8643786311149597,0.8695920705795288,0.8488191443561031,0.8642980227571591,0.7237790822982788,0.7126215696334839,0.8609139672998926,0.8361368670139057,0.8078094720840454,0.795460045337677,0.7233403110505565,0.6973894938288107,0.27226561307907104,0.27656620740890503,-0.9195735495317372,-0.9092502624493521,0.7875209450721741,0.7879103422164917,0.6783373316435894,0.6803913093371317
152,6.333333333333333,152,6.333333333333333,0.0,0.026777147001748998,0.03197221582757912,0.5418269609499142,0.526130658970276,0.08117026529491829,0.08673772648459752,0.08450102671190102,0.08778779804279907,0.11756663554682102,0.11468509913365367,0.11150423095887833,0.10505043200503487,0.08299355385793111,0.08217071828113329,0.5020365566015244,0.5023533850908279,0.5030710697174072,0.5030763745307922,0.5053959339857101,0.5035452395677567,0.2330285906791687,0.23351801186800003,0.2866855263710022,0.28654199838638306,0.4834301322698593,0.4858183413743973,-172.24198913574224,-172.68069458007812,-4.289869785308838,-3.7982964515686035,0.412043958902359,0.43736833333969116,0.6066218614578247,0.6072935461997986,0.39669987865660306,0.41287591653129607,0.8473678827285767,0.8435353636741638,0.8022688612606922,0.8007568593878831,0.3677632808685303,0.37767842411994934,-0.539376206810378,-0.5008985541633812,0.8641220331192017,0.8708050847053528,0.8392019168130092,0.8618006867935012,0.7222332954406738,0.7133203148841858,0.8497759134002347,0.8348191820987576,0.8088809251785278,0.7956088781356812,0.7174277378318965,0.6934724427991363,0.27117595076560974,0.2758182883262634,-0.9178976300114554,-0.9062603213966189,0.7891396284103394,0.7890602946281433,0.6739097799996532,0.6788133048883299
153,6.375,153,6.375,0.0,0.03693310283464065,0.049346635463992615,0.5251637376799289,0.5099869732406999,0.08126412020610752,0.08215932897665557,0.08333956080629061,0.0835918611740104,0.10857916323703898,0.10626215637230053,0.11244729854824931,0.11042817940743306,0.08395044809592461,0.0830298769752434,0.49835173785686493,0.4985961318016052,0.498676061630249,0.4989855885505676,0.5046044886112213,0.5029619932174683,0.23357154428958893,0.2332518845796585,0.28641924262046814,0.28560930490493774,0.48460856080055237,0.48535503447055817,-173.51086425781256,-173.9517822265625,-0.7693681120872498,-0.9929597377777101,-0.32610002160072327,-0.614535391330719,0.6071970462799072,0.607373058795929,0.40163814527035907,0.4153202438595258,0.8476158380508423,0.8461445569992065,0.7993867658434436,0.8072592239359146,0.3690919280052185,0.375659316778183,-0.5305161966855294,-0.506377157725716,0.8638628721237183,0.8688604831695557,0.8351647373498101,0.8580856470613408,0.7214507460594177,0.7123627066612244,0.8489283299825149,0.8329419385770588,0.8079246282577515,0.7945032119750977,0.7119818298618548,0.6917127640082743,0.26996302604675293,0.2749776840209961,-0.9185945254651002,-0.9068626813359287,0.7908714413642883,0.7876019477844238,0.6744286104846847,0.6762713256436176
154,6.416666666666667,154,6.416666666666667,0.0,0.05271686123039796,0.05665195850455527,0.5181660897831429,0.5217172310927591,0.08017047591248111,0.08053925427340229,0.0812667005420164,0.08132571032601027,0.1054489685134825,0.10218366245593304,0.11822089289799442,0.11530616021999537,0.08385299802036644,0.08297015659259808,0.49497196078300476,0.49538110196590424,0.4950485825538635,0.4955526292324066,0.5045479238033295,0.5019135624170303,0.23394513130187988,0.23358221352100372,0.2866348922252655,0.2864879071712494,0.48391248285770416,0.4873690754175186,-173.85926818847662,-173.76205444335938,1.4809865951538086,1.1407703161239624,-1.1584244966506958,-1.246122121810913,0.607425332069397,0.6088709235191345,0.4056796670977443,0.422057150185397,0.8482736349105835,0.8460915088653564,0.8081980899859593,0.7962357018234483,0.37039655447006226,0.3749988377094269,-0.529003245407153,-0.500809541996091,0.8636893630027771,0.8699045181274414,0.8423920811116807,0.8490920787165359,0.7219501733779907,0.7125787734985352,0.8572890172899044,0.8312916260844047,0.8086346387863159,0.7928382158279419,0.7202738950598644,0.6780324081277913,0.2710130214691162,0.2743663489818573,-0.9209054060695703,-0.8979085445404472,0.7891831398010254,0.7893062233924866,0.677128065053832,0.6701926462019768
155,6.458333333333333,155,6.458333333333333,0.0,0.05280281188350695,0.06250432300304948,0.5166028727130313,0.5263725516221474,0.07976629472329463,0.08146338294989162,0.08073711421378689,0.0820903880957762,0.10238873691987066,0.10045045691272775,0.11946721621607127,0.11917105033801545,0.08377937954421713,0.08297821098324307,0.49227097630500793,0.4926765263080597,0.4924620985984802,0.4929286241531372,0.5036323368549347,0.5014034509658813,0.23425034433603287,0.23386217653751373,0.2867351174354553,0.2870776951313019,0.48417991399765015,0.48783108592033386,-173.89636230468756,-173.169921875,1.6307642459869385,1.6585484743118286,-1.5564076900482178,-1.732961893081665,0.608484148979187,0.6091825366020203,0.41283409619007727,0.42377891748885166,0.8483523726463318,0.8442516326904297,0.8065461882578607,0.788297431098109,0.36920443177223206,0.3748634159564972,-0.529284344955128,-0.4975455000269315,0.8635699152946472,0.871124804019928,0.8402490417443478,0.847732983050638,0.7211213111877441,0.7127622961997986,0.8563215296993854,0.8310464141188637,0.8082167506217957,0.7932800650596619,0.7176563444806395,0.6755633135325023,0.2703389525413513,0.2736203968524933,-0.9185483923357546,-0.8956251161784693,0.7883179783821106,0.7909950613975525,0.6735857990020423,0.6705095574199164
156,6.5,156,6.5,0.0,0.05028425591171283,0.056664132290277246,0.5145801282514888,0.5248142761306085,0.08328228183023023,0.08419441554407671,0.08403186684096056,0.08496042431541226,0.10149615490563733,0.09667923650155032,0.11930407341858011,0.1196193141221914,0.08287992990223032,0.08226112245727042,0.49044668674468994,0.4907113015651703,0.49065765738487244,0.49135178327560425,0.5035718679428101,0.5017000138759613,0.23369786143302917,0.23357240855693817,0.28678953647613525,0.2869625687599182,0.4819944053888321,0.48751288652420044,-172.82141113281256,-172.77894592285156,1.9353662729263306,1.4340555667877197,-1.6379334926605225,-2.3054511547088623,0.60919588804245,0.6091678738594055,0.4165193529467681,0.42270435381489513,0.847288966178894,0.8430372476577759,0.8102857934004177,0.7865928812659404,0.3699174225330353,0.3741832375526428,-0.5270549546213336,-0.5015629467694864,0.8633432388305664,0.8701820969581604,0.8458969150795689,0.8466504963183643,0.7214692831039429,0.7132640480995178,0.85925995134508,0.8321468240897107,0.8065975904464722,0.7947651147842407,0.7200253646697281,0.6797914346343261,0.2697255611419678,0.27336442470550537,-0.9221530510370181,-0.8981145403668588,0.7871703505516052,0.7898145914077759,0.6769324249398114,0.6688384680526498
157,6.541666666666667,157,6.541666666666667,0.0,0.056080610694761585,0.055677054276397915,0.5065802701326629,0.5223705849553929,0.08293463393143438,0.08332938717269978,0.08310252058416859,0.08396923704858983,0.09805174889032038,0.0971152328046311,0.12116202419477762,0.12156162165504365,0.08314306410577077,0.08161545238654055,0.4887746721506119,0.48929138481616974,0.48891186714172363,0.4897138178348541,0.5028451830148697,0.5015757083892822,0.23344864696264267,0.2332356497645378,0.2861798405647278,0.28610798716545105,0.48138757050037384,0.4880540668964386,-172.771469116211,-173.1017608642578,3.1070518493652344,2.3599061965942383,-2.2003660202026367,-2.325254440307617,0.6090412735939026,0.6092893481254578,0.41983507254230223,0.4233001668251194,0.8470236659049988,0.8422393798828125,0.8130959095407934,0.7829442039398458,0.37009212374687195,0.3746953010559082,-0.5248252545277448,-0.49862299447502906,0.8643677830696106,0.8707185387611389,0.8516654897829626,0.8458987973668338,0.7214797735214233,0.7137021422386169,0.8643488537580722,0.8336284527787995,0.8070645928382874,0.7948975563049316,0.7242355391672677,0.6782927545002397,0.2687840461730957,0.27325761318206787,-0.9253360818604516,-0.8972595116749034,0.788329005241394,0.7901337146759033,0.6825716284392557,0.6677620462659359
158,6.583333333333333,158,6.583333333333333,0.0,0.09370047018315626,0.09266426867744028,0.5262754304860229,0.537270500523842,0.0831225998968835,0.08418389106520408,0.08334531595490555,0.08448307599331145,0.09650758572863372,0.09538551829091381,0.12093221320516308,0.12203681136439273,0.08317685840465952,0.08196065714685771,0.48736807703971863,0.4879484474658966,0.48731938004493713,0.48814335465431213,0.5025282353162766,0.5010921508073807,0.2334454506635666,0.2331211119890213,0.2856653928756714,0.28607550263404846,0.4814778119325638,0.4874799996614456,-174.18051147460943,-174.0196533203125,2.979353904724121,2.768087863922119,-2.3134679794311523,-2.5147643089294434,0.6086711287498474,0.6097767353057861,0.42022318659808733,0.4285815410984172,0.8487651348114014,0.8413541913032532,0.8179326695952944,0.7849408473949958,0.37094810605049133,0.3762245774269104,-0.5209300352044901,-0.49239675782545583,0.8641418218612671,0.871813178062439,0.852175873498025,0.8525030020879509,0.7215473651885986,0.713475227355957,0.8671038983734554,0.8375011660623074,0.8073707818984985,0.7955154180526733,0.725749271271499,0.6832642448941924,0.2693426012992859,0.2733496427536011,-0.9231895516098951,-0.8980688064068512,0.7885502576828003,0.7903182506561279,0.6838367938838512,0.6717362242680732
159,6.625,159,6.625,0.0,0.1462746641102815,0.1284548852122063,0.5445946356860156,0.5460023307534346,0.08470738367297526,0.08746837190208039,0.08430065131716655,0.08659593058240733,0.09408464488383637,0.09354986066370244,0.11741801380032521,0.11944825781390754,0.08377783262929626,0.08230243749657001,0.48644256591796875,0.48681384325027466,0.48592737317085266,0.487125962972641,0.5029072761535645,0.500173032283783,0.23347987979650497,0.2331298366189003,0.28651687502861023,0.28620585799217224,0.48314039409160614,0.48647506535053253,-174.58921813964847,-174.96360778808594,4.639266490936279,2.593153476715088,-2.0741958618164062,-2.5523011684417725,0.6088283658027649,0.6092150211334229,0.4191931045124029,0.42935660627229644,0.8478060960769653,0.8429540395736694,0.8118001653851484,0.7895521703102566,0.37122517824172974,0.376504123210907,-0.5211448221991066,-0.48695061105447357,0.8656378984451294,0.8722918033599854,0.8514964132987295,0.854531304409302,0.7215156555175781,0.7130740880966187,0.8651641096360053,0.8383052781771578,0.8083184957504272,0.796141505241394,0.7238948858339795,0.6858688095725883,0.2695136070251465,0.2734142541885376,-0.9236783445063494,-0.8928705394366881,0.7897790670394897,0.7914215922355652,0.6826233562885728,0.6754148478331924
160,6.666666666666667,160,6.666666666666667,0.0,0.0344466460266596,0.03744693954251478,0.5325617903893485,0.5328414304565272,0.0827712228392315,0.08657089776262905,0.08508922057217316,0.08750613488911986,0.09447057254738403,0.09499506321427727,0.11735917142372439,0.12085381102149728,0.08404388526624579,0.08226947855784762,0.4865838885307312,0.48678022623062134,0.48554062843322754,0.48667749762535095,0.5016116797924042,0.5001856535673141,0.2336971014738083,0.23417722433805466,0.2881848216056824,0.2887662947177887,0.48283249139785767,0.4866520166397095,-173.90351867675784,-173.62730407714844,5.816502571105958,4.801084518432617,-1.5385456085205078,-2.2694809436798096,0.6073578000068665,0.6086887121200562,0.41893909745707025,0.4273872311518594,0.8486629724502563,0.841998279094696,0.8152463544241424,0.7873246357801901,0.37125566601753235,0.37656694650650024,-0.516437204960238,-0.4869268906702069,0.8649469017982483,0.8715029954910278,0.8515347850613623,0.8526969009337664,0.7211797833442688,0.7137106657028198,0.8698727002543812,0.8410625924789172,0.8080543279647827,0.7958306670188904,0.724750753074438,0.6850331465963709,0.26892155408859253,0.2737121880054474,-0.9218587977679289,-0.8920657967333048,0.7906054854393005,0.7908094525337219,0.6858663353055896,0.6739078688506672
161,6.708333333333333,161,6.708333333333333,0.0,0.02292576346338167,0.034862560956019764,0.5525938179564213,0.5503233669660395,0.08706961087006788,0.09042140268214498,0.08838166711221228,0.09002065962761562,0.09828567741392819,0.0959170705857858,0.12457459567016214,0.1271046621222853,0.08351894705510464,0.08160825420133036,0.4856669008731842,0.48560409247875214,0.48515355587005615,0.4859926998615265,0.5018824487924576,0.4995589256286621,0.23556312173604965,0.23569995909929276,0.2910960912704468,0.2917928695678711,0.48193778097629547,0.48660655319690704,-172.01675415039068,-171.18492126464844,5.151766777038574,4.675933361053467,-2.057356119155884,-2.838411808013916,0.6078529357910156,0.6084941625595093,0.4197261509450157,0.4289065756757452,0.847413957118988,0.8426787853240967,0.8142592439965504,0.7885967012942785,0.37255096435546875,0.3766998052597046,-0.5122540029421698,-0.48372855370420653,0.8670477867126465,0.8718738555908203,0.8580022518457067,0.8532553127474991,0.7209418416023254,0.713592529296875,0.8676468173038516,0.8427063878986039,0.8077510595321655,0.7947495579719543,0.7258926605857908,0.6824473664818356,0.26823779940605164,0.274001806974411,-0.9254158601459319,-0.888077486283852,0.7904222011566162,0.7907666563987732,0.6872849919023769,0.6736263948957432
162,6.75,162,6.75,0.0,0.03078994810218767,0.03859870010902709,0.5458285468526297,0.5547175922915364,0.08415700897424973,0.08826606236852277,0.0856815515883114,0.08863905358411774,0.09655751528122083,0.09771019863421636,0.12730469364072347,0.13068693050620064,0.08295519839207076,0.08128405062226532,0.4848753809928894,0.48520712554454803,0.4844033718109131,0.4855833947658539,0.5018115490674973,0.4994661808013916,0.23639020323753357,0.2371421456336975,0.29289740324020386,0.29402393102645874,0.4820357859134674,0.4872787445783615,-171.95138549804693,-170.6486053466797,6.849088191986084,4.830175876617432,-2.491024971008301,-2.9654645919799805,0.6070112586021423,0.6089314818382263,0.4177302341779162,0.4301661740631151,0.847371518611908,0.8425333499908447,0.816011064003217,0.7852754576279493,0.37331727147102356,0.3762461841106415,-0.5102290197219623,-0.48421804939533897,0.8654288649559021,0.8717130422592163,0.8563438129911184,0.8497759478408287,0.7212311029434204,0.713945746421814,0.8712778963863754,0.8428410947009601,0.8085139989852905,0.7954118251800537,0.7292192090131799,0.6811152964473324,0.26908499002456665,0.27445757389068604,-0.9241177607663252,-0.8842171048657668,0.7894025444984436,0.7915761470794678,0.686532012238662,0.6726366903156713
163,6.791666666666667,163,6.791666666666667,0.0,0.04545445955084932,0.040344369156968186,0.5357815136158568,0.5488724045544742,0.08340960374868345,0.08742930622260395,0.08350921382819014,0.08684095694625837,0.09616383424429338,0.09364353817005722,0.12901819144829524,0.12690629921685137,0.08324128723399753,0.08158951702966225,0.484227254986763,0.4845569431781769,0.4842769503593445,0.485358864068985,0.5018488615751266,0.4990708827972412,0.23861579596996307,0.23916350305080414,0.2953880727291107,0.2971446216106415,0.48195819556713104,0.48798978328704834,-171.63908386230474,-170.23207092285156,6.228879928588867,4.878021240234375,-3.1223831176757812,-3.422924041748047,0.6070132255554199,0.6079847812652588,0.41731324205960074,0.4266149287434641,0.8458665609359741,0.8420273065567017,0.8122844363290296,0.7800538165813895,0.37343940138816833,0.37629434466362,-0.5095544356811252,-0.4809147850182301,0.8647995591163635,0.871010422706604,0.8545450195376311,0.8439125572040136,0.7216007709503174,0.7140491008758545,0.8720195537656945,0.8420680783356209,0.8093185424804688,0.7951073050498962,0.7307051449599422,0.6766745874212319,0.2693326473236084,0.27448171377182007,-0.9226708699432504,-0.8797141015796918,0.7877514958381653,0.7927045822143555,0.6825650690719663,0.6713806482343867
164,6.833333333333333,164,6.833333333333333,0.0,0.05680535969087029,0.057784466474308925,0.5379916310960694,0.5480971794633821,0.08038786677984058,0.08558858416451091,0.08077061460418473,0.08513540225481012,0.0964829292464904,0.09516554011158501,0.13106661113813833,0.1276329647799772,0.08325605975353115,0.08217265955155184,0.4838196337223053,0.48444123566150665,0.48377174139022827,0.48480263352394104,0.5022860467433929,0.49919676780700684,0.24063031375408173,0.24124877899885178,0.2983447015285492,0.2994531989097595,0.48250502347946167,0.48834165930747986,-170.68562316894534,-169.9475555419922,6.767539978027344,5.175964832305908,-3.163435697555542,-3.061580657958985,0.6074702143669128,0.6078064441680908,0.41624113992451556,0.4257961870457585,0.8470637798309326,0.841804563999176,0.8114928330439035,0.7794703814046657,0.3726493716239929,0.37631282210350037,-0.5130060792120325,-0.4817574021281142,0.8636428117752075,0.8699365854263306,0.8483970778801302,0.8415082280370724,0.7215785980224609,0.7140321731567383,0.8677977264417124,0.8422462850936407,0.8084666132926941,0.7948126792907715,0.725577124050795,0.6758420181156435,0.2694447338581085,0.27455437183380127,-0.9214137040451326,-0.8806938650310487,0.7869900465011597,0.7932508587837219,0.6777711676004814,0.6723978297435216
165,6.875,165,6.875,0.0,0.06425216170403705,0.0678626820086592,0.5457072218589468,0.5516548731794046,0.08161153723966788,0.09042786917176249,0.0828246780373989,0.0910475069862667,0.09325762868127534,0.09265468015269698,0.1293347573257495,0.1259118986163624,0.08296281850497886,0.081753578040355,0.48377273976802826,0.48446911573410034,0.48351502418518066,0.48483237624168396,0.5029449760913849,0.4987521767616272,0.24288303405046463,0.24267563223838806,0.30081990361213684,0.30073511600494385,0.4824725389480591,0.48853638768196106,-170.80812072753912,-170.6016845703125,6.829048156738281,4.741067409515381,-3.0580649375915527,-2.993462562561035,0.6063585877418518,0.6082740426063538,0.4094319378221627,0.42970905748752025,0.8490056991577148,0.8422715663909912,0.8162812279922359,0.7806825157913215,0.37339192628860474,0.3758634030818939,-0.5129223840552709,-0.48215412243415484,0.8641495704650879,0.8701848387718201,0.8500071202423887,0.8422862380610784,0.7215055227279663,0.7135360836982727,0.8653180825300251,0.8427046919021892,0.8084851503372192,0.7939401865005493,0.726040652402311,0.6740166665471535,0.2703702449798584,0.27464839816093445,-0.9208026035229453,-0.8792712098095832,0.7851839065551758,0.7932587265968323,0.6741480272513607,0.6725127057763127
166,6.916666666666667,166,6.916666666666667,0.0,0.0779114600450288,0.08269297527368451,0.5472516713137021,0.5646305504677961,0.08413991664104988,0.09029879326712474,0.08425171537343419,0.09054687727317356,0.09329829909805419,0.09300120362450184,0.12789997118228003,0.12514657310169777,0.08374230931233245,0.08175449327642924,0.48348188400268555,0.4845785051584244,0.48339980840682983,0.48499271273612976,0.5023215860128403,0.4990200996398926,0.24499253928661346,0.24394149333238602,0.30311092734336853,0.30293741822242737,0.4817276895046234,0.49030691385269165,-170.80801391601568,-170.16864013671875,5.924056529998779,4.103023052215576,-3.1535234451293945,-2.9721486568450928,0.6066651344299316,0.6082101464271545,0.4114167819506101,0.42704685373592405,0.8496448993682861,0.8435401916503906,0.8159978810523026,0.7770994696923433,0.37085625529289246,0.3760542571544647,-0.5183554146220142,-0.4809245686349062,0.8634861707687378,0.8711168766021729,0.846696222502608,0.837767103799501,0.7218420505523682,0.7134805917739868,0.8655485122294554,0.8387639818028454,0.8077695965766907,0.7938023209571838,0.7231232956013319,0.6676780890673463,0.26993346214294434,0.27494141459465027,-0.9162844807991194,-0.8763811377816642,0.7842385768890381,0.7933257818222046,0.6709342115102673,0.6666297215086926
167,6.958333333333333,167,6.958333333333333,0.0,0.07536633135288716,0.08187647394586146,0.5499652654955118,0.5607700569389634,0.08613455716969391,0.09098389810478712,0.08708712666346347,0.0912731575243598,0.094645762187946,0.09172786967859933,0.12538151952946708,0.12097145030206465,0.08380905783313138,0.08269236950295157,0.4838411509990692,0.4845818877220154,0.4836187958717346,0.48476162552833557,0.5024398565292358,0.49891453981399536,0.24567877501249313,0.24536572396755219,0.30506885051727295,0.3044144809246063,0.4813473969697952,0.4908154308795929,-169.77218627929693,-169.48727416992188,5.311741828918457,3.6520440578460693,-2.5843076705932617,-2.6604008674621586,0.6062796115875244,0.6062723994255066,0.40907867673640763,0.42023188392966626,0.8502740859985352,0.8432068228721619,0.8175339343076885,0.7758950367383074,0.371743381023407,0.37585917115211487,-0.5148812343020752,-0.4816767918768842,0.8625025153160095,0.8697609901428223,0.8446318814815226,0.8343619773565921,0.7224423289299011,0.7131310701370239,0.866703896189694,0.8385097880329806,0.8061910271644592,0.7937096357345581,0.719846785080781,0.666912176472005,0.26953089237213135,0.2752034068107605,-0.9175492642866218,-0.8756746009857058,0.7847854495048523,0.7931893467903137,0.6724124664462082,0.6657666047620197
168,7.0,168,7.0,0.0,0.03670119338278319,0.0372190685381335,0.5400888061998723,0.5458160444744988,0.08790482573671687,0.08947178831509081,0.08918044361477863,0.09004577752411619,0.0934635113839535,0.09218574309096939,0.12184540066717023,0.11974641875665568,0.08353643660748003,0.0829836730829387,0.48427441716194153,0.4849287122488022,0.48409342765808105,0.48498693108558655,0.5012677758932114,0.4990254342556,0.24553566426038742,0.24600042402744293,0.30465981364250183,0.3051965832710266,0.4813477396965027,0.491331085562706,-169.30661010742193,-168.38735961914065,5.050407886505127,3.9539499282836914,-2.3247621059417725,-2.3453125953674316,0.6065686345100403,0.6056538820266724,0.414947130581867,0.4192712950460893,0.8516196608543396,0.8423501253128052,0.8207372778928624,0.7763816165647535,0.37139222025871277,0.3767143785953522,-0.5117858472489988,-0.4809365209482,0.8637693524360657,0.8704933524131775,0.8476680393852334,0.8386286222174714,0.7220962643623352,0.7129313945770264,0.8701937367332104,0.8410947629528627,0.8049008846282959,0.7922517657279968,0.7171813800911927,0.6655743924626459,0.26967692375183105,0.2755303978919983,-0.9126037605710182,-0.8787997508293623,0.787367582321167,0.7928319573402405,0.6783174155674246,0.6668576564763352
169,7.041666666666667,169,7.041666666666667,0.0,0.019483511825868466,0.02746760733329719,0.5461976913346862,0.5679682640033379,0.08659742342719662,0.0921563684886711,0.08825510548491577,0.09234326003554441,0.09631668662047846,0.09442181980330727,0.12489565782370168,0.12239073009588633,0.08379389330331734,0.08202477815037908,0.4842626750469208,0.485035702586174,0.4840392768383026,0.48521870374679565,0.5014133304357529,0.49912407994270325,0.24620628356933594,0.24626562744379044,0.30521470308303833,0.30558276176452637,0.4808393716812134,0.4914960414171219,-167.2847290039063,-167.22276306152344,4.091991901397705,3.7867698669433594,-2.34955096244812,-2.4228198528289795,0.6058744788169861,0.6059499382972717,0.41352390965262187,0.4210555039832777,0.8520897626876831,0.8428183794021606,0.8266758980208594,0.7789171187308611,0.3712047040462494,0.3763154149055481,-0.515448863902767,-0.4840519434826663,0.8644757866859436,0.8704190254211426,0.8542562797786027,0.8401105395520881,0.7225826978683472,0.7128235697746277,0.8755295431210722,0.8422993063486321,0.8038392066955566,0.7919051051139832,0.7192347405943025,0.666037245674255,0.2702426016330719,0.27546292543411255,-0.915121315944718,-0.8815633366644414,0.7868607640266418,0.7923753261566162,0.681428263671087,0.6670797732339742
170,7.083333333333333,170,7.083333333333333,0.0,0.028764028926243263,0.027927708263216604,0.5411492902065534,0.553568515331888,0.08623869483866461,0.09218143697398486,0.08807485364477453,0.09304254849760361,0.0965521028697147,0.09668002922535286,0.12403560180287558,0.12117747061624978,0.08394560145260414,0.08222958370099061,0.48425622284412384,0.4852389842271805,0.4839107096195221,0.4850667119026184,0.5012620389461517,0.4992433488368988,0.24539978802204132,0.24625878781080246,0.3055206537246704,0.30674806237220764,0.48054714500904083,0.49172061681747437,-167.12684631347662,-166.5578155517578,4.736825466156006,4.0026535987854,-2.2275831699371342,-1.898711323738098,0.6054184436798096,0.6060991287231445,0.41240976506606375,0.4207671587066431,0.8533363342285156,0.8431322574615479,0.830288065964834,0.7783635449744127,0.3713022470474243,0.37638360261917114,-0.5145788910633269,-0.48378614980383144,0.8634384870529175,0.8704999089241028,0.8527879054806082,0.8389818619174024,0.722330629825592,0.7132560610771179,0.875326350417068,0.8427201687384851,0.8037713766098022,0.792296826839447,0.7198953990341358,0.6657649813161416,0.2703567147254944,0.2753501534461975,-0.9142751303470448,-0.8816266539684187,0.7857545018196106,0.7922106981277466,0.6797676363283568,0.6655742094645308
171,7.125,171,7.125,0.0,0.032420176674260406,0.03144632009742048,0.5434760002342581,0.5655906778634991,0.08405303052182096,0.09157004230703107,0.08616936009928934,0.09285731585706461,0.0988678673135588,0.09734791547132839,0.1252036218621842,0.1203832737164399,0.08411739616693872,0.08226254270697349,0.48470497131347656,0.48561643064022064,0.48436373472213745,0.4855327308177948,0.5013196766376495,0.4994185268878937,0.24514254927635193,0.2460791990160942,0.3053756356239319,0.30619049072265625,0.4806935787200928,0.49137675762176514,-167.77502441406256,-167.22714233398438,4.629304885864258,3.208163022994995,-2.1447250843048096,-1.8933666944503784,0.6055759191513062,0.6071082353591919,0.4124786909412159,0.42398902624750623,0.8532969355583191,0.8425606489181519,0.8292180343776657,0.7777455385269293,0.3718882203102112,0.3758426606655121,-0.5120817361661929,-0.4865349895648022,0.8635942935943604,0.8704745769500732,0.8521345079767925,0.8395648119265348,0.7226439714431763,0.7130659818649292,0.8756459392147483,0.8411590827187909,0.8032928705215454,0.7928807735443115,0.7179354284652101,0.6677225494771017,0.2698848247528076,0.27554893493652344,-0.9156472786857741,-0.8814050260261027,0.786479115486145,0.792081356048584,0.680516901108744,0.6659521283213156
172,7.166666666666667,172,7.166666666666667,0.0,0.03814996392093939,0.03769548384288519,0.5440366821465132,0.5651818493531243,0.08331368314131195,0.09050868791836465,0.08471940599588805,0.09142547236848735,0.09992266485388197,0.09829656616668282,0.12478240838891214,0.11993906358015133,0.08385529904362121,0.08247398671628517,0.48489682376384735,0.48597927391529083,0.48495373129844666,0.4858664274215698,0.5015896856784821,0.49946190416812897,0.24519676715135574,0.24596788734197617,0.30556103587150574,0.30658841133117676,0.481029212474823,0.4918890744447708,-167.79444885253912,-166.93231201171875,3.9339263439178467,3.134811401367188,-2.2682623863220215,-1.7832385301589966,0.6054904460906982,0.6075767874717712,0.4103154897478535,0.4259963965669866,0.8529852032661438,0.8426041603088379,0.8262534215860038,0.7773156572610537,0.37171828746795654,0.37611323595046997,-0.5128763846344755,-0.48602085648543913,0.8639624714851379,0.8700662851333618,0.8506380414070616,0.8381819857087374,0.7227708101272583,0.7128264307975769,0.8734685005299547,0.8407031180350321,0.8038785457611084,0.7934308052062988,0.7171691621824468,0.668329131212168,0.2694206237792969,0.27588507533073425,-0.9168610697315294,-0.8809418327087577,0.7865797281265259,0.7923814058303833,0.6787420159236706,0.6660032701400403
173,7.208333333333333,173,7.208333333333333,0.0,0.03778989996449755,0.03866192572112336,0.5440730747310161,0.5643212902487643,0.08295334963258481,0.09153208809621807,0.08447392861335125,0.09234139418938954,0.09933850767982641,0.09827692343152425,0.12361917129292233,0.11860166484838296,0.08388888954064637,0.08205379316404689,0.485176682472229,0.48620717227458954,0.4850776791572571,0.4859406352043152,0.5020310580730438,0.4995453357696533,0.2453332394361496,0.24564963579177856,0.30558040738105774,0.3062148988246918,0.48157911002635956,0.4917071908712387,-167.8099975585938,-166.9521484375,3.7748250961303706,3.5153000354766846,-2.126868724822998,-1.6042287349700928,0.6060047745704651,0.607619047164917,0.4108805165738334,0.42531896407862696,0.8538877964019775,0.8431807160377502,0.8275946525393028,0.7780541535347172,0.37095391750335693,0.3765694499015808,-0.5179870936866018,-0.4839657647433424,0.8639116883277893,0.8702119588851929,0.8498764838771412,0.8378930013190403,0.7228559851646423,0.7129172086715698,0.8726499655134038,0.8397148832452953,0.8038486242294312,0.793974757194519,0.716363964610328,0.6691273129184949,0.2693270444869995,0.2760145962238312,-0.9195934177596664,-0.8796946209762994,0.7855737209320068,0.7921072244644165,0.6757411889457211,0.6649931705337166
174,7.25,174,7.25,0.0,0.03761706263876677,0.037527895197984086,0.543084719568085,0.5651778975376365,0.08389221794819612,0.09061434347042421,0.08553308288841066,0.09177500077140342,0.09819083296447413,0.09743013586576262,0.12220980052855146,0.11733277831806853,0.08366594700286892,0.08225471950082752,0.48536476492881775,0.4863835275173187,0.4851052165031433,0.4863639175891876,0.5022402256727219,0.5000195503234863,0.24503207206726074,0.24529629945755005,0.30428534746170044,0.30543211102485657,0.4817239046096802,0.4916258156299591,-168.65275573730474,-167.1112823486328,3.788930177688598,2.2335803508758545,-2.0142927169799805,-1.670993685722351,0.6068252325057983,0.6084027886390686,0.41307224488993954,0.4260793084077071,0.8534913063049316,0.8429709076881409,0.825943650174881,0.7769350947781816,0.3711147904396057,0.37630370259284973,-0.5178971588189776,-0.48635530419065104,0.8639697432518005,0.8704643249511719,0.8492232557039281,0.837731733837229,0.7226328253746033,0.7129598259925842,0.8704695699000893,0.8371169453809496,0.8031641840934753,0.794418454170227,0.7141335053569621,0.669570267637215,0.2700812816619873,0.276169091463089,-0.9169422948630788,-0.8800073718066188,0.7855126857757568,0.7917487025260925,0.6749177406473301,0.6636666025695773
175,7.291666666666667,175,7.291666666666667,0.0,0.03859727620739854,0.03726512388541489,0.5435147247562672,0.562905608017288,0.08392134671615462,0.08993210650764526,0.0856581980839366,0.09078965577873446,0.09615126892992135,0.09856218447486173,0.12059515494545854,0.11615989835324338,0.083546813993962,0.08221524207282159,0.4855418801307678,0.4865594506263733,0.48532113432884216,0.4864351451396942,0.5023809969425201,0.5002303719520569,0.24426277726888657,0.24511835724115372,0.30375802516937256,0.3047504425048828,0.48136213421821594,0.49163925647735596,-168.41784667968756,-167.4046173095703,3.633897066116333,2.352487564086914,-1.9804211854934692,-1.4869115352630615,0.6066388487815857,0.6090247631072998,0.4123842571719455,0.427380744399358,0.8533302545547485,0.8434933423995972,0.827602039449189,0.7774877776795477,0.3709222674369812,0.3762117922306061,-0.5199753261710335,-0.4871864473699984,0.864090621471405,0.8705310225486755,0.851543073958785,0.8372326170711899,0.7219986915588379,0.7129865288734436,0.8686816221378335,0.8357773204581878,0.8028460741043091,0.7950983643531799,0.71527840627626,0.6705499718173904,0.26978033781051636,0.2763385772705078,-0.9200347824346273,-0.879521828835543,0.7846498489379883,0.7913282513618469,0.6747931274725305,0.6622191981003557
176,7.333333333333333,176,7.333333333333333,0.0,0.037329639161676,0.040224843877008275,0.5459201777995223,0.5652451947659753,0.08419569460755079,0.08961858662093056,0.08617698158113568,0.09080030691938529,0.09598920893105992,0.09795098625215808,0.1196043270608683,0.11505938140200136,0.08361416813070253,0.08194115666985641,0.4858987033367157,0.48658809065818787,0.4857143759727478,0.4864182770252228,0.5024657994508743,0.500369518995285,0.2437252402305603,0.24473655968904495,0.3031201660633087,0.3043174743652344,0.481033131480217,0.4917522668838501,-168.67050170898443,-167.49917602539062,3.412059783935547,2.322841167449951,-1.8909093141555788,-1.423251748085022,0.6067143082618713,0.6092161536216736,0.4128887237495507,0.4268800721294482,0.8531907796859741,0.8432855606079102,0.8291109408810917,0.7754965419137747,0.371153324842453,0.3756600618362427,-0.5200788066116401,-0.48909166783159236,0.8642076849937439,0.8703778982162476,0.8536549392897251,0.8352633250399221,0.7219887971878052,0.7128746509552002,0.8694471643100911,0.8334130528729633,0.8031908869743347,0.7954832315444946,0.717718743810937,0.6700426871980902,0.2688220739364624,0.2764405906200409,-0.9253740004534198,-0.8782154581517895,0.7847340703010559,0.7915487885475159,0.676599748375993,0.6613631481814846
177,7.375,177,7.375,0.0,0.04346936396018966,0.044229285111493065,0.5517081568612736,0.5707548096519544,0.08328041735664678,0.09022912175145861,0.08534693815165238,0.09094008964467296,0.09763766907401747,0.09843948015556388,0.1201948589446198,0.11464354830062438,0.08329624989754704,0.08155147809090121,0.4859559237957001,0.4867398738861084,0.4858611524105072,0.4864850640296936,0.5027388632297516,0.500259593129158,0.24343252182006836,0.24413540214300156,0.3025210499763489,0.30313751101493835,0.48057854175567627,0.4916507750749588,-169.05986022949224,-168.14730834960938,2.842690944671631,2.360038995742798,-1.8482111692428587,-1.355694055557251,0.6068344116210938,0.6095996499061584,0.4128800616429547,0.4292170737621485,0.8535373210906982,0.8435097932815552,0.8320992201612678,0.7769425517557842,0.3710079491138458,0.376201331615448,-0.5224917758825275,-0.48699374732842315,0.8635292649269104,0.8704208135604858,0.8543920019234548,0.836364978591488,0.7220786213874817,0.71273273229599,0.8699796895103973,0.8340685173800695,0.8031593561172485,0.7952231764793396,0.7197021733818335,0.6703205090263312,0.27010124921798706,0.2763534188270569,-0.9227237273638883,-0.8789491771275619,0.7838618159294128,0.7909985780715942,0.6766479029609603,0.6609921414210709
178,7.416666666666667,178,7.416666666666667,0.0,0.04783470968700401,0.04702681205614331,0.5551110760256409,0.5720035314843643,0.0859649269344073,0.0886075503732642,0.08760251107375483,0.08922618257299264,0.09531872703003443,0.09925267937978328,0.11565861729477096,0.11475517136989899,0.08340491951629023,0.08146711258918438,0.4861774444580078,0.4869006276130676,0.4859299659729004,0.4867570400238037,0.5029321908950806,0.5000393092632294,0.24274762719869614,0.24352911859750748,0.30224430561065674,0.30202266573905945,0.48009854555130005,0.4914129972457886,-168.64640808105474,-168.8076171875,2.8492236137390137,2.0632026195526123,-1.6462690830230713,-1.3656917810440063,0.6062830090522766,0.6095075011253357,0.4103211740953309,0.4295588933117389,0.8530315160751343,0.8432490229606628,0.8328433397251129,0.7766003880680642,0.3713419437408447,0.3764912486076355,-0.5224367419104108,-0.4848090326812066,0.8633837103843689,0.8703372478485107,0.8559621218211981,0.8363916670231809,0.7219462990760803,0.7126629948616028,0.8695250566433228,0.83434642998901,0.8035223484039307,0.7944633960723877,0.7222782145971898,0.6689168821036079,0.27027955651283264,0.2759076952934265,-0.9236724372215233,-0.8795041410231792,0.783949613571167,0.7908681631088257,0.6785678882541583,0.6609811986868107
179,7.458333333333333,179,7.458333333333333,0.0,0.050255945673569564,0.04771518231286259,0.5549319113730563,0.573313794741749,0.08348879590215695,0.08899055281306822,0.08464687360607111,0.08949489961397969,0.09704914240783119,0.09772021599546106,0.11606081911743305,0.11183550693799202,0.08334077759286704,0.08145747431918758,0.48642677068710327,0.4871987849473953,0.4861883223056793,0.48710379004478455,0.5029440671205521,0.5001220703125,0.24233177304267883,0.2427373006939888,0.3011559247970581,0.30059292912483215,0.479811355471611,0.4909256100654602,-169.17558288574224,-169.4356689453125,2.763111114501953,1.9258534908294678,-1.5951614379882812,-1.3235986232757568,0.6058733463287354,0.6096190810203552,0.4095093169973997,0.4294274776797976,0.852703869342804,0.843514084815979,0.8345090426358587,0.7778183883345398,0.3717949390411377,0.3761357367038727,-0.521783405827402,-0.48625198226072786,0.8639996647834778,0.8700557947158813,0.8597882935951937,0.8363700186241925,0.7218437194824219,0.7132936120033264,0.8709032825185731,0.8360202426497684,0.8038838505744934,0.795261561870575,0.7252530355874565,0.671372198744747,0.27026093006134033,0.2754969596862793,-0.9257415700075604,-0.8809390690776501,0.7843722701072693,0.7905308604240417,0.6815873954087959,0.6609361611588959
180,7.5,180,7.5,0.0,0.050676432693960966,0.05204770311898873,0.5591070312014218,0.5700235876376174,0.08363955834914674,0.08858507104502797,0.0848942760170381,0.08930604830344274,0.09770407159631175,0.0971706101250546,0.11524254655584458,0.11155870060604701,0.08321124329644092,0.08160128728695726,0.486780121922493,0.48753076791763306,0.4862113296985626,0.48750197887420654,0.5028085261583328,0.5000288337469101,0.2419235184788704,0.24199596047401428,0.29975640773773193,0.29944825172424316,0.47987623512744904,0.49026310443878174,-170.09394836425787,-169.9812469482422,3.1294963359832764,1.560805320739746,-1.2966336011886597,-1.3706003427505493,0.6053597331047058,0.6107656955718994,0.40848127470916323,0.4347798214367352,0.8521658778190613,0.8426294922828674,0.834132144213153,0.7782052730460355,0.372133731842041,0.37585124373435974,-0.5205029579280293,-0.48755138553075,0.8646746873855591,0.8699580430984497,0.8621587099532584,0.8385606959327466,0.7217641472816467,0.7132854461669922,0.8721425508717636,0.8372972679570991,0.8038675785064697,0.7941624522209167,0.7259175732243149,0.671165250369887,0.2704191207885742,0.2753203511238098,-0.9256519095283141,-0.8822600924396449,0.7852580547332764,0.7904216647148132,0.6842220754514214,0.6629036775779822
181,7.541666666666667,181,7.541666666666667,0.0,0.04785220886874441,0.05313378936952338,0.5541845313087842,0.5703238745940324,0.0806525794380522,0.08732395139927264,0.08217062011167615,0.08792338510693277,0.09938933129605562,0.09864449479523543,0.11626447081207429,0.11276540790762826,0.08382777606162649,0.08186904089203675,0.48680245876312256,0.48769447207450867,0.4862555265426636,0.4876445531845093,0.5027462244033813,0.5000241547822952,0.24139705300331116,0.24153464287519455,0.29844778776168823,0.29835769534111023,0.48011578619480133,0.48957157135009766,-170.84066772460943,-170.6300811767578,2.883704423904419,1.4677428007125857,-1.2612848281860352,-1.3557100296020508,0.605670690536499,0.6107721328735352,0.41081999228975496,0.4344219629879138,0.8512073159217834,0.8423898816108704,0.8331755473089625,0.7784838547783759,0.3721234202384949,0.375244677066803,-0.5213770973607026,-0.48946216973019857,0.8642148971557617,0.8695246577262878,0.8623801983064106,0.8383559886629959,0.7214043140411377,0.7133628129959106,0.8727673610946386,0.8368459657657377,0.8039714097976685,0.7938176393508911,0.7271213833496046,0.6713105440683113,0.2689773142337799,0.2749406099319458,-0.9330817587069182,-0.8829166642627975,0.7856526970863342,0.7902520298957825,0.6859921678687486,0.663443125307659
182,7.583333333333333,182,7.583333333333333,0.0,0.05670490956953339,0.0533059039830889,0.5607945975810359,0.5777711263200509,0.08311376133230916,0.08694444110697133,0.0845871003303853,0.08779113734116699,0.09720627707978353,0.10076578124465828,0.11306299263126914,0.11446307068879046,0.08378723334585557,0.08165772839038095,0.48714499175548553,0.48786012828350067,0.48642557859420776,0.4879004955291748,0.5026034414768219,0.5000554472208023,0.240494042634964,0.2412291243672371,0.29808247089385986,0.2981020212173462,0.4800930768251419,0.48861387372016907,-170.39880371093753,-170.4940948486328,2.961294412612915,0.9818769097328186,-1.114936113357544,-1.3404537439346313,0.6053810715675354,0.6105031371116638,0.4098146551644284,0.432534014785132,0.8509315252304077,0.8424807786941528,0.8317564316324333,0.7795179211834808,0.3721157908439636,0.37575414776802063,-0.520305357305111,-0.48678736647591114,0.8647621870040894,0.8688801527023315,0.8627773301758896,0.837671947056326,0.7214832901954651,0.7135781049728394,0.872759662252398,0.8361950575547694,0.803834080696106,0.7940552830696106,0.7261212080645498,0.6728435157758935,0.2689765691757202,0.27389657497406006,-0.9315618196752999,-0.8856808602228173,0.7857726216316223,0.7903177738189697,0.685611021469408,0.6646103201859364
183,7.625,183,7.625,0.0,0.0647140834665327,0.06717205717283264,0.5643957610040785,0.5919170116204648,0.08024988748759447,0.08698088297265857,0.08185523810836225,0.08781199228584577,0.10136311984346433,0.10154224503638647,0.11749166825525487,0.11525983157326895,0.08389881293476613,0.08197929249332386,0.4872477799654007,0.48795631527900696,0.48639336228370667,0.48819443583488464,0.5024253576993942,0.49987950921058655,0.24032126367092133,0.24103499948978424,0.2971852123737335,0.29762181639671326,0.4795270264148712,0.48777374625205994,-170.9186401367188,-170.12248229980472,3.159944534301758,-0.17351865768432617,-1.0817667245864868,-1.4367270469665527,0.6057092547416687,0.6106336712837219,0.41159629083638566,0.4340310702425563,0.851410984992981,0.8432629108428955,0.8336213105338095,0.7836274824292604,0.37147054076194763,0.37585318088531494,-0.5218675753157265,-0.48604295327272107,0.8647159337997437,0.8686205744743347,0.8634459066343945,0.8395250008097827,0.7214195132255554,0.7137055993080139,0.872712830466893,0.8379564703806203,0.8036531805992126,0.79322350025177,0.7265666162706569,0.6733224119810496,0.2680228352546692,0.2738964855670929,-0.9341166586835136,-0.8855979023512085,0.7857576012611389,0.7913640141487122,0.6864515858789025,0.6692234279368282
184,7.666666666666667,184,7.666666666666667,0.0,0.07022393472013834,0.084468146164603,0.5748792093960289,0.6083205536404416,0.08145291996634202,0.0870031442740194,0.08318961172698934,0.08735446397673896,0.10260796617739407,0.09997481138932485,0.11758454432224408,0.11389034537555565,0.08392884885006999,0.08262438387086413,0.48754093050956726,0.48799146711826324,0.4865579605102539,0.4885481894016266,0.5025932192802429,0.49972304701805115,0.23974861204624176,0.24063194543123245,0.2965700030326843,0.29729628562927246,0.4787062853574753,0.48682524263858795,-171.04318237304693,-169.6568145751953,3.121652364730835,-0.8698135018348694,-0.9425256848335267,-1.6746684312820435,0.605972409248352,0.6116361618041992,0.41173905534192307,0.43797479098601655,0.8512006402015686,0.8434800505638123,0.8345092617764551,0.7851248808524807,0.371604323387146,0.37610843777656555,-0.521703103612466,-0.4837688840026718,0.8640737533569336,0.8687089681625366,0.8633492482523435,0.8406627580479801,0.7210488319396973,0.7135530710220337,0.8700658964177601,0.8368291799279887,0.80271977186203,0.7923961281776428,0.7258962502712383,0.6726708844792495,0.2676163911819458,0.274039626121521,-0.9358666599949168,-0.8832177469552591,0.7850914001464844,0.7910206317901611,0.6864029283581633,0.6696429246330976
185,7.708333333333333,185,7.708333333333333,0.0,0.0864558534901935,0.10255056144962822,0.5927215986780969,0.6171607955523146,0.0824802158488133,0.08816709380313936,0.08423101614859854,0.08884465331331207,0.10304089048389076,0.10212241169042485,0.11929816890401361,0.11651780753654312,0.08386142041334514,0.08246762399484443,0.4877348691225052,0.4880257248878479,0.48747897148132324,0.4889793395996094,0.5029560774564743,0.4999457895755768,0.2392290234565735,0.2405056729912758,0.29659414291381836,0.29766562581062317,0.478147953748703,0.4864666163921356,-170.1869506835938,-169.05464172363284,1.2066539525985718,-1.583016872406006,-1.3571449518203738,-1.8485174179077146,0.6050231456756592,0.6116201877593994,0.40645497844412337,0.4362769248543691,0.8516029119491577,0.8433094620704651,0.8365416404028299,0.784166244180836,0.37100329995155334,0.37516430020332336,-0.5254668745969118,-0.48748222822266385,0.8639235496520996,0.8681144118309021,0.8641399524576286,0.8386754056403044,0.7217133045196533,0.7140499353408813,0.8711425297287796,0.8364378929475174,0.8041303157806396,0.7915650606155396,0.730202702865744,0.6704573287921521,0.2678786516189575,0.2738204300403595,-0.9361333848279214,-0.8834010130703734,0.784277081489563,0.7906765341758728,0.6857313233419929,0.6685047817550261
186,7.75,186,7.75,0.0,0.09419272126382636,0.1118760470322516,0.5945546022490436,0.6121805133143012,0.07835803208313874,0.08438029175500998,0.08008216264357507,0.08545873375122233,0.11144066189662166,0.10892910665414202,0.12788834095719975,0.12549265122872175,0.08355821805980312,0.08195757169249718,0.48812976479530334,0.488498717546463,0.488045334815979,0.48944902420043945,0.5032301545143127,0.49942977726459503,0.23939354717731476,0.23990420997142792,0.29538261890411377,0.2975742518901825,0.47839362919330597,0.48598653078079224,-171.14157104492193,-168.5561981201172,0.6500002145767212,-1.8562543392181396,-1.4114075899124146,-1.992227554321289,0.6048141121864319,0.6118775606155396,0.40409557835696697,0.43905845060049614,0.8525772094726562,0.8438274264335632,0.8372713343149033,0.7859301339272009,0.37088268995285034,0.37423840165138245,-0.5264711718425281,-0.48881649568613006,0.8632563352584839,0.8687567710876465,0.8611668935196696,0.84068274443294,0.7212944030761719,0.7149611711502075,0.8674479776226228,0.8415539820811186,0.8039121031761169,0.7911738157272339,0.7283785324098576,0.6702863944415637,0.26776450872421265,0.2737799882888794,-0.9366698098715874,-0.8810618028529991,0.783733606338501,0.7913981080055237,0.6832272273764118,0.6707790101891115
187,7.791666666666667,187,7.791666666666667,0.0,0.089077929109664,0.11270073280477336,0.5955705599144759,0.6125866270742035,0.05426158551325615,0.054566366041794434,0.05546421357367557,0.05416639847155739,0.14613941644960649,0.16333339813343475,0.16459130632130228,0.17875248132666322,0.08220010518990267,0.08139899002259218,0.48864834010601044,0.48954153060913086,0.4885108172893524,0.489560604095459,0.5033949017524719,0.49987421929836273,0.24206166714429855,0.24271217733621597,0.2930743098258972,0.29591813683509827,0.47979846596717834,0.48534418642520905,-174.33821105957037,-171.4653778076172,0.7396597266197205,0.6317169070243835,-1.5886873006820679,-1.423897624015808,0.6006304621696472,0.6119987964630127,0.3864590453141168,0.43820797159629826,0.8519489765167236,0.8430715203285217,0.8319926717318342,0.7864191999901362,0.37009307742118835,0.37070244550704956,-0.5298030427209677,-0.5048322358216488,0.8622958064079285,0.866645336151123,0.8551244058047672,0.8382433118846321,0.7214754819869995,0.7164274454116821,0.8667529911628651,0.8463385312784958,0.8048034906387329,0.7913459539413452,0.7265925778348707,0.672706954148071,0.2689800262451172,0.2745943069458008,-0.9316730279265001,-0.880444376512055,0.7842792272567749,0.7900729775428772,0.6807078181948334,0.6699084733331828
188,7.833333333333333,188,7.833333333333333,0.0,0.07604948935590512,0.08878065608655121,0.5900862436456954,0.5910454510492307,0.05361255850448336,0.04781393875189988,0.05372330062174332,0.046938750268301015,0.15528399301946058,0.1714380168061264,0.1728654251246038,0.1839665012374734,0.08236384539447489,0.08208233995485907,0.4898691624403,0.49087899923324585,0.4898410737514496,0.49109870195388794,0.5037400871515274,0.5005340725183487,0.24193116277456284,0.24310680478811264,0.2925238311290741,0.29368531703948975,0.47950340807437897,0.4851643890142441,-174.14698791503912,-173.61764526367188,0.7621150016784668,-0.41477775573730474,-1.541960954666138,-1.1906678676605225,0.6019735932350159,0.6141459941864014,0.39092082648956267,0.44319469616472346,0.8476945757865906,0.8431352376937866,0.824185664813398,0.7854903190854637,0.3754737973213196,0.37094831466674805,-0.5104364694929964,-0.5055078704338578,0.8649857640266418,0.8653100728988647,0.8628915076601752,0.83414824317385,0.7220498323440552,0.7169696092605591,0.8687649400282724,0.8443047220517709,0.8056763410568237,0.7924104928970337,0.7301290177183033,0.6741857362600656,0.2674363851547241,0.2746559679508209,-0.9403719990267216,-0.8811397294780479,0.785097599029541,0.7902749180793762,0.684064077366349,0.6694996749476979
189,7.875,189,7.875,0.0,0.054346099885756345,0.053662989687455996,0.5760016678088906,0.5642314140573672,0.061774557613356616,0.05801827439010948,0.060721160843386295,0.05632061415473377,0.1524708925258715,0.16174239750893182,0.15731850646758655,0.16547382359791904,0.08195311536728814,0.08174960319383506,0.4924088716506958,0.49257735908031464,0.4930450916290283,0.4931372404098511,0.5026451647281647,0.5007057785987854,0.23889537155628204,0.24054226279258728,0.29310059547424316,0.2918637990951538,0.4780471473932266,0.4838380813598633,-171.59416198730474,-173.91636657714844,-2.0559730529785156,-1.4998489618301392,-0.6791149973869324,-0.6710301041603088,0.6022731065750122,0.6145732402801514,0.39498763950736243,0.44437964450998735,0.8489490151405334,0.8434248566627502,0.8271492757400234,0.789370251815566,0.3801746070384979,0.3740033805370331,-0.4855500936208731,-0.4944693222968223,0.8617493510246277,0.867051362991333,0.8556953400132046,0.8412355108602183,0.7208326458930969,0.7171912789344788,0.8650320036508982,0.8448572424486148,0.8055696487426758,0.7908351421356201,0.7304088313848207,0.673924526192808,0.26618263125419617,0.2736752927303314,-0.9374857715357781,-0.8860101482323921,0.7892023921012878,0.7886508107185364,0.6939081673169908,0.6691294492901613
190,7.916666666666667,190,7.916666666666667,0.0,0.038743174416686545,0.06168369006428114,0.5353886295762798,0.5351484829296144,0.07680577948854028,0.06578892598045763,0.0744495773763923,0.06317205906903148,0.14281295614087305,0.15525541106566315,0.14066571549551776,0.15174466710135148,0.08302502047970134,0.0819581191330241,0.4949313700199127,0.49556875228881836,0.4968629777431488,0.49772560596466064,0.5011382550001144,0.5005495846271515,0.23758463561534882,0.23900206387043,0.291640043258667,0.2902407944202423,0.48174598813056946,0.483957901597023,-172.78205871582034,-174.51695251464844,-6.224550724029541,-7.69978666305542,-0.6409557461738586,-0.6221808791160583,0.6019516587257385,0.6120940446853638,0.392568159892669,0.4380663920477136,0.8484383225440979,0.8424233198165894,0.8031952887889503,0.79188428047117,0.3776617646217346,0.372092604637146,-0.48081839146876143,-0.5044866031732973,0.860552191734314,0.8648035526275635,0.8297292567764419,0.8413243482030038,0.7208389043807983,0.718364953994751,0.8555159975486247,0.8554220706398893,0.8129563331604004,0.7919850945472717,0.725476274685682,0.6804614326996405,0.26132866740226746,0.273658812046051,-0.9338203557150438,-0.8910637254566486,0.7991560101509094,0.7902059555053711,0.6952483332079396,0.6765311449551454
191,7.958333333333333,191,7.958333333333333,0.0,0.05701441155202989,0.06934814339017278,0.48909897652650774,0.4888250630134208,0.08556318670131433,0.08089008528193847,0.08235139669890075,0.0776530046423915,0.13484890709457834,0.14728441839401538,0.1327170168518626,0.1425653217329997,0.08260452724325427,0.08188306912704117,0.4977727383375168,0.4985651820898056,0.5010452270507812,0.5013492703437805,0.4998539537191391,0.5002089738845825,0.23647556453943253,0.23780930787324905,0.28894680738449097,0.288821280002594,0.47843270003795624,0.4847552329301834,-174.44848632812506,-174.9369659423828,-12.056923866271973,-12.02319049835205,-0.939191997051239,-0.5358481407165527,0.60370272397995,0.6085570454597473,0.4016686005196928,0.4235493895240599,0.8564833998680115,0.8417361974716187,0.8225060443083261,0.7849653013235027,0.3735179007053375,0.37611860036849976,-0.48864541661679156,-0.48508848551206424,0.8474249243736267,0.8671740889549255,0.8027979711591436,0.8409006708154826,0.7197353839874268,0.7191591858863831,0.8504623228019139,0.8559102832318689,0.8154680728912354,0.8007006645202637,0.7332710439159297,0.6947322841946802,0.2593679428100586,0.2744055986404419,-0.9301571814843723,-0.882700359560899,0.7972093224525452,0.794502317905426,0.6935463916296332,0.6811027422820644
192,8.0,192,8.0,0.0,0.05217240868642846,0.06336908946336721,0.4800824088505539,0.49389651824428416,0.08569414366537095,0.08427193248616396,0.08124625489055833,0.08002409348739707,0.13706363010290556,0.1391816547453899,0.13075794276076647,0.130726454548723,0.0819276618144855,0.08197317120034726,0.49989694356918335,0.500888392329216,0.5037950873374939,0.5048884749412537,0.49922576546669006,0.4992314577102661,0.23545242846012115,0.23666445910930634,0.2880268394947052,0.28744736313819885,0.4789768010377884,0.4856431186199188,-174.30346679687506,-175.07464599609375,-14.53869342803955,-14.2456750869751,-0.9900755286216736,-0.5746555924415588,0.6095981597900391,0.6140214204788208,0.4291997803313042,0.4452712831637865,0.8503531813621521,0.8450444936752319,0.8123362483967097,0.7841931299120541,0.3690846264362335,0.3716380298137665,-0.5060735397322205,-0.49493603789462925,0.8497530817985535,0.8587045073509216,0.8110236107224116,0.8139984941161614,0.7212611436843872,0.7204423546791077,0.863418213775704,0.8580790303218986,0.8175599575042725,0.8029455542564392,0.7406054495282502,0.69233566536084,0.2634679079055786,0.2739761769771576,-0.9167801541041865,-0.8737672307959496,0.7977520227432251,0.7968136668205261,0.697278236854622,0.6789562396424575
193,8.041666666666666,193,8.041666666666666,0.0,0.032130378592324524,0.039829885342731845,0.5692761536005253,0.5577211205596323,0.07847825217203808,0.0795647410717768,0.07717790098336234,0.07715949480630423,0.14364891012156056,0.14675112132885762,0.12885954055010554,0.1292350542703504,0.08129375774338514,0.08151699810821625,0.5023996531963348,0.5023684352636337,0.5067013502120972,0.5068809390068054,0.5008189231157303,0.49980461597442627,0.23420055955648422,0.23547916114330292,0.28373393416404724,0.2846820652484894,0.4773554354906082,0.48629069328308105,-174.68493652343756,-175.14009094238284,-11.745504379272461,-12.352337837219238,0.4100605547428131,0.30073386430740356,0.6094948053359985,0.6253003478050232,0.42707048877096926,0.489255562437766,0.839333176612854,0.8392853736877441,0.800148839951238,0.7741007778796747,0.37191683053970337,0.3665357828140259,-0.5065547070367151,-0.5195596453537679,0.8480241298675537,0.8561859726905823,0.8193601211290767,0.8111629988166353,0.7227162718772888,0.7222678661346436,0.872004047784091,0.8672915085733146,0.8182461261749268,0.7971740961074829,0.7535360872068572,0.6817527212601888,0.2623521089553833,0.27514657378196716,-0.9371181240810902,-0.8758480881039867,0.7943961024284363,0.7920613288879395,0.700815804533125,0.6705406625480599
194,8.083333333333334,194,8.083333333333334,0.0,0.03339597762549846,0.049977530642180974,0.5774312469384701,0.5946448684360558,0.0788856773979977,0.08082000636540825,0.07811823342051948,0.07876618840576317,0.14044401909701212,0.146756725325136,0.12614265531467106,0.12375729609086233,0.0814502634352596,0.08100071361915831,0.502311959862709,0.5037579089403152,0.5067281723022461,0.5081892013549805,0.5006143897771835,0.4991482049226761,0.23364078998565674,0.23398595303297043,0.28342270851135254,0.282917857170105,0.4783085584640503,0.48696279525756836,-174.651351928711,-175.38215637207034,-11.403339385986328,-11.925264358520508,0.22756950557231903,0.8944880366325378,0.6100339293479919,0.6248043775558472,0.4289851673729588,0.48980639306670887,0.839725136756897,0.8413593769073486,0.7970360957959206,0.7770566347933231,0.37141361832618713,0.3665260076522827,-0.5065385467990742,-0.5169598812724364,0.8490422368049622,0.857484757900238,0.8175832026318243,0.8124134495536796,0.7219749689102173,0.7210347652435303,0.8678560105593213,0.8649113967366396,0.8185011744499207,0.7968146800994873,0.7502306500292204,0.6793870917117495,0.26227137446403503,0.2749130427837372,-0.9344365614892824,-0.8740662210573218,0.7952461242675781,0.7961485385894775,0.6989460230416505,0.6779264972622921
195,8.125,195,8.125,0.0,0.05867981371480483,0.07233292175661506,0.6135841156022367,0.6154029621188684,0.07783404596115158,0.08210895001917058,0.07465841043509722,0.07938856737602966,0.15065897537895467,0.14550759273586023,0.12365249940103205,0.1210114010071119,0.08052456676071486,0.080735750974175,0.504745677113533,0.5046964585781097,0.5093991160392761,0.5094701647758484,0.5028445422649384,0.4999125599861145,0.23276612907648087,0.23273277282714844,0.2800920903682709,0.2807089686393738,0.47832873463630676,0.4877588599920273,-176.3272094726563,-175.9871063232422,-11.30817985534668,-11.71201515197754,1.2972211837768555,0.9760572910308838,0.6205079555511475,0.6278959512710571,0.4659090906599289,0.49500208198129536,0.8466391563415527,0.8428629636764526,0.8203445105525038,0.7725589527242207,0.3640216588973999,0.35473930835723877,-0.5496937539558865,-0.561487401473026,0.8419724106788635,0.8527984023094177,0.8099501829393808,0.7941743381435921,0.7243762016296387,0.7233644127845764,0.8771937774398216,0.8642459872903044,0.8125303387641907,0.8001036643981934,0.7443733199153338,0.6795324877330127,0.26868051290512085,0.2738630473613739,-0.9272138801457376,-0.8742929708041598,0.7833358645439148,0.7950088381767273,0.6793479357456825,0.6684482632221475
196,8.166666666666666,196,8.166666666666666,0.0,0.04314499568708351,0.054685802500209726,0.6007167093766658,0.6130688267634944,0.08215230949252966,0.08195671607388283,0.08095364652313847,0.07934708297829685,0.1474190787320275,0.1442648153936453,0.1188423689399995,0.11579835487855421,0.08083572263130055,0.08095151520916935,0.505511149764061,0.5058189481496811,0.5097146034240723,0.510378897190094,0.5025166124105453,0.49939700961112976,0.23222699761390686,0.23183736205101013,0.28062403202056885,0.27965614199638367,0.47978752851486206,0.48437534272670746,-175.44680786132818,-176.33839416503906,-11.099394798278809,-11.38598918914795,1.6323997974395752,1.4536746740341187,0.6226217150688171,0.6298242807388306,0.4734858980901416,0.5087185412531172,0.843518853187561,0.8449469804763794,0.8065825483418676,0.7910851790645594,0.3642690181732178,0.34985679388046265,-0.5450083707309861,-0.5832666722797397,0.8403617143630981,0.8550830483436584,0.7995815206443061,0.8133234591296261,0.7257946133613586,0.7199164032936096,0.8802205939972719,0.860113865008613,0.8141158819198608,0.7887737154960632,0.74138078570769,0.667842436892904,0.2667696177959442,0.2729538679122925,-0.9293766459260304,-0.8832188523596239,0.7850032448768616,0.7959792613983154,0.6768228458705751,0.6836512248661235
197,8.208333333333334,197,8.208333333333334,0.0,0.06169494102960948,0.0758980410899502,0.6067131605801487,0.6178384374205953,0.08609442847935801,0.08283880466422731,0.08483972362471998,0.08012619231674521,0.13944957709323377,0.14549086673609457,0.10875960869865411,0.11277288098942596,0.08136818038317248,0.08084602499186083,0.5062798410654068,0.5065257251262665,0.5105167031288147,0.5110471844673157,0.5026791393756866,0.4997636526823044,0.23176060616970062,0.23131320625543594,0.28069543838500977,0.27994027733802795,0.48046255111694336,0.4847635328769684,-175.61669921875006,-175.64669799804688,-11.71663761138916,-12.66694450378418,1.776200294494629,1.7969955205917356,0.6284618973731995,0.6347814202308655,0.49790212937367473,0.5231236857898321,0.8464540243148804,0.8439311981201172,0.814922604780408,0.7827682822922398,0.3595413565635681,0.34193724393844604,-0.5666007646086886,-0.6114953176615433,0.8395869731903076,0.8506090044975281,0.7996323163463642,0.7973218613957135,0.7231444120407104,0.7183728814125061,0.872696150572829,0.8469971586508753,0.8097257614135742,0.783576250076294,0.7331428534352044,0.6512309987895121,0.26668232679367065,0.2739439606666565,-0.9341766501280666,-0.8749339568858056,0.7846606969833374,0.7955109477043152,0.6773325707092175,0.6772414214026921
198,8.25,198,8.25,0.0,0.07662731521267105,0.08037856850260035,0.5959959034367273,0.6041487797517376,0.08426196782977904,0.08290271909354606,0.08302096885718911,0.08076130194993204,0.13721799350734618,0.14286076458392105,0.10751383449981623,0.1118035845954894,0.08090536241480027,0.08073185789392348,0.5068243891000748,0.5072422176599503,0.5111123919487,0.5118087530136108,0.5021006762981415,0.5009108781814575,0.23205627501010895,0.23205254971981049,0.28234222531318665,0.28051745891571045,0.4794769585132599,0.4841696321964264,-175.02401733398443,-176.2421112060547,-14.34067440032959,-14.504717826843262,1.5214567184448242,1.7079960107803345,0.6313163638114929,0.6350804567337036,0.5075466328591417,0.5152025742324979,0.8453445434570312,0.8410756587982178,0.8083643806416545,0.7709041380860557,0.3602393865585327,0.3464694619178772,-0.5572173265181434,-0.593045130540714,0.8459451198577881,0.8564369678497314,0.8096913212895952,0.8040840113064179,0.7239131331443787,0.7181850075721741,0.871257722379017,0.8343187180291554,0.8083072900772095,0.7854343056678772,0.7265325988136772,0.650720823208201,0.26532506942749023,0.27288469672203064,-0.9300315180226212,-0.8756059081944305,0.7875141501426697,0.7974037528038025,0.6805912955212231,0.6765743970902196
199,8.291666666666666,199,8.291666666666666,0.0,0.02550360507220423,0.03019810589685095,0.5736270103374054,0.5648856661955722,0.08627159100888851,0.08347271731838779,0.08532282985695193,0.08192740412542564,0.13914059593043224,0.14399182705769817,0.10995511889950843,0.11187708405324615,0.08075875502861622,0.081155689693878,0.5074224025011063,0.5079128593206406,0.5117150545120239,0.5118052363395691,0.5020209401845932,0.5023923218250275,0.23255010694265366,0.23327910155057907,0.28465089201927185,0.28390246629714966,0.4790402799844742,0.4824962317943573,-172.99179077148443,-174.24545288085938,-13.748151779174805,-13.074567794799805,1.1880096197128296,1.8211677074432373,0.6310455799102783,0.6344345808029175,0.5074338444986136,0.5101038101671015,0.8503403663635254,0.8433988690376282,0.8213993448514255,0.7842566397113482,0.35685282945632935,0.34186866879463196,-0.5709236056156111,-0.6201327337671318,0.8493842482566833,0.8500980734825134,0.8192841964435178,0.7988142932846679,0.7246009111404419,0.7164403200149536,0.8753724142198245,0.8269072362174983,0.8076406121253967,0.7853702902793884,0.726937879736898,0.6581580926578215,0.2658747434616089,0.2716059684753418,-0.9287262705916736,-0.8915706160249673,0.7840679883956909,0.7937877178192139,0.6747899314914921,0.6764495174249603
200,8.333333333333334,200,8.333333333333334,0.0,0.026150034743252733,0.02580957269222281,0.5830531417598214,0.5773482345590445,0.08397372837178504,0.08795363051606038,0.08248611860001108,0.08606211182548051,0.1373081411190847,0.1346249825865274,0.10596997114564628,0.10367949060924041,0.08064054297218691,0.08106386315425215,0.5078488439321518,0.5081656575202942,0.5117850303649902,0.5118741989135742,0.5018105208873749,0.5022351741790771,0.23356187343597412,0.23362860083580017,0.2845116853713989,0.28401899337768555,0.47952933609485626,0.4839661717414856,-174.33486938476568,-175.2428741455078,-12.678933143615724,-11.816900253295898,1.6081280708312988,1.6459203958511353,0.6288905143737793,0.6349443793296814,0.5012283117507668,0.5129823444446986,0.8516337871551514,0.8425521850585938,0.8255546005647715,0.7796815235469249,0.35149767994880676,0.33837032318115234,-0.5928631992427695,-0.6334132989614545,0.8464697003364563,0.8533260822296143,0.8140975066795957,0.8031074471715884,0.7254921197891235,0.7154200077056885,0.8822439088276336,0.8240578005001783,0.8080214858055115,0.7843151092529297,0.7287959191842622,0.6530553577044671,0.2654631435871124,0.27152711153030396,-0.9322002123300852,-0.8917931708320779,0.7835991978645325,0.7922472357749939,0.6746123905848536,0.6703023563659035
201,8.375,201,8.375,0.0,0.03828045201699528,0.030950552208347012,0.5915384932327821,0.5807564886872916,0.08430228051769703,0.087339333590063,0.08269120344815306,0.08527283825280799,0.13745836620348953,0.13748060243747146,0.10353162375020054,0.10310761105117239,0.08174214984114453,0.081878239172769,0.5079901218414307,0.5084323883056641,0.5118933320045471,0.5118460059165955,0.5019128322601318,0.5033342242240906,0.2351401299238205,0.23506541550159454,0.28604668378829956,0.28546711802482605,0.4797721207141876,0.48285774886608124,-175.149642944336,-175.64874267578125,-12.063182830810547,-11.402562141418457,2.0910379886627197,2.2457549571990967,0.6289187669754028,0.6341642737388611,0.5036342905754944,0.5102610796582506,0.8569183945655823,0.8419265747070312,0.8412471868447938,0.7877441128886283,0.3501948118209839,0.3382747769355774,-0.6016285598203716,-0.6437619804746932,0.8518676161766052,0.8577162623405457,0.8299811253569966,0.8223843617281666,0.7255731225013733,0.7167066335678101,0.8869112444082724,0.8321913533229734,0.8040226697921753,0.7871323823928833,0.7232601278521903,0.667533726161609,0.26705431938171387,0.2738327383995056,-0.9313171135215895,-0.8950976963958449,0.7796552181243896,0.7882995009422302,0.6689070781540822,0.6700942123417666
202,8.416666666666666,202,8.416666666666666,0.0,0.054615409549368596,0.05080924094477529,0.6154444967919601,0.6130554257105021,0.0810580329433773,0.0860760615843004,0.08096586339798839,0.08457956459186976,0.13963197555652587,0.13803869058938037,0.1069802338944418,0.10419210806708554,0.08248713321577975,0.08169032715117987,0.5078988820314407,0.508268341422081,0.5113722085952759,0.5115892887115479,0.5013431757688522,0.5028879046440125,0.23802120238542557,0.23769604414701462,0.29043227434158325,0.28951719403266907,0.47736193239688873,0.48191601037979126,-173.836654663086,-174.4187164306641,-11.169054985046387,-11.386407852172852,2.2625973224639893,2.2791547775268555,0.628227949142456,0.6298706531524658,0.5057312624295146,0.5041099230429704,0.8553193807601929,0.8437091112136841,0.8473751576969096,0.8079106459589219,0.35035640001296997,0.3395407497882843,-0.6017958710329342,-0.6484732976001658,0.8560004234313965,0.858492374420166,0.8489020455606322,0.840922761720668,0.7214492559432983,0.714903712272644,0.8772882894882613,0.8416834075728612,0.7990161180496216,0.7837729454040527,0.7211440533098343,0.6740687724573252,0.2688214182853699,0.2759449779987335,-0.9267741024228701,-0.9009427078094947,0.7748385667800903,0.7842671871185303,0.6669383314528834,0.6751724506144903
203,8.458333333333334,203,8.458333333333334,0.0,0.056751255217621865,0.06831772641058134,0.6284545219620212,0.6217493407839233,0.08051955442689802,0.0893128826690362,0.0805733684864639,0.08842862757315399,0.14012040855704266,0.13502013422054346,0.1091576301367959,0.10337186035445002,0.0821003586131341,0.08157771339509155,0.5079349875450134,0.508595660328865,0.5114330649375916,0.5117394328117371,0.5013081878423691,0.502391055226326,0.24160227924585342,0.24074410647153854,0.29545652866363525,0.2934899926185608,0.4791161119937897,0.48260845243930817,-172.27822875976568,-173.43081665039062,-11.277320861816406,-11.286653518676758,1.9950560331344604,2.155259609222412,0.6295322775840759,0.6345094442367554,0.5105764897906435,0.5211180489829575,0.8546571731567383,0.8434171676635742,0.8411455359634835,0.8005203781047232,0.34968242049217224,0.34238317608833313,-0.6037598099656881,-0.631123301024428,0.8588095903396606,0.8610333204269409,0.8504462158040768,0.8396050472821723,0.7222750186920166,0.7132071256637573,0.8798695243821983,0.8315273910275703,0.7992357611656189,0.7822392582893372,0.7170113783063647,0.664785954080403,0.2659989595413208,0.2756250500679016,-0.9369796271769978,-0.8944391395393789,0.7785650491714478,0.782318115234375,0.6707126405192347,0.664960912690864
204,8.5,204,8.5,0.0,0.06599474667882266,0.07619947749584208,0.6215814907820036,0.6082507728080069,0.08613934308154567,0.09235758478216487,0.08544127833812247,0.09172867709948412,0.13315878813834245,0.12902888297425522,0.10255786654025596,0.09796896883195641,0.08178025927396557,0.08177613513455759,0.5081152021884918,0.5086020231246948,0.5118241310119629,0.512072741985321,0.5006603598594666,0.501860186457634,0.24256472289562225,0.2418268322944641,0.2968232035636902,0.29568812251091003,0.48088306188583374,0.48257799446582794,-171.94424438476568,-172.43753051757812,-12.25084400177002,-12.465679168701174,1.7310898303985596,1.8463357686996458,0.6273772120475769,0.6351513266563416,0.5012407802651045,0.5274828614401519,0.8555518388748169,0.8468695282936096,0.8336467298373285,0.810921239485105,0.3482920527458191,0.3444996476173401,-0.6027075943454008,-0.6227344681837091,0.8578198552131653,0.8604459762573242,0.8386931188609256,0.8411427214252951,0.7228049039840698,0.7128113508224487,0.8787142570694293,0.8348126037289554,0.8053000569343567,0.7848105430603027,0.7218353480087462,0.6727765269308679,0.2653205096721649,0.2769736051559448,-0.930909568052102,-0.8899602571308679,0.7815577387809753,0.7817587852478027,0.6690081387430383,0.6659832446332595
205,8.541666666666666,205,8.541666666666666,0.0,0.051828459965777625,0.07089065669954657,0.6052434634213006,0.5957157193261281,0.08845770556402391,0.09111521585892213,0.08921419794712766,0.09063754176294195,0.13054005162626264,0.13082930143836238,0.10363146529676433,0.1015060623664753,0.08145326608355684,0.08165707380553604,0.5079636573791504,0.5085149258375168,0.5114005208015442,0.5117356777191162,0.5006346851587296,0.5026132166385651,0.24272558093070984,0.24219189584255219,0.29661744832992554,0.2958860695362091,0.47983238101005554,0.48338179290294647,-171.61044311523443,-171.92532348632812,-11.305669784545898,-11.403472900390625,1.5816876888275146,1.706204891204834,0.6249386072158813,0.6310229897499084,0.4923326078216745,0.5085053812537742,0.8512512445449829,0.8444035053253174,0.827485233303894,0.8041801023068407,0.3485141396522522,0.345891535282135,-0.6025063701371014,-0.620621128734352,0.8613079786300659,0.8599840998649597,0.8498906622351781,0.8388860595381116,0.7253838777542114,0.7155678868293762,0.8901678584644712,0.8433049380225424,0.8073937296867371,0.7868666052818298,0.7297749404846069,0.6760159820578694,0.26415419578552246,0.27668601274490356,-0.936632200378413,-0.8946764422045136,0.7827901244163513,0.7807367444038391,0.6749604923073739,0.662361644996219
206,8.583333333333334,206,8.583333333333334,0.0,0.04336977952979945,0.0461683090081561,0.6049911309248674,0.5948225757702201,0.08680596492994364,0.09047452697806528,0.08715268842522296,0.09003544592168727,0.13265016724283824,0.13336182076784597,0.10514276399300664,0.10559167948138637,0.08136546108489798,0.08149963391698933,0.5075456500053406,0.5079820156097412,0.510962724685669,0.5108217597007751,0.5009479820728302,0.5034226030111313,0.24149847030639648,0.2412564605474472,0.2955273985862732,0.2953106760978699,0.47884705662727356,0.48377975821495056,-171.08142089843756,-171.7135772705078,-10.632362365722656,-10.00223445892334,1.4169267416000366,1.6623317003250122,0.6262379884719849,0.6309558153152466,0.49763655829907216,0.5043950419357469,0.849633514881134,0.8454938530921936,0.8284040963598495,0.8047027196010231,0.35113683342933655,0.3453056514263153,-0.5950315316312562,-0.6253540155108459,0.8614829778671265,0.8581554293632507,0.8548779425825178,0.832870836365213,0.7253220677375793,0.7189604043960571,0.8911863840599206,0.8524540110308212,0.8065232038497925,0.786225438117981,0.7320878543323166,0.6728487072978063,0.2636638283729553,0.27688339352607727,-0.942463592905607,-0.8959646824846552,0.782822847366333,0.7821420431137085,0.679136965865283,0.6637644080911126
207,8.625,207,8.625,0.0,0.04746575541222586,0.048148585524571595,0.5995590026981247,0.5944900165051081,0.08810251882136422,0.09158111271994426,0.08809915377402264,0.09130553615074416,0.1322975773369926,0.12899144275881974,0.10460326505090341,0.10159806528144878,0.08167557108507592,0.0815043405196792,0.5070296823978424,0.5075895637273788,0.5101879835128784,0.5102879405021667,0.5011168569326401,0.5033489316701889,0.24029205739498138,0.24011844396591187,0.29425057768821716,0.294664204120636,0.47832202911376953,0.48466429114341736,-171.64857482910162,-171.50112915039062,-10.279122352600098,-10.139156341552734,1.5469223260879517,1.647894024848938,0.6257867217063904,0.6324415802955627,0.49633543114655215,0.5096549391511859,0.8512693643569946,0.8433859348297119,0.8351871916478715,0.7966266548131264,0.35399067401885986,0.3455304205417633,-0.5857384826877029,-0.6230640128819773,0.8594816327095032,0.8568775057792664,0.853577942014588,0.8265878941832173,0.7262688875198364,0.7194508910179138,0.8963748406868198,0.8531657853069156,0.8063544631004333,0.7850559949874878,0.7346036864214716,0.6670911621273327,0.2635791003704071,0.2776409983634949,-0.9456848696424077,-0.8910899593453123,0.7829468846321106,0.7819622159004211,0.6821841947753228,0.66022069047267
208,8.666666666666666,208,8.666666666666666,0.0,0.07286462623980651,0.07213250492523507,0.6195559286175403,0.6067116465103168,0.08677262001733307,0.09345143494213441,0.08680160527138991,0.0925899658671584,0.12153047476700009,0.12572141197879239,0.09627065014016187,0.09778324097608194,0.08267215433257094,0.08205292349587744,0.5063261687755585,0.5067139714956284,0.5098145604133606,0.5098415017127991,0.5012351721525192,0.5029142647981644,0.2397845834493637,0.23990709334611893,0.29402783513069153,0.29544442892074585,0.4782469868659973,0.4849403649568558,-172.1753997802735,-171.0247802734375,-11.103910446166992,-10.938663482666016,1.353196620941162,1.312227725982666,0.6288641095161438,0.6327570080757141,0.5076518235854014,0.5109371956424205,0.8520900011062622,0.8452514410018921,0.8364280597849796,0.7975354142618949,0.3568127155303955,0.34604793787002563,-0.5744490629270135,-0.6172762462363064,0.8588926792144775,0.8579660058021545,0.8516482207473547,0.8256786393229795,0.7259632349014282,0.719301164150238,0.8938694720952293,0.8514924495424108,0.807185173034668,0.7859905362129211,0.7359589944602428,0.6663635647334636,0.26388341188430786,0.27793198823928833,-0.9440809930750381,-0.8853156560973182,0.782967209815979,0.7825672030448914,0.681774261255804,0.6587861417291819
209,8.708333333333334,209,8.708333333333334,0.0,0.07055159836321677,0.06466254427495628,0.6081537172146712,0.6012979243213034,0.09130594631451844,0.09355461833847685,0.09258620954205203,0.09348196159765691,0.12344039718220783,0.1247432679324417,0.09919346176617884,0.09822029206042739,0.08179662759506269,0.08190115688079175,0.5059226602315903,0.5062409043312073,0.5091938972473145,0.509086012840271,0.5013168156147003,0.5033015608787537,0.2401692420244217,0.24003732204437256,0.2951863706111908,0.2962195873260498,0.47915032505989075,0.484283447265625,-170.65730285644537,-170.0665740966797,-11.279876708984375,-10.633705139160156,1.299045443534851,1.243359088897705,0.6289432048797607,0.6340298056602478,0.5073684103773929,0.5140449870577395,0.8524587154388428,0.8465466499328613,0.8347822750844485,0.8012691962343739,0.3565279543399811,0.34593358635902405,-0.5755964327466738,-0.6187967914700285,0.8592601418495178,0.8578165173530579,0.8499914435876241,0.8261963694690888,0.724725604057312,0.7202314734458923,0.888143608145612,0.8530041406460994,0.8074166774749756,0.7866402864456177,0.7340604700166641,0.6687657474509204,0.2648555636405945,0.2778704762458801,-0.9400326235100548,-0.8864321491978131,0.7835280299186707,0.7831646203994751,0.6806413129077133,0.6610781211099974
210,8.75,210,8.75,0.0,0.055308954728454957,0.04014873985983565,0.5888396554750939,0.5968279286044912,0.0881307918438901,0.09393255684807668,0.08843351398714897,0.09384459325955642,0.12047459423970763,0.12480995117302231,0.09658470357017795,0.09943032303472177,0.08243388633704037,0.08231823247873687,0.5051607191562653,0.5056612938642502,0.5081493258476257,0.5085411667823792,0.5009862184524536,0.5032346248626709,0.23990663886070251,0.23993587493896484,0.29419732093811035,0.2958858609199524,0.47916606068611145,0.4840296506881714,-171.45590209960943,-170.0847625732422,-9.87121295928955,-9.101778984069824,1.2377493381500244,1.13062584400177,0.6268555521965027,0.6344640254974365,0.5000734632866668,0.5146378649592586,0.851280152797699,0.8482435941696167,0.8315962450918064,0.8034330379640924,0.3567615747451782,0.3446168899536133,-0.5729983223446803,-0.6220457614179277,0.85908043384552,0.8581153750419617,0.8490282224545007,0.825209565300114,0.7236336469650269,0.7197767496109009,0.8845686821109201,0.8492058655691774,0.8073935508728027,0.7868115901947021,0.7335189775433407,0.6679179033429429,0.26477739214897156,0.2776848077774048,-0.9384475337627313,-0.8845310254046941,0.7842777967453003,0.7832425832748413,0.6818601590723328,0.6600448986887848
211,8.791666666666666,211,8.791666666666666,0.0,0.020389501529427152,0.021346318837372025,0.5821768250609458,0.5848197392128128,0.08749862011043595,0.09330805619926534,0.08683498311985577,0.09184712036858377,0.1221526211982567,0.12800855533947003,0.10017612832395821,0.10317014867342889,0.08242236063050523,0.08162013705434643,0.5044928342103958,0.5049633979797363,0.5075663328170776,0.5080590844154358,0.5012158751487732,0.5031592398881912,0.23950857669115067,0.23965774476528168,0.2946048378944397,0.2950647473335266,0.47825975716114044,0.4851258546113968,-170.17950439453128,-170.3184356689453,-8.067774772644043,-8.862777709960938,0.7029919028282166,0.783675491809845,0.6252380609512329,0.6334165334701538,0.49152420347285586,0.5087090322431274,0.8527494668960571,0.8486320376396179,0.834849021093081,0.798549289198198,0.35686883330345154,0.3439021110534668,-0.5720755871831891,-0.6219654781661329,0.8598915338516235,0.8586395978927612,0.8507708140060464,0.8205338674526352,0.7247623205184937,0.7194976210594177,0.8859583290569688,0.8448915641979767,0.8087348341941833,0.7867050766944885,0.7367273048757215,0.6625083277130988,0.2637845277786255,0.27668532729148865,-0.9409869140790795,-0.8844750396482737,0.7842351198196411,0.7847227454185486,0.6821101497685097,0.6581535483303385
212,8.833333333333334,212,8.833333333333334,0.0,0.017193472095641614,0.01965067546451192,0.5754034380680356,0.57760401246909,0.08649418626558893,0.0926709068643968,0.08524410144437568,0.09126142984550074,0.12512485173850948,0.12921751857104666,0.10110946801645608,0.10329430955919966,0.0817595082538499,0.08122649562300657,0.504162460565567,0.5044834166765213,0.507060170173645,0.5069966912269592,0.5008570104837418,0.503119483590126,0.23943530768156052,0.2386278733611107,0.2937575876712799,0.293951153755188,0.4790665805339813,0.4839213043451309,-170.71662902832037,-170.57415771484375,-8.350011825561523,-8.672470092773438,0.98425430059433,1.0612319707870483,0.6243826150894165,0.6324687600135803,0.4899828354120578,0.505629306334832,0.8518532514572144,0.8482824563980103,0.8317767576674368,0.8011665850388099,0.35713088512420654,0.34510499238967896,-0.5701112303903566,-0.6176822923614452,0.8599573969841003,0.8570771217346191,0.8498590562467399,0.8205045192686028,0.7247556447982788,0.7188751101493835,0.8881275103775887,0.8433937228829619,0.8079186081886292,0.786591649055481,0.7337479975813642,0.6655192659752002,0.26350682973861694,0.27668267488479614,-0.9414850865803248,-0.8851467103652736,0.7845999598503113,0.7844760417938232,0.6817184825238708,0.6608674148226942
213,8.875,213,8.875,0.0,0.024291735225289265,0.020672592696965697,0.5867093350066992,0.5750794455499415,0.05936604473388185,0.0629200459215357,0.058575812478514046,0.06125586238422546,0.15364161894825268,0.16445315005437772,0.1317811284057885,0.136160084924909,0.08063470641478197,0.08100769480580901,0.5040623545646667,0.5048622190952301,0.5070387721061707,0.5071554780006409,0.5011637210845947,0.5024428516626358,0.2408003732562065,0.24060093611478806,0.2923595607280731,0.292655885219574,0.4788750112056732,0.48381978273391724,-173.6219329833985,-173.26043701171875,-9.509442329406738,-8.769759178161621,0.9673433303833008,1.6797345876693726,0.6250075101852417,0.629418134689331,0.49326842018395095,0.4983851872306656,0.8517738580703735,0.8457415699958801,0.8354542029086613,0.7990669919521826,0.35719865560531616,0.34454214572906494,-0.5734112378694315,-0.6197692260627771,0.8557901382446289,0.8585261106491089,0.8444524022322913,0.8272932684649907,0.7252646684646606,0.718565821647644,0.8925915548825399,0.8482949145163977,0.8078498244285583,0.7860850095748901,0.7370454284560264,0.6673545889867586,0.26440364122390747,0.27574819326400757,-0.9430127372846763,-0.889789391108811,0.7834649085998535,0.7854161262512207,0.6824127027505024,0.6658777986850335
214,8.916666666666666,214,8.916666666666666,0.0,0.05325841114433521,0.04457015501714368,0.5729095810604081,0.5773035687673236,0.059272682667973045,0.059270501935230646,0.060542859996263264,0.060485009627670595,0.15418930976532855,0.16506681734274348,0.1304115898741751,0.1391998507305126,0.08162669690281837,0.08183407765919952,0.5039708316326141,0.5046180784702301,0.5061946511268616,0.506702721118927,0.500938281416893,0.5029623657464981,0.24039794504642487,0.24020859599113464,0.2926817536354065,0.29221609234809875,0.48077867925167084,0.4833982139825821,-173.99479675292974,-174.19374084472656,-10.645706176757812,-10.13588809967041,1.6805838346481323,2.011556386947632,0.6250965595245361,0.6289445161819458,0.49043921176387173,0.495943540703331,0.8517478704452515,0.8461856842041016,0.8242707234346233,0.8033374752609787,0.3554094433784485,0.3473845422267914,-0.5748553354985131,-0.6124503859046001,0.8510777950286865,0.853076159954071,0.8227818570773102,0.8185953820154417,0.7260247468948364,0.7179401516914368,0.8891169432296022,0.8462853187184269,0.8087486028671265,0.7880970239639282,0.7287289958864587,0.6747090040788292,0.26378265023231506,0.2772963345050812,-0.9367915099683383,-0.8883608524183954,0.7867302894592285,0.7874249219894409,0.6798056579048211,0.6732207368490571
215,8.958333333333334,215,8.958333333333334,0.0,0.03951045889582913,0.04466873369969083,0.563659515794724,0.5649082542746129,0.06884738242467209,0.060305879797241696,0.07002232299881683,0.06096859900406066,0.15421287201628622,0.1590887520756821,0.12680799295148262,0.1322053753310326,0.08171787593636475,0.08180994501064393,0.5038134455680847,0.5043348371982574,0.5061898231506348,0.5063901543617249,0.5020048171281815,0.5019016712903976,0.23856879770755768,0.24010492861270905,0.29052475094795227,0.2937799096107483,0.4827081263065338,0.48505452275276184,-174.35185241699224,-172.99703979492188,-11.170546531677246,-10.80038070678711,1.7300525903701782,1.7220698595046997,0.6333853006362915,0.6287403106689453,0.5171065569257369,0.4945600588703301,0.8494696021080017,0.8402814269065857,0.8119988744261081,0.7791047327053616,0.3535522222518921,0.345600426197052,-0.5843014742629606,-0.6094385224692405,0.8478038311004639,0.8637537956237793,0.8083109075255044,0.8305857251119835,0.7275435328483582,0.7181256413459778,0.8877083233775266,0.84308488236551,0.8131583333015442,0.7923175096511841,0.7316068176120829,0.6739074222094485,0.2647569477558136,0.2740914225578308,-0.9337949259529025,-0.8882612631013297,0.7897138595581055,0.7970322966575623,0.6797014580058587,0.6842481729448611
216,9.0,216,9.0,0.0,0.029488129332543397,0.024135984274178277,0.564450708801915,0.5597984782309409,0.08220135612159953,0.07357145650922967,0.08300932518560211,0.07329935976663886,0.14655812241474686,0.157498847302796,0.12361036027071605,0.1289538782680543,0.08122034398102797,0.08112528263042652,0.5038268864154816,0.5042193531990051,0.5066081285476685,0.5066867470741272,0.5008974969387054,0.5013636648654938,0.23762338608503342,0.2390628308057785,0.2927438020706177,0.2935000956058502,0.48012466728687286,0.4865488111972809,-171.2232513427735,-171.75070190429688,-11.034805297851562,-11.038546562194824,0.8061304092407227,1.3657537698745728,0.6363781690597534,0.6264862418174744,0.5305015024588753,0.4903365049773775,0.8423565626144409,0.8361567258834839,0.7978449320998754,0.7706591331180498,0.35369187593460083,0.3434968590736389,-0.5764128704889776,-0.6186561985022737,0.8440132737159729,0.8557568788528442,0.8014939717713145,0.8138647822518981,0.7259708642959595,0.7194029092788696,0.8813195098398958,0.8544629087570159,0.8102298974990845,0.7904358506202698,0.727083363949236,0.6698742005819169,0.26521122455596924,0.27319037914276123,-0.9228764490942365,-0.8941766879803559,0.7901890873908997,0.7952715158462524,0.6829418651297247,0.680533712036198
217,9.041666666666666,217,9.041666666666666,0.0,0.017833030054290818,0.017862923414571522,0.5660466127548955,0.5557649334376493,0.08302878991620752,0.0842128515195701,0.08344234992759245,0.08345680172497488,0.13734098677869638,0.1418229194731419,0.11354628829283368,0.11659386391524008,0.08186681616238874,0.08093174981920663,0.5035988688468933,0.5037612020969391,0.5063735246658325,0.5063382387161255,0.5005853474140167,0.5014173090457916,0.23633348941802979,0.23731841892004013,0.28998878598213196,0.29185596108436584,0.480587363243103,0.48641952872276306,-172.00744628906256,-171.5652618408203,-9.156819343566895,-10.145254135131836,1.1684699058532715,1.11851966381073,0.6403639316558838,0.6360527276992798,0.545510990142248,0.5210195919029111,0.8370768427848816,0.838198184967041,0.7825860673391247,0.7657495348114869,0.3537873923778534,0.34021541476249695,-0.572905343382701,-0.6238280091037725,0.847529411315918,0.8593038320541382,0.8055321428048322,0.811692172751457,0.7242875695228577,0.7215772867202759,0.8730380361304544,0.8519872621077332,0.8061196804046631,0.7927994728088379,0.7146271362810352,0.6669259077974471,0.263512521982193,0.2735790014266968,-0.925219213219061,-0.8817012881363014,0.7932959794998169,0.7979065179824829,0.6864758155947802,0.678042891152072
218,9.083333333333334,218,9.083333333333334,0.0,0.031785874537146305,0.025926812600203332,0.5391213872859518,0.5503648610635155,0.08142315072273577,0.08703671441548205,0.08077542293953924,0.08553716947206268,0.13063216566531446,0.13029659953202238,0.1098361296196761,0.10924414729753584,0.08183304466737865,0.08207216692985597,0.5032673180103302,0.5035323053598404,0.5058972239494324,0.5061622262001038,0.5005145817995071,0.5012347400188446,0.23506448417901993,0.23586107790470123,0.28879237174987793,0.28951239585876465,0.48035359382629395,0.4876755326986313,-173.3080444335938,-173.31765747070312,-10.711904525756838,-9.34341049194336,0.806615948677063,0.6803941130638123,0.6400724053382874,0.6385453343391418,0.5468650647998565,0.5313381097892718,0.8387499451637268,0.8381849527359009,0.7899727288458999,0.7629378138348344,0.34600669145584106,0.330409437417984,-0.6054477299970121,-0.6610268773318142,0.8540621995925903,0.8576629161834717,0.8237238074236036,0.80533460547902,0.7254453897476196,0.7211046814918518,0.8814038349476523,0.8508103812385608,0.8063788414001465,0.7956991195678711,0.7186207491718858,0.6704608451053732,0.2623891830444336,0.27407926321029663,-0.933107570171434,-0.8790025436361636,0.7892657518386841,0.7987053394317627,0.6809002924501469,0.6770043463060554
219,9.125,219,9.125,0.0,0.06344324008028294,0.05706650499477166,0.5319150145030519,0.5271429047039188,0.08292249353844794,0.08602187565113065,0.0835534268666659,0.08426847728118547,0.12866666956054337,0.1291363771962559,0.11199854163684494,0.11239089177391931,0.08213930515830935,0.082131260062557,0.5031271278858185,0.5033168941736221,0.5056678652763367,0.5064153075218201,0.500283882021904,0.5011623948812485,0.23417630791664124,0.2348528802394867,0.2877243757247925,0.2879391014575958,0.47999727725982666,0.48734189569950104,-173.8045501708985,-174.0714874267578,-11.785544395446777,-12.400319099426271,0.6658963561058044,0.16809327900409698,0.6372023224830627,0.6360749006271362,0.5376678951770871,0.5234030999089848,0.8382670283317566,0.8422210216522217,0.7913795618220534,0.77443872896896,0.3456830382347107,0.328001469373703,-0.6071052956175219,-0.6717906890297356,0.8508551120758057,0.8566348552703857,0.81918529246981,0.8058934699511282,0.725283145904541,0.7212962508201599,0.8835543278225535,0.8540256661629464,0.8071854710578918,0.7901908159255981,0.7227237260934051,0.6608952617877202,0.26240381598472595,0.27352654933929443,-0.9341362199277972,-0.8831301927745363,0.7865598201751709,0.7960339784622192,0.6771638692843237,0.6736465650825292
220,9.166666666666666,220,9.166666666666666,0.0,0.055235934065589846,0.06344229327978516,0.5252062843607233,0.5199691325219734,0.08486278349053597,0.08672469280894628,0.08396715254822268,0.08503556040926999,0.12778117012554252,0.12862887789533684,0.11279696111010588,0.11493413511048263,0.08202448246612902,0.08183755552576097,0.503155305981636,0.5030352622270584,0.5060334205627441,0.5063283443450928,0.5010147392749786,0.5004063248634338,0.23436162620782852,0.2345726490020752,0.2876700758934021,0.2880242168903351,0.4816005378961563,0.4852426052093506,-174.05514526367193,-173.70960998535156,-12.063291549682617,-13.43078327178955,0.25238791108131414,-0.27716532349586487,0.6359505653381348,0.6342992186546326,0.5295466182408866,0.5213624645456112,0.8471097350120544,0.8473002314567566,0.8068592142287417,0.7930169307567302,0.3419727683067322,0.32974737882614136,-0.6241495705164417,-0.6645249511263304,0.851507842540741,0.8638308048248291,0.8165680084607082,0.8292239420324434,0.7245240211486816,0.7183538675308228,0.877147217420756,0.8486609316543051,0.8070531487464905,0.7869383096694946,0.7184345563160422,0.6608058613575112,0.2632902264595032,0.27381742000579834,-0.9329339398380149,-0.8823093334549567,0.7842987775802612,0.7930496335029602,0.6682044275413858,0.6741915295990735
221,9.208333333333334,221,9.208333333333334,0.0,0.0583566941559853,0.05560185225642622,0.5262353028819169,0.521634568877961,0.08563624954542966,0.0876174374258093,0.08423721641846638,0.08511933545264644,0.12323010988549124,0.12329433329368725,0.11182828497654776,0.11226750837308161,0.08207510367534591,0.08192153907468758,0.5030176639556885,0.5030154883861542,0.506698489189148,0.506534218788147,0.5010778605937958,0.49979783594608307,0.2354849874973297,0.23526518046855927,0.28722524642944336,0.2876163125038147,0.47954460978507996,0.4845838248729706,-175.4926147460938,-174.58560180664065,-12.297508239746094,-12.271198272705078,-0.18155544996261597,-0.5044856667518616,0.6352781653404236,0.6295769214630127,0.5285446948901522,0.5076049444508691,0.8457407355308533,0.8489645719528198,0.8112682657740351,0.8016763705094186,0.3375347852706909,0.3315191864967346,-0.6441104959578693,-0.6581882910159735,0.8510012030601501,0.8660667538642883,0.8229222677407737,0.839302988360261,0.7235537767410278,0.7184911370277405,0.8762160819415026,0.8553751207689835,0.8032869696617126,0.7868465185165405,0.7172164979075856,0.6650100509494727,0.2644672393798828,0.27241504192352295,-0.9318852802412843,-0.8893623349954063,0.7769884467124939,0.7901468873023987,0.6589549391268054,0.6722712130465183
222,9.25,222,9.25,0.0,0.06166230405988593,0.07628542388226138,0.5273152988146886,0.5147337999063449,0.08282124825431389,0.08889365847940084,0.08007586219321332,0.08565211766119844,0.12517278493256073,0.12043346115140204,0.1116870170811457,0.10925751500802497,0.08232443513873798,0.08208544731242104,0.5027976632118225,0.5029078722000122,0.5065410137176514,0.5067524909973145,0.5011391341686249,0.5012827664613724,0.2371060997247696,0.2362527698278427,0.2885688543319702,0.2876739203929901,0.4801681935787201,0.4827788472175598,-175.6747436523438,-175.49449157714844,-11.573695182800293,-12.716118812561035,-0.14051583409309387,-0.46488937735557556,0.6332007050514221,0.630531907081604,0.520203399695022,0.5072734841554231,0.8476662635803223,0.8428042531013489,0.8142810286634736,0.7948225372895493,0.3477741479873657,0.3367994427680969,-0.6041196289909014,-0.6455596400483251,0.8608857989311218,0.866003692150116,0.8435721126788408,0.8460395811622456,0.7238041162490845,0.7140411138534546,0.8770990674803095,0.8350281297563802,0.8058105707168579,0.7825531959533691,0.7215395983747769,0.6618072074430975,0.2628520131111145,0.2732889950275421,-0.9386361955944544,-0.8948237044051224,0.7820712327957153,0.7872182726860046,0.6689393425363354,0.6721062254142922
223,9.291666666666666,223,9.291666666666666,0.0,0.05958802627927777,0.06737348680392603,0.5268218178372135,0.5108512143127317,0.08651430306994286,0.0897473204261182,0.08440907610432014,0.08662546984658992,0.12103980601091376,0.11991303646224041,0.1105949205425549,0.10801696903187978,0.08219250361682412,0.08223815123775699,0.5024460554122925,0.5028342753648758,0.5060440897941589,0.506453275680542,0.5010232776403427,0.5012056529521942,0.237447127699852,0.23720909655094147,0.2889912724494934,0.288754940032959,0.47983407974243164,0.48363761603832245,-175.69290161132818,-175.38644409179688,-11.015667915344238,-11.779363632202148,-0.3367381989955902,-0.3499721884727478,0.6315754652023315,0.6330110430717468,0.515353728953637,0.5138299954496526,0.8485444188117981,0.8488124012947083,0.818708147113778,0.8007733137316105,0.34453821182250977,0.3411698639392853,-0.6177235609819526,-0.6238833530684722,0.8552333116531372,0.8691097497940063,0.833560594913852,0.8452823424870783,0.7222829461097717,0.714154839515686,0.8734207931875776,0.830160886923352,0.8039707541465759,0.7830908298492432,0.7197339157422259,0.6566558043228374,0.26686611771583557,0.2739700675010681,-0.9243335388079155,-0.8858549694549288,0.7815666198730469,0.7878629565238953,0.6699863352836306,0.6671203595032429
224,9.333333333333334,224,9.333333333333334,0.0,0.05149628474001444,0.057451257043275354,0.5199290745704632,0.5117342304966395,0.08638638291483282,0.0913878433292645,0.08428139812038737,0.0885043387579407,0.11984859931920058,0.12089044863341238,0.1091677383495198,0.10923464518888243,0.082030871950128,0.08224198020969203,0.5023661553859711,0.5025429129600525,0.5058532953262329,0.506263017654419,0.500757023692131,0.5007151067256927,0.23733332753181458,0.23729496449232101,0.2893652617931366,0.28937309980392456,0.47967639565467834,0.48327189683914185,-175.14871215820318,-174.97926330566406,-11.13965129852295,-11.910219192504883,-0.3651246428489685,-0.49192962050437933,0.6304787993431091,0.6322084069252014,0.5126011677084272,0.5143321130566137,0.8505678772926331,0.8485254049301147,0.8243964104329701,0.8036314754224343,0.3472013771533966,0.3432249426841736,-0.6067817321261305,-0.6160180688613515,0.8535561561584473,0.8702058792114258,0.8310385860889609,0.8513328968971011,0.7222079634666443,0.711966872215271,0.875072899279175,0.8263049658525569,0.8039801120758057,0.7837376594543457,0.7208437856996331,0.6610853524348419,0.2663690745830536,0.2745087444782257,-0.9261940472766772,-0.8847994240395852,0.7820411920547485,0.7895074486732483,0.6720792068145605,0.6737800538412642
225,9.375,225,9.375,0.0,0.045940217645109964,0.04692016645422545,0.5046197745015958,0.5095539045417138,0.0889469907452673,0.09227306144333737,0.08679245680705228,0.08914682746091382,0.11909670071186669,0.12014017369840363,0.10815466430930212,0.10749565828386894,0.08199790497688286,0.08247392887761446,0.5020141154527664,0.502178892493248,0.5050899386405945,0.5055451393127441,0.5006932318210602,0.5009019672870636,0.23697195947170258,0.23691125959157944,0.2903152108192444,0.2898476719856262,0.4793788641691208,0.48292459547519684,-174.08633422851568,-174.61904907226562,-11.150416374206543,-11.456059455871582,-0.4360465407371521,-0.3834501802921295,0.6318081021308899,0.6329557299613953,0.51693500121144,0.5136816199881898,0.8500185012817383,0.8481848239898682,0.8219745628697632,0.7992233423095272,0.34500959515571594,0.3433237075805664,-0.6138001030548831,-0.6129704605280976,0.8557820916175842,0.8682842254638672,0.8347565866267849,0.8432027016002835,0.7225443720817566,0.7113678455352783,0.8746728665362121,0.8187002861660582,0.8053770065307617,0.7826268672943115,0.7229722720741962,0.6557764374048464,0.2663302421569824,0.27476686239242554,-0.9240022284248415,-0.8796526858909121,0.7826785445213318,0.7889121770858765,0.6726334617586981,0.6695292796441803
226,9.416666666666666,226,9.416666666666666,0.0,0.044353785298351045,0.048598086502036265,0.4927958847680088,0.501419020450212,0.08853362984280061,0.09216421641147306,0.08642266013923242,0.08947928969236067,0.11959750993784786,0.11856149506520565,0.10836160545592095,0.1048548139478587,0.08176751824537526,0.08274593041432446,0.5017373859882355,0.501905083656311,0.5042275190353394,0.5050876140594482,0.5007313638925552,0.5011759996414185,0.23658094555139542,0.23674677312374115,0.29073667526245117,0.2903323173522949,0.4795452058315277,0.483495831489563,-173.71548461914068,-174.13600158691406,-11.2788667678833,-12.307177543640137,-0.37995147705078125,-0.3551667034626007,0.6315503716468811,0.6332591772079468,0.5151755185931329,0.5133211968339232,0.8519576191902161,0.8488006591796875,0.8249564862957308,0.7985822046593944,0.3470273017883301,0.346174418926239,-0.6052986585337929,-0.6023900877444431,0.8563872575759888,0.8708178400993347,0.8347688845596097,0.8467133202276542,0.7212997674942017,0.7120576500892639,0.8686156825477078,0.8195594866248365,0.807190477848053,0.7811731100082397,0.7257896962038946,0.6507435964084848,0.2658866047859192,0.27506333589553833,-0.9248370908671708,-0.8787525051392687,0.7839053869247437,0.7885096073150635,0.6742092813140488,0.6667816986991307
227,9.458333333333334,227,9.458333333333334,0.0,0.03764926936147345,0.044488116867777955,0.4932276002856366,0.4905304162986737,0.09049082353080688,0.09372309484554346,0.08884855390697806,0.09078677428088322,0.12124647715277449,0.1197322104667717,0.11077088369151497,0.10610992873540896,0.08138666951416648,0.08242731672311775,0.5013800710439682,0.5015037357807159,0.5044896006584167,0.5046817660331726,0.5008495897054672,0.500881552696228,0.23618391901254654,0.23659007251262665,0.2910725772380829,0.2905981242656708,0.4801436811685562,0.48372574150562286,-173.21644592285162,-173.96852111816406,-13.285385131835938,-13.14094352722168,-0.7139052152633667,-0.47808110713958735,0.6302579641342163,0.6285293102264404,0.5078516630287477,0.4949680957787441,0.8542546629905701,0.8507945537567139,0.8258429786851426,0.8006340019281996,0.34805119037628174,0.3544188141822815,-0.5996437367365487,-0.5679252357224518,0.8548926711082458,0.8693239688873291,0.8272513696437842,0.8410495297373707,0.7217369675636292,0.7136907577514648,0.8668528809091175,0.8251908927224817,0.8082081079483032,0.7854996919631958,0.7241960716922151,0.6582157828959241,0.2662871778011322,0.2750074565410614,-0.9205193365228347,-0.8758514322760915,0.7836140990257263,0.7892559766769409,0.6699052580745253,0.6664088223543956
228,9.5,228,9.5,0.0,0.037740964623071985,0.03938608355740306,0.49920714274080547,0.49196658298592144,0.09222479824004456,0.09214456152565365,0.09094891012233504,0.08958822013956746,0.11894065621897176,0.11998124623399593,0.10894729752769516,0.10777032121872977,0.08131655608340087,0.08207396370532828,0.5007106214761734,0.5008338540792465,0.5035759210586548,0.5038623213768005,0.5005308240652084,0.5018832236528397,0.23567643016576767,0.23611460626125336,0.2906115651130676,0.2910294532775879,0.4791012555360794,0.4846467971801758,-173.05580139160162,-173.29905700683594,-12.55762004852295,-13.344128608703613,-0.617766261100769,-0.6909525394439697,0.6276508569717407,0.6282129287719727,0.501969806556863,0.48714139822417146,0.8524211645126343,0.8524760007858276,0.8292152424134245,0.7978445624924837,0.3529996871948242,0.3336130976676941,-0.5825688881813949,-0.6488683273222214,0.8573200702667236,0.8618917465209961,0.8400966533019416,0.8182679042581088,0.7231120467185974,0.7163979411125183,0.8789256163948831,0.8271926171633585,0.8095501661300659,0.7893352508544922,0.7339905183590223,0.6608883243509844,0.26579490303993225,0.275216281414032,-0.9269219191883173,-0.8740529479529912,0.7863381505012512,0.7838006019592285,0.6824321720085185,0.6488833245219733
229,9.541666666666666,229,9.541666666666666,0.0,0.03599147087647829,0.03428695625809424,0.49756573867833487,0.5023645099866945,0.08973675368991503,0.09119670835889361,0.08877235132462692,0.08881805761010458,0.1173828758544427,0.11870770633851552,0.1104114904835651,0.10884896882537663,0.0815672442145908,0.08166430481214115,0.5001031160354614,0.500109076499939,0.5028799772262573,0.5029641389846802,0.5001554936170578,0.5013626664876938,0.23477642983198166,0.2352846935391426,0.29001790285110474,0.29050931334495544,0.47913749516010284,0.4864320009946823,-172.76313781738287,-173.0596923828125,-12.025063514709473,-12.699110984802246,-0.8930535316467285,-0.8912535309791566,0.6279610395431519,0.6277448534965515,0.5055274177812019,0.4857416848562719,0.8487580418586731,0.845710039138794,0.8223820964678159,0.7767346972469846,0.35903143882751465,0.34976667165756226,-0.5582080064493093,-0.5826493091236807,0.8541681170463562,0.862548828125,0.8344191680392826,0.8131390144514788,0.7211900353431702,0.7178032398223877,0.8742892987121865,0.8318752132013919,0.8083567023277283,0.7943309545516968,0.7324916977864296,0.6656566087622705,0.2657660245895386,0.2737661600112915,-0.9271139383975405,-0.8747523139119339,0.790572464466095,0.7869963049888611,0.6929229050140421,0.6497995949658504
230,9.583333333333334,230,9.583333333333334,0.0,0.04276420909774666,0.040523293586985275,0.520912542378403,0.527410272715886,0.08534065603937813,0.0886136730202256,0.087234731810851,0.08817411233364884,0.11472357650337199,0.11744217549998487,0.10821989117125189,0.10840678673611852,0.08190278578217756,0.08157601809455269,0.49867337942123413,0.4990273267030716,0.5006540417671204,0.5015437006950378,0.4983898401260376,0.4998927563428879,0.23395010828971863,0.2338416799902916,0.28840309381484985,0.28915199637413025,0.48333872854709625,0.4873128831386566,-172.61743164062506,-172.21237182617188,-9.988088607788086,-11.922613143920898,-0.13994883000850677,-0.6740779280662537,0.6224400997161865,0.6234534978866577,0.482316895792806,0.4759548132178882,0.8522778153419495,0.8456300497055054,0.8068856531452369,0.7763818232220796,0.3600142300128937,0.3600386381149292,-0.5380149541299889,-0.5387167468184948,0.8588495254516602,0.8660922050476074,0.8212582658445889,0.8207180899540581,0.7196171283721924,0.7171379327774048,0.8601486146347338,0.8368263744657918,0.8106215000152588,0.8019691109657288,0.7157814996330597,0.6817797154102808,0.2635743021965027,0.27295398712158203,-0.9129807685391174,-0.8741660026244011,0.796525239944458,0.7962300777435303,0.6849523724919235,0.6693446955666215
231,9.625,231,9.625,0.0,0.03903687576654664,0.0446062711954709,0.5614242299132748,0.5655918199633874,0.0860513812178634,0.08565726089297393,0.08788868808865792,0.08649797510439122,0.10926360229826662,0.11360578828503089,0.1061658566312359,0.1086761958797134,0.0825352433424701,0.08174816649071687,0.49740083515644073,0.49773654341697693,0.4999258816242218,0.5004162788391113,0.49897171556949615,0.4999587833881378,0.23275458067655563,0.2326982095837593,0.2854853868484497,0.2866257429122925,0.4856657087802887,0.48667995631694794,-173.36161804199224,-171.70912170410156,-7.703543186187743,-9.173318862915039,-0.5333709716796875,-0.8223267793655396,0.611935019493103,0.6177480816841125,0.43809490429530507,0.45703530233473055,0.8554421067237854,0.8435873985290527,0.8066637297074403,0.7789723515052616,0.3607501983642578,0.3644959628582001,-0.5360514454546355,-0.5256104929027424,0.855135440826416,0.8638327717781067,0.8059947409403858,0.8231591185538036,0.7179014682769775,0.7175561189651489,0.849054566646181,0.8443013541245422,0.8109095096588135,0.8025192618370056,0.7095162886004013,0.6893386279475116,0.262820303440094,0.273781418800354,-0.9158437005878984,-0.8775928008833626,0.7945365905761719,0.7952837347984314,0.6737989198152254,0.6735466470443268
232,9.666666666666666,232,9.666666666666666,0.0,0.035504158632431136,0.0494067038962382,0.5801392691274961,0.5967266960741779,0.08472249389731781,0.08618009940496406,0.08657383511055855,0.08737774322888123,0.10999469521142823,0.1059326055284807,0.10784948427044333,0.10737895682854208,0.08249013482855631,0.08197897859224355,0.49649251997470856,0.49645279347896576,0.4987877905368805,0.4993266463279724,0.4995855689048767,0.5001941174268723,0.23239411413669586,0.23216862976551056,0.2845727801322937,0.28585106134414673,0.48596206307411194,0.48572760820388794,-172.6470336914063,-171.10678100585938,-6.20163631439209,-7.490311145782471,-0.450847864151001,-1.402148723602295,0.6094322204589844,0.6128910779953003,0.4250220314688709,0.44021575515033246,0.8648970127105713,0.8438345193862915,0.8247300317612507,0.7868439462676095,0.36416125297546387,0.3673335611820221,-0.5239879145360153,-0.5189785935842275,0.8587316870689392,0.8665556907653809,0.8113115565925711,0.8367676299315616,0.718333899974823,0.7158985137939453,0.8463877481597847,0.8425823842722132,0.8093488216400146,0.7958194017410278,0.7038326021896282,0.6813435957612235,0.2597517967224121,0.27534008026123047,-0.9279721832724512,-0.8783226208604981,0.7976754307746887,0.7931851148605347,0.6784261411905621,0.6755554564656028
233,9.708333333333334,233,9.708333333333334,0.0,0.041055965561464694,0.0368524549746319,0.5965516771517643,0.6000942934111285,0.07985241012907467,0.08188570365568477,0.08282298559797478,0.0824996596958028,0.10384116596588704,0.10656409055300817,0.10922908507323156,0.10977341131913174,0.08277020299615116,0.0822096591015495,0.4949093163013458,0.4951026886701584,0.49639949202537537,0.497183233499527,0.5004897713661194,0.5001979321241379,0.23170731216669083,0.23260562866926193,0.2842637002468109,0.2861548662185669,0.4834538996219635,0.48717889189720154,-171.78334045410162,-170.20339965820312,-3.6289598941802983,-4.604654312133789,-0.7952998280525208,-1.2606840133666992,0.6090443134307861,0.6125810146331787,0.42315554242375214,0.4386388280788639,0.8532731533050537,0.8415998220443726,0.8108939842771221,0.7781225840335143,0.3623918294906616,0.3633037805557251,-0.53831841939052,-0.5343072006410606,0.8590764403343201,0.862116813659668,0.823618715329384,0.8231671431278611,0.7178899645805359,0.7164173722267151,0.8474458547102834,0.8439192064947395,0.8041791915893555,0.7951678037643433,0.7032468084659204,0.6761822103909501,0.264911949634552,0.2758537530899048,-0.9183039147126949,-0.8756306161114099,0.7939786911010742,0.7920240163803101,0.6808804108265718,0.6692801011901754
234,9.75,234,9.75,0.0,0.06851112889519277,0.05602244280713456,0.6151874808291973,0.6251294608763139,0.07697588065160554,0.08052653812927714,0.07942626426748776,0.08130800249457967,0.10222187294283583,0.10282124263236982,0.11307694481951197,0.1108368529417566,0.08349262321142,0.08194503409993688,0.493271604180336,0.4938950091600418,0.4944319427013397,0.49507829546928406,0.5004217326641083,0.4993921220302582,0.2321823090314865,0.2328973039984703,0.2857446074485779,0.2862021028995514,0.48321428894996643,0.4852115511894226,-171.38879394531256,-170.4642333984375,-2.678069829940796,-2.366844415664673,-1.1216762065887451,-1.2352317571640015,0.6102559566497803,0.6102251410484314,0.4282182016886619,0.4330446431887413,0.8490698337554932,0.8471226692199707,0.8023421457948585,0.7954043452356205,0.36789655685424805,0.36866945028305054,-0.5166849676215236,-0.5107571123201687,0.862767219543457,0.8682050704956055,0.8323812966589974,0.841739018991693,0.7188931703567505,0.7147427797317505,0.8517695375285208,0.84141395362976,0.8015791177749634,0.7941701412200928,0.6981922879994633,0.6790258512796581,0.2647896707057953,0.2756938338279724,-0.9186748371358542,-0.8740296551933421,0.79150390625,0.7903193831443787,0.6760967725725393,0.6705626967832117
235,9.791666666666666,235,9.791666666666666,0.0,0.0993419069158579,0.09776286513501764,0.6300440483809479,0.6398052479238937,0.07842715623134672,0.07934211283209602,0.08153142947226426,0.08044436222500805,0.09834627321809246,0.09928969380253928,0.11622476289897546,0.11383669764883468,0.08278438081974317,0.08198267777731016,0.4918922483921051,0.4923855811357498,0.4930025041103363,0.49401363730430603,0.5009979158639908,0.5000618398189545,0.2330320179462433,0.2337978407740593,0.28738558292388916,0.2885773777961731,0.4823850393295288,0.4845685362815857,-170.67666625976568,-169.86056518554688,-2.1372201442718506,-2.9612643718719482,-1.623855710029602,-1.900995135307312,0.6130651235580444,0.6097230911254883,0.43806220368284166,0.4271695897883392,0.8584691286087036,0.845672070980072,0.8269223301281802,0.7912275430896265,0.36684492230415344,0.3712485134601593,-0.5243938632780858,-0.5017737361590684,0.8679782152175903,0.8732540011405945,0.8478306223962272,0.8516633481636534,0.7187201976776123,0.7156485915184021,0.8510598642067569,0.8397871006398645,0.7996477484703064,0.7960443496704102,0.6975876570803876,0.6824863754525736,0.2641374468803406,0.2765803933143616,-0.9258695843622302,-0.8705397457286144,0.78358393907547,0.7868742942810059,0.6622670384363682,0.6623935220225665
236,9.833333333333334,236,9.833333333333334,0.0,0.09738958548927602,0.09767062115394003,0.6273618553975454,0.6370534563079076,0.08147356006615397,0.07869056279286628,0.08368228175644742,0.07988137935883571,0.09553327361040846,0.0988865030594182,0.11399110880521403,0.1148720265486466,0.08301554980386582,0.08235703925062453,0.4909747242927551,0.49154163897037506,0.4918436110019684,0.492923766374588,0.5008623152971268,0.49969013035297394,0.23441406339406967,0.23527792096138,0.29020020365715027,0.2913428246974945,0.4821319580078125,0.4852457344532013,-169.579574584961,-168.89434814453125,-1.3878285884857178,-2.081968307495117,-1.7569345235824585,-1.9730576276779175,0.6136093139648438,0.6104795932769775,0.4415032342824271,0.4317257149839195,0.8586220741271973,0.8475391864776611,0.8292872832293765,0.7941315893963268,0.36713531613349915,0.37217092514038086,-0.5236583087735026,-0.49691837645563736,0.8628515601158142,0.8728859424591064,0.8386034878116095,0.8496905830825473,0.7189749479293823,0.714319109916687,0.8541019617630733,0.8363687954871131,0.7964035272598267,0.7946887612342834,0.6922397287545068,0.6782857413296007,0.2655869722366333,0.2773730158805847,-0.9213090027722228,-0.8663280123001581,0.7821347713470459,0.7872400283813477,0.6608102241822782,0.6619584408320714
237,9.875,237,9.875,0.0,0.07968903440070756,0.08950368784321479,0.6214987977825231,0.6314642743412023,0.07855383371820723,0.07952665762501362,0.08086863547997149,0.08066659885559231,0.09531757554884149,0.09901497262562436,0.11541797236502675,0.11427644083635592,0.08390619838394905,0.08258346136725293,0.49007734656333923,0.4906903803348541,0.4907451570034027,0.49206119775772095,0.5013545602560043,0.4997476637363434,0.2359619364142418,0.2371882125735283,0.292154461145401,0.29361605644226074,0.4809929430484772,0.48574504256248474,-168.920639038086,-168.0736846923828,-0.511755645275116,-2.038623809814453,-1.8688166141510008,-1.9447325468063352,0.6132885217666626,0.6095302104949951,0.43913626401931777,0.42719115343549036,0.8583018183708191,0.8482656478881836,0.8326394358379462,0.7934949594396226,0.36715373396873474,0.3734234869480133,-0.5264930204269195,-0.4915587439197633,0.8616915345191956,0.8737112283706665,0.8401198094152275,0.8491909379750366,0.7188524007797241,0.7142661213874817,0.8532815941724816,0.8347445934066033,0.7965975999832153,0.7962720394134521,0.6964715136198876,0.6796899352791049,0.2664583623409271,0.277285635471344,-0.9215383552287414,-0.8656549994148713,0.782293975353241,0.7883208990097046,0.6649064942914531,0.6622862629374954
238,9.916666666666666,238,9.916666666666666,0.0,0.07169653640759997,0.07918695281974274,0.6160764471731651,0.628500943400937,0.07840156424143291,0.08069347234558845,0.08081049896807582,0.08171623288919398,0.09649991946984239,0.09580109579978448,0.11595073664549566,0.11343332093767354,0.08386722164490198,0.08245126092813063,0.48960544168949127,0.49004724621772766,0.48990315198898315,0.491393506526947,0.5016100704669952,0.4993934631347656,0.23670625686645508,0.2374749705195427,0.2926081717014313,0.29423463344573975,0.4786456972360611,0.48618851602077484,-168.98587036132818,-167.4995574951172,0.19042091071605682,-1.5928816795349123,-1.6752327680587769,-2.1969637870788574,0.6132007837295532,0.6079889535903931,0.43815701839335974,0.42369843421904646,0.8560065627098083,0.848280668258667,0.8334529827582726,0.7946697969009933,0.3642409145832062,0.3737778663635254,-0.5393751684303371,-0.4901044365853551,0.8608887791633606,0.8721615076065063,0.8442360242392069,0.8470801616025866,0.7186824083328247,0.7140852808952332,0.8523269146168337,0.8376460812792171,0.7964723110198975,0.7959261536598206,0.7019634612231098,0.6797693462119061,0.2671903669834137,0.2772597074508667,-0.920440736760527,-0.866681701750047,0.7798588871955872,0.7889238595962524,0.665270446904268,0.6644016792604256
239,9.958333333333334,239,9.958333333333334,0.0,0.0742049012081418,0.07442113569485702,0.619341528960847,0.626529643595065,0.07994052950284154,0.0813931707559387,0.08258000795373452,0.08247794452050033,0.09595950007761274,0.09389800728031036,0.11627495359217963,0.11423341432596243,0.08353453809972138,0.08199344545478175,0.4891686886548996,0.48963093757629395,0.4894880950450897,0.491100013256073,0.5014758557081223,0.4991465359926224,0.2362145185470581,0.2366700917482376,0.29177430272102356,0.29397210478782654,0.4778449684381485,0.4870711416006088,-169.1117553710938,-166.8759307861328,0.3404499888420105,-1.2674167156219482,-1.7696291208267212,-2.491849660873413,0.6135392785072327,0.6108168363571167,0.44000468294994377,0.43548176790197374,0.8551432490348816,0.8462416529655457,0.8332988229253319,0.7878716850028229,0.36432725191116333,0.3750608265399933,-0.5384988823595651,-0.4838982607499344,0.8610448837280273,0.8724923133850098,0.846333139528513,0.8454547866291864,0.7185992002487183,0.7139911651611328,0.8525108906130496,0.837831712005448,0.7954476475715637,0.794491708278656,0.7014554592224092,0.6743536905429833,0.2670953869819641,0.27671560645103455,-0.9202690874111966,-0.8674160821335825,0.780040979385376,0.7898064851760864,0.6674283800519281,0.664076247090269
240,10.0,240,10.0,0.0,0.06701182112991436,0.06837993829000319,0.6091958501240747,0.6290777076293205,0.07738607780874557,0.08114131874911167,0.07984255208736077,0.0819811017190551,0.0960524411199415,0.09306700375670675,0.11694345042547077,0.11337945016026116,0.0835257021251743,0.08187897902417662,0.4889238625764847,0.4892994612455368,0.4890478253364563,0.4907422661781311,0.5013859570026398,0.4990118443965912,0.23539206385612488,0.23605170845985413,0.2904302477836609,0.2929726541042328,0.47828541696071625,0.4874171316623688,-169.5447387695313,-167.28565979003906,0.6979215145111084,-1.0932317972183228,-1.7584782838821411,-2.4864084720611572,0.611774742603302,0.6117441654205322,0.43304364324250366,0.44034841949733183,0.8554704189300537,0.8447315692901611,0.8323072056550669,0.7850929629112599,0.3651425540447235,0.3749788999557495,-0.5344685989941592,-0.4844902558027329,0.8616540431976318,0.8726024627685547,0.8459521676978238,0.8463310211470408,0.7183660268783569,0.7151796221733093,0.851190086553773,0.8443819698346573,0.7962004542350769,0.7937918901443481,0.7015204075666294,0.6731680603077033,0.2674935460090637,0.2768324613571167,-0.9175354292766453,-0.8678641518038763,0.780031144618988,0.7899394035339355,0.6658407468333732,0.6647033586079208
241,10.041666666666666,241,10.041666666666666,0.0,0.06086055599529361,0.06590258967448569,0.6085466516565443,0.6316883807811496,0.07819613230076466,0.08321633062971145,0.08034724567794983,0.08398973155930792,0.09550649958911524,0.09303517108499228,0.11678982319832908,0.11407452241796079,0.08359839678244146,0.08219259224564011,0.48858463764190674,0.488995224237442,0.4887947738170624,0.4907612204551697,0.5011408179998398,0.49862439930438995,0.2349790334701538,0.23503603786230087,0.2901957333087921,0.29199349880218506,0.47811539471149445,0.48749861121177673,-169.53004455566412,-166.72879028320312,0.6320408582687378,-1.489776849746704,-1.8712139129638672,-2.7353343963623047,0.6118348240852356,0.6115630865097046,0.434078877314057,0.4407713571702363,0.855770468711853,0.844143807888031,0.8330333699753885,0.7829419004430448,0.3649071753025055,0.3740296959877014,-0.5342307932088226,-0.48626186328235843,0.8619450926780701,0.8710865378379822,0.8466533850765325,0.8420891773073598,0.7183650135993958,0.716134786605835,0.8518296363631621,0.8488884631286038,0.7957456111907959,0.7932289838790894,0.7006302519306636,0.6711687728591339,0.26839953660964966,0.27652227878570557,-0.9126788134539986,-0.8668088457008479,0.7800385355949402,0.7903864979743958,0.6659835093952742,0.6649286739122144
242,10.083333333333334,242,10.083333333333334,0.0,0.05440840653403557,0.05686078240096646,0.616645906765578,0.6210008439134621,0.07589786728744335,0.08006717785690906,0.0776096980854006,0.08063318943558395,0.09626296594850409,0.09551641125086882,0.11775260919186546,0.11542342332655807,0.08344247073271066,0.08222866444525177,0.48815619945526123,0.4888029545545578,0.48824262619018555,0.48978161811828613,0.5008511245250702,0.49846772849559784,0.23557841777801514,0.2355666607618332,0.29066017270088196,0.2920297682285309,0.4777231216430664,0.4876538813114166,-169.99221801757818,-168.088623046875,0.9421855807304382,-0.22778317332267764,-1.8079601526260376,-2.2252097129821777,0.6119996905326843,0.6115801930427551,0.4353714140261453,0.4414893552506198,0.8549902439117432,0.8442507982254028,0.8312421031864287,0.7829064706014978,0.36519157886505127,0.37131422758102417,-0.5313814684401853,-0.49629293607364017,0.8622729778289795,0.8697407841682434,0.847288333300272,0.8388695874531353,0.7183878421783447,0.7169728875160217,0.8520961787381449,0.8528476694506387,0.7954579591751099,0.7926719784736633,0.700073128603135,0.6696654698685456,0.26845115423202515,0.27722835540771484,-0.9103158710944226,-0.8635195826707457,0.779918909072876,0.789944589138031,0.6658355501711047,0.6636775023415266
243,10.125,243,10.125,0.0,0.04752971469036743,0.048945116307621744,0.6025607339627005,0.6159370661458546,0.07835831971738327,0.08326985508128945,0.0802458057199674,0.08369695979607748,0.0953218314018054,0.09512387164270317,0.11880022918388075,0.11605765824549309,0.08353093667509608,0.08196122602965142,0.4879295229911804,0.48846395313739777,0.4881768226623535,0.48962488770484924,0.5010262876749039,0.498110294342041,0.23702964931726456,0.23696525394916534,0.29240867495536804,0.2940658926963806,0.47752906382083893,0.4866759479045868,-169.83796691894537,-167.9001922607422,0.8709224462509155,-0.7610051035881042,-2.0375425815582275,-2.41402268409729,0.6110619902610779,0.6115425825119019,0.4316810703362271,0.44307187924660457,0.8558523654937744,0.8444080352783203,0.8348625921224737,0.7859916238307235,0.3655562996864319,0.37277618050575256,-0.5314623166740011,-0.48956097286863287,0.8623244166374207,0.8696416020393372,0.849144750716038,0.8414335951091123,0.7184423208236694,0.7164524793624878,0.8529448505535199,0.8528548951684068,0.794954240322113,0.7926931381225586,0.7004760332946351,0.6723661554247251,0.26859050989151,0.27745160460472107,-0.9118688114831593,-0.8619032720877868,0.7794996500015259,0.788548469543457,0.6663717122597373,0.663259690274662
244,10.166666666666666,244,10.166666666666666,0.0,0.040724415316980296,0.045210763398848657,0.6048678860946927,0.6028934210812802,0.08068393720456868,0.08560927927932478,0.08250697540934358,0.08596999349541137,0.09310313245566153,0.09153570001409103,0.12018364409910091,0.11594541801871912,0.08250540169723769,0.08184313916430394,0.4879535734653473,0.4878941774368286,0.48827943205833435,0.48909035325050354,0.5009041577577591,0.4973612576723099,0.2392183244228363,0.23921559751033783,0.29531800746917725,0.2967950105667114,0.47728368639945984,0.4869140535593033,-168.68922424316412,-167.94700622558594,1.3697367906570435,0.02911856770515442,-2.394597053527832,-2.695763349533081,0.6109617352485657,0.6108356714248657,0.4328482850843047,0.4438510240795345,0.8555263876914978,0.8440804481506348,0.8367752674289437,0.7858368589849195,0.3661963939666748,0.37330400943756104,-0.5297956385545834,-0.4852453945569917,0.8626024723052979,0.870212197303772,0.8524294824999458,0.8433318864714208,0.718529462814331,0.7172914743423462,0.8559041751809822,0.8602490082732933,0.7951869368553162,0.7928099036216736,0.7032880648008666,0.6730314991268475,0.2688043713569641,0.2768600583076477,-0.912831236180985,-0.8624823862248553,0.7790319919586182,0.7885512113571167,0.6675489526116346,0.6636615320659991
245,10.208333333333334,245,10.208333333333334,0.0,0.039799013791498514,0.04303333918392278,0.6023229550093021,0.6058691847140165,0.07919181355884596,0.08368828328705705,0.0804200039199512,0.0841526201275636,0.09290258463152087,0.09166070709284561,0.12001222620971475,0.11755222023006263,0.08363030011730713,0.08243244637979487,0.48780557513237,0.48805932700634,0.48832428455352783,0.48929280042648315,0.500881165266037,0.4973382204771042,0.2410639449954033,0.24140407145023346,0.2972215414047241,0.29860976338386536,0.477521151304245,0.4877343326807022,-168.30187988281256,-168.17539978027344,1.1230312585830688,0.10039970278739929,-2.5621442794799805,-2.840367078781128,0.611553966999054,0.6111084222793579,0.4346033330266403,0.44524441194188247,0.8551288843154907,0.8436312675476074,0.8340950706507579,0.7834598112569839,0.36588597297668457,0.37350204586982727,-0.5301154357062053,-0.48463801475877355,0.8622180223464966,0.870013952255249,0.8497542178818575,0.8415377859639909,0.7190947532653809,0.7172208428382874,0.8569074892040475,0.8605197788047225,0.794527530670166,0.7923862338066101,0.7002331660037382,0.670650678810834,0.268292635679245,0.2766827940940857,-0.9133567470898215,-0.8635441794544326,0.7790685296058655,0.7880273461341858,0.6660858870746441,0.6610551668000181
246,10.25,246,10.25,0.0,0.03799091312960484,0.0337463549504247,0.5988023589045649,0.6008127012076211,0.08091989647587779,0.08315354816418159,0.08182422826681442,0.08287572262122436,0.09125254742734704,0.09528989400627896,0.11904774695647802,0.11636775762181643,0.08342429190529528,0.08242536481244506,0.4876125752925873,0.4882113039493561,0.48840540647506714,0.4892605245113373,0.5015782713890076,0.4972280114889145,0.24155018478631973,0.24204173684120178,0.2977147698402405,0.29944753646850586,0.4770621508359909,0.4879741817712784,-168.68339538574224,-168.28659057617188,0.8163889646530151,0.24721483886241913,-2.696178913116455,-2.4358978271484375,0.611565887928009,0.6108658313751221,0.4331608191492129,0.4446394147707242,0.8553041219711304,0.8439013957977295,0.8379104762436562,0.7833733383929371,0.3658583164215088,0.3729143738746643,-0.534501689540383,-0.48641150571323905,0.8622802495956421,0.8700768351554871,0.8533645264714737,0.8409838286997124,0.7196993827819824,0.7169639468193054,0.8590196083684992,0.8597776496173448,0.7952501773834229,0.7928924560546875,0.7048743957717254,0.6711058807789166,0.268406480550766,0.27654245495796204,-0.9182932324582821,-0.8634933053320916,0.7794507145881653,0.7868485450744629,0.669874220208347,0.6578036140936375
247,10.291666666666666,247,10.291666666666666,0.0,0.03399259226015413,0.029201964610492147,0.5981982872684893,0.6064832872298663,0.08086540064017363,0.0861188609146372,0.08179849803886072,0.08680421838777189,0.09303396836179204,0.09224048848438174,0.11826714427091654,0.1140570856902618,0.08323713607389478,0.082924244223931,0.48776528239250183,0.488330140709877,0.48838382959365845,0.4899195432662964,0.5017078816890717,0.4973594844341278,0.24113189429044724,0.2418208196759224,0.2975024878978729,0.29895153641700745,0.4768383204936981,0.48819102346897125,-169.00895690917974,-167.82054138183594,0.8599197268486023,-0.773493230342865,-2.3660130500793457,-2.709238052368164,0.6111228466033936,0.6110662817955017,0.43199782818201254,0.44518843478135156,0.8558396100997925,0.8436453342437744,0.8417207869177249,0.7828233268042882,0.3669862449169159,0.3728354573249817,-0.5319149399743509,-0.48754039343142325,0.8618695735931396,0.8698717355728149,0.8551126822909054,0.8405821951487238,0.7203611135482788,0.7172861099243164,0.8632980082945807,0.8610636517846477,0.7938193678855896,0.7931190133094788,0.7039805508999968,0.6715483149504434,0.26653242111206055,0.27664655447006226,-0.9285319269674689,-0.8641422158292786,0.7781544923782349,0.7866675853729248,0.6691905602043905,0.6573402208949154
248,10.333333333333334,248,10.333333333333334,0.0,0.02631937175915481,0.023797461989568124,0.597502394348151,0.602297741334989,0.08105675474989579,0.08467388915975786,0.08214802200709462,0.08472747717301153,0.0925588906087794,0.09145698479943609,0.11656952937108592,0.11310666173418353,0.08339160874665995,0.08292400557325406,0.4879467189311981,0.4884510487318039,0.48848915100097656,0.4899427890777588,0.5013537704944611,0.4972448945045471,0.24024878442287445,0.24075637757778168,0.29749858379364014,0.29850438237190247,0.47728607058525085,0.4882180988788605,-167.7633666992188,-167.05532836914062,1.0326305627822876,-0.14197400212287903,-2.2637386322021484,-2.7395827770233154,0.611822247505188,0.611152708530426,0.4359505489911873,0.4455541109669358,0.8560043573379517,0.8444849252700806,0.8406934524527795,0.783871454581023,0.3678393065929413,0.3731251657009125,-0.5268987625354842,-0.4854983470053814,0.8627797365188599,0.8690758347511292,0.8557337003481599,0.8379772835733988,0.7201375365257263,0.7176015973091125,0.8634038007279479,0.8619323937810586,0.7916353940963745,0.7943815588951111,0.6978047464376305,0.6736321738778979,0.2665673792362213,0.2762630581855774,-0.9265562351760331,-0.8643776238087612,0.7778114080429077,0.7875714302062988,0.6671177292840677,0.6586482767374967
249,10.375,249,10.375,0.0,0.023583529448690292,0.024030099931265366,0.5958453472271388,0.6029457515882913,0.08544798496038761,0.08555768099937612,0.08616446166107873,0.08535128431149983,0.09109456585864104,0.09234759273639945,0.11584097626690963,0.11473101906796701,0.08328925108236428,0.08245811213317034,0.48818863928318024,0.4885129779577255,0.489101380109787,0.4898502230644226,0.5011466443538666,0.4974837005138397,0.24011971056461334,0.24063243716955185,0.2976364195346832,0.2977871298789978,0.47728028893470764,0.48848405480384827,-167.11463928222662,-167.35992431640625,0.7528343200683594,0.49444589018821716,-2.495722532272339,-2.698903322219849,0.6122696399688721,0.6110095977783203,0.4389386723298707,0.4432099172165363,0.8565794229507446,0.845698893070221,0.8427607155110994,0.7844523058191837,0.3679914176464081,0.3730769753456116,-0.5259665481593837,-0.4856891307763499,0.8619120121002197,0.8696199655532837,0.8546091386792587,0.8369835516041461,0.7194841504096985,0.717799186706543,0.8624387283438266,0.8601210010214995,0.7907723188400269,0.7952965497970581,0.696544610141038,0.6737675576961529,0.26639866828918457,0.2757799029350281,-0.927260504233939,-0.8655410275470277,0.7775692343711853,0.7880467772483826,0.6672088170531373,0.6578468842435224
250,10.416666666666666,250,10.416666666666666,0.0,0.021896003633995183,0.02398550549204223,0.5920562916475629,0.6021534311297964,0.08526461974316664,0.08570842285110354,0.08749963603349217,0.08596800132089596,0.09347803065147742,0.09347039821005651,0.11807404367433924,0.11547618660048493,0.0835572659896461,0.0825781187816986,0.4882773756980896,0.488614484667778,0.489084392786026,0.4899304509162903,0.5010883659124374,0.49797677993774414,0.24069765210151672,0.24085115641355515,0.29811838269233704,0.2978452146053314,0.4776947945356369,0.48754656314849854,-167.22743225097662,-167.04281616210938,0.4585799276828766,0.3196019232273102,-2.3036642074584965,-2.626286029815674,0.6131108403205872,0.6116117835044861,0.44178026915871205,0.4434616947472545,0.8567085266113281,0.8457184433937073,0.8407727473343,0.7862451799345602,0.3678596019744873,0.3730790913105011,-0.5254109900995738,-0.48741443155868,0.8618663549423218,0.8694051504135132,0.8522144475396692,0.8382413310843786,0.719260573387146,0.7176586389541626,0.8604003531465922,0.8573105684590381,0.7902907729148865,0.7951117753982544,0.6934370902822276,0.6751553625074266,0.2660371661186218,0.27562564611434937,-0.9269656188154647,-0.867727439075429,0.7773295640945435,0.7875987887382507,0.6646850155513915,0.6586631422239791
251,10.458333333333334,251,10.458333333333334,0.0,0.02010821139146869,0.02280978428032063,0.5882167374863633,0.5951479682001565,0.08468223846419011,0.0857195564488174,0.08704221152056356,0.08710946661247068,0.09571825078276408,0.09375252569237358,0.12125736682645669,0.11522716475880641,0.08321607815715114,0.0827681475641604,0.48848143219947815,0.4888575077056885,0.48953869938850403,0.4900457262992859,0.5010453313589096,0.4981665015220642,0.24120518565177917,0.24108386784791946,0.298843652009964,0.29858338832855225,0.477662593126297,0.48742759227752686,-167.086898803711,-166.3902587890625,-0.008697533048689365,0.1140136793255806,-2.463703155517578,-2.3659958839416504,0.6123841404914856,0.6123345494270325,0.43873832188996414,0.4455615476996192,0.8567845821380615,0.8461020588874817,0.8403505698723266,0.7873831495332346,0.3678990304470062,0.3738233149051666,-0.5246722601315571,-0.4852718750262218,0.861426055431366,0.8694579005241394,0.8506387220769578,0.8386552579765418,0.719280481338501,0.7180062532424927,0.859970788491541,0.857964569070919,0.7904253005981445,0.7957737445831299,0.6932605522140342,0.6768994928564612,0.2656590938568115,0.2756381034851074,-0.9275558418690416,-0.8684574997638078,0.7770296931266785,0.7879768013954163,0.6635682455193591,0.6597831875284051
252,10.5,252,10.5,0.0,0.01874571307242062,0.021582203918644478,0.5877578810719771,0.5886580112146269,0.08428880978999632,0.08715451519260982,0.08635614688114765,0.08837960864854341,0.09672813194136677,0.09289252674261023,0.12238957986563209,0.11339914595515303,0.08295133508912168,0.08234298817962346,0.4885517805814743,0.4890069365501404,0.4895481467247009,0.4903140366077423,0.5012628585100174,0.49827367067337036,0.24146705120801926,0.2413584440946579,0.2990964651107788,0.29915547370910645,0.4776642471551895,0.4872960299253464,-167.26528930664068,-166.45535278320312,0.32420071959495544,0.04256787896156311,-2.4727659225463867,-2.3594675064086914,0.6124337315559387,0.61301589012146,0.4386477647661962,0.44797945585399634,0.8567036986351013,0.8462326526641846,0.8412631116575747,0.7882702763128603,0.36750078201293945,0.37397658824920654,-0.527786049154184,-0.485283791933339,0.8612160682678223,0.869850754737854,0.8512781380706581,0.8401386192686104,0.719145655632019,0.7179334163665771,0.8597018204498041,0.8576010976778117,0.790605902671814,0.7955414056777954,0.6945616606907231,0.6769458788086299,0.2657923102378845,0.2757982611656189,-0.9290979447932948,-0.8685940830808713,0.7772833704948425,0.7878780961036682,0.6649928260203534,0.6601162805654227
253,10.541666666666666,253,10.541666666666666,0.0,0.019396251571830798,0.021250756203151606,0.5848119732110446,0.5894783372526113,0.0850060061497553,0.08757037812056992,0.08670304535180247,0.0887596060863612,0.09710879495217949,0.09335541132477608,0.12206947455074575,0.1145275990710799,0.082953732581235,0.08192671569462648,0.4886063188314438,0.4889577776193619,0.48950546979904175,0.4902889132499695,0.5011899024248123,0.4984814524650574,0.24172493070363998,0.24166040122509003,0.2995187044143677,0.2995072603225708,0.47793641686439514,0.48714789748191833,-166.93505859375003,-166.5491485595703,0.3877553641796112,0.11490917205810547,-2.377790927886963,-2.443284749984741,0.6128425002098083,0.6131361126899719,0.4409021391111325,0.4478707230660467,0.8564811944961548,0.8468010425567627,0.8408396052040695,0.7902551804234325,0.3679542541503906,0.37395185232162476,-0.526130905105954,-0.48644478950926484,0.8608078956604004,0.8704779148101807,0.8504502560801445,0.8422796690473082,0.7191410660743713,0.718275785446167,0.8606618760442708,0.85857344694898,0.7901890873908997,0.7951325178146362,0.6935887845343089,0.6767254646362824,0.2654287815093994,0.27589839696884155,-0.9309911689740592,-0.8694669175398926,0.777540922164917,0.7876278758049011,0.6654941471661594,0.6602357375015945
254,10.583333333333334,254,10.583333333333334,0.0,0.019694406179257093,0.02202282138058885,0.5859252082990921,0.590757538530299,0.08511602204096284,0.08738485367749962,0.08684909200189138,0.08854453249294633,0.0968580001976776,0.09333740477926687,0.12125092402311481,0.11451030346537419,0.08290354543609876,0.08192554828949986,0.48862631618976593,0.48897357285022736,0.4894849359989166,0.4903004467487335,0.5012159794569016,0.49867354333400726,0.24178888648748398,0.2417127788066864,0.29954859614372253,0.29959627985954285,0.4780433773994446,0.4868742674589157,-166.85795593261724,-166.37379455566406,0.3744712173938751,0.08459128439426422,-2.3231077194213867,-2.4342896938323975,0.6126874685287476,0.6135755181312561,0.44001825871523215,0.449163391620774,0.8568952083587646,0.8464754819869995,0.8411991259045107,0.7907160173381215,0.3682239055633545,0.37451642751693726,-0.5249677856178024,-0.48534266998154035,0.8609917759895325,0.8708793520927429,0.8502951070470188,0.8443769344820575,0.7192066311836243,0.7176507115364075,0.860487895045239,0.8560038043807214,0.7901332378387451,0.794565737247467,0.6929614597359304,0.6765732809868347,0.26548677682876587,0.2760319113731384,-0.9305083670489867,-0.8703285622722158,0.7774994969367981,0.7878847122192383,0.6649096174716045,0.6618825811542711
255,10.625,255,10.625,0.0,0.02162509723355075,0.022044767837787676,0.5861955767180018,0.5906788837061139,0.0851592169325128,0.08705581233941605,0.08734584592589877,0.08791034022597803,0.09542723162087224,0.09355009961141386,0.1211985898753566,0.11413012587185296,0.08267854718742783,0.0818277161936529,0.4885328859090805,0.4889666736125946,0.4892624616622925,0.4901334345340729,0.501025378704071,0.49891240894794464,0.24144499748945236,0.24165654927492142,0.2990378141403198,0.2992277443408966,0.4781498908996582,0.4865836054086685,-167.0508880615235,-166.64283752441406,0.5940619111061096,0.41742679476737976,-2.317471981048584,-2.354135274887085,0.6127340793609619,0.6134387850761414,0.4406272847830784,0.4483563021279198,0.8567474484443665,0.8463476896286011,0.8400105113954569,0.7922424177687747,0.36870211362838745,0.3750319480895996,-0.521940015961804,-0.48497636277408895,0.8612213730812073,0.8710022568702698,0.8499369983662388,0.8465346465301143,0.7190726399421692,0.7176620364189148,0.8600724214743887,0.8563771716216662,0.7898473739624023,0.7943251132965088,0.6915764693418375,0.6776826452410034,0.26532846689224243,0.27628371119499207,-0.9296902539613985,-0.8715632419935877,0.7780560255050659,0.7878896594047546,0.6654145027620094,0.6635110261876518
256,10.666666666666666,256,10.666666666666666,0.0,0.021478591427415695,0.022390963380783547,0.5867554690116861,0.5906721039872131,0.08533403896329679,0.08797341034442488,0.08793627066161061,0.08846941558785834,0.09503189161367048,0.09313333163469548,0.12109424379530029,0.11314961410870432,0.08265946121552147,0.08182876619958379,0.4884752333164215,0.4890894442796707,0.48917436599731445,0.49017956852912903,0.5010470300912857,0.49899280071258545,0.24129152297973633,0.24136224389076233,0.29873982071876526,0.29894131422042847,0.4781695604324341,0.4864927679300308,-167.15365600585943,-166.64768981933594,0.6310086846351624,0.6929045915603638,-2.290576696395874,-2.31392765045166,0.61257404088974,0.6129741668701172,0.4403529407572937,0.4462001117503673,0.8569405674934387,0.8465642929077148,0.8412403477132827,0.7928793763041777,0.368908166885376,0.3746204078197479,-0.5217367217543551,-0.4868776141070814,0.8611828088760376,0.8708493709564209,0.8506622531634176,0.8463552448498776,0.7189954519271851,0.7177708745002747,0.8605469455492625,0.8564452617428687,0.7899933457374573,0.7936879992485046,0.6925523461013499,0.676445501838849,0.2657160758972168,0.27648231387138367,-0.9291800882016868,-0.8710564493230747,0.7781277298927307,0.7889625430107117,0.6661991284237299,0.6660400225530149
257,10.708333333333334,257,10.708333333333334,0.0,0.020944773616569694,0.02219621485428449,0.5870623982736822,0.5913831370868415,0.08461486320716928,0.08821905729865849,0.08726684756028097,0.08893572827267798,0.09583074637956002,0.0918395451618982,0.12248618279973555,0.11160312456740412,0.08260575444505101,0.08165277254182737,0.4884336590766907,0.48930592834949493,0.48917317390441895,0.49027514457702637,0.5012124478816986,0.4992188364267349,0.24141506850719452,0.24118024110794067,0.2986309826374054,0.2988344132900238,0.47816960513591766,0.4862675964832306,-167.31027221679693,-166.58795166015625,0.6184748411178589,0.8098917007446289,-2.369741678237915,-2.2004988193511963,0.6123005151748657,0.6133409142494202,0.4384712286409098,0.4466056044907496,0.8571457862854004,0.8470017910003662,0.8414108972329467,0.7940801446402176,0.3682083487510681,0.37449824810028076,-0.5249751137192753,-0.4880818401196839,0.8612599968910217,0.8712332248687744,0.8505453542496945,0.8474205287887777,0.7190421223640442,0.7172747850418091,0.8597867199603204,0.8533406559189092,0.7902045249938965,0.793613851070404,0.6927864993767325,0.6765578700513755,0.26639288663864136,0.27662575244903564,-0.9268468165481867,-0.8710962919881182,0.7778316736221313,0.7895788550376892,0.6653160342343851,0.6676756784488582
