source_frame,source_time_s,candidate_frame,candidate_time_s,candidate_minus_source_sampling_ms,source_mouth_aperture,candidate_mouth_aperture,source_mouth_width,candidate_mouth_width,source_left_eye_aperture,candidate_left_eye_aperture,source_right_eye_aperture,candidate_right_eye_aperture,source_left_brow_height,candidate_left_brow_height,source_right_brow_height,candidate_right_brow_height,source_interocular_width_fraction,candidate_interocular_width_fraction,source_face_center_x,candidate_face_center_x,source_nose_x,candidate_nose_x,source_shoulder_center_x,candidate_shoulder_center_x,source_face_center_y,candidate_face_center_y,source_nose_y,candidate_nose_y,source_shoulder_center_y,candidate_shoulder_center_y,source_head_pitch_deg,candidate_head_pitch_deg,source_head_yaw_deg,candidate_head_yaw_deg,source_head_roll_deg,candidate_head_roll_deg,source_left_wrist_x,candidate_left_wrist_x,source_left_wrist_body_relative_x,candidate_left_wrist_body_relative_x,source_left_wrist_y,candidate_left_wrist_y,source_left_wrist_body_relative_y,candidate_left_wrist_body_relative_y,source_right_wrist_x,candidate_right_wrist_x,source_right_wrist_body_relative_x,candidate_right_wrist_body_relative_x,source_right_wrist_y,candidate_right_wrist_y,source_right_wrist_body_relative_y,candidate_right_wrist_body_relative_y,source_left_elbow_x,candidate_left_elbow_x,source_left_elbow_body_relative_x,candidate_left_elbow_body_relative_x,source_left_elbow_y,candidate_left_elbow_y,source_left_elbow_body_relative_y,candidate_left_elbow_body_relative_y,source_right_elbow_x,candidate_right_elbow_x,source_right_elbow_body_relative_x,candidate_right_elbow_body_relative_x,source_right_elbow_y,candidate_right_elbow_y,source_right_elbow_body_relative_y,candidate_right_elbow_body_relative_y
0,0.0,0,0.0,0.0,0.017995271560430334,0.02474761912393674,0.5378168762738269,0.5512952549875584,0.08573191515883126,0.08533918968602508,0.08387454376761183,0.08455145887887744,0.09902570452093827,0.10312572370453084,0.1312987119092646,0.1296581687602868,0.08293467039021417,0.0824781611881918,0.48874378204345703,0.48915407061576843,0.4902178645133972,0.4913391172885895,0.49683400988578796,0.49740998446941376,0.23790379613637924,0.2376873418688774,0.29285886883735657,0.29206082224845886,0.4863748997449875,0.4760749638080597,-171.67840576171875,-171.602294921875,1.6975622177124023,-2.1082661151885986,-3.592177629470825,-3.1152098178863525,0.5887698531150818,0.5909767746925354,0.34951699766717836,0.3641501805065143,0.8645800948143005,0.8575624227523804,0.8087856819195163,0.8351444328821769,0.3824760615825653,0.37988513708114624,-0.434760212626026,-0.4573919260069104,0.8529149293899536,0.8624998331069946,0.7838399146602767,0.8459533092261637,0.7268236875534058,0.7250818610191345,0.874363021094415,0.8860703113159722,0.8090492486953735,0.7944668531417847,0.6900338672131291,0.697016920524006,0.2600647211074829,0.2642984986305237,-0.9001374006783228,-0.9072405865793682,0.7856230139732361,0.785910964012146,0.6399372438151394,0.6782865454947766
1,0.041666666666666664,1,0.041666666666666664,0.0,0.021323233959211273,0.022807154687367114,0.5239851142935196,0.5382747119869072,0.08689795276955961,0.09237326100090959,0.08539394272964843,0.09213100696261041,0.09721959316684008,0.09521036339250023,0.1269224348629979,0.12232837217318271,0.08291307785456445,0.08314735217847095,0.48853346705436707,0.48833167552948,0.4900188744068146,0.4909379482269287,0.4985172003507614,0.4987926483154297,0.23739224672317505,0.2367655411362648,0.2919672131538391,0.2921651005744934,0.48640547692775726,0.4844227582216263,-171.86924743652344,-171.2123260498047,1.7512581348419192,-2.373631238937378,-3.3608469963073735,-3.5642893314361572,0.5970236659049988,0.5921172499656677,0.37151287560276225,0.36464663243823575,0.8646190166473389,0.8526235222816467,0.8023590066416797,0.8092510553981322,0.38750559091567993,0.38388893008232117,-0.4186754850503696,-0.4489625797211004,0.865863025188446,0.8685254454612732,0.8049981016302847,0.8442011407104892,0.725246787071228,0.7276788949966431,0.8551008329536298,0.8943258003557617,0.8199239373207092,0.8030669093132019,0.7075408796204357,0.7003329181719601,0.2646014094352722,0.2668660879135132,-0.8822032913571496,-0.9062051991445732,0.8039702773094177,0.7938543558120728,0.6736960764744413,0.6800850822861952
2,0.08333333333333333,2,0.08333333333333333,0.0,0.025291031444844812,0.027727146712238724,0.5235624053009731,0.5250334629305776,0.08603762937776015,0.08877899856308195,0.08505614349941673,0.08834517433991795,0.09928228841944277,0.09732222356457051,0.1278084579536348,0.12533383600799536,0.0829340990675697,0.08298833315253767,0.4884869456291199,0.488324910402298,0.4899684190750122,0.4901457130908966,0.5002087652683258,0.49906928837299347,0.23599645495414734,0.2358931005001068,0.289944052696228,0.2904815673828125,0.48645780980587006,0.4866894334554672,-172.88319396972656,-172.57855224609375,1.111145257949829,-0.3010461926460266,-3.204195022583008,-3.3774752616882324,0.5994642972946167,0.5907530188560486,0.377593623722856,0.35782571515095796,0.8626473546028137,0.8516066074371338,0.8050061132235791,0.8011172842266879,0.38463684916496277,0.3846398890018463,-0.43966535377094695,-0.44659811995589405,0.8628058433532715,0.8672902584075928,0.8053452625028726,0.835548231214249,0.7222927212715149,0.7249528765678406,0.8448646035743301,0.881584508623632,0.8154081702232361,0.8042474985122681,0.7039192203654,0.6971479360282652,0.2638698220252991,0.26665085554122925,-0.8990942487953907,-0.9070888750285029,0.8043756484985352,0.792883574962616,0.680310782662938,0.6722002596201541
3,0.125,3,0.125,0.0,0.04485807830018765,0.04324859557057433,0.5054807271174919,0.5005225223052282,0.08479980486338788,0.08986562181943807,0.0840045500590404,0.08964307866336596,0.09621683796719095,0.09517540969439899,0.12485845005767417,0.12263953500502071,0.08361297232087593,0.08307458480088373,0.4884375035762787,0.4886554330587387,0.48998332023620605,0.49049514532089233,0.4997671991586685,0.5008169561624527,0.2349592000246048,0.2349053919315338,0.2874775528907776,0.28871163725852966,0.4842454493045807,0.4869902729988098,-174.45394897460938,-173.7366485595703,-0.04295307397842407,-2.5430760383605957,-3.3234169483184814,-3.233684539794922,0.6030219793319702,0.6030382513999939,0.3911736070837782,0.39654200093003783,0.8587863445281982,0.8495289087295532,0.798143809088048,0.7910877090466945,0.37619301676750183,0.38431644439697266,-0.4681522597525248,-0.45193465742635885,0.8567400574684143,0.8662725687026978,0.7937831868723927,0.8276236870191203,0.7239795923233032,0.7280064821243286,0.8494131742849258,0.8813250605553181,0.8179980516433716,0.7990989685058594,0.7112242660836513,0.6810456281564434,0.26120275259017944,0.2680719196796417,-0.9037849378935646,-0.9028762769925601,0.8023326396942139,0.7956808805465698,0.6778413919476529,0.6735870924128414
4,0.16666666666666666,4,0.16666666666666666,0.0,0.10809658666894258,0.07352408888278404,0.5186245495260869,0.5164645375313169,0.08455765967438145,0.08725337159933945,0.08237909749899201,0.08634230321160113,0.09711744745737685,0.09698479438041414,0.1248503630200838,0.12690695841270933,0.08318851905157594,0.08288772162575181,0.4882806986570358,0.48843373358249664,0.48982924222946167,0.4902992248535156,0.49995940923690796,0.4987041801214218,0.23422031104564667,0.2341083586215973,0.28770118951797485,0.2879478335380554,0.4831451177597046,0.48611217737197876,-174.0761260986328,-174.04684448242188,-1.093118667602539,-1.980435848236084,-3.3834846019744873,-3.5789601802825928,0.5970622301101685,0.595869779586792,0.36877527532552995,0.37785038314045094,0.8660017251968384,0.8531466126441956,0.8178781818160088,0.8028541767918584,0.37585368752479553,0.378343403339386,-0.4713263866308635,-0.4680500699054815,0.8615237474441528,0.8649258017539978,0.8083120930207923,0.828620073032662,0.7223639488220215,0.7261132001876831,0.8446437969726719,0.8843313460156808,0.8123733401298523,0.7956194877624512,0.7033144385756168,0.6770188653015868,0.26524606347084045,0.2663934528827667,-0.8913899506630417,-0.9033927416466663,0.7981009483337402,0.7968032360076904,0.6728250134863903,0.6796082060599151
5,0.20833333333333334,5,0.20833333333333334,0.0,0.13389038006191864,0.0865064471022813,0.5380982120225052,0.5261428677009407,0.08366949587694587,0.08596330817036074,0.08151931254216817,0.08494445652720496,0.0956516181749108,0.09600872242840301,0.12279419062528295,0.12521879664103996,0.08361808135258147,0.08299669991154443,0.48805175721645355,0.48835916817188263,0.4904269874095917,0.4908001720905304,0.4998147487640381,0.49933598935604095,0.23365923762321472,0.23393088579177856,0.28706252574920654,0.28755903244018555,0.48348717391490936,0.48454520106315613,-174.14682006835938,-174.18655395507812,-4.439316749572754,-4.892155647277832,-3.7781124114990234,-3.8083069324493413,0.5963609218597412,0.5962716341018677,0.36809607742816797,0.37609350900287103,0.8631553649902344,0.8546593189239502,0.8142408098641514,0.8077379966528313,0.38061192631721497,0.38173389434814453,-0.4544777897881775,-0.4562757558747548,0.8658977746963501,0.8674682378768921,0.8201222135544699,0.8356922141091596,0.7249932885169983,0.7282499670982361,0.8585253516149612,0.8881465778105713,0.8133048415184021,0.8041427135467529,0.7073307985490249,0.6974904279815219,0.2664514183998108,0.26900720596313477,-0.8897310350923564,-0.8936357786419912,0.8013150691986084,0.8001598715782166,0.6816173936516978,0.6887982634911624
6,0.25,6,0.25,0.0,0.028368170117054534,0.03379295786943956,0.549935900552864,0.5319035519072294,0.08746232866354554,0.08768645617428054,0.08702224451807347,0.08797676165120498,0.09779850439099282,0.09792440734877983,0.12396426648797464,0.12466816187798184,0.0835327704395582,0.08347441734345173,0.4882381856441498,0.4887439161539078,0.48956477642059326,0.49037298560142517,0.49918052554130554,0.4998227208852768,0.23455150425434113,0.23454445600509644,0.29070180654525757,0.2898731827735901,0.4844663143157959,0.4858851432800293,-171.99258422851562,-173.1509552001953,0.525322675704956,-0.8925250172615051,-3.092733383178711,-3.152250289916992,0.6008725166320801,0.5957714319229126,0.38627516611921947,0.3720097059636189,0.8612447381019592,0.8525335192680359,0.8050420933431743,0.7996269423622825,0.3840341866016388,0.38126304745674133,-0.437381260066357,-0.4596763080432823,0.8655416965484619,0.8693991899490356,0.8142231722065023,0.8364094445108211,0.7230132818222046,0.7281649112701416,0.8502246262259562,0.8853220661905759,0.8078254461288452,0.8063933849334717,0.6909039794809197,0.6989994830459499,0.26691120862960815,0.27088192105293274,-0.8822707473037461,-0.8876429782917968,0.8042163252830505,0.8051055669784546,0.6831925660416087,0.6961908685773474
7,0.2916666666666667,7,0.2916666666666667,0.0,0.021998623469686618,0.0288306102746296,0.5502010396712478,0.5472162906578638,0.08714672295478114,0.0906028447490375,0.08691331613345606,0.09008018337447113,0.09787036840216144,0.09862393922981273,0.12555457493849628,0.12395458484195995,0.08310205633257285,0.08326793277538289,0.48857150971889496,0.48861953616142273,0.48924949765205383,0.49005794525146484,0.49888041615486145,0.4998113065958023,0.23644627630710602,0.23623499274253845,0.2918001711368561,0.2912292778491974,0.48374535143375397,0.48632100224494934,-171.75328063964844,-172.34652709960938,2.251997470855713,-0.1299467533826828,-2.7436158657073975,-2.9498422145843506,0.6025674939155579,0.5951939821243286,0.3945736226533277,0.3672923411531531,0.860224723815918,0.8499997854232788,0.8058739678615685,0.7877399372122786,0.38608798384666443,0.38336196541786194,-0.42922338622022155,-0.44841425248337047,0.867720901966095,0.8719251751899719,0.8219199328541688,0.8352310363828908,0.7227165102958679,0.7266584634780884,0.851791953763275,0.8735257516477718,0.8025283217430115,0.7989908456802368,0.6823717739017052,0.6772529337107691,0.26808667182922363,0.27145224809646606,-0.8782687847994489,-0.8793476672256538,0.8035245537757874,0.8042846322059631,0.6845042611508312,0.688719445529101
8,0.3333333333333333,8,0.3333333333333333,0.0,0.029631875026905004,0.033406822320422615,0.5542572918497565,0.5419060827236007,0.08574466380458168,0.08744280409966607,0.08585397076962745,0.08708370069265939,0.09775886986638203,0.09821946763409131,0.12539380321098503,0.124797050052868,0.08327297573498109,0.08355007234762313,0.48834751546382904,0.4886781573295593,0.48912036418914795,0.4897952377796173,0.49903902411460876,0.5012865662574768,0.2376391589641571,0.23783862590789795,0.29376164078712463,0.2943410277366638,0.482285276055336,0.4847288280725479,-171.6405029296875,-171.3462371826172,2.1206116676330566,1.1625515222549438,-2.8018553256988525,-2.8841865062713623,0.6029162406921387,0.5971655249595642,0.39545576202223287,0.36817307024591217,0.8587149977684021,0.8478797078132629,0.806090934910869,0.7844013597320637,0.3863392174243927,0.38473981618881226,-0.42904295477703785,-0.44753692969580633,0.8645222187042236,0.867255687713623,0.8185265846042228,0.8262532340572344,0.723929226398468,0.7254388332366943,0.8561466050557938,0.8607397228076404,0.802797257900238,0.7874090671539307,0.6863480437191117,0.6537855319777265,0.268032431602478,0.27192485332489014,-0.8794314199385758,-0.8807438794745016,0.8041027784347534,0.8014258742332458,0.689143700404837,0.6840616600156566
9,0.375,9,0.375,0.0,0.030438865199512936,0.03469955502763658,0.552767829194003,0.5511808270923164,0.08353052986231033,0.08341667225818311,0.08394674770477796,0.08378719579771209,0.10450355730402182,0.09715589060974211,0.1331656193204505,0.12552644412851469,0.08317051321460793,0.08396009571760413,0.48857732117176056,0.488497257232666,0.48941144347190857,0.4900839030742645,0.49836549162864685,0.5011418461799622,0.240033358335495,0.2399531826376915,0.29793819785118103,0.2982812225818634,0.48401854932308197,0.4853765219449997,-170.52731323242188,-170.03009033203125,2.475348472595215,0.19338005781173706,-2.8354945182800293,-3.236651659011841,0.6036087870597839,0.5984256267547607,0.40122470302179947,0.37419073042791307,0.8576555252075195,0.8478496074676514,0.8012454954123348,0.7842434078406441,0.3864416480064392,0.3780335783958435,-0.4266933179393069,-0.4735216124586743,0.8630365133285522,0.8616296648979187,0.8127847508156284,0.8140578123605551,0.7236117124557495,0.7243128418922424,0.8587183410393185,0.8584012401912734,0.8037543296813965,0.7874376773834229,0.6856571224724916,0.653536715907443,0.2685449719429016,0.2698320150375366,-0.8761571877950505,-0.889706322666939,0.8038281202316284,0.7997578382492065,0.685815362555228,0.6801925017531574
10,0.4166666666666667,10,0.4166666666666667,0.0,0.025763887895755382,0.028353161080219912,0.5504913262004479,0.5527304366672615,0.08410216244936962,0.08220627281531846,0.08259376668484653,0.08167701921485052,0.09879582375890789,0.0982928456751193,0.12678618174177575,0.12635932215904197,0.08387755161552383,0.08475505429198842,0.4877733886241913,0.488110214471817,0.48942527174949646,0.49009397625923157,0.49824661016464233,0.5004273951053619,0.24469232559204102,0.2447800636291504,0.30277079343795776,0.30205038189888,0.48429493606090546,0.4844807982444763,-168.82260131835938,-169.94512939453125,1.5970231294631958,-0.37311023473739624,-3.479512929916382,-3.479543685913086,0.6051297187805176,0.5985828638076782,0.4090130072101672,0.3775161788398919,0.8552298545837402,0.8491220474243164,0.7984510346285305,0.7888771734521086,0.3845841884613037,0.3785310387611389,-0.4349556212361855,-0.46882611096421734,0.8620713353157043,0.8632301688194275,0.8131775731560476,0.8193991589760377,0.724053144454956,0.7237477898597717,0.8641010804589299,0.8589135500986258,0.8043752312660217,0.7862717509269714,0.688984590311623,0.6529047228229722,0.2680596709251404,0.26940658688545227,-0.8808637160546509,-0.8885301441143819,0.8030676245689392,0.801190972328186,0.6861699188745675,0.6851814694487817
11,0.4583333333333333,11,0.4583333333333333,0.0,0.030883036088212842,0.03062401259078988,0.5539631695333842,0.5641387408099738,0.08364228243633097,0.08609192282264025,0.08431704147194052,0.0863516464792148,0.10197165192942512,0.09692020548759071,0.13219097301687047,0.12459862590985316,0.08384504591229049,0.0847647132763755,0.48822812736034393,0.488185316324234,0.4890572726726532,0.48999422788619995,0.4986235797405243,0.5000450760126114,0.24712292850017548,0.24657978862524033,0.3062130808830261,0.3048616051673889,0.48468056321144104,0.4849972277879715,-168.63621520996094,-169.67616271972656,2.797680139541626,-0.29866284132003784,-3.0568156242370605,-3.2936649322509766,0.6036357879638672,0.5980806350708008,0.40123565030178016,0.37783896722897836,0.8550578355789185,0.8487451076507568,0.7960247636003994,0.7885806443695441,0.38273340463638306,0.37883850932121277,-0.44279870462871646,-0.46714237588899366,0.8623542189598083,0.8642081022262573,0.8117063463789133,0.8221033640918715,0.7243940830230713,0.7236251831054688,0.8626346996805324,0.861700362281484,0.8052700757980347,0.78652024269104,0.6890195754676636,0.6536813725875299,0.2691779136657715,0.27043265104293823,-0.876676936843657,-0.8849495259366851,0.8047234416007996,0.8027547597885132,0.687844734595683,0.6888767006223849
12,0.5,12,0.5,0.0,0.07197253913447056,0.06040758708292885,0.5687656665831009,0.5696139825501833,0.08717502401844142,0.09157008038385457,0.08754851188747138,0.091215844222819,0.09591230181730004,0.08991356944788041,0.1265256802319757,0.11774496012280186,0.08372709445298031,0.08440663708868346,0.48806940019130707,0.4881761223077774,0.4894833564758301,0.4895612597465515,0.49830397963523865,0.49980005621910095,0.24773332476615906,0.24712100625038147,0.30667635798454285,0.3051382005214691,0.48340678215026855,0.48616519570350647,-168.8133544921875,-170.212158203125,0.35586744546890264,0.17204760015010834,-3.332021713256836,-3.255976438522339,0.6015902161598206,0.5968900918960571,0.39566106824453084,0.3734400507301465,0.8553413152694702,0.8506922721862793,0.8014379364473415,0.78867586724127,0.3829939663410187,0.3777067959308624,-0.441720838849848,-0.4696106350970309,0.8630760908126831,0.8638820648193359,0.818104693627023,0.8172127628924222,0.7238049507141113,0.7223964929580688,0.8638319887472246,0.8561787422216351,0.8055658340454102,0.79018235206604,0.6941826121747253,0.6577590799672114,0.27001455426216125,0.2700755298137665,-0.8745137876191731,-0.8835957078047342,0.8071321249008179,0.8027719259262085,0.6975576279349102,0.6849973668406301
13,0.5416666666666666,13,0.5416666666666666,0.0,0.05121051129888038,0.05660640478457775,0.5459580168186797,0.5517849887810901,0.08623680046094412,0.09188074951214618,0.0865545593175196,0.09161225848053937,0.09652322619251781,0.0888468810052337,0.12863482636801182,0.11896821782378778,0.08367416285353262,0.08425386728197044,0.4878583252429962,0.4880858361721039,0.4890652894973755,0.48967304825782776,0.4986822009086609,0.5001115947961807,0.24785636365413666,0.24678152799606323,0.3068014085292816,0.30522772669792175,0.4826623499393463,0.48643817007541656,-168.92782592773438,-169.8612518310547,1.8006805181503296,0.037010446190834045,-3.328742504119873,-3.4948315620422363,0.6015686988830566,0.596807599067688,0.3936802833784023,0.3717383199070567,0.8569777011871338,0.8507760763168335,0.8056482070532986,0.7878720399857112,0.382199227809906,0.3778837323188782,-0.4457052262551358,-0.4698930486885875,0.8628811240196228,0.8634680509567261,0.8183542903186998,0.8153181326916212,0.724191427230835,0.7224675416946411,0.8628783938690487,0.8548256646601963,0.8071074485778809,0.7916480302810669,0.6983112264405453,0.6600090494691544,0.2698374390602112,0.2700023651123047,-0.8756413374724913,-0.8846324011239076,0.8072746992111206,0.8034464716911316,0.6986712041233973,0.6855228978586768
14,0.5833333333333334,14,0.5833333333333334,0.0,0.03510139132450851,0.033729804365639354,0.513706474880979,0.5086901793581987,0.09085697333728147,0.09608707132116678,0.09019580971983301,0.0947340501865774,0.09397305768689222,0.08818815967082598,0.12588614783987134,0.11657951142377497,0.08287877842614665,0.08371879685930068,0.4879981279373169,0.48835499584674835,0.48938024044036865,0.49004289507865906,0.498904824256897,0.5006239712238312,0.24730418622493744,0.2467610016465187,0.30758824944496155,0.30558958649635315,0.4824358820915222,0.4859791547060013,-168.0101776123047,-169.7802276611328,3.549717664718628,1.2886186838150024,-3.365033388137818,-3.3125123977661133,0.60153728723526,0.5967646241188049,0.3926372214262874,0.3691422609956976,0.8569167852401733,0.8500524163246155,0.8058587368479714,0.7863176282846135,0.3821204602718353,0.3774801194667816,-0.4467776262058302,-0.4728239147176918,0.8634020686149597,0.8637959957122803,0.8198146481496271,0.8160007165185705,0.7241683006286621,0.7220575213432312,0.8617821582444373,0.8502176643284773,0.8068177700042725,0.7907365560531616,0.698048889147128,0.6582085044204992,0.26915794610977173,0.270238995552063,-0.8789341427582085,-0.8845876146880364,0.8064121007919312,0.8029913306236267,0.6971759151816018,0.6846761039156389
15,0.625,15,0.625,0.0,0.03011282281846266,0.03206559722921721,0.49852690747488654,0.5000436514576596,0.09116656694695986,0.09135618948293633,0.09032614400588933,0.09116283926897524,0.09594652839610332,0.09004739057195102,0.1297270403357932,0.1197127623493114,0.08274535065747282,0.08343032486700923,0.4878944009542465,0.4883112460374832,0.489430695772171,0.49001118540763855,0.4986182451248169,0.5006001144647598,0.2470293641090393,0.24627161771059036,0.3067026436328888,0.3058161437511444,0.4812925457954407,0.48632317781448364,-168.68017578125,-169.37640380859378,3.4319992065429688,1.5713351964950562,-3.5636069774627686,-3.2947230339050293,0.6005491018295288,0.5971227288246155,0.3920535040012694,0.37039053941475014,0.8581722974777222,0.8504887223243713,0.8153892796171972,0.78605364935497,0.382526159286499,0.37736961245536804,-0.4465214019693871,-0.47287790964137466,0.8639062643051147,0.8649692535400391,0.8277948680306549,0.8173099682963825,0.7242350578308105,0.7219312191009521,0.8677829740922213,0.849323733916156,0.8056226968765259,0.7915437817573547,0.7016968331880161,0.6588206193711101,0.2703232765197754,0.2703040838241577,-0.878083882359137,-0.8837252449051465,0.8049850463867188,0.8038497567176819,0.7003172595409561,0.6853831447727229
16,0.6666666666666666,16,0.6666666666666666,0.0,0.02960030682652821,0.03203669388030603,0.49380827285172185,0.49879861382355367,0.09288911055220668,0.0909184354144406,0.0908036553990504,0.08996569115402835,0.09574848803136554,0.09066946440150417,0.12991162440543497,0.12072416517760026,0.08275314491221056,0.08327798632866466,0.48795372247695923,0.4882124811410904,0.4897395968437195,0.49026161432266235,0.49902093410491943,0.5005686283111572,0.2465716227889061,0.2459697723388672,0.30582284927368164,0.30505529046058655,0.4816496968269348,0.4866524934768677,-169.0734100341797,-170.08416748046875,3.6035213470458984,0.8058805465698243,-3.753368616104126,-3.558267593383789,0.6007653474807739,0.5955991744995117,0.38873873152585636,0.3645013495592157,0.8601549863815308,0.85271817445755,0.8134703366608824,0.7898005962753469,0.3832164704799652,0.3773508071899414,-0.44245849772897966,-0.47261710986496536,0.8662694096565247,0.8650855422019958,0.8266112414177206,0.8164836614366375,0.7245052456855774,0.721342146396637,0.8615164445348081,0.8468039858425516,0.807153046131134,0.7919761538505554,0.6995604194972249,0.6587473820929843,0.26966947317123413,0.27016782760620117,-0.8762918084514834,-0.8837306125761474,0.8056873083114624,0.8041957020759583,0.6964103070139147,0.6851115210332523
17,0.7083333333333334,17,0.7083333333333334,0.0,0.029981144603553517,0.0329037172848323,0.4952169185972264,0.49799133648375665,0.09182689731068007,0.09059520060606538,0.09018055606322226,0.08923784868315818,0.09504712869309291,0.09087522360057435,0.1290763037204508,0.12124419464083525,0.08252495314765859,0.08313545416674674,0.48787495493888855,0.4880916625261307,0.48962628841400146,0.4901646375656128,0.49965304136276245,0.5005726516246796,0.24619122594594955,0.24582482874393463,0.30545106530189514,0.3044072091579437,0.48296143114566803,0.48696354031562805,-169.11495971679688,-170.51158142089844,3.68801498413086,0.8633328080177307,-3.668241262435913,-3.6278123855590816,0.6014048457145691,0.5954883694648743,0.38655701074788706,0.3634007054355408,0.8616260290145874,0.8534743189811707,0.809186569003918,0.7893269068915605,0.3833375573158264,0.3772996664047241,-0.4418847027166139,-0.47197124785486333,0.8683847188949585,0.8655599355697632,0.8236295380748007,0.8153547972430645,0.7249519228935242,0.7210661172866821,0.8559146712352846,0.844196122505294,0.8090282678604126,0.7921715378761292,0.6967878865678918,0.6573036829916463,0.2697392702102661,0.2699906527996063,-0.8734467233543929,-0.8828217595619753,0.8056572079658508,0.8039977550506592,0.6895841067444306,0.6827729241871912
18,0.75,18,0.75,0.0,0.028982678857615397,0.03281047135671619,0.49988591470813676,0.5038630818568566,0.08978080681029876,0.09136490233119116,0.0882625728435991,0.09033160071801369,0.0962246147191333,0.09089118460506376,0.12876525042048292,0.11945360696888102,0.08254776937793398,0.08307622106822785,0.48807424306869507,0.48814065754413605,0.4893034100532532,0.48977455496788025,0.49914315342903137,0.5002206712961197,0.24576808512210846,0.245448999106884,0.30525749921798706,0.30421361327171326,0.48275940120220184,0.48664791882038116,-168.73248291015625,-170.14407348632812,4.763571262359619,1.7086901664733887,-3.221491813659668,-3.212942361831665,0.6021774411201477,0.594592273235321,0.39176282576867855,0.3616648172952799,0.8618512749671936,0.8536049127578735,0.8107901282071777,0.791047626460612,0.3850877285003662,0.37745675444602966,-0.4336680202832499,-0.47047404776115725,0.869211733341217,0.8662232160568237,0.8265324519068876,0.8182488490548185,0.724084734916687,0.7204226851463318,0.8552856682104041,0.8438907411839534,0.8089039921760559,0.7912653684616089,0.6975480959364965,0.6566625367500819,0.26927822828292847,0.27036750316619873,-0.874005485342016,-0.8808773227141493,0.8057608604431152,0.803488552570343,0.6908256617270445,0.6830120025914449
19,0.7916666666666666,19,0.7916666666666666,0.0,0.03893196900956414,0.040216740110901025,0.5217580754869512,0.5315235498484531,0.08734571204405904,0.09157671848424426,0.08667487102620568,0.0911757635274042,0.09556237621013212,0.08963746303165097,0.1257673982808369,0.11581507262261977,0.0831496397067553,0.08380971539119456,0.48805880546569824,0.4882362633943558,0.4889713525772095,0.48950985074043274,0.49897804856300354,0.5000534057617188,0.24525237828493118,0.2449050396680832,0.30418941378593445,0.3031085729598999,0.4839325547218323,0.48684751987457275,-169.20762634277347,-170.32646179199222,4.14659309387207,1.2042677402496338,-2.943701028823853,-2.9327850341796875,0.6028446555137634,0.5939316153526306,0.3970517906453191,0.3599096573131283,0.8619179725646973,0.8541824221611023,0.8127720993447478,0.7921609380886184,0.38586270809173584,0.3776618242263794,-0.43240700550527794,-0.46922403356806414,0.868834912776947,0.8666266202926636,0.8276454139012619,0.8189969604875161,0.7251688241958618,0.7204660773277283,0.864661464632767,0.8450166384348388,0.8073059320449829,0.7911189794540405,0.6953412654358028,0.6561640708621093,0.2678047716617584,0.27040812373161316,-0.8837081159924618,-0.8804125591998222,0.8043092489242554,0.8027076721191406,0.6888975765628177,0.6811551882203114
20,0.8333333333333334,20,0.8333333333333334,0.0,0.08105606012982419,0.06960748329006425,0.5637067887476767,0.5591999564356805,0.08714088446177752,0.08911334243252833,0.08690448487910742,0.08880366929906716,0.08931483813477537,0.08813537937873399,0.11507557576541365,0.11084497098252404,0.08360709006967551,0.08418224813191402,0.48828719556331635,0.48833848536014557,0.4892233610153198,0.4892597198486328,0.4985117018222809,0.5001580268144608,0.2436327338218689,0.2438945695757866,0.3030485212802887,0.3024848699569702,0.48437638580799103,0.4873598664999008,-169.08360290527347,-170.3412628173828,1.072380542755127,0.47152838110923767,-2.8728206157684326,-2.652701854705811,0.6031088829040527,0.5941033959388733,0.40008649197258517,0.3602007629979539,0.862150251865387,0.8546767234802246,0.8128087041878459,0.7921959860921675,0.3870483636856079,0.3782973289489746,-0.42634969200357464,-0.46723235812168323,0.869580090045929,0.8665127754211426,0.8287945562714683,0.8177229192034238,0.7253021597862244,0.7206470370292664,0.8674784329867825,0.845388234164685,0.8074058294296265,0.7900618314743042,0.6950219882196162,0.6528403940028804,0.2684769332408905,0.27021461725234985,-0.8798879916419913,-0.8816378320993827,0.8040027022361755,0.8018768429756165,0.6876999057442895,0.6783219489849153
21,0.875,21,0.875,0.0,0.08423902664618325,0.07292141396359528,0.5714187775032664,0.570221015499155,0.08601523480282587,0.08483142397619049,0.08635383373778827,0.08561666083078953,0.08975473464414127,0.09111008395625622,0.11728864968339964,0.11623942695438039,0.08464762001547052,0.08393229544128523,0.48814384639263153,0.4879502207040787,0.4893350601196289,0.48976653814315796,0.49853822588920593,0.5002639591693878,0.2420375496149063,0.24272727966308594,0.3006611168384552,0.29939740896224976,0.48461318016052246,0.4881448745727539,-169.16615295410156,-171.31227111816406,0.112837091088295,-2.0610361099243164,-3.1228158473968506,-3.197169065475464,0.6028563380241394,0.5924978256225586,0.40041321888838793,0.35468881653495693,0.8634914755821228,0.8556132316589355,0.8180332210457232,0.7948763123223693,0.38755515217781067,0.3778206706047058,-0.4259959165041819,-0.4708602900834186,0.8685232400894165,0.8666946887969971,0.8288972651917852,0.8188467783916286,0.7260185480117798,0.720809817314148,0.873157365971587,0.8481174261166655,0.8086730241775513,0.7907028794288635,0.6996751231628126,0.654467756273324,0.26952219009399414,0.26994583010673523,-0.8790520283879897,-0.8856970629682344,0.8032954931259155,0.8006093502044678,0.6880645371234408,0.6758965917264808
22,0.9166666666666666,22,0.9166666666666666,0.0,0.06575573938471858,0.056211914290807866,0.560614557374854,0.5498769909085737,0.07923097891309133,0.08653201206893829,0.07831587857640313,0.08604691161377503,0.10518269208972535,0.09738036523104159,0.12830336563474914,0.11914570224963351,0.08360124799184362,0.08387087810144549,0.4886174350976944,0.4884578287601471,0.48925042152404785,0.48969459533691406,0.4984618127346039,0.5006209909915924,0.23936571925878525,0.23977769911289215,0.2938031852245331,0.2941448986530304,0.4840201437473297,0.4870088994503021,-172.4695587158203,-172.61065673828125,1.0028927326202393,-0.5840232372283936,-2.5770545005798344,-2.707195281982422,0.6023543477058411,0.5903639197349548,0.40024573611187486,0.3447244864166615,0.8633237481117249,0.8554428815841675,0.8219622404936886,0.7960752127158707,0.38971754908561707,0.37848013639450073,-0.4189370089408477,-0.4691728246565468,0.8677824139595032,0.8669877052307129,0.8316243025666125,0.8210201102710901,0.7265781760215759,0.7207794785499573,0.8788177299575495,0.8456824689871687,0.8070390224456787,0.7912740707397461,0.6999915587450638,0.6574256792313702,0.26967957615852356,0.2703295946121216,-0.8813830051703466,-0.8846054441805871,0.8040773868560791,0.7994565367698669,0.6935736059580545,0.675105531528768
23,0.9583333333333334,23,0.9583333333333334,0.0,0.0506694233079136,0.04406450403801642,0.55031085389457,0.5404613075419403,0.05746290502070384,0.057540366970108975,0.056873189326154226,0.05690453194189673,0.13134670515192753,0.13618328204338956,0.14968893860788016,0.15849684099529304,0.08243379404411898,0.08256905033845095,0.48946452140808105,0.4897151589393616,0.4896849989891052,0.4902636706829071,0.49772055447101593,0.5008637309074402,0.23929230868816376,0.24088501930236816,0.289294570684433,0.29065683484077454,0.48378419876098633,0.48700618743896484,-175.40255737304688,-175.3817596435547,1.2199796438217163,0.8276743292808533,-1.9610754251480103,-2.3643064498901367,0.6052699685096741,0.5895238518714905,0.4146887705865969,0.34075391921126225,0.8608978986740112,0.8558042645454407,0.8179166768802373,0.7973035813947609,0.38692712783813477,0.3811112940311432,-0.42719702650310276,-0.46025328814116395,0.8593168258666992,0.8702649474143982,0.8144875099824009,0.828566093204184,0.7279306054115295,0.7206227779388428,0.8876433577488836,0.8446159980815527,0.8055832982063293,0.7919062376022339,0.6979456065958142,0.6591626070014237,0.26797741651535034,0.2703295648097992,-0.885843035790942,-0.8860288002733917,0.8051677942276001,0.7981712222099304,0.6970444257753053,0.6727068605514696
24,1.0,24,1.0,0.0,0.042027376562820865,0.04464604230355249,0.5480310687143835,0.5373547173121969,0.05374750186778511,0.05216774675001021,0.05410160351480367,0.05239245196004996,0.1379726259407877,0.13996624292398635,0.1541349943249677,0.15859663349727818,0.0817048385222474,0.083163562752714,0.490303635597229,0.49036428332328796,0.4903046786785126,0.490767240524292,0.4974786341190338,0.5004209727048874,0.23786161839962006,0.23881710320711136,0.28536903858184814,0.2856212556362152,0.484226256608963,0.48639634251594543,-176.86892700195312,-177.3231658935547,1.1031736135482788,0.5514606833457947,-1.5232269763946533,-1.8280301094055176,0.6026362180709839,0.6039450764656067,0.40340470015383273,0.3991355775499329,0.8574658036231995,0.8524054884910583,0.805397978094632,0.7937677066522487,0.3789318799972534,0.38347098231315613,-0.4547681299197453,-0.4508988753706495,0.85546875,0.861751914024353,0.8010886197666142,0.8140373934689377,0.728698194026947,0.7200534343719482,0.8870026652283425,0.8467895519174571,0.8077208399772644,0.7859750986099243,0.6980554055796704,0.6496994536923952,0.26471230387687683,0.2707379460334778,-0.8929363734730809,-0.8855393495200131,0.8043032884597778,0.798475444316864,0.6906808143707894,0.6768090788295563
25,1.0416666666666667,25,1.0416666666666667,0.0,0.04026445514292605,0.042511631362164834,0.5423851683847022,0.5395463472361623,0.05364534131302163,0.05146793636188084,0.053405547811956285,0.05118719309253545,0.1390061846063704,0.13969141635240073,0.14949908047478994,0.1544094025315511,0.08132116408752368,0.0825872804493476,0.49141527712345123,0.49105939269065857,0.4909646213054657,0.49111950397491455,0.49837635457515717,0.4999840706586838,0.23497682809829712,0.2363440990447998,0.28204819560050964,0.28243449330329895,0.4829728752374649,0.4875824749469757,-176.8668975830078,-177.5706329345703,1.742998719215393,0.8784001469612122,-0.763439953327179,-1.2874609231948853,0.607518196105957,0.5998637080192566,0.4199680287252672,0.3840740474489022,0.8588442206382751,0.8506534099578857,0.8135545863497461,0.7853296883450211,0.38130781054496765,0.38001400232315063,-0.4504692698283036,-0.4613291651431097,0.850986897945404,0.8591682314872742,0.7965478073243358,0.8037474174804783,0.7292335629463196,0.720439076423645,0.8883178564409256,0.8477308146289224,0.8078492283821106,0.7906402945518494,0.7031784953321332,0.6555201203689448,0.2652347683906555,0.2702016234397888,-0.8971079376203887,-0.8835982675575125,0.8032143712043762,0.8004102110862732,0.6931465805289417,0.6766526450831728
26,1.0833333333333333,26,1.0833333333333333,0.0,0.040794851535284504,0.04042878752581181,0.5438519642815661,0.5407171388884472,0.05979177009451263,0.05655221984848738,0.058543144195891884,0.055397650307411436,0.1326959638342702,0.13462391013070685,0.13343093448008292,0.13646517014665052,0.08167835117847945,0.0824233065996985,0.49278677999973297,0.4930834323167801,0.4924379289150238,0.49300745129585266,0.49824096262454987,0.5005861967802048,0.23092973977327347,0.2316882088780403,0.27758485078811646,0.27731043100357056,0.48161526024341583,0.4880015552043915,-177.23182678222656,-178.1351318359375,0.6992422342300415,0.3811170160770417,0.10791563242673874,-0.11230501532554625,0.602522611618042,0.6066717505455017,0.4008566717043517,0.40757381958175354,0.8628514409065247,0.8484760522842407,0.824323845506406,0.7790173012477365,0.37834370136260986,0.37835174798965454,-0.4608827877177866,-0.4696168272661829,0.8485177159309387,0.8520709872245789,0.793330902308427,0.7867862739159002,0.7278302907943726,0.7203944325447083,0.8825370027926651,0.844488990690188,0.8072967529296875,0.7941044569015503,0.7042013168699041,0.6615154700705508,0.2649844288825989,0.26906818151474,-0.8966336711354408,-0.8894772043373147,0.8019812107086182,0.8020466566085815,0.6927078426749782,0.6786792667659145
27,1.125,27,1.125,0.0,0.03940983516561013,0.04146953879432308,0.5580573685233545,0.5523694357853998,0.07057891309650108,0.07104252353119196,0.06896995033617652,0.0702338351855608,0.1341002942009283,0.13113425601881126,0.12709046922046438,0.1269694960853929,0.08162455664633715,0.08211518473317495,0.49384427070617676,0.4939858019351959,0.4940534234046936,0.49431875348091125,0.4988274872303009,0.5003799349069595,0.22919879108667374,0.23000206798315048,0.27737608551979065,0.2775525152683258,0.4828384518623352,0.4887791574001312,-176.04473876953125,-176.6246795654297,-1.89988911151886,-1.8091636896133423,0.48911288380622864,0.24773702025413513,0.6018010377883911,0.6085401177406311,0.3953390668575247,0.41690021782820347,0.8543317317962646,0.845834493637085,0.802264424051439,0.7741458039284748,0.37638238072395325,0.3786627948284149,-0.47009483391739315,-0.4691551075704544,0.8436999917030334,0.852708637714386,0.7793044748322292,0.7890499077268586,0.7280885577201843,0.7210025787353516,0.8801858067727549,0.8503834392674218,0.8131325840950012,0.7961514592170715,0.713292126873297,0.6664260509399275,0.26457101106643677,0.2695865035057068,-0.8993643143314725,-0.8895864384074158,0.8035038709640503,0.8009899854660034,0.6924982810310983,0.6769166511709309
28,1.1666666666666667,28,1.1666666666666667,0.0,0.037385093711148794,0.03774509132579799,0.5536537306539612,0.5423163959404063,0.07392256987594417,0.07467847560241622,0.07275047143588427,0.07351448478869972,0.12674310222110038,0.12841070015181397,0.12038305379738407,0.12133773658630334,0.08201287154038764,0.08276831313884411,0.49497511982917786,0.4954890161752701,0.49525222182273865,0.4954504072666168,0.4994460791349411,0.5001464039087296,0.22829046100378036,0.22890185564756393,0.27774056792259216,0.27789127826690674,0.4838031232357025,0.4888852685689926,-175.3279571533203,-175.68365478515625,-2.114924669265747,-1.2981491088867188,0.4306215047836304,0.5899291038513184,0.6032282114028931,0.6092323064804077,0.39618628024393393,0.4203706847630496,0.8549292683601379,0.8470601439476013,0.7969313656916727,0.7763926907053966,0.373953253030777,0.3770754933357239,-0.47906643354696976,-0.4742629591206081,0.8416253924369812,0.855053186416626,0.7683635157901816,0.7937186958945903,0.7266222238540649,0.7209465503692627,0.8672405333130802,0.8508698793815926,0.8115813136100769,0.7945881485939026,0.703848878152768,0.6626525138817817,0.2636135518550873,0.2703148126602173,-0.9002861061121574,-0.885673227389167,0.8020685911178589,0.8005023002624512,0.6834218965812396,0.6754722409001287
29,1.2083333333333333,29,1.2083333333333333,0.0,0.03789811289318383,0.03758513508788985,0.5474707219320695,0.5438715172501944,0.08179959943951778,0.08193423484654336,0.08080812814762221,0.08154183971500335,0.12407955802575979,0.12650505555031896,0.11233636511670096,0.11345507953227468,0.08250860617897422,0.08277610254928162,0.4965144395828247,0.49723803997039795,0.49684441089630127,0.4971659183502197,0.49963612854480743,0.5000550299882889,0.22797271609306335,0.22833534330129623,0.2782728672027588,0.2792598009109497,0.4838111400604248,0.48911435902118683,-174.94186401367188,-174.59399414062503,-3.2191355228424072,-2.698608636856079,0.9648014903068542,1.2925183773040771,0.6022212505340576,0.611362099647522,0.39121711056376124,0.4282256660177613,0.8581263422966003,0.8455182313919067,0.8029591555126078,0.771284999439277,0.3729134202003479,0.37384897470474243,-0.4832678544411999,-0.48554572719171385,0.8463325500488281,0.8566606044769287,0.7776597997637936,0.7953979395189353,0.7273390889167786,0.7210820317268372,0.8683646565519699,0.8503452235079787,0.8107119798660278,0.7962257266044617,0.7012486286919534,0.6646122821243555,0.26353132724761963,0.27015581727027893,-0.9004057933800186,-0.8844788007134667,0.8031750321388245,0.8008092641830444,0.6850808077057262,0.6745314049307708
30,1.25,30,1.25,0.0,0.0315499824715878,0.03549587348196362,0.5552219893162132,0.5467507702066747,0.0781465444700548,0.08164730596532976,0.07442614641164447,0.07834684175379193,0.1311172508734556,0.13028210052337874,0.10491491854314727,0.10348854132500193,0.08223994389113869,0.08290036952945425,0.49950575828552246,0.4999106079339981,0.4995141625404358,0.5002945065498352,0.4988619089126587,0.5009536147117615,0.23036035895347595,0.23031411319971085,0.2810854911804199,0.28081080317497253,0.48361505568027496,0.48828884959220886,-175.35047912597656,-175.718017578125,-3.7458496093750004,-4.876562118530273,2.1125071048736572,2.0326497554779053,0.6097731590270996,0.6114017367362976,0.4247534414871703,0.4271156801128457,0.8573585748672485,0.8511818051338196,0.8051142313108067,0.7893838630179169,0.3760908544063568,0.3742835223674774,-0.47017257368169335,-0.4898479181888387,0.8531490564346313,0.863434374332428,0.7960461324058735,0.8160362966300728,0.7278450131416321,0.7217268347740173,0.8769296303424156,0.8537556122198754,0.8072677850723267,0.7900200486183167,0.697209195768734,0.656341590110988,0.2645334005355835,0.2701336145401001,-0.8974007620418897,-0.8926076745339786,0.8040533065795898,0.7983458042144775,0.6902846010991734,0.6744522120304233
31,1.2916666666666667,31,1.2916666666666667,0.0,0.031473827566153675,0.033224267421377025,0.557055502287433,0.5484371393398725,0.08507778175243816,0.08372700877702759,0.08484124694288352,0.08248488771879973,0.13031263333692011,0.13373548518626707,0.10215156986451487,0.10182458804084628,0.08195947590140652,0.08251884321733924,0.5018838047981262,0.5023839473724365,0.502873957157135,0.5031861662864685,0.49881041049957275,0.5012093484401703,0.23067115247249603,0.23061124235391617,0.2829538583755493,0.2829616367816925,0.4837161600589752,0.48815561830997467,-173.880126953125,-174.33065795898438,-7.749750614166259,-7.90654182434082,2.232351541519165,2.552683115005493,0.6099242568016052,0.6044979691505432,0.4245715260737076,0.39820707654554716,0.8572779893875122,0.852604866027832,0.8029115470047045,0.7903438541702036,0.3777017295360565,0.370290070772171,-0.4627622857882593,-0.504731135579906,0.8590425252914429,0.8649279475212097,0.8067041353826897,0.8170676621728737,0.72789067029953,0.7222402095794678,0.8753270517902159,0.8521369772903288,0.8059540390968323,0.7944613695144653,0.6925989050510197,0.6642539927778119,0.2629348635673523,0.270060658454895,-0.9012921814646193,-0.8911440917046314,0.8027209639549255,0.7980132102966309,0.6856499258995985,0.6719565070531297
32,1.3333333333333333,32,1.3333333333333333,0.0,0.025784745172811242,0.033419823191062785,0.5465831052707485,0.5437682194830433,0.08337530122963306,0.08605632134636136,0.08092444765457724,0.0841241619192845,0.1369856771798054,0.13497071706433303,0.09933655742975692,0.09633089770440764,0.08278196735207767,0.08275801456206963,0.5039128065109253,0.5040985196828842,0.5052046179771423,0.505391538143158,0.4985634684562683,0.500678613781929,0.23211468011140823,0.23198994994163513,0.28440359234809875,0.28418487310409546,0.48470863699913025,0.4877287745475769,-174.2295379638672,-174.59083557128906,-8.551486015319824,-9.40162181854248,2.912487506866455,3.038636922836304,0.6101065278053284,0.6032770276069641,0.42579412540303957,0.39821032971920933,0.858269989490509,0.8514779210090637,0.8021241262511889,0.7941387440396552,0.37704718112945557,0.3685569763183594,-0.4638650005342596,-0.512797409393984,0.8585609197616577,0.8615152835845947,0.8027488220019372,0.8160523583717971,0.7279243469238281,0.721863329410553,0.8755409365557306,0.8584736864404812,0.8062062859535217,0.7920231223106384,0.6903311036847801,0.664336764777837,0.2634012699127197,0.27035465836524963,-0.8976863575469969,-0.8939453818956445,0.8030008673667908,0.7983201742172241,0.683448315714335,0.6780845163283082
33,1.375,33,1.375,0.0,0.03056050308357723,0.03439285840633866,0.5581582296806513,0.541115832152109,0.08713279183206121,0.08685442616335574,0.0852651390189485,0.08521462433261462,0.13642542189483886,0.13765049288225592,0.0957974848314577,0.09519044906883928,0.08149777432414068,0.08209242498228185,0.5059995651245117,0.505849078297615,0.5080924034118652,0.5077401995658875,0.4990406036376953,0.5005772858858109,0.23221319913864136,0.2324029505252838,0.28405478596687317,0.2843574583530426,0.48395058512687683,0.4873884469270706,-174.29576110839844,-174.45538330078125,-11.0325288772583,-11.35256576538086,3.052691459655762,3.238213539123535,0.6100117564201355,0.6034032106399536,0.4252161155750055,0.39962642170313617,0.8595377802848816,0.8516152501106262,0.8095299530687062,0.7962436816966073,0.3766844868659973,0.3674818277359009,-0.4688406976586437,-0.5172670395385394,0.8586826920509338,0.860620379447937,0.8076869202208848,0.8159299795610754,0.7270126342773438,0.7214981317520142,0.8735367606605289,0.8585948273670543,0.8033792972564697,0.7918663620948792,0.688487556745065,0.6656254126535104,0.264823853969574,0.2694101333618164,-0.897465097904627,-0.8984164470132332,0.8010727167129517,0.7985786199569702,0.6835160186755687,0.6802992171783107
34,1.4166666666666667,34,1.4166666666666667,0.0,0.03602233426668007,0.034706856635317265,0.5623631869101688,0.5540993212811104,0.08553889930265603,0.08538752796171681,0.0827292730712049,0.08298986072544313,0.13945919739699436,0.13890963192066222,0.09072034264584887,0.09016181198962214,0.08148127060917715,0.08198091432612332,0.5090387165546417,0.5090891122817993,0.5110000967979431,0.5108734369277954,0.5001163184642792,0.5008095651865005,0.2329528108239174,0.23288635164499283,0.28315746784210205,0.2832922637462616,0.4839998483657837,0.48741382360458374,-175.08255004882812,-175.1974334716797,-10.777328491210938,-10.679025650024414,3.9723308086395264,4.032285213470459,0.6107368469238281,0.6034466028213501,0.42241907691941505,0.39872846369847437,0.8593552708625793,0.8508467674255371,0.8062561034455529,0.794181834950884,0.3739866614341736,0.3665534555912018,-0.48164272976062095,-0.5215634974921687,0.8574633002281189,0.8608019351959229,0.8021921875403909,0.81593609124919,0.7273770570755005,0.7217886447906494,0.8678251022754878,0.858468355580714,0.8048384189605713,0.79195636510849,0.6891549722183717,0.665493204576777,0.264972984790802,0.2689761519432068,-0.8979258311030965,-0.9006357044845702,0.8016431331634521,0.7988554239273071,0.6822915608440437,0.6805691829252384
35,1.4583333333333333,35,1.4583333333333333,0.0,0.04466114113011447,0.03995245745779566,0.5573006577159137,0.5434942212305546,0.08737884653366496,0.08724488094086624,0.08600379309824902,0.08662828264791923,0.14827146402412208,0.14550131595991858,0.09784737640664369,0.09577965478271977,0.08109008463914508,0.08097369456869924,0.5100649893283844,0.5102257877588272,0.5124446153640747,0.5124322175979614,0.5000551342964172,0.5013360232114792,0.23234731703996658,0.23278085887432098,0.2829517126083374,0.28397074341773987,0.4837166965007782,0.4873238652944565,-174.491455078125,-174.34364318847656,-12.881779670715332,-13.657708168029785,3.865226745605469,3.949290037155152,0.6107690334320068,0.6041378378868103,0.4230733629274871,0.39923560768329613,0.8591535091400146,0.8508350849151611,0.8069988531091056,0.7940883680590695,0.3733729422092438,0.3661799430847168,-0.4840933383053229,-0.524884895776539,0.8593993186950684,0.8597780466079712,0.8075272190613336,0.8136242213503878,0.7268475294113159,0.722443163394928,0.8666465731654102,0.8586798175989553,0.80364590883255,0.7918034791946411,0.6876856470543589,0.6651341324802449,0.26525408029556274,0.2687053680419922,-0.8972502306454063,-0.903431921660816,0.8010162115097046,0.7992641925811768,0.6820331306997637,0.6814320220580473
36,1.5,36,1.5,0.0,0.06342920714686735,0.06045535957131042,0.5510174206578672,0.5420291914050487,0.08556062356263168,0.08549364650334094,0.08369733419421246,0.08465046145930151,0.14969839788325298,0.14807774990553393,0.09571476116255694,0.0953189893215548,0.08115986385770156,0.08102357816869833,0.511118084192276,0.5111929476261139,0.5140241384506226,0.5138533115386963,0.5008971393108368,0.5009642988443375,0.23162398487329483,0.23219363391399384,0.28204619884490967,0.28238585591316223,0.48370981216430664,0.48743176460266113,-174.6165313720703,-174.56484985351562,-15.530024528503418,-15.601829528808594,4.039599895477295,4.152238368988037,0.6117287278175354,0.6047161817550659,0.42415730276325253,0.4048900189146065,0.8577987551689148,0.8502012491226196,0.805305730504353,0.7963323495643144,0.37338200211524963,0.36584076285362244,-0.48800596818205294,-0.527317379773855,0.8598454594612122,0.8584505319595337,0.809711695251658,0.8144407381252573,0.726520299911499,0.7228190898895264,0.86346963470178,0.8657846780464944,0.803311824798584,0.7915675640106201,0.688011065464551,0.6676227909567632,0.26525402069091797,0.2684820294380188,-0.9018164492202061,-0.9072582377924395,0.8006527423858643,0.7998704314231873,0.6822868270317135,0.6858488055387775
37,1.5416666666666667,37,1.5416666666666667,0.0,0.1202218290065201,0.08570371017543105,0.5618869677767441,0.5515004634835791,0.08772668174074132,0.08617525617662618,0.08522296005896851,0.08463618208745505,0.14991218718099011,0.14868112177221707,0.0925199478330337,0.09142600166740232,0.0806659885908541,0.08165190679124211,0.5115724056959152,0.5117483586072922,0.5153782367706299,0.515197217464447,0.500469908118248,0.501036062836647,0.2309434711933136,0.23127347975969315,0.28138911724090576,0.2813209593296051,0.4828079640865326,0.48745734989643097,-174.335205078125,-174.9122772216797,-19.063207626342773,-16.90325164794922,3.9719953536987305,4.351694583892822,0.6116573810577393,0.6044512391090393,0.4263476587786584,0.40326746888360165,0.8575233221054077,0.8510268330574036,0.808224558928202,0.7974782780328894,0.3736952245235443,0.3660113513469696,-0.48611671903381964,-0.5265288481040576,0.860172688961029,0.8591115474700928,0.813938985392184,0.8152118459664898,0.726502537727356,0.7230170369148254,0.8667206825886853,0.8656147848265192,0.8018271327018738,0.7918522357940674,0.6880932988895213,0.6676806516794114,0.2645866870880127,0.2685820758342743,-0.9044927128269146,-0.906454297611381,0.7995306849479675,0.8002380132675171,0.6831400845808913,0.6860745920105715
38,1.5833333333333333,38,1.5833333333333333,0.0,0.10100998316139076,0.07978157812759781,0.5674125028517437,0.548348039364923,0.08905560930663066,0.08655470298184266,0.08661716511838687,0.0846445177943467,0.14873167034137671,0.14920909190876308,0.09035745160615047,0.0905513232484308,0.08040546047139319,0.08103548146024331,0.5123099982738495,0.5127528011798859,0.5162909626960754,0.5162782669067383,0.5004584491252899,0.501026839017868,0.2303394377231598,0.2309238389134407,0.2809525728225708,0.28026291728019714,0.48251406848430634,0.48756180703639984,-174.2158203125,-175.04647827148438,-18.484384536743164,-17.144672393798828,4.116579532623291,4.422700881958008,0.6120403409004211,0.6044065952301025,0.4285824922989201,0.40368755903003944,0.8573042154312134,0.851487398147583,0.8097508220249897,0.7993647344164844,0.373088538646698,0.36584025621414185,-0.48922376927267386,-0.5278900204950383,0.8594294190406799,0.8603498339653015,0.8143424191727658,0.8188311276208836,0.7266247868537903,0.7235997915267944,0.8686976995617081,0.8691250124442069,0.8017588257789612,0.7922971248626709,0.6897425312601283,0.669352945633052,0.26486915349960327,0.2687355875968933,-0.904890980712942,-0.9070739930712748,0.7997605800628662,0.7991675138473511,0.6854252323012391,0.6844437960712092
39,1.625,39,1.625,0.0,0.08094888093089571,0.06991789854733849,0.5766763967717953,0.5529233831587373,0.08838456871281189,0.08578431487789982,0.08626059898912586,0.08367896643808592,0.14958012504230245,0.15353964884387314,0.08963610902163646,0.09203739253085792,0.0802361745420095,0.08102808804048817,0.5130093395709991,0.5135575532913208,0.5166604518890381,0.5171511769294739,0.5003974884748459,0.500993087887764,0.22972844541072845,0.23073769360780716,0.28015246987342834,0.27928364276885986,0.48215997219085693,0.488145112991333,-174.5353546142578,-175.71157836914062,-17.02916717529297,-16.29435920715332,4.358328342437744,4.752866268157959,0.6114836931228638,0.6043809652328491,0.42668024565329876,0.4018828174852051,0.8582910895347595,0.8520514369010925,0.8126512324887314,0.7956864253464211,0.3733547329902649,0.3654339015483856,-0.487969089324722,-0.5269370949577883,0.8595507144927979,0.8609472513198853,0.815372719032711,0.8151372518651423,0.7267394661903381,0.7241091132164001,0.8693757335512939,0.8672825014666505,0.801111102104187,0.7927585244178772,0.6891108362905114,0.666041617102179,0.26476824283599854,0.26878565549850464,-0.9050479736061338,-0.902622043957043,0.799561619758606,0.7988338470458984,0.6857630974840337,0.6793253976443253
40,1.6666666666666667,40,1.6666666666666667,0.0,0.07329481616364122,0.06769329516780458,0.577988651550392,0.5558429122515725,0.08681154927280756,0.08626808207556462,0.08497933749015857,0.08513343544473867,0.15138280158338957,0.15434300282179608,0.09077027608628764,0.09152964138853378,0.08011540336396769,0.08095276181055217,0.5132095515727997,0.5137721300125122,0.5171393156051636,0.517397940158844,0.5002707839012146,0.5011139065027237,0.22888732701539993,0.22988713532686234,0.27865514159202576,0.2781713604927063,0.4823474735021591,0.4882737547159195,-174.9853973388672,-176.00701904296875,-17.04751968383789,-16.38506889343262,4.379374027252197,4.902890205383301,0.6113725900650024,0.6046308875083923,0.426688725444984,0.40309994552766326,0.8586693406105042,0.851755678653717,0.8129653391791883,0.7961712421754362,0.37316811084747314,0.36496618390083313,-0.4881403771780271,-0.5301655731394657,0.859282374382019,0.8609219789505005,0.8142896714902959,0.8162491173401226,0.7267841100692749,0.7245126366615295,0.869928993741738,0.8699250604403975,0.8012588620185852,0.7928016185760498,0.6889419079617789,0.6670381982682679,0.26477038860321045,0.26918113231658936,-0.9044440138386082,-0.9031570253714306,0.7997331619262695,0.7978892922401428,0.6856459493650439,0.6781822447645591
41,1.7083333333333333,41,1.7083333333333333,0.0,0.041808326892590154,0.04745507751374103,0.5733068161130401,0.5606386516174039,0.08571628973658092,0.08611577731578188,0.08359005874203201,0.08553026284696515,0.15439499129266127,0.1549318193140631,0.08996292699266836,0.09234875459256403,0.07995894709493047,0.08035317502990555,0.513888344168663,0.5141607224941254,0.5175208449363708,0.5177313685417175,0.500095009803772,0.5009670853614807,0.22854231297969818,0.22895928472280502,0.27695897221565247,0.2773611843585968,0.4817412942647934,0.48832443356513977,-176.0609283447266,-175.70387268066406,-16.3293514251709,-16.75716209411621,4.879880428314209,4.8088297843933105,0.6104037761688232,0.603911280632019,0.4235901593654013,0.4015529225782099,0.859236478805542,0.8519654273986816,0.8153982542800535,0.7978776335653435,0.3731323480606079,0.36465197801589966,-0.48754179648120305,-0.5317223530897416,0.8599717617034912,0.8607499003410339,0.8169864821990909,0.8171519579738045,0.7266557216644287,0.7243085503578186,0.8700023688543382,0.871184798389939,0.8007254004478455,0.7924523949623108,0.6890129834137462,0.6672979731534452,0.2648625671863556,0.2689836621284485,-0.9033021684466348,-0.904894358969083,0.8001271486282349,0.7978696823120117,0.6877207457659367,0.679184235935197
42,1.75,42,1.75,0.0,0.015838981066513293,0.02662183780754831,0.5622559697691814,0.5484777427748799,0.08669283511587597,0.08526718586749964,0.08539174160396877,0.08475265001859202,0.15566489231777897,0.15819707269121513,0.09167613404906512,0.09700207676206928,0.07976035361441282,0.07999646732193984,0.5142600387334824,0.514542281627655,0.5183373689651489,0.5188547968864441,0.5003619343042374,0.5010174512863159,0.22672203183174133,0.22749242186546326,0.2757430076599121,0.27544575929641724,0.4826160669326782,0.4869561940431595,-175.24118041992188,-175.46299743652344,-16.63912963867188,-16.775190353393555,4.506120681762695,4.4201650619506845,0.6099108457565308,0.6040153503417969,0.4195327291197284,0.4002095021215385,0.8592174053192139,0.8515186905860901,0.8112639292234393,0.7968077438619401,0.3740071654319763,0.36480361223220825,-0.4838930877497316,-0.5292736377131654,0.8592629432678223,0.8606963753700256,0.8113620257816595,0.8168669939930149,0.7265657186508179,0.7244130373001099,0.8662787217694868,0.8680277663389113,0.8013532161712646,0.7923105359077454,0.686614532992903,0.6673991607113005,0.26419439911842346,0.2687274217605591,-0.9044362856050064,-0.9025880907942031,0.8009070754051208,0.7985941767692566,0.6856534691993456,0.6811330300631355
43,1.7916666666666667,43,1.7916666666666667,0.0,0.018373986962330186,0.02466272845094087,0.5525686912200843,0.5502455587339212,0.08581329204857614,0.0861914113347895,0.08375336183532592,0.08504050799563198,0.15821860972665425,0.159025367890576,0.0958309959116876,0.09610583810449705,0.08038645289098209,0.08058610032670017,0.5147392749786377,0.5150772631168365,0.5182347893714905,0.5181736946105957,0.5005887150764465,0.5012198239564896,0.22641406953334808,0.22714704275131226,0.27454572916030884,0.274247944355011,0.4827496111392975,0.4870331883430481,-175.9978790283203,-176.67874145507812,-15.063611030578615,-14.34204387664795,4.644042015075684,5.15924596786499,0.6098308563232422,0.6041285395622253,0.41789306788807695,0.39881532768362116,0.858859658241272,0.8514496684074402,0.809305374783797,0.7944017991409726,0.3743957579135895,0.36494725942611694,-0.4827364368070904,-0.5281145251650465,0.8594686985015869,0.8607617020606995,0.8106158942977811,0.8147013648645187,0.72652268409729,0.724694013595581,0.8642840425559628,0.8660581530450902,0.8017144203186035,0.7931203842163086,0.6863415014428245,0.6672481416119488,0.26413029432296753,0.2682052254676819,-0.9045441049475909,-0.9030313215395107,0.8012498617172241,0.7992949485778809,0.6853418744030915,0.6807082492252983
44,1.8333333333333333,44,1.8333333333333333,0.0,0.0442948776837847,0.04360890308749458,0.5463144140195696,0.5520412405166575,0.0827712149284822,0.08250531644709123,0.08113203497153683,0.08223584123747125,0.15410800059397153,0.15411882618763187,0.09399708101118445,0.09446677019581741,0.08033884571561953,0.0807462096862572,0.5146375298500061,0.5147919952869415,0.5184019804000854,0.5183728933334351,0.5004851222038269,0.5012032091617584,0.225300133228302,0.2265397384762764,0.2730827331542969,0.27290093898773193,0.48293596506118774,0.4867265373468399,-176.30430603027344,-177.22962951660156,-16.834856033325195,-15.884338378906252,4.472682476043701,4.883530139923096,0.6096803545951843,0.6039403676986694,0.4183467334765497,0.39963462257633847,0.8590176701545715,0.850772500038147,0.8104709247630157,0.7965523117147031,0.3744499087333679,0.3654826581478119,-0.48286375424719863,-0.5279358700661803,0.8589975833892822,0.8606680035591125,0.8104276369906539,0.8182042101369084,0.7266871929168701,0.7249128222465515,0.8666211455942923,0.8702022526710231,0.8016873002052307,0.7927457094192505,0.6869217137257212,0.6695865465482302,0.2644803524017334,0.2682238817214966,-0.9041770631316071,-0.9062602754019835,0.8016592860221863,0.7989863157272339,0.6868613420550682,0.6832413316318947
45,1.875,45,1.875,0.0,0.0781330076718533,0.06288291194897139,0.5714023550833335,0.5543556156954895,0.08418435272292778,0.08409858112503085,0.08281383043811351,0.08246596215065516,0.15472486944122116,0.15395947476105273,0.09451109627227083,0.09466303189248905,0.08032787227584477,0.08040056093042294,0.5144107937812805,0.5146118253469467,0.518916666507721,0.5193487405776978,0.500257596373558,0.501281201839447,0.22518185526132584,0.2260705605149269,0.27208349108695984,0.272481769323349,0.48304034769535065,0.4863632172346115,-176.90078735351562,-177.15927124023438,-17.02792739868164,-18.06582260131836,4.511577129364014,4.344648838043214,0.6094856262207031,0.6035911440849304,0.41971712624059454,0.3986040153660391,0.858931303024292,0.8504000306129456,0.812469362226375,0.7977956438787634,0.373900830745697,0.3659256100654602,-0.4855356141147897,-0.5273513130708408,0.8595079183578491,0.8608894348144531,0.8137156872194707,0.8207834315730516,0.7266741991043091,0.7247582674026489,0.8700232528618936,0.8706764339869849,0.8022533655166626,0.7912929058074951,0.689962855788005,0.6682609238751044,0.2643667459487915,0.268423855304718,-0.9064287800968766,-0.9072224194352116,0.8008679747581482,0.7987443208694458,0.6869684034606818,0.6845908835349224
46,1.9166666666666667,46,1.9166666666666667,0.0,0.06381028749253725,0.0632910729959676,0.5641421095082929,0.554914797319807,0.08300864980581686,0.08348146686901088,0.08199844832688485,0.08157459118772138,0.15527636267084574,0.1542076152427965,0.09575511361730271,0.0952425219066296,0.0805256986233109,0.08075385519644053,0.5144127160310745,0.5146650969982147,0.5186921954154968,0.5194130539894104,0.5002377927303314,0.501418873667717,0.22560223191976547,0.22622231394052505,0.2721153199672699,0.27254942059516907,0.4833662807941437,0.4860455244779587,-177.1678924560547,-177.26324462890625,-16.428606033325195,-17.651100158691406,4.645010948181152,4.393924236297607,0.6093675494194031,0.6034408807754517,0.41886908111461446,0.3979540495979082,0.8585202693939209,0.8496907949447632,0.8099667893291168,0.797883594504252,0.373710572719574,0.36586084961891174,-0.4856451804698281,-0.5287669411242433,0.859268844127655,0.8608171939849854,0.8115829807920373,0.822296317509573,0.7270814180374146,0.7250465154647827,0.8706862708381808,0.8722973422900421,0.8024647831916809,0.7914727926254272,0.6889416008379238,0.6701459536550252,0.2646498680114746,0.26867035031318665,-0.9042492216842675,-0.9078748794763374,0.8007031679153442,0.7980943918228149,0.6851382296549781,0.6846745775587435
47,1.9583333333333333,47,1.9583333333333333,0.0,0.03434850307561194,0.03886890150242337,0.5676707571631895,0.5560881383129137,0.08278748452827293,0.08303678384159136,0.08259333352220395,0.08278650719237211,0.15201224826640028,0.15249893619220073,0.09381106808425196,0.09481988357973963,0.08017041402287858,0.08047078915157382,0.5141692012548447,0.5145240277051926,0.5179541707038879,0.5184532999992371,0.4999338984489441,0.5015224814414978,0.22583415359258652,0.2264714613556862,0.2739759683609009,0.2726045548915863,0.48293475806713104,0.4859137386083603,-175.95008850097656,-177.07275390625,-16.004953384399414,-16.07022476196289,4.517068862915039,4.612595081329346,0.6093206405639648,0.6032206416130066,0.4201724456738008,0.39687358792097865,0.8586851358413696,0.8495734333992004,0.8118668961021134,0.7982828478007852,0.3736644983291626,0.36607328057289124,-0.48502150842288333,-0.528585868604664,0.859283983707428,0.8610888719558716,0.8131607996801592,0.8235608129323941,0.7269473075866699,0.7246173024177551,0.8719957965093047,0.8706199000858686,0.8033429384231567,0.7913861274719238,0.6922915058988056,0.6705537402124458,0.26440733671188354,0.26878902316093445,-0.904696214118374,-0.908234352138666,0.8011840581893921,0.797605037689209,0.6876269107363868,0.6842051000677828
48,2.0,48,2.0,0.0,0.0217486197196832,0.020945971279953002,0.5685899293533795,0.5621918925625581,0.08533635199985984,0.08433311623183695,0.0854558173073565,0.08470764719554255,0.15110923569077636,0.1501249772405604,0.09219951900334751,0.0940317727130799,0.08029477850124904,0.08075828837584004,0.5140617191791534,0.5144156217575073,0.5173807740211487,0.5177121162414551,0.4998847544193268,0.5009976178407669,0.22664592415094376,0.22740481793880463,0.27434226870536804,0.27427205443382263,0.48313528299331665,0.4862350672483444,-175.9811553955078,-176.58670043945312,-14.2499361038208,-13.8417387008667,4.799473285675049,4.723839282989502,0.6094027161598206,0.602968156337738,0.42032430949170807,0.39891008902101277,0.858965277671814,0.8497796058654785,0.8113591165783205,0.7999824493452492,0.37342512607574463,0.3664996325969696,-0.48534555535323415,-0.5261578889116458,0.8596429824829102,0.8616144061088562,0.8128221769636478,0.8260250149198068,0.7276274561882019,0.7240782380104065,0.8740647866475427,0.8726943229134457,0.8044244647026062,0.7911465167999268,0.6936138954550963,0.6709599026670372,0.2643390893936157,0.268991082906723,-0.9040121586657534,-0.9076126189796007,0.8014046549797058,0.7976614236831665,0.6870945910257011,0.6852960035077629
49,2.0416666666666665,49,2.0416666666666665,0.0,0.012632565366416805,0.014951175556221684,0.5557844019992264,0.5557305369317255,0.08770986908331667,0.08536054053202931,0.0869444001162625,0.08475292767575086,0.1447244387827842,0.14697512903354537,0.0911290172644987,0.0933754824873478,0.08102176807754932,0.08089277970237152,0.5142147839069366,0.5142524987459183,0.5167981386184692,0.5171942114830017,0.49971213936805725,0.5007316619157791,0.22731901705265045,0.22788049280643463,0.27754154801368713,0.2777380049228668,0.4830044209957123,0.48664551973342896,-174.4534912109375,-174.65567016601562,-12.586894989013672,-13.63047981262207,4.284861087799072,4.134905815124512,0.6091593503952026,0.6034626364707947,0.42057201039032377,0.4031416527720105,0.8585575819015503,0.8486322164535522,0.8117636790802457,0.7990452991807501,0.3731091022491455,0.36695241928100586,-0.48649657988466566,-0.5249827057124633,0.8591738343238831,0.8612212538719177,0.813095717751917,0.8268341965670344,0.7274579405784607,0.7244554162025452,0.875157151782131,0.8779471280030082,0.8040427565574646,0.7901879549026489,0.6939290825640216,0.6700361038719893,0.26432591676712036,0.2691259980201721,-0.9045169440901224,-0.9088776830811757,0.8009837865829468,0.7972341775894165,0.6873170739878691,0.6855898553381531
50,2.0833333333333335,50,2.0833333333333335,0.0,0.02277559567875718,0.020205238365458685,0.5448699182313755,0.5538562133405195,0.08501530523758417,0.08200964363353483,0.08253346096174369,0.08098842024386194,0.14692638723943,0.14972854092009288,0.09315300034846558,0.09642976872998472,0.08170009334243407,0.08093314958748808,0.5133029073476791,0.5138224810361862,0.5163026452064514,0.5170169472694397,0.4993986487388611,0.5012691617012024,0.22956591099500656,0.23007668554782867,0.2802867591381073,0.28030499815940857,0.4828926622867584,0.48682819306850433,-174.846435546875,-174.75747680664062,-13.963767051696777,-14.683079719543459,3.896454811096191,4.03859281539917,0.608819842338562,0.6044296026229858,0.42195837834642846,0.4034726386823514,0.8579479455947876,0.8483648300170898,0.8135532439817375,0.7953819653875936,0.3736442029476166,0.36645060777664185,-0.4849439150705116,-0.5272912485564523,0.8581535220146179,0.8614664077758789,0.8139991712108221,0.8242054858900151,0.728007435798645,0.725277841091156,0.8815786950413422,0.8761243375233426,0.804474413394928,0.7904567718505859,0.697560835596895,0.6679840189305017,0.26453864574432373,0.26892977952957153,-0.905685112196429,-0.9087066976157177,0.8011038303375244,0.797474205493927,0.6902495166993861,0.6834223994230751
51,2.125,51,2.125,0.0,0.020375374574504196,0.021440747711086644,0.5658699450435303,0.5513708831051332,0.08897094085636281,0.0849760913733082,0.08704435400130918,0.08379795818322024,0.13933458053559358,0.14795812983744594,0.08756939147416656,0.0950021313725879,0.08116709716686907,0.0809820140379291,0.5133102685213089,0.5135411322116852,0.5160197019577026,0.5164069533348083,0.49898049235343933,0.5016193985939026,0.23126545548439026,0.23204854130744934,0.28339558839797974,0.2831614017486572,0.48327553272247314,0.48747940361499786,-173.96690368652347,-174.26683044433594,-13.560190200805664,-14.359483718872072,3.8356437683105473,4.024020195007324,0.6083565950393677,0.6042605638504028,0.42083598958942653,0.4010470773672652,0.8576074242591858,0.8477870225906372,0.8101581111362439,0.7918989268584933,0.37340596318244934,0.3672108054161072,-0.48316112892271446,-0.5251710980900701,0.8592392802238464,0.862114667892456,0.8136899003742608,0.8233888158904724,0.7280044555664062,0.7249605059623718,0.8811936413128496,0.8726547301198014,0.8052645921707153,0.790072500705719,0.6968736944592913,0.6650515732700368,0.2649613320827484,0.26892760396003723,-0.9004131842053019,-0.9091904201598648,0.8027995824813843,0.7973270416259766,0.6915387293147436,0.6809959021352875
52,2.1666666666666665,52,2.1666666666666665,0.0,0.019150632796200565,0.020538707269532924,0.5519769692963401,0.5481461686720733,0.0871029814492154,0.08673147751651518,0.08466920064220078,0.08493387444163975,0.1472623863007563,0.1496656788546235,0.0961814258889262,0.0972696022072251,0.08121924591385114,0.08091141869545886,0.5129658132791519,0.5131866186857224,0.5159714221954346,0.5157760381698608,0.49923060834407806,0.5016029328107834,0.23419564962387085,0.23464982211589813,0.286865234375,0.28669634461402893,0.4837534427642822,0.4874250739812851,-173.7640838623047,-173.74606323242188,-14.641062736511232,-14.009769439697266,3.6006760597229004,3.963411808013916,0.6084035634994507,0.6043803095817566,0.4208151423162324,0.40174939185211594,0.8579865097999573,0.8467912673950195,0.8114111630596735,0.7901643750119131,0.37372806668281555,0.36800533533096313,-0.483758728112381,-0.5222234233514709,0.8593578934669495,0.8620636463165283,0.8143845935612841,0.8237448563332757,0.7279142737388611,0.7251088619232178,0.8814779178739437,0.8736686410702638,0.8044463396072388,0.7899536490440369,0.6953255052352536,0.6651914031392799,0.2661939561367035,0.2692294716835022,-0.8982568239907051,-0.9083311874994504,0.8024853467941284,0.7973044514656067,0.691073685715826,0.6813541427283895
53,2.2083333333333335,53,2.2083333333333335,0.0,0.017249607691975276,0.015849579053873138,0.5500634883970402,0.5480989112638013,0.08788006003988275,0.08636688545635915,0.08652882572232748,0.08508269885405403,0.14843091963479282,0.149890412064788,0.1015568641972243,0.09953995724568249,0.08056713566170559,0.08141825855544049,0.5127800852060318,0.5127136707305908,0.5156648755073547,0.5151452422142029,0.49903182685375214,0.5017001777887344,0.23737144470214844,0.23758073151111603,0.2929838299751282,0.29223451018333435,0.483754962682724,0.48702819645404816,-171.51934814453125,-171.6908721923828,-15.515445709228516,-13.565078735351562,2.8711647987365723,3.633147478103638,0.6082961559295654,0.604776918888092,0.42218272283581554,0.4039701883538088,0.8583062887191772,0.8470005393028259,0.8140590689843595,0.7935609687055287,0.3732210695743561,0.36810463666915894,-0.4861159036944004,-0.5235770488444388,0.8599857687950134,0.8616849184036255,0.817709292309907,0.8259327615267485,0.7283462285995483,0.7251959443092346,0.8860401133047979,0.8759068819466976,0.8049824833869934,0.7898622751235962,0.6981637982806695,0.6675993575623356,0.2672419548034668,0.26941701769828796,-0.8956049987737169,-0.9103457378683113,0.8018661737442017,0.7970530986785889,0.691390734216731,0.6834515668207778
54,2.25,54,2.25,0.0,0.01650412245699316,0.020065754499114987,0.5625076449087288,0.5491374441589939,0.08439612681200202,0.08487173713435227,0.08375188852436005,0.08429655191791116,0.14670537526017108,0.15085870981455807,0.09951451390443945,0.10042513005175543,0.0819216170489934,0.08199306032259225,0.5124044865369797,0.5125850141048431,0.514563262462616,0.5145727396011353,0.4994582235813141,0.5019337385892868,0.2452370971441269,0.2451830804347992,0.3039652109146118,0.3021453320980072,0.48406486213207245,0.48744116723537445,-168.6748046875,-169.52975463867188,-13.625886917114258,-13.300573348999023,3.3241612911224365,3.821540594100952,0.6071782112121582,0.6054288744926453,0.415895741860011,0.40729657081430015,0.8579040765762329,0.8469743728637695,0.8118869508484152,0.7958887175066832,0.37276560068130493,0.367764949798584,-0.4891471262488579,-0.5280102017141085,0.8594337701797485,0.86067795753479,0.8152090696297132,0.8262239640383637,0.728395938873291,0.7252715826034546,0.8839048632960431,0.8789276636630589,0.8045323491096497,0.7895446419715881,0.6959766680312838,0.6687581099550276,0.26846325397491455,0.2694409191608429,-0.8918477096341215,-0.9149563142810526,0.8037655353546143,0.7963870167732239,0.6943113369012418,0.6839048858864906
55,2.2916666666666665,55,2.2916666666666665,0.0,0.013592904763740796,0.01362036136362829,0.5572444217887874,0.5623319179702898,0.08993967331396514,0.08806158995949014,0.08835880215628433,0.08673812812638539,0.14767108560642767,0.1452575085182262,0.09749738433387635,0.0951249987518594,0.08118336024513342,0.08233148179076062,0.5122897028923035,0.5120172053575516,0.513998806476593,0.5139918923377991,0.49982985854148865,0.5018368512392044,0.24790769815444946,0.24815060943365097,0.3092896640300751,0.30729714035987854,0.48467281460762024,0.48850180208683014,-166.93577575683594,-168.7875213623047,-13.761301040649414,-12.35364055633545,3.0384914875030518,3.5732266902923584,0.6077908873558044,0.6057474613189697,0.4169127147334229,0.4085142570718062,0.8573617935180664,0.8474302887916565,0.8095565715338955,0.7937391064902821,0.37275588512420654,0.36824867129325867,-0.49072110382053746,-0.5251886794072419,0.8601221442222595,0.8609086871147156,0.8155526169733146,0.8235454111948264,0.7284995913505554,0.7250639796257019,0.8830530806330449,0.8775953142906299,0.8037675023078918,0.7899757623672485,0.6931388261722228,0.6666834222602495,0.2689850330352783,0.269295334815979,-0.8914526282394559,-0.9142139070020144,0.8041630983352661,0.7966361045837402,0.6939981415310237,0.6814121893424375
56,2.3333333333333335,56,2.3333333333333335,0.0,0.010898270391816465,0.016788083555888164,0.5581256579949071,0.5567211117954641,0.08985425297420199,0.08912944662357854,0.08941825984971848,0.0880722562521307,0.1439345057984307,0.14536772730651185,0.09648400944613855,0.09393058920430387,0.08129248163623048,0.08199632570718651,0.5117031037807465,0.5120295882225037,0.5134655833244324,0.5133731961250305,0.4996972382068634,0.5018396526575089,0.2489076554775238,0.2497551366686821,0.3104962706565857,0.30956190824508667,0.4852435290813446,0.4888029098510742,-166.8074493408203,-168.0745391845703,-13.5609712600708,-11.915565490722656,2.8726768493652344,3.6825830936431885,0.6078222990036011,0.6053678393363953,0.41748535981349905,0.4060174258726361,0.8573477268218994,0.8479047417640686,0.8081686172209328,0.7921842681629161,0.373546838760376,0.36816510558128357,-0.4870836096225572,-0.5242455919461034,0.8597287535667419,0.8606163859367371,0.8133399404783154,0.820226354393522,0.7282653450965881,0.7246615886688232,0.8825321127553637,0.8738643241949249,0.8035133481025696,0.7895899415016174,0.6912463796521867,0.6635409050174749,0.26896291971206665,0.26966434717178345,-0.8908961462616732,-0.9105464213035623,0.804751992225647,0.7966580390930176,0.6939365758774769,0.6791332390579874
57,2.375,57,2.375,0.0,0.013308514455115788,0.01493777078299154,0.5575854749363355,0.5496081141600259,0.0936582764226682,0.09487208134490056,0.0929464531825631,0.09454419632445482,0.14223262262656974,0.13996416847159635,0.09398572161696268,0.08931416467565104,0.08164741297769082,0.08211169890764795,0.5114763826131821,0.5116702020168304,0.5131185054779053,0.5131176114082336,0.49962033331394196,0.5020066499710083,0.2491690069437027,0.2496740221977234,0.3096611201763153,0.3090006411075592,0.4851554036140442,0.4889024794101715,-167.28370666503906,-168.96009826660156,-12.738438606262207,-11.829207420349121,3.1372194290161133,3.5847916603088383,0.6080992817878723,0.6050344109535217,0.4187415428774334,0.40372715819823446,0.8571035861968994,0.8478123545646667,0.8076171819086214,0.7911186770634147,0.37164008617401123,0.36827707290649414,-0.4940188571065355,-0.5240360617413756,0.8577125668525696,0.8605241775512695,0.8089394715822902,0.8191384148315565,0.7279797792434692,0.7244198322296143,0.8814944103384845,0.8715538526973662,0.8036743402481079,0.7892727851867676,0.6916053849292035,0.6620842038208761,0.26864832639694214,0.2693919539451599,-0.891579204062481,-0.911529759416993,0.8041349053382874,0.7964621782302856,0.692605417454254,0.6779312548696349
58,2.4166666666666665,58,2.4166666666666665,0.0,0.015634454986305675,0.016576433990045717,0.5476726459195469,0.5396956682340067,0.0962376496088146,0.09823508290824236,0.09540102322987071,0.09883749967850149,0.14052290599671918,0.1360779010792525,0.09372753949279017,0.08900709337937573,0.0810579842136026,0.08210295650429042,0.511231005191803,0.5113622546195984,0.512624979019165,0.5126278400421143,0.4999392628669739,0.5022434890270233,0.24788115918636322,0.24859242886304855,0.3085101842880249,0.3074064552783966,0.4850609451532364,0.4885128438472748,-167.912841796875,-169.48414611816406,-13.247252464294434,-12.183738708496094,2.90567946434021,3.4358603954315186,0.6088426113128662,0.6047627925872803,0.41997093239260136,0.4015278991082316,0.8578240275382996,0.8483812808990479,0.808599410362241,0.7928232246272052,0.37076252698898315,0.3682757616043091,-0.4981524901143552,-0.5246990398128281,0.8578768372535706,0.8603284358978271,0.8087139654419885,0.8191439045647195,0.7282969951629639,0.7245144248008728,0.8806304959397628,0.8705480702142878,0.802236795425415,0.7889072299003601,0.6880193281755708,0.6617964269432538,0.2675853967666626,0.268982470035553,-0.8960410417468115,-0.9135919153453879,0.8029975295066833,0.7965594530105591,0.6896695160794271,0.678654977394351
59,2.4583333333333335,59,2.4583333333333335,0.0,0.02909502230890247,0.03638327117197328,0.5028970475062081,0.4969949944967565,0.09958394330018816,0.09949198224544557,0.09788549022600253,0.09843860950516314,0.13774597681832387,0.1326732421003601,0.09508756078238635,0.08943300837140843,0.08111138383359502,0.08210886573037715,0.5111173987388611,0.5113922208547592,0.5122385621070862,0.5122753977775574,0.499675452709198,0.5024486482143402,0.2469780445098877,0.24754048138856888,0.30803772807121277,0.3065345287322998,0.4850209355354309,0.48810094594955444,-169.65975952148438,-170.84591674804688,-15.378063201904297,-13.855338096618652,2.527096748352051,3.0604379177093506,0.6086057424545288,0.604686975479126,0.41872261665168614,0.3992532271520694,0.858270525932312,0.8480848670005798,0.8070484858279864,0.7907520560221393,0.3700700104236603,0.36803314089775085,-0.4981968748359601,-0.5249090679705903,0.8576673865318298,0.8597132563591003,0.8057443645310688,0.8162953435296185,0.7288813591003418,0.7241120934486389,0.8810561057030052,0.8656229832696217,0.803282618522644,0.7893893122673035,0.688152421222438,0.6618195457889406,0.2676866948604584,0.2688518762588501,-0.8917532483141348,-0.9122240900322195,0.803063690662384,0.7965254187583923,0.6876790505807167,0.6774949427993021
60,2.5,60,2.5,0.0,0.049191242352992416,0.05001410765367325,0.4816763243113393,0.48174996194003455,0.10171181278167073,0.09824932060189079,0.09875131606493365,0.0973377849744538,0.1381407379948364,0.1344370526762192,0.09431557905029286,0.09104739007541109,0.08112333164676962,0.08272977647837773,0.5108793526887894,0.5112473368644714,0.5119253993034363,0.5116939544677734,0.49981899559497833,0.5028341114521027,0.24659878015518188,0.24695903807878494,0.30820930004119873,0.3067260682582855,0.4849770665168762,0.4877009987831116,-170.34442138671875,-171.29510498046875,-18.23355293273926,-15.516972541809084,2.4359912872314453,3.304966449737549,0.6085574626922607,0.6048352718353271,0.4179800854319047,0.3982913800971518,0.8582783341407776,0.8475805521011353,0.8071502311270083,0.7904519852956273,0.36978283524513245,0.368254154920578,-0.49984634566936814,-0.5255041846481902,0.857046365737915,0.8599053621292114,0.8044864748867978,0.8175226273069981,0.7287449836730957,0.7243544459342957,0.879969219805804,0.8649866276914036,0.8034228682518005,0.7889042496681213,0.6885420028381188,0.6615733109715096,0.2685813307762146,0.2685462534427643,-0.8888550802316446,-0.914840909220596,0.8025317788124084,0.7959018349647522,0.6866152934767008,0.6769430510387077
61,2.5416666666666665,61,2.5416666666666665,0.0,0.05141596828602469,0.054906565060270515,0.48278414982780776,0.475879393213882,0.09973537179117287,0.09863717613601149,0.09719838766436648,0.09689435948059301,0.1394287267701304,0.13542144943669424,0.09486206675121568,0.09341652660973575,0.08164852593179103,0.08242915012547002,0.510740265250206,0.5111677497625351,0.5115067958831787,0.5117111206054688,0.4998169541358948,0.5029824376106262,0.2464742511510849,0.24688123166561127,0.3074645400047302,0.3064005970954895,0.4851619303226471,0.48757217824459076,-170.78286743164062,-171.76243591308594,-16.92220687866211,-15.732481002807617,2.8097269535064697,3.065958261489868,0.6082772016525269,0.6041778326034546,0.41720320161882285,0.39454019341640095,0.8580998778343201,0.8480595350265503,0.8069305249075631,0.7905749832483784,0.36940789222717285,0.3683284521102905,-0.5016315137957148,-0.5249884096737477,0.8560485243797302,0.8603178262710571,0.802491985652098,0.8174583072067867,0.7287483215332031,0.7252365946769714,0.88060742637053,0.8665236014224698,0.8044798374176025,0.7901754379272461,0.6909121694473096,0.6636309497512234,0.2687374949455261,0.268309086561203,-0.8888702765295106,-0.9149435042896571,0.8025912642478943,0.7961887717247009,0.6868258399404114,0.6768186279783552
62,2.5833333333333335,62,2.5833333333333335,0.0,0.04330033501965061,0.05113078140808032,0.4917411833571038,0.4903756922937848,0.09882869636416136,0.09743617842346419,0.09647070911332802,0.09541002535939078,0.1368589409104019,0.13765380460492435,0.09532606414425526,0.09480970153142422,0.0819026557916641,0.08233961670016338,0.510711282491684,0.5110219568014145,0.5118950605392456,0.5116875171661377,0.4996950328350067,0.5030894726514816,0.2466774731874466,0.2468595877289772,0.30711475014686584,0.3062812387943268,0.4858843833208084,0.487490713596344,-170.46878051757812,-171.18881225585938,-14.83093547821045,-14.123781204223633,2.5514979362487793,3.1241092681884766,0.6087132096290588,0.6039050817489624,0.4185752509905009,0.3931019163943727,0.8578528761863708,0.849286675453186,0.8033472539647063,0.7935305015053313,0.3693292737007141,0.36853212118148804,-0.5005392857861558,-0.5246682850138868,0.8569779992103577,0.8603373765945435,0.8014577659308605,0.8177681087292524,0.7286484837532043,0.7260277271270752,0.8790666932934297,0.8692845865488312,0.8048864603042603,0.7911933064460754,0.6889547030702821,0.6661137663771833,0.268833726644516,0.268507182598114,-0.8863919029322062,-0.9146872056587486,0.8036431074142456,0.7964314818382263,0.6862694107698308,0.6776027059567553
63,2.625,63,2.625,0.0,0.04649567117899362,0.05525875473632715,0.5004600185362278,0.4940019634616957,0.09525748360181337,0.09499537051635053,0.09398758667371919,0.09362255303030276,0.13693687931892481,0.1337633013802789,0.09635095213370165,0.09166588275375842,0.08209120915630386,0.08273923576497029,0.5104429721832275,0.5108475983142853,0.5113815665245056,0.5117934346199036,0.49954158067703247,0.5038794875144958,0.24628788977861404,0.2467249184846878,0.3065476715564728,0.3048405051231384,0.48606906831264496,0.48796872794628143,-170.0265655517578,-171.4644012451172,-13.601310729980469,-13.574620246887207,2.710399866104126,3.1870150566101074,0.6085957288742065,0.6035023927688599,0.41911117154199423,0.38780890620923025,0.857877790927887,0.8493918180465698,0.8037651060895179,0.7914017338897303,0.369912326335907,0.36762091517448425,-0.4981843382499785,-0.5304230765594582,0.8563989400863647,0.8611007928848267,0.8005681700543278,0.8170406685424566,0.7284765839576721,0.7267801761627197,0.8798309740445575,0.8677007766159803,0.8051255345344543,0.7923681735992432,0.6897268375457055,0.6665380704314731,0.2695443630218506,0.26847198605537415,-0.8839132205092974,-0.9163869034055362,0.8045166730880737,0.7969765067100525,0.6884106188685274,0.6766288557579556
64,2.6666666666666665,64,2.6666666666666665,0.0,0.045568341623195355,0.05349537892299333,0.5073983085339122,0.49638015521329537,0.09480898058793769,0.09377255389774133,0.09362306819087324,0.09263822519819193,0.13607250411521052,0.13352285733056274,0.09493765515701781,0.09190613488544902,0.08187072068761106,0.08279080328931164,0.5102894455194473,0.5105428695678711,0.5113469958305359,0.5114954113960266,0.4993223547935486,0.5043415278196335,0.24603508412837982,0.24646727740764618,0.30595487356185913,0.3042941987514496,0.4862297475337982,0.48824542760849,-169.8762969970703,-171.42738342285156,-13.49393367767334,-12.954300880432129,2.728428602218628,3.1929397583007812,0.6088898181915283,0.6023563146591187,0.4213462551209643,0.3808255725110885,0.8580029606819153,0.8508756756782532,0.8041890449878637,0.792539757619991,0.36985278129577637,0.3671138882637024,-0.49788065045595115,-0.5331827582690812,0.8568639755249023,0.8616135120391846,0.8017252865639649,0.8160076350851342,0.7284555435180664,0.7269173264503479,0.8811412439322829,0.8647935548690908,0.8055315613746643,0.79460608959198,0.6906872567854321,0.6695608159691754,0.26978230476379395,0.26861369609832764,-0.882705846068708,-0.9158943192834612,0.8050049543380737,0.7975361347198486,0.6895481440283466,0.6759645213076498
65,2.7083333333333335,65,2.7083333333333335,0.0,0.021923459283643754,0.027768566049621586,0.5247270116696435,0.5162886427146764,0.0969254148310616,0.0968399958744161,0.09666640821073148,0.09646835596165824,0.134426004374629,0.13034851031837494,0.0917221854169181,0.08794775497711159,0.08194942804353063,0.08257371789247518,0.5098925977945328,0.5101379901170731,0.5107875466346741,0.5110745429992676,0.49941980838775635,0.5034354776144028,0.2456638440489769,0.2461213767528534,0.30540338158607483,0.30414536595344543,0.4864905774593353,0.48894453048706055,-169.40342712402344,-170.3030548095703,-11.251965522766113,-10.825430870056152,3.0349411964416504,3.23970627784729,0.6087331771850586,0.6008036136627197,0.4209174119604666,0.37875460268694794,0.8580725789070129,0.8524861931800842,0.8048237974637605,0.7954589614833615,0.3707627058029175,0.3682264983654022,-0.4954015711542055,-0.5259525887375575,0.857124388217926,0.8628575801849365,0.8027700746565805,0.8181524065067127,0.7283498048782349,0.7263145446777344,0.8815081147263025,0.8669825254836945,0.8051537275314331,0.7975107431411743,0.6902048149630388,0.675168169855558,0.26990339159965515,0.26923561096191406,-0.8837661598008636,-0.9110195700909983,0.8050073981285095,0.7989256978034973,0.6898878744619308,0.6782642066561266
66,2.75,66,2.75,0.0,0.017707231011199663,0.02096183585604738,0.5264533861564209,0.5356339905114,0.09409554948025842,0.09688430913260293,0.09382429168217979,0.09662529899076831,0.13408502198919423,0.13223799740110298,0.09273672058699808,0.08899706247324868,0.08220096116891118,0.08259291425823417,0.509522095322609,0.5098147988319397,0.5106691122055054,0.5109806656837463,0.49920961260795593,0.5032240897417068,0.24523697793483734,0.2459217607975006,0.30449825525283813,0.3035033941268921,0.4863962084054947,0.4882863461971283,-168.90579223632812,-169.8818817138672,-10.875879287719727,-10.28682804107666,2.8289949893951416,3.311464786529541,0.608282208442688,0.5999758243560791,0.41997156467572516,0.37710728161416596,0.8582223057746887,0.8524332046508789,0.8053165648180827,0.7983719181007976,0.37033507227897644,0.36860302090644836,-0.4962166888448779,-0.5247098206435317,0.85731440782547,0.8636550903320312,0.8033502013410612,0.8229752839900776,0.72847980260849,0.7262497544288635,0.8827786639819235,0.8692826281160296,0.8056732416152954,0.7988929748535156,0.6915035965173972,0.6809879150082448,0.26968151330947876,0.2688755393028259,-0.8837717142579591,-0.9134156111873865,0.8044739365577698,0.7995685935020447,0.6889060912967335,0.6824691716600837
67,2.7916666666666665,67,2.7916666666666665,0.0,0.03320612960206781,0.032501382722918255,0.5209682207574942,0.5302870974320479,0.09113152992439999,0.09207789979881195,0.0910936271409526,0.09256799892199769,0.1374525323418983,0.13469099816492175,0.09468976132102697,0.09156782123486809,0.08181763699192413,0.08259725926293227,0.5095844566822052,0.5097218006849289,0.5103806257247925,0.510405421257019,0.4991150349378586,0.5032706260681152,0.2448078989982605,0.24541880935430527,0.30471599102020264,0.303845077753067,0.48644186556339264,0.48854653537273407,-168.80303955078125,-169.5011444091797,-13.543254852294922,-12.06017017364502,2.9418437480926514,3.3888988494873047,0.6080874800682068,0.5993086695671082,0.41967094002346217,0.3744461428665277,0.8582032322883606,0.853448748588562,0.8053394704856789,0.8002857458591591,0.37034425139427185,0.36937379837036133,-0.4959176213092479,-0.522055102819892,0.8570412397384644,0.8638122081756592,0.8028222684614728,0.823014380230132,0.7284601926803589,0.7264097929000854,0.8832461988394842,0.8700052322864954,0.8062664270401001,0.799248218536377,0.6928297721116257,0.6814157855031795,0.2696402668952942,0.26899296045303345,-0.8837453495779993,-0.9134335212718221,0.8045254945755005,0.8000044822692871,0.6890584237288089,0.6830743862560346
68,2.8333333333333335,68,2.8333333333333335,0.0,0.08776699147391027,0.06882649464324968,0.5380934396524873,0.528608085666785,0.09262755829087659,0.09467341236656125,0.09264808854200472,0.09495608888985745,0.13293350428518377,0.12969467184528785,0.09085116587449703,0.08579904549467249,0.08247410099389989,0.08285945383436212,0.5097198486328125,0.5097580403089523,0.5108144879341125,0.5106028318405151,0.49929994344711304,0.5037173330783844,0.2448997125029564,0.24497514963150024,0.3047195076942444,0.30406031012535095,0.48641951382160187,0.4882974475622177,-169.33859252929688,-169.94476318359375,-15.21811580657959,-14.27834415435791,2.9514176845550537,3.3624677658081055,0.6078956127166748,0.5991523265838623,0.41871247040307963,0.37345237686537597,0.8586194515228271,0.8537760972976685,0.8072391422368548,0.8044741954799586,0.3705986738204956,0.36909475922584534,-0.49623366117490564,-0.5267996396110151,0.8570206761360168,0.8640287518501282,0.8037716669872642,0.8270418503309169,0.7286977171897888,0.7261540293693542,0.8844893097010894,0.8704303304340489,0.8063055872917175,0.7991126775741577,0.693779158471583,0.6841516796884456,0.26938748359680176,0.2689295709133148,-0.8864737856296392,-0.91876202448125,0.8042395114898682,0.7991054058074951,0.6892981871195135,0.6841356734220335
69,2.875,69,2.875,0.0,0.10062482870930199,0.08852506705102522,0.5575475156593713,0.5474437854324611,0.09022538553339497,0.09194198810478617,0.08999198866453055,0.09238021291665616,0.13595746481228674,0.13471007780621774,0.09161530105338545,0.09009179444976104,0.08333934757838936,0.08339487953175884,0.5091295838356018,0.5094534456729889,0.5109630823135376,0.5106436610221863,0.49928535521030426,0.5038862228393555,0.24468359351158142,0.24495288729667664,0.3048074245452881,0.304299533367157,0.4865298569202423,0.488238587975502,-169.159423828125,-169.2705078125,-14.946230888366701,-13.928351402282715,2.88206148147583,3.351198673248291,0.6075747013092041,0.5990231037139893,0.41769312257276087,0.3720566691749469,0.8585116267204285,0.8544697761535645,0.8070784968049374,0.8056344664389455,0.37058019638061523,0.36945632100105286,-0.4964408930283689,-0.5257218972879898,0.8568705916404724,0.8639417290687561,0.8035179886481894,0.8264708451507856,0.7281038165092468,0.7261378765106201,0.8825974211254449,0.8691709169288327,0.806544303894043,0.8000904321670532,0.6943264422829495,0.6860109193679834,0.26943066716194153,0.26891422271728516,-0.8865943497453983,-0.9189170268257358,0.804486095905304,0.799460768699646,0.6898608056724358,0.6846257872220175
70,2.9166666666666665,70,2.9166666666666665,0.0,0.052281613431707376,0.05805718363097594,0.539701895852512,0.538417097120998,0.0898573030992503,0.09273708945458606,0.09039159003950736,0.09400061230894832,0.13919383221024453,0.13242834944830748,0.09666014460918296,0.09306951258363493,0.0836117437192959,0.08372652806875014,0.5087340176105499,0.508784145116806,0.5104000568389893,0.5101760029792786,0.4991666078567505,0.5038018077611923,0.2433425486087799,0.24369078129529953,0.30181846022605896,0.30097222328186035,0.4872286170721054,0.4879888445138931,-169.5917205810547,-170.13113403320312,-12.168669700622559,-10.880269050598145,3.013096570968628,2.994786500930786,0.6075025200843811,0.6000721454620361,0.417122078162872,0.3766894634731015,0.8590015172958374,0.8543083071708679,0.8051763111231331,0.806256998710265,0.37092557549476624,0.3691563606262207,-0.4937620852094514,-0.5268447421258371,0.8575337529182434,0.8645219802856445,0.8019974642883104,0.8287369547890352,0.7282412648200989,0.7260124087333679,0.8819983604903707,0.8694723012019786,0.8069210648536682,0.7997692227363586,0.6923817891077474,0.6862182811121518,0.26967281103134155,0.26899242401123047,-0.8836121604456084,-0.9187691961575768,0.8060058355331421,0.7988269329071045,0.6903996086753127,0.6841443324222862
71,2.9583333333333335,71,2.9583333333333335,0.0,0.03798250868215481,0.046101800202426615,0.536528021508174,0.535480269920722,0.09049901629993128,0.09390328000337118,0.09100040581399718,0.09442873371427211,0.13867322468884502,0.13411192536134842,0.09604546343288972,0.09416519552298712,0.08348778609189085,0.08328202176926422,0.508568599820137,0.5087354481220245,0.5098942518234253,0.5102906823158264,0.49957872927188873,0.5040780305862427,0.24200554192066193,0.24229557812213898,0.29911643266677856,0.29855695366859436,0.4870079606771469,0.48842400312423706,-169.97561645507812,-171.00476074218753,-9.820464134216309,-10.283659934997559,3.246713399887085,3.1227357387542725,0.6072283983230591,0.5985460877418518,0.4143055495957021,0.36914249770247015,0.8595411777496338,0.8564667105674744,0.806483676064854,0.8089651381887658,0.3710973262786865,0.36932605504989624,-0.4944795348569333,-0.5265555608695565,0.8579906225204468,0.8649579286575317,0.8031269351787574,0.8276290032150104,0.7277640104293823,0.7262744307518005,0.8782045421307069,0.8682525777205681,0.8073359131813049,0.8016286492347717,0.6934663886136471,0.6884299965683991,0.2699955701828003,0.268726646900177,-0.8835844804976499,-0.9196568684428396,0.8057413101196289,0.7990991473197937,0.6900142901695114,0.6828701014127139
72,3.0,72,3.0,0.0,0.0368448005749416,0.04416158483898713,0.5310862945606527,0.5357751177140864,0.08952082650405455,0.09352229134381179,0.09111041451795687,0.09415211228795832,0.13223454687676608,0.13318086099841908,0.09407543477804216,0.09520703585068553,0.08341681379243132,0.08270451831551497,0.5079547613859177,0.508049875497818,0.5092821717262268,0.5096737742424011,0.49917346239089966,0.5031007528305054,0.239919513463974,0.24008817970752716,0.295246958732605,0.29557061195373535,0.4867522865533829,0.48843367397785187,-171.25100708007812,-171.44110107421875,-9.013026237487793,-10.267173767089844,3.1119329929351807,2.818219900131226,0.6065711379051208,0.5986886620521545,0.4139463113917382,0.373174116409178,0.8603154420852661,0.8555952906608582,0.8099080159760103,0.8062845741988788,0.3714640140533447,0.36897823214530945,-0.49223462999629314,-0.5236128036989631,0.8587883710861206,0.8651984930038452,0.8065972316418017,0.8273731454444563,0.7275794148445129,0.7258106470108032,0.8803524011613296,0.8694569078145625,0.8068496584892273,0.8015960454940796,0.6939908917263873,0.6877025753785972,0.27074694633483887,0.2687114477157593,-0.8804316601149458,-0.9150531959971614,0.8054463863372803,0.7996252179145813,0.6909485109465173,0.683374650553255
73,3.0416666666666665,73,3.0416666666666665,0.0,0.04053733573715543,0.05204906819827058,0.5326041749300736,0.5363794735755565,0.08699534173062096,0.09462063742478098,0.08911211461407742,0.09578946435988417,0.1317268380130032,0.13150576923814988,0.0963995059024729,0.09379706416568874,0.08289979489732548,0.08275985469766158,0.5068306624889374,0.5071811974048615,0.5082656741142273,0.5090131163597107,0.4991399198770523,0.5033280104398727,0.2371852695941925,0.23771151900291443,0.29131650924682617,0.2923259735107422,0.4871387481689453,0.4893525093793869,-171.98825073242188,-171.72628784179688,-8.833822250366211,-10.48703670501709,2.853569746017456,2.767589807510376,0.6059985160827637,0.5988319516181946,0.41232982153976033,0.3726560545059986,0.8607495427131653,0.8548520803451538,0.8109185288944104,0.8022251734019888,0.3709199130535126,0.3694477081298828,-0.49475600848807766,-0.5224004854601315,0.8594071269035339,0.8644171953201294,0.8080048286764099,0.8232193868811846,0.727791428565979,0.7261664867401123,0.8822859285087918,0.8695149786030529,0.8069943189620972,0.801868736743927,0.6942433481952439,0.6859334582144699,0.27078691124916077,0.26828229427337646,-0.8811341215296014,-0.9171475871513601,0.8041976690292358,0.8001230359077454,0.6881732472171521,0.6821018664226837
74,3.0833333333333335,74,3.0833333333333335,0.0,0.054230273986534655,0.0620138819440269,0.518250870862494,0.5310477403215695,0.07611450416729816,0.08812808897383226,0.07724009879771293,0.08964494046046251,0.1368458563360983,0.13443521965082222,0.10520866014046862,0.102910638457714,0.08360762107676081,0.08300068867608319,0.5046978145837784,0.5048947185277939,0.5061955451965332,0.5066159963607788,0.49901577830314636,0.5031476318836212,0.23235955834388733,0.2326539233326912,0.2824690043926239,0.28223487734794617,0.48581384122371674,0.48850908875465393,-174.45175170898438,-174.711181640625,-7.765964984893799,-8.578681945800781,2.545530080795288,2.467965841293335,0.604849100112915,0.5975691676139832,0.4091222208896899,0.36799989796758803,0.8604946732521057,0.8551228046417236,0.8147317543323349,0.8037257343938201,0.36896997690200806,0.3701511025428772,-0.5027209405960679,-0.518342651905197,0.8582934737205505,0.8658602237701416,0.8099453147745098,0.8272653339791785,0.7263368368148804,0.7259870767593384,0.8787600608481652,0.8684977674118531,0.8058186769485474,0.8024723529815674,0.6958405098907426,0.6883003667849321,0.271520733833313,0.2678813338279724,-0.8794326422276779,-0.9169303698568326,0.8018343448638916,0.7994992136955261,0.687176704348301,0.6817823658139464
75,3.125,75,3.125,0.0,0.062451232166601756,0.058473286106036894,0.5393796447022585,0.5478063728619085,0.07804761774144672,0.08634394207180497,0.07900982796049318,0.08708758554585767,0.13517866093654185,0.13059603284720875,0.10637667385491849,0.1028624060269493,0.08288344571522185,0.0821098462997804,0.5029554963111877,0.5031748116016388,0.5042979121208191,0.504612147808075,0.4988880008459091,0.5036156922578812,0.22874414920806885,0.22947588562965393,0.27789342403411865,0.2785927951335907,0.48516808450222015,0.48659496009349823,-174.96055603027347,-175.02362060546875,-7.3003296852111825,-7.5724854469299325,2.415883779525757,2.1203243732452393,0.6035004258155823,0.5968297123908997,0.4047522465533631,0.36464513697687717,0.8613953590393066,0.8551896214485168,0.8188018247169963,0.8110745138462749,0.3705340325832367,0.3712730407714844,-0.49660981497576734,-0.517712938571632,0.8571802973747253,0.8671119213104248,0.809628379791983,0.8373089512330737,0.7260688543319702,0.7258052825927734,0.8789774335988317,0.8691863465054416,0.8052257299423218,0.8017730116844177,0.6965571127809017,0.6935338781884954,0.27092230319976807,0.2696797549724579,-0.882014046478026,-0.9151370338231005,0.8019072413444519,0.7982765436172485,0.6893349236863401,0.6858400713185505
76,3.1666666666666665,76,3.1666666666666665,0.0,0.07002380367656433,0.06618257236825761,0.541951341781335,0.5428636782643724,0.07755911491602265,0.08295534083982953,0.0779894595607439,0.08270975046391332,0.1294364102529757,0.1314207842505395,0.10427665532535368,0.10501272992706197,0.08260619273455734,0.08319834327538662,0.5013930350542068,0.5013988018035889,0.50199955701828,0.5028696656227112,0.4995143711566925,0.5036186873912811,0.22611629217863083,0.22673368453979492,0.27208444476127625,0.27329838275909424,0.48381079733371735,0.48633216321468353,-177.3767852783203,-176.9761505126953,-4.695087909698486,-6.354779243469238,2.365654706954956,1.9735271930694578,0.6035101413726807,0.5991281867027283,0.40370605657013087,0.37336974515554894,0.8615553975105286,0.8556784391403198,0.8248412672829601,0.8121734835252926,0.3693891763687134,0.3670487105846405,-0.505139094976374,-0.5338850879106554,0.8562180995941162,0.8619234561920166,0.8131867695742446,0.8259059551492183,0.7260168790817261,0.7246204614639282,0.8792707057964767,0.8639494150770687,0.8034830093383789,0.8002300262451172,0.6980346835974671,0.6902452725417534,0.27113837003707886,0.27066776156425476,-0.8865435068731365,-0.9106615408605911,0.8004865050315857,0.7961822748184204,0.6914915314023669,0.6813444751303651
77,3.2083333333333335,77,3.2083333333333335,0.0,0.05934283392056059,0.06473549850542556,0.5523348219890409,0.5396785020083998,0.06502870750591344,0.07034301310320465,0.06434931942839214,0.06981744478006388,0.13971152987729119,0.13742163161356677,0.11436634860814347,0.11643200135184135,0.08275255412980105,0.08347707973558871,0.49967382848262787,0.49944868683815,0.4992945194244385,0.5001915097236633,0.5004182606935501,0.5029637515544891,0.22449680417776108,0.2250870019197464,0.26730626821517944,0.2677576541900635,0.48387399315834045,0.4862087517976761,-179.9524688720703,-179.88558959960938,-1.7350714206695557,-3.4586899280548096,2.5858349800109863,1.619486927986145,0.6019678711891174,0.6032096147537231,0.3950193636799758,0.3908823000169177,0.8611376285552979,0.8565709590911865,0.8254819763719392,0.8123229735217293,0.3674353361129761,0.3701280951499939,-0.5172922869104807,-0.517957601865838,0.856082558631897,0.8636153340339661,0.8144210928953841,0.8277735445773925,0.7270245552062988,0.7241455316543579,0.8814792477043573,0.8624400066808288,0.8055480718612671,0.7983258366584778,0.7038477322520551,0.6845727600390153,0.2703550457954407,0.2705288231372833,-0.8949263745249681,-0.9063186901130825,0.7997719049453735,0.7979024648666382,0.691209032854036,0.6836441700639053
78,3.25,78,3.25,0.0,0.046906152801187075,0.04682437267734038,0.5702230164969623,0.5601743092151498,0.03973754685952879,0.041546399885933435,0.039720689708754406,0.04081460291516649,0.15495061256784237,0.16045678532938962,0.1491023861549167,0.1536459231654873,0.08202137209336985,0.08156983811202036,0.4963779151439667,0.49655625224113464,0.49516159296035767,0.4951610565185547,0.5011038035154343,0.5033701956272125,0.22411362826824188,0.2246907651424408,0.26167231798171997,0.26208704710006714,0.48252683877944946,0.48644252121448517,-183.59317016601562,-183.33506774902344,2.212157726287842,2.644153356552124,0.7556646466255189,0.6615661382675171,0.6036614775657654,0.604202151298523,0.40064569108370934,0.39270948607792144,0.8597568273544312,0.8564197421073914,0.8289360948769479,0.8105330236026175,0.3541377782821655,0.3555799722671509,-0.5741287065121259,-0.575597510498199,0.8378947973251343,0.8536800146102905,0.7808958373485734,0.8045309254012389,0.7259446382522583,0.7232571840286255,0.8783497914818605,0.8563922581431225,0.8043152093887329,0.7976963520050049,0.7071070789396039,0.6818838953643662,0.2734335660934448,0.2692328095436096,-0.8894029672158956,-0.9118931785896265,0.7962132096290588,0.797088623046875,0.6893035101754963,0.6805525042350014
79,3.2916666666666665,79,3.2916666666666665,0.0,0.046286756545336726,0.048053778004966755,0.5750551843511884,0.5717390494537503,0.03945983113538799,0.03837419820366843,0.03824193317942562,0.03596971622419448,0.15655584389371424,0.16146023573993223,0.15754301625785622,0.16362425591002538,0.08163074658316662,0.08130060431139008,0.4946064203977585,0.4945550411939621,0.4923092722892761,0.4924938380718231,0.5020023286342621,0.5041841864585876,0.22323552519083023,0.2240011990070343,0.2608177661895752,0.2605051100254059,0.4829021841287613,0.4856113791465759,-183.7545928955078,-183.9693145751953,4.467472076416016,4.244388580322266,0.4440230131149292,-0.05023942515254021,0.6035130023956299,0.6006824970245361,0.3961088616366343,0.3779298058973973,0.8584027886390686,0.8549489974975586,0.8242064623389554,0.8136497690725122,0.35207268595695496,0.3534064292907715,-0.5850464575390997,-0.5905119806334256,0.8334262371063232,0.838698148727417,0.7693840867343229,0.7778491934146796,0.7258339524269104,0.7238186597824097,0.8734223349478696,0.860185151271858,0.8044736385345459,0.7995450496673584,0.7058344717463942,0.6915950226347723,0.2741324305534363,0.27025800943374634,-0.8891802466235109,-0.9161577457555513,0.7968040704727173,0.7966434955596924,0.6890001245203724,0.6852029068243263
80,3.3333333333333335,80,3.3333333333333335,0.0,0.04853061718331467,0.05050192664930081,0.57662268613721,0.5711807902169146,0.04335239149782625,0.04333527859330651,0.04134872819008345,0.0400114214016844,0.1452839793878636,0.14889378305631226,0.15351414878624128,0.15744020217015214,0.0820462457960444,0.08185047838975687,0.49271200597286224,0.4926285594701767,0.49029818177223206,0.4902280271053314,0.5023487508296967,0.5044486075639725,0.22240645438432693,0.22294756025075912,0.2599032521247864,0.2606242597103119,0.48236435651779175,0.487334743142128,-184.0688934326172,-183.37664794921875,4.949307441711426,5.228076934814453,-0.37975776195526123,-0.6694638133049011,0.6026880741119385,0.6015946865081787,0.39218473651654695,0.38090160072100454,0.8587044477462769,0.8551348447799683,0.8274133661031252,0.8111887021303261,0.35097891092300415,0.34565094113349915,-0.5916418293291856,-0.6226322872883673,0.8346313238143921,0.8433022499084473,0.7744867049013413,0.7850917346908926,0.7262817621231079,0.7241891622543335,0.8752611255352812,0.8615842238259661,0.8053616285324097,0.8025399446487427,0.7101349718212363,0.6951898522492755,0.27375364303588867,0.2717563509941101,-0.8934833242487382,-0.9123667570128862,0.7960132956504822,0.7952305674552917,0.6895819248364226,0.6790689099968592
81,3.375,81,3.375,0.0,0.051583568568780894,0.04886392274204643,0.5727688298792109,0.5723992936929744,0.05190877802596631,0.05270919320064062,0.049173091183333656,0.04896621798328225,0.1344686706246333,0.13480554424859775,0.1505777964463772,0.14901500300688494,0.08210444238202828,0.08219827940760188,0.490457683801651,0.49091996252536774,0.4868651330471039,0.487337589263916,0.5020152181386948,0.5043096840381622,0.22141504287719727,0.2214604765176773,0.25862663984298706,0.2607499659061432,0.48247431218624115,0.4885082244873047,-183.86045837402344,-182.44557189941406,7.683345317840576,8.0037841796875,-1.1454020738601685,-1.1256062984466553,0.6038320064544678,0.5989496111869812,0.3990962170647398,0.3695591842244958,0.8588449954986572,0.8565877676010132,0.8298441406857126,0.8084884321737896,0.3441920876502991,0.3309559226036072,-0.6186270003713711,-0.6769286134092454,0.8324617743492126,0.8377998471260071,0.771672868442629,0.7672206772745421,0.7266404628753662,0.7231017351150513,0.8804744965399699,0.8543604622986901,0.8031784296035767,0.8057520389556885,0.7071072337258717,0.6968275172443935,0.2751978933811188,0.2725609540939331,-0.8890668992106665,-0.9049549610132077,0.7960063219070435,0.7940006256103516,0.6912937503377552,0.6710154830546463
82,3.4166666666666665,82,3.4166666666666665,0.0,0.047540265623887135,0.0560529255850289,0.5627811225399268,0.5666242610667173,0.06447219133108553,0.06539907821172167,0.06153486275409347,0.06228102704633493,0.11710358663352705,0.11756164920124587,0.1429783304655407,0.14220743832972632,0.08248878595130954,0.08218627385657422,0.4867143779993057,0.48701702058315277,0.48195570707321167,0.48271095752716064,0.5026417076587677,0.5034574121236801,0.22088107466697693,0.22201910614967346,0.261793851852417,0.2631417214870453,0.4842081218957901,0.49073056876659393,-181.1898956298828,-180.65634155273438,11.07742977142334,10.50433349609375,-1.685462832450867,-1.7569864988327026,0.6047658324241638,0.5986551642417908,0.39895840084895545,0.3682715458810928,0.8588403463363647,0.8615387678146362,0.8232408733084957,0.8068881294817924,0.33226150274276733,0.32093361020088196,-0.6656078007597032,-0.7060914905932477,0.8256868124008179,0.8360154628753662,0.750387171865384,0.7513487648358324,0.726740300655365,0.7228319048881531,0.875464210829818,0.8486480172033757,0.8008586168289185,0.8066309690475464,0.6958281028055712,0.6874073543671094,0.2748264670372009,0.272399365901947,-0.8899836771790594,-0.8938457261550665,0.7972510457038879,0.7908636927604675,0.6879005946796285,0.6530973577085529
83,3.4583333333333335,83,3.4583333333333335,0.0,0.048417283731808945,0.047939157672116685,0.5569241082914412,0.5582836386466035,0.06637403535787235,0.06408559350285503,0.06419526920248121,0.06134085574680439,0.11294314224595452,0.11562791479402536,0.14508973016147805,0.14514501253760706,0.08263321744436632,0.08306425190293676,0.48391395807266235,0.48434872925281525,0.47882261872291565,0.4793063700199127,0.502157911658287,0.503764346241951,0.22224776446819305,0.22338514775037766,0.26378682255744934,0.2650153338909149,0.4839867353439331,0.4911968410015106,-181.0027618408203,-180.7046356201172,12.16289234161377,11.586524963378906,-2.1011533737182617,-2.06770920753479,0.6036376953125,0.5968598127365112,0.39430059862198225,0.3577326950947262,0.8600976467132568,0.8629251718521118,0.8220275318940596,0.8034859562778622,0.3277183771133423,0.32472407817840576,-0.6777863572194972,-0.6879879336401066,0.8281697034835815,0.8366739749908447,0.7522458595783325,0.7467443354139127,0.7269667387008667,0.7231758236885071,0.8734966895518684,0.843120101517066,0.8027830123901367,0.8093724250793457,0.6967607396531373,0.68773239008192,0.2746010720729828,0.2725011706352234,-0.8841741166373375,-0.8886619531660408,0.795711100101471,0.7935264110565186,0.6813043771050304,0.65348143670102
84,3.5,84,3.5,0.0,0.04958320629801476,0.04983527458918664,0.54676994890901,0.5483361384472127,0.06930246501217815,0.06644521548918512,0.0668824860300946,0.06372015390182326,0.11135622341314473,0.11168559291161598,0.1494856597371478,0.14702345006245573,0.08247316718640121,0.08342562965575145,0.48143795132637024,0.4819767326116562,0.47531405091285706,0.4760984480381012,0.5030712634325027,0.503900021314621,0.22358597815036774,0.22444698214530945,0.2672438621520996,0.2676674425601959,0.484226793050766,0.4913758784532547,-179.640625,-179.89369201660156,14.960609436035156,13.827950477600098,-2.3928184509277344,-2.3931708335876465,0.6036816239356995,0.5972585678100586,0.39217605650384063,0.35820933724773846,0.8610416054725647,0.8636662364006042,0.8262069866975085,0.803502321500799,0.3266764283180237,0.3240962624549866,-0.6875815818256966,-0.6898927598332882,0.8288782835006714,0.8406098484992981,0.7556854454720169,0.7537404600702046,0.7267065644264221,0.7236177921295166,0.8717234487601113,0.8430396575315204,0.802234411239624,0.8112788796424866,0.6972658911204433,0.6904363721044112,0.2725449800491333,0.2737989127635956,-0.8985842838213879,-0.8828797007680573,0.7943381667137146,0.7920221090316772,0.6799525260909509,0.6488751026272633
85,3.5416666666666665,85,3.5416666666666665,0.0,0.0540473033300218,0.054148130388496876,0.5436785317193866,0.5433498022537878,0.06861942752331557,0.06841311787728292,0.06599862580281725,0.06550472161287314,0.11091743678600918,0.10537626340209146,0.15413750009994154,0.14683934548982433,0.0829105151988211,0.08390154651435652,0.4789753407239914,0.4790276437997818,0.47191348671913147,0.4720788896083832,0.5028921514749527,0.5032952576875687,0.22553536295890808,0.22587905824184418,0.26995474100112915,0.27045074105262756,0.4853488802909851,0.4899081736803055,-179.5089874267578,-179.406494140625,16.680294036865234,15.876825332641602,-2.733586072921753,-2.7468955516815186,0.6035739779472351,0.5992997884750366,0.3927786716802144,0.3684102626911361,0.8606714010238647,0.863921582698822,0.8236144600233722,0.8073273952715824,0.32461559772491455,0.32286837697029114,-0.6954902431467475,-0.6923747658196082,0.8287361264228821,0.8425240516662598,0.7535351216057714,0.7611397116826603,0.7258312702178955,0.7238010764122009,0.8697272784330886,0.8461747162860995,0.800023078918457,0.8094314932823181,0.690526696026073,0.6897077033140574,0.2740527093410492,0.2751559019088745,-0.8927455456337064,-0.8754678482693722,0.7900787591934204,0.7915497422218323,0.6687047027584084,0.651109013645575
86,3.5833333333333335,86,3.5833333333333335,0.0,0.049935616385093404,0.04614360836813586,0.5408983302820976,0.5431012669794735,0.07051196916872962,0.07190706897550528,0.06859724786121936,0.07061660580193915,0.10332633610719516,0.099640600477917,0.1582830218281136,0.15269254475237523,0.08227633035687466,0.08267666319711753,0.4741481840610504,0.47428639233112335,0.4661986231803894,0.466724693775177,0.5013294219970703,0.5017896741628647,0.22914983332157135,0.2285282239317894,0.27639779448509216,0.27716946601867676,0.4852762073278427,0.4900723546743393,-177.5309295654297,-176.6693115234375,19.389848709106445,19.031272888183594,-3.6021218299865723,-3.206531524658203,0.6040258407592773,0.6007944941520691,0.3998556384719873,0.3822714987185813,0.8596239686012268,0.8635260462760925,0.8198713159183445,0.8111008646191434,0.321475625038147,0.31872817873954773,-0.7002732488767842,-0.7068261143322788,0.8319004774093628,0.8443032503128052,0.759153188132548,0.7693510392007713,0.7258304953575134,0.7234081029891968,0.874110520192956,0.8556998431019519,0.799695611000061,0.8073770999908447,0.6886202534299249,0.6891514505322577,0.2733432650566101,0.2774130403995514,-0.8876799351424947,-0.8663496592942117,0.787071168422699,0.7899355888366699,0.6609710474792085,0.65127038228859
87,3.625,87,3.625,0.0,0.049180469285307955,0.04786706216899645,0.5453614124015824,0.5404480661059815,0.06942053833216612,0.07736619000467848,0.06806572817887109,0.07489471930497317,0.10430569953070111,0.09469069860356774,0.16131551976079375,0.15116923161155096,0.08196177456035698,0.08233519298689075,0.47183558344841003,0.47129134833812714,0.4633242189884186,0.463558554649353,0.5009306520223618,0.5020295977592468,0.23169684410095215,0.23132284730672836,0.2803894877433777,0.28145453333854675,0.4839598089456558,0.4901999980211258,-176.70925903320312,-175.80703735351562,20.528587341308594,20.2708854675293,-3.38568377494812,-3.522554636001587,0.6034038662910461,0.6022909879684448,0.3991976162160988,0.38782150618439076,0.8600938320159912,0.8634920120239258,0.8242191984823003,0.8122119824340689,0.319598913192749,0.3174157738685608,-0.7064011644575005,-0.7141055105495373,0.8311719298362732,0.8459936380386353,0.7608428869256797,0.7741388694532513,0.7251525521278381,0.7232522964477539,0.8734853167663751,0.8557124535031794,0.7983084917068481,0.8067964315414429,0.6888295220795481,0.688853249614828,0.27785438299179077,0.28017914295196533,-0.8690223632284271,-0.8581406795929192,0.7849061489105225,0.7850329279899597,0.6594610854058283,0.6415000309517348
88,3.6666666666666665,88,3.6666666666666665,0.0,0.047850941625151855,0.04780718045249069,0.5448962607898765,0.549354744496288,0.07224365503726089,0.07649550325369582,0.07057121501330253,0.07384797123640344,0.10272919801790094,0.09463234003930576,0.16042975228110418,0.15246292502756253,0.08149659242509999,0.08203920339967359,0.4693959057331085,0.46899211406707764,0.4606103301048279,0.4604325294494629,0.5015837550163269,0.5011485815048218,0.23373708128929138,0.233812116086483,0.2840047776699066,0.2842191755771637,0.48316626250743866,0.4895986020565033,-175.1757354736328,-175.5728302001953,21.45732879638672,21.424306869506836,-3.232848405838013,-3.4989466667175293,0.6039321422576904,0.6052623987197876,0.4007737860507199,0.4020530987472169,0.859920084476471,0.8598430156707764,0.8298478958636101,0.804240769816024,0.31297236680984497,0.31799304485321045,-0.7385607353590461,-0.7072860551395158,0.8334886431694031,0.8501263856887817,0.7716293067629647,0.78313441496126,0.7248963713645935,0.7227242588996887,0.8744431166827086,0.8556519210095236,0.7964835166931152,0.8036719560623169,0.6901208400883031,0.6822266230530876,0.27625811100006104,0.2768633961677551,-0.8823256905236266,-0.8661151437918787,0.7786321640014648,0.7861804962158203,0.6508009802603041,0.644231869817437
89,3.7083333333333335,89,3.7083333333333335,0.0,0.04189926926605282,0.03697239182286033,0.5524346926221824,0.5464686027018852,0.07566063866160913,0.07839490850710702,0.07388089026900833,0.07668182119389304,0.10196739411318144,0.09257274158319136,0.1608168574422933,0.1510204858926311,0.08097205946960402,0.08268302946619467,0.46733054518699646,0.4670291543006897,0.4579757750034332,0.45822858810424805,0.5012403726577759,0.5000339895486832,0.23614772409200668,0.23607957363128662,0.28797462582588196,0.2887832820415497,0.48283979296684265,0.48988617956638336,-174.58998107910156,-174.78384399414062,22.368289947509766,20.75315284729004,-3.1177008152008057,-3.4218056201934814,0.6029036641120911,0.6048827767372131,0.39925398664043005,0.4048141062672277,0.8598607182502747,0.8604313731193542,0.8328620560925695,0.8047406462904416,0.3091086745262146,0.3177263140678406,-0.7545432116320243,-0.7038776574757231,0.8292244672775269,0.8532148003578186,0.7651847223823813,0.7890678767358421,0.7246412634849548,0.722802996635437,0.8773441721769946,0.8600961339276922,0.7969278693199158,0.8035831451416016,0.6938395816330992,0.6812791076731739,0.2765241265296936,0.2766673266887665,-0.8825098602067812,-0.862403642618597,0.7763379216194153,0.7860671877861023,0.6483551402488827,0.6432383960733208
90,3.75,90,3.75,0.0,0.03483623506886477,0.029300135685687848,0.5425386831445205,0.5359340180223544,0.07906743466352997,0.08010102517990922,0.07673332779960307,0.07727095242487617,0.09842270209361809,0.09777393129847646,0.16309860700507883,0.1587072510566761,0.07962495723769414,0.08108310121048286,0.4636528789997101,0.46394163370132446,0.4545980989933014,0.45501747727394104,0.5010079145431519,0.5003471523523331,0.2407781481742859,0.2409033551812172,0.2949891984462738,0.29568639397621155,0.4815826863050461,0.48962780833244324,-172.3744354248047,-172.83111572265625,23.9327392578125,22.838146209716797,-3.563478469848633,-3.4500694274902344,0.6046169996261597,0.6061151027679443,0.40725622361674146,0.4083590461457475,0.8582048416137695,0.861235499382019,0.8327186324966719,0.8070404686333464,0.31398069858551025,0.31210455298423767,-0.7351478649139588,-0.7267850801673991,0.8341352939605713,0.8458454012870789,0.7795004122617125,0.7736169623981197,0.7250959277153015,0.722516655921936,0.8808227379785577,0.8577733255098264,0.7974395751953125,0.8034863471984863,0.6983654914452765,0.6816235196198799,0.2793065905570984,0.2768872380256653,-0.8714413789587602,-0.8627554671115173,0.7691382765769958,0.7793014049530029,0.6357907906446655,0.6290997759144208
91,3.7916666666666665,91,3.7916666666666665,0.0,0.035562334862831904,0.03611288358536333,0.5448267018483467,0.5377887878197354,0.08424805219092274,0.08605721632757611,0.08131677087469004,0.08176972438816409,0.09185591324016215,0.08989495750622263,0.1561347648008969,0.15054965360122857,0.07957304000408386,0.08066649708823086,0.46237508952617645,0.46220898628234863,0.45393499732017517,0.45338550209999084,0.5008908957242966,0.5002640783786774,0.24313530325889587,0.24332740902900696,0.2982354760169983,0.29832419753074646,0.48268529772758484,0.4898185133934021,-172.11241149902344,-172.85026550292972,23.82160758972168,23.402822494506836,-3.5432872772216797,-3.570161819458008,0.6044864058494568,0.6060115694999695,0.4078446628285336,0.4085155956119834,0.8588995337486267,0.8617539405822754,0.8331277536203514,0.8082182308803268,0.3120099902153015,0.31344062089920044,-0.7436043234788314,-0.7217220493579312,0.8316728472709656,0.8493342399597168,0.7728341603114828,0.7812301363578594,0.7246915102005005,0.7221189737319946,0.8810795568417001,0.8570528128250429,0.7970565557479858,0.8029683232307434,0.6961762605461099,0.6804766817190633,0.2791411876678467,0.2765762209892273,-0.8730053532758613,-0.8641337711530857,0.7683252096176147,0.7801101207733154,0.6325505931252045,0.6308056512101431
92,3.8333333333333335,92,3.8333333333333335,0.0,0.03624215741845042,0.0337086728010256,0.537201219373073,0.5357572411153504,0.08272509401218348,0.0882974998004005,0.07931250140721333,0.08402432543680374,0.09303544376603473,0.08945298045083709,0.15573919570678552,0.1473884513314257,0.07958495087554732,0.08122126198469568,0.4614652991294861,0.4616645723581314,0.45293402671813965,0.452633798122406,0.5012787729501724,0.5013197660446167,0.2453894540667534,0.24527998268604279,0.301481693983078,0.30081436038017273,0.48151127994060516,0.4891444444656372,-171.23635864257812,-172.480224609375,24.156349182128906,23.05290985107422,-3.3226401805877686,-3.26868748664856,0.6043334603309631,0.6066206693649292,0.4063470214989564,0.40773040804688,0.8597363233566284,0.8617038726806641,0.8388844395334855,0.8114450031305591,0.31105995178222656,0.3137148916721344,-0.7500372217813852,-0.7264155346017868,0.8313226699829102,0.8495098352432251,0.7758643616712891,0.7848860436807772,0.7243530750274658,0.7224698662757874,0.8795871447082074,0.8563043408334176,0.7972993850708008,0.803200364112854,0.700402398505648,0.6840227018875045,0.2794364094734192,0.27748405933380127,-0.8747295822457707,-0.8667031445594221,0.7659600377082825,0.7797228097915649,0.6308932760792042,0.6328879225826014
93,3.875,93,3.875,0.0,0.02315355817389389,0.027100387618377835,0.5465451515571125,0.5466346798408719,0.08364378391159784,0.08682213612595294,0.07944889372627281,0.08218821326779681,0.09483727730140222,0.09296840975011207,0.15626385930004877,0.14960789353253323,0.0792619018498562,0.08054824864704345,0.460981085896492,0.46133288741111755,0.45287346839904785,0.45263904333114624,0.5013331323862076,0.5009952783584595,0.2469378188252449,0.24649526923894882,0.3038865327835083,0.30279475450515747,0.4814842939376831,0.48853452503681183,-170.21958923339844,-171.57830810546875,23.183006286621094,22.873212814331055,-3.2519288063049316,-3.1102802753448486,0.604550302028656,0.6061643958091736,0.40691272426662933,0.40750426848593396,0.8598745465278625,0.8612468838691711,0.8390962723649772,0.8123445167466947,0.31123605370521545,0.3138353228569031,-0.7494191172763822,-0.7251984480355057,0.8319855332374573,0.8497061729431152,0.7772512144341066,0.787190982075855,0.7244760990142822,0.7223246693611145,0.8796958177220324,0.857596543179528,0.7973002195358276,0.8026755452156067,0.7003350749891271,0.6846854663658682,0.27968698740005493,0.27685070037841797,-0.8737949024560393,-0.8685046950940729,0.7663173079490662,0.7793757319450378,0.6316291676844209,0.6339024024211554
94,3.9166666666666665,94,3.9166666666666665,0.0,0.019806059302674827,0.0225554825621193,0.5556245399111971,0.552451492902893,0.07990035875739859,0.08397588521770424,0.07506987942846031,0.07942498305561875,0.0975806407602295,0.09488932626396356,0.158716855935741,0.15264739225065224,0.0795438933879503,0.0807558688798714,0.4611937403678894,0.46147970855236053,0.45332953333854675,0.4529152810573578,0.5014240592718124,0.5012981593608856,0.24697981029748917,0.24684471637010574,0.30353519320487976,0.3038143813610077,0.48158934712409973,0.48817582428455353,-170.53030395507812,-171.17433166503906,22.931888580322266,22.585453033447266,-3.629537343978882,-3.171440839767456,0.6047675609588623,0.606164276599884,0.406372420887355,0.405888161767281,0.8604350686073303,0.8612220883369446,0.8379651684785382,0.8121877192155911,0.3129194378852844,0.31343573331832886,-0.7412471813977338,-0.727128426026994,0.833040177822113,0.8490718007087708,0.7773706758644732,0.7857343933215298,0.7251309752464294,0.722472608089447,0.8796713826200945,0.8560638344197452,0.7986603379249573,0.8030228018760681,0.7013262422124475,0.6854775755000234,0.2790069878101349,0.27661627531051636,-0.8745993923281576,-0.8696394917699802,0.7657124996185303,0.7787563800811768,0.628449238958048,0.632645281840199
95,3.9583333333333335,95,3.9583333333333335,0.0,0.02164118628825114,0.028082789604307344,0.5590071239883386,0.5528003262456546,0.08059984123311044,0.08250306088723289,0.07511348728561956,0.07836379879660747,0.09933860353714184,0.09595102634492415,0.15761038160425947,0.154411199227418,0.07993059450686518,0.08060998400697511,0.4612962305545807,0.4615500420331955,0.45309963822364807,0.4526668190956116,0.5012660324573517,0.5010389089584351,0.246872216463089,0.2468709796667099,0.3037361800670624,0.30359309911727905,0.481439009308815,0.4878122955560684,-170.3994140625,-171.395263671875,22.785200119018555,22.763126373291016,-3.30739426612854,-3.089735984802246,0.6049310564994812,0.6056287288665771,0.40762098109004247,0.4050957849039425,0.8599683046340942,0.8607643246650696,0.8372329272925499,0.812538242168949,0.3130781054496765,0.3138013482093811,-0.73997327589482,-0.7252058250196197,0.8329088091850281,0.8494195938110352,0.7773826043039077,0.7878218525355711,0.7247182130813599,0.7221546769142151,0.8786357591124572,0.8564224094979216,0.797731339931488,0.8024287819862366,0.6995769075676052,0.6854445260750293,0.27896034717559814,0.27628353238105774,-0.8741276276520807,-0.8705192892191412,0.7653753757476807,0.7793720364570618,0.6280118293992079,0.6352115577032792
96,4.0,96,4.0,0.0,0.02310211569380808,0.028652389308250106,0.5616531656700898,0.5569302849891515,0.08108091102620274,0.08159866204449161,0.07611056422766622,0.07726982551924644,0.10192224038017773,0.09549826742073897,0.15893582640402618,0.15286031643872328,0.08079978690075525,0.0808050312322174,0.46176494657993317,0.4618532955646515,0.4532415270805359,0.4529432952404022,0.5014538764953613,0.5010625123977661,0.24646246433258057,0.24677062034606934,0.30248838663101196,0.30271250009536743,0.4812057316303253,0.488144114613533,-171.17832946777344,-171.9600830078125,22.157005310058594,22.70965576171875,-3.2816896438598633,-3.1744983196258545,0.6048762798309326,0.6058515906333923,0.4071314104029707,0.4055811767296715,0.8601909875869751,0.8606791496276855,0.8391987441965784,0.8110570799473749,0.3127579092979431,0.313994824886322,-0.7428183138731468,-0.7240366468191269,0.8318331241607666,0.8493512868881226,0.7764050523541327,0.7863948538154203,0.7245303988456726,0.7219628691673279,0.8781604008716238,0.8549843948159023,0.7980917096138,0.8021029233932495,0.7016903971790792,0.6835290395249923,0.2793247103691101,0.2763569951057434,-0.8744310495587932,-0.8697120888497668,0.7653588056564331,0.7803394794464111,0.6292089181157574,0.6361471998640581
97,4.041666666666667,97,4.041666666666667,0.0,0.04395453337922908,0.04332342105124916,0.5445455155603152,0.5562132591779949,0.08016865787749294,0.08346042506176904,0.07630022418984565,0.07962370702636615,0.10056039255409555,0.0945687611716465,0.15824706997157276,0.15040991836255949,0.08095548223993904,0.08107011686138058,0.46242840588092804,0.4625166654586792,0.45378178358078003,0.45343250036239624,0.5012402236461639,0.500576838850975,0.24507790803909302,0.24598504602909088,0.30117371678352356,0.3020608723163605,0.4830160588026047,0.4886544942855835,-171.17300415039062,-172.40025329589844,24.113222122192383,23.90223503112793,-3.111982822418213,-2.9440808296203613,0.6050636768341064,0.6056799292564392,0.40694519688776626,0.40467493121981857,0.8605576157569885,0.8613235950469971,0.8323917107570408,0.8071174330062958,0.31273210048675537,0.3136635422706604,-0.7388742421732297,-0.7196660454598393,0.8315895795822144,0.8500263094902039,0.7685238987383879,0.782650054036834,0.7243321537971497,0.7217457294464111,0.8744285289280678,0.8515592190904656,0.7988202571868896,0.8035914301872253,0.6962751308172208,0.6820825519058451,0.2787989675998688,0.2760227620601654,-0.8718781542919657,-0.864593088841529,0.767961859703064,0.7824538350105286,0.628239509838188,0.6363032760708354
98,4.083333333333333,98,4.083333333333333,0.0,0.15486917104637057,0.13948611623833693,0.6118471341671934,0.5950121457884888,0.07903191790685497,0.08274012198844981,0.07538473385125459,0.0785142434343457,0.09964326744802132,0.0924212994792862,0.15599719779972893,0.1505077611585303,0.08037959684758984,0.08131937013446044,0.46351416409015656,0.46331627666950226,0.4554268717765808,0.45575377345085144,0.5002684891223907,0.499549463391304,0.24354824423789978,0.24439644813537598,0.2990250885486603,0.29785609245300293,0.4840784817934036,0.48961837589740753,-171.01402282714844,-173.07797241210938,23.53120040893555,22.688142776489258,-3.2551991939544678,-3.9602022171020512,0.6050103306770325,0.6057939529418945,0.40966674542399695,0.40795624974683004,0.859959602355957,0.8611240983009338,0.8269581772281124,0.8024079279374989,0.3134872317314148,0.31373101472854614,-0.7305396648162334,-0.713503333404751,0.8327001929283142,0.8508751392364502,0.7669860469469725,0.780271402143918,0.7233684659004211,0.7219281792640686,0.872589597760177,0.8538869859012342,0.7974503636360168,0.8037946224212646,0.6894345739292973,0.6785831166997823,0.2782747745513916,0.27530431747436523,-0.8682627802132119,-0.8610536804230574,0.7716003656387329,0.7842257618904114,0.632563222707424,0.6363167184083335
99,4.125,99,4.125,0.0,0.15915488794453744,0.1414845234605603,0.6120835461596031,0.6008961054176291,0.0753258177319418,0.07849353441297945,0.07268444995549614,0.07503533989914528,0.1007675983482644,0.09368326859159012,0.1593313326670252,0.15173721343590804,0.08117189560759099,0.0823006533727051,0.46450892090797424,0.464392825961113,0.4564257264137268,0.4567839205265045,0.500068262219429,0.499150887131691,0.2431480959057808,0.24336904287338257,0.29777848720550537,0.2975158393383026,0.48402419686317444,0.48849213123321533,-171.91769409179688,-172.76295471191406,22.5643253326416,21.804174423217773,-3.4025285243988037,-3.732692003250122,0.6047005653381348,0.6060943007469177,0.40899865144142455,0.41084829459989564,0.8595411777496338,0.8610056638717651,0.8256732193254047,0.8049928578089041,0.3139205276966095,0.3125312924385071,-0.72763544449877,-0.7169430975382819,0.8332659602165222,0.8490959405899048,0.7679002168959909,0.7792562299004611,0.7233725786209106,0.7219952940940857,0.872877319403355,0.8561092400793648,0.797057032585144,0.8039060831069946,0.6882853303064543,0.6816020258733497,0.2783185541629791,0.27479875087738037,-0.8668004894217363,-0.8619015370274563,0.7718522548675537,0.7824683785438538,0.6328659724086118,0.6352756577038196
100,4.166666666666667,100,4.166666666666667,0.0,0.12682892876491866,0.11153409600861929,0.6048812583598018,0.5937291708226722,0.07544208513984552,0.07770072849362494,0.0738178378907559,0.07483739155201419,0.09942295222158462,0.09456001827011568,0.15849056416556398,0.1519412292488165,0.0817084834318206,0.08270958362731516,0.46514151990413666,0.46502767503261566,0.45692431926727295,0.457571417093277,0.5001812130212784,0.4990657866001129,0.24240290373563766,0.24246568232774734,0.29692453145980835,0.2965846359729767,0.48345574736595154,0.48767033219337463,-172.58554077148438,-173.23561096191406,21.619295120239258,20.72673225402832,-3.4191102981567383,-3.764101028442383,0.6048581004142761,0.6066467761993408,0.41085352142635656,0.412689546406492,0.8593111038208008,0.8612537384033203,0.8298115666522893,0.8061169213382164,0.3134255111217499,0.31132972240448,-0.7330103108989169,-0.7201710215314088,0.831757664680481,0.8478328585624695,0.768979222222381,0.7771573954087461,0.7232835292816162,0.7219529747962952,0.875669639753428,0.8550136314897872,0.7967162132263184,0.8034490346908569,0.6916148818462932,0.6813861409529334,0.2790730595588684,0.2745380997657776,-0.8678426129069945,-0.8613067195286865,0.7697601914405823,0.7814584970474243,0.6321015124487708,0.6339350384440229
101,4.208333333333333,101,4.208333333333333,0.0,0.0939361369438261,0.08866105018120653,0.5913335422279385,0.5862947682683995,0.0767150118389955,0.07997731543509183,0.07555742409690513,0.07738869386753126,0.0967707376086104,0.09438471666305381,0.15663672431101522,0.1515332471513699,0.08196264304326877,0.08274713181953718,0.46572306752204895,0.46541886031627655,0.4577905237674713,0.4578854441642761,0.5001474320888519,0.4989215284585953,0.24154384434223175,0.2418428733944893,0.2971479296684265,0.2967093288898468,0.48367707431316376,0.487239733338356,-172.16831970214844,-172.8353729248047,20.902822494506836,20.462791442871094,-3.362154722213745,-3.609046697616577,0.6048023700714111,0.6070370078086853,0.4098206081983842,0.41317909659922003,0.859358549118042,0.8607804775238037,0.8275159545455053,0.8029915404920784,0.31294751167297363,0.31026697158813477,-0.7330603478290677,-0.7209709455632927,0.8318377733230591,0.8476338982582092,0.766895768086627,0.7747306556997089,0.7229900360107422,0.722186267375946,0.872634327937781,0.8532388117118855,0.7966831922531128,0.8040751218795776,0.6894605505906,0.6810934032963606,0.2794150114059448,0.2745898962020874,-0.8643710142797648,-0.857316100446954,0.7702515721321106,0.7813408970832825,0.6312394542057556,0.63222218783932
102,4.25,102,4.25,0.0,0.07289713332195903,0.06466885786469465,0.5773198886395474,0.5634803758242624,0.07631413307066552,0.07964932928377211,0.07481107277703553,0.07754196530231047,0.0973842709267457,0.09631929204705585,0.15602281893227968,0.15296834530408465,0.08150359083276489,0.08217701939393175,0.4663764089345932,0.4660785496234894,0.45822039246559143,0.4584549367427826,0.4998045861721039,0.49868476390838623,0.24139262735843658,0.24135609716176987,0.29551318287849426,0.2967379689216614,0.48306065797805786,0.48753659427165985,-172.62171936035156,-172.0571746826172,21.168302536010742,20.868141174316406,-3.2916176319122314,-3.230020046234131,0.604620099067688,0.6075896620750427,0.40979093931283833,0.4159052445676302,0.8588697910308838,0.8596571683883667,0.8264691459038207,0.7993798424867182,0.31277358531951904,0.3103474974632263,-0.7312239133567224,-0.7192555907100207,0.8325589299201965,0.8483631610870361,0.7686070212303175,0.7751183466019194,0.7224006652832031,0.7218860387802124,0.8702705718490574,0.852400418861929,0.7965292930603027,0.8033590912818909,0.6893716312840185,0.678441761821591,0.278823584318161,0.2747043967247009,-0.863956200932109,-0.8553757540760409,0.7705622911453247,0.7813030481338501,0.63226571232984,0.6310615374429424
103,4.291666666666667,103,4.291666666666667,0.0,0.0673609902641391,0.04948568253960488,0.5613758660866452,0.5570059332704569,0.07705540532949433,0.07983977961858482,0.07464350832884584,0.07711064331169959,0.09809400077176912,0.09599340054416053,0.15737159567432063,0.15491094528564117,0.0811256352540361,0.08123600513412911,0.46629783511161804,0.4663422852754593,0.45856818556785583,0.4584219455718994,0.499733105301857,0.4981868714094162,0.24138717353343964,0.24181200563907623,0.29585111141204834,0.2968369424343109,0.4836895167827606,0.48787494003772736,-171.78140258789062,-171.99002075195312,21.40259552001953,22.009374618530273,-3.357733726501465,-3.2480814456939697,0.6048779487609863,0.6086714863777161,0.41061437187149685,0.4213721413898949,0.8588451147079468,0.8587824702262878,0.8241004005489103,0.795705188615119,0.3131807744503021,0.3103906512260437,-0.7285290046919927,-0.716227281656368,0.8328127264976501,0.8485773205757141,0.7669153240899728,0.7738121563452508,0.7226896286010742,0.7227374911308289,0.870695601964986,0.8564031789366123,0.7968649864196777,0.8029378056526184,0.6879492972975566,0.6759020416281879,0.2790370583534241,0.2748764157295227,-0.8618679310457891,-0.8516733749000991,0.7723872065544128,0.7823235392570496,0.6341792128230724,0.631678407985297
104,4.333333333333333,104,4.333333333333333,0.0,0.05010804891870958,0.04783612252033284,0.5447560865032915,0.551650359901782,0.07421205496015344,0.07921088024288597,0.07190284975497348,0.07606065812398927,0.10046708073307246,0.09688909388581242,0.16217037540846382,0.15517241455760877,0.08126235538039475,0.08112078120080847,0.46650230884552,0.4665628522634506,0.4589053690433502,0.4587754011154175,0.49984920024871826,0.49792687594890594,0.24177023768424988,0.24239788949489594,0.29680854082107544,0.29724228382110596,0.4835321307182312,0.4877520799636841,-171.55264282226562,-172.1277618408203,21.694272994995117,21.757400512695312,-3.4684717655181885,-3.237844944000244,0.6048781275749207,0.6087205410003662,0.41029876314429264,0.42216813116727553,0.8580522537231445,0.8586174845695496,0.8229793950472527,0.7948942705450466,0.31294360756874084,0.3116355538368225,-0.7301524965895176,-0.7098443694611098,0.8323285579681396,0.849048912525177,0.7664535363003896,0.7743854740897598,0.722762942314148,0.7226029634475708,0.8708194493241685,0.856105662117335,0.7974411249160767,0.80254065990448,0.6897910640209985,0.6747020226755132,0.27881455421447754,0.27456429600715637,-0.8634787023789806,-0.8511006735169536,0.7713584899902344,0.7825243473052979,0.6324764638326759,0.6318000641619181
105,4.375,105,4.375,0.0,0.04859576574436847,0.05214504980953252,0.5417105376784358,0.5523933018157386,0.0738449295149206,0.07846777141564881,0.07107668078983125,0.0754358165079571,0.09655565746603398,0.09655403552361976,0.1601523765908195,0.1559393310771773,0.08163946745993561,0.08145515122423957,0.46685791015625,0.46679791808128357,0.4592244029045105,0.4588843286037445,0.4998040944337845,0.49797293543815613,0.24259287118911743,0.24297071993350983,0.2967395484447479,0.2973165810108185,0.4835924655199051,0.4878048896789551,-172.55027770996094,-172.7813262939453,21.80475616455078,21.76777458190918,-3.730751514434815,-3.3680267333984375,0.604728639125824,0.6091938018798828,0.41060302520642133,0.42360491436563025,0.8577021956443787,0.8580434918403625,0.8235056479111464,0.7931931229663044,0.3125229775905609,0.3121713697910309,-0.7328904153510141,-0.7076590825354535,0.8319543600082397,0.8498872518539429,0.7668284584117088,0.7757193278819375,0.7222533226013184,0.7224776744842529,0.8705143902078102,0.8550671632119284,0.7969916462898254,0.801915168762207,0.689867102170493,0.6729447220450658,0.27901798486709595,0.27450960874557495,-0.8640060795852721,-0.8511007547047493,0.7706905007362366,0.7834025621414185,0.6319719442372653,0.6332836165469731
106,4.416666666666667,106,4.416666666666667,0.0,0.08247547353418445,0.07209136392335767,0.564520154276394,0.5577806390810995,0.07339767381231906,0.08117154629490914,0.07088112705900906,0.07673529475651934,0.09650291574704595,0.09202364019001838,0.15969834866228574,0.15196098123003848,0.08124693721856399,0.0816785155087655,0.4668172150850296,0.46686266362667084,0.4598209857940674,0.45992645621299744,0.49985337257385254,0.4979056417942047,0.24381210654973984,0.24470290541648865,0.2982315421104431,0.29855233430862427,0.4833941161632538,0.4879404157400131,-171.85716247558594,-172.96435546875,21.183528900146484,20.97690200805664,-3.8079571723937984,-4.034265041351318,0.6047492623329163,0.6092244386672974,0.4105083304138861,0.4236387186936114,0.857472836971283,0.8578545451164246,0.8234723753683691,0.7918639808474267,0.31285732984542847,0.3121457099914551,-0.731805921764596,-0.7069345133440912,0.8320459127426147,0.849656879901886,0.7674992110898318,0.7743154870351411,0.7223281860351562,0.7222171425819397,0.8706515044861346,0.8536477167489622,0.7973420023918152,0.8020542860031128,0.69110429766248,0.6724140550274194,0.2785254120826721,0.27459609508514404,-0.866163314347542,-0.8498346451563602,0.7707618474960327,0.7835330963134766,0.6325924869868823,0.6327663048255291
107,4.458333333333333,107,4.458333333333333,0.0,0.07010845130258314,0.07129191616475991,0.5653838307948198,0.5546604193232844,0.0734644875495637,0.07977579482186316,0.0709679446491316,0.07669105293402814,0.09555125329071387,0.09328789351525014,0.1573780681815899,0.15061861866085063,0.08135664131549644,0.08182976187897972,0.4668549746274948,0.46702562272548676,0.4601326286792755,0.45992398262023926,0.5002346485853195,0.4983898103237152,0.24512538313865662,0.24559298157691956,0.3001296818256378,0.30088719725608826,0.48410841822624207,0.4884203374385834,-171.64393615722656,-171.8338165283203,20.467622756958008,21.0295352935791,-3.773922920227051,-3.3028542995452885,0.6046989560127258,0.609209418296814,0.40912639975723697,0.42258601294784587,0.858165979385376,0.8589257001876831,0.8240442618691838,0.794722546145388,0.3132237195968628,0.31226110458374023,-0.7324138739489775,-0.7097605657736337,0.832528829574585,0.8491488695144653,0.7675659323661067,0.7737515466753652,0.7227773666381836,0.7218887209892273,0.871571384249388,0.852263559525066,0.7977515459060669,0.802122950553894,0.6909519990408897,0.6728824046638365,0.27856695652008057,0.2751506268978119,-0.8681444124843202,-0.8512731472627626,0.7701863646507263,0.7832632660865784,0.6302262396939643,0.6324289646700043
108,4.5,108,4.5,0.0,0.05767008133586828,0.05330176259787557,0.5682645980034988,0.5498429418497632,0.07446915285082001,0.08142064926509182,0.07162767011219029,0.07849511578873403,0.09259871191717582,0.09082691147518025,0.15415295443966917,0.1487691086563785,0.08098225940030987,0.08234090257110603,0.4667763113975525,0.4672227054834366,0.4599141478538513,0.46036484837532043,0.5002269297838211,0.4986826777458191,0.24657945334911346,0.24703393131494522,0.3018617630004883,0.3022240400314331,0.4834167808294296,0.4881753474473953,-171.37353515625,-172.32278442382812,20.18655776977539,19.662578582763672,-3.6994633674621586,-3.5350892543792725,0.6043291091918945,0.6093589067459106,0.4079724964923261,0.422122203590865,0.8577080368995667,0.8597207069396973,0.8250937031301595,0.7971099156172956,0.3133043348789215,0.3124714195728302,-0.7325425666185574,-0.7102148974857512,0.8323145508766174,0.8488709926605225,0.7691158915241812,0.7738330407685223,0.7227271199226379,0.7220091223716736,0.8719698142449317,0.8517732468595492,0.7973871231079102,0.8021002411842346,0.6921213044182145,0.673491510965635,0.27827349305152893,0.27538013458251953,-0.8698271083621743,-0.8516820860191964,0.7696207761764526,0.7817621827125549,0.6309127198185784,0.6298584318327597
109,4.541666666666667,109,4.541666666666667,0.0,0.04549891594797381,0.04617095862697881,0.5607137347922946,0.547985404612655,0.0800124437547319,0.08515614931030595,0.07633115175919443,0.08149971542132617,0.08971703376692736,0.08649509545947337,0.1524347806941609,0.14666469437881927,0.08109395073853247,0.08239645443142089,0.4667973071336746,0.46699586510658264,0.46038201451301575,0.46034449338912964,0.4999219924211502,0.49903327226638794,0.2484014555811882,0.248836949467659,0.3041606545448303,0.3043043315410614,0.4830479621887207,0.4877606928348541,-171.20384216308594,-171.8612518310547,19.76005744934082,19.103395462036133,-4.050230979919434,-3.876636505126953,0.6043254137039185,0.6095609664916992,0.409522702786791,0.4216181877656275,0.8579151630401611,0.8597936630249023,0.827109906058011,0.7982743657709234,0.31330010294914246,0.3122307360172272,-0.7320248669702212,-0.7125756793844154,0.8318243026733398,0.8487743735313416,0.7695428289225367,0.7746301808826193,0.722713828086853,0.7220960259437561,0.8739015788911512,0.8508936572199415,0.7969242334365845,0.8021213412284851,0.6925390448564283,0.6745263654766122,0.2784164547920227,0.2757451832294464,-0.8688560713583956,-0.8517532199440961,0.7689965963363647,0.7809744477272034,0.6309192892578606,0.629151292968556
110,4.583333333333333,110,4.583333333333333,0.0,0.034113173061452846,0.038784767444840995,0.5578638258469514,0.5381247793058195,0.08404988262808652,0.08525318018212266,0.0825589180607322,0.08258907654304132,0.09082050006075969,0.08795759774369191,0.1575739871757706,0.1507965343756688,0.08060860137617538,0.08167051692381534,0.4665941298007965,0.46701882779598236,0.46074196696281433,0.46141159534454346,0.5003448575735092,0.49913984537124634,0.25143350660800934,0.251653328537941,0.3101683259010315,0.31018850207328796,0.4832918494939804,0.48873792588710785,-169.65357971191406,-169.90304565429688,19.692697525024414,19.175294876098633,-4.085302829742432,-3.9056987762451176,0.6048795580863953,0.6093262434005737,0.4105780879617812,0.4200776388815516,0.8587384819984436,0.8596333265304565,0.8294802095270082,0.7953816230085755,0.31289058923721313,0.3125113248825073,-0.7362590096510933,-0.7115076782344777,0.8319913148880005,0.8483654260635376,0.7703872683251437,0.771217718722539,0.722927987575531,0.7220334410667419,0.8742336801119287,0.8497656432753302,0.7973768711090088,0.8021227121353149,0.6939130278001137,0.6720506630169357,0.2785770893096924,0.27649974822998047,-0.8710312060834302,-0.8487991984506943,0.7684520483016968,0.7814607620239258,0.6300089572729781,0.627741309529099
111,4.625,111,4.625,0.0,0.03874092068469047,0.042478437588205714,0.5512172335848032,0.5402896256645091,0.08373142472530941,0.0886572870517379,0.08245567827642446,0.0857226212108406,0.08800112662281767,0.08329697845885019,0.15642998475775505,0.1474294631096011,0.0807849867506121,0.08191257922614564,0.46674877405166626,0.4667558968067169,0.46123436093330383,0.46145594120025635,0.5001827776432037,0.49951352179050446,0.25280003994703293,0.25300564616918564,0.31087440252304077,0.3116198480129242,0.48361752927303314,0.48843705654144287,-170.2020263671875,-169.91238403320312,19.196575164794922,18.756881713867188,-4.370683670043945,-4.119314670562744,0.6049312949180603,0.6088237166404724,0.41119996742134957,0.4182348628860084,0.8586354851722717,0.8589435815811157,0.8280942640887089,0.7974031569054627,0.3129221796989441,0.31327909231185913,-0.7351087516774346,-0.7125568771015512,0.83154296875,0.8482226729393005,0.7682700420852154,0.7743296458655071,0.7230600714683533,0.7224256992340088,0.8749253769328406,0.8528906576066994,0.7968637347221375,0.8022938966751099,0.6916932426820985,0.6754818558516908,0.27827832102775574,0.2766956686973572,-0.8711064147237061,-0.8525297605120364,0.7684412002563477,0.7800822854042053,0.628932147135228,0.6276780852015525
112,4.666666666666667,112,4.666666666666667,0.0,0.04215628416995593,0.04132392550441013,0.5526573342550511,0.5440642629871805,0.08946869737663232,0.09030932259519056,0.08754449156509578,0.08726805849850683,0.08446264440319896,0.0803899378631454,0.150497465667555,0.14405116760405393,0.08006868472084896,0.08165496020841359,0.466671958565712,0.46692849695682526,0.46165814995765686,0.4618909955024719,0.500150665640831,0.49981051683425903,0.25290776044130325,0.2534254565834999,0.31097543239593506,0.31187570095062256,0.4834577143192291,0.4876083582639694,-169.67970275878906,-169.728759765625,18.936845779418945,18.568748474121097,-4.200719833374023,-4.016257286071777,0.6052172780036926,0.609329342842102,0.4122571147651071,0.41960226429817926,0.8582699298858643,0.8586066961288452,0.8272555571168844,0.7995461457639779,0.31382304430007935,0.3136214017868042,-0.7311065413405846,-0.7133510932265784,0.8324670791625977,0.8480818271636963,0.7703055678589039,0.7768637842628849,0.7231976389884949,0.7224217057228088,0.875184795830541,0.852895911329947,0.7970002293586731,0.802273690700531,0.6920259724370458,0.6781417275427982,0.2780231237411499,0.2769301235675812,-0.8715771592327166,-0.8539273209125646,0.768399715423584,0.779015064239502,0.6289012046024846,0.6280165834526569
113,4.708333333333333,113,4.708333333333333,0.0,0.04716218118450057,0.037500726856876755,0.5379895111511493,0.5361779341813393,0.08710471456795103,0.09127337814963125,0.08375236437859893,0.08803616516764477,0.08595928557341347,0.08154250916966875,0.1496052861302124,0.1416801507682726,0.0805960426635615,0.08160355012807713,0.46688729524612427,0.46749448776245117,0.4621206223964691,0.4625866711139679,0.49962612986564636,0.49999572336673737,0.25294847786426544,0.2535650432109833,0.3103119432926178,0.3113929331302643,0.48369550704956055,0.48760876059532166,-170.1919708251953,-170.3036346435547,19.366979598999023,18.260231018066406,-4.445557594299316,-3.834579944610596,0.6057502031326294,0.6094512939453125,0.4151037232200858,0.4200532072053476,0.8580087423324585,0.8586651086807251,0.823569829339237,0.8009931987641437,0.3138383626937866,0.31335413455963135,-0.7267078195139264,-0.7162668611740124,0.8331937789916992,0.848487138748169,0.7689715592348876,0.7790221834850113,0.7235059142112732,0.7226980924606323,0.875704533143779,0.8546558562130464,0.7968854904174805,0.8021422028541565,0.6890854953556088,0.6789781372375662,0.27730464935302734,0.2768183946609497,-0.8696092363550633,-0.856478589466493,0.7705730199813843,0.778693675994873,0.6311923867398485,0.6283601903078415
114,4.75,114,4.75,0.0,0.03720706235138627,0.03132401384451991,0.5284932047182477,0.5288855557248183,0.08520196062643541,0.08805471875995664,0.08293426157526392,0.08508485190625559,0.0905077501317554,0.0856954763983544,0.1498357998440334,0.14394100107636107,0.08087834682361715,0.0820347008764989,0.4679100513458252,0.4682683199644089,0.4629109501838684,0.46367064118385315,0.500045508146286,0.5005139112472534,0.25196176022291183,0.2526624724268913,0.3092287480831146,0.31095707416534424,0.48387542366981506,0.4869462847709656,-170.24984741210938,-169.96653747558594,19.129053115844727,17.982027053833008,-3.836549520492554,-3.806520700454712,0.6055067777633667,0.6093363165855408,0.412779846349115,0.41865206863619275,0.8583857417106628,0.8584553003311157,0.8245401421330145,0.803945862860132,0.313713401556015,0.3123144507408142,-0.7293117047377347,-0.7240245536965286,0.833534836769104,0.8477184772491455,0.7698271804185337,0.7807113675034142,0.7232912182807922,0.7222325801849365,0.8737931020744658,0.8529767295390408,0.7964035272598267,0.801356315612793,0.6880770823690984,0.6803836056465458,0.27753034234046936,0.27647095918655396,-0.8709337208358119,-0.8619185088952506,0.770368218421936,0.7765294313430786,0.6307564793962055,0.626658204484343
115,4.791666666666667,115,4.791666666666667,0.0,0.029358731773201505,0.024843201396170612,0.5331782273987343,0.5324802015823987,0.0851910873132193,0.08799786661539025,0.08334697740780281,0.08561958033215827,0.09109551147296815,0.08621783949882936,0.14815037898233294,0.14474382925618107,0.08103058985739925,0.0817173402955051,0.46861113607883453,0.4686177521944046,0.4635280966758728,0.46384280920028687,0.5000548660755157,0.4999793767929077,0.251123808324337,0.2522332966327667,0.30893033742904663,0.3105354309082031,0.48432114720344543,0.48680366575717926,-169.9069061279297,-169.74107360839847,18.573335647583008,17.84811782836914,-3.615642786026001,-3.67696213722229,0.6054837107658386,0.609531581401825,0.41149802095622,0.4208712445500862,0.8590993881225586,0.8586066365242004,0.8228206806199221,0.8034586206724004,0.31299805641174316,0.3125215768814087,-0.7300991223902884,-0.7201643986172392,0.8334659337997437,0.8472635746002197,0.7665427700325506,0.7789464956916832,0.7234337329864502,0.7220577001571655,0.871867295210241,0.8531674983225648,0.7972128391265869,0.8007795214653015,0.6869495792422043,0.6784954069389606,0.27735790610313416,0.27578526735305786,-0.8692057526645076,-0.8612958013723756,0.771728515625,0.7772079706192017,0.6309990834042144,0.6275577673314919
116,4.833333333333333,116,4.833333333333333,0.0,0.028256139296093122,0.022104652210326804,0.531264735713912,0.5332769151188442,0.08405998452491005,0.08776213277682016,0.08224493095189529,0.08544992834566913,0.09247011225710994,0.08904726187669067,0.14801991421438201,0.14521471854694307,0.0812517882763091,0.08136484995475349,0.46906182169914246,0.469064325094223,0.46410632133483887,0.4642474055290222,0.499769851565361,0.49996140599250793,0.25020863115787506,0.2514277622103691,0.3081490695476532,0.309430867433548,0.4840700328350067,0.4872637391090393,-169.61584472656253,-169.634033203125,17.91619110107422,17.906761169433594,-3.4867782592773438,-3.3641676902770996,0.6057936549186707,0.6093514561653137,0.4132710908700507,0.41952302690131676,0.8586959838867188,0.858228325843811,0.8213949574671414,0.8002634120338556,0.3127759099006653,0.3132719397544861,-0.7288852862629087,-0.7159748975619036,0.8340174555778503,0.8473027944564819,0.7672854686458064,0.7766943077609506,0.7234421372413635,0.7222945690155029,0.8718541174257324,0.8526724449308145,0.7967531085014343,0.8008643388748169,0.6855806462864809,0.6765149422843847,0.2772982716560364,0.27550071477890015,-0.8671738761373177,-0.8608317525180565,0.7730754613876343,0.7774489521980286,0.6336656631163022,0.6260020957590744
117,4.875,117,4.875,0.0,0.030204264640323938,0.022463072266287232,0.5299907304875386,0.5284923039730083,0.08341162399781889,0.08387190988057036,0.08216382000374217,0.08236060483163941,0.09196354552723553,0.08997727243168374,0.14828557834685976,0.1463068089267672,0.08188564881780966,0.08203857093637033,0.47008006274700165,0.47000545263290405,0.4653033912181854,0.4653962254524231,0.4995456039905548,0.5002740025520325,0.24877053499221802,0.25019633769989014,0.30602821707725525,0.30760863423347473,0.4842960238456726,0.48737771809101105,-169.93252563476562,-169.7157440185547,17.41388511657715,17.02085304260254,-3.607758045196533,-3.409247398376465,0.6064841151237488,0.6090352535247803,0.4173471463932734,0.4167083479866772,0.857977569103241,0.858244776725769,0.8203279180508878,0.7992797190505304,0.31268030405044556,0.31326666474342346,-0.7292760939302076,-0.716500758336608,0.8341680765151978,0.8470547795295715,0.7680599060698976,0.775163428301825,0.7228907346725464,0.7226026654243469,0.8716453218136171,0.8518310426460921,0.7959162592887878,0.8020502328872681,0.6840872454308092,0.6781712027623699,0.2771056294441223,0.275275856256485,-0.8681127840382834,-0.8620589134854224,0.7731519341468811,0.7776772379875183,0.6341136470915543,0.625643376247917
118,4.916666666666667,118,4.916666666666667,0.0,0.029736369884298276,0.029855432479449794,0.557814558205707,0.55193036112803,0.05111003459271838,0.052206374203333315,0.0507460727380275,0.05159096171413239,0.1210717764765584,0.11895562785923354,0.18009621878332724,0.17919893909775894,0.08005932770284956,0.08085197988074748,0.47218388319015503,0.4722645580768585,0.467597097158432,0.46732696890830994,0.5000396370887756,0.5005583614110947,0.2471073493361473,0.24878045171499252,0.30098584294319153,0.30091094970703125,0.48490074276924133,0.4880037009716034,-172.38255310058594,-173.64639282226562,17.326622009277344,17.44353675842285,-3.8422317504882817,-3.874117612838745,0.6062540411949158,0.6090711951255798,0.414373993629503,0.41687370492129894,0.8584698438644409,0.8574315309524536,0.819789871357991,0.7983172855118672,0.31180429458618164,0.3133127987384796,-0.7343620789612669,-0.7193411946718569,0.8329742550849915,0.8458016514778137,0.7638403150793127,0.7731856276898077,0.7227712869644165,0.7225586175918579,0.8689424381125166,0.8528582852333942,0.796675980091095,0.8018529415130615,0.6841844813914505,0.6782143992292231,0.27703413367271423,0.2754218280315399,-0.8700108222565376,-0.8649069199502838,0.772659957408905,0.7759313583374023,0.6314818031253864,0.6221989985539815
119,4.958333333333333,119,4.958333333333333,0.0,0.08466209868467603,0.0656283216920508,0.5587507263511101,0.5570275974772566,0.0431599537019069,0.04654303281460256,0.04234417718120204,0.04513036453845305,0.12881918716116464,0.12729644952584523,0.18526863337443936,0.18144656065453657,0.0802789291905677,0.08213381425743056,0.47404836118221283,0.4746634215116501,0.4700528681278229,0.47102561593055725,0.50007663667202,0.5000762045383453,0.24513299018144608,0.24632415175437927,0.29429906606674194,0.2948352098464966,0.48464658856391907,0.48861685395240784,-175.6011199951172,-176.1863555908203,16.320688247680664,14.192546844482422,-4.176491737365723,-4.314731121063232,0.6062813401222229,0.6087297797203064,0.4159884715379996,0.4158541152474998,0.8588634133338928,0.8587613105773926,0.824486180416491,0.7968760216771169,0.31194162368774414,0.31441524624824524,-0.7368976509670868,-0.710587510962555,0.8324701189994812,0.8477202653884888,0.7663356511136907,0.7731059934953763,0.7225264310836792,0.7218788862228394,0.8713036896208343,0.8489141548905205,0.7967929244041443,0.8010231852531433,0.6877305431847075,0.6725728562940456,0.2767878770828247,0.2748444378376007,-0.8745897949489325,-0.8620384272686106,0.7715346217155457,0.7777973413467407,0.6320806628771419,0.6225704376140883
120,5.0,120,5.0,0.0,0.1330284706694425,0.11770941140720259,0.6119801649546005,0.6086797046735599,0.04778708873164578,0.04335622117207628,0.04823808123633048,0.0420273009724281,0.1186638530783663,0.12232786251851485,0.1686495891171101,0.16945445004706428,0.08192277911799394,0.0829840043537869,0.4762033522129059,0.4764970988035202,0.47224071621894836,0.473259836435318,0.4993114024400711,0.49911078810691833,0.24071554094552994,0.2421468198299408,0.2889123558998108,0.2884710431098938,0.48526667058467865,0.4888947308063507,-176.70973205566406,-178.1643524169922,13.637431144714355,11.794208526611328,-3.901809930801392,-4.180453777313232,0.605443000793457,0.6076831817626953,0.41374576325057755,0.4155370455930737,0.8598538637161255,0.8595672845840454,0.8214181725656504,0.7980007360964442,0.3124885559082031,0.3139675259590149,-0.7283143044128781,-0.7085952660150291,0.8329904079437256,0.8479669690132141,0.7625103103803577,0.7730270490237665,0.7230276465415955,0.7227688431739807,0.8721403390075743,0.8560021962886417,0.7988618016242981,0.8024131655693054,0.6876709727063672,0.674956748674436,0.2763117253780365,0.27430906891822815,-0.8693468582603352,-0.8603793201066791,0.7752010822296143,0.7792395949363708,0.635786270711364,0.6250676316232844
121,5.041666666666667,121,5.041666666666667,0.0,0.15311280877366346,0.13165288127847546,0.6331190015801405,0.6270449284975499,0.056347304659730854,0.051126612324897916,0.05562108286428765,0.049645424854372185,0.10892413762973381,0.11620879738207127,0.15021284702529633,0.15398667029739466,0.08253560144709023,0.0841432487715635,0.47841568291187286,0.4788466840982437,0.47527459263801575,0.47611531615257263,0.4996091276407242,0.4994702786207199,0.2355889528989792,0.23682662844657898,0.2843846082687378,0.2837776839733124,0.48492424190044403,0.48816610872745514,-176.61480712890625,-177.87075805664065,11.33486557006836,9.275700569152832,-3.456001043319702,-3.5429489612579346,0.6059025526046753,0.6055055260658264,0.41703134176846357,0.40766399768607237,0.8598189353942871,0.8547873497009277,0.827359226313701,0.7928522348684286,0.31291136145591736,0.31591102480888367,-0.7324895209993497,-0.7057134398629537,0.8332380652427673,0.8495879173278809,0.7686976113456365,0.7816079829912829,0.7220398187637329,0.7238987684249878,0.8726839839903013,0.8628396458038169,0.796804666519165,0.8026673793792725,0.6882923426046609,0.680137993759331,0.27676528692245483,0.27384817600250244,-0.8743049340172768,-0.8674286195945926,0.7741739749908447,0.7800161838531494,0.6383484203279306,0.6311526950689371
122,5.083333333333333,122,5.083333333333333,0.0,0.12127452539067249,0.11312331002819052,0.6282110894069781,0.6310072360327883,0.0680365853589206,0.06678472048653998,0.0660694266510175,0.06454231447985105,0.10355415411986992,0.10506979161796468,0.1311030055857065,0.128685571985136,0.08342334233599699,0.08401999068121994,0.48302046954631805,0.48297737538814545,0.4795508086681366,0.47998082637786865,0.49974918365478516,0.49938347935676575,0.22908637672662735,0.2291976511478424,0.2753516435623169,0.2762911319732666,0.4859421104192734,0.4870375841856003,-177.65618896484375,-176.924560546875,9.028383255004883,8.272804260253906,-2.143221378326416,-2.0153114795684814,0.6035381555557251,0.6047783493995667,0.40272467361003905,0.4073399253013747,0.862794816493988,0.8516611456871033,0.8225289513301274,0.792692523959802,0.31279468536376953,0.3154257833957672,-0.7254257164820804,-0.7109768634937895,0.8355541825294495,0.8487749695777893,0.7630728038028823,0.7864179699642695,0.722854495048523,0.7253930568695068,0.865699043608076,0.8735028980447388,0.8016964197158813,0.8005099296569824,0.6891739311332323,0.6814896538776875,0.2752383053302765,0.27431440353393555,-0.8711529610432736,-0.8698679593806602,0.778699517250061,0.7806577682495117,0.6389802672318188,0.6383310059084161
123,5.125,123,5.125,0.0,0.08365191727321941,0.07884334722416445,0.6135759929961306,0.6160973216956805,0.06567302185547653,0.06319520213458343,0.06368392394533573,0.06173710604231351,0.10806379341280099,0.11182085872659554,0.12409003122820411,0.12508459511245987,0.08310753859423099,0.08356412942333234,0.4853890538215637,0.48572635650634766,0.4835079610347748,0.4839155077934265,0.4991014003753662,0.4988419711589813,0.22592251747846603,0.22654598951339722,0.2694379687309265,0.26987677812576294,0.48518356680870056,0.4867479056119919,-179.53457641601562,-179.74526977539062,4.874473571777344,4.595115661621094,-1.5682810544967651,-1.398158073425293,0.6075537204742432,0.6068693399429321,0.42215531966061337,0.4189242954603528,0.8582240343093872,0.8566150665283203,0.816792784460882,0.8068077295509871,0.3129134178161621,0.31707096099853516,-0.7247447285828922,-0.7048981496427467,0.834319531917572,0.8490676879882812,0.7644525512401347,0.7903442962230192,0.7224817276000977,0.7244065403938293,0.8695175295417717,0.8747272039598667,0.8021748065948486,0.7969069480895996,0.6940698930851474,0.67656374856614,0.27519211173057556,0.2759368121623993,-0.8715765346157953,-0.8644141548414183,0.7769522666931152,0.7801898717880249,0.638843743666185,0.6400980446572296
124,5.166666666666667,124,5.166666666666667,0.0,0.07105970474380872,0.0662548689846846,0.6069040277874381,0.61289411971206,0.06307607513558704,0.06342026269027447,0.061335238722945704,0.06170345328570038,0.11444811792000932,0.11985565163744945,0.12333644579323151,0.12409079353380381,0.08230710199338552,0.08264061922743894,0.4871051013469696,0.4875469505786896,0.4868180453777313,0.48706820607185364,0.4991988241672516,0.4988168478012085,0.2237173169851303,0.22472260892391205,0.2669931650161743,0.26656025648117065,0.4864617586135864,0.48585084080696106,-179.4659423828125,-180.47811889648438,1.2094765901565552,1.2487661838531494,-1.1042578220367432,-0.7367109656333923,0.6152113676071167,0.6146040558815002,0.4506759856146707,0.44847186140193757,0.8548716902732849,0.8516906499862671,0.8050323359663697,0.7970546607975719,0.3118152618408203,0.316346138715744,-0.7279322488367529,-0.7067531889890915,0.833177924156189,0.8482290506362915,0.7576281220395704,0.7895128793225012,0.7233790159225464,0.7230555415153503,0.8708767679675382,0.8685306955374923,0.8057096600532532,0.7964550256729126,0.6976057423059174,0.6767128863477474,0.2749785780906677,0.2761438488960266,-0.8710323677000312,-0.8624663808605662,0.7755998373031616,0.7805584073066711,0.6318111508440631,0.6420789470064907
125,5.208333333333333,125,5.208333333333333,0.0,0.047136690477911955,0.045012435972473605,0.5851882470588969,0.5929789243154004,0.07358519147482856,0.07142538661627541,0.07149657570741082,0.06939241980797017,0.11332227755946328,0.11914986916406126,0.11341489311940885,0.11630750999608334,0.08217591173914672,0.0816557250873536,0.48924753069877625,0.48925015330314636,0.489315003156662,0.4896363615989685,0.5006497949361801,0.4992179572582245,0.22230840474367142,0.2226492166519165,0.26568225026130676,0.26633965969085693,0.4870879501104355,0.48736509680747986,-179.49351501464844,-178.59426879882812,-0.2932249903678894,-1.0747567415237427,-0.21610188484191895,-0.24443286657333377,0.6132090091705322,0.6170969009399414,0.43585526527496327,0.45400284412074593,0.8543480634689331,0.8528904914855957,0.7999402231275501,0.7918855524532361,0.3123381733894348,0.31608083844184875,-0.729186076163688,-0.7053403280505418,0.8352741003036499,0.8496960401535034,0.7583946542095628,0.7849649940057812,0.7240959405899048,0.722853422164917,0.8652350653923594,0.8613169913368607,0.8079632520675659,0.7964395880699158,0.6989080798794778,0.6695885643679748,0.2749245762825012,0.2771637737751007,-0.8740601622423416,-0.8552267920083537,0.776125431060791,0.7813169956207275,0.6295611709348797,0.6368265110318553
126,5.25,126,5.25,0.0,0.03586276445357452,0.03531072840507932,0.5798487292233889,0.5821986969581409,0.07831499922588164,0.07506880888358056,0.07460734633001366,0.07231408519702458,0.12279966182098513,0.12821507143226765,0.11033528023223753,0.1168329607004279,0.08206670278546031,0.08223125215534167,0.49204353988170624,0.49207228422164917,0.4915330410003662,0.49233895540237427,0.5002318322658539,0.4992799758911133,0.2220129445195198,0.22241005301475525,0.26491016149520874,0.2652921974658966,0.4846378415822983,0.4864228665828705,-179.83802795410156,-179.65428161621094,-0.02995830588042736,-1.7272361516952515,1.0579180717468262,0.7093501091003418,0.6216859817504883,0.6218433976173401,0.46810664409736763,0.4729400325588017,0.8490079045295715,0.8422099351882935,0.7899464699723784,0.7722499446424284,0.3126523494720459,0.3169722557067871,-0.7229658481387511,-0.703477578427024,0.8365882635116577,0.8487049341201782,0.7630209550135799,0.7863475974471268,0.7261033654212952,0.7245315909385681,0.8705504573633152,0.869186782272006,0.8086148500442505,0.7947006225585938,0.702375195471985,0.6691290971307541,0.27552980184555054,0.27836960554122925,-0.8660429785910285,-0.8524350599416599,0.7783048152923584,0.7799448370933533,0.6366636911751514,0.6371010794926959
127,5.291666666666667,127,5.291666666666667,0.0,0.035698561549209605,0.03113320528896149,0.5801455894944462,0.5810613188508906,0.08322361630045881,0.08369992784520394,0.0820135084396238,0.08339767580672339,0.11619401287504082,0.11916228918661832,0.09876623343425675,0.10693696126299704,0.08239359264375008,0.08222752121247665,0.49340303242206573,0.4938596934080124,0.4931615889072418,0.49335402250289917,0.5007208436727524,0.49923139810562134,0.22231966257095337,0.2227262258529663,0.26709383726119995,0.26840052008628845,0.4854632765054703,0.4858699142932892,-178.48789978027344,-177.6330108642578,-1.5517621040344238,-0.7940785884857178,1.6722911596298218,1.2944426536560059,0.62615966796875,0.6265941262245178,0.4832110581977005,0.49029857741416855,0.8483607769012451,0.8375293612480164,0.786341856034839,0.7614880556621675,0.31192493438720703,0.3171505331993103,-0.7272730083470358,-0.7009428139334929,0.8375280499458313,0.849582314491272,0.7628690390252184,0.7875876813360239,0.7281779050827026,0.7241566181182861,0.8762021483802148,0.8658774590147648,0.8084274530410767,0.7957265973091125,0.6998126185294853,0.6709677932071152,0.2753041982650757,0.27719423174858093,-0.868342129114604,-0.8547595391981717,0.7772260308265686,0.7819911241531372,0.6322040397205236,0.6412248164785813
128,5.333333333333333,128,5.333333333333333,0.0,0.033099845555285064,0.03065851876645822,0.5788018005349004,0.5700498766048434,0.08300484478867415,0.08230561216136278,0.08257955471006599,0.08218232876264456,0.11986871989834151,0.12380137814187148,0.1009010143246351,0.10710131143081864,0.08205227527074732,0.0824208820916471,0.49445055425167084,0.4948126971721649,0.49420052766799927,0.4945243000984192,0.501025378704071,0.49944205582141876,0.2230663150548935,0.22354266792535782,0.27027028799057007,0.2701166868209839,0.48527759313583374,0.48585112392902374,-176.44850158691406,-176.87728881835938,-2.2990455627441406,-1.9825335741043093,1.9451178312301634,1.8019669055938723,0.6285916566848755,0.6309418082237244,0.48975469781435776,0.5055592103026093,0.8498291969299316,0.8352599143981934,0.7872710221794738,0.7556200014628198,0.31209802627563477,0.3159039616584778,-0.7253332139343178,-0.7056239441545558,0.8384058475494385,0.8505045175552368,0.7626016150231317,0.788587480742199,0.7274937033653259,0.7252359390258789,0.8694611747290028,0.8680790282765964,0.8067627549171448,0.7948514223098755,0.6942664613102544,0.6682339205062239,0.27516353130340576,0.27682235836982727,-0.8671327765645911,-0.8558756680933424,0.7776576280593872,0.7827533483505249,0.6314121966917619,0.6420710221699029
129,5.375,129,5.375,0.0,0.02812738104167264,0.02605757764822429,0.5780604623457841,0.5728795352471153,0.08348399694826103,0.08535136687873882,0.08255861930411271,0.08549419392862499,0.12587820246376993,0.12739692025050844,0.09963536596718808,0.1064593167225726,0.08196576934736524,0.08239945548190543,0.4960520714521408,0.49591322243213654,0.49474477767944336,0.4948538839817047,0.500585526227951,0.4987768083810806,0.2246081829071045,0.22484532743692398,0.27360233664512634,0.27426812052726746,0.484572634100914,0.48499275743961334,-175.7615509033203,-175.08265686035156,-0.7960917353630066,-0.9831027984619141,2.9365408420562744,2.514106512069702,0.6310862302780151,0.6323190927505493,0.5024218360979565,0.514710877571612,0.8474865555763245,0.8371208906173706,0.7859262718657063,0.7634274940106197,0.31298208236694336,0.31646087765693665,-0.7222648138878075,-0.7026987230402935,0.8397009372711182,0.850674033164978,0.7690657393628363,0.7928112344056691,0.7247914671897888,0.722720205783844,0.8631827800630264,0.8631431096733395,0.8059927821159363,0.7922729253768921,0.6960673693777987,0.6661953603380449,0.27540814876556396,0.2766773998737335,-0.8669227668608855,-0.856035839140464,0.7776554822921753,0.7833489775657654,0.6347001219746478,0.6468478942533318
130,5.416666666666667,130,5.416666666666667,0.0,0.029232757762011875,0.030330240172856873,0.5820977841200565,0.5671216762182648,0.08184179546394363,0.08170851935522037,0.08088180582158451,0.08026197305379906,0.12981380795645628,0.1304362273546792,0.09654879901833575,0.09952424192399872,0.08238527956100805,0.08288820013014396,0.4970318078994751,0.49741703271865845,0.49516206979751587,0.49591541290283203,0.5002750158309937,0.49901537597179413,0.22843097150325775,0.22853278368711472,0.27871978282928467,0.2784270942211151,0.4847185015678406,0.4853883385658264,-174.7196960449219,-175.26495361328125,-0.5287678241729736,-0.9981675148010255,3.6402146816253658,3.4400041103363037,0.6368889808654785,0.6308231353759766,0.5263478763664474,0.5125530596113061,0.8400960564613342,0.8320328593254089,0.7701765662799681,0.7582365572803249,0.3132667541503906,0.3171558380126953,-0.7205076096994892,-0.7071864586864134,0.840057909488678,0.8499214053153992,0.770093893910794,0.7973652574729011,0.7217202186584473,0.719667375087738,0.8531866578233448,0.8580364143011112,0.8057805299758911,0.786666989326477,0.6958077323603116,0.6590050419208946,0.2765773832798004,0.27642661333084106,-0.8618648453091977,-0.8655677923851812,0.7791039943695068,0.7807055711746216,0.637994169543358,0.6459652709011001
131,5.458333333333333,131,5.458333333333333,0.0,0.02678941159286511,0.027818075083722398,0.5765911360934542,0.5639015418857386,0.08324927810356611,0.08944047676539711,0.08325105597702437,0.08884320795491997,0.13363243514954412,0.1287249622660052,0.09404558835084835,0.08864235834542043,0.08252332891822801,0.08276549844491246,0.4985041171312332,0.49907998740673065,0.49596914649009705,0.496491402387619,0.5001164078712463,0.49917855858802795,0.23084350675344467,0.23103581368923187,0.2833539545536041,0.28321757912635803,0.48628827929496765,0.4842163771390915,-173.434326171875,-173.90135192871094,-0.49261787533760065,-0.13136398792266846,4.5373687744140625,4.627781867980957,0.634120523929596,0.6381487250328064,0.5200400536110977,0.5404437828545468,0.8423741459846497,0.8323336839675903,0.7773129791892984,0.7615125924745727,0.3142052888870239,0.31599241495132446,-0.7214795420265758,-0.7123961564289845,0.8408836126327515,0.8511639833450317,0.774059238929636,0.8027041960366793,0.7221163511276245,0.7200363874435425,0.8615322110138579,0.8588983056816446,0.8049882054328918,0.7881525158882141,0.6957018298891599,0.6648655278709859,0.2755892872810364,0.2766750156879425,-0.8713396219712823,-0.8652983550339507,0.7797722816467285,0.781785249710083,0.640657059302086,0.6509370236594068
132,5.5,132,5.5,0.0,0.02961497910771013,0.030615217918241074,0.5715928734440601,0.5686064338093813,0.08244331562886836,0.08680561235869236,0.0831505032490201,0.08723245800640107,0.14053159673559965,0.13520273443850456,0.09681154652926303,0.09137953719257987,0.08236609947536468,0.08274258994094258,0.4996088892221451,0.4999934136867523,0.49700266122817993,0.49757835268974304,0.500082790851593,0.49997688829898834,0.2336038053035736,0.23349618911743164,0.2865002155303955,0.2863842248916626,0.48706942796707153,0.48323701322078705,-172.89356994628906,-173.2235565185547,-1.2453153133392334,-1.5988597869873047,4.995079040527344,4.977207660675049,0.6341301202774048,0.6357885003089905,0.5196701573163365,0.5314320961387247,0.8417772054672241,0.8376641273498535,0.773504508593945,0.7801180770836966,0.31464770436286926,0.31562724709510803,-0.7188884775276079,-0.721361854096723,0.8407019972801208,0.8505861163139343,0.7711598225364167,0.8085602497643244,0.7204797267913818,0.7183495759963989,0.8544273941336298,0.8544943502617083,0.8038263320922852,0.7892804741859436,0.6907457603435474,0.6736223803273562,0.2754763960838318,0.27630001306533813,-0.8707464818821086,-0.8752496852362253,0.7819540500640869,0.7797367572784424,0.6430492906430983,0.6526160131920252
133,5.541666666666667,133,5.541666666666667,0.0,0.02405983295215054,0.027511559943270536,0.5706477787298818,0.5664364054342084,0.08144576151994089,0.08731987317757899,0.08239234291508275,0.08766969713005067,0.14479582750905146,0.13908521308514174,0.09476256869723525,0.08921736786848011,0.08304864575118476,0.08349690998697927,0.5008450895547867,0.5011495053768158,0.4980875551700592,0.49842920899391174,0.5000691711902618,0.4990423321723938,0.23624418675899506,0.23595475405454636,0.2909143269062042,0.2901933789253235,0.48591242730617523,0.48345357179641724,-171.417236328125,-172.20709228515625,-2.102008104324341,-1.9879735708236694,5.540592670440674,5.615447044372559,0.6375969648361206,0.6344705820083618,0.533826254860532,0.5292655970727769,0.8392083644866943,0.8472362160682678,0.7713839953842017,0.7997033244199983,0.3140188157558441,0.31594693660736084,-0.7221708559709503,-0.7155530251064827,0.8403674364089966,0.852959394454956,0.7739147052969689,0.8122845864844497,0.7203211784362793,0.7169291973114014,0.8549275825395801,0.8515211701531191,0.8010275363922119,0.7876193523406982,0.6880202297048061,0.6686475831273933,0.274578720331192,0.2749122977256775,-0.8752610632209815,-0.8759200288496842,0.7830708026885986,0.7796817421913147,0.6488136169741712,0.6511983360993565
134,5.583333333333333,134,5.583333333333333,0.0,0.023294518563753523,0.026392768143888534,0.5602167642259174,0.5674092999164934,0.08093328881835901,0.0829721569040185,0.08046117126193894,0.08296976111106433,0.1491204674982181,0.1449212883928997,0.08866140261380084,0.08625349352622451,0.08236796003060803,0.08238790422901322,0.503316342830658,0.5030392557382584,0.5007695555686951,0.5011336207389832,0.49965202808380127,0.49931177496910095,0.24100930988788605,0.24057716876268387,0.2965567409992218,0.29661110043525696,0.4848049730062485,0.4836796522140503,-171.18783569335938,-170.69979858398438,-3.8337371349334717,-5.325017929077148,6.202078819274902,5.922722339630127,0.6345069408416748,0.6315516233444214,0.5252479434917672,0.5168965981374164,0.8482567071914673,0.8483924269676208,0.7962819301115016,0.8018900665870746,0.3134920597076416,0.3172775208950043,-0.725076591949086,-0.7115320217876399,0.839924693107605,0.852891206741333,0.7780274230273972,0.8117814854295875,0.7191953659057617,0.7170781493186951,0.8551018597694384,0.8512010522770048,0.7975512146949768,0.7835670113563538,0.6851918908168102,0.6593591204852344,0.2734023630619049,0.27554264664649963,-0.8812224103531143,-0.8746645025624057,0.780249297618866,0.7780724763870239,0.6472853336920238,0.6472783453728245
135,5.625,135,5.625,0.0,0.019436457035697893,0.022587633189522956,0.5598777255352673,0.5523444952265324,0.08693518609473908,0.08818457870340536,0.08819292708939781,0.08920858011109709,0.14656825167290208,0.14510477659138793,0.08383620488182739,0.08546631786213231,0.08330963120150728,0.08389315707576332,0.5039758384227753,0.5039885342121124,0.5010268092155457,0.5012257099151611,0.501253068447113,0.4997866600751877,0.24322592467069626,0.2432069182395935,0.3018074929714203,0.3010060787200928,0.4852449893951416,0.48170603811740875,-168.17935180664062,-168.99246215820312,-3.8325982093811035,-4.058021545410156,6.419934272766113,6.352613449096681,0.6355363726615906,0.6359395384788513,0.5236458410650026,0.5322129141212737,0.8528900742530823,0.8478283286094666,0.8064304732446838,0.8050211281287046,0.3114811182022095,0.3161742091178894,-0.7400271618117108,-0.7177293549623822,0.8373957276344299,0.854799747467041,0.7724435826512052,0.820349720839735,0.7216486930847168,0.7178745269775391,0.8594460264849662,0.852491556105579,0.7971611618995667,0.7796751260757446,0.6841889555047617,0.6551674606135576,0.27423369884490967,0.2751997113227844,-0.885275719336789,-0.8778960523680372,0.7744076251983643,0.7755903005599976,0.6342790121227331,0.6461858418203501
136,5.666666666666667,136,5.666666666666667,0.0,0.01751015190421778,0.02182805619901515,0.5502689487643416,0.555143614923682,0.0875575778482859,0.09053749929574006,0.08805243498121433,0.09193335132615643,0.14935662754883128,0.14353253540950292,0.08578544181553387,0.08116933619796735,0.08356299653294076,0.08348503725140963,0.5045135915279388,0.5047482699155807,0.5020320415496826,0.5018149614334106,0.5019394606351852,0.4995986372232437,0.2445325404405594,0.24478738009929657,0.30312424898147583,0.3034129738807678,0.48472270369529724,0.483149915933609,-168.50599670410156,-168.4775848388672,-4.629092693328857,-3.8918349742889404,6.334660053253174,6.514199733734131,0.6380800008773804,0.6375930309295654,0.5320542941039137,0.5363532577786567,0.8519396185874939,0.846655011177063,0.8072604717869256,0.794735311045974,0.3109689950942993,0.3152523934841156,-0.7463365141440806,-0.7165125026685056,0.8370273113250732,0.8543849587440491,0.7744784410364431,0.8116353830515763,0.7220278382301331,0.718598484992981,0.8601329638727419,0.8512032891300524,0.797090470790863,0.7783161401748657,0.6866844658030576,0.6453252625675957,0.2745347023010254,0.27353450655937195,-0.8887262967820411,-0.8786605723020245,0.7735688090324402,0.780906081199646,0.6349763145761698,0.6509876799940721
137,5.708333333333333,137,5.708333333333333,0.0,0.02958108672547877,0.024274856576021554,0.5332392036537241,0.552594242268077,0.08963695220229921,0.09243359690646229,0.09016148042851903,0.09368421365644365,0.14699954255358905,0.1411520549684986,0.08455147353227349,0.07934013098830608,0.08299119215255446,0.08339388273527534,0.5051698088645935,0.5052905976772308,0.5028204917907715,0.5025263428688049,0.5022569745779037,0.4995461702346802,0.24512945115566254,0.2452046126127243,0.3036612570285797,0.30491799116134644,0.48458610475063324,0.4839024394750595,-169.45236206054688,-168.11288452148438,-5.746951103210449,-4.567586898803711,6.112692356109619,6.320308685302734,0.6390063166618347,0.6362266540527344,0.5347632503178287,0.5304676140067394,0.851334273815155,0.84735506772995,0.8067273668079858,0.7934557426206448,0.3119905889034271,0.31633108854293823,-0.744043585723874,-0.7110720164295347,0.8388340473175049,0.8563014268875122,0.779230911044689,0.8129865961549776,0.7218713760375977,0.7175169587135315,0.8588100633720755,0.8459616242027874,0.7971155047416687,0.7788421511650085,0.6874636090152951,0.6438847590425107,0.27411872148513794,0.27274930477142334,-0.8921428936077839,-0.8802163171053228,0.7751547694206238,0.7813495397567749,0.6391570933375117,0.6493586550125883
138,5.75,138,5.75,0.0,0.026898571698865677,0.026761583271344976,0.5279158551976383,0.5436389093603005,0.09179460275545363,0.09319353694790275,0.09226953419974221,0.09421238394171463,0.14769358236833338,0.14303982398003046,0.08365100370099716,0.07980492253621012,0.0826895638239939,0.08314513619613478,0.5055485665798187,0.5058548152446747,0.5028699040412903,0.5029162168502808,0.5015944838523865,0.4997120201587677,0.2449825406074524,0.24525514245033264,0.304912805557251,0.30525341629981995,0.4840243011713028,0.4838090091943741,-168.7091217041016,-168.3129425048828,-5.923171520233154,-4.611210823059082,6.251407623291016,6.462136268615723,0.6391071677207947,0.6358152031898499,0.5386244630768745,0.5295544343762314,0.8515377640724182,0.8474835157394409,0.8097278849757696,0.7959352005469452,0.3130878508090973,0.3160766065120697,-0.7383630451612272,-0.7144942935163715,0.8409483432769775,0.8571764230728149,0.7863966327377593,0.8171490222568152,0.7214221954345703,0.7161645889282227,0.8610448126638138,0.8421802860981897,0.7968300580978394,0.7788901329040527,0.6891925590016268,0.6458122556038344,0.2735373079776764,0.27307313680648804,-0.8932788630894022,-0.8818135109585826,0.7771224975585938,0.780369222164154,0.6457716699068267,0.6490493788711472
139,5.791666666666667,139,5.791666666666667,0.0,0.02381901848216272,0.038300688249999965,0.5403406897228544,0.5405199741234481,0.09052023127871794,0.09246870817515267,0.09026669582235979,0.09292936015185996,0.1509200900678743,0.1468333255200975,0.08537574158658531,0.08343152142309622,0.08225395712017788,0.082345096025437,0.5060316324234009,0.5061924904584885,0.5033657550811768,0.5036714673042297,0.5013067275285721,0.5003561675548553,0.24430952966213226,0.2447172999382019,0.3041791021823883,0.3041331171989441,0.4843618869781494,0.48407934606075287,-168.06301879882812,-167.7489013671875,-5.6246562004089355,-6.254281044006348,6.294921875,6.2622294425964355,0.6388231515884399,0.6366043090820312,0.5376226308923454,0.5298417359296472,0.8505836725234985,0.8479689955711365,0.8053592919123809,0.7959903584742681,0.3135295510292053,0.31513869762420654,-0.7341178360424482,-0.7202736469838608,0.8420104384422302,0.8568395376205444,0.7865058702929989,0.8153942243310458,0.7205883264541626,0.716515302658081,0.85728487289149,0.8405995861404113,0.7963798642158508,0.7798208594322205,0.6861595544838821,0.6469197284424538,0.2737860083580017,0.27367639541625977,-0.8894958435637355,-0.8815122365987977,0.7793611884117126,0.7804054617881775,0.6487337397566207,0.6481985167770746
140,5.833333333333333,140,5.833333333333333,0.0,0.027069998702202877,0.03968428579386619,0.5382545583713744,0.5426659087683836,0.0911314810310542,0.0964606857017056,0.09127905452406135,0.0968216939108501,0.1498822740364426,0.14453777929605166,0.08616042371772482,0.08048334081626446,0.08232007956902336,0.082165485820248,0.5059282332658768,0.5058813691139221,0.5033301115036011,0.5035394430160522,0.5014470964670181,0.5005062371492386,0.24370065331459045,0.24415504187345505,0.30335378646850586,0.3038249909877777,0.4844875931739807,0.4833671599626541,-168.81855773925784,-168.30775451660156,-5.995687484741211,-6.961221694946289,6.232448101043701,6.143022060394287,0.6390550136566162,0.6374330520629883,0.5375202076592935,0.5325214988137031,0.8512007594108582,0.847478449344635,0.8057501666851278,0.7965358205719992,0.3138698637485504,0.3142727017402649,-0.7327089541226482,-0.7242800576923585,0.8425121903419495,0.8561866879463196,0.7866594532336062,0.8155861059726608,0.7198874950408936,0.7176276445388794,0.8532657916828348,0.8444059504378484,0.7964484095573425,0.7799384593963623,0.6854471094658089,0.6487842322974767,0.2739711403846741,0.2732883095741272,-0.8885602343825072,-0.8836722845401668,0.7794589400291443,0.7802255153656006,0.6481174764866781,0.6494122006375834
141,5.875,141,5.875,0.0,0.03887718697261592,0.0481299258075222,0.5187960752966636,0.5364168715419649,0.09137018973617439,0.09538648074299026,0.09132313510141025,0.095022779416183,0.14917526584439378,0.1431866103501702,0.08629088059506061,0.0801383510095499,0.08238377721450756,0.08193965299272193,0.5059189647436142,0.5058116465806961,0.5033116340637207,0.5031946301460266,0.5009035766124725,0.5008630454540253,0.24352581799030304,0.24378249049186707,0.3032208979129791,0.30275407433509827,0.4840347170829773,0.48242051899433136,-170.21450805664062,-170.4806365966797,-6.866436004638672,-6.866837978363037,5.959676265716553,6.035827159881592,0.6385805010795593,0.637495756149292,0.5387705660223749,0.5314219591395121,0.8504248857498169,0.8468525409698486,0.8065086768787623,0.7973038643863202,0.3146437406539917,0.31420841813087463,-0.7288898821281814,-0.7259781880179039,0.8426218628883362,0.8564512729644775,0.7893324364065731,0.8183039567246393,0.719620943069458,0.7176737189292908,0.8559058083340891,0.8432677085471456,0.7953221797943115,0.7802540063858032,0.6852150007020295,0.6515996842254104,0.27434858679771423,0.27363476157188416,-0.8865767489371161,-0.8837861678809528,0.7798889875411987,0.7811799049377441,0.651243009834033,0.653625363773246
142,5.916666666666667,142,5.916666666666667,0.0,0.05975093234181849,0.062197387510890434,0.5156890920120735,0.5247781680354174,0.09334246429678104,0.09734940349882955,0.09338138066062227,0.09732564679234686,0.1478303152465927,0.1406733456144307,0.08553511265975333,0.07952292351258268,0.0826717089328649,0.08248777522754898,0.5058478266000748,0.5058849155902863,0.5034469366073608,0.5033214688301086,0.5008221715688705,0.5009326934814453,0.24359652400016785,0.2443074807524681,0.3025703728199005,0.3019544184207916,0.483625203371048,0.4830826669931412,-170.6576385498047,-171.80975341796875,-8.549235343933105,-6.730250835418701,6.038647651672363,6.140341758728027,0.6367325782775879,0.6377927660942078,0.5324496244349842,0.5320299649482778,0.8511844873428345,0.846451997756958,0.8099826877818982,0.7945662664655253,0.3152227997779846,0.31445977091789246,-0.7271136787723829,-0.724895000867028,0.8431487083435059,0.8569072484970093,0.7922744100805054,0.8174283762864641,0.7196734547615051,0.7175816297531128,0.8573830832010787,0.8422012627220276,0.795664370059967,0.7806711792945862,0.687634169369301,0.6507257854298102,0.27429836988449097,0.2741897702217102,-0.887441337666872,-0.8814406364920894,0.7792036533355713,0.7816134691238403,0.6513600330417693,0.6527862557231756
143,5.958333333333333,143,5.958333333333333,0.0,0.07046023491490477,0.07387628615874575,0.5208166345537614,0.5252431427690736,0.09001643013497476,0.09885424734676156,0.09012487855120596,0.09917990452346241,0.14764768072238849,0.13808815514159373,0.08509465529611633,0.077236551466214,0.08258180549554296,0.08272865036855732,0.5056590288877487,0.505904346704483,0.5031164288520813,0.5031904578208923,0.5011150538921356,0.5006884336471558,0.24407223612070084,0.24484343826770782,0.3033650815486908,0.3019222915172577,0.48361457884311676,0.4830179512500763,-170.513671875,-172.0225067138672,-8.316555976867676,-6.074997425079346,6.033036231994629,6.324672222137451,0.6352992057800293,0.638392984867096,0.526846618115728,0.5357318342859588,0.8515885472297668,0.8462306261062622,0.8126856556101949,0.794845430540832,0.31642812490463257,0.31391510367393494,-0.7251354394559043,-0.7266311663325845,0.8420028686523438,0.8560484647750854,0.7915152899092815,0.8163305403509208,0.7190808653831482,0.7170515060424805,0.8557981626983091,0.841748399883739,0.7959921360015869,0.7805279493331909,0.6898986929708383,0.6510633545765092,0.27509599924087524,0.27395373582839966,-0.8874175742617917,-0.8820986269706211,0.7775392532348633,0.7817745804786682,0.6491447418287962,0.6537914506429388
144,6.0,144,6.0,0.0,0.06389512163805042,0.06468658593291181,0.533300562882958,0.535403557302045,0.09022449570817638,0.09825055994770648,0.09070205936836921,0.09918978561192504,0.1467217168189206,0.13705600046654176,0.08573619887589043,0.0769859453272712,0.08262602022757819,0.08269527566415974,0.5056232661008835,0.5058577805757523,0.503135085105896,0.5031512975692749,0.5015593618154526,0.5008597373962402,0.24485475569963455,0.24558628350496292,0.30454394221305847,0.30397194623947144,0.4836917966604233,0.48329299688339233,-170.0481414794922,-170.57916259765625,-7.4878621101379395,-5.77432918548584,5.967383861541748,6.218745708465576,0.6356961727142334,0.6384640336036682,0.5270637167316287,0.5359156068516325,0.8515128493309021,0.8459680676460266,0.812969501214321,0.7945196498001021,0.3170351982116699,0.31359970569610596,-0.7250507213056814,-0.7293055252893778,0.8406800031661987,0.856059193611145,0.7890264085628513,0.8166264845793307,0.7187241315841675,0.7169047594070435,0.8533054418882687,0.8414119491128499,0.7959480881690979,0.7797972559928894,0.6901585423558196,0.6495579076238718,0.2752798795700073,0.2740965187549591,-0.8891198779311142,-0.883155186859722,0.7774618268013,0.7827748656272888,0.6492996339970312,0.6560810175773342
145,6.041666666666667,145,6.041666666666667,0.0,0.05755614960620148,0.05692391058990382,0.5311395146440927,0.5314953130773858,0.08765668953926362,0.09244840137682465,0.0884058680781568,0.09352776815507834,0.14685662990543658,0.13970932718450846,0.08749023651887305,0.07971575612351431,0.08324637700297768,0.08329039680667238,0.5055329352617264,0.505617082118988,0.5034152269363403,0.5031263828277588,0.5015313476324081,0.5006741285324097,0.24631738662719727,0.24704790115356445,0.30674752593040466,0.30612412095069885,0.48350851237773895,0.48374733328819275,-169.42205810546875,-169.47705078125,-7.001537799835205,-5.83500862121582,5.5710978507995605,5.989688873291016,0.6352220177650452,0.63869708776474,0.5253918701784281,0.5374659816822713,0.8527160882949829,0.8457635045051575,0.816160136410788,0.7929579258821887,0.3170236349105835,0.31300851702690125,-0.7250981100856833,-0.7307761163563404,0.8398174047470093,0.8553353548049927,0.7876466604944827,0.8139240460836623,0.7190284729003906,0.7172938585281372,0.8547434259219925,0.8435244142094213,0.7962977886199951,0.7799561023712158,0.6914433912453967,0.6488138095339958,0.27541524171829224,0.27435773611068726,-0.8886152163484379,-0.8812835393492927,0.7773532271385193,0.783550500869751,0.6495650634658239,0.6566869572130377
146,6.083333333333333,146,6.083333333333333,0.0,0.05143169356009996,0.06307259567696963,0.5312104006787645,0.5309576519074923,0.08278841853877052,0.08811789196181494,0.08128619516129444,0.08602237690191916,0.15047458916828052,0.1449464145736584,0.08778614699648069,0.08093898534604259,0.08363900528504421,0.08372221988668818,0.5049855709075928,0.5051575005054474,0.503264844417572,0.5038278102874756,0.5016590654850006,0.5009351372718811,0.24957828223705292,0.2503066956996918,0.30931356549263,0.3087082803249359,0.4845069348812103,0.4846997410058975,-169.27442932128906,-169.88768005371094,-5.9139885902404785,-7.208855628967285,5.528360843658447,5.563655853271484,0.6337960362434387,0.6383554935455322,0.521168099945337,0.534018309206154,0.8543701767921448,0.8464633226394653,0.8205729144535769,0.7907741222416421,0.316163033246994,0.3123253285884857,-0.7316242692260095,-0.7329415660386785,0.8377438187599182,0.8543211221694946,0.78368593158725,0.8079503800010637,0.7190959453582764,0.7180091142654419,0.8576037795566088,0.8435539050409493,0.7943251132965088,0.78049635887146,0.6873578577299111,0.6465778279794164,0.27539974451065063,0.274050235748291,-0.8924008150806949,-0.8816793580039903,0.7775899171829224,0.7833497524261475,0.6502294083659577,0.6528150223742449
147,6.125,147,6.125,0.0,0.04771245915514527,0.051489826292113204,0.5268441135768464,0.5122363304895187,0.08712236010670324,0.09471087458953806,0.08800636963417846,0.09539677388186035,0.146559115663535,0.13647390176950858,0.08835248081978282,0.07960754220944391,0.08316549802006559,0.08380066675817935,0.5052276104688644,0.5052856355905533,0.5030569434165955,0.5032669305801392,0.5017902106046677,0.5011181533336639,0.2497614324092865,0.25087714195251465,0.309741735458374,0.3099820017814636,0.48441533744335175,0.4845477044582367,-169.16201782226562,-169.3159942626953,-5.294204235076904,-5.493844985961914,5.523186206817627,5.508789539337158,0.6334272623062134,0.6379815936088562,0.5182013551601098,0.5322003760901961,0.8547554612159729,0.8468519449234009,0.820056342304656,0.7924715293865122,0.3169018030166626,0.31265100836753845,-0.727830212900263,-0.73286397908703,0.8371808528900146,0.8548647165298462,0.7811403078377265,0.8099979413364023,0.7196350693702698,0.7181893587112427,0.8575663125830414,0.8440923076901466,0.7945680618286133,0.7801737785339355,0.6867814000930702,0.6466257384912533,0.2753322720527649,0.27404922246932983,-0.8914724929454108,-0.8829689664486814,0.7783686518669128,0.7832223773002625,0.650910512690003,0.6532939677223965
148,6.166666666666667,148,6.166666666666667,0.0,0.04760422651524243,0.05350180080438653,0.5222863129243235,0.5211303053528017,0.09093834531761788,0.09788037487380234,0.0909091605584727,0.09858656608768325,0.1441728685393111,0.1341482016746276,0.0861175075728612,0.07663470520434894,0.08305215339181204,0.0831645274060435,0.5050146132707596,0.5051690936088562,0.5027774572372437,0.5028585195541382,0.5015441328287125,0.5008993595838547,0.24918891489505768,0.2500302270054817,0.3092613220214844,0.309672474861145,0.48490510880947113,0.48516392707824707,-169.13209533691406,-168.8292694091797,-4.745486259460449,-5.464492321014404,5.539850234985352,5.630751609802246,0.6332041025161743,0.6377543807029724,0.5171651046663029,0.5325399853293942,0.8557131290435791,0.8464863896369934,0.8193078358670505,0.7908770518751274,0.3163747191429138,0.3126857876777649,-0.7273521286472973,-0.7323900285282282,0.8371043801307678,0.8544195890426636,0.7781914280009987,0.8082415559069624,0.7200666069984436,0.718153715133667,0.8583641519453485,0.8453955899545872,0.7947365045547485,0.7802352905273438,0.6845787482467762,0.6458639973966568,0.2750149965286255,0.27396950125694275,-0.889814609274958,-0.8830455940599269,0.7789615392684937,0.7827850580215454,0.649723642735845,0.65144503042876
149,6.208333333333333,149,6.208333333333333,0.0,0.054367089857040723,0.052501101524187015,0.5222424122633523,0.516553230264558,0.09188301134869707,0.09701621554918298,0.09220479433368269,0.09723534223589513,0.14230354162312014,0.13361630815897452,0.08553506401509166,0.07713082256693064,0.08306324105005256,0.08319121336017926,0.5051307082176208,0.5051675289869308,0.5031968355178833,0.502735435962677,0.5013053864240646,0.5007861852645874,0.24793139100074768,0.24873092770576477,0.3072746694087982,0.3081587255001068,0.4850017875432968,0.48513713479042053,-169.9608154296875,-169.20289611816406,-5.724847793579102,-4.692368507385254,5.317530632019043,5.612573146820068,0.6333621144294739,0.6378774046897888,0.5184765980289133,0.5342373115552335,0.8558723330497742,0.8459218144416809,0.8190558116712556,0.7908519520059978,0.3163847327232361,0.3121623992919922,-0.7260291306942052,-0.73505702798384,0.8376628160476685,0.854341983795166,0.778840672159615,0.8093092417552785,0.7200055122375488,0.7184959053993225,0.8586529359990349,0.8484033920763433,0.7951364517211914,0.779717206954956,0.6849225482404379,0.645729262447014,0.27520275115966797,0.2738911509513855,-0.8877164148157202,-0.8841980809927379,0.7789593935012817,0.781988799571991,0.6491960293477967,0.6507086686043957
150,6.25,150,6.25,0.0,0.05570063399074092,0.0634809898937938,0.5202371772336014,0.5234810683643705,0.09193569057912904,0.09620920936644548,0.09218294149392053,0.09613160350550594,0.14024509364020765,0.1314024180847166,0.08623077872288006,0.07731180818109841,0.08298786827637818,0.08301337718906827,0.5047238320112228,0.5050233900547028,0.502817690372467,0.5028700232505798,0.5009018331766129,0.5006563663482666,0.2463274896144867,0.24718788266181946,0.30556055903434753,0.3056407868862152,0.4841843694448471,0.48414719104766846,-169.89601135253906,-169.79248046875,-5.540154933929443,-4.875404357910156,5.116069316864014,5.313920497894287,0.6329656839370728,0.6383298635482788,0.5188830811140218,0.5377923509616067,0.8560829758644104,0.8451787233352661,0.8219258349504233,0.7932899233608859,0.31669580936431885,0.3119572401046753,-0.7237513418327735,-0.7371131611446635,0.8386292457580566,0.8541721701622009,0.783351687473033,0.8130511079280168,0.7196087837219238,0.718834638595581,0.859306583190894,0.8522671999111119,0.7953729629516602,0.7792486548423767,0.6877518230239877,0.6484226353140382,0.2752821445465088,0.27380669116973877,-0.8864669515711685,-0.8861401984428307,0.7786639928817749,0.7825955152511597,0.6508236551341668,0.6557766484672938
151,6.291666666666667,151,6.291666666666667,0.0,0.06421986625283546,0.05875823903696958,0.5166551148376425,0.5173055129757098,0.09011154799482307,0.09728300415462977,0.08995315080624626,0.09733148928200847,0.14273842842923515,0.1307024396741483,0.08802949530633591,0.07776671042951264,0.08318898539200235,0.08326684988974714,0.5047899335622787,0.5048296749591827,0.5027444362640381,0.5025990605354309,0.5006566345691681,0.5008514821529388,0.2458197996020317,0.24669648706912994,0.3048737049102783,0.30476924777030945,0.48426100611686707,0.4842587411403656,-169.8726806640625,-170.1348876953125,-5.267477035522461,-4.118280410766602,5.1917924880981445,5.2942609786987305,0.6331835389137268,0.6372870206832886,0.5210081099195224,0.5329275336383383,0.8560576438903809,0.8453009128570557,0.8221828523751399,0.7932701432050442,0.31590986251831055,0.31176573038101196,-0.7263020817999071,-0.7385832490817504,0.8378453850746155,0.8544908761978149,0.7819086664895165,0.8134620324259348,0.7198492288589478,0.7189435362815857,0.8617202659647251,0.8518840601566893,0.7946410179138184,0.7792503237724304,0.6863674855900653,0.6481459323329322,0.27556777000427246,0.27344411611557007,-0.8849004997957808,-0.8882703730929093,0.7781933546066284,0.7825841307640076,0.649995487140071,0.6554708648665798
152,6.333333333333333,152,6.333333333333333,0.0,0.07402423511482728,0.0653775237749804,0.5118378870267861,0.5142279684183156,0.09019178338560821,0.09821534311859069,0.0902422580215159,0.0982647128490325,0.1404435799378831,0.131639469660899,0.08762854403869275,0.07950581404038466,0.08306878579294641,0.08321988644343711,0.504769578576088,0.5047112107276917,0.5029191970825195,0.5025507807731628,0.5008124560117722,0.501093715429306,0.2456514909863472,0.24630632996559143,0.30435070395469666,0.3040403425693512,0.48450353741645813,0.4838584065437317,-170.04954528808594,-170.3283233642578,-6.081108570098877,-4.321046352386475,4.9947123527526855,5.202729225158691,0.6337640285491943,0.6365892887115479,0.5228637546381598,0.5293069769610632,0.8559195399284363,0.8450215458869934,0.8216336111608535,0.7936124238243987,0.31597208976745605,0.31186726689338684,-0.7269288061710772,-0.7392040714643222,0.8379533290863037,0.8534868955612183,0.781889382066625,0.8122140083761862,0.7198566198348999,0.7185317277908325,0.861443394329914,0.8494111963330531,0.7945359945297241,0.7788413166999817,0.6858430589749026,0.6481893549313121,0.2755291759967804,0.2732809782028198,-0.8859802061587739,-0.8899395628475502,0.7780338525772095,0.7820942997932434,0.6493375923481749,0.6553373928013938
153,6.375,153,6.375,0.0,0.08924586228422986,0.06790807142098403,0.5142876866418785,0.5152426176124475,0.09286887487666262,0.09818875392467843,0.0921329514177996,0.09826675403039538,0.14008654477429833,0.13240369610645708,0.088188852660017,0.08073386257351511,0.08284191980253873,0.0830477813425654,0.5044485926628113,0.504599392414093,0.5028888583183289,0.5024797320365906,0.5008821785449982,0.5010751634836197,0.24530534446239471,0.24593278020620346,0.30324384570121765,0.3031122386455536,0.4846271574497223,0.48422831296920776,-170.44363403320312,-170.70379638671875,-6.767605304718018,-4.610988616943359,4.803157806396484,5.21909236907959,0.6343467235565186,0.6358892917633057,0.5239333529087353,0.5264833541429857,0.8553935289382935,0.8449598550796509,0.8187154748136503,0.7924208278143317,0.31589826941490173,0.31212061643600464,-0.7261796736828524,-0.7379154171720962,0.837367594242096,0.8533847332000732,0.7789111321908131,0.8109278007709021,0.7200659513473511,0.7187417149543762,0.8604359230956107,0.8500430746050266,0.7949808835983276,0.7793511152267456,0.6853140354768484,0.6482977726416932,0.27552348375320435,0.27335530519485474,-0.8846764251825012,-0.8893037868264709,0.7775819301605225,0.782585084438324,0.6468941745603835,0.6554018493874423
154,6.416666666666667,154,6.416666666666667,0.0,0.09395199205068179,0.07687605649314226,0.5136226449590481,0.5234559209741461,0.09248696994536276,0.09798596978490347,0.09282197785167086,0.09824680677900728,0.1390115365734833,0.13279101902754042,0.08951249621475885,0.08039218803867962,0.08305746540787631,0.08287327761990608,0.5039569139480591,0.5039733201265335,0.5024330019950867,0.5019266605377197,0.500958040356636,0.5006565749645233,0.24443984031677246,0.24524018168449402,0.3024100065231323,0.30093902349472046,0.4843035191297531,0.4837115854024887,-170.26966857910156,-171.7351531982422,-6.985028266906738,-5.043181419372559,4.6116180419921875,5.319572925567627,0.6347416043281555,0.6339575052261353,0.5253092213999162,0.5226653210089388,0.8543949723243713,0.8443729877471924,0.817417339141686,0.79544965728984,0.3158818781375885,0.31321030855178833,-0.7267126976499865,-0.7349660862400831,0.8374022841453552,0.8529834151268005,0.7798857565118883,0.8144402159237861,0.7204377055168152,0.717066764831543,0.861800123989465,0.8485319729912246,0.7955148220062256,0.7786216139793396,0.6873693323966843,0.6504330090154374,0.2754465341567993,0.27373436093330383,-0.8854845111151147,-0.8897490183145569,0.7776236534118652,0.7821661233901978,0.6478532849432815,0.6582505319824029
155,6.458333333333333,155,6.458333333333333,0.0,0.13212977271539128,0.10902993293438666,0.536473483057888,0.5497552920278954,0.08146076758374482,0.09074285955275868,0.08152583806362212,0.0911230034404361,0.14574473757721887,0.13617763403360042,0.09424538048924064,0.08354779118379685,0.08349505150837967,0.08344342505884368,0.5039716809988022,0.5038255155086517,0.5026369094848633,0.5021471977233887,0.5009510666131973,0.5006099045276642,0.24460956454277039,0.24486839026212692,0.2991679310798645,0.2990421652793884,0.4837001711130142,0.4842565357685089,-172.37664794921875,-172.74871826171875,-7.533276557922363,-6.024289608001709,5.067420482635498,5.326218605041505,0.6365864276885986,0.6339722275733948,0.5329997256754663,0.5242545415959068,0.8519054651260376,0.846412718296051,0.8138916873827186,0.8008062978776808,0.31538936495780945,0.31284210085868835,-0.7291928542381537,-0.7381254434597261,0.8376710414886475,0.8522544503211975,0.7824275035115705,0.8137236413387309,0.7207100987434387,0.7171814441680908,0.8635764516821676,0.8513544953620722,0.7958389520645142,0.7805205583572388,0.6899606367887134,0.6551043626200896,0.27543574571609497,0.2736670672893524,-0.8861966615545773,-0.8921246300129927,0.7782844305038452,0.781835675239563,0.6511576119367573,0.6580123728450163
156,6.5,156,6.5,0.0,0.1000885463143164,0.09158382654290263,0.5477750928638291,0.558604967118618,0.057679136799299494,0.06155505626971373,0.05939000266656721,0.06217686072377438,0.16971232476068357,0.16873423927642384,0.12089419505429227,0.11774809410526821,0.08291036270632751,0.08260177167197807,0.5034403800964355,0.5033226609230042,0.5025709271430969,0.5022825002670288,0.5021622776985168,0.5003424286842346,0.2448418289422989,0.24515368044376373,0.29640576243400574,0.2973729968070984,0.4851200580596924,0.4854610562324524,-174.14443969726562,-173.6572723388672,-7.249268531799317,-6.762205123901367,4.874130725860596,4.903603553771973,0.6392019987106323,0.638867974281311,0.538620848790784,0.543004457039442,0.8486356735229492,0.8445411920547485,0.8036783929921318,0.7917488341720483,0.31534233689308167,0.31303977966308594,-0.7342769989933897,-0.7342051806791405,0.8362440466880798,0.8529552817344666,0.7762823683990353,0.8103013661278474,0.7210865020751953,0.7194139957427979,0.8604596585847232,0.8587357430045409,0.7948400974273682,0.7805251479148865,0.6847444591871547,0.650597533223657,0.2765483260154724,0.2739090621471405,-0.8867529593395836,-0.8875931635722984,0.7743224501609802,0.7820655107498169,0.6393830246803699,0.6539939351882638
157,6.541666666666667,157,6.541666666666667,0.0,0.031094827325170334,0.03829249209326266,0.5565720525583522,0.555771721077729,0.051819259861406584,0.05362600075558245,0.05414194844890487,0.05565127865231315,0.18066622039254374,0.17957316740564744,0.1307669269761152,0.13049574213233456,0.08293061564753969,0.08276214385052977,0.5031720995903015,0.5032645612955093,0.5016815662384033,0.5011791586875916,0.5021490007638931,0.5015598982572556,0.24313335120677948,0.2435024008154869,0.2924034297466278,0.29341235756874084,0.48694607615470886,0.48340898752212524,-175.7692108154297,-175.05902099609375,-3.560157299041748,-2.656461715698242,5.4032816886901855,5.477019309997559,0.6366982460021973,0.638543963432312,0.5274120585012914,0.5342785326548786,0.8501115441322327,0.8455813527107239,0.8007479995197812,0.7945761229346598,0.3144909143447876,0.3129766285419464,-0.73559043365438,-0.7355307531426751,0.8358243107795715,0.8523452877998352,0.7692459032727785,0.8094156353753428,0.7219756841659546,0.7211297154426575,0.8616863171640203,0.8563874899697299,0.7961434125900269,0.7828277349472046,0.6817530036273957,0.6568998916830148,0.2768137454986572,0.27520158886909485,-0.8832790598108742,-0.8828646254554818,0.7735379338264465,0.7819986939430237,0.6319099059371601,0.6550810444981587
158,6.583333333333333,158,6.583333333333333,0.0,0.021484754876088277,0.023017097516785323,0.5580522162191704,0.5600216654857899,0.05161654943619612,0.053177124251540246,0.05155392808051195,0.05363682236002282,0.16623181586856212,0.16641177408838975,0.12176799718077322,0.1263246618040819,0.08226171004271643,0.08187089384619085,0.5026610195636749,0.5026880353689194,0.5018134117126465,0.5013706684112549,0.5027382969856262,0.501474916934967,0.23639145493507385,0.2373286783695221,0.2836449444293976,0.2839598059654236,0.4870455861091614,0.48435254395008087,-176.5662384033203,-176.78286743164062,-2.8415887355804443,-1.301262378692627,4.299884796142578,4.171446800231934,0.6269611120223999,0.6298938393592834,0.48467569033612834,0.5016276714133631,0.8557923436164856,0.8541761040687561,0.8092833544760257,0.8125864310656642,0.3161400556564331,0.31244170665740967,-0.7280436480606345,-0.7383981059894685,0.8364553451538086,0.852041482925415,0.766844714236424,0.8078961831647782,0.7203586101531982,0.7215753197669983,0.8490813501886394,0.8597522114768107,0.8020199537277222,0.78050696849823,0.6912698420005788,0.6507185935116244,0.27654069662094116,0.2755899429321289,-0.8825470432035767,-0.8823477987295136,0.7752785682678223,0.7804857492446899,0.6325808971143466,0.6506719699879677
159,6.625,159,6.625,0.0,0.02276439752768983,0.026169730810331474,0.5508181381320838,0.5578952620340504,0.05505958751349998,0.05807565951058344,0.055530802051245505,0.05806360919476065,0.16017358618019584,0.16009609476065606,0.1218992049107026,0.12341376349775765,0.08222391219409557,0.08161005328912005,0.5021628141403198,0.5022235214710236,0.5020679831504822,0.5023093819618225,0.5035480260848999,0.5021566599607468,0.23311252146959305,0.23360241949558258,0.28012165427207947,0.27963826060295105,0.48502644896507263,0.48418278992176056,-176.51455688476562,-177.120361328125,-4.562936782836914,-4.58920955657959,3.747870683670044,3.586721658706665,0.625664234161377,0.6248975396156311,0.478948313331816,0.4791892455598707,0.8579111099243164,0.8513529300689697,0.8226448500477755,0.8063205217852335,0.31721192598342896,0.3107856810092926,-0.7308232237324036,-0.7471261024334038,0.8381860256195068,0.8493115305900574,0.7791280720221881,0.8018375257214774,0.7193527817726135,0.7231849431991577,0.8464013530528623,0.8629103570889457,0.8002399206161499,0.7814666628837585,0.6954127274969393,0.6528474441547675,0.27704504132270813,0.274658739566803,-0.8883605561068074,-0.8881682870982693,0.7739955186843872,0.7808752059936523,0.6375132632599049,0.6515485808320237
160,6.666666666666667,160,6.666666666666667,0.0,0.030160915596854267,0.032921944540249465,0.527837300635349,0.5330658606230766,0.058598237460443535,0.0627880064603607,0.05841381909118574,0.06248515762415773,0.1509035514989519,0.14791683733629782,0.11608380597099015,0.11579526727521272,0.08232379342692564,0.08155621097797251,0.5014840513467789,0.5015769302845001,0.5016539096832275,0.5016188621520996,0.5037710070610046,0.5022094696760178,0.2300618216395378,0.23002415895462036,0.27542102336883545,0.27500322461128235,0.48540954291820526,0.4848119914531708,-177.98829650878906,-178.10919189453125,-4.938671588897705,-4.892791271209717,3.2096986770629883,3.0342624187469482,0.6217439770698547,0.6186673641204834,0.46216245527729904,0.45535591082214816,0.8579777479171753,0.8507794141769409,0.8209949105868098,0.8049093993933524,0.3165609538555145,0.31197404861450195,-0.73340069200218,-0.7438295517991655,0.837078869342804,0.8502354621887207,0.7749419390333784,0.8037130304245559,0.7202532887458801,0.7239373922348022,0.848075477119957,0.8669667317367178,0.8004168272018433,0.7845911979675293,0.6941531073360222,0.6593349191308103,0.2767965793609619,0.27521637082099915,-0.8891787566519875,-0.8875538216840994,0.7735131978988647,0.7812443971633911,0.6348680088287018,0.6519739594992167
161,6.708333333333333,161,6.708333333333333,0.0,0.037311461346962345,0.03450081784646412,0.5382571520679591,0.5498284789487595,0.06355114890697985,0.06291105688315478,0.06355246274805855,0.061907189201607406,0.1403767895544248,0.14469652900391564,0.11282934418311939,0.11658547620952167,0.08268974203973865,0.08234829449614313,0.5005127340555191,0.5007148385047913,0.5017388463020325,0.501508891582489,0.5034961700439453,0.5027985274791718,0.22688620537519455,0.2278212308883667,0.270729660987854,0.27094027400016785,0.48525890707969666,0.48396889865398407,-179.03668212890625,-179.35243225097656,-5.81702995300293,-4.831776142120361,2.285099744796753,2.449138641357422,0.6203946471214294,0.6193403601646423,0.45637524757686143,0.4547102008793459,0.8552811741828918,0.8528363704681396,0.812575296006724,0.8095538448907742,0.3173096776008606,0.31499677896499634,-0.7268777892449252,-0.7327443616134196,0.8401732444763184,0.852916955947876,0.7793980211646561,0.8097307059315216,0.7196071743965149,0.7252772450447083,0.8437040035184928,0.8680431740646251,0.801082968711853,0.7861707210540771,0.6935550997400481,0.6632426710161481,0.27653688192367554,0.2756555378437042,-0.8860560367873832,-0.886241721667684,0.7750856876373291,0.7818269729614258,0.6364646210240474,0.6537094423138499
162,6.75,162,6.75,0.0,0.03566515679447383,0.03387368902358969,0.5409501859286768,0.5581559429003822,0.06714605182267566,0.06953907462246982,0.06714662854766225,0.06961902969515944,0.13022889413460653,0.12998730660376853,0.115515082466017,0.11536623806083923,0.08255488469445284,0.08194574709307124,0.49906305968761444,0.4989812672138214,0.5008522868156433,0.5007535219192505,0.5033863931894302,0.5027380138635635,0.22416911274194717,0.22473815828561783,0.2675802707672119,0.2670346200466156,0.48322267830371857,0.4832979887723923,-178.91946411132812,-179.6458282470703,-5.353909015655518,-5.455581188201904,0.761066198348999,0.8106524348258972,0.618528425693512,0.6152061223983765,0.44958523122097793,0.43961502056808816,0.8557247519493103,0.8539843559265137,0.818143277813639,0.8150275183525385,0.3216058015823364,0.3181414008140564,-0.7097831046734762,-0.721550712462095,0.8414424657821655,0.8553633689880371,0.7867744419166943,0.8180595521495675,0.7199144959449768,0.7261666655540466,0.8454587349736173,0.8733372738993694,0.7994368076324463,0.7897542715072632,0.694515500888549,0.6738049352030742,0.27482977509498596,0.27530282735824585,-0.8924254484515274,-0.8889980057101572,0.7786909937858582,0.7846304774284363,0.6489505246315099,0.6625392574154704
163,6.791666666666667,163,6.791666666666667,0.0,0.03232177840335084,0.031227648323827444,0.5474878972331602,0.549404680530162,0.06975601500480898,0.07230580177837653,0.06839945518643566,0.07100746211309399,0.12755401323566026,0.1253190167031666,0.11605525383474892,0.11466537116423939,0.08238550310701027,0.08216804287608868,0.49778445065021515,0.497836709022522,0.4988909065723419,0.4988503158092499,0.5038832575082779,0.5031812191009521,0.22336795926094055,0.22385762631893158,0.26630547642707825,0.26581549644470215,0.4842034727334976,0.4821157157421112,-179.48440551757812,-180.1732940673828,-3.412980556488037,-3.3001480102539062,0.6570305228233337,0.5685307383537292,0.6188569068908691,0.6158888339996338,0.447198169021034,0.44103517648995094,0.8529734015464783,0.8548821806907654,0.8068257055893339,0.8205014110257729,0.31398695707321167,0.3168177008628845,-0.7386151375941987,-0.7292574439739632,0.8359410762786865,0.8531661033630371,0.76956095925753,0.8167241295339296,0.7205686569213867,0.725371778011322,0.8428132393073888,0.8694519216960386,0.7984279990196228,0.7905840873718262,0.6874867100751332,0.6789739903611396,0.27198344469070435,0.27403709292411804,-0.9019907800199124,-0.8966618646032385,0.7821317911148071,0.7868961095809937,0.6518325029016915,0.6708563315432344
164,6.833333333333333,164,6.833333333333333,0.0,0.03129961195520559,0.02678966259574176,0.545056776468275,0.5554583610917132,0.06998828755373275,0.07323829553771213,0.06816304074206621,0.07277876159549261,0.12053279345130172,0.11994119245697928,0.11461174774067628,0.11375125442593262,0.08183935909892592,0.08264855924387939,0.49651649594306946,0.49686482548713684,0.4973115622997284,0.49741318821907043,0.503838986158371,0.502478763461113,0.22279517352581024,0.2235051617026329,0.2664322257041931,0.26620903611183167,0.4842340350151062,0.4829496592283249,-178.68588256835938,-179.8789520263672,-2.498822450637818,-1.8540598154067993,0.07036951184272766,0.3704109489917755,0.6205301880836487,0.6158267855644226,0.45511017601133247,0.44040685639205346,0.8519386053085327,0.8553217053413391,0.8066775817866195,0.8138412964470071,0.31362003087997437,0.31597355008125305,-0.74187754337193,-0.7246546803480122,0.8347728252410889,0.8579357266426086,0.7690189528953971,0.8195543957705788,0.7210426926612854,0.7246993184089661,0.8471214236027326,0.8634244710603022,0.7967820763587952,0.7900331616401672,0.6856740942384166,0.6711492936408335,0.2724331319332123,0.274657666683197,-0.9025115630731307,-0.8851850362267778,0.7818232774734497,0.7871754765510559,0.6528571844522981,0.6649036525889974
165,6.875,165,6.875,0.0,0.03424140210439153,0.030078728500166067,0.5507836016741807,0.5601546285546652,0.07165460308041875,0.07367742135492095,0.07095632409140308,0.07416182833253722,0.11471755412124296,0.1125238231686761,0.11425092429575266,0.11470789327357193,0.08212518619016998,0.08265734241036295,0.49515920877456665,0.49531011283397675,0.4958592653274536,0.4958442151546478,0.504228875041008,0.5027531832456589,0.22262584418058395,0.22302131354808807,0.2661621868610382,0.2662046253681183,0.48449209332466125,0.48312968015670776,-178.82577514648438,-179.53347778320312,-1.7605242729187012,-1.2504218816757202,-0.3028782606124878,-0.3353557288646698,0.6195337772369385,0.6160067319869995,0.4514556676756743,0.44034038749498516,0.8524147272109985,0.8544176816940308,0.8103009914027436,0.812026388232248,0.3145101070404053,0.31546810269355774,-0.7428098150829647,-0.7281819056345227,0.8305778503417969,0.8559411764144897,0.7622081551742442,0.8153583513181083,0.7206331491470337,0.7243993878364563,0.8472921289018147,0.8617811688992834,0.7989514470100403,0.7882906794548035,0.6925551802987101,0.6674031562112485,0.2733140289783478,0.2740528881549835,-0.9041056713122393,-0.8892081323689685,0.7813130021095276,0.7864272594451904,0.6537088357867725,0.6633277586387425
166,6.916666666666667,166,6.916666666666667,0.0,0.037146780289387005,0.03429783578003532,0.566115990341153,0.5535532011990344,0.07639265709308898,0.07938505713425156,0.0757940272409492,0.07928449083588827,0.09727634782436803,0.0995024237160462,0.11111136401906145,0.11294901715498484,0.08260723958369824,0.0828372999769189,0.49207568168640137,0.492140993475914,0.4923282265663147,0.49230676889419556,0.5033989697694778,0.5035297572612762,0.22436046600341797,0.22412586957216263,0.2678467035293579,0.2680206596851349,0.48597270250320435,0.4832659959793091,-179.39895629882812,-179.1194610595703,0.9498950242996217,0.8454376459121704,-1.684054970741272,-1.5719784498214722,0.6182246208190918,0.6155697107315063,0.44894436885896666,0.435413728034912,0.8523315191268921,0.8544797301292419,0.8057174811411244,0.8114761508616477,0.31772512197494507,0.316342830657959,-0.7259460551694612,-0.7274526187071652,0.8309745192527771,0.8552579879760742,0.7587479328117377,0.813177428653461,0.7203171849250793,0.7243502140045166,0.8481050210197999,0.8581604625754656,0.7993908524513245,0.7884157299995422,0.6892873075837501,0.6670597254873664,0.27514249086380005,0.27535614371299744,-0.8924352696768278,-0.8867365670644575,0.7816944718360901,0.78703373670578,0.6503684046731456,0.6640386772465009
167,6.958333333333333,167,6.958333333333333,0.0,0.03936678214780283,0.0353216899415063,0.5648165479996465,0.553379884231485,0.07435819480335645,0.07895145177251321,0.07222793177023683,0.07883808609463207,0.10465506289027773,0.09689637557325563,0.12228018659636333,0.11757288494315936,0.082703717560088,0.08320686556399684,0.4901375025510788,0.49016833305358887,0.4898756444454193,0.48992443084716797,0.50326007604599,0.5027167797088623,0.2252460941672325,0.2257770448923111,0.26966288685798645,0.27009543776512146,0.4865047037601471,0.48430176079273224,-178.98895263671875,-179.23638916015625,2.7687904834747314,2.5833187103271484,-1.9150742292404173,-2.171722650527954,0.6178933382034302,0.6164723634719849,0.4471859333314706,0.4389383400787917,0.8537337183952332,0.853331446647644,0.8058180600725179,0.800967000648663,0.3193182349205017,0.31681352853775024,-0.7175596537542293,-0.7173279920414055,0.8350018858909607,0.8557232618331909,0.7647144208483801,0.8061583581700377,0.7203823924064636,0.7242611646652222,0.8469971442965467,0.8548531981429313,0.8006433844566345,0.7890624403953552,0.6893208656841192,0.6614732007032439,0.2746819257736206,0.2751759886741638,-0.8916865100492679,-0.877990985699322,0.7828594446182251,0.7884680032730103,0.6502972065234353,0.6601829941501969
168,7.0,168,7.0,0.0,0.03907087990815749,0.03530594305864025,0.5649404660982501,0.554649373169809,0.07360593203133597,0.07436861656067265,0.07297570190356589,0.07467857560233017,0.0950404498484043,0.09659408588730428,0.12290655764622689,0.12655693873413829,0.0827295395224566,0.08369243997116296,0.4881015866994858,0.48828476667404175,0.4867195188999176,0.4873548150062561,0.5035091042518616,0.5025786906480789,0.22637876868247986,0.22721249610185623,0.27177679538726807,0.27260878682136536,0.4868667274713516,0.48526130616664886,-178.5566864013672,-178.7261962890625,6.387134075164795,5.1774492263793945,-2.5084755420684814,-2.765974760055542,0.6189258098602295,0.6172543168067932,0.4508328035834595,0.44197599662303033,0.8554044365882874,0.8524951934814453,0.8097506280420487,0.7961462251117363,0.3190611004829407,0.31558629870414734,-0.7204781163714503,-0.7206949860117517,0.835809051990509,0.8554962873458862,0.7666956716773479,0.8026524589695405,0.7203179001808167,0.7252079248428345,0.8468836187533524,0.8580443896985154,0.799688458442688,0.7892879247665405,0.6873315453286947,0.6591157654367066,0.273106187582016,0.27577894926071167,-0.8999840389530378,-0.8741181111563511,0.780595064163208,0.788835346698761,0.6453795615105132,0.6581345969425197
169,7.041666666666667,169,7.041666666666667,0.0,0.04117370768736288,0.03711693901044684,0.5695324115161987,0.5630653470458579,0.0697437330293263,0.07323706346933943,0.06986622293577553,0.07380709274949417,0.09432699643567768,0.09328122122827066,0.12972978552825024,0.13276112459809047,0.08363722718669042,0.08395999713769253,0.48633064329624176,0.48643191158771515,0.48424676060676575,0.4849657416343689,0.5028708875179291,0.5026597082614899,0.22774437069892883,0.22847359627485275,0.27442294359207153,0.2748492956161499,0.48713111877441406,0.48456472158432007,-178.21841430664062,-178.35890197753906,8.25175952911377,7.201418876647949,-2.921468019485474,-3.4871199131011963,0.6193410754203796,0.6167529225349426,0.45439013826261493,0.4395774591286642,0.8544088006019592,0.8527727723121643,0.805992844975652,0.7979788958108105,0.31915533542633057,0.31719276309013367,-0.7167373610302012,-0.7145656210138852,0.8352324366569519,0.8560192584991455,0.7639102113252297,0.8050146666410012,0.7201217412948608,0.7254215478897095,0.8475700714765837,0.8582551037602247,0.7984850406646729,0.7903388738632202,0.6832678534942657,0.662672420987757,0.2732260823249817,0.27585649490356445,-0.89592312558396,-0.8738256774074498,0.7807897925376892,0.7889020442962646,0.6444355364597815,0.6595585301615213
170,7.083333333333333,170,7.083333333333333,0.0,0.049231925676488285,0.052981431538890164,0.5732651023137529,0.5816345037355021,0.07443785938484992,0.07100376051740151,0.0733423476051401,0.0707187327703098,0.08768113956020139,0.09341247844722805,0.13643077317457686,0.14067288500601588,0.08416198976580778,0.0838012845115607,0.4828665405511856,0.48302629590034485,0.4805738627910614,0.4810885488986969,0.5023306012153625,0.5024609863758087,0.2321106120944023,0.2324177697300911,0.28165870904922485,0.2816324830055237,0.4884404391050339,0.485834464430809,-175.8058319091797,-176.3048095703125,10.051804542541504,9.217681884765625,-4.26465368270874,-4.066059112548828,0.6199659109115601,0.6167783737182617,0.45783014779542486,0.43956143064859027,0.8543189764022827,0.8525731563568115,0.8009882551140658,0.7932070148089647,0.3164401650428772,0.3172108829021454,-0.7234753415993767,-0.7123045969092346,0.8301647901535034,0.8578560948371887,0.7481094510168697,0.8046333081172391,0.720534086227417,0.7259104251861572,0.8492359483776228,0.8591847424475423,0.7984771132469177,0.7901422381401062,0.6787381858382188,0.6581772419470183,0.27286750078201294,0.27717459201812744,-0.893057751590998,-0.8662480145113503,0.782314121723175,0.7891075015068054,0.6433538572748078,0.6559392442279787
171,7.125,171,7.125,0.0,0.0754253501131464,0.0692268346516564,0.595651672533424,0.582579859286719,0.072293232432503,0.0734180186297659,0.07245198610743406,0.0728051595366378,0.08597427257217147,0.09003550159205172,0.1374373063356199,0.1412874015660671,0.08385366852604391,0.0836240881833965,0.4810968190431595,0.48122362792491913,0.4779842793941498,0.47827258706092834,0.5027848333120346,0.5017134547233582,0.2342793345451355,0.23490913957357407,0.28608304262161255,0.2855299711227417,0.4877328425645828,0.4859961122274399,-173.93122863769534,-175.12973022460938,12.266499519348145,12.73659610748291,-3.841682195663452,-3.9208362102508545,0.6201227903366089,0.6175482273101807,0.4569808852201797,0.4457689768933928,0.8545066714286804,0.853916585445404,0.8034898186192145,0.7964295626417874,0.31452476978302,0.3164364993572235,-0.7331919922986104,-0.7130045407874376,0.8308525681495667,0.856877863407135,0.7516708782869762,0.8028397775757222,0.7199286818504333,0.7259494662284851,0.8456819143733009,0.8629313564402574,0.7981600165367126,0.7886286973953247,0.6800514488228727,0.6551022707117012,0.27321991324424744,0.2767169773578644,-0.8940566467004908,-0.8658578704823512,0.7808008790016174,0.7887247204780579,0.6420228623431438,0.6553101298208066
172,7.166666666666667,172,7.166666666666667,0.0,0.10142583305004853,0.09549826843661795,0.5995388543567677,0.5888322820765662,0.07130438829129238,0.07586822138874437,0.0711212826903232,0.07586920358388002,0.08583460724441311,0.08661997969667921,0.14164709464171468,0.14137692272790103,0.08359813628868337,0.08360006901026522,0.47943611443042755,0.4796750247478485,0.4762183129787445,0.476587176322937,0.5028743892908096,0.501368522644043,0.23740068078041077,0.23750389367341995,0.28929275274276733,0.2891346514225006,0.4875313341617584,0.4872758239507675,-173.7561798095703,-174.24029541015625,13.44094181060791,13.54332160949707,-4.258535385131836,-4.108677864074707,0.6204229593276978,0.6186076402664185,0.4587667263247749,0.45139077857834614,0.8542159795761108,0.8536329865455627,0.8049887531902864,0.7934276939388574,0.3146095871925354,0.3177635073661804,-0.7347569342077328,-0.7069109054889887,0.8359601497650146,0.8560696840286255,0.7649114337228125,0.7987049028000676,0.7201015949249268,0.7261645793914795,0.8477909511461449,0.8655035037316026,0.7974286675453186,0.7891431450843811,0.6803226454588337,0.6537606383512977,0.27378344535827637,0.2766743004322052,-0.894092563998009,-0.8651114232447966,0.77880859375,0.7901006937026978,0.6394456952612949,0.6558344222693855
173,7.208333333333333,173,7.208333333333333,0.0,0.11200170272136162,0.09157377350173773,0.5926678136725764,0.5880298974308819,0.07004209265064668,0.07611939958306978,0.06955827425607466,0.07609508896910007,0.08953744450248698,0.08247028755078228,0.14510934165563708,0.13911911501813234,0.08449384894011944,0.08432457899908524,0.47790567576885223,0.4779423177242279,0.47441574931144714,0.47464853525161743,0.5013566017150879,0.5017406642436981,0.2401752546429634,0.2400107979774475,0.2931536138057709,0.29371970891952515,0.4880847930908203,0.4872613698244095,-173.02330017089844,-172.9254913330078,13.905023574829102,13.94261360168457,-4.265751838684082,-4.0987348556518555,0.6203081011772156,0.6179669499397278,0.46212177233544594,0.4481417999446197,0.8555788397789001,0.8550316095352173,0.8030809870594663,0.7976460239972967,0.3127594292163849,0.3193294405937195,-0.7326923998995339,-0.7033356835509241,0.8363395929336548,0.8542339205741882,0.7610376574164298,0.7959159399408715,0.7195565104484558,0.7251649498939514,0.847697834859163,0.8614726085672866,0.7977190017700195,0.7912700176239014,0.6766404739735168,0.6593553882139557,0.2720875144004822,0.27854233980178833,-0.8907011466912076,-0.8606013541688663,0.7818483114242554,0.7846988439559937,0.6419584164461756,0.6451033634897042
174,7.25,174,7.25,0.0,0.05726206504305846,0.055357846733439756,0.5887470625372215,0.5812320274058358,0.07645802288011404,0.08249391071560648,0.07638910111197543,0.08231712524665065,0.08751305474838168,0.08124620972535437,0.15282660932402214,0.14375022695882025,0.08324852021411386,0.08425913081516487,0.47453920543193817,0.47472552955150604,0.4713289141654968,0.4711061418056488,0.5024817287921906,0.5002874135971069,0.24557625502347946,0.245088130235672,0.302204966545105,0.30239564180374146,0.4881732016801834,0.4887907803058624,-170.39788818359375,-170.08108520507812,14.056812286376953,14.242458343505861,-4.877164840698242,-4.4565110206604,0.6196092367172241,0.6175596714019775,0.45697131502990135,0.4521411588476585,0.8560960292816162,0.8539406657218933,0.8074382098798953,0.7919038456532409,0.32092469930648804,0.3224889636039734,-0.7083421818391794,-0.6854988445346881,0.8487335443496704,0.8568565845489502,0.791280605056968,0.7982276250791283,0.719570517539978,0.7234941720962524,0.8469688378909174,0.860569791521841,0.7977660298347473,0.7904553413391113,0.6794280218665119,0.6542226508091322,0.27451491355895996,0.2795161008834839,-0.8894093043197313,-0.8511799724769225,0.7744196653366089,0.786949634552002,0.6281924220520821,0.6466197929216607
175,7.291666666666667,175,7.291666666666667,0.0,0.04819497510098404,0.04464837190985891,0.5967330463834972,0.5927856443328968,0.08432630634473072,0.08311262716360081,0.08316513186929052,0.0833206501878557,0.08368621002030519,0.07992726491186301,0.14616151941868666,0.14200431303075398,0.08177007486777321,0.08339634102695198,0.4732786566019058,0.4734511077404022,0.4696051776409149,0.4695519804954529,0.502151370048523,0.5007790476083755,0.24772030115127563,0.24766327440738678,0.30418986082077026,0.30524832010269165,0.4888478219509125,0.48860137164592743,-170.1587371826172,-169.27296447753906,15.54216003417969,14.42644786834717,-4.5652265548706055,-4.200117111206055,0.6196005940437317,0.6175333857536316,0.45842164514157446,0.45099024599121734,0.8561437726020813,0.8534466028213501,0.8064057779683295,0.7927300542605731,0.321383535861969,0.3255404829978943,-0.7055635202822622,-0.6768989025701565,0.848658561706543,0.8579884767532349,0.7899718442296854,0.8025985674294803,0.7198091745376587,0.7225927114486694,0.8495505156839793,0.8568058404398738,0.7992579340934753,0.7918043732643127,0.6815117551058775,0.6587947748434285,0.2742648422718048,0.2809963822364807,-0.8894747314232229,-0.8489606458764692,0.7752793431282043,0.7854952216148376,0.6288662678151719,0.6450863480858322
176,7.333333333333333,176,7.333333333333333,0.0,0.04929663983409244,0.049454214367657144,0.5866896288948942,0.588981306484921,0.07923571120713192,0.08493735633238281,0.0777735425996357,0.08398333065287991,0.08516370960544241,0.07675825293510949,0.14966801948970554,0.13973992959909812,0.08193730988108137,0.08304770333302022,0.4725402295589447,0.47265151143074036,0.46849504113197327,0.46875885128974915,0.5021507441997528,0.5012750327587128,0.2490185648202896,0.2486526221036911,0.30533114075660706,0.3059476315975189,0.4880662113428116,0.4892309904098511,-170.6421356201172,-169.9677734375,16.423784255981445,15.68306350708008,-4.73052978515625,-4.524864673614502,0.6191220283508301,0.6173312664031982,0.4576542590192055,0.4484883104609711,0.8566399216651917,0.8525028228759766,0.8111573951898176,0.7896541225000451,0.3216763734817505,0.3262856602668762,-0.7061123163889287,-0.676229837493252,0.8477081060409546,0.8574881553649902,0.7915002463125014,0.8004908788905922,0.7195360064506531,0.7224947214126587,0.8505274763730563,0.8548825107407277,0.798974335193634,0.7938610315322876,0.6842469140449512,0.6621828237456902,0.27461564540863037,0.28122103214263916,-0.8902390684504923,-0.8503778198489709,0.7734479308128357,0.7858454585075378,0.628068377415251,0.6447591489173259
177,7.375,177,7.375,0.0,0.0629575356159693,0.06141191648067158,0.580167858912267,0.5926476348065679,0.07593315219627751,0.0800926220899611,0.07483934048706377,0.07946756329495097,0.0883569578227262,0.07937406651795959,0.15077814736871145,0.14263299345206995,0.08233444858115345,0.08332158536873298,0.4721953868865967,0.47243909537792206,0.46787703037261963,0.4686110317707062,0.5023867189884186,0.5010777413845062,0.24905595183372498,0.24906088411808014,0.3054923117160797,0.3063332736492157,0.4879132807254791,0.48930832743644714,-170.66627502441406,-170.0439910888672,17.03097152709961,15.231502532958984,-4.394110202789307,-4.483025074005127,0.6189492344856262,0.6173800230026245,0.45548369640314285,0.4485201611403032,0.8568102717399597,0.8524353504180908,0.8108519487819824,0.787725366048823,0.32172834873199463,0.3268500566482544,-0.7059468639601797,-0.6719096835055707,0.8480318784713745,0.8586235046386719,0.7915566510094735,0.8011492253048724,0.7193702459335327,0.7226134538650513,0.8478922961637625,0.8543532601223407,0.7994484901428223,0.7946563959121704,0.6847682085331507,0.6623864482388004,0.2751339077949524,0.28141605854034424,-0.8880209046525354,-0.8471260581896033,0.7730851173400879,0.7864261865615845,0.6268203457577561,0.644532793007869
178,7.416666666666667,178,7.416666666666667,0.0,0.05060975719817666,0.05071558260092102,0.5600852553081394,0.5820868421202092,0.075235981624239,0.07997227366255104,0.07448101715439773,0.0790237192333363,0.09157111785608085,0.08049786517232202,0.15477397822240685,0.14410535942536665,0.08273479094089108,0.08338892437397144,0.47182823717594147,0.47187861800193787,0.4676010310649872,0.46793287992477417,0.5022263824939728,0.5004387497901917,0.24835626780986786,0.24938283115625381,0.3061017096042633,0.3065672218799591,0.4879883974790573,0.4888460785150528,-170.3706817626953,-170.48301696777344,17.4139347076416,15.87238597869873,-4.4127516746521,-4.5353522300720215,0.6186133027076721,0.6171868443489075,0.4546581046531315,0.4504615553026909,0.8566900491714478,0.8521914482116699,0.8101741289411714,0.7885878612612405,0.3216868042945862,0.32845088839530945,-0.7052663846443739,-0.6635990063046254,0.8480027914047241,0.859903872013092,0.7910850050879515,0.8053265465396079,0.7193816304206848,0.7221636176109314,0.8483031706359953,0.855504573203825,0.7990126609802246,0.7941662073135376,0.6834355382054509,0.6626525819504485,0.27543798089027405,0.2818622589111328,-0.8859344730587188,-0.8433568565392464,0.7726914882659912,0.7867727279663086,0.6255981700282791,0.6466061188550781
179,7.458333333333333,179,7.458333333333333,0.0,0.04516946491308791,0.035100411344485376,0.5210026282037765,0.5365253184366138,0.07907858687293359,0.0799482267341308,0.07769111457197439,0.07950067986574373,0.08631414336991135,0.08196876916868019,0.15168675770984275,0.14448277397231468,0.08240362203652289,0.08390363001111673,0.4714227020740509,0.47165343165397644,0.4670121371746063,0.4673239290714264,0.5021385848522186,0.5006096065044403,0.24787937104701996,0.2487100511789322,0.3047886788845062,0.30592235922813416,0.4876159131526947,0.4887125939130783,-171.46405029296875,-171.5970458984375,19.375389099121094,17.345510482788086,-4.602904319763184,-4.345212936401367,0.6189010143280029,0.6178928017616272,0.455527940056656,0.45377708675751244,0.8562300205230713,0.8513032793998718,0.8089214954678944,0.7891252564269847,0.3218519687652588,0.3277912139892578,-0.7033563040319425,-0.6686467445032396,0.8485203981399536,0.8587010502815247,0.792002774390901,0.8052254158564387,0.7194331288337708,0.7223894000053406,0.8477361806350167,0.8580819134048471,0.7986873388290405,0.793432354927063,0.6826444181709088,0.6631777074628917,0.27532047033309937,0.2812717854976654,-0.8848907044697741,-0.8486337468376228,0.7729219794273376,0.7847115397453308,0.6261024881640047,0.6441981368561687
180,7.5,180,7.5,0.0,0.038557775532006844,0.03970270272466091,0.5046990155824176,0.507063185583694,0.07852643101989339,0.08235164629831647,0.07726832379597051,0.08183732590346052,0.08691620451436097,0.08020467508518297,0.15196107950690174,0.14212218056677361,0.0821380410026851,0.08347220095694967,0.47115591168403625,0.4715554863214493,0.46666958928108215,0.4671285152435303,0.5018936991691589,0.5012724846601486,0.24738679826259613,0.24787620455026627,0.30487877130508423,0.3046914339065552,0.4877137541770935,0.4883311539888382,-170.7764434814453,-171.79331970214844,20.013490676879883,18.137765884399414,-4.432040691375732,-4.219366073608398,0.6187067627906799,0.6179628372192383,0.45461250813791854,0.4528385810931297,0.8564618229866028,0.85060715675354,0.8072392082687517,0.7908071056885725,0.3216599225997925,0.3270765244960785,-0.7014329277660805,-0.6759997695002958,0.8485609889030457,0.8579319715499878,0.7899432178901061,0.8067963391588499,0.7195485830307007,0.7227694988250732,0.8470682096084766,0.8595602927844287,0.7983933091163635,0.7934647798538208,0.6801194071717863,0.666071828321657,0.27524709701538086,0.280861496925354,-0.8820621347618107,-0.8553457655603321,0.7738603353500366,0.7832770347595215,0.626413421989154,0.6438331452456806
181,7.541666666666667,181,7.541666666666667,0.0,0.03134467297057368,0.03357853135522748,0.5116453881333858,0.5030891652600251,0.07928999859919623,0.08505889305770482,0.07788467782446062,0.0846070430159456,0.08881287986911977,0.07764156481569728,0.15297861823331133,0.14079606292696473,0.08227664556167925,0.08311335876755611,0.47129665315151215,0.47171345353126526,0.46696361899375916,0.4676070213317871,0.5017932951450348,0.5010441541671753,0.247597336769104,0.24779942631721497,0.30500125885009766,0.3049458861351013,0.48783622682094574,0.4882297068834305,-170.77598571777344,-171.23565673828125,18.99245262145996,18.183368682861328,-4.409450531005859,-4.352018356323243,0.6187883615493774,0.6181607842445374,0.4543168008231537,0.45412435870262474,0.8570191264152527,0.850596010684967,0.8064089747295737,0.7903629308373594,0.32131949067115784,0.3265829384326935,-0.7008182823503378,-0.6764802544401073,0.8484787940979004,0.8579480648040771,0.7877542628362169,0.8063986134609767,0.719860315322876,0.7229503393173218,0.8468007585023906,0.8604499972112414,0.7993022203445435,0.7938396334648132,0.6803375041923684,0.6665706902983501,0.2751607298851013,0.2804141640663147,-0.8800625973012463,-0.8555015005036979,0.7746400833129883,0.7837920784950256,0.626467813423616,0.6446558077323925
182,7.583333333333333,182,7.583333333333333,0.0,0.03505148752393152,0.03737003656430144,0.5138962175699684,0.5008092654128887,0.07801156756208999,0.08443653553239948,0.07709782825914885,0.0833741370385746,0.08942266703107375,0.0805301529199185,0.15125786329019353,0.14099736696396376,0.0826454249591676,0.08324776345581976,0.47182968258857727,0.4719763249158859,0.46755295991897583,0.467642605304718,0.5021414756774902,0.5010085254907608,0.24627436697483063,0.2468511387705803,0.30338239669799805,0.3034909963607788,0.4878093898296356,0.48796556890010834,-170.93019104003906,-171.59176635742188,18.772790908813477,18.25299072265625,-4.246572017669678,-4.168944835662842,0.6192908883094788,0.617927610874176,0.4561316153649378,0.4531782973114909,0.8567317724227905,0.8500319719314575,0.8079929867030614,0.7893951399766812,0.32130956649780273,0.32604339718818665,-0.7040850567707749,-0.6781647211234028,0.8482816219329834,0.856871485710144,0.7894859438818643,0.8043069873380925,0.7196046710014343,0.7230504155158997,0.8467122142313374,0.8606342183009513,0.798402726650238,0.7939856052398682,0.6802440017430507,0.6672000699307569,0.274924099445343,0.2801676392555237,-0.8846909816383678,-0.8559791284087623,0.7740548253059387,0.7846451997756958,0.6269186019967657,0.6468356544061524
183,7.625,183,7.625,0.0,0.05426389485875204,0.05562084542157303,0.5134883405744051,0.5056464022965174,0.07393093434512055,0.08287487261275577,0.07219058522750245,0.08065248823271298,0.0894046463547993,0.07889184395147063,0.15093205949604194,0.13921289323065625,0.08285136938938235,0.08349047394214525,0.472083181142807,0.4721968472003937,0.467319130897522,0.46754178404808044,0.5019711405038834,0.5013452470302582,0.24551598727703094,0.24560198187828064,0.300719290971756,0.30103686451911926,0.4880654960870743,0.48807042837142944,-172.38699340820312,-172.37925720214844,19.4510440826416,19.127605438232422,-4.316744804382324,-4.222970008850098,0.6193633079528809,0.6178156733512878,0.45738140115385817,0.4519371008809055,0.8564856648445129,0.8497606515884399,0.8074307841148449,0.7894445421406847,0.32171791791915894,0.3250987231731415,-0.7022995937452008,-0.6838847040258563,0.8481918573379517,0.8563765287399292,0.7892540498689808,0.8038847115825409,0.7193966507911682,0.7227312326431274,0.8471296399310174,0.8590381582167929,0.7984057664871216,0.7941696643829346,0.680142698801323,0.6681086623614082,0.27457278966903687,0.2800230085849762,-0.8859856546230497,-0.8587908017760312,0.7744697332382202,0.7844672799110413,0.627684414120704,0.6469317159707642
184,7.666666666666667,184,7.666666666666667,0.0,0.040565368059374246,0.044446690434531456,0.5342487804098649,0.5203001815299486,0.074845806203042,0.07899570820318656,0.07361739457845738,0.07791481132258933,0.09403155752582974,0.08579637998141745,0.15177022789998143,0.14191240693607726,0.0832426060015934,0.08381182182032963,0.4725332111120224,0.47243762016296387,0.4682144820690155,0.4682147800922394,0.501579761505127,0.5008789449930191,0.24363203346729279,0.24387739598751068,0.29873329401016235,0.29928523302078247,0.48857754468917847,0.4881083518266678,-172.2422637939453,-172.1356964111328,16.677507400512695,16.689443588256836,-4.174973487854004,-3.8820345401763916,0.618933916091919,0.6183226704597473,0.45671468117757996,0.45472653718311473,0.8564517498016357,0.8497748374938965,0.8053197807721196,0.7876826390158724,0.32190483808517456,0.3245500326156616,-0.6992524095485698,-0.6827221753395077,0.8481003046035767,0.8563108444213867,0.7870374877421549,0.8019175747627486,0.7195146083831787,0.7221785187721252,0.8481510046223494,0.8568426151738591,0.7980319261550903,0.7943586707115173,0.6774319350956338,0.6669903597333208,0.27458688616752625,0.2796662449836731,-0.8834027142406976,-0.8565062514529529,0.774195671081543,0.7848994135856628,0.6252515771268291,0.646388803019331
185,7.708333333333333,185,7.708333333333333,0.0,0.020300231602456503,0.02518953051679293,0.5470461598522873,0.5345075485607156,0.07231317864881717,0.0756486415359613,0.07196270089318657,0.07579814356431702,0.09818037790264814,0.09274689178782798,0.1526852228312992,0.1444844032110757,0.08344819249093385,0.08369378083921253,0.47319214046001434,0.47332997620105743,0.4687611758708954,0.46864137053489685,0.5014267265796661,0.5009065568447113,0.24203772097826004,0.242426298558712,0.2967647314071655,0.29689618945121765,0.4872974455356598,0.48713815212249756,-171.3865966796875,-172.46435546875,14.862279891967775,15.01160526275635,-3.7464087009429927,-3.2743499279022217,0.619025707244873,0.6177719235420227,0.4576751999355225,0.45390540685224406,0.856110692024231,0.8493108749389648,0.8073890598033041,0.7912574185361605,0.3223998546600342,0.3235076665878296,-0.6967420885467807,-0.6890177794568028,0.8488035202026367,0.8552894592285156,0.7913925340737409,0.80431913984599,0.7195400595664978,0.7222566604614258,0.8488599366991438,0.8597244134711008,0.7978774905204773,0.793461799621582,0.6799076033776088,0.669241064516982,0.27416592836380005,0.280080109834671,-0.8844603131132927,-0.8576905297652554,0.7739138007164001,0.7827461361885071,0.6274473916999043,0.645830002192849
186,7.75,186,7.75,0.0,0.018858476503563874,0.020367570319057234,0.5593407772921556,0.5392065506540126,0.07740852616978634,0.07750647991008902,0.07609900929131516,0.07778839183645679,0.09750472827311889,0.09460643164916771,0.14787990481992436,0.14518781637586234,0.08296615788390713,0.08366129993978537,0.47410033643245697,0.4742974191904068,0.46935200691223145,0.4692761301994324,0.5013103783130646,0.5004591643810272,0.23864759504795074,0.23930059373378754,0.29163843393325806,0.2927917540073395,0.48725755512714386,0.48663273453712463,-172.80368041992188,-173.08621215820312,14.595325469970705,14.68017292022705,-3.5421202182769775,-3.0775654315948486,0.6192214488983154,0.616881787776947,0.4563674241982388,0.4505579109226757,0.8560358881950378,0.8492058515548706,0.8028750789380407,0.7892804854829836,0.32132720947265625,0.32023555040359497,-0.6966135983249084,-0.6974690368938417,0.8446865677833557,0.8511472344398499,0.7781662343440042,0.7935066554720006,0.719819188117981,0.7218589782714844,0.8457246821721782,0.8568217646661412,0.7984414100646973,0.7933909893035889,0.677484927107241,0.667777871231797,0.2741037607192993,0.27867233753204346,-0.8793890032326712,-0.8583195126553852,0.7761768698692322,0.7833629250526428,0.6290123275424986,0.6459479145997562
187,7.791666666666667,187,7.791666666666667,0.0,0.02812379542139754,0.02979704836784503,0.5484291736004849,0.5492385238522183,0.07448602699484791,0.07441529186882145,0.07215413976903198,0.074245325873435,0.09882627201492854,0.09251897081561074,0.14452553462630063,0.14108471912030135,0.08386477047897174,0.08383310062674566,0.47498342394828796,0.4751078188419342,0.4693048596382141,0.4698893129825592,0.5013321936130524,0.5002793073654175,0.23693033307790756,0.23722869902849197,0.288932740688324,0.2903607189655304,0.4887243062257767,0.4880717247724533,-174.0541229248047,-173.43980407714844,15.553467750549316,15.081807136535645,-3.1668150424957275,-2.939824104309082,0.6198391914367676,0.6159381866455078,0.4587974527815269,0.44736014420027015,0.8556033372879028,0.8491162061691284,0.7989551841834173,0.7855277791851669,0.3181303143501282,0.32582321763038635,-0.7092623819198477,-0.674783483518619,0.8433416485786438,0.8545100092887878,0.7722528138333199,0.797263125947864,0.720130443572998,0.7209617495536804,0.8470730133928883,0.8535836571676313,0.7988536357879639,0.7933291792869568,0.6753709387634061,0.6641514347398173,0.2727232575416565,0.2778746783733368,-0.8850548868740482,-0.8602449506341705,0.7787351012229919,0.783058762550354,0.6315586569812519,0.6418059951441186
188,7.833333333333333,188,7.833333333333333,0.0,0.041062602908940884,0.03820660583156818,0.5505401005452134,0.5483523017224884,0.0765621451577818,0.07514594992810045,0.07395353146404844,0.074231210797735,0.09988531130956306,0.0944421017596885,0.14426534548844747,0.14124217793046595,0.08226818406383239,0.08401321901430142,0.4753034710884094,0.4755895137786865,0.47026193141937256,0.47031328082084656,0.5022349655628204,0.5006443113088608,0.2353508621454239,0.23604000359773636,0.2856951057910919,0.2865726053714752,0.48875734210014343,0.48823925852775574,-175.0757598876953,-175.34024047851562,15.663268089294434,14.733628273010256,-3.210555076599121,-3.1882236003875732,0.6197829842567444,0.6152181029319763,0.45811025796192417,0.44249331341465276,0.8552283644676208,0.8490555286407471,0.8033723303672311,0.7838447724985765,0.31490206718444824,0.32228755950927734,-0.730077149359107,-0.6888282996977283,0.8406580686569214,0.8574769496917725,0.7714315443701216,0.8021396428096869,0.7197952270507812,0.7207724452018738,0.847879773899287,0.85015277894017,0.7980667352676392,0.7924843430519104,0.6780634561176085,0.6609483518799326,0.2729725241661072,0.2768595516681671,-0.8934857204416471,-0.8642749653502261,0.7778612971305847,0.7843908071517944,0.6337693948371527,0.6433657860927834
189,7.875,189,7.875,0.0,0.049772438363960794,0.045910121120414066,0.5574792746169311,0.5485424177679904,0.07428043964979512,0.07467487622767699,0.07118502169915619,0.07366636657071056,0.1014488375093656,0.09450912210439268,0.14283583839001956,0.13825776484992502,0.08238798814215978,0.08411266081715875,0.47576311230659485,0.4761055260896683,0.470001220703125,0.4706958532333374,0.5029062628746033,0.5012619644403458,0.23463526368141174,0.2347964271903038,0.28401947021484375,0.28511980175971985,0.48904815316200256,0.4886607527732849,-175.61053466796875,-175.25221252441406,15.8995943069458,14.547799110412598,-2.920213460922241,-2.8928983211517334,0.6201135516166687,0.6146028637886047,0.45672565030713824,0.43960122372646365,0.8556068539619446,0.8495317697525024,0.8034647765716179,0.7873118145420539,0.3145907521247864,0.31853020191192627,-0.7338154907704365,-0.708738918458394,0.834804892539978,0.8513647317886353,0.7578686871876322,0.7913107853619731,0.7194429636001587,0.7207357883453369,0.8437859668598174,0.8512457737617426,0.7981864213943481,0.7926280498504639,0.6776041847403822,0.6631650450251025,0.273870050907135,0.2779390513896942,-0.8924932397756454,-0.8661747562243346,0.7805019617080688,0.7830464243888855,0.6388413878960618,0.6422608255852464
190,7.916666666666667,190,7.916666666666667,0.0,0.05235003430044814,0.046453174318679506,0.5567803008967805,0.54863415528063,0.07464627239121284,0.07388069011721837,0.07136882884499746,0.0726451003284459,0.10325263948531507,0.096052019724447,0.1435657006117959,0.13911112262376574,0.08199378035650098,0.08353540583569052,0.4756220430135727,0.47631967067718506,0.47030019760131836,0.47039365768432617,0.502097561955452,0.5011111795902252,0.23457776755094528,0.2344016656279564,0.2842912971973419,0.2843840718269348,0.4896641671657562,0.4884576201438904,-175.095947265625,-175.7365264892578,15.893283843994142,15.555156707763674,-2.837094783782959,-2.640947103500366,0.6202844977378845,0.6156753301620483,0.45834557784611685,0.4432484617689296,0.8559748530387878,0.8486695885658264,0.7990899844837938,0.7839333907311389,0.3148406147956848,0.31247273087501526,-0.7262088071192795,-0.729841768181002,0.8342450261116028,0.8455053567886353,0.7516873622515325,0.7770470372403878,0.7195723652839661,0.7209628820419312,0.8433979080570659,0.8506057823726098,0.7970075607299805,0.7925758361816406,0.6704555369688536,0.6618559214621034,0.27292558550834656,0.2764941453933716,-0.8887611923889008,-0.8690428410450882,0.7816161513328552,0.7831480503082275,0.6368798822837605,0.641338124179547
191,7.958333333333333,191,7.958333333333333,0.0,0.06711999025494292,0.0541159284891065,0.558767958519261,0.5564916114231042,0.07317557919458094,0.07620569994288205,0.07107184345808236,0.07522793843357238,0.10175723100690545,0.09490642844224481,0.14284496518490805,0.1379280279042778,0.08246827712217536,0.08381591548167447,0.4759337902069092,0.47632043063640594,0.4701482653617859,0.4703924357891083,0.502553254365921,0.5010548532009125,0.23480093479156494,0.23524334281682968,0.2845119535923004,0.28603512048721313,0.48996680974960327,0.4881274104118347,-175.2042236328125,-175.3548126220703,16.2623291015625,15.110945701599121,-2.7360289096832275,-2.6082212924957275,0.6210143566131592,0.6154903769493103,0.45926005474320963,0.443589006542387,0.8573666214942932,0.8491724729537964,0.8012063084857491,0.7872340130256019,0.31646743416786194,0.3130917549133301,-0.7214333004662563,-0.7286056051907139,0.8369532823562622,0.8463889956474304,0.7566899653309112,0.7811648315372067,0.7191891670227051,0.7207907438278198,0.8398724916340159,0.8517671980879199,0.7962479591369629,0.7917895913124084,0.6679219237867924,0.6621145726004258,0.274341344833374,0.2765064835548401,-0.8847512987531186,-0.8704219192548459,0.7792118787765503,0.7829245328903198,0.6307705300726392,0.6427849203177107
192,8.0,192,8.0,0.0,0.058811369232789915,0.05973793551933832,0.5550653725920831,0.5612040647648913,0.0746454279680473,0.07840837479685568,0.07220781322366959,0.07711351418164387,0.10146752303770001,0.09331528702493616,0.14244386022303274,0.13581773716700174,0.08252126050860344,0.08372939954391752,0.47580236196517944,0.47616031765937805,0.46963536739349365,0.4704608917236328,0.5024355500936508,0.5013176053762436,0.2354743778705597,0.23589692264795303,0.2857252359390259,0.2875403165817261,0.4890626519918442,0.4877464473247528,-174.89431762695312,-174.47068786621094,16.94049644470215,15.079398155212404,-2.5782787799835205,-2.5893726348876953,0.6215567588806152,0.6151544451713562,0.46261847002931233,0.4412715075445627,0.8574923276901245,0.8494266271591187,0.8048426953023589,0.7886245494130898,0.3134360909461975,0.31487977504730225,-0.733997258066193,-0.7226984041428164,0.8352253437042236,0.8513162136077881,0.7561999811303783,0.7927446929673798,0.7187516689300537,0.7205690741539001,0.8400840871061293,0.8498955727601804,0.7948952317237854,0.7917182445526123,0.6680979682654755,0.6627944659087739,0.27464038133621216,0.2766878008842468,-0.8846640621243209,-0.8707438878839946,0.7779440879821777,0.7841768860816956,0.6310678235259244,0.6463509316548014
193,8.041666666666666,193,8.041666666666666,0.0,0.06152447150131276,0.06284840444026984,0.5548730825776667,0.5626067760553621,0.07145894449174538,0.07826092944176297,0.06991180261492086,0.07691006301360073,0.10455720094169603,0.0957769970781492,0.14769971676112842,0.13742098113632376,0.08335310780268043,0.0834919915261942,0.4760495573282242,0.4758751839399338,0.46907317638397217,0.4697740972042084,0.5025451481342316,0.5010237842798233,0.237211711704731,0.23706664890050888,0.2879143953323364,0.28892967104911804,0.489117830991745,0.4874648451805115,-174.74290466308594,-174.1360626220703,17.352964401245117,15.840796470642092,-2.476419448852539,-2.372131824493408,0.6217397451400757,0.6150227785110474,0.461653981756748,0.44091505917387713,0.857587456703186,0.8506529927253723,0.802757249097397,0.7901473834336648,0.31277984380722046,0.32008594274520874,-0.7349822101210711,-0.6998151136773548,0.8385983109474182,0.8537134528160095,0.7613870157160777,0.7968056803771835,0.718291699886322,0.7204579710960388,0.8356104820905385,0.8487078163917973,0.7936538457870483,0.7930597066879272,0.6634698667933407,0.6648481836292086,0.2732500433921814,0.2784465253353119,-0.8880855404570727,-0.8608643081466674,0.7727884650230408,0.7827118635177612,0.6180120203530979,0.6423355513741081
194,8.083333333333334,194,8.083333333333334,0.0,0.10400996542370092,0.09550655851247032,0.5951997297563316,0.5834512374539067,0.04348096158890929,0.04887857047856633,0.040194653853848225,0.04525392308242592,0.14069886855240685,0.13167816569777688,0.18649006082035094,0.17640918398466543,0.08068858996783074,0.08177631811839403,0.4750515818595886,0.47500552237033844,0.4690871834754944,0.4695178270339966,0.5019018948078156,0.5011570751667023,0.24400362372398376,0.24387896060943604,0.2913936674594879,0.2915774881839752,0.4892722964286804,0.48804061114788055,-176.02407836914062,-175.9648895263672,16.22284698486328,15.435018539428711,-3.312398910522461,-3.4206252098083496,0.621206521987915,0.6135663390159607,0.46286309240637574,0.43466035787347096,0.8594490885734558,0.8515160083770752,0.8078430239837598,0.790579367888756,0.31321316957473755,0.31677931547164917,-0.732050792395147,-0.7129457152253142,0.837083101272583,0.8491972088813782,0.759033354661073,0.7855358489778654,0.7175971865653992,0.7206912636756897,0.8368274736712299,0.8488874108342275,0.7925324440002441,0.7943121790885925,0.6618097078656393,0.6661578319486269,0.275872141122818,0.2784666121006012,-0.8769218197091065,-0.8610919870547575,0.7703913450241089,0.7775619029998779,0.6134908161069971,0.6297250423207008
195,8.125,195,8.125,0.0,0.13355930474167557,0.10717660934440944,0.5970668267491307,0.5808188958010196,0.037817151125749224,0.045810989169069206,0.03573488809440771,0.04340558480172441,0.14454986003281634,0.1333631401428555,0.18791293127969105,0.17373959245368903,0.08129734919677621,0.08318264797205738,0.474892795085907,0.4754074960947037,0.46916431188583374,0.4695532023906708,0.5014834105968475,0.5008081197738647,0.24542581290006638,0.24560365080833435,0.29208260774612427,0.29222941398620605,0.4898791164159775,0.48737213015556335,-176.54620361328125,-177.4276123046875,15.85991668701172,14.551094055175781,-3.284397840499878,-3.0184755325317383,0.6207004189491272,0.6135061383247375,0.46084996480635626,0.435677446865753,0.8593311905860901,0.8517051935195923,0.8033447783528258,0.7922639790313247,0.31415122747421265,0.31615132093429565,-0.7241586682334604,-0.7138617315486364,0.8378039002418518,0.849540114402771,0.7565353611125097,0.7875558853431694,0.7176331877708435,0.7204008102416992,0.8355570952526171,0.8489198298568201,0.7929512858390808,0.7939058542251587,0.6590068422731541,0.666575867960726,0.27545109391212463,0.2781875729560852,-0.8737594293714035,-0.860625170740208,0.7712953090667725,0.7789410352706909,0.6119176064115264,0.6340339764813248
196,8.166666666666666,196,8.166666666666666,0.0,0.09976427080234823,0.08693760967483449,0.5850505044476834,0.5779300165007107,0.04611115481677103,0.04941510324235087,0.04492301646946715,0.047379801678299034,0.13200605650525404,0.12710769624880153,0.1729672476617577,0.16823319388372207,0.0827175245998723,0.08334945182507804,0.47523699700832367,0.47545135021209717,0.4688415229320526,0.469455748796463,0.5012868642807007,0.5009468644857407,0.243798166513443,0.24509737640619278,0.29386457800865173,0.29369786381721497,0.48999951779842377,0.4873013198375702,-174.88235473632812,-176.2134552001953,16.19231605529785,15.081729888916016,-2.47505521774292,-2.7716455459594727,0.6209264397621155,0.6134719848632812,0.4616879255897767,0.43500927995915956,0.8590795993804932,0.8516727089881897,0.8011554438655496,0.7923477530522032,0.31390905380249023,0.31563442945480347,-0.7230890971748565,-0.7163967357672463,0.8390589952468872,0.8491061925888062,0.7576970813270961,0.786766707002008,0.7175846099853516,0.7208231687545776,0.8346908380633481,0.8500167116387172,0.7924243211746216,0.7927629947662354,0.6564680395274416,0.6642449955730253,0.275271475315094,0.27798837423324585,-0.8721911262474124,-0.8619320910753503,0.7723886966705322,0.7791263461112976,0.6129770725430098,0.634591273457001
197,8.208333333333334,197,8.208333333333334,0.0,0.06821654693582248,0.061597313009758695,0.576755918987378,0.5751327414751544,0.05705788853406583,0.06424159382328477,0.05549494585037278,0.06313066988607784,0.1228524678182069,0.10984804715249154,0.16394458845056195,0.1541700261852939,0.08314790084178536,0.08377519693797583,0.4752379059791565,0.4754818379878998,0.46856236457824707,0.4696533679962158,0.5012726187705994,0.5013132840394974,0.24283984303474426,0.24313568323850632,0.29421523213386536,0.2938247323036194,0.48961447179317474,0.4873100817203522,-174.0353240966797,-175.12879943847656,15.649466514587402,14.334946632385256,-2.221451759338379,-2.7408344745635986,0.6210647821426392,0.6136807799339294,0.463341987324682,0.4349778711406626,0.85895174741745,0.8511989712715149,0.8035611231639023,0.7923513152308133,0.31491518020629883,0.316364586353302,-0.7208086364460323,-0.7159418313046662,0.8404719233512878,0.8492119908332825,0.7633548695238472,0.7880247567433769,0.717535138130188,0.7208645343780518,0.8364779688693926,0.8498893271436441,0.7916393876075745,0.791956901550293,0.6571107131417595,0.6633544340165933,0.2754821181297302,0.27822792530059814,-0.8733310789376203,-0.8635699643788689,0.7720276117324829,0.7781115770339966,0.6144416903013487,0.6332068768767856
198,8.25,198,8.25,0.0,0.052781364946475305,0.04524649483065404,0.5749538891135584,0.5642064934489229,0.06344182285626722,0.07068965563069432,0.06197866998731474,0.06918311972396864,0.1137014633703749,0.10468947757537507,0.15798490461269693,0.14657438721415902,0.08281331700143982,0.08328029613148176,0.4746769517660141,0.47499585151672363,0.46839824318885803,0.4695720672607422,0.5010831356048584,0.5013368278741837,0.24091294407844543,0.2411668598651886,0.2926177978515625,0.29274260997772217,0.48976144194602966,0.48653216660022736,-173.78172302246094,-174.24314880371094,15.82380676269531,14.58833885192871,-2.577761173248291,-2.6129202842712402,0.6213468313217163,0.6134800314903259,0.46373562733741786,0.4341034480622543,0.859440267086029,0.851139485836029,0.8018313256393216,0.793904358605243,0.31540125608444214,0.31740713119506836,-0.7159875003951091,-0.7119871107191682,0.8414163589477539,0.8497122526168823,0.7627375686456895,0.7907966681842123,0.7177726626396179,0.7206349968910217,0.8355526841075357,0.8488975546819968,0.7927839756011963,0.791938304901123,0.6572541983363342,0.6649983463032705,0.27496856451034546,0.27836519479751587,-0.8718955612632715,-0.8631174392874273,0.7728650569915771,0.7781459093093872,0.6140501741188148,0.6349664670781437
199,8.291666666666666,199,8.291666666666666,0.0,0.03058245815146766,0.031739890766619636,0.5569478866022464,0.5653340588989562,0.07042353861923095,0.07438177731890636,0.0682580162359101,0.07258910640103826,0.10824611296541857,0.10057301703386956,0.15103647077080937,0.1418436307253955,0.08295997157931599,0.08311019830918843,0.4746216833591461,0.4747919887304306,0.4684740900993347,0.4696655869483948,0.5013657063245773,0.5011609643697739,0.24020657688379288,0.23991916328668594,0.2933169901371002,0.294171541929245,0.48933035135269165,0.4867206960916519,-173.6230010986328,-172.44729614257815,16.71065711975098,15.43363380432129,-2.5064897537231445,-2.534065008163452,0.6213341951370239,0.6135199069976807,0.4626327950811572,0.4340266295512423,0.8590126633644104,0.8512388467788696,0.8019003921984044,0.7920460233707564,0.3160231113433838,0.31718987226486206,-0.7147340406845937,-0.7106541871400982,0.8423347473144531,0.8500164151191711,0.765723309911901,0.7893898534843424,0.7176778316497803,0.7203704118728638,0.8341614047134829,0.846774946793824,0.792048454284668,0.7913281321525574,0.6566442525900825,0.6618685735301638,0.2749057412147522,0.27798497676849365,-0.8732943764635485,-0.8620971275613902,0.7719561457633972,0.7775958776473999,0.6130608038832707,0.6320303403661368
200,8.333333333333334,200,8.333333333333334,0.0,0.022272379247686935,0.021168932201381455,0.5354664080736122,0.5433323596100409,0.07131257612001367,0.07462949617190096,0.06941013427046132,0.07472407445302312,0.10900036019792624,0.10018003508827103,0.15086895425129312,0.14323356581726857,0.08277102029647485,0.08302465457522361,0.4745337665081024,0.47483161091804504,0.46868860721588135,0.4691410958766937,0.5015730410814285,0.5012415647506714,0.2395775243639946,0.24006161838769913,0.29342740774154663,0.2944784462451935,0.4886900633573532,0.4876982271671295,-172.65150451660156,-172.49534606933594,16.793710708618164,16.21442985534668,-2.1552059650421143,-2.0811829566955566,0.6213822364807129,0.6136631369590759,0.46129005517207605,0.43412939474486983,0.8588310480117798,0.8517954349517822,0.8016294116516545,0.7908778515820984,0.3162391185760498,0.31646111607551575,-0.7135737374151006,-0.7135518812645971,0.842771589756012,0.8499212861061096,0.7668487885735732,0.7868068980539755,0.717602550983429,0.7208321690559387,0.8317580650582147,0.8479754754006107,0.7923710942268372,0.7923274040222168,0.6576943818662881,0.6617036982685971,0.27485114336013794,0.2779681086540222,-0.8729259583125171,-0.8621972496359307,0.7713044285774231,0.7762746214866638,0.6120694457199474,0.6268344658433328
201,8.375,201,8.375,0.0,0.02208125646253237,0.02082583544010783,0.5343628857428948,0.5362588014481673,0.07121963181991968,0.07536001618276167,0.07077586974244686,0.07524285817608148,0.10496298037987986,0.0980087114305932,0.150537689164768,0.14211207633182327,0.0835813965109738,0.08378241851431845,0.4749382883310318,0.4750749319791794,0.4687436521053314,0.469381719827652,0.5013254880905151,0.5009442567825317,0.24002283066511154,0.2400287240743637,0.29308661818504333,0.2938225269317627,0.48866692185401917,0.4879506975412369,-173.59661865234375,-173.15054321289062,16.264394760131836,15.703511238098145,-2.3878698348999023,-2.2853844165802,0.6213286519050598,0.6137003302574158,0.46155423767958836,0.43503782399655944,0.8586699366569519,0.8516516089439392,0.8004935484992433,0.7893216047343156,0.3164252042770386,0.31652122735977173,-0.7111604963528895,-0.7115447615582509,0.8430100083351135,0.8503114581108093,0.7666136310659519,0.7864131434876488,0.7174246311187744,0.7205674648284912,0.8311570466405622,0.8473548216339761,0.7926386594772339,0.7917114496231079,0.6576363033773837,0.6592365231196491,0.27483320236206055,0.27784600853919983,-0.8711309848568679,-0.8607622938807126,0.7722762823104858,0.7759984731674194,0.6135827392117738,0.6251354488514465
202,8.416666666666666,202,8.416666666666666,0.0,0.026614535046479364,0.029460075604945245,0.5343793562794535,0.5384178770908125,0.07550045458422755,0.07531759499203065,0.07360090740263577,0.07485270113267607,0.10286627675602074,0.09618197977877538,0.14554386354919835,0.1387374167298726,0.0835126727352591,0.08364031228665084,0.4747232496738434,0.4749911278486252,0.46859651803970337,0.4689592123031616,0.5013427734375,0.5007311105728149,0.23950523138046265,0.23949312418699265,0.29302293062210083,0.29339128732681274,0.4880591332912445,0.48784589767456055,-173.7882843017578,-173.67044067382812,17.4576416015625,16.945709228515625,-2.388781785964966,-2.1768012046813965,0.6214669942855835,0.6133336424827576,0.4635261979858636,0.4344694491730503,0.8576794862747192,0.8522188067436218,0.8022728687454204,0.790823732881771,0.3165128231048584,0.31666654348373413,-0.7132077406766566,-0.710201002757449,0.8432068824768066,0.8505071997642517,0.7708596165436773,0.7871089138407226,0.7174981236457825,0.7208093404769897,0.8340838088186988,0.8491573475267824,0.7923979759216309,0.7915205955505371,0.6605772500808615,0.6590862058586976,0.27516329288482666,0.2773708701133728,-0.8727641598240669,-0.861820768978687,0.7714293003082275,0.776390552520752,0.6150640649914318,0.6262484267327837
203,8.458333333333334,203,8.458333333333334,0.0,0.05279850047303909,0.06879316629845333,0.5194337346457136,0.5204616735947877,0.0740714606330126,0.07762791161251868,0.07275886984437577,0.07583978754591225,0.10228705888317881,0.09327676000527191,0.1434369492491895,0.13612307711696667,0.08383086547463942,0.08311474047783904,0.4749184101819992,0.47473084926605225,0.4686710834503174,0.46890249848365784,0.5010842084884644,0.5003605782985687,0.2391410768032074,0.2391967549920082,0.29248762130737305,0.29256048798561096,0.4888540059328079,0.48816338181495667,-173.71910095214844,-173.58323669433594,19.102365493774414,19.82344627380371,-2.174704074859619,-2.1481709480285645,0.6212103366851807,0.6128120422363281,0.46306163921663757,0.4330928537352305,0.8576520085334778,0.8531917333602905,0.7996729623320645,0.7907970272027957,0.31670069694519043,0.31752729415893555,-0.7107607011184945,-0.7041596971084815,0.8434692621231079,0.8523815274238586,0.7689201958962185,0.7890417979356991,0.7178012132644653,0.7205909490585327,0.8353997001664629,0.8481899337868337,0.7927968502044678,0.791422963142395,0.6590460711402728,0.6569812300037718,0.27477264404296875,0.2773614525794983,-0.872384764072314,-0.8588534498011444,0.7725974321365356,0.7778640985488892,0.6152472209028509,0.6276073203679938
204,8.5,204,8.5,0.0,0.15058544141763897,0.14761815625083516,0.5639261147634806,0.5606426410695557,0.0722942713325735,0.07501083150637107,0.07090971652596177,0.07332750213417254,0.1050864788481912,0.09669955038293225,0.14406162416806945,0.1378934711724673,0.08350215433267576,0.08336625915192028,0.47475413978099823,0.4745188355445862,0.46923598647117615,0.4694078266620636,0.5009101629257202,0.49997809529304504,0.23920048773288727,0.23929093778133392,0.29049599170684814,0.2909010648727417,0.4889899790287018,0.48798421025276184,-174.41586303710938,-174.31466674804688,17.371118545532227,17.989816665649414,-2.434904098510742,-2.559105157852173,0.6208401918411255,0.6126148700714111,0.4614273895040945,0.43328825848967717,0.8576115369796753,0.8530374765396118,0.7977718146605961,0.7899061212743896,0.317410409450531,0.3173319697380066,-0.7060101042786054,-0.7025984348126904,0.8445806503295898,0.8537279367446899,0.7695703330455197,0.7914001463738912,0.7176796793937683,0.7206377387046814,0.8340145751025332,0.8488278610685553,0.7927916646003723,0.7909885048866272,0.6574884641654457,0.6556438996922918,0.27433261275291443,0.27698785066604614,-0.8717507069911263,-0.8577931580936644,0.772996187210083,0.7794954180717468,0.6146470362047287,0.6307750368007093
205,8.541666666666666,205,8.541666666666666,0.0,0.15016123843193377,0.12084473485119239,0.5730299779388969,0.5615376806943201,0.07183735951323676,0.0777446624852912,0.0715340002589477,0.07669505576921219,0.10811463582738196,0.09370155724183514,0.14672895670413988,0.13440043003446084,0.08439247798627908,0.08442457860475461,0.47485557198524475,0.47522081434726715,0.469249963760376,0.46925750374794006,0.5008139610290527,0.49992167949676514,0.23933591693639755,0.23897869139909744,0.29136261343955994,0.29140347242355347,0.48881156742572784,0.48802027106285095,-174.14935302734375,-174.62924194335938,15.871043205261232,17.666202545166016,-2.3587262630462646,-2.3021368980407715,0.6209988594055176,0.6128761172294617,0.46316092953302845,0.4346750336495057,0.8573317527770996,0.8535538911819458,0.7988510750636272,0.791245499253691,0.31774255633354187,0.3171886205673218,-0.7055089542455718,-0.7031994504456793,0.8448127508163452,0.8538066148757935,0.7717132992440018,0.7917925528605427,0.7174558639526367,0.7210283875465393,0.8348808085653823,0.8508702065261711,0.7927398085594177,0.790104866027832,0.6588333877569014,0.6539017562380148,0.27448520064353943,0.2769622802734375,-0.8722114047295316,-0.8579997944765998,0.7730007767677307,0.7792555689811707,0.6160445599143518,0.6304170287444392
206,8.583333333333334,206,8.583333333333334,0.0,0.07868763047306912,0.06950660534772234,0.5670406456392415,0.563236642924259,0.07282791164866743,0.07682943385751938,0.07224936708981225,0.07625712483214996,0.1076835701783007,0.09709516330602777,0.14582616455265848,0.13708142014733007,0.08380519971543143,0.08430145688448361,0.4748761057853699,0.47545669972896576,0.4692728817462921,0.46962299942970276,0.5010783970355988,0.5002473443746567,0.2394331619143486,0.2393689900636673,0.29200470447540283,0.2927468717098236,0.48862995207309723,0.48795223236083984,-173.55764770507812,-173.7188720703125,14.728023529052734,15.597121238708496,-2.217998504638672,-2.0710394382476807,0.6210753321647644,0.6128556132316589,0.46337239183005463,0.434399591436897,0.8571516871452332,0.8534703254699707,0.8004710592927553,0.7931412404754661,0.3181305527687073,0.3174501061439514,-0.7064595448779717,-0.7051617648438236,0.8457863926887512,0.8538102507591248,0.7757843490476367,0.7938788476434596,0.7173735499382019,0.7210856676101685,0.8352313518161394,0.8519097075272233,0.7926849126815796,0.7888822555541992,0.6604419040680118,0.6529909637623065,0.2746201157569885,0.2771114706993103,-0.8744766300309301,-0.8607727775530772,0.7732913494110107,0.7779257893562317,0.6183168822382556,0.6292164219398613
207,8.625,207,8.625,0.0,0.01945522099383776,0.024144080353061176,0.5605850387180175,0.5542151667899416,0.07111376946911882,0.0749319738360664,0.07141861274762533,0.07461831295189394,0.10894780668353837,0.10141286970210187,0.14938603111051083,0.13945109704466424,0.08327094139380256,0.08293402688431,0.4756525754928589,0.47559864819049835,0.4699770212173462,0.47050124406814575,0.5017500966787338,0.5006787329912186,0.2396394982933998,0.23947228491306305,0.2932312488555908,0.29305189847946167,0.48712344467639923,0.48757053911685944,-172.23724365234375,-172.49136352539065,14.709346771240234,14.41911792755127,-2.0686452388763428,-1.826830863952637,0.6211398839950562,0.6130051016807556,0.46304258095793344,0.4332565900161761,0.8574800491333008,0.8534044623374939,0.807972114238291,0.7937248169239203,0.31806692481040955,0.31843301653862,-0.7123987058884771,-0.7029440956428128,0.844817578792572,0.8548353910446167,0.7803475955728789,0.7968294049733103,0.7170770764350891,0.7213470339775085,0.8351263763632505,0.8511447198496382,0.7918342351913452,0.7892280220985413,0.6647588261713636,0.6544855882841787,0.27586784958839417,0.277278333902359,-0.8760640339208404,-0.8616827575456724,0.7696853876113892,0.7771185040473938,0.616438771953993,0.6282123960291588
208,8.666666666666666,208,8.666666666666666,0.0,0.019680206116046574,0.024900070063990136,0.551611020915617,0.5536431501366473,0.07147583057636485,0.07208128683555697,0.07141206758892507,0.07243887928465971,0.11127295139204887,0.10271442042784419,0.14795643817053566,0.13821726425959519,0.08329170113686091,0.08408830810432416,0.47604335844516754,0.47630828619003296,0.47000887989997864,0.47065672278404236,0.5009346902370453,0.5006338357925415,0.23847328126430511,0.23843009769916534,0.29188984632492065,0.2918487787246704,0.48697279393672943,0.4872402250766754,-172.11526489257812,-172.65000915527344,14.858130455017092,14.260986328125,-1.5910212993621826,-1.548524022102356,0.6213347315788269,0.6127504706382751,0.4666942975139601,0.43211832148423013,0.8574056625366211,0.8529773354530334,0.8076773423134567,0.7929105246737196,0.31787216663360596,0.31930482387542725,-0.7095864328793398,-0.698875669732956,0.8452345728874207,0.8552868962287903,0.781139974346947,0.7979176048811033,0.7167052030563354,0.7211876511573792,0.8363690475700916,0.8500553430231953,0.790941596031189,0.7891102433204651,0.6627616905319345,0.6544479839703491,0.2760023772716522,0.27707716822624207,-0.8718819912161084,-0.8616288927889932,0.7711228132247925,0.7770959734916687,0.6195495914397035,0.628401294358459
209,8.708333333333334,209,8.708333333333334,0.0,0.028927824618447274,0.03515663009334587,0.54889772550153,0.552111021968161,0.07416258784773086,0.07542695882009677,0.07313001611553177,0.07475560944835115,0.10933668988825421,0.10140923930423347,0.1464823884032067,0.13527226707440645,0.08389462760266866,0.08389173495622938,0.47660011053085327,0.4767749607563019,0.47100502252578735,0.4718061089515686,0.5013047009706497,0.5003110319375992,0.23679032176733017,0.23683490604162216,0.28778502345085144,0.28720924258232117,0.48795098066329956,0.48846255242824554,-174.66159057617188,-175.12466430664062,14.501171112060547,13.594398498535156,-2.2153053283691406,-2.024471759796143,0.6206508874893188,0.6128163933753967,0.46171042876388096,0.4331137600554679,0.8577467799186707,0.8534796833992004,0.8047215615385099,0.7904320405999463,0.31728750467300415,0.3190256357192993,-0.7119009084485713,-0.6978974032509917,0.844225287437439,0.8559957146644592,0.7752971154908851,0.7958804197538826,0.716560959815979,0.7218133807182312,0.8327543800491617,0.8527212740393584,0.7914262413978577,0.7893851399421692,0.6603998374193889,0.6516375115834591,0.27588072419166565,0.27663522958755493,-0.8720898757498442,-0.8610884543739113,0.7703463435173035,0.7784155607223511,0.6145273630060238,0.6278832651343148
210,8.75,210,8.75,0.0,0.040621939709767615,0.04119963183391136,0.543843177049281,0.549820885001303,0.07623396573929532,0.07735116900682706,0.07581023766101715,0.07729979584095474,0.10336768202305444,0.09453912751272206,0.1397821564018563,0.12992716608466545,0.08514654183215117,0.08581635508325791,0.4783982187509537,0.4786931127309799,0.47395503520965576,0.47459685802459717,0.5010436177253723,0.49970099329948425,0.2331075668334961,0.2332288697361946,0.2825056314468384,0.28123486042022705,0.4884214401245117,0.48794373869895935,-176.59884643554688,-178.24551391601562,11.9050874710083,10.670005798339846,-2.528029203414917,-2.7193663120269775,0.6212774515151978,0.6129860281944275,0.4638920276220178,0.4375268028352429,0.8578768372535706,0.8530756831169128,0.8018160690459297,0.7932397644254097,0.31787222623825073,0.32076749205589294,-0.7067207750178038,-0.6910727687185367,0.8455784320831299,0.8587298393249512,0.7751252723599845,0.805523273461132,0.7165263891220093,0.7216511368751526,0.8313861131263092,0.8572106350811568,0.7925348281860352,0.7876837849617004,0.6600066022977882,0.6511775464218387,0.2747159004211426,0.2767230272293091,-0.8732286110983737,-0.8611802669952111,0.7726495265960693,0.7803816795349121,0.6168502308479228,0.6353139100648816
211,8.791666666666666,211,8.791666666666666,0.0,0.01872987101976162,0.02380620173237185,0.5542205317584238,0.5523214407842205,0.07404337572791292,0.07951189992547175,0.07369130026675176,0.07866285456150826,0.10997634659524941,0.09869562545950891,0.1438926654912557,0.1294750109649775,0.08448847322867656,0.08443778672334937,0.4796464741230011,0.47967059910297394,0.47532257437705994,0.4758897125720978,0.5008125156164169,0.4996098279953003,0.23212358355522156,0.23137611895799637,0.2799847424030304,0.27955472469329834,0.4881114661693573,0.4881853461265564,-177.71983337402344,-177.2598419189453,11.185312271118164,10.305713653564453,-2.31506609916687,-2.217550277709961,0.6214596033096313,0.6130546927452087,0.4650616678541034,0.43799177452278115,0.8581045269966125,0.8530442118644714,0.8022501512856723,0.7923709469270114,0.3181781470775604,0.32111817598342896,-0.7040057548354621,-0.6891266129544692,0.845970094203949,0.857914388179779,0.7759392509625301,0.8029476015763568,0.7163584232330322,0.7211179733276367,0.8308707753494123,0.8552061466972521,0.7924730181694031,0.7868409156799316,0.6599423799777162,0.648595987858004,0.27389538288116455,0.27666276693344116,-0.8747037515142839,-0.8607615612605447,0.77274489402771,0.7805060744285583,0.6171661977923828,0.6348384924746012
212,8.833333333333334,212,8.833333333333334,0.0,0.015535205334557572,0.020357567908314302,0.556637008560844,0.5631884578746822,0.07168653020299263,0.07706653177197521,0.07109296921547742,0.07633041813641553,0.11413164231455993,0.10357612380402419,0.14444519685217044,0.13263450878343458,0.08419824820903733,0.0838626310548291,0.480337530374527,0.4805101603269577,0.476844847202301,0.4769571125507355,0.5003211945295334,0.5003167688846588,0.230417862534523,0.22960340976715088,0.277045875787735,0.27737659215927124,0.48920275270938873,0.48763130605220795,-178.42926025390625,-177.46351623535156,9.406774520874023,9.977938652038574,-2.1131696701049805,-1.910702466964722,0.6211143732070923,0.613093376159668,0.46489189928583935,0.4370897136806874,0.857939600944519,0.8530862331390381,0.7982678431767275,0.7967240169134262,0.31870198249816895,0.321396142244339,-0.6989906330177955,-0.6934449205328802,0.8466671705245972,0.8577619791030884,0.7738644813707688,0.8069175560626735,0.7160834074020386,0.7209632396697998,0.8303954414857161,0.8551622989061372,0.7935394048690796,0.7865102291107178,0.6588497029302232,0.6515824483421394,0.2731158137321472,0.2771846652030945,-0.8744363064475141,-0.8647958975509665,0.7746346592903137,0.7788825035095215,0.6179233606045351,0.634953332874079
213,8.875,213,8.875,0.0,0.03090503687203173,0.037278762771482364,0.5665297243066708,0.5624344397051658,0.07675165944658356,0.07946794073487141,0.07662309544401753,0.0788256273675227,0.11404459650815234,0.104598917751854,0.14076600520843077,0.13276965342687166,0.08358531472907096,0.08442947637189566,0.48094379901885986,0.4813182204961777,0.477510005235672,0.477883517742157,0.5005054622888565,0.5005088597536087,0.22876741737127304,0.2284303456544876,0.27527251839637756,0.2743006944656372,0.488754466176033,0.48783165216445923,-178.6295928955078,-179.24290466308594,9.597818374633789,9.383753776550293,-1.7463040351867676,-1.960193157196045,0.62091463804245,0.6128969788551331,0.4623357310831071,0.4366744462303696,0.8586496114730835,0.8530962467193604,0.7989121635623677,0.7983024820981317,0.31808537244796753,0.32215815782546997,-0.7004393566602127,-0.6929664329457701,0.8461068272590637,0.8582432270050049,0.7718218299883186,0.8095514429845463,0.7164927124977112,0.7213746905326843,0.8293273548711313,0.8581553381059763,0.7943333387374878,0.7867580056190491,0.6599996818584025,0.6533172212273496,0.27262938022613525,0.2774704694747925,-0.8749769636528565,-0.8665966326488164,0.7741572260856628,0.7785612344741821,0.6164226249116211,0.6354028028914818
214,8.916666666666666,214,8.916666666666666,0.0,0.05670572691648015,0.05201951364549307,0.5630805198081832,0.5598560448950799,0.0761838759088716,0.07802564663249781,0.07555863668995004,0.07761158886722547,0.11846917381630612,0.1093356460879843,0.1382690886627025,0.13071362601604739,0.08381515889373164,0.08475304773711793,0.482927531003952,0.4828313887119293,0.48036760091781616,0.48014339804649353,0.5014780908823013,0.5002021044492722,0.22743026167154312,0.2276308313012123,0.27524301409721375,0.27396222949028015,0.48833976686000824,0.48914843797683716,-177.58448791503906,-178.84068298339844,8.266630172729492,8.204764366149902,-1.374058723449707,-1.545278549194336,0.6202556490898132,0.6132341027259827,0.4579015229044983,0.4392828109521482,0.8577550053596497,0.8523876667022705,0.8010784116191668,0.7940686967396134,0.3178369998931885,0.32257190346717834,-0.7079581067397309,-0.690334552932404,0.8446058630943298,0.8591805696487427,0.7725644444021186,0.8089185013951044,0.7165672779083252,0.721344530582428,0.8291942332021939,0.8594386373205116,0.7942298650741577,0.7865554690361023,0.6633238926543623,0.6501544846438906,0.27284640073776245,0.2773659825325012,-0.8814021830496994,-0.8660209454816294,0.7721974849700928,0.7802403569221497,0.6155465889090237,0.6363491672400223
215,8.958333333333334,215,8.958333333333334,0.0,0.1072607187843024,0.09377630875706222,0.592074492472324,0.5796482836868736,0.07537609823478816,0.07601603825065986,0.0744947180431871,0.0754039630262296,0.12092841871175687,0.11403178307346687,0.13841455304719535,0.131107679927527,0.08360747567957108,0.08423824302003528,0.4836818277835846,0.4839228391647339,0.48190078139305115,0.48206931352615356,0.501503586769104,0.5003977417945862,0.2282436117529869,0.22827672958374023,0.2763562500476837,0.27543824911117554,0.48796430230140686,0.4887198358774185,-177.35168457031253,-178.0288848876953,6.137429714202882,6.315819263458252,-1.3708019256591797,-1.4591404199600222,0.620244562625885,0.6131406426429749,0.45740438628552865,0.43855021861625504,0.8575161695480347,0.8524741530418396,0.8007512751866188,0.795904224917818,0.31694871187210083,0.322013795375824,-0.7109273667254054,-0.6938824361524893,0.8440799117088318,0.859463095664978,0.7716373630350193,0.8111962192639627,0.7163829207420349,0.7214066386222839,0.8277407960658822,0.8596860581959156,0.7948892116546631,0.7864664793014526,0.6650501170032986,0.6514776602614757,0.27288925647735596,0.27713361382484436,-0.880649638329568,-0.8684585139597034,0.7721502780914307,0.7805336713790894,0.6157790087748276,0.6384965170331454
216,9.0,216,9.0,0.0,0.10372804831533665,0.10001787372863952,0.5909034407733742,0.5908438606191982,0.07791734463788996,0.08262318868936722,0.0773269650521021,0.08178120603668888,0.12120574310384598,0.11209375504658634,0.13628518228792985,0.12594850730353097,0.08369708280574946,0.08413028231929202,0.4844961166381836,0.4845837652683258,0.48288315534591675,0.482829749584198,0.5012827962636948,0.5007799565792084,0.22949016839265823,0.22925540804862976,0.2786564230918884,0.2778688073158264,0.48774199187755585,0.4889702647924423,-176.3787841796875,-177.08993530273438,5.369403839111328,6.184526443481445,-1.2145241498947144,-1.3313754796981812,0.6197363138198853,0.6130601167678833,0.45641877269429254,0.43630826913105336,0.857664942741394,0.8526212573051453,0.8017691477068675,0.7948729619727019,0.31665247678756714,0.3223447799682617,-0.7114076943934988,-0.6933793372612994,0.8434149622917175,0.8599759340286255,0.7708838115759334,0.8109489078436325,0.7163569927215576,0.7216863036155701,0.8287124165725444,0.85841760248237,0.7945536971092224,0.787543773651123,0.6649821505685088,0.6526257709713029,0.27328094840049744,0.2772110104560852,-0.8785245530964212,-0.8687641676901741,0.7720910906791687,0.7807983160018921,0.6162968100924916,0.637881463896936
217,9.041666666666666,217,9.041666666666666,0.0,0.10578549599585793,0.08415123975799056,0.5888225455304423,0.5897124973116484,0.08026601905520007,0.08305360235208738,0.08049461543386537,0.08390708300213806,0.11479400949555824,0.10839845841549535,0.1302980348345531,0.12543775248177086,0.08405136457057026,0.08428834886864987,0.48538966476917267,0.48530250787734985,0.48328331112861633,0.4832336902618408,0.501275047659874,0.5008101612329483,0.23110878467559814,0.23120546340942383,0.2807316184043884,0.28061604499816895,0.4874877780675888,0.48861555755138397,-176.11700439453125,-176.57313537597656,6.356316089630127,6.328293800354004,-1.0147531032562256,-1.13991379737854,0.620281457901001,0.613303005695343,0.45866083531760454,0.43675245715497946,0.8579302430152893,0.852593183517456,0.8030906962237754,0.7948911713276439,0.31649720668792725,0.32195454835891724,-0.7121495280519603,-0.6944053088177191,0.843000054359436,0.860265851020813,0.7707231986042076,0.8116475190365535,0.7166683077812195,0.7217532396316528,0.8301439595469545,0.8578095152912383,0.7951479554176331,0.7877357006072998,0.6669835383566518,0.6532488370688277,0.2731516361236572,0.27715933322906494,-0.8792070467355688,-0.8683223287868346,0.7722377181053162,0.7809617519378662,0.617315910655281,0.63845520249289
218,9.083333333333334,218,9.083333333333334,0.0,0.07291762644434037,0.058241615157505186,0.5917009933692343,0.5882179345061961,0.0824858167363972,0.08303380639634446,0.08244625966773211,0.08334762028359378,0.11264271211150216,0.10582933585585581,0.12803515868057885,0.11966994107307186,0.08338096272521828,0.08439250555391987,0.4860474020242691,0.48607879877090454,0.48375433683395386,0.4839860200881958,0.5010850429534912,0.5001813918352127,0.23555026948451996,0.23600362241268158,0.28929561376571655,0.2900169789791107,0.48707345128059387,0.48813486099243164,-173.01466369628906,-173.1870880126953,6.6024041175842285,5.601112365722656,-0.7308763265609741,-0.7522683143615723,0.6208888292312622,0.6132866740226746,0.4615943218109569,0.43941468197735084,0.8580186367034912,0.8531116247177124,0.8039373011112155,0.7975894831888362,0.31689703464508057,0.3220110237598419,-0.7096615342666075,-0.6921929207149391,0.8435953855514526,0.8605331182479858,0.7726782632261443,0.8138077901541408,0.7166812419891357,0.7215591073036194,0.8306747588773284,0.8600537177228834,0.7944494485855103,0.7878318428993225,0.6661658902998376,0.6549325454929334,0.27375173568725586,0.27715247869491577,-0.8758968898470457,-0.8664686303232768,0.7724376320838928,0.7818939685821533,0.6184604042973947,0.6419564150140188
219,9.125,219,9.125,0.0,0.051378553245168816,0.03774262259598769,0.5901141318707432,0.5773099521149478,0.08118299989042561,0.08346885098075338,0.0806942487312516,0.08360718940975555,0.11466274590891871,0.10810025939770176,0.12855399364056216,0.12309295208094621,0.08360634882371966,0.08509542006192247,0.48635248839855194,0.4865906685590744,0.4840594530105591,0.4848557114601135,0.5007018744945526,0.5000444948673248,0.23952791094779968,0.2404022365808487,0.29426926374435425,0.2952442467212677,0.48782554268836975,0.48816555738449097,-172.00375366210938,-172.1876220703125,6.543584823608398,4.767101764678955,-0.6272630095481873,-0.8514466285705566,0.6208842992782593,0.6137141585350037,0.46187420657568196,0.44069594724938005,0.8579787611961365,0.8528242111206055,0.8001783641392242,0.7952497344117353,0.316959023475647,0.3212675452232361,-0.7061438782005355,-0.6931161281526579,0.8442775011062622,0.8604656457901001,0.7705596783162031,0.811914220031862,0.7171999216079712,0.7211855053901672,0.8320256802577949,0.8573610932198092,0.7954451441764832,0.7877002358436584,0.6649963776844853,0.6532269865289817,0.2732853889465332,0.27662041783332825,-0.8739864336549953,-0.8662125151938193,0.7747927904129028,0.7829709649085999,0.6203511717970764,0.6429133646896709
220,9.166666666666666,220,9.166666666666666,0.0,0.051755105097660806,0.0451193913259615,0.5890388181268494,0.5904249119335997,0.07934580617780317,0.08382857101219617,0.07882541546695374,0.08375175081172172,0.12008864287990384,0.11184228794542632,0.1302363789371779,0.12177347855799939,0.08382451579933921,0.08439978144138799,0.4865882396697998,0.48665496706962585,0.4841465950012207,0.4850269556045532,0.5011631548404694,0.5004596412181854,0.2440873086452484,0.2445308417081833,0.2987454831600189,0.2991504967212677,0.4878555089235306,0.4894837588071823,-171.8468475341797,-172.15203857421875,6.35768985748291,4.048470973968506,-0.42744192481040955,-0.647443950176239,0.6213409304618835,0.6146882772445679,0.4646006556669767,0.4430015247008898,0.8575707077980042,0.8532775640487671,0.8039804501448304,0.793611689702444,0.31565871834754944,0.3203505277633667,-0.717149925417545,-0.6984992086798806,0.8430420160293579,0.8603038191795349,0.7723864443162045,0.808939378426847,0.7169726490974426,0.7220262885093689,0.8343076081454982,0.8592798267344158,0.7940195798873901,0.789307713508606,0.665782549219111,0.6540622514059974,0.2740432620048523,0.2761853337287903,-0.8780329855567639,-0.8697806751898123,0.7738381028175354,0.7831211686134338,0.6218960304376142,0.6405663801818648
221,9.208333333333334,221,9.208333333333334,0.0,0.04978696826323435,0.04746748013645043,0.5928474410131136,0.5880275650455602,0.08302191458632031,0.08779953388063352,0.0835924349892622,0.08844021025718986,0.11322226310446935,0.1054851898745341,0.12495531080430067,0.11649927172764447,0.08396156778303884,0.08416238846864012,0.48643583059310913,0.48670418560504913,0.4845277965068817,0.485220342874527,0.5009397864341736,0.5000923871994019,0.2466876581311226,0.24683649837970734,0.3029601573944092,0.30268600583076477,0.48799650371074677,0.48935946822166443,-170.6123809814453,-170.9705352783203,5.230590343475342,3.733565330505371,-0.6148186922073364,-0.6560289263725281,0.6216609477996826,0.6147793531417847,0.466476998948258,0.446005685900096,0.8577107787132263,0.8531389236450195,0.8035919467672422,0.7957690188426204,0.3160248100757599,0.32012054324150085,-0.7145274470239287,-0.6998917884659577,0.8438959121704102,0.8599519729614258,0.7735646628615914,0.8106725915678407,0.7178624272346497,0.7222234010696411,0.8382078281881707,0.8638444167286811,0.7941355109214783,0.7892833948135376,0.6654080121310236,0.6560847932263909,0.2739124894142151,0.2759927213191986,-0.8772530929565953,-0.871500299703593,0.7742700576782227,0.7835791110992432,0.6222294839417771,0.6436066497060502
222,9.25,222,9.25,0.0,0.043337996445291536,0.04756243496370758,0.5816729771475648,0.5828854001423763,0.08664698447538995,0.09144766284026037,0.08722607693784741,0.09282942805279101,0.11070373319749503,0.10036862193606176,0.12237197418969809,0.11283275705212781,0.08338054258366999,0.08423573424014395,0.4865383505821228,0.4867892861366272,0.4848760962486267,0.4853955805301666,0.50099678337574,0.5000858008861542,0.24771995097398758,0.24797870963811874,0.30437102913856506,0.3051745891571045,0.48887623846530914,0.48878495395183563,-170.2567138671875,-169.5609893798828,5.0849671363830575,3.4390156269073486,-0.5379783511161804,-0.5654765367507935,0.622657060623169,0.6145327091217041,0.47131968101616317,0.44573197765606154,0.8574613928794861,0.8543620109558105,0.8032063607911771,0.8008868937825513,0.3162665367126465,0.32092422246932983,-0.715656769006142,-0.6977737179527131,0.8441934585571289,0.8607762455940247,0.7742933969491723,0.8149388600013611,0.7185109853744507,0.7214649319648743,0.8426639049491741,0.8621967987497573,0.7933385968208313,0.7892037630081177,0.6634724701305881,0.6581416481404714,0.27418142557144165,0.2764091491699219,-0.8786971763386152,-0.8711448641300489,0.7744242548942566,0.7837761640548706,0.6222550755511722,0.6462511512313172
223,9.291666666666666,223,9.291666666666666,0.0,0.045517453478669305,0.04199883526668334,0.5819999981219858,0.5835579304484488,0.08399165187318572,0.08602811199633895,0.08571339901279536,0.08794299771277651,0.11005548016726972,0.10734379162211463,0.12092012530526719,0.11669549997838914,0.08396603698452396,0.0838171642254633,0.4867705702781677,0.4872238337993622,0.4850690960884094,0.4854970872402191,0.501194640994072,0.499945804476738,0.2474493607878685,0.24774214625358582,0.3055318593978882,0.3067011833190918,0.4879061281681061,0.4886437952518463,-168.30477905273438,-167.82302856445312,4.208505630493164,3.4670357704162598,-0.2153991162776947,-0.013659686781466007,0.6223857998847961,0.6147114038467407,0.46955916906189904,0.4471765781912912,0.8575656414031982,0.8544715046882629,0.8056451575827532,0.8018007235520315,0.3153238594532013,0.32056698203086853,-0.7201625145932744,-0.698937734492356,0.8436363339424133,0.8605650663375854,0.7752872776893017,0.8151562513412267,0.7194141149520874,0.7213965654373169,0.8454985974450744,0.8628682642517783,0.7942863702774048,0.7890833616256714,0.6677327367398478,0.658486646824276,0.2738768458366394,0.2763110399246216,-0.8807503450260075,-0.8713780900025467,0.774931788444519,0.7833864688873291,0.6255508786449719,0.6460005157801346
224,9.333333333333334,224,9.333333333333334,0.0,0.03827068187080327,0.03890682771781234,0.578442542592409,0.5846242738489349,0.08359469186535416,0.08571233382821922,0.0856145312815228,0.08745038342421815,0.10789073969706084,0.10606143677022854,0.11806745596403086,0.11513811803217949,0.08397538844964546,0.08407592513486228,0.48686087131500244,0.48714911937713623,0.4851514399051666,0.4853813946247101,0.501012921333313,0.4997803717851639,0.24705743044614792,0.24784638732671738,0.3052934408187866,0.3060029447078705,0.48742881417274475,0.4887584149837494,-167.7730255126953,-168.68621826171875,4.124602794647217,3.519130229949951,-0.1549876481294632,-0.026131877675652504,0.6224777698516846,0.6150054335594177,0.4697022218283703,0.4487006462483283,0.8573408126831055,0.8547133207321167,0.8046239340568805,0.8016039444931533,0.3158819079399109,0.32078105211257935,-0.7158980510074614,-0.697045496685913,0.8447626829147339,0.8610453009605408,0.7772642801444334,0.8154737963460139,0.7191088199615479,0.7214365601539612,0.8433726251413621,0.863156620917026,0.7942355871200562,0.7888184189796448,0.6673589222255181,0.6572648132585232,0.27324265241622925,0.276248574256897,-0.8807832280844465,-0.8704604750352569,0.7756916284561157,0.783820629119873,0.6270225367250354,0.6463174314843994
225,9.375,225,9.375,0.0,0.03701783192277662,0.03788220932977514,0.5777395515300771,0.5878420726365745,0.08438935400583489,0.08606259298550925,0.08636346657498187,0.08789219624686999,0.10651926114482262,0.10499001324624964,0.11843469368280136,0.11440815716388092,0.08400169965596424,0.08390763825943427,0.4867655336856842,0.4871771037578583,0.4850611388683319,0.48553311824798584,0.5011538565158844,0.49982476234436035,0.24670862406492233,0.24748077243566513,0.3046663701534271,0.30579879879951477,0.4875384271144867,0.48899248242378235,-168.2053985595703,-168.23268127441406,4.318195343017578,3.1508893966674805,-0.30563732981681824,-0.07866109162569046,0.6222891211509705,0.6155588626861572,0.4678365550857749,0.45073768274404213,0.8568649888038635,0.8545911908149719,0.8023366490274473,0.8009210484043268,0.3160213828086853,0.32043394446372986,-0.7150002024150223,-0.698654945416051,0.8444601893424988,0.8612377643585205,0.7753880721740453,0.815481769021259,0.7187459468841553,0.7215455770492554,0.8403625011961996,0.8635132250655545,0.7945740818977356,0.7886580228805542,0.6670139219445852,0.656480543625112,0.2732747197151184,0.27617523074150085,-0.8800921074300557,-0.8710248001561316,0.7756502032279968,0.783721387386322,0.6259030921980635,0.64566580280442
226,9.416666666666666,226,9.416666666666666,0.0,0.03579321585026521,0.03703129836282534,0.5815415743990202,0.5889813390543108,0.08405656056333415,0.08643379276373396,0.08607392276582955,0.0883899623972942,0.1052322509233177,0.1045247211201512,0.11771282563341923,0.11373807713629493,0.08395822191870196,0.08424883655244388,0.4866160452365875,0.48719677329063416,0.4846437871456146,0.48552757501602173,0.5011248141527176,0.4999283254146576,0.246371828019619,0.24695128947496414,0.30379605293273926,0.3053303360939026,0.48764123022556305,0.4891420751810074,-168.58294677734378,-167.9964599609375,4.823338031768799,2.8653738498687744,-0.2295399457216263,-0.017829271033406258,0.6222422122955322,0.6159228682518005,0.4678326832303734,0.45155853018088865,0.8566411137580872,0.8545322418212891,0.8017385788737202,0.8001213801716338,0.3161769509315491,0.32069265842437744,-0.7143866730563224,-0.69775174212942,0.8447104692459106,0.8615957498550415,0.7758164623552285,0.8155888566195792,0.7181365489959717,0.7219777703285217,0.8382378069621776,0.8644227436937618,0.7946173548698425,0.7884620428085327,0.666977451494978,0.6554426678012905,0.2732836604118347,0.2761002480983734,-0.880067933586343,-0.8713468335149229,0.7757691144943237,0.7837957739830017,0.6260252395097762,0.6452246001196515
227,9.458333333333334,227,9.458333333333334,0.0,0.031899503790967475,0.03611288386457043,0.5837456413682777,0.5886824232340861,0.08214953791100435,0.08661938528317596,0.08386196024389475,0.0886580055389843,0.10554673110909,0.10242945832828554,0.11818566582078487,0.11324144677956528,0.08395409046720086,0.08442846113950603,0.4865719825029373,0.48699089884757996,0.48444005846977234,0.48549550771713257,0.50105020403862,0.5000539422035217,0.24618326872587204,0.2468038946390152,0.3033096492290497,0.30445596575737,0.4880019426345825,0.4892014414072037,-168.8684539794922,-168.38519287109375,5.149608135223389,2.7458550930023193,-0.2504693269729614,-0.23853033781051639,0.62180495262146,0.616060197353363,0.4658748854291483,0.45168341327208145,0.8574497699737549,0.8545884490013123,0.8017532417371597,0.8002549382357821,0.31604504585266113,0.32028478384017944,-0.7137545966944532,-0.6999514547359722,0.8448666930198669,0.8611636161804199,0.7744462121858774,0.8146555871243486,0.7180256843566895,0.7224484086036682,0.8370969110566276,0.8659178899162906,0.7944006323814392,0.788191020488739,0.6649278317261166,0.6548341407005586,0.27314966917037964,0.2760615348815918,-0.8792460488470677,-0.8721396527757674,0.7765805721282959,0.7837053537368774,0.626255819012417,0.6450098259470223
228,9.5,228,9.5,0.0,0.03328652039149948,0.03867587608530234,0.5847521909570412,0.5910939812932707,0.07756511901897342,0.08443390556536294,0.07958210873881513,0.08648631775682544,0.11046125621598969,0.10183248139243266,0.1199539243265995,0.11241039363178167,0.08381754732045045,0.08433636980222983,0.4868278205394745,0.4870011508464813,0.48458465933799744,0.48547983169555664,0.5007525980472565,0.49989931285381317,0.24550393968820572,0.24611494690179825,0.3012900948524475,0.3026833236217499,0.4885005056858063,0.4895876944065094,-170.36097717285156,-169.5406036376953,4.820067882537842,2.653825283050537,0.11964285373687746,-0.188837930560112,0.6215043067932129,0.6160966157913208,0.46547249161474025,0.45198575481393094,0.857351541519165,0.8545188307762146,0.7997868685481574,0.7984765129095122,0.31486666202545166,0.32043731212615967,-0.7165512661874038,-0.6980735852615354,0.8436778783798218,0.8611388206481934,0.7701379990551124,0.8129611811158415,0.7181325554847717,0.7227922081947327,0.8379541081975351,0.8670116344912895,0.7953132390975952,0.7881620526313782,0.6652680118728916,0.6532865755748101,0.27269670367240906,0.2759336829185486,-0.8791076042279442,-0.8711843712337322,0.7771655321121216,0.7843770384788513,0.625917986168209,0.6450048900713813
229,9.541666666666666,229,9.541666666666666,0.0,0.046630706724385594,0.038605795607279406,0.5880711507177564,0.586958863557062,0.05403582690986142,0.060277599656110833,0.05613364038218015,0.06205278293831642,0.13788903094219998,0.1322826102847757,0.1481269390086297,0.14189002890466673,0.08233136508621565,0.08288884746552648,0.48727817833423615,0.48749320209026337,0.485706627368927,0.48597970604896545,0.500823050737381,0.49968497455120087,0.24617399275302887,0.24672173708677292,0.29889869689941406,0.29910627007484436,0.4886035919189453,0.4889117479324341,-172.0801239013672,-172.88090515136722,3.7485642433166504,3.133791923522949,-0.31078314781188965,-0.19095288217067719,0.6219807863235474,0.61562579870224,0.46681792749194384,0.4512476708256172,0.8570771217346191,0.8552414178848267,0.7985924496628382,0.8019978638762731,0.3152885138988495,0.32085365056991577,-0.7148602402158966,-0.6960207416853434,0.8438751101493835,0.8611286282539368,0.7699797382487928,0.8148866100726436,0.7184314131736755,0.7226125001907349,0.8384399416674592,0.8676454341631155,0.7945630550384521,0.7884197235107422,0.6631057521889333,0.6557065297466258,0.2725673317909241,0.27608972787857056,-0.8794639578006012,-0.8702442388822665,0.7776086330413818,0.7844683527946472,0.6263604440469047,0.6470558767047816
230,9.583333333333334,230,9.583333333333334,0.0,0.07247009187948276,0.057480582833771644,0.5975289200885151,0.5955849806390524,0.053641120328412714,0.05174778575083385,0.05318465605987386,0.052307983195556865,0.13666375728307262,0.13847383414806352,0.14102587177502554,0.14488814848804413,0.08260050768948238,0.08300081903193282,0.4886750727891922,0.4890192151069641,0.4861952066421509,0.48711344599723816,0.500974640250206,0.5000253021717072,0.23978831619024277,0.24059411883354187,0.2896774709224701,0.2910388708114624,0.48793406784534454,0.48846568167209625,-174.4210968017578,-174.0886688232422,5.596322536468506,4.136351108551025,-0.00758890388533473,-0.09530079364776611,0.6216928958892822,0.6158707141876221,0.4654711132341455,0.4516021743912507,0.8574269413948059,0.854405403137207,0.8013982249691063,0.8024338962295413,0.31591886281967163,0.3202827572822571,-0.7135467479627693,-0.7006934732256912,0.8434348106384277,0.8593966364860535,0.7710504982484824,0.8133786901072606,0.7186535596847534,0.7226623892784119,0.8393365893203525,0.8679100094504341,0.7958799004554749,0.7881525754928589,0.6679079931087124,0.6571544649340588,0.2727695107460022,0.27612945437431335,-0.8799240439130397,-0.8728170580340701,0.7781267762184143,0.7832045555114746,0.6294029953950505,0.6463044294790738
231,9.625,231,9.625,0.0,0.08333733216767637,0.07208449926310877,0.6000415549231223,0.5980119376495472,0.058178343896821166,0.05518367284510658,0.057866831942553626,0.05415655803219818,0.13120860896578754,0.13705993538901873,0.1306157321677528,0.13610825149553427,0.0827478481627906,0.08355622694973232,0.48981641232967377,0.4899188131093979,0.4875580370426178,0.48784196376800537,0.5012175142765045,0.49973510205745697,0.23519852757453918,0.23644450306892395,0.28364378213882446,0.2825492322444916,0.48698902130126953,0.4884536862373352,-175.9210968017578,-177.6859588623047,4.591740608215332,3.843599319458008,0.5288141965866089,0.40646472573280334,0.621697187423706,0.6163300275802612,0.46461791674155983,0.45362455460194784,0.8576349020004272,0.8542616367340088,0.8040144926355729,0.800557577242634,0.317138671875,0.321185439825058,-0.709881808595955,-0.6946658325079411,0.8441519737243652,0.8605147004127502,0.7747669809225837,0.8142421827909836,0.7184070348739624,0.7224645018577576,0.8375698569068776,0.866551647321988,0.7952830195426941,0.7876526117324829,0.6687591997814815,0.6547861154542427,0.27269798517227173,0.27645719051361084,-0.8812629116070694,-0.8686856886985238,0.7780314683914185,0.7831622958183289,0.6313366952607101,0.6449592201546505
232,9.666666666666666,232,9.666666666666666,0.0,0.08498678713144615,0.07571720674607603,0.6020132040342613,0.5986040262629644,0.06727976188367693,0.06621736419594798,0.0660494303520561,0.06499537518352316,0.12172741411985684,0.12648962309979758,0.11726673775564136,0.12098090430034927,0.08323696553470525,0.08389482418587905,0.49085745215415955,0.49088290333747864,0.4886990189552307,0.4896252155303955,0.5015397071838379,0.5009494423866272,0.23112104833126068,0.23246373981237411,0.2769167721271515,0.2767705023288727,0.4873228371143341,0.48769842088222504,-178.02255249023438,-179.10227966308594,3.8796350955963135,1.7199083566665652,0.6486061215400696,0.5437152981758118,0.6212230920791626,0.616054892539978,0.46220437996168895,0.44852498871347646,0.8578758239746094,0.8537483215332031,0.8049576613957816,0.8023310071622543,0.31806695461273193,0.3210144639015198,-0.7085520677424046,-0.701142596520596,0.8461287021636963,0.8585153818130493,0.7794392172424506,0.8127797472622523,0.7183879613876343,0.7224867343902588,0.837444670934902,0.8632520116394365,0.7948296666145325,0.7872011661529541,0.6680015736347239,0.6564688006568977,0.27186551690101624,0.2763108015060425,-0.8869770587263983,-0.8753368648603633,0.7782660722732544,0.7829488515853882,0.6320202359096252,0.6471483123199293
233,9.708333333333334,233,9.708333333333334,0.0,0.0734903250672416,0.06979042949627656,0.5989127117501756,0.5962877300996562,0.06855649718876111,0.06727044771619453,0.06714717631415196,0.06615653092720221,0.12334576665174465,0.1257492711950079,0.11382784451270325,0.11777233531351276,0.0834031726747162,0.08401935123373015,0.4918501377105713,0.49197928607463837,0.4901864230632782,0.4905790388584137,0.5012527406215668,0.5008611381053925,0.22804005444049835,0.22853131592273712,0.27188700437545776,0.2724713087081909,0.48715686798095703,0.4877718836069107,-179.647705078125,-179.45138549804688,2.1785597801208496,1.620839238166809,1.1138756275177004,0.8762102723121643,0.6211493015289307,0.6159523725509644,0.46130496135383026,0.44919205994127703,0.858346700668335,0.8534173965454102,0.8033411212664832,0.802735737004165,0.3174077868461609,0.31998974084854126,-0.7073479727411555,-0.7059268754014824,0.84574955701828,0.8562327027320862,0.7760779728356015,0.8089164415573039,0.7184051871299744,0.722325325012207,0.8354993686753707,0.8643573491857659,0.7949763536453247,0.7877615094184875,0.6661929529992053,0.658595237322012,0.27166569232940674,0.2760432958602905,-0.8833418042873156,-0.8774464029003715,0.7798178195953369,0.7829577922821045,0.6333863600698957,0.6480491885414746
234,9.75,234,9.75,0.0,0.0587138818088683,0.06037011267395551,0.5819095091640052,0.5918762967210995,0.06896588706386642,0.06673693858505675,0.06832815234918606,0.0663704879223746,0.1291553655651901,0.12817604983523656,0.11343593625086464,0.11650493506168345,0.08299238548324132,0.08340741132476032,0.4931204617023468,0.4930306524038315,0.4912963807582855,0.4917886555194855,0.5013192594051361,0.5010171830654144,0.22527171671390533,0.22579777240753174,0.27011221647262573,0.2698447108268738,0.48732128739356995,0.48659051954746246,-178.58004760742188,-179.14060974121094,1.5646919012069702,0.8830267786979675,1.9396212100982668,1.3542180061340332,0.6206804513931274,0.6158111691474915,0.45686641402131495,0.44731511334861457,0.8596764206886292,0.8532905578613281,0.801689060802797,0.8037628283148069,0.31646406650543213,0.32152101397514343,-0.7075509861011018,-0.6994386375332311,0.8449530601501465,0.8583915829658508,0.769989331091796,0.8149436680664699,0.7185608148574829,0.7215895056724548,0.8315128959663177,0.8594991502254336,0.7978353500366211,0.7884530425071716,0.6685438308409423,0.661646713569937,0.271240770816803,0.27565914392471313,-0.8806474891384395,-0.8781475429398242,0.7810789942741394,0.7830489873886108,0.6324670162289716,0.6498016681032502
235,9.791666666666666,235,9.791666666666666,0.0,0.050198133222010645,0.04827083510317761,0.5734769438100951,0.5763636108626237,0.07638361473574898,0.07183383936931535,0.07506787567556153,0.07011032684455848,0.1263384270695326,0.13434688174891563,0.105918556234609,0.11771839167379655,0.08284016193520466,0.08312245865092169,0.49355126917362213,0.4935605078935623,0.49112823605537415,0.4921579658985138,0.5012807846069336,0.5010420382022858,0.22481998801231384,0.2257491648197174,0.27090340852737427,0.27093565464019775,0.48690512776374817,0.48663972318172455,-177.91448974609375,-178.21205139160156,2.411409616470337,0.5261361598968506,2.565385580062866,1.87277090549469,0.6202343106269836,0.6155841946601868,0.4554065396782564,0.4459345377788417,0.8600108027458191,0.8531392812728882,0.803482319191293,0.802604770586374,0.31628721952438354,0.3219068646430969,-0.7082369237443895,-0.6974075160738712,0.8438743352890015,0.8581291437149048,0.7687324690412471,0.8135321709395721,0.7177965641021729,0.7210477590560913,0.8289178574584452,0.8565243790717478,0.7978965640068054,0.7882807850837708,0.6697194312394477,0.6605698422891471,0.27150389552116394,0.27449464797973633,-0.8796872312885211,-0.8819923499609199,0.7804390788078308,0.7851817011833191,0.6321247720437819,0.6537830959806257
236,9.833333333333334,236,9.833333333333334,0.0,0.042406712097829945,0.038630475789449975,0.5774276917944906,0.5741779545688503,0.07949356107563713,0.0765682875583458,0.07865593857390137,0.07522933619457485,0.12547462648172727,0.1316424762870208,0.09945002640274189,0.10930539583858626,0.08230301899169427,0.08238191237350698,0.4934525340795517,0.49361906945705414,0.4902936816215515,0.49091535806655884,0.5011074244976044,0.5017500966787338,0.22576014697551727,0.22672585397958755,0.27214309573173523,0.2725642919540405,0.4865397959947586,0.48661643266677856,-177.34036254882812,-177.8129119873047,3.627144098281861,3.1430654525756836,3.2986552715301514,2.810617446899414,0.6197700500488281,0.6148608326911926,0.4546496876424687,0.44042174893501945,0.8604117631912231,0.8531765937805176,0.8057649527551444,0.8028468696090987,0.31620466709136963,0.3222446143627167,-0.7084453129910442,-0.6989444260740773,0.8425283432006836,0.8584104776382446,0.7672227930638688,0.8143102191948981,0.7170437574386597,0.7207944989204407,0.8273488460773271,0.8528979841408896,0.7981484532356262,0.7885981202125549,0.6715757184540152,0.661405897980746,0.27193450927734375,0.2738112807273865,-0.8780641237036148,-0.8875303575110001,0.7803876399993896,0.7847721576690674,0.633297799557066,0.6530262037937186
237,9.875,237,9.875,0.0,0.0343587547156033,0.02978390326573798,0.5682910141847175,0.5727008086438046,0.07278723305853199,0.08190889417654104,0.07286790067181484,0.08258136497778602,0.13258294474567353,0.12802066476051496,0.10237400577701739,0.10137616530095749,0.08335389336528068,0.08245531666402173,0.4935486167669296,0.4935641586780548,0.48908963799476624,0.4897690415382385,0.5006996989250183,0.5012527406215668,0.2278079241514206,0.22839277982711792,0.2764318287372589,0.2778395712375641,0.48680737614631653,0.48745179176330566,-176.15452575683594,-175.2916259765625,5.3509440422058105,4.763325214385986,4.175507068634033,3.85473895072937,0.6182147264480591,0.6144971251487732,0.4511487462872353,0.4406201921175641,0.8602826595306396,0.8533373475074768,0.8065118270276344,0.8007842291932596,0.31673741340637207,0.3228572607040405,-0.7062446073937161,-0.6941152178303469,0.8427544236183167,0.8598225116729736,0.768659979263798,0.8149777853638406,0.7173555493354797,0.719944953918457,0.8317575832530024,0.8509049295450143,0.7975245118141174,0.7893248796463013,0.6709869593119918,0.6606852995410295,0.2719014286994934,0.2735743522644043,-0.8783732169461921,-0.8858690489403381,0.7799643874168396,0.7855272889137268,0.6330662490520111,0.6523738187519316
238,9.916666666666666,238,9.916666666666666,0.0,0.04357290217376773,0.030771799691431883,0.5837613859646842,0.5882240367413542,0.043656128667483855,0.04506871701809664,0.04256115156303939,0.042823940637664454,0.18792957574086566,0.18353685599377942,0.14735812640960083,0.1452799697857433,0.08113297391296562,0.08033566608624645,0.49372681975364685,0.49411267042160034,0.48815637826919556,0.4885663092136383,0.5006135702133179,0.5009860843420029,0.2406889572739601,0.24076244980096817,0.28990527987480164,0.2878771722316742,0.48645129799842834,0.48883698880672455,-174.4587860107422,-175.3653106689453,6.996028900146484,8.165807723999023,5.113029479980469,4.747500896453857,0.6188395023345947,0.6147081851959229,0.45593831185178363,0.44300322472189635,0.859529435634613,0.8521900177001953,0.809311416970598,0.7961837786655186,0.3174976110458374,0.3217273950576782,-0.706186703694559,-0.6983003023694048,0.8431528806686401,0.8595318794250488,0.7737860629828682,0.8122713594635512,0.7167304158210754,0.720198929309845,0.8334546235427841,0.8539412875071569,0.7959705591201782,0.7891940474510193,0.6714343364778292,0.6581462073634926,0.2725195586681366,0.27380895614624023,-0.8796445644491149,-0.8849660674406494,0.779296338558197,0.7850712537765503,0.635263262087357,0.6491122894231542
239,9.958333333333334,239,9.958333333333334,0.0,0.0248564017296442,0.025340184404849506,0.579226224045653,0.5791859305868431,0.047786224971368925,0.05134297253794252,0.04764501721900993,0.04970829848605114,0.1787315234938425,0.17836587068308182,0.14057153882339624,0.13824070239563066,0.08266194055352176,0.08308525366577707,0.49441806972026825,0.4949623644351959,0.4891694188117981,0.4898092448711395,0.5009286999702454,0.5016412883996964,0.24525333940982819,0.24633176624774933,0.29443252086639404,0.29481324553489685,0.4853861778974533,0.48840002715587616,-175.0954132080078,-175.53732299804688,5.919252395629884,5.536894798278809,4.808996677398682,4.9741597175598145,0.6190848350524902,0.6148720383644104,0.4568734544612314,0.44236982520614676,0.8604243993759155,0.8525488972663879,0.8157136048962569,0.8002443288539246,0.3178405165672302,0.3220999836921692,-0.7079457259171698,-0.701431860210261,0.8437336683273315,0.8594038486480713,0.7794110212867188,0.815308596295141,0.7168057560920715,0.7206712365150452,0.8347302177804611,0.8557060682976368,0.7961024641990662,0.7900011539459229,0.6758124571941038,0.6627909931903458,0.2731993496417999,0.27322161197662354,-0.8805593962120318,-0.8923898531486203,0.7784672975540161,0.7832908034324646,0.6374557123794793,0.6480444969527293
240,10.0,240,10.0,0.0,0.025086053555033683,0.027768517590451666,0.5739667934820532,0.5728878952339177,0.06384584774780659,0.06436700778943161,0.06469963878880275,0.06442301620480408,0.15973792889735342,0.15347657269285095,0.11988338001771047,0.1149523677362696,0.08312868383725189,0.082988319652656,0.49567827582359314,0.49577006697654724,0.49106717109680176,0.49061572551727295,0.5008015185594559,0.5018811225891113,0.24592462927103043,0.2462156042456627,0.29947108030319214,0.29999011754989624,0.48636840283870697,0.48703062534332275,-171.98158264160156,-171.6575469970703,4.365077018737793,5.8117356300354,4.9527716636657715,5.132604598999023,0.6190067529678345,0.6150352954864502,0.4562182265718481,0.4429266763531635,0.8609370589256287,0.8515703082084656,0.8131859810301308,0.8026544193884195,0.31854015588760376,0.32161352038383484,-0.703445630533151,-0.7056331008789081,0.845242977142334,0.8592489957809448,0.7791142372151492,0.8195615842455126,0.7172051668167114,0.7213451862335205,0.8352192618688734,0.8590623376936316,0.7960411906242371,0.7898766398429871,0.6722974964442155,0.6668154479693499,0.27320581674575806,0.2734892964363098,-0.8784154777621292,-0.8940088542370405,0.7793797254562378,0.781853437423706,0.6361255699419224,0.6491497199781777
241,10.041666666666666,241,10.041666666666666,0.0,0.02910656721286389,0.03285828113015203,0.5644966856093356,0.5579722938777775,0.07538201589276786,0.08291297367163374,0.07722108615191291,0.08462125573190869,0.14376036793858174,0.13850927660878284,0.10638990232837645,0.10368197525966716,0.08388796654804477,0.08423514772038433,0.4962426722049713,0.49649327993392944,0.49223634600639343,0.4925541281700134,0.5007220208644867,0.5018061846494675,0.24626324325799942,0.24709106236696243,0.3004620671272278,0.3017560839653015,0.4868437945842743,0.48812733590602875,-171.81954956054688,-171.4083709716797,3.1791281700134277,2.8605844974517822,4.708413600921631,4.586056232452393,0.6191633939743042,0.6152948141098022,0.4567054756112697,0.44317009982765365,0.8611928224563599,0.8515985012054443,0.8119551138307501,0.798381730170724,0.31910407543182373,0.32232409715652466,-0.7003119600062341,-0.7008728099877478,0.8461373448371887,0.858727216720581,0.7793001017060026,0.8140402934082819,0.7175536751747131,0.722172200679779,0.8360946957066476,0.8605234708284883,0.7960218787193298,0.7902015447616577,0.6706007169962033,0.6635203904206304,0.27339309453964233,0.27317559719085693,-0.8765717813920005,-0.8927964039172797,0.7805184125900269,0.7821160554885864,0.6369740272800737,0.6457602280435301
242,10.083333333333334,242,10.083333333333334,0.0,0.03336109357108993,0.03745428838371667,0.5604325409525331,0.5551839586250988,0.08039737537692622,0.08386441994257438,0.08311548563478208,0.08680486158063519,0.1356546772731111,0.12830530672217794,0.09994935725277397,0.09884552000688038,0.08415115910973375,0.08437274574056083,0.4966866075992584,0.4969868063926697,0.4926360547542572,0.49294790625572205,0.500860407948494,0.5018153190612793,0.24370479583740234,0.24450233578681946,0.29948940873146057,0.3009684979915619,0.48689359426498413,0.488228440284729,-170.9486083984375,-170.622314453125,2.8238885402679443,3.4938063621520996,4.857989311218262,4.498434543609619,0.6205044984817505,0.6149413585662842,0.4588911905713591,0.4415047781168189,0.8604164719581604,0.85130774974823,0.8058574056900223,0.7970707142140722,0.31937721371650696,0.32312023639678955,-0.6960731507809886,-0.6974055943933378,0.846380352973938,0.8590047359466553,0.77557516300535,0.8139679653836308,0.7178332209587097,0.7223265171051025,0.8321924805487902,0.8606042250803349,0.795985221862793,0.7906274795532227,0.6668501235447275,0.6638588647850716,0.27301281690597534,0.2731080651283264,-0.8739023536917149,-0.8925915363359643,0.781309187412262,0.7813125848770142,0.6351872944265677,0.6434098070754344
243,10.125,243,10.125,0.0,0.03438673037893753,0.03499728367459938,0.558849265289696,0.5588643293056792,0.07665056966319944,0.08335358638608144,0.07958246813797618,0.08655408491477548,0.13488059697073174,0.12734345967856112,0.10069010192625315,0.09862432745039428,0.08451478813941934,0.08418726221709233,0.4965354949235916,0.49702437222003937,0.4925115406513214,0.4931352138519287,0.501213014125824,0.5019563883543015,0.24203214794397354,0.2428114339709282,0.29638925194740295,0.29837146401405334,0.4864394962787628,0.487561970949173,-172.65196228027344,-172.01988220214844,3.090867042541504,3.5277118682861333,4.781871318817139,4.516390323638916,0.6202652454376221,0.6150937676429749,0.45624296859163677,0.4406751272482449,0.8606520891189575,0.8512786626815796,0.8066768054475447,0.7968896441283273,0.3187981843948364,0.3233044445514679,-0.6990669768602318,-0.6958572716059163,0.8468269109725952,0.8575249314308167,0.7768743595779228,0.8105749849275105,0.7183848023414612,0.7228350043296814,0.8322658068487407,0.8603320389189129,0.7952776551246643,0.7910975217819214,0.6657514582479692,0.6650350192378953,0.2733882963657379,0.2722679376602173,-0.8730909484357783,-0.8946467372096983,0.7802070379257202,0.7813974618911743,0.6332642636137719,0.643782551451655
244,10.166666666666666,244,10.166666666666666,0.0,0.03599565958303766,0.04238140022721967,0.559361320932043,0.5667593247008966,0.0757735677255626,0.08327005607747547,0.07888967051086143,0.08645744613194094,0.13356365500910491,0.12555758841203696,0.09955885990800628,0.09856323568851838,0.08497533682712684,0.08377384466435898,0.496485099196434,0.4967409670352936,0.4924350082874298,0.4930746853351593,0.5015470385551453,0.5023919343948364,0.24044294655323029,0.24098148941993713,0.29489243030548096,0.29727497696876526,0.4858319014310837,0.4877769500017166,-172.58238220214844,-170.40234375,3.14426851272583,3.229872465133667,4.803894996643066,4.214876174926758,0.6206790208816528,0.6155250668525696,0.45792679284191984,0.4388076146878509,0.8599804639816284,0.8507834672927856,0.8089734970530904,0.7919929072575974,0.3181856870651245,0.3241408169269562,-0.7048155665609389,-0.6913796689996795,0.8457977175712585,0.8580811023712158,0.7783079617288324,0.8079145917083386,0.7187117338180542,0.7234864830970764,0.8347509247993898,0.8575557790089742,0.7945823073387146,0.7922459840774536,0.6675714424264696,0.6642781988241953,0.27315038442611694,0.27149078249931335,-0.8779250145815757,-0.8955924890509461,0.7789255976676941,0.7838418483734131,0.6337189452029921,0.645942396153486
245,10.208333333333334,245,10.208333333333334,0.0,0.04938044386134245,0.05878778076989247,0.5602030507696847,0.5702368508619468,0.07582335252926035,0.08386165990714366,0.07819127693410566,0.08671490739515904,0.12989507691025307,0.12643164796824413,0.09922887195221158,0.09984175275853685,0.08497765150595835,0.08383796054922339,0.4961368292570114,0.49635377526283264,0.4927386939525604,0.492663711309433,0.5014157295227051,0.5022559314966202,0.23960472643375397,0.2390848472714424,0.293906569480896,0.2939651906490326,0.48566047847270966,0.48842816054821014,-172.7857666015625,-171.33726501464844,2.4187726974487305,3.3983943462371826,4.105215072631836,4.121352672576904,0.621027410030365,0.6149640679359436,0.45976439756980864,0.43648056607617497,0.8600382208824158,0.8506659269332886,0.8094579518948433,0.7890888320535213,0.3175908029079437,0.32366228103637695,-0.7065878205593612,-0.6916329212173906,0.8453626036643982,0.8561441898345947,0.7777271791741485,0.8010225299603221,0.7180444002151489,0.7240047454833984,0.832679131791662,0.8587583018709205,0.7947502732276917,0.7932660579681396,0.6682961187905241,0.6640505291351421,0.27309074997901917,0.27171799540519714,-0.8776375034988244,-0.8927956048797697,0.779114305973053,0.7839018106460571,0.6344889326357883,0.6436517091661959
246,10.25,246,10.25,0.0,0.04930848602292026,0.035098576080428566,0.5562140808287611,0.5660964882282965,0.07848984233028285,0.08394490018776808,0.08061001823058697,0.08637644954255921,0.1244584714016775,0.12192964379490044,0.09656402751527905,0.09319403181675834,0.08475221084028937,0.08421015365026994,0.49568209052085876,0.49571578204631805,0.492574006319046,0.4921905994415283,0.5012045204639435,0.5021340996026993,0.2398688942193985,0.24037016183137894,0.29470810294151306,0.29526132345199585,0.48550181090831757,0.4880813807249069,-172.43121337890625,-171.9760284423828,2.2971484661102295,2.809656858444214,3.768643856048584,4.163871765136719,0.6205751895904541,0.6153178811073303,0.45944015642818076,0.4393145647730591,0.8600375652313232,0.8499488234519958,0.8108623444307184,0.7900661229598172,0.3170776963233948,0.3235342800617218,-0.708677077080825,-0.6932221290643225,0.8446329832077026,0.8561996221542358,0.7775117354421948,0.8037135079217341,0.7181403636932373,0.7240054607391357,0.8349541682011976,0.8611774510226242,0.794303834438324,0.7921979427337646,0.6685501447441127,0.6639784758293775,0.2734270989894867,0.2716352343559265,-0.8766818090139256,-0.8946644768396146,0.778828501701355,0.784906268119812,0.635046361889987,0.6480585437992534
247,10.291666666666666,247,10.291666666666666,0.0,0.02910061982276898,0.03175741763994594,0.5411044116427791,0.554721011596284,0.07975840793452538,0.0844377228747522,0.08224975406409349,0.08700473383283225,0.12639114930492104,0.12200540277218405,0.0984047698506246,0.09243917152527144,0.08458012116301684,0.0842430528885337,0.4954364150762558,0.4957418292760849,0.49238860607147217,0.4923132061958313,0.501007929444313,0.5020435303449631,0.2405656948685646,0.24130380153656006,0.29648375511169434,0.29709145426750183,0.4861539602279663,0.4882136583328247,-170.0037384033203,-169.7938232421875,1.7250934839248657,1.8706891536712649,3.8755559921264653,4.138991355895996,0.6206088066101074,0.6152387857437134,0.4585148194234093,0.4404810586913572,0.8601732850074768,0.8507149815559387,0.8065579581409132,0.7934711434076159,0.3171360492706299,0.32306939363479614,-0.704911066981631,-0.6964489539668142,0.8449020385742188,0.8558893203735352,0.7736261160529772,0.8047971394108074,0.7184827923774719,0.723712682723999,0.8337350851423895,0.8625897134572966,0.7952175736427307,0.7920511960983276,0.6664835222576202,0.6650632785485402,0.27319061756134033,0.2714400291442871,-0.8733850126763321,-0.8973562892630642,0.781205415725708,0.7845920920372009,0.6362668550162568,0.6487362103448863
248,10.333333333333334,248,10.333333333333334,0.0,0.023807020190698934,0.02819834396038528,0.5434149994282251,0.5581227964498305,0.08324379723486836,0.08423668277542834,0.08511706199674787,0.08584360150835578,0.12648064110335952,0.12061785172322499,0.09942083868431148,0.09268283887399022,0.08352940350206446,0.08450730807198047,0.4951374679803848,0.495602086186409,0.4922650456428528,0.49281546473503113,0.5008956640958786,0.5021651089191437,0.240916445851326,0.24168743938207626,0.2957056760787964,0.2966419458389282,0.48645371198654175,0.48810233175754547,-169.7731475830078,-169.61622619628906,1.6521574258804321,0.9612800478935241,3.6432087421417236,3.7138924598693848,0.6204593181610107,0.6158033013343811,0.4590329082115944,0.441951969943451,0.8597420454025269,0.8504776358604431,0.8061420690838134,0.7927420157616201,0.3166484534740448,0.32270774245262146,-0.707368251521839,-0.6979302903810413,0.8441934585571289,0.8555405139923096,0.7725638164334407,0.8038177048893526,0.7180221080780029,0.7240427732467651,0.833599339281336,0.8629076963643745,0.7954419255256653,0.792211651802063,0.6672814965994692,0.6652777732213533,0.2733621597290039,0.2715797424316406,-0.8735544847785058,-0.8967729492467715,0.7810414433479309,0.7837293744087219,0.6361826556784841,0.6467217137909428
249,10.375,249,10.375,0.0,0.039965442204014455,0.0361715409312026,0.5234258994205764,0.5481963162355247,0.08165484062539688,0.08566606718338472,0.08194372089768434,0.0859545002218681,0.12809237481635755,0.11796646229505225,0.10455044870158359,0.09224215865190141,0.08245031513080388,0.08393501744643873,0.49477386474609375,0.4951914995908737,0.49235448241233826,0.493216872215271,0.5008243173360825,0.5022779107093811,0.24025235325098038,0.24069257080554962,0.29420098662376404,0.2956932783126831,0.4870532155036926,0.4876456558704376,-172.1999053955078,-170.2992706298828,2.8893508911132812,0.407182514667511,2.9368674755096436,2.914677381515503,0.6201876401901245,0.6160040497779846,0.45715578671059043,0.4420580320887393,0.860191285610199,0.8496337532997131,0.8038692368039008,0.7914724605623792,0.31688427925109863,0.3231309652328491,-0.7044815007466022,-0.696351312201782,0.8447927832603455,0.85624098777771,0.770695504816793,0.8059189138213416,0.717685878276825,0.7243444919586182,0.8305693501879131,0.8631816458703006,0.7961429357528687,0.7916520833969116,0.6658868055187056,0.6646978641836903,0.27298057079315186,0.27200764417648315,-0.8726305929442764,-0.8950696973074714,0.7815938591957092,0.7846684455871582,0.6345430322476829,0.6494284201323097
250,10.416666666666666,250,10.416666666666666,0.0,0.042901061226563356,0.04363947514883758,0.518657908673936,0.5242065209244605,0.0815493888348612,0.08564480968790851,0.08127617481186113,0.08571059309200509,0.12394119285620554,0.11757832348917967,0.10225232617901091,0.09466008111295675,0.08311502837946405,0.08372049519369798,0.4944887012243271,0.49473731219768524,0.4923761487007141,0.49287620186805725,0.5007958859205246,0.5021401792764664,0.23925989866256714,0.2398555502295494,0.29445186257362366,0.2954288423061371,0.48736946284770966,0.48812147974967957,-172.79312133789062,-171.55235290527344,2.885089874267578,0.8601441979408264,2.5293445587158203,2.6146035194396973,0.6203941702842712,0.6159238815307617,0.45931768304212706,0.4408487312651663,0.8610795736312866,0.8501918911933899,0.8073197747721265,0.7890873787069084,0.31710729002952576,0.322567880153656,-0.7054567773673712,-0.6957430516871007,0.8446817398071289,0.8563241362571716,0.7718958054234986,0.8024518432696808,0.7173981666564941,0.7245645523071289,0.8318619138941735,0.8617710683545283,0.7951533198356628,0.7917564511299133,0.6649003784805557,0.6617346131511346,0.27343979477882385,0.27199047803878784,-0.8731619651926689,-0.8917024299748296,0.7803380489349365,0.7855613231658936,0.6328951936551201,0.6482331031371295
251,10.458333333333334,251,10.458333333333334,0.0,0.03755037751147575,0.03984366756873572,0.5141043260874943,0.5225518806184765,0.08035216890599829,0.08421019172552174,0.08031414170497261,0.08472393325172779,0.12245266837158277,0.11727145555061567,0.10063644331282882,0.09493889958429741,0.08329910604717888,0.08378053880095016,0.49431318044662476,0.49483340978622437,0.4918927550315857,0.49260032176971436,0.500707671046257,0.5020837187767029,0.23925241082906723,0.23989561200141907,0.2949140965938568,0.29586976766586304,0.48732295632362366,0.4884028136730194,-171.94700622558594,-171.37060546875,3.5518674850463867,1.953580021858215,2.7549142837524414,2.8137857913970947,0.6206081509590149,0.6159843802452087,0.4604105130790155,0.44136746984601116,0.8608953952789307,0.8499289155006409,0.8069036221491068,0.7880182219242562,0.3168993592262268,0.32261180877685547,-0.7058126807734579,-0.6954574433877763,0.8444868326187134,0.8566778898239136,0.7714616910424763,0.802728957108112,0.7174190282821655,0.7247623801231384,0.8321583637332705,0.8628845177896427,0.7955507636070251,0.792041540145874,0.6657614647364507,0.6618411454467309,0.27339836955070496,0.27212345600128174,-0.872853821814136,-0.8911008771830174,0.7809092998504639,0.7856756448745728,0.6341364064966817,0.6479654074369794
252,10.5,252,10.5,0.0,0.03197634157709381,0.03955104587674306,0.5187152402578092,0.513281176756996,0.08149068179313514,0.08486388655453016,0.08135052609192772,0.08503985005937612,0.12267870097535939,0.11699851403984562,0.09962109058312915,0.0960451527206095,0.08336822910304226,0.08369357807711325,0.4944150000810623,0.49461202323436737,0.49197059869766235,0.49280402064323425,0.500459611415863,0.5019101649522781,0.2391914650797844,0.24003086239099503,0.2945669889450073,0.2950696647167206,0.48758330941200256,0.4887162297964096,-171.57594299316406,-171.73231506347656,2.851118803024292,1.311943531036377,2.849259614944458,2.472822666168213,0.6205472946166992,0.6160783767700195,0.4608538842595788,0.44110896751930445,0.8611653447151184,0.8499206304550171,0.8064422945128121,0.7850119131840364,0.3170522451400757,0.3222419023513794,-0.7038523426974344,-0.6941799345897611,0.8447532057762146,0.8568192720413208,0.7710138163393001,0.8000048529714829,0.7175507545471191,0.7249984741210938,0.8331187169551033,0.861940921700515,0.7960559129714966,0.792940616607666,0.6658921754816635,0.6611762411877848,0.27327680587768555,0.27139103412628174,-0.871846933662291,-0.8906512081877186,0.7817671298980713,0.7859984636306763,0.6350473330679233,0.6460887373253008
253,10.541666666666666,253,10.541666666666666,0.0,0.03600027366792507,0.04099798408657989,0.5231969677484868,0.5175715489512888,0.08081331734927726,0.08513440417959503,0.08110317815531017,0.08547818565781577,0.12460001425280806,0.11636612574867732,0.10397763257715967,0.09523389618690008,0.08268389999312734,0.08372054755781747,0.4942144751548767,0.49453824758529663,0.4920296370983124,0.49273234605789185,0.5005523562431335,0.5019040554761887,0.23927278071641922,0.23997291922569275,0.2936481237411499,0.29468801617622375,0.4873132109642029,0.488966166973114,-172.12472534179688,-171.63230895996094,2.6900084018707275,1.091503381729126,2.5494441986083984,2.4715659618377686,0.6204545497894287,0.6160266399383545,0.4598980800963794,0.44078560068488976,0.8613355755805969,0.8497447967529297,0.8069647543624543,0.783825037853481,0.3171573281288147,0.3219929337501526,-0.7034318458605285,-0.6948863998623653,0.844534158706665,0.8564752340316772,0.770715180745328,0.7984475371351165,0.7175708413124084,0.725328266620636,0.8323983213055087,0.8629507961196049,0.7965140342712402,0.7931469678878784,0.6671102854625806,0.6608610048129199,0.2734307646751404,0.2714289128780365,-0.8711498999409386,-0.8901842229724608,0.7814040184020996,0.7862625122070312,0.6345099615307228,0.645903886266475
254,10.583333333333334,254,10.583333333333334,0.0,0.04511300075167473,0.043311211069239124,0.5158042724756333,0.5163600054742431,0.08278429797522174,0.08628370463226986,0.08255510054972505,0.08652374762720735,0.12261030289000431,0.11587911339374624,0.10248098791272041,0.09542094083220666,0.08274923054960967,0.08343565624626045,0.49391451478004456,0.49417176842689514,0.4920297861099243,0.4923311173915863,0.5006881803274155,0.5017474889755249,0.23873929679393768,0.23916584253311157,0.2933134436607361,0.2937960922718048,0.4872334450483322,0.4887998551130295,-171.76174926757812,-171.64756774902344,1.9839482307434082,1.4398127794265747,2.319277286529541,2.376646041870117,0.6202018857002258,0.6162075400352478,0.45806467995112643,0.442733342331441,0.8617770075798035,0.8498884439468384,0.807484060652282,0.7856418063487103,0.31696227192878723,0.3222135305404663,-0.7041732089790417,-0.6944402762713561,0.8441523313522339,0.8567990660667419,0.7694867579307225,0.8006776557584329,0.7175391316413879,0.7255943417549133,0.831132808583561,0.8658432735599776,0.796749472618103,0.79292893409729,0.667290226775695,0.6617116307885726,0.27347028255462646,0.2718490958213806,-0.8708665947373337,-0.8892507303238345,0.7810614109039307,0.7863448858261108,0.6334681002088847,0.6473863274230955
255,10.625,255,10.625,0.0,0.04701210537855097,0.04823967555281586,0.5153767802072641,0.5171896274007133,0.08220301344160179,0.08520196439429707,0.08219889318072723,0.08521275000988854,0.11984687073976373,0.11465068640165167,0.10154631205172703,0.09721389853072018,0.08288166726899542,0.08346337035470747,0.49368739128112793,0.4938257783651352,0.49174320697784424,0.4924502670764923,0.5009705424308777,0.5018346309661865,0.23817550390958786,0.23832935839891434,0.2924385070800781,0.29239651560783386,0.4872751832008362,0.48847997188568115,-171.88037109375,-171.95706176757812,2.1818552017211914,0.7150653004646302,2.2119929790496826,1.8700689077377317,0.6201287508010864,0.6163252592086792,0.4569366855685665,0.4425902928183657,0.861387312412262,0.8491330742835999,0.8069681204818194,0.7842312520563891,0.31742894649505615,0.3222666382789612,-0.7038280422135592,-0.6941620609847297,0.8446576595306396,0.8571544885635376,0.7708818899427222,0.8016736190350542,0.7177992463111877,0.72600257396698,0.831474311693056,0.8665735969504346,0.7965087294578552,0.7928041219711304,0.6670235849849403,0.6617453382923835,0.2734776735305786,0.27193450927734375,-0.8723682482941395,-0.8887326739244689,0.7803761959075928,0.7864609360694885,0.6322253540237945,0.647952237419006
256,10.666666666666666,256,10.666666666666666,0.0,0.04810904464198467,0.04887673978459931,0.5110923909845206,0.5255433473324841,0.08113921562201624,0.08429933501737326,0.08138561818336969,0.08489847891686565,0.11829314142700872,0.11140081313266409,0.10416043840380333,0.09759588235794732,0.08308655302380785,0.08314185327127162,0.4933577924966812,0.4934884309768677,0.49180230498313904,0.4925383925437927,0.5014760792255402,0.501712366938591,0.23696309328079224,0.23727498948574066,0.2908388376235962,0.29037541151046753,0.48672929406166077,0.4884420782327652,-171.9673614501953,-172.36065673828125,1.6577788591384888,-0.163753941655159,1.7138320207595825,1.4768915176391604,0.620094895362854,0.6170583367347717,0.4558563977228657,0.44649063941078576,0.8616284728050232,0.8494859933853149,0.8104224904337551,0.7861265977422981,0.3174208402633667,0.32210832834243774,-0.7073309357445559,-0.6952260419263576,0.8446862697601318,0.8575583696365356,0.7737983974413447,0.8037031567472782,0.7177836894989014,0.7261219620704651,0.8312779644092047,0.8686630646688072,0.7963029742240906,0.7917643785476685,0.6692078486032721,0.6604452199815408,0.2738358676433563,0.2722291946411133,-0.8748295608396486,-0.888302283245522,0.779483437538147,0.7861253619194031,0.6328489244395695,0.6481669879700209
257,10.708333333333334,257,10.708333333333334,0.0,0.052377709972464805,0.04987386383297713,0.5234574172660109,0.5288367986032111,0.07208767656495346,0.07941490078145683,0.07354591825206663,0.0808477018839387,0.1236129864821498,0.1161664309115811,0.11363634142813744,0.1050777377936327,0.0827415777024049,0.08268070376320134,0.4930253177881241,0.49296416342258453,0.4917880892753601,0.4919472932815552,0.5015321522951126,0.5017877817153931,0.23622766137123108,0.23636026680469513,0.28731322288513184,0.28767600655555725,0.4869299829006195,0.4887653738260269,-173.8272247314453,-173.73341369628906,0.7328553795814514,0.20081080496311188,1.4096875190734863,1.3259403705596924,0.619698703289032,0.617178201675415,0.45404503103479293,0.4457450811508669,0.8619229793548584,0.8491342067718506,0.8104944607457629,0.7830447019951849,0.3179706931114197,0.3216453194618225,-0.7053194641869552,-0.6958776689066094,0.845931351184845,0.8568134307861328,0.7759308124305777,0.7997308721910461,0.7179805040359497,0.7265320420265198,0.8316845821171113,0.8681712796026092,0.7971147894859314,0.7928913831710815,0.6704207009785323,0.6608347853222499,0.27429521083831787,0.27252867817878723,-0.8731388304742094,-0.8856118016201378,0.780392050743103,0.7866477370262146,0.6342768602995906,0.6472679793504201
258,10.75,258,10.75,0.0,0.0601106992158562,0.06263957295633761,0.5252105357060111,0.5299012100273984,0.05359136026842527,0.0530304984619303,0.054051257495634907,0.05301713073701991,0.14907300804237297,0.14900854048663165,0.1460606062674851,0.14767100855602394,0.08181004243989734,0.08131661986153821,0.4921274036169052,0.4918068200349808,0.4914032816886902,0.4918983578681946,0.5012969821691513,0.5014884620904922,0.23501719534397125,0.23600640147924423,0.2811872065067291,0.28058239817619324,0.4870474487543106,0.4885345995426178,-177.29783630371094,-178.37252807617188,1.0212496519088745,-0.7829718589782715,0.4716796278953553,-0.08711821585893632,0.6195629835128784,0.6167234778404236,0.453326950130775,0.4457534262385979,0.8624623417854309,0.8482980728149414,0.8094418403326595,0.7827982006093211,0.31795644760131836,0.3226674199104309,-0.702764991008889,-0.6917176321500758,0.8470622301101685,0.8567960262298584,0.776237257970181,0.8012886342866263,0.7180968523025513,0.7265323400497437,0.8310184059633398,0.8705173423332221,0.7974228858947754,0.7936574816703796,0.6692085734920632,0.663907430406489,0.27327394485473633,0.27301061153411865,-0.8740380742633639,-0.8838006750148301,0.781029999256134,0.7858201861381531,0.633863443143048,0.6468545017573749
259,10.791666666666666,259,10.791666666666666,0.0,0.05656342609066047,0.07053739451315454,0.5377078763354401,0.542097259707957,0.04670412403876164,0.0470230904346285,0.04549248623452387,0.046333919622114784,0.14915625427350068,0.14970095545852521,0.15384769874563942,0.15680498280085897,0.08223170447062705,0.0819391595081705,0.4904178977012634,0.49061430990695953,0.48969241976737976,0.4906986355781555,0.5010076463222504,0.5013619363307953,0.23392125219106674,0.23453735560178757,0.27568957209587097,0.2762083113193512,0.48716655373573303,0.4886275678873062,-180.69534301757812,-180.49313354492182,1.925340175628662,-0.11362409591674806,-0.5086653828620911,-0.8800843358039856,0.6202136278152466,0.6153088808059692,0.4565029710392146,0.4413790698508186,0.8626918196678162,0.8460686206817627,0.8089231225339312,0.7788180505959018,0.3186514377593994,0.3225000500679016,-0.6983387071166319,-0.6928302760034005,0.8477463722229004,0.855934739112854,0.7767289691397503,0.8003150528662857,0.7175465226173401,0.7265270948410034,0.8292422841215334,0.8721882687051848,0.7975788712501526,0.7908139228820801,0.6686626012593566,0.6584251754905331,0.2731892168521881,0.2741638720035553,-0.8724376797877509,-0.8800628289467834,0.7825758457183838,0.7846534848213196,0.6363444182724104,0.6450023738179529
260,10.833333333333334,260,10.833333333333334,0.0,0.04374101776484134,0.04907496894623123,0.5438089471201034,0.5388825495694805,0.043992391941033666,0.04289036020455585,0.043874207124359875,0.04237453059362901,0.13989288012468593,0.14402285471593676,0.15690715564698635,0.1576795382136039,0.08149487942254843,0.08225957309918094,0.48878413438796997,0.48864565789699554,0.48865723609924316,0.48893529176712036,0.5005067139863968,0.500319629907608,0.23001425713300705,0.2312103509902954,0.2711760997772217,0.2707747519016266,0.48646634817123413,0.48776601254940033,-180.48863220214844,-181.73574829101557,2.3516645431518555,0.7673811316490173,-1.782006025314331,-1.715960144996643,0.6198815107345581,0.6161444783210754,0.4593090098684297,0.44725623390960134,0.8611174821853638,0.846120297908783,0.8108525704751005,0.77837663530082,0.31854385137557983,0.32124224305152893,-0.700124184796878,-0.6915051365982181,0.8469444513320923,0.8587592840194702,0.7801780643668,0.8058296109854401,0.7162095308303833,0.7263051271438599,0.8299427511441496,0.8726402304561308,0.7967663407325745,0.7866198420524597,0.6715782330376671,0.6491364768306536,0.27400267124176025,0.2726995348930359,-0.8715017779147582,-0.8789522097619767,0.782477080821991,0.7850607633590698,0.640652173894212,0.6457500224833503
261,10.875,261,10.875,0.0,0.03418043603869122,0.034282176751631255,0.5529780670773714,0.5473473080379399,0.04543801228194025,0.041224820277020895,0.04499639431811137,0.04162099115437725,0.13081065961372898,0.1376733068019164,0.1570376049157146,0.16207184107011677,0.08168082123222553,0.08192016145346698,0.48679451644420624,0.4865025132894516,0.48665979504585266,0.4870278835296631,0.5003531724214554,0.5000029057264328,0.2265760749578476,0.22781316190958023,0.26606419682502747,0.26575687527656555,0.4868662804365158,0.4868605434894562,-181.85485839843747,-182.78298950195307,3.1258444786071777,1.5380221605300903,-2.6504974365234375,-2.8516759872436523,0.6212947964668274,0.6186631917953491,0.4649365509055852,0.4571490653925385,0.8596006035804749,0.8486418724060059,0.806008842990957,0.7840091327246722,0.3199334144592285,0.31908100843429565,-0.6935886684530442,-0.6970173340734193,0.8472273349761963,0.8582127094268799,0.7792526166589401,0.8047499035506742,0.7155157327651978,0.7223065495491028,0.827150614851219,0.8564441092605016,0.7948227524757385,0.7874608039855957,0.6659318026476568,0.6514248544394907,0.2735789716243744,0.27264338731765747,-0.8717893081492821,-0.8759223055328214,0.7824872136116028,0.7844173312187195,0.6392571639299556,0.6448294050513876
262,10.916666666666666,262,10.916666666666666,0.0,0.030197014025437615,0.027360958956701983,0.5594791005470823,0.5516212890151966,0.04284580243979417,0.03703864227001095,0.042811014698022724,0.03601499214917433,0.12071646922859125,0.1301666291211368,0.160398432253279,0.16843833581499681,0.08110061794852051,0.08181025333565704,0.4825589805841446,0.482566773891449,0.48379480838775635,0.48331883549690247,0.49908769130706787,0.49937157332897186,0.22385472059249878,0.22444484382867813,0.2603994309902191,0.2601344883441925,0.4860115051269531,0.48678840696811676,-183.350830078125,-184.19363403320307,1.5201326608657837,2.3211987018585205,-4.525062084197998,-4.471266269683838,0.6196988224983215,0.6190335750579834,0.46810492456459685,0.4626816007000993,0.8552082777023315,0.8450058102607727,0.8060022274792144,0.7791035335118123,0.3232104778289795,0.3215371370315552,-0.6825986037494547,-0.6876094370544027,0.8488597273826599,0.859967052936554,0.7921425567588413,0.811643429472439,0.7122620344161987,0.718200147151947,0.8273528223690476,0.8461161718205392,0.7979328632354736,0.7858819365501404,0.6809629122163556,0.6505122967392459,0.2757561206817627,0.27540475130081177,-0.8667741276273886,-0.865983572248565,0.7838096022605896,0.7831989526748657,0.6501300863343182,0.6446769515037328
263,10.958333333333334,263,10.958333333333334,0.0,0.03380104243965458,0.028539107566826826,0.5493438503542603,0.5476252066365795,0.04533140018193213,0.041175000786321116,0.046072918500828314,0.041005482826951004,0.11908225027347936,0.13135736999264247,0.17417953661127303,0.1855706091114746,0.08149923513727697,0.08067405137320789,0.4800916314125061,0.4799543023109436,0.4817632734775543,0.4812597334384918,0.49818873405456543,0.49761320650577545,0.22227813303470612,0.2233738750219345,0.25963130593299866,0.2603153884410858,0.48593099415302277,0.4882209748029709,-182.62379455566406,-182.34617614746088,1.2924476861953738,1.6129697561264038,-5.780126094818115,-5.726861953735352,0.6228918433189392,0.6241340041160583,0.48136843969523546,0.49132887558559346,0.8468062281608582,0.8357104063034058,0.7835738539789233,0.7590571836487473,0.3232388496398926,0.3202003240585327,-0.675326809269961,-0.6889623974368488,0.8497685194015503,0.8596796989440918,0.7900059217556408,0.8114157940598068,0.7141332626342773,0.7161377668380737,0.8335708820440462,0.8486148407523008,0.8016736507415771,0.7807596921920776,0.6855768059807216,0.6390226429931418,0.2767775058746338,0.2776135206222534,-0.8546729754269905,-0.8543433201179054,0.7832300066947937,0.7817907333374023,0.6455298426946797,0.64127485303768
264,11.0,264,11.0,0.0,0.03691683128501755,0.03236069320980607,0.5469489443020775,0.5515582370112648,0.048381274554271485,0.046602034224761696,0.048009816715825396,0.045088666147176694,0.11917017918725244,0.12324754583537222,0.18178379516429424,0.1823484662700489,0.08125130548836253,0.08105471964834399,0.4780299663543701,0.47813963890075684,0.47955530881881714,0.4800369143486023,0.4973975121974945,0.4980238378047943,0.22287778556346893,0.22300408780574799,0.26126036047935486,0.2612929940223694,0.4859421104192734,0.48983705043792725,-181.88230895996094,-181.68452453613276,2.0947535037994385,1.0477546453475952,-6.441288948059082,-6.3534369468688965,0.6180564165115356,0.6271867156028748,0.46434185361459546,0.498646331072084,0.826403021812439,0.8155903816223145,0.7370012724119878,0.7074020394775553,0.32304471731185913,0.3208097517490387,-0.6709765882621231,-0.6841528721908701,0.8488074541091919,0.8603264093399048,0.7855005114077587,0.8045502624304465,0.7141491174697876,0.720771074295044,0.8341435117305585,0.8599381968397077,0.8056125044822693,0.7834311723709106,0.691995701394339,0.6375654851445113,0.27589213848114014,0.27938932180404663,-0.8524378403880175,-0.8440606241363406,0.7829296588897705,0.7829522490501404,0.6428937766089381,0.6365254609868628
265,11.041666666666666,265,11.041666666666666,0.0,0.03924534224394181,0.0383434221306353,0.5548282923402273,0.5556463922035272,0.0546316012477175,0.05256717367730534,0.054071812104264615,0.05121928333993399,0.10788914140470703,0.10879314644367223,0.17650540685060004,0.17341807671339124,0.08160242727516896,0.08153509160884052,0.4762472063302994,0.4768367260694504,0.47863122820854187,0.4792076349258423,0.49580223858356476,0.49802783131599426,0.22291100770235062,0.22284114360809326,0.2635859251022339,0.2631596624851227,0.4853741377592087,0.4880782514810562,-180.37571716308594,-180.52998352050776,1.0607181787490845,0.5353565216064453,-7.175105571746826,-6.901193141937256,0.6197396516799927,0.6185950636863708,0.47955752114645944,0.46253521589745544,0.8059142231941223,0.7977709770202637,0.6976589254957222,0.6682962794266926,0.32288843393325806,0.32079756259918213,-0.6690644371089762,-0.6799130990472673,0.8515799045562744,0.8588947653770447,0.7970507695701449,0.8001973444974955,0.7175248861312866,0.7230864763259888,0.8579230482831512,0.8633983455762181,0.8078962564468384,0.7942047119140625,0.7019728420765782,0.6606005168033572,0.27712583541870117,0.27798932790756226,-0.8461360554086652,-0.8441394455097269,0.7824560403823853,0.7840699553489685,0.6466019396204195,0.6387303870043604
266,11.083333333333334,266,11.083333333333334,0.0,0.040257910213983776,0.03774403656186347,0.567697197240845,0.5619284993000793,0.06926502887170637,0.06657904920171862,0.06901799690064918,0.065971731448075,0.08357247695429976,0.08355052375443085,0.16479331134360092,0.1591212345988541,0.08248803963073767,0.08330315538997192,0.47371548414230347,0.47378021478652954,0.4781409800052643,0.4781527817249298,0.49644456803798676,0.4952331483364105,0.22465232014656067,0.22471274435520172,0.2699104845523834,0.26956120133399963,0.4819837361574173,0.48141632974147797,-177.2434844970703,-177.79739379882807,-1.3238213062286377,-1.783876895904541,-9.014739990234375,-8.821743965148926,0.6169461011886597,0.6180958151817322,0.46766047428377483,0.4742468314727586,0.7701890468597412,0.7487889528274536,0.6291621665150311,0.5805290589850624,0.324360191822052,0.322978675365448,-0.6678509301399888,-0.6648979719472818,0.8501721024513245,0.8574676513671875,0.8037679446593092,0.8164961593815213,0.722324788570404,0.7285807132720947,0.8766299341057309,0.9007157840872301,0.8036779761314392,0.7902671098709106,0.7022696579887483,0.6705879258913046,0.2801773250102997,0.2776969075202942,-0.8393224451336182,-0.8396844671084599,0.7781484127044678,0.7835359573364258,0.6465377375853582,0.6559730053297746
267,11.125,267,11.125,0.0,0.035939532261863576,0.0362634385054262,0.5754465930025844,0.5668809298641359,0.07182381316940625,0.06849128693912626,0.07137647108747301,0.06686588577747964,0.08332981567030506,0.08480276949129033,0.1714676653851693,0.16867124803489197,0.08227037720727079,0.08254590421979656,0.4726207107305527,0.4730997532606125,0.4772929251194,0.477397084236145,0.4943387508392334,0.4948749393224716,0.22742574661970139,0.22717469185590744,0.2737521827220917,0.2751125991344452,0.48017004132270813,0.48516274988651276,-177.1959686279297,-176.2550659179687,-1.0734965801239014,-0.2558220326900482,-9.633511543273926,-9.404075622558594,0.618859052658081,0.6251893639564514,0.4844463585621259,0.5026213768776705,0.7432484030723572,0.7380983233451843,0.5757224788551247,0.5487580514167804,0.326020210981369,0.32246828079223633,-0.6548434473862975,-0.6649706840722963,0.8494583368301392,0.856957197189331,0.8081530213573548,0.8066291096962291,0.7266996502876282,0.7269037365913391,0.904000311320775,0.8949326514398654,0.7965252995491028,0.7936738133430481,0.6923140020093119,0.6693322244393174,0.27910923957824707,0.27746593952178955,-0.8373506284716441,-0.8385442450622036,0.7804617881774902,0.7825126051902771,0.6571605043043849,0.6451173512460358
268,11.166666666666666,268,11.166666666666666,0.0,0.03812293553270213,0.04319550586514359,0.5739090866123009,0.5778284616702299,0.07354826269942115,0.0725433924835384,0.07407399667940802,0.07305118867710005,0.07667500119108553,0.07543360261321669,0.17468014335132215,0.16621286938862095,0.08230793754420322,0.08269786529740064,0.47127488255500793,0.471609428524971,0.476504921913147,0.4765457808971405,0.4950733482837677,0.49362321197986603,0.23050742596387863,0.23009873926639557,0.2799950838088989,0.27983203530311584,0.4802619069814682,0.48356227576732635,-174.81806945800784,-175.08175659179682,-0.7410240769386292,-1.1050041913986206,-10.513903617858887,-9.923872947692871,0.6208378672599792,0.6261245608329773,0.4870543730665194,0.5124261613819766,0.7314757704734802,0.7288168668746948,0.547249586997373,0.5335199546704166,0.322331964969635,0.32520830631256104,-0.6689839617533329,-0.6513156611430101,0.845970094203949,0.8589079976081848,0.7966664404467643,0.8165165495907127,0.7272766828536987,0.7250754833221436,0.8992651541433966,0.8951018232919523,0.7951791286468506,0.792685866355896,0.6860223281436083,0.6724587837222963,0.27710938453674316,0.27836930751800537,-0.8441196497875596,-0.8324574273440234,0.7822624444961548,0.7857381105422974,0.6578843505312837,0.6573448307072046
269,11.208333333333334,269,11.208333333333334,0.0,0.039528157584702614,0.035799701733633706,0.5787524156043715,0.574706606586605,0.07521529180332276,0.07569305657317553,0.07568294076940418,0.07599227161138078,0.07250463626924093,0.07011960953242899,0.1763803640019171,0.16920529682604554,0.0825667557247984,0.08261647589018335,0.4699942320585251,0.47044114768505096,0.4760235846042633,0.4757572412490845,0.4938792884349823,0.49058398604393005,0.2338809072971344,0.23327791690826416,0.28538545966148376,0.28502824902534485,0.47773265838623047,0.48182278871536255,-173.3976287841797,-173.44747924804685,-1.4724829196929932,-0.17702721059322357,-11.236598014831543,-10.703096389770508,0.6197289228439331,0.6213098168373108,0.49072509575624657,0.5143673921745577,0.7155060768127441,0.7191630601882935,0.5215214056156608,0.525298281617151,0.32364314794540405,0.3264601528644562,-0.6638012635893725,-0.6457786311539946,0.8470298647880554,0.8612576723098755,0.8099997024357897,0.8397921309386122,0.7256593108177185,0.7163878679275513,0.9037791346183175,0.8884713385447547,0.7896068096160889,0.797055184841156,0.684050583959011,0.6976946430847168,0.2769220471382141,0.277222216129303,-0.8459807095219932,-0.8395153162514206,0.7812032103538513,0.7860519289970398,0.6656185114065976,0.6733414587252419
270,11.25,270,11.25,0.0,0.03677809317124469,0.03271781792987401,0.5760603668209275,0.5772215251432438,0.07788373489135686,0.07587458131164243,0.07686155936911623,0.0755230617404103,0.06723191603804078,0.06337971190928365,0.1761416765541362,0.16877549828996122,0.08292399509130695,0.08313542091292798,0.4671369343996048,0.4676433354616165,0.4746021330356598,0.47477054595947266,0.4927794635295868,0.48847678303718567,0.24141435325145721,0.24046310037374496,0.2960401475429535,0.29646486043930054,0.4740157723426819,0.47917352616786957,-170.56976318359375,-169.60563659667966,-2.3097305297851562,-1.463541626930237,-12.56624698638916,-12.079224586486816,0.6104103922843933,0.6188795566558838,0.46183388757346383,0.5136975477379851,0.7014307379722595,0.70921790599823,0.5022336860232526,0.5097471638226695,0.32750648260116577,0.3250958323478699,-0.6488826034191179,-0.6436089615824546,0.8510963320732117,0.8611088395118713,0.8327620784185723,0.8463168840916536,0.7180159687995911,0.7126277685165405,0.8843069756690721,0.8830012458207933,0.7876514196395874,0.7902150750160217,0.6926474111945021,0.6892259114231605,0.2775523066520691,0.27760088443756104,-0.8450090093169159,-0.8307065024891352,0.7795671820640564,0.7876282930374146,0.674793808530287,0.6834939531897319
271,11.291666666666666,271,11.291666666666666,0.0,0.030878684416049084,0.02946763932999915,0.5792129185671667,0.5771787315417528,0.07669985726362484,0.07680357930712091,0.07634967915144719,0.07625677420118342,0.06623546850917388,0.06532241816947969,0.1796841227223705,0.17961676415250105,0.08296956121678556,0.08282507364197206,0.46578243374824524,0.46604785323143005,0.4726708233356476,0.47316262125968933,0.4923778772354126,0.4858952462673187,0.24507445842027664,0.24500035494565964,0.3008400499820709,0.3013755679130554,0.47517654299736023,0.4767567813396454,-170.24691772460938,-169.5274810791015,-0.33342230319976807,-0.8780997395515442,-12.454248428344728,-12.596318244934082,0.609087347984314,0.6181017160415649,0.45743571160648583,0.5243456309200336,0.70549476146698,0.7046418190002441,0.5077790588511553,0.5083973558937785,0.3260854184627533,0.32596927881240845,-0.6517732342144108,-0.6342842558978676,0.8489937782287598,0.8610188961029053,0.8241491495957314,0.8572648960251168,0.7134352922439575,0.7101216912269592,0.8664211678063486,0.8893071341522343,0.7907028794288635,0.7898014187812805,0.6956360952274183,0.6983831303092657,0.27943623065948486,0.27897006273269653,-0.8346119043045462,-0.8206883982227098,0.774479866027832,0.786613404750824,0.6598694653392488,0.6912708691433953
272,11.333333333333334,272,11.333333333333334,0.0,0.03151335169329547,0.03106123858311348,0.5807177165305332,0.5765826087929051,0.0787070702669827,0.0774949588567447,0.0784847049746765,0.0767017150925916,0.06196177320610122,0.06615755554015142,0.1786045331616801,0.18406725530443335,0.08288323279774125,0.08232242721156062,0.4642217457294464,0.4646766185760498,0.47160816192626953,0.4714581370353699,0.4900452196598053,0.4860016107559204,0.24826940894126892,0.24874921143054962,0.30551856756210327,0.3069419860839844,0.47281742095947266,0.48127374053001404,-168.86117553710938,-168.36709594726557,-0.6027722358703613,0.8163271546363831,-12.936637878417969,-12.509369850158691,0.6054462790489197,0.6145172715187073,0.4594273723259754,0.4992553951623155,0.7096748948097229,0.71732497215271,0.5304160911874841,0.5158168331420321,0.3290436267852783,0.3277495205402374,-0.6409693216526725,-0.6147749571293564,0.8538194298744202,0.8628329038619995,0.8532118198263555,0.8337793365163052,0.709926962852478,0.7041353583335876,0.8753792385635032,0.8474021741687962,0.784662127494812,0.8051759004592896,0.6983416972628834,0.7077878189156586,0.27829188108444214,0.28006109595298767,-0.8430189500678751,-0.8000341163684904,0.7718957662582397,0.7917143106460571,0.6697528445840304,0.678371685058677
273,11.375,273,11.375,0.0,0.035331310830935256,0.02987338459169258,0.5727390094049046,0.5773289715479976,0.08052899111580378,0.0777020203272441,0.08037509125547287,0.07852053962198008,0.05605054209424318,0.057671810022310185,0.17699958079299508,0.17904794514413738,0.0825964639369973,0.08261416546747202,0.4623519331216812,0.46277694404125214,0.46980804204940796,0.4696230888366699,0.4894314110279083,0.4845467209815979,0.25094500184059143,0.25136157870292664,0.30989187955856323,0.3102192282676697,0.47440895438194275,0.47843797504901886,-167.62754821777344,-167.7930297851562,0.33505332469940186,0.9785482287406922,-13.241857528686523,-12.807028770446777,0.6028885245323181,0.604215681552887,0.44749530214842,0.4701565422426857,0.7226428389549255,0.7178866267204285,0.5507320363970108,0.529170819543335,0.32765647768974304,0.3280051052570343,-0.6380694910891508,-0.615022177971536,0.8544632196426392,0.8591402173042297,0.8431889135862707,0.8413349422933054,0.7074776887893677,0.7002310156822205,0.8600138143423689,0.8473824935755837,0.7781049013137817,0.7942653894424438,0.6737802439300581,0.6979644718908903,0.2816065549850464,0.2783259451389313,-0.819698685047524,-0.8102021313290639,0.7782109379768372,0.786530077457428,0.6740154970159843,0.6808697780850911
274,11.416666666666666,274,11.416666666666666,0.0,0.036038126483132045,0.038046085255665836,0.5673779289851882,0.5758791649406204,0.08489080597932303,0.08749026706306044,0.08516528986499797,0.08830763352070155,0.055581688357968985,0.050135219966543805,0.1782785251205311,0.17594189944332375,0.08262091688942332,0.0823470934423019,0.45917747914791107,0.45955662429332733,0.4664855897426605,0.4661117196083069,0.489492729306221,0.48565226793289185,0.2556971609592438,0.25577904284000397,0.3177790343761444,0.3172871768474579,0.4776991009712219,0.47863009572029114,-165.3260498046875,-166.13740539550776,2.6019930839538574,3.58225417137146,-13.235431671142578,-12.976216316223145,0.6020951271057129,0.5988153219223022,0.44791487737488267,0.44786571208147974,0.7407519817352295,0.7375483512878418,0.5885907572784087,0.5764058162721792,0.3262452483177185,0.3283974230289459,-0.6493731648497235,-0.6223679072655552,0.8494246006011963,0.8576083183288574,0.8317498469944076,0.8436842403145223,0.6987473964691162,0.6913340091705322,0.8323826171915945,0.8140271604032062,0.779466986656189,0.7809659838676453,0.6752170432110384,0.6730624845820659,0.28218016028404236,0.2790757417678833,-0.8246572519458379,-0.8175684530294464,0.7748384475708008,0.7820267677307129,0.6648605121688811,0.6754240097944907
275,11.458333333333334,275,11.458333333333334,0.0,0.03155604345658212,0.029737140554918304,0.5634596357294189,0.5641265669240182,0.0849568686825852,0.083289584798302,0.08551159165424836,0.08410353548679535,0.050958441623364416,0.05123635016959949,0.1771984109132943,0.17580737147776027,0.08257677195302737,0.08393919042387742,0.4572775959968567,0.45750388503074646,0.4644872546195984,0.46399563550949097,0.4890540540218353,0.484764039516449,0.25717809796333313,0.25769054144620895,0.31739526987075806,0.3189588785171509,0.4807053357362747,0.48123806715011597,-166.90509033203125,-165.55340576171872,2.8128409385681152,3.6469063758850098,-13.471338272094727,-13.00900650024414,0.6061432957649231,0.6059656143188477,0.465834994508042,0.480990416999637,0.7658592462539673,0.7619728446006775,0.6381414804117667,0.6266815432429109,0.3274988532066345,0.33042097091674805,-0.642741083332171,-0.6125129731012745,0.847258985042572,0.8579413890838623,0.8203046838599916,0.8409112019466295,0.6923941969871521,0.6904047727584839,0.8089808506006887,0.8160885879202285,0.7686538100242615,0.7614127397537231,0.644395391004271,0.6254312265808472,0.27867811918258667,0.2802603840827942,-0.8369724749391927,-0.8115760761801338,0.7766553163528442,0.7791003584861755,0.6623018369820796,0.6649151277355501
276,11.5,276,11.5,0.0,0.031738331884206286,0.02960929527342196,0.5673831371841964,0.5650228449205306,0.08264881455019794,0.08380718943852869,0.08307915659153627,0.08419169019468628,0.05233362926570435,0.051410301053340685,0.18062824163954921,0.17720251681154764,0.08181022238809231,0.08327822840282065,0.455568328499794,0.4559551775455475,0.4625170826911926,0.4621981084346771,0.48820801079273224,0.48348745703697205,0.2580610364675522,0.25826986879110336,0.31816595792770386,0.3188242018222809,0.4775516092777252,0.48000703752040863,-167.30653381347656,-166.5826568603515,3.549513101577759,4.000692844390869,-13.403676986694336,-12.95556926727295,0.603413462638855,0.6031985878944397,0.4591402169181962,0.47793887525257434,0.7874864935874939,0.7738011479377747,0.6948087685897741,0.6597865164805632,0.3288503885269165,0.3298996686935425,-0.6351044337070327,-0.6131892188103082,0.8467063307762146,0.8577739000320435,0.8275671776498449,0.8483678651837624,0.681858241558075,0.6842561364173889,0.7717743174048457,0.8015558463253412,0.7584108114242554,0.7491447329521179,0.6296272096802704,0.6044145073916974,0.2789343595504761,0.2795756757259369,-0.8340399528571982,-0.8141044756028682,0.7765517234802246,0.7786494493484497,0.670295315804477,0.6706745628544432
277,11.541666666666666,277,11.541666666666666,0.0,0.029059680276249805,0.025812779910533545,0.5695598608079062,0.5700404672472871,0.08433900435846654,0.08702626723861573,0.08455634054674593,0.08738313825299526,0.051577715456827364,0.05141986358518019,0.1797976368541983,0.17677051002095284,0.0823764038407184,0.08400997467370225,0.45396171510219574,0.4542649984359741,0.4610801041126251,0.4607789218425751,0.4872288405895233,0.4837913066148758,0.2583036422729492,0.25826597213745117,0.3184170722961426,0.31910866498947144,0.4769476503133774,0.47866159677505493,-166.57196044921875,-166.06733703613276,3.712451696395874,4.003840923309326,-13.63963794708252,-13.284981727600098,0.6051598787307739,0.60556960105896,0.471311713651794,0.48264349203916795,0.7955546975135803,0.7809551358222961,0.7162390844461594,0.6739194009049555,0.32771581411361694,0.3297121822834015,-0.6374942427632746,-0.6106612591115367,0.8462694883346558,0.8591213226318359,0.8302475963882718,0.8481795255233572,0.6783211827278137,0.6834477186203003,0.7637010634219918,0.7912975652861931,0.7470412254333496,0.7435160279273987,0.6071792091816469,0.5904543647600636,0.27886199951171875,0.2790571451187134,-0.8327386452662805,-0.8114221922330349,0.7775170803070068,0.7796143293380737,0.6756899297832104,0.6709302682049165
278,11.583333333333334,278,11.583333333333334,0.0,0.03742062255897271,0.03355012123776462,0.5466520248646435,0.540123604162519,0.09389289801377423,0.09360986835763709,0.09543523382834497,0.09473975617382524,0.047063277490736466,0.04652805801368258,0.17626782253351986,0.17368500385665422,0.08268547430446531,0.0832273235323879,0.45194683969020844,0.45242828130722046,0.457643061876297,0.4579373896121979,0.48589761555194855,0.48225852847099304,0.2555847018957138,0.25553644448518753,0.3156512975692749,0.31583166122436523,0.4787372648715973,0.4809788763523102,-167.25070190429688,-166.95503234863276,6.872030735015869,6.2488441467285165,-12.952484130859375,-12.741011619567871,0.6055934429168701,0.6059355139732361,0.4787418055654925,0.4908572214551985,0.7982542514801025,0.7777888178825378,0.7188509000312845,0.6626241553114619,0.32815414667129517,0.3275430500507355,-0.630919178810236,-0.614044800211451,0.8468232750892639,0.8582364320755005,0.8281217300603161,0.8422223592213717,0.6806743144989014,0.6849520206451416,0.7790392579990473,0.8044630451786775,0.7550681233406067,0.7509729862213135,0.621690534908097,0.6027581760525308,0.27762407064437866,0.279042512178421,-0.8330219618816621,-0.8065368727050447,0.7767699956893921,0.7805545926094055,0.6705155148751344,0.6687987097509931
279,11.625,279,11.625,0.0,0.038358137280659774,0.036161080237024336,0.536938289014473,0.5359662112020395,0.0888750948831569,0.09077624557475224,0.08922538677571269,0.09078482016737299,0.04983207243514143,0.0477224719362427,0.1775124078151214,0.1756318596655084,0.08323356350075387,0.08364748219606875,0.45085443556308746,0.4510480910539627,0.4556988477706909,0.4560970664024353,0.48595499992370605,0.4809018671512604,0.25298504531383514,0.2529565840959549,0.31153684854507446,0.3118186593055725,0.4803260266780853,0.4846951514482498,-168.6935577392578,-168.3128051757812,8.161279678344727,7.586418151855469,-12.758262634277344,-12.844921112060547,0.6055311560630798,0.6018232703208923,0.4732861344907517,0.4792774654221168,0.7992941737174988,0.7839939594268799,0.7101482728180977,0.6672849744678999,0.3283800780773163,0.3262011706829071,-0.6236864276389231,-0.6131632263510579,0.8481084108352661,0.8583645224571228,0.8188279215537819,0.8330937178703871,0.68447345495224,0.6882875561714172,0.7857422017815917,0.8219825836702009,0.7680540084838867,0.755721926689148,0.6405954049561532,0.6042526397554272,0.27803537249565125,0.27672603726387024,-0.8229523337034128,-0.8092601614257589,0.7763991355895996,0.7828336358070374,0.6591749328982872,0.6646980396175065
280,11.666666666666666,280,11.666666666666666,0.0,0.04712367364991375,0.043240392392082466,0.5267726286135178,0.5260561494790991,0.09263543304532301,0.09251156749146512,0.0915322431183376,0.09194288057871641,0.046768288406811374,0.04379067815772963,0.17572568342673656,0.17264171066264702,0.08229835436962328,0.08315067542797402,0.44919802248477936,0.4498041868209839,0.4540629982948303,0.45399537682533264,0.4857988953590393,0.48186543583869934,0.24984870105981827,0.2503541558980942,0.30512735247612,0.30661246180534363,0.48117008805274963,0.4868801534175873,-171.47943115234375,-170.7494049072265,8.722023010253906,9.427227973937988,-13.211421012878418,-12.777862548828127,0.6017625331878662,0.6037822961807251,0.4579929449556202,0.4777538227768043,0.7923958897590637,0.7856621742248535,0.6914090794135659,0.6585934207309168,0.3277941942214966,0.32313334941864014,-0.6240321513337943,-0.6220211123529109,0.8491337895393372,0.8550393581390381,0.817456145048427,0.8115188101210457,0.6924275755882263,0.6931666135787964,0.8160702746333964,0.8280228439230407,0.7806071043014526,0.7735409140586853,0.6652194985498867,0.6318750051621445,0.2791988253593445,0.2775490880012512,-0.8159572798748125,-0.8006514928394043,0.7790809869766235,0.7864289283752441,0.6618291261294378,0.6602835466541601
281,11.708333333333334,281,11.708333333333334,0.0,0.039638649652344676,0.037670425570528576,0.5183572175170645,0.5306452742936552,0.09054407282401755,0.09491495323827093,0.0900850969260786,0.094370211061984,0.046335417669148456,0.04007325464147094,0.173925148048944,0.16622389032061236,0.082801277465486,0.08251498579164417,0.4484065771102905,0.4485013782978058,0.45232024788856506,0.45226946473121643,0.4854648858308792,0.48354655504226685,0.24672944098711014,0.24722763895988464,0.3012952506542206,0.30259060859680176,0.48141440749168396,0.487275630235672,-172.10179138183594,-171.62863159179682,10.449604034423828,10.29420280456543,-12.806193351745605,-12.395861625671387,0.5994913578033447,0.6013723611831665,0.44952615305838317,0.458150283388913,0.7821959853172302,0.7756208181381226,0.6669957035341882,0.630670873864133,0.32862675189971924,0.3238954246044159,-0.6183024150388031,-0.6207826031420797,0.850476861000061,0.8542678356170654,0.8184113954234542,0.8026882520665146,0.6969984769821167,0.6978114247322083,0.8339281206192403,0.8331410069144436,0.785668671131134,0.7796303629875183,0.6746965292773839,0.6394405820474418,0.2783753275871277,0.2747195065021515,-0.8164084255658897,-0.811996748433141,0.7797510027885437,0.7911224365234375,0.6615738527225806,0.6645761361107231
282,11.75,282,11.75,0.0,0.020103250321649283,0.024593250458464545,0.539756103978105,0.5214408267110271,0.08680572232043958,0.08916470959102024,0.0866618044139951,0.08900715147129358,0.0564063708282319,0.04924931016850709,0.17520970410412334,0.1671818480052204,0.08312095922158838,0.08315474991568866,0.44723592698574066,0.4473856985569,0.45021867752075195,0.45059993863105774,0.4863668978214264,0.4857615679502487,0.24224397540092468,0.2421817034482956,0.2940996587276459,0.29493987560272217,0.4821096658706665,0.4858299493789673,-173.55027770996094,-172.6505279541015,8.504664421081543,8.772451400756836,-12.079120635986328,-11.918672561645508,0.6013802886009216,0.6090505123138428,0.45232792502507724,0.4748553352314518,0.7833725214004517,0.7729411721229553,0.6664584948805942,0.6220279267826246,0.32348549365997314,0.321571409702301,-0.6405846055853887,-0.6323890032394263,0.8476458787918091,0.8522268533706665,0.8086450414186274,0.7938007591321204,0.7036511898040771,0.6970516443252563,0.8545418256686822,0.8137973811523718,0.7918946743011475,0.7834107279777527,0.6853113374766455,0.644710272879912,0.2768145203590393,0.27656322717666626,-0.8241335329671193,-0.8057409263310779,0.7818159461021423,0.7861467003822327,0.6630150141745004,0.6506377710328165
283,11.791666666666666,283,11.791666666666666,0.0,0.01900326881188043,0.020956831473752525,0.5483560232283603,0.5290019092966162,0.08717436664686379,0.08766713090323694,0.08803080428941408,0.08782581754771426,0.05565535821706387,0.05460749079711569,0.17077632594324962,0.16586688132742325,0.08313595623445585,0.08311757985305798,0.4472492039203644,0.44736412167549133,0.4495244026184082,0.44964542984962463,0.4859819710254669,0.48337414860725403,0.23868004977703094,0.23817819356918335,0.2882556617259979,0.2902809679508209,0.48210105299949646,0.4834054410457611,-175.4306640625,-173.27551269531244,7.706133365631103,9.168591499328613,-11.56205940246582,-10.959343910217285,0.6078931093215942,0.6157001852989197,0.4796978762059473,0.5113560297534584,0.790469765663147,0.7781561017036438,0.6825229259119342,0.6407009829308082,0.3202422261238098,0.31992265582084656,-0.6521553710631376,-0.6316361352474305,0.8462799191474915,0.851770281791687,0.8060494306688452,0.8007164937859268,0.7057433128356934,0.7020698189735413,0.8647204054683464,0.8451197702184277,0.7904201745986938,0.7699926495552063,0.6824131643277668,0.6229560462309601,0.2770255208015442,0.2775017023086548,-0.8222051470676294,-0.7955661592146386,0.7810044288635254,0.7845165729522705,0.6615729750838613,0.6545267710454219
284,11.833333333333334,284,11.833333333333334,0.0,0.024287254548345384,0.02066544428750586,0.5495107066498919,0.5423641649577629,0.08594830658899327,0.08269550272420123,0.08641576091862581,0.08332050164250052,0.05395973785852175,0.05736235070627643,0.16652509140499747,0.17066993308199213,0.0827333278766508,0.08254623473486222,0.44712309539318085,0.44759470224380493,0.4490801692008972,0.44940200448036194,0.48628365993499756,0.48507826030254364,0.23545347154140472,0.23496530950069427,0.28346750140190125,0.2858962416648865,0.4817807376384735,0.4819594770669937,-176.1761932373047,-174.16210937499994,8.038405418395996,9.880586624145508,-11.318971633911133,-10.963043212890625,0.6126717329025269,0.6175379157066345,0.49522320050399055,0.5154795668397211,0.7958657145500183,0.7788057327270508,0.6922525770226661,0.6498033351029981,0.3240150213241577,0.32340556383132935,-0.6358131164396408,-0.6291649430353071,0.8487093448638916,0.8589376211166382,0.8087215008907254,0.8252138963980163,0.7083896398544312,0.7025443315505981,0.8702722625973995,0.8462902599837278,0.7845412492752075,0.7711682319641113,0.6672931206775151,0.6330846688810696,0.27719178795814514,0.27664634585380554,-0.8192794114864784,-0.8111329645833509,0.7824416160583496,0.7822073698043823,0.6626654669786194,0.6572495975217209
285,11.875,285,11.875,0.0,0.03167035571032961,0.03155645731677907,0.545047598916458,0.5429762518157111,0.0812298728241463,0.07894627414553694,0.08024119516893748,0.07863685076325673,0.05825284421864629,0.06046338870091002,0.1670624914506036,0.16943893857407433,0.08286124751408497,0.08284116727273462,0.44797946512699127,0.4483158439397812,0.44966742396354675,0.4500739574432373,0.4862314760684967,0.484513595700264,0.23316621035337448,0.23215308785438538,0.2784240245819092,0.28059056401252747,0.48277512192726135,0.48318997025489807,-178.1815185546875,-176.225845336914,7.737428188323975,9.062206268310547,-11.378833770751953,-10.89649772644043,0.6202252507209778,0.6175419092178345,0.5264133979448831,0.5171635817577377,0.8053140640258789,0.7937518358230591,0.7127660353439578,0.6791324824810854,0.3275746703147888,0.3258950412273407,-0.6233055859535349,-0.6166487238343963,0.8549044132232666,0.8577036261558533,0.8223537842178199,0.818981391645653,0.7082058787345886,0.7029500603675842,0.8720576748233244,0.8491980501498879,0.7836359739303589,0.7700111269950867,0.664860482511554,0.6272166218756471,0.2749674320220947,0.275844007730484,-0.8299805239346218,-0.8112281413242832,0.7865879535675049,0.7860884666442871,0.6713839454109312,0.6623743305263142
286,11.916666666666666,286,11.916666666666666,0.0,0.063574144355586,0.06468381457975744,0.5261083823680809,0.5360491238880712,0.07641745519521627,0.07304812836895792,0.07396158076720032,0.07016398020705238,0.06087922532979248,0.0652098912747914,0.1634176351847266,0.16723786379781097,0.08392831543185762,0.0828255781609116,0.4501805305480957,0.45046205818653107,0.452473908662796,0.45283713936805725,0.4863971173763275,0.48472699522972107,0.22775042057037354,0.22736269235610962,0.27111414074897766,0.2717495262622833,0.482953742146492,0.483328178524971,-179.4947662353516,-178.5425109863281,5.39707088470459,5.968057155609131,-11.388328552246094,-11.148849487304688,0.6305134892463684,0.6292113065719604,0.5628023980038099,0.5603682503639772,0.8183067440986633,0.8080386519432068,0.7366604332694662,0.7083887445827524,0.3311748504638672,0.333759605884552,-0.6061730732487342,-0.585512233428475,0.8523204326629639,0.8614834547042847,0.8113773387660924,0.824983988135702,0.7086120247840881,0.7006921768188477,0.8677923343370021,0.837599804590395,0.7769747972488403,0.7578521966934204,0.6458677172448049,0.5989019157311823,0.2739391624927521,0.2745892405509949,-0.8296895413887273,-0.814998700072064,0.7920688390731812,0.7875446081161499,0.6790243710555025,0.6636789148527655
287,11.958333333333334,287,11.958333333333334,0.0,0.06618557441453597,0.06910573561463786,0.5349661522801943,0.5395981320790051,0.07428194847189915,0.07136460430704877,0.07094952886550963,0.06802636991158986,0.0652723937489843,0.07046723683711832,0.160361022951821,0.1683595007019724,0.08312316311423279,0.08266519693961694,0.4521428346633911,0.45237354934215546,0.45438873767852783,0.45447900891304016,0.4871097803115845,0.48525144159793854,0.22583795338869095,0.22512726485729218,0.26816442608833313,0.2683427035808563,0.4832814335823059,0.4834927171468735,-179.73545837402344,-179.03614807128903,4.0093512535095215,5.232853889465332,-10.693643569946289,-10.682215690612793,0.6292937397956848,0.6274086833000183,0.5546642126636437,0.5576253108745617,0.8245689272880554,0.820560097694397,0.7488976064335627,0.7437256209731639,0.33640480041503906,0.3429069519042969,-0.5879049881724183,-0.5583598089434266,0.8590973615646362,0.867378830909729,0.8246644079147925,0.8470292731307489,0.708882212638855,0.7042253613471985,0.8651414126715339,0.8589460418027792,0.7748630046844482,0.7566748857498169,0.6398263771915454,0.6027654697793402,0.2725635766983032,0.27382948994636536,-0.8369516613471556,-0.8293227281553975,0.79356849193573,0.7863365411758423,0.6808724011098324,0.6682127197178506
288,12.0,288,12.0,0.0,0.06239823637777162,0.05944393771842341,0.5373683434905366,0.5423854426355064,0.07454221972545184,0.07058731551863559,0.07123460815410251,0.06717660442538094,0.06229246892166231,0.07257041277191507,0.15377830853180693,0.16477943661482716,0.08294714256834859,0.08281428000689799,0.4539823532104492,0.45473431050777435,0.4563625454902649,0.45651763677597046,0.4864593893289566,0.48580409586429596,0.223475843667984,0.22317129373550415,0.2646390497684479,0.26553672552108765,0.4834304749965668,0.4828997254371643,-180.44442749023435,-179.68093872070307,3.009406089782715,4.997066020965576,-10.438618659973145,-10.031435012817383,0.6301046013832092,0.6278344392776489,0.5615396853037097,0.5616506994107069,0.8258450627326965,0.8318302035331726,0.7529464408432227,0.7761516752452965,0.3370434045791626,0.35084977746009827,-0.5840988631354751,-0.5336689717043014,0.8596107363700867,0.8777951002120972,0.8271948657016247,0.8783947689254309,0.7100849151611328,0.7026380300521851,0.8741997425869592,0.8574571311017017,0.7723680138587952,0.7526689767837524,0.6353540395304835,0.6000675478532213,0.27294790744781494,0.2748183608055115,-0.8346617936627251,-0.8343307691411779,0.795324444770813,0.7842152118682861,0.6858336731931335,0.6702381541646762
289,12.041666666666666,289,12.041666666666666,0.0,0.06083750334649168,0.05019065156897286,0.5362313243954794,0.5363636413439694,0.07163920528594278,0.07082463555036535,0.06824686321941316,0.06691007509253198,0.06379482342084436,0.07590542086604209,0.15120154539211955,0.16097805331852316,0.08305865596442978,0.08262663282760538,0.45633643865585327,0.4572852998971939,0.4590291380882263,0.4594271183013916,0.48780179023742676,0.4863407015800476,0.2212911769747734,0.2212509885430336,0.26277345418930054,0.26321327686309814,0.48288145661354065,0.4826935827732086,-180.2122039794922,-179.75941467285153,1.9133309125900269,3.655268907546997,-10.117545127868652,-9.36519718170166,0.6271206736564636,0.6258135437965393,0.5464237199906354,0.5534733254473138,0.836510956287384,0.8396813273429871,0.7801723812095982,0.7968615605191264,0.34002119302749634,0.34690696001052856,-0.5796114761199265,-0.553318161440019,0.8616952896118164,0.877396821975708,0.835733699812883,0.881049402723626,0.7104696035385132,0.707122802734375,0.8733272323192803,0.87613474984223,0.777501106262207,0.7551081776618958,0.6499856879291314,0.6080789116522571,0.2730342447757721,0.2745465040206909,-0.842341527899295,-0.8404678428483459,0.7904793620109558,0.7834779024124146,0.6786181314916371,0.6714052960452028
290,12.083333333333334,290,12.083333333333334,0.0,0.04884113120324485,0.041002368565137684,0.5517090069196445,0.5313320400041242,0.06921355282285777,0.06882372050092973,0.06336623786694454,0.06297740989228183,0.07453219211764595,0.08036149987320039,0.15477538198251337,0.15850159736767566,0.08195804964777306,0.08201532918189236,0.4628651738166809,0.4626011848449707,0.46514564752578735,0.464211106300354,0.48897334933280945,0.4876580536365509,0.21858690679073334,0.2191595733165741,0.25983643531799316,0.2602294385433197,0.48157790303230286,0.4819638580083847,-180.01464843749997,-179.46940612792963,2.7867767810821533,4.844305038452148,-9.007712364196777,-8.58989429473877,0.6269938945770264,0.6273565888404846,0.5437013712267402,0.5499024375531888,0.8468870520591736,0.8438869118690491,0.8094681502241549,0.8013690529696864,0.33766698837280273,0.3505604565143585,-0.5960378998917967,-0.5396642329149901,0.859834611415863,0.8781092762947083,0.8381579242150219,0.8771441202875372,0.708838164806366,0.705925703048706,0.8661087481285374,0.8591780312909765,0.778182327747345,0.7582440376281738,0.657229187010382,0.6117388310429164,0.2744481861591339,0.2758312225341797,-0.8450743704409087,-0.8338247111347057,0.7873349785804749,0.7844813466072083,0.6775100350517659,0.6698334100555495
291,12.125,291,12.125,0.0,0.05496715026854001,0.0447211078849385,0.5518054553205614,0.5246132017362262,0.07630684447391868,0.06957260779841049,0.07369287752589937,0.06486139799958247,0.06254627051431895,0.08071294399202038,0.1404493536780646,0.1510616676636252,0.08209474862448884,0.08211971606438659,0.4630369544029236,0.46430014073848724,0.4651198983192444,0.46611714363098145,0.48910489678382874,0.4892834424972534,0.21750261634588242,0.21829910576343536,0.25859543681144714,0.2598988115787506,0.4815819710493088,0.4820731580257416,-180.272705078125,-178.92173767089838,2.6876418590545654,3.5334901809692383,-8.710959434509277,-7.931050300598145,0.6270985007286072,0.6279240846633911,0.5428610128463165,0.5445325169306093,0.8479723334312439,0.8450323343276978,0.8107673733624755,0.8018877241464412,0.34001559019088745,0.3544673025608063,-0.5865110386854391,-0.5295111942318547,0.859441876411438,0.8773123621940613,0.8361477659450356,0.8732041690008551,0.7094146013259888,0.708471417427063,0.8666890778176186,0.8608945963076646,0.7801483869552612,0.7604725360870361,0.6606830682570723,0.6150692922325572,0.27398815751075745,0.2761964797973633,-0.846260171657726,-0.8369319292752849,0.7863596677780151,0.7852611541748047,0.6744277088233308,0.6698349238544431
292,12.166666666666666,292,12.166666666666666,0.0,0.12278878293502132,0.07885817637796093,0.5389980581197289,0.5223969373251788,0.07491759065657545,0.07505066013064941,0.06977341726913638,0.0696006369020445,0.07358913717101602,0.07916753922951268,0.14341625003634875,0.14413831260957427,0.08208062674476121,0.08260830378473903,0.46726445853710175,0.46774229407310486,0.4688247740268707,0.46894779801368713,0.4899543523788452,0.49014362692832947,0.21766714751720428,0.2177799791097641,0.25742077827453613,0.2594887912273407,0.4827767610549927,0.4824064373970032,-180.3666534423828,-179.2003784179687,3.966894149780274,4.682130336761475,-7.764315605163575,-7.327116012573242,0.6277163028717041,0.623956561088562,0.5409141702151765,0.5247710628446727,0.8520921468734741,0.8491271138191223,0.815678477791348,0.8089649568761113,0.3438431918621063,0.354387104511261,-0.573696850743886,-0.5323931875792736,0.8617700338363647,0.8788087368011475,0.837053282116471,0.8744409291881504,0.7096952795982361,0.7058402299880981,0.8627997853104704,0.8458923373141255,0.7794593572616577,0.771415650844574,0.6552600236914569,0.6375378889852832,0.2726771831512451,0.2759708762168884,-0.8531259849252937,-0.8399162811020057,0.7884199619293213,0.7867938876152039,0.675050621798307,0.6714614047449003
293,12.208333333333334,293,12.208333333333334,0.0,0.14842179275003015,0.11347841093751683,0.5397123865771742,0.5232188059704653,0.07998952653474613,0.07804082894228147,0.07652310202450682,0.07356169609066623,0.06676764222106424,0.07779929206692687,0.13086944191429328,0.13514939067228843,0.08197205772790211,0.08229713998459427,0.470252126455307,0.47019557654857635,0.47252902388572693,0.47216925024986267,0.49116671085357666,0.4911156892776489,0.2170434072613716,0.21737273037433624,0.2570750415325165,0.2594732642173767,0.48442041873931885,0.48198796808719635,-179.9766082763672,-178.818862915039,1.8209091424942017,2.06793212890625,-7.408941745758056,-6.764272689819336,0.6268189549446106,0.6262550950050354,0.5312803390130616,0.5288358094069294,0.8530323505401611,0.8459247946739197,0.8120610446922912,0.8011011976047298,0.33784767985343933,0.3579429090023041,-0.6004720918014723,-0.5211398900921094,0.8630154728889465,0.8770557045936584,0.8340541058616343,0.869626852051752,0.710205078125,0.70573890209198,0.8578610608368176,0.8398767173443414,0.78360915184021,0.7692488431930542,0.6591200506589721,0.6323213653055482,0.27139973640441895,0.27668464183807373,-0.8607146418519189,-0.8391247240160297,0.7876065373420715,0.7879040241241455,0.6679263880740978,0.6733853266682738
294,12.25,294,12.25,0.0,0.14508503235232761,0.13338828804476874,0.5389655889204896,0.5386295266432054,0.07650181096227855,0.07482058067013539,0.07078915970237726,0.07017961154078739,0.07919009230243372,0.08179590572701806,0.131556861303258,0.13227602056885657,0.08303461996140125,0.08263627806068222,0.47466227412223816,0.47462016344070435,0.47640615701675415,0.4759174585342407,0.493756040930748,0.49246856570243835,0.21752839535474777,0.21799631416797638,0.2590440809726715,0.26016882061958313,0.48333093523979187,0.48134440183639526,-179.646240234375,-179.21638488769526,2.476771354675293,3.3649213314056396,-6.145997524261475,-5.787944793701172,0.6244252324104309,0.6271231770515442,0.5134565588225398,0.5273727132653511,0.8542703986167908,0.8450049757957458,0.8198909035875459,0.8011524610426292,0.33548808097839355,0.35594242811203003,-0.6219042237024535,-0.5347025169901126,0.8609472513198853,0.875216007232666,0.8346488124550028,0.8677080458914566,0.7108702659606934,0.7074230909347534,0.8531370064582634,0.8418660903229744,0.789781928062439,0.7725082635879517,0.6773514446892375,0.6414405660455496,0.273867130279541,0.2769719362258911,-0.8640399631137262,-0.8439892332535361,0.7831023931503296,0.7896275520324707,0.6625876073105545,0.6791547452850019
295,12.291666666666666,295,12.291666666666666,0.0,0.15648113711471856,0.13891496060424358,0.559809292592841,0.5464978120006059,0.07982180798667263,0.07626285847279952,0.0766066938104048,0.07280926033784012,0.07887165282259347,0.08730770009823251,0.1273722691499352,0.1334014720578068,0.08244784525755257,0.0827602016441777,0.477152481675148,0.47756603360176086,0.4790588617324829,0.47942620515823364,0.49468520283699036,0.49354663491249084,0.21761124581098557,0.21798600256443024,0.26009058952331543,0.26081618666648865,0.48479101061820984,0.48289942741394043,-179.3003387451172,-178.95935058593744,1.529374361038208,0.6764230132102966,-5.624283790588379,-5.366434097290039,0.6245372295379639,0.6273325681686401,0.508257599868701,0.5206506376407686,0.8544301986694336,0.8457821011543274,0.8138337256764093,0.7943734338599261,0.3342926502227783,0.3519158661365509,-0.6277971618898313,-0.5511801448629206,0.8612443804740906,0.8745418787002563,0.8288364936317157,0.8573304304305357,0.7114877104759216,0.7087005972862244,0.84859300988679,0.8373081158416439,0.7902919054031372,0.7787455916404724,0.6726205971587623,0.6476262174452838,0.27250760793685913,0.2774314880371094,-0.8696317954942989,-0.8410487282624974,0.7833982706069946,0.7887526750564575,0.6574428977401071,0.6695323645041703
296,12.333333333333334,296,12.333333333333334,0.0,0.15140413918713558,0.1282728295127475,0.5667994619832155,0.5405767439024917,0.0793837319461493,0.07463249329750486,0.07589453348324732,0.07122558429557257,0.08161205156177664,0.09010958819019582,0.12559095235308282,0.1304764284165096,0.08208142854281567,0.0824779878757223,0.47926005721092224,0.47962686419487,0.4809828996658325,0.48136386275291443,0.49515508115291595,0.4949425160884857,0.21801147609949112,0.2180597260594368,0.26056045293807983,0.2615757882595062,0.4850571006536484,0.483503133058548,-179.2068634033203,-178.4373168945312,1.2435224056243896,-0.03171507641673088,-5.162319183349609,-4.707015037536621,0.6256173253059387,0.6278656125068665,0.5096731897803054,0.5132166539011235,0.8544002771377563,0.8452632427215576,0.8116327279873008,0.785676013983488,0.3313358724117279,0.3508746325969696,-0.6399879076775215,-0.5562467253050583,0.8592925071716309,0.8760388493537903,0.8223834180261238,0.852514936520471,0.7126904129981995,0.7086874842643738,0.8498391790766542,0.8252702525839017,0.7903997898101807,0.7810578942298889,0.6709914668797411,0.6462338783474012,0.2725386321544647,0.2785780727863312,-0.8696894369341296,-0.8353840574492977,0.7841509580612183,0.7879058718681335,0.6572596405402819,0.6611064185500123
297,12.375,297,12.375,0.0,0.1339625808904757,0.11764329786443353,0.5702156460872547,0.555156438095088,0.07746552853015816,0.0756323387731808,0.07442078632096645,0.07357841953534479,0.08399098899655422,0.08770281096444196,0.12472003950525033,0.12578273222300185,0.08231373088905662,0.081810009385775,0.481061652302742,0.4812087416648865,0.4829958379268646,0.48312899470329285,0.496745228767395,0.4966888427734375,0.21805985271930695,0.21809600293636322,0.2615521550178528,0.26269933581352234,0.48489342629909515,0.48421013355255127,-178.81851196289062,-177.78034973144526,0.16306985914707184,-1.0201750993728638,-4.834085941314697,-4.433416843414307,0.6282373666763306,0.6280112862586975,0.5119038437498941,0.5054044999957356,0.8541557192802429,0.8478562831878662,0.8086230055341458,0.7872300613603593,0.3281112313270569,0.34921905398368835,-0.6564985013507239,-0.5675487973700821,0.85722416639328,0.8782519698143005,0.8153423943643324,0.8530313857302582,0.7135522961616516,0.7102533578872681,0.8440380764675386,0.8219194230120483,0.7933385372161865,0.7825931906700134,0.6754434919918156,0.6459469256007208,0.27286916971206665,0.2781222462654114,-0.8715579271619176,-0.8411703170624255,0.7853096723556519,0.7866867780685425,0.6578616133165281,0.6548088235258324
298,12.416666666666666,298,12.416666666666666,0.0,0.08110019809597396,0.0833419475405363,0.5754085346736325,0.563496085254975,0.07578847107149762,0.07474766204850891,0.0725882084971033,0.07129462919824028,0.09526571141822929,0.09523331207111246,0.12896154600905907,0.1286353191501978,0.08305751607734668,0.08224285915013776,0.4835202842950821,0.4837159067392349,0.48482492566108704,0.48535487055778503,0.498633474111557,0.49810604751110077,0.2190600484609604,0.219267800450325,0.2630799412727356,0.2639511823654175,0.48475705087184906,0.48491819202899933,-178.99569702148438,-177.98434448242182,0.6169919371604919,-0.6735454797744751,-3.9832639694213867,-3.984142303466797,0.6299949884414673,0.6292945742607117,0.5090107804997621,0.5074041476737302,0.8545718789100647,0.8471912145614624,0.8060568657528537,0.7881641543847608,0.3273739516735077,0.3485749065876007,-0.6636109794324989,-0.5783487549622477,0.8568277359008789,0.8786783218383789,0.8109737832957449,0.8566677628164632,0.716122031211853,0.7111726403236389,0.8427431791122559,0.8240878650168415,0.7934165000915527,0.7814298272132874,0.6727612019854609,0.6450931415665249,0.2742443084716797,0.2762724459171295,-0.8694822446336392,-0.8579964447425786,0.7845805883407593,0.7847869396209717,0.6535022464435879,0.6523969028112364
299,12.458333333333334,299,12.458333333333334,0.0,0.0766374506676026,0.06037458999527329,0.5888568299546698,0.569926945228983,0.07389588436168518,0.07106520941433957,0.07209300865607227,0.07010959637099613,0.09559019148362764,0.09431117683378512,0.12670354437822717,0.12686543970403433,0.08267421327455673,0.08195809927205736,0.4847526401281357,0.4849681705236435,0.48618894815444946,0.48652520775794983,0.49884843826293945,0.4984576404094696,0.21856652945280075,0.21885664761066437,0.2633861303329468,0.2644348442554474,0.4850163161754608,0.48554185032844543,-178.40516662597656,-177.33755493164057,-0.3099980652332306,-0.9412707686424255,-3.553372144699097,-3.674578905105591,0.6318799257278442,0.6302928924560547,0.5161748416511762,0.5092093556147477,0.8546310663223267,0.8480739593505859,0.8067039939576152,0.7876509928260178,0.32457953691482544,0.34863635897636414,-0.6761799350835483,-0.5786798067406853,0.8544705510139465,0.8798325061798096,0.806353660697619,0.8566508146851676,0.7175657153129578,0.7111195921897888,0.848643866193355,0.8213998437350118,0.7925127744674683,0.783795177936554,0.6711274940554129,0.6479964774371013,0.27550777792930603,0.2757047116756439,-0.8665830336776117,-0.8603759126714341,0.7844330072402954,0.7851470708847046,0.6534929692161897,0.6509336512661381
300,12.5,300,12.5,0.0,0.06364299721776363,0.05491277849308442,0.5818366689480382,0.575715526337501,0.07570743136254503,0.07030546306615923,0.07387413466264517,0.06926849316755689,0.0970343587370815,0.09897976189063139,0.12605169704812838,0.1287656449003056,0.08217878280997455,0.08203750303453697,0.48560701310634613,0.4858894646167755,0.48673033714294434,0.4873918294906616,0.49895545840263367,0.49925462901592255,0.21870791912078857,0.21888866275548935,0.2627784311771393,0.26393622159957886,0.48594672977924347,0.4853219985961914,-178.79641723632812,-178.0277709960937,0.11729045212268831,-0.657152533531189,-3.2828292846679688,-3.424577236175537,0.6319594979286194,0.6301759481430054,0.5159939848193684,0.5057490925248349,0.8550388813018799,0.8497779369354248,0.8054473271902917,0.7919400330404356,0.3262290954589844,0.34848982095718384,-0.6700981760876301,-0.582404495835964,0.8557389378547668,0.8791689872741699,0.8069750179772096,0.855804953124942,0.7194955348968506,0.7094526290893555,0.8555932082076809,0.8119949332658593,0.7942230105400085,0.7819075584411621,0.6727325556791036,0.6444619317584536,0.2768089771270752,0.27503544092178345,-0.8618253136934347,-0.8661587865242345,0.7868063449859619,0.7878890037536621,0.656547618062502,0.6574592395262905
301,12.541666666666666,301,12.541666666666666,0.0,0.05163550701868603,0.04600981003255829,0.5805122254831984,0.5743408619165691,0.07635932544052264,0.07181573449209507,0.07395393558014338,0.07005582464262722,0.09657807736922036,0.10251045390263819,0.12376117334162748,0.12727912878456746,0.08254525096400846,0.08236125758485342,0.48668478429317474,0.486811101436615,0.48790955543518066,0.48827865719795227,0.49920275807380676,0.5000367611646652,0.21895427256822586,0.21909154206514359,0.26259657740592957,0.26286280155181885,0.4863738715648651,0.48273423314094543,-179.4058074951172,-179.11006164550776,0.10722612589597702,-0.5410518646240234,-3.345564842224121,-3.145261287689209,0.6321542263031006,0.6303824186325073,0.5158688347495419,0.5048009915994793,0.8555254340171814,0.847960889339447,0.8057000517466878,0.795625376068561,0.32659876346588135,0.35025331377983093,-0.6697257484809624,-0.5800794152556016,0.855597198009491,0.8808634877204895,0.8058566818634162,0.867301804298164,0.7198011875152588,0.7112650275230408,0.8559503423254926,0.8180421226372917,0.7945193648338318,0.7774463295936584,0.6725498822841492,0.6420134417699872,0.2775229215621948,0.2766062617301941,-0.8601463411557665,-0.8652987744982154,0.7862171530723572,0.7865390181541443,0.6544297031322701,0.6618213436102048
302,12.583333333333334,302,12.583333333333334,0.0,0.04087680445302004,0.033413188192715944,0.5852220939481887,0.5766277127715191,0.0531764215127149,0.04398947094494089,0.050335737268783674,0.041271079781881805,0.13184686054061642,0.1478143232256446,0.1634659127353002,0.17518058566422473,0.08063754498865268,0.08141725191601841,0.48855000734329224,0.4887932240962982,0.48894202709198,0.489551842212677,0.4999134838581085,0.501245766878128,0.22099652141332626,0.22202228754758835,0.2597835063934326,0.2603791654109955,0.48538754880428314,0.4823378175497055,-182.44064331054688,-182.8582153320312,1.895351052284241,0.7688523530960083,-3.269116163253784,-2.893069744110108,0.6326849460601807,0.6304353475570679,0.5140253631878727,0.4998162519079125,0.8557783365249634,0.8482483625411987,0.8066079789458994,0.7963066397899307,0.3251424729824066,0.35259485244750977,-0.6766268206293224,-0.5751094051310546,0.8537193536758423,0.8814264535903931,0.8021240877432211,0.8685098997387319,0.7205145359039307,0.7128146886825562,0.8540580484449227,0.8185302944769591,0.7947189211845398,0.7791946530342102,0.6736375778556364,0.6460296714565409,0.27689945697784424,0.27641671895980835,-0.8633998922799299,-0.8698318506801828,0.785065770149231,0.7845742106437683,0.6526157033782349,0.6577368427918824
303,12.625,303,12.625,0.0,0.03977499246376144,0.030140101226983827,0.5895991128039698,0.5783648223331169,0.04290820104808637,0.03747434141258182,0.040089439086463,0.035113650152353355,0.14448784458603223,0.15285606130358873,0.17168233393874435,0.17870097553318628,0.08056980244533896,0.08110673604623604,0.48962734639644623,0.48967160284519196,0.48997920751571655,0.49050673842430115,0.4996420741081238,0.49935370683670044,0.2210218831896782,0.22231846302747726,0.2582143247127533,0.25836893916130066,0.48546142876148224,0.4845280945301056,-183.5204620361328,-184.31919860839838,1.7162928581237795,0.7048292756080627,-2.7355549335479736,-2.7787232398986816,0.6329731345176697,0.6311901807785034,0.5181939191912628,0.509503700339835,0.8557575941085815,0.8480625152587891,0.8095295768572937,0.7902778832829549,0.32434186339378357,0.350063681602478,-0.6813078883951819,-0.576955815082257,0.8522850871086121,0.8763958811759949,0.8019380936463231,0.8518710397121285,0.7200326919555664,0.717159628868103,0.8565526867074522,0.8417467481716507,0.7946754693984985,0.7776638269424438,0.6759937987491197,0.6372400326249027,0.2764396369457245,0.2746123671531677,-0.8674808805311531,-0.8685498084440483,0.7850096225738525,0.7858813405036926,0.654862635042392,0.655103868489511
304,12.666666666666666,304,12.666666666666666,0.0,0.035146237440384566,0.02953952817726603,0.5854983586330009,0.5835737714296211,0.04545757737135886,0.036090984622963354,0.042141265136789945,0.033644709943897406,0.14219880300997,0.15293210594562348,0.16403769011212133,0.17609945242680558,0.08067225309536472,0.08060464875426633,0.48977987468242645,0.4900888204574585,0.4907117784023285,0.49104684591293335,0.4991365373134613,0.4996802508831024,0.21862899512052536,0.22017230093479156,0.25523751974105835,0.2568694055080414,0.48533374071121216,0.48493440449237823,-183.73800659179688,-183.37272644042963,0.5969387888908386,0.38873228430747986,-2.5861682891845703,-2.6610538959503174,0.6328139305114746,0.6306743621826172,0.520443194089682,0.5069308583116097,0.8572614192962646,0.8480984568595886,0.8145099460356897,0.7905372455929762,0.3270646035671234,0.35226088762283325,-0.6699237969091633,-0.5704945329825375,0.8522824645042419,0.8767218589782715,0.8036061912670401,0.8528448041822931,0.717862606048584,0.7171058058738708,0.8515612933487273,0.8414097558808096,0.7911238670349121,0.7792597413063049,0.6696707817974521,0.640688800437327,0.27715030312538147,0.27436351776123047,-0.8642540223211163,-0.8719476301669564,0.7856060266494751,0.7864478826522827,0.65758688448797,0.6563359808879858
305,12.708333333333334,305,12.708333333333334,0.0,0.03720481496986718,0.03294709345493289,0.5806331954080823,0.5753569992836808,0.05182627931012323,0.04214788522485113,0.04808359842817752,0.03877667107924491,0.13564891263125642,0.14932015642135527,0.1524018781300644,0.16725609678428005,0.08082827015102889,0.08101770043446735,0.49040934443473816,0.49061305820941925,0.491551011800766,0.4916718006134033,0.4989916682243347,0.49910634756088257,0.21601677685976028,0.21780066192150116,0.25282514095306396,0.2543896734714508,0.48549483716487885,0.4854164123535156,-183.42820739746094,-183.39413452148432,-0.1149887889623642,-0.06657712161540985,-2.2510411739349365,-2.2418859004974365,0.632511556148529,0.6309354305267334,0.5183585326739099,0.5119213407086985,0.8585149049758911,0.8460947275161743,0.8145898909381746,0.7878337155286832,0.32735368609428406,0.34583139419555664,-0.6663427744828274,-0.5952003750505228,0.8524840474128723,0.8711428642272949,0.8014198874224063,0.8425466433166846,0.7175732851028442,0.7169930934906006,0.8485900337106548,0.8461021846589838,0.7907648086547852,0.7786709070205688,0.6666392889849805,0.6405591032686244,0.2760378420352936,0.27559757232666016,-0.865564074342243,-0.8679337616852081,0.7846634984016418,0.7867757081985474,0.6533154330250218,0.658262511977264
306,12.75,306,12.75,0.0,0.03097395947455341,0.0253972216814716,0.5839301106411949,0.5794385719121726,0.05841821291170348,0.04795714953381989,0.05536327269771149,0.04449406155175467,0.13140652538006842,0.1425998622678782,0.14518935772280095,0.1570216816622465,0.08115639444977524,0.08091177680291073,0.49091872572898865,0.4912336468696594,0.49287286400794983,0.4934183657169342,0.49858224391937256,0.4995296001434326,0.21308090537786484,0.21457919478416443,0.2492636740207672,0.25164368748664856,0.4859621375799179,0.4838874787092209,-184.0743865966797,-183.14399719238276,-1.8139784336090088,-1.9192169904708862,-2.188096046447754,-2.134686231613159,0.633078932762146,0.629419207572937,0.5221457188686918,0.5060119719090808,0.857292115688324,0.8457509279251099,0.8108913499220425,0.792964295849453,0.33721107244491577,0.3455321490764618,-0.6264783695360129,-0.5999290892126412,0.8561961650848389,0.8654680848121643,0.8084980692372051,0.8361712056961793,0.7174472808837891,0.7156102657318115,0.8496821969691808,0.8417871594934534,0.7927201390266418,0.7764261960983276,0.6698823810554355,0.6410505359018989,0.27675750851631165,0.2784106433391571,-0.8611723970787694,-0.86141487046788,0.7863473892211914,0.7838387489318848,0.6559658970732333,0.6572939275758718
307,12.791666666666666,307,12.791666666666666,0.0,0.023139165291441118,0.022674307609821965,0.5714573877189394,0.5724645182926511,0.060809097795869016,0.05090535673883373,0.05735785275753178,0.047717149969760786,0.13043705738918437,0.14019527306553156,0.14619603549883525,0.15523110848696883,0.08146238283455734,0.08065300895925974,0.49123863875865936,0.49144312739372253,0.49322760105133057,0.49333739280700684,0.4985196888446808,0.49918971955776215,0.21294692158699036,0.2137642428278923,0.24911919236183167,0.24969352781772614,0.48554666340351105,0.4846489280462265,-183.75244140625,-183.3370971679687,-1.8340108394622805,-1.6743606328964233,-2.3842406272888184,-2.1423957347869873,0.6340328454971313,0.6293128728866577,0.526180357319066,0.5096633024759474,0.8553189039230347,0.8449922204017639,0.8076254596076542,0.7939035681667991,0.3333538770675659,0.3488115966320038,-0.6413178469502083,-0.5889974903755777,0.8506602048873901,0.8677383661270142,0.7974503205962726,0.8440175751052181,0.7172701358795166,0.7144259810447693,0.8493801725813008,0.8430323200420377,0.793187141418457,0.7726587057113647,0.67192248423424,0.6345393268197074,0.2766692042350769,0.2786867916584015,-0.8614172243265972,-0.8636606750126143,0.7855621576309204,0.7859982252120972,0.6552686352939893,0.6639287794720216
308,12.833333333333334,308,12.833333333333334,0.0,0.0225793588448534,0.022300528988075646,0.5693253981712971,0.5634156423204508,0.05941673672884699,0.052249652720682174,0.05581706909750477,0.04930028792770223,0.13010416709906142,0.13928260616584334,0.14696260999938474,0.15521334385848598,0.0814491956270109,0.08109128952036979,0.4910843074321747,0.49129463732242584,0.4931638836860657,0.4933196008205414,0.4986903667449951,0.49877846240997314,0.21209977567195892,0.21314756572246552,0.248326376080513,0.24847346544265747,0.4852692186832428,0.48428358137607574,-183.5123748779297,-183.59204101562494,-2.0272722244262695,-2.2428317070007324,-2.618992328643799,-2.1926326751708984,0.6346570253372192,0.6289903521537781,0.5282360914257725,0.5109401061516229,0.8537119626998901,0.8458681106567383,0.8051711046562212,0.7980897247711418,0.33678895235061646,0.34854814410209656,-0.6289936902287152,-0.5894906750408366,0.8505357503890991,0.8651594519615173,0.7982300143065446,0.8406695920653167,0.7166200876235962,0.7127076387405396,0.8466659779267782,0.8394394419613224,0.7931400537490845,0.7731042504310608,0.672801145868669,0.6374852616976647,0.2754323184490204,0.27832671999931335,-0.867366750292094,-0.8650334227560174,0.7843324542045593,0.7872059941291809,0.653553583608861,0.6686106441060756
309,12.875,309,12.875,0.0,0.03244567550780054,0.0371692088828666,0.5601634566915004,0.5498925111590774,0.06221362066662958,0.0541701313592624,0.05863415837895788,0.05138477731937219,0.12503255605488295,0.1316117043847355,0.14232974615556382,0.1489590885044127,0.08173586261258681,0.08181729511194634,0.4907146245241165,0.49092796444892883,0.49267569184303284,0.4934275150299072,0.4989110827445984,0.4988050013780594,0.21179907023906708,0.21232053637504578,0.24831755459308624,0.24798956513404846,0.48560890555381775,0.4843050688505173,-183.18751525878906,-183.25141906738276,-2.0105724334716797,-3.468747138977051,-2.7732880115509033,-2.603030204772949,0.6352351903915405,0.6283582448959351,0.5289149305989913,0.509843339437253,0.8544918298721313,0.8472428917884827,0.805052572479718,0.8034210682764678,0.33924901485443115,0.347805917263031,-0.6194623461326833,-0.5942412185654795,0.8526845574378967,0.864487886428833,0.8011083689765578,0.8415956291536358,0.71612149477005,0.7125426530838013,0.8427403779480896,0.8411423376991403,0.7929025292396545,0.7738461494445801,0.6706396689737354,0.6409456099056549,0.27566078305244446,0.27823930978775024,-0.8661741404806346,-0.8680133797667068,0.7832323908805847,0.7870269417762756,0.6495354940472586,0.6701234072763939
310,12.916666666666666,310,12.916666666666666,0.0,0.07818557948068329,0.051921992321069116,0.575650183937474,0.5503446139211026,0.06525954260462123,0.06068580941396326,0.06095383968777383,0.05721811943618278,0.1189126355847194,0.12148918127739969,0.13494916670326093,0.13962682386726202,0.08151334709180705,0.08251424900302977,0.48982055485248566,0.4900411516427994,0.49218228459358215,0.49269232153892517,0.4985596090555191,0.4988856613636017,0.21110861003398895,0.21213412284851074,0.24753347039222717,0.24759763479232788,0.48582862317562103,0.4846992641687393,-183.4817352294922,-184.06896972656244,-3.1907284259796147,-3.295531749725342,-2.7362587451934814,-2.8847527503967285,0.6357917785644531,0.6289170980453491,0.5349617893195406,0.5111560225995588,0.8547224402427673,0.8478847146034241,0.8088923657531956,0.8030749695174171,0.33859241008758545,0.3465830981731415,-0.6235880355061326,-0.5987042396731552,0.8525161147117615,0.8628694415092468,0.8040544427633609,0.8362091688327186,0.7153922915458679,0.7133608460426331,0.8452624499275386,0.8431059837872911,0.7919384241104126,0.7736574411392212,0.6712226380669134,0.6389437651883879,0.27594196796417236,0.2784538269042969,-0.8678135166009241,-0.8665216860774628,0.7815122604370117,0.786733865737915,0.6483606549993789,0.6678583301122419
311,12.958333333333334,311,12.958333333333334,0.0,0.07292175115833083,0.05837345327313698,0.5730663127151021,0.5574467788897616,0.0691195994377268,0.06312692580580982,0.0654172800836956,0.05949428760375375,0.11226893217726856,0.11888657047152916,0.13238644910736333,0.1388569268508891,0.08163448093085829,0.08254075603839607,0.4894089102745056,0.48951660096645355,0.49193504452705383,0.49193909764289856,0.49833621084690094,0.4987826347351074,0.2112237587571144,0.2119739130139351,0.24735328555107117,0.24762794375419617,0.48598408699035645,0.4843095690011978,-183.7377471923828,-184.07487487792963,-2.8906476497650146,-2.530386447906494,-3.057473659515381,-2.95194411277771,0.635496973991394,0.6286547780036926,0.5341800328978804,0.5108659237959219,0.8551215529441833,0.8486612439155579,0.8086645611498403,0.8061840922753628,0.33870428800582886,0.34557390213012695,-0.6216951833737256,-0.602662886327974,0.8529166579246521,0.8608035445213318,0.8038343268122243,0.8330507989929902,0.7147359848022461,0.7129772901535034,0.8427806591363463,0.8425575166351844,0.7922607660293579,0.772584080696106,0.6709562672147853,0.6378516733634024,0.2758471369743347,0.278484970331192,-0.86649576800228,-0.8665643532427416,0.7804450988769531,0.785879373550415,0.6450718415637539,0.6672695526796033
312,13.0,312,13.0,0.0,0.060850515042281346,0.04839448461165923,0.5692584425901336,0.5490210909816736,0.06748571796230043,0.061884356862907774,0.06380603058098085,0.0591590173521577,0.1128945052701578,0.11965458964957845,0.13413644671203998,0.14145211383308162,0.08174765403618095,0.08242923052307738,0.48870567977428436,0.4887635409832001,0.4910123646259308,0.4913159906864166,0.4978998601436615,0.4986267387866974,0.21151825785636902,0.21245941519737244,0.24775198101997375,0.24867907166481018,0.48639218509197235,0.4850985258817673,-183.6733856201172,-183.40698242187494,-2.324923515319824,-2.828772783279419,-3.093437671661377,-3.070039987564087,0.6356790661811829,0.6292753219604492,0.5355340774611144,0.5127362141030969,0.8556002974510193,0.8489077687263489,0.8072298170785116,0.8031294349428006,0.3396006226539612,0.3443574011325836,-0.6152933998527896,-0.6054369226168098,0.8534762859344482,0.8594163060188293,0.8025859174170467,0.8263276240591519,0.7149519920349121,0.7126018404960632,0.8436600598619631,0.839754866816094,0.7920653223991394,0.7726119756698608,0.6683181177620541,0.6347021660618207,0.27614444494247437,0.27845442295074463,-0.8619412545419439,-0.8640761111194214,0.7810899615287781,0.78604656457901,0.6443217908906211,0.6643597792519922
313,13.041666666666666,313,13.041666666666666,0.0,0.04772954122245065,0.04144460688545127,0.5675681570554483,0.5506614138943912,0.06856702219603743,0.06067318967447202,0.06513640899279992,0.058234154706795146,0.11435343126270607,0.12147978875934701,0.13747594761024415,0.14570301128263666,0.08193179948296808,0.08271824003322281,0.48819270730018616,0.48823586106300354,0.4896339774131775,0.4907380938529968,0.4977962076663971,0.49797146022319794,0.21253836154937744,0.2129020020365715,0.2491927593946457,0.2502892017364502,0.4862567186355591,0.4858347028493881,-183.5371551513672,-182.790786743164,-0.33642134070396423,-2.4101498126983643,-3.103583812713623,-3.2121479511260986,0.6361929178237915,0.6292043328285217,0.5377850765976337,0.5149755539282278,0.8549755811691284,0.8490668535232544,0.8059365688434145,0.8017718181801267,0.3394794464111328,0.34372738003730774,-0.6151908631464144,-0.6052746469458632,0.8533377647399902,0.8601941466331482,0.8023566702067538,0.8263333830404825,0.7147361040115356,0.7125646471977234,0.8429899716573548,0.8420927099857364,0.7918145656585693,0.7727605104446411,0.6678807835345975,0.6333388330621657,0.2764092683792114,0.2788515090942383,-0.8602703920264657,-0.8598563452064869,0.7811285257339478,0.7863284945487976,0.6445235018045662,0.6632877989343964
314,13.083333333333334,314,13.083333333333334,0.0,0.03918034285222385,0.04226735681732649,0.5714951534056859,0.5575677191844588,0.07571180694956896,0.06998054287831502,0.0729936492353324,0.06836607392299016,0.10332447057073697,0.10854947984964236,0.1310173028332846,0.13823297345539473,0.08189816420578727,0.08306849463353191,0.48713208734989166,0.4869057834148407,0.4889220893383026,0.4893743693828583,0.49752718210220337,0.4980418384075165,0.21462716907262802,0.21534743905067444,0.253998339176178,0.25398194789886475,0.4853789806365967,0.4864698648452759,-181.6138458251953,-182.21687316894526,-0.6789504289627075,-2.184729814529419,-3.5822181701660156,-3.6856853961944576,0.635839581489563,0.6292959451675415,0.5368921311332528,0.5148762124337306,0.8554384112358093,0.8491829633712769,0.8080159366512399,0.8003421563389265,0.3391757607460022,0.343910813331604,-0.6146783112467666,-0.6046164982457044,0.8534379601478577,0.8615191578865051,0.8036479994338612,0.8275625036587696,0.7151283621788025,0.7129835486412048,0.8446701946167885,0.84316122665394,0.7923688292503357,0.7725399136543274,0.6703050093018773,0.6312259487133072,0.27661919593811035,0.27893543243408203,-0.8575063407282214,-0.8594982603769293,0.7818659543991089,0.7863671183586121,0.6473722326754225,0.6617362745717864
315,13.125,315,13.125,0.0,0.03928635698074125,0.03940961134521995,0.5623435426835037,0.5508380287674467,0.07671008653940505,0.07158792573580708,0.07404241099915858,0.06972388138244434,0.10109289227150102,0.10778094951757473,0.1346457984481228,0.14128999976584475,0.08262716542698989,0.08314653376873461,0.48625311255455017,0.48629920184612274,0.4880988597869873,0.4884278476238251,0.49807246029376984,0.4982805848121643,0.21637337654829025,0.21695812791585922,0.25806862115859985,0.2590288817882538,0.4851734787225723,0.4886537939310074,-180.03863525390625,-179.67362976074213,-0.33648815751075745,-1.3230260610580444,-4.142200946807861,-4.019887447357178,0.6356459856033325,0.6297921538352966,0.5343168182400525,0.5151498362680267,0.855108380317688,0.8491685390472412,0.8081869095922026,0.7943559736251846,0.33971887826919556,0.3429408669471741,-0.6150237257778872,-0.6084881415261302,0.8540579676628113,0.8616870641708374,0.805892101090272,0.8219392149422616,0.7156791090965271,0.7137351632118225,0.845154559749352,0.8439667446006802,0.7931177616119385,0.7728986144065857,0.6727576588254245,0.6263032904354472,0.277163565158844,0.2789776623249054,-0.857980034340331,-0.8590412649744872,0.7808417677879333,0.7868531942367554,0.6459386226436092,0.6570507258668354
316,13.166666666666666,316,13.166666666666666,0.0,0.06424202936726546,0.05826818952848955,0.543135231289928,0.5324043678642914,0.07657922885541785,0.07663170126489872,0.07415159936620312,0.07547031881250525,0.09321025474922558,0.09995843023362977,0.1297962078697745,0.13753146732422855,0.08299437308403439,0.08221052105336843,0.48576609790325165,0.4858522266149521,0.4874550700187683,0.488069087266922,0.49831122159957886,0.4985411763191223,0.21871069818735123,0.21933818608522415,0.26127052307128906,0.2626838982105255,0.48518896102905273,0.4890081584453583,-179.27247619628906,-178.3400268554687,-0.6201029419898987,-2.571185111999512,-4.43430233001709,-4.2305073738098145,0.6353615522384644,0.629904568195343,0.5335707527540874,0.5129045386214621,0.8548601865768433,0.8490086197853088,0.8095619773900158,0.790656366953054,0.33848536014556885,0.34336715936660767,-0.6222415138150016,-0.605872430928572,0.853227972984314,0.8626561164855957,0.8059875091269454,0.8206298845393637,0.7163777351379395,0.7138910293579102,0.8489867425836708,0.840827230764079,0.7933146953582764,0.7731677889823914,0.6747803494812956,0.6240898144376904,0.2770310938358307,0.27867645025253296,-0.8614981356850807,-0.8584554210398068,0.7801775336265564,0.7876071929931641,0.6460106051955079,0.6558025702314785
317,13.208333333333334,317,13.208333333333334,0.0,0.11402458097794464,0.07737339296758917,0.5356910615608623,0.526440094167834,0.07952825650614306,0.07733358705682292,0.07776174118244102,0.07625851781334325,0.08923027405560094,0.09758281380007476,0.12997009472952553,0.13657011292002225,0.0819391220623858,0.08223433783028485,0.48534534871578217,0.48547524213790894,0.4870172441005707,0.4878835678100586,0.4987955838441849,0.4986654371023178,0.22118092328310013,0.22179225087165833,0.2652312219142914,0.266902357339859,0.48620279133319855,0.4879487007856369,-178.14288330078125,-177.36778259277338,-0.17546069622039795,-3.393026828765869,-4.610779762268066,-4.463862895965576,0.6353389024734497,0.6299898624420166,0.530772246609988,0.510949171809445,0.8551231622695923,0.848448634147644,0.8066644456730251,0.7889689395222511,0.3366345167160034,0.34362009167671204,-0.6303537571544767,-0.603241100299524,0.8516973853111267,0.8632948398590088,0.7991737981270902,0.8214604716753582,0.7176108360290527,0.7134851217269897,0.8505803444695338,0.8358075024004065,0.7932709455490112,0.7732709646224976,0.6714212115086594,0.6244395160411981,0.276849627494812,0.27836260199546814,-0.8627500419658815,-0.8571410143539392,0.7793377637863159,0.7885792851448059,0.6409555521726399,0.6579424054750889
318,13.25,318,13.25,0.0,0.10257551551091466,0.09054790586003185,0.5371835850071194,0.5288119349670108,0.07929137063508399,0.0772118898665063,0.0779218362054381,0.07604818454403012,0.09004261990210576,0.09669122718994225,0.13032426411471953,0.13875892494806155,0.08207770578471142,0.08231411630247037,0.4850717931985855,0.48494213819503784,0.48729437589645386,0.4876925051212311,0.49883808195590973,0.4982209801673889,0.22494854778051376,0.22495123744010925,0.2694377601146698,0.2715006470680237,0.4875066429376602,0.4875219017267227,-178.1453857421875,-176.82785034179682,-2.3199760913848877,-4.273301601409912,-4.5920515060424805,-5.059366226196289,0.6351034045219421,0.629961371421814,0.5287920510704393,0.5127624977801816,0.8546624779701233,0.847945511341095,0.801442798651563,0.7891018545477136,0.33439821004867554,0.34357982873916626,-0.6381263809906563,-0.6018972792695066,0.8511479496955872,0.8623676896095276,0.793771142347816,0.8206773876555873,0.7186582684516907,0.7137948274612427,0.853035571302174,0.8390606961307853,0.7939961552619934,0.7714024782180786,0.6690178640163731,0.6215205757999,0.2765498161315918,0.2792523205280304,-0.8626132151646408,-0.8522740503739361,0.7827370762825012,0.7866103053092957,0.644441085148715,0.6548161875223397
319,13.291666666666666,319,13.291666666666666,0.0,0.12023806558293806,0.09921483130560516,0.5417217642670112,0.5307149168228283,0.07752080592021682,0.0724370259779004,0.07521602570738296,0.0702894420086238,0.09535358999641347,0.10230599582417499,0.13437702938456164,0.1446933540136288,0.08252246560504611,0.0821529120367795,0.48492710292339325,0.48487910628318787,0.4869905412197113,0.487873911857605,0.49879275262355804,0.4984918236732483,0.22544671595096588,0.22673113644123077,0.270224928855896,0.2712043225765228,0.4875277280807495,0.48783648014068604,-177.94369506835938,-177.95730590820307,-1.0139448642730713,-5.565639495849609,-4.694857120513916,-5.037539482116699,0.6343903541564941,0.6300183534622192,0.5261194756472802,0.5106155889321862,0.854363739490509,0.8482943773269653,0.8006207844507265,0.7871505067129093,0.3360304832458496,0.34326934814453125,-0.6315185434851631,-0.6026085831107657,0.8524697422981262,0.8628215193748474,0.7964871294366358,0.8188741762824827,0.7192002534866333,0.7137438654899597,0.8551823739643525,0.8356568692068707,0.7950187921524048,0.771445095539093,0.6711002444458691,0.6193307652894456,0.27603429555892944,0.27952417731285095,-0.8643040975792833,-0.8500816822492078,0.7847055792808533,0.7871820330619812,0.6485916239107773,0.6536963276531667
320,13.333333333333334,320,13.333333333333334,0.0,0.12181205524376813,0.09452012037210629,0.5369988182988562,0.5229644665679656,0.05684467893303904,0.04906697463357931,0.0536896435249635,0.046326279848428964,0.11455293496984688,0.12494655449407031,0.15486803386707168,0.1678489529627376,0.08211230265894137,0.08270815272541408,0.48536522686481476,0.4853277653455734,0.4868418276309967,0.48692941665649414,0.49903662502765656,0.4983339160680771,0.22756179422140121,0.22886762768030167,0.2691871225833893,0.2700786888599396,0.4865832030773163,0.4877389818429947,-179.76913452148438,-179.95658874511713,0.5197654962539673,-0.5727452039718628,-4.569762229919434,-4.727844715118408,0.6346468925476074,0.629973828792572,0.5266961322130456,0.512203297603262,0.8537457585334778,0.848396897315979,0.8021368479777489,0.7893557546958487,0.33490943908691406,0.3430916965007782,-0.6374528684804982,-0.6040385103873155,0.8509648442268372,0.862623929977417,0.7960614086300366,0.8204938210511208,0.7190714478492737,0.7136775851249695,0.8545922978529531,0.8378897792174073,0.7956675291061401,0.7711282968521118,0.6752538442599705,0.6202414449393043,0.27603283524513245,0.2800324261188507,-0.86612345580711,-0.8493984894817782,0.7839065790176392,0.7865496873855591,0.6495597986852708,0.6539935486385243
321,13.375,321,13.375,0.0,0.14430696584810362,0.1118801520441681,0.5500269180895162,0.5367409613824852,0.05228664391579796,0.04624464457840121,0.04992092977343519,0.04262102665817931,0.11711205120198724,0.12493671107630981,0.15673028371572376,0.1627600280520207,0.0825085180902225,0.08336758110203091,0.4850204288959503,0.4848869889974594,0.48645371198654175,0.4871102571487427,0.4990546256303787,0.49757979810237885,0.227471724152565,0.228802852332592,0.2667718529701233,0.26809006929397583,0.4871370494365692,0.4884093105792999,-181.66217041015625,-181.4105834960937,0.3472699820995331,-1.5704133510589602,-4.559874057769775,-4.680285930633545,0.6340985298156738,0.6299413442611694,0.5238597241180136,0.515514084792411,0.8540107011795044,0.8484362363815308,0.8005326954265201,0.7887442618701251,0.3332800269126892,0.3423530161380768,-0.6430696451937999,-0.6045682810595047,0.8511185646057129,0.8629502654075623,0.7942219400044294,0.8205414867176559,0.7195478677749634,0.7133750915527344,0.855333157735572,0.840467012013531,0.7958879470825195,0.771230936050415,0.6737065666439749,0.6196034747291711,0.2758163809776306,0.2799059748649597,-0.8659815188393555,-0.8477834010406855,0.7833015322685242,0.78666752576828,0.6462425159307773,0.6534218385520414
322,13.416666666666666,322,13.416666666666666,0.0,0.09843642490514212,0.07309498081139378,0.5618852083825266,0.5552842684370576,0.057510596641472796,0.05314536255911889,0.05402395413554193,0.04902827465158698,0.11295066981926405,0.11638651200605321,0.1469650179448099,0.14973036264847325,0.0824579212545316,0.08261178830910419,0.48540084064006805,0.4850483387708664,0.48615169525146484,0.4862266480922699,0.4986977279186249,0.4979657083749771,0.22423304617404938,0.2248242124915123,0.2647291123867035,0.26514434814453125,0.48599106073379517,0.4874475300312042,-181.26748657226562,-180.85630798339838,1.801899790763855,1.1745381355285645,-3.9422256946563725,-4.029725074768066,0.6334157586097717,0.62980055809021,0.523244266172469,0.5135701254689631,0.8545739650726318,0.8484189510345459,0.8052606306833865,0.7909788484335143,0.3341478705406189,0.3427853286266327,-0.639110955904118,-0.6045139602299718,0.8516008257865906,0.862808346748352,0.7987650716425194,0.8225096206473488,0.718854546546936,0.7126781344413757,0.855088160174585,0.8364244191338784,0.7965946793556213,0.7717750072479248,0.6785905229994672,0.6230327594405485,0.27594080567359924,0.27964866161346436,-0.8651869517165961,-0.8504664232523379,0.7810590267181396,0.7865744829177856,0.6446490425518665,0.6554621196104716
323,13.458333333333334,323,13.458333333333334,0.0,0.07770009659998167,0.062164337635123565,0.5716488278500409,0.5622129989638812,0.06547747700984655,0.05714537466082321,0.06183384678474585,0.053992287009360436,0.10644471459937084,0.1125989413128907,0.13802175388875373,0.14610858050167705,0.08206089861765829,0.08257026430364325,0.48495760560035706,0.4847819358110428,0.4865153133869171,0.48633286356925964,0.49848395586013794,0.4978063404560089,0.22237123548984528,0.22303590178489685,0.2632278800010681,0.26437315344810486,0.4858359098434448,0.48730966448783875,-180.8398895263672,-180.37326049804682,-0.20406366884708405,0.17373700439929965,-3.984602928161621,-4.044517993927002,0.6333488821983337,0.629381537437439,0.5246042914370272,0.5131142833958613,0.8544538617134094,0.8486797213554382,0.806550988793152,0.7927107835570014,0.33460938930511475,0.34188583493232727,-0.6374474313400496,-0.6080556236582788,0.8519488573074341,0.862005352973938,0.8010699378288101,0.8219422366919332,0.7191076278686523,0.7126928567886353,0.8581929213976995,0.8380100761316771,0.795762300491333,0.7705799341201782,0.6781314788443293,0.6213890529422783,0.2765347361564636,0.27975115180015564,-0.8633491026841635,-0.8503672001622674,0.7806370258331299,0.7861255407333374,0.6450367660951108,0.6554903011364565
324,13.5,324,13.5,0.0,0.06340253873845268,0.056462841928201585,0.564258566969793,0.563334721869926,0.06447125092153604,0.05984525890738178,0.06161852527427621,0.05761946494967989,0.10859757238868321,0.11358598255714823,0.1413821059027045,0.14783591916981684,0.08154786153224097,0.08216238130905057,0.4848582297563553,0.48471517860889435,0.4869476854801178,0.48701661825180054,0.49867138266563416,0.49798983335494995,0.22082892805337906,0.2214975282549858,0.2617214024066925,0.2621142268180847,0.4851636439561844,0.4865068644285202,-180.54420471191406,-180.8206176757812,-1.283159852027893,-1.4569555521011353,-4.040175437927246,-4.231601238250732,0.6333072185516357,0.6293829679489136,0.5239254726698322,0.5127801772756131,0.8549792170524597,0.8490043878555298,0.8094994633768444,0.7957673664293906,0.3351069986820221,0.34100979566574097,-0.6364987941481178,-0.6126366632758841,0.8518940210342407,0.8612887263298035,0.8027461930906564,0.8227343801170534,0.7193987965583801,0.7124899625778198,0.8589445290989611,0.8371169059056628,0.7960456609725952,0.770499587059021,0.680498184111842,0.6234308550201461,0.2767398953437805,0.2797383666038513,-0.8636300924656755,-0.8517570279233787,0.7803051471710205,0.7860782742500305,0.6460433412046901,0.6576297393634569
325,13.541666666666666,325,13.541666666666666,0.0,0.05817629068819681,0.05173877877293069,0.5681313197934781,0.5625805750323063,0.07293168684103496,0.06616285879649081,0.06982788105885211,0.06379060183911876,0.1047197971291163,0.11002373735142089,0.1344629837689766,0.14140010144792242,0.08246497623395045,0.08223044201738448,0.4851459413766861,0.4849531948566437,0.48666912317276,0.48683586716651917,0.4990166872739792,0.4983833134174347,0.21979500353336334,0.22017590701580048,0.26140767335891724,0.26204219460487366,0.48518233001232147,0.4864409565925598,-180.50799560546875,-179.95820617675776,-0.14264518022537231,-0.9419100880622865,-3.702154874801636,-3.872343063354492,0.6329694390296936,0.6298648118972778,0.5204984893890116,0.5120074156997947,0.8554237484931946,0.8491232395172119,0.8092363111826036,0.7944388492515689,0.3356911242008209,0.3409603536128998,-0.6346320455829088,-0.6130271084010294,0.8521332740783691,0.861542284488678,0.8020443244286105,0.8216421957077968,0.7195516228675842,0.7128698825836182,0.85692977060531,0.8352408152537804,0.7968236207962036,0.7715409994125366,0.6811540686098637,0.6244985228201237,0.2765803337097168,0.2798348665237427,-0.864318086025878,-0.8510583374313895,0.7802264094352722,0.786858081817627,0.644877559750464,0.6580498869001812
326,13.583333333333334,326,13.583333333333334,0.0,0.055186087972078246,0.05150968183934011,0.5802524515772052,0.5704252179203563,0.07399028757951519,0.0708064229801459,0.07055806228103297,0.06837842722811022,0.10547625675974061,0.10741741941043435,0.13566793135457184,0.1382312668202428,0.08215891672668227,0.08306133424689893,0.48506419360637665,0.4850285202264786,0.4863170087337494,0.4865870773792267,0.4989221692085266,0.4983791261911392,0.21905488520860672,0.21971742063760757,0.26053959131240845,0.26124778389930725,0.48527349531650543,0.4864576756954193,-180.90843200683594,-180.74766540527338,0.560252845287323,-0.4413260519504547,-3.667046070098877,-3.793620347976685,0.6324959993362427,0.6296705007553101,0.5183838665281585,0.5110379966640755,0.8557968139648438,0.8494009375572205,0.8088503345795187,0.7946543435081678,0.33601313829421997,0.3411685824394226,-0.6322302299557302,-0.6119256622915427,0.8522007465362549,0.8617683053016663,0.8010001394733228,0.8217323568744245,0.719529390335083,0.7128704786300659,0.8561499221986272,0.8348852422028833,0.7964130640029907,0.7715990543365479,0.6792159401763455,0.6243092484724477,0.2764925956726074,0.280062198638916,-0.8632222513160833,-0.8497758947569964,0.7798172235488892,0.7862263917922974,0.642987313182241,0.6563354036999749
327,13.625,327,13.625,0.0,0.050033859060580756,0.050193655481023156,0.5783902153971741,0.5703866067926066,0.07543969115864171,0.0729439563008658,0.07308727370121657,0.07188103854012576,0.10328199192313893,0.10449372466466514,0.1356252543111702,0.13765704631818174,0.08172490137944173,0.08264042150637807,0.48502862453460693,0.4848150163888931,0.48614785075187683,0.4865095317363739,0.49904733896255493,0.4985445737838745,0.21945858001708984,0.21971380710601807,0.2615034282207489,0.26263850927352905,0.48524168133735657,0.48611050844192505,-180.15658569335938,-179.4154663085937,0.8948880434036255,-0.659870445728302,-3.6667263507843013,-3.8201751708984375,0.632068932056427,0.6296396255493164,0.5162006417918402,0.5106070776597451,0.8566125631332397,0.8495160341262817,0.8106376508149832,0.7961860873016902,0.3364567160606384,0.3415597379207611,-0.6309455625905503,-0.6114461773917962,0.8526121973991394,0.8618491888046265,0.8019055524194116,0.8232068271458244,0.7193395495414734,0.7130604386329651,0.8548610630631476,0.8355259591203059,0.796455442905426,0.7714693546295166,0.6793251839208434,0.6251934193767914,0.27682963013648987,0.28013136982917786,-0.8623331088252573,-0.8507058526751223,0.7799370884895325,0.7859404683113098,0.6432685066868188,0.6568982190204058
328,13.666666666666666,328,13.666666666666666,0.0,0.04856326779621304,0.041762201710273734,0.5739275770290371,0.5656790060862339,0.07601598790422037,0.07317178378467751,0.07408468260260251,0.07255526721148672,0.09717860983925733,0.10137248760035603,0.1301956769063927,0.13629864212183362,0.08153660817785556,0.08212649636722573,0.4847167134284973,0.48477697372436523,0.485686331987381,0.4864922761917114,0.49889075756073,0.4983975887298584,0.21991904824972153,0.22030863165855408,0.26317381858825684,0.26604074239730835,0.48496946692466736,0.4860065281391144,-179.1391143798828,-176.93405151367182,1.2968817949295044,-0.6293163299560547,-3.65283465385437,-3.808536529541016,0.6320955753326416,0.629581093788147,0.5167904897301809,0.51224815766847,0.856427788734436,0.8495146036148071,0.810638450095396,0.7984316877794971,0.3364763855934143,0.3413730263710022,-0.6301138669918869,-0.6131528711729578,0.8530044555664062,0.8613786697387695,0.8031676644633191,0.82449065862048,0.7193467617034912,0.7128039598464966,0.8552961390629241,0.8372185858891321,0.7962461709976196,0.770785391330719,0.6793033030223133,0.6255059618261596,0.27692514657974243,0.28012120723724365,-0.8611529126412106,-0.8523302852172681,0.7791785597801208,0.7852882742881775,0.6420564274192153,0.6573609936634547
329,13.708333333333334,329,13.708333333333334,0.0,0.04374472082802724,0.04103252201883062,0.5742704648153176,0.5711828855667366,0.07641033011589478,0.07618433096742185,0.07510741576713192,0.07592634174549767,0.09941234100991855,0.09798742224376558,0.1342891441028478,0.13362236529109606,0.0811883843158152,0.08192309076612792,0.48455172777175903,0.48472586274147034,0.4857109785079956,0.48634278774261475,0.49845778942108154,0.4983418434858322,0.22099821269512177,0.22117134183645248,0.2649925947189331,0.2676912248134613,0.4853470027446747,0.4863803833723068,-178.49407958984375,-176.4230041503906,1.0089470148086548,-0.40391966700553894,-3.763737678527832,-3.748930931091308,0.6316205859184265,0.6294991970062256,0.516997677395021,0.5122237380845155,0.8563951849937439,0.849517822265625,0.8103236607897754,0.7977386048902786,0.33707183599472046,0.3413306474685669,-0.6265726259907232,-0.6131936912906614,0.8542194962501526,0.8615094423294067,0.8055722237748849,0.8240817390193538,0.7194193601608276,0.7126129865646362,0.8578718821685457,0.8368174785899558,0.7958536744117737,0.7705212831497192,0.6781084369146337,0.6241993821168413,0.276706337928772,0.28012150526046753,-0.8609385533802943,-0.8522407198044257,0.7792392373085022,0.7855310440063477,0.6418245467365996,0.6571727536369867
330,13.75,330,13.75,0.0,0.031861665963892456,0.032616298554736335,0.5755781364928824,0.5664322838067961,0.07967531921319589,0.07892733971281969,0.0788050898256297,0.07857035009711184,0.09352822110905738,0.0948276429026557,0.13113543236690675,0.1311225606260614,0.08239747663959754,0.08320122961115763,0.4844358414411545,0.48471690714359283,0.48519057035446167,0.4862104058265686,0.4982074797153473,0.49779851734638214,0.22322111576795578,0.22366295009851456,0.2701159119606018,0.2722093462944031,0.48571111261844635,0.48647865653038025,-176.62896728515625,-175.03633117675778,2.04077410697937,0.27462446689605713,-3.7899227142333984,-3.862604141235352,0.6316781044006348,0.629817008972168,0.5176091816102496,0.5145270355722998,0.8565831780433655,0.8483912944793701,0.8090268366513381,0.7934137246711002,0.3366595506668091,0.34138602018356323,-0.6264950924056165,-0.6095998939282452,0.8543456792831421,0.8617339134216309,0.8041459175615684,0.8226644771505932,0.7190535664558411,0.7131432890892029,0.8564578347416234,0.8392817223279465,0.7957224249839783,0.7706871032714844,0.6762641211110322,0.6230644046855032,0.27605968713760376,0.2799203097820282,-0.8615059484723027,-0.8491554999102647,0.7792692184448242,0.7860970497131348,0.6403728074207115,0.6568473172484386
331,13.791666666666666,331,13.791666666666666,0.0,0.035218743235534915,0.03519039573907283,0.5707296744511923,0.5730546003739958,0.07968178889619865,0.08130578479157244,0.07745852955717632,0.07996041949942921,0.0912360810733676,0.09130793139899053,0.12578355424122417,0.1251829428539279,0.0836012241794497,0.08327711815436449,0.48441182076931,0.48467710614204407,0.4852524995803833,0.4862353801727295,0.4980149567127228,0.49781185388565063,0.22540974617004395,0.2257259339094162,0.27123787999153137,0.2737894654273987,0.4860840439796448,0.4876605272293091,-178.1983642578125,-176.259292602539,1.663402795791626,0.14401890337467194,-3.8690004348754887,-3.8909246921539307,0.631525993347168,0.6304591298103333,0.516708174202386,0.514998480289634,0.8567363023757935,0.8487364053726196,0.8068955892847915,0.7885488718817119,0.3373259902000427,0.34082284569740295,-0.6218909282276825,-0.6095044174524228,0.8549680709838867,0.8614609241485596,0.8030462181326009,0.8163377814527429,0.7191665172576904,0.7133305072784424,0.8558904338678271,0.8367437491470046,0.7961590886116028,0.7717325687408447,0.6750213446518462,0.6203812035822263,0.2762109637260437,0.2796415686607361,-0.8584154474116149,-0.8470386184107069,0.7800756096839905,0.7869345545768738,0.6400082348890699,0.6535806209540083
332,13.833333333333334,332,13.833333333333334,0.0,0.03503908713065476,0.036590918420326045,0.5727578987449575,0.5752954013424949,0.07988963873104368,0.08043938603231407,0.0780359594763761,0.07968534417499044,0.09408890882958486,0.09123423021592868,0.1282247781630671,0.1255961096536199,0.08320843578926708,0.08319022958882147,0.48434633016586304,0.48467475175857544,0.4853338301181793,0.48610594868659973,0.4980297088623047,0.4975155144929886,0.2279435396194458,0.22820065170526505,0.275686115026474,0.2771456241607666,0.4862532615661621,0.4877433180809021,-176.7147216796875,-175.58288574218744,1.5093271732330322,0.47425225377082825,-3.7873494625091553,-3.812593698501587,0.6315947771072388,0.630736231803894,0.5168314464209522,0.5186950410555428,0.8560250997543335,0.8486912250518799,0.8048452752231771,0.7905100267244047,0.337876558303833,0.34036657214164734,-0.6197143125792315,-0.6118596172585798,0.8557084202766418,0.8616948127746582,0.8041559907643359,0.8189891127080594,0.7193010449409485,0.7135523557662964,0.8562117788710044,0.8411397304839099,0.7953594923019409,0.7723180055618286,0.6728005317244711,0.6232454585855912,0.27602407336235046,0.27939626574516296,-0.8590531582601572,-0.8492475867715218,0.7806790471076965,0.7875312566757202,0.6408470789935801,0.6565639162143662
333,13.875,333,13.875,0.0,0.03872582203707204,0.03360277665105317,0.5782591515362692,0.5757588483160794,0.08204931609186311,0.08268106016031228,0.08142995081607687,0.08258847000960569,0.09200784978632656,0.0885265429900645,0.12723622141902213,0.12409444430304123,0.08309364919370088,0.08308141532502752,0.4844931960105896,0.4846067726612091,0.4851735234260559,0.48607850074768066,0.49820566177368164,0.49760204553604126,0.23029084503650665,0.2307048663496971,0.2811402380466461,0.28248313069343567,0.4869019389152527,0.4890284240245819,-174.50515747070312,-173.5338287353515,2.2477011680603027,0.569024384021759,-3.6643805503845215,-3.8160440921783443,0.6318357586860657,0.6308028101921082,0.5176505367154363,0.5176559708304249,0.855570375919342,0.8493411540985107,0.8033242361996746,0.7876561037089579,0.33695170283317566,0.3407685160636902,-0.6246586683819582,-0.6094996013528831,0.8553270697593689,0.8624844551086426,0.8027940749070199,0.8163878148016811,0.7199541330337524,0.7133313417434692,0.8589997150033142,0.8383852641774909,0.7949891686439514,0.7724770307540894,0.6713184901747783,0.6196284686707798,0.27592992782592773,0.27946728467941284,-0.8610422025833998,-0.8477335824209734,0.7799105048179626,0.7876062989234924,0.6384622570799182,0.6527015727374469
334,13.916666666666666,334,13.916666666666666,0.0,0.047472330828060995,0.03965841163618722,0.5851362302699411,0.577446744055692,0.0761357600253937,0.07532342690887435,0.07567425595442596,0.07672839605355675,0.09137693645281281,0.0909615742992361,0.12484297955898288,0.12754865226816034,0.08335081412255328,0.08307864833604846,0.4843808114528656,0.48457835614681244,0.48523086309432983,0.4857805073261261,0.4977361559867859,0.49730272591114044,0.2361316978931427,0.2369494065642357,0.2894798815250397,0.29015305638313293,0.486611932516098,0.48912231624126434,-172.7215576171875,-172.69656372070307,2.109978199005127,1.1516951322555542,-3.588424205780029,-3.617708444595337,0.6321254372596741,0.6309663653373718,0.5227613639516617,0.522574125525864,0.8544817566871643,0.8487088680267334,0.8049252342568005,0.7907889431968226,0.3387855291366577,0.3421717882156372,-0.6183026332614813,-0.6065031182468721,0.8563598394393921,0.8625673055648804,0.8090346123573202,0.8212658871223804,0.719100296497345,0.7131580710411072,0.8610851916702136,0.8439125158164662,0.7932817339897156,0.7708775401115417,0.6710152493395328,0.6196252741328592,0.2759091556072235,0.2798835039138794,-0.8628856719923557,-0.8500266811187471,0.7794129848480225,0.7877085208892822,0.6406694437902987,0.6566393210601094
335,13.958333333333334,335,13.958333333333334,0.0,0.04324967448427209,0.04504076848698107,0.5767482790827283,0.579263178689982,0.07934721635532738,0.08204664143433145,0.07920003273295326,0.08277980366675204,0.09599536535040437,0.08845046139173647,0.1310507067171507,0.12337188932286104,0.08292826712953665,0.08351269688773943,0.4842447489500046,0.4844687283039093,0.48498180508613586,0.48529180884361267,0.4976317286491394,0.49771808087825775,0.23935476690530777,0.2393878474831581,0.293649822473526,0.2943207323551178,0.4871384799480438,0.48906493186950684,-171.91287231445312,-171.5763092041015,2.3837528228759766,1.738527774810791,-3.4304122924804688,-3.491091251373291,0.632311999797821,0.6306057572364807,0.5232909378454265,0.5200910676182593,0.8547321557998657,0.8491936326026917,0.8033962304191736,0.7928206409893981,0.33861202001571655,0.3422035872936249,-0.6178601495004851,-0.6086471011842609,0.8561156988143921,0.8628754019737244,0.8064200399009812,0.8229409539234339,0.7186334133148193,0.7131380438804626,0.858686857754035,0.8431029995744963,0.7933781743049622,0.7716152667999268,0.6693037236860523,0.6220324489418363,0.27591103315353394,0.27986669540405273,-0.861480524920753,-0.85261901448234,0.7798284888267517,0.7871671319007874,0.6396901395803567,0.656269763637229
336,14.0,336,14.0,0.0,0.06171596371652287,0.05217828728712079,0.5824235737714515,0.5831355130039839,0.08117146318878116,0.08514951749001509,0.08120943571308016,0.08605091349987999,0.09635489764565805,0.08999283327629533,0.1301389774866936,0.1227799443453496,0.0834610703137935,0.08366178095191322,0.4842127859592438,0.4845559448003769,0.48486000299453735,0.4851072132587433,0.49760036170482635,0.4975951910018921,0.2407437413930893,0.24067861586809158,0.29572075605392456,0.2961429953575134,0.4871872812509537,0.4895065277814865,-171.60519409179688,-171.41012573242182,2.0365960597991943,1.8005675077438354,-3.2681126594543457,-3.0785112380981445,0.632014274597168,0.6308090686798096,0.5218120966139681,0.519442558381488,0.8546818494796753,0.8490568995475769,0.8024969119349069,0.7886246135231747,0.33770227432250977,0.3419331908226013,-0.6207449394644027,-0.6069748064192413,0.8551375269889832,0.8626339435577393,0.8034919737009087,0.8184040044683385,0.718563973903656,0.7132681608200073,0.8578091603450115,0.8409763394690679,0.7940739393234253,0.772857666015625,0.6701475796069587,0.6214920062066354,0.27535757422447205,0.2797639071941376,-0.862775083300649,-0.8493922805114825,0.7789866328239441,0.7877006530761719,0.6372014685022264,0.6540480702614612
337,14.041666666666666,337,14.041666666666666,0.0,0.07998141749447103,0.06576986625617724,0.5843150551769241,0.5846643839756278,0.07992680471978386,0.08287630342329315,0.08047873959637356,0.08343274278529388,0.09244379152536122,0.08830312188045289,0.12445401680956919,0.12120059845933255,0.08359272641532967,0.08319129219167828,0.48413173854351044,0.48420408368110657,0.4845285713672638,0.4851367473602295,0.49757637083530426,0.4973558485507965,0.24070538580417633,0.24076445400714874,0.2957669794559479,0.29672202467918396,0.48740823566913605,0.48946163058280945,-172.08982849121094,-171.07228088378903,1.9620568752288818,1.0270845890045166,-3.001457452774048,-3.2998974323272705,0.6316057443618774,0.6307947635650635,0.5198962789323446,0.5208770757393866,0.8545712232589722,0.849026620388031,0.8011210499438265,0.789500969259902,0.3376395106315613,0.34241801500320435,-0.6203907120968734,-0.6047978256645522,0.8552587032318115,0.8626389503479004,0.80262107771425,0.8193897181701453,0.7188148498535156,0.7131049036979675,0.8581780170405344,0.8421736412243671,0.794467568397522,0.77302485704422,0.6699795549795904,0.6226230263937049,0.2749795615673065,0.27981650829315186,-0.8634469429770208,-0.8491619959556954,0.7794118523597717,0.7876021265983582,0.6371291548916256,0.6546305042307138
338,14.083333333333334,338,14.083333333333334,0.0,0.08096604535794077,0.07196257565552745,0.5795532017575004,0.5906820684389449,0.08330373086564156,0.08364689523429904,0.08456497113161288,0.08551029217132271,0.08944425156016308,0.0879825722570811,0.12214731716973042,0.12044936472987193,0.0847008031623618,0.0832565019828146,0.4841426610946655,0.48436321318149567,0.48452451825141907,0.4855010211467743,0.49763357639312744,0.4973472058773041,0.23969896137714386,0.24008126556873322,0.2951948940753937,0.2963997721672058,0.48740412294864655,0.4894225001335144,-171.3883819580078,-170.50703430175776,2.1860127449035645,0.10278445482254028,-3.1708154678344727,-3.342000722885132,0.6316442489624023,0.6309579014778137,0.5189733415232203,0.5215858199519724,0.8550918698310852,0.8487387299537659,0.8009535802282526,0.7890125513505256,0.3368646502494812,0.34283122420310974,-0.6225980753192435,-0.6031953103379486,0.8544262647628784,0.8625489473342896,0.799503657659664,0.8193380249745902,0.718967080116272,0.7129867076873779,0.8571420903724216,0.8418076551441379,0.7944731712341309,0.772802472114563,0.6689046770986854,0.6222662271789366,0.2750656008720398,0.279739648103714,-0.8619227391201065,-0.8494904987879672,0.7798643112182617,0.787764847278595,0.6370814280729165,0.6551216921501191
339,14.125,339,14.125,0.0,0.0683666353360631,0.05789938471305582,0.5815121579137684,0.580040554865739,0.08099041354317543,0.08143119574312657,0.08273791432885681,0.0840105152447514,0.0917980544539869,0.08897503862057674,0.12383403122843607,0.1207968622967049,0.08449046154045478,0.08370755068942155,0.48426827788352966,0.48448212444782257,0.4843347370624542,0.48545387387275696,0.4981035888195038,0.4976348876953125,0.23933102190494537,0.23990027606487274,0.2943907678127289,0.296048104763031,0.48705239593982697,0.4890883266925812,-171.80572509765625,-170.59951782226557,2.5709261894226074,0.22265295684337616,-2.91139817237854,-3.12638783454895,0.6319236159324646,0.6309727430343628,0.5189483431718848,0.5202848568566488,0.8550812602043152,0.8486194014549255,0.8028001120370516,0.7891265948224782,0.33684903383255005,0.34292370080947876,-0.6253382692021165,-0.603683683964611,0.8544572591781616,0.8626726269721985,0.8014389468069589,0.8199717005092355,0.7190160751342773,0.7131078243255615,0.8566891759950183,0.8407762799700463,0.7947639226913452,0.7722878456115723,0.6712268306588025,0.6215881955895783,0.27522116899490356,0.27947884798049927,-0.8643284939143038,-0.851245759179341,0.779303252696991,0.7876671552658081,0.6375016835064434,0.655343893247117
340,14.166666666666666,340,14.166666666666666,0.0,0.05265666480560575,0.04903171857562508,0.5645220601749946,0.5820858694127078,0.08139559743391253,0.08344542318508202,0.08347038536390576,0.08591812882616204,0.09365517668322135,0.08789418773116303,0.12436891512518793,0.12037324342291099,0.08408691856874968,0.08324390574892833,0.4843863546848297,0.48442429304122925,0.4844081401824951,0.48536548018455505,0.49783967435359955,0.4979282319545746,0.23888424783945084,0.2395060583949089,0.29365530610084534,0.29515182971954346,0.4869678467512131,0.4892140328884125,-171.7747344970703,-170.84751892089838,2.4595861434936523,0.45300450921058655,-2.6231436729431157,-3.0682220458984375,0.6319609880447388,0.6309846043586731,0.5201435010394888,0.5187952046566164,0.8552566766738892,0.8490421772003174,0.8034085546601305,0.789183379368249,0.3371562361717224,0.3428637683391571,-0.6231555879884398,-0.6046061431166072,0.854502260684967,0.8630747199058533,0.8017628238911586,0.8199598754499028,0.718640923500061,0.7133241891860962,0.8563018926985086,0.8398424494450816,0.7945318222045898,0.7726017236709595,0.6709395151528244,0.6215324148999191,0.2755870223045349,0.2794194221496582,-0.8619306609114221,-0.851979658349106,0.7795067429542542,0.7877951860427856,0.6381628566625288,0.6548550667503774
341,14.208333333333334,341,14.208333333333334,0.0,0.0394407428120691,0.040876093686472555,0.5642940896672844,0.5792995639265831,0.08138807162026426,0.08530642989274051,0.08261296876468985,0.0873188139994104,0.09265929796831092,0.08647586797195059,0.12499769267939846,0.11830415545803863,0.08386932897168332,0.08302638838975461,0.484002485871315,0.48431161046028137,0.4841306805610657,0.4850461781024933,0.49761706590652466,0.49796992540359497,0.23863982409238815,0.23914869874715805,0.2931551933288574,0.29418790340423584,0.48663198947906494,0.4887398034334183,-171.88916015625,-171.14181518554685,2.82077956199646,1.0147753953933716,-2.779479742050171,-2.946894884109497,0.6314533948898315,0.6308374404907227,0.5201394438970612,0.5186451571406367,0.8553071618080139,0.849053144454956,0.8059575944061113,0.7911418957744129,0.33745601773262024,0.34270545840263367,-0.622447426375059,-0.6060711215473941,0.8546667098999023,0.8632718920707703,0.8045575080484276,0.822362074612145,0.7187357544898987,0.7133525013923645,0.8593522595001011,0.8407407175169846,0.7943177819252014,0.7727064490318298,0.6726292403860749,0.6235070555491844,0.2756333649158478,0.2792866826057434,-0.8627140303729011,-0.8536247912105633,0.7790890336036682,0.787581741809845,0.6393378058544112,0.6561688140486979
342,14.25,342,14.25,0.0,0.036385658446600466,0.03953375353500679,0.5705024465468259,0.5719728818168622,0.08295015199791016,0.0857579026960012,0.083986706039842,0.08762126677545566,0.09357413894673511,0.08738142843890585,0.12609355835036914,0.11875418006921142,0.08324007362627699,0.08321775803814374,0.4838346391916275,0.484226331114769,0.48391643166542053,0.4848804771900177,0.49749308824539185,0.49770672619342804,0.23858793824911118,0.2387530356645584,0.29309478402137756,0.2933048605918884,0.4870574474334717,0.488777756690979,-171.7185821533203,-171.53305053710932,2.8572125434875493,1.2129127979278564,-2.770551919937134,-2.878486394882202,0.6314510703086853,0.6309486627578735,0.5202976247530448,0.5203374873468515,0.8557393550872803,0.8489841222763062,0.8054852634497971,0.7912579553825413,0.33785146474838257,0.3425201177597046,-0.6200538126796239,-0.6060359972569678,0.8548910617828369,0.8634171485900879,0.8036319374752178,0.8229626890633792,0.7185179591178894,0.7133999466896057,0.8584685552517017,0.8423269076132597,0.7940000891685486,0.7725620269775391,0.6705991520313787,0.6233831018277174,0.2754652500152588,0.2791653275489807,-0.8623641165750727,-0.8534496359328831,0.7789599895477295,0.7877829074859619,0.6377399898270802,0.6568184987026338
343,14.291666666666666,343,14.291666666666666,0.0,0.03659453393837462,0.04029358409120725,0.569775369853609,0.5680694306658486,0.0824507466732602,0.08598545280108637,0.08364611981792663,0.08731710494741685,0.09427554673204394,0.08691292775835495,0.12734758188850395,0.11856585147134449,0.08300538792740794,0.08325810853881281,0.4837878793478012,0.48415374755859375,0.48395854234695435,0.48480817675590515,0.49757906794548035,0.4978049099445343,0.23817135393619537,0.2388426512479782,0.29242679476737976,0.29314661026000977,0.4868695139884949,0.48886436223983765,-171.88243103027344,-171.78593444824213,2.721252918243408,1.344832181930542,-2.8228981494903564,-2.9570469856262207,0.6315146684646606,0.6308513879776001,0.5202524058424903,0.5197683297650085,0.8556280136108398,0.8491204977035522,0.8057171985722655,0.7916629931098743,0.33839529752731323,0.34281718730926514,-0.6183250697358126,-0.6054854733410936,0.8553457260131836,0.8630598783493042,0.8051004155757835,0.8222947873190402,0.7185126543045044,0.7134718298912048,0.8581828086717815,0.8425389113899394,0.7938494086265564,0.7732781171798706,0.6707343179319103,0.624999333398232,0.2754107713699341,0.27910807728767395,-0.8629788521297865,-0.854375772402658,0.7790724635124207,0.78754723072052,0.6384474992334644,0.656355715767889
344,14.333333333333334,344,14.333333333333334,0.0,0.039496610605745164,0.042205249157595486,0.5717240183509614,0.5704921674615205,0.08225627585360813,0.08510486722849313,0.08328518044743684,0.08675266237005298,0.09521089676835286,0.08758498037702976,0.12753918573807357,0.11864419372814167,0.08275733095627545,0.08301181901557597,0.4838249534368515,0.4841499775648117,0.4840701222419739,0.48460647463798523,0.4975876808166504,0.4977286159992218,0.23793724924325943,0.23800405114889145,0.291766881942749,0.2917534410953522,0.48666538298130035,0.48912158608436584,-172.3514862060547,-172.30278015136716,2.5785977840423584,1.7845029830932617,-2.8160293102264404,-2.8281946182250977,0.6317786574363708,0.6309811472892761,0.5214635780121574,0.5204112117952642,0.8555272221565247,0.84893798828125,0.8062819188943665,0.7904504668242739,0.3381248116493225,0.34271255135536194,-0.6196696708730798,-0.6054076216641845,0.8551297783851624,0.8630819320678711,0.8054131607508211,0.8215221103085901,0.7187714576721191,0.7134007215499878,0.8595159420007178,0.8422968082744966,0.7937209010124207,0.7731934785842896,0.6711816891625596,0.6240537081334979,0.2754770815372467,0.27901414036750793,-0.863117556278678,-0.8541786350978037,0.7788827419281006,0.7878344655036926,0.6387474872236537,0.6562172639762851
345,14.375,345,14.375,0.0,0.04404262255846315,0.04529033454640488,0.569703686053972,0.5664431702115915,0.08369527547883855,0.08399862313882815,0.08589587623922744,0.0857421747456301,0.09395150726269055,0.08920998163124405,0.12629597512054844,0.12134709819242791,0.08276931911001387,0.08254489795614904,0.48430420458316803,0.4840786010026932,0.4844155013561249,0.48496106266975403,0.497599333524704,0.4976317584514618,0.23605117946863174,0.2365339770913124,0.29011133313179016,0.2898874282836914,0.4867308437824249,0.48880839347839355,-172.2719268798828,-172.82319641113278,2.759600877761841,1.222617506980896,-2.6892616748809814,-3.1469192504882812,0.6320001482963562,0.6312738060951233,0.5226651576453812,0.522035448524454,0.8554196953773499,0.8487883806228638,0.8064996451171085,0.7909658937155497,0.3379150629043579,0.3417031168937683,-0.6209888282230455,-0.6090918222865173,0.8550138473510742,0.862289309501648,0.8056118605048349,0.8206308047049261,0.7184872627258301,0.713448166847229,0.8590009259543503,0.8430267086016519,0.7931472063064575,0.7726874351501465,0.6702797943704064,0.6237531194002128,0.27578648924827576,0.2787782549858093,-0.8625977857238591,-0.8548902748592297,0.779088020324707,0.7863553166389465,0.6395256002691566,0.6537848669502461
346,14.416666666666666,346,14.416666666666666,0.0,0.050443196876949536,0.0502904064112704,0.5648509596634383,0.5698860287190521,0.07769410274460108,0.08084460426156347,0.07837237258219869,0.08233197536605333,0.10295783725591649,0.0925022276587201,0.12984690164340942,0.123612502648577,0.08274869062540731,0.08254471621389625,0.4840904176235199,0.484189435839653,0.48449501395225525,0.4853690564632416,0.4979212284088135,0.49750809371471405,0.23404832184314728,0.23391088843345642,0.2837056815624237,0.28427350521087646,0.4871818870306015,0.4893590807914734,-175.62403869628906,-174.72392272949213,1.4471135139465332,0.24149467051029208,-2.701619863510132,-3.285799264907837,0.631706714630127,0.6314101815223694,0.5189354602460056,0.5207532787167444,0.8560177087783813,0.8496267199516296,0.8047481134161737,0.7881201744213944,0.3375970721244812,0.34141796827316284,-0.6218753033668624,-0.6070438925176235,0.854881227016449,0.8617504835128784,0.802268469357977,0.814642075402591,0.7185428738594055,0.7133921384811401,0.8557609525202353,0.8395860436189666,0.7937763929367065,0.7739818692207336,0.6689462781639026,0.6226397746522345,0.27513301372528076,0.278684139251709,-0.8641647759379043,-0.851019529374796,0.7790610194206238,0.7865748405456543,0.6368393938076973,0.650188112827199
347,14.458333333333334,347,14.458333333333334,0.0,0.054269741329027565,0.04956829677485078,0.5723634372010059,0.5577209728481827,0.05636319439138626,0.05190500246731489,0.055494031900489384,0.05085051521754512,0.12444489281396581,0.13115324398940506,0.15227687258394368,0.16095262460815155,0.08056535062792235,0.0825856832320969,0.48431164026260376,0.4846147745847702,0.48419150710105896,0.4848196506500244,0.49784354865550995,0.4975229501724243,0.23418636620044708,0.23473598808050156,0.2810547649860382,0.28190740942955017,0.4877750724554062,0.488424152135849,-176.98687744140625,-176.76965332031247,2.808790683746338,2.3315980434417725,-2.605778455734253,-3.0250155925750732,0.6316547393798828,0.631533682346344,0.5176191301931555,0.5221305621469587,0.8562983870506287,0.8497446775436401,0.8018726090454501,0.7918714670619104,0.33785754442214966,0.34174564480781555,-0.6188706333607628,-0.6069371512290771,0.854642391204834,0.8613871335983276,0.7982693154223741,0.817387118977406,0.7186481356620789,0.7132374048233032,0.8541339304305394,0.840463354262664,0.7937631607055664,0.7738206386566162,0.6658017469844126,0.6254760485041669,0.27507150173187256,0.27825063467025757,-0.8617446159453303,-0.8543254372181746,0.780548632144928,0.7858995795249939,0.6370481564392294,0.6519483022329058
348,14.5,348,14.5,0.0,0.058517648429157576,0.06219197423617918,0.5752613477132339,0.5711621669424193,0.04925427888891459,0.04708336150419387,0.04772167487712589,0.045274643272875933,0.13179897725565118,0.1316917406219586,0.16261921691020292,0.16192119545409644,0.08115805745446257,0.08237648978014488,0.4848371297121048,0.4848387539386749,0.4839681088924408,0.4846034646034241,0.4978681802749634,0.4972776025533676,0.23333320766687393,0.23365749418735504,0.27662378549575806,0.2770098149776459,0.48744814097881317,0.4880947023630142,-179.59339904785156,-179.70878601074213,4.495641231536865,2.776127338409424,-2.950465679168701,-3.0905940532684326,0.6320629119873047,0.6320890784263611,0.5174450342683189,0.5237907617470801,0.8564707636833191,0.8490644693374634,0.8003948305809381,0.788904306867044,0.3385515809059143,0.34179621934890747,-0.6143131117601704,-0.6041007385964573,0.855104386806488,0.8610133528709412,0.7974312155569436,0.8150187534059438,0.7183042764663696,0.7138074040412903,0.849985404734385,0.8412956606836134,0.794033408164978,0.7734729051589966,0.6649707846897424,0.6236979211825882,0.274406373500824,0.27821844816207886,-0.8616523226244588,-0.8511231006356058,0.780942440032959,0.7872667908668518,0.636577015377236,0.6538446449222775
349,14.541666666666666,349,14.541666666666666,0.0,0.06645593478316458,0.06762107883727797,0.5747230580703722,0.5723135523833998,0.04363606201041807,0.04424047979515825,0.04226154376901797,0.04193400924965973,0.12819583245911628,0.1284920742915037,0.15683867073618296,0.15798510365938667,0.08037460320864571,0.0821262562376875,0.4852084517478943,0.48530571162700653,0.48442959785461426,0.4847052991390228,0.4976818114519119,0.4975241422653198,0.2302015870809555,0.23132386803627014,0.27171239256858826,0.27293360233306885,0.4880727231502533,0.4882768988609314,-180.46858215332026,-180.63160705566395,4.403472423553467,3.6232922077178955,-2.606846332550049,-3.0413973331451416,0.6319155097007751,0.6315780878067017,0.5149765801118589,0.5206833295107121,0.8571100831031799,0.8498306274414062,0.7963771394458181,0.7899315206213122,0.33888110518455505,0.342563271522522,-0.6092258926018514,-0.6018886038481561,0.8555701971054077,0.8615044355392456,0.7930540883429842,0.8154367450270262,0.7181850671768188,0.7133899331092834,0.8459426657993079,0.8384514029048201,0.7951502203941345,0.7729593515396118,0.6626686763488046,0.6219812574512585,0.2739257216453552,0.2787439227104187,-0.8584218971167202,-0.8497714311121518,0.7828003168106079,0.7872235774993896,0.6360177679162948,0.6531460908140136
350,14.583333333333334,350,14.583333333333334,0.0,0.08149751965296279,0.07352387026301449,0.5728945740181595,0.5726211682875322,0.05250539842458252,0.04914178039361496,0.050371799369609775,0.04633881386206785,0.118579113410058,0.12359588236353124,0.14014265608585055,0.14557057471071677,0.08146835370835061,0.08221856224348321,0.48544663190841675,0.4857742190361023,0.48520126938819885,0.48560377955436707,0.4975149780511856,0.49727967381477356,0.2248130962252617,0.2260567843914032,0.2665207087993622,0.2659829556941986,0.48724861443042755,0.4874362200498581,-180.60777282714838,-181.76933288574207,2.531402587890625,2.3445193767547607,-2.239428758621216,-2.4880130290985107,0.6321685910224915,0.6316594481468201,0.5198203842181413,0.5221175155847727,0.8560404181480408,0.8503454327583313,0.800827692195207,0.7931491723625043,0.3394315540790558,0.342375248670578,-0.6102694489543553,-0.6018637403686066,0.8553464412689209,0.8621541857719421,0.799320728382725,0.8189575628673287,0.7181885838508606,0.7129862308502197,0.8518942494178309,0.8381035927058699,0.7945510149002075,0.7720912098884583,0.6673040715479107,0.6221221773741745,0.27403944730758667,0.27908194065093994,-0.862710874896802,-0.8477827776688079,0.7805434465408325,0.7874186635017395,0.6368867777538916,0.6556207955466606
351,14.625,351,14.625,0.0,0.08747650459689901,0.07416442151101207,0.5769388730598439,0.5673328218035132,0.055540797931986526,0.05424033724320205,0.05307588930323162,0.05174688115996884,0.11343874089560498,0.11780189517733566,0.1317474993231785,0.13762331051925883,0.08173207359916332,0.082695821269282,0.485728457570076,0.48599013686180115,0.4850994646549225,0.4862304925918579,0.49748480319976807,0.49732229113578796,0.22347397357225418,0.2244386225938797,0.26471206545829773,0.26444876194000244,0.48703576624393463,0.4877437800168991,-180.89323425292963,-181.82383728027332,2.832026720046997,1.2928427457809448,-1.8101012706756592,-2.2852401733398438,0.631949782371521,0.6316796541213989,0.5193221187091093,0.5210389282203071,0.8563930988311768,0.8502452373504639,0.8024110177762821,0.7907532472971309,0.33982670307159424,0.3421001136302948,-0.6088971202355691,-0.6019528458008359,0.8558507561683655,0.8614796996116638,0.8012328044591088,0.8152598729532766,0.7184654474258423,0.7132115960121155,0.853457435981193,0.8372204509479364,0.7946417331695557,0.7719404101371765,0.6682591496583992,0.6199407025603227,0.2742152810096741,0.2791353464126587,-0.8622973953599324,-0.8461307166498769,0.7812496423721313,0.7875062823295593,0.6391654773285682,0.653895777041065
