source_frame,source_time_s,candidate_frame,candidate_time_s,candidate_minus_source_sampling_ms,source_mouth_aperture,candidate_mouth_aperture,source_mouth_width,candidate_mouth_width,source_left_eye_aperture,candidate_left_eye_aperture,source_right_eye_aperture,candidate_right_eye_aperture,source_left_brow_height,candidate_left_brow_height,source_right_brow_height,candidate_right_brow_height,source_interocular_width_fraction,candidate_interocular_width_fraction,source_face_center_x,candidate_face_center_x,source_nose_x,candidate_nose_x,source_shoulder_center_x,candidate_shoulder_center_x,source_face_center_y,candidate_face_center_y,source_nose_y,candidate_nose_y,source_shoulder_center_y,candidate_shoulder_center_y,source_head_pitch_deg,candidate_head_pitch_deg,source_head_yaw_deg,candidate_head_yaw_deg,source_head_roll_deg,candidate_head_roll_deg,source_left_wrist_x,candidate_left_wrist_x,source_left_wrist_body_relative_x,candidate_left_wrist_body_relative_x,source_left_wrist_y,candidate_left_wrist_y,source_left_wrist_body_relative_y,candidate_left_wrist_body_relative_y,source_right_wrist_x,candidate_right_wrist_x,source_right_wrist_body_relative_x,candidate_right_wrist_body_relative_x,source_right_wrist_y,candidate_right_wrist_y,source_right_wrist_body_relative_y,candidate_right_wrist_body_relative_y,source_left_elbow_x,candidate_left_elbow_x,source_left_elbow_body_relative_x,candidate_left_elbow_body_relative_x,source_left_elbow_y,candidate_left_elbow_y,source_left_elbow_body_relative_y,candidate_left_elbow_body_relative_y,source_right_elbow_x,candidate_right_elbow_x,source_right_elbow_body_relative_x,candidate_right_elbow_body_relative_x,source_right_elbow_y,candidate_right_elbow_y,source_right_elbow_body_relative_y,candidate_right_elbow_body_relative_y
0,0.0,0,0.0,0.0,0.02918761226569796,0.020400719782125147,0.5413733301414524,0.5799217536312241,0.07558061971401746,0.05903302820144976,0.07211539968169003,0.05820636890072676,0.12049730605005028,0.15726959151248046,0.16445178906500302,0.20469472820682175,0.12217985627094476,0.08160936746476281,0.5049387514591217,0.4992355406284332,0.5148789286613464,0.5054039359092712,0.515105128288269,0.5005559772253036,0.3495456427335739,0.24580829590559006,0.4253195524215698,0.2944667637348175,0.7571560740470886,0.48521220684051514,-178.86703491210938,-175.79605102539062,-10.78343677520752,-8.408236503601074,-4.896140098571777,-5.624788761138916,,0.6385842561721802,,0.5297380502926805,,0.8425884246826172,,0.7715094873790277,,0.34704160690307617,,-0.5891720439237251,,0.8710944652557373,,0.8330487830897754,,0.7232868075370789,,0.8548175539799386,,0.7882773876190186,,0.6542619530663961,,0.2768629193305969,,-0.8585104824697314,,0.7878599762916565,,0.6533608388256562
1,0.041666666666666664,1,0.041666666666666664,0.0,0.027604588696650192,0.023476810936757454,0.5494520053231289,0.5676431677012153,0.076581016005394,0.07058190436418917,0.07344161887471129,0.06880024950747357,0.12536831979572577,0.15094648633372634,0.16593567051422714,0.19030851652806094,0.12326396644882977,0.08179067702498148,0.5042088478803635,0.4986771494150162,0.5135648846626282,0.5057450532913208,0.5156916230916977,0.5028566420078278,0.3540838062763214,0.2491675242781639,0.43050616979599,0.30346745252609253,0.7660832107067108,0.48879125714302063,-179.67372131347656,-171.42874145507812,-9.057083129882812,-11.402111053466797,-4.834896564483643,-5.649558067321777,,0.6316304802894592,,0.4967364301261682,,0.8515012860298157,,0.7870103828539899,,0.34111806750297546,,-0.6238956855314582,,0.8591189980506897,,0.8035393398073436,,0.7204514741897583,,0.8393574470892555,,0.788845419883728,,0.6510593109880639,,0.273919939994812,,-0.8831079480141983,,0.7832714319229126,,0.6389648386832079
2,0.08333333333333333,2,0.08333333333333333,0.0,0.028548397292009357,0.03127922592339292,0.5326975243395606,0.5592468939980365,0.08501597986802688,0.0886014121787625,0.08327511123225996,0.08811128897208202,0.11745305678574196,0.1214640474414757,0.15698001738383832,0.15979173943170827,0.12347388844599358,0.08274724695769793,0.502984419465065,0.49789851903915405,0.5105113983154297,0.5037921071052551,0.5153104960918427,0.5029139220714569,0.35501115024089813,0.24888737499713898,0.43468761444091797,0.3047611713409424,0.7648933827877045,0.4897836744785309,-178.41079711914062,-172.69580078125,-7.399838924407959,-10.200308799743652,-4.609784126281738,-5.282845497131348,,0.6303823590278625,,0.49013217950721144,,0.8541369438171387,,0.7880535941287882,,0.3396833539009094,,-0.6276420739903836,,0.8592225909233093,,0.7990532552207924,,0.7200122475624084,,0.8347703790910793,,0.791480541229248,,0.6525351086100541,,0.27528464794158936,,-0.875263201721639,,0.7830232977867126,,0.6342430781764852
3,0.125,3,0.125,0.0,0.02331575213463142,0.03269424836524062,0.5411418005293144,0.515353447363673,0.08859759350853075,0.09460136430115079,0.08797575352179612,0.09351253388449494,0.10839725016201893,0.11252664889111262,0.14546492887176649,0.14915320746934846,0.12316900569023703,0.08370905077124456,0.5019245147705078,0.4970591515302658,0.5094752311706543,0.50193190574646,0.515407383441925,0.5031172782182693,0.3518468737602234,0.24653322994709015,0.43093234300613403,0.30387014150619507,0.7648539543151855,0.48825401067733765,-178.84381103515625,-172.50746154785156,-8.25159740447998,-8.956720352172853,-4.279048442840576,-5.199581146240234,,0.6310412883758545,,0.4925578347543874,,0.8549705743789673,,0.7942518214848799,,0.3387172818183899,,-0.6330047514974051,,0.857337236404419,,0.79937764837849,,0.7213180661201477,,0.8401589935951348,,0.7934857606887817,,0.6610851469988556,,0.27529001235961914,,-0.8772247260784847,,0.7830320000648499,,0.6384439051277077
4,0.16666666666666666,4,0.16666666666666666,0.0,0.02210881876684002,0.03955974878212619,0.5337557458702898,0.491742075302987,0.08737391214898486,0.10177901931689187,0.08726133289180277,0.09974346020471794,0.10434388098388682,0.10282242861258768,0.1448155491259579,0.13781723829444528,0.1237562777589861,0.08410978394461853,0.5002399832010269,0.495989054441452,0.5071181058883667,0.5014063715934753,0.5150530934333801,0.5031660348176956,0.34952715039253235,0.2419496402144432,0.4293769299983978,0.2990477681159973,0.7635494470596313,0.486875519156456,-178.1496124267578,-172.83749389648438,-6.519264221191406,-11.145707130432129,-4.66898250579834,-5.546001434326172,,0.6318196058273315,,0.493236460568854,,0.8538508415222168,,0.7913939296893893,,0.33725860714912415,,-0.6360615703329394,,0.8563780188560486,,0.7968438678169719,,0.7202791571617126,,0.8323757138462549,,0.7939295768737793,,0.6621718207029423,,0.2756875157356262,,-0.8721149263636125,,0.7830402255058289,,0.6386885888733602
5,0.20833333333333334,5,0.20833333333333334,0.0,0.024960463614017558,0.05148844295960918,0.5240616664554529,0.47669243214923196,0.08798652843187892,0.09897090818292535,0.08692790552351247,0.09639831525374844,0.10332003732871496,0.10229508376057489,0.1429685675023986,0.13612273713922202,0.12275070475523642,0.08383723536319816,0.4992382526397705,0.49538449943065643,0.5054782629013062,0.500252366065979,0.5144381523132324,0.5029518455266953,0.3466687947511673,0.23962174355983734,0.4274449944496155,0.29552313685417175,0.7636926174163818,0.4870409667491913,-177.7109375,-173.71075439453125,-6.189465045928955,-11.265519142150879,-4.528457164764404,-5.412214756011963,,0.6312976479530334,,0.49131933238382713,,0.8536297082901001,,0.7893758459251665,,0.334859162569046,,-0.6434739836291723,,0.8554507493972778,,0.7932970952750528,,0.7199690341949463,,0.830761413591968,,0.7923359274864197,,0.6573918960949515,,0.2757246792316437,,-0.8698461307889522,,0.7856247425079346,,0.6429406958281785
6,0.25,6,0.25,0.0,0.024823502227653352,0.04390616054546645,0.5134972164824344,0.4827860311301412,0.0918988789011,0.09909628926658867,0.09085036017766812,0.09733691697327991,0.09938914534176801,0.10090541435539607,0.13752214748628414,0.13241404969998358,0.12294204637578536,0.08349439422136921,0.4986889064311981,0.49484552443027496,0.5035005211830139,0.49826309084892273,0.5144984424114227,0.5033974051475525,0.34553392231464386,0.23976345360279083,0.4274164140224457,0.29603689908981323,0.7631486654281616,0.48647207021713257,-177.05702209472656,-173.4482421875,-3.6431374549865727,-7.441483497619629,-4.236050605773926,-4.497899055480957,,0.6296786665916443,,0.4830377311110736,,0.8537567853927612,,0.7902554984963176,,0.33378908038139343,,-0.6487678332930419,,0.8543081879615784,,0.7914419048287575,,0.7201192378997803,,0.828981443309517,,0.7917292714118958,,0.6567961358925761,,0.2762848734855652,,-0.8687268462983099,,0.7859141826629639,,0.6442843006099941
7,0.2916666666666667,7,0.2916666666666667,0.0,0.023975734062309392,0.040273597868675376,0.5136866252675636,0.48895706559492885,0.09492665714977978,0.09668449537757962,0.09298547843226634,0.0958678192680796,0.0975673881141254,0.09925521607440972,0.13317410031022903,0.13027558882267745,0.12299348248590693,0.08351052964529394,0.49771320819854736,0.4942163825035095,0.501899242401123,0.4966484606266022,0.5142251253128052,0.5029086172580719,0.34538619220256805,0.24112888425588608,0.42700856924057007,0.2978765368461609,0.7611487507820129,0.48466257750988007,-177.09934997558594,-172.70864868164062,-1.9779911041259768,-2.257810592651367,-4.1663007736206055,-3.830744981765747,,0.6280844807624817,,0.4808456154080306,,0.8537803888320923,,0.7975769477283133,,0.33383506536483765,,-0.6494724608507277,,0.8552706837654114,,0.8007971252642438,,0.7192845940589905,,0.8311781266097368,,0.7895152568817139,,0.6587150824535511,,0.2763548493385315,,-0.8702746912102733,,0.7850704193115234,,0.6491108317952539
8,0.3333333333333333,8,0.3333333333333333,0.0,0.028034812623040924,0.03419674702110049,0.5175780764711782,0.5063676880868075,0.09383175679666693,0.09724837372149207,0.09225777655118021,0.09523994501466336,0.09721510137473464,0.1003858855629485,0.13229494229482605,0.12726984285445375,0.12292255327022869,0.08315382452920848,0.49719394743442535,0.49355632066726685,0.5008113384246826,0.4959409534931183,0.5144363343715668,0.5032222718000412,0.3447509855031967,0.24097925424575806,0.42639315128326416,0.29842013120651245,0.7585028111934662,0.4851481765508652,-177.28514099121094,-172.2765350341797,-1.007883906364441,-2.3049538135528564,-4.014439582824707,-3.561572313308716,,0.6277453899383545,,0.4783421009814687,,0.8546620607376099,,0.7984393044422676,,0.3346404433250427,,-0.6475888752677892,,0.855728268623352,,0.8007431482736204,,0.7194701433181763,,0.8306928282976304,,0.7914554476737976,,0.661863531973277,,0.2749703526496887,,-0.8768050799864979,,0.7860124111175537,,0.6501023113317682
9,0.375,9,0.375,0.0,0.02854912436506443,0.03408348765322584,0.5308360017070725,0.5185292902813314,0.08773848242823856,0.09438383805433984,0.08759551646774305,0.09354196263965456,0.09851585357511193,0.10311767419798015,0.12919733804305686,0.12387821172244552,0.12340361984043091,0.08380515298167313,0.4964529722929001,0.4937174767255783,0.4989786148071289,0.49496713280677795,0.5140659213066101,0.502795398235321,0.3427826911211014,0.23965979367494583,0.4258134961128235,0.2970338761806488,0.7585879564285278,0.48538315296173096,-176.8499755859375,-172.03445434570312,-0.1111297756433487,0.5212714672088623,-3.2814507484436035,-2.4836487770080566,,0.6279208660125732,,0.48053183114782827,,0.853144109249115,,0.7944463864944629,,0.3356330096721649,,-0.6419704165925334,,0.8554086685180664,,0.7993383438854349,,0.7195901274681091,,0.8325784516297218,,0.7897440195083618,,0.6574879319960839,,0.2748252749443054,,-0.875496433604091,,0.7862062454223633,,0.6498455442145518
10,0.4166666666666667,10,0.4166666666666667,0.0,0.04444163813794157,0.03639758755584924,0.5392646576163844,0.5311385795432177,0.08752155931805657,0.08704843503710362,0.08706054054760926,0.08729120726387683,0.09709788483747574,0.10322557383229301,0.12765282773293862,0.12737672519768195,0.12297650659768236,0.0831750567948989,0.4961942434310913,0.4933526813983917,0.4992932379245758,0.49566102027893066,0.5128321349620819,0.5034910142421722,0.34101130068302155,0.23789367824792862,0.420193076133728,0.2945403754711151,0.7600553929805756,0.4862558990716934,-177.95909118652344,-171.11456298828125,-1.3697998523712158,-2.6620309352874756,-3.461318016052246,-3.293121814727783,,0.6274659037590027,,0.4765588737989745,,0.85373854637146,,0.7945883512093239,,0.3355904817581177,,-0.6454088322457159,,0.8548770546913147,,0.797050087716772,,0.7197846174240112,,0.8314315612135803,,0.789563775062561,,0.6558266270891172,,0.274887353181839,,-0.8787513639723399,,0.7859341502189636,,0.6479784806768327
11,0.4583333333333333,11,0.4583333333333333,0.0,0.03248085395458237,0.03760517217417077,0.5332631787418607,0.5258697621798112,0.08401594945419595,0.0951627245554475,0.08400927348557231,0.09450490299852786,0.10316905605148498,0.10092222892147362,0.13053482138993383,0.1217059508134718,0.12358435955452815,0.08340556940284044,0.4958748370409012,0.49368366599082947,0.498210072517395,0.4954427182674408,0.511739194393158,0.5035975873470306,0.3395852893590927,0.23652876168489456,0.41819319128990173,0.29237106442451477,0.759822428226471,0.48633618652820587,-177.3475341796875,-171.2614288330078,-0.37529414892196655,-0.8431214094161988,-3.0297701358795166,-2.822061538696289,,0.6273112893104553,,0.47565450213736554,,0.8533318638801575,,0.7937016529104575,,0.3360217213630676,,-0.644295771929977,,0.8548613786697388,,0.7970095349689086,,0.7192661166191101,,0.8292024673866533,,0.7888020277023315,,0.6541429583614108,,0.2752232551574707,,-0.8780537446910573,,0.785693883895874,,0.6474209748915539
12,0.5,12,0.5,0.0,0.022063667916958792,0.039638226416377244,0.5472548227980892,0.5402285550808139,0.08657940349387053,0.09203847274427616,0.08655583913203409,0.09159538261015852,0.09605076897387242,0.10168431153802508,0.12398183921678828,0.12300676632101747,0.1230949201742719,0.0835169138983462,0.49578364193439484,0.49361227452754974,0.4981693923473358,0.4953315556049347,0.5118063390254974,0.5035462230443954,0.3384687453508377,0.23619820922613144,0.4161725342273712,0.2897309958934784,0.7587564289569855,0.48669904470443726,-177.1563720703125,-173.0249786376953,-0.15113869309425354,-1.1559598445892334,-3.084620237350464,-2.8281795978546143,,0.6274795532226562,,0.476527784190009,,0.853430449962616,,0.7931781412246165,,0.33666756749153137,,-0.64165399126153,,0.8556826114654541,,0.7980491864881144,,0.7189615964889526,,0.8282792888753043,,0.7889330983161926,,0.6536812539678368,,0.27526092529296875,,-0.8777645766814528,,0.785528302192688,,0.6463172545345487
13,0.5416666666666666,13,0.5416666666666666,0.0,0.02251790891914198,0.033364282256099664,0.5404982824098952,0.5423743719144309,0.08805886062545837,0.0911972515155982,0.0880205898922533,0.09093727185635526,0.09592548190577954,0.10050714591557201,0.12171063632929814,0.11742565088077651,0.12292994280784823,0.08363668956683414,0.4957805573940277,0.49356459081172943,0.497297465801239,0.49506524205207825,0.5111275315284729,0.5036164224147797,0.33742719888687134,0.2352353110909462,0.4141881465911865,0.2881883978843689,0.759270578622818,0.487065389752388,-177.56222534179688,-173.70489501953125,0.7824472784996033,-1.643568992614746,-2.6467905044555664,-2.2590534687042236,,0.6273155212402344,,0.4758460481451302,,0.8539660573005676,,0.7939094288838928,,0.3383752107620239,,-0.6356503669167924,,0.856458306312561,,0.7993022236230528,,0.7191868424415588,,0.8292569100399962,,0.7894390821456909,,0.6542842427670368,,0.2747519314289093,,-0.8803965803343665,,0.7858992218971252,,0.6466245989537734
14,0.5833333333333334,14,0.5833333333333334,0.0,0.026365670406487615,0.028550491825549935,0.5389842957207561,0.5422987282436876,0.08543845737889266,0.09085459224651085,0.08547908063550534,0.0908635835963917,0.10040593597120032,0.10310524343844692,0.1243231155107197,0.11895060550861332,0.12245119683596752,0.08382663809799215,0.49565528333187103,0.4935118556022644,0.4966728389263153,0.4948720932006836,0.5108850747346878,0.5035322457551956,0.33598262071609497,0.23456937819719315,0.4121150076389313,0.2870895266532898,0.7599330842494965,0.4867548644542694,-178.12503051757812,-174.01971435546875,1.2179633378982544,-1.5057263374328613,-2.4184622764587402,-2.0530548095703125,,0.627531886100769,,0.47720091685189836,,0.853270947933197,,0.7934076942214866,,0.3388959765434265,,-0.6335871490915723,,0.8570888042449951,,0.8016723153656957,,0.7191728949546814,,0.8298726933542004,,0.7893013954162598,,0.6549310012450336,,0.27500104904174805,,-0.8794807492747039,,0.7848529815673828,,0.6453013944313852
15,0.625,15,0.625,0.0,0.03099764395567988,0.03327262163426704,0.5400026083301981,0.5365313580755652,0.0791552867328976,0.09059898992334034,0.07801062019955111,0.09013280402938867,0.10682599726415036,0.10292249498502698,0.12916000215715415,0.11726857695157258,0.12244016059855771,0.08377473299356555,0.49565389752388,0.493265837430954,0.4965555667877197,0.4944368004798889,0.5111324191093445,0.503511980175972,0.3337632864713669,0.2331922948360443,0.40957507491111755,0.28598326444625854,0.7588146924972534,0.487111434340477,-178.44090270996094,-173.97959899902347,1.571878433227539,-1.429380178451538,-2.5418825149536133,-1.9095749855041502,,0.6277013421058655,,0.4784839180675211,,0.8528521656990051,,0.7926451482841664,,0.3395874798297882,,-0.6315777452595371,,0.8573552370071411,,0.8024043501414861,,0.7195964455604553,,0.8325426592421007,,0.7894337177276611,,0.6552026356346233,,0.2750135660171509,,-0.8803718352353535,,0.7842950224876404,,0.6440658890234822
16,0.6666666666666666,16,0.6666666666666666,0.0,0.04581643968930269,0.03660068576455549,0.53800315629084,0.5339910548864325,0.07625596332438972,0.08750072633353634,0.07543651331387748,0.08627682246795815,0.10937550867607777,0.10292245497467031,0.1283842808658314,0.11805152610226466,0.12276643469160281,0.08357320400265957,0.4959206283092499,0.4931211918592453,0.4958711266517639,0.4939115643501282,0.5120178312063217,0.5037384033203125,0.33296889066696167,0.23181206732988358,0.4065145254135132,0.2853595018386841,0.7605225145816803,0.48728324472904205,-180.497299194336,-173.17051696777344,2.3300135135650635,0.13182733952999115,-2.04594898223877,-2.001193046569824,,0.6277235746383667,,0.47594612037685796,,0.8525385856628418,,0.7886914749293742,,0.3394729197025299,,-0.6305715337454026,,0.8578826189041138,,0.8002307817834643,,0.7198439836502075,,0.8295718871570065,,0.7894887924194336,,0.6525488129220077,,0.27447235584259033,,-0.8800914227979862,,0.7850607633590698,,0.6429874229044928
17,0.7083333333333334,17,0.7083333333333334,0.0,0.056832547822181834,0.04724583310029251,0.5602986186258588,0.559234646841869,0.07510892482458427,0.0849742409772455,0.07468980736970529,0.0843757862998879,0.10797102668552426,0.1063078231461315,0.12418826646730227,0.1215876975341963,0.12254960301138537,0.08277691128600304,0.49611911177635193,0.4930502772331238,0.4963618814945221,0.4941476583480835,0.5112497508525848,0.5037184655666351,0.3333529680967331,0.2319112792611122,0.40630677342414856,0.2848028242588043,0.7597786784172058,0.48691272735595703,-180.80270385742193,-173.43740844726562,1.1397545337677002,-0.7775738835334778,-1.732296705245972,-2.1603925228118896,,0.6275377869606018,,0.4750227438455166,,0.8524511456489563,,0.7888265863683717,,0.3401678204536438,,-0.6274487319477676,,0.8592287302017212,,0.8034525151874189,,0.7202935814857483,,0.8308727963806373,,0.7887991666793823,,0.6514665421885174,,0.27446261048316956,,-0.8795214195843944,,0.7852699160575867,,0.6438504707139234
18,0.75,18,0.75,0.0,0.06308725391283446,0.05311454999882185,0.5640990404062088,0.5553326800805274,0.07927591378626211,0.0526958167376549,0.07957041999704602,0.05013561497218509,0.10517183213194407,0.14671707293395547,0.12221452611802308,0.16040735907930517,0.12328204344414564,0.08407258881124437,0.4961002767086029,0.49354811012744904,0.4965764582157135,0.4940571188926697,0.5113983452320099,0.5040627866983414,0.3356151431798935,0.23614326864480972,0.4087425470352173,0.28573480248451233,0.760107547044754,0.4864252954721451,-180.76223754882815,-175.2000732421875,0.38978520035743713,0.1837289184331894,-1.6356767416000366,-1.73762845993042,,0.6275163292884827,,0.47428123436691305,,0.8519294261932373,,0.7898546893775193,,0.3402588963508606,,-0.629298355301387,,0.8593507409095764,,0.8058921558173168,,0.7204809784889221,,0.8314308766550438,,0.7888067960739136,,0.6534466402886412,,0.2746897339820862,,-0.8812005900384751,,0.785123348236084,,0.6454867068617676
19,0.7916666666666666,19,0.7916666666666666,0.0,0.04839174883692355,0.04406987637911992,0.5588434637568664,0.5544736234402822,0.05616836871389479,0.05037446879176967,0.05522689784344569,0.04947344433619089,0.12549361847069024,0.15087448939323297,0.14482561592476959,0.16317696579380314,0.12279758580986298,0.08285103909848808,0.49681223928928375,0.4939800500869751,0.4952341914176941,0.4935283362865448,0.5119456499814987,0.5039137601852417,0.34147921204566956,0.23899147659540176,0.4145156443119049,0.28990817070007324,0.7602948546409607,0.4870067536830902,-180.3680267333985,-174.0724334716797,4.076118469238281,2.0709140300750732,-1.6932289600372314,-0.9681986570358276,,0.6275651454925537,,0.4756232092752384,,0.8515317440032959,,0.7887037152556171,,0.33997660875320435,,-0.6305818077958527,,0.8588649034500122,,0.8045700900002031,,0.7213813066482544,,0.836485673855477,,0.788877546787262,,0.6531420955234926,,0.27530279755592346,,-0.87934865793071,,0.7844915390014648,,0.6436523191634148
20,0.8333333333333334,20,0.8333333333333334,0.0,0.03931791247439634,0.04966400696240051,0.5572157624723042,0.5672442444383672,0.0546490178415887,0.052278298854444766,0.05407797473537996,0.052902718505249524,0.12576705206270125,0.13896106763295366,0.14447532143573294,0.15469431007761675,0.12421955764001859,0.08281456965332944,0.4969690144062042,0.4946563243865967,0.4958992600440979,0.49425408244132996,0.5118350982666016,0.5036459416151047,0.3467573821544647,0.24055509269237518,0.419332355260849,0.29327765107154846,0.7599788010120392,0.48769401013851166,-180.48411560058597,-172.806640625,2.8423619270324707,1.786268711090088,-1.5688731670379639,-1.100142002105713,,0.627202033996582,,0.47573912860101913,,0.8522486686706543,,0.7895686334199894,,0.34001442790031433,,-0.6300451256259555,,0.8580669164657593,,0.8021700523100318,,0.7212553024291992,,0.8378808822270739,,0.7886154651641846,,0.6517490215817018,,0.2753291130065918,,-0.8791088079396526,,0.783713698387146,,0.6411325578912547
21,0.875,21,0.875,0.0,0.039834792463469645,0.042952200127696856,0.5527644848894385,0.5713823156981948,0.06089025587558568,0.06281429263992996,0.06088839404095727,0.061830726184368585,0.11689306776558595,0.12177343159633601,0.13356772353885712,0.131689324838314,0.12419648168798705,0.08346321759978527,0.4965578764677048,0.4947539269924164,0.49637168645858765,0.49409162998199463,0.5110397636890411,0.5031908452510834,0.34976211190223694,0.24314964562654495,0.42444944381713867,0.2979966998100281,0.7613019645214081,0.4890870600938797,-179.2855072021485,-171.40231323242188,1.4226844310760498,2.430515766143799,-1.4412368535995483,-0.7508679628372192,,0.6273844242095947,,0.4791494850588385,,0.8521778583526611,,0.7879699449179799,,0.3412282168865204,,-0.6248657187468704,,0.8583649396896362,,0.801396983454012,,0.7209046483039856,,0.8399585348760118,,0.7877944111824036,,0.6482467088468202,,0.2756612002849579,,-0.8778288953051212,,0.7837050557136536,,0.6393720989175309
22,0.9166666666666666,22,0.9166666666666666,0.0,0.038282852037126676,0.038471680782104715,0.5572294008499791,0.5641330223202763,0.07499019342387504,0.0772812844247439,0.07525484772617466,0.07668519981065801,0.11171343667464524,0.11155669437502252,0.1235985799926084,0.11762390508785722,0.12468820988424247,0.08369040342616399,0.49801473319530487,0.4948570877313614,0.4974549114704132,0.49453985691070557,0.5109999179840088,0.5030822902917862,0.3514773100614548,0.24435418099164963,0.42855530977249146,0.2996905446052551,0.7621150612831116,0.48925240337848663,-178.10855102539068,-171.05564880371094,1.5031906366348267,1.1342036724090576,-0.9136230945587158,-0.5382580757141113,,0.6269797086715698,,0.4794528270141035,,0.8513307571411133,,0.7881497014024308,,0.3415412902832031,,-0.6251243177270126,,0.8571220636367798,,0.8007558581578879,,0.7212036848068237,,0.8440766611611457,,0.7873350381851196,,0.6488477899181921,,0.27565059065818787,,-0.880105273926706,,0.7827123999595642,,0.6387855177627252
23,0.9583333333333334,23,0.9583333333333334,0.0,0.038409953047152876,0.035900914292244075,0.5586342214163943,0.563811802652302,0.07733021651417876,0.08382059309454636,0.07903484318710541,0.08524679941712436,0.10767429392721113,0.10771755537236942,0.11998214304925381,0.11151753516702469,0.12430675504146504,0.08366507309950763,0.4979740381240845,0.4949933737516403,0.49778521060943604,0.4948006272315979,0.5109785795211792,0.5033747851848602,0.35041967034339905,0.2433197796344757,0.4279751777648926,0.2996804118156433,0.7612588405609131,0.48954688012599945,-178.023666381836,-170.29786682128906,0.8405681848526001,0.17347732186317444,-0.8322117328643799,-0.22719727456569672,,0.6270892024040222,,0.477304144381927,,0.8516994714736938,,0.7859393178000689,,0.34245961904525757,,-0.6208288202681874,,0.8574296236038208,,0.7983748269297518,,0.7215555906295776,,0.8417661013499128,,0.7885314226150513,,0.6488527570164716,,0.275116503238678,,-0.8806461398060584,,0.7830783724784851,,0.6370186113920717
24,1.0,24,1.0,0.0,0.042664693998489045,0.03637127696674066,0.5602296330752388,0.5649766815274433,0.07967189688964968,0.08610229945783307,0.08147930913563137,0.08670697698563287,0.10693903992704401,0.10871436934381877,0.11939245559190594,0.11108074726448974,0.12419044599655982,0.08320703370440488,0.4983880966901779,0.4950496256351471,0.49807044863700867,0.4945416748523712,0.5110482573509216,0.5037954747676849,0.35023756325244904,0.24213406443595886,0.4279986619949341,0.29885128140449524,0.7600913047790527,0.48925550282001495,-177.86177062988287,-169.89614868164062,0.9529002308845519,1.2865700721740723,-0.8401734828948975,-0.10370993614196777,,0.6269437074661255,,0.47481153324281233,,0.8513001203536987,,0.7851953118207818,,0.3425719141960144,,-0.6216151406521134,,0.8578340411186218,,0.7993659518578451,,0.7216274738311768,,0.8398751910468396,,0.7885625958442688,,0.6491313911481796,,0.2752673029899597,,-0.8811154594209013,,0.7820679545402527,,0.6350459396405443
25,1.0416666666666667,25,1.0416666666666667,0.0,0.03701811296228793,0.036056856085528805,0.559457626668391,0.5648101271932526,0.08104116810211305,0.0871511727879435,0.08304812820570102,0.08823132728384006,0.10532019142343106,0.10717810528842996,0.11833096991091413,0.10801614897704616,0.12411560943689628,0.08346460085153085,0.4982765316963196,0.4951322227716446,0.4979187548160553,0.49471333622932434,0.5103127956390381,0.5040649473667145,0.34991055727005005,0.24200500547885895,0.42990803718566895,0.2983286380767822,0.7605312466621399,0.48870547115802765,-176.46206665039068,-170.6202850341797,1.1752668619155884,0.3530767858028412,-0.8643684387207031,-0.01992553099989891,,0.6270145177841187,,0.47369318921543757,,0.8510932922363281,,0.7853554200361129,,0.3423212170600891,,-0.6231571463360026,,0.8572332859039307,,0.7986618200456131,,0.7218251824378967,,0.8389743850668228,,0.788793683052063,,0.6503416781465294,,0.27564865350723267,,-0.8800294489825425,,0.7813084125518799,,0.634119836749478
26,1.0833333333333333,26,1.0833333333333333,0.0,0.0381990334591792,0.03534667058190618,0.5532790482847779,0.5670973221390543,0.08143979890548701,0.08635886364807242,0.08305917220755749,0.08768601136071179,0.10458195601347862,0.10383467833642542,0.11595809263489007,0.1065853058421934,0.1239012547088691,0.08326359050030448,0.4983447939157486,0.49554914236068726,0.4976975619792938,0.49439334869384766,0.5105787664651871,0.503768265247345,0.3500064015388489,0.24221427738666534,0.43112805485725403,0.2997533082962036,0.7607761919498444,0.4886282831430435,-175.9827270507813,-170.04776000976562,1.4576994180679321,2.5006554126739506,-0.7597731351852417,0.16565914452075958,,0.6271003484725952,,0.4753646494429464,,0.8506098985671997,,0.7848015561873461,,0.3426263630390167,,-0.6210968131782003,,0.8573439121246338,,0.7994013703604178,,0.7220611572265625,,0.8413765612153605,,0.7884963750839233,,0.6501350764192094,,0.27614232897758484,,-0.8773493528149834,,0.7812114357948303,,0.634340816580595
27,1.125,27,1.125,0.0,0.038981086876934974,0.03432765733368177,0.5485800005518446,0.5622828306318318,0.0812367079797345,0.08552513823651049,0.08309267732261454,0.08694395393277385,0.10372455590377848,0.10336333516573003,0.11517577312134583,0.1069986650769814,0.12365689437985534,0.08345173912599983,0.4984678626060486,0.49582651257514954,0.49743619561195374,0.49460265040397644,0.5107100307941437,0.5032858699560165,0.3513941019773483,0.24359623342752457,0.43188199400901794,0.30169978737831116,0.7609300017356873,0.4881599247455597,-176.41137695312506,-169.92735290527344,2.0624520778656006,2.9102001190185547,-0.7461850047111511,0.19896754622459412,,0.6271757483482361,,0.479036664149301,,0.850492000579834,,0.7880653571997054,,0.3430466651916504,,-0.6195861608100457,,0.8571003675460815,,0.8024384293649878,,0.7216635346412659,,0.8443862353658276,,0.7882819175720215,,0.6527596126721391,,0.27702808380126953,,-0.8748557713023204,,0.7805637717247009,,0.635972792598086
28,1.1666666666666667,28,1.1666666666666667,0.0,0.0414026160865944,0.029897669733379442,0.5397768396375687,0.5618539106767699,0.0805815863048382,0.09030001545927117,0.08209351410785723,0.0914404267131769,0.1053603865984372,0.10084447239144109,0.11500418050246282,0.10334521155536958,0.12433190304784351,0.08408586065172652,0.49862435460090637,0.4958171993494034,0.4976895749568939,0.4944136142730713,0.5111035704612732,0.5028375685214996,0.3519400358200073,0.24480026960372925,0.4326855540275574,0.30184853076934814,0.7608970105648041,0.4882564842700958,-176.61367797851568,-170.89898681640625,1.8325252532958984,3.2950894832611084,-0.6304097771644592,0.2726590633392334,,0.6271952390670776,,0.4813863060430662,,0.8502278327941895,,0.7881663261878354,,0.34335267543792725,,-0.6173631527058565,,0.8569836616516113,,0.8028766529377813,,0.7216455936431885,,0.8470019298673143,,0.7878345251083374,,0.6523094295080918,,0.27757179737091064,,-0.8719997485991887,,0.7818937301635742,,0.6393737799177552
29,1.2083333333333333,29,1.2083333333333333,0.0,0.044389657775454734,0.026806804893461766,0.536483399911691,0.5641391512106256,0.08052544498766066,0.08987253147771615,0.0817075989097698,0.09106851819337526,0.10638598145330422,0.10024694166757082,0.11581000485790721,0.10411125798434955,0.1240721376023204,0.08378831106747936,0.49872639775276184,0.4955545514822006,0.4979322552680969,0.49457889795303345,0.5106998682022095,0.5029690265655518,0.3517235070466995,0.24480214715003967,0.43230292201042175,0.3014064431190491,0.7618648111820221,0.4882216602563858,-176.89112854003912,-171.06259155273438,1.8699496984481814,2.4253337383270264,-0.7217947840690613,0.016603492200374603,,0.6273790597915649,,0.4814002908341073,,0.8500493168830872,,0.7875447278734193,,0.34305447340011597,,-0.6187837942506921,,0.8566441535949707,,0.801898879051499,,0.7218899130821228,,0.8471067461840526,,0.7884359359741211,,0.6534386350620159,,0.2779138386249542,,-0.8708432119096559,,0.7822675704956055,,0.6400127301505701
30,1.25,30,1.25,0.0,0.044909056465867174,0.025351823894106652,0.5375410388470246,0.5706547627019678,0.08065058997821563,0.08653270046916532,0.08170082592818162,0.08741370750469755,0.10489445714133011,0.10143020755256815,0.11472350403204229,0.10235895362777363,0.12376402153919329,0.08369754886518076,0.49850834906101227,0.49554990231990814,0.49788689613342285,0.4948623776435852,0.5103899985551834,0.5031650066375732,0.3511275500059128,0.2437550202012062,0.4320419728755951,0.30062583088874817,0.7621597349643707,0.48742830753326416,-176.9820404052735,-170.3844757080078,1.7949861288070679,1.2685941457748413,-0.8145955204963684,0.12055134028196333,,0.626926064491272,,0.4791875748010351,,0.8503409624099731,,0.790398622624977,,0.34276437759399414,,-0.6210514822749315,,0.8557673692703247,,0.8022169608686012,,0.721777081489563,,0.8464390316894546,,0.7872095704078674,,0.6529028240841026,,0.2783905863761902,,-0.8702988742200848,,0.7824177742004395,,0.6424666238817774
31,1.2916666666666667,31,1.2916666666666667,0.0,0.051218129612525296,0.026996978322520866,0.5298339672664951,0.5668258481246867,0.08155907190412752,0.08997552982086485,0.0823606406986855,0.09088689278216197,0.10379767851921595,0.10136883797014111,0.11336455729118347,0.10094731679214587,0.12419076681944895,0.08375516581736632,0.49874328076839447,0.49572649598121643,0.4980984330177307,0.4951060116291046,0.5103443711996078,0.5033010691404343,0.35079382359981537,0.2430885136127472,0.4319024980068207,0.29962772130966187,0.7635081708431244,0.4872196614742279,-176.83020019531256,-170.55044555664062,1.7975664138793945,0.9861968159675599,-0.8118537664413452,0.135206937789917,,0.626792311668396,,0.4775212878223815,,0.850457489490509,,0.7900783725755808,,0.34231922030448914,,-0.6224915888651985,,0.8553739190101624,,0.8007720953493997,,0.7214102149009705,,0.8433938960961384,,0.7862228155136108,,0.6503615733761429,,0.27838215231895447,,-0.8697262139207086,,0.7836765050888062,,0.6448230951634283
32,1.3333333333333333,32,1.3333333333333333,0.0,0.054245814505678266,0.027591698813743994,0.5263670263994875,0.5620771460638648,0.08011183348958939,0.09018077540834693,0.08098911517337262,0.0911193901377897,0.10440772483339886,0.10076179578027757,0.11454038190885109,0.10050259989732607,0.12399482037525067,0.08330295344207035,0.4986422508955002,0.4959792494773865,0.4980033040046692,0.4951961934566498,0.5103757083415985,0.5030451118946075,0.3506731390953064,0.24286899715662003,0.4318830370903015,0.2998812794685364,0.7639151513576508,0.4875554144382477,-176.94790649414068,-170.55398559570312,2.071065664291382,1.4668687582015991,-0.8889193534851074,0.22268924117088318,,0.626552939414978,,0.47752129461518716,,0.8506485223770142,,0.7896575514928263,,0.3421489894390106,,-0.622076561753856,,0.8560090661048889,,0.8013157012683866,,0.7205938696861267,,0.8411140131616203,,0.7858813405036926,,0.6488014098119361,,0.27820390462875366,,-0.869308986580012,,0.7838274240493774,,0.644334537258247
33,1.375,33,1.375,0.0,0.04325926121075297,0.02843526189595581,0.5106308317546909,0.5614228863137601,0.08166853558479484,0.08881874619457741,0.08230698265507853,0.0895177482260901,0.10362338984443936,0.10113616869300979,0.11402410520683971,0.1007392623802715,0.1239275854780395,0.08343757296848231,0.4988473653793335,0.4958505779504776,0.49812859296798706,0.4952698051929474,0.5107079148292542,0.5031091868877411,0.3506905287504196,0.2429000586271286,0.4321299195289612,0.2998911142349243,0.7638469636440277,0.4873492121696472,-177.18092346191412,-170.57554626464844,2.7788684368133545,1.0842559337615967,-0.9564383625984193,0.1110403910279274,,0.6267106533050537,,0.4781628989967864,,0.8506455421447754,,0.7905617356025237,,0.341316819190979,,-0.6259076839124109,,0.8555829524993896,,0.8013059335953661,,0.7205269932746887,,0.8410994756688684,,0.7855029106140137,,0.6488061834663368,,0.27851295471191406,,-0.8688698329707385,,0.7830609679222107,,0.6434923217689015
34,1.4166666666666667,34,1.4166666666666667,0.0,0.036562787713389784,0.029940771490326975,0.5106947180540561,0.5613977221575744,0.08351071588176151,0.08939940382667669,0.08352349059160963,0.0900815319693206,0.1030232623976324,0.10216544020817316,0.11216293571978678,0.10177515035800729,0.12360906098626888,0.08326283294901747,0.49902720749378204,0.4958118349313736,0.49835559725761414,0.4952652156352997,0.5108345150947571,0.5029170960187912,0.3504645377397537,0.24292679131031036,0.4326767325401306,0.30028778314590454,0.7644776403903961,0.48688676953315735,-176.93319702148443,-170.35662841796878,3.0321567058563232,1.0151606798171997,-0.8929145336151124,0.10378486663103104,,0.6262710094451904,,0.4776850408565241,,0.8508840203285217,,0.7928834253677347,,0.3418126702308655,,-0.6238729852749234,,0.8550710678100586,,0.802003935322368,,0.7197142839431763,,0.8395418572028551,,0.7853518128395081,,0.6501367396928769,,0.27754509449005127,,-0.8727476151164644,,0.7826060056686401,,0.6441556368403694
35,1.4583333333333333,35,1.4583333333333333,0.0,0.033728384830105124,0.03001163352611072,0.5253438158411529,0.5576863762354436,0.0834172576338496,0.08926692165401308,0.08371066619041173,0.08990259785794488,0.1028314230837987,0.10402531110099855,0.11153114314332602,0.10368359656330617,0.12367077144287351,0.08330035755216213,0.49914950132369995,0.4959651380777359,0.4981064796447754,0.49518609046936035,0.5108050107955933,0.502590999007225,0.3504503220319748,0.2433285489678383,0.43427592515945435,0.30136874318122864,0.7651132941246033,0.48731769621372223,-176.57746887207037,-170.0103302001953,3.591693639755249,1.7318980693817139,-0.7280329465866089,0.21323324739933014,,0.6265773177146912,,0.48028253584159836,,0.8503125905990601,,0.790944613745317,,0.34183406829833984,,-0.6227198866767079,,0.8562541007995605,,0.8038908164696177,,0.7190417051315308,,0.8384593970191494,,0.7843294143676758,,0.647171137464353,,0.27735403180122375,,-0.8724945050607029,,0.7832101583480835,,0.644732344154057
36,1.5,36,1.5,0.0,0.041812533064453594,0.031110313984578284,0.521460833673387,0.5599448264565716,0.07981930837184958,0.08666808086454823,0.08112020488260506,0.08715649271065044,0.10547494743827059,0.10419304706088375,0.11315406797909854,0.10248185105589946,0.12421482067506771,0.08328531577362581,0.4995204359292984,0.496079683303833,0.49779200553894043,0.4953109323978424,0.5109153687953949,0.5023620128631592,0.35064099729061127,0.2433762550354004,0.4318409860134125,0.3011171817779541,0.7652556896209717,0.4867631196975708,-178.30421447753912,-170.37030029296875,4.077476978302002,1.6628692150115967,-0.3696417808532715,0.29016679525375366,,0.6267691850662231,,0.48112176815684876,,0.8503334522247314,,0.7908981367568998,,0.3414052724838257,,-0.6224704746255824,,0.8571726679801941,,0.8057759265927075,,0.7189706563949585,,0.837693934590607,,0.7842903733253479,,0.647230341631429,,0.27678823471069336,,-0.8723649374281188,,0.7826162576675415,,0.6435885292061104
37,1.5416666666666667,37,1.5416666666666667,0.0,0.06349685791663087,0.03277195019967129,0.5500183147915447,0.5596945218700355,0.07930318851370236,0.08933586437261881,0.0807976660838558,0.09027918789946343,0.10616475616511113,0.10372487171269633,0.11425387798785402,0.10224531850207282,0.12485728694531269,0.08288126612759139,0.49951499700546265,0.4959658980369568,0.49863553047180176,0.49559441208839417,0.5106842815876007,0.5026233494281769,0.3502431958913803,0.24274490773677826,0.43211451172828674,0.301447331905365,0.7648789882659912,0.4864484667778015,-177.27861022949224,-169.6483917236328,1.814253330230713,0.9418331980705261,-0.6002835631370544,0.09496427327394485,,0.6271811127662659,,0.4812576097709323,,0.8502867221832275,,0.7907472605597878,,0.3386613428592682,,-0.6335049800181289,,0.8563644289970398,,0.8039562344433954,,0.7193359732627869,,0.8373191406042126,,0.7865994572639465,,0.6523326504431302,,0.27627378702163696,,-0.8745536725863559,,0.7818837761878967,,0.6420838329063242
38,1.5833333333333333,38,1.5833333333333333,0.0,0.05466286455366191,0.05193390568450157,0.5352311090462227,0.5638736119191605,0.08392844346597994,0.07378254307497698,0.08443766354130172,0.07519168648814588,0.0967637678805531,0.10529686923644183,0.10762143683575492,0.11357325511421922,0.08300714842553526,0.08188988751325667,0.4907149523496628,0.4904780834913254,0.4896540343761444,0.4908703863620758,0.4949832856655121,0.4983528107404709,0.2326766848564148,0.2333933785557747,0.2881149649620056,0.2856873571872711,0.493258535861969,0.48870566487312317,-171.2484741210938,-172.62911987304688,3.5830097198486333,-0.24944731593132022,-0.3565409183502197,-0.7158008813858032,0.6489492058753967,0.6317147016525269,0.6182202587022897,0.512960284118492,0.8764200210571289,0.8505195379257202,0.8654121840781227,0.7828160806697178,0.3649327754974365,0.3387534022331238,-0.522192573076381,-0.6138797026135382,0.8928734064102173,0.8581876754760742,0.902573957127005,0.7994067695025138,0.7379182577133179,0.7189856767654419,0.9754582121971818,0.8486374695802634,0.803315281867981,0.784292459487915,0.7002971230590899,0.6395279819036649,0.25971710681915283,0.27235543727874756,-0.9446656620635564,-0.8692713946100672,0.7956894636154175,0.7856845855712891,0.6830733772382583,0.6425399689101071
39,1.625,39,1.625,0.0,0.0488267142443715,0.05779097070801707,0.5370738247626187,0.5656005233886194,0.08145773040815373,0.08651883478632058,0.08256724402680168,0.08698283169640139,0.10758872670054612,0.10066819939531363,0.111669003169772,0.10488347892586766,0.08278417368466862,0.08248916083684597,0.49076932668685913,0.4901967942714691,0.48967793583869934,0.49049925804138184,0.5009373873472214,0.49904514849185944,0.23276017606258392,0.23321109265089035,0.28635385632514954,0.28753530979156494,0.4801495671272278,0.4881993532180786,-171.04922485351568,-170.24354553222656,2.4605159759521484,-0.9994152784347534,0.1168907806277275,-0.6928897500038147,0.6264362335205078,0.6309041976928711,0.4915668946484839,0.5072792943132369,0.8558931350708008,0.8544559478759766,0.8278601460248504,0.7925837722234902,0.36153483390808105,0.3369981646537781,-0.5460263770515354,-0.6234162926630579,0.8913758397102356,0.8579287528991699,0.9060377105934885,0.8000989649753101,0.7344468832015991,0.7191714644432068,0.9146342077884588,0.8468552055562326,0.8072250485420227,0.7858136296272278,0.7206317789739609,0.6440409519021921,0.2729196548461914,0.27115240693092346,-0.8931234996021701,-0.8767336775036714,0.8019793033599854,0.7853103876113892,0.7090740472044506,0.642951929994949
40,1.6666666666666667,40,1.6666666666666667,0.0,0.0505056285135299,0.058123795108538975,0.5481134820777241,0.5639721143290186,0.07927860055782837,0.08558341415840216,0.08072637534862596,0.0853227298592038,0.10298299870510526,0.1019183524461471,0.10571733268349166,0.1045823095659566,0.08233738854403032,0.08232268941169624,0.49097493290901184,0.490608349442482,0.48981231451034546,0.49072885513305664,0.49954813718795776,0.4991980791091919,0.23210639506578445,0.2331698313355446,0.2843194305896759,0.28566473722457886,0.4808655381202698,0.4882219731807709,-172.313705444336,-172.0724334716797,2.2170629501342773,-0.5433577299118042,0.30107614398002625,-0.5567678213119507,0.6111611723899841,0.6315292119979858,0.43974351586645305,0.5091828938577134,0.8628348708152771,0.85610032081604,0.8465167358565522,0.7962299847390277,0.3685159683227539,0.3360214829444885,-0.5162528420098499,-0.627869871822363,0.885130763053894,0.8581464886665344,0.89592867630653,0.8006586775578504,0.7269109487533569,0.7187260389328003,0.8957853529749301,0.8446982915169354,0.8088728189468384,0.7867960333824158,0.7269265591125285,0.6462288985638396,0.28398633003234863,0.27239760756492615,-0.8492906477595094,-0.8726814159918868,0.7826582789421082,0.78645920753479,0.6688301494342567,0.6454998781111854
41,1.7083333333333333,41,1.7083333333333333,0.0,0.05060183175416363,0.05440270598173525,0.5479526347814947,0.5659485379709621,0.08016223350966932,0.08405642750268826,0.08096082466697313,0.08449502820525062,0.10715802444081451,0.10343306709551112,0.10562820191485818,0.10316032715170252,0.08162071706217308,0.08248527076106905,0.49138543009757996,0.4914051741361618,0.489751935005188,0.4908958077430725,0.502693235874176,0.49829262495040894,0.2315741404891014,0.23254147171974182,0.2838325798511505,0.2849154770374298,0.4823242425918579,0.48897750675678253,-172.33816528320315,-171.8705291748047,3.2775382995605473,0.23867860436439517,0.8012278079986572,0.036876875907182693,0.6369340419769287,0.6335093975067139,0.5216430839052958,0.517539666492777,0.8512166142463684,0.8556696176528931,0.8063268165667434,0.7894727955703174,0.35829097032546997,0.3360016644001007,-0.5611292520553023,-0.6211656143695063,0.8766518235206604,0.8605847358703613,0.8619232259770653,0.8000548397550711,0.7365500926971436,0.7168440222740173,0.9087386728902437,0.8365013832532613,0.8062640428543091,0.7835692763328552,0.7080692580694498,0.6342437728231358,0.2733590602874756,0.27403727173805237,-0.8911640958588666,-0.8583331676727792,0.7938390374183655,0.7868451476097107,0.6809106181820088,0.64129658682709
42,1.75,42,1.75,0.0,0.05585323974443268,0.05394392632635109,0.5438816764943631,0.5583007763420479,0.07899102499580911,0.08180998735232496,0.08003450328410644,0.08190182156972287,0.10900798441102731,0.10797882456758365,0.10273549223115175,0.10367066773592645,0.08164498341150082,0.08186650009126113,0.49228474497795105,0.4924560487270355,0.4900463819503784,0.4910486042499542,0.5023027211427689,0.5001094341278076,0.2307727113366127,0.2321445569396019,0.28297868371009827,0.28392156958580017,0.48293809592723846,0.4870462715625763,-172.34159851074224,-172.41477966308594,4.13157320022583,1.905673623085022,1.4212965965270996,0.7286282777786255,0.6286892890930176,0.6328021287918091,0.4900356263644959,0.5104072537683849,0.8492775559425354,0.8538182973861694,0.7989745800121563,0.7935760548100596,0.3502616286277771,0.33631056547164917,-0.5895053027553917,-0.6300582781354834,0.8679771423339844,0.8582452535629272,0.8397577765121595,0.8031545563592977,0.7342443466186523,0.7171890735626221,0.8993017340641396,0.8350046918069997,0.8037470579147339,0.7870705127716064,0.6996740281742843,0.6491554342275802,0.2779412269592285,0.27621322870254517,-0.869911471744249,-0.8612248596627016,0.7899646162986755,0.7873144149780273,0.669614966283238,0.649683159727627
43,1.7916666666666667,43,1.7916666666666667,0.0,0.05671727522136823,0.04960430218542277,0.5429185225662726,0.5612999056362435,0.07933261735917803,0.07955001381119976,0.08042167014463604,0.07974762793867261,0.11015574267071157,0.11292307302880591,0.09992184845005456,0.10358471705157578,0.08159294573970197,0.08164280012874203,0.49341101944446564,0.49329739809036255,0.4904191493988037,0.49129241704940796,0.5035629868507385,0.5007910579442978,0.23038997501134872,0.23204053938388824,0.28240957856178284,0.2829171419143677,0.4825100153684616,0.4843669533729553,-172.7509155273438,-173.482421875,5.515292644500732,2.793954372406006,2.112839937210083,1.4013932943344116,0.6327841281890869,0.6303853392601013,0.501715263561965,0.4996788686424913,0.8468034267425537,0.8534839749336243,0.7956051478284678,0.8005560530512508,0.3528846502304077,0.32830551266670227,-0.5850251792205228,-0.6650554426199199,0.8601558208465576,0.8460585474967957,0.824766349083549,0.784451483134881,0.7341564893722534,0.7167244553565979,0.8953045817041164,0.8325780630564745,0.8007691502571106,0.7822386622428894,0.6950677617411655,0.6460363127126917,0.27827388048171997,0.27534687519073486,-0.874709681472439,-0.8692489594183518,0.7840405106544495,0.7865781784057617,0.6585329484052829,0.6554480323803802
44,1.8333333333333333,44,1.8333333333333333,0.0,0.05192107824653138,0.040038512118396305,0.560178525134073,0.5602014425796907,0.06839051443035982,0.0683531279534375,0.06912784449776499,0.06851017585806486,0.12762218555096752,0.1315268177871337,0.1104182540362962,0.11329522191410354,0.0809779648998923,0.0820389141992082,0.49459218978881836,0.4952481985092163,0.490926593542099,0.4914110004901886,0.5028311610221863,0.5028044432401657,0.23182016611099243,0.23337022960186005,0.28194108605384827,0.2826516032218933,0.4819180369377136,0.484054371714592,-173.92790222167974,-174.57144165039062,5.97337818145752,5.397461414337158,2.8352155685424805,2.7821598052978516,0.6232817769050598,0.6299129724502563,0.46434414614310726,0.4935728910945778,0.8562596440315247,0.8511971831321716,0.8117486540747352,0.8019257539299653,0.3516874313354492,0.3214743733406067,-0.58266788917475,-0.7041196007765795,0.8545317053794861,0.8290267586708069,0.808001670441242,0.7535003625067194,0.7309237122535706,0.717950701713562,0.8793100821180571,0.8354306470447735,0.8053158521652222,0.7796922922134399,0.7012785548464354,0.6457423512418359,0.28029167652130127,0.2785031199455261,-0.8579026861446173,-0.8709805180098494,0.7840325832366943,0.7862806916236877,0.6551264184564415,0.6601329562052147
45,1.875,45,1.875,0.0,0.039451562360624706,0.03269307585453722,0.5605363568487923,0.5698583755694954,0.057106704026502066,0.05642117044633015,0.058408614475536545,0.0568898796011631,0.14789721723077875,0.1416848566468737,0.1254318327194353,0.1232118587393601,0.08174986006503963,0.08204447145842615,0.49599236249923706,0.49610185623168945,0.49145248532295227,0.4914803206920624,0.5033831894397736,0.5029835551977158,0.2336052805185318,0.23418796807527542,0.2816838026046753,0.2828007638454437,0.47899869084358215,0.48342321813106537,-175.23690795898443,-174.7768096923828,6.193172931671143,6.528087139129639,3.520206928253174,3.1672449111938477,0.6256436109542847,0.6297492384910583,0.4678633047652261,0.49242124159148487,0.8523720502853394,0.8505822420120239,0.8037092182315686,0.8022538510301374,0.33595240116119385,0.3210872411727905,-0.6407202016244122,-0.7065761526784771,0.8340634107589722,0.8176721930503845,0.7642987407871661,0.7303443736652945,0.7302058339118958,0.7167814373970032,0.8679995596589645,0.8304977803699662,0.8073424696922302,0.7787636518478394,0.7067802646771612,0.6453280047694367,0.27757906913757324,0.28068554401397705,-0.8641018953272057,-0.8635165277112753,0.7864948511123657,0.7867153882980347,0.6619044779957964,0.6627027954585366
46,1.9166666666666667,46,1.9166666666666667,0.0,0.03567023912569227,0.033652517944120795,0.5778885739077202,0.5707035599757021,0.05629118065181711,0.055357026996551935,0.05661913360423666,0.0545401874638169,0.154199611685833,0.15238076472651352,0.12440373796061534,0.1262970116832382,0.08181448436684446,0.08211990628546065,0.49694234132766724,0.4972805976867676,0.49158015847206116,0.49174872040748596,0.5056609213352203,0.503776341676712,0.23398854583501816,0.23409755527973175,0.2802787125110626,0.2816779911518097,0.4762350022792816,0.4814160168170929,-176.44747924804693,-175.20407104492188,6.527498722076417,7.39391565322876,4.291788101196289,3.919278144836426,0.6274946928024292,0.6293062567710876,0.4666692383938486,0.49114907410401154,0.8465816974639893,0.8493989109992981,0.7979441336953034,0.8098717538018858,0.33328479528427124,0.30904635787010193,-0.6602654952951966,-0.7619016644359297,0.8190914392471313,0.7971938252449036,0.7387139837759944,0.6949766730094759,0.7299325466156006,0.7168422937393188,0.8590448059068311,0.8336430802168827,0.8090770244598389,0.7812268733978271,0.7171370569779136,0.6598359545149384,0.2788952589035034,0.2831501364707947,-0.8685979076775786,-0.8632233705288554,0.7879524230957031,0.7823984026908875,0.6716222678510471,0.6624143039387875
47,1.9583333333333333,47,1.9583333333333333,0.0,0.035644034393877436,0.03162351587880939,0.5782918057144808,0.567467592492541,0.05346950165151085,0.05572987956800469,0.05358141137375976,0.05481311886172866,0.16151055069924142,0.15718457870599328,0.1266161821289698,0.12499744427697147,0.0818460394801853,0.08209189232796148,0.4980674237012863,0.498600497841835,0.4921586811542511,0.49259865283966064,0.5073135495185852,0.5045316517353058,0.23362721502780914,0.23423362523317337,0.27922412753105164,0.28056463599205017,0.47078654170036316,0.4806012958288193,-176.95051574707037,-176.2890167236328,6.907267093658447,7.6774678230285645,4.8104777336120605,4.636602878570557,0.6311914324760437,0.6289665102958679,0.4818012928208008,0.48906318166407015,0.8379563093185425,0.8484212160110474,0.8032738474465645,0.8131687548819707,0.3330104351043701,0.305450975894928,-0.6779213840480354,-0.7824417519383623,0.8036850094795227,0.7886447906494141,0.7282969803224936,0.6810162565655867,0.7288734912872314,0.7150036096572876,0.8617185233791403,0.8272126201862716,0.8057021498680115,0.7845958471298218,0.7327099692545949,0.6720649350635237,0.27923277020454407,0.28093916177749634,-0.8870801770064033,-0.8787799158524149,0.7868673801422119,0.7901091575622559,0.6915042947200121,0.6842536489792873
48,2.0,48,2.0,0.0,0.03625962062983451,0.0317754179080945,0.5750749174990574,0.5684778507175589,0.052511006768209675,0.056088003984279246,0.05175323234517505,0.05515995291842655,0.1632233989630631,0.16169481979279682,0.12330495977362577,0.1236991111199994,0.0813905801785105,0.0814751236464577,0.499143049120903,0.4998277723789215,0.4928634464740753,0.4935622811317444,0.5087338089942932,0.5047575235366821,0.23350884020328522,0.2340223342180252,0.278300404548645,0.2803339660167694,0.47013527154922485,0.47955796122550964,-177.39733886718756,-175.93017578125,7.476355075836182,7.848525524139404,5.198245048522949,5.241156578063965,0.6284713745117188,0.6277816891670227,0.4672378460353653,0.4835381371695637,0.8342379927635193,0.8501937389373779,0.799197360361406,0.8194268141570072,0.33279356360435486,0.30395784974098206,-0.686550966120694,-0.7892294957982076,0.7985925674438477,0.7808036804199219,0.7209564460132964,0.6660145479798055,0.7306023836135864,0.713237464427948,0.8657716937878509,0.8194162645954323,0.8062547445297241,0.7848818302154541,0.7377747539930659,0.6750307992312049,0.2857298254966736,0.2819465696811676,-0.8702022665691345,-0.8757433388493435,0.7796996831893921,0.7913544178009033,0.6794869860339304,0.6893408365871238
49,2.0416666666666665,49,2.0416666666666665,0.0,0.034255938000671574,0.03439833279950139,0.5709403602634542,0.5660879603285813,0.05099095011430805,0.05424608839490685,0.050191854957213886,0.05396007207894108,0.1673280335918177,0.16187809345889007,0.122123737477538,0.11870420872651632,0.08132324921926949,0.08146158412583132,0.50057353079319,0.5013660192489624,0.4940018057823181,0.49476099014282227,0.5090799033641815,0.5059193521738052,0.23367054760456085,0.23397516459226608,0.27821236848831177,0.2793165445327759,0.4701022058725357,0.4775133728981018,-177.951644897461,-176.95164489746094,7.640779495239257,7.981903076171874,5.7351484298706055,5.807059288024903,0.6308468580245972,0.6287637948989868,0.47259493555319665,0.48106207256122435,0.8371801376342773,0.8515704870223999,0.8013835464893092,0.8239598487653899,0.31364256143569946,0.3032919764518738,-0.7585202263697949,-0.7934941390918355,0.7822995781898499,0.7724238634109497,0.6815714478708641,0.6496184512655646,0.7298251390457153,0.7170469760894775,0.8567437752017898,0.8267813348546403,0.8070258498191833,0.7889769673347473,0.7355524299328277,0.6860810461224501,0.28439193964004517,0.28409016132354736,-0.8720460656334914,-0.8686889527736811,0.7758029699325562,0.7912892699241638,0.6673884242813093,0.6911745049016951
50,2.0833333333333335,50,2.0833333333333335,0.0,0.03164418735013253,0.03562543674332324,0.5699239379391269,0.565098868725067,0.051948226208984434,0.05841836482215557,0.05120655820141949,0.057491158260249045,0.16975407197711315,0.1617711991975048,0.1171662369146757,0.11406278685868185,0.08146209610566608,0.08144613744133902,0.5019984245300293,0.5027063488960266,0.49501681327819824,0.4953952133655548,0.5081782639026642,0.5065245777368546,0.23426630347967148,0.23448916524648666,0.2786802053451538,0.278568297624588,0.4784776568412781,0.47611473500728607,-178.13000488281256,-178.0953369140625,7.820732593536377,9.1121187210083,6.423526763916016,6.1945481300354,0.6303653120994568,0.6285834908485413,0.46552844326796905,0.4810982418381243,0.8367729783058167,0.8533093929290771,0.7678647160430248,0.8362811956825993,0.3364192545413971,0.298869252204895,-0.6543959071375464,-0.8184786303179343,0.7904587388038635,0.7593817710876465,0.6686084092105739,0.6280335382689,0.7306168079376221,0.7190333008766174,0.8474831879121026,0.8376084177011711,0.8097586631774902,0.7900590300559998,0.7099701855470072,0.6960483265791803,0.2752208113670349,0.2862812280654907,-0.8875598668356246,-0.8680946405485171,0.8088493347167969,0.7880589962005615,0.7080213986150259,0.6916140360374028
51,2.125,51,2.125,0.0,0.033121182422248374,0.03752954421316139,0.5694762190560623,0.56683019782518,0.053307537012131666,0.06128447235174774,0.05271749000645576,0.060681050980857514,0.17325310620513182,0.16389794630673843,0.11592874763059333,0.11187973598891113,0.08163648315295585,0.08129146690346026,0.5035702139139175,0.5040341764688492,0.49630606174468994,0.49660030007362366,0.5086532384157181,0.5075360685586929,0.23454651981592178,0.23503375798463821,0.27915671467781067,0.2797575294971466,0.4795554578304291,0.47419682145118713,-177.94703674316412,-177.25302124023438,7.867880821228027,9.130474090576172,6.913257122039795,6.707692623138428,0.625271737575531,0.6283377408981323,0.44523289211197187,0.4772188104135817,0.8339741826057434,0.8552716970443726,0.7611302424599335,0.8467933729648583,0.32111477851867676,0.29350417852401733,-0.7159952450404928,-0.8455184599259201,0.781019926071167,0.7813746333122253,0.6474085813343842,0.682585371184268,0.7305368185043335,0.719385027885437,0.8471200434472393,0.8368949402719273,0.8111764788627625,0.7902708053588867,0.7121711424901866,0.7023537159803971,0.2789623737335205,0.291331946849823,-0.8769271488737829,-0.8540997137730433,0.7974886298179626,0.7542644739151001,0.682775867540117,0.622343395688581
52,2.1666666666666665,52,2.1666666666666665,0.0,0.03590687621503884,0.037833861956093034,0.5618072508979316,0.5687857580622364,0.053448691702541434,0.062376537943806785,0.05267178872518777,0.061749913076047894,0.17726089115847432,0.16590955367145604,0.11505935019012267,0.10932805559127627,0.08154918102116651,0.08122157257629366,0.5048370063304901,0.5052398890256882,0.4974651336669922,0.49772268533706665,0.5102628022432327,0.5079295784235001,0.2350274994969368,0.23555070161819458,0.2800654470920563,0.2810399830341339,0.4781262278556824,0.4747215658426285,-177.12927246093756,-176.37120056152344,8.000574111938477,9.090514183044434,7.473601818084717,7.181742668151856,0.6252505779266357,0.6287772059440613,0.4464169851532374,0.47486329792108445,0.8361755609512329,0.8553699254989624,0.7819057970510768,0.8413505151637819,0.31266462802886963,0.28592342138290405,-0.7671352948632807,-0.8723594997605296,0.7790765762329102,0.7630693316459656,0.6572134068404993,0.6373376770203202,0.7297641038894653,0.717881441116333,0.8521697957521754,0.8249928936836637,0.8114463090896606,0.7857435941696167,0.727902218214248,0.6874548047348761,0.28820475935935974,0.2901449203491211,-0.862095831005409,-0.8557713799736749,0.7784289717674255,0.7390980124473572,0.6557991724349196,0.5843536531955138
53,2.2083333333333335,53,2.2083333333333335,0.0,0.0440154236255162,0.04110042685206094,0.5669951656853561,0.5701228152939304,0.054984786302988496,0.0626960210804736,0.05453298491542481,0.06239671122085681,0.17818209746297442,0.1680746874400477,0.11200179913647694,0.1080407297894613,0.08142124786453536,0.08121337459523373,0.5062896907329559,0.5064635723829269,0.4987846910953522,0.4986662268638611,0.510509118437767,0.5077710300683975,0.235601045191288,0.23600883781909943,0.28094983100891113,0.28160154819488525,0.47632716596126556,0.4771644324064255,-176.77473449707037,-176.25396728515625,7.798571586608887,9.24113941192627,7.984674930572509,7.658767223358154,0.6278265714645386,0.6284253597259521,0.4534598293501852,0.4729418846879226,0.8383299708366394,0.8569216132164001,0.7870651025228017,0.8373237081152498,0.3049282133579254,0.2858307659626007,-0.7946190420097887,-0.8699633663561496,0.778802216053009,0.773636519908905,0.6576400876037599,0.6536890418524106,0.7290517091751099,0.7174104452133179,0.8447190366371865,0.8217463922340433,0.8118313550949097,0.787318766117096,0.7294519143524588,0.6838569220382521,0.2862231135368347,0.2944760322570801,-0.8669186969546877,-0.836075576779557,0.7771956324577332,0.7292044162750244,0.6541470597456951,0.5557210358367498
54,2.25,54,2.25,0.0,0.042253898731702946,0.04356207906067339,0.5584905950221153,0.571163520882138,0.05549857334335057,0.05928206961016998,0.055409169429709436,0.05861135976036124,0.18089677144323477,0.17399376165044808,0.11107367145988194,0.10900621907978399,0.08121717977831341,0.08128367443987164,0.5073147416114807,0.5077624022960663,0.49982360005378723,0.4995455741882324,0.5116725713014603,0.5085810869932175,0.23629820346832275,0.23701149970293045,0.28208455443382263,0.2827812135219574,0.4762488454580307,0.47769540548324585,-176.23776245117193,-175.85060119628906,7.876466274261474,9.252751350402832,8.387324333190918,8.27620792388916,0.6270961761474609,0.6284271478652954,0.45105423274913203,0.4701763317545192,0.8388069868087769,0.8565516471862793,0.7969559500139185,0.8360533140443162,0.29661136865615845,0.28190332651138306,-0.840419651445701,-0.8892951269165107,0.7771307826042175,0.7646705508232117,0.6613826107090228,0.633291720973926,0.7294251322746277,0.7168933153152466,0.850936985116297,0.8172440433950102,0.8111811876296997,0.7893538475036621,0.7362303931483897,0.6877623874685951,0.2859938442707062,0.29516860842704773,-0.881910985231065,-0.8372531862351721,0.7660943865776062,0.73164963722229,0.6371229941759359,0.5604217475910894
55,2.2916666666666665,55,2.2916666666666665,0.0,0.03771228338862406,0.04076488038606902,0.5604182396152899,0.5670371181894664,0.05598389581877001,0.05772724976954553,0.055379071536076456,0.05701596154034266,0.1856586551385914,0.17464703537757983,0.11270486588750746,0.10450766539403493,0.08131069306765666,0.08140629106598492,0.508391410112381,0.509123906493187,0.5008979439735413,0.5002250075340271,0.5107532888650894,0.509637176990509,0.237331323325634,0.2379627451300621,0.2829614579677582,0.28397053480148315,0.4775168299674988,0.47927114367485046,-176.6214447021485,-175.61900329589844,7.911526679992675,10.043275833129883,8.5684175491333,9.011863708496094,0.6271148920059204,0.628983736038208,0.44986319334168184,0.47167012628646005,0.8400973677635193,0.8562365770339966,0.7884928896022146,0.8380164114030337,0.29687464237213135,0.2787993550300598,-0.8268718228509592,-0.9122952978666181,0.7744706273078918,0.7489209771156311,0.6457764091987809,0.5994474977236958,0.7304760813713074,0.7160980105400085,0.8494657551870256,0.8159548814019852,0.810881495475769,0.788099467754364,0.7249580189705833,0.6865435952005646,0.28314805030822754,0.29527246952056885,-0.8799399172471212,-0.84719182061459,0.775888204574585,0.7187714576721191,0.648859171450841,0.5324233362125622
56,2.3333333333333335,56,2.3333333333333335,0.0,0.03740441629936917,0.03644984965093603,0.5630045762393656,0.5691255805299363,0.04917455620937234,0.05209850103978048,0.0473300365876068,0.051263138471490964,0.19063822438646666,0.18075830603400872,0.11287161918941402,0.10705392146422414,0.0815631319169165,0.0808742990696354,0.5093383491039276,0.5097885578870773,0.5013376474380493,0.5007880926132202,0.5104719996452332,0.5080928951501846,0.23856617510318756,0.2388535663485527,0.28445523977279663,0.2854921519756317,0.4772350490093231,0.4803440570831299,-176.1596069335938,-174.9061737060547,8.526599884033203,10.525906562805176,8.917510986328125,9.408605575561523,0.6280103921890259,0.6293779015541077,0.45568537680494653,0.4765663573521968,0.8385636210441589,0.8570152521133423,0.7879708953027138,0.8325325105700618,0.2902090549468994,0.27855852246284485,-0.8539388771514039,-0.9019116469716315,0.7680492997169495,0.7677739262580872,0.634196084207765,0.6352880542879261,0.7322086095809937,0.7156423926353455,0.85965213972432,0.8155262626393587,0.8078125715255737,0.7892800569534302,0.7209102366777945,0.6828216942813047,0.289595365524292,0.29421642422676086,-0.8563180937608015,-0.8403869010145202,0.758989691734314,0.7296839952468872,0.614439253539858,0.5511002897054732
57,2.375,57,2.375,0.0,0.03345041065305015,0.03521575038827602,0.5585798373942128,0.5701441238692737,0.04861086613424382,0.05319984742524782,0.047258127370854885,0.052728983274052434,0.19250515727712814,0.1804527319754542,0.11291223197139459,0.10650917736052937,0.08202537109327926,0.08075145860944234,0.510447233915329,0.5104182362556458,0.5025798082351685,0.5015078783035278,0.5106518566608429,0.5095109939575195,0.23944920301437378,0.23947294801473618,0.28635621070861816,0.2867027223110199,0.4782544672489166,0.4790259599685669,-175.58143615722662,-174.55413818359375,7.945885658264161,10.436980247497559,9.176836013793945,9.44701099395752,0.6279547214508057,0.6302363872528076,0.4597988546476732,0.47746384351626475,0.8404428362846375,0.8561699390411377,0.7985760716115557,0.8390185569219019,0.28726208209991455,0.2777584493160248,-0.8756338787380215,-0.9165715487755767,0.7554360032081604,0.7477902173995972,0.6111475713560514,0.5979101137355788,0.7337043285369873,0.7149426937103271,0.874311733806515,0.8124737163136924,0.8075745701789856,0.787860631942749,0.7261060171555939,0.687053314345414,0.2925112247467041,0.29857075214385986,-0.8550585093197409,-0.8342597680527185,0.7490710616111755,0.7097480893135071,0.5971137411972043,0.5132791685789873
58,2.4166666666666665,58,2.4166666666666665,0.0,0.030676141841838433,0.035649715553159114,0.5592399073100363,0.5632979928972011,0.052496601378329774,0.05479366115219622,0.05190002592027977,0.05459204934848103,0.18170138134856575,0.17161343861424969,0.10271420732942836,0.09906905432284263,0.08167177635284195,0.08121936109274332,0.5108833312988281,0.5112529098987579,0.5027677416801453,0.5022554397583008,0.5108559280633926,0.5087177008390427,0.2388811782002449,0.2394862249493599,0.28739026188850403,0.2876027524471283,0.4776418209075928,0.4788631498813629,-174.22718811035162,-174.33110046386722,8.752191543579103,10.679975509643555,9.45559310913086,9.45930004119873,0.6286711096763611,0.6301179528236389,0.4614438732529927,0.47922447727563794,0.8397044539451599,0.857032060623169,0.7976711029275867,0.8397069613147347,0.2824559807777405,0.2771519720554352,-0.8945685512118204,-0.9140999587493196,0.7459955215454102,0.76554936170578,0.5912181286607857,0.63657376622975,0.7346045970916748,0.7147133946418762,0.8763510021211692,0.8131628812123144,0.8069316148757935,0.7867826819419861,0.72546827308235,0.6837213934082847,0.2911273241043091,0.2961104214191437,-0.8606057104629686,-0.8392619511030699,0.7364315390586853,0.7227938175201416,0.5701474304930066,0.5416370142448879
59,2.4583333333333335,59,2.4583333333333335,0.0,0.030910948145605268,0.03737231964998403,0.5519143915538095,0.5606379834795999,0.058538552402537816,0.06123944697562949,0.05929047431520587,0.060822926380566085,0.1697834523875032,0.16290569281852035,0.09166119814343335,0.09243878875554956,0.08276815438035126,0.08157863973436971,0.511769250035286,0.5117085874080658,0.5031181573867798,0.50295090675354,0.5110539197921753,0.5092510879039764,0.2385946363210678,0.23959693312644958,0.28774914145469666,0.2883260250091553,0.4810946434736252,0.47896212339401245,-174.17251586914068,-173.9415740966797,8.757980346679688,10.166910171508789,9.828311920166016,9.265593528747559,0.6301814913749695,0.6302669048309326,0.4640188630153731,0.47922106961592,0.8404431939125061,0.8565356731414795,0.78733901200868,0.8410423347288952,0.281123548746109,0.2759720981121063,-0.895611552623207,-0.9237817819670451,0.7657597064971924,0.7580695152282715,0.6237061738544132,0.621709684445269,0.7329885959625244,0.7144988179206848,0.8644671819628049,0.8127783558591766,0.8060921430587769,0.7879328727722168,0.7120752537227393,0.6882300960800408,0.28911858797073364,0.2985614538192749,-0.8644697358172186,-0.8343282255740172,0.7412045001983643,0.7083896398544312,0.5699052837621157,0.511048123535081
60,2.5,60,2.5,0.0,0.031719099501499655,0.03663821401203224,0.5528711564981694,0.5608565173218937,0.06491492044242014,0.07082428298898373,0.06479944311048921,0.06947341828022303,0.16656204542232284,0.15540029876392766,0.08730052659707643,0.08490077885953903,0.08225496976378806,0.08150630037934302,0.5119426250457764,0.5118289142847061,0.5040876269340515,0.5033546090126038,0.5113586485385895,0.5097266733646393,0.23851505666971207,0.23940249532461166,0.28842297196388245,0.28873544931411743,0.4836878776550293,0.4788123518228531,-173.601058959961,-173.46218872070312,7.920850276947021,9.84851360321045,9.491007804870605,9.101227760314941,0.6299651265144348,0.6307945847511292,0.46161617815714723,0.4818721393421854,0.8383147120475769,0.8550390005111694,0.7763664034324207,0.8423156072297696,0.2816177010536194,0.27616071701049805,-0.894151314111289,-0.9296346635284652,0.7665200233459473,0.7476404905319214,0.6191899609099262,0.601866289075045,0.7335623502731323,0.7150114178657532,0.8648163685288731,0.8170703357661493,0.8079374432563782,0.7854080200195312,0.7098630014608228,0.6864221801711035,0.2908252477645874,0.30056244134902954,-0.8583155604875613,-0.8325113962978173,0.744354784488678,0.6968902945518494,0.5706647363529198,0.48824413526690696
61,2.5416666666666665,61,2.5416666666666665,0.0,0.033006205397439814,0.03658647878614987,0.5508245929125504,0.5566789898254965,0.07061650098263043,0.07458747082684547,0.07013774838147038,0.07403842278721197,0.1599839623104341,0.1492098161120927,0.08160834741331208,0.08000038576936015,0.08278624508021133,0.08205770294099782,0.5121797472238541,0.5122654438018799,0.5044558048248291,0.5035372376441956,0.5108861327171326,0.509371280670166,0.238163560628891,0.2387782484292984,0.2886323928833008,0.28875476121902466,0.4841763973236084,0.4790397584438324,-173.5655364990235,-173.2163848876953,7.524464607238769,10.086782455444336,9.36483669281006,9.22411346435547,0.6298025846481323,0.6319687962532043,0.46537916506941407,0.48857042634949077,0.8379232883453369,0.8553882241249084,0.7787178892444403,0.8436419801892041,0.2751240134239197,0.27685463428497314,-0.9226543211643615,-0.9266154906770754,0.7689567804336548,0.7752066850662231,0.626899018654716,0.6639029389693301,0.7327039837837219,0.7167382836341858,0.868083470794764,0.8263901969557058,0.8070269823074341,0.7844569683074951,0.7107045530599305,0.6846388472634025,0.2895512282848358,0.3013635277748108,-0.8661934606423372,-0.8289436864423988,0.736506462097168,0.7073214650154114,0.5554647699258783,0.5117279556978984
62,2.5833333333333335,62,2.5833333333333335,0.0,0.03368454526294926,0.03705728947889606,0.5499073183899268,0.5534555828545423,0.0712669188140328,0.07376321943161307,0.07093648756671328,0.07334971576677689,0.15659335635880686,0.1473091425474006,0.07944837827691292,0.07960835421987057,0.08280740315296184,0.08250717597745354,0.5121980905532837,0.5122225284576416,0.5044846534729004,0.5036091804504395,0.5111652463674545,0.5101311802864075,0.2379668653011322,0.2385765165090561,0.28860098123550415,0.2889435887336731,0.48315203189849854,0.47865575551986694,-173.41482543945318,-172.98849487304688,7.495376586914062,9.636341094970703,9.344911575317383,9.084490776062012,0.6287084817886353,0.6325980424880981,0.45945341012734175,0.4905624811871491,0.8380317091941833,0.8545594215393066,0.7802746453290944,0.8469832603958397,0.2739906907081604,0.27190572023391724,-0.9270687334973912,-0.9542538337663586,0.7583668828010559,0.7624646425247192,0.6051154346558119,0.6394760098781613,0.7323906421661377,0.7165359854698181,0.8647266015970184,0.8267906235155116,0.8081772923469543,0.7810520529747009,0.7146336802152496,0.6813570207018946,0.29449909925460815,0.30370160937309265,-0.8469053943721163,-0.8268898269873062,0.7227776646614075,0.6969940066337585,0.5268653506468688,0.49195807467332864
63,2.625,63,2.625,0.0,0.03637770785471037,0.03449814900554303,0.5483315008936945,0.5539158281743334,0.0723524389497805,0.07445532435989242,0.07246602329195528,0.0742697349259915,0.15334041593031067,0.14425220623430915,0.07722181186397428,0.07742691708191676,0.08277754675905165,0.08256725285327345,0.5122285485267639,0.5121895372867584,0.5044191479682922,0.5036465525627136,0.5109141916036606,0.5094820708036423,0.2374071255326271,0.23834779858589172,0.28827965259552,0.2888360917568207,0.48239192366600037,0.47903338074684143,-173.26901245117193,-172.96383666992188,7.479621887207031,9.38357925415039,9.488683700561523,9.034788131713867,0.6276291012763977,0.6329532861709595,0.45536114812135436,0.49564333866325333,0.836582362651825,0.8532015681266785,0.7773005868647321,0.8448759299714524,0.27724844217300415,0.2696995437145233,-0.9116427732817277,-0.9625450913883332,0.7616771459579468,0.7778462767601013,0.6129148144477876,0.6747228436884217,0.7328426241874695,0.7143449187278748,0.8658498399690007,0.822369048617191,0.8101938962936401,0.777904748916626,0.7193888870305697,0.6748548744683956,0.297169029712677,0.30467942357063293,-0.8339229546334317,-0.8221273884739834,0.7200448513031006,0.6974698305130005,0.5215492565281609,0.4932319338215099
64,2.6666666666666665,64,2.6666666666666665,0.0,0.03361030924766238,0.03216018910453966,0.5501949222274944,0.5582760576340314,0.0714371114243869,0.07509315073971659,0.07122541586025957,0.07453640769826776,0.15411065090867487,0.14249572743754718,0.07908346856577654,0.07527880667785679,0.08285224197625793,0.08243222487904453,0.5119207501411438,0.5118662267923355,0.5040504932403564,0.5037235617637634,0.5106184333562851,0.508261039853096,0.23746424913406372,0.23841511458158493,0.28902730345726013,0.28898540139198303,0.4804705083370209,0.4795226752758026,-172.53602600097662,-172.82333374023438,7.488398075103761,8.744611740112305,9.336346626281738,8.905508995056152,0.6274821758270264,0.6323398947715759,0.4554465260354871,0.4937146438107217,0.8387050032615662,0.8530303239822388,0.7853215820674628,0.8359884137619088,0.27278655767440796,0.27056244015693665,-0.92688886449905,-0.9458120770086034,0.7780729532241821,0.7974797487258911,0.6524040151274582,0.7116545816357145,0.7314730286598206,0.7138293385505676,0.8607242594096481,0.8179643456322898,0.8093395829200745,0.777082085609436,0.7209467139646194,0.6660003357528477,0.29385238885879517,0.2996242642402649,-0.8447901790716063,-0.8301739359634019,0.7155743837356567,0.7094323635101318,0.5153946646515359,0.5145860767273758
65,2.7083333333333335,65,2.7083333333333335,0.0,0.03246142496362136,0.02981150118232328,0.5511543295595134,0.5633959351748985,0.07272312628473782,0.07886073642793792,0.07234562187197523,0.07880914387925912,0.15163210800306387,0.13803915823546198,0.07788043733481556,0.07309038837545104,0.08302999067220451,0.082099554167264,0.5116967409849167,0.5117378383874893,0.5040678381919861,0.5035330653190613,0.509274810552597,0.5089884847402573,0.23728235065937042,0.23803714662790298,0.2891721725463867,0.28964346647262573,0.48312564194202423,0.4790995419025421,-172.24746704101568,-172.15814208984375,7.151309013366699,9.13736629486084,9.111431121826172,8.792488098144531,0.6262121200561523,0.6324126720428467,0.4568359499238844,0.4938709399493371,0.8425173163414001,0.8515903353691101,0.7897646926128411,0.8383999931508662,0.2732986509799957,0.27013683319091797,-0.921881933793439,-0.9557437017586011,0.7854992151260376,0.779726505279541,0.6644671790992759,0.6766493251835587,0.7295414805412292,0.7135628461837769,0.8605100788450086,0.8185861651894125,0.8091619610786438,0.774847149848938,0.7164661613096112,0.6656669019093433,0.2920077443122864,0.3029354214668274,-0.8487916047876074,-0.8245030594271052,0.7259991765022278,0.6962487697601318,0.5337155978537785,0.4887581501121296
66,2.75,66,2.75,0.0,0.03903303688019725,0.036415430056543754,0.5545184494831205,0.5576600144639182,0.07304186091927549,0.0788459880180112,0.07257602539481249,0.07817514116605759,0.15166581601534868,0.13882362188339345,0.07936034796800948,0.07352741656634107,0.0829139380414341,0.08221610134501427,0.511193037033081,0.5113845467567444,0.503970205783844,0.5032817125320435,0.508557915687561,0.5093298852443695,0.23722148686647415,0.2382340282201767,0.2893816828727722,0.290437787771225,0.48505228757858276,0.4794546216726303,-172.18518066406253,-171.8155517578125,6.677444934844971,9.372876167297363,8.8228120803833,8.78591537475586,0.624771773815155,0.6322164535522461,0.45180492398684835,0.4906724055933671,0.842685341835022,0.8499210476875305,0.7820836717925066,0.832067579946974,0.27752918004989624,0.26949942111968994,-0.8981710273223319,-0.9576163805941963,0.7931180596351624,0.8038198351860046,0.6736883162674417,0.728524258271657,0.7288861870765686,0.7142685055732727,0.8565708041270859,0.8182971273462054,0.8102388978004456,0.7745925188064575,0.7111287256957849,0.6628797066995364,0.2927849292755127,0.30068129301071167,-0.8388612106593787,-0.83311063271344,0.7275286912918091,0.7083439230918884,0.5302553382079275,0.5140853630283236
67,2.7916666666666665,67,2.7916666666666665,0.0,0.06604848948169972,0.06266420256178269,0.5720371563456681,0.5832351556020865,0.07510073462208038,0.08078510621898524,0.07417924039285742,0.07977662406856874,0.14971501901856915,0.13745475111252117,0.07795359089378379,0.07290463376628815,0.08295185824680525,0.08219054665695553,0.5109132677316666,0.5109740495681763,0.5036356449127197,0.503155529499054,0.5091932117938995,0.5096526890993118,0.23749282211065292,0.2382984459400177,0.29008054733276367,0.2913167476654053,0.4847734868526459,0.48071110248565674,-172.3487396240235,-171.0341033935547,6.833864688873291,8.858917236328125,8.730474472045898,8.53618049621582,0.6251797676086426,0.6324379444122314,0.4500273092803246,0.48847920524962746,0.8428791761398315,0.8486812114715576,0.7815647511378593,0.8234456335039518,0.2785085439682007,0.270283579826355,-0.8950554624592869,-0.9522872429672099,0.7985042929649353,0.8023682236671448,0.6847166820820617,0.7198061621154571,0.7296858429908752,0.7161837816238403,0.8555104066733664,0.8216470591571396,0.8118864297866821,0.7756380438804626,0.7139231614753384,0.6599892115246081,0.29301005601882935,0.3019680976867676,-0.838789661627471,-0.8262360484347062,0.7265052199363708,0.7046682834625244,0.5275788893099429,0.5011726720833243
68,2.8333333333333335,68,2.8333333333333335,0.0,0.07420171688501463,0.07251255224767726,0.5844631985229864,0.5932829406701733,0.07649849743542993,0.08413762780134686,0.0770030913035097,0.08367787724518383,0.1482173687806125,0.1368143868393224,0.07826073285540688,0.07305341685786254,0.08287328336609212,0.08238801707074539,0.5105863958597183,0.5105426609516144,0.5033031702041626,0.5028514266014099,0.5091283321380615,0.510056734085083,0.23793336004018784,0.23882117867469788,0.2909209132194519,0.29274222254753113,0.48422613739967346,0.481998085975647,-171.9031829833985,-170.294921875,6.509105205535889,8.448607444763184,8.791790962219238,8.430152893066406,0.6273764371871948,0.6317867040634155,0.4604424788408859,0.48388756756592016,0.8424398899078369,0.8484503030776978,0.7845957937449574,0.8193827739934915,0.27814602851867676,0.26058173179626465,-0.8994145352493932,-0.991685548329027,0.7996281385421753,0.7997943758964539,0.6908251894363259,0.7105887028311646,0.729262113571167,0.7173588871955872,0.8571718249316654,0.8240446838003391,0.8113259077072144,0.7774820327758789,0.7164468201493454,0.6606985705104753,0.29433977603912354,0.30027148127555847,-0.8363582245631476,-0.8339152281995246,0.7254475951194763,0.7056990265846252,0.52834750135304,0.5001926273244319
69,2.875,69,2.875,0.0,0.06974863383911868,0.07216891653681963,0.5873936854133,0.590649779796379,0.07782152794879364,0.08532648493153387,0.07817860637368777,0.0850462163337759,0.1492955137156867,0.13607518382610556,0.07912008492842441,0.07275809526873354,0.08308383097871244,0.08263107058728086,0.510123685002327,0.5102282166481018,0.5029863119125366,0.502524733543396,0.5086997747421265,0.5095706135034561,0.238507941365242,0.23934190720319748,0.29216429591178894,0.29414570331573486,0.48373475670814514,0.48402509093284607,-171.06697082519537,-169.5512237548828,6.173374652862549,8.126286506652832,8.649081230163574,8.431198120117188,0.6273084878921509,0.6320104002952576,0.46364013530100207,0.4847219961328966,0.8427228927612305,0.8475822806358337,0.7893453461157329,0.8095905454167108,0.2771835923194885,0.2605510950088501,-0.9049941719461378,-0.985833455313078,0.8037940859794617,0.8078854084014893,0.7037484436641047,0.7211912141593751,0.7292255163192749,0.7181107401847839,0.8620326614020083,0.825581203033824,0.8100645542144775,0.7796313166618347,0.7175359882155614,0.6582733399166787,0.29467836022377014,0.29812324047088623,-0.8366073195574684,-0.8370905848413925,0.7265722751617432,0.7150613069534302,0.5339526457924391,0.5144850423448539
70,2.9166666666666665,70,2.9166666666666665,0.0,0.06713140560624335,0.06688875713216032,0.5874438118529525,0.5904631554966299,0.07872285521519935,0.0863510704448338,0.07896656576050551,0.0859200745032017,0.14939083327551772,0.13564164569089518,0.08006654816271043,0.0740742324836897,0.08347990105536775,0.08247651868968664,0.5095134377479553,0.5097541213035583,0.5024603605270386,0.5021540522575378,0.5086914747953415,0.5093065351247787,0.23963138461112976,0.2403200939297676,0.29406821727752686,0.2957276999950409,0.48219698667526245,0.4850473999977112,-170.14968872070318,-169.0631561279297,5.777949333190918,8.129106521606445,8.467109680175781,8.220287322998047,0.6274881362915039,0.6318210959434509,0.4673212610449645,0.48479939177868314,0.8423550128936768,0.8477689623832703,0.7969423907903898,0.8073656331593924,0.27504080533981323,0.26544177532196045,-0.9191329463200857,-0.9649913156334188,0.7920674085617065,0.8238325119018555,0.6856681147615179,0.7540865631989093,0.7292724847793579,0.7185335755348206,0.867719634963247,0.827927237845373,0.8099333643913269,0.7797446250915527,0.7252011433659632,0.6559533162665874,0.2949254512786865,0.29567864537239075,-0.8409109012006858,-0.845341731846921,0.7207306623458862,0.720491886138916,0.5278171911617583,0.5240653061182602
71,2.9583333333333335,71,2.9583333333333335,0.0,0.06306563977234943,0.06183436680440863,0.5796881034215904,0.5834908664918778,0.07824028029352537,0.0834625575201874,0.07957832791603109,0.08359913877081433,0.1474787153271942,0.13805810999337093,0.07934378248437791,0.07679624965872188,0.08394877654119791,0.08262286081367443,0.5091390907764435,0.5093329399824142,0.5020134449005127,0.5018012523651123,0.5096504390239716,0.5103306770324707,0.2407815232872963,0.24179452657699585,0.29675406217575073,0.29915839433670044,0.4807557761669159,0.48369573056697845,-169.14804077148443,-167.2022247314453,5.447760105133057,7.827385425567628,8.528393745422363,8.317227363586426,0.6272609829902649,0.6317404508590698,0.4667823340521551,0.48204446047858723,0.8428537845611572,0.8474541902542114,0.8083823366960795,0.812398429848622,0.27639347314834595,0.2700299024581909,-0.9257693000429706,-0.9540884031106514,0.7922953367233276,0.8335878849029541,0.6955108067362326,0.7814301749663882,0.7278721928596497,0.7187954783439636,0.8660963223294492,0.8276870923134751,0.8103877305984497,0.779985249042511,0.7359020027609098,0.6617169530492574,0.29756689071655273,0.29953739047050476,-0.841734510822193,-0.836932092785181,0.7163705825805664,0.7126414179801941,0.5260091007224947,0.5113148904771376
72,3.0,72,3.0,0.0,0.05618687530097457,0.05729643159352937,0.5805756187790189,0.5790051796932772,0.07794274244176032,0.08329988630884266,0.07939995432226934,0.0834374969426666,0.14528939977622965,0.13864661354254298,0.0784931328644703,0.07816825012146335,0.08418975475932801,0.08297047490587196,0.5086920261383057,0.5088262259960175,0.5012388825416565,0.5016910433769226,0.509534165263176,0.5094605684280396,0.2419756054878235,0.2435525357723236,0.2993188798427582,0.3005165159702301,0.48059891164302826,0.484690859913826,-167.61196899414068,-167.8403778076172,5.965806484222412,7.199594497680663,8.590764045715332,8.043792724609375,0.6249686479568481,0.6313826441764832,0.45986388316205296,0.4832888258340495,0.8461646437644958,0.8470900654792786,0.8191845380672756,0.8080424367325872,0.27618956565856934,0.2682875990867615,-0.929590111941058,-0.9559893108803587,0.7945932745933533,0.8010386228561401,0.7036199090009987,0.7053614171807081,0.7270797491073608,0.7187771201133728,0.8666505416481313,0.8297131579383252,0.8101473450660706,0.7838128805160522,0.7384745272424729,0.6669531353708894,0.29872381687164307,0.30219566822052,-0.8398189445638654,-0.8215805845085626,0.7190088033676147,0.7147178649902344,0.534245088809859,0.5128918023046553
73,3.0416666666666665,73,3.0416666666666665,0.0,0.05235019771542839,0.062099441181665126,0.5717285095662747,0.5794917941491593,0.077382502606556,0.0850423508117747,0.07896825340334797,0.08517294767081389,0.1458508292763461,0.1389205672967989,0.07978737354450427,0.07863227739795882,0.08457869777049423,0.08309622687232138,0.5083581805229187,0.5082750171422958,0.5007808804512024,0.5012989640235901,0.5092525333166122,0.5087491422891617,0.2436368465423584,0.2448091059923172,0.30139872431755066,0.3024236559867859,0.48075395822525024,0.485572025179863,-167.26013183593756,-167.31544494628906,6.252125263214111,6.860459804534912,8.610894203186035,7.928329944610595,0.6253722310066223,0.6314138770103455,0.4622424555645628,0.48352756967095,0.8483189344406128,0.8473268747329712,0.823039321217284,0.8021182659833674,0.27558043599128723,0.271209180355072,-0.9301881266770836,-0.9363499685120578,0.793523907661438,0.8012672662734985,0.7003441120306748,0.6999903931572666,0.7272940874099731,0.7198562622070312,0.8679669804884406,0.83215532863736,0.8106398582458496,0.7840614318847656,0.7386695817096163,0.6618399328061848,0.29669487476348877,0.3013247847557068,-0.8461370120075893,-0.8176383841426021,0.7195209264755249,0.7131981253623962,0.5346390874920401,0.5047148725069555
74,3.0833333333333335,74,3.0833333333333335,0.0,0.05027176596257661,0.05943209666200075,0.5706041744866747,0.5789962968865586,0.07890515547062471,0.08664236073187857,0.08100092409915617,0.0875358016391494,0.14453696455307694,0.13824012268569708,0.08158229730778653,0.078844784189729,0.08386434356709821,0.08280220378621458,0.5079953521490097,0.5078191608190536,0.5004610419273376,0.5007787346839905,0.5090353488922119,0.508114829659462,0.24467114359140396,0.24583273380994797,0.30291691422462463,0.30391013622283936,0.4807417094707489,0.4870569705963135,-167.18948364257818,-166.98667907714844,6.750740051269531,7.002579689025879,8.4490385055542,7.968201160430908,0.6249113082885742,0.6315739154815674,0.461203938308413,0.4858322330915602,0.8498644232749939,0.8475189208984375,0.8264050476432141,0.7978940441296458,0.2758612632751465,0.2717137336730957,-0.9280683168300886,-0.9302780075161097,0.795588493347168,0.8199000954627991,0.7048901671428722,0.7367588915775335,0.7273581027984619,0.7200457453727722,0.8689577583515737,0.8339837392810274,0.811583399772644,0.7838425636291504,0.7407001319926764,0.65694439278794,0.2971329092979431,0.30124861001968384,-0.8434039311272827,-0.8140533098035269,0.719365119934082,0.7105895280838013,0.534238570312736,0.4947964580972951
75,3.125,75,3.125,0.0,0.0461339926211782,0.04986924914377555,0.5670971786101762,0.5743106254396442,0.08075185053746005,0.08693518868521113,0.08314760208258659,0.08893804180910492,0.14313543585322225,0.13542899231283867,0.08191949893555901,0.0800309352074565,0.08373011778488448,0.08270777463118673,0.5074077844619751,0.5074250549077988,0.5000394582748413,0.5000519156455994,0.5093383938074112,0.5087181180715561,0.24551063030958176,0.24634883552789688,0.30385562777519226,0.3047664761543274,0.48030394315719604,0.4879809617996216,-167.15451049804693,-167.06271362304688,6.726993560791016,7.788743019104005,8.319193840026855,7.9225807189941415,0.6246428489685059,0.6318141222000122,0.46021809566391136,0.48381688071321033,0.8504730463027954,0.848147451877594,0.8310751497890212,0.7962746541847373,0.2763859033584595,0.2716347873210907,-0.9297901922765935,-0.9318329897458643,0.797308623790741,0.8174209594726562,0.7117144845492925,0.7283429398579687,0.727388858795166,0.7198421955108643,0.8703112955617578,0.8298026675467639,0.8129535913467407,0.7849345803260803,0.746839360300829,0.6565203771452249,0.2974514961242676,0.3016563057899475,-0.8457104663616939,-0.8138363291498066,0.7190120220184326,0.7101587057113647,0.5359289868053108,0.4912020164967824
76,3.1666666666666665,76,3.1666666666666665,0.0,0.030105214547535862,0.03541915815698485,0.5558957755554221,0.555630358782181,0.08073600334354031,0.08518807695891029,0.08335213200992436,0.08719505837553364,0.14180369521133943,0.1359685147439507,0.08403374807422423,0.08247936522756857,0.08385987900406064,0.08265668894493138,0.5068891048431396,0.5069706290960312,0.4995187819004059,0.49931031465530396,0.508910059928894,0.509030744433403,0.2454470992088318,0.24652385711669922,0.30398619174957275,0.30510392785072327,0.4805954843759537,0.48751288652420044,-167.86251831054693,-167.39398193359375,7.7286462783813485,9.070652961730957,8.07054615020752,7.987305164337157,0.6243032217025757,0.6316808462142944,0.4591464792060295,0.48232706382646917,0.850957989692688,0.8486692905426025,0.8289354735100007,0.7988984255959003,0.2768757939338684,0.2708228826522827,-0.9232584899244004,-0.9367631733279929,0.7973480820655823,0.8008604049682617,0.7089472092398423,0.6931424622795491,0.7274442911148071,0.7193671464920044,0.8695421920390902,0.8271573993634852,0.8135250806808472,0.7852164506912231,0.7451541357364845,0.6585371491715375,0.2969512641429901,0.3023083508014679,-0.8433787004876396,-0.8129451480260009,0.7197837233543396,0.7078665494918823,0.5353447319566259,0.48743478576168586
77,3.2083333333333335,77,3.2083333333333335,0.0,0.030171455486235642,0.02652331187722331,0.5336238359667999,0.5469574582086413,0.08009356291241182,0.08621059765767611,0.0823375535636702,0.08825373257720039,0.14079446752109576,0.1355392829394608,0.08565391474354804,0.08306032806108682,0.0838650104510118,0.08259229965949003,0.5066444128751755,0.506739541888237,0.49954691529273987,0.4992474317550659,0.5089157372713089,0.5093961209058762,0.2450772225856781,0.24635754525661469,0.3035675287246704,0.30553537607192993,0.4817379117012024,0.4867643564939499,-167.8924407958985,-166.59872436523438,8.073917388916016,8.574687004089355,7.743765830993652,7.895591735839844,0.623715341091156,0.6318345665931702,0.45695924008273475,0.4829172615324669,0.8504528403282166,0.8487067222595215,0.8255631944038996,0.8030024475474445,0.27701473236083984,0.27118584513664246,-0.9230807725138681,-0.9395403004148875,0.7977558374404907,0.7951450347900391,0.7075731086715394,0.6841709146822834,0.7271974682807922,0.718360960483551,0.868869321906082,0.82419151532805,0.8144499659538269,0.7841169834136963,0.7449517364221959,0.6597041678062963,0.2961716651916504,0.3037920892238617,-0.8468266986546885,-0.8109359391371034,0.7240410447120667,0.7036372423171997,0.5425235947115006,0.48115245573529486
78,3.25,78,3.25,0.0,0.03030629677080771,0.02839819278233949,0.5248958922324053,0.5375217654263517,0.08006105010637107,0.08759818454606404,0.08175792624462191,0.08912350674576962,0.14055105903731016,0.13482833562298446,0.0869667030942243,0.08400721170721806,0.0839256256786343,0.08245617971279648,0.5063530504703522,0.5065049082040787,0.49944525957107544,0.49924030900001526,0.5088657587766647,0.5096738338470459,0.24481701105833054,0.24587983638048172,0.30349570512771606,0.3041003942489624,0.4843275249004364,0.48671428859233856,-167.20846557617193,-167.137939453125,7.92138147354126,9.287799835205078,7.556883811950684,7.533478260040284,0.6239140629768372,0.6314119696617126,0.45759856461087045,0.48078973970697697,0.8494426012039185,0.8491193056106567,0.8168771065130696,0.8050915566189247,0.2764369547367096,0.27152103185653687,-0.9244733144249627,-0.9405550932192703,0.8041003942489624,0.7933854460716248,0.7154323477940552,0.6812774325711008,0.7263022065162659,0.7182883620262146,0.8648420076371617,0.8238973270878068,0.8134300112724304,0.7843365669250488,0.7363056314616706,0.6611751275375999,0.2972545623779297,0.30401694774627686,-0.8416723775360526,-0.8122164847987067,0.7256444096565247,0.7038626670837402,0.5399016676277996,0.4824004024427766
79,3.2916666666666665,79,3.2916666666666665,0.0,0.029418935451073245,0.030542398723498253,0.5253706039290601,0.5360999920517762,0.08166161549976741,0.08752570722207208,0.08335681876357613,0.08835984287409876,0.1394591878217737,0.13462051919699206,0.08721035957423728,0.08530692153369235,0.08335600620753679,0.08198742345729651,0.5059123337268829,0.5061468034982681,0.49918586015701294,0.49916431307792664,0.5090003907680511,0.5090662389993668,0.2442072033882141,0.24541935324668884,0.30303946137428284,0.3031858205795288,0.4836287647485733,0.48645350337028503,-166.86610412597662,-167.40602111816406,7.808909893035889,9.584882736206055,7.356542587280273,7.250732898712159,0.6238506436347961,0.6309802532196045,0.4559792199494541,0.48123082378665494,0.8488770127296448,0.849218487739563,0.8156874187294644,0.8054668901633196,0.2768375873565674,0.2713693380355835,-0.921734270134107,-0.9382602664177397,0.8012779951095581,0.7906970977783203,0.709387333701818,0.6755286546357867,0.726534903049469,0.7178893685340881,0.8636569336704244,0.8242869147935876,0.8117749691009521,0.7841252088546753,0.7328296080093302,0.660936731043628,0.29808637499809265,0.303360253572464,-0.8373721954167274,-0.8119826211776183,0.7217574119567871,0.7086233496665955,0.5317986948341867,0.4932958331011038
80,3.3333333333333335,80,3.3333333333333335,0.0,0.02906377627777715,0.027672748849081715,0.5284520021712766,0.5332408747013316,0.0828469284112894,0.08949134019398838,0.08458926140638612,0.09035018134356862,0.13606107563122743,0.1320297038666184,0.0859841967161695,0.08475601665162437,0.08319222627667494,0.08214067683196428,0.5056813657283783,0.5058176815509796,0.4990808963775635,0.4990383982658386,0.5089171826839447,0.5088513940572739,0.24326704442501068,0.2443840354681015,0.3016279935836792,0.3025195598602295,0.48445016145706177,0.4868168532848358,-167.31440734863287,-167.26730346679688,7.855210781097412,9.36796760559082,7.066995143890381,7.028539657592773,0.6239461302757263,0.6305073499679565,0.45592226303394773,0.4792416073446549,0.8479280471801758,0.849206268787384,0.8103715267004071,0.8030067054828061,0.2771614193916321,0.2715177536010742,-0.9185741005504972,-0.9349328972655744,0.8022630214691162,0.7874941229820251,0.7085616558504528,0.6662608051570076,0.7266366481781006,0.7183659076690674,0.8629406205375821,0.8253444848936706,0.8126558065414429,0.7845726013183594,0.7317323009888098,0.6597871020470988,0.298309326171875,0.30387523770332336,-0.8347534474058953,-0.8074664483382735,0.7235499620437622,0.7047207355499268,0.5330714138213276,0.4828459969421307
81,3.375,81,3.375,0.0,0.030993975726370422,0.02921919149617337,0.5296285743599309,0.5272310856399383,0.07778929951588646,0.08557872811535691,0.07931877136807096,0.08605087465061406,0.13957742913062215,0.13253756404404035,0.0913655231751309,0.08897864445490879,0.08307022588770688,0.08206656322339917,0.5052596479654312,0.5051892846822739,0.49890846014022827,0.4989444315433502,0.5086377859115601,0.5083107501268387,0.24245701730251312,0.24324879050254822,0.2996019124984741,0.30076780915260315,0.48377707600593567,0.48625437915325165,-168.51875305175787,-168.07322692871094,7.774603366851807,9.634843826293945,6.725520610809326,6.460984230041504,0.6241804361343384,0.6301095485687256,0.45818946808740857,0.48097527074482677,0.8487797975540161,0.849340558052063,0.8141818316802445,0.8065141440752535,0.276701956987381,0.2717975080013275,-0.9197517443150305,-0.9339749005843492,0.8053163886070251,0.7854425311088562,0.7172315466044462,0.6645790732760972,0.7273374199867249,0.718075156211853,0.8672630307042746,0.8283455444554758,0.8121289014816284,0.7839837074279785,0.7324276640116395,0.6613386251381148,0.2980993390083313,0.30424779653549194,-0.8348994835460498,-0.8058308916685771,0.7243931889533997,0.7043733596801758,0.5367227585056266,0.48450217361555153
82,3.4166666666666665,82,3.4166666666666665,0.0,0.03370929722711032,0.029907039363044275,0.5289296259911348,0.5382981361392533,0.06421930628146573,0.07350921065647444,0.06476228168990689,0.07499172783177817,0.15295758021760344,0.14179172535297344,0.10860738752767962,0.10415599125593103,0.08268470586333194,0.0811399615803044,0.5045560300350189,0.5044494569301605,0.49887704849243164,0.4988365173339844,0.5081774592399597,0.5079313963651657,0.24239686876535416,0.242548406124115,0.2968972623348236,0.29786357283592224,0.4830853044986725,0.4863003194332123,-170.46255493164068,-170.04394531250003,7.421552658081055,9.027412414550781,5.9527740478515625,5.71725606918335,0.6243569850921631,0.6283894777297974,0.4616467617317553,0.47616050929939074,0.8477331399917603,0.850479006767273,0.8150351905476074,0.8097565795567729,0.27677834033966064,0.2719704806804657,-0.9194791691937217,-0.932733350177422,0.80326908826828,0.7847309112548828,0.7156522699827262,0.6635647380620835,0.7287886738777161,0.717248797416687,0.8766127430128251,0.8274138120149527,0.8116868138313293,0.7837225794792175,0.7344669780118582,0.6613226977721965,0.2981160581111908,0.30450260639190674,-0.834692385638552,-0.8041366352715856,0.7254610061645508,0.7071346044540405,0.5417411183155201,0.4910282273693248
83,3.4583333333333335,83,3.4583333333333335,0.0,0.03402922437827144,0.030117584369792276,0.5428361983411423,0.5461929301170103,0.04786960029780972,0.05095183350861286,0.04996940114170877,0.05246609509718881,0.16529943507839995,0.1672130598966452,0.12951118589841454,0.13405540962499346,0.08195110574685563,0.08265961235512798,0.503751739859581,0.5040139555931091,0.49858736991882324,0.49867355823516846,0.509500190615654,0.5082148909568787,0.24135489016771317,0.24312059581279755,0.2929310202598572,0.2947445511817932,0.4799072742462158,0.48684704303741455,-172.751693725586,-172.49118041992188,6.9294610023498535,6.789462566375732,5.183021545410156,5.103657245635987,0.6238792538642883,0.6282163858413696,0.4586523232540943,0.47423211438677193,0.8476347327232361,0.8508670330047607,0.8294412867620046,0.8091929017149434,0.27655327320098877,0.27122366428375244,-0.934101415351393,-0.9365620872014367,0.7992318272590637,0.7855931520462036,0.7202643208712954,0.6640932846752619,0.7287108898162842,0.7173293828964233,0.8790201074821612,0.8263964357849217,0.811651349067688,0.7864065170288086,0.7482776332102157,0.6659013424428765,0.300143301486969,0.30481550097465515,-0.8395069942074184,-0.8038110097636441,0.7212987542152405,0.7078756093978882,0.5444794919262317,0.49133221225342444
84,3.5,84,3.5,0.0,0.035508918166911735,0.03220652747435598,0.5401837911929754,0.5407133475217957,0.050756572682722795,0.05051838182140706,0.053423505776154,0.05272264698837198,0.1603144192468439,0.16293321150127246,0.13350749668131331,0.14027201199362088,0.08227402501459574,0.08237983411416815,0.5020276457071304,0.5022667348384857,0.4976765513420105,0.49759501218795776,0.5078735649585724,0.5085072815418243,0.2389472872018814,0.23983841389417648,0.2901845872402191,0.2927887439727783,0.48093339800834656,0.48601771891117096,-172.478256225586,-170.6247100830078,5.534436225891114,6.440618515014648,4.280409812927246,4.101515769958496,0.6228707432746887,0.6290847063064575,0.46023504914924257,0.48068709606178195,0.8468977808952332,0.8491322994232178,0.8238608241849599,0.8142592001895487,0.27635225653648376,0.2711465060710907,-0.9265811763470357,-0.9462489525109299,0.7995703220367432,0.7871272563934326,0.7173170153198581,0.6752172022781583,0.7283058166503906,0.7165252566337585,0.8822011955161541,0.8292726152576007,0.8128497004508972,0.7856980562210083,0.7472116175176092,0.6720123202608405,0.29882460832595825,0.3056598901748657,-0.8366436310805151,-0.8086598605852033,0.7246395349502563,0.7036759853363037,0.5486324577710399,0.4880835291275021
85,3.5416666666666665,85,3.5416666666666665,0.0,0.038064718402409124,0.03301879381594832,0.54492313274706,0.5377389696777438,0.05376881552958823,0.05380412948401823,0.056890678131309394,0.05625616336955536,0.1484338916275718,0.1535611507594659,0.13217719804210065,0.13914973051738747,0.08182782900134192,0.08235905946570854,0.5001098662614822,0.5004850327968597,0.4967530071735382,0.4964773952960968,0.5068503618240356,0.506708949804306,0.234401673078537,0.23575830459594727,0.28473833203315735,0.28627341985702515,0.481796458363533,0.4879603832960129,-173.15847778320318,-172.61236572265625,4.5471062660217285,6.029239177703857,3.0463783740997314,2.926548957824707,0.6279481649398804,0.6294424533843994,0.4855821321160126,0.48556970093974877,0.8435970544815063,0.8483754396438599,0.8160527601921698,0.8020730048138449,0.2769679129123688,0.2710333466529846,-0.9217905429035155,-0.9324017387501925,0.8018113970756531,0.7887061834335327,0.7218038799294847,0.6692841582307153,0.724709153175354,0.718905508518219,0.8735776676591839,0.8395117596224996,0.8112526535987854,0.7866449356079102,0.7430989345204734,0.6646970267886607,0.29955488443374634,0.30276721715927124,-0.8312205283599641,-0.806853249039372,0.7231341600418091,0.7135011553764343,0.5443448676042907,0.5019217748661038
86,3.5833333333333335,86,3.5833333333333335,0.0,0.03664870091798947,0.032068874708786395,0.545110400101401,0.5450446923059203,0.061271750939400654,0.06256141441190989,0.06431248926481649,0.0653283979816321,0.13569946343208392,0.14019133611451035,0.12953142222956135,0.13879424920272002,0.08195130934860172,0.0817619687492156,0.49750080704689026,0.4976271688938141,0.49486812949180603,0.4946924149990082,0.5054977983236313,0.5052086263895035,0.23034310340881348,0.23100753873586655,0.2787257134914398,0.28014451265335083,0.482998788356781,0.4850750267505646,-174.92903137207037,-174.0674591064453,4.209683418273926,5.431632041931152,1.8388346433639526,1.4119000434875488,0.6283438801765442,0.6312611103057861,0.4896272533840956,0.49995561227099666,0.8460915684700012,0.8461251258850098,0.8140375041476867,0.8055083286966159,0.2771371603012085,0.27032625675201416,-0.9101762977661243,-0.9316021015640182,0.8050057291984558,0.7880458831787109,0.7219249205650751,0.6759326442238218,0.7236184477806091,0.7181811928749084,0.86936280660418,0.8447023538612093,0.8133277297019958,0.7832601070404053,0.7405824673147106,0.6652555039933541,0.29631197452545166,0.3042263388633728,-0.8337512992545104,-0.7971459148911901,0.7296139001846313,0.7107048034667969,0.5528998677826822,0.5033835049002587
87,3.625,87,3.625,0.0,0.03933606553719092,0.03434461488840018,0.5554694080470729,0.5514371857579111,0.064531742530992,0.06875895555443261,0.06634312293362961,0.07034861511440971,0.127158321162481,0.12388581088246121,0.13035035666205644,0.1316443155908646,0.0813996637722557,0.0819888673783116,0.4942121058702469,0.49465443193912506,0.4926726222038269,0.4925609529018402,0.5035181939601898,0.5021504759788513,0.22677715867757797,0.2274252101778984,0.27475476264953613,0.27503710985183716,0.48276738822460175,0.4854780435562134,-175.19400024414068,-175.51922607421875,3.2197327613830566,4.639701843261719,0.4248124063014984,0.22146810591220856,0.6302980780601501,0.6299126744270325,0.5028070901592387,0.5037337052718515,0.8331042528152466,0.8310168981552124,0.7815547525529606,0.7663339229591629,0.2763177156448364,0.26771220564842224,-0.9010736379476293,-0.9243302009942223,0.8064919114112854,0.7905885577201843,0.7221861733281318,0.6766722009503369,0.7257188558578491,0.7219282388687134,0.8812444421555822,0.8665275659120024,0.8173942565917969,0.7871279716491699,0.7465078492663972,0.6689973346820675,0.29561635851860046,0.302209734916687,-0.8245355141256446,-0.7883152571994402,0.7331497073173523,0.7178491353988647,0.5585695118634586,0.5153511624640281
88,3.6666666666666665,88,3.6666666666666665,0.0,0.047268014553487725,0.039272826842509136,0.5562994723807697,0.5523938953457719,0.06772635767993716,0.0703600119044446,0.06951813695887518,0.07168884833729251,0.11793853686427432,0.1137104367083653,0.1335193196823666,0.13233212897128352,0.0818668521109557,0.08202085708213074,0.49115927517414093,0.49120497703552246,0.49009260535240173,0.4901667535305023,0.5029119253158569,0.49886035919189453,0.2247655838727951,0.22472689300775528,0.27067384123802185,0.2701468765735626,0.47930464148521423,0.4892634153366089,-177.04786682128912,-177.4241943359375,3.259340524673462,3.571009397506714,-0.8812270164489746,-1.3259506225585938,0.6427973508834839,0.6366760730743408,0.56081119881439,0.5396433170135854,0.8230197429656982,0.8213471174240112,0.7751135866939469,0.7314390669108984,0.27416473627090454,0.2680978775024414,-0.9170646962910611,-0.9035938468337802,0.8004661798477173,0.7963645458221436,0.7242529374940481,0.6764130938003741,0.7216008305549622,0.7213894128799438,0.876740279531536,0.8713543128074938,0.8111742734909058,0.7906267046928406,0.748400811226322,0.6637750717134131,0.29708999395370483,0.29974165558815,-0.8251556128962044,-0.7796866893119656,0.7251275777816772,0.7290261387825012,0.5543564918261465,0.528095241094134
89,3.7083333333333335,89,3.7083333333333335,0.0,0.047972664069012204,0.04286738863388679,0.5657651313991129,0.5454712937291848,0.07116599924954761,0.07118058754222388,0.0725370856147309,0.07259410064543477,0.11022918967282842,0.10607511770602705,0.1360756576775344,0.13538920411169597,0.08045910582803613,0.08224757559939411,0.4877956807613373,0.4878784120082855,0.48793765902519226,0.4878113567829132,0.5013969987630844,0.49783430993556976,0.2219954878091812,0.22270020842552185,0.2673775553703308,0.26694363355636597,0.4804227948188782,0.4920143187046051,-176.6948852539063,-178.07398986816406,2.00388503074646,2.4770638942718506,-2.2363293170928955,-2.6535961627960205,0.6518403887748718,0.642497181892395,0.5983744463561097,0.5680224691219128,0.8246321678161621,0.8045232892036438,0.7700964947825482,0.6902293898047084,0.27431315183639526,0.2691114544868469,-0.9032046617038259,-0.8980861456654373,0.8006309270858765,0.7941347360610962,0.7163987375254529,0.6672844974226304,0.7175967693328857,0.7170069217681885,0.8599142707890766,0.8605868696856664,0.8127424716949463,0.7962511777877808,0.7434957859545227,0.671959020138679,0.29747602343559265,0.2985004782676697,-0.8110765165716174,-0.7826893916313561,0.727821409702301,0.7308345437049866,0.5535026675095359,0.5274752206690448
90,3.75,90,3.75,0.0,0.04776246694466957,0.04461467669166024,0.557349425590657,0.5354944821636964,0.0740968875254865,0.07512592402939469,0.07523141986015541,0.07622756793573551,0.10340644513612475,0.10102163740388291,0.13338071724553302,0.1364886889286033,0.0810451147576839,0.08168414745392825,0.4851888418197632,0.4848794788122177,0.48565489053726196,0.48634853959083557,0.5004198998212814,0.49572932720184326,0.22006450593471527,0.22094125300645828,0.26434195041656494,0.2648013234138489,0.4815501719713211,0.49124328792095184,-177.62113952636724,-177.8926544189453,1.563443660736084,-0.19416314363479614,-2.8775041103363037,-3.6860244274139404,0.6598906517028809,0.6497964859008789,0.6315277971636174,0.6044472217071676,0.8126415610313416,0.783867597579956,0.7375336535588682,0.6457750195752097,0.27356913685798645,0.2684924900531769,-0.8983626209115905,-0.891511702064609,0.8054576516151428,0.7965071201324463,0.721530896816667,0.6736684230086675,0.7197864055633545,0.7144685387611389,0.8687238537987758,0.8581732136938552,0.81874680519104,0.8012871742248535,0.7511335935746899,0.6842172373867071,0.29700547456741333,0.2971903085708618,-0.8055512523528852,-0.7789223818061849,0.7307316064834595,0.7361077070236206,0.555072405587273,0.5403765846506888
91,3.7916666666666665,91,3.7916666666666665,0.0,0.05379985920146027,0.04658878192220743,0.5681171889994423,0.5487334937167387,0.07642290227432305,0.07675613546883296,0.07708277813465875,0.07780548818245236,0.09675251075931224,0.09749637276589831,0.1316517441132777,0.1381713198164849,0.08061310343335866,0.08046616912491587,0.4825931340456009,0.4823337346315384,0.48334354162216187,0.4842612147331238,0.49899378418922424,0.49285006523132324,0.2182849571108818,0.21932005882263184,0.2619832754135132,0.26349037885665894,0.4816397875547409,0.49004150927066803,-178.14926147460943,-177.47120666503906,1.3865740299224854,-0.9414180517196656,-3.5034022331237793,-4.2982659339904785,0.660981297492981,0.6624234914779663,0.6438857586878223,0.6731389638862938,0.7977740168571472,0.7517791986465454,0.70684034349719,0.584434339310147,0.2753971219062805,0.27214735746383667,-0.8887765704764301,-0.876101847570273,0.8093764185905457,0.8042116165161133,0.7327820001305907,0.7015107357936052,0.7173044681549072,0.7174975275993347,0.867765283311138,0.8917609522033351,0.8183581233024597,0.7922437191009521,0.7528640749434599,0.674787606100515,0.29882240295410156,0.29625019431114197,-0.7956631906095023,-0.7804231850508462,0.7280135154724121,0.741851806640625,0.5508637607964473,0.5622674561154195
92,3.8333333333333335,92,3.8333333333333335,0.0,0.06006570025347894,0.052537795483825166,0.5693556928530532,0.5639125212138,0.07719356223219771,0.07845121550027133,0.07712010165484874,0.07899451836193674,0.09196036841923674,0.0950636052564228,0.1294140637579713,0.13666727570318637,0.08081103026701827,0.07993595306224131,0.4804680645465851,0.48039448261260986,0.48167750239372253,0.48264962434768677,0.4978007823228836,0.492934986948967,0.21705982089042664,0.21757587790489197,0.25995761156082153,0.26211977005004883,0.4776482731103897,0.48639559745788574,-178.99003601074224,-177.18121337890625,0.5042676329612732,-1.783433198928833,-3.943956851959229,-4.5086331367492685,0.6632559895515442,0.6646305322647095,0.6623394641226491,0.6855773293791051,0.7803464531898499,0.733444094657898,0.6816046256891446,0.5548839508453555,0.2774500846862793,0.267788290977478,-0.8820935009315262,-0.8990068452784146,0.8114417791366577,0.8053837418556213,0.7516239366644937,0.7164641916155542,0.7163146734237671,0.7280030846595764,0.8747405171424758,0.9386228300466564,0.8013391494750977,0.7959597110748291,0.7288752068665937,0.6952973215807181,0.30012059211730957,0.2953515648841858,-0.7913404083286112,-0.7889471714577865,0.7293879389762878,0.7415980100631714,0.5668581181379855,0.5731980747773617
93,3.875,93,3.875,0.0,0.05779589199672612,0.05573426484080633,0.571895698450221,0.5693764539741386,0.0782377450977408,0.07692589545665753,0.0773160462595663,0.07669289706914581,0.08695332774665318,0.0944105716313939,0.12657727161323215,0.13834621186674437,0.08075102770851418,0.080141731117198,0.47863151133060455,0.4787825345993042,0.4803127944469452,0.4810895621776581,0.49681301414966583,0.493399053812027,0.21555355936288834,0.2162509262561798,0.25933924317359924,0.260651171207428,0.4805432856082916,0.4886101931333542,-178.17924499511724,-177.42355346679688,-0.016751836985349655,-1.5855060815811157,-4.391400337219238,-4.763230800628662,0.6693530082702637,0.6757623553276062,0.6856114672514371,0.7154346781608629,0.7873109579086304,0.7488357424736023,0.6856783099941847,0.5742552864762254,0.2795097827911377,0.2669699788093567,-0.863484365173124,-0.888310373054735,0.8158658146858215,0.8044620156288147,0.749503307557622,0.6970091110231937,0.7196502685546875,0.7224292755126953,0.8854745691258245,0.8985150059784949,0.7995912432670593,0.7878554463386536,0.7131268519075908,0.660362401162127,0.30158138275146484,0.2973959147930145,-0.7757798181171546,-0.7689455143506846,0.721177339553833,0.7364296317100525,0.5378583414581201,0.5468779797181446
94,3.9166666666666665,94,3.9166666666666665,0.0,0.0566965207219988,0.0522928255459694,0.5751850154156922,0.5745684112341751,0.07716394705640107,0.07641645127941665,0.07630834863160535,0.07607191649815985,0.08439603247473161,0.09205880534225713,0.12458006097731894,0.13767438107883476,0.08073145377889006,0.0800867279850421,0.47703026235103607,0.4771173447370529,0.47840866446495056,0.4792357385158539,0.49476537108421326,0.4937194138765335,0.21469824761152267,0.2155042067170143,0.25865405797958374,0.2594583332538605,0.4816998541355133,0.48908308148384094,-177.92459106445318,-177.60592651367188,0.6194542050361633,-0.9661105275154115,-4.379931926727295,-4.879233360290528,0.6713237762451172,0.6840517520904541,0.6985517988832564,0.741714101796541,0.7749356627464294,0.7515370845794678,0.6526040252583737,0.5753070303769448,0.2818135619163513,0.26916468143463135,-0.8425419862287811,-0.875076790629825,0.8154700994491577,0.8286850452423096,0.7428144831117004,0.7444176692891862,0.7168365716934204,0.726161003112793,0.8786227793819971,0.9058114149092257,0.7908607721328735,0.8018121719360352,0.6880457761738055,0.6855115266616127,0.3013315200805664,0.2958916127681732,-0.7653193540141597,-0.77092348670963,0.7300668358802795,0.7395499348640442,0.5527472677901099,0.5490308394096785
95,3.9583333333333335,95,3.9583333333333335,0.0,0.06838503714798762,0.07258605009663707,0.5800757685307687,0.5793502198369972,0.07931262515107289,0.07568785966475036,0.07845663136083202,0.07525976034232998,0.08298347802206545,0.09028166498710914,0.1252284630117827,0.13940875679156478,0.08022522871047591,0.08000559143298881,0.47534507513046265,0.47564834356307983,0.47688916325569153,0.47757488489151,0.4947078227996826,0.49245136976242065,0.21397946029901505,0.21501868963241577,0.2579871714115143,0.25846433639526367,0.4863114655017853,0.48898208141326904,-177.47792053222662,-177.59725952148438,0.6173072457313538,0.0331290103495121,-4.647817611694336,-5.125873565673828,0.6828910708427429,0.6960513591766357,0.7252854030679846,0.802129335705753,0.7712621688842773,0.7556983232498169,0.617760643932913,0.5910696209134148,0.2839796543121338,0.26947957277297974,-0.8121767809231215,-0.8784490604092882,0.8290529251098633,0.8326700925827026,0.743048472162508,0.7616466889140383,0.7113087773323059,0.7190468311309814,0.8348113461042859,0.8927253258924389,0.7994053959846497,0.7878607511520386,0.678773927597418,0.6623447481307189,0.2989156246185303,0.29554474353790283,-0.754611395286843,-0.7757592804595008,0.7464796900749207,0.7318413257598877,0.5640333153606732,0.5382001504776909
96,4.0,96,4.0,0.0,0.08702716329081399,0.08938446645499272,0.5924651198026483,0.5910530459714399,0.08091805704742727,0.07596657851371051,0.08006460284345777,0.07524587549893078,0.07655211805283553,0.08938126777997212,0.12155785839023393,0.13858913571857298,0.07990212722008286,0.08018989375232967,0.4742150604724884,0.4740067422389984,0.4761439561843872,0.47599858045578003,0.49645519256591797,0.4928014874458313,0.21339405328035355,0.21435362845659256,0.256635844707489,0.2575687766075134,0.4857126772403717,0.49039752781391144,-178.05506896972662,-177.9365234375,0.06865518540143967,0.2685069441795349,-5.078853130340576,-5.373115539550781,0.6947052478790283,0.716282308101654,0.7551231021884379,0.8732483452923395,0.7629817724227905,0.7707875967025757,0.5940574299840913,0.6162865192340904,0.28448617458343506,0.272422194480896,-0.8073778449845622,-0.8611291669395941,0.8269520998001099,0.8397974371910095,0.7311157929149086,0.7679674776791778,0.7216227650642395,0.7169745564460754,0.8576503829400368,0.875953296524948,0.8218220472335815,0.7765978574752808,0.7201244999929546,0.6290572475328684,0.2973989248275757,0.2967528700828552,-0.7581939191251722,-0.7660573744389877,0.748627245426178,0.7341054677963257,0.5633024213502058,0.5356606196388177
97,4.041666666666667,97,4.041666666666667,0.0,0.09561354945423241,0.10114677084382233,0.6028673565968261,0.6059427856951292,0.08248775557152226,0.07727696063533246,0.08085498331782758,0.07610386212441365,0.0762672232672679,0.08632868808869246,0.12302268153568957,0.1362590103619287,0.08020016051425986,0.07962152278133589,0.47250932455062866,0.47252748906612396,0.4747123718261719,0.47474178671836853,0.49528779089450836,0.491950586438179,0.2126970812678337,0.213448666036129,0.25591886043548584,0.2568778395652771,0.4842090457677841,0.4953825771808624,-178.0193481445313,-177.71018981933594,0.007945599965751171,0.12246837466955185,-5.484743595123291,-5.63607120513916,0.7003904581069946,0.7215121984481812,0.7896865927260723,0.8891620611094884,0.7521858811378479,0.7828506231307983,0.5803677044893659,0.6263163682990438,0.28488415479660034,0.2760128378868103,-0.8100963909708647,-0.8363926873144266,0.8227413892745972,0.846489429473877,0.7331724730054895,0.7649683911350867,0.7246005535125732,0.7199923992156982,0.8829003378725354,0.8832754156630004,0.8126967549324036,0.7808057069778442,0.7114184233781641,0.621861040214971,0.29716673493385315,0.29918813705444336,-0.7628059827558241,-0.7466276930965616,0.7503852248191833,0.7479771375656128,0.5764679540770048,0.5503363241277344
98,4.083333333333333,98,4.083333333333333,0.0,0.08377593060884903,0.08711406537845538,0.6040237912896513,0.6038978996089991,0.0823118295839627,0.07542668394874907,0.08142323566147651,0.07436121235102695,0.07869063681370977,0.08975943509113539,0.12884528540182302,0.14237204981455007,0.08024289188145328,0.07983616915491312,0.4715278148651123,0.47132422029972076,0.4740879237651825,0.4740961194038391,0.49382759630680084,0.4923880994319916,0.21246173232793808,0.21317175030708313,0.2551892399787903,0.25685417652130127,0.4822363555431366,0.4920439273118973,-178.52026367187506,-177.43472290039062,-0.6522043943405151,-0.9605701565742493,-5.782606601715088,-6.092529773712158,0.7063689827919006,0.7187841534614563,0.8255356594924018,0.8812464089093218,0.7621234655380249,0.7693418264389038,0.6115018184773795,0.6071522562700374,0.28335291147232056,0.2746480703353882,-0.8175083480198769,-0.847552840705519,0.8167194128036499,0.8469672203063965,0.7307839141588652,0.7771154373070206,0.729995608329773,0.7191014885902405,0.917304242625997,0.8824816355737646,0.8029674887657166,0.7917681932449341,0.7007384913563911,0.6562554743221306,0.2984756827354431,0.2968316972255707,-0.7587697317225288,-0.761203095709463,0.7436087131500244,0.7447682619094849,0.5710504923904887,0.553347682937152
99,4.125,99,4.125,0.0,0.058685593062543825,0.06312978184079941,0.5778914555213779,0.5824195322088922,0.07818899502572238,0.07274726276079259,0.07685281180057717,0.07137651161226712,0.08354776391917251,0.09252808884698643,0.13650995015176667,0.14735797133995004,0.08025071948583173,0.08009145014455522,0.4705071449279785,0.47028620541095734,0.4732630252838135,0.473147451877594,0.4928768277168274,0.49166448414325714,0.2128036767244339,0.2134283185005188,0.25558894872665405,0.25635814666748047,0.4809863865375519,0.4927632361650467,-178.11198425292974,-177.78128051757812,-1.1843762397766113,-1.3273121118545532,-5.976049900054932,-6.295191287994385,0.711550772190094,0.7260848879814148,0.8585866323883973,0.9128766085134942,0.7474724054336548,0.7620639801025391,0.5885509150517203,0.5898977627204268,0.2811732888221741,0.2741570472717285,-0.8312185018754613,-0.8470143726688005,0.8045006394386292,0.8413931131362915,0.7145013099221438,0.7636666035002486,0.7301173806190491,0.7218063473701477,0.9314853119466261,0.8962151764083891,0.7822244167327881,0.7830766439437866,0.6653028892630464,0.6359255724008391,0.30050772428512573,0.29596051573753357,-0.7553050780185285,-0.7621076153174372,0.7295005917549133,0.7400305271148682,0.5488590489283941,0.5416339353265833
100,4.166666666666667,100,4.166666666666667,0.0,0.04565624779157203,0.048894370917850656,0.5828863935230953,0.5815462599679357,0.0768939836461381,0.07912613032189156,0.07663964350513151,0.07905034095810647,0.0789522643507745,0.08420546602018213,0.1362760396155162,0.14310989402426022,0.08038508268134756,0.0796529726474589,0.4694789797067642,0.46949557960033417,0.4723854959011078,0.47247084975242615,0.49306780099868774,0.49037790298461914,0.21283046901226044,0.2129887267947197,0.25634416937828064,0.25712230801582336,0.480781152844429,0.4887199401855469,-177.47915649414068,-176.6826934814453,-1.0908547639846802,-1.2941679954528809,-6.380575656890869,-6.456676959991455,0.7157900333404541,0.7262590527534485,0.8705688057590308,0.9344640413428364,0.7425804138183594,0.757797360420227,0.5756128407694278,0.5996103769147176,0.2801271677017212,0.271154522895813,-0.8323348364363008,-0.8684728131747192,0.804235577583313,0.8398845791816711,0.711172826045258,0.7825330024494134,0.7299377918243408,0.7187543511390686,0.9258690650909537,0.9047335020160681,0.7896423935890198,0.7745534777641296,0.6790870819389654,0.6369496000551873,0.29832249879837036,0.29600581526756287,-0.7612135680444989,-0.7700222200473893,0.7333886623382568,0.7387608289718628,0.5554031191627833,0.5571894937839547
101,4.208333333333333,101,4.208333333333333,0.0,0.0437015995066473,0.03826113288149577,0.5851671983177317,0.5809441030841646,0.08094093760231832,0.08200960461623424,0.0814424531195048,0.08214070865726433,0.07766570938497964,0.08226426480339394,0.13584897946720428,0.14128634256092354,0.08088341268075844,0.0805672493015642,0.4688725173473358,0.4691479057073593,0.47181421518325806,0.47203999757766724,0.4925008714199066,0.48925943672657013,0.21318012475967407,0.21310607343912125,0.25714588165283203,0.2579464912414551,0.4799458533525467,0.4894985109567642,-177.36308288574224,-176.4234619140625,-1.240470051765442,-0.878254771232605,-6.410886287689209,-6.460545539855957,0.720624566078186,0.72767174243927,0.894670070661958,0.9406519499851991,0.7374534010887146,0.749975860118866,0.5680741172206776,0.5780864401993442,0.2802128195762634,0.2703787088394165,-0.8325648356175636,-0.8635904211645032,0.8009226322174072,0.8359785079956055,0.7080903138761946,0.7689551077388079,0.7276108264923096,0.7154489755630493,0.9220692328039248,0.8924272182040028,0.7760363817214966,0.7667443752288818,0.6531900404446697,0.6153013889791914,0.2990889847278595,0.2955944240093231,-0.7585350859446821,-0.7641022191023706,0.7326653599739075,0.7449402809143066,0.5575114667142267,0.5669108041370547
102,4.25,102,4.25,0.0,0.04308733292955653,0.03809310121878624,0.5784138809710133,0.5776409802402406,0.08310199421412626,0.07853608085259067,0.08314040225818058,0.07786056085360259,0.07690584649303536,0.08561501564737493,0.13623424047010796,0.1454187316109964,0.08117414123514367,0.08131692844200057,0.46869777143001556,0.468925803899765,0.47166645526885986,0.4717756509780884,0.490496501326561,0.4910679757595062,0.21372337639331818,0.21355491131544113,0.25787073373794556,0.25931477546691895,0.48205192387104034,0.49192389845848083,-177.10195922851568,-175.83009338378906,-0.9663586616516113,-0.5168607831001282,-6.66247034072876,-6.6067423820495605,0.7249829173088074,0.7334879636764526,0.9133279140760097,0.9300994869487405,0.7448573708534241,0.7742477059364319,0.5757924044482984,0.6092997623425105,0.28119805455207825,0.2707062363624573,-0.815220416974432,-0.8454679934500551,0.8106253147125244,0.8564584255218506,0.7198863833405642,0.7867235947598824,0.7199146747589111,0.7152979969978333,0.8935870375022533,0.8603095376100957,0.7769438624382019,0.7897547483444214,0.6460921579429347,0.6427664307691933,0.29601725935935974,0.29163163900375366,-0.757499404189093,-0.7651829211336025,0.7427935004234314,0.7560473084449768,0.5712705768720423,0.5700204044833654
103,4.291666666666667,103,4.291666666666667,0.0,0.04558326448171934,0.04659516612694376,0.5734037412432723,0.5710682931796128,0.08313506368269703,0.07830356230735533,0.0831148762073849,0.07743158819274615,0.07746277512455493,0.08447373236308736,0.13629405353752122,0.14356662231135153,0.08135056512987315,0.0813238886230029,0.4687091261148453,0.46889324486255646,0.47166696190834045,0.47187328338623047,0.4903987646102905,0.4907885044813156,0.21372278034687042,0.21378450840711594,0.2591020464897156,0.26065218448638916,0.48425157368183136,0.49105414748191833,-176.157211303711,-175.0487060546875,-0.8865290880203247,-0.8930283188819885,-6.6362624168396,-6.600002765655518,0.7251039147377014,0.735061764717102,0.9160978731284607,0.9357856419225568,0.7436795830726624,0.7760182619094849,0.5695851336066959,0.6140633082351693,0.2825559973716736,0.26969388127326965,-0.8112489943619419,-0.8469906763624402,0.8149607181549072,0.8495770692825317,0.7260858713057315,0.7725736690785456,0.722886323928833,0.7142762541770935,0.9074422035687141,0.8561584968777206,0.7762969732284546,0.790083110332489,0.6411979890320333,0.6443713607764708,0.30007803440093994,0.2925158739089966,-0.7428572234669479,-0.7595619786492271,0.7424784898757935,0.7534962892532349,0.5669480828479168,0.5655311726536056
104,4.333333333333333,104,4.333333333333333,0.0,0.04683887437695904,0.05152479205938623,0.5817472768593226,0.580669031895409,0.08252448615095673,0.0800304457669291,0.08234991289394263,0.07925973914455406,0.07846686247005541,0.082719988378652,0.13641539947263798,0.14050881213329755,0.08122204137108545,0.08117122503676105,0.46897540986537933,0.46906593441963196,0.47162705659866333,0.47173240780830383,0.48958222568035126,0.4892081767320633,0.21360478550195694,0.2139926627278328,0.259391188621521,0.26138439774513245,0.48607608675956726,0.4930843114852905,-176.479965209961,-174.80020141601562,-0.232865571975708,-0.46699899435043335,-6.3950676918029785,-6.31445837020874,0.726118803024292,0.7385381460189819,0.9203484825957866,0.9560575364397613,0.7399300336837769,0.7838690280914307,0.5555977000695399,0.6271965332955859,0.2815544605255127,0.26979559659957886,-0.809422543218992,-0.8413390954376564,0.8111587762832642,0.8506870269775391,0.7114925602701407,0.7713169594040831,0.7156317234039307,0.7149103879928589,0.8795439359001337,0.86545673062947,0.7716837525367737,0.7819420099258423,0.6250955092513175,0.6230401280788299,0.2984241545200348,0.29306524991989136,-0.7437836579182304,-0.7521114446628544,0.7404441237449646,0.754782497882843,0.5567228638067411,0.564459498401372
105,4.375,105,4.375,0.0,0.05051569520299285,0.051911874649747836,0.5805065023309017,0.5824330420802746,0.0842649059755325,0.08096153624883881,0.0834339844943474,0.08030641461208805,0.07848244193528295,0.0834167857072594,0.13230105090458188,0.13778928704028326,0.08173532430493309,0.08083562871139985,0.46939322352409363,0.4691583812236786,0.47170400619506836,0.47197225689888,0.489580899477005,0.4892791360616684,0.21417485177516937,0.21442076563835144,0.2605612874031067,0.26188576221466064,0.4850580096244812,0.4933730214834213,-176.31999206542974,-174.889404296875,0.11570614576339723,-1.0556532144546509,-6.000805854797363,-6.07188081741333,0.7266716957092285,0.7416000366210938,0.9240398546330456,0.9670437071832657,0.7416611313819885,0.7735497951507568,0.5625491467450672,0.6040147356646693,0.2813359498977661,0.27163541316986084,-0.8116157859995103,-0.8341401452032782,0.811811089515686,0.8530879020690918,0.7163383868058584,0.7754857251999712,0.7135270833969116,0.7181491255760193,0.8728099214458279,0.8771658734264351,0.764282763004303,0.7693728804588318,0.6121423842706037,0.5950099991530964,0.29830777645111084,0.2956896424293518,-0.745469632751751,-0.7419500373487135,0.7382053136825562,0.7563596963882446,0.5549729828823402,0.5669557288662808
106,4.416666666666667,106,4.416666666666667,0.0,0.04716740014783925,0.04365600727979251,0.5802716771848915,0.5803097860034921,0.08517365067946307,0.0842198226447788,0.0847909533275151,0.08395587760758622,0.08086445028893977,0.0853065807177675,0.13374863835214207,0.14062079603749522,0.08132227181482253,0.08099398748384239,0.4698103815317154,0.4698406457901001,0.4719591736793518,0.4722098708152771,0.48929983377456665,0.48948822915554047,0.2148493006825447,0.21537388116121292,0.2617585361003876,0.26367855072021484,0.4883890300989151,0.49497903883457184,-175.80110168457037,-174.559326171875,0.36116552352905273,0.053965453058481216,-5.733859539031982,-5.850964546203614,0.7253430485725403,0.7337614297866821,0.9077932864650515,0.9351320241701542,0.7624036073684692,0.7781909108161926,0.5927774032463319,0.6098613186685498,0.28194040060043335,0.27424848079681396,-0.797478976389084,-0.823985525405648,0.8160215616226196,0.8499795198440552,0.7087694501179469,0.7644491029333084,0.7086212635040283,0.7091166377067566,0.8434833496769977,0.8407862906086835,0.7686576843261719,0.76073157787323,0.606306886004626,0.5722648304381431,0.29606103897094727,0.296625554561615,-0.7431727311351181,-0.7383211208347951,0.7452946901321411,0.7573434114456177,0.5557655784275001,0.5649688381093108
107,4.458333333333333,107,4.458333333333333,0.0,0.0470130354288168,0.04413256967595334,0.5820649646233859,0.5860304995550568,0.08582519758359643,0.0835380630041896,0.08532235734993888,0.08309832067228502,0.08142223679620875,0.08586945919738292,0.1333132649931697,0.138695768878383,0.08151429114560627,0.0812109723087335,0.47044840455055237,0.4704046845436096,0.47211673855781555,0.47274598479270935,0.48934197425842285,0.48858074843883514,0.2158539742231369,0.21616554260253906,0.2638080418109894,0.26495012640953064,0.48798781633377075,0.49392925202846527,-175.08447265625006,-174.27313232421878,1.385423183441162,-0.020827356725931168,-5.50020694732666,-5.672872066497803,0.7270764708518982,0.7345117926597595,0.916799932158463,0.9462661141085755,0.7688428163528442,0.7762101292610168,0.6092380990876427,0.610947538844081,0.2796986997127533,0.2767045199871063,-0.8084688702523909,-0.8152337823153925,0.8159048557281494,0.857068657875061,0.7113263204340724,0.785951667836519,0.711894154548645,0.707128643989563,0.8582508080040813,0.8409042808097777,0.7647876143455505,0.7455447912216187,0.6004414475693424,0.5445777833485371,0.29618197679519653,0.29772698879241943,-0.7449027175590596,-0.734345865426371,0.7388654947280884,0.7567794322967529,0.544210499646063,0.5688931970667512
108,4.5,108,4.5,0.0,0.050365432707216405,0.04006632093872354,0.5898944464712782,0.5907131721950247,0.08519191110209501,0.08359551826729862,0.0843363653572964,0.08285954180419045,0.08057696958625674,0.08560250622596212,0.13166419703036308,0.13742725949815787,0.08171133799492601,0.08130589911987102,0.4711919575929642,0.4710381478071213,0.47289353609085083,0.4731304347515106,0.49126872420310974,0.4892154783010483,0.2168249636888504,0.21736019104719162,0.2647441625595093,0.2668083608150482,0.48942819237709045,0.49401022493839264,-175.3097534179688,-174.05577087402347,1.329339623451233,0.6683729887008667,-5.5456647872924805,-5.571242809295654,0.719338595867157,0.7352315187454224,0.8792926847466813,0.9499735257776918,0.7795986533164978,0.7750248312950134,0.6292761446163455,0.6103788809920885,0.28007447719573975,0.2773025333881378,-0.8142309858783421,-0.8182868363917485,0.8137422204017639,0.8675727248191833,0.7033213530407565,0.8113978971202759,0.706602931022644,0.7114385962486267,0.8301920435639599,0.8580988397531155,0.7618064880371094,0.7342274785041809,0.5906912895792633,0.5217648304031799,0.2970869541168213,0.29951757192611694,-0.7486416715292568,-0.732505037582646,0.7340539693832397,0.7537187933921814,0.5305059837236578,0.564101017566719
109,4.541666666666667,109,4.541666666666667,0.0,0.07745122664286647,0.04420972466501114,0.598080977736988,0.5880773903287053,0.08465828588930115,0.0837850237944604,0.08391475607733534,0.08286634569086436,0.08049602278238442,0.08550512428048619,0.12967189422967354,0.13526926289063457,0.08172342866453593,0.08152407253058393,0.47177496552467346,0.47184132039546967,0.4735649526119232,0.4738020896911621,0.491175040602684,0.4895428419113159,0.21840786188840866,0.2189590185880661,0.2671806812286377,0.26946255564689636,0.4903518557548523,0.49651071429252625,-174.85379028320315,-173.54046630859375,1.2080117464065552,0.8701798319816589,-5.4486613273620605,-5.406788349151611,0.7220642566680908,0.7434854507446289,0.8950100310376604,0.9843830486475055,0.7748734951019287,0.7923856377601624,0.620386134317382,0.6451478211641354,0.2806735634803772,0.27675551176071167,-0.8159797879834222,-0.8248487393649903,0.8077563643455505,0.8611159920692444,0.6920856935569843,0.7950126282612245,0.703443169593811,0.713706374168396,0.8228279689894055,0.8689474456161871,0.7456448674201965,0.7453056573867798,0.556654477981914,0.5424911093267079,0.2963572144508362,0.30145132541656494,-0.7551842896874866,-0.7291178951121591,0.7315017580986023,0.7506217956542969,0.5258160892414755,0.5540828149707689
110,4.583333333333333,110,4.583333333333333,0.0,0.037611706768839494,0.033794478622519566,0.5849192192971309,0.57934934209858,0.08523024958597149,0.08398186599051126,0.0855106140433292,0.08345020884650632,0.08356045844306749,0.08698428927220458,0.1332532971236996,0.135333645884929,0.08212986235494675,0.08165053150280156,0.47280412912368774,0.47290101647377014,0.47406837344169617,0.47449353337287903,0.4911003112792969,0.4898056983947754,0.2207326963543892,0.22123600542545319,0.2710972726345062,0.27172040939331055,0.49020810425281525,0.49553732573986053,-174.7512817382813,-174.56550598144534,2.5028882026672363,1.6930128335952759,-5.069931983947754,-4.969799518585205,0.7217856049537659,0.7402400374412537,0.906616617567974,0.9583002090194186,0.7693776488304138,0.7996507883071899,0.617155112548824,0.6545847413242105,0.28039687871932983,0.280336856842041,-0.828085875326958,-0.8015435718892626,0.8043500185012817,0.887323796749115,0.6944679038598556,0.8432952741220379,0.6969429850578308,0.7156413197517395,0.8089825999727197,0.864171918173904,0.724612832069397,0.7555153965950012,0.5181943338285879,0.5595861387524169,0.2963840067386627,0.2954307794570923,-0.7652548395957978,-0.7437858807834831,0.7289279699325562,0.7605884075164795,0.5277337318228468,0.5705054696946819
111,4.625,111,4.625,0.0,0.014817138047051539,0.016891737996206104,0.558493787467503,0.5537910736572206,0.08995178350533597,0.08738973775903396,0.0906076478177333,0.0861630369129187,0.08843258272447399,0.08917674192484007,0.1323249888739234,0.13637743588120937,0.08157136464893057,0.08082948174284335,0.47394809126853943,0.4737229645252228,0.4746972322463989,0.4754554033279419,0.49169009923934937,0.4900922030210495,0.22344034910202026,0.2237825244665146,0.2744348645210266,0.27541008591651917,0.489314466714859,0.4959387481212616,-173.13429260253912,-172.1837921142578,2.970397472381592,1.957319736480713,-3.9816677570343013,-4.81342887878418,0.7235125303268433,0.7402539849281311,0.9061117220792322,0.9562509190178705,0.780768096446991,0.8019127249717712,0.6407937807009431,0.6578970239166478,0.2782166600227356,0.28338828682899475,-0.8343920159897641,-0.7901319230955232,0.7928524613380432,0.883044958114624,0.667362624166794,0.8323453717069333,0.6979104280471802,0.714676558971405,0.8060421780034103,0.8584804406867099,0.7437850832939148,0.7588770985603333,0.5594824419406295,0.5653629763159047,0.2959528863430023,0.29793307185173035,-0.7650673932651477,-0.7345340458383395,0.7241525650024414,0.7571448087692261,0.5163181292084944,0.5616382533513521
112,4.666666666666667,112,4.666666666666667,0.0,0.01933419170896529,0.018922050763212354,0.5673926231897373,0.5655102029969293,0.08369620473968258,0.085040417744234,0.0841613792542703,0.08337035767744726,0.08661188604527273,0.08973131687874825,0.13064240503875363,0.1349971567305544,0.08212131371870003,0.08189596113808292,0.4741997718811035,0.4738936722278595,0.47520479559898376,0.47525259852409363,0.49112938344478607,0.4912577420473099,0.22508171200752258,0.22638239711523056,0.27565932273864746,0.27761900424957275,0.4869169443845749,0.4974064528942108,-173.14466857910162,-172.1477508544922,2.1212522983551025,2.297849655151367,-4.374833106994629,-4.701280117034912,0.7248953580856323,0.7423736453056335,0.9158481437034723,0.95713281928054,0.782340943813324,0.8199232816696167,0.6510441952367316,0.6914692922353081,0.276815265417099,0.2854158282279968,-0.8396396758196474,-0.7845701874855293,0.7882052659988403,0.881959080696106,0.6639677658513771,0.8244727395560993,0.7002841830253601,0.7152156829833984,0.8194265022394325,0.8536197533770408,0.7517812252044678,0.7571761608123779,0.583697847455795,0.5569407858820085,0.29630130529403687,0.2984362244606018,-0.7632972847730289,-0.7349427111187976,0.7245830297470093,0.7638770341873169,0.5237594967878323,0.5713073173511434
113,4.708333333333333,113,4.708333333333333,0.0,0.031203083359709883,0.02964209172915018,0.5715765373363939,0.5788823109630805,0.08238947196446034,0.08059069764877493,0.08246974737484694,0.0795911903116358,0.08961291016213403,0.09109342790616767,0.13252519294119652,0.13228444903199557,0.08185330012030713,0.0816860212342467,0.47490234673023224,0.4746498465538025,0.47568926215171814,0.4757775068283081,0.4917459636926651,0.4913305938243866,0.22642750293016434,0.22759799659252167,0.27803340554237366,0.27872124314308167,0.4880833327770233,0.49614718556404114,-172.20663452148443,-173.19627380371094,2.5323569774627686,1.821817636489868,-4.195234775543213,-4.233421802520752,0.7229160666465759,0.7377331256866455,0.9067012807243975,0.9426467956085278,0.7756468057632446,0.7934784889221191,0.6344374481254054,0.6398335236342803,0.2757367491722107,0.284535676240921,-0.8472368569780651,-0.791122416376604,0.7837121486663818,0.8617386817932129,0.6522316259345178,0.7867240771528554,0.6977173686027527,0.7082753777503967,0.8078663038092506,0.8299521268967983,0.7296965718269348,0.734516978263855,0.5330596588791521,0.5129530011423574,0.2965681254863739,0.2971527874469757,-0.765531500870362,-0.7428539210882826,0.7199816107749939,0.7652183771133423,0.5116260079553213,0.5790199910102617
114,4.75,114,4.75,0.0,0.03459042571326154,0.03880746134710215,0.5733983934524597,0.5838779986949134,0.08252675193178113,0.08111776359530408,0.0829247409309223,0.08111527760572967,0.09085301239612621,0.0943031588006858,0.1322808886052432,0.1327839129093754,0.08157023529742996,0.08187769615342029,0.47524626553058624,0.4755329489707947,0.47607704997062683,0.47625604271888733,0.49246974289417267,0.49234218895435333,0.22716835141181946,0.22817741334438324,0.279349684715271,0.2807931900024414,0.4902232736349106,0.4977802336215973,-172.21485900878912,-171.89688110351562,2.44442081451416,2.192988872528076,-4.005249977111816,-3.828770399093628,0.722772479057312,0.734160304069519,0.8964612246702375,0.9246458430112107,0.7848100662231445,0.7929877042770386,0.6450126177653992,0.6349455157486564,0.2760690450668335,0.28526338934898376,-0.842347068149336,-0.7918122723753218,0.7859448790550232,0.8580399751663208,0.6474973476099817,0.7748628681066743,0.6990604996681213,0.7086488604545593,0.8041615393224629,0.8270971119057965,0.733948826789856,0.7454233169555664,0.5336493726537495,0.5326418905319673,0.2957823872566223,0.2998867630958557,-0.76561221394733,-0.7358965204085808,0.7225179672241211,0.7633388042449951,0.5086209299763849,0.5711753270050295
115,4.791666666666667,115,4.791666666666667,0.0,0.04616336620214527,0.04630360812367166,0.5820988863970707,0.5949248575731894,0.08567479095884126,0.08194147660251777,0.08591276225201645,0.08279296863157935,0.08878529881014556,0.09049918521594383,0.13021473739157238,0.13017174208202847,0.08093066808720766,0.08175346654040999,0.47604501247406006,0.476011261343956,0.47708454728126526,0.47742825746536255,0.49257977306842804,0.492441862821579,0.2271946519613266,0.2284359559416771,0.2800736129283905,0.2804577648639679,0.49177008867263794,0.49816836416721344,-171.71574401855474,-172.2506866455078,1.825691819190979,0.42626878619194036,-4.029459476470947,-4.158213138580322,0.723095178604126,0.7324410676956177,0.9000639180148505,0.9204926240037181,0.7833813428878784,0.8041924238204956,0.6404720832448683,0.6602198975089509,0.27699509263038635,0.2860969007015228,-0.8417658320410781,-0.7914151871108324,0.7887396812438965,0.8571444153785706,0.6522407172739126,0.7744591454915307,0.699155330657959,0.7073541283607483,0.8065890663491558,0.8242742109939926,0.7294037938117981,0.7486801147460938,0.5219200287357098,0.5404569904711489,0.29645073413848877,0.3018580377101898,-0.7657998857192684,-0.7309649436610492,0.723793089389801,0.7522456049919128,0.5095971176762646,0.5481492209687473
116,4.833333333333333,116,4.833333333333333,0.0,0.052847054517183814,0.041017085726941155,0.584532202109656,0.5891730764155775,0.08365836953952227,0.08340736473493629,0.0845380326228322,0.08411520863924,0.0892934535609221,0.09043551822513338,0.12678446854942965,0.12858323631935567,0.08138363945946835,0.08172130345753963,0.47684530913829803,0.47696399688720703,0.47786277532577515,0.47825971245765686,0.49335163831710815,0.49205583333969116,0.22680573165416718,0.22801346331834793,0.27948814630508423,0.2814847230911255,0.49298763275146484,0.4958993196487427,-172.07131958007818,-171.3699951171875,1.0207011699676514,0.9094075560569763,-3.690121173858642,-3.983217716217041,0.7239255905151367,0.7306283712387085,0.900003744458505,0.9181546908284648,0.7875572443008423,0.8034317493438721,0.6467620685894695,0.6657464404059429,0.27748292684555054,0.2864982783794403,-0.8426044953637032,-0.7910953833331446,0.7887741923332214,0.8573659658432007,0.649434020467491,0.7825032737783036,0.699309766292572,0.7082129120826721,0.8039203240979373,0.8318880184258762,0.7331619262695312,0.7452358603477478,0.5273307795760894,0.5397639351337754,0.29736071825027466,0.30235785245895386,-0.765015129673116,-0.7300592621438294,0.7231537103652954,0.7448198795318604,0.505356569856807,0.5388634195435049
117,4.875,117,4.875,0.0,0.057909681392693896,0.042035085718694805,0.5885755479008252,0.5850914386895697,0.08672180833832191,0.08352159232988908,0.08789274549307362,0.08429825447152985,0.09165947271264502,0.09172846760243938,0.1253413354203679,0.12829604606913558,0.08202662126393076,0.08182283199747237,0.4781601130962372,0.47809557616710663,0.47912800312042236,0.47946178913116455,0.49340780079364777,0.49328428506851196,0.22659031301736832,0.22763388603925705,0.28013503551483154,0.28124988079071045,0.4951263666152954,0.4939962476491928,-171.2198333740235,-171.30668640136722,0.7398600578308105,0.4892569184303284,-3.3836910724639893,-3.808916330337525,0.7240420579910278,0.7295751571655273,0.8932878425326619,0.9081603018998006,0.789269745349884,0.7971540689468384,0.6408394091152871,0.6554006574149576,0.2776380181312561,0.28433021903038025,-0.8357150667052714,-0.8030940256484732,0.790199875831604,0.8547773957252502,0.642865850338849,0.7799772429417693,0.6991048455238342,0.7068540453910828,0.7967015461416025,0.8208339843596685,0.7347049117088318,0.7421579360961914,0.5219610039666281,0.5365038350558693,0.29621556401252747,0.3026290535926819,-0.763760899611915,-0.7327642876732742,0.7258557081222534,0.734810471534729,0.5026815681283638,0.520619260205374
118,4.916666666666667,118,4.916666666666667,0.0,0.07499222254347081,0.046769338937187745,0.5999350938756954,0.5924560716466352,0.08547380869367378,0.08391554141975124,0.08663786546059778,0.0847060464775985,0.09295869259985916,0.09311134180584643,0.1253761915783349,0.12854605055607837,0.08222603961409097,0.08186609549943658,0.4792662411928177,0.47929808497428894,0.4804007411003113,0.4804554283618927,0.4929349720478058,0.4941224902868271,0.22649727016687393,0.22722835093736649,0.279488205909729,0.2812246084213257,0.49670594930648804,0.49402494728565216,-171.99432373046878,-171.20437622070312,0.1413290798664093,0.9356052875518799,-3.307137966156006,-3.6336708068847656,0.7246055006980896,0.728018581867218,0.8964716009102089,0.8949239601982519,0.7897078394889832,0.7988545298576355,0.637762082813072,0.6560588663535436,0.27728885412216187,0.2835894227027893,-0.8344635879805805,-0.8055332832709423,0.7909694910049438,0.855399489402771,0.6405082545121767,0.7777557887591255,0.6995855569839478,0.7081373333930969,0.7996544998021152,0.8188551148493306,0.7368965744972229,0.7440005540847778,0.5228105296467768,0.5380013049551923,0.29492971301078796,0.30171191692352295,-0.7662005719575524,-0.7361937137761925,0.7282319068908691,0.7351436614990234,0.5039505951389506,0.5189393659524283
119,4.958333333333333,119,4.958333333333333,0.0,0.08460498423016238,0.057526040041027356,0.6088915011898081,0.5981858796256081,0.06435197079380632,0.053587850170244304,0.06453000458842756,0.05336623069490732,0.12256383455272588,0.1322921938338104,0.15454122293017827,0.16521409277852042,0.08085684754848128,0.0816427167957324,0.4810589402914047,0.4814220070838928,0.4821365773677826,0.4820995330810547,0.49311402440071106,0.4939032942056656,0.2285146862268448,0.22983158379793167,0.28004804253578186,0.2810777723789215,0.4973706007003784,0.4964965134859085,-172.51289367675787,-173.01156616210938,0.0022126734256744385,0.7273977994918823,-3.175277948379517,-3.023235559463501,0.724244236946106,0.7286006212234497,0.8933212675558627,0.8973070125871376,0.7902589440345764,0.7937025427818298,0.6367596995282183,0.6391651107970981,0.27705103158950806,0.27162933349609375,-0.8350862679716027,-0.8498093531551111,0.789918065071106,0.8237003684043884,0.636018604871176,0.7036778112397396,0.7005352973937988,0.7065907120704651,0.8016859088547039,0.8131575845543146,0.7423278093338013,0.7467468976974487,0.532554067502478,0.5381832761956709,0.2951059341430664,0.30113670229911804,-0.7653038355621029,-0.7369952479141838,0.7287611961364746,0.738074541091919,0.5030593035770725,0.5195326862874619
120,5.0,120,5.0,0.0,0.0510674380901062,0.04406874911140607,0.5906532715941166,0.5757245543078167,0.05959402953243915,0.05278142008099335,0.058440866327210496,0.05261150413162296,0.13789664663288065,0.13998741460346573,0.16681982423016567,0.17082786183370652,0.08087329148065422,0.08200747097458201,0.4826609790325165,0.4831313490867615,0.4836871922016144,0.48387110233306885,0.49360135197639465,0.4949261248111725,0.23061957210302353,0.2316637933254242,0.28079280257225037,0.2823551297187805,0.4971488416194916,0.49844034016132355,-173.4136657714844,-173.55775451660156,0.015788443386554718,0.538643479347229,-2.9779770374298096,-2.789011001586914,0.7229236364364624,0.7297416925430298,0.8815111727529115,0.8935418996737147,0.7844894528388977,0.7947180271148682,0.6212996367610352,0.6341755702403621,0.2766895890235901,0.2740973234176636,-0.8338053277056204,-0.8403181637648087,0.7907871007919312,0.8238176107406616,0.6349166690665762,0.6964625592789199,0.7001637816429138,0.7059674859046936,0.7940226570249923,0.8030740913931639,0.7418417930603027,0.7532248497009277,0.5290851202793505,0.5453603789306766,0.29485026001930237,0.300308495759964,-0.7639960005174563,-0.740576988366425,0.7294057011604309,0.7431908845901489,0.5021952930901913,0.5238829075377742
121,5.041666666666667,121,5.041666666666667,0.0,0.032013611054895176,0.04400364955868584,0.5787907052646665,0.5819245304078668,0.0592498092836071,0.057946884080879564,0.059064875048810944,0.057859169145407605,0.13127399293288655,0.13127649989953138,0.15909500259300857,0.16123594014284923,0.0810815759994043,0.08237080359031985,0.4843139946460724,0.4843181073665619,0.4848952293395996,0.4854258894920349,0.49455514550209045,0.4956907629966736,0.23153647035360336,0.23312094807624817,0.28279539942741394,0.28416258096694946,0.4964451491832733,0.5011015683412552,-173.03715515136724,-172.7201690673828,0.9894505143165588,-0.3103294372558594,-2.5354859828948975,-2.893798351287842,0.7224867939949036,0.7304679155349731,0.8778933957111256,0.8909219817706008,0.7745557427406311,0.804332971572876,0.602527965834743,0.6472626483328493,0.2756650447845459,0.2760128378868103,-0.8430692932602316,-0.8336240995946383,0.7904860377311707,0.8339720368385315,0.6370410281133922,0.7105287206245263,0.6998209953308105,0.7079535722732544,0.790594615189417,0.8054855451321512,0.7399618625640869,0.7550209164619446,0.5275801546547091,0.5420035918971388,0.2955496311187744,0.29955360293388367,-0.7664825308044801,-0.7442926428434822,0.7249288558959961,0.7547696828842163,0.49501107193029714,0.5414673212169338
122,5.083333333333333,122,5.083333333333333,0.0,0.036049794789050495,0.03718311387146264,0.5891509977701349,0.5858011881610654,0.06381629676932284,0.060859760031400194,0.06316932971198225,0.05992010735472105,0.125661312435231,0.12847978222904072,0.14991728031215612,0.15355398079386925,0.08213799113142627,0.08259254854935356,0.4855905622243881,0.4855598658323288,0.4866671562194824,0.48680609464645386,0.49577343463897705,0.4964643269777298,0.23365604877471924,0.23501747101545334,0.2866271138191223,0.28739070892333984,0.49746210873126984,0.5022273063659668,-171.29650878906256,-171.71580505371094,-0.6001712679862976,-0.9075984954833985,-2.421980381011963,-2.485348701477051,0.7210480570793152,0.7285489439964294,0.8628286236878819,0.8826892780972109,0.7749006748199463,0.8030215501785278,0.5977252902167975,0.6435073972254642,0.27600961923599243,0.27497154474258423,-0.8417215766537292,-0.8424052682437402,0.7915008664131165,0.8367645144462585,0.6334894396555985,0.7156957703651117,0.7010611891746521,0.7086647748947144,0.7862765401056346,0.8070636588923775,0.7457976341247559,0.7598563432693481,0.5350244779578274,0.5511614480585179,0.29542142152786255,0.2997821569442749,-0.7673720628320762,-0.7480428686380151,0.726737916469574,0.754544734954834,0.49396142235058177,0.5397980017430887
123,5.125,123,5.125,0.0,0.03293803445506178,0.03616036722304512,0.5909463118478456,0.5894741759020071,0.07527086243857739,0.07633812340036654,0.07385845393057315,0.07531403786961048,0.12045376922156081,0.1162919688952859,0.14048963743430162,0.13594851452623677,0.08204119889459699,0.08169698160003513,0.486612468957901,0.4862600713968277,0.4875180721282959,0.48816627264022827,0.49569788575172424,0.4960050582885742,0.23638182878494263,0.23685473948717117,0.2902662754058838,0.290505051612854,0.5000808537006378,0.5050976872444153,-170.699203491211,-171.09014892578125,-0.137817844748497,-2.5676937103271484,-2.0191380977630615,-2.388028621673584,0.720781683921814,0.7273619771003723,0.8588024208887142,0.8740111657787933,0.7792966365814209,0.8114422559738159,0.599254791476693,0.6509793329238284,0.27640485763549805,0.2762146294116974,-0.8367078615223852,-0.8303157301553065,0.7946339249610901,0.8428405523300171,0.6321717829696161,0.7177004179480554,0.7028495669364929,0.7091825008392334,0.7903828118193139,0.8053334477237254,0.7514536380767822,0.7766448855400085,0.5394979607888406,0.5770352473914601,0.295283704996109,0.2986963391304016,-0.764676022941852,-0.7453852019443511,0.7309192419052124,0.7599847912788391,0.4954269015924918,0.541632703473131
124,5.166666666666667,124,5.166666666666667,0.0,0.03681891938475848,0.03219227117385049,0.585905731708297,0.586946916425786,0.08594306971192331,0.0882182954641898,0.08605465905719145,0.08746677188481097,0.11195416540801208,0.10871538195928024,0.1296575418232377,0.12481646871648623,0.0821890084311432,0.08141870643868464,0.4875539392232895,0.48726142942905426,0.4883952736854553,0.48915502429008484,0.4955769330263138,0.4952603727579117,0.23694777488708496,0.23747672140598297,0.2929303050041199,0.29318633675575256,0.4998501241207123,0.5043640434741974,-169.02003479003912,-169.65538024902344,-0.873199999332428,-2.8319618701934814,-1.7326223850250244,-2.2283437252044678,0.7183489203453064,0.7264328598976135,0.8519568553264313,0.8777933315044282,0.7726593017578125,0.8203951120376587,0.5868654276647649,0.6750072509953978,0.27855610847473145,0.2779168486595154,-0.8299624268313563,-0.825282880587562,0.7991486191749573,0.8588167428970337,0.6438490846267743,0.7570715858186646,0.7000110745429993,0.7067972421646118,0.7818266130494993,0.8032342240636584,0.7520430684089661,0.7744549512863159,0.5425159130850107,0.5768841716411807,0.2952992916107178,0.29810765385627747,-0.7659307241726921,-0.7486156509413621,0.7357571721076965,0.7636935114860535,0.5074817929702452,0.5538989318375538
125,5.208333333333333,125,5.208333333333333,0.0,0.03670307943445441,0.032250244995520566,0.5846714134533177,0.5780912245273128,0.08647947102157091,0.08919426565396421,0.0867985165613772,0.08978992487295105,0.10901503563658974,0.10686030737397478,0.125301575580847,0.12199621979750062,0.08228156010091524,0.0823232142740181,0.4880358427762985,0.48769961297512054,0.48868000507354736,0.48942655324935913,0.4959052950143814,0.49584026634693146,0.2370138019323349,0.23777291178703308,0.29400143027305603,0.29378876090049744,0.4992598742246628,0.504209578037262,-168.41183471679693,-169.4265899658203,-0.6187212467193604,-2.776694297790528,-1.5489803552627563,-1.967774510383606,0.7167650461196899,0.7272226214408875,0.8481679984758178,0.8775782963234039,0.7728492617607117,0.8255081176757812,0.5909994517517031,0.6854675738492635,0.2799941897392273,0.2883884608745575,-0.8291637072551578,-0.7868154075177173,0.8066286444664001,0.9021093249320984,0.6639686441584897,0.8488907993360232,0.6939949989318848,0.7069185376167297,0.7607241557121264,0.8005697306375006,0.7502659559249878,0.7776978015899658,0.54221568317115,0.5834676661958353,0.29608020186424255,0.2971734404563904,-0.7673885733104198,-0.7534960672787857,0.7352049350738525,0.766262412071228,0.5096813252196046,0.5590710762883636
126,5.25,126,5.25,0.0,0.037708919834870236,0.03178991479499046,0.5801254435571903,0.5774286518231306,0.08628451438330949,0.09119326261337543,0.0866964677599995,0.09135158874585059,0.10606007668112079,0.10660691231562375,0.11959746429221584,0.11861230724504077,0.08224209016912327,0.08224677015782458,0.4884408861398697,0.4883081614971161,0.4886748194694519,0.49001067876815796,0.4966233968734741,0.49623267352581024,0.23665744066238403,0.23788801580667496,0.2946820855140686,0.2940649092197418,0.4978342801332474,0.5058110952377319,-167.78952026367193,-169.39775085449222,0.2061756104230881,-3.051584005355835,-1.1920446157455444,-1.7833172082901,0.7166962027549744,0.7279529571533203,0.8478647944433241,0.874962161697447,0.7712011337280273,0.8248311281204224,0.5924184873221088,0.6775879950589425,0.2790311574935913,0.28753864765167236,-0.8383080252706289,-0.7880163667748085,0.8059260249137878,0.9020726084709167,0.667671456868984,0.8416463437875373,0.6931865811347961,0.7060467600822449,0.7572903119551706,0.7922456500316426,0.7496952414512634,0.7808470129966736,0.5458126607430082,0.5841671897513906,0.29582515358924866,0.2968604266643524,-0.7736065370949675,-0.7528178775095721,0.7328599095344543,0.7686522603034973,0.5093284940030794,0.5582659384947104
127,5.291666666666667,127,5.291666666666667,0.0,0.047038275605742384,0.037511290586032676,0.5900695642758274,0.5816498222503168,0.08688184159902212,0.09123163432402343,0.08741396081914803,0.09151553496696403,0.10337445845623572,0.10455031143062916,0.116561933391946,0.11503290455108739,0.08219651504432789,0.08250534052123298,0.48883718252182007,0.4885745048522949,0.4890900254249573,0.48995694518089294,0.49835431575775146,0.4961797744035721,0.2368001937866211,0.23806681483983994,0.2951786518096924,0.2947772741317749,0.4975932389497757,0.5060901045799255,-167.68481445312506,-168.98057556152344,-0.00838018674403429,-2.5575039386749268,-1.184664011001587,-1.5867241621017458,0.7162438035011292,0.726459264755249,0.8374372316551668,0.8694799336489002,0.7751573920249939,0.8240901231765747,0.6000699670301605,0.6753889892201136,0.2772785425186157,0.28677818179130554,-0.8496834126548362,-0.790650016518771,0.7986450791358948,0.9014670252799988,0.650848338351163,0.8397270541398556,0.693172812461853,0.7056349515914917,0.7487661026917194,0.7908523389801083,0.7540931105613708,0.7820829749107361,0.5545307915157888,0.5861714931567874,0.295749306678772,0.29592710733413696,-0.7786928120295573,-0.7561058755629637,0.7271248698234558,0.7719106078147888,0.49622776084281617,0.5645667625620322
128,5.333333333333333,128,5.333333333333333,0.0,0.06864176631541957,0.06250431321614965,0.5962770462949724,0.5911185271771103,0.08745071963159837,0.0945222714809296,0.08802326784101198,0.09527001713744407,0.10192263345127481,0.10099909038771332,0.11317157849573259,0.10970994932735344,0.08221816127606468,0.0831872376773734,0.48897917568683624,0.48915526270866394,0.4891960024833679,0.49029091000556946,0.49835817515850067,0.4963516443967819,0.23673979192972183,0.23823074251413345,0.29581695795059204,0.2953266501426697,0.49873994290828705,0.5067470967769623,-167.72962951660162,-168.89869689941406,-0.9295940399169922,-3.1399731636047363,-1.1056653261184692,-1.344541072845459,0.714905858039856,0.7261129021644592,0.8314201698809163,0.8635428524484643,0.7831644415855408,0.8253457546234131,0.6142660927948204,0.6735557726594904,0.27743661403656006,0.2875193953514099,-0.8482133793091525,-0.7848825244777109,0.7994161248207092,0.9064925909042358,0.649364538985751,0.8451099166080338,0.6915668249130249,0.7059186697006226,0.7418115320558798,0.7876441336032624,0.7594687342643738,0.7841476798057556,0.5630909316540795,0.5864581015535922,0.2967733144760132,0.2951525151729584,-0.7739714269114678,-0.7561939364719563,0.7274190187454224,0.7751604914665222,0.4938737804643314,0.567458107558683
129,5.375,129,5.375,0.0,0.06762366679768445,0.05976158812965081,0.5884920283454931,0.5848192776972122,0.08889978734492365,0.09479513478255833,0.09000939313777077,0.0958860130337085,0.10051847719852333,0.09949970192090737,0.11072309231115766,0.10880670695228842,0.08289320830153347,0.08274546935325047,0.4894949197769165,0.48940858244895935,0.48977091908454895,0.4902837872505188,0.4972453862428665,0.4963427633047104,0.2370913401246071,0.23784267157316208,0.2962137758731842,0.296587735414505,0.5016854256391525,0.5072742402553558,-167.91198730468756,-167.88185119628906,-1.1093125343322754,-2.835078477859497,-1.054234266281128,-1.2963236570358276,0.7138474583625793,0.7271282076835632,0.8242816515515712,0.8649894797913523,0.7799177169799805,0.8283905982971191,0.5955840857710537,0.676997971585576,0.2796745300292969,0.28687936067581177,-0.8279683704507322,-0.785073946768801,0.8083044290542603,0.9317346811294556,0.6563486860168813,0.894874553393857,0.6891288161277771,0.7065195441246033,0.730214577095542,0.7877477056446409,0.755868673324585,0.7862387895584106,0.544104699211924,0.5881308419606897,0.2973455786705017,0.29189661145210266,-0.7607209936547702,-0.7662691683710682,0.7387709617614746,0.7794119119644165,0.5075053352020213,0.5737379835227648
130,5.416666666666667,130,5.416666666666667,0.0,0.040794830991008786,0.03286361283369638,0.5705103204416773,0.5723101829409465,0.08877044892031015,0.09469172962886838,0.09049269780293198,0.09665175043646072,0.1017009063760655,0.10088903299706944,0.11285381937772894,0.11050446086557057,0.08335147372773909,0.08248680977664233,0.48934654891490936,0.48963573575019836,0.48995649814605713,0.49033790826797485,0.49652114510536194,0.49618013203144073,0.23733758181333542,0.23797117918729782,0.2962287962436676,0.2965720593929291,0.5010068416595459,0.5072661936283112,-168.57876586914068,-168.90692138671875,-1.4008214473724365,-2.0044217109680176,-1.1835458278656006,-1.0946661233901978,0.7146424055099487,0.7264684438705444,0.8295043748556987,0.8644125694660342,0.7822585105895996,0.8267980217933655,0.6016422368748727,0.6746613456086444,0.279510498046875,0.28622961044311523,-0.8252807671814438,-0.7880724313689722,0.8077611923217773,0.930181086063385,0.6561965459818214,0.8929449440035051,0.6886658072471619,0.7061020135879517,0.730716655296026,0.7879649278517823,0.7530638575553894,0.784278392791748,0.5391902115300692,0.5848851556067095,0.2979162633419037,0.29204684495925903,-0.7552845512854145,-0.7662368002197907,0.7391967177391052,0.7785747051239014,0.5095261848245042,0.5728423565559271
131,5.458333333333333,131,5.458333333333333,0.0,0.016978091065131554,0.018992894864348034,0.5622853485785065,0.5618800863101244,0.0942316475252363,0.09623642349986136,0.09491347592511988,0.09718712194719013,0.10268420103478013,0.10321973384208699,0.11239460536126704,0.11136403446798601,0.08275468373306859,0.08206531262733127,0.48975419998168945,0.48968587815761566,0.49005818367004395,0.4905337393283844,0.4960833936929703,0.4964386075735092,0.23741669952869415,0.23804431408643723,0.2961329221725464,0.29632487893104553,0.49909546971321106,0.5065580904483795,-168.3294525146485,-168.48390197753906,0.32915258407592773,-1.7509218454360962,-0.9256608486175537,-1.0842792987823486,0.7159548997879028,0.7265182733535767,0.8399536557948697,0.8660085725967399,0.78108811378479,0.8289151191711426,0.6059637991860366,0.6825015218854146,0.27900412678718567,0.28634074330329895,-0.8292867369365167,-0.7907980521676811,0.8077999353408813,0.9297465682029724,0.6633638669310659,0.8959841243613195,0.6878077983856201,0.7053697109222412,0.7324260313983352,0.7864064213091031,0.7478960752487183,0.7819536328315735,0.5346386274239604,0.5830736110880294,0.29927051067352295,0.2922932803630829,-0.7518650485267352,-0.7683929947498722,0.7365365028381348,0.7763440012931824,0.510228452904306,0.5711967735413568
132,5.5,132,5.5,0.0,0.013484907712842133,0.01706317637047982,0.551977194956489,0.5469697806445718,0.09362377603395661,0.09682213570588233,0.09471513269775046,0.09742174682656252,0.10386251591153844,0.10398399716079999,0.11380565245984252,0.11163450105314798,0.08202485406271495,0.08241114120519541,0.48978084325790405,0.4895384609699249,0.4898756742477417,0.49015912413597107,0.4960326850414276,0.4965144693851471,0.23721414804458618,0.23816881328821182,0.2950332462787628,0.29551661014556885,0.49798114597797394,0.5065563321113586,-168.80203247070318,-168.8763427734375,0.6051105856895447,-0.8858241438865662,-0.7168121933937073,-0.94146865606308,0.7168177366256714,0.7264227271080017,0.8461368774785452,0.8637534191025571,0.780653715133667,0.8301752209663391,0.6093645011522564,0.6838984168427974,0.2794400155544281,0.2862127423286438,-0.8300699876619324,-0.7900926986589495,0.8074607849121094,0.9305399060249329,0.6671531884369323,0.8959974369629015,0.6860436797142029,0.7056804895401001,0.728198347512075,0.7858259066392607,0.7431339025497437,0.7818944454193115,0.528482079674933,0.581867456668062,0.30000337958335876,0.29235607385635376,-0.7512629284654676,-0.7670125202247473,0.7343615293502808,0.7773977518081665,0.5095712499662751,0.5723646688284212
133,5.541666666666667,133,5.541666666666667,0.0,0.023856919178576932,0.025699887535269205,0.5620337255229343,0.565096567559573,0.09079616152086739,0.0938302966208797,0.09226181719506743,0.0948449130035217,0.10312744130892462,0.09974085826931509,0.11398912097357752,0.10940540500856766,0.08229277606285797,0.08247346944446589,0.4897497892379761,0.48952504992485046,0.48988771438598633,0.48992082476615906,0.49583032727241516,0.4965265542268753,0.2369101494550705,0.23756060749292374,0.2952311933040619,0.2946697771549225,0.49817393720149994,0.5067342817783356,-169.3025512695313,-169.70980834960938,0.24362121522426605,-0.41444042325019836,-0.8884590864181519,-0.9425310492515565,0.718080997467041,0.7261289358139038,0.8536345198475889,0.863019177066913,0.7794385552406311,0.8322761058807373,0.6076682138453328,0.6882930385896908,0.27972376346588135,0.2864455282688141,-0.8300358449734094,-0.7896431774205152,0.8060391545295715,0.9319294095039368,0.6651384309306435,0.8989900061619351,0.6872370839118958,0.7053364515304565,0.7351672535180422,0.7848653158070907,0.7408590316772461,0.7813994288444519,0.5243177009432638,0.5807244866003893,0.30047231912612915,0.2921769320964813,-0.7503434717938082,-0.7681002326975456,0.733694314956665,0.7784768342971802,0.5088384321939412,0.5745452453091857
134,5.583333333333333,134,5.583333333333333,0.0,0.04179330765651695,0.03511190646100993,0.577674546149366,0.5682836422224511,0.08770331359882441,0.09145694879919093,0.08936720085012141,0.09208990666925992,0.1038714926073314,0.10048820774594379,0.11254239531822638,0.11022144972665991,0.08263193451658485,0.08297473092564937,0.4898526966571808,0.48943328857421875,0.48971793055534363,0.4901996850967407,0.49593883752822876,0.4961758106946945,0.23633721470832825,0.23748664557933807,0.29493042826652527,0.2950907051563263,0.49892717599868774,0.5067819356918335,-169.74642944335943,-170.1378173828125,0.16568855941295624,-1.294189691543579,-0.6089325547218323,-1.3041775226593018,0.7175759077072144,0.7258287668228149,0.8449132035822695,0.8641546269213219,0.7801476120948792,0.830384373664856,0.6030302530299264,0.6849418953028267,0.2792046368122101,0.2861741781234741,-0.8262227420030953,-0.7902092161452934,0.805066704750061,0.9288495182991028,0.6564650849992166,0.8933547342464888,0.689369797706604,0.7059587240219116,0.7373873517833623,0.789386203675135,0.7454153299331665,0.78240567445755,0.5285526752584437,0.5833894429323783,0.29859238862991333,0.292281836271286,-0.7523137723288211,-0.7672268816825886,0.7400994300842285,0.7772299647331238,0.5171536159458042,0.5724344561578926
135,5.625,135,5.625,0.0,0.0562684342673235,0.05322699898428037,0.5663847277148497,0.5751779351579503,0.08880147098870468,0.09312617789790081,0.08999190375501781,0.09492915382254853,0.10339023950566543,0.09818955902460283,0.11238488658005744,0.1068585538710093,0.08294635633040057,0.08275551031725818,0.48961958289146423,0.4896126836538315,0.4902458190917969,0.4905203580856323,0.496105819940567,0.49612532556056976,0.23612067103385925,0.23668603599071503,0.2941359877586365,0.294885516166687,0.4976724535226822,0.5070350468158722,-170.26982116699224,-170.31478881835938,-2.1407291889190674,-3.0823781490325928,-1.0939233303070068,-1.2226171493530273,0.7173956632614136,0.7260652184486389,0.8442387478844003,0.8649609522595116,0.7801558375358582,0.829268217086792,0.6062046086105578,0.681828182562613,0.27779948711395264,0.28785020112991333,-0.8328564127254453,-0.7834649642426457,0.8042987585067749,0.9101171493530273,0.6580149124591111,0.8529002062865153,0.690081000328064,0.7066861987113953,0.7400310875251274,0.7920632260091927,0.748078465461731,0.7822489738464355,0.5373671056495182,0.582337974471721,0.29829514026641846,0.29188835620880127,-0.7546638292121437,-0.7682747055253089,0.7410220503807068,0.7793992161750793,0.5222241571276809,0.5763080394027427
136,5.666666666666667,136,5.666666666666667,0.0,0.03663441518433319,0.03482291856784566,0.559278407159335,0.5615785852963301,0.08960744993347032,0.09226825500184845,0.09096996207263222,0.09411488256807175,0.10316991682597838,0.1010504090729495,0.11171696976081945,0.10906240779835384,0.08300455020550065,0.08269964442321391,0.4897350072860718,0.4896809756755829,0.4896656572818756,0.49039706587791443,0.49629566073417664,0.49610018730163574,0.23598825186491013,0.23688754439353943,0.2943473160266876,0.29511022567749023,0.49734705686569214,0.5076868832111359,-170.13856506347662,-170.38809204101562,0.3033790588378906,-2.2898430824279785,-0.6858701109886169,-1.0375127792358398,0.7171975374221802,0.7259777188301086,0.843814818266415,0.8628223636879845,0.7801093459129333,0.8326689004898071,0.6075636154898605,0.6861305001081834,0.2776803970336914,0.28686487674713135,-0.8350802708219244,-0.7853438481753748,0.8028119206428528,0.9089388251304626,0.6563440183869885,0.8471582455050392,0.6906483173370361,0.7067714929580688,0.7424004452554434,0.7907337124211419,0.7512843608856201,0.7859655618667603,0.5456281566327227,0.5875263208539362,0.29816168546676636,0.2917296588420868,-0.7568445630220019,-0.767084374280352,0.7410829067230225,0.7801111340522766,0.5237085704136197,0.5751659400616831
137,5.708333333333333,137,5.708333333333333,0.0,0.03445015122285439,0.026574363194934895,0.5485148049635142,0.5579077596815776,0.09141540701484986,0.09423563800934678,0.09275467264223504,0.09661742813106007,0.10337999166082618,0.10063667053235965,0.11133893999513435,0.1082608591136283,0.08290966109657019,0.08257905324821324,0.4897288978099823,0.4897556006908417,0.4898730218410492,0.49024125933647156,0.49662306904792786,0.4964624047279358,0.2356402426958084,0.23672309517860413,0.293510377407074,0.29506441950798035,0.495491087436676,0.5079819560050964,-170.39328002929693,-169.93788146972656,-0.3219168484210968,-1.6468534469604494,-0.7356749773025513,-0.8390443325042725,0.7181787490844727,0.7261866331100464,0.8512650075325834,0.8613306310505566,0.7826489806175232,0.8340587615966797,0.6206191583961607,0.6877102940944018,0.27710187435150146,0.28577059507369995,-0.8434480733059585,-0.7899702641064515,0.799100935459137,0.9096280932426453,0.6561758977727922,0.8470893311788653,0.6943597793579102,0.7071474194526672,0.7597473563473097,0.7899447871205926,0.7514601945877075,0.7865979075431824,0.5532124856322265,0.5876132698982576,0.299227237701416,0.29192858934402466,-0.7584376253877672,-0.766881410448221,0.7351494431495667,0.7805641889572144,0.5179609216991647,0.5748878925881149
138,5.75,138,5.75,0.0,0.03357650872613639,0.027256609562184828,0.5396331165416338,0.548944447486178,0.08960933510583607,0.09317207351851488,0.09143018592506584,0.09522786141714054,0.10396159628750126,0.09914758339254519,0.11098211790443137,0.10652520696648762,0.08275260790091736,0.08266786918010276,0.48992034792900085,0.48963212966918945,0.4898736774921417,0.4902172386646271,0.4970090240240097,0.49674323201179504,0.2352789342403412,0.23605909943580627,0.2928038239479065,0.29377833008766174,0.49490104615688324,0.5080220103263855,-170.47338867187506,-170.00668334960938,-0.2942436635494232,-2.0682895183563232,-0.5284290313720703,-0.9141771197319032,0.7183992862701416,0.7269079685211182,0.8513167531285136,0.8619736343250365,0.7795736789703369,0.8338279128074646,0.6157450228142777,0.6863358281300774,0.27652406692504883,0.28572529554367065,-0.8478355637091555,-0.7902683111399693,0.7987456321716309,0.9096569418907166,0.6572138308435372,0.8460756581203455,0.6984702348709106,0.7073113918304443,0.7746831417040754,0.7885838845024993,0.7519482374191284,0.7868275046348572,0.5559913753698807,0.587325761645872,0.29872268438339233,0.2920466661453247,-0.7624747409392321,-0.766594594331476,0.7353799343109131,0.7811521291732788,0.5201542452793069,0.5753701356498153
139,5.791666666666667,139,5.791666666666667,0.0,0.032688531191789126,0.027208092076203876,0.5369644739360436,0.5407400174811539,0.09081249533047203,0.09254967705382341,0.09227315666984193,0.09426529565629832,0.10312030078396335,0.09814223546383763,0.1114265164001082,0.10567075410497326,0.08261702154989277,0.08280233235627463,0.48968857526779175,0.48974256217479706,0.49017664790153503,0.4903583228588104,0.4971320629119873,0.4971546232700348,0.2344551756978035,0.2351822555065155,0.2913207411766052,0.2926124036312103,0.4967383146286011,0.5076898634433746,-170.67439270019534,-170.0430145263672,-1.224968433380127,-1.9583612680435183,-0.9431335330009462,-0.9646864533424377,0.7182591557502747,0.7270196676254272,0.8447524478279385,0.8586945376240633,0.7795088887214661,0.8320327997207642,0.607637044875855,0.6815421784536476,0.27589964866638184,0.284572958946228,-0.845154797967393,-0.7941299403125309,0.8000139594078064,0.9064388275146484,0.6516997646153088,0.8378916487234637,0.6995961666107178,0.707840085029602,0.773455866495155,0.7870463979291846,0.7513128519058228,0.7882586121559143,0.5470474430658673,0.5895594286660238,0.29711419343948364,0.2927135229110718,-0.7641107323280052,-0.7637196714115186,0.7353501319885254,0.7790554761886597,0.5127456420745728,0.5702208686600074
140,5.833333333333333,140,5.833333333333333,0.0,0.032574418315733246,0.02708262309692795,0.5337426139507306,0.5431226867113087,0.08940284102936476,0.09105897801585096,0.0909696771175973,0.0928664843044422,0.10225714452186287,0.0985451796988524,0.10982809984376357,0.10603624004078008,0.08263159408753722,0.08250586244787213,0.4898867905139923,0.4898245334625244,0.48990026116371155,0.49054813385009766,0.49698159098625183,0.49661654233932495,0.23341528326272964,0.23421499878168106,0.29016509652137756,0.291410356760025,0.4982474148273468,0.50739386677742,-170.93598937988287,-170.27993774414062,0.06019162386655808,-2.269947052001953,-0.6430756449699402,-1.0195633172988892,0.7177397608757019,0.7270689010620117,0.8395008142325876,0.860426021445377,0.7793039679527283,0.8289715051651001,0.6012022249875469,0.6753684160730438,0.27558672428131104,0.2848554849624634,-0.841922049629182,-0.7906394410789868,0.8009846210479736,0.90312260389328,0.6475788589250943,0.831098492172904,0.7002983093261719,0.7090330123901367,0.7731743322520517,0.7930865157046384,0.7518371343612671,0.7900975942611694,0.5424484927407043,0.5937265091127677,0.29553377628326416,0.2951885759830475,-0.7660672515686385,-0.7520594046438949,0.7384837865829468,0.777661919593811,0.5138846243445196,0.5676094508962742
141,5.875,141,5.875,0.0,0.03223937797552042,0.028358766555161192,0.5332020072989424,0.5425707388120719,0.08828765807762297,0.0900427202186023,0.09001230628241269,0.09150428187600544,0.10413157022270929,0.09915010283171365,0.11271335862240925,0.10642971302648245,0.08271058120010043,0.08224722333023748,0.48982982337474823,0.4899231195449829,0.4900771677494049,0.4907909631729126,0.49750737845897675,0.4965400993824005,0.23304900527000427,0.23330113291740417,0.28918492794036865,0.28993821144104004,0.4978593587875366,0.5061518549919128,-171.1541595458985,-170.66372680664062,-0.5135593414306641,-2.648705005645752,-0.7890951633453369,-1.1009066104888916,0.7180293798446655,0.7258794903755188,0.8384692164395903,0.8560264388973373,0.7813005447387695,0.8194186687469482,0.6062066280181021,0.6577266514759358,0.2763370871543884,0.28503236174583435,-0.8409341457296826,-0.7894684583587079,0.8030422925949097,0.9022725820541382,0.6527065451379739,0.8316845192372782,0.7013163566589355,0.7082077264785767,0.7749229246101114,0.7900652577316132,0.7509255409240723,0.7868714332580566,0.5412424324416951,0.5893913434479136,0.2959272265434265,0.2947992980480194,-0.7664484766342855,-0.7530126377275828,0.7369310855865479,0.7768058776855469,0.5113119494999175,0.5682579712831597
142,5.916666666666667,142,5.916666666666667,0.0,0.030373185363163795,0.028057755688711303,0.5352034935185777,0.544172870677387,0.09006722511766146,0.08905364006305595,0.09174218455976617,0.09079551180295525,0.10253547202072814,0.09994852268848843,0.10968780184107271,0.1073292589321631,0.08272528808668037,0.08227527727902462,0.49011240899562836,0.48991386592388153,0.49025556445121765,0.4908660054206848,0.49786166846752167,0.49628746509552,0.23184358328580856,0.23225122690200806,0.28802865743637085,0.28871339559555054,0.496277317404747,0.5063842833042145,-171.0703735351563,-170.6925811767578,-0.4290330708026886,-2.7886602878570557,-0.6700505614280701,-1.1463483572006226,0.7180480360984802,0.7254639863967896,0.8389647366191949,0.8559775014974323,0.7782590389251709,0.8176712989807129,0.6043614636118837,0.6539970051605386,0.27621182799339294,0.28589290380477905,-0.844540931556374,-0.785826619060821,0.801085352897644,0.9038231372833252,0.6532842960808991,0.8349973084225845,0.7035504579544067,0.7075483798980713,0.78372536389997,0.7890624615033286,0.7524385452270508,0.7832918167114258,0.5490213114969281,0.5817675920762166,0.2957060933113098,0.29469728469848633,-0.7702629399440936,-0.7529421337006467,0.7383534908294678,0.7745632529258728,0.5188333119171054,0.5634293566612296
143,5.958333333333333,143,5.958333333333333,0.0,0.031777615990011034,0.02871230910980771,0.5322063331000237,0.5407656644952792,0.08758269971127956,0.08801634122578092,0.0895613782892516,0.08961984236962502,0.10279163722261726,0.09958434470189657,0.11078736120644968,0.10686515887880012,0.08257025712048423,0.08250646451100013,0.48997555673122406,0.48987776041030884,0.49027079343795776,0.4909544885158539,0.49795204401016235,0.49646884202957153,0.23116550594568253,0.2312135323882103,0.2864289879798889,0.28702041506767273,0.49484580755233765,0.506187915802002,-171.73806762695318,-171.186279296875,-1.0363502502441406,-3.1827354431152344,-0.7027732133865356,-1.183713674545288,0.7192225456237793,0.7242090106010437,0.8468263369496776,0.8525597735934063,0.7791579961776733,0.8161629438400269,0.612052732795309,0.6527312936362115,0.2758861780166626,0.28556692600250244,-0.8498702831578013,-0.7895247066264666,0.8006702661514282,0.9008321166038513,0.6583632469161722,0.8310237806763594,0.7036606073379517,0.7077342867851257,0.7872691022603638,0.7908855994913311,0.753299355506897,0.7823761701583862,0.5563855742206301,0.5815846447187192,0.2962300181388855,0.29544809460639954,-0.7720121887233478,-0.752533924892093,0.736690104007721,0.7714069485664368,0.5206300274081379,0.5584861575753707
144,6.0,144,6.0,0.0,0.031091568212170732,0.029647514333853077,0.5347841448256555,0.5354964706638754,0.08915093095527325,0.08761401550857756,0.0911187352610278,0.08918335561711019,0.1024378072436894,0.09948189023186961,0.10912013868204189,0.10719369307416939,0.08242883071563224,0.08234734793856889,0.49002428352832794,0.4898132383823395,0.4900508224964142,0.4910034239292145,0.49759189784526825,0.4966886341571808,0.2300376296043396,0.23024780303239822,0.28497645258903503,0.28576645255088806,0.49336498975753784,0.5064019858837128,-171.84989929199224,-171.3114776611328,-0.31958815455436707,-3.406834363937378,-0.5020252466201782,-1.3151085376739502,0.7198417782783508,0.7263977527618408,0.8532069344628455,0.8600754306477395,0.781696081161499,0.8204815983772278,0.6226254135518348,0.6614858817221968,0.2758059799671173,0.2842194736003876,-0.8514258038344402,-0.7955256886416892,0.7985534071922302,0.9000819325447083,0.6590273136735153,0.829132857640586,0.7031192779541016,0.7078351974487305,0.7890100349621388,0.7905736283169286,0.7516686916351318,0.7801885604858398,0.5577839296497642,0.5766243541456466,0.2962835729122162,0.2956755459308624,-0.7728132787441225,-0.7526319349978801,0.7352314591407776,0.773551344871521,0.522289184252687,0.5626456549618252
145,6.041666666666667,145,6.041666666666667,0.0,0.03164185652636143,0.029553029945290958,0.5382314412011171,0.5379006654121955,0.0885148039262468,0.08664549158912906,0.09049416371067698,0.08792262830810263,0.10317264963653333,0.09938542753867391,0.10993722496013685,0.10702450689378945,0.08202266007848165,0.08230726156622951,0.4899437725543976,0.4898676574230194,0.49032050371170044,0.49087467789649963,0.49712321162223816,0.4966031461954117,0.22882583737373352,0.22923576086759567,0.283321350812912,0.2843565344810486,0.4923418462276459,0.5057850182056427,-172.02780151367193,-171.6029052734375,-1.31906259059906,-2.707996129989624,-0.6707302927970886,-1.2365800142288208,0.7212842702865601,0.7260768413543701,0.8648619955610517,0.8620528520923941,0.7835977077484131,0.8154524564743042,0.6320971693388089,0.6543634782334583,0.2758368253707886,0.2839316129684448,-0.8537708857385197,-0.7989329742137634,0.7986761927604675,0.8993933200836182,0.6648212066998824,0.831740330589684,0.7030653953552246,0.7081932425498962,0.7945696235322971,0.7948703920531569,0.750060498714447,0.7749534249305725,0.5593131409343458,0.5687842927233209,0.2967434525489807,0.29458072781562805,-0.773108582439628,-0.7589279539437294,0.7329778671264648,0.7722077965736389,0.5222396104129648,0.5629824592091986
146,6.083333333333333,146,6.083333333333333,0.0,0.033956081014274615,0.03233040677208112,0.5341085222653009,0.540935296034624,0.0906768632293525,0.08842376059597544,0.09247645716368648,0.0894643333340737,0.10168336148401466,0.09961598941727318,0.10775102180244284,0.10664552989390767,0.08147257086057612,0.08187258034581321,0.49011389911174774,0.48984394967556,0.49043312668800354,0.49067994952201843,0.49721309542655945,0.4973289668560028,0.22726666927337646,0.22810059785842896,0.28184252977371216,0.2830023467540741,0.4924865812063217,0.5053155720233917,-171.7918548583985,-171.45864868164062,-1.2857345342636108,-1.9196553230285645,-0.6213249564170837,-1.1214988231658936,0.7214143872261047,0.7253233194351196,0.8615041721068237,0.8570428938763867,0.7792332172393799,0.809144914150238,0.6197836751060364,0.6424372416130676,0.27537745237350464,0.2861706614494324,-0.8524140538096331,-0.7937552973768576,0.7982105016708374,0.8745108842849731,0.6608018061334054,0.7806514550750098,0.7047099471092224,0.7084172368049622,0.7973165631153938,0.7934920303678902,0.7505789995193481,0.7735612392425537,0.5578495000046331,0.5671967207531539,0.2957589626312256,0.29573795199394226,-0.7740971271767411,-0.7577913435241954,0.7341979742050171,0.7659562826156616,0.5224430094114857,0.5511162878240399
147,6.125,147,6.125,0.0,0.03393818723914875,0.03307707878518103,0.53118300608595,0.5339915230728427,0.09079525819517051,0.08843531868231161,0.09235429718925883,0.08925852755408495,0.09985003790061653,0.09981122180141853,0.10716644209177986,0.10693034250843671,0.08106946807930474,0.08152289887828594,0.48969683051109314,0.48978137969970703,0.49054834246635437,0.4907844066619873,0.49717071652412415,0.49796953797340393,0.22565974295139313,0.2269253060221672,0.27982762455940247,0.2811528444290161,0.49426522850990295,0.5040648728609085,-171.88954162597662,-171.8867645263672,-2.9010517597198486,-2.520000696182251,-1.0305591821670532,-1.2487272024154663,0.7217248678207397,0.7272757291793823,0.8576623360509398,0.869973708026069,0.7774701714515686,0.8023804426193237,0.6084411888730594,0.6366324839446934,0.2753030061721802,0.2707713842391968,-0.8474017409874955,-0.86197594239083,0.8000619411468506,0.8283703923225403,0.6569776412010652,0.6920973939745516,0.7070741653442383,0.7093050479888916,0.8017054292726462,0.8017940393096582,0.7521398067474365,0.7661264538764954,0.5540211033509475,0.5592631836264398,0.29529839754104614,0.29689913988113403,-0.7710313244414139,-0.7628488305641931,0.7350571751594543,0.7546873092651367,0.5173205551030545,0.5348510114624813
148,6.166666666666667,148,6.166666666666667,0.0,0.03398474320504118,0.030753259591562773,0.5199965428706327,0.5121683203685239,0.09018886240595682,0.09004898818215618,0.09067151307133141,0.08989867516489365,0.10151788423943814,0.10192709526696347,0.1073362170651558,0.10947902068254442,0.08111022665826406,0.08102068466587972,0.4900585114955902,0.48989138007164,0.4906047582626343,0.49115824699401855,0.4976651966571808,0.49778738617897034,0.22430837154388428,0.22504190355539322,0.2774805426597595,0.2785472869873047,0.49244044721126556,0.5011026412248611,-172.68714904785162,-172.43081665039062,-2.243682861328125,-3.451927900314331,-0.8007284998893738,-1.5346065759658813,0.7211405634880066,0.7289262413978577,0.8571182273382577,0.8837627792498386,0.7666159868240356,0.7984099984169006,0.5915102921703564,0.6394269432522911,0.2733737826347351,0.281404972076416,-0.8602480976779944,-0.8273413117278284,0.7999967932701111,0.8545209169387817,0.6635265289276071,0.7601062074736256,0.7061066031455994,0.7111369371414185,0.7994569216592629,0.8157451153408282,0.7467904090881348,0.7649325728416443,0.5487383027522944,0.5674261421092663,0.29395025968551636,0.2972789406776428,-0.7813290034407175,-0.7666469615915883,0.7322095036506653,0.7471057176589966,0.5172812455414031,0.5290854443717437
149,6.208333333333333,149,6.208333333333333,0.0,0.03000577813265478,0.029612066029268976,0.5180764953177518,0.5075670179485736,0.0859273165468719,0.09050718927803093,0.08545630882716412,0.0898615127394543,0.10433789364001221,0.10350278950722569,0.10973467053831125,0.11059678459649094,0.08100822284481314,0.08075887769384534,0.4898373484611511,0.4899779260158539,0.4909510016441345,0.49114206433296204,0.497747540473938,0.4980114698410034,0.2227921187877655,0.2235778197646141,0.2754812240600586,0.27528563141822815,0.4919476956129074,0.4968347102403641,-172.5850219726563,-173.34503173828125,-3.825351715087891,-3.7082297801971436,-1.1625031232833862,-1.3633418083190918,0.720295786857605,0.7311230301856995,0.8559355155224313,0.8903606265788442,0.7622125148773193,0.8040489554405212,0.5846943725891866,0.660033549766111,0.27282804250717163,0.28150373697280884,-0.8650555085090957,-0.8269429470192159,0.7984396815299988,0.850248396396637,0.6630686890626496,0.7592906040462857,0.7060312032699585,0.7094128727912903,0.8010729681637967,0.8074395165651284,0.7430517673492432,0.7613348960876465,0.5432417659023069,0.5682646534337482,0.29265570640563965,0.2992807626724243,-0.7887969803188406,-0.7590442820314588,0.7343714237213135,0.7341479063034058,0.5244625992863757,0.5098548444645832
150,6.25,150,6.25,0.0,0.030964611984492962,0.029088971646521102,0.508044107756306,0.500499261126677,0.05738238689282042,0.05710883032528908,0.0559012268865004,0.056928271579748106,0.1322340068618468,0.1359575356141887,0.13610209392240197,0.14738224554635662,0.08060791062788045,0.08123719375710117,0.49007660150527954,0.4901816248893738,0.49037420749664307,0.49065670371055603,0.4977795034646988,0.49869999289512634,0.2237221673130989,0.2251068875193596,0.2718585431575775,0.27103644609451294,0.4925534427165985,0.4964432567358017,-174.91972351074224,-176.45886230468753,-1.523103952407837,-1.3959197998046875,-0.6787068247795105,-1.2763960361480713,0.7170331478118896,0.7306267023086548,0.8370602952052362,0.8864831512080354,0.7655891180038452,0.8201169967651367,0.5863431348945921,0.6959046081169646,0.2731526792049408,0.27969691157341003,-0.8575738678630396,-0.8370857420659815,0.7929506301879883,0.84927898645401,0.6451018843240531,0.7586034325705859,0.7038317322731018,0.7058417797088623,0.7866603083729702,0.7917488433559116,0.7468422651290894,0.755976676940918,0.5460843354815562,0.5580017182262854,0.2903324365615845,0.3002132773399353,-0.7919854813743078,-0.7586669492411432,0.7343165278434753,0.7256966233253479,0.5191853595173846,0.4928990353728844
151,6.291666666666667,151,6.291666666666667,0.0,0.040565843172928946,0.045309259899314724,0.5155038690405083,0.5076435607211082,0.050250460456835296,0.04784277088472318,0.04903616118269741,0.04646720093653577,0.13636619240499753,0.14487143694614013,0.137930962191299,0.15072001531359647,0.08011385759808655,0.08086561498188502,0.4903486371040344,0.4904108941555023,0.4910718500614166,0.49085065722465515,0.4975488483905792,0.49926571547985077,0.22333623468875885,0.22398032248020172,0.2665386199951172,0.26682600378990173,0.49588675796985626,0.49624694883823395,-178.14662170410162,-178.3894500732422,-2.83215594291687,-1.4886724948883057,-0.48658961057662964,-0.7462757229804994,0.7131038904190063,0.7317025661468506,0.814128181301464,0.8886530952787256,0.7720255255699158,0.8259544372558594,0.5866573436527249,0.709052860353002,0.27512869238853455,0.2773998975753784,-0.8400569774974326,-0.8482378988167364,0.803801953792572,0.8515380620956421,0.6541664266181223,0.7640717574302462,0.703360378742218,0.7109663486480713,0.7773279869461533,0.8093743414503882,0.7619059085845947,0.7745018005371094,0.5651581978754474,0.5984013267368692,0.2885223627090454,0.3023042678833008,-0.7894705270188078,-0.7530234537036024,0.7388831377029419,0.7209669947624207,0.5162462767919231,0.4832719817979259
152,6.333333333333333,152,6.333333333333333,0.0,0.053166672663411144,0.04645171048031154,0.5623594278785852,0.5489972011434223,0.051250448125528744,0.0488955709609907,0.050615243257648296,0.047970369618428925,0.12581959266509465,0.13452200736686554,0.12608695430809355,0.13407502170016872,0.07997495359005632,0.08025882762482495,0.4901583045721054,0.49067726731300354,0.4914816915988922,0.49137404561042786,0.49795103073120117,0.500174343585968,0.2200653776526451,0.22099076211452484,0.2631722390651703,0.26329806447029114,0.49379605054855347,0.49366700649261475,-178.27584838867193,-179.2180633544922,-4.2487874031066895,-2.4547131061553955,-0.5270557999610901,-0.23817814886569974,0.7104097604751587,0.7207471132278442,0.8032658553313904,0.8481838600941898,0.7959846258163452,0.811011552810669,0.6426659550796964,0.6864227575598317,0.27826398611068726,0.2832750678062439,-0.830594732515769,-0.8340579178525825,0.805183470249176,0.8451040387153625,0.6622291835631554,0.7601655032861606,0.7136602401733398,0.7091733813285828,0.8155552978887446,0.8036785813421967,0.791782021522522,0.7675758004188538,0.6337282554994971,0.5924703349346329,0.2917325794696808,0.30299443006515503,-0.7796725549349236,-0.7582296783717308,0.734940767288208,0.7195647954940796,0.5128436757034167,0.48862154731232216
153,6.375,153,6.375,0.0,0.09725747963570287,0.06827033936183197,0.5828518756804988,0.5754379192899636,0.059043729770140434,0.05697121454290343,0.05665439126527582,0.055577976644818824,0.11557731797044934,0.12410963176373013,0.11466386623897701,0.12318193801800943,0.08063936224934269,0.08089219038174358,0.4907557815313339,0.4904128909111023,0.4917093515396118,0.4915626347064972,0.49748362600803375,0.499231681227684,0.21722794324159622,0.21802376210689545,0.25810936093330383,0.26028263568878174,0.49137355387210846,0.49292466044425964,-180.08743286132818,-179.43460083007812,-2.468430995941162,-3.164361000061035,-0.3701700270175934,-0.4146729111671448,0.6994034051895142,0.7184524536132812,0.7668432746645479,0.8398885907390687,0.7674229741096497,0.808037281036377,0.58970813191904,0.6790915122852677,0.2937847971916199,0.2953989803791046,-0.7735996818544398,-0.7809331113984304,0.8160105347633362,0.8539374470710754,0.6935028785369934,0.7780098390348501,0.7111222147941589,0.7067520022392273,0.8113485250606437,0.795061289436253,0.7898726463317871,0.7740153670310974,0.6376660456031893,0.6057717163682691,0.29825931787490845,0.29871219396591187,-0.756606517008299,-0.7682393768587745,0.7424634099006653,0.7313792109489441,0.5363884836816777,0.5138875777468009
154,6.416666666666667,154,6.416666666666667,0.0,0.09905802371590394,0.08269267618316027,0.6001573806800395,0.5937694372476379,0.06418530378908807,0.06307599206879207,0.06335656571617171,0.06254930673298867,0.11001410204802735,0.11863444041275392,0.10627919235480747,0.1165549521196778,0.08102029049008562,0.08114308376155879,0.49071359634399414,0.49048084020614624,0.4909374713897705,0.49162715673446655,0.49714286625385284,0.4982274919748306,0.21511859446763992,0.2160676121711731,0.25634264945983887,0.2583885192871094,0.4885620176792145,0.49126945436000824,-180.38908386230472,-179.39398193359378,-1.080263614654541,-3.116441249847412,0.14377938210964203,-0.24069264531135556,0.6936123371124268,0.7103881239891052,0.743493765772064,0.8184864714698765,0.773801863193512,0.7899738550186157,0.607176529025765,0.6482027253588939,0.2976040244102478,0.3003077507019043,-0.7551090980791125,-0.7635470781299758,0.7647974491119385,0.8458042144775391,0.5880092598873918,0.7693572549849976,0.7009914517402649,0.7099125385284424,0.7714183369471163,0.8166517283232115,0.7865594029426575,0.7892112731933594,0.6343328987462293,0.6465478866074379,0.3003990650177002,0.3056578040122986,-0.7445319063269318,-0.7429073099758833,0.7305380702018738,0.743094265460968,0.5150829450673646,0.5464717912046838
155,6.458333333333333,155,6.458333333333333,0.0,0.09314269536208918,0.08753250062907889,0.6024727442525091,0.6028139766320666,0.0678897113758624,0.06622448156266199,0.06688434368405625,0.06538718924910969,0.10974341353060754,0.11739816151646136,0.1038678960367249,0.11261056446761322,0.08112824988753062,0.08075176292814666,0.4909934103488922,0.49074307084083557,0.4913603961467743,0.4918183386325836,0.49913930892944336,0.4979362040758133,0.21368595212697983,0.21492847055196762,0.254991739988327,0.25682374835014343,0.48743321001529694,0.4877950996160507,-180.29606628417974,-179.68475341796875,-1.490375876426697,-3.2296664714813232,0.28371307253837585,0.10662193596363068,0.6881287693977356,0.6912708282470703,0.724520242704878,0.763793624620196,0.7846863865852356,0.775047779083252,0.6410058158456239,0.638341391109258,0.29966121912002563,0.29330360889434814,-0.7647300208430018,-0.8084277312409369,0.7429490089416504,0.7753021717071533,0.5510020617515495,0.6389067099140481,0.6947430372238159,0.690355658531189,0.749877058470119,0.76017812740943,0.7845063209533691,0.7770807147026062,0.6406175168252662,0.6428590407050814,0.3013317883014679,0.31069451570510864,-0.7583256362503652,-0.7397226878201755,0.7244555950164795,0.7319968938827515,0.5111222999348213,0.5426724420907676
156,6.5,156,6.5,0.0,0.087229231573918,0.07501535078798,0.6137357303765302,0.59994723810895,0.06964606591729988,0.06894080254179492,0.06823489194843517,0.06819671582667021,0.10880080746578236,0.11541122556163029,0.10226718399589202,0.1090186409902728,0.08097713505054704,0.08073006661249121,0.49117207527160645,0.49110932648181915,0.4916709065437317,0.49224191904067993,0.49898025393486023,0.49839189648628235,0.2131994292140007,0.21392304450273514,0.2541252076625824,0.2557356655597687,0.48760196566581726,0.4872020035982132,-180.68017578125003,-179.79473876953125,-1.5068076848983765,-3.3614125251770024,0.2465216219425201,0.16493205726146698,0.6750608682632446,0.6833062767982483,0.682390270136816,0.7289515919738296,0.7956762313842773,0.7850781679153442,0.6715822820236036,0.6605204711544468,0.3039643168449402,0.3067256808280945,-0.7557730219159208,-0.7555680244874623,0.7521466016769409,0.7876797914505005,0.576690461097505,0.666289397336061,0.6908472180366516,0.699578046798706,0.7435693586323797,0.793096590464778,0.7892348170280457,0.779058575630188,0.6575404088969107,0.647172427877926,0.29789990186691284,0.3050907254219055,-0.7792753125619543,-0.7620131876172146,0.7493595480918884,0.7420928478240967,0.5706148617532801,0.5652033988922716
157,6.541666666666667,157,6.541666666666667,0.0,0.07630201225151853,0.07253720788267692,0.6098276568773144,0.5986442547501578,0.07017701229781362,0.0663420009567105,0.06900583094830401,0.06574739794515283,0.10775296837333712,0.11671449072133148,0.10095542878867546,0.11089544497879447,0.08034496012108805,0.08005598083934443,0.4913209080696106,0.49120402336120605,0.49207133054733276,0.49243423342704773,0.499805748462677,0.4988555461168289,0.21230170875787735,0.21296881139278412,0.2529326379299164,0.25451570749282837,0.4821578860282898,0.48594333231449127,-180.42979431152347,-179.5486602783203,-2.197209119796753,-3.5747556686401367,0.29919764399528503,0.12862418591976166,0.6651439070701599,0.6803640127182007,0.6562212114677551,0.7190407076472333,0.7620131373405457,0.7945021390914917,0.6247886839864044,0.6875702282551237,0.3155863285064697,0.31627339124679565,-0.7311602594204667,-0.7232940936569692,0.7549645900726318,0.7875093221664429,0.6090525041188266,0.671987938514235,0.6841493248939514,0.6948871612548828,0.7316530320094826,0.77657375388257,0.774194061756134,0.7845397591590881,0.651983112890873,0.6653707781223085,0.298077255487442,0.3056982159614563,-0.8006531411907355,-0.7651873544124786,0.7554512023925781,0.7752876877784729,0.6101388867025559,0.6447541284228565
158,6.583333333333333,158,6.583333333333333,0.0,0.08091248378600659,0.08383874438657245,0.6114047827953418,0.6042418721782552,0.07037970609526256,0.06531719194620941,0.06903748136963234,0.06390523053706129,0.10782120482626184,0.1152038224143003,0.10107817182455457,0.10877154132526319,0.07980606757862767,0.07999468070066598,0.4913887679576874,0.4916326254606247,0.4922906458377838,0.49247777462005615,0.4996534585952759,0.49667753279209137,0.21164695918560028,0.21220055222511292,0.2521318197250366,0.25372856855392456,0.4761344790458679,0.48072175681591034,-180.26875305175787,-179.39031982421875,-2.469311237335205,-2.4867489337921143,0.2959074079990387,0.16578027606010437,0.6566197872161865,0.6599724292755127,0.6362944663795154,0.6622175475568831,0.742189347743988,0.7474489212036133,0.6066600317006263,0.6084401259020786,0.32836687564849854,0.3402908444404602,-0.6943444868186278,-0.6342023630926764,0.7448967695236206,0.8224076628684998,0.6128335123465397,0.7794309821230493,0.7017116546630859,0.7104948163032532,0.8190833866993251,0.8671033826609014,0.7817271947860718,0.7758514881134033,0.6968144861456637,0.6732301574168874,0.283333957195282,0.2883586287498474,-0.8768944455801938,-0.8448055433171374,0.7697017192840576,0.793937087059021,0.6693939191589917,0.7144858132656152
159,6.625,159,6.625,0.0,0.0757764915922924,0.06918665312276333,0.6086806030608647,0.5985875695798297,0.07114561643448371,0.06327775970062696,0.07007321554699142,0.06231025840209678,0.10773386770867688,0.1153293934521694,0.10086763801253533,0.11100214265720951,0.07970232315084477,0.07976389792402057,0.4914809912443161,0.49162018299102783,0.4922340512275696,0.49249666929244995,0.4996287077665329,0.4962600767612457,0.21094273030757904,0.2119361087679863,0.250707745552063,0.2529562711715698,0.4744836241006851,0.4772690683603287,-180.74174499511724,-179.50949096679688,-1.9973148107528687,-2.4693377017974854,0.3816576600074768,0.03304139152169228,0.6389336585998535,0.6509668231010437,0.5677394183513064,0.6412058336034209,0.7510780096054077,0.7223045229911804,0.6340863208095076,0.5712676967860159,0.3387705087661743,0.3481239974498749,-0.6555800048109843,-0.6139726965297514,0.7434481978416443,0.7629585862159729,0.6165951513451468,0.6660472587820869,0.699582040309906,0.7158048152923584,0.8149128084572467,0.9099368347770205,0.7855806946754456,0.777971625328064,0.7131829394707561,0.7010481703368787,0.28142163157463074,0.27852508425712585,-0.8893062147199544,-0.9024360648539065,0.778654158115387,0.8107112050056458,0.6973040123721252,0.7773761625628639
160,6.666666666666667,160,6.666666666666667,0.0,0.06866956751969208,0.053857204998304965,0.6064933829554572,0.5946539151935305,0.06564046878561827,0.061066829232109085,0.06433965912711345,0.05947534814332016,0.11106124005755577,0.11466445554514441,0.10354863971383534,0.10962777106039279,0.07977345384358213,0.08021636016663466,0.4915148615837097,0.49164314568042755,0.4921337068080902,0.4925585389137268,0.4993729889392853,0.496188223361969,0.21063364297151566,0.2116686999797821,0.24941249191761017,0.2517029643058777,0.47066156566143036,0.47737133502960205,-181.49436950683597,-180.42193603515625,-1.632351040840149,-2.263504981994629,0.4635348916053772,0.0008395473705604672,0.6276349425315857,0.6415809988975525,0.52523434713044,0.5991058154568534,0.7395101189613342,0.7108270525932312,0.6192777815882046,0.5411127279876997,0.3523625135421753,0.3423673212528229,-0.6020097846940319,-0.6338347737907702,0.7515522241592407,0.7465945482254028,0.6470161052692418,0.6240160183281364,0.7065842151641846,0.7144696712493896,0.848532632445934,0.8994510514980174,0.7901755571365356,0.7757134437561035,0.7359828178296783,0.6915089251673607,0.2832011580467224,0.2808243930339813,-0.8852264236341947,-0.887428709667783,0.7834014296531677,0.8127423524856567,0.7203789896200613,0.7773359677695406
161,6.708333333333333,161,6.708333333333333,0.0,0.04656958700396651,0.04839660717153998,0.595563834069455,0.5936625353048622,0.06582958448802075,0.06132043261351422,0.06498080228885902,0.06001336262044716,0.11160352348040256,0.11377764395565658,0.10494133808669327,0.10986689604465805,0.07982339085364219,0.08034800330927898,0.4913896322250366,0.49148090183734894,0.4917302429676056,0.49214330315589905,0.5007183849811554,0.49624089896678925,0.2100735753774643,0.21118033677339554,0.2478611320257187,0.25041261315345764,0.46896959841251373,0.4727393686771393,-182.18774414062506,-181.23626708984375,-1.0034786462783813,-1.4883382320404053,0.4372633397579193,0.05926750600337982,0.6212040185928345,0.6246580481529236,0.4944192703203576,0.5310164517034249,0.7315632104873657,0.721880316734314,0.6061314343197415,0.5794988672892802,0.3449234366416931,0.3509838879108429,-0.6393129402120533,-0.6006507937983584,0.7496575117111206,0.7379087805747986,0.6478975864630073,0.6167808825998121,0.7059635519981384,0.7098982334136963,0.842234569146841,0.8834922776081898,0.791465163230896,0.7758782505989075,0.7444000549769709,0.7050974160405371,0.2857579290866852,0.2789906859397888,-0.8821017789856503,-0.8983491534000442,0.7806492447853088,0.8039584159851074,0.7194342223768986,0.77041154509677
162,6.75,162,6.75,0.0,0.0546811009032578,0.045099028634868386,0.5969710744609786,0.5921363579611058,0.06471619874612924,0.061756377176533234,0.06301771801931831,0.06067391198767813,0.11086325331034519,0.11139882542849552,0.1032668025502359,0.10791495412877822,0.07981203607488807,0.08061022971348343,0.4913373291492462,0.4914391338825226,0.49183860421180725,0.4919596016407013,0.5000851899385452,0.49818146228790283,0.20932190865278244,0.21047843247652054,0.24744626879692078,0.2486562728881836,0.47248585522174835,0.47264644503593445,-181.8802185058594,-182.26524353027344,-1.3238608837127686,-1.0253026485443115,0.43113189935684204,0.12036976963281631,0.6180459260940552,0.6167799830436707,0.4815368851262488,0.49498521725259104,0.7460924983024597,0.7210721969604492,0.6282626610429921,0.583219580878302,0.3496887683868408,0.3668873906135559,-0.6139451713209673,-0.5479716287991161,0.7578766942024231,0.7303950786590576,0.6553218369131443,0.6051065515917589,0.7064783573150635,0.7055479884147644,0.8425339326367607,0.8654691840313513,0.7945054173469543,0.791921079158783,0.7394296597871737,0.7495487760656181,0.28340721130371094,0.28579816222190857,-0.8845183771125215,-0.8864072945772872,0.7845834493637085,0.7980603575706482,0.7166465798964615,0.7639617238157016
163,6.791666666666667,163,6.791666666666667,0.0,0.059960951526524676,0.050961026901951284,0.5961905473791935,0.5922032127630824,0.06595557686685163,0.06281136651243813,0.06450694068162977,0.06145446519297076,0.10795908537252696,0.10913910665871034,0.10095093661205928,0.10533069519747633,0.0798907108404399,0.08084317317888252,0.491309255361557,0.4911188781261444,0.49165287613868713,0.49184828996658325,0.4994692951440811,0.49703074991703033,0.2086287885904312,0.21014760434627533,0.2465941458940506,0.2471032589673996,0.474413201212883,0.473923996090889,-181.9480590820313,-183.32801818847656,-1.051720380783081,-1.3410913944244385,0.4163901805877686,0.04733986034989357,0.6120352149009705,0.6127822399139404,0.4591871642046622,0.4864574073640716,0.7649533748626709,0.7353506088256836,0.6666709540203104,0.6180029573771618,0.3589993119239807,0.3725852370262146,-0.5730154685363079,-0.5229949226621133,0.7580867409706116,0.7391215562820435,0.6509148356487238,0.6269173393360805,0.7012910842895508,0.7013100385665894,0.8232862595763367,0.858504483504221,0.7949678897857666,0.7872166633605957,0.7355419987604314,0.7406124145963376,0.2878612279891968,0.2853425145149231,-0.8632071633184886,-0.8896413356401138,0.7913153171539307,0.7932902574539185,0.7271608373860676,0.7549701690434324
164,6.833333333333333,164,6.833333333333333,0.0,0.062389138398674535,0.05035340491092192,0.5789550444563394,0.5786431000446493,0.06738729954532488,0.06311661151322266,0.06538150043550922,0.06177731566538447,0.10727912818881145,0.10971265295519415,0.10041763678439637,0.10451066848201211,0.0799393789649611,0.08099308004333036,0.4910697937011719,0.4909311980009079,0.4913170337677002,0.49154672026634216,0.4977753609418869,0.49801477789878845,0.2080782800912857,0.2095189467072487,0.24538657069206238,0.24642902612686157,0.47590044140815735,0.4744678884744644,-182.42012023925784,-183.177490234375,-0.7681189179420471,-1.2778764963150024,0.3914671242237091,0.15051168203353882,0.6087503433227539,0.6060489416122437,0.4528832369102599,0.45805100932347265,0.7717807292938232,0.7468833923339844,0.6792031956025807,0.6496913394582465,0.3680596351623535,0.36724141240119934,-0.5293632538510502,-0.55446231080824,0.763395369052887,0.7580360770225525,0.6599543179141706,0.6762896884920366,0.7025572657585144,0.6985498070716858,0.8357044977552754,0.8502428246771115,0.8002521991729736,0.78957200050354,0.7445604164691972,0.751500592706876,0.2865947484970093,0.2902439832687378,-0.8618172968794852,-0.8809215429357896,0.794743537902832,0.7899220585823059,0.7319150984424075,0.752335455990571
165,6.875,165,6.875,0.0,0.039051930480469774,0.0360268317355779,0.5783881814391554,0.5850835738790449,0.06531071788638967,0.06314319521916217,0.06338936767915523,0.062397682647552744,0.10933999843397084,0.11075878765876916,0.10079521985127415,0.10473291175672211,0.08046443178145385,0.08091220820190469,0.4912104308605194,0.4910896122455597,0.4911043345928192,0.4913712441921234,0.49698351323604584,0.496360644698143,0.20811677724123,0.20917119085788727,0.2453003078699112,0.24630124866962433,0.4749736189842224,0.4754810631275177,-182.83000183105474,-183.0882110595703,0.02224511094391346,-0.7421844005584717,0.6251394152641296,0.42836394906044006,0.6034232974052429,0.6056861877441406,0.4349086898076527,0.4584633395140925,0.7539476156234741,0.7533908486366272,0.6411805668118764,0.6555553048172945,0.3617434501647949,0.37491995096206665,-0.5525854744906866,-0.5092689636101285,0.7709686160087585,0.7620875835418701,0.6803008246359574,0.676069842264321,0.7017839550971985,0.6984453797340393,0.8368063928077593,0.8474546744341042,0.7977691888809204,0.7844932079315186,0.7418979867803447,0.7289219787929799,0.2863900065422058,0.28657519817352295,-0.8604766234082828,-0.8797480782205315,0.7956351637840271,0.7934925556182861,0.736993244984692,0.7501503429009518
166,6.916666666666667,166,6.916666666666667,0.0,0.019102871294447234,0.023154604492157362,0.5686031039823796,0.5633958711793657,0.06330707810620656,0.062389377873298756,0.060814592368217915,0.06102288997509417,0.111553792660818,0.11520834204760252,0.10487041590712248,0.11152622925272233,0.07955774890226873,0.0797303545375819,0.49132561683654785,0.4911695718765259,0.49103182554244995,0.49167391657829285,0.4965861588716507,0.49494631588459015,0.20827383548021317,0.2092485949397087,0.24579894542694092,0.2468700110912323,0.4761611223220825,0.47687284648418427,-181.73640441894537,-181.68064880371094,0.6730797290802002,-0.7492898106575012,0.41222840547561646,0.12496786564588547,0.595974326133728,0.5978900790214539,0.4054573384181843,0.4294164098248386,0.7538297176361084,0.7491714954376221,0.6371765337349184,0.6389201868794457,0.3793560862541199,0.3790597915649414,-0.47824398553137226,-0.4834054410296012,0.7790428400039673,0.7753263711929321,0.6950340307155111,0.7002898564302076,0.6981943845748901,0.6985055208206177,0.8224674712161455,0.8491205324815425,0.7955798506736755,0.7882741689682007,0.7329821289689178,0.7306705043182786,0.28962600231170654,0.28310203552246094,-0.8443008513894171,-0.8836806382732314,0.7985839247703552,0.7971271872520447,0.7398756904026135,0.7514431821046013
167,6.958333333333333,167,6.958333333333333,0.0,0.014048192489269468,0.016869680278411372,0.5733073016534347,0.5696780116159553,0.04290554571813732,0.04104066129519567,0.03975195280938425,0.03898268769040816,0.1373910356175421,0.1421132301680967,0.13513778935417792,0.14048706571025524,0.07898513044711528,0.0793416895181471,0.4911014884710312,0.4914167821407318,0.4901680648326874,0.4908856153488159,0.4968099296092987,0.49531644582748413,0.21090661734342575,0.21196582913398743,0.24634768068790436,0.24699774384498596,0.4793989658355713,0.47792060673236847,-182.77574157714847,-183.4525909423828,2.058579206466675,1.314413070678711,0.1484927088022232,0.20163238048553467,0.5967510342597961,0.5922706723213196,0.4034386937927209,0.403750868930581,0.7702382206916809,0.7649389505386353,0.6604028726707182,0.6723244495841301,0.37542372941970825,0.3843953311443329,-0.4900074921145707,-0.46191381289518546,0.7891453504562378,0.7875555753707886,0.7033349136589573,0.7253026308393041,0.699842095375061,0.6986148953437805,0.8195930197179249,0.8466049249504709,0.802642285823822,0.7899556756019592,0.7339821345556463,0.7309247316620924,0.29064011573791504,0.2855462431907654,-0.8322589659043299,-0.8735555390739395,0.7978338599205017,0.7979372143745422,0.7230637381337188,0.7496210407235556
168,7.0,168,7.0,0.0,0.022132038961551175,0.019955443407021344,0.5764615230066409,0.5856455543651119,0.03910156864710463,0.039461520636594916,0.035901863263790704,0.03676463929618452,0.1403568285274875,0.14332095024448177,0.14013989842984606,0.14264022993436618,0.07955714222157835,0.07917442243473713,0.49093055725097656,0.49106428027153015,0.4897196590900421,0.4901607036590576,0.49774178862571716,0.4959693104028702,0.2126435562968254,0.2132803201675415,0.24582688510417938,0.2474057525396347,0.47669829428195953,0.4785124808549881,-185.00291442871097,-184.30532836914062,2.674337863922119,2.283267021179199,-0.12182755768299103,-0.006871954537928104,0.5945386290550232,0.591990053653717,0.3909634441013879,0.3987643361280062,0.7782965898513794,0.7703193426132202,0.685214240097929,0.6816622964110989,0.37371912598609924,0.38573408126831055,-0.5009288228536983,-0.4577956436863306,0.7942841649055481,0.7928196787834167,0.721537104824561,0.7342231948470836,0.7014132738113403,0.6995320916175842,0.8226312445763259,0.8453754320500961,0.7954183220863342,0.7936000823974609,0.7241138456821866,0.7360462216137319,0.29085418581962585,0.2883591651916504,-0.8356211770571458,-0.8621837212019381,0.7864460349082947,0.7945756912231445,0.7037293175500451,0.7383252487363546
169,7.041666666666667,169,7.041666666666667,0.0,0.024374780245027237,0.020136085212076237,0.572721918920347,0.5853595031819296,0.041080424955000985,0.03705563214323864,0.038000296490438325,0.034665759220281055,0.13340471845745056,0.14047258715905803,0.13433493055419785,0.14159599475265847,0.08011452587936287,0.07979690980395651,0.4905526489019394,0.4909020960330963,0.48969340324401855,0.4899364113807678,0.4972582310438156,0.4972752630710602,0.2126854881644249,0.21372509002685547,0.24736393988132477,0.2485685795545578,0.4768642336130142,0.4817836731672287,-184.38259887695318,-184.21458435058594,2.154022216796875,2.3770060539245605,-0.29650163650512695,-0.09579307585954666,0.5950069427490234,0.5894166231155396,0.3942851966292571,0.3794556188665002,0.797309935092926,0.790398895740509,0.7270703034828859,0.7149015531337714,0.3836250901222229,0.38246744871139526,-0.4583576042105854,-0.472800382233636,0.7997358441352844,0.8042609691619873,0.7325745321728125,0.7470127942321136,0.7022305130958557,0.7006116509437561,0.8267887639907423,0.8373778600735492,0.7974010705947876,0.793079137802124,0.7272770839661021,0.721110285148499,0.2868943214416504,0.2844488024711609,-0.8485367634443202,-0.8764597817865639,0.7872537970542908,0.7976299524307251,0.7042535850752132,0.7316521645116865
170,7.083333333333333,170,7.083333333333333,0.0,0.01797589251459625,0.01741431625669978,0.5793029728767508,0.5755659762394721,0.04362633469360063,0.03626165917383841,0.040332640901603364,0.03361316958339627,0.1335136800564677,0.14058235604799363,0.13010176609374924,0.14067174060127752,0.07983644729764909,0.07933238823268206,0.4905918836593628,0.4910644143819809,0.4893109202384949,0.48993271589279175,0.4967605769634247,0.4971596449613571,0.2126660868525505,0.21361877024173737,0.2497294396162033,0.2505483031272888,0.4785628318786621,0.4804895222187042,-182.2064819335938,-181.9500732421875,2.581066608428955,2.693046808242798,0.41036391258239746,0.12143272161483765,0.5904832482337952,0.5916863679885864,0.37535254885444025,0.389059735608766,0.8014357089996338,0.7923480272293091,0.7273589741319142,0.722007658648009,0.37577304244041443,0.37804004549980164,-0.4845463626598889,-0.4902808262906234,0.8023131489753723,0.8097452521324158,0.7293356463327705,0.7622853147563063,0.700636625289917,0.7028488516807556,0.8165088910980783,0.8465901051152904,0.796662449836731,0.7926840782165527,0.7166059095854179,0.7227856761866933,0.28517988324165344,0.2868061661720276,-0.8473654410441941,-0.8657876441838137,0.7868521213531494,0.7972530126571655,0.6945054763581282,0.7333635684198101
171,7.125,171,7.125,0.0,0.021102438536635078,0.016579295198256096,0.5742995915002115,0.5731556277419086,0.054499291849646594,0.05169331771880282,0.05171504141143605,0.048794716887257616,0.11846829795385105,0.12189432600504067,0.11565968267273709,0.12122008599936215,0.07998666471489616,0.08070615052702626,0.4905844032764435,0.4909263551235199,0.48961958289146423,0.49023258686065674,0.4975379556417465,0.49610647559165955,0.21235815435647964,0.21337515860795975,0.25112223625183105,0.2516481578350067,0.4775550365447998,0.48094360530376434,-180.78819274902347,-181.53854370117188,2.091626644134522,1.5844653844833374,0.23399902880191803,0.06275869905948639,0.5930539965629578,0.5875648856163025,0.3839166876630939,0.3751170415125591,0.803782045841217,0.806472897529602,0.7375697871311322,0.7510273419174776,0.37800729274749756,0.38117602467536926,-0.4804409367258772,-0.4713877129047708,0.8054487705230713,0.8214504718780518,0.7413381010161559,0.7855820444278858,0.7013392448425293,0.7011243104934692,0.8191578622482188,0.8408814855293826,0.7963653802871704,0.791307806968689,0.7208013765518888,0.7160400214953296,0.284920334815979,0.2849232852458954,-0.8545941806106551,-0.86616871601356,0.7890096306800842,0.8002139329910278,0.704170691423795,0.7365873095983582
172,7.166666666666667,172,7.166666666666667,0.0,0.03616554019362835,0.0397346553982487,0.5635112338633184,0.555501469862697,0.06305707335807244,0.05691565215567088,0.06037757812280587,0.05491923803135777,0.10915472629783335,0.114908253457104,0.10342739029348856,0.11352948275037902,0.0802841746730915,0.0809878781922223,0.49055297672748566,0.49049511551856995,0.48985210061073303,0.4906347990036011,0.4978214055299759,0.49707894027233124,0.21259136497974396,0.21380265057086945,0.25240251421928406,0.25316277146339417,0.4766760766506195,0.47998932003974915,-180.5011901855469,-180.7075653076172,1.5577526092529297,-0.7073410749435426,0.3731045126914978,-0.09159088134765625,0.5815069675445557,0.5890631079673767,0.33775284545608353,0.379072848368669,0.8143215775489807,0.8118650913238525,0.7665349713908688,0.7693211463035774,0.3856225311756134,0.3806450664997101,-0.4528318643967921,-0.4798317067336242,0.8054012060165405,0.8244695067405701,0.7462836228041946,0.7985394386765226,0.7030477523803711,0.7039457559585571,0.8282884280469057,0.8525118508992923,0.7977326512336731,0.7905475497245789,0.7288741936678529,0.7199049582038197,0.2841756343841553,0.28921079635620117,-0.8622690149537199,-0.8566383908656063,0.790706992149353,0.7982575297355652,0.7129242894906241,0.7377774610294389
173,7.208333333333333,173,7.208333333333333,0.0,0.07614501236717762,0.07338893708473872,0.5816440698145399,0.5751185214998609,0.06391203670318235,0.06109188058123399,0.061942153607069984,0.059992625260724276,0.10537433206629467,0.11087601263557895,0.09497720419841174,0.10338067867501861,0.0814381726705616,0.08194217337430386,0.49091263115406036,0.49070870876312256,0.49019527435302734,0.49057528376579285,0.4979441314935684,0.49704132974147797,0.21318545937538147,0.2143201380968094,0.25321170687675476,0.25466910004615784,0.47585783898830414,0.48433202505111694,-181.04391479492193,-180.52940368652344,0.6783784031867981,-0.678054928779602,0.8297730684280396,0.5157896280288696,0.5816543102264404,0.5944567918777466,0.33794857929460853,0.39652780091778084,0.814199686050415,0.8143649101257324,0.7683349671093219,0.755658355918342,0.3850692808628082,0.3802126348018646,-0.4556900485242556,-0.47554899882009233,0.8127205967903137,0.8280296325683594,0.7649761274982021,0.786945728062307,0.7031250596046448,0.7030177712440491,0.8283413582804622,0.8384232194642127,0.7962521910667419,0.7933252453804016,0.7275782942717355,0.7074849792957811,0.2823835015296936,0.2834842801094055,-0.8702455274956377,-0.8692799418498831,0.7872727513313293,0.8042021989822388,0.7071870314300986,0.7323893486718999
174,7.25,174,7.25,0.0,0.11766940572038886,0.10578934892376646,0.6045891619571898,0.5930659907272531,0.06519492527677348,0.06200626961694503,0.06400846746166707,0.06071875366433462,0.10431710060143623,0.10878256394381898,0.095505998937568,0.10171480448029384,0.08171666742774808,0.08160181404074256,0.49106086790561676,0.49081873893737793,0.49031248688697815,0.49028030037879944,0.4990057945251465,0.4972686171531677,0.21394514292478561,0.21542038023471832,0.2541520595550537,0.25558769702911377,0.47624634206295013,0.48473916947841644,-181.16958618164068,-180.6806182861328,0.9564508199691772,0.4340776801109314,0.6449165940284729,0.4390573501586914,0.5826964378356934,0.589580774307251,0.33603729497804535,0.3739524373415723,0.8175638914108276,0.8190228343009949,0.7708887705882879,0.761719634024609,0.3853811025619507,0.3804616332054138,-0.4562294256521048,-0.473179889761122,0.8192164301872253,0.8329674005508423,0.7746211411860513,0.793494593492351,0.7047350406646729,0.7033970355987549,0.8260505193402745,0.8350170428194922,0.7950777411460876,0.7985485792160034,0.7201022793399828,0.7150657178108341,0.28274959325790405,0.2831490635871887,-0.8683186796213077,-0.8673887752924798,0.791318416595459,0.8017051815986633,0.7116115905763565,0.7222585491235968
175,7.291666666666667,175,7.291666666666667,0.0,0.12182032190717491,0.1186418727873803,0.6082464427327956,0.6012257340136616,0.06794234535952276,0.06488627449235584,0.0661304079854962,0.06390023947397715,0.10269493161510597,0.10444487640022207,0.0930653944495518,0.09757113347658013,0.0818837272858344,0.08191988867190031,0.4910978674888611,0.49102385342121124,0.4908117949962616,0.49078983068466187,0.49948742985725403,0.4975511431694031,0.21552100777626038,0.21670280396938324,0.25709834694862366,0.2572194039821625,0.47671468555927277,0.48494136333465576,-180.56481933593756,-180.88925170898438,-0.4923110604286194,-0.3825287222862244,0.5959916710853577,0.30204322934150696,0.5826435089111328,0.592428982257843,0.3334321275256113,0.38087514177524995,0.8255674839019775,0.8177300691604614,0.7868250498136681,0.7514653320084698,0.38361695408821106,0.3824135959148407,-0.4646075150806991,-0.4622051899111929,0.8193016052246094,0.8388453722000122,0.7726925838398583,0.7991454904131877,0.7047095894813538,0.7082383632659912,0.8228822483865346,0.845777323719618,0.7950815558433533,0.8016363382339478,0.7180651259222778,0.715124312489983,0.2840234935283661,0.2824919521808624,-0.8639488479084668,-0.8633280505206099,0.7908123731613159,0.801185667514801,0.7084361365823161,0.7141066594997779
176,7.333333333333333,176,7.333333333333333,0.0,0.11075940433787768,0.11617763717788251,0.5949582207849199,0.5965418467835,0.06941334584889103,0.06797515236034012,0.06755944831785525,0.0670751307745238,0.10014802901146155,0.10134263603599794,0.08937575617120035,0.09466649221092778,0.08210275492148303,0.08209593454617098,0.4912559390068054,0.49120551347732544,0.4908769130706787,0.49095967411994934,0.49955645203590393,0.49775566160678864,0.21681872755289078,0.21822921931743622,0.260469913482666,0.26131582260131836,0.4763482064008713,0.4844536781311035,-179.09437561035162,-179.28289794921875,-0.6808232069015503,-0.37523660063743597,0.6819616556167603,0.3478872776031494,0.5896227955818176,0.597944974899292,0.36098844688254417,0.40117293490494227,0.8288117051124573,0.8221274614334106,0.7946345533753637,0.760554072662885,0.3865590989589691,0.380493700504303,-0.4528965802668231,-0.46953435992572357,0.8262900710105896,0.8424164056777954,0.7889494892605308,0.8062515473800216,0.7066534757614136,0.710764467716217,0.830050716009787,0.8529189900527168,0.7959149479866028,0.796881377696991,0.7204682921830472,0.7036914651582561,0.2841838598251343,0.28091496229171753,-0.8632194280608235,-0.8682624612576942,0.7931382060050964,0.8015211820602417,0.7142080833036067,0.714141853311932
177,7.375,177,7.375,0.0,0.0997965130476145,0.10535173087004263,0.5942650082097193,0.5880778157196348,0.06951313481791918,0.06936198209850672,0.0677078680375574,0.06849544751247949,0.10163048073799859,0.10193837551358084,0.08901688325732598,0.09408683926768006,0.08216972646872936,0.08229311661378583,0.49137717485427856,0.4913128614425659,0.4908750057220459,0.4912353754043579,0.4994546175003052,0.4979669153690338,0.21905475854873657,0.21997276693582535,0.2640517055988312,0.2646807134151459,0.476613849401474,0.484816774725914,-178.27601623535162,-178.2825164794922,-0.7027489542961121,-1.292605996131897,0.9009358882904053,0.4535148143768311,0.5909639000892639,0.600377082824707,0.366258364044054,0.4101269734914899,0.8353193402290344,0.8279642462730408,0.8075751598257541,0.7729983855424772,0.382924884557724,0.38091790676116943,-0.4664006551308046,-0.46875185192233015,0.8319545984268188,0.8461702466011047,0.7999999150408815,0.8140105159752858,0.7078106999397278,0.7119736075401306,0.8339280533502793,0.8570429982457242,0.7982866168022156,0.7948620319366455,0.7242011711220988,0.6984299846023572,0.28080132603645325,0.27920272946357727,-0.8751417840758025,-0.8760955645597303,0.7926652431488037,0.802940845489502,0.7115454358666362,0.716628894258607
178,7.416666666666667,178,7.416666666666667,0.0,0.08541616412218132,0.08624075527996233,0.5815816511244103,0.5797725946739104,0.07323925239459282,0.07145287533279952,0.07226961513960756,0.07035636072143359,0.10193399103195469,0.10290993614155401,0.09062755883522386,0.09291300199966834,0.08253331058380087,0.08320919421331696,0.49178797006607056,0.49168579280376434,0.4908409118652344,0.4911392331123352,0.49930572509765625,0.49833613634109497,0.22086568176746368,0.2221987396478653,0.2672961950302124,0.2669648826122284,0.4761827290058136,0.48372605443000793,-177.540756225586,-178.61131286621094,0.05259163677692413,-0.3796270191669464,1.0083539485931396,0.7555202841758728,0.5918176770210266,0.6006719470024109,0.37090591234049425,0.4089313301163984,0.8366098403930664,0.8320757746696472,0.8128415398076385,0.7829981641473377,0.3852651119232178,0.3824259042739868,-0.4572202487779213,-0.46317437724876914,0.8358368873596191,0.8478798866271973,0.8110983625769135,0.8185216336085098,0.7092874050140381,0.7120692729949951,0.8418744275192439,0.8540722479943018,0.798797607421875,0.7990800142288208,0.7275667291709729,0.708832409594587,0.2801140248775482,0.2774932086467743,-0.8787999372767035,-0.8824827944903961,0.7924834489822388,0.8021148443222046,0.713326928372112,0.7156539060780173
179,7.458333333333333,179,7.458333333333333,0.0,0.05367841892170035,0.06009055337569802,0.5736326979308223,0.5681643753458507,0.07280478850415767,0.07342074502032442,0.07237628275932972,0.07286665578340806,0.10145133953102714,0.10270803227502122,0.08862641269145785,0.0912950181152944,0.08228036798815609,0.08294203470992814,0.4922439455986023,0.4920537918806076,0.49093639850616455,0.4914924204349518,0.49872730672359467,0.49867595732212067,0.22228461503982544,0.22334236651659012,0.26906314492225647,0.2698977291584015,0.4768194258213043,0.4833908677101135,-177.4048919677735,-177.29148864746094,0.9359993934631348,-0.8910845518112183,1.439220666885376,0.986793041229248,0.5915580987930298,0.6013231873512268,0.3719092056123809,0.40719530147397087,0.8365364074707031,0.8348891735076904,0.8106405786630118,0.784334442711122,0.3806232213973999,0.3816849887371063,-0.47316192799893264,-0.46409603755696793,0.8322592973709106,0.8457964062690735,0.8010018927427554,0.8086728767471214,0.7091352939605713,0.7123338580131531,0.8429602467387428,0.8475678618849358,0.7985535264015198,0.8002579212188721,0.725044217468084,0.7070581556954425,0.2797726094722748,0.2763993442058563,-0.8772010418582789,-0.8817577684544033,0.7930330634117126,0.802221417427063,0.7126035723475078,0.7114395074084255
180,7.5,180,7.5,0.0,0.04190061663547353,0.04664195086169408,0.5703248070911463,0.5719073201576618,0.07396611498546678,0.0765972729139469,0.07350379704318237,0.0761704717145144,0.10148151085659227,0.10231690130658433,0.08827484215738383,0.0922859854152496,0.08239375700381009,0.08278608871910462,0.4920947700738907,0.49216653406620026,0.49089351296424866,0.4914533793926239,0.49857258796691895,0.4984312802553177,0.22347119450569153,0.2242349535226822,0.27061280608177185,0.27105674147605896,0.4772346168756485,0.4829960912466049,-177.2438354492188,-177.22364807128906,0.762582540512085,-0.10261014103889465,1.3633437156677246,0.8912794589996338,0.592492938041687,0.6007047295570374,0.37497335842054136,0.40514005295424393,0.8379355669021606,0.8365018367767334,0.8100475686201386,0.7877007895095985,0.3801157772541046,0.3802890479564667,-0.47293422677204644,-0.46800172064681,0.8328361511230469,0.8465968370437622,0.7985955074238744,0.8101950198891171,0.7094832062721252,0.7121082544326782,0.8420524711577148,0.8464474526319008,0.7964985966682434,0.7988706231117249,0.7169901009686047,0.7038488660573239,0.27863654494285583,0.27567195892333984,-0.8780861296279754,-0.8824257307900485,0.7921946048736572,0.8008898496627808,0.7073243707056006,0.7083482168276494
181,7.541666666666667,181,7.541666666666667,0.0,0.038252251864679454,0.03970756084379052,0.5671770540756036,0.5692929060523156,0.07529699344117356,0.07883007210774133,0.07491069371868572,0.07826079838804019,0.10009747211715173,0.09967091945049783,0.08957706359399989,0.09006393969791714,0.08237768300671133,0.08267102393993148,0.49240635335445404,0.4922967851161957,0.49125850200653076,0.49179184436798096,0.49818122386932373,0.49825015664100647,0.2238440066576004,0.22425445169210434,0.2717834711074829,0.2717229723930359,0.47713029384613037,0.4827822148799896,-176.64102172851568,-176.97999572753906,0.9442187547683716,-0.4980472922325134,1.0757195949554443,0.7610061168670654,0.5943288207054138,0.6010385155677795,0.38420226127371715,0.40677594819739793,0.8381460309028625,0.8378737568855286,0.8114656553256498,0.7904496079607909,0.3778778612613678,0.38030296564102173,-0.4807278130061292,-0.4667657014586468,0.8328225016593933,0.8468608260154724,0.7994998025863324,0.8104552246261685,0.7101446390151978,0.7108325362205505,0.8469980122870447,0.8412761904792379,0.7953792810440063,0.7967966794967651,0.7153375779645477,0.6990102018438842,0.27830666303634644,0.27603182196617126,-0.8786106595322226,-0.8794096407220517,0.7911885380744934,0.7999813556671143,0.7059179221407275,0.7060994330210528
182,7.583333333333333,182,7.583333333333333,0.0,0.03843554102905063,0.039043227465825475,0.5594294305325184,0.5590229645642841,0.07566951234027156,0.0775176128248997,0.07495609596237902,0.07683122507802678,0.09990716643296338,0.10193188623753299,0.08929275603497885,0.09388960882744993,0.08240069861156496,0.08208291189424441,0.49235717952251434,0.49233850836753845,0.4913567304611206,0.4920644760131836,0.49831657111644745,0.4983603060245514,0.22411704063415527,0.22447514533996582,0.2716783881187439,0.272849440574646,0.4763719439506531,0.48313774168491364,-176.86917114257818,-175.94741821289062,0.6024263501167297,-1.0625255107879639,0.9833515286445618,0.4534147679805755,0.5946361422538757,0.6008946299552917,0.385087355222737,0.40572652974638046,0.8387840390205383,0.8383123874664307,0.8150231190610158,0.7905486783976623,0.37593501806259155,0.38025370240211487,-0.4892836215634622,-0.4673457686250573,0.8312181830406189,0.8476986885070801,0.7980083791475168,0.8114407324078816,0.7108084559440613,0.7119773626327515,0.8495463275870337,0.8452789636651318,0.7956850528717041,0.7971392273902893,0.7180984562331464,0.698905348362017,0.27773162722587585,0.2758755087852478,-0.8819025213845451,-0.8803684585291043,0.7885403037071228,0.7993922829627991,0.7020307371138307,0.7039202054931754
183,7.625,183,7.625,0.0,0.03912607263813916,0.039825471635288295,0.5495892071180742,0.5559913402125553,0.07385651877272222,0.07727055462232002,0.07318589827041347,0.07650036267069718,0.09843774297754841,0.10066865369521234,0.09041373172241807,0.0923992379360426,0.08253196371746867,0.08209878798660518,0.4923153221607208,0.4923846870660782,0.4913816452026367,0.49188119173049927,0.49871036410331726,0.49861806631088257,0.224429190158844,0.2250007465481758,0.2721691131591797,0.27314311265945435,0.4761773943901062,0.4831206053495407,-176.65498352050787,-176.30088806152344,0.9474288821220397,-0.48016253113746643,0.6881717443466187,0.5665919780731201,0.5948619842529297,0.6011510491371155,0.3844154307643056,0.40615498381195175,0.8410844802856445,0.8394265174865723,0.8206330985094797,0.7939145299178804,0.3746524155139923,0.3805118203163147,-0.49598529564552185,-0.46784399622226924,0.8322199583053589,0.8481587767601013,0.8006978316411086,0.8133715955463582,0.7107930779457092,0.7121224999427795,0.8479094545939869,0.8457365366274794,0.7965304851531982,0.7961347699165344,0.7204364060095638,0.6974526238685308,0.2783823609352112,0.2761215567588806,-0.8808742288015227,-0.8813560645988404,0.7876214981079102,0.7989431023597717,0.700401142442091,0.7037101005355708
184,7.666666666666667,184,7.666666666666667,0.0,0.042136002467111834,0.0398189004570895,0.5399668656610874,0.5508822658625635,0.07372523844278253,0.07786142889274955,0.0725246518335256,0.07707749963336762,0.09934130606685218,0.10000660900498619,0.09113036564521135,0.09159049879219583,0.0823578237507554,0.08195752650007446,0.49239780008792877,0.492368683218956,0.49144646525382996,0.49195653200149536,0.4991392344236374,0.49842214584350586,0.22472573071718216,0.22541403770446777,0.27256420254707336,0.2736913859844208,0.4763849377632141,0.4835340231657028,-176.53515625000006,-176.09861755371094,0.9881616830825806,-0.6698822379112244,0.6864182949066162,0.5002713799476624,0.5950794816017151,0.6019325852394104,0.3837644643240751,0.41005723013248774,0.8405596613883972,0.8392502069473267,0.8194005491621305,0.7926591420238586,0.37504658102989197,0.3797140121459961,-0.49637510905939713,-0.47026298779409714,0.8329245448112488,0.8481895923614502,0.8022213812782238,0.8125791959759998,0.7110518217086792,0.712493360042572,0.8476580260630754,0.8480444065146214,0.7969672083854675,0.7953528761863708,0.7213166415961335,0.6948406504157343,0.2779318690299988,0.2758374512195587,-0.8848374752178807,-0.8817706105785564,0.7880630493164062,0.7990997433662415,0.7012821022453876,0.7031899711930449
185,7.708333333333333,185,7.708333333333333,0.0,0.0440203785707632,0.03972404008115319,0.530757090743575,0.5378444381615128,0.07508886570926196,0.07892594627807126,0.0737068048581958,0.07746169572553538,0.09798290200249374,0.09892429528459754,0.08999279043179563,0.09143651731307853,0.08238068395376257,0.0819140402952056,0.49233604967594147,0.4923884868621826,0.491619348526001,0.4919489622116089,0.4990195333957672,0.49826759099960327,0.22523616254329681,0.2255782037973404,0.27238667011260986,0.2740914821624756,0.47634565830230713,0.4833932965993881,-176.89413452148443,-175.79580688476562,0.4627393484115601,-0.036829158663749695,0.5709409117698669,0.29558128118515015,0.5949363112449646,0.6017323732376099,0.38443914717141037,0.4100110097736486,0.8404808640480042,0.839418888092041,0.8209528613104619,0.7936092371486371,0.3750850260257721,0.3796083331108093,-0.4967355804355607,-0.47022379106795803,0.8332977890968323,0.8492444753646851,0.8047584207808901,0.8155112492688565,0.7108653783798218,0.7121312618255615,0.849088530741947,0.8475005478438028,0.7969538569450378,0.7949382066726685,0.7228200236676867,0.6944582758340815,0.2774786949157715,0.27612054347991943,-0.8879465398930872,-0.8803259747095092,0.788198709487915,0.7983195781707764,0.7030813023281753,0.7019956206745995
186,7.75,186,7.75,0.0,0.043723543939747866,0.03975982865185241,0.5283564230839587,0.5353070242791165,0.07658662828374149,0.07949440250695612,0.07514155717845851,0.0781353104405712,0.09788644413878685,0.09812277791136993,0.09062179058014745,0.09109470410725734,0.08232194481937077,0.08178590719339453,0.492264524102211,0.49223265051841736,0.4912469983100891,0.4919067323207855,0.49919117987155914,0.49813616275787354,0.22550170868635178,0.22586680203676224,0.27275821566581726,0.274073988199234,0.4768184572458267,0.48317015171051025,-176.8443450927735,-175.97804260253906,1.627379298210144,-0.32224026322364807,0.5953289270401001,0.2511632144451142,0.5957902669906616,0.6016084551811218,0.38647013161604127,0.41063790959548,0.8400211930274963,0.8395620584487915,0.8173622026249295,0.7955826974131704,0.37525567412376404,0.37939637899398804,-0.49583668590155133,-0.4712281466730703,0.833220362663269,0.8495779633522034,0.8020574123836886,0.8179414560982883,0.71051025390625,0.7117042541503906,0.8454377033032746,0.847561724514526,0.7975731492042542,0.7934697270393372,0.7218358665641211,0.6926896163429415,0.2770976424217224,0.2765525281429291,-0.8885437865834366,-0.8793720365898219,0.7892062067985535,0.7985079288482666,0.7030066513622003,0.703936522093255
187,7.791666666666667,187,7.791666666666667,0.0,0.04230873374850465,0.03961430206712859,0.5254037662381348,0.5290422780068363,0.07616631046867717,0.07949139081970584,0.07480056801387083,0.0779045019570018,0.09717676585989592,0.09714628933152913,0.09050219187659922,0.09172062421993916,0.08223077651833517,0.08193638406883255,0.49209941923618317,0.4923059791326523,0.49121221899986267,0.4921002686023712,0.49922922253608704,0.49808864295482635,0.2257031798362732,0.22590238600969315,0.27244725823402405,0.2740498483181,0.4764287620782852,0.4838954210281372,-177.13722229003912,-176.00509643554688,1.3639289140701294,-0.2601068615913391,0.5329051613807678,0.000498877139762044,0.5952726006507874,0.6014276146888733,0.3845945610440956,0.4101668029875292,0.8398268818855286,0.8385596871376038,0.8185418974444127,0.7918379868619482,0.37393876910209656,0.37951600551605225,-0.5017110797989097,-0.47063134850254984,0.8329949378967285,0.8491755127906799,0.8031531761191824,0.8155393146168418,0.7105921506881714,0.7109901905059814,0.8463783153958385,0.845035959278699,0.7983291745185852,0.7931896448135376,0.7250697238796509,0.6905429695436782,0.27707791328430176,0.27666404843330383,-0.889579135430102,-0.878865122360998,0.7887120842933655,0.7987490892410278,0.7034075554429484,0.7029552131898312
188,7.833333333333333,188,7.833333333333333,0.0,0.04173001216935907,0.03844695241694598,0.5258802107103719,0.527126617157589,0.07772505720135293,0.08046775471244544,0.07627631164899308,0.07868351146748448,0.09724055939897357,0.09837352721997686,0.09232891973410176,0.09309467953391846,0.08190703147432571,0.08156832199616941,0.49202482402324677,0.49218910932540894,0.4911162853240967,0.4921015501022339,0.49929460883140564,0.49819158017635345,0.22552108019590378,0.22611740976572037,0.2728727459907532,0.2741468548774719,0.47620370984077454,0.48372335731983185,-176.69990539550787,-176.04580688476562,1.8721492290496826,-0.5562753081321716,0.3535587191581726,-0.058599002659320824,0.5953502655029297,0.6018845438957214,0.3845109662394384,0.4113606916659124,0.8406578302383423,0.8388630747795105,0.8206371555562533,0.7924927058386481,0.37411803007125854,0.3792158365249634,-0.5010820696817964,-0.47198905735163815,0.8332902789115906,0.84954434633255,0.8040477248822228,0.8163279159790817,0.7099659442901611,0.7108711004257202,0.8433177343548703,0.8437216124878949,0.7982110977172852,0.791866660118103,0.7250603356241884,0.6876204147692536,0.27698707580566406,0.27654868364334106,-0.8898974541222874,-0.8792802515261346,0.7890342473983765,0.7984820008277893,0.7043969271971973,0.7023825182494398
189,7.875,189,7.875,0.0,0.03871112961315378,0.0363474777928951,0.5141398009595858,0.5209909434153107,0.07661690218646733,0.08027260812145473,0.07450765734686539,0.07789513562899336,0.09926084286625293,0.0989691334071523,0.09551846226366828,0.09390123310939857,0.08175891921910668,0.08154984814169937,0.4919011890888214,0.49219954013824463,0.49104002118110657,0.49219366908073425,0.4993245601654053,0.49787791073322296,0.2255794182419777,0.22609079629182816,0.273057758808136,0.2743552625179291,0.47635704278945923,0.4840793311595917,-176.31600952148443,-175.7183074951172,2.344183206558228,-0.3865436911582947,0.18958120048046112,-0.1808585524559021,0.595129668712616,0.6017452478408813,0.38332935385521855,0.4119412193162486,0.8415582180023193,0.8380202651023865,0.821936190172431,0.7896044220865239,0.3739950656890869,0.3792400360107422,-0.5014604634880613,-0.47052164935750185,0.833383321762085,0.8495590686798096,0.8035374457904153,0.815346260502404,0.7102546095848083,0.7107582688331604,0.8439600014935024,0.8442903873936127,0.79817795753479,0.7917409539222717,0.7243028624686346,0.6863602215588647,0.27645325660705566,0.27644652128219604,-0.8917385939163446,-0.8782040543775673,0.7886173725128174,0.79852294921875,0.7027854321805211,0.7014901287357914
190,7.916666666666667,190,7.916666666666667,0.0,0.03892153555169513,0.034381483193506666,0.5097658605783225,0.5229093730309232,0.07663176696628711,0.07890561355307175,0.07421667374054895,0.0765814540193352,0.0988017686457013,0.10082257966485231,0.09505566059068372,0.09600750034606735,0.08181405473791037,0.08137188150256179,0.4919116050004959,0.49210046231746674,0.49116051197052,0.49210044741630554,0.499363511800766,0.4977308660745621,0.22559397667646408,0.22609338909387589,0.2731052339076996,0.2744225859642029,0.4769112318754196,0.4842817783355713,-176.21850585937506,-175.52708435058594,2.0805821418762207,-0.4409720301628113,0.09748703241348267,-0.1849517971277237,0.5951874256134033,0.6017093658447266,0.3834915920319383,0.4122331932629195,0.8410875797271729,0.8385037779808044,0.8198156498413706,0.7899461170124734,0.37386035919189453,0.3792356848716736,-0.502269234098598,-0.469786033088653,0.8332024216651917,0.8498402833938599,0.8020649748762942,0.8152275180561778,0.7106280326843262,0.710171639919281,0.845490068501214,0.8422427595592501,0.799476683139801,0.7910125255584717,0.7261432726332139,0.684036460128784,0.276547908782959,0.2762780785560608,-0.891718016213884,-0.8779717918369248,0.7883670330047607,0.7990182042121887,0.7011337817678821,0.7018898254558592
191,7.958333333333333,191,7.958333333333333,0.0,0.027333925303166,0.03429234698721383,0.5444036225554366,0.5285601318271698,0.07549130425147096,0.07783298692324796,0.07500048209718442,0.07622053421269274,0.10043112942754348,0.10154950905022479,0.09455213487658533,0.09574550541281908,0.08204691765430511,0.0815574264390183,0.4918394386768341,0.4919506907463074,0.49016451835632324,0.4914349317550659,0.5003778040409088,0.4979293942451477,0.22526215761899948,0.22612309455871582,0.27364662289619446,0.27455565333366394,0.47652822732925415,0.48394879698753357,-175.9874877929688,-175.42410278320312,3.487996816635132,0.6384843587875366,0.9347190856933594,0.24419346451759338,0.5954062938690186,0.6014719605445862,0.3803550370343497,0.41082097802881373,0.840528130531311,0.8391473293304443,0.8195192122252891,0.7927338020249712,0.3750545084476471,0.37896353006362915,-0.5016111149705091,-0.47201527276960603,0.833261251449585,0.8497759103775024,0.8031583644118578,0.8164547205996876,0.7105574011802673,0.7101935744285583,0.8412515930581277,0.842190619954781,0.8007485866546631,0.7904887199401855,0.7299584728577968,0.6841372823018861,0.27666744589805603,0.2763415575027466,-0.895408963252015,-0.8791836542523093,0.789003849029541,0.798721432685852,0.7035160533910261,0.7025110904164733
192,8.0,192,8.0,0.0,0.04214517037821228,0.03783271575416244,0.5522107952861235,0.5672260678329318,0.07147399527284115,0.07436540935978121,0.0705042832190832,0.07393626853082114,0.10103564600721998,0.10117682816770503,0.09284765301830113,0.09352000917317002,0.0822682248619879,0.08190638666597198,0.4918486177921295,0.49189402163028717,0.4903790056705475,0.4911345839500427,0.49999144673347473,0.49756570160388947,0.22531530261039734,0.2261291891336441,0.27118760347366333,0.273727148771286,0.47719748318195343,0.4837171137332916,-177.92732238769537,-176.32812500000003,2.3103723526000977,0.2893716096878052,0.9305198788642884,0.670393168926239,0.596355140209198,0.6007776260375977,0.38533959411413893,0.41013235495788636,0.8406040668487549,0.8386390805244446,0.8174204824835358,0.7933221172027188,0.37550467252731323,0.37893417477607727,-0.4977983026072537,-0.4714050991403671,0.8347932696342468,0.8505017161369324,0.8043500955500613,0.8198374982730623,0.7106433510780334,0.7094507217407227,0.842355833319655,0.8419657201996461,0.8020224571228027,0.7895592451095581,0.7306378003456273,0.6836187948208446,0.27556490898132324,0.2766760587692261,-0.8974379026644759,-0.8777473135846271,0.7917871475219727,0.7993358969688416,0.7076152352950448,0.7054715818497312
193,8.041666666666666,193,8.041666666666666,0.0,0.04785392880523804,0.04264109712397208,0.5666215382611787,0.5610554603515517,0.0718023628874564,0.0737448956152741,0.07122292209634105,0.0730764664768618,0.10054801106451075,0.10356167402943604,0.09366357422306552,0.09665970721283894,0.08221755131274536,0.08232933840564628,0.491737961769104,0.49183444678783417,0.4906644821166992,0.4915178716182709,0.4995889216661453,0.4975317120552063,0.22506321221590042,0.2261432707309723,0.27083420753479004,0.27260926365852356,0.47856733202934265,0.4836350530385971,-177.9163208007813,-177.00462341308594,1.2475124597549438,-0.6817337274551392,0.7696205377578736,0.4362328350543976,0.5974529981613159,0.6012088656425476,0.39146963385113387,0.41192210970880777,0.8388345241546631,0.8389938473701477,0.8106287807326288,0.7941849124888405,0.3756260573863983,0.37871888279914856,-0.4958683393198434,-0.4720580146560206,0.8340051174163818,0.8511127233505249,0.7997622456123477,0.821269168214222,0.7113918662071228,0.7093818783760071,0.8472406230915605,0.8417068219326671,0.8025997877120972,0.7882074117660522,0.7290978479565244,0.6806832303601378,0.27588921785354614,0.2765675485134125,-0.8948292803687449,-0.8779178562179492,0.7945582866668701,0.7994673848152161,0.7110038545815046,0.7058479395310427
194,8.083333333333334,194,8.083333333333334,0.0,0.050687505546039256,0.041198226371819066,0.5772634928244572,0.5764417207436695,0.07220855415593609,0.07488207580547106,0.07173036984924266,0.07368617085239905,0.10127255147531981,0.10107585880845385,0.09326284266271041,0.09359826020403256,0.0823015610373099,0.08226543123022814,0.4919743686914444,0.4916919767856598,0.4906367063522339,0.49122267961502075,0.4993506968021393,0.4974910169839859,0.22501672059297562,0.22611164301633835,0.2712579667568207,0.27223092317581177,0.4794006198644638,0.483462855219841,-177.65237426757818,-177.35267639160156,1.4380364418029785,-0.23827296495437622,1.013075351715088,0.49532863497734075,0.5969315767288208,0.601327121257782,0.38948587371445725,0.4132958559549062,0.8395825028419495,0.8385072350502014,0.8086700741458566,0.7949097685072875,0.3752661943435669,0.3791986107826233,-0.49527285356325373,-0.47083585825836266,0.8348398208618164,0.8509647250175476,0.7980219400508828,0.8228008746018451,0.7113507390022278,0.7098214626312256,0.8461803349779581,0.8451327589069461,0.8034788370132446,0.7874879240989685,0.7276111550206519,0.6806825029552364,0.2768169045448303,0.27649223804473877,-0.8882249122312977,-0.8796350763106887,0.7959793210029602,0.7990818023681641,0.7107734559171858,0.7066400666138172
195,8.125,195,8.125,0.0,0.0632922363295876,0.06137468866932679,0.5844858363434169,0.5842366259805669,0.07384788402078186,0.07698583714828178,0.07272203647434886,0.07577890768440976,0.10042929057777986,0.10152765315715732,0.08982966459060406,0.09596740947730299,0.0823424521209703,0.08219482755477987,0.491931676864624,0.4915681630373001,0.49059760570526123,0.4913638234138489,0.4990536868572235,0.49749667942523956,0.2248777374625206,0.2261597290635109,0.27206483483314514,0.2732618749141693,0.47983406484127045,0.48335328698158264,-176.90609741210943,-176.47155761718753,1.0413687229156494,-0.8402316570281982,1.1412074565887451,0.2424786388874054,0.5971688032150269,0.6012792587280273,0.39003468308032446,0.41269703328201335,0.8393691778182983,0.8385396003723145,0.8039538920369284,0.7944848795020365,0.3748687505722046,0.37902000546455383,-0.49366941675573284,-0.47112889451362827,0.8365015387535095,0.8510599136352539,0.7975415848550108,0.8224904619217946,0.7118382453918457,0.7094592452049255,0.8458773829486208,0.842880593754623,0.8037876486778259,0.7871178984642029,0.7243902894718127,0.6794642182207741,0.2769409418106079,0.2763528823852539,-0.8829595004141029,-0.8793902558622401,0.7990760207176208,0.7992738485336304,0.7138546519228902,0.7066547888087732
196,8.166666666666666,196,8.166666666666666,0.0,0.06831682176208924,0.07304597984921783,0.5890288030096459,0.5852374632937583,0.07511661227578358,0.07602219572815613,0.07391394463082969,0.07525360468746632,0.10163931995041292,0.10219405512995233,0.09090624159807961,0.0980654748545303,0.08244552518647898,0.08225413685584708,0.49192014336586,0.4916047006845474,0.4909563958644867,0.4913223087787628,0.4989957809448242,0.49731558561325073,0.22505655139684677,0.22627336531877518,0.27233830094337463,0.27348315715789795,0.4797915518283844,0.4832466393709183,-176.8744506835938,-176.31353759765628,0.1555641144514084,-0.529024064540863,1.0167492628097534,0.17959143221378326,0.596837043762207,0.6015585660934448,0.3890713280136789,0.4147106568645939,0.8394089341163635,0.8387393355369568,0.8043968849846543,0.7955208828727479,0.37464994192123413,0.37879055738449097,-0.4944682777876829,-0.4715290380725689,0.8388197422027588,0.8513164520263672,0.8030789727721066,0.8236659303563001,0.7124068140983582,0.709244966506958,0.848641071168441,0.8431202979277327,0.8028876185417175,0.7869495749473572,0.7227055265278449,0.6796258546138171,0.2784658968448639,0.27613240480422974,-0.8769495855099532,-0.87993476182444,0.8018592596054077,0.7995408177375793,0.7204052797495862,0.7078025139065983
197,8.208333333333334,197,8.208333333333334,0.0,0.06665770985839936,0.06966146939846755,0.5813378716421285,0.5834794391403128,0.06361116213409865,0.06723413246620126,0.06395707475827711,0.06698337136516941,0.12172858978157339,0.11295053150965949,0.1165197890836162,0.10944888305026364,0.08277144364604966,0.08290587125252159,0.49203257262706757,0.4921016991138458,0.49110618233680725,0.49098148941993713,0.49916549026966095,0.49744148552417755,0.22568360716104507,0.22593768686056137,0.2720199525356293,0.27263960242271423,0.47935158014297485,0.4830026179552078,-177.41529846191412,-177.0247344970703,0.43124762177467346,1.393353819847107,0.7547012567520142,0.5363731980323792,0.5953457355499268,0.6015884280204773,0.3822149701109969,0.41428478539295527,0.8388846516609192,0.8387640118598938,0.8036800436860823,0.7960380081316608,0.37672460079193115,0.37886399030685425,-0.4865733163366813,-0.4716878957852107,0.8397301435470581,0.8506056666374207,0.8055700087819759,0.8225344392891426,0.7130028605461121,0.7098512649536133,0.8497778712319174,0.8449421344214234,0.8021475672721863,0.7881865501403809,0.7215600276837086,0.6828678256066196,0.27949050068855286,0.2761293053627014,-0.8729762471722899,-0.8803548799937332,0.8027617335319519,0.7998483777046204,0.7229329004611558,0.7089618823099707
198,8.25,198,8.25,0.0,0.06029265978411609,0.07540485952194843,0.5874646701620371,0.5934949809593384,0.050259501904020384,0.04250158125119476,0.05030116024873635,0.04220795945465423,0.1566378522482743,0.16112096878835336,0.16079505675328373,0.1649866312194028,0.08188537106979601,0.08241262175015615,0.491965115070343,0.4922573119401932,0.49042215943336487,0.4912983179092407,0.4994077533483505,0.4975312650203705,0.22754689306020737,0.2284151390194893,0.2702217400074005,0.27085059881210327,0.4796879142522812,0.48209740221500397,-180.0980072021484,-180.14657592773438,3.049119710922241,1.9134186506271365,0.1102498397231102,-0.1713387370109558,0.5954015851020813,0.6017094254493713,0.3811682049293414,0.4148063487584264,0.8391072750091553,0.8383934497833252,0.8027814590291511,0.7979988065891107,0.3766477704048157,0.3791424036026001,-0.48745009424967745,-0.4713891197170918,0.8395450115203857,0.8512919545173645,0.8037591658349724,0.8268876799145259,0.7133648991584778,0.7100070714950562,0.8495718913427164,0.8460152600153921,0.8012765049934387,0.7880644202232361,0.7182845062621671,0.6852765190424382,0.278840571641922,0.27626341581344604,-0.8758187394066156,-0.8810225506881191,0.7996677160263062,0.8001484870910645,0.7146911941167529,0.7123412900526217
199,8.291666666666666,199,8.291666666666666,0.0,0.06796334802908344,0.058015042509395445,0.5989149740375346,0.5986071168076792,0.045473967739406235,0.03975020031988153,0.043983264835854484,0.03802732341496205,0.15266589239081094,0.1601768841553729,0.15418157007333927,0.16064194132959528,0.0824432621273838,0.08177208480411614,0.4921579211950302,0.49245160818099976,0.49086499214172363,0.49106141924858093,0.500068873167038,0.4973583221435547,0.2236240804195404,0.2250993326306343,0.26372459530830383,0.2647503912448883,0.47736717760562897,0.48155921697616577,-182.0676727294922,-181.97344970703125,2.912001132965088,3.116999626159668,-0.003244532737880945,0.17363674938678741,0.5955900549888611,0.6014928221702576,0.37907031045756157,0.4140756011869573,0.8385587334632874,0.8394637703895569,0.8062694403353956,0.8005247346927372,0.3772698640823364,0.37903091311454773,-0.48732079743787127,-0.4705116269633699,0.8392682671546936,0.8519213795661926,0.8078532961121754,0.8283886559139726,0.7119135856628418,0.7091224789619446,0.8406935446461433,0.8420491817979513,0.7989736795425415,0.7881282567977905,0.7179057486800346,0.6857026459363035,0.27773815393447876,0.2762379050254822,-0.8823066586523796,-0.8792529817629897,0.7946138381958008,0.8001843094825745,0.7081734977855174,0.7126684061784788
200,8.333333333333334,200,8.333333333333334,0.0,0.06818724122960754,0.04762148737667497,0.602232176708037,0.5793506057607045,0.051642771166314605,0.049118097793685665,0.0501656449702884,0.04734060246186632,0.1483932185771313,0.15223631321407394,0.14819519608665102,0.1518021205671253,0.08215871851979159,0.08310618203017901,0.4923294335603714,0.4926801919937134,0.49080175161361694,0.4911012351512909,0.5005498826503754,0.4985765069723129,0.22023556381464005,0.2205411121249199,0.25974175333976746,0.26029402017593384,0.4753187596797943,0.4808557331562042,-182.30943298339844,-182.1004180908203,3.0018513202667236,3.0652034282684326,0.2327966094017029,0.24576923251152039,0.5933347940444946,0.6008921265602112,0.3696071139472696,0.40568885742732835,0.8408743143081665,0.8395705223083496,0.8191036826000473,0.8000607225563852,0.3765772581100464,0.37930208444595337,-0.49384283798242223,-0.4729317418974659,0.8367853760719299,0.8520309925079346,0.8099415612074989,0.8278519736916817,0.7095757126808167,0.7093490362167358,0.8326508331707101,0.835728375693205,0.7974565029144287,0.7920772433280945,0.7218169945638079,0.6941339298882451,0.27896589040756226,0.27613598108291626,-0.8826760584153677,-0.8819928292187856,0.7880306839942932,0.79873126745224,0.7006964756953334,0.7089747547152736
201,8.375,201,8.375,0.0,0.07058933797136033,0.04750192312368445,0.6019400068109059,0.5919661775695666,0.05817067099436486,0.054766695108187054,0.05629268439176084,0.05333212055788953,0.1403409856072768,0.14427626409934927,0.13973501695804172,0.14433775815938762,0.0829796016502407,0.08232778112961199,0.49223601818084717,0.49238379299640656,0.49099457263946533,0.49140092730522156,0.5013333559036255,0.4983118623495102,0.2168768271803856,0.21700921654701233,0.25567469000816345,0.2561766803264618,0.47311370074748993,0.4801092892885208,-182.99281311035156,-182.3787841796875,2.2462422847747803,2.1248950958251953,0.13545882701873782,0.09698490053415298,0.5922431349754333,0.5997646450996399,0.36224226267798393,0.40086429574913096,0.842872679233551,0.8398869633674622,0.828761887210197,0.7996319693800965,0.37506431341171265,0.37992438673973083,-0.5031360116090908,-0.4677773319704328,0.834983766078949,0.8535209894180298,0.8110800162227374,0.8299345809284796,0.7092317342758179,0.7095460891723633,0.8283990980677781,0.8346371314624875,0.797566294670105,0.7933727502822876,0.7272141034965746,0.69625075788974,0.28000688552856445,0.2756759226322174,-0.8819051397745249,-0.8796880357932267,0.7828320264816284,0.8004038333892822,0.694189347855642,0.7118778499435054
202,8.416666666666666,202,8.416666666666666,0.0,0.06143951752499217,0.05222476359805566,0.6044641960106526,0.5977245172076566,0.0610268031120832,0.0586627480745756,0.05877133394947475,0.0570146077802132,0.1357797895471951,0.1414321931077902,0.13458953825833078,0.14304258153505234,0.08230840427186283,0.08233623890107439,0.49220891296863556,0.49228325486183167,0.4913318455219269,0.4917904734611511,0.5007405579090118,0.4976690411567688,0.2140491008758545,0.2147611528635025,0.2518298625946045,0.2533477544784546,0.47366973757743835,0.47863051295280457,-183.52072143554688,-182.7112579345703,1.8450195789337156,1.205644130706787,-0.003910845145583153,-0.2840176224708557,0.5932936072349548,0.5973053574562073,0.3694258603346072,0.39051527689130167,0.8443714380264282,0.8416389226913452,0.8323072284754458,0.8003124602127665,0.37492871284484863,0.37944743037223816,-0.5021784743086233,-0.4633586104418923,0.836364209651947,0.8538711071014404,0.8143292314820075,0.8272803467310721,0.7093001008033752,0.7091603875160217,0.8324662355899921,0.8289206661894957,0.796276330947876,0.7951054573059082,0.7243230858958574,0.6977216905067203,0.2792654037475586,0.2759252190589905,-0.8840189487511627,-0.8691042915035736,0.784454882144928,0.8002389073371887,0.6977813212429598,0.7090392355379015
203,8.458333333333334,203,8.458333333333334,0.0,0.05749138089547512,0.05235058561626111,0.5825171053694793,0.5813059235490882,0.06431167119195288,0.062300946199006245,0.06227961574366958,0.060302391528791126,0.13321364278385936,0.13759625729674982,0.13270705330002047,0.13906783987841612,0.0834236736827785,0.08290299313247804,0.4920760244131088,0.49207542836666107,0.49162209033966064,0.49222373962402344,0.5005220621824265,0.497291699051857,0.2119881436228752,0.21315551549196243,0.24997200071811676,0.25306642055511475,0.473472535610199,0.47651658952236176,-183.6368408203125,-181.73709106445312,1.0265569686889648,0.012113506905734539,-0.08669041842222214,-0.3651260137557984,0.5949083566665649,0.5965911149978638,0.37682783483090887,0.3891630143126719,0.8427952527999878,0.8410811424255371,0.8293972430651424,0.8036775384764422,0.37517276406288147,0.3791213929653168,-0.5004445281608132,-0.46311966773192703,0.8408173322677612,0.8538573384284973,0.8249553775635744,0.8318424866947586,0.7096410989761353,0.7091723084449768,0.8348868263934338,0.830378465374531,0.7953352332115173,0.7947287559509277,0.722815092630386,0.701494340555067,0.27848753333091736,0.2759286165237427,-0.8864506358905273,-0.8675410991442998,0.7881792783737183,0.8003090023994446,0.7067447862622044,0.7137959170361656
204,8.5,204,8.5,0.0,0.05097222623199881,0.04489526136844965,0.5830012899316607,0.5755047631185977,0.06632342676663282,0.06262729166728513,0.0640025144686624,0.06030533990773471,0.13642350963290628,0.14159121743242353,0.13799596843050327,0.14335989496018575,0.08260588681105613,0.08268271764546606,0.4920616000890732,0.49210311472415924,0.49132513999938965,0.4918149709701538,0.5007400065660477,0.49765290319919586,0.21151339262723923,0.2123185396194458,0.2530360221862793,0.2535172700881958,0.47353048622608185,0.47508078813552856,-180.84811401367188,-180.7378692626953,1.5369057655334473,0.7581101655960083,-0.037130437791347504,-0.23064890503883362,0.595803439617157,0.5971295833587646,0.3785864294289472,0.38915987661068435,0.8420447707176208,0.8413724899291992,0.8255215255572204,0.8060396034552909,0.37661346793174744,0.37823036313056946,-0.49432911847049715,-0.467189504948218,0.845300018787384,0.8558374047279358,0.8328137187386214,0.837870229514507,0.7097628116607666,0.7092857956886292,0.8324252018911175,0.8279229885420323,0.7950904965400696,0.7933183908462524,0.7203376407480709,0.7002946281267535,0.2784501016139984,0.27595093846321106,-0.8852609117182976,-0.8673139182229032,0.791229784488678,0.7985435724258423,0.7116891268735019,0.7117928500842001
205,8.541666666666666,205,8.541666666666666,0.0,0.04579256154896692,0.04541932281366914,0.5797156395191533,0.5821432099963948,0.06738198451297807,0.0661159725201253,0.06530090426967328,0.06388822000842408,0.13330681177659212,0.13970284986089979,0.13479593349334004,0.14079934904469055,0.08280463320741872,0.0827412562361339,0.4919865131378174,0.4920421689748764,0.4910503327846527,0.491652250289917,0.5005410760641098,0.49774229526519775,0.2111557498574257,0.21182768791913986,0.25314947962760925,0.253437340259552,0.4739273488521576,0.47525328397750854,-180.4862518310547,-180.67872619628906,1.8956189155578613,0.7945164442062378,0.03021388128399849,-0.08307017385959625,0.5959277153015137,0.5983030796051025,0.3783526697937276,0.39220371925847086,0.8417069315910339,0.8416287899017334,0.820577109407169,0.8037704093021972,0.37685009837150574,0.3785168528556824,-0.490622292739736,-0.46499897798323825,0.8483085036277771,0.856519341468811,0.8353063090520009,0.8364379444792919,0.7103553414344788,0.7100379467010498,0.8322317265640705,0.8279882125233227,0.7947102785110474,0.7932136058807373,0.7157197993602227,0.6975550874595692,0.27853551506996155,0.275886595249176,-0.8805887007103276,-0.865273985839893,0.7945234775543213,0.797517716884613,0.7153030155138675,0.7069976320820331
206,8.583333333333334,206,8.583333333333334,0.0,0.04396051978489449,0.045144086329832425,0.5793992850478031,0.5790516020513471,0.06943945304888616,0.06732383581675781,0.06709274342992128,0.06577657582611167,0.13261048888847432,0.13749320356974234,0.1311164740072045,0.13777739870550798,0.08284761128277252,0.08317160981683397,0.49189774692058563,0.4920457750558853,0.4907565712928772,0.4917139708995819,0.5000845491886139,0.49764350056648254,0.21159686148166656,0.2116793394088745,0.25406262278556824,0.2545614540576935,0.47483883798122406,0.4754004627466202,-180.28594970703125,-179.85714721679688,2.0293374061584473,0.471605658531189,0.33204302191734314,0.0019142391392961147,0.5955467820167542,0.5980311036109924,0.3766293977901379,0.39228583569280556,0.8425959944725037,0.8398788571357727,0.8161430510987467,0.8011555739878911,0.37538981437683105,0.37934330105781555,-0.4919610770503453,-0.4622831028877828,0.8492463231086731,0.8561425805091858,0.8309017564240675,0.8369046686804429,0.7104253768920898,0.7108549475669861,0.829862626524348,0.8331689185643829,0.7963818907737732,0.7918272018432617,0.713582655112625,0.6955338085566131,0.279476523399353,0.2765117883682251,-0.870370045191192,-0.8641190334967213,0.7967278957366943,0.796357274055481,0.7143505247275307,0.7054913057889788
207,8.625,207,8.625,0.0,0.04172216056321644,0.04249240485285042,0.5780273819024867,0.5725323298844869,0.06752845510713028,0.066721843001002,0.06630639175389215,0.0660122066315345,0.13027824077129152,0.13262312071962765,0.12825324720413936,0.13433105548780494,0.08333086948357192,0.08398909229467294,0.491885781288147,0.4918232858181,0.4907771348953247,0.4914008378982544,0.5004679560661316,0.49720656871795654,0.21288058161735535,0.21346727013587952,0.25659745931625366,0.25707489252090454,0.4737636148929596,0.475841224193573,-179.22622680664062,-179.50442504882812,1.5531288385391235,0.39384037256240845,0.5063576698303223,0.06157950684428215,0.5955064296722412,0.5991989970207214,0.37545583348547523,0.3977043841229681,0.8423162698745728,0.8395280838012695,0.8189954230379424,0.7977054941034338,0.375069260597229,0.3800255358219147,-0.4953959163990764,-0.45693010054110295,0.8493543267250061,0.8555144667625427,0.8346353492999669,0.8327697951144877,0.7108341455459595,0.7107182145118713,0.8310656727891166,0.8325570731729334,0.796233594417572,0.790256917476654,0.7165907875795181,0.6896348310048925,0.2795230746269226,0.2764543294906616,-0.8728575014674361,-0.8607906960018664,0.7964955568313599,0.7979933023452759,0.7171729188299657,0.7066037056044732
208,8.666666666666666,208,8.666666666666666,0.0,0.047884094249065125,0.03892104046876793,0.5765653531181446,0.5724626721407303,0.06986783501361034,0.06610453988360757,0.06962338770432731,0.0665750842854703,0.1276816416394961,0.12859185838277068,0.12559863777474653,0.13331653018479403,0.08349293625875068,0.08433223848303269,0.492033988237381,0.492078959941864,0.4910995066165924,0.4912911355495453,0.5008217543363571,0.4973074793815613,0.2151901125907898,0.21576807647943497,0.2597390413284302,0.2607482671737671,0.473694771528244,0.47615981101989746,-178.91207885742188,-178.71629333496094,0.963741660118103,1.2545053958892822,0.5713440775871277,-0.0001118280561058782,0.5949714183807373,0.6006017327308655,0.37036975523230115,0.4024630860827409,0.843750536441803,0.8386176228523254,0.8188539360311585,0.7943828935019422,0.37387770414352417,0.37967756390571594,-0.49937763745980035,-0.45831880538376124,0.848221480846405,0.8551023006439209,0.8287471758360837,0.830511639013955,0.7104500532150269,0.7110785245895386,0.8246442781660773,0.8329113361088563,0.7958803176879883,0.7891142964363098,0.7129274223491189,0.6858886235687942,0.2789878249168396,0.2759351134300232,-0.8726592811058518,-0.8625281918928168,0.795228898525238,0.7982190847396851,0.7114859716381733,0.7058431888755606
209,8.708333333333334,209,8.708333333333334,0.0,0.04605055776710247,0.044286709892609154,0.5755139024180846,0.5780052159036249,0.07041569952751064,0.0727246951143679,0.06887526276805174,0.07242659086966004,0.12301220125969652,0.1187225440054314,0.12210598964665063,0.12226341234307792,0.08451166170883803,0.08450389872911485,0.4916324019432068,0.4917830377817154,0.4906994104385376,0.49136877059936523,0.5001106709241867,0.49667347967624664,0.21851267665624619,0.21866942197084427,0.26471129059791565,0.26578059792518616,0.4758729040622711,0.4763961583375931,-178.4393310546875,-177.3638916015625,1.3595056533813477,0.4478965699672699,0.1753985732793808,-0.1003974974155426,0.5965569615364075,0.6017834544181824,0.3788431769867041,0.41033257993493355,0.8415145874023438,0.8377114534378052,0.8078898788409621,0.7934159782122451,0.37216323614120483,0.37912246584892273,-0.5025803726902699,-0.45890041260269226,0.8474340438842773,0.8553075790405273,0.8209689920763802,0.8320554916708636,0.7115297317504883,0.7115843892097473,0.8304587783579568,0.8389779198554149,0.7967813014984131,0.7887665629386902,0.7090511233715199,0.6859373890119848,0.2783847451210022,0.2757754325866699,-0.870944373478611,-0.8623507501300078,0.7966561913490295,0.79756098985672,0.7087746909295074,0.7052491616676356
210,8.75,210,8.75,0.0,0.039033609545835415,0.04060015394803216,0.5724300532768087,0.5762391185420478,0.06903369416287963,0.07419805971304054,0.06783746969034248,0.07352895736102752,0.12447051922769509,0.11835323814631654,0.12380485997016288,0.11872241752968017,0.08531000409685137,0.08570815678890466,0.49189700186252594,0.4916784316301346,0.4905256927013397,0.4910547137260437,0.4994553178548813,0.4969797134399414,0.22259163111448288,0.22260958701372147,0.2688107490539551,0.27027150988578796,0.4752071052789688,0.4784523546695709,-178.89881896972656,-177.74789428710938,2.0944697856903076,0.5209880471229553,0.3338693380355835,0.16840223968029022,0.5979169607162476,0.6025291085243225,0.38690829595966864,0.4117931114290985,0.8424577713012695,0.8383669257164001,0.8117570756888969,0.7898512045438607,0.3737676441669464,0.37936505675315857,-0.4938938883866087,-0.45886483184480603,0.848542332649231,0.8553721904754639,0.8252061615140289,0.827170140574895,0.7111369967460632,0.7125579714775085,0.831810188064665,0.8410625334497186,0.7948201298713684,0.7906761169433594,0.7064606226730579,0.6851912496954197,0.2771506905555725,0.27507299184799194,-0.8735534166683442,-0.8657525631324219,0.7976531386375427,0.7970436811447144,0.7127225988223156,0.6991651997909167
211,8.791666666666666,211,8.791666666666666,0.0,0.027507143007375393,0.028876987747803468,0.5698604901935196,0.5765256147444797,0.07255327363652954,0.07757033271027376,0.0718359044294954,0.07724792992427514,0.11842260415426271,0.11331367531668883,0.11748899169953034,0.11310217028352351,0.08538007259574062,0.08599667634397432,0.49169544875621796,0.49177026748657227,0.4905644953250885,0.4911333918571472,0.4989047199487686,0.49705934524536133,0.22601882368326187,0.2255844697356224,0.2737036645412445,0.27403154969215393,0.4766053110361099,0.4789501875638962,-177.9434051513672,-177.71319580078125,1.686280369758606,0.568543553352356,0.355055570602417,0.26820921897888184,0.5985438823699951,0.6022599935531616,0.389979579669394,0.41008749622288543,0.842180609703064,0.838822066783905,0.8048429958572212,0.7890936525570941,0.3744504451751709,0.37981146574020386,-0.48710391160340977,-0.4570493634509995,0.850612461566925,0.8556535243988037,0.8234063860520185,0.8260001104775824,0.7119191884994507,0.710737407207489,0.8337213088736016,0.8329483024802831,0.7948582172393799,0.7897542119026184,0.7006589980310969,0.6815022149728731,0.27362897992134094,0.2766314744949341,-0.8817109284219784,-0.8592600432395057,0.7973026037216187,0.7950900793075562,0.7060405086161166,0.693202209730031
212,8.833333333333334,212,8.833333333333334,0.0,0.016701071285528675,0.015813366371528706,0.5547846563807962,0.5460670626956085,0.07670747184783436,0.08200505506576106,0.07653905045938371,0.08087469710341882,0.11779234870790012,0.11629665172682736,0.11556272984773008,0.115155322700108,0.08480703003756247,0.08494052969167275,0.4916636347770691,0.491559699177742,0.4906509220600128,0.4913851320743561,0.4985191226005554,0.4977983981370926,0.22784005850553513,0.22830738127231598,0.2771463394165039,0.2780631482601166,0.4772433042526245,0.47898684442043304,-175.8592071533203,-174.96286010742188,1.2808196544647217,0.0381634347140789,0.7187985777854919,0.06999661773443222,0.5989181995391846,0.6023030877113342,0.39221157162911413,0.4059425437227331,0.8418859839439392,0.8400741815567017,0.8012733692448668,0.788975604027372,0.37293046712875366,0.37792807817459106,-0.4906153068667373,-0.46562946410042855,0.8497434854507446,0.8562754392623901,0.818539605636982,0.8243753419016603,0.7121184468269348,0.7119318246841431,0.8344312438744306,0.8317891591536789,0.7963162064552307,0.7917342185974121,0.701137397298229,0.6833528154329517,0.27201932668685913,0.27674686908721924,-0.8848272677176806,-0.8586621362341518,0.7958095073699951,0.7932469248771667,0.7000239662441249,0.6866580777006646
213,8.875,213,8.875,0.0,0.01621063026737114,0.01889115056116721,0.5521405978178208,0.5465919885323198,0.07962777966706237,0.0824112673242266,0.07908111853659422,0.08143983603659553,0.1185872729533082,0.11551649916487096,0.11545650069969378,0.11268815270155405,0.08518517908932599,0.08468300692053482,0.4918398857116699,0.4916728287935257,0.4911016523838043,0.4913519322872162,0.4985799342393875,0.4982602298259735,0.22935502976179123,0.2294015884399414,0.2799418866634369,0.28000929951667786,0.47699324786663055,0.4791061282157898,-174.6702117919922,-173.84170532226562,0.6867402195930481,-0.08167055249214172,0.6479946374893188,0.3305911421775818,0.6000886559486389,0.6026261448860168,0.3969261901233974,0.40638707794858714,0.8395254611968994,0.8390963673591614,0.7973987051927656,0.7884868539347213,0.3718652129173279,0.3773126006126404,-0.4954883749888577,-0.47095408105738323,0.8502423763275146,0.8560855388641357,0.8209708290884928,0.8256982472846938,0.7124024629592896,0.7122941613197327,0.836103147180173,0.8334198378038994,0.7955421209335327,0.7915738224983215,0.7006562440087426,0.684398193149194,0.2707526683807373,0.27693313360214233,-0.8908654066447834,-0.8618184572377109,0.7931919693946838,0.7927603125572205,0.6954870266945901,0.686996963093602
214,8.916666666666666,214,8.916666666666666,0.0,0.026746139471431413,0.02758866938213877,0.5630331111719876,0.568226347713098,0.07679159642107,0.07860271639672699,0.07686720083612648,0.07796948896026074,0.11742631272997249,0.11319215726405804,0.1142642017543363,0.11240518817536724,0.08510964640563831,0.08503652288668564,0.49188312888145447,0.4918168783187866,0.4907766878604889,0.49150586128234863,0.4985096603631973,0.4981004446744919,0.23003759235143661,0.22981075942516327,0.2805914580821991,0.2813102900981903,0.4767569601535797,0.4791887402534485,-175.90948486328125,-174.8538360595703,1.509034276008606,0.06122336164116859,0.6929458379745483,0.06694717705249786,0.6002570390701294,0.6023036241531372,0.3985492460086223,0.4057960025898435,0.8389701843261719,0.8389148116111755,0.7980784634249077,0.78799096068373,0.37309741973876953,0.37706416845321655,-0.4912456180820731,-0.4713487371949064,0.8500356078147888,0.856277346611023,0.822459340724775,0.8260241245931348,0.713172972202301,0.712135910987854,0.8408462425908152,0.8335133061867356,0.7948179244995117,0.7909447550773621,0.700796074689128,0.6829110847952164,0.27008068561553955,0.27642732858657837,-0.894766988685076,-0.8632564269168408,0.7935307621955872,0.7926403880119324,0.6979600199977479,0.6866254205953324
215,8.958333333333334,215,8.958333333333334,0.0,0.047915837629001264,0.04273376381147256,0.5544931395946209,0.5733252960701611,0.07552456493617003,0.0772330918575287,0.0766126582242746,0.07801178603019904,0.11717688561818919,0.11337665909728839,0.1135752479035659,0.1103395438753226,0.0846257089626695,0.08528959775374935,0.491923063993454,0.49201320111751556,0.4902914762496948,0.49140867590904236,0.4991816282272339,0.49846699833869934,0.23025157302618027,0.23055578768253326,0.28192761540412903,0.28134503960609436,0.4764372706413269,0.4791795164346695,-175.44357299804688,-176.40512084960938,2.6688218116760254,-0.1925525963306427,0.9814880490303041,0.4453676640987396,0.6003883481025696,0.6018615961074829,0.396745214306376,0.40288369709259164,0.8371317386627197,0.8389735221862793,0.7953611169019311,0.7886027662550503,0.3736095726490021,0.3765074610710144,-0.49226091076407874,-0.47522317732678865,0.850199282169342,0.8558850288391113,0.8241761304939202,0.8256697009865064,0.7138140201568604,0.712162435054779,0.841390516737437,0.8326780069159802,0.7936949729919434,0.7909646034240723,0.6995794581256533,0.6833759822187211,0.27042800188064575,0.27630457282066345,-0.8967478307767529,-0.8656701730966737,0.7938007116317749,0.7923265099525452,0.6998126205668114,0.6863610326602674
216,9.0,216,9.0,0.0,0.09635400161652184,0.09661437672410438,0.5834331959883371,0.5903765146445331,0.0772839104450861,0.075726461159041,0.07837271083974148,0.07620707201153863,0.11807549164473782,0.11391192616235526,0.11200259007154137,0.10997549383105981,0.08526271374250217,0.08511722523853141,0.4923436641693115,0.4920126497745514,0.4916517734527588,0.4923156797885895,0.498632550239563,0.49821004271507263,0.23058853298425674,0.23149749636650085,0.28178635239601135,0.28351402282714844,0.4769747257232666,0.47923243045806885,-175.81614685058594,-175.0704803466797,-0.8371848464012146,-3.3170506954193115,0.9015675783157349,0.24272939562797546,0.6008645296096802,0.6023358702659607,0.399852260079628,0.4058873585527931,0.836989164352417,0.8380095958709717,0.7920548018015657,0.7866732458656802,0.3733644485473633,0.37626200914382935,-0.48995171458209935,-0.4753591533546196,0.850573718547821,0.856838047504425,0.8219416902879659,0.8279574762711113,0.7142955660820007,0.7127535939216614,0.8435065508023774,0.8363008231672443,0.7940483093261719,0.7924964427947998,0.6975821730189254,0.6868787680905736,0.27004164457321167,0.27559661865234375,-0.8940704349803185,-0.8677575659800189,0.7957874536514282,0.793622612953186,0.7014084018198881,0.6893480666393682
217,9.041666666666666,217,9.041666666666666,0.0,0.08427194202752009,0.08071534544896174,0.5799704721423662,0.5840513825571115,0.07833318933525509,0.07505487439806019,0.08013019475760073,0.07573821479958665,0.11892538360459724,0.12085166616867764,0.11418810325031503,0.1144418810170781,0.08545425797101096,0.08480128832953306,0.4923429787158966,0.4921538680791855,0.49188679456710815,0.4921554923057556,0.4985973387956619,0.49811409413814545,0.23097314685583115,0.2318541258573532,0.28274765610694885,0.284585565328598,0.4767628014087677,0.47855108976364136,-175.2552032470703,-174.19888305664062,-1.4666855335235596,-2.823700189590454,0.735086977481842,0.46344879269599915,0.6006543636322021,0.6017674803733826,0.39923357863388115,0.40362067517357764,0.8363865613937378,0.8382970094680786,0.7913253203385201,0.7879675151498754,0.37307897210121155,0.37579935789108276,-0.49101124395861795,-0.47628696196839276,0.8497521877288818,0.8568490743637085,0.8207353864076388,0.8286029294131394,0.7143749594688416,0.7128162384033203,0.8440935038860183,0.8360385277993471,0.7942378520965576,0.7923964262008667,0.6985802222731414,0.6874294226797503,0.27018308639526367,0.27542227506637573,-0.8935263353291867,-0.8671498890098394,0.7949333786964417,0.7937843799591064,0.7001106767945007,0.6904695196318481
218,9.083333333333334,218,9.083333333333334,0.0,0.0701021243075959,0.06868357940724704,0.569189287374036,0.5809631600446667,0.07546663112093101,0.07301872998122302,0.07752802882914653,0.07409626287501689,0.11899335780432657,0.1189503697001263,0.1144128058671858,0.11288327133270941,0.08548511051400756,0.08524203437422347,0.4926377236843109,0.49232591688632965,0.4916420876979828,0.4921102523803711,0.49830299615859985,0.4982924163341522,0.23120468109846115,0.23210396617650986,0.2833843231201172,0.2843286991119385,0.4771830588579178,0.4785393625497818,-174.80569458007812,-174.65646362304688,-0.1735517829656601,-2.000288486480713,0.9931995272636414,0.599148154258728,0.6008889675140381,0.6014893054962158,0.39995046038122256,0.4016051867918446,0.8368415236473083,0.8379819393157959,0.7887348655275315,0.7868369623327691,0.373620867729187,0.37591856718063354,-0.48609643217079973,-0.47623501974517396,0.8500387668609619,0.8566232919692993,0.8176765612486389,0.8276437733333611,0.7146517634391785,0.7135636806488037,0.8434758469749615,0.8377583570395425,0.7938096523284912,0.7928386926651001,0.6943655108178617,0.6880162400241955,0.26981210708618164,0.27539217472076416,-0.8908141636715522,-0.8674475935850191,0.7957836389541626,0.7938405275344849,0.6986944846310147,0.6902093043864591
219,9.125,219,9.125,0.0,0.06992890836446901,0.06287966098595868,0.5805063865005435,0.5808666445120885,0.07719472784502748,0.07512789043403205,0.07874721220513173,0.07600644127628803,0.116919682367334,0.11852578820821759,0.11085925186752943,0.11247230981071325,0.08503016526678338,0.08529259040166248,0.49274516105651855,0.4922701567411423,0.4918510317802429,0.4922166168689728,0.49827973544597626,0.4983840137720108,0.23205465823411942,0.23236070573329926,0.28368690609931946,0.28485751152038574,0.4772311598062515,0.47861821949481964,-174.8603973388672,-174.40345764160156,-0.3203778862953186,-2.0791783332824707,1.0078363418579104,0.5338746905326843,0.6009067296981812,0.6017372608184814,0.3996480191585526,0.40175591831814217,0.8362991213798523,0.8374967575073242,0.7865299023458149,0.7847081650295905,0.3734332323074341,0.37590304017066956,-0.48617479291632315,-0.47610943470002326,0.8496116399765015,0.8569164276123047,0.8156906603981677,0.827170369033075,0.7148110866546631,0.7136557698249817,0.8432121219843419,0.8368068204198118,0.794303834438324,0.7931362986564636,0.6945402166262934,0.6877115197091156,0.27020934224128723,0.2754195034503937,-0.888147231994061,-0.8667101823742374,0.7956683039665222,0.7938395142555237,0.6975290549511174,0.6892491402796145
220,9.166666666666666,220,9.166666666666666,0.0,0.059906765831528104,0.05734016650860464,0.5800081800837804,0.5768940066557599,0.07682522924178915,0.07383495106394088,0.07922802220982166,0.07478531282227269,0.11911836786121524,0.11844127061577953,0.11402198290950495,0.11286323395160279,0.08496890789341062,0.08538275181458091,0.4929203391075134,0.4924312233924866,0.491715669631958,0.49227413535118103,0.49859461188316345,0.49840056896209717,0.23191653192043304,0.23221132159233093,0.2831561267375946,0.28481900691986084,0.4771396219730377,0.4783070534467697,-175.32814025878906,-174.2880401611328,0.5034853219985962,-1.604439377784729,1.1122634410858154,0.5313639640808105,0.6005664467811584,0.6017976403236389,0.39739679609288264,0.4019752109655329,0.8362848162651062,0.8371648788452148,0.7872935864958084,0.7847584157515595,0.3738512098789215,0.37579774856567383,-0.4861403969027426,-0.4766411073820065,0.8501973748207092,0.8569148182868958,0.8177917479543356,0.8279480303858066,0.7148084044456482,0.7144145369529724,0.8426117713913179,0.8397941954372506,0.7939666509628296,0.7923997044563293,0.6945265923545545,0.6868649190854108,0.2703862190246582,0.2756132185459137,-0.8893562056051522,-0.8661269705682126,0.7957316040992737,0.7934454679489136,0.6983956021780803,0.6891518183630844
221,9.208333333333334,221,9.208333333333334,0.0,0.04988687649830633,0.040171673467362584,0.5777747081884296,0.580335672575743,0.061523746320476365,0.05740070198687357,0.0628793516383662,0.05876797069692676,0.13311992683774765,0.1381272348572665,0.12935650381923064,0.1353830442011566,0.08419491617994102,0.08461346559175974,0.4929356276988983,0.49320270121097565,0.4916819632053375,0.49239301681518555,0.4988851696252823,0.4982008635997772,0.23371302336454391,0.2341180443763733,0.2843373715877533,0.2848831117153168,0.47611504793167114,0.478017121553421,-175.38790893554688,-175.42935180664062,1.245520353317261,0.20178379118442535,0.9076599478721618,0.6518297791481018,0.600538969039917,0.6011168956756592,0.39612962176709815,0.39941891139365165,0.8368481397628784,0.8378580808639526,0.790719073241421,0.7855588265090362,0.373984694480896,0.37603265047073364,-0.48671843317598223,-0.4741369610803861,0.849908173084259,0.8567716479301453,0.8193463815705838,0.8268485106464012,0.7145386338233948,0.7143872976303101,0.8403692306385568,0.8390233124697636,0.7937694787979126,0.7916281223297119,0.6962915875295257,0.6846354851381623,0.2713809013366699,0.27568235993385315,-0.8865500381345711,-0.863598184913077,0.7954995036125183,0.7927373647689819,0.7000837642082591,0.6870570415684712
222,9.25,222,9.25,0.0,0.019414896905831206,0.018623573770872662,0.5688161964049123,0.5618283390975153,0.05309892045962596,0.05274988500730888,0.0536159903884433,0.05294313008820272,0.1543597086361335,0.15555168446227138,0.1536880605898498,0.15497991828688384,0.08400022982245228,0.08439571740291411,0.4932990223169327,0.4934072494506836,0.49164220690727234,0.4926609396934509,0.49832475185394287,0.49790702760219574,0.23707138001918793,0.23701592534780502,0.2856476604938507,0.2854030728340149,0.47665196657180786,0.4768257886171341,-176.8276824951172,-176.73583984375,2.98144793510437,0.973146080970764,0.6796054840087891,0.42004427313804626,0.6010299921035767,0.6015517711639404,0.4000872462994935,0.4022942976165728,0.8362091779708862,0.8377582430839539,0.78786650041857,0.7880341837670495,0.373110294342041,0.37561672925949097,-0.4877716792352313,-0.47466651936662296,0.8507766127586365,0.8572005033493042,0.8197868555176694,0.8304830284447186,0.7146711349487305,0.7147703170776367,0.8427751928612766,0.841749052776309,0.793907105922699,0.7917329668998718,0.6951736426244657,0.6875458777100215,0.272036612033844,0.27563995122909546,-0.8815032077312231,-0.8627237069628806,0.7970417737960815,0.7925683856010437,0.7020423681821218,0.6893698713302523
223,9.291666666666666,223,9.291666666666666,0.0,0.017549829644777686,0.01686440140012228,0.5612034350163895,0.5650402304240073,0.05550367454820039,0.05504697614726721,0.05596828048705672,0.05468614882916365,0.1504447910963881,0.15280307565862206,0.14784185261223773,0.152832493107707,0.0845938533150591,0.08433917338008594,0.4932005703449249,0.493562713265419,0.4918745756149292,0.4925686717033386,0.49853332340717316,0.4984015077352524,0.2369297593832016,0.23703567683696747,0.286590039730072,0.2866725027561188,0.4764309227466583,0.4765145629644394,-176.2333984375,-176.0432891845703,1.9550074338912966,1.4721516370773315,0.8829836249351501,0.5457202792167664,0.6012963056564331,0.6020921468734741,0.4000813897213647,0.4023990223230456,0.8362849950790405,0.8373745679855347,0.7880623862794347,0.7877322809738488,0.3721282482147217,0.3749498128890991,-0.49212583212272226,-0.4790870393227569,0.850765585899353,0.8568583130836487,0.8197741545599145,0.830263940771263,0.7147842645645142,0.7153268456459045,0.8419177331475811,0.8418362989930329,0.7937273383140564,0.7908408045768738,0.6948632505094863,0.6861523134458347,0.2730342149734497,0.2758076786994934,-0.8779231072163878,-0.8638343819998242,0.7969124913215637,0.7920579314231873,0.7018385759893182,0.6888092166591043
224,9.333333333333334,224,9.333333333333334,0.0,0.027094533358044463,0.029174450734313535,0.560780641159651,0.5669671155414326,0.05411268823731826,0.05684264358254786,0.054332449099439115,0.056480156994353534,0.14584116674906736,0.1419135349426012,0.1397352107720123,0.13571754996610152,0.08572088392278539,0.08596071088765185,0.4934238940477371,0.4936772882938385,0.49175798892974854,0.49261030554771423,0.4987684190273285,0.49841704964637756,0.2371181696653366,0.23740093410015106,0.28874075412750244,0.28844916820526123,0.4742996394634247,0.47789736092090607,-175.308837890625,-175.93849182128906,2.0833916664123535,0.7007712721824646,1.1729148626327515,1.0234169960021973,0.6015567183494568,0.6023011803627014,0.40146985353634135,0.40289369968270544,0.8360067009925842,0.8376507759094238,0.794673577729382,0.78481757153918,0.3729991316795349,0.3749822974205017,-0.49122884320373866,-0.478716851657562,0.8499024510383606,0.8569576144218445,0.8252026621144821,0.8269362714155959,0.714564859867096,0.7159481048583984,0.84285629851796,0.8436504307821323,0.7926252484321594,0.7910841703414917,0.6993641470327655,0.6832305155891655,0.2732662558555603,0.27627474069595337,-0.8807648440313098,-0.8615342506305578,0.7941399216651917,0.7920007705688477,0.70269189737332,0.685230118468623
225,9.375,225,9.375,0.0,0.057254817790448186,0.04851856797420595,0.5530091893574658,0.5578809185702116,0.06098884151517426,0.060253282428142825,0.061510111692095776,0.058924431921058465,0.13547836770391983,0.1363073740100753,0.12712920511242817,0.12894820059547002,0.08602703047181304,0.08636152326801567,0.4934671074151993,0.49342988431453705,0.49196916818618774,0.49303188920021057,0.498965859413147,0.4978654831647873,0.23732514679431915,0.23839455097913742,0.28873521089553833,0.289340615272522,0.4738999009132385,0.47691406309604645,-176.23269653320312,-176.8249053955078,1.4146831035614014,-0.6519461274147034,1.2640743255615234,0.685021698474884,0.6010972261428833,0.6028244495391846,0.39904717363130404,0.40666044878359436,0.8357440233230591,0.8370038866996765,0.7952600108908783,0.7847760944979854,0.37295645475387573,0.3752591907978058,-0.49234332595693125,-0.475034497765514,0.8483405113220215,0.8583060503005981,0.8229445373563821,0.8312018129139831,0.7146594524383545,0.7157139182090759,0.8427569455215105,0.8440473970170883,0.7933565974235535,0.788794755935669,0.7021010435488617,0.6797096058605121,0.2730649411678314,0.2756572365760803,-0.882638956404595,-0.8609393594716418,0.7935456037521362,0.7919366359710693,0.7025164411347784,0.6865569872135514
226,9.416666666666666,226,9.416666666666666,0.0,0.04934416383176852,0.04753788692427066,0.5427217853723048,0.5486522821008777,0.0694295967761684,0.07128969116718277,0.06961933375953931,0.07027990385598284,0.13086839757270102,0.12620420687079378,0.12078567643284398,0.11921589764676643,0.08698699209249032,0.08688343381434592,0.493691548705101,0.49348244071006775,0.49195000529289246,0.49293282628059387,0.4990316480398178,0.49691179394721985,0.23952554911375046,0.24027781188488007,0.2925496995449066,0.29357054829597473,0.472430482506752,0.4790917634963989,-175.1829071044922,-174.9901123046875,1.7099095582962036,-0.38727426528930664,1.464619517326355,0.7211043834686279,0.6009432673454285,0.6027840375900269,0.3973947077636903,0.4111410872681319,0.8372964859008789,0.8380531072616577,0.8003027390405648,0.7841135745096594,0.37269458174705505,0.37497228384017944,-0.4926394250353197,-0.4735362266950323,0.8471171259880066,0.8588172197341919,0.8218434830061517,0.8294706101212893,0.7148007750511169,0.7156946659088135,0.8413712759871842,0.8496148259350256,0.7921431660652161,0.7886976599693298,0.7012627484547022,0.6763017533481636,0.2725236713886261,0.2752639055252075,-0.8832464031163669,-0.8607407447032321,0.7924221754074097,0.7913351655006409,0.7018747318642232,0.6820631087861957
227,9.458333333333334,227,9.458333333333334,0.0,0.04389644967559932,0.050133689952809625,0.5356766800196014,0.5501352844722992,0.0728283444389055,0.07762823629870427,0.07335740200980996,0.07668358284109733,0.13036800971659449,0.12409746327875947,0.12349526438370195,0.11670850308926842,0.08595153454766333,0.08579103917202714,0.4935612678527832,0.4934940040111542,0.49198734760284424,0.49301740527153015,0.4992189556360245,0.4975704699754715,0.24298832565546036,0.2433321848511696,0.298417866230011,0.29876068234443665,0.4747188687324524,0.4805673062801361,-172.9533233642578,-173.02169799804688,2.4759185314178467,-0.7174237966537476,1.093101978302002,0.7084850668907166,0.6029973030090332,0.6031922101974487,0.4039197802082899,0.4092879694407962,0.8385029435157776,0.8392057418823242,0.7964427824082425,0.7817268317955783,0.37198951840400696,0.3755645751953125,-0.4951946877518582,-0.47277714634726664,0.8492318987846375,0.8606694936752319,0.8199319881733763,0.8285115292007609,0.7156565189361572,0.7155411839485168,0.842405137584076,0.8446442061274178,0.7949931025505066,0.789941668510437,0.7011854547718955,0.6743455692889913,0.2724098861217499,0.2751205861568451,-0.8827724841114563,-0.8620011472933697,0.794079065322876,0.7929627895355225,0.6991843271710448,0.6809307289734114
228,9.5,228,9.5,0.0,0.04694982457151777,0.0443054900313198,0.5324467453754418,0.5397117463839568,0.07074784288857341,0.07588579075940204,0.07076453788505713,0.0746781019056127,0.13435393852879815,0.1265321692074799,0.12476170230015247,0.11771040489939424,0.08605220314130967,0.08637809542580809,0.49370694160461426,0.4936521649360657,0.4924905300140381,0.4933144450187683,0.4996652603149414,0.49853505194187164,0.24753541499376297,0.2477474957704544,0.30537083745002747,0.3054828941822052,0.474007710814476,0.4824349880218506,-171.282470703125,-171.95237731933594,1.5379501581192017,-0.5367157459259033,1.0137346982955933,0.5469109416007997,0.6034126281738281,0.6038958430290222,0.40617744700570757,0.40888013629075387,0.8360406756401062,0.8416961431503296,0.7972772320493572,0.7842414247598296,0.37220850586891174,0.37599751353263855,-0.4990011813594865,-0.4755390016392077,0.849235475063324,0.861996054649353,0.8263351195449236,0.8285546806997858,0.7165622115135193,0.7154515981674194,0.8491651568547588,0.8418014526016431,0.7941938638687134,0.7920584082603455,0.705121231075093,0.6758857971717303,0.27251166105270386,0.2752233147621155,-0.8893205768071935,-0.8666196655438674,0.7930940985679626,0.7930681109428406,0.702699302908113,0.6780899059627867
229,9.541666666666666,229,9.541666666666666,0.0,0.0481831208378302,0.04281197224796693,0.5214198551575336,0.5334322934624904,0.07399597057399661,0.07750015066908719,0.07415380102926268,0.0762861821815306,0.12871686154181686,0.12450906729503144,0.11986036588808593,0.1162108320267738,0.08661383062157155,0.08561561244720128,0.4935682713985443,0.49355320632457733,0.4923080801963806,0.4931292235851288,0.4986857920885086,0.4990263879299164,0.25229504704475403,0.25253577530384064,0.3111301064491272,0.3122785687446594,0.4757957458496094,0.482936292886734,-170.7242889404297,-170.4857940673828,1.9230543375015259,-0.013938738964498043,0.9091480970382692,0.4745081961154937,0.6057360172271729,0.6062660813331604,0.41739225322363993,0.4144294375431515,0.8348613381385803,0.8414289951324463,0.7875046314930619,0.7792878027257389,0.37153416872024536,0.3765454888343811,-0.4957682481281818,-0.47332931036155584,0.848895788192749,0.8615063428878784,0.818285064526649,0.8229317377873999,0.7171794772148132,0.7160772085189819,0.8519138696987772,0.8387962203208318,0.793025553226471,0.7924376130104065,0.6957501579708,0.6727908328091412,0.27235132455825806,0.2748422920703888,-0.882485331182208,-0.8663628718503356,0.7956507205963135,0.795115053653717,0.7015076894820111,0.6786110261430183
230,9.583333333333334,230,9.583333333333334,0.0,0.04256978146143731,0.04519027092286825,0.5248020343266011,0.528329256117259,0.07810739800607586,0.08525834996428303,0.07927348108850436,0.08394100535979118,0.12738405867925878,0.1224813719874031,0.12106396803149413,0.11505282924992871,0.08640928582751053,0.08673530187096791,0.4935755729675293,0.4933093637228012,0.49235010147094727,0.4930208623409271,0.4982931464910507,0.4984004944562912,0.25630778074264526,0.25644829869270325,0.31611013412475586,0.3168385624885559,0.4766586720943451,0.4827308654785156,-170.20408630371094,-169.96401977539062,2.010446548461914,-0.0323234386742115,0.8182435035705566,0.2823958396911621,0.6051870584487915,0.6071850657463074,0.41629360276274835,0.42294890537356084,0.8345170021057129,0.8402981162071228,0.7839356661875958,0.7819893939792072,0.3710867166519165,0.3770138919353485,-0.495399803435533,-0.4719449647540234,0.8474987745285034,0.8632573485374451,0.8123739434584721,0.8322005812163837,0.7169212102890015,0.7157707214355469,0.85143730523656,0.8451244369624705,0.7932298183441162,0.7906471490859985,0.6934906682854125,0.6734041429238784,0.2724592685699463,0.275235652923584,-0.8795000289897354,-0.8676536049628684,0.7941063642501831,0.7941663265228271,0.6954108572014975,0.6811004837535358
231,9.625,231,9.625,0.0,0.03679834021624374,0.04043005443336271,0.5208014129050641,0.5317403456419365,0.08345185577757745,0.08578117037739486,0.08574798980098627,0.08580294957495793,0.12448647803496789,0.11913617190954748,0.11958783790459286,0.11388483669571921,0.08703515166991405,0.08676814938574007,0.49366138875484467,0.4935774803161621,0.4925863444805145,0.4933575689792633,0.49815642833709717,0.49874940514564514,0.25801634788513184,0.258184090256691,0.3190825283527374,0.31855982542037964,0.4764856547117233,0.4835715591907501,-168.99562072753906,-170.30406188964844,1.3804336786270142,-0.5026861429214478,0.8033866286277771,0.2732083797454834,0.6054061055183411,0.607094407081604,0.4170834095565831,0.4194199139965196,0.833142876625061,0.840087890625,0.7801901638622584,0.7763224061849404,0.3710043430328369,0.37658655643463135,-0.49448191047986595,-0.47291089191386043,0.8479456305503845,0.8635704517364502,0.812571291457698,0.8274562161624168,0.7165209054946899,0.7165507078170776,0.8491979001952374,0.8431418339793645,0.7925534844398499,0.7915076017379761,0.6914005849770618,0.6705377241474801,0.2727383077144623,0.27490437030792236,-0.8766288234718138,-0.8665380366662386,0.7933927178382874,0.7938253283500671,0.693236413897427,0.6755846264678841
232,9.666666666666666,232,9.666666666666666,0.0,0.038572553223033025,0.040124756715705576,0.5250002165392644,0.5354907269887088,0.08435918415198679,0.08877375930325536,0.08604049163612944,0.08945980762093093,0.12264369234264051,0.1167848913428014,0.11901033949036273,0.11219584554184672,0.08621933015306282,0.08628032039575728,0.4935225397348404,0.49330809712409973,0.4925319254398346,0.492773175239563,0.4980160742998123,0.49877050518989563,0.25775083899497986,0.25840912759304047,0.31936678290367126,0.3197747468948364,0.47633978724479675,0.4834246337413788,-168.82569885253906,-169.09286499023438,2.0209667682647705,0.3460426926612854,0.6530248522758484,0.5000748038291931,0.6054025292396545,0.606773316860199,0.41724607622716525,0.4178674009916951,0.8316037654876709,0.8409227132797241,0.7764552971715494,0.7780359600209702,0.3711515963077545,0.376319944858551,-0.4929272102747696,-0.4737663455636221,0.8479719161987305,0.8641481995582581,0.8122290825898276,0.8285824231992005,0.7167365550994873,0.7158595323562622,0.8498302924266131,0.8399265367530067,0.7926944494247437,0.7917138934135437,0.6914161532768984,0.6709410311320554,0.27293944358825684,0.27483174204826355,-0.8745268764802488,-0.8664284520753698,0.7931153178215027,0.7934380173683167,0.6923359918084938,0.6746933042577717
233,9.708333333333334,233,9.708333333333334,0.0,0.04252773098717878,0.04241943203339223,0.5342775397180197,0.537793533537161,0.08659023623212653,0.08917915462883143,0.08841536737758401,0.09035344175570634,0.11766407222977683,0.1158960404507291,0.11419458307359898,0.11171571596483615,0.08646952470842545,0.08604017420362853,0.4932333678007126,0.49334268271923065,0.49188536405563354,0.492668479681015,0.4977456033229828,0.4987550526857376,0.2566392570734024,0.2578755021095276,0.3186475336551666,0.3189406394958496,0.4757479578256607,0.4830237627029419,-168.45997619628906,-169.13133239746094,2.353346586227417,-0.01903032884001732,0.8017323017120361,0.6254177093505859,0.6055210828781128,0.6073400378227234,0.41910650771964075,0.41996964163094,0.8323903679847717,0.8407319188117981,0.7801173796624008,0.7782148088084164,0.37099671363830566,0.37609922885894775,-0.4928884077561825,-0.474390840607473,0.8482522964477539,0.8647342324256897,0.8148136628762046,0.8304332320705072,0.7166362404823303,0.7160688042640686,0.8512000214803452,0.84049538024701,0.7919207811355591,0.7913021445274353,0.6915944582444383,0.6706774723311278,0.27327898144721985,0.2748652696609497,-0.8728833532663991,-0.8659292242212779,0.7919909954071045,0.7932864427566528,0.6917480445033144,0.6749944280412444
234,9.75,234,9.75,0.0,0.04722293614177895,0.05659012243342644,0.5356060752739752,0.5372964467976935,0.0850415894964045,0.09067955174848119,0.08682373277787413,0.09184719707319415,0.11664744327385315,0.11157846109770572,0.11325367674556212,0.10901245314190003,0.08646253765046408,0.0862915236024781,0.4933166652917862,0.49324868619441986,0.4918352961540222,0.4925776422023773,0.4981209635734558,0.49864788353443146,0.25591176748275757,0.25709953904151917,0.31692996621131897,0.31717878580093384,0.4750674217939377,0.48296022415161133,-169.38919067382812,-169.51463317871094,2.3892087936401367,-0.41535723209381104,0.8472208380699158,0.507312536239624,0.605683445930481,0.6073740720748901,0.41872562171590333,0.42004884260760267,0.8320677280426025,0.8411334156990051,0.781735501077802,0.7783612952636992,0.371009886264801,0.37640008330345154,-0.4948255535455156,-0.47228775042767546,0.8477600812911987,0.8652660846710205,0.8160975714042532,0.8308050178049561,0.7166229486465454,0.7168383002281189,0.850597508917689,0.8429490008853695,0.7906714677810669,0.7937933206558228,0.6910887265740345,0.6754845346202597,0.2743578255176544,0.27493470907211304,-0.8710784378192392,-0.8642854244265327,0.7909077405929565,0.7934101223945618,0.6916061010461588,0.6746517902886995
235,9.791666666666666,235,9.791666666666666,0.0,0.05087686535832645,0.06710019188396105,0.5448943289001327,0.5519787935156164,0.08523072623682612,0.08882236142131553,0.08698974649578019,0.09013280893273554,0.11537203297077893,0.11233164194881577,0.1127576862874786,0.11069748265873819,0.08667739198096802,0.08639084082894596,0.49318908154964447,0.4932312071323395,0.49195265769958496,0.4924371838569641,0.4983196556568146,0.49805301427841187,0.25564268231391907,0.25646330416202545,0.316077321767807,0.3165432810783386,0.47549770772457123,0.4826619178056717,-169.74783325195312,-169.38258361816406,1.6498926877975464,-0.30943700671195984,0.6860299706459045,0.46095836162567133,0.6056461334228516,0.606975793838501,0.4174927983949278,0.4207678087728524,0.8310186862945557,0.8408064246177673,0.7779109253179886,0.7782239856505578,0.37099140882492065,0.3763359487056732,-0.4952983382204062,-0.47019203125503617,0.8473649024963379,0.8653868436813354,0.8136778728048109,0.8316355871934156,0.7168088555335999,0.7159348130226135,0.849908329932106,0.8416756109176393,0.7918305397033691,0.7930991649627686,0.692163840859382,0.6745593110652842,0.2745647728443146,0.2749600410461426,-0.8703914832978976,-0.8618063354486597,0.7913282513618469,0.7933369278907776,0.6910647901364074,0.6750759539565075
236,9.833333333333334,236,9.833333333333334,0.0,0.04916486251370717,0.058565670471102046,0.5490965026580601,0.5563307812174098,0.08393147543258864,0.08791935869733868,0.08576088922653458,0.08820317124476175,0.11776262793438035,0.11249720764169506,0.11351891657823879,0.10982092769111694,0.08678151003718709,0.08664465434213782,0.49321846663951874,0.4927760809659958,0.49142298102378845,0.4920627474784851,0.49821195006370544,0.49749094247817993,0.25606562197208405,0.2566773593425751,0.3164783716201782,0.31701838970184326,0.4752873480319977,0.4824763536453247,-169.761474609375,-169.44692993164062,2.376708507537842,-0.12623248994350433,1.072209358215332,0.36536145210266113,0.6060680747032166,0.6071529984474182,0.41996498373190494,0.4233861475473519,0.8312808275222778,0.84091717004776,0.7797095244373138,0.7784312195267925,0.37122660875320435,0.37646767497062683,-0.49444940633550954,-0.46724981162115836,0.8473000526428223,0.8663896918296814,0.8147953985338786,0.8337502716206298,0.7164343595504761,0.7157720923423767,0.8497039083905299,0.842745599709828,0.7914631366729736,0.7931010127067566,0.6924994080027216,0.6745881638010959,0.27447575330734253,0.2747185528278351,-0.8711732277149072,-0.8600854963036145,0.791533887386322,0.7943778038024902,0.6926543687203658,0.6773609898974884
237,9.875,237,9.875,0.0,0.05266195094295591,0.045420964079881956,0.5678697328731239,0.5591558128292724,0.07880816810825776,0.0837417896863259,0.08054589274995469,0.08475875995020464,0.12046924599532383,0.11507059106186376,0.11535916713416841,0.11229755718643834,0.08691128522951273,0.0869494703145338,0.49248336255550385,0.4921020418405533,0.49002739787101746,0.4905409514904022,0.4982006698846817,0.4980582445859909,0.2571004182100296,0.257266104221344,0.3173424005508423,0.31716853380203247,0.47489577531814575,0.4814012795686722,-169.5753173828125,-170.0666961669922,3.3602147102355957,1.5874967575073244,1.3937426805496216,0.8498748540878297,0.6059682965278625,0.6068491339683533,0.420252807408344,0.42034609943409756,0.8307444453239441,0.8409050703048706,0.7805669854005062,0.7813407866865996,0.37127843499183655,0.3765760064125061,-0.49494850353220227,-0.46938291668224164,0.8463873863220215,0.866395115852356,0.8148803447773117,0.8367405147394367,0.7164677381515503,0.715714693069458,0.8511586555362298,0.8409807076320942,0.7920346856117249,0.7925257086753845,0.6956557211722245,0.6761937216234774,0.275055468082428,0.27500706911087036,-0.8701815233214333,-0.8618248468916176,0.7916537523269653,0.794109582901001,0.6948201301730546,0.6796360929289968
238,9.916666666666666,238,9.916666666666666,0.0,0.06945427703260552,0.06367670127791301,0.5755489891665414,0.5731680429979171,0.08112223737658715,0.08034297147410245,0.08260578418406618,0.08129615073987388,0.12033291533372839,0.11832647258029831,0.1150958670071927,0.1136114493274197,0.08621260834092843,0.08670204992790526,0.4910302311182022,0.4912716746330261,0.48799699544906616,0.48890578746795654,0.4988042414188385,0.4980437457561493,0.25767776370048523,0.2582301199436188,0.31698521971702576,0.3173433542251587,0.47309720516204834,0.48135656118392944,-170.30609130859375,-170.49383544921875,4.967210292816162,2.8966896533966064,1.520163655281067,1.3116430044174194,0.6062955856323242,0.6070691347122192,0.4218289177296687,0.4221013824903775,0.8305358290672302,0.8403434157371521,0.7890179093137256,0.7817901645910382,0.3713647127151489,0.37680482864379883,-0.5001116960849398,-0.4693871309679951,0.8458403944969177,0.8667208552360535,0.8228015449106735,0.8392341141557121,0.7163317799568176,0.715698778629303,0.8536446057985245,0.8426706032552225,0.7916440367698669,0.7916914224624634,0.7031673084114867,0.6758373996151777,0.2753083109855652,0.2751726508140564,-0.8770664014063482,-0.862865046325194,0.7900106906890869,0.7939839959144592,0.6995618242146119,0.680830093229554
239,9.958333333333334,239,9.958333333333334,0.0,0.09756146047253948,0.0943321500724293,0.5938666521724717,0.5907698245437759,0.07823881216131902,0.08569966530506731,0.07936607004781013,0.08716548312833036,0.12414817666107647,0.11635948593394828,0.11899551360865257,0.11427854998494288,0.08678513026215881,0.08656867264406888,0.4909564107656479,0.49087707698345184,0.4875565767288208,0.4887252151966095,0.49845007061958313,0.49797895550727844,0.25978539884090424,0.25941094756126404,0.31799405813217163,0.31824415922164917,0.4734724760055542,0.48065580427646637,-171.81263732910156,-170.99241638183594,4.913485050201416,2.4911794662475586,1.5920697450637817,0.9992461800575257,0.6066650748252869,0.6068461537361145,0.4244499019352015,0.4209566884099289,0.8297702074050903,0.8394415378570557,0.7860941074903826,0.7803654994489793,0.37103232741355896,0.37700366973876953,-0.4997684840985396,-0.46777501860121834,0.8465372920036316,0.8659790754318237,0.8230870637770619,0.838085126584121,0.7165778875350952,0.715796172618866,0.8555590897833075,0.8422336193609663,0.7918030023574829,0.7907336354255676,0.7023276573124116,0.6744249253109537,0.275226891040802,0.2754870355129242,-0.875544545576829,-0.860309288404028,0.7911291122436523,0.7932681441307068,0.7008408641029871,0.6799375278657023
240,10.0,240,10.0,0.0,0.09504318680876997,0.08317068508246181,0.5962527871745017,0.5819844540374399,0.058346071520418694,0.05773095769567316,0.05971892694104044,0.059107289182671996,0.1465643473623499,0.14608023259017824,0.1413338130478207,0.144354944831048,0.08666451229673623,0.08664227771290091,0.4913485199213028,0.4913271367549896,0.4884944558143616,0.4892864525318146,0.49838200211524963,0.4978068321943283,0.26263654232025146,0.2625972777605057,0.31932154297828674,0.32069337368011475,0.4737056493759155,0.48023173213005066,-171.69801330566406,-170.39857482910156,3.4651567935943604,1.941415548324585,1.3351367712020874,0.9005638957023621,0.6067990064620972,0.6063232421875,0.4244801260003427,0.4198095251341821,0.8299435377120972,0.8395766019821167,0.7845535518979904,0.7819713584294736,0.370731920003891,0.37723037600517273,-0.49978251349977604,-0.4664653467463316,0.8460191488265991,0.8659465909004211,0.8199573598919093,0.8393551637547193,0.71661776304245,0.7157653570175171,0.8544484682476128,0.843200257092244,0.7922839522361755,0.7915959358215332,0.7016146997558572,0.6775604989913288,0.2757056951522827,0.27524489164352417,-0.8718343345342543,-0.8610091559558078,0.7919421792030334,0.7923739552497864,0.7008620025951288,0.6792535492064219
241,10.041666666666666,241,10.041666666666666,0.0,0.08062890069828264,0.08270701768815962,0.5824595398992988,0.5724330663999697,0.056263120613875874,0.05497406455589176,0.0587523702547705,0.056826096033247966,0.14371451822560308,0.14532637454392355,0.13571860598879493,0.1418946299689636,0.08654755944706007,0.08713480537756932,0.4913976192474365,0.4915555864572525,0.48886263370513916,0.4894111752510071,0.4989456534385681,0.497717946767807,0.26169322431087494,0.262886181473732,0.31989023089408875,0.3205409646034241,0.47392694652080536,0.4794076681137085,-170.2432098388672,-170.9375,3.171653032302857,1.8125339746475222,1.530055284500122,1.1165690422058105,0.6066542267799377,0.6061872243881226,0.42090860763998245,0.42001782640751084,0.8301911354064941,0.839337170124054,0.7831270595478703,0.7839727142667898,0.3702309727668762,0.37753432989120483,-0.5029972577265397,-0.4653784245434033,0.8460443019866943,0.8674348592758179,0.817974917165292,0.845173092412785,0.717494785785675,0.7156639099121094,0.8540565355517065,0.8439365663943198,0.7933805584907532,0.7916003465652466,0.702211380230086,0.6799957773198503,0.2762470841407776,0.2754532992839813,-0.870271899614386,-0.8606594989059216,0.791492223739624,0.7919427752494812,0.6980605110514598,0.68074163100376
242,10.083333333333334,242,10.083333333333334,0.0,0.06564010544774668,0.059547549124003764,0.5710365091898268,0.5682880052268996,0.06095043395186823,0.05687091547864664,0.06388000185735827,0.058974820389763545,0.1357987108946596,0.14055350662556865,0.129810098445521,0.13590509122220618,0.08770985743504489,0.08692922962617354,0.4912542998790741,0.491763710975647,0.4879499673843384,0.48941347002983093,0.4986376017332077,0.49738381803035736,0.2606889307498932,0.261831596493721,0.3191271722316742,0.3204914629459381,0.4735606014728546,0.47918272018432617,-170.68948364257812,-170.5002899169922,4.452919006347656,2.3969340324401855,1.735395073890686,1.374877691268921,0.6071241497993469,0.6067299246788025,0.42299839399644823,0.4231002166566091,0.8303893208503723,0.8395829200744629,0.7826095730713974,0.7844178601630928,0.3694765865802765,0.37816718220710754,-0.5036099216958443,-0.4612929165192761,0.8457051515579224,0.8678765892982483,0.8162008034863133,0.8459995670418616,0.7174762487411499,0.7159640789031982,0.853270731522221,0.8457672482980185,0.7929855585098267,0.7901144027709961,0.7005742970777388,0.6767486954388355,0.27585744857788086,0.2754274606704712,-0.8686390034415596,-0.8588306046341976,0.791214644908905,0.7923131585121155,0.6966902657150689,0.6815343289484617
243,10.125,243,10.125,0.0,0.026774897242560866,0.02811800912447333,0.552024264516012,0.5606027867378113,0.07311149898281408,0.07604874745781533,0.07630322962692412,0.07763600442978834,0.12740467792573762,0.13016415156720987,0.12364645730892548,0.12301416800488521,0.0872576714140508,0.0863232504745503,0.49132828414440155,0.4915842115879059,0.48788607120513916,0.4890446364879608,0.49829792976379395,0.4978702664375305,0.25998902320861816,0.26035694777965546,0.32008594274520874,0.3205982744693756,0.4741048961877823,0.4793441891670227,-170.2834014892578,-169.88099670410156,5.958246231079102,3.383274555206299,1.6937819719314575,1.6080440282821655,0.6074838042259216,0.6063567399978638,0.4249615926582064,0.418386378679169,0.8301849961280823,0.8389478921890259,0.7795670136874554,0.7800970337386719,0.3692390024662018,0.3780204653739929,-0.5023093652115965,-0.462209919880064,0.8466402888298035,0.8668160438537598,0.8155926253208617,0.8405520909773571,0.7175555229187012,0.7162742614746094,0.8533709735670392,0.8422917030463565,0.7930886745452881,0.7901586890220642,0.6983519482009626,0.6742574321184088,0.2756849229335785,0.2748273015022278,-0.8664305561047116,-0.8601822450911227,0.79121994972229,0.7922170758247375,0.6942607444804726,0.6787227405275218
244,10.166666666666666,244,10.166666666666666,0.0,0.025817669948207105,0.029396738288240572,0.5379775180342915,0.5361777089098121,0.08145092311802352,0.08319031763383887,0.08315026298143242,0.0832218293997365,0.12418259412656266,0.12780052591501773,0.12050672448472327,0.12341028939512357,0.0861250570982226,0.08644159517942389,0.4910845309495926,0.4909727871417999,0.48830485343933105,0.48920661211013794,0.49860139191150665,0.4976426661014557,0.25952744483947754,0.25969405472278595,0.3208540976047516,0.32084229588508606,0.47390276193618774,0.4791654497385025,-168.64395141601562,-168.8488006591797,6.1729021072387695,3.3426134586334233,1.5030579566955566,0.9422497153282166,0.6076991558074951,0.6061548590660095,0.422515594994092,0.41833308638135935,0.830285370349884,0.8394756317138672,0.7763649547890534,0.7813448178391476,0.36866849660873413,0.37768977880477905,-0.5032062308856784,-0.462438922228452,0.8468829393386841,0.8664288520812988,0.8125220808479094,0.8397937879534841,0.7176889181137085,0.7164665460586548,0.8484857359437663,0.8436035304008803,0.7937207818031311,0.7903078198432922,0.6967104922429254,0.6747227545964537,0.2748635411262512,0.2747233211994171,-0.8664955886479682,-0.859392249103681,0.7910991907119751,0.7913608551025391,0.6909994631385026,0.6770062971771923
245,10.208333333333334,245,10.208333333333334,0.0,0.0267206261033446,0.03187212476536965,0.5298280873904601,0.5336419356238365,0.08369374961843339,0.08887405565221422,0.08552008400521556,0.08898926567461198,0.12352125523609549,0.12134704236415582,0.11770130547648655,0.11571843617204979,0.08672752307759463,0.08624031596862516,0.49118082225322723,0.4911152869462967,0.4884505569934845,0.4898875057697296,0.498436763882637,0.4980086088180542,0.25923508405685425,0.2583609074354172,0.32235389947891235,0.3217150568962097,0.4738902151584625,0.4776342511177063,-168.22317504882812,-167.60122680664062,5.535685062408447,1.8846576213836672,1.6891080141067505,0.8359689116477966,0.6073082089424133,0.6061559915542603,0.4218310131166048,0.41672535534080696,0.8302246332168579,0.8394763469696045,0.776613289450134,0.7842879257712527,0.368554949760437,0.3775399327278137,-0.5032373475570983,-0.46420311412987225,0.8463385105133057,0.8669095039367676,0.8117326902679896,0.8437489282963426,0.7175946831703186,0.7163368463516235,0.8491446685114825,0.8412863082321189,0.7940621376037598,0.7900197505950928,0.6977989138255716,0.6770914115156316,0.2743109464645386,0.27470090985298157,-0.8683931822081936,-0.8604737151017847,0.7904602289199829,0.7912271022796631,0.6899487314983945,0.6797083302191858
246,10.25,246,10.25,0.0,0.0338483858708489,0.03515939208392333,0.5226727006774421,0.5237767133748328,0.08350023660742908,0.09230544031347152,0.08494893783005616,0.09359688483133902,0.12307030929361416,0.11664611620496261,0.11723978972682704,0.10889451666305659,0.08738828918334283,0.08689969660315099,0.4908502399921417,0.4909841865301132,0.48773303627967834,0.4893079400062561,0.49860094487667084,0.49779853224754333,0.25969259440898895,0.25847122073173523,0.32269179821014404,0.3231269419193268,0.47329631447792053,0.4764638841152191,-168.88954162597656,-168.29661560058594,7.030074596405029,2.3861091136932373,1.6920437812805176,1.2095023393630981,0.607757568359375,0.6061959862709045,0.4223530357119219,0.41728378035665764,0.8298906683921814,0.839569628238678,0.7761086362612887,0.7862634150865286,0.36907804012298584,0.3776743710041046,-0.5011550400843323,-0.46242658157849326,0.8467432856559753,0.8669905662536621,0.8127874609775695,0.8456402790372317,0.7176266312599182,0.7159677743911743,0.8474626696153666,0.8398581584731802,0.7941197156906128,0.7901120781898499,0.6982550611436732,0.6791688212043048,0.27369487285614014,0.27466052770614624,-0.8702152854972321,-0.8589857659960194,0.7902751564979553,0.7906238436698914,0.68988758263683,0.680276990052011
247,10.291666666666666,247,10.291666666666666,0.0,0.042453223025669444,0.03945446916571406,0.5127239360596751,0.5245565314877623,0.08573573604620764,0.09035730899755681,0.0862454519551958,0.08932874709723392,0.1221197159900639,0.11362332303518309,0.11523936541120999,0.10227206948964253,0.08759617097109554,0.08806524441875536,0.49054209887981415,0.4906263053417206,0.4875710606575012,0.4881657660007477,0.4990057051181793,0.49833419919013977,0.26172396540641785,0.26129820942878723,0.3255123198032379,0.3262234330177307,0.4732948988676071,0.47609083354473114,-169.0492401123047,-168.7490997314453,7.801198959350585,5.577360153198242,1.6436620950698853,1.4932013750076294,0.6069275140762329,0.6063128113746643,0.41820111734655285,0.4145964289879586,0.8320406675338745,0.8383599519729614,0.7819613481813928,0.7824230871680756,0.3696288764476776,0.37788504362106323,-0.5013401353361929,-0.4624785294352143,0.8483933210372925,0.8675694465637207,0.817605372715579,0.8455092895788086,0.7180551886558533,0.7154637575149536,0.8488250859957855,0.833694170428524,0.7940884232521057,0.7890378832817078,0.6992365031876406,0.6758980667126767,0.27407175302505493,0.27462512254714966,-0.87162762561812,-0.8589569955749996,0.7903881669044495,0.7908354997634888,0.6911710214594874,0.6797805302340545
248,10.333333333333334,248,10.333333333333334,0.0,0.05265949278637021,0.054890296923803775,0.5162386788051142,0.5367930464381363,0.08726930246675918,0.09341284215401123,0.08659966045805205,0.09259815053015132,0.1224206448014998,0.11794267737862356,0.1134863368417746,0.10681277765128161,0.08814392253161758,0.08729382708955159,0.4904634654521942,0.49067023396492004,0.4871220588684082,0.48816993832588196,0.4985118806362152,0.49730950593948364,0.2654910981655121,0.266299843788147,0.3316735625267029,0.3348643481731415,0.47362327575683594,0.47861552238464355,-167.6042022705078,-165.73965454101562,7.833982467651366,4.833895683288574,1.9037278890609743,1.7579433917999268,0.607715904712677,0.6090186834335327,0.4230533880280815,0.42982184573736937,0.8324563503265381,0.8354032635688782,0.7819365763725193,0.7722040614926179,0.3692014515399933,0.3767044246196747,-0.5009450484921557,-0.4640504909361394,0.849794328212738,0.8669052124023438,0.8197179294036324,0.840384466888255,0.7183226943016052,0.7163322567939758,0.8515410510993826,0.8427307866962752,0.7940036058425903,0.7878686785697937,0.6981438339951306,0.6693238462816782,0.2733980417251587,0.27452439069747925,-0.8720848251585405,-0.8572071837269776,0.7907241582870483,0.7891145944595337,0.6909975585380849,0.6720204112116896
249,10.375,249,10.375,0.0,0.061825487403329014,0.06455359594477396,0.5303712449533483,0.5429499391455767,0.08700767667694763,0.09459308801545145,0.08593108957859938,0.09460237638442756,0.12441403460142972,0.11323123766107786,0.11464400289504038,0.10566136522501193,0.08789387851859466,0.08721866008908659,0.4901360869407654,0.49014653265476227,0.48691317439079285,0.48719465732574463,0.4989970028400421,0.49721550941467285,0.26971882581710815,0.2692990005016327,0.33863091468811035,0.33931994438171387,0.4736601710319519,0.47676174342632294,-165.246826171875,-164.6529083251953,7.921697139739991,6.406991958618165,1.9802049398422243,1.7635639905929565,0.6077412366867065,0.6097909212112427,0.4226081293842191,0.43228515681119206,0.8316818475723267,0.8365963697433472,0.7826425542569909,0.7772348377580066,0.3691710829734802,0.3762260377407074,-0.5045369965800368,-0.46459481604736247,0.8494666814804077,0.8676459193229675,0.8215205573191525,0.8443011784183792,0.7183148860931396,0.7163077592849731,0.8523258392972815,0.8413056286433719,0.7943780422210693,0.7894370555877686,0.7010956887550603,0.6753717617620991,0.27368319034576416,0.2738642692565918,-0.8756275662109897,-0.8576599839597674,0.7891029119491577,0.7888115644454956,0.6895641483468312,0.6740207147229094
250,10.416666666666666,250,10.416666666666666,0.0,0.06850801583344131,0.06255074794524622,0.5442461804439965,0.5559675899185839,0.08867856674659305,0.09397326896367154,0.08861899118207155,0.09462402294059587,0.11994065323181978,0.10926716496981706,0.11062753431121385,0.10378439161081016,0.08780320712965063,0.08716438924899263,0.4899838864803314,0.4898308515548706,0.4869347810745239,0.48708027601242065,0.4976530075073242,0.4971192926168442,0.2729085236787796,0.272055521607399,0.34213826060295105,0.3418775200843811,0.4755624532699585,0.47843605279922485,-164.41709899902344,-164.4043426513672,6.2797980308532715,5.457517147064209,1.8436486721038818,1.54399573802948,0.6085647940635681,0.6107392907142639,0.42999198118057663,0.4355761272569788,0.831193208694458,0.8352055549621582,0.7755405222113274,0.7693421746278941,0.36960548162460327,0.3756842613220215,-0.4964252317012444,-0.46553601065348105,0.8507412672042847,0.8690204620361328,0.818169882225009,0.842261059188971,0.7188031077384949,0.7200842499732971,0.8573729870311139,0.8547633714627453,0.7953017950057983,0.7918548583984375,0.6972704477297762,0.6758601954683203,0.27184703946113586,0.27315300703048706,-0.8754232401922522,-0.8586020854197793,0.7917569279670715,0.7889546155929565,0.6895399913717417,0.6696060759502831
251,10.458333333333334,251,10.458333333333334,0.0,0.07060007359808967,0.06245565014775493,0.5461659353236653,0.5602531262663276,0.09248888126627194,0.09465287483567558,0.09370514662184051,0.09638643350051343,0.11424196590039408,0.1101516963968695,0.10896125801669745,0.10763301745399366,0.08744264138255221,0.08587304469677372,0.4896412789821625,0.48940517008304596,0.4867553114891052,0.48714685440063477,0.4975311905145645,0.496615931391716,0.27428509294986725,0.27433621883392334,0.3450586497783661,0.34462565183639526,0.4757615774869919,0.47734537720680237,-163.2130584716797,-163.9992218017578,6.801187038421631,5.366526126861572,1.6489793062210083,1.2354741096496582,0.6091727018356323,0.6111913323402405,0.4328495056817339,0.440642609496626,0.8312506079673767,0.8346484899520874,0.7752824440485946,0.772955392312329,0.36873659491539,0.37504199147224426,-0.49935437437115027,-0.46755811185831986,0.8509581089019775,0.868646502494812,0.8182623342297921,0.8465034420925025,0.7180532217025757,0.7198835015296936,0.8549942674741424,0.8586590481648791,0.7949575781822205,0.7906402349472046,0.6961313411418709,0.677752141070211,0.27158597111701965,0.272727370262146,-0.8760207146078143,-0.8610473015660792,0.7906852960586548,0.7884737253189087,0.6868139641135357,0.6730653212806456
252,10.5,252,10.5,0.0,0.06131412548290524,0.06549751380041069,0.5486769707739572,0.5700297923135459,0.09076958201460467,0.0927662578848472,0.09282267722036427,0.09508374775462669,0.11751848880355444,0.10861356901740454,0.1137165334844291,0.10722123764032924,0.08736506113337893,0.08580977903269678,0.4895472675561905,0.4895058572292328,0.48656752705574036,0.4866318106651306,0.49782034754753113,0.49677133560180664,0.2757398188114166,0.2754717916250229,0.3467983901500702,0.3467549979686737,0.4754899740219116,0.4793432652950287,-162.3779296875,-162.7052764892578,7.108801841735841,6.698850631713867,1.6618989706039429,1.5081669092178345,0.6097008585929871,0.6103885769844055,0.4339632457705704,0.4358626628083842,0.8317117691040039,0.8375760316848755,0.7772156230962832,0.7730245042887567,0.3683248460292816,0.37407344579696655,-0.5022884470800763,-0.4706981820762458,0.8511113524436951,0.868119478225708,0.8195422282095151,0.8389336975192908,0.7183313965797424,0.7196868658065796,0.8553204635203393,0.8551568000952698,0.7949048280715942,0.7903854846954346,0.69690911180553,0.6711928109982298,0.2712509036064148,0.2740965485572815,-0.8788198263160647,-0.8542332522815612,0.790571928024292,0.7897381782531738,0.6874554577715261,0.6697959992361617
253,10.541666666666666,253,10.541666666666666,0.0,0.0554606116791134,0.05781010682536068,0.5543868715637846,0.5636839282682723,0.09145102444473191,0.09405296383454922,0.09387229938915449,0.09744496329218746,0.11418189758435555,0.107445265406606,0.11129887279866292,0.10772872005718934,0.08716755476270253,0.08616851334631208,0.48938386142253876,0.4894592761993408,0.48599812388420105,0.4860752522945404,0.49822285771369934,0.496899351477623,0.2763282060623169,0.2765659987926483,0.3482672870159149,0.34828171133995056,0.4757494330406189,0.47946713864803314,-161.83949279785156,-161.68565368652344,7.91013240814209,7.522935390472413,1.8859063386917114,1.7901538610458374,0.6095909476280212,0.6094386577606201,0.4317993322214606,0.4316649157398276,0.831803023815155,0.8393396735191345,0.7765315257988111,0.7764504538219836,0.36843833327293396,0.3757418394088745,-0.5032040239651762,-0.4647216067503435,0.8505178093910217,0.8673480749130249,0.8173473506486941,0.8368805613346445,0.7183653712272644,0.7190749645233154,0.8535424321440833,0.8521948504253676,0.7950040102005005,0.7942608594894409,0.6962750842673063,0.6791897233701608,0.2713854908943176,0.27455246448516846,-0.8794998961626928,-0.8528518027048811,0.7899048924446106,0.7909723520278931,0.6851542142808655,0.6720945358704247
254,10.583333333333334,254,10.583333333333334,0.0,0.056642957600908254,0.06207389081783033,0.5537087003508571,0.5609240608660916,0.09354750537069102,0.09369611735216539,0.09596602656384455,0.0965610931433006,0.11398529031682253,0.1089061170841698,0.11113030604533637,0.10921383222939098,0.08715465792068633,0.08634814849520174,0.48963938653469086,0.4894492030143738,0.48625320196151733,0.4863679111003876,0.4984543174505234,0.4966793656349182,0.2773602604866028,0.27760572731494904,0.3497856855392456,0.3496648967266083,0.47604748606681824,0.4798283576965332,-161.54566955566406,-161.35281372070312,7.912691593170166,6.8679399490356445,1.907690763473511,1.5803825855255127,0.6089842915534973,0.6094675064086914,0.4276150348808826,0.4328779070338676,0.8324861526489258,0.8393017649650574,0.7756757876785523,0.7760528145660774,0.36783164739608765,0.37543779611587524,-0.5053490518284549,-0.4653219434140046,0.8508465886116028,0.8672093152999878,0.8156314573707192,0.8363013129171365,0.718280553817749,0.7184263467788696,0.850457122556904,0.8510590602003499,0.7954012751579285,0.7954049110412598,0.6949723055489961,0.6812856458427682,0.27195361256599426,0.2745829224586487,-0.8762791053357933,-0.8524002862556769,0.7892056107521057,0.7919467091560364,0.681489405631707,0.6738198715960502
255,10.625,255,10.625,0.0,0.059881587223840675,0.06462674019938146,0.5540944950370181,0.5642334155674714,0.09173166507960875,0.09327176847386227,0.09433775729881912,0.09609282572996908,0.11382954331297745,0.10941101584611851,0.11098160857582612,0.10898294528073366,0.08778243431392424,0.08599824820074806,0.4897569566965103,0.4895196855068207,0.48651617765426636,0.48659127950668335,0.497801274061203,0.49698783457279205,0.2787877172231674,0.27914999425411224,0.35129591822624207,0.3515871465206146,0.47702664136886597,0.48069141805171967,-161.50592041015625,-161.29537963867188,6.674527168273926,6.2546706199646,1.7831997871398926,1.5490498542785645,0.6086113452911377,0.6090961694717407,0.4273817186462367,0.43062756925232104,0.8326864242553711,0.8390063047409058,0.7716031517860323,0.7741966840538123,0.3672104775905609,0.37561070919036865,-0.5036737041635129,-0.46623060197424576,0.8509362936019897,0.8684770464897156,0.8111962049933663,0.8378729402913218,0.718264102935791,0.7185573577880859,0.8502998117068183,0.8510869891038984,0.7952497601509094,0.7951515316963196,0.6903843876600486,0.6794414251116897,0.27186664938926697,0.27475330233573914,-0.8714038996836169,-0.8536414041599162,0.7894389033317566,0.792237401008606,0.6777777459986087,0.6731449791666895
256,10.666666666666666,256,10.666666666666666,0.0,0.05667176039361347,0.05199037503851031,0.5538851276587309,0.5670273372780549,0.09246805725028838,0.09514293627962883,0.09508055166506171,0.0978331309219091,0.1123116268827456,0.10998380358301547,0.11000497773371458,0.10962312591669131,0.0876472716201578,0.08570660670975212,0.48973435163497925,0.489533007144928,0.4867675304412842,0.4868910014629364,0.4977685362100601,0.49708986282348633,0.28039437532424927,0.2809027433395386,0.3535137176513672,0.35436105728149414,0.4769063740968704,0.48123081028461456,-161.2429656982422,-161.14561462402344,6.212675571441651,6.118114471435547,1.6278572082519531,1.4236435890197756,0.6082437038421631,0.6092024445533752,0.42550761643497365,0.4308315073623146,0.8322678208351135,0.8385635018348694,0.7699021014965656,0.772410875855158,0.36671051383018494,0.37641677260398865,-0.5047848119429966,-0.46372823241724026,0.8514196872711182,0.8683338761329651,0.8113952413742931,0.8367625610770348,0.7180496454238892,0.7188363671302795,0.8484376329653212,0.852137906635596,0.7946659326553345,0.7947196960449219,0.6884363910331146,0.6776380402544891,0.2718878984451294,0.2749316990375519,-0.8700048511737911,-0.8537198510630797,0.789425253868103,0.792208194732666,0.6770822904445666,0.6722091752942337
257,10.708333333333334,257,10.708333333333334,0.0,0.028966694084693535,0.03276890651366442,0.551794012957151,0.551477091828647,0.09098085335735681,0.09414366154480576,0.09333331840097572,0.09694149863490317,0.116999317858008,0.1115830825043315,0.1143100186850527,0.11164212199981534,0.08719450981323779,0.08575055518546226,0.4895465224981308,0.4895770400762558,0.48704296350479126,0.4869648814201355,0.49773572385311127,0.49695439636707306,0.2822295129299164,0.2823650985956192,0.3562431037425995,0.3570499122142792,0.4771161377429962,0.48203878104686737,-160.90023803710938,-160.55496215820312,5.026127338409424,5.733137130737305,1.44826340675354,1.4663183689117432,0.6082247495651245,0.6096517443656921,0.42640487949955036,0.4323496743551521,0.8324337601661682,0.8378293514251709,0.7713336816561519,0.7677828381508388,0.3669299781322479,0.3762013614177704,-0.5048122008726259,-0.46325433796691495,0.8513938188552856,0.8685590028762817,0.8124927206403662,0.8340962847984925,0.717612624168396,0.7192450761795044,0.8485601405161063,0.8527911679897535,0.7936810255050659,0.7955847978591919,0.6872081342190692,0.6766206603595176,0.2722362279891968,0.2746430039405823,-0.870259147833242,-0.8528706294154452,0.7892829775810242,0.7930310368537903,0.6776607256942223,0.6711097389469535
258,10.75,258,10.75,0.0,0.026925283527353266,0.024354868127244706,0.5363540892194483,0.536885365161463,0.089153788196121,0.09277448790651,0.09075845606767452,0.09470450065310397,0.11801832074565768,0.11132295626462092,0.11371928241317862,0.10766639492115088,0.08641920528330563,0.08574085781116203,0.48966673016548157,0.48959413170814514,0.48769688606262207,0.487159788608551,0.4977766424417496,0.49728110432624817,0.28384117782115936,0.28405797481536865,0.3577224016189575,0.3583368957042694,0.47745394706726074,0.48268114030361176,-160.22300720214844,-160.16575622558594,2.867964506149292,4.017473697662354,1.2813651561737063,1.5601575374603271,0.6082101464271545,0.6090824604034424,0.4250725392791786,0.4283457305323983,0.8324061036109924,0.8380943536758423,0.7685188832737786,0.7659553743243062,0.3672291040420532,0.3762921690940857,-0.502494004460267,-0.46354620075068304,0.8520517349243164,0.8687818646430969,0.8110543020894803,0.8320904055095066,0.7174650430679321,0.7196338176727295,0.8456084696605715,0.8519023272713935,0.7938951253890991,0.7973006367683411,0.6851374657186388,0.6780403347918839,0.2721913456916809,0.2746167778968811,-0.8683063694716386,-0.8530962138065441,0.7897794246673584,0.793425440788269,0.6762264233027813,0.6696888524163892
259,10.791666666666666,259,10.791666666666666,0.0,0.02675266516000505,0.02690993146890132,0.5461635354715128,0.5392943090646954,0.08938748942427588,0.09581853388642753,0.09106083919219089,0.09706170431077674,0.11659119626535204,0.10973268303701639,0.11195599856330327,0.10507535323961219,0.0862639167943962,0.08548323914352626,0.4894999712705612,0.48952972888946533,0.48758143186569214,0.48741063475608826,0.49759751558303833,0.4974520802497864,0.2844220995903015,0.2845599055290222,0.3588624894618988,0.3590601980686188,0.478131040930748,0.48245808482170105,-160.16574096679688,-160.52268981933594,3.6685829162597656,3.9162793159484863,1.3116402626037598,1.4546362161636353,0.6081433296203613,0.6085808277130127,0.4250383395802154,0.4257444683102862,0.8316279649734497,0.8382035493850708,0.7645290114286117,0.766627675160075,0.36793407797813416,0.37608602643013,-0.4985438182692669,-0.46496453198544,0.852189302444458,0.8684070110321045,0.8089982498892585,0.8317158122995643,0.7173976302146912,0.7204936742782593,0.8451109304874869,0.854492892508788,0.7947134971618652,0.7987562417984009,0.6846918766081831,0.6816191487868423,0.27189040184020996,0.27473291754722595,-0.8678227908684524,-0.8532576283980087,0.7900740504264832,0.792936384677887,0.6746578667344539,0.6690774188745875
260,10.833333333333334,260,10.833333333333334,0.0,0.034585077899884874,0.03977026328685669,0.5502758704048317,0.5531685753264642,0.09376656515029547,0.09587393962196979,0.09532925281155576,0.0978484931730705,0.11291829492321966,0.1077751231091244,0.1065907145756814,0.10288600742072691,0.08629111072652579,0.08531200572978309,0.48951494693756104,0.48977625370025635,0.48705267906188965,0.4870656430721283,0.49709224700927734,0.4972493350505829,0.28404685854911804,0.2843540459871292,0.358631432056427,0.35754796862602234,0.47897930443286896,0.48256395757198334,-160.52658081054688,-161.72245788574222,5.841288089752197,6.356382846832275,1.7074182033538818,1.7311158180236816,0.6080726385116577,0.6086018085479736,0.42605636824203974,0.42676662959340167,0.8314176201820374,0.8383153080940247,0.7610732407557226,0.7669369618630147,0.3679150342941284,0.3766051232814789,-0.49591439860676045,-0.46237790701487724,0.8526343703269958,0.8681164979934692,0.8068897711088532,0.8311830539940599,0.7168675661087036,0.7208314538002014,0.8437226884600473,0.8568950851223098,0.7949008345603943,0.7990788221359253,0.6822170349088377,0.6823500409961574,0.27169907093048096,0.2746044993400574,-0.8652897753078378,-0.8533028782228541,0.7906189560890198,0.7928537130355835,0.6729705285583463,0.6689298073029443
261,10.875,261,10.875,0.0,0.04627194773144427,0.05188719946319868,0.553212994633364,0.5565013900895732,0.09443666463454382,0.09692154870492961,0.09668003112152086,0.09885986949380757,0.11179892475928425,0.10636385619986159,0.10703159436925047,0.10449584970446793,0.08653491085057737,0.08581997999159915,0.48965515196323395,0.4897720366716385,0.48705342411994934,0.48673689365386963,0.49689599871635437,0.4974488317966461,0.28408659994602203,0.2843485027551651,0.35780540108680725,0.35640180110931396,0.47868530452251434,0.48236308991909027,-160.69931030273438,-161.6998748779297,5.378143787384033,7.097952365875244,1.677793264389038,1.7153737545013428,0.6080307960510254,0.6089575886726379,0.42642641213671706,0.42705951820373067,0.8315870761871338,0.8384938836097717,0.761676225308474,0.767205108419045,0.36880192160606384,0.3765476644039154,-0.4914995035588586,-0.4630308483703014,0.8526725172996521,0.8679831027984619,0.8071854306598429,0.8307331155604393,0.7168247699737549,0.7206579446792603,0.8438710386136834,0.8548528283957113,0.7946948409080505,0.798861026763916,0.6820508429307708,0.6818248751674635,0.27124321460723877,0.274431049823761,-0.8658341889673111,-0.8541200636477623,0.7907805442810059,0.7926365733146667,0.6736025241094686,0.6684156654951084
262,10.916666666666666,262,10.916666666666666,0.0,0.04927622129074209,0.05007577890672265,0.5497009728391585,0.5581718790265884,0.09311393077635731,0.09567410172433852,0.09514582014912291,0.09801743715216413,0.11124661696426709,0.10652340722926217,0.10546777726880482,0.1034160542988969,0.08693981881805374,0.0861023370152179,0.4897821545600891,0.4899369329214096,0.4866786599159241,0.48670485615730286,0.4970015436410904,0.49747252464294434,0.28270816802978516,0.28378890454769135,0.3563849627971649,0.35587799549102783,0.4789377301931381,0.48257310688495636,-160.95977783203125,-161.38058471679688,6.8677802085876465,6.859555244445801,2.057675361633301,1.8907136917114258,0.6083765625953674,0.6090713143348694,0.4274282383777461,0.4275969578316955,0.8317379355430603,0.8381597995758057,0.7615997202463891,0.7663782108087828,0.3696276843547821,0.376369833946228,-0.48882760964981126,-0.4640116821167957,0.852690577507019,0.8682705760002136,0.8068307774175333,0.8312744609681321,0.7170263528823853,0.7210193872451782,0.8443977607942286,0.8565322137042108,0.7947891354560852,0.7986894845962524,0.6818373068947037,0.6813098154051672,0.2707124352455139,0.274222195148468,-0.8684385050951118,-0.8553960306405455,0.790759801864624,0.792986273765564,0.6731390712091759,0.6690179704004714
263,10.958333333333334,263,10.958333333333334,0.0,0.053263956439847465,0.047919227222077206,0.5550118163552868,0.5540312266036138,0.09474666623075333,0.09579687814839531,0.09737580331923683,0.09829257238191277,0.10930608114166533,0.1052373808446701,0.10397714669776252,0.10338201164457121,0.0872489939254665,0.08623284666459645,0.489903524518013,0.4899848848581314,0.4867800176143646,0.4868997633457184,0.49719466269016266,0.49743643403053284,0.28249284625053406,0.283127024769783,0.3559017479419708,0.35524874925613403,0.47905533015727997,0.4829324185848236,-160.75181579589844,-161.44149780273438,6.26423978805542,7.044437408447266,2.001726388931275,1.7653532028198242,0.6082009673118591,0.6088070273399353,0.42596908148487156,0.4263938643898308,0.8318278193473816,0.8384971022605896,0.7614610062858415,0.7657403960233287,0.3698199987411499,0.3760961592197418,-0.4887800633640798,-0.4645638237641424,0.8524954319000244,0.868632972240448,0.8060721410372836,0.8306406914472892,0.7171118259429932,0.7213822603225708,0.8438972214489624,0.8573998166765101,0.7949360609054565,0.7992815971374512,0.6818299795826667,0.6812862930094596,0.2709788680076599,0.27403080463409424,-0.8680672202058152,-0.8553316168492352,0.7905851006507874,0.7932387590408325,0.6724384122826306,0.6682724998808115
264,11.0,264,11.0,0.0,0.0553619558833229,0.049905402333743666,0.559307694367808,0.5574910533872542,0.09500056916671618,0.09614172622173546,0.09791828341271279,0.09861888321709959,0.11007258344322375,0.1064134844597638,0.10451474290979496,0.10395933055537658,0.08731123163652983,0.08655975226318734,0.48988454043865204,0.4900258034467697,0.4865613579750061,0.4866971969604492,0.49752888083457947,0.49730847775936127,0.28184425830841064,0.2825797200202942,0.3553484380245209,0.3545369803905487,0.4790404438972473,0.4826658070087433,-160.8132781982422,-161.2545166015625,6.439525604248047,7.451541423797607,2.1367990970611572,1.8998103141784666,0.6086713671684265,0.6090258955955505,0.42638717883828653,0.4275409296340742,0.831811249256134,0.8385518789291382,0.7612708362685702,0.7661085804799987,0.36901772022247314,0.37604907155036926,-0.4930203833845911,-0.46405798005003973,0.8526509404182434,0.8687461614608765,0.8062423840201424,0.8311071874897619,0.7168666124343872,0.7210806608200073,0.8414675582181045,0.8563728828057763,0.7954134345054626,0.7991854548454285,0.6827252354062677,0.6813652942069398,0.27177709341049194,0.2740026116371155,-0.8660744503080564,-0.8545882946796874,0.789541482925415,0.7932829856872559,0.6700537064079319,0.6686591710262999
265,11.041666666666666,265,11.041666666666666,0.0,0.05648963531208582,0.05197031621434301,0.5635963331531053,0.5622967979506059,0.09352979512491807,0.09607254262227581,0.09669694249109179,0.09917066545495841,0.11148641060953415,0.10698158237781744,0.10583463743144705,0.10509716967566961,0.08713851161904758,0.0864427978276897,0.48986878991127014,0.4899565577507019,0.48629695177078247,0.4864795506000519,0.49771012365818024,0.4972922056913376,0.2814035713672638,0.2820199728012085,0.3546803593635559,0.35452935099601746,0.47830772399902344,0.4827285408973694,-160.9350128173828,-160.743408203125,7.104161739349365,7.623577117919922,2.288261890411377,2.0167860984802246,0.6089193224906921,0.6090706586837769,0.4282944551483572,0.4274933320873724,0.8323601484298706,0.8387725353240967,0.76699377517068,0.7659447467579424,0.36932629346847534,0.3758167028427124,-0.49443825850927486,-0.46457940765435746,0.8525456190109253,0.8685387372970581,0.8107221306803138,0.8299797154388079,0.7169429063796997,0.7211800217628479,0.8443203099393329,0.8562522198499974,0.7946336269378662,0.7991474270820618,0.6852657452335147,0.680700664642277,0.2715504765510559,0.274194598197937,-0.8709973981574335,-0.8532300909060317,0.7887279987335205,0.7933939099311829,0.6724722159179422,0.6683233283970946
266,11.083333333333334,266,11.083333333333334,0.0,0.059874992323461794,0.05562260844997257,0.5640746105770224,0.5663211790084107,0.09299071908102549,0.09707047838681637,0.09629395101476004,0.09979491559357433,0.11123911398842845,0.10816038461132399,0.10622321952421317,0.10454320641467031,0.08713285303118443,0.08609507563754326,0.48992252349853516,0.4899315685033798,0.4863283932209015,0.4864949882030487,0.4978412836790085,0.49743127822875977,0.28097644448280334,0.28121325373649597,0.35344749689102173,0.35410234332084656,0.47840215265750885,0.4818524122238159,-161.60552978515625,-160.6171875,7.321143627166748,7.655410289764404,2.2598485946655273,2.137932538986206,0.6089140176773071,0.6084662079811096,0.4270250268503084,0.42480706180083216,0.833353579044342,0.8394802808761597,0.7676041591986416,0.7696370862486002,0.3694317936897278,0.37587350606918335,-0.49367710631258,-0.4650662646911056,0.8521718382835388,0.8682419061660767,0.8082997952408061,0.8315338661816668,0.7173309922218323,0.7207783460617065,0.84383984538727,0.854500577967334,0.7948858737945557,0.7992932200431824,0.6844153949073177,0.683152068956911,0.2714295983314514,0.27419906854629517,-0.8704517529589673,-0.8540611436961633,0.7881430983543396,0.7928920984268188,0.6698337308043212,0.669376463022995
267,11.125,267,11.125,0.0,0.05588729315269458,0.05867136736865599,0.561448997695755,0.5717074485673567,0.09431524860260583,0.09656520179632944,0.0974391094993395,0.09939015959249242,0.11036336985593356,0.10849953377395731,0.10526875348271644,0.10455750043549769,0.08751727797422142,0.08613172556409421,0.48998741805553436,0.48987168073654175,0.4862520396709442,0.486510694026947,0.4980000853538513,0.49778757989406586,0.2803579419851303,0.28066709637641907,0.35181376338005066,0.35308802127838135,0.4781164675951004,0.48118841648101807,-162.39462280273438,-160.6185760498047,7.446253299713135,7.19218921661377,2.2636520862579346,2.0924651622772217,0.6093658804893494,0.6081624627113342,0.4284606342951187,0.42200290546716257,0.8338371515274048,0.8398965001106262,0.769822764676536,0.7714519410927552,0.3691607117652893,0.3755621910095215,-0.4956872050594745,-0.4673116556465494,0.8520233035087585,0.8679242134094238,0.8091798063935077,0.8317294614930898,0.7176535129547119,0.7203798294067383,0.8450785701341708,0.8510502899861119,0.7944529056549072,0.7991026639938354,0.6845904731293951,0.6837190867380886,0.2715420126914978,0.2743249535560608,-0.8712582650364799,-0.8543780538737507,0.7883569598197937,0.7921781539916992,0.671398105948974,0.6688269587765115
268,11.166666666666666,268,11.166666666666666,0.0,0.05491966995772025,0.05701634342760559,0.5657437914911165,0.5761580853219908,0.09312391514535584,0.09672804043521879,0.09624875943067437,0.09986345969752626,0.11260529666619028,0.10747888508661535,0.10701233365894909,0.10305601163469981,0.08705067903930037,0.0860046152950752,0.49009503424167633,0.4898606985807419,0.48628297448158264,0.4865933060646057,0.4981156587600708,0.4979186952114105,0.27971819043159485,0.27998414635658264,0.3512958288192749,0.35201674699783325,0.4784775525331497,0.4816915988922119,-162.33421325683594,-160.8450164794922,7.463667392730712,6.770901679992676,2.3936655521392822,2.077115774154663,0.6101316213607788,0.6079267859458923,0.4314864479558802,0.4205267905953796,0.8341995477676392,0.8405143022537231,0.7707623480501855,0.7715631581443139,0.36975234746932983,0.3751223683357239,-0.4944565752126712,-0.4694122486187962,0.8520463109016418,0.8682796955108643,0.8094319081070265,0.8312660540533706,0.7179337739944458,0.720113217830658,0.8467412638048188,0.8493807033745421,0.7948533892631531,0.7994558215141296,0.6855088694293838,0.6832766289719062,0.2709909677505493,0.2745695114135742,-0.8748862563107218,-0.8537946147188361,0.7888517379760742,0.7923214435577393,0.6725047625701551,0.6679358405104752
269,11.208333333333334,269,11.208333333333334,0.0,0.05048821969033513,0.050587457345840546,0.5622679744107282,0.5758245302788,0.09302187461091804,0.09625476532613242,0.09622613242895738,0.09956156954408794,0.11143381297147853,0.10795718796510283,0.10699068459452131,0.10236669140171076,0.08749525922143643,0.08572171121035702,0.4900733530521393,0.4899081140756607,0.4864528775215149,0.48674309253692627,0.49808311462402344,0.4977990984916687,0.2792194336652756,0.2791536748409271,0.35014909505844116,0.3509152829647064,0.4780265986919403,0.48087936639785767,-162.54429626464844,-161.32798767089844,7.095900535583496,6.446382999420166,2.187008857727051,2.099612236022949,0.6102197170257568,0.6077311038970947,0.4327211060429182,0.4201008261709147,0.8342382907867432,0.8404337167739868,0.7731991755957969,0.7728878135873877,0.37018343806266785,0.37497860193252563,-0.4935488352490496,-0.4693536871717185,0.8516948223114014,0.8676140308380127,0.8110906207200504,0.8313138442767334,0.717894434928894,0.7192836999893188,0.8482243585579463,0.8463946757829826,0.7938925623893738,0.79914391040802,0.6856240492651441,0.6841324192158408,0.2704322338104248,0.27457305788993835,-0.8784762408298381,-0.8530495166880709,0.7889824509620667,0.7913974523544312,0.6749660776377924,0.6674808531262592
270,11.25,270,11.25,0.0,0.04859586554764578,0.04644722504349523,0.5624667955872928,0.5737076914633287,0.09137753579291427,0.09638573400610577,0.0943272947775599,0.09954036079455411,0.11280799559532953,0.10797674956406907,0.10826666832057658,0.10367789566522692,0.086987585913666,0.08564299312564577,0.48990772664546967,0.48981016874313354,0.4863032400608063,0.4870554208755493,0.498323917388916,0.4974581450223923,0.27851276099681854,0.27833737432956696,0.3492806851863861,0.34980544447898865,0.4775617718696594,0.4808715879917145,-162.6621551513672,-161.4884033203125,6.998119354248047,5.476709365844727,2.2009129524230957,1.7883046865463257,0.6098780632019043,0.6076003909111023,0.4309946614200146,0.42113371122153576,0.8346423506736755,0.84000563621521,0.7760236062705964,0.7724051974825055,0.3705982267856598,0.37521666288375854,-0.4934741813045067,-0.46739567205012644,0.8520746231079102,0.8667444586753845,0.8139082063382216,0.8299135444213842,0.7176576852798462,0.7194491028785706,0.8474062737982183,0.848792170390805,0.7937692403793335,0.7991716265678406,0.6871963209661222,0.6845817191971753,0.2701106071472168,0.27445894479751587,-0.8817128011006649,-0.8526472293385738,0.7885911464691162,0.7908707857131958,0.6759430539212625,0.6667287402013974
271,11.291666666666666,271,11.291666666666666,0.0,0.03685351572515923,0.04311608016543186,0.5604161168814352,0.5698423350613431,0.09295110074059902,0.09415822771211721,0.09579462157470438,0.096824263344847,0.11260678707013523,0.10952492449609923,0.10725016581280257,0.10608274165231384,0.08685123164089051,0.08567983119381607,0.4898652583360672,0.4898635596036911,0.48645585775375366,0.487140953540802,0.49814289808273315,0.49751585721969604,0.277658075094223,0.2775656133890152,0.34863561391830444,0.3487551510334015,0.4773865342140198,0.4803679883480072,-162.25013732910156,-161.52365112304688,6.6403961181640625,5.537046432495117,2.157136917114258,1.6656484603881838,0.6099039316177368,0.6074202656745911,0.4319085396335853,0.421084924404855,0.8354736566543579,0.8404068946838379,0.7784175368450501,0.7759371417042882,0.37159493565559387,0.37559807300567627,-0.4890536881836626,-0.46711266336906815,0.8531502485275269,0.8672118782997131,0.8168432948336524,0.8337058494864744,0.7173094749450684,0.7191349864006042,0.8469849745927371,0.8491058326937944,0.7929757237434387,0.7989422678947449,0.6860346104999799,0.6865747327357606,0.26994436979293823,0.27459895610809326,-0.8818895994667887,-0.8540780826973559,0.7888318300247192,0.7907893657684326,0.6770265246478819,0.6690040217343647
272,11.333333333333334,272,11.333333333333334,0.0,0.0330617828781065,0.044740710721615624,0.5599601115174268,0.572677810961617,0.09232720957537988,0.09562003945106372,0.09560831705976626,0.0979402164536267,0.11331193766635783,0.10734010801456682,0.10904085598671147,0.10596231541083014,0.08697309314558369,0.08544987948704438,0.48970845341682434,0.48975157737731934,0.48630377650260925,0.4869116544723511,0.4979536831378937,0.49742795526981354,0.2770628333091736,0.27686695754528046,0.3476952016353607,0.34693440794944763,0.4772473871707916,0.4807847738265991,-162.07579040527344,-162.21786499023438,6.570066452026367,6.250765800476074,2.0215260982513428,1.5409188270568848,0.6100949048995972,0.6074270606040955,0.43403784481986074,0.4216428147703877,0.8356094360351562,0.8404507637023926,0.7802016289132594,0.7754922295662868,0.37168461084365845,0.374396413564682,-0.4887190913833015,-0.47159806793378267,0.8531702756881714,0.8680093884468079,0.8184339019616609,0.8349126361335234,0.7172427177429199,0.7188016176223755,0.8487489121069802,0.8485579389641947,0.7919720411300659,0.7987263202667236,0.6851972424432831,0.6855282558291163,0.2701583206653595,0.27500131726264954,-0.8816722935089574,-0.8525941501455664,0.7885839939117432,0.7912198901176453,0.6778210150583043,0.6693432997413786
273,11.375,273,11.375,0.0,0.03316384185863068,0.039018931073500705,0.5601208313008892,0.5697603214013779,0.0907037460300917,0.09431623822206354,0.0933572632039309,0.09621546621360026,0.11396891217322891,0.10734502273394668,0.10852125406760943,0.10478482240854085,0.08655381300918734,0.0852857393430678,0.4899347424507141,0.4897514879703522,0.4865691661834717,0.48698484897613525,0.49812066555023193,0.4969717562198639,0.2755839228630066,0.27591373026371,0.34583643078804016,0.3456222414970398,0.47731760144233704,0.48193128407001495,-162.50979614257812,-162.7552490234375,6.872544288635254,6.244053363800049,2.0686910152435303,1.5899004936218262,0.6101015210151672,0.6072993874549866,0.4335795571645168,0.42371694101680557,0.8354098200798035,0.8402537107467651,0.7799062976135143,0.7740839304404656,0.37131908535957336,0.37582194805145264,-0.49096403808097544,-0.46527987184365605,0.8527957201004028,0.8678520321846008,0.8177718870064855,0.8337045836334392,0.7176688313484192,0.7186988592147827,0.8500702741359875,0.8515503212545767,0.792104959487915,0.7979190945625305,0.6855905550894308,0.6826284600321235,0.2703585922718048,0.27476024627685547,-0.8818737672695784,-0.8534107022666044,0.7894797325134277,0.7915794849395752,0.6798729467653574,0.6689330015035885
274,11.416666666666666,274,11.416666666666666,0.0,0.031179210909724562,0.03593620194970459,0.5586226898771672,0.5701715808578182,0.08912652521886014,0.0968460528904746,0.09222068213230596,0.0987552612484294,0.11319763967762034,0.1059892878543866,0.10942226242845489,0.10240771705243117,0.08661248530868641,0.08498985847534528,0.489817351102829,0.4897194802761078,0.4863296449184418,0.4871214032173157,0.49830617010593414,0.49733102321624756,0.27444547414779663,0.27456487715244293,0.3434962332248688,0.34413719177246094,0.4767873138189316,0.48237553238868713,-163.61094665527344,-162.99362182617188,7.087428092956543,5.915802955627442,2.022139072418213,1.6102319955825806,0.6107269525527954,0.6078576445579529,0.4355274486918042,0.42478428302348364,0.8359137773513794,0.8401666879653931,0.7825982333634329,0.7734881644572714,0.3717966079711914,0.3758831322193146,-0.4901085513944499,-0.46675773379838303,0.8534445762634277,0.8683768510818481,0.8208008545879171,0.8344740970268345,0.7175014019012451,0.7184786200523376,0.849180533984851,0.8499311950734378,0.7920920252799988,0.7977596521377563,0.6871031105127766,0.6818108275775444,0.2708755135536194,0.2744690179824829,-0.8810852535148593,-0.856520139285929,0.7885085344314575,0.791270911693573,0.6792940685954605,0.6677831920209271
275,11.458333333333334,275,11.458333333333334,0.0,0.031287851529193195,0.032359070454501454,0.5573961905136129,0.5719946452097008,0.09079024999515771,0.09660908133750841,0.09390997221950333,0.09861900062453281,0.11284695557470029,0.10686497245593883,0.10816592103378067,0.10088790656630994,0.08666906295229844,0.08480395562846432,0.4899495989084244,0.489593967795372,0.4866235554218292,0.48718738555908203,0.4984973967075348,0.49771587550640106,0.2730075269937515,0.2730219215154648,0.34200239181518555,0.34271806478500366,0.47661857306957245,0.4834238290786743,-163.49876403808597,-162.9854278564453,6.412917137145996,5.0392165184021,2.0168704986572266,1.6598484516143799,0.6102607846260071,0.6079360246658325,0.4330622603850344,0.423815203054337,0.835976243019104,0.840387225151062,0.783249679077091,0.7720790153208305,0.3729415535926819,0.376085102558136,-0.4865054490253162,-0.4676909905117282,0.8538193702697754,0.8680333495140076,0.8221402465019712,0.8318750412171432,0.716960072517395,0.7181168794631958,0.846502078703935,0.8474793126092928,0.7924786806106567,0.7964495420455933,0.688443154419257,0.6770458453073153,0.27113592624664307,0.2747473120689392,-0.8809832464463546,-0.8573520151137959,0.7884447574615479,0.7913435101509094,0.6796508862247171,0.6660019676413688
276,11.5,276,11.5,0.0,0.031671555333394906,0.03354806093400282,0.555433636250954,0.5722664868804901,0.09074427468478048,0.09583564435676646,0.09384484603098257,0.09856483379171166,0.11107504497324336,0.1070957599913206,0.10689969183180846,0.10204152448254375,0.08656217869815128,0.08500916821683369,0.4899512082338333,0.4895120859146118,0.4865439534187317,0.4873359799385071,0.4986308515071869,0.49861346185207367,0.27101241052150726,0.27134621143341064,0.3386712670326233,0.34029707312583923,0.47623082995414734,0.48306913673877716,-164.67176818847656,-163.19041442871094,6.47537088394165,4.273326396942139,2.00566029548645,1.45713210105896,0.6097376346588135,0.6078590154647827,0.4305484877152852,0.42136511659006537,0.836731493473053,0.8403782844543457,0.7857964990194575,0.7752137566260472,0.3732958137989044,0.37568485736846924,-0.485684216681862,-0.4741412720934953,0.8535870313644409,0.8680263161659241,0.8225371322678283,0.8351986035393715,0.7164798974990845,0.7177566289901733,0.8441840780686484,0.8452452582044427,0.7920603156089783,0.7957363128662109,0.6884250966202924,0.6783590560976976,0.2712498903274536,0.27439063787460327,-0.881121081847728,-0.8648377278801144,0.788118302822113,0.7896848320960999,0.67983254697899,0.6652298340474342
277,11.541666666666666,277,11.541666666666666,0.0,0.031762079772131815,0.03607682931807874,0.5533276899705944,0.5666572701113888,0.0904732274083358,0.09393405675294675,0.09354657759306985,0.09669745868923216,0.10935317620309251,0.10624328110102017,0.10622318655308362,0.1021504845790537,0.086352633680015,0.0850417379242044,0.4901249408721924,0.4896683394908905,0.48674821853637695,0.4878271520137787,0.4980330616235733,0.4987122416496277,0.2690083533525467,0.2689756900072098,0.3353005647659302,0.33622637391090393,0.475829154253006,0.48251189291477203,-165.6326904296875,-164.56158447265625,6.364558219909668,2.8431262969970703,1.8815641403198242,1.2095462083816528,0.6097673773765564,0.6082627177238464,0.43367890880186677,0.42268258838520967,0.8365849256515503,0.8389403223991394,0.7876214628356435,0.7735616887108184,0.3737434446811676,0.37375175952911377,-0.48241030598109197,-0.48213957548462627,0.8534788489341736,0.8657398223876953,0.8245051875708275,0.8317250246089783,0.7159382104873657,0.71820068359375,0.845764047908754,0.8468602427498858,0.7909393906593323,0.7964239120483398,0.6879656682710458,0.6812877187683363,0.27034616470336914,0.27500179409980774,-0.8837303413853055,-0.8631501606173729,0.788853645324707,0.7868513464927673,0.6834119565308522,0.6605122436268719
278,11.583333333333334,278,11.583333333333334,0.0,0.032676072513372095,0.036452687565090805,0.5609264569230702,0.5586994963280424,0.0878592191154053,0.09404944788931201,0.09088483229389281,0.09585752047675322,0.1071693227802216,0.10575872141170216,0.10506851355891672,0.10264690242940495,0.08575373862553617,0.0851329827174277,0.4902666360139847,0.48983438313007355,0.4866357743740082,0.48832815885543823,0.49775683879852295,0.4981563538312912,0.266122043132782,0.2657146602869034,0.3309308588504791,0.3319241404533386,0.4755520075559616,0.4833982139825821,-167.06224060058594,-165.67941284179688,6.914032936096191,2.192531108856201,1.9313476085662842,0.8474094271659851,0.6089200973510742,0.6082548499107361,0.4325084267120917,0.42628853240481385,0.8371172547340393,0.8372387290000916,0.7913024524822467,0.7706414216650733,0.3733880817890167,0.37428775429725647,-0.4838877172792758,-0.47960476652016326,0.8519889116287231,0.8658555746078491,0.8238497690871578,0.8329670334781832,0.7156997323036194,0.7181481122970581,0.8479612707503421,0.851782423893023,0.790665328502655,0.7955642938613892,0.6896402395447433,0.6798772367305435,0.2703791856765747,0.2747637629508972,-0.8846695599047328,-0.8649500502513341,0.7902084589004517,0.7868878841400146,0.6886403590542656,0.6609805857286144
279,11.625,279,11.625,0.0,0.030431874473733942,0.03545366322955963,0.5586374748997958,0.5634806794065251,0.08610098151746584,0.09359644510363224,0.08924598251812066,0.09593477569469319,0.10675791650344588,0.10487745656929832,0.10608589579255714,0.10462392460884319,0.08662280281415112,0.084535797266549,0.49032773077487946,0.4899992346763611,0.4871561825275421,0.48825517296791077,0.4976283758878708,0.49825048446655273,0.2634720206260681,0.2628508359193802,0.3267461657524109,0.32835686206817627,0.475412517786026,0.48315419256687164,-167.76300048828125,-166.28929138183594,5.691718101501465,3.208949327468872,1.5571008920669556,0.8421019315719604,0.608405590057373,0.6080992221832275,0.43025222788954204,0.4266352169002565,0.8381115198135376,0.8354603052139282,0.7923947253109349,0.7696696049828751,0.3736248314380646,0.37494537234306335,-0.4816225219754387,-0.4788976582634851,0.8521372675895691,0.8656954169273376,0.8230370168368043,0.835723089874822,0.7152546644210815,0.7174521684646606,0.8452477902673632,0.8513448578593749,0.791422963142395,0.7948460578918457,0.6903934354485828,0.6809412219917456,0.271043598651886,0.27527517080307007,-0.8800420370065358,-0.8660010418470403,0.7896983027458191,0.7857011556625366,0.6866255403246371,0.6609627060541279
280,11.666666666666666,280,11.666666666666666,0.0,0.03247216877875213,0.035604847620974725,0.5670587501491187,0.5631684907942037,0.08656906591953636,0.09068137758913697,0.08954296396685982,0.09293208459119835,0.10790210825889354,0.10460877162051925,0.10576571719296662,0.10544880594912946,0.08609887395294055,0.08485332342155438,0.49042464792728424,0.4900476187467575,0.4875955581665039,0.4885064363479614,0.4975614845752716,0.4970903992652893,0.26056234538555145,0.26028259098529816,0.32363468408584595,0.324284166097641,0.47498051822185516,0.4821512848138809,-167.57533264160156,-167.00469970703125,4.944754123687744,2.952567338943482,1.5193406343460083,0.6635757684707642,0.6077798008918762,0.6087879538536072,0.4278853150863944,0.4331397788376026,0.8382351994514465,0.8351315259933472,0.7932450229009932,0.7699407886872459,0.37269651889801025,0.3759844899177551,-0.48474597478511633,-0.4696234128316709,0.851053774356842,0.8677593469619751,0.8212371487284421,0.8411104669836554,0.7154520750045776,0.7169652581214905,0.8458864828999252,0.8526287624463766,0.7916148900985718,0.7939038276672363,0.6914395121362225,0.6800125636429819,0.27153968811035156,0.2751498520374298,-0.8774531387231457,-0.8606390703510143,0.7889431715011597,0.7877547144889832,0.685605237756563,0.6665997645741971
281,11.708333333333334,281,11.708333333333334,0.0,0.033915785030547305,0.03584228562426645,0.5656261980672941,0.5662202685417261,0.08704822256503243,0.09023414243200341,0.0908236121421458,0.09206302298339471,0.10598182247017787,0.10266638316843828,0.10519566948127927,0.10313585849491534,0.08661746800833992,0.08476968652880441,0.4904484748840332,0.48995673656463623,0.487871378660202,0.4886077642440796,0.4975742697715759,0.49700601398944855,0.25755955278873444,0.25756801664829254,0.31948384642601013,0.3209543228149414,0.4734363853931427,0.4822545051574707,-168.30772399902344,-167.13607788085938,4.159701347351074,2.426379442214966,1.3035974502563477,0.5902014374732971,0.6078060865402222,0.6088160276412964,0.4295587852846772,0.4329648021782573,0.8383687138557434,0.8359465599060059,0.7999272753588191,0.770406116607702,0.37347131967544556,0.37603408098220825,-0.48361275406922044,-0.46844273900806893,0.851078450679779,0.8665418028831482,0.8277868656313768,0.8370481630213468,0.715154767036438,0.7180534601211548,0.8478823705037082,0.8559677318744472,0.792471170425415,0.7956771850585938,0.6993204121177394,0.6826920379963753,0.2703750729560852,0.2750313878059387,-0.8853651682666999,-0.859558075123691,0.7905547022819519,0.7878471612930298,0.6951195369944779,0.6656368112215955
282,11.75,282,11.75,0.0,0.03566697331392082,0.03421641095548152,0.5643024770121485,0.5751530134855601,0.08603413651764634,0.08636853018545322,0.08982047860334245,0.08827265581933666,0.10530714221857387,0.10377659540065531,0.10421926373766806,0.10490526431982693,0.08626311629072284,0.08499470497395878,0.4902516305446625,0.4898578077554703,0.4878728985786438,0.48872464895248413,0.4984244555234909,0.49769577383995056,0.25433509051799774,0.25423678755760193,0.3149099051952362,0.3160313367843628,0.4736332893371582,0.4824693500995636,-169.6658172607422,-168.51905822753906,4.029664039611816,1.5368118286132812,1.2092729806900024,0.37707605957984924,0.6082924008369446,0.608957052230835,0.42822519432107164,0.43307611504427773,0.8382168412208557,0.8360258936882019,0.7993202414249261,0.774108066302762,0.3740137815475464,0.3751317858695984,-0.48490744854623713,-0.47707105762396573,0.8521488904953003,0.8647433519363403,0.8298651437718796,0.8369846173855267,0.715032160282135,0.719364583492279,0.8442578606260084,0.8628290839284938,0.7936208248138428,0.7962963581085205,0.7015470467295855,0.6871206960492582,0.2722829580307007,0.27533113956451416,-0.881417108799339,-0.8655375286712285,0.7914366722106934,0.7869383692741394,0.6967584670554943,0.6666314849953848
283,11.791666666666666,283,11.791666666666666,0.0,0.035847867762199205,0.03548460570357123,0.5621181326257845,0.5752975752011947,0.0873286442804506,0.08390814775683664,0.090699861391034,0.08552574837685702,0.10348303475222001,0.10400070376345255,0.10173510247702168,0.10447259210500229,0.08621994179218231,0.0851000004852055,0.49032890796661377,0.489846333861351,0.4880698323249817,0.48882582783699036,0.49889472126960754,0.4980341047048569,0.2509741187095642,0.2513618469238281,0.3112531900405884,0.3119140863418579,0.4748261868953705,0.480792373418808,-169.68666076660156,-169.48011779785156,3.8732223510742188,1.3065438270568848,1.139163851737976,0.36694568395614624,0.6075810194015503,0.6090939044952393,0.42161127170885976,0.43218586731317055,0.8406224846839905,0.8387266397476196,0.798177072760161,0.7835008620567235,0.3733735978603363,0.3735354244709015,-0.4869162109345422,-0.48448286596782303,0.8523341417312622,0.8631079792976379,0.823732214230084,0.8368704395254213,0.7149723172187805,0.7183237671852112,0.8381990331967116,0.8572505894922587,0.796380341053009,0.7945901155471802,0.7016395601896608,0.6868881372848953,0.27314186096191406,0.27512672543525696,-0.8757309077791284,-0.8674373555685139,0.7926467061042786,0.7868137955665588,0.6934926712458727,0.6698661475465651
284,11.833333333333334,284,11.833333333333334,0.0,0.040696235566953294,0.04167726245095064,0.565793735273435,0.575694968012687,0.08781236853660027,0.08768334338236694,0.09080526767912246,0.08958494778911143,0.10216979686203657,0.10302035851045352,0.10185910711356279,0.10347160494486847,0.08589913194523313,0.08512923162477519,0.4902462959289551,0.48998232185840607,0.4881746470928192,0.48882707953453064,0.49833253026008606,0.49772727489471436,0.24828984588384628,0.24842000007629395,0.3073748052120209,0.30867841839790344,0.4762606918811798,0.48108161985874176,-170.41648864746097,-168.978759765625,3.641156673431397,1.6932477951049805,0.9289358258247375,0.3851645588874817,0.6071964502334595,0.6092773675918579,0.4236105122351294,0.4330755902056403,0.8407434821128845,0.8372761607170105,0.7977784751701648,0.7778637916853267,0.37303486466407776,0.37327149510383606,-0.48755738648739655,-0.483179878960495,0.8524889349937439,0.8634912967681885,0.8234868755133422,0.8351128586676025,0.715144157409668,0.7176412343978882,0.8436558637409893,0.8537811623776003,0.7978953719139099,0.7926000952720642,0.7039927027425269,0.6802994281752873,0.2730931043624878,0.27478089928627014,-0.8764500543739832,-0.8655540382469602,0.7952244281768799,0.7879553437232971,0.698146551761191,0.6701561395037243
285,11.875,285,11.875,0.0,0.045360923727978675,0.041782428347106985,0.5669094933654927,0.5739844250485043,0.08887040786890074,0.08684070842366792,0.09150289363231914,0.08872476018644018,0.1005283438939864,0.10089281706895317,0.10196874342699074,0.10169957335772585,0.0858266661744755,0.08489370553136753,0.49022798240184784,0.48977482318878174,0.4883174002170563,0.48866984248161316,0.49772176146507263,0.49735644459724426,0.24514129757881165,0.24577922374010086,0.3036937117576599,0.3049520254135132,0.4778739660978317,0.4800490438938141,-170.38720703125,-169.451904296875,3.4438836574554443,1.6930614709854126,0.6834489703178406,0.35937753319740295,0.6068475842475891,0.609674870967865,0.4260456180959671,0.43693860910021004,0.8414694666862488,0.8353320956230164,0.7984902155356928,0.7774391896775464,0.37193262577056885,0.37424036860466003,-0.49110200225962036,-0.4789433821354403,0.8515607118606567,0.8633188009262085,0.8206515473489204,0.8386803926754366,0.7139333486557007,0.7180101871490479,0.8441265042072105,0.8583822127743016,0.7980868220329285,0.7915031909942627,0.703217811934223,0.6815316930120306,0.2736246585845947,0.2740110754966736,-0.8749128874886731,-0.8688531176688802,0.796046793460846,0.7893033027648926,0.6987377156415434,0.6767178430011772
286,11.916666666666666,286,11.916666666666666,0.0,0.04674743857375828,0.041904481120414866,0.5696638759643057,0.5769060885493233,0.08559260554638637,0.08842022321798136,0.08832094174067835,0.09038581193088938,0.10145741947710825,0.09966202026950544,0.10247370505146505,0.10122704736587751,0.0850738546290478,0.08421926219552153,0.48992519080638885,0.489693745970726,0.4880481958389282,0.4888180196285248,0.49736520648002625,0.4968765676021576,0.24310390651226044,0.24298977851867676,0.30025652050971985,0.30125683546066284,0.4780794531106949,0.4808354675769806,-171.3086395263672,-169.96641540527344,3.498990297317505,1.2017357349395752,0.749111533164978,0.17329293489456177,0.6063694357872009,0.6097825169563293,0.42655711629241816,0.4394118169478503,0.8415759801864624,0.8358941078186035,0.8001227809090871,0.7772800437644519,0.3716152608394623,0.37508851289749146,-0.49208672477478577,-0.47397954409338844,0.8515586256980896,0.8640713691711426,0.8220964216254064,0.8389645669811228,0.7145507335662842,0.7168181538581848,0.8498939235953604,0.8559773208760707,0.7993072271347046,0.7938662171363831,0.7070814731711388,0.6852742818808002,0.27333301305770874,0.2739104628562927,-0.8766864092364081,-0.8677482609603969,0.7972596883773804,0.7916059494018555,0.7025744633856288,0.6803261949889634
287,11.958333333333334,287,11.958333333333334,0.0,0.04826698141009599,0.03903158656591498,0.5693820448551253,0.5785405922412532,0.08842260446644777,0.08655027523116043,0.09072764934361317,0.08890927563512997,0.0996373836873167,0.09751617960513265,0.10146976642239415,0.10053697791322101,0.08462032729409656,0.08433795338695077,0.48977042734622955,0.4894484877586365,0.4877490997314453,0.48834678530693054,0.49697545170783997,0.4978138208389282,0.2402135729789734,0.24103912711143494,0.2973192036151886,0.2982201874256134,0.47888433933258057,0.4802103638648987,-171.13403320312503,-170.81573486328125,4.118649959564209,1.7824110984802246,0.6876857876777649,0.22223559021949768,0.6056448817253113,0.609005868434906,0.4269309831682481,0.4344542287972992,0.8415708541870117,0.8350545167922974,0.8015012784034324,0.7798848451999845,0.37089115381240845,0.3750278353691101,-0.49534899790972,-0.4797545487986489,0.8509148359298706,0.864342987537384,0.8221505526541876,0.8442557367159836,0.7143497467041016,0.7157767415046692,0.8540011801234095,0.8516338591795737,0.8010376691818237,0.7936450242996216,0.7119269538315354,0.6888740863188374,0.2742031216621399,0.2741295099258423,-0.8752085096406704,-0.8739887149565849,0.7981252670288086,0.7908312678337097,0.705490833509269,0.682689946020217
288,12.0,288,12.0,0.0,0.05356374246090087,0.04131005597810892,0.570573886069045,0.5660497401250872,0.08010497298839307,0.08935605273954286,0.08337991017233178,0.09191821910908186,0.09733330799296727,0.09526676879200137,0.10235167514864882,0.09895381471154302,0.0842020664248157,0.08420900201827594,0.4895857870578766,0.48914162814617157,0.4873100817203522,0.4877021312713623,0.4976739436388016,0.4962489902973175,0.23831947147846222,0.23832475394010544,0.2918485701084137,0.293641060590744,0.48015908896923065,0.480608195066452,-173.44116210937503,-171.97731018066406,4.890917778015137,2.7589478492736816,0.5379000306129456,0.3027559816837311,0.6052694320678711,0.6078406572341919,0.42265573803989015,0.438154801518616,0.8443604111671448,0.8336350917816162,0.8047421573415117,0.779697482662501,0.3706616461277008,0.37546488642692566,-0.49892869235019693,-0.47424809137292157,0.8518626093864441,0.8646571636199951,0.821319074589829,0.8482130307536568,0.7135658860206604,0.7125486731529236,0.848065003249868,0.849281556693199,0.8004118800163269,0.7906858921051025,0.7076331310566467,0.6848396030455671,0.2740694284439087,0.2745014429092407,-0.8783614701563615,-0.8706721145049692,0.7967795729637146,0.789919376373291,0.6996071563127726,0.6831466714528878
289,12.041666666666666,289,12.041666666666666,0.0,0.07756747735837592,0.049187307325605834,0.6090440640351594,0.5817732422402426,0.052460414786806575,0.05697519519096454,0.051853362783039834,0.0580722852306714,0.10710703197683559,0.09923679846770549,0.10728345045292624,0.10053075183661747,0.08095956455810586,0.08172973992427159,0.488806888461113,0.488496795296669,0.4864712953567505,0.48625171184539795,0.4982331544160843,0.49571171402931213,0.23620502650737762,0.23726079612970352,0.2850065529346466,0.2869185507297516,0.481509730219841,0.48269861936569214,-175.40359497070312,-175.2277526855469,5.654937267303467,5.426269054412842,0.29392433166503906,0.4950904846191407,0.6047210693359375,0.6064084768295288,0.41981219326018876,0.4368609783721084,0.8447558283805847,0.8341931104660034,0.8055234903249178,0.7802780375591131,0.37000539898872375,0.3758751153945923,-0.5055181640405576,-0.472931027069266,0.8522712588310242,0.865437388420105,0.8221894801273828,0.8496368027865896,0.7124658226966858,0.7112647294998169,0.8445792783768196,0.8506725837995203,0.8001568913459778,0.7901228070259094,0.7066222451173229,0.6824469455973969,0.2744639813899994,0.2744939923286438,-0.882175478624057,-0.8730281526824704,0.7956275343894958,0.7896641492843628,0.6965780810010761,0.6814287772575034
290,12.083333333333334,290,12.083333333333334,0.0,0.06587079220321652,0.04550049245671201,0.6124178465418342,0.6003826001638973,0.04023544830895411,0.04615168015528748,0.03953299010898853,0.04574658312926565,0.10808954349343565,0.1032530098806185,0.11141456976837426,0.10611883882660406,0.0800118810097434,0.0811303174256168,0.4869759976863861,0.48700186610221863,0.48498108983039856,0.4850296080112457,0.4984639286994934,0.4952861815690994,0.23404650390148163,0.23487230390310287,0.2771662175655365,0.27833712100982666,0.48068082332611084,0.481575071811676,-179.01185607910156,-179.09698486328125,4.811454772949219,4.78978157043457,-0.31176164746284485,-0.25290995836257935,0.6036277413368225,0.6048725843429565,0.41552545260294477,0.4333988442572033,0.8427320122718811,0.833763599395752,0.8046811228440813,0.7834816139183359,0.3697830140590668,0.3765297532081604,-0.508446717139507,-0.4696650085864734,0.8525984287261963,0.8638919591903687,0.826609842630981,0.8505054210778793,0.7143684029579163,0.7115301489830017,0.8530862673705218,0.8552145447111561,0.8002675175666809,0.791968047618866,0.7103011613256972,0.6905028715799878,0.2723698914051056,0.27473583817481995,-0.893347481624394,-0.8722456573819856,0.7927773594856262,0.7893316149711609,0.6936538224991272,0.6846378409386423
291,12.125,291,12.125,0.0,0.07627875751753775,0.05816414211099412,0.6140813393906093,0.6062965946583532,0.045825888943193054,0.044707283034725785,0.043830239208179966,0.04349767851326642,0.10653442942840022,0.1029672648279075,0.11314885364243124,0.10831491864210098,0.07966859297800608,0.08044357982394774,0.4856560677289963,0.485825851559639,0.4833078980445862,0.4838796854019165,0.4993498623371124,0.4957157075405121,0.2302844598889351,0.2312380075454712,0.2720823884010315,0.27170535922050476,0.48015590012073517,0.4817253053188324,-179.52706909179688,-180.85874938964844,5.872894763946533,4.781454563140869,-0.7108733057975769,-0.7622054219245911,0.6032698750495911,0.6050403714179993,0.4112538738365869,0.43344190890124656,0.8437902927398682,0.8336735367774963,0.8094653994530107,0.7848995201572913,0.3708561062812805,0.37544649839401245,-0.5085021985897896,-0.47683398919863446,0.8531590700149536,0.8625726699829102,0.8303206903531386,0.849349100403456,0.715290904045105,0.711438000202179,0.8545667730856243,0.8552789371354381,0.7998631000518799,0.7919327616691589,0.7116816273517991,0.6918110729792996,0.27059662342071533,0.27583491802215576,-0.9052698628638454,-0.8717662214479992,0.7909762859344482,0.7884384393692017,0.6918992066417594,0.6840181885396074
292,12.166666666666666,292,12.166666666666666,0.0,0.08156167346997892,0.07640072747374882,0.6162445690232273,0.6172402282520635,0.04445084828488221,0.04239328481550005,0.04263655766086248,0.04123243828826485,0.09886163893731599,0.10085832841130092,0.11324246563255308,0.11242673485376938,0.07956580022127427,0.08002016291281398,0.4852730333805084,0.4853186011314392,0.48367607593536377,0.4843812882900238,0.49992816150188446,0.4958406537771225,0.22674726694822311,0.22735048085451126,0.266856849193573,0.2672671973705292,0.48013341426849365,0.4821765422821045,-180.67674255371094,-180.76403808593747,5.041189670562745,3.392873764038086,-1.732647180557251,-1.7245205640792847,0.6020750403404236,0.6048980355262756,0.40577186812824306,0.4321546153045885,0.845650315284729,0.8348367810249329,0.8167456368944681,0.7860734220054487,0.3722652196884155,0.3756197690963745,-0.5071327776180081,-0.47639150452270396,0.8513609766960144,0.8636020421981812,0.8295060804703502,0.8501906793575736,0.7153394818305969,0.7103801369667053,0.855707534675791,0.850141699153339,0.7982187271118164,0.7922266125679016,0.7107599968775625,0.691096111689293,0.27009591460227966,0.27668333053588867,-0.9129937325640366,-0.8684405145022125,0.7919574975967407,0.7884795069694519,0.6967693117031832,0.6827438797198219
293,12.208333333333334,293,12.208333333333334,0.0,0.08275843103894716,0.08438736109943185,0.6033186373999697,0.6149213870376492,0.04427884037645164,0.046149169745739356,0.04308621856833105,0.04460070568823305,0.0929018387024506,0.09062284563166245,0.11881466457550413,0.11533181487676473,0.0803002911580725,0.08084989852788549,0.4863044023513794,0.486286461353302,0.4878687262535095,0.4874623119831085,0.49967606365680695,0.4957737922668457,0.22269917279481888,0.22280756384134293,0.26385125517845154,0.2632251977920532,0.48041555285453796,0.4831497371196747,-180.0367431640625,-180.7888946533203,-1.0679752826690674,0.20517495274543762,-3.4649741649627686,-3.490962266921997,0.6008460521697998,0.6050427556037903,0.4013168618792642,0.4331457845557588,0.8459795713424683,0.8350239992141724,0.8156834982925646,0.7845981820846748,0.3728879988193512,0.37586620450019836,-0.5029375712321824,-0.4753176436498008,0.8516677618026733,0.8652830719947815,0.8283755655061973,0.8520689125493485,0.7156847715377808,0.7088060975074768,0.8568542713064963,0.844467103660867,0.7985962629318237,0.7906361818313599,0.7099570569296105,0.6856236204956594,0.2702917456626892,0.2778405547142029,-0.9099120798050916,-0.8638945614358163,0.793429970741272,0.7882792949676514,0.6984295020443643,0.6803683081643803
294,12.25,294,12.25,0.0,0.057101521234055916,0.07729028862838244,0.5982462434073323,0.6049859438824137,0.04761449488219841,0.043694344635503805,0.0454540008566401,0.0418147360462907,0.07554251350694037,0.07765183362528738,0.11883431224576207,0.12308395998805675,0.079876857221915,0.07980128194927169,0.4869975298643112,0.48652808368206024,0.49078479409217834,0.49073952436447144,0.5006261169910431,0.4965260326862335,0.22074943780899048,0.22067371010780334,0.26128682494163513,0.26045671105384827,0.4811525344848633,0.482145294547081,-179.83285522460938,-180.08741760253903,-4.089715480804443,-5.108867168426514,-5.707003593444824,-6.148142337799072,0.6011581420898438,0.605460524559021,0.4018934301352461,0.4316953276750761,0.8464139103889465,0.8345267176628113,0.82135849498188,0.7855023129782698,0.37362298369407654,0.37683260440826416,-0.5077160718535123,-0.4743318011833401,0.8516014814376831,0.8648465275764465,0.833023718381577,0.8530889655482043,0.7160179615020752,0.710142970085144,0.8610645923885699,0.8465402665581754,0.7982432842254639,0.790397584438324,0.7130378358099596,0.6871329497153923,0.2704271674156189,0.27862977981567383,-0.9202584486632557,-0.863498719872631,0.7941277623176575,0.7908767461776733,0.703783315339806,0.6882010612271221
295,12.291666666666666,295,12.291666666666666,0.0,0.032323691565511486,0.04025750884420824,0.5960835496364248,0.5940973661964479,0.047363056297512036,0.04635197754620273,0.04676360732023364,0.046080188351566284,0.06466511183137674,0.06598790089295405,0.12334887308737283,0.12403873059556864,0.07882254745831188,0.07908086270682732,0.4863659590482712,0.4861009120941162,0.4911791980266571,0.4915899932384491,0.5009160041809082,0.4963868707418442,0.21885643154382706,0.21938645839691162,0.2584652304649353,0.2594916522502899,0.4797731637954712,0.4816596508026123,-179.67156982421875,-179.08815002441406,-5.041011810302734,-6.979008197784424,-7.157033443450928,-7.39229965209961,0.5996384024620056,0.6045766472816467,0.3962305251886748,0.4288744539149343,0.8478752374649048,0.8355189561843872,0.831042096710958,0.7890365146484344,0.3753837049007416,0.3768313229084015,-0.5038342841945129,-0.4739294407425358,0.8505147099494934,0.8652310371398926,0.8370010763112012,0.8552885997102945,0.7151203751564026,0.7096717357635498,0.859726990906996,0.8454812731852918,0.7978547811508179,0.7913422584533691,0.7181138959015598,0.6905311847723329,0.2707441449165344,0.2790171504020691,-0.9238138281476397,-0.8616740240152562,0.794126570224762,0.7916849255561829,0.7096969364585316,0.691295264880943
296,12.333333333333334,296,12.333333333333334,0.0,0.025546073206437397,0.02862192634691489,0.5848579589565034,0.5837911324566438,0.05536008651622455,0.04608288284209456,0.055156396524253144,0.04488846703032918,0.04789299629765464,0.05945057103506742,0.12082595853176098,0.12885875632572927,0.07886196631008448,0.07878772312475708,0.4836656451225281,0.4834591895341873,0.4887428283691406,0.4893569052219391,0.5011101961135864,0.4968879520893097,0.21809326857328415,0.2191142737865448,0.25648409128189087,0.2574615776538849,0.48018524050712585,0.48082518577575684,-180.21853637695312,-179.78211975097656,-3.6215586662292485,-6.35072135925293,-8.675260543823242,-8.73404598236084,0.5994292497634888,0.6042208075523376,0.3943399925822873,0.4246215403766228,0.8485228419303894,0.8358793258666992,0.8310013259053473,0.7901079759601249,0.37475699186325073,0.37653648853302,-0.5067799147482447,-0.4761247021836292,0.8509740829467773,0.8653132319450378,0.8365315365785476,0.8556077443903701,0.7155974507331848,0.7099361419677734,0.8602696960130027,0.8428439751312323,0.7989699244499207,0.7919973731040955,0.7192056798197097,0.6924567251690258,0.27207306027412415,0.27998390793800354,-0.9186266455494061,-0.8580981931778779,0.7923142910003662,0.7928326725959778,0.704189998010553,0.6943155312392286
297,12.375,297,12.375,0.0,0.0320313083502975,0.030452427028905285,0.5799407679054496,0.5684974234382283,0.04774124085972514,0.04605765659136107,0.04580205358521321,0.044748279560696665,0.051102582290794236,0.054675821129553756,0.13164594649849332,0.13227525662219644,0.07924844802002254,0.07889264517173385,0.4802282154560089,0.48063766956329346,0.48249348998069763,0.48431023955345154,0.5015926510095596,0.4960182011127472,0.2179398164153099,0.2185160294175148,0.2566526532173157,0.2576833963394165,0.47963155806064606,0.48267267644405365,-180.70814514160156,-179.5861358642578,3.1180081367492676,-0.45311510562896734,-8.835278511047363,-8.772112846374512,0.5986106395721436,0.6029469966888428,0.388982261534187,0.4225708207547106,0.8507260680198669,0.8371508121490479,0.8369212341377308,0.7879829302743452,0.37518027424812317,0.3770362436771393,-0.5068356180859749,-0.4702035886375103,0.8506879806518555,0.8659350872039795,0.836835336539718,0.8519685900908477,0.7149987816810608,0.7104120254516602,0.8556268849081763,0.8472607759914671,0.7997509241104126,0.7919806241989136,0.7219581204130436,0.687572401452304,0.27258116006851196,0.27961769700050354,-0.9181947490706889,-0.8551909533982142,0.7904630899429321,0.7938804626464844,0.7010114736012422,0.691795624596906
298,12.416666666666666,298,12.416666666666666,0.0,0.04629417524509147,0.03674479011334238,0.5852154121776656,0.5838236188906909,0.0553622427100998,0.05407300936344523,0.05273188714716424,0.052731693290292016,0.04560798930183954,0.04560349700310189,0.12517104701663867,0.12624446774837217,0.07942685810165545,0.07913527276355853,0.4775942713022232,0.47763673961162567,0.47816863656044006,0.4788420796394348,0.5007527619600296,0.49570535123348236,0.2180684357881546,0.21912576258182526,0.2563043534755707,0.2579849064350128,0.4811701625585556,0.4830310046672821,-181.6024932861328,-180.64384460449216,6.022745609283447,5.1165547370910645,-8.475319862365723,-8.424955368041992,0.5986330509185791,0.6025562286376953,0.3919407497085798,0.4224168747173673,0.8483428955078125,0.8377072215080261,0.8270240233011878,0.7887107505848452,0.374598890542984,0.37737444043159485,-0.5051562829240891,-0.46780124541515516,0.8506246209144592,0.8674063682556152,0.8321634074562044,0.8547541874176517,0.7142452597618103,0.7097601294517517,0.8548851922681049,0.8462293677872541,0.8007299900054932,0.7914823293685913,0.7197801755532962,0.6859182101101974,0.2722301483154297,0.2799338698387146,-0.9150700868400453,-0.8530160634911234,0.792737603187561,0.7944478988647461,0.7017780329408733,0.6925128912085187
299,12.458333333333334,299,12.458333333333334,0.0,0.08264562434369305,0.09095441961937288,0.5934103968426041,0.5952515511913509,0.05412102842893233,0.054050067894062824,0.05106106724578795,0.050492904425170286,0.0457930177789456,0.04545588286157749,0.1252495494444504,0.12028023456861396,0.0791006226510905,0.08010771608389776,0.47588980197906494,0.4762026369571686,0.4745820164680481,0.47584694623947144,0.5009773075580597,0.49547411501407623,0.21855882555246353,0.2193809524178505,0.25653254985809326,0.25763070583343506,0.4808579981327057,0.48265132308006287,-181.89566040039062,-181.96536254882812,10.544099807739258,7.734601974487305,-8.194952011108398,-7.971790790557862,0.5974154472351074,0.6026912927627563,0.3861250220399424,0.4240089742524221,0.8509646058082581,0.8377330303192139,0.833543919138072,0.7898807020787314,0.37392979860305786,0.3768017590045929,-0.5086807186414987,-0.4693104687165553,0.849826455116272,0.8677759170532227,0.8309806074632925,0.8567112258205475,0.714397668838501,0.7093778252601624,0.8545057171275537,0.84591941958057,0.8019830584526062,0.790641188621521,0.7232290258031535,0.6851247086721163,0.27213796973228455,0.27986234426498413,-0.916241174471899,-0.8526742418678929,0.7917419672012329,0.7933851480484009,0.7001643218478985,0.6912286575785005
300,12.5,300,12.5,0.0,0.08531652764449839,0.0918232897898629,0.6013697011962791,0.5939129633269862,0.055212083181465955,0.05651465489415308,0.05317762447417895,0.0530129518835541,0.049689837240485736,0.04668869193891363,0.1243539063466941,0.11535671092797199,0.07969446525893914,0.07958399295262666,0.4750777333974838,0.47537045180797577,0.47440317273139954,0.4746543765068054,0.49967415630817413,0.49489326775074005,0.21861768513917923,0.21958322077989578,0.2580126225948334,0.25831544399261475,0.4809890240430832,0.4833737462759018,-181.40402221679688,-181.3835906982422,9.017243385314941,8.908318519592285,-7.772178649902344,-7.389721870422363,0.5971225500106812,0.6025593280792236,0.39122900530895727,0.42650870547826586,0.851388692855835,0.8371248245239258,0.8364682810658454,0.7882597971583748,0.37531059980392456,0.3770469129085541,-0.49928612118919047,-0.4668369595369686,0.8491236567497253,0.8681129217147827,0.8313531823825704,0.8573102473420566,0.7142109870910645,0.7090418934822083,0.8613074851244772,0.848329110046527,0.8010607957839966,0.7894687056541443,0.7228135100227829,0.6820681700410963,0.2719673216342926,0.2788311243057251,-0.9141814969621401,-0.8559093257656178,0.7922289371490479,0.793024480342865,0.7028686498271148,0.6899914652823527
301,12.541666666666666,301,12.541666666666666,0.0,0.08020163210638155,0.09186405054606432,0.611335291051642,0.5945568681903242,0.05410788487219522,0.057377439868857454,0.05212438839809852,0.05394984269299002,0.055901718437218924,0.05285302238583166,0.12698965215440475,0.11782361782129061,0.07899663407308015,0.07961290116241464,0.4751969873905182,0.4749613404273987,0.4735111594200134,0.4742926061153412,0.4995415508747101,0.4943963289260864,0.21799251437187195,0.21883238852024078,0.2564746141433716,0.25646063685417175,0.48078402876853943,0.48374900221824646,-181.89225769042966,-181.962890625,10.470502853393555,7.96736240386963,-7.140489101409912,-7.184041976928711,0.5974319577217102,0.6017510294914246,0.3923992840703906,0.4261378085278674,0.8521736264228821,0.836083173751831,0.8374142269928826,0.7866948293980456,0.374971866607666,0.37634703516960144,-0.49934469063615566,-0.46858933120524354,0.8490054607391357,0.8691787719726562,0.8302706046787512,0.8605909714691719,0.7143157124519348,0.7085180282592773,0.8609344873951157,0.8499427713141935,0.801410436630249,0.7894927263259888,0.7229527083925279,0.6826672696251274,0.27203673124313354,0.27849093079566956,-0.9119660569551485,-0.857023052778544,0.7924364805221558,0.7917779088020325,0.70271811225739,0.6877696451066473
302,12.583333333333334,302,12.583333333333334,0.0,0.05778367017693224,0.07524946326571771,0.5955528013305242,0.6033579862786371,0.057787687981024474,0.05580903431356265,0.05656587353373621,0.05324222108170129,0.054243928669563304,0.05479326665636724,0.12214020898591899,0.11826848839340529,0.07944368506963394,0.07897778583010072,0.4750690907239914,0.4748292714357376,0.47359809279441833,0.4741828739643097,0.4983823597431183,0.4943586140871048,0.2166668400168419,0.21779435873031616,0.25500309467315674,0.25558415055274963,0.48199065029621124,0.48345519602298737,-182.0929412841797,-181.7233123779297,9.324848175048828,7.683564662933349,-6.8575119972229,-6.972650051116943,0.5979514718055725,0.6021581888198853,0.39732987371348,0.4272507075442986,0.8534398674964905,0.8350211977958679,0.8337744052450585,0.7837817370829842,0.37439242005348206,0.3767530024051666,-0.4947810225295973,-0.46611576090947815,0.8505898118019104,0.8696514964103699,0.8273770206723444,0.8609865733495795,0.7145736217498779,0.708268940448761,0.8627097806920665,0.847807966920095,0.801211953163147,0.7905199527740479,0.7165408879995667,0.68457059906148,0.27287083864212036,0.2782957851886749,-0.8999022120815097,-0.856339153004151,0.7934471368789673,0.7910250425338745,0.6991115738984999,0.6856966468799364
303,12.625,303,12.625,0.0,0.03617129917328788,0.035142744060416266,0.5902411507121056,0.5890573284724016,0.054598940354918746,0.05570664608195715,0.05153587913292698,0.053369981191820404,0.056822425289870374,0.050744263400220105,0.11860743248839159,0.11484258087580682,0.07969474892827148,0.07926245531367573,0.47551821172237396,0.47541719675064087,0.4739888906478882,0.47492286562919617,0.4981119632720947,0.49452023208141327,0.21652241796255112,0.21826937049627304,0.2542918920516968,0.2555965185165405,0.48118437826633453,0.4833921641111374,-182.4739227294922,-182.51759338378906,8.647104263305664,6.756318092346191,-6.523004055023193,-6.91903829574585,0.5973359942436218,0.6015247702598572,0.39701443794981317,0.42319240048090434,0.8548445701599121,0.8358408808708191,0.8409860535717636,0.7840687117569373,0.375000536441803,0.37635505199432373,-0.4925925045541978,-0.4673316390648899,0.8511189222335815,0.869568407535553,0.8326008468664827,0.8591000485876996,0.7137889862060547,0.7076935172080994,0.8629652635598547,0.8430793290348133,0.799993634223938,0.7904530763626099,0.717534658030409,0.68309754710806,0.2741146385669708,0.27783554792404175,-0.8962563917160913,-0.8569665660636203,0.7917669415473938,0.7902034521102905,0.6990190816910244,0.6825422249955588
304,12.666666666666666,304,12.666666666666666,0.0,0.036422085980158135,0.030299353216977583,0.5849299071608004,0.5773771603753889,0.057939929570984344,0.05838413263632295,0.05477472893990287,0.055514542681321284,0.05316215798506461,0.052132654914119114,0.11704311836376761,0.11435849110957869,0.07998495861904596,0.0800298344221154,0.47590939700603485,0.47624437510967255,0.47486960887908936,0.47577735781669617,0.4981437921524048,0.49419742822647095,0.21735544502735138,0.21881982684135437,0.2554553151130676,0.2576018273830414,0.4808967262506485,0.4833301156759262,-182.3834686279297,-181.83035278320312,7.479984283447266,6.407076358795166,-6.714452266693116,-6.516123294830322,0.5987206101417542,0.6021367311477661,0.40341913148082326,0.42746970073463686,0.8536200523376465,0.8357712626457214,0.8409452045507949,0.7851178671130314,0.3770145773887634,0.3764466643333435,-0.4858559218097055,-0.46632581868137657,0.8515539169311523,0.8698689341545105,0.8362835519510371,0.8610757720247288,0.7139769196510315,0.7075788974761963,0.8657185083097998,0.8450500451073575,0.7996103763580322,0.7897505164146423,0.7190875829974889,0.6825994454288816,0.27465999126434326,0.2777136266231537,-0.8964057787535324,-0.8573361452291667,0.7908217310905457,0.7901442646980286,0.6992584803497363,0.6834765814133985
305,12.708333333333334,305,12.708333333333334,0.0,0.034780314122756784,0.027622186041078124,0.5638288950895033,0.5586787644074424,0.05951305991857819,0.05906533567126602,0.05606080441050574,0.056551694530046256,0.0555267775893999,0.05431964635980325,0.11585960378577816,0.11390263119429593,0.07957669786270594,0.08023209332176551,0.4765385091304779,0.47654812037944794,0.4752396047115326,0.47582539916038513,0.49920596182346344,0.49437765777111053,0.21892522275447845,0.22031867504119873,0.2584913671016693,0.2598268687725067,0.48013994097709656,0.48446497321128845,-180.75253295898438,-181.25648498535156,8.626420021057129,6.981602668762207,-6.228185653686523,-6.101513862609863,0.5987881422042847,0.6024163365364075,0.40074856299152123,0.42792287256119294,0.853479266166687,0.8363490104675293,0.8451165519474471,0.783986038477101,0.3776342272758484,0.3764011263847351,-0.48924112460713354,-0.4672850203521716,0.852778434753418,0.8696063756942749,0.843530101800044,0.8580823521877337,0.7141696214675903,0.7076884508132935,0.8650782436008345,0.8448878526663105,0.8006106615066528,0.7896727919578552,0.7254395453693931,0.6799929618777109,0.27484220266342163,0.2780119776725769,-0.9029070635621387,-0.8569877418860175,0.7896764874458313,0.7910146117210388,0.7006881975814737,0.6829824920896839
306,12.75,306,12.75,0.0,0.030666691551111815,0.025382463188926455,0.5625162642102318,0.5574804156636884,0.061414022860520834,0.0634512524355199,0.058297497175423554,0.0616557222905726,0.05281280829011833,0.04716974048240634,0.1125398644157764,0.10879147591413046,0.0800531556000495,0.0804134041703662,0.47668901085853577,0.47682464122772217,0.47556543350219727,0.4760955572128296,0.49942395091056824,0.4945945590734482,0.22088156640529633,0.22168473899364471,0.2628927230834961,0.26432526111602783,0.4802449941635132,0.484682098031044,-179.2989959716797,-179.0481719970703,8.783525466918945,7.684425354003906,-6.09005880355835,-6.031091213226318,0.5986061692237854,0.6030660271644592,0.3985307700337954,0.4288802996633216,0.8548425436019897,0.8366014361381531,0.8466725886736831,0.7826836082845116,0.37873631715774536,0.37645938992500305,-0.48494313225760555,-0.46708915843797794,0.8539357781410217,0.8689937591552734,0.8446230999322096,0.8547255153764169,0.7147038578987122,0.7082322239875793,0.8650307339753823,0.8446920407758154,0.8016728162765503,0.7899348735809326,0.7264973479621918,0.6788951840251902,0.2740882635116577,0.27769529819488525,-0.905436544397345,-0.8575879135728214,0.7919076681137085,0.791663646697998,0.7044259721984983,0.6827400491253803
307,12.791666666666666,307,12.791666666666666,0.0,0.030697591219492684,0.031313341950732,0.5550039355058184,0.5598388743436271,0.06035965876114352,0.06495254260544533,0.05723759942893098,0.06352219900688962,0.05437484818182388,0.04728401707154253,0.10991010264307065,0.10732370356761833,0.08006971205181834,0.0804390486134901,0.47712215781211853,0.47726017236709595,0.4757603406906128,0.47657519578933716,0.4994548261165619,0.49487248063087463,0.22258996218442917,0.22367092967033386,0.26720452308654785,0.2683989107608795,0.48021945357322693,0.48452794551849365,-177.4593505859375,-177.7163543701172,9.913514137268066,7.949735641479492,-5.404542922973633,-5.682963848114014,0.599033772945404,0.6029860377311707,0.3992448787709672,0.4269656508980546,0.8540526628494263,0.836979866027832,0.8430866862670999,0.7829520929082118,0.3781128525733948,0.3761250376701355,-0.4865000390126636,-0.46896134616287427,0.8536792993545532,0.8676376938819885,0.8422446589034125,0.8510567309755634,0.7154017686843872,0.7082167863845825,0.8658025983608898,0.842546418919705,0.8021384477615356,0.7902549505233765,0.7260072441989397,0.6791553244516655,0.2743627429008484,0.2776750922203064,-0.9024684869405835,-0.8577631409356518,0.7913440465927124,0.7911007404327393,0.7016631899901626,0.6810341991042401
308,12.833333333333334,308,12.833333333333334,0.0,0.03764213002210917,0.03566682213406107,0.5566869604237434,0.5577051844034603,0.06044185198234273,0.06331375259788061,0.057680189398093884,0.06153377723796867,0.05408179461933093,0.05075163538675562,0.10904640323863343,0.10649389013417808,0.080380682966669,0.08072165018345405,0.47721028327941895,0.4777464270591736,0.47592824697494507,0.4768809378147125,0.49988965690135956,0.4949578642845154,0.22430958598852158,0.22549771517515182,0.2695605158805847,0.2705584764480591,0.47966596484184265,0.4842284619808197,-177.49192810058594,-177.68231201171878,9.638801574707031,8.01821231842041,-5.438971996307373,-5.342182159423828,0.5991851687431335,0.6033540964126587,0.39805663021225973,0.4279560869088274,0.8547115921974182,0.8369989395141602,0.8457107995664276,0.7834292481869213,0.37840187549591064,0.37585532665252686,-0.4870211752901384,-0.4702253477375573,0.8536530137062073,0.8673586845397949,0.843323753306168,0.8508518748956196,0.7154825925827026,0.7077462077140808,0.8642706591979099,0.8401036180508088,0.8015372157096863,0.7900584936141968,0.7258050036424281,0.6791843621122594,0.2748546600341797,0.27793627977371216,-0.9021220684728956,-0.8568167569902374,0.7903028130531311,0.7912003993988037,0.7004719375823919,0.6817202953813646
309,12.875,309,12.875,0.0,0.04097561669123106,0.03766983477229177,0.5559570056714718,0.5535209318591069,0.06384801075897609,0.0642639775620951,0.06067461719290771,0.06176589172466424,0.05519035942160037,0.05021518900193619,0.10791045829111892,0.10433941677224154,0.0802338369639539,0.0809084716506,0.4776047468185425,0.47788700461387634,0.4763163626194,0.4770437479019165,0.5001945942640305,0.49530795216560364,0.22560115903615952,0.226437509059906,0.2704939544200897,0.27233389019966125,0.4795958995819092,0.4846380203962326,-177.731201171875,-177.04275512695312,9.459443092346191,8.142875671386719,-5.272918701171875,-5.270712852478027,0.598711371421814,0.6031850576400757,0.39540522985303805,0.4255905893642634,0.8542865514755249,0.8375999331474304,0.8459166984614653,0.783272902468521,0.37996989488601685,0.37586063146591187,-0.4825317703546099,-0.47123674102095475,0.8540201187133789,0.8661549091339111,0.8453151891326964,0.8466404730557069,0.7154608964920044,0.7081955671310425,0.8639891008182531,0.8398720481328981,0.8018548488616943,0.790607750415802,0.7275447760618698,0.6789905364913189,0.2747478485107422,0.27811330556869507,-0.9048491525603614,-0.8568639030995804,0.7903146743774414,0.7916153073310852,0.7014912136096094,0.6812264492085995
310,12.916666666666666,310,12.916666666666666,0.0,0.03990635633052613,0.0389324029155935,0.5568736442154814,0.5502207154917794,0.06295624461871933,0.06711054605827448,0.060297796736231604,0.06487791282834578,0.05254035271245424,0.049168001060661215,0.10754448741723859,0.10400081876654885,0.07998553690202367,0.08088021552273374,0.47743190824985504,0.4778202772140503,0.4761735498905182,0.4769313335418701,0.5002985894680023,0.49536919593811035,0.2263636812567711,0.22697307914495468,0.27187541127204895,0.27334779500961304,0.48019203543663025,0.4845206141471863,-177.26121520996094,-176.71215820312503,9.87711238861084,8.513846397399902,-5.430490016937256,-5.334325790405273,0.5990940928459167,0.6035805344581604,0.396520586571597,0.42647649443163227,0.8538686037063599,0.8377283215522766,0.8436201691565808,0.7830239200696231,0.38043731451034546,0.37572526931762695,-0.481069091491205,-0.4715339732692146,0.8533248901367188,0.8654590249061584,0.8423926698361999,0.8444999399616269,0.7160829305648804,0.7081788778305054,0.8660610106656647,0.8387136538169999,0.8018999099731445,0.7901685833930969,0.7262945407366166,0.6775890390346657,0.27474188804626465,0.27826014161109924,-0.9052828569614402,-0.8556581007598804,0.7899478673934937,0.7915039658546448,0.6993113551718917,0.6805494399203526
311,12.958333333333334,311,12.958333333333334,0.0,0.04109377381520008,0.03922112168205238,0.5494498011026436,0.5446180999877378,0.0657067282548822,0.06682650635685486,0.06285426505134045,0.06444670222903005,0.05511592524776187,0.049700892538145615,0.10970682703779372,0.1049445741686382,0.07918548994093501,0.08072066281781398,0.4774360954761505,0.4777405709028244,0.47662353515625,0.476840078830719,0.5009187608957291,0.49541477859020233,0.22688104212284088,0.22726038843393326,0.2721753418445587,0.2736336886882782,0.47989967465400696,0.4843381494283676,-176.96250915527344,-176.62307739257812,9.74514102935791,9.00427532196045,-5.472188472747803,-5.362054824829102,0.5991683602333069,0.6035436391830444,0.3941001516762631,0.4264074098287825,0.8543751835823059,0.8375746011734009,0.8449320040262398,0.7835580138936573,0.3807496130466461,0.37593400478363037,-0.48202414781774544,-0.47117381061695573,0.853303074836731,0.8651171922683716,0.8425129967231316,0.8446536847091872,0.7161313891410828,0.7081323266029358,0.863263870855314,0.8388541058874691,0.8012126684188843,0.789466142654419,0.724981007485353,0.6768426168206855,0.27500998973846436,0.27828964591026306,-0.906168387233559,-0.8562354668972854,0.7895146012306213,0.7913020253181458,0.6985865674833899,0.6809150180879531
312,13.0,312,13.0,0.0,0.041649397785847135,0.038150927978121085,0.5409346267991628,0.5384975982850696,0.06621623489428068,0.06596991316624416,0.06285504190797302,0.06299336509769762,0.05550784008259136,0.05064317169486765,0.10967416127815117,0.1056419514509557,0.07933173777711612,0.08049929806365996,0.47744686901569366,0.4778861254453659,0.4765763580799103,0.4769394099712372,0.5007913410663605,0.4952680915594101,0.22674786299467087,0.22754477709531784,0.2718299329280853,0.27365297079086304,0.479748398065567,0.4842766374349594,-176.96243286132812,-176.6231689453125,10.21137809753418,9.67182731628418,-5.448561668395996,-5.38339376449585,0.599560558795929,0.6037147045135498,0.3962718408155411,0.427391772620932,0.8534234762191772,0.8373090028762817,0.8433119589384183,0.7826132826648309,0.38123074173927307,0.3762988746166229,-0.4796889139496606,-0.4688617111352676,0.8529968857765198,0.8650915622711182,0.8423492272956247,0.844202536617915,0.7163487672805786,0.7081441283226013,0.86483764932965,0.8389516668373362,0.8005690574645996,0.7896257638931274,0.7240298177832851,0.6769075745152461,0.2750397324562073,0.2780081033706665,-0.9057377143145448,-0.8562289678042483,0.789396345615387,0.7919262647628784,0.6988151806103432,0.6820073974031516
313,13.041666666666666,313,13.041666666666666,0.0,0.03986683509036749,0.040027170368825374,0.5314457553195999,0.5227999223824433,0.06756667890672341,0.06657640917910368,0.06405468661943516,0.06366408189921113,0.05411281891580405,0.05113408775511058,0.10824676269601384,0.10550680841463467,0.07935580565679688,0.08023625084829429,0.47758661210536957,0.47789357602596283,0.47674793004989624,0.4772144556045532,0.5005161315202713,0.49520692229270935,0.22670555859804153,0.22747156769037247,0.27222469449043274,0.27313125133514404,0.4798607975244522,0.48383595049381256,-176.67022705078125,-177.05960083007812,11.037314414978027,10.089658737182617,-5.388847351074219,-5.379105567932129,0.6002093553543091,0.6038717031478882,0.3995494656052983,0.4285198819396515,0.8529840111732483,0.8367688059806824,0.8411621258973367,0.7828828596652017,0.3813115954399109,0.3761831223964691,-0.4777466998953049,-0.4693707039037826,0.8521028161048889,0.8649557828903198,0.8391755759054911,0.8454077868440343,0.7163197994232178,0.7080779671669006,0.8648956957177504,0.8394575896621917,0.799928605556488,0.7892845273017883,0.7215549930617312,0.6775522640481129,0.2744685411453247,0.277950644493103,-0.9059511816573306,-0.856750768562365,0.7901862263679504,0.7914527654647827,0.6995919521954458,0.6823618941720598
314,13.083333333333334,314,13.083333333333334,0.0,0.04499549042209377,0.0469331446719783,0.5133269149797867,0.5099280295513168,0.06587006363419948,0.06605169542480763,0.06256109584398394,0.06232344884433805,0.05557130832672443,0.05284709092988171,0.10891329266783897,0.10622291091509242,0.07947175398481089,0.08019995821571047,0.47769343852996826,0.47799335420131683,0.4765869975090027,0.4773229956626892,0.5005167424678802,0.49505096673965454,0.22676969319581985,0.2274497225880623,0.27230724692344666,0.27311861515045166,0.47959205508232117,0.48333677649497986,-176.63320922851562,-177.0503387451172,12.3092679977417,11.096763610839844,-5.166219711303711,-5.347172260284424,0.6004741191864014,0.6039378643035889,0.40021100851606783,0.4293841945903021,0.8522158265113831,0.8369065523147583,0.8392034574557083,0.7842744922514495,0.38169360160827637,0.3758910000324249,-0.4757460689707907,-0.46989497796967333,0.8518986105918884,0.8649647831916809,0.8384890406181058,0.8465121502171264,0.716675877571106,0.7081104516983032,0.8654615427056681,0.8401779956590069,0.7998536825180054,0.7891089916229248,0.72127621918395,0.6782518336247881,0.27399009466171265,0.27764540910720825,-0.9069711626142778,-0.8573162827846345,0.7903602719306946,0.7915892601013184,0.6998956643219676,0.6837534670634192
315,13.125,315,13.125,0.0,0.05259387474393214,0.04617474320858635,0.5013962555778761,0.503314890886351,0.06591443766944953,0.06734011135258261,0.06286836920713855,0.06377357446074569,0.05796155922600961,0.05137175357277478,0.1118510432864856,0.10720185239888183,0.07945370585491617,0.08000732359195824,0.4776376932859421,0.4778972417116165,0.4765504002571106,0.47760477662086487,0.5002605319023132,0.49528299272060394,0.2270943447947502,0.22739052772521973,0.27261337637901306,0.2738369405269623,0.47920362651348114,0.48331016302108765,-176.70106506347656,-176.5318145751953,13.140881538391113,11.675642967224121,-5.10250997543335,-5.606182098388672,0.6006007790565491,0.6039853692054749,0.4021183262838366,0.4294332284187879,0.8512409925460815,0.8367263674736023,0.8386635875701101,0.7853542391688919,0.3818049430847168,0.3760182559490204,-0.47471642202634745,-0.47116026902563884,0.8526654839515686,0.8652093410491943,0.8418747410231314,0.8486485187177865,0.7163206338882446,0.7082937359809875,0.8658711638785322,0.8415077399795702,0.7994360327720642,0.7891882658004761,0.7218824860336706,0.679716044879338,0.27402594685554504,0.27769941091537476,-0.9066458900254394,-0.8595729275389629,0.7898024916648865,0.7914880514144897,0.7001661185835207,0.6848265812904887
316,13.166666666666666,316,13.166666666666666,0.0,0.033113755617476946,0.02882511791256208,0.5264307770113457,0.5189003062409961,0.06582678869902346,0.06769188655179821,0.06268989250125738,0.06377925648537097,0.05852146657972487,0.052662723944114184,0.11199032735825419,0.1074360500588771,0.07966332384474702,0.08002632289427256,0.4778550863265991,0.4779956489801407,0.4766230881214142,0.47762927412986755,0.500189945101738,0.4951477199792862,0.22719529271125793,0.22782983630895615,0.2737688720226288,0.27512702345848083,0.4793247878551483,0.4833471477031708,-176.3057861328125,-176.08425903320312,12.973694801330566,11.2980375289917,-5.0793023109436035,-5.368178844451904,0.6006259918212891,0.6042402982711792,0.4023209370921188,0.4304692755530697,0.851375162601471,0.8366895914077759,0.83831511613704,0.7842694327302735,0.3818265199661255,0.3761101961135864,-0.4741333980514253,-0.4697111156818902,0.852229118347168,0.8657069206237793,0.8402392749572483,0.8486755201648412,0.7162514925003052,0.7081828713417053,0.86548691488913,0.8406171043913625,0.7999507188796997,0.789064347743988,0.7224440098646886,0.6785617163284888,0.27385884523391724,0.27753007411956787,-0.906624097284248,-0.8586992060096804,0.7903127670288086,0.7918164730072021,0.7007274863140485,0.6846702599168386
317,13.208333333333334,317,13.208333333333334,0.0,0.023099223910205063,0.0229198968918433,0.5512094052231928,0.5346542061379249,0.06633972735779516,0.06792044776901125,0.06395586364745771,0.0645484444719106,0.0603344867823203,0.05392424334722702,0.11343738981043888,0.1079380474578158,0.07987374978842088,0.08029937051933994,0.47832466661930084,0.47824089229106903,0.4770515561103821,0.4776587188243866,0.500495195388794,0.4952365756034851,0.22754505276679993,0.22797423601150513,0.274119108915329,0.27523982524871826,0.4791959226131439,0.4833715260028839,-176.70452880859375,-176.31021118164062,11.434893608093263,10.616509437561037,-4.9644341468811035,-5.244661331176758,0.6005403399467468,0.6045151948928833,0.4000945831169894,0.4313864436678921,0.8521683812141418,0.8363576531410217,0.8390076980852361,0.7838111879545008,0.38122498989105225,0.37592554092407227,-0.47697830172312217,-0.47099023830439074,0.8514338731765747,0.8647481203079224,0.8373554101384642,0.8468526620687603,0.7161409854888916,0.7084301114082336,0.8623977992360633,0.8415992242749388,0.7996564507484436,0.788605809211731,0.7208812442787095,0.6777774754664515,0.27412495017051697,0.2774442434310913,-0.9052864013628691,-0.8597533556420046,0.7905222773551941,0.7919210195541382,0.7003337705555084,0.6851389516181314
318,13.25,318,13.25,0.0,0.032640072766570265,0.033523558592990964,0.5634592255928209,0.5528938487580014,0.06495308101339428,0.06709686584779459,0.06229855179407741,0.06421082974494496,0.05870687149981981,0.051876463375925636,0.11297670142196163,0.10647157518602145,0.07976995911086708,0.08044461166916485,0.4781848341226578,0.47820112109184265,0.4766576886177063,0.47729212045669556,0.5012729167938232,0.49549461901187897,0.2274937853217125,0.22760780155658722,0.2738620340824127,0.2752344310283661,0.47837409377098083,0.48339642584323883,-176.90589904785156,-176.37466430664062,12.02293586730957,11.0687255859375,-5.195784091949463,-5.2655744552612305,0.6002956628799438,0.6040815711021423,0.39617708414008557,0.42911254537573207,0.8522615432739258,0.8364831209182739,0.8414296263724227,0.7848694916310365,0.3821050524711609,0.3765704333782196,-0.47677507316847734,-0.4699630942912477,0.8519358038902283,0.8644657135009766,0.8406965534428987,0.8470714480379096,0.7161333560943604,0.7081899046897888,0.8596285773080147,0.8405265427359784,0.799713671207428,0.7886741161346436,0.723171213530911,0.678595792272471,0.27444252371788025,0.2778319716453552,-0.907518800226167,-0.8601564998990742,0.7894764542579651,0.792077362537384,0.7001324684638286,0.6861608019748231
319,13.291666666666666,319,13.291666666666666,0.0,0.04965807763939967,0.04371717120316945,0.5517922461754949,0.5562165227567669,0.06566768096738355,0.06570954501690306,0.06306655888258283,0.06265911419802148,0.05922395665724894,0.05410926189505164,0.11216479846522881,0.10743524046798987,0.08027563325633862,0.08046070708713353,0.47829656302928925,0.4781912863254547,0.47675496339797974,0.4777058959007263,0.5010404735803604,0.49571652710437775,0.2276068851351738,0.227586030960083,0.27259448170661926,0.2738571763038635,0.47836582362651825,0.4832536429166794,-178.03234863281253,-177.5878143310547,11.882036209106447,9.990626335144043,-5.3244500160217285,-5.528036594390869,0.6003616452217102,0.6042439937591553,0.39654638292829136,0.42934242207832507,0.8525950312614441,0.8358026146888733,0.8404509368396547,0.7845237863323778,0.3819326162338257,0.37638118863105774,-0.47554604147907104,-0.4720991361813611,0.852056622505188,0.8639436364173889,0.8392417684092751,0.8471457273544678,0.716002345085144,0.7083662748336792,0.8582495675799061,0.8412576148567452,0.7996574640274048,0.788329005241394,0.7215627606413298,0.6788812265274751,0.2743988633155823,0.2780274450778961,-0.9048817013161835,-0.8611935818474431,0.7895806431770325,0.7915829420089722,0.698932048363194,0.6861221802609497
320,13.333333333333334,320,13.333333333333334,0.0,0.06153987083215764,0.05293766179708451,0.5782756936038044,0.564977343183347,0.0675556366249878,0.06792433416663951,0.06521308661467816,0.06498059027774979,0.05789555092960704,0.052177174636303496,0.11079727716244989,0.10490977115844757,0.08066312437415858,0.0807673354574193,0.47827571630477905,0.4782945513725281,0.4770408272743225,0.47790080308914185,0.5011158287525177,0.49572719633579254,0.22742661088705063,0.22760400921106339,0.2720324993133545,0.2730945944786072,0.47820010781288147,0.4832952916622162,-178.71824645996094,-178.1367950439453,9.362085342407227,8.583958625793457,-5.376863479614258,-5.501922130584717,0.6008306741714478,0.6043686270713806,0.3983874706480567,0.42989042928178106,0.8515332341194153,0.8359935283660889,0.8390056875820296,0.7850333651562625,0.3817054033279419,0.37616512179374695,-0.47707657926002334,-0.4731030436794815,0.8521683812141418,0.8639703989028931,0.8404330777260515,0.8473040955951238,0.7159959673881531,0.7080903649330139,0.8585036116127099,0.8403138019609456,0.7997859716415405,0.7883040904998779,0.7227121029080322,0.6788865348222197,0.27417120337486267,0.2781372666358948,-0.9067044621242606,-0.8609959170524843,0.788312554359436,0.7919736504554749,0.6969274572996386,0.6870542167122871
321,13.375,321,13.375,0.0,0.0632506806550707,0.054006805798689814,0.5829509105027643,0.5711841550391638,0.0683284814213744,0.06807454162205852,0.06601310518818483,0.06559389885142583,0.0581978746370615,0.050513036039289264,0.10958823858493112,0.10348191624758474,0.08062374702456,0.08063998063610776,0.4782700687646866,0.4782755672931671,0.47707968950271606,0.47784358263015747,0.5011169910430908,0.49557748436927795,0.2275651916861534,0.22766537219285965,0.2720225751399994,0.2730943560600281,0.478304386138916,0.48317012190818787,-178.90484619140625,-178.20855712890625,8.588541984558105,8.374459266662598,-5.249141216278076,-5.4780216217041025,0.6006662845611572,0.6044158339500427,0.3971925566643566,0.43065001520735186,0.8516375422477722,0.8353391885757446,0.8378803541055829,0.7838198406749312,0.38114458322525024,0.37633198499679565,-0.4786789107820131,-0.4718288757223447,0.850898802280426,0.8640434145927429,0.8362223826789801,0.8477066041440792,0.715916633605957,0.708245575428009,0.8570308857556213,0.8414820419580042,0.8000417351722717,0.7882870435714722,0.7220826747529931,0.6790962624525507,0.27467191219329834,0.2780182957649231,-0.9034951091449783,-0.8608350663333001,0.7877534031867981,0.7919913530349731,0.6945036832091682,0.6873409140369923
322,13.416666666666666,322,13.416666666666666,0.0,0.06034137769409384,0.0518762093835192,0.5857921565883653,0.572098459838667,0.06923452843746858,0.0681377429521839,0.06706975425086929,0.06559471247544077,0.05699812451053094,0.05002846000651211,0.10885070478528844,0.10384134251301347,0.0801808358853787,0.08071553778186095,0.47823382914066315,0.47830522060394287,0.47677719593048096,0.47782132029533386,0.501340851187706,0.4955188184976578,0.22750984877347946,0.22775346040725708,0.2722909450531006,0.27317094802856445,0.47823579609394073,0.4832674413919449,-178.602783203125,-178.28846740722656,9.488632202148438,8.354107856750488,-5.193138599395752,-5.564391613006592,0.6005568504333496,0.604411244392395,0.39678588509551577,0.4309434185264739,0.8520011901855469,0.8351361751556396,0.8408066142070679,0.7832957755055462,0.38099783658981323,0.37636810541152954,-0.4812773133904014,-0.4715407448708953,0.8513140082359314,0.8639026284217834,0.8392607591398682,0.8473328414836233,0.7159736156463623,0.7082476019859314,0.8583620793393829,0.8418773704613127,0.799698531627655,0.7877751588821411,0.7231487947533193,0.6778653112131587,0.275076687335968,0.2779604196548462,-0.9048785196128603,-0.8609906460996427,0.7875669598579407,0.791935920715332,0.6958581307540632,0.68712759243935
323,13.458333333333334,323,13.458333333333334,0.0,0.05190683418586975,0.047112591910961316,0.5924129001036758,0.5780897290647853,0.06927531740605249,0.06725204866344858,0.06668346144088061,0.06440349116515631,0.06003642413983282,0.051654974757222,0.11234654826649086,0.10602230763868013,0.08016307546929623,0.0806311731469436,0.4782000184059143,0.4784219563007355,0.4767953157424927,0.4775082767009735,0.501068502664566,0.49559758603572845,0.22806839644908905,0.22826867550611496,0.27283838391304016,0.27375528216362,0.47819478809833527,0.48335669934749603,-178.73135375976562,-178.4005126953125,9.18758773803711,9.220702171325684,-5.271091938018799,-5.516443252563477,0.6003353595733643,0.6044550538063049,0.3962999957647443,0.4312671214739575,0.8522131443023682,0.8354212045669556,0.8399148129332213,0.784572156393265,0.38143086433410645,0.37622275948524475,-0.4776256349813257,-0.4729343689252659,0.8514328002929688,0.8633979558944702,0.8381624323834264,0.8469180611706407,0.7157496809959412,0.708153486251831,0.8570650135690318,0.8420953850561801,0.7995777726173401,0.7873655557632446,0.7217141213650672,0.6774806335335475,0.2749079465866089,0.2781141698360443,-0.9028937775091656,-0.8616170189668168,0.7884350419044495,0.7913570404052734,0.6966914335021823,0.6863756163176116
324,13.5,324,13.5,0.0,0.04495292819262651,0.04494639015684054,0.5938360353613886,0.5930495153665829,0.04439110192979051,0.044709696968179884,0.04188644922281647,0.04250982539421056,0.1014405904935561,0.09146114168883404,0.1583022463293209,0.1462647866180649,0.0793306490941778,0.07890731088508994,0.4789617508649826,0.4794389605522156,0.4765133559703827,0.47747716307640076,0.5007809102535248,0.4957311153411865,0.23154880106449127,0.23130154609680176,0.2740546464920044,0.2750309705734253,0.47769710421562195,0.48296838998794556,-180.07382202148435,-179.01829528808594,10.25774097442627,10.477028846740724,-5.080682277679443,-4.8083863258361825,0.600276529788971,0.6044853925704956,0.39759762099916673,0.4307519040654373,0.852383017539978,0.8351595401763916,0.8422280649748326,0.7846605621135416,0.3816051185131073,0.3762187957763672,-0.4762421853135069,-0.4733621566283476,0.8513962030410767,0.8629300594329834,0.8400098794590635,0.8465315978803487,0.7158674597740173,0.7083279490470886,0.8595142258278096,0.8420495565798378,0.7993850111961365,0.7872360944747925,0.7230978635363361,0.6778900262198542,0.2751067280769348,0.27800947427749634,-0.9018238026286024,-0.8623477975647069,0.7880446314811707,0.7909918427467346,0.697606683527262,0.6862576060089608
325,13.541666666666666,325,13.541666666666666,0.0,0.03308371637248855,0.037771222501504005,0.5726598307136175,0.5663035213602593,0.03608048758549131,0.03487297892551896,0.03549200991964456,0.033848573643756916,0.14000054714031152,0.12662037825222902,0.2040419565142515,0.18626334681227993,0.08103933578096596,0.08169292731654086,0.4784746766090393,0.47937996685504913,0.47557419538497925,0.47761088609695435,0.5009397119283676,0.49534085392951965,0.23401368409395218,0.23369728028774261,0.2775425612926483,0.2762880027294159,0.4782232493162155,0.4828019142150879,-179.92640686035156,-180.4222412109375,10.592424392700195,8.27067756652832,-5.23213529586792,-5.099172115325928,0.6001160740852356,0.6043744683265686,0.39513805864691415,0.43090921953684186,0.8539539575576782,0.8356773853302002,0.8420539270887416,0.7844574195278027,0.38178882002830505,0.3763748109340668,-0.4747204987915427,-0.47016294031929706,0.8515580296516418,0.8631178140640259,0.8366843885920295,0.8454586782643485,0.715861976146698,0.7082139253616333,0.856292410775315,0.8412907301888469,0.7989816665649414,0.7870985269546509,0.7188549643844445,0.676464518336723,0.2752034664154053,0.27775901556015015,-0.8993774310571263,-0.859900138829791,0.7889328002929688,0.7914780974388123,0.6963343475663316,0.6862004927579223
326,13.583333333333334,326,13.583333333333334,0.0,0.03374947921155499,0.029398726371245857,0.5712193254001217,0.5627276507196618,0.0426776412807458,0.04054744236138413,0.04015128656015666,0.03790489053609591,0.14491059433832135,0.1457942708961458,0.19976821836267644,0.2004394924298567,0.08198990079058069,0.08236273615263652,0.47745928168296814,0.4780515283346176,0.4726007282733917,0.4735567271709442,0.5003384947776794,0.4946412146091461,0.23417598754167557,0.23436494916677475,0.2793256938457489,0.2789914906024933,0.478235200047493,0.48252905905246735,-178.74839782714844,-179.5332794189453,12.87840461730957,12.363520622253418,-4.029779434204102,-4.085879802703857,0.5997610092163086,0.6042051315307617,0.39563799777774555,0.43300362085857824,0.8545125126838684,0.8359502553939819,0.8422554179446298,0.7856680591303629,0.38153600692749023,0.3760162889957428,-0.47275789281186764,-0.46881330786513215,0.8516711592674255,0.8629662990570068,0.835895360537695,0.8457256980321319,0.7158137559890747,0.7079373002052307,0.8574536803626688,0.8429597989285174,0.7988132238388062,0.7861610651016235,0.7175786802568807,0.6749848943751012,0.27474236488342285,0.27743035554885864,-0.8977282624738507,-0.8584312345294702,0.7895113825798035,0.7915875911712646,0.6967575307106496,0.6870482574361991
327,13.625,327,13.625,0.0,0.035072754656667225,0.031627569256130514,0.5521150955182403,0.5601277585515062,0.04681943343411887,0.05742578026080729,0.04475859145453481,0.05328567274925107,0.14116065384085477,0.1370739749352488,0.18176669256327935,0.17492647549683343,0.08186146983659937,0.08188301624975643,0.4762623459100723,0.47675932943820953,0.46985867619514465,0.47068601846694946,0.499325692653656,0.49403637647628784,0.2344616875052452,0.23495058715343475,0.2822684645652771,0.2831268608570099,0.4780684560537338,0.4822360575199127,-176.67030334472656,-176.32000732421875,15.106683731079102,14.794483184814453,-2.1502857208251953,-2.1250505447387695,0.5999095439910889,0.6040553450584412,0.39954425218066936,0.436655466677803,0.854951024055481,0.8349119424819946,0.8421029793237158,0.7873532492104909,0.3808720111846924,0.376468300819397,-0.47052769357372065,-0.4666171988700001,0.8521368503570557,0.8627151846885681,0.8358150152283125,0.8494243292682768,0.7154337763786316,0.7078357934951782,0.8584354402221935,0.8485508037108576,0.798841118812561,0.7843399047851562,0.7167315177961685,0.674450553285925,0.2745441794395447,0.2772725820541382,-0.8928884747103334,-0.8603161530420754,0.7893673181533813,0.7914012670516968,0.6955633438397195,0.6902151313630759
328,13.666666666666666,328,13.666666666666666,0.0,0.03303135860798413,0.025067035639915195,0.5643328844403676,0.5515883136143496,0.06711961514761022,0.07470051948494362,0.06493481742923439,0.07087707719883353,0.13627381880161257,0.12868247361558535,0.1639792204691334,0.15450615273363294,0.07945584114481072,0.08118057186368305,0.47547125816345215,0.47577279806137085,0.4682919681072235,0.4685528576374054,0.4995044767856598,0.4940315783023834,0.23617801070213318,0.23648235946893692,0.28681984543800354,0.287751168012619,0.4786076098680496,0.48194703459739685,-174.15821838378906,-174.3854217529297,17.194786071777344,16.398591995239258,-0.5700644850730896,-0.5534969568252563,0.599959671497345,0.6039296984672546,0.3984297716624669,0.4345681927088934,0.8547706007957458,0.8359826803207397,0.839224153066515,0.7874757516162239,0.38113757967948914,0.37641435861587524,-0.46947194639124445,-0.4650916914131971,0.8518954515457153,0.8626424074172974,0.8328096605393634,0.8467745507254258,0.7154104113578796,0.7079991698265076,0.8563355280836924,0.8460882625418685,0.7991278767585754,0.7848749160766602,0.7150845670874575,0.6737975795234024,0.27432817220687866,0.2766546607017517,-0.8931040736580822,-0.8595697003426289,0.7892791032791138,0.79194176197052,0.6931118351032154,0.6895162503664282
329,13.708333333333334,329,13.708333333333334,0.0,0.03225431507581125,0.02852660581713258,0.5647670407758006,0.5550408896190075,0.0700016894520285,0.07716742157314305,0.0665762416168762,0.07358980389789438,0.1384036718944489,0.13084351675033654,0.15514386931629168,0.14866675655515296,0.07908037102234182,0.08028563511530211,0.47476863861083984,0.47530558705329895,0.4663299322128296,0.4669772982597351,0.49943476915359497,0.49456384778022766,0.23715873062610626,0.23887047171592712,0.289395272731781,0.29102927446365356,0.47891080379486084,0.4822861850261688,-172.74295043945312,-173.21726989746094,18.75498390197754,17.86703872680664,0.6832885146141052,0.5705018043518066,0.5994308590888977,0.6037156581878662,0.3973272618154744,0.43161872425612996,0.8559383749961853,0.8363178968429565,0.842676694484724,0.7874700137067882,0.3808128237724304,0.37660548090934753,-0.47133575702826985,-0.46644246791698546,0.8517277836799622,0.8623968362808228,0.8332657987221795,0.8454771981231453,0.715386152267456,0.7079328298568726,0.858067268364288,0.843724419190263,0.7992516160011292,0.784763753414154,0.7159787701424782,0.6727985289853007,0.27456745505332947,0.27744418382644653,-0.8934940780291042,-0.8585557309280556,0.788692831993103,0.7910155057907104,0.6923793257376273,0.6867042537137285
330,13.75,330,13.75,0.0,0.02516700893597169,0.028479477863451622,0.5696464131320045,0.5570731516997264,0.07057487176736893,0.08102312267550109,0.06721691419842557,0.07680443087070288,0.14015921297630274,0.12915957218169635,0.1544038815422229,0.14298392720950837,0.07989560623763933,0.0804863950668106,0.4743482768535614,0.4750593453645706,0.4656049311161041,0.46624934673309326,0.4993208944797516,0.495622381567955,0.24030740559101105,0.24048394709825516,0.29332637786865234,0.2936660349369049,0.47832027077674866,0.48253603279590607,-171.8396148681641,-172.3357086181641,17.989057540893555,18.149812698364258,0.8602294325828552,1.014788269996643,0.5993843674659729,0.6037985682487488,0.397970454932693,0.42820825493706033,0.8559766411781311,0.8365970849990845,0.8448791661081908,0.7883590358548064,0.38108640909194946,0.37724626064300537,-0.4702398441137032,-0.46858401763658075,0.8514133095741272,0.861829400062561,0.834670245770985,0.8445417858411335,0.7151039242744446,0.7080214023590088,0.8582079751116954,0.8407674261217557,0.7986436486244202,0.7861874103546143,0.7166158698005347,0.6761159007989245,0.27499473094940186,0.27753734588623047,-0.8921855567193048,-0.8632751386654126,0.7871665358543396,0.7919641733169556,0.6909396884184774,0.6889785504776011
331,13.791666666666666,331,13.791666666666666,0.0,0.026945174491432827,0.03131614437441299,0.564384255335473,0.5513466913342586,0.07475380862475278,0.0828568943911286,0.07158995200497871,0.07835327734638714,0.13442067668432892,0.1263331071856801,0.14648147189482347,0.13766750431678498,0.07992792224983271,0.08035740532061211,0.47439588606357574,0.4748549163341522,0.46557241678237915,0.4656415283679962,0.4995526969432831,0.4961347132921219,0.24102210998535156,0.241341270506382,0.29473042488098145,0.2949640154838562,0.47744256258010864,0.48255564272403717,-171.46987915039062,-171.89651489257812,18.431028366088867,18.9096736907959,1.1567420959472656,1.3143019676208496,0.6000682711601257,0.6039712429046631,0.40029623692083116,0.4268681371081871,0.8542988300323486,0.8365061283111572,0.8442020814117283,0.7881209552701204,0.38106366991996765,0.37720710039138794,-0.4718742543471062,-0.4707719058844403,0.8510696291923523,0.8620358109474182,0.8369682941409171,0.844966414412966,0.7160419225692749,0.7078220248222351,0.8621531839935344,0.8379587941764669,0.798865020275116,0.7858783602714539,0.7200238691346342,0.6753910494346782,0.27521294355392456,0.27741795778274536,-0.8934173611720758,-0.8657846679051178,0.7867680191993713,0.7916781902313232,0.6929251729764822,0.6883051934025679
332,13.833333333333334,332,13.833333333333334,0.0,0.03382375007647679,0.03426999983623293,0.5567822750122027,0.557103637107415,0.07712660103379045,0.08894957985079989,0.07309286504631006,0.0838610599404013,0.1323271094600777,0.12323831100689897,0.14102523563466915,0.132026467408638,0.07957585187960119,0.07970391858267545,0.4742344617843628,0.4747655838727951,0.46554791927337646,0.4653397500514984,0.49919581413269043,0.49647098779678345,0.24070272594690323,0.2413380742073059,0.29404404759407043,0.295768678188324,0.47848664224147797,0.48284436762332916,-171.58834838867188,-171.2668914794922,18.701828002929688,19.363502502441406,1.4047036170959473,1.7195353507995605,0.5998871922492981,0.6039084792137146,0.40035772738492187,0.42560116804010656,0.8535490036010742,0.8356672525405884,0.8388454260384264,0.7861876645462689,0.3811492323875427,0.3767954707145691,-0.46936353516101803,-0.47408068807503284,0.8507937788963318,0.8612053394317627,0.8326832304160686,0.84309363563899,0.7155771851539612,0.7079613208770752,0.8603512591732134,0.837794438431746,0.7991878986358643,0.7857770919799805,0.7172641399580004,0.6750184901765821,0.2746315598487854,0.2777804732322693,-0.8928871188243789,-0.8663171227328323,0.7891095280647278,0.7916626930236816,0.6947233682717354,0.6881332487050252
