source_frame,source_time_s,candidate_frame,candidate_time_s,candidate_minus_source_sampling_ms,source_mouth_aperture,candidate_mouth_aperture,source_mouth_width,candidate_mouth_width,source_left_eye_aperture,candidate_left_eye_aperture,source_right_eye_aperture,candidate_right_eye_aperture,source_left_brow_height,candidate_left_brow_height,source_right_brow_height,candidate_right_brow_height,source_interocular_width_fraction,candidate_interocular_width_fraction,source_face_center_x,candidate_face_center_x,source_nose_x,candidate_nose_x,source_shoulder_center_x,candidate_shoulder_center_x,source_face_center_y,candidate_face_center_y,source_nose_y,candidate_nose_y,source_shoulder_center_y,candidate_shoulder_center_y,source_head_pitch_deg,candidate_head_pitch_deg,source_head_yaw_deg,candidate_head_yaw_deg,source_head_roll_deg,candidate_head_roll_deg,source_left_wrist_x,candidate_left_wrist_x,source_left_wrist_body_relative_x,candidate_left_wrist_body_relative_x,source_left_wrist_y,candidate_left_wrist_y,source_left_wrist_body_relative_y,candidate_left_wrist_body_relative_y,source_right_wrist_x,candidate_right_wrist_x,source_right_wrist_body_relative_x,candidate_right_wrist_body_relative_x,source_right_wrist_y,candidate_right_wrist_y,source_right_wrist_body_relative_y,candidate_right_wrist_body_relative_y,source_left_elbow_x,candidate_left_elbow_x,source_left_elbow_body_relative_x,candidate_left_elbow_body_relative_x,source_left_elbow_y,candidate_left_elbow_y,source_left_elbow_body_relative_y,candidate_left_elbow_body_relative_y,source_right_elbow_x,candidate_right_elbow_x,source_right_elbow_body_relative_x,candidate_right_elbow_body_relative_x,source_right_elbow_y,candidate_right_elbow_y,source_right_elbow_body_relative_y,candidate_right_elbow_body_relative_y
0,0.0,0,0.0,0.0,0.019293857454716852,0.02254716635789214,0.5632493763248769,0.5666551955742087,0.09013303372577194,0.0891943450897837,0.09080368835549359,0.08976681825222745,0.12622864657241623,0.13127322157914104,0.0957852301532846,0.09843530323815858,0.08406210050119813,0.08387054555070067,0.49847161769866943,0.49920961260795593,0.49757617712020874,0.4987237751483917,0.49628670513629913,0.4974430352449417,0.25523971021175385,0.25590458512306213,0.3212525546550751,0.32110100984573364,0.4890375882387161,0.48480211198329926,-161.5844268798828,-161.8008575439453,-4.043969631195068,-6.907956123352051,2.5050766468048096,2.523926258087158,0.6255507469177246,0.6256875991821289,0.494336561175908,0.4919214716304369,0.8530598878860474,0.8489974141120911,0.783060859323113,0.7858029959297718,0.3392145335674286,0.3555052876472473,-0.6006814894515008,-0.544445889436417,0.8520699143409729,0.8708106279373169,0.7809312932617366,0.832868097194196,0.7250404953956604,0.7223011255264282,0.8748091153143621,0.8625123692061935,0.7966662049293518,0.7899373769760132,0.6617504729010515,0.658372592929017,0.26332980394363403,0.26998037099838257,-0.8908828151335554,-0.8725030137881844,0.7659406661987305,0.781912624835968,0.5956557122644766,0.6410580525261554
1,0.041666666666666664,1,0.041666666666666664,0.0,0.025183088959640932,0.025532931203754206,0.5632544921622475,0.5670449297898335,0.08541070739310427,0.08934797954576836,0.08738075543613595,0.09167793999249058,0.12150661891072358,0.11879290120918988,0.09172498624724958,0.08906831282651798,0.08318906500635907,0.08274413571598063,0.4986097514629364,0.49873673915863037,0.49775561690330505,0.4976244270801544,0.49703462421894073,0.4995250850915909,0.25486722588539124,0.2553904354572296,0.32119423151016235,0.3224477469921112,0.4900866448879242,0.4858355224132538,-161.47708129882812,-161.2902374267578,-5.038407802581787,-4.243344783782959,2.466585636138916,2.5672264099121094,0.6206815838813782,0.6301637291908264,0.47211772517249345,0.4991055913221695,0.8522322177886963,0.8548685908317566,0.7778082962642998,0.7930646315949877,0.35856276750564575,0.35498327016830444,-0.5287232146295344,-0.5522227247954774,0.8580689430236816,0.8665058016777039,0.7903442863481293,0.8180733940126368,0.721450686454773,0.725484311580658,0.8568815689783311,0.8632783517399182,0.8011779189109802,0.7978107333183289,0.6681549960486837,0.6704453526712645,0.2626052498817444,0.26584601402282715,-0.8951151183000812,-0.8927720564582396,0.7818775773048401,0.786436140537262,0.6267021468484419,0.6460009654186029
2,0.08333333333333333,2,0.08333333333333333,0.0,0.02464711286127409,0.027103595023607444,0.5646605968828324,0.569072795274972,0.0842307475613288,0.08962782506729985,0.08584608333310789,0.09150494802419074,0.12092029585047692,0.11933227787295213,0.09007679467609332,0.08966488787405898,0.08316627087154778,0.08272906242069228,0.4985685348510742,0.49883536994457245,0.4975714385509491,0.49767372012138367,0.4971250742673874,0.4997735619544983,0.2551899403333664,0.25539426505565643,0.3211600184440613,0.32203778624534607,0.4914579838514328,0.48747915029525757,-161.39132690429688,-161.56605529785156,-4.581040859222412,-4.049879550933838,2.6307034492492676,2.633329391479492,0.6177160739898682,0.631368100643158,0.4595489346775124,0.5039399095390923,0.8513056635856628,0.8530069589614868,0.7713617539023664,0.7873790175963462,0.3581463396549225,0.35579434037208557,-0.5296210296039255,-0.5513669231472649,0.8570048809051514,0.8664385080337524,0.7835784736841314,0.8163117544841558,0.7200310230255127,0.7244025468826294,0.8494513812872913,0.8602143483504275,0.8058269023895264,0.7939736843109131,0.6738744586460292,0.6602161569388489,0.26327431201934814,0.2700771689414978,-0.8911599448708833,-0.8796199346105723,0.7835597395896912,0.7880420684814453,0.6261430469431777,0.6474389352505535
3,0.125,3,0.125,0.0,0.025651518655108035,0.026756660196415063,0.5642507066993602,0.5698004768760611,0.08486200128034345,0.09000989117545678,0.08664861582549965,0.09200418611429466,0.12074209545412617,0.11850476893016679,0.08967217550609022,0.08780128374612926,0.08318203794630179,0.08236073196165658,0.49855250120162964,0.49876411259174347,0.49739885330200195,0.49746501445770264,0.4972289204597473,0.4999389201402664,0.25509196519851685,0.2555248439311981,0.3211596608161926,0.3218928277492523,0.49072811007499695,0.4892919361591339,-161.2694091796875,-161.83319091796875,-4.491112232208252,-4.040985584259033,2.72892689704895,2.763075113296509,0.6248177289962769,0.6312054991722107,0.485443363006787,0.5022198735103403,0.8519716262817383,0.853821337223053,0.7731229645301856,0.784503374444766,0.36021101474761963,0.3566010296344757,-0.5213187089367527,-0.5484041541262291,0.8580906391143799,0.8678659200668335,0.7862186994816267,0.814728707714065,0.7224476337432861,0.7241153717041016,0.856900623514485,0.8576887580881342,0.7950978875160217,0.7933102250099182,0.6514034275813158,0.6542774678812343,0.2636633813381195,0.2709287703037262,-0.888658198898644,-0.8761822646075227,0.7858946323394775,0.7880071997642517,0.6317068860346834,0.6428648323356541
4,0.16666666666666666,4,0.16666666666666666,0.0,0.025668055576975626,0.02711208799603773,0.5643644399207868,0.5687809443339573,0.08563433743814808,0.09046326920832137,0.08764940640569178,0.09266745862487329,0.12025889124184022,0.11818379409814295,0.089746066448882,0.08749121671088489,0.08323879511848092,0.08224526317878593,0.49854886531829834,0.4987194240093231,0.497307151556015,0.49724823236465454,0.4975486546754837,0.5000514537096024,0.2549416124820709,0.2555263191461563,0.32101988792419434,0.32182565331459045,0.4902329444885254,0.4895229786634445,-161.40603637695312,-161.94534301757812,-4.357021331787109,-3.716483116149903,2.747563362121582,2.849928140640259,0.6174101829528809,0.6311818361282349,0.45614201539843663,0.5009628327370689,0.8552332520484924,0.8538579344749451,0.7813327411732363,0.7829347085025585,0.35516417026519775,0.35654735565185547,-0.5418548104114452,-0.5482346512410688,0.8549816608428955,0.8669877052307129,0.7807941760206799,0.8111498250468273,0.7184869050979614,0.7250005006790161,0.8407970453461829,0.8593821638644823,0.7985944151878357,0.7920770645141602,0.6600896168672928,0.6501711988743266,0.26371312141418457,0.27073484659194946,-0.889878620325342,-0.87606773484853,0.7835531234741211,0.7866396307945251,0.6278916886955964,0.6384864688851268
5,0.20833333333333334,5,0.20833333333333334,0.0,0.026427869031866027,0.028836228054334497,0.5598529955064119,0.5680719763295154,0.08512379549138932,0.09030954308875729,0.08692330004593,0.09267838278020768,0.12070566122408584,0.11865185457927183,0.0903628296422892,0.08789327028624165,0.0832567961157356,0.08226442697171943,0.498480886220932,0.4986574649810791,0.49736014008522034,0.4970637857913971,0.4978281855583191,0.5003345459699631,0.2548399865627289,0.2554192990064621,0.320819616317749,0.3217116594314575,0.49107973277568817,0.4884975850582123,-162.3765411376953,-162.1845245361328,-4.617062091827393,-3.6470780372619624,2.6273016929626465,2.9305930137634277,0.6170252561569214,0.6315245032310486,0.45216267662908866,0.5022510938274892,0.8569550514221191,0.8532606959342957,0.7807010603574124,0.7855136538517081,0.35884636640548706,0.3571600615978241,-0.5272142262836899,-0.5481329736313885,0.8558758497238159,0.8676859140396118,0.7783982706712378,0.8165782145039615,0.7202339172363281,0.7251679301261902,0.8436748523109986,0.8607580601361863,0.7956467270851135,0.7916063070297241,0.6498819769720966,0.6527415536574074,0.26437556743621826,0.2709232568740845,-0.8855801585227496,-0.8782842321952441,0.7875490784645081,0.7848890423774719,0.6326032961146495,0.6382759924656342
6,0.25,6,0.25,0.0,0.02809590730793061,0.02978701437816084,0.5568676346638012,0.5664943233812315,0.08592809878595788,0.09064769497697284,0.08811388471849925,0.0928778815853389,0.1220297682126396,0.11863354723724777,0.09101844509814415,0.08838037181807838,0.08312352529616145,0.08204149168324484,0.4983329325914383,0.4985557496547699,0.49701550602912903,0.49721837043762207,0.4980883449316025,0.5000483393669128,0.25474610924720764,0.25527337193489075,0.32113444805145264,0.32125604152679443,0.4892754554748535,0.48735620081424713,-162.45474243164062,-163.0238800048828,-4.501338005065918,-4.340986728668213,2.74794340133667,2.743438959121704,0.6215305328369141,0.6309595704078674,0.46847150468930443,0.5021154431073819,0.8566219806671143,0.8525193333625793,0.784184099088607,0.7878365457227371,0.36197713017463684,0.35753315687179565,-0.5165513238569311,-0.5466228790231027,0.8612732887268066,0.8671952486038208,0.7941133663341987,0.81949971579221,0.7205725312232971,0.72464919090271,0.8443426294549735,0.8614658589216925,0.8004618883132935,0.7909719944000244,0.6642977018941202,0.6550486528478512,0.2627718150615692,0.27009841799736023,-0.8930422467158545,-0.8819824375867286,0.7884570360183716,0.7849392890930176,0.6386706341638401,0.6420331392682966
7,0.2916666666666667,7,0.2916666666666667,0.0,0.04113913830710003,0.03398355207429515,0.560256737893415,0.5684014726640263,0.08643719814171286,0.09060205643968508,0.08887311591186811,0.0930286677728645,0.12246430765594937,0.11951860197247698,0.0924667621097298,0.08877874653384854,0.08291023180335147,0.0820792320877289,0.4983927756547928,0.49860475957393646,0.4971221089363098,0.4973994493484497,0.4979204684495926,0.4997676908969879,0.2546159476041794,0.25509992241859436,0.32091349363327026,0.32139891386032104,0.4892764240503311,0.4875418543815613,-163.13137817382812,-163.6223907470703,-5.049631595611572,-5.230464935302734,2.6107072830200195,2.6595492362976074,0.6242332458496094,0.6307271122932434,0.47954534559618806,0.5018028016730139,0.854532778263092,0.8528347611427307,0.7800145470028125,0.7873359829743204,0.361768901348114,0.3578021228313446,-0.516898223941139,-0.5439755233866488,0.8618505001068115,0.8675917387008667,0.7956417343828206,0.8191425119717787,0.7206124067306519,0.7243745923042297,0.8454479800272474,0.8606358458183523,0.8020297288894653,0.791995108127594,0.6678929047614276,0.6562049176733252,0.26222461462020874,0.2697513699531555,-0.894817230740312,-0.8813633494217203,0.787293016910553,0.7855404019355774,0.6364222689026288,0.6422927328199125
8,0.3333333333333333,8,0.3333333333333333,0.0,0.04889126975127594,0.04301355071714403,0.5621957481506636,0.5637465354123836,0.08485833981692346,0.08753005343183862,0.08716126081388341,0.08960775904695466,0.12237377939715159,0.12210417765302711,0.09297713499671278,0.09083560631280613,0.08305560864960723,0.08184617518682336,0.4983512759208679,0.49861377477645874,0.49711722135543823,0.49740904569625854,0.49809569120407104,0.49956014752388,0.2549120783805847,0.25536738336086273,0.3206058740615845,0.3210963308811188,0.48851338028907776,0.48762573301792145,-163.62008666992188,-164.636962890625,-5.161417484283447,-5.568999290466309,2.609185934066773,2.6286566257476807,0.6251717209815979,0.6311116814613342,0.4859765317959505,0.505908308419483,0.8501399755477905,0.8521618247032166,0.7779193044363495,0.788567647142735,0.35773688554763794,0.3575865924358368,-0.5367738172128368,-0.5459883206610232,0.857118546962738,0.8673127293586731,0.7929313790244796,0.8213422159954444,0.721934974193573,0.7242833375930786,0.8560279906239887,0.864218953194354,0.8003300428390503,0.7910783886909485,0.6707698062666044,0.6564314265756589,0.2632133662700653,0.26907265186309814,-0.8982598673521381,-0.8863867683749612,0.7840150594711304,0.7860601544380188,0.6356735476399871,0.6455759385515537
9,0.375,9,0.375,0.0,0.055331486196729854,0.05450013327531262,0.5758148080362651,0.5649686042842725,0.08412728070124326,0.08866211217854293,0.08620748383301854,0.08998741180659334,0.11942279921526883,0.12012561710233799,0.08998679846511626,0.08912542497226884,0.08327999770342039,0.08223893884761438,0.49840813875198364,0.4985753446817398,0.4972827732563019,0.4974990785121918,0.49820005893707275,0.5000103861093521,0.2546197175979614,0.25511837005615234,0.3209065794944763,0.32092562317848206,0.488290935754776,0.486998587846756,-163.07901000976562,-164.59811401367188,-5.513898372650147,-5.522206783294678,2.4628679752349854,2.4536898136138916,0.6218058466911316,0.6313629150390625,0.4740336401779375,0.5058070878321177,0.8492175340652466,0.8519340753555298,0.7785952882376306,0.7904694618306759,0.3594309091567993,0.3573616147041321,-0.5321858014094522,-0.549306208530742,0.8592824935913086,0.8672047853469849,0.8003075424743031,0.823546622923231,0.7206569314002991,0.7237892150878906,0.8531319038730015,0.8617186035655693,0.798251748085022,0.7910573482513428,0.6686512691177209,0.6586072687604482,0.2642935812473297,0.2695862054824829,-0.8970416442075341,-0.8873082590693563,0.782810628414154,0.7855294942855835,0.6353414962244816,0.6466336463012532
10,0.4166666666666667,10,0.4166666666666667,0.0,0.06620339957140116,0.0640608870915834,0.56605588018184,0.5664701176649062,0.08545282103689371,0.08986204860068729,0.08730705730491246,0.09082186956268151,0.11806597153952667,0.11892873950156176,0.08908813222787132,0.08916458557327182,0.08343334485060146,0.0824581371158183,0.4984295517206192,0.4984889626502991,0.4974546432495117,0.4977463483810425,0.4982447326183319,0.4998684674501419,0.2543497383594513,0.25484611093997955,0.3202466070652008,0.3201562166213989,0.48796527087688446,0.48682455718517303,-163.764892578125,-164.875,-5.811332702636719,-6.44974422454834,2.3811874389648438,2.1343424320220947,0.6224376559257507,0.631485104560852,0.4772541125514615,0.5073790489371715,0.8481937646865845,0.8522620797157288,0.7786699565652975,0.7924236062971642,0.35786306858062744,0.3577186167240143,-0.5394649284723767,-0.5479843403635674,0.8563539981842041,0.867514431476593,0.796309118298325,0.8254971765839877,0.7194837927818298,0.7230128049850464,0.8501873416626647,0.860216187251011,0.7951040267944336,0.7906337976455688,0.6639111726019646,0.6587873414993926,0.26573917269706726,0.2694433331489563,-0.8934827501308622,-0.888283488010817,0.7836762070655823,0.7849494218826294,0.6392087960692477,0.6464612029287699
11,0.4583333333333333,11,0.4583333333333333,0.0,0.06807733965466746,0.06649622617744073,0.5649192706391324,0.5604164206198659,0.08590867406519619,0.09117711258950144,0.08750844347019364,0.09162136077573375,0.1170903985923761,0.11705280242123742,0.08801916832703721,0.08734419040360825,0.0833218756698037,0.08275364792489519,0.4984452575445175,0.4982362240552902,0.4973311424255371,0.4977453649044037,0.4983082562685013,0.4998122751712799,0.25378163158893585,0.25452902913093567,0.31942933797836304,0.31916847825050354,0.4882928431034088,0.4857686012983322,-164.27203369140625,-165.5081024169922,-5.564349174499512,-6.857954502105713,2.418850183486939,2.0060536861419678,0.6217576265335083,0.6312078833580017,0.4735859327267172,0.5070934273282982,0.8480241298675537,0.8526603579521179,0.7762661574676131,0.7964666818815637,0.3561888337135315,0.3578047454357147,-0.545209417794465,-0.5480478834399128,0.8559198975563049,0.867685079574585,0.7933044787633151,0.8290830870196404,0.7197762727737427,0.7230777740478516,0.8496125734835054,0.8616457474636062,0.7953230738639832,0.7902781367301941,0.6625422536994108,0.6610442859188425,0.2651699483394623,0.26997482776641846,-0.8943830396046959,-0.8870087862243827,0.7853448390960693,0.7841693162918091,0.6410101650360284,0.647782957866269
12,0.5,12,0.5,0.0,0.06582582846880695,0.06273558902647008,0.5602523137513317,0.5562074517669429,0.08801633051479955,0.09328903572687659,0.08997897424126508,0.0940204199524476,0.11633939565256385,0.11547424338270203,0.087241655919872,0.08619709241090068,0.083553613739712,0.0831440883713025,0.49848391115665436,0.49833332002162933,0.4973451495170593,0.49803727865219116,0.49812838435173035,0.4999547600746155,0.25332655012607574,0.25405463576316833,0.31895583868026733,0.31881099939346313,0.48728103935718536,0.4846475124359131,-164.61569213867188,-165.4765167236328,-5.893161773681641,-7.693803787231445,2.4577674865722656,1.9137054681777954,0.6199777722358704,0.6306425929069519,0.46806673252756775,0.5046312684029118,0.8500521183013916,0.8520301580429077,0.7838619918044472,0.7979582422744993,0.3550366759300232,0.35787445306777954,-0.5496660227494964,-0.5486215815661937,0.8558143377304077,0.8683160543441772,0.7963127770544409,0.8333313480589452,0.7194533348083496,0.7232662439346313,0.8501876635240739,0.8622834651622826,0.7962582111358643,0.7895950078964233,0.6676261569621691,0.6623485632034621,0.2657589614391327,0.26956287026405334,-0.8926134009424348,-0.8896233801199023,0.7878129482269287,0.7835640907287598,0.6493779530965886,0.6492493596347666
13,0.5416666666666666,13,0.5416666666666666,0.0,0.06944780118106059,0.06957801905303963,0.5638552679221328,0.5647484573387994,0.08690564859716632,0.0930805357276834,0.08895037913007202,0.09387538110480757,0.116262964019512,0.11794026563335278,0.08723241771057418,0.08757443724569217,0.08377212423147504,0.08285671007182858,0.4985154867172241,0.4984680712223053,0.49735239148139954,0.4982442259788513,0.4981918931007385,0.5000882744789124,0.2527450695633888,0.25367583334445953,0.3179973363876343,0.3185538947582245,0.4867582321166992,0.4844677448272705,-165.0167236328125,-165.42111206054688,-5.842058181762695,-8.592803001403809,2.5042316913604736,1.9081436395645144,0.6202512979507446,0.6304880976676941,0.4684647065330046,0.5038535049940899,0.852104127407074,0.8515836596488953,0.7887373163067,0.7979083689917077,0.3506309688091278,0.3576909303665161,-0.5663396866382875,-0.5502108758921445,0.8537970781326294,0.867973804473877,0.7923921908492285,0.8335315419374879,0.7193800806999207,0.7232478260993958,0.8489215519242542,0.8622689778812772,0.7967957258224487,0.78914874792099,0.6693332096849502,0.6622091618103478,0.26551732420921326,0.2689775228500366,-0.893006350206338,-0.8929917188725561,0.788051962852478,0.7831228971481323,0.6504564897648447,0.6491122717877661
14,0.5833333333333334,14,0.5833333333333334,0.0,0.06930384579307765,0.07098889224999355,0.562154330186324,0.566877795672827,0.08759325225650524,0.09364219315344609,0.08903030632049878,0.09449248675048237,0.1174424899753838,0.11713772361039157,0.08815816027456765,0.08706042688437594,0.08379948341378723,0.08316191636901309,0.4986775368452072,0.49860450625419617,0.4976109564304352,0.49840837717056274,0.4980274736881256,0.5002067238092422,0.2523343116044998,0.25321193039417267,0.31770941615104675,0.31795206665992737,0.4863049238920212,0.4847404807806015,-165.08387756347656,-165.29444885253906,-5.876526355743408,-8.641887664794922,2.4055378437042236,1.8980802297592163,0.6202373504638672,0.63091641664505,0.46927490508831865,0.5051517152026771,0.8539257645606995,0.8516274690628052,0.7940423663898439,0.7975701182514702,0.34978073835372925,0.357452929019928,-0.5692540937698675,-0.5516983685371953,0.8536694049835205,0.8673332333564758,0.7934886427082931,0.8317126435658253,0.7190473675727844,0.7232860326766968,0.8486964594169492,0.8621311324032996,0.7974214553833008,0.7891311049461365,0.6719959250378378,0.661710210130449,0.2656501531600952,0.26889467239379883,-0.89230795343634,-0.8939480843730571,0.7889248132705688,0.7828018069267273,0.6536436091101296,0.6479510441446928
15,0.625,15,0.625,0.0,0.06309529119590404,0.06388395348606996,0.5599127194401611,0.5643513927311683,0.08775543583385302,0.09321405706164085,0.08899355554588166,0.09386030002786809,0.11776340033548528,0.11877949861255639,0.08823243532698148,0.08881917304192011,0.08403768350660802,0.08275304882698148,0.4988880306482315,0.49877800047397614,0.49788570404052734,0.49843189120292664,0.4978216290473938,0.5000871121883392,0.2519765719771385,0.25284844636917114,0.31732505559921265,0.3173990845680237,0.486319437623024,0.48468470573425293,-165.00762939453125,-165.6437225341797,-5.899030685424805,-8.256660461425781,2.3989224433898926,1.976611375808716,0.62199467420578,0.6307127475738525,0.4757732737917422,0.5055278006605527,0.8543097376823425,0.8517867922782898,0.7931066813028811,0.7991457749311899,0.34979724884033203,0.35743120312690735,-0.5671604806202258,-0.5520855668661142,0.8543593287467957,0.8668460845947266,0.7932135618498529,0.831928399354357,0.7193256616592407,0.7234313488006592,0.848700284505295,0.8643534662366726,0.7973785996437073,0.7889249324798584,0.6704065287571759,0.6623015795326789,0.2652970552444458,0.2690841555595398,-0.8909258653852594,-0.8939930991799258,0.7894138693809509,0.7820562720298767,0.653240639370556,0.6473491693469596
16,0.6666666666666666,16,0.6666666666666666,0.0,0.036479468904309684,0.03824690925181041,0.5569758423668542,0.5423751289973824,0.08894921636907724,0.09200415145405247,0.09042629315245089,0.0933067340821508,0.11754522939681075,0.11851214717415523,0.08994824136839893,0.09016145744868845,0.0839797387541506,0.08322864750978051,0.49900320172309875,0.4988517761230469,0.4981721043586731,0.4984586238861084,0.4979388117790222,0.5002740770578384,0.2515949308872223,0.2523077130317688,0.3164381980895996,0.31668755412101746,0.48645830154418945,0.4843841791152954,-164.38870239257815,-164.8629913330078,-4.5783162117004395,-5.973477363586426,2.345942974090576,2.010910749435425,0.6228693723678589,0.6305721402168274,0.4772006251782791,0.5038114776280935,0.8552544713020325,0.8520092368125916,0.7923941195216394,0.7995722803599548,0.3501380681991577,0.3580666780471802,-0.5645584787716722,-0.5498602058097052,0.8553673028945923,0.8663883805274963,0.7926365490742547,0.8308464399663893,0.7188795208930969,0.7235491275787354,0.8439331739138123,0.8633170009838323,0.798754096031189,0.789023756980896,0.6709976170992328,0.662580955410439,0.2654597759246826,0.2691061794757843,-0.8880064311537839,-0.8938355431951779,0.7898733615875244,0.7815343141555786,0.6519165031201649,0.6462916662200505
17,0.7083333333333334,17,0.7083333333333334,0.0,0.02390574289604293,0.02765812042536612,0.5582841931034189,0.5465346769058329,0.08837580938629398,0.08972645642044097,0.0897681049908734,0.09095524899530498,0.11929560245195234,0.12250559155431845,0.09032052294924,0.09376792973494638,0.08330099101369226,0.08221204341891351,0.4992014020681381,0.49927204847335815,0.49820777773857117,0.498424768447876,0.497760534286499,0.500459223985672,0.25069036334753036,0.25186366587877274,0.3148142099380493,0.31436780095100403,0.48624223470687866,0.4845076650381088,-163.63063049316406,-165.09539794921875,-3.8295233249664307,-4.47873592376709,2.6801702976226807,2.5298221111297607,0.6232853531837463,0.6303607225418091,0.47863991815150614,0.5019323010099981,0.8554927110671997,0.8518450260162354,0.7919958449335892,0.7983964773446722,0.35090047121047974,0.35802775621414185,-0.5599935469970424,-0.5503474182316735,0.8560600876808167,0.8659932613372803,0.7932127964320042,0.8291472324840015,0.7192478179931641,0.7231374382972717,0.8445553339673638,0.8604164673736806,0.7989116907119751,0.7886184453964233,0.6706366703560798,0.6609754453347736,0.2644720673561096,0.2683955430984497,-0.8895545414700502,-0.8966813980074012,0.7909979820251465,0.7813833951950073,0.6536627602347911,0.6452502858278799
18,0.75,18,0.75,0.0,0.01949035230700754,0.02666690762518069,0.5417077827521748,0.5431575333229518,0.08924438950752035,0.09216267095978473,0.08932402572350112,0.09286249087663613,0.11980013340898826,0.1222989174840045,0.09319012021450378,0.09418573607377696,0.08286929359138706,0.08211993877742707,0.4991450905799866,0.4992186427116394,0.4983224868774414,0.49843472242355347,0.4981272667646408,0.5005112737417221,0.24995291978120804,0.25112468749284744,0.3140803575515747,0.3131914436817169,0.48675766587257385,0.4844052344560623,-163.98170471191406,-165.8594970703125,-2.0702130794525146,-3.9686553478240962,2.2663793563842773,2.4493260383605957,0.6241519451141357,0.6302610039710999,0.480252679431594,0.5010133224626467,0.8561993837356567,0.8516439199447632,0.7919224606398333,0.7976525570872869,0.3516603708267212,0.3577389121055603,-0.5581535310658958,-0.5512986819526815,0.8557059168815613,0.8661275506019592,0.7908646821961863,0.8291114024816556,0.7187925577163696,0.7233999371528625,0.8409075002217195,0.8606583581904808,0.7992850542068481,0.7888626456260681,0.6699228766545069,0.661289897116252,0.2642284035682678,0.2686057686805725,-0.8913377700083783,-0.8954758316850637,0.7905966639518738,0.7810426354408264,0.6512987444652223,0.6443046192378991
19,0.7916666666666666,19,0.7916666666666666,0.0,0.03198170860201852,0.034587667265064376,0.5065784721221733,0.5134138208691635,0.08828134391868507,0.09401468247328618,0.08923479005088021,0.09407844918632866,0.1230732042970961,0.12268878978026754,0.09906260931996408,0.09445583766768478,0.08241116179334064,0.08245499330231068,0.4990987926721573,0.4994741827249527,0.4984877109527588,0.49891871213912964,0.4982557147741318,0.5004813075065613,0.24960993975400925,0.25033140182495117,0.3133391737937927,0.31144917011260986,0.48636387288570404,0.484650120139122,-166.60130310058594,-168.8130645751953,-3.5932719707489014,-5.040709018707275,1.9032161235809326,2.2156994342803955,0.623624324798584,0.6303848028182983,0.47766285297232086,0.5024662150995712,0.856583833694458,0.8513756990432739,0.7934416877032007,0.7979023767459757,0.35145169496536255,0.35789400339126587,-0.5593332088150685,-0.551527138266238,0.8555201292037964,0.8656574487686157,0.7911619956940386,0.8289758624951652,0.7193176746368408,0.7234373092651367,0.842260964774828,0.8623929484616631,0.7994741797447205,0.7882620096206665,0.6710463956853477,0.6605829049327822,0.26477059721946716,0.268846720457077,-0.8895940327964574,-0.8959616826445052,0.790320098400116,0.7807812094688416,0.6514277080933316,0.6443065703532876
20,0.8333333333333334,20,0.8333333333333334,0.0,0.03625967674325669,0.038870454713806867,0.49484914080957854,0.4996048408212107,0.06288613171437132,0.06858069000016039,0.06307373458246217,0.0686147899773296,0.15807379905273547,0.15860051739806996,0.1394804505673899,0.13458174394690434,0.0815066539639928,0.08183591086523342,0.4994690418243408,0.49985194206237793,0.49901366233825684,0.4991127848625183,0.4984430968761444,0.5001957416534424,0.2505713403224945,0.2501443773508072,0.3096291720867157,0.30803850293159485,0.4853903651237488,0.48492904007434845,-169.72311401367188,-171.07244873046875,-3.418919563293457,-4.836297988891602,1.522979736328125,2.12363338470459,0.6235277652740479,0.630935788154602,0.47665328408466023,0.5063943038259336,0.8565451502799988,0.851412296295166,0.7955657883722577,0.7984667596499422,0.3510289788246155,0.3576968312263489,-0.5617428929514018,-0.5519398108906288,0.8547319173812866,0.8653160333633423,0.7916791456068702,0.8287591991963819,0.7193666100502014,0.7229474782943726,0.8418611124343036,0.8627823962208933,0.7999807000160217,0.787773609161377,0.6743205740631933,0.6598154694707358,0.2647140622138977,0.26909512281417847,-0.8906584106958754,-0.8951200502274064,0.7902777791023254,0.7804065942764282,0.6535224805589731,0.6437647593669878
21,0.875,21,0.875,0.0,0.033846962688541045,0.03827772426181501,0.48339921417114673,0.47972792852463614,0.05684945509539222,0.06431850724307987,0.05637976088428954,0.06437928982634808,0.1730798967909591,0.16803858590892168,0.16147182620640044,0.15214922523441476,0.08188191559677296,0.08253420847301593,0.49862007796764374,0.49870091676712036,0.4995124340057373,0.49919643998146057,0.4988241046667099,0.5004870593547821,0.24671966582536697,0.24754489958286285,0.30465033650398254,0.30371227860450745,0.48598513007164,0.48517028987407684,-169.96331787109375,-171.2716979980469,-6.557072162628174,-6.786068916320801,0.15380528569221497,0.9899774193763734,0.6236171722412109,0.6308974027633667,0.47552424751362077,0.5029310070851074,0.8568026423454285,0.8514811396598816,0.7948130138781369,0.7946368161658988,0.3519580662250519,0.3577316999435425,-0.5596333496136127,-0.5505398942977175,0.8564686179161072,0.865786612033844,0.7940970634319191,0.8256696262168207,0.7194096446037292,0.7227644324302673,0.8405416657324786,0.8572186850458601,0.8014736771583557,0.7890813946723938,0.6762204983697901,0.6592732725651139,0.264970064163208,0.2694456875324249,-0.8911013151596706,-0.8910172826160493,0.7906019687652588,0.7819952964782715,0.652917997738316,0.6439014250992012
22,0.9166666666666666,22,0.9166666666666666,0.0,0.0410278263777683,0.04430318366581759,0.4723764298375532,0.4683792221378283,0.060382082431169756,0.06113213251500431,0.05878244886376316,0.060356031200153475,0.16274948445807103,0.16733950087051294,0.15793613420264888,0.1570109269914535,0.08153694025463439,0.08117366990385881,0.49766987562179565,0.4980839490890503,0.4986303448677063,0.4986378848552704,0.49912121891975403,0.5011100172996521,0.24144130945205688,0.24240756034851074,0.2982277274131775,0.29679152369499207,0.48423604667186737,0.48410825431346893,-170.82679748535156,-172.55609130859375,-5.599898338317871,-7.46449613571167,-0.4563636183738709,0.24818590283393857,0.6235620975494385,0.631115198135376,0.4753983232475322,0.5013022367255235,0.8555734157562256,0.8521550297737122,0.7979685218254764,0.7982970539837497,0.35343798995018005,0.3575451076030731,-0.5565499339129617,-0.5535887868740729,0.8577162027359009,0.8657960295677185,0.8025731662838959,0.8278845158908151,0.7199456691741943,0.7228825092315674,0.8436100302330789,0.855158583180961,0.799927830696106,0.7911549210548401,0.6783914769241587,0.6659872218379055,0.26582658290863037,0.2702300250530243,-0.8912495636773435,-0.8902772626781493,0.7904568314552307,0.781999409198761,0.6580392045873164,0.646128827118154
23,0.9583333333333334,23,0.9583333333333334,0.0,0.052657367137835975,0.06321252626152633,0.45181904250859395,0.4505112526462051,0.07038166566761843,0.06765581757804363,0.06867322283681214,0.06733137292390828,0.14573998716486578,0.14871355435237327,0.14632274073219578,0.14500742361303268,0.08268943175064593,0.08243647946887213,0.4962875097990036,0.4969494491815567,0.4976048767566681,0.49761706590652466,0.49893438816070557,0.5006431341171265,0.23709305375814438,0.23765753954648972,0.28972238302230835,0.28918230533599854,0.4853565990924835,0.48479263484477997,-173.4967803955078,-174.28111267089844,-5.618771076202393,-6.029881477355957,-1.0250500440597534,-0.20405736565589905,0.6244643926620483,0.631226658821106,0.47922107472603803,0.5026670900901917,0.855165421962738,0.8520248532295227,0.7941237038245448,0.7951615446854637,0.3538947105407715,0.35713741183280945,-0.5537008499525657,-0.5524096856435252,0.8579002618789673,0.865839421749115,0.7999964712366007,0.8250739899810277,0.7209281921386719,0.7230169773101807,0.8474795308694859,0.8560039478442619,0.8017212152481079,0.7910070419311523,0.6793581580628716,0.6630407375875805,0.26646721363067627,0.2710752487182617,-0.8874624808574306,-0.8836966316631312,0.7911408543586731,0.7833230495452881,0.656637998732692,0.6464027223236426
24,1.0,24,1.0,0.0,0.08204523698835053,0.11113411943283553,0.4387637408524054,0.4525931627652511,0.07619069658904044,0.07036103427843067,0.07534280463491341,0.06901824539487963,0.12078374911551894,0.12793657854924326,0.12670307565572256,0.13411297942110786,0.08425195897137668,0.0831486197179385,0.495296448469162,0.49507924914360046,0.4964028000831604,0.49699005484580994,0.49965304136276245,0.5002624094486237,0.23139075934886932,0.2316315695643425,0.2790610194206238,0.2800394296646118,0.48527999222278595,0.4850791096687317,-176.64097595214844,-175.71726989746094,-4.44399881362915,-9.904030799865723,-1.2519056797027588,-1.8409063816070559,0.6247251033782959,0.6317068338394165,0.47707787907933535,0.5065884222004404,0.8549512028694153,0.8508257865905762,0.7931715467713356,0.7928955980876641,0.3537394106388092,0.3573434054851532,-0.5565764596245596,-0.5508115924724183,0.8585408329963684,0.8652836680412292,0.8008735056962735,0.8242385774863416,0.7206504344940186,0.72217857837677,0.8429777673612464,0.8552676342044269,0.8020040988922119,0.7899662256240845,0.6795675247399704,0.6609592578917677,0.2670438885688782,0.27207475900650024,-0.8872699424717648,-0.8794380008042246,0.7901667356491089,0.7843299508094788,0.6541691181483323,0.6487404797808507
25,1.0416666666666667,25,1.0416666666666667,0.0,0.09280338763734197,0.08264800758635475,0.4802683651420493,0.4679145845934689,0.07576612624167532,0.07624617443501822,0.07591983905594749,0.07639247210405672,0.1105395374462873,0.11865740326618575,0.12588004742901848,0.13352701331092326,0.08436700646640562,0.08346159338749227,0.49253977835178375,0.49245963990688324,0.4937221109867096,0.4939534664154053,0.4995001256465912,0.5002360343933105,0.222992941737175,0.223858080804348,0.26481321454048157,0.2685566246509552,0.48673780262470245,0.4850616902112961,-180.18862915039062,-177.87057495117188,-2.3021726608276367,-4.026066780090332,-1.9833966493606567,-2.1412220001220703,0.6251809597015381,0.6312147378921509,0.48192524644805596,0.5027415798900631,0.8550093173980713,0.8523618578910828,0.7943305738816229,0.7930266309255878,0.35349416732788086,0.3573916256427765,-0.5598622731518981,-0.5482862619291485,0.8560794591903687,0.8662419319152832,0.7966387794036639,0.822994676978879,0.7182547450065613,0.7210809588432312,0.8388182226783584,0.8476792277122958,0.7991127967834473,0.79159015417099,0.673766496789959,0.6618162920869503,0.26945140957832336,0.27193954586982727,-0.8821256241646896,-0.8762809087102151,0.7900335788726807,0.7859513759613037,0.6541833900761702,0.6496417773993812
26,1.0833333333333333,26,1.0833333333333333,0.0,0.03169388001210096,0.027953014459489212,0.5465910592200681,0.5372109762695295,0.07296100367385835,0.06878609549278468,0.07088713267067336,0.0674309625436372,0.101278571899171,0.11250834934001215,0.11567570523939734,0.12663389499304817,0.08251821954757205,0.08222789254468493,0.49111805856227875,0.4908125251531601,0.4924280345439911,0.49277037382125854,0.49958035349845886,0.5003320276737213,0.2195712774991989,0.22019287198781967,0.26106980443000793,0.26000460982322693,0.48801982402801514,0.48476558923721313,-180.14218139648438,-180.64582824707028,-0.9388687014579773,-2.7922699451446533,-2.2079668045043945,-2.37847375869751,0.6242935061454773,0.6300780177116394,0.478365736415973,0.49717119562360057,0.8549379706382751,0.8531434535980225,0.7916615003809379,0.7940138308455955,0.35340750217437744,0.35660144686698914,-0.5606793043358963,-0.550758483452736,0.8570209741592407,0.8667993545532227,0.7961557825742304,0.8234482113556751,0.7178846597671509,0.7221410870552063,0.8373559485467598,0.849945922957702,0.7967421412467957,0.7910606265068054,0.6660983522030727,0.660198452296845,0.26933589577674866,0.27327650785446167,-0.8831551222626834,-0.8700497350899925,0.7886173725128174,0.7842086553573608,0.6485683753796001,0.6454294870913646
27,1.125,27,1.125,0.0,0.02471100134535997,0.024249763616621758,0.5521673617449432,0.5404914173592015,0.06965152359878445,0.06485622086781757,0.0666827768332102,0.06251925882994479,0.10595942406285136,0.11627775408488195,0.11982604911402886,0.13340307084003752,0.08239536289464132,0.08241571047250361,0.4904156029224396,0.49005016684532166,0.49156153202056885,0.4916880130767822,0.4995691329240799,0.49981483817100525,0.2170628383755684,0.21721642464399338,0.25533220171928406,0.254114031791687,0.4891074299812317,0.48427215218544006,-181.76683044433594,-182.5357208251953,-0.2471611946821213,-1.2990819215774536,-2.2614848613739014,-2.6018412113189697,0.6227378845214844,0.6288773417472839,0.4724957808696199,0.4952849930962531,0.8556672930717468,0.8496756553649902,0.7909787783536391,0.7887698783597566,0.3512018322944641,0.35521361231803894,-0.5691615986792645,-0.5549157591381133,0.8576982021331787,0.8668174743652344,0.7953611620516656,0.825772672175457,0.7190582156181335,0.7231892943382263,0.8419965630476429,0.8572126908670598,0.796934962272644,0.7851383686065674,0.6642436064402191,0.6494579468014638,0.2699337899684906,0.27368101477622986,-0.880919301997298,-0.8678019258530488,0.7872059941291809,0.7837187051773071,0.6432500168205675,0.6463934229513485
28,1.1666666666666667,28,1.1666666666666667,0.0,0.03393666599007188,0.03181924769588617,0.5168218759793083,0.5183142825900097,0.06898170303142279,0.06767286353703289,0.06506015525511279,0.06472346941639964,0.10402983027271284,0.11012460193315349,0.1208259615550553,0.1287150444752829,0.0816690210783239,0.08223177175979807,0.4893626421689987,0.4887644648551941,0.4905310571193695,0.49073299765586853,0.4999488294124603,0.500114381313324,0.21410706639289856,0.21456116437911987,0.2501528561115265,0.2499825805425644,0.4891231656074524,0.48325854539871216,-182.2017059326172,-182.90476989746094,-0.02408469095826149,-2.229853630065918,-2.7674200534820557,-2.9632580280303955,0.6220684051513672,0.6282349824905396,0.4685053478140292,0.4907684008721283,0.8545995354652405,0.8489209413528442,0.7886986457115334,0.7878806809039867,0.3475714325904846,0.3534674048423767,-0.584587891540894,-0.5617340339812439,0.855291485786438,0.8638058304786682,0.790191875715543,0.8199526596182147,0.7173375487327576,0.7214086651802063,0.834000420815038,0.8476719654575456,0.7969004511833191,0.7848899364471436,0.6641839208617313,0.6499151905985571,0.2728700637817383,0.2738611400127411,-0.8711757752946986,-0.8666673462734996,0.7866215109825134,0.7830026745796204,0.6420019499209566,0.6458487698189513
29,1.2083333333333333,29,1.2083333333333333,0.0,0.06337852451761831,0.061670335387056276,0.4592743720714563,0.4640746459751662,0.08034825326304357,0.07514560319245799,0.0765445024870383,0.07166077530147635,0.08626689813161745,0.10042333627999511,0.10784895420802332,0.12132505384149121,0.08104970938245482,0.0819221601366661,0.4882173091173172,0.4881395995616913,0.4896984398365021,0.489601194858551,0.4999172240495682,0.4990643262863159,0.21118219941854477,0.2118401974439621,0.2452971488237381,0.24695540964603424,0.48784779012203217,0.48373599350452423,-181.91639709472653,-181.8994140625,-1.204039216041565,-1.469802975654602,-3.6584441661834717,-3.440779685974121,0.6172996759414673,0.6307448148727417,0.4508264544998485,0.502673261633316,0.8537887334823608,0.8501670360565186,0.7905689364830384,0.7868267936396538,0.34750887751579285,0.35464832186698914,-0.5853491164700066,-0.551289448822699,0.8566449284553528,0.866004467010498,0.7967393830076926,0.8208340516771354,0.7156705260276794,0.7203097939491272,0.8286357509979712,0.844576003973896,0.8001781702041626,0.7912279963493347,0.6747501226440825,0.6602686960777547,0.27334079146385193,0.27520322799682617,-0.8702037496193399,-0.8545608361419321,0.7846476435661316,0.7820050716400146,0.6411983920984244,0.6404645762453457
30,1.25,30,1.25,0.0,0.07713608859789162,0.07470711781977758,0.4507990751736658,0.45654994570871665,0.07445323637125607,0.07567087830251451,0.07090096904033426,0.07271173765760641,0.08952728489205301,0.09701999536365591,0.11515647151759224,0.11736634814744736,0.08091033520221409,0.08149453048990604,0.48762375116348267,0.4875830411911011,0.4890010356903076,0.48901256918907166,0.4994983971118927,0.49980299174785614,0.20980840921401978,0.21017968654632568,0.24370966851711273,0.24364973604679108,0.4870658367872238,0.48330673575401306,-181.69184875488278,-182.5022735595703,-0.6888665556907654,-1.912984013557434,-3.9259736537933354,-3.436352252960205,0.615409255027771,0.6268174648284912,0.44690919682821145,0.483244188440774,0.8539247512817383,0.8497765064239502,0.7956403049536818,0.7842853670440466,0.34857916831970215,0.35644155740737915,-0.581888466172862,-0.545438470996826,0.8573521971702576,0.867031455039978,0.8030737186836199,0.8212128431736834,0.7130122780799866,0.7178924679756165,0.8232301854272936,0.8297516762538583,0.7972984910011292,0.7892680764198303,0.6728297823850007,0.6547907128238994,0.27381929755210876,0.27834275364875793,-0.8701347478454022,-0.842576207548868,0.7820985317230225,0.7825931310653687,0.6398642477952798,0.6405056001452935
31,1.2916666666666667,31,1.2916666666666667,0.0,0.04989209289715485,0.05783265569847235,0.47944236685229313,0.47019372228682127,0.07451760488816943,0.07596679536593678,0.07115753874888597,0.07334985794342108,0.08653585139291453,0.09544875464220241,0.11218447944564694,0.1163037583218257,0.08105913658607147,0.0812154226246526,0.4869363158941269,0.4871036410331726,0.48785731196403503,0.48855510354042053,0.49934911727905273,0.49929800629615784,0.209338016808033,0.209105484187603,0.24224472045898438,0.24369588494300842,0.48676061630249023,0.4827830046415329,-182.97872924804685,-182.06112670898438,1.2181938886642456,-1.3873364925384521,-3.775744199752808,-3.4268479347229004,0.615404486656189,0.625304102897644,0.4483329845494185,0.48322521366919297,0.8549995422363281,0.8493654131889343,0.8001799691578027,0.7907736248872327,0.3518345355987549,0.3574848473072052,-0.5698629285679231,-0.5438442734264621,0.8599201440811157,0.8653860688209534,0.8108723939806672,0.8253325988909282,0.7133757472038269,0.7165709137916565,0.8268053281999357,0.8332275181977249,0.7969033122062683,0.7822427153587341,0.6739373688250221,0.6459798272641414,0.2749294340610504,0.27971410751342773,-0.8669546864462773,-0.8420900200026327,0.7831958532333374,0.7840940952301025,0.6441511802237594,0.6499735332843689
32,1.3333333333333333,32,1.3333333333333333,0.0,0.017278477010847403,0.022943724436395477,0.5512435327783337,0.5427058122225186,0.06663771027553943,0.07190399895126082,0.06466135167103325,0.07000363737871543,0.08951534871103697,0.0984890694102831,0.11714351574166096,0.12189736181914212,0.08043702331101445,0.08060498580074203,0.4862080216407776,0.48610422015190125,0.4868246018886566,0.4872329831123352,0.4998835474252701,0.4995785057544708,0.20798524469137192,0.20894581824541092,0.2419896125793457,0.24162793159484863,0.4859936237335205,0.482662171125412,-183.5556640625,-184.47656249999997,1.9949991703033447,0.30994927883148193,-3.5026943683624268,-3.238952398300171,0.6134704947471619,0.6233795881271362,0.44015236886237635,0.4743396606105303,0.8544765114784241,0.8526750206947327,0.8031829238260251,0.7974515928611285,0.34769487380981445,0.354753315448761,-0.5897350601036486,-0.5548928191974648,0.8572893142700195,0.8615223169326782,0.8093139959746554,0.816519283309382,0.7139319777488708,0.7141672372817993,0.8294432228310109,0.8221894682399918,0.7992972731590271,0.7842182517051697,0.6829086222455732,0.6499135829341899,0.2784232497215271,0.27951157093048096,-0.8581644012936934,-0.8431790189183274,0.7821419835090637,0.7866734862327576,0.6455152013883234,0.6552051037209721
33,1.375,33,1.375,0.0,0.016893285494510316,0.017257154974250156,0.5802730421960501,0.560318067656759,0.06790801701572577,0.06856150091605354,0.06529611838543761,0.06610216449838739,0.08457430702186132,0.09792731792539867,0.11682105439085633,0.12777918044724298,0.07994542889721629,0.07985391579945507,0.4848753809928894,0.4852052181959152,0.48553168773651123,0.48627573251724243,0.4989195466041565,0.49977533519268036,0.2073945254087448,0.20858490467071533,0.23990890383720398,0.24037042260169983,0.4866570979356766,0.4837973713874817,-185.13180541992188,-185.06629943847653,1.9344351291656494,0.8162296414375305,-4.165643692016602,-3.781533479690552,0.612552285194397,0.6233248114585876,0.4444254456376735,0.47185250287355146,0.8537018895149231,0.853136420249939,0.8074897823314418,0.7934382033298195,0.3480533957481384,0.35447752475738525,-0.5900478784340843,-0.554912392897446,0.8560512065887451,0.8603606224060059,0.8126582238298372,0.8089577049824479,0.7103589177131653,0.710118293762207,0.8269539033933072,0.8033287915300257,0.7992355227470398,0.7870755791664124,0.6876650752253968,0.65152200134358,0.2792026996612549,0.2787363827228546,-0.8593276799287681,-0.8441782685582746,0.7858450412750244,0.7878459095954895,0.6582063355369018,0.6531768753502677
34,1.4166666666666667,34,1.4166666666666667,0.0,0.024439859352290202,0.022785596047072972,0.5800630999330556,0.5767999886818687,0.06706360524882153,0.06290887272486466,0.06359096575788027,0.0607740707578519,0.08422647841128159,0.09778651966010123,0.11970241038151556,0.12907914293136472,0.08012321875596796,0.08015309816977668,0.48420141637325287,0.48448966443538666,0.4850860834121704,0.4852803349494934,0.4993680268526077,0.4992382228374481,0.20682048797607422,0.20783280581235886,0.23896445333957672,0.23934458196163177,0.4859299212694168,0.48423904180526733,-185.73333740234375,-185.8843231201172,1.5926722288131716,1.3802218437194824,-4.668580532073975,-3.8511896133422856,0.6122400760650635,0.6240591406822205,0.442626830299593,0.48032969293421446,0.8535852432250977,0.8524250984191895,0.8109885255136258,0.7969699145416922,0.3508491516113281,0.3561719059944153,-0.5824155709618662,-0.5505407364805806,0.8581132888793945,0.8615055084228516,0.8209766661696701,0.8166252313431391,0.7097082734107971,0.7093077898025513,0.8248475797869376,0.8083793352701847,0.7996848821640015,0.7854409217834473,0.6920929955670749,0.6519769888997208,0.28082287311553955,0.2786346673965454,-0.8570230570891493,-0.8489157096000525,0.78423672914505,0.785761296749115,0.6580168538914799,0.652670467657058
35,1.4583333333333333,35,1.4583333333333333,0.0,0.04492624208448021,0.05005527786351131,0.5790286335198628,0.5938678300490543,0.06384896295945897,0.05870523353162251,0.0609912487360646,0.05670168431143512,0.08193179485773196,0.09769274928087344,0.11788467073787418,0.1296940511573834,0.08071371883544502,0.08050647627290598,0.4836960583925247,0.48401735723018646,0.48431164026260376,0.48443999886512756,0.4992884695529938,0.4988640248775482,0.20682357996702194,0.20784980803728104,0.23786160349845886,0.2388058453798294,0.48647038638591766,0.48517753183841705,-186.9263458251953,-186.82844543457028,1.6830011606216433,1.699191689491272,-4.485564231872559,-3.8265748023986816,0.6133412718772888,0.6235211491584778,0.4478747705675251,0.48087659314123615,0.852542519569397,0.8503984808921814,0.8086113536204371,0.7924917351498995,0.3477943539619446,0.3547407388687134,-0.594903333192525,-0.5559691447081702,0.856766939163208,0.8616631627082825,0.8179426119609897,0.8169349311425786,0.7098674774169922,0.7084776759147644,0.8269242220393491,0.8086043935965631,0.7986398339271545,0.7830212116241455,0.6895465036906977,0.6462900203516957,0.2818124294281006,0.27931758761405945,-0.8540082276796653,-0.8469210516170536,0.7850564122200012,0.7858721613883972,0.6595422831620804,0.6524762868606424
36,1.5,36,1.5,0.0,0.06087118063121434,0.05477881006882927,0.592499426024046,0.6030865504182973,0.06493000433551692,0.05892833787601762,0.06158637961557171,0.05699144964717236,0.08202066690334509,0.09442837527893054,0.11800679414869583,0.12911983848937492,0.08037221216835826,0.08021884757970127,0.48315759003162384,0.4833417981863022,0.48384663462638855,0.4837239384651184,0.49900075793266296,0.49835003912448883,0.2069854661822319,0.2084718570113182,0.2376406490802765,0.23889200389385223,0.4868234246969223,0.48633070290088654,-187.29391479492188,-187.38917541503903,1.518026113510132,1.8108959197998047,-4.663161754608154,-4.143978595733643,0.6145431995391846,0.6220939755439758,0.45615229049703326,0.47864267775025204,0.8516925573348999,0.8507546186447144,0.8102666617743118,0.792897209367577,0.34692782163619995,0.35616233944892883,-0.6003717530089449,-0.5499833226991246,0.8557952642440796,0.8624659180641174,0.8193775630103387,0.8183781293252022,0.707245945930481,0.7081899642944336,0.8221352965145262,0.8116627496136288,0.7982069253921509,0.7820625901222229,0.6914908581490151,0.6434401749407579,0.2834407687187195,0.2805491089820862,-0.8510135449128862,-0.8424559896531484,0.7824899554252625,0.7862921953201294,0.6565881063152135,0.6526427602082521
37,1.5416666666666667,37,1.5416666666666667,0.0,0.04909415652257025,0.05338897504658778,0.5928301129764166,0.6051853487638503,0.05541915193904402,0.05468629321154467,0.05362056932957608,0.05304305234058444,0.08484907074696692,0.09493254711898123,0.12894733142998424,0.13289032343743895,0.07979639453053568,0.07995580722637496,0.4825228601694107,0.48280686140060425,0.4829413592815399,0.48305562138557434,0.49888986349105835,0.4978860467672348,0.20856333523988724,0.2094535008072853,0.23885905742645264,0.23965178430080414,0.4861692637205124,0.4860341101884842,-187.4304656982422,-187.6626739501953,2.044022560119629,1.957132339477539,-5.084957599639893,-4.336323261260986,0.6138996481895447,0.6216628551483154,0.45571657597214776,0.4801926795923534,0.8512810468673706,0.8511452674865723,0.8137826212411021,0.7967533283225557,0.34528905153274536,0.357225239276886,-0.6086302680740988,-0.5456942293621053,0.85289466381073,0.8637582063674927,0.8173791456110588,0.8242775516513369,0.7055324912071228,0.7061818838119507,0.8188039913258922,0.8080846278608906,0.7952569127082825,0.7797250747680664,0.6889127352138747,0.6408986656521146,0.28402745723724365,0.28099316358566284,-0.8513741708136049,-0.8414369066522948,0.7821207046508789,0.7859616875648499,0.6596339819126631,0.6545083346637887
38,1.5833333333333333,38,1.5833333333333333,0.0,0.048106744851243013,0.047631026361780335,0.5945891345751109,0.5970873751829472,0.04625726494611766,0.04066100503101112,0.0443284471453604,0.039622896227845185,0.09477025745636442,0.103264810918568,0.1418787928847166,0.1487526818270325,0.07906332289316033,0.0797677960557607,0.4821569621562958,0.48228907585144043,0.4825582206249237,0.4823037087917328,0.4986582100391388,0.4976341128349304,0.2098347544670105,0.21068459004163742,0.24041840434074402,0.24113880097866058,0.4863649010658264,0.4855303168296814,-187.12904357910156,-187.3651580810547,2.3229665756225586,2.570570707321167,-5.200371742248535,-4.824058532714844,0.6135138273239136,0.6218165755271912,0.4549339944439331,0.48401817857655,0.850925624370575,0.8503860235214233,0.8122478192189032,0.7999172733957346,0.34528106451034546,0.35675519704818726,-0.6075147138760965,-0.5490948942437762,0.8522798418998718,0.8631615042686462,0.8152650401223188,0.8279265042730587,0.7053577899932861,0.7058247327804565,0.8187206492937336,0.8114514922487227,0.7959641218185425,0.7786434888839722,0.689792607411666,0.6426274417139327,0.28381896018981934,0.28113001585006714,-0.8509612364448554,-0.843854409109774,0.782218337059021,0.7850372791290283,0.6591667528402712,0.6566453210171354
39,1.625,39,1.625,0.0,0.04400335636814654,0.036674920607711645,0.5908917462905733,0.5871317963417457,0.044708546046829264,0.04083890872026134,0.042777264269321706,0.0394567524028958,0.09612781965791765,0.1012421592703887,0.14645704951777538,0.14998398716981484,0.07913766822683546,0.0797824421961325,0.4816358685493469,0.4820082187652588,0.4817401170730591,0.4816383421421051,0.4988113045692444,0.4970763921737671,0.21092647314071655,0.21179911494255066,0.24224764108657837,0.24313123524188995,0.48744356632232666,0.4865153729915619,-186.8216094970703,-186.89320373535156,3.12876296043396,3.489755868911743,-5.475580215454102,-4.9995832443237305,0.6133161187171936,0.6222970485687256,0.4534558085665182,0.48931732989908605,0.8512121438980103,0.8501680493354797,0.810324429003305,0.799325993559597,0.34554624557495117,0.3577694296836853,-0.60695204623846,-0.5443615525141374,0.8531078100204468,0.8633908033370972,0.8145471812225362,0.8283902399339074,0.7048546075820923,0.7049326300621033,0.8159616105457905,0.8122274890940817,0.7963326573371887,0.7784582376480103,0.6880758584759619,0.6417043941495895,0.28303438425064087,0.280875563621521,-0.8545081584660861,-0.8448351509632749,0.7809767723083496,0.7861414551734924,0.6538693614476538,0.6585924741275364
40,1.6666666666666667,40,1.6666666666666667,0.0,0.04136523490514964,0.035979057962420964,0.5849657198085357,0.5813573863079151,0.04939560628807111,0.051507051943141584,0.046887190620964234,0.048573913954201006,0.08950880829054854,0.09102283234062805,0.14038675703870393,0.1411932903927618,0.0794013060582407,0.08010951282286201,0.48129990696907043,0.4816448837518692,0.4812557101249695,0.4813859164714813,0.49862854182720184,0.496340811252594,0.2119041606783867,0.21349377930164337,0.244148850440979,0.24585063755512238,0.4878534972667694,0.4877205938100815,-186.38943481445312,-186.40536499023438,3.344252824783325,3.3815913200378422,-5.554652690887452,-5.4152679443359375,0.6124500036239624,0.6227801442146301,0.4505131154317825,0.4930361397936616,0.8520780801773071,0.8490196466445923,0.8109144909725857,0.7924756162344018,0.34672707319259644,0.35631468892097473,-0.6012363818998759,-0.5460163163418893,0.8546279668807983,0.8626914620399475,0.8165915928905176,0.8224634621627989,0.7055896520614624,0.7076141238212585,0.8191662018130128,0.8238368237955676,0.7983182072639465,0.7808312177658081,0.6912227896878413,0.6429106872044839,0.2826237082481384,0.28002288937568665,-0.8549618761511738,-0.843507717668837,0.7815109491348267,0.7876734733581543,0.6538028850193863,0.6579185336807973
41,1.7083333333333333,41,1.7083333333333333,0.0,0.05252081745521411,0.043738627918686296,0.5929602887392428,0.5774491371176549,0.06728523539984857,0.06182325881251198,0.06403960278836934,0.059167121149233275,0.07349145015244314,0.08252821268729517,0.12307174506721656,0.131525598569149,0.07967646399913225,0.08067276631802413,0.4808860570192337,0.4812229424715042,0.48063018918037415,0.48133111000061035,0.498447060585022,0.49640296399593353,0.2149093970656395,0.21549638360738754,0.24798572063446045,0.24821659922599792,0.48947063088417053,0.4876496493816376,-186.32029724121094,-186.5309295654297,3.3152930736541752,2.633472204208374,-5.689126014709473,-5.422484874725342,0.613728940486908,0.6235610246658325,0.45633991047137984,0.49599910420691584,0.8530720472335815,0.8494141101837158,0.8096093144301811,0.7937530797879665,0.34490329027175903,0.3552175760269165,-0.6077984715189071,-0.5507148000749228,0.8532745242118835,0.8613387942314148,0.8100601576893653,0.8199172161638112,0.7065374851226807,0.7068933844566345,0.8237197882640798,0.8210494831599707,0.7982805967330933,0.7823769450187683,0.6876085006772801,0.6466657838386736,0.28215521574020386,0.2794891595840454,-0.8561848678749654,-0.8461048565195621,0.782167375087738,0.788421630859375,0.6517301631819682,0.659928523886976
42,1.75,42,1.75,0.0,0.05139190327054743,0.047308168776093944,0.5859504983875264,0.5758319585065526,0.06897806717070237,0.06665045407115154,0.06573416153632115,0.06385590376700653,0.07170525775523306,0.07556429885084207,0.12047586421929306,0.124404026794089,0.0798436383764769,0.08022919577243443,0.4809664785861969,0.48089928925037384,0.4809190630912781,0.481138676404953,0.49825194478034973,0.4963131248950958,0.21546412259340286,0.2161993607878685,0.2500686049461365,0.25059249997138977,0.49092352390289307,0.4884415417909622,-185.1874847412109,-184.91519165039062,3.303205251693726,2.7985827922821045,-5.5470147132873535,-5.415188789367676,0.6144019365310669,0.6245893239974976,0.4586954832893404,0.5021747549374062,0.8530781865119934,0.8490162491798401,0.804492293425783,0.7940111110244819,0.34552857279777527,0.3540465235710144,-0.6031297967844425,-0.5569442823813808,0.8545799255371094,0.8606820106506348,0.8078282644822887,0.8196999461994418,0.7081220149993896,0.7075527906417847,0.828811537875085,0.826959546055157,0.8004371523857117,0.7821975946426392,0.6875552202773753,0.6468716887659354,0.281253457069397,0.27907615900039673,-0.8569628348080953,-0.8504377341616576,0.7844573855400085,0.7895469665527344,0.6520576812273673,0.6630555276101094
43,1.7916666666666667,43,1.7916666666666667,0.0,0.05785665143559408,0.04337918233874991,0.5910574344678161,0.5702648613027151,0.07204197700495442,0.06972136619828856,0.06850659537999271,0.06709787704750145,0.06945727570212124,0.07158287505044196,0.11708947514134327,0.12068083955212905,0.07976817187107343,0.08011058658922339,0.4807073175907135,0.480702668428421,0.4805481433868408,0.4813820421695709,0.498112216591835,0.49644844233989716,0.2172888070344925,0.21720194816589355,0.2518128752708435,0.25298184156417847,0.4924681633710861,0.4891688972711563,-185.3939666748047,-183.64633178710938,3.365741491317749,2.3466198444366455,-5.523601055145264,-5.469357490539551,0.6150230169296265,0.623824417591095,0.45923489097018083,0.49754777893992674,0.8528070449829102,0.8501856327056885,0.7961848257286728,0.7932263475766546,0.3450188636779785,0.3539559245109558,-0.6013628255945481,-0.5565950378125248,0.8547055721282959,0.8613920211791992,0.800379706108022,0.8178490360170358,0.7094829082489014,0.7081365585327148,0.8302808316850352,0.8268823993849903,0.8010291457176208,0.7826116681098938,0.6817792486265586,0.6447527620984638,0.28063613176345825,0.2790318727493286,-0.8542633000220559,-0.8492585127705089,0.7869901657104492,0.7914347648620605,0.6507594963299985,0.6641388794833346
44,1.8333333333333333,44,1.8333333333333333,0.0,0.052092453421331286,0.04123506670664258,0.5794918583411157,0.56582289143814,0.07219856541369789,0.07127694520805238,0.06872762615955437,0.06853686898122698,0.07016469848276338,0.07195314599739058,0.11694848682149146,0.1193068671466405,0.08012543732118092,0.08055606162510583,0.48102620244026184,0.4808758348226547,0.48080208897590637,0.48145198822021484,0.4979918897151947,0.4966278225183487,0.21774907410144806,0.2186276540160179,0.2537462115287781,0.25564491748809814,0.4923871159553528,0.48989515006542206,-184.33094787597656,-182.813232421875,3.7251205444335938,2.3969273567199707,-5.320998668670654,-5.244343280792236,0.6143699288368225,0.6221778392791748,0.45601732466507744,0.48567485890917816,0.8530536890029907,0.8509839177131653,0.7949480110293541,0.7857155594490196,0.34560543298721313,0.35533905029296875,-0.5971132082717012,-0.5465583062942547,0.8556284308433533,0.8644145727157593,0.8006230196324938,0.8149401589231978,0.7100822329521179,0.7104364037513733,0.8310577462911193,0.82709230315548,0.8006411790847778,0.787887692451477,0.6794251884942134,0.6484205495444971,0.28015583753585815,0.2788165807723999,-0.8535718120031666,-0.8425761049902429,0.7880871295928955,0.7931740283966064,0.6517547099422192,0.6599234174725706
45,1.875,45,1.875,0.0,0.03725041353332914,0.03460837055628765,0.5625564269709407,0.5664001352439756,0.07374341536128429,0.07338098639506095,0.07149711745517855,0.07150949234719774,0.07035761214141995,0.07168551539088926,0.11804623242084292,0.12046668634077223,0.0800379787142528,0.08029474606068032,0.4812481999397278,0.48090972006320953,0.48091986775398254,0.48167893290519714,0.4981361925601959,0.4968215525150299,0.21915042400360107,0.21922799944877625,0.25682294368743896,0.2581445872783661,0.4928795397281647,0.4904285818338394,-182.69491577148438,-181.5757293701172,4.373201847076416,2.3641114234924316,-5.142321586608887,-5.282327175140381,0.6167293787002563,0.6227275729179382,0.4625569872551466,0.4861107731220453,0.8520967960357666,0.8515427708625793,0.7881070760165848,0.7842523502208244,0.3429339528083801,0.3579966723918915,-0.6053457434735405,-0.535989221081562,0.8557129502296448,0.8649970889091492,0.7960407614343087,0.8134718626886689,0.7096139192581177,0.7103853225708008,0.8248408135137748,0.824548731192138,0.8005762100219727,0.7879582643508911,0.6750731454772828,0.6461622386039305,0.2806911766529083,0.278348833322525,-0.848115433317855,-0.8435017014507344,0.7885153293609619,0.793828547000885,0.6486120965576433,0.658911067380503
46,1.9166666666666667,46,1.9166666666666667,0.0,0.03384299755661402,0.027796093135850294,0.5445648401096161,0.5463746887123119,0.07295068020417109,0.07299410644461869,0.07082630449437737,0.07103898758793047,0.07322635895716739,0.07491020217529536,0.11874308871992591,0.12172516326597163,0.08001996359218315,0.08054851818028383,0.4815308153629303,0.4811958968639374,0.4813627600669861,0.4816308617591858,0.4979255497455597,0.4976438283920288,0.21917978674173355,0.21975869685411453,0.2586889863014221,0.26030611991882324,0.49206338822841644,0.4899310916662216,-180.7368621826172,-180.1216278076172,4.308091640472413,2.933703660964966,-4.863973617553711,-4.872451305389404,0.6168975830078125,0.6231305003166199,0.46295955689763174,0.48257697248071124,0.8519672751426697,0.8524793982505798,0.7877841408316759,0.7842551889054562,0.3417643904685974,0.3602714240550995,-0.6076747544872041,-0.5282852590683806,0.8556757569313049,0.8646748661994934,0.7959015389645445,0.8106361120717328,0.7106770873069763,0.7143419981002808,0.8278866457767238,0.8333438529851296,0.8001410365104675,0.7886086106300354,0.674343051813557,0.6460915409138054,0.2809222638607025,0.2772449254989624,-0.8444316056793703,-0.8475755525664194,0.7901830673217773,0.79372239112854,0.6525463152764782,0.6571535395993312
47,1.9583333333333333,47,1.9583333333333333,0.0,0.02703334774940808,0.02550850946199454,0.5272797920020199,0.526682730183437,0.0727395842276192,0.07395893174622445,0.071398052973717,0.0728123078018558,0.06975819556261384,0.07343214746056237,0.11839433642261625,0.11885305947791865,0.07947033167806698,0.08074459952284592,0.48152564465999603,0.48149584233760834,0.4812864661216736,0.48118355870246887,0.4979419410228729,0.49776001274585724,0.21969588100910187,0.2206585705280304,0.26099514961242676,0.2608558237552643,0.4915444701910019,0.4895435720682144,-178.7306365966797,-180.1585693359375,5.345657825469971,4.169167518615723,-4.907948970794678,-4.596142292022705,0.6167210340499878,0.6231591701507568,0.46136455426262235,0.4812085390390772,0.8517895340919495,0.8524404764175415,0.7870907096663181,0.7833295269874571,0.34202563762664795,0.3598809838294983,-0.605613782572443,-0.5290989783506743,0.8555625081062317,0.8637217283248901,0.7953341891530225,0.8076806239918648,0.7111058831214905,0.7159367799758911,0.8279764108717488,0.8372346799112647,0.800293505191803,0.787497341632843,0.6745782841160317,0.6431468072059433,0.2806607484817505,0.27727213501930237,-0.8439687321362345,-0.8461033687334536,0.7899947166442871,0.7929508090019226,0.6520767106071815,0.654918365363272
48,2.0,48,2.0,0.0,0.02629426693218522,0.026282773010659143,0.5130813674705739,0.5098010192723771,0.07415024682007884,0.0751533072082541,0.0726169553369985,0.07329843054110739,0.06965565433069705,0.07267228279795013,0.1185355808601316,0.11909922002079666,0.07981511242337175,0.08068876799643322,0.48193274438381195,0.4819016307592392,0.4816506505012512,0.4818260371685028,0.4975360929965973,0.4974452704191208,0.22042635828256607,0.22132351994514465,0.262601763010025,0.26296502351760864,0.49134641885757446,0.49007435142993927,-177.66468811035156,-178.66018676757812,5.903090476989746,4.8019070625305185,-4.8711371421813965,-4.785245418548584,0.6170117855072021,0.625777006149292,0.46316148065905693,0.4940579869248057,0.8511883020401001,0.8511699438095093,0.784670119524792,0.7819672604708392,0.34799420833587646,0.3584769070148468,-0.5797165872368353,-0.535007412461956,0.857640266418457,0.8639195561408997,0.7987392534876305,0.8095770669521177,0.7121871709823608,0.7164660692214966,0.832119982030022,0.843197314641513,0.8002919554710388,0.784713625907898,0.6736857005002199,0.6380533885012339,0.27912068367004395,0.2777157425880432,-0.8467128522687674,-0.8459258153915676,0.7931130528450012,0.7922608852386475,0.6580314071983686,0.6543972869798549
49,2.0416666666666665,49,2.0416666666666665,0.0,0.03225713689742848,0.03287503292728381,0.5090437369652838,0.5104997295722999,0.07194778394540294,0.07370171907659154,0.07054514865055311,0.07186274667020123,0.07239822730195584,0.07422450154770718,0.11913059669672199,0.12041000735956728,0.07987084180754964,0.08012746708792537,0.4822341054677963,0.48205436766147614,0.4818984270095825,0.4823158383369446,0.4978589415550232,0.4974452406167984,0.22103430330753326,0.2219085916876793,0.2642565369606018,0.26390954852104187,0.49120578169822693,0.4900447726249695,-177.3379364013672,-178.30654907226562,6.623831748962402,4.71482515335083,-4.558566093444824,-4.881305694580079,0.6175194978713989,0.6271207332611084,0.46115334176338546,0.49934806534463727,0.8511819839477539,0.8503162264823914,0.7803522018848275,0.7803651100176073,0.3525598645210266,0.35813236236572266,-0.5599602491585052,-0.536459240012921,0.8604876399040222,0.8636032938957214,0.8005248940519141,0.809145530205764,0.7140060067176819,0.716613233089447,0.8329974761989917,0.8439614208898651,0.8018051385879517,0.7825455665588379,0.673313653897871,0.6335706362369027,0.2759523093700409,0.2772402763366699,-0.8551939598291721,-0.8479545413733347,0.7935054302215576,0.7917906045913696,0.6553216431531496,0.6535958284749442
50,2.0833333333333335,50,2.0833333333333335,0.0,0.04050607950390369,0.038065168381283744,0.5198515007155133,0.5217538639045249,0.07409462988820678,0.07370148586825857,0.07201184522529655,0.07225960435474212,0.07054864647291346,0.07428878908589039,0.1156807765087848,0.1177303088949827,0.0801330069323622,0.08018754136552138,0.4822046309709549,0.48214443027973175,0.48207205533981323,0.48263075947761536,0.4979380667209625,0.49772995710372925,0.22139840573072433,0.22237904369831085,0.26419439911842346,0.2642141580581665,0.4917628914117813,0.4899897575378418,-178.0460968017578,-178.8436737060547,6.0081281661987305,3.469014883041382,-4.650256633758545,-4.6345438957214355,0.6178717613220215,0.6270418167114258,0.46151915046801933,0.4966903965817789,0.8507089614868164,0.8502553105354309,0.776962831881387,0.7783817975125831,0.3536146879196167,0.35747650265693665,-0.5553735620221872,-0.538717362216293,0.8625519871711731,0.8636267185211182,0.8025978549137837,0.8072717663052503,0.7148482799530029,0.7163184285163879,0.8346963517773954,0.8396043091758015,0.8019278049468994,0.7833529114723206,0.6713727483354656,0.6338339516046051,0.2752584218978882,0.2764590084552765,-0.8568978121379255,-0.8499077777525449,0.793951690196991,0.7924530506134033,0.6541079132525677,0.6534955112605682
51,2.125,51,2.125,0.0,0.04342303691270201,0.041529178253631546,0.5383205442694727,0.5304424274057297,0.07253839931136581,0.07457367909771828,0.07116160467059156,0.07296004380523205,0.07432212205409855,0.07612785549784945,0.11543134909370828,0.11681641493484973,0.08055566150983968,0.08049672352189384,0.48256486654281616,0.4824007898569107,0.482467919588089,0.48314303159713745,0.4976840317249298,0.4978283494710922,0.22198409587144852,0.22255437821149826,0.2646903097629547,0.265516072511673,0.4915420562028885,0.48983950912952423,-178.75616455078125,-178.52328491210938,4.455632209777832,2.5583362579345703,-4.21018123626709,-4.369962215423584,0.6185061931610107,0.6272569894790649,0.4649954070920115,0.49643797213874186,0.8511396646499634,0.8500040769577026,0.7784691096170487,0.7770663766441588,0.35207533836364746,0.3576839566230774,-0.5603886972464475,-0.537539436308672,0.8620024919509888,0.8645504713058472,0.8019853269063459,0.8084506797073692,0.7148316502571106,0.7167444229125977,0.8357129526427999,0.8396769954562014,0.8020999431610107,0.7839761972427368,0.672306255842142,0.6346091506127461,0.27439558506011963,0.27578258514404297,-0.8593465049934149,-0.8516812736170842,0.7922708988189697,0.792556643486023,0.651028006995108,0.6531217331037623
52,2.1666666666666665,52,2.1666666666666665,0.0,0.04596517068556595,0.046580368270534266,0.5412636652050715,0.5332602471175164,0.07294624371009512,0.07256815184266606,0.07153014724074198,0.07051317145999474,0.07625575554297026,0.07818423557742474,0.11667697500815478,0.11912662014303,0.08111289198510309,0.08080122163260088,0.4828003942966461,0.4825793504714966,0.4827892482280731,0.48356565833091736,0.49730703234672546,0.4977727383375168,0.2222912758588791,0.22242867946624756,0.2644386887550354,0.26542195677757263,0.49145829677581787,0.4895087331533432,-179.17552185058594,-178.34359741210938,3.7767486572265625,1.8408706188201907,-4.32688570022583,-4.587263107299805,0.6187770366668701,0.6273189783096313,0.4682593201848726,0.49695684618539987,0.8516514897346497,0.8489897847175598,0.7810438395506777,0.7756975073075106,0.35071268677711487,0.3572459816932678,-0.5651120948218173,-0.5390795888913613,0.8606209754943848,0.8647633790969849,0.8004932953802867,0.8097341770795585,0.7140947580337524,0.7174418568611145,0.8357032143267731,0.842680361616921,0.8018807172775269,0.7846861481666565,0.6731207694393629,0.6369414578125531,0.27418088912963867,0.2756448984146118,-0.8601374201233845,-0.8521123484697335,0.7917966842651367,0.7923639416694641,0.6512545265005266,0.6535087991392649
53,2.2083333333333335,53,2.2083333333333335,0.0,0.04802859251619411,0.04732287984948798,0.5471115200960882,0.542636680678976,0.04473783609539911,0.04198849802303599,0.04133557549142372,0.04112850194869111,0.1410369712101585,0.13739180369802784,0.1841353506284383,0.18405341615568088,0.0793008421228918,0.07934420491243747,0.48347169160842896,0.48408250510692596,0.4829898476600647,0.4832412600517273,0.4978269636631012,0.49786704778671265,0.22410553693771362,0.22455157339572906,0.26520320773124695,0.2652547061443329,0.4909035563468933,0.48886118829250336,-179.5305938720703,-179.8270721435547,5.2839250564575195,5.710419654846191,-4.24440860748291,-4.009253025054932,0.6187272071838379,0.6274771094322205,0.4660146153822273,0.4974861374322373,0.8519166111946106,0.8488084077835083,0.782740482479722,0.777147789818379,0.3503645062446594,0.3571418523788452,-0.5683996853603235,-0.5401496844769322,0.8599154949188232,0.864915132522583,0.8000834844058724,0.8119231814713146,0.7150781154632568,0.7178364992141724,0.837402878598259,0.8443152588187036,0.802052915096283,0.7859182357788086,0.6746271247544979,0.6413641095225198,0.27416014671325684,0.2760750949382782,-0.8621323054388306,-0.8513106199880031,0.7905576825141907,0.7919225096702576,0.6497034169364552,0.6543276995477523
54,2.25,54,2.25,0.0,0.05002351049993658,0.04686301364252537,0.5409563124724722,0.518899724917918,0.04363789751661567,0.03931239775828,0.04144657666035494,0.038591690841477774,0.1523091461912038,0.1522541556760919,0.20191718448251086,0.20457378504133472,0.07884690456291929,0.07955510979959791,0.48373621702194214,0.48371174931526184,0.48312100768089294,0.48322007060050964,0.49822597205638885,0.4982653260231018,0.22446103394031525,0.22501011192798615,0.2634599506855011,0.26344984769821167,0.4904330372810364,0.4877125769853592,-180.74539184570312,-180.89454650878906,6.214596748352051,5.8519206047058105,-4.659275531768799,-4.758828639984131,0.6189490556716919,0.6275292634963989,0.46470257420413336,0.49582424258620544,0.8518779277801514,0.8493140935897827,0.7826171754815113,0.7801949708174789,0.3498503565788269,0.35760369896888733,-0.5711462000197401,-0.5395429387218422,0.8586648106575012,0.8654158711433411,0.7973124478381374,0.8149363236372207,0.7147834300994873,0.718093752861023,0.8336003786683828,0.8432070488209087,0.8023399114608765,0.7864453792572021,0.6753551739154859,0.644548817547335,0.2742777466773987,0.2760196328163147,-0.8620498557980188,-0.8524790800610189,0.7895470261573792,0.7916176319122314,0.6476554276314628,0.655708520490909
55,2.2916666666666665,55,2.2916666666666665,0.0,0.07323712150410314,0.07684797967061026,0.4993959596003611,0.49934329379826803,0.043182025921322455,0.0362231799565115,0.04062005048609109,0.03401094065669816,0.1471749592107255,0.15688659166676638,0.19673737318987264,0.20695475582664624,0.0796353635739793,0.07927441688615709,0.48428820073604584,0.4845127463340759,0.48374906182289124,0.4841326177120209,0.49843885004520416,0.49842293560504913,0.2221273109316826,0.22283371537923813,0.2593855559825897,0.2605903148651123,0.49127888679504395,0.48723429441452026,-181.2689666748047,-98.51903533935547,6.626997470855713,-0.04540923982858658,-4.851522445678711,-5.220753192901611,0.6188621520996094,0.6278519034385681,0.4621354200633332,0.4955037059156238,0.8526054620742798,0.8493614196777344,0.7799758498678484,0.7798283202440001,0.34962964057922363,0.3566332459449768,-0.5710689322801025,-0.5428252875937492,0.8579331040382385,0.8646459579467773,0.791476338215319,0.8127430481738377,0.7151851058006287,0.718058705329895,0.8317835522018354,0.8408499246496137,0.802764356136322,0.7859472036361694,0.672386589564287,0.6432679851425103,0.2742161452770233,0.27619725465774536,-0.860475108122892,-0.8507650976607362,0.7896871566772461,0.7910777926445007,0.6441575567174737,0.654316532266179
56,2.3333333333333335,56,2.3333333333333335,0.0,0.08231786203963835,0.09033522405989158,0.46890727624768924,0.47580636068337856,0.04918301502550883,0.042552215435740566,0.04688134769080931,0.040630236869370284,0.12660678758458643,0.13780547619843428,0.1756795589525433,0.18726807987220595,0.08081085274705767,0.0801744621607606,0.4847400188446045,0.4849470853805542,0.48475173115730286,0.4855263829231262,0.4977419376373291,0.49825191497802734,0.21928899735212326,0.2199368104338646,0.2556767165660858,0.25691577792167664,0.4916912913322449,0.486947163939476,-181.5873260498047,-181.02549743652344,6.761892318725586,4.828871726989747,-5.145199775695801,-5.083771705627441,0.6190175414085388,0.6284164786338806,0.4652072271197983,0.49832364035829174,0.8522447347640991,0.8493335247039795,0.7779741771450684,0.780392512833004,0.3484289348125458,0.3558618426322937,-0.5727573053199502,-0.5451279304389673,0.8575661778450012,0.8640965819358826,0.7894563731343339,0.8121844911679424,0.7151346802711487,0.7180085778236389,0.8339078252493154,0.8413191512841556,0.8016031980514526,0.7853966355323792,0.6687038080192519,0.6427055714754751,0.27427440881729126,0.2760379910469055,-0.857210405068812,-0.850726560298177,0.7898743748664856,0.7908623814582825,0.6433962655940487,0.6544759570623497
57,2.375,57,2.375,0.0,0.08110814990490543,0.0895028758064452,0.46571303081081095,0.4835075916122051,0.06597668106889078,0.049112416462769,0.06343395606458586,0.04637512484493725,0.11125570578626885,0.13200629553856646,0.1600908910880467,0.18379012538977058,0.08193208461142049,0.08027530950016053,0.48519521951675415,0.4850991368293762,0.4853918254375458,0.4862701892852783,0.4974466413259506,0.4979698210954666,0.2178996130824089,0.2189827561378479,0.25481992959976196,0.25664037466049194,0.4913535416126251,0.4867420643568039,-181.4675750732422,-180.72886657714844,6.308606147766113,3.3166086673736572,-5.314942359924317,-5.4710612297058105,0.6190632581710815,0.6283002495765686,0.46647666092598794,0.5002040090337252,0.8525387048721313,0.8488638997077942,0.7792726436854248,0.7817692514373789,0.34830760955810547,0.35642820596694946,-0.5720425329820755,-0.5432321842067668,0.857237696647644,0.8639090061187744,0.7894109220978437,0.8142494844100949,0.7156231999397278,0.7177131772041321,0.8368451219464467,0.8433679606909139,0.8026046752929688,0.7855944633483887,0.6715378107015395,0.6451795872056827,0.2735319435596466,0.2758564054965973,-0.8588545155740295,-0.852464173083251,0.7897496819496155,0.7904037237167358,0.6438026054211499,0.6555620925149415
58,2.4166666666666665,58,2.4166666666666665,0.0,0.08111297914827549,0.09658454563507513,0.465497973906315,0.48145739180614827,0.068384207088896,0.05888619496097004,0.06537133657905045,0.05603663396295156,0.10866067202573466,0.11948984252419721,0.15755860806061017,0.16953429677440007,0.08201687040560049,0.08143188546731968,0.48535534739494324,0.48531919717788696,0.48597607016563416,0.48658549785614014,0.4980708062648773,0.4981352388858795,0.21741516888141632,0.21814538538455963,0.25411486625671387,0.2562621235847473,0.49094128608703613,0.48703633248806,-181.4897003173828,-180.7294158935547,4.958524227142334,2.8344807624816895,-5.536386489868164,-5.506771087646484,0.6193523406982422,0.6283132433891296,0.46546209975129105,0.4996978546144104,0.8523467183113098,0.8485513925552368,0.7802016137365503,0.7805824731784469,0.34790700674057007,0.35675275325775146,-0.5763083206340728,-0.5427070803398621,0.8562023639678955,0.8643093705177307,0.7885251769568112,0.8146070623835807,0.7153160572052002,0.7180696129798889,0.8337578439794262,0.844234287582706,0.8023327589035034,0.7864609956741333,0.67223153813705,0.6465170332792709,0.2733957767486572,0.2756985127925873,-0.8622723276787096,-0.8538397499671021,0.7890512943267822,0.7909926772117615,0.643559528334186,0.6563018294690661
59,2.4583333333333335,59,2.4583333333333335,0.0,0.08250146399303333,0.10130477870998807,0.46743994198669875,0.4819020410556258,0.06918050461652599,0.06453049202969005,0.06604475286465339,0.06161308474255489,0.10617078692035496,0.11343780028127316,0.15557722481664926,0.1626533966996618,0.08222406855873438,0.08144628032605791,0.4851759374141693,0.4850959777832031,0.48591798543930054,0.4868523180484772,0.498082235455513,0.4986521899700165,0.21721913665533066,0.21778307110071182,0.25411853194236755,0.25596773624420166,0.4906793087720871,0.48734261095523834,-181.38006591796872,-180.67576599121094,4.544711112976074,0.7634398341178894,-5.634222507476807,-5.687540054321289,0.619439959526062,0.6282409429550171,0.4655173527905127,0.4964447670286771,0.8523964881896973,0.8486579656600952,0.7804770081584594,0.7785967226260195,0.34717652201652527,0.3564505875110626,-0.5788607917551519,-0.5447636448204037,0.8555365800857544,0.8638912439346313,0.7872523831415421,0.8114228408215565,0.7152225375175476,0.7180262804031372,0.8329307374064482,0.8404056425313711,0.8020978569984436,0.7863876223564148,0.6719476724774122,0.6444106588960494,0.2738015949726105,0.2754344344139099,-0.8603204356326485,-0.8551304345566313,0.7887396216392517,0.7913962602615356,0.6431246135776251,0.6552037486636655
60,2.5,60,2.5,0.0,0.07387221619987117,0.09458240882875298,0.4726103531377046,0.48031184777375063,0.07199510768883839,0.06709234713632699,0.06920807598679088,0.06449224460182014,0.1022759834397467,0.11166491537712374,0.15309088306075047,0.16092243762790723,0.0817197173274337,0.08144485265106584,0.4850049167871475,0.4848957508802414,0.4864048361778259,0.48681530356407166,0.49776920676231384,0.49881264567375183,0.2164696305990219,0.21754736453294754,0.25420066714286804,0.25555619597435,0.49047791957855225,0.48723432421684265,-180.92152404785156,-180.81365966796872,2.8822615146636963,0.2479530423879623,-5.906992435455322,-5.720878601074219,0.6197205781936646,0.628071665763855,0.4685093552503745,0.4947691816957995,0.8520108461380005,0.8486785888671875,0.7812714645113035,0.778225837897662,0.347395122051239,0.35629498958587646,-0.5777029372237094,-0.5455197171589915,0.855925977230072,0.8644582033157349,0.7897320499168031,0.812200934134982,0.7149415612220764,0.7179893255233765,0.8343266547307759,0.8389500899852788,0.8018134832382202,0.786614716053009,0.6727951284814565,0.6445960804281049,0.2740183472633362,0.27554428577423096,-0.8595997707134772,-0.8546119539591586,0.7880525588989258,0.7911612391471863,0.6430578162706364,0.6543852017132634
61,2.5416666666666665,61,2.5416666666666665,0.0,0.06405881604725666,0.08513385129502346,0.48553209717448714,0.47956018706289394,0.06868041559218038,0.06713994121392156,0.06564315597958237,0.06483951810266267,0.10529605901039527,0.11193414136377626,0.1559938991492865,0.16190643064327206,0.08164900152814934,0.0813703445012728,0.4848301410675049,0.4848232865333557,0.48623794317245483,0.48668044805526733,0.497865229845047,0.4989359378814697,0.21601496636867523,0.2171618938446045,0.25338518619537354,0.2550152540206909,0.48999229073524475,0.48735781013965607,-181.28306579589844,-180.89691162109375,2.9649348258972172,0.6527151465415955,-5.893754482269287,-5.710471153259277,0.6195225119590759,0.6281317472457886,0.4681844893875179,0.49504603212366216,0.8517367243766785,0.8485207557678223,0.7830748857012688,0.7784359243961024,0.3471095561981201,0.35602542757987976,-0.5801664056780588,-0.5475973363351889,0.8555837869644165,0.864328920841217,0.7914026934462379,0.8125082004722408,0.714857816696167,0.7183425426483154,0.8350717828838713,0.8407112401398763,0.8015229105949402,0.7874058485031128,0.6743761115641241,0.6467113388402911,0.2741053104400635,0.27560850977897644,-0.8611151078800391,-0.8557348546403809,0.7880856990814209,0.790854811668396,0.6452883305465377,0.6541450937763233
62,2.5833333333333335,62,2.5833333333333335,0.0,0.064624949521314,0.06587809562771069,0.4851781898501549,0.47073525747145,0.06803829389147893,0.06710611138933181,0.06482203956859298,0.06475948042876116,0.10819554701493667,0.11132825591379697,0.15807945533744794,0.1613086951096588,0.08155013298800413,0.08186001939214715,0.48491261899471283,0.48487313091754913,0.48611828684806824,0.4867340326309204,0.4978720098733902,0.4990221709012985,0.21602629125118256,0.21721535921096802,0.25311800837516785,0.2548952102661133,0.49001245200634,0.4868432730436325,-181.39598083496094,-181.01637268066406,3.414850950241089,0.8498213887214661,-5.7156901359558105,-5.783500671386719,0.6194621324539185,0.6279318928718567,0.46817081794077464,0.49459685509016504,0.8515132665634155,0.8482305407524109,0.7829568903346664,0.7799397468412573,0.34803909063339233,0.3579844832420349,-0.5769169309668696,-0.5411290607033704,0.8564677834510803,0.8648704886436462,0.793687635548144,0.8158517944018266,0.714420735836029,0.7180063724517822,0.8337995883737749,0.8401918470201718,0.8012452125549316,0.7868309020996094,0.6740837767349636,0.6474281093100731,0.2742358446121216,0.2758876085281372,-0.8610890768875109,-0.8561158237304358,0.7882193922996521,0.7907482981681824,0.6458717912830697,0.6558825657090791
63,2.625,63,2.625,0.0,0.060402070791590386,0.06639818954755274,0.4831699544930356,0.47170488397646165,0.06632373932278322,0.062482595227878426,0.06271577694585959,0.06006697194688326,0.11271524618358282,0.11557249541824222,0.16295313557312158,0.16715157770784303,0.08130320491413073,0.08169673395256793,0.4846627563238144,0.48486824333667755,0.48558488488197327,0.48671600222587585,0.49820293486118317,0.4995013177394867,0.21669983118772507,0.2172204852104187,0.25492608547210693,0.255301296710968,0.4900701195001602,0.48628903925418854,-180.7052001953125,-180.876953125,4.626646518707275,0.754917562007904,-5.577467918395996,-5.785919666290283,0.619599461555481,0.6276073455810547,0.4681894187126701,0.4914084042533715,0.8520357012748718,0.8490145206451416,0.7852449218783453,0.7826608439901315,0.34788209199905396,0.3558041751384735,-0.5797416940704343,-0.5512151514733029,0.8560894727706909,0.8641163110733032,0.7940391377978255,0.8152463133013643,0.7140666842460632,0.7180306315422058,0.8325207161828272,0.8382676692714796,0.8014535903930664,0.7867510914802551,0.6755125392769892,0.6483136571505437,0.27448156476020813,0.2759948968887329,-0.8628251653768084,-0.8573596064229281,0.7883676886558533,0.7900252342224121,0.6471241001415212,0.655378347814387
64,2.6666666666666665,64,2.6666666666666665,0.0,0.04386668504522004,0.048252633108643785,0.4811290673603392,0.47715244200936674,0.0708263106159941,0.06564061894288145,0.0673779276215224,0.06212608749246997,0.11035659600916162,0.11732120109384486,0.1624997575603949,0.1676019218484922,0.08126352357360524,0.0813776444452973,0.4840754568576813,0.4841260015964508,0.4850562512874603,0.48583781719207764,0.49864864349365234,0.4988146126270294,0.21900194883346558,0.21989479660987854,0.26036548614501953,0.26180896162986755,0.4902171343564987,0.4874274879693985,-178.59173583984375,-178.18989562988284,4.877208709716797,1.808431625366211,-5.609312534332275,-5.585368633270264,0.6188796758651733,0.6272717118263245,0.46465233053511085,0.4933419686986476,0.8522964715957642,0.8481107950210571,0.7871143170750966,0.779181301082592,0.3491799831390381,0.35595348477363586,-0.577645887304077,-0.5486609187426611,0.8569804430007935,0.8641181588172913,0.7972966737425047,0.8137618827335906,0.7134431600570679,0.7181738615036011,0.8301082569011872,0.8424534289469489,0.8004337549209595,0.7848914265632629,0.6743713830860946,0.6426089984406271,0.27553075551986694,0.27556779980659485,-0.8622752760762945,-0.8573836933033911,0.7877755165100098,0.7901805639266968,0.646853986600074,0.6540350801357655
65,2.7083333333333335,65,2.7083333333333335,0.0,0.04078387727928837,0.05192303979326226,0.5015946784122363,0.48321679207172796,0.07433749021997009,0.07656805014498927,0.0731720441076183,0.07590242880015396,0.09618742695009327,0.09861335414309441,0.15106152413849044,0.1527891659559116,0.08284572638410252,0.082875086813097,0.48361559212207794,0.4839823395013809,0.48515036702156067,0.4859016239643097,0.49863389134407043,0.498243048787117,0.22459083050489426,0.22351311147212982,0.2688961923122406,0.2692321538925171,0.4902918040752411,0.4891621917486191,-178.57469177246094,-177.43409729003906,3.6715435981750493,1.7716672420501711,-5.798723220825195,-5.8089165687561035,0.6189403533935547,0.6272213459014893,0.4664858734313401,0.4954370971549828,0.8517722487449646,0.8484479188919067,0.7884186262666827,0.7763085608141007,0.3486386835575104,0.35665205121040344,-0.5816033845800287,-0.543885555881388,0.8576592206954956,0.8648386597633362,0.8012585970218058,0.8117240296047706,0.7135717868804932,0.7179659008979797,0.8334173428818916,0.8440090655863459,0.7995387315750122,0.785094678401947,0.6744930226566782,0.6394212334529,0.27675288915634155,0.2755992114543915,-0.860339098499884,-0.8552292822548062,0.7873258590698242,0.7898112535476685,0.6478557417047083,0.6496123359285247
66,2.75,66,2.75,0.0,0.05402071988759698,0.06382934977239013,0.5349516246670707,0.5015127795098381,0.0704857685872871,0.0728451872024361,0.0688628428922047,0.07074563765359887,0.10082690433107892,0.09556696752246216,0.15433359284014825,0.14660720713458147,0.08215290433098768,0.08430144934226194,0.48351459205150604,0.4834336042404175,0.4847440719604492,0.4851836860179901,0.49864836037158966,0.4982325881719589,0.22910211980342865,0.22939901053905487,0.27525514364242554,0.2740718126296997,0.49211591482162476,0.4902814030647278,-177.99307250976562,-179.22488403320312,4.69655179977417,1.7167935371398926,-5.574707984924316,-5.642021179199219,0.6192707419395447,0.6273654699325562,0.46999717937706126,0.4963184412498458,0.8517738580703735,0.8479273915290833,0.7882782355725814,0.7732135465053135,0.3470439314842224,0.3570692837238312,-0.5907166898208747,-0.5425570177800403,0.855958878993988,0.86421138048172,0.7974507311935651,0.8084187529257302,0.7138546705245972,0.7181733250617981,0.8385372386224669,0.8453357674065012,0.7986371517181396,0.7858662009239197,0.6718161640022408,0.6390402163522106,0.27791982889175415,0.2759177088737488,-0.8600542109601655,-0.854460714076648,0.7845875024795532,0.7895115613937378,0.6410229258155151,0.6469213115918383
67,2.7916666666666665,67,2.7916666666666665,0.0,0.08709686177888273,0.09242203681259352,0.5824486656862223,0.5801153042740288,0.07018911547605246,0.0751423235867922,0.06840961833060435,0.07518424262560507,0.09853215761639883,0.09080586466572271,0.14590718162773048,0.13750894915701303,0.08317833791894344,0.08325156859829809,0.48322710394859314,0.48375487327575684,0.4848680794239044,0.4852977693080902,0.4978850781917572,0.4974355697631836,0.23330482095479965,0.2326318472623825,0.27951207756996155,0.27975714206695557,0.49288176000118256,0.49166347086429596,-178.37289428710938,-177.9280548095703,1.4251642227172854,1.0340920686721802,-5.143164157867432,-4.880008220672607,0.6196205615997314,0.627545177936554,0.47401516731483884,0.500726374627692,0.8519144654273987,0.8463237285614014,0.7863784291397857,0.7677611822780598,0.34646159410476685,0.3586101830005646,-0.5896146804160868,-0.5342690182212138,0.855866551399231,0.8646712303161621,0.795034562999974,0.807479474173946,0.7137668132781982,0.7182748317718506,0.8406030346490898,0.8498991319204304,0.7983996272087097,0.7842611074447632,0.6691665044931863,0.6334093051515286,0.2782716751098633,0.27610957622528076,-0.8551334507587461,-0.8517723165181927,0.7862850427627563,0.7912257313728333,0.6426322981595856,0.648486178821721
68,2.8333333333333335,68,2.8333333333333335,0.0,0.08284024471617238,0.09050385021090182,0.6094388307086526,0.5986124971430054,0.07029486359399031,0.07591804397239296,0.06997254934663664,0.07518649682588191,0.10362765108562053,0.09358401998929886,0.1508438873326019,0.13751631665090586,0.08241725658695749,0.08268726366384584,0.4833836555480957,0.48339733481407166,0.48504844307899475,0.4858282804489136,0.4979286193847656,0.4976339489221573,0.2362380102276802,0.23487885296344757,0.2826826870441437,0.28309208154678345,0.49315159022808075,0.49195776879787445,-177.80557250976562,-176.37403869628906,0.8231381773948669,-1.448747992515564,-4.85892677307129,-4.923840045928955,0.6198416948318481,0.6276311278343201,0.47340372718840196,0.5014679813699602,0.8518565893173218,0.8465070724487305,0.7835042232780275,0.7693225180786812,0.3467664122581482,0.3586927652359009,-0.586981765502483,-0.5359697456156178,0.8563991785049438,0.8651213645935059,0.7934264095373652,0.8097129347502449,0.7141464948654175,0.7186033725738525,0.8396010662673172,0.8523961192878753,0.798062801361084,0.7839414477348328,0.6660047176763528,0.6335638423333726,0.27697455883026123,0.27651888132095337,-0.8579922655574137,-0.8529579451518673,0.7870180606842041,0.790520966053009,0.6418801557457477,0.6478404790328731
69,2.875,69,2.875,0.0,0.08431398681545715,0.09520993672178339,0.6288834808975847,0.620155584469463,0.06735221157217879,0.06879999106738369,0.06672857925965282,0.06727556523823283,0.11230981524536052,0.10372015465777085,0.16226574226187188,0.14977821766872274,0.08308643288417394,0.08331536295305048,0.4835851341485977,0.4838014841079712,0.48444488644599915,0.4857144355773926,0.4982842355966568,0.49777281284332275,0.2345484271645546,0.23384761065244675,0.2805754840373993,0.27983254194259644,0.492988646030426,0.4910939037799835,-178.17677307128906,-177.74134826660156,2.990827798843384,0.6334187984466553,-5.228915214538574,-5.210111618041992,0.6203352212905884,0.6279126405715942,0.47202875962769486,0.5014609208718886,0.8521741032600403,0.8471533060073853,0.7813910637406473,0.771741494122811,0.34649649262428284,0.35828131437301636,-0.587034833308187,-0.5374952195477949,0.8554136753082275,0.8646923899650574,0.7884386003205575,0.8097566083828598,0.7140123248100281,0.7187951803207397,0.8343223267659637,0.8516538085475963,0.7994880080223083,0.7844871282577515,0.6667749422537605,0.6359155916331445,0.2743946313858032,0.27630695700645447,-0.8658867568198535,-0.8533626788066746,0.7874837517738342,0.790409505367279,0.6406602475449094,0.6487520569270634
70,2.9166666666666665,70,2.9166666666666665,0.0,0.0794039984141733,0.08152928546098448,0.6369044524652571,0.6219330091292875,0.06718670985486884,0.06806464854100236,0.06658151284488212,0.06689464829242797,0.10328252805681394,0.10806693596997044,0.1563233697403963,0.15465547294028506,0.08258366611994634,0.08292137713213299,0.4831799268722534,0.48357653617858887,0.48393917083740234,0.48508086800575256,0.49767500162124634,0.49804458022117615,0.23149295151233673,0.23161058127880096,0.2775682210922241,0.2767925560474396,0.49213720858097076,0.49025584757328033,-177.7825469970703,-178.02984619140625,3.5112640857696533,1.6809089183807373,-5.363560199737549,-5.108992576599121,0.6211826801300049,0.6286008358001709,0.47667942834300703,0.5021245713664029,0.8525215983390808,0.8480426669120789,0.7823857809441344,0.7740350953209736,0.34588444232940674,0.35779380798339844,-0.5858375600992964,-0.5394100694860275,0.8555940389633179,0.8638083338737488,0.7890559751187811,0.8081424991432462,0.714084804058075,0.7175840735435486,0.8352363363877421,0.8443576563498615,0.7994706630706787,0.7849674224853516,0.6672134854747204,0.6375782718905828,0.27490660548210144,0.27591392397880554,-0.8597774082278271,-0.8543233723913831,0.7878757119178772,0.7903406620025635,0.6420411273745744,0.6492027246012043
71,2.9583333333333335,71,2.9583333333333335,0.0,0.08838444152733306,0.09457977264869499,0.6310343375428106,0.6214342015936674,0.06679201674160427,0.06734592483184783,0.06519735328416162,0.06553671577744304,0.10418611936052619,0.10629075325934305,0.1535792351125385,0.15078060493854703,0.08256035638796767,0.08281457214041987,0.48346906900405884,0.48374493420124054,0.48429661989212036,0.48562511801719666,0.4977222681045532,0.4978463798761368,0.2288430631160736,0.22951708734035492,0.2751519978046417,0.27446070313453674,0.49157100915908813,0.4901288151741028,-177.44265747070315,-178.40850830078128,3.457815647125244,0.6615250110626221,-5.119503498077393,-5.087762355804443,0.6207782030105591,0.6291898488998413,0.4737486229459252,0.5055646090825973,0.8532138466835022,0.8490554094314575,0.7831551194873417,0.7771347816030645,0.3471892476081848,0.35700321197509766,-0.5795316676316168,-0.5421306567515168,0.8568010330200195,0.8633374571800232,0.7909233456278884,0.808057750910733,0.714470386505127,0.7177146077156067,0.834450794241055,0.846312309881838,0.8002063035964966,0.7861068844795227,0.6683647118459024,0.64084092939639,0.275050550699234,0.27568313479423523,-0.8572558452410378,-0.8551462435645122,0.78876131772995,0.7902162075042725,0.6435800393906069,0.6497382858544227
72,3.0,72,3.0,0.0,0.09056562176498027,0.08993782229925466,0.6222661487619479,0.6158707339585617,0.06928658412421856,0.06787623793017504,0.06766722932162839,0.06624761187110367,0.10092096363688964,0.10535716839074069,0.150554982754223,0.14994575448405312,0.08226603267697898,0.08259077591102333,0.48367373645305634,0.483868807554245,0.48440971970558167,0.4857489764690399,0.49812746047973633,0.49754737317562103,0.22658834606409073,0.22759826481342316,0.2722070813179016,0.2722747027873993,0.4910035878419876,0.4899853467941284,-177.850341796875,-178.52613830566406,3.704787492752075,0.8549875020980835,-5.155896186828613,-5.124045848846436,0.6208171844482422,0.629751443862915,0.47256317512552715,0.5086351630442232,0.8534418940544128,0.8493883609771729,0.7852506515406338,0.7777961600884378,0.3488481044769287,0.3575194478034973,-0.5749782799371945,-0.5387362604050259,0.8577558994293213,0.8637909889221191,0.7945972781894494,0.8089653720001005,0.7146676778793335,0.7181589007377625,0.8340464821894387,0.8487694796964328,0.8010215759277344,0.7862734198570251,0.6716779737707077,0.6412069916335043,0.27519160509109497,0.27549654245376587,-0.8586805175209713,-0.8543069808755203,0.7891557216644287,0.7904688715934753,0.6459696818169154,0.6502865099504691
73,3.0416666666666665,73,3.0416666666666665,0.0,0.03876668842504014,0.037853607166701816,0.5784207018057537,0.5753321376673524,0.0671470386795217,0.06721964740790451,0.06510091218267011,0.06614400331095172,0.10216620898643054,0.10580052973482382,0.14630963472651784,0.14890653578485707,0.08288382947549226,0.08227723688341713,0.48406001925468445,0.48417146503925323,0.48500296473503113,0.48598313331604004,0.49804867804050446,0.4968980550765991,0.22526198625564575,0.2260923981666565,0.2705601453781128,0.2705173194408417,0.4905494451522827,0.4892246276140213,-178.40184020996094,-178.33729553222656,2.817107677459717,0.26117050647735596,-4.823040962219238,-4.8188796043396,0.6208282709121704,0.630386471748352,0.4739128292228918,0.512849852690534,0.8533307313919067,0.8494333028793335,0.7876616115349685,0.7784367812027667,0.34895455837249756,0.3574030101299286,-0.5754833879129706,-0.5359267495686594,0.8572531938552856,0.8645954132080078,0.7961779634590579,0.8112031890406711,0.7142466902732849,0.7177922129631042,0.8344954503693177,0.8486544312744531,0.8003511428833008,0.7855888605117798,0.6726336604085572,0.6404643623606101,0.2749716639518738,0.27565622329711914,-0.8610474787275078,-0.8499901614392279,0.7892958521842957,0.7902696132659912,0.6486306910761914,0.6505798047632967
74,3.0833333333333335,74,3.0833333333333335,0.0,0.03149779293323472,0.026369324386440334,0.5570085908726724,0.5589465626794556,0.06719820621892013,0.07009930098219012,0.06565344039767373,0.06964987162064726,0.10397202688764873,0.10191667514754142,0.15060151728363882,0.14817182827154776,0.08162872930635841,0.08219039984375195,0.48434022068977356,0.48399142920970917,0.4854983687400818,0.4857059121131897,0.4977876842021942,0.49706029891967773,0.22478298842906952,0.226087287068367,0.26983642578125,0.27064767479896545,0.4915062189102173,0.48921065032482147,-177.6534881591797,-177.84979248046875,2.399174928665161,0.7671750187873841,-4.7803802490234375,-4.918735027313232,0.6207712888717651,0.6298593878746033,0.47435287676110777,0.5096408215281153,0.8531298041343689,0.849642276763916,0.7845734273633523,0.7780625816215814,0.34876763820648193,0.3578181564807892,-0.5747765135284625,-0.534367219100248,0.8570360541343689,0.8652782440185547,0.7930483722393576,0.8118158933619717,0.7145072221755981,0.7173744440078735,0.8358962689720042,0.8454958748634396,0.8010009527206421,0.7854703664779663,0.6714754069650659,0.6395348872625747,0.2745797634124756,0.2754787802696228,-0.860922231275805,-0.8503596529836956,0.7901491522789001,0.7905963659286499,0.6479314938644776,0.6506003656319199
75,3.125,75,3.125,0.0,0.03167797307365471,0.02718306472774904,0.5714043251915163,0.5642209620840106,0.07653240319622384,0.07988375473634987,0.07601962083682934,0.08057398855227732,0.09567282130166503,0.09122769860993492,0.14033922027426465,0.13657866944036046,0.08158311629641223,0.08223164074984914,0.4842517524957657,0.4842177629470825,0.485630065202713,0.48580560088157654,0.4975389540195465,0.49731217324733734,0.22502419352531433,0.22592125087976456,0.2699621617794037,0.27117401361465454,0.49125751852989197,0.48954977095127106,-177.77294921875,-177.4012908935547,1.4576284885406494,0.5463243126869202,-4.609843730926514,-4.591170787811279,0.6201908588409424,0.6297709941864014,0.47385724583031663,0.5079551130927143,0.8535654544830322,0.8499099016189575,0.7873604614564534,0.7773269301108704,0.348818838596344,0.3586689829826355,-0.5745699946252454,-0.5316710272005156,0.8569467067718506,0.8659395575523376,0.7947085322499373,0.8119042381342111,0.7142388820648193,0.7173389196395874,0.8372053513941679,0.8437619333672977,0.8001903295516968,0.7856853604316711,0.6713666925491458,0.6387892252144027,0.27473878860473633,0.2754996120929718,-0.8607732012620477,-0.8506102031391561,0.7893276810646057,0.7908544540405273,0.6477601990757557,0.6499393922958252
76,3.1666666666666665,76,3.1666666666666665,0.0,0.03846919808381787,0.036389244782655525,0.5655807400386027,0.5579970469747078,0.07808363077488238,0.08038514931426993,0.07742521373868043,0.07996081452188769,0.09188081328455672,0.08814122351467754,0.13584746252590357,0.13287712131941634,0.08177182081415031,0.08219552552594027,0.48435017466545105,0.4842631220817566,0.48582443594932556,0.48617279529571533,0.4975699782371521,0.4972985237836838,0.2253149449825287,0.22596461325883865,0.27079537510871887,0.27198898792266846,0.49103763699531555,0.4894399344921112,-177.15286254882812,-176.76011657714844,1.235559344291687,0.11385752260684967,-4.669249534606934,-4.832810878753662,0.6199635863304138,0.6295404434204102,0.4735116707241235,0.5074730938329282,0.8531371355056763,0.8500345945358276,0.7879930734394642,0.7783692920011371,0.3480186462402344,0.359154611825943,-0.5785784255899978,-0.5301217540395482,0.8566465377807617,0.8655132055282593,0.795630158539158,0.8117809777922672,0.7145727276802063,0.717332124710083,0.8395318680548478,0.8443701703367364,0.7998248338699341,0.7845326662063599,0.6719759991521376,0.6369787079799096,0.2747952342033386,0.2757755219936371,-0.861862338123174,-0.8500856867653311,0.7884781956672668,0.7906819581985474,0.6472836912442061,0.6502523933242432
77,3.2083333333333335,77,3.2083333333333335,0.0,0.0414423212625248,0.0417206186310411,0.557355614979703,0.553528523226291,0.07521801195085968,0.0806040759638513,0.07396155242543719,0.07992973394400849,0.09476804120384842,0.08727565942612814,0.13578274303145194,0.13134864310136157,0.08176190617862063,0.08177650442929985,0.48447129130363464,0.484255388379097,0.4856179654598236,0.48631802201271057,0.49756544828414917,0.4971822500228882,0.22591745853424072,0.22621610760688782,0.271748423576355,0.27252820134162903,0.490510493516922,0.4899585694074631,-177.13653564453125,-176.5161895751953,1.8052195310592654,-0.26273640990257263,-4.383288383483887,-4.876072883605957,0.619460940361023,0.6288007497787476,0.473318135045079,0.5050190314464352,0.8520112037658691,0.8502757549285889,0.7895818949570742,0.7776753113383824,0.34771013259887695,0.35998672246932983,-0.5818856574450914,-0.5264180382879365,0.85664963722229,0.8664358258247375,0.7997130592240295,0.8125537147851587,0.714131236076355,0.7167538404464722,0.8409212928705386,0.8424942704449513,0.7983850836753845,0.7836259007453918,0.6724529037274815,0.6338244261034439,0.2745244801044464,0.2755584418773651,-0.8660643088498144,-0.8503686118800333,0.7855274677276611,0.7910935878753662,0.6443695819612739,0.6499419918126152
78,3.25,78,3.25,0.0,0.04009463746559777,0.04167821638891925,0.5562526063154755,0.5465870482359115,0.07667666812779943,0.08158891770005258,0.0761934402652418,0.08054388478382211,0.09371661706343598,0.08805572972047827,0.13396692828276402,0.1302399895159517,0.08142169845806321,0.0821297862194324,0.4846121817827225,0.48443612456321716,0.4859413504600525,0.48644712567329407,0.4977675676345825,0.49733561277389526,0.22652316093444824,0.2268289029598236,0.2729243338108063,0.2732647657394409,0.4904584586620331,0.4905548095703125,-176.52944946289062,-176.64489746093753,1.3019360303878784,-0.19002708792686462,-4.296163558959961,-4.734057903289795,0.6194722652435303,0.6288019418716431,0.47330380141367046,0.5052282151957699,0.8518841862678528,0.849940299987793,0.7906317337620767,0.7768839083327669,0.3478407859802246,0.3599803149700165,-0.5830581488212653,-0.5278596613551141,0.8563892841339111,0.866621732711792,0.8004867968208256,0.8129441750846494,0.7144521474838257,0.7176641821861267,0.8426760623480711,0.8467279085431313,0.7993583083152771,0.7839436531066895,0.6757294930496713,0.6342189028360526,0.2749091684818268,0.27566033601760864,-0.866685753042038,-0.8519033367497114,0.7850834131240845,0.7908636927604675,0.6445026481622106,0.649177958210825
79,3.2916666666666665,79,3.2916666666666665,0.0,0.03833559017092461,0.03689798023776303,0.5536672605239599,0.5498424402948482,0.07642398183613457,0.08154113113343846,0.0756185706465953,0.0806161001859372,0.0945277859730585,0.08759891437568677,0.13535720960011063,0.12873369328029005,0.08085458472002903,0.08217773294950945,0.4845052510499954,0.48454663157463074,0.4855912923812866,0.486578106880188,0.49775251746177673,0.49746668338775635,0.22654849290847778,0.22697056829929352,0.2732754051685333,0.27430298924446106,0.4905998408794403,0.4913506656885147,-176.34580993652344,-176.15823364257812,2.0587892532348633,-0.10556571185588837,-4.261909008026123,-4.668766975402832,0.6196949481964111,0.6289835572242737,0.47438615531101674,0.5062346094137844,0.8526241779327393,0.8488181233406067,0.7922047678266669,0.7739793865007786,0.3475622534751892,0.35979634523391724,-0.5842771992366709,-0.5299205176501168,0.8555586338043213,0.8667312860488892,0.7986261315155451,0.8127645077375731,0.7147381901741028,0.7180845141410828,0.8441278266756667,0.8492019170099526,0.7994288206100464,0.783828854560852,0.6757992906692675,0.6332662857624062,0.2755734920501709,0.2762652039527893,-0.8643312505810563,-0.851448496888003,0.7853593826293945,0.7913765907287598,0.6450116482150723,0.6496084508564733
80,3.3333333333333335,80,3.3333333333333335,0.0,0.033534517212149687,0.03141369612426419,0.5449641031377468,0.541613997704252,0.07867683761059496,0.08214854240866058,0.0781278554477069,0.0815035166073824,0.09352508483508523,0.08839067557288081,0.133082022643114,0.12851392815259924,0.08079860537654655,0.08203780738719003,0.4846044033765793,0.48453329503536224,0.4854278564453125,0.48650234937667847,0.49755333364009857,0.4978885054588318,0.22674348950386047,0.22718342393636703,0.27374467253685,0.2747002840042114,0.490613654255867,0.49152131378650665,-175.83377075195312,-175.926513671875,2.6067898273468018,-0.06821927428245544,-3.9908630847930913,-4.52118444442749,0.6194723844528198,0.6289265155792236,0.4744875824267595,0.5047933452097273,0.8525163531303406,0.8485727310180664,0.7922598127927066,0.7736946957009809,0.3479234278202057,0.35989445447921753,-0.5823333744640397,-0.5315898688406673,0.8557739853858948,0.86639404296875,0.7993912631216472,0.81231169555379,0.7143148183822632,0.7181800603866577,0.8435977164596903,0.8486217917328147,0.7987254858016968,0.784386157989502,0.6745034583574219,0.6346088142543397,0.2755786180496216,0.27624577283859253,-0.8638866974299247,-0.8538268883814851,0.786381185054779,0.7910728454589844,0.6474799146556875,0.6490981969518284
81,3.375,81,3.375,0.0,0.03422559707246593,0.030127946338134055,0.5474972870209265,0.5405961187233231,0.07699780348916183,0.08299762403655157,0.07644346379452255,0.08190957148719763,0.09569313351362589,0.08979190920418674,0.13344378059051235,0.12962418795372682,0.08068559235328407,0.08192162985746727,0.4846482574939728,0.4846235662698746,0.48551276326179504,0.4865645468235016,0.4973986893892288,0.49789494276046753,0.22664999961853027,0.227346733212471,0.2739608883857727,0.2752414643764496,0.49065791070461273,0.4913514256477356,-175.55123901367188,-175.55198669433594,2.2343080043792725,0.17211997509002686,-3.8392748832702632,-4.492932319641113,0.6194784641265869,0.629156231880188,0.4750536318939896,0.5059377768668784,0.8523015975952148,0.848682701587677,0.7915937168476058,0.7747364689059727,0.3476908206939697,0.35912448167800903,-0.5825638759556776,-0.5348813732189882,0.8557223677635193,0.8664599061012268,0.7990813635843471,0.8132795508559606,0.7143552303314209,0.7179693579673767,0.8442511706749225,0.848261975192912,0.7984727025032043,0.7844482064247131,0.6737688613771597,0.6354684861815144,0.2752841114997864,0.27630987763404846,-0.8643228343924083,-0.8540846733168338,0.7864890098571777,0.7905545830726624,0.647538026588394,0.648707832974201
82,3.4166666666666665,82,3.4166666666666665,0.0,0.03724896962089841,0.03435368163264467,0.5436165206288502,0.5405412875932365,0.0745446641404177,0.08097144338902293,0.07333746773008853,0.0796007955497647,0.09550051855180236,0.09353634160093638,0.13285012432303972,0.1316015326957502,0.0813908219877974,0.08137726864598922,0.48506852984428406,0.484741747379303,0.48593154549598694,0.48662978410720825,0.4977530837059021,0.4976796358823776,0.22663819044828415,0.22713930159807205,0.27330392599105835,0.27473023533821106,0.49052269756793976,0.4917687773704529,-176.36532592773438,-175.7223663330078,2.337561845779419,-0.14103791117668152,-3.947983503341675,-4.348181247711182,0.6194106936454773,0.6292413473129272,0.4734777184219105,0.5069870004084374,0.852323591709137,0.8486048579216003,0.7920496905693888,0.7734969341292178,0.3472500443458557,0.3597758114337921,-0.5857408815375466,-0.531427005181123,0.8555119633674622,0.8666847944259644,0.7990296312668574,0.8126879695025928,0.7143637537956238,0.7175347805023193,0.8430243361747956,0.8472351042200318,0.7979529500007629,0.7836664915084839,0.6730222071149936,0.6327330650430993,0.27554720640182495,0.27637413144111633,-0.864800252595204,-0.8528242195281881,0.7850815057754517,0.7910798788070679,0.6448442131383941,0.6488027190369177
83,3.4583333333333335,83,3.4583333333333335,0.0,0.055284824251098735,0.057975927997591964,0.5430058180407502,0.5498702831069902,0.06876999351672124,0.07725000619541396,0.06684478666472868,0.07554503986580316,0.10377380455359866,0.09749004161379012,0.13681816153628132,0.1347552894079009,0.08102790895642799,0.08148239848855593,0.4850893169641495,0.4847889095544815,0.486148476600647,0.4871649444103241,0.49772192537784576,0.4973313808441162,0.22593297809362411,0.22695255279541016,0.27096015214920044,0.27273425459861755,0.49042774736881256,0.4917381703853607,-177.67767333984375,-177.33982849121094,1.1056380271911623,-2.2106738090515137,-3.6442954540252686,-4.499147891998291,0.6197960376739502,0.6292312741279602,0.47536349519505894,0.5092404839591691,0.8523931503295898,0.8484665155410767,0.7928514811067384,0.7747090404401943,0.34817349910736084,0.35927993059158325,-0.5823500271738358,-0.532990479276423,0.855947732925415,0.8662853240966797,0.8006374630065655,0.8134062515403465,0.7147372961044312,0.7174828052520752,0.8450701233805584,0.8499629159559107,0.7989720106124878,0.7841443419456482,0.6758374532447884,0.6350201986034453,0.2754504382610321,0.27634966373443604,-0.865537737778199,-0.8531685186802613,0.7851545810699463,0.7910087704658508,0.6455716615744194,0.6499277183009203
84,3.5,84,3.5,0.0,0.07955845251750689,0.08110123894666953,0.5573493714136825,0.5680419760280232,0.053559628430320375,0.0466738847373353,0.05093409116380728,0.04355338400894896,0.1199372923478102,0.1358446368262499,0.15186842508664486,0.16656956031520498,0.08079941518289309,0.08098398131693005,0.48572030663490295,0.4858810305595398,0.4865981936454773,0.4864499866962433,0.49805718660354614,0.49671700596809387,0.2263123095035553,0.2277509793639183,0.2696985900402069,0.2706383466720581,0.48975372314453125,0.4916796088218689,-178.7565460205078,-179.4617462158203,0.714310348033905,1.256699562072754,-3.5877003669738774,-3.3121275901794434,0.6198027729988098,0.6292085647583008,0.47390289793722234,0.5115153730845852,0.8525749444961548,0.8488489389419556,0.7944221531473078,0.7756524469232187,0.34768640995025635,0.35950252413749695,-0.5853283797057398,-0.5297493478608971,0.8549278378486633,0.8667035698890686,0.7995739758446201,0.814426739717012,0.7144418954849243,0.7169905304908752,0.8422920587466709,0.8504186614283782,0.798964262008667,0.7836704850196838,0.6770378566754881,0.6341066225533475,0.27476781606674194,0.27647942304611206,-0.8691689194581464,-0.8502799002762708,0.7853540778160095,0.7912311553955078,0.647237417244786,0.6505258724240349
85,3.5416666666666665,85,3.5416666666666665,0.0,0.07696955975372141,0.061211773318599255,0.5704757774956303,0.5670472008639301,0.04381096504543976,0.03392526836494108,0.04098251533328513,0.03041416174159849,0.1374763384457695,0.14857684709450888,0.16629489660678562,0.17589614273812426,0.08097434088944448,0.08128446648152227,0.4866025596857071,0.4863370507955551,0.48792141675949097,0.48783811926841736,0.49825748801231384,0.49729156494140625,0.2267908900976181,0.22800680994987488,0.2644386291503906,0.2642821967601776,0.4897070974111557,0.4911351501941681,-182.97845458984375,-183.5588684082031,-0.2619083821773529,-0.26958367228507996,-3.3119237422943115,-3.500492334365845,0.6197077035903931,0.6294180154800415,0.4724899842519121,0.5097184194852489,0.8530153036117554,0.8485124111175537,0.7950456233667517,0.7755146427423348,0.34716808795928955,0.35934942960739136,-0.5877982835344533,-0.5321542122431758,0.8546803593635559,0.8662646412849426,0.7986893486268404,0.8140372795787442,0.7144085764884949,0.7170864343643188,0.840914311300555,0.8479263084453618,0.800169825553894,0.7834917902946472,0.679401205410973,0.6344188063758148,0.2742595076560974,0.2766891121864319,-0.871441863706922,-0.8510418095274164,0.7863225936889648,0.7907092571258545,0.6490986113542951,0.6500808303015851
86,3.5833333333333335,86,3.5833333333333335,0.0,0.03809841866603906,0.035845706527105115,0.5873013193394915,0.5797319543523098,0.04574324436403746,0.03913292272579728,0.04353803399007941,0.03567706456154644,0.13603213975554987,0.14727153149205896,0.16416953482214103,0.17237356935103093,0.07984427427108755,0.07975451315799303,0.48716264963150024,0.4868678003549576,0.4882289171218872,0.4879630208015442,0.49797117710113525,0.49781887233257294,0.2245270311832428,0.22554008662700653,0.26200661063194275,0.2620583474636078,0.4894024431705475,0.49036119878292084,-182.6275634765625,-183.1255645751953,0.8631715774536133,0.8702441453933716,-3.0081117153167725,-3.04117751121521,0.6197678446769714,0.6295396089553833,0.47488812946061537,0.5085996964187083,0.8520919680595398,0.8488143682479858,0.7954510277755815,0.778532769687763,0.3464036285877228,0.35906925797462463,-0.5909655086059638,-0.5357395771536017,0.8539831638336182,0.8657268285751343,0.7995988002337906,0.8152653353402828,0.7142317295074463,0.7168385982513428,0.8432050831309238,0.8456782809450581,0.7985745072364807,0.7839704751968384,0.6780764793138601,0.6376968113119869,0.27459168434143066,0.2769755721092224,-0.8709620023919519,-0.852719460348439,0.7861805558204651,0.7903802394866943,0.6508940527050747,0.6516183273445397
87,3.625,87,3.625,0.0,0.03871094987578243,0.032625385192581534,0.5718324024300935,0.5762124150220639,0.046237775230161676,0.04036778651844292,0.04393723191056656,0.03594987338643207,0.13602019106191,0.15265396366294026,0.1579766093578245,0.1699592546375575,0.08045229235839153,0.07972094828301561,0.4881522059440613,0.4880446046590805,0.4888390600681305,0.48883745074272156,0.49786269664764404,0.4979151785373688,0.2222992479801178,0.22331921756267548,0.2584216296672821,0.25900086760520935,0.48996636271476746,0.48934806883335114,-183.58070373535156,-183.61849975585938,0.9807184934616089,0.868861734867096,-2.208595037460327,-2.107348918914795,0.6197813749313354,0.6301227807998657,0.47446309466405007,0.5116043183605951,0.8522776365280151,0.8472998142242432,0.7931157348209833,0.7791566540779428,0.3469272255897522,0.35904330015182495,-0.5873858845981516,-0.537393095896464,0.8541218042373657,0.8647878170013428,0.7971527011912007,0.8172229406815488,0.7138746380805969,0.716396152973175,0.8406398072835572,0.8454567520183858,0.7988547682762146,0.783372700214386,0.676170664456954,0.6400059531856015,0.27411192655563354,0.27634334564208984,-0.8707565100426494,-0.8574174600884703,0.7866685390472412,0.7894649505615234,0.6494944585307314,0.6532670071053056
88,3.6666666666666665,88,3.6666666666666665,0.0,0.04254117203484254,0.032493725397875796,0.568506743304792,0.5717635463784692,0.04761851243721341,0.04226305938581789,0.04493370044972613,0.03801552506114178,0.13556211062957574,0.1494722414002953,0.1499383229011515,0.16011497045824305,0.08032713511998735,0.0796399519328427,0.4891970455646515,0.4892556369304657,0.48989227414131165,0.49012044072151184,0.49738453328609467,0.49846798181533813,0.2195589393377304,0.22032765299081802,0.25499045848846436,0.255199134349823,0.48963893949985504,0.48980334401130676,-183.70697021484375,-183.7875213623047,0.2878008782863617,-0.033721428364515305,-1.5746930837631226,-1.477226734161377,0.6194657683372498,0.6302549242973328,0.47478915204848887,0.5091507706674665,0.8522999286651611,0.8474149703979492,0.7933690275436266,0.7771559560963017,0.3458600342273712,0.3584326505661011,-0.5892976786523971,-0.5410179148511942,0.8537037968635559,0.8646929264068604,0.7964401754769164,0.8147041380644614,0.713402509689331,0.7164093852043152,0.8401208572369588,0.8420032471047535,0.7988216876983643,0.7837173342704773,0.6763782805426248,0.6387292561427658,0.27408456802368164,0.2762152850627899,-0.8684414202966811,-0.858659664632125,0.7859663963317871,0.7897136807441711,0.6482556251840622,0.6517604218907435
89,3.7083333333333335,89,3.7083333333333335,0.0,0.06447804457997694,0.03848236574636023,0.5518757833657436,0.5697142475940125,0.05750895069397261,0.053680335373196955,0.05434783352176242,0.05036985013342896,0.12629773157621013,0.13939195422726375,0.13297062089047848,0.14049296081226822,0.0814162217264439,0.08084186869619148,0.4912155121564865,0.49078746140003204,0.4917963445186615,0.49222227931022644,0.4980010390281677,0.4981164336204529,0.21712856739759445,0.21781687438488007,0.252903550863266,0.25373610854148865,0.4879978448152542,0.4892251789569855,-183.7186737060547,-183.59136962890625,-0.3013421297073364,-2.1246254444122314,-0.8697872757911682,-0.5103088021278381,0.6196411848068237,0.6304455399513245,0.4732648605733824,0.5098516489939434,0.85213303565979,0.8469355702400208,0.7969159271984885,0.7752513511734429,0.34646159410476685,0.35882192850112915,-0.5895939520127192,-0.5366886779489575,0.8539014458656311,0.8650286197662354,0.8007861223740401,0.8144636900762494,0.7138327360153198,0.716333270072937,0.8397355768367089,0.8407690264706701,0.7987436652183533,0.7840973734855652,0.6800724011739847,0.6390646534248481,0.2745899558067322,0.2759057879447937,-0.8692246665318758,-0.8561567992340684,0.7848123908042908,0.7900089025497437,0.6495835751942977,0.6518764727238833
90,3.75,90,3.75,0.0,0.06728344978724408,0.04148343753323719,0.5548249307497424,0.5708136218542537,0.06405024684035666,0.06187404619570405,0.0615314994051955,0.058132304145079035,0.1293581871339014,0.13990659750063622,0.12475583013207536,0.13116195431841135,0.08147044141227443,0.08171179391513879,0.4925415813922882,0.49238574504852295,0.49377867579460144,0.4937170743942261,0.4976702779531479,0.4986536204814911,0.21620160341262817,0.21700405329465866,0.2521786093711853,0.25360384583473206,0.4881124496459961,0.48852095007896423,-183.48422241210938,-183.70596313476562,-2.551118850708008,-2.765249013900757,0.176730290055275,0.340309202671051,0.619475781917572,0.6315291523933411,0.4747162106314723,0.5130045518262114,0.8513213396072388,0.8465546369552612,0.7962439507474011,0.7775397847365674,0.3468846082687378,0.3573897182941437,-0.587661471775681,-0.5453902896051478,0.8537988662719727,0.8636670708656311,0.8016753035422631,0.814702763156486,0.7137536406517029,0.716167151927948,0.8421481113917825,0.8397741112325501,0.7984132766723633,0.7842821478843689,0.6802563573210596,0.6423029633926555,0.27496248483657837,0.2757710814476013,-0.867965700936424,-0.8605027231260457,0.784832775592804,0.7893891334533691,0.6504845314335612,0.653393775809268
91,3.7916666666666665,91,3.7916666666666665,0.0,0.06203373959704477,0.04517614600295866,0.55104488627966,0.5667530083885197,0.06756040932263856,0.06256275082353614,0.06436908454079612,0.05834532901157674,0.1296917206805504,0.14146253157441033,0.12151194969334676,0.12433796616460777,0.08103723802925833,0.08180504587641307,0.4935208559036255,0.4940100461244583,0.49482735991477966,0.4952303469181061,0.4972814917564392,0.4982619881629944,0.21557549387216568,0.21624041348695755,0.2528005838394165,0.2533648908138275,0.4891713410615921,0.4883532226085663,-182.52601623535153,-183.3650665283203,-3.332005262374878,-3.299900770187378,0.3433692455291748,1.0754610300064087,0.6201789975166321,0.6311886310577393,0.47872262803035553,0.514002511304344,0.8506414890289307,0.8457456827163696,0.7920194571238506,0.7773580798710588,0.34755268692970276,0.35857611894607544,-0.5832385815735286,-0.5401391775769055,0.8541275262832642,0.8642139434814453,0.7996577347221994,0.817528070369926,0.7136147618293762,0.7158922553062439,0.8426829408710576,0.8415356125110409,0.7977818250656128,0.7833249568939209,0.6761983233693722,0.6415878525001174,0.2751685380935669,0.2756185531616211,-0.8651965411287933,-0.8609205966838994,0.7857426404953003,0.7895566821098328,0.6498191922538082,0.6551423688619458
92,3.8333333333333335,92,3.8333333333333335,0.0,0.061095351962607694,0.04763965780058087,0.5415074818561543,0.5566327068895203,0.07030653398952584,0.062166793489614056,0.06630518754138477,0.0589948678509257,0.13101489550205328,0.1379861785863691,0.11578277648285354,0.12104805103317597,0.08098224289003496,0.08142528571275051,0.4948938488960266,0.4954298287630081,0.4960683286190033,0.49673745036125183,0.4978400617837906,0.498455286026001,0.21580833196640015,0.21679454296827316,0.25339362025260925,0.2539807856082916,0.489252969622612,0.48816172778606415,-182.1175079345703,-182.84130859375,-3.781809806823731,-4.129726409912109,0.9617832899093628,1.033315896987915,0.6204410791397095,0.6313018798828125,0.4765472120403701,0.5170797823749506,0.8509461879730225,0.8456137180328369,0.7908147332424443,0.7826135806545537,0.3471171259880066,0.35783788561820984,-0.5858564340906177,-0.5473261503367014,0.8543129563331604,0.8630483746528625,0.7981759163875265,0.8207854174806996,0.7135792374610901,0.7155648469924927,0.8385729981215468,0.8450571540966797,0.7990595698356628,0.7834621071815491,0.6773685860675313,0.6465374192707692,0.27510714530944824,0.27602583169937134,-0.8657575007500062,-0.8657638144712997,0.7858390212059021,0.7886745929718018,0.648462861250114,0.6579497551360819
93,3.875,93,3.875,0.0,0.08887714925116388,0.05785840700296681,0.5333083630911849,0.5551997940152643,0.07109881966942085,0.06680696851276004,0.06667003638001605,0.06319300952748354,0.13162996432980387,0.1366570638121517,0.1112925337779874,0.11414588449971666,0.08075628083677633,0.08156866144140487,0.49648919701576233,0.49682657420635223,0.49821799993515015,0.49831148982048035,0.49759602546691895,0.4983488917350769,0.21675614267587662,0.21712367981672287,0.2560472786426544,0.25590652227401733,0.4897122383117676,0.48846571147441864,-180.75143432617188,-182.01919555664062,-7.0055317878723145,-5.358203887939453,1.2182828187942505,1.5188038349151611,0.6204212307929993,0.631257951259613,0.4759672129963986,0.5171902772275931,0.8513314723968506,0.8455010056495667,0.7882492883931079,0.781500829832221,0.347228080034256,0.35893046855926514,-0.5826997131539265,-0.5425202254148871,0.8550361394882202,0.8644654750823975,0.7963246365030993,0.8230114279183994,0.7135776281356812,0.7152575850486755,0.8369630745401897,0.8440588446660787,0.8002753257751465,0.7825979590415955,0.6769582743947113,0.6438147693079387,0.2754064202308655,0.2765880227088928,-0.8610200722255068,-0.8629401617931914,0.7868897318840027,0.7893578410148621,0.6477806647299259,0.6586112150875656
94,3.9166666666666665,94,3.9166666666666665,0.0,0.09888589475210605,0.05190329833226159,0.5315551074253558,0.5451875360993603,0.0753267372875329,0.07142580589264386,0.07089085188996483,0.06797735425507266,0.13261265618476709,0.13662143476834435,0.10701208864379701,0.11104225747366185,0.08087309530471168,0.08177533709844269,0.49748606979846954,0.49804240465164185,0.4996798038482666,0.49948421120643616,0.49786877632141113,0.4986560344696045,0.21825657039880753,0.21870436519384384,0.25899574160575867,0.25907662510871887,0.4896319508552551,0.48819319903850555,-180.07485961914062,-180.95150756835938,-9.580496788024902,-6.516256809234619,1.4423246383666992,1.782068967819214,0.6201773881912231,0.6314597725868225,0.4747448993943711,0.5178786928746848,0.8511933088302612,0.8453369140625,0.7894194197742771,0.7833994859373141,0.34694987535476685,0.358792781829834,-0.5857966774439586,-0.5454078287642365,0.8544794917106628,0.8634657263755798,0.7965943474193329,0.8231652767080313,0.7130477428436279,0.7144506573677063,0.8352242352493602,0.8415082197250695,0.7998225688934326,0.7807179093360901,0.6772584854824276,0.641656840176211,0.2757962942123413,0.276839941740036,-0.8619816427100675,-0.8649894181439867,0.7863253355026245,0.788460373878479,0.6477891356282148,0.6586400390601334
95,3.9583333333333335,95,3.9583333333333335,0.0,0.029705810966264522,0.029635606668275093,0.5327464741254284,0.527025646292815,0.07697774023276498,0.07558997981540407,0.07427300714293225,0.07338132249074548,0.13463774269177087,0.1362079873844821,0.1042004006260489,0.10694662381536235,0.08122756907775693,0.08171144059820533,0.4983849823474884,0.49887536466121674,0.4999532103538513,0.5002328753471375,0.49827638268470764,0.49881064891815186,0.22073006629943848,0.221173495054245,0.2655015289783478,0.2655288577079773,0.48949308693408966,0.488517701625824,-177.55511474609375,-178.167236328125,-8.118021011352539,-7.446703910827637,2.1144185066223145,2.0799591541290283,0.6200474500656128,0.6315965056419373,0.47314849759518957,0.5181916907014201,0.8510998487472534,0.8449430465698242,0.7903371967624008,0.7824016003856528,0.34609752893447876,0.3597909212112427,-0.5912997033396263,-0.542519132072522,0.8532218337059021,0.8644092082977295,0.7949750625904101,0.8251324451623393,0.7131046056747437,0.7134016752243042,0.834727436779608,0.8374332137062555,0.800251841545105,0.7792685031890869,0.6792024622469429,0.6382371390907945,0.276844322681427,0.27706772089004517,-0.8603870259446297,-0.8653432346713578,0.7860128879547119,0.7902395725250244,0.6480814328473994,0.6623201127854067
96,4.0,96,4.0,0.0,0.017711415102879085,0.015709204808901183,0.5446398566035431,0.541140600897693,0.07772594561151343,0.0795254311855563,0.07477415462883184,0.07548279428345268,0.13567780380179736,0.137273973406042,0.10719642864178837,0.10557726392473618,0.08143649907321689,0.0820012405926579,0.49909551441669464,0.49961283802986145,0.5013200044631958,0.5015538334846497,0.4991312474012375,0.4984518587589264,0.22408995032310486,0.22515582293272018,0.27131474018096924,0.27135801315307617,0.48946234583854675,0.48915255069732666,-176.10330200195312,-177.25048828125,-8.518365859985352,-7.509782791137695,1.6352617740631104,1.8989670276641848,0.6205161213874817,0.631730318069458,0.47067404809982516,0.5214493392834465,0.8513914942741394,0.8449844717979431,0.7894084464702688,0.7831042662593852,0.34613412618637085,0.35953474044799805,-0.5932516303306585,-0.5435104812370074,0.8538638353347778,0.8644593954086304,0.7948009022154311,0.8259640965900441,0.7132217884063721,0.7131490707397461,0.8301434790482015,0.8399986007682634,0.7996569871902466,0.7788087129592896,0.6765696296948672,0.6374666323191512,0.2769990861415863,0.27706754207611084,-0.8613251397788771,-0.8661617658184421,0.785565197467804,0.7910782694816589,0.6458338409890876,0.6644691059253942
97,4.041666666666667,97,4.041666666666667,0.0,0.027148409954306525,0.027939252497020867,0.5288976764622974,0.5161964010625143,0.07290912872073833,0.07802434329237816,0.06897735558266258,0.07434246311913909,0.13274590116410326,0.1321209858291369,0.10119452826694642,0.09822298288829318,0.08191964254656754,0.08166680074677023,0.5001155883073807,0.5005276799201965,0.5008763670921326,0.5019876956939697,0.499595582485199,0.49929554760456085,0.23039721697568893,0.22962243854999542,0.27848175168037415,0.2777107059955597,0.4891224652528763,0.48974281549453735,-176.12786865234375,-176.34039306640625,-5.690922737121582,-9.01860523223877,2.2611448764801025,2.2172420024871826,0.6207178831100464,0.631493330001831,0.47122676116876866,0.5163860453135334,0.8519015908241272,0.8458197712898254,0.7939088649066155,0.7823781672357443,0.34518688917160034,0.35908228158950806,-0.6007275957532652,-0.5476958283643846,0.8536837100982666,0.8644859194755554,0.7978088695935786,0.8233917362668673,0.7130851149559021,0.7138445377349854,0.8305818202809656,0.8380632604450553,0.8005119562149048,0.779841423034668,0.6814473598067018,0.6374094509372692,0.2774306535720825,0.2766572833061218,-0.8643334824135692,-0.8696612813901041,0.7851122617721558,0.7906526327133179,0.6477465400153205,0.6611640193706342
98,4.083333333333333,98,4.083333333333333,0.0,0.03698985664758861,0.02871375368889457,0.5153612819854594,0.5223741541192465,0.08393136068022566,0.08780653519116355,0.08354531564650447,0.0865341982603464,0.12946307015769085,0.12801908394080205,0.09786265273613412,0.0945625461453976,0.0821269774657302,0.08203690932131935,0.5009456872940063,0.5013527572154999,0.502754807472229,0.5029106140136719,0.4999166578054428,0.4994441866874695,0.23120805621147156,0.23058967292308807,0.2780296504497528,0.27813854813575745,0.48930560052394867,0.4900765120983124,-176.8277130126953,-176.6713104248047,-9.359198570251465,-9.453993797302246,2.311183452606201,2.4444000720977783,0.6206762194633484,0.6314285397529602,0.46971968497901234,0.5155739592162708,0.8514536619186401,0.8461654186248779,0.7923661689848706,0.7824372112873522,0.3455846905708313,0.35826534032821655,-0.6003066095668227,-0.5514906508569853,0.854042112827301,0.8640303611755371,0.7980296010137548,0.8216920029221029,0.7130128145217896,0.7134775519371033,0.8288822700979707,0.8360841793979937,0.8003819584846497,0.781075119972229,0.6806232265052793,0.6394137392662153,0.2762224078178406,0.27643445134162903,-0.8701057803890617,-0.8711488106395122,0.7854706048965454,0.7897655963897705,0.6479977526273231,0.6585093977050787
99,4.125,99,4.125,0.0,0.041180312978301034,0.03737037449207201,0.5251195716004324,0.5221746749208998,0.07796915983044335,0.08145789185834094,0.07710062479753173,0.08020913169722893,0.1350578717009985,0.13490286106902338,0.09866749403710512,0.09644993802697759,0.082095041004783,0.08235961670462626,0.5011438578367233,0.5014779567718506,0.5024413466453552,0.5028318762779236,0.4991922080516815,0.49904705584049225,0.23006942868232727,0.2301514372229576,0.27616626024246216,0.2759699523448944,0.48895567655563354,0.4897126704454422,-176.99407958984375,-177.48098754882812,-8.1361665725708,-8.786548614501955,2.929204225540161,3.1083385944366455,0.6201648712158203,0.6316652894020081,0.4700783610177782,0.5168439078522424,0.8512478470802307,0.8466585874557495,0.7918893344773213,0.7824941653787622,0.345817893743515,0.35839301347732544,-0.5959854433756174,-0.5481613120451752,0.8542954325675964,0.8642303943634033,0.798550672037717,0.821014948850854,0.7136863470077515,0.7135752439498901,0.8334862658316574,0.8360659323326826,0.7994396686553955,0.7813062071800232,0.6786482896213999,0.639229166894711,0.27594906091690063,0.27583497762680054,-0.8674833633378877,-0.8699090591511434,0.7862844467163086,0.7897049188613892,0.6498939283798623,0.6576407597276317
100,4.166666666666667,100,4.166666666666667,0.0,0.04479202404085482,0.039363132902948884,0.5472243831484663,0.5369904992230877,0.08025987698917464,0.07895986755095853,0.07884280091097674,0.077033054776166,0.13423957536893613,0.13609797293262577,0.0970202684134953,0.09580937640728733,0.08167710940184039,0.08224038178692332,0.501505583524704,0.5016362816095352,0.5037626624107361,0.5038102865219116,0.49873723089694977,0.4989871382713318,0.22785843908786774,0.2282288521528244,0.27374956011772156,0.2735382914543152,0.48873133957386017,0.48896054923534393,-177.0462188720703,-178.02346801757812,-9.168045043945312,-9.912959098815918,2.6348304748535156,2.8990843296051025,0.6201288104057312,0.6316294074058533,0.470661345719001,0.5149387378913005,0.8511209487915039,0.8483660817146301,0.7903477719337947,0.7848395973444677,0.3452416658401489,0.35901015996932983,-0.5951354245811276,-0.5434132649492756,0.8539921045303345,0.8637524843215942,0.7966095727231678,0.8184391302824465,0.7136324644088745,0.7144933342933655,0.8331951870352327,0.8366299017004643,0.7987426519393921,0.7826072573661804,0.6761141704127002,0.6412410031117612,0.2754700183868408,0.27591532468795776,-0.8656551559849862,-0.866000852482781,0.7869113683700562,0.7894336581230164,0.6503109233816142,0.6561479233930061
101,4.208333333333333,101,4.208333333333333,0.0,0.061420701539372756,0.039129558630468055,0.5523079444156702,0.5459834268681272,0.05877955089969402,0.05952900264570181,0.056510054837084295,0.058080984974707026,0.1525232890566002,0.1555725329653895,0.11544615282119423,0.1175682692449224,0.08081520251052228,0.08128056220842707,0.5021992474794388,0.5028560906648636,0.5034071803092957,0.5040926337242126,0.49851274490356445,0.499406173825264,0.22720541059970856,0.22810103744268417,0.27100738883018494,0.27129170298576355,0.48847201466560364,0.488072007894516,-178.48667907714844,-179.3109588623047,-7.810436248779297,-7.540727615356445,3.2008328437805176,3.3674447536468506,0.6201331615447998,0.6313942670822144,0.47120924443622714,0.5117852766118226,0.851381242275238,0.8490655422210693,0.7909114321486891,0.787362964602108,0.34414148330688477,0.35881507396698,-0.5980999535153355,-0.5451435288943633,0.8531852960586548,0.8635847568511963,0.7948431226458241,0.8190308222998856,0.7138845920562744,0.7151147723197937,0.8344421781503298,0.8364124522441201,0.7985361814498901,0.7833216786384583,0.6757427906273488,0.6439690297734153,0.2744925618171692,0.27547556161880493,-0.8679495114869996,-0.8682934004268786,0.7874860763549805,0.7893463969230652,0.6516605855437971,0.657109542271264
102,4.25,102,4.25,0.0,0.04132406453113619,0.04076551676107099,0.5575307200152564,0.5588396728036248,0.05429407522406302,0.04527800451403819,0.053388530321809194,0.04410569764063175,0.16108881367252223,0.17201897512585446,0.11917826382068193,0.1323082033360905,0.08096700237715507,0.08083999576427284,0.5030619949102402,0.5033148378133774,0.5041396617889404,0.5045494437217712,0.49848055839538574,0.49944522976875305,0.22770846635103226,0.2287488952279091,0.2693513333797455,0.26962700486183167,0.48826050758361816,0.4880819767713547,-180.24600219726562,-180.63638305664062,-6.146124362945557,-6.5606770515441895,3.917745351791382,3.5736989974975586,0.620496392250061,0.6311160326004028,0.47344208552722156,0.5107214327408072,0.8514905571937561,0.8487717509269714,0.7927841622206984,0.7869569166204896,0.3449968099594116,0.35839003324508667,-0.5955429197870346,-0.5471213854161049,0.8535535335540771,0.8624594807624817,0.7972868045193012,0.8168209561322948,0.7138031721115112,0.7152906060218811,0.8354881827907011,0.8372156730252612,0.7983627915382385,0.7841693162918091,0.6768277559952935,0.6460066141460705,0.2748543620109558,0.2755664587020874,-0.8677074888564369,-0.8683754048770389,0.7870784997940063,0.7891614437103271,0.6521987150161482,0.6568984926581534
103,4.291666666666667,103,4.291666666666667,0.0,0.03834697021687543,0.039345271182483064,0.55908524140411,0.5607338250296154,0.057855048906044204,0.04788960637325384,0.05785123520426996,0.047216058102880834,0.15871040872913678,0.17130683975217217,0.1180772729701493,0.13121194753189933,0.08109458551151527,0.08085302324091528,0.5026276707649231,0.5035170316696167,0.5039122104644775,0.5049260258674622,0.4985259175300598,0.4996345639228821,0.2272666096687317,0.22894386947155,0.269275963306427,0.2688750922679901,0.48816461861133575,0.4886094778776169,-180.05955505371094,-181.69049072265625,-6.554254055023193,-6.5552077293396,3.690483570098877,3.77716851234436,0.6203251481056213,0.6312233209609985,0.4730586685832389,0.5103351280160295,0.8514121770858765,0.8487361669540405,0.7935890943720233,0.7856235863995236,0.3443746864795685,0.35822856426239014,-0.598711303647958,-0.5484089261369676,0.8530365824699402,0.8623204827308655,0.7971379424442465,0.8152580433922628,0.7136946320533752,0.7155253887176514,0.835698428735311,0.8372802828224194,0.7986570000648499,0.7844749093055725,0.6783345463955183,0.6454363655362022,0.27472275495529175,0.2755891680717468,-0.8692339484579691,-0.8689058119150066,0.7864357233047485,0.789263129234314,0.6516346506086113,0.6558819632299884
104,4.333333333333333,104,4.333333333333333,0.0,0.04642799195124206,0.04151274988759296,0.5648749660858817,0.5583684965973604,0.0668802095875456,0.06066694774717922,0.06423866564324361,0.05848107262079759,0.1509571634927444,0.15822816954016805,0.10036969765936049,0.1099274985893948,0.08100498722220552,0.08101907945525652,0.5034162104129791,0.5040144324302673,0.5046077966690063,0.5051161050796509,0.4989500343799591,0.499301940202713,0.2259666696190834,0.22734814882278442,0.2697684168815613,0.2695125341415405,0.4881620705127716,0.4888668954372406,-178.94374084472656,-180.17483520507812,-7.38610315322876,-7.046274185180664,4.479604244232178,4.497376918792725,0.6203749775886536,0.6314241290092468,0.47164910360292167,0.5122788832697786,0.8512643575668335,0.8478498458862305,0.7933459618743144,0.7829374080115906,0.34396928548812866,0.3584817051887512,-0.6019894212749144,-0.5460039179367019,0.8527357578277588,0.862970232963562,0.7965608396014053,0.8159147866075696,0.7136157751083374,0.7152098417282104,0.83382294867359,0.8371421914948886,0.7986873388290405,0.7833070755004883,0.6784698870320544,0.6421704181350595,0.2746923863887787,0.27571403980255127,-0.8710806516034361,-0.8669199395216578,0.7856757044792175,0.7894337773323059,0.6500406318693617,0.6555326796181289
105,4.375,105,4.375,0.0,0.0627013486589841,0.04283324473455068,0.5770633390031387,0.5589943914765808,0.0768616699248153,0.07769209304907898,0.07586406673769773,0.07684866035744282,0.1392388003654858,0.1442324780355377,0.08366485233039717,0.09267956567409207,0.0805012766010263,0.08127092693117124,0.5040945112705231,0.5041021853685379,0.50528484582901,0.5052017569541931,0.4988568425178528,0.4992874264717102,0.22557257115840912,0.22655092179775238,0.27041858434677124,0.2711094915866852,0.4881223887205124,0.48856011033058167,-178.0482177734375,-178.55816650390625,-8.899048805236816,-8.256080627441406,5.001640796661377,4.776895523071289,0.6203073263168335,0.6313658356666565,0.47125690745350335,0.512130260601929,0.8512475490570068,0.8473916053771973,0.7925694862081372,0.7826393682144451,0.3445295989513397,0.3584228456020355,-0.5988265938845844,-0.546198390411325,0.8528823852539062,0.863245964050293,0.7961377360187819,0.8172189562011264,0.7136880159378052,0.7148563861846924,0.8335963039724318,0.8358624864458204,0.7984768152236938,0.7834506034851074,0.677390264359841,0.6431790755293707,0.2752978205680847,0.27591758966445923,-0.8674624424860609,-0.8661101646512326,0.7857913374900818,0.7894513607025146,0.6497025035879989,0.6562671932176739
106,4.416666666666667,106,4.416666666666667,0.0,0.07952144377049421,0.06989568501489705,0.5891475127097323,0.5882852580648392,0.07659597025881487,0.08271337617812949,0.07575066307856072,0.08128417073273604,0.13951651487258446,0.13547534449165624,0.08329877298027648,0.08020709224161522,0.08105127949503459,0.08107969568668634,0.5042543113231659,0.504628136754036,0.5055843591690063,0.5055298805236816,0.49901336431503296,0.4994983673095703,0.22632428258657455,0.2265779972076416,0.27471014857292175,0.27325913310050964,0.4888894706964493,0.48886193335056305,-175.10032653808594,-176.80923461914062,-10.75881290435791,-9.488007545471191,4.727853298187256,4.959631443023682,0.6204596757888794,0.6313631534576416,0.4697861979225985,0.5110155341346148,0.8512481451034546,0.8475942611694336,0.7884553660031254,0.7819847972683894,0.3449385166168213,0.35912320017814636,-0.5960019371295099,-0.5439958089368171,0.8533281683921814,0.8638047575950623,0.792981283662174,0.8173213442645544,0.7142065763473511,0.7144086956977844,0.8324238066397361,0.8328418788699868,0.7997350096702576,0.7830567955970764,0.6763680588111088,0.641302419299663,0.2754243016242981,0.2761729061603546,-0.864901159893836,-0.8654530382878479,0.7860338091850281,0.7895216941833496,0.6465556497086017,0.6553949669133259
107,4.458333333333333,107,4.458333333333333,0.0,0.07189202736022283,0.06897905412839034,0.5843816808269598,0.5854435533009795,0.08142497731352696,0.08406243282795303,0.08168127908662642,0.083494515414892,0.13832204279406693,0.13702731881498526,0.07978125431452016,0.07833772100476877,0.08067523254417835,0.08109764688149762,0.5048628747463226,0.5049958527088165,0.5055007934570312,0.5057228207588196,0.49938206374645233,0.4995481073856354,0.22740564495325089,0.22810642421245575,0.27610406279563904,0.2767977714538574,0.48937296867370605,0.4877731651067734,-174.6875457763672,-175.18215942382812,-10.633026123046875,-10.338765144348145,5.297946929931641,5.195970058441162,0.6203958988189697,0.6312844157218933,0.46740344544709167,0.5110980871448072,0.8515316247940063,0.8471651077270508,0.7868252378483807,0.7843133902085555,0.34503409266471863,0.3598652482032776,-0.5961531046275736,-0.5419283645993239,0.8537366390228271,0.8644685745239258,0.7916158477529929,0.8220753405930618,0.7148017883300781,0.7144755125045776,0.8320364479591373,0.8338550473943604,0.8005980849266052,0.782545268535614,0.6761671217344428,0.6432912938826044,0.2746972441673279,0.27659159898757935,-0.8678219209234113,-0.8650056039817556,0.7857367396354675,0.7893244028091431,0.643879389974244,0.6580856316353801
108,4.5,108,4.5,0.0,0.06543401842567861,0.06429224969806001,0.5908733574455742,0.5913866453393739,0.08056266686395794,0.08576465142620798,0.08057359508595786,0.08482306372332482,0.14024091003692335,0.1346853124391129,0.07876553429300218,0.07398663485273381,0.0814156991241597,0.08193261004870275,0.504945918917656,0.5053802728652954,0.5056053400039673,0.5057292580604553,0.49940870702266693,0.49858084321022034,0.2294999584555626,0.2303437516093254,0.2805384695529938,0.2817284166812897,0.48883649706840515,0.48810482025146484,-173.20411682128906,-173.22760009765625,-10.62610149383545,-9.524392127990723,5.413515567779541,5.406372547149658,0.6205027103424072,0.6313066482543945,0.46860030618612464,0.5166379950112384,0.8513153791427612,0.846527636051178,0.7890148326017585,0.7847822074495716,0.34355077147483826,0.36013203859329224,-0.6031271104846188,-0.5389148915328582,0.8531519770622253,0.8648717403411865,0.7930125910137519,0.824947414640072,0.7142214775085449,0.7139446139335632,0.8312660186531525,0.8383080190588134,0.7996081113815308,0.7817528247833252,0.6764626171914477,0.6429549656192942,0.2757366895675659,0.27625027298927307,-0.8655488545372284,-0.8654264330167448,0.7851328253746033,0.7896446585655212,0.644953980604791,0.6602344759166459
109,4.541666666666667,109,4.541666666666667,0.0,0.06813431387537816,0.06296808375308255,0.6078425157567703,0.5937253414346471,0.08334588860942527,0.0846789982725565,0.08259708576621881,0.08422883201507392,0.13316643855656338,0.13081018180619597,0.07214300089721357,0.07027350066923346,0.08153228606613937,0.08215656974342866,0.504888266324997,0.5052201151847839,0.5048097372055054,0.5057308077812195,0.4997987747192383,0.4993583559989929,0.23330388963222504,0.23297244310379028,0.28451088070869446,0.2847520411014557,0.48888613283634186,0.4876413196325302,-173.02914428710938,-173.340576171875,-8.418724060058594,-9.687704086303711,5.669155120849609,5.4316487312316895,0.6207931041717529,0.6312776207923889,0.46881167596320317,0.513992158925889,0.8511762619018555,0.8460962772369385,0.7896096196439292,0.7856070815490602,0.34307366609573364,0.3592326045036316,-0.6072562340050494,-0.545966789953024,0.8522957563400269,0.86348956823349,0.7920495524673767,0.823727052520181,0.7138492465019226,0.7128962874412537,0.8293724248997769,0.8319999551731173,0.7981977462768555,0.7817311882972717,0.6741431958695415,0.6445414647879673,0.276492714881897,0.2771126925945282,-0.8652346654490886,-0.8659275695940344,0.7853310704231262,0.7890647649765015,0.6461003368130429,0.6606140832580516
110,4.583333333333333,110,4.583333333333333,0.0,0.05493720051059651,0.05555240864203891,0.596932200531103,0.5904594876981257,0.08283835151382818,0.08796257043769296,0.08257790011852989,0.08673635892471686,0.13481073178240452,0.13233172104854588,0.07265501715500658,0.07070651516715587,0.08149427596775657,0.08175976870483584,0.5051640570163727,0.5053489655256271,0.5046045780181885,0.5052121877670288,0.4999053180217743,0.49919383227825165,0.23588687181472778,0.23586682975292206,0.2888888716697693,0.2883545756340027,0.4880668520927429,0.48863719403743744,-171.10862731933594,-172.20309448242188,-7.9324660301208505,-8.528724670410156,5.8177223205566415,5.589533805847168,0.6206704378128052,0.6308568716049194,0.4704172074133073,0.5129444682670543,0.8506762981414795,0.847057044506073,0.7945172360114565,0.7854545422337545,0.34309935569763184,0.3595741093158722,-0.6108073509132376,-0.5439428173676181,0.851901650428772,0.8643978834152222,0.7972021178396841,0.8234558992164279,0.7139262557029724,0.7128673195838928,0.8336772406318934,0.8324479967139856,0.7988237142562866,0.7816231846809387,0.6809025134016697,0.6420603570391039,0.2773311138153076,0.2776701748371124,-0.8669948389586364,-0.8630313811364608,0.7840445041656494,0.789384126663208,0.6485196362328619,0.6590679728952449
111,4.625,111,4.625,0.0,0.05691137455568298,0.05047923911553061,0.6016471910100105,0.5900503368193798,0.08313923364376971,0.08764543115492449,0.08342518286294906,0.08817672351039932,0.13571010996839938,0.13259493830961291,0.07469201050175127,0.07212255468099643,0.08158708546966362,0.08200690486912576,0.5054377466440201,0.5056688487529755,0.5047663450241089,0.5052040219306946,0.4995063990354538,0.49906986951828003,0.23769403249025345,0.23756788671016693,0.2912791073322296,0.2909092605113983,0.4892503619194031,0.4891216605901718,-170.954345703125,-171.7942657470703,-7.630005359649658,-7.862404823303223,5.796625137329102,5.691195011138916,0.6206085681915283,0.631053626537323,0.47095914581891535,0.5134367514705237,0.8512751460075378,0.8475061058998108,0.7919397513728681,0.7842204155457068,0.34297245740890503,0.3585410714149475,-0.60875120531571,-0.546678252050529,0.8525058031082153,0.8642282485961914,0.7946318495970011,0.8208119748775858,0.713692307472229,0.7127859592437744,0.8329562813514001,0.8313878716894588,0.7986453771591187,0.7810012102127075,0.6768106003076699,0.6386937398929639,0.27693286538124084,0.2774990499019623,-0.86557525783532,-0.8619439574526554,0.7848275303840637,0.7900658845901489,0.6465836583398478,0.6585291507209138
112,4.666666666666667,112,4.666666666666667,0.0,0.05776841734595586,0.051703633906369104,0.5966156779296046,0.5930000323425678,0.08200310280182745,0.08568990705356155,0.08289583929345237,0.08730912882905685,0.13447660022343444,0.12978761851932463,0.07422627390093946,0.0711616703367396,0.08170287163377168,0.08216934517881655,0.5054583549499512,0.5055480599403381,0.5051422715187073,0.5054320096969604,0.49977104365825653,0.49886196851730347,0.23856540769338608,0.2380780428647995,0.29267895221710205,0.291629433631897,0.4893290102481842,0.48926185071468353,-170.79541015625,-172.07884216308594,-8.592427253723145,-8.672120094299316,5.6013102531433105,5.557951927185059,0.6204109191894531,0.6310399770736694,0.4698192709399294,0.5150000113156343,0.8517602682113647,0.8479267954826355,0.7939407978141081,0.7860668700124722,0.34270429611206055,0.35851699113845825,-0.6116798819307254,-0.5468206529029045,0.8527217507362366,0.8646137714385986,0.7960470184728091,0.8226388270744142,0.7143133878707886,0.7126580476760864,0.8355125309923753,0.833005311462673,0.7983758449554443,0.7808965444564819,0.6769970445935808,0.6391602364289525,0.27674680948257446,0.2776273488998413,-0.8685443568387918,-0.8619878060715093,0.7837498784065247,0.7899097204208374,0.6449574473030197,0.6589139344764613
113,4.708333333333333,113,4.708333333333333,0.0,0.06324157633585548,0.058058797250603464,0.5998944391817761,0.5899627159076967,0.08302599588031571,0.08709515225438057,0.08402475674062197,0.08788922771261584,0.1329949681876713,0.13096492498747914,0.07570542148246602,0.07324953991524216,0.08148652565048439,0.08201923995026436,0.5052630603313446,0.5054870247840881,0.5051141381263733,0.5055144429206848,0.4998086094856262,0.49880556762218475,0.2386944741010666,0.23860245943069458,0.2927751839160919,0.29220807552337646,0.48930443823337555,0.4892154484987259,-171.173583984375,-172.00914001464844,-8.672205924987793,-8.830699920654297,5.18489933013916,5.20354700088501,0.6199679374694824,0.6309957504272461,0.46692811247848837,0.515540095523649,0.8514798283576965,0.84811931848526,0.7916514198322728,0.7873428946335425,0.3439984917640686,0.35850346088409424,-0.6054638070425332,-0.5471764996088267,0.8535570502281189,0.8647989630699158,0.7961918598728345,0.8239337501437778,0.7155802249908447,0.7127277255058289,0.8384686802494591,0.8342937982966188,0.7991930842399597,0.7808852195739746,0.6773618343223228,0.6398485528843841,0.2758716344833374,0.27774757146835327,-0.8701985173053686,-0.8621234802396326,0.7849617600440979,0.7893931865692139,0.6462546737781453,0.6585128469242607
114,4.75,114,4.75,0.0,0.06225417836487518,0.06358428215684793,0.5893687755246362,0.5875368393239394,0.08276035508303108,0.0873807727145045,0.0847557310613133,0.08868323730499654,0.13818950095469854,0.13323790585908102,0.08158388252651835,0.07464308394017928,0.08149333120191053,0.08170603051642554,0.5055064409971237,0.5055482685565948,0.5053287148475647,0.5056605935096741,0.49994659423828125,0.4988270103931427,0.23789720982313156,0.23854178935289383,0.2926236689090729,0.2929444909095764,0.48928268253803253,0.48908931016921997,-170.453857421875,-171.03114318847656,-9.113383293151855,-9.762930870056152,5.0850419998168945,5.125091075897217,0.6203925013542175,0.6307901740074158,0.46729523020509645,0.5145817612877962,0.8515859842300415,0.848213791847229,0.790667922741986,0.7877151704586756,0.34402036666870117,0.3582195043563843,-0.6049485960282875,-0.5482898115277817,0.8538506627082825,0.8646476864814758,0.7956102145171559,0.823761802681099,0.715477466583252,0.7130209803581238,0.8361973521591126,0.8352354346700728,0.8002220392227173,0.7809105515480042,0.6785744819339351,0.6400900819183207,0.275382936000824,0.2774304449558258,-0.8712419449069585,-0.8633214865840115,0.7860659956932068,0.7892263531684875,0.647681223497008,0.6583302282329704
115,4.791666666666667,115,4.791666666666667,0.0,0.040865558735155155,0.04851332233419129,0.5739813528220533,0.5745455299526935,0.08142729419651289,0.0868837694309721,0.08260955284666423,0.08841816381323345,0.13692880334134555,0.13339408676715592,0.08100422550619707,0.07595187438646328,0.08145967439884928,0.08193403358562033,0.5054520517587662,0.5055022835731506,0.5054563879966736,0.5055828094482422,0.4997669905424118,0.4988918900489807,0.2371923252940178,0.23796793073415756,0.2927626967430115,0.2930011749267578,0.48961812257766724,0.4893324375152588,-170.71897888183594,-170.966064453125,-9.590547561645508,-9.853265762329102,4.847823619842529,4.981534481048584,0.6207394599914551,0.6309561133384705,0.46785375385107697,0.5151431941387314,0.8516207933425903,0.8484569787979126,0.787513257528518,0.7879712935008065,0.3444822430610657,0.3571891784667969,-0.6005544266050272,-0.5527400657372059,0.854232132434845,0.8638624548912048,0.7931940558240324,0.8217731408512303,0.7155406475067139,0.7134439945220947,0.8344916479980287,0.8369038461324358,0.8007675409317017,0.781128466129303,0.6768853155373801,0.640242778408284,0.27489715814590454,0.2770096957683563,-0.8696705597043631,-0.8654963428943137,0.7879440188407898,0.7898430228233337,0.6489885775562374,0.6593637788443887
116,4.833333333333333,116,4.833333333333333,0.0,0.015698798736382726,0.01963376131590295,0.5672062101859663,0.5696478039765429,0.08025893003918545,0.08654817804782845,0.08147690049157916,0.08733503210521104,0.14068727906490447,0.13529147162179905,0.08212567190802236,0.07798962908409242,0.0816536127810146,0.0815461278927445,0.5053969919681549,0.5054415464401245,0.5050836205482483,0.5050212144851685,0.4999876469373703,0.49873071908950806,0.23704102635383606,0.23786479979753494,0.29250067472457886,0.29306691884994507,0.4891236126422882,0.4888097196817398,-170.04989624023438,-170.3863525390625,-8.140225410461426,-7.673316955566406,5.1688923835754395,5.053525447845459,0.6204439997673035,0.630716860294342,0.46642183636514656,0.5142483473604562,0.8518022894859314,0.8488113284111023,0.7899392883850852,0.7889900768254859,0.34425100684165955,0.3575420677661896,-0.6030314545994513,-0.5501034422726879,0.853753387928009,0.8644474744796753,0.7941889159846932,0.8232587128225332,0.7150473594665527,0.7130067348480225,0.8327376986720065,0.8348686155752493,0.8009727597236633,0.7816024422645569,0.6792290505547404,0.6416931121500244,0.2752547860145569,0.27679088711738586,-0.870193320822213,-0.8647286053161853,0.7879634499549866,0.7899777293205261,0.6508938724558083,0.660048636729617
117,4.875,117,4.875,0.0,0.013122956710924458,0.021501162873156416,0.567089852506317,0.5634639550885434,0.08190817927409977,0.08452191787677983,0.0823667585189135,0.08517254898592327,0.13468618954918593,0.13243090188239973,0.08028904357513111,0.07798352858877367,0.08124832434449082,0.08171803089454803,0.505023866891861,0.505204439163208,0.5048503875732422,0.5052053928375244,0.5000269412994385,0.498722568154335,0.23695199191570282,0.23732633888721466,0.29212498664855957,0.2913643419742584,0.48884472250938416,0.48912952840328217,-170.13429260253906,-171.41400146484375,-7.8523592948913565,-7.806112289428712,4.7765350341796875,4.745497226715088,0.6206244230270386,0.6306095123291016,0.4668677791648184,0.5133033374303066,0.8516378402709961,0.8490508198738098,0.7900184423595661,0.7879566906339761,0.3432716727256775,0.35724517703056335,-0.6068450440509279,-0.550629309740722,0.8528779149055481,0.8643629550933838,0.7927188293934848,0.8214787402600495,0.7149903774261475,0.7133504152297974,0.8321857188759731,0.8353305241747694,0.8008362650871277,0.7822564244270325,0.6793929113577792,0.6417272453735822,0.27500689029693604,0.2766055464744568,-0.8711177876531857,-0.8644783548649013,0.7881363034248352,0.7903236150741577,0.6517374696218,0.6593883201576025
118,4.916666666666667,118,4.916666666666667,0.0,0.018460053645006552,0.025955061841555594,0.5636401053650673,0.5591866965975804,0.08249584159809538,0.08534047946252896,0.08277534257676213,0.0851742545227565,0.13475009580157044,0.13073228658400618,0.0797775596901526,0.07614636399303315,0.08173876873531866,0.08171760642089837,0.5050623416900635,0.5051592290401459,0.5045040845870972,0.5051469802856445,0.5000343918800354,0.4983188062906265,0.2374812513589859,0.23735437542200089,0.29219767451286316,0.2920246422290802,0.4890379458665848,0.4889930486679077,-170.77754211425784,-171.36349487304688,-7.168319702148437,-8.260199546813965,5.073623180389404,4.6498613357543945,0.6207223534584045,0.6304969787597656,0.4673589675739362,0.5151440828952891,0.8513619303703308,0.8483491539955139,0.7892348219704601,0.78780099934584,0.3432942032814026,0.3576039671897888,-0.6069696742142204,-0.5484144271648465,0.8530734777450562,0.8646208047866821,0.7929630123342184,0.8234726424993705,0.7150722146034241,0.7130387425422668,0.8327247680961959,0.8368379027597144,0.8003193140029907,0.7810893058776855,0.6780508762077758,0.6403501148958075,0.2749536633491516,0.27619677782058716,-0.8716154911496744,-0.8656864178823139,0.7881425023078918,0.7900222539901733,0.6515266486617801,0.6599334344659781
119,4.958333333333333,119,4.958333333333333,0.0,0.03425571232877213,0.037109360525129004,0.5528853281488263,0.5614863756948508,0.0809909246665765,0.08347883436299672,0.08174419682466874,0.08383524966179784,0.13429385605265945,0.13128277853119452,0.08004930905354397,0.07626816550810521,0.08181111764371488,0.08198812867963326,0.504860907793045,0.5051427483558655,0.5045216083526611,0.5049772262573242,0.49983394145965576,0.4982685297727585,0.23770487308502197,0.23757873475551605,0.29272952675819397,0.29197725653648376,0.48964832723140717,0.4892771691083908,-171.40977478027344,-172.39866638183597,-8.862318992614746,-8.993070602416992,4.85729455947876,4.844679832458496,0.6208351850509644,0.6304051876068115,0.4678431912195358,0.5145557113425369,0.8514765501022339,0.8483000993728638,0.7869288100544269,0.7864186406937134,0.3434516191482544,0.3578067421913147,-0.604641758621919,-0.5469747472815826,0.8532165288925171,0.8650235533714294,0.7907130351435967,0.823050384386429,0.7151917815208435,0.7130662202835083,0.8326666417468912,0.8364475100792913,0.8001440167427063,0.781090497970581,0.6752872994138561,0.6391999565349771,0.2747710049152374,0.2755904793739319,-0.8701907462523282,-0.8671345597921497,0.7886505722999573,0.7900407314300537,0.6502905689570723,0.6588049172150787
120,5.0,120,5.0,0.0,0.043710281757436104,0.03691765485444437,0.5642947362922832,0.5635389187106846,0.08106230786250444,0.08392678017712814,0.08189082012691443,0.08466582792444417,0.13476388420867905,0.1318982998871219,0.08039523754817203,0.07683064748072678,0.08189448117467034,0.08217294204951521,0.5048008859157562,0.5050968527793884,0.5046501755714417,0.504686176776886,0.4995996654033661,0.4981731176376343,0.23793762177228928,0.2378804087638855,0.293050080537796,0.2928638160228729,0.4897611290216446,0.48938798904418945,-171.67324829101565,-172.11398315429688,-9.313161849975586,-8.839280128479004,4.81033992767334,4.989201545715332,0.6207150220870972,0.6301871538162231,0.4683864431587352,0.5142954783763867,0.8513407111167908,0.8479787707328796,0.7865594066281039,0.7858040168187839,0.34359005093574524,0.3571654260158539,-0.6033321489517609,-0.5493326339880168,0.8533616065979004,0.864654541015625,0.7909555463140575,0.822346750042486,0.7149111032485962,0.7130229473114014,0.8326686334835939,0.8370041484200635,0.7994577288627625,0.7813093066215515,0.6736961539539348,0.6397067511525434,0.27510136365890503,0.27514395117759705,-0.8681967665243991,-0.8688689110397421,0.7886133790016174,0.7900531888008118,0.6501059795789744,0.6588678062881378
121,5.041666666666667,121,5.041666666666667,0.0,0.03717664628160831,0.03670344893538238,0.5609940852282937,0.5603840867433448,0.08065106422616221,0.08479336350860922,0.08218850058327949,0.08576432204543324,0.1391636553289044,0.13279758025929714,0.08339983825368165,0.07633224480317317,0.08196552374807685,0.08183562757428176,0.5049888789653778,0.5051899403333664,0.5045937299728394,0.5046325325965881,0.49972014129161835,0.49825337529182434,0.23826023936271667,0.23800312727689743,0.29370152950286865,0.29366767406463623,0.4899067133665085,0.4895218163728714,-171.05906677246094,-171.40017700195312,-8.900612831115723,-9.138623237609863,5.049788475036621,5.0459980964660645,0.6208691596984863,0.6299926042556763,0.46864459008803633,0.5130076166262865,0.8509425520896912,0.8483344316482544,0.7855910915717954,0.7859572535031466,0.34348055720329285,0.3557265102863312,-0.6043865381945817,-0.5550159045013636,0.8532610535621643,0.8639698028564453,0.7906360037583872,0.8202055850531967,0.714934766292572,0.713296115398407,0.8325215593228831,0.8374010113960385,0.7988301515579224,0.7821664810180664,0.6721978124919086,0.6410203741035158,0.27501529455184937,0.2748652696609497,-0.869232885053109,-0.8698988187019167,0.7883074283599854,0.7897982597351074,0.6493010340651181,0.657737322127168
122,5.083333333333333,122,5.083333333333333,0.0,0.03267263977146242,0.03338661446597931,0.5674240710604642,0.5631179502422049,0.07758186853399066,0.08414562629535753,0.07973680154352136,0.08607735001622147,0.14432535957940698,0.13526381417613953,0.08890845980173018,0.07958315298336396,0.08172888409332697,0.08215793346812653,0.5049677342176437,0.5050083696842194,0.5049086213111877,0.504496157169342,0.4994845688343048,0.4980800300836563,0.23833771795034409,0.23817067593336105,0.29289811849594116,0.29288792610168457,0.4903585910797119,0.4895676225423813,-171.17083740234375,-171.6163330078125,-9.193368911743164,-8.327411651611328,5.026548862457275,5.193459510803223,0.6210250854492188,0.6296778917312622,0.4705172854356835,0.51202924066811,0.8508481383323669,0.8483921885490417,0.7850000926275482,0.7853271749092914,0.34364908933639526,0.35606592893600464,-0.6032826651563467,-0.5525574007388829,0.8534007668495178,0.8646048903465271,0.7905586827106131,0.820810462583719,0.7149142026901245,0.7134952545166016,0.8339882810059197,0.8381511098570199,0.798139214515686,0.7825913429260254,0.6702214245809169,0.6413147602219239,0.27477049827575684,0.2747285068035126,-0.8699309285759325,-0.8690301607896851,0.788556694984436,0.7894569635391235,0.6493545817640726,0.6563409288593948
123,5.125,123,5.125,0.0,0.032258605542106314,0.03115914705176439,0.5742852679702277,0.5665193485899909,0.06035937354691277,0.06087726098076362,0.06321257376685625,0.06331321187454156,0.17541629474220877,0.17638624905302738,0.12330320820361623,0.12407424242850917,0.08076436757467192,0.08059072618368128,0.5045477598905563,0.5050855129957199,0.5049837827682495,0.5048545002937317,0.4996972233057022,0.4985542446374893,0.2389390543103218,0.23927266895771027,0.29019081592559814,0.29022809863090515,0.4902331829071045,0.4874368906021118,-172.8821258544922,-173.31979370117188,-9.327890396118164,-8.44638442993164,4.7530837059021,5.043557643890381,0.6212493181228638,0.6295993328094482,0.4715025698788014,0.5114899480491074,0.8506495952606201,0.8480818271636963,0.7864094116195599,0.7918058785881376,0.3439392149448395,0.35619717836380005,-0.604187869668716,-0.5556424086433899,0.8534603714942932,0.865187406539917,0.7925423756255081,0.8293616486368728,0.7148504853248596,0.713336169719696,0.8345830329985978,0.8383282214898979,0.7978577613830566,0.7836731672286987,0.6712204424300793,0.6503948939927484,0.2756344974040985,0.2752791941165924,-0.8691429895598951,-0.8714782490873441,0.7888485193252563,0.7896300554275513,0.6515627562011191,0.6634734058912187
124,5.166666666666667,124,5.166666666666667,0.0,0.03648249912592637,0.03629342204601043,0.5639869994687002,0.5539239621717288,0.05410266325800505,0.0494686074624136,0.0552995015683638,0.050817554931034764,0.189318813777835,0.19407646516603028,0.13687086886340138,0.14101738541727482,0.08035307896811046,0.08121787992692667,0.504549652338028,0.5049906373023987,0.5054447650909424,0.5048608183860779,0.5001544207334518,0.49896658957004547,0.23764986544847488,0.23725755512714386,0.28451141715049744,0.2849233150482178,0.4887840151786804,0.48565058410167694,-176.32077026367188,-175.6988983154297,-9.034628868103027,-6.828957080841065,4.781370162963867,5.042247772216797,0.621227502822876,0.6299581527709961,0.469619694877943,0.5124827984976285,0.8504372239112854,0.8475967645645142,0.7890664048991137,0.7965306516826436,0.3479309678077698,0.3561007082462311,-0.5904461196703128,-0.5589391017369516,0.8554524183273315,0.8669934868812561,0.8000087146372407,0.8392167876371797,0.7142285108566284,0.713833749294281,0.8303530987231814,0.8406321798892314,0.7977075576782227,0.782761812210083,0.6740191520021649,0.6538491436621697,0.27572497725486755,0.27528735995292664,-0.8705195651184782,-0.8751079440446191,0.7871028184890747,0.7877709865570068,0.6508813967581333,0.6648727740313176
125,5.208333333333333,125,5.208333333333333,0.0,0.05989936765687187,0.04173985282485349,0.5821040099915374,0.5611136230283414,0.05127987484578194,0.04881854592909252,0.04934594825853343,0.04872455234964812,0.1887949985618959,0.19126120472022448,0.12792338751227403,0.13219631103595428,0.08053464220821896,0.0812435148255282,0.5063134729862213,0.5065436065196991,0.506802499294281,0.5067866444587708,0.500096470117569,0.4995696097612381,0.23180977255105972,0.23265565931797028,0.27757614850997925,0.2782588005065918,0.48655208945274353,0.48359714448451996,-177.21653747558594,-177.43357849121097,-8.357634544372559,-7.775076389312744,5.6552348136901855,5.841998100280762,0.6212897300720215,0.6318284869194031,0.47085894465109,0.5161963986815623,0.849486768245697,0.847472608089447,0.793164652412198,0.7988503641760388,0.3492836356163025,0.35137245059013367,-0.5859366446598909,-0.5784023084324191,0.8537386655807495,0.8614299297332764,0.8024568332615601,0.8294921979716832,0.7154122591018677,0.7135419845581055,0.836542933212343,0.8351180023659055,0.7979678511619568,0.7837759256362915,0.6805741882072353,0.6590109876201204,0.27823013067245483,0.27560344338417053,-0.8619930719248625,-0.8741230153655565,0.787113606929779,0.7861140370368958,0.6568531073718497,0.6641440656390462
126,5.25,126,5.25,0.0,0.05827392781583337,0.05407743304712017,0.5721789331302883,0.5667648384988673,0.05886499808213999,0.055565191582443475,0.056612938784698266,0.05343025468833205,0.17671045098084304,0.18280636651454238,0.11119722432794925,0.11971361066189251,0.08162338235272835,0.0812443151289303,0.5075865983963013,0.5078346431255341,0.5079469084739685,0.5084892511367798,0.49991244077682495,0.4993877112865448,0.22864742577075958,0.22962664812803268,0.2741928994655609,0.27435484528541565,0.4869481921195984,0.48632314801216125,-177.76318359375,-178.13294982910156,-8.191555976867676,-8.81925106048584,6.0555620193481445,5.82039213180542,0.6216239333152771,0.6335855722427368,0.47317728187558267,0.5190212331755701,0.8486226201057434,0.8467504978179932,0.7909201263075625,0.7841150634320828,0.35059043765068054,0.3534933924674988,-0.5805185532592502,-0.5642582432181246,0.8442268371582031,0.8533620834350586,0.7813073006968384,0.798498666336537,0.7150121927261353,0.7149394750595093,0.8362424438048148,0.8336641243718061,0.8005499839782715,0.7861068248748779,0.6857934916997818,0.6521838504368367,0.27201417088508606,0.27213162183761597,-0.8859991907292762,-0.8789315638268254,0.7999642491340637,0.7935217022895813,0.6845125897583779,0.6683150266017515
127,5.291666666666667,127,5.291666666666667,0.0,0.07620022573123168,0.06967655849660788,0.5726817251412867,0.5781887515338306,0.06956759163458065,0.06759691872988248,0.06650916684372164,0.06445507899700578,0.1738362227333789,0.17677715173023834,0.10242583973667684,0.10687302779891553,0.08197929189608968,0.08128215804718449,0.5090801119804382,0.5095295011997223,0.5095636248588562,0.5103365778923035,0.5004797875881195,0.4986182153224945,0.22773736715316772,0.22823942452669144,0.27212339639663696,0.27242711186408997,0.486807644367218,0.48667216300964355,-178.76834106445312,-179.14569091796875,-8.753647804260254,-9.621920585632326,6.631321430206299,6.303464889526367,0.6207389831542969,0.6324975490570068,0.46898128627920094,0.5130870155126406,0.8488938808441162,0.8465151786804199,0.7942765900079163,0.7757344637893524,0.36255496740341187,0.35680824518203735,-0.5378728776250351,-0.5434808518960162,0.8292036056518555,0.8347076177597046,0.7510837727713402,0.7502802197423557,0.7150065302848816,0.7145389914512634,0.8366015360201755,0.8275074540688713,0.8009107112884521,0.7887934446334839,0.6890201498204249,0.6513003732000878,0.2719421982765198,0.27160781621932983,-0.8912403920041346,-0.8700079759670194,0.8043087720870972,0.8053808212280273,0.6964741756073441,0.6870587431777693
128,5.333333333333333,128,5.333333333333333,0.0,0.07520199705207684,0.07806672925150744,0.5727153441798056,0.5760300550511698,0.07285894156614027,0.0700222211858456,0.06970253583275719,0.06639431984250634,0.17551318014511347,0.17744834278147764,0.09754540925535174,0.10090211491683873,0.08181818521104355,0.08211866669851883,0.5109013170003891,0.5112849026918411,0.5113662481307983,0.512026309967041,0.5000900030136108,0.49944812059402466,0.22663702070713043,0.2274625599384308,0.2714930772781372,0.27162355184555054,0.488112211227417,0.48629243671894073,-178.51243591308597,-179.4881591796875,-9.54283332824707,-9.691627502441406,7.091888904571533,6.994006633758545,0.6218712329864502,0.6313396692276001,0.47609958730474805,0.5118627723958888,0.8472968339920044,0.8451323509216309,0.7898738050206612,0.7833572152164048,0.3572332262992859,0.3591684103012085,-0.5584937223293417,-0.5444166981529699,0.8050144910812378,0.8036450743675232,0.6968917758261521,0.6927893710551741,0.7147800922393799,0.7140665650367737,0.8393236207386372,0.8329206315179537,0.8015851378440857,0.7894291281700134,0.6893503719950517,0.6617555769197279,0.2728486657142639,0.2755430340766907,-0.8883922992970873,-0.8689615030354428,0.8156498670578003,0.8107391595840454,0.7202797617197982,0.7082759505012491
129,5.375,129,5.375,0.0,0.03132242327038946,0.04529057145435254,0.589889521444286,0.5800492952938804,0.07205424120228926,0.07239660224277604,0.07077371388994606,0.07037813666574545,0.17689733940376376,0.17878458852183682,0.0908023554357399,0.09508538865764919,0.08151189384951932,0.0816106746742858,0.5133846700191498,0.5132355242967606,0.5132541656494141,0.5134327411651611,0.5017327070236206,0.5000342428684235,0.2275806963443756,0.22790545225143433,0.2728452682495117,0.27209508419036865,0.48644833266735077,0.48506899178028107,-177.94093322753906,-179.00608825683594,-8.546165466308594,-8.77692699432373,8.318065643310547,7.962475776672364,0.6211279630661011,0.6304714679718018,0.47232155324210184,0.5127952438265944,0.8421003818511963,0.8464320302009583,0.7914045355895176,0.7991139153574999,0.3580634593963623,0.358673632144928,-0.5683482279085452,-0.5557389678136729,0.7725804448127747,0.7717893123626709,0.6367072869377485,0.6340498989451732,0.7132558822631836,0.7122880220413208,0.8367749103892796,0.8344452924218411,0.8007188439369202,0.7903922200202942,0.6993214536272971,0.675188147174123,0.278627872467041,0.2828308939933777,-0.88259136490392,-0.8539038158628169,0.8279756307601929,0.8315019011497498,0.7599738377961396,0.7660976059556104
130,5.416666666666667,130,5.416666666666667,0.0,0.021752541631834734,0.027714834484439895,0.5819164984855008,0.5747996207997668,0.07062841638569682,0.0726427979344828,0.06942843512637699,0.07192221196965379,0.1753917433865774,0.17394336173248265,0.08530584970127135,0.0848361028745043,0.08178417713860008,0.08157485991676454,0.5141898542642593,0.5142459273338318,0.5141276717185974,0.5143320560455322,0.5023894011974335,0.49941183626651764,0.2289271280169487,0.2285594567656517,0.27248746156692505,0.2717757225036621,0.48624515533447266,0.4862629920244217,-179.12648010253906,-179.1856231689453,-7.819665431976318,-8.287469863891602,8.629151344299316,8.648654937744142,0.6212186813354492,0.62955242395401,0.4679568603387372,0.5136182007466747,0.8418200016021729,0.8473162651062012,0.7876547747398721,0.8015330872666604,0.35563039779663086,0.35598403215408325,-0.577945792300652,-0.5660580760721055,0.7635533809661865,0.7701098918914795,0.6142817757952931,0.6301360461839138,0.7146341800689697,0.7138545513153076,0.8358327192477778,0.8463284469797807,0.7985159754753113,0.7910276651382446,0.6917294771483673,0.6765732027456437,0.2792762815952301,0.28312382102012634,-0.8786328994685744,-0.8536111847034291,0.8329192996025085,0.8442631959915161,0.7679383057540591,0.7947553176255091
131,5.458333333333333,131,5.458333333333333,0.0,0.033691615369550176,0.03117147431197014,0.5685741637245085,0.5815847213491487,0.07240309709542447,0.07603294365005739,0.0723253192651721,0.07569646090687755,0.17160139781034023,0.16677029947245448,0.08070732943398214,0.07767636602674792,0.08203071262652173,0.0821212435252183,0.5145151615142822,0.5149320214986801,0.5143970251083374,0.514363169670105,0.5029143989086151,0.4996515363454819,0.22985200583934784,0.23006989806890488,0.2765469253063202,0.2754177153110504,0.48487378656864166,0.48564279079437256,-176.48968505859375,-177.76686096191406,-9.800849914550781,-8.13277530670166,8.644002914428711,8.843491554260254,0.6219340562820435,0.6283533573150635,0.4710846243305614,0.5084566680397425,0.8411638140678406,0.8472486138343811,0.7932433269589855,0.803576444603744,0.35169851779937744,0.3514074683189392,-0.5985185818646432,-0.5856613707373083,0.7540223598480225,0.7708281874656677,0.5992317865671398,0.6337515949920759,0.7143782377243042,0.7161713242530823,0.836982438585202,0.8553952779750489,0.7977578639984131,0.7904930114746094,0.6966044160005089,0.6774516361806143,0.2828640341758728,0.2841753363609314,-0.8709682559300493,-0.8512724207057186,0.8312715888023376,0.846393346786499,0.7712192985692127,0.8016758323631945
132,5.5,132,5.5,0.0,0.05833635748389713,0.03490478751873915,0.5624074629851974,0.5792353590601329,0.07741205867248642,0.07937037492541335,0.07631922416284503,0.07898268765636023,0.1669345228508201,0.16193932909216543,0.07737790404688354,0.07172189653432816,0.08213480194305406,0.08230794900905565,0.5147148370742798,0.5149666666984558,0.5147501826286316,0.5149745345115662,0.5023140013217926,0.5001688450574875,0.23159366101026535,0.23316039890050888,0.27959737181663513,0.28082942962646484,0.485800102353096,0.48488281667232513,-176.08181762695312,-176.31300354003906,-11.10959053039551,-10.314019203186035,8.408995628356934,8.723790168762207,0.622349202632904,0.6275283098220825,0.47326908904411225,0.5047688652678112,0.8409289717674255,0.847866952419281,0.7876041945230842,0.8092291255349658,0.35422348976135254,0.35081303119659424,-0.5838842334310996,-0.5919478762183947,0.7539925575256348,0.7726255059242249,0.594796764852406,0.6414874422079946,0.7151324152946472,0.7157344222068787,0.8390903319410034,0.8543596816272705,0.7971007227897644,0.7886508107185364,0.6904019794783415,0.6772139164751024,0.28274792432785034,0.28523048758506775,-0.8656946971295939,-0.8518737967721189,0.834083616733551,0.8476628661155701,0.7724225779269153,0.8087741398625319
133,5.541666666666667,133,5.541666666666667,0.0,0.04305163358493903,0.034701132578161945,0.5841583266511505,0.5767360887934787,0.07531985862274798,0.08349366417724906,0.07504409240738687,0.0831802199068171,0.1584998357599567,0.15537377819000917,0.07120570445272777,0.06819437744503948,0.08195479099519733,0.08220215287849023,0.5144408047199249,0.5147114098072052,0.5142881274223328,0.5146254897117615,0.5038302838802338,0.5006411224603653,0.23695234209299088,0.23682312667369843,0.2868725657463074,0.28677642345428467,0.486497163772583,0.48620735108852386,-175.14215087890625,-175.1616668701172,-10.838690757751465,-10.83080005645752,8.270772933959961,8.325653076171875,0.6218058466911316,0.6271597146987915,0.47005580562507465,0.5030582286455045,0.8416216373443604,0.8472120761871338,0.7959036435716007,0.8074196591135773,0.3542180061340332,0.36440563201904297,-0.5961075164364162,-0.5416941754371492,0.771400511264801,0.7649295330047607,0.63852431811904,0.6233873228355342,0.7148897051811218,0.7163163423538208,0.8409343761586753,0.8575592896091256,0.7980551719665527,0.7901492714881897,0.6982626441130695,0.6797935447864009,0.2832704782485962,0.28152191638946533,-0.8787872221543868,-0.8712531314014832,0.8287464380264282,0.839300274848938,0.7670477949566458,0.7897242011449441
134,5.583333333333333,134,5.583333333333333,0.0,0.04192430874886279,0.046561977827805814,0.5629084300952281,0.5753640972440377,0.07991286021238203,0.08367805643737644,0.0791097405702186,0.0836189476132666,0.1589689424061467,0.15106990005792725,0.07130054819591719,0.06871639859788557,0.08282737884909583,0.08225844423058708,0.5142743587493896,0.5142086446285248,0.513381838798523,0.5137532353401184,0.5046681463718414,0.5002149194478989,0.24021147191524506,0.2404930219054222,0.29149800539016724,0.291008859872818,0.48728252947330475,0.48515333235263824,-174.2759246826172,-174.9483642578125,-9.802396774291992,-10.3680419921875,8.359208106994629,8.060690879821777,0.6226592063903809,0.6277939677238464,0.47305293157824685,0.5052287686705388,0.8407074213027954,0.8479262590408325,0.7970403278421906,0.808101865965903,0.3549051880836487,0.3503580689430237,-0.6004336807291043,-0.5934516135726421,0.7779102921485901,0.7836834788322449,0.6554208619649439,0.6649966154298891,0.7158980965614319,0.7155928015708923,0.8468687980141238,0.8529229811191756,0.7968714237213135,0.7902018427848816,0.698181818746317,0.6795167234248776,0.28467899560928345,0.283579558134079,-0.8819864205583495,-0.857902753831039,0.8223132491111755,0.827409565448761,0.7555579722613406,0.76239950739532
135,5.625,135,5.625,0.0,0.06649897679977748,0.07272104809433337,0.5928099300207368,0.5880100805224646,0.0770766528553574,0.08084931782522597,0.07694303234138748,0.08033713716249734,0.15508527039053166,0.1520987489247165,0.0700100409830825,0.07090042360605187,0.08337121376551607,0.08226357304455179,0.513517826795578,0.5134826451539993,0.5131617784500122,0.5132569670677185,0.5039626061916351,0.5011612325906754,0.24266713857650757,0.24300427734851837,0.293986052274704,0.29424628615379333,0.4885454624891281,0.4865811616182327,-174.86962890625,-174.77029418945312,-10.465359687805176,-11.23173713684082,8.259702682495117,7.767422199249268,0.6225640177726746,0.627848207950592,0.47272950382905843,0.49840177795493196,0.8430099487304688,0.8483549356460571,0.7947272540062432,0.800584583145831,0.34781575202941895,0.33659663796424866,-0.6223806606394008,-0.6474168817846315,0.7911033630371094,0.808008074760437,0.6783500712019928,0.7112992973614815,0.7163151502609253,0.7139721512794495,0.846409089542086,0.8372237157085539,0.7970641851425171,0.7888988256454468,0.6917145349700922,0.6690116266256319,0.28280898928642273,0.28323113918304443,-0.8814889991268557,-0.8573631639374792,0.8143594264984131,0.8161875009536743,0.7304913382992358,0.729399897734966
136,5.666666666666667,136,5.666666666666667,0.0,0.05460289885553641,0.05627649004851931,0.5800780911324261,0.5809477135214127,0.06627382437755092,0.06311998376677096,0.06750584461460399,0.06419128653866459,0.16959694460068486,0.17219565827768674,0.08827409806444952,0.09232787092176442,0.0821375083208357,0.08094065726579197,0.5128916651010513,0.5127371251583099,0.5126148462295532,0.5125800967216492,0.5045413672924042,0.501412034034729,0.24501968175172806,0.24554874747991562,0.29655978083610535,0.2965543270111084,0.48860642313957214,0.48776811361312866,-173.80345153808594,-174.06625366210938,-10.992847442626953,-11.724977493286133,7.591263294219971,7.434640407562257,0.6223395466804504,0.6276224851608276,0.47011713237607355,0.4980082322108652,0.8446274399757385,0.8496930599212646,0.7992187481860127,0.8033082887855533,0.3468458652496338,0.3375226855278015,-0.6293421307025349,-0.6466837254751544,0.7901226282119751,0.8046004176139832,0.6768628608424425,0.7032231918664769,0.7171415090560913,0.7138904333114624,0.8484593693035766,0.8384091100433366,0.796883225440979,0.787050187587738,0.6920394818811965,0.6642696867434207,0.2815539836883545,0.2834025025367737,-0.8899134934051206,-0.8602341598315129,0.8106076717376709,0.8118606805801392,0.7228489966853067,0.7193376638833089
137,5.708333333333333,137,5.708333333333333,0.0,0.07814196841189643,0.0859799050280429,0.579665602966665,0.5772904192431219,0.0532948868077681,0.054646424392736676,0.05390715043194448,0.054636698025653276,0.17781949273659936,0.17878510162036682,0.10262597331550558,0.10471404221778809,0.08215485824314989,0.08149759413755275,0.511937141418457,0.511715367436409,0.512983500957489,0.5128874778747559,0.5048167258501053,0.5018336474895477,0.24398931860923767,0.24531672149896622,0.2914440929889679,0.29246002435684204,0.4897289574146271,0.4855106323957443,-176.44081115722656,-176.62811279296875,-10.784229278564453,-11.747464179992678,6.99551248550415,6.952408313751221,0.6227806806564331,0.6280592083930969,0.4693828606750003,0.501736002516646,0.8436293005943298,0.8515721559524536,0.7921025546185435,0.8184733928433213,0.3557976484298706,0.34683719277381897,-0.5929523214908949,-0.6160978888637716,0.7790095210075378,0.7931146621704102,0.6474700514971936,0.6877688522294146,0.7176394462585449,0.7143268585205078,0.8468293343162023,0.8446426658865587,0.7981719374656677,0.787588894367218,0.6903595239762914,0.675413841853017,0.28371337056159973,0.2841074764728546,-0.879778281260138,-0.8654432422973658,0.8257724046707153,0.8240407705307007,0.7521351085528859,0.7569162365028287
138,5.75,138,5.75,0.0,0.0946118764435076,0.0785162098277472,0.5911907495326794,0.5846495900805845,0.05605906397917986,0.05340978108359998,0.05546308573865243,0.053615811346401095,0.1691584544647745,0.17019716987430178,0.0996061311264336,0.10623258604070311,0.08161182273350054,0.08110286093032966,0.5107384026050568,0.5109036266803741,0.512161135673523,0.5118269920349121,0.5038636177778244,0.5025215595960617,0.23998403549194336,0.2406405806541443,0.2876530885696411,0.2885318696498871,0.4902515113353729,0.4851105809211731,-175.89218139648438,-175.54908752441406,-10.95059871673584,-10.44432258605957,6.117419719696045,5.769510746002197,0.6226493716239929,0.6280711889266968,0.47050000077801296,0.4979151379978526,0.8437983989715576,0.8507522344589233,0.78770720061988,0.8156767557513281,0.3549606502056122,0.34400802850723267,-0.5897916550607812,-0.6286461149062317,0.7807398438453674,0.7969187498092651,0.6472118952710177,0.695584524231845,0.7171674370765686,0.7136237621307373,0.8448778064411755,0.8372066318881257,0.7994463443756104,0.7895755767822266,0.688890228983957,0.679203306463949,0.28315019607543945,0.28602391481399536,-0.8742265946905855,-0.858604324461906,0.8258804082870483,0.8208651542663574,0.7477856774035535,0.7490043830211379
139,5.791666666666667,139,5.791666666666667,0.0,0.09916128444723388,0.09986850455253916,0.5991419711116206,0.6019341491444561,0.06066634894691321,0.059127292720378435,0.059834064075031175,0.05938762619268979,0.1575260535430839,0.15934508199164346,0.09345792943427252,0.10051742185140218,0.08130671050076024,0.08076127482808527,0.5096431225538254,0.5094980299472809,0.5110276341438293,0.5108484625816345,0.5026697665452957,0.501477062702179,0.23573873192071915,0.23681730031967163,0.28482770919799805,0.2847842276096344,0.48955492675304413,0.4857860207557678,-174.35342407226562,-175.01144409179688,-11.111563682556152,-10.765409469604492,5.430727005004883,5.239132404327393,0.6222212910652161,0.6282199621200562,0.4717554029290593,0.49990679498201746,0.845418393611908,0.8487023711204529,0.7898919654250511,0.8051827526018566,0.35365378856658936,0.34768325090408325,-0.5880233900530378,-0.6066025938902361,0.7841581702232361,0.7978487610816956,0.6539157757869986,0.6923566160290567,0.7165608406066895,0.7132569551467896,0.8440232797696262,0.8353147021243588,0.799352765083313,0.7905051708221436,0.6876424420947361,0.6760637920402105,0.28206467628479004,0.28653085231781006,-0.870517073387093,-0.8478034794872614,0.820410430431366,0.8169455528259277,0.7343830665703397,0.7347256284117557
140,5.833333333333333,140,5.833333333333333,0.0,0.09705241670719807,0.11279506342427124,0.6016852918234755,0.597024817969748,0.06935637516258117,0.071128837532253,0.06971917068830717,0.07177108556253806,0.142956964451948,0.14257854974796907,0.08736873545154551,0.09259222858241759,0.0817512653726995,0.08133056658650899,0.5080722272396088,0.5076716542243958,0.5095197558403015,0.5091845989227295,0.5030423998832703,0.5003091394901276,0.2326866164803505,0.23342429846525192,0.28076881170272827,0.2810485363006592,0.48904895782470703,0.48501840233802795,-175.32106018066406,-175.32379150390625,-10.065544128417969,-10.268648147583008,4.856013298034668,4.321827411651611,0.6228017807006836,0.6286896467208862,0.47102668768369405,0.5048084490080814,0.8478018641471863,0.8453746438026428,0.7936955168341235,0.797043644617719,0.35208526253700256,0.3638080954551697,-0.593730861842316,-0.5367394304137905,0.8057194948196411,0.7972482442855835,0.7005935871092477,0.690596644511653,0.7161341905593872,0.7128206491470337,0.8381132204397979,0.8356222287970994,0.7992792129516602,0.785956859588623,0.6863452764874243,0.665622118262106,0.2818700969219208,0.2808897793292999,-0.8698947553018006,-0.8627847737510332,0.8138189315795898,0.810008704662323,0.7185125684804378,0.7188205037803016
141,5.875,141,5.875,0.0,0.09951522469380647,0.11305419741601104,0.6109482058643052,0.6009586268091786,0.07385458267091223,0.0750077477484639,0.07477214425468544,0.07467787003038273,0.1281605410228663,0.13063684765032466,0.08277162996722284,0.08602295652287896,0.08263713275100906,0.08230927256873699,0.5053283125162125,0.5053505897521973,0.5071812272071838,0.5071164965629578,0.5030006766319275,0.5011283457279205,0.22938098013401031,0.23002666980028152,0.2768397331237793,0.2776092290878296,0.4895467460155487,0.4880445748567581,-176.07565307617188,-175.75643920898438,-9.039923667907715,-9.351722717285156,3.8458302021026607,3.5807392597198486,0.6226809024810791,0.6299742460250854,0.46867926237276175,0.5006883577895224,0.8488947749137878,0.8485326766967773,0.7915732900514378,0.7879712109921395,0.34074363112449646,0.3454802334308624,-0.6354141786050572,-0.6048403368622196,0.8225179314613342,0.8349495530128479,0.7334702727151634,0.7582806043850127,0.7147586345672607,0.7136815786361694,0.829264507336304,0.8259706275654524,0.7962880730628967,0.7869986295700073,0.6756910346497887,0.6534673053590865,0.2787964642047882,0.280922532081604,-0.8780052356657757,-0.8557081517998895,0.7973296046257019,0.8038060665130615,0.6779853245847853,0.6902057618409869
142,5.916666666666667,142,5.916666666666667,0.0,0.09047852276233126,0.09818283715073867,0.6010551713552373,0.5996496544672103,0.07623086121211835,0.07744514707349993,0.07638903505857121,0.07740398904247613,0.1230841606389937,0.12164665093376692,0.08281957653071263,0.08327028454124827,0.08212434783370919,0.08158320967474175,0.5039315223693848,0.5037952214479446,0.5056520104408264,0.5058257579803467,0.5025895833969116,0.5006027519702911,0.22850215435028076,0.22877785563468933,0.2759779691696167,0.2765626907348633,0.4894377589225769,0.4883435517549515,-175.93792724609375,-175.62217712402344,-9.069665908813477,-10.204015731811523,3.31601619720459,2.8347370624542236,0.6219048500061035,0.6297352910041809,0.46765815688038886,0.5026392408029752,0.8498507738113403,0.8494914770126343,0.7946126779483648,0.7907302464897418,0.3358325958251953,0.3310690224170685,-0.6536067652612266,-0.6598980067352734,0.8337135910987854,0.8403883576393127,0.7590345788230518,0.7707990456646058,0.7150402665138245,0.7134395837783813,0.832703959166118,0.828452258085415,0.7972788214683533,0.7857989072799683,0.678705820785818,0.6512759181052132,0.27382946014404297,0.2796648144721985,-0.8966290789809577,-0.8599852368694754,0.792201042175293,0.8008717894554138,0.66751069842506,0.6842778627499093
143,5.958333333333333,143,5.958333333333333,0.0,0.09307896890148365,0.09286136052893822,0.6107202271320007,0.5998996770094707,0.07624754984993776,0.08039731310476046,0.07564029929113966,0.08036715772654604,0.11970436868374956,0.11580849682743183,0.08283652322416833,0.08292072753704659,0.08231841863045178,0.08190024013147147,0.5029129981994629,0.5026081800460815,0.5045150518417358,0.5046059489250183,0.5015728920698166,0.5013350397348404,0.22838952392339706,0.22877237200737,0.27550220489501953,0.27624639868736267,0.49074020981788635,0.4872454106807709,-176.31602478027344,-175.94024658203125,-8.025296211242676,-9.307769775390625,3.0291054248809814,2.368250846862793,0.6216852068901062,0.6306464076042175,0.4664828414568999,0.503388878205514,0.8507646918296814,0.8499455451965332,0.7865071914814128,0.7942132967622124,0.33412861824035645,0.32979530096054077,-0.6503070127198923,-0.6677773044399978,0.8387852907180786,0.8537693023681641,0.7603370680740625,0.80258627074347,0.7150427103042603,0.7138732671737671,0.8290574328226165,0.8273779919669878,0.7977946996688843,0.7844693660736084,0.6707892838147445,0.6508385165183652,0.2744057774543762,0.2795844078063965,-0.8822539243367848,-0.8632404380764278,0.7893218398094177,0.7970340251922607,0.6522795281041139,0.6783516558631884
144,6.0,144,6.0,0.0,0.08676690659080692,0.0877938494115106,0.605738886140339,0.6031250086482958,0.0779608896304526,0.0796722713952072,0.07777445139515111,0.079509364549447,0.11292748695241514,0.11255766562768796,0.08189697572091036,0.08336692047581482,0.08220504564567742,0.08165614485019532,0.5019188076257706,0.5016538053750992,0.5035495162010193,0.503384530544281,0.5013619214296341,0.5008433163166046,0.2279026135802269,0.22883804142475128,0.27584418654441833,0.27640748023986816,0.4909922927618027,0.48739971220493317,-175.41053771972656,-175.84291076660156,-7.790881633758545,-8.37186050415039,2.3682446479797363,2.0440289974212646,0.6205381155014038,0.6316068172454834,0.4646699836655823,0.5088615968354285,0.8499958515167236,0.8490619659423828,0.7873655114893748,0.7916602663404468,0.33158865571022034,0.33309367299079895,-0.661948816398556,-0.6527918781997922,0.8447529077529907,0.8519785404205322,0.7758667031974501,0.7980444994317157,0.7143001556396484,0.715010941028595,0.8302497540117662,0.833425831575651,0.797120213508606,0.7825620174407959,0.6713988232760983,0.6460952636387537,0.2760928273200989,0.2805735766887665,-0.8783279840032558,-0.8571719986489877,0.7874695062637329,0.7897744178771973,0.6502329215439626,0.6618828411131242
145,6.041666666666667,145,6.041666666666667,0.0,0.07696786820424595,0.08543185409606728,0.6008541157659951,0.6026362693257447,0.07842827057933781,0.07884716017502044,0.07819687757995276,0.07903829408136452,0.10815439467847235,0.11030045331719375,0.08017398034736689,0.08548550428879922,0.08271629655112075,0.08167162178466715,0.5008959323167801,0.5008980184793472,0.5027201771736145,0.5027406811714172,0.500837430357933,0.5002695322036743,0.22815929353237152,0.2288256287574768,0.27632859349250793,0.27680495381355286,0.49077656865119934,0.48667362332344055,-175.38890075683594,-175.40539550781253,-7.411753654479981,-8.11436939239502,2.0393049716949467,1.5949449539184573,0.6220949292182922,0.6311874985694885,0.46967733036355547,0.5083310637906161,0.8510841131210327,0.8488743305206299,0.7850311241997456,0.7910778420812514,0.3279544711112976,0.33888930082321167,-0.6696427645915783,-0.6266105941730205,0.8477374315261841,0.8593493700027466,0.7777394389295733,0.8139562392366646,0.7156855463981628,0.7145822048187256,0.8321900956543908,0.8321378026130595,0.7976270914077759,0.7819357514381409,0.6685599969751482,0.6448781642773879,0.276151180267334,0.2802447974681854,-0.8702970051648493,-0.8543167188819448,0.7844272255897522,0.7821574807167053,0.639800384079292,0.6453624403037114
146,6.083333333333333,146,6.083333333333333,0.0,0.07046620576842047,0.08729855814444262,0.5931082354269136,0.5989896325019409,0.08133257857554399,0.08284048766910376,0.08089923619095438,0.08199369184180484,0.10816371600493463,0.10767211917947893,0.08486117062719409,0.08547805235117857,0.0822196465660549,0.08152635799640673,0.5002501755952835,0.500245675444603,0.5021160840988159,0.5024771690368652,0.5008371472358704,0.5001069456338882,0.22823625057935715,0.22873461246490479,0.2763553559780121,0.2768044173717499,0.49131475389003754,0.485724613070488,-175.40908813476562,-175.50479125976562,-7.0424957275390625,-8.532930374145508,1.554295539855957,1.1418647766113281,0.6214710474014282,0.6305180788040161,0.46737447076063754,0.5088594798803598,0.8508161902427673,0.8486754894256592,0.7834635102063341,0.7966243501760079,0.33098405599594116,0.33164650201797485,-0.6580654237023944,-0.657326499931404,0.8514454960823059,0.8541828393936157,0.7848349599758824,0.8087121818227402,0.715793788433075,0.7137266993522644,0.8328110612203479,0.8335364790327807,0.797815203666687,0.7804782390594482,0.6679581608854137,0.6469413109660125,0.27534276247024536,0.28061622381210327,-0.8736376639957091,-0.8564447822034729,0.7869788408279419,0.7793275117874146,0.6443424141622692,0.6444156320793286
147,6.125,147,6.125,0.0,0.06238122023436738,0.0772522961859639,0.5890167118634214,0.600632473762092,0.08117544882570976,0.08461660510800413,0.08070060936390794,0.08362768021845145,0.10885674357555547,0.10487400897084162,0.08509765462350023,0.08355275917564277,0.0825733789830684,0.08172191049914942,0.49999864399433136,0.49973227083683014,0.5018112659454346,0.5019979476928711,0.5006434172391891,0.49997472763061523,0.2287449911236763,0.22893577814102173,0.2762683629989624,0.2763110101222992,0.4912540018558502,0.4867229163646698,-175.93087768554688,-176.13525390625,-6.485563278198242,-7.6418418884277335,1.7102360725402832,1.1067755222320557,0.621515154838562,0.6300431489944458,0.46826435602844696,0.5069221646373784,0.8503335118293762,0.8484424352645874,0.7824912431776787,0.7929830105508722,0.3316059112548828,0.3352181613445282,-0.6548614296151778,-0.642114006952881,0.8526000380516052,0.8561341166496277,0.7874303635453587,0.8098451712643916,0.7156932950019836,0.7134952545166016,0.8331161156825604,0.8321642297848065,0.7962648272514343,0.7804144620895386,0.6646669980251363,0.6438480478203982,0.275617778301239,0.27933424711227417,-0.8717628123823361,-0.8599131812181072,0.7865782976150513,0.7828467488288879,0.6435585125595924,0.6491802512551426
148,6.166666666666667,148,6.166666666666667,0.0,0.055343744099261696,0.0768077354963792,0.5872787374605327,0.6004384739731129,0.08019479658516249,0.08457462693511658,0.08107123877778218,0.08369750997831278,0.10584306325864119,0.10302055402000633,0.08393077921604189,0.07923096980517658,0.08239535055052927,0.08227726936890756,0.49946196377277374,0.49937716126441956,0.5014751553535461,0.501469612121582,0.500525638461113,0.49998025596141815,0.22868114709854126,0.22929345816373825,0.2758563756942749,0.2764263153076172,0.49090977013111115,0.4870730936527252,-176.18539428710938,-176.35165405273438,-6.806726932525635,-7.0366129875183105,1.6363916397094727,1.498044729232788,0.6219105124473572,0.6300861239433289,0.4704175285038849,0.507816667099206,0.8504799604415894,0.8485519289970398,0.7838358645175267,0.7936252329299102,0.3299408257007599,0.3330978751182556,-0.661088020144232,-0.6513592027158822,0.8516654968261719,0.8552685976028442,0.786420244318655,0.8083716500520003,0.7157568335533142,0.7134508490562439,0.8341115620689663,0.8331978164441988,0.7959946393966675,0.7798820734024048,0.6650619787071246,0.6428608594372128,0.2746109366416931,0.2788779139518738,-0.8755146518060151,-0.8629853222510024,0.783905029296875,0.7798798084259033,0.6387075415496166,0.6428558866910163
149,6.208333333333333,149,6.208333333333333,0.0,0.057881413409845414,0.07107587771959037,0.5924630751039665,0.5968196991064599,0.08134868243509474,0.0849614626556079,0.08242263267072569,0.08453773879185059,0.10427319396359654,0.10219667906614438,0.0828909784188475,0.07818252030330886,0.08203378687445904,0.08221987414122776,0.4988325238227844,0.4990076869726181,0.5006884336471558,0.5011724233627319,0.5002917945384979,0.4998587816953659,0.22907894849777222,0.22941627353429794,0.27609869837760925,0.27616867423057556,0.4916364848613739,0.4875588119029999,-176.24954223632812,-176.67904663085938,-6.507111072540283,-7.151622295379639,1.6248795986175537,1.5512348413467407,0.6220015287399292,0.6290220022201538,0.4715523388263517,0.5042151643656428,0.8504694700241089,0.8479485511779785,0.7820229060794458,0.7913561509486382,0.3289293944835663,0.3321956992149353,-0.6639266864149449,-0.6545072842519964,0.851912260055542,0.8553098440170288,0.7851672514988952,0.8075203302586152,0.7152208089828491,0.7144007086753845,0.832721228978616,0.8375084837311854,0.7953463792800903,0.7802252173423767,0.6618903614189581,0.6426469315869303,0.27458620071411133,0.2777697443962097,-0.8744740209352003,-0.866970179209112,0.7836641669273376,0.7781259417533875,0.6364307241189098,0.6380372702430056
150,6.25,150,6.25,0.0,0.04690624720322901,0.05620064433136763,0.5869133028035506,0.5898609108451603,0.08031832640318542,0.08446905275707757,0.08131701808056124,0.0841510624588915,0.10404741772150988,0.10290378173016304,0.08408646664950785,0.08033360858185892,0.08226891091702543,0.08216504590865624,0.4985659122467041,0.49860887229442596,0.500271737575531,0.5007644295692444,0.5004369616508484,0.49936650693416595,0.22919045388698578,0.229362353682518,0.2762817442417145,0.2767256200313568,0.491851806640625,0.48822081089019775,-176.53726196289062,-176.21881103515625,-5.909339904785157,-6.921035289764404,1.4862879514694214,1.3576120138168335,0.6222943067550659,0.6289235353469849,0.47212247946299307,0.5043994498679004,0.850139856338501,0.8483091592788696,0.7808323844604262,0.7885790255388236,0.3295486569404602,0.33103978633880615,-0.6620873781723607,-0.655340017492764,0.851797342300415,0.8566536903381348,0.7844446141090076,0.806853213528353,0.7153483033180237,0.7144460678100586,0.8326496478800565,0.8373610718976308,0.7945718765258789,0.7805544137954712,0.6597307227853404,0.6401988532616075,0.27499866485595703,0.2772429287433624,-0.873435143016541,-0.864785276528041,0.7839206457138062,0.7787044644355774,0.6365180424867867,0.636147538438317
151,6.291666666666667,151,6.291666666666667,0.0,0.028635530863429313,0.03275774714078858,0.5804956781804729,0.5839543040585498,0.07941222636523397,0.08174499331644633,0.08052600993093652,0.08158988360558411,0.1046437396789357,0.10648880222153209,0.08494852679141364,0.08306320277423271,0.08234348846123721,0.08247581664634362,0.49835188686847687,0.4981714189052582,0.49969443678855896,0.5000467300415039,0.5004127323627472,0.49970152974128723,0.22929678857326508,0.22953389585018158,0.2784719467163086,0.2783462107181549,0.49107158184051514,0.48756760358810425,-174.2362518310547,-174.65098571777344,-5.1496992111206055,-6.044117450714111,1.4646596908569336,1.3847463130950928,0.6225382089614868,0.6294271349906921,0.4737114743158785,0.5043933892401347,0.8500327467918396,0.8485743999481201,0.7832089209923135,0.7895535401637109,0.3300016522407532,0.3294799029827118,-0.6610060918704672,-0.6618482378837922,0.8519095778465271,0.8556072115898132,0.7873039345167598,0.8049349163178203,0.7160518169403076,0.7142592072486877,0.8364406143608597,0.8342337192213332,0.79481440782547,0.7810431122779846,0.662729326252023,0.6418566884994663,0.27533283829689026,0.2768520712852478,-0.873060490131174,-0.8664734569930708,0.7832539081573486,0.7790480852127075,0.6375057439950702,0.6374933892541493
152,6.333333333333333,152,6.333333333333333,0.0,0.021483031262043605,0.01959043452012868,0.5672891817844256,0.5680812971758659,0.07912196374830999,0.08043796760038528,0.08053511092360074,0.08063155730925302,0.10514277027882932,0.10786420319568613,0.08618364916261978,0.08700846223591387,0.08187677551337293,0.08204006175612635,0.4978626072406769,0.4977532774209976,0.4990047514438629,0.49916666746139526,0.5005038529634476,0.4993925094604492,0.22920619696378708,0.22939936071634293,0.27882683277130127,0.27941909432411194,0.4909311532974243,0.4876614660024643,-173.07493591308594,-173.0030059814453,-4.714082717895508,-5.012609958648682,1.3839772939682007,1.1801345348358154,0.6223393678665161,0.6298002600669861,0.4727091761855448,0.5066101718032248,0.849912166595459,0.8478724360466003,0.7834551427678733,0.7871363402176821,0.33024561405181885,0.3285900950431824,-0.6605843289516122,-0.6635360253503193,0.8523349165916443,0.8553798198699951,0.7887426534546191,0.8035415447194559,0.7159535884857178,0.7142804861068726,0.8359226541550964,0.8348003417048044,0.7947888970375061,0.7799479365348816,0.6631518191335858,0.638707096238186,0.27499091625213623,0.27613574266433716,-0.8749668322639643,-0.8673115551549229,0.7831643223762512,0.7789238095283508,0.6377818623295246,0.6364691644402178
153,6.375,153,6.375,0.0,0.029748133963372284,0.031328797182825364,0.566711707081594,0.5413799577833323,0.0773805592794557,0.08349051436958808,0.07828294399024675,0.08358075847553113,0.10470970669679316,0.10451432744359697,0.08710901756677607,0.08447619211637829,0.08161415778766705,0.08178637608458458,0.497159406542778,0.497385635972023,0.4984738230705261,0.4987909495830536,0.500560075044632,0.4991849660873413,0.22868579626083374,0.2288132905960083,0.27695780992507935,0.2762410640716553,0.4906037151813507,0.4873417913913727,-174.239501953125,-175.1754608154297,-5.017457962036133,-5.26222038269043,1.165941834449768,1.1777223348617554,0.6225249767303467,0.6298475861549377,0.47320593711301917,0.5065534806275364,0.8498973250389099,0.8483431935310364,0.7841286729897373,0.7872367447342524,0.32982373237609863,0.32885926961898804,-0.662431977684084,-0.6603194880197442,0.8519933223724365,0.8550207614898682,0.788703014315707,0.8017985354405909,0.7160127758979797,0.7143985033035278,0.8359248915196792,0.8343408872302167,0.7946188449859619,0.7806817889213562,0.6634879490258685,0.6396873346949405,0.2750343084335327,0.27581050992012024,-0.8750069098349217,-0.8659791774897196,0.7821012735366821,0.7797591686248779,0.6361693816473135,0.6376753740916842
154,6.416666666666667,154,6.416666666666667,0.0,0.051806295656434485,0.04204415659770177,0.5165905276511853,0.5165020194289779,0.05863973949063501,0.05751461575043503,0.057930692809881244,0.0576380585365967,0.1253175917797197,0.13234194229311472,0.11217712457476572,0.1147102320586178,0.08102537251973674,0.08119008751385191,0.4970204830169678,0.4972691833972931,0.4983518719673157,0.4977901875972748,0.500942200422287,0.5000709742307663,0.2282966896891594,0.22924908250570297,0.27273857593536377,0.27180686593055725,0.4901842623949051,0.48601721227169037,-177.1781463623047,-178.91630554199222,-4.806590557098389,-3.6197755336761475,0.5490944385528564,1.3920401334762573,0.6227515339851379,0.6302165985107422,0.47160496402749097,0.5037687835340552,0.8500213623046875,0.8480532169342041,0.7836574476455906,0.788271766751894,0.3297707438468933,0.3288571536540985,-0.6627185804207629,-0.6627359052085826,0.8519308567047119,0.8552244901657104,0.7878159668983077,0.8038859933681932,0.7161951065063477,0.7144606113433838,0.8333871967061305,0.8298612211363303,0.7953622341156006,0.7801223993301392,0.664620158555799,0.6403639760348525,0.2751067280769348,0.27591508626937866,-0.8743593507685266,-0.8676645075471694,0.7828950881958008,0.7794010043144226,0.6374690622586552,0.6387932611991969
155,6.458333333333333,155,6.458333333333333,0.0,0.05284756071564522,0.05205846325876942,0.4898926576263915,0.49584778276228714,0.048133175335037706,0.047911623021589696,0.04812340310056076,0.04825093448965028,0.14077253471979223,0.14819155374682869,0.13155233052321894,0.1364294753945144,0.08087721070606103,0.08055965786408524,0.49673597514629364,0.4972100704908371,0.4981515407562256,0.4973333775997162,0.5010339766740799,0.5004826784133911,0.2281799539923668,0.22896160185337067,0.26851969957351685,0.26822397112846375,0.4904988557100296,0.4850059300661087,-179.7591552734375,-180.5796356201172,-4.544342517852783,-2.219252824783325,0.39862290024757385,1.0207586288452148,0.6229895353317261,0.6305077075958252,0.47053163307232065,0.5030677762331817,0.8501365780830383,0.8478370308876038,0.7805037446461184,0.7896353329411963,0.33010080456733704,0.32851898670196533,-0.6594981442658098,-0.6653287642084412,0.8527368903160095,0.8553659319877625,0.7861470721082419,0.806020605078686,0.7160059809684753,0.7144120335578918,0.8294097403909518,0.8276942188764511,0.7960026264190674,0.7797232866287231,0.6630195394091642,0.6413982633957338,0.27542564272880554,0.275631844997406,-0.8704470626385821,-0.8699494971237327,0.7836093306541443,0.7800354957580566,0.6361229900449774,0.642077729293862
156,6.5,156,6.5,0.0,0.055633545701174195,0.055235339624154424,0.4723394106803561,0.4802282775923735,0.04692471061596509,0.04454315786644471,0.04654668604758828,0.04391427326255964,0.12865683884256987,0.1395996838600299,0.12830488514140218,0.13572849768276776,0.07951947826352246,0.08004105211014027,0.4955878257751465,0.49608874320983887,0.4970340430736542,0.49744516611099243,0.5011308193206787,0.5004477649927139,0.22423474490642548,0.22535411268472672,0.26338621973991394,0.2627558410167694,0.49047383666038513,0.48463109135627747,-179.4434814453125,-181.01295471191406,-4.088714599609375,-4.001059532165527,-0.6646772027015686,-0.47902369499206543,0.6228985786437988,0.6301758885383606,0.47089465994465,0.49997331666124023,0.8501989841461182,0.8485684990882874,0.7825007762030178,0.7889725886189494,0.33018991351127625,0.3285800814628601,-0.6610547829672132,-0.6623795474161006,0.8525809645652771,0.8559386730194092,0.7876822363814897,0.8049502404938864,0.7156168222427368,0.7146921753883362,0.8294503731554891,0.8256998213956337,0.7957717776298523,0.780789852142334,0.6641066865953984,0.6420366227140208,0.27559927105903625,0.27518191933631897,-0.8721651964018031,-0.8681765287670831,0.7831792831420898,0.780610203742981,0.6367145601903431,0.6416471665612112
157,6.541666666666667,157,6.541666666666667,0.0,0.09436358511024961,0.0817250611388616,0.48349713196897803,0.48219007764011146,0.05154561040805055,0.05080153250857965,0.05004342989106207,0.049288219354011426,0.11775605065082292,0.12539721787173524,0.11937455514792411,0.12328737458842128,0.0800020268252888,0.08018223583196983,0.49385304749011993,0.49463656544685364,0.49576613306999207,0.49536705017089844,0.5012313425540924,0.5000351369380951,0.2203238159418106,0.22093098610639572,0.2576054632663727,0.2576134204864502,0.49029412865638733,0.48361141979694366,-181.12205505371094,-181.57453918457028,-6.492093563079834,-2.727503299713135,-1.0340394973754883,-0.4015397429466248,0.6226892471313477,0.6296603679656982,0.470306785031029,0.49976119906399874,0.8504830002784729,0.8485319018363953,0.7845276915360683,0.7913958310775925,0.3288286328315735,0.3293713331222534,-0.6675742054207924,-0.6579826053591811,0.8519737124443054,0.8568190336227417,0.7877746129885232,0.8093679698587644,0.715442419052124,0.71420818567276,0.8294636981963133,0.8257295188159444,0.7959010601043701,0.780308187007904,0.6656427206275917,0.6434404102304354,0.2750549912452698,0.27576324343681335,-0.8757953877463871,-0.864664923055655,0.7819092869758606,0.7810330986976624,0.635167227524287,0.6450125118728752
158,6.583333333333333,158,6.583333333333333,0.0,0.15903058879325097,0.14383730602481268,0.538611650191967,0.5298785323168019,0.05740631572033551,0.05802221574273156,0.05584803004906726,0.05619575518837765,0.1064993251101852,0.11041504673749988,0.11087613145670873,0.11110698324074095,0.08110333681924096,0.08140398584105571,0.4928950220346451,0.492829367518425,0.49409180879592896,0.49414175748825073,0.500991478562355,0.49925535917282104,0.2178947478532791,0.21893714368343353,0.2560383677482605,0.25529298186302185,0.49087707698345184,0.48417335748672485,-181.33546447753906,-182.47828674316406,-3.138394355773926,-4.2409892082214355,-1.0761271715164185,-0.8136647939682007,0.622524082660675,0.6293127536773682,0.4719753018006175,0.5028343849357649,0.8501483201980591,0.8483152389526367,0.7848225134332345,0.7919232203425199,0.32939183712005615,0.3290312886238098,-0.6664120559211019,-0.6581287910760178,0.8514626622200012,0.8570330739021301,0.7876936733956682,0.8108824674904306,0.7158138751983643,0.7141424417495728,0.8342688469325242,0.8308071556388446,0.7962883114814758,0.7787144184112549,0.6671661515260977,0.6405577533445342,0.2749868631362915,0.2757590115070343,-0.8776953095463487,-0.8640927256926297,0.7813876867294312,0.7811596393585205,0.634615965585834,0.6458755356309666
159,6.625,159,6.625,0.0,0.1227543424235417,0.10724391879849926,0.5661486092836615,0.5574102236458025,0.06454816580289185,0.06161201165657817,0.06368844832192372,0.06074427704608485,0.10074255583260897,0.10663484753336586,0.1073944869629838,0.10883797163487574,0.0817584239407949,0.08195388362116662,0.4921165555715561,0.49217042326927185,0.4922563433647156,0.4926728308200836,0.5004611015319824,0.49885204434394836,0.21774321049451828,0.21879538148641586,0.2555909752845764,0.2557796239852905,0.49052631855010986,0.4845849275588989,-182.1577911376953,-182.5621795654297,0.4479039013385773,-1.1352808475494385,-1.0002237558364868,-0.7505987882614136,0.6226334571838379,0.6293840408325195,0.4746507166804895,0.5051373739133745,0.8502895832061768,0.8481833338737488,0.7862135701847561,0.7914746678937226,0.32897254824638367,0.32894909381866455,-0.6662486311671078,-0.6574964955507311,0.8509737849235535,0.8566392660140991,0.7877087997642952,0.8098813934631418,0.7155346870422363,0.7139407992362976,0.8355804466305563,0.8323581323153337,0.7954063415527344,0.7778257727622986,0.6662737275081645,0.6383215562536316,0.2749755382537842,0.27621129155158997,-0.8760319275179271,-0.8615831230427524,0.7807561159133911,0.7811435461044312,0.6342576565651468,0.6455436273862458
160,6.666666666666667,160,6.666666666666667,0.0,0.04437271168310276,0.04224414797691545,0.5687935470112279,0.5739426050184523,0.06315959638437499,0.06274590819633379,0.06350739989562694,0.06297316292234113,0.10140166759622335,0.10183566858382735,0.10883891073773978,0.10840982659538603,0.08186091610561776,0.08193897533010475,0.49100005626678467,0.4908502697944641,0.492103636264801,0.49181127548217773,0.5004489719867706,0.49844807386398315,0.21836622059345245,0.21930471062660217,0.25612950325012207,0.2564729154109955,0.4899192452430725,0.48458102345466614,-182.47052001953125,-182.81727600097656,-1.3444905281066895,-1.2835428714752197,-1.191108226776123,-1.1562806367874146,0.6225936412811279,0.628985583782196,0.4741717766129082,0.5040512613838359,0.8497623205184937,0.8488184213638306,0.7857725605312869,0.7911274313838935,0.32823413610458374,0.3290417492389679,-0.6685466927137472,-0.6541374327359128,0.8503901362419128,0.8567213416099548,0.7871434924803186,0.808292656675524,0.7153422832489014,0.714208722114563,0.8342266901376965,0.8331277881417994,0.7952626347541809,0.7794138193130493,0.6667641355438194,0.6403799110528013,0.2750260829925537,0.27730992436408997,-0.8751030428189155,-0.8538922127850136,0.7789770364761353,0.7812999486923218,0.6312020332331684,0.6444766037582924
161,6.708333333333333,161,6.708333333333333,0.0,0.014813905272966206,0.01817904755348226,0.587107443511564,0.5779486333761026,0.06560974962011404,0.06435266649505732,0.06489259416892151,0.06364676996293057,0.09309851553566938,0.10035369786390023,0.11158315655484657,0.1132595633731443,0.08139741037704552,0.08064597153705448,0.4892764091491699,0.48972398042678833,0.48949572443962097,0.4906536638736725,0.4994101822376251,0.49845758080482483,0.2199888899922371,0.21973343193531036,0.26171520352363586,0.2597507834434509,0.49088382720947266,0.4850301146507263,-179.0135040283203,-179.94427490234375,1.2412556409835818,-0.6130645275115967,-1.9858740568161013,-1.6731458902359009,0.6221979260444641,0.6291886568069458,0.4758592537733529,0.5041147202666016,0.8496736288070679,0.8483582139015198,0.7821429167152675,0.7880831773514893,0.3288714289665222,0.32975196838378906,-0.6609164836409754,-0.6505490906512263,0.8509190678596497,0.8559443354606628,0.7848579084146969,0.8045379871898478,0.7145928740501404,0.7137494683265686,0.8339323777455192,0.8301913590302867,0.7953993678092957,0.7780738472938538,0.6638278793024321,0.6356316409343389,0.2753717005252838,0.2773990035057068,-0.8682526563226235,-0.8524284069678264,0.7800692319869995,0.7805280685424805,0.6304089886530825,0.640955012519222
162,6.75,162,6.75,0.0,0.01960103288798868,0.0191382085030236,0.5869503650478269,0.5790192009294601,0.07443596749767686,0.0765491229754701,0.07340758038388025,0.07451760287885098,0.08956715903632431,0.08971045259984063,0.10945342461041943,0.10622157696982375,0.08215891956795772,0.08225940145434484,0.48858577013015747,0.4885512590408325,0.48969218134880066,0.48975998163223267,0.49905234575271606,0.4981108605861664,0.2222287431359291,0.22208797186613083,0.2651774287223816,0.26396089792251587,0.4911702275276184,0.48646123707294464,-178.2124481201172,-179.1189727783203,-0.380482941865921,-0.8587871789932251,-2.4691615104675293,-2.391674518585205,0.6218523979187012,0.6297347545623779,0.4756440878170168,0.5095267472691788,0.8496643900871277,0.8486030101776123,0.7810667795822477,0.7885575650131226,0.32771509885787964,0.3297068774700165,-0.6636442499081222,-0.6519054493240671,0.8497145175933838,0.8564633131027222,0.7811759945541189,0.8056732412350388,0.7144338488578796,0.7137802243232727,0.8342418164337729,0.834873563385395,0.7953845262527466,0.7794187664985657,0.662804886170677,0.6379100485305222,0.275509774684906,0.2787680923938751,-0.8658522568060523,-0.8490936093581479,0.7798961997032166,0.7804387211799622,0.6290597974005036,0.640130982539572
163,6.791666666666667,163,6.791666666666667,0.0,0.03500263259309628,0.03021044470520343,0.5584312322908854,0.5676195718463795,0.07072884475664698,0.07406874544181159,0.06892549850390052,0.07320110418349238,0.09009319195936862,0.08613368500270786,0.11571442190977671,0.11179177818455087,0.08186063303991337,0.0819805170906396,0.4882573187351227,0.4882103353738785,0.48863306641578674,0.48936861753463745,0.49884364008903503,0.49884776771068573,0.22443503886461258,0.22479567676782608,0.26901867985725403,0.26992085576057434,0.491992712020874,0.4875844269990921,-177.28256225585938,-176.80937194824222,1.7041290998458862,0.058496531099081046,-2.8422725200653076,-2.966092824935913,0.6220613718032837,0.6296732425689697,0.4753297466790763,0.5085712292568885,0.8499494194984436,0.8484282493591309,0.7767384706335171,0.7890440864803451,0.32711276412010193,0.3301350772380829,-0.662476030321612,-0.6558540718299213,0.8498197793960571,0.8561769127845764,0.7764571616015673,0.8059878074895798,0.7145201563835144,0.7139459848403931,0.8320025245443277,0.8361732668283413,0.7954849004745483,0.7791179418563843,0.6585546614558069,0.6374857532671202,0.2753223180770874,0.279501736164093,-0.8622649669911525,-0.8526862296285197,0.7815877199172974,0.778549075126648,0.6283988505807351,0.6362418330410285
164,6.833333333333333,164,6.833333333333333,0.0,0.03236127039651599,0.031649656967574255,0.5507228665087611,0.5567373673200039,0.07063322807725134,0.07889019417209839,0.07006725827598223,0.07780955615018802,0.0876217676289624,0.08445962411949798,0.1130822936153903,0.1095620759005729,0.08234111482104761,0.08174863076984529,0.48774898052215576,0.48733413219451904,0.48804399371147156,0.48913654685020447,0.499311625957489,0.49759334325790405,0.22795497626066208,0.22918908298015594,0.2754833698272705,0.2768552899360657,0.4911653995513916,0.48851270973682404,-175.18630981445315,-174.85536193847656,2.050678014755249,-1.1809176206588745,-2.625905990600586,-3.285451173782349,0.6220353245735168,0.630233883857727,0.47611123699707186,0.5151338767800826,0.8497129678726196,0.8489483594894409,0.7824368651935922,0.7873976136578109,0.3267726004123688,0.3305586576461792,-0.6693716845967679,-0.6487098496945128,0.8492921590805054,0.8572912812232971,0.7815185593919676,0.8056233265379908,0.7142624258995056,0.7139009833335876,0.8339097697348724,0.8400704091331662,0.795238733291626,0.7784238457679749,0.6635610085284961,0.6333317385237247,0.27582332491874695,0.27991703152656555,-0.867031328601376,-0.8453858966366713,0.7806300520896912,0.7805957794189453,0.6316813592597168,0.6380764838755538
165,6.875,165,6.875,0.0,0.026821868796785817,0.026239719084290247,0.5426393904687118,0.5543391955530691,0.07804981799436975,0.07640970231282301,0.07893069051755966,0.07638041377769442,0.0787849489151341,0.08330941825365137,0.10817595521067241,0.11188400369028739,0.08252113232957342,0.08180064180159405,0.48754093050956726,0.4870118051767349,0.487703800201416,0.4884146749973297,0.4990062415599823,0.49766239523887634,0.23319502174854279,0.2336861938238144,0.28664636611938477,0.28585726022720337,0.49253830313682556,0.4894149452447891,-170.48239135742188,-171.5211944580078,3.571000814437866,0.9133501052856445,-2.5920121669769287,-3.3126184940338135,0.6224433779716492,0.6299672722816467,0.4783285761210751,0.5135277066407385,0.8498051166534424,0.849098265171051,0.7787457550017158,0.7852914187408165,0.32738441228866577,0.330272376537323,-0.6650480367015712,-0.649707057968625,0.8514315485954285,0.856762707233429,0.7822909400642571,0.8020250848509255,0.7144664525985718,0.7140243053436279,0.8349252012224571,0.8397863932452372,0.7954926490783691,0.7791798114776611,0.6603591543783993,0.6326394644931119,0.27593523263931274,0.2802736163139343,-0.8644176393971373,-0.8437720784447541,0.7839973568916321,0.7800329923629761,0.635302503006806,0.634502202047939
166,6.916666666666667,166,6.916666666666667,0.0,0.028694069922211695,0.02672222322050463,0.5483697395221597,0.5484058177104288,0.07798214904194124,0.07971368366498204,0.07790363384749116,0.07838029437538607,0.08983638131687874,0.08832996447166042,0.11802511619735379,0.11303402361445555,0.08169139310038201,0.08216545846208237,0.48710858821868896,0.48673686385154724,0.48799681663513184,0.48815038800239563,0.49908675253391266,0.4977535754442215,0.23646853864192963,0.23666952550411224,0.2898769676685333,0.2892429530620575,0.4922981262207031,0.48916807770729065,-170.38076782226562,-171.44688415527344,2.045431137084961,0.24419289827346805,-2.9607951641082764,-3.1347110271453857,0.6223365068435669,0.6294700503349304,0.47788187839063034,0.5113345991311848,0.8495784997940063,0.8498271107673645,0.7792309368712674,0.7875613985515562,0.327067494392395,0.33131733536720276,-0.6669780938751293,-0.6461196913392886,0.8514241576194763,0.8571969270706177,0.7832563292041874,0.8036546675475148,0.7144110202789307,0.7143394947052002,0.834886577335887,0.840805026817368,0.795100212097168,0.7802407741546631,0.6604134190306461,0.635607592992359,0.2754059433937073,0.28029078245162964,-0.8672877753841042,-0.8442091254953438,0.7830607295036316,0.7800345420837402,0.6341552252010265,0.6351572495840043
167,6.958333333333333,167,6.958333333333333,0.0,0.034951854980627334,0.03452008253092982,0.5423170462090404,0.5448124358977152,0.07908186423235217,0.08139234494795178,0.07941441226179824,0.08178348988815472,0.09014692230521187,0.08579669183128005,0.11868033800897027,0.11202286368554143,0.08177502131205003,0.08238507327909816,0.48695050179958344,0.48694702982902527,0.48755791783332825,0.48820433020591736,0.4988475739955902,0.49800820648670197,0.2380795106291771,0.23807323724031448,0.2927166223526001,0.2917623519897461,0.4924194663763046,0.48876334726810455,-169.97128295898438,-171.5,2.7074050903320312,0.1425243616104126,-2.808912515640259,-2.9788124561309814,0.6220372915267944,0.6301488280296326,0.4773144061815111,0.512844311557171,0.8504749536514282,0.8498884439468384,0.7803742732267811,0.7883687397124871,0.3273398280143738,0.3308180570602417,-0.6645288224467084,-0.6488732691021667,0.8513272404670715,0.8561042547225952,0.7822318141051515,0.8019384166821666,0.7146706581115723,0.7141024470329285,0.8362343002287367,0.8386724742958359,0.7951577305793762,0.7793010473251343,0.6598115691601718,0.6342700702319081,0.2750771641731262,0.28049877285957336,-0.8670272359245232,-0.8441649088918085,0.7819258570671082,0.7803335189819336,0.6309729839616974,0.6365240492168798
168,7.0,168,7.0,0.0,0.048547592280970574,0.04670198725971847,0.5501186946248352,0.5501767492824254,0.08025259066794672,0.08232658668883426,0.07977712673607713,0.08141635486817139,0.09008795651784696,0.08821319354581751,0.1163666000131973,0.1133172101985998,0.0821271156099114,0.0830183152442617,0.4867546707391739,0.4868006557226181,0.4875056743621826,0.48858189582824707,0.4991021901369095,0.49809564650058746,0.23806549608707428,0.2388143166899681,0.2926121652126312,0.29193535447120667,0.4922947585582733,0.48933956027030945,-170.42312622070312,-172.06037902832034,1.8921219110488892,-1.3225653171539307,-2.8229458332061768,-3.1984970569610596,0.6221318244934082,0.6307448148727417,0.47751517840322855,0.5136239706427923,0.8493925333023071,0.8497388362884521,0.7796274432963343,0.7849593899323494,0.328524112701416,0.32981958985328674,-0.6620650504598271,-0.6515729984587041,0.8513339757919312,0.8562060594558716,0.7838660635049799,0.7990451772517401,0.7151985764503479,0.7139652967453003,0.8387353583750925,0.8358576858084193,0.7942017316818237,0.7799623608589172,0.6591330952380324,0.6329843355150924,0.27493125200271606,0.2794994115829468,-0.8700751333275348,-0.8464151530220394,0.7808846235275269,0.7789188623428345,0.6300587528121316,0.6307115674684151
169,7.041666666666667,169,7.041666666666667,0.0,0.07477209171669744,0.0647512190218214,0.5600524629829509,0.5494874138927507,0.07706983074381077,0.08275017646992663,0.07690786550017674,0.08225162074747867,0.09071815347251735,0.08387478624903136,0.11600637915853701,0.11015368533504483,0.08216631306642527,0.0827444602471203,0.4870781898498535,0.4866328090429306,0.4879871606826782,0.4888862371444702,0.49967923760414124,0.49773547053337097,0.23671592772006989,0.23789191246032715,0.2908990979194641,0.2916904091835022,0.4927794635295868,0.4894758462905884,-171.98675537109375,-172.78907775878906,0.22543551027774814,-3.119246006011963,-2.7825253009796143,-3.4700655937194824,0.6224757432937622,0.6315721273422241,0.47575046728177617,0.5172397067916064,0.8498966693878174,0.8495804071426392,0.7782632379609626,0.7828308389097973,0.32875025272369385,0.3287429213523865,-0.6622301178049385,-0.6531069937975056,0.8517069220542908,0.8564159870147705,0.7822083099950902,0.7976906971495101,0.7160521745681763,0.7144215703010559,0.8382936085165055,0.8374286789733995,0.7947441339492798,0.7814981937408447,0.6580696709526209,0.6348270032847894,0.27431440353393555,0.2783016264438629,-0.8731309129331565,-0.8480479106640709,0.7793306112289429,0.778459906578064,0.6244790796735314,0.6282220747527519
170,7.083333333333333,170,7.083333333333333,0.0,0.06996322703028339,0.07198425210726128,0.552581804113795,0.5568998206448459,0.07824873845326134,0.08263418528998853,0.07819292912112658,0.08243554931657349,0.09105100615744,0.08507792523065794,0.11611682164505065,0.11311688778832736,0.0824773840160646,0.0826906538009965,0.48688793182373047,0.48641182482242584,0.488163024187088,0.4887605905532837,0.49980735778808594,0.49778488278388977,0.23579053580760956,0.23680385947227478,0.28998124599456787,0.29031720757484436,0.4925537109375,0.48990385234355927,-172.00865173339847,-172.84536743164062,-0.8892958760261536,-3.2730507850646973,-2.899440050125122,-3.651979684829712,0.6225525736808777,0.6330848336219788,0.47460213216755626,0.5220657542692767,0.8495802879333496,0.8501013517379761,0.7765120217986774,0.7817912175789387,0.3280624747276306,0.3282681405544281,-0.6640624410205338,-0.6540939988899145,0.8512768149375916,0.8561700582504272,0.7802018692749768,0.7949630509799896,0.7162818908691406,0.7140432000160217,0.8370124587990411,0.8344501295340762,0.7951072454452515,0.782260537147522,0.6580363253620782,0.6345460170170598,0.27431970834732056,0.2780423164367676,-0.8718622426434001,-0.847894385285922,0.7799404859542847,0.7795005440711975,0.6250495063539185,0.6285555857917546
171,7.125,171,7.125,0.0,0.06191177329609448,0.05722116880746092,0.5554075897319084,0.5541979983575094,0.0810660188498945,0.0839378350034878,0.08090012035007069,0.08338696160094956,0.091488644077491,0.08538536567089595,0.11593162297201437,0.11085371264344814,0.0828829417765839,0.08314584592920456,0.48695799708366394,0.48690345883369446,0.48821720480918884,0.48876044154167175,0.4992378354072571,0.49783654510974884,0.2349448725581169,0.23602788150310516,0.28873828053474426,0.2896209955215454,0.4918617904186249,0.4903144836425781,-172.19717407226562,-172.41746520996094,-0.5933889746665955,-1.7189171314239502,-2.8782570362091064,-3.24824595451355,0.6229110956192017,0.6339927315711975,0.4787429322211438,0.526064108210767,0.8497874736785889,0.849714457988739,0.7793668966149504,0.7810914101579699,0.327997088432312,0.32856690883636475,-0.6628781127143469,-0.6540039242251502,0.8515216112136841,0.8567006587982178,0.7831429022279621,0.7962746651146514,0.7163156867027283,0.7138986587524414,0.8403149304171257,0.8347951428836392,0.7949044108390808,0.7828760147094727,0.6598615233978974,0.6358300366457897,0.2746637463569641,0.2777121961116791,-0.8693330935772137,-0.8504903255639636,0.780312180519104,0.7787508368492126,0.6280876055398966,0.6268647021382266
172,7.166666666666667,172,7.166666666666667,0.0,0.05646479046249445,0.04631118159189604,0.5584384349991252,0.5455233068306714,0.08150462714980651,0.08215686343569256,0.08123300250779515,0.08113294458837038,0.09250618192317124,0.09139642373614788,0.1170508741967594,0.11549693401304986,0.08262826312017019,0.08289944067226218,0.48686330020427704,0.48688626289367676,0.48846080899238586,0.4890560209751129,0.49928246438503265,0.49784477055072784,0.23343873023986816,0.2348145917057991,0.2860397398471832,0.2865810990333557,0.49237117171287537,0.49031132459640503,-172.3290252685547,-173.17945861816406,-1.2310712337493896,-2.2233705520629887,-2.9758951663970947,-3.2983336448669434,0.6230007410049438,0.6343656778335571,0.4786558444910623,0.526563238269494,0.849669873714447,0.850701093673706,0.7775771138729355,0.7818912449901269,0.32787615060806274,0.32920122146606445,-0.663156941023953,-0.6504607615543556,0.8512436747550964,0.8569086194038391,0.7810021239951189,0.7953589137140992,0.7164703011512756,0.7133443355560303,0.8402818909280054,0.8311851353271179,0.7952008843421936,0.7833199501037598,0.6590380894813325,0.6357030599879513,0.2744933068752289,0.27841418981552124,-0.8696907761724589,-0.8463471234330012,0.7802658677101135,0.7786734104156494,0.6265355165266565,0.6256220615430333
173,7.208333333333333,173,7.208333333333333,0.0,0.0386896226394292,0.03259928324034182,0.5545380536623818,0.5520598874087123,0.05714976994762941,0.05427071824441155,0.05632522495429493,0.05307667493449048,0.11225175994359489,0.1158553912738358,0.13992990663305485,0.13973902495480298,0.0817347819374328,0.08287381171040692,0.48711612820625305,0.48732782900333405,0.48815619945526123,0.4886317551136017,0.4996851235628128,0.4974023103713989,0.23402242362499237,0.23561344295740128,0.2843497097492218,0.2852555811405182,0.49242906272411346,0.4905578941106796,-173.59982299804688,-173.74835205078125,0.676486611366272,-0.013744655065238476,-3.0697948932647705,-2.9401297569274902,0.6227748990058899,0.6346800923347473,0.47771103582996005,0.5278340858843111,0.8501580953598022,0.8513541221618652,0.7809442107423751,0.7803360914007711,0.3277559280395508,0.32972055673599243,-0.6672566733279274,-0.6447375815938935,0.8504518270492554,0.8575841188430786,0.781585444865029,0.7938104319888555,0.7158249616622925,0.7129209041595459,0.8388380397230589,0.8286705854091585,0.7954354286193848,0.7846395969390869,0.661481304775682,0.6360448050611164,0.27426308393478394,0.27759236097335815,-0.8748622349986143,-0.8451708794345789,0.7788300514221191,0.7805514335632324,0.6252307575560369,0.6272028572199392
174,7.25,174,7.25,0.0,0.03109250443322169,0.030554810602972774,0.5449697500581655,0.544087478713794,0.05912479088588907,0.05733550985517046,0.058461155900353695,0.055892520042540514,0.11090924002214148,0.11817523220643487,0.1395845035440044,0.14237281853897424,0.08087651083493372,0.08270750012234386,0.4874882251024246,0.4876115471124649,0.48827770352363586,0.48893865942955017,0.4994938373565674,0.4974200129508972,0.23491062223911285,0.23603490740060806,0.28647297620773315,0.2849995791912079,0.49164506793022156,0.4901534765958786,-171.97232055664062,-174.559326171875,1.2802698612213135,-0.4207967519760132,-2.8380041122436523,-2.8408489227294926,0.6228592395782471,0.6349296569824219,0.4792595730104159,0.5283267302629143,0.8494976758956909,0.8519834876060486,0.7819952783814702,0.7819816074398159,0.3276345729827881,0.32977426052093506,-0.6676523253550187,-0.6441128754829916,0.850678563117981,0.8581579923629761,0.7845758051446591,0.7953258547605039,0.7156296372413635,0.7128946185112,0.8396612769836087,0.8278764345013314,0.7944901585578918,0.7854292988777161,0.6617904290212653,0.6381456902964712,0.27457666397094727,0.27741310000419617,-0.8737758442663172,-0.8452900432621345,0.7784075140953064,0.7810395359992981,0.6266459260787486,0.6286586004269455
175,7.291666666666667,175,7.291666666666667,0.0,0.03761116205810291,0.03732374744870868,0.5295620183895534,0.5260579580789266,0.06792328161702028,0.06137350842211443,0.06570324748411184,0.060386346173637355,0.10978753390972555,0.11042180097454735,0.13545458694442755,0.13212631424286747,0.08088012042487347,0.08174324954383291,0.48748938739299774,0.48783159255981445,0.48861581087112427,0.48890841007232666,0.4996661841869354,0.49804891645908356,0.23588314652442932,0.23601171374320984,0.2880786061286926,0.28733155131340027,0.49171900749206543,0.490192249417305,-172.46755981445312,-173.2489013671875,0.9239425659179689,-0.15723489224910736,-2.8931598663330083,-2.4336140155792236,0.6225602030754089,0.6348050832748413,0.4772859737460264,0.5266357042057058,0.8492624759674072,0.8518865704536438,0.7810868037259083,0.7834794268844528,0.3278585374355316,0.32969942688941956,-0.6672528144040392,-0.6482987499323167,0.8504887223243713,0.856855034828186,0.7837656524030383,0.7942418010613786,0.7158626914024353,0.713171124458313,0.8396467248783078,0.828416283797935,0.7949392795562744,0.7854501605033875,0.6624127526129518,0.6395690656630008,0.27456381916999817,0.2775147259235382,-0.8742345840047975,-0.8492573420150866,0.7782622575759888,0.7798455357551575,0.6259802543497472,0.6274286810059674
176,7.333333333333333,176,7.333333333333333,0.0,0.04466737302918681,0.04189047019906495,0.5230646041998935,0.5263966063757685,0.07660889189374147,0.07790497711007939,0.07523744937644918,0.07678562955940473,0.09868529545101996,0.09915278993656423,0.12197469133190873,0.12121150642559939,0.082250952962073,0.08274020171135406,0.48797881603240967,0.4877440631389618,0.48891231417655945,0.4898677170276642,0.49940113723278046,0.4980568587779999,0.23701633512973785,0.23804562538862228,0.2914218306541443,0.2918403148651123,0.4914570748806,0.49091891944408417,-172.31748962402344,-172.60421752929688,1.5232675075531006,-2.747816801071167,-2.6775505542755127,-3.123605489730835,0.6224756836891174,0.6340134739875793,0.479585909240385,0.523876200626591,0.8486567139625549,0.853073000907898,0.7829458180006797,0.7849540529509714,0.3282640278339386,0.3298817276954651,-0.6668718153264327,-0.6480225222993748,0.8507993221282959,0.8569995760917664,0.787642200413866,0.7934647429101627,0.7162719368934631,0.7126066088676453,0.8450827781831944,0.8267159913409534,0.79520583152771,0.7862227559089661,0.6657868394015829,0.6400589007533833,0.2747423052787781,0.2778092324733734,-0.8754304874059969,-0.8486713904110429,0.7781169414520264,0.779487133026123,0.6283297046367855,0.6254597156229371
177,7.375,177,7.375,0.0,0.05303015352780872,0.048434510637449656,0.5376472502906201,0.5486075249475005,0.08060157265444612,0.08358444412902866,0.07942656742992021,0.08152356034292439,0.09616429964108562,0.09259997718998758,0.11747076014199187,0.11389190225597008,0.08279714102346225,0.0820419255211221,0.48873642086982727,0.488237202167511,0.4896354377269745,0.49022728204727173,0.4991995096206665,0.4971255958080292,0.240401491522789,0.24034558236598969,0.297451376914978,0.29753702878952026,0.49212026596069336,0.49106016755104065,-170.79246520996094,-170.77847290039062,1.2149741649627686,-2.0177524089813232,-2.3933072090148926,-3.0177011489868164,0.6217485070228577,0.634541928768158,0.4790205365393419,0.5298177994027741,0.8492562770843506,0.8523706197738647,0.7852366123102217,0.7835942520298633,0.32795262336730957,0.3301766514778137,-0.6693712480124133,-0.6436827441998136,0.8503549098968506,0.8587622046470642,0.7876521813959213,0.7974560407968027,0.7157647609710693,0.712856650352478,0.8465120490311948,0.8317654104097162,0.7961779832839966,0.7860758304595947,0.6685331203272601,0.6398170224296641,0.2747967839241028,0.27723437547683716,-0.877147233700149,-0.847805205933313,0.7801005244255066,0.781192421913147,0.6331835365961856,0.6292261002911868
178,7.416666666666667,178,7.416666666666667,0.0,0.03767253388810852,0.05323664280518013,0.542639663063483,0.5515563896358034,0.07904956219301137,0.08672172826232809,0.07963352681612751,0.08571531216327881,0.10040263489697981,0.09217235505827825,0.11949649127840006,0.11077849160604013,0.08281570508507126,0.0828593205412032,0.4887448847293854,0.4889015108346939,0.4894979000091553,0.4901528060436249,0.49918922781944275,0.49748291075229645,0.24250321835279465,0.2422182559967041,0.30003806948661804,0.2991872727870941,0.49257174134254456,0.49118174612522125,-169.37884521484375,-170.5174102783203,0.8250035047531128,-0.8122283220291138,-1.9460048675537112,-2.354869842529297,0.6216540336608887,0.6345888376235962,0.4777060923286033,0.529721921231616,0.8494951128959656,0.8510988354682922,0.7831536840452399,0.7821980181739472,0.32791826128959656,0.3301044702529907,-0.6680873218077347,-0.6466826861341464,0.8504447937011719,0.8580369353294373,0.7852374535054111,0.7972764018405466,0.7157915234565735,0.7128223180770874,0.844914059408898,0.8319844894235856,0.7963063716888428,0.7843090295791626,0.6664480773353342,0.6370455501540077,0.2747119963169098,0.27741146087646484,-0.8756323120019749,-0.8502671904613023,0.7804391384124756,0.7807002663612366,0.6316325309565444,0.6292027232344164
179,7.458333333333333,179,7.458333333333333,0.0,0.03330950727827152,0.038916065550431485,0.5411706616595481,0.55172163973051,0.08224719173733004,0.08578065060165967,0.08272595240881525,0.08567501705279033,0.09940591138145834,0.09361041490748331,0.11580225192642486,0.11101765821397194,0.0827207545478193,0.08281437637647127,0.48906874656677246,0.4889463484287262,0.48980116844177246,0.49065905809402466,0.49896836280822754,0.4976835250854492,0.24297785758972168,0.2429441437125206,0.3014218807220459,0.30097317695617676,0.4922211915254593,0.49048423767089844,-168.03916931152344,-168.78810119628906,0.29418185353279114,-2.0831968784332275,-1.780848741531372,-2.4241409301757812,0.6216219663619995,0.6342576742172241,0.4786512384259316,0.5272880736442432,0.8496147990226746,0.8512958884239197,0.7845275184024206,0.7835785237134922,0.32828351855278015,0.3297920227050781,-0.6660914128592244,-0.648198706960037,0.8505521416664124,0.8577651977539062,0.786585112838242,0.7976279920265505,0.7157877683639526,0.7127223610877991,0.8461298647334407,0.8302260297076897,0.7963654398918152,0.7850010991096497,0.66763794147909,0.639605420205449,0.2749873995780945,0.2773723602294922,-0.8740775837616166,-0.8505815372653838,0.7807039618492126,0.7803351879119873,0.6332588696503564,0.6294724109181598
180,7.5,180,7.5,0.0,0.028959158745009365,0.03190310154715653,0.5513380445054814,0.557236271735448,0.0838734560641202,0.08810093510614188,0.08460128380436928,0.08755766479413474,0.0989559703201006,0.09183820547592984,0.1125454493887434,0.10636073933344364,0.08225373876370388,0.08229338831157774,0.4894297271966934,0.4892255961894989,0.4899846017360687,0.4906488358974457,0.4989713132381439,0.49786800146102905,0.24268101155757904,0.24295370280742645,0.3012227714061737,0.3010897934436798,0.4921116679906845,0.490271732211113,-167.85223388671878,-168.23739624023438,0.01957360841333866,-1.1853240728378296,-1.4228614568710327,-2.085652351379395,0.6218243837356567,0.6343816518783569,0.47918121169323935,0.5278635494362179,0.8498534560203552,0.8515032529830933,0.7848848857136964,0.7856945849646664,0.3274627923965454,0.32960623502731323,-0.6689589482768051,-0.6506254355706186,0.8500378131866455,0.8577513098716736,0.7852893650287667,0.7992843859139791,0.7164995670318604,0.7123342156410217,0.8484562234242066,0.8292862780030773,0.796452522277832,0.785011887550354,0.6677233262315015,0.6410729150290945,0.27498576045036316,0.27774107456207275,-0.8736425402473089,-0.8511748136845727,0.7798502445220947,0.7804557085037231,0.6312979565516862,0.631163023452033
181,7.541666666666667,181,7.541666666666667,0.0,0.027328710074889344,0.027746156803341755,0.5643721728257706,0.5626596988277492,0.0849010048243224,0.08676413537693378,0.08586797151644983,0.08641524316176853,0.10029469769508292,0.09296516040345514,0.11221279482067076,0.10631077151066166,0.082138887180963,0.08291140890360367,0.4895406663417816,0.4892466962337494,0.4901370406150818,0.4905391037464142,0.49941253662109375,0.4978557378053665,0.2425708994269371,0.24301816523075104,0.30125942826271057,0.30134639143943787,0.4913356900215149,0.4899520128965378,-166.9505615234375,-167.33599853515625,-0.2900904715061188,-0.6568711996078491,-1.2916450500488281,-1.9478179216384888,0.6223453283309937,0.6341270804405212,0.4789519824038446,0.5267739061011155,0.8491032719612122,0.8522294759750366,0.7840571929782131,0.7877412060980927,0.32763153314590454,0.3294268250465393,-0.6692669304046881,-0.6510830124560818,0.8495426774024963,0.8571474552154541,0.7850201617161986,0.7984349292612485,0.7170037627220154,0.7119390964508057,0.8477457287446194,0.8275659789075209,0.7973867058753967,0.7859238386154175,0.6707189597714065,0.6435652965592443,0.2749510407447815,0.27742114663124084,-0.8745126253781688,-0.8521174620219872,0.7784026861190796,0.7806358337402344,0.6291149744106261,0.632066984456604
182,7.583333333333333,182,7.583333333333333,0.0,0.024613155764897754,0.023676004509556224,0.5713749425020257,0.5672125905275514,0.08433834321951185,0.08707216923236058,0.08524246121404139,0.08737252734067998,0.10243349568199199,0.09290635836533762,0.1134859703892308,0.10591738783390447,0.08243140014912308,0.08273978138604804,0.48936550319194794,0.4892120510339737,0.48980993032455444,0.49032437801361084,0.4993262439966202,0.4978945702314377,0.24289482831954956,0.24295715987682343,0.30248314142227173,0.30198681354522705,0.4905434846878052,0.48985110223293304,-165.14541625976562,-166.23397827148438,-0.043567076325416565,-0.550371527671814,-1.174089312553406,-1.7824798822402954,0.6225245594978333,0.6339974999427795,0.48042932535257,0.5262946427197884,0.8487491011619568,0.8523390889167786,0.7857414373120792,0.7884562866406598,0.3274223804473877,0.3287978172302246,-0.6703635261120499,-0.6538780274208422,0.8494518995285034,0.8565902709960938,0.7872830597023323,0.7977031344238212,0.717411458492279,0.7118885517120361,0.850454261840035,0.8274905343064876,0.7964326739311218,0.7867031097412109,0.6709828103201002,0.6456898990308879,0.27487415075302124,0.27699777483940125,-0.8752828096089722,-0.8541829353369901,0.7783024907112122,0.7806470394134521,0.6312133718557786,0.6325171956650686
183,7.625,183,7.625,0.0,0.0227527790538354,0.02159568099687426,0.5714981889266814,0.5733216361411588,0.08349707784383781,0.08709066704781099,0.08495838091853028,0.08782758926813629,0.10287241987641334,0.09333537192955535,0.11367436127999493,0.10646649493619632,0.0826221760192174,0.08273628836083685,0.48937754333019257,0.48927001655101776,0.48958754539489746,0.49026116728782654,0.49921396374702454,0.49769429862499237,0.24306923896074295,0.24299129843711853,0.30316856503486633,0.302789568901062,0.490596204996109,0.4898484945297241,-164.4210662841797,-165.07215881347656,0.17669832706451416,-0.3615466058254242,-0.9986242055892944,-1.6675511598587036,0.622402012348175,0.6337063908576965,0.47986165821578003,0.5265772787294369,0.8489131331443787,0.8522368669509888,0.7851223268736325,0.7891896405783585,0.32742613554000854,0.3297133445739746,-0.6691752409489531,-0.6503462465030039,0.8497979640960693,0.8574367165565491,0.7870611148043933,0.8005135895612008,0.7172900438308716,0.7116378545761108,0.8494845936317132,0.8282926440223554,0.7966926693916321,0.7863339185714722,0.6707000130190908,0.6456697925291915,0.2748655080795288,0.27680596709251404,-0.8739177475187999,-0.855179672719498,0.7789260745048523,0.7812456488609314,0.6317709275577482,0.6345888361585511
184,7.666666666666667,184,7.666666666666667,0.0,0.021373842681413083,0.022378587283164355,0.5790330737449146,0.5751301632105069,0.08288902694062135,0.08669611110728423,0.08474939325556528,0.0871673257798297,0.10438237966687587,0.09533837803605434,0.11557657358350894,0.1084336384585069,0.08240689256564067,0.08268315810174005,0.4892563223838806,0.48929134011268616,0.48939570784568787,0.4904528856277466,0.4991104304790497,0.49769021570682526,0.2434515580534935,0.24324334412813187,0.30348700284957886,0.30308306217193604,0.49083447456359863,0.4899582713842392,-163.85519409179688,-164.43020629882812,0.1904655396938324,-0.3980444669723511,-0.9466131329536439,-1.7566376924514773,0.6223908066749573,0.6332920789718628,0.4801102867079729,0.5247855842676996,0.8487600684165955,0.8522917628288269,0.7840835475440081,0.7887642985971998,0.327269971370697,0.3293648660182953,-0.6692255056022423,-0.6514270147653314,0.8497492671012878,0.8572754263877869,0.7862505186330832,0.7996132429657019,0.7173182368278503,0.7118753790855408,0.8498012068162252,0.8289066492064386,0.7968854904174805,0.786866307258606,0.6704453952480324,0.6463395302780954,0.2749598026275635,0.2768116295337677,-0.8729452774586977,-0.8548105100185429,0.7793022394180298,0.7813029885292053,0.6319269487949732,0.6342287337354594
185,7.708333333333333,185,7.708333333333333,0.0,0.022224660674803387,0.022451169864646466,0.5800818648496062,0.5779266595747159,0.08415377291983434,0.08577974039864855,0.08560862399239211,0.08612121576021627,0.1040094644173774,0.09769373368303808,0.11473678743649167,0.11086567382520297,0.08229441811902802,0.08218464135303545,0.4893999546766281,0.4893196076154709,0.48957693576812744,0.4905477464199066,0.498968705534935,0.49771013855934143,0.24354992806911469,0.24337265640497208,0.30338430404663086,0.30325958132743835,0.4908595532178879,0.49020619690418243,-163.51785278320312,-164.17800903320315,0.3149360418319702,-0.5252903699874878,-0.9189348220825195,-1.7978254556655884,0.622460126876831,0.6331307888031006,0.4815618916326107,0.5245182273685323,0.8488391637802124,0.8521088361740112,0.7852286564704055,0.7884787024694226,0.32697391510009766,0.3295169472694397,-0.6707035657435979,-0.6514545188790462,0.8494706153869629,0.856870710849762,0.786613746241345,0.798853417539844,0.7173818349838257,0.7119991779327393,0.8517145452849573,0.8299953284400959,0.7964080572128296,0.7871187925338745,0.6702209684557418,0.6468846389771142,0.27501267194747925,0.27630817890167236,-0.8733294183919368,-0.8575454571110485,0.779033899307251,0.780870795249939,0.6321107346128928,0.6332721027397177
