source_frame,source_time_s,candidate_frame,candidate_time_s,candidate_minus_source_sampling_ms,source_mouth_aperture,candidate_mouth_aperture,source_mouth_width,candidate_mouth_width,source_left_eye_aperture,candidate_left_eye_aperture,source_right_eye_aperture,candidate_right_eye_aperture,source_left_brow_height,candidate_left_brow_height,source_right_brow_height,candidate_right_brow_height,source_interocular_width_fraction,candidate_interocular_width_fraction,source_face_center_x,candidate_face_center_x,source_nose_x,candidate_nose_x,source_shoulder_center_x,candidate_shoulder_center_x,source_face_center_y,candidate_face_center_y,source_nose_y,candidate_nose_y,source_shoulder_center_y,candidate_shoulder_center_y,source_head_pitch_deg,candidate_head_pitch_deg,source_head_yaw_deg,candidate_head_yaw_deg,source_head_roll_deg,candidate_head_roll_deg,source_left_wrist_x,candidate_left_wrist_x,source_left_wrist_body_relative_x,candidate_left_wrist_body_relative_x,source_left_wrist_y,candidate_left_wrist_y,source_left_wrist_body_relative_y,candidate_left_wrist_body_relative_y,source_right_wrist_x,candidate_right_wrist_x,source_right_wrist_body_relative_x,candidate_right_wrist_body_relative_x,source_right_wrist_y,candidate_right_wrist_y,source_right_wrist_body_relative_y,candidate_right_wrist_body_relative_y,source_left_elbow_x,candidate_left_elbow_x,source_left_elbow_body_relative_x,candidate_left_elbow_body_relative_x,source_left_elbow_y,candidate_left_elbow_y,source_left_elbow_body_relative_y,candidate_left_elbow_body_relative_y,source_right_elbow_x,candidate_right_elbow_x,source_right_elbow_body_relative_x,candidate_right_elbow_body_relative_x,source_right_elbow_y,candidate_right_elbow_y,source_right_elbow_body_relative_y,candidate_right_elbow_body_relative_y
0,0.0,0,0.0,0.0,0.06921563047921775,0.03727685609909699,0.5548154570735747,0.5603753189787127,0.04892360008827336,0.05035313338021515,0.05138943165081747,0.0525030407024442,0.12930402658028786,0.13664154850105495,0.15134732233081896,0.1484448445449188,0.12558046549667495,0.12395077320288686,0.47843191027641296,0.5041304230690002,0.47032538056373596,0.5006312727928162,0.5088973343372345,0.5226515531539917,0.3765561878681183,0.37387174367904663,0.45682674646377563,0.4511173665523529,0.7476443946361542,0.7542947828769684,-177.30426025390628,-179.093505859375,11.733709335327148,6.083494663238525,-1.4993833303451538,-0.6664419174194336,,,,,,,,,,,,,,,,,,0.8120285272598267,,0.7040420934159883,,1.079483985900879,,0.44503410984193287,,,,,,,,
1,0.041666666666666664,1,0.041666666666666664,0.0,0.04927863698493511,0.026235008465983797,0.5553775169471901,0.5713517294503212,0.04728996476319326,0.042445294664901746,0.048007803392668344,0.04471690986202792,0.13464860205893425,0.145100342506156,0.15608772034655918,0.1682869665868539,0.12535448416467376,0.12405938372933766,0.4787265658378601,0.5019345730543137,0.46898946166038513,0.49753013253211975,0.5091353952884674,0.5288420021533966,0.3779907524585724,0.37543702125549316,0.45737752318382263,0.45259225368499756,0.7641231119632721,0.7514248490333557,-177.5950927734375,-180.06884765625,13.489737510681152,8.467970848083496,-1.4921683073043823,-1.4532588720321655,,,,,,,,,,,,,,,,,,,,,,,,,,,,,,,,
2,0.08333333333333333,2,0.08333333333333333,0.0,0.05676389230020106,0.027022458305697297,0.5534463023189269,0.5596154044438207,0.04650822122857526,0.038606083346421516,0.04639477451705168,0.03999212923589983,0.13733393822844153,0.15315683131336824,0.15646552551950568,0.1733065009630964,0.1252510818802561,0.12567237136753268,0.4790358543395996,0.5013945400714874,0.47021499276161194,0.49652424454689026,0.508836567401886,0.5286201387643814,0.3791736364364624,0.3797187954187393,0.4582988917827606,0.45367953181266785,0.7666668891906738,0.7540443241596222,-177.68614196777347,-181.71286010742188,12.653078079223633,8.280890464782715,-1.467086672782898,-1.2789838314056399,,,,,,,,,,,,,,,,,,,,,,,,,,,,,,,,
3,0.125,3,0.125,0.0,0.05975407711088652,0.029456986624024965,0.5571580350702212,0.5680441726443886,0.04773458814997845,0.03930105424335774,0.04873387319343655,0.040730743595078174,0.13728790371900632,0.15358099590524435,0.15514570648058829,0.1720932220130093,0.12513946974361537,0.12437139872722858,0.4796784222126007,0.500640481710434,0.47089263796806335,0.4949817657470703,0.5092708021402359,0.5301175266504288,0.3799648731946945,0.38137413561344147,0.4601726233959198,0.4564867615699768,0.7688728868961334,0.7567121088504791,-177.31201171875,-181.035400390625,12.357431411743164,9.652852058410645,-1.2109653949737549,-1.224955439567566,,,,,,,,,,,,,,,,,,,,,,,,,,,,,,,,
4,0.16666666666666666,4,0.16666666666666666,0.0,0.0751449686277281,0.032669597855396804,0.568331095374197,0.5736982315961141,0.04883114459212854,0.04016970932098189,0.048968542707495524,0.03996332940690852,0.1369586818176437,0.15609595838104004,0.15361772647156327,0.1756804520261366,0.12397575900534583,0.1252391855575302,0.48035235702991486,0.49978891015052795,0.47237926721572876,0.4950004816055298,0.5096867084503174,0.5299084335565567,0.3818149268627167,0.38545477390289307,0.46222835779190063,0.46014404296875,0.7675260901451111,0.758036196231842,-176.84378051757812,-181.64991760253906,11.862159729003906,8.479175567626953,-1.3228468894958496,-1.7152864933013916,,,,,,,,,,,,,,,,,,,,,,,,,,,,,,,,
5,0.20833333333333334,5,0.20833333333333334,0.0,0.088689052848272,0.04101112021001201,0.5849323132737843,0.5884954131783243,0.048551978685122496,0.04112720467865889,0.04921199568826199,0.04325614824847444,0.13785765324268623,0.15840470719198702,0.15392248223351057,0.17667868363950426,0.12257170356366918,0.12508105379455994,0.481863796710968,0.5004891157150269,0.4748868942260742,0.496553897857666,0.5103206634521484,0.5302740037441254,0.3861803263425827,0.38977569341659546,0.4674823582172394,0.46958279609680176,0.7679210007190704,0.7602503895759583,-176.67486572265625,-179.1348419189453,11.002159118652344,7.064853191375732,-1.1736924648284912,-1.4369581937789917,,,,,,,,,,,,,,,,,,,,,,,,,,,,,,,,
6,0.25,6,0.25,0.0,0.08473148034416735,0.048981602028386896,0.5812347242412538,0.5868835057409522,0.05014745134886296,0.05102459859243262,0.050855816168185845,0.05287069289812076,0.13951144319873574,0.15572303135094587,0.15598041012551728,0.17291438707296855,0.12421670556225693,0.12654554275632093,0.48386356234550476,0.5025958716869354,0.47874730825424194,0.5005971193313599,0.5100978910923004,0.5289956629276276,0.38989128172397614,0.3951846808195114,0.4750992953777313,0.48261764645576477,0.7651374042034149,0.7595707178115845,-175.61236572265625,-174.44944763183594,8.629176139831543,4.626566410064697,-1.362735629081726,-1.4401289224624634,,,,,,,,,,,,,,,,,,,,,,,,,,,,,,,,
7,0.2916666666666667,7,0.2916666666666667,0.0,0.09668764251305735,0.05085295214765204,0.5899251207455991,0.5802271214441638,0.055699383325543375,0.04908791764342686,0.057040171674875885,0.053310219297396995,0.13462967980092141,0.15044140155720695,0.1502407931921374,0.17006610225462007,0.12645515957059947,0.12750937766715562,0.48662157356739044,0.5057775974273682,0.48229026794433594,0.5041656494140625,0.508903980255127,0.5288418978452682,0.39462949335575104,0.40207235515117645,0.4828301966190338,0.49272745847702026,0.7645127177238464,0.7568932473659515,-173.68632507324222,-173.14675903320312,6.463144779205322,3.5117311477661133,-1.187352180480957,-1.22659170627594,,,,,,,,,,,,,,,,,,,,,,,,,,,,,,,,
8,0.3333333333333333,8,0.3333333333333333,0.0,0.09519911963489913,0.034382214427194864,0.589335115395651,0.5850800430595691,0.05446255523716191,0.05185052406733583,0.056133865670557226,0.05474308062846018,0.138557592768096,0.15570688247584372,0.15225957531760015,0.17151526846730444,0.12604191306117243,0.12691104687162189,0.48986533284187317,0.5096440315246582,0.48797160387039185,0.5100844502449036,0.5095249265432358,0.5268073678016663,0.39778484404087067,0.4090368300676346,0.48698690533638,0.5015350580215454,0.7636796534061432,0.7623463273048401,-172.8639678955078,-172.2674102783203,2.8647146224975586,0.5670363903045654,-1.1039568185806274,-1.153985142707825,,,,,,,,,,,,,,,,,,,,,,,,,,,,,,,,
9,0.375,9,0.375,0.0,0.08128070661061396,0.029786815881619307,0.5752698299656894,0.5755335867630832,0.05618031284443675,0.05390165613076476,0.05668150904632366,0.05458191146063569,0.13902798695495802,0.15680460406657637,0.15119564798339294,0.16795382068874617,0.12616879200468445,0.12704550148768765,0.4931393712759018,0.5128271579742432,0.49316322803497314,0.5151822566986084,0.5091628432273865,0.5268044471740723,0.3993249982595444,0.4128679037094116,0.4897020161151886,0.5045071840286255,0.7618880867958069,0.762241780757904,-171.54095458984375,-173.26824951171875,-0.24086138606071472,-1.6135565042495728,-1.2115999460220337,-1.2757240533828735,,,,,,,,,,,,,,,,,,,,,,,,,,,,,,,,
10,0.4166666666666667,10,0.4166666666666667,0.0,0.04778489445894297,0.03078138582028088,0.5514303480434725,0.5683660764448036,0.05362142642522233,0.0579895209525479,0.05357481396816486,0.057932921342774175,0.14134943611011383,0.15859120018157924,0.1505163336588082,0.16525909059908028,0.12657939913533114,0.1262032664185922,0.49596837162971497,0.516056701540947,0.49669694900512695,0.5188435912132263,0.5078135281801224,0.5284944325685501,0.3989289700984955,0.4135163724422455,0.4891233742237091,0.5075973272323608,0.764037698507309,0.7635558247566223,-173.10789489746094,-171.47938537597656,-0.46541669964790344,-3.1883118152618413,-1.10150146484375,-0.9306808710098267,,,,,,,,,,,,,,,,,,,,,,,,,,,,,,,,
11,0.4583333333333333,11,0.4583333333333333,0.0,0.04246644227408767,0.035118403593022075,0.5257527614988748,0.5444708229069742,0.053803609576087916,0.056891557481628593,0.05226942567941143,0.055479498304897935,0.14403663786884097,0.1632030859634094,0.15101575093264422,0.16567014048847217,0.1250743686354262,0.12647662396346238,0.49892112612724304,0.5190844833850861,0.5007412433624268,0.5223535299301147,0.5067949295043945,0.5301178842782974,0.39769820868968964,0.4129919111728668,0.4871588945388794,0.5069369673728943,0.7646482586860657,0.7631404101848602,-173.9136962890625,-172.19134521484375,-2.222938299179077,-4.416082382202148,-1.0230300426483154,-0.626181960105896,,,,,,,,,,,,,,,,,,,,,,,,,,,,,,,,
12,0.5,12,0.5,0.0,0.03794815313409129,0.0396872082742519,0.5179511711504112,0.5292226447470946,0.05321104203648744,0.05734753399126538,0.05179937169218584,0.055765227325074294,0.14682498893835055,0.16545535373755257,0.14982074904972748,0.1641985996709525,0.12492162218919371,0.12752056500074863,0.5015485137701035,0.5219934284687042,0.5031808018684387,0.5254663825035095,0.5076323747634888,0.5315672159194946,0.3967738151550293,0.4114629477262497,0.4871334433555603,0.5057412981987,0.7640133500099182,0.7644727230072021,-173.2117462158203,-172.6842041015625,-2.4315195083618164,-4.908124923706055,-0.567500650882721,-0.3464657962322235,,,,,,,,,,,,,,,,,,,,,,,,,,,,,,,,
13,0.5416666666666666,13,0.5416666666666666,0.0,0.03640229587317475,0.03950879435003951,0.5213583258646933,0.5321993609424236,0.05653143205019646,0.06181368779680801,0.054401784906233576,0.06020704718294506,0.15278635186017425,0.16495689305737038,0.1497954740156991,0.16160154133538218,0.12407180650853582,0.1265921907194979,0.5044477134943008,0.5250901430845261,0.5063104629516602,0.528537392616272,0.5070834010839462,0.5311941355466843,0.39540889859199524,0.40970565378665924,0.4856829047203064,0.5044392943382263,0.7630861103534698,0.7635645568370819,-173.14837646484375,-172.3488006591797,-3.8314738273620605,-5.386054515838623,-0.016125744208693504,-0.14041893184185028,,,,,,,,,,,,,,,,,,,,,,,,,,,,,,,,
14,0.5833333333333334,14,0.5833333333333334,0.0,0.039478921541475726,0.042124014971583364,0.5331007150446742,0.5450112135773735,0.05767433035831594,0.0618899948871737,0.05560572335114492,0.06104140326920872,0.1577767007107617,0.16256187126820404,0.14612516395393993,0.15388541950916373,0.12345742237346445,0.1259016868958954,0.5077351033687592,0.5287959277629852,0.510442852973938,0.5326496362686157,0.5075893998146057,0.5311339944601059,0.39399150013923645,0.4086875021457672,0.4820564389228821,0.5021274089813232,0.7618851661682129,0.764892578125,-174.06887817382812,-172.5953369140625,-6.715145111083984,-6.357953071594238,0.8834096789360046,0.431106299161911,,,,,,,,,,,,,,,,,,,,,,,,,,,,,,,,
15,0.625,15,0.625,0.0,0.049542568269725196,0.044366925187925274,0.5462850636535072,0.5512432325074103,0.05818167441139194,0.061854505205048836,0.05576190642560101,0.061136512115101384,0.16073683670591069,0.16559874132542474,0.1423179001068188,0.14885427944716323,0.12240833547454505,0.1266541515797208,0.5118816047906876,0.5329429805278778,0.5155155062675476,0.537516713142395,0.5068880021572113,0.5308554768562317,0.3908550590276718,0.407266765832901,0.4768856167793274,0.49837446212768555,0.7634763121604919,0.766859382390976,-174.9999542236328,-173.80992126464844,-9.315129280090332,-7.912372112274171,1.5848664045333862,1.3100848197937014,,,,,,,,,,,,,,,,,,,,,,,,,,,,,,,,
16,0.6666666666666666,16,0.6666666666666666,0.0,0.05608878682480469,0.0568242900873226,0.5464185618858268,0.5617624272460731,0.056110505729027774,0.0650501721990799,0.05338051130080651,0.06465214382188594,0.16327638850264584,0.16473320591968205,0.13677625128497342,0.1422831244696769,0.12181657285588797,0.12653379660942798,0.51602803170681,0.5377494990825653,0.5199852585792542,0.5429616570472717,0.5067993849515915,0.531193345785141,0.3882509917020798,0.4042840152978897,0.4725321829319,0.4939216673374176,0.7630581855773926,0.7653787732124329,-176.23638916015625,-175.1036834716797,-11.125048637390137,-10.651764869689943,2.4999196529388428,2.215874671936035,,,,,,,,,,,,,,,,,,,,,,,,,,,,,,,,
17,0.7083333333333334,17,0.7083333333333334,0.0,0.04576286841539075,0.03481345467783092,0.5564200395651824,0.5531854350674117,0.06111014091174048,0.06454896242187186,0.0589144422206563,0.06441989979789596,0.16492233178085156,0.1626321064175209,0.129093955934653,0.13241063728842747,0.12055234439973864,0.127033743113367,0.5209567248821259,0.542824000120163,0.5261603593826294,0.5479870438575745,0.5056596100330353,0.5275008082389832,0.38610926270484924,0.4016401320695877,0.4692020118236542,0.49259960651397705,0.7651909291744232,0.7643763422966003,-175.83836364746094,-173.89137268066406,-13.109208106994629,-11.929125785827637,3.4753212928771973,3.0597758293151855,,,,,,,,,,,,,,,,,,,,,,,,,,,,,,,,
18,0.75,18,0.75,0.0,0.014939319026362868,0.023835885613575063,0.5736854578957833,0.5592832084246973,0.06439892836319529,0.06312068295934022,0.06388818325793395,0.06316055039994448,0.1666773381603007,0.1707247211221128,0.12306324353469061,0.13154068126837767,0.12044707610677234,0.12645571761827534,0.5260438024997711,0.5483570992946625,0.5308297872543335,0.5550410151481628,0.5069891065359116,0.5283634513616562,0.3838488906621933,0.40071922540664673,0.4690650999546051,0.4886176288127899,0.7644593715667725,0.7691172063350677,-173.88577270507812,-174.2322235107422,-11.930047988891602,-13.156529426574707,4.025166988372803,3.9812202453613286,,,,,,,,,,,,,,,,,,,,,,,,,,,,,,,,
19,0.7916666666666666,19,0.7916666666666666,0.0,0.009837394192949817,0.018684864136623756,0.5872828558127657,0.559052019492919,0.06097247909607954,0.06164393314591659,0.059969484902384455,0.06043183595113931,0.17586449930841339,0.17652837288013132,0.12052209914770161,0.12876208553325952,0.12058088241268733,0.1265244585556173,0.5315461605787277,0.5535318553447723,0.5364776253700256,0.5613729357719421,0.5059249252080917,0.5285161733627319,0.382890447974205,0.39875707030296326,0.46683645248413086,0.48557814955711365,0.764674574136734,0.7654012441635132,-173.2495574951172,-175.13931274414062,-11.48952579498291,-14.043087005615234,5.037888526916504,4.581308364868164,,,,,,,,,,,,,,,,,,,,,,,,,,,,,,,,
20,0.8333333333333334,20,0.8333333333333334,0.0,0.00976825679076047,0.022338771733057615,0.5870744112105487,0.5630290847146557,0.05865622264206917,0.06288503170652386,0.05691911972191153,0.06114918668104433,0.1809873282469556,0.1815025233021866,0.11935575143038342,0.12536829618987477,0.11870745155922248,0.12677685511027278,0.5364295542240143,0.5583967715501785,0.5415694117546082,0.5659761428833008,0.5087316334247589,0.5276431441307068,0.3838120698928833,0.39846140146255493,0.46757692098617554,0.4873723089694977,0.7645578384399414,0.7618982195854187,-173.79127502441406,-174.28189086914062,-13.209668159484863,-14.287400245666504,5.649692058563232,5.180943012237549,,,,,,,,,,,,,,,,,,,,,,,,,,,,,,,,
21,0.875,21,0.875,0.0,0.027181392134074743,0.05019696231913913,0.585707329612342,0.5967083007456168,0.05777699374798523,0.06736362118458677,0.056253082862740736,0.06605219038822367,0.18863832675326966,0.18243819074093184,0.12076705751281293,0.11405378119727158,0.11895707473132923,0.1261685576963922,0.5413993000984192,0.5634990036487579,0.5477451086044312,0.5711427330970764,0.5057560205459595,0.5282464325428009,0.38646772503852844,0.39883333444595337,0.47207239270210266,0.493186354637146,0.7652529776096344,0.757915198802948,-173.46311950683594,-171.89205932617188,-16.416215896606445,-15.995663642883303,6.291801452636719,6.044890403747559,,,,,,,,,,,,,,,,,,,,,,,,,,,,,,,,
22,0.9166666666666666,22,0.9166666666666666,0.0,0.05849001998656563,0.0624160798996527,0.6075999247087635,0.6057545171032804,0.060714454028120646,0.0729451320637119,0.05831545003843146,0.0709454246180777,0.18811550549662356,0.18138608169040238,0.11433729137465048,0.10657321346326556,0.1194853427733738,0.12435484391197786,0.5463259220123291,0.5702895224094391,0.5530755519866943,0.5781983137130737,0.5083106160163879,0.5267036855220795,0.3906920552253723,0.4044701009988785,0.4797774851322174,0.504911482334137,0.7678606808185577,0.7593081891536713,-171.32962036132812,-168.2251739501953,-17.76484489440918,-17.839038848876953,6.73162317276001,6.039917945861816,,,,,,,,,,,,,,,,,,,,,,,,,,,,,,,,
23,0.9583333333333334,23,0.9583333333333334,0.0,0.06152541704174689,0.06189754154622315,0.612197003416206,0.6141244336063163,0.06258366192319215,0.07286184528939295,0.060905238920776116,0.07089481199462191,0.1939697050548283,0.1858179994816414,0.11134824833109826,0.10251629536715434,0.11989765284331845,0.1241752042304218,0.5508195459842682,0.5760959386825562,0.5568832159042358,0.5830565094947815,0.5072755217552185,0.5266179591417313,0.3992827981710434,0.41313037276268005,0.49225670099258423,0.5178724527359009,0.7632309794425964,0.7687263488769531,-168.78916931152344,-166.7672882080078,-17.395660400390625,-17.676889419555668,7.09163236618042,6.69277286529541,,,,,,,,,,,,,,,,,,,,,,,,,,,,,,,,
24,1.0,24,1.0,0.0,0.07251748478015071,0.06042608970499833,0.6389464815268262,0.6250464285803071,0.06265314824385844,0.07327751011122458,0.06035318528807077,0.0701306403720707,0.1949025809087921,0.18559678649534994,0.10730580104257334,0.09271190989580677,0.11866149202388365,0.12405666325143878,0.5542335659265518,0.5808289647102356,0.5600971579551697,0.5870874524116516,0.5072514116764069,0.5307588130235672,0.4058273285627365,0.4224827438592911,0.49942126870155334,0.5308483839035034,0.7621747255325317,0.7626959085464478,-168.3765411376953,-165.75030517578125,-17.844236373901367,-17.654508590698242,7.554603099822997,7.356637954711915,,,,,,,,,,,,,,,,,,,,,,,,,,,,,,,,
25,1.0416666666666667,25,1.0416666666666667,0.0,0.07511933626330682,0.05804672296273499,0.652760527504027,0.6181943130867581,0.06012222441831269,0.07223903884905922,0.058132119056683536,0.06894192088573806,0.19427051731615033,0.18494116995782275,0.10121488746565921,0.08974341722261342,0.11883045164087094,0.12351712646936212,0.5571205019950867,0.584391325712204,0.5632981061935425,0.5907655358314514,0.5091858506202698,0.5310375392436981,0.4104011207818985,0.4314979761838913,0.502031683921814,0.5372016429901123,0.7588585019111633,0.7664925456047058,-169.35545349121094,-165.415283203125,-18.081571578979492,-17.082765579223633,8.449422836303711,7.612388610839844,,,,,,,,,,,,,,,,,,,,,,,,,,0.21619272232055664,,-0.774058335024423,,1.055678129196167,,0.3999229330299434
26,1.0833333333333333,26,1.0833333333333333,0.0,0.1046003837502616,0.06974927194354574,0.6593968719696909,0.64814631716468,0.05985257046783396,0.07181834615027231,0.05681143247406431,0.06813014341870746,0.19602963104867094,0.18266986292321516,0.09910297409221368,0.08729254500029592,0.11915511579655481,0.1227265353437019,0.5580538362264633,0.5854847431182861,0.5652545094490051,0.5920604467391968,0.5105049163103104,0.5314377546310425,0.4111109972000122,0.4318124055862427,0.5016068816184998,0.5385376214981079,0.760820597410202,0.7690621018409729,-170.52403259277344,-164.93487548828125,-18.964962005615234,-17.390926361083984,8.844590187072754,7.583052158355713,,,,,,,,,,,,,,,,,,,,,,,,,,0.2179962396621704,,-0.7668175397605692,,1.0581724643707275,,0.39785214644176187
27,1.125,27,1.125,0.0,0.11637420251443048,0.05819360833570145,0.6512521801700204,0.6295573666537223,0.06259402116450505,0.07009542189405527,0.05990039874708382,0.06713185492047767,0.1985751508097594,0.18326621341972063,0.10250572740457138,0.09159678932170918,0.11755988579372387,0.12370658598159916,0.5594313144683838,0.5865375995635986,0.5661017894744873,0.5924984812736511,0.512142151594162,0.5311272591352463,0.4076511859893799,0.429251953959465,0.501448392868042,0.5357324481010437,0.7603312432765961,0.7702359557151794,-169.4835968017578,-165.10736083984375,-20.913671493530273,-17.11775779724121,8.613073348999023,7.496898174285889,,,,,,,,,,,,,,,,,,,,,,,,,,0.21851778030395508,,-0.7636005800648473,,1.0608562231063843,,0.399312156635013
28,1.1666666666666667,28,1.1666666666666667,0.0,0.10164746274265907,0.07035682304376602,0.6335071848873622,0.6418290217433449,0.06170032860402996,0.06955627415871624,0.05933530351788023,0.06767267740276557,0.2010454708577387,0.1817305261218004,0.10440982127933505,0.08621920857563269,0.11730092574898185,0.12381473710367409,0.5584194958209991,0.5866223871707916,0.5649099946022034,0.5924065113067627,0.513473391532898,0.5304962992668152,0.40754908323287964,0.42672403156757355,0.4999799430370331,0.5318028926849365,0.7585051655769348,0.7713158130645752,-170.37330627441406,-165.55050659179688,-20.29456901550293,-17.188711166381836,8.603160858154297,8.001790046691895,,,,,,,,,,,,,,,,,,,,,,,,,,0.18535256385803223,,-0.8399509508806907,,1.2167233228683472,,0.6097249868438483
29,1.2083333333333333,29,1.2083333333333333,0.0,0.07446825275336272,0.07336390842299377,0.618966280711968,0.6409922643877014,0.05991170925302838,0.0707406708764729,0.05768452896976576,0.07010034311641866,0.21206740333893592,0.1834109575970256,0.11219545338981665,0.09093889108416019,0.11685757956997632,0.12494331144096817,0.5569836348295212,0.5858235061168671,0.5629544854164124,0.5910095572471619,0.5135923326015472,0.5296455919742584,0.4073488116264343,0.4246465116739273,0.4990572929382324,0.5275290608406067,0.7594379782676697,0.7686194479465485,-170.682373046875,-165.9275360107422,-19.62211799621582,-15.838678359985353,8.776989936828613,8.061837196350098,,,,,,,,,,,,,,,,,,,,,,,,,,0.1854778528213501,,-0.8392169612419539,,1.21866774559021,,0.6172850285176358
30,1.25,30,1.25,0.0,0.04682864746722561,0.07155766757258933,0.5910476649710061,0.6437270135088855,0.0616136177788579,0.07179228590254826,0.05886585507720902,0.07157612720123585,0.20723526175313856,0.1839302958899396,0.1072595036204213,0.08631410218923115,0.11725638178909517,0.12408705711075071,0.5557067692279816,0.5848205089569092,0.5605525374412537,0.5896053314208984,0.5119026154279709,0.5289883464574814,0.4038592725992203,0.4221235364675522,0.4968453347682953,0.5247986912727356,0.7583565711975098,0.7639150619506836,-170.99127197265625,-166.83860778808594,-19.27417755126953,-16.21463966369629,8.802655220031738,8.573932647705078,,,,,,,,,,,,,,,,,,,,,,,,,,0.18453577160835266,,-0.8457336774807641,,1.215184211730957,,0.6232501055660719
31,1.2916666666666667,31,1.2916666666666667,0.0,0.028868391426482513,0.020999774759018635,0.5254389354177113,0.5994082783943273,0.07000403726280806,0.08326221296914094,0.06504911985462157,0.08257597616930118,0.18881317196328062,0.17155828643496948,0.0926515432383085,0.0745518142870582,0.11871924477609831,0.12468415588931778,0.5552529990673065,0.5824542343616486,0.5593345165252686,0.5853415727615356,0.5113650560379028,0.5297979116439819,0.39908792078495026,0.41908976435661316,0.4928871691226959,0.5241221189498901,0.7588085234165192,0.7679590880870819,-172.63583374023438,-168.357421875,-19.188135147094727,-15.006510734558107,8.574319839477539,8.781774520874023,,,,,,,,,,,,,,,,,,,,,,,,,,0.18605771660804749,,-0.8391074043207378,,1.221365213394165,,0.6225828368406248
32,1.3333333333333333,32,1.3333333333333333,0.0,0.02831683294831746,0.023896613798783967,0.5255676635888883,0.5780139551794636,0.07989465931457174,0.0906222798308321,0.07554834471718486,0.08979589959518994,0.17862791517420668,0.1668624549610273,0.08559233155736785,0.07237151348198535,0.1174462724609992,0.12401899679984592,0.5537431687116623,0.5802571773529053,0.5572292804718018,0.5830277800559998,0.5082408040761948,0.5310010612010956,0.3953500986099243,0.41694802045822144,0.4898487627506256,0.5221959352493286,0.7618461847305298,0.7665337026119232,-172.1492462158203,-168.4268341064453,-19.162466049194336,-15.27214241027832,8.114782333374023,8.399757385253906,,,,,,,,,,,,,,,,,,,,,,,,,,0.22047153115272522,,-0.7596701676229237,,1.0616774559020996,,0.4061423603777192
33,1.375,33,1.375,0.0,0.03147205739678604,0.029502741061983685,0.5272081520255254,0.5641361712211709,0.08769470059023443,0.08779776934084699,0.08424403219203035,0.08804424544183599,0.1701407069937621,0.16491643949043358,0.0779799113363332,0.076057935851132,0.11771997609296246,0.12379390886525576,0.5518844723701477,0.5782980024814606,0.5543354153633118,0.5816032290458679,0.5075085163116455,0.5323192030191422,0.39224544167518616,0.4151880443096161,0.486398309469223,0.5195772647857666,0.762897402048111,0.7670318186283112,-172.4379577636719,-169.0714874267578,-18.041183471679688,-16.246963500976562,8.119160652160645,8.082365036010742,,,,,,,,,,,,,,,,,,,,,,,,,,0.2198783904314041,,-0.7674721128335816,,1.053152084350586,,0.3953356612083218
34,1.4166666666666667,34,1.4166666666666667,0.0,0.03467677001353482,0.029208332482882786,0.550582765881771,0.5683661281356216,0.08661720061157688,0.09102026599734829,0.08522142565981887,0.09164164777195351,0.16596578649379123,0.16464488299504837,0.07750517062608307,0.07678539924567018,0.11914442767982909,0.12451807226995248,0.5494982004165649,0.5758311450481415,0.5514814257621765,0.5793958902359009,0.508355438709259,0.5303859710693359,0.38859277963638306,0.4112149029970169,0.4822544455528259,0.5141419768333435,0.7620594203472137,0.7688523828983307,-172.23233032226562,-170.35955810546875,-15.811054229736328,-15.759101867675781,8.08763313293457,8.163130760192871,,,,,,,,,,,,,,,,,,,,,,,,,,,,,,,,
35,1.4583333333333333,35,1.4583333333333333,0.0,0.04173337819976786,0.03910411145415721,0.5739480041282803,0.5641605493471131,0.08881579269250953,0.09237507751283419,0.08812343483586721,0.09364663021855896,0.15953959553324992,0.15841786718506076,0.07227059189409411,0.07716546020893628,0.11988284968493039,0.12362801669863765,0.5471110343933105,0.5730504393577576,0.5486575365066528,0.5769875645637512,0.5095345973968506,0.5304991751909256,0.38422921299934387,0.40856486558914185,0.4780583381652832,0.5100830793380737,0.766777753829956,0.7684516608715057,-171.72084045410156,-170.71923828125,-14.849797248840334,-16.12838363647461,8.170594215393066,7.4021172523498535,,,,,,,,,,,,,,,,,,,,,,,,,,,,,,,,
36,1.5,36,1.5,0.0,0.03931609595253597,0.05890177116978654,0.5966992060101242,0.595643849774101,0.09129205427272455,0.09164046848072148,0.09156724012228025,0.09322431552405507,0.15490059472880888,0.15967600908579405,0.07032800009038524,0.08042881659744675,0.11918587655617648,0.12362629312372435,0.5449864119291306,0.5700855851173401,0.546457052230835,0.5752317309379578,0.5096063613891602,0.5325598418712616,0.3820323199033737,0.4045853167772293,0.4760771095752716,0.5038988590240479,0.7703491449356079,0.7682521045207977,-171.11737060546875,-171.21800231933594,-14.13474464416504,-15.688030242919922,7.792453765869141,7.1760406494140625,,,,,,,,,,,,,,,,,,,,,,,,,,,,,,,,
37,1.5416666666666667,37,1.5416666666666667,0.0,0.03538384517531726,0.059318333633053076,0.5912607809709332,0.6071660066622946,0.09070845573304491,0.09108329022336967,0.09123771334053271,0.09273268051359253,0.15232601981303753,0.1537578832708799,0.0709771854202752,0.07625538383796507,0.12006601782345433,0.1245272712418705,0.5425590723752975,0.5678505301475525,0.5442633628845215,0.5725268125534058,0.509423166513443,0.5307450592517853,0.37934979796409607,0.40068456530570984,0.4723191559314728,0.4988080859184265,0.7698177993297577,0.767084538936615,-171.30445861816406,-171.35592651367188,-13.643852233886719,-14.218841552734375,7.588345050811768,7.045932292938232,,,,,,,,,,,,,,,,,,,,,,,,,,,,,,,,
38,1.5833333333333333,38,1.5833333333333333,0.0,0.03579698774200453,0.05218747832588589,0.5961793195444823,0.6178841959918626,0.09070146072040006,0.0896461212536312,0.09149370687981026,0.09191275188522836,0.15026290272605733,0.1520505311898825,0.07238797714382264,0.0780162449795065,0.11979497421746182,0.12400377413832496,0.5404495298862457,0.5652537941932678,0.5424087643623352,0.5697142481803894,0.5090371668338776,0.5312577188014984,0.37738947570323944,0.39838214218616486,0.4692284166812897,0.49387842416763306,0.7675855159759521,0.7681522369384766,-171.69349670410156,-172.21043395996094,-13.37331295013428,-12.984504699707031,7.244390487670898,6.851651668548584,,,,,,,,,,,,,,,,,,,,,,,,,,,,,,,,
39,1.625,39,1.625,0.0,0.039423736210726874,0.0420186787431967,0.5964624079573451,0.6122424177568054,0.0902652341680899,0.08132316167128369,0.0915527626764002,0.0826778952726441,0.14783566695704303,0.15988040052468436,0.07470955362113359,0.08789697745696361,0.12025718811623845,0.12481874491354324,0.5383947640657425,0.5631230771541595,0.5403433442115784,0.5666805505752563,0.5089901983737946,0.530414879322052,0.3743012845516205,0.39799752831459045,0.46507737040519714,0.490403950214386,0.7659057974815369,0.768604189157486,-171.7418670654297,-172.77432250976562,-12.841188430786133,-10.804914474487305,6.947917938232422,6.802818298339844,,,,,,,,,,,,,,,,,,,,,,,,,,,,,,,,
40,1.6666666666666667,40,1.6666666666666667,0.0,0.04056243567755119,0.040465971583632965,0.5990524828185978,0.6115969127878192,0.07419761068852923,0.05881274522029047,0.07517504390807354,0.06086751373421159,0.16036550968681726,0.1849547290520825,0.0903944347050709,0.11490224782034052,0.1207279782445934,0.1250451901899291,0.536337822675705,0.5602552592754364,0.5383625030517578,0.5641671419143677,0.509196326136589,0.5319043695926666,0.3734152615070343,0.3972755968570709,0.46096062660217285,0.4858134388923645,0.7624151110649109,0.7689642608165741,-172.47894287109375,-174.4119873046875,-11.5322904586792,-10.427118301391602,6.752007484436035,6.665927886962891,,,,,,,,,,,,,,,,,,,,,,,,,,,,,,,,
41,1.7083333333333333,41,1.7083333333333333,0.0,0.048388329391694046,0.060109507477948305,0.6067204396062784,0.612727546113522,0.06291161026982384,0.055630998381500985,0.06573826866541645,0.05671159745915092,0.17279811269775242,0.18126251068189758,0.11335283186314046,0.11512848938725821,0.12054909133716134,0.12527604111604007,0.5326457023620605,0.5568214803934097,0.5357712507247925,0.5612235069274902,0.512183740735054,0.5334931164979935,0.37300385534763336,0.39339764416217804,0.45343315601348877,0.48081859946250916,0.7616544365882874,0.7686834335327148,-175.92807006835938,-174.50643920898438,-10.175498962402344,-10.654624938964844,5.884487152099609,6.152149200439453,,,,,,,,,,,,,,,,,,,,,,,,,,,,,,,,
42,1.75,42,1.75,0.0,0.05139540817204741,0.06361547030136468,0.5961966938050843,0.6027709422257937,0.06313670262764245,0.06508850154482518,0.06492704734826373,0.065518945856012,0.1664362912203782,0.169384118071177,0.11371473583909612,0.11091043282577255,0.12129585182479174,0.12620885630568,0.528979942202568,0.553112342953682,0.5318346619606018,0.5578994750976562,0.513612300157547,0.5321864634752274,0.3657926172018051,0.386433482170105,0.4480624496936798,0.47587743401527405,0.7604662477970123,0.7628277242183685,-175.04396057128906,-173.17691040039062,-9.872917175292969,-10.864908218383789,4.9494829177856445,5.0633134841918945,,,,,,,,,,,,,,,,,,,,,,,,,,,,,,,,
43,1.7916666666666667,43,1.7916666666666667,0.0,0.07766015949788957,0.0742598698433434,0.5993069223696156,0.6008462046128605,0.0679783768665968,0.0758780230095158,0.07034128438946993,0.07853813345889016,0.15465243382336952,0.15149550534200873,0.10775635768608527,0.102676964664069,0.12413725719636919,0.12799662064392953,0.5252512246370316,0.5484665334224701,0.527472972869873,0.5526009798049927,0.5128726959228516,0.532208651304245,0.35971441864967346,0.3793174773454666,0.4400106370449066,0.46682247519493103,0.7592427134513855,0.7630804479122162,-176.3563232421875,-173.84445190429688,-8.633404731750488,-9.888447761535645,4.756870269775391,4.660399436950684,,,,,,,,,,,,,,,,,,,,,,,,,,,,,,,,
44,1.8333333333333333,44,1.8333333333333333,0.0,0.061565488958467564,0.0626931998231579,0.5911366645524516,0.6028019217889472,0.07649561063194962,0.0768770824049332,0.07924308320545441,0.07854743255924539,0.13950399551000023,0.14197265596628214,0.1015717746167075,0.10205666167490098,0.12553291939695305,0.12786540939813393,0.5210893750190735,0.5433339923620224,0.5230025053024292,0.546941339969635,0.5116865187883377,0.5333803296089172,0.35411448776721954,0.37233637273311615,0.43417927622795105,0.4579448401927948,0.7598665058612823,0.7591252028942108,-176.8712158203125,-174.840087890625,-6.907948017120361,-8.277470588684082,3.8471016883850093,3.773141860961914,,,,,,,,,,,,,,,,,,,,,,,,,,,,,,,,
45,1.875,45,1.875,0.0,0.04738219510915331,0.06185566937954239,0.5842935846068316,0.6063404223313026,0.07728943149586312,0.07642387453670202,0.07996871390662331,0.07875536559306974,0.13568734068038626,0.13238930654781242,0.10562133956003342,0.10284143264967437,0.12461117886690924,0.12817433640350592,0.516801655292511,0.5382465422153473,0.5182230472564697,0.5417627096176147,0.5118928253650665,0.5335403382778168,0.3490039110183716,0.36623431742191315,0.42900484800338745,0.4506765604019165,0.7618286311626434,0.7600788474082947,-176.6884307861328,-175.00677490234375,-5.699246883392334,-6.923237323760986,3.039616346359253,2.7409114837646484,,,,,,,,,,,,,,,,,,,,,,,,,,,,,,,,
46,1.9166666666666667,46,1.9166666666666667,0.0,0.04739206003263058,0.0525288782394294,0.5910603631116647,0.6194329165718458,0.07693097927168192,0.07986300413948383,0.08025284806908052,0.08175458913629446,0.13092525067954655,0.12527217173212432,0.10685630181135626,0.10242472189062067,0.1242728002272492,0.1266978944251958,0.5129262059926987,0.5326294004917145,0.5130866169929504,0.5359810590744019,0.5124649703502655,0.531808614730835,0.3466244786977768,0.36248353123664856,0.4246119260787964,0.44550177454948425,0.7630754113197327,0.7589768171310425,-177.65939331054688,-176.0203094482422,-3.6092739105224614,-6.045811653137207,2.808631658554077,1.9819049835205078,,,,,,,,,,,,,,,,,,,,,,,,,,,,,,,,
47,1.9583333333333333,47,1.9583333333333333,0.0,0.0681058754776388,0.06327729421486897,0.6128887663113889,0.6128245669835488,0.05753114781390593,0.07105875796051772,0.06085641897714673,0.07300739426720718,0.1401406208743739,0.12341443789585792,0.12877770722751222,0.1112101755916987,0.12412805536695762,0.1268453314235976,0.5086837708950043,0.5272964835166931,0.5092810392379761,0.5297655463218689,0.511763721704483,0.5317235589027405,0.34741491079330444,0.3615890443325043,0.4224926829338074,0.44469350576400757,0.7629976272583008,0.7569452226161957,-179.2095489501953,-176.39205932617188,-2.81998348236084,-4.694006443023682,1.6035500764846802,1.1789592504501343,,,,,,,,,,,,,,,,,,,,,,,,,,,,,,,,
48,2.0,48,2.0,0.0,0.06900773073504492,0.08704045700191013,0.6196814095127691,0.6193045154915805,0.05161930355206783,0.05750126489318797,0.05242098048245505,0.05861213651171716,0.145476643505676,0.13239601833315426,0.1404781756715322,0.128445892682866,0.12492193195716599,0.12884803407331274,0.504930704832077,0.5224288403987885,0.5054834485054016,0.5242783427238464,0.5108688473701477,0.5305587500333786,0.35169485211372375,0.36564983427524567,0.4250403344631195,0.44604381918907166,0.7654336094856262,0.7577933669090271,-180.03012084960938,-177.8877410888672,-1.5760759115219116,-2.6077322959899902,0.739445686340332,0.4238230288028717,,,,,,,,,,,,,,,,,,,,,,,,,,,,,,,,
49,2.0416666666666665,49,2.0416666666666665,0.0,0.06503993618630395,0.0526482057623038,0.6156621424144011,0.5936242966014617,0.05675918014206999,0.05748323839197282,0.05773454365519688,0.059167637357672456,0.13027604343936253,0.12834704515081788,0.1323394335877924,0.12935200792358884,0.12552197566594442,0.1290777499400044,0.5011155009269714,0.5177067369222641,0.5009862780570984,0.5178263783454895,0.5099285244941711,0.5314585864543915,0.35299132764339447,0.3680289685726166,0.42949429154396057,0.4484724700450897,0.7651046514511108,0.760905534029007,-178.73594665527344,-178.12994384765625,-0.4468446969985962,0.14380627870559692,0.14738404750823975,0.10834500193595886,,,,,,,,,,,,,,,,,,,,,,,,,,,,,,,,
50,2.0833333333333335,50,2.0833333333333335,0.0,0.057789969733014,0.023174821179233675,0.6131181072040057,0.5781707924352965,0.06885508495164491,0.06328278037821664,0.07040061609253127,0.06589108242675762,0.11644656724225895,0.1215149515064969,0.12314106495463327,0.12918107594836384,0.1257742906741812,0.1285473987998405,0.49739259481430054,0.5141270011663437,0.4965822994709015,0.5140848159790039,0.5077559351921082,0.5318784415721893,0.3542693108320236,0.3699473738670349,0.43186378479003906,0.44944652915000916,0.7656256854534149,0.7644568681716919,-178.15237426757812,-177.9146270751953,0.8737049102783203,0.9547901153564454,-0.3539412617683411,-0.44019272923469543,,,,,,,,,,,,,,,,,,,,,,,,,,,,,,,,
51,2.125,51,2.125,0.0,0.050516859370411345,0.030880519353758178,0.594407831774925,0.5876379573433532,0.07593442134225628,0.07336420423454476,0.0784978831274302,0.07587426687550791,0.10830216716801795,0.10762778767357506,0.11924033910073759,0.12335034265330232,0.12562541991366874,0.1273170521077356,0.4949723780155182,0.5110943615436554,0.4934827983379364,0.5116633176803589,0.5078485310077667,0.5297968089580536,0.3525945395231247,0.36772823333740234,0.43076038360595703,0.449928879737854,0.7642465829849243,0.76729616522789,-177.9540557861328,-177.26583862304688,2.102778673171997,1.1419848203659058,-0.5294533967971802,-1.4202988147735596,,,,,,,,,,,,,,,,,,,,,,,,,,,,,,,,
52,2.1666666666666665,52,2.1666666666666665,0.0,0.044909080121407124,0.043868317607634676,0.5923364218712159,0.5729207150688334,0.07532336871440959,0.07549894604139341,0.07770994831443924,0.07746654877311764,0.10615672633605575,0.10278612950738776,0.1204616135252904,0.11963341639202134,0.1261742727267751,0.12762843486388467,0.4931124597787857,0.5086383521556854,0.4904235899448395,0.5088209509849548,0.5071769058704376,0.529062956571579,0.35077235102653503,0.3652799427509308,0.42712292075157166,0.4489869773387909,0.7645815908908844,0.7692425847053528,-179.03456115722656,-176.31256103515625,3.864309549331665,1.9481227397918701,-0.9305133819580077,-1.7103712558746338,,,,,,,,,,,,,,,,,,,,,,,,,,,,,,,,
53,2.2083333333333335,53,2.2083333333333335,0.0,0.03176022393037557,0.04278900646488837,0.583158705630357,0.5590086025699434,0.07457582998917438,0.07529947476724944,0.07606397348848398,0.0770267066455753,0.1068136712276037,0.10590670127335142,0.12255329986582887,0.12500859093190753,0.12571873318019042,0.1259600824744404,0.4915834218263626,0.5068085789680481,0.4892784059047699,0.5065827369689941,0.5068848878145218,0.526812881231308,0.3488163948059082,0.36204764246940613,0.4216923415660858,0.444589763879776,0.7656623423099518,0.769053727388382,-181.16329956054693,-176.6833953857422,3.5874090194702144,2.789630889892578,-1.2518365383148193,-1.8457691669464114,,,,,,,,,,,,,,,,,,,,,,,,,,,,,,,,
54,2.25,54,2.25,0.0,0.03395014499770504,0.03880634417412532,0.5622121155567029,0.545654615124164,0.0748536238732997,0.07527241333630892,0.07638268164080116,0.07733133232811978,0.10011540436574523,0.10126076392125669,0.11868819525759658,0.12293858754368306,0.12585136286941426,0.1266041908572494,0.4896741807460785,0.5051543414592743,0.4873902201652527,0.5048097968101501,0.5060473680496216,0.5261324346065521,0.34646643698215485,0.35964885354042053,0.4204391539096832,0.44164806604385376,0.7630652785301208,0.768338143825531,-180.19783020019537,-176.61436462402344,3.8448343276977535,3.217337131500244,-1.4724537134170532,-2.0377230644226074,,,,,,,,,,,,,,,,,,,,,,,,,,,,,,,,
55,2.2916666666666665,55,2.2916666666666665,0.0,0.03626412275948953,0.041569951529441485,0.5472009502535539,0.543604403087469,0.07561743927464218,0.07529573663019533,0.0765057999704338,0.07648941074102329,0.09737938842537873,0.09908185380289364,0.11849268756519392,0.12155970812954524,0.12487203302161877,0.1267279780198499,0.48806552588939667,0.5038144886493683,0.48638615012168884,0.5040149688720703,0.5042913109064102,0.5258871167898178,0.34397192299366,0.3572796434164047,0.41833338141441345,0.4389526844024658,0.7615706026554108,0.766819566488266,-179.75390625000006,-176.85751342773438,3.864734172821045,2.5500612258911133,-1.9573854207992554,-2.329223394393921,,,,,,,,,,,,,,,,,,,,,,,,,,,,,,,,
56,2.3333333333333335,56,2.3333333333333335,0.0,0.03398700115238927,0.04164892059822658,0.5356072932382336,0.5357905746213216,0.07753876684003973,0.07872345065522474,0.07837291513766913,0.07939346271799806,0.094311597275387,0.09431905847087273,0.11750566695962122,0.1193076197151878,0.12448501814507991,0.12641603782618963,0.4872521758079529,0.5022207498550415,0.4856931269168854,0.5025697946548462,0.5047661364078522,0.5244464874267578,0.342141792178154,0.3559854030609131,0.417922705411911,0.4363115727901459,0.7599404454231262,0.7678422629833221,-179.26858520507818,-178.27786254882812,4.531723499298096,2.7060511112213135,-2.241908550262451,-2.6689372062683105,,,,,,,,,,,,,,,,,,,,,,,,,,,,,,,,
57,2.375,57,2.375,0.0,0.030761591253379593,0.04127146846638299,0.5360538877051707,0.5261258584194473,0.07757015980229998,0.08350718973097997,0.07893138797170833,0.0831544911574948,0.09220401378666215,0.08841297360428174,0.11677190391059575,0.11702250986128797,0.12512182176098668,0.12541241378364298,0.4870903193950653,0.5012370347976685,0.48539358377456665,0.502242922782898,0.5055044740438461,0.5249566435813904,0.3407448083162308,0.3550734221935272,0.4170452952384949,0.4357830286026001,0.7589884996414185,0.7664446830749512,-179.1870727539063,-178.10714721679688,4.740516185760498,2.6671559810638428,-2.344635009765625,-3.1906774044036865,,,,,,,,,,,,,,,,,,,,,,,,,,,,,,,,
58,2.4166666666666665,58,2.4166666666666665,0.0,0.02864880828247095,0.040667706889926235,0.5396746675334706,0.5233484836504753,0.07847156306465534,0.08528607205369895,0.0792641617645943,0.08409554354608154,0.09438105512981856,0.09068270555260108,0.12087642580640978,0.11956163173022007,0.12484384599003495,0.1245623827697815,0.48607824742794037,0.5010137557983398,0.48447802662849426,0.5019088983535767,0.5049655735492706,0.525049477815628,0.34183481335639954,0.3555511236190796,0.41768208146095276,0.437357634305954,0.7592029571533203,0.768757700920105,-179.32772827148443,-177.31036376953125,5.061997413635254,3.6727726459503174,-2.764218807220459,-3.319525718688965,,,,,,,,,,,,,,,,,,,,,,,,,,,,,,,,
59,2.4583333333333335,59,2.4583333333333335,0.0,0.030782872798690245,0.04338409077129383,0.5295578072731582,0.5146679109402702,0.07786004043290867,0.08178773270984016,0.0781121323099683,0.08247328160809803,0.0963740415853325,0.09047926100658306,0.12457172343018802,0.12062968919815228,0.12382396682609145,0.12523525306274752,0.4858580529689789,0.5006923079490662,0.4841499924659729,0.5011955499649048,0.5056734383106232,0.5242364257574081,0.3438460975885391,0.35690921545028687,0.4212539792060852,0.4405858814716339,0.7578794360160828,0.7691382169723511,-177.8795013427735,-176.10826110839844,6.188633441925049,4.583328723907471,-2.9481656551361084,-3.244407653808594,,,,,,,,,,,,,,,,,,,,,,,,,,,,,,,,
60,2.5,60,2.5,0.0,0.043316447467749965,0.047883086120428194,0.5236145505170996,0.5109929699439347,0.07916893523648348,0.08362038688577576,0.07864667273327566,0.08414785594117434,0.09535756283554823,0.09016102396407165,0.12516348728373333,0.12146901351908512,0.12411018691062194,0.12501537252948736,0.48539723455905914,0.5010481178760529,0.48411402106285095,0.5017781853675842,0.5050751864910126,0.5251943022012711,0.3456425219774246,0.35931871831417084,0.42292049527168274,0.44376951456069946,0.7584238052368164,0.7677343189716339,-178.83106994628912,-176.07049560546875,5.997225761413574,4.382646560668945,-3.364157199859619,-3.275120496749878,,,,,,,,,,,,,,,,,,,,,,,,,,,,,,,,
61,2.5416666666666665,61,2.5416666666666665,0.0,0.04690369904908502,0.05151064945660346,0.515489844710869,0.5182714261318357,0.08076843092170045,0.0845011021162042,0.07998737657695389,0.08387571505746032,0.09481392084645526,0.09088980011406052,0.12475785707362332,0.12192144703185866,0.12426539418594339,0.12482727643008656,0.4857388138771057,0.501625582575798,0.48434287309646606,0.502856433391571,0.5060462802648544,0.5262993276119232,0.3473622500896454,0.36074109375476837,0.42608487606048584,0.44515150785446167,0.7574945092201233,0.767085611820221,-178.1409759521485,-176.26205444335938,6.603241920471191,3.7440199851989746,-3.2850840091705327,-3.4785706996917725,,,,,,,,,,,,,,,,,,,,,,,,,,,,,,,,
62,2.5833333333333335,62,2.5833333333333335,0.0,0.04747559151529569,0.05535294031023197,0.5123838962085968,0.5080494415099384,0.08343807293027253,0.08811474860684393,0.08295534112272449,0.0863352435632923,0.09721667776007546,0.09222699315047626,0.12504192919922869,0.12277379484751516,0.12374981226781873,0.1247165701959009,0.48650309443473816,0.501737117767334,0.4850929081439972,0.5039372444152832,0.5056261122226715,0.525910347700119,0.3477330207824707,0.3611145466566086,0.4277607202529907,0.4458180367946625,0.7578797340393066,0.7649371922016144,-177.25044250488287,-176.4728240966797,6.615820407867432,2.493655681610108,-2.889465093612671,-3.728938102722168,,,,,,,,,,,,,,,,,,,,,,,,,,,,,,,,
63,2.625,63,2.625,0.0,0.042641672615562315,0.056075947378764035,0.5013092653932051,0.5116865691301269,0.08441796299269642,0.08579542860163235,0.08433408023539019,0.08441459318390984,0.0955789122573653,0.09316647112227697,0.12333795987625534,0.12391695953707026,0.12337340733966784,0.12471092539819514,0.4872380942106247,0.5021009892225266,0.48591989278793335,0.5038196444511414,0.5059707760810852,0.5268391668796539,0.3467520624399185,0.36111046373844147,0.4272964596748352,0.4458788335323334,0.7574417293071747,0.7670467793941498,-177.009750366211,-176.46990966796875,6.8005690574646,3.3409554958343506,-2.7722268104553223,-3.673943758010864,,,,,,,,,,,,,,,,,,,,,,,,,,,,,,,,
64,2.6666666666666665,64,2.6666666666666665,0.0,0.037433162763541916,0.043133217015676364,0.5056366324409967,0.516882355281897,0.08409400106269234,0.08530883655563083,0.08492423939664016,0.08539221481366881,0.09251911800850798,0.08980900652330187,0.12149354340054172,0.11984534600880714,0.12296401788433955,0.12544416096068092,0.4881610870361328,0.5024600625038147,0.4865892827510834,0.5035503506660461,0.5070279538631439,0.5276247560977936,0.34700191020965576,0.36241888999938965,0.4298313558101654,0.4490574300289154,0.7586277723312378,0.7662416100502014,-176.42074584960943,-175.90158081054688,8.135927200317383,4.612082004547119,-2.732290506362915,-3.3743093013763428,,,,,,,,,,,,,,,,,,,,,,,,,,,,,,,,
65,2.7083333333333335,65,2.7083333333333335,0.0,0.03172933829419781,0.04049338267331494,0.5131184537771258,0.5138889905385186,0.08272250464639869,0.08749315597606566,0.0822830106603487,0.08614521559856342,0.1003269571007427,0.09345185216691683,0.12516854345847223,0.12341982183232643,0.1233100318693996,0.12638260267785284,0.48801565170288086,0.5030127018690109,0.48769450187683105,0.5058683753013611,0.5070257484912872,0.527298778295517,0.35080206394195557,0.365678146481514,0.43595021963119507,0.45641687512397766,0.7604756355285645,0.7663075625896454,-175.57136535644537,-174.41879272460938,6.257261276245118,2.1503450870513916,-2.8055477142333984,-3.788553237915039,,,,,,,,,,,,,,,,,,,,,,,,,,,,,,,,
66,2.75,66,2.75,0.0,0.03816820052644488,0.03370168037328274,0.5427973576062451,0.5196305311871606,0.08133398553861597,0.08215427116202165,0.08186506563550269,0.08234966218327226,0.09819506004603695,0.08602873359335925,0.12229084706880157,0.11854974705548192,0.12436536126631849,0.12670042578111518,0.48917272686958313,0.5036177337169647,0.4886102080345154,0.5057826638221741,0.5079523622989655,0.5274451971054077,0.35402512550354004,0.3712366223335266,0.44012123346328735,0.4613793194293976,0.7578528821468353,0.7694123983383179,-175.73263549804693,-174.88958740234375,5.312271595001222,3.376227378845215,-2.6911485195159917,-3.6902663707733154,,,,,,,,,,,,,,,,,,,,,,,,,,,,,,,,
67,2.7916666666666665,67,2.7916666666666665,0.0,0.050264737358423094,0.034694042867171204,0.5618742766121344,0.536246301568246,0.07976668808766056,0.08513978981020637,0.07962177164137708,0.08447350799489198,0.099774185866908,0.09268678380239999,0.12425271578921743,0.1220554573728677,0.1249670261970272,0.12669203804310838,0.4895097315311432,0.5048487782478333,0.48898792266845703,0.5071089267730713,0.5060520470142365,0.5260103046894073,0.3585958033800125,0.37447912991046906,0.44208866357803345,0.4667770564556122,0.7582374215126038,0.7675063908100128,-176.746078491211,-174.1109161376953,4.3665313720703125,2.9882960319519043,-2.827889919281006,-3.5432474613189697,,,,,,,,,,,,,,,,,,,,,,,,,,,,,,,,
68,2.8333333333333335,68,2.8333333333333335,0.0,0.05989355171482527,0.03543470606021699,0.570757139162275,0.5565321599391067,0.07902284332224319,0.08297917764771116,0.08016911436860423,0.08308810575632548,0.09610443911752861,0.09766425980436932,0.12139352808969674,0.12559448593131173,0.12556470360822392,0.12692133348369883,0.48968520760536194,0.5050712525844574,0.489004909992218,0.5062581896781921,0.5066239535808563,0.5269638299942017,0.3600053936243057,0.3762161284685135,0.4454333186149597,0.468467116355896,0.7586913406848907,0.7664314210414886,-175.00677490234378,-173.77769470214844,3.6888802051544194,4.035987854003906,-2.4508554935455322,-3.097133159637451,,,,,,,,,,,,,,,,,,,,,,,,,,,,,,,,
69,2.875,69,2.875,0.0,0.052328483436210556,0.07474262310519664,0.564946594336801,0.5840500489902274,0.07701848505261318,0.0844484453531046,0.07749150280529025,0.0829850641452157,0.09688897710458165,0.09502148840883812,0.12037757612334304,0.12087509184087207,0.12624634196610096,0.12587247851537783,0.4896429181098938,0.5051761865615845,0.4886835813522339,0.5072808265686035,0.5067366063594818,0.526746392250061,0.3598146587610245,0.37590768933296204,0.4450417459011078,0.46838194131851196,0.7580437362194061,0.7660704553127289,-175.2608489990235,-173.08103942871094,4.230292320251465,1.4651839733123782,-2.4252703189849854,-3.28615403175354,,,,,,,,,,,,,,,,,,,,,,,,,,,,,,,,
70,2.9166666666666665,70,2.9166666666666665,0.0,0.049701706607369965,0.061387433235887884,0.5634255967654828,0.5634549764735819,0.07558730653216508,0.08418742647385423,0.07649517191153135,0.08304695076232937,0.09972646231065443,0.09575498676753906,0.12167807743388998,0.11985462414985057,0.12554288896250776,0.12610050073684942,0.4895397424697876,0.5053010582923889,0.48824211955070496,0.5072126984596252,0.5070815980434418,0.5259427428245544,0.3597630113363266,0.37547075748443604,0.444927841424942,0.46786051988601685,0.7571191489696503,0.7654546499252319,-175.186264038086,-172.98358154296875,4.714624881744385,1.5705890655517578,-2.2127573490142827,-3.0146443843841553,,,,,,,,,,,,,,,,,,,,,,,,,,,,,,,,
71,2.9583333333333335,71,2.9583333333333335,0.0,0.03550021432935797,0.045215175528916504,0.5459225847539726,0.562767985065265,0.0781442195846481,0.08572372863839386,0.07926000926276955,0.08505438182482472,0.10048447673699391,0.09550062935984387,0.12168554008801334,0.11794446098754169,0.1253632610999176,0.12589904222428633,0.4896240532398224,0.5053048878908157,0.48822295665740967,0.5070123076438904,0.5072108954191208,0.5262576639652252,0.3597089797258377,0.37533891201019287,0.4446586072444916,0.4679599404335022,0.7559919655323029,0.767381876707077,-175.542709350586,-172.6168212890625,4.767605304718018,1.8168731927871704,-2.0450689792633057,-2.810896873474121,,,,,,,,,,,,,,,,,,,,,,,,,,,,,,,,
72,3.0,72,3.0,0.0,0.02713716744632836,0.036360337281910814,0.54313039596746,0.564176549965512,0.08045428116721036,0.08556916818094613,0.08163914723004313,0.08568444294119476,0.09660234691627897,0.09552688776607364,0.12016285726410886,0.11859894744264174,0.1253003343750042,0.12579652133746105,0.48913002014160156,0.5052073448896408,0.4878961741924286,0.5063344240188599,0.5069361329078674,0.5262639820575714,0.3588676452636719,0.3754183053970337,0.4440400004386902,0.4676576554775238,0.7574440240859985,0.76662877202034,-175.11178588867193,-172.72909545898438,5.3497819900512695,2.8459677696228027,-2.4051661491394043,-2.6899478435516357,,,,,,,,,,,,,,,,,,,,,,,,,,,,,,,,
73,3.0416666666666665,73,3.0416666666666665,0.0,0.026644142782725214,0.030587039317543707,0.537341296948637,0.5731939908770116,0.08321415337197705,0.08829700079002409,0.08504420970217325,0.0885663481102653,0.09370440652738955,0.09477730151077218,0.11842489426603785,0.11788401383362743,0.12369980216340437,0.12570435781005496,0.48923853039741516,0.505021333694458,0.4881686270236969,0.5062083601951599,0.5067545771598816,0.5264961570501328,0.3579986095428467,0.3749226927757263,0.4440102279186249,0.46651047468185425,0.7573630809783936,0.7660759389400482,-174.84144592285162,-173.07073974609375,5.717713832855225,2.612732172012329,-2.3756661415100098,-2.682236433029175,,,,,,,,,,,,,,,,,,,,,,,,,,,,,,,,
74,3.0833333333333335,74,3.0833333333333335,0.0,0.028227570566690497,0.028600065107965734,0.5310083375872419,0.5782245988565744,0.0823643179021695,0.08681246228404825,0.08440872638910508,0.08677716385209139,0.09537331200387861,0.09565405033831946,0.12064126583118262,0.11801507665381407,0.12334635929764057,0.12579174829595158,0.4895070791244507,0.5050411373376846,0.4883593022823334,0.5059137344360352,0.5072334408760071,0.5272767245769501,0.3578391522169113,0.37464892864227295,0.4427090883255005,0.46556976437568665,0.7558944523334503,0.7670080065727234,-175.63700866699224,-173.1939239501953,5.863717079162598,2.8839080333709717,-2.3619368076324463,-2.5504302978515625,,,,,,,,,,,,,,,,,,,,,,,,,,,,,,,,
75,3.125,75,3.125,0.0,0.032705446618670565,0.02834577735366251,0.5190314101216601,0.5761784066220573,0.08242811906043027,0.0878808281510237,0.08425704226298125,0.08822368712068362,0.09461393059824216,0.09499164653339572,0.1195806116854537,0.11707744786068498,0.1235362000763152,0.12598243586360316,0.48966047167778015,0.505022332072258,0.4885258972644806,0.5059981346130371,0.5076008141040802,0.5276158154010773,0.35771307349205017,0.3743835389614105,0.44187936186790466,0.46488824486732483,0.7554460763931274,0.7670986652374268,-176.117660522461,-173.3869171142578,5.929062366485596,2.4953577518463135,-2.31790828704834,-2.513936996459961,,,,,,,,,,,,,,,,,,,,,,,,,,,,,,,,
76,3.1666666666666665,76,3.1666666666666665,0.0,0.028343566546244953,0.02890056664382135,0.5256593957704073,0.5747078703191196,0.08218551914252066,0.08669284725982355,0.08362752913707186,0.08694556264126144,0.09440903270107845,0.09728859381859883,0.11832463309794247,0.11782094820562206,0.12375885645350701,0.12571658001022787,0.4895813763141632,0.5049338042736053,0.48844921588897705,0.5058553814888,0.5073349177837372,0.5275937020778656,0.35744190216064453,0.3739074021577835,0.4418502449989319,0.4648965299129486,0.7559101581573486,0.7670343816280365,-175.89059448242193,-173.2277984619141,5.894044876098633,2.344896078109741,-2.3278446197509766,-2.346071243286133,,,,,,,,,,,,,,,,,,,,,,,,,,,,,,,,
77,3.2083333333333335,77,3.2083333333333335,0.0,0.02128239039960182,0.02817443052310009,0.5553197370948445,0.5770177903596679,0.08286857267354081,0.08830158711247806,0.08467121363390415,0.0885970585237908,0.09526699121185928,0.09642669226915665,0.11662863627978422,0.11600002525318087,0.12416817554983024,0.12538168290490248,0.4898705780506134,0.5051356256008148,0.48858678340911865,0.5055716037750244,0.5067882537841797,0.5273949056863785,0.3572610914707184,0.373246431350708,0.44284453988075256,0.4641285538673401,0.756276935338974,0.7669442296028137,-175.05729675292972,-173.3748474121094,4.867722511291504,3.072547674179077,-1.9684666395187378,-2.2046806812286377,,,,,,,,,,,,,,,,,,,,,,,,,,,,,,,,
78,3.25,78,3.25,0.0,0.02384085731974851,0.029643662265979483,0.5558024050053085,0.579674233607392,0.08127957468102022,0.08904762615389387,0.08334229738195131,0.08948042094047301,0.09768422066148387,0.09480283120528236,0.11928623685325694,0.11496083110967865,0.12396065765584247,0.12527282012495686,0.4897298067808151,0.505018025636673,0.48838695883750916,0.5059642791748047,0.5079155713319778,0.5272789299488068,0.357552707195282,0.3723911643028259,0.4420663118362427,0.46275559067726135,0.7552754282951355,0.7661793828010559,-175.93225097656256,-173.62759399414062,4.826460838317871,2.3241896629333496,-1.9335572719573975,-2.3311386108398438,,,,,,,,,,,,,,,,,,,,,,,,,,,,,,,,
79,3.2916666666666665,79,3.2916666666666665,0.0,0.039871776004448384,0.029719826723080277,0.5717189214226739,0.5806037288661938,0.07763182749864148,0.08773084058747342,0.07952559486234378,0.08782264656453512,0.09764160546181182,0.09611537385498164,0.11927939616743927,0.11585291046487373,0.12476520409208273,0.1253093792365944,0.48982642590999603,0.5052120983600616,0.48847609758377075,0.5058472156524658,0.5084465742111206,0.5269714593887329,0.3569337874650955,0.37229637801647186,0.4413992464542389,0.46201321482658386,0.754633903503418,0.7659977078437805,-175.88671875000006,-173.87159729003906,4.330844879150391,2.7779197692871094,-1.9417326450347898,-2.292215585708618,,,,,,,,,,,,,,,,,,,,,,,,,,,,,,,,
80,3.3333333333333335,80,3.3333333333333335,0.0,0.046991526006760556,0.032712848094846356,0.5733288240424018,0.577975654135653,0.07596017357013436,0.08883119235817671,0.07717844993067388,0.0890274120137431,0.09896166135989462,0.09563368766341544,0.11802556017622809,0.11458975797726977,0.12533614621636846,0.12535488538370745,0.490036278963089,0.5052236020565033,0.48828867077827454,0.5061184167861938,0.5072982013225555,0.5270717889070511,0.3568107783794403,0.371748149394989,0.4397878348827362,0.46136295795440674,0.7560846507549286,0.7658654451370239,-176.65136718750006,-173.98565673828125,4.452264308929443,2.2344915866851807,-1.7817095518112183,-2.254307270050049,,,,,,,,,,,,,,,,,,,,,,,,,,,,,,,,
81,3.375,81,3.375,0.0,0.03908870790589047,0.03404442634122844,0.5716707725768365,0.5812408265329017,0.07746116855114564,0.08826198135424088,0.07985797849066044,0.08818691127080744,0.09725401182494586,0.09512708711524619,0.116781594022526,0.11518685273516568,0.12619824424363768,0.12516759518635695,0.4905010908842087,0.5053853690624237,0.4883243143558502,0.5062443017959595,0.5075540542602539,0.5273037701845169,0.35696396231651306,0.37147288024425507,0.43939104676246643,0.46145063638687134,0.75613933801651,0.7665747106075287,-176.9880981445313,-173.60768127441406,4.645426273345947,2.6109294891357426,-1.640968680381775,-2.3959786891937256,,,,,,,,,,,,,,,,,,,,,,,,,,,,,,,,
82,3.4166666666666665,82,3.4166666666666665,0.0,0.031806399618889994,0.03755818908964867,0.5707692621610795,0.5745178474277095,0.07820111169818862,0.08816122493413864,0.08060104313337388,0.08821332994559566,0.09891651185203329,0.0949311931700406,0.11798517938392522,0.11446527170333559,0.12567315678181576,0.12537361268916414,0.49060843884944916,0.5055735856294632,0.4883371889591217,0.5066439509391785,0.5077206492424011,0.5272517204284668,0.35679765045642853,0.37046709656715393,0.4390192925930023,0.46065688133239746,0.7559654116630554,0.7655090987682343,-177.06205749511724,-173.66888427734375,4.753026485443115,1.9674048423767092,-1.5102488994598389,-2.340143918991089,,,,,,,,,,,,,,,,,,,,,,,,,,,,,,,,
83,3.4583333333333335,83,3.4583333333333335,0.0,0.028804144159743108,0.041038430196097334,0.5707049847715878,0.5746660010411765,0.07800302706179046,0.08714198197996213,0.08002015045490916,0.08695598243533671,0.09994681562111773,0.09623087783490772,0.1184154009115873,0.11566003094215477,0.125897932463252,0.12527673484004884,0.4904058277606964,0.5056818127632141,0.4882858693599701,0.5067931413650513,0.507092297077179,0.5272821485996246,0.35680049657821655,0.37023551762104034,0.4381686747074127,0.4598403871059418,0.7568557858467102,0.7648031413555145,-177.29267883300787,-173.94589233398438,4.406793594360352,1.7993732690811157,-1.5606456995010378,-2.3468873500823975,,,,,,,,,,,,,,,,,,,,,,,,,,,,,,,,
84,3.5,84,3.5,0.0,0.02996438457461781,0.041193557287712006,0.5726002405658953,0.5771016400992698,0.07815821892277011,0.08648960606595704,0.07997779216374974,0.08597493754215406,0.09818693694062913,0.09572927576157983,0.11559628787795431,0.11488431881756124,0.12537888060108246,0.1255291651285869,0.49043266475200653,0.5058769881725311,0.48849302530288696,0.5069139003753662,0.5071977078914642,0.5273972302675247,0.35602785646915436,0.3695876896381378,0.4378890097141266,0.4595021605491638,0.7584779560565948,0.7646726071834564,-176.88688659667974,-173.6746063232422,4.148373126983643,2.1186556816101074,-1.5042674541473389,-2.377395868301392,,,,,,,,,,,,,,,,,,,,,,,,,,,,,,,,
85,3.5416666666666665,85,3.5416666666666665,0.0,0.031009646373855188,0.041951992091192325,0.5720517622055398,0.5789662470418945,0.0777069548176768,0.08664420571537018,0.07953231195111951,0.0862539550086875,0.09855293416119222,0.09415875333893241,0.11717367647054054,0.11332695141456864,0.12526349444181997,0.1254019107292416,0.4902094602584839,0.5060173124074936,0.4886434078216553,0.5070235729217529,0.5071088224649429,0.5275417566299438,0.35559168457984924,0.36903171241283417,0.4375258684158325,0.4586942493915558,0.7579792439937592,0.7665128707885742,-176.62062072753912,-173.78382873535156,3.7881920337677,1.9504891633987427,-1.6521786451339722,-2.3246829509735107,,,,,,,,,,,,,,,,,,,,,,,,,,,,,,,,
86,3.5833333333333335,86,3.5833333333333335,0.0,0.03171537078718423,0.041019357906389886,0.5716168769831966,0.5788797086697859,0.07922956379924287,0.08728807452264475,0.08099741904678849,0.08669227893938415,0.09772411565545333,0.09467451957197107,0.1157462201108271,0.11373089766141092,0.1250394854412471,0.1254999713533141,0.49045059084892273,0.5060985535383224,0.48875588178634644,0.507171094417572,0.5078998804092407,0.528973713517189,0.35468772053718567,0.3686817139387131,0.4370080232620239,0.45829665660858154,0.7578413486480713,0.7656143009662628,-176.54727172851568,-173.5485382080078,3.9871380329132085,1.948811173439026,-1.5497597455978394,-2.356466054916382,,,,,,,,,,,,,,,,,,,,,,,,,,,,,,,,
87,3.625,87,3.625,0.0,0.03318483624097843,0.04194405550290709,0.5705820651206278,0.5781332542865304,0.0793635557520328,0.08741960056349048,0.08142541031613579,0.08695000202718935,0.09681431923156437,0.09563007486465594,0.11462906069005874,0.11440619569123886,0.12512953891910897,0.1254982822472067,0.49071717262268066,0.5060931891202927,0.48907339572906494,0.5072574615478516,0.5083634555339813,0.5293114185333252,0.3543943166732788,0.36851513385772705,0.4366140067577362,0.4575776159763336,0.7571105659008026,0.7647227346897125,-176.46223449707037,-173.83526611328125,3.7769639492034908,1.6235548257827759,-1.4976186752319338,-2.299069404602051,,,,,,,,,,,,,,,,,,,,,,,,,,,,,,,,
88,3.6666666666666665,88,3.6666666666666665,0.0,0.03344864431258457,0.04042428307339729,0.5702120702244073,0.5774399426745761,0.07865438576115857,0.08799291741585544,0.08042243190164666,0.08739546181341075,0.0979574959078805,0.09491640947290181,0.11479899981721908,0.11349485761669267,0.12513501916248368,0.12554414737365563,0.491007924079895,0.5062976628541946,0.4892982244491577,0.5074874758720398,0.5083820819854736,0.5295618027448654,0.35445570945739746,0.36832062900066376,0.4363308250904083,0.45746076107025146,0.7573522925376892,0.764548271894455,-176.6030883789063,-173.6152801513672,3.779960870742798,1.6613916158676147,-1.4354552030563354,-2.2933707237243652,,,,,,,,,,,,,,,,,,,,,,,,,,,,,,,,
89,3.7083333333333335,89,3.7083333333333335,0.0,0.031638367427076576,0.03937097432027396,0.572722231809211,0.5766418597351669,0.07766564869809837,0.08743892864630605,0.0800647639707378,0.08702916292731928,0.09603149953120232,0.09467425536386635,0.1132819918778071,0.11402817880270909,0.12532263928311932,0.125846844185815,0.4913475066423416,0.5065794587135315,0.4895741641521454,0.5081251263618469,0.5086790323257446,0.5300931036472321,0.35356059670448303,0.36771634221076965,0.43475833535194397,0.4564916491508484,0.7559647858142853,0.7601309716701508,-177.26696777343756,-173.6323699951172,3.785892486572266,1.1841883659362793,-1.3963590860366821,-2.4133589267730713,,,,,,,,,,,,,,,,,,,,,,,,,,,,,,,,
90,3.75,90,3.75,0.0,0.03161251527589697,0.03943113696213578,0.5715561263834827,0.5759099841686245,0.07618717749758297,0.08605805526340995,0.07852858675252641,0.0854034749816539,0.09716491089508536,0.0968622056193562,0.11410666219161461,0.11558878343636653,0.1252465293901593,0.12604066949962364,0.4915384203195572,0.5067191421985626,0.48959675431251526,0.5080058574676514,0.5087258815765381,0.5294609516859055,0.3530697077512741,0.36741727590560913,0.43384087085723877,0.4561128616333008,0.7546564340591431,0.7577804923057556,-177.59487915039068,-173.56578063964844,4.002296447753906,1.5458875894546509,-1.3086601495742798,-2.3115358352661133,,,,,,,,,,,,,,,,,,,,,,,,,,,,,,,,
91,3.7916666666666665,91,3.7916666666666665,0.0,0.032442576849933756,0.03893342480931699,0.5715325929817006,0.5773620111278464,0.07735188497829061,0.0869686103582654,0.07970452724668436,0.08621597336843606,0.09635491982138975,0.09679752520937741,0.11414462758188154,0.11515879221602326,0.12485518678195197,0.1259773372934148,0.49189573526382446,0.5068335682153702,0.4899309277534485,0.5082253217697144,0.5083857923746109,0.5297604501247406,0.35245001316070557,0.367109939455986,0.43300700187683105,0.4554812014102936,0.7548060119152069,0.7561866343021393,-177.75631713867193,-173.61367797851562,4.216782093048096,1.3663135766983032,-1.3751344680786133,-2.3238046169281006,,,,,,,,,,,,,,,,,,,,,,,,,,,,,,,,
92,3.8333333333333335,92,3.8333333333333335,0.0,0.03204146478452617,0.03663570878052901,0.5709016264603616,0.5755052242651532,0.07606794287128166,0.08809636713297196,0.07845614778541209,0.08737137737096548,0.09794771294694911,0.09520907412956588,0.11500544329700568,0.11346967744921294,0.12503866581694212,0.12632754017333342,0.49212586879730225,0.5070870071649551,0.49013131856918335,0.5083465576171875,0.507577508687973,0.5302719324827194,0.3523777574300766,0.36633799970149994,0.432761013507843,0.4548035264015198,0.7546351552009583,0.7569076120853424,-177.87541198730474,-173.63787841796875,4.1245503425598145,1.6298688650131226,-1.2679007053375244,-2.2853238582611084,,,,,,,,,,,,,,,,,,,,,,,,,,,,,,,,
93,3.875,93,3.875,0.0,0.031649898033032094,0.0372423369711303,0.5743618270517432,0.5752929428060649,0.07566326346923646,0.08747484269428579,0.07781527296605587,0.08654126114137978,0.09715250169178091,0.09526765411333232,0.11426454125240759,0.11298429914858939,0.12490241211464446,0.12623208899656316,0.4922674000263214,0.5071298182010651,0.49050116539001465,0.5084804892539978,0.5078056901693344,0.5311320126056671,0.3516881465911865,0.3661344200372696,0.43186864256858826,0.45433348417282104,0.7541380822658539,0.7572483122348785,-177.94319152832037,-173.6704559326172,3.8343122005462646,1.471608281135559,-1.3371589183807373,-2.278297185897827,,,,,,,,,,,,,,,,,,,,,,,,,,,,,,,,
94,3.9166666666666665,94,3.9166666666666665,0.0,0.03234430351630881,0.037626107032923906,0.5762676930730414,0.5755902069914761,0.0761959955486288,0.08800091932514305,0.07832839730787382,0.08720108384761495,0.09700698003623698,0.09453408833377848,0.11394407564289391,0.11239225506322344,0.12480982743176826,0.12645300377557966,0.4926357567310333,0.5073403865098953,0.4909687936306,0.5085636377334595,0.5086057484149933,0.5321131646633148,0.35121023654937744,0.3656575232744217,0.4311765730381012,0.4539570212364197,0.752663254737854,0.7574827373027802,-177.96142578125006,-173.52793884277344,3.6539862155914307,1.685431957244873,-1.3154687881469727,-2.277684450149536,,,,,,,,,,,,,,,,,,,,,,,,,,,,,,,,
95,3.9583333333333335,95,3.9583333333333335,0.0,0.03203128519471584,0.0365932946154699,0.5760050547142341,0.5767749534869926,0.0755884425324845,0.08633291351742536,0.07763439897611411,0.08532833333716495,0.09786959464148264,0.09444931604056926,0.11427837185677853,0.11123527933508584,0.1250380958562118,0.12614726943382223,0.4926634281873703,0.507490336894989,0.49094417691230774,0.5085717439651489,0.5086441338062286,0.531935840845108,0.3507380038499832,0.36505256593227386,0.43040579557418823,0.45305585861206055,0.7519094347953796,0.7573817074298859,-178.051986694336,-173.88743591308594,3.674578428268433,1.741028904914856,-1.2758417129516602,-2.1714420318603516,,,,,,,,,,,,,,,,,,,,,,,,,,,,,,,,
96,4.0,96,4.0,0.0,0.032778077979648754,0.03552659749767022,0.5782664456051546,0.5773106466125113,0.0763291181673683,0.08647557736201253,0.0783943984126943,0.08556802549639471,0.09723790350761703,0.09475456318871683,0.11281551324116008,0.11127879369881143,0.12488046475367418,0.12603723020968635,0.49302271008491516,0.5075890421867371,0.4913504719734192,0.5087530612945557,0.5090479254722595,0.5316293984651566,0.35043926537036896,0.36452436447143555,0.42973729968070984,0.4518734812736511,0.7506158947944641,0.7557671666145325,-178.13020324707037,-174.25157165527344,3.4547982215881348,1.5719367265701294,-1.1605548858642578,-2.183194160461426,,,,,,,,,,,,,,,,,,,,,,,,,,,,,,,,
97,4.041666666666667,97,4.041666666666667,0.0,0.03346703107750434,0.03784846960979207,0.579918580674051,0.5791773799505833,0.0764805846329704,0.08649928964875021,0.07865251746635282,0.08559076874136047,0.09737624171492963,0.09502301635848946,0.11253585371569294,0.11170694392711182,0.12492341088122134,0.12611091276114497,0.4930232763290405,0.5076369196176529,0.49159377813339233,0.5088292956352234,0.5089047700166702,0.5305436253547668,0.34989339113235474,0.3644883930683136,0.42948809266090393,0.45214325189590454,0.7511042058467865,0.7549466192722321,-177.65763854980474,-173.87660217285156,3.017678737640381,1.546142578125,-1.1399003267288208,-2.1742420196533203,,,,,,,,,,,,,,,,,,,,,,,,,,,,,,,,
98,4.083333333333333,98,4.083333333333333,0.0,0.03504755098103838,0.03647985347353978,0.5933329719171782,0.5789863781929314,0.07957256850248969,0.08708442824725642,0.08169979792624671,0.08636159122626604,0.09996915961383027,0.09615040352141116,0.11371516598201524,0.11239451346303886,0.12390161821688732,0.12598466286615323,0.4937320500612259,0.5077907741069794,0.4925251007080078,0.5087028741836548,0.5079506486654282,0.5294521450996399,0.3490157574415207,0.36411313712596893,0.4294567108154297,0.45148965716362,0.7508672475814819,0.7567530870437622,-176.820297241211,-173.98545837402344,2.334768295288086,1.913286566734314,-0.9722897410392761,-2.1005847454071045,,,,,,,,,,,,,,,,,,,,,,,,,,,,,,,,
99,4.125,99,4.125,0.0,0.03544982473236117,0.03784440346243049,0.5954554143524737,0.5772878983147507,0.08272107437052743,0.08653957878088411,0.08432948442021972,0.08599588185559212,0.10139635522175011,0.09710022898043344,0.11034359369305138,0.11407143131824574,0.12394056480684926,0.12566333680449715,0.4948110431432724,0.5079895257949829,0.4934808611869812,0.5089559555053711,0.5076889097690582,0.5296330600976944,0.34735383093357086,0.3639291673898697,0.4281791150569916,0.45135408639907837,0.7508499622344971,0.7540269196033478,-176.32630920410162,-173.93417358398438,1.9141918420791628,1.9401782751083376,-0.47939732670783997,-2.146596670150757,,,,,,,,,,,,,,,,,,,,,,,,,,,,,,,,
100,4.166666666666667,100,4.166666666666667,0.0,0.03756515257980228,0.03587930383921062,0.5896983982200741,0.5976265826320396,0.07667093152623186,0.07479984906516961,0.07932787042952398,0.07630979973437532,0.10482055325671481,0.11055223123890662,0.108687244651198,0.11460284816680005,0.0841812274514509,0.08098582271889518,0.4904525727033615,0.4916958808898926,0.4895801246166229,0.4906609356403351,0.49083690345287323,0.49588944017887115,0.2302679866552353,0.2295602783560753,0.2838919162750244,0.2827012538909912,0.502383828163147,0.5009014457464218,-171.47293090820318,-171.72801208496094,0.519972026348114,1.7708271741867065,0.1479884535074234,0.2950541377067566,0.6295060515403748,0.6136873364448547,0.5544662001693852,0.438639822430387,0.8692641258239746,0.8665249943733215,0.8251675599345708,0.7658208899352439,0.3536292016506195,0.383911669254303,-0.5486226323699949,-0.4169676294014334,0.8919286131858826,0.9038912653923035,0.876143313750828,0.8440868304983865,0.7372975945472717,0.7411455512046814,0.9854688282645375,0.9132514280850891,0.814417839050293,0.8020690679550171,0.7018102226311924,0.6308140089051666,0.2671583294868469,0.26663386821746826,-0.8943749253293906,-0.8536707917878614,0.8051151037216187,0.8061641454696655,0.6808870074549556,0.6393913992794997
101,4.208333333333333,101,4.208333333333333,0.0,0.03328393538837286,0.03305375365730819,0.587054483925625,0.5929224287235308,0.08208621255691255,0.07738288981325159,0.08346689266732198,0.07731699030345447,0.1058684499262517,0.10602214029029677,0.10565109055634397,0.10321535983299812,0.08302488885565364,0.08058544675121396,0.49098384380340576,0.49194276332855225,0.4905855357646942,0.49200981855392456,0.4976333677768707,0.49859365820884705,0.22844784706830978,0.22821339219808578,0.2797619700431824,0.27993953227996826,0.47514021396636963,0.48070117831230164,-173.43510437011724,-172.4830780029297,-0.34446343779563904,-0.9008169174194336,0.20139065384864807,-0.04896033555269241,0.6085747480392456,0.6094558238983154,0.4360664920240744,0.4417357269134264,0.8569952845573425,0.8438150882720947,0.8442678276940393,0.8138503980022204,0.3808802664279938,0.3912515640258789,-0.45891005878716784,-0.42770982965586596,0.8959101438522339,0.8915388584136963,0.9303071820256976,0.9208141034912488,0.7320430278778076,0.7265707850456238,0.9213712497088689,0.9083860234605245,0.8062782883644104,0.7893854975700378,0.7321343731435842,0.691856877949871,0.2679882049560547,0.27681922912597656,-0.9026439036970656,-0.8836710705809205,0.8084217309951782,0.7833613157272339,0.7368734477114942,0.6783548262357227
102,4.25,102,4.25,0.0,0.038184285676033755,0.032986720840689085,0.5964845551205215,0.6002600061474408,0.08521748094758032,0.0878679470478044,0.08647755570484257,0.08837764268552116,0.10678159746555388,0.09997446400225764,0.10355695510606655,0.09479331371122919,0.08229472444600792,0.08043869914697087,0.49193303287029266,0.49265342950820923,0.4917397201061249,0.4925711750984192,0.49808062613010406,0.49970829486846924,0.2277260199189186,0.22684860229492188,0.2793762683868408,0.2790232002735138,0.47932079434394836,0.48167672753334045,-172.6433715820313,-172.39476013183594,-1.103845238685608,-1.0651228427886963,0.4580759108066559,0.2850710451602936,0.6041780710220337,0.6121266484260559,0.4168930322666182,0.44156705932436846,0.8403593897819519,0.8378685712814331,0.7979870973428551,0.7869840756626404,0.38239002227783203,0.38317012786865234,-0.45458782437086276,-0.45774923820424973,0.8935361504554749,0.8821513652801514,0.9155212597070752,0.8848241983788895,0.725150465965271,0.7228661775588989,0.8922348145292494,0.8765398789992811,0.8058468103408813,0.794398307800293,0.7217055212510166,0.6909391893886275,0.27548104524612427,0.27607661485671997,-0.8746696430863775,-0.8784009033184434,0.8065125942230225,0.7763739824295044,0.7231770729196765,0.6511155457809862
103,4.291666666666667,103,4.291666666666667,0.0,0.03603631117370361,0.031442706958366325,0.5932848730119202,0.5992826724370184,0.08480246798948181,0.08588131954033555,0.08618778767780355,0.08608733232900653,0.10571220152199172,0.10315415409181783,0.1008883643432884,0.09493964634960006,0.0824126666791438,0.08069761634254533,0.49242153763771057,0.4933418482542038,0.49243462085723877,0.49323078989982605,0.5000211000442505,0.5002846419811249,0.22660604864358902,0.22605661302804947,0.2778691053390503,0.2779655456542969,0.47463856637477875,0.48064781725406647,-172.93910217285162,-172.63510131835938,-1.6583517789840698,-1.4201400279998782,0.529492199420929,0.5924464464187622,0.6015310287475586,0.602382481098175,0.39530422515336866,0.40191712570977517,0.8447367548942566,0.8424062728881836,0.8107041939209512,0.8010528672323505,0.39052754640579224,0.3842851221561432,-0.4263943924820134,-0.45664231481256584,0.8785042762756348,0.8804891109466553,0.8846723246802779,0.8853808660502639,0.7317450046539307,0.7227903604507446,0.9023889557540152,0.8759133356267433,0.8219712376594543,0.794565737247467,0.7608360754822614,0.6951180987478035,0.2709825336933136,0.28182369470596313,-0.8919315987919212,-0.8599907379822769,0.8015458583831787,0.7734845280647278,0.7160940552417833,0.6484373293074398
104,4.333333333333333,104,4.333333333333333,0.0,0.031479461662624275,0.032074238506462356,0.5925622099406851,0.5966203063578266,0.08419785310796915,0.08523068421971725,0.08619652557339735,0.08498839452537293,0.10589728737110904,0.10576630392303274,0.10150704005651731,0.09497061232117765,0.08229648817467622,0.08079963113302188,0.4928639382123947,0.493852436542511,0.49296993017196655,0.4937167763710022,0.501526340842247,0.49973955750465393,0.22613631933927536,0.225755512714386,0.27722421288490295,0.27701979875564575,0.48296211659908295,0.47901390492916107,-173.06657409667974,-173.01963806152344,-1.9698565006256106,-1.4960825443267822,0.596849262714386,0.763352632522583,0.6094355583190918,0.5971826314926147,0.4171697147948653,0.3856490691341287,0.8466416001319885,0.8496062159538269,0.7908526199884715,0.8250119565535198,0.37547338008880615,0.39021870493888855,-0.48731219552996097,-0.4334491217711579,0.8806859254837036,0.8862456679344177,0.8648849619798165,0.9065786406597749,0.7295733094215393,0.7139990329742432,0.8816141110695288,0.8479716811707179,0.8189811110496521,0.7905323505401611,0.7307024843568886,0.6935018203843323,0.27226522564888,0.28356537222862244,-0.8863079195184815,-0.8555495009612519,0.8006700873374939,0.7782489061355591,0.6908835731091193,0.6661564378710328
105,4.375,105,4.375,0.0,0.03295354062131339,0.03023372661323222,0.597874607478814,0.5939936732038715,0.08541292473913331,0.08537639445552272,0.08691350705847768,0.08515310067553686,0.105808288199204,0.10509105777747689,0.10050962373407459,0.09398804868000078,0.0818881064150014,0.08092534792966578,0.49326084554195404,0.4941796213388443,0.4932960569858551,0.4940904676914215,0.5007484257221222,0.5002118796110153,0.2258705571293831,0.22533642500638962,0.27656495571136475,0.27625545859336853,0.48098768293857574,0.4810235947370529,-173.25236511230474,-173.26051330566406,-1.7721039056777954,-1.555076003074646,0.6488730907440186,0.7700979113578796,0.6053344011306763,0.6000642776489258,0.4060167271169936,0.3961878521937028,0.8389601111412048,0.8427396416664124,0.7817044411085552,0.8072962936896468,0.37933963537216187,0.3828163146972656,-0.4713251419089636,-0.46579448900752907,0.882108747959137,0.8913044333457947,0.8759281253115889,0.9156856688898901,0.7302271723747253,0.7122724056243896,0.8908671482465241,0.8413999662222208,0.8164984583854675,0.7764005661010742,0.7326549268709414,0.6592373665689657,0.2752416133880615,0.28409671783447266,-0.8754475686514728,-0.8574876863571699,0.794507622718811,0.7764090895652771,0.6846335359760447,0.6592563896704255
106,4.416666666666667,106,4.416666666666667,0.0,0.03273654152822548,0.03207121988690345,0.595479020761649,0.5942364624359239,0.0842496160953418,0.08535693258894332,0.0860177903208152,0.08485922516585205,0.10568937580540222,0.1052126373769468,0.09878040662811272,0.092009654389535,0.0820226689369777,0.0808785182307573,0.4936554282903671,0.49447135627269745,0.493564635515213,0.4943885803222656,0.5029831230640411,0.49935899674892426,0.22533734142780304,0.22542958706617355,0.27582767605781555,0.27579522132873535,0.48053330183029175,0.4840835779905319,-173.48616027832037,-173.4818878173828,-1.7678279876708984,-1.8347477912902834,0.8827100992202759,0.9719981551170348,0.6084203720092773,0.6035839915275574,0.41000757632519075,0.4129799078719218,0.8405147790908813,0.8459332585334778,0.7874092235018203,0.8065062946654085,0.3644830584526062,0.38198554515838623,-0.5385769865990271,-0.4650792003148861,0.8788632154464722,0.8856691718101501,0.8712910740988331,0.8950714251743783,0.7313518524169922,0.7135966420173645,0.8880439329282914,0.8488927554621102,0.8130417466163635,0.7813228964805603,0.7273158005495592,0.6624999116333679,0.27978864312171936,0.2792179584503174,-0.867923136138003,-0.872284291387903,0.7943243980407715,0.7795252203941345,0.6863742137210489,0.6584931730415404
107,4.458333333333333,107,4.458333333333333,0.0,0.030881644266277087,0.030541682985044748,0.5988317605586246,0.5912137520705274,0.08217149689653361,0.08564406557045023,0.08405355802918535,0.08565341975106973,0.10762886943916805,0.10373903547678644,0.10078585553047512,0.09087377807232459,0.08177452875322593,0.0811129175380167,0.493882954120636,0.4946918785572052,0.4937242567539215,0.4945999085903168,0.5031539648771286,0.5029052495956421,0.2249559462070465,0.22477590292692184,0.2757997512817383,0.27555105090141296,0.480146661400795,0.47786152362823486,-173.22254943847662,-173.18016052246097,-1.6727921962738037,-1.7607716321945193,0.9242641329765321,0.9568786621093749,0.6088487505912781,0.6069756150245667,0.41204273453719964,0.4091308391718547,0.8419589400291443,0.84919673204422,0.793404256540835,0.8211524501140339,0.3669360876083374,0.3851258456707001,-0.5310345847569234,-0.4630250520056267,0.8789591193199158,0.8816026449203491,0.8745405293433026,0.8928132949607351,0.730816662311554,0.7175372838973999,0.8875249594307821,0.8437808779196858,0.8120081424713135,0.7794089317321777,0.7277263023286037,0.6668271345622013,0.28017735481262207,0.2788867652416229,-0.869256619690697,-0.8806817398595733,0.7932010293006897,0.7763022780418396,0.686484905824906,0.6599572331048119
108,4.5,108,4.5,0.0,0.028733298449229408,0.03302629314146863,0.5975074499902137,0.5910500023179074,0.08122498865536426,0.08670256150908094,0.08332145342952389,0.08642668236116553,0.1072395550797275,0.10409257112431262,0.09994462797460418,0.09104370478318705,0.08185622080092562,0.08110533086814871,0.4942004382610321,0.49487730860710144,0.4939306676387787,0.4947530925273895,0.5032146871089935,0.5038411021232605,0.22502583265304565,0.22511018812656403,0.27605950832366943,0.2754706144332886,0.4808157980442047,0.4776448458433151,-172.94648742675787,-173.4196319580078,-1.5253928899765015,-1.7296462059020996,1.028747320175171,1.0441021919250488,0.609027087688446,0.609263002872467,0.41235334931517825,0.4141382057806617,0.842194139957428,0.847603440284729,0.7921685688400912,0.8175044077868601,0.3665710687637329,0.3866428732872009,-0.532503311319399,-0.46040020020415373,0.8791612982749939,0.8831366896629333,0.8732033667293992,0.8960228918175691,0.7304185628890991,0.7180837392807007,0.8854187093597551,0.8416283592265567,0.8127550482749939,0.7822125554084778,0.7276358605362108,0.6730089495961086,0.28012269735336304,0.2795475423336029,-0.8693945953153769,-0.8811122903240339,0.7948674559593201,0.7824102640151978,0.6884249096815385,0.6734458299926702
109,4.541666666666667,109,4.541666666666667,0.0,0.040164709387708594,0.03317683076746152,0.5951816597391528,0.5906802047233818,0.08112991631785665,0.08736902715005172,0.08277631092425942,0.08710890670261079,0.10815074165960477,0.10371419912258133,0.09928191046172342,0.08987335989605687,0.08207597853514785,0.08136614607613428,0.494379460811615,0.4949589967727661,0.49417737126350403,0.4949747622013092,0.5031865537166595,0.4989762306213379,0.22471322864294052,0.2250497192144394,0.27497944235801697,0.27505579590797424,0.48117928206920624,0.4774439334869385,-173.92070007324224,-173.87899780273438,-1.8740345239639284,-2.0305850505828857,1.0874649286270142,1.0702630281448364,0.6090359091758728,0.6013398766517639,0.41150956520615933,0.3999112628444841,0.840632438659668,0.8472262024879456,0.7860615351938042,0.8126181139344792,0.3645913600921631,0.38164618611335754,-0.5388152589181946,-0.45838154548382554,0.879033088684082,0.8781357407569885,0.870037077923624,0.8805436279366309,0.7314772605895996,0.7155762314796448,0.8875236804071946,0.8462064730442987,0.8129414916038513,0.7861433029174805,0.7255062501599179,0.6783848777744584,0.27949219942092896,0.2800140380859375,-0.869654482787843,-0.855435013578957,0.7959522008895874,0.7765349745750427,0.6883536262481363,0.6572700155697655
110,4.583333333333333,110,4.583333333333333,0.0,0.04660575962584915,0.030216537607960968,0.5957538537114692,0.5942446680783862,0.08127195187658764,0.08766824321574578,0.08251942550951835,0.08736147706823454,0.10935699392303938,0.10425824960206644,0.09924642819484465,0.09035383111243037,0.0821496611963054,0.08116167650193495,0.4945106655359268,0.4951212555170059,0.4943435490131378,0.49497470259666443,0.5031602084636688,0.49947091937065125,0.22477635741233826,0.22529173642396927,0.27480724453926086,0.2753738760948181,0.4810076057910919,0.4793870151042938,-174.086654663086,-173.6619415283203,-2.0479538440704346,-1.6505718231201172,1.1317903995513916,1.1531785726547241,0.6086254715919495,0.6055005788803101,0.4101028348911766,0.41491124642332006,0.8397293090820312,0.8503150939941406,0.7846274734429688,0.8164697089922321,0.36403918266296387,0.3845309615135193,-0.5409736379687516,-0.44977868833014756,0.8788546323776245,0.885222315788269,0.8702058013875218,0.8933058689973717,0.7318269610404968,0.7148721814155579,0.8891731807756714,0.8429000576774178,0.813187301158905,0.7846096754074097,0.726572473074242,0.6718419845199302,0.2793184220790863,0.2779231667518616,-0.8704112467037186,-0.8669522717176477,0.7957082390785217,0.7884816527366638,0.6883407402505359,0.6803648016997519
111,4.625,111,4.625,0.0,0.04181658591114875,0.03079837388204771,0.5979033276116946,0.5921643853336961,0.08419666472134091,0.08764731069653019,0.08577339489186779,0.08730401336499126,0.10690874481717376,0.10569682699019042,0.0970185787829239,0.09115544203977874,0.08197261983805383,0.08092435170870232,0.4947190433740616,0.49531814455986023,0.49487295746803284,0.4952705502510071,0.5034392774105072,0.49928928911685944,0.22462105005979538,0.22549839317798615,0.2746528387069702,0.27604377269744873,0.48090367019176483,0.4779103845357895,-173.7302856445313,-173.3229217529297,-2.658447742462158,-1.932459831237793,1.041085958480835,1.1794703006744385,0.6084545850753784,0.6056897044181824,0.4074568096223745,0.4121994571475308,0.8407662510871887,0.8468804359436035,0.7853951017779498,0.8040401499899962,0.36535272002220154,0.3819422721862793,-0.5357724447632789,-0.4546070289263789,0.878452718257904,0.8827352523803711,0.8676452947420156,0.882173082122796,0.7309198975563049,0.7181851267814636,0.8826192085378363,0.848011215009628,0.8126640915870667,0.7908751368522644,0.7240625276440682,0.6819963447819043,0.27932339906692505,0.27633392810821533,-0.8695640931416224,-0.8637379705298217,0.7946571111679077,0.7827781438827515,0.6847625421222928,0.664351803126464
112,4.666666666666667,112,4.666666666666667,0.0,0.03313359761570052,0.030891219526674406,0.602215759229643,0.5906711734807527,0.08181795409787265,0.08555946326905162,0.08296693793012684,0.08510689801994863,0.10997378130018343,0.10886369444424344,0.09626468633011423,0.09356367162540605,0.08205880774148248,0.08109397048366998,0.4950419217348099,0.49544158577919006,0.4947437345981598,0.4955536723136902,0.5036339461803436,0.5014269351959229,0.2254645898938179,0.22601966559886932,0.27562183141708374,0.2756849229335785,0.4803673326969147,0.4774022102355957,-173.36791992187503,-173.9882354736328,-1.8401367664337158,-2.3761231899261475,1.5647653341293335,1.2207465171813965,0.6090395450592041,0.6052345037460327,0.41011384959478553,0.4019016573440071,0.8416910171508789,0.8500992059707642,0.7907873483572082,0.8116507551464814,0.3668566048145294,0.38086795806884766,-0.5321755447672344,-0.4667564551584759,0.8785790205001831,0.8807647824287415,0.8715198538913276,0.878433526604091,0.7306074500083923,0.7204703688621521,0.8831122672896877,0.8480491379420374,0.8125579953193665,0.7876285314559937,0.7270272737343955,0.6756035888836949,0.2796647548675537,0.2760942578315735,-0.8714230384050381,-0.872398590501411,0.7930663824081421,0.7825388312339783,0.6843682354469786,0.6645193593998504
113,4.708333333333333,113,4.708333333333333,0.0,0.03236987197127074,0.02672882088765718,0.6061538139935763,0.5874982310944095,0.06328194143719254,0.05629889856529468,0.06355502632176493,0.056082812985935405,0.13769513046157802,0.14944284321217124,0.12739378497321915,0.13499261961291334,0.08164371976288715,0.08142849424034433,0.4950743615627289,0.49601811170578003,0.49537596106529236,0.495484858751297,0.5035443753004074,0.5025427937507629,0.2281384840607643,0.22868648916482925,0.2755051553249359,0.2762938141822815,0.48006248474121094,0.47488370537757874,-175.68128967285162,-175.212158203125,-2.3869211673736572,-1.0638518333435059,1.048147439956665,1.6544766426086426,0.6095057725906372,0.6060459613800049,0.4120000919116383,0.4000828627141753,0.8423418402671814,0.8513619303703308,0.7923476050729199,0.818575414823148,0.36738935112953186,0.380633682012558,-0.5293992331847477,-0.4712295046841025,0.877765417098999,0.8813707828521729,0.8698231383531904,0.8838235679378823,0.7302331924438477,0.7191523313522339,0.8814135702894278,0.8372861032159022,0.8112912774085999,0.7852602005004883,0.724436368227961,0.6748506324674732,0.278873473405838,0.2774312198162079,-0.8735674934230807,-0.8701500156250835,0.7915833592414856,0.7780948877334595,0.6813328307989102,0.659271115562555
114,4.75,114,4.75,0.0,0.03270291181172197,0.03008874275768736,0.613072712227886,0.6018303327415534,0.05865202508284257,0.04969367540766492,0.05914474042434415,0.05076976032390102,0.1518735524756253,0.16554460284929076,0.14583644923818848,0.15278382699911144,0.08080893950394483,0.08115435385006782,0.49554985761642456,0.4962727129459381,0.4959516227245331,0.4959414005279541,0.5034264922142029,0.5019784569740295,0.229288250207901,0.22961178421974182,0.27580171823501587,0.27497729659080505,0.4799584597349167,0.47548994421958923,-176.0447387695313,-177.44320678710938,-2.199613332748413,-1.4236106872558594,0.8487520217895508,1.7468615770339966,0.6089328527450562,0.6060535311698914,0.41149011830890425,0.4047409323306794,0.8462994694709778,0.8475160598754883,0.8036904967820123,0.8138162418980356,0.3696522116661072,0.3812023103237152,-0.521739108926301,-0.4696902747968327,0.8762584328651428,0.8807716369628906,0.8694154184627108,0.8865636314723004,0.7297729253768921,0.7192791104316711,0.8827839392078802,0.8450675606629429,0.809255838394165,0.7867093682289124,0.7224230070074362,0.6808001142780056,0.279250830411911,0.27896982431411743,-0.8743176158562158,-0.8672655061547074,0.7929360270500183,0.7785208225250244,0.6866200885844734,0.6628874699476486
115,4.791666666666667,115,4.791666666666667,0.0,0.028891811037896196,0.03298106270228556,0.6034819814324002,0.5975888422485474,0.057620560439437196,0.05206479603989457,0.05765566295734031,0.05291552967165081,0.15949993418530442,0.17218883176638292,0.15026599088674544,0.15819939022851787,0.08122435382612264,0.08139638202673848,0.49572454392910004,0.49636293947696686,0.4961340129375458,0.4965083599090576,0.5032099187374115,0.5019004046916962,0.2285294532775879,0.22936201840639114,0.27459806203842163,0.2745792269706726,0.4793732166290283,0.47521550953388214,-176.83590698242193,-177.6865997314453,-2.2005224227905273,-2.1723053455352783,1.0212653875350952,1.6595145463943481,0.6085748076438904,0.6049218773841858,0.4105552746074822,0.40675471832205184,0.8463731408119202,0.844839334487915,0.8043854824163267,0.8208944685721068,0.37230148911476135,0.38379967212677,-0.5100859197969183,-0.46629143374278836,0.8764468431472778,0.881287693977356,0.8703006174532929,0.9018423260245604,0.7289491891860962,0.7214987277984619,0.8795951775834279,0.8670294815713613,0.8088469505310059,0.7888718247413635,0.7221360848461044,0.6965966931881385,0.279743492603302,0.28093254566192627,-0.8707390184644379,-0.8724367542887322,0.7941823601722717,0.780634880065918,0.6899944335462809,0.6783033314903404
116,4.833333333333333,116,4.833333333333333,0.0,0.031073074524576277,0.027098908757804244,0.6060133831949597,0.6060234894543068,0.06447977394323673,0.06409609635228952,0.06402775192755215,0.06443707652678728,0.15556894137067898,0.16148602775877116,0.14084612945838623,0.14279466870800842,0.08151551938969555,0.08140751937920035,0.49607323110103607,0.4970860332250595,0.4967716634273529,0.49710094928741455,0.5027630925178528,0.5012685358524323,0.22738775610923767,0.22843758016824722,0.2743981182575226,0.27419018745422363,0.4790145009756088,0.47333119809627533,-176.19776916503912,-177.29551696777344,-3.3063890933990483,-2.177579402923584,1.4139478206634521,2.128629684448242,0.6090317964553833,0.6060516834259033,0.4135889187239898,0.4097227496727021,0.8455930352210999,0.8425906896591187,0.8025148314457438,0.81218101357741,0.37141257524490356,0.3826218545436859,-0.5112052410528177,-0.4639318977440983,0.8763369917869568,0.8787282109260559,0.8698195937723376,0.891664978976743,0.7291738390922546,0.7209311723709106,0.8811717127767407,0.8589241831240105,0.8078115582466125,0.7920766472816467,0.7198035082408585,0.7010760939329946,0.2793744206428528,0.277582585811615,-0.8694100504912622,-0.8746561316037238,0.794310450553894,0.7808989882469177,0.6902468426094308,0.6764909914463226
117,4.875,117,4.875,0.0,0.030086033135780784,0.026041644266466102,0.603338425563419,0.6055090352413303,0.07601870329364102,0.07620233873498694,0.07570817727128687,0.07697156503561237,0.14340046627481715,0.14833658849106973,0.12495178161033074,0.12708647929304157,0.0817718629892801,0.08161801758265896,0.49684156477451324,0.4978070855140686,0.49746468663215637,0.4977262318134308,0.5029477924108505,0.5041491687297821,0.22662696242332458,0.22705913335084915,0.27440789341926575,0.2744773030281067,0.4795994162559509,0.4724874496459961,-175.55444335937506,-175.79525756835938,-3.706187248229981,-2.4774680137634277,1.7946627140045166,2.3480241298675537,0.6107669472694397,0.6052559614181519,0.41792639065646814,0.40200194512319193,0.8449560403823853,0.8412236571311951,0.7966056557939032,0.8246812716193559,0.3687792420387268,0.38354015350341797,-0.5200613756449354,-0.4795430399007035,0.8762831687927246,0.8738722801208496,0.8649097894089056,0.8977001598575282,0.7306346893310547,0.71806401014328,0.8825552672383224,0.850528239027378,0.8082244992256165,0.7879140377044678,0.7165180058122712,0.705453911121697,0.28044217824935913,0.2805327773094177,-0.8624716855671486,-0.8891017301823283,0.7933100461959839,0.7685328722000122,0.6839992642542522,0.6621077902655801
118,4.916666666666667,118,4.916666666666667,0.0,0.024761813653913226,0.024134570195707243,0.6048221556166953,0.5937882662554108,0.07833869072899992,0.0803040444573356,0.07835981469095786,0.08086393579381085,0.13928069823111539,0.13573696274074,0.11822455385628942,0.11503579267238784,0.08193118826282304,0.08225138021882022,0.49772757291793823,0.4986690282821655,0.4979798197746277,0.498546838760376,0.5031102895736694,0.50196872651577,0.2274313047528267,0.22683720290660858,0.27454325556755066,0.27455708384513855,0.4799180030822754,0.4737011194229126,-176.40002441406256,-176.0065155029297,-3.255077600479126,-2.458379030227661,2.2881181240081787,2.2652652263641357,0.6114951968193054,0.6068788170814514,0.4183110507389423,0.4198942021590795,0.8434457778930664,0.8404820561408997,0.7892064978563529,0.8257563045409828,0.36461469531059265,0.38313326239585876,-0.5345231087166387,-0.47562939013568,0.8733766078948975,0.8700783848762512,0.8541853169740216,0.8923883254501694,0.7303052544593811,0.7188474535942078,0.8768579214498131,0.8680396669266365,0.807700514793396,0.7880915403366089,0.7116047412353417,0.7078063393365193,0.28046590089797974,0.2817976474761963,-0.8592949935084916,-0.8812170409284491,0.7918542623519897,0.7693018317222595,0.6772030633994761,0.6655039217473608
119,4.958333333333333,119,4.958333333333333,0.0,0.023771717106482005,0.02930916165388216,0.5990153430669902,0.5976116858073536,0.07978681778747188,0.08429954874027352,0.07985812570965985,0.0841269814697352,0.13815506231598912,0.13375585919584806,0.11348932566626574,0.10925180416247382,0.08239676173759326,0.0821249530295158,0.4985889196395874,0.499418705701828,0.49864694476127625,0.49954086542129517,0.5029296875,0.5022134035825729,0.22843100875616074,0.22791548073291779,0.27645063400268555,0.27612271904945374,0.48122212290763855,0.47359174489974976,-175.7610931396485,-175.9778594970703,-3.254145860671997,-3.3196253776550297,2.66168212890625,2.4960567951202393,0.6120908260345459,0.6071246266365051,0.4215725367603682,0.4233908663428718,0.8402041792869568,0.8390268683433533,0.7798292527212569,0.8295686825888179,0.36352771520614624,0.3772689700126648,-0.5383604813788229,-0.5042390168941991,0.8716883063316345,0.8681998252868652,0.8482233209748774,0.8957937658013909,0.7313621044158936,0.7161810398101807,0.8821897130273999,0.8635105018761651,0.8059355020523071,0.7860125303268433,0.7053862088845332,0.709221644974461,0.28019025921821594,0.28546106815338135,-0.8602037966797982,-0.8747487295237142,0.7906863689422607,0.7653677463531494,0.6722599846999766,0.6623562367400198
120,5.0,120,5.0,0.0,0.04141682914759086,0.0464158385157782,0.602396821387171,0.607502435631126,0.08017957582071922,0.08464437099590649,0.07992458008952952,0.08510831636899609,0.13736605254871279,0.13437726712768427,0.11039533369156367,0.10777978611828576,0.0825960621036934,0.0821869867583449,0.4993646889925003,0.499937042593956,0.4997980296611786,0.5003008842468262,0.5029119402170181,0.5021127462387085,0.2292274460196495,0.228601336479187,0.27845966815948486,0.2781228721141815,0.48124754428863525,0.47630949318408966,-175.19416809082037,-175.15179443359375,-4.9143595695495605,-5.0688018798828125,2.6192898750305176,2.61907958984375,0.6121921539306641,0.6072767972946167,0.4214439453303983,0.42303424582229443,0.8404531478881836,0.8404996991157532,0.7792268578361904,0.8240603300256797,0.3641190528869629,0.37649139761924744,-0.5352608677491248,-0.5053260305098114,0.8731520175933838,0.8663402199745178,0.8501607108714669,0.8825301839648729,0.7319657802581787,0.7188996076583862,0.8833561974263459,0.8720495787681372,0.8057217001914978,0.788657546043396,0.7038837212436952,0.7067560723212191,0.2796456813812256,0.284775972366333,-0.8610361362348312,-0.8742616635762016,0.7926946878433228,0.7679818272590637,0.6756241456765549,0.6599727174494189
121,5.041666666666667,121,5.041666666666667,0.0,0.06811735285735981,0.04375398140609428,0.6086588735915023,0.5926287157582857,0.08242922274902192,0.08713291691797447,0.08347627440952184,0.08893190110437026,0.1337132498062889,0.13638382956509035,0.10379137737052763,0.10675868524632344,0.08238262130531172,0.08192382737157719,0.5000753700733185,0.500636100769043,0.5007357001304626,0.500410258769989,0.5036050379276276,0.5024714469909668,0.22887272387742996,0.22883275896310806,0.2796216607093811,0.27996525168418884,0.4811576008796692,0.4755649268627167,-173.83625793457034,-173.77108764648438,-7.442188262939453,-5.3239054679870605,2.830305814743042,3.0854334831237797,0.6120814681053162,0.6058859825134277,0.41810268299590675,0.4146354251419037,0.8388535976409912,0.8412691950798035,0.7755042393082897,0.8247785814519277,0.3641839921474457,0.37666741013526917,-0.5373730792145733,-0.5044050146596704,0.8724401593208313,0.8655837178230286,0.8483217189623471,0.8796155065843778,0.7324075698852539,0.7172382473945618,0.8818777713374292,0.8610967804653529,0.8056744337081909,0.7925916314125061,0.7035700199724204,0.7149953073715254,0.27902406454086304,0.28349390625953674,-0.8656065411539646,-0.8779795339116985,0.7917002439498901,0.7721394300460815,0.673273221862902,0.6688691363185929
122,5.083333333333333,122,5.083333333333333,0.0,0.03444751036329973,0.03087595124344967,0.5984010169451385,0.5911761374427408,0.07787092064032575,0.0844866834862027,0.07828630850354848,0.08556957235781583,0.14292231749416243,0.14665777131743657,0.11236515311674121,0.1127754913762333,0.08331167001043259,0.08118024589646226,0.5007383078336716,0.5014687478542328,0.5016586184501648,0.5016266703605652,0.5035572648048401,0.5017537772655487,0.22879406064748764,0.22877103090286255,0.2776867151260376,0.279297798871994,0.4811377227306366,0.4743761420249939,-175.60292053222662,-174.1533203125,-5.5278401374816895,-5.863864898681641,2.783853054046631,3.203319787979126,0.611639678478241,0.6038088202476501,0.41770292816042887,0.39914190678899253,0.8387258052825928,0.838819146156311,0.7773525872101809,0.8017611391418142,0.3650953471660614,0.37781283259391785,-0.5351097044445394,-0.4847386619996808,0.8722339272499084,0.8642146587371826,0.8501951302780487,0.8576303281922735,0.7324780821800232,0.7154054045677185,0.8847035561533273,0.8356012149729366,0.8061120510101318,0.7959476709365845,0.7064542897014796,0.707445478203862,0.27809202671051025,0.2826707065105438,-0.8713488804475779,-0.856843836925106,0.7928313612937927,0.7742354273796082,0.6775837008461258,0.6596793448709984
123,5.125,123,5.125,0.0,0.024745452699636752,0.02769406983574009,0.5933819301655783,0.5961106940150005,0.07976327411723867,0.08281100142035494,0.08012875638637677,0.08397192237419111,0.14783180059441406,0.14649871124286376,0.11109518571725215,0.11097262602007592,0.08231928829265095,0.08112632235309604,0.5015081614255905,0.502080887556076,0.5026341676712036,0.5026200413703918,0.5038056820631027,0.5017190724611282,0.22848962247371674,0.22847352176904678,0.27626991271972656,0.27758896350860596,0.4817502349615097,0.4763313978910446,-176.1226654052735,-174.7198486328125,-6.585850715637207,-6.22832727432251,3.3548264503479004,3.316662549972534,0.6128427982330322,0.6048126220703125,0.42246940761227497,0.4101117946060818,0.8344725966453552,0.8346323370933533,0.768734601481653,0.8017541929642672,0.3678279519081116,0.38291966915130615,-0.5268520768424687,-0.47259054202924095,0.8739744424819946,0.8721147179603577,0.8548262106783415,0.8856268618143933,0.733890175819397,0.7187604308128357,0.89147313495071,0.8634024273564321,0.8071354627609253,0.7950758337974548,0.709155161658288,0.7132403519257866,0.2781258821487427,0.2823008894920349,-0.8744069425982332,-0.8728575660435299,0.7916638851165771,0.7727658748626709,0.6754359015072094,0.6633183417835694
124,5.166666666666667,124,5.166666666666667,0.0,0.03380478985313447,0.02945910380967397,0.5989005608204852,0.5955882910455549,0.08390545334729134,0.08366335008620436,0.08346285269281759,0.08355696684123146,0.14459309866856973,0.14820581634152216,0.10523848504253673,0.11066645999523486,0.08160120026428223,0.08146505565596204,0.5025123655796051,0.5031805485486984,0.5037549734115601,0.5038270950317383,0.5039837509393692,0.5029949694871902,0.2280402109026909,0.22826120257377625,0.2759528160095215,0.27736619114875793,0.48455810546875,0.4764534831047058,-175.6828002929688,-174.67889404296875,-7.0447492599487305,-6.199027061462402,3.499379873275757,3.4000704288482666,0.6091216802597046,0.6034675240516663,0.4062917914624876,0.39970138959803353,0.8362659811973572,0.8370003700256348,0.7645101382684535,0.8068122627368494,0.3723052144050598,0.3828001022338867,-0.5088545004788813,-0.4781609830858504,0.8765905499458313,0.8751956224441528,0.8521639662233905,0.8922835263851415,0.7338459491729736,0.7172767519950867,0.8882724333032231,0.8524589287613529,0.812425971031189,0.7994171977043152,0.7126889232026797,0.722710678722777,0.276034951210022,0.2818741202354431,-0.8808783547713194,-0.8796662043494002,0.793243408203125,0.7763344645500183,0.6709916375514968,0.6710573907817458
125,5.208333333333333,125,5.208333333333333,0.0,0.037899702315100495,0.036028771435242316,0.5948875988621465,0.5822656945793193,0.08498181665762035,0.08336341431278754,0.083715435834551,0.08215854971446293,0.1519444236786706,0.1547974088530719,0.10362732548540939,0.1104264068379973,0.08162645958860162,0.08105100326220556,0.5042694360017776,0.5047061741352081,0.5052523016929626,0.5052729249000549,0.5027423053979874,0.5024080872535706,0.2275538593530655,0.22772186994552612,0.2766658365726471,0.27689129114151,0.4823175221681595,0.4785498380661011,-174.7109985351563,-174.4914093017578,-8.392638206481934,-7.692673683166504,4.292837142944336,4.027368068695068,0.6081874966621399,0.6023574471473694,0.40669610740299267,0.39769266748498244,0.8374109268188477,0.837483823299408,0.7703859780973825,0.8033497711435503,0.37253236770629883,0.3815022110939026,-0.5022123263234953,-0.48107742216296623,0.8727420568466187,0.8700616359710693,0.8470379429247935,0.8762639543383381,0.7306955456733704,0.7178618311882019,0.8792026869926552,0.8572778678726288,0.8133202195167542,0.7992104291915894,0.7181204534075111,0.7176879958245664,0.27301397919654846,0.2820645570755005,-0.8860490924832981,-0.8767340418456366,0.7944732904434204,0.7806689739227295,0.6772314656140734,0.6761893513392163
126,5.25,126,5.25,0.0,0.05695410945899,0.06208075165315962,0.6050457945093874,0.5919288411382899,0.0845626910117151,0.08532037433655652,0.08284895934965811,0.08371964857254902,0.1565015323610615,0.1569150462379405,0.09781597099612949,0.10171438325195162,0.08129204260579119,0.08111018653105818,0.5069862008094788,0.5071955621242523,0.5084578394889832,0.5080187916755676,0.5027598738670349,0.5018699169158936,0.22777672111988068,0.22773528844118118,0.27642035484313965,0.27613410353660583,0.4851501137018204,0.4790981411933899,-174.75990295410162,-175.166748046875,-10.768675804138184,-9.783561706542969,5.105637073516846,5.02964973449707,0.6072118878364563,0.6072624325752258,0.402042241384039,0.4156938983327277,0.8392320275306702,0.8352149128913879,0.7666217527402008,0.7900941266229321,0.3737727403640747,0.3892256021499634,-0.49647942909376586,-0.4442967703838281,0.8724952936172485,0.871588408946991,0.8386399563061766,0.8707937394528658,0.7308514714241028,0.7178313732147217,0.8779386211696779,0.8518048847857025,0.8157137632369995,0.7974327802658081,0.715702425064696,0.7062692594693161,0.2701348662376404,0.2769354581832886,-0.8953879960292643,-0.8871966043789853,0.7958084344863892,0.7845509648323059,0.6726054539411189,0.677689176970753
127,5.291666666666667,127,5.291666666666667,0.0,0.06377394651741261,0.07243967020403622,0.6069827163511723,0.597329030119402,0.0793899760151626,0.0830297148376035,0.07723902303586136,0.08079856556920441,0.16690081409906327,0.16195758637932747,0.0989887390932825,0.09666194174795387,0.08109363875947291,0.08086431693545595,0.5102351307868958,0.5105617493391037,0.512481153011322,0.5124732851982117,0.5031708776950836,0.4997834116220474,0.22842437028884888,0.22831304371356964,0.2766232192516327,0.27710896730422974,0.48565638065338135,0.48048169910907745,-175.57443237304693,-174.88174438476562,-13.04211711883545,-13.190109252929688,5.768276214599609,5.604601860046387,0.606311559677124,0.607513964176178,0.3950274635507732,0.42712662073639124,0.841145932674408,0.8364185094833374,0.7658551893610904,0.7938038181010219,0.3768288493156433,0.3882387578487396,-0.48388831692309875,-0.44224864625533733,0.8716363906860352,0.8763520121574402,0.8315428456127149,0.8828627914045106,0.7316962480545044,0.7149062156677246,0.8752491807820522,0.8529119563291794,0.8167880773544312,0.7921493649482727,0.7133794139340605,0.6950755749641282,0.2694842517375946,0.2802138924598694,-0.8950167222454405,-0.8705421490280807,0.7945460081100464,0.7850992679595947,0.6654618195741192,0.6793525765428337
128,5.333333333333333,128,5.333333333333333,0.0,0.05569572617841196,0.059810656263577004,0.593551722470629,0.5973646356368406,0.07798869077359231,0.08107959757407553,0.07551477862402618,0.07887149371056594,0.17155236517713918,0.16916559171474313,0.09678432314760667,0.09658269067453867,0.08121387871836779,0.08049631267706141,0.5131358355283737,0.5139376521110535,0.5159397721290588,0.5161011815071106,0.5036564916372299,0.5002436488866806,0.22932246327400208,0.22915609180927277,0.2785356342792511,0.27833229303359985,0.4860394448041916,0.4817122370004654,-175.04911804199224,-174.63006591796875,-14.994704246520994,-14.524218559265137,6.057005405426025,6.14670991897583,0.6043591499328613,0.6055953502655029,0.3876314611255117,0.4168035648057619,0.8402627110481262,0.8397184014320374,0.7669687928577608,0.7967148325805382,0.3781690001487732,0.39190685749053955,-0.4830349119071456,-0.428613494253514,0.8716545701026917,0.8797340393066406,0.8349388516851806,0.8857665177114004,0.7311450839042664,0.7177750468254089,0.8756644253718032,0.8606207676895542,0.8172996640205383,0.7910298109054565,0.7172489067366818,0.6883621668895497,0.27015554904937744,0.2780619263648987,-0.8988075695459572,-0.8790188745862905,0.7948307394981384,0.7832897901535034,0.668598901048208,0.6711373536035737
129,5.375,129,5.375,0.0,0.04199097379328973,0.058575225339489084,0.5929146657806957,0.5967289201398763,0.07665425108389518,0.0794241546937359,0.0735356314190531,0.07757284024413394,0.17867781712529804,0.17316302254818017,0.09662266675531515,0.0949984403886382,0.0815386940934671,0.08100898308247197,0.5164887011051178,0.5173535943031311,0.5198015570640564,0.5196831226348877,0.5045471787452698,0.5017099976539612,0.2306547909975052,0.23040180653333664,0.28010496497154236,0.27918878197669983,0.48265479505062103,0.4780498892068863,-175.22050476074224,-174.9705352783203,-15.298065185546875,-14.625988006591795,6.5567145347595215,6.907670021057129,0.6037935614585876,0.6044924855232239,0.3872523548120641,0.4133920143355023,0.8437395095825195,0.8394486308097839,0.7925214246455866,0.8176211554857328,0.3775220215320587,0.38830268383026123,-0.49564316508421946,-0.4561251519966159,0.873810350894928,0.8774490356445312,0.8585219642366803,0.9035924977546861,0.7306993007659912,0.7160933017730713,0.8824295596872929,0.8622514181834938,0.817551851272583,0.7903643846511841,0.7350438316136354,0.7065739562554774,0.2716595530509949,0.2805243134498596,-0.9087110178837423,-0.8896106470162032,0.7939037084579468,0.7855398654937744,0.683140056462217,0.6956590623334651
130,5.416666666666667,130,5.416666666666667,0.0,0.03905148377447204,0.05667903541763949,0.5861883111907104,0.5893856795644946,0.07836150980527037,0.08279367758192584,0.07590330985504402,0.08152944081857141,0.1783474018558152,0.17356003642161552,0.09267558793864408,0.09209645625542012,0.0811122499972913,0.08046973072674253,0.5199096351861954,0.5204397886991501,0.5236107110977173,0.522910475730896,0.5041178315877914,0.5013091117143631,0.2322254776954651,0.23173721879720688,0.2810969352722168,0.2816668748855591,0.4853389412164688,0.47839923202991486,-175.78950500488287,-174.13163757324222,-16.3792724609375,-15.652583122253416,7.069994926452637,7.053790092468262,0.6062547564506531,0.6070444583892822,0.39815773450773684,0.4254689936934226,0.8448807001113892,0.8369951248168945,0.7883956949045757,0.8116626475922785,0.3674495220184326,0.3906008005142212,-0.5327705390602002,-0.44547973067738256,0.8751780986785889,0.8777055740356445,0.8548312006733767,0.9038085746991196,0.733842134475708,0.7163146734237671,0.8955283128215706,0.8651619619713056,0.8178209066390991,0.7919435501098633,0.7290595422859437,0.7096908148400489,0.2700871527194977,0.28034359216690063,-0.912315747009429,-0.8891442663147164,0.7957910895347595,0.7874184250831604,0.6807530172859574,0.6994484360684617
131,5.458333333333333,131,5.458333333333333,0.0,0.036806333788662556,0.047714342255379974,0.5833256835881186,0.5842371071095642,0.07912936312406138,0.08503687132327833,0.07705651639030063,0.08427313149650366,0.18251500878084007,0.17422640946772466,0.09212079045589862,0.08707578876719205,0.08092215868730189,0.08064699138593794,0.5229954123497009,0.5236086547374725,0.5267589092254639,0.5260537266731262,0.5043366700410843,0.5023891627788544,0.23375394940376282,0.23327288031578064,0.28338348865509033,0.28311631083488464,0.48473142087459564,0.47553563117980957,-175.28315734863287,-174.42306518554688,-17.087812423706055,-15.804935455322267,7.51974630355835,7.738311767578125,0.607752799987793,0.6059697270393372,0.4018140007524033,0.4142164424731082,0.8475488424301147,0.838287353515625,0.7929529936222048,0.8159829265493378,0.3667478859424591,0.38433167338371277,-0.5345887515401725,-0.47210935385122915,0.8754410743713379,0.8740190863609314,0.8539126595659565,0.8963587928582529,0.7307871580123901,0.7140899896621704,0.8798528487864795,0.846587040785964,0.8181242942810059,0.7907366156578064,0.7286443850642603,0.7090210905394077,0.2705298960208893,0.27801069617271423,-0.9084350315611243,-0.8972846486087802,0.7972127199172974,0.7768528461456299,0.6829412448402769,0.6777905871936659
132,5.5,132,5.5,0.0,0.0403015129679457,0.04184515930889849,0.5818904575080746,0.5847592360614973,0.08128578074716289,0.08519197268371337,0.0786689456929495,0.08429329836842232,0.18423977328043187,0.178343232995347,0.0898236623944058,0.08647016785795442,0.08102931886610434,0.08061083677342178,0.5249817967414856,0.5259223133325577,0.5286667346954346,0.5282626152038574,0.5053221434354782,0.5032491832971573,0.23453062772750854,0.23450405150651932,0.28540587425231934,0.2850854694843292,0.48254427313804626,0.47766590118408203,-174.69589233398443,-174.30215454101562,-17.45781707763672,-16.101064682006836,7.743118762969971,8.156487464904785,0.6098620295524597,0.6060156226158142,0.4098465181361476,0.40987644352072017,0.8480862379074097,0.8433922529220581,0.8061186999545762,0.8205034859350948,0.3626636564731598,0.38523954153060913,-0.5592897250591096,-0.4706728440638469,0.8751950860023499,0.876524806022644,0.8659010272650596,0.8948360441108242,0.7325646281242371,0.7162463665008545,0.890899584662603,0.8495237210735312,0.8166468143463135,0.7922214269638062,0.7367862848257613,0.705702239381758,0.26876527070999146,0.27696871757507324,-0.9274164553730811,-0.9025031240091054,0.7957133054733276,0.7786148190498352,0.6906222473565584,0.675175947874156
133,5.541666666666667,133,5.541666666666667,0.0,0.03882794549040379,0.04367984724455933,0.5857200960436924,0.5794354120432814,0.08022192941214332,0.08254233857338221,0.07778299274289521,0.08194683563072441,0.1860104362607863,0.18565397909316794,0.0880217712372006,0.08873601133413074,0.08079241687011467,0.08027492428613502,0.527325302362442,0.5278925597667694,0.5308473706245422,0.5305624008178711,0.5051895380020142,0.5040636658668518,0.23610413819551468,0.2356768473982811,0.28748077154159546,0.2863498628139496,0.48562416434288025,0.47731032967567444,-174.36987304687506,-174.84027099609375,-17.73326873779297,-17.693628311157227,8.143977165222168,8.540358543395996,0.6098089814186096,0.6070033311843872,0.40843065329279193,0.41548228420415023,0.8513265252113342,0.843626856803894,0.8030752001859321,0.8316657157079255,0.35762542486190796,0.38322991132736206,-0.5760851440624721,-0.48770592162085347,0.8794395327568054,0.8762255311012268,0.8648108124712708,0.9056760258710027,0.7328240871429443,0.7168872356414795,0.8886773297714969,0.8589927180128579,0.8188239336013794,0.7986487746238708,0.7317001475290662,0.7295498510466359,0.2711752653121948,0.27949655055999756,-0.913583547696251,-0.9063916978651246,0.798362135887146,0.7764211297035217,0.6867664417238886,0.6790853787878857
134,5.583333333333333,134,5.583333333333333,0.0,0.03848231750602316,0.04422362332491465,0.5736286780377068,0.5723548072613904,0.0805648212293652,0.08276955126953511,0.07844072485909803,0.08244475907144347,0.1889411665453266,0.1868375936620692,0.08844966371791553,0.08762744876923584,0.08035096347922743,0.0800524232655108,0.52901391685009,0.5295775234699249,0.5328960418701172,0.5325857996940613,0.5055393427610397,0.5041778683662415,0.2372044026851654,0.23706423491239548,0.28955450654029846,0.2872762680053711,0.4865148067474365,0.47609828412532806,-173.72148132324224,-175.1397705078125,-19.11225700378418,-18.587060928344727,8.140782356262207,8.740270614624023,0.6107997298240662,0.606704831123352,0.4098307210997141,0.4148233177319519,0.8500422239303589,0.8407144546508789,0.7961579666417381,0.8298192796062475,0.3571433126926422,0.3813874125480652,-0.5777791029292991,-0.4968092577655328,0.8802490830421448,0.8744556903839111,0.8623137237932587,0.9066099712770309,0.7330305576324463,0.716135561466217,0.8857357571635547,0.8575792270257692,0.8174334764480591,0.7942065000534058,0.7247418564307767,0.723973185823825,0.27358847856521606,0.2794555127620697,-0.9030993765599317,-0.909224955206204,0.79853755235672,0.7778298854827881,0.6833580713535506,0.6867021276428581
135,5.625,135,5.625,0.0,0.024229886527132653,0.03403802982933695,0.5382324906547695,0.544396760180899,0.08315060946462861,0.0828088653661351,0.08087962528437992,0.08220548294738655,0.1865011005958115,0.18601726931238297,0.08642941794402928,0.08651733358074382,0.08035276416049264,0.0801809163276908,0.5307210385799408,0.5311449021100998,0.5340880751609802,0.5340999960899353,0.5061108767986298,0.5040439367294312,0.23822136223316193,0.23817946016788483,0.2920772433280945,0.28989550471305847,0.483916312456131,0.4767257273197174,-173.16584777832037,-174.47325134277344,-19.470849990844727,-19.222400665283203,8.035571098327637,8.54684066772461,0.6113483309745789,0.6087541580200195,0.41158553280746707,0.4209191072530234,0.8489493727684021,0.8393102884292603,0.8030535267700132,0.8198632085315596,0.3565702736377716,0.3830915689468384,-0.5848559271056379,-0.486210057047834,0.8784310817718506,0.874722957611084,0.8679117354215069,0.8999370663076086,0.7328025698661804,0.7145601511001587,0.8865951956443092,0.8462430498480595,0.8176994323730469,0.7919975519180298,0.7343053020903784,0.7128813452062026,0.27517080307006836,0.2803305983543396,-0.9032106870738869,-0.8992934740163794,0.7930697202682495,0.7808914184570312,0.6801212313320545,0.6877685544523705
136,5.666666666666667,136,5.666666666666667,0.0,0.017275257753791778,0.022372526815020898,0.5165881447596218,0.5293116014661053,0.08436872178555273,0.08786745174266015,0.08177667638048824,0.08731292420989159,0.1849905821871463,0.18030951431434736,0.08469324338552667,0.08124121026676323,0.08054345181419069,0.0808061618164622,0.5319777280092239,0.5325910449028015,0.5354536175727844,0.5350481271743774,0.5067972242832184,0.504852369427681,0.23951919376850128,0.23934676498174667,0.2933627963066101,0.29125329852104187,0.48163437843322754,0.47797057032585144,-173.66430664062506,-174.9243621826172,-19.69845199584961,-17.739696502685547,8.0994291305542,8.62513542175293,0.6125675439834595,0.6072677969932556,0.41602893208643404,0.41368891497264776,0.8488127589225769,0.8387738466262817,0.8123802296205263,0.819787894114876,0.3564625382423401,0.38129734992980957,-0.5913150217035165,-0.4990785389512909,0.8755258917808533,0.8721588850021362,0.8714828951324998,0.895642666238112,0.7319312691688538,0.7135950326919556,0.8855251315824159,0.8431788835623166,0.8157649636268616,0.7930548191070557,0.7392621568870361,0.7159088338267483,0.27463680505752563,0.27856117486953735,-0.9131621380830867,-0.9140630564148492,0.7911949157714844,0.7811599969863892,0.6849010556371828,0.6888823852945773
137,5.708333333333333,137,5.708333333333333,0.0,0.01990412489540358,0.020817300302827527,0.506685540697198,0.5285646598141722,0.08453889280246268,0.08578713047744076,0.08199758981436689,0.08475371158603313,0.1869523826683077,0.18339187223209946,0.0869520819570084,0.08297583182296989,0.08023058152426468,0.08007937986781728,0.5329232215881348,0.5335183888673782,0.5363801121711731,0.5361623764038086,0.5063455551862717,0.505802258849144,0.2416059449315071,0.24087297916412354,0.2952116131782532,0.2932739555835724,0.48321110010147095,0.47915980219841003,-173.7620697021485,-174.27293395996094,-19.588003158569336,-18.604948043823242,7.9211697578430185,8.52316665649414,0.6125438213348389,0.6068446040153503,0.41741861592245133,0.4077447402019102,0.8497366905212402,0.8388615250587463,0.8103660091495241,0.8164883542572652,0.3573293089866638,0.37507280707359314,-0.5857172390327088,-0.5275436379003181,0.8747560977935791,0.867397129535675,0.8656824120215628,0.8812614349971376,0.7314468622207642,0.714083194732666,0.8847741063232069,0.8404937152947312,0.8109028935432434,0.7945468425750732,0.7245068225068095,0.7158982823421071,0.2740676999092102,0.2807382345199585,-0.9129819570081048,-0.9082199347011216,0.7928317785263062,0.779884934425354,0.6845526754024124,0.6826171594154771
138,5.75,138,5.75,0.0,0.028144956520136617,0.0303548197075823,0.5228723652608009,0.5312509290171226,0.08274340341260668,0.08204720456207189,0.08021716303807712,0.0814108784998101,0.18515847250904288,0.18326084976557314,0.08613261405264029,0.08521280239724098,0.08017753078096174,0.08014148085457425,0.533663734793663,0.5342382192611694,0.5374003648757935,0.5371300578117371,0.5064398795366287,0.5060252547264099,0.24277536571025848,0.24240805208683014,0.2980393171310425,0.29573291540145874,0.4815793037414551,0.48250919580459595,-173.02934265136724,-173.7108612060547,-20.575353622436523,-19.578371047973633,7.794335842132569,8.333144187927246,0.61277836561203,0.6078463792800903,0.42002611986813715,0.4097559395575716,0.8516398668289185,0.8406028747558594,0.8222069764543427,0.8105999078060342,0.3579200804233551,0.3768581449985504,-0.5866379826106443,-0.5198036324826852,0.8744751214981079,0.8680349588394165,0.8729427412747666,0.8726966331494748,0.7314291000366211,0.7157763242721558,0.8886843586597666,0.8440954364986535,0.809144914150238,0.7908781170845032,0.727790953668769,0.6980403002136184,0.27487409114837646,0.27735623717308044,-0.9146611276932894,-0.9202264122104958,0.7908697128295898,0.7837639451026917,0.6871867944560696,0.6819362819314149
139,5.791666666666667,139,5.791666666666667,0.0,0.036431813143549555,0.03633120898311051,0.5336907449564015,0.5363193501738845,0.08392914457661992,0.08606439661878576,0.08239100131976104,0.08561111329143534,0.17960163760432085,0.17799632013885952,0.08286681590483047,0.08212171312207149,0.08081751747686604,0.0807577278026312,0.5336520373821259,0.5342063009738922,0.5374471545219421,0.5372112989425659,0.5067367404699326,0.5045949816703796,0.24375184625387192,0.24335841089487076,0.29906776547431946,0.2972744405269623,0.4822085499763489,0.4848223328590393,-173.3239135742188,-174.17291259765625,-20.903701782226562,-20.044109344482422,7.988922119140626,8.377294540405273,0.61241215467453,0.6102674007415771,0.416544868884269,0.4224625730247632,0.8533146381378174,0.8403761386871338,0.8228268147740491,0.7995662401860512,0.35641491413116455,0.3794982433319092,-0.5925293590190804,-0.5001181047995941,0.8763246536254883,0.8703601360321045,0.8738452657119489,0.8669939870696213,0.7308017611503601,0.713546097278595,0.8832057613720637,0.8353554003222562,0.8086186051368713,0.7896506190299988,0.7237255182973324,0.6854951421724118,0.2722577452659607,0.2756424844264984,-0.9242549276812237,-0.915317941391374,0.7951637506484985,0.7880898118019104,0.6938930380037214,0.6819852127424306
140,5.833333333333333,140,5.833333333333333,0.0,0.017941381039423998,0.023482124889210757,0.5384401970713717,0.5437014654698425,0.08293605537831092,0.08524235675344821,0.08101002197558943,0.08341581583813013,0.18553196824004736,0.18263517256403172,0.08651612302149672,0.08413259478929572,0.07996647455476988,0.08053811069803649,0.5332255810499191,0.5336832851171494,0.5362106561660767,0.5364617109298706,0.5076749324798584,0.503878116607666,0.24422695487737656,0.24372778087854385,0.30005112290382385,0.29787400364875793,0.48256976902484894,0.4844195991754532,-173.03334045410162,-174.25120544433594,-19.859708786010742,-19.298311233520508,7.9070563316345215,8.239480972290039,0.6126577854156494,0.6089924573898315,0.41609252267110536,0.4146777692757576,0.8535166382789612,0.8435542583465576,0.8270005104390977,0.7969455119293517,0.3597831726074219,0.381684273481369,-0.5861591081471957,-0.4820566814175553,0.8745038509368896,0.8690112829208374,0.8737900563805434,0.853436471416171,0.7292386889457703,0.7147074341773987,0.8781531438926795,0.8317250572776309,0.8054549098014832,0.7906497716903687,0.7198501951840269,0.6795466696708867,0.271115243434906,0.2790624797344208,-0.9375885206435388,-0.8869013124489243,0.7958775758743286,0.792376697063446,0.698498188460453,0.6833788406696075
141,5.875,141,5.875,0.0,0.015371386340142302,0.016724782910892112,0.5511832184310301,0.5406728274193514,0.08343364171673412,0.08622132247212949,0.08347718803910605,0.08708403452274575,0.18338710768712707,0.1840124466969916,0.08865146767443596,0.08801968896650278,0.07982834020348173,0.08028181325727898,0.5322236716747284,0.5325569808483124,0.5352745056152344,0.5349480509757996,0.5075299441814423,0.5058407485485077,0.24333617836236954,0.24329671263694763,0.2984619736671448,0.296430766582489,0.4830252677202225,0.4834848940372467,-172.78132629394534,-173.8778076171875,-18.681669235229496,-18.064546585083008,7.556835174560547,8.215824127197266,0.6117936372756958,0.6094072461128235,0.41576051584277846,0.4100413697271283,0.8551821112632751,0.8415517807006836,0.8347543197240177,0.7974345957847242,0.3598111569881439,0.3759036064147949,-0.5890414711057289,-0.5144482529772622,0.8691521286964417,0.8689184188842773,0.8660893135613849,0.8583816000198111,0.7284433841705322,0.7135039567947388,0.8809114950823552,0.8221819637990093,0.8058738708496094,0.7953419089317322,0.7241550726661403,0.6945226768449143,0.27263808250427246,0.2800102233886719,-0.9366516634883434,-0.8941101614953271,0.7898155450820923,0.7866933345794678,0.6881359666506421,0.6752618274070421
142,5.916666666666667,142,5.916666666666667,0.0,0.022019414898443952,0.02468026609327088,0.5612366609200571,0.5538146063304816,0.08341746390496224,0.08517352348439446,0.08386208544707534,0.08700567899719365,0.18024966672950873,0.1777219638953743,0.08729421104754802,0.08548825571549529,0.08031384737842534,0.08091069442611089,0.5309703052043915,0.5311505198478699,0.5340777039527893,0.5336177349090576,0.5067543685436249,0.5049038678407669,0.24214611947536469,0.24203895032405853,0.2964797616004944,0.2944601774215698,0.48924997448921204,0.48259879648685455,-173.07202148437506,-174.32168579101562,-18.264177322387695,-17.25015640258789,7.664863586425781,8.341923713684082,0.6119317412376404,0.6097850799560547,0.4171282487588332,0.4207158969490908,0.8566064834594727,0.8403143286705017,0.8195162134138745,0.8071449782686752,0.3595619797706604,0.37530338764190674,-0.5837577207610692,-0.5198736854028847,0.8707940578460693,0.8705055117607117,0.8511665230039317,0.8752679967758573,0.7286126017570496,0.7162805795669556,0.879878760256485,0.8479072759979119,0.8083430528640747,0.7900781631469727,0.7118478778268063,0.6937927050747519,0.26904550194740295,0.27910518646240234,-0.9427415868828884,-0.9057589328925535,0.7941769957542419,0.7787594199180603,0.680245569991845,0.6682532304487552
143,5.958333333333333,143,5.958333333333333,0.0,0.03435785834652072,0.027745617473609218,0.5530851660761744,0.5503985063072103,0.08296573107428958,0.08637237147184894,0.08410747862036783,0.08782008196933117,0.17669565079553837,0.1732728338686066,0.08647667141785433,0.08195048224004568,0.08068541741959419,0.08111026382403833,0.5297166258096695,0.5299212336540222,0.5324540138244629,0.5318730473518372,0.5073520243167877,0.5046150982379913,0.24081730097532272,0.2408646121621132,0.2979813516139984,0.29524892568588257,0.48824846744537354,0.4791412204504013,-170.84597778320318,-172.9515838623047,-20.400230407714844,-18.504024505615234,7.2680444717407235,8.02556324005127,0.6122918128967285,0.6115567684173584,0.41496579374336384,0.43461193583303426,0.8559141159057617,0.8384333252906799,0.8178011096833586,0.8213436192425501,0.36341434717178345,0.3783154785633087,-0.5691760318399379,-0.513282821464484,0.8687947392463684,0.8715675473213196,0.8464515645340418,0.8970886230341861,0.7297540903091431,0.7162768840789795,0.8794495500091256,0.8601954535770598,0.8077406883239746,0.786166787147522,0.7106486392292664,0.7018620413691261,0.2656853199005127,0.27688220143318176,-0.9556281480693929,-0.9255085970435767,0.7946755886077881,0.7767944931983948,0.6815878523682599,0.6804369286848293
144,6.0,144,6.0,0.0,0.050706720983723245,0.06043483205585592,0.5741007172788788,0.5701782706577866,0.07979420991576186,0.08296986504960115,0.08125217378151861,0.08500698539448794,0.18016938277667488,0.17945513303697533,0.09041948892223958,0.08927520975376929,0.08085291422845131,0.08044542595023235,0.5283836275339127,0.5282576382160187,0.531700849533081,0.5308493375778198,0.5076612681150436,0.504331424832344,0.23988298326730728,0.24028164893388748,0.2955380082130432,0.2942377030849457,0.4882326126098633,0.47959163784980774,-170.661117553711,-171.9886016845703,-20.193912506103516,-19.9539852142334,7.228381633758545,7.573373317718507,0.6131467223167419,0.6114469170570374,0.41652002336168814,0.4344935131163013,0.8558752536773682,0.8377024531364441,0.8165667860592577,0.8170920277759517,0.36538347601890564,0.3793567419052124,-0.5617983041948044,-0.5069359054216002,0.8637624382972717,0.8723130822181702,0.8340849199118215,0.8960621897811208,0.7276216745376587,0.7161653637886047,0.8685359921436353,0.8592638695185099,0.8111751079559326,0.7853747010231018,0.7172838132731084,0.6976971721667312,0.2701016664505005,0.2767401337623596,-0.9380282009869356,-0.9231805554722163,0.7947863936424255,0.7754900455474854,0.6808830308835417,0.6751436137661745
145,6.041666666666667,145,6.041666666666667,0.0,0.07191558935821903,0.07800668484278338,0.5801417092427797,0.5896372814456702,0.08146298600528533,0.08282106378920996,0.08283381129697057,0.08495213271135767,0.17488444285371438,0.17986353517952408,0.08887455344994634,0.09401178856254189,0.08122182789607266,0.0799995131349844,0.5264680087566376,0.5267382264137268,0.5300439596176147,0.5292064547538757,0.5075223445892334,0.5050844252109528,0.23885609209537506,0.23893848061561584,0.29275912046432495,0.29213276505470276,0.48796914517879486,0.47967293858528137,-171.89225769042974,-172.33551025390625,-19.292720794677734,-19.252416610717773,7.01440715789795,7.306272983551025,0.6115015745162964,0.6113777756690979,0.40903332529818154,0.4318149063303811,0.8551198244094849,0.8381763100624084,0.8124169184130694,0.8192327483071925,0.3660842776298523,0.3790349066257477,-0.5563888373930433,-0.5120739992318969,0.8649221062660217,0.871964156627655,0.8341070311373341,0.89644292986554,0.7258385419845581,0.715612530708313,0.8588119016625055,0.8552668042113535,0.8122050166130066,0.7851386070251465,0.7174566803512527,0.6980338233317016,0.27300313115119934,0.2774982452392578,-0.9225512997755532,-0.9245649380980256,0.795380175113678,0.7751601934432983,0.6802273174305199,0.6752316857988756
146,6.083333333333333,146,6.083333333333333,0.0,0.08226879699566697,0.08163152626808871,0.5857502001980969,0.5900801097256015,0.0797696329067629,0.07681332608941094,0.08146284694551528,0.07996156203327975,0.17536491068452298,0.18097749163498905,0.09342670080004055,0.10316120878040085,0.0814253088967193,0.08079821102451956,0.5241069048643112,0.5244272351264954,0.5269631147384644,0.5264937877655029,0.5067310780286789,0.5060624182224274,0.23801090568304062,0.23861683905124664,0.2910662293434143,0.28976839780807495,0.4886936694383621,0.47943735122680664,-172.42021179199224,-173.36924743652344,-17.233871459960938,-16.516674041748047,6.742170810699463,7.07928991317749,0.6134757995605469,0.6111782193183899,0.4210258620737403,0.4270044296829651,0.8521437048912048,0.8388842344284058,0.8063611721916781,0.82133744871304,0.3653673529624939,0.37935447692871094,-0.5575712162420797,-0.5147166424487647,0.8655449748039246,0.8716006875038147,0.8360936323968714,0.8960946641896457,0.7284930944442749,0.714992344379425,0.8746806661415379,0.8487211535488122,0.8122540712356567,0.7851788997650146,0.7178608320755803,0.698620561695355,0.2729564309120178,0.27832460403442383,-0.9220612590561906,-0.9251230971052238,0.7953940629959106,0.7742515802383423,0.6804547110652359,0.6736515964302549
147,6.125,147,6.125,0.0,0.0808294168524469,0.07691968632167762,0.5914744269133001,0.5996816572838967,0.0490437611453407,0.047257878323711366,0.051101703890903086,0.0495526647383933,0.1939235457371842,0.19934052607492622,0.11613296624722277,0.12845779361551576,0.08116561237176431,0.08014211903314788,0.5208448767662048,0.5210764110088348,0.5237236022949219,0.5233703255653381,0.506812572479248,0.5061421096324921,0.23915044963359833,0.23929398506879807,0.28820744156837463,0.2881399393081665,0.4874398410320282,0.4786025136709213,-175.42211914062506,-174.68031311035156,-15.39243793487549,-15.130744934082031,6.688800811767578,6.362331867218018,0.6108156442642212,0.6110073328018188,0.40936596141471604,0.42632034828275117,0.848789393901825,0.8388749957084656,0.8000472012550295,0.8238690628269489,0.36438649892807007,0.38015323877334595,-0.5606025430705127,-0.5121966814269123,0.866976261138916,0.8721231818199158,0.8403138962518111,0.8999008257232389,0.7257130742073059,0.714069128036499,0.8616131505167471,0.8453090187988901,0.813852846622467,0.7841805219650269,0.7226958204372547,0.6987940513523724,0.2737983763217926,0.2791232466697693,-0.9171659913131153,-0.9229252348869385,0.7941606044769287,0.7747692465782166,0.6790961450264176,0.677272400325665
148,6.166666666666667,148,6.166666666666667,0.0,0.0854703276581585,0.08648069555008313,0.5949901175334298,0.6034625268506568,0.04480001284179123,0.04668066916496705,0.04635890181585213,0.04964153903781267,0.1830020133149328,0.1950879662026432,0.11706849154269211,0.13532606409003567,0.08154407387678447,0.08026805368303586,0.5175534933805466,0.5178991407155991,0.5205435156822205,0.5204426050186157,0.5067720413208008,0.5056309998035431,0.2377738058567047,0.23891174048185349,0.2861037254333496,0.2865018844604492,0.48533283174037933,0.478608101606369,-175.4424896240235,-175.39483642578125,-14.540541648864744,-14.183156967163086,5.565134048461914,5.435943603515625,0.6091412305831909,0.61107337474823,0.40382752638853714,0.426772766971722,0.8458536863327026,0.8391484022140503,0.7999808180412207,0.8208387733008548,0.3667403757572174,0.38036251068115234,-0.5523990326392516,-0.507017977783358,0.8677669167518616,0.8723509311676025,0.848605367143845,0.8964306643898236,0.7240762710571289,0.7137647867202759,0.8572250127258544,0.8424111481684021,0.8115190863609314,0.7850551009178162,0.7237937652739257,0.6976850537167856,0.27369654178619385,0.27800318598747253,-0.9194397564054261,-0.9213122522417486,0.7917591333389282,0.7754461765289307,0.6799472493743853,0.6758085042857803
149,6.208333333333333,149,6.208333333333333,0.0,0.06207789168330363,0.06334018157589304,0.5749936688686641,0.5855986336658145,0.053326498592690064,0.051384184623378806,0.05495683229183515,0.05392578865126279,0.1646144969135527,0.1747182181322603,0.11356471805099887,0.1281311783479508,0.08276364806698508,0.08222955387686728,0.5137667655944824,0.5141438096761703,0.5163661241531372,0.5161847472190857,0.506916880607605,0.5051708966493607,0.2352696657180786,0.2366994395852089,0.28527092933654785,0.2854434549808502,0.48445001244544983,0.4783816635608673,-174.84997558593756,-175.0183868408203,-12.48363971710205,-10.800400733947756,4.212491035461426,4.208186149597168,0.6068907976150513,0.610917866230011,0.39510670161671346,0.4301073656951437,0.8460618853569031,0.8389554619789124,0.8038830951074488,0.8249462282001727,0.364965558052063,0.3801557123661041,-0.5610055154773317,-0.5084774702972034,0.8640831708908081,0.8720389604568481,0.8439454046665105,0.9006369949857203,0.7237450480461121,0.7132053375244141,0.8569261325215864,0.8461438251465879,0.8095928430557251,0.7840237021446228,0.722810406966332,0.699269464435002,0.27367544174194336,0.27867865562438965,-0.9217929871016652,-0.921217709821399,0.7884448766708374,0.7732576727867126,0.6757973137959242,0.6746381813232899
150,6.25,150,6.25,0.0,0.02664177315906686,0.0229165616030134,0.5429131762845337,0.5547602355249687,0.07030368990714521,0.07261154453319074,0.07387410805192465,0.07643759174414458,0.14157717321134955,0.14504394384159505,0.10786087482990506,0.11027967257619826,0.08306875812901762,0.08247276046909076,0.5093479454517365,0.5101232379674911,0.5109214186668396,0.5106586217880249,0.5056250393390656,0.5043725967407227,0.23373840004205704,0.2344217672944069,0.2869119644165039,0.2854980528354645,0.48543523252010345,0.4798000007867813,-173.15483093261724,-174.26129150390625,-9.556589126586914,-7.154658794403076,2.611595392227173,3.4607672691345215,0.606230616569519,0.6110838651657104,0.39422826562096713,0.43304540064151087,0.8462357521057129,0.8395460247993469,0.7952714345485775,0.8211862665568636,0.3654177188873291,0.3801133334636688,-0.5494097871178435,-0.5042569846975082,0.8654605150222778,0.8720077276229858,0.8376463867827724,0.8952860557650726,0.723792314529419,0.7129809856414795,0.8548999854802342,0.8465544893434593,0.8106442093849182,0.7841699123382568,0.7168210562900527,0.6947801355282487,0.27182358503341675,0.27877676486968994,-0.9161633417145719,-0.9154912956949744,0.7891736626625061,0.7737677693367004,0.6694959789534513,0.6710353366827712
151,6.291666666666667,151,6.291666666666667,0.0,0.021275209635564275,0.028172412843147015,0.5345399264089732,0.5355321934140794,0.07418639052839211,0.08240076764752435,0.07757458076623994,0.08396493645403962,0.1308626068208477,0.12780555052919632,0.11378735424789271,0.11008864231870712,0.08312221466019822,0.08199991601490413,0.5055272728204727,0.5056512653827667,0.5068252086639404,0.5072312355041504,0.5054600834846497,0.5039052367210388,0.23263199627399445,0.23331956565380096,0.28715285658836365,0.286118745803833,0.4817086309194565,0.48135052621364594,-171.784408569336,-172.66830444335938,-6.584913730621338,-7.1736793518066415,1.1870437860488892,0.9864436388015747,0.6070576310157776,0.6105957627296448,0.40063736178833376,0.4291773283727305,0.8467552065849304,0.8407923579216003,0.8097277598144318,0.8133211408740699,0.3685356080532074,0.3795522451400757,-0.5399447322711918,-0.5002270276328891,0.8643786311149597,0.871491014957428,0.8488191443561031,0.8827840262734729,0.7237790822982788,0.7132092714309692,0.8609139672998926,0.8419542933661736,0.8078094720840454,0.786394476890564,0.7233403110505565,0.690233223001334,0.27226561307907104,0.278811514377594,-0.9195735495317372,-0.9054704855522073,0.7875209450721741,0.7734200954437256,0.6783373316435894,0.660875653042555
152,6.333333333333333,152,6.333333333333333,0.0,0.026777147001748998,0.0324304755789351,0.5418269609499142,0.5257958293585218,0.08117026529491829,0.08689410411042986,0.08450102671190102,0.08792688501140578,0.11756663554682102,0.11508839584732812,0.11150423095887833,0.10540227870930313,0.08299355385793111,0.08207606399782713,0.5020365566015244,0.5021837502717972,0.5030710697174072,0.5029658079147339,0.5053959339857101,0.5031351149082184,0.2330285906791687,0.23331837356090546,0.2866855263710022,0.28632989525794983,0.4834301322698593,0.48020854592323303,-172.24198913574224,-172.66758728027344,-4.289869785308838,-4.050701141357422,0.412043958902359,0.406015008687973,0.6066218614578247,0.609922468662262,0.39669987865660306,0.4255162834371157,0.8473678827285767,0.8413538336753845,0.8022688612606922,0.8094701508450728,0.3677632808685303,0.3781531751155853,-0.539376206810378,-0.4980163722364814,0.8641220331192017,0.8702874183654785,0.8392019168130092,0.8743218156954043,0.7222332954406738,0.7124630808830261,0.8497759134002347,0.8341105474549548,0.8088809251785278,0.7868553400039673,0.7174277378318965,0.6873173625099064,0.27117595076560974,0.2784150242805481,-0.9178976300114554,-0.8954436496083441,0.7891396284103394,0.77616947889328,0.6739097799996532,0.6633660999612065
153,6.375,153,6.375,0.0,0.03693310283464065,0.04943870773882648,0.5251637376799289,0.5099958801309195,0.08126412020610752,0.08218455745296807,0.08333956080629061,0.08349528971447769,0.10857916323703898,0.10685585221003478,0.11244729854824931,0.11065408553235563,0.08395044809592461,0.08292013284695833,0.49835173785686493,0.49851687252521515,0.498676061630249,0.4989296495914459,0.5046044886112213,0.5025659799575806,0.23357154428958893,0.2330172061920166,0.28641924262046814,0.28543975949287415,0.48460856080055237,0.48194506764411926,-173.51086425781256,-173.87335205078125,-0.7693681120872498,-1.0417624711990356,-0.32610002160072327,-0.611823558807373,0.6071970462799072,0.6081624627113342,0.40163814527035907,0.4157582129957508,0.8476158380508423,0.8422514200210571,0.7993867658434436,0.7979686512743672,0.3690919280052185,0.3771935999393463,-0.5305161966855294,-0.49362057633072404,0.8638628721237183,0.870788037776947,0.8351647373498101,0.8611685538916188,0.7214507460594177,0.7119977474212646,0.8489283299825149,0.8245821746572114,0.8079246282577515,0.7910853028297424,0.7119818298618548,0.6846513110255725,0.26996302604675293,0.2783825993537903,-0.9185945254651002,-0.8826627485361475,0.7908714413642883,0.7812329530715942,0.6744286104846847,0.6628313619835193
154,6.416666666666667,154,6.416666666666667,0.0,0.05271686123039796,0.057818052451330065,0.5181660897831429,0.5217867863497583,0.08017047591248111,0.07945484089011907,0.0812667005420164,0.08014767103173812,0.1054489685134825,0.10281096862033767,0.11822089289799442,0.11564002631554285,0.08385299802036644,0.08292356116921766,0.49497196078300476,0.4953139126300812,0.4950485825538635,0.49548569321632385,0.5045479238033295,0.5006416141986847,0.23394513130187988,0.2333519384264946,0.2866348922252655,0.286109983921051,0.48391248285770416,0.4832810014486313,-173.85926818847662,-173.863037109375,1.4809865951538086,1.0952329635620117,-1.1584244966506958,-1.2438658475875854,0.607425332069397,0.6082615852355957,0.4056796670977443,0.4211963023972174,0.8482736349105835,0.8414300680160522,0.8081980899859593,0.7884570295282771,0.37039655447006226,0.3772250711917877,-0.529003245407153,-0.48301993643283375,0.8636893630027771,0.8703495264053345,0.8423920811116807,0.8521225598498191,0.7219501733779907,0.7108756303787231,0.8572890172899044,0.8228007255528675,0.8086346387863159,0.7915135622024536,0.7202738950598644,0.6785669765527739,0.2710130214691162,0.27817124128341675,-0.9209054060695703,-0.8706906121792474,0.7891831398010254,0.7853392958641052,0.677128065053832,0.6649744695463813
155,6.458333333333333,155,6.458333333333333,0.0,0.05280281188350695,0.061535989731079044,0.5166028727130313,0.5245635539869109,0.07976629472329463,0.08072538025434893,0.08073711421378689,0.08136647733335213,0.10238873691987066,0.10153377984882914,0.11946721621607127,0.11997112931644938,0.08377937954421713,0.08296503908961825,0.49227097630500793,0.49262094497680664,0.4924620985984802,0.49274203181266785,0.5036323368549347,0.5014471113681793,0.23425034433603287,0.23360886424779892,0.2867351174354553,0.28678953647613525,0.48417991399765015,0.4845420569181442,-173.89636230468756,-173.19386291503906,1.6307642459869385,2.054780960083008,-1.5564076900482178,-1.6556059122085571,0.608484148979187,0.6077098846435547,0.41283409619007727,0.41560392076194963,0.8483523726463318,0.8420331478118896,0.8065461882578607,0.7864773863767299,0.36920443177223206,0.37749800086021423,-0.529284344955128,-0.4847768857732599,0.8635699152946472,0.8673920631408691,0.8402490417443478,0.8422667863291121,0.7211213111877441,0.7114002704620361,0.8563215296993854,0.8211469869098994,0.8082167506217957,0.7937637567520142,0.7176563444806395,0.680285132947817,0.2703389525413513,0.2789694666862488,-0.9185483923357546,-0.870131453957836,0.7883179783821106,0.7864221930503845,0.6735857990020423,0.6641337546923737
156,6.5,156,6.5,0.0,0.05028425591171283,0.05639577352852925,0.5145801282514888,0.5229509334564254,0.08328228183023023,0.08413800654383319,0.08403186684096056,0.08499435474711321,0.10149615490563733,0.09634611144801868,0.11930407341858011,0.11917708393673777,0.08287992990223032,0.08233997155157874,0.49044668674468994,0.4906293600797653,0.49065765738487244,0.4911655783653259,0.5035718679428101,0.5011207610368729,0.23369786143302917,0.23334595561027527,0.28678953647613525,0.28660818934440613,0.4819944053888321,0.4840998500585556,-172.82141113281256,-172.8832702636719,1.9353662729263306,1.6889885663986208,-1.6379334926605225,-2.2417867183685303,0.60919588804245,0.6088356375694275,0.4165193529467681,0.42201615451721586,0.847288966178894,0.8430377244949341,0.8102857934004177,0.7910340922766971,0.3699174225330353,0.38001692295074463,-0.5270549546213336,-0.4744727719289276,0.8633432388305664,0.8681042194366455,0.8458969150795689,0.8462761090293474,0.7214692831039429,0.7107310891151428,0.85925995134508,0.8212323817309355,0.8065975904464722,0.7911573648452759,0.7200253646697281,0.6766991721546632,0.2697255611419678,0.2786283493041992,-0.9221530510370181,-0.8717031020344348,0.7871703505516052,0.7858808040618896,0.6769324249398114,0.6650705874694085
157,6.541666666666667,157,6.541666666666667,0.0,0.056080610694761585,0.0558151151004293,0.5065802701326629,0.521679709210078,0.08293463393143438,0.0825940031395072,0.08310252058416859,0.0835137380023252,0.09805174889032038,0.09654071707150792,0.12116202419477762,0.12216932789911723,0.08314306410577077,0.08177851528636274,0.4887746721506119,0.4890749454498291,0.48891186714172363,0.48942726850509644,0.5028451830148697,0.500443622469902,0.23344864696264267,0.2328518107533455,0.2861798405647278,0.28604480624198914,0.48138757050037384,0.48417092859745026,-172.771469116211,-172.8634490966797,3.1070518493652344,2.845166444778443,-2.2003660202026367,-2.371457815170288,0.6090412735939026,0.6087363362312317,0.41983507254230223,0.4244644471138596,0.8470236659049988,0.8429221510887146,0.8130959095407934,0.7909663345264768,0.37009212374687195,0.38173770904541016,-0.5248252545277448,-0.4652800558855805,0.8643677830696106,0.8696202039718628,0.8516654897829626,0.8498295793158154,0.7214797735214233,0.7118155360221863,0.8643488537580722,0.8284939891626117,0.8070645928382874,0.7899818420410156,0.7242355391672677,0.6742447749304619,0.2687840461730957,0.2778533697128296,-0.9253360818604516,-0.8724654253073448,0.788329005241394,0.7868510484695435,0.6825716284392557,0.6673420742283153
158,6.583333333333333,158,6.583333333333333,0.0,0.09370047018315626,0.09375659034548632,0.5262754304860229,0.5380334473983867,0.0831225998968835,0.0841347353679841,0.08334531595490555,0.08464017997476912,0.09650758572863372,0.0946816216042977,0.12093221320516308,0.12163446237638958,0.08317685840465952,0.08199871536524848,0.48736807703971863,0.4878588169813156,0.48731938004493713,0.487936794757843,0.5025282353162766,0.5004540085792542,0.2334454506635666,0.2328370437026024,0.2856653928756714,0.2859269976615906,0.4814778119325638,0.4838087260723114,-174.18051147460943,-173.91432189941406,2.979353904724121,3.0751283168792725,-2.3134679794311523,-2.450726270675659,0.6086711287498474,0.6087719202041626,0.42022318659808733,0.4241249758457639,0.8487651348114014,0.84327632188797,0.8179326695952944,0.7917277068665852,0.37094810605049133,0.38137462735176086,-0.5209300352044901,-0.4662621253420218,0.8641418218612671,0.8688463568687439,0.852175873498025,0.8480457321781303,0.7215473651885986,0.7127035856246948,0.8671038983734554,0.8310753539026905,0.8073707818984985,0.7900505065917969,0.725749271271499,0.6744978002461457,0.2693426012992859,0.27722272276878357,-0.9231895516098951,-0.8740748624312732,0.7885502576828003,0.7851344347000122,0.6838367938838512,0.6636701474313147
159,6.625,159,6.625,0.0,0.1462746641102815,0.12609535223065438,0.5445946356860156,0.5452816666920034,0.08470738367297526,0.08662921498230393,0.08430065131716655,0.0861251388285357,0.09408464488383637,0.09274016083553473,0.11741801380032521,0.11951601459551582,0.08377783262929626,0.08230844724347275,0.48644256591796875,0.4867169260978699,0.48592737317085266,0.4869484603404999,0.5029072761535645,0.5003767609596252,0.23347987979650497,0.232863187789917,0.28651687502861023,0.2859726846218109,0.48314039409160614,0.4831160455942154,-174.58921813964847,-174.97227478027344,4.639266490936279,3.0318377017974854,-2.0741958618164062,-2.545461416244507,0.6088283658027649,0.6085523962974548,0.4191931045124029,0.4222951922356745,0.8478060960769653,0.8439425230026245,0.8118001653851484,0.7923327509733207,0.37122517824172974,0.38062846660614014,-0.5211448221991066,-0.46747244724722997,0.8656378984451294,0.86972975730896,0.8514964132987295,0.8489585020675395,0.7215156555175781,0.7133822441101074,0.8651641096360053,0.8315291255130645,0.8083184957504272,0.7895583510398865,0.7238948858339795,0.6729114687821315,0.2695136070251465,0.27594608068466187,-0.9236783445063494,-0.8761307199566333,0.7897790670394897,0.7817951440811157,0.6826233562885728,0.6558643740949646
160,6.666666666666667,160,6.666666666666667,0.0,0.0344466460266596,0.03693697485008966,0.5325617903893485,0.5342827911076179,0.0827712228392315,0.08667971029629784,0.08508922057217316,0.08763786690712369,0.09447057254738403,0.09565121020491929,0.11735917142372439,0.12223702626934185,0.08404388526624579,0.08218174627082857,0.4865838885307312,0.48660317063331604,0.48554062843322754,0.48643040657043457,0.5016116797924042,0.499812513589859,0.2336971014738083,0.23386266082525253,0.2881848216056824,0.2887076139450073,0.48283249139785767,0.48249030113220215,-173.90351867675784,-173.4694061279297,5.816502571105958,5.35296106338501,-1.5385456085205078,-2.2851788997650146,0.6073578000068665,0.6091505289077759,0.41893909745707025,0.42680437536971283,0.8486629724502563,0.8425756692886353,0.8152463544241424,0.7906525532886636,0.37125566601753235,0.38288652896881104,-0.516437204960238,-0.45642425176248225,0.8649469017982483,0.8700478672981262,0.8515347850613623,0.850974258699419,0.7211797833442688,0.7145566344261169,0.8698727002543812,0.8382604173977375,0.8080543279647827,0.788662314414978,0.724750753074438,0.6722730370493466,0.26892155408859253,0.2747159004211426,-0.9218587977679289,-0.8786716962253919,0.7906054854393005,0.7822825908660889,0.6858663353055896,0.6582648457722889
161,6.708333333333333,161,6.708333333333333,0.0,0.02292576346338167,0.034896269688223146,0.5525938179564213,0.5512116911552688,0.08706961087006788,0.09058336338132739,0.08838166711221228,0.09022073251969669,0.09828567741392819,0.09600320152548862,0.12457459567016214,0.12767862755076165,0.08351894705510464,0.08147470771007094,0.4856669008731842,0.4854947030544281,0.48515355587005615,0.4858960807323456,0.5018824487924576,0.4998987466096878,0.23556312173604965,0.23532229661941528,0.2910960912704468,0.29158541560173035,0.48193778097629547,0.48243051767349243,-172.01675415039068,-171.05111694335938,5.151766777038574,4.777656555175781,-2.057356119155884,-2.8757786750793457,0.6078529357910156,0.6085965633392334,0.4197261509450157,0.42598879847272003,0.847413957118988,0.841970682144165,0.8142592439965504,0.7925876442737431,0.37255096435546875,0.38295412063598633,-0.5122540029421698,-0.45830819978960763,0.8670477867126465,0.8713923096656799,0.8580022518457067,0.8574460961307376,0.7209418416023254,0.7151621580123901,0.8676468173038516,0.8436213784011606,0.8077510595321655,0.7895708084106445,0.7258926605857908,0.6770748404571327,0.26823779940605164,0.27390187978744507,-0.9254158601459319,-0.8856859930843338,0.7904222011566162,0.782415509223938,0.6872849919023769,0.6613013545245808
162,6.75,162,6.75,0.0,0.03078994810218767,0.03847943452460545,0.5458285468526297,0.5547362616166723,0.08415700897424973,0.08803435079831126,0.0856815515883114,0.08828898861537547,0.09655751528122083,0.09763865201361767,0.12730469364072347,0.13073761696419703,0.08295519839207076,0.08115809954275445,0.4848753809928894,0.4850202798843384,0.4844033718109131,0.4853673279285431,0.5018115490674973,0.49968133866786957,0.23639020323753357,0.23680052161216736,0.29289740324020386,0.2937147915363312,0.4820357859134674,0.4817441403865814,-171.95138549804693,-170.7093505859375,6.849088191986084,5.184863090515137,-2.491024971008301,-2.967341661453247,0.6070112586021423,0.6080935001373291,0.4177302341779162,0.4249857359020107,0.847371518611908,0.8420508503913879,0.816011064003217,0.7944951078578103,0.37331727147102356,0.3836784362792969,-0.5102290197219623,-0.4547421448862517,0.8654288649559021,0.872103214263916,0.8563438129911184,0.8607621392876936,0.7212311029434204,0.7153395414352417,0.8712778963863754,0.8454001724909397,0.8085139989852905,0.7882566452026367,0.7292192090131799,0.6758760767190565,0.26908499002456665,0.2742024064064026,-0.9241177607663252,-0.8838983436792176,0.7894025444984436,0.7824983596801758,0.686532012238662,0.6631787564910134
163,6.791666666666667,163,6.791666666666667,0.0,0.04545445955084932,0.03993677031760354,0.5357815136158568,0.5502626991550423,0.08340960374868345,0.08732376623704356,0.08350921382819014,0.08669010177327255,0.09616383424429338,0.09425863268738642,0.12901819144829524,0.12755997453265933,0.08324128723399753,0.08154155690135305,0.484227254986763,0.4844479262828827,0.4842769503593445,0.48530223965644836,0.5018488615751266,0.5002806484699249,0.23861579596996307,0.2389000877737999,0.2953880727291107,0.29683229327201843,0.48195819556713104,0.48271743953227997,-171.63908386230474,-170.22610473632812,6.228879928588867,4.659900665283203,-3.1223831176757812,-3.4517781734466553,0.6070132255554199,0.6070844531059265,0.41731324205960074,0.41815588364798595,0.8458665609359741,0.842972457408905,0.8122844363290296,0.7933851248733864,0.37343940138816833,0.38424602150917053,-0.5095544356811252,-0.45429619418429673,0.8647995591163635,0.8729105591773987,0.8545450195376311,0.8593174323539803,0.7216007709503174,0.7162562608718872,0.8720195537656945,0.845582920553704,0.8093185424804688,0.7890823483467102,0.7307051449599422,0.6747036109842663,0.2693326473236084,0.2735636830329895,-0.9226708699432504,-0.8876372273756554,0.7877514958381653,0.7835736870765686,0.6825650690719663,0.6625719550937904
164,6.833333333333333,164,6.833333333333333,0.0,0.05680535969087029,0.0578332888007848,0.5379916310960694,0.5490471156626328,0.08038786677984058,0.08624895177509394,0.08077061460418473,0.08558840220639267,0.0964829292464904,0.09539600184731356,0.13106661113813833,0.12764267862953246,0.08325605975353115,0.08208353438764064,0.4838196337223053,0.4842808246612549,0.48377174139022827,0.4846368432044983,0.5022860467433929,0.5006318688392639,0.24063031375408173,0.2409990280866623,0.2983447015285492,0.2990846633911133,0.48250502347946167,0.48203301429748535,-170.68562316894534,-170.05712890625,6.767539978027344,5.185169219970703,-3.163435697555542,-3.0741631984710693,0.6074702143669128,0.6061729788780212,0.41624113992451556,0.41423844404501364,0.8470637798309326,0.8440707921981812,0.8114928330439035,0.7992914394520247,0.3726493716239929,0.38518667221069336,-0.5130060792120325,-0.45311100675678273,0.8636428117752075,0.8729268312454224,0.8483970778801302,0.8629985617327267,0.7215785980224609,0.716316282749176,0.8677977264417124,0.8465400448222788,0.8084666132926941,0.7887535095214844,0.725577124050795,0.6771643212446004,0.2694447338581085,0.27366435527801514,-0.9214137040451326,-0.890825097744862,0.7869900465011597,0.7837896347045898,0.6777711676004814,0.6662052918563923
165,6.875,165,6.875,0.0,0.06425216170403705,0.0679171706522645,0.5457072218589468,0.5525633629649623,0.08161153723966788,0.08981243273095665,0.0828246780373989,0.09025537815999461,0.09325762868127534,0.09296711491466558,0.1293347573257495,0.12626217838906914,0.08296281850497886,0.08180565816896988,0.48377273976802826,0.4842813313007355,0.48351502418518066,0.4846840798854828,0.5029449760913849,0.5002770572900772,0.24288303405046463,0.24254819005727768,0.30081990361213684,0.30069035291671753,0.4824725389480591,0.4821047782897949,-170.80812072753912,-170.5577850341797,6.829048156738281,4.640152931213379,-3.0580649375915527,-3.064119338989258,0.6063585877418518,0.6057539582252502,0.4094319378221627,0.41446777073526153,0.8490056991577148,0.844793975353241,0.8162812279922359,0.8016606211850495,0.37339192628860474,0.38510507345199585,-0.5129223840552709,-0.4525642578545754,0.8641495704650879,0.8723983764648438,0.8500071202423887,0.8626752902784266,0.7215055227279663,0.716364860534668,0.8653180825300251,0.8491094192169196,0.8084851503372192,0.7886269688606262,0.726040652402311,0.6775133411459984,0.2703702449798584,0.2740499973297119,-0.9208026035229453,-0.8889512717044366,0.7851839065551758,0.7840538024902344,0.6741480272513607,0.667405161958545
166,6.916666666666667,166,6.916666666666667,0.0,0.0779114600450288,0.08125572420344526,0.5472516713137021,0.561146796215085,0.08413991664104988,0.09112611938271906,0.08425171537343419,0.09142635995030554,0.09329829909805419,0.09250244635345456,0.12789997118228003,0.125031583592927,0.08374230931233245,0.08186628445551906,0.48348188400268555,0.4844074994325638,0.48339980840682983,0.4848801791667938,0.5023215860128403,0.4994309991598129,0.24499253928661346,0.24369622766971588,0.30311092734336853,0.30277785658836365,0.4817276895046234,0.48307719826698303,-170.80801391601568,-170.05612182617188,5.924056529998779,4.019318103790283,-3.1535234451293945,-3.0058023929595947,0.6066651344299316,0.6051464676856995,0.4114167819506101,0.415757484380616,0.8496448993682861,0.8442149758338928,0.8159978810523026,0.7989083953885426,0.37085625529289246,0.38553422689437866,-0.5183554146220142,-0.4479328917182393,0.8634861707687378,0.8719536066055298,0.846696222502608,0.8602717485922599,0.7218420505523682,0.7164895534515381,0.8655485122294554,0.8536472453274239,0.8077695965766907,0.7879123091697693,0.7231232956013319,0.674355729135295,0.26993346214294434,0.27424439787864685,-0.9162844807991194,-0.885613204674517,0.7842385768890381,0.7835528254508972,0.6709342115102673,0.6647116864487851
167,6.958333333333333,167,6.958333333333333,0.0,0.07536633135288716,0.08058059873580703,0.5499652654955118,0.5612840216791718,0.08613455716969391,0.09119015429643215,0.08708712666346347,0.0914654325554514,0.094645762187946,0.09158101591222856,0.12538151952946708,0.121643156861803,0.08380905783313138,0.08265345313369828,0.4838411509990692,0.4844214767217636,0.4836187958717346,0.484725683927536,0.5024398565292358,0.4992954134941101,0.24567877501249313,0.2449628859758377,0.30506885051727295,0.3041103184223175,0.4813473969697952,0.4828013479709625,-169.77218627929693,-169.5588836669922,5.311741828918457,3.492767333984375,-2.5843076705932617,-2.8054587841033936,0.6062796115875244,0.60511314868927,0.40907867673640763,0.4167028606287402,0.8502740859985352,0.8442280888557434,0.8175339343076885,0.8005912294674675,0.371743381023407,0.38568735122680664,-0.5148812343020752,-0.44738062527952077,0.8625025153160095,0.8714249730110168,0.8446318814815226,0.8608346604605712,0.7224423289299011,0.716842532157898,0.866703896189694,0.8566853798330663,0.8061910271644592,0.7872819900512695,0.719846785080781,0.6744507365320447,0.26953089237213135,0.27429288625717163,-0.9175492642866218,-0.8860442587946905,0.7847854495048523,0.7825862169265747,0.6724124664462082,0.6640491963195063
168,7.0,168,7.0,0.0,0.03670119338278319,0.03637485062693623,0.5400888061998723,0.5451984604637972,0.08790482573671687,0.09032655273747157,0.08918044361477863,0.09085107558728304,0.0934635113839535,0.09144634575163202,0.12184540066717023,0.11939592424527012,0.08353643660748003,0.08298929027802224,0.48427441716194153,0.4847347140312195,0.48409342765808105,0.48479869961738586,0.5012677758932114,0.49893583357334137,0.24553566426038742,0.2456522360444069,0.30465981364250183,0.3051973283290863,0.4813477396965027,0.4823381006717682,-169.30661010742193,-168.1070556640625,5.050407886505127,4.1323933601379395,-2.3247621059417725,-2.374312400817871,0.6065686345100403,0.605949878692627,0.414947130581867,0.42166046852954975,0.8516196608543396,0.8443647623062134,0.8207372778928624,0.8023894108673449,0.37139222025871277,0.38508427143096924,-0.5117858472489988,-0.4486018912962504,0.8637693524360657,0.8716840147972107,0.8476680393852334,0.8629393129453358,0.7220962643623352,0.7166683673858643,0.8701937367332104,0.8579173146775012,0.8049008846282959,0.7858974933624268,0.7171813800911927,0.6728036028193226,0.26967692375183105,0.27452409267425537,-0.9126037605710182,-0.8842349591174135,0.787367582321167,0.7827328443527222,0.6783174155674246,0.6657895314163086
169,7.041666666666667,169,7.041666666666667,0.0,0.019483511825868466,0.026791083153820824,0.5461976913346862,0.5681034369756354,0.08659742342719662,0.09153496848608313,0.08825510548491577,0.09176540421643603,0.09631668662047846,0.09473621525774192,0.12489565782370168,0.12283857902337703,0.08379389330331734,0.08204506980419266,0.4842626750469208,0.48488833010196686,0.4840392768383026,0.48520201444625854,0.5014133304357529,0.4987359493970871,0.24620628356933594,0.24607543647289276,0.30521470308303833,0.3052331507205963,0.4808393716812134,0.4829518049955368,-167.2847290039063,-167.40841674804688,4.091991901397705,3.3536152839660645,-2.34955096244812,-2.4940221309661865,0.6058744788169861,0.6060551404953003,0.41352390965262187,0.4222691370954054,0.8520897626876831,0.8441940546035767,0.8266758980208594,0.7995267803285557,0.3712047040462494,0.3843763470649719,-0.515448863902767,-0.44997106390005204,0.8644757866859436,0.8717852234840393,0.8542562797786027,0.8605934978690247,0.7225826978683472,0.7171772718429565,0.8755295431210722,0.8595017143837964,0.8038392066955566,0.7860602736473083,0.7192347405943025,0.6708610033694028,0.2702426016330719,0.2740122675895691,-0.915121315944718,-0.8842209322554521,0.7868607640266418,0.7824079990386963,0.681428263671087,0.6627775320648482
170,7.083333333333333,170,7.083333333333333,0.0,0.028764028926243263,0.028205210349120702,0.5411492902065534,0.5566779472137137,0.08623869483866461,0.09196138830118636,0.08807485364477453,0.09262412072681167,0.0965521028697147,0.09725304617812922,0.12403560180287558,0.12171671294047029,0.08394560145260414,0.08200493770503689,0.48425622284412384,0.4850926548242569,0.4839107096195221,0.48485317826271057,0.5012620389461517,0.49881380796432495,0.24539978802204132,0.2460925504565239,0.3055206537246704,0.3065331280231476,0.48054714500904083,0.4821312129497528,-167.12684631347662,-166.5408477783203,4.736825466156006,4.242570400238037,-2.2275831699371342,-1.8396533727645876,0.6054184436798096,0.6052695512771606,0.41240976506606375,0.41964828007031,0.8533363342285156,0.844947874546051,0.830288065964834,0.8045000964337492,0.3713022470474243,0.3842754364013672,-0.5145788910633269,-0.4515099808866197,0.8634384870529175,0.8719077110290527,0.8527879054806082,0.8642801268077299,0.722330629825592,0.7173291444778442,0.875326350417068,0.8613869227084424,0.8037713766098022,0.7858972549438477,0.7198953990341358,0.6735628099391591,0.2703567147254944,0.27447056770324707,-0.9142751303470448,-0.884360505043886,0.7857545018196106,0.7818655967712402,0.6797676363283568,0.6646231174388749
171,7.125,171,7.125,0.0,0.032420176674260406,0.03199904512998177,0.5434760002342581,0.5670645766644735,0.08405303052182096,0.09034800704116538,0.08616936009928934,0.09173377380970545,0.0988678673135588,0.09790941094731302,0.1252036218621842,0.12110054493095918,0.08411739616693872,0.08222284703085211,0.48470497131347656,0.4854386895895004,0.48436373472213745,0.48530739545822144,0.5013196766376495,0.49911344051361084,0.24514254927635193,0.24581073969602585,0.3053756356239319,0.30595603585243225,0.4806935787200928,0.48158037662506104,-167.77502441406256,-167.21060180664062,4.629304885864258,3.3380978107452393,-2.1447250843048096,-1.8843502998352053,0.6055759191513062,0.6048701405525208,0.4124786909412159,0.41721026001594225,0.8532969355583191,0.845276951789856,0.8292180343776657,0.8070655829135768,0.3718882203102112,0.3846043050289154,-0.5120817361661929,-0.45173862433484996,0.8635942935943604,0.8720681667327881,0.8521345079767925,0.8665169744893241,0.7226439714431763,0.717553973197937,0.8756459392147483,0.8617480632973429,0.8032928705215454,0.7862101793289185,0.7179354284652101,0.6759926985307365,0.2698848247528076,0.2744552493095398,-0.9156472786857741,-0.886276730764829,0.786479115486145,0.7817726731300354,0.680516901108744,0.6661455930817468
172,7.166666666666667,172,7.166666666666667,0.0,0.03814996392093939,0.03733961765516526,0.5440366821465132,0.5634688130660308,0.08331368314131195,0.0908310083879659,0.08471940599588805,0.09182697496213886,0.09992266485388197,0.0980863590189771,0.12478240838891214,0.11997153278814851,0.08385529904362121,0.08256827184460995,0.48489682376384735,0.4857815355062485,0.48495373129844666,0.48559945821762085,0.5015896856784821,0.49941080808639526,0.24519676715135574,0.24564624577760696,0.30556103587150574,0.30649101734161377,0.481029212474823,0.4818249046802521,-167.79444885253912,-166.87725830078125,3.9339263439178467,3.353900909423828,-2.2682623863220215,-1.7435255050659182,0.6054904460906982,0.6050998568534851,0.4103154897478535,0.41603117823772223,0.8529852032661438,0.8456659317016602,0.8262534215860038,0.8056197143640719,0.37171828746795654,0.38435879349708557,-0.5128763846344755,-0.45288727400410395,0.8639624714851379,0.8725192546844482,0.8506380414070616,0.8650785570576063,0.7227708101272583,0.7180284857749939,0.8734685005299547,0.8605600210558755,0.8038785457611084,0.7876395583152771,0.7171691621824468,0.6771372539449769,0.2694206237792969,0.2742244601249695,-0.9168610697315294,-0.8864167362495345,0.7865797281265259,0.7822679877281189,0.6787420159236706,0.6652434793546304
173,7.208333333333333,173,7.208333333333333,0.0,0.03778989996449755,0.039262770669187784,0.5440730747310161,0.5649238028011424,0.08295334963258481,0.09088849479312715,0.08447392861335125,0.09202101881705306,0.09933850767982641,0.09782574881662039,0.12361917129292233,0.11812431118111497,0.08388888954064637,0.08209643950259675,0.485176682472229,0.48608362674713135,0.4850776791572571,0.48591408133506775,0.5020310580730438,0.499552384018898,0.2453332394361496,0.24534053355455399,0.30558040738105774,0.3061257302761078,0.48157911002635956,0.4822561591863632,-167.8099975585938,-166.7900390625,3.7748250961303706,3.0521368980407715,-2.126868724822998,-1.6051644086837769,0.6060047745704651,0.6048635244369507,0.4108805165738334,0.4143736033633943,0.8538877964019775,0.8462433815002441,0.8275946525393028,0.8056129357535817,0.37095391750335693,0.3841966986656189,-0.5179870936866018,-0.45389643316499634,0.8639116883277893,0.8725124597549438,0.8498764838771412,0.8637542878531885,0.7228559851646423,0.7182095050811768,0.8726499655134038,0.8603623395964151,0.8038486242294312,0.7881669998168945,0.716363964610328,0.6770724775241925,0.2693270444869995,0.2741990387439728,-0.9195934177596664,-0.8867103455614884,0.7855737209320068,0.782001256942749,0.6757411889457211,0.6634258385395452
174,7.25,174,7.25,0.0,0.03761706263876677,0.03710553000291441,0.543084719568085,0.5647611589569855,0.08389221794819612,0.09108702632636721,0.08553308288841066,0.09240854040283684,0.09819083296447413,0.09702844231647734,0.12220980052855146,0.11662919646297457,0.08366594700286892,0.08214077350623292,0.48536476492881775,0.4862772822380066,0.4851052165031433,0.48617780208587646,0.5022402256727219,0.49959205090999603,0.24503207206726074,0.24512621760368347,0.30428534746170044,0.30529215931892395,0.4817239046096802,0.4823840707540512,-168.65275573730474,-167.03480529785156,3.788930177688598,2.4792356491088867,-2.0142927169799805,-1.5957770347595215,0.6068252325057983,0.6050403714179993,0.41307224488993954,0.414430241055758,0.8534913063049316,0.8466238379478455,0.825943650174881,0.8052331725964074,0.3711147904396057,0.38423365354537964,-0.5178971588189776,-0.4533785668401935,0.8639697432518005,0.8728359937667847,0.8492232557039281,0.8631809841527601,0.7226328253746033,0.7181158065795898,0.8704695699000893,0.8588363693444113,0.8031641840934753,0.7885990738868713,0.7141335053569621,0.6769565013972494,0.2700812816619873,0.27390819787979126,-0.9169422948630788,-0.8869767973839028,0.7855126857757568,0.7818059921264648,0.6749177406473301,0.6619388803950688
175,7.291666666666667,175,7.291666666666667,0.0,0.03859727620739854,0.03732550973087211,0.5435147247562672,0.5656764704237679,0.08392134671615462,0.08953200695911473,0.0856581980839366,0.09075527061554564,0.09615126892992135,0.09709935402705777,0.12059515494545854,0.1154900178742831,0.083546813993962,0.08234113608745271,0.4855418801307678,0.48633910715579987,0.48532113432884216,0.486289381980896,0.5023809969425201,0.4997130036354065,0.24426277726888657,0.24486108124256134,0.30375802516937256,0.3045443892478943,0.48136213421821594,0.48215267062187195,-168.41784667968756,-167.30882263183594,3.633897066116333,2.0663132667541504,-1.9804211854934692,-1.5698577165603638,0.6066388487815857,0.6055377721786499,0.4123842571719455,0.4159862878103102,0.8533302545547485,0.8461543321609497,0.827602039449189,0.804854878389693,0.3709222674369812,0.3841472864151001,-0.5199753261710335,-0.4542769558240689,0.864090621471405,0.8727791905403137,0.851543073958785,0.8637258930506118,0.7219986915588379,0.7182667255401611,0.8686816221378335,0.8591122164858298,0.8028460741043091,0.7889443039894104,0.71527840627626,0.6783560869501604,0.26978033781051636,0.2740824818611145,-0.9200347824346273,-0.8869303893751226,0.7846498489379883,0.7817583680152893,0.6747931274725305,0.6624670506196313
176,7.333333333333333,176,7.333333333333333,0.0,0.037329639161676,0.03965258884817741,0.5459201777995223,0.5681080408442466,0.08419569460755079,0.08949732970614062,0.08617698158113568,0.0904114195795352,0.09598920893105992,0.09913673494123156,0.1196043270608683,0.11557703041296433,0.08361416813070253,0.0818949225612234,0.4858987033367157,0.48648151755332947,0.4857143759727478,0.48623648285865784,0.5024657994508743,0.4998724162578583,0.2437252402305603,0.24446912854909897,0.3031201660633087,0.3040110170841217,0.481033131480217,0.48238542675971985,-168.67050170898443,-167.4960479736328,3.412059783935547,2.5293989181518555,-1.8909093141555788,-1.3519220352172852,0.6067143082618713,0.6058043241500854,0.4128887237495507,0.4167518199800266,0.8531907796859741,0.8461841344833374,0.8291109408810917,0.8050713832960694,0.371153324842453,0.38415300846099854,-0.5200788066116401,-0.4552572946709932,0.8642076849937439,0.8729599714279175,0.8536549392897251,0.8643251948963564,0.7219887971878052,0.718023955821991,0.8694471643100911,0.8582404768664421,0.8031908869743347,0.7889022827148438,0.717718743810937,0.6783090318584264,0.2688220739364624,0.2738759517669678,-0.9253740004534198,-0.8891035737924334,0.7847340703010559,0.7815701961517334,0.676599748375993,0.6620834297699928
177,7.375,177,7.375,0.0,0.04346936396018966,0.043618145572677895,0.5517081568612736,0.5719044629063775,0.08328041735664678,0.08904424656145819,0.08534693815165238,0.09016027701116587,0.09763766907401747,0.09818541931755968,0.1201948589446198,0.11466382532102957,0.08329624989754704,0.08160226164558716,0.4859559237957001,0.486605241894722,0.4858611524105072,0.486385315656662,0.5027388632297516,0.5001757442951202,0.24343252182006836,0.24377233535051346,0.3025210499763489,0.30293628573417664,0.48057854175567627,0.4828484207391739,-169.05986022949224,-168.08207702636722,2.842690944671631,2.1205554008483887,-1.8482111692428587,-1.3567523956298828,0.6068344116210938,0.6059613823890686,0.4128800616429547,0.41614133337625564,0.8535373210906982,0.8462814092636108,0.8320992201612678,0.804194347918267,0.3710079491138458,0.38370728492736816,-0.5224917758825275,-0.45816559649175337,0.8635292649269104,0.8732079267501831,0.8543920019234548,0.8637765923912885,0.7220786213874817,0.7180169224739075,0.8699796895103973,0.8569473133117201,0.8031593561172485,0.7888947129249573,0.7197021733818335,0.677210671976742,0.27010124921798706,0.27382588386535645,-0.9227237273638883,-0.8904189115456096,0.7838618159294128,0.7818156480789185,0.6766479029609603,0.6615463153622115
178,7.416666666666667,178,7.416666666666667,0.0,0.04783470968700401,0.04646483511325638,0.5551110760256409,0.574864572830199,0.0859649269344073,0.09050260198385571,0.08760251107375483,0.09116213992327164,0.09531872703003443,0.09900987009230026,0.11565861729477096,0.11377927318837193,0.08340491951629023,0.08137584884412291,0.4861774444580078,0.4868244528770447,0.4859299659729004,0.4866541922092438,0.5029321908950806,0.5006475448608398,0.24274762719869614,0.24328945577144623,0.30224430561065674,0.3021836280822754,0.48009854555130005,0.4832223653793335,-168.64640808105474,-168.4019317626953,2.8492236137390137,2.0073065757751465,-1.6462690830230713,-1.3108527660369873,0.6062830090522766,0.6056861877441406,0.4103211740953309,0.4135207702591153,0.8530315160751343,0.8466333746910095,0.8328433397251129,0.8047645414670791,0.3713419437408447,0.38385719060897827,-0.5224367419104108,-0.45978542680450796,0.8633837103843689,0.8732894659042358,0.8559621218211981,0.8637937851411989,0.7219462990760803,0.7176588773727417,0.8695250566433228,0.8543398021143461,0.8035223484039307,0.7891266942024231,0.7222782145971898,0.6774174436387906,0.27027955651283264,0.2738189101219177,-0.9236724372215233,-0.8929889912827008,0.783949613571167,0.7815901637077332,0.6785678882541583,0.6607279863785398
179,7.458333333333333,179,7.458333333333333,0.0,0.050255945673569564,0.04690928328396228,0.5549319113730563,0.5732980826990709,0.08348879590215695,0.08861297700994121,0.08464687360607111,0.08912238002069538,0.09704914240783119,0.09856168159815167,0.11606081911743305,0.11271114580890004,0.08334077759286704,0.0815758890057142,0.48642677068710327,0.4870469272136688,0.4861883223056793,0.48699507117271423,0.5029440671205521,0.5006862580776215,0.24233177304267883,0.24267471581697464,0.3011559247970581,0.3003684878349304,0.479811355471611,0.4833795726299286,-169.17558288574224,-169.51028442382812,2.763111114501953,1.7119042873382568,-1.5951614379882812,-1.3403704166412354,0.6058733463287354,0.6061439514160156,0.4095093169973997,0.41589764721056355,0.852703869342804,0.8463261723518372,0.8345090426358587,0.8051438028017122,0.3717949390411377,0.383607417345047,-0.521783405827402,-0.46172842262509767,0.8639996647834778,0.8733012080192566,0.8597882935951937,0.8649839633504511,0.7218437194824219,0.7179323434829712,0.8709032825185731,0.8567619196436135,0.8038838505744934,0.7887872457504272,0.7252530355874565,0.6775021326263094,0.27026093006134033,0.27395689487457275,-0.9257415700075604,-0.8941614947628168,0.7843722701072693,0.7815688848495483,0.6815873954087959,0.6614892575912991
180,7.5,180,7.5,0.0,0.050676432693960966,0.05306717478514501,0.5591070312014218,0.5729947576326012,0.08363955834914674,0.08853365176146213,0.0848942760170381,0.08888779750039921,0.09770407159631175,0.09792335793007267,0.11524254655584458,0.11166242626053376,0.08321124329644092,0.08153997355907247,0.486780121922493,0.4872891902923584,0.4862113296985626,0.48730072379112244,0.5028085261583328,0.5007553696632385,0.2419235184788704,0.24183426797389984,0.29975640773773193,0.29943984746932983,0.47987623512744904,0.4823577105998993,-170.09394836425787,-169.82437133789062,3.1294963359832764,1.5433800220489502,-1.2966336011886597,-1.377119779586792,0.6053597331047058,0.6061568260192871,0.40848127470916323,0.4166075310521394,0.8521658778190613,0.8461920619010925,0.834132144213153,0.8089221584494005,0.372133731842041,0.3837078809738159,-0.5205029579280293,-0.4626393881506861,0.8646746873855591,0.8732934594154358,0.8621587099532584,0.8691773842022578,0.7217641472816467,0.718136727809906,0.8721425508717636,0.8592168841417243,0.8038675785064697,0.7894086837768555,0.7259175732243149,0.6826742309735221,0.2704191207885742,0.2741820812225342,-0.9256519095283141,-0.8955487102643745,0.7852580547332764,0.7810375690460205,0.6842220754514214,0.6640625188785064
181,7.541666666666667,181,7.541666666666667,0.0,0.04785220886874441,0.05304363785249115,0.5541845313087842,0.5701685943721383,0.0806525794380522,0.08782564528749712,0.08217062011167615,0.08830645723048144,0.09938933129605562,0.09929193513799575,0.11626447081207429,0.1126179176457692,0.08382777606162649,0.08196613865122622,0.48680245876312256,0.4875481277704239,0.4862555265426636,0.4875395596027374,0.5027462244033813,0.5007429718971252,0.24139705300331116,0.24126852303743362,0.29844778776168823,0.29857057332992554,0.48011578619480133,0.4819053113460541,-170.84066772460943,-170.21673583984375,2.883704423904419,1.1499871015548706,-1.2612848281860352,-1.2944039106369019,0.605670690536499,0.6070407629013062,0.41081999228975496,0.420247168062068,0.8512073159217834,0.8463626503944397,0.8331755473089625,0.8104939602393004,0.3721234202384949,0.3837670087814331,-0.5213770973607026,-0.462463206114688,0.8642148971557617,0.8731591105461121,0.8623801983064106,0.8700849377880889,0.7214043140411377,0.7181867957115173,0.8727673610946386,0.8596618077133077,0.8039714097976685,0.7890662550926208,0.7271213833496046,0.6830760779245684,0.2689773142337799,0.2735000252723694,-0.9330817587069182,-0.8984025338530053,0.7856526970863342,0.7809895277023315,0.6859921678687486,0.665114747291411
182,7.583333333333333,182,7.583333333333333,0.0,0.05670490956953339,0.055213659303294,0.5607945975810359,0.5762988101800485,0.08311376133230916,0.08778852341223363,0.0845871003303853,0.08800564195172642,0.09720627707978353,0.10059914714148216,0.11306299263126914,0.1127328628524768,0.08378723334585557,0.08196137697503993,0.48714499175548553,0.48768600821495056,0.48642557859420776,0.4878080487251282,0.5026034414768219,0.5012402236461639,0.240494042634964,0.24094122648239136,0.29808247089385986,0.2979580760002136,0.4800930768251419,0.4806579053401947,-170.39880371093753,-170.35313415527344,2.961294412612915,0.5759945511817932,-1.114936113357544,-1.3087430000305176,0.6053810715675354,0.6080317497253418,0.4098146551644284,0.4221409870359651,0.8509315252304077,0.8462437391281128,0.8317564316324333,0.8128915593128229,0.3721157908439636,0.3822466731071472,-0.520305357305111,-0.47037491381302327,0.8647621870040894,0.8721364140510559,0.8627773301758896,0.8704647335105449,0.7214832901954651,0.718377411365509,0.872759662252398,0.8583312750685587,0.803834080696106,0.7887235283851624,0.7261212080645498,0.6849935679755437,0.2689765691757202,0.2742069363594055,-0.9315618196752999,-0.8974500084790796,0.7857726216316223,0.7795718908309937,0.685611021469408,0.6646446150508807
183,7.625,183,7.625,0.0,0.0647140834665327,0.0712294029949669,0.5643957610040785,0.5915059488856195,0.08024988748759447,0.08672911091149833,0.08185523810836225,0.08723959436258456,0.10136311984346433,0.10043092702848043,0.11749166825525487,0.1140818158933121,0.08389881293476613,0.08211151364738847,0.4872477799654007,0.48772236704826355,0.48639336228370667,0.48817554116249084,0.5024253576993942,0.501226007938385,0.24032126367092133,0.24074623733758926,0.2971852123737335,0.29717573523521423,0.4795270264148712,0.4803011417388916,-170.9186401367188,-170.30572509765625,3.159944534301758,-0.7074374556541443,-1.0817667245864868,-1.583391785621643,0.6057092547416687,0.6075276732444763,0.41159629083638566,0.4205590664893589,0.851410984992981,0.8465487957000732,0.8336213105338095,0.815050109453139,0.37147054076194763,0.38186267018318176,-0.5218675753157265,-0.47223468940806707,0.8647159337997437,0.8718605041503906,0.8634459066343945,0.871378963767285,0.7214195132255554,0.718546450138092,0.872712830466893,0.8597803433971818,0.8036531805992126,0.7885040044784546,0.7265666162706569,0.6858768221250537,0.2680228352546692,0.2739955186843872,-0.9341166586835136,-0.8989872563464498,0.7857576012611389,0.7803541421890259,0.6864515858789025,0.6677400611678602
184,7.666666666666667,184,7.666666666666667,0.0,0.07022393472013834,0.08963313628672669,0.5748792093960289,0.608881125114648,0.08145291996634202,0.08629030088301878,0.08318961172698934,0.08664023540649211,0.10260796617739407,0.10036661498897181,0.11758454432224408,0.11418356639814974,0.08392884885006999,0.08215652867277007,0.48754093050956726,0.4877471476793289,0.4865579605102539,0.48833712935447693,0.5025932192802429,0.5004906356334686,0.23974861204624176,0.24032031744718552,0.2965700030326843,0.2968621850013733,0.4787062853574753,0.479549765586853,-171.04318237304693,-169.825927734375,3.121652364730835,-1.0637801885604858,-0.9425256848335267,-1.6864417791366577,0.605972409248352,0.607706606388092,0.41173905534192307,0.42418658866079345,0.8512006402015686,0.8461455702781677,0.8345092617764551,0.8158446477433691,0.371604323387146,0.38129812479019165,-0.521703103612466,-0.47157027271838636,0.8640737533569336,0.8709789514541626,0.8633492482523435,0.8711103678049122,0.7210488319396973,0.7182577252388,0.8700658964177601,0.8615682739438469,0.80271977186203,0.788529098033905,0.7258962502712383,0.6876214386918724,0.2676163911819458,0.2741857171058655,-0.9358666599949168,-0.8953471270346467,0.7850914001464844,0.7803794741630554,0.6864029283581633,0.6694847690107973
185,7.708333333333333,185,7.708333333333333,0.0,0.0864558534901935,0.10276315895892839,0.5927215986780969,0.6160069775371103,0.0824802158488133,0.08687952223411932,0.08423101614859854,0.08765236030734776,0.10304089048389076,0.10065426440916286,0.11929816890401361,0.11537709793814954,0.08386142041334514,0.08254130205506002,0.4877348691225052,0.48783397674560547,0.48747897148132324,0.48869842290878296,0.5029560774564743,0.50006403028965,0.2392290234565735,0.24002988636493683,0.29659414291381836,0.29708120226860046,0.478147953748703,0.47876015305519104,-170.1869506835938,-169.27528381347656,1.2066539525985718,-1.493747591972351,-1.3571449518203738,-1.823412537574768,0.6050231456756592,0.6073329448699951,0.40645497844412337,0.42409470147010114,0.8516029119491577,0.8463693261146545,0.8365416404028299,0.8175189476176113,0.37100329995155334,0.3800923824310303,-0.5254668745969118,-0.47431579206824587,0.8639235496520996,0.8696966171264648,0.8641399524576286,0.869396060041191,0.7217133045196533,0.7175164222717285,0.8711425297287796,0.8597123185443002,0.8041303157806396,0.7884266972541809,0.730202702865744,0.6886614531922752,0.2678786516189575,0.2744603157043457,-0.9361333848279214,-0.8919391080063324,0.784277081489563,0.7803575992584229,0.6857313233419929,0.6707167418380554
186,7.75,186,7.75,0.0,0.09419272126382636,0.11202161102874432,0.5945546022490436,0.6104018877041876,0.07835803208313874,0.08516103804191627,0.08008216264357507,0.08593928207117964,0.11144066189662166,0.10868816081642288,0.12788834095719975,0.1248010756045014,0.08355821805980312,0.08216108433085878,0.48812976479530334,0.48837244510650635,0.488045334815979,0.4892478585243225,0.5032301545143127,0.4998646676540375,0.23939354717731476,0.2396293580532074,0.29538261890411377,0.2975371479988098,0.47839362919330597,0.47914808988571167,-171.14157104492193,-168.33343505859375,0.6500002145767212,-1.6482727527618408,-1.4114075899124146,-1.9390209913253786,0.6048141121864319,0.6072697639465332,0.40409557835696697,0.42388253022924266,0.8525772094726562,0.8456093668937683,0.8372713343149033,0.8135256427658735,0.37088268995285034,0.37848961353302,-0.5264711718425281,-0.4790160506668883,0.8632563352584839,0.8688927292823792,0.8611668935196696,0.8652135387083661,0.7212944030761719,0.7169457674026489,0.8674479776226228,0.856727371444265,0.8039121031761169,0.787749171257019,0.7283785324098576,0.6850789123766466,0.26776450872421265,0.2750464379787445,-0.9366698098715874,-0.8872625538820028,0.783733606338501,0.7807344794273376,0.6832272273764118,0.6695066485725759
187,7.791666666666667,187,7.791666666666667,0.0,0.089077929109664,0.10939863118961486,0.5955705599144759,0.6109274162457384,0.05426158551325615,0.05441420408524559,0.05546421357367557,0.05417045918317623,0.14613941644960649,0.16375909960439022,0.16459130632130228,0.1785774590042818,0.08220010518990267,0.08147806445787881,0.48864834010601044,0.4894941449165344,0.4885108172893524,0.48957258462905884,0.5033949017524719,0.4998946934938431,0.24206166714429855,0.24240462481975555,0.2930743098258972,0.2958514094352722,0.47979846596717834,0.4796435981988907,-174.33821105957037,-171.2537384033203,0.7396597266197205,0.3249834179878235,-1.5886873006820679,-1.4139727354049683,0.6006304621696472,0.6094931364059448,0.3864590453141168,0.4327656450485259,0.8519489765167236,0.8449736833572388,0.8319926717318342,0.8114398981321836,0.37009307742118835,0.3811969757080078,-0.5298030427209677,-0.4686954763086588,0.8622958064079285,0.867449164390564,0.8551244058047672,0.8613605117937944,0.7214754819869995,0.7167760729789734,0.8667529911628651,0.8563881712003114,0.8048034906387329,0.7874200344085693,0.7265925778348707,0.6836066620060057,0.2689800262451172,0.2748338580131531,-0.9316730279265001,-0.8886859617163988,0.7842792272567749,0.7809927463531494,0.6807078181948334,0.6693309202129487
188,7.833333333333333,188,7.833333333333333,0.0,0.07604948935590512,0.08792946975507156,0.5900862436456954,0.5890702370338856,0.05361255850448336,0.04765609713525463,0.05372330062174332,0.04709033569669165,0.15528399301946058,0.17098672114479613,0.1728654251246038,0.18391516683391992,0.08236384539447489,0.08215447159912471,0.4898691624403,0.49077755212783813,0.4898410737514496,0.491081565618515,0.5037400871515274,0.49943722784519196,0.24193116277456284,0.24281556904315948,0.2925238311290741,0.29348909854888916,0.47950340807437897,0.4798978865146637,-174.14698791503912,-173.49490356445312,0.7621150016784668,-0.657059907913208,-1.541960954666138,-1.253867268562317,0.6019735932350159,0.6134121417999268,0.39092082648956267,0.4491744087949268,0.8476945757865906,0.8438522219657898,0.824185664813398,0.8068172142225866,0.3754737973213196,0.37901848554611206,-0.5104364694929964,-0.4745694951917168,0.8649857640266418,0.8678756952285767,0.8628915076601752,0.8600726638377356,0.7220498323440552,0.7161526083946228,0.8687649400282724,0.8540739322138731,0.8056763410568237,0.7890806198120117,0.7301290177183033,0.6853990384686307,0.2674363851547241,0.2742128372192383,-0.9403719990267216,-0.88760788664239,0.785097599029541,0.7837365865707397,0.684064077366349,0.6735523379557996
189,7.875,189,7.875,0.0,0.054346099885756345,0.05509291347218973,0.5760016678088906,0.5660326613477524,0.061774557613356616,0.05813639827335388,0.060721160843386295,0.0562480583144657,0.1524708925258715,0.16155017142490485,0.15731850646758655,0.16494363210225335,0.08195311536728814,0.0816957889770742,0.4924088716506958,0.4924028664827347,0.4930450916290283,0.4931279420852661,0.5026451647281647,0.50006964802742,0.23889537155628204,0.24029185622930527,0.29310059547424316,0.29166147112846375,0.4780471473932266,0.47952818870544434,-171.59416198730474,-173.79995727539062,-2.0559730529785156,-1.9600888490676882,-0.6791149973869324,-0.7124340534210205,0.6022731065750122,0.6063172221183777,0.39498763950736243,0.4172504005333588,0.8489490151405334,0.8504282832145691,0.8271492757400234,0.819326893368497,0.3801746070384979,0.37904757261276245,-0.4855500936208731,-0.4752721167724226,0.8617493510246277,0.8697341680526733,0.8556953400132046,0.8619740398165677,0.7208326458930969,0.7147573828697205,0.8650320036508982,0.8431114227216328,0.8055696487426758,0.7922258377075195,0.7304088313848207,0.6907563441297532,0.26618263125419617,0.27654290199279785,-0.9374857715357781,-0.8778235654869609,0.7892023921012878,0.7858248949050903,0.6939081673169908,0.6766165133273786
190,7.916666666666667,190,7.916666666666667,0.0,0.038743174416686545,0.05972850021339236,0.5353886295762798,0.5343917293778756,0.07680577948854028,0.06519208502256116,0.0744495773763923,0.0625703613141149,0.14281295614087305,0.15571034716370888,0.14066571549551776,0.15211055145304853,0.08302502047970134,0.08192843947238346,0.4949313700199127,0.4954742193222046,0.4968629777431488,0.4976532757282257,0.5011382550001144,0.5013025999069214,0.23758463561534882,0.23877214640378952,0.291640043258667,0.2903035581111908,0.48174598813056946,0.4779994785785675,-172.78205871582034,-174.28953552246094,-6.224550724029541,-7.834980010986329,-0.6409557461738586,-0.6244677901268005,0.6019516587257385,0.6070223450660706,0.392568159892669,0.4158744672214564,0.8484383225440979,0.8488982319831848,0.8031952887889503,0.8206992761247025,0.3776617646217346,0.3797953426837921,-0.48081839146876143,-0.4779785061450863,0.860552191734314,0.8680878281593323,0.8297292567764419,0.8631606959766829,0.7208389043807983,0.7157017588615417,0.8555159975486247,0.8433915146953487,0.8129563331604004,0.7927647233009338,0.725476274685682,0.6964909051906373,0.26132866740226746,0.27767735719680786,-0.9338203557150438,-0.8796845710263136,0.7991560101509094,0.7862212061882019,0.6952483332079396,0.6820118601455055
191,7.958333333333333,191,7.958333333333333,0.0,0.05701441155202989,0.06842004523875042,0.48909897652650774,0.4887721177655122,0.08556318670131433,0.0812570613490103,0.08235139669890075,0.07820416519242694,0.13484890709457834,0.146605259206601,0.1327170168518626,0.14152430634977003,0.08260452724325427,0.08174452266324847,0.4977727383375168,0.4984061121940613,0.5010452270507812,0.5011534690856934,0.4998539537191391,0.5008290410041809,0.23647556453943253,0.2376139834523201,0.28894680738449097,0.28852489590644836,0.47843270003795624,0.4808105081319809,-174.44848632812506,-174.91380310058594,-12.056923866271973,-12.121402740478516,-0.939191997051239,-0.4941398203372956,0.60370272397995,0.610160768032074,0.4016686005196928,0.42505414885035575,0.8564833998680115,0.8457248210906982,0.8225060443083261,0.7980157740063377,0.3735179007053375,0.37450170516967773,-0.48864541661679156,-0.49112878456560655,0.8474249243736267,0.8654036521911621,0.8027979711591436,0.8410505826573025,0.7197353839874268,0.717097282409668,0.8504623228019139,0.8407963156981887,0.8154680728912354,0.7994040846824646,0.7332710439159297,0.6967189023718674,0.2593679428100586,0.2754271626472473,-0.9301571814843723,-0.876305589957753,0.7972093224525452,0.7886689901351929,0.6935463916296332,0.6732427752922989
192,8.0,192,8.0,0.0,0.05217240868642846,0.06328251248089914,0.4800824088505539,0.4931783478268027,0.08569414366537095,0.08399513863727973,0.08124625489055833,0.07979210916676469,0.13706363010290556,0.1398418366184663,0.13075794276076647,0.1319836340685534,0.0819276618144855,0.08183504701516851,0.49989694356918335,0.5007027983665466,0.5037950873374939,0.504719078540802,0.49922576546669006,0.5005589574575424,0.23545242846012115,0.23642176389694214,0.2880268394947052,0.2871968448162079,0.4789768010377884,0.4818503260612488,-174.30346679687506,-175.06253051757812,-14.53869342803955,-14.316591262817383,-0.9900755286216736,-0.6708027124404907,0.6095981597900391,0.613654375076294,0.4291997803313042,0.4363311639760763,0.8503531813621521,0.8486476540565491,0.8123362483967097,0.7960125484831718,0.3690846264362335,0.3727688789367676,-0.5060735397322205,-0.4930243406813232,0.8497530817985535,0.8628257513046265,0.8110236107224116,0.8267814294474,0.7212611436843872,0.7210407853126526,0.863418213775704,0.8506365209941307,0.8175599575042725,0.8011601567268372,0.7406054495282502,0.6929566075440488,0.2634679079055786,0.2734481692314148,-0.9167801541041865,-0.8762115801392127,0.7977520227432251,0.7891528010368347,0.697278236854622,0.6668986047347556
193,8.041666666666666,193,8.041666666666666,0.0,0.032130378592324524,0.040219674031730636,0.5692761536005253,0.5576258045182908,0.07847825217203808,0.07923178873531671,0.07717790098336234,0.07667809828186634,0.14364891012156056,0.14634365052743364,0.12885954055010554,0.12885315099607286,0.08129375774338514,0.08160261343540207,0.5023996531963348,0.5022672712802887,0.5067013502120972,0.5067724585533142,0.5008189231157303,0.5006110817193985,0.23420055955648422,0.2352154478430748,0.28373393416404724,0.2843022048473358,0.4773554354906082,0.4819158911705017,-174.68493652343756,-175.27105712890625,-11.745504379272461,-12.19766902923584,0.4100605547428131,0.2916286289691925,0.6094948053359985,0.6196597218513489,0.42707048877096926,0.46258833508207375,0.839333176612854,0.8442019820213318,0.800148839951238,0.791852743256318,0.37191683053970337,0.37116581201553345,-0.5065547070367151,-0.5029866089204519,0.8480241298675537,0.85252845287323,0.8193601211290767,0.8100520033224025,0.7227162718772888,0.7176946401596069,0.872004047784091,0.8435234687371888,0.8182461261749268,0.8072258234024048,0.7535360872068572,0.7110335415897161,0.2623521089553833,0.2735476493835449,-0.9371181240810902,-0.8823023514241195,0.7943961024284363,0.7916659712791443,0.700815804533125,0.6770241995265684
194,8.083333333333334,194,8.083333333333334,0.0,0.03339597762549846,0.0517837163519384,0.5774312469384701,0.5945915616442643,0.0788856773979977,0.08077534931225402,0.07811823342051948,0.07890181881534375,0.14044401909701212,0.1472027253534132,0.12614265531467106,0.12435869390427844,0.0814502634352596,0.08090448079316154,0.502311959862709,0.5036068558692932,0.5067281723022461,0.5080180168151855,0.5006143897771835,0.5009985268115997,0.23364078998565674,0.23369523137807846,0.28342270851135254,0.282649964094162,0.4783085584640503,0.4822115898132324,-174.651351928711,-175.2126922607422,-11.403339385986328,-12.003037452697754,0.22756950557231903,0.8923227787017822,0.6100339293479919,0.6204779744148254,0.4289851673729588,0.46444991491843557,0.839725136756897,0.8466293215751648,0.7970360957959206,0.7968337291275186,0.37141361832618713,0.3648521900177002,-0.5065385467990742,-0.5292387587057789,0.8490422368049622,0.8509567975997925,0.8175832026318243,0.8062961634655565,0.7219749689102173,0.7189660668373108,0.8678560105593213,0.8473005814029982,0.8185011744499207,0.8093731999397278,0.7502306500292204,0.7153697065288936,0.26227137446403503,0.27417802810668945,-0.9344365614892824,-0.8817144993429694,0.7952461242675781,0.7910652160644531,0.6989460230416505,0.6753375736422538
195,8.125,195,8.125,0.0,0.05867981371480483,0.06860472138167367,0.6135841156022367,0.6146455889602371,0.07783404596115158,0.0821802939382356,0.07465841043509722,0.07964375755236995,0.15065897537895467,0.14435730677423472,0.12365249940103205,0.12046127965437069,0.08052456676071486,0.08074833493570108,0.504745677113533,0.504595160484314,0.5093991160392761,0.5093263983726501,0.5028445422649384,0.5017333924770355,0.23276612907648087,0.23252162337303162,0.2800920903682709,0.28036659955978394,0.47832873463630676,0.4811406880617142,-176.3272094726563,-176.07000732421875,-11.30817985534668,-11.542948722839357,1.2972211837768555,0.948634147644043,0.6205079555511475,0.6234564781188965,0.4659090906599289,0.47914068797877857,0.8466391563415527,0.8424351811408997,0.8203445105525038,0.7999704922327529,0.3640216588973999,0.35451939702033997,-0.5496937539558865,-0.5794809973086014,0.8419724106788635,0.8485105037689209,0.8099501829393808,0.813422340866786,0.7243762016296387,0.7194680571556091,0.8771937774398216,0.8570727276654128,0.8125303387641907,0.7988408207893372,0.7443733199153338,0.703444797606768,0.26868051290512085,0.2751424014568329,-0.9272138801457376,-0.8919340382698605,0.7833358645439148,0.7905129194259644,0.6793479357456825,0.6850053376079603
196,8.166666666666666,196,8.166666666666666,0.0,0.04314499568708351,0.055701791194940016,0.6007167093766658,0.6105768380404142,0.08215230949252966,0.08215999017472825,0.08095364652313847,0.07960664220789451,0.1474190787320275,0.1437897714755334,0.1188423689399995,0.11536057597604461,0.08083572263130055,0.08103521911968996,0.505511149764061,0.5056798607110977,0.5097146034240723,0.5102240443229675,0.5025166124105453,0.5009205639362335,0.23222699761390686,0.23155981302261353,0.28062403202056885,0.2794179618358612,0.47978752851486206,0.4817288964986801,-175.44680786132818,-176.2237548828125,-11.099394798278809,-11.383569717407227,1.6323997974395752,1.4838898181915283,0.6226217150688171,0.6289950609207153,0.4734858980901416,0.5039480961422503,0.843518853187561,0.8415924310684204,0.8065825483418676,0.7964958512850613,0.3642690181732178,0.3513985872268677,-0.5450083707309861,-0.5883397340474489,0.8403617143630981,0.8510506749153137,0.7995815206443061,0.8174300423347327,0.7257946133613586,0.719524621963501,0.8802205939972719,0.8601642125922981,0.8141158819198608,0.7949681878089905,0.74138078570769,0.6933011322929246,0.2667696177959442,0.2739092707633972,-0.9293766459260304,-0.8932450385583215,0.7850032448768616,0.7892654538154602,0.6768228458705751,0.6806791144153425
197,8.208333333333334,197,8.208333333333334,0.0,0.06169494102960948,0.07445736297214721,0.6067131605801487,0.6160850410735699,0.08609442847935801,0.0833961228941521,0.08483972362471998,0.08103087496873045,0.13944957709323377,0.14422347220675666,0.10875960869865411,0.11251020709240417,0.08136818038317248,0.08095751804816767,0.5062798410654068,0.5063929557800293,0.5105167031288147,0.5108675360679626,0.5026791393756866,0.5011082291603088,0.23176060616970062,0.23109933733940125,0.28069543838500977,0.2797929048538208,0.48046255111694336,0.4825667589902878,-175.61669921875006,-175.57127380371094,-11.71663761138916,-12.580351829528809,1.776200294494629,1.7475483417510986,0.6284618973731995,0.6317697167396545,0.49790212937367473,0.5109342448718023,0.8464540243148804,0.8393287062644958,0.814922604780408,0.7847267658773766,0.3595413565635681,0.3465867340564728,-0.5666007646086886,-0.6042356082116154,0.8395869731903076,0.8496164083480835,0.7996323163463642,0.8073553989085746,0.7231444120407104,0.7183066010475159,0.872696150572829,0.8493251392089404,0.8097257614135742,0.7893345952033997,0.7331428534352044,0.6747606739619324,0.26668232679367065,0.27453315258026123,-0.9341766501280666,-0.8859914868862777,0.7846606969833374,0.789795994758606,0.6773325707092175,0.6757755596118753
198,8.25,198,8.25,0.0,0.07662731521267105,0.08029848596154644,0.5959959034367273,0.602496007940363,0.08426196782977904,0.08308265638969078,0.08302096885718911,0.0807654500578254,0.13721799350734618,0.14254565337604266,0.10751383449981623,0.11136337069735006,0.08090536241480027,0.08088186367532593,0.5068243891000748,0.5071324408054352,0.5111123919487,0.5116698145866394,0.5021006762981415,0.5003233253955841,0.23205627501010895,0.2317851111292839,0.28234222531318665,0.2802717983722687,0.4794769585132599,0.4820396602153778,-175.02401733398443,-176.18896484375,-14.34067440032959,-14.337499618530275,1.5214567184448242,1.715287446975708,0.6313163638114929,0.6320900917053223,0.5075466328591417,0.5162331588411521,0.8453445434570312,0.8380940556526184,0.8083643806416545,0.7846552538492463,0.3602393865585327,0.34171009063720703,-0.5572173265181434,-0.6214117072650572,0.8459451198577881,0.8535420894622803,0.8096913212895952,0.8186988748400972,0.7239131331443787,0.7161500453948975,0.871257722379017,0.8455615368572353,0.8083072900772095,0.7902756333351135,0.7265325988136772,0.6792753546455421,0.26532506942749023,0.27414804697036743,-0.9300315180226212,-0.8861049087200499,0.7875141501426697,0.7895799279212952,0.6805912955212231,0.6777421930975331
199,8.291666666666666,199,8.291666666666666,0.0,0.02550360507220423,0.03148720106790964,0.5736270103374054,0.5648129146805343,0.08627159100888851,0.08304757226230697,0.08532282985695193,0.08161228051349685,0.13914059593043224,0.1428197346681852,0.10995511889950843,0.11090122744216344,0.08075875502861622,0.08115595335966631,0.5074224025011063,0.5077676177024841,0.5117150545120239,0.5117745995521545,0.5020209401845932,0.5003332495689392,0.23255010694265366,0.232982337474823,0.28465089201927185,0.2834222614765167,0.4790402799844742,0.4805719405412674,-172.99179077148443,-174.3451690673828,-13.748151779174805,-13.306286811828613,1.1880096197128296,1.8062220811843874,0.6310455799102783,0.6332336664199829,0.5074338444986136,0.5243679582708557,0.8503403663635254,0.8395149111747742,0.8213993448514255,0.7966320638592893,0.35685282945632935,0.33832478523254395,-0.5709236056156111,-0.6392158104506741,0.8493842482566833,0.8533347845077515,0.8192841964435178,0.8273036610662021,0.7246009111404419,0.7138335704803467,0.8753724142198245,0.8423805584595352,0.8076406121253967,0.7903530597686768,0.726937879736898,0.687523067854543,0.2658747434616089,0.27425071597099304,-0.9287262705916736,-0.8920245651022287,0.7840679883956909,0.7870461940765381,0.6747899314914921,0.6801838650932116
200,8.333333333333334,200,8.333333333333334,0.0,0.026150034743252733,0.025269226366238226,0.5830531417598214,0.578304352982232,0.08397372837178504,0.08753147214333834,0.08248611860001108,0.08555931147526365,0.1373081411190847,0.1345172503084051,0.10596997114564628,0.10320123348773833,0.08064054297218691,0.08109532464070225,0.5078488439321518,0.5080654621124268,0.5117850303649902,0.5116574764251709,0.5018105208873749,0.5012368261814117,0.23356187343597412,0.23349901288747787,0.2845116853713989,0.28387969732284546,0.47952933609485626,0.4793338179588318,-174.33486938476568,-175.22769165039062,-12.678933143615724,-11.500089645385742,1.6081280708312988,1.7016156911849976,0.6288905143737793,0.6337997317314148,0.5012283117507668,0.5206859684866944,0.8516337871551514,0.8437222242355347,0.8255546005647715,0.8050835209908451,0.35149767994880676,0.3333730399608612,-0.5928631992427695,-0.6593422024015734,0.8464697003364563,0.8533815741539001,0.8140975066795957,0.8264249888004852,0.7254921197891235,0.7161877155303955,0.8822439088276336,0.8442928399418241,0.8080214858055115,0.7914525270462036,0.7287959191842622,0.6895983103489982,0.2654631435871124,0.2744411826133728,-0.9322002123300852,-0.8908171469977618,0.7835991978645325,0.7830834984779358,0.6746123905848536,0.6711076919018854
201,8.375,201,8.375,0.0,0.03828045201699528,0.03061706370199053,0.5915384932327821,0.5785477720597322,0.08430228051769703,0.08785091505154434,0.08269120344815306,0.08582061959924411,0.13745836620348953,0.13688732780123922,0.10353162375020054,0.10272211547547712,0.08174214984114453,0.08193949434509003,0.5079901218414307,0.508276104927063,0.5118933320045471,0.5116241574287415,0.5019128322601318,0.5004417151212692,0.2351401299238205,0.23489484935998917,0.28604668378829956,0.2854211926460266,0.4797721207141876,0.4782978594303131,-175.149642944336,-175.55921936035156,-12.063182830810547,-11.327838897705078,2.0910379886627197,2.2470717430114746,0.6289187669754028,0.6377366781234741,0.5036342905754944,0.5434686505227331,0.8569183945655823,0.8403514623641968,0.8412471868447938,0.8061489512737536,0.3501948118209839,0.342012882232666,-0.6016285598203716,-0.627125002484454,0.8518676161766052,0.8509337306022644,0.8299811253569966,0.829711441394239,0.7255731225013733,0.7154858112335205,0.8869112444082724,0.851230971344005,0.8040226697921753,0.7826358079910278,0.7232601278521903,0.6776392116441078,0.26705431938171387,0.2760585844516754,-0.9313171135215895,-0.8881986240319089,0.7796552181243896,0.7812309265136719,0.6689070781540822,0.674511100998455
202,8.416666666666666,202,8.416666666666666,0.0,0.054615409549368596,0.050804841099198306,0.6154444967919601,0.6138853748902049,0.0810580329433773,0.08664451685721507,0.08096586339798839,0.08518951697696873,0.13963197555652587,0.1384614783777769,0.1069802338944418,0.10477757631348286,0.08248713321577975,0.08167128828701603,0.5078988820314407,0.5081298351287842,0.5113722085952759,0.5114098191261292,0.5013431757688522,0.49962031841278076,0.23802120238542557,0.23747263848781586,0.29043227434158325,0.28934919834136963,0.47736193239688873,0.4797605127096176,-173.836654663086,-174.3007049560547,-11.169054985046387,-11.288397789001465,2.2625973224639893,2.283597946166992,0.628227949142456,0.6230981945991516,0.5057312624295146,0.49288135895072777,0.8553193807601929,0.8389279842376709,0.8473751576969096,0.8064413097341215,0.35035640001296997,0.3374030590057373,-0.6017958710329342,-0.6475156986108852,0.8560004234313965,0.8531053066253662,0.8489020455606322,0.8382737537642398,0.7214492559432983,0.7152615785598755,0.8772882894882613,0.8607659981673622,0.7990161180496216,0.784388542175293,0.7211440533098343,0.6839835078016964,0.2688214182853699,0.27636611461639404,-0.9267741024228701,-0.8911542598330784,0.7748385667800903,0.7779589891433716,0.6669383314528834,0.6695471860880172
203,8.458333333333334,203,8.458333333333334,0.0,0.056751255217621865,0.06650614023639062,0.6284545219620212,0.6230869985446768,0.08051955442689802,0.0900618784343569,0.0805733684864639,0.08894133712923796,0.14012040855704266,0.13509904544968573,0.1091576301367959,0.10304026067386937,0.0821003586131341,0.08159644956565812,0.5079349875450134,0.5084985345602036,0.5114330649375916,0.5115850567817688,0.5013081878423691,0.4998818635940552,0.24160227924585342,0.24040336906909943,0.29545652866363525,0.29316747188568115,0.4791161119937897,0.48089832067489624,-172.27822875976568,-173.4010772705078,-11.277320861816406,-11.169629096984863,1.9950560331344604,2.1819357872009277,0.6295322775840759,0.6174706220626831,0.5105764897906435,0.4677199832615706,0.8546571731567383,0.843377411365509,0.8411455359634835,0.8110088753091953,0.34968242049217224,0.34750819206237793,-0.6037598099656881,-0.6060801391768595,0.8588095903396606,0.8554428815841675,0.8504462158040768,0.8380040970569312,0.7222750186920166,0.7177439332008362,0.8798695243821983,0.8665661996678086,0.7992357611656189,0.7911731004714966,0.7170113783063647,0.6942072154292285,0.2659989595413208,0.2767411470413208,-0.9369796271769978,-0.887562498067062,0.7785650491714478,0.7791186571121216,0.6707126405192347,0.6672366651204122
204,8.5,204,8.5,0.0,0.06599474667882266,0.07338098198116579,0.6215814907820036,0.6065806796496322,0.08613934308154567,0.09311583858216868,0.08544127833812247,0.09246131150192322,0.13315878813834245,0.12956222654940033,0.10255786654025596,0.09800097934512458,0.08178025927396557,0.08172085760829141,0.5081152021884918,0.5084783136844635,0.5118241310119629,0.511846125125885,0.5006603598594666,0.500466376543045,0.24256472289562225,0.2416515126824379,0.2968232035636902,0.29547762870788574,0.48088306188583374,0.48017188906669617,-171.94424438476568,-172.533935546875,-12.25084400177002,-12.372797966003418,1.7310898303985596,1.904412269592285,0.6273772120475769,0.6241776347160339,0.5012407802651045,0.4944118748070407,0.8555518388748169,0.841646134853363,0.8336467298373285,0.8126051236862152,0.3482920527458191,0.3498106598854065,-0.6027075943454008,-0.6020953664455144,0.8578198552131653,0.8531010746955872,0.8386931188609256,0.8383561776431885,0.7228049039840698,0.7187126874923706,0.8787142570694293,0.8722210844811865,0.8053000569343567,0.7875617146492004,0.7218353480087462,0.6910216983612515,0.2653205096721649,0.27733325958251953,-0.930909568052102,-0.8917511980496476,0.7815577387809753,0.7823486924171448,0.6690081387430383,0.679302665470154
205,8.541666666666666,205,8.541666666666666,0.0,0.051828459965777625,0.0707683432014326,0.6052434634213006,0.5954072221569332,0.08845770556402391,0.09192594305420214,0.08921419794712766,0.09145507755995398,0.13054005162626264,0.13128828384032615,0.10363146529676433,0.10177221307192176,0.08145326608355684,0.0816151645116354,0.5079636573791504,0.5083521604537964,0.5114005208015442,0.5116196274757385,0.5006346851587296,0.5003479421138763,0.24272558093070984,0.24201225489377975,0.29661744832992554,0.29570913314819336,0.47983238101005554,0.47999972105026245,-171.61044311523443,-171.9934844970703,-11.305669784545898,-11.5241117477417,1.5816876888275146,1.6944218873977661,0.6249386072158813,0.6299718618392944,0.4923326078216745,0.5167359351459233,0.8512512445449829,0.8437396287918091,0.827485233303894,0.8156371408792773,0.3485141396522522,0.34537166357040405,-0.6025063701371014,-0.617801192775479,0.8613079786300659,0.8502458333969116,0.8498906622351781,0.8302264174726284,0.7253838777542114,0.7191195487976074,0.8901678584644712,0.8721164350110789,0.8073937296867371,0.7856243848800659,0.7297749404846069,0.6853216314264171,0.26415419578552246,0.27768468856811523,-0.936632200378413,-0.8876301903794445,0.7827901244163513,0.7817525863647461,0.6749604923073739,0.6766396512425435
206,8.583333333333334,206,8.583333333333334,0.0,0.04336977952979945,0.04638902989142055,0.6049911309248674,0.594583806798356,0.08680596492994364,0.09057391722659854,0.08715268842522296,0.09029910442446468,0.13265016724283824,0.1329600525637594,0.10514276399300664,0.10526875412668456,0.08136546108489798,0.08153402308053759,0.5075456500053406,0.5078186094760895,0.510962724685669,0.5107053518295288,0.5009479820728302,0.5006295889616013,0.24149847030639648,0.24096591770648956,0.2955273985862732,0.29512470960617065,0.47884705662727356,0.47942274808883667,-171.08142089843756,-171.6722869873047,-10.632362365722656,-10.0062837600708,1.4169267416000366,1.6428735256195068,0.6262379884719849,0.6288098692893982,0.49763655829907216,0.5094238456042467,0.849633514881134,0.845314085483551,0.8284040963598495,0.8179612072690041,0.35113683342933655,0.3473476767539978,-0.5950315316312562,-0.609184665368815,0.8614829778671265,0.8500338792800903,0.8548779425825178,0.8285124497755009,0.7253220677375793,0.7194969058036804,0.8911863840599206,0.8698391822645766,0.8065232038497925,0.7869353294372559,0.7320878543323166,0.6874537235048365,0.2636638283729553,0.27731773257255554,-0.942463592905607,-0.8875030102899616,0.782822847366333,0.7821400165557861,0.679136965865283,0.676733655788316
207,8.625,207,8.625,0.0,0.04746575541222586,0.04807704846117152,0.5995590026981247,0.5977724937926524,0.08810251882136422,0.09132513250043481,0.08809915377402264,0.09100333166551486,0.1322975773369926,0.12894184849532234,0.10460326505090341,0.10168376170766878,0.08167557108507592,0.08146268818116849,0.5070296823978424,0.5073927640914917,0.5101879835128784,0.5102424025535583,0.5011168569326401,0.5008993744850159,0.24029205739498138,0.23990604281425476,0.29425057768821716,0.2942008674144745,0.47832202911376953,0.47976016998291016,-171.64857482910162,-171.73582458496094,-10.279122352600098,-10.191488265991211,1.5469223260879517,1.5973172187805176,0.6257867217063904,0.6277502775192261,0.49633543114655215,0.5040044714844844,0.8512693643569946,0.8449382185935974,0.8351871916478715,0.81614630092698,0.35399067401885986,0.3465040922164917,-0.5857384826877029,-0.6134438997131875,0.8594816327095032,0.8485819697380066,0.853577942014588,0.8242898189432516,0.7262688875198364,0.7190871238708496,0.8963748406868198,0.8669043631793405,0.8063544631004333,0.7861188054084778,0.7346036864214716,0.6846892030089479,0.2635791003704071,0.2773340046405792,-0.9456848696424077,-0.8882707444368028,0.7829468846321106,0.7813170552253723,0.6821841947753228,0.6739576416108122
208,8.666666666666666,208,8.666666666666666,0.0,0.07286462623980651,0.0703053540259392,0.6195559286175403,0.6036529563966155,0.08677262001733307,0.0941134517896236,0.08680160527138991,0.09346286207822731,0.12153047476700009,0.12586877666551352,0.09627065014016187,0.09793771285885322,0.08267215433257094,0.08192735711723124,0.5063261687755585,0.5066708028316498,0.5098145604133606,0.5098176002502441,0.5012351721525192,0.5013115555047989,0.2397845834493637,0.23960575461387634,0.29402783513069153,0.2951951324939728,0.4782469868659973,0.47955194115638733,-172.1753997802735,-170.98544311523438,-11.103910446166992,-11.291252136230469,1.353196620941162,1.339959979057312,0.6288641095161438,0.6297188401222229,0.5076518235854014,0.5111321572969648,0.8520900011062622,0.8456034064292908,0.8364280597849796,0.8196118317765753,0.3568127155303955,0.3448100686073303,-0.5744490629270135,-0.6229626524415366,0.8588926792144775,0.8460468053817749,0.8516482207473547,0.8206046294078657,0.7259632349014282,0.7184739708900452,0.8938694720952293,0.8644267666775248,0.807185173034668,0.7835751175880432,0.7359589944602428,0.6807266632628003,0.26388341188430786,0.2777852416038513,-0.9440809930750381,-0.8897586097021687,0.782967209815979,0.7788159847259521,0.681774261255804,0.6700706709425442
209,8.708333333333334,209,8.708333333333334,0.0,0.07055159836321677,0.06447769286380961,0.6081537172146712,0.5995720354415792,0.09130594631451844,0.09287500243019184,0.09258620954205203,0.09294676002597344,0.12344039718220783,0.12492285637818912,0.09919346176617884,0.09878104297567435,0.08179662759506269,0.08199074480453436,0.5059226602315903,0.5061694383621216,0.5091938972473145,0.5089492201805115,0.5013168156147003,0.5007640868425369,0.2401692420244217,0.23990103602409363,0.2951863706111908,0.29593953490257263,0.47915032505989075,0.4797505736351013,-170.65730285644537,-170.09799194335938,-11.279876708984375,-10.45273208618164,1.299045443534851,1.2547467947006226,0.6289432048797607,0.6296233534812927,0.5073684103773929,0.5121786760546909,0.8524587154388428,0.847133994102478,0.8347822750844485,0.8213871755544585,0.3565279543399811,0.3423554003238678,-0.5755964327466738,-0.6296291563116249,0.8592601418495178,0.8455557227134705,0.8499914435876241,0.8178585136545118,0.724725604057312,0.7186150550842285,0.888143608145612,0.8658952002579818,0.8074166774749756,0.7820209264755249,0.7340604700166641,0.6758089166288118,0.2648555636405945,0.277803897857666,-0.9400326235100548,-0.8862028892909233,0.7835280299186707,0.7788366675376892,0.6806413129077133,0.6686896256933214
210,8.75,210,8.75,0.0,0.055308954728454957,0.039184813068083996,0.5888396554750939,0.597424914226216,0.0881307918438901,0.09349882570041308,0.08843351398714897,0.09346339059411704,0.12047459423970763,0.1250510197433996,0.09658470357017795,0.09999753056808645,0.08243388633704037,0.08229849130949171,0.5051607191562653,0.505503848195076,0.5081493258476257,0.5084105134010315,0.5009862184524536,0.5005409866571426,0.23990663886070251,0.2397734522819519,0.29419732093811035,0.29575276374816895,0.47916606068611145,0.47876378893852234,-171.45590209960943,-170.0509490966797,-9.87121295928955,-9.035368919372559,1.2377493381500244,1.0844073295593262,0.6268555521965027,0.6270660758018494,0.5000734632866668,0.5047932290902455,0.851280152797699,0.8465505838394165,0.8315962450918064,0.8253830157461658,0.3567615747451782,0.34246593713760376,-0.5729983223446803,-0.6306671287487237,0.85908043384552,0.8462299108505249,0.8490282224545007,0.8246633650074517,0.7236336469650269,0.7186974287033081,0.8845686821109201,0.8703719995120826,0.8073935508728027,0.7821412086486816,0.7335189775433407,0.6808362156045771,0.26477739214897156,0.27715593576431274,-0.9384475337627313,-0.891232418273289,0.7842777967453003,0.7806193232536316,0.6818601590723328,0.6774208174053977
211,8.791666666666666,211,8.791666666666666,0.0,0.020389501529427152,0.021151318645462075,0.5821768250609458,0.5839520562345673,0.08749862011043595,0.09387269998218031,0.08683498311985577,0.09226706223744546,0.1221526211982567,0.12803080944778145,0.10017612832395821,0.10239440077184984,0.08242236063050523,0.08169413518216055,0.5044928342103958,0.504878431558609,0.5075663328170776,0.5079762935638428,0.5012158751487732,0.5006843060255051,0.23950857669115067,0.23939961194992065,0.2946048378944397,0.2949602007865906,0.47825975716114044,0.479533851146698,-170.17950439453128,-170.148193359375,-8.067774772644043,-8.891284942626953,0.7029919028282166,0.8377719521522522,0.6252380609512329,0.6254955530166626,0.49152420347285586,0.49864229183882697,0.8527494668960571,0.8465149998664856,0.834849021093081,0.8247107778927779,0.35686883330345154,0.3436814248561859,-0.5720755871831891,-0.6272533796342471,0.8598915338516235,0.8468676805496216,0.8507708140060464,0.8255033514665201,0.7247623205184937,0.7191934585571289,0.8859583290569688,0.8729814598667381,0.8087348341941833,0.7820285558700562,0.7367273048757215,0.679791439181888,0.2637845277786255,0.2772274315357208,-0.9409869140790795,-0.89274845583925,0.7842351198196411,0.7794031500816345,0.6821101497685097,0.6738914073747865
212,8.833333333333334,212,8.833333333333334,0.0,0.017193472095641614,0.020015315030748687,0.5754034380680356,0.5765286629404807,0.08649418626558893,0.09266976912757886,0.08524410144437568,0.09124931716909992,0.12512485173850948,0.12954819289029976,0.10110946801645608,0.10273401601063037,0.0817595082538499,0.08114487751589716,0.504162460565567,0.5043628662824631,0.507060170173645,0.5068876147270203,0.5008570104837418,0.5007095634937286,0.23943530768156052,0.23834925144910812,0.2937575876712799,0.29357123374938965,0.4790665805339813,0.479410320520401,-170.71662902832037,-170.71331787109375,-8.350011825561523,-8.9504976272583,0.98425430059433,1.1445726156234741,0.6243826150894165,0.6250977516174316,0.4899828354120578,0.4960654920428414,0.8518532514572144,0.8450426459312439,0.8317767576674368,0.8202136389157568,0.35713088512420654,0.34623149037361145,-0.5701112303903566,-0.6160652591542843,0.8599573969841003,0.8486508727073669,0.8498590562467399,0.828307881706658,0.7247556447982788,0.7190269827842712,0.8881275103775887,0.8706593419801497,0.8079186081886292,0.7813701033592224,0.7337479975813642,0.6773786535699359,0.26350682973861694,0.2774515450000763,-0.9414850865803248,-0.890362665998663,0.7845999598503113,0.7791928052902222,0.6817184825238708,0.6724943765296817
213,8.875,213,8.875,0.0,0.024291735225289265,0.020318383822130578,0.5867093350066992,0.5760717851645681,0.05936604473388185,0.06269757994796736,0.058575812478514046,0.061113878474592105,0.15364161894825268,0.16417006127433542,0.1317811284057885,0.136092530631706,0.08063470641478197,0.08098502269032103,0.5040623545646667,0.5048016458749771,0.5070387721061707,0.5069440007209778,0.5011637210845947,0.5006161332130432,0.2408003732562065,0.24033653736114502,0.2923595607280731,0.29226154088974,0.4788750112056732,0.4792124032974243,-173.6219329833985,-173.29115295410156,-9.509442329406738,-8.404481887817383,0.9673433303833008,1.7559551000595093,0.6250075101852417,0.6224722266197205,0.49326842018395095,0.486157420033239,0.8517738580703735,0.8447433710098267,0.8354542029086613,0.8203069113818491,0.35719865560531616,0.3487863540649414,-0.5734112378694315,-0.6057405227042422,0.8557901382446289,0.8500033617019653,0.8444524022322913,0.8321111279864472,0.7252646684646606,0.7182528972625732,0.8925915548825399,0.8682842585605534,0.8078498244285583,0.7827053666114807,0.7370454284560264,0.6810842236441008,0.26440364122390747,0.2770959138870239,-0.9430127372846763,-0.8917569086196125,0.7834649085998535,0.7805104851722717,0.6824127027505024,0.6761585769184218
214,8.916666666666666,214,8.916666666666666,0.0,0.05325841114433521,0.044555689845788705,0.5729095810604081,0.5770761238694259,0.059272682667973045,0.05887119650305785,0.060542859996263264,0.06030711642209554,0.15418930976532855,0.16530577466394064,0.1304115898741751,0.1397433408681421,0.08162669690281837,0.08178332228194396,0.5039708316326141,0.5044697970151901,0.5061946511268616,0.5065938234329224,0.500938281416893,0.5002898722887039,0.24039794504642487,0.2398281916975975,0.2926817536354065,0.2918315827846527,0.48077867925167084,0.47932764887809753,-173.99479675292974,-174.26004028320312,-10.645706176757812,-10.249197959899902,1.6805838346481323,1.9846650362014773,0.6250965595245361,0.6309945583343506,0.49043921176387173,0.5215826272790639,0.8517478704452515,0.8435881733894348,0.8242707234346233,0.8176484066057564,0.3554094433784485,0.35440999269485474,-0.5748553354985131,-0.5821398847103356,0.8510777950286865,0.8559494614601135,0.8227818570773102,0.8453955458494179,0.7260247468948364,0.7152211666107178,0.8891169432296022,0.8576925018420146,0.8087486028671265,0.7786908745765686,0.7287289958864587,0.671974721436212,0.26378265023231506,0.27628231048583984,-0.9367915099683383,-0.8939117345395791,0.7867302894592285,0.7840082049369812,0.6798056579048211,0.6839104278991077
215,8.958333333333334,215,8.958333333333334,0.0,0.03951045889582913,0.04280987056963122,0.563659515794724,0.5624068005856379,0.06884738242467209,0.059742483072876586,0.07002232299881683,0.060113949069038636,0.15421287201628622,0.1590222553838469,0.12680799295148262,0.13198567585691087,0.08171787593636475,0.08195711000426413,0.5038134455680847,0.5041969269514084,0.5061898231506348,0.5063380599021912,0.5020048171281815,0.4999771863222122,0.23856879770755768,0.23971333354711533,0.29052475094795227,0.2931593656539917,0.4827081263065338,0.4792797565460205,-174.35185241699224,-173.31939697265625,-11.170546531677246,-10.883459091186523,1.7300525903701782,1.7140040397644043,0.6333853006362915,0.6318527460098267,0.5171065569257369,0.5296931335282974,0.8494696021080017,0.8384546041488647,0.8119988744261081,0.8114998993453121,0.3535522222518921,0.35886290669441223,-0.5843014742629606,-0.5668014993733361,0.8478038311004639,0.849426805973053,0.8083109075255044,0.8362898887762277,0.7275435328483582,0.7148834466934204,0.8877083233775266,0.8631953543213252,0.8131583333015442,0.7789798974990845,0.7316068176120829,0.6771260177052034,0.2647569477558136,0.27670368552207947,-0.9337949259529025,-0.8968033239275234,0.7897138595581055,0.7862719893455505,0.6797014580058587,0.6936013690248127
216,9.0,216,9.0,0.0,0.029488129332543397,0.02423008611892956,0.564450708801915,0.5595365076461656,0.08220135612159953,0.07427594269352555,0.08300932518560211,0.07438708076323572,0.14655812241474686,0.15560497522838174,0.12361036027071605,0.12765792055855332,0.08122034398102797,0.08116126948418094,0.5038268864154816,0.5040982067584991,0.5066081285476685,0.5065767168998718,0.5008974969387054,0.5003656148910522,0.23762338608503342,0.23871420323848724,0.2927438020706177,0.2935444712638855,0.48012466728687286,0.47973397374153137,-171.2232513427735,-171.50611877441406,-11.034805297851562,-11.115636825561525,0.8061304092407227,1.3279526233673096,0.6363781690597534,0.63274085521698,0.5305015024588753,0.5265291160592901,0.8423565626144409,0.8361018896102905,0.7978449320998754,0.7973275201665756,0.35369187593460083,0.33853334188461304,-0.5764128704889776,-0.6436959317025434,0.8440132737159729,0.8529695868492126,0.8014939717713145,0.8350668300526634,0.7259708642959595,0.7178789973258972,0.8813195098398958,0.8651703196345648,0.8102298974990845,0.783868134021759,0.727083363949236,0.6804611891702452,0.26521122455596924,0.2746120095252991,-0.9228764490942365,-0.8979462170400012,0.7901890873908997,0.7860385179519653,0.6829418651297247,0.6853171449390526
217,9.041666666666666,217,9.041666666666666,0.0,0.017833030054290818,0.017600275141275976,0.5660466127548955,0.555147309356225,0.08302878991620752,0.08393443792325378,0.08344234992759245,0.0835817613779089,0.13734098677869638,0.14050311943476945,0.11354628829283368,0.11572010193510213,0.08186681616238874,0.0811271466715986,0.5035988688468933,0.5036413967609406,0.5063735246658325,0.5061711072921753,0.5005853474140167,0.5000764578580856,0.23633348941802979,0.2369486317038536,0.28998878598213196,0.2914978265762329,0.480587363243103,0.48005276918411255,-172.00744628906256,-171.59521484375,-9.156819343566895,-9.999605178833008,1.1684699058532715,1.1654528379440308,0.6403639316558838,0.6350203156471252,0.545510990142248,0.5354600569120122,0.8370768427848816,0.8349157571792603,0.7825860673391247,0.7920583741963099,0.3537873923778534,0.3404746651649475,-0.572905343382701,-0.6333032595846548,0.847529411315918,0.8461592197418213,0.8055321428048322,0.8171539152330126,0.7242875695228577,0.7165584564208984,0.8730380361304544,0.859005109014194,0.8061196804046631,0.7845755815505981,0.7146271362810352,0.6796985085184049,0.263512521982193,0.2740807831287384,-0.925219213219061,-0.8967555755047758,0.7932959794998169,0.7873036861419678,0.6864758155947802,0.685787670139586
218,9.083333333333334,218,9.083333333333334,0.0,0.031785874537146305,0.025905028593073517,0.5391213872859518,0.5495888817258537,0.08142315072273577,0.08687172662137455,0.08077542293953924,0.08561037762208638,0.13063216566531446,0.1301319057664668,0.1098361296196761,0.1096045403623902,0.08183304466737865,0.08206254485322617,0.5032673180103302,0.5034535974264145,0.5058972239494324,0.5059576630592346,0.5005145817995071,0.5005370378494263,0.23506448417901993,0.23550891131162643,0.28879237174987793,0.2890736162662506,0.48035359382629395,0.48003876209259033,-173.3080444335938,-173.33908081054688,-10.711904525756838,-9.157054901123047,0.806615948677063,0.7221327424049377,0.6400724053382874,0.6380614042282104,0.5468650647998565,0.5459295091166657,0.8387499451637268,0.8361294269561768,0.7899727288458999,0.7951334656630502,0.34600669145584106,0.33801984786987305,-0.6054477299970121,-0.6451433450286715,0.8540621995925903,0.8464816808700562,0.8237238074236036,0.8182495547498567,0.7254453897476196,0.7183426022529602,0.8814038349476523,0.8646212157792806,0.8063788414001465,0.7860761880874634,0.7186207491718858,0.6833669712940191,0.2623891830444336,0.27431803941726685,-0.933107570171434,-0.898019965616688,0.7892657518386841,0.7854161858558655,0.6809002924501469,0.6818932177993668
219,9.125,219,9.125,0.0,0.06344324008028294,0.05685903973313522,0.5319150145030519,0.5277724562430122,0.08292249353844794,0.08575324081976395,0.0835534268666659,0.08420431184162067,0.12866666956054337,0.12975985955660072,0.11199854163684494,0.11313131794657687,0.08213930515830935,0.08218614816364761,0.5031271278858185,0.5032574534416199,0.5056678652763367,0.5061584711074829,0.500283882021904,0.5000719428062439,0.23417630791664124,0.23460780084133148,0.2877243757247925,0.2876567542552948,0.47999727725982666,0.4805945158004761,-173.8045501708985,-174.1388397216797,-11.785544395446777,-11.92142105102539,0.6658963561058044,0.27201417088508606,0.6372023224830627,0.6332297325134277,0.5376678951770871,0.5281661442514627,0.8382670283317566,0.8420889377593994,0.7913795618220534,0.8065440815126216,0.3456830382347107,0.3306564688682556,-0.6071052956175219,-0.6719810973366888,0.8508551120758057,0.8540406227111816,0.81918529246981,0.8332099445976645,0.725283145904541,0.719272792339325,0.8835543278225535,0.8694532086265655,0.8071854710578918,0.7835588455200195,0.7227237260934051,0.6759553459237116,0.26240381598472595,0.27541083097457886,-0.9341362199277972,-0.8911111656352132,0.7865598201751709,0.7828648686408997,0.6771638692843237,0.6744069874690289
220,9.166666666666666,220,9.166666666666666,0.0,0.055235934065589846,0.06394684475900266,0.5252062843607233,0.5193108294081902,0.08486278349053597,0.08689423800895031,0.08396715254822268,0.08564051348329714,0.12778117012554252,0.126492765422566,0.11279696111010588,0.11319972709109924,0.08202448246612902,0.0819126424037785,0.503155305981636,0.5030170977115631,0.5060334205627441,0.5062949061393738,0.5010147392749786,0.49921900033950806,0.23436162620782852,0.2342972755432129,0.2876700758934021,0.28770768642425537,0.4816005378961563,0.4810357540845871,-174.05514526367193,-173.80184936523438,-12.063291549682617,-13.431269645690918,0.25238791108131414,-0.2241262048482895,0.6359505653381348,0.6325424313545227,0.5295466182408866,0.5268596061125922,0.8471097350120544,0.8529379367828369,0.8068592142287417,0.8266842725870522,0.3419727683067322,0.3316355347633362,-0.6241495705164417,-0.6622463732912909,0.851507842540741,0.8507509231567383,0.8165680084607082,0.8218228604933882,0.7245240211486816,0.7185600399971008,0.877147217420756,0.8667788765900527,0.8070531487464905,0.7843879461288452,0.7184345563160422,0.6743076483131796,0.2632902264595032,0.2752172350883484,-0.9329339398380149,-0.8851968548233686,0.7842987775802612,0.7841875553131104,0.6682044275413858,0.6738622087770709
221,9.208333333333334,221,9.208333333333334,0.0,0.0583566941559853,0.05659175626151972,0.5262353028819169,0.5196550391422335,0.08563624954542966,0.08927033525680664,0.08423721641846638,0.08681810473627642,0.12323010988549124,0.12100925028489413,0.11182828497654776,0.10996473254655713,0.08207510367534591,0.08215382705871985,0.5030176639556885,0.5029435902833939,0.506698489189148,0.5065054893493652,0.5010778605937958,0.49865877628326416,0.2354849874973297,0.234959177672863,0.28722524642944336,0.2873554527759552,0.47954460978507996,0.4797945022583008,-175.4926147460938,-174.59669494628906,-12.297508239746094,-12.30396366119385,-0.18155544996261597,-0.4941884875297547,0.6352781653404236,0.631377100944519,0.5285446948901522,0.527142064336817,0.8457407355308533,0.8486827611923218,0.8112682657740351,0.8241649511209909,0.3375347852706909,0.32806333899497986,-0.6441104959578693,-0.6775856401752887,0.8510012030601501,0.8535369634628296,0.8229222677407737,0.8350101414465524,0.7235537767410278,0.7163235545158386,0.8762160819415026,0.864539699576478,0.8032869696617126,0.7805814743041992,0.7172164979075856,0.6720140153833889,0.2644672393798828,0.275493323802948,-0.9318852802412843,-0.8863877509710375,0.7769884467124939,0.7809253931045532,0.6589549391268054,0.6727823939219264
222,9.25,222,9.25,0.0,0.06166230405988593,0.07523779886913069,0.5273152988146886,0.515741806515639,0.08282124825431389,0.08847548075351187,0.08007586219321332,0.08532001855368335,0.12517278493256073,0.11983954102431871,0.1116870170811457,0.10864688659881626,0.08232443513873798,0.0820183277580393,0.5027976632118225,0.502840667963028,0.5065410137176514,0.5066958069801331,0.5011391341686249,0.49906618893146515,0.2371060997247696,0.23601894080638885,0.2885688543319702,0.28731289505958557,0.4801681935787201,0.480100616812706,-175.6747436523438,-175.59942626953125,-11.573695182800293,-12.823911666870117,-0.14051583409309387,-0.44785943627357483,0.6332007050514221,0.6290139555931091,0.520203399695022,0.5168526197915176,0.8476662635803223,0.846919059753418,0.8142810286634736,0.8206757332345407,0.3477741479873657,0.33411791920661926,-0.6041196289909014,-0.6560631823657839,0.8608857989311218,0.858783483505249,0.8435721126788408,0.8472197766143688,0.7238041162490845,0.7149641513824463,0.8770990674803095,0.8587098521746045,0.8058105707168579,0.7790782451629639,0.7215395983747769,0.6688968046427519,0.2628520131111145,0.27504098415374756,-0.9386361955944544,-0.8910350440279717,0.7820712327957153,0.7800859808921814,0.6689393425363354,0.6711513920943865
223,9.291666666666666,223,9.291666666666666,0.0,0.05958802627927777,0.0698529980910337,0.5268218178372135,0.5114158361588231,0.08651430306994286,0.08912534586076945,0.08440907610432014,0.0860077358936913,0.12103980601091376,0.12067394902466833,0.1105949205425549,0.10853021760575644,0.08219250361682412,0.08213190572855618,0.5024460554122925,0.5027161985635757,0.5060440897941589,0.5063977837562561,0.5010232776403427,0.5003891140222549,0.237447127699852,0.23703008890151978,0.2889912724494934,0.28840959072113037,0.47983407974243164,0.480858251452446,-175.69290161132818,-175.4730987548828,-11.015667915344238,-11.990583419799805,-0.3367381989955902,-0.3319319784641266,0.6315754652023315,0.6297292113304138,0.515353728953637,0.515593852562666,0.8485444188117981,0.8464387655258179,0.818708147113778,0.8197475233717392,0.34453821182250977,0.33594655990600586,-0.6177235609819526,-0.6555242478288534,0.8552333116531372,0.8557866215705872,0.833560594913852,0.8407083830087965,0.7222829461097717,0.7152435779571533,0.8734207931875776,0.8564833574892687,0.8039707541465759,0.7804163694381714,0.7197339157422259,0.6717043602477495,0.26686611771583557,0.27705076336860657,-0.9243335388079155,-0.890303030808392,0.7815666198730469,0.7772610783576965,0.6699863352836306,0.6646291963668401
224,9.333333333333334,224,9.333333333333334,0.0,0.05149628474001444,0.05827808993306725,0.5199290745704632,0.5127640906325053,0.08638638291483282,0.0910451970161686,0.08428139812038737,0.08817827994444295,0.11984859931920058,0.1215889690672052,0.1091677383495198,0.10977881323032604,0.082030871950128,0.0821075006383342,0.5023661553859711,0.5024012178182602,0.5058532953262329,0.506045401096344,0.500757023692131,0.5008717924356461,0.23733332753181458,0.23704908788204193,0.2893652617931366,0.28897666931152344,0.47967639565467834,0.48033905029296875,-175.14871215820318,-175.06301879882815,-11.13965129852295,-11.844173431396484,-0.3651246428489685,-0.4488131999969483,0.6304787993431091,0.6304540634155273,0.5126011677084272,0.5172284702742754,0.8505678772926331,0.8428836464881897,0.8243964104329701,0.8139932402135645,0.3472013771533966,0.3359684348106384,-0.6067817321261305,-0.6582128153990824,0.8535561561584473,0.8535751104354858,0.8310385860889609,0.8379979543161017,0.7222079634666443,0.7142668962478638,0.875072899279175,0.8517679330218718,0.8039801120758057,0.779836893081665,0.7208437856996331,0.6724392586374929,0.2663690745830536,0.27728357911109924,-0.9261940472766772,-0.8924537953742819,0.7820411920547485,0.7773046493530273,0.6720792068145605,0.6667538083527109
225,9.375,225,9.375,0.0,0.045940217645109964,0.04646972418156803,0.5046197745015958,0.5095125029903824,0.0889469907452673,0.09228962030885,0.08679245680705228,0.08925051609235883,0.11909670071186669,0.1194190721951889,0.10815466430930212,0.10749423880377379,0.08199790497688286,0.08242565955020756,0.5020141154527664,0.5020245611667633,0.5050899386405945,0.5053316354751587,0.5006932318210602,0.5006341487169266,0.23697195947170258,0.2366107627749443,0.2903152108192444,0.2897862195968628,0.4793788641691208,0.4802163988351822,-174.08633422851568,-174.4185791015625,-11.150416374206543,-11.394558906555176,-0.4360465407371521,-0.4397011995315552,0.6318081021308899,0.6296238899230957,0.51693500121144,0.5137366322992443,0.8500185012817383,0.8423928022384644,0.8219745628697632,0.8113869930590863,0.34500959515571594,0.3388347625732422,-0.6138001030548831,-0.644409942746408,0.8557820916175842,0.8532349467277527,0.8347565866267849,0.835676745049583,0.7225443720817566,0.7123697996139526,0.8746728665362121,0.8432946621364664,0.8053770065307617,0.7789323329925537,0.7229722720741962,0.6692159437148721,0.2663302421569824,0.27689129114151,-0.9240022284248415,-0.8911166196394117,0.7826785445213318,0.778806209564209,0.6726334617586981,0.6689333882852049
226,9.416666666666666,226,9.416666666666666,0.0,0.044353785298351045,0.049132423144601915,0.4927958847680088,0.500936109540847,0.08853362984280061,0.09110313690033345,0.08642266013923242,0.08843238396254705,0.11959750993784786,0.11859539573108838,0.10836160545592095,0.10531499761286871,0.08176751824537526,0.08268234516815563,0.5017373859882355,0.5018023401498795,0.5042275190353394,0.5049346685409546,0.5007313638925552,0.5004794895648956,0.23658094555139542,0.23656202107667923,0.29073667526245117,0.29004839062690735,0.4795452058315277,0.4804641455411911,-173.71548461914068,-174.1982879638672,-11.2788667678833,-12.171823501586914,-0.37995147705078125,-0.3567412197589874,0.6315503716468811,0.6289612054824829,0.5151755185931329,0.5113225504937294,0.8519576191902161,0.8461827635765076,0.8249564862957308,0.8186970305522292,0.3470273017883301,0.3377470374107361,-0.6052986585337929,-0.6476312360035471,0.8563872575759888,0.852807879447937,0.8347688845596097,0.8335280028449221,0.7212997674942017,0.7110826969146729,0.8686156825477078,0.8381439207530631,0.807190477848053,0.7792733907699585,0.7257896962038946,0.6689138307602405,0.2658866047859192,0.27654919028282166,-0.9248370908671708,-0.8911821494910526,0.7839053869247437,0.7800134420394897,0.6742092813140488,0.6705705081809211
227,9.458333333333334,227,9.458333333333334,0.0,0.03764926936147345,0.044992502343238504,0.4932276002856366,0.4894382712785565,0.09049082353080688,0.09333060157284574,0.08884855390697806,0.09031121448582637,0.12124647715277449,0.11914789186106006,0.11077088369151497,0.10604516140400616,0.08138666951416648,0.0823583867082993,0.5013800710439682,0.5013710856437683,0.5044896006584167,0.5045726895332336,0.5008495897054672,0.5007293075323105,0.23618391901254654,0.23625696450471878,0.2910725772380829,0.290298193693161,0.4801436811685562,0.48103848099708557,-173.21644592285162,-173.91090393066406,-13.285385131835938,-13.367475509643555,-0.7139052152633667,-0.5510327816009521,0.6302579641342163,0.6300694346427917,0.5078516630287477,0.5115410215811085,0.8542546629905701,0.8484547734260559,0.8258429786851426,0.8173877415122651,0.34805119037628174,0.33712413907051086,-0.5996437367365487,-0.6470594770593536,0.8548926711082458,0.8510676622390747,0.8272513696437842,0.8232006118985422,0.7217369675636292,0.7124289870262146,0.8668528809091175,0.8372735726802086,0.8082081079483032,0.7822873592376709,0.7241960716922151,0.6701856866235142,0.2662871778011322,0.2768191397190094,-0.9205193365228347,-0.8855661312886681,0.7836140990257263,0.7814114093780518,0.6699052580745253,0.6682369688007451
228,9.5,228,9.5,0.0,0.037740964623071985,0.03961549614838523,0.49920714274080547,0.4918452263728395,0.09222479824004456,0.09283921868802886,0.09094891012233504,0.09024071897455442,0.11894065621897176,0.12011193714844016,0.10894729752769516,0.10771078556670127,0.08131655608340087,0.08187209924655729,0.5007106214761734,0.5007249712944031,0.5035759210586548,0.5037299990653992,0.5005308240652084,0.5010453909635544,0.23567643016576767,0.2358011230826378,0.2906115651130676,0.2908363938331604,0.4791012555360794,0.480434313416481,-173.05580139160162,-173.2127380371094,-12.55762004852295,-13.622024536132812,-0.617766261100769,-0.6769992709159851,0.6276508569717407,0.6276934742927551,0.501969806556863,0.49982607534462437,0.8524211645126343,0.8455928564071655,0.8292152424134245,0.8106330005230815,0.3529996871948242,0.34243759512901306,-0.5825688881813949,-0.6259574564975815,0.8573200702667236,0.8517822027206421,0.8400966533019416,0.824373027888395,0.7231120467185974,0.714240312576294,0.8789256163948831,0.8413896061586211,0.8095501661300659,0.77998286485672,0.7339905183590223,0.6649822268091867,0.26579490303993225,0.27562689781188965,-0.9269219191883173,-0.889630839885895,0.7863381505012512,0.786645233631134,0.6824321720085185,0.6797723394708323
229,9.541666666666666,229,9.541666666666666,0.0,0.03599147087647829,0.03452081193926641,0.49756573867833487,0.5018531198284772,0.08973675368991503,0.09146140666214814,0.08877235132462692,0.088838575402748,0.1173828758544427,0.11919808658695452,0.1104114904835651,0.1090014490148359,0.0815672442145908,0.08165926005199164,0.5001031160354614,0.49993886053562164,0.5028799772262573,0.5028480887413025,0.5001554936170578,0.5013802945613861,0.23477642983198166,0.2349451333284378,0.29001790285110474,0.2902633845806122,0.47913749516010284,0.48190584778785706,-172.76313781738287,-172.98988342285156,-12.025063514709473,-12.843548774719238,-0.8930535316467285,-0.9504021406173706,0.6279610395431519,0.6237643957138062,0.5055274177812019,0.48483326294589135,0.8487580418586731,0.845088005065918,0.8223820964678159,0.8093091230238583,0.35903143882751465,0.3541582226753235,-0.5582080064493093,-0.583230638768007,0.8541681170463562,0.8504709005355835,0.8344191680392826,0.8213042784151202,0.7211900353431702,0.7158273458480835,0.8742892987121865,0.8495471439951697,0.8083567023277283,0.7836703658103943,0.7324916977864296,0.6724470697318856,0.2657660245895386,0.2750375270843506,-0.9271139383975405,-0.8966728640955036,0.790572464466095,0.7861683368682861,0.6929229050140421,0.6780135071949838
230,9.583333333333334,230,9.583333333333334,0.0,0.04276420909774666,0.04020060469822734,0.520912542378403,0.5272315063138775,0.08534065603937813,0.087331735543942,0.087234731810851,0.08641148641419694,0.11472357650337199,0.11829617928275958,0.10821989117125189,0.10858176669246442,0.08190278578217756,0.08158505179990694,0.49867337942123413,0.4988590180873871,0.5006540417671204,0.5013771653175354,0.4983898401260376,0.5005356222391129,0.23395010828971863,0.23362735658884048,0.28840309381484985,0.2888999879360199,0.48333872854709625,0.48259566724300385,-172.61743164062506,-172.27493286132812,-9.988088607788086,-11.899867057800293,-0.13994883000850677,-0.6968817114830017,0.6224400997161865,0.6178798675537109,0.482316895792806,0.4632029095487908,0.8522778153419495,0.8410611748695374,0.8068856531452369,0.7959382621102556,0.3600142300128937,0.3602532148361206,-0.5380149541299889,-0.5537486656747979,0.8588495254516602,0.8556674718856812,0.8212582658445889,0.8283701430459465,0.7196171283721924,0.7178574800491333,0.8601486146347338,0.8578530338345196,0.8106215000152588,0.7902926802635193,0.7157814996330597,0.6832116914724817,0.2635743021965027,0.273844450712204,-0.9129807685391174,-0.8948373219221283,0.796525239944458,0.7916050553321838,0.6849523724919235,0.6861256943797794
231,9.625,231,9.625,0.0,0.03903687576654664,0.04628996992369257,0.5614242299132748,0.5646596614374988,0.0860513812178634,0.08564293042191583,0.08788868808865792,0.08675400126600924,0.10926360229826662,0.11196531428072437,0.1061658566312359,0.1078488512495419,0.0825352433424701,0.08178563009986226,0.49740083515644073,0.4976276755332947,0.4999258816242218,0.5003476142883301,0.49897171556949615,0.5000513792037964,0.23275458067655563,0.23241732269525528,0.2854853868484497,0.28641849756240845,0.4856657087802887,0.48286569118499756,-173.36161804199224,-171.60028076171875,-7.703543186187743,-9.258393287658691,-0.5333709716796875,-0.8779836297035217,0.611935019493103,0.6175956726074219,0.43809490429530507,0.46461846747818203,0.8554421067237854,0.8415337204933167,0.8066637297074403,0.7974622095465328,0.3607501983642578,0.3709850013256073,-0.5360514454546355,-0.5101619224236585,0.855135440826416,0.8593629598617554,0.8059947409403858,0.837103726100736,0.7179014682769775,0.7166450023651123,0.849054566646181,0.8561317129467177,0.8109095096588135,0.7929131984710693,0.7095162886004013,0.6893593797628471,0.262820303440094,0.2739841341972351,-0.9158437005878984,-0.893578189808775,0.7945365905761719,0.795171856880188,0.6737989198152254,0.6943812790634906
232,9.666666666666666,232,9.666666666666666,0.0,0.035504158632431136,0.048850632639969874,0.5801392691274961,0.5956392688900861,0.08472249389731781,0.08640737990036809,0.08657383511055855,0.08757766681695078,0.10999469521142823,0.1066621526914516,0.10784948427044333,0.1077432846050868,0.08249013482855631,0.08180080455265573,0.49649251997470856,0.4963822215795517,0.4987877905368805,0.4991735816001892,0.4995855689048767,0.5003835409879684,0.23239411413669586,0.23186027258634567,0.2845727801322937,0.28580278158187866,0.48596206307411194,0.4812513589859009,-172.6470336914063,-170.8558349609375,-6.20163631439209,-7.485035419464112,-0.450847864151001,-1.3637173175811768,0.6094322204589844,0.6159415245056152,0.4250220314688709,0.45634537758186366,0.8648970127105713,0.8512325882911682,0.8247300317612507,0.8218563572013929,0.36416125297546387,0.37475132942199707,-0.5239879145360153,-0.496129105738183,0.8587316870689392,0.867927610874176,0.8113115565925711,0.8589417803436162,0.718333899974823,0.718389630317688,0.8463877481597847,0.8609190652338089,0.8093488216400146,0.7903761863708496,0.7038326021896282,0.686673226726009,0.2597517967224121,0.27418631315231323,-0.9279721832724512,-0.8932663603364941,0.7976754307746887,0.79193115234375,0.6784261411905621,0.6901273443104597
233,9.708333333333334,233,9.708333333333334,0.0,0.041055965561464694,0.037164194396720286,0.5965516771517643,0.5990195853780897,0.07985241012907467,0.08169085662246024,0.08282298559797478,0.08252697879348055,0.10384116596588704,0.10629843230678826,0.10922908507323156,0.11035216964650285,0.08277020299615116,0.08212067987224181,0.4949093163013458,0.4949783682823181,0.49639949202537537,0.49705401062965393,0.5004897713661194,0.5002911686897278,0.23170731216669083,0.23222922533750534,0.2842637002468109,0.28605958819389343,0.4834538996219635,0.4802771210670471,-171.78334045410162,-169.97274780273438,-3.6289598941802983,-4.618720531463623,-0.7952998280525208,-1.3130689859390259,0.6090443134307861,0.609813928604126,0.42315554242375214,0.4364493798468001,0.8532731533050537,0.8464325666427612,0.8108939842771221,0.8207625380021369,0.3623918294906616,0.37623509764671326,-0.53831841939052,-0.49436478148717933,0.8590764403343201,0.8680846095085144,0.823618715329384,0.8692970767346816,0.7178899645805359,0.7180755138397217,0.8474458547102834,0.8678729649923704,0.8041791915893555,0.7856746912002563,0.7032468084659204,0.6845695941189732,0.264911949634552,0.27621668577194214,-0.9183039147126949,-0.8929392318582654,0.7939786911010742,0.7849534153938293,0.6808804108265718,0.6829528049420385
234,9.75,234,9.75,0.0,0.06851112889519277,0.05721939413911598,0.6151874808291973,0.6257698861847941,0.07697588065160554,0.08142754128225917,0.07942626426748776,0.08222754627693822,0.10222187294283583,0.1028349501336005,0.11307694481951197,0.11141744452841226,0.08349262321142,0.08188145677436717,0.493271604180336,0.49369725584983826,0.4944319427013397,0.4949677288532257,0.5004217326641083,0.500167042016983,0.2321823090314865,0.23275844752788544,0.2857446074485779,0.28612691164016724,0.48321428894996643,0.48179425299167633,-171.38879394531256,-170.3389129638672,-2.678069829940796,-2.468231439590454,-1.1216762065887451,-1.3336052894592285,0.6102559566497803,0.6055933237075806,0.4282182016886619,0.4179374115312237,0.8490698337554932,0.8481666445732117,0.8023421457948585,0.816972852290755,0.36789655685424805,0.3790439963340759,-0.5166849676215236,-0.48016349792223656,0.862767219543457,0.8723704814910889,0.8323812966589974,0.8709449258900228,0.7188931703567505,0.7159245610237122,0.8517695375285208,0.8553193526895797,0.8015791177749634,0.7923294305801392,0.6981922879994633,0.6924615926323218,0.2647896707057953,0.27531012892723083,-0.9186748371358542,-0.8913917356720515,0.79150390625,0.7880420088768005,0.6760967725725393,0.6829010820195281
235,9.791666666666666,235,9.791666666666666,0.0,0.0993419069158579,0.0966105882566625,0.6300440483809479,0.6417631869406315,0.07842715623134672,0.07908007684252444,0.08153142947226426,0.08017997138367233,0.09834627321809246,0.09935209362309161,0.11622476289897546,0.11429465523114658,0.08278438081974317,0.08173647122031084,0.4918922483921051,0.4922918379306793,0.4930025041103363,0.4938892126083374,0.5009979158639908,0.49948132038116455,0.2330320179462433,0.23346927762031555,0.28738558292388916,0.2883419394493103,0.4823850393295288,0.48450005054473877,-170.67666625976568,-169.86174011230472,-2.1372201442718506,-2.9172723293304443,-1.623855710029602,-1.9227072000503542,0.6130651235580444,0.6127936840057373,0.43806220368284166,0.44472577901407534,0.8584691286087036,0.8475593328475952,0.8269223301281802,0.8015213173076966,0.36684492230415344,0.3781859576702118,-0.5243938632780858,-0.47605727165967665,0.8679782152175903,0.8685473799705505,0.8478306223962272,0.8478563595382773,0.7187201976776123,0.7139638662338257,0.8510598642067569,0.8417962015626123,0.7996477484703064,0.7929807901382446,0.6975876570803876,0.6810289691389444,0.2641374468803406,0.27440351247787476,-0.9258695843622302,-0.8833802442795737,0.78358393907547,0.7885870337486267,0.6622670384363682,0.6713289295558827
236,9.833333333333334,236,9.833333333333334,0.0,0.09738958548927602,0.09911365854561574,0.6273618553975454,0.6342494573486483,0.08147356006615397,0.07851899719916342,0.08368228175644742,0.07958018540039451,0.09553327361040846,0.09792983538400317,0.11399110880521403,0.11377825224126685,0.08301554980386582,0.08259881749775672,0.4909747242927551,0.4913635700941086,0.4918436110019684,0.49273502826690674,0.5008623152971268,0.49903231859207153,0.23441406339406967,0.23503201454877853,0.29020020365715027,0.2911347448825836,0.4821319580078125,0.4855043292045593,-169.579574584961,-168.69238281250003,-1.3878285884857178,-1.8782988786697388,-1.7569345235824585,-1.999806523323059,0.6136093139648438,0.6109011173248291,0.4415032342824271,0.4388548762883882,0.8586220741271973,0.8479772210121155,0.8292872832293765,0.7998526963318922,0.36713531613349915,0.3784973919391632,-0.5236583087735026,-0.47285159869337684,0.8628515601158142,0.8684049248695374,0.8386034878116095,0.8449295955415109,0.7189749479293823,0.7135648727416992,0.8541019617630733,0.8415988960074358,0.7964035272598267,0.7917060852050781,0.6922397287545068,0.6756817011535469,0.2655869722366333,0.27422159910202026,-0.9213090027722228,-0.8819195486830632,0.7821347713470459,0.7882375717163086,0.6608102241822782,0.6680278877816802
237,9.875,237,9.875,0.0,0.07968903440070756,0.08643663775043743,0.6214987977825231,0.6303140691812688,0.07855383371820723,0.07956724932155664,0.08086863547997149,0.08047577134966961,0.09531757554884149,0.097874861404172,0.11541797236502675,0.1131700839093504,0.08390619838394905,0.08265274751748362,0.49007734656333923,0.4905901998281479,0.4907451570034027,0.49186211824417114,0.5013545602560043,0.49856866896152496,0.2359619364142418,0.23687322437763214,0.292154461145401,0.293538361787796,0.4809929430484772,0.48558080196380615,-168.920639038086,-167.9349822998047,-0.511755645275116,-1.763424277305603,-1.8688166141510008,-1.9468219280242922,0.6132885217666626,0.6103147268295288,0.43913626401931777,0.43903466539955693,0.8583018183708191,0.8478357791900635,0.8326394358379462,0.8005777014374954,0.36715373396873474,0.3795972466468811,-0.5264930204269195,-0.46742211389431715,0.8616915345191956,0.8681837916374207,0.8401198094152275,0.8455464832570265,0.7188524007797241,0.7136491537094116,0.8532815941724816,0.8450212066254943,0.7965975999832153,0.7914525270462036,0.6964715136198876,0.6759716166666877,0.2664583623409271,0.2742142677307129,-0.9215383552287414,-0.8814571301623586,0.782293975353241,0.7887153029441833,0.6649064942914531,0.669922395213076
238,9.916666666666666,238,9.916666666666666,0.0,0.07169653640759997,0.07715811065848409,0.6160764471731651,0.6268776993737463,0.07840156424143291,0.08112008025266189,0.08081049896807582,0.08216058962319671,0.09649991946984239,0.09505095905179776,0.11595073664549566,0.11174488992307527,0.08386722164490198,0.08250540184197205,0.48960544168949127,0.48993752896785736,0.48990315198898315,0.4911954700946808,0.5016100704669952,0.4986228495836258,0.23670625686645508,0.23721757531166077,0.2926081717014313,0.2944415509700775,0.4786456972360611,0.48539474606513977,-168.98587036132818,-167.03431701660156,0.19042091071605682,-1.427895426750183,-1.6752327680587769,-2.090132236480713,0.6132007837295532,0.6130535006523132,0.43815701839335974,0.44854189454064564,0.8560065627098083,0.8475004434585571,0.8334529827582726,0.7983963246207793,0.3642409145832062,0.37883368134498596,-0.5393751684303371,-0.46954605226318014,0.8608887791633606,0.8684800863265991,0.8442360242392069,0.8446537292357164,0.7186824083328247,0.7132284641265869,0.8523269146168337,0.8412047648700269,0.7964723110198975,0.7888978719711304,0.7019634612231098,0.669185218510913,0.2671903669834137,0.2747216820716858,-0.920440736760527,-0.8776411995190441,0.7798588871955872,0.7875716090202332,0.665270446904268,0.6662609798891532
239,9.958333333333334,239,9.958333333333334,0.0,0.0742049012081418,0.07722216798662557,0.619341528960847,0.6287669046656,0.07994052950284154,0.08091131185372115,0.08258000795373452,0.0820687796983167,0.09595950007761274,0.09440139103596115,0.11627495359217963,0.11488537319677529,0.08353453809972138,0.08188812270108659,0.4891686886548996,0.48945553600788116,0.4894880950450897,0.49100926518440247,0.5014758557081223,0.4985434412956238,0.2362145185470581,0.23646416515111923,0.29177430272102356,0.2938292622566223,0.4778449684381485,0.4850666671991348,-169.1117553710938,-166.90322875976562,0.3404499888420105,-1.5266594886779785,-1.7696291208267212,-2.5217158794403076,0.6135392785072327,0.6141409873962402,0.44000468294994377,0.45296325695259476,0.8551432490348816,0.8462479710578918,0.8332988229253319,0.7960899622139417,0.36432725191116333,0.3777618408203125,-0.5384988823595651,-0.47327671716858627,0.8610448837280273,0.8682231307029724,0.846333139528513,0.8445260352459467,0.7185992002487183,0.7129473090171814,0.8525108906130496,0.8401309327263664,0.7954476475715637,0.7896300554275513,0.7014554592224092,0.6712968075482835,0.2670953869819641,0.2753077447414398,-0.9202690874111966,-0.8747380164216572,0.780040979385376,0.7867737412452698,0.6674283800519281,0.6650011243964976
240,10.0,240,10.0,0.0,0.06701182112991436,0.06911326394764071,0.6091958501240747,0.6310396027191927,0.07738607780874557,0.08166506623417633,0.07984255208736077,0.08250739950688607,0.0960524411199415,0.09342672725647055,0.11694345042547077,0.1133829918801555,0.0835257021251743,0.08205554306295998,0.4889238625764847,0.4891578257083893,0.4890478253364563,0.49061691761016846,0.5013859570026398,0.49844132363796234,0.23539206385612488,0.235786072909832,0.2904302477836609,0.2925775945186615,0.47828541696071625,0.48511116206645966,-169.5447387695313,-167.36720275878906,0.6979215145111084,-1.236266016960144,-1.7584782838821411,-2.454486846923828,0.611774742603302,0.6150988936424255,0.43304364324250366,0.45748021890557183,0.8554704189300537,0.8453985452651978,0.8323072056550669,0.7947508026886484,0.3651425540447235,0.37927529215812683,-0.5344685989941592,-0.4673173131020789,0.8616540431976318,0.8687752485275269,0.8459521676978238,0.8463170094123023,0.7183660268783569,0.7133811712265015,0.851190086553773,0.842900538066866,0.7962004542350769,0.7899258136749268,0.7015204075666294,0.6723846027754503,0.2674935460090637,0.2750808000564575,-0.9175354292766453,-0.8759227645408743,0.780031144618988,0.7868983149528503,0.6658407468333732,0.6657063033075451
241,10.041666666666666,241,10.041666666666666,0.0,0.06086055599529361,0.06260318451617083,0.6085466516565443,0.6313840211205881,0.07819613230076466,0.08373282569047776,0.08034724567794983,0.0843989536157121,0.09550649958911524,0.09344095709818283,0.11678982319832908,0.1138735583626796,0.08359839678244146,0.08207722378822083,0.48858463764190674,0.4888642132282257,0.4887947738170624,0.490599125623703,0.5011408179998398,0.4986584186553955,0.2349790334701538,0.23487456887960434,0.2901957333087921,0.29199686646461487,0.47811539471149445,0.4843832552433014,-169.53004455566412,-166.69375610351562,0.6320408582687378,-1.4712468385696411,-1.8712139129638672,-2.685504674911499,0.6118348240852356,0.6151843667030334,0.434078877314057,0.456029777402789,0.855770468711853,0.8452046513557434,0.8330333699753885,0.7943014696372939,0.3649071753025055,0.37879565358161926,-0.5342307932088226,-0.4690885677508546,0.8619450926780701,0.8691028356552124,0.8466533850765325,0.8469102204354746,0.7183650135993958,0.7133538722991943,0.8518296363631621,0.8402207540465236,0.7957456111907959,0.7900930643081665,0.7006302519306636,0.6729804641271538,0.26839953660964966,0.2745816111564636,-0.9126788134539986,-0.8769351235236474,0.7800385355949402,0.7874221801757812,0.6659835093952742,0.6671008593851906
242,10.083333333333334,242,10.083333333333334,0.0,0.05440840653403557,0.05239773818995911,0.616645906765578,0.6202735629712071,0.07589786728744335,0.08169267183992404,0.0776096980854006,0.08221954765401178,0.09626296594850409,0.09428023508028857,0.11775260919186546,0.11488490477613958,0.08344247073271066,0.0819686386721799,0.48815619945526123,0.48854760825634,0.48824262619018555,0.48974597454071045,0.5008511245250702,0.4985257387161255,0.23557841777801514,0.23518893122673035,0.29066017270088196,0.29180875420570374,0.4777231216430664,0.48463934659957886,-169.99221801757818,-168.0486602783203,0.9421855807304382,-0.6171388030052185,-1.8079601526260376,-2.420608520507813,0.6119996905326843,0.6155432462692261,0.4353714140261453,0.4585289350789147,0.8549902439117432,0.8442481756210327,0.8312421031864287,0.7926268426501379,0.36519157886505127,0.3787626326084137,-0.5313814684401853,-0.46928746521449116,0.8622729778289795,0.8682109117507935,0.847288333300272,0.845443977122266,0.7183878421783447,0.7134379148483276,0.8520961787381449,0.8421257068107815,0.7954579591751099,0.789501428604126,0.700073128603135,0.6719575549926099,0.26845115423202515,0.27509263157844543,-0.9103158710944226,-0.87551467143259,0.779918909072876,0.7872537970542908,0.6658355501711047,0.6670034688995778
243,10.125,243,10.125,0.0,0.04752971469036743,0.05026486830207157,0.6025607339627005,0.6147576794652334,0.07835831971738327,0.08304901648022212,0.0802458057199674,0.08338551960643474,0.0953218314018054,0.09607309937462574,0.11880022918388075,0.11720543362694487,0.08353093667509608,0.08208320457784653,0.4879295229911804,0.4882444441318512,0.4881768226623535,0.48938438296318054,0.5010262876749039,0.4983857423067093,0.23702964931726456,0.23681702464818954,0.29240867495536804,0.29398661851882935,0.47752906382083893,0.4847373217344284,-169.83796691894537,-167.7004547119141,0.8709224462509155,-0.7795516848564148,-2.0375425815582275,-2.4320828914642334,0.6110619902610779,0.615652322769165,0.4316810703362271,0.46033358722482354,0.8558523654937744,0.8443154096603394,0.8348625921224737,0.7939883820940535,0.3655562996864319,0.3786768615245819,-0.5314623166740011,-0.46992091264013847,0.8623244166374207,0.8680598139762878,0.849144750716038,0.8464186658061453,0.7184423208236694,0.7137120962142944,0.8529448505535199,0.8452702596717707,0.794954240322113,0.789176344871521,0.7004760332946351,0.6722351988164517,0.26859050989151,0.2749428153038025,-0.9118688114831593,-0.8771321183036777,0.7794996500015259,0.7872340083122253,0.6663717122597373,0.6679463038198382
244,10.166666666666666,244,10.166666666666666,0.0,0.040724415316980296,0.0441152974615204,0.6048678860946927,0.6054794389526219,0.08068393720456868,0.08540008117914825,0.08250697540934358,0.08599214498627172,0.09310313245566153,0.09190988295378577,0.12018364409910091,0.11673766607028147,0.08250540169723769,0.08165539906179052,0.4879535734653473,0.4877173602581024,0.48827943205833435,0.48879462480545044,0.5009041577577591,0.49884410202503204,0.2392183244228363,0.23903904855251312,0.29531800746917725,0.29658985137939453,0.47728368639945984,0.4848124831914902,-168.68922424316412,-167.986572265625,1.3697367906570435,0.3987559676170349,-2.394597053527832,-2.6498076915740967,0.6109617352485657,0.6152993440628052,0.4328482850843047,0.45675781502888796,0.8555263876914978,0.8456603288650513,0.8367752674289437,0.7961109328211308,0.3661963939666748,0.37971970438957214,-0.5297956385545834,-0.4672267098372134,0.8626024723052979,0.8693034052848816,0.8524294824999458,0.8482728394225632,0.718529462814331,0.7140787243843079,0.8559041751809822,0.8441878107599745,0.7951869368553162,0.7904871702194214,0.7032880648008666,0.6743866234683289,0.2688043713569641,0.27486610412597656,-0.912831236180985,-0.8784808579225181,0.7790319919586182,0.7881177067756653,0.6675489526116346,0.6691590579580703
245,10.208333333333334,245,10.208333333333334,0.0,0.039799013791498514,0.044557861288562414,0.6023229550093021,0.6069859929543416,0.07919181355884596,0.08426955878932894,0.0804200039199512,0.08456549018474425,0.09290258463152087,0.0924609753163947,0.12001222620971475,0.1172758309392219,0.08363030011730713,0.08246840886105329,0.48780557513237,0.4879845678806305,0.48832428455352783,0.4892430007457733,0.500881165266037,0.49922817945480347,0.2410639449954033,0.24109190702438354,0.2972215414047241,0.29831287264823914,0.477521151304245,0.4853433817625046,-168.30187988281256,-168.17971801757812,1.1230312585830688,-0.1468040496110916,-2.5621442794799805,-2.775146722793579,0.611553966999054,0.6156758069992065,0.4346033330266403,0.4567495894910371,0.8551288843154907,0.8461952209472656,0.8340950706507579,0.7961574636669276,0.36588597297668457,0.37853625416755676,-0.5301154357062053,-0.4733972558505974,0.8622180223464966,0.8687881231307983,0.8497542178818575,0.8460048130387748,0.7190947532653809,0.7141857147216797,0.8569074892040475,0.8431409729984649,0.794527530670166,0.7897238731384277,0.7002331660037382,0.6715631560893041,0.268292635679245,0.2752875089645386,-0.9133567470898215,-0.8783760689136711,0.7790685296058655,0.7876755595207214,0.6660858870746441,0.6670439047024973
246,10.25,246,10.25,0.0,0.03799091312960484,0.034834968194569875,0.5988023589045649,0.5996282138774819,0.08091989647587779,0.08422932038791801,0.08182422826681442,0.08401670993372061,0.09125254742734704,0.09519259729230548,0.11904774695647802,0.11642837899899838,0.08342429190529528,0.0823014570476744,0.4876125752925873,0.48810701072216034,0.48840540647506714,0.4891299605369568,0.5015782713890076,0.49912767112255096,0.24155018478631973,0.2417074218392372,0.2977147698402405,0.29921063780784607,0.4770621508359909,0.4861076772212982,-168.68339538574224,-168.3306884765625,0.8163889646530151,0.3004923164844513,-2.696178913116455,-2.452268600463867,0.611565887928009,0.6151924729347229,0.4331608191492129,0.45533666475214113,0.8553041219711304,0.847110390663147,0.8379104762436562,0.7966454517472259,0.3658583164215088,0.37870821356773376,-0.534501689540383,-0.472420521279193,0.8622802495956421,0.8688441514968872,0.8533645264714737,0.8446065918519252,0.7196993827819824,0.7141740322113037,0.8590196083684992,0.8436536425892419,0.7952501773834229,0.7893505692481995,0.7048743957717254,0.6691835316268886,0.268406480550766,0.2753104269504547,-0.9182932324582821,-0.8780629086866728,0.7794507145881653,0.7877837419509888,0.669874220208347,0.6657259237100512
247,10.291666666666666,247,10.291666666666666,0.0,0.03399259226015413,0.028259630724911645,0.5981982872684893,0.6056599046676554,0.08086540064017363,0.08549513085004465,0.08179849803886072,0.08638638290574302,0.09303396836179204,0.0919747591989222,0.11826714427091654,0.11388397435993379,0.08323713607389478,0.08285679928932017,0.48776528239250183,0.48829185962677,0.48838382959365845,0.4897451400756836,0.5017078816890717,0.4989463984966278,0.24113189429044724,0.24158626049757004,0.2975024878978729,0.29855597019195557,0.4768383204936981,0.48575496673583984,-169.00895690917974,-168.05361938476562,0.8599197268486023,-0.6476153135299683,-2.3660130500793457,-2.6322824954986572,0.6111228466033936,0.6151809096336365,0.43199782818201254,0.45696587344032447,0.8558396100997925,0.8469196557998657,0.8417207869177249,0.7986867582483097,0.3669862449169159,0.37883949279785156,-0.5319149399743509,-0.4721898559384129,0.8618695735931396,0.8686457872390747,0.8551126822909054,0.8467323563200037,0.7203611135482788,0.714074432849884,0.8632980082945807,0.8457571607442802,0.7938193678855896,0.7883192896842957,0.7039805508999968,0.6690967460954006,0.26653242111206055,0.27567780017852783,-0.9285319269674689,-0.8777610801147229,0.7781544923782349,0.7876368761062622,0.6691905602043905,0.6675876431710903
248,10.333333333333334,248,10.333333333333334,0.0,0.02631937175915481,0.02405021620788133,0.597502394348151,0.6025338523214827,0.08105675474989579,0.08450070268579551,0.08214802200709462,0.08469826789513908,0.0925588906087794,0.09184661924132395,0.11656952937108592,0.11321768632520947,0.08339160874665995,0.0827249005351404,0.4879467189311981,0.48822854459285736,0.48848915100097656,0.48976612091064453,0.5013537704944611,0.4993358701467514,0.24024878442287445,0.2405974045395851,0.29749858379364014,0.29828736186027527,0.47728607058525085,0.48470860719680786,-167.7633666992188,-167.1096954345703,1.0326305627822876,-0.4225379526615143,-2.2637386322021484,-2.725245714187622,0.611822247505188,0.6146453619003296,0.4359505489911873,0.45426509877427734,0.8560043573379517,0.8478622436523438,0.8406934524527795,0.8047430550997636,0.3678393065929413,0.37884265184402466,-0.5268987625354842,-0.474686540383786,0.8627797365188599,0.8687083125114441,0.8557337003481599,0.850937633527306,0.7201375365257263,0.7144138813018799,0.8634038007279479,0.8473060846574042,0.7916353940963745,0.7886187434196472,0.6978047464376305,0.6734603400555453,0.2665673792362213,0.2757111191749573,-0.9265562351760331,-0.8809762149127063,0.7778114080429077,0.7876908779144287,0.6671177292840677,0.6714042039014946
249,10.375,249,10.375,0.0,0.023583529448690292,0.02425165632804819,0.5958453472271388,0.601983671063587,0.08544798496038761,0.08560174989562644,0.08616446166107873,0.08551351399793872,0.09109456585864104,0.09262562748260056,0.11584097626690963,0.11501606339854392,0.08328925108236428,0.08251727556037851,0.48818863928318024,0.4884502440690994,0.489101380109787,0.48967546224594116,0.5011466443538666,0.49943414330482483,0.24011971056461334,0.24033654481172562,0.2976364195346832,0.29778027534484863,0.47728028893470764,0.48439227044582367,-167.11463928222662,-166.98448181152344,0.7528343200683594,0.7094975113868713,-2.495722532272339,-2.6501777172088623,0.6122696399688721,0.6152832508087158,0.4389386723298707,0.4563742599063683,0.8565794229507446,0.8471247553825378,0.8427607155110994,0.8037804284351507,0.3679914176464081,0.37856408953666687,-0.5259665481593837,-0.47615370132595386,0.8619120121002197,0.8680307865142822,0.8546091386792587,0.8501061901404579,0.7194841504096985,0.7146281003952026,0.8624387283438266,0.8477318903828882,0.7907723188400269,0.7886467576026917,0.696544610141038,0.6741987889034302,0.26639866828918457,0.275539755821228,-0.927260504233939,-0.882006237135528,0.7775692343711853,0.7877711057662964,0.6672088170531373,0.6722584283417324
250,10.416666666666666,250,10.416666666666666,0.0,0.021896003633995183,0.02355608728914695,0.5920562916475629,0.6033685986852232,0.08526461974316664,0.08534649680741181,0.08749963603349217,0.0854009108065078,0.09347803065147742,0.09257509060546677,0.11807404367433924,0.1146968178928382,0.0835572659896461,0.08240677127498826,0.4882773756980896,0.48846812546253204,0.489084392786026,0.48986881971359253,0.5010883659124374,0.49939869344234467,0.24069765210151672,0.24046462029218674,0.29811838269233704,0.2976655960083008,0.4776947945356369,0.48417407274246216,-167.22743225097662,-166.87904357910156,0.4585799276828766,0.24286486208438876,-2.3036642074584965,-2.671891689300537,0.6131108403205872,0.6155871748924255,0.44178026915871205,0.4581958904266318,0.8567085266113281,0.8465467095375061,0.8407727473343,0.8038333803580343,0.3678596019744873,0.3784995675086975,-0.5254109900995738,-0.4767725850928607,0.8618663549423218,0.867246687412262,0.8522144475396692,0.8497511222040133,0.719260573387146,0.7148474454879761,0.8604003531465922,0.8496344177393151,0.7902907729148865,0.7884679436683655,0.6934370902822276,0.6750001132865493,0.2660371661186218,0.27558010816574097,-0.9269656188154647,-0.8826413315239268,0.7773295640945435,0.7878817915916443,0.6646850155513915,0.6736998809914128
251,10.458333333333334,251,10.458333333333334,0.0,0.02010821139146869,0.023075865879000748,0.5882167374863633,0.594378092585627,0.08468223846419011,0.08544823543649817,0.08704221152056356,0.08683467312251217,0.09571825078276408,0.09384314237490986,0.12125736682645669,0.11583400865102254,0.08321607815715114,0.08273592103612862,0.48848143219947815,0.48870934545993805,0.48953869938850403,0.4899274408817291,0.5010453313589096,0.49928607046604156,0.24120518565177917,0.2407606840133667,0.298843652009964,0.298298180103302,0.477662593126297,0.48417335748672485,-167.086898803711,-166.53863525390625,-0.008697533048689365,0.016727594658732414,-2.463703155517578,-2.4235951900482178,0.6123841404914856,0.6160116195678711,0.43873832188996414,0.4598224422697941,0.8567845821380615,0.8462048172950745,0.8403505698723266,0.8022192451527542,0.3678990304470062,0.37849870324134827,-0.5246722601315571,-0.47582335332724873,0.861426055431366,0.8671150803565979,0.8506387220769578,0.8485539351215236,0.719280481338501,0.7149031758308411,0.859970788491541,0.8493905982613333,0.7904253005981445,0.7881731390953064,0.6932605522140342,0.6736278539377198,0.2656590938568115,0.2754983901977539,-0.9275558418690416,-0.8815773280371141,0.7770296931266785,0.7878015041351318,0.6635682455193591,0.6728043544623389
252,10.5,252,10.5,0.0,0.01874571307242062,0.021505827534822594,0.5877578810719771,0.5871309133990892,0.08428880978999632,0.08705374545331374,0.08635614688114765,0.08837812803928588,0.09672813194136677,0.09389739029691127,0.12238957986563209,0.11454349067988531,0.08295133508912168,0.08252030024315922,0.4885517805814743,0.4889306277036667,0.4895481467247009,0.49023568630218506,0.5012628585100174,0.49927833676338196,0.24146705120801926,0.24110495299100876,0.2990964651107788,0.2990831732749939,0.4776642471551895,0.48495621979236603,-167.26528930664068,-166.37298583984375,0.32420071959495544,-0.1483479142189026,-2.4727659225463867,-2.325047254562378,0.6124337315559387,0.6160747408866882,0.4386477647661962,0.4593075338507349,0.8567036986351013,0.8461348414421082,0.8412631116575747,0.7989482687378539,0.36750078201293945,0.3782634437084198,-0.527786049154184,-0.47589694653273756,0.8612160682678223,0.8673304319381714,0.8512781380706581,0.8458341565413916,0.719145655632019,0.7148246765136719,0.8597018204498041,0.8476464535392559,0.790605902671814,0.7881366014480591,0.6945616606907231,0.6706527643654367,0.2657923102378845,0.27529776096343994,-0.9290979447932948,-0.8808144965878317,0.7772833704948425,0.7882013320922852,0.6649928260203534,0.670795952342351
253,10.541666666666666,253,10.541666666666666,0.0,0.019396251571830798,0.021131365574843658,0.5848119732110446,0.5882779049711698,0.0850060061497553,0.08716802031350489,0.08670304535180247,0.08836738694230337,0.09710879495217949,0.09493561370576209,0.12206947455074575,0.11535174817577415,0.082953732581235,0.08190735590491836,0.4886063188314438,0.48893997073173523,0.48950546979904175,0.4901856780052185,0.5011899024248123,0.4994136542081833,0.24172493070363998,0.24133385717868805,0.2995187044143677,0.29930761456489563,0.47793641686439514,0.48467570543289185,-166.93505859375003,-166.55165100097656,0.3877553641796112,0.15120723843574524,-2.377790927886963,-2.3171157836914062,0.6128425002098083,0.6160143613815308,0.4409021391111325,0.45825550809510646,0.8564811944961548,0.8463407158851624,0.8408396052040695,0.7995314116682933,0.3679542541503906,0.37833040952682495,-0.526130905105954,-0.4758724467319797,0.8608078956604004,0.8673224449157715,0.8504502560801445,0.8459156372534732,0.7191410660743713,0.7148312330245972,0.8606618760442708,0.8466182961169716,0.7901890873908997,0.7879676818847656,0.6935887845343089,0.6704863757126857,0.2654287815093994,0.2750553786754608,-0.9309911689740592,-0.881756363593399,0.777540922164917,0.7881813645362854,0.6654941471661594,0.6709587631073218
254,10.583333333333334,254,10.583333333333334,0.0,0.019694406179257093,0.021843540130739705,0.5859252082990921,0.5907650604558083,0.08511602204096284,0.08755392999588392,0.08684909200189138,0.0887374735263613,0.0968580001976776,0.093756002694226,0.12125092402311481,0.11475782904417313,0.08290354543609876,0.08170567332547064,0.48862631618976593,0.4888966977596283,0.4894849359989166,0.49013659358024597,0.5012159794569016,0.4994947761297226,0.24178888648748398,0.2414746806025505,0.29954859614372253,0.29928550124168396,0.4780433773994446,0.4851333796977997,-166.85795593261724,-166.55325317382812,0.3744712173938751,0.2758598327636719,-2.3231077194213867,-2.358938694000244,0.6126874685287476,0.616162896156311,0.44001825871523215,0.4579110969974642,0.8568952083587646,0.8463144302368164,0.8411991259045107,0.7974004055606263,0.3682239055633545,0.37827977538108826,-0.5249677856178024,-0.475757164448231,0.8609917759895325,0.8675675392150879,0.8502951070470188,0.8443221299794635,0.7192066311836243,0.7147639989852905,0.860487895045239,0.8449108973824198,0.7901332378387451,0.7882071733474731,0.6929614597359304,0.6691136359739354,0.26548677682876587,0.2750732898712158,-0.9305083670489867,-0.88083264681915,0.7774994969367981,0.7885200381278992,0.6649096174716045,0.6698043657406965
255,10.625,255,10.625,0.0,0.02162509723355075,0.021241262439914328,0.5861955767180018,0.5903085636663424,0.0851592169325128,0.08734988326936106,0.08734584592589877,0.08837965612856766,0.09542723162087224,0.09236926572616559,0.1211985898753566,0.11296638317051715,0.08267854718742783,0.08175818898125739,0.4885328859090805,0.48891037702560425,0.4892624616622925,0.49006327986717224,0.501025378704071,0.499290406703949,0.24144499748945236,0.24135227501392365,0.2990378141403198,0.2989809811115265,0.4781498908996582,0.48509638011455536,-167.0508880615235,-166.66664123535156,0.5940619111061096,0.4055146872997284,-2.317471981048584,-2.3119795322418213,0.6127340793609619,0.616358757019043,0.4406272847830784,0.45950324332195697,0.8567474484443665,0.8459713459014893,0.8400105113954569,0.7967615451242218,0.36870211362838745,0.3781895041465759,-0.521940015961804,-0.4753313542435264,0.8612213730812073,0.8671709895133972,0.8499369983662388,0.843567398679271,0.7190726399421692,0.7146931290626526,0.8600724214743887,0.8454740267356595,0.7898473739624023,0.7880670428276062,0.6915764693418375,0.6689169275684348,0.26532846689224243,0.2749254107475281,-0.9296902539613985,-0.8806517137416313,0.7780560255050659,0.7884818911552429,0.6654145027620094,0.6698328547616643
256,10.666666666666666,256,10.666666666666666,0.0,0.021478591427415695,0.021574522203159856,0.5867554690116861,0.5904098298848451,0.08533403896329679,0.08844754723590462,0.08793627066161061,0.08894738855379807,0.09503189161367048,0.0915188612617611,0.12109424379530029,0.11160333901001294,0.08265946121552147,0.08188228494075935,0.4884752333164215,0.48894745111465454,0.48917436599731445,0.49007248878479004,0.5010470300912857,0.4993559718132019,0.24129152297973633,0.241181381046772,0.29873982071876526,0.2987333834171295,0.4781695604324341,0.48505957424640656,-167.15365600585943,-166.65965270996094,0.6310086846351624,0.6433543562889099,-2.290576696395874,-2.3250842094421387,0.61257404088974,0.6165929436683655,0.4403529407572937,0.46039614855772765,0.8569405674934387,0.8456989526748657,0.8412403477132827,0.796641198150871,0.368908166885376,0.378352552652359,-0.5217367217543551,-0.47518719788150815,0.8611828088760376,0.8671351671218872,0.8506622531634176,0.8439931308081134,0.7189954519271851,0.71477872133255,0.8605469455492625,0.8459771915036519,0.7899933457374573,0.7876559495925903,0.6925523461013499,0.6684260051199991,0.2657160758972168,0.2749369740486145,-0.9291800882016868,-0.8813059617545098,0.7781277298927307,0.7885525822639465,0.6661991284237299,0.6704066388730935
257,10.708333333333334,257,10.708333333333334,0.0,0.020944773616569694,0.021635202317774663,0.5870623982736822,0.5922900316669355,0.08461486320716928,0.08865320646207693,0.08726684756028097,0.08917318397816573,0.09583074637956002,0.09141723931374572,0.12248618279973555,0.1114672161812676,0.08260575444505101,0.08162269101074698,0.4884336590766907,0.4890405684709549,0.48917317390441895,0.49016836285591125,0.5012124478816986,0.4995526075363159,0.24141506850719452,0.24101056158542633,0.2986309826374054,0.2986130118370056,0.47816960513591766,0.48469623923301697,-167.31027221679693,-166.5909423828125,0.6184748411178589,0.6162669658660889,-2.369741678237915,-2.327680826187134,0.6123005151748657,0.6166144609451294,0.4384712286409098,0.4597833285969024,0.8571457862854004,0.8455972671508789,0.8414108972329467,0.7973490294355279,0.3682083487510681,0.3783235549926758,-0.5249751137192753,-0.47615081837553663,0.8612599968910217,0.8674396276473999,0.8505453542496945,0.8456059852080275,0.7190421223640442,0.7149420380592346,0.8597867199603204,0.845984122296177,0.7902045249938965,0.787291944026947,0.6927864993767325,0.6685334007519416,0.26639288663864136,0.2747786045074463,-0.9268468165481867,-0.8828438665988435,0.7778316736221313,0.7881897687911987,0.6653160342343851,0.670516990847291
