
◆  Rendering seg029__seg034 → /Users/brownmanbrain/GitHub/operator-economy/blueprint-cinema/experiments/EP009-FULL-BUILD-001/scenes/seg029__seg034/qa/seg029__seg034.mp4
   24fps · high · auto workers (10 cores detected)
   GPU: browser GPU (auto-detect)

[?25l│
◇  Browser: cache
[?25h[INFO] [Render] Pipeline started {"renderJobId":"c610ef05-49e8-4070-965c-599b52b3f567","platform":"darwin","arch":"arm64","nodeVersion":"v25.6.1","fps":{"num":24,"den":1},"format":"mp4","quality":"high","browserGpuMode":"auto","forceScreenshot":false,"protocolTimeout":300000,"browserTimeout":120000,"pageNavigationTimeout":60000,"playerReadyTimeout":45000}
[INFO] [Render:trace] {"renderJobId":"c610ef05-49e8-4070-965c-599b52b3f567","phase":"pipeline","status":"checkpoint","elapsedMs":1,"message":"started","format":"mp4","quality":"high","browserGpuMode":"auto","forceScreenshot":false,"protocolTimeoutMs":300000,"pageNavigationTimeoutMs":60000,"playerReadyTimeoutMs":45000,"requestedWorkers":"auto"}
[INFO] [Render:trace] {"renderJobId":"c610ef05-49e8-4070-965c-599b52b3f567","phase":"compile","status":"start","elapsedMs":2,"needsAlpha":false}
  █░░░░░░░░░░░░░░░░░░░░░░░░  5%  Compiling composition
[INFO] [Compiler] Embedded local font file: public/fonts/boska-700.woff2 (30 KB → data URI)
[INFO] [Compiler] Embedded local font file: public/fonts/supreme-400.woff2 (18 KB → data URI)
[INFO] [Compiler] Embedded local font file: public/fonts/supreme-500.woff2 (18 KB → data URI)
[INFO] Compiled composition metadata {"renderJobId":"c610ef05-49e8-4070-965c-599b52b3f567","entryFile":"index.html","staticDuration":95.916667,"width":1280,"height":720,"videoCount":0,"audioCount":1,"renderModeHints":{"recommendScreenshot":false,"reasons":[]}}
[INFO] [Render:trace] {"renderJobId":"c610ef05-49e8-4070-965c-599b52b3f567","phase":"compile","status":"end","elapsedMs":65,"durationMs":63,"needsAlpha":false}
[INFO] [Render:trace] {"renderJobId":"c610ef05-49e8-4070-965c-599b52b3f567","phase":"compile","status":"checkpoint","elapsedMs":65,"message":"composition metadata resolved","width":1280,"height":720,"videoCount":0,"audioCount":1,"imageCount":0,"deviceScaleFactor":1,"forceScreenshot":false,"compositionHash":"f4c2ada730137e12"}
[INFO] [Render:trace] {"renderJobId":"c610ef05-49e8-4070-965c-599b52b3f567","phase":"browser_probe","status":"start","elapsedMs":65,"forceScreenshot":false,"stagePhase":"calibrating"}
[INFO] [Render:trace] {"renderJobId":"c610ef05-49e8-4070-965c-599b52b3f567","phase":"browser_probe","status":"end","elapsedMs":69,"durationMs":4,"forceScreenshot":false,"stagePhase":"calibrating"}
[INFO] [Render:trace] {"renderJobId":"c610ef05-49e8-4070-965c-599b52b3f567","phase":"browser_probe","status":"checkpoint","elapsedMs":70,"message":"duration resolved","durationSeconds":95.916667,"totalFrames":2302,"compositionHash":"f4c2ada730137e12","beginFrameStalled":false}
[INFO] [Render:trace] {"renderJobId":"c610ef05-49e8-4070-965c-599b52b3f567","phase":"video_extract","status":"start","elapsedMs":70,"videoCount":0}
  ██░░░░░░░░░░░░░░░░░░░░░░░  10%  Extracting video frames
[INFO] [Render:trace] {"renderJobId":"c610ef05-49e8-4070-965c-599b52b3f567","phase":"video_extract","status":"end","elapsedMs":70,"durationMs":0,"videoCount":0}
[INFO] [Render:trace] {"renderJobId":"c610ef05-49e8-4070-965c-599b52b3f567","phase":"video_extract","status":"checkpoint","elapsedMs":75,"message":"frames resolved","videoCount":0,"extractedVideoCount":0,"totalFramesExtracted":0,"maxFramesPerVideo":0,"avgFramesPerExtractedVideo":null,"vfrPreflightCount":null,"vfrPreflightMs":null,"cacheHits":null,"cacheMisses":null,"transientRetries":null,"minVideoFrameCoverageRatio":null,"authoredTimedClipCount":2}
[INFO] [Render] No HDR sources detected — rendering SDR {"renderJobId":"c610ef05-49e8-4070-965c-599b52b3f567"}
[INFO] [Render:trace] {"renderJobId":"c610ef05-49e8-4070-965c-599b52b3f567","phase":"hdr_detection","status":"checkpoint","elapsedMs":75,"message":"resolved","requestedHdrMode":"auto","effectiveHdr":"sdr","nativeHdrVideoCount":0,"nativeHdrImageCount":0}
[INFO] [Render:trace] {"renderJobId":"c610ef05-49e8-4070-965c-599b52b3f567","phase":"audio_process","status":"start","elapsedMs":75,"audioCount":1}
  █████░░░░░░░░░░░░░░░░░░░░  20%  Processing audio tracks
[INFO] [Render:trace] {"renderJobId":"c610ef05-49e8-4070-965c-599b52b3f567","phase":"audio_process","status":"end","elapsedMs":1887,"durationMs":1812,"audioCount":1}
[INFO] [Render:trace] {"renderJobId":"c610ef05-49e8-4070-965c-599b52b3f567","phase":"file_server","status":"start","elapsedMs":1887,"reused":false}
  ██████░░░░░░░░░░░░░░░░░░░  25%  Starting frame capture
[INFO] [Render:trace] {"renderJobId":"c610ef05-49e8-4070-965c-599b52b3f567","phase":"file_server","status":"end","elapsedMs":1893,"durationMs":6}
[hyperframes] browserGpuMode probe → hardware (WebGL renderer vendor="Google Inc. (Apple)" renderer="ANGLE (Apple, ANGLE Metal Renderer: Apple M4, Unspecified Version)")
[INFO] [Render:trace] {"renderJobId":"c610ef05-49e8-4070-965c-599b52b3f567","phase":"capture_calibration","status":"checkpoint","elapsedMs":2053,"message":"skipped","requestedWorkers":"auto","totalFrames":2302,"htmlInCanvasDetected":false,"lowMemoryMode":false,"deInversionEligible":true,"deParallelRouterEligible":false}
[INFO] [Render] Fast capture: single-worker drawElement streaming preferred over 4-worker screenshot capture (2302 frames >= 900; verified path, measured faster at every worker count). Set HF_DE_SINGLE_MIN_FRAMES=0 or --workers N to override. {"renderJobId":"c610ef05-49e8-4070-965c-599b52b3f567"}
[INFO] [Render:trace] {"renderJobId":"c610ef05-49e8-4070-965c-599b52b3f567","phase":"worker_resolution","status":"checkpoint","elapsedMs":2054,"message":"resolved","workerCount":1}
[INFO] streaming-encode gate {"renderJobId":"c610ef05-49e8-4070-965c-599b52b3f567","enabled":true,"configFlag":true,"outputFormat":"mp4","workerCount":1,"durationSeconds":95.916667,"maxDurationSeconds":240}
[INFO] [Render:trace] {"renderJobId":"c610ef05-49e8-4070-965c-599b52b3f567","phase":"capture_strategy","status":"checkpoint","elapsedMs":2054,"message":"resolved","workerCount":1,"forceScreenshot":false,"captureBeyondViewport":null,"useStreamingEncode":true,"useLayeredComposite":false,"usePageSideCompositing":false,"hasHdrContent":false,"hasShaderTransitions":false,"isPngSequence":false}
[INFO] [Render:trace] {"renderJobId":"c610ef05-49e8-4070-965c-599b52b3f567","phase":"capture_streaming","status":"start","elapsedMs":2054,"stagePhase":"capturing","workerCount":1,"forceScreenshot":false,"totalFrames":2302,"framesCompleted":0,"captureMode":"drawelement","captureOperation":"drawElement"}
[BrowserManager] Browser launched (HeadlessChrome/152.0.7977.30, screenshot, gl=--use-gl=angle --use-angle=metal, headlessShell=true, platform=darwin)
[initSession:screenshot] page.goto start (0ms)
[HyperFrames] render runtime fps [object Object]
[initSession:screenshot] page.goto complete (113ms)
[initSession:screenshot] GSAP proxy flush complete (119ms)
[initSession:screenshot] pollHfReady complete (121ms)
[initSession:screenshot] pollSubCompositionTimelines complete (ready) (124ms)
[initSession:screenshot] applyVideoMetadataHints complete (124ms)
[initSession:screenshot] media + fonts + tailwind ready (125ms)
[initSession:screenshot] timeline at-risk predictor: 0/2303 frames (0%) (154ms)
[initSession:screenshot] static-frame dedup: 1726/1726 predicted frame(s) reusable (outcome=verified, runs=34/34, screenshots=123, seeks=124, elapsedMs=4958) (5303ms)
[initSession:screenshot] drawElement self-verify armed: 4 ground-truth frame(s) @ [576, 1151, 1727, 2187] of 2302 (5675ms)
[initSession:drawelement] drawElement canvas injected (5676ms)
[initSession:drawelement] screenshot fallback: 5 clip-boundary frame(s) (5678ms)
[initSession:drawelement] drawElement worker encode initialized (5683ms)
  ██████░░░░░░░░░░░░░░░░░░░  25%  Streaming frame 1/2302
  ██████░░░░░░░░░░░░░░░░░░░  25%  Streaming frame 2/2302
  ██████░░░░░░░░░░░░░░░░░░░  25%  Streaming frame 3/2302
  ██████░░░░░░░░░░░░░░░░░░░  25%  Streaming frame 4/2302
  ██████░░░░░░░░░░░░░░░░░░░  25%  Streaming frame 5/2302
  ██████░░░░░░░░░░░░░░░░░░░  25%  Streaming frame 6/2302
  ██████░░░░░░░░░░░░░░░░░░░  25%  Streaming frame 7/2302
  ██████░░░░░░░░░░░░░░░░░░░  25%  Streaming frame 8/2302
  ██████░░░░░░░░░░░░░░░░░░░  25%  Streaming frame 9/2302
  ██████░░░░░░░░░░░░░░░░░░░  25%  Streaming frame 10/2302
  ██████░░░░░░░░░░░░░░░░░░░  25%  Streaming frame 11/2302
  ██████░░░░░░░░░░░░░░░░░░░  25%  Streaming frame 12/2302
  ██████░░░░░░░░░░░░░░░░░░░  25%  Streaming frame 13/2302
  ██████░░░░░░░░░░░░░░░░░░░  25%  Streaming frame 14/2302
  ██████░░░░░░░░░░░░░░░░░░░  25%  Streaming frame 15/2302
  ██████░░░░░░░░░░░░░░░░░░░  25%  Streaming frame 16/2302
  ██████░░░░░░░░░░░░░░░░░░░  25%  Streaming frame 17/2302
  ██████░░░░░░░░░░░░░░░░░░░  25%  Streaming frame 18/2302
  ██████░░░░░░░░░░░░░░░░░░░  25%  Streaming frame 19/2302
  ██████░░░░░░░░░░░░░░░░░░░  25%  Streaming frame 20/2302
  ██████░░░░░░░░░░░░░░░░░░░  26%  Streaming frame 21/2302
  ██████░░░░░░░░░░░░░░░░░░░  26%  Streaming frame 22/2302
  ██████░░░░░░░░░░░░░░░░░░░  26%  Streaming frame 23/2302
  ██████░░░░░░░░░░░░░░░░░░░  26%  Streaming frame 24/2302
  ██████░░░░░░░░░░░░░░░░░░░  26%  Streaming frame 25/2302
  ██████░░░░░░░░░░░░░░░░░░░  26%  Streaming frame 26/2302
  ██████░░░░░░░░░░░░░░░░░░░  26%  Streaming frame 27/2302
  ██████░░░░░░░░░░░░░░░░░░░  26%  Streaming frame 28/2302
  ██████░░░░░░░░░░░░░░░░░░░  26%  Streaming frame 29/2302
  ██████░░░░░░░░░░░░░░░░░░░  26%  Streaming frame 30/2302
  ██████░░░░░░░░░░░░░░░░░░░  26%  Streaming frame 31/2302
  ██████░░░░░░░░░░░░░░░░░░░  26%  Streaming frame 32/2302
  ██████░░░░░░░░░░░░░░░░░░░  26%  Streaming frame 33/2302
  ██████░░░░░░░░░░░░░░░░░░░  26%  Streaming frame 34/2302
  ██████░░░░░░░░░░░░░░░░░░░  26%  Streaming frame 35/2302
  ██████░░░░░░░░░░░░░░░░░░░  26%  Streaming frame 36/2302
  ██████░░░░░░░░░░░░░░░░░░░  26%  Streaming frame 37/2302
  ██████░░░░░░░░░░░░░░░░░░░  26%  Streaming frame 38/2302
  ██████░░░░░░░░░░░░░░░░░░░  26%  Streaming frame 39/2302
  ██████░░░░░░░░░░░░░░░░░░░  26%  Streaming frame 40/2302
  ██████░░░░░░░░░░░░░░░░░░░  26%  Streaming frame 41/2302
  ██████░░░░░░░░░░░░░░░░░░░  26%  Streaming frame 42/2302
  ██████░░░░░░░░░░░░░░░░░░░  26%  Streaming frame 43/2302
  ██████░░░░░░░░░░░░░░░░░░░  26%  Streaming frame 44/2302
  ██████░░░░░░░░░░░░░░░░░░░  26%  Streaming frame 45/2302
  ██████░░░░░░░░░░░░░░░░░░░  26%  Streaming frame 46/2302
  ██████░░░░░░░░░░░░░░░░░░░  26%  Streaming frame 47/2302
  ██████░░░░░░░░░░░░░░░░░░░  26%  Streaming frame 48/2302
  ██████░░░░░░░░░░░░░░░░░░░  26%  Streaming frame 49/2302
  ██████░░░░░░░░░░░░░░░░░░░  26%  Streaming frame 50/2302
  ██████░░░░░░░░░░░░░░░░░░░  26%  Streaming frame 51/2302
  ██████░░░░░░░░░░░░░░░░░░░  26%  Streaming frame 52/2302
  ██████░░░░░░░░░░░░░░░░░░░  26%  Streaming frame 53/2302
  ██████░░░░░░░░░░░░░░░░░░░  26%  Streaming frame 54/2302
  ██████░░░░░░░░░░░░░░░░░░░  26%  Streaming frame 55/2302
  ██████░░░░░░░░░░░░░░░░░░░  26%  Streaming frame 56/2302
  ██████░░░░░░░░░░░░░░░░░░░  26%  Streaming frame 57/2302
  ██████░░░░░░░░░░░░░░░░░░░  26%  Streaming frame 58/2302
  ██████░░░░░░░░░░░░░░░░░░░  26%  Streaming frame 59/2302
  ██████░░░░░░░░░░░░░░░░░░░  26%  Streaming frame 60/2302
  ██████░░░░░░░░░░░░░░░░░░░  26%  Streaming frame 61/2302
  ██████░░░░░░░░░░░░░░░░░░░  26%  Streaming frame 62/2302
  ██████░░░░░░░░░░░░░░░░░░░  27%  Streaming frame 63/2302
  ██████░░░░░░░░░░░░░░░░░░░  27%  Streaming frame 64/2302
  ██████░░░░░░░░░░░░░░░░░░░  27%  Streaming frame 65/2302
  ██████░░░░░░░░░░░░░░░░░░░  27%  Streaming frame 66/2302
  ██████░░░░░░░░░░░░░░░░░░░  27%  Streaming frame 67/2302
  ██████░░░░░░░░░░░░░░░░░░░  27%  Streaming frame 68/2302
  ██████░░░░░░░░░░░░░░░░░░░  27%  Streaming frame 69/2302
  ██████░░░░░░░░░░░░░░░░░░░  27%  Streaming frame 70/2302
  ██████░░░░░░░░░░░░░░░░░░░  27%  Streaming frame 71/2302
  ██████░░░░░░░░░░░░░░░░░░░  27%  Streaming frame 72/2302
  ██████░░░░░░░░░░░░░░░░░░░  27%  Streaming frame 73/2302
  ██████░░░░░░░░░░░░░░░░░░░  27%  Streaming frame 74/2302
  ██████░░░░░░░░░░░░░░░░░░░  27%  Streaming frame 75/2302
  ██████░░░░░░░░░░░░░░░░░░░  27%  Streaming frame 76/2302
  ██████░░░░░░░░░░░░░░░░░░░  27%  Streaming frame 77/2302
  ██████░░░░░░░░░░░░░░░░░░░  27%  Streaming frame 78/2302
  ██████░░░░░░░░░░░░░░░░░░░  27%  Streaming frame 79/2302
  ██████░░░░░░░░░░░░░░░░░░░  27%  Streaming frame 80/2302
  ██████░░░░░░░░░░░░░░░░░░░  27%  Streaming frame 81/2302
  ██████░░░░░░░░░░░░░░░░░░░  27%  Streaming frame 82/2302
  ██████░░░░░░░░░░░░░░░░░░░  27%  Streaming frame 83/2302
  ██████░░░░░░░░░░░░░░░░░░░  27%  Streaming frame 84/2302
  ██████░░░░░░░░░░░░░░░░░░░  27%  Streaming frame 85/2302
  ██████░░░░░░░░░░░░░░░░░░░  27%  Streaming frame 86/2302
  ██████░░░░░░░░░░░░░░░░░░░  27%  Streaming frame 87/2302
  ██████░░░░░░░░░░░░░░░░░░░  27%  Streaming frame 88/2302
  ██████░░░░░░░░░░░░░░░░░░░  27%  Streaming frame 89/2302
  ██████░░░░░░░░░░░░░░░░░░░  27%  Streaming frame 90/2302
  ██████░░░░░░░░░░░░░░░░░░░  27%  Streaming frame 91/2302
  ██████░░░░░░░░░░░░░░░░░░░  27%  Streaming frame 92/2302
  ██████░░░░░░░░░░░░░░░░░░░  27%  Streaming frame 93/2302
  ██████░░░░░░░░░░░░░░░░░░░  27%  Streaming frame 94/2302
  ██████░░░░░░░░░░░░░░░░░░░  27%  Streaming frame 95/2302
  ██████░░░░░░░░░░░░░░░░░░░  27%  Streaming frame 96/2302
  ██████░░░░░░░░░░░░░░░░░░░  27%  Streaming frame 97/2302
  ██████░░░░░░░░░░░░░░░░░░░  27%  Streaming frame 98/2302
  ██████░░░░░░░░░░░░░░░░░░░  27%  Streaming frame 99/2302
  ██████░░░░░░░░░░░░░░░░░░░  27%  Streaming frame 100/2302
  ██████░░░░░░░░░░░░░░░░░░░  27%  Streaming frame 101/2302
  ██████░░░░░░░░░░░░░░░░░░░  27%  Streaming frame 102/2302
  ██████░░░░░░░░░░░░░░░░░░░  27%  Streaming frame 103/2302
  ██████░░░░░░░░░░░░░░░░░░░  27%  Streaming frame 104/2302
  ███████░░░░░░░░░░░░░░░░░░  28%  Streaming frame 105/2302
  ███████░░░░░░░░░░░░░░░░░░  28%  Streaming frame 106/2302
  ███████░░░░░░░░░░░░░░░░░░  28%  Streaming frame 107/2302
  ███████░░░░░░░░░░░░░░░░░░  28%  Streaming frame 108/2302
  ███████░░░░░░░░░░░░░░░░░░  28%  Streaming frame 109/2302
  ███████░░░░░░░░░░░░░░░░░░  28%  Streaming frame 110/2302
  ███████░░░░░░░░░░░░░░░░░░  28%  Streaming frame 111/2302
  ███████░░░░░░░░░░░░░░░░░░  28%  Streaming frame 112/2302
  ███████░░░░░░░░░░░░░░░░░░  28%  Streaming frame 113/2302
  ███████░░░░░░░░░░░░░░░░░░  28%  Streaming frame 114/2302
  ███████░░░░░░░░░░░░░░░░░░  28%  Streaming frame 115/2302
  ███████░░░░░░░░░░░░░░░░░░  28%  Streaming frame 116/2302
  ███████░░░░░░░░░░░░░░░░░░  28%  Streaming frame 117/2302
  ███████░░░░░░░░░░░░░░░░░░  28%  Streaming frame 118/2302
  ███████░░░░░░░░░░░░░░░░░░  28%  Streaming frame 119/2302
  ███████░░░░░░░░░░░░░░░░░░  28%  Streaming frame 120/2302
  ███████░░░░░░░░░░░░░░░░░░  28%  Streaming frame 121/2302
  ███████░░░░░░░░░░░░░░░░░░  28%  Streaming frame 122/2302
  ███████░░░░░░░░░░░░░░░░░░  28%  Streaming frame 123/2302
  ███████░░░░░░░░░░░░░░░░░░  28%  Streaming frame 124/2302
  ███████░░░░░░░░░░░░░░░░░░  28%  Streaming frame 125/2302
  ███████░░░░░░░░░░░░░░░░░░  28%  Streaming frame 126/2302
  ███████░░░░░░░░░░░░░░░░░░  28%  Streaming frame 127/2302
  ███████░░░░░░░░░░░░░░░░░░  28%  Streaming frame 128/2302
  ███████░░░░░░░░░░░░░░░░░░  28%  Streaming frame 129/2302
  ███████░░░░░░░░░░░░░░░░░░  28%  Streaming frame 130/2302
  ███████░░░░░░░░░░░░░░░░░░  28%  Streaming frame 131/2302
  ███████░░░░░░░░░░░░░░░░░░  28%  Streaming frame 132/2302
  ███████░░░░░░░░░░░░░░░░░░  28%  Streaming frame 133/2302
  ███████░░░░░░░░░░░░░░░░░░  28%  Streaming frame 134/2302
  ███████░░░░░░░░░░░░░░░░░░  28%  Streaming frame 135/2302
  ███████░░░░░░░░░░░░░░░░░░  28%  Streaming frame 136/2302
  ███████░░░░░░░░░░░░░░░░░░  28%  Streaming frame 137/2302
  ███████░░░░░░░░░░░░░░░░░░  28%  Streaming frame 138/2302
  ███████░░░░░░░░░░░░░░░░░░  28%  Streaming frame 139/2302
  ███████░░░░░░░░░░░░░░░░░░  28%  Streaming frame 140/2302
  ███████░░░░░░░░░░░░░░░░░░  28%  Streaming frame 141/2302
  ███████░░░░░░░░░░░░░░░░░░  28%  Streaming frame 142/2302
  ███████░░░░░░░░░░░░░░░░░░  28%  Streaming frame 143/2302
  ███████░░░░░░░░░░░░░░░░░░  28%  Streaming frame 144/2302
  ███████░░░░░░░░░░░░░░░░░░  28%  Streaming frame 145/2302
  ███████░░░░░░░░░░░░░░░░░░  28%  Streaming frame 146/2302
  ███████░░░░░░░░░░░░░░░░░░  29%  Streaming frame 147/2302
  ███████░░░░░░░░░░░░░░░░░░  29%  Streaming frame 148/2302
  ███████░░░░░░░░░░░░░░░░░░  29%  Streaming frame 149/2302
  ███████░░░░░░░░░░░░░░░░░░  29%  Streaming frame 150/2302
  ███████░░░░░░░░░░░░░░░░░░  29%  Streaming frame 151/2302
  ███████░░░░░░░░░░░░░░░░░░  29%  Streaming frame 152/2302
  ███████░░░░░░░░░░░░░░░░░░  29%  Streaming frame 153/2302
  ███████░░░░░░░░░░░░░░░░░░  29%  Streaming frame 154/2302
  ███████░░░░░░░░░░░░░░░░░░  29%  Streaming frame 155/2302
  ███████░░░░░░░░░░░░░░░░░░  29%  Streaming frame 156/2302
  ███████░░░░░░░░░░░░░░░░░░  29%  Streaming frame 157/2302
  ███████░░░░░░░░░░░░░░░░░░  29%  Streaming frame 158/2302
  ███████░░░░░░░░░░░░░░░░░░  29%  Streaming frame 159/2302
  ███████░░░░░░░░░░░░░░░░░░  29%  Streaming frame 160/2302
  ███████░░░░░░░░░░░░░░░░░░  29%  Streaming frame 161/2302
  ███████░░░░░░░░░░░░░░░░░░  29%  Streaming frame 162/2302
  ███████░░░░░░░░░░░░░░░░░░  29%  Streaming frame 163/2302
  ███████░░░░░░░░░░░░░░░░░░  29%  Streaming frame 164/2302
  ███████░░░░░░░░░░░░░░░░░░  29%  Streaming frame 165/2302
  ███████░░░░░░░░░░░░░░░░░░  29%  Streaming frame 166/2302
  ███████░░░░░░░░░░░░░░░░░░  29%  Streaming frame 167/2302
  ███████░░░░░░░░░░░░░░░░░░  29%  Streaming frame 168/2302
  ███████░░░░░░░░░░░░░░░░░░  29%  Streaming frame 169/2302
  ███████░░░░░░░░░░░░░░░░░░  29%  Streaming frame 170/2302
  ███████░░░░░░░░░░░░░░░░░░  29%  Streaming frame 171/2302
  ███████░░░░░░░░░░░░░░░░░░  29%  Streaming frame 172/2302
  ███████░░░░░░░░░░░░░░░░░░  29%  Streaming frame 173/2302
  ███████░░░░░░░░░░░░░░░░░░  29%  Streaming frame 174/2302
  ███████░░░░░░░░░░░░░░░░░░  29%  Streaming frame 175/2302
  ███████░░░░░░░░░░░░░░░░░░  29%  Streaming frame 176/2302
  ███████░░░░░░░░░░░░░░░░░░  29%  Streaming frame 177/2302
  ███████░░░░░░░░░░░░░░░░░░  29%  Streaming frame 178/2302
  ███████░░░░░░░░░░░░░░░░░░  29%  Streaming frame 179/2302
  ███████░░░░░░░░░░░░░░░░░░  29%  Streaming frame 180/2302
  ███████░░░░░░░░░░░░░░░░░░  29%  Streaming frame 181/2302
  ███████░░░░░░░░░░░░░░░░░░  29%  Streaming frame 182/2302
  ███████░░░░░░░░░░░░░░░░░░  29%  Streaming frame 183/2302
  ███████░░░░░░░░░░░░░░░░░░  29%  Streaming frame 184/2302
  ███████░░░░░░░░░░░░░░░░░░  29%  Streaming frame 185/2302
  ███████░░░░░░░░░░░░░░░░░░  29%  Streaming frame 186/2302
  ███████░░░░░░░░░░░░░░░░░░  29%  Streaming frame 187/2302
  ███████░░░░░░░░░░░░░░░░░░  29%  Streaming frame 188/2302
  ███████░░░░░░░░░░░░░░░░░░  30%  Streaming frame 189/2302
  ███████░░░░░░░░░░░░░░░░░░  30%  Streaming frame 190/2302
  ███████░░░░░░░░░░░░░░░░░░  30%  Streaming frame 191/2302
  ███████░░░░░░░░░░░░░░░░░░  30%  Streaming frame 192/2302
  ███████░░░░░░░░░░░░░░░░░░  30%  Streaming frame 193/2302
  ███████░░░░░░░░░░░░░░░░░░  30%  Streaming frame 194/2302
  ███████░░░░░░░░░░░░░░░░░░  30%  Streaming frame 195/2302
  ███████░░░░░░░░░░░░░░░░░░  30%  Streaming frame 196/2302
  ███████░░░░░░░░░░░░░░░░░░  30%  Streaming frame 197/2302
  ███████░░░░░░░░░░░░░░░░░░  30%  Streaming frame 198/2302
  ███████░░░░░░░░░░░░░░░░░░  30%  Streaming frame 199/2302
  ███████░░░░░░░░░░░░░░░░░░  30%  Streaming frame 200/2302
  ███████░░░░░░░░░░░░░░░░░░  30%  Streaming frame 201/2302
  ███████░░░░░░░░░░░░░░░░░░  30%  Streaming frame 202/2302
  ███████░░░░░░░░░░░░░░░░░░  30%  Streaming frame 203/2302
  ███████░░░░░░░░░░░░░░░░░░  30%  Streaming frame 204/2302
  ███████░░░░░░░░░░░░░░░░░░  30%  Streaming frame 205/2302
  ███████░░░░░░░░░░░░░░░░░░  30%  Streaming frame 206/2302
  ███████░░░░░░░░░░░░░░░░░░  30%  Streaming frame 207/2302
  ███████░░░░░░░░░░░░░░░░░░  30%  Streaming frame 208/2302
  ███████░░░░░░░░░░░░░░░░░░  30%  Streaming frame 209/2302
  ███████░░░░░░░░░░░░░░░░░░  30%  Streaming frame 210/2302
  ███████░░░░░░░░░░░░░░░░░░  30%  Streaming frame 211/2302
  ███████░░░░░░░░░░░░░░░░░░  30%  Streaming frame 212/2302
  ███████░░░░░░░░░░░░░░░░░░  30%  Streaming frame 213/2302
  ███████░░░░░░░░░░░░░░░░░░  30%  Streaming frame 214/2302
  ███████░░░░░░░░░░░░░░░░░░  30%  Streaming frame 215/2302
  ███████░░░░░░░░░░░░░░░░░░  30%  Streaming frame 216/2302
  ███████░░░░░░░░░░░░░░░░░░  30%  Streaming frame 217/2302
  ███████░░░░░░░░░░░░░░░░░░  30%  Streaming frame 218/2302
  ███████░░░░░░░░░░░░░░░░░░  30%  Streaming frame 219/2302
  ███████░░░░░░░░░░░░░░░░░░  30%  Streaming frame 220/2302
  ███████░░░░░░░░░░░░░░░░░░  30%  Streaming frame 221/2302
  ███████░░░░░░░░░░░░░░░░░░  30%  Streaming frame 222/2302
  ███████░░░░░░░░░░░░░░░░░░  30%  Streaming frame 223/2302
  ███████░░░░░░░░░░░░░░░░░░  30%  Streaming frame 224/2302
  ███████░░░░░░░░░░░░░░░░░░  30%  Streaming frame 225/2302
  ███████░░░░░░░░░░░░░░░░░░  30%  Streaming frame 226/2302
  ███████░░░░░░░░░░░░░░░░░░  30%  Streaming frame 227/2302
  ███████░░░░░░░░░░░░░░░░░░  30%  Streaming frame 228/2302
  ███████░░░░░░░░░░░░░░░░░░  30%  Streaming frame 229/2302
  ███████░░░░░░░░░░░░░░░░░░  30%  Streaming frame 230/2302
  ███████░░░░░░░░░░░░░░░░░░  31%  Streaming frame 231/2302
  ███████░░░░░░░░░░░░░░░░░░  31%  Streaming frame 232/2302
  ███████░░░░░░░░░░░░░░░░░░  31%  Streaming frame 233/2302
  ███████░░░░░░░░░░░░░░░░░░  31%  Streaming frame 234/2302
  ███████░░░░░░░░░░░░░░░░░░  31%  Streaming frame 235/2302
  ███████░░░░░░░░░░░░░░░░░░  31%  Streaming frame 236/2302
  ███████░░░░░░░░░░░░░░░░░░  31%  Streaming frame 237/2302
  ███████░░░░░░░░░░░░░░░░░░  31%  Streaming frame 238/2302
  ███████░░░░░░░░░░░░░░░░░░  31%  Streaming frame 239/2302
  ███████░░░░░░░░░░░░░░░░░░  31%  Streaming frame 240/2302
  ███████░░░░░░░░░░░░░░░░░░  31%  Streaming frame 241/2302
  ███████░░░░░░░░░░░░░░░░░░  31%  Streaming frame 242/2302
  ███████░░░░░░░░░░░░░░░░░░  31%  Streaming frame 243/2302
  ███████░░░░░░░░░░░░░░░░░░  31%  Streaming frame 244/2302
  ███████░░░░░░░░░░░░░░░░░░  31%  Streaming frame 245/2302
  ███████░░░░░░░░░░░░░░░░░░  31%  Streaming frame 246/2302
  ███████░░░░░░░░░░░░░░░░░░  31%  Streaming frame 247/2302
  ███████░░░░░░░░░░░░░░░░░░  31%  Streaming frame 248/2302
  ███████░░░░░░░░░░░░░░░░░░  31%  Streaming frame 249/2302
  ███████░░░░░░░░░░░░░░░░░░  31%  Streaming frame 250/2302
  ███████░░░░░░░░░░░░░░░░░░  31%  Streaming frame 251/2302
  ███████░░░░░░░░░░░░░░░░░░  31%  Streaming frame 252/2302
  ███████░░░░░░░░░░░░░░░░░░  31%  Streaming frame 253/2302
  ███████░░░░░░░░░░░░░░░░░░  31%  Streaming frame 254/2302
  ███████░░░░░░░░░░░░░░░░░░  31%  Streaming frame 255/2302
  ███████░░░░░░░░░░░░░░░░░░  31%  Streaming frame 256/2302
  ███████░░░░░░░░░░░░░░░░░░  31%  Streaming frame 257/2302
  ███████░░░░░░░░░░░░░░░░░░  31%  Streaming frame 258/2302
  ███████░░░░░░░░░░░░░░░░░░  31%  Streaming frame 259/2302
  ███████░░░░░░░░░░░░░░░░░░  31%  Streaming frame 260/2302
  ███████░░░░░░░░░░░░░░░░░░  31%  Streaming frame 261/2302
  ███████░░░░░░░░░░░░░░░░░░  31%  Streaming frame 262/2302
  ███████░░░░░░░░░░░░░░░░░░  31%  Streaming frame 263/2302
  ███████░░░░░░░░░░░░░░░░░░  31%  Streaming frame 264/2302
  ███████░░░░░░░░░░░░░░░░░░  31%  Streaming frame 265/2302
  ███████░░░░░░░░░░░░░░░░░░  31%  Streaming frame 266/2302
  ███████░░░░░░░░░░░░░░░░░░  31%  Streaming frame 267/2302
  ███████░░░░░░░░░░░░░░░░░░  31%  Streaming frame 268/2302
  ███████░░░░░░░░░░░░░░░░░░  31%  Streaming frame 269/2302
  ███████░░░░░░░░░░░░░░░░░░  31%  Streaming frame 270/2302
  ███████░░░░░░░░░░░░░░░░░░  31%  Streaming frame 271/2302
  ███████░░░░░░░░░░░░░░░░░░  31%  Streaming frame 272/2302
  ████████░░░░░░░░░░░░░░░░░  32%  Streaming frame 273/2302
  ████████░░░░░░░░░░░░░░░░░  32%  Streaming frame 274/2302
  ████████░░░░░░░░░░░░░░░░░  32%  Streaming frame 275/2302
  ████████░░░░░░░░░░░░░░░░░  32%  Streaming frame 276/2302
  ████████░░░░░░░░░░░░░░░░░  32%  Streaming frame 277/2302
  ████████░░░░░░░░░░░░░░░░░  32%  Streaming frame 278/2302
  ████████░░░░░░░░░░░░░░░░░  32%  Streaming frame 279/2302
  ████████░░░░░░░░░░░░░░░░░  32%  Streaming frame 280/2302
  ████████░░░░░░░░░░░░░░░░░  32%  Streaming frame 281/2302
  ████████░░░░░░░░░░░░░░░░░  32%  Streaming frame 282/2302
  ████████░░░░░░░░░░░░░░░░░  32%  Streaming frame 283/2302
  ████████░░░░░░░░░░░░░░░░░  32%  Streaming frame 284/2302
  ████████░░░░░░░░░░░░░░░░░  32%  Streaming frame 285/2302
  ████████░░░░░░░░░░░░░░░░░  32%  Streaming frame 286/2302
  ████████░░░░░░░░░░░░░░░░░  32%  Streaming frame 287/2302
  ████████░░░░░░░░░░░░░░░░░  32%  Streaming frame 288/2302
  ████████░░░░░░░░░░░░░░░░░  32%  Streaming frame 289/2302
  ████████░░░░░░░░░░░░░░░░░  32%  Streaming frame 290/2302
  ████████░░░░░░░░░░░░░░░░░  32%  Streaming frame 291/2302
  ████████░░░░░░░░░░░░░░░░░  32%  Streaming frame 292/2302
  ████████░░░░░░░░░░░░░░░░░  32%  Streaming frame 293/2302
  ████████░░░░░░░░░░░░░░░░░  32%  Streaming frame 294/2302
  ████████░░░░░░░░░░░░░░░░░  32%  Streaming frame 295/2302
  ████████░░░░░░░░░░░░░░░░░  32%  Streaming frame 296/2302
  ████████░░░░░░░░░░░░░░░░░  32%  Streaming frame 297/2302
  ████████░░░░░░░░░░░░░░░░░  32%  Streaming frame 298/2302
  ████████░░░░░░░░░░░░░░░░░  32%  Streaming frame 299/2302
  ████████░░░░░░░░░░░░░░░░░  32%  Streaming frame 300/2302
  ████████░░░░░░░░░░░░░░░░░  32%  Streaming frame 301/2302
  ████████░░░░░░░░░░░░░░░░░  32%  Streaming frame 302/2302
  ████████░░░░░░░░░░░░░░░░░  32%  Streaming frame 303/2302
  ████████░░░░░░░░░░░░░░░░░  32%  Streaming frame 304/2302
  ████████░░░░░░░░░░░░░░░░░  32%  Streaming frame 305/2302
  ████████░░░░░░░░░░░░░░░░░  32%  Streaming frame 306/2302
  ████████░░░░░░░░░░░░░░░░░  32%  Streaming frame 307/2302
  ████████░░░░░░░░░░░░░░░░░  32%  Streaming frame 308/2302
  ████████░░░░░░░░░░░░░░░░░  32%  Streaming frame 309/2302
  ████████░░░░░░░░░░░░░░░░░  32%  Streaming frame 310/2302
  ████████░░░░░░░░░░░░░░░░░  32%  Streaming frame 311/2302
  ████████░░░░░░░░░░░░░░░░░  32%  Streaming frame 312/2302
  ████████░░░░░░░░░░░░░░░░░  32%  Streaming frame 313/2302
  ████████░░░░░░░░░░░░░░░░░  33%  Streaming frame 314/2302
  ████████░░░░░░░░░░░░░░░░░  33%  Streaming frame 315/2302
  ████████░░░░░░░░░░░░░░░░░  33%  Streaming frame 316/2302
  ████████░░░░░░░░░░░░░░░░░  33%  Streaming frame 317/2302
  ████████░░░░░░░░░░░░░░░░░  33%  Streaming frame 318/2302
  ████████░░░░░░░░░░░░░░░░░  33%  Streaming frame 319/2302
  ████████░░░░░░░░░░░░░░░░░  33%  Streaming frame 320/2302
  ████████░░░░░░░░░░░░░░░░░  33%  Streaming frame 321/2302
  ████████░░░░░░░░░░░░░░░░░  33%  Streaming frame 322/2302
  ████████░░░░░░░░░░░░░░░░░  33%  Streaming frame 323/2302
  ████████░░░░░░░░░░░░░░░░░  33%  Streaming frame 324/2302
  ████████░░░░░░░░░░░░░░░░░  33%  Streaming frame 325/2302
  ████████░░░░░░░░░░░░░░░░░  33%  Streaming frame 326/2302
  ████████░░░░░░░░░░░░░░░░░  33%  Streaming frame 327/2302
  ████████░░░░░░░░░░░░░░░░░  33%  Streaming frame 328/2302
  ████████░░░░░░░░░░░░░░░░░  33%  Streaming frame 329/2302
  ████████░░░░░░░░░░░░░░░░░  33%  Streaming frame 330/2302
  ████████░░░░░░░░░░░░░░░░░  33%  Streaming frame 331/2302
  ████████░░░░░░░░░░░░░░░░░  33%  Streaming frame 332/2302
  ████████░░░░░░░░░░░░░░░░░  33%  Streaming frame 333/2302
  ████████░░░░░░░░░░░░░░░░░  33%  Streaming frame 334/2302
  ████████░░░░░░░░░░░░░░░░░  33%  Streaming frame 335/2302
  ████████░░░░░░░░░░░░░░░░░  33%  Streaming frame 336/2302
  ████████░░░░░░░░░░░░░░░░░  33%  Streaming frame 337/2302
  ████████░░░░░░░░░░░░░░░░░  33%  Streaming frame 338/2302
  ████████░░░░░░░░░░░░░░░░░  33%  Streaming frame 339/2302
  ████████░░░░░░░░░░░░░░░░░  33%  Streaming frame 340/2302
  ████████░░░░░░░░░░░░░░░░░  33%  Streaming frame 341/2302
  ████████░░░░░░░░░░░░░░░░░  33%  Streaming frame 342/2302
  ████████░░░░░░░░░░░░░░░░░  33%  Streaming frame 343/2302
  ████████░░░░░░░░░░░░░░░░░  33%  Streaming frame 344/2302
  ████████░░░░░░░░░░░░░░░░░  33%  Streaming frame 345/2302
  ████████░░░░░░░░░░░░░░░░░  33%  Streaming frame 346/2302
  ████████░░░░░░░░░░░░░░░░░  33%  Streaming frame 347/2302
  ████████░░░░░░░░░░░░░░░░░  33%  Streaming frame 348/2302
  ████████░░░░░░░░░░░░░░░░░  33%  Streaming frame 349/2302
  ████████░░░░░░░░░░░░░░░░░  33%  Streaming frame 350/2302
  ████████░░░░░░░░░░░░░░░░░  33%  Streaming frame 351/2302
  ████████░░░░░░░░░░░░░░░░░  33%  Streaming frame 352/2302
  ████████░░░░░░░░░░░░░░░░░  33%  Streaming frame 353/2302
  ████████░░░░░░░░░░░░░░░░░  33%  Streaming frame 354/2302
  ████████░░░░░░░░░░░░░░░░░  33%  Streaming frame 355/2302
  ████████░░░░░░░░░░░░░░░░░  34%  Streaming frame 356/2302
  ████████░░░░░░░░░░░░░░░░░  34%  Streaming frame 357/2302
  ████████░░░░░░░░░░░░░░░░░  34%  Streaming frame 358/2302
  ████████░░░░░░░░░░░░░░░░░  34%  Streaming frame 359/2302
  ████████░░░░░░░░░░░░░░░░░  34%  Streaming frame 360/2302
[WARN] [Render] drawElement blank-frame suspect; re-capturing {"renderJobId":"c610ef05-49e8-4070-965c-599b52b3f567","frame":360,"bytes":17840,"floor":20000}
[INFO] [Render] drawElement small frame is deterministic; accepted {"renderJobId":"c610ef05-49e8-4070-965c-599b52b3f567","frame":360,"bytes":17840}
  ████████░░░░░░░░░░░░░░░░░  34%  Streaming frame 361/2302
  ████████░░░░░░░░░░░░░░░░░  34%  Streaming frame 362/2302
  ████████░░░░░░░░░░░░░░░░░  34%  Streaming frame 363/2302
  ████████░░░░░░░░░░░░░░░░░  34%  Streaming frame 364/2302
  ████████░░░░░░░░░░░░░░░░░  34%  Streaming frame 365/2302
  ████████░░░░░░░░░░░░░░░░░  34%  Streaming frame 366/2302
  ████████░░░░░░░░░░░░░░░░░  34%  Streaming frame 367/2302
  ████████░░░░░░░░░░░░░░░░░  34%  Streaming frame 368/2302
  ████████░░░░░░░░░░░░░░░░░  34%  Streaming frame 369/2302
  ████████░░░░░░░░░░░░░░░░░  34%  Streaming frame 370/2302
  ████████░░░░░░░░░░░░░░░░░  34%  Streaming frame 371/2302
  ████████░░░░░░░░░░░░░░░░░  34%  Streaming frame 372/2302
  ████████░░░░░░░░░░░░░░░░░  34%  Streaming frame 373/2302
  ████████░░░░░░░░░░░░░░░░░  34%  Streaming frame 374/2302
  ████████░░░░░░░░░░░░░░░░░  34%  Streaming frame 375/2302
  ████████░░░░░░░░░░░░░░░░░  34%  Streaming frame 376/2302
  ████████░░░░░░░░░░░░░░░░░  34%  Streaming frame 377/2302
  ████████░░░░░░░░░░░░░░░░░  34%  Streaming frame 378/2302
  ████████░░░░░░░░░░░░░░░░░  34%  Streaming frame 379/2302
  ████████░░░░░░░░░░░░░░░░░  34%  Streaming frame 380/2302
  ████████░░░░░░░░░░░░░░░░░  34%  Streaming frame 381/2302
  ████████░░░░░░░░░░░░░░░░░  34%  Streaming frame 382/2302
  ████████░░░░░░░░░░░░░░░░░  34%  Streaming frame 383/2302
  ████████░░░░░░░░░░░░░░░░░  34%  Streaming frame 384/2302
  ████████░░░░░░░░░░░░░░░░░  34%  Streaming frame 385/2302
  ████████░░░░░░░░░░░░░░░░░  34%  Streaming frame 386/2302
  ████████░░░░░░░░░░░░░░░░░  34%  Streaming frame 387/2302
  ████████░░░░░░░░░░░░░░░░░  34%  Streaming frame 388/2302
  ████████░░░░░░░░░░░░░░░░░  34%  Streaming frame 389/2302
  ████████░░░░░░░░░░░░░░░░░  34%  Streaming frame 390/2302
  ████████░░░░░░░░░░░░░░░░░  34%  Streaming frame 391/2302
  ████████░░░░░░░░░░░░░░░░░  34%  Streaming frame 392/2302
  ████████░░░░░░░░░░░░░░░░░  34%  Streaming frame 393/2302
  ████████░░░░░░░░░░░░░░░░░  34%  Streaming frame 394/2302
  ████████░░░░░░░░░░░░░░░░░  34%  Streaming frame 395/2302
  ████████░░░░░░░░░░░░░░░░░  34%  Streaming frame 396/2302
  ████████░░░░░░░░░░░░░░░░░  34%  Streaming frame 397/2302
  ████████░░░░░░░░░░░░░░░░░  35%  Streaming frame 398/2302
  ████████░░░░░░░░░░░░░░░░░  35%  Streaming frame 399/2302
  ████████░░░░░░░░░░░░░░░░░  35%  Streaming frame 400/2302
  ████████░░░░░░░░░░░░░░░░░  35%  Streaming frame 401/2302
  ████████░░░░░░░░░░░░░░░░░  35%  Streaming frame 402/2302
  ████████░░░░░░░░░░░░░░░░░  35%  Streaming frame 403/2302
  ████████░░░░░░░░░░░░░░░░░  35%  Streaming frame 404/2302
  ████████░░░░░░░░░░░░░░░░░  35%  Streaming frame 405/2302
  ████████░░░░░░░░░░░░░░░░░  35%  Streaming frame 406/2302
  ████████░░░░░░░░░░░░░░░░░  35%  Streaming frame 407/2302
  ████████░░░░░░░░░░░░░░░░░  35%  Streaming frame 408/2302
  ████████░░░░░░░░░░░░░░░░░  35%  Streaming frame 409/2302
  ████████░░░░░░░░░░░░░░░░░  35%  Streaming frame 410/2302
  ████████░░░░░░░░░░░░░░░░░  35%  Streaming frame 411/2302
  ████████░░░░░░░░░░░░░░░░░  35%  Streaming frame 412/2302
  ████████░░░░░░░░░░░░░░░░░  35%  Streaming frame 413/2302
  ████████░░░░░░░░░░░░░░░░░  35%  Streaming frame 414/2302
  ████████░░░░░░░░░░░░░░░░░  35%  Streaming frame 415/2302
  ████████░░░░░░░░░░░░░░░░░  35%  Streaming frame 416/2302
  ████████░░░░░░░░░░░░░░░░░  35%  Streaming frame 417/2302
  ████████░░░░░░░░░░░░░░░░░  35%  Streaming frame 418/2302
  ████████░░░░░░░░░░░░░░░░░  35%  Streaming frame 419/2302
  ████████░░░░░░░░░░░░░░░░░  35%  Streaming frame 420/2302
  ████████░░░░░░░░░░░░░░░░░  35%  Streaming frame 421/2302
  ████████░░░░░░░░░░░░░░░░░  35%  Streaming frame 422/2302
  ████████░░░░░░░░░░░░░░░░░  35%  Streaming frame 423/2302
  ████████░░░░░░░░░░░░░░░░░  35%  Streaming frame 424/2302
  ████████░░░░░░░░░░░░░░░░░  35%  Streaming frame 425/2302
  ████████░░░░░░░░░░░░░░░░░  35%  Streaming frame 426/2302
  ████████░░░░░░░░░░░░░░░░░  35%  Streaming frame 427/2302
  ████████░░░░░░░░░░░░░░░░░  35%  Streaming frame 428/2302
  ████████░░░░░░░░░░░░░░░░░  35%  Streaming frame 429/2302
  ████████░░░░░░░░░░░░░░░░░  35%  Streaming frame 430/2302
  ████████░░░░░░░░░░░░░░░░░  35%  Streaming frame 431/2302
  ████████░░░░░░░░░░░░░░░░░  35%  Streaming frame 432/2302
  ████████░░░░░░░░░░░░░░░░░  35%  Streaming frame 433/2302
  ████████░░░░░░░░░░░░░░░░░  35%  Streaming frame 434/2302
  ████████░░░░░░░░░░░░░░░░░  35%  Streaming frame 435/2302
  ████████░░░░░░░░░░░░░░░░░  35%  Streaming frame 436/2302
  ████████░░░░░░░░░░░░░░░░░  35%  Streaming frame 437/2302
  ████████░░░░░░░░░░░░░░░░░  35%  Streaming frame 438/2302
  ████████░░░░░░░░░░░░░░░░░  35%  Streaming frame 439/2302
  █████████░░░░░░░░░░░░░░░░  36%  Streaming frame 440/2302
  █████████░░░░░░░░░░░░░░░░  36%  Streaming frame 441/2302
  █████████░░░░░░░░░░░░░░░░  36%  Streaming frame 442/2302
  █████████░░░░░░░░░░░░░░░░  36%  Streaming frame 443/2302
  █████████░░░░░░░░░░░░░░░░  36%  Streaming frame 444/2302
  █████████░░░░░░░░░░░░░░░░  36%  Streaming frame 445/2302
  █████████░░░░░░░░░░░░░░░░  36%  Streaming frame 446/2302
  █████████░░░░░░░░░░░░░░░░  36%  Streaming frame 447/2302
  █████████░░░░░░░░░░░░░░░░  36%  Streaming frame 448/2302
  █████████░░░░░░░░░░░░░░░░  36%  Streaming frame 449/2302
  █████████░░░░░░░░░░░░░░░░  36%  Streaming frame 450/2302
  █████████░░░░░░░░░░░░░░░░  36%  Streaming frame 451/2302
  █████████░░░░░░░░░░░░░░░░  36%  Streaming frame 452/2302
  █████████░░░░░░░░░░░░░░░░  36%  Streaming frame 453/2302
  █████████░░░░░░░░░░░░░░░░  36%  Streaming frame 454/2302
  █████████░░░░░░░░░░░░░░░░  36%  Streaming frame 455/2302
  █████████░░░░░░░░░░░░░░░░  36%  Streaming frame 456/2302
  █████████░░░░░░░░░░░░░░░░  36%  Streaming frame 457/2302
  █████████░░░░░░░░░░░░░░░░  36%  Streaming frame 458/2302
  █████████░░░░░░░░░░░░░░░░  36%  Streaming frame 459/2302
  █████████░░░░░░░░░░░░░░░░  36%  Streaming frame 460/2302
  █████████░░░░░░░░░░░░░░░░  36%  Streaming frame 461/2302
  █████████░░░░░░░░░░░░░░░░  36%  Streaming frame 462/2302
  █████████░░░░░░░░░░░░░░░░  36%  Streaming frame 463/2302
  █████████░░░░░░░░░░░░░░░░  36%  Streaming frame 464/2302
  █████████░░░░░░░░░░░░░░░░  36%  Streaming frame 465/2302
  █████████░░░░░░░░░░░░░░░░  36%  Streaming frame 466/2302
  █████████░░░░░░░░░░░░░░░░  36%  Streaming frame 467/2302
  █████████░░░░░░░░░░░░░░░░  36%  Streaming frame 468/2302
  █████████░░░░░░░░░░░░░░░░  36%  Streaming frame 469/2302
  █████████░░░░░░░░░░░░░░░░  36%  Streaming frame 470/2302
  █████████░░░░░░░░░░░░░░░░  36%  Streaming frame 471/2302
  █████████░░░░░░░░░░░░░░░░  36%  Streaming frame 472/2302
  █████████░░░░░░░░░░░░░░░░  36%  Streaming frame 473/2302
  █████████░░░░░░░░░░░░░░░░  36%  Streaming frame 474/2302
  █████████░░░░░░░░░░░░░░░░  36%  Streaming frame 475/2302
  █████████░░░░░░░░░░░░░░░░  36%  Streaming frame 476/2302
  █████████░░░░░░░░░░░░░░░░  36%  Streaming frame 477/2302
  █████████░░░░░░░░░░░░░░░░  36%  Streaming frame 478/2302
  █████████░░░░░░░░░░░░░░░░  36%  Streaming frame 479/2302
  █████████░░░░░░░░░░░░░░░░  36%  Streaming frame 480/2302
  █████████░░░░░░░░░░░░░░░░  36%  Streaming frame 481/2302
  █████████░░░░░░░░░░░░░░░░  37%  Streaming frame 482/2302
  █████████░░░░░░░░░░░░░░░░  37%  Streaming frame 483/2302
  █████████░░░░░░░░░░░░░░░░  37%  Streaming frame 484/2302
  █████████░░░░░░░░░░░░░░░░  37%  Streaming frame 485/2302
  █████████░░░░░░░░░░░░░░░░  37%  Streaming frame 486/2302
  █████████░░░░░░░░░░░░░░░░  37%  Streaming frame 487/2302
  █████████░░░░░░░░░░░░░░░░  37%  Streaming frame 488/2302
  █████████░░░░░░░░░░░░░░░░  37%  Streaming frame 489/2302
  █████████░░░░░░░░░░░░░░░░  37%  Streaming frame 490/2302
  █████████░░░░░░░░░░░░░░░░  37%  Streaming frame 491/2302
  █████████░░░░░░░░░░░░░░░░  37%  Streaming frame 492/2302
  █████████░░░░░░░░░░░░░░░░  37%  Streaming frame 493/2302
  █████████░░░░░░░░░░░░░░░░  37%  Streaming frame 494/2302
  █████████░░░░░░░░░░░░░░░░  37%  Streaming frame 495/2302
  █████████░░░░░░░░░░░░░░░░  37%  Streaming frame 496/2302
  █████████░░░░░░░░░░░░░░░░  37%  Streaming frame 497/2302
  █████████░░░░░░░░░░░░░░░░  37%  Streaming frame 498/2302
  █████████░░░░░░░░░░░░░░░░  37%  Streaming frame 499/2302
  █████████░░░░░░░░░░░░░░░░  37%  Streaming frame 500/2302
  █████████░░░░░░░░░░░░░░░░  37%  Streaming frame 501/2302
  █████████░░░░░░░░░░░░░░░░  37%  Streaming frame 502/2302
  █████████░░░░░░░░░░░░░░░░  37%  Streaming frame 503/2302
  █████████░░░░░░░░░░░░░░░░  37%  Streaming frame 504/2302
  █████████░░░░░░░░░░░░░░░░  37%  Streaming frame 505/2302
  █████████░░░░░░░░░░░░░░░░  37%  Streaming frame 506/2302
  █████████░░░░░░░░░░░░░░░░  37%  Streaming frame 507/2302
  █████████░░░░░░░░░░░░░░░░  37%  Streaming frame 508/2302
  █████████░░░░░░░░░░░░░░░░  37%  Streaming frame 509/2302
  █████████░░░░░░░░░░░░░░░░  37%  Streaming frame 510/2302
  █████████░░░░░░░░░░░░░░░░  37%  Streaming frame 511/2302
  █████████░░░░░░░░░░░░░░░░  37%  Streaming frame 512/2302
  █████████░░░░░░░░░░░░░░░░  37%  Streaming frame 513/2302
  █████████░░░░░░░░░░░░░░░░  37%  Streaming frame 514/2302
  █████████░░░░░░░░░░░░░░░░  37%  Streaming frame 515/2302
  █████████░░░░░░░░░░░░░░░░  37%  Streaming frame 516/2302
  █████████░░░░░░░░░░░░░░░░  37%  Streaming frame 517/2302
  █████████░░░░░░░░░░░░░░░░  37%  Streaming frame 518/2302
  █████████░░░░░░░░░░░░░░░░  37%  Streaming frame 519/2302
  █████████░░░░░░░░░░░░░░░░  37%  Streaming frame 520/2302
  █████████░░░░░░░░░░░░░░░░  37%  Streaming frame 521/2302
  █████████░░░░░░░░░░░░░░░░  37%  Streaming frame 522/2302
  █████████░░░░░░░░░░░░░░░░  37%  Streaming frame 523/2302
  █████████░░░░░░░░░░░░░░░░  38%  Streaming frame 524/2302
  █████████░░░░░░░░░░░░░░░░  38%  Streaming frame 525/2302
  █████████░░░░░░░░░░░░░░░░  38%  Streaming frame 526/2302
  █████████░░░░░░░░░░░░░░░░  38%  Streaming frame 527/2302
  █████████░░░░░░░░░░░░░░░░  38%  Streaming frame 528/2302
  █████████░░░░░░░░░░░░░░░░  38%  Streaming frame 529/2302
  █████████░░░░░░░░░░░░░░░░  38%  Streaming frame 530/2302
  █████████░░░░░░░░░░░░░░░░  38%  Streaming frame 531/2302
  █████████░░░░░░░░░░░░░░░░  38%  Streaming frame 532/2302
  █████████░░░░░░░░░░░░░░░░  38%  Streaming frame 533/2302
  █████████░░░░░░░░░░░░░░░░  38%  Streaming frame 534/2302
  █████████░░░░░░░░░░░░░░░░  38%  Streaming frame 535/2302
  █████████░░░░░░░░░░░░░░░░  38%  Streaming frame 536/2302
  █████████░░░░░░░░░░░░░░░░  38%  Streaming frame 537/2302
  █████████░░░░░░░░░░░░░░░░  38%  Streaming frame 538/2302
  █████████░░░░░░░░░░░░░░░░  38%  Streaming frame 539/2302
  █████████░░░░░░░░░░░░░░░░  38%  Streaming frame 540/2302
  █████████░░░░░░░░░░░░░░░░  38%  Streaming frame 541/2302
  █████████░░░░░░░░░░░░░░░░  38%  Streaming frame 542/2302
  █████████░░░░░░░░░░░░░░░░  38%  Streaming frame 543/2302
  █████████░░░░░░░░░░░░░░░░  38%  Streaming frame 544/2302
  █████████░░░░░░░░░░░░░░░░  38%  Streaming frame 545/2302
  █████████░░░░░░░░░░░░░░░░  38%  Streaming frame 546/2302
  █████████░░░░░░░░░░░░░░░░  38%  Streaming frame 547/2302
  █████████░░░░░░░░░░░░░░░░  38%  Streaming frame 548/2302
  █████████░░░░░░░░░░░░░░░░  38%  Streaming frame 549/2302
  █████████░░░░░░░░░░░░░░░░  38%  Streaming frame 550/2302
  █████████░░░░░░░░░░░░░░░░  38%  Streaming frame 551/2302
  █████████░░░░░░░░░░░░░░░░  38%  Streaming frame 552/2302
  █████████░░░░░░░░░░░░░░░░  38%  Streaming frame 553/2302
  █████████░░░░░░░░░░░░░░░░  38%  Streaming frame 554/2302
  █████████░░░░░░░░░░░░░░░░  38%  Streaming frame 555/2302
  █████████░░░░░░░░░░░░░░░░  38%  Streaming frame 556/2302
  █████████░░░░░░░░░░░░░░░░  38%  Streaming frame 557/2302
  █████████░░░░░░░░░░░░░░░░  38%  Streaming frame 558/2302
  █████████░░░░░░░░░░░░░░░░  38%  Streaming frame 559/2302
  █████████░░░░░░░░░░░░░░░░  38%  Streaming frame 560/2302
  █████████░░░░░░░░░░░░░░░░  38%  Streaming frame 561/2302
  █████████░░░░░░░░░░░░░░░░  38%  Streaming frame 562/2302
  █████████░░░░░░░░░░░░░░░░  38%  Streaming frame 563/2302
  █████████░░░░░░░░░░░░░░░░  38%  Streaming frame 564/2302
  █████████░░░░░░░░░░░░░░░░  38%  Streaming frame 565/2302
  █████████░░░░░░░░░░░░░░░░  39%  Streaming frame 566/2302
  █████████░░░░░░░░░░░░░░░░  39%  Streaming frame 567/2302
  █████████░░░░░░░░░░░░░░░░  39%  Streaming frame 568/2302
  █████████░░░░░░░░░░░░░░░░  39%  Streaming frame 569/2302
  █████████░░░░░░░░░░░░░░░░  39%  Streaming frame 570/2302
  █████████░░░░░░░░░░░░░░░░  39%  Streaming frame 571/2302
  █████████░░░░░░░░░░░░░░░░  39%  Streaming frame 572/2302
  █████████░░░░░░░░░░░░░░░░  39%  Streaming frame 573/2302
  █████████░░░░░░░░░░░░░░░░  39%  Streaming frame 574/2302
  █████████░░░░░░░░░░░░░░░░  39%  Streaming frame 575/2302
  █████████░░░░░░░░░░░░░░░░  39%  Streaming frame 576/2302
[INFO] [Render] drawElement self-verify passed {"renderJobId":"c610ef05-49e8-4070-965c-599b52b3f567","frame":576,"psnrDb":85}
  █████████░░░░░░░░░░░░░░░░  39%  Streaming frame 577/2302
  █████████░░░░░░░░░░░░░░░░  39%  Streaming frame 578/2302
  █████████░░░░░░░░░░░░░░░░  39%  Streaming frame 579/2302
  █████████░░░░░░░░░░░░░░░░  39%  Streaming frame 580/2302
  █████████░░░░░░░░░░░░░░░░  39%  Streaming frame 581/2302
  █████████░░░░░░░░░░░░░░░░  39%  Streaming frame 582/2302
  █████████░░░░░░░░░░░░░░░░  39%  Streaming frame 583/2302
  █████████░░░░░░░░░░░░░░░░  39%  Streaming frame 584/2302
  █████████░░░░░░░░░░░░░░░░  39%  Streaming frame 585/2302
  █████████░░░░░░░░░░░░░░░░  39%  Streaming frame 586/2302
  █████████░░░░░░░░░░░░░░░░  39%  Streaming frame 587/2302
  █████████░░░░░░░░░░░░░░░░  39%  Streaming frame 588/2302
  █████████░░░░░░░░░░░░░░░░  39%  Streaming frame 589/2302
  █████████░░░░░░░░░░░░░░░░  39%  Streaming frame 590/2302
  █████████░░░░░░░░░░░░░░░░  39%  Streaming frame 591/2302
  █████████░░░░░░░░░░░░░░░░  39%  Streaming frame 592/2302
  █████████░░░░░░░░░░░░░░░░  39%  Streaming frame 593/2302
  █████████░░░░░░░░░░░░░░░░  39%  Streaming frame 594/2302
  █████████░░░░░░░░░░░░░░░░  39%  Streaming frame 595/2302
  █████████░░░░░░░░░░░░░░░░  39%  Streaming frame 596/2302
  █████████░░░░░░░░░░░░░░░░  39%  Streaming frame 597/2302
  █████████░░░░░░░░░░░░░░░░  39%  Streaming frame 598/2302
  █████████░░░░░░░░░░░░░░░░  39%  Streaming frame 599/2302
  █████████░░░░░░░░░░░░░░░░  39%  Streaming frame 600/2302
  █████████░░░░░░░░░░░░░░░░  39%  Streaming frame 601/2302
  █████████░░░░░░░░░░░░░░░░  39%  Streaming frame 602/2302
  █████████░░░░░░░░░░░░░░░░  39%  Streaming frame 603/2302
  █████████░░░░░░░░░░░░░░░░  39%  Streaming frame 604/2302
  █████████░░░░░░░░░░░░░░░░  39%  Streaming frame 605/2302
  █████████░░░░░░░░░░░░░░░░  39%  Streaming frame 606/2302
  ██████████░░░░░░░░░░░░░░░  40%  Streaming frame 607/2302
  ██████████░░░░░░░░░░░░░░░  40%  Streaming frame 608/2302
  ██████████░░░░░░░░░░░░░░░  40%  Streaming frame 609/2302
  ██████████░░░░░░░░░░░░░░░  40%  Streaming frame 610/2302
  ██████████░░░░░░░░░░░░░░░  40%  Streaming frame 611/2302
  ██████████░░░░░░░░░░░░░░░  40%  Streaming frame 612/2302
  ██████████░░░░░░░░░░░░░░░  40%  Streaming frame 613/2302
  ██████████░░░░░░░░░░░░░░░  40%  Streaming frame 614/2302
  ██████████░░░░░░░░░░░░░░░  40%  Streaming frame 615/2302
  ██████████░░░░░░░░░░░░░░░  40%  Streaming frame 616/2302
  ██████████░░░░░░░░░░░░░░░  40%  Streaming frame 617/2302
  ██████████░░░░░░░░░░░░░░░  40%  Streaming frame 618/2302
  ██████████░░░░░░░░░░░░░░░  40%  Streaming frame 619/2302
  ██████████░░░░░░░░░░░░░░░  40%  Streaming frame 620/2302
  ██████████░░░░░░░░░░░░░░░  40%  Streaming frame 621/2302
  ██████████░░░░░░░░░░░░░░░  40%  Streaming frame 622/2302
  ██████████░░░░░░░░░░░░░░░  40%  Streaming frame 623/2302
  ██████████░░░░░░░░░░░░░░░  40%  Streaming frame 624/2302
  ██████████░░░░░░░░░░░░░░░  40%  Streaming frame 625/2302
  ██████████░░░░░░░░░░░░░░░  40%  Streaming frame 626/2302
  ██████████░░░░░░░░░░░░░░░  40%  Streaming frame 627/2302
  ██████████░░░░░░░░░░░░░░░  40%  Streaming frame 628/2302
  ██████████░░░░░░░░░░░░░░░  40%  Streaming frame 629/2302
  ██████████░░░░░░░░░░░░░░░  40%  Streaming frame 630/2302
  ██████████░░░░░░░░░░░░░░░  40%  Streaming frame 631/2302
  ██████████░░░░░░░░░░░░░░░  40%  Streaming frame 632/2302
  ██████████░░░░░░░░░░░░░░░  40%  Streaming frame 633/2302
  ██████████░░░░░░░░░░░░░░░  40%  Streaming frame 634/2302
  ██████████░░░░░░░░░░░░░░░  40%  Streaming frame 635/2302
  ██████████░░░░░░░░░░░░░░░  40%  Streaming frame 636/2302
  ██████████░░░░░░░░░░░░░░░  40%  Streaming frame 637/2302
  ██████████░░░░░░░░░░░░░░░  40%  Streaming frame 638/2302
  ██████████░░░░░░░░░░░░░░░  40%  Streaming frame 639/2302
  ██████████░░░░░░░░░░░░░░░  40%  Streaming frame 640/2302
  ██████████░░░░░░░░░░░░░░░  40%  Streaming frame 641/2302
  ██████████░░░░░░░░░░░░░░░  40%  Streaming frame 642/2302
  ██████████░░░░░░░░░░░░░░░  40%  Streaming frame 643/2302
  ██████████░░░░░░░░░░░░░░░  40%  Streaming frame 644/2302
  ██████████░░░░░░░░░░░░░░░  40%  Streaming frame 645/2302
  ██████████░░░░░░░░░░░░░░░  40%  Streaming frame 646/2302
  ██████████░░░░░░░░░░░░░░░  40%  Streaming frame 647/2302
  ██████████░░░░░░░░░░░░░░░  40%  Streaming frame 648/2302
  ██████████░░░░░░░░░░░░░░░  41%  Streaming frame 649/2302
  ██████████░░░░░░░░░░░░░░░  41%  Streaming frame 650/2302
  ██████████░░░░░░░░░░░░░░░  41%  Streaming frame 651/2302
  ██████████░░░░░░░░░░░░░░░  41%  Streaming frame 652/2302
  ██████████░░░░░░░░░░░░░░░  41%  Streaming frame 653/2302
  ██████████░░░░░░░░░░░░░░░  41%  Streaming frame 654/2302
  ██████████░░░░░░░░░░░░░░░  41%  Streaming frame 655/2302
  ██████████░░░░░░░░░░░░░░░  41%  Streaming frame 656/2302
  ██████████░░░░░░░░░░░░░░░  41%  Streaming frame 657/2302
  ██████████░░░░░░░░░░░░░░░  41%  Streaming frame 658/2302
  ██████████░░░░░░░░░░░░░░░  41%  Streaming frame 659/2302
  ██████████░░░░░░░░░░░░░░░  41%  Streaming frame 660/2302
  ██████████░░░░░░░░░░░░░░░  41%  Streaming frame 661/2302
  ██████████░░░░░░░░░░░░░░░  41%  Streaming frame 662/2302
  ██████████░░░░░░░░░░░░░░░  41%  Streaming frame 663/2302
  ██████████░░░░░░░░░░░░░░░  41%  Streaming frame 664/2302
  ██████████░░░░░░░░░░░░░░░  41%  Streaming frame 665/2302
  ██████████░░░░░░░░░░░░░░░  41%  Streaming frame 666/2302
  ██████████░░░░░░░░░░░░░░░  41%  Streaming frame 667/2302
  ██████████░░░░░░░░░░░░░░░  41%  Streaming frame 668/2302
  ██████████░░░░░░░░░░░░░░░  41%  Streaming frame 669/2302
  ██████████░░░░░░░░░░░░░░░  41%  Streaming frame 670/2302
  ██████████░░░░░░░░░░░░░░░  41%  Streaming frame 671/2302
  ██████████░░░░░░░░░░░░░░░  41%  Streaming frame 672/2302
  ██████████░░░░░░░░░░░░░░░  41%  Streaming frame 673/2302
  ██████████░░░░░░░░░░░░░░░  41%  Streaming frame 674/2302
  ██████████░░░░░░░░░░░░░░░  41%  Streaming frame 675/2302
  ██████████░░░░░░░░░░░░░░░  41%  Streaming frame 676/2302
  ██████████░░░░░░░░░░░░░░░  41%  Streaming frame 677/2302
  ██████████░░░░░░░░░░░░░░░  41%  Streaming frame 678/2302
  ██████████░░░░░░░░░░░░░░░  41%  Streaming frame 679/2302
  ██████████░░░░░░░░░░░░░░░  41%  Streaming frame 680/2302
  ██████████░░░░░░░░░░░░░░░  41%  Streaming frame 681/2302
  ██████████░░░░░░░░░░░░░░░  41%  Streaming frame 682/2302
  ██████████░░░░░░░░░░░░░░░  41%  Streaming frame 683/2302
  ██████████░░░░░░░░░░░░░░░  41%  Streaming frame 684/2302
  ██████████░░░░░░░░░░░░░░░  41%  Streaming frame 685/2302
  ██████████░░░░░░░░░░░░░░░  41%  Streaming frame 686/2302
  ██████████░░░░░░░░░░░░░░░  41%  Streaming frame 687/2302
  ██████████░░░░░░░░░░░░░░░  41%  Streaming frame 688/2302
  ██████████░░░░░░░░░░░░░░░  41%  Streaming frame 689/2302
  ██████████░░░░░░░░░░░░░░░  41%  Streaming frame 690/2302
  ██████████░░░░░░░░░░░░░░░  42%  Streaming frame 691/2302
  ██████████░░░░░░░░░░░░░░░  42%  Streaming frame 692/2302
  ██████████░░░░░░░░░░░░░░░  42%  Streaming frame 693/2302
  ██████████░░░░░░░░░░░░░░░  42%  Streaming frame 694/2302
  ██████████░░░░░░░░░░░░░░░  42%  Streaming frame 695/2302
  ██████████░░░░░░░░░░░░░░░  42%  Streaming frame 696/2302
  ██████████░░░░░░░░░░░░░░░  42%  Streaming frame 697/2302
  ██████████░░░░░░░░░░░░░░░  42%  Streaming frame 698/2302
  ██████████░░░░░░░░░░░░░░░  42%  Streaming frame 699/2302
  ██████████░░░░░░░░░░░░░░░  42%  Streaming frame 700/2302
  ██████████░░░░░░░░░░░░░░░  42%  Streaming frame 701/2302
  ██████████░░░░░░░░░░░░░░░  42%  Streaming frame 702/2302
  ██████████░░░░░░░░░░░░░░░  42%  Streaming frame 703/2302
  ██████████░░░░░░░░░░░░░░░  42%  Streaming frame 704/2302
  ██████████░░░░░░░░░░░░░░░  42%  Streaming frame 705/2302
  ██████████░░░░░░░░░░░░░░░  42%  Streaming frame 706/2302
  ██████████░░░░░░░░░░░░░░░  42%  Streaming frame 707/2302
  ██████████░░░░░░░░░░░░░░░  42%  Streaming frame 708/2302
  ██████████░░░░░░░░░░░░░░░  42%  Streaming frame 709/2302
  ██████████░░░░░░░░░░░░░░░  42%  Streaming frame 710/2302
  ██████████░░░░░░░░░░░░░░░  42%  Streaming frame 711/2302
  ██████████░░░░░░░░░░░░░░░  42%  Streaming frame 712/2302
  ██████████░░░░░░░░░░░░░░░  42%  Streaming frame 713/2302
  ██████████░░░░░░░░░░░░░░░  42%  Streaming frame 714/2302
  ██████████░░░░░░░░░░░░░░░  42%  Streaming frame 715/2302
  ██████████░░░░░░░░░░░░░░░  42%  Streaming frame 716/2302
  ██████████░░░░░░░░░░░░░░░  42%  Streaming frame 717/2302
  ██████████░░░░░░░░░░░░░░░  42%  Streaming frame 718/2302
  ██████████░░░░░░░░░░░░░░░  42%  Streaming frame 719/2302
  ██████████░░░░░░░░░░░░░░░  42%  Streaming frame 720/2302
  ██████████░░░░░░░░░░░░░░░  42%  Streaming frame 721/2302
  ██████████░░░░░░░░░░░░░░░  42%  Streaming frame 722/2302
  ██████████░░░░░░░░░░░░░░░  42%  Streaming frame 723/2302
  ██████████░░░░░░░░░░░░░░░  42%  Streaming frame 724/2302
  ██████████░░░░░░░░░░░░░░░  42%  Streaming frame 725/2302
  ██████████░░░░░░░░░░░░░░░  42%  Streaming frame 726/2302
  ██████████░░░░░░░░░░░░░░░  42%  Streaming frame 727/2302
  ██████████░░░░░░░░░░░░░░░  42%  Streaming frame 728/2302
  ██████████░░░░░░░░░░░░░░░  42%  Streaming frame 729/2302
  ██████████░░░░░░░░░░░░░░░  42%  Streaming frame 730/2302
  ██████████░░░░░░░░░░░░░░░  42%  Streaming frame 731/2302
  ██████████░░░░░░░░░░░░░░░  42%  Streaming frame 732/2302
  ██████████░░░░░░░░░░░░░░░  43%  Streaming frame 733/2302
  ██████████░░░░░░░░░░░░░░░  43%  Streaming frame 734/2302
  ██████████░░░░░░░░░░░░░░░  43%  Streaming frame 735/2302
  ██████████░░░░░░░░░░░░░░░  43%  Streaming frame 736/2302
  ██████████░░░░░░░░░░░░░░░  43%  Streaming frame 737/2302
  ██████████░░░░░░░░░░░░░░░  43%  Streaming frame 738/2302
  ██████████░░░░░░░░░░░░░░░  43%  Streaming frame 739/2302
  ██████████░░░░░░░░░░░░░░░  43%  Streaming frame 740/2302
  ██████████░░░░░░░░░░░░░░░  43%  Streaming frame 741/2302
  ██████████░░░░░░░░░░░░░░░  43%  Streaming frame 742/2302
  ██████████░░░░░░░░░░░░░░░  43%  Streaming frame 743/2302
  ██████████░░░░░░░░░░░░░░░  43%  Streaming frame 744/2302
  ██████████░░░░░░░░░░░░░░░  43%  Streaming frame 745/2302
  ██████████░░░░░░░░░░░░░░░  43%  Streaming frame 746/2302
  ██████████░░░░░░░░░░░░░░░  43%  Streaming frame 747/2302
  ██████████░░░░░░░░░░░░░░░  43%  Streaming frame 748/2302
  ██████████░░░░░░░░░░░░░░░  43%  Streaming frame 749/2302
  ██████████░░░░░░░░░░░░░░░  43%  Streaming frame 750/2302
  ██████████░░░░░░░░░░░░░░░  43%  Streaming frame 751/2302
  ██████████░░░░░░░░░░░░░░░  43%  Streaming frame 752/2302
  ██████████░░░░░░░░░░░░░░░  43%  Streaming frame 753/2302
  ██████████░░░░░░░░░░░░░░░  43%  Streaming frame 754/2302
  ██████████░░░░░░░░░░░░░░░  43%  Streaming frame 755/2302
  ██████████░░░░░░░░░░░░░░░  43%  Streaming frame 756/2302
  ██████████░░░░░░░░░░░░░░░  43%  Streaming frame 757/2302
  ██████████░░░░░░░░░░░░░░░  43%  Streaming frame 758/2302
  ██████████░░░░░░░░░░░░░░░  43%  Streaming frame 759/2302
  ██████████░░░░░░░░░░░░░░░  43%  Streaming frame 760/2302
  ██████████░░░░░░░░░░░░░░░  43%  Streaming frame 761/2302
  ██████████░░░░░░░░░░░░░░░  43%  Streaming frame 762/2302
  ██████████░░░░░░░░░░░░░░░  43%  Streaming frame 763/2302
  ██████████░░░░░░░░░░░░░░░  43%  Streaming frame 764/2302
  ██████████░░░░░░░░░░░░░░░  43%  Streaming frame 765/2302
  ██████████░░░░░░░░░░░░░░░  43%  Streaming frame 766/2302
  ██████████░░░░░░░░░░░░░░░  43%  Streaming frame 767/2302
  ██████████░░░░░░░░░░░░░░░  43%  Streaming frame 768/2302
  ██████████░░░░░░░░░░░░░░░  43%  Streaming frame 769/2302
  ██████████░░░░░░░░░░░░░░░  43%  Streaming frame 770/2302
  ██████████░░░░░░░░░░░░░░░  43%  Streaming frame 771/2302
  ██████████░░░░░░░░░░░░░░░  43%  Streaming frame 772/2302
  ██████████░░░░░░░░░░░░░░░  43%  Streaming frame 773/2302
  ██████████░░░░░░░░░░░░░░░  43%  Streaming frame 774/2302
  ███████████░░░░░░░░░░░░░░  44%  Streaming frame 775/2302
  ███████████░░░░░░░░░░░░░░  44%  Streaming frame 776/2302
  ███████████░░░░░░░░░░░░░░  44%  Streaming frame 777/2302
  ███████████░░░░░░░░░░░░░░  44%  Streaming frame 778/2302
  ███████████░░░░░░░░░░░░░░  44%  Streaming frame 779/2302
  ███████████░░░░░░░░░░░░░░  44%  Streaming frame 780/2302
  ███████████░░░░░░░░░░░░░░  44%  Streaming frame 781/2302
  ███████████░░░░░░░░░░░░░░  44%  Streaming frame 782/2302
  ███████████░░░░░░░░░░░░░░  44%  Streaming frame 783/2302
  ███████████░░░░░░░░░░░░░░  44%  Streaming frame 784/2302
  ███████████░░░░░░░░░░░░░░  44%  Streaming frame 785/2302
  ███████████░░░░░░░░░░░░░░  44%  Streaming frame 786/2302
  ███████████░░░░░░░░░░░░░░  44%  Streaming frame 787/2302
  ███████████░░░░░░░░░░░░░░  44%  Streaming frame 788/2302
  ███████████░░░░░░░░░░░░░░  44%  Streaming frame 789/2302
  ███████████░░░░░░░░░░░░░░  44%  Streaming frame 790/2302
  ███████████░░░░░░░░░░░░░░  44%  Streaming frame 791/2302
  ███████████░░░░░░░░░░░░░░  44%  Streaming frame 792/2302
  ███████████░░░░░░░░░░░░░░  44%  Streaming frame 793/2302
  ███████████░░░░░░░░░░░░░░  44%  Streaming frame 794/2302
  ███████████░░░░░░░░░░░░░░  44%  Streaming frame 795/2302
  ███████████░░░░░░░░░░░░░░  44%  Streaming frame 796/2302
  ███████████░░░░░░░░░░░░░░  44%  Streaming frame 797/2302
  ███████████░░░░░░░░░░░░░░  44%  Streaming frame 798/2302
  ███████████░░░░░░░░░░░░░░  44%  Streaming frame 799/2302
  ███████████░░░░░░░░░░░░░░  44%  Streaming frame 800/2302
  ███████████░░░░░░░░░░░░░░  44%  Streaming frame 801/2302
  ███████████░░░░░░░░░░░░░░  44%  Streaming frame 802/2302
  ███████████░░░░░░░░░░░░░░  44%  Streaming frame 803/2302
  ███████████░░░░░░░░░░░░░░  44%  Streaming frame 804/2302
  ███████████░░░░░░░░░░░░░░  44%  Streaming frame 805/2302
  ███████████░░░░░░░░░░░░░░  44%  Streaming frame 806/2302
  ███████████░░░░░░░░░░░░░░  44%  Streaming frame 807/2302
  ███████████░░░░░░░░░░░░░░  44%  Streaming frame 808/2302
  ███████████░░░░░░░░░░░░░░  44%  Streaming frame 809/2302
  ███████████░░░░░░░░░░░░░░  44%  Streaming frame 810/2302
  ███████████░░░░░░░░░░░░░░  44%  Streaming frame 811/2302
  ███████████░░░░░░░░░░░░░░  44%  Streaming frame 812/2302
  ███████████░░░░░░░░░░░░░░  44%  Streaming frame 813/2302
  ███████████░░░░░░░░░░░░░░  44%  Streaming frame 814/2302
  ███████████░░░░░░░░░░░░░░  44%  Streaming frame 815/2302
  ███████████░░░░░░░░░░░░░░  44%  Streaming frame 816/2302
  ███████████░░░░░░░░░░░░░░  45%  Streaming frame 817/2302
  ███████████░░░░░░░░░░░░░░  45%  Streaming frame 818/2302
  ███████████░░░░░░░░░░░░░░  45%  Streaming frame 819/2302
  ███████████░░░░░░░░░░░░░░  45%  Streaming frame 820/2302
  ███████████░░░░░░░░░░░░░░  45%  Streaming frame 821/2302
  ███████████░░░░░░░░░░░░░░  45%  Streaming frame 822/2302
  ███████████░░░░░░░░░░░░░░  45%  Streaming frame 823/2302
  ███████████░░░░░░░░░░░░░░  45%  Streaming frame 824/2302
  ███████████░░░░░░░░░░░░░░  45%  Streaming frame 825/2302
  ███████████░░░░░░░░░░░░░░  45%  Streaming frame 826/2302
  ███████████░░░░░░░░░░░░░░  45%  Streaming frame 827/2302
  ███████████░░░░░░░░░░░░░░  45%  Streaming frame 828/2302
  ███████████░░░░░░░░░░░░░░  45%  Streaming frame 829/2302
  ███████████░░░░░░░░░░░░░░  45%  Streaming frame 830/2302
  ███████████░░░░░░░░░░░░░░  45%  Streaming frame 831/2302
  ███████████░░░░░░░░░░░░░░  45%  Streaming frame 832/2302
  ███████████░░░░░░░░░░░░░░  45%  Streaming frame 833/2302
  ███████████░░░░░░░░░░░░░░  45%  Streaming frame 834/2302
  ███████████░░░░░░░░░░░░░░  45%  Streaming frame 835/2302
  ███████████░░░░░░░░░░░░░░  45%  Streaming frame 836/2302
  ███████████░░░░░░░░░░░░░░  45%  Streaming frame 837/2302
  ███████████░░░░░░░░░░░░░░  45%  Streaming frame 838/2302
  ███████████░░░░░░░░░░░░░░  45%  Streaming frame 839/2302
  ███████████░░░░░░░░░░░░░░  45%  Streaming frame 840/2302
  ███████████░░░░░░░░░░░░░░  45%  Streaming frame 841/2302
  ███████████░░░░░░░░░░░░░░  45%  Streaming frame 842/2302
  ███████████░░░░░░░░░░░░░░  45%  Streaming frame 843/2302
  ███████████░░░░░░░░░░░░░░  45%  Streaming frame 844/2302
  ███████████░░░░░░░░░░░░░░  45%  Streaming frame 845/2302
  ███████████░░░░░░░░░░░░░░  45%  Streaming frame 846/2302
  ███████████░░░░░░░░░░░░░░  45%  Streaming frame 847/2302
  ███████████░░░░░░░░░░░░░░  45%  Streaming frame 848/2302
  ███████████░░░░░░░░░░░░░░  45%  Streaming frame 849/2302
  ███████████░░░░░░░░░░░░░░  45%  Streaming frame 850/2302
  ███████████░░░░░░░░░░░░░░  45%  Streaming frame 851/2302
  ███████████░░░░░░░░░░░░░░  45%  Streaming frame 852/2302
  ███████████░░░░░░░░░░░░░░  45%  Streaming frame 853/2302
  ███████████░░░░░░░░░░░░░░  45%  Streaming frame 854/2302
  ███████████░░░░░░░░░░░░░░  45%  Streaming frame 855/2302
  ███████████░░░░░░░░░░░░░░  45%  Streaming frame 856/2302
  ███████████░░░░░░░░░░░░░░  45%  Streaming frame 857/2302
  ███████████░░░░░░░░░░░░░░  45%  Streaming frame 858/2302
  ███████████░░░░░░░░░░░░░░  46%  Streaming frame 859/2302
  ███████████░░░░░░░░░░░░░░  46%  Streaming frame 860/2302
  ███████████░░░░░░░░░░░░░░  46%  Streaming frame 861/2302
  ███████████░░░░░░░░░░░░░░  46%  Streaming frame 862/2302
  ███████████░░░░░░░░░░░░░░  46%  Streaming frame 863/2302
  ███████████░░░░░░░░░░░░░░  46%  Streaming frame 864/2302
  ███████████░░░░░░░░░░░░░░  46%  Streaming frame 865/2302
  ███████████░░░░░░░░░░░░░░  46%  Streaming frame 866/2302
  ███████████░░░░░░░░░░░░░░  46%  Streaming frame 867/2302
  ███████████░░░░░░░░░░░░░░  46%  Streaming frame 868/2302
  ███████████░░░░░░░░░░░░░░  46%  Streaming frame 869/2302
  ███████████░░░░░░░░░░░░░░  46%  Streaming frame 870/2302
  ███████████░░░░░░░░░░░░░░  46%  Streaming frame 871/2302
  ███████████░░░░░░░░░░░░░░  46%  Streaming frame 872/2302
  ███████████░░░░░░░░░░░░░░  46%  Streaming frame 873/2302
  ███████████░░░░░░░░░░░░░░  46%  Streaming frame 874/2302
  ███████████░░░░░░░░░░░░░░  46%  Streaming frame 875/2302
  ███████████░░░░░░░░░░░░░░  46%  Streaming frame 876/2302
  ███████████░░░░░░░░░░░░░░  46%  Streaming frame 877/2302
  ███████████░░░░░░░░░░░░░░  46%  Streaming frame 878/2302
  ███████████░░░░░░░░░░░░░░  46%  Streaming frame 879/2302
  ███████████░░░░░░░░░░░░░░  46%  Streaming frame 880/2302
  ███████████░░░░░░░░░░░░░░  46%  Streaming frame 881/2302
  ███████████░░░░░░░░░░░░░░  46%  Streaming frame 882/2302
  ███████████░░░░░░░░░░░░░░  46%  Streaming frame 883/2302
  ███████████░░░░░░░░░░░░░░  46%  Streaming frame 884/2302
  ███████████░░░░░░░░░░░░░░  46%  Streaming frame 885/2302
  ███████████░░░░░░░░░░░░░░  46%  Streaming frame 886/2302
  ███████████░░░░░░░░░░░░░░  46%  Streaming frame 887/2302
  ███████████░░░░░░░░░░░░░░  46%  Streaming frame 888/2302
  ███████████░░░░░░░░░░░░░░  46%  Streaming frame 889/2302
  ███████████░░░░░░░░░░░░░░  46%  Streaming frame 890/2302
  ███████████░░░░░░░░░░░░░░  46%  Streaming frame 891/2302
  ███████████░░░░░░░░░░░░░░  46%  Streaming frame 892/2302
  ███████████░░░░░░░░░░░░░░  46%  Streaming frame 893/2302
  ███████████░░░░░░░░░░░░░░  46%  Streaming frame 894/2302
  ███████████░░░░░░░░░░░░░░  46%  Streaming frame 895/2302
  ███████████░░░░░░░░░░░░░░  46%  Streaming frame 896/2302
  ███████████░░░░░░░░░░░░░░  46%  Streaming frame 897/2302
  ███████████░░░░░░░░░░░░░░  46%  Streaming frame 898/2302
  ███████████░░░░░░░░░░░░░░  46%  Streaming frame 899/2302
  ███████████░░░░░░░░░░░░░░  47%  Streaming frame 900/2302
  ███████████░░░░░░░░░░░░░░  47%  Streaming frame 901/2302
  ███████████░░░░░░░░░░░░░░  47%  Streaming frame 902/2302
  ███████████░░░░░░░░░░░░░░  47%  Streaming frame 903/2302
  ███████████░░░░░░░░░░░░░░  47%  Streaming frame 904/2302
  ███████████░░░░░░░░░░░░░░  47%  Streaming frame 905/2302
  ███████████░░░░░░░░░░░░░░  47%  Streaming frame 906/2302
  ███████████░░░░░░░░░░░░░░  47%  Streaming frame 907/2302
  ███████████░░░░░░░░░░░░░░  47%  Streaming frame 908/2302
  ███████████░░░░░░░░░░░░░░  47%  Streaming frame 909/2302
  ███████████░░░░░░░░░░░░░░  47%  Streaming frame 910/2302
  ███████████░░░░░░░░░░░░░░  47%  Streaming frame 911/2302
  ███████████░░░░░░░░░░░░░░  47%  Streaming frame 912/2302
  ███████████░░░░░░░░░░░░░░  47%  Streaming frame 913/2302
  ███████████░░░░░░░░░░░░░░  47%  Streaming frame 914/2302
  ███████████░░░░░░░░░░░░░░  47%  Streaming frame 915/2302
  ███████████░░░░░░░░░░░░░░  47%  Streaming frame 916/2302
  ███████████░░░░░░░░░░░░░░  47%  Streaming frame 917/2302
  ███████████░░░░░░░░░░░░░░  47%  Streaming frame 918/2302
  ███████████░░░░░░░░░░░░░░  47%  Streaming frame 919/2302
  ███████████░░░░░░░░░░░░░░  47%  Streaming frame 920/2302
  ███████████░░░░░░░░░░░░░░  47%  Streaming frame 921/2302
  ███████████░░░░░░░░░░░░░░  47%  Streaming frame 922/2302
  ███████████░░░░░░░░░░░░░░  47%  Streaming frame 923/2302
  ███████████░░░░░░░░░░░░░░  47%  Streaming frame 924/2302
  ███████████░░░░░░░░░░░░░░  47%  Streaming frame 925/2302
  ███████████░░░░░░░░░░░░░░  47%  Streaming frame 926/2302
  ███████████░░░░░░░░░░░░░░  47%  Streaming frame 927/2302
  ███████████░░░░░░░░░░░░░░  47%  Streaming frame 928/2302
  ███████████░░░░░░░░░░░░░░  47%  Streaming frame 929/2302
  ███████████░░░░░░░░░░░░░░  47%  Streaming frame 930/2302
  ███████████░░░░░░░░░░░░░░  47%  Streaming frame 931/2302
  ███████████░░░░░░░░░░░░░░  47%  Streaming frame 932/2302
  ███████████░░░░░░░░░░░░░░  47%  Streaming frame 933/2302
  ███████████░░░░░░░░░░░░░░  47%  Streaming frame 934/2302
  ███████████░░░░░░░░░░░░░░  47%  Streaming frame 935/2302
  ███████████░░░░░░░░░░░░░░  47%  Streaming frame 936/2302
  ███████████░░░░░░░░░░░░░░  47%  Streaming frame 937/2302
  ███████████░░░░░░░░░░░░░░  47%  Streaming frame 938/2302
  ███████████░░░░░░░░░░░░░░  47%  Streaming frame 939/2302
  ███████████░░░░░░░░░░░░░░  47%  Streaming frame 940/2302
  ███████████░░░░░░░░░░░░░░  47%  Streaming frame 941/2302
  ████████████░░░░░░░░░░░░░  48%  Streaming frame 942/2302
  ████████████░░░░░░░░░░░░░  48%  Streaming frame 943/2302
  ████████████░░░░░░░░░░░░░  48%  Streaming frame 944/2302
  ████████████░░░░░░░░░░░░░  48%  Streaming frame 945/2302
  ████████████░░░░░░░░░░░░░  48%  Streaming frame 946/2302
  ████████████░░░░░░░░░░░░░  48%  Streaming frame 947/2302
  ████████████░░░░░░░░░░░░░  48%  Streaming frame 948/2302
  ████████████░░░░░░░░░░░░░  48%  Streaming frame 949/2302
  ████████████░░░░░░░░░░░░░  48%  Streaming frame 950/2302
  ████████████░░░░░░░░░░░░░  48%  Streaming frame 951/2302
  ████████████░░░░░░░░░░░░░  48%  Streaming frame 952/2302
  ████████████░░░░░░░░░░░░░  48%  Streaming frame 953/2302
  ████████████░░░░░░░░░░░░░  48%  Streaming frame 954/2302
  ████████████░░░░░░░░░░░░░  48%  Streaming frame 955/2302
  ████████████░░░░░░░░░░░░░  48%  Streaming frame 956/2302
  ████████████░░░░░░░░░░░░░  48%  Streaming frame 957/2302
  ████████████░░░░░░░░░░░░░  48%  Streaming frame 958/2302
  ████████████░░░░░░░░░░░░░  48%  Streaming frame 959/2302
  ████████████░░░░░░░░░░░░░  48%  Streaming frame 960/2302
  ████████████░░░░░░░░░░░░░  48%  Streaming frame 961/2302
  ████████████░░░░░░░░░░░░░  48%  Streaming frame 962/2302
  ████████████░░░░░░░░░░░░░  48%  Streaming frame 963/2302
  ████████████░░░░░░░░░░░░░  48%  Streaming frame 964/2302
  ████████████░░░░░░░░░░░░░  48%  Streaming frame 965/2302
  ████████████░░░░░░░░░░░░░  48%  Streaming frame 966/2302
  ████████████░░░░░░░░░░░░░  48%  Streaming frame 967/2302
  ████████████░░░░░░░░░░░░░  48%  Streaming frame 968/2302
  ████████████░░░░░░░░░░░░░  48%  Streaming frame 969/2302
  ████████████░░░░░░░░░░░░░  48%  Streaming frame 970/2302
  ████████████░░░░░░░░░░░░░  48%  Streaming frame 971/2302
  ████████████░░░░░░░░░░░░░  48%  Streaming frame 972/2302
  ████████████░░░░░░░░░░░░░  48%  Streaming frame 973/2302
  ████████████░░░░░░░░░░░░░  48%  Streaming frame 974/2302
  ████████████░░░░░░░░░░░░░  48%  Streaming frame 975/2302
  ████████████░░░░░░░░░░░░░  48%  Streaming frame 976/2302
  ████████████░░░░░░░░░░░░░  48%  Streaming frame 977/2302
  ████████████░░░░░░░░░░░░░  48%  Streaming frame 978/2302
  ████████████░░░░░░░░░░░░░  48%  Streaming frame 979/2302
  ████████████░░░░░░░░░░░░░  48%  Streaming frame 980/2302
  ████████████░░░░░░░░░░░░░  48%  Streaming frame 981/2302
  ████████████░░░░░░░░░░░░░  48%  Streaming frame 982/2302
  ████████████░░░░░░░░░░░░░  48%  Streaming frame 983/2302
  ████████████░░░░░░░░░░░░░  49%  Streaming frame 984/2302
  ████████████░░░░░░░░░░░░░  49%  Streaming frame 985/2302
  ████████████░░░░░░░░░░░░░  49%  Streaming frame 986/2302
  ████████████░░░░░░░░░░░░░  49%  Streaming frame 987/2302
  ████████████░░░░░░░░░░░░░  49%  Streaming frame 988/2302
  ████████████░░░░░░░░░░░░░  49%  Streaming frame 989/2302
  ████████████░░░░░░░░░░░░░  49%  Streaming frame 990/2302
  ████████████░░░░░░░░░░░░░  49%  Streaming frame 991/2302
  ████████████░░░░░░░░░░░░░  49%  Streaming frame 992/2302
  ████████████░░░░░░░░░░░░░  49%  Streaming frame 993/2302
  ████████████░░░░░░░░░░░░░  49%  Streaming frame 994/2302
  ████████████░░░░░░░░░░░░░  49%  Streaming frame 995/2302
  ████████████░░░░░░░░░░░░░  49%  Streaming frame 996/2302
  ████████████░░░░░░░░░░░░░  49%  Streaming frame 997/2302
  ████████████░░░░░░░░░░░░░  49%  Streaming frame 998/2302
  ████████████░░░░░░░░░░░░░  49%  Streaming frame 999/2302
  ████████████░░░░░░░░░░░░░  49%  Streaming frame 1000/2302
  ████████████░░░░░░░░░░░░░  49%  Streaming frame 1001/2302
  ████████████░░░░░░░░░░░░░  49%  Streaming frame 1002/2302
  ████████████░░░░░░░░░░░░░  49%  Streaming frame 1003/2302
  ████████████░░░░░░░░░░░░░  49%  Streaming frame 1004/2302
  ████████████░░░░░░░░░░░░░  49%  Streaming frame 1005/2302
  ████████████░░░░░░░░░░░░░  49%  Streaming frame 1006/2302
  ████████████░░░░░░░░░░░░░  49%  Streaming frame 1007/2302
  ████████████░░░░░░░░░░░░░  49%  Streaming frame 1008/2302
  ████████████░░░░░░░░░░░░░  49%  Streaming frame 1009/2302
  ████████████░░░░░░░░░░░░░  49%  Streaming frame 1010/2302
  ████████████░░░░░░░░░░░░░  49%  Streaming frame 1011/2302
  ████████████░░░░░░░░░░░░░  49%  Streaming frame 1012/2302
  ████████████░░░░░░░░░░░░░  49%  Streaming frame 1013/2302
  ████████████░░░░░░░░░░░░░  49%  Streaming frame 1014/2302
  ████████████░░░░░░░░░░░░░  49%  Streaming frame 1015/2302
  ████████████░░░░░░░░░░░░░  49%  Streaming frame 1016/2302
  ████████████░░░░░░░░░░░░░  49%  Streaming frame 1017/2302
  ████████████░░░░░░░░░░░░░  49%  Streaming frame 1018/2302
  ████████████░░░░░░░░░░░░░  49%  Streaming frame 1019/2302
  ████████████░░░░░░░░░░░░░  49%  Streaming frame 1020/2302
  ████████████░░░░░░░░░░░░░  49%  Streaming frame 1021/2302
  ████████████░░░░░░░░░░░░░  49%  Streaming frame 1022/2302
  ████████████░░░░░░░░░░░░░  49%  Streaming frame 1023/2302
  ████████████░░░░░░░░░░░░░  49%  Streaming frame 1024/2302
  ████████████░░░░░░░░░░░░░  49%  Streaming frame 1025/2302
  ████████████░░░░░░░░░░░░░  50%  Streaming frame 1026/2302
  ████████████░░░░░░░░░░░░░  50%  Streaming frame 1027/2302
  ████████████░░░░░░░░░░░░░  50%  Streaming frame 1028/2302
  ████████████░░░░░░░░░░░░░  50%  Streaming frame 1029/2302
  ████████████░░░░░░░░░░░░░  50%  Streaming frame 1030/2302
  ████████████░░░░░░░░░░░░░  50%  Streaming frame 1031/2302
  ████████████░░░░░░░░░░░░░  50%  Streaming frame 1032/2302
  ████████████░░░░░░░░░░░░░  50%  Streaming frame 1033/2302
  ████████████░░░░░░░░░░░░░  50%  Streaming frame 1034/2302
  ████████████░░░░░░░░░░░░░  50%  Streaming frame 1035/2302
  ████████████░░░░░░░░░░░░░  50%  Streaming frame 1036/2302
  ████████████░░░░░░░░░░░░░  50%  Streaming frame 1037/2302
  ████████████░░░░░░░░░░░░░  50%  Streaming frame 1038/2302
  ████████████░░░░░░░░░░░░░  50%  Streaming frame 1039/2302
  ████████████░░░░░░░░░░░░░  50%  Streaming frame 1040/2302
  ████████████░░░░░░░░░░░░░  50%  Streaming frame 1041/2302
  ████████████░░░░░░░░░░░░░  50%  Streaming frame 1042/2302
  ████████████░░░░░░░░░░░░░  50%  Streaming frame 1043/2302
  ████████████░░░░░░░░░░░░░  50%  Streaming frame 1044/2302
  ████████████░░░░░░░░░░░░░  50%  Streaming frame 1045/2302
  ████████████░░░░░░░░░░░░░  50%  Streaming frame 1046/2302
  ████████████░░░░░░░░░░░░░  50%  Streaming frame 1047/2302
  ████████████░░░░░░░░░░░░░  50%  Streaming frame 1048/2302
  ████████████░░░░░░░░░░░░░  50%  Streaming frame 1049/2302
  ████████████░░░░░░░░░░░░░  50%  Streaming frame 1050/2302
  ████████████░░░░░░░░░░░░░  50%  Streaming frame 1051/2302
  ████████████░░░░░░░░░░░░░  50%  Streaming frame 1052/2302
  ████████████░░░░░░░░░░░░░  50%  Streaming frame 1053/2302
  ████████████░░░░░░░░░░░░░  50%  Streaming frame 1054/2302
  ████████████░░░░░░░░░░░░░  50%  Streaming frame 1055/2302
  ████████████░░░░░░░░░░░░░  50%  Streaming frame 1056/2302
  ████████████░░░░░░░░░░░░░  50%  Streaming frame 1057/2302
  ████████████░░░░░░░░░░░░░  50%  Streaming frame 1058/2302
  ████████████░░░░░░░░░░░░░  50%  Streaming frame 1059/2302
  ████████████░░░░░░░░░░░░░  50%  Streaming frame 1060/2302
  ████████████░░░░░░░░░░░░░  50%  Streaming frame 1061/2302
  ████████████░░░░░░░░░░░░░  50%  Streaming frame 1062/2302
  ████████████░░░░░░░░░░░░░  50%  Streaming frame 1063/2302
  ████████████░░░░░░░░░░░░░  50%  Streaming frame 1064/2302
  ████████████░░░░░░░░░░░░░  50%  Streaming frame 1065/2302
  ████████████░░░░░░░░░░░░░  50%  Streaming frame 1066/2302
  ████████████░░░░░░░░░░░░░  50%  Streaming frame 1067/2302
  ████████████░░░░░░░░░░░░░  51%  Streaming frame 1068/2302
  ████████████░░░░░░░░░░░░░  51%  Streaming frame 1069/2302
  ████████████░░░░░░░░░░░░░  51%  Streaming frame 1070/2302
  ████████████░░░░░░░░░░░░░  51%  Streaming frame 1071/2302
  ████████████░░░░░░░░░░░░░  51%  Streaming frame 1072/2302
  ████████████░░░░░░░░░░░░░  51%  Streaming frame 1073/2302
  ████████████░░░░░░░░░░░░░  51%  Streaming frame 1074/2302
  ████████████░░░░░░░░░░░░░  51%  Streaming frame 1075/2302
  ████████████░░░░░░░░░░░░░  51%  Streaming frame 1076/2302
  ████████████░░░░░░░░░░░░░  51%  Streaming frame 1077/2302
  ████████████░░░░░░░░░░░░░  51%  Streaming frame 1078/2302
  ████████████░░░░░░░░░░░░░  51%  Streaming frame 1079/2302
  ████████████░░░░░░░░░░░░░  51%  Streaming frame 1080/2302
  ████████████░░░░░░░░░░░░░  51%  Streaming frame 1081/2302
  ████████████░░░░░░░░░░░░░  51%  Streaming frame 1082/2302
  ████████████░░░░░░░░░░░░░  51%  Streaming frame 1083/2302
  ████████████░░░░░░░░░░░░░  51%  Streaming frame 1084/2302
  ████████████░░░░░░░░░░░░░  51%  Streaming frame 1085/2302
  ████████████░░░░░░░░░░░░░  51%  Streaming frame 1086/2302
  ████████████░░░░░░░░░░░░░  51%  Streaming frame 1087/2302
  ████████████░░░░░░░░░░░░░  51%  Streaming frame 1088/2302
  ████████████░░░░░░░░░░░░░  51%  Streaming frame 1089/2302
  ████████████░░░░░░░░░░░░░  51%  Streaming frame 1090/2302
  ████████████░░░░░░░░░░░░░  51%  Streaming frame 1091/2302
  ████████████░░░░░░░░░░░░░  51%  Streaming frame 1092/2302
  ████████████░░░░░░░░░░░░░  51%  Streaming frame 1093/2302
  ████████████░░░░░░░░░░░░░  51%  Streaming frame 1094/2302
  ████████████░░░░░░░░░░░░░  51%  Streaming frame 1095/2302
  ████████████░░░░░░░░░░░░░  51%  Streaming frame 1096/2302
  ████████████░░░░░░░░░░░░░  51%  Streaming frame 1097/2302
  ████████████░░░░░░░░░░░░░  51%  Streaming frame 1098/2302
  ████████████░░░░░░░░░░░░░  51%  Streaming frame 1099/2302
  ████████████░░░░░░░░░░░░░  51%  Streaming frame 1100/2302
  ████████████░░░░░░░░░░░░░  51%  Streaming frame 1101/2302
  ████████████░░░░░░░░░░░░░  51%  Streaming frame 1102/2302
  ████████████░░░░░░░░░░░░░  51%  Streaming frame 1103/2302
  ████████████░░░░░░░░░░░░░  51%  Streaming frame 1104/2302
  ████████████░░░░░░░░░░░░░  51%  Streaming frame 1105/2302
  ████████████░░░░░░░░░░░░░  51%  Streaming frame 1106/2302
  ████████████░░░░░░░░░░░░░  51%  Streaming frame 1107/2302
  ████████████░░░░░░░░░░░░░  51%  Streaming frame 1108/2302
  ████████████░░░░░░░░░░░░░  51%  Streaming frame 1109/2302
  █████████████░░░░░░░░░░░░  52%  Streaming frame 1110/2302
  █████████████░░░░░░░░░░░░  52%  Streaming frame 1111/2302
  █████████████░░░░░░░░░░░░  52%  Streaming frame 1112/2302
  █████████████░░░░░░░░░░░░  52%  Streaming frame 1113/2302
  █████████████░░░░░░░░░░░░  52%  Streaming frame 1114/2302
  █████████████░░░░░░░░░░░░  52%  Streaming frame 1115/2302
  █████████████░░░░░░░░░░░░  52%  Streaming frame 1116/2302
  █████████████░░░░░░░░░░░░  52%  Streaming frame 1117/2302
  █████████████░░░░░░░░░░░░  52%  Streaming frame 1118/2302
  █████████████░░░░░░░░░░░░  52%  Streaming frame 1119/2302
  █████████████░░░░░░░░░░░░  52%  Streaming frame 1120/2302
  █████████████░░░░░░░░░░░░  52%  Streaming frame 1121/2302
  █████████████░░░░░░░░░░░░  52%  Streaming frame 1122/2302
  █████████████░░░░░░░░░░░░  52%  Streaming frame 1123/2302
  █████████████░░░░░░░░░░░░  52%  Streaming frame 1124/2302
  █████████████░░░░░░░░░░░░  52%  Streaming frame 1125/2302
  █████████████░░░░░░░░░░░░  52%  Streaming frame 1126/2302
  █████████████░░░░░░░░░░░░  52%  Streaming frame 1127/2302
  █████████████░░░░░░░░░░░░  52%  Streaming frame 1128/2302
  █████████████░░░░░░░░░░░░  52%  Streaming frame 1129/2302
  █████████████░░░░░░░░░░░░  52%  Streaming frame 1130/2302
  █████████████░░░░░░░░░░░░  52%  Streaming frame 1131/2302
  █████████████░░░░░░░░░░░░  52%  Streaming frame 1132/2302
  █████████████░░░░░░░░░░░░  52%  Streaming frame 1133/2302
  █████████████░░░░░░░░░░░░  52%  Streaming frame 1134/2302
  █████████████░░░░░░░░░░░░  52%  Streaming frame 1135/2302
  █████████████░░░░░░░░░░░░  52%  Streaming frame 1136/2302
  █████████████░░░░░░░░░░░░  52%  Streaming frame 1137/2302
  █████████████░░░░░░░░░░░░  52%  Streaming frame 1138/2302
  █████████████░░░░░░░░░░░░  52%  Streaming frame 1139/2302
  █████████████░░░░░░░░░░░░  52%  Streaming frame 1140/2302
  █████████████░░░░░░░░░░░░  52%  Streaming frame 1141/2302
  █████████████░░░░░░░░░░░░  52%  Streaming frame 1142/2302
  █████████████░░░░░░░░░░░░  52%  Streaming frame 1143/2302
  █████████████░░░░░░░░░░░░  52%  Streaming frame 1144/2302
  █████████████░░░░░░░░░░░░  52%  Streaming frame 1145/2302
  █████████████░░░░░░░░░░░░  52%  Streaming frame 1146/2302
  █████████████░░░░░░░░░░░░  52%  Streaming frame 1147/2302
  █████████████░░░░░░░░░░░░  52%  Streaming frame 1148/2302
  █████████████░░░░░░░░░░░░  52%  Streaming frame 1149/2302
  █████████████░░░░░░░░░░░░  52%  Streaming frame 1150/2302
  █████████████░░░░░░░░░░░░  53%  Streaming frame 1151/2302
[INFO] [Render] drawElement self-verify passed {"renderJobId":"c610ef05-49e8-4070-965c-599b52b3f567","frame":1151,"psnrDb":74.9}
  █████████████░░░░░░░░░░░░  53%  Streaming frame 1152/2302
  █████████████░░░░░░░░░░░░  53%  Streaming frame 1153/2302
  █████████████░░░░░░░░░░░░  53%  Streaming frame 1154/2302
  █████████████░░░░░░░░░░░░  53%  Streaming frame 1155/2302
  █████████████░░░░░░░░░░░░  53%  Streaming frame 1156/2302
  █████████████░░░░░░░░░░░░  53%  Streaming frame 1157/2302
  █████████████░░░░░░░░░░░░  53%  Streaming frame 1158/2302
  █████████████░░░░░░░░░░░░  53%  Streaming frame 1159/2302
  █████████████░░░░░░░░░░░░  53%  Streaming frame 1160/2302
  █████████████░░░░░░░░░░░░  53%  Streaming frame 1161/2302
  █████████████░░░░░░░░░░░░  53%  Streaming frame 1162/2302
  █████████████░░░░░░░░░░░░  53%  Streaming frame 1163/2302
  █████████████░░░░░░░░░░░░  53%  Streaming frame 1164/2302
  █████████████░░░░░░░░░░░░  53%  Streaming frame 1165/2302
  █████████████░░░░░░░░░░░░  53%  Streaming frame 1166/2302
  █████████████░░░░░░░░░░░░  53%  Streaming frame 1167/2302
  █████████████░░░░░░░░░░░░  53%  Streaming frame 1168/2302
  █████████████░░░░░░░░░░░░  53%  Streaming frame 1169/2302
  █████████████░░░░░░░░░░░░  53%  Streaming frame 1170/2302
  █████████████░░░░░░░░░░░░  53%  Streaming frame 1171/2302
  █████████████░░░░░░░░░░░░  53%  Streaming frame 1172/2302
  █████████████░░░░░░░░░░░░  53%  Streaming frame 1173/2302
  █████████████░░░░░░░░░░░░  53%  Streaming frame 1174/2302
  █████████████░░░░░░░░░░░░  53%  Streaming frame 1175/2302
  █████████████░░░░░░░░░░░░  53%  Streaming frame 1176/2302
  █████████████░░░░░░░░░░░░  53%  Streaming frame 1177/2302
  █████████████░░░░░░░░░░░░  53%  Streaming frame 1178/2302
  █████████████░░░░░░░░░░░░  53%  Streaming frame 1179/2302
  █████████████░░░░░░░░░░░░  53%  Streaming frame 1180/2302
  █████████████░░░░░░░░░░░░  53%  Streaming frame 1181/2302
  █████████████░░░░░░░░░░░░  53%  Streaming frame 1182/2302
  █████████████░░░░░░░░░░░░  53%  Streaming frame 1183/2302
  █████████████░░░░░░░░░░░░  53%  Streaming frame 1184/2302
  █████████████░░░░░░░░░░░░  53%  Streaming frame 1185/2302
  █████████████░░░░░░░░░░░░  53%  Streaming frame 1186/2302
  █████████████░░░░░░░░░░░░  53%  Streaming frame 1187/2302
  █████████████░░░░░░░░░░░░  53%  Streaming frame 1188/2302
  █████████████░░░░░░░░░░░░  53%  Streaming frame 1189/2302
  █████████████░░░░░░░░░░░░  53%  Streaming frame 1190/2302
  █████████████░░░░░░░░░░░░  53%  Streaming frame 1191/2302
  █████████████░░░░░░░░░░░░  53%  Streaming frame 1192/2302
  █████████████░░░░░░░░░░░░  54%  Streaming frame 1193/2302
  █████████████░░░░░░░░░░░░  54%  Streaming frame 1194/2302
  █████████████░░░░░░░░░░░░  54%  Streaming frame 1195/2302
  █████████████░░░░░░░░░░░░  54%  Streaming frame 1196/2302
  █████████████░░░░░░░░░░░░  54%  Streaming frame 1197/2302
  █████████████░░░░░░░░░░░░  54%  Streaming frame 1198/2302
  █████████████░░░░░░░░░░░░  54%  Streaming frame 1199/2302
  █████████████░░░░░░░░░░░░  54%  Streaming frame 1200/2302
  █████████████░░░░░░░░░░░░  54%  Streaming frame 1201/2302
  █████████████░░░░░░░░░░░░  54%  Streaming frame 1202/2302
  █████████████░░░░░░░░░░░░  54%  Streaming frame 1203/2302
  █████████████░░░░░░░░░░░░  54%  Streaming frame 1204/2302
  █████████████░░░░░░░░░░░░  54%  Streaming frame 1205/2302
  █████████████░░░░░░░░░░░░  54%  Streaming frame 1206/2302
  █████████████░░░░░░░░░░░░  54%  Streaming frame 1207/2302
  █████████████░░░░░░░░░░░░  54%  Streaming frame 1208/2302
  █████████████░░░░░░░░░░░░  54%  Streaming frame 1209/2302
  █████████████░░░░░░░░░░░░  54%  Streaming frame 1210/2302
  █████████████░░░░░░░░░░░░  54%  Streaming frame 1211/2302
  █████████████░░░░░░░░░░░░  54%  Streaming frame 1212/2302
  █████████████░░░░░░░░░░░░  54%  Streaming frame 1213/2302
  █████████████░░░░░░░░░░░░  54%  Streaming frame 1214/2302
  █████████████░░░░░░░░░░░░  54%  Streaming frame 1215/2302
  █████████████░░░░░░░░░░░░  54%  Streaming frame 1216/2302
  █████████████░░░░░░░░░░░░  54%  Streaming frame 1217/2302
  █████████████░░░░░░░░░░░░  54%  Streaming frame 1218/2302
  █████████████░░░░░░░░░░░░  54%  Streaming frame 1219/2302
  █████████████░░░░░░░░░░░░  54%  Streaming frame 1220/2302
  █████████████░░░░░░░░░░░░  54%  Streaming frame 1221/2302
  █████████████░░░░░░░░░░░░  54%  Streaming frame 1222/2302
  █████████████░░░░░░░░░░░░  54%  Streaming frame 1223/2302
  █████████████░░░░░░░░░░░░  54%  Streaming frame 1224/2302
  █████████████░░░░░░░░░░░░  54%  Streaming frame 1225/2302
  █████████████░░░░░░░░░░░░  54%  Streaming frame 1226/2302
  █████████████░░░░░░░░░░░░  54%  Streaming frame 1227/2302
  █████████████░░░░░░░░░░░░  54%  Streaming frame 1228/2302
  █████████████░░░░░░░░░░░░  54%  Streaming frame 1229/2302
  █████████████░░░░░░░░░░░░  54%  Streaming frame 1230/2302
  █████████████░░░░░░░░░░░░  54%  Streaming frame 1231/2302
  █████████████░░░░░░░░░░░░  54%  Streaming frame 1232/2302
  █████████████░░░░░░░░░░░░  54%  Streaming frame 1233/2302
  █████████████░░░░░░░░░░░░  54%  Streaming frame 1234/2302
  █████████████░░░░░░░░░░░░  55%  Streaming frame 1235/2302
  █████████████░░░░░░░░░░░░  55%  Streaming frame 1236/2302
  █████████████░░░░░░░░░░░░  55%  Streaming frame 1237/2302
  █████████████░░░░░░░░░░░░  55%  Streaming frame 1238/2302
  █████████████░░░░░░░░░░░░  55%  Streaming frame 1239/2302
  █████████████░░░░░░░░░░░░  55%  Streaming frame 1240/2302
  █████████████░░░░░░░░░░░░  55%  Streaming frame 1241/2302
  █████████████░░░░░░░░░░░░  55%  Streaming frame 1242/2302
  █████████████░░░░░░░░░░░░  55%  Streaming frame 1243/2302
  █████████████░░░░░░░░░░░░  55%  Streaming frame 1244/2302
  █████████████░░░░░░░░░░░░  55%  Streaming frame 1245/2302
  █████████████░░░░░░░░░░░░  55%  Streaming frame 1246/2302
  █████████████░░░░░░░░░░░░  55%  Streaming frame 1247/2302
  █████████████░░░░░░░░░░░░  55%  Streaming frame 1248/2302
  █████████████░░░░░░░░░░░░  55%  Streaming frame 1249/2302
  █████████████░░░░░░░░░░░░  55%  Streaming frame 1250/2302
  █████████████░░░░░░░░░░░░  55%  Streaming frame 1251/2302
  █████████████░░░░░░░░░░░░  55%  Streaming frame 1252/2302
  █████████████░░░░░░░░░░░░  55%  Streaming frame 1253/2302
  █████████████░░░░░░░░░░░░  55%  Streaming frame 1254/2302
  █████████████░░░░░░░░░░░░  55%  Streaming frame 1255/2302
  █████████████░░░░░░░░░░░░  55%  Streaming frame 1256/2302
  █████████████░░░░░░░░░░░░  55%  Streaming frame 1257/2302
  █████████████░░░░░░░░░░░░  55%  Streaming frame 1258/2302
  █████████████░░░░░░░░░░░░  55%  Streaming frame 1259/2302
  █████████████░░░░░░░░░░░░  55%  Streaming frame 1260/2302
  █████████████░░░░░░░░░░░░  55%  Streaming frame 1261/2302
  █████████████░░░░░░░░░░░░  55%  Streaming frame 1262/2302
  █████████████░░░░░░░░░░░░  55%  Streaming frame 1263/2302
  █████████████░░░░░░░░░░░░  55%  Streaming frame 1264/2302
  █████████████░░░░░░░░░░░░  55%  Streaming frame 1265/2302
  █████████████░░░░░░░░░░░░  55%  Streaming frame 1266/2302
  █████████████░░░░░░░░░░░░  55%  Streaming frame 1267/2302
  █████████████░░░░░░░░░░░░  55%  Streaming frame 1268/2302
  █████████████░░░░░░░░░░░░  55%  Streaming frame 1269/2302
  █████████████░░░░░░░░░░░░  55%  Streaming frame 1270/2302
  █████████████░░░░░░░░░░░░  55%  Streaming frame 1271/2302
  █████████████░░░░░░░░░░░░  55%  Streaming frame 1272/2302
  █████████████░░░░░░░░░░░░  55%  Streaming frame 1273/2302
  █████████████░░░░░░░░░░░░  55%  Streaming frame 1274/2302
  █████████████░░░░░░░░░░░░  55%  Streaming frame 1275/2302
  █████████████░░░░░░░░░░░░  55%  Streaming frame 1276/2302
  ██████████████░░░░░░░░░░░  56%  Streaming frame 1277/2302
  ██████████████░░░░░░░░░░░  56%  Streaming frame 1278/2302
  ██████████████░░░░░░░░░░░  56%  Streaming frame 1279/2302
  ██████████████░░░░░░░░░░░  56%  Streaming frame 1280/2302
  ██████████████░░░░░░░░░░░  56%  Streaming frame 1281/2302
  ██████████████░░░░░░░░░░░  56%  Streaming frame 1282/2302
  ██████████████░░░░░░░░░░░  56%  Streaming frame 1283/2302
  ██████████████░░░░░░░░░░░  56%  Streaming frame 1284/2302
  ██████████████░░░░░░░░░░░  56%  Streaming frame 1285/2302
  ██████████████░░░░░░░░░░░  56%  Streaming frame 1286/2302
  ██████████████░░░░░░░░░░░  56%  Streaming frame 1287/2302
  ██████████████░░░░░░░░░░░  56%  Streaming frame 1288/2302
  ██████████████░░░░░░░░░░░  56%  Streaming frame 1289/2302
  ██████████████░░░░░░░░░░░  56%  Streaming frame 1290/2302
  ██████████████░░░░░░░░░░░  56%  Streaming frame 1291/2302
  ██████████████░░░░░░░░░░░  56%  Streaming frame 1292/2302
  ██████████████░░░░░░░░░░░  56%  Streaming frame 1293/2302
  ██████████████░░░░░░░░░░░  56%  Streaming frame 1294/2302
  ██████████████░░░░░░░░░░░  56%  Streaming frame 1295/2302
  ██████████████░░░░░░░░░░░  56%  Streaming frame 1296/2302
  ██████████████░░░░░░░░░░░  56%  Streaming frame 1297/2302
  ██████████████░░░░░░░░░░░  56%  Streaming frame 1298/2302
  ██████████████░░░░░░░░░░░  56%  Streaming frame 1299/2302
  ██████████████░░░░░░░░░░░  56%  Streaming frame 1300/2302
  ██████████████░░░░░░░░░░░  56%  Streaming frame 1301/2302
  ██████████████░░░░░░░░░░░  56%  Streaming frame 1302/2302
  ██████████████░░░░░░░░░░░  56%  Streaming frame 1303/2302
  ██████████████░░░░░░░░░░░  56%  Streaming frame 1304/2302
  ██████████████░░░░░░░░░░░  56%  Streaming frame 1305/2302
  ██████████████░░░░░░░░░░░  56%  Streaming frame 1306/2302
  ██████████████░░░░░░░░░░░  56%  Streaming frame 1307/2302
  ██████████████░░░░░░░░░░░  56%  Streaming frame 1308/2302
  ██████████████░░░░░░░░░░░  56%  Streaming frame 1309/2302
  ██████████████░░░░░░░░░░░  56%  Streaming frame 1310/2302
  ██████████████░░░░░░░░░░░  56%  Streaming frame 1311/2302
  ██████████████░░░░░░░░░░░  56%  Streaming frame 1312/2302
  ██████████████░░░░░░░░░░░  56%  Streaming frame 1313/2302
  ██████████████░░░░░░░░░░░  56%  Streaming frame 1314/2302
  ██████████████░░░░░░░░░░░  56%  Streaming frame 1315/2302
  ██████████████░░░░░░░░░░░  56%  Streaming frame 1316/2302
  ██████████████░░░░░░░░░░░  56%  Streaming frame 1317/2302
  ██████████████░░░░░░░░░░░  56%  Streaming frame 1318/2302
  ██████████████░░░░░░░░░░░  57%  Streaming frame 1319/2302
  ██████████████░░░░░░░░░░░  57%  Streaming frame 1320/2302
  ██████████████░░░░░░░░░░░  57%  Streaming frame 1321/2302
  ██████████████░░░░░░░░░░░  57%  Streaming frame 1322/2302
  ██████████████░░░░░░░░░░░  57%  Streaming frame 1323/2302
  ██████████████░░░░░░░░░░░  57%  Streaming frame 1324/2302
  ██████████████░░░░░░░░░░░  57%  Streaming frame 1325/2302
  ██████████████░░░░░░░░░░░  57%  Streaming frame 1326/2302
  ██████████████░░░░░░░░░░░  57%  Streaming frame 1327/2302
  ██████████████░░░░░░░░░░░  57%  Streaming frame 1328/2302
  ██████████████░░░░░░░░░░░  57%  Streaming frame 1329/2302
  ██████████████░░░░░░░░░░░  57%  Streaming frame 1330/2302
  ██████████████░░░░░░░░░░░  57%  Streaming frame 1331/2302
  ██████████████░░░░░░░░░░░  57%  Streaming frame 1332/2302
  ██████████████░░░░░░░░░░░  57%  Streaming frame 1333/2302
  ██████████████░░░░░░░░░░░  57%  Streaming frame 1334/2302
  ██████████████░░░░░░░░░░░  57%  Streaming frame 1335/2302
  ██████████████░░░░░░░░░░░  57%  Streaming frame 1336/2302
  ██████████████░░░░░░░░░░░  57%  Streaming frame 1337/2302
  ██████████████░░░░░░░░░░░  57%  Streaming frame 1338/2302
  ██████████████░░░░░░░░░░░  57%  Streaming frame 1339/2302
  ██████████████░░░░░░░░░░░  57%  Streaming frame 1340/2302
  ██████████████░░░░░░░░░░░  57%  Streaming frame 1341/2302
  ██████████████░░░░░░░░░░░  57%  Streaming frame 1342/2302
  ██████████████░░░░░░░░░░░  57%  Streaming frame 1343/2302
  ██████████████░░░░░░░░░░░  57%  Streaming frame 1344/2302
  ██████████████░░░░░░░░░░░  57%  Streaming frame 1345/2302
  ██████████████░░░░░░░░░░░  57%  Streaming frame 1346/2302
  ██████████████░░░░░░░░░░░  57%  Streaming frame 1347/2302
  ██████████████░░░░░░░░░░░  57%  Streaming frame 1348/2302
  ██████████████░░░░░░░░░░░  57%  Streaming frame 1349/2302
  ██████████████░░░░░░░░░░░  57%  Streaming frame 1350/2302
  ██████████████░░░░░░░░░░░  57%  Streaming frame 1351/2302
  ██████████████░░░░░░░░░░░  57%  Streaming frame 1352/2302
  ██████████████░░░░░░░░░░░  57%  Streaming frame 1353/2302
  ██████████████░░░░░░░░░░░  57%  Streaming frame 1354/2302
  ██████████████░░░░░░░░░░░  57%  Streaming frame 1355/2302
  ██████████████░░░░░░░░░░░  57%  Streaming frame 1356/2302
  ██████████████░░░░░░░░░░░  57%  Streaming frame 1357/2302
  ██████████████░░░░░░░░░░░  57%  Streaming frame 1358/2302
  ██████████████░░░░░░░░░░░  57%  Streaming frame 1359/2302
  ██████████████░░░░░░░░░░░  57%  Streaming frame 1360/2302
  ██████████████░░░░░░░░░░░  58%  Streaming frame 1361/2302
  ██████████████░░░░░░░░░░░  58%  Streaming frame 1362/2302
  ██████████████░░░░░░░░░░░  58%  Streaming frame 1363/2302
  ██████████████░░░░░░░░░░░  58%  Streaming frame 1364/2302
  ██████████████░░░░░░░░░░░  58%  Streaming frame 1365/2302
  ██████████████░░░░░░░░░░░  58%  Streaming frame 1366/2302
  ██████████████░░░░░░░░░░░  58%  Streaming frame 1367/2302
  ██████████████░░░░░░░░░░░  58%  Streaming frame 1368/2302
  ██████████████░░░░░░░░░░░  58%  Streaming frame 1369/2302
  ██████████████░░░░░░░░░░░  58%  Streaming frame 1370/2302
  ██████████████░░░░░░░░░░░  58%  Streaming frame 1371/2302
  ██████████████░░░░░░░░░░░  58%  Streaming frame 1372/2302
  ██████████████░░░░░░░░░░░  58%  Streaming frame 1373/2302
  ██████████████░░░░░░░░░░░  58%  Streaming frame 1374/2302
  ██████████████░░░░░░░░░░░  58%  Streaming frame 1375/2302
  ██████████████░░░░░░░░░░░  58%  Streaming frame 1376/2302
  ██████████████░░░░░░░░░░░  58%  Streaming frame 1377/2302
  ██████████████░░░░░░░░░░░  58%  Streaming frame 1378/2302
  ██████████████░░░░░░░░░░░  58%  Streaming frame 1379/2302
  ██████████████░░░░░░░░░░░  58%  Streaming frame 1380/2302
  ██████████████░░░░░░░░░░░  58%  Streaming frame 1381/2302
  ██████████████░░░░░░░░░░░  58%  Streaming frame 1382/2302
  ██████████████░░░░░░░░░░░  58%  Streaming frame 1383/2302
  ██████████████░░░░░░░░░░░  58%  Streaming frame 1384/2302
  ██████████████░░░░░░░░░░░  58%  Streaming frame 1385/2302
  ██████████████░░░░░░░░░░░  58%  Streaming frame 1386/2302
  ██████████████░░░░░░░░░░░  58%  Streaming frame 1387/2302
  ██████████████░░░░░░░░░░░  58%  Streaming frame 1388/2302
  ██████████████░░░░░░░░░░░  58%  Streaming frame 1389/2302
  ██████████████░░░░░░░░░░░  58%  Streaming frame 1390/2302
  ██████████████░░░░░░░░░░░  58%  Streaming frame 1391/2302
  ██████████████░░░░░░░░░░░  58%  Streaming frame 1392/2302
  ██████████████░░░░░░░░░░░  58%  Streaming frame 1393/2302
  ██████████████░░░░░░░░░░░  58%  Streaming frame 1394/2302
  ██████████████░░░░░░░░░░░  58%  Streaming frame 1395/2302
  ██████████████░░░░░░░░░░░  58%  Streaming frame 1396/2302
  ██████████████░░░░░░░░░░░  58%  Streaming frame 1397/2302
  ██████████████░░░░░░░░░░░  58%  Streaming frame 1398/2302
  ██████████████░░░░░░░░░░░  58%  Streaming frame 1399/2302
  ██████████████░░░░░░░░░░░  58%  Streaming frame 1400/2302
  ██████████████░░░░░░░░░░░  58%  Streaming frame 1401/2302
  ██████████████░░░░░░░░░░░  58%  Streaming frame 1402/2302
  ██████████████░░░░░░░░░░░  59%  Streaming frame 1403/2302
  ██████████████░░░░░░░░░░░  59%  Streaming frame 1404/2302
  ██████████████░░░░░░░░░░░  59%  Streaming frame 1405/2302
  ██████████████░░░░░░░░░░░  59%  Streaming frame 1406/2302
  ██████████████░░░░░░░░░░░  59%  Streaming frame 1407/2302
  ██████████████░░░░░░░░░░░  59%  Streaming frame 1408/2302
  ██████████████░░░░░░░░░░░  59%  Streaming frame 1409/2302
  ██████████████░░░░░░░░░░░  59%  Streaming frame 1410/2302
  ██████████████░░░░░░░░░░░  59%  Streaming frame 1411/2302
  ██████████████░░░░░░░░░░░  59%  Streaming frame 1412/2302
  ██████████████░░░░░░░░░░░  59%  Streaming frame 1413/2302
  ██████████████░░░░░░░░░░░  59%  Streaming frame 1414/2302
  ██████████████░░░░░░░░░░░  59%  Streaming frame 1415/2302
  ██████████████░░░░░░░░░░░  59%  Streaming frame 1416/2302
  ██████████████░░░░░░░░░░░  59%  Streaming frame 1417/2302
  ██████████████░░░░░░░░░░░  59%  Streaming frame 1418/2302
  ██████████████░░░░░░░░░░░  59%  Streaming frame 1419/2302
  ██████████████░░░░░░░░░░░  59%  Streaming frame 1420/2302
  ██████████████░░░░░░░░░░░  59%  Streaming frame 1421/2302
  ██████████████░░░░░░░░░░░  59%  Streaming frame 1422/2302
  ██████████████░░░░░░░░░░░  59%  Streaming frame 1423/2302
  ██████████████░░░░░░░░░░░  59%  Streaming frame 1424/2302
  ██████████████░░░░░░░░░░░  59%  Streaming frame 1425/2302
  ██████████████░░░░░░░░░░░  59%  Streaming frame 1426/2302
  ██████████████░░░░░░░░░░░  59%  Streaming frame 1427/2302
  ██████████████░░░░░░░░░░░  59%  Streaming frame 1428/2302
  ██████████████░░░░░░░░░░░  59%  Streaming frame 1429/2302
  ██████████████░░░░░░░░░░░  59%  Streaming frame 1430/2302
  ██████████████░░░░░░░░░░░  59%  Streaming frame 1431/2302
  ██████████████░░░░░░░░░░░  59%  Streaming frame 1432/2302
  ██████████████░░░░░░░░░░░  59%  Streaming frame 1433/2302
  ██████████████░░░░░░░░░░░  59%  Streaming frame 1434/2302
  ██████████████░░░░░░░░░░░  59%  Streaming frame 1435/2302
  ██████████████░░░░░░░░░░░  59%  Streaming frame 1436/2302
  ██████████████░░░░░░░░░░░  59%  Streaming frame 1437/2302
  ██████████████░░░░░░░░░░░  59%  Streaming frame 1438/2302
  ██████████████░░░░░░░░░░░  59%  Streaming frame 1439/2302
  ██████████████░░░░░░░░░░░  59%  Streaming frame 1440/2302
  ██████████████░░░░░░░░░░░  59%  Streaming frame 1441/2302
  ██████████████░░░░░░░░░░░  59%  Streaming frame 1442/2302
  ██████████████░░░░░░░░░░░  59%  Streaming frame 1443/2302
  ███████████████░░░░░░░░░░  60%  Streaming frame 1444/2302
  ███████████████░░░░░░░░░░  60%  Streaming frame 1445/2302
  ███████████████░░░░░░░░░░  60%  Streaming frame 1446/2302
  ███████████████░░░░░░░░░░  60%  Streaming frame 1447/2302
  ███████████████░░░░░░░░░░  60%  Streaming frame 1448/2302
  ███████████████░░░░░░░░░░  60%  Streaming frame 1449/2302
  ███████████████░░░░░░░░░░  60%  Streaming frame 1450/2302
  ███████████████░░░░░░░░░░  60%  Streaming frame 1451/2302
  ███████████████░░░░░░░░░░  60%  Streaming frame 1452/2302
  ███████████████░░░░░░░░░░  60%  Streaming frame 1453/2302
  ███████████████░░░░░░░░░░  60%  Streaming frame 1454/2302
  ███████████████░░░░░░░░░░  60%  Streaming frame 1455/2302
  ███████████████░░░░░░░░░░  60%  Streaming frame 1456/2302
  ███████████████░░░░░░░░░░  60%  Streaming frame 1457/2302
  ███████████████░░░░░░░░░░  60%  Streaming frame 1458/2302
  ███████████████░░░░░░░░░░  60%  Streaming frame 1459/2302
  ███████████████░░░░░░░░░░  60%  Streaming frame 1460/2302
  ███████████████░░░░░░░░░░  60%  Streaming frame 1461/2302
  ███████████████░░░░░░░░░░  60%  Streaming frame 1462/2302
  ███████████████░░░░░░░░░░  60%  Streaming frame 1463/2302
  ███████████████░░░░░░░░░░  60%  Streaming frame 1464/2302
  ███████████████░░░░░░░░░░  60%  Streaming frame 1465/2302
  ███████████████░░░░░░░░░░  60%  Streaming frame 1466/2302
  ███████████████░░░░░░░░░░  60%  Streaming frame 1467/2302
  ███████████████░░░░░░░░░░  60%  Streaming frame 1468/2302
  ███████████████░░░░░░░░░░  60%  Streaming frame 1469/2302
  ███████████████░░░░░░░░░░  60%  Streaming frame 1470/2302
  ███████████████░░░░░░░░░░  60%  Streaming frame 1471/2302
  ███████████████░░░░░░░░░░  60%  Streaming frame 1472/2302
  ███████████████░░░░░░░░░░  60%  Streaming frame 1473/2302
  ███████████████░░░░░░░░░░  60%  Streaming frame 1474/2302
  ███████████████░░░░░░░░░░  60%  Streaming frame 1475/2302
  ███████████████░░░░░░░░░░  60%  Streaming frame 1476/2302
  ███████████████░░░░░░░░░░  60%  Streaming frame 1477/2302
  ███████████████░░░░░░░░░░  60%  Streaming frame 1478/2302
  ███████████████░░░░░░░░░░  60%  Streaming frame 1479/2302
  ███████████████░░░░░░░░░░  60%  Streaming frame 1480/2302
  ███████████████░░░░░░░░░░  60%  Streaming frame 1481/2302
  ███████████████░░░░░░░░░░  60%  Streaming frame 1482/2302
  ███████████████░░░░░░░░░░  60%  Streaming frame 1483/2302
  ███████████████░░░░░░░░░░  60%  Streaming frame 1484/2302
  ███████████████░░░░░░░░░░  60%  Streaming frame 1485/2302
  ███████████████░░░░░░░░░░  61%  Streaming frame 1486/2302
  ███████████████░░░░░░░░░░  61%  Streaming frame 1487/2302
  ███████████████░░░░░░░░░░  61%  Streaming frame 1488/2302
  ███████████████░░░░░░░░░░  61%  Streaming frame 1489/2302
  ███████████████░░░░░░░░░░  61%  Streaming frame 1490/2302
  ███████████████░░░░░░░░░░  61%  Streaming frame 1491/2302
  ███████████████░░░░░░░░░░  61%  Streaming frame 1492/2302
  ███████████████░░░░░░░░░░  61%  Streaming frame 1493/2302
  ███████████████░░░░░░░░░░  61%  Streaming frame 1494/2302
  ███████████████░░░░░░░░░░  61%  Streaming frame 1495/2302
  ███████████████░░░░░░░░░░  61%  Streaming frame 1496/2302
  ███████████████░░░░░░░░░░  61%  Streaming frame 1497/2302
  ███████████████░░░░░░░░░░  61%  Streaming frame 1498/2302
  ███████████████░░░░░░░░░░  61%  Streaming frame 1499/2302
  ███████████████░░░░░░░░░░  61%  Streaming frame 1500/2302
  ███████████████░░░░░░░░░░  61%  Streaming frame 1501/2302
  ███████████████░░░░░░░░░░  61%  Streaming frame 1502/2302
  ███████████████░░░░░░░░░░  61%  Streaming frame 1503/2302
  ███████████████░░░░░░░░░░  61%  Streaming frame 1504/2302
  ███████████████░░░░░░░░░░  61%  Streaming frame 1505/2302
  ███████████████░░░░░░░░░░  61%  Streaming frame 1506/2302
  ███████████████░░░░░░░░░░  61%  Streaming frame 1507/2302
  ███████████████░░░░░░░░░░  61%  Streaming frame 1508/2302
  ███████████████░░░░░░░░░░  61%  Streaming frame 1509/2302
  ███████████████░░░░░░░░░░  61%  Streaming frame 1510/2302
  ███████████████░░░░░░░░░░  61%  Streaming frame 1511/2302
  ███████████████░░░░░░░░░░  61%  Streaming frame 1512/2302
  ███████████████░░░░░░░░░░  61%  Streaming frame 1513/2302
  ███████████████░░░░░░░░░░  61%  Streaming frame 1514/2302
  ███████████████░░░░░░░░░░  61%  Streaming frame 1515/2302
  ███████████████░░░░░░░░░░  61%  Streaming frame 1516/2302
  ███████████████░░░░░░░░░░  61%  Streaming frame 1517/2302
  ███████████████░░░░░░░░░░  61%  Streaming frame 1518/2302
  ███████████████░░░░░░░░░░  61%  Streaming frame 1519/2302
  ███████████████░░░░░░░░░░  61%  Streaming frame 1520/2302
  ███████████████░░░░░░░░░░  61%  Streaming frame 1521/2302
  ███████████████░░░░░░░░░░  61%  Streaming frame 1522/2302
  ███████████████░░░░░░░░░░  61%  Streaming frame 1523/2302
  ███████████████░░░░░░░░░░  61%  Streaming frame 1524/2302
  ███████████████░░░░░░░░░░  61%  Streaming frame 1525/2302
  ███████████████░░░░░░░░░░  61%  Streaming frame 1526/2302
  ███████████████░░░░░░░░░░  61%  Streaming frame 1527/2302
  ███████████████░░░░░░░░░░  62%  Streaming frame 1528/2302
  ███████████████░░░░░░░░░░  62%  Streaming frame 1529/2302
  ███████████████░░░░░░░░░░  62%  Streaming frame 1530/2302
  ███████████████░░░░░░░░░░  62%  Streaming frame 1531/2302
  ███████████████░░░░░░░░░░  62%  Streaming frame 1532/2302
  ███████████████░░░░░░░░░░  62%  Streaming frame 1533/2302
  ███████████████░░░░░░░░░░  62%  Streaming frame 1534/2302
  ███████████████░░░░░░░░░░  62%  Streaming frame 1535/2302
  ███████████████░░░░░░░░░░  62%  Streaming frame 1536/2302
  ███████████████░░░░░░░░░░  62%  Streaming frame 1537/2302
  ███████████████░░░░░░░░░░  62%  Streaming frame 1538/2302
  ███████████████░░░░░░░░░░  62%  Streaming frame 1539/2302
  ███████████████░░░░░░░░░░  62%  Streaming frame 1540/2302
  ███████████████░░░░░░░░░░  62%  Streaming frame 1541/2302
  ███████████████░░░░░░░░░░  62%  Streaming frame 1542/2302
  ███████████████░░░░░░░░░░  62%  Streaming frame 1543/2302
  ███████████████░░░░░░░░░░  62%  Streaming frame 1544/2302
  ███████████████░░░░░░░░░░  62%  Streaming frame 1545/2302
  ███████████████░░░░░░░░░░  62%  Streaming frame 1546/2302
  ███████████████░░░░░░░░░░  62%  Streaming frame 1547/2302
  ███████████████░░░░░░░░░░  62%  Streaming frame 1548/2302
  ███████████████░░░░░░░░░░  62%  Streaming frame 1549/2302
  ███████████████░░░░░░░░░░  62%  Streaming frame 1550/2302
  ███████████████░░░░░░░░░░  62%  Streaming frame 1551/2302
  ███████████████░░░░░░░░░░  62%  Streaming frame 1552/2302
  ███████████████░░░░░░░░░░  62%  Streaming frame 1553/2302
  ███████████████░░░░░░░░░░  62%  Streaming frame 1554/2302
  ███████████████░░░░░░░░░░  62%  Streaming frame 1555/2302
  ███████████████░░░░░░░░░░  62%  Streaming frame 1556/2302
  ███████████████░░░░░░░░░░  62%  Streaming frame 1557/2302
  ███████████████░░░░░░░░░░  62%  Streaming frame 1558/2302
  ███████████████░░░░░░░░░░  62%  Streaming frame 1559/2302
  ███████████████░░░░░░░░░░  62%  Streaming frame 1560/2302
  ███████████████░░░░░░░░░░  62%  Streaming frame 1561/2302
  ███████████████░░░░░░░░░░  62%  Streaming frame 1562/2302
  ███████████████░░░░░░░░░░  62%  Streaming frame 1563/2302
  ███████████████░░░░░░░░░░  62%  Streaming frame 1564/2302
  ███████████████░░░░░░░░░░  62%  Streaming frame 1565/2302
  ███████████████░░░░░░░░░░  62%  Streaming frame 1566/2302
  ███████████████░░░░░░░░░░  62%  Streaming frame 1567/2302
  ███████████████░░░░░░░░░░  62%  Streaming frame 1568/2302
  ███████████████░░░░░░░░░░  62%  Streaming frame 1569/2302
  ███████████████░░░░░░░░░░  63%  Streaming frame 1570/2302
  ███████████████░░░░░░░░░░  63%  Streaming frame 1571/2302
  ███████████████░░░░░░░░░░  63%  Streaming frame 1572/2302
  ███████████████░░░░░░░░░░  63%  Streaming frame 1573/2302
  ███████████████░░░░░░░░░░  63%  Streaming frame 1574/2302
  ███████████████░░░░░░░░░░  63%  Streaming frame 1575/2302
  ███████████████░░░░░░░░░░  63%  Streaming frame 1576/2302
  ███████████████░░░░░░░░░░  63%  Streaming frame 1577/2302
  ███████████████░░░░░░░░░░  63%  Streaming frame 1578/2302
  ███████████████░░░░░░░░░░  63%  Streaming frame 1579/2302
  ███████████████░░░░░░░░░░  63%  Streaming frame 1580/2302
  ███████████████░░░░░░░░░░  63%  Streaming frame 1581/2302
  ███████████████░░░░░░░░░░  63%  Streaming frame 1582/2302
  ███████████████░░░░░░░░░░  63%  Streaming frame 1583/2302
  ███████████████░░░░░░░░░░  63%  Streaming frame 1584/2302
  ███████████████░░░░░░░░░░  63%  Streaming frame 1585/2302
  ███████████████░░░░░░░░░░  63%  Streaming frame 1586/2302
  ███████████████░░░░░░░░░░  63%  Streaming frame 1587/2302
  ███████████████░░░░░░░░░░  63%  Streaming frame 1588/2302
  ███████████████░░░░░░░░░░  63%  Streaming frame 1589/2302
  ███████████████░░░░░░░░░░  63%  Streaming frame 1590/2302
  ███████████████░░░░░░░░░░  63%  Streaming frame 1591/2302
  ███████████████░░░░░░░░░░  63%  Streaming frame 1592/2302
  ███████████████░░░░░░░░░░  63%  Streaming frame 1593/2302
  ███████████████░░░░░░░░░░  63%  Streaming frame 1594/2302
  ███████████████░░░░░░░░░░  63%  Streaming frame 1595/2302
  ███████████████░░░░░░░░░░  63%  Streaming frame 1596/2302
  ███████████████░░░░░░░░░░  63%  Streaming frame 1597/2302
  ███████████████░░░░░░░░░░  63%  Streaming frame 1598/2302
  ███████████████░░░░░░░░░░  63%  Streaming frame 1599/2302
  ███████████████░░░░░░░░░░  63%  Streaming frame 1600/2302
  ███████████████░░░░░░░░░░  63%  Streaming frame 1601/2302
  ███████████████░░░░░░░░░░  63%  Streaming frame 1602/2302
  ███████████████░░░░░░░░░░  63%  Streaming frame 1603/2302
  ███████████████░░░░░░░░░░  63%  Streaming frame 1604/2302
  ███████████████░░░░░░░░░░  63%  Streaming frame 1605/2302
  ███████████████░░░░░░░░░░  63%  Streaming frame 1606/2302
  ███████████████░░░░░░░░░░  63%  Streaming frame 1607/2302
  ███████████████░░░░░░░░░░  63%  Streaming frame 1608/2302
  ███████████████░░░░░░░░░░  63%  Streaming frame 1609/2302
  ███████████████░░░░░░░░░░  63%  Streaming frame 1610/2302
  ███████████████░░░░░░░░░░  63%  Streaming frame 1611/2302
  ████████████████░░░░░░░░░  64%  Streaming frame 1612/2302
  ████████████████░░░░░░░░░  64%  Streaming frame 1613/2302
  ████████████████░░░░░░░░░  64%  Streaming frame 1614/2302
  ████████████████░░░░░░░░░  64%  Streaming frame 1615/2302
  ████████████████░░░░░░░░░  64%  Streaming frame 1616/2302
  ████████████████░░░░░░░░░  64%  Streaming frame 1617/2302
  ████████████████░░░░░░░░░  64%  Streaming frame 1618/2302
  ████████████████░░░░░░░░░  64%  Streaming frame 1619/2302
  ████████████████░░░░░░░░░  64%  Streaming frame 1620/2302
  ████████████████░░░░░░░░░  64%  Streaming frame 1621/2302
  ████████████████░░░░░░░░░  64%  Streaming frame 1622/2302
  ████████████████░░░░░░░░░  64%  Streaming frame 1623/2302
  ████████████████░░░░░░░░░  64%  Streaming frame 1624/2302
  ████████████████░░░░░░░░░  64%  Streaming frame 1625/2302
  ████████████████░░░░░░░░░  64%  Streaming frame 1626/2302
  ████████████████░░░░░░░░░  64%  Streaming frame 1627/2302
  ████████████████░░░░░░░░░  64%  Streaming frame 1628/2302
  ████████████████░░░░░░░░░  64%  Streaming frame 1629/2302
  ████████████████░░░░░░░░░  64%  Streaming frame 1630/2302
  ████████████████░░░░░░░░░  64%  Streaming frame 1631/2302
  ████████████████░░░░░░░░░  64%  Streaming frame 1632/2302
  ████████████████░░░░░░░░░  64%  Streaming frame 1633/2302
  ████████████████░░░░░░░░░  64%  Streaming frame 1634/2302
  ████████████████░░░░░░░░░  64%  Streaming frame 1635/2302
  ████████████████░░░░░░░░░  64%  Streaming frame 1636/2302
  ████████████████░░░░░░░░░  64%  Streaming frame 1637/2302
  ████████████████░░░░░░░░░  64%  Streaming frame 1638/2302
  ████████████████░░░░░░░░░  64%  Streaming frame 1639/2302
  ████████████████░░░░░░░░░  64%  Streaming frame 1640/2302
  ████████████████░░░░░░░░░  64%  Streaming frame 1641/2302
  ████████████████░░░░░░░░░  64%  Streaming frame 1642/2302
  ████████████████░░░░░░░░░  64%  Streaming frame 1643/2302
  ████████████████░░░░░░░░░  64%  Streaming frame 1644/2302
  ████████████████░░░░░░░░░  64%  Streaming frame 1645/2302
  ████████████████░░░░░░░░░  64%  Streaming frame 1646/2302
  ████████████████░░░░░░░░░  64%  Streaming frame 1647/2302
  ████████████████░░░░░░░░░  64%  Streaming frame 1648/2302
  ████████████████░░░░░░░░░  64%  Streaming frame 1649/2302
  ████████████████░░░░░░░░░  64%  Streaming frame 1650/2302
  ████████████████░░░░░░░░░  64%  Streaming frame 1651/2302
  ████████████████░░░░░░░░░  64%  Streaming frame 1652/2302
  ████████████████░░░░░░░░░  64%  Streaming frame 1653/2302
  ████████████████░░░░░░░░░  65%  Streaming frame 1654/2302
  ████████████████░░░░░░░░░  65%  Streaming frame 1655/2302
  ████████████████░░░░░░░░░  65%  Streaming frame 1656/2302
  ████████████████░░░░░░░░░  65%  Streaming frame 1657/2302
  ████████████████░░░░░░░░░  65%  Streaming frame 1658/2302
  ████████████████░░░░░░░░░  65%  Streaming frame 1659/2302
  ████████████████░░░░░░░░░  65%  Streaming frame 1660/2302
  ████████████████░░░░░░░░░  65%  Streaming frame 1661/2302
  ████████████████░░░░░░░░░  65%  Streaming frame 1662/2302
  ████████████████░░░░░░░░░  65%  Streaming frame 1663/2302
  ████████████████░░░░░░░░░  65%  Streaming frame 1664/2302
  ████████████████░░░░░░░░░  65%  Streaming frame 1665/2302
  ████████████████░░░░░░░░░  65%  Streaming frame 1666/2302
  ████████████████░░░░░░░░░  65%  Streaming frame 1667/2302
  ████████████████░░░░░░░░░  65%  Streaming frame 1668/2302
  ████████████████░░░░░░░░░  65%  Streaming frame 1669/2302
  ████████████████░░░░░░░░░  65%  Streaming frame 1670/2302
  ████████████████░░░░░░░░░  65%  Streaming frame 1671/2302
  ████████████████░░░░░░░░░  65%  Streaming frame 1672/2302
  ████████████████░░░░░░░░░  65%  Streaming frame 1673/2302
  ████████████████░░░░░░░░░  65%  Streaming frame 1674/2302
  ████████████████░░░░░░░░░  65%  Streaming frame 1675/2302
  ████████████████░░░░░░░░░  65%  Streaming frame 1676/2302
  ████████████████░░░░░░░░░  65%  Streaming frame 1677/2302
  ████████████████░░░░░░░░░  65%  Streaming frame 1678/2302
  ████████████████░░░░░░░░░  65%  Streaming frame 1679/2302
  ████████████████░░░░░░░░░  65%  Streaming frame 1680/2302
  ████████████████░░░░░░░░░  65%  Streaming frame 1681/2302
  ████████████████░░░░░░░░░  65%  Streaming frame 1682/2302
  ████████████████░░░░░░░░░  65%  Streaming frame 1683/2302
  ████████████████░░░░░░░░░  65%  Streaming frame 1684/2302
  ████████████████░░░░░░░░░  65%  Streaming frame 1685/2302
  ████████████████░░░░░░░░░  65%  Streaming frame 1686/2302
  ████████████████░░░░░░░░░  65%  Streaming frame 1687/2302
  ████████████████░░░░░░░░░  65%  Streaming frame 1688/2302
  ████████████████░░░░░░░░░  65%  Streaming frame 1689/2302
  ████████████████░░░░░░░░░  65%  Streaming frame 1690/2302
  ████████████████░░░░░░░░░  65%  Streaming frame 1691/2302
  ████████████████░░░░░░░░░  65%  Streaming frame 1692/2302
  ████████████████░░░░░░░░░  65%  Streaming frame 1693/2302
  ████████████████░░░░░░░░░  65%  Streaming frame 1694/2302
  ████████████████░░░░░░░░░  65%  Streaming frame 1695/2302
  ████████████████░░░░░░░░░  66%  Streaming frame 1696/2302
  ████████████████░░░░░░░░░  66%  Streaming frame 1697/2302
  ████████████████░░░░░░░░░  66%  Streaming frame 1698/2302
  ████████████████░░░░░░░░░  66%  Streaming frame 1699/2302
  ████████████████░░░░░░░░░  66%  Streaming frame 1700/2302
  ████████████████░░░░░░░░░  66%  Streaming frame 1701/2302
  ████████████████░░░░░░░░░  66%  Streaming frame 1702/2302
  ████████████████░░░░░░░░░  66%  Streaming frame 1703/2302
  ████████████████░░░░░░░░░  66%  Streaming frame 1704/2302
  ████████████████░░░░░░░░░  66%  Streaming frame 1705/2302
  ████████████████░░░░░░░░░  66%  Streaming frame 1706/2302
  ████████████████░░░░░░░░░  66%  Streaming frame 1707/2302
  ████████████████░░░░░░░░░  66%  Streaming frame 1708/2302
  ████████████████░░░░░░░░░  66%  Streaming frame 1709/2302
  ████████████████░░░░░░░░░  66%  Streaming frame 1710/2302
  ████████████████░░░░░░░░░  66%  Streaming frame 1711/2302
  ████████████████░░░░░░░░░  66%  Streaming frame 1712/2302
  ████████████████░░░░░░░░░  66%  Streaming frame 1713/2302
  ████████████████░░░░░░░░░  66%  Streaming frame 1714/2302
  ████████████████░░░░░░░░░  66%  Streaming frame 1715/2302
  ████████████████░░░░░░░░░  66%  Streaming frame 1716/2302
  ████████████████░░░░░░░░░  66%  Streaming frame 1717/2302
  ████████████████░░░░░░░░░  66%  Streaming frame 1718/2302
  ████████████████░░░░░░░░░  66%  Streaming frame 1719/2302
  ████████████████░░░░░░░░░  66%  Streaming frame 1720/2302
  ████████████████░░░░░░░░░  66%  Streaming frame 1721/2302
  ████████████████░░░░░░░░░  66%  Streaming frame 1722/2302
  ████████████████░░░░░░░░░  66%  Streaming frame 1723/2302
  ████████████████░░░░░░░░░  66%  Streaming frame 1724/2302
  ████████████████░░░░░░░░░  66%  Streaming frame 1725/2302
  ████████████████░░░░░░░░░  66%  Streaming frame 1726/2302
  ████████████████░░░░░░░░░  66%  Streaming frame 1727/2302
[INFO] [Render] drawElement self-verify passed {"renderJobId":"c610ef05-49e8-4070-965c-599b52b3f567","frame":1727,"psnrDb":68.6}
  ████████████████░░░░░░░░░  66%  Streaming frame 1728/2302
  ████████████████░░░░░░░░░  66%  Streaming frame 1729/2302
  ████████████████░░░░░░░░░  66%  Streaming frame 1730/2302
  ████████████████░░░░░░░░░  66%  Streaming frame 1731/2302
  ████████████████░░░░░░░░░  66%  Streaming frame 1732/2302
  ████████████████░░░░░░░░░  66%  Streaming frame 1733/2302
  ████████████████░░░░░░░░░  66%  Streaming frame 1734/2302
  ████████████████░░░░░░░░░  66%  Streaming frame 1735/2302
  ████████████████░░░░░░░░░  66%  Streaming frame 1736/2302
  ████████████████░░░░░░░░░  67%  Streaming frame 1737/2302
  ████████████████░░░░░░░░░  67%  Streaming frame 1738/2302
  ████████████████░░░░░░░░░  67%  Streaming frame 1739/2302
  ████████████████░░░░░░░░░  67%  Streaming frame 1740/2302
  ████████████████░░░░░░░░░  67%  Streaming frame 1741/2302
  ████████████████░░░░░░░░░  67%  Streaming frame 1742/2302
  ████████████████░░░░░░░░░  67%  Streaming frame 1743/2302
  ████████████████░░░░░░░░░  67%  Streaming frame 1744/2302
  ████████████████░░░░░░░░░  67%  Streaming frame 1745/2302
  ████████████████░░░░░░░░░  67%  Streaming frame 1746/2302
  ████████████████░░░░░░░░░  67%  Streaming frame 1747/2302
  ████████████████░░░░░░░░░  67%  Streaming frame 1748/2302
  ████████████████░░░░░░░░░  67%  Streaming frame 1749/2302
  ████████████████░░░░░░░░░  67%  Streaming frame 1750/2302
  ████████████████░░░░░░░░░  67%  Streaming frame 1751/2302
  ████████████████░░░░░░░░░  67%  Streaming frame 1752/2302
  ████████████████░░░░░░░░░  67%  Streaming frame 1753/2302
  ████████████████░░░░░░░░░  67%  Streaming frame 1754/2302
  ████████████████░░░░░░░░░  67%  Streaming frame 1755/2302
  ████████████████░░░░░░░░░  67%  Streaming frame 1756/2302
  ████████████████░░░░░░░░░  67%  Streaming frame 1757/2302
  ████████████████░░░░░░░░░  67%  Streaming frame 1758/2302
  ████████████████░░░░░░░░░  67%  Streaming frame 1759/2302
  ████████████████░░░░░░░░░  67%  Streaming frame 1760/2302
  ████████████████░░░░░░░░░  67%  Streaming frame 1761/2302
  ████████████████░░░░░░░░░  67%  Streaming frame 1762/2302
  ████████████████░░░░░░░░░  67%  Streaming frame 1763/2302
  ████████████████░░░░░░░░░  67%  Streaming frame 1764/2302
  ████████████████░░░░░░░░░  67%  Streaming frame 1765/2302
  ████████████████░░░░░░░░░  67%  Streaming frame 1766/2302
  ████████████████░░░░░░░░░  67%  Streaming frame 1767/2302
  ████████████████░░░░░░░░░  67%  Streaming frame 1768/2302
  ████████████████░░░░░░░░░  67%  Streaming frame 1769/2302
  ████████████████░░░░░░░░░  67%  Streaming frame 1770/2302
  ████████████████░░░░░░░░░  67%  Streaming frame 1771/2302
  ████████████████░░░░░░░░░  67%  Streaming frame 1772/2302
  ████████████████░░░░░░░░░  67%  Streaming frame 1773/2302
  ████████████████░░░░░░░░░  67%  Streaming frame 1774/2302
  ████████████████░░░░░░░░░  67%  Streaming frame 1775/2302
  ████████████████░░░░░░░░░  67%  Streaming frame 1776/2302
  ████████████████░░░░░░░░░  67%  Streaming frame 1777/2302
  ████████████████░░░░░░░░░  67%  Streaming frame 1778/2302
  █████████████████░░░░░░░░  68%  Streaming frame 1779/2302
  █████████████████░░░░░░░░  68%  Streaming frame 1780/2302
  █████████████████░░░░░░░░  68%  Streaming frame 1781/2302
  █████████████████░░░░░░░░  68%  Streaming frame 1782/2302
  █████████████████░░░░░░░░  68%  Streaming frame 1783/2302
  █████████████████░░░░░░░░  68%  Streaming frame 1784/2302
  █████████████████░░░░░░░░  68%  Streaming frame 1785/2302
  █████████████████░░░░░░░░  68%  Streaming frame 1786/2302
  █████████████████░░░░░░░░  68%  Streaming frame 1787/2302
  █████████████████░░░░░░░░  68%  Streaming frame 1788/2302
  █████████████████░░░░░░░░  68%  Streaming frame 1789/2302
  █████████████████░░░░░░░░  68%  Streaming frame 1790/2302
  █████████████████░░░░░░░░  68%  Streaming frame 1791/2302
  █████████████████░░░░░░░░  68%  Streaming frame 1792/2302
  █████████████████░░░░░░░░  68%  Streaming frame 1793/2302
  █████████████████░░░░░░░░  68%  Streaming frame 1794/2302
  █████████████████░░░░░░░░  68%  Streaming frame 1795/2302
  █████████████████░░░░░░░░  68%  Streaming frame 1796/2302
  █████████████████░░░░░░░░  68%  Streaming frame 1797/2302
  █████████████████░░░░░░░░  68%  Streaming frame 1798/2302
  █████████████████░░░░░░░░  68%  Streaming frame 1799/2302
  █████████████████░░░░░░░░  68%  Streaming frame 1800/2302
  █████████████████░░░░░░░░  68%  Streaming frame 1801/2302
  █████████████████░░░░░░░░  68%  Streaming frame 1802/2302
  █████████████████░░░░░░░░  68%  Streaming frame 1803/2302
  █████████████████░░░░░░░░  68%  Streaming frame 1804/2302
  █████████████████░░░░░░░░  68%  Streaming frame 1805/2302
  █████████████████░░░░░░░░  68%  Streaming frame 1806/2302
  █████████████████░░░░░░░░  68%  Streaming frame 1807/2302
  █████████████████░░░░░░░░  68%  Streaming frame 1808/2302
  █████████████████░░░░░░░░  68%  Streaming frame 1809/2302
  █████████████████░░░░░░░░  68%  Streaming frame 1810/2302
  █████████████████░░░░░░░░  68%  Streaming frame 1811/2302
  █████████████████░░░░░░░░  68%  Streaming frame 1812/2302
  █████████████████░░░░░░░░  68%  Streaming frame 1813/2302
  █████████████████░░░░░░░░  68%  Streaming frame 1814/2302
  █████████████████░░░░░░░░  68%  Streaming frame 1815/2302
  █████████████████░░░░░░░░  68%  Streaming frame 1816/2302
  █████████████████░░░░░░░░  68%  Streaming frame 1817/2302
  █████████████████░░░░░░░░  68%  Streaming frame 1818/2302
  █████████████████░░░░░░░░  68%  Streaming frame 1819/2302
  █████████████████░░░░░░░░  68%  Streaming frame 1820/2302
  █████████████████░░░░░░░░  69%  Streaming frame 1821/2302
  █████████████████░░░░░░░░  69%  Streaming frame 1822/2302
  █████████████████░░░░░░░░  69%  Streaming frame 1823/2302
  █████████████████░░░░░░░░  69%  Streaming frame 1824/2302
  █████████████████░░░░░░░░  69%  Streaming frame 1825/2302
  █████████████████░░░░░░░░  69%  Streaming frame 1826/2302
  █████████████████░░░░░░░░  69%  Streaming frame 1827/2302
  █████████████████░░░░░░░░  69%  Streaming frame 1828/2302
  █████████████████░░░░░░░░  69%  Streaming frame 1829/2302
  █████████████████░░░░░░░░  69%  Streaming frame 1830/2302
  █████████████████░░░░░░░░  69%  Streaming frame 1831/2302
  █████████████████░░░░░░░░  69%  Streaming frame 1832/2302
  █████████████████░░░░░░░░  69%  Streaming frame 1833/2302
  █████████████████░░░░░░░░  69%  Streaming frame 1834/2302
  █████████████████░░░░░░░░  69%  Streaming frame 1835/2302
  █████████████████░░░░░░░░  69%  Streaming frame 1836/2302
  █████████████████░░░░░░░░  69%  Streaming frame 1837/2302
  █████████████████░░░░░░░░  69%  Streaming frame 1838/2302
  █████████████████░░░░░░░░  69%  Streaming frame 1839/2302
  █████████████████░░░░░░░░  69%  Streaming frame 1840/2302
  █████████████████░░░░░░░░  69%  Streaming frame 1841/2302
  █████████████████░░░░░░░░  69%  Streaming frame 1842/2302
  █████████████████░░░░░░░░  69%  Streaming frame 1843/2302
  █████████████████░░░░░░░░  69%  Streaming frame 1844/2302
  █████████████████░░░░░░░░  69%  Streaming frame 1845/2302
  █████████████████░░░░░░░░  69%  Streaming frame 1846/2302
  █████████████████░░░░░░░░  69%  Streaming frame 1847/2302
  █████████████████░░░░░░░░  69%  Streaming frame 1848/2302
  █████████████████░░░░░░░░  69%  Streaming frame 1849/2302
  █████████████████░░░░░░░░  69%  Streaming frame 1850/2302
  █████████████████░░░░░░░░  69%  Streaming frame 1851/2302
  █████████████████░░░░░░░░  69%  Streaming frame 1852/2302
  █████████████████░░░░░░░░  69%  Streaming frame 1853/2302
  █████████████████░░░░░░░░  69%  Streaming frame 1854/2302
  █████████████████░░░░░░░░  69%  Streaming frame 1855/2302
  █████████████████░░░░░░░░  69%  Streaming frame 1856/2302
  █████████████████░░░░░░░░  69%  Streaming frame 1857/2302
  █████████████████░░░░░░░░  69%  Streaming frame 1858/2302
  █████████████████░░░░░░░░  69%  Streaming frame 1859/2302
  █████████████████░░░░░░░░  69%  Streaming frame 1860/2302
  █████████████████░░░░░░░░  69%  Streaming frame 1861/2302
  █████████████████░░░░░░░░  69%  Streaming frame 1862/2302
  █████████████████░░░░░░░░  70%  Streaming frame 1863/2302
  █████████████████░░░░░░░░  70%  Streaming frame 1864/2302
  █████████████████░░░░░░░░  70%  Streaming frame 1865/2302
  █████████████████░░░░░░░░  70%  Streaming frame 1866/2302
  █████████████████░░░░░░░░  70%  Streaming frame 1867/2302
  █████████████████░░░░░░░░  70%  Streaming frame 1868/2302
  █████████████████░░░░░░░░  70%  Streaming frame 1869/2302
  █████████████████░░░░░░░░  70%  Streaming frame 1870/2302
  █████████████████░░░░░░░░  70%  Streaming frame 1871/2302
  █████████████████░░░░░░░░  70%  Streaming frame 1872/2302
  █████████████████░░░░░░░░  70%  Streaming frame 1873/2302
  █████████████████░░░░░░░░  70%  Streaming frame 1874/2302
  █████████████████░░░░░░░░  70%  Streaming frame 1875/2302
  █████████████████░░░░░░░░  70%  Streaming frame 1876/2302
  █████████████████░░░░░░░░  70%  Streaming frame 1877/2302
  █████████████████░░░░░░░░  70%  Streaming frame 1878/2302
  █████████████████░░░░░░░░  70%  Streaming frame 1879/2302
  █████████████████░░░░░░░░  70%  Streaming frame 1880/2302
  █████████████████░░░░░░░░  70%  Streaming frame 1881/2302
  █████████████████░░░░░░░░  70%  Streaming frame 1882/2302
  █████████████████░░░░░░░░  70%  Streaming frame 1883/2302
  █████████████████░░░░░░░░  70%  Streaming frame 1884/2302
  █████████████████░░░░░░░░  70%  Streaming frame 1885/2302
  █████████████████░░░░░░░░  70%  Streaming frame 1886/2302
  █████████████████░░░░░░░░  70%  Streaming frame 1887/2302
  █████████████████░░░░░░░░  70%  Streaming frame 1888/2302
  █████████████████░░░░░░░░  70%  Streaming frame 1889/2302
  █████████████████░░░░░░░░  70%  Streaming frame 1890/2302
  █████████████████░░░░░░░░  70%  Streaming frame 1891/2302
  █████████████████░░░░░░░░  70%  Streaming frame 1892/2302
  █████████████████░░░░░░░░  70%  Streaming frame 1893/2302
  █████████████████░░░░░░░░  70%  Streaming frame 1894/2302
  █████████████████░░░░░░░░  70%  Streaming frame 1895/2302
  █████████████████░░░░░░░░  70%  Streaming frame 1896/2302
  █████████████████░░░░░░░░  70%  Streaming frame 1897/2302
  █████████████████░░░░░░░░  70%  Streaming frame 1898/2302
  █████████████████░░░░░░░░  70%  Streaming frame 1899/2302
  █████████████████░░░░░░░░  70%  Streaming frame 1900/2302
  █████████████████░░░░░░░░  70%  Streaming frame 1901/2302
  █████████████████░░░░░░░░  70%  Streaming frame 1902/2302
  █████████████████░░░░░░░░  70%  Streaming frame 1903/2302
  █████████████████░░░░░░░░  70%  Streaming frame 1904/2302
  █████████████████░░░░░░░░  71%  Streaming frame 1905/2302
  █████████████████░░░░░░░░  71%  Streaming frame 1906/2302
  █████████████████░░░░░░░░  71%  Streaming frame 1907/2302
  █████████████████░░░░░░░░  71%  Streaming frame 1908/2302
  █████████████████░░░░░░░░  71%  Streaming frame 1909/2302
  █████████████████░░░░░░░░  71%  Streaming frame 1910/2302
  █████████████████░░░░░░░░  71%  Streaming frame 1911/2302
  █████████████████░░░░░░░░  71%  Streaming frame 1912/2302
  █████████████████░░░░░░░░  71%  Streaming frame 1913/2302
  █████████████████░░░░░░░░  71%  Streaming frame 1914/2302
  █████████████████░░░░░░░░  71%  Streaming frame 1915/2302
  █████████████████░░░░░░░░  71%  Streaming frame 1916/2302
  █████████████████░░░░░░░░  71%  Streaming frame 1917/2302
  █████████████████░░░░░░░░  71%  Streaming frame 1918/2302
  █████████████████░░░░░░░░  71%  Streaming frame 1919/2302
  █████████████████░░░░░░░░  71%  Streaming frame 1920/2302
  █████████████████░░░░░░░░  71%  Streaming frame 1921/2302
  █████████████████░░░░░░░░  71%  Streaming frame 1922/2302
  █████████████████░░░░░░░░  71%  Streaming frame 1923/2302
  █████████████████░░░░░░░░  71%  Streaming frame 1924/2302
  █████████████████░░░░░░░░  71%  Streaming frame 1925/2302
  █████████████████░░░░░░░░  71%  Streaming frame 1926/2302
  █████████████████░░░░░░░░  71%  Streaming frame 1927/2302
  █████████████████░░░░░░░░  71%  Streaming frame 1928/2302
  █████████████████░░░░░░░░  71%  Streaming frame 1929/2302
  █████████████████░░░░░░░░  71%  Streaming frame 1930/2302
  █████████████████░░░░░░░░  71%  Streaming frame 1931/2302
  █████████████████░░░░░░░░  71%  Streaming frame 1932/2302
  █████████████████░░░░░░░░  71%  Streaming frame 1933/2302
  █████████████████░░░░░░░░  71%  Streaming frame 1934/2302
  █████████████████░░░░░░░░  71%  Streaming frame 1935/2302
  █████████████████░░░░░░░░  71%  Streaming frame 1936/2302
  █████████████████░░░░░░░░  71%  Streaming frame 1937/2302
  █████████████████░░░░░░░░  71%  Streaming frame 1938/2302
  █████████████████░░░░░░░░  71%  Streaming frame 1939/2302
  █████████████████░░░░░░░░  71%  Streaming frame 1940/2302
  █████████████████░░░░░░░░  71%  Streaming frame 1941/2302
  █████████████████░░░░░░░░  71%  Streaming frame 1942/2302
  █████████████████░░░░░░░░  71%  Streaming frame 1943/2302
  █████████████████░░░░░░░░  71%  Streaming frame 1944/2302
  █████████████████░░░░░░░░  71%  Streaming frame 1945/2302
  █████████████████░░░░░░░░  71%  Streaming frame 1946/2302
  ██████████████████░░░░░░░  72%  Streaming frame 1947/2302
  ██████████████████░░░░░░░  72%  Streaming frame 1948/2302
  ██████████████████░░░░░░░  72%  Streaming frame 1949/2302
  ██████████████████░░░░░░░  72%  Streaming frame 1950/2302
  ██████████████████░░░░░░░  72%  Streaming frame 1951/2302
  ██████████████████░░░░░░░  72%  Streaming frame 1952/2302
  ██████████████████░░░░░░░  72%  Streaming frame 1953/2302
  ██████████████████░░░░░░░  72%  Streaming frame 1954/2302
  ██████████████████░░░░░░░  72%  Streaming frame 1955/2302
  ██████████████████░░░░░░░  72%  Streaming frame 1956/2302
  ██████████████████░░░░░░░  72%  Streaming frame 1957/2302
  ██████████████████░░░░░░░  72%  Streaming frame 1958/2302
  ██████████████████░░░░░░░  72%  Streaming frame 1959/2302
  ██████████████████░░░░░░░  72%  Streaming frame 1960/2302
  ██████████████████░░░░░░░  72%  Streaming frame 1961/2302
  ██████████████████░░░░░░░  72%  Streaming frame 1962/2302
  ██████████████████░░░░░░░  72%  Streaming frame 1963/2302
  ██████████████████░░░░░░░  72%  Streaming frame 1964/2302
  ██████████████████░░░░░░░  72%  Streaming frame 1965/2302
  ██████████████████░░░░░░░  72%  Streaming frame 1966/2302
  ██████████████████░░░░░░░  72%  Streaming frame 1967/2302
  ██████████████████░░░░░░░  72%  Streaming frame 1968/2302
  ██████████████████░░░░░░░  72%  Streaming frame 1969/2302
  ██████████████████░░░░░░░  72%  Streaming frame 1970/2302
  ██████████████████░░░░░░░  72%  Streaming frame 1971/2302
  ██████████████████░░░░░░░  72%  Streaming frame 1972/2302
  ██████████████████░░░░░░░  72%  Streaming frame 1973/2302
  ██████████████████░░░░░░░  72%  Streaming frame 1974/2302
  ██████████████████░░░░░░░  72%  Streaming frame 1975/2302
  ██████████████████░░░░░░░  72%  Streaming frame 1976/2302
  ██████████████████░░░░░░░  72%  Streaming frame 1977/2302
  ██████████████████░░░░░░░  72%  Streaming frame 1978/2302
  ██████████████████░░░░░░░  72%  Streaming frame 1979/2302
  ██████████████████░░░░░░░  72%  Streaming frame 1980/2302
  ██████████████████░░░░░░░  72%  Streaming frame 1981/2302
  ██████████████████░░░░░░░  72%  Streaming frame 1982/2302
  ██████████████████░░░░░░░  72%  Streaming frame 1983/2302
  ██████████████████░░░░░░░  72%  Streaming frame 1984/2302
  ██████████████████░░░░░░░  72%  Streaming frame 1985/2302
  ██████████████████░░░░░░░  72%  Streaming frame 1986/2302
  ██████████████████░░░░░░░  72%  Streaming frame 1987/2302
  ██████████████████░░░░░░░  72%  Streaming frame 1988/2302
  ██████████████████░░░░░░░  73%  Streaming frame 1989/2302
  ██████████████████░░░░░░░  73%  Streaming frame 1990/2302
  ██████████████████░░░░░░░  73%  Streaming frame 1991/2302
  ██████████████████░░░░░░░  73%  Streaming frame 1992/2302
  ██████████████████░░░░░░░  73%  Streaming frame 1993/2302
  ██████████████████░░░░░░░  73%  Streaming frame 1994/2302
  ██████████████████░░░░░░░  73%  Streaming frame 1995/2302
  ██████████████████░░░░░░░  73%  Streaming frame 1996/2302
  ██████████████████░░░░░░░  73%  Streaming frame 1997/2302
  ██████████████████░░░░░░░  73%  Streaming frame 1998/2302
  ██████████████████░░░░░░░  73%  Streaming frame 1999/2302
  ██████████████████░░░░░░░  73%  Streaming frame 2000/2302
  ██████████████████░░░░░░░  73%  Streaming frame 2001/2302
  ██████████████████░░░░░░░  73%  Streaming frame 2002/2302
  ██████████████████░░░░░░░  73%  Streaming frame 2003/2302
  ██████████████████░░░░░░░  73%  Streaming frame 2004/2302
  ██████████████████░░░░░░░  73%  Streaming frame 2005/2302
  ██████████████████░░░░░░░  73%  Streaming frame 2006/2302
  ██████████████████░░░░░░░  73%  Streaming frame 2007/2302
  ██████████████████░░░░░░░  73%  Streaming frame 2008/2302
  ██████████████████░░░░░░░  73%  Streaming frame 2009/2302
  ██████████████████░░░░░░░  73%  Streaming frame 2010/2302
  ██████████████████░░░░░░░  73%  Streaming frame 2011/2302
  ██████████████████░░░░░░░  73%  Streaming frame 2012/2302
  ██████████████████░░░░░░░  73%  Streaming frame 2013/2302
  ██████████████████░░░░░░░  73%  Streaming frame 2014/2302
  ██████████████████░░░░░░░  73%  Streaming frame 2015/2302
  ██████████████████░░░░░░░  73%  Streaming frame 2016/2302
  ██████████████████░░░░░░░  73%  Streaming frame 2017/2302
  ██████████████████░░░░░░░  73%  Streaming frame 2018/2302
  ██████████████████░░░░░░░  73%  Streaming frame 2019/2302
  ██████████████████░░░░░░░  73%  Streaming frame 2020/2302
  ██████████████████░░░░░░░  73%  Streaming frame 2021/2302
  ██████████████████░░░░░░░  73%  Streaming frame 2022/2302
  ██████████████████░░░░░░░  73%  Streaming frame 2023/2302
  ██████████████████░░░░░░░  73%  Streaming frame 2024/2302
  ██████████████████░░░░░░░  73%  Streaming frame 2025/2302
  ██████████████████░░░░░░░  73%  Streaming frame 2026/2302
  ██████████████████░░░░░░░  73%  Streaming frame 2027/2302
  ██████████████████░░░░░░░  73%  Streaming frame 2028/2302
  ██████████████████░░░░░░░  73%  Streaming frame 2029/2302
  ██████████████████░░░░░░░  74%  Streaming frame 2030/2302
  ██████████████████░░░░░░░  74%  Streaming frame 2031/2302
  ██████████████████░░░░░░░  74%  Streaming frame 2032/2302
  ██████████████████░░░░░░░  74%  Streaming frame 2033/2302
  ██████████████████░░░░░░░  74%  Streaming frame 2034/2302
  ██████████████████░░░░░░░  74%  Streaming frame 2035/2302
  ██████████████████░░░░░░░  74%  Streaming frame 2036/2302
  ██████████████████░░░░░░░  74%  Streaming frame 2037/2302
  ██████████████████░░░░░░░  74%  Streaming frame 2038/2302
  ██████████████████░░░░░░░  74%  Streaming frame 2039/2302
  ██████████████████░░░░░░░  74%  Streaming frame 2040/2302
  ██████████████████░░░░░░░  74%  Streaming frame 2041/2302
  ██████████████████░░░░░░░  74%  Streaming frame 2042/2302
  ██████████████████░░░░░░░  74%  Streaming frame 2043/2302
  ██████████████████░░░░░░░  74%  Streaming frame 2044/2302
  ██████████████████░░░░░░░  74%  Streaming frame 2045/2302
  ██████████████████░░░░░░░  74%  Streaming frame 2046/2302
  ██████████████████░░░░░░░  74%  Streaming frame 2047/2302
  ██████████████████░░░░░░░  74%  Streaming frame 2048/2302
  ██████████████████░░░░░░░  74%  Streaming frame 2049/2302
  ██████████████████░░░░░░░  74%  Streaming frame 2050/2302
  ██████████████████░░░░░░░  74%  Streaming frame 2051/2302
  ██████████████████░░░░░░░  74%  Streaming frame 2052/2302
  ██████████████████░░░░░░░  74%  Streaming frame 2053/2302
  ██████████████████░░░░░░░  74%  Streaming frame 2054/2302
  ██████████████████░░░░░░░  74%  Streaming frame 2055/2302
  ██████████████████░░░░░░░  74%  Streaming frame 2056/2302
  ██████████████████░░░░░░░  74%  Streaming frame 2057/2302
  ██████████████████░░░░░░░  74%  Streaming frame 2058/2302
  ██████████████████░░░░░░░  74%  Streaming frame 2059/2302
  ██████████████████░░░░░░░  74%  Streaming frame 2060/2302
  ██████████████████░░░░░░░  74%  Streaming frame 2061/2302
  ██████████████████░░░░░░░  74%  Streaming frame 2062/2302
  ██████████████████░░░░░░░  74%  Streaming frame 2063/2302
  ██████████████████░░░░░░░  74%  Streaming frame 2064/2302
  ██████████████████░░░░░░░  74%  Streaming frame 2065/2302
  ██████████████████░░░░░░░  74%  Streaming frame 2066/2302
  ██████████████████░░░░░░░  74%  Streaming frame 2067/2302
  ██████████████████░░░░░░░  74%  Streaming frame 2068/2302
  ██████████████████░░░░░░░  74%  Streaming frame 2069/2302
  ██████████████████░░░░░░░  74%  Streaming frame 2070/2302
  ██████████████████░░░░░░░  74%  Streaming frame 2071/2302
  ██████████████████░░░░░░░  75%  Streaming frame 2072/2302
  ██████████████████░░░░░░░  75%  Streaming frame 2073/2302
  ██████████████████░░░░░░░  75%  Streaming frame 2074/2302
  ██████████████████░░░░░░░  75%  Streaming frame 2075/2302
  ██████████████████░░░░░░░  75%  Streaming frame 2076/2302
  ██████████████████░░░░░░░  75%  Streaming frame 2077/2302
  ██████████████████░░░░░░░  75%  Streaming frame 2078/2302
  ██████████████████░░░░░░░  75%  Streaming frame 2079/2302
  ██████████████████░░░░░░░  75%  Streaming frame 2080/2302
  ██████████████████░░░░░░░  75%  Streaming frame 2081/2302
  ██████████████████░░░░░░░  75%  Streaming frame 2082/2302
  ██████████████████░░░░░░░  75%  Streaming frame 2083/2302
  ██████████████████░░░░░░░  75%  Streaming frame 2084/2302
  ██████████████████░░░░░░░  75%  Streaming frame 2085/2302
  ██████████████████░░░░░░░  75%  Streaming frame 2086/2302
  ██████████████████░░░░░░░  75%  Streaming frame 2087/2302
  ██████████████████░░░░░░░  75%  Streaming frame 2088/2302
  ██████████████████░░░░░░░  75%  Streaming frame 2089/2302
  ██████████████████░░░░░░░  75%  Streaming frame 2090/2302
  ██████████████████░░░░░░░  75%  Streaming frame 2091/2302
  ██████████████████░░░░░░░  75%  Streaming frame 2092/2302
  ██████████████████░░░░░░░  75%  Streaming frame 2093/2302
  ██████████████████░░░░░░░  75%  Streaming frame 2094/2302
  ██████████████████░░░░░░░  75%  Streaming frame 2095/2302
  ██████████████████░░░░░░░  75%  Streaming frame 2096/2302
  ██████████████████░░░░░░░  75%  Streaming frame 2097/2302
  ██████████████████░░░░░░░  75%  Streaming frame 2098/2302
  ██████████████████░░░░░░░  75%  Streaming frame 2099/2302
  ██████████████████░░░░░░░  75%  Streaming frame 2100/2302
  ██████████████████░░░░░░░  75%  Streaming frame 2101/2302
  ██████████████████░░░░░░░  75%  Streaming frame 2102/2302
  ██████████████████░░░░░░░  75%  Streaming frame 2103/2302
  ██████████████████░░░░░░░  75%  Streaming frame 2104/2302
  ██████████████████░░░░░░░  75%  Streaming frame 2105/2302
  ██████████████████░░░░░░░  75%  Streaming frame 2106/2302
  ██████████████████░░░░░░░  75%  Streaming frame 2107/2302
  ██████████████████░░░░░░░  75%  Streaming frame 2108/2302
  ██████████████████░░░░░░░  75%  Streaming frame 2109/2302
  ██████████████████░░░░░░░  75%  Streaming frame 2110/2302
  ██████████████████░░░░░░░  75%  Streaming frame 2111/2302
  ██████████████████░░░░░░░  75%  Streaming frame 2112/2302
  ██████████████████░░░░░░░  75%  Streaming frame 2113/2302
  ███████████████████░░░░░░  76%  Streaming frame 2114/2302
  ███████████████████░░░░░░  76%  Streaming frame 2115/2302
  ███████████████████░░░░░░  76%  Streaming frame 2116/2302
  ███████████████████░░░░░░  76%  Streaming frame 2117/2302
  ███████████████████░░░░░░  76%  Streaming frame 2118/2302
  ███████████████████░░░░░░  76%  Streaming frame 2119/2302
  ███████████████████░░░░░░  76%  Streaming frame 2120/2302
  ███████████████████░░░░░░  76%  Streaming frame 2121/2302
  ███████████████████░░░░░░  76%  Streaming frame 2122/2302
  ███████████████████░░░░░░  76%  Streaming frame 2123/2302
  ███████████████████░░░░░░  76%  Streaming frame 2124/2302
  ███████████████████░░░░░░  76%  Streaming frame 2125/2302
  ███████████████████░░░░░░  76%  Streaming frame 2126/2302
  ███████████████████░░░░░░  76%  Streaming frame 2127/2302
  ███████████████████░░░░░░  76%  Streaming frame 2128/2302
  ███████████████████░░░░░░  76%  Streaming frame 2129/2302
  ███████████████████░░░░░░  76%  Streaming frame 2130/2302
  ███████████████████░░░░░░  76%  Streaming frame 2131/2302
  ███████████████████░░░░░░  76%  Streaming frame 2132/2302
  ███████████████████░░░░░░  76%  Streaming frame 2133/2302
  ███████████████████░░░░░░  76%  Streaming frame 2134/2302
  ███████████████████░░░░░░  76%  Streaming frame 2135/2302
  ███████████████████░░░░░░  76%  Streaming frame 2136/2302
  ███████████████████░░░░░░  76%  Streaming frame 2137/2302
  ███████████████████░░░░░░  76%  Streaming frame 2138/2302
  ███████████████████░░░░░░  76%  Streaming frame 2139/2302
  ███████████████████░░░░░░  76%  Streaming frame 2140/2302
  ███████████████████░░░░░░  76%  Streaming frame 2141/2302
  ███████████████████░░░░░░  76%  Streaming frame 2142/2302
  ███████████████████░░░░░░  76%  Streaming frame 2143/2302
  ███████████████████░░░░░░  76%  Streaming frame 2144/2302
  ███████████████████░░░░░░  76%  Streaming frame 2145/2302
  ███████████████████░░░░░░  76%  Streaming frame 2146/2302
  ███████████████████░░░░░░  76%  Streaming frame 2147/2302
  ███████████████████░░░░░░  76%  Streaming frame 2148/2302
  ███████████████████░░░░░░  76%  Streaming frame 2149/2302
  ███████████████████░░░░░░  76%  Streaming frame 2150/2302
  ███████████████████░░░░░░  76%  Streaming frame 2151/2302
  ███████████████████░░░░░░  76%  Streaming frame 2152/2302
  ███████████████████░░░░░░  76%  Streaming frame 2153/2302
  ███████████████████░░░░░░  76%  Streaming frame 2154/2302
  ███████████████████░░░░░░  76%  Streaming frame 2155/2302
  ███████████████████░░░░░░  77%  Streaming frame 2156/2302
  ███████████████████░░░░░░  77%  Streaming frame 2157/2302
  ███████████████████░░░░░░  77%  Streaming frame 2158/2302
  ███████████████████░░░░░░  77%  Streaming frame 2159/2302
  ███████████████████░░░░░░  77%  Streaming frame 2160/2302
  ███████████████████░░░░░░  77%  Streaming frame 2161/2302
  ███████████████████░░░░░░  77%  Streaming frame 2162/2302
  ███████████████████░░░░░░  77%  Streaming frame 2163/2302
  ███████████████████░░░░░░  77%  Streaming frame 2164/2302
  ███████████████████░░░░░░  77%  Streaming frame 2165/2302
  ███████████████████░░░░░░  77%  Streaming frame 2166/2302
  ███████████████████░░░░░░  77%  Streaming frame 2167/2302
  ███████████████████░░░░░░  77%  Streaming frame 2168/2302
  ███████████████████░░░░░░  77%  Streaming frame 2169/2302
  ███████████████████░░░░░░  77%  Streaming frame 2170/2302
  ███████████████████░░░░░░  77%  Streaming frame 2171/2302
  ███████████████████░░░░░░  77%  Streaming frame 2172/2302
  ███████████████████░░░░░░  77%  Streaming frame 2173/2302
  ███████████████████░░░░░░  77%  Streaming frame 2174/2302
  ███████████████████░░░░░░  77%  Streaming frame 2175/2302
  ███████████████████░░░░░░  77%  Streaming frame 2176/2302
  ███████████████████░░░░░░  77%  Streaming frame 2177/2302
  ███████████████████░░░░░░  77%  Streaming frame 2178/2302
  ███████████████████░░░░░░  77%  Streaming frame 2179/2302
  ███████████████████░░░░░░  77%  Streaming frame 2180/2302
  ███████████████████░░░░░░  77%  Streaming frame 2181/2302
  ███████████████████░░░░░░  77%  Streaming frame 2182/2302
  ███████████████████░░░░░░  77%  Streaming frame 2183/2302
  ███████████████████░░░░░░  77%  Streaming frame 2184/2302
  ███████████████████░░░░░░  77%  Streaming frame 2185/2302
  ███████████████████░░░░░░  77%  Streaming frame 2186/2302
  ███████████████████░░░░░░  77%  Streaming frame 2187/2302
[INFO] [Render] drawElement self-verify passed {"renderJobId":"c610ef05-49e8-4070-965c-599b52b3f567","frame":2187,"psnrDb":61.7}
  ███████████████████░░░░░░  77%  Streaming frame 2188/2302
  ███████████████████░░░░░░  77%  Streaming frame 2189/2302
  ███████████████████░░░░░░  77%  Streaming frame 2190/2302
  ███████████████████░░░░░░  77%  Streaming frame 2191/2302
  ███████████████████░░░░░░  77%  Streaming frame 2192/2302
  ███████████████████░░░░░░  77%  Streaming frame 2193/2302
  ███████████████████░░░░░░  77%  Streaming frame 2194/2302
  ███████████████████░░░░░░  77%  Streaming frame 2195/2302
  ███████████████████░░░░░░  77%  Streaming frame 2196/2302
  ███████████████████░░░░░░  77%  Streaming frame 2197/2302
  ███████████████████░░░░░░  78%  Streaming frame 2198/2302
  ███████████████████░░░░░░  78%  Streaming frame 2199/2302
  ███████████████████░░░░░░  78%  Streaming frame 2200/2302
  ███████████████████░░░░░░  78%  Streaming frame 2201/2302
  ███████████████████░░░░░░  78%  Streaming frame 2202/2302
  ███████████████████░░░░░░  78%  Streaming frame 2203/2302
  ███████████████████░░░░░░  78%  Streaming frame 2204/2302
  ███████████████████░░░░░░  78%  Streaming frame 2205/2302
  ███████████████████░░░░░░  78%  Streaming frame 2206/2302
  ███████████████████░░░░░░  78%  Streaming frame 2207/2302
  ███████████████████░░░░░░  78%  Streaming frame 2208/2302
  ███████████████████░░░░░░  78%  Streaming frame 2209/2302
  ███████████████████░░░░░░  78%  Streaming frame 2210/2302
  ███████████████████░░░░░░  78%  Streaming frame 2211/2302
  ███████████████████░░░░░░  78%  Streaming frame 2212/2302
  ███████████████████░░░░░░  78%  Streaming frame 2213/2302
  ███████████████████░░░░░░  78%  Streaming frame 2214/2302
  ███████████████████░░░░░░  78%  Streaming frame 2215/2302
  ███████████████████░░░░░░  78%  Streaming frame 2216/2302
  ███████████████████░░░░░░  78%  Streaming frame 2217/2302
  ███████████████████░░░░░░  78%  Streaming frame 2218/2302
  ███████████████████░░░░░░  78%  Streaming frame 2219/2302
  ███████████████████░░░░░░  78%  Streaming frame 2220/2302
  ███████████████████░░░░░░  78%  Streaming frame 2221/2302
  ███████████████████░░░░░░  78%  Streaming frame 2222/2302
  ███████████████████░░░░░░  78%  Streaming frame 2223/2302
  ███████████████████░░░░░░  78%  Streaming frame 2224/2302
  ███████████████████░░░░░░  78%  Streaming frame 2225/2302
  ███████████████████░░░░░░  78%  Streaming frame 2226/2302
  ███████████████████░░░░░░  78%  Streaming frame 2227/2302
  ███████████████████░░░░░░  78%  Streaming frame 2228/2302
  ███████████████████░░░░░░  78%  Streaming frame 2229/2302
  ███████████████████░░░░░░  78%  Streaming frame 2230/2302
  ███████████████████░░░░░░  78%  Streaming frame 2231/2302
  ███████████████████░░░░░░  78%  Streaming frame 2232/2302
  ███████████████████░░░░░░  78%  Streaming frame 2233/2302
  ███████████████████░░░░░░  78%  Streaming frame 2234/2302
  ███████████████████░░░░░░  78%  Streaming frame 2235/2302
  ███████████████████░░░░░░  78%  Streaming frame 2236/2302
  ███████████████████░░░░░░  78%  Streaming frame 2237/2302
  ███████████████████░░░░░░  78%  Streaming frame 2238/2302
  ███████████████████░░░░░░  78%  Streaming frame 2239/2302
  ███████████████████░░░░░░  79%  Streaming frame 2240/2302
  ███████████████████░░░░░░  79%  Streaming frame 2241/2302
  ███████████████████░░░░░░  79%  Streaming frame 2242/2302
  ███████████████████░░░░░░  79%  Streaming frame 2243/2302
  ███████████████████░░░░░░  79%  Streaming frame 2244/2302
  ███████████████████░░░░░░  79%  Streaming frame 2245/2302
  ███████████████████░░░░░░  79%  Streaming frame 2246/2302
  ███████████████████░░░░░░  79%  Streaming frame 2247/2302
  ███████████████████░░░░░░  79%  Streaming frame 2248/2302
  ███████████████████░░░░░░  79%  Streaming frame 2249/2302
  ███████████████████░░░░░░  79%  Streaming frame 2250/2302
  ███████████████████░░░░░░  79%  Streaming frame 2251/2302
  ███████████████████░░░░░░  79%  Streaming frame 2252/2302
  ███████████████████░░░░░░  79%  Streaming frame 2253/2302
  ███████████████████░░░░░░  79%  Streaming frame 2254/2302
  ███████████████████░░░░░░  79%  Streaming frame 2255/2302
  ███████████████████░░░░░░  79%  Streaming frame 2256/2302
  ███████████████████░░░░░░  79%  Streaming frame 2257/2302
  ███████████████████░░░░░░  79%  Streaming frame 2258/2302
  ███████████████████░░░░░░  79%  Streaming frame 2259/2302
  ███████████████████░░░░░░  79%  Streaming frame 2260/2302
  ███████████████████░░░░░░  79%  Streaming frame 2261/2302
  ███████████████████░░░░░░  79%  Streaming frame 2262/2302
  ███████████████████░░░░░░  79%  Streaming frame 2263/2302
  ███████████████████░░░░░░  79%  Streaming frame 2264/2302
  ███████████████████░░░░░░  79%  Streaming frame 2265/2302
  ███████████████████░░░░░░  79%  Streaming frame 2266/2302
  ███████████████████░░░░░░  79%  Streaming frame 2267/2302
  ███████████████████░░░░░░  79%  Streaming frame 2268/2302
  ███████████████████░░░░░░  79%  Streaming frame 2269/2302
  ███████████████████░░░░░░  79%  Streaming frame 2270/2302
  ███████████████████░░░░░░  79%  Streaming frame 2271/2302
  ███████████████████░░░░░░  79%  Streaming frame 2272/2302
  ███████████████████░░░░░░  79%  Streaming frame 2273/2302
  ███████████████████░░░░░░  79%  Streaming frame 2274/2302
  ███████████████████░░░░░░  79%  Streaming frame 2275/2302
  ███████████████████░░░░░░  79%  Streaming frame 2276/2302
  ███████████████████░░░░░░  79%  Streaming frame 2277/2302
  ███████████████████░░░░░░  79%  Streaming frame 2278/2302
  ███████████████████░░░░░░  79%  Streaming frame 2279/2302
  ███████████████████░░░░░░  79%  Streaming frame 2280/2302
  ███████████████████░░░░░░  79%  Streaming frame 2281/2302
  ████████████████████░░░░░  80%  Streaming frame 2282/2302
  ████████████████████░░░░░  80%  Streaming frame 2283/2302
  ████████████████████░░░░░  80%  Streaming frame 2284/2302
  ████████████████████░░░░░  80%  Streaming frame 2285/2302
  ████████████████████░░░░░  80%  Streaming frame 2286/2302
  ████████████████████░░░░░  80%  Streaming frame 2287/2302
  ████████████████████░░░░░  80%  Streaming frame 2288/2302
  ████████████████████░░░░░  80%  Streaming frame 2289/2302
  ████████████████████░░░░░  80%  Streaming frame 2290/2302
  ████████████████████░░░░░  80%  Streaming frame 2291/2302
  ████████████████████░░░░░  80%  Streaming frame 2292/2302
  ████████████████████░░░░░  80%  Streaming frame 2293/2302
  ████████████████████░░░░░  80%  Streaming frame 2294/2302
  ████████████████████░░░░░  80%  Streaming frame 2295/2302
  ████████████████████░░░░░  80%  Streaming frame 2296/2302
  ████████████████████░░░░░  80%  Streaming frame 2297/2302
  ████████████████████░░░░░  80%  Streaming frame 2298/2302
  ████████████████████░░░░░  80%  Streaming frame 2299/2302
  ████████████████████░░░░░  80%  Streaming frame 2300/2302
  ████████████████████░░░░░  80%  Streaming frame 2301/2302
  ████████████████████░░░░░  80%  Streaming frame 2302/2302
[static-dedup] reused 1693/3995 frame(s) (42%), est. ~6772ms saved (avg 4ms/frame)
[INFO] [Render:trace] {"renderJobId":"c610ef05-49e8-4070-965c-599b52b3f567","phase":"capture_streaming","status":"end","elapsedMs":20207,"durationMs":18153,"stagePhase":"capturing","workerCount":1,"forceScreenshot":false,"totalFrames":2302,"framesCompleted":2302,"captureMode":"drawelement","captureOperation":"encode"}
[INFO] [Render:trace] {"renderJobId":"c610ef05-49e8-4070-965c-599b52b3f567","phase":"assemble","status":"start","elapsedMs":20207,"stagePhase":"capturing","hasAudio":true,"workerCount":1,"forceScreenshot":false,"totalFrames":2302,"framesCompleted":2302,"captureMode":"drawelement","captureOperation":"encode"}
  ██████████████████████░░░  90%  Assembling final video
[INFO] [Render:trace] {"renderJobId":"c610ef05-49e8-4070-965c-599b52b3f567","phase":"assemble","status":"end","elapsedMs":22213,"durationMs":2006,"stagePhase":"capturing","hasAudio":true,"workerCount":1,"forceScreenshot":false,"totalFrames":2302,"framesCompleted":2302,"captureMode":"drawelement","captureOperation":"encode"}
[INFO] [Render:trace] {"renderJobId":"c610ef05-49e8-4070-965c-599b52b3f567","phase":"pipeline","status":"checkpoint","elapsedMs":22234,"message":"artifact validated","totalElapsedMs":22233}
  █████████████████████████  100%  Render complete

◇  /Users/brownmanbrain/GitHub/operator-economy/blueprint-cinema/experiments/EP009-FULL-BUILD-001/scenes/seg029__seg034/qa/seg029__seg034.mp4
   4.4 MB · 1m 35.9s video · rendered in 22.2s
