source_frame,source_time_s,candidate_frame,candidate_time_s,candidate_minus_source_sampling_ms,source_mouth_aperture,candidate_mouth_aperture,source_mouth_width,candidate_mouth_width,source_left_eye_aperture,candidate_left_eye_aperture,source_right_eye_aperture,candidate_right_eye_aperture,source_left_brow_height,candidate_left_brow_height,source_right_brow_height,candidate_right_brow_height,source_interocular_width_fraction,candidate_interocular_width_fraction,source_face_center_x,candidate_face_center_x,source_nose_x,candidate_nose_x,source_shoulder_center_x,candidate_shoulder_center_x,source_face_center_y,candidate_face_center_y,source_nose_y,candidate_nose_y,source_shoulder_center_y,candidate_shoulder_center_y,source_head_pitch_deg,candidate_head_pitch_deg,source_head_yaw_deg,candidate_head_yaw_deg,source_head_roll_deg,candidate_head_roll_deg,source_left_wrist_x,candidate_left_wrist_x,source_left_wrist_body_relative_x,candidate_left_wrist_body_relative_x,source_left_wrist_y,candidate_left_wrist_y,source_left_wrist_body_relative_y,candidate_left_wrist_body_relative_y,source_right_wrist_x,candidate_right_wrist_x,source_right_wrist_body_relative_x,candidate_right_wrist_body_relative_x,source_right_wrist_y,candidate_right_wrist_y,source_right_wrist_body_relative_y,candidate_right_wrist_body_relative_y,source_left_elbow_x,candidate_left_elbow_x,source_left_elbow_body_relative_x,candidate_left_elbow_body_relative_x,source_left_elbow_y,candidate_left_elbow_y,source_left_elbow_body_relative_y,candidate_left_elbow_body_relative_y,source_right_elbow_x,candidate_right_elbow_x,source_right_elbow_body_relative_x,candidate_right_elbow_body_relative_x,source_right_elbow_y,candidate_right_elbow_y,source_right_elbow_body_relative_y,candidate_right_elbow_body_relative_y
0,0.0,0,0.0,0.0,0.023794494012588836,0.02668182153747308,0.5676685418999887,0.5722526916594708,0.05322474334134039,0.055428942350935734,0.05191588142156591,0.05399742012138675,0.13615512049412343,0.14342363155317112,0.09954014251279104,0.10554686895487325,0.1015690861884441,0.10056310943058587,0.5156666934490204,0.5154215544462204,0.512425422668457,0.5117206573486328,0.5159458816051483,0.5102894008159637,0.27195578813552856,0.27313217520713806,0.32486650347709656,0.3266316056251526,0.6192274987697601,0.6100709438323975,179.3213653564453,-179.91567993164065,2.5581843852996826,3.061086654663086,3.8817963600158687,4.32338809967041,,,,,,,,,,,,,,,,,,0.770127534866333,,0.8067584307993484,,0.9729851484298706,,0.6338217198115005,,,,,,,,
1,0.041666666666666664,1,0.041666666666666664,0.0,0.049627162394753475,0.03192524980566385,0.5864391594039653,0.5854891909009884,0.06031919281529595,0.0546742336248968,0.058469509852517594,0.05231058271043989,0.1374993375252837,0.14415898177214495,0.09587557127989126,0.1057873683657999,0.10071328851351864,0.10026143368426411,0.5169181078672409,0.517428994178772,0.5151934027671814,0.5147555470466614,0.5193250179290771,0.515582799911499,0.2684064507484436,0.2693493664264679,0.3169984221458435,0.31808626651763916,0.6267286837100983,0.610082745552063,176.25724792480472,-183.5706024169922,0.23356579244136813,2.470843553543091,4.055913925170898,3.886223077774048,,,,,,,,,,,,,,,,,,,,,,,,,0.22476068139076233,0.2303069680929184,-0.9119645292031608,-0.8817153577861936,0.9686895608901978,0.985910952091217,0.595520520715253,0.6533942726898123
2,0.08333333333333333,2,0.08333333333333333,0.0,0.05205251782868652,0.045663345793398806,0.5824762858869972,0.5851671022327938,0.06812153445068307,0.06348483548422257,0.06593455821856585,0.06037992907345522,0.1304703037113783,0.1413200797770139,0.08639201043334269,0.10408532176739665,0.1012055114384508,0.09954933804000418,0.5195469707250595,0.5196481198072433,0.5177134871482849,0.5173628330230713,0.521294504404068,0.5183005332946777,0.26461201906204224,0.266059935092926,0.3132535219192505,0.3141208291053772,0.6211489737033844,0.6106404066085815,176.1099395751953,-183.67588806152344,0.3877614140510559,2.083087205886841,4.2444748878479,3.7491354942321777,,,,,,,,,,,,,,,,,,,,,,,,,0.22263407707214355,0.2288247048854828,-0.9270115872049681,-0.889427963472542,0.9612420201301575,0.9903435707092285,0.5937830001109514,0.6562438054919744
3,0.125,3,0.125,0.0,0.06148228553332849,0.058205760572149955,0.5824225964307871,0.5827748043586893,0.06730090551461572,0.06412823654858534,0.06596356348053439,0.06085186343576676,0.13208040132547402,0.14314718235665286,0.08692827066191926,0.10277722887963466,0.10090091433121803,0.10023829270597012,0.5218767821788788,0.5218887627124786,0.52008455991745,0.5197592973709106,0.5214003473520279,0.5189732313156128,0.2607662230730057,0.26298755407333374,0.3085675835609436,0.31030526757240295,0.6175287663936615,0.6084098815917969,176.0025329589844,-184.20338439941403,0.2808360159397125,1.758344292640686,4.547417640686035,4.006545066833496,,,,,,,,,,,,,,,,,,,,,,,,,0.22336074709892273,0.22624650597572327,-0.9247918418761363,-0.9074267686720228,0.948968231678009,0.987226128578186,0.5784912096819674,0.6605418463922533
4,0.16666666666666666,4,0.16666666666666666,0.0,0.08690889587510561,0.07717500900731884,0.5881508767068314,0.5758914991324754,0.05224368889643329,0.047576497426258794,0.050477883229093454,0.044292317535887,0.14642231076054874,0.15968221223599752,0.09928277732493379,0.11553003473832561,0.10030556017426595,0.09989255071428421,0.5246857553720474,0.525001659989357,0.5225200653076172,0.5222593545913696,0.5227354764938354,0.5230369716882706,0.25976914167404175,0.2619827687740326,0.30606913566589355,0.3080616891384125,0.6168280243873596,0.6103360652923584,175.4220733642578,-184.36134338378906,1.3050841093063354,2.567511796951294,4.760293483734131,4.437965393066406,,,,,,,,,,,,,,,,,,0.7691384553909302,,0.7516935203037488,,0.9976177215576172,,0.6653896302514384,0.2258000671863556,0.23071423172950745,-0.9209740810890559,-0.8928719411132315,0.946905791759491,0.9711017608642578,0.5758696863616957,0.6198324885792502
5,0.20833333333333334,5,0.20833333333333334,0.0,0.09556691405302517,0.07918360741872582,0.5938334014307558,0.594655888873024,0.04317619174146071,0.03786034606662999,0.04181060315471617,0.03685482474484537,0.16320693862160812,0.16683336560635972,0.11381518806562009,0.1253778775816849,0.09968103788182224,0.09951408847274268,0.5270374119281769,0.527440756559372,0.5249043107032776,0.5241237878799438,0.5249378979206085,0.5257241427898407,0.2617974132299423,0.26207685470581055,0.30194762349128723,0.30298683047294617,0.6170776188373566,0.6092043220996857,172.3491668701172,-187.21342468261716,1.6695561408996584,4.2206034660339355,5.163601398468018,4.491914749145508,,,,,,,,,,,,,,,,,,0.7724767923355103,,0.7482192106571447,,0.9964909553527832,,0.660574895568034,0.22588185966014862,0.2319728285074234,-0.9317689757913048,-0.8907315763643292,0.93836510181427,0.9720042943954468,0.5630824652888964,0.6188092571083881
6,0.25,6,0.25,0.0,0.0999308703298854,0.08939440520090337,0.6024915044810795,0.5969232018583283,0.04714889987808482,0.04203706717819438,0.04420763086486257,0.03898332588259909,0.15291481300174367,0.1631719430520565,0.09826485561379135,0.11425147819612011,0.09936926503983434,0.09912380138068527,0.5290961414575577,0.5293969511985779,0.5263774991035461,0.5263391137123108,0.5259198546409607,0.5267214179039001,0.2579655200242996,0.25880222022533417,0.30033305287361145,0.30156826972961426,0.6164203584194183,0.6070170700550079,173.6605682373047,-185.7979736328125,2.1127748489379883,3.1348955631256104,5.458890438079835,4.886135578155518,,,,,,,,,,0.4340697228908539,,-0.2833883640725008,,1.0444917678833008,,0.7526691432283911,,0.7725706100463867,,0.7519646603334655,,0.9955634474754333,,0.6684886473418652,0.2187432050704956,0.2281404435634613,-0.9505574987635197,-0.9132523031510191,0.9409806728363037,0.9655981063842773,0.5649475574381996,0.6169336940666491
7,0.2916666666666667,7,0.2916666666666667,0.0,0.1122713021354803,0.09175345574810546,0.5990661558915702,0.5969074312536502,0.0557416429772333,0.05060416164331884,0.05206111021533116,0.04728346056332198,0.144924570111338,0.15526810744183497,0.08627705650542418,0.1031559624362326,0.10017434933810296,0.09934374104384536,0.5310853272676468,0.5313989371061325,0.5284866690635681,0.5280690789222717,0.5270616412162781,0.5283603519201279,0.2560611516237259,0.25681647658348083,0.29878076910972595,0.2999131381511688,0.6177969872951508,0.6079756915569305,173.77780151367188,-185.5670166015625,1.6803313493728638,3.536860227584839,5.794210910797119,5.187201023101807,,,,,,,,,,0.4478702247142792,,-0.24624968533518898,,1.031212568283081,,0.7283482785454637,,0.7741129398345947,,0.7518499416640069,,1.0041918754577637,,0.6818483722597464,0.22431150078773499,0.23104606568813324,-0.9323600441157588,-0.9095966421204145,0.9440492987632751,0.9654805660247803,0.565165215890659,0.6152300855833762
8,0.3333333333333333,8,0.3333333333333333,0.0,0.10927086586008153,0.09033270865705416,0.5981920949109247,0.5963927619825194,0.06399584514343433,0.06389453424667212,0.06103787132136569,0.060633404719577115,0.1387770424859068,0.1444024707420561,0.07971448655894177,0.09042868010555796,0.10097443011028166,0.09992601637838057,0.5329029262065887,0.5331477075815201,0.5303624868392944,0.5297659635543823,0.5303505063056946,0.5301744043827057,0.2544253319501877,0.25537119805812836,0.2978944778442383,0.2996957004070282,0.6171041131019592,0.6044283211231232,174.0078887939453,-185.02188110351562,1.4328536987304688,3.3506312370300293,5.880574703216553,5.399393558502198,,,,,,,,,,,,,,,,,,0.7740393877029419,,0.7541813968831521,,0.9987590909004211,,0.6859770160059907,0.2247537076473236,0.23046475648880005,-0.9530085622548173,-0.9268876483638508,0.9389185309410095,0.9427670240402222,0.5645157019471633,0.5885733288261665
9,0.375,9,0.375,0.0,0.08974904157569565,0.07930905740145208,0.5965010066498587,0.6013511505042003,0.06557424649289448,0.06448340953732432,0.06262198721682218,0.06176245204346375,0.14383290312717428,0.1458079837604722,0.08237756864068894,0.08968833909082324,0.09976204016199748,0.09899669830859871,0.5345093011856079,0.5343966484069824,0.5319220423698425,0.5314012765884399,0.5309758484363556,0.5297555327415466,0.25410228967666626,0.2546543926000595,0.29677772521972656,0.29703661799430847,0.6147200167179108,0.6073920428752899,174.1840057373047,-185.79086303710938,1.4684877395629883,2.80370831489563,6.155735492706299,5.621154308319092,,,,,,,,,,0.4375101625919342,,-0.28601713486617686,,1.0475313663482666,,0.7676445524701655,,0.7764436602592468,,0.7648842573202157,,0.9935354590415955,,0.673470590069837,0.2236262857913971,0.23157848417758942,-0.9599231185295781,-0.9245314423346617,0.9418181777000427,0.9515085816383362,0.5746514157362175,0.600171746327864
10,0.4166666666666667,10,0.4166666666666667,0.0,0.0701865024554715,0.0650386021279251,0.6011847758902025,0.5979784013396843,0.06305821353637461,0.06355814556999825,0.06040869163843427,0.060994643521919883,0.1486759402607613,0.15131666346826755,0.08433124427516987,0.09032304734909098,0.09966415891575581,0.09884150184105167,0.5360270589590073,0.5364786684513092,0.5330438017845154,0.5329667925834656,0.5323884338140488,0.5282812863588333,0.2535480558872223,0.25456902384757996,0.2956444323062897,0.29607388377189636,0.6135523319244385,0.6005730032920837,173.79693603515625,-186.13841247558594,2.0034842491149902,3.435786485671997,6.576027870178223,6.258404731750488,,,,,,,,,,0.42715680599212646,,-0.31565415999930524,,1.0554684400558472,,0.7987103667469813,,0.7766588926315308,,0.7752961932297704,,0.9902787804603577,,0.6842496517878552,0.22409343719482422,0.23106136918067932,-0.9694690513103821,-0.9277546144288633,0.9269528985023499,0.956863522529602,0.5543573078606402,0.6255787776487528
11,0.4583333333333333,11,0.4583333333333333,0.0,0.05207238941884999,0.04274007602125937,0.5904749102545751,0.5955654388848868,0.06472256963848222,0.0642482413518497,0.06258042873343403,0.06217018851395449,0.14891832160473664,0.1514718581335841,0.08407122194397038,0.08960931156731136,0.09981787331080812,0.09912703230132576,0.5377724170684814,0.5380905121564865,0.5349167585372925,0.5348712205886841,0.5321876108646393,0.5292525589466095,0.25388065725564957,0.2544325664639473,0.29594385623931885,0.29506590962409973,0.6118313670158386,0.5982273817062378,173.90399169921875,-186.72764587402344,1.971718192100525,2.9361090660095215,6.6397175788879395,6.394637107849121,,,,,,,,,0.36910292506217957,0.421345978975296,-0.5114607518469764,-0.33567837459175387,1.0327849388122559,1.0550243854522705,0.7426015598040621,0.7993209739790311,,0.7750651836395264,,0.7646798029646307,,0.9867101311683655,,0.6797820632088958,0.22596529126167297,0.2357122302055359,-0.9603642245487651,-0.9131522883509776,0.9313132166862488,0.9489750862121582,0.563595930263473,0.6137518295598423
12,0.5,12,0.5,0.0,0.08715168508171456,0.08772906918194805,0.5810420467015369,0.575500661064044,0.06581552340872521,0.06093259998007461,0.06154332849969527,0.05844775345562692,0.15168159962348957,0.15671015636621272,0.08185932793000666,0.08863201529062203,0.10041594249466544,0.10003129021077482,0.539787620306015,0.5399026870727539,0.5365811586380005,0.5360229015350342,0.5335943102836609,0.5289687812328339,0.25427766889333725,0.25545740127563477,0.29826676845550537,0.2995426654815674,0.6131198108196259,0.6010914742946625,175.5247802734375,-184.2344512939453,1.6181780099868774,2.819890022277832,6.9730119705200195,7.024781227111816,,,,,,,,,,0.4321991205215454,,-0.29688531735992796,,1.0540547370910645,,0.7816908143996023,,0.7737334966659546,,0.7509280252276186,,0.992477536201477,,0.6754253923106923,0.23499031364917755,0.23976635932922363,-0.936053573673901,-0.8872610710527923,0.9401317834854126,0.9688326120376587,0.5766220818127342,0.6346207144391897
13,0.5416666666666666,13,0.5416666666666666,0.0,0.12771969505872577,0.10919391762868721,0.589722818909616,0.5804802317944356,0.06706532133927677,0.06483272509951858,0.06303453334360924,0.06192022434160422,0.14776630187423945,0.15079490882470606,0.07422392371647112,0.08206821851670656,0.10116643650398963,0.10077550016746226,0.541437640786171,0.5413697063922882,0.5382092595100403,0.5378955602645874,0.5334659963846207,0.5305352509021759,0.25534459203481674,0.256422221660614,0.30100053548812866,0.3011097311973572,0.6164289116859436,0.6022158861160278,176.04266357421875,-184.49029541015625,1.0709807872772217,2.015746831893921,7.326165676116944,7.011127471923828,,,,,,,,,0.3600732684135437,0.4251323938369751,-0.5414370171511461,-0.32684192094680026,1.0320112705230713,1.044052004814148,0.729956021815728,0.7706711707105187,,0.776971697807312,,0.7641705731748267,,0.994404673576355,,0.6840739794251571,0.23462983965873718,0.2388628125190735,-0.9331473078938132,-0.9044420872709369,0.9423129558563232,0.9640153646469116,0.5724040383269976,0.6310675290726017
14,0.5833333333333334,14,0.5833333333333334,0.0,0.0828200181654923,0.07079040376236702,0.5817498442625877,0.571304421347429,0.06796428694659803,0.0625333525170363,0.06476381295724974,0.05960370290144936,0.1482713058273441,0.15405378641476758,0.07353238283173731,0.0822108982612806,0.10161460128845472,0.10143806840573516,0.5427133440971375,0.5428251028060913,0.5396375060081482,0.5391383171081543,0.5344509184360504,0.5328645408153534,0.25803597271442413,0.2591713219881058,0.3046059012413025,0.3041773736476898,0.6141866445541382,0.6050466597080231,175.4873809814453,-184.9191131591797,0.25000298023223877,2.194204568862915,7.676919460296631,7.475556373596192,,,,,,,,,,0.42663314938545227,,-0.3291274275788103,,1.0320159196853638,,0.7440983490733888,,0.7791600823402405,,0.7630759318417373,,1.0048247575759888,,0.696711099611808,0.23851683735847473,0.2445673644542694,-0.9264190407852693,-0.8932059230022503,0.9479213953018188,0.9682697653770447,0.5876739591058557,0.6330050863333146
15,0.625,15,0.625,0.0,0.06990198393603624,0.061263268122505744,0.5505688501900878,0.542741957775387,0.06711325761985619,0.06676156526018054,0.06324273981404813,0.06377149028381769,0.15359273968656922,0.15245582499561322,0.08042317468531492,0.0819204483592932,0.10077313828863192,0.10012942988711371,0.5430938154459,0.5435981899499893,0.5402397513389587,0.5397509336471558,0.5357194095849991,0.5327997207641602,0.2613767236471176,0.26182082295417786,0.3103576898574829,0.3095473349094391,0.616956502199173,0.607184112071991,177.7095947265625,-182.29930114746094,-0.19728389382362366,1.8749090433120728,7.199530124664307,7.200301170349122,,,,,,,,,,0.4623763859272003,,-0.21567821729410186,,1.0454058647155762,,0.7549290830556449,,0.7800583243370056,,0.7572531882036406,,1.009024739265442,,0.6922549471623036,0.25076189637184143,0.254741370677948,-0.8929972232719773,-0.8515803659280736,0.9477521181106567,0.9749612212181091,0.5831123884788503,0.6335733771809127
16,0.6666666666666666,16,0.6666666666666666,0.0,0.046700679365686205,0.04268574275941782,0.5077881962193057,0.5078553612345643,0.07185381564704801,0.07211046853807833,0.06995335489229014,0.06888621719587093,0.15159962565438145,0.1537187660846464,0.07711623831783285,0.07918382418294083,0.10136532560290737,0.1009171357620912,0.5440232008695602,0.5442028492689133,0.5399914383888245,0.5399278998374939,0.533743217587471,0.5340958535671234,0.2650166004896164,0.26575028896331787,0.31419047713279724,0.3131016492843628,0.622564435005188,0.610177606344223,178.44387817382812,-182.5008392333984,1.5351029634475708,2.550367593765259,7.722758769989014,7.47384214401245,,,,,,,,,,,,,,,,,,,,,,,,,,0.2617589831352234,,-0.8386985529402772,,0.961886465549469,,0.6092636752680567
17,0.7083333333333334,17,0.7083333333333334,0.0,0.03744493123005666,0.04296820391493192,0.49294597322598194,0.4869839500290051,0.0717343300405923,0.06814203722004206,0.06903522344252176,0.06543024021203962,0.15420178006956775,0.15738319859946223,0.07967487756107286,0.08130257031314343,0.10126553886325212,0.10100770940564459,0.5449719280004501,0.5448808968067169,0.5408380031585693,0.5403409600257874,0.5328152179718018,0.532915472984314,0.2663106471300125,0.2675180733203888,0.3155992329120636,0.3138355612754822,0.6236737370491028,0.6133242249488831,178.55702209472656,-182.6420745849609,2.1135292053222656,3.060214996337891,7.554724216461181,7.828537464141845,,,,,,,,,,,,,,,,,,,,,,,,,,0.26393887400627136,,-0.8206599952892238,,0.9697961807250977,,0.6117819523928567
18,0.75,18,0.75,0.0,0.03338520962950551,0.04297400003001207,0.5018551052560265,0.49396018180826046,0.04877396934346768,0.042218539414234244,0.045846386480174375,0.039675802376288954,0.1745539783715273,0.17914311753703424,0.10215056727196997,0.10901677208069559,0.09953214732340905,0.09875622834709728,0.5443857908248901,0.5449210554361343,0.540176510810852,0.5403878688812256,0.5313135534524918,0.5333296209573746,0.2663748860359192,0.2680870294570923,0.31270208954811096,0.3112543821334839,0.6253016889095306,0.6105320155620575,177.46923828125,-183.631103515625,3.445598602294922,4.818347930908203,7.291018962860107,7.102766036987305,,,,,,,,,,,,,,,,,,,,,,,,,,0.2638774514198303,,-0.8246311159783484,,0.9687108993530273,,0.61659576690972
19,0.7916666666666666,19,0.7916666666666666,0.0,0.05223171214984207,0.05064341188136094,0.4893418759830797,0.4888102666627898,0.04387791151408691,0.04174010133888754,0.04251620998162957,0.041240497715318646,0.16948319621009003,0.16689626256308923,0.09607417464176213,0.09937065278246879,0.09973010605154223,0.0993103497413161,0.5454269647598267,0.5451803356409073,0.5419196486473083,0.5411933064460754,0.5338597595691681,0.5330194234848022,0.263359859585762,0.2651005685329437,0.30577269196510315,0.3068143427371979,0.6225312650203705,0.6156085729598999,175.44715881347656,-184.52078247070312,2.8134357929229736,4.521969795227051,7.469709396362306,7.091249942779541,,,,,,,,,,,,,,,,,,,,,,,,,,0.25973421335220337,,-0.8358320636902036,,0.978691041469574,,0.6246413131843881
20,0.8333333333333334,20,0.8333333333333334,0.0,0.07159180352118912,0.05690662913343034,0.5254599282917815,0.5275597857405372,0.06185720525368349,0.055324998933903816,0.059891521009740344,0.05230680686119191,0.14582646923522558,0.1557343048894403,0.07646896408372594,0.08640572268673168,0.10043490932874002,0.10018640492938108,0.5443324446678162,0.5443230122327805,0.541163980960846,0.5408442616462708,0.5348276495933533,0.5303740203380585,0.25890304893255234,0.26065918803215027,0.3031598627567291,0.30412763357162476,0.618645966053009,0.6125826239585876,175.8762664794922,-184.47354125976562,2.0360682010650635,2.7482080459594727,6.993028163909912,7.007774353027344,,,,,,,,,,,,,,,,,,0.7843943238258362,,0.7780255942379233,,0.9910640120506287,,0.6520674296297576,0.2538522779941559,0.25665926933288574,-0.8743809357042394,-0.8383466946480963,0.937474250793457,0.9711167216300964,0.5580997079883705,0.6177011997388663
21,0.875,21,0.875,0.0,0.08384015940525631,0.06867070480029158,0.5333771611921857,0.5405650536871474,0.06697437236063832,0.06333660471603672,0.06455252058561319,0.0605802569718913,0.1429838977137516,0.14687976045316267,0.07449688418462773,0.07829459139566892,0.10014149155967313,0.1001692705015428,0.5437772572040558,0.5440008044242859,0.5410467982292175,0.5401860475540161,0.5361238121986389,0.5316688716411591,0.2563875913619995,0.2578948438167572,0.30102571845054626,0.3009723126888275,0.6149817407131195,0.6136245429515839,176.05728149414062,-184.5458984375,0.7967196106910706,3.2934379577636723,6.75147008895874,6.906761646270752,,,,,,,,,,,,,,,,,,,,,,,,,0.23924469947814941,0.25547435879707336,-0.9312513790010584,-0.83840606471607,0.925399124622345,0.9859966039657593,0.5477165283794705,0.6358270208811401
22,0.9166666666666666,22,0.9166666666666666,0.0,0.07926849299540163,0.06822406239204216,0.5118034995475639,0.5142541519384612,0.06859095787648689,0.06902827291314635,0.06660895089429886,0.06752140129218408,0.14169725275095957,0.14072157318135045,0.07417235539277987,0.07557655483977639,0.10071208673037559,0.10001681109527649,0.5433168709278107,0.5433919876813889,0.5410587787628174,0.5405156016349792,0.5361536145210266,0.5331241339445114,0.2550640255212784,0.25609734654426575,0.2997083365917206,0.3003750145435333,0.6174591183662415,0.6133520603179932,176.2186279296875,-183.6372528076172,-0.23957124352455136,1.445637822151184,6.603529453277588,6.563107967376709,,,,,,,,,,,,,,,,,,,,,,,,,0.23712480068206787,0.2543986737728119,-0.9356547675160675,-0.8547581315211539,0.9202520847320557,0.9628433585166931,0.5329309051818788,0.6028725272407842
23,0.9583333333333334,23,0.9583333333333334,0.0,0.08241094748845196,0.06329711435906339,0.48634712316329,0.4844102562385101,0.07026056245250245,0.07157552563294023,0.06802854963785122,0.0699409347222983,0.14169282677418807,0.1393125976171043,0.07604328605142734,0.0780362086281517,0.1007643316404207,0.10067494212711213,0.5427699983119965,0.5430149734020233,0.540045976638794,0.5400046110153198,0.5365167856216431,0.5333091020584106,0.2556028589606285,0.2567450702190399,0.29996204376220703,0.3014429807662964,0.6207525432109833,0.6135073602199554,176.44662475585938,-183.295654296875,0.3814035952091217,1.756182074546814,6.506220817565918,6.239703178405762,,,,,,,,,,,,,,,,,,,,,,,,,0.23766657710075378,0.25736021995544434,-0.929299414430035,-0.8454719497426978,0.926049530506134,0.9540870785713196,0.5340072406849384,0.5869645509401626
24,1.0,24,1.0,0.0,0.07656582445871386,0.06387942308903737,0.47702438056338053,0.4845336413045334,0.07427365650757621,0.07443116261061801,0.07053858188521568,0.07103675762899378,0.13812820652432106,0.1358236285782776,0.07329672581036265,0.07425676365069943,0.10060963050223783,0.09993038875990694,0.5418354570865631,0.542023241519928,0.5394465327262878,0.5388203859329224,0.5340133011341095,0.5351872742176056,0.2571799233555794,0.2584090903401375,0.3047199845314026,0.30510804057121277,0.6230182349681854,0.613994836807251,177.88558959960938,-182.12120056152344,-1.4674922227859497,1.616408109664917,6.08332633972168,5.992477893829346,,,,,,,,,,,,,,,,,,,,,,,,,0.2454642802476883,0.2522505819797516,-0.8911453731009129,-0.8660334714882927,0.9247256517410278,0.9346046447753906,0.5241281249526841,0.5520071922109151
25,1.0416666666666667,25,1.0416666666666667,0.0,0.06549701528141309,0.05690376814999109,0.47241933969895455,0.47828755011523155,0.07772622242494062,0.07688792009727193,0.07475371489956023,0.07442675661657765,0.1313630838635598,0.13308331074274182,0.0720735020245803,0.07572506943947718,0.10043397558618689,0.10043774373692488,0.5407064706087112,0.5413010567426682,0.5387403964996338,0.5376786589622498,0.5304207503795624,0.5318813920021057,0.26022687554359436,0.26102590560913086,0.310682088136673,0.3100945055484772,0.6281226277351379,0.6132817268371582,179.01475524902344,-181.22154235839844,-2.4658918380737305,2.8276267051696777,5.476055145263672,5.8456597328186035,,,,,,,,,,,,,,,,,,0.7727937698364258,,0.7329811367980085,,0.9905108213424683,,0.6455968340762956,,0.24681824445724487,,-0.8673108116111266,,0.9357252717018127,,0.551835833357304
26,1.0833333333333333,26,1.0833333333333333,0.0,0.057016556578876915,0.052201241700702304,0.472927627441271,0.4824408815278946,0.08062175031810666,0.08201320956236009,0.07767173017426666,0.08129646622317796,0.13112381200924358,0.12698250018069854,0.07306678255015871,0.07154095416697716,0.10017348782489788,0.10036005979108159,0.5402241349220276,0.5405871123075485,0.5379000306129456,0.5369228720664978,0.5304622054100037,0.5306738615036011,0.2631447911262512,0.26335495710372925,0.3153654634952545,0.31460854411125183,0.6277319490909576,0.6101433038711548,179.90370178222656,-180.36654663085938,-1.473367691040039,2.5018954277038574,5.372458457946777,5.925347328186035,,,,,,,,,,,,,,,,,,0.7722153067588806,,0.7379012160213926,,0.9931345582008362,,0.6581394882280762,,0.2438046634197235,,-0.8763760185398167,,0.937717080116272,,0.5629090351742578
27,1.125,27,1.125,0.0,0.052569330025806806,0.04863831783679236,0.47246734076400915,0.48196377088678644,0.07947916992055407,0.08189565280109903,0.07723430998834722,0.08199463211224915,0.12942037076538748,0.1255705772791029,0.07298447213265595,0.07247094442511183,0.10031850322723163,0.10064699017176192,0.5395337641239166,0.5396523326635361,0.5372620224952698,0.5365746021270752,0.5300370156764984,0.52991883456707,0.2646574229001999,0.26533547043800354,0.3174804747104645,0.3175288438796997,0.6295807659626007,0.607709527015686,180.1170654296875,-180.0754852294922,-1.306089162826538,1.1590299606323242,5.266862392425537,5.671248912811279,,,,,,,,,,,,,,,,,,0.7724214196205139,,0.7410998471122097,,0.9908366799354553,,0.6586061931868733,,0.24318143725395203,,-0.8762836126603459,,0.9386820793151855,,0.5689509893989791
28,1.1666666666666667,28,1.1666666666666667,0.0,0.04723570592119479,0.047486140637821035,0.47761350539558817,0.48672797735345963,0.07941493860247589,0.081961980477394,0.07681994400146247,0.0809874933948151,0.1280913217966967,0.1267349269578347,0.07278126299258904,0.07491011050997924,0.10046316296809031,0.10010736899511608,0.5384266078472137,0.5387390106916428,0.5357391834259033,0.5354493260383606,0.5300753116607666,0.5312823206186295,0.2650083303451538,0.26635055243968964,0.3172352910041809,0.3182750344276428,0.6298620402812958,0.6098549962043762,179.87222290039062,-180.06063842773438,0.4624378085136413,2.0626885890960693,5.283731937408447,5.413796901702881,,,,,,,,,,,,,,,,,,0.7745341062545776,,0.7386266219207483,,0.9941316843032837,,0.6563499938556535,,0.2415628731250763,,-0.8797242587446984,,0.9424912929534912,,0.568147478337939
29,1.2083333333333333,29,1.2083333333333333,0.0,0.0370541240396677,0.040132106702748964,0.4986260979597414,0.49083243507193347,0.08109088719539702,0.07948426791731641,0.07892107073093647,0.07789890416953611,0.12602029865544137,0.1284379381023751,0.074358482517365,0.07913922892924823,0.10002150170613995,0.10018727836685942,0.5373361557722092,0.5376995205879211,0.5349974632263184,0.5346503853797913,0.530076265335083,0.5314223766326904,0.26427367329597473,0.2655187398195267,0.31582382321357727,0.3171933889389038,0.6281062364578247,0.611043244600296,179.43426513671875,-180.03582763671875,0.45372274518013,2.0211052894592285,5.031774044036865,5.183412075042725,,,,,,,,,,,,,,,,,0.7722346782684326,0.7752054929733276,0.7403107671354602,0.7380975610651704,1.0145974159240723,0.9941747784614563,0.6646249150665682,0.6525000825001936,0.24101027846336365,0.23784375190734863,-0.8837135158821481,-0.8888624862267414,0.9369668960571289,0.9402262568473816,0.5311285239085739,0.5606219370257375
30,1.25,30,1.25,0.0,0.03143479647449535,0.033660416740129595,0.5113667172257509,0.5034483954884297,0.07990802156640235,0.07907810649617023,0.07740522610893974,0.07747992568494647,0.12506635173687866,0.12452918648043841,0.07684306847079343,0.07857854430616991,0.09992609770330776,0.09997327406634861,0.5359197407960892,0.536400556564331,0.5336659550666809,0.5337799787521362,0.5298582911491394,0.5325863659381866,0.26281777024269104,0.26429222524166107,0.3140529990196228,0.31477728486061096,0.6291288137435913,0.6152499914169312,179.2817077636719,-180.7784881591797,1.0680768489837646,1.9158613681793213,4.592635631561279,4.687026977539063,,,,,,,,,,,,,,,,,0.7732741832733154,0.7772566676139832,0.74447903234298,0.7457658334914542,1.0203006267547607,0.9962010383605957,0.6729667721675963,0.653149988443048,,0.23651239275932312,,-0.902446483576245,,0.9365949630737305,,0.5509538986905798
31,1.2916666666666667,31,1.2916666666666667,0.0,0.027363678543961014,0.029724456807989002,0.5333351432436205,0.5220782741132503,0.07109150867675025,0.07668641198357358,0.06922661936016748,0.07583317815764018,0.1262482985369012,0.12398144339744398,0.08523190521944449,0.08363265594666919,0.10000007498785202,0.09919215867798332,0.5343499481678009,0.5345724523067474,0.5330553650856018,0.5326062440872192,0.5282043218612671,0.5309430509805679,0.26262353360652924,0.2639164477586746,0.31232893466949463,0.31285548210144043,0.6269820630550385,0.6182249486446381,178.2808837890625,-181.6021270751953,0.2317252904176712,1.3524529933929443,3.708813428878784,4.003534317016602,,,,,,,,,,,,,,,,,0.7741125822067261,0.7759987711906433,0.7503884876662078,0.7397426025171466,1.0167701244354248,0.993050217628479,0.669058519350881,0.6364542259935848,,0.23561787605285645,,-0.8914895489996187,,0.9385782480239868,,0.5439606880126443
32,1.3333333333333333,32,1.3333333333333333,0.0,0.029265463029545084,0.02569888318735439,0.5479173019062034,0.5366004939992622,0.049597195262113654,0.05046076407095542,0.0474269618864143,0.04858238537199387,0.1529868354108832,0.1562621640328761,0.11797793229821894,0.12255515783209088,0.09882527976867818,0.09738766560968934,0.533542811870575,0.5339352935552597,0.5309621095657349,0.5310526490211487,0.5290419161319733,0.5312460958957672,0.2640978544950485,0.26473096013069153,0.3112305700778961,0.31165093183517456,0.6209829151630402,0.6191593706607819,177.38746643066406,-182.19131469726562,2.998948812484741,4.04146146774292,3.38108491897583,3.452165126800537,,,,,,,,,,,,,,,,,0.7730994820594788,0.7772543430328369,0.7588130126563549,0.7370134217680463,1.0096055269241333,0.9920192956924438,0.6796621534926347,0.628338925491348,0.23566265404224396,0.23796138167381287,-0.912161853582251,-0.8786484733601231,0.9251583814620972,0.9376959800720215,0.5319725260647862,0.5367939471374392
33,1.375,33,1.375,0.0,0.030994369202051484,0.030120191666920666,0.5382607392744274,0.545960771639574,0.047150494999002535,0.045872910701507674,0.045110299734621113,0.044283930744833416,0.14746175063359637,0.15130179245890318,0.1192089226559886,0.12420097149901059,0.09903925794174828,0.09751012806283373,0.5321857780218124,0.5322778820991516,0.5300474166870117,0.5302112698554993,0.5284724831581116,0.5336189270019531,0.26379042863845825,0.26447945833206177,0.30973273515701294,0.3100856840610504,0.6210746467113495,0.6174158155918121,176.80116271972656,-183.1243438720703,2.943563222885132,3.1266908645629883,2.512979745864868,2.648442506790161,,,,,,,,,,,,,,,,,0.7733810544013977,0.7806257009506226,0.7604537018810308,0.7440276912467879,1.0067946910858154,0.990021288394928,0.6736953170184505,0.631323553195114,0.23549434542655945,0.23040662705898285,-0.9097121765773112,-0.9133285856001601,0.9304876327514648,0.9296150207519531,0.5404180642413096,0.5289742794801546
34,1.4166666666666667,34,1.4166666666666667,0.0,0.04615744547937768,0.038431560146450994,0.5281893141147468,0.5386765451603139,0.058764992079125215,0.04927623826346469,0.05750693118883111,0.048769986429043496,0.12919948732131017,0.13940461127101356,0.10554565305491455,0.11741117275154811,0.0994449935707345,0.09852703474768941,0.5305252224206924,0.5315553545951843,0.5288800597190857,0.5289570689201355,0.5289562344551086,0.53473961353302,0.26250413060188293,0.26330283284187317,0.30982643365859985,0.3109157979488373,0.6222134232521057,0.6099900901317596,177.40277099609375,-182.2784881591797,2.215216875076294,4.033486843109131,2.0999972820281982,2.4739444255828857,,,,,,,,,,,,,,,,,0.7725290060043335,0.7798166275024414,0.7590305197589596,0.7465917571649732,1.0062570571899414,0.9848974347114563,0.6731837098967869,0.6424318823481654,0.23231878876686096,0.2303292453289032,-0.9243926287352596,-0.9273422587281274,0.9286370277404785,0.9173346757888794,0.5371248489509359,0.5266580224363877
35,1.4583333333333333,35,1.4583333333333333,0.0,0.049511342340845144,0.04667797901519057,0.5241848524964983,0.5348549460533106,0.06955627973891107,0.0634987451903796,0.0685975770740973,0.06275519482702516,0.12089743355275799,0.1254886866792545,0.09962202619707577,0.10439142987164757,0.09967438390456493,0.09949381110434506,0.5292885154485703,0.5295196175575256,0.5276225805282593,0.5280392169952393,0.5285222679376602,0.5339281558990479,0.2625324875116348,0.26299847662448883,0.31024661660194397,0.3110194504261017,0.6197091341018677,0.6091017723083496,177.51058959960938,-182.40017700195312,2.2268552780151367,1.9308601617813113,2.062958240509033,2.120757579803467,,,,,,,,,,,,,,,,,0.7714599370956421,0.7808481454849243,0.760675016716467,0.7541356013506421,1.0048871040344238,0.9825544357299805,0.6784037798653793,0.641580685812521,0.23210744559764862,0.23255643248558044,-0.9281201664607672,-0.920440448129253,0.9162833094596863,0.9172364473342896,0.5223482578934385,0.5293663039231391
36,1.5,36,1.5,0.0,0.05722030201080158,0.051270317709148895,0.529326037701504,0.5364100884351841,0.07514921998370083,0.06957277366911963,0.0728800201907276,0.06783122910695016,0.11471544560865687,0.12083564202770179,0.09447185331975108,0.10106739994869325,0.10024078647504892,0.10022035107216172,0.5276239812374115,0.5283964425325394,0.5263105630874634,0.5268356204032898,0.5277836620807648,0.5316612422466278,0.2623831480741501,0.2634798288345337,0.3119332790374756,0.3128627836704254,0.6213456988334656,0.6127209067344666,178.34632873535156,-181.681396484375,1.8307688236236572,2.143012762069702,1.649825096130371,1.8669617176055908,,,,,,,,,,,,,,,,,0.7712429761886597,0.781997799873352,0.7563621215529674,0.7559812958097034,1.0051617622375488,0.9884495735168457,0.6707320373004627,0.6382394324760354,0.22865667939186096,0.23089256882667542,-0.9293064842039669,-0.9082792126990087,0.9159122109413147,0.923216700553894,0.5147653150164823,0.5274302355755233
37,1.5416666666666667,37,1.5416666666666667,0.0,0.057544469294251874,0.05304844883625174,0.5374823715936794,0.5309662490178982,0.07548654836055481,0.07468036804699227,0.07277934655340056,0.07308796807477656,0.11364554696414968,0.11491854643409655,0.09677336594428738,0.09875722951022459,0.09979037505514002,0.10052692708063576,0.5259494930505753,0.5267567783594131,0.5249590277671814,0.525258481502533,0.5273745656013489,0.5325330793857574,0.2627931833267212,0.2640107125043869,0.3132479786872864,0.31386834383010864,0.6203835904598236,0.6138517260551453,178.8386993408203,-181.47756958007812,1.7164287567138672,2.1617162227630615,1.2234280109405518,1.431068778038025,,,,,,,,,,,,,,,,,0.7722419500350952,0.7815183997154236,0.7625346212281929,0.758197476677723,1.0056942701339722,0.9925839900970459,0.6749353851114895,0.6487291647794906,0.22801950573921204,0.23023734986782074,-0.9322131557560704,-0.9205356324922355,0.9135282039642334,0.923450767993927,0.5134912761210758,0.5303111114696475
38,1.5833333333333333,38,1.5833333333333333,0.0,0.05292742421398536,0.04913950568515213,0.5349264409196166,0.5329187906736881,0.0746377319587193,0.07779443601144521,0.07233565999603016,0.07616272082119938,0.11129707484457939,0.10943887405464241,0.09848262349163128,0.09605786024982461,0.0997642895757221,0.10041047354756323,0.5250002145767212,0.5254672467708588,0.5238977074623108,0.5241209864616394,0.5279698073863983,0.5325425267219543,0.2633124887943268,0.26437120139598846,0.31451311707496643,0.3155181109905243,0.6195798516273499,0.6100079119205475,179.26918029785156,-180.76576232910153,2.3156316280364995,2.2084994316101074,0.9219813942909242,1.1115527153015137,,,,,,,,,,,,,,,,,0.7734360694885254,0.7807579040527344,0.7693274184558181,0.7617304521791345,1.0097697973251343,0.9889556765556335,0.6878884264846035,0.6541457304405222,0.22777459025382996,0.23185011744499207,-0.9408560241704244,-0.9227734693493176,0.9182533025741577,0.9201382398605347,0.5265487039577829,0.5353519636074883
39,1.625,39,1.625,0.0,0.053448961132168835,0.047912981182321596,0.5342083087360023,0.5344669397766872,0.07665454750736965,0.07817984105176556,0.07433619781460535,0.07697189026418465,0.10861543194911116,0.10529635130920431,0.09890722183085682,0.09630433674806617,0.09975872053194519,0.10055750714016819,0.5232528150081635,0.5239757150411606,0.5224210023880005,0.5226067900657654,0.5276438295841217,0.5331688821315765,0.2639772891998291,0.2648222893476486,0.3152180314064026,0.3159884214401245,0.6194679141044617,0.6088434457778931,179.2117919921875,-180.9746856689453,2.1378729343414307,2.551551103591919,0.527184247970581,0.7482243776321411,,,,,,,,,,,,,,,,,0.7745676040649414,0.7828649878501892,0.7720924944715811,0.7688629754446211,1.0108752250671387,0.9920719861984253,0.6884269825270389,0.6637698941918246,0.22875502705574036,0.2298814207315445,-0.9345791088726747,-0.9338812045785634,0.9193572402000427,0.9293216466903687,0.527460520214285,0.5550833486384646
40,1.6666666666666667,40,1.6666666666666667,0.0,0.05122314675953984,0.047498879979811,0.5372255529815725,0.5345569632040134,0.07804464017626785,0.07789889527897069,0.07570665208346503,0.0765925003037492,0.10730637379344657,0.1041487471227599,0.10052470531406615,0.09931502876812284,0.10050000153496787,0.10084013576565197,0.5219069868326187,0.522621214389801,0.5210096836090088,0.5211948156356812,0.5264424234628677,0.5312463343143463,0.2639531046152115,0.2649495601654053,0.31585708260536194,0.31653547286987305,0.6205336451530457,0.6135328412055969,179.13316345214844,-180.83497619628906,2.413999080657959,3.0241525173187256,0.25843173265457153,0.3675238788127899,,,,,,,,,,,,,,,,,0.7733197212219238,0.7819063663482666,0.7710360812167715,0.7687895085793677,1.008154273033142,0.9946958422660828,0.6809621200721605,0.657590638071006,0.2280951738357544,0.23096540570259094,-0.9317847217316807,-0.9209798054759193,0.9226626753807068,0.9308741092681885,0.5307726425303029,0.5474840065036289
41,1.7083333333333333,41,1.7083333333333333,0.0,0.03735022613317649,0.03579657925414321,0.5501568336184065,0.5469822134752214,0.07761724284842249,0.08013842717686472,0.07594598072723578,0.07927578010687807,0.10399811277090074,0.10107280885614009,0.10126339526888758,0.10053654732075626,0.1007771281959958,0.10065882570913276,0.5207090824842453,0.5213203877210617,0.5193004012107849,0.5193027853965759,0.5262010097503662,0.532713919878006,0.26451732218265533,0.2655995786190033,0.3170832097530365,0.3179328143596649,0.618831068277359,0.610895961523056,179.36273193359375,-180.40521240234375,3.4972710609436035,4.311794281005859,0.17899028956890106,0.28885966539382935,,,,,,,,,,,,,,,,,0.7731359004974365,0.780797004699707,0.7724848281495807,0.7661365643491842,1.004962682723999,0.9923039078712463,0.6794623362910305,0.6625540301765857,0.22643139958381653,0.23045998811721802,-0.9377673405868074,-0.9334283673821299,0.9246488213539124,0.9201789498329163,0.5381368352406259,0.5372638203575488
42,1.75,42,1.75,0.0,0.027789188158032083,0.02684183401796027,0.55918477013408,0.5522905085528182,0.07776907781695552,0.0759247749405116,0.07794774997158854,0.07629043355645451,0.09983578419069011,0.10140846448962644,0.10476257547122046,0.10627876896278508,0.10044419076637029,0.10007917451864526,0.5194232612848282,0.5198898315429688,0.5184097290039062,0.518020510673523,0.5263883173465729,0.5316016525030136,0.2655276209115982,0.2663259655237198,0.31907692551612854,0.3206876516342163,0.6207293570041656,0.6088283061981201,180.0509490966797,-178.85853576660156,3.2747886180877686,4.670166015625,-0.35898682475090027,-0.10021983087062836,,,,,,,,,,,,,,,,,0.7741905450820923,0.7795934677124023,0.7703753316894916,0.7626094808861014,1.0069591999053955,0.9924542307853699,0.6754069350162504,0.6635831162946471,0.22653575241565704,0.23142403364181519,-0.9321910512166401,-0.9230881184529427,0.9254357814788818,0.9200457334518433,0.5328454960608983,0.5383333528473745
43,1.7916666666666667,43,1.7916666666666667,0.0,0.028392172075162495,0.03049563443994578,0.5639157667427876,0.5618594138842518,0.07826305248909399,0.07474267026162386,0.07851522522475021,0.07463109056449246,0.09928204096500393,0.10073051718533062,0.10852143317852667,0.1128347231060774,0.10046063333596955,0.10043778384664394,0.517786055803299,0.518064022064209,0.5168156027793884,0.5164264440536499,0.5278403759002686,0.5310153067111969,0.2672145366668701,0.26863163709640503,0.3235834538936615,0.3235829174518585,0.6185372471809387,0.6075881719589233,181.91709899902344,-178.4652557373047,3.7364056110382085,4.739362716674805,-0.7852007150650024,-0.9956465959548951,,,,,,,,,,,,,,,,,0.7732120752334595,0.7758281230926514,0.7685666594236013,0.7582099231874084,1.005800724029541,0.9927098155021667,0.6823169139269872,0.6709277686017174,0.22804930806159973,0.23627066612243652,-0.9390219824044432,-0.9128538064465226,0.9219411015510559,0.9083858132362366,0.5345652093814759,0.524025314199686
44,1.8333333333333333,44,1.8333333333333333,0.0,0.04430653471449007,0.048272980519592876,0.5604908071661618,0.5611351251759878,0.052095866322828095,0.05150471483822833,0.050976217657928216,0.04936339588105614,0.12735839416875314,0.1265831865120105,0.14044971375256748,0.14173157685017077,0.10020646835275344,0.09948965309945014,0.5173970311880112,0.5175317227840424,0.5155054330825806,0.5150666236877441,0.5263795107603073,0.527610719203949,0.26995763182640076,0.27127978205680847,0.32527971267700195,0.32399582862854004,0.6225112974643707,0.6116407513618469,180.5924072265625,-180.40982055664062,5.580874919891357,6.6485090255737305,-0.9583855867385864,-1.1937081813812256,,,,,,,,,,,,,,,,,0.7724990248680115,0.7738844752311707,0.767829553100208,0.7527770286294647,1.0054829120635986,0.9931790828704834,0.6720597518407191,0.6560076846013266,0.22741790115833282,0.23417076468467712,-0.9326832938340234,-0.8969484227940483,0.9208810329437256,0.9202028512954712,0.5235956993650267,0.5305341351491392
45,1.875,45,1.875,0.0,0.04249957033377195,0.0397540686026473,0.5570652894181695,0.5538772390399809,0.04697879016215267,0.04153514734849729,0.04581887070775271,0.03987617505310496,0.14215281008698838,0.14814029581482574,0.1564202904011785,0.16617257391229873,0.10164397126833272,0.10091782213704754,0.5163789689540863,0.5165436267852783,0.5140896439552307,0.5139318108558655,0.5269657671451569,0.5269501209259033,0.2731889486312866,0.274154394865036,0.3245962858200073,0.3249549865722656,0.6195924282073975,0.6157431304454803,177.70188903808594,-182.08580017089844,5.49238681793213,6.450183868408203,-1.0309027433395386,-1.3519999980926514,,,,,,,,,,,,,,,,,0.7730940580368042,0.7733772993087769,0.7719500283886914,0.7485451214884054,1.0060033798217773,0.9942824840545654,0.6817099062165607,0.6467894731250174,0.22566291689872742,0.2324095070362091,-0.9449980047345223,-0.8946940879417772,0.9169343113899231,0.9333757758140564,0.5245734015864569,0.5427215146497153
46,1.9166666666666667,46,1.9166666666666667,0.0,0.03874523520553351,0.0363381372386729,0.5585778753947747,0.558996221104318,0.04626215334859494,0.044164173125117605,0.04596458230574573,0.04194870755342084,0.14453289764175434,0.15072844136025235,0.16106725696433546,0.16645143083561995,0.10102574420056945,0.10041338004189496,0.5150292068719864,0.5154647380113602,0.5128587484359741,0.513059139251709,0.5263494700193405,0.5280306339263916,0.272438645362854,0.273784875869751,0.32452577352523804,0.32515257596969604,0.6202248632907867,0.6159673929214478,178.26914978027344,-181.56890869140625,5.436802387237549,6.0960378646850595,-1.1416935920715332,-1.2141162157058716,,,,,,,,,,,,,,,,,0.7719603776931763,0.7728315591812134,0.7668798659971778,0.7478024452968147,1.0064492225646973,0.9971702098846436,0.6783313262656885,0.6550168227104857,0.22419419884681702,0.23236145079135895,-0.9434303877694187,-0.9031915950364006,0.9205961227416992,0.931913435459137,0.5275463080021118,0.5428867881397887
47,1.9583333333333333,47,1.9583333333333333,0.0,0.04245807550739066,0.035444433140088126,0.5578874868785781,0.5495115069260922,0.0579543262947876,0.056800408398103824,0.057079543915900775,0.054017273961845164,0.138153915537216,0.14147373773655533,0.1561617527998508,0.15682675076707497,0.10064611848434504,0.10078256862002612,0.5139742344617844,0.5142797082662582,0.5125146508216858,0.5119802355766296,0.5246277898550034,0.5282404869794846,0.271181583404541,0.2721652239561081,0.32308122515678406,0.32429239153862,0.6212692260742188,0.6162395775318146,178.14358520507812,-181.0924835205078,4.685105323791504,6.065635681152344,-1.4276041984558105,-1.3051929473876953,,,,,,,,,,,,,,,,,0.7705440521240234,0.7732102870941162,0.7658443795558602,0.7555874195695835,1.0056198835372925,0.9962651133537292,0.6732919705896134,0.6593370449721673,0.22345688939094543,0.2332305610179901,-0.9379210601121473,-0.9099317083181375,0.9258379340171814,0.9269132018089294,0.533532756010834,0.539012803280821
48,2.0,48,2.0,0.0,0.04757162755704397,0.04135112536748089,0.5319598942844237,0.543672085844264,0.0668126167457042,0.07074056648858182,0.06558871529657717,0.06867701920622855,0.129472443637846,0.12991781790857893,0.14536745466669596,0.1463115495030273,0.10208618376774219,0.10121950340040753,0.5127733200788498,0.5129393488168716,0.511564314365387,0.5117064118385315,0.5240192264318466,0.5257309675216675,0.26995494961738586,0.2703680992126465,0.3224444091320038,0.32409390807151794,0.6223673820495605,0.6192116439342499,178.911865234375,-180.1444091796875,4.365272521972656,4.626828193664551,-1.432427167892456,-1.6168711185455322,,,,,,,,,,,,,,,,,0.7696361541748047,0.7715768814086914,0.7661097707559411,0.7499077658934472,1.0037590265274048,0.9971863031387329,0.669154507192697,0.6485299953489446,0.22631967067718506,0.23155474662780762,-0.9285619705007818,-0.8973304827464758,0.9218277931213379,0.9306421875953674,0.5254055422970819,0.5343534126259974
49,2.0416666666666665,49,2.0416666666666665,0.0,0.06616158601484226,0.05625972760997454,0.5382671240052372,0.5431704179550471,0.0719782979215113,0.07139997427851205,0.07143996926046765,0.07040156357158754,0.12432317365088066,0.12307374880468223,0.14067277269680847,0.14002975815137597,0.10206998894302793,0.100704882693154,0.5114925801753998,0.5120647847652435,0.5111087560653687,0.5111273527145386,0.5223037898540497,0.5233679413795471,0.2688353359699249,0.26930075883865356,0.32296112179756165,0.32363590598106384,0.6243926286697388,0.617609441280365,179.5275421142578,-180.06036376953125,2.7271804809570312,4.21526575088501,-1.5829516649246216,-1.6554118394851685,,,,,,,,,,,,,,,,,0.7701963186264038,0.7681447267532349,0.7675169925177268,0.7428469413344774,1.007461428642273,0.9969334602355957,0.6671505825137817,0.6475331140544913,,0.23160022497177124,,-0.885454702670345,,0.9287973642349243,,0.5312199458444978
50,2.0833333333333335,50,2.0833333333333335,0.0,0.0709932829853339,0.06100570286027157,0.5358133747527721,0.548619637961442,0.07124526355766932,0.07386086449065515,0.07158247557569782,0.07333994773511683,0.121218282112293,0.11971234937373232,0.1383700600125453,0.1358336260700904,0.10133672318818396,0.10154401837071177,0.5109729617834091,0.5111827403306961,0.510866641998291,0.5109281539916992,0.5205286741256714,0.5224801898002625,0.26850779354572296,0.2694617658853531,0.3247006833553314,0.3245760202407837,0.6246952712535858,0.6193445920944214,180.7265625,-180.11077880859375,2.0056943893432617,2.4205126762390137,-1.5470954179763796,-1.559586763381958,,,,,,,,,,,,,,,,,0.7701923847198486,0.7673066854476929,0.7679938292601958,0.7418885442343638,1.0075958967208862,0.9970324635505676,0.6625381828395692,0.6437775299547758,0.2200966775417328,0.23246410489082336,-0.9241628226211512,-0.8788248611288393,0.9349220991134644,0.9256145358085632,0.5367897180829249,0.5220440547998165
51,2.125,51,2.125,0.0,0.06642434086339533,0.0587597348332439,0.5513635953287541,0.5542139241117118,0.07301110797403955,0.07085941744847073,0.073227214576218,0.07172857960623667,0.11655738246990134,0.11877286827686974,0.13437437644911387,0.13736260971813757,0.10162020171828436,0.10174256993999801,0.5100506991147995,0.5103962421417236,0.5105470418930054,0.5104315280914307,0.5203661918640137,0.5203895270824432,0.26916298270225525,0.2701757401227951,0.3259049952030182,0.32656311988830566,0.6242578625679016,0.6257012188434601,180.58343505859375,-179.46490478515625,1.0923646688461304,1.9375704526901245,-1.6940979957580566,-1.6643040180206299,,,,,,,,,,,,,,,,,0.7704522013664246,0.7677469253540039,0.769985671860282,0.7462760083446255,1.0075147151947021,1.0011522769927979,0.6637517857777578,0.637162833682366,0.22040387988090515,0.22323530912399292,-0.9235489933428314,-0.8965127592316585,0.9377565383911133,0.9384872317314148,0.5429395573501824,0.5308165151811274
52,2.1666666666666665,52,2.1666666666666665,0.0,0.08064236923892723,0.0675358198629131,0.5632570077386886,0.5517535807551416,0.07554644968223936,0.07460133622454616,0.07575771307366728,0.07442719285717421,0.11258527384694818,0.1157687228422202,0.13003070025768923,0.13403034603212943,0.1023215818860498,0.10150931942542746,0.5094208419322968,0.5093838274478912,0.5102184414863586,0.510143518447876,0.5205423086881638,0.5187036842107773,0.27072620391845703,0.27117177844047546,0.3288721740245819,0.3293648958206177,0.6271180212497711,0.6274421215057373,181.18496704101562,-178.49278259277344,0.2568361163139343,0.5627087950706482,-1.7839807271957397,-1.9558712244033813,,,,,,,,,,,,,,,,,0.769688606262207,0.7646729350090027,0.7648450312857152,0.7420679833027107,1.0105546712875366,0.9972506165504456,0.6621176430897031,0.6275701609853811,0.2242700755596161,0.22442153096199036,-0.9095152030061747,-0.8878238368195335,0.9387596249580383,0.9418072700500488,0.5381421001766262,0.533482030628571
53,2.2083333333333335,53,2.2083333333333335,0.0,0.028970619404558567,0.03404285075622878,0.5732437213057974,0.5678733602612361,0.07560460360573538,0.0760268634442932,0.07693588631937633,0.07715729492610872,0.11005462675685197,0.11177687211922029,0.13011239442064898,0.13360434478811486,0.10296763708131991,0.1019162364455974,0.5084758847951889,0.5086291283369064,0.5089083909988403,0.5100677609443665,0.518170177936554,0.5176774859428406,0.2729380875825882,0.27263444662094116,0.3342823386192322,0.3351268470287323,0.6272346079349518,0.6247373223304749,182.37716674804688,-176.58663940429688,1.7554506063461304,-0.1230892613530159,-1.8442099094390871,-2.299560070037842,,,,,,,,,,,,,,,,,0.7682946920394897,0.7645454406738281,0.7627712189581174,0.7458267941066399,1.0088319778442383,0.9940147399902344,0.6545848345691787,0.627550296990631,0.22179584205150604,0.22337862849235535,-0.903813103892351,-0.8891229872290536,0.9461142420768738,0.9423151016235352,0.5470000294076727,0.5396918960709645
54,2.25,54,2.25,0.0,0.021413856237516203,0.02632989745903461,0.5752832150053435,0.5790322455190081,0.08243047782751305,0.07988385982813982,0.08368945597300435,0.07973609593214541,0.10403281857950518,0.10442639519767673,0.1252132897786141,0.12726167915915423,0.10340537348427932,0.10293810794697865,0.5075648874044418,0.5075447857379913,0.5075452923774719,0.509206235408783,0.5171637535095215,0.5175357758998871,0.2751772999763489,0.2747475504875183,0.3385726511478424,0.33838585019111633,0.6313170790672302,0.621771514415741,183.8016815185547,-175.93701171875,2.476102828979492,0.10863575339317322,-1.731508493423462,-2.564272403717041,,,,,,,,,,,,,,,,,0.7687753438949585,0.7641392350196838,0.7604209151716073,0.7406523363088325,1.0106180906295776,0.9967721700668335,0.6448072893480602,0.6335337951184229,0.22085347771644592,0.22545704245567322,-0.8955093473562145,-0.8772334219630391,0.9510353803634644,0.943676233291626,0.5435173778330519,0.5438324310710423
55,2.2916666666666665,55,2.2916666666666665,0.0,0.030228744731417824,0.03439796183362234,0.5708492239953169,0.5732720013550495,0.08000966090929319,0.07892965376423836,0.08168558964241873,0.07960745928892049,0.10769893123947576,0.1106740721594562,0.1344863247856967,0.1348589322573583,0.10280611325137444,0.10367488191307625,0.5055911689996719,0.5057774186134338,0.506833016872406,0.5076888799667358,0.5163066387176514,0.5172239542007446,0.2788895070552826,0.2796071171760559,0.34424179792404175,0.34482815861701965,0.6319908499717712,0.6224806010723114,184.60247802734375,-174.97708129882815,1.2772209644317627,-0.17194437980651855,-2.6188910007476807,-2.797172784805298,,,,,,,,,,,,,,,,,0.7691856622695923,0.7684217691421509,0.7660992635041405,0.7558718232825596,1.0102852582931519,1.0020253658294678,0.64465103999842,0.6424181926083197,0.2214968204498291,0.22837549448013306,-0.893128981108938,-0.8691652511081966,0.9485235214233398,0.9504767656326294,0.5394029394993812,0.5551669336135336
56,2.3333333333333335,56,2.3333333333333335,0.0,0.053364027028102466,0.05038157828142172,0.5776533738507011,0.5706469491381693,0.0756255017996097,0.07549355290839328,0.07598627353860399,0.07434672334224796,0.11691586404654616,0.12164677669324242,0.14397569317197378,0.1443263714868852,0.10372964941371225,0.10357674714282727,0.5037355124950409,0.5038347393274307,0.5052818655967712,0.5064154267311096,0.5152646452188492,0.5135890245437622,0.28537730872631073,0.28709743916988373,0.35150831937789917,0.3523321747779846,0.6320335268974304,0.6285442411899567,184.79959106445312,-175.33102416992188,0.5584327578544617,-1.595266580581665,-2.736325740814209,-2.9011929035186768,,,,,,,,,,,,,,,,,0.7698491811752319,0.768096923828125,0.7697909327892754,0.7793420969542438,1.0100624561309814,0.9967362284660339,0.6429664827896663,0.6341963368993327,0.2182885706424713,0.22426190972328186,-0.897970839451986,-0.885963858111843,0.9576943516731262,0.9493024945259094,0.5538967494179468,0.5524935803216122
57,2.375,57,2.375,0.0,0.05959235549906464,0.05168369416177426,0.5911322999918793,0.5689316376005797,0.0760597577511097,0.07402540164607038,0.07584690061525691,0.0725581212413207,0.1168345569588898,0.11808601801146686,0.1404122818579713,0.14094536244218098,0.10423429520987194,0.10337537038772868,0.5020204484462738,0.5017073303461075,0.5031458139419556,0.5041660070419312,0.5122374445199966,0.5126971304416656,0.29288843274116516,0.2942860871553421,0.36227285861968994,0.36200085282325745,0.6353676915168762,0.6263964474201202,187.15167236328122,-173.88377380371094,0.6226634383201599,-1.36124324798584,-2.3838748931884766,-2.972899913787842,,,,,,,,,,,,,,,,,0.7689622640609741,0.7669557929039001,0.7673966031919863,0.7729935971016858,1.0043584108352661,0.997258186340332,0.6204259939897252,0.6342123512559549,0.21783265471458435,0.22578167915344238,-0.8800288030743469,-0.8722763055841969,0.9582568407058716,0.9490916132926941,0.5429101894598655,0.5518424749957989
58,2.4166666666666665,58,2.4166666666666665,0.0,0.061133689357962526,0.05780706881465021,0.5892292248903596,0.5771647947917227,0.07728484452446968,0.07607931295200636,0.07787284210812588,0.07524978867634664,0.11265870749182873,0.11028140041173981,0.140092883560164,0.13393847513544554,0.10431757528794668,0.10454794132964995,0.4994177371263504,0.4995691180229187,0.5011152029037476,0.5017102956771851,0.511137530207634,0.5136426389217377,0.3026103973388672,0.30266498029232025,0.37331175804138184,0.3747718930244446,0.6378101110458374,0.6221978068351746,188.53456115722656,-170.35826110839844,0.13658100366592407,-0.5785811543464661,-2.8798305988311768,-2.965022325515747,,,,,,,,,,,,,,,,,0.7699010372161865,0.7685796022415161,0.7759270680118466,0.7804490843389205,1.0036122798919678,0.9968259334564209,0.6170021491433538,0.6451113373371755,0.21831917762756348,0.2273540198802948,-0.8780437721073386,-0.8764272064670574,0.9582808613777161,0.9498186111450195,0.5405411955759212,0.5641645145920519
59,2.4583333333333335,59,2.4583333333333335,0.0,0.04907920188394671,0.05090273421383954,0.5757842081973024,0.569168071454395,0.07871160900298108,0.08455226885353255,0.07831150670176214,0.08322338265542362,0.11222538020649253,0.10770298254327798,0.13875726800942273,0.131509131393889,0.1044482052446313,0.10415592104253595,0.4973374456167221,0.49741461873054504,0.49836277961730957,0.4998101592063904,0.5096486061811447,0.5112389624118805,0.30823928117752075,0.3084716945886612,0.379025936126709,0.3806636333465576,0.6367476284503937,0.6274630129337311,187.91476440429688,-171.1427459716797,1.6753453016281128,-0.34974607825279236,-2.7961983680725098,-3.2354815006256104,,,,,,,,,,,,,,,,,0.770931601524353,0.7682707905769348,0.7850001847746232,0.7759116666784153,1.002461314201355,0.9991725087165833,0.6180482092338494,0.63117757343235,0.22113940119743347,0.22367674112319946,-0.8667987709031749,-0.8680749150279096,0.9571724534034729,0.9559018611907959,0.5415110152349548,0.5577022852946265
60,2.5,60,2.5,0.0,0.05142665561522734,0.049578092830443024,0.5679794620334492,0.5671738310724517,0.08303513120853112,0.08953652125535125,0.08477785493709135,0.09013177353445609,0.10387740935693945,0.09787494553210176,0.13139958904961563,0.12388355020259205,0.10426724661580924,0.10271975599324017,0.49606966972351074,0.496515691280365,0.4971504509449005,0.4981977641582489,0.5087754726409912,0.5097926557064056,0.3092257231473923,0.30952195823192596,0.3831934332847595,0.38461360335350037,0.6362720429897308,0.626438707113266,189.93655395507812,-169.59642028808594,1.1550986766815186,0.27012306451797485,-2.657184362411499,-2.8839211463928223,,,,,,,,,,,,,,,,,0.7713770866394043,0.770258367061615,0.7867422581918465,0.7859131902729543,1.0002045631408691,0.9921607971191406,0.6133077866892839,0.6207228576097729,,0.22265562415122986,,-0.8663895886368108,,0.9535507559776306,,0.5551918554507181
61,2.5416666666666665,61,2.5416666666666665,0.0,0.06264049787398672,0.05188031353038478,0.5717164487271122,0.5633562110412569,0.08588021651036964,0.0895434018166609,0.08669327026421837,0.08951073378694971,0.10009792527416667,0.09708985200425953,0.12626267241626687,0.12276092109727131,0.10435241937869298,0.10352378430128174,0.49519260227680206,0.4955953061580658,0.4963228106498718,0.4973331093788147,0.5076358318328857,0.5101914405822754,0.3084542900323868,0.3089013695716858,0.3832910358905792,0.3848583400249481,0.6345978379249573,0.6233678162097931,190.47271728515625,-168.881591796875,0.9348052740097047,0.30597513914108276,-2.6736326217651367,-2.9164319038391113,,,,,,,,,,,,,,,,,0.7690739631652832,0.7706260681152344,0.7829219900973989,0.791547743441164,0.9960330724716187,0.9883468151092529,0.6088391556359526,0.623977298898044,,0.22428685426712036,,-0.8689594478314925,,0.9457201957702637,,0.5511017557119974
62,2.5833333333333335,62,2.5833333333333335,0.0,0.09553382007770317,0.08005236257562558,0.5951294044237168,0.5894283778064702,0.08807994150963386,0.09040208784173095,0.08899493988890218,0.09117275589753993,0.09766996837832537,0.09478672417532377,0.12087748000411323,0.11933062122828056,0.10400308642286492,0.10292667832738893,0.49498550593852997,0.49528802931308746,0.4955039620399475,0.4968489706516266,0.5063963234424591,0.5084472745656967,0.3062621206045151,0.30708883702754974,0.3825846016407013,0.3833526074886322,0.6351201236248016,0.6221479773521423,191.0919952392578,-169.12136840820312,1.619585633277893,-0.6773521304130554,-2.1468610763549805,-2.752535104751587,,,,,,,,,,,,,,,,,0.7697298526763916,0.7706907987594604,0.7863935902874531,0.796339097336248,0.9942747950553894,0.9865612983703613,0.6033062878491176,0.6224579768180517,,0.2242707908153534,,-0.862941593122927,,0.9462580680847168,,0.5536156328753612
63,2.625,63,2.625,0.0,0.11714694070371282,0.1109313249164217,0.608534134464722,0.6055387825096865,0.08967102889974159,0.08952261183926719,0.09050587405532036,0.0893746785965576,0.09298465709823668,0.09429716585134935,0.114015834480597,0.11763684485667804,0.1049787552478128,0.10328557283888402,0.4943763017654419,0.494227796792984,0.4954407215118408,0.49718478322029114,0.5059414803981781,0.5074293315410614,0.3046374022960663,0.3065676689147949,0.3822198808193207,0.38227057456970215,0.6358816623687744,0.622507780790329,191.76588439941403,-168.88909912109375,0.4590108394622803,-3.354466199874878,-2.2533745765686035,-3.1082096099853516,,,,,,,,,,,,,,,,,0.7696192264556885,0.7719918489456177,0.7869368857835332,0.8007284854928055,0.9938443303108215,0.9856508374214172,0.600933877180698,0.6182401926807973,0.2199082374572754,0.22292008996009827,-0.8536560737339762,-0.8610995100695543,0.9573390483856201,0.9505993723869324,0.5396502222928724,0.5585661218126914
64,2.6666666666666665,64,2.6666666666666665,0.0,0.1028136411091503,0.0973937695391343,0.6030443814057785,0.6051899598926325,0.08757822048401247,0.09165793856280355,0.08794315003905646,0.09117091535344479,0.09468718277239696,0.09323386734243212,0.11560276381376487,0.11379971428819986,0.10550765647033909,0.10361015843798664,0.4937177896499634,0.49376556277275085,0.49509045481681824,0.49600210785865784,0.5054632425308228,0.5070699006319046,0.30462566018104553,0.30622531473636627,0.3821561932563782,0.3833405077457428,0.6362334489822388,0.6207038462162018,191.55734252929685,-167.91766357421875,-0.30960994958877563,-2.2477288246154785,-2.429431676864624,-2.750056266784668,,,,,,,,,,,,,,,,,0.7692992687225342,0.7710006237030029,0.7879739922926274,0.800946373099568,0.9925771951675415,0.9822757244110107,0.5986451308574847,0.6172067450518685,0.21883530914783478,0.2246144711971283,-0.856044416035378,-0.8571630052599908,0.9574254155158997,0.9471298456192017,0.5395913605733058,0.557212384983322
65,2.7083333333333335,65,2.7083333333333335,0.0,0.09495796191067525,0.08352942348574424,0.6017679459995665,0.6001691236121794,0.08948315299524937,0.09115263791846356,0.08987602618380057,0.09122265789742774,0.0944810022054636,0.09355085471605837,0.1142887410247067,0.11382433095886167,0.10538960391835259,0.10323973314155842,0.4933711290359497,0.4932888448238373,0.49461793899536133,0.49517738819122314,0.5053273886442184,0.5068585276603699,0.30488522350788116,0.306002601981163,0.38359180092811584,0.38339680433273315,0.6345368027687073,0.620704174041748,192.00814819335938,-168.52786254882812,-0.6445926427841187,-2.2601234912872314,-2.334038019180298,-2.583709716796875,,,,,,,,,,,,,,,,,0.7688429355621338,0.771121621131897,0.7878953076772127,0.8020849875809749,0.9923989772796631,0.9818307161331177,0.6018670868074005,0.6165464613339792,0.21796095371246338,0.2246333658695221,-0.8592079985974668,-0.8566030254786249,0.9537180662155151,0.9457027912139893,0.5368119652678031,0.5548657437239383
66,2.75,66,2.75,0.0,0.035689424258288804,0.03416781716361767,0.5790859741053872,0.5868175438856502,0.09019202751433966,0.09010241158937989,0.09220547289043987,0.09131840623082765,0.09513077800444832,0.09601947657210057,0.11374113138715951,0.11520982827777873,0.10516228763002354,0.10322961004347467,0.4932229369878769,0.4930393397808075,0.4931845963001251,0.49420785903930664,0.5049154460430145,0.5075864642858505,0.30528347194194794,0.3066251426935196,0.3836464285850525,0.38314419984817505,0.6337454617023468,0.6228274703025818,190.56393432617188,-169.9957275390625,2.296308755874634,-0.12659502029418945,-1.6277832984924316,-2.133612871170044,,,,,,,,,,,,,,,,,0.7687114477157593,0.7713650465011597,0.7875461486517836,0.7963235411703341,0.994079053401947,0.985176146030426,0.6051110458367496,0.6153174481453129,0.21675801277160645,0.22188633680343628,-0.8602756498933236,-0.8625026919126713,0.9550942182540894,0.9508478045463562,0.5396435043377048,0.5570232445343583
67,2.7916666666666665,67,2.7916666666666665,0.0,0.027601812808084776,0.03108823880225557,0.5565133152373734,0.5689031372202774,0.09400821815980921,0.09278557519832159,0.09606636380793067,0.09396074436371352,0.09551170039564114,0.09633080445874857,0.11532072555202237,0.11598659407863444,0.10437569758266967,0.10249434034680678,0.492826908826828,0.49282580614089966,0.4932214617729187,0.49366316199302673,0.505963534116745,0.5068944990634918,0.3055458813905716,0.30678926408290863,0.38233375549316406,0.3836354613304138,0.6336819231510162,0.6238438487052917,191.0538330078125,-168.6299591064453,1.9344130754470827,1.3576993942260742,-1.7940542697906494,-2.0891900062561035,,,,,,,,,,,,,,,,,0.7689521312713623,0.7718961238861084,0.7850510506919631,0.8005778608995735,0.9962539672851562,0.9828483462333679,0.6088044561408417,0.6100668901300683,0.21655932068824768,0.2207854837179184,-0.8639046874460049,-0.8643439210712867,0.9539827704429626,0.9534977674484253,0.5378257543344414,0.5601905892866584
68,2.8333333333333335,68,2.8333333333333335,0.0,0.0292084465474931,0.029828435714461258,0.5580927699320312,0.5609259263719465,0.09111783753966815,0.09212546583876863,0.0927251267863708,0.09315079957414507,0.09541290705900161,0.09317294664130024,0.11834765610619324,0.11499632820144766,0.10418086881913872,0.10264281568835472,0.4918976426124573,0.49254927039146423,0.4925132095813751,0.4936535358428955,0.5062215775251389,0.5071853995323181,0.30564649403095245,0.30646948516368866,0.3829483985900879,0.38366639614105225,0.6336140930652618,0.6256928741931915,191.7352294921875,-168.61099243164062,2.38633394241333,1.3844441175460815,-2.1857845783233647,-2.351605176925659,,,,,,,,,,,,,,,,,0.7690281867980957,0.7714555263519287,0.7862012654299585,0.7947644726104744,0.99729323387146,0.9833263158798218,0.6119816139541281,0.6049939350446437,0.2165316343307495,0.22001215815544128,-0.8666243233069174,-0.8636431687434958,0.953060507774353,0.9554827809333801,0.5375489284652356,0.5578921604081402
69,2.875,69,2.875,0.0,0.03339023121301876,0.030812919235281174,0.5667251001285911,0.5698683191282918,0.08926043637042308,0.09035461783092084,0.09083820322860044,0.09143633324325495,0.09615963510290723,0.09335434196842048,0.11932789642826525,0.11438631804775301,0.10419592436917778,0.10272386321351554,0.4918006956577301,0.49240124225616455,0.492003858089447,0.49308767914772034,0.5065513104200363,0.5079776644706726,0.3051256984472275,0.3055216521024704,0.3822409510612488,0.3809158504009247,0.6338283717632294,0.6252924799919128,191.7748260498047,-169.79039001464847,2.5468335151672363,1.505864143371582,-2.055427074432373,-2.1682283878326416,,,,,,,,,,,,,,,,,0.7687603235244751,0.7709819078445435,0.7829860429738666,0.7883463133313758,0.9982102513313293,0.986897349357605,0.612048310174533,0.6096928223266612,0.21661993861198425,0.22009983658790588,-0.8657681704310896,-0.8629040405960631,0.9532490372657776,0.9553922414779663,0.5365274441950451,0.5565728569497091
70,2.9166666666666665,70,2.9166666666666665,0.0,0.03381700115013455,0.03339008560448891,0.5733042476510275,0.5700743709886348,0.08890513299534028,0.09187394081334714,0.09106722199240895,0.09260704420424676,0.09438531585655192,0.09135045363036019,0.1166949069267345,0.11212160605831246,0.10384733440150819,0.10250938681642027,0.4918033480644226,0.4922877848148346,0.4918435215950012,0.4931392967700958,0.5067092627286911,0.5074792504310608,0.30421556532382965,0.3045601546764374,0.3807084560394287,0.3792289197444916,0.6345100104808807,0.6249052882194519,191.4324493408203,-170.19903564453125,2.229076623916626,1.1941057443618777,-1.849365949630737,-2.2499160766601562,,,,,,,,,,,,,,,,,0.7690281867980957,0.7709791660308838,0.7813074054828936,0.7888537880635417,0.9991718530654907,0.986544132232666,0.6109492938968001,0.6089948696596524,0.21625444293022156,0.21978166699409485,-0.8651091509002267,-0.8612956402447132,0.9546306133270264,0.9569128155708313,0.5363255307560515,0.5590961374657774
71,2.9583333333333335,71,2.9583333333333335,0.0,0.0322937054450069,0.03449338406196406,0.5728852095426137,0.5707217016745114,0.08875572020928212,0.0910171179278578,0.09124462024613543,0.0919484174423673,0.09356140047862276,0.09128544391753939,0.1160075238941819,0.11200737001853601,0.10417162879557497,0.10264207328142574,0.49197158217430115,0.4922852963209152,0.49151450395584106,0.492957204580307,0.506781816482544,0.5071994960308075,0.3041003346443176,0.3042197972536087,0.3797374963760376,0.37858372926712036,0.6349561214447021,0.6247592568397522,190.8054656982422,-170.19598388671878,2.967857599258423,1.539147973060608,-1.6843534708023071,-2.1576273441314697,,,,,,,,,,,,,,,,,0.7689928412437439,0.770237922668457,0.7814900048709716,0.7855926280987594,0.9989073276519775,0.986041247844696,0.6101521836125947,0.6069417907482549,0.2168775498867035,0.21882814168930054,-0.8640265485420698,-0.8612521486741486,0.954843282699585,0.9591832756996155,0.5362802667513162,0.5618212862241895
72,3.0,72,3.0,0.0,0.03208465554428947,0.03169004131570919,0.5613462641506765,0.5709902368020162,0.0890100184140797,0.09095901381374612,0.09175896348594058,0.09197079975039489,0.0925510493587232,0.09113987843826865,0.11436148401256317,0.11125033345016211,0.10408801944710624,0.10263035182112325,0.4920535534620285,0.49238139390945435,0.49194037914276123,0.4932909309864044,0.5068501532077789,0.5069525241851807,0.3035840392112732,0.3039984256029129,0.3792969286441803,0.3776247203350067,0.6348785758018494,0.6251734793186188,190.81083679199216,-170.58436584472656,2.0814015865325928,0.8402970433235168,-1.6555119752883911,-2.1658747196197514,,,,,,,,,,,,,,,,,0.7691048383712769,0.7693325281143188,0.7834617900981667,0.7830715584241789,0.997905969619751,0.986030638217926,0.6100374395459728,0.6057990228880654,0.21734067797660828,0.21859420835971832,-0.8648829727239657,-0.8606036754957909,0.9534359574317932,0.9596012830734253,0.5353092707253911,0.5614300055989617
73,3.0416666666666665,73,3.0416666666666665,0.0,0.027621180002926612,0.027063951999581937,0.5682312307774294,0.5784741139772326,0.09029972072175045,0.09142592981717494,0.09233720798328054,0.09254572971828137,0.09222591466629512,0.09166309458320683,0.11239636274026342,0.11164338976800756,0.10383023315895933,0.10229965878350836,0.4921473264694214,0.49237486720085144,0.4919341206550598,0.4930647909641266,0.5072473883628845,0.5068121999502182,0.3029559254646301,0.3035020977258682,0.37833622097969055,0.3770620822906494,0.6350963711738586,0.6247505247592926,190.95236206054688,-170.4471435546875,2.3131160736083984,1.2411259412765503,-1.5662833452224731,-2.0560388565063477,,,,,,,,,,,,,,,,,0.7699332237243652,0.7678593397140503,0.785168388605779,0.7795904996650695,0.9970056414604187,0.9848834872245789,0.6084829106868875,0.6049688304556688,0.21678976714611053,0.21906441450119019,-0.8681783016401033,-0.8593292385378019,0.9537628889083862,0.9569970965385437,0.5357782907744456,0.558123917833746
74,3.0833333333333335,74,3.0833333333333335,0.0,0.022970957294176766,0.02270637165663234,0.5669839457767561,0.5740692775370464,0.09250086142611895,0.09204268218310774,0.0939288272421235,0.09287357217555368,0.09066423921005909,0.09120641913114962,0.11095342378999995,0.11202655128241638,0.10359440671525118,0.10213457299681239,0.49226486682891846,0.4923415333032608,0.49207350611686707,0.49304887652397156,0.5072696208953857,0.5072226524353027,0.3022194057703018,0.30300748348236084,0.37686383724212646,0.37688887119293213,0.6349347233772278,0.6247901916503906,191.14202880859375,-169.25193786621094,2.4822521209716797,1.76190185546875,-1.6014727354049683,-2.14235520362854,,,,,,,,,,,,,,,,,0.7697019577026367,0.7677772045135498,0.7848831731661698,0.7770766473331456,0.9971464276313782,0.9845665693283081,0.6093582247868061,0.6035598812540004,0.21726003289222717,0.21975120902061462,-0.8673612728134023,-0.8573534550477572,0.9540656805038452,0.9554634094238281,0.5368823569896048,0.5547364986588561
75,3.125,75,3.125,0.0,0.0193322782212956,0.020525933293180577,0.5586079503938987,0.5651843070033535,0.09249360651206469,0.09149531412006245,0.09411423556007621,0.0923403581132231,0.09126194506840964,0.09149201037935666,0.11282742964273212,0.11111921200164195,0.10351971674090046,0.10235664720912088,0.4923172891139984,0.4925025701522827,0.49218785762786865,0.4929882287979126,0.507187008857727,0.5074697732925415,0.30206330120563507,0.3029351532459259,0.3757701516151428,0.3763008415699005,0.6348010301589966,0.6251725852489471,191.15528869628906,-168.851318359375,2.7330455780029297,1.8209896087646484,-1.6625511646270752,-1.8590831756591797,,,,,,,,,,,,,,,,,0.769845187664032,0.7674264907836914,0.786978284291555,0.7747886150413552,0.9953922033309937,0.9866727590560913,0.6077282689114402,0.6060566532333014,0.21650168299674988,0.22089526057243347,-0.870953419590649,-0.8541216859461337,0.9547922611236572,0.9529919624328613,0.5393024880512968,0.5495906475195779
76,3.1666666666666665,76,3.1666666666666665,0.0,0.019019992170307188,0.019918482361788108,0.5603473140435171,0.5706727515803438,0.09263503518745791,0.09394834954503999,0.09409491032362584,0.09460317980877181,0.09093347337200525,0.09056543875837278,0.11220573746657106,0.10990176934555274,0.10339811339648874,0.10168389030701595,0.49236276745796204,0.4925082176923752,0.49229639768600464,0.4930741786956787,0.5080197304487228,0.5079518854618073,0.30162373185157776,0.30197693407535553,0.3748396039009094,0.3747333586215973,0.6338879764080048,0.6257926523685455,191.0031280517578,-169.51004028320312,2.4880223274230957,1.9370301961898801,-1.6560531854629517,-1.9248697757720947,,,,,,,,,,,,,,,,,0.7697418332099915,0.7673026323318481,0.7866514152296903,0.7709620461426385,0.9944331049919128,0.9890966415405273,0.6095707035156045,0.6074886789890145,0.2174851894378662,0.2223621904850006,-0.873252222292328,-0.8489615636499446,0.9529750347137451,0.9496719837188721,0.5394778827774075,0.5415658319697549
77,3.2083333333333335,77,3.2083333333333335,0.0,0.020314119508561965,0.021907600743690206,0.5724032751700321,0.5792167825241802,0.09316688278629269,0.09178014902366362,0.094088434073578,0.09227369353437986,0.09059957594282439,0.08967759500779761,0.11022228704596113,0.10897030212481294,0.1029926084464173,0.1021301725152222,0.4928172379732132,0.4926171600818634,0.49252426624298096,0.49315598607063293,0.5067875385284424,0.5081278830766678,0.30056510865688324,0.3015187680721283,0.3739306926727295,0.37328678369522095,0.6350226402282715,0.625438928604126,190.47274780273438,-170.46189880371094,3.1707262992858887,1.8455501794815063,-1.5413947105407715,-2.000317096710205,,,,,,,,,,,,,,,,,0.7696330547332764,0.7670233249664307,0.7857078205980171,0.7687620840206022,0.9955518245697021,0.9893916249275208,0.6062105019967357,0.6079040252248412,0.21679702401161194,,-0.8668506826555719,,0.955626368522644,,0.5390779873379096,
78,3.25,78,3.25,0.0,0.033566283345899846,0.032472676811961095,0.5800398314770785,0.5828850943073607,0.08839176201500612,0.09157051913758868,0.08973233667576648,0.09234631479525637,0.09196691331374206,0.08893838237170751,0.11168196255288397,0.10903474742648524,0.10322108348403569,0.10219096111497777,0.4928199499845505,0.4927286058664322,0.49282535910606384,0.4932906925678253,0.5069350451231003,0.5083258897066116,0.2999008595943451,0.30064086616039276,0.3725595474243164,0.37326642870903015,0.6364253759384155,0.6238176822662354,189.009521484375,-170.7675018310547,2.283627986907959,1.7012232542037964,-1.707937479019165,-2.073228120803833,,,,,,,,,,,,,,,,,0.7696599960327148,0.7665858864784241,0.784946441197669,0.771434233403158,1.0016416311264038,0.9890821576118469,0.6137780188613932,0.6137220524975304,0.216629296541214,,-0.8673499164035344,,0.9562349319458008,,0.5374680697005586,
79,3.2916666666666665,79,3.2916666666666665,0.0,0.08045428114084947,0.07190942285855555,0.5967362927241944,0.5954587542834223,0.08642663337623484,0.09229105630877847,0.08702541513113235,0.09192240218213191,0.09065851429922929,0.09077499158788034,0.11119892785241146,0.10870563110751777,0.10408449220442446,0.102080740476143,0.493044838309288,0.49295783042907715,0.4931844174861908,0.4939397871494293,0.5072312653064728,0.5089814364910126,0.2990783005952835,0.29991015791893005,0.372162401676178,0.3730018734931946,0.6365299820899963,0.6231737732887268,189.11460876464844,-170.93986511230472,1.6342990398406982,-0.08711541444063187,-1.8906005620956423,-2.180133581161499,,,,,,,,,,,,,,,,,0.7694975733757019,0.7661239504814148,0.7848642729190197,0.77071117849129,1.0019599199295044,0.9889858961105347,0.6151467141334677,0.6167347123977215,0.21648164093494415,,-0.8701041098790371,,0.9559355974197388,,0.5376716420868652,
80,3.3333333333333335,80,3.3333333333333335,0.0,0.06101598863013332,0.05860806993042353,0.5895952910446662,0.5823295325432264,0.08608507817267114,0.08932312298917933,0.08767897305491705,0.09005715867579756,0.09155353083145235,0.092426459449323,0.11157296468498196,0.11169612144712804,0.10535705464525888,0.10327103420915487,0.4932603985071182,0.4929865002632141,0.49314072728157043,0.4948069751262665,0.5072711706161499,0.5089524388313293,0.29856981337070465,0.2996198832988739,0.371667742729187,0.3724573850631714,0.6366943418979645,0.6215859949588776,189.70086669921872,-170.3721466064453,1.7252529859542847,-1.668155312538147,-1.807838559150696,-2.4568874835968018,,,,,,,,,,,,,,,,,0.770061731338501,0.7663770914077759,0.7849485212258634,0.7749833071569728,1.001240849494934,0.9873495697975159,0.6125011138688723,0.6193914312063697,0.21661052107810974,,-0.8681957464769338,,0.9554489850997925,,0.5355628704248696,
81,3.375,81,3.375,0.0,0.04522565252750616,0.04165161370153026,0.5814072293667075,0.5766432103679388,0.08375588460686104,0.08968205270156021,0.08551223078430926,0.09002476623077059,0.09412593901284065,0.09452295742788334,0.11153375783006715,0.11192724392305395,0.10436271425425862,0.10300940919686748,0.49341094493865967,0.49334557354450226,0.4933719038963318,0.4948626160621643,0.5071043372154236,0.5084023177623749,0.29757140576839447,0.2988799810409546,0.3687468469142914,0.3703349232673645,0.6353950798511505,0.6199050843715668,188.3289337158203,-171.2507781982422,1.5144184827804565,-0.7972906827926636,-1.5122655630111694,-2.1990749835968018,,,,,,,,,,,,,,,,,0.7696725130081177,0.767292857170105,0.7833251054559297,0.7814104754411927,1.0013117790222168,0.9845476150512695,0.6140513851565104,0.6190887288811417,0.21544580161571503,,-0.8701109815233011,,0.9581893682479858,,0.541686893109031,
82,3.4166666666666665,82,3.4166666666666665,0.0,0.042340401961126324,0.03654249500329015,0.5674265509831076,0.572262509014421,0.08080120997560106,0.08504897923265252,0.0828249020635988,0.08685601049623361,0.10144518643666067,0.09581956474280731,0.11815845504720077,0.11461902535671895,0.10430143682956,0.10325463414879373,0.49494466185569763,0.49464210867881775,0.494850218296051,0.49546360969543457,0.5074129998683929,0.5085892677307129,0.2966572940349579,0.29750923812389374,0.3661852777004242,0.3669217526912689,0.6348961591720581,0.6180301308631897,187.63430786132812,-172.3526611328125,1.2501089572906494,0.14067618548870087,-1.3525413274765015,-1.9072598218917847,,,,,,,,,,,,,,,,,0.7699143886566162,0.7687830328941345,0.7844086155003788,0.787780659765999,1.0009148120880127,0.9825800061225891,0.6152285695892823,0.6208517500462086,0.21473613381385803,,-0.8745792026115453,,0.9577226638793945,,0.5426283254536968,
83,3.4583333333333335,83,3.4583333333333335,0.0,0.03601550199928049,0.032962821626406257,0.5566008230307684,0.5692376245625799,0.060423298938537685,0.05665332083748797,0.06179459291467397,0.05731945043348453,0.13942597718749397,0.13788881997055125,0.16205154857369503,0.1606504399053972,0.10169983260005822,0.10215104121034504,0.4973945766687393,0.49753284454345703,0.4987243115901947,0.4996238052845001,0.5081597864627838,0.5078842639923096,0.2972403019666672,0.29918840527534485,0.36251330375671387,0.36344653367996216,0.6331083476543427,0.6184794008731842,184.7764892578125,-175.28950500488284,-0.36220410466194153,-1.718571424484253,-2.2094268798828125,-2.4202628135681152,,,,,,,,,,,,,,,,,0.7698819041252136,0.7684686779975891,0.7839622626881367,0.7861048644258097,1.00005042552948,0.9834719300270081,0.6182651608560359,0.6193534333393071,0.2154262363910675,,-0.876853887354501,,0.9572404623031616,,0.5461341342001963,
84,3.5,84,3.5,0.0,0.03333552677265946,0.03248855381954801,0.5457831609238574,0.556680051133703,0.05754167379061123,0.057478890991960935,0.05608202543440532,0.05747911644729888,0.15110205657566783,0.14613221081915068,0.17250559931530315,0.1688608270975678,0.10166505523037105,0.10186568462803806,0.5012626349925995,0.5016164481639862,0.5064098238945007,0.5067580938339233,0.507527083158493,0.5097326040267944,0.2945844978094101,0.29573172330856323,0.359056681394577,0.35857999324798584,0.6334753930568695,0.6168940365314484,184.70423889160156,-176.00302124023438,-7.345952033996583,-6.935627460479736,-2.8538115024566655,-2.891347885131836,,,,,,,,,,,,,,,,,0.7708414793014526,0.7691996693611145,0.7849729566532863,0.7791447970467459,0.9997476935386658,0.9830827713012695,0.6141955903636973,0.6185338068794782,0.2138911783695221,0.22626885771751404,-0.8753651442461183,-0.8512036115399851,0.9589279890060425,0.946317195892334,0.5457457444678778,0.5564326301895459
85,3.5416666666666665,85,3.5416666666666665,0.0,0.021558442199148254,0.019039187881305885,0.5517940656538414,0.5534177812957167,0.06144367964537673,0.05587278817365591,0.05940247389219843,0.05499555665106098,0.14456309846028423,0.14486338803252727,0.16330188182505925,0.16729460958067663,0.10117533467697658,0.10240610779231275,0.5065169483423233,0.5063969194889069,0.5144662261009216,0.5143721103668213,0.5075666606426239,0.5110745131969452,0.28947867453098297,0.29074668884277344,0.35470548272132874,0.3543720543384552,0.6306069791316986,0.6167007982730865,185.3677978515625,-175.35208129882812,-12.14693832397461,-10.777196884155273,-3.1762397289276123,-3.329442262649536,,,,,,,,,,,,,,,,,0.7696740031242371,0.7694909572601318,0.7836648512181305,0.771105494087712,0.9936770796775818,0.9855987429618835,0.6106103950316667,0.6191878327552309,0.2168867588043213,,-0.8690928680954219,,0.9540129899978638,,0.5439034273373018,
86,3.5833333333333335,86,3.5833333333333335,0.0,0.018559145896126623,0.01746056964067329,0.5288564283167599,0.5316867362279519,0.07408469760440724,0.07232225730245725,0.07067331950146126,0.06789272318539755,0.13416729395063054,0.13706366728199826,0.15483451059694614,0.15792810816466687,0.10036683414954713,0.10081130654306757,0.51102314889431,0.5110502243041992,0.5214024186134338,0.5217995047569275,0.5068934708833694,0.5094588398933411,0.28570374846458435,0.28549040853977203,0.349867582321167,0.34892377257347107,0.6285599768161774,0.6177033185958862,185.0813446044922,-175.1431884765625,-15.754380226135254,-15.397395133972168,-3.9639534950256348,-4.160306930541992,,,,,,,,,,,,,,,,,0.7696101069450378,0.7697999477386475,0.7892638101430464,0.7771202011638282,0.9969147443771362,0.983929455280304,0.6224771833043228,0.6149181506294233,0.21512718498706818,0.2189311683177948,-0.8765359283290516,-0.8672273251314642,0.9532778263092041,0.9530937075614929,0.5487358115640677,0.5631428701096004
87,3.625,87,3.625,0.0,0.02447121914687599,0.023030212647859694,0.5047428081033949,0.5074178565739014,0.08047798765835337,0.08067972647859194,0.07486634222322854,0.07430541144384932,0.1326377461068338,0.12642099862439077,0.14917430205717458,0.14390283916496863,0.10030169112466872,0.10143720041762407,0.5145026445388794,0.5145043432712555,0.5268218517303467,0.5274112224578857,0.5070201754570007,0.5096773654222488,0.2831859141588211,0.28299322724342346,0.3467487394809723,0.34512364864349365,0.6306918859481812,0.617753267288208,184.95755004882812,-176.29331970214844,-18.62164878845215,-18.212867736816406,-4.103032112121582,-4.309035301208496,,,,,,,,,,,,,,,,,0.7700645923614502,0.7693819403648376,0.7846133117032951,0.7764169713311744,0.9953356981277466,0.9858310222625732,0.6118119545881323,0.6189812843479837,,0.21752479672431946,,-0.87342401498015,,0.9581472873687744,,0.572426681282373
88,3.6666666666666665,88,3.6666666666666665,0.0,0.03443848955708736,0.03585816547036203,0.4903380523541672,0.48631900455934196,0.08536611576501213,0.08795632173086393,0.07953390508407661,0.08197216496148631,0.13013617621867482,0.12262874389084079,0.1465840674191279,0.13866384036763194,0.10137389844595203,0.10209499134698291,0.515032172203064,0.5152563154697418,0.5272462368011475,0.5284321904182434,0.5070482045412064,0.5103364586830139,0.2808896154165268,0.2807933986186981,0.3456670343875885,0.34481382369995117,0.6321277916431427,0.6166695952415466,185.0141448974609,-175.43316650390625,-20.02828598022461,-20.632848739624023,-3.993308544158936,-4.141898155212402,,,,,,,,,,,,,,,,,0.7705720663070679,0.7692076563835144,0.7862294172521899,0.7744086991046226,0.9974147081375122,0.9844645261764526,0.613036011721664,0.6188918390674203,0.21416738629341125,0.21719315648078918,-0.8738165626151251,-0.8769331054445815,0.9604817032814026,0.9617645144462585,0.551053879388065,0.5806943251135418
89,3.7083333333333335,89,3.7083333333333335,0.0,0.05052283972428777,0.051042691197529244,0.4900515168310064,0.4864452943021112,0.0846636575560455,0.09031385373489788,0.08023944470156334,0.08554007152897053,0.12459938260935191,0.11719569504338315,0.14040000748963075,0.13167615644220032,0.10186686377405767,0.1022316489762657,0.5141750574111938,0.5144922137260437,0.5244805216789246,0.5248014330863953,0.5074858516454697,0.511104941368103,0.2807362675666809,0.27999718487262726,0.3447780907154083,0.3440410792827606,0.6324649453163147,0.6167795956134796,183.99072265625,-176.1356658935547,-19.31804656982422,-19.18868064880371,-3.2139835357666016,-3.1298627853393555,,,,,,,,,,,,,,,,,0.7708613872528076,0.7696114778518677,0.7853133143832879,0.7724032402258753,1.0002107620239258,0.9840482473373413,0.6167906715238334,0.6172753657295916,0.21488860249519348,0.21740365028381348,-0.8724444165999224,-0.8775632213318357,0.9611300826072693,0.9602817296981812,0.5512437709042339,0.5773305302556898
90,3.75,90,3.75,0.0,0.06897905300464502,0.06956921854316298,0.5154699350364913,0.5044927016745542,0.08929562691814621,0.09025353595335414,0.08546734165016162,0.08598699277827605,0.11901295649307685,0.11864721373530304,0.12808705655545688,0.12898142565456525,0.10180565432320784,0.1029458933546243,0.5123251229524612,0.5123643726110458,0.5205721259117126,0.5209439992904663,0.5093075037002563,0.5122624337673187,0.2801361382007599,0.28006501495838165,0.3463941812515259,0.34593722224235535,0.631851077079773,0.6162349879741669,184.73040771484375,-175.5872039794922,-17.447011947631836,-17.130327224731445,-2.323061227798462,-2.578237771987915,,,,,,,,,,,,,,,,,0.7713755369186401,0.7700715661048889,0.7845464177138325,0.7700513677480058,1.0005580186843872,0.9857410788536072,0.6208810933623256,0.6208197545304717,0.21634623408317566,0.21913686394691467,-0.8770307152091594,-0.875538208889203,0.956952691078186,0.9575079083442688,0.5474522521185572,0.5733842442158577
91,3.7916666666666665,91,3.7916666666666665,0.0,0.05462935501508639,0.056290883008819716,0.5182436786203488,0.5224255252557931,0.0910228324983066,0.09411989285025846,0.08837049209080082,0.0914071785733091,0.12252581508626277,0.11792808124459894,0.12826105136412935,0.12038647156323252,0.10231784927573276,0.10329447547861223,0.5094581246376038,0.5097578167915344,0.5155139565467834,0.5156636238098145,0.5089772641658783,0.5130967795848846,0.28128211200237274,0.2816459536552429,0.3500458300113678,0.349950909614563,0.6317216157913208,0.6164491474628448,184.99673461914062,-175.01177978515625,-14.59850025177002,-13.552766799926758,-1.9288285970687866,-1.5697158575057983,,,,,,,,,,,,,,,,,0.7721301913261414,0.769809365272522,0.7883624697689536,0.7684234299636488,1.003077745437622,0.9884470701217651,0.6257932289172096,0.626349130421737,0.2156219184398651,0.2199108898639679,-0.8788439002832706,-0.8775997732749274,0.9556405544281006,0.9575302600860596,0.5458541339010986,0.5742931486494048
92,3.8333333333333335,92,3.8333333333333335,0.0,0.0563522610125363,0.059246524641400976,0.5378162264885774,0.5243160092448416,0.09065084906709119,0.09476922852068702,0.09090457629785506,0.09497083855344615,0.11664801488868963,0.11226243607148238,0.12040707344458254,0.11396490527448519,0.10441650638868745,0.10472029693352815,0.507026806473732,0.5072760581970215,0.5105412006378174,0.5109781622886658,0.5098636597394943,0.5134416222572327,0.283147931098938,0.2835518568754196,0.35300710797309875,0.3539895713329315,0.6320374310016632,0.618001401424408,184.8675994873047,-174.32981872558594,-8.157729148864746,-9.579717636108398,-0.957240641117096,-0.9044204354286194,,,,,,,,,,,,,,,,,0.771816611289978,0.7704597115516663,0.7843775256939692,0.7727398293641043,1.003333568572998,0.9897158145904541,0.6253811742903372,0.6286393102027679,0.2144625186920166,0.22063905000686646,-0.8845329465865601,-0.8803279580019004,0.9586798548698425,0.9562676548957825,0.5501700716519783,0.572072151940283
93,3.875,93,3.875,0.0,0.048993591951704475,0.05813566843432001,0.5589953867349373,0.5359308065286018,0.08602205244079035,0.09328916318984319,0.08728427806388633,0.09382509212694656,0.11948362068644566,0.11075176876129536,0.12430157751981673,0.11114702640991549,0.10399011396393787,0.10484333301268295,0.505379930138588,0.5054333359003067,0.508158266544342,0.5076913833618164,0.5101199746131897,0.5128021538257599,0.28674545884132385,0.28589001297950745,0.3569730222225189,0.35660073161125183,0.631879985332489,0.6193252503871918,185.3107147216797,-174.6035919189453,-6.2960405349731445,-6.4338698387146,-0.7856203317642212,-0.543424665927887,,,,,,,,,,,,,,,,,0.7733027338981628,0.7696264982223511,0.785370062319675,0.7711997027275411,1.00363290309906,0.9922572374343872,0.6240132609948634,0.6299162721550617,0.2142730951309204,0.21848264336585999,-0.8828438565175328,-0.883791291307986,0.9555047750473022,0.9561614990234375,0.5432268335161324,0.5689472650164162
94,3.9166666666666665,94,3.9166666666666665,0.0,0.05743836613089832,0.05791807151451121,0.5586032032792932,0.5514064818058705,0.08356964546397026,0.08863659066836085,0.0852085971775994,0.08953328165052428,0.12193840452667924,0.11675771287240218,0.12889079319713834,0.11807600807550021,0.10430979865711267,0.10521447196096467,0.5045551806688309,0.5045758634805679,0.5077590346336365,0.5076377391815186,0.5080305486917496,0.5125890821218491,0.291624054312706,0.29108354449272156,0.36152198910713196,0.3611055016517639,0.6339229643344879,0.6204095482826233,184.87628173828125,-174.95001220703128,-6.959680557250977,-7.532301902770997,-0.9890312552452087,-0.6776089668273926,,,,,,,,,,,,,,,,,0.7717515826225281,0.7681484818458557,0.790057861209509,0.766293934082204,1.0028058290481567,0.996651291847229,0.6216202271339145,0.63458972145539,0.21549434959888458,0.2186582088470459,-0.87638259389781,-0.8813506584896255,0.9533027410507202,0.9575226902961731,0.5382004650674864,0.5685933008456717
95,3.9583333333333335,95,3.9583333333333335,0.0,0.054080342245630665,0.05424191361155975,0.563594375404534,0.5676639182123504,0.0849150982804047,0.08993803976499838,0.08559423616428528,0.08908674389397173,0.12401895268306563,0.1181023518267067,0.130553103922451,0.11704231754856802,0.10425696825893567,0.10519739039945451,0.5043519884347916,0.5047505795955658,0.5075963735580444,0.5079719424247742,0.5084188580513,0.5106767117977142,0.29706189036369324,0.2961186170578003,0.36845260858535767,0.3676692247390747,0.6348733305931091,0.621441125869751,184.95347595214844,-175.00807189941406,-7.4164042472839355,-7.602757930755614,-1.1006240844726562,-0.6811137199401855,,,,,,,,,,,,,,,,,0.7714494466781616,0.7682324647903442,0.788453487512788,0.7747697215249987,1.0012826919555664,0.9881054759025574,0.6178156557250641,0.6204297267691297,0.2144455462694168,0.221736341714859,-0.8812065703845648,-0.8691797696820605,0.9560717940330505,0.9530946016311646,0.5415839774675664,0.5611881147711127
96,4.0,96,4.0,0.0,0.02605844788926094,0.028259952614567853,0.5527195684069787,0.5479374798890068,0.09554419007859181,0.09565304186427737,0.09467594429724642,0.09536991500417451,0.12098952005302109,0.11650932931966634,0.1261622483520197,0.11951904850822398,0.10483357644956669,0.10508712423315408,0.5056341737508774,0.5061024129390717,0.5094319581985474,0.5107247233390808,0.5092753469944,0.5106411725282669,0.2994910925626755,0.2996252030134201,0.37428879737854004,0.3733416795730591,0.633269339799881,0.6207294166088104,186.63075256347656,-173.85890197753906,-7.976627349853516,-9.865701675415039,-1.390238642692566,-1.36188542842865,,,,,,,,,,,,,,,,,0.7708927989006042,0.7685697078704834,0.7827757235890175,0.7748214717636182,0.9975180625915527,0.9870830178260803,0.6130433719275183,0.6190493146047262,0.2163664996623993,0.21976584196090698,-0.8764015291997214,-0.8737941749287415,0.9501304030418396,0.958804190158844,0.5332882793757604,0.5712649095188712
97,4.041666666666667,97,4.041666666666667,0.0,0.022062903288309694,0.019477756339119027,0.5437023775624328,0.5464443334438124,0.09823583929646523,0.09819586506332036,0.09769236485198472,0.0966027986689829,0.11882218934865023,0.11523174817265974,0.1264206795065536,0.11818652756548884,0.10483873254669064,0.10459013308562377,0.5060588270425797,0.5061386376619339,0.5103543996810913,0.5111157894134521,0.5088665783405304,0.5097435712814331,0.3010544031858444,0.3010411262512207,0.3745402693748474,0.3743537366390228,0.6323903799057007,0.6202499270439148,186.67568969726562,-173.6313934326172,-7.775602817535401,-9.605213165283203,-1.6748757362365723,-1.567542314529419,,,,,,,,,,,,,,,,,0.771051287651062,0.7678980231285095,0.7849636541959305,0.7765743467007467,0.996576189994812,0.9852811694145203,0.6133208591307945,0.6176692549919526,0.21648642420768738,0.21949616074562073,-0.8753668160360061,-0.8731156546235037,0.9490773677825928,0.957852303981781,0.5333286748121058,0.5712568800755231
98,4.083333333333333,98,4.083333333333333,0.0,0.022332848120511204,0.018891044291175434,0.5422311277369469,0.5454136590615598,0.09733096803684395,0.09871958045058428,0.09712782103371871,0.09771313426104487,0.11803234187889287,0.1135824751868916,0.12596707490092007,0.1182129687894741,0.1051623567190792,0.10481873569168988,0.5053763836622238,0.5055277049541473,0.509581983089447,0.5104347467422485,0.5087264180183411,0.5095344334840775,0.3005509376525879,0.30122634768486023,0.3742135763168335,0.3731520175933838,0.6329295039176941,0.6202009320259094,186.67559814453125,-174.0052032470703,-7.184979915618897,-8.762215614318848,-1.6342285871505737,-1.5875017642974854,,,,,,,,,,,,,,,,,0.7707632780075073,0.7682949304580688,0.7822656237515531,0.7797298228719736,0.9947214126586914,0.9840329885482788,0.6075377044619747,0.6166939058376215,0.21728309988975525,0.21983446180820465,-0.870053507180274,-0.8729605571268807,0.9481309056282043,0.9556958079338074,0.529300770447828,0.5686624960696093
99,4.125,99,4.125,0.0,0.02121656176018353,0.022478165453726797,0.5404286664534004,0.5434795314747134,0.09616252946742457,0.09908145805077412,0.09635010095406017,0.09843666187726174,0.11699424547055444,0.11182516466141557,0.12380014770743716,0.11566442929337525,0.10535782436499916,0.10537459051657379,0.5041676163673401,0.5042318254709244,0.5080311894416809,0.5086778998374939,0.5077238976955414,0.5079006254673004,0.29949140548706055,0.30027760565280914,0.3738963007926941,0.37309136986732483,0.6332137882709503,0.6213647723197937,187.18797302246094,-173.6707763671875,-6.971536159515382,-8.33881950378418,-1.4912031888961792,-1.466380000114441,,,,,,,,,,,,,,,,,0.770222544670105,0.7677430510520935,0.7816090256070083,0.7801220621111439,0.9984089136123657,0.9841631650924683,0.6116598800316225,0.6126894181567694,0.21531561017036438,0.22047477960586548,-0.8706671799116518,-0.8629354620317438,0.9520249366760254,0.9569418430328369,0.5339720474195424,0.5667183876714609
100,4.166666666666667,100,4.166666666666667,0.0,0.034725488249978294,0.03126934733685737,0.5410075321128686,0.5444942602418487,0.0932481360319963,0.09283611019358866,0.09424236309920385,0.09322210664685969,0.1141009895807813,0.11223760250791986,0.12164417982020383,0.11736472856152082,0.10521173332555167,0.10615835434059703,0.5025906264781952,0.5030497759580612,0.5058010220527649,0.5071311593055725,0.505877673625946,0.5069181472063065,0.2994002252817154,0.30059245228767395,0.37494009733200073,0.37435778975486755,0.6327362954616547,0.6211457550525665,187.37730407714844,-173.60469055175784,-7.1387248039245605,-8.430854797363281,-1.3511700630187988,-1.3559740781784058,,,,,,,,,,,,,,,,,0.7696578502655029,0.7672921419143677,0.7870751577336484,0.7793962618111043,0.9971392154693604,0.9877569079399109,0.6116154188920165,0.6172895313938876,0.21498379111289978,0.219947949051857,-0.8679778419269388,-0.859008596244597,0.9530516862869263,0.9564684629440308,0.5376187214224731,0.5646069291395988
101,4.208333333333333,101,4.208333333333333,0.0,0.04232581180486971,0.035461757256428715,0.5498817535890762,0.5477806668620674,0.08699456247747278,0.08549688724622938,0.08830363464626112,0.08633342626499318,0.12480111918082253,0.12228740642172188,0.13372550060309016,0.1301026310255304,0.1041306462215767,0.10476058968166226,0.5012045204639435,0.5017219632863998,0.5035194754600525,0.5054814219474792,0.5047525614500046,0.5056542903184891,0.30275003612041473,0.3030211925506592,0.3788444697856903,0.3782224655151367,0.6324364244937897,0.6209437847137451,187.70262145996094,-172.92446899414062,-5.345142841339111,-8.77016353607178,-1.1971707344055176,-1.5464251041412354,,,,,,,,,,,,,,,,,0.7694870233535767,0.7668958306312561,0.7901790418887081,0.7800289384432161,0.9986517429351807,0.9852303862571716,0.6148569132093926,0.6118348408424211,0.21398532390594482,0.21954604983329773,-0.8678816332528688,-0.8542772594217994,0.9557850956916809,0.9578206539154053,0.5428859904310973,0.5657990296053208
102,4.25,102,4.25,0.0,0.04926599216967063,0.0466352036983753,0.5606014692125519,0.5625918287829986,0.06305196436571313,0.06361991503240765,0.0640088585137804,0.06505642414786392,0.15181483280040953,0.1486304964771687,0.15920172402155608,0.1577395263699111,0.10452172715538298,0.10486316289176678,0.49992452561855316,0.5003413408994675,0.5016819834709167,0.5030893683433533,0.5047437250614166,0.5059181600809097,0.3097749948501587,0.3103945553302765,0.3834805488586426,0.38379061222076416,0.6355316936969757,0.6241214871406555,186.93360900878906,-172.94618225097656,-3.921147346496582,-6.000943660736084,-0.8540649414062501,-1.1912091970443726,,,,,,,,,,,,,,,,,0.7702606916427612,0.7667248249053955,0.7872917337249964,0.7755345885627132,0.9980888962745667,0.9864047765731812,0.604703493717024,0.6059730581512629,0.21472665667533875,0.21919411420822144,-0.8599376662039591,-0.8526025019205535,0.9549328088760376,0.9584338068962097,0.5327241298000631,0.5591874223545904
103,4.291666666666667,103,4.291666666666667,0.0,0.05148836079722302,0.053566497750829084,0.5705496529935993,0.5702670003690119,0.056913796033737064,0.058504117809302196,0.05761894245149089,0.058015314879253335,0.1618809175127015,0.16332433751537548,0.16990358555469506,0.17077962477114916,0.10536999138410857,0.10528523951831434,0.49785324931144714,0.49882805347442627,0.500014066696167,0.501728892326355,0.5035724341869354,0.5071689933538437,0.31855960190296173,0.3191613405942917,0.3950596749782562,0.39500683546066284,0.6323671340942383,0.6255011260509491,189.95700073242185,-170.42868041992188,-4.098589897155762,-6.009371280670166,-1.1942943334579468,-1.2812460660934448,,,,,,,,,,,,,,,,,0.769010066986084,0.7694826722145081,0.7964408443698318,0.7747160923731019,0.9905948042869568,0.9887131452560425,0.6046063217483073,0.6033987097511471,0.2153521478176117,0.21938607096672058,-0.8647997867513956,-0.8499368468004681,0.9507368206977844,0.9567121863365173,0.5373351675206356,0.5502359940318261
104,4.333333333333333,104,4.333333333333333,0.0,0.05027381856725532,0.048685717877517104,0.5758465739924912,0.5714541921229127,0.06205469642046144,0.06367402338642034,0.06156139548630721,0.06313962412638514,0.15061722006659983,0.15266707488139764,0.15647150640661983,0.16035816111272344,0.10482736698617418,0.10277660875464216,0.4963281899690628,0.4976949393749237,0.49800750613212585,0.5000494718551636,0.5034283995628357,0.5058853328227997,0.3258635848760605,0.3269232511520386,0.4108617603778839,0.410152792930603,0.6345757842063904,0.6280003190040588,193.07803344726562,-167.99490356445312,-4.713006019592285,-7.160984039306641,-1.2767295837402344,-1.5663853883743286,,,,,,,,,,,,,,,,,0.7689827680587769,0.7693058252334595,0.7915123572782523,0.7825865236916155,0.9900982975959778,0.9847769141197205,0.596065359913539,0.5962133428664256,0.2147190272808075,0.2210988998413086,-0.8605282493282177,-0.8460618327069132,0.9530633091926575,0.953122615814209,0.5339728823330028,0.5433154923145928
105,4.375,105,4.375,0.0,0.03523577257009444,0.03251105227164656,0.5712105098503989,0.5549694654363676,0.08134987930959874,0.08634120910271062,0.07965876924968543,0.08347855203637813,0.13260318648811506,0.12212315241279101,0.14052779138723506,0.13036183458056977,0.10584888315148303,0.10308541337771084,0.4947720915079117,0.49620020389556885,0.4973689913749695,0.499446302652359,0.5030074119567871,0.5054416656494141,0.33766572177410126,0.3351708799600601,0.4254121482372284,0.4254471957683563,0.6363242864608765,0.6303981244564056,193.9062042236328,-166.30160522460938,-4.068691730499268,-8.00810718536377,-1.8927158117294312,-2.271681308746338,,,,,,,,,,,,,,,,,0.7686501741409302,0.7708472013473511,0.7926833561906526,0.7884496960238837,0.9913885593414307,0.9883842468261719,0.5959794073123558,0.5982087086062248,0.21511439979076385,0.22353710234165192,-0.8590785505738956,-0.8374639461202407,0.952268660068512,0.9522987604141235,0.5303162128894228,0.5379084598617164
106,4.416666666666667,106,4.416666666666667,0.0,0.02119443754957523,0.024076576860329577,0.561910609057105,0.5605172136352028,0.0928866979013841,0.10123275854772726,0.09131913385259151,0.09749300223045769,0.12618713641538518,0.10512340276275857,0.13461846895362775,0.11546457841783114,0.10543622642505933,0.10368872755742894,0.4941391497850418,0.49455928802490234,0.4973756670951843,0.4984654188156128,0.5034809708595276,0.5041171461343765,0.34911055862903595,0.3459927588701248,0.4371979534626007,0.43802905082702637,0.6385180354118347,0.6320865154266357,194.437744140625,-164.86383056640625,-4.956484794616699,-6.016333103179932,-1.9993367195129392,-2.7201313972473145,,,,,,,,,,,,,,,,,0.7672339677810669,0.7680315375328064,0.788748916226095,0.7840606453491823,0.9959407448768616,0.9883303046226501,0.6012374745833186,0.5953281393654756,0.21481648087501526,0.22154226899147034,-0.8632463186606879,-0.8394988971922015,0.952559232711792,0.9528295397758484,0.5282634017921097,0.536001900078623
107,4.458333333333333,107,4.458333333333333,0.0,0.026267673643127702,0.023475710478628883,0.5565104725705066,0.5572219656486338,0.08989116046019772,0.10308660933263537,0.08922680457524391,0.0997724630401243,0.12001363195656829,0.10828594435272133,0.1276654482362118,0.11960356749412338,0.10574246001012574,0.10365525987493798,0.49271294474601746,0.49358125030994415,0.49537864327430725,0.4969056248664856,0.5033175647258759,0.5040746033191681,0.3536355197429657,0.3529888391494751,0.44321462512016296,0.45014330744743347,0.6379927098751068,0.629875898361206,195.35813903808594,-162.0412139892578,-3.9874744415283203,-3.454529047012329,-1.6846599578857422,-2.5198471546173096,,,,,,,,,,,,,,,,,0.7667737603187561,0.7679158449172974,0.7921782370285025,0.7906323687067228,0.9942629337310791,0.989136278629303,0.6025825410092411,0.6055691751932303,0.21588759124279022,0.22398628294467926,-0.8642642438169837,-0.8393187162227927,0.9490934610366821,0.9487443566322327,0.5261845323919375,0.5374845651675384
108,4.5,108,4.5,0.0,0.0344652422701523,0.06590289355734472,0.5910040628488733,0.6071443184727844,0.094449275299448,0.0977857913919729,0.09276036853037718,0.09767699450135986,0.12294390769512023,0.11375127172785092,0.136805024389865,0.12517026261062036,0.08606783311026422,0.08599036489477796,0.4914463758468628,0.4914112836122513,0.49517208337783813,0.49436041712760925,0.4970729649066925,0.49298809468746185,0.28279919922351837,0.2821112126111984,0.35547372698783875,0.3585556447505951,0.49505504965782166,0.49617642164230347,202.33958435058594,-155.56712341308594,-4.604248523712158,-3.8853096961975098,-3.111271381378174,-2.4116079807281494,0.637468159198761,0.6470385193824768,0.5743779428244398,0.6259420489599054,0.8359840512275696,0.8422700762748718,0.784570518966191,0.7910198664149145,0.26353609561920166,0.2623971104621887,-0.9554346018137683,-0.9369438183854575,0.8537238836288452,0.8229852914810181,0.825394706551754,0.7469432192782609,0.7201982736587524,0.7230285406112671,0.9128393352728624,0.9347068555654331,0.7902857661247253,0.7713378071784973,0.6794063144135652,0.6288994886671945,0.29231396317481995,0.29102692008018494,-0.8376999995090508,-0.82061436503212,0.7410532832145691,0.7080504894256592,0.5661089578115538,0.48425215126438576
109,4.541666666666667,109,4.541666666666667,0.0,0.05420541293915108,0.05360270962614996,0.6263862785414186,0.6293032586531848,0.09752679686906383,0.09711637327129338,0.09583921743595376,0.09660616699145853,0.10626851353888861,0.10650373535633424,0.11554794848530586,0.11922809831781718,0.08481954732790828,0.0851143363383258,0.4913477152585983,0.49122022092342377,0.4936135709285736,0.4937201738357544,0.4989989548921585,0.49823299050331116,0.2783389538526535,0.278522327542305,0.3522046208381653,0.3515127897262573,0.48573237657546997,0.48480722308158875,205.94351196289062,-154.10891723632812,-1.9807082414627075,-1.6088776588439941,-2.228062629699707,-2.3757076263427734,0.6300125122070312,0.6340293884277344,0.5258107853184676,0.5317497349387887,0.8487695455551147,0.855235755443573,0.8195715416305401,0.8159170144473737,0.25920552015304565,0.25901374220848083,-0.9623887544046732,-0.9367315614941972,0.8564726710319519,0.8439581394195557,0.836961668487713,0.7910765985708552,0.7189556360244751,0.7229336500167847,0.8827757799466899,0.8798798639957965,0.8019810914993286,0.7861617803573608,0.7139446562931867,0.6637726016803771,0.2924462556838989,0.29856953024864197,-0.8289801392028532,-0.7818395310195978,0.7440258264541626,0.7321361303329468,0.5831082296755682,0.5447740818028018
110,4.583333333333333,110,4.583333333333333,0.0,0.05269531695383825,0.06082442359959262,0.6355379071499748,0.637464363697253,0.09531535195381424,0.09992860492270347,0.09595139458420257,0.1005256353071388,0.10606519376040639,0.10017463245772688,0.11732288887376727,0.11358404333380064,0.08453011218449187,0.08499410692832716,0.4915076792240143,0.4909946173429489,0.4931604564189911,0.4940215051174164,0.5014073997735977,0.49869439005851746,0.2747819274663925,0.2748633474111557,0.3480527997016907,0.3473825454711914,0.4855094254016876,0.4909815192222595,206.73385620117185,-152.8691864013672,-1.6226369142532349,-3.224774122238159,-1.9158493280410769,-2.76513934135437,0.6329115629196167,0.6352152228355408,0.5193326894621817,0.5152417392791879,0.8551750183105469,0.8518290519714355,0.8211787738158838,0.7660522205004745,0.25573432445526123,0.2511330246925354,-0.9702054739654774,-0.9343185642430879,0.8448877334594727,0.8409417867660522,0.7983264983486817,0.74293937385796,0.7272464632987976,0.727651834487915,0.8918775302644336,0.8641057155093411,0.8029133081436157,0.8052584528923035,0.7050840982614224,0.667186335059034,0.29385703802108765,0.2943762540817261,-0.8196522831607619,-0.7711147786426431,0.7314066290855408,0.7464032173156738,0.5462384600550199,0.5422410886330458
111,4.625,111,4.625,0.0,0.05196295870450515,0.05814442706526575,0.6319509138524207,0.634492561174596,0.0945456648849202,0.10050299185963579,0.09576994981723887,0.10014240927240893,0.10320713550852098,0.09776845505368907,0.11524667498112849,0.1090877793476901,0.0849208383247727,0.08510805363428448,0.4912731498479843,0.4905894696712494,0.492780864238739,0.4931994080543518,0.5003169178962708,0.4976300001144409,0.2713121026754379,0.2720082104206085,0.3438977301120758,0.3443668484687805,0.4817078113555908,0.4866996109485626,206.7064971923828,-152.4055938720703,-1.5675177574157715,-2.5244443416595463,-1.852516293525696,-2.5263540744781494,0.623652994632721,0.6370740532875061,0.4809137920357041,0.5359692289708297,0.8496907353401184,0.8478676676750183,0.807099903645511,0.7808573780979541,0.2567966878414154,0.2569520175457001,-0.9495375592604423,-0.9250734600171496,0.8466236591339111,0.8346492052078247,0.8003728607607509,0.7522786216094295,0.7293685674667358,0.7213935852050781,0.8931214635791247,0.8600610312433391,0.8136934638023376,0.8015276789665222,0.7281467987702811,0.6806687777771591,0.2922635078430176,0.2944108545780182,-0.8112448281330749,-0.7810961189580939,0.7461714744567871,0.7329599857330322,0.5800502770495111,0.5324231393178323
112,4.666666666666667,112,4.666666666666667,0.0,0.05329620387046472,0.05464558877634284,0.6401360587036654,0.6393218055914602,0.0959688533868152,0.09979520500536039,0.09691596013121807,0.09939198391371923,0.10136546547421398,0.09798746136154325,0.11351720435405925,0.1078820620652892,0.0843933418235936,0.08405113632986513,0.49065859615802765,0.49027539789676666,0.49257734417915344,0.4927046000957489,0.5021531134843826,0.4981462359428406,0.26857542991638184,0.2695794552564621,0.3402058780193329,0.3412040174007416,0.4819735884666443,0.4858507812023163,206.04537963867188,-154.05453491210938,-2.2072536945343018,-2.4021687507629395,-2.1109113693237305,-2.3170361518859863,0.6344946026802063,0.6290206909179688,0.5196315279586855,0.5014551615651217,0.8550549149513245,0.8488155007362366,0.8239967810779745,0.7822834816189869,0.2580604553222656,0.2575644552707672,-0.95841630387427,-0.921806900509853,0.8391128778457642,0.8328684568405151,0.7887867978215578,0.7479134496326965,0.728321373462677,0.7253488898277283,0.8880371470988937,0.8705437859017086,0.8045835494995117,0.7926925420761108,0.7125244566366398,0.6613238920594879,0.28974151611328125,0.290671169757843,-0.8340223732466029,-0.7949560733934233,0.7439267635345459,0.7258634567260742,0.5785563568214916,0.5172898117550153
113,4.708333333333333,113,4.708333333333333,0.0,0.05136844721148459,0.0587573054832554,0.6402592465972178,0.6397346734756488,0.0974010783913963,0.09962092385666886,0.09740325631625113,0.0999531303310665,0.10147645447940788,0.09778004261782205,0.11270145877691169,0.10925287572356963,0.08299910419901733,0.08416874104093461,0.49039898812770844,0.49005936086177826,0.49209192395210266,0.49264687299728394,0.5004944503307343,0.4975403994321823,0.2669106125831604,0.26776470243930817,0.3385407328605652,0.3390616178512573,0.4860936552286148,0.48813751339912415,204.47068786621094,-154.29214477539062,-1.6298228502273562,-2.952920436859131,-1.9941332340240479,-2.4883830547332764,0.63274747133255,0.6256078481674194,0.5171141064498518,0.49319071552408933,0.8494752049446106,0.8516473770141602,0.7992197057319613,0.787435265343563,0.256597638130188,0.2560907006263733,-0.9536453772600111,-0.9298283903765183,0.8416449427604675,0.8370417356491089,0.7819978631714186,0.7557965170316827,0.7282229661941528,0.724811315536499,0.8904267524614486,0.8752255693250396,0.8029282689094543,0.7970446348190308,0.6968445891366996,0.6691547753416697,0.2871299684047699,0.2927175760269165,-0.8342628590523142,-0.788777443671469,0.7456746697425842,0.7285547256469727,0.5709212869932518,0.5207918966403355
114,4.75,114,4.75,0.0,0.07415750641281982,0.06864680536427475,0.6417826045585027,0.6447926712447992,0.09659603342672439,0.09706941908613094,0.09706438094045884,0.09705515927385887,0.09785166296638198,0.09772717679274127,0.11098283673634292,0.11032973172334569,0.08389324437615338,0.08389049669351946,0.4901452660560608,0.48984554409980774,0.4919772446155548,0.4922691583633423,0.5002246201038361,0.4993031322956085,0.26566413044929504,0.2668347805738449,0.336467981338501,0.3372277319431305,0.4855066388845444,0.4865800142288208,204.01785278320312,-155.35719299316406,-1.8756834268569949,-2.7930049896240234,-2.1532607078552246,-2.5155904293060303,0.632480263710022,0.633073627948761,0.5185664658561467,0.5158316746473527,0.8502052426338196,0.8534144759178162,0.8043532907320796,0.7956834501823954,0.2554875612258911,0.2553643584251404,-0.9595993654854333,-0.9406509680825879,0.8465784788131714,0.835351824760437,0.7963543585073433,0.7565045995199697,0.7279614806175232,0.7231012582778931,0.8929426048041501,0.862986726218806,0.8028620481491089,0.7972307205200195,0.6999365096255477,0.6738178977114191,0.28500545024871826,0.29165345430374146,-0.8438614886528905,-0.8007167844862815,0.753995418548584,0.7249023914337158,0.5921597484257978,0.516933906582719
115,4.791666666666667,115,4.791666666666667,0.0,0.09109393316097647,0.08849483976850675,0.6496691094470962,0.6501597017315239,0.09789765667422018,0.09686509710289115,0.0984477839515332,0.09687773921133175,0.09827989640777651,0.09773447191288227,0.11031461862300396,0.10933594796649122,0.08378057077503975,0.0837260040402222,0.49012765288352966,0.4899069666862488,0.49164798855781555,0.4920678436756134,0.5004327297210693,0.4987911581993103,0.2647378742694855,0.2660670429468155,0.3356587886810303,0.33599773049354553,0.4833924025297165,0.4866386204957962,203.92996215820312,-156.2784881591797,-1.2971819639205933,-2.825470209121704,-1.8425550460815432,-2.2556967735290527,0.6324002742767334,0.6336106061935425,0.5195661395455056,0.5188927034618562,0.8492844700813293,0.8513254523277283,0.810306317650774,0.7895281662408772,0.2547532618045807,0.25604310631752014,-0.9672585266381338,-0.9342880035114062,0.8422616124153137,0.8388105630874634,0.7947534635733023,0.7624340770385347,0.7271103858947754,0.7229787707328796,0.8924469659259188,0.8628526379605092,0.802734911441803,0.7992405891418457,0.7072174431040672,0.6767671259985238,0.2862197160720825,0.2919808328151703,-0.8433727316572691,-0.79597098518749,0.74568772315979,0.7278240919113159,0.5808804678904472,0.5221540959241274
116,4.833333333333333,116,4.833333333333333,0.0,0.09411136535010328,0.09497080536726112,0.6486923676080629,0.6505353315883877,0.09688654383090439,0.0997078548632467,0.09775489045826016,0.10037472277722749,0.09939557724144178,0.09704128080906312,0.11227076983350487,0.10899956154601458,0.08404302802430165,0.08413388375950535,0.49011971056461334,0.4899706542491913,0.49143385887145996,0.4922844469547272,0.5004049986600876,0.49801817536354065,0.26388001441955566,0.26515987515449524,0.3346557021141052,0.3367440104484558,0.4824007451534271,0.48619483411312103,203.0600128173828,-155.14448547363284,-1.206884741783142,-3.1737537384033203,-1.824064373970032,-2.348466157913208,0.6332701444625854,0.6339158415794373,0.5239133079689381,0.5224143028488472,0.8487734198570251,0.8476542830467224,0.8126320813607376,0.7816011127745666,0.2545663118362427,0.257141649723053,-0.9693901200550895,-0.9259713262125765,0.8401463031768799,0.8391715288162231,0.793496724747147,0.7632584462167771,0.7268465757369995,0.720641016960144,0.8929035150002284,0.8558009848833928,0.8025680780410767,0.7941886186599731,0.7101464275923296,0.665989740867697,0.2859709560871124,0.29175934195518494,-0.845555453290651,-0.7928948867323398,0.7455052137374878,0.721430778503418,0.5835782706604683,0.5086619714672519
117,4.875,117,4.875,0.0,0.0911122815161322,0.08889295800986599,0.648466841105921,0.6470766441573275,0.09654066669035728,0.09865200131072202,0.09738598160642283,0.09910829715447399,0.10000705368254162,0.09775239330944178,0.11363488789531517,0.10899556773715326,0.08413680607267689,0.0840123095462995,0.49003784358501434,0.48994681239128113,0.49154409766197205,0.4921128451824188,0.5010830610990524,0.4986836761236191,0.26318587362766266,0.2640361040830612,0.33387625217437744,0.3350994288921356,0.4842732697725296,0.4868120551109314,202.9577178955078,-156.00088500976562,-1.4897441864013672,-3.1550018787384033,-1.9615325927734375,-2.306575059890747,0.6324678659439087,0.6317434310913086,0.5170519790774811,0.510065665728563,0.8470175266265869,0.847657322883606,0.8029936971886206,0.778077599414582,0.2549813687801361,0.2560509741306305,-0.9685090084661703,-0.930097990182123,0.8426136374473572,0.8345972895622253,0.7932449687464184,0.7499167219346091,0.7274690270423889,0.7224330902099609,0.8909197061607693,0.8577115889025871,0.8012034296989441,0.7961868047714233,0.7015767060711381,0.6670935828566004,0.2858400344848633,0.2939232587814331,-0.8470677642282203,-0.7849199678134208,0.748630940914154,0.7197918891906738,0.585198910028759,0.5023659895325943
118,4.916666666666667,118,4.916666666666667,0.0,0.08584181008409093,0.08856811019395887,0.6433524670787617,0.6436391687877724,0.09757748750585012,0.09752239823884729,0.09834919131535527,0.09849152937901495,0.10016264601308762,0.0973870356917825,0.1140357378188781,0.1098060052735579,0.08406619257007977,0.0842916862144285,0.48981277644634247,0.48996253311634064,0.49138739705085754,0.4920680522918701,0.5010784268379211,0.49718087911605835,0.26204022765159607,0.26274578273296356,0.33237719535827637,0.3326420485973358,0.48537151515483856,0.48852548003196716,202.85983276367188,-156.7329864501953,-1.6421096324920654,-3.2047433853149414,-2.072857141494751,-2.3307852745056152,0.6324170827865601,0.6345522403717041,0.5161612263677156,0.5234712705790902,0.84837806224823,0.847213864326477,0.8024718277746454,0.7688409191384594,0.2545841932296753,0.25792479515075684,-0.9687229170485574,-0.9117161329865364,0.8418506383895874,0.8384588360786438,0.7880421327830641,0.7500747023891028,0.72679603099823,0.7196205854415894,0.8870707145178074,0.8476351594184982,0.8002299666404724,0.7953298687934875,0.6960343803082083,0.6576286787626845,0.28632253408432007,0.29001083970069885,-0.8439911629424671,-0.7894481263591715,0.7471997737884521,0.7273882627487183,0.5788044401709183,0.5119972919477893
119,4.958333333333333,119,4.958333333333333,0.0,0.0828050399128473,0.08625366773948126,0.6413842498894589,0.642670376567505,0.0962580707407246,0.09406687513936807,0.09673950027874868,0.09530829366640879,0.09998265688291103,0.10140277625530884,0.11354963855299885,0.11492736711411226,0.08437765094602646,0.08407008825574744,0.4897516518831253,0.4899548292160034,0.4912390410900116,0.4919189214706421,0.5008920431137085,0.4976349174976349,0.2606857866048813,0.26198482513427734,0.33062514662742615,0.3306037187576294,0.48549817502498627,0.4878467917442322,202.85162353515625,-157.51065063476562,-1.1384905576705933,-3.0803399085998535,-2.0059263706207275,-2.274430751800537,0.6322253346443176,0.6298651099205017,0.5175781511466203,0.5078817221795917,0.8467162251472473,0.8485004305839539,0.8007428634800126,0.7791925630940502,0.25479090213775635,0.2583721876144409,-0.9698726960766083,-0.9189820046382449,0.8415655493736267,0.8354512453079224,0.7893249211417763,0.7509997846869569,0.7267963886260986,0.7205663919448853,0.8902781017944681,0.8562554367933092,0.8006117343902588,0.7968769669532776,0.6985391061219757,0.6676600160453419,0.28656119108200073,0.29061567783355713,-0.8446675236369646,-0.7951382814952265,0.7453193664550781,0.7283693552017212,0.5759677977003138,0.5196492493610488
120,5.0,120,5.0,0.0,0.073272505247141,0.08468300105918226,0.6445324465666448,0.643499619947408,0.06521803296462715,0.06577263808654035,0.06658798294074444,0.066695552357342,0.12949367859341326,0.12822815988895275,0.14689293100821324,0.1441489792107518,0.0838178157341761,0.0834682980669629,0.4899299591779709,0.49016739428043365,0.491521418094635,0.4918038547039032,0.5003497898578644,0.4982641786336899,0.2614395171403885,0.26195986568927765,0.3266879916191101,0.3273373544216156,0.4852096438407898,0.48651617765426636,201.0569610595703,-158.52784729003906,-1.7681095600128176,-2.198647975921631,-2.1621530055999756,-2.1405553817749023,0.633137583732605,0.6339277625083923,0.5244005109764301,0.5167727429578973,0.8456698060035706,0.8435941934585571,0.8007275129463614,0.7651066076749161,0.2559068202972412,0.2604597508907318,-0.9653448890272646,-0.9058499186175291,0.8421255350112915,0.8369580507278442,0.7928542564959746,0.7508874274733405,0.7278356552124023,0.7176666855812073,0.898378537295118,0.8357529123793861,0.8020979762077332,0.7933209538459778,0.70393689204222,0.6573867646311747,0.28789275884628296,0.2921104431152344,-0.839027235651679,-0.7852853973936255,0.7448593378067017,0.7325225472450256,0.5767867728825985,0.5271147776489514
121,5.041666666666667,121,5.041666666666667,0.0,0.0795084249814149,0.08255250310736145,0.6524381425204429,0.6464933089330256,0.057585676838807984,0.06406382314850784,0.06006527780763492,0.06518831261913767,0.1387881967666951,0.1357287890357341,0.15896301355879397,0.15551760764769704,0.08338812613761559,0.08201413117276808,0.4899217188358307,0.48985059559345245,0.49152305722236633,0.4917285144329071,0.5004051029682159,0.49968303740024567,0.2599707692861557,0.2595290392637253,0.3224145174026489,0.3233907222747803,0.48554766178131104,0.48339100182056427,200.2864532470703,-159.64303588867188,-1.3257417678833008,-1.3876334428787231,-2.314497470855713,-2.5529143810272217,0.6335210204124451,0.6339271068572998,0.5238143618321054,0.5208507325376508,0.8467445969581604,0.845367431640625,0.7994917660634842,0.7899889007020099,0.2567584812641144,0.26070162653923035,-0.9587553623251177,-0.927218933493828,0.8450556397438049,0.8281275033950806,0.7957533418006936,0.7523639316683924,0.7276597023010254,0.721540093421936,0.8942523569564821,0.860778510476479,0.8015981912612915,0.7953077554702759,0.6995624031403579,0.68073706746256,0.28908365964889526,0.29281216859817505,-0.8315550018285824,-0.8026339188915047,0.7444239854812622,0.7277260422706604,0.5730100924736797,0.5332445819859161
122,5.083333333333333,122,5.083333333333333,0.0,0.0817673718217757,0.0843177335038487,0.6543974147115286,0.6383497948536683,0.06217071762019981,0.06431567077610419,0.0649283335001694,0.06547292841731034,0.135679935550873,0.134976981112676,0.1544268210141211,0.15689988974481692,0.08343234733514626,0.08195893718361885,0.4904131591320038,0.49001313745975494,0.49138718843460083,0.49178677797317505,0.5009259134531021,0.5004656612873077,0.25503453612327576,0.2555176913738251,0.31710565090179443,0.3173556625843048,0.48426538705825806,0.4830368459224701,200.68959045410156,-161.5086212158203,-0.396936297416687,-1.2450629472732544,-1.818561315536499,-2.6483798027038574,0.6331278085708618,0.6304022073745728,0.519836290786723,0.5094226172932825,0.8441294431686401,0.8465192914009094,0.7959575596208682,0.8015910739822244,0.2568885087966919,0.2577205300331116,-0.9595891128247892,-0.9516942216985236,0.8483374118804932,0.8299576044082642,0.805264864559987,0.7650674381683473,0.7276070713996887,0.721486508846283,0.8913419299566676,0.8665230993923421,0.8000153303146362,0.7975682616233826,0.6983847094962027,0.6936389320837207,0.289358913898468,0.291195273399353,-0.8319109510751845,-0.8204548445382359,0.7420629858970642,0.7235399484634399,0.5702040650175838,0.5303836338179047
123,5.125,123,5.125,0.0,0.07885737110733812,0.06800274794947049,0.6590096424456072,0.6355845013394306,0.058714003154068446,0.060559257925553917,0.0614677622976912,0.06296778157011745,0.12770456340897085,0.1343487647762762,0.14296929920443038,0.14946150302995492,0.08247957439034555,0.08282382221572536,0.490922749042511,0.4910437911748886,0.49131014943122864,0.4917946457862854,0.5026167333126068,0.5004639029502869,0.24836842715740204,0.24968630820512772,0.3065722584724426,0.30879130959510803,0.4828575551509857,0.4841085821390152,195.47157287597656,-163.68609619140625,-0.7839965224266053,-1.42136812210083,-1.3793363571166992,-1.583549976348877,0.6307808756828308,0.6316225528717041,0.5054461482345619,0.5083556449967888,0.8462314009666443,0.845827043056488,0.8060918824780301,0.7886129672700156,0.2568519115447998,0.2571483254432678,-0.9692327373069641,-0.9430628282271531,0.8444892168045044,0.8322553634643555,0.802227100994568,0.759024202331553,0.7274653911590576,0.7222262024879456,0.8867448097604809,0.8595248341225027,0.8013695478439331,0.795659065246582,0.7065724039807121,0.679237521675513,0.2902712821960449,0.2904289960861206,-0.8374354041394665,-0.8140708265504839,0.7377694249153137,0.7314573526382446,0.5654848067094072,0.5392659455622628
124,5.166666666666667,124,5.166666666666667,0.0,0.061532879054219114,0.05716562801550673,0.6378401128331902,0.6223907878569241,0.06728871860743134,0.06351472746775069,0.07036725500490437,0.06615213190154705,0.11795116092893741,0.12218896046999984,0.12561813268645045,0.13535124617594713,0.08364879375467921,0.08365291477621087,0.4913662374019623,0.49116532504558563,0.4906361401081085,0.49102360010147095,0.5018963366746902,0.503156766295433,0.2419903427362442,0.24228651076555252,0.29773470759391785,0.2998075783252716,0.4802445024251938,0.4794105589389801,193.77076721191406,-165.03512573242188,0.5195977091789246,-0.2086007446050644,-0.24031370878219604,-0.9931265115737916,0.629762589931488,0.6350551247596741,0.5060727159999993,0.5192812862926975,0.8475647568702698,0.8451027274131775,0.817757220272724,0.809844184468836,0.25805631279945374,0.2607112526893616,-0.9650770239135416,-0.9545032980481447,0.8430942296981812,0.8300704956054688,0.807804581317587,0.7765545311523491,0.7271794676780701,0.7205953598022461,0.8916320223045476,0.8560515372638575,0.7997918128967285,0.7908421754837036,0.7114013376463572,0.6896813912389498,0.2902941405773163,0.29140087962150574,-0.8374852266570925,-0.8336788303692131,0.7381541728973389,0.7244138717651367,0.5741787790204523,0.5425724835610246
125,5.208333333333333,125,5.208333333333333,0.0,0.06179534309214103,0.05884861552646415,0.6199626601148638,0.6268987907136763,0.07344975132382398,0.06978331305503582,0.07621378048408389,0.0717196389469842,0.11470293895019608,0.11679039509198974,0.12083956680549206,0.12882789420874036,0.08413826739081577,0.08352449619982917,0.4917019307613373,0.49128855764865875,0.4909228980541229,0.4915308654308319,0.5024066716432571,0.50360107421875,0.2357548400759697,0.23581596463918686,0.29002633690834045,0.2899189293384552,0.48194749653339386,0.4800231605768204,192.18650817871094,-168.36727905273438,0.6434093713760376,-0.35241085290908813,-0.14560866355895996,-1.1225203275680542,0.6296778917312622,0.6315695643424988,0.5000277006801617,0.5043929651555873,0.850403368473053,0.8474302291870117,0.8142764330804027,0.8145842509677037,0.26341909170150757,0.2656038999557495,-0.9389429126770186,-0.9380754614599277,0.8485851883888245,0.8303462266921997,0.8102583095914496,0.7767070282228913,0.7265970706939697,0.7219224572181702,0.8808072215727971,0.8605225366139551,0.801121175289154,0.7932482361793518,0.7053642633030232,0.6944564636689001,0.2892775535583496,0.2938685417175293,-0.8373492671029318,-0.8266692359625559,0.7524239420890808,0.7252515554428101,0.5977448375566097,0.5436999051312849
126,5.25,126,5.25,0.0,0.06770317720635183,0.060328722550125946,0.6200883763594309,0.6247753520418299,0.07486487428158406,0.06848824257985642,0.07644136459630924,0.06972766713509121,0.11529379142200283,0.12174720594458419,0.11970057122424492,0.13327334056907703,0.08449464264128778,0.08350680747289568,0.4916447848081589,0.4914286881685257,0.4902314245700836,0.4916253089904785,0.5019514560699463,0.5021920949220657,0.23026192933321,0.23075934499502182,0.2812249958515167,0.2813756465911865,0.479881688952446,0.4803120642900467,188.13597106933594,-171.88987731933594,2.0112130641937256,0.027342101559042934,0.1337251365184784,-1.128657579421997,0.6343226432800293,0.6318399906158447,0.5229518019932257,0.5040087061474283,0.851491391658783,0.8465112447738647,0.8258055009358876,0.8007786047365373,0.26940542459487915,0.2829991579055786,-0.9187072260163003,-0.8521167890242544,0.8391216993331909,0.8471888303756714,0.7983170906684337,0.8022603012605093,0.7252589464187622,0.722211480140686,0.8822090134400699,0.8553296224206317,0.7985010147094727,0.7914502620697021,0.708048229092026,0.6803751214545469,0.2918674945831299,0.2950338125228882,-0.829967521973222,-0.8053318360549605,0.7495748996734619,0.7396736741065979,0.5993227177775694,0.5671537215258671
127,5.291666666666667,127,5.291666666666667,0.0,0.09093484516563893,0.0822241370097618,0.6326688199135645,0.6321210250761963,0.07478990790615607,0.07039139506921943,0.07495684933143143,0.07047658995622687,0.11530930465510728,0.12472341851484166,0.12007920369220812,0.13614978025757182,0.08424957478775773,0.0831547084813654,0.4912731945514679,0.49134376645088196,0.4902392029762268,0.4913690984249115,0.5025229454040527,0.5019697397947311,0.22623316943645477,0.22636626660823822,0.27492016553878784,0.27519410848617554,0.477927565574646,0.4838676452636719,185.18035888671875,-174.56324768066406,2.087639331817627,0.85289865732193,-0.21191692352294925,-1.064780592918396,0.6352051496505737,0.631611168384552,0.5245268927401803,0.5015989089320599,0.8522859215736389,0.849968433380127,0.8324633836669945,0.7967754891718299,0.2841072082519531,0.303089439868927,-0.8634536076977386,-0.7694927658232931,0.8242069482803345,0.8632428646087646,0.7700239676821078,0.8256657340961626,0.7222742438316345,0.7234014868736267,0.8687334250618758,0.8567471366665795,0.7979043126106262,0.7927790880203247,0.7115346065176293,0.6723095767685535,0.2947993576526642,0.2934553027153015,-0.8211847900087544,-0.8067684479669238,0.7452626824378967,0.7561978697776794,0.5944750327880801,0.5926948394997728
128,5.333333333333333,128,5.333333333333333,0.0,0.1168686133273201,0.10861265293278798,0.6215476664175845,0.635216675819778,0.07344394574035114,0.07092835243069104,0.07260901159059573,0.0691514456760034,0.11890581474351172,0.12593256753112167,0.12308371099132015,0.13408073521214212,0.08360042577439775,0.08329370580867979,0.4911142885684967,0.4911472797393799,0.49022284150123596,0.49113592505455017,0.5035218000411987,0.5022931098937988,0.2226397916674614,0.22299940884113312,0.2690628170967102,0.2714097499847412,0.47911742329597473,0.4840969145298004,182.98519897460938,-175.4951934814453,1.9405577182769778,1.0506713390350342,-0.2876874804496765,-1.0002222061157227,0.6337794661521912,0.6319610476493835,0.51334519667191,0.49918006323328284,0.8505295515060425,0.8515859842300415,0.8233506226798574,0.7957773631397619,0.2990421652793884,0.2931092381477356,-0.8058538238567715,-0.8052909619215831,0.8317946791648865,0.8335654139518738,0.7818189449657845,0.7567548095984213,0.7216876745223999,0.7223604917526245,0.8597912666976631,0.8471889928483134,0.7991332411766052,0.7961776256561279,0.7094146984085447,0.6757936109214508,0.289715975522995,0.29127946496009827,-0.8426083186794859,-0.8123350031187913,0.758965790271759,0.7505079507827759,0.6203710371976149,0.5768984424860711
129,5.375,129,5.375,0.0,0.07572575655158822,0.08295559191262407,0.5991234080499942,0.5964051915992999,0.07389047871056005,0.07031472798427993,0.07299821157563258,0.06878903173722632,0.11893783511489407,0.127154260963716,0.12378155150651313,0.13383479884567456,0.08379279102189786,0.08361655376173026,0.491128072142601,0.4910496920347214,0.4900984466075897,0.49035364389419556,0.5047106891870499,0.501890167593956,0.21997126191854477,0.221331425011158,0.2651998996734619,0.26677802205085754,0.48080454766750336,0.4828336387872696,181.73414611816406,-177.29066467285156,2.423168420791626,2.263664484024048,-0.34438711404800415,-0.7723644971847534,0.6333876252174377,0.6330427527427673,0.5024433655940357,0.5010673518205125,0.846759557723999,0.8450781106948853,0.8037789508118716,0.7784729816799797,0.2985787093639374,0.30375903844833374,-0.8048811923406993,-0.7569583175319109,0.8336290121078491,0.834242582321167,0.7749391866635216,0.7551871437022569,0.7223532795906067,0.7231974005699158,0.8498265422883774,0.8455024278794736,0.7994719743728638,0.7967093586921692,0.699917101437172,0.674527250242298,0.28606167435646057,0.28794384002685547,-0.8537563162784484,-0.8173801504875833,0.7698196172714233,0.7688912153244019,0.6347890397215658,0.6147453220371109
130,5.416666666666667,130,5.416666666666667,0.0,0.029036547144846422,0.02463264687265806,0.5626055231026441,0.5512968137564513,0.07083031261336384,0.06558375523150857,0.06890658526879762,0.06409928250121011,0.12825397892173732,0.1306873441628366,0.1323714583647203,0.13704684026481365,0.08335124197002447,0.08361479096388522,0.49102698266506195,0.49081310629844666,0.4896067976951599,0.48993849754333496,0.5039027184247971,0.5022360384464264,0.2190498188138008,0.21966630220413208,0.2624433934688568,0.26374679803848267,0.4794376343488693,0.48251280188560486,181.5221252441406,-177.54708862304688,3.2748825550079346,2.6959712505340576,-0.2868210971355438,-0.6840748190879822,0.627598226070404,0.635333776473999,0.4835845456445604,0.5105411180375631,0.8559068441390991,0.8411251306533813,0.8278858793444049,0.7737627052586714,0.30698108673095703,0.32135581970214844,-0.7698602770852777,-0.6938268859945013,0.8352044820785522,0.8588128685951233,0.7823597306626784,0.8119267918274053,0.7215409278869629,0.7240505218505859,0.8508512284794759,0.8508440190818576,0.8025566935539246,0.7877174615859985,0.7105646345207601,0.6585272289962298,0.28036952018737793,0.28095874190330505,-0.8738975421469707,-0.8487834582887605,0.7777649164199829,0.7775928974151611,0.6560455352709694,0.636681883663819
131,5.458333333333333,131,5.458333333333333,0.0,0.024210019795510733,0.02805257653447509,0.5616784160869575,0.5648963907902913,0.07300060617303422,0.06867805011656847,0.07029106577938941,0.06618160761632669,0.12955251705381035,0.13882325848652488,0.1295719799924854,0.14513510925640888,0.08268666082767641,0.08234564673865562,0.4909905344247818,0.4907457232475281,0.48941370844841003,0.4900834262371063,0.5032663345336914,0.5024212747812271,0.2173118144273758,0.21835699677467346,0.25989866256713867,0.261555016040802,0.4810122400522232,0.48255497217178345,180.87210083007812,-178.3919219970703,3.131617307662964,1.9258664846420288,0.14891457557678223,-0.6271584033966064,0.6260689496994019,0.6330389380455017,0.4733158120573306,0.5071922602479803,0.8530474901199341,0.8448067903518677,0.8065847663134064,0.7912319363297156,0.3163146376609802,0.322170615196228,-0.720564412259447,-0.6999186569517343,0.8280779719352722,0.8503737449645996,0.752450022397962,0.8033913018777494,0.7221740484237671,0.7271233797073364,0.8437318881660604,0.8725249375298196,0.8068321943283081,0.7914562225341797,0.7063884716090492,0.6747034029720331,0.2742818295955658,0.27854087948799133,-0.8825706745502412,-0.8693342146555217,0.7819994688034058,0.7700996398925781,0.6525502987187575,0.6280562658457273
132,5.5,132,5.5,0.0,0.04579469540098639,0.045830549189222226,0.5396505230191845,0.5343422428242367,0.07438834117734931,0.06567541285888516,0.07231332547785731,0.06334474042371678,0.13116367294655565,0.14429223828543,0.13054528984126113,0.14498483551518146,0.08261496698911032,0.08269386868856371,0.49060799181461334,0.49068331718444824,0.4889521598815918,0.4898757338523865,0.5050852596759796,0.503222331404686,0.21656377613544464,0.2173469513654709,0.2583637237548828,0.26004788279533386,0.4821595698595047,0.48329852521419525,180.28666687011716,-178.8762664794922,3.1245336532592773,1.3727552890777588,0.1663612276315689,-0.12136775255203247,0.6233019232749939,0.6276879906654358,0.45436000505161606,0.48201765938793806,0.8563551306724548,0.8495441675186157,0.8089888861299129,0.7978263918428241,0.32405152916908264,0.3244786858558655,-0.695794350842367,-0.6922197991770044,0.823293924331665,0.8433208465576172,0.7375124943906843,0.7842695623981033,0.7234856486320496,0.7250438332557678,0.8394112877855088,0.859047240493695,0.8079583048820496,0.7991103529930115,0.704357783336113,0.6879617992795958,0.27567875385284424,0.2795811891555786,-0.8817127634241786,-0.8660941545645594,0.785803496837616,0.7736782431602478,0.6564603859342032,0.6325607075501302
133,5.541666666666667,133,5.541666666666667,0.0,0.05558136016273161,0.0557492999348001,0.5403285304041016,0.5342830874194995,0.052387219747143395,0.04832394286683926,0.050397431413521626,0.04652433618594454,0.15537203545144887,0.16190025227272736,0.15738498967265976,0.166473330089523,0.0816348478999067,0.08106095380730802,0.49081815779209137,0.4911234676837921,0.4890698194503784,0.49002805352211,0.5047026425600052,0.5046433061361313,0.21693317592144012,0.21769360452890396,0.25841182470321655,0.2597270905971527,0.4841928333044052,0.4838486313819885,180.14231872558594,-178.94242858886722,3.972548723220825,2.6077487468719482,-0.00874972902238369,-0.3336457908153534,0.6227293014526367,0.6176597476005554,0.45503400058662713,0.43669972062371015,0.8528445959091187,0.8555654287338257,0.7994707463852594,0.8079342124150557,0.3191424012184143,0.32996952533721924,-0.7153995526069707,-0.6749459661511628,0.8242790102958679,0.8332667350769043,0.7375224462067929,0.7594675366394733,0.7235016822814941,0.7180889248847961,0.8435467317561856,0.8247617857021141,0.8105950355529785,0.8113182783126831,0.7078469133301328,0.7117621080555118,0.27881723642349243,0.28176844120025635,-0.8708671497846612,-0.8611967426189183,0.7889084815979004,0.7865936756134033,0.6608167150896841,0.6580226683760877
134,5.583333333333333,134,5.583333333333333,0.0,0.053481837583065205,0.05938985698524076,0.5253304370361623,0.5284227039483009,0.05137201677823098,0.042984400662328115,0.04834340574538674,0.04148656209088084,0.159519966760855,0.17157312959799376,0.1651399597978427,0.17968180521630675,0.08164759354732115,0.08155032167221599,0.4911882132291794,0.4913831949234009,0.48895326256752014,0.48966044187545776,0.5060957670211792,0.5044873803853989,0.21730145812034607,0.2184855192899704,0.2582962214946747,0.25900620222091675,0.48056021332740784,0.4867841452360153,180.03286743164062,-180.18731689453125,5.7131667137146,4.383108615875244,-0.2851901948451996,-0.4271371960639954,0.6208178400993347,0.6260513663291931,0.44842806820335906,0.4691233352997959,0.8579904437065125,0.8537542819976807,0.8298603425560513,0.7965909262663224,0.33301395177841187,0.324769526720047,-0.6765458639992417,-0.6935428965235774,0.8322256207466125,0.8360937833786011,0.7732109194668555,0.7582548559870274,0.7233058214187622,0.7196985483169556,0.8490352595136412,0.8305139068119731,0.809819221496582,0.8044141530990601,0.7239457025858407,0.6894871185061328,0.28038689494132996,0.27993541955947876,-0.8822556180114767,-0.8665606346559781,0.7811102867126465,0.7863172292709351,0.6608230257661116,0.6502036895000831
135,5.625,135,5.625,0.0,0.05458341669702502,0.0537315085056043,0.5377870654152621,0.5312590723016429,0.050686725876121566,0.04106800525926261,0.04649189049424961,0.037992317120039545,0.16111388986631447,0.17174780629358838,0.1672192161358004,0.17671367743567556,0.08198037973610912,0.08170964147501082,0.4910679906606674,0.49170276522636414,0.4886932969093323,0.48966729640960693,0.5062799006700516,0.50382000207901,0.21809710562229156,0.21945521235466003,0.2585490047931671,0.2601958215236664,0.4794817715883255,0.48465779423713684,179.39198303222656,-179.99745178222656,5.801156044006348,4.984397888183594,-0.38982322812080383,-0.19664703309535983,0.6207144856452942,0.6253889799118042,0.44857604026912434,0.4728489846949874,0.8578109741210938,0.8516010642051697,0.8342018830252265,0.8028254831349636,0.3327179551124573,0.3439081013202667,-0.6803514016018384,-0.6219858163027165,0.8308274149894714,0.8476518988609314,0.7747041342719505,0.7941852086430942,0.7236646413803101,0.714847207069397,0.8521338738969052,0.8208015021724393,0.8080226182937622,0.7963756918907166,0.7244204019610132,0.6819993504918399,0.2829417586326599,0.2862677276134491,-0.8754708152074024,-0.8461811058460333,0.7796401977539062,0.7838261723518372,0.6618382155988305,0.6545425883395044
136,5.666666666666667,136,5.666666666666667,0.0,0.0409407056280593,0.04498363620628688,0.5376732583615825,0.5264947520025268,0.05312494110265295,0.05571732768335398,0.05044321507004108,0.0534757188698942,0.15545604751053768,0.16051056963026136,0.16310312651760328,0.1656175313110576,0.08311009020458313,0.08259855573169686,0.49131134152412415,0.4915046989917755,0.4890873432159424,0.4898473918437958,0.5054915994405746,0.5033308416604996,0.22020040452480316,0.2210278883576393,0.26203569769859314,0.2637760043144226,0.47736501693725586,0.4840938150882721,179.6679229736328,-179.1259307861328,5.411774158477783,4.141213893890381,-0.39676132798194885,-0.2521800696849823,0.6230770349502563,0.6305106282234192,0.4585262176329926,0.5001896972164112,0.8594666123390198,0.8484932780265808,0.8381312207082895,0.8061519432595009,0.3458414375782013,0.35184910893440247,-0.6225582662167517,-0.5957676457382508,0.8335992693901062,0.8499113321304321,0.7813917880988626,0.8092890693744765,0.72175532579422,0.7178693413734436,0.8433237333035921,0.8437657438557752,0.8036426901817322,0.7965186834335327,0.7156827080994463,0.6911698296925447,0.2824341058731079,0.28394365310668945,-0.8698161332384129,-0.8628353166924111,0.7815983891487122,0.7834298014640808,0.6673290315987259,0.6622136189734464
137,5.708333333333333,137,5.708333333333333,0.0,0.0203789030528126,0.03388589973232493,0.5555207828618408,0.5356476971865775,0.06091639438640498,0.06640834179453849,0.0589275961920332,0.06481065502917231,0.14024477955349018,0.14434356545684288,0.14788081290013555,0.14777937906104552,0.0834509436625528,0.0825550032684954,0.4917265325784683,0.4916831701993942,0.4890972077846527,0.4897892475128174,0.5062684714794159,0.503857433795929,0.22215384989976883,0.22209207713603973,0.26714128255844116,0.26872870326042175,0.4799099266529083,0.4851344972848892,180.9509735107422,-176.91162109375003,6.283823490142822,5.034744739532471,-0.17548257112503052,0.10051816701889038,0.6207133531570435,0.6296509504318237,0.4458667178128637,0.49289660394629087,0.8659727573394775,0.8524328470230103,0.846036691407975,0.80954141485343,0.3447641134262085,0.351441890001297,-0.6292061032532309,-0.5972096649658696,0.8455759882926941,0.845295250415802,0.8013382288052306,0.7938098438834755,0.7235461473464966,0.7188432216644287,0.8464938123292294,0.8423785865198099,0.8051966428756714,0.7930381298065186,0.7128489853909302,0.6786328947238398,0.2821706533432007,0.2831128239631653,-0.8730644584252376,-0.8649433725662398,0.7877531051635742,0.7781516313552856,0.6746223762502686,0.6458224096589957
138,5.75,138,5.75,0.0,0.017865706003204276,0.026039461667787093,0.551691988399519,0.5349470290905318,0.06877303325953446,0.06893524211425725,0.06604508671531509,0.06773748621045068,0.13590259864031384,0.1376587736168111,0.1396181018336049,0.13929979457751426,0.08372195482535255,0.08409377888573046,0.49145960807800293,0.4920039474964142,0.4886876344680786,0.49003729224205017,0.5052360594272614,0.5031263083219528,0.22608692198991776,0.22636230289936066,0.27275335788726807,0.27332377433776855,0.48093025386333466,0.48438845574855804,182.01510620117188,-177.40036010742188,6.395849227905273,4.423769474029541,0.19815106689929962,0.30778345465660095,0.628500759601593,0.6209723353385925,0.4778110491016656,0.46080534831730774,0.8616257309913635,0.8493555784225464,0.8300757158770352,0.8027472675105836,0.33312851190567017,0.36087989807128906,-0.667140614655311,-0.5562165164311266,0.8458320498466492,0.8640130758285522,0.7956388707602137,0.8349865166380318,0.7239499688148499,0.7178990840911865,0.8478008898720537,0.8398114578223544,0.8014214634895325,0.7848751544952393,0.6988051769611539,0.6609222073891916,0.28308582305908203,0.2845088541507721,-0.8611211267065272,-0.854845043722769,0.7805858850479126,0.7807232141494751,0.6533748823300901,0.6517899909226516
139,5.791666666666667,139,5.791666666666667,0.0,0.026421386281725374,0.03268126813061916,0.539206469928126,0.5248631008223363,0.07462543092513392,0.07147394852908458,0.071899359270043,0.06976861214875402,0.13302667942631977,0.1426939784405704,0.12992385555371957,0.13991607755294602,0.084042601280888,0.08349614833133613,0.4913210868835449,0.4917026609182358,0.48862287402153015,0.489258736371994,0.5063027441501617,0.5031822621822357,0.23208990693092346,0.23300696909427643,0.2797955870628357,0.28091561794281006,0.47631682455539703,0.482961043715477,182.64105224609375,-176.55490112304688,6.209085464477539,5.961254119873047,0.6329274177551271,0.6059139370918274,0.6341227889060974,0.627727210521698,0.5001809673813544,0.4921976090206668,0.852935791015625,0.846928596496582,0.8289969083299109,0.8090932503968181,0.340096116065979,0.3486613631248474,-0.6503940143275454,-0.6106615970683432,0.8550625443458557,0.8606579303741455,0.8336782231136893,0.8396133099128422,0.723236083984375,0.7173745632171631,0.8488960239587627,0.8464810483736182,0.7974450588226318,0.7828262448310852,0.7068531781261048,0.6665948884664378,0.28448957204818726,0.2851860821247101,-0.8679916143961477,-0.8615138552830054,0.7736629247665405,0.7711561918258667,0.6545050030161581,0.6406525728777346
140,5.833333333333333,140,5.833333333333333,0.0,0.03156294880765442,0.0337581943794663,0.5204774973209402,0.5079750860803574,0.07344658806727099,0.07560692648046498,0.07204761502192261,0.07438036207720551,0.12788093945909623,0.1278120650405683,0.12816341927866487,0.1259797514668265,0.08471519696977702,0.08439937122721554,0.4915265589952469,0.4917153865098953,0.4879741966724396,0.4889582097530365,0.5066602528095245,0.5031980723142624,0.23662780225276947,0.23825703561306,0.28562459349632263,0.28688913583755493,0.4762217551469803,0.4802451878786087,183.17990112304688,-176.59359741210938,8.200825691223145,6.237785816192628,0.6908342242240906,0.6446961760520935,0.6287246942520142,0.6230431795120239,0.482465872762634,0.4783669435869186,0.8534281253814697,0.8526766896247864,0.8386465717848754,0.8361992774277164,0.3426485061645508,0.3467594385147095,-0.6482647161882374,-0.6244315922394462,0.8579108119010925,0.8614804148674011,0.8486129720864688,0.8559657812063461,0.7251869440078735,0.7182152271270752,0.8637377891956843,0.8582502996708216,0.7966473698616028,0.7837700843811035,0.7124053687784434,0.6814871941463352,0.28448259830474854,0.2852894961833954,-0.8781684061488578,-0.8697915332754379,0.7653118371963501,0.7658214569091797,0.6427367758847693,0.6411881612974147
141,5.875,141,5.875,0.0,0.03280844950832796,0.03920858995206039,0.5032497580372306,0.5002517065640469,0.07179161704552768,0.07909111475683353,0.06926135424829727,0.07752641177410965,0.12107736129608268,0.12052908587361141,0.12137192873496899,0.12048266794770711,0.0851087699334963,0.08396723676971078,0.491164430975914,0.4915088415145874,0.48789453506469727,0.48911604285240173,0.5062675476074219,0.5033355057239532,0.23916801065206528,0.2400641366839409,0.28709977865219116,0.2880609333515167,0.47514306008815765,0.48113276064395905,182.5504913330078,-177.1175079345703,7.755448818206787,5.875646114349365,0.5779258012771606,0.455387145280838,0.6297289133071899,0.621914267539978,0.4879211424586835,0.470034457554075,0.8506842851638794,0.85350102186203,0.8348312662763497,0.8302673677200565,0.33924469351768494,0.3446671664714813,-0.6600767885749018,-0.6289455685770441,0.854659378528595,0.8610568642616272,0.8436679318822711,0.8471145860074046,0.72337806224823,0.7181150913238525,0.8580239635526309,0.8513649869929301,0.7945491075515747,0.7857272028923035,0.7100422996341951,0.6791524738452084,0.28443649411201477,0.28378117084503174,-0.8766796028929372,-0.8702916198313126,0.7616639137268066,0.768864095211029,0.6369382402944016,0.6415528997560725
142,5.916666666666667,142,5.916666666666667,0.0,0.03608918736533465,0.04071605175815787,0.49263357068995894,0.4906843173902433,0.07638892211202905,0.08017410608579537,0.07571102436634838,0.0797654876310892,0.12474318079502403,0.12542016119850466,0.12195696361575692,0.12301303909026483,0.08467589329535867,0.0846539721876834,0.4912455976009369,0.49148304760456085,0.48777204751968384,0.4891292154788971,0.5056037306785583,0.5013628154993057,0.23788905143737793,0.23872658610343933,0.28416264057159424,0.2844741940498352,0.47514015436172485,0.48138540983200073,182.07540893554685,-178.3407745361328,7.456756591796874,4.635615825653076,1.369101881980896,0.9241400361061096,0.6298779845237732,0.6213552355766296,0.4884305979666059,0.4699925784018375,0.8485313653945923,0.8544061183929443,0.8254833470810294,0.8218501846344572,0.3409680128097534,0.3512223958969116,-0.6470617978964281,-0.5880778376316647,0.8563050031661987,0.8682737350463867,0.842669098478205,0.8524037250827604,0.7237085103988647,0.7154404520988464,0.8572093147374467,0.8385104687342151,0.7930629253387451,0.784110426902771,0.7028551967611396,0.6669726518211094,0.2835128903388977,0.28472834825515747,-0.8728755843918775,-0.8485251965513684,0.7686986923217773,0.7713447213172913,0.6489913991525282,0.638846874212434
143,5.958333333333333,143,5.958333333333333,0.0,0.035558664978260934,0.038146268886075016,0.505819569977937,0.4992222301205984,0.06894650626270826,0.07453152483667813,0.06860237207418851,0.07475716892543446,0.12526320028440524,0.127549595438941,0.12820153479593968,0.13033308044168287,0.0852414963608552,0.0837652799612838,0.49106843769550323,0.4909246414899826,0.48868313431739807,0.48940372467041016,0.5052468478679657,0.5025038421154022,0.23345628380775452,0.23434387147426605,0.27805715799331665,0.27869105339050293,0.47539669275283813,0.48339784145355225,180.8715057373047,-178.42333984375,4.928317546844482,3.4388604164123535,0.2781001627445221,0.12461006641387941,0.6307416558265686,0.6230730414390564,0.49227265625079686,0.47232087249179505,0.848188042640686,0.8524577617645264,0.8225613668785834,0.8132426963456555,0.338161438703537,0.34963780641555786,-0.655418176481508,-0.5988413273135776,0.8537224531173706,0.8670324087142944,0.8347730028190052,0.8453586876289357,0.7225805521011353,0.7167078256607056,0.8525248304374431,0.8391281767389733,0.7923983931541443,0.7830003499984741,0.6994619163330364,0.6601896832245903,0.28114163875579834,0.2830490469932556,-0.8790870982142828,-0.8596978406264075,0.7677059769630432,0.7696892023086548,0.644978281935947,0.6308578781626847
144,6.0,144,6.0,0.0,0.023651094013787153,0.02550475167785642,0.5322101985819867,0.50750955401649,0.04927211243536193,0.04713165979555408,0.04824201544950611,0.04681696791606023,0.14122348252410533,0.1537328250699278,0.1467441036033453,0.16079958203985764,0.08366080952285551,0.0825670170999225,0.4912271350622177,0.4910046011209488,0.4886915385723114,0.4890965521335602,0.5049972832202911,0.5026466697454453,0.23026053607463837,0.2315383329987526,0.2736690640449524,0.2746664583683014,0.4763786792755127,0.4803146719932556,180.3648681640625,-178.61949157714844,5.7793755531311035,4.999711990356445,-0.019860053434967998,-0.14497171342372894,0.632706880569458,0.6241008043289185,0.49992270755255586,0.47676064395975587,0.8473662734031677,0.8505690693855286,0.8168856028487642,0.8175434546832754,0.33901992440223694,0.3542112708091736,-0.6497229052087763,-0.582673917409065,0.8564977049827576,0.8724009394645691,0.8369922994306417,0.8657495060153418,0.7221726775169373,0.7181300520896912,0.8501390137010052,0.8458666020831244,0.7909838557243347,0.7813759446144104,0.6927359385885733,0.664760971438982,0.2806943655014038,0.2826685905456543,-0.878039898844735,-0.8635102547640529,0.7678177952766418,0.7698945999145508,0.6417260893267869,0.6394094880361043
145,6.041666666666667,145,6.041666666666667,0.0,0.022658292851480577,0.02148403895145361,0.5348065245196488,0.5140526102148155,0.04404483799445191,0.044942122364927006,0.04286955642768741,0.04492106702626929,0.137194638119459,0.14882310036138036,0.14921452474828256,0.1615352324295501,0.08269571619110942,0.0819752427219443,0.4911847561597824,0.4911193996667862,0.48912668228149414,0.4895131587982178,0.5041840672492981,0.5018697082996368,0.22690951824188232,0.22734403610229492,0.2690418064594269,0.26994815468788147,0.47498680651187897,0.479463130235672,180.12557983398438,-178.67611694335938,5.650224685668945,4.942648887634277,-0.6650431156158447,-0.6276458501815796,0.6334856748580933,0.6257495880126953,0.5081620919742195,0.4859144599108808,0.8467522263526917,0.8507537841796875,0.8218448868661727,0.8192106549059486,0.33592355251312256,0.3532412350177765,-0.6612726380300468,-0.5829899454973477,0.852418839931488,0.8738272190093994,0.8343718114993846,0.8701195680633159,0.7228035926818848,0.7185990810394287,0.8591861883601023,0.8501133222409705,0.7888338565826416,0.7787927389144897,0.6938073838850674,0.6604367822183045,0.280484676361084,0.28189241886138916,-0.8791503257333149,-0.8628531609623292,0.7686949968338013,0.7705586552619934,0.6492873235766438,0.6422692119068552
146,6.083333333333333,146,6.083333333333333,0.0,0.0367798357092368,0.04325965895197988,0.5168475889046421,0.5010025707603853,0.05949723163094911,0.05478429377501705,0.05813827092220738,0.05352735821019888,0.11494436344961075,0.13383630175739172,0.1310235795443822,0.15113328016789784,0.08225299851905758,0.081451440780505,0.49052731692790985,0.490505188703537,0.4893958270549774,0.4900209307670593,0.5038014650344849,0.5012974590063095,0.22263091802597046,0.22400863468647003,0.26562684774398804,0.2668265700340271,0.475638747215271,0.48053570091724396,181.17047119140625,-178.5433349609375,4.704917907714844,3.1598880290985107,-1.37162184715271,-1.53769850730896,0.6353519558906555,0.6264529824256897,0.5145924176048936,0.48834789315114313,0.8470338582992554,0.8509878516197205,0.8172023730676882,0.8130812474831489,0.3354833424091339,0.3563631772994995,-0.6584181410861943,-0.5655231921305279,0.8510501384735107,0.8768911957740784,0.8260396291094458,0.8699348069484465,0.7236963510513306,0.7191157937049866,0.8601734609875332,0.849911549515505,0.788731575012207,0.7778818011283875,0.6889164510522352,0.6526255486315083,0.2811639904975891,0.28154703974723816,-0.8709017771484439,-0.857450405162305,0.7703413963317871,0.7742986083030701,0.6484514658915136,0.6447610325614651
147,6.125,147,6.125,0.0,0.05193652025616583,0.06107009766812805,0.49866051242320564,0.4915555249644936,0.07277936911787083,0.06678290397876785,0.07234648169675752,0.06585611118397493,0.09767002660962829,0.11466896694134988,0.12007950144581471,0.13914227563868378,0.08265101798059717,0.08225998006811383,0.48987577855587006,0.4903005212545395,0.4893467128276825,0.49072185158729553,0.5039927661418915,0.5006989538669586,0.22046736627817154,0.22217292338609695,0.26516252756118774,0.26626306772232056,0.47406698763370514,0.48123888671398163,182.1595916748047,-178.24041748046878,4.45938777923584,1.6094815731048584,-2.1164965629577637,-2.592156410217285,0.6355268359184265,0.6264759302139282,0.5137989248448425,0.48933112447171484,0.846319854259491,0.8516675233840942,0.8179288200336178,0.8106413824918302,0.3345152735710144,0.3571479916572571,-0.6620136791650504,-0.5584802226704372,0.8508412837982178,0.8774276971817017,0.8278634850396865,0.8670146237407758,0.7232842445373535,0.7197798490524292,0.8565972756613086,0.8523269035792742,0.7886215448379517,0.7788169384002686,0.6911517972779113,0.6512160760212091,0.2798459529876709,0.2804264426231384,-0.8755632042838333,-0.8569628460443104,0.7693630456924438,0.7748739719390869,0.6488362561660715,0.6425873376711077
148,6.166666666666667,148,6.166666666666667,0.0,0.05701119652139607,0.06769339578046418,0.4938167015020482,0.48534214005912896,0.0772040794380445,0.07748379813733393,0.07641846523575993,0.07721629942278826,0.09187707045205944,0.09922555934223412,0.12240390189224075,0.1312929748147707,0.08173437237927485,0.08242137205087664,0.4891135096549988,0.4896547794342041,0.48950904607772827,0.4909471571445465,0.5033655166625977,0.5005818903446198,0.22087402641773224,0.2213907167315483,0.2668459117412567,0.26768505573272705,0.47441956400871277,0.48112981021404266,182.98316955566406,-177.24603271484375,3.8355228900909424,-0.0875912755727768,-3.135768175125122,-3.5438432693481445,0.6361671090126038,0.6270097494125366,0.5182594087745135,0.4912306349064821,0.846397340297699,0.8518328666687012,0.8165512226965282,0.8101983475688793,0.3341142237186432,0.3568764925003052,-0.6605046932289423,-0.5583618542858427,0.8497107028961182,0.8774762153625488,0.8238245880786425,0.866243741250248,0.7233614921569824,0.7197273373603821,0.858536273360332,0.8514812942975474,0.7889804244041443,0.7791124582290649,0.6905118303863753,0.6512626341280228,0.2794441282749176,0.28016549348831177,-0.87385523248782,-0.8564195215340786,0.7681156396865845,0.7760660648345947,0.6447102622325099,0.644604520979861
149,6.208333333333333,149,6.208333333333333,0.0,0.06606697053502539,0.08282861925000336,0.47304351006531487,0.4750205006641551,0.08154287820037712,0.08343744160335646,0.08157155428356352,0.08316838482702654,0.08386547536875526,0.08683473600450652,0.12816663962776445,0.12871640902285564,0.08264490692257224,0.0830551782080153,0.4880891740322113,0.48817604780197144,0.4888021647930145,0.48977652192115784,0.5028335154056549,0.5003484785556793,0.22203544527292252,0.22209975868463516,0.2726757228374481,0.27208396792411804,0.4740501940250397,0.4811019003391266,185.67868041992188,-175.5890655517578,7.504818439483642,1.8342205286026,-4.165236949920655,-4.462282657623291,0.6353670358657837,0.6266489028930664,0.5183358726940329,0.49056581108630304,0.8466061353683472,0.851929783821106,0.8195954761189191,0.8101909304210952,0.33395254611968994,0.3554266691207886,-0.6604899974915355,-0.5628934769024119,0.8482459187507629,0.8775699734687805,0.823202878103161,0.8662100434170366,0.723403811454773,0.7195392847061157,0.8626458913644836,0.851363058881026,0.7888096570968628,0.7786026000976562,0.6924475048475037,0.649984479255059,0.28043898940086365,0.2799859941005707,-0.8697804172020653,-0.8559139962264805,0.7673377394676208,0.7752434015274048,0.6452108764660814,0.6426452463215854
150,6.25,150,6.25,0.0,0.06636658835896496,0.06988679858504963,0.4842452142134032,0.480163920072102,0.08436774300416557,0.08390520751651039,0.0831662874337208,0.0828056568938348,0.07860053748427985,0.08442394155287399,0.12506596947919685,0.12772937856505764,0.083118158524158,0.08273312698004769,0.48685896396636963,0.4871060401201248,0.48734164237976074,0.48867419362068176,0.5029975324869156,0.49975213408470154,0.2256908118724823,0.22534911334514618,0.27835094928741455,0.27885422110557556,0.47356201708316803,0.4835047572851181,186.50637817382812,-173.65426635742188,9.341590881347656,4.851276874542236,-4.383813381195068,-4.463233470916748,0.635072648525238,0.626717209815979,0.5187399721429258,0.4927787160941959,0.8466479778289795,0.8525393605232239,0.8242522608556675,0.8056701677485658,0.3352069854736328,0.3550786077976227,-0.6590163710949265,-0.5615090143958701,0.8479874730110168,0.876549243927002,0.8272115840368252,0.8580881432441168,0.7235827445983887,0.7195835113525391,0.8663733958230662,0.8532127691282702,0.7883142828941345,0.7802141904830933,0.695376653105663,0.6477710673190082,0.28137511014938354,0.2806529402732849,-0.8704471564216641,-0.8503710079469187,0.7664136290550232,0.7746837139129639,0.6469919232031521,0.6356970234572982
151,6.291666666666667,151,6.291666666666667,0.0,0.06261666066427217,0.062372530984134256,0.490724076366404,0.4812735719494128,0.08447117364567304,0.08452669097609905,0.08203241488502763,0.08344110852769025,0.08212048650716065,0.08079385547841411,0.12834696499327108,0.12738934917263114,0.08284337405835972,0.08214339973238102,0.4857885390520096,0.486311137676239,0.486830472946167,0.4879855513572693,0.5027594119310379,0.49988171458244324,0.23026923835277557,0.23016712069511414,0.2848133146762848,0.28607627749443054,0.47444820404052734,0.48286521434783936,187.42088317871094,-172.0950469970703,9.580530166625978,7.358544826507568,-4.582630157470703,-4.573881149291992,0.6353141069412231,0.6271221041679382,0.5206719459877103,0.4944184569158827,0.8474608659744263,0.8529998064041138,0.8241668924713974,0.8090062686002606,0.33493536710739136,0.3522107005119324,-0.6592091815015874,-0.5738058107633194,0.8472582697868347,0.8735967874526978,0.823719258684683,0.8540252620695654,0.7228478789329529,0.7185022830963135,0.8645026899615578,0.8494947593827759,0.7889328598976135,0.7799407839775085,0.6948499823140103,0.6493205532160999,0.2820966839790344,0.28177404403686523,-0.8667583744272371,-0.8475017898322704,0.7675796747207642,0.7743675112724304,0.6476703820818636,0.6371390045259915
152,6.333333333333333,152,6.333333333333333,0.0,0.058372846149844906,0.052787739745094084,0.4932674072887149,0.49214999888811684,0.08783370448299796,0.08382863167273437,0.08714345927424415,0.08386140919729841,0.08186648749972872,0.08068172095389703,0.13191546312224797,0.12722444723184034,0.08171308673301761,0.08262948659272115,0.48551297187805176,0.48596513271331787,0.48649895191192627,0.4873630404472351,0.50212562084198,0.5003641545772552,0.2335413470864296,0.23470401018857956,0.29019322991371155,0.29190900921821594,0.47496262192726135,0.4832765758037567,188.7373504638672,-171.01783752441406,10.544570922851562,6.752153873443604,-4.4448652267456055,-4.359102725982666,0.6348095536231995,0.6271663904190063,0.5201422609222287,0.494525022404132,0.8473936915397644,0.8529163002967834,0.8212440509602511,0.8108910828771303,0.3356715142726898,0.3517438769340515,-0.6525267492146191,-0.5796147492457234,0.8460056781768799,0.8739851713180542,0.8181833564856782,0.8571105731141953,0.72298264503479,0.7180103659629822,0.8657948969120672,0.8488138781403264,0.7887753248214722,0.7803950309753418,0.6919852729681484,0.6517987377771998,0.2815760374069214,0.28196561336517334,-0.8645896799164257,-0.8517479425262084,0.7674227952957153,0.7716943621635437,0.6449010222792197,0.6327117882773028
153,6.375,153,6.375,0.0,0.049491440817257905,0.05198666645638966,0.5012760927636654,0.5032198501526571,0.08683353672941656,0.08622660339696611,0.08590602482875993,0.0863619489692166,0.087589113035873,0.08588536385934406,0.1343932433811123,0.13087878103116388,0.08238683710613687,0.08207232812180862,0.48531948029994965,0.48572154343128204,0.4861316680908203,0.48693522810935974,0.5019004344940186,0.5005486905574799,0.23614947497844696,0.23643583059310913,0.2929375171661377,0.29365333914756775,0.47580114006996155,0.48331816494464874,189.1313934326172,-170.90065002441406,8.546375274658203,6.152165412902832,-4.247360229492188,-4.085368633270264,0.6340720057487488,0.6268825531005859,0.5175355143688601,0.4916544022640533,0.8483043909072876,0.8534473776817322,0.8204548722468835,0.8102444183757617,0.3363158106803894,0.35167568922042847,-0.6483688030900506,-0.5793701309547884,0.8462584018707275,0.8737605810165405,0.81594849097414,0.8547117531739246,0.7229663729667664,0.7185224890708923,0.8656133319050164,0.8482902007430553,0.7891762852668762,0.7807168364524841,0.6902226064871698,0.6510310597741366,0.2811402678489685,0.281615674495697,-0.8644160413029242,-0.8520231945809054,0.7690097093582153,0.7675014138221741,0.6458048318137802,0.622101372372533
154,6.416666666666667,154,6.416666666666667,0.0,0.04782590321129817,0.04783245925707859,0.5151176304886481,0.5138712339844989,0.08520321480142311,0.08689357975649145,0.08536792179079729,0.08789000915163277,0.08822491816823545,0.0842530070144771,0.13220015646540217,0.1292594319310666,0.08227925100076554,0.08269205962931,0.48556289076805115,0.48593875765800476,0.48575443029403687,0.4870564043521881,0.5018226206302643,0.5006766766309738,0.23666733503341675,0.2372533604502678,0.29354843497276306,0.29402220249176025,0.4763256311416626,0.4831143766641617,189.54794311523438,-170.77650451660156,8.252276420593262,4.733734607696533,-3.669958591461181,-4.052635669708252,0.6332482099533081,0.6272220015525818,0.5151884144810662,0.4922977572516345,0.8496792912483215,0.8532227277755737,0.8232449872568031,0.8099032904544662,0.33550339937210083,0.35126084089279175,-0.6519714793677167,-0.5812706307194884,0.8453144431114197,0.8730491399765015,0.8136204951658051,0.8532891703764359,0.722943127155304,0.7186753749847412,0.8667925611189269,0.8480777172117406,0.7890427708625793,0.7807538509368896,0.6895414327289151,0.651320589926529,0.28040841221809387,0.2815043330192566,-0.8679438727496402,-0.8526435352587972,0.767885148525238,0.7660208344459534,0.6428888660271105,0.6190805215830366
155,6.458333333333333,155,6.458333333333333,0.0,0.03811996186740916,0.034992019732726976,0.5259524958092496,0.5399930532115985,0.08406419094456552,0.08697072426319567,0.08446130022871726,0.08782779766168586,0.08648984851270802,0.08482025866997792,0.12596221751893139,0.1232012208040715,0.08258025566861707,0.08283156839632155,0.48556379973888397,0.4860911965370178,0.4860871136188507,0.4869375228881836,0.5018069744110107,0.5006250292062759,0.23541676998138428,0.2371283546090126,0.2926619052886963,0.2942291498184204,0.47758953273296356,0.48263950645923615,190.2171173095703,-169.67712402343753,5.840854644775391,3.499821662902832,-3.5370564460754395,-3.556730747222901,0.6333492994308472,0.6273812651634216,0.5158078980589392,0.49485597742353055,0.8511943221092224,0.8529977798461914,0.8240573470148987,0.8133061639477223,0.3355422616004944,0.3519698977470398,-0.6519624160758374,-0.5803492019292383,0.8452465534210205,0.8737637996673584,0.8109383971908326,0.8589083095856832,0.7229036092758179,0.7187284827232361,0.8669710717088461,0.8514752497547518,0.7886307835578918,0.7799674868583679,0.6860614083532248,0.6529317597290072,0.2792541980743408,0.281749427318573,-0.8726809394017331,-0.8544897147539262,0.7688871026039124,0.7664531469345093,0.6425129159090891,0.623254291311081
156,6.5,156,6.5,0.0,0.02969008065578175,0.02902582693597333,0.5461933821688516,0.5634384912919399,0.08792015691729886,0.0866465263813541,0.08867428816157319,0.08761544915007088,0.08553345776401702,0.08435707994588627,0.12164666961596046,0.11874334858836502,0.08226300085026807,0.08251939435670702,0.4859224557876587,0.48618389666080475,0.4861888289451599,0.4870241582393646,0.5025463551282883,0.5007655620574951,0.23438775539398193,0.23595212399959564,0.2915881872177124,0.292396605014801,0.47609269618988037,0.48279158771038055,191.35842895507812,-168.41812133789062,5.36845588684082,2.7615363597869873,-3.102034091949463,-3.3263092041015625,0.6330665946006775,0.6275452375411987,0.5127936160836719,0.4961624799238283,0.8519101738929749,0.8525428175926208,0.8305470656412276,0.8139663249747178,0.3354620933532715,0.35345232486724854,-0.656447943496202,-0.5765222289065971,0.8460112810134888,0.8741062879562378,0.8175106624341908,0.8614359134630766,0.7226049304008484,0.7190064787864685,0.8645757395205257,0.8541034203784181,0.7884158492088318,0.7800817489624023,0.6902262232642575,0.6544513187488717,0.27966612577438354,0.28234750032424927,-0.8756615772845304,-0.8547966916325889,0.7675177454948425,0.7672890424728394,0.6440419456643951,0.626289594199352
157,6.541666666666667,157,6.541666666666667,0.0,0.021820518341862587,0.024655808454752813,0.5532221000424568,0.5615906585718625,0.08508700675653393,0.08795644663273364,0.08604577244555003,0.08909955869458246,0.08836394450462984,0.08562998704549628,0.12415649575623867,0.11894132476017613,0.0819450025474983,0.08262347531003206,0.4859466552734375,0.48620185256004333,0.48633337020874023,0.4871366322040558,0.5029089450836182,0.5007847249507904,0.23398207873106003,0.23540838807821274,0.2899238169193268,0.29153236746788025,0.4757573753595352,0.4822372645139694,191.55404663085938,-166.86256408691406,4.2808613777160645,2.1831285953521733,-3.12165904045105,-3.2497150897979736,0.6329090595245361,0.62726229429245,0.511340603067725,0.49488310270239794,0.8527772426605225,0.8528003692626953,0.8341675814525693,0.8155936166274189,0.334922730922699,0.35402360558509827,-0.6607545879903602,-0.5742488449597976,0.8452264666557312,0.87451171875,0.817461266734734,0.8633793724765341,0.7221351265907288,0.7185099124908447,0.8623011475195814,0.8519179875699353,0.7896014451980591,0.7796404361724854,0.6943892653843369,0.6545717187195715,0.2799845337867737,0.28294897079467773,-0.8768477120291457,-0.8523506140846215,0.7663045525550842,0.7687982320785522,0.6428442029703286,0.6307084891215258
158,6.583333333333333,158,6.583333333333333,0.0,0.03182595795947122,0.028741869975647233,0.5588776815263793,0.580817597479161,0.08347887198465276,0.08693264693530033,0.08395747870211083,0.0881445981028699,0.09094349199536417,0.08250684555569039,0.12471429246351376,0.11536264509233896,0.08149166179256588,0.0823480580811792,0.4859137386083603,0.48656871914863586,0.48617640137672424,0.4870316684246063,0.5032294988632202,0.5003323405981064,0.23387496173381805,0.2349889874458313,0.2900375723838806,0.2909749746322632,0.4755903333425522,0.48243288695812225,191.41812133789062,-168.11460876464844,4.371096134185791,2.7467920780181885,-2.9666101932525635,-3.0024397373199463,0.6326103210449219,0.6268323659896851,0.5077001730349984,0.49489892151936277,0.8527234196662903,0.8530666828155518,0.8324431171462388,0.8156304650562766,0.3351171314716339,0.3544570803642273,-0.6596856981954065,-0.5706995610683031,0.8445411920547485,0.8749416470527649,0.8143825456791547,0.8637693219368583,0.7217178344726562,0.7183910608291626,0.8573648236618473,0.8530988443376739,0.7904373407363892,0.7796074151992798,0.6949595083633305,0.6539732786954274,0.2805641293525696,0.2829742431640625,-0.8737558219462873,-0.8503578372464898,0.7634731531143188,0.76969975233078,0.6354416532362839,0.6321701086570326
159,6.625,159,6.625,0.0,0.04962266851146232,0.04346527351111002,0.5593402830400634,0.5766131682961019,0.08252489978864025,0.0849325246640855,0.08375775472723197,0.08618029024330429,0.09041633013911994,0.08531623769188758,0.12359931543459715,0.1201011393871752,0.08192813208521924,0.08278191930197609,0.4858167767524719,0.48630543053150177,0.48592692613601685,0.48710158467292786,0.5031325072050095,0.5001533925533295,0.23357290774583817,0.23494771867990494,0.2897864580154419,0.29065078496932983,0.4758750796318054,0.482726514339447,190.0792999267578,-169.173828125,4.339400291442871,2.2631733417510986,-2.7986807823181152,-3.3396017551422124,0.6323849558830261,0.6266264319419861,0.5065994986130837,0.4937200154594866,0.8527125120162964,0.8534765839576721,0.8308115756774483,0.8141164803260235,0.33581215143203735,0.3550073504447937,-0.6558050482548982,-0.5666148809272382,0.8451904058456421,0.875207781791687,0.8142276263587459,0.8618352206410679,0.7214362025260925,0.7185041904449463,0.8556320884143817,0.8523884602737654,0.7911204099655151,0.7804418802261353,0.6950197807108458,0.6537422530067959,0.2800123989582062,0.2825946509838104,-0.8745098148964675,-0.8492964648454815,0.7637965679168701,0.7715449333190918,0.6347790447458621,0.6342057735961022
160,6.666666666666667,160,6.666666666666667,0.0,0.05319446223876678,0.057265188306520415,0.5735069994208939,0.5810013370809145,0.0833294643578083,0.0852246661780259,0.08497551359325281,0.08697232324001762,0.0897382327704367,0.0853438091759557,0.12188923141781517,0.11917495775696635,0.0821979759865548,0.08260019477241032,0.48626160621643066,0.48644842207431793,0.4861884117126465,0.4876876175403595,0.5028162151575089,0.5002837777137756,0.23319870233535767,0.2347830832004547,0.29034727811813354,0.291528582572937,0.47638818621635437,0.4829193949699402,190.54241943359375,-168.5809783935547,3.949019432067871,0.5310909748077393,-2.577838659286499,-3.4108967781066895,0.6329362392425537,0.6266494393348694,0.5097815290467155,0.49319364943639016,0.8521957397460938,0.8539668917655945,0.8281862051571783,0.8145925485222212,0.33576563000679016,0.3539002239704132,-0.6544673145051283,-0.571321656231534,0.8460691571235657,0.874574601650238,0.8146847436642499,0.8598344301117993,0.7213902473449707,0.7187837362289429,0.8563248056702194,0.8527854051436925,0.7900592088699341,0.7812684774398804,0.6912527741374471,0.6549914540248188,0.27960002422332764,0.2823769748210907,-0.874511758836117,-0.8504703728605321,0.7641514539718628,0.7722977995872498,0.6341585379741551,0.6352973517951772
161,6.708333333333333,161,6.708333333333333,0.0,0.05304199956373951,0.05990170810935614,0.5770885276639666,0.5932263423808435,0.08191644854770276,0.08676207471181613,0.08361560925308636,0.0879656381600792,0.0899379325330943,0.0861220287327508,0.12272260981385885,0.11871977785058359,0.08252133292061557,0.08237896986940124,0.4863339513540268,0.4865376353263855,0.4863411784172058,0.48796504735946655,0.5029995441436768,0.5005257278680801,0.2331220656633377,0.23464135825634003,0.2904162108898163,0.2915504574775696,0.47581715881824493,0.48275384306907654,190.88172912597656,-168.08352661132812,3.727841854095459,0.18843744695186615,-2.665557622909546,-3.471045970916748,0.6329578161239624,0.6267065405845642,0.5104180661095489,0.49249443345473215,0.8517014980316162,0.8545204401016235,0.8304220420177119,0.8162080969220779,0.3369694948196411,0.3536394238471985,-0.6520919015059147,-0.5733097253349135,0.8467257022857666,0.8744285702705383,0.8194292710164547,0.8599161039569982,0.7211599946022034,0.7188705205917358,0.8568368409940168,0.8522182784782437,0.7896323204040527,0.7817057371139526,0.6932957830740464,0.6563444872597227,0.2797650098800659,0.2819710075855255,-0.8767655766074125,-0.8530376435779025,0.7640981674194336,0.772891104221344,0.6368844851012316,0.6369920903640086
162,6.75,162,6.75,0.0,0.05250027320773479,0.05406353003389504,0.578708017329006,0.585100066187844,0.08157063192189211,0.08699909493554457,0.08325235758113407,0.08856148018861273,0.09008474461059278,0.08587516950402044,0.12238463638083617,0.11850052629484963,0.08254567422722944,0.08286984637263894,0.48628249764442444,0.48670580983161926,0.4863600730895996,0.4878769516944885,0.5029786229133606,0.5007454007863998,0.2331445887684822,0.23475037515163422,0.290096253156662,0.2917540371417999,0.47540654242038727,0.4823248088359833,190.8711395263672,-167.7713317871094,3.353853464126587,0.6855480074882507,-2.688354969024658,-3.3002521991729736,0.6326175928115845,0.6261178255081177,0.5096309627191359,0.48966936142876777,0.8511777520179749,0.8546390533447266,0.8309334912648574,0.8179619186978623,0.3382802903652191,0.3529837727546692,-0.6474547725937746,-0.5771152803543008,0.8477360010147095,0.8735039234161377,0.8233228332257004,0.8594074060709218,0.7211061120033264,0.7191245555877686,0.8574931006293819,0.852927440131231,0.7884700298309326,0.7812074422836304,0.6922694712566565,0.6566351299367654,0.2798391580581665,0.28210803866386414,-0.8771959572346414,-0.8539359251657409,0.7648574113845825,0.7726094126701355,0.6400554777882845,0.6377455470013745
163,6.791666666666667,163,6.791666666666667,0.0,0.050075059534339834,0.05444460259173031,0.5790453497298965,0.5863675210911923,0.0831688070365553,0.08665573456825461,0.08463570425404145,0.08807981325422788,0.08993088638889157,0.08602621307567224,0.12142184644957833,0.11816895469886372,0.0822985170962082,0.08267309426602582,0.48645174503326416,0.486810103058815,0.4866069257259369,0.4880218505859375,0.5035764873027802,0.5006565302610397,0.23303838819265366,0.23458343744277954,0.29010167717933655,0.2915019094944,0.47521692514419556,0.4822530895471573,191.0696868896484,-167.87203979492188,3.1244490146636963,0.5005390048027039,-2.6503598690032963,-3.2605550289154053,0.6323764324188232,0.6265695691108704,0.5075315535023462,0.49236687947529817,0.8514317274093628,0.8544043302536011,0.8338842583791966,0.8185781039733285,0.3387596011161804,0.35232728719711304,-0.649455015018365,-0.5800225870921932,0.8479230999946594,0.8728222846984863,0.8261073470189236,0.8590899512533268,0.7210761904716492,0.7191046476364136,0.8570497614431479,0.8542135021269972,0.7882211208343506,0.7809802889823914,0.693777251775157,0.6570757202226956,0.28028303384780884,0.2822189927101135,-0.8798798261660862,-0.8541721310728454,0.7639397382736206,0.7729396820068359,0.6399572995373273,0.6393897256782444
164,6.833333333333333,164,6.833333333333333,0.0,0.049846354957815996,0.05612699630206907,0.5817517715454081,0.5872943354785055,0.08196558282418048,0.08681759110100787,0.08339600902002973,0.08825988582806114,0.09119797065302668,0.08666204383685885,0.12217104704960673,0.11817034778171072,0.08226763682483143,0.08273950379845715,0.4865819662809372,0.48696257174015045,0.48656073212623596,0.4879688620567322,0.5034016966819763,0.5006730258464813,0.2330775260925293,0.2345755696296692,0.28969183564186096,0.29127752780914307,0.4755546748638153,0.48217763006687164,190.6150360107422,-167.96656799316406,3.3850295543670654,0.8486973643302917,-2.538142681121826,-3.124728679656983,0.6334121227264404,0.6262781620025635,0.5121423060851593,0.49159072283870436,0.8510748147964478,0.8548709154129028,0.832086032770707,0.8204844882967579,0.3389391005039215,0.3524937927722931,-0.6478576821413913,-0.5799407454652702,0.847912073135376,0.8729195594787598,0.8250779581520942,0.8602185888912339,0.7208058834075928,0.7191805243492126,0.8564073277026751,0.855190021856709,0.7884991765022278,0.7812565565109253,0.6934295159040667,0.658422433599678,0.28030309081077576,0.28136786818504333,-0.8788390129279625,-0.8583118833856854,0.7651182413101196,0.7740287184715271,0.6416215100539397,0.6425103438775854
165,6.875,165,6.875,0.0,0.04815501177977364,0.05995813085637332,0.5828186762408333,0.590823202138282,0.082310408921811,0.08663197286907427,0.084041747338623,0.08798537193529103,0.09135726765713371,0.08659056506154797,0.12206391333542817,0.11794490518808567,0.08219584481668157,0.08261033309653777,0.48679354786872864,0.48703259229660034,0.48668375611305237,0.4881599247455597,0.5033954083919525,0.5007405281066895,0.2330855280160904,0.23456109315156937,0.2900935709476471,0.2910309433937073,0.4754365235567093,0.48235879838466644,190.9568328857422,-168.22149658203125,3.4615275859832764,0.42067128419876104,-2.41115403175354,-3.1742444038391113,0.633220911026001,0.6261668801307678,0.511937501937417,0.4910634845370718,0.850719690322876,0.8551930785179138,0.8324124050836876,0.8210832892285683,0.3393334150314331,0.35266736149787903,-0.6469413585141789,-0.5797292513729643,0.8482144474983215,0.8729342222213745,0.8268555472505054,0.8601541510106665,0.720585286617279,0.7192533016204834,0.8564391544716813,0.8555111605011386,0.7882782816886902,0.7816120386123657,0.6939116468805305,0.6590376687214792,0.28037118911743164,0.2811235189437866,-0.8794455586185976,-0.859834413125893,0.7651911377906799,0.7748420238494873,0.6427022490696493,0.6441282403619315
166,6.916666666666667,166,6.916666666666667,0.0,0.05269122514223746,0.06275715714467174,0.5836964814437524,0.592537959457021,0.08162416859676731,0.0861707368652373,0.08311311680086457,0.08750061957496849,0.09071549259082572,0.08688356294238375,0.1213778620004868,0.11813046040880074,0.0824799186469866,0.08259019656119529,0.486739844083786,0.48708005249500275,0.486689954996109,0.48820120096206665,0.503257542848587,0.5007308125495911,0.23310528695583344,0.2345770224928856,0.2899359166622162,0.2911633849143982,0.47552919387817383,0.4827141910791397,190.9436492919922,-167.96072387695312,3.2574291229248047,0.3797639012336731,-2.482865571975708,-3.157235860824585,0.6330469846725464,0.6260427236557007,0.5121317748860786,0.49068874430633863,0.8510379195213318,0.855287492275238,0.8334602987617854,0.8206311522037785,0.3396848440170288,0.352572500705719,-0.6454359876910087,-0.5801492879288794,0.8489781618118286,0.8724995851516724,0.8288885640490992,0.8585425633641621,0.7204644083976746,0.7195814251899719,0.8570692346606673,0.8569618910069092,0.7886375188827515,0.7816125750541687,0.6949595050185551,0.6583545424372027,0.28016775846481323,0.28047361969947815,-0.8802824453962916,-0.8624696920673778,0.7664669752120972,0.7760064005851746,0.6457508803193399,0.646006364510399
167,6.958333333333333,167,6.958333333333333,0.0,0.05249822218792533,0.06247308071123645,0.5855734546848618,0.59240030559307,0.08191282444382696,0.08634118683422305,0.0834713912660865,0.08753380702767151,0.09071686447550917,0.08720387475080749,0.12155535454188934,0.11708562258091457,0.08235079483969654,0.08249829206424371,0.48691003024578094,0.48719778656959534,0.48680123686790466,0.48835065960884094,0.5032994449138641,0.5009158849716187,0.23328513652086258,0.23451052606105804,0.29011550545692444,0.2912214398384094,0.47554685175418854,0.48273396492004395,190.92970275878906,-167.90499877929688,3.2826907634735107,0.13537386059761047,-2.446045398712158,-3.068108558654785,0.6328954100608826,0.6261471509933472,0.5117553120845626,0.490533291107494,0.8509781956672668,0.8552662134170532,0.8339191247068599,0.8208090126654429,0.33971238136291504,0.3534708023071289,-0.645981135798032,-0.5775452405350551,0.8489998579025269,0.8730289936065674,0.8295247827748542,0.8599461615387852,0.7205122709274292,0.7196659445762634,0.857741345876301,0.8568482143206061,0.7885076999664307,0.7820287346839905,0.695157825365518,0.6594431635301722,0.2803012728691101,0.2805658280849457,-0.8805868222794405,-0.8631154346198896,0.7665466070175171,0.7761193513870239,0.6463772008745482,0.6464228811545815
168,7.0,168,7.0,0.0,0.05721681778854922,0.06209141298189407,0.5901877813190576,0.5945465738961743,0.08092723576377149,0.0856594953587318,0.08269033495309788,0.08660959800758607,0.0889546975094968,0.08695070823057278,0.12030463586959353,0.11572414017035679,0.08241712995948769,0.08254097470598695,0.4870455414056778,0.4873124659061432,0.486927330493927,0.48828020691871643,0.503374770283699,0.5007209628820419,0.2330833449959755,0.23428041487932205,0.2896631956100464,0.2908795475959778,0.4755316823720932,0.4826236069202423,190.84913635253903,-167.99258422851562,3.1360630989074707,0.586060106754303,-2.489471912384033,-2.936253547668457,0.633777916431427,0.6266271471977234,0.5143995552552398,0.49244600220792806,0.8504574298858643,0.8552474975585938,0.8319175913550428,0.8197940774435484,0.33975499868392944,0.3528464436531067,-0.6454287356421411,-0.5783688562916672,0.8491140604019165,0.8736234903335571,0.8289368072590009,0.8602223227132035,0.7208043336868286,0.7187173962593079,0.8576915052893418,0.8526306527013943,0.7885665893554688,0.7820334434509277,0.6945888554055478,0.6587189304896761,0.2805728316307068,0.2800426483154297,-0.8788838424440215,-0.8631200633468549,0.7669693231582642,0.7757819890975952,0.6466669780904344,0.6449653699074733
169,7.041666666666667,169,7.041666666666667,0.0,0.06144938279855706,0.06358204077402797,0.59489200052357,0.5973812713233287,0.08059060689970685,0.08562464212150493,0.08225908356761996,0.08673312615052829,0.0885509972978035,0.0869036334971541,0.11949610759388751,0.1158087154063879,0.08240780460669414,0.08253418164234343,0.48707224428653717,0.48734597861766815,0.48693180084228516,0.48840585350990295,0.5033992379903793,0.5008380860090256,0.232981339097023,0.23422281444072723,0.2894655466079712,0.29046428203582764,0.4756733924150467,0.4824563264846802,191.0313262939453,-168.36148071289062,3.131972312927246,0.2454288452863693,-2.472975969314575,-2.978214979171753,0.6338706016540527,0.6266515254974365,0.5150885353915057,0.49145077246274527,0.850127100944519,0.8559640645980835,0.8315480414346039,0.8206823951337381,0.33963024616241455,0.3527666926383972,-0.646544404645451,-0.5783944938436674,0.8489886522293091,0.8739104866981506,0.8290198923527741,0.8601148115745786,0.7208557724952698,0.7188917398452759,0.8584977172322048,0.851758262486897,0.7884715795516968,0.7830971479415894,0.694629840626358,0.6605770222445005,0.2805967628955841,0.279401034116745,-0.8796029822606467,-0.8649744466636137,0.7663460373878479,0.775465190410614,0.645495726494386,0.6438078564496593
170,7.083333333333333,170,7.083333333333333,0.0,0.06288721305338987,0.06616543913633234,0.5980479071392899,0.5997476088469711,0.08044622801774713,0.0856901143247641,0.08195502935089698,0.08681277231560068,0.08808829053541847,0.08697285527829231,0.118381477947433,0.11567664059747916,0.08239050224527394,0.08234995285155818,0.4871560335159302,0.487372562289238,0.4869641363620758,0.488442599773407,0.5035373568534851,0.5008762776851654,0.2329159751534462,0.23411335796117783,0.28921079635620117,0.29029327630996704,0.4755925387144089,0.4822531193494797,190.9446258544922,-168.4075927734375,3.172506332397461,0.12710419297218323,-2.4333457946777344,-2.9685962200164795,0.6338387727737427,0.6275869011878967,0.5147333839687918,0.49387936065301724,0.8501684665679932,0.8558540344238281,0.8323300833976938,0.8191026054984435,0.3397330641746521,0.3522891402244568,-0.647080749535292,-0.5791473392029747,0.8488367795944214,0.8738176822662354,0.8293709954068449,0.8584870667197017,0.7206398248672485,0.7190936207771301,0.8576260452694544,0.8505446418810853,0.7884937524795532,0.7831557989120483,0.69528518514458,0.6597151101252373,0.28082817792892456,0.2790181040763855,-0.8797743946152168,-0.8647354886955351,0.7661886215209961,0.7760798335075378,0.6457218519712076,0.6442013855453659
171,7.125,171,7.125,0.0,0.06374108635639691,0.06787302723571291,0.5981749474351017,0.6035131567698497,0.0810541201586324,0.0858918702197479,0.08262565682766887,0.08693880858600136,0.08781677646688872,0.08671144361251525,0.11717481574461171,0.11533473163119526,0.08253528355621177,0.08221755168442692,0.48725779354572296,0.48742952942848206,0.4870454668998718,0.4885408580303192,0.503442645072937,0.5009970963001251,0.23283151537179947,0.23392249643802643,0.28913453221321106,0.2903279960155487,0.47565652430057526,0.4821862727403641,191.10842895507812,-168.11082458496097,3.043682336807251,0.13771578669548035,-2.3499388694763184,-2.9819903373718266,0.6333391070365906,0.6272253394126892,0.5132780628539592,0.4916844929800773,0.8501418828964233,0.8563238382339478,0.8323629685008661,0.8197545136918267,0.3401077389717102,0.3518871068954468,-0.6454080652599244,-0.5808135147165538,0.8491703271865845,0.8734502792358398,0.8302035062518274,0.8572794205967406,0.7204457521438599,0.7189401984214783,0.8574747360079732,0.8489323864666597,0.7879501581192017,0.7830667495727539,0.6941303581636912,0.6592444910997065,0.2805939316749573,0.279174268245697,-0.8805732980965861,-0.8640447023103058,0.7658733129501343,0.7753308415412903,0.6450604867835109,0.6422947215198167
172,7.166666666666667,172,7.166666666666667,0.0,0.06763987359301596,0.06873458628092058,0.6042941005218654,0.6054770122494244,0.08116837122503642,0.08595400970993577,0.0824539006566025,0.08708933864111283,0.0886235999322805,0.08757947762007462,0.11736256284961746,0.11545047980246118,0.08241510584127805,0.08230871284068825,0.48724639415740967,0.4874691665172577,0.4870012104511261,0.4884440004825592,0.5036121010780334,0.5013135522603989,0.2327803522348404,0.23397758603096008,0.2892146110534668,0.2901373505592346,0.47528186440467834,0.48203592002391815,191.38534545898438,-168.3209686279297,3.0674190521240234,0.34221112728118896,-2.315666675567627,-2.8609232902526855,0.6336174011230469,0.6268856525421143,0.5134982328209817,0.48775730858383043,0.8498876690864563,0.8568501472473145,0.832290475742982,0.8189346023685818,0.33988767862319946,0.3521729111671448,-0.6466828780909986,-0.5793041411023129,0.8490884304046631,0.8738875389099121,0.830514745803968,0.8561597356565219,0.7204740047454834,0.7189449071884155,0.8565666496740713,0.8453413115253794,0.7880077958106995,0.7837233543395996,0.6948072106041908,0.6591592877653935,0.28081440925598145,0.2789835035800934,-0.8800119763394649,-0.8635923578432673,0.7657625675201416,0.7753266096115112,0.6453832790858647,0.6408131730620444
173,7.208333333333333,173,7.208333333333333,0.0,0.0737187824945774,0.0692435073247189,0.6094888021372155,0.6068898502788527,0.0810609835902319,0.0863910765235045,0.0825598470527912,0.0875221615853436,0.08849490434770732,0.08753741775440647,0.11768816750255538,0.11504319136624758,0.08241628032189624,0.0822512634135018,0.48740772902965546,0.48751187324523926,0.487017422914505,0.4883807897567749,0.5034702867269516,0.5016842186450958,0.232721745967865,0.23387455940246582,0.2887454032897949,0.2901034951210022,0.47536350786685944,0.4817391633987427,190.99691772460938,-168.2251434326172,3.5351908206939697,0.6548155546188354,-2.282261848449707,-2.7837018966674805,0.6338946223258972,0.6270865201950073,0.5143866270795423,0.48793562535853735,0.8497111201286316,0.8568689823150635,0.8304789529312782,0.8210339865634684,0.3401637673377991,0.3517792522907257,-0.6440722070994023,-0.583274569911765,0.8495982885360718,0.8738960027694702,0.8302286394264571,0.8583004521389435,0.7205325365066528,0.719118058681488,0.8560819422060394,0.8460268703285221,0.7879599928855896,0.7833268642425537,0.6934859287597585,0.6600748323276838,0.28051280975341797,0.2789369523525238,-0.8793324040019709,-0.8667012114774657,0.7662185430526733,0.7742360830307007,0.6452531742261934,0.6401781459994533
174,7.25,174,7.25,0.0,0.06968375743527407,0.06840012730968327,0.6045572449123329,0.6075334886147321,0.0804131260927656,0.08569953443456396,0.08154666058203201,0.08692318311355156,0.08861431184475999,0.08853456817706605,0.11693080485907761,0.11579098302050073,0.08249175335966426,0.08226385548461282,0.48744291067123413,0.4875532537698746,0.48702552914619446,0.4884800910949707,0.5034782886505127,0.5015764981508255,0.23272313922643661,0.23372074961662292,0.2888459861278534,0.2898678183555603,0.4755505323410034,0.4820733964443207,191.10104370117188,-168.26646423339844,3.531379461288452,0.3438338339328766,-2.242406129837036,-2.7578532695770264,0.6337625980377197,0.627471923828125,0.5140798545977944,0.4884890264073993,0.8500311970710754,0.8567534685134888,0.8311710266649047,0.8177639912808392,0.33974534273147583,0.3507094383239746,-0.6460625184017137,-0.5853818975176134,0.8494311571121216,0.8732768893241882,0.8298392200439056,0.8538274479711007,0.7206353545188904,0.719110906124115,0.8568650620445405,0.844059032242843,0.7878960371017456,0.7836970090866089,0.6932601822133709,0.6583134458599366,0.28079894185066223,0.27858030796051025,-0.8786550488177172,-0.8652513882263156,0.7658429741859436,0.7748181819915771,0.6443127500193878,0.6389348196014649
175,7.291666666666667,175,7.291666666666667,0.0,0.07171305043451488,0.06965387287599717,0.6061293753276753,0.6068202565107189,0.08056535833374848,0.08550518043211713,0.08157156755938796,0.08650384780501098,0.08897689063583823,0.08899407772394155,0.1163335960484814,0.11559129623427825,0.08258149378523316,0.08218023448576686,0.4874606132507324,0.48762138187885284,0.4870201349258423,0.48845550417900085,0.5035794526338577,0.501514732837677,0.23274311423301697,0.23353612422943115,0.2887139320373535,0.28973254561424255,0.4754450023174286,0.48217250406742096,191.14187622070312,-168.23220825195312,3.5618753433227544,0.6516384482383728,-2.169128179550171,-2.7037785053253174,0.633819580078125,0.6274368166923523,0.5140968522931247,0.48780114142204994,0.8498603701591492,0.8568657636642456,0.8313354976079331,0.8164682809573557,0.33963313698768616,0.35061073303222656,-0.6471452882662377,-0.5845769153185632,0.8492649793624878,0.8736453652381897,0.8300135179384904,0.8530315553193468,0.7204104065895081,0.7189554572105408,0.855896819941433,0.8423290839367901,0.7875535488128662,0.7837647795677185,0.6929921581588494,0.6571789601785298,0.2806965112686157,0.2780798077583313,-0.8797858297147081,-0.8655496172779414,0.76517653465271,0.7748421430587769,0.643307215179486,0.6377362573663635
176,7.333333333333333,176,7.333333333333333,0.0,0.05576535435720853,0.04572777767913592,0.5977198545226231,0.5982167341541202,0.08072752015249597,0.08438601871189468,0.08201274818811898,0.08551628051921777,0.09158297929301658,0.09106613431509271,0.11801986976540406,0.11708874981559046,0.08281907583800308,0.08208124840739689,0.4875656068325043,0.4876859188079834,0.48709237575531006,0.4883424937725067,0.5031378865242004,0.5012722611427307,0.23261147737503052,0.2332828938961029,0.28849342465400696,0.288669228553772,0.4764707684516907,0.48197589814662933,190.78189086914062,-169.21563720703125,3.5120577812194824,1.0430874824523926,-2.0622308254241943,-2.5483648777008057,0.6344965100288391,0.6277005672454834,0.5175113588532236,0.48977448550475805,0.849800169467926,0.8560754656791687,0.8273247523584476,0.815195119162042,0.33991408348083496,0.3506114184856415,-0.6430500705359485,-0.5836496507207619,0.8497912287712097,0.8743852972984314,0.8273049391327103,0.8550938163649023,0.7204005718231201,0.7190094590187073,0.8559461457296236,0.8434987966878426,0.7881240844726562,0.782805860042572,0.6906461205489719,0.6555343494588373,0.2804592251777649,0.27762335538864136,-0.8772833754377857,-0.8664003428186903,0.7673897743225098,0.7750672101974487,0.6446974008296076,0.6386711661510942
177,7.375,177,7.375,0.0,0.04103440753566593,0.04615433593236589,0.580923859946403,0.5935993092008476,0.08239247359560822,0.08310878787974814,0.08354156496039863,0.08395549736596247,0.09036704555598823,0.09065857876093572,0.11685802819859496,0.11557418271827606,0.08303503281813158,0.08211509263621317,0.4878009259700775,0.4878319054841995,0.48738837242126465,0.488369882106781,0.5035675764083862,0.501654252409935,0.23198454827070236,0.23289655148983002,0.28694263100624084,0.2876885235309601,0.4761907607316971,0.48160263895988464,190.063720703125,-169.16708374023438,3.5523931980133057,1.1589436531066895,-2.179323434829712,-2.4345695972442627,0.634093165397644,0.627508282661438,0.5156075471872449,0.4867549459307071,0.8500003218650818,0.8556994199752808,0.8306088157754288,0.8138600738833088,0.3407120108604431,0.3502689003944397,-0.6433187495892256,-0.585500271129565,0.8506982326507568,0.8740745782852173,0.8321595809550267,0.8538358460862965,0.7199172973632812,0.7188991904258728,0.8546335612810675,0.8402197994482166,0.7881338596343994,0.7828513383865356,0.6931408794983621,0.6553766330390708,0.2811516523361206,0.27719271183013916,-0.8785965262008771,-0.8681308403879021,0.7676321864128113,0.7753815054893494,0.6475859438130178,0.6391257614408203
178,7.416666666666667,178,7.416666666666667,0.0,0.03634209944534182,0.04186347865064589,0.5816942263431513,0.5777891108805052,0.08080829940692341,0.08278179485863192,0.08193177087050069,0.08392289198367898,0.09221643953681653,0.09154129913218297,0.11763827978052223,0.11518689262832224,0.0826329225034946,0.0825298089816707,0.4876228868961334,0.48805172741413116,0.4868573844432831,0.48845764994621277,0.5037293881177902,0.5018853098154068,0.2317725121974945,0.23267421126365662,0.28694775700569153,0.2867273986339569,0.4763636440038681,0.48164401948451996,190.15924072265625,-170.04583740234378,4.136740684509277,1.2891358137130737,-1.8139727115631101,-2.222712993621826,0.6340038776397705,0.6275148391723633,0.5135610660357998,0.48606161983337326,0.8505887985229492,0.855695366859436,0.8298282485968996,0.8140542487446644,0.3415485620498657,0.3495931029319763,-0.6393405050492026,-0.5892197252083435,0.8512852191925049,0.8741253614425659,0.8313725315974551,0.8541637564366668,0.7199724912643433,0.7189108729362488,0.8524618978153495,0.8396735806916822,0.7883039116859436,0.7821179032325745,0.6917141802777078,0.6539263751314512,0.2812556028366089,0.2771075665950775,-0.8770241568649237,-0.8696668253984307,0.7693377733230591,0.7740544080734253,0.6496575809543814,0.6363776547749967
179,7.458333333333333,179,7.458333333333333,0.0,0.03723704221854976,0.04167072276119715,0.5733712093280859,0.5728048775307928,0.08123208090453084,0.08222959538375747,0.08254514929828996,0.08329301255152412,0.09175562293389983,0.09096671473263075,0.11706205622731115,0.11590149555395987,0.08269841670331231,0.08270676566999524,0.48757024109363556,0.48807328939437866,0.48694416880607605,0.48839840292930603,0.5036535412073135,0.5021838843822479,0.23144568502902985,0.23261994868516922,0.28625214099884033,0.2862864136695862,0.47656965255737305,0.4818624407052994,189.97016906738278,-170.42771911621097,3.971315383911133,1.7493122816085815,-1.8946592807769775,-2.3396449089050293,0.6340315341949463,0.6276682615280151,0.5135780028928852,0.48517033810531823,0.850044846534729,0.8558751940727234,0.8275350764335186,0.8134175161928989,0.3435767889022827,0.34888696670532227,-0.6305657640104582,-0.5927042000887515,0.8532235622406006,0.8741538524627686,0.834578378872444,0.853170655017988,0.7196208238601685,0.7187923789024353,0.8507267459284915,0.8374908407981703,0.7877423763275146,0.7828718423843384,0.6894871410516306,0.6546469810454337,0.28081417083740234,0.2771393656730652,-0.8777969055816262,-0.8701077194976202,0.7712113261222839,0.7739539742469788,0.6528581383341399,0.6352520537743289
180,7.5,180,7.5,0.0,0.0430387125120434,0.03972161350820342,0.5718172250568619,0.569293591838754,0.08030133077645127,0.08053127869811434,0.08171860465413174,0.08165034501710527,0.09253141174696584,0.09126030726472047,0.11755280982054796,0.11597359209514481,0.08209719264370997,0.08254585442541663,0.4876703917980194,0.4880598783493042,0.48704975843429565,0.4882238805294037,0.5037125051021576,0.502215251326561,0.23112911731004715,0.2321937158703804,0.2850836217403412,0.28567221760749817,0.4763789474964142,0.48195265233516693,188.95587158203125,-170.90457153320312,3.8636181354522705,2.186546564102173,-1.8148519992828371,-2.227464199066162,0.633325457572937,0.6277768611907959,0.5101096233042312,0.4854558700883363,0.8506656289100647,0.8559436798095703,0.828594437234564,0.8133483527514627,0.3449901044368744,0.3489096760749817,-0.6246738653034247,-0.5927217045370734,0.8539787530899048,0.8741464614868164,0.835929018991292,0.8529354053945796,0.7198130488395691,0.7190486192703247,0.8504934488440298,0.8383377006167823,0.7875431776046753,0.783106803894043,0.6888541936899328,0.6549441433095357,0.2807515263557434,0.27725204825401306,-0.8774936355648321,-0.8697698890889278,0.7726064324378967,0.7732636332511902,0.6557872838313241,0.6335374088157147
181,7.541666666666667,181,7.541666666666667,0.0,0.043146088885467324,0.04474126869177185,0.5702701751960809,0.5729707743099993,0.080657893284561,0.08141006853932885,0.08201318868880482,0.08280477729234335,0.09179246069881712,0.09223404790570051,0.1148683369111513,0.11639055512408086,0.08202402418313341,0.08218957336798553,0.4879210591316223,0.48817628622055054,0.4874035120010376,0.488469660282135,0.5034952759742737,0.501934364438057,0.2304556667804718,0.2314920872449875,0.2837616503238678,0.28414008021354675,0.47636957466602325,0.48178835213184357,188.454833984375,-171.5523681640625,3.2670655250549316,1.5775108337402344,-1.7007625102996826,-2.237473487854004,0.6337854266166687,0.6277153491973877,0.5117909711839043,0.48677235220529386,0.8506538271903992,0.8554987907409668,0.8269992500317872,0.8135208127551762,0.34575673937797546,0.3493635058403015,-0.6196106032552156,-0.5904491514334512,0.8547168970108032,0.8739593625068665,0.8359768003071146,0.8537071650626317,0.7198612689971924,0.7186985611915588,0.8499043185873615,0.8388773400803406,0.787480354309082,0.7828970551490784,0.6874143908174654,0.6554759286840477,0.2804670035839081,0.2771507501602173,-0.8760743276859208,-0.8699124821497676,0.7742394208908081,0.7725781202316284,0.6581579047837116,0.6330128999496752
182,7.583333333333333,182,7.583333333333333,0.0,0.0494392613645416,0.05056010116458831,0.5766427943382438,0.5715341481132237,0.08071518875198037,0.07977303378790278,0.08182632796695169,0.0811751226778913,0.09886275286752683,0.09479604266193221,0.12160092941398405,0.11907532741596497,0.08165896463034673,0.0820677397264499,0.48817184567451477,0.4882218986749649,0.48778027296066284,0.48865756392478943,0.5032342076301575,0.5013658404350281,0.22912225872278214,0.23008893430233002,0.28142449259757996,0.28276586532592773,0.4760161340236664,0.48206953704357147,187.6900177001953,-171.25906372070312,2.890610694885254,1.1053358316421509,-1.8163245916366577,-2.327812671661377,0.6337078809738159,0.6284822821617126,0.5113174789488264,0.4930022316356366,0.8514240980148315,0.855093240737915,0.8275490752534621,0.8137783175835189,0.34669211506843567,0.3494549095630646,-0.6134778462717654,-0.589163973695492,0.8565049767494202,0.8737873435020447,0.8387493610800641,0.8545608612810429,0.7197262048721313,0.7189810872077942,0.8484174577563747,0.8439884002384878,0.787723183631897,0.7821661233901978,0.6871268204084955,0.6546825114090408,0.2797844707965851,0.2766174077987671,-0.8756843674400476,-0.8716534017253609,0.7756775617599487,0.7720499634742737,0.6605734592730395,0.632613373401843
183,7.625,183,7.625,0.0,0.04467134267116046,0.04367190749836314,0.573498638684342,0.5575999652386439,0.05864684535612207,0.05645186806650848,0.05874654698314246,0.057354207147759025,0.12610123250178698,0.12821247265503544,0.14827652409668246,0.1510039613826324,0.08096074924347062,0.0816032913409844,0.4883849024772644,0.48929673433303833,0.48722025752067566,0.4881073832511902,0.5028785765171051,0.5018219351768494,0.22910422086715698,0.22983183711767197,0.2772502303123474,0.279652863740921,0.47648268938064575,0.48102739453315735,184.5613861083984,-173.68826293945312,4.189687728881836,4.294519424438477,-1.592988133430481,-1.567779779434204,0.6340733766555786,0.6283960342407227,0.5127928556906235,0.49157540128940663,0.8504616022109985,0.8546719551086426,0.8222331555268587,0.8162561917615803,0.34644532203674316,0.34926289319992065,-0.611440813243318,-0.5924930363698792,0.8559199571609497,0.8734762668609619,0.8342339402248983,0.8573357029312466,0.7198807597160339,0.719060480594635,0.8481827716969552,0.8436886055604931,0.7884953022003174,0.7815148234367371,0.6859935317242754,0.6564386325102495,0.27994680404663086,0.2769821286201477,-0.8713593839744151,-0.8732095977879993,0.7751210331916809,0.7707878947257996,0.6565887523836158,0.6330048055453875
184,7.666666666666667,184,7.666666666666667,0.0,0.04186137522566174,0.03556500290660572,0.5774328207079814,0.5585398839403859,0.04583804862864165,0.04483617337283892,0.045446134904831,0.04405750306582975,0.1584699064349517,0.1594711804712521,0.18176930402694289,0.18003397137605942,0.0807554295218155,0.0828236490706243,0.48843421041965485,0.4889172315597534,0.48623716831207275,0.4870922267436981,0.5027544945478439,0.501612588763237,0.22880803793668747,0.23120106011629105,0.2736016511917114,0.27492135763168335,0.4772859662771225,0.47963058948516846,181.8272247314453,-179.09454345703125,5.898478984832764,4.548957824707031,-1.350928783416748,-1.4832547903060915,0.6337690353393555,0.628321647644043,0.5114597638056735,0.49358665698135173,0.8515982031822205,0.8540496826171875,0.8219559180626491,0.820420038971834,0.346416711807251,0.3482009470462799,-0.6103176407086794,-0.5976047809519653,0.857666552066803,0.8730408549308777,0.83528146499051,0.8620331367425313,0.7197827100753784,0.7190457582473755,0.8472433607924486,0.8469963567758205,0.7891556024551392,0.780849039554596,0.6848375977234176,0.6600241736546789,0.27928370237350464,0.2772442102432251,-0.8723941471873602,-0.8740119993330249,0.7757803797721863,0.7688306570053101,0.6554668148429043,0.633689721004352
185,7.708333333333333,185,7.708333333333333,0.0,0.04919844668457815,0.04087184707844031,0.5846872243667117,0.5667442883621335,0.04851651292328453,0.04144934129035509,0.046405305707002804,0.04008590208915992,0.15786414283937789,0.1668542503401447,0.1710575063838683,0.17960165975489362,0.08085743842734038,0.08265315534202708,0.4891248643398285,0.48926451802253723,0.4858320951461792,0.48622816801071167,0.5029891729354858,0.5019627213478088,0.2260914444923401,0.22721648216247559,0.2702549397945404,0.27274009585380554,0.47613435983657837,0.4787820875644684,181.2732696533203,-177.48382568359375,7.18616247177124,6.2288618087768555,-0.23818834125995636,-0.38295626640319824,0.6325517892837524,0.6291264295578003,0.5054477574658176,0.49483537509499215,0.8526149988174438,0.8541771769523621,0.8261553856110158,0.8216912633368624,0.34800416231155396,0.34688177704811096,-0.6046252249963177,-0.6034704266086905,0.8592967391014099,0.8720503449440002,0.8408179077948809,0.8608133147489574,0.7192249298095703,0.7190150618553162,0.8435757279101287,0.8446212983417808,0.7887485027313232,0.7797192931175232,0.6860056827086706,0.6587125926957563,0.27919745445251465,0.2780906856060028,-0.8730529332827316,-0.8711589520230107,0.7754786014556885,0.7667145729064941,0.6568859902988058,0.6302469433529083
186,7.75,186,7.75,0.0,0.06272052376497399,0.06736240251173638,0.5847862556968779,0.5781705180551918,0.054931263624958655,0.04789027404650376,0.052364153423624174,0.044706662907880515,0.15041584786132475,0.165244365950517,0.15106618765875687,0.16457084492626387,0.08146819579010907,0.08178789623447894,0.4895646572113037,0.48961974680423737,0.48614224791526794,0.4864868223667145,0.5025301575660706,0.5021581947803497,0.22293630242347717,0.22378003597259521,0.26765093207359314,0.26971179246902466,0.476506769657135,0.47603392601013184,181.84909057617188,-176.42578125,6.466137886047364,6.156524658203125,0.8387018442153931,0.8227138519287109,0.6311898231506348,0.6292685866355896,0.5017866896022701,0.4959218255387692,0.8534290790557861,0.8531617522239685,0.8268963767216505,0.8276434246294052,0.34910455346107483,0.34631025791168213,-0.5983765435288889,-0.6080415002290344,0.8607739210128784,0.8714757561683655,0.8430095731296913,0.8678352744204696,0.7188103199005127,0.7191559076309204,0.8435161570749617,0.8466176551257046,0.7898982763290405,0.7785282135009766,0.6875217913627296,0.6638529183677857,0.27935105562210083,0.27892792224884033,-0.8704227719235407,-0.8709340176955762,0.7762425541877747,0.7662070989608765,0.6575637154447888,0.6368130429610914
187,7.791666666666667,187,7.791666666666667,0.0,0.08031404226793211,0.09279897540503691,0.5974629310977586,0.5927203759623482,0.06349163638949737,0.06112794824185858,0.060658609938950836,0.05746657100065251,0.14884049972823213,0.1531188327479174,0.1393453200506793,0.14393239220848117,0.08173944384714182,0.08194363624313757,0.4899737387895584,0.48995646834373474,0.4852893054485321,0.48627835512161255,0.5026181638240814,0.501775324344635,0.2212596982717514,0.22210197895765305,0.2659693956375122,0.26747578382492065,0.4755510687828064,0.47550804913043976,181.8064727783203,-177.194091796875,8.714210510253906,6.84306526184082,1.9442633390426636,1.465778112411499,0.6297694444656372,0.6283286809921265,0.4965105991582898,0.4939129176955176,0.8538480997085571,0.853326678276062,0.830927715018547,0.8294354836866579,0.34731560945510864,0.34684619307518005,-0.6064379684694309,-0.6046579979263249,0.859538197517395,0.8714709281921387,0.8434259890836631,0.8692680476322333,0.7191076278686523,0.7189828157424927,0.8453655595278143,0.8477182167555447,0.7895997166633606,0.7782219648361206,0.6898064326581268,0.6645560692965444,0.2800847291946411,0.27978405356407166,-0.8689665444431627,-0.8663883689752541,0.7740408778190613,0.7665448188781738,0.6556315136068247,0.6389209140697856
188,7.833333333333333,188,7.833333333333333,0.0,0.07038200911600676,0.09089618803239478,0.5914983207275253,0.5957352733418655,0.06706722769632131,0.07424403501634042,0.06494270043542802,0.07166628172313197,0.14206643878762704,0.1441836787445564,0.12501969431101395,0.12786597387718543,0.08271494403269389,0.08203451974922328,0.49122753739356995,0.4910379648208618,0.4852762520313263,0.486298531293869,0.502766028046608,0.5023419857025146,0.22119835019111633,0.22199665009975433,0.26702091097831726,0.26836520433425903,0.47618256509304047,0.47540222108364105,182.26443481445312,-176.55958557128906,10.3001708984375,8.628344535827637,3.0285136699676514,2.5759506225585938,0.6288881301879883,0.6282385587692261,0.49335313779013257,0.4903343737084452,0.8537993431091309,0.8543523550033569,0.8308842048598729,0.8302005609170533,0.34455370903015137,0.34678158164024353,-0.618880772668416,-0.6058672721718017,0.8567257523536682,0.8718534111976624,0.8373232916796286,0.8685417181528795,0.7198185920715332,0.7193581461906433,0.8490467706211557,0.8452214428519199,0.7908146381378174,0.7790696620941162,0.6922966220110156,0.6652719112445371,0.2807810306549072,0.28015831112861633,-0.8683410214869685,-0.8653475648038875,0.7734624147415161,0.7664986848831177,0.6541158811685832,0.6377315269098068
189,7.875,189,7.875,0.0,0.06058059681575613,0.08201912857751796,0.5862090868184409,0.595373934745884,0.07041227992294335,0.07851688727867186,0.06944479593550981,0.07699676104016721,0.13331423558400707,0.13409961132421788,0.11395775381237921,0.11345483747272521,0.08325270971570312,0.08247241579809542,0.4919469356536865,0.492171511054039,0.48505380749702454,0.4862542152404785,0.5029929578304291,0.5022803694009781,0.22311197966337204,0.223262719810009,0.27101629972457886,0.27176710963249207,0.47558756172657013,0.4750884026288986,184.10923767089844,-175.21914672851562,10.784392356872559,9.986207962036133,3.764874935150146,3.582737922668457,0.6272250413894653,0.6282988786697388,0.4879654824959995,0.49057650575712114,0.8544963598251343,0.8541055917739868,0.8371678649262401,0.8299536533186995,0.34388476610183716,0.3463078737258911,-0.6249537423962903,-0.6071841538715129,0.8552958369255066,0.8713856339454651,0.8389342439085565,0.8677926604678702,0.7200574278831482,0.7197154760360718,0.8525975402455466,0.8464514892370169,0.7914501428604126,0.7793405652046204,0.6978724273093415,0.6662367858022715,0.28061288595199585,0.2803517282009125,-0.8734764479747934,-0.8639443361066889,0.7716825008392334,0.7686100006103516,0.6541974460248161,0.642739510369266
190,7.916666666666667,190,7.916666666666667,0.0,0.040436865603993274,0.057214617793109816,0.5683028774535108,0.5837148654098608,0.07085297175638616,0.07536706410887362,0.06925706256421833,0.07329969426682723,0.1392212243567414,0.1373911188022549,0.11311020935944484,0.10811651845256391,0.08376922698545064,0.08273387796601896,0.4922259598970413,0.49254322052001953,0.4852955639362335,0.48630332946777344,0.5039813816547394,0.502145916223526,0.22773820161819458,0.2277207002043724,0.27571606636047363,0.2761934697628021,0.4750305116176605,0.4766736179590225,184.3197784423828,-175.14862060546875,9.94708251953125,9.345601081848145,4.1795830726623535,4.289145469665527,0.6266933083534241,0.6290035843849182,0.4834961947595239,0.49365378747949795,0.8541139960289001,0.85413658618927,0.8401632405766503,0.8262331711037534,0.34173622727394104,0.34448567032814026,-0.6392607212003649,-0.6135189038962073,0.8523193597793579,0.8695988655090332,0.8361857858230793,0.8600787378218826,0.7197449207305908,0.7191230058670044,0.8501280431133528,0.8443444030715672,0.790978729724884,0.7777939438819885,0.7002364642491737,0.6591258552795723,0.2817849814891815,0.2802516222000122,-0.8754741031253255,-0.863479206676242,0.7659575343132019,0.7714381217956543,0.6447819549269597,0.6452135208802945
191,7.958333333333333,191,7.958333333333333,0.0,0.03395026802310754,0.03322633404632679,0.5675224543010658,0.5784926032912131,0.07118828608155908,0.07374272608361426,0.06938148651605033,0.07110852550997665,0.14645412946019115,0.1428198585979659,0.11167986353576186,0.1060165129841202,0.08366219841817316,0.08303638431947392,0.4930184781551361,0.4936729371547699,0.48638758063316345,0.4873632788658142,0.5040718466043472,0.5030887126922607,0.23240487277507782,0.23314175754785538,0.2830618917942047,0.28425806760787964,0.4745729863643646,0.4798659086227417,186.23207092285156,-173.85171508789062,8.97979736328125,8.891931533813477,4.870386123657227,4.822186470031738,0.6259917616844177,0.627550482749939,0.48187768028008865,0.4859563605303613,0.8547168970108032,0.8551632165908813,0.8451479150429513,0.8242506033743799,0.3435288667678833,0.345969021320343,-0.6345319274381137,-0.613468001872117,0.8523015975952148,0.8695818781852722,0.8397781453106997,0.8559177383809454,0.7194992303848267,0.7183300852775574,0.8514576793854325,0.8404019483945739,0.790368378162384,0.7800174951553345,0.7020862612383094,0.659211033627424,0.281314492225647,0.2806815505027771,-0.8804287398235257,-0.8683805078732256,0.7647041082382202,0.7723711729049683,0.6450286480290847,0.6424177191147754
192,8.0,192,8.0,0.0,0.0406413597561013,0.030567905912298403,0.5753933274006892,0.5732229473963709,0.07016712414899169,0.07471004249814871,0.06995289608577675,0.07172012649022119,0.14462364727797625,0.13671161876599586,0.10574824518159182,0.09787597363582187,0.08368448691292427,0.08424929963293522,0.494083434343338,0.4943525344133377,0.48728471994400024,0.48812857270240784,0.5046496689319611,0.5034522861242294,0.237555094063282,0.23823298513889313,0.2886162996292114,0.289109468460083,0.4751238375902176,0.48203517496585846,186.7589874267578,-174.0312957763672,8.194708824157715,7.734199047088624,5.309603691101074,4.788690090179443,0.6272004246711731,0.6287702918052673,0.485577629866539,0.48886275066725576,0.8535671830177307,0.8544010519981384,0.8434630790458679,0.8170824362001113,0.3430049419403076,0.3456471264362335,-0.6404780039060697,-0.6155944153062132,0.8510217666625977,0.868179202079773,0.8377899320813497,0.8473158306366718,0.7199783325195312,0.7186611890792847,0.8531875750295878,0.8395251400223166,0.7912360429763794,0.7798457145690918,0.7045413198580389,0.6534856608356333,0.28116029500961304,0.28024721145629883,-0.8855224093477158,-0.8707180278848421,0.7638164758682251,0.7731555104255676,0.6434294182257814,0.6388053460231325
193,8.041666666666666,193,8.041666666666666,0.0,0.03207829730621398,0.03315184343917017,0.556632182129427,0.5663810582135927,0.07544607153150922,0.07796470068110654,0.07450982035675549,0.0768560142842109,0.13252387487822903,0.12659673206115835,0.09576509746572416,0.09363088884769415,0.08444843094039421,0.0839663927793073,0.4947676509618759,0.4952151030302048,0.4887133240699768,0.4889432191848755,0.5051714479923248,0.5040406286716461,0.23966360837221146,0.23951085656881332,0.2905084490776062,0.2903375029563904,0.4752011299133301,0.48096638917922974,185.86660766601562,-174.29318237304688,7.230938911437989,7.831049442291259,4.852712154388428,4.701685428619385,0.6275873184204102,0.6282636523246765,0.48589421345885075,0.4865197280678962,0.8541218042373657,0.8543534874916077,0.8460087024108625,0.8225838786443365,0.34217190742492676,0.34720462560653687,-0.6469792950961961,-0.6142485291262774,0.8487364053726196,0.8690853118896484,0.8339848287764758,0.8550385652353272,0.7193527221679688,0.7196068167686462,0.8501303089971967,0.8442654198026921,0.7911592125892639,0.7807894945144653,0.7054333681257656,0.6605200179881836,0.2815666198730469,0.2812178432941437,-0.8875343671100622,-0.8726858980022025,0.7633088827133179,0.7727528810501099,0.6432524869107313,0.6428150980684701
194,8.083333333333334,194,8.083333333333334,0.0,0.030924589958022643,0.03229832824329039,0.5774767228147263,0.5787407962857258,0.0761430040442619,0.07972219706842504,0.07895679903222953,0.0807220222621945,0.12958652117114994,0.12381985344375818,0.09617739506405107,0.0924421973261172,0.08418776956716816,0.0831016386233942,0.4963208884000778,0.49639539420604706,0.49037861824035645,0.4906099736690521,0.5056265890598297,0.5042772442102432,0.2376100718975067,0.23755062371492386,0.28782546520233154,0.2886696755886078,0.4750939607620239,0.48054225742816925,185.03707885742185,-173.97979736328125,6.354527473449707,7.209858417510986,5.270349979400636,4.9823713302612305,0.6294304728507996,0.6286745071411133,0.49062186053077683,0.48770494120199376,0.8529027104377747,0.8520570993423462,0.8421843453802612,0.8193039072777921,0.341289222240448,0.347677081823349,-0.651251820175408,-0.6139578250332227,0.8501811623573303,0.8697956800460815,0.8361176643134066,0.8584229056070436,0.7193698883056641,0.7199562788009644,0.8470423700845704,0.8455791422197549,0.7905672788619995,0.7805940508842468,0.7032306427974178,0.6617060182512521,0.28263217210769653,0.282138466835022,-0.8837035833039945,-0.8709048479520861,0.7643311619758606,0.7708998918533325,0.6447469603945188,0.6403274312454733
195,8.125,195,8.125,0.0,0.029489426233894864,0.030555728242363765,0.574281893223191,0.5719891323043403,0.08090488340619356,0.08235793189372831,0.08285863262592036,0.08269310422868227,0.13246623704684074,0.13300513842399747,0.09610107932441897,0.09867969410392911,0.08370941463977333,0.08317450816229305,0.4970998615026474,0.4972778856754303,0.4915991425514221,0.4922136068344116,0.5052105188369751,0.5035165101289749,0.23391950130462646,0.2349395751953125,0.2849426865577698,0.28361520171165466,0.475741982460022,0.47954247891902924,186.36451721191406,-175.54452514648438,5.722990036010742,5.7864484786987305,5.333708763122559,4.768062114715576,0.6299290657043457,0.6280256509780884,0.4930697960110772,0.48747944896933143,0.853222668170929,0.8522557616233826,0.8394495868844978,0.8208285853225282,0.3428901433944702,0.34886249899864197,-0.6417271241380741,-0.6055029503261435,0.8527551293373108,0.8720456957817078,0.8384098640706164,0.8644120700347953,0.7198156118392944,0.7190065383911133,0.8484326676939152,0.8436887405954728,0.7907938361167908,0.779711127281189,0.7006190208150513,0.661063123926088,0.2815226912498474,0.2809247672557831,-0.8843408962729148,-0.8714934455490565,0.7670707702636719,0.7700586318969727,0.6478631618165177,0.6398053783647545
196,8.166666666666666,196,8.166666666666666,0.0,0.03174768021972344,0.027583272886591605,0.5609980506078435,0.5721878760435327,0.08079873209470673,0.08096938962518159,0.08261431984299399,0.08257549744442115,0.13373998727058303,0.1321429360045175,0.09748971601360888,0.09875711358161622,0.0830858894567888,0.08270250379532183,0.49799661338329315,0.49832119047641754,0.493537575006485,0.4937324821949005,0.5045819282531738,0.5027523934841156,0.22975235432386398,0.23131899535655975,0.28066396713256836,0.28203970193862915,0.47621384263038635,0.4799172878265381,186.3013458251953,-173.21519470214844,4.400703430175781,4.878648281097412,4.957577705383302,4.776069641113281,0.6317535638809204,0.6286004185676575,0.5007976032704442,0.48927499427284854,0.8532518744468689,0.8517102003097534,0.8351792027419308,0.8130743286626795,0.3447263538837433,0.34861359000205994,-0.6295058494644731,-0.5992645664549986,0.8561958074569702,0.873324453830719,0.841700326386823,0.8603425634273684,0.7210203409194946,0.718616247177124,0.852327154431154,0.8392407088569723,0.7896567583084106,0.7799947261810303,0.694309280047633,0.6562396795229659,0.2805483639240265,0.28068840503692627,-0.882236604997261,-0.8633457426414037,0.7706946730613708,0.7724124789237976,0.652306251433651,0.6396580546682769
197,8.208333333333334,197,8.208333333333334,0.0,0.026936601882928814,0.024236290876392865,0.5702693133103063,0.5738203539738204,0.08328171431533352,0.08374016391332322,0.08575593984543632,0.0853372773841238,0.12515585209350535,0.12575939390694466,0.09284178602130878,0.09544418618127985,0.0835223790622979,0.08324584307061812,0.49918387830257416,0.4991907477378845,0.49562737345695496,0.4954112768173218,0.5043822377920151,0.5033891797065735,0.228669211268425,0.2298402115702629,0.2802700400352478,0.28064799308776855,0.4762761741876602,0.4780622571706772,186.45449829101562,-173.78372192382812,2.454355239868164,3.4345600605010986,4.44377326965332,4.257660865783691,0.6313924789428711,0.6293103098869324,0.4987138525354099,0.49182713671272194,0.8535140752792358,0.8494558334350586,0.8332024485975636,0.8159636067998561,0.34581685066223145,0.34769201278686523,-0.6226171557326432,-0.6081274182555514,0.8583101034164429,0.8708885312080383,0.8437953990299054,0.8630519316820359,0.7210084199905396,0.7190043926239014,0.8505965889470768,0.84215740955424,0.7891011834144592,0.7796957492828369,0.6909341901121744,0.6626984629919088,0.27928590774536133,0.2810390293598175,-0.8838551673625591,-0.868462962777202,0.7714030146598816,0.7693853378295898,0.6518443810040824,0.6400461581200734
198,8.25,198,8.25,0.0,0.02542349062483238,0.027972230962315794,0.5795416680220687,0.5652297956901922,0.0843423761913564,0.09093806242980158,0.08610912706428941,0.09133021367487944,0.1242697710798294,0.11760368576094633,0.09361360807642746,0.08669072093352802,0.08298247814268934,0.08379445286761472,0.49925975501537323,0.4996041804552078,0.49555569887161255,0.49634096026420593,0.5044447481632233,0.5031615495681763,0.2287367284297943,0.22932003438472748,0.28040656447410583,0.28143757581710815,0.476318895816803,0.47747306525707245,186.66033935546875,-172.7174835205078,3.1920678615570073,2.5253970623016357,4.2439494132995605,3.9152293205261235,0.6312174797058105,0.6295815706253052,0.4981129053831842,0.49269925134449855,0.8534477949142456,0.8493098616600037,0.8335166621244887,0.8151563865749578,0.34663712978363037,0.3443411588668823,-0.6200545679356396,-0.6189738535275752,0.8587542772293091,0.8665370941162109,0.845244857543773,0.852922655797199,0.721269965171814,0.7190468311309814,0.8519453473179008,0.8413739826401675,0.7892030477523804,0.7805987596511841,0.6915252439607122,0.6645249962098186,0.2795596718788147,0.2807243764400482,-0.8836139867169703,-0.866908799373556,0.7718424201011658,0.7708380818367004,0.6531554121953465,0.6431272245671353
199,8.291666666666666,199,8.291666666666666,0.0,0.022500000195804386,0.027319243172664813,0.559280840669178,0.5683741380375152,0.08479990857452008,0.08772854527672633,0.08455830387446615,0.08691082302495963,0.1289716027871844,0.12356799637588935,0.09505261208377255,0.08793703651154984,0.08350447685143368,0.08341380392789209,0.5001351237297058,0.5004185736179352,0.4971696734428406,0.49793127179145813,0.5040653944015503,0.5034635215997696,0.23118910938501358,0.23100517690181732,0.2840344309806824,0.2839958369731903,0.4778768718242645,0.47803936898708344,187.74813842773438,-172.36500549316406,2.0191047191619873,0.8587335944175721,3.8777244091033936,3.7001729011535645,0.631271243095398,0.6299977898597717,0.4981064108811118,0.49235883469435127,0.854157030582428,0.8494541645050049,0.828798386436151,0.8129340305481356,0.3461630642414093,0.34426450729370117,-0.6183061844516917,-0.6194609748496275,0.8596321940422058,0.8673727512359619,0.8408580354378793,0.8521533322795347,0.7215247750282288,0.719447672367096,0.8515167557828118,0.8404182222458453,0.7903538942337036,0.7806435823440552,0.6882649694473094,0.6623248879520235,0.2783856689929962,0.28058499097824097,-0.8837055778971159,-0.8672450168970793,0.776200532913208,0.7713496088981628,0.6570906363020593,0.6419827061532587
200,8.333333333333334,200,8.333333333333334,0.0,0.024676987781433086,0.027382146908414274,0.5502265357831212,0.5722956331457715,0.08380149921694281,0.08952334030493977,0.08392798856872781,0.08917858941238983,0.13048434093571393,0.12247641575952317,0.09589054285478393,0.08752222904887025,0.0836007285997508,0.08344378154373748,0.5006441175937653,0.5009651184082031,0.4978981912136078,0.49881279468536377,0.50391885638237,0.5032615959644318,0.2334972247481346,0.23312950879335403,0.2872845530509949,0.28799962997436523,0.4777022451162338,0.47823724150657654,188.31910705566406,-170.74258422851562,1.3177940845489502,-0.08875682204961777,3.925816535949707,3.579073190689087,0.6321218609809875,0.6304269433021545,0.5015084849528911,0.49393568803513715,0.8534361124038696,0.8493967056274414,0.8267666522665607,0.8109324700451334,0.345711886882782,0.34592220187187195,-0.6188789243367094,-0.6111377313329315,0.8585871458053589,0.8691591024398804,0.8381010115347454,0.8541105937636881,0.7215459942817688,0.7195422053337097,0.8513205798434019,0.8400772209881976,0.7905824184417725,0.7817202806472778,0.6884630744848725,0.663068773229587,0.27815210819244385,0.27963513135910034,-0.8831613595325337,-0.8686099945478877,0.7780455946922302,0.7730344533920288,0.6608769857559313,0.644091433214378
201,8.375,201,8.375,0.0,0.024530766477483795,0.027015616209667585,0.5593706255291934,0.5664330995591115,0.08561597829687004,0.09078389294010011,0.08743187690472057,0.091232990736489,0.12427360669425372,0.11812948575267916,0.09296075979598349,0.0856936787203013,0.08326346485476677,0.08378697006700134,0.5010885745286942,0.501282662153244,0.4985235333442688,0.4992373585700989,0.5040441602468491,0.5033899396657944,0.23392780125141144,0.23383531719446182,0.28779757022857666,0.2879847586154938,0.47757360339164734,0.47905097901821136,187.90631103515625,-172.0594024658203,0.49513295292854315,-0.4273405075073242,3.992002964019776,3.6009867191314693,0.6313061714172363,0.630735456943512,0.4986216157741461,0.49443685424750666,0.8532692193984985,0.8491281270980835,0.8280012139561919,0.8082430302287816,0.3459289073944092,0.3461850881576538,-0.6195068122117382,-0.6103699126104374,0.8582359552383423,0.8693935871124268,0.838947477712209,0.8525024958454965,0.7216165065765381,0.7201157808303833,0.8524639354428609,0.841468513617747,0.7903387546539307,0.7822867035865784,0.6893078170058816,0.6622623476493632,0.27820906043052673,0.27907952666282654,-0.8848379915838755,-0.870916678898697,0.7778663635253906,0.7734969258308411,0.661819726766417,0.6430656027403764
202,8.416666666666666,202,8.416666666666666,0.0,0.028450366359839767,0.02913364642015774,0.5503070541137458,0.5584676071032765,0.08515928325738438,0.09105141836689438,0.08679491081321963,0.09187155073447764,0.12347278639820879,0.11903163157160347,0.09146324690501793,0.08699710916700802,0.08359556478023578,0.08386083744481944,0.5007833987474442,0.5010625272989273,0.49818605184555054,0.49894294142723083,0.5040756165981293,0.5038324594497681,0.23339660465717316,0.23363246023654938,0.2873261570930481,0.28773176670074463,0.47810740768909454,0.47871339321136475,187.52064514160153,-172.0734100341797,0.7510688900947571,-0.5004066228866577,3.9613497257232666,3.7209205627441406,0.6313244700431824,0.6309019923210144,0.49888313008887786,0.4933414839748047,0.8530397415161133,0.8487620949745178,0.8268378755801892,0.8081418810193247,0.34528568387031555,0.346859872341156,-0.6225409229330365,-0.6094386854006494,0.8585277795791626,0.8696554899215698,0.8389406400626156,0.8537705439843343,0.7210505604743958,0.7207649946212769,0.8506570882274503,0.8422303632167194,0.7900778651237488,0.782063364982605,0.6879881167785822,0.6624798725851914,0.27847009897232056,0.27889853715896606,-0.8844935239207098,-0.8732953723191668,0.7783561944961548,0.773271381855011,0.6621383290554406,0.6432792383206465
203,8.458333333333334,203,8.458333333333334,0.0,0.040100293446341556,0.039183081731675166,0.5236037551078966,0.523565318060437,0.0840867554191822,0.09040835723776235,0.08512102688302037,0.09010986216328326,0.12515393029647978,0.12189586214038979,0.09444473080010928,0.08983958208069161,0.08327887617780891,0.08306472961832909,0.5004992783069611,0.5007293820381165,0.4983295500278473,0.4992496371269226,0.5043580830097198,0.5041409283876419,0.2320614978671074,0.23261909186840057,0.28561726212501526,0.2860807180404663,0.47826965153217316,0.4791250675916672,187.3527069091797,-172.6736297607422,0.2374849170446396,-1.7079800367355347,3.6144454479217534,3.278538703918457,0.6304265856742859,0.6308233141899109,0.4949846604146992,0.49092053313013334,0.8533629775047302,0.8485276103019714,0.8284131979367017,0.8052252235613742,0.3462314009666443,0.34753355383872986,-0.620855172856703,-0.6068860743249861,0.8595696091651917,0.8701802492141724,0.8421208680716649,0.8524237373584054,0.7207545042037964,0.7210817933082581,0.849640527140268,0.8406908694534043,0.7901009321212769,0.7822803854942322,0.6886956671375597,0.660819242988668,0.2782284617424011,0.2788114547729492,-0.8878561371552528,-0.8731984688819775,0.7787431478500366,0.7725964188575745,0.6636114074664033,0.6397100915931433
204,8.5,204,8.5,0.0,0.03704183540175331,0.0407795707025684,0.5062251557763616,0.5123606734844749,0.08592102288345767,0.0899590105948787,0.08645469170120951,0.08933521526606485,0.12490821311690974,0.12283952030563962,0.09390925827485672,0.09211251189889551,0.08332352328627649,0.08270167659961682,0.500358521938324,0.5005987733602524,0.49824196100234985,0.4995000660419464,0.5042484700679779,0.5041451007127762,0.23131658136844635,0.23188483715057373,0.28438201546669006,0.2850031554698944,0.4778740108013153,0.4794538766145706,187.22244262695312,-172.79751586914062,0.5339313745498657,-2.3282668590545654,3.634649276733398,2.8747668266296387,0.6295896768569946,0.6312599182128906,0.4931144197891057,0.49241978246449536,0.8534306883811951,0.8483636379241943,0.8310972510371737,0.8038629031763707,0.3458560109138489,0.34619683027267456,-0.623143877386077,-0.6118629952065824,0.8592734336853027,0.86897873878479,0.8440270958532639,0.8487836848012397,0.7207202315330505,0.7216399312019348,0.8516380988357354,0.8425355849370382,0.7890543341636658,0.7811556458473206,0.6886340378498539,0.6574151338471482,0.2786269187927246,0.27893906831741333,-0.88763498612464,-0.8724073846207334,0.7777278423309326,0.7717346549034119,0.6635688032579931,0.6368865766626377
205,8.541666666666666,205,8.541666666666666,0.0,0.026221610956546453,0.03466034192448108,0.5131299983145202,0.5124798449334262,0.06049700252164191,0.06363049445916678,0.06079450830401131,0.06250572933526242,0.1488106558722598,0.14385274175819437,0.1166277922042597,0.11155157783316978,0.08208455493342465,0.08304661676371895,0.5008853375911713,0.5007325559854507,0.49850305914878845,0.49903199076652527,0.5039613842964172,0.5045877546072006,0.2327485755085945,0.23336131870746613,0.2845764458179474,0.283903032541275,0.4776584655046463,0.47839657962322235,187.28211975097656,-173.9863739013672,1.1570223569869995,-0.5581034421920776,3.791306734085083,3.3126931190490723,0.6292108297348022,0.6311577558517456,0.4921774399442262,0.49156167689034896,0.8532688617706299,0.8477560877799988,0.8302445289439133,0.8068987500873565,0.3467632532119751,0.34666702151298523,-0.6177222857183713,-0.6133189508749524,0.8591486811637878,0.8690611720085144,0.8432412082980459,0.8534416045553083,0.7209885120391846,0.721897304058075,0.8528249826338,0.8439681242158624,0.7887547612190247,0.7810618877410889,0.6876433667950941,0.6611993286265982,0.2786092162132263,0.2789286971092224,-0.8855388763188443,-0.8763952249228772,0.7786800861358643,0.7714135050773621,0.6653744308129327,0.6401215771681975
206,8.583333333333334,206,8.583333333333334,0.0,0.022986750780588986,0.029046182717453246,0.5294347218242292,0.5159352727444486,0.055779109013303456,0.05663128687387651,0.055998972974155084,0.0563684529300573,0.15742248819076402,0.15269500921275878,0.12390078802063229,0.12234788728839711,0.08276234494582514,0.08299782580763462,0.5005637258291245,0.5005026310682297,0.49798330664634705,0.4986518919467926,0.5042451024055481,0.5048332363367081,0.23319195955991745,0.2336137890815735,0.28395041823387146,0.2835097014904022,0.47731389105319977,0.47755779325962067,186.5055236816406,-173.95040893554688,1.1488767862319946,0.04579964280128479,4.049892425537109,3.330886125564575,0.6285145878791809,0.6317220330238342,0.4893969553438802,0.4933089101711875,0.8532000780105591,0.8469429016113281,0.832675250467086,0.80778835973291,0.34613269567489624,0.3455764353275299,-0.622676839460259,-0.619146851371774,0.8585221767425537,0.8677454590797424,0.8444649358783696,0.8532803500587899,0.7211117744445801,0.7214958667755127,0.8540623517265731,0.8423250033659861,0.788651168346405,0.7807303071022034,0.6896844160417869,0.662991609937409,0.2787666916847229,0.27968019247055054,-0.8879770225327136,-0.8753334068192693,0.7775031328201294,0.7697716355323792,0.6649889268321486,0.6390266824617423
207,8.625,207,8.625,0.0,0.02411144545792277,0.03267152579894089,0.5289636778621446,0.5144324084053732,0.05578344132676365,0.0563088047502091,0.056653222394072764,0.056020781413377754,0.15116916574143474,0.1509625759817396,0.11811697774313697,0.12159275567859942,0.08258912147728717,0.08265400482102984,0.5004649013280869,0.5008167326450348,0.4983264207839966,0.49899372458457947,0.5042426288127899,0.5048858523368835,0.23183180391788483,0.23203325271606445,0.2820437252521515,0.28261798620224,0.47765570878982544,0.4773056209087372,185.896728515625,-173.74234008789062,0.16753365099430084,-0.04191763326525688,3.8641893863677983,3.2567403316497803,0.6288451552391052,0.6316743493080139,0.49010143812720625,0.49384888597626214,0.8534536361694336,0.8469926714897156,0.8314498055472647,0.8099738353913598,0.34587740898132324,0.3462122082710266,-0.6229008689854394,-0.6180434678830531,0.8583483099937439,0.8683948516845703,0.8422792308924693,0.8568654047631311,0.7211868166923523,0.7214758396148682,0.8533106151422081,0.8436311375723684,0.7889355421066284,0.7800787091255188,0.6887040561578274,0.6633672429987231,0.27880823612213135,0.2802482843399048,-0.8867052958702384,-0.8749769525936179,0.7778462171554565,0.7692569494247437,0.6641690164395573,0.6396570746367386
208,8.666666666666666,208,8.666666666666666,0.0,0.04115333424598258,0.0449080928739207,0.5303047802028634,0.5184792970309757,0.06970128905958287,0.0756423313330182,0.07120087453729167,0.07618240448344686,0.14181712088619422,0.1373841224952184,0.11129053341702289,0.10779259584623832,0.0816737949042544,0.08122038872209358,0.5006125122308731,0.5007986724376678,0.4986730217933655,0.4992901086807251,0.5044765919446945,0.5045328140258789,0.22922684997320175,0.22964300960302353,0.28044000267982483,0.2805578112602234,0.47681279480457306,0.47863613069057465,186.30706787109375,-174.07398986816406,-0.29438310861587524,-1.4486353397369385,3.5604453086853027,3.104034185409546,0.6291550993919373,0.631117045879364,0.4915697547631882,0.4923213440759644,0.8525239825248718,0.8474565148353577,0.8332401979890321,0.8068754404055959,0.34668219089508057,0.34506991505622864,-0.6221357362638069,-0.6201956404953805,0.8582639694213867,0.867909848690033,0.8459701564635909,0.8516215918419421,0.7208418250083923,0.7212941646575928,0.8530628633119245,0.8430452823717053,0.7876823544502258,0.7799443006515503,0.6894365190443655,0.6591776723480355,0.27846410870552063,0.2810381054878235,-0.8910990613703957,-0.8692331871846168,0.775338888168335,0.7697674036026001,0.6620615762032955,0.6369134791490213
209,8.708333333333334,209,8.708333333333334,0.0,0.05280489437093107,0.04894448265812861,0.5327505574175501,0.5312867777122066,0.0786935977727479,0.07903858561137933,0.07975610823945595,0.07910984546425483,0.13717647161747543,0.1360302470890658,0.1023965614034307,0.1028538466503962,0.08176280863859992,0.08184131339971965,0.5008991360664368,0.5013342499732971,0.4989320933818817,0.4998916685581207,0.5054401159286499,0.5040985345840454,0.22731969505548477,0.2277868166565895,0.27879098057746887,0.27994582056999207,0.47648316621780396,0.47842447459697723,186.37615966796872,-172.88377380371094,-1.0018980503082275,-2.0799167156219482,3.8152966499328618,3.333617687225342,0.6290735602378845,0.6308920979499817,0.48898012957438225,0.493010196662921,0.8524091243743896,0.8474042415618896,0.836334639673859,0.807019025563137,0.34710583090782166,0.3445601463317871,-0.6262247212971063,-0.6203315852913565,0.8588285446166992,0.8673266172409058,0.8506161315442097,0.8505925156209568,0.7210180163383484,0.7211164236068726,0.8526277842106025,0.8438285769895786,0.7874759435653687,0.7808324694633484,0.6918756918504956,0.6614156850577892,0.27926647663116455,0.28187066316604614,-0.8945347763132188,-0.8640865015802855,0.773986279964447,0.770827054977417,0.6618648008699396,0.6395322091284451
210,8.75,210,8.75,0.0,0.056629256859366525,0.052958420090077195,0.5384239300175041,0.5388944412900053,0.0782864523935924,0.0813602496804977,0.07947014655848267,0.08188621161991325,0.13546206876614894,0.13473501085772263,0.10071226270224891,0.10059564388673295,0.08193856581364424,0.08163177361658203,0.5013400018215179,0.5018314123153687,0.49949097633361816,0.500367283821106,0.5056656748056412,0.5046529024839401,0.2257113754749298,0.22610852122306824,0.27681347727775574,0.27833953499794006,0.47590240836143494,0.47816888988018036,186.16783142089844,-172.6177215576172,-1.4478281736373901,-2.5766453742980957,3.8035905361175537,3.4656567573547363,0.6293916702270508,0.6303315758705139,0.49052992082560015,0.4893844485456898,0.8516422510147095,0.8474245071411133,0.8379427014103495,0.8087945461459773,0.34660059213638306,0.34273573756217957,-0.6306369339936386,-0.6304947397207524,0.8566261529922485,0.8673458695411682,0.8490573712231998,0.8524290597668664,0.7214033603668213,0.7204020023345947,0.8553238101417753,0.8401127367876967,0.7868458032608032,0.7801710367202759,0.6934392330283558,0.6614867259176783,0.2800922393798828,0.2830972969532013,-0.8943190882633938,-0.8627228861762485,0.7713418006896973,0.7702824473381042,0.6588635390977714,0.6398273745428669
211,8.791666666666666,211,8.791666666666666,0.0,0.05108838322446651,0.048022219215557896,0.5339213147321878,0.5381400166894599,0.08236697352945632,0.08271696381918095,0.0827565948133535,0.08319569625048263,0.13152268188068353,0.13106995504826646,0.09711284648561017,0.09715930557354363,0.08180518423532598,0.0815342604374011,0.5016604959964752,0.5022717118263245,0.49990662932395935,0.5005643367767334,0.506738692522049,0.5050761252641678,0.22424649447202682,0.22492409497499466,0.2753240764141083,0.27692946791648865,0.47404780983924866,0.4784354567527771,186.31163024902344,-172.80238342285156,-1.382049560546875,-1.5480422973632812,3.636534929275513,3.507866621017456,0.6286918520927429,0.62979656457901,0.48697244328687156,0.4870319915217843,0.852141261100769,0.8475873470306396,0.8492450255069602,0.8108629946470847,0.34598881006240845,0.34291183948516846,-0.641892045232913,-0.6332498144693031,0.8534697890281677,0.8668103218078613,0.8522290648491546,0.8530873453937402,0.72134929895401,0.7199730277061462,0.8569638682371906,0.8391701227412547,0.7865674495697021,0.779772162437439,0.7019580702304697,0.6619031081884317,0.2814505696296692,0.2828429937362671,-0.8996003714427655,-0.8678180194421088,0.7675237655639648,0.7713581919670105,0.6591835819254277,0.643421346419886
212,8.833333333333334,212,8.833333333333334,0.0,0.0468737732996846,0.042951740867458996,0.5228501220629099,0.5346468981496733,0.08147743229189416,0.08266289389503925,0.0817827379619013,0.08266777675975791,0.13137234932839972,0.12897588859010872,0.0957129356043398,0.09325080035291186,0.08200649474567996,0.08128983067766558,0.5023531764745712,0.5027808994054794,0.5005978345870972,0.5006198883056641,0.5074510723352432,0.5054430514574051,0.22325026988983154,0.22393623739480972,0.27311986684799194,0.275004506111145,0.4738089293241501,0.47933198511600494,185.58970642089844,-173.47108459472656,-1.4511009454727173,0.09173960238695145,3.7911746501922603,3.793879747390747,0.6287363767623901,0.6294602155685425,0.48602053017794855,0.4857673564254559,0.8515722751617432,0.8469470739364624,0.8515080837888136,0.8099577891218043,0.34620213508605957,0.3428729474544525,-0.6461647958310901,-0.6367767737742817,0.8531946539878845,0.8660141229629517,0.8551650523662284,0.8519677755021916,0.7216014862060547,0.7199760675430298,0.8581542354114143,0.8403122006281615,0.7868021726608276,0.7788571119308472,0.7055112143861624,0.6599367568937421,0.2809957265853882,0.2818378806114197,-0.9074631730762294,-0.8758472547201399,0.7654714584350586,0.7726812362670898,0.6574301186515855,0.6463295934485248
213,8.875,213,8.875,0.0,0.04077255343133594,0.044690261725763895,0.5187414035196871,0.518246242569529,0.08344564351772824,0.08608319006894617,0.08338104962134239,0.08541573794394097,0.12964796751991867,0.13136069207767972,0.09286951128384396,0.09614037427587396,0.08179740812391795,0.08101338557740358,0.5029835402965546,0.5034884810447693,0.5009400248527527,0.5018459558486938,0.5076621770858765,0.5055561363697052,0.22220563888549805,0.2230065017938614,0.2717387080192566,0.2720490097999573,0.4731093943119049,0.4791218191385269,185.3809814453125,-174.87069702148438,-0.6175745725631714,-1.205039620399475,3.9721474647521973,3.595196485519409,0.6284357309341431,0.6287163496017456,0.4830716892351857,0.4843802113637148,0.8519600629806519,0.8468494415283203,0.8523742573666827,0.8135134558921596,0.34571143984794617,0.34475088119506836,-0.6477727426047215,-0.6324354387332547,0.8515328168869019,0.8662599921226501,0.8514129984802917,0.8564548699533111,0.721866250038147,0.7195273637771606,0.8567763393972148,0.8415333624188114,0.7872292995452881,0.7790470719337463,0.7067368308685934,0.6635161844114456,0.2802000045776367,0.28312361240386963,-0.9098062647780373,-0.8748110298391939,0.7649580240249634,0.7706512808799744,0.6566287975399153,0.6449424124692807
214,8.916666666666666,214,8.916666666666666,0.0,0.036986873060235084,0.03930858617661646,0.5128443363138042,0.5093164563376222,0.0813406430376495,0.08623910404713937,0.080883639813105,0.08495143687337812,0.13071416364855817,0.13092215251097622,0.0929980760661402,0.0961144322372717,0.08170803180791951,0.08146317912278882,0.503928080201149,0.5044453591108322,0.5016018748283386,0.5026446580886841,0.5077174752950668,0.5065232068300247,0.22076935321092606,0.221725195646286,0.2698378264904022,0.2701743543148041,0.4732140898704529,0.4782960116863251,185.2454376220703,-175.2086181640625,0.5770368576049805,-0.1914711743593216,4.108714580535889,3.5757617950439458,0.6277421116828918,0.6293653249740601,0.48080986584422303,0.4851813825987203,0.8531100153923035,0.8474960327148438,0.8560322646763222,0.8202402473395476,0.34756648540496826,0.35193344950675964,-0.6415530867768471,-0.6105729315555949,0.8531574010848999,0.8652812242507935,0.8561390404510054,0.8597530563144468,0.7214910984039307,0.719258189201355,0.8563614116345909,0.8402252780517369,0.7881960272789001,0.7797958254814148,0.7097593922374933,0.6698327945680403,0.2790241837501526,0.28530722856521606,-0.9161285060834216,-0.8737221061395364,0.7645107507705688,0.7728880643844604,0.6563885621580179,0.6544860357706169
215,8.958333333333334,215,8.958333333333334,0.0,0.03280535908516965,0.03815437342733815,0.5102986064936311,0.5079037828328755,0.08161131309263259,0.0870012888391869,0.08031046483423815,0.08494184615362374,0.13189129600274838,0.13471703121544576,0.09258543719978718,0.0980248803140181,0.0821075896096222,0.08127159673330875,0.5046843141317368,0.5051501095294952,0.502687931060791,0.5034699440002441,0.5086337476968765,0.5066053569316864,0.21938806772232056,0.2204766571521759,0.26789626479148865,0.2683379650115967,0.47313082218170166,0.47866490483283997,185.18252563476562,-175.20755004882812,-0.14266782999038696,-0.7212352752685547,4.090238571166992,3.6690204143524165,0.62745201587677,0.6287733316421509,0.4795128970372031,0.48384834720291237,0.8541596531867981,0.8474268913269043,0.8649628192063631,0.8215245765581725,0.3475366234779358,0.352336585521698,-0.6501369690192003,-0.610984099954578,0.8533562421798706,0.8632680177688599,0.8631390185041948,0.8568152929797835,0.7211076021194458,0.7191752195358276,0.857477179557714,0.8418865658526302,0.7888880968093872,0.7789108753204346,0.7167916971700958,0.6688852235372394,0.28086990118026733,0.2831200957298279,-0.9191827448466187,-0.8851171881420091,0.7621462345123291,0.7718183994293213,0.6560857486404887,0.6530846706966617
216,9.0,216,9.0,0.0,0.05717981923712528,0.061983525897375276,0.5100314088048615,0.49493647653208944,0.06130987093088124,0.06028933860134104,0.05923536562765624,0.05649929309145666,0.14817836670135898,0.15690564027851672,0.10603772025576552,0.11697977410084685,0.08120415981825704,0.08165528552014056,0.505637601017952,0.5062646120786667,0.5032357573509216,0.5037309527397156,0.509922981262207,0.5065007358789444,0.218795545399189,0.22029400616884232,0.2654546797275543,0.26529547572135925,0.47274285554885864,0.47766079008579254,183.43603515625,-177.43038940429688,1.0651605129241943,2.0101754665374756,4.394207954406738,4.192840576171875,0.6277070641517639,0.6315181851387024,0.47607157708453307,0.49626044743976994,0.8548377752304077,0.8452396392822266,0.8687192376272482,0.8207522266218871,0.35211610794067383,0.3599633574485779,-0.6378397251469576,-0.5816844401888843,0.8536859154701233,0.864587128162384,0.866100404763305,0.8639524668224472,0.7214070558547974,0.7177000641822815,0.8547976470977324,0.8383619549381599,0.7890119552612305,0.7763373851776123,0.7190596813382732,0.6669031175143931,0.28141993284225464,0.2847391664981842,-0.9235866507693908,-0.8802890820238982,0.7606905698776245,0.7721502780914307,0.6546690520687218,0.6575538922485745
217,9.041666666666666,217,9.041666666666666,0.0,0.10028132316545259,0.06488411985749502,0.5372873222753568,0.5245703997557637,0.04876097912004038,0.04844442659766506,0.04800350595808981,0.04691948563643684,0.15797704548306976,0.15868557320861776,0.11036155167252452,0.1155514013576565,0.08215676201029111,0.08244950747062604,0.5066165328025818,0.506942868232727,0.5046638250350952,0.5043754577636719,0.5093777924776077,0.5077227801084518,0.2191012278199196,0.21994951367378235,0.26219484210014343,0.26247406005859375,0.4742465913295746,0.47760504484176636,180.8410186767578,-179.3282470703125,-1.5345017910003662,1.1883223056793213,4.793552875518799,4.5147504806518555,0.6271796226501465,0.6297832131385803,0.47706837967070304,0.48557769797181033,0.8543806076049805,0.8473425507545471,0.8659401080767851,0.8273701716140182,0.34927260875701904,0.3442669212818146,-0.6483865357829302,-0.6502559238787275,0.853148341178894,0.8541171550750732,0.8631330219532124,0.8425298604463786,0.7215251922607422,0.7195166349411011,0.8591446849141228,0.8425529053205043,0.7893271446228027,0.7781216502189636,0.7177492060430575,0.6724729609185129,0.28173041343688965,0.2837144136428833,-0.9219157809023131,-0.8911443636114876,0.7634814977645874,0.7698383927345276,0.6588731747607041,0.6539373239954965
218,9.083333333333334,218,9.083333333333334,0.0,0.09631839876215255,0.07606604403652593,0.5540517661412127,0.5393819443151344,0.04701537408411992,0.04796345478814045,0.04614892111520468,0.04580977659428979,0.15774381242310231,0.15970454719951593,0.10944334096621762,0.11407616292690789,0.08331322184331846,0.08217164510318022,0.5076921433210373,0.5075151920318604,0.5056663751602173,0.5050545930862427,0.5092106759548187,0.5069209635257721,0.2174578160047531,0.21762173622846603,0.2570558190345764,0.25775444507598877,0.47340311110019684,0.47917525470256805,178.34519958496094,-180.5707244873047,-0.11683577299118042,1.5861546993255615,5.02510404586792,4.573671817779541,0.6271125674247742,0.6290301084518433,0.47562660381639543,0.48350910256090734,0.8548867702484131,0.8470481634140015,0.8656529883392434,0.8193638468360701,0.35254788398742676,0.3564716577529907,-0.6319914868103115,-0.5957261338546789,0.8549899458885193,0.8629094362258911,0.8658871118699372,0.8546916820723982,0.7218360900878906,0.7189176082611084,0.8577496285115859,0.8394318664991404,0.7876744866371155,0.7754631638526917,0.7131365888396278,0.6599224766580811,0.27816611528396606,0.2812756896018982,-0.9320540862580812,-0.8934756193575508,0.7656975388526917,0.7731218934059143,0.6632670595218058,0.6547077616999327
219,9.125,219,9.125,0.0,0.07568975903550589,0.07449769878284115,0.5380866162175978,0.5358264857287226,0.059248883568351327,0.055168428713664945,0.05723082274679915,0.05304498979467771,0.15036919595726153,0.15398273880547736,0.10363251634817534,0.1123587624478518,0.08277403577125644,0.08238712306592154,0.5081180930137634,0.508047953248024,0.5060158967971802,0.5054075121879578,0.5090413093566895,0.5080486685037613,0.2156171053647995,0.21633537113666534,0.25484204292297363,0.2562485933303833,0.47400015592575073,0.47842879593372345,178.90182495117188,-179.90158081054688,0.42433780431747437,2.1608970165252686,4.586756706237793,4.307192325592041,0.6267194151878357,0.6298860311508179,0.4723848311848401,0.4807152114783025,0.8534510135650635,0.8460328578948975,0.8567977941638005,0.8158497857922696,0.36169368028640747,0.35378825664520264,-0.5914845789897909,-0.6086419214780053,0.8585465550422668,0.8533369898796082,0.8683034967069424,0.8320603643243265,0.7216354012489319,0.7190554141998291,0.853397694499865,0.8325373282617107,0.7871151566505432,0.7763338088989258,0.7070118212662182,0.661161739392787,0.27685534954071045,0.2831127941608429,-0.9320436002644398,-0.8874953795335224,0.7694020867347717,0.7734386920928955,0.6670158140727697,0.654736401181228
220,9.166666666666666,220,9.166666666666666,0.0,0.09631287966780952,0.08420421106146884,0.5361711412520329,0.5391867648953084,0.06623339948763418,0.06257328285921807,0.06379745777762483,0.06018241832137066,0.15093299193187382,0.15230800399737873,0.10368613005906616,0.10900846093907303,0.08268192331463081,0.08166692524771017,0.5085082799196243,0.5088201761245728,0.5060864686965942,0.505683958530426,0.5085892379283905,0.5087500214576721,0.21399078518152237,0.21481972932815552,0.25543341040611267,0.256110280752182,0.4729261100292206,0.47877761721611023,181.3159942626953,-178.45425415039065,0.5801337957382202,2.59688401222229,4.841444969177246,4.734531879425049,0.6268174648284912,0.6295703649520874,0.47308114679540464,0.4770092908467621,0.8537263870239258,0.846576452255249,0.857105430835456,0.8168073705648077,0.36630338430404663,0.35316044092178345,-0.5693458877823223,-0.6142812818438976,0.856939971446991,0.853590726852417,0.8643385680673801,0.8323846662066566,0.721614420413971,0.7200886011123657,0.8524038655483964,0.8343832097639015,0.7871556878089905,0.7769820690155029,0.7072680717822009,0.6622522176805213,0.27523893117904663,0.28467023372650146,-0.9337332853288779,-0.8846866144167138,0.7729958295822144,0.7771186828613281,0.6753970566615929,0.6625556096044771
221,9.208333333333334,221,9.208333333333334,0.0,0.10228207868286092,0.09027884374628246,0.5340683035054877,0.5334636807384253,0.07086650839513492,0.0694116487066297,0.06848048264438403,0.06701626981405365,0.15654140266219824,0.15201401912040358,0.10718520890318009,0.10734412203068104,0.08082825867560713,0.08016247744039505,0.508927971124649,0.5091969221830368,0.5064647793769836,0.5061594247817993,0.5091181099414825,0.5093770623207092,0.21380434185266495,0.21385933458805084,0.2550978660583496,0.2549627125263214,0.47272470593452454,0.4787141680717468,182.03468322753906,-177.95750427246094,0.3884967267513275,2.305638551712036,5.041590213775635,4.875993251800537,0.6272234320640564,0.6292225122451782,0.47415917622746967,0.4750571169679654,0.8537925481796265,0.8460350036621094,0.860556756813499,0.8190159677579396,0.36624112725257874,0.3577492833137512,-0.5736103267499448,-0.6010395521289993,0.8498145341873169,0.8515098094940186,0.8515732991708602,0.831223152764206,0.7219477891921997,0.7200639843940735,0.854450447927684,0.8351449458123453,0.7870787978172302,0.7756505012512207,0.7098986264698671,0.6620795084782323,0.27851951122283936,0.28377753496170044,-0.9257875906232519,-0.8942572381684118,0.769020140171051,0.7793405055999756,0.6691171746295786,0.6703071182131095
222,9.25,222,9.25,0.0,0.11384758073461829,0.08969095136116102,0.5379465446538697,0.5246422570910773,0.06338811951371627,0.0651934052471845,0.061888708309939665,0.0630843374092916,0.16213603803612908,0.15944441095617434,0.11252250428131157,0.1147577930362635,0.08213680041964239,0.0809679224534365,0.5098073929548264,0.5099989771842957,0.5076925158500671,0.5071663856506348,0.5097205340862274,0.5105351507663727,0.21532879024744034,0.21551354229450226,0.2562272548675537,0.2555589973926544,0.47164931893348694,0.4766400307416916,180.96160888671872,-179.41822814941406,-0.3409227728843689,1.7061083316802979,5.001735210418701,4.841061592102051,0.6276525259017944,0.629456102848053,0.4751150552389172,0.472151216129334,0.8532091975212097,0.8465682864189148,0.8646739743874136,0.826157341636771,0.3689577579498291,0.3619679808616638,-0.5670939083621944,-0.5898554352240816,0.8532909154891968,0.8565117120742798,0.8648591600007955,0.8483639019092768,0.7221567630767822,0.7207791805267334,0.8558462306770922,0.8347307400222052,0.7868820428848267,0.7757803201675415,0.714366335592879,0.6680672332965856,0.27585569024086,0.2860380709171295,-0.9421761346641279,-0.8913195480936035,0.766697347164154,0.7767770290374756,0.6686246786471998,0.6702931739694955
223,9.291666666666666,223,9.291666666666666,0.0,0.11054642400364541,0.09932803921006951,0.5415098482535187,0.5446279500760361,0.049513908356541396,0.049022552025494416,0.04680105903370082,0.044855319843299275,0.18264275850176895,0.18398112649350687,0.1317112418027431,0.13663015435962672,0.08119589062307415,0.07964007560435407,0.5104657560586929,0.510769322514534,0.5079305768013,0.5078703761100769,0.5102390646934509,0.5109673738479614,0.21763449907302856,0.21842168271541595,0.2574414014816284,0.25691184401512146,0.47168147563934326,0.47492627799510956,180.19915771484375,-180.42396545410156,0.8180603384971619,2.3544609546661377,5.142728805541992,4.75765323638916,0.6289733648300171,0.6298286318778992,0.47614449808885145,0.4731842772176912,0.8538366556167603,0.8456743955612183,0.8620349044979106,0.8302166989334382,0.3670617341995239,0.36540648341178894,-0.5741651577288193,-0.5794749767401557,0.8565991520881653,0.8594383001327515,0.8682663217510909,0.8610382267481427,0.723002016544342,0.7204304933547974,0.8532151939618517,0.8338684652205254,0.7876132726669312,0.774583637714386,0.7126535259698008,0.6710230806576841,0.27742594480514526,0.2887924015522003,-0.9336197374323683,-0.8844740954630577,0.7627214193344116,0.7737909555435181,0.6565044861699413,0.6692480265332784
224,9.333333333333334,224,9.333333333333334,0.0,0.09542067384200491,0.09265940024563675,0.5298087745975687,0.5316323980292423,0.05145289864988719,0.04561589793957685,0.047627247098682116,0.041884420534098354,0.17673093158848455,0.1861252433686824,0.12565188337821914,0.13763916268411755,0.08156606903084757,0.08028278812021791,0.5112874656915665,0.5112877488136292,0.5088627934455872,0.5080738663673401,0.5100958198308945,0.5115551054477692,0.2186782881617546,0.22000166028738022,0.2593356668949127,0.2584341764450073,0.4717956483364105,0.4744894802570343,180.4562530517578,-180.74859619140625,0.5071492791175842,3.0103089809417725,5.060817718505859,5.067889213562012,0.6283981800079346,0.6312367916107178,0.47369969022022407,0.47920360177905635,0.8538277745246887,0.8447455167770386,0.8604628090411012,0.833905904760396,0.3708326518535614,0.37164247035980225,-0.5576297838118096,-0.5602080052353825,0.8598771691322327,0.8590410351753235,0.8740880481772465,0.8661028604562057,0.7227059602737427,0.7201905846595764,0.8513216263372723,0.8353731995476281,0.7872254848480225,0.7761214375495911,0.7104524058963413,0.6793479253297976,0.2765575051307678,0.2895614802837372,-0.9351210505221473,-0.8888590072649507,0.7631279230117798,0.7746686339378357,0.6561767198289448,0.6760758611612109
225,9.375,225,9.375,0.0,0.10275825657134473,0.09894559239257159,0.5353757590348355,0.534247285261093,0.05111750483043224,0.046430825862981015,0.048367124707075645,0.04363400259762458,0.17005318528468766,0.17644244760424826,0.117034122872985,0.12854695437834218,0.08165496625136122,0.08091835217514924,0.5116047263145447,0.511493369936943,0.5093310475349426,0.5084011554718018,0.511011928319931,0.5109457075595856,0.2182864472270012,0.2198115810751915,0.2590390741825104,0.2588253617286682,0.47253313660621643,0.4761478453874588,180.0789337158203,-180.52865600585938,-0.36346468329429626,2.1529459953308105,5.310656547546387,5.12312650680542,0.6298043727874756,0.6315761208534241,0.4774406456768288,0.48037907615081593,0.8534532189369202,0.8450998067855835,0.8611661803648897,0.8264557718534522,0.37216827273368835,0.37108463048934937,-0.5580287944098836,-0.5569601658314955,0.8587173223495483,0.8620125651359558,0.873067017414912,0.8643405054205547,0.7228110432624817,0.7211271524429321,0.8512452677037032,0.836992641906689,0.7875113487243652,0.7764039039611816,0.7120879061253013,0.6725763205103339,0.27761971950531006,0.2873847186565399,-0.9380304224890169,-0.8902731772211652,0.7606275081634521,0.7757589817047119,0.6513101856446027,0.6711316887505884
226,9.416666666666666,226,9.416666666666666,0.0,0.08544080386337352,0.09056399238405485,0.5335830167211285,0.5361904466490062,0.05806042030035947,0.05540204248611592,0.05543497920508409,0.052836364188709926,0.1612745016341004,0.1656607710504561,0.10825376796488825,0.11862194033416877,0.08215194820017631,0.08134800035429782,0.5125454366207123,0.5125149041414261,0.5102925896644592,0.5095023512840271,0.5119398534297943,0.5117155015468597,0.21683481335639954,0.21785107254981995,0.2580336034297943,0.2578892111778259,0.47163474559783936,0.47580626606941223,180.46182250976562,-179.65670776367188,-0.22860379517078402,2.0874967575073247,5.411686897277832,5.1423773765563965,0.6287623643875122,0.6319735050201416,0.4705758048962592,0.47874730245248953,0.8525019884109497,0.845718264579773,0.8629769697663413,0.828348891992307,0.36951252818107605,0.37179338932037354,-0.5737152255047384,-0.5570301505692932,0.8572211265563965,0.8589820265769958,0.8736696917410289,0.8580506118562047,0.7236988544464111,0.7220021486282349,0.8529919578897643,0.8371514753640006,0.7868703007698059,0.7792527079582214,0.714267318332764,0.6795116809669066,0.2793647050857544,0.28731653094291687,-0.9368420241410076,-0.8933326576773023,0.7588510513305664,0.7742823362350464,0.6507807165509795,0.6683814610057754
227,9.458333333333334,227,9.458333333333334,0.0,0.06292424836559134,0.06067655897582358,0.5185329968839194,0.511756895170859,0.0649002105326854,0.06214544372788947,0.06305544656879196,0.06049455703866415,0.15563187451728935,0.15762353639788976,0.10270929341613115,0.1092600295433798,0.08237114740746167,0.08249406112387711,0.5129556357860565,0.5131179988384247,0.5105012059211731,0.5106636881828308,0.511761486530304,0.5120077878236771,0.21467474848031998,0.2158944308757782,0.25549307465553284,0.25479578971862793,0.4717738777399063,0.4769868701696396,180.4938507080078,-180.64634704589844,0.41322657465934753,1.2782524824142456,5.521266937255859,5.177753925323486,0.629452109336853,0.6314462423324585,0.47436937644452853,0.47520788711424183,0.8528578281402588,0.8453983068466187,0.864008408508779,0.8245084205648671,0.3702489733695984,0.3649359345436096,-0.5703870115249873,-0.5851524531076224,0.8565423488616943,0.8560530543327332,0.8723620977189931,0.8483538502847818,0.7231571674346924,0.7232187986373901,0.852061404233652,0.8403419032575347,0.7865089178085327,0.7790867686271667,0.7135795689793741,0.6761025455038132,0.27792301774024963,0.28799617290496826,-0.9425203638442194,-0.8912714640555076,0.7616331577301025,0.773551881313324,0.6571802746684196,0.6637154132304405
228,9.5,228,9.5,0.0,0.03924591191184321,0.03316381264834497,0.4951779112982283,0.5023061157425969,0.06702907254800726,0.06680040736719761,0.06526461481908262,0.06495706882001778,0.153965829851099,0.15179993359875923,0.10178424113737045,0.10498407725941689,0.08197502303768082,0.08192988155159034,0.5133139938116074,0.5133938044309616,0.5111786127090454,0.5106881856918335,0.511086642742157,0.5122697651386261,0.21281681954860687,0.214025616645813,0.25283074378967285,0.2531032860279083,0.47162894904613495,0.47663311660289764,180.58340454101562,-179.89064025878906,0.28620830178260803,2.163198709487915,5.3005547523498535,5.040907859802246,0.6317262649536133,0.6331246495246887,0.4831091380379596,0.4815284439612926,0.8518556952476501,0.8440449237823486,0.8564864046333888,0.8234426820675388,0.36519211530685425,0.3569289445877075,-0.5842440327787372,-0.6189325651465395,0.8447805047035217,0.8487101197242737,0.8405490604781591,0.8338983108299348,0.7237087488174438,0.7233566045761108,0.8514589196391968,0.8410443471224833,0.7862087488174438,0.7808229923248291,0.7086122277511313,0.6817498028851258,0.27900952100753784,0.2894086241722107,-0.9293677830242355,-0.8879573132202846,0.7601848244667053,0.7728027701377869,0.6499915819804564,0.6637748953306442
229,9.541666666666666,229,9.541666666666666,0.0,0.035086393379473425,0.035788848617084854,0.4969351548106678,0.4998238733480567,0.0698281422619072,0.07072735738435693,0.06804585385275475,0.06869630127621394,0.15322590293022859,0.1518985529788141,0.10498926480847197,0.10632164249428082,0.08179945328327973,0.08102767521955895,0.5133776664733887,0.5134569406509399,0.5114429593086243,0.5111256241798401,0.5110895782709122,0.5120996236801147,0.2115408033132553,0.212699256837368,0.2530610263347626,0.25250548124313354,0.4726986587047577,0.4755821228027344,181.81649780273438,-179.46939086914062,-0.009269020520150663,1.5335756540298462,4.871841907501221,4.827437877655029,0.6305671334266663,0.6334577202796936,0.4788107590275357,0.4845927107729816,0.8502450585365295,0.8433094024658203,0.8510800952965236,0.8259552094336466,0.36555027961730957,0.36556476354599,-0.5832541682479395,-0.5851255671010718,0.8461361527442932,0.8479546308517456,0.8418176366032898,0.8363888943859279,0.7240393161773682,0.7224516272544861,0.8534040180917982,0.8399525905961371,0.7864418625831604,0.7812721729278564,0.7072523959292086,0.686612887692767,0.2772180140018463,0.2850501239299774,-0.9372490176640136,-0.9066270454669464,0.7627067565917969,0.7722408771514893,0.6537477769525643,0.6663276213909006
230,9.583333333333334,230,9.583333333333334,0.0,0.04762051051576452,0.048086811962258225,0.4900805053516582,0.492503914668699,0.07285789379683823,0.07100257463988698,0.07074679776274555,0.06852670108262135,0.14971196586683122,0.1514956289729678,0.1023039780399097,0.1065652541542237,0.08141010411455281,0.08149779778588072,0.513511911034584,0.5137414783239365,0.5119014978408813,0.5117086172103882,0.5112378597259521,0.5136349946260452,0.21068862825632095,0.21149374544620514,0.2519639730453491,0.2513669729232788,0.4720265716314316,0.47572648525238037,181.48040771484375,-179.63430786132812,-0.9282279014587401,0.6012813448905945,4.523385047912598,4.532120227813721,0.6306749582290649,0.6343470811843872,0.4785584827570486,0.4815818894622781,0.8487132787704468,0.8424479365348816,0.8489822214590631,0.8229590600930485,0.3652909994125366,0.3614838719367981,-0.5847773339279734,-0.6070081897978001,0.8398860692977905,0.8431279063224792,0.8290873226868203,0.8244849792759489,0.724303662776947,0.7224029898643494,0.8537083428298354,0.8328816813014198,0.7866128087043762,0.7829667329788208,0.7090192388765967,0.6894773801953805,0.279028981924057,0.28749600052833557,-0.9304104807996124,-0.9021834280533193,0.7643615007400513,0.7719517946243286,0.6588689030460555,0.6647587735158582
231,9.625,231,9.625,0.0,0.06341211627304265,0.061499387905363016,0.5113488626886517,0.5090675223564438,0.07111551794571759,0.07086701359187159,0.06885706326943458,0.06864177529282278,0.14859447766976083,0.1481114633282756,0.09839089022881968,0.10142464240882013,0.08203627247567077,0.08193046892243618,0.5135201215744019,0.5138169974088669,0.5120202898979187,0.5118087530136108,0.511799156665802,0.5142953991889954,0.21026841551065445,0.21106690168380737,0.2501416802406311,0.24980570375919342,0.47178396582603455,0.47390225529670715,179.6652374267578,-180.8436279296875,-1.5893616676330569,0.19740748405456543,4.781786918640137,4.740636348724366,0.6298366785049438,0.6349226832389832,0.47426668962785873,0.4841891353799394,0.8490768671035767,0.8415189981460571,0.8527146033146409,0.8300175974175206,0.3592977225780487,0.35473915934562683,-0.6127403318994118,-0.6404471295417736,0.8292006850242615,0.8345630168914795,0.8077927119676709,0.8143121461264409,0.7241992354393005,0.7215582132339478,0.8534089895065856,0.8319378449012574,0.787046492099762,0.7827518582344055,0.7125205884372539,0.6973311482136616,0.2826542854309082,0.2901701331138611,-0.9206884203641218,-0.8996224996058768,0.7597542405128479,0.7605895400047302,0.6508377383049128,0.6472923116045903
232,9.666666666666666,232,9.666666666666666,0.0,0.05199254433791407,0.0554884139076903,0.5257080367092904,0.5133637194150917,0.06899469978909813,0.07488295988617477,0.06796666427847337,0.07286035705051219,0.1489392330310737,0.14525945013809136,0.10096513519026515,0.09834949479960224,0.08274242770017898,0.08211503377965451,0.513665959239006,0.5138668268918991,0.5116862654685974,0.5118395090103149,0.5126870572566986,0.5144906342029572,0.2105100005865097,0.21144768595695496,0.2508586049079895,0.25036633014678955,0.47199660539627075,0.47413888573646545,179.57595825195312,-180.8200225830078,-0.21448791027069092,0.20895488560199738,4.924896240234376,4.7153639793396,0.6301034688949585,0.6333871483802795,0.47368066470640646,0.4797018298858594,0.8488039374351501,0.8421074748039246,0.8550642033046838,0.8350943153368584,0.35345131158828735,0.3523539900779724,-0.6423880001171458,-0.654159168723067,0.8272621035575867,0.8347977995872498,0.8061807303569226,0.8185052139793924,0.7240533828735352,0.7221365571022034,0.8526929090899755,0.8377716527042233,0.7875783443450928,0.7833750247955322,0.7161289742736178,0.7018026796238358,0.287885844707489,0.29133039712905884,-0.9068918586540945,-0.9003659596147301,0.7550745010375977,0.7571406960487366,0.6423701311755331,0.6422646118266657
233,9.708333333333334,233,9.708333333333334,0.0,0.037939719434504464,0.03679474167866848,0.5322248763176121,0.5178681306570659,0.07061073848980903,0.07559655945838771,0.06984652078510706,0.07409748784999474,0.14927718778506233,0.14707001117205604,0.10002392307676865,0.09935304837612775,0.08209040692667915,0.08124780393753889,0.5133298486471176,0.5138994008302689,0.5113738179206848,0.5114630460739136,0.5121991187334061,0.5135488361120224,0.211404450237751,0.21214643120765686,0.2520626485347748,0.25202399492263794,0.47337105870246887,0.4742867201566696,180.03395080566406,-179.96917724609375,-0.22119376063346863,1.3339178562164307,5.110244274139404,5.017997741699219,0.6302829384803772,0.63419508934021,0.47510350461073936,0.486823365029508,0.8497127294540405,0.8410913944244385,0.8517314352393899,0.8325588909299866,0.35002607107162476,0.3505937457084656,-0.6524939950504361,-0.6575450404489862,0.8261082172393799,0.8340246677398682,0.7983100189328496,0.8165191113313323,0.7243812084197998,0.7233750820159912,0.8537025194615762,0.8466762652734696,0.7885077595710754,0.7825235724449158,0.7132131660875973,0.6996239412628499,0.2888913154602051,0.2918543815612793,-0.8984661926533305,-0.8945660348742471,0.7562481164932251,0.7611801624298096,0.6402035733838822,0.651179504707309
234,9.75,234,9.75,0.0,0.02926769716900398,0.028932263857626404,0.5255782161013816,0.5173451672768724,0.07082448905715827,0.07660619559944531,0.07007906018159314,0.07514384588422679,0.1468991878997151,0.146750908818078,0.09917735649097824,0.0995120947947272,0.08291670948736926,0.08168018385601458,0.5135361701250076,0.5139738023281097,0.5110762119293213,0.5115286111831665,0.511724129319191,0.5134371072053909,0.21244727820158005,0.21317153424024582,0.2539912462234497,0.25417661666870117,0.47389598190784454,0.4727173149585724,180.79798889160156,-178.92134094238284,0.9245344996452333,1.1795939207077026,5.11175298690796,4.907251834869385,0.630022406578064,0.6334069967269897,0.47569439950256465,0.4862836400599384,0.8500783443450928,0.8422190546989441,0.8508844255520361,0.8424738206882051,0.3497486114501953,0.3489006757736206,-0.6513268704513582,-0.6669288028702307,0.8335936069488525,0.8364699482917786,0.8135977058374301,0.8293657047594655,0.724433422088623,0.72348952293396,0.8553346814269084,0.8514224171681202,0.7875811457633972,0.7822830677032471,0.709522420780565,0.705818171931414,0.29052478075027466,0.29318681359291077,-0.8894744177684704,-0.8927582990135581,0.7541297674179077,0.755508303642273,0.6338589668562103,0.6447709958279303
235,9.791666666666666,235,9.791666666666666,0.0,0.03587421015139414,0.03572839770131384,0.5233287901259241,0.5145345854352805,0.07240915123847341,0.07687683277008697,0.07167589114175486,0.07656379410853079,0.1426888452351478,0.13984138840325272,0.09573407929372613,0.09469986152339761,0.08311397734856214,0.08211851940235826,0.5133949667215347,0.5138644576072693,0.5111863613128662,0.5108978748321533,0.5120683312416077,0.5130923390388489,0.2134845033288002,0.21445732563734055,0.2566787600517273,0.25780194997787476,0.47384604811668396,0.47607600688934326,181.380126953125,-177.75340270996094,0.0763034075498581,1.9506399631500242,4.882907867431641,4.982143878936768,0.6300303339958191,0.6337436437606812,0.4763889638775968,0.4868895422488647,0.8505439758300781,0.8427000641822815,0.855727152385058,0.8322272076745265,0.3493730425834656,0.3494320511817932,-0.6570441174444349,-0.6604527221877616,0.8382471799850464,0.8418755531311035,0.8277930935071566,0.8303555887336277,0.7244873642921448,0.7244546413421631,0.8578532129000631,0.8529546767388159,0.7889906167984009,0.7842204570770264,0.7158992511177387,0.69947999930401,0.2921273112297058,0.2928887605667114,-0.8882307199884414,-0.8886337348033673,0.746935248374939,0.7623977661132812,0.6203640277572999,0.6499430504774618
236,9.833333333333334,236,9.833333333333334,0.0,0.06411994766049812,0.05270814474835906,0.5244201549084485,0.5085512979879383,0.07241747669024273,0.07802939512691835,0.0717313907155714,0.07727937407179225,0.13746107713344988,0.13218066346888893,0.09334484427335618,0.08998552918848994,0.08360788384258269,0.08260920824794557,0.5132558643817902,0.5136208832263947,0.5114187002182007,0.510495126247406,0.5130097717046738,0.5130371749401093,0.21572957187891006,0.21665649116039276,0.26016226410865784,0.26057636737823486,0.47287943959236145,0.47725582122802734,181.68283081054688,-178.1375274658203,-0.9523903131484986,2.9778490066528325,4.394090175628662,4.705715179443359,0.630951464176178,0.6345298886299133,0.47893459153916196,0.4892401198569241,0.8488509058952332,0.8432213068008423,0.8587885843405527,0.8289617404240603,0.34882158041000366,0.3370964825153351,-0.6667311845831417,-0.7084971833733147,0.8388044834136963,0.8379377722740173,0.8358406914447236,0.8169938140768748,0.7237457633018494,0.7235105633735657,0.8557512949254893,0.8475572127459919,0.788712739944458,0.7838063836097717,0.72142185566413,0.6943788355401732,0.2943384051322937,0.29498350620269775,-0.8879750615411658,-0.8780823128266835,0.7461227178573608,0.7619203329086304,0.6241383433410256,0.6448039455697977
237,9.875,237,9.875,0.0,0.07412150327509615,0.052845698877824185,0.543857147119713,0.5247759802092301,0.0736218665253225,0.08153382864053543,0.07247108560399218,0.07991470763288093,0.14003877730064174,0.13292436642057637,0.09315730266331258,0.08850260717465668,0.08368802454896457,0.08261149817235294,0.5130585432052612,0.5135249495506287,0.5113257169723511,0.5106616616249084,0.5136687159538269,0.5125628858804703,0.21836566925048828,0.21903631836175919,0.26211684942245483,0.2632485628128052,0.474985271692276,0.4790714383125305,180.9632110595703,-178.23675537109375,-1.4518145322799683,2.381223678588867,4.708080768585205,4.87619686126709,0.632227897644043,0.6337093710899353,0.47951761108318036,0.4891596380430145,0.8479880690574646,0.8438647389411926,0.848601870143017,0.8285317911243574,0.3448634743690491,0.34667766094207764,-0.6827399196677458,-0.6698036385227994,0.8499360680580139,0.8522921800613403,0.8530336749621226,0.8476725014220464,0.7234859466552734,0.7214993834495544,0.8486146395049635,0.8436340629128163,0.790528416633606,0.7835306525230408,0.7178780019868345,0.6914988231401984,0.293304443359375,0.29332929849624634,-0.8912725953075171,-0.885211172790674,0.7535915970802307,0.7708560228347778,0.6338447068707086,0.6627117439384775
238,9.916666666666666,238,9.916666666666666,0.0,0.07147976099990802,0.05793940744320045,0.558305910875278,0.5381927821085161,0.0742210825056627,0.08279763311450485,0.07365211437744837,0.0816764650571379,0.13800403428822136,0.13218309738687423,0.09012893608735102,0.0887514748806765,0.08387628555384787,0.0825437051351501,0.513190507888794,0.5131345093250275,0.5115002393722534,0.5108714699745178,0.5129569619894028,0.5122105479240417,0.22049468755722046,0.2208920121192932,0.26466211676597595,0.2659182846546173,0.4773068428039551,0.47807011008262634,180.72599792480466,-177.9136962890625,-1.589285135269165,0.5835554599761963,4.9626851081848145,4.653519630432129,0.6320104002952576,0.6325862407684326,0.4787606133132063,0.4857226933917389,0.8488476872444153,0.8454337120056152,0.8404377719882399,0.8338122016549385,0.3369266390800476,0.34151095151901245,-0.7078870342349457,-0.6887824756607172,0.8462170958518982,0.8514776825904846,0.8344872865920299,0.8475303174228803,0.7245888710021973,0.7207269072532654,0.8510549883936229,0.841375241765427,0.7916352152824402,0.7822527885437012,0.7110212537637748,0.6904092498692732,0.29194700717926025,0.2955780625343323,-0.8887677921690421,-0.8741242670616063,0.7579290866851807,0.769862711429596,0.6347768675959722,0.6622872545950864
239,9.958333333333334,239,9.958333333333334,0.0,0.07117053286462584,0.06210097964317193,0.5506235518895183,0.5342706707290135,0.07109995708028775,0.07750799470667773,0.0704790628593261,0.07583737325440836,0.1409685600295201,0.13469652738982169,0.09405924925863128,0.09178641133533758,0.08321720763775736,0.08249169021742082,0.5126763433218002,0.5129126757383347,0.5110443234443665,0.511109471321106,0.5128809660673141,0.5126975625753403,0.22077927738428116,0.22133039683103561,0.2655518651008606,0.2659861147403717,0.47772037982940674,0.47641919553279877,181.47543334960935,-178.25308227539062,-1.8636968135833742,-0.5327727198600769,4.728931427001953,4.472546100616455,0.6309860348701477,0.633233368396759,0.47537672042027224,0.4877185151384554,0.8495607376098633,0.8450198769569397,0.8418765724557956,0.8389417890097486,0.33809393644332886,0.34344953298568726,-0.703523445326147,-0.684820557004207,0.847315788269043,0.8526071310043335,0.8367938260114126,0.8562105158596256,0.7247534990310669,0.7196032404899597,0.8527937952907604,0.8371929761330891,0.7925326228141785,0.7804033160209656,0.7127603191679979,0.69187333264706,0.2920680344104767,0.29554468393325806,-0.8887791890850217,-0.8786557555044596,0.7548671960830688,0.764838457107544,0.627482753963003,0.6564474334543108
240,10.0,240,10.0,0.0,0.07916796945560398,0.0783424385740483,0.5404268431383332,0.5359236198700605,0.07608630538765619,0.07695277624550943,0.07526938853914898,0.07447702188097677,0.13235911563642286,0.1294008879462831,0.08621314098043874,0.08741311424112422,0.08456488699290748,0.08375400572842426,0.5121872574090958,0.5122086554765701,0.5104411840438843,0.5107141733169556,0.5123503655195236,0.5125945508480072,0.21883248537778854,0.21957334131002426,0.2621472477912903,0.26181846857070923,0.4771016091108322,0.4766654372215271,180.41629028320312,-180.23548889160156,-1.0926157236099243,-0.7762009501457214,4.691349029541016,4.173685550689697,0.6304762959480286,0.6332656741142273,0.47805161494022075,0.48462962504791424,0.8495007157325745,0.8449217081069946,0.8477361527932669,0.831915624701354,0.3465850353240967,0.34248507022857666,-0.6708466423380682,-0.6831799653328313,0.8528165817260742,0.853188157081604,0.8552844509242897,0.8505900875862314,0.7239068746566772,0.718964159488678,0.8561619830401522,0.8288049646821348,0.7912641763687134,0.7815374135971069,0.7151654270464429,0.6887262505281505,0.2879069447517395,0.29385849833488464,-0.908314875248214,-0.8784700783801364,0.7614834308624268,0.7662492394447327,0.6473719920625663,0.6541892393322946
241,10.041666666666666,241,10.041666666666666,0.0,0.06447947602790749,0.05349947203387343,0.5314954001188253,0.527930880019541,0.07631053943934342,0.07720368572387254,0.07697819591913649,0.07638134449703736,0.12541617848795636,0.12122169164544322,0.08383637518774063,0.08714168156744699,0.08550730719697501,0.08406913583150286,0.5120553523302078,0.5120828747749329,0.5107167959213257,0.5103621482849121,0.5120991468429565,0.5114815384149551,0.21624431014060974,0.21747395396232605,0.25772467255592346,0.25759777426719666,0.4775703400373459,0.4744901657104492,179.0202178955078,-181.2569580078125,-1.0242902040481567,1.3655705451965332,4.356412410736084,3.6238656044006348,0.6316653490066528,0.6335198879241943,0.4838667068750595,0.4863347379424875,0.8488094806671143,0.8447058200836182,0.8450717650040416,0.8298818597711347,0.338031530380249,0.3257688283920288,-0.7044258563644037,-0.7400832814012391,0.8415953516960144,0.8338114023208618,0.8286498524540014,0.8054607431401056,0.724342942237854,0.7188425064086914,0.8589191968462047,0.826353703030861,0.7917871475219727,0.7830471396446228,0.7152687392943402,0.691666687642919,0.2897410988807678,0.2949991822242737,-0.8998500785977016,-0.8627033255574847,0.7548953294754028,0.7608350515365601,0.631289895528202,0.6418756840190178
242,10.083333333333334,242,10.083333333333334,0.0,0.03751027702301972,0.028188209681903435,0.5488572889394054,0.5427230898873824,0.07380699023303375,0.07919243228937954,0.07433864721895907,0.07897943419620036,0.12149510174041069,0.11788300162289313,0.08265095461344452,0.08456227100623967,0.08509658064393065,0.08296820515007687,0.5116104483604431,0.5116516649723053,0.5102099180221558,0.509494960308075,0.5121659487485886,0.5099981129169464,0.21383658796548843,0.2145841419696808,0.25384700298309326,0.2559126019477844,0.47509218752384186,0.47219881415367126,178.13865661621094,-179.65318298339844,0.07825885713100433,2.2271735668182373,4.01324987411499,3.7362263202667236,0.6304814219474792,0.6313754916191101,0.4783355832659001,0.48380528609479995,0.8478463292121887,0.8465591669082642,0.8476882210684742,0.839354126121143,0.31579744815826416,0.3182809054851532,-0.7938948197166467,-0.7641769774781054,0.8226451277732849,0.8282804489135742,0.790377626155236,0.7983713744591228,0.7248541116714478,0.7178163528442383,0.8598733007172937,0.8283550369830891,0.7926799058914185,0.7815958261489868,0.7222330697569896,0.6936996845872183,0.2916695475578308,0.29109328985214233,-0.8914410923608755,-0.8725457056563636,0.7431373000144958,0.7608193159103394,0.609567162806403,0.6471166277360065
243,10.125,243,10.125,0.0,0.02478674281638157,0.019663073810822378,0.5591782904584284,0.5524668654033792,0.07245475709868275,0.07461001457710485,0.07201100759306979,0.07403721287449165,0.1266229404129912,0.12428557547006316,0.0886069017905325,0.09407657315709685,0.08308165027012702,0.08241783334252585,0.5106320977210999,0.510938972234726,0.5092250108718872,0.508925199508667,0.5106714367866516,0.5100527554750443,0.2121296003460884,0.2131674960255623,0.2511198818683624,0.2531841993331909,0.47437888383865356,0.4713841825723648,178.3525390625,-180.11259460449216,0.23515039682388306,2.169753313064575,3.7857122421264653,3.3593387603759766,0.6299530267715454,0.6323539614677429,0.4788611202377311,0.48710326639998724,0.8483375310897827,0.8468189835548401,0.8444661865420026,0.8410994639984345,0.30937373638153076,0.3121457099914551,-0.8081183553093394,-0.7882274546367289,0.8180080056190491,0.8273873329162598,0.7759766385607809,0.7975660704666034,0.7253042459487915,0.7179641723632812,0.8616527282053312,0.8280730305648478,0.792242705821991,0.7812458276748657,0.7177939367442302,0.6941936733817924,0.2900136411190033,0.29131728410720825,-0.8858402980374432,-0.8711832538035201,0.7445094585418701,0.7571884393692017,0.6100036406828564,0.640297081067643
244,10.166666666666666,244,10.166666666666666,0.0,0.020640599853989926,0.014873314880199507,0.5537345672420985,0.5444321206691942,0.07315840301163055,0.07256867196958555,0.07195700782988561,0.07050922103685259,0.127102675544472,0.12953898885165624,0.09266247271153466,0.10100385135898549,0.08274841579351461,0.08199421047125727,0.5101739019155502,0.5105397403240204,0.5085689425468445,0.5088425278663635,0.5111568123102188,0.5113257616758347,0.21002735197544098,0.21156134456396103,0.2504855692386627,0.25203412771224976,0.4770190268754959,0.4717681109905243,179.9664764404297,-179.27943420410156,0.8246827125549316,1.5372837781906128,3.4211816787719727,2.9394443035125732,0.6281771659851074,0.6320831775665283,0.4694551806464897,0.48138940139573594,0.8470659255981445,0.8462240099906921,0.8350491250497394,0.8396647411118561,0.3010175824165344,0.3073316812515259,-0.8430238589496191,-0.8132054461369074,0.8130678534507751,0.8211851119995117,0.7583289566115298,0.783518530421552,0.7244007587432861,0.7179766893386841,0.8554791730730196,0.8237967468228934,0.7929349541664124,0.7797259092330933,0.7128969857176937,0.6905520933844548,0.2870060205459595,0.28957599401474,-0.8992345958216421,-0.8839870174983147,0.7377573847770691,0.7441601157188416,0.5883830897764214,0.6108007985502172
245,10.208333333333334,245,10.208333333333334,0.0,0.026032661741991016,0.017331137358427222,0.5584992172955796,0.5447935061915903,0.07304042054598556,0.07449170054189182,0.07155389036343694,0.07288923580114115,0.13082452355187227,0.12592863809430965,0.09939741076292162,0.0979489775883955,0.08233022630793473,0.08146721578003492,0.5095931887626648,0.5101740807294846,0.5082829594612122,0.5086413025856018,0.5112855434417725,0.513053372502327,0.20934542268514633,0.20997699350118637,0.24991345405578613,0.2506142854690552,0.4782940745353699,0.4702241122722626,179.9116668701172,-179.14195251464844,0.3264177441596985,1.2342984676361084,3.0630228519439697,2.987537145614624,0.6279715299606323,0.6320531368255615,0.46895597470731054,0.47978809567803177,0.8462038636207581,0.8453487157821655,0.8317201844612224,0.8507489918425772,0.291414737701416,0.298868864774704,-0.8836513371636537,-0.8635578202259391,0.7971295118331909,0.8055034875869751,0.7207795948603373,0.7603835841897016,0.723418116569519,0.716789186000824,0.8525517122162156,0.8214303493437503,0.7923322319984436,0.7769572734832764,0.7099345600517035,0.6956433281723357,0.28400591015815735,0.29017341136932373,-0.9134270972668231,-0.8986165033599012,0.7275112867355347,0.7262862324714661,0.5633962233441016,0.5807259469793596
246,10.25,246,10.25,0.0,0.03957830273508984,0.03497350800083586,0.544005235433402,0.5413529012140732,0.07348834932762657,0.08103581242055825,0.072779096981393,0.07986440442729599,0.13099062278779366,0.12169185522524564,0.10043241015576213,0.09406076760733378,0.08217790217408592,0.0817286812485878,0.5090916007757187,0.5094859600067139,0.5080203413963318,0.5082595944404602,0.5110376328229904,0.5126807391643524,0.20932968705892563,0.20954451709985733,0.25125688314437866,0.25169676542282104,0.48068247735500336,0.4699583053588867,181.19309997558594,-178.7347412109375,-0.5847057700157166,0.17296892404556274,3.0036430358886723,2.7654061317443848,0.6269086599349976,0.6318715810775757,0.46430329543173604,0.47910261629061107,0.8465561866760254,0.8472951650619507,0.8246708423648628,0.8531736080991025,0.29061219096183777,0.29016274213790894,-0.8832601350309796,-0.8944391434430171,0.8055471777915955,0.7887333035469055,0.7322374888887926,0.7207629161642923,0.7226019501686096,0.7195131778717041,0.8477529904380859,0.8313890641917344,0.7927465438842773,0.7738865613937378,0.70338515739238,0.6871938432110086,0.28309860825538635,0.2964598834514618,-0.9133675855132476,-0.8691269900086839,0.7328402400016785,0.7141678929328918,0.5683577399332002,0.552167564883182
247,10.291666666666666,247,10.291666666666666,0.0,0.06657038675500163,0.05612623928629769,0.5467728210815627,0.5427753800810046,0.07538438255572862,0.08458868710541602,0.07511901786085062,0.08359885175274076,0.12438125652311448,0.11699291085315834,0.09669819252853785,0.09138216629292263,0.08186802058063368,0.0817357440328671,0.508681908249855,0.508980929851532,0.5079626441001892,0.5081866979598999,0.5113430321216583,0.5119513720273972,0.20975211262702942,0.21043460071086884,0.2525246739387512,0.25344082713127136,0.48196446895599365,0.4726933091878891,181.52159118652344,-178.1237030029297,-1.581851840019226,-0.9041828513145448,2.6401445865631104,2.430792808532715,0.6274580359458923,0.6289044618606567,0.46741176693735614,0.4685826714533131,0.8454693555831909,0.8479201793670654,0.823083851018597,0.8456506393517915,0.2893000841140747,0.286761611700058,-0.8938163307586562,-0.9022422548096519,0.800261378288269,0.7910988330841064,0.7207194608341335,0.7175920922917989,0.7228229641914368,0.7186998724937439,0.8512957452953801,0.8283557519139314,0.7919784784317017,0.7768251895904541,0.7019644966992586,0.6854235118793066,0.28233861923217773,0.2940649092197418,-0.9218391572130674,-0.8729809615247045,0.7305759191513062,0.7145971059799194,0.5629307262764203,0.5451797743619027
248,10.333333333333334,248,10.333333333333334,0.0,0.0661221772315872,0.0492200984615496,0.5448642854570628,0.5389553393219018,0.0797445241500437,0.08479669879005912,0.0787914181961421,0.08393734530436867,0.12070998789867791,0.11303354856511796,0.09568624885760092,0.0915218900399258,0.08178269087594416,0.08158769827222968,0.5080552995204926,0.5082942098379135,0.5075565576553345,0.5073480606079102,0.5117714703083038,0.511423870921135,0.21113861352205276,0.2119605913758278,0.25422656536102295,0.25546666979789734,0.4812242239713669,0.4716786891222,181.48355102539062,-177.87762451171875,-1.5074418783187866,0.11915092170238495,2.3011345863342285,2.0700020790100098,0.6275050640106201,0.6287940740585327,0.46609979407410534,0.47170304764939824,0.8457345962524414,0.8469771146774292,0.8257562887573217,0.8484184323526032,0.2835428714752197,0.2858361005783081,-0.9191566555130058,-0.9066222596426461,0.7990957498550415,0.7981419563293457,0.7201013509512095,0.7380192255664961,0.7231871485710144,0.7183696031570435,0.8514451245309815,0.8317011471765153,0.792295515537262,0.7762407064437866,0.7046962028952309,0.6885081622920401,0.2821653485298157,0.29682254791259766,-0.9247044238026233,-0.8624684578096771,0.7234311699867249,0.7069571018218994,0.5486919551871178,0.5318821728968653
249,10.375,249,10.375,0.0,0.06073427513944061,0.0454820297835554,0.5460055612948882,0.5405785652222874,0.07697808924420077,0.08597080020705611,0.07702431991652536,0.08404181473801436,0.11908614198305369,0.11189978031945612,0.09630319440556119,0.09115085372836132,0.08245099521418431,0.08157690168338325,0.5076577067375183,0.5076153576374054,0.5070900321006775,0.5066003799438477,0.5113064050674438,0.5115224570035934,0.21309351921081543,0.2134648934006691,0.2583513855934143,0.2595512568950653,0.48140527307987213,0.47190670669078827,183.5620880126953,-175.88551330566406,-1.4826596975326538,0.553244948387146,2.2250614166259766,1.8371887207031252,0.6284279823303223,0.6284396648406982,0.46924256115028257,0.4707709788208085,0.8450395464897156,0.8467397093772888,0.8194978542173641,0.8489685380264371,0.28289663791656494,0.28456762433052063,-0.9151139067146816,-0.9138410906500232,0.799289345741272,0.8004553318023682,0.7163937353679656,0.7441379065675836,0.7229232788085938,0.7184037566184998,0.8478339016391141,0.8330143502496606,0.7916743159294128,0.7781338691711426,0.6992322600974916,0.6935814738073318,0.28500720858573914,0.29581335186958313,-0.9066579961178743,-0.8685597992211971,0.722027063369751,0.7102614641189575,0.5422729793081118,0.5398555850075009
250,10.416666666666666,250,10.416666666666666,0.0,0.05300519779944745,0.046574643932773996,0.5400614682503032,0.5348100756989543,0.07603638509142922,0.08123407601927636,0.0762845763980245,0.07922121491823736,0.11730753321911479,0.11319184984587458,0.09866049312840139,0.09175998000627598,0.08260789003290411,0.08251015376356499,0.5071855038404465,0.5072109550237656,0.5063292384147644,0.5060402750968933,0.5114667266607285,0.5115461498498917,0.21441210061311722,0.21514590829610825,0.2615208029747009,0.26121392846107483,0.48332445323467255,0.47386544942855835,185.23866271972656,-175.9844970703125,-0.44301390647888184,0.5955787301063538,2.0141940116882324,1.9627567529678347,0.6279617547988892,0.6288411617279053,0.46777054666038054,0.4704725864084334,0.8454583883285522,0.8468044400215149,0.8179320629676105,0.8414243911612612,0.28216552734375,0.2823650538921356,-0.9207289707435009,-0.9192498576435699,0.8070550560951233,0.8015660047531128,0.7311925621517701,0.739357501367083,0.7236982583999634,0.7193501591682434,0.8521879534849585,0.8335059450927336,0.7907253503799438,0.7804558277130127,0.6943095512298355,0.691728751594819,0.28555572032928467,0.29396840929985046,-0.9071160942845419,-0.8727085721935007,0.7232741713523865,0.7143332958221436,0.5419612715876495,0.5425431943275161
251,10.458333333333334,251,10.458333333333334,0.0,0.049278318913397935,0.04605246829084776,0.5339887951417182,0.5320464312773444,0.07509692786537217,0.08314311617096788,0.07549534351647635,0.08247121068615211,0.11786644438887356,0.10886783038029016,0.10119516807326365,0.09165188884900793,0.08239679994256596,0.08168780518752529,0.5064615905284882,0.5063679218292236,0.505530834197998,0.5055575966835022,0.5117862820625305,0.5116396844387054,0.21575308591127396,0.21582184731960297,0.26287004351615906,0.26271769404411316,0.4826038181781769,0.4717134088277817,185.03770446777344,-175.40159606933594,-0.009270841255784035,0.028071807697415352,1.8453344106674197,1.640295147895813,0.6278585195541382,0.6294010877609253,0.4666996582768076,0.47532635371856435,0.845855176448822,0.8470773696899414,0.8215592698640488,0.8522441352834187,0.2817304730415344,0.28437769412994385,-0.9250012731292124,-0.9173091534644178,0.805588960647583,0.8008855581283569,0.7304898709460503,0.747368056048062,0.7238286137580872,0.7184088826179504,0.8525732412945761,0.8345930522153281,0.7912254929542542,0.7803771495819092,0.698004266247898,0.7008047928419687,0.28574424982070923,0.29489845037460327,-0.9088628037439237,-0.874843688863486,0.7193952798843384,0.7180216312408447,0.5355471244911676,0.5592298673039133
252,10.5,252,10.5,0.0,0.05926695076966459,0.04951392052847844,0.5362305245157846,0.5381870215231767,0.08237124309138,0.08354412521302988,0.08289346306308741,0.08308072081623052,0.11262192718695066,0.10882062752968691,0.09664532701931182,0.09368485250743451,0.0815867037061796,0.08155863638807713,0.5058532953262329,0.5058716386556625,0.5053040981292725,0.5056280493736267,0.5113797038793564,0.511633887887001,0.21523350477218628,0.21560251712799072,0.2632989287376404,0.26318615674972534,0.4828522205352783,0.4708069860935211,185.63729858398438,-175.13356018066406,-1.037817120552063,-1.3899716138839722,1.651508092880249,1.2849392890930176,0.6279986500740051,0.6295319199562073,0.46740985135964624,0.4768190569255158,0.8460047245025635,0.8470780849456787,0.8187292732821984,0.8559934409991246,0.28218162059783936,0.28443753719329834,-0.9186281091900786,-0.9188579976559691,0.8049958944320679,0.8012745976448059,0.7262746453367039,0.7517933447811608,0.7235548496246338,0.7186757326126099,0.8504000127859336,0.8373464375404865,0.7911713719367981,0.7799677848815918,0.6951071850207887,0.7033216656393251,0.28584566712379456,0.2954375445842743,-0.9039425756815437,-0.8743702902847381,0.7216625809669495,0.7188948392868042,0.5383992419506919,0.5643844977008027
253,10.541666666666666,253,10.541666666666666,0.0,0.04720754584785846,0.040839817328871035,0.5493717367087694,0.5476130955196353,0.08253460112864112,0.08323521098159846,0.08325171091293454,0.08338643777588722,0.11333949788967926,0.11287681284260678,0.09788627389243998,0.10007842342794077,0.08176481450210146,0.0813323751480112,0.5052122175693512,0.5055700242519379,0.5045795440673828,0.5050836205482483,0.511057585477829,0.5115536898374557,0.21496357023715973,0.2156962975859642,0.2630004584789276,0.2633761167526245,0.4825202077627182,0.47138822078704834,185.83195495605466,-174.56198120117188,-0.7218470573425293,-0.5955981612205505,1.6421984434127808,1.2650517225265503,0.6280549168586731,0.6300240755081177,0.46730971876652294,0.4773320823301893,0.846380889415741,0.8473689556121826,0.8174976499783346,0.8521164353053993,0.2823741137981415,0.2840481400489807,-0.9134055245185188,-0.9166484704801636,0.8058100938796997,0.799885630607605,0.7263459216360765,0.7445010234195572,0.7234874963760376,0.7191107869148254,0.8484856940565474,0.8362736458524486,0.7913952469825745,0.7809335589408875,0.6939596154002334,0.7015483658643589,0.2862406373023987,0.29522064328193665,-0.8979618901205941,-0.8716330499357171,0.7225072979927063,0.7182965278625488,0.5391868156703982,0.5595888485358679
254,10.583333333333334,254,10.583333333333334,0.0,0.03184265161611328,0.025041862505188157,0.5558602109428412,0.5573554865480822,0.08171847118145321,0.08148702314098508,0.08289851552803064,0.08177204545022004,0.11481288491495152,0.11356248712639926,0.10023220413143095,0.10275488753651857,0.08191806813947361,0.08104021626816449,0.5049638003110886,0.5052660256624222,0.5043822526931763,0.5043966174125671,0.5109120458364487,0.511938065290451,0.214840367436409,0.21547061949968338,0.2620202600955963,0.26135045289993286,0.48234201967716217,0.4704970568418503,185.66502380371094,-175.45907592773438,-0.5280906558036804,0.6209223866462708,1.6804331541061401,1.3129040002822876,0.6280104517936707,0.6306045651435852,0.46817739636343625,0.4783839993067183,0.8467150926589966,0.8472999334335327,0.8194609466348621,0.8544472352642014,0.2824682593345642,0.28400009870529175,-0.9133533142964253,-0.9188935056128199,0.8053480386734009,0.8003209829330444,0.7264280423614399,0.7479166409814664,0.7232931852340698,0.7188499569892883,0.8491323862786183,0.8341304275217826,0.7913844585418701,0.7805944681167603,0.6950244907780153,0.7031843231217031,0.2857931852340698,0.2956286072731018,-0.9000597503233976,-0.8720151326808953,0.7220802307128906,0.7147940397262573,0.5391619631829396,0.5539736944077651
255,10.625,255,10.625,0.0,0.027131722400701195,0.023605503010964746,0.56266621717653,0.5566270678477949,0.05942039776947363,0.04950145740452762,0.059386511480387684,0.048374686661898696,0.13211292381362313,0.1427097793153187,0.11982325682611722,0.13467514257238924,0.08202688596547901,0.0812137251351644,0.5047172605991364,0.5051734745502472,0.5040093064308167,0.5034340023994446,0.5108495205640793,0.5116782188415527,0.21575064212083817,0.21702394634485245,0.2613677680492401,0.26054054498672485,0.4827826917171478,0.47084084153175354,184.7019805908203,-177.01712036132812,-0.016917048022150993,2.4386541843414307,1.486301064491272,1.320775032043457,0.6281776428222656,0.6306247711181641,0.46815905552167963,0.478923411801965,0.8471643924713135,0.8474034070968628,0.8178438523095424,0.8528524087343612,0.28185439109802246,0.28380510210990906,-0.9137293043349103,-0.9175025962019867,0.8048982620239258,0.8028178811073303,0.722978783960157,0.751873509841963,0.7231929302215576,0.718825101852417,0.8472861254247337,0.8340510091036322,0.791616678237915,0.7812827825546265,0.6931686655435593,0.7031000460074923,0.2850917875766754,0.29528993368148804,-0.9008115447336769,-0.8712603587015638,0.7247396111488342,0.7152478098869324,0.5430650844194397,0.553541670719089
256,10.666666666666666,256,10.666666666666666,0.0,0.040753053568130554,0.029673060048740825,0.5603130272180928,0.5500798126482079,0.04931286405544092,0.04558055553802818,0.049395654484742056,0.043748310043716626,0.15089225630984604,0.16164458758459221,0.13973817807484412,0.1498740441055984,0.08113420961894481,0.08070894460831912,0.5052765905857086,0.5047802627086639,0.5037984848022461,0.5032130479812622,0.5111521482467651,0.5113601684570312,0.2157905176281929,0.2178616002202034,0.25945207476615906,0.25849103927612305,0.4829525202512741,0.4713835120201111,182.6459197998047,-179.3664093017578,1.3432036638259888,2.320735454559326,1.7376452684402466,1.4344731569290161,0.6278255581855774,0.6307664513587952,0.46520672338392943,0.4809293814613065,0.8468473553657532,0.8472115993499756,0.8161547454870487,0.8514632179763255,0.2821137309074402,0.28249210119247437,-0.9132347440204851,-0.9218055813389869,0.807197630405426,0.8035761117935181,0.7272270991975736,0.7526041547361235,0.7233668565750122,0.7187666296958923,0.8461543137123907,0.8353652646297256,0.7916458249092102,0.7812526822090149,0.6923470222307349,0.7020289587061206,0.28619834780693054,0.2948514223098755,-0.8969483318457911,-0.8720262856786112,0.7247129082679749,0.7161037921905518,0.5422277782220977,0.5544298690882692
257,10.708333333333334,257,10.708333333333334,0.0,0.05311945942347045,0.043818938808393944,0.5488720605794999,0.53967946514514,0.05210358207303437,0.04600617959784184,0.051211631954403355,0.04404786839551899,0.14457328107979678,0.15741325757590902,0.13404191769056775,0.1471983561323085,0.08116897893016707,0.08009123195934588,0.5045684427022934,0.5046834498643875,0.5035629272460938,0.503559947013855,0.510819137096405,0.5110120922327042,0.2136736735701561,0.2151355966925621,0.25689536333084106,0.25733059644699097,0.48348627984523773,0.47238889336586,182.262939453125,-177.75587463378906,0.8922594785690308,1.5108081102371216,1.3153016567230227,1.1361472606658936,0.6272880434989929,0.6308038830757141,0.46402312993394457,0.48081952047020116,0.8461277484893799,0.8480852246284485,0.8126988087929838,0.8482317304047611,0.28243064880371094,0.2822912335395813,-0.9099213210789038,-0.918038313180265,0.8055247664451599,0.8005856275558472,0.7217053676287545,0.7409890930252099,0.7230971455574036,0.7186508178710938,0.8457356469179335,0.833418982969648,0.7911762595176697,0.782235324382782,0.6895496008557821,0.6995585329725437,0.2874884009361267,0.29696124792099,-0.8897707586034455,-0.8591559037052799,0.7264820337295532,0.7093198895454407,0.5445664018014567,0.5349330620305214
258,10.75,258,10.75,0.0,0.07029106090289713,0.04864418681981008,0.5567005812392171,0.5423834298635611,0.05851948905459573,0.05329795015447718,0.056772258601936985,0.05157768857020001,0.13940118381848934,0.14798537325379926,0.1251410708041563,0.138733665396918,0.08136083170835672,0.0809170924378088,0.5047215968370438,0.5046721249818802,0.5041232705116272,0.5039936900138855,0.5111842900514603,0.5115340054035187,0.21260443329811096,0.21380439400672913,0.2533014714717865,0.2545488476753235,0.48279058933258057,0.47181420028209686,179.77749633789068,-179.4119110107422,-0.1543259918689728,0.6645345687866211,1.5562196969985962,1.0071542263031006,0.6267840266227722,0.6308034062385559,0.4614758563965393,0.4784101678891655,0.846806526184082,0.8497257232666016,0.8174008115451943,0.8526759719132407,0.2826150059700012,0.27888914942741394,-0.9124519591994612,-0.9331787015516138,0.8054536581039429,0.7913068532943726,0.7245426025865672,0.7208663717765282,0.7228224873542786,0.7187578082084656,0.8448628106197199,0.8312104663598063,0.7910898923873901,0.7808372974395752,0.692288647292448,0.6972440735108166,0.2860810160636902,0.29615485668182373,-0.8986155956946235,-0.8639229674867467,0.7267945408821106,0.7003775835037231,0.5479129011271404,0.5157040552591715
259,10.791666666666666,259,10.791666666666666,0.0,0.08060356452627639,0.05804916059050253,0.5602785406036509,0.5470963909762361,0.06497154621844971,0.059729914707580906,0.06351494135140805,0.0575264614542878,0.13379084417483256,0.1415029040815937,0.11766625351593468,0.1316459008520421,0.08169093250667235,0.08131132196070327,0.5046505033969879,0.5044121295213699,0.5041592717170715,0.5042657256126404,0.5103982388973236,0.511899784207344,0.20983871072530746,0.21160492300987244,0.2503580152988434,0.2519300878047943,0.48325443267822266,0.47175009548664093,179.50810241699224,-180.041259765625,-0.4115176796913147,-0.321135550737381,1.5835859775543213,0.8431296348571777,0.6259180307388306,0.6299846172332764,0.45919089329817386,0.4728420968434786,0.8471665382385254,0.8493074178695679,0.8136842286578182,0.8504081995412373,0.2803916931152344,0.2762805223464966,-0.9142754634375656,-0.9434802334905209,0.8061160445213318,0.7829633951187134,0.7218979461848315,0.7009752589170447,0.722122311592102,0.7189071178436279,0.8416026771138143,0.8289107008100054,0.7914965152740479,0.7820260524749756,0.6892096123889516,0.6988639930965773,0.28678011894226074,0.2982867360115051,-0.8888814862193056,-0.8553616839163928,0.7299846410751343,0.6930354237556458,0.5516729898196705,0.49842195195800454
260,10.833333333333334,260,10.833333333333334,0.0,0.08165950998545202,0.06953498362078182,0.5595807825408787,0.5477366779250883,0.06757728527393421,0.06253914997955709,0.06552473973094959,0.06031110121741782,0.13352901143731305,0.13867727321802387,0.11901334340903182,0.12950657345589714,0.08207766231526582,0.08183933738429909,0.5045570880174637,0.5043304264545441,0.5041227340698242,0.5043902397155762,0.5091718286275864,0.511576309800148,0.20869309455156326,0.2104170098900795,0.2478201538324356,0.24977771937847137,0.4834311306476593,0.4724193215370178,178.5092163085938,-180.90153503417966,-0.02860696613788605,-0.6981921792030334,1.2986441850662231,0.7007834315299988,0.6256217956542969,0.6286359429359436,0.46076691362101846,0.4657990744628199,0.8461704850196838,0.8494395017623901,0.8073449231424397,0.8438759036129163,0.2805507779121399,0.2725445032119751,-0.9046032267470561,-0.9511459355658948,0.8049308061599731,0.7809737324714661,0.7155582312433713,0.6906304914113871,0.7216530442237854,0.7190859913825989,0.8407414481297896,0.825714339212491,0.7916613221168518,0.783782422542572,0.6860244890513224,0.6969171200748882,0.29011958837509155,0.2997971177101135,-0.8667415478079161,-0.8427034070027061,0.7330417037010193,0.6960384249687195,0.555555460107659,0.5005216772766213
261,10.875,261,10.875,0.0,0.08604769866736663,0.07423825148172786,0.5514058152735558,0.5518273171153376,0.06537122418852533,0.06207110956875809,0.0626337467877619,0.059809902698498674,0.13643300941928388,0.13721000558250165,0.12338189450496784,0.1299937879204578,0.08206306116996633,0.08203354433218377,0.5041511207818985,0.5041561424732208,0.5042946338653564,0.5045890212059021,0.5095280706882477,0.5125611126422882,0.2076929733157158,0.2094687819480896,0.24747009575366974,0.24845972657203674,0.4818613976240158,0.472176730632782,179.4234008789063,-180.8640594482422,-1.08468759059906,-1.1453100442886353,0.8966625928878785,0.3662540316581726,0.6251569390296936,0.6295512914657593,0.45959461760900266,0.4672804882059444,0.8475110530853271,0.8490091562271118,0.8175161747666052,0.8466404905573541,0.2769717574119568,0.2698475122451782,-0.9243507387546209,-0.9694431688912865,0.797009289264679,0.7779771089553833,0.7046047904374294,0.6870507014021867,0.7210884094238281,0.7188889384269714,0.8408972117178319,0.8241116317004471,0.7923362851142883,0.7829111814498901,0.6941569302503985,0.6981362271517461,0.2932524085044861,0.30095645785331726,-0.8596393935635466,-0.8451882661504506,0.7216345071792603,0.6891272068023682,0.5360825380464167,0.48742901378822806
262,10.916666666666666,262,10.916666666666666,0.0,0.09263880253077672,0.08731643198368465,0.5398444322581806,0.5467362374427283,0.06505085335773879,0.06250921012447389,0.06297390708265735,0.06049386199399462,0.1362872352936777,0.13594214434986102,0.12656859727164835,0.13294494341680735,0.08185489019185753,0.08183343595709161,0.5038281977176666,0.5038076490163803,0.5041772127151489,0.504474937915802,0.5099561661481857,0.5120911449193954,0.20777706056833267,0.20922967046499252,0.24714620411396027,0.24839714169502258,0.4806222915649414,0.4729827046394348,179.67483520507818,-180.30313110351562,-1.5559531450271606,-1.4778058528900146,0.510442852973938,-0.11168286204338074,0.6248026490211487,0.6298583745956421,0.4576752351642255,0.47007906205849365,0.8479881286621094,0.8481082916259766,0.823495077466026,0.8422590059252506,0.2686694860458374,0.2683003544807434,-0.9615526335272306,-0.9731140523806943,0.7850865125656128,0.7830877304077148,0.6824934763660798,0.6962701553743555,0.7211196422576904,0.7183703780174255,0.8415085178830912,0.8233831150095015,0.7925540208816528,0.7838721871376038,0.6992328019054034,0.6980314741657909,0.293607234954834,0.3033103346824646,-0.8621730982478064,-0.8333683973189708,0.7074706554412842,0.691156268119812,0.5085081194797638,0.48985901007798943
263,10.958333333333334,263,10.958333333333334,0.0,0.09667767651922939,0.08514093501901136,0.526829377555594,0.5331950962401221,0.06710285126310948,0.06549362410814227,0.06533962076723161,0.06335061157196668,0.13307144650039163,0.13306459967628165,0.1265334135743251,0.1316512799266278,0.08124046300831814,0.08147525413043359,0.5031919777393341,0.5032408535480499,0.5037753582000732,0.5038979053497314,0.5097645223140717,0.5107064098119736,0.20817486196756363,0.20930986106395721,0.24840828776359558,0.24982647597789764,0.4801822453737259,0.47433027625083923,181.09609985351565,-178.71409606933594,-1.95307731628418,-1.6286057233810425,0.04451504722237587,-0.3498165011405945,0.625287652015686,0.6309457421302795,0.45947610396165606,0.4788696377604324,0.8487210869789124,0.847386360168457,0.8245173086928687,0.8357327085331864,0.26666346192359924,0.26400548219680786,-0.9668983898347465,-0.9825202915256963,0.8036385178565979,0.7883386611938477,0.7236558678748818,0.7034520796302139,0.7209739685058594,0.7187812328338623,0.8400542272942375,0.8286865304922192,0.7931124567985535,0.784285843372345,0.7001063296581929,0.6943728216816853,0.29434439539909363,0.29966676235198975,-0.8568015849767648,-0.8404943505900169,0.7150087356567383,0.7023396492004395,0.5253679773199152,0.5107942184591291
264,11.0,264,11.0,0.0,0.11111478280322751,0.10458844987579652,0.526020515567634,0.5306183054579076,0.07054849844555046,0.06818976092518143,0.06886333185245769,0.06578299432234781,0.13032797913323188,0.1284711532764852,0.12791179103155703,0.12728399504792692,0.0819392135796559,0.08230397845895637,0.5026147961616516,0.5025137364864349,0.5036604404449463,0.5033596754074097,0.5097566246986389,0.5094502717256546,0.20941197872161865,0.21033339947462082,0.25086256861686707,0.2514808177947998,0.48044413328170776,0.47428837418556213,181.50167846679693,-178.8130645751953,-2.405379056930542,-1.8866040706634521,-0.3828718364238739,-0.45089501142501826,0.6255838871002197,0.6303564310073853,0.4621363810506078,0.481046941984526,0.8478230237960815,0.8472088575363159,0.8245103132178531,0.8345988805827345,0.2614057660102844,0.26156434416770935,-0.9908890591502112,-0.9862588318175582,0.7969186305999756,0.8025846481323242,0.7102653245645272,0.7347295602364142,0.7208927869796753,0.7184627056121826,0.8424070458229211,0.8315936322447544,0.7933101058006287,0.7848654389381409,0.7021666939970544,0.6950738351729902,0.2946470379829407,0.3011809289455414,-0.858260515468489,-0.8286371103729133,0.7141873836517334,0.7070557475090027,0.5245911660991542,0.5209351534311054
265,11.041666666666666,265,11.041666666666666,0.0,0.0957622681769558,0.11127823994173867,0.5236814911499942,0.52783514215038,0.07214344594066026,0.0743346339933694,0.06970022289320313,0.07208514453516382,0.1279656560863797,0.11926516174425436,0.13164846483383638,0.12145109951897816,0.082080003797957,0.08196937084388703,0.501775249838829,0.5015468150377274,0.503061830997467,0.5034116506576538,0.5096755474805832,0.507886603474617,0.2110886424779892,0.2114325612783432,0.2552686333656311,0.2548346519470215,0.4803234040737152,0.4756692349910736,183.62248229980472,-177.21099853515625,-2.444739580154419,-4.278102874755859,-1.1009666919708252,-1.1396373510360718,0.6260694265365601,0.6301817297935486,0.4634112573077543,0.484264774732514,0.8467996120452881,0.8465456962585449,0.8207383923354143,0.8260865040055411,0.26088640093803406,0.2568647861480713,-0.990530534241917,-0.993997287378148,0.811217725276947,0.8009997606277466,0.7410513078609584,0.7246379445355642,0.7216910719871521,0.7182004451751709,0.8441198246610624,0.8328016678983722,0.7942980527877808,0.7833379507064819,0.7031590122752182,0.6852982065473244,0.2938116788864136,0.2983801066875458,-0.8594416438722792,-0.8296047399877741,0.7183358073234558,0.7037770748138428,0.5330384700286824,0.5080851108519101
266,11.083333333333334,266,11.083333333333334,0.0,0.1154618930980826,0.11653147753368875,0.5275245652438743,0.5315659964324084,0.08016878364472171,0.07545583570438125,0.07662573122249605,0.07214230510689973,0.11492690978055302,0.11419726977812807,0.11953140614093632,0.12005641282196633,0.08309640968910982,0.08304161746199289,0.5008965134620667,0.5005419850349426,0.5022591352462769,0.5021486282348633,0.5084477514028549,0.5080433487892151,0.21390537917613983,0.21408437937498093,0.2593662738800049,0.25912994146347046,0.4816303253173828,0.47630931437015533,183.53768920898443,-176.7272186279297,-2.176560163497925,-3.259008884429932,-1.3564671277999878,-1.4347041845321655,0.6267611980438232,0.6304149031639099,0.47004086906211545,0.483416852244015,0.8476375341415405,0.8470264673233032,0.8179253725101374,0.8237710351800082,0.25813379883766174,0.25294703245162964,-0.9944582897593929,-1.0077330380667282,0.8213821649551392,0.814445436000824,0.759251848862422,0.7513726859643111,0.7219707369804382,0.7169240713119507,0.848293516544988,0.8251628566162698,0.7937741875648499,0.7851395606994629,0.6975556181686363,0.6862520649152238,0.29320985078811646,0.29711464047431946,-0.8551066064964472,-0.8332532241052293,0.7223540544509888,0.7102569341659546,0.5379512782171147,0.5198552896780604
267,11.125,267,11.125,0.0,0.13203244437774267,0.1429715322586553,0.5395420769230095,0.5510142367596722,0.08003022592153029,0.0821492345545338,0.0780319128838616,0.07928204302938144,0.11598097398001628,0.11090193787045903,0.12240752569499168,0.11664399316353483,0.08308797084735742,0.08306645889523448,0.4997771084308624,0.4996226876974106,0.5016105771064758,0.5012780427932739,0.5073172301054001,0.5080690681934357,0.21873968094587326,0.2190704196691513,0.26581326127052307,0.26647743582725525,0.48521788418293,0.4790171831846237,183.787094116211,-175.84605407714844,-3.8460578918457036,-3.296438455581665,-1.3181524276733398,-1.3359055519104004,0.6266239881515503,0.6311022639274597,0.47272225129099665,0.4845008705166842,0.8462470769882202,0.8480714559555054,0.8046478361728878,0.817494842666024,0.2546953558921814,0.25239473581314087,-1.0009490079114354,-1.0068375113560366,0.8316742181777954,0.8143053650856018,0.7721684147234834,0.7426993256384363,0.7225757837295532,0.7180370092391968,0.8529064886625415,0.8268471741333011,0.794024646282196,0.7847094535827637,0.6882565118570355,0.6771412036963261,0.2924407422542572,0.2953774631023407,-0.8513926515981836,-0.8375728778190935,0.7277325391769409,0.7202129364013672,0.5405072394973538,0.5342744926030079
268,11.166666666666666,268,11.166666666666666,0.0,0.12099428421213784,0.14528748075170422,0.5753361734942627,0.5623942731007463,0.07691119964195911,0.07755106418533841,0.07593788975422566,0.07473048155086706,0.11882198931855202,0.11671519685200187,0.1278728655479104,0.12439002700666092,0.08331360808749497,0.08303783028407076,0.4985923022031784,0.49814164638519287,0.5005800724029541,0.5004732012748718,0.5070381462574005,0.5073393881320953,0.225294828414917,0.22617431730031967,0.2765740156173706,0.2764933109283447,0.4843389689922333,0.4820769131183624,185.760238647461,-175.0706024169922,-4.720385551452637,-5.565139293670654,-1.5524367094039917,-1.7263967990875244,0.6269668340682983,0.6324756741523743,0.47750725915061837,0.49302932797511284,0.8465554118156433,0.849102258682251,0.8112366898514436,0.8134073192581294,0.2534893751144409,0.2517704963684082,-1.0095280868943217,-1.0069258323455088,0.8276187181472778,0.8200271725654602,0.7688251953082623,0.7489706580266742,0.7215304970741272,0.7187288403511047,0.8540213056342728,0.8328615374734383,0.7929996848106384,0.7854275703430176,0.6912908078824437,0.6722904776758715,0.2922542095184326,0.2948254644870758,-0.8551822821869042,-0.8372918862485581,0.7203088402748108,0.725051999092102,0.5284890321151855,0.538485191056131
269,11.208333333333334,269,11.208333333333334,0.0,0.09732077741077896,0.09113837545032755,0.5939430927238301,0.5707022341593811,0.07707305014443401,0.07743432102882511,0.07847928023885156,0.0768935044529373,0.11346948922962677,0.111782135073379,0.12645499835338714,0.12462133667231799,0.08359240889067947,0.08376614149685573,0.4971668869256973,0.49685634672641754,0.49854499101638794,0.49952375888824463,0.5066716820001602,0.506944939494133,0.23405764251947403,0.234059676527977,0.29008108377456665,0.28980177640914917,0.48487718403339386,0.4830516427755356,188.4423980712891,-171.8140411376953,-3.145320415496826,-6.151933193206787,-1.5827898979187012,-2.384291648864746,0.6264984607696533,0.6320303678512573,0.47438859743132405,0.49563903293512607,0.8473113775253296,0.8472598791122437,0.8071087355726003,0.8117663982440365,0.25265294313430786,0.251268208026886,-1.0056482740277473,-1.013094567391491,0.8318301439285278,0.8273455500602722,0.772633404332374,0.7673802983288762,0.7212624549865723,0.716853678226471,0.8495548062303829,0.8317432784647966,0.7931387424468994,0.782768964767456,0.6864710921440684,0.6680256696331266,0.29039010405540466,0.2943224608898163,-0.8562486237639534,-0.842496212866915,0.7265008687973022,0.7206774950027466,0.5380744703342397,0.5296329488106937
270,11.25,270,11.25,0.0,0.031150567241380853,0.031775000238041286,0.5747526233372724,0.561979031056191,0.0778271491904837,0.0791028243816876,0.07903158749896502,0.0797339726198519,0.11509452298155304,0.1083743743730665,0.128652026714635,0.12272530293094774,0.08326196694819382,0.08375578568689954,0.49566783010959625,0.49579307436943054,0.49638697504997253,0.49734392762184143,0.5052107572555542,0.5059991776943207,0.24344048649072647,0.24313205480575562,0.3023422658443451,0.3033997714519501,0.4850141704082489,0.4841488301753998,191.40953063964847,-167.5812530517578,0.029697379097342495,-2.1248939037323,-1.403221845626831,-1.9204879999160767,0.6265572309494019,0.6328545212745667,0.48086663200474394,0.5018509646560602,0.846774697303772,0.8479170203208923,0.8063826701067871,0.8094932719477855,0.25299206376075745,0.2503041625022888,-0.9994814845256512,-1.0115521065984434,0.8342236876487732,0.8295570015907288,0.7784058292806543,0.7686367263851885,0.7211594581604004,0.7160186171531677,0.8557523043636502,0.830855487157895,0.792945921421051,0.7820473313331604,0.686395582523226,0.6629134678161052,0.29096168279647827,0.29340261220932007,-0.8490170971527201,-0.841050825767713,0.7287237644195557,0.723068118095398,0.5432411181948404,0.531667037825492
271,11.291666666666666,271,11.291666666666666,0.0,0.01961598846527252,0.02605475262016555,0.5493161930879178,0.5580206349341609,0.08110860022071685,0.08314470267106662,0.08134849847392465,0.08147279800258286,0.11382286032189923,0.10973579099456598,0.1265918830622358,0.1221847622918019,0.08438800274195266,0.08390810068583734,0.4940232038497925,0.4942566752433777,0.4948387145996094,0.4957621395587921,0.5055572390556335,0.5068506449460983,0.24904891848564148,0.24896646291017532,0.31092989444732666,0.31077221035957336,0.4845484346151352,0.4853387922048569,195.72767639160162,-164.70765686035156,0.8492079377174377,-0.3560968041419983,-1.497186541557312,-1.9668120145797732,0.62712162733078,0.6320070028305054,0.4815900873410655,0.49483163786406315,0.8467721939086914,0.8506236672401428,0.807180442167842,0.8123791334419296,0.2532638609409332,0.2494334578514099,-0.999486705981901,-1.017752277691475,0.8345063328742981,0.8315293788909912,0.7798471630018913,0.7699141903717417,0.7217382788658142,0.7164267897605896,0.8564238863113862,0.8286027873355938,0.793088972568512,0.7820905447006226,0.6875526010155373,0.6599641759506101,0.2903634309768677,0.2937721014022827,-0.852512864156758,-0.8424502476562692,0.7285581231117249,0.721676230430603,0.5437518749130227,0.5256051273603123
272,11.333333333333334,272,11.333333333333334,0.0,0.020891609475540123,0.02594516273256124,0.5491349588180374,0.550732590274469,0.09103964948877152,0.09848591239195757,0.09223379506807194,0.09935747084405772,0.10762458636971278,0.10329354580690299,0.12523033214696527,0.1191599071937663,0.08347317310851804,0.0834589478052918,0.4931178241968155,0.493484228849411,0.4936668276786804,0.49489811062812805,0.5053499937057495,0.5065967887639999,0.2497382089495659,0.2500334903597832,0.3129984438419342,0.3124617338180542,0.48415686190128326,0.48572468757629395,197.55043029785162,-164.56307983398438,1.8178917169570925,-0.39711490273475647,-1.5997207164764407,-2.051140069961548,0.6266454458236694,0.6315433382987976,0.48089837686794656,0.49395662965136683,0.8474371433258057,0.8504238724708557,0.8101643815332935,0.8110018983620122,0.2537617087364197,0.24973717331886292,-0.9974685428693542,-1.0154542915448066,0.8354647159576416,0.8305738568305969,0.7834642419712287,0.7668603125467883,0.721964955329895,0.716866135597229,0.8588102985847587,0.8312669558898862,0.7926181554794312,0.7820285558700562,0.6879105911247255,0.658907421873517,0.29037541151046753,0.2941123843193054,-0.8523067092826541,-0.840023839503854,0.7296486496925354,0.7208657264709473,0.5474800384086489,0.5228962301670974
273,11.375,273,11.375,0.0,0.025659129682309,0.023882857954967564,0.5488942756038045,0.5601949851006489,0.0918785724537159,0.09323884413734723,0.09373245904946696,0.09339485083426943,0.1054349298590782,0.10550974986930366,0.12110271072117873,0.12003228045948887,0.08303539272183261,0.08314588022316438,0.4928768128156662,0.49299491941928864,0.4934280216693878,0.4942328929901123,0.5046974867582321,0.5064577609300613,0.24864252656698227,0.24943063408136368,0.3132011592388153,0.3124735653400421,0.4846029281616211,0.48413555324077606,198.08471679687503,-163.49136352539062,1.0681543350219727,-0.06303790211677551,-1.3763610124588013,-1.7909529209136965,0.6259225010871887,0.6318867206573486,0.47979036431860095,0.49500294943424916,0.8478347063064575,0.8493481278419495,0.8086594035460459,0.810733680403666,0.25364914536476135,0.24988487362861633,-0.9936115565381478,-1.0125599082956156,0.8363634943962097,0.8277422785758972,0.7831211551343323,0.7627709570148501,0.7224549055099487,0.7169091105461121,0.8618510944651461,0.83054215708129,0.7925015091896057,0.7824323177337646,0.6854716406103727,0.6621875875823943,0.2902826964855194,0.2953453063964844,-0.8486214739565352,-0.8331511947769904,0.7292984127998352,0.7182004451751709,0.5447631968452037,0.5195995551316611
274,11.416666666666666,274,11.416666666666666,0.0,0.0353387034827365,0.03274209005615655,0.5526873516557788,0.5604759923863074,0.09208876235293276,0.09562502143862067,0.09365974585748854,0.09601705551245054,0.1021397390355854,0.09753065127928727,0.11759864299265621,0.115390077116284,0.08240439603920806,0.08259209078669535,0.492406889796257,0.4925647974014282,0.4930364787578583,0.4938930869102478,0.5037443935871124,0.5053805261850357,0.2467108815908432,0.246792234480381,0.3100476861000061,0.3102060556411743,0.4849626123905182,0.4839109033346176,196.24320983886722,-163.9236297607422,1.0398021936416626,0.1570567786693573,-1.4925713539123535,-2.1976919174194336,0.6247408986091614,0.632846474647522,0.47736272831890636,0.5008987198639444,0.8490965366363525,0.8485137224197388,0.8080892872061018,0.8059317938794645,0.2538496255874634,0.2506934404373169,-0.985899949946443,-1.0008354133453616,0.8393772840499878,0.8266837000846863,0.7865202342513183,0.7576778908924713,0.7220503091812134,0.7171489000320435,0.8612736992458313,0.8321791713561332,0.7924615740776062,0.7821228504180908,0.6824044677544983,0.6591789116506019,0.2891935706138611,0.2953401207923889,-0.846458880766138,-0.8253888308989763,0.7347132563591003,0.7188858389854431,0.5542488804959108,0.5193974415254584
275,11.458333333333334,275,11.458333333333334,0.0,0.04132121876079825,0.03965113201928748,0.5603644419355184,0.5600091218230355,0.09323214896420727,0.09667417394948523,0.09405552502519864,0.09669060708663042,0.09583796318827034,0.09558405035591952,0.10912605260005116,0.11228421432731969,0.0831435297282916,0.08290524273588634,0.4922401160001755,0.49223296344280243,0.49273791909217834,0.4935016334056854,0.503229632973671,0.5051914751529694,0.24434910714626312,0.2452412247657776,0.3077212870121002,0.30787914991378784,0.4851529449224472,0.48252177238464355,196.4820404052735,-164.4999542236328,0.8208093047142029,-0.1680828481912613,-1.40599524974823,-2.1325666904449463,0.6244555711746216,0.6333551406860352,0.47691533112676976,0.5038408959610203,0.8495979905128479,0.8488329648971558,0.806492452013584,0.8100302004548712,0.2535763382911682,0.25100964307785034,-0.9821617837515004,-0.9992473411015282,0.8411456346511841,0.8279417753219604,0.7877879551720327,0.7638331559057665,0.7217782139778137,0.7166378498077393,0.8597926353360165,0.8312444124523193,0.7930480241775513,0.7818217277526855,0.6813511678532916,0.6618471064998318,0.2889558672904968,0.2963864505290985,-0.8429750714172614,-0.8208606569582827,0.7367979884147644,0.7196483612060547,0.5568736099413982,0.5243620784795608
276,11.5,276,11.5,0.0,0.04210686966218443,0.04118205175417501,0.564339756495066,0.5618080899838703,0.09178305436062481,0.09628319038326005,0.0926445867976324,0.09648091572275012,0.09476720766247565,0.09436510953225888,0.10914652232587124,0.11287488086500078,0.08316141929988702,0.08293975272243632,0.49201297760009766,0.492093563079834,0.4927465617656708,0.49347367882728577,0.503198578953743,0.5056746751070023,0.2425004094839096,0.2439863309264183,0.3051641583442688,0.3058154284954071,0.48546333611011505,0.48157504200935364,195.44265747070315,-165.12232971191406,0.30194610357284546,-0.559619128704071,-1.645792841911316,-2.3048713207244873,0.6245956420898438,0.6332021355628967,0.47665503467864767,0.5025268393654742,0.849406361579895,0.849001407623291,0.80380727429891,0.8144199325595264,0.2531397342681885,0.2514423131942749,-0.9818343558416002,-1.001812353509601,0.8397248387336731,0.8258137702941895,0.7824245908966408,0.7630233105500325,0.722223162651062,0.7154874801635742,0.8599810229402164,0.8267753894460155,0.7942238450050354,0.7811297178268433,0.6819307575563863,0.6639787497816857,0.2881773114204407,0.29587239027023315,-0.8442623493933147,-0.826733934117194,0.7391530275344849,0.7156329154968262,0.5603009402868377,0.5188016304224162
277,11.541666666666666,277,11.541666666666666,0.0,0.034787645300539516,0.03660904565362119,0.5640227750593778,0.5643749606119515,0.09228433377148905,0.09390240938711007,0.09365301353238085,0.09424760578475831,0.09759042442347941,0.09514816009092625,0.11282002600999397,0.11331554778910874,0.0829499900656303,0.08271041431098818,0.49199847877025604,0.491812601685524,0.4923001527786255,0.49293428659439087,0.5033170580863953,0.5055862963199615,0.24229417741298676,0.2432420253753662,0.3045775294303894,0.30440884828567505,0.4852815419435501,0.48157066106796265,195.11250305175784,-166.25852966308594,0.9744324088096619,-0.054680805653333664,-1.3651225566864014,-2.1752963066101074,0.6238950490951538,0.6332112550735474,0.4730761364098799,0.5026029523999741,0.8491299152374268,0.8488268256187439,0.802982280976268,0.8135439912855921,0.2530769109725952,0.2516156733036041,-0.9817931197961111,-1.000167884068332,0.8380874395370483,0.8256621360778809,0.7786124803221006,0.7622296886134595,0.7219865322113037,0.7150908708572388,0.8579286244890055,0.8250550576634562,0.795159637928009,0.7816470265388489,0.6838744889405044,0.6647276414114571,0.2877163290977478,0.2942200303077698,-0.8458886984581969,-0.832386630115178,0.7396246790885925,0.7168769836425781,0.5613135784186369,0.5212493712018222
278,11.583333333333334,278,11.583333333333334,0.0,0.032476837222298924,0.03620266761041284,0.5589100807922952,0.5618255709977842,0.09117939004370751,0.0932513228660119,0.0936658158413318,0.09395153613579106,0.10109552147474231,0.0962987181452022,0.1165313844446213,0.11362211835615829,0.08322951864228784,0.08313148181503578,0.4914649873971939,0.49166981875896454,0.49161410331726074,0.4926629662513733,0.5031093806028366,0.505099818110466,0.24235299229621887,0.24311213195323944,0.3045983910560608,0.30398690700531006,0.4857971966266632,0.4821080267429352,194.56445312500006,-166.125732421875,1.0811127424240112,0.07723812758922577,-1.2033319473266602,-2.0368740558624268,0.6237699389457703,0.6340781450271606,0.47394677299016413,0.5076507521826192,0.8481718897819519,0.8481920957565308,0.8006535384967686,0.8104974479800255,0.25325196981430054,0.25154393911361694,-0.9814235503066489,-0.9979803256109278,0.8360989689826965,0.8285353183746338,0.7739788646288206,0.7669780237492286,0.7217084765434265,0.7152448892593384,0.8586429362041597,0.8271180591844586,0.7945553064346313,0.7821504473686218,0.682189672255582,0.6642835260712672,0.2882533669471741,0.2936135530471802,-0.8439403540651316,-0.8323969158400771,0.7390495538711548,0.7197995185852051,0.5595517562082015,0.5262407295237157
279,11.625,279,11.625,0.0,0.03171335563466305,0.03510793561050437,0.558624526197156,0.5602202294852385,0.09037319659525753,0.09275537586776274,0.09313986546491666,0.09346905718198183,0.09996329421449872,0.0965860310886318,0.11636024876469715,0.1133270010566498,0.08335970731037644,0.08334804027058244,0.49152372777462006,0.49161070585250854,0.49161529541015625,0.49264010787010193,0.5033335983753204,0.5051035583019257,0.2421170175075531,0.24294687807559967,0.3040785789489746,0.3038378357887268,0.48622122406959534,0.48253925144672394,194.2564544677735,-166.1112518310547,1.1447303295135498,-0.14518889784812927,-1.2185500860214233,-1.9894953966140747,0.623462975025177,0.6343591809272766,0.47081496092266856,0.5108510869409574,0.8474076390266418,0.8481350541114807,0.796260120377908,0.8127717601418932,0.2535513639450073,0.25205758213996887,-0.9789546589029531,-1.000102040768149,0.8359671831130981,0.8298889398574829,0.7710388539468884,0.772208038430978,0.7215098142623901,0.7154387831687927,0.8550833228455703,0.8312982914225313,0.7946279048919678,0.7817040681838989,0.6799035916845808,0.6650861768644709,0.2884604334831238,0.29356491565704346,-0.8421378979341476,-0.8360545044789259,0.7387031316757202,0.7197349667549133,0.5566136095334742,0.5273200010065021
280,11.666666666666666,280,11.666666666666666,0.0,0.03195305232561787,0.033662041643210405,0.5536237593731897,0.5582135915115032,0.09140378096484222,0.09271765317177473,0.09385780259216744,0.09357924088966622,0.09863758674656817,0.09573358903343893,0.11480149224799993,0.11170447999914028,0.08374536812122414,0.08358448290533874,0.4914776384830475,0.49160484969615936,0.49156737327575684,0.49258098006248474,0.5033796429634094,0.5044194906949997,0.2417539283633232,0.24286001920700073,0.3035860061645508,0.3036000430583954,0.4865351915359497,0.4825514853000641,194.4275512695313,-166.3282928466797,1.0726968050003052,-0.0865817442536354,-1.2038956880569458,-1.8811569213867188,0.6231868863105774,0.6344093084335327,0.4695513308977636,0.5156325331001392,0.8472909927368164,0.8478044867515564,0.7953089148942937,0.8149806474925235,0.25329381227493286,0.2523651123046875,-0.9801421963960306,-0.9998278316675513,0.834978461265564,0.828700840473175,0.7681651627733088,0.7723551195665305,0.7212071418762207,0.7159375548362732,0.8537145932342282,0.8390318342393687,0.7942681908607483,0.7810326814651489,0.6784168042633931,0.6659942493238338,0.2886999249458313,0.293124794960022,-0.8413777372358949,-0.8381457954775904,0.7372955083847046,0.7184354662895203,0.5528169327497245,0.5263225183528897
281,11.708333333333334,281,11.708333333333334,0.0,0.03216676609451794,0.034546089300875146,0.5540066985948321,0.5573817053497103,0.09111717901688304,0.09419702875486834,0.09334448776261109,0.0950998309758424,0.09838089808306145,0.09322697395489583,0.11397975193401029,0.10942345124904154,0.08347108274822941,0.08340565556391602,0.4915577620267868,0.49158482253551483,0.4916129410266876,0.49255505204200745,0.5030334889888763,0.5044306218624115,0.24133341759443283,0.242298923432827,0.3028373718261719,0.3026179075241089,0.4869881868362427,0.4832572191953659,194.0489196777344,-166.78634643554688,1.1452220678329468,-0.020012598484754562,-1.1721988916397095,-1.9262669086456299,0.6227846145629883,0.6343972086906433,0.46873319402550173,0.5172369249105311,0.846834123134613,0.8476076722145081,0.7922919348493925,0.81564212607297,0.25303202867507935,0.25236397981643677,-0.9785626852534477,-1.0031668753192364,0.8345886468887329,0.8270967602729797,0.7653304185743939,0.7697259931710996,0.7206377983093262,0.716042160987854,0.8517528536995893,0.8421649321104783,0.7941105961799622,0.7808513045310974,0.6762077416730428,0.6662000018351134,0.288512647151947,0.29248911142349243,-0.8396834593177398,-0.8434781415411211,0.7383965253829956,0.7127019166946411,0.5535391090794988,0.5136394351474737
282,11.75,282,11.75,0.0,0.032747167962165195,0.033063772812579065,0.5532534226664075,0.5601999253443128,0.09228926530945569,0.09401355733056352,0.09424539849588678,0.09486460679914929,0.09677183486645959,0.09412063243006466,0.11110165624781228,0.10983104840210221,0.08300819746625497,0.08330889638816955,0.4917674660682678,0.4915654957294464,0.49176231026649475,0.492521733045578,0.5029780715703964,0.5042729675769806,0.24066229909658432,0.24200918525457382,0.30222272872924805,0.30226239562034607,0.4872173070907593,0.48431164026260376,193.9196472167969,-166.8410186767578,1.4981626272201538,0.054420895874500275,-1.0637803077697754,-1.8910080194473269,0.6221651434898376,0.6343024373054504,0.4657401151419901,0.5163559278522561,0.8472998142242432,0.8479503989219666,0.7914783618566742,0.8122693557488695,0.252552330493927,0.252652645111084,-0.9785735281952874,-0.9992015298122439,0.8341648578643799,0.8275311589241028,0.7626071072502691,0.766658368132769,0.7205671668052673,0.7166382670402527,0.8502597524740444,0.8433171455437458,0.7948506474494934,0.7814928293228149,0.6761926154590086,0.6638213535558319,0.28867486119270325,0.292380690574646,-0.8374196988752811,-0.8414387409619045,0.7370579838752747,0.71486896276474,0.5491616106562678,0.5150018895192174
283,11.791666666666666,283,11.791666666666666,0.0,0.034121021632098875,0.033313896643192044,0.5534255374140115,0.5610691934007899,0.09074142747865101,0.09364571880796853,0.09242855845982581,0.09444616080148759,0.09761288671268938,0.09290517815984313,0.11162584859895505,0.10901569416623691,0.08305661389294267,0.08317848957257794,0.49194055795669556,0.49165257811546326,0.49192333221435547,0.4925987422466278,0.5027747601270676,0.5040183961391449,0.24039030820131302,0.24165692925453186,0.3012007176876068,0.30148792266845703,0.48701733350753784,0.48439091444015503,193.38529968261722,-167.26780700683594,1.446018099784851,0.08578861504793167,-1.0648006200790405,-1.9478989839553833,0.6216481328010559,0.634334146976471,0.4640549716970724,0.5174861628812589,0.8474560976028442,0.8474204540252686,0.7914780295065917,0.8108981743420671,0.25267234444618225,0.25241076946258545,-0.9763437077575151,-0.9991383577496078,0.833024263381958,0.827658474445343,0.7597875432183507,0.7667558899950113,0.7202979922294617,0.7170997858047485,0.8491618858461168,0.8461499857918643,0.7945627570152283,0.7810969948768616,0.675330930047451,0.6627516295706475,0.28890907764434814,0.2923954725265503,-0.8348836328861907,-0.8403583911717607,0.7365696430206299,0.7143672704696655,0.5479853719063765,0.5136976111070672
