source_frame,source_time_s,candidate_frame,candidate_time_s,candidate_minus_source_sampling_ms,source_mouth_aperture,candidate_mouth_aperture,source_mouth_width,candidate_mouth_width,source_left_eye_aperture,candidate_left_eye_aperture,source_right_eye_aperture,candidate_right_eye_aperture,source_left_brow_height,candidate_left_brow_height,source_right_brow_height,candidate_right_brow_height,source_interocular_width_fraction,candidate_interocular_width_fraction,source_face_center_x,candidate_face_center_x,source_nose_x,candidate_nose_x,source_shoulder_center_x,candidate_shoulder_center_x,source_face_center_y,candidate_face_center_y,source_nose_y,candidate_nose_y,source_shoulder_center_y,candidate_shoulder_center_y,source_head_pitch_deg,candidate_head_pitch_deg,source_head_yaw_deg,candidate_head_yaw_deg,source_head_roll_deg,candidate_head_roll_deg,source_left_wrist_x,candidate_left_wrist_x,source_left_wrist_body_relative_x,candidate_left_wrist_body_relative_x,source_left_wrist_y,candidate_left_wrist_y,source_left_wrist_body_relative_y,candidate_left_wrist_body_relative_y,source_right_wrist_x,candidate_right_wrist_x,source_right_wrist_body_relative_x,candidate_right_wrist_body_relative_x,source_right_wrist_y,candidate_right_wrist_y,source_right_wrist_body_relative_y,candidate_right_wrist_body_relative_y,source_left_elbow_x,candidate_left_elbow_x,source_left_elbow_body_relative_x,candidate_left_elbow_body_relative_x,source_left_elbow_y,candidate_left_elbow_y,source_left_elbow_body_relative_y,candidate_left_elbow_body_relative_y,source_right_elbow_x,candidate_right_elbow_x,source_right_elbow_body_relative_x,candidate_right_elbow_body_relative_x,source_right_elbow_y,candidate_right_elbow_y,source_right_elbow_body_relative_y,candidate_right_elbow_body_relative_y
0,0.0,0,0.0,0.0,0.02450384382626476,0.02313222042026509,0.576497971813536,0.5819293214026005,0.08286559096039894,0.08469480709028818,0.08384906516471578,0.08584883063667768,0.08753680551115908,0.08597049364527697,0.10931238663437359,0.10772509013565701,0.12362159279881393,0.12382175065525791,0.4934946298599243,0.4934519976377487,0.49217960238456726,0.4923935830593109,0.5104201436042786,0.5128893405199051,0.3535947650671005,0.3534930795431137,0.4357941448688507,0.4371868669986725,0.7567371726036072,0.7666097581386566,-175.81756591796875,-175.00222778320312,4.043478488922119,3.4809224605560303,-1.8052556514739988,-1.79973840713501,,,,,,,,,,,,,,,,,,,,,,,,,,,,,,,,
1,0.041666666666666664,1,0.041666666666666664,0.0,0.02145805438605199,0.02276728837654606,0.5834351332259796,0.5817853345327745,0.07862419907807873,0.07893209715910263,0.08022921035490993,0.08017496219315945,0.09889443946616372,0.09564842126486121,0.11671198688317733,0.11528051767148768,0.12433832848104379,0.12468446690071448,0.492679163813591,0.4924607574939728,0.4924209415912628,0.49243637919425964,0.5103625059127808,0.5099807977676392,0.3534684181213379,0.3532480448484421,0.4336007833480835,0.4344082474708557,0.7609322369098663,0.7705153822898865,-176.5083465576172,-175.92526245117188,1.701923131942749,1.7094826698303223,-1.6198786497116089,-1.9213629961013796,,,,,,,,,,,,,,,,,,,,,,,,,,,,,,,,
2,0.08333333333333333,2,0.08333333333333333,0.0,0.023629615882265816,0.026210534395901954,0.5888926351678248,0.5821724639234879,0.08242818428621404,0.08285579921718761,0.0831489348594764,0.08327741288883629,0.09594898386488376,0.09616204914341514,0.11422215912021759,0.11523121399228982,0.12532873153933746,0.1249956054069821,0.49210038781166077,0.4921472668647766,0.4922332167625427,0.4921693801879883,0.5107029378414154,0.5096240192651749,0.35370877385139465,0.35372012853622437,0.43421465158462524,0.43468621373176575,0.7597649693489075,0.7695144712924957,-175.781982421875,-175.7587127685547,1.3401650190353394,1.73207426071167,-1.8588905334472654,-1.9469501972198486,,,,,,,,,,,,,,,,,,,,,,,,,,,,,,,,
3,0.125,3,0.125,0.0,0.02629764278844192,0.027259204425562143,0.5832727043661972,0.5764634829996705,0.08450737884525598,0.08353715964075299,0.08527571228707917,0.08408644730988094,0.09923370474044813,0.09949532171673363,0.11545658781047274,0.11622202061317315,0.12472039412789442,0.12424502199856227,0.49178528785705566,0.49192024767398834,0.49209219217300415,0.49227768182754517,0.5108822882175446,0.5102058053016663,0.35145123302936554,0.35138481855392456,0.4299370348453522,0.429951548576355,0.7622504532337189,0.768906444311142,-177.26319885253906,-177.274169921875,0.9469060301780702,1.100840449333191,-1.7252678871154785,-1.8554348945617678,,,,,,,,,,,,,,,,,,,,,,,,,,,,,,,,
4,0.16666666666666666,4,0.16666666666666666,0.0,0.026131017751794723,0.027580646622603476,0.5848009594006208,0.5869399919796481,0.0823926188683278,0.08604358616176713,0.08263809187541009,0.08593440710269887,0.10019501761795796,0.09903287068720507,0.11713944222668192,0.11778622783129347,0.12517631294874357,0.12432584374561868,0.49182115495204926,0.49153177440166473,0.4922398328781128,0.4921865165233612,0.5114037990570068,0.5110908001661301,0.35119858384132385,0.3512377440929413,0.4296702444553375,0.42979544401168823,0.7639186680316925,0.7694625854492188,-176.96324157714844,-176.97265625,0.8515561819076538,0.8675031661987305,-1.7681704759597778,-2.0581181049346924,,,,,,,,,,,,,,,,,,,,,,,,,,,,,,,,
5,0.20833333333333334,5,0.20833333333333334,0.0,0.02976089155134413,0.0315394909238557,0.5698891192212747,0.5561211282174625,0.050611386882470334,0.05299076470161398,0.05019076178149047,0.05209584782568764,0.15319580598160412,0.14941980609343924,0.17906531220654592,0.17527718118950214,0.1219031277298513,0.12283425215428552,0.4928801357746124,0.4927157163619995,0.4943298101425171,0.4940301775932312,0.5142284035682678,0.5098953694105148,0.34619756042957306,0.3464054763317108,0.4137747287750244,0.4145284593105316,0.7649142146110535,0.7674610614776611,-182.9410400390625,-182.67303466796875,0.6711190938949585,0.8315153121948242,-2.7426342964172363,-2.8726389408111572,,,,,,,,,,,,,,,,,,,,,,,,,,,,,,,,
6,0.25,6,0.25,0.0,0.037571556199461946,0.03818231030816722,0.5610413606835831,0.5551313665853147,0.05164302736683073,0.05141987090883341,0.04977329822751396,0.04922848799630313,0.14176335141988108,0.14093332266906267,0.17054674590927837,0.16971319391968803,0.12196764346359576,0.12305376232504195,0.49332040548324585,0.4931470900774002,0.49476778507232666,0.4944173991680145,0.5140672326087952,0.5117124021053314,0.33785948157310486,0.3380998373031616,0.40216007828712463,0.40306931734085083,0.762779027223587,0.765374094247818,-184.403076171875,-184.2686004638672,1.0812755823135376,1.48929762840271,-3.0269980430603027,-3.1220104694366455,,,,,,,,,,,,,,,,,,,,,,,,,,,,,,,,
7,0.2916666666666667,7,0.2916666666666667,0.0,0.04392681326688834,0.04671014108814358,0.553607119939818,0.5452776121211497,0.05697752700146744,0.05765025227473218,0.054759708333153405,0.05500053333661402,0.1346706585640132,0.13337028168342738,0.16207112357600048,0.16207321384671486,0.12261904422484392,0.12322358334545357,0.4932193458080292,0.4931812733411789,0.49477067589759827,0.49495843052864075,0.5151021927595139,0.5131040066480637,0.33260320127010345,0.333034411072731,0.3966866433620453,0.3971285820007324,0.7611772119998932,0.7660902738571167,-184.3589324951172,-184.41464233398438,0.7056552171707153,0.5671501755714417,-2.9868125915527344,-3.2713999748229985,,,,,,,,,,,,,,,,,,,,,,,,,,,,,,,,
8,0.3333333333333333,8,0.3333333333333333,0.0,0.044050759796763386,0.045173930774154956,0.5500894013052195,0.5408443768018167,0.06303195338475233,0.06389648725492705,0.06082967899156773,0.06098076271627059,0.13411381535056394,0.13465883020425864,0.16051863450246104,0.16282987712217648,0.12378001956723052,0.12361553439625567,0.4932856410741806,0.49330779910087585,0.4947662651538849,0.4944654107093811,0.5156572908163071,0.5148155093193054,0.33207881450653076,0.33222542703151703,0.3964441120624542,0.39686495065689087,0.761324554681778,0.7662980556488037,-184.3209686279297,-184.1711883544922,0.812889575958252,1.5564641952514648,-2.901233434677124,-3.2023215293884277,,,,,,,,,,,,,,,,,,,,,,,,,,,,,,,,
9,0.375,9,0.375,0.0,0.053762314291947104,0.051229384862911315,0.5258272811710004,0.521670906504725,0.07037105919615984,0.06990546492261954,0.06803598450867698,0.06686531098014925,0.11743303375737904,0.11997507456199143,0.1469300428832691,0.14854847212182296,0.12450462672773727,0.12473675414828615,0.49288637936115265,0.49314969778060913,0.4951920211315155,0.4952743947505951,0.5149458050727844,0.5149315595626831,0.32804594933986664,0.3286101967096329,0.3900957405567169,0.39094865322113037,0.763344407081604,0.7677119672298431,-184.74238586425778,-184.7192840576172,-0.38238391280174255,0.06592118740081787,-3.455672025680542,-3.4718337059020996,,,,,,,,,,,,,,,,,,,,,,,,,,,,,,,,
10,0.4166666666666667,10,0.4166666666666667,0.0,0.05282002795492072,0.04897196795060786,0.5303667918127487,0.525523095926023,0.06966058450302776,0.06937989161549404,0.06646359279258508,0.0663110742645232,0.11963274233964744,0.12149175486210415,0.14798311026822422,0.14953191143683578,0.12440888979797553,0.12437311751385591,0.492730975151062,0.49271272122859955,0.4947565793991089,0.49477607011795044,0.5141051262617111,0.5142055153846741,0.3274327963590622,0.3277735114097595,0.38938108086586,0.39021599292755127,0.7640718519687653,0.7678591310977936,-184.7452697753906,-184.58053588867185,0.004529156722128391,0.111697718501091,-3.4252820014953613,-3.3698911666870117,,,,,,,,,,,,,,,,,,,,,,,,,,,,,,,,
11,0.4583333333333333,11,0.4583333333333333,0.0,0.050240743016030244,0.045974086236121293,0.5302212544028942,0.5249834139518181,0.06940929952338437,0.06872359522518115,0.06634638930293474,0.06523206786828147,0.12110872826640011,0.12570373851360875,0.14837034311026118,0.15304495216732425,0.12395934433907835,0.12388724572937129,0.49266478419303894,0.4928307831287384,0.49485623836517334,0.494152307510376,0.5134472548961639,0.5134286284446716,0.3272763639688492,0.328084260225296,0.3895440697669983,0.3900694251060486,0.7634422183036804,0.7689037024974823,-184.4157562255859,-184.66319274902344,-0.4417014718055725,1.1463334560394287,-3.283480644226074,-3.2650818824768066,,,,,,,,,,,,,,,,,,,,,,,,,,,,,,,,
12,0.5,12,0.5,0.0,0.049002474757350874,0.04718435516490129,0.5315605278387378,0.5285983607316195,0.06913116760676041,0.06918326769945192,0.06604434363095384,0.06595585184592473,0.1208559306320806,0.12408567740299581,0.14752220327322532,0.14924403170498807,0.12390542852635923,0.12379574799194686,0.49273695051670074,0.49279506504535675,0.4945136308670044,0.4944482743740082,0.5132225155830383,0.5132259130477905,0.3269675374031067,0.3276577442884445,0.38926973938941956,0.38964200019836426,0.7617386281490326,0.7707707583904266,-184.41970825195312,-184.637451171875,0.16213452816009521,0.30833977460861206,-3.246465921401978,-3.078798294067383,,,,,,,,,,,,,,,,,,,,,,,,,,,,,,,,
13,0.5416666666666666,13,0.5416666666666666,0.0,0.028908710328958115,0.030015870449364705,0.5449751715976158,0.5422976297197971,0.06765193984216931,0.06942598186120434,0.0642992050143196,0.06540946432979926,0.12282497972321565,0.12284093335742456,0.1491046471134799,0.14941563649778825,0.12417174855620737,0.12428758624718948,0.4930044561624527,0.4931444227695465,0.494576632976532,0.4947282373905182,0.5119382739067078,0.5133317708969116,0.32741890847682953,0.3276018500328064,0.38956117630004883,0.390509694814682,0.7627058625221252,0.7719231843948364,-184.46847534179685,-184.19818115234372,0.6607328653335571,0.7181239724159241,-3.2233340740203857,-3.397509098052979,,,,,,,,,,,,,,,,,,,,,,,,,,,,,,,,
14,0.5833333333333334,14,0.5833333333333334,0.0,0.02764747012963608,0.029868574555743484,0.5557224970154457,0.554196862884571,0.06963958494118559,0.07166726432547242,0.06672416506306711,0.06830517568975465,0.11944485064275683,0.11958426761212748,0.1435819003118917,0.1451266314922291,0.12430971968180353,0.12408334662782886,0.4931574612855911,0.4930930435657501,0.49457910656929016,0.49462106823921204,0.5115784555673599,0.513034924864769,0.32802265882492065,0.3284134119749069,0.3922652304172516,0.3929038345813751,0.7637020349502563,0.7724744975566864,-183.56065368652344,-183.40902709960935,0.5480099320411682,0.5032705664634705,-2.936396837234497,-3.133941888809204,,,,,,,,,,,,,,,,,,,,,,,,,,,,,,,,
15,0.625,15,0.625,0.0,0.024526677875087832,0.027116915778683567,0.5476344895643,0.5467758140440595,0.0752249433290864,0.07595558103493903,0.07345758825566978,0.07392169517434752,0.11157037452175624,0.11293321203834332,0.1358114131929498,0.13679706768180247,0.12437464465520127,0.12449084142510053,0.4930616617202759,0.49338608980178833,0.49418917298316956,0.494672566652298,0.5126061886548996,0.5123321563005447,0.32963088154792786,0.329915314912796,0.39596766233444214,0.3962988257408142,0.762832760810852,0.7722090780735016,-182.40365600585938,-182.5328826904297,0.8286084532737732,0.4988139569759369,-2.7697882652282715,-2.7581095695495605,,,,,,,,,,,,,,,,,,,,,,,,,,,,,,,,
16,0.6666666666666666,16,0.6666666666666666,0.0,0.028093348665864434,0.02700132954905051,0.5490718348413026,0.5432587444395532,0.07530205665962245,0.07750078277559153,0.07287781470429609,0.0751626978845254,0.11348572502101385,0.11306271064310124,0.13593990328751202,0.1366557020360908,0.12379316454962572,0.12379698558344385,0.493080735206604,0.4931507557630539,0.49469029903411865,0.494949072599411,0.512688398361206,0.5128762423992157,0.32990390062332153,0.33020225167274475,0.3964117765426636,0.3976222276687622,0.7625582814216614,0.7710120677947998,-182.4153594970703,-181.90492248535156,-0.05270468071103097,-0.20982547104358673,-2.6627681255340576,-2.8695178031921387,,,,,,,,,,,,,,,,,,,,,,,,,,,,,,,,
17,0.7083333333333334,17,0.7083333333333334,0.0,0.037392009323255274,0.035051015931400586,0.5311409570510591,0.5309865557262914,0.07901096568683522,0.08188021881921889,0.07706330528410135,0.0793654385552242,0.10066246368974961,0.10144667362123366,0.12659571472235612,0.12541723918732564,0.1251167855909108,0.12512274172211815,0.4932560920715332,0.49347148835659027,0.49538087844848633,0.49548229575157166,0.5124299973249435,0.5123979449272156,0.3336164057254791,0.3340899497270584,0.40548253059387207,0.4051069915294647,0.7638387680053711,0.770155280828476,-180.6556854248047,-181.14590454101562,-0.6544837355613708,-0.44060632586479187,-3.091371536254883,-3.0472021102905273,,,,,,,,,,,,,,,,,,,,,,,,,,,,,,,,
18,0.75,18,0.75,0.0,0.03790863949010322,0.03374957385153006,0.5370438544092021,0.5380939139508862,0.08183923462821739,0.08276972297777056,0.08066875984176729,0.08137822036934497,0.10109923496159355,0.09983676735072279,0.12472332055551458,0.12335071093448075,0.12379725256158541,0.12393226449951956,0.49335572123527527,0.49358220398426056,0.4958416521549225,0.4957333207130432,0.5125613808631897,0.512308657169342,0.33672258257865906,0.336587056517601,0.40860840678215027,0.40893977880477905,0.7644946873188019,0.7706744074821472,-180.46490478515625,-180.51502990722656,-1.7272002696990967,-1.1259816884994507,-2.69505786895752,-2.6937530040740967,,,,,,,,,,,,,,,,,,,,,,,,,,,,,,,,
19,0.7916666666666666,19,0.7916666666666666,0.0,0.03893811639913042,0.03227988795320731,0.5319062392208411,0.5459455217980074,0.08249559262324148,0.08264140315645342,0.08088067663537239,0.08110530887880751,0.10092578103320789,0.0995182021648327,0.12369170528596213,0.1236184669497247,0.12436081796771319,0.12421426670763773,0.49352604150772095,0.49371960759162903,0.49572259187698364,0.49541062116622925,0.5125090628862381,0.5132273286581039,0.33877381682395935,0.3389018625020981,0.41302260756492615,0.4132896959781647,0.7635925710201263,0.7702642977237701,-179.45726013183594,-179.70404052734378,-0.8760539293289185,0.1562497466802597,-2.700526714324951,-2.763000011444092,,,,,,,,,,,,,,,,,,,,,,,,,,,,,,,,
20,0.8333333333333334,20,0.8333333333333334,0.0,0.03775690888802794,0.03036250576372521,0.5390221518658912,0.5485239938835965,0.0814606174497871,0.08374640823871737,0.07972143652802745,0.08293254764579108,0.1022019006820138,0.09957635248052164,0.12413270013409346,0.12269911768649319,0.12398802196036092,0.1240612565011523,0.49374350905418396,0.49359387159347534,0.49571189284324646,0.49552133679389954,0.5118851959705353,0.5135982632637024,0.3393394649028778,0.33969999849796295,0.4139740765094757,0.4139901101589203,0.7640013992786407,0.7700130939483643,-179.2132110595703,-179.6068878173828,-0.6671856045722961,-0.5531159043312073,-2.5544486045837402,-2.6149322986602788,,,,,,,,,,,,,,,,,,,,,,,,,,,,,,,,
21,0.875,21,0.875,0.0,0.022998840070368336,0.028372766692691453,0.5488556163934589,0.5473625500594748,0.07844805795003675,0.07981423208403905,0.07620005614474064,0.07709699917589345,0.1028507713105828,0.09944373102927835,0.1212357991726225,0.12124479493872292,0.12522184192394573,0.12427525852910105,0.49372151494026184,0.4933125376701355,0.49497419595718384,0.49539414048194885,0.5111319422721863,0.5125184208154678,0.345233291387558,0.3447118252515793,0.42404985427856445,0.4238656163215637,0.7669171094894409,0.7715746462345123,-177.46572875976562,-177.2113037109375,1.0825202465057373,0.23181752860546115,-2.473851442337036,-3.002560615539551,,,,,,,,,,,,,,,,,,,,,,,,,,,,,,,,
22,0.9166666666666666,22,0.9166666666666666,0.0,0.023108379887381222,0.024527261562991353,0.5496041224533377,0.5545905894446356,0.07906203931139263,0.08215462593270276,0.07807711495369975,0.07980462603044826,0.10479692676547132,0.10317494889621102,0.1219385232713846,0.12226766888980109,0.12428999312947564,0.12429351032902933,0.49387603998184204,0.49359847605228424,0.49509724974632263,0.49534517526626587,0.5102027058601379,0.5126895159482956,0.34986712038517,0.35000012814998627,0.4318416714668274,0.43145185708999634,0.767240434885025,0.773472398519516,-175.72232055664062,-176.27989196777344,0.5180612206459045,0.3208346366882324,-2.1009328365325928,-2.484848737716675,,,,,,,,,,,,,,,,,,,,,,,,,,,,,,,,
23,0.9583333333333334,23,0.9583333333333334,0.0,0.02512791191463567,0.02499513373298286,0.5497001474569506,0.5496272814011478,0.07759597854242617,0.07990878284190689,0.07650025864778011,0.07793064472495659,0.10766281013450289,0.10584311252066976,0.1238762272503624,0.12217088057436366,0.12577649336004137,0.12553320620523076,0.49339228868484497,0.49354128539562225,0.495056688785553,0.4954889118671417,0.510197252035141,0.5115200877189636,0.35469113290309906,0.3548232316970825,0.43711164593696594,0.43692630529403687,0.7681982517242432,0.7711829841136932,-176.22113037109375,-176.57406616210938,-0.04427354037761688,-0.08573612570762634,-2.247234582901001,-2.4013593196868896,,,,,,,,,,,,,,,,,,,,,,,,,,,,,,,,
24,1.0,24,1.0,0.0,0.02647348273129427,0.026718316714494792,0.5434574061682568,0.5435287195512679,0.08538041529323477,0.08456285277094333,0.08517645199075537,0.08394083792280897,0.10307869322074399,0.10181935523895938,0.119105930973365,0.12032367961241534,0.12461221497564347,0.12452053755364831,0.49418844282627106,0.49395348131656647,0.49467429518699646,0.49527618288993835,0.5104338079690933,0.5116072297096252,0.3555849939584732,0.3556682616472244,0.43991902470588684,0.44023606181144714,0.7673698663711548,0.7712645530700684,-175.4724578857422,-175.29202270507812,1.5901366472244263,0.7148985266685486,-1.753998875617981,-2.1843011379241943,,,,,,,,,,,,,,,,,,,,,,,,,,,,,,,,
25,1.0416666666666667,25,1.0416666666666667,0.0,0.030795927112310995,0.028584803495664383,0.5442553779774638,0.5448117354424997,0.08119856993245168,0.08025365834745819,0.08060713086021214,0.07896952273128004,0.10187146385203573,0.09712047067183664,0.11758438170968905,0.11580928999740521,0.12612661784605894,0.1266505300078732,0.4941381365060806,0.49420982599258423,0.4958539307117462,0.4964595437049866,0.5116018205881119,0.5111312121152878,0.36067034304142,0.36093299090862274,0.4465078115463257,0.4460754990577698,0.7651377320289612,0.7740365862846375,-175.19935607910156,-175.77215576171875,0.18395355343818665,-0.24691006541252136,-2.2001688480377197,-2.584955215454102,,,,,,,,,,,,,,,,,,,,,,,,,,,,,,,,
26,1.0833333333333333,26,1.0833333333333333,0.0,0.030853050817537808,0.03006273479408474,0.52631169308464,0.5334561219910747,0.08582246331937492,0.08342536564130551,0.08577204328938229,0.082506162789122,0.09635737211138705,0.09615670674711456,0.11206914065778742,0.11286151529777258,0.126012076775186,0.12513539593172096,0.4947344660758972,0.494613453745842,0.4952210485935211,0.49571919441223145,0.5117154568433762,0.5110999792814255,0.36172589659690857,0.36179274320602417,0.4482373893260956,0.44777360558509827,0.7640765309333801,0.7746375203132629,-174.51866149902344,-175.3605499267578,1.8271862268447878,0.8915160894393921,-1.7405184507369995,-1.971086621284485,,,,,,,,,,,,,,,,,,,,,,,,,,,,,,,,
27,1.125,27,1.125,0.0,0.027466770112660896,0.02742535648144708,0.5297808463680902,0.5341208693848752,0.08641054294766518,0.08456087297981435,0.08613670957482832,0.08408457351756203,0.09637061684139094,0.09532735907418759,0.11181322503252669,0.11089873206330822,0.12556944702100326,0.12510704154845978,0.4947584271430969,0.4947306662797928,0.49550357460975647,0.4959366023540497,0.5115319788455963,0.5117302238941193,0.3615786135196686,0.36190298199653625,0.44772350788116455,0.4477686285972595,0.764034628868103,0.7738152146339417,-174.69093322753906,-175.17623901367188,1.4868173599243164,0.6094285845756531,-1.792248725891113,-1.8774570226669312,,,,,,,,,,,,,,,,,,,,,,,,,,,,,,,,
28,1.1666666666666667,28,1.1666666666666667,0.0,0.019225620618846844,0.020486096949455482,0.5450680118697107,0.543386021795204,0.08774827398535875,0.08621069078134393,0.08710005622245243,0.08524171906676313,0.09645335257498251,0.09531742545291859,0.11138506785584015,0.11150333243524545,0.12560408010518156,0.12486963590981405,0.4947659969329834,0.4948049783706665,0.49587246775627136,0.4962752163410187,0.5114659667015076,0.5122744143009186,0.36166900396347046,0.3616999387741089,0.44763094186782837,0.44824475049972534,0.7651700675487518,0.7736673355102539,-173.7457733154297,-173.9154052734375,0.8508053421974182,0.8629477024078369,-1.832326412200928,-2.0631520748138428,,,,,,,,,,,,,,,,,,,,,,,,,,,,,,,,
29,1.2083333333333333,29,1.2083333333333333,0.0,0.0164553120953527,0.016839390615775166,0.5495432501805471,0.5475321105353909,0.08915907386912982,0.08534461282883028,0.08848028368147971,0.08448388401642115,0.09550707810489316,0.09598580890628873,0.11044300732469593,0.11151228613989382,0.12534079949139462,0.12501640542502077,0.49482038617134094,0.49481186270713806,0.4956497251987457,0.4963406026363373,0.5108897536993027,0.5121155232191086,0.3604591339826584,0.36101239919662476,0.4473485052585602,0.4473462700843811,0.7653703987598419,0.7733393907546997,-172.7515411376953,-173.2817840576172,1.422441840171814,0.6526522636413574,-1.7585294246673584,-1.9605827331542967,,,,,,,,,,,,,,,,,,,,,,,,,,,,,,,,
30,1.25,30,1.25,0.0,0.028131536389908916,0.026656893820047763,0.5385382712999915,0.5415919282263629,0.08549162070026067,0.08548588362307834,0.0854806812304302,0.0851954751714852,0.09689515668948238,0.09453737209508022,0.11068682649033451,0.10879033476280758,0.12544348371201927,0.12534015504074217,0.4946635365486145,0.4946133494377136,0.49549609422683716,0.49555546045303345,0.5111373662948608,0.512251615524292,0.36050039529800415,0.36090922355651855,0.44634535908699036,0.4459777772426605,0.7659387588500977,0.7732069492340088,-174.18528747558594,-175.02011108398438,0.6573042869567871,0.6196371912956238,-1.587824821472168,-1.717976212501526,,,,,,,,,,,,,,,,,,,,,,,,,,,,,,,,
31,1.2916666666666667,31,1.2916666666666667,0.0,0.03306464318809902,0.033027297664007055,0.5272399697272874,0.5289132693184948,0.0853404134485492,0.08437804973220608,0.0853945490401655,0.08418162290631456,0.09586263929206218,0.09450572495352194,0.11081928156112435,0.10985746276895567,0.1254933790243342,0.12517050856328626,0.4946107119321823,0.4946528971195221,0.495482861995697,0.49574556946754456,0.5114127695560455,0.511862188577652,0.36045166850090027,0.3606082648038864,0.44630518555641174,0.4459987282752991,0.7640853822231293,0.7735966742038727,-174.64450073242188,-175.2181396484375,0.78118234872818,0.4611788988113404,-1.7284011840820312,-1.8454678058624268,,,,,,,,,,,,,,,,,,,,,,,,,,,,,,,,
32,1.3333333333333333,32,1.3333333333333333,0.0,0.037481447036169395,0.03540455929164468,0.5198026353115931,0.5249583108609397,0.08537354081173974,0.08369265569878868,0.08512110602824285,0.0833335734399888,0.09432760149456727,0.093398923164303,0.1101129685470645,0.10892165533654977,0.12522702258294485,0.12477225944221482,0.49469152092933655,0.49464963376522064,0.4956150949001312,0.49570709466934204,0.5118779391050339,0.5117801427841187,0.36003993451595306,0.3606996387243271,0.4461461305618286,0.44584834575653076,0.7642597258090973,0.7740429043769836,-174.99591064453125,-175.53604125976562,1.0867141485214233,0.5143827199935913,-1.8636995553970337,-1.8580105304718018,,,,,,,,,,,,,,,,,,,,,,,,,,,,,,,,
33,1.375,33,1.375,0.0,0.03900500502172784,0.03688888149518077,0.5195307265875928,0.5213258972483995,0.08504455244707701,0.0849247112962706,0.08495039416655109,0.08463147703617871,0.09440376209881217,0.09282525000938298,0.11049374822238553,0.10890587714007302,0.12543693009890045,0.12491363372346989,0.4944189786911011,0.4946001321077347,0.49550437927246094,0.4957793951034546,0.5115807503461838,0.511552482843399,0.3602488934993744,0.36044031381607056,0.4462960660457611,0.4456680417060852,0.7645791471004486,0.7740454375743866,-175.13485717773438,-175.76055908203125,0.6423579454421997,0.29091599583625793,-1.8566218614578247,-1.8782839775085447,,,,,,,,,,,,,,,,,,,,,,,,,,,,,,,,
34,1.4166666666666667,34,1.4166666666666667,0.0,0.049060393540913995,0.04496622402638642,0.5149839472955694,0.5172802768050919,0.08376015304859097,0.08378310294018479,0.08342934425051368,0.0833151335999208,0.09342413386454361,0.09304851598937612,0.11049748741617,0.10998526351978703,0.1253847443349648,0.12516772671570578,0.49460962414741516,0.4945167005062103,0.49534326791763306,0.4956720471382141,0.5113580375909805,0.5121587514877319,0.35982057452201843,0.3604009747505188,0.44624993205070496,0.44597119092941284,0.7645252645015717,0.7744583487510681,-175.95960998535156,-176.3564910888672,1.7685179710388184,0.639489471912384,-1.9516071081161501,-1.997677803039551,,,,,,,,,,,,,,,,,,,,,,,,,,,,,,,,
35,1.4583333333333333,35,1.4583333333333333,0.0,0.05161009804244922,0.04980778518178306,0.5125289738404188,0.5152941708590953,0.08284611990729565,0.08322498495833504,0.08282754538811901,0.08332293486975162,0.0960811183427544,0.09397885698784617,0.11317938579710594,0.11027115147911104,0.125659911058798,0.12520974669162,0.49458011984825134,0.49458760023117065,0.4954942762851715,0.4957774579524994,0.5116107612848282,0.5120666325092316,0.35976600646972656,0.35999059677124023,0.4463752806186676,0.44578737020492554,0.7631936371326447,0.7744142413139343,-175.81924438476562,-176.3428955078125,1.2957448959350586,0.3241247236728668,-1.919426202774048,-1.9195064306259155,,,,,,,,,,,,,,,,,,,,,,,,,,,,,,,,
36,1.5,36,1.5,0.0,0.04975318403059376,0.04919519876165014,0.5137881723337657,0.5163792618530969,0.08516592445938369,0.08543835931619238,0.08485573787125739,0.0851186420103974,0.0949537811178964,0.09302746092623465,0.11337694889212507,0.11013413843999023,0.1254239407055694,0.1251747922126488,0.4944862574338913,0.49451112747192383,0.4957837462425232,0.49617284536361694,0.5117280185222626,0.5107451826334,0.3598812073469162,0.36006951332092285,0.4463981091976166,0.4454970061779022,0.7640410661697388,0.7758438885211945,-175.05792236328125,-175.68734741210938,0.8866208791732788,-0.23523847758769992,-2.1103734970092773,-2.11055850982666,,,,,,,,,,,,,,,,,,,,,,,,,,,,,,,,
37,1.5416666666666667,37,1.5416666666666667,0.0,0.046933139096013037,0.04735406502402003,0.5221547111578492,0.5213518501288029,0.08544425268041378,0.08583680231208124,0.08466077005561533,0.08561016285305537,0.09309749982317249,0.0938042300596861,0.11153709671424276,0.11144922492595523,0.1253303742106011,0.12496711094875065,0.4941667914390564,0.4943973422050476,0.49552133679389954,0.49629902839660645,0.5113577842712402,0.5107175409793854,0.35951972007751465,0.3600454777479172,0.44528764486312866,0.4450387954711914,0.7637597918510437,0.7730939984321594,-174.6712646484375,-175.2093048095703,0.9106788039207458,-0.5109902024269104,-2.200318574905396,-2.1685373783111572,,,,,,,,,,,,,,,,,,,,,,,,,,,,,,,,
38,1.5833333333333333,38,1.5833333333333333,0.0,0.04384162066081415,0.0463456800565508,0.5188213275745724,0.5115655005483596,0.08667349705194369,0.0860461773699923,0.08604084352527902,0.08563365444752938,0.09033948956444511,0.0927635124364843,0.10736574951581586,0.11093251553501703,0.12533771677214997,0.12517170102255512,0.49411360919475555,0.4942648708820343,0.4954770505428314,0.4961399435997009,0.5113435238599777,0.5108939111232758,0.3595763295888901,0.360134482383728,0.4456336498260498,0.4450424313545227,0.7635089755058289,0.7726224958896637,-174.33497619628906,-175.13800048828125,0.8254036903381348,-0.2673364579677582,-2.0911335945129395,-2.2590374946594243,,,,,,,,,,,,,,,,,,,,,,,,,,,,,,,,
39,1.625,39,1.625,0.0,0.046280028339238055,0.045768811514706215,0.5132359952082464,0.5136764893987242,0.0864359731183911,0.0860994789485561,0.0856447166082776,0.08551817623002025,0.09150065111454261,0.09274003653576057,0.10857424998517698,0.11094530193185594,0.12535152339142666,0.12506510419776287,0.493927001953125,0.4939575046300888,0.49535542726516724,0.49597716331481934,0.5111228823661804,0.5106716603040695,0.3594868332147598,0.36019107699394226,0.44503670930862427,0.44457483291625977,0.763535350561142,0.7726613879203796,-174.32276916503906,-175.17460632324222,0.7648603320121765,-0.48608845472335815,-2.128462314605713,-2.3053932189941406,,,,,,,,,,,,,,,,,,,,,,,,,,,,,,,,
40,1.6666666666666667,40,1.6666666666666667,0.0,0.046622070517999374,0.04595588581776823,0.5157932173533322,0.5166464519729654,0.08612019136388702,0.08545009526558883,0.08524439990730094,0.08461585334462575,0.0930678658380372,0.09231885627241371,0.10960298227373957,0.11019191669921027,0.12543314445008136,0.12517427064555783,0.493623286485672,0.49375127255916595,0.49502694606781006,0.4955986440181732,0.5116278827190399,0.5102084428071976,0.3595268279314041,0.3602367788553238,0.4449519217014313,0.44450798630714417,0.7630899250507355,0.7736212313175201,-174.25050354003906,-175.10975646972656,0.7275027632713318,-0.06877820938825607,-2.103206157684326,-2.3174588680267334,,,,,,,,,,,,,,,,,,,,,,,,,,,,,,,,
41,1.7083333333333333,41,1.7083333333333333,0.0,0.04630322332063792,0.04641101851645578,0.5200415155507374,0.5187231966862856,0.08501269806481622,0.0862738015643711,0.08409761884354802,0.08542986116051107,0.09348454230693785,0.09170025229918363,0.11051603113871544,0.10946513816441492,0.12512009700193985,0.12518251109130724,0.49355363845825195,0.4935794770717621,0.4948679804801941,0.4954432547092438,0.5115122199058533,0.5102313756942749,0.3596327006816864,0.36003996431827545,0.4451071619987488,0.44430726766586304,0.762846827507019,0.7729900777339935,-174.27392578125,-175.0650634765625,0.963653028011322,-0.11285581439733507,-2.130873441696167,-2.3198726177215576,,,,,,,,,,,,,,,,,,,,,,,,,,,,,,,,
42,1.75,42,1.75,0.0,0.047131517201130346,0.04646537530955247,0.5166150965081078,0.5198144253144262,0.08621858189723537,0.08637694633617918,0.08525876798678571,0.08548343715788309,0.09289384664320705,0.09146028670232745,0.1102665953414574,0.10961008100266213,0.12543171473743606,0.12509543446737648,0.4935191422700882,0.4934263229370117,0.4949675500392914,0.49527886509895325,0.5114163756370544,0.5102213621139526,0.3596857339143753,0.35994070768356323,0.44488394260406494,0.4443664848804474,0.7630937099456787,0.7722411751747131,-174.4010009765625,-174.9558868408203,0.7290310859680176,-0.04337988793849945,-2.2102465629577637,-2.3546953201293945,,,,,,,,,,,,,,,,,,,,,,,,,,,,,,,,
43,1.7916666666666667,43,1.7916666666666667,0.0,0.04504303237023087,0.04508748670558033,0.5137032606360468,0.5176958731516549,0.08678571602818037,0.08735240875740935,0.08610565540237486,0.08655613687998727,0.09225854395792345,0.09041514509046605,0.11021113907661463,0.10821902980534884,0.12548159647612758,0.1252011345461858,0.493478462100029,0.4934839904308319,0.4951327443122864,0.4951872229576111,0.5113742351531982,0.5098631978034973,0.35944585502147675,0.35987822711467743,0.44443565607070923,0.4441073536872864,0.762689620256424,0.7728768885135651,-174.42770385742188,-174.9510955810547,0.3971319794654846,0.1501198261976242,-2.256905317306519,-2.271267890930176,,,,,,,,,,,,,,,,,,,,,,,,,,,,,,,,
44,1.8333333333333333,44,1.8333333333333333,0.0,0.029699232901519594,0.033539867008610016,0.5623463864521159,0.5543341396251958,0.08370250372575978,0.08454044747468983,0.08395850492549227,0.08483515121026731,0.09539543985533314,0.09323078869609276,0.1087585825969247,0.10760709252690474,0.12538661302943557,0.12581451188560824,0.4932083338499069,0.4933718144893646,0.49393346905708313,0.4944319427013397,0.5114753842353821,0.5095026195049286,0.35954810678958893,0.3599010705947876,0.44505271315574646,0.4448297917842865,0.7630578875541687,0.7738505005836487,-174.5167236328125,-174.98171997070312,0.3966580033302307,-0.008096332661807537,-1.5137654542922974,-1.6329184770584106,,,,,,,,,,,,,,,,,,,,,,,,,,,,,,,,
45,1.875,45,1.875,0.0,0.03267243529754144,0.03586734750626038,0.5772483597008036,0.5710089114958715,0.0841789892775716,0.08403650735694779,0.08465699259575186,0.08440550283504435,0.09341516867918044,0.09393366481736318,0.10846997428789884,0.10835349247941946,0.12588327982046718,0.12561495751729998,0.4935704469680786,0.4935005307197571,0.49376142024993896,0.4943072199821472,0.5119132697582245,0.509234145283699,0.3592739552259445,0.3597504198551178,0.4461154341697693,0.4460605978965759,0.7627807557582855,0.774738997220993,-173.6453857421875,-174.26051330566406,1.0871272087097168,0.25182604789733887,-1.5575817823410034,-1.6057020425796509,,,,,,,,,,,,,,,,,,,,,,,,,,,,,,,,
46,1.9166666666666667,46,1.9166666666666667,0.0,0.033995373566321346,0.03892041947016103,0.5732150217883942,0.5713177733965925,0.08198094625129246,0.08383157989669117,0.08293391998363489,0.08495411448569685,0.09415437039542682,0.0931252850538419,0.10884589954497433,0.10771082846908293,0.12588776020387607,0.12601177395433233,0.49352745711803436,0.4937182068824768,0.49387940764427185,0.49453574419021606,0.5109038800001144,0.5095797777175903,0.35918572545051575,0.35948510468006134,0.4453850984573364,0.4457000494003296,0.76254603266716,0.7743236124515533,-174.05511474609375,-174.21401977539062,0.7104983329772949,-0.24265526235103604,-1.4560539722442627,-1.4495500326156616,,,,,,,,,,,,,,,,,,,,,,,,,,,,,,,,
47,1.9583333333333333,47,1.9583333333333333,0.0,0.035495516318827705,0.040026955225022316,0.5742817819142944,0.576235645547362,0.08394477678106899,0.084474635511932,0.08503638780889256,0.08579808273332927,0.09323621110544636,0.09315195098749496,0.1070905129981167,0.10747797578268349,0.1259109389965697,0.1260232114310519,0.49361176788806915,0.49376796185970306,0.4939095377922058,0.4945123791694641,0.5112305283546448,0.5096128582954407,0.35921531915664673,0.35955800116062164,0.4457443356513977,0.44573235511779785,0.7624380886554718,0.7745064198970795,-173.6019287109375,-174.097412109375,0.46841940283775335,-0.2715173363685608,-1.3426671028137207,-1.3800102472305298,,,,,,,,,,,,,,,,,,,,,,,,,,,,,,,,
48,2.0,48,2.0,0.0,0.04068067995843455,0.04180334948387699,0.5801258027049941,0.5790967022657278,0.08367372677325237,0.08478900079188784,0.08469290963666765,0.08617342774668406,0.09336161674888117,0.0931512967620446,0.10715419169163029,0.10721714257311334,0.1257913702470301,0.12597424671533325,0.49357593059539795,0.4937126934528351,0.4938838481903076,0.4942778944969177,0.5112127810716629,0.5101393163204193,0.3592331111431122,0.35952651500701904,0.4457249939441681,0.4462421238422394,0.7624305784702301,0.7753691375255585,-173.61312866210938,-173.86044311523438,0.3987101912498474,-0.09885980933904648,-1.3673113584518435,-1.336413025856018,,,,,,,,,,,,,,,,,,,,,,,,,,,,,,,,
49,2.0416666666666665,49,2.0416666666666665,0.0,0.041270463818485245,0.04208893944345897,0.5829438943550764,0.5823181265834606,0.08319417314739219,0.08438211104434014,0.08465366472509588,0.08600082849102375,0.09399359667748076,0.09404963702799411,0.10823950429681596,0.1077052099437932,0.12581291181082596,0.12607375717130379,0.49363546073436737,0.4937853515148163,0.49381884932518005,0.49456456303596497,0.5111161172389984,0.5104290843009949,0.359389066696167,0.3595949560403824,0.4457987844944,0.4462277591228485,0.7622324526309967,0.7749105393886566,-173.47628784179688,-173.7963104248047,0.42627391219139105,-0.6090770959854126,-1.3228751420974731,-1.274509310722351,,,,,,,,,,,,,,,,,,,,,,,,,,,,,,,,
50,2.0833333333333335,50,2.0833333333333335,0.0,0.042505865775634186,0.04162959735741452,0.5862276032871361,0.5859627758626171,0.08303375154742891,0.08456852353643025,0.08449341738555396,0.0861986760436528,0.09409471786296852,0.0944320357791907,0.10825814318535108,0.10830977422641425,0.12570050822622233,0.12604377980708734,0.49363645911216736,0.4937300682067871,0.49386143684387207,0.49450305104255676,0.511153519153595,0.510419487953186,0.3593949228525162,0.35956814885139465,0.4459685981273651,0.4466022849082947,0.762633353471756,0.7751542031764984,-173.35519409179688,-173.49325561523438,0.3338235318660736,-0.573161244392395,-1.3334044218063357,-1.300492763519287,,,,,,,,,,,,,,,,,,,,,,,,,,,,,,,,
51,2.125,51,2.125,0.0,0.04380604781314629,0.042318518512143376,0.589335782121128,0.5904485496126278,0.08244167961188958,0.08453522420677385,0.08394005209450883,0.08617360613607356,0.09484722973424842,0.09464169776591333,0.10974961930882617,0.10791225037127364,0.12584675079347954,0.12606691155758346,0.49362584948539734,0.4937097579240799,0.4938964545726776,0.4943831264972687,0.5114195942878723,0.5105863958597183,0.3594626933336258,0.3594999760389328,0.4455971419811249,0.4467877447605133,0.7621628642082214,0.7747500240802765,-173.5086212158203,-173.2758331298828,0.308895081281662,-0.5101131796836853,-1.3898683786392212,-1.2530567646026611,,,,,,,,,,,,,,,,,,,,,,,,,,,,,,,,
52,2.1666666666666665,52,2.1666666666666665,0.0,0.05225204919006602,0.04969512898646824,0.5896721114873807,0.5958083121816125,0.08210628861218225,0.08436546050861517,0.08363851954243864,0.08596371315851134,0.09432854012067489,0.0946859044362033,0.10875625397365003,0.10791591462282692,0.12594251006470297,0.1259970769351405,0.4935203790664673,0.4936237633228302,0.4938163459300995,0.49436017870903015,0.5112162679433823,0.5107504576444626,0.35947613418102264,0.3596283346414566,0.44577357172966003,0.4470331072807312,0.7620913684368134,0.7752926647663116,-173.50636291503906,-173.17543029785156,0.09317408502101898,-0.6772069931030275,-1.3538932800292969,-1.3014734983444214,,,,,,,,,,,,,,,,,,,,,,,,,,,,,,,,
53,2.2083333333333335,53,2.2083333333333335,0.0,0.052965597121882445,0.04695937480324412,0.5908517324390389,0.5992794078407613,0.08189966989394949,0.08323767153071814,0.0838209799977446,0.08512258596553698,0.09478245525566649,0.09604903658291256,0.11006011561556363,0.10900902391336274,0.12638641629165534,0.12588130405518339,0.493572399020195,0.49352243542671204,0.49382755160331726,0.4940773546695709,0.5111039280891418,0.5108525902032852,0.359665110707283,0.35966987907886505,0.44616955518722534,0.4477793276309967,0.7627348303794861,0.7749872505664825,-173.30029296875,-172.7493438720703,0.28188806772232056,-0.3401564359664917,-1.426037311553955,-1.2490147352218628,,,,,,,,,,,,,,,,,,,,,,,,,,,,,,,,
54,2.25,54,2.25,0.0,0.024667448726784755,0.02691804672416565,0.5755567848098254,0.5804113789649523,0.07926720177847604,0.08150907503009477,0.08151285904952478,0.08348191344520102,0.09785684730436975,0.09735669239179036,0.11315091841689653,0.11044942550105678,0.1260885793377945,0.1257176664086208,0.4936293661594391,0.4935157895088196,0.49375995993614197,0.49399521946907043,0.5091207474470139,0.5100109279155731,0.359561949968338,0.35976360738277435,0.44465914368629456,0.44614526629447937,0.7627550959587097,0.7733324468135834,-172.95590209960938,-172.6219940185547,0.8865442276000977,0.3976530432701111,-1.4110310077667236,-1.3699896335601807,,,,,,,,,,,,,,,,,,,,,,,,,,,,,,,,
55,2.2916666666666665,55,2.2916666666666665,0.0,0.018468636480319427,0.022470119906014774,0.5691406077143953,0.5692565672234887,0.08130189983763242,0.08340097895025518,0.08279987634909881,0.08558346399000433,0.0961660409477946,0.09614705036737108,0.1082942112626203,0.1087680416531549,0.12598387500202263,0.1255978019555952,0.4935346096754074,0.4938252866268158,0.49392497539520264,0.4945776164531708,0.509455680847168,0.5108404457569122,0.3591635376214981,0.3597792237997055,0.44410499930381775,0.4436444342136383,0.76115483045578,0.7730056643486023,-172.71397399902344,-173.5335235595703,0.4155389964580536,-0.25771844387054443,-1.1448113918304443,-1.2076199054718018,,,,,,,,,,,,,,,,,,,,,,,,,,,,,,,,
56,2.3333333333333335,56,2.3333333333333335,0.0,0.01895308095356918,0.02030233847932451,0.563050705093012,0.5662531778455498,0.08444099947920633,0.08457441776891794,0.08473286816516767,0.08525894475161534,0.09585389340170078,0.09556675763623626,0.10997067496202115,0.10826447975154609,0.12502808144304248,0.12571281599159015,0.4936075806617737,0.4934994727373123,0.49453169107437134,0.49462318420410156,0.5095030069351196,0.5106818377971649,0.35954365134239197,0.3594919443130493,0.44414469599723816,0.4440670609474182,0.7606398463249207,0.7729173898696899,-172.7139129638672,-172.94821166992188,0.45920827984809875,-0.27025130391120916,-1.6613913774490356,-1.5090579986572266,,,,,,,,,,,,,,,,,,,,,,,,,,,,,,,,
57,2.375,57,2.375,0.0,0.024106332979545893,0.02247726984599408,0.5621314800886897,0.5608524147518983,0.0860968558179986,0.08416412329267463,0.08564469939478658,0.08383492783228563,0.09481939289355748,0.09571507330676132,0.1087938925917033,0.10981678912383949,0.1252885970805898,0.12528647841305482,0.4933413565158844,0.4933546185493469,0.49466899037361145,0.49465277791023254,0.5097523033618927,0.5103974491357803,0.35939960181713104,0.3596270978450775,0.44455504417419434,0.44464144110679626,0.759600967168808,0.7724994421005249,-172.6239776611328,-173.12948608398438,0.3995596766471863,0.20395107567310333,-1.843641996383667,-1.8307626247406004,,,,,,,,,,,,,,,,,,,,,,,,,,,,,,,,
58,2.4166666666666665,58,2.4166666666666665,0.0,0.033455168919806405,0.03357535652807897,0.5447085246829035,0.5464600748142386,0.08615944044770014,0.08504468547215771,0.08586734978363518,0.08483225236032248,0.09518962833596338,0.09490693169762936,0.10938536637438896,0.10833059131080063,0.12472591825496873,0.12535708809743057,0.4934128373861313,0.4933781325817108,0.4941139221191406,0.4941510260105133,0.5094828307628632,0.5102980136871338,0.35895082354545593,0.3591378778219223,0.4433865547180176,0.44358164072036743,0.7589433789253235,0.7723400890827179,-174.77191162109375,-174.82565307617188,1.0508253574371338,0.5078259706497192,-1.7258089780807495,-1.6307216882705688,,,,,,,,,,,,,,,,,,,,,,,,,,,,,,,,
59,2.4583333333333335,59,2.4583333333333335,0.0,0.035620082626675334,0.035308629795414465,0.5374725048476745,0.535835719708128,0.0850767974145277,0.08536372795004904,0.08544269223044569,0.08518168428034971,0.09577152325464021,0.095361428575536,0.1094133167330152,0.10897149985157334,0.12535196316739114,0.12554928963219303,0.49339820444583893,0.493391215801239,0.4941816031932831,0.494318425655365,0.5092359781265259,0.5104883909225464,0.3585956394672394,0.35917526483535767,0.4432389736175537,0.44338324666023254,0.7598692178726196,0.7717190384864807,-174.9666748046875,-175.31838989257812,0.5160315632820129,0.2906726002693177,-1.587838053703308,-1.678066372871399,,,,,,,,,,,,,,,,,,,,,,,,,,,,,,,,
60,2.5,60,2.5,0.0,0.03776100387039809,0.03695357872037798,0.5306351384978906,0.5324620127168465,0.08560806211480211,0.08494680736446539,0.08523199364884698,0.08449019192350304,0.09618811545391509,0.09642440225577671,0.11074134085163648,0.11016295593933792,0.12516389897443492,0.1255343492699352,0.4931955635547638,0.4933586120605469,0.4943429231643677,0.4944320321083069,0.5093065798282623,0.5104477405548096,0.35863693058490753,0.3587522506713867,0.44296032190322876,0.4429583251476288,0.7593748271465302,0.7709988057613373,-175.1515350341797,-175.59600830078125,0.40258198976516724,0.13541141152381897,-1.8666733503341675,-1.7545711994171143,,,,,,,,,,,,,,,,,,,,,,,,,,,,,,,,
61,2.5416666666666665,61,2.5416666666666665,0.0,0.04092565152563116,0.04099228138599749,0.5261364481034532,0.5332184159293061,0.0850873077433837,0.0852155686502278,0.08488142687158909,0.08510703476270215,0.09714493143361537,0.0961670950676245,0.1137927851481232,0.11082798201555709,0.12466831122515952,0.12551740944649475,0.49325260519981384,0.49347032606601715,0.4943599998950958,0.4946666955947876,0.5089521706104279,0.5113171637058258,0.3570059686899185,0.35769811272621155,0.4413493573665619,0.4411776065826416,0.7598128020763397,0.7700013518333435,-175.32420349121094,-176.04827880859375,0.7372879385948181,-0.1770278364419937,-2.014679193496704,-1.7846852540969849,,,,,,,,,,,,,,,,,,,,,,,,,,,,,,,,
62,2.5833333333333335,62,2.5833333333333335,0.0,0.0424111019900521,0.04321145497521667,0.5317830423079277,0.5355313455734647,0.08442134010479366,0.08499946307220628,0.08481153380815326,0.08524832418072113,0.09637909506363368,0.09602383389312945,0.11398799914207286,0.11181570472812605,0.12502998304995552,0.12572108356051626,0.4931710660457611,0.4935160279273987,0.49430397152900696,0.4948612451553345,0.5089623630046844,0.5128840357065201,0.3558409512042999,0.3564644157886505,0.43928655982017517,0.43834999203681946,0.7594152688980103,0.7685143947601318,-175.91026306152344,-176.887939453125,0.4244813919067383,-0.35966652631759644,-1.9750959873199463,-1.880873680114746,,,,,,,,,,,,,,,,,,,,,,,,,,,,,,,,
63,2.625,63,2.625,0.0,0.04519177047804955,0.04424952033834501,0.5379178110806174,0.5389828583438412,0.08645638463527794,0.08578623492961815,0.08609142159014085,0.08514916254179183,0.09823747293683051,0.09886183497368069,0.11404508516598659,0.11340201642894943,0.12447070979286817,0.1252992416335541,0.4931844621896744,0.4931122660636902,0.49414241313934326,0.49463021755218506,0.5087607204914093,0.5131125152111053,0.353879451751709,0.353949174284935,0.4353254735469818,0.43505746126174927,0.7602500915527344,0.7673792541027069,-177.25401306152344,-177.3599395751953,0.37518829107284546,-0.5838495492935181,-1.8580989837646487,-1.9252793788909914,,,,,,,,,,,,,,,,,,,,,,,,,,,,,,,,
64,2.6666666666666665,64,2.6666666666666665,0.0,0.04612093195203147,0.04540636383586163,0.532292274842627,0.5296816209887221,0.0856695203533883,0.08422742873309393,0.08567960740530024,0.08354774460986295,0.09774186416846439,0.09874782929565312,0.11315071810855959,0.11311444924160866,0.12509601816285273,0.1251770325818856,0.4932633936405182,0.49339069426059723,0.4944761097431183,0.49519482254981995,0.5087067186832428,0.5126640051603317,0.35354354977607727,0.3538794219493866,0.4342030882835388,0.4344649314880371,0.7589625418186188,0.7670643031597137,-177.5616912841797,-177.66558837890625,-0.3007326126098633,-1.3899431228637695,-1.791027903556824,-1.8442953824996948,,,,,,,,,,,,,,,,,,,,,,,,,,,,,,,,
65,2.7083333333333335,65,2.7083333333333335,0.0,0.03728835761238815,0.04018780845385285,0.5292305987389084,0.5197829592465498,0.08506159451248467,0.08772745467724728,0.08309448143634171,0.0858181658092208,0.10424888927052385,0.10289876779258311,0.1175269629584311,0.11525717382704638,0.12449184475991121,0.12446696913329014,0.4929768145084381,0.49288076162338257,0.49459362030029297,0.49493053555488586,0.5087865889072418,0.5117731541395187,0.34849442541599274,0.3490990996360779,0.42971622943878174,0.42986059188842773,0.7606499791145325,0.7688813507556915,-176.73658752441406,-177.1086883544922,-0.2906513214111328,-1.366750717163086,-2.0718202590942383,-2.0730907917022705,,,,,,,,,,,,,,,,,,,,,,,,,,,,,,,,
66,2.75,66,2.75,0.0,0.03447972477484919,0.03445007815244102,0.5285662091847434,0.5198792167597898,0.08381999676488783,0.08982627139989417,0.08165862951403491,0.08775540983289061,0.10701425598636034,0.10315101885408146,0.11735770143402664,0.11259454958233077,0.12544517987991896,0.12490756936871399,0.4937286376953125,0.49344058334827423,0.4944090247154236,0.4946383237838745,0.5090062618255615,0.5116382539272308,0.3459627628326416,0.34651488065719604,0.42524605989456177,0.4260014593601227,0.7605619728565216,0.7693535685539246,-177.6642303466797,-177.4928741455078,0.5663143992424011,-0.24032633006572723,-1.56966233253479,-1.6693683862686157,,,,,,,,,,,,,,,,,,,,,,,,,,,,,,,,
67,2.7916666666666665,67,2.7916666666666665,0.0,0.034113470957175776,0.036257044739627486,0.5203983876081885,0.5156072144179371,0.08125840646751582,0.08685331735497276,0.07938150896751436,0.0843280719723194,0.1113594909740675,0.10851718234355627,0.11892452539826924,0.11539552831770389,0.1255606705466843,0.12485945981638251,0.493725448846817,0.4938328415155411,0.4941607415676117,0.4948144555091858,0.5100578814744949,0.5115312337875366,0.3433787226676941,0.34386202692985535,0.41979262232780457,0.42123478651046753,0.7595582902431488,0.7687505781650543,-178.84552001953125,-178.23365783691406,0.37812575697898865,-0.3145187497138977,-1.234963059425354,-1.467530608177185,,,,,,,,,,,,,,,,,,,,,,,,,,,,,,,,
68,2.8333333333333335,68,2.8333333333333335,0.0,0.035110473858455185,0.03943393353296056,0.5373448582356048,0.5205443958829787,0.07961641096093204,0.08385836552941549,0.07803704373321904,0.08148539386423004,0.11515094599252883,0.11169799941350644,0.12060100540289768,0.11825367981671349,0.12283583643825578,0.12367873473403262,0.49456949532032013,0.494574710726738,0.4946892261505127,0.49478593468666077,0.5098961740732193,0.5112354755401611,0.3432139605283737,0.3438423275947571,0.42006638646125793,0.4202064573764801,0.7599203288555145,0.7694726884365082,-178.87307739257812,-179.0228271484375,0.36808180809020996,0.5043432712554932,-0.8266624212265015,-1.1328264474868774,,,,,,,,,,,,,,,,,,,,,,,,,,,,,,,,
69,2.875,69,2.875,0.0,0.03850063263759112,0.03907275941078557,0.5282194992353386,0.5146763579490846,0.04928392199764575,0.05300435706729985,0.046558053831329785,0.0494326122507873,0.16007660004029006,0.15594405540166437,0.15538316662984503,0.15406191902629998,0.12297918511297455,0.12336804319667086,0.49540556967258453,0.4951728880405426,0.49264445900917053,0.49240201711654663,0.5099618434906006,0.5105080008506775,0.34515324234962463,0.3449423462152481,0.41224658489227295,0.41304686665534973,0.7565702199935913,0.7699540555477142,-183.0986633300781,-182.4241333007813,3.8641676902770996,4.359541893005371,0.33659863471984863,-0.11261792480945589,,,,,,,,,,,,,,,,,,,,,,,,,,,,,,,,
70,2.9166666666666665,70,2.9166666666666665,0.0,0.03665680101271386,0.03814720428685373,0.5369527429568444,0.5319271126856209,0.04617746267772687,0.05010586800430816,0.04317794361282638,0.04686785643085027,0.1724921398593007,0.16808241487809206,0.1593324843486142,0.15967228855848492,0.12369745439081375,0.12282044480512953,0.4957498759031296,0.49519896507263184,0.490398108959198,0.48936280608177185,0.5092637240886688,0.5106871128082275,0.3447733521461487,0.34380531311035156,0.40785807371139526,0.4088691174983978,0.7567799389362335,0.7703238427639008,-185.17330932617188,-184.063949584961,6.59846830368042,8.099040031433105,1.2722208499908447,0.8032991886138917,,,,,,,,,,,,,,,,,,,,,,,,,,,,,,,,
71,2.9583333333333335,71,2.9583333333333335,0.0,0.03900798413390321,0.037249555884432975,0.5456244271937687,0.5371024097124337,0.04246999098926408,0.04861979478711815,0.04026176682483186,0.0452051998510659,0.17526734829682364,0.1748718010527872,0.15512241516224984,0.1552563870552333,0.12383788143052697,0.12466316886115553,0.4957428276538849,0.49577875435352325,0.4861510694026947,0.48649242520332336,0.5102269798517227,0.5117355436086655,0.34364789724349976,0.3441707491874695,0.4076356887817383,0.4096446931362152,0.757686585187912,0.7674216330051422,-184.83441162109375,-184.2143249511719,10.906426429748535,10.399638175964355,2.3991098403930664,2.3376779556274414,,,,,,,,,,,,,,,,,,,,,,,,,,,,,,,,
72,3.0,72,3.0,0.0,0.0399000421135558,0.039672260947441,0.544005445417439,0.5349568672636408,0.04256558555654367,0.04738863942522919,0.039623238646117456,0.044200268145859894,0.17614986860639845,0.17417048659645,0.15211456113725266,0.1512933240451073,0.12446347980232596,0.12460467696600329,0.495612233877182,0.49543753266334534,0.48718100786209106,0.4872371554374695,0.5103734135627747,0.5128646194934845,0.3448217958211899,0.34482477605342865,0.4085891842842102,0.4093019962310791,0.7577090859413147,0.7691884338855743,-184.86425781249997,-184.4251403808594,8.966849327087402,8.83394718170166,2.597714900970459,2.4563651084899902,,,,,,,,,,,,,,,,,,,,,,,,,,,,,,,,
73,3.0416666666666665,73,3.0416666666666665,0.0,0.0317481812639808,0.03370574148222057,0.5348419076462109,0.5461454656106579,0.057008281731767224,0.05479684458603838,0.053122645851389746,0.05141534969008733,0.17296133737108893,0.1719594807989032,0.12889781833954553,0.12966248402664088,0.12543050864167504,0.12446920074231664,0.49784135818481445,0.49766965210437775,0.4825047552585602,0.4828004240989685,0.5106301754713058,0.5111474394798279,0.34709419310092926,0.34809641540050507,0.41526907682418823,0.41516274213790894,0.7554094195365906,0.771032989025116,-182.5276947021484,-182.92803955078128,14.784181594848633,14.126312255859375,5.342853546142578,5.199755668640137,,,,,,,,,,,,,,,,,,,,,,,,,,,,,,,,
74,3.0833333333333335,74,3.0833333333333335,0.0,0.031607740951240894,0.0325623247315332,0.5372237836411219,0.5398179117125317,0.061161296159148885,0.06586246558912484,0.05896327346064794,0.06365037122360323,0.16951124414480453,0.16703585225586987,0.1151722964048857,0.11329064619152655,0.12720501646282417,0.12747493196952214,0.4998449832201004,0.4999161958694458,0.4851360023021698,0.4851047098636627,0.5106167942285538,0.5104400962591171,0.35260941088199615,0.35267314314842224,0.42061641812324524,0.4219324588775635,0.7553302347660065,0.7729941010475159,-183.02813720703125,-182.40649414062506,12.214197158813477,12.04934883117676,6.309481620788574,6.437054634094238,,,,,,,,,,,,,,,,,,,,,,,,,,,,,,,,
75,3.125,75,3.125,0.0,0.030588878549253736,0.03396408562408676,0.533811021705082,0.5411701692484926,0.07333306663241214,0.07443852953152383,0.07065533058227313,0.07225361874455433,0.16454445533010248,0.15704281023798544,0.09736789824045479,0.09223956933738021,0.1273026547936208,0.12735354483572722,0.5021761059761047,0.5025010854005814,0.4874991476535797,0.4870975613594055,0.5114558339118958,0.5106072723865509,0.35817620158195496,0.3580557852983475,0.431708961725235,0.4317755103111267,0.7549338638782501,0.7732557952404022,-179.8396453857422,-180.0565795898438,11.852370262145996,12.385851860046387,7.518803596496582,7.493650436401367,,,,,,,,,,,,,,,,,,,,,,,,,,,,,,,,
76,3.1666666666666665,76,3.1666666666666665,0.0,0.0339856810248044,0.029952985446942606,0.5413282963512984,0.5420315095998334,0.0739113435412427,0.0762736832848453,0.07166608772243419,0.07440949366421076,0.16290594486000826,0.15829837024009497,0.09620954750330774,0.09452665172629188,0.1253510323580707,0.12595911563278067,0.5023096799850464,0.5025170296430588,0.48802030086517334,0.4876924157142639,0.5122456550598145,0.5101947337388992,0.3583390563726425,0.35915088653564453,0.4319775402545929,0.43272665143013,0.7543943524360657,0.7744138538837433,-179.87796020507812,-180.01951599121097,12.239429473876953,12.418880462646484,7.337198734283448,7.31270694732666,,,,,,,,,,,,,,,,,,,,,,,,,,,,,,,,
77,3.2083333333333335,77,3.2083333333333335,0.0,0.0424070470372029,0.04062802780314729,0.5614264895538053,0.5581426916284918,0.07791200590414371,0.07848910610247363,0.07706966267323019,0.0770973921102791,0.16603831766774493,0.1641150784058504,0.09222503432398821,0.09131234133038361,0.12702952435531448,0.12706349321778768,0.5077854543924332,0.5077614784240723,0.49300989508628845,0.4932519495487213,0.5128151774406433,0.5087701380252838,0.36529918015003204,0.36590376496315,0.442343533039093,0.4429004192352295,0.7549940645694733,0.7721899449825287,-178.61984252929688,-178.2779388427735,10.928451538085938,10.886689186096191,8.352042198181152,8.187355041503906,,,,,,,,,,,,,,,,,,,,,,,,,,,,,,,,
78,3.25,78,3.25,0.0,0.030314571381795302,0.03152043904899962,0.5504908145171539,0.5425886134153257,0.07768334100131387,0.08092239068280789,0.07693737540074916,0.08044627221347261,0.15269370058621912,0.15071329910628864,0.08380597065935705,0.08261494489497483,0.1277829117042521,0.12804805062333002,0.5094286501407623,0.5095718204975128,0.4974789619445801,0.4974689483642578,0.5125517547130585,0.508141040802002,0.3652661591768265,0.36572715640068054,0.4423634111881256,0.44216275215148926,0.7535772323608398,0.7708715796470642,-179.30044555664062,-179.45944213867193,8.53225326538086,8.65925407409668,7.681660175323487,7.673215866088868,,,,,,,,,,,,,,,,,,,,,,,,,,,,,,,,
79,3.2916666666666665,79,3.2916666666666665,0.0,0.03260029170948888,0.033946012832888665,0.5450098541532254,0.5410664960919066,0.07856420528918356,0.07795524799301394,0.08001122080249629,0.07923914496625438,0.1454471795746336,0.14717314211907767,0.08198532184663768,0.08304445911272446,0.129282514986911,0.12913937842981812,0.5112257599830627,0.5112955570220947,0.49907341599464417,0.4997261166572571,0.5118403285741806,0.5088537484407425,0.3634635657072067,0.3637431859970093,0.43990758061408997,0.4403271973133087,0.756730318069458,0.770260214805603,-180.2777862548828,-180.0774688720703,8.744572639465332,8.106128692626953,7.616718292236327,7.601245403289795,,,,,,,,,,,,,,,,,,,,,,,,,,,,,,,,
80,3.3333333333333335,80,3.3333333333333335,0.0,0.033075946114899904,0.03505635315576216,0.5428861811019686,0.5393417490482743,0.07755490145885435,0.07751086990545251,0.07873121866827733,0.07810472128503348,0.14505402129042752,0.14511802182308023,0.08244473796167759,0.08140020467036047,0.12917596434892845,0.1291880746688379,0.5117313116788864,0.5116225033998489,0.4999523460865021,0.5002725124359131,0.5119497776031494,0.5084609389305115,0.362995982170105,0.3632945567369461,0.4402630627155304,0.43998679518699646,0.7570441365242004,0.7693354487419128,-179.865234375,-180.1752471923828,8.599857330322267,8.137811660766603,7.48954153060913,7.465699672698975,,,,,,,,,,,,,,,,,,,,,,,,,,,,,,,,
81,3.375,81,3.375,0.0,0.04042282872400534,0.03815652902429665,0.5423059930506869,0.5440686725560747,0.07718955518233972,0.07712906651824815,0.0795538974088104,0.07928623849061137,0.14197192589656168,0.14139282701202927,0.08257516739827814,0.08228879276444505,0.12960512440816,0.1292579936234288,0.5132693499326706,0.5132448673248291,0.5029087662696838,0.5028042793273926,0.5105533599853516,0.5099067986011505,0.361801341176033,0.36228127777576447,0.4382420480251312,0.43855321407318115,0.7567192912101746,0.7681546807289124,-180.60385131835932,-180.5929412841797,6.948491573333741,7.134963512420654,7.348154067993164,7.300085544586182,,,,,,,,,,,,,,,,,,,,,,,,,,,,,,,,
82,3.4166666666666665,82,3.4166666666666665,0.0,0.04109361573234477,0.03726526233236327,0.5564870994854644,0.5525015055851554,0.07972857153621377,0.08036872589182671,0.08172839328748195,0.0821762428618921,0.1407185510369527,0.14000212616348306,0.08295268841859112,0.08222907674567859,0.1289950773993963,0.12854087929850197,0.5133826285600662,0.5135254710912704,0.5038591027259827,0.504071831703186,0.5112589597702026,0.5095803737640381,0.36312276124954224,0.3632625937461853,0.440997451543808,0.4407811760902405,0.7555385529994965,0.7698321044445038,-180.16116333007807,-180.29103088378906,5.932533264160156,6.084421157836914,7.010083198547363,6.945549011230469,,,,,,,,,,,,,,,,,,,,,,,,,,,,,,,,
83,3.4583333333333335,83,3.4583333333333335,0.0,0.030353955814334557,0.03312379937235788,0.5597286363291597,0.5502424419797507,0.07830992027737751,0.07482011838859198,0.07986040039887896,0.07619377810198126,0.1416333672367622,0.1422352980206635,0.08407455019202172,0.08383998036756535,0.12816449640668112,0.12851148149098357,0.5134585052728653,0.5137164294719696,0.5043608546257019,0.5045531392097473,0.5111837238073349,0.5088980942964554,0.36520226299762726,0.36536888778209686,0.44368091225624084,0.44385451078414917,0.7572700083255768,0.7704886794090271,-179.48722839355466,-179.24168395996097,5.609338283538818,5.463911533355713,6.878291606903076,6.9734787940979,,,,,,,,,,,,,,,,,,,,,,,,,,,,,,,,
84,3.5,84,3.5,0.0,0.029341430297587828,0.03153405749149155,0.5598291719621731,0.5476658951304614,0.08069855142569927,0.08005758355614996,0.08252351885452952,0.08191561451903892,0.13888672668810034,0.138509731161339,0.08142732856075155,0.0802100365668673,0.12824125258359967,0.1283769238308823,0.5136051028966904,0.5137311518192291,0.5041645765304565,0.5048193335533142,0.5108655691146851,0.5088880509138107,0.3652511537075043,0.36510130763053894,0.44418758153915405,0.4446612596511841,0.7566412389278412,0.7707842290401459,-178.98992919921872,-178.557373046875,5.811790466308594,4.875075817108154,7.060197830200196,7.108605384826661,,,,,,,,,,,,,,,,,,,,,,,,,,,,,,,,
85,3.5416666666666665,85,3.5416666666666665,0.0,0.019871390658498595,0.02022042959406696,0.5628277924970989,0.5583409197062389,0.07986768551675807,0.0790072159831619,0.08200898795822567,0.08099097220758184,0.13720314302519293,0.1370380889331097,0.08160852883955988,0.08121738970196572,0.12841746738510973,0.1283231978464591,0.513344794511795,0.5134976804256439,0.5049999356269836,0.5055758357048035,0.5108758211135864,0.5084172189235687,0.3658522069454193,0.36614295840263367,0.4457343816757202,0.4452289342880249,0.7556042969226837,0.7719244956970215,-176.98727416992185,-177.48391723632812,4.07064151763916,3.573840856552124,6.923925399780273,6.812016487121582,,,,,,,,,,,,,,,,,,,,,,,,,,,,,,,,
86,3.5833333333333335,86,3.5833333333333335,0.0,0.019145518161502038,0.01994066183916954,0.5670876212681202,0.5625527554304091,0.07950795734141068,0.08026781447764256,0.08136554448108234,0.08182777715133784,0.13826431266490632,0.13840784172615694,0.08281339679561081,0.0828827721390144,0.12855374826722143,0.1280167485970902,0.5131722092628479,0.5133458524942398,0.5049303770065308,0.5058187246322632,0.5108267962932587,0.5085403323173523,0.36527618765830994,0.36533939838409424,0.4441559314727783,0.44410184025764465,0.7545633018016815,0.7723026871681213,-177.27503967285153,-177.39190673828125,3.977224588394165,3.1846182346343994,6.853653430938721,6.732538223266602,,,,,,,,,,,,,,,,,,,,,,,,,,,,,,,,
87,3.625,87,3.625,0.0,0.025346636996377986,0.025443862241298097,0.5692186935135797,0.561886456188102,0.080384655047515,0.08015245524281125,0.08190534847668987,0.08150822190846903,0.136752626806448,0.13657269892847085,0.08313738379970802,0.08257351243041822,0.12799873388310667,0.1281770629449436,0.512709379196167,0.5130336582660675,0.5044471025466919,0.5052040815353394,0.5109332799911499,0.5085259974002838,0.3638860285282135,0.36380888521671295,0.4426034986972809,0.4426437318325043,0.7545078992843628,0.7716719806194305,-178.43026733398432,-178.2956085205078,4.544199466705322,3.949516534805298,6.501237869262695,6.512767791748047,,,,,,,,,,,,,,,,,,,,,,,,,,,,,,,,
88,3.6666666666666665,88,3.6666666666666665,0.0,0.03375433997448367,0.034640318541259936,0.5574936157192723,0.5515625052286205,0.07704431718095898,0.0785062297352766,0.07892854175156257,0.0797605476458648,0.13955287156363308,0.1363562068642959,0.08532076919412633,0.08223072308666782,0.1278126540425731,0.1283379083999482,0.5128916054964066,0.5130241811275482,0.5047537088394165,0.5051299929618835,0.5111915469169617,0.5084612667560577,0.3636137545108795,0.3631536215543747,0.44015371799468994,0.4408649206161499,0.7542397081851959,0.7702845335006714,-180.068130493164,-179.34695434570312,4.697207450866699,4.332825183868408,6.519068241119385,6.521291255950928,,,,,,,,,,,,,,,,,,,,,,,,,,,,,,,,
89,3.7083333333333335,89,3.7083333333333335,0.0,0.04844230274180166,0.04077316514470307,0.541478335482101,0.5358425162608107,0.04214329866077275,0.04738059485169944,0.04354222278543186,0.04802252293477074,0.18311228635911977,0.17218161602465312,0.13415738568456978,0.12328376986633696,0.1274212810840027,0.12867010938427945,0.5122285634279251,0.5119297802448273,0.5059954524040222,0.5053585767745972,0.5115261375904083,0.510441929101944,0.36435577273368835,0.36427660286426544,0.4344111680984497,0.435966432094574,0.7564351260662079,0.7721671760082245,-183.17346191406244,-182.28742980957037,3.673372030258179,3.9401538372039795,5.7057228088378915,5.7224273681640625,,,,,,,,,,,,,,,,,,,,,,,,,,,,,,,,
90,3.75,90,3.75,0.0,0.05786965045903116,0.06582235484803882,0.544857940791924,0.5423840847457413,0.052723867775709254,0.05666961919556875,0.053330669563943014,0.056500379282741965,0.17058076147283116,0.166460038252677,0.12392325311982917,0.1204094357587436,0.12690620403117786,0.12662824120519253,0.5125032961368561,0.5126310437917709,0.5074370503425598,0.507226288318634,0.5112574398517609,0.5101125240325928,0.3575269281864166,0.3573272079229355,0.42772406339645386,0.42990919947624207,0.7579904794692993,0.773034393787384,-183.14639282226557,-181.7906341552735,2.351517915725708,2.951737880706787,5.450917720794678,5.207061767578125,,,,,,,,,,,,,,,,,,,,,,,,,,,,,,,,
91,3.7916666666666665,91,3.7916666666666665,0.0,0.08022850967184669,0.08207188116534919,0.5553437585015151,0.5583614091046339,0.06583723658156278,0.06090753679654045,0.06594073534478491,0.060224144806408655,0.15416935905064635,0.15792309123397527,0.1107164263297958,0.11453978843763729,0.12720690539362908,0.12730944544625464,0.5127817541360855,0.512963593006134,0.5088639259338379,0.508391797542572,0.5116234570741653,0.5095662474632263,0.3518397957086563,0.35254359245300293,0.42220839858055115,0.4231250286102295,0.7596940398216248,0.7714926898479462,-182.91313171386713,-182.69387817382818,0.7745885252952576,1.8764483928680418,4.945550918579102,4.906705856323242,,,,,,,,,,,,,,,,,,,,,,,,,,,,,,,,
92,3.8333333333333335,92,3.8333333333333335,0.0,0.06752686608288729,0.07962189908605524,0.5466434283471273,0.5557560152364422,0.0631372868769301,0.06348178346113853,0.06338832545534201,0.06260000465223957,0.16464828589994765,0.16374929221793058,0.12079513961878831,0.11815868999341848,0.12716871818436737,0.1268152879876669,0.5125905424356461,0.5130268186330795,0.5084754228591919,0.5090528726577759,0.5114613771438599,0.5091792643070221,0.35160650312900543,0.3515270948410034,0.42185911536216736,0.4233768880367279,0.7596897482872009,0.7722102999687195,-182.56990051269526,-181.9715270996094,0.8688420653343201,0.4658595323562622,5.08816385269165,5.082180976867676,,,,,,,,,,,,,,,,,,,,,,,,,,,,,,,,
93,3.875,93,3.875,0.0,0.06019602986644034,0.06616453589517446,0.545196890275815,0.5457286673316429,0.07215195533714974,0.07335131812862203,0.07288199012744148,0.07325040345895657,0.14904276385673165,0.14619067600926527,0.11078035507412419,0.10912236879100852,0.1270902184021748,0.1271602048666691,0.5130562484264374,0.5132428705692291,0.5114507675170898,0.5114220976829529,0.5115069001913071,0.509517028927803,0.3469354510307312,0.3472203016281128,0.41790544986724854,0.41830605268478394,0.7605049014091492,0.7744910717010498,-182.24789428710932,-182.103500366211,-2.0917775630950928,-1.6117933988571167,4.364450931549072,4.183511734008789,,,,,,,,,,,,,,,,,,,,,,,,,,,,,,,,
94,3.9166666666666665,94,3.9166666666666665,0.0,0.03677068263905196,0.03803819232173903,0.5458559632717054,0.5348117412991379,0.0715096331067809,0.07388800465808854,0.07185041733344011,0.07332680389008482,0.15425473121007555,0.14991366811689327,0.11626441406005483,0.11164848035128021,0.12483702471798806,0.12544557808258947,0.5124665796756744,0.5125474184751511,0.5110770463943481,0.5113709568977356,0.5105343461036682,0.5092941075563431,0.3483409881591797,0.34884676337242126,0.42115649580955505,0.420781672000885,0.7596985697746277,0.7722223699092865,-181.38839721679682,-181.48132324218756,-2.7286593914031982,-2.8975372314453125,4.374277591705323,4.256392478942871,,,,,,,,,,,,,,,,,,,,,,,,,,,,,,,,
95,3.9583333333333335,95,3.9583333333333335,0.0,0.026750375778415894,0.02843666034852833,0.5203847943961243,0.5134356235482034,0.07901142912384414,0.07835465359544314,0.07872144548476331,0.07763431257131212,0.1418930891161245,0.14108346389318546,0.11301970807153837,0.11113089438213984,0.12465365426012329,0.12501704446062994,0.5116424858570099,0.5118211060762405,0.5106800198554993,0.5109947919845581,0.509611189365387,0.508965939283371,0.3492889404296875,0.3494831919670105,0.4239963889122009,0.4241035282611847,0.7592414021492004,0.7704863250255585,-180.26721191406244,-180.23440551757818,-2.5543885231018066,-3.059091806411743,3.2642855644226074,3.2215518951416016,,,,,,,,,,,,,,,,,,,,,,,,,,,,,,,,
96,4.0,96,4.0,0.0,0.02141684596383175,0.02689014882158447,0.5178592113002852,0.5099322492566403,0.08006549187138859,0.07998165423379205,0.07920336473529938,0.07847856213594216,0.14780062225885518,0.1475662272798921,0.11811939841379629,0.11752371799791825,0.124254896453377,0.12473149710332204,0.5114058256149292,0.5116212218999863,0.5104891061782837,0.5108944773674011,0.5088533461093903,0.5086481720209122,0.348943829536438,0.349238857626915,0.4250829815864563,0.42462632060050964,0.7590924799442291,0.7700986266136169,-179.525650024414,-179.79057312011724,-2.806342124938965,-3.2779061794281006,3.3303067684173584,3.2615928649902344,,,,,,,,,,,,,,,,,,,,,,,,,,,,,,,,
97,4.041666666666667,97,4.041666666666667,0.0,0.022880978559806055,0.02534689283129714,0.5121172964054329,0.5023025845130038,0.07817238695390104,0.079719987931082,0.07742753178201763,0.0783232219241744,0.14702296341219726,0.14622734808236396,0.11697848711696947,0.11624682481568163,0.12438910909141579,0.12445818607848587,0.5108279287815094,0.5108529925346375,0.5096232891082764,0.5100876688957214,0.5091302692890167,0.5085116922855377,0.3467021584510803,0.3474915474653244,0.4218643307685852,0.42137038707733154,0.7600071430206299,0.7723571360111237,-179.62670898437497,-179.9093627929688,-2.438208818435669,-3.019509077072144,3.4210700988769536,3.2418618202209473,,,,,,,,,,,,,,,,,,,,,,,,,,,,,,,,
98,4.083333333333333,98,4.083333333333333,0.0,0.026708428337211165,0.0315713006607895,0.5113312525373385,0.508255613195782,0.08018013150136553,0.0808675036439633,0.07902525223228819,0.07868071231724064,0.1474554723472232,0.14758885855189374,0.11697857411336392,0.11617377205794785,0.12422650685471373,0.12438854137604785,0.5105537176132202,0.5105912238359451,0.5093392729759216,0.5098048448562622,0.5095628201961517,0.5084197372198105,0.34568093717098236,0.3456362634897232,0.4203985035419464,0.4197544753551483,0.760746955871582,0.772885799407959,-179.92350769042966,-180.34169006347662,-2.590731143951416,-3.2854368686676025,3.4552335739135747,3.249744415283203,,,,,,,,,,,,,,,,,,,,,,,,,,,,,,,,
99,4.125,99,4.125,0.0,0.035511618718047804,0.04057655323763077,0.501666110707822,0.49876594528812346,0.07836637517707341,0.08172547779628261,0.07739254077980695,0.08008515385944133,0.14668075953572413,0.14524407747886753,0.11664108192133849,0.1136268514525792,0.12407861076183763,0.12446442065265394,0.5102956891059875,0.5105327069759369,0.5089150071144104,0.5092109441757202,0.5093078017234802,0.507737472653389,0.34459199011325836,0.3447999656200409,0.41768255829811096,0.4176408350467682,0.7626515030860901,0.7735653221607208,-180.63121032714844,-180.86721801757818,-2.742691993713379,-2.933461666107178,3.4443511962890625,3.4580531120300293,,,,,,,,,,,,,,,,,,,,,,,,,,,,,,,,
100,4.166666666666667,100,4.166666666666667,0.0,0.05380706198500612,0.05412239300874852,0.48883689024962107,0.4869531415863404,0.07643123278497897,0.07851156358868505,0.07500073758895082,0.07680291976981002,0.14589017440576435,0.14529540958326753,0.11515742274236944,0.11208533332512546,0.12438961548748281,0.12484792128784879,0.5103627443313599,0.5106757283210754,0.5090811252593994,0.5092443227767944,0.5100384801626205,0.5074389576911926,0.3445471227169037,0.34463268518447876,0.4143141508102417,0.4156692624092102,0.761544406414032,0.7748419940471649,-182.23075866699216,-181.56791687011722,-2.784524917602539,-2.8570728302001953,3.414325714111328,3.5386202335357666,,,,,,,,,,,,,,,,,,,,,,,,,,,,,,,,
101,4.208333333333333,101,4.208333333333333,0.0,0.06924283494255885,0.05749091745352487,0.5287028495043619,0.5178041588430484,0.07323589448664093,0.07424434814572921,0.0723510621985598,0.07304097652588394,0.14810602665404687,0.1492143650272676,0.11380424103860547,0.11346042861825285,0.12494005821314433,0.12526975134377366,0.5102510154247284,0.5106031447649002,0.5093700289726257,0.5094456076622009,0.5100573301315308,0.5061847567558289,0.3441099673509598,0.34458647668361664,0.4141940772533417,0.4151657819747925,0.7621505856513977,0.775596410036087,-182.6521759033203,-182.27590942382815,-3.4635379314422607,-3.2097272872924805,3.89827561378479,3.890806913375855,,,,,,,,,,,,,,,,,,,,,,,,,,,,,,,,
102,4.25,102,4.25,0.0,0.08812925910194812,0.07680826483599185,0.591292162330099,0.5780398681630459,0.0649571961855011,0.06779543194575738,0.06372973217714396,0.06648285727031052,0.15807837104609943,0.1563883709238561,0.12245395205366108,0.11740224125245219,0.1251849714316218,0.12607255467501455,0.5106057524681091,0.510788232088089,0.5090007781982422,0.5091671347618103,0.5105272829532623,0.5059414505958557,0.3440765142440796,0.3443234860897064,0.41170886158943176,0.4124164283275604,0.760811060667038,0.7736435234546661,-183.6137237548828,-183.57742309570315,-1.5106573104858398,-1.8303784132003784,3.9895577430725098,4.272608280181885,,,,,,,,,,,,,,,,,,,,,,,,,,,,,,,,
103,4.291666666666667,103,4.291666666666667,0.0,0.1041497379966396,0.09261437983217582,0.618318068947233,0.6051542138219062,0.047714705579006075,0.04926436502513783,0.04602516147700642,0.04766524533976573,0.16955221666619646,0.16845098089456823,0.14014817324489046,0.1372176508440815,0.12378596618419067,0.12421176713688803,0.5101608037948608,0.5102346390485764,0.5087798237800598,0.508885383605957,0.5101489722728729,0.5068400055170059,0.3439817577600479,0.3439412862062454,0.40628254413604736,0.408833771944046,0.7614077925682068,0.7717680037021637,-185.83836364746094,-184.61001586914065,0.24309019744396212,-0.37163594365119934,3.0325794219970703,3.2096822261810303,,,,,,,,,,,,,,,,,,,,,,,,,,,,,,,,
104,4.333333333333333,104,4.333333333333333,0.0,0.09977981404251712,0.09413298758697956,0.6263876252707506,0.6088999637898901,0.046686428301348164,0.048067635923530146,0.044697838348793324,0.0456764089132884,0.16933117491855781,0.17015054396163987,0.14089167425833415,0.14133129608382075,0.12366530473129843,0.12431541891030656,0.5101510435342789,0.5101453512907028,0.5084502696990967,0.5084275007247925,0.5100036859512329,0.5073202848434448,0.34426845610141754,0.34448541700839996,0.4053165316581726,0.40668606758117676,0.7605768442153931,0.7714371681213379,-186.54727172851562,-185.94795227050787,0.8333015441894531,0.5614335536956787,2.993332862854004,2.9292261600494385,,,,,,,,,,,,,,,,,,,,,,,,,,,,,,,,
105,4.375,105,4.375,0.0,0.08942378198089566,0.08477910579795969,0.6218748132130109,0.6204782509936813,0.050644181303951936,0.05166477781360022,0.04764096244127947,0.04857191311848131,0.17210537018348057,0.16903437796096712,0.1348420807533685,0.13352130008920082,0.12432823616591701,0.12452479060417478,0.5103940516710281,0.510269045829773,0.5082918405532837,0.5082659721374512,0.5095651149749756,0.5072344243526459,0.33787141740322113,0.338192343711853,0.39765769243240356,0.39785993099212646,0.7625299096107483,0.7703631818294525,-187.00735473632812,-187.08776855468753,0.4364166557788849,0.45941001176834106,3.7982168197631836,3.549891948699951,,,,,,,,,,,,,,,,,,,,,,,,,,,,,,,,
106,4.416666666666667,106,4.416666666666667,0.0,0.07478976933361992,0.06865033042590105,0.6201602795914601,0.6149098988585422,0.05710460214858295,0.0567935830614313,0.0545941680216566,0.0545394122768985,0.16688939563268998,0.16414843594142386,0.12884957637045386,0.1292461886325532,0.12402499281155382,0.12374686912895141,0.5103294998407364,0.5101614445447922,0.5087279081344604,0.5087324380874634,0.5095360577106476,0.5077120661735535,0.33490224182605743,0.3351810723543167,0.39510342478752136,0.396290123462677,0.7616339921951294,0.7694018185138702,-186.63906860351562,-186.11759948730474,-0.17289435863494873,-0.3146659731864929,3.8423354625701904,3.5671916007995605,,,,,,,,,,,,,,,,,,,,,,,,,,,,,,,,
107,4.458333333333333,107,4.458333333333333,0.0,0.06921840255487904,0.06779933381351995,0.6102215045621556,0.6116277285014543,0.061342420596634695,0.06431490734639549,0.05884300052007675,0.06154387996421159,0.16366409588745665,0.16003659673842932,0.12836013424044207,0.1253405310431291,0.12390576544089317,0.12399279307320192,0.5100080370903015,0.5097628533840179,0.5092958211898804,0.5086799263954163,0.5090953558683395,0.5077159702777863,0.33339114487171173,0.3341599851846695,0.3927149772644043,0.39396655559539795,0.7608618438243866,0.7691699266433716,-186.95997619628906,-186.78645324707034,-1.0937174558639526,-0.6312604546546936,3.5645439624786377,3.5279054641723633,,,,,,,,,,,,,,,,,,,,,,,,,,,,,,,,
108,4.5,108,4.5,0.0,0.08312300517398584,0.0750967625540896,0.602942769362935,0.5995019727758697,0.0723839948918145,0.07218642405488848,0.07001446684366454,0.06944223305009163,0.15013509520796467,0.15226822273529136,0.11602216098067233,0.1179169184859738,0.12406705046280089,0.12402256838059635,0.510034829378128,0.510078951716423,0.5100151896476746,0.5099356174468994,0.5088133662939072,0.5073201656341553,0.3327260911464691,0.3331800550222397,0.3951180875301361,0.3953787088394165,0.7609345316886902,0.7694701850414276,-185.49139404296875,-185.54542541503912,-2.269150972366333,-2.0929040908813477,3.47369384765625,3.4446721076965336,,,,,,,,,,,,,,,,,,,,,,,,,,,,,,,,
109,4.541666666666667,109,4.541666666666667,0.0,0.08250849028751797,0.07422060101615265,0.6009302448721168,0.5971417157967661,0.07162729033817809,0.07182301548494299,0.06896553885604192,0.06884249081564495,0.15073306735530329,0.1532660429737528,0.11707053109620992,0.11896269582716668,0.12484160587865568,0.12475013351700255,0.5100105851888657,0.5100843757390976,0.5092747807502747,0.5093835592269897,0.5088019073009491,0.5076068192720413,0.3331345170736313,0.3335956484079361,0.3969865143299103,0.3977430760860443,0.7612827718257904,0.7709966897964478,-184.9991912841797,-184.8941040039063,-1.3170689344406128,-1.51148521900177,3.428231239318848,3.5053200721740723,,,,,,,,,,,,,,,,,,,,,,,,,,,,,,,,
110,4.583333333333333,110,4.583333333333333,0.0,0.08137700363812393,0.06939504126137373,0.5898085619234648,0.5811793233394514,0.06835899636905743,0.07203439121377109,0.06575238190483557,0.06943620396577674,0.15977770361641286,0.15800131348908258,0.12448381233856362,0.12439070915895513,0.1252644068242992,0.12511679561830572,0.5101458728313446,0.5100270807743073,0.5093954801559448,0.5093076229095459,0.5086007863283157,0.5074217468500137,0.33570535480976105,0.33565281331539154,0.40120065212249756,0.4021177291870117,0.7613541483879089,0.7691435813903809,-184.47021484375,-183.88619995117193,-2.1621737480163574,-2.222560167312622,3.8036849498748784,3.612728357315063,,,,,,,,,,,,,,,,,,,,,,,,,,,,,,,,
111,4.625,111,4.625,0.0,0.06026408516112839,0.04660039270581185,0.5894487224937582,0.5843508436142344,0.07295731908851777,0.0750644754794357,0.07088892488756783,0.07299676933263602,0.15737253400101917,0.15551731083819986,0.12313197011540987,0.12120965037941392,0.12429687690305587,0.12475497189978238,0.5097338259220123,0.5099900215864182,0.5089462399482727,0.5087704062461853,0.5091597884893417,0.5077678859233856,0.33830350637435913,0.3383945971727371,0.409307599067688,0.41035670042037964,0.7634762823581696,0.7688223719596863,-182.13833618164062,-181.82778930664065,-3.0168063640594482,-2.451885223388672,3.745062112808228,3.788994789123535,,,,,,,,,,,,,,,,,,,,,,,,,,,,,,,,
112,4.666666666666667,112,4.666666666666667,0.0,0.030809033621782982,0.026316252870422673,0.5613702425281439,0.5590280201496864,0.07052977748342254,0.07311197510391163,0.06966832501040471,0.07127639986604363,0.1597568376586994,0.1534891744207299,0.12614298425747053,0.11988282885003529,0.12512913913456114,0.12500445207626007,0.5103111267089844,0.5096234977245331,0.5088960528373718,0.5087847709655762,0.5098420679569244,0.507182240486145,0.3393103927373886,0.3395220637321472,0.4082738757133484,0.40963006019592285,0.7637335360050201,0.7697165906429291,-182.87704467773438,-182.157211303711,-1.3259453773498535,-2.389944553375244,3.831651926040649,3.5190291404724126,,,,,,,,,,,,,,,,,,,,,,,,,,,,,,,,
113,4.708333333333333,113,4.708333333333333,0.0,0.02739844788221251,0.02608387078085749,0.5518275346589612,0.5389157419041434,0.07466425379623044,0.07888115682758823,0.07325586448373923,0.07603164923524112,0.15221469736422477,0.14811481367974919,0.12459194294910063,0.12153647977131163,0.12650374586427163,0.12525328827241097,0.5103722810745239,0.5101935118436813,0.5097664594650269,0.5095881223678589,0.5099403858184814,0.5081155598163605,0.3496706187725067,0.34860914945602417,0.4276491701602936,0.42706725001335144,0.7622404098510742,0.7718015313148499,-179.58053588867188,-179.03849792480474,-2.3121211528778076,-1.919922113418579,2.844677686691284,2.5684680938720703,,,,,,,,,,,,,,,,,,,,,,,,,,,,,,,,
114,4.75,114,4.75,0.0,0.03218263552802881,0.03246392926766756,0.5440233187670481,0.5254138564430462,0.08114648385771792,0.07982637457593272,0.07993521370862884,0.07740208207412552,0.15068961509613613,0.14769788018479554,0.12259513649200007,0.11987337282873244,0.12650926822743197,0.126674564036427,0.5099429339170456,0.5092247128486633,0.5095797777175903,0.5091130137443542,0.5099472552537918,0.5097092092037201,0.3578392267227173,0.3581538051366806,0.4396304190158844,0.4393260180950165,0.7588765323162079,0.7746015191078186,-178.33834838867188,-178.46200561523443,-3.4281857013702393,-3.1964218616485596,2.9111547470092773,2.4899940490722656,,,,,,,,,,,,,,,,,,,,,,,,,,,,,,,,
115,4.791666666666667,115,4.791666666666667,0.0,0.036507511447823986,0.03969255682340447,0.524523350124081,0.5145556357981155,0.0807744848358108,0.08288158763460197,0.07920232351707747,0.08143472284975382,0.1544032409728011,0.14752973596233887,0.1229939698913216,0.11803045773523974,0.1251427704475459,0.12618795148960796,0.5091543644666672,0.5090261399745941,0.5080875754356384,0.5076962113380432,0.5102556049823761,0.507450133562088,0.36576685309410095,0.3661324381828308,0.4517633318901062,0.45006269216537476,0.7572506368160248,0.7764852941036224,-176.701904296875,-177.67494201660162,-3.0367984771728516,-2.254575729370117,2.941668748855591,2.8237578868865967,,,,,,,,,,,,,,,,,,,,,,,,,,,,,,,,
116,4.833333333333333,116,4.833333333333333,0.0,0.04051964006684797,0.040710792703315915,0.511886806210697,0.5072983960165358,0.09127662028332922,0.08976483003153456,0.09037919450992084,0.08919377875452755,0.13678737123768628,0.13647722924612923,0.10807821635672837,0.10912634911215846,0.12550276871160737,0.12531813805367767,0.5092921257019043,0.5091817080974579,0.5080796480178833,0.5080437660217285,0.5104217529296875,0.5078526735305786,0.36564329266548157,0.3668348342180252,0.45227479934692383,0.45291513204574585,0.7575913667678833,0.7771039605140686,-176.7138671875,-176.94705200195318,-2.3015782833099365,-2.5480847358703613,2.7341461181640625,2.6230921745300293,,,,,,,,,,,,,,,,,,,,,,,,,,,,,,,,
117,4.875,117,4.875,0.0,0.04215073185260366,0.04287177638606956,0.5238920194694863,0.5184671935559693,0.08278475776743617,0.0840364084941633,0.08251263659919701,0.08374996540404744,0.1413599520818982,0.14048958536894485,0.11147314240318401,0.11099338234240003,0.1262585666776317,0.1266307708871414,0.509053647518158,0.5095950067043304,0.5080286860466003,0.5083169937133789,0.5093455612659454,0.5077746510505676,0.3706425130367279,0.3714665323495865,0.45798367261886597,0.4587303102016449,0.7585134208202362,0.7741346955299377,-176.37881469726562,-176.6426391601563,-3.031574249267578,-2.678529739379883,2.8596301078796387,2.806948661804199,,,,,,,,,,,,,,,,,,,,,,,,,,,,,,,,
118,4.916666666666667,118,4.916666666666667,0.0,0.03569087440654777,0.03821867178305805,0.5157970329524901,0.5035621862682484,0.092389224376322,0.09181847281408226,0.09241798290369743,0.09235131966070982,0.13599144723143528,0.13465124859408584,0.10687044475093253,0.10695162740374617,0.1252320298158251,0.1252691047107639,0.5092968642711639,0.509389728307724,0.5078817009925842,0.507661759853363,0.5094984173774719,0.5080399811267853,0.3706871420145035,0.3714061379432678,0.46176278591156006,0.4617733955383301,0.7577612102031708,0.7744861543178558,-174.91046142578125,-174.98316955566412,-2.061372995376587,-1.5854296684265137,2.7100307941436768,2.759511947631836,,,,,,,,,,,,,,,,,,,,,,,,,,,,,,,,
119,4.958333333333333,119,4.958333333333333,0.0,0.03372325707669722,0.03422412677049481,0.5104746541811107,0.5039363321715078,0.0934375039057883,0.09193875551660814,0.09334489628414389,0.09227564054468197,0.13496553489538415,0.1340608614518768,0.10582423652289367,0.10537749978824942,0.1251258265396256,0.12566296571210667,0.5089574903249741,0.5093487352132797,0.5077667832374573,0.5078871846199036,0.5094062387943268,0.5077885091304779,0.3693256378173828,0.37001924216747284,0.46065255999565125,0.4607636034488678,0.7581954896450043,0.7756835222244263,-174.21971130371094,-174.28909301757818,-1.7060117721557617,-1.583648443222046,2.5522000789642334,2.693180799484253,,,,,,,,,,,,,,,,,,,,,,,,,,,,,,,,
120,5.0,120,5.0,0.0,0.03195679494884633,0.035761513633105146,0.5167725976058087,0.5100263305244798,0.09271472362167298,0.09090133342705947,0.09270230530514992,0.09129971110729815,0.13763218021658147,0.13414043206037232,0.10792153118758178,0.10595008717914191,0.12490427397727949,0.12512877659942617,0.5092769265174866,0.5094378590583801,0.5079988837242126,0.5084912776947021,0.5093724429607391,0.5083073973655701,0.36896148324012756,0.3695492446422577,0.4604681432247162,0.460107684135437,0.7586958110332489,0.7757852077484131,-174.2786865234375,-174.86599731445318,-2.2878897190093994,-3.323453664779663,2.727703094482422,2.6392672061920166,,,,,,,,,,,,,,,,,,,,,,,,,,,,,,,,
121,5.041666666666667,121,5.041666666666667,0.0,0.03550502142417265,0.03741068536258001,0.508476124349587,0.49833232307774117,0.09230929092693733,0.09145794676228569,0.09273039431374568,0.09136310232455616,0.13314076530464783,0.131686770040191,0.10516276407104751,0.10296376426501844,0.12556137133239095,0.1255023629908473,0.5086813569068909,0.5089098513126373,0.5075968503952026,0.507768988609314,0.5084941387176514,0.5078000724315643,0.3670422285795212,0.36726802587509155,0.457588255405426,0.45695656538009644,0.7579566538333893,0.7753890156745911,-174.7840576171875,-175.369125366211,-2.665581703186035,-2.8095669746398926,2.5516486167907715,2.609498977661133,,,,,,,,,,,,,,,,,,,,,,,,,,,,,,,,
122,5.083333333333333,122,5.083333333333333,0.0,0.05211151872148741,0.055716522365435284,0.5068119524221011,0.5008723478640684,0.09446862987629816,0.09350015550014995,0.09477185032318372,0.09364643623148255,0.13201668222524895,0.13010907036231678,0.10416515868292606,0.10244348798237693,0.1251913968449098,0.1254280791973498,0.5085865408182144,0.5087078511714935,0.5070670247077942,0.5074337124824524,0.5087163746356964,0.5084094703197479,0.36754678189754486,0.36805360019207,0.459598571062088,0.45878109335899353,0.7588135302066803,0.7737060189247131,-175.13162231445312,-175.80126953125006,-3.0203921794891357,-3.63604736328125,2.647913932800293,2.5614817142486572,,,,,,,,,,,,,,,,,,,,,,,,,,,,,,,,
123,5.125,123,5.125,0.0,0.06805241627559554,0.06492188177108492,0.5001379057002153,0.49522037880999065,0.09493757176557596,0.09404564142523364,0.09501284348019483,0.09420555128923677,0.13153401650010055,0.12835778108105197,0.10444738516069216,0.10125719403222644,0.12579926569022948,0.1258959328013131,0.5084157586097717,0.5087668895721436,0.5064674019813538,0.5066578388214111,0.5080789029598236,0.5086512565612793,0.37011221051216125,0.3702888935804367,0.4629242420196533,0.4620474576950073,0.75962895154953,0.7742816209793091,-174.9467010498047,-175.46931457519537,-2.420673131942749,-1.9283682107925417,2.658785581588745,2.6671063899993896,,,,,,,,,,,,,,,,,,,,,,,,,,,,,,,,
124,5.166666666666667,124,5.166666666666667,0.0,0.05255405171903738,0.05392286959601608,0.48951682882422715,0.48589098671691305,0.09397688083472681,0.09331575333229293,0.093864494549808,0.09307953796607728,0.13023364265320955,0.12740629145360333,0.10232560600816193,0.09905600114456996,0.12589056615008692,0.12591470533091545,0.5081293135881424,0.508211076259613,0.506401538848877,0.5062478184700012,0.5077110081911087,0.5084455013275146,0.3704160302877426,0.3705400824546814,0.4625333547592163,0.46187740564346313,0.7599203288555145,0.7747911810874939,-175.36517333984375,-175.62744140625006,-2.0240299701690674,-2.009042978286743,2.7991974353790283,2.8970847129821777,,,,,,,,,,,,,,,,,,,,,,,,,,,,,,,,
125,5.208333333333333,125,5.208333333333333,0.0,0.03023767208658749,0.031049437064409147,0.5136861853055332,0.518997069481424,0.09301706732540699,0.09349583831810529,0.09288328001006321,0.09351444182466714,0.13544056669600996,0.13380110670903972,0.10649112666566592,0.10415353319505521,0.12580104723929528,0.1254385912094875,0.5078091472387314,0.5080946385860443,0.5062592625617981,0.5065760016441345,0.5080224424600601,0.5087408274412155,0.372444823384285,0.37247464060783386,0.4662744700908661,0.46627116203308105,0.7600692212581635,0.7758395969867706,-172.54234313964844,-172.77639770507818,-1.2101547718048096,-1.9948549270629885,2.7143127918243413,2.8097736835479736,,,,,,,,,,,,,,,,,,,,,,,,,,,,,,,,
126,5.25,126,5.25,0.0,0.03127423137887976,0.03565697993051484,0.5173738082643328,0.5179923315401547,0.09197514914637218,0.09297508958494445,0.0925009395724428,0.09347136522742111,0.13441722386970295,0.13224716986842447,0.10595509099181132,0.10370620562875468,0.12481149791535207,0.12489436094169075,0.5077614486217499,0.5080424398183823,0.5060365200042725,0.506632924079895,0.5083622336387634,0.5088814496994019,0.37134024500846863,0.37116050720214844,0.46420949697494507,0.46459802985191345,0.7597426772117615,0.7754411101341248,-173.62371826171875,-173.22331237792974,-1.5341904163360596,-2.971484899520874,2.7781519889831543,2.7900121212005615,,,,,,,,,,,,,,,,,,,,,,,,,,,,,,,,
127,5.291666666666667,127,5.291666666666667,0.0,0.03600717742820694,0.03550542352927984,0.5332160808373697,0.5257518114502315,0.09101184271738451,0.091970938431493,0.09250503345033734,0.09297105442243297,0.12785786430697682,0.1268833337821551,0.10057083108104316,0.09980616240089371,0.12590686334138856,0.1254506990951348,0.5080638229846954,0.5083223283290863,0.506097674369812,0.5067927837371826,0.5091283917427063,0.5087481439113617,0.3695244640111923,0.36958715319633484,0.4614030718803406,0.46240052580833435,0.7593556344509125,0.7749620974063873,-174.35855102539062,-174.04977416992193,-1.2420967817306519,-2.5693161487579346,2.8317129611968994,2.7053639888763428,,,,,,,,,,,,,,,,,,,,,,,,,,,,,,,,
128,5.333333333333333,128,5.333333333333333,0.0,0.04298285147444756,0.039902814822426684,0.553656763783542,0.5426335098673427,0.08808277149722925,0.08946314701924409,0.08948466371623094,0.09004146252331269,0.12742631206888316,0.12726548114645359,0.10054899962640763,0.09875398048458107,0.1262563089247431,0.1258007175383519,0.5077963918447495,0.5084109306335449,0.5060003399848938,0.5067316889762878,0.5097556859254837,0.5082855969667435,0.3693239986896515,0.36995427310466766,0.4610917568206787,0.4614776074886322,0.7582125961780548,0.7761776745319366,-174.624267578125,-174.94229125976568,-1.533973217010498,-2.0620439052581787,2.7200050354003906,2.817856550216675,,,,,,,,,,,,,,,,,,,,,,,,,,,,,,,,
129,5.375,129,5.375,0.0,0.04504979992134178,0.045005418766120325,0.535507856680489,0.523942321749739,0.08822328537546915,0.08757245120408705,0.08923243230268858,0.08800775173014048,0.1283906927137092,0.12754672197310166,0.10070810030090498,0.09955171931604813,0.1268491932518745,0.12687616313800304,0.5080281645059586,0.5082933306694031,0.5060627460479736,0.5068603157997131,0.5100131332874298,0.5079403072595596,0.36821049451828003,0.3686855733394623,0.4604189097881317,0.4598345458507538,0.7572858929634094,0.7768030762672424,-174.07386779785156,-174.58000183105474,-1.5812493562698364,-2.4876492023468018,2.8311488628387456,2.7029292583465576,,,,,,,,,,,,,,,,,,,,,,,,,,,,,,,,
130,5.416666666666667,130,5.416666666666667,0.0,0.04230264314690554,0.04191201326325063,0.5301337670895458,0.52658749822352,0.08906114338507669,0.08807348965994656,0.09015182432245925,0.08846485548966072,0.1257697002414639,0.1252156749571526,0.09976080912732838,0.09900459873519485,0.12685927722838802,0.12646976285224262,0.5081373453140259,0.5083356201648712,0.506485104560852,0.5071512460708618,0.5096787661314011,0.5082499384880066,0.367445170879364,0.3675544559955597,0.45917192101478577,0.4588087797164917,0.7568592727184296,0.775695264339447,-173.86293029785156,-174.29736328125003,-1.4431756734848022,-2.469485282897949,2.5676093101501465,2.4609193801879883,,,,,,,,,,,,,,,,,,,,,,,,,,,,,,,,
131,5.458333333333333,131,5.458333333333333,0.0,0.04056657620798362,0.043945223117957365,0.5304053758463699,0.5241920443106832,0.08891179859021137,0.0901902816629791,0.08970506837998667,0.08971865222564587,0.12498394044493452,0.12311442632041004,0.09974389627995635,0.09733592841538828,0.12612683257376467,0.12584902621909405,0.5081545263528824,0.508486270904541,0.5066575407981873,0.5073871612548828,0.5099256038665771,0.5082220435142517,0.3678741008043289,0.3676726669073105,0.45833057165145874,0.457879900932312,0.7568777203559875,0.776373028755188,-174.103759765625,-174.65312194824224,-1.174196720123291,-2.140289306640625,2.480933427810669,2.3479385375976562,,,,,,,,,,,,,,,,,,,,,,,,,,,,,,,,
132,5.5,132,5.5,0.0,0.04141442403638727,0.04317631885894341,0.5248954176362683,0.5193302886244026,0.0880546407013517,0.0905066041251112,0.08875946529623284,0.09010479610586682,0.12522633696742388,0.12292587100282237,0.10108278383157956,0.09770563365300652,0.1258204443451607,0.1257134057020786,0.5080676674842834,0.508521169424057,0.5070840120315552,0.5077465176582336,0.5101296305656433,0.5080128908157349,0.36728382110595703,0.36772972345352173,0.45728370547294617,0.45738470554351807,0.7568698227405548,0.7772667109966278,-174.15177917480472,-174.59962463378912,-2.006742477416992,-2.618058681488037,2.281057834625244,2.2677977085113525,,,,,,,,,,,,,,,,,,,,,,,,,,,,,,,,
133,5.541666666666667,133,5.541666666666667,0.0,0.03944304638023642,0.04283077882638967,0.5253821524670884,0.5215419626055849,0.088270670973087,0.08903508404029006,0.08913971678173574,0.08894045486993647,0.12437015342650634,0.12207681033467674,0.10110771999947388,0.09738058848995594,0.12572043988295445,0.12573760016753172,0.5080363154411316,0.5082108527421951,0.5066636204719543,0.5073022842407227,0.510313093662262,0.508306547999382,0.36716756224632263,0.3669389933347702,0.45711550116539,0.4569925367832184,0.7564672231674194,0.7772155702114105,-174.28353881835938,-174.53085327148443,-1.3180419206619263,-2.5093019008636475,2.3466031551361084,2.272387742996216,,,,,,,,,,,,,,,,,,,,,,,,,,,,,,,,
134,5.583333333333333,134,5.583333333333333,0.0,0.04170082046028475,0.043530176871694526,0.5239976876808717,0.5195410702041126,0.08837807150638426,0.08996600207884889,0.08897682182914778,0.08976372744551879,0.1229705269737157,0.12122111406242571,0.09954850149465118,0.09689697665703906,0.12590304850622144,0.12586291740537095,0.5078097283840179,0.5082121938467026,0.5065890550613403,0.5069950819015503,0.509815126657486,0.5082208216190338,0.3670535534620285,0.36696693301200867,0.4569191634654999,0.45621347427368164,0.7564257979393005,0.7772145569324493,-174.71078491210938,-175.15296936035162,-1.6033027172088623,-1.8585745096206665,2.320594549179077,2.3262104988098145,,,,,,,,,,,,,,,,,,,,,,,,,,,,,,,,
135,5.625,135,5.625,0.0,0.04342380808624005,0.04569563659006618,0.519040052359867,0.5173583414956917,0.08907298878779027,0.08909388000609922,0.08931101272119416,0.08889797546336355,0.12371771159597011,0.12145970451763756,0.09954572789613297,0.09708235992848446,0.12601921814199285,0.12586052403296344,0.5078366845846176,0.5080946385860443,0.5064256191253662,0.5070052146911621,0.5102119743824005,0.5081409811973572,0.36678898334503174,0.3667036145925522,0.45680922269821167,0.4560371935367584,0.7565264999866486,0.7760048508644104,-174.70973205566406,-175.34880065917974,-1.207733154296875,-2.24204421043396,2.3381764888763428,2.2792136669158936,,,,,,,,,,,,,,,,,,,,,,,,,,,,,,,,
136,5.666666666666667,136,5.666666666666667,0.0,0.04058309165675383,0.04361284102734317,0.5238616965590122,0.5142592689584491,0.08913032857293486,0.0894798772065713,0.09001841650375642,0.08927269163759283,0.12240351817033084,0.1215715421572847,0.09892939239348957,0.09754502886356055,0.1263691714028958,0.12589959411882723,0.5076867938041687,0.5080641508102417,0.5064384937286377,0.5068804621696472,0.5099597722291946,0.5084409564733505,0.3663950711488724,0.3663930743932724,0.4563104510307312,0.4561402201652527,0.7570015490055084,0.7756080329418182,-175.1068115234375,-175.43165588378912,-1.6562803983688354,-2.0041134357452393,2.3314363956451416,2.26550030708313,,,,,,,,,,,,,,,,,,,,,,,,,,,,,,,,
137,5.708333333333333,137,5.708333333333333,0.0,0.0329928748752289,0.0324617297773848,0.5148551200987183,0.515293552714041,0.09094626334821106,0.09120274073487948,0.09116746813146807,0.09105921463713834,0.12275820501450241,0.12047856034696047,0.09863252671587562,0.09590425922857128,0.12632988245540497,0.1258750374684231,0.5075204968452454,0.5079518854618073,0.5059036612510681,0.5063424706459045,0.5100404620170593,0.5085313320159912,0.36598755419254303,0.36623135209083557,0.4560133218765259,0.455924928188324,0.7574735879898071,0.7763620913028717,-174.6483154296875,-175.08804321289068,-0.5931450724601746,-1.0714263916015625,2.3476786613464355,2.4002373218536377,,,,,,,,,,,,,,,,,,,,,,,,,,,,,,,,
138,5.75,138,5.75,0.0,0.031461315814463146,0.03269507578274113,0.5251992700235939,0.5259834774778068,0.09085999101023728,0.09154853183750247,0.09158534783400693,0.09148999110791826,0.12386784166899788,0.12129811564819588,0.09870350621730026,0.09667829806030372,0.12569622758800336,0.12580029344459137,0.5075443089008331,0.5078918933868408,0.5057798624038696,0.5065513253211975,0.5102173537015915,0.507801741361618,0.36618250608444214,0.36644546687602997,0.4556512236595154,0.45602795481681824,0.758005827665329,0.7764759659767151,-174.79698181152344,-174.901351928711,-1.0909104347229004,-1.6538604497909546,2.659984827041626,2.446497678756714,,,,,,,,,,,,,,,,,,,,,,,,,,,,,,,,
139,5.791666666666667,139,5.791666666666667,0.0,0.03026381893933224,0.031221911074697874,0.5282146056010845,0.5260046996236496,0.09105743923328835,0.09162979417052573,0.09184377323816567,0.09146206212783631,0.12313943231279034,0.12075509410069674,0.09839376846559951,0.09551431349284555,0.12559612155810343,0.12565757951707598,0.5077841281890869,0.5079143196344376,0.5061927437782288,0.5064010620117188,0.5109448879957199,0.5080761462450027,0.36569830775260925,0.3659570515155792,0.45580828189849854,0.45575234293937683,0.7577252089977264,0.7769773602485657,-174.37530517578125,-174.81263732910162,-1.2532179355621338,-1.4149656295776367,2.5574045181274414,2.505505323410034,,,,,,,,,,,,,,,,,,,,,,,,,,,,,,,,
140,5.833333333333333,140,5.833333333333333,0.0,0.03041250570371653,0.03252722439729725,0.5289244678875791,0.5302440595714346,0.08907864590489213,0.09031253211440095,0.09024787775024469,0.09068182661244657,0.12414995721507208,0.1217061458326746,0.09900453442991515,0.09645184214716178,0.12589143550467033,0.1255365250798426,0.5076199620962143,0.5078141540288925,0.5056818723678589,0.5060544610023499,0.5113939344882965,0.5080197751522064,0.36598068475723267,0.36615708470344543,0.4555194079875946,0.4552648365497589,0.7577936947345734,0.7776390016078949,-174.74571228027344,-175.23574829101568,-1.0664910078048706,-1.3194003105163574,2.781752347946167,2.6354832649230957,,,,,,,,,,,,,,,,,,,,,,,,,,,,,,,,
141,5.875,141,5.875,0.0,0.0362732869238884,0.04174559422598046,0.54085865814588,0.5362440855060104,0.08671125974257587,0.0887882301982024,0.0875929022617355,0.08945401649330377,0.12397800995982886,0.12291446204529165,0.09684815136155099,0.0963842259056419,0.12613269799412702,0.12615141695510204,0.5078030377626419,0.5079478919506073,0.5055238604545593,0.505972683429718,0.5120629668235779,0.5079899728298187,0.3640929162502289,0.3644056022167206,0.4530966579914093,0.45329055190086365,0.7566769421100616,0.776158332824707,-175.1355438232422,-175.26028442382818,-1.2665600776672363,-1.9044721126556394,3.0771007537841797,2.953392505645752,,,,,,,,,,,,,,,,,,,,,,,,,,,,,,,,
142,5.916666666666667,142,5.916666666666667,0.0,0.03996062223200677,0.0409787627617667,0.5481858067288227,0.5468418727177842,0.08588606829727935,0.08720212345376875,0.08724824980393708,0.0877814833543157,0.12407000647221127,0.12380265693846558,0.09804777533892434,0.09741352592616878,0.12559085811138118,0.12576254473121842,0.5079267770051956,0.5079462081193924,0.5058856010437012,0.5061349272727966,0.5120723247528076,0.5071491301059723,0.3621586114168167,0.36257776618003845,0.44809678196907043,0.44875335693359375,0.7567597329616547,0.7742367088794708,-176.7344970703125,-176.6448822021485,-1.5795295238494873,-1.833147644996643,3.1048059463500977,2.94107460975647,,,,,,,,,,,,,,,,,,,,,,,,,,,,,,,,
143,5.958333333333333,143,5.958333333333333,0.0,0.0403829370919781,0.04042379698376579,0.5468449584736206,0.5458759828265048,0.08515877297194796,0.08655795521458634,0.08626902039043408,0.08728952578396919,0.12311451572352719,0.12249460062247788,0.09716069578622258,0.09660201268793786,0.12628683933631535,0.12649225750445733,0.5082126259803772,0.508309543132782,0.5056267380714417,0.506432831287384,0.5115136653184891,0.5080013424158096,0.3591024577617645,0.35929466784000397,0.4452129900455475,0.44618961215019226,0.7563788890838623,0.7737699151039124,-176.34983825683594,-175.97267150878912,-0.14648263156414032,-1.505762815475464,2.9963762760162354,2.8112804889678955,,,,,,,,,,,,,,,,,,,,,,,,,,,,,,,,
144,6.0,144,6.0,0.0,0.03923052146106267,0.038443944249436666,0.5525996559739679,0.5535613867858263,0.08326001254766477,0.08466703662905045,0.0848440670985374,0.08615470953572425,0.12547168531496666,0.12478324113678578,0.09818181106989804,0.09869539992488036,0.1263200707344626,0.12629543532223791,0.5083545446395874,0.5085723698139191,0.5061789751052856,0.5062183141708374,0.5115404725074768,0.5085368156433105,0.35889238119125366,0.3593894839286804,0.4429282248020172,0.4434130787849426,0.7568461000919342,0.7730678915977478,-177.13963317871094,-177.25758361816412,-1.2590305805206299,-0.8693198561668396,3.2477471828460693,3.141087055206299,,,,,,,,,,,,,,,,,,,,,,,,,,,,,,,,
145,6.041666666666667,145,6.041666666666667,0.0,0.06053717652176169,0.05443693805034926,0.5617564993828496,0.5533714778897999,0.060439745888213096,0.058526246075834044,0.05993866006503965,0.05772892084918385,0.16222687261475285,0.16498610277476572,0.1299745504130818,0.13068045898415273,0.12521687688860866,0.12510876581639185,0.5118467956781387,0.5118963718414307,0.5088979601860046,0.509192168712616,0.5120024085044861,0.5109826922416687,0.3558213412761688,0.35694871842861176,0.4315171539783478,0.4324169456958771,0.7566240131855011,0.7702501714229584,-180.07650756835938,-180.22717285156256,0.6293319463729858,0.002548391232267022,3.474708080291748,3.6068356037139893,,,,,,,,,,,,,,,,,,,,,,,,,,,,,,,,
146,6.083333333333333,146,6.083333333333333,0.0,0.06884196618249405,0.06281804446234478,0.5704461487055018,0.5684260107290401,0.052392848786406376,0.050784030282008084,0.052314156081075286,0.05027084405287246,0.16963476211376416,0.17063674452012692,0.13511962321708784,0.13725391559307507,0.12485646318571002,0.12457797050929009,0.5134994238615036,0.5135467946529388,0.5103305578231812,0.5109235048294067,0.51285520195961,0.5114199072122574,0.352540984749794,0.353447362780571,0.4242221713066101,0.424566388130188,0.7545526623725891,0.7686657011508942,-181.96157836914062,-182.1058197021485,1.0247111320495605,0.4639281928539276,3.9170815944671635,3.5332863330841064,,,,,,,,,,,,,,,,,,,,,,,,,,,,,,,,
147,6.125,147,6.125,0.0,0.06037084055650369,0.06423818084305287,0.564716012683572,0.5683577533250559,0.055319111425311034,0.05684285158024696,0.05567771312524346,0.05621704254373035,0.17486719416703259,0.1689571973094075,0.13626059331521725,0.13148423486806696,0.12461324752751007,0.12432687923521643,0.5128854513168335,0.5128798633813858,0.5108635425567627,0.5108048319816589,0.5132385194301605,0.5108098387718201,0.35359132289886475,0.35383835434913635,0.4261420667171478,0.4266655445098877,0.7543967068195343,0.7680718004703522,-181.12168884277344,-181.25320434570315,-1.6915446519851685,-1.2796125411987307,4.4058756828308105,4.047131538391113,,,,,,,,,,,,,,,,,,,,,,,,,,,,,,,,
148,6.166666666666667,148,6.166666666666667,0.0,0.07356961637121498,0.07400610729337462,0.5763977430138433,0.5836142757719162,0.05813878764382126,0.05808091728627924,0.05789408410009939,0.05667434496085679,0.16711327071949528,0.1648210231099481,0.12731830359890067,0.12398031725138385,0.1248547591296048,0.1251825043667385,0.5157518833875656,0.5161212682723999,0.5126539468765259,0.5129173994064331,0.5148754417896271,0.5113149881362915,0.3474896252155304,0.34679342806339264,0.4186691641807556,0.41887763142585754,0.7555708587169647,0.7648203372955322,-181.7784729003906,-181.3829498291016,0.19398130476474762,0.08227496594190598,4.578627109527588,4.37332820892334,,,,,,,,,,,,,,,,,,,,,,,,,,,,,,,,
149,6.208333333333333,149,6.208333333333333,0.0,0.07972097891685201,0.07752373921650317,0.5779246851883274,0.5787964009697656,0.06786217476100534,0.07005803965702798,0.06673306143561136,0.06876076715682776,0.16084036242454686,0.15821919149762745,0.11618603242643438,0.11395284331635272,0.12537097628694596,0.12555108296612297,0.51975317299366,0.5199752449989319,0.5167779922485352,0.516714334487915,0.5161979645490646,0.5110413730144501,0.3443206399679184,0.34420880675315857,0.41550329327583313,0.4154011905193329,0.7555397748947144,0.7649763524532318,-181.8874359130859,-181.93878173828128,-0.5312230587005615,-0.07814711332321167,5.124910354614258,4.926477909088135,,,,,,,,,,,,,,,,,,,,,,,,,,,,,,,,
150,6.25,150,6.25,0.0,0.06398955569296313,0.058193756513491235,0.5745607459903129,0.576737562785777,0.07338679510503734,0.07347667790527933,0.07315177513837613,0.07371513855569245,0.16709528628815,0.16335765598276042,0.1158141834056348,0.1126290889347571,0.12395142891681196,0.12370934810396658,0.5214064568281174,0.5213663429021835,0.5191635489463806,0.5185002684593201,0.520014762878418,0.5149977207183838,0.34445327520370483,0.3443704694509506,0.4185367822647095,0.4197230637073517,0.7476308047771454,0.7563667297363281,-180.0408935546875,-179.53456115722662,-3.3116846084594727,-2.700950860977173,5.764252185821533,5.760785102844238,,,,,,,,,,,,,,,,,,,,,,,,,,,,,,,,
151,6.291666666666667,151,6.291666666666667,0.0,0.0645625419524908,0.05928608672456495,0.5856790636412113,0.5774040438644142,0.07432953451745666,0.07401349460751111,0.0752289365467909,0.07513037588632554,0.16207623801974477,0.15757003268691444,0.10916444541177342,0.10571040153733696,0.12332275053233754,0.12459579185317626,0.5213652700185776,0.521453469991684,0.519420325756073,0.5195418000221252,0.521306723356247,0.5144956856966019,0.34443293511867523,0.3444630652666092,0.41903889179229736,0.419788658618927,0.7474198341369629,0.7612134516239166,-179.73631286621094,-179.60688781738287,-4.530219078063965,-4.496257781982422,5.973626136779785,5.876735687255859,,,,,,,,,,,,,,,,,,,,,,,,,,,,,,,,
152,6.333333333333333,152,6.333333333333333,0.0,0.07846394076328962,0.07389932762173779,0.5926913400306545,0.5871214052440807,0.08158535597047102,0.08335320853493224,0.08265021901867502,0.08434328029207837,0.15571400559570767,0.1553893884127347,0.10418789015418264,0.1039063950392444,0.12362588118817264,0.12398048174951773,0.5228176265954971,0.5229295194149017,0.520693838596344,0.5206363797187805,0.5281197726726532,0.5193453282117844,0.3458636552095413,0.34619736671447754,0.42321711778640747,0.42452287673950195,0.7361114323139191,0.7572095394134521,-178.71127319335938,-178.48135375976568,-5.100322723388672,-5.150550365447998,5.8979926109313965,5.8669352531433105,,,,,,,,,,0.30014726519584656,,-0.5339752954636784,,1.1196314096450806,,0.49661676499060076,,,,,,,,,,0.19939865171909332,,-0.7794029689960565,,1.1004971265792847,,0.47039758083795324
153,6.375,153,6.375,0.0,0.1020228320480949,0.09594127894355657,0.6079860596387238,0.606317556781033,0.08129110275493603,0.08209592522181605,0.08135205615373502,0.08183285528635406,0.14810242996503206,0.14963468181919248,0.09690785969251788,0.09731871922032577,0.12497433301259747,0.1250659802149565,0.5236009359359741,0.5238535106182098,0.5206456184387207,0.5210752487182617,0.5285212844610214,0.5287919342517853,0.3497123122215271,0.3500683605670929,0.43037980794906616,0.4313207268714905,0.7521604597568512,0.746653825044632,-177.35150146484375,-177.24122619628912,-3.3545312881469727,-3.9748167991638184,5.66313362121582,5.747474670410156,,,,,,,,,0.29625093936920166,0.30402058362960815,-0.5928012804704812,-0.5759572583150219,1.0004231929779053,0.9727162718772888,0.3564096276462008,0.3258368895012225,,,,,,,,,0.20541682839393616,0.18484848737716675,-0.8246284527048396,-0.8813255075835202,1.3576173782348633,1.317206621170044,0.8692028484131109,0.8223707696278609
154,6.416666666666667,154,6.416666666666667,0.0,0.10941265623505135,0.10999703915270548,0.5951743049174832,0.5942033333506876,0.07596195786313248,0.07795732041025404,0.07773169808913914,0.07876565355444083,0.15507837462090698,0.15224759738895122,0.09989064913435675,0.09940318096076545,0.12524406874529148,0.12533546117049418,0.5240736901760101,0.5241074413061142,0.5215048789978027,0.5219278931617737,0.5296424329280853,0.5271337479352951,0.3521273136138916,0.3519951105117798,0.43050771951675415,0.43107926845550537,0.7425497770309448,0.7512802183628082,-178.62501525878906,-178.58076477050787,-4.961223125457764,-5.185755729675293,6.407177448272705,5.988041877746582,,,,,,,,,0.3134258985519409,0.33043843507766724,-0.5658684845024646,-0.5076331763800156,0.9304530024528503,0.8831174969673157,0.2766198661057252,0.19138889857714345,,,,,,,,,0.19774264097213745,0.1978892683982849,-0.8686275211222566,-0.849717354850919,1.3243834972381592,1.3233777284622192,0.8565407295065656,0.8305170851191171
155,6.458333333333333,155,6.458333333333333,0.0,0.11148408219080679,0.11355925788234053,0.5883519513774965,0.5888323789341214,0.07531712985790094,0.07424273864934056,0.0768298183414398,0.07515585898997833,0.15678920769007307,0.156328060505483,0.1039399910701023,0.10599677846260969,0.12526793267713032,0.12533065784940087,0.5243813991546631,0.5243251174688339,0.5217235684394836,0.5219661593437195,0.5302802324295044,0.5270661860704422,0.35211293399333954,0.3524712175130844,0.4306834638118744,0.4318244755268097,0.7426407337188721,0.7528277635574341,-178.61602783203125,-178.28977966308597,-4.578365325927735,-4.526551723480225,6.146745204925538,5.793187141418457,,,,,,,,,0.3140292167663574,0.3321954607963562,-0.5669289362772604,-0.5002356294019165,0.9288020730018616,0.880930483341217,0.27452537262891225,0.18497323710406757,,,,,,,,,0.19670408964157104,0.20115414261817932,-0.8745113507018916,-0.8366203592494539,1.31902015209198,1.3329724073410034,0.8499658157485737,0.8376967556220298
156,6.5,156,6.5,0.0,0.08488689695770302,0.0897238361023818,0.5799368870189341,0.5824968440097038,0.06980687473410063,0.07472747681747831,0.07143761061339562,0.0754114942341024,0.16225226071766619,0.15767107483405005,0.10609179330107621,0.10428720667734136,0.1253099019712193,0.12521511511384378,0.5249240100383759,0.5247551947832108,0.5222536325454712,0.5225458741188049,0.5298003256320953,0.5284340530633926,0.35421013832092285,0.3542138636112213,0.43124648928642273,0.4324924945831299,0.7488032877445221,0.7558070123195648,-179.15133666992188,-178.54916381835943,-4.140592098236084,-4.648420333862306,6.508206367492676,6.0635576248168945,,,,,,,,,0.33118733763694763,0.3326249122619629,-0.5260072488418713,-0.5065488522824644,0.8454286456108093,0.830916702747345,0.1439453785707479,0.10929665551230515,,,,,,,,,0.1740245521068573,0.18723580241203308,-0.9422376538697014,-0.8826635036589099,1.2837986946105957,1.3093633651733398,0.796996958929942,0.8055133453476437
157,6.541666666666667,157,6.541666666666667,0.0,0.0635252652496793,0.058302765748749444,0.5677955898052154,0.5654805025519906,0.054489523988598056,0.05557379413147805,0.05580142567722929,0.05601598433678638,0.18068108489345033,0.1779720582635277,0.12635204362714916,0.1256838755848097,0.12421388193811635,0.12428282498240463,0.5252033472061157,0.5252155810594559,0.5235499739646912,0.5231185555458069,0.5308471620082855,0.5256894081830978,0.3572840839624405,0.35691793262958527,0.43314412236213684,0.4332708418369293,0.7445202171802521,0.7601425349712372,-179.0689697265625,-178.874496459961,-4.31575345993042,-3.2819528579711914,5.9403910636901855,5.6371750831604,,,,,,,,,0.33433663845062256,0.33431321382522583,-0.5275518635685683,-0.4968630938315019,0.8084602952003479,0.7930606007575989,0.09655505986073452,0.048073490991119155,,,,,,,,,0.19560456275939941,0.18766778707504272,-0.8999917906657269,-0.8775933130513709,1.2842612266540527,1.304747462272644,0.8150557067299306,0.7953401708429167
158,6.583333333333333,158,6.583333333333333,0.0,0.05616557951766273,0.05374905940269489,0.5622054790050736,0.5579962836877267,0.0565799342172685,0.058320388512158025,0.057523185924027845,0.059000290595055786,0.1801790362747213,0.1761382873756289,0.12780493235607873,0.12499087121276485,0.12377678162073007,0.12398370566520849,0.525404691696167,0.5252860337495804,0.5238197445869446,0.5239779353141785,0.5292247831821442,0.5271820276975632,0.35668283700942993,0.356996551156044,0.4332038164138794,0.4327770173549652,0.7514059841632843,0.763947993516922,-178.46556091308594,-178.92385864257818,-4.16835880279541,-4.224390506744385,5.6799116134643555,5.586672782897949,,,,,,,,,0.336944043636322,0.3375028371810913,-0.5102716464073583,-0.49209961811911523,0.806855320930481,0.7813716530799866,0.0827722071517129,0.025427007090523673,,,,,,,,,0.19964474439620972,0.19594597816467285,-0.8746343987002514,-0.859351692922079,1.3242489099502563,1.3064347505569458,0.855113443785736,0.7916714951784641
159,6.625,159,6.625,0.0,0.046190482794720475,0.04255653329153822,0.5570147797068863,0.5531741797572348,0.05812347813235922,0.05962810215540286,0.05950659953397872,0.06023410167010601,0.17773605678148027,0.17514441881147927,0.12814753617960295,0.12571349945740126,0.12377866011716615,0.12397457152028976,0.5255504846572876,0.5257056802511215,0.5235946178436279,0.5236244797706604,0.5295546650886536,0.5277086049318314,0.35623930394649506,0.3559870719909668,0.43316754698753357,0.43328848481178284,0.7513757944107056,0.7618483006954193,-178.18496704101562,-178.24528503417974,-3.5856108665466304,-3.3791112899780273,5.6084465980529785,5.556103229522705,,,,,,,,,0.34039199352264404,0.33674657344818115,-0.5010772261200085,-0.496096825223255,0.8065234422683716,0.7830362915992737,0.0821710329002714,0.030962193913418014,,,,,,,,,0.20027688145637512,0.19596324861049652,-0.8722312762845011,-0.8618352914184542,1.3303771018981934,1.307370901107788,0.8627228419541899,0.7971768826390802
160,6.666666666666667,160,6.666666666666667,0.0,0.031127231372906787,0.032466012214615966,0.5500731338243838,0.5473853282192419,0.06657181924842075,0.06839990926241232,0.0664736334999074,0.06887619366264806,0.17004676475202143,0.16832735866227305,0.11979260616758776,0.11666543608545271,0.12459831373226046,0.12546979252699214,0.5256348252296448,0.5257405042648315,0.523993194103241,0.5243114233016968,0.5327597558498383,0.5275258719921112,0.35594387352466583,0.35630153119564056,0.4329768121242523,0.43340080976486206,0.7479131519794464,0.757963240146637,-178.09112548828125,-178.2097778320313,-3.261732578277588,-3.6558480262756348,5.330421447753906,5.5722131729125985,,,,,,,,,0.34515872597694397,0.3384302258491516,-0.5039241250895662,-0.4935301244807945,0.7915372848510742,0.7904613018035889,0.06591424266340098,0.04771029723541657,,,,,,,,,0.20704272389411926,0.19865527749061584,-0.8749241433603206,-0.8583357086904506,1.3163411617279053,1.305166482925415,0.858870980461414,0.8033472776544666
161,6.708333333333333,161,6.708333333333333,0.0,0.027352193702595024,0.027588888811792757,0.5450263863224574,0.5380395308917668,0.07055992652276301,0.07579848942787142,0.06966466094879602,0.07490154381836768,0.16213558139246026,0.1585375093246768,0.11501365851514993,0.11041394850980166,0.12490802917424595,0.1256596767972996,0.5257137715816498,0.5259669721126556,0.524455726146698,0.5248170495033264,0.5301355868577957,0.526920348405838,0.3568471223115921,0.35641245543956757,0.4347741901874542,0.4345300793647766,0.7478883564472198,0.7563985884189606,-177.2452850341797,-177.6187591552735,-2.9617483615875244,-3.4767074584960938,4.8416876792907715,4.9595417976379395,,,,,,,,,0.34535902738571167,0.3399750590324402,-0.4992878094085977,-0.48556268313663553,0.8037567734718323,0.7937410473823547,0.08491667472573515,0.054557720359538125,,,,,,,,,0.20533709228038788,0.20375582575798035,-0.8776434052029446,-0.8393719533528556,1.3173058032989502,1.3239092826843262,0.8654806900321768,0.8291390181114876
162,6.75,162,6.75,0.0,0.03514512232673301,0.039957610925113435,0.5145702118170588,0.5093352171684831,0.07317776285554779,0.07896303675825699,0.0726152431373221,0.07831172873914122,0.15646998778267734,0.15310415474431854,0.108354808798992,0.10466280336973678,0.1248223882514665,0.12538001433014,0.5260401666164398,0.5260625034570694,0.5241631269454956,0.5246915817260742,0.52925606071949,0.5282068252563477,0.3570043742656708,0.3569527417421341,0.43751490116119385,0.43798601627349854,0.7516948282718658,0.7542443871498108,-177.61131286621094,-177.64100646972662,-3.914336204528809,-5.1020569801330575,5.025091171264648,4.995680809020996,,,,,,,,,0.3466845154762268,0.34100407361984253,-0.4904752263318017,-0.4879937331682204,0.8121671676635742,0.7949808835983276,0.09138255183535547,0.059732159796971274,,,,,,,,,0.21034622192382812,0.20083652436733246,-0.8567456399316002,-0.8533777087285156,1.3284201622009277,1.313417673110962,0.8715163536365765,0.8199190157023202
163,6.791666666666667,163,6.791666666666667,0.0,0.03437968778794031,0.03910868639642935,0.5184026577887657,0.5184587135006077,0.0787239351536648,0.08085598764217027,0.07938150940886672,0.08088490620180835,0.14926852824850764,0.1485584214724635,0.10017528444010117,0.09909549953678172,0.1254590165715602,0.12529205193727203,0.5259002149105072,0.5261396616697311,0.5244765877723694,0.5244879126548767,0.529748260974884,0.5287169516086578,0.3563978374004364,0.35644952952861786,0.436572790145874,0.43798723816871643,0.7507804036140442,0.755482941865921,-177.93006896972656,-177.66983032226568,-4.883143901824951,-5.085286617279053,5.289623737335206,5.257316589355469,,,,,,,,,0.34724047780036926,0.34164178371429443,-0.4922392936267641,-0.48761938055834375,0.8088341355323792,0.7915031313896179,0.08807396712534488,0.05281208761814237,,,,,,,,,0.20974227786064148,0.2033073604106903,-0.8630838441222645,-0.8481939376224273,1.322107195854187,1.3103537559509277,0.866766277633479,0.8135405848136632
164,6.833333333333333,164,6.833333333333333,0.0,0.03571030200026245,0.038359150572586896,0.5140078029317129,0.5121821298954254,0.07967619488656558,0.08256748367951416,0.08104796770538321,0.08356703615475299,0.14808430425177235,0.14386848297286073,0.10277912462225386,0.0978021445105792,0.12548920139586237,0.12588228376227129,0.5254057198762894,0.5253549963235855,0.523097813129425,0.5232857465744019,0.5283338129520416,0.5266166031360626,0.3587717115879059,0.3586922734975815,0.44094789028167725,0.44154465198516846,0.7581074237823486,0.7568567395210266,-177.23512268066406,-177.09516906738287,-3.385540246963501,-4.22707986831665,4.989530086517334,4.9993181228637695,,,,,,,,,0.3450290262699127,0.3423590660095215,-0.4859237164110504,-0.4750505506194207,0.82270747423172,0.8037342429161072,0.09632736359001012,0.06798319397167603,,,,,,,,,0.20787855982780457,0.2050628662109375,-0.8494966790561972,-0.829025950103236,1.3292896747589111,1.3376314640045166,0.8517095572409911,0.8422573279052065
165,6.875,165,6.875,0.0,0.029513801338399277,0.029870084689260373,0.5289522320789715,0.5310763637631445,0.07695218365169355,0.07898251596866737,0.07795216593393409,0.07862423213330708,0.14708268797322546,0.14141154672491404,0.10293215069776604,0.09696674542190181,0.12645717401162818,0.12665301847444263,0.5224924832582474,0.5224442929029465,0.5197690725326538,0.5203753113746643,0.5281326025724411,0.524900883436203,0.3638508468866348,0.363841712474823,0.44610121846199036,0.4457987844944,0.7518024146556854,0.7545450031757355,-176.2847137451172,-176.7473754882813,-1.2961961030960083,-1.89723265171051,4.8058671951293945,4.493520259857178,,,,,,,,,0.3342943489551544,0.33336353302001953,-0.5107159432909801,-0.4885858507276809,0.8630508184432983,0.8555905818939209,0.16487554435773946,0.14498639540708516,,,,,,,,,0.2065923660993576,0.20568929612636566,-0.8471791409170576,-0.8142655446001859,1.326114535331726,1.3549453020095825,0.8511584913028059,0.861491182825891
166,6.916666666666667,166,6.916666666666667,0.0,0.022183656954745536,0.024922949732704164,0.5384466616958641,0.5389913761546897,0.08051053898497296,0.08343539242839577,0.08236674825761339,0.08416044077644465,0.14391592780292342,0.1389872825498657,0.10187876895596956,0.09619458466211156,0.1258148083095972,0.1257018172132439,0.5217840671539307,0.5217509567737579,0.5192628502845764,0.5196335315704346,0.5280901938676834,0.5249511301517487,0.36505764722824097,0.3648441731929779,0.4485854506492615,0.4485515058040619,0.7525635063648224,0.752939909696579,-175.60330200195312,-175.92788696289068,-1.968052387237549,-2.4489614963531494,4.718678951263428,4.572702407836914,,,,,,,,,0.3342587649822235,0.3288569748401642,-0.5092324939047249,-0.502278076563224,0.8607425093650818,0.8607189655303955,0.15986647980167,0.15528749153306115,,,,,,,,,0.20650389790534973,0.20044490694999695,-0.8448691341756219,-0.8311943890606267,1.3280214071273804,1.3467135429382324,0.8504092875467552,0.8555058989080324
167,6.958333333333333,167,6.958333333333333,0.0,0.02179722083211623,0.025288071301937564,0.5443914317182619,0.5316933197452239,0.08483287276372882,0.08721521976114129,0.08646987894922266,0.08819002133892657,0.1399501242844189,0.13475799558235857,0.09789312040736714,0.09265463895423041,0.1255772683240522,0.1262158239279041,0.521917074918747,0.5221353322267532,0.5192049741744995,0.5194379091262817,0.5277085304260254,0.5244657397270203,0.3650740683078766,0.36529508233070374,0.44912880659103394,0.449396014213562,0.7532611787319183,0.7504574656486511,-175.4816131591797,-175.81010437011724,-1.8481615781784058,-1.7347023487091064,4.736460208892822,4.675726413726807,,,,,,,,,0.33342239260673523,0.3278605043888092,-0.5094363804512544,-0.504536478728756,0.8634775876998901,0.8599027395248413,0.16256121053295086,0.157985428579781,,,,,,,,,0.20710256695747375,0.19955101609230042,-0.8406587490684557,-0.8338095893925959,1.3305271863937378,1.3407942056655884,0.8514254990134789,0.8521574260344219
168,7.0,168,7.0,0.0,0.021429563705124142,0.02405672065694019,0.5418307843788722,0.5286174932295471,0.083109282746381,0.08809904165570151,0.08468743534267298,0.08928069053699128,0.14077146190932757,0.1341048401981464,0.09948875753577394,0.09245579902478325,0.12579381054531943,0.1271071925633083,0.5210992693901062,0.5214687585830688,0.5189779996871948,0.5193576216697693,0.5271538197994232,0.5272646248340607,0.36582815647125244,0.36605416238307953,0.44976210594177246,0.4501977562904358,0.7577506005764008,0.7479715645313263,-175.3843231201172,-175.39649963378912,-2.642446279525757,-2.516508102416992,4.5672712326049805,4.595874786376953,,,,,,,,,0.34064674377441406,0.3387354016304016,-0.48816983690545546,-0.4939850527654274,0.8624376058578491,0.8278269171714783,0.1541313319218287,0.11769599602882516,,,,,,,,,0.21308481693267822,0.1979372501373291,-0.8220546757483831,-0.862904953418952,1.341566562652588,1.327233910560608,0.8595558884324369,0.8537544012250764
169,7.041666666666667,169,7.041666666666667,0.0,0.022636665036074446,0.025555525841058396,0.525405366673915,0.5193583028125247,0.08406724610342561,0.08744185834621959,0.085515913976375,0.08815942490206978,0.13637740112958366,0.13188072171142928,0.09609086609814552,0.09128402919411492,0.12684830605650768,0.1275280394368071,0.5193918198347092,0.5195787698030472,0.5177560448646545,0.5181131362915039,0.5261488258838654,0.5273908227682114,0.36464644968509674,0.3647862374782562,0.4487881362438202,0.44884514808654785,0.7598784565925598,0.7502989172935486,-175.705810546875,-175.94316101074224,-3.155064582824707,-3.17223858833313,4.466851711273193,4.334691524505615,,,,,,,,,0.33666539192199707,0.33828413486480713,-0.4935827686943797,-0.49363545241704954,0.8805186748504639,0.8272174000740051,0.17676789247725289,0.11294127610178298,,,,,,,,,0.21372923254966736,0.19867828488349915,-0.8138174649257089,-0.8580561806294289,1.3457105159759521,1.3222081661224365,0.8583895153557248,0.8397482379041195
170,7.083333333333333,170,7.083333333333333,0.0,0.03897026915989257,0.039502528411452624,0.4898858267613159,0.4917240141516966,0.08780408906939964,0.08886703246838987,0.08804646490019609,0.08888584110514297,0.13288131578354723,0.13081873816338677,0.09576809783398613,0.09341489758750779,0.12565892593713793,0.1262987254397708,0.5185617208480835,0.5185777395963669,0.5165829658508301,0.517095148563385,0.5270000696182251,0.5273911356925964,0.36303016543388367,0.36319567263126373,0.44735756516456604,0.4476635456085205,0.7493501901626587,0.7444992959499359,-177.0499725341797,-176.96717834472662,-2.9934298992156982,-4.0512495040893555,3.9664545059204097,3.9686574935913086,,,,,,,,,0.32926076650619507,0.3339007794857025,-0.517011614390209,-0.5040086913005951,0.872402548789978,0.851771891117096,0.18097549345422273,0.15717736928296352,,,,,,,,,0.20568689703941345,0.19743654131889343,-0.8401093736316739,-0.8594742733384022,1.310377597808838,1.321336269378662,0.8251139033231751,0.8451899373497205
171,7.125,171,7.125,0.0,0.039738341804960296,0.040499844002291875,0.4904211987582012,0.48798988456297915,0.08623509326411978,0.0858539293872862,0.08645940822358347,0.08590493745241794,0.13459604044373205,0.1332117071091935,0.09591787463885248,0.09529430976441902,0.12545798929969018,0.12597547696001782,0.5188046246767044,0.5191338807344437,0.5174462199211121,0.5174400210380554,0.5275736302137375,0.5270645618438721,0.362950399518013,0.36294373869895935,0.44760215282440186,0.4486062824726105,0.7494783401489258,0.7456471025943756,-177.19163513183594,-176.87805175781256,-5.136158466339111,-4.924190998077393,4.054493427276611,4.047014236450195,,,,,,,,,0.3309386074542999,0.33530890941619873,-0.5136068507081123,-0.4987177705174995,0.8689438700675964,0.8502939939498901,0.1755234213740904,0.15309306831021777,,,,,,,,,0.2052001953125,0.19769543409347534,-0.8420331349321366,-0.8566226600852248,1.3069508075714111,1.3208853006362915,0.8190603169840239,0.8415441644443736
172,7.166666666666667,172,7.166666666666667,0.0,0.04494787458422286,0.04663510091269375,0.49060425596116736,0.49163223497102404,0.08421354830700867,0.08538621706642666,0.08485655770302798,0.08593122983492639,0.13314252793895734,0.13183886759352978,0.09566037964230226,0.09348180773475454,0.1266068919540074,0.12742649428300304,0.5178980231285095,0.5182193666696548,0.5165505409240723,0.5171835422515869,0.5281347930431366,0.528132900595665,0.3625214993953705,0.3627668023109436,0.4464462399482727,0.4466874599456787,0.7500794529914856,0.7523461282253265,-177.6937713623047,-177.8204956054688,-5.0314860343933105,-5.832388877868652,4.049306392669678,4.207962512969971,,,,,,,,,0.33017218112945557,0.3317243456840515,-0.5156656605723864,-0.5105772666645213,0.8679095506668091,0.8423543572425842,0.1726488941179258,0.1316151300431641,,,,,,,,,0.20107059180736542,0.19752904772758484,-0.851957729540182,-0.8594269817936683,1.3061803579330444,1.3237032890319824,0.8148190330851675,0.8354707990781904
173,7.208333333333333,173,7.208333333333333,0.0,0.03625149025544526,0.03764364502942152,0.5172303538778453,0.5140696760698297,0.08274620451499372,0.0861112407997568,0.08367970045553358,0.08668635697963946,0.13137032791761352,0.13109714434688227,0.09398942411038341,0.0939522068772424,0.127656124078682,0.1279900378125607,0.5162204205989838,0.5166640281677246,0.5148637890815735,0.5155777335166931,0.5286461412906647,0.527765691280365,0.3626173585653305,0.36302071809768677,0.4460678696632385,0.4467755854129791,0.7509434223175049,0.7566366195678711,-177.51254272460938,-177.325424194336,-3.5139567852020264,-4.044716835021973,4.099860668182373,4.011824607849121,,,,,,,,,0.33062630891799927,0.33212810754776,-0.5175989325987633,-0.5091645211351834,0.8674465417861938,0.8434379696846008,0.17129503078996045,0.1270734587411607,,,,,,,,,0.20020273327827454,0.2008107751607895,-0.858509753136122,-0.8509297657568297,1.302091360092163,1.3304474353790283,0.8103551510164184,0.840034457184754
174,7.25,174,7.25,0.0,0.034981055954058614,0.03547238944839079,0.5226185931936178,0.5213622089147562,0.08507256701947787,0.0884647143451816,0.08579114222306337,0.08869111321307545,0.13059110489685546,0.12770513974891168,0.09342875158339843,0.09180499166002704,0.12668999209860085,0.1266451314427705,0.5159126967191696,0.5160134583711624,0.5138266682624817,0.5145658254623413,0.528594046831131,0.5277722775936127,0.3629443347454071,0.3630136102437973,0.44856005907058716,0.4485354721546173,0.7514276504516602,0.7580988109111786,-176.3040771484375,-176.29008483886724,-2.8311991691589355,-3.584256410598755,4.030794620513916,3.760667085647583,,,,,,,,,0.3313528895378113,0.33043187856674194,-0.5158444164227826,-0.5133615625820755,0.8650733828544617,0.8476303815841675,0.1671848233377796,0.13101049165232392,,,,,,,,,0.20029279589653015,0.20113667845726013,-0.8586056253329659,-0.8497102589963753,1.2999210357666016,1.3304176330566406,0.8068914493049512,0.8374673839356294
175,7.291666666666667,175,7.291666666666667,0.0,0.041737003653743984,0.04068708691162549,0.5230461506355543,0.5202919723627565,0.08565958048444273,0.08688023696074107,0.08658152637588529,0.08721747680436254,0.1298178112323869,0.12848340627747792,0.09369299960802939,0.09300589094729143,0.12670394530764303,0.12661387605229507,0.5157089531421661,0.516063779592514,0.5139082670211792,0.5143172144889832,0.5286910235881805,0.5274934768676758,0.36263613402843475,0.3627108633518219,0.4475160837173462,0.4483296871185303,0.7521331906318665,0.7567229568958282,-176.77362060546875,-176.4900512695313,-3.28397536277771,-3.387932300567627,3.98631501197815,3.8911793231964116,,,,,,,,,0.3307642340660095,0.331473171710968,-0.5170965769425948,-0.5122384470333312,0.8646004796028137,0.8490054607391357,0.1652782995443702,0.13564787898289288,,,,,,,,,0.2000305950641632,0.20290407538414001,-0.8586466893973372,-0.8482140194939656,1.299466609954834,1.331457257270813,0.8043435354156548,0.8448133240615084
176,7.333333333333333,176,7.333333333333333,0.0,0.05140531451190744,0.05078521461608164,0.5285097173171059,0.5280487605207321,0.08527586321606515,0.08729395200147191,0.08607368056567445,0.08786591030286164,0.12986811130506223,0.12686477348386727,0.09471640999095537,0.09081019590528344,0.12617313183667736,0.12694425425001668,0.5155608057975769,0.5157718807458878,0.513753354549408,0.5141739249229431,0.5283844172954559,0.526485487818718,0.36244210600852966,0.3625466674566269,0.44682660698890686,0.44707027077674866,0.7535984516143799,0.7548361122608185,-177.2832183837891,-177.30676269531256,-3.312032461166382,-3.6840367317199707,3.8625676631927486,3.9745025634765625,,,,,,,,,0.32816070318222046,0.3316132724285126,-0.5219175453013509,-0.508811417778413,0.871533989906311,0.8493337631225586,0.17292333549735234,0.13878753589202444,,,,,,,,,0.20435981452465057,0.2007189393043518,-0.8446258528584802,-0.8505765641473068,1.3105525970458984,1.324149250984192,0.8166356803213486,0.8361431946067774
177,7.375,177,7.375,0.0,0.044558561139047194,0.04586825548949198,0.5395287135103756,0.5343685506341175,0.08400475002354978,0.08524385472461675,0.08525285076755482,0.0862494060508253,0.13152031716958637,0.12782614899693623,0.09479319687817758,0.09090104607384102,0.1266836974524372,0.12690018481384394,0.5157501548528671,0.5158610641956329,0.5136257410049438,0.5138657689094543,0.5282402336597443,0.5263666063547134,0.3622503727674484,0.36231212317943573,0.4483043849468231,0.44817647337913513,0.7520645558834076,0.7548472881317139,-177.16648864746094,-177.30445861816412,-3.1500914096832275,-3.5444884300231934,4.069275379180908,4.09421443939209,,,,,,,,,0.3280864953994751,0.33146655559539795,-0.5222663133596258,-0.5070866042624717,0.8739553093910217,0.8496431112289429,0.17890463700034137,0.13873368253634247,,,,,,,,,0.20529499650001526,0.20256772637367249,-0.8426693395510848,-0.8424527026744749,1.307302713394165,1.3295174837112427,0.8149484530998103,0.8410298035479443
178,7.416666666666667,178,7.416666666666667,0.0,0.024426100851824756,0.02606180965568259,0.5523722621495871,0.5424209433218848,0.08600525362243117,0.08585053079165168,0.08663543756864406,0.08637020892869707,0.13231087056893778,0.13063269703186275,0.09696587708438627,0.0947839690134589,0.1263287857967666,0.12646858475830483,0.5162252485752106,0.516350045800209,0.5145267844200134,0.5146324634552002,0.5281505882740021,0.5278700292110443,0.3627314269542694,0.36270326375961304,0.4491302967071533,0.44908010959625244,0.7520109117031097,0.7544634342193604,-175.47467041015625,-175.70631408691412,-2.4303150177001953,-2.655024290084839,3.795384645462036,3.854438543319702,,,,,,,,,0.32924216985702515,0.3334624171257019,-0.5185779607732083,-0.505464014507634,0.8725063800811768,0.8497830629348755,0.17670715401995657,0.13940612171635824,,,,,,,,,0.20476344227790833,0.20483173429965973,-0.8431088439875136,-0.8399065840792787,1.3071467876434326,1.3344957828521729,0.8141092943346406,0.8483043973477987
179,7.458333333333333,179,7.458333333333333,0.0,0.022705607262323294,0.025936374182042823,0.5495184249670273,0.5448328469516162,0.0879650336143021,0.08765484397789779,0.08817057717604063,0.08738077783778349,0.13122230556432388,0.12960006050513398,0.09446924547410918,0.09335252453842276,0.12611764044381382,0.1265371869334868,0.5160598605871201,0.5161959379911423,0.5142123699188232,0.5143722891807556,0.5282128751277924,0.5281593352556229,0.3626960217952728,0.36250297725200653,0.44954633712768555,0.4496215879917145,0.7517196238040924,0.7551401853561401,-175.1449127197266,-175.09962463378912,-2.4785401821136475,-2.2288622856140137,3.8961422443389893,3.76993989944458,,,,,,,,,0.3287276029586792,0.3336976170539856,-0.5201085709001493,-0.505076865690733,0.8739089965820312,0.8506196141242981,0.17920046624030717,0.13949405427815045,,,,,,,,,0.20645585656166077,0.20610502362251282,-0.8389019464136388,-0.8364740567250024,1.3086965084075928,1.336604118347168,0.8168510496196091,0.8495103340677653
180,7.5,180,7.5,0.0,0.026219599061661266,0.029582051529916952,0.5432308511086377,0.5380661940284853,0.08692433780621182,0.08777886484750268,0.0872122792897349,0.08752838062610234,0.13113895069060252,0.12890019862846525,0.09625476071643115,0.09365756041652669,0.1259988964505563,0.12638316868746177,0.5159909725189209,0.5161033570766449,0.5140752792358398,0.5144088864326477,0.5283946245908737,0.5287873148918152,0.36278748512268066,0.3624923527240753,0.4499239921569824,0.4492757022380829,0.7515182495117188,0.7560480237007141,-175.4727783203125,-175.65414428710943,-2.33127760887146,-2.5405452251434326,3.6431064605712895,3.646347999572754,,,,,,,,,0.3283316493034363,0.3333964943885803,-0.5222070659219551,-0.5059823490702758,0.8737754225730896,0.8493867516517639,0.17950349004641042,0.13596139597180287,,,,,,,,,0.20717096328735352,0.20415061712265015,-0.8384623163432099,-0.8406763352986679,1.3071889877319336,1.3366258144378662,0.8158608147852706,0.8456957645731513
181,7.541666666666667,181,7.541666666666667,0.0,0.03285186504750378,0.03679156367216104,0.53300031805824,0.5299066697381423,0.08617558923682062,0.0868109587673767,0.08685324628189924,0.08672543721105017,0.12942543801657286,0.1274019784570173,0.09402502172325164,0.09252255078589681,0.12614473864603845,0.12627371303353596,0.5162056088447571,0.5163057893514633,0.5144566893577576,0.5148342847824097,0.528996929526329,0.5283966958522797,0.36203446984291077,0.3622049391269684,0.4475994110107422,0.44781211018562317,0.7509879469871521,0.7562321424484253,-176.4313507080078,-176.62173461914068,-3.1576523780822754,-3.413173198699951,3.8392822742462154,3.6475653648376465,,,,,,,,,0.3265655040740967,0.33242130279541016,-0.5289921650749901,-0.5085452016146857,0.8757079839706421,0.8463533520698547,0.18332853341651667,0.13154597243571653,,,,,,,,,0.20474377274513245,0.2020101249217987,-0.8473357289012453,-0.8469549259686978,1.3018722534179688,1.333033561706543,0.8097561099465169,0.8419317041719822
182,7.583333333333333,182,7.583333333333333,0.0,0.04131991066829728,0.043442052475466154,0.5295815959183359,0.5254631402165199,0.08442918373310747,0.0859051271830953,0.08516251719552914,0.08579383592716788,0.12993588968349395,0.12900134588831286,0.09547332710366271,0.09364897181853316,0.12651500672493796,0.12633228596988147,0.5160215944051743,0.5163755267858505,0.5144186615943909,0.5151904225349426,0.5288430154323578,0.5279545187950134,0.3622900992631912,0.3620296120643616,0.44832903146743774,0.4478341341018677,0.7532925307750702,0.756413996219635,-176.58450317382812,-176.82398986816412,-3.35347580909729,-4.193772315979004,3.6973156929016118,3.6597728729248042,,,,,,,,,0.3254435956478119,0.33136680722236633,-0.5296185010235493,-0.5096964965966889,0.8780067563056946,0.8498632311820984,0.1826635774287942,0.13628672591002156,,,,,,,,,0.20544815063476562,0.202865332365036,-0.8420668245476851,-0.8428645823245962,1.3087403774261475,1.3368455171585083,0.8135406391109078,0.8465035763589509
183,7.625,183,7.625,0.0,0.04274275125363004,0.04467814592462729,0.5305222625544396,0.5261994559553567,0.08565696773294311,0.08613886776145013,0.08613812215357834,0.08612779887500038,0.13029260428890568,0.1281898834924366,0.095918344216788,0.0931299043060883,0.12620260138121084,0.1264989162246321,0.5160872340202332,0.5163114219903946,0.5147583484649658,0.5155636668205261,0.5288712382316589,0.5281510204076767,0.3621692806482315,0.36202408373355865,0.4469199776649475,0.44682323932647705,0.75410395860672,0.7570941746234894,-176.78761291503906,-176.90539550781256,-3.3887960910797124,-4.640969753265381,3.6417117118835454,3.61350154876709,,,,,,,,,0.3249138593673706,0.33140334486961365,-0.5306985787431786,-0.5109026219015059,0.8785223960876465,0.8492799997329712,0.1821024430368205,0.1346527400501889,,,,,,,,,0.20502743124961853,0.20247751474380493,-0.8426439340275388,-0.8456895232560829,1.3093230724334717,1.3351335525512695,0.8126348401063129,0.8443227145002423
184,7.666666666666667,184,7.666666666666667,0.0,0.04211895437998801,0.044130781230273586,0.5316442329186649,0.528122478366557,0.08571864012359011,0.08691864766436667,0.08643022221568895,0.08745976632846802,0.13098258802739615,0.1279709087975002,0.095519814717364,0.09377386927803469,0.12611910528861814,0.1263590602852528,0.5160434246063232,0.5162972062826157,0.5144474506378174,0.5151187181472778,0.5286845266819,0.5273274779319763,0.36214712262153625,0.3617578595876694,0.4466714560985565,0.4463997483253479,0.7569847106933594,0.7564530670642853,-176.39512634277344,-176.68208312988287,-3.2226405143737793,-3.9320280551910405,3.8311481475830083,3.6631610393524174,,,,,,,,,0.3231850862503052,0.3312801420688629,-0.5328958408968477,-0.5094761463435961,0.8805291652679443,0.8477873802185059,0.18020941225969808,0.13351172409745823,,,,,,,,,0.20357346534729004,0.20211341977119446,-0.8430696066661258,-0.8451469353514017,1.3139137029647827,1.3323760032653809,0.8123703060021081,0.8418792620648891
185,7.708333333333333,185,7.708333333333333,0.0,0.04315843120212243,0.04447008431008219,0.5312825757516901,0.5280346920926928,0.08524206173084103,0.08639965683859635,0.08614698529890542,0.08671083195359677,0.13126308203131135,0.12692646424641968,0.09716496253505136,0.09315465849170436,0.12603095371068496,0.1264892356415735,0.5163895189762115,0.5163868814706802,0.515021562576294,0.5154308676719666,0.5279107838869095,0.5265417248010635,0.36171965301036835,0.3616248071193695,0.44526153802871704,0.4456831216812134,0.7594103217124939,0.7533770799636841,-176.4863739013672,-176.61909484863287,-3.308464527130127,-3.989503622055054,3.751705169677734,3.5813210010528564,,,,,,,,,0.32218310236930847,0.3316054344177246,-0.5322417765957885,-0.5065959107330327,0.8845722675323486,0.8482016324996948,0.1821424027704354,0.13861566454490898,,,,,,,,,0.20506104826927185,0.20177596807479858,-0.8352503444895472,-0.8439937170247217,1.3256803750991821,1.334261178970337,0.8240666719039813,0.8491433205213345
186,7.75,186,7.75,0.0,0.04257317292940824,0.0445361896110991,0.5320166735896833,0.5292610355161024,0.08559414164008727,0.0867417635291221,0.086594607388145,0.08717645649395313,0.13036350276245398,0.12634828083481167,0.09654950619535696,0.0928417312374167,0.12571269584766553,0.1262408084010383,0.5164259672164917,0.516486257314682,0.5149317979812622,0.5155273675918579,0.5271435528993607,0.5263727009296417,0.36119547486305237,0.3609575033187866,0.4449726939201355,0.4447178244590759,0.7595884799957275,0.7518419921398163,-175.99722290039062,-176.41914367675787,-3.1079235076904297,-3.8035802841186523,3.7221131324768066,3.5500597953796387,,,,,,,,,0.3190411627292633,0.32972317934036255,-0.5382540022605208,-0.5108550098570798,0.8903563022613525,0.8515169024467468,0.19025392163759475,0.14565089005889645,,,,,,,,,0.20381136238574982,0.20185741782188416,-0.8362943138777059,-0.8430239586193046,1.3271183967590332,1.3349628448486328,0.8256984817836185,0.852090771362714
187,7.791666666666667,187,7.791666666666667,0.0,0.0430036556716168,0.04366015632627177,0.5343038184898031,0.5322099287077715,0.08527888845099818,0.08545893001405815,0.08620157220782924,0.08584018951345539,0.12895315708201924,0.12755083185767285,0.09487638576796162,0.09363861066266559,0.12581867885854348,0.12576084756581765,0.5164455473423004,0.516484946012497,0.514701247215271,0.5153083205223083,0.527046412229538,0.5261726528406143,0.3606903851032257,0.3605589419603348,0.44454091787338257,0.44435423612594604,0.7597030997276306,0.7515398263931274,-175.78140258789062,-176.29428100585943,-2.6343698501586914,-3.3953747749328613,3.773690700531006,3.578712940216065,,,,,,,,,0.31971701979637146,0.3284667730331421,-0.5358685233065468,-0.513874143731399,0.8902702927589417,0.8539122939109802,0.18982524405599904,0.14967279844171877,,,,,,,,,0.20426221191883087,0.20144763588905334,-0.8342757905053948,-0.8440203710514061,1.3308637142181396,1.333601713180542,0.830382430101221,0.8509986481135324
188,7.833333333333333,188,7.833333333333333,0.0,0.04319497215875897,0.0434663711554507,0.5361869276525107,0.5314936069581538,0.0848971666126674,0.08600387074306996,0.08578924287427042,0.08642904993074746,0.12981961630050784,0.12602876621521494,0.09529559963882053,0.09191939589338526,0.12513026538400293,0.12614026491272598,0.5167634040117264,0.5169660001993179,0.5149778723716736,0.5156163573265076,0.5273076295852661,0.5256790369749069,0.3597298562526703,0.35953469574451447,0.44246384501457214,0.44246038794517517,0.7575154006481171,0.7491423487663269,-176.38003540039062,-176.513656616211,-2.5812058448791504,-2.8932492733001713,3.864603757858276,3.6266016960144047,,,,,,,,,0.31469571590423584,0.32722997665405273,-0.5504656321249741,-0.5163357890553228,0.8973135948181152,0.8612117171287537,0.20359480917674214,0.1640184233044148,,,,,,,,,0.2036113739013672,0.20000484585762024,-0.8380699882549556,-0.8473572017605936,1.3180744647979736,1.3238624334335327,0.8163690266206298,0.8411279862276692
189,7.875,189,7.875,0.0,0.041288795641376566,0.04164819180963445,0.5441177719527968,0.532587626414955,0.07807037883125852,0.08144746393878766,0.07902640719737274,0.08162407050574609,0.14308047549450714,0.13771508351316827,0.10617561103908704,0.10164208436710714,0.12466721443769498,0.12544855738108152,0.5178227722644806,0.5176939964294434,0.5158793330192566,0.5163376927375793,0.5287681668996811,0.5261134207248688,0.35849665105342865,0.358373761177063,0.43732038140296936,0.4384654760360718,0.7561737298965454,0.7451882064342499,-177.754638671875,-177.26728820800787,-1.9576374292373657,-2.702808141708374,4.155631065368652,3.831435203552246,,,,,,,,,0.3104299008846283,0.31946590542793274,-0.5701493475142783,-0.5380279876488423,0.8958292007446289,0.8725892305374146,0.20513475870112177,0.1865821640527587,,,,,,,,,0.2032172977924347,0.2014351189136505,-0.850114911104983,-0.8453332386103135,1.3199586868286133,1.3144139051437378,0.8281228826716542,0.8336460671906142
190,7.916666666666667,190,7.916666666666667,0.0,0.04222714371055805,0.0425357917936093,0.5355881207133142,0.533068367724878,0.054741840696947416,0.05859731298566949,0.055821707989583524,0.05884289645985282,0.17621262206044958,0.17320403055687636,0.13877122317764476,0.13615257433588895,0.12395708973999241,0.12375863041079631,0.5191086828708649,0.5190347135066986,0.5171636939048767,0.5176134705543518,0.5316092669963837,0.526418149471283,0.3584003895521164,0.3587966710329056,0.43345344066619873,0.43439027667045593,0.7587429881095886,0.7527215480804443,-178.99642944335938,-178.84297180175787,-1.8529011011123655,-2.605424404144287,4.297571659088135,4.06626033782959,,,,,,,,,0.3009348511695862,0.3063661754131317,-0.6045142425807166,-0.5553827333905075,0.9018747806549072,0.8918960690498352,0.21099188157869092,0.19758290508587364,,,,,,,,,0.20081405341625214,0.20276448130607605,-0.8668946543983791,-0.8168600153069085,1.3196864128112793,1.3468109369277954,0.826891821392727,0.8434152064009406
191,7.958333333333333,191,7.958333333333333,0.0,0.04364392271058294,0.043817020475084685,0.5387816202813165,0.5344443735279614,0.05321486582746675,0.056569167946482445,0.05419310563462435,0.05656775355175134,0.16982946253998835,0.1686150834862484,0.13203738544716004,0.13216573599196482,0.1237920647680533,0.12435931505316922,0.5189805924892426,0.5188401788473129,0.5172221064567566,0.517384946346283,0.5319865196943283,0.5255715101957321,0.35820479691028595,0.3588155061006546,0.4310114085674286,0.43185514211654663,0.7594613432884216,0.7514010667800903,-180.21025085449213,-180.0563201904297,-2.088376998901367,-2.2059266567230225,4.520604610443116,4.200780868530273,,,,,,,,,0.301444411277771,0.30626600980758667,-0.6048215172902719,-0.5532972403357233,0.8988990187644958,0.8923546075820923,0.20576885152699995,0.20003569365262752,,,,,,,,,0.20031742751598358,0.20260336995124817,-0.8701256570757837,-0.814833099933016,1.3175703287124634,1.3497726917266846,0.8236041268294779,0.8491853583612979
192,8.0,192,8.0,0.0,0.04669137732009885,0.04848697749868798,0.5161255100593888,0.5101642099246446,0.051338602777656325,0.055972221949482724,0.05100656425978681,0.05507848167083315,0.1774331832463976,0.1718241154581359,0.13219965460248015,0.12855044527926227,0.12372228631588814,0.12339005494798112,0.521493524312973,0.5213334262371063,0.5189806818962097,0.518950343132019,0.5290713012218475,0.5244633704423904,0.3527708053588867,0.35225440561771393,0.42529213428497314,0.42577606439590454,0.7577804625034332,0.7553094029426575,-180.0907135009765,-179.620361328125,-1.065894603729248,-1.3440498113632202,4.922518730163574,4.627127170562744,,,,,,,,,0.31079643964767456,0.3088618814945221,-0.5682219489932728,-0.5428264076719695,0.863059401512146,0.8602522611618042,0.15416234584929434,0.1486225220264252,,,,,,,,,0.20153012871742249,0.20666871964931488,-0.8526684294918736,-0.8001212306520057,1.311475396156311,1.359238862991333,0.8107880898166424,0.8552989789076966
193,8.041666666666666,193,8.041666666666666,0.0,0.05899732224617294,0.05874982463802886,0.5059811210984958,0.5032895028081226,0.07287330414740084,0.07265608010546362,0.06988641727206839,0.06987125694404452,0.15874082137728546,0.15581332501694944,0.10934605317927476,0.10680715760137126,0.1252158189200278,0.12568056957107127,0.526150643825531,0.5257438123226166,0.5235975980758667,0.5239152908325195,0.5340427458286285,0.5329933613538742,0.34589721262454987,0.34553900361061096,0.4128178060054779,0.41337770223617554,0.7501499354839325,0.753919780254364,-182.92607116699213,-182.6588287353516,-0.30657729506492615,-1.588249683380127,5.195716381072998,5.110650539398193,,,,,,,,,0.28417348861694336,0.28845328092575073,-0.6570117728312428,-0.6299664885716416,0.8604188561439514,0.8414154648780823,0.16309324592772165,0.1267875346854411,,,,,,,,,0.2058732509613037,0.20538581907749176,-0.8628961562456329,-0.8439588826343709,1.3080406188964844,1.292612075805664,0.8251482093592156,0.7806038480722485
194,8.083333333333334,194,8.083333333333334,0.0,0.05921245990333431,0.05927636618604728,0.5021570429807393,0.5008522240044975,0.06958689927336292,0.074863839310564,0.06864285422725767,0.07275595020526258,0.16201914794772782,0.1569633924303881,0.11064420229098657,0.10452188026464095,0.12520545347287024,0.1254695084433966,0.5289119780063629,0.5283458530902863,0.526547372341156,0.5262457132339478,0.5364667475223541,0.5370340943336487,0.34210118651390076,0.342659592628479,0.4098769724369049,0.410085529088974,0.7463353276252747,0.7502289414405823,-182.4656372070312,-182.65568542480472,-1.492973804473877,-1.5972580909729004,5.696070194244385,5.492092132568359,,,,,,,,,0.28480345010757446,0.28410083055496216,-0.6750463276440589,-0.6652531264896532,0.8274202346801758,0.8041608929634094,0.12234218886738796,0.07979021558152513,,,,,,,,,0.19743451476097107,0.21176910400390625,-0.9093994477126199,-0.8554966180479167,1.25970458984375,1.2495955228805542,0.7745796538253295,0.7387933509218564
195,8.125,195,8.125,0.0,0.06014016203217028,0.05548911720404524,0.5218788855971824,0.514866828764053,0.076653792412269,0.07441303801285433,0.07539352866030272,0.07340754034009493,0.15362983894355214,0.15771998504617776,0.09935571805672748,0.10133014480353439,0.12356584820155035,0.1232899845165797,0.5283265709877014,0.5279686003923416,0.5267066359519958,0.5267497301101685,0.5373161733150482,0.5363577604293823,0.34116457402706146,0.3418830931186676,0.4098536968231201,0.4111313223838806,0.7492702603340149,0.7525487244129181,-181.904067993164,-181.75708007812506,-3.5251400470733643,-4.750247478485107,5.766580581665039,5.978322505950928,,,,,,,,,0.28444650769233704,0.28367501497268677,-0.6792502296567419,-0.6614162049388237,0.8248501420021057,0.8083741664886475,0.11419886670829862,0.08219661668286556,,,,,,,,,0.19392803311347961,0.21743059158325195,-0.9223979970825262,-0.8348159954049662,1.259476661682129,1.2625929117202759,0.770906113311275,0.7509820790770482
196,8.166666666666666,196,8.166666666666666,0.0,0.061821160882416536,0.05386818591888723,0.5033847782948577,0.5081470462057676,0.07570848567663985,0.0782466018230128,0.0744175203387508,0.07678556493303226,0.16014409272736946,0.1598826535676122,0.10497474575731934,0.10273529805098006,0.12367958257886298,0.12384963353182472,0.5309972018003464,0.530867412686348,0.5285847783088684,0.5285739898681641,0.5357021689414978,0.5360340625047684,0.3399133235216141,0.34094031155109406,0.4084988832473755,0.4098607003688812,0.7462876439094543,0.7503044307231903,-182.008560180664,-182.01208496093756,-2.8149282932281494,-3.132007122039795,6.025323390960693,6.197308540344239,,,,,,,,,0.2866613268852234,0.2906382381916046,-0.6657894255685792,-0.6370730738312859,0.8085549473762512,0.7802281379699707,0.09363730432252196,0.043697843546599,,,,,,,,,0.1904650330543518,0.19062744081020355,-0.9229620028963174,-0.8967115020010242,1.2482495307922363,1.2509195804595947,0.7548481360753596,0.7310525500677171
197,8.208333333333334,197,8.208333333333334,0.0,0.04543639935189575,0.051039605492422396,0.4837764217828819,0.4869969877843082,0.0826155223977761,0.08307747274076001,0.08074723240507492,0.08058926253887483,0.15697503876959074,0.15430614823660666,0.09855672122726039,0.09627162771132926,0.12387667570470182,0.12434696167085485,0.5338927358388901,0.5339190810918808,0.5311993360519409,0.5314449667930603,0.536114051938057,0.5409236550331116,0.3403495252132416,0.3411765843629837,0.4122491776943207,0.411196768283844,0.7521266043186188,0.7503247261047363,-180.90310668945307,-181.91137695312506,-3.6998171806335445,-3.7723779678344727,6.258329391479492,6.236317157745361,,,,,,,,,0.31256917119026184,0.3082384765148163,-0.5994983187396058,-0.6157657598247952,0.7640846967697144,0.7581920027732849,0.018038801275064967,0.011710994184739785,,,,,,,,,0.15711817145347595,0.16523972153663635,-1.0163837901350998,-0.9941901080099774,1.208598017692566,1.2341792583465576,0.6885878451998639,0.7202514735495303
198,8.25,198,8.25,0.0,0.049063047655673715,0.05298613141898356,0.48108162230241697,0.4788924843144043,0.07756261145883375,0.07725706832806288,0.07592598737306598,0.07530323377639024,0.15301006419473867,0.15698467847196473,0.09281800062491662,0.09594740600900693,0.12367248895628466,0.1233227505166995,0.5333985090255737,0.5334860980510712,0.5320035815238953,0.5320287942886353,0.5365166366100311,0.5406134724617004,0.34050485491752625,0.34140248596668243,0.4110744893550873,0.41120657324790955,0.7520261108875275,0.7635979652404785,-181.38529968261713,-181.7406921386719,-6.346558094024658,-6.486030101776123,6.209052562713623,6.287206649780273,,,,,,,,,0.3127507269382477,0.32104700803756714,-0.5998227022736309,-0.5719985512300514,0.7641540765762329,0.758459210395813,0.018286873564756653,-0.007530249156519223,,,,,,,,,0.15684816241264343,0.15784743428230286,-1.0177321938592878,-0.9971541868787196,1.2072653770446777,1.2334847450256348,0.6864220361112369,0.6885645713980374
199,8.291666666666666,199,8.291666666666666,0.0,0.042346354417118225,0.050391063561387645,0.4827856129257199,0.48498786636559726,0.08211486569533522,0.08091295523188224,0.08098632871264276,0.07910943968902333,0.15498097077123948,0.15512999109220263,0.09635948866033972,0.09506787550590387,0.123785083068507,0.12345134399294302,0.5345360785722733,0.5342021882534027,0.5322422981262207,0.5323117971420288,0.5361552834510803,0.5415470898151398,0.3413809984922409,0.34141337871551514,0.4133596420288086,0.412527471780777,0.7475971877574921,0.7670877277851105,-180.94670104980463,-181.25631713867193,-4.168116569519043,-5.636879920959473,6.214400768280029,6.257418155670166,,,,,,,,,0.3152707815170288,0.32010936737060547,-0.5903805618819229,-0.5792923093266181,0.7774443030357361,0.7640441060066223,0.04487368081738134,-0.004478776251348008,,,,,,,,,0.15513214468955994,0.15619000792503357,-1.0183994475954778,-1.0081136647320876,1.2169158458709717,1.228408932685852,0.7055976924234609,0.6788473099239678
200,8.333333333333334,200,8.333333333333334,0.0,0.030875823449188013,0.03603651524501651,0.5036067223768991,0.5075202969107634,0.07950456072112386,0.08395779050672467,0.07875082661919035,0.08359511655676707,0.15685043087413836,0.15511727085430616,0.09829727492320105,0.09569329996303254,0.12401484649386729,0.12321787360738495,0.5358410179615021,0.535743921995163,0.5334926247596741,0.5335425138473511,0.5376013219356537,0.5367165803909302,0.34296785295009613,0.3436736464500427,0.4190802574157715,0.4180787205696106,0.7497852742671967,0.7566357254981995,-179.72808837890622,-180.20803833007818,-4.184950828552246,-4.698748588562012,6.276392936706543,6.35728931427002,,,,,,,,,0.35308152437210083,0.3594519793987274,-0.49883066564828693,-0.46411488591367384,0.7332215905189514,0.7143394351005554,-0.02518776490701218,-0.0622914279498614,,,,,,,,,0.1851884126663208,0.18605327606201172,-0.9527127627230517,-0.9181080631540562,1.0835380554199219,1.0914320945739746,0.5075251807815344,0.4930679193398128
201,8.375,201,8.375,0.0,0.02697195791693589,0.03462803026808344,0.5149485962336416,0.5085161061742418,0.07607756416106855,0.07495175407932479,0.07371236974745066,0.07307166045826127,0.16632276918349545,0.16416057547243684,0.10697787632538333,0.10437754933538726,0.12374137929199187,0.12309753824902764,0.5376301109790802,0.5377053767442703,0.5349907875061035,0.5347790122032166,0.5276341140270233,0.5256092995405197,0.35303734242916107,0.35301604866981506,0.43051406741142273,0.43112415075302124,0.7373914122581482,0.754133403301239,-179.25646972656244,-178.71670532226568,-2.3612701892852783,-3.325561761856079,6.013336181640625,6.284390449523926,,,,,,,,,0.38461774587631226,0.39819812774658203,-0.36805664350401024,-0.3174410074639092,0.8400228023529053,0.822163462638855,0.14857018160046567,0.09534082276160182,,,,,,,,,0.1729835569858551,0.17553696036338806,-0.912703177470186,-0.8721944431479086,1.0827572345733643,1.0993603467941284,0.49995486656267196,0.48381878764415226
202,8.416666666666666,202,8.416666666666666,0.0,0.054607830652257966,0.054499957348714066,0.503487648707027,0.5096096583789265,0.05935357673624376,0.06226866633904824,0.05858422770952559,0.061078968389341085,0.1840280190709655,0.18235534014568383,0.12451813151257136,0.12456290211214201,0.1239307078668207,0.12353235090715631,0.5388683974742889,0.5386159718036652,0.535843551158905,0.5353430509567261,0.5325373113155365,0.5262146145105362,0.3620370924472809,0.36218632757663727,0.43974897265434265,0.44087597727775574,0.7186612486839294,0.7394239902496338,-179.30598449707026,-178.90077209472662,-3.4112205505371094,-2.9889111518859863,6.533905506134033,6.272222518920898,,,,,,,,,0.4117093086242676,0.4121256470680237,-0.31278276697789303,-0.28764598210292935,0.884000837802887,0.8649401068687439,0.24075460427920942,0.1780068370083518,,,,,,,,,0.16962480545043945,0.17328771948814392,-0.9394575365563694,-0.8898143756135463,1.054469108581543,1.0622811317443848,0.48897719447778853,0.45787569047757215
203,8.458333333333334,203,8.458333333333334,0.0,0.06436005524322844,0.0683806932022725,0.49904513162673675,0.5024942612657124,0.06076336724384815,0.05833489340747987,0.06045066631864345,0.05691976215028545,0.17359850799724974,0.17509253849461903,0.1162644343461544,0.11881239909881369,0.12434071168628837,0.1243264899461934,0.5381180793046951,0.5379949361085892,0.5357174873352051,0.535300076007843,0.5314910709857941,0.5267373323440552,0.3623617887496948,0.36317047476768494,0.43815943598747253,0.43870609998703003,0.7322777211666107,0.7375786900520325,-180.3851470947265,-180.59387207031256,-4.4662065505981445,-3.5298817157745366,6.401859283447266,6.091020107269287,,,,,,,,,0.3961280882358551,0.4071531295776367,-0.3466776632193266,-0.3008154706127428,0.8941212892532349,0.8707975149154663,0.23315456137987586,0.18850135674192092,,,,,,,,,0.1731416881084442,0.17891155183315277,-0.9177673552119139,-0.8749598478321267,1.0737991333007812,1.0667760372161865,0.4920014801290042,0.46580613993478437
204,8.5,204,8.5,0.0,0.07576767875858159,0.06604834828576185,0.5335649934684324,0.5367579442270101,0.06901591110437388,0.0682782303253343,0.0704553374051143,0.06851807492050092,0.17378113419431948,0.17084691952541287,0.11302041519325622,0.1105199406032003,0.1246761614530528,0.12455384360975769,0.5399194061756134,0.5396525412797928,0.5357809662818909,0.5354084372520447,0.5290077924728394,0.5248432457447052,0.3682843893766403,0.36883769929409027,0.4504643380641937,0.451533704996109,0.721041738986969,0.738740086555481,-178.13351440429685,-178.06806945800784,-3.5137369632720947,-2.79866886138916,7.3431034088134775,6.98212194442749,,,,,,,,,0.43606024980545044,0.42758238315582275,-0.2395257951478153,-0.24208948618247167,0.9236502051353455,0.9235121607780457,0.29369360736073585,0.25870014532874763,,,,,,,,,0.17703819274902344,0.18426670134067535,-0.907025574020736,-0.847720228321293,1.0712311267852783,1.0944175720214844,0.5076213571777107,0.49798551846847056
205,8.541666666666666,205,8.541666666666666,0.0,0.04397779877326594,0.04732219966540075,0.5645637186292065,0.5613613265836865,0.07401352555982811,0.07594029473631445,0.07613797640874247,0.07683474866013454,0.16665119879894777,0.15966012220277595,0.10661746610511542,0.10146078851289407,0.12482492898253271,0.12545461961464338,0.5406584441661835,0.5401874482631683,0.537448525428772,0.5369434356689453,0.5250893831253052,0.5228131264448166,0.3745020180940628,0.3747327923774719,0.4585772752761841,0.45929640531539917,0.7391548752784729,0.7426777184009552,-176.8468627929687,-176.5866088867188,-3.5444107055664062,-3.097899913787842,6.856270790100098,6.43075704574585,,,,,,,,,0.3895713686943054,0.39900320768356323,-0.3436482533380709,-0.30419898757178554,1.0363459587097168,1.049233317375183,0.42391170945909695,0.42367623590815773,,,,,,,,,0.15890955924987793,0.15578097105026245,-0.92856331618188,-0.9017921277584673,1.0775303840637207,1.2514952421188354,0.48265694485895194,0.7032130352022197
206,8.583333333333334,206,8.583333333333334,0.0,0.04725633506732958,0.04319239512007979,0.5449979865703117,0.5470012015902277,0.0827287032926535,0.08207561309195488,0.08468856082048289,0.0835502708892224,0.1551036655166146,0.1494148091625742,0.09449717747260619,0.09052472565526326,0.12581106858053764,0.12547587353031328,0.5407181233167648,0.5406478196382523,0.5371922850608826,0.5368310809135437,0.5251746773719788,0.5227021723985672,0.37223057448863983,0.37209664285182953,0.4587518274784088,0.4588727056980133,0.7407701909542084,0.7439518570899963,-174.90963745117185,-175.08915710449224,-3.834088563919068,-2.851313591003418,6.869295597076416,6.537436485290527,,,,,,,,,0.40338820219039917,0.39909398555755615,-0.30935096791744204,-0.3057397567931582,1.03299880027771,1.0462617874145508,0.41753960523606604,0.4206100251232906,,,,,,,,,0.16457754373550415,0.18211087584495544,-0.9159561614077398,-0.8424385377329909,1.0831199884414673,1.126212477684021,0.48915333658257726,0.5318470652256909
207,8.625,207,8.625,0.0,0.041990973452014996,0.04537206685345861,0.5470692411045782,0.5484608549947719,0.08568244124286395,0.08682512653361141,0.08745196875225146,0.0885587556281675,0.1529435559057756,0.147072990087427,0.09357215368022379,0.08855207374907811,0.12519249208231942,0.12614738622364285,0.54066002368927,0.5407732427120209,0.5369554758071899,0.5366260409355164,0.52463498711586,0.521606370806694,0.3713712692260742,0.37163297832012177,0.4584454298019409,0.45845261216163635,0.7398192286491394,0.7467384338378906,-174.4063873291015,-174.46571350097662,-3.2750802040100098,-2.436249971389771,6.669750213623047,6.700659275054932,,,,,,,,,0.4030044674873352,0.4023577868938446,-0.3098815851804075,-0.2932620845719029,1.0346100330352783,1.0434577465057373,0.4224639600884175,0.41046017686035163,,,,,,,,,0.1663723886013031,0.18294034898281097,-0.9127559618885869,-0.8328644271895934,1.0824229717254639,1.1372218132019043,0.4909845622306134,0.5401666494630869
208,8.666666666666666,208,8.666666666666666,0.0,0.04263742055152945,0.040591470717277006,0.5543070236412277,0.5532942859600828,0.08244812885717286,0.0825116408905314,0.08404883297035745,0.08406976189760632,0.14527645442892223,0.1427873430898636,0.08784404127507371,0.08522856293503915,0.1256181852835063,0.12632448172580743,0.540170356631279,0.5404423177242279,0.5373588800430298,0.537422776222229,0.5258229076862335,0.5204606205224991,0.36827559769153595,0.36852504312992096,0.4526834189891815,0.45295771956443787,0.7380176484584808,0.7476145327091217,-175.5599212646484,-175.64685058593756,-3.39660382270813,-3.06561279296875,6.416994571685791,6.469681739807129,,,,,,,,,0.39467719197273254,0.4133778512477875,-0.3349108045459189,-0.26331070526023853,1.026674509048462,1.0256222486495972,0.414647891863728,0.38452829189454,,,,,,,,,0.17861852049827576,0.18639841675758362,-0.8866664078376815,-0.8214407889328121,1.09580397605896,1.1446716785430908,0.5139505299613623,0.5491923328658541
209,8.708333333333334,209,8.708333333333334,0.0,0.046918143676289915,0.04624431498193892,0.5442660307107333,0.538605869560289,0.0801248816673341,0.07818194481211406,0.08152844338820049,0.0793787691154887,0.1519881406580315,0.15133213184975294,0.09750082498404632,0.0989069358944209,0.12543261518555324,0.125582104347938,0.5395441353321075,0.5393131375312805,0.5386873483657837,0.5387783646583557,0.5269166231155396,0.5218949615955353,0.3608751595020294,0.3616088181734085,0.44181132316589355,0.4418264329433441,0.7353315651416779,0.7507363259792328,-176.2391510009765,-176.6763305664063,-4.882765769958496,-4.872434139251709,5.789819717407227,5.47062349319458,,,,,,,,,0.38811004161834717,0.3848188519477844,-0.3546337683862433,-0.3320587719421318,1.0345041751861572,1.051246166229248,0.42994646785782537,0.40948161886914014,,,,,,,,,0.17925220727920532,0.18049564957618713,-0.8882398845355539,-0.8270196504872395,1.0914497375488281,1.1395092010498047,0.5117839843148559,0.5297508598183073
210,8.75,210,8.75,0.0,0.048365602825541525,0.048720248032605426,0.5619211714555218,0.5576366062764508,0.08296016296759474,0.08314221886145305,0.08529822884378042,0.08444642941246357,0.14301543101599562,0.14409300918467785,0.09485119699593086,0.0954571687450897,0.12513241444152373,0.12460289016634629,0.538722962141037,0.5384822338819504,0.5372838973999023,0.5375024080276489,0.5268062651157379,0.523157149553299,0.3570992201566696,0.35743823647499084,0.4370585083961487,0.4367399215698242,0.7389232218265533,0.7505634725093842,-176.47357177734372,-176.652572631836,-3.3830621242523193,-4.116752624511719,5.423443794250488,5.311987876892091,,,,,,,,,0.37286800146102905,0.3888184726238251,-0.39310101492390126,-0.3289188756282968,1.0522384643554688,1.063995599746704,0.45005089708786666,0.4316718884955164,,,,,,,,,0.16634750366210938,0.1824200451374054,-0.9204774797477677,-0.8342710218007817,1.0782856941223145,1.1235525608062744,0.4874655438462057,0.513696236414939
211,8.791666666666666,211,8.791666666666666,0.0,0.0400236535023733,0.04378535298445018,0.5610632199586019,0.5630882371759319,0.07868697832897965,0.08312751094823016,0.08047022925934569,0.08369139533716326,0.14116414488456622,0.1402342550223545,0.09528633208055365,0.09203542460737828,0.12472055336410587,0.12465340220148864,0.5386985391378403,0.5387870371341705,0.5369940996170044,0.5371571183204651,0.5259057581424713,0.5240058302879333,0.3559081107378006,0.35614337027072906,0.4358386993408203,0.43577268719673157,0.7385153472423553,0.7509545683860779,-176.83793640136716,-177.0500640869141,-2.8231306076049805,-3.121429920196533,5.208435535430908,5.281354904174805,,,,,,,,,0.3713759779930115,0.38236677646636963,-0.39527318958096447,-0.34750019182415526,1.052328109741211,1.0566625595092773,0.45152136007274696,0.4218920577609082,,,,,,,,,0.1671355962753296,0.1799570620059967,-0.9177015981679679,-0.8440963826647327,1.0810943841934204,1.1147812604904175,0.49291096851779836,0.5020987224975284
212,8.833333333333334,212,8.833333333333334,0.0,0.06104455455309728,0.058386116032467704,0.5663188144355772,0.5605488098474343,0.08203853902621264,0.08432775637367554,0.08279057997828576,0.08507357658510444,0.13682296698740057,0.13759623389031614,0.09299958880150389,0.0929562143443982,0.12413058636513276,0.12476036810829631,0.537827879190445,0.5376506298780441,0.5374587774276733,0.5376110672950745,0.5222720801830292,0.5238850712776184,0.3516469895839691,0.35200490057468414,0.4278400242328644,0.42830848693847656,0.744354784488678,0.7574188113212585,-178.63667297363278,-178.55532836914068,-3.8174691200256348,-4.4750800132751465,4.7248334884643555,4.74333667755127,,,,,,,,,0.3620322346687317,0.3911706209182739,-0.40348852551716974,-0.3221809234250535,1.0895304679870605,1.1148951053619385,0.488903775848175,0.4881478523263283,,,,,,,,,0.15830561518669128,0.17517369985580444,-0.916477994769195,-0.8465404584752994,1.0891401767730713,1.1210182905197144,0.4883509708351863,0.49650930099857116
213,8.875,213,8.875,0.0,0.0595659019955636,0.05392283347941914,0.5682924985159797,0.5635112557760636,0.07977040802478097,0.08375292508453847,0.08057284389564243,0.08444008024591902,0.13536901233296486,0.1341802412627005,0.09635345965099369,0.09515545848349691,0.12356960910223062,0.1237311108470321,0.536378800868988,0.5361280143260956,0.5365498661994934,0.5363895297050476,0.5295149385929108,0.5251556932926178,0.3480902463197708,0.3487045466899872,0.4231036901473999,0.4237760901451111,0.7402414083480835,0.7597616910934448,-179.0919799804687,-179.09692382812506,-4.068718433380127,-4.2387566566467285,4.203470230102539,4.128025531768799,,,,,,,,,,,,,,,,,,,,,,,,,,,,,,,,
214,8.916666666666666,214,8.916666666666666,0.0,0.06689625446386196,0.05901896920771728,0.5618129416799585,0.5620658357237037,0.08051187270436393,0.08506155039413701,0.0819607005875737,0.08566831482399605,0.1370489506246965,0.1343310525006872,0.10207460576243381,0.09939687415146996,0.1234673270627278,0.12377340192344433,0.5350648164749146,0.5348421633243561,0.5354481339454651,0.5353103876113892,0.5276165157556534,0.5224385857582092,0.3476092368364334,0.3479311168193817,0.42363980412483215,0.4249943196773529,0.7486936151981354,0.7679629325866699,-178.69918823242182,-178.2271118164063,-4.919043064117432,-4.942636966705323,3.895133256912232,3.7427165508270264,,,,,,,,,,,,,,,,,,,,,,,,,,,,,,,,
215,8.958333333333334,215,8.958333333333334,0.0,0.05208247683538739,0.049293035614576514,0.5605302560495233,0.564804022744735,0.08223127600656925,0.08733038277951213,0.08359937781847442,0.08752063357017567,0.13335480424837223,0.1314292195908188,0.09838156244566293,0.09534811226195945,0.12424342565794706,0.12395264918788622,0.535157784819603,0.5350367724895477,0.5341194272041321,0.5344235301017761,0.5273374915122986,0.52159683406353,0.34672096371650696,0.34734806418418884,0.42410969734191895,0.4253814220428467,0.7510164082050323,0.76568603515625,-178.42274475097653,-178.42651367187506,-2.8681514263153076,-3.4456398487091064,4.112834453582764,4.021822929382324,,,,,,,,,,,,,,,,,,,,,,,,,,,,,,,,
216,9.0,216,9.0,0.0,0.04835886937107388,0.049197087565366185,0.5582382000386094,0.5595773848753179,0.07798492072708436,0.0816134885290553,0.07947310885295991,0.08279873573751977,0.13238099205464135,0.12960694074133414,0.0987688473940729,0.09763199893074914,0.12425372351726385,0.12477799551540047,0.5322732031345367,0.5321706831455231,0.5318368077278137,0.5321200489997864,0.5238932967185974,0.5209783911705017,0.3465082049369812,0.34691013395786285,0.4210878312587738,0.4218359589576721,0.7554986774921417,0.7560070157051086,-179.94860839843744,-179.69827270507818,-3.002450942993164,-3.430657148361206,3.8792433738708496,3.7017414569854736,,,,,,,,,,,,,,,,,,,,,,,,,,,,,,,,
217,9.041666666666666,217,9.041666666666666,0.0,0.03799434870823793,0.03790329760305887,0.5601327712747067,0.558063989305561,0.0760761654670172,0.08185682177603512,0.07892048336423851,0.083686736497315,0.11971727254393093,0.11520392778415811,0.09680543594973631,0.09315282592176118,0.12574261424502253,0.12589407602139668,0.5261744260787964,0.5260902643203735,0.5242471098899841,0.5246922373771667,0.5205372869968414,0.5219659507274628,0.34589843451976776,0.3460005521774292,0.42047151923179626,0.4210198223590851,0.759475827217102,0.7630644738674164,-180.015396118164,-179.9373626708985,0.6241676807403564,-0.01800128072500229,3.079050064086914,2.862786293029785,,,,,,,,,,,,,,,,,,,,,,,,,,,,,,,,
218,9.083333333333334,218,9.083333333333334,0.0,0.04023081406957983,0.036850667527543464,0.5610258044597642,0.565567670230571,0.07788115845315802,0.0838933764195086,0.07977223040718356,0.08551473481786463,0.1187913789101208,0.11623016821994331,0.09773826026086882,0.09700009615385813,0.12472415027471952,0.12487986410066432,0.5223584771156311,0.5219227820634842,0.5206881165504456,0.5202979445457458,0.5198491215705872,0.5204548388719559,0.34572944045066833,0.3462546765804291,0.42090216279029846,0.42334505915641785,0.7580598294734955,0.7703734636306763,-179.68534851074213,-178.67851257324224,0.40309107303619385,0.46918943524360657,2.7323038578033447,2.4723668098449707,,,,,,,,,,,,,,,,,,,,,,,,,,,,,,,,
219,9.125,219,9.125,0.0,0.04206872132498314,0.038651968976650804,0.5718519709069302,0.5698027549421193,0.082936582899346,0.0842216439732699,0.08435050175833814,0.0848102939669243,0.12015728389630755,0.12065325090458504,0.09957032923475519,0.09991891860372586,0.12366907114713585,0.1234433151320491,0.5218214690685272,0.5216416418552399,0.5216493010520935,0.5212635397911072,0.5203749388456345,0.5204595625400543,0.34478309750556946,0.3455537408590317,0.42317330837249756,0.42460566759109497,0.7565681636333466,0.7700121402740479,-177.85420227050776,-177.6656188964844,-2.644286870956421,-2.3520665168762207,2.3872368335723877,2.3209619522094727,,,,,,,,,,,,,,,,,,,,,,,,,,,,,,,,
220,9.166666666666666,220,9.166666666666666,0.0,0.04826033487911782,0.042921609828822996,0.577756643005493,0.5693760559464587,0.07915848603139401,0.0838375722226949,0.08158142352693457,0.08534870490854644,0.1140538464930455,0.11088880527851255,0.10322695919932015,0.09733531460754302,0.12496264917387148,0.12493425907872777,0.5174964517354965,0.517031654715538,0.5163360238075256,0.5156835913658142,0.5204842984676361,0.5177597105503082,0.3463190346956253,0.3464330732822418,0.42360419034957886,0.4246528148651123,0.7554886341094971,0.768977016210556,-178.77166748046872,-178.61677551269537,0.20235604047775269,0.5801935195922852,1.708048939704895,1.7789278030395508,,,,,,,,,,,,,,,,,,,,,,,,,,,,,,,,
221,9.208333333333334,221,9.208333333333334,0.0,0.035941848893400366,0.03823834302030512,0.581655518948462,0.577263617268553,0.07570687071321018,0.07743231671587764,0.07776446152106758,0.07965274322857205,0.10968274319230996,0.10928528872247388,0.11038615395865,0.11134628999853777,0.1253810566901439,0.12583827625234778,0.5092746317386627,0.5091976672410965,0.5081947445869446,0.508100688457489,0.5186441987752914,0.5136383771896362,0.3504171818494797,0.3503619134426117,0.4297768771648407,0.4307590425014496,0.7515343427658081,0.7665651738643646,-178.44975280761713,-177.77746582031256,1.3038485050201416,1.2608263492584229,0.4132605195045471,0.30035796761512756,,,,,,,,,,,,,,,,,,,,,,,,,,,,,,,,
222,9.25,222,9.25,0.0,0.03324527304304533,0.03701272089949235,0.5724779310423556,0.5735522201948056,0.0757126094356851,0.08178955661420606,0.0778746107646721,0.08368284803783833,0.10562595276911624,0.10011023361363615,0.1047344258814614,0.10263245208951992,0.12583287571166654,0.12534545553724982,0.5068072825670242,0.5064783096313477,0.5048046112060547,0.5050561428070068,0.5188646018505096,0.5138011872768402,0.35126157104969025,0.35160399973392487,0.43295592069625854,0.4348216652870178,0.7505529522895813,0.7641059458255768,-177.32640075683588,-176.1838989257813,2.4143433570861816,2.1254239082336426,0.6981920599937439,0.20681017637252808,,,,,,,,,,,,,,,,,,,,,,,,,,,,,,,,
223,9.291666666666666,223,9.291666666666666,0.0,0.03331191054951955,0.03349544589086411,0.5757189524996319,0.5740048003450224,0.07772999158399223,0.08045403503386203,0.08056681349491751,0.08330832360644282,0.10635449118386889,0.10281299088453058,0.11013635924887671,0.10720803388494793,0.12575066447904057,0.12517997214617782,0.5063414871692657,0.5065071135759354,0.5051100254058838,0.5050072073936462,0.5179939121007919,0.5138773322105408,0.3518034517765045,0.3518059551715851,0.43375080823898315,0.43406417965888977,0.7523195147514343,0.7646136283874512,-176.78459167480463,-176.85073852539068,1.3701889514923096,1.8618544340133667,0.23491255939006805,0.1640470176935196,,,,,,,,,,,,,,,,,,,,,,,,,,,,,,,,
224,9.333333333333334,224,9.333333333333334,0.0,0.027913479541998944,0.028406200638075883,0.5770398271758261,0.5799508481745893,0.07708823246305624,0.07988342451257928,0.07912751850050836,0.0821082948787464,0.1068806250585554,0.10204681700768771,0.1124195935590784,0.1106372048932702,0.12517994895450396,0.12545747180973807,0.5036399215459824,0.5035987496376038,0.502541720867157,0.5029479265213013,0.5165635645389557,0.5115693211555481,0.35309886932373047,0.3532867133617401,0.43485185503959656,0.4357060194015503,0.7527044117450714,0.7637625932693481,-176.6520843505859,-176.28872680664068,1.7945231199264524,1.5253363847732544,-0.10326340049505234,-0.47764673829078674,,,,,,,,,,,,,,,,,,,,,,,,,,,,,,,,
225,9.375,225,9.375,0.0,0.02359432527098938,0.026323835112824972,0.5844350319501956,0.5840432682827804,0.07948454609206432,0.08111579998323905,0.08182391514833674,0.08297305076179647,0.10553641321716802,0.09916186139604503,0.11560251720575625,0.11089284830091292,0.1250810844430975,0.12574512164366558,0.5005406886339188,0.5005460530519485,0.500088632106781,0.5004556179046631,0.5142278224229813,0.5097581148147583,0.35390250384807587,0.3539460152387619,0.4353194236755371,0.43618571758270264,0.7538554668426514,0.7673524618148804,-176.49552917480463,-176.0641479492188,1.2087961435317993,1.1609513759613037,-0.6708440780639648,-1.0218020677566528,,,,,,,,,,,,,,,,,,,,,,,,,,,,,,,,
226,9.416666666666666,226,9.416666666666666,0.0,0.02444200112094798,0.027275263482566595,0.5867425676275425,0.5830301087134458,0.08123962843548407,0.08157423062980237,0.08154168542904043,0.08265027591186647,0.09908821256812876,0.09756188717073659,0.11002444324939377,0.11164254109578672,0.12443675291671569,0.12517386227136226,0.49914872646331787,0.4992417246103287,0.4986267685890198,0.49915811419487,0.5137355029582977,0.5089643001556396,0.3532433658838272,0.353322371840477,0.4358295798301697,0.4362546503543854,0.7531876266002655,0.768001914024353,-175.27893066406244,-175.4795989990235,1.921668291091919,1.340720772743225,-1.097754716873169,-1.351273775100708,,,,,,,,,,,,,,,,,,,,,,,,,,,,,,,,
