
◆  Rendering seg057__seg058 → /Users/brownmanbrain/GitHub/operator-economy/blueprint-cinema/experiments/EP009-FULL-BUILD-001/scenes/seg057__seg058/qa/s17ab.mp4
   24fps · high · auto workers (10 cores detected)
   GPU: browser GPU (auto-detect)

[?25l│
◇  Browser: cache
[?25h[INFO] [Render] Pipeline started {"renderJobId":"3439af43-733b-4a0d-82e9-f47ed0c65929","platform":"darwin","arch":"arm64","nodeVersion":"v25.6.1","fps":{"num":24,"den":1},"format":"mp4","quality":"high","browserGpuMode":"auto","forceScreenshot":false,"protocolTimeout":300000,"browserTimeout":120000,"pageNavigationTimeout":60000,"playerReadyTimeout":45000}
[INFO] [Render:trace] {"renderJobId":"3439af43-733b-4a0d-82e9-f47ed0c65929","phase":"pipeline","status":"checkpoint","elapsedMs":2,"message":"started","format":"mp4","quality":"high","browserGpuMode":"auto","forceScreenshot":false,"protocolTimeoutMs":300000,"pageNavigationTimeoutMs":60000,"playerReadyTimeoutMs":45000,"requestedWorkers":"auto"}
[INFO] [Render:trace] {"renderJobId":"3439af43-733b-4a0d-82e9-f47ed0c65929","phase":"compile","status":"start","elapsedMs":3,"needsAlpha":false}
  █░░░░░░░░░░░░░░░░░░░░░░░░  5%  Compiling composition
[INFO] [Compiler] Embedded local font file: public/fonts/boska-700.woff2 (30 KB → data URI)
[INFO] [Compiler] Embedded local font file: public/fonts/supreme-400.woff2 (18 KB → data URI)
[INFO] [Compiler] Embedded local font file: public/fonts/supreme-500.woff2 (18 KB → data URI)
[INFO] Compiled composition metadata {"renderJobId":"3439af43-733b-4a0d-82e9-f47ed0c65929","entryFile":"index.html","staticDuration":73.208333,"width":1280,"height":720,"videoCount":0,"audioCount":1,"renderModeHints":{"recommendScreenshot":false,"reasons":[]}}
[INFO] [Render:trace] {"renderJobId":"3439af43-733b-4a0d-82e9-f47ed0c65929","phase":"compile","status":"end","elapsedMs":76,"durationMs":73,"needsAlpha":false}
[INFO] [Render:trace] {"renderJobId":"3439af43-733b-4a0d-82e9-f47ed0c65929","phase":"compile","status":"checkpoint","elapsedMs":76,"message":"composition metadata resolved","width":1280,"height":720,"videoCount":0,"audioCount":1,"imageCount":0,"deviceScaleFactor":1,"forceScreenshot":false,"compositionHash":"02ed6ddbd4bee445"}
[INFO] [Render:trace] {"renderJobId":"3439af43-733b-4a0d-82e9-f47ed0c65929","phase":"browser_probe","status":"start","elapsedMs":77,"forceScreenshot":false,"stagePhase":"calibrating"}
[INFO] [Render:trace] {"renderJobId":"3439af43-733b-4a0d-82e9-f47ed0c65929","phase":"browser_probe","status":"end","elapsedMs":80,"durationMs":3,"forceScreenshot":false,"stagePhase":"calibrating"}
[INFO] [Render:trace] {"renderJobId":"3439af43-733b-4a0d-82e9-f47ed0c65929","phase":"browser_probe","status":"checkpoint","elapsedMs":81,"message":"duration resolved","durationSeconds":73.208333,"totalFrames":1757,"compositionHash":"02ed6ddbd4bee445","beginFrameStalled":false}
[INFO] [Render:trace] {"renderJobId":"3439af43-733b-4a0d-82e9-f47ed0c65929","phase":"video_extract","status":"start","elapsedMs":81,"videoCount":0}
  ██░░░░░░░░░░░░░░░░░░░░░░░  10%  Extracting video frames
[INFO] [Render:trace] {"renderJobId":"3439af43-733b-4a0d-82e9-f47ed0c65929","phase":"video_extract","status":"end","elapsedMs":81,"durationMs":0,"videoCount":0}
[INFO] [Render:trace] {"renderJobId":"3439af43-733b-4a0d-82e9-f47ed0c65929","phase":"video_extract","status":"checkpoint","elapsedMs":82,"message":"frames resolved","videoCount":0,"extractedVideoCount":0,"totalFramesExtracted":0,"maxFramesPerVideo":0,"avgFramesPerExtractedVideo":null,"vfrPreflightCount":null,"vfrPreflightMs":null,"cacheHits":null,"cacheMisses":null,"transientRetries":null,"minVideoFrameCoverageRatio":null,"authoredTimedClipCount":2}
[INFO] [Render] No HDR sources detected — rendering SDR {"renderJobId":"3439af43-733b-4a0d-82e9-f47ed0c65929"}
[INFO] [Render:trace] {"renderJobId":"3439af43-733b-4a0d-82e9-f47ed0c65929","phase":"hdr_detection","status":"checkpoint","elapsedMs":82,"message":"resolved","requestedHdrMode":"auto","effectiveHdr":"sdr","nativeHdrVideoCount":0,"nativeHdrImageCount":0}
[INFO] [Render:trace] {"renderJobId":"3439af43-733b-4a0d-82e9-f47ed0c65929","phase":"audio_process","status":"start","elapsedMs":82,"audioCount":1}
  █████░░░░░░░░░░░░░░░░░░░░  20%  Processing audio tracks
[INFO] [Render:trace] {"renderJobId":"3439af43-733b-4a0d-82e9-f47ed0c65929","phase":"audio_process","status":"end","elapsedMs":1495,"durationMs":1413,"audioCount":1}
[INFO] [Render:trace] {"renderJobId":"3439af43-733b-4a0d-82e9-f47ed0c65929","phase":"file_server","status":"start","elapsedMs":1495,"reused":false}
  ██████░░░░░░░░░░░░░░░░░░░  25%  Starting frame capture
[INFO] [Render:trace] {"renderJobId":"3439af43-733b-4a0d-82e9-f47ed0c65929","phase":"file_server","status":"end","elapsedMs":1501,"durationMs":6}
[hyperframes] browserGpuMode probe → hardware (WebGL renderer vendor="Google Inc. (Apple)" renderer="ANGLE (Apple, ANGLE Metal Renderer: Apple M4, Unspecified Version)")
[INFO] [Render:trace] {"renderJobId":"3439af43-733b-4a0d-82e9-f47ed0c65929","phase":"capture_calibration","status":"checkpoint","elapsedMs":1848,"message":"skipped","requestedWorkers":"auto","totalFrames":1757,"htmlInCanvasDetected":false,"lowMemoryMode":false,"deInversionEligible":true,"deParallelRouterEligible":false}
[INFO] [Render] Fast capture: single-worker drawElement streaming preferred over 4-worker screenshot capture (1757 frames >= 900; verified path, measured faster at every worker count). Set HF_DE_SINGLE_MIN_FRAMES=0 or --workers N to override. {"renderJobId":"3439af43-733b-4a0d-82e9-f47ed0c65929"}
[INFO] [Render:trace] {"renderJobId":"3439af43-733b-4a0d-82e9-f47ed0c65929","phase":"worker_resolution","status":"checkpoint","elapsedMs":1848,"message":"resolved","workerCount":1}
[INFO] streaming-encode gate {"renderJobId":"3439af43-733b-4a0d-82e9-f47ed0c65929","enabled":true,"configFlag":true,"outputFormat":"mp4","workerCount":1,"durationSeconds":73.208333,"maxDurationSeconds":240}
[INFO] [Render:trace] {"renderJobId":"3439af43-733b-4a0d-82e9-f47ed0c65929","phase":"capture_strategy","status":"checkpoint","elapsedMs":1849,"message":"resolved","workerCount":1,"forceScreenshot":false,"captureBeyondViewport":null,"useStreamingEncode":true,"useLayeredComposite":false,"usePageSideCompositing":false,"hasHdrContent":false,"hasShaderTransitions":false,"isPngSequence":false}
[INFO] [Render:trace] {"renderJobId":"3439af43-733b-4a0d-82e9-f47ed0c65929","phase":"capture_streaming","status":"start","elapsedMs":1849,"stagePhase":"capturing","workerCount":1,"forceScreenshot":false,"totalFrames":1757,"framesCompleted":0,"captureMode":"drawelement","captureOperation":"drawElement"}
[BrowserManager] Browser launched (HeadlessChrome/152.0.7977.30, screenshot, gl=--use-gl=angle --use-angle=metal, headlessShell=true, platform=darwin)
[initSession:screenshot] page.goto start (0ms)
[HyperFrames] render runtime fps [object Object]
[initSession:screenshot] page.goto complete (164ms)
[initSession:screenshot] GSAP proxy flush complete (219ms)
[initSession:screenshot] pollHfReady complete (222ms)
[initSession:screenshot] pollSubCompositionTimelines complete (ready) (223ms)
[initSession:screenshot] applyVideoMetadataHints complete (223ms)
[initSession:screenshot] media + fonts + tailwind ready (225ms)
[initSession:screenshot] timeline at-risk predictor: 0/1757 frames (0%) (254ms)
[initSession:screenshot] static-frame dedup: 1192/1192 predicted frame(s) reusable (outcome=verified, runs=29/29, screenshots=94, seeks=95, elapsedMs=3976) (4432ms)
[initSession:screenshot] drawElement self-verify armed: 4 ground-truth frame(s) @ [439, 878, 1317, 1668] of 1756 (4795ms)
[initSession:drawelement] drawElement canvas injected (4798ms)
[initSession:drawelement] screenshot fallback: 5 clip-boundary frame(s) (4798ms)
[initSession:drawelement] drawElement worker encode initialized (4800ms)
  ██████░░░░░░░░░░░░░░░░░░░  25%  Streaming frame 1/1757
  ██████░░░░░░░░░░░░░░░░░░░  25%  Streaming frame 2/1757
  ██████░░░░░░░░░░░░░░░░░░░  25%  Streaming frame 3/1757
  ██████░░░░░░░░░░░░░░░░░░░  25%  Streaming frame 4/1757
  ██████░░░░░░░░░░░░░░░░░░░  25%  Streaming frame 5/1757
  ██████░░░░░░░░░░░░░░░░░░░  25%  Streaming frame 6/1757
  ██████░░░░░░░░░░░░░░░░░░░  25%  Streaming frame 7/1757
  ██████░░░░░░░░░░░░░░░░░░░  25%  Streaming frame 8/1757
  ██████░░░░░░░░░░░░░░░░░░░  25%  Streaming frame 9/1757
  ██████░░░░░░░░░░░░░░░░░░░  25%  Streaming frame 10/1757
  ██████░░░░░░░░░░░░░░░░░░░  25%  Streaming frame 11/1757
  ██████░░░░░░░░░░░░░░░░░░░  25%  Streaming frame 12/1757
  ██████░░░░░░░░░░░░░░░░░░░  25%  Streaming frame 13/1757
  ██████░░░░░░░░░░░░░░░░░░░  25%  Streaming frame 14/1757
  ██████░░░░░░░░░░░░░░░░░░░  25%  Streaming frame 15/1757
  ██████░░░░░░░░░░░░░░░░░░░  26%  Streaming frame 16/1757
  ██████░░░░░░░░░░░░░░░░░░░  26%  Streaming frame 17/1757
  ██████░░░░░░░░░░░░░░░░░░░  26%  Streaming frame 18/1757
  ██████░░░░░░░░░░░░░░░░░░░  26%  Streaming frame 19/1757
  ██████░░░░░░░░░░░░░░░░░░░  26%  Streaming frame 20/1757
  ██████░░░░░░░░░░░░░░░░░░░  26%  Streaming frame 21/1757
  ██████░░░░░░░░░░░░░░░░░░░  26%  Streaming frame 22/1757
  ██████░░░░░░░░░░░░░░░░░░░  26%  Streaming frame 23/1757
  ██████░░░░░░░░░░░░░░░░░░░  26%  Streaming frame 24/1757
  ██████░░░░░░░░░░░░░░░░░░░  26%  Streaming frame 25/1757
  ██████░░░░░░░░░░░░░░░░░░░  26%  Streaming frame 26/1757
  ██████░░░░░░░░░░░░░░░░░░░  26%  Streaming frame 27/1757
  ██████░░░░░░░░░░░░░░░░░░░  26%  Streaming frame 28/1757
  ██████░░░░░░░░░░░░░░░░░░░  26%  Streaming frame 29/1757
  ██████░░░░░░░░░░░░░░░░░░░  26%  Streaming frame 30/1757
  ██████░░░░░░░░░░░░░░░░░░░  26%  Streaming frame 31/1757
  ██████░░░░░░░░░░░░░░░░░░░  26%  Streaming frame 32/1757
  ██████░░░░░░░░░░░░░░░░░░░  26%  Streaming frame 33/1757
  ██████░░░░░░░░░░░░░░░░░░░  26%  Streaming frame 34/1757
  ██████░░░░░░░░░░░░░░░░░░░  26%  Streaming frame 35/1757
  ██████░░░░░░░░░░░░░░░░░░░  26%  Streaming frame 36/1757
  ██████░░░░░░░░░░░░░░░░░░░  26%  Streaming frame 37/1757
  ██████░░░░░░░░░░░░░░░░░░░  26%  Streaming frame 38/1757
  ██████░░░░░░░░░░░░░░░░░░░  26%  Streaming frame 39/1757
  ██████░░░░░░░░░░░░░░░░░░░  26%  Streaming frame 40/1757
  ██████░░░░░░░░░░░░░░░░░░░  26%  Streaming frame 41/1757
  ██████░░░░░░░░░░░░░░░░░░░  26%  Streaming frame 42/1757
  ██████░░░░░░░░░░░░░░░░░░░  26%  Streaming frame 43/1757
  ██████░░░░░░░░░░░░░░░░░░░  26%  Streaming frame 44/1757
  ██████░░░░░░░░░░░░░░░░░░░  26%  Streaming frame 45/1757
  ██████░░░░░░░░░░░░░░░░░░░  26%  Streaming frame 46/1757
  ██████░░░░░░░░░░░░░░░░░░░  26%  Streaming frame 47/1757
  ██████░░░░░░░░░░░░░░░░░░░  27%  Streaming frame 48/1757
  ██████░░░░░░░░░░░░░░░░░░░  27%  Streaming frame 49/1757
  ██████░░░░░░░░░░░░░░░░░░░  27%  Streaming frame 50/1757
  ██████░░░░░░░░░░░░░░░░░░░  27%  Streaming frame 51/1757
  ██████░░░░░░░░░░░░░░░░░░░  27%  Streaming frame 52/1757
  ██████░░░░░░░░░░░░░░░░░░░  27%  Streaming frame 53/1757
  ██████░░░░░░░░░░░░░░░░░░░  27%  Streaming frame 54/1757
  ██████░░░░░░░░░░░░░░░░░░░  27%  Streaming frame 55/1757
  ██████░░░░░░░░░░░░░░░░░░░  27%  Streaming frame 56/1757
  ██████░░░░░░░░░░░░░░░░░░░  27%  Streaming frame 57/1757
  ██████░░░░░░░░░░░░░░░░░░░  27%  Streaming frame 58/1757
  ██████░░░░░░░░░░░░░░░░░░░  27%  Streaming frame 59/1757
  ██████░░░░░░░░░░░░░░░░░░░  27%  Streaming frame 60/1757
  ██████░░░░░░░░░░░░░░░░░░░  27%  Streaming frame 61/1757
  ██████░░░░░░░░░░░░░░░░░░░  27%  Streaming frame 62/1757
  ██████░░░░░░░░░░░░░░░░░░░  27%  Streaming frame 63/1757
  ██████░░░░░░░░░░░░░░░░░░░  27%  Streaming frame 64/1757
  ██████░░░░░░░░░░░░░░░░░░░  27%  Streaming frame 65/1757
  ██████░░░░░░░░░░░░░░░░░░░  27%  Streaming frame 66/1757
  ██████░░░░░░░░░░░░░░░░░░░  27%  Streaming frame 67/1757
  ██████░░░░░░░░░░░░░░░░░░░  27%  Streaming frame 68/1757
  ██████░░░░░░░░░░░░░░░░░░░  27%  Streaming frame 69/1757
  ██████░░░░░░░░░░░░░░░░░░░  27%  Streaming frame 70/1757
  ██████░░░░░░░░░░░░░░░░░░░  27%  Streaming frame 71/1757
  ██████░░░░░░░░░░░░░░░░░░░  27%  Streaming frame 72/1757
  ██████░░░░░░░░░░░░░░░░░░░  27%  Streaming frame 73/1757
  ██████░░░░░░░░░░░░░░░░░░░  27%  Streaming frame 74/1757
  ██████░░░░░░░░░░░░░░░░░░░  27%  Streaming frame 75/1757
  ██████░░░░░░░░░░░░░░░░░░░  27%  Streaming frame 76/1757
  ██████░░░░░░░░░░░░░░░░░░░  27%  Streaming frame 77/1757
  ██████░░░░░░░░░░░░░░░░░░░  27%  Streaming frame 78/1757
  ██████░░░░░░░░░░░░░░░░░░░  27%  Streaming frame 79/1757
  ███████░░░░░░░░░░░░░░░░░░  28%  Streaming frame 80/1757
  ███████░░░░░░░░░░░░░░░░░░  28%  Streaming frame 81/1757
  ███████░░░░░░░░░░░░░░░░░░  28%  Streaming frame 82/1757
  ███████░░░░░░░░░░░░░░░░░░  28%  Streaming frame 83/1757
  ███████░░░░░░░░░░░░░░░░░░  28%  Streaming frame 84/1757
  ███████░░░░░░░░░░░░░░░░░░  28%  Streaming frame 85/1757
  ███████░░░░░░░░░░░░░░░░░░  28%  Streaming frame 86/1757
  ███████░░░░░░░░░░░░░░░░░░  28%  Streaming frame 87/1757
  ███████░░░░░░░░░░░░░░░░░░  28%  Streaming frame 88/1757
  ███████░░░░░░░░░░░░░░░░░░  28%  Streaming frame 89/1757
  ███████░░░░░░░░░░░░░░░░░░  28%  Streaming frame 90/1757
  ███████░░░░░░░░░░░░░░░░░░  28%  Streaming frame 91/1757
  ███████░░░░░░░░░░░░░░░░░░  28%  Streaming frame 92/1757
  ███████░░░░░░░░░░░░░░░░░░  28%  Streaming frame 93/1757
  ███████░░░░░░░░░░░░░░░░░░  28%  Streaming frame 94/1757
  ███████░░░░░░░░░░░░░░░░░░  28%  Streaming frame 95/1757
  ███████░░░░░░░░░░░░░░░░░░  28%  Streaming frame 96/1757
  ███████░░░░░░░░░░░░░░░░░░  28%  Streaming frame 97/1757
  ███████░░░░░░░░░░░░░░░░░░  28%  Streaming frame 98/1757
  ███████░░░░░░░░░░░░░░░░░░  28%  Streaming frame 99/1757
  ███████░░░░░░░░░░░░░░░░░░  28%  Streaming frame 100/1757
  ███████░░░░░░░░░░░░░░░░░░  28%  Streaming frame 101/1757
  ███████░░░░░░░░░░░░░░░░░░  28%  Streaming frame 102/1757
  ███████░░░░░░░░░░░░░░░░░░  28%  Streaming frame 103/1757
  ███████░░░░░░░░░░░░░░░░░░  28%  Streaming frame 104/1757
  ███████░░░░░░░░░░░░░░░░░░  28%  Streaming frame 105/1757
  ███████░░░░░░░░░░░░░░░░░░  28%  Streaming frame 106/1757
  ███████░░░░░░░░░░░░░░░░░░  28%  Streaming frame 107/1757
  ███████░░░░░░░░░░░░░░░░░░  28%  Streaming frame 108/1757
  ███████░░░░░░░░░░░░░░░░░░  28%  Streaming frame 109/1757
  ███████░░░░░░░░░░░░░░░░░░  28%  Streaming frame 110/1757
  ███████░░░░░░░░░░░░░░░░░░  28%  Streaming frame 111/1757
  ███████░░░░░░░░░░░░░░░░░░  29%  Streaming frame 112/1757
  ███████░░░░░░░░░░░░░░░░░░  29%  Streaming frame 113/1757
  ███████░░░░░░░░░░░░░░░░░░  29%  Streaming frame 114/1757
  ███████░░░░░░░░░░░░░░░░░░  29%  Streaming frame 115/1757
  ███████░░░░░░░░░░░░░░░░░░  29%  Streaming frame 116/1757
  ███████░░░░░░░░░░░░░░░░░░  29%  Streaming frame 117/1757
  ███████░░░░░░░░░░░░░░░░░░  29%  Streaming frame 118/1757
  ███████░░░░░░░░░░░░░░░░░░  29%  Streaming frame 119/1757
  ███████░░░░░░░░░░░░░░░░░░  29%  Streaming frame 120/1757
  ███████░░░░░░░░░░░░░░░░░░  29%  Streaming frame 121/1757
  ███████░░░░░░░░░░░░░░░░░░  29%  Streaming frame 122/1757
  ███████░░░░░░░░░░░░░░░░░░  29%  Streaming frame 123/1757
  ███████░░░░░░░░░░░░░░░░░░  29%  Streaming frame 124/1757
  ███████░░░░░░░░░░░░░░░░░░  29%  Streaming frame 125/1757
  ███████░░░░░░░░░░░░░░░░░░  29%  Streaming frame 126/1757
  ███████░░░░░░░░░░░░░░░░░░  29%  Streaming frame 127/1757
  ███████░░░░░░░░░░░░░░░░░░  29%  Streaming frame 128/1757
  ███████░░░░░░░░░░░░░░░░░░  29%  Streaming frame 129/1757
  ███████░░░░░░░░░░░░░░░░░░  29%  Streaming frame 130/1757
  ███████░░░░░░░░░░░░░░░░░░  29%  Streaming frame 131/1757
  ███████░░░░░░░░░░░░░░░░░░  29%  Streaming frame 132/1757
  ███████░░░░░░░░░░░░░░░░░░  29%  Streaming frame 133/1757
  ███████░░░░░░░░░░░░░░░░░░  29%  Streaming frame 134/1757
  ███████░░░░░░░░░░░░░░░░░░  29%  Streaming frame 135/1757
  ███████░░░░░░░░░░░░░░░░░░  29%  Streaming frame 136/1757
  ███████░░░░░░░░░░░░░░░░░░  29%  Streaming frame 137/1757
  ███████░░░░░░░░░░░░░░░░░░  29%  Streaming frame 138/1757
  ███████░░░░░░░░░░░░░░░░░░  29%  Streaming frame 139/1757
  ███████░░░░░░░░░░░░░░░░░░  29%  Streaming frame 140/1757
  ███████░░░░░░░░░░░░░░░░░░  29%  Streaming frame 141/1757
  ███████░░░░░░░░░░░░░░░░░░  29%  Streaming frame 142/1757
  ███████░░░░░░░░░░░░░░░░░░  29%  Streaming frame 143/1757
  ███████░░░░░░░░░░░░░░░░░░  30%  Streaming frame 144/1757
  ███████░░░░░░░░░░░░░░░░░░  30%  Streaming frame 145/1757
  ███████░░░░░░░░░░░░░░░░░░  30%  Streaming frame 146/1757
  ███████░░░░░░░░░░░░░░░░░░  30%  Streaming frame 147/1757
  ███████░░░░░░░░░░░░░░░░░░  30%  Streaming frame 148/1757
  ███████░░░░░░░░░░░░░░░░░░  30%  Streaming frame 149/1757
  ███████░░░░░░░░░░░░░░░░░░  30%  Streaming frame 150/1757
  ███████░░░░░░░░░░░░░░░░░░  30%  Streaming frame 151/1757
  ███████░░░░░░░░░░░░░░░░░░  30%  Streaming frame 152/1757
  ███████░░░░░░░░░░░░░░░░░░  30%  Streaming frame 153/1757
  ███████░░░░░░░░░░░░░░░░░░  30%  Streaming frame 154/1757
  ███████░░░░░░░░░░░░░░░░░░  30%  Streaming frame 155/1757
  ███████░░░░░░░░░░░░░░░░░░  30%  Streaming frame 156/1757
  ███████░░░░░░░░░░░░░░░░░░  30%  Streaming frame 157/1757
  ███████░░░░░░░░░░░░░░░░░░  30%  Streaming frame 158/1757
  ███████░░░░░░░░░░░░░░░░░░  30%  Streaming frame 159/1757
  ███████░░░░░░░░░░░░░░░░░░  30%  Streaming frame 160/1757
  ███████░░░░░░░░░░░░░░░░░░  30%  Streaming frame 161/1757
  ███████░░░░░░░░░░░░░░░░░░  30%  Streaming frame 162/1757
  ███████░░░░░░░░░░░░░░░░░░  30%  Streaming frame 163/1757
  ███████░░░░░░░░░░░░░░░░░░  30%  Streaming frame 164/1757
  ███████░░░░░░░░░░░░░░░░░░  30%  Streaming frame 165/1757
  ███████░░░░░░░░░░░░░░░░░░  30%  Streaming frame 166/1757
  ███████░░░░░░░░░░░░░░░░░░  30%  Streaming frame 167/1757
  ███████░░░░░░░░░░░░░░░░░░  30%  Streaming frame 168/1757
  ███████░░░░░░░░░░░░░░░░░░  30%  Streaming frame 169/1757
  ███████░░░░░░░░░░░░░░░░░░  30%  Streaming frame 170/1757
  ███████░░░░░░░░░░░░░░░░░░  30%  Streaming frame 171/1757
  ███████░░░░░░░░░░░░░░░░░░  30%  Streaming frame 172/1757
  ███████░░░░░░░░░░░░░░░░░░  30%  Streaming frame 173/1757
  ███████░░░░░░░░░░░░░░░░░░  30%  Streaming frame 174/1757
  ███████░░░░░░░░░░░░░░░░░░  30%  Streaming frame 175/1757
  ███████░░░░░░░░░░░░░░░░░░  31%  Streaming frame 176/1757
  ███████░░░░░░░░░░░░░░░░░░  31%  Streaming frame 177/1757
  ███████░░░░░░░░░░░░░░░░░░  31%  Streaming frame 178/1757
  ███████░░░░░░░░░░░░░░░░░░  31%  Streaming frame 179/1757
  ███████░░░░░░░░░░░░░░░░░░  31%  Streaming frame 180/1757
  ███████░░░░░░░░░░░░░░░░░░  31%  Streaming frame 181/1757
  ███████░░░░░░░░░░░░░░░░░░  31%  Streaming frame 182/1757
  ███████░░░░░░░░░░░░░░░░░░  31%  Streaming frame 183/1757
  ███████░░░░░░░░░░░░░░░░░░  31%  Streaming frame 184/1757
  ███████░░░░░░░░░░░░░░░░░░  31%  Streaming frame 185/1757
  ███████░░░░░░░░░░░░░░░░░░  31%  Streaming frame 186/1757
  ███████░░░░░░░░░░░░░░░░░░  31%  Streaming frame 187/1757
  ███████░░░░░░░░░░░░░░░░░░  31%  Streaming frame 188/1757
  ███████░░░░░░░░░░░░░░░░░░  31%  Streaming frame 189/1757
  ███████░░░░░░░░░░░░░░░░░░  31%  Streaming frame 190/1757
  ███████░░░░░░░░░░░░░░░░░░  31%  Streaming frame 191/1757
  ███████░░░░░░░░░░░░░░░░░░  31%  Streaming frame 192/1757
  ███████░░░░░░░░░░░░░░░░░░  31%  Streaming frame 193/1757
  ███████░░░░░░░░░░░░░░░░░░  31%  Streaming frame 194/1757
  ███████░░░░░░░░░░░░░░░░░░  31%  Streaming frame 195/1757
  ███████░░░░░░░░░░░░░░░░░░  31%  Streaming frame 196/1757
  ███████░░░░░░░░░░░░░░░░░░  31%  Streaming frame 197/1757
  ███████░░░░░░░░░░░░░░░░░░  31%  Streaming frame 198/1757
  ███████░░░░░░░░░░░░░░░░░░  31%  Streaming frame 199/1757
  ███████░░░░░░░░░░░░░░░░░░  31%  Streaming frame 200/1757
  ███████░░░░░░░░░░░░░░░░░░  31%  Streaming frame 201/1757
  ███████░░░░░░░░░░░░░░░░░░  31%  Streaming frame 202/1757
  ███████░░░░░░░░░░░░░░░░░░  31%  Streaming frame 203/1757
  ███████░░░░░░░░░░░░░░░░░░  31%  Streaming frame 204/1757
  ███████░░░░░░░░░░░░░░░░░░  31%  Streaming frame 205/1757
  ███████░░░░░░░░░░░░░░░░░░  31%  Streaming frame 206/1757
  ███████░░░░░░░░░░░░░░░░░░  31%  Streaming frame 207/1757
  ████████░░░░░░░░░░░░░░░░░  32%  Streaming frame 208/1757
  ████████░░░░░░░░░░░░░░░░░  32%  Streaming frame 209/1757
  ████████░░░░░░░░░░░░░░░░░  32%  Streaming frame 210/1757
  ████████░░░░░░░░░░░░░░░░░  32%  Streaming frame 211/1757
  ████████░░░░░░░░░░░░░░░░░  32%  Streaming frame 212/1757
  ████████░░░░░░░░░░░░░░░░░  32%  Streaming frame 213/1757
  ████████░░░░░░░░░░░░░░░░░  32%  Streaming frame 214/1757
  ████████░░░░░░░░░░░░░░░░░  32%  Streaming frame 215/1757
  ████████░░░░░░░░░░░░░░░░░  32%  Streaming frame 216/1757
  ████████░░░░░░░░░░░░░░░░░  32%  Streaming frame 217/1757
  ████████░░░░░░░░░░░░░░░░░  32%  Streaming frame 218/1757
  ████████░░░░░░░░░░░░░░░░░  32%  Streaming frame 219/1757
  ████████░░░░░░░░░░░░░░░░░  32%  Streaming frame 220/1757
  ████████░░░░░░░░░░░░░░░░░  32%  Streaming frame 221/1757
  ████████░░░░░░░░░░░░░░░░░  32%  Streaming frame 222/1757
  ████████░░░░░░░░░░░░░░░░░  32%  Streaming frame 223/1757
  ████████░░░░░░░░░░░░░░░░░  32%  Streaming frame 224/1757
  ████████░░░░░░░░░░░░░░░░░  32%  Streaming frame 225/1757
  ████████░░░░░░░░░░░░░░░░░  32%  Streaming frame 226/1757
  ████████░░░░░░░░░░░░░░░░░  32%  Streaming frame 227/1757
  ████████░░░░░░░░░░░░░░░░░  32%  Streaming frame 228/1757
  ████████░░░░░░░░░░░░░░░░░  32%  Streaming frame 229/1757
  ████████░░░░░░░░░░░░░░░░░  32%  Streaming frame 230/1757
  ████████░░░░░░░░░░░░░░░░░  32%  Streaming frame 231/1757
  ████████░░░░░░░░░░░░░░░░░  32%  Streaming frame 232/1757
  ████████░░░░░░░░░░░░░░░░░  32%  Streaming frame 233/1757
  ████████░░░░░░░░░░░░░░░░░  32%  Streaming frame 234/1757
  ████████░░░░░░░░░░░░░░░░░  32%  Streaming frame 235/1757
  ████████░░░░░░░░░░░░░░░░░  32%  Streaming frame 236/1757
  ████████░░░░░░░░░░░░░░░░░  32%  Streaming frame 237/1757
  ████████░░░░░░░░░░░░░░░░░  32%  Streaming frame 238/1757
  ████████░░░░░░░░░░░░░░░░░  32%  Streaming frame 239/1757
  ████████░░░░░░░░░░░░░░░░░  33%  Streaming frame 240/1757
  ████████░░░░░░░░░░░░░░░░░  33%  Streaming frame 241/1757
  ████████░░░░░░░░░░░░░░░░░  33%  Streaming frame 242/1757
  ████████░░░░░░░░░░░░░░░░░  33%  Streaming frame 243/1757
  ████████░░░░░░░░░░░░░░░░░  33%  Streaming frame 244/1757
  ████████░░░░░░░░░░░░░░░░░  33%  Streaming frame 245/1757
  ████████░░░░░░░░░░░░░░░░░  33%  Streaming frame 246/1757
  ████████░░░░░░░░░░░░░░░░░  33%  Streaming frame 247/1757
  ████████░░░░░░░░░░░░░░░░░  33%  Streaming frame 248/1757
  ████████░░░░░░░░░░░░░░░░░  33%  Streaming frame 249/1757
  ████████░░░░░░░░░░░░░░░░░  33%  Streaming frame 250/1757
  ████████░░░░░░░░░░░░░░░░░  33%  Streaming frame 251/1757
  ████████░░░░░░░░░░░░░░░░░  33%  Streaming frame 252/1757
  ████████░░░░░░░░░░░░░░░░░  33%  Streaming frame 253/1757
  ████████░░░░░░░░░░░░░░░░░  33%  Streaming frame 254/1757
  ████████░░░░░░░░░░░░░░░░░  33%  Streaming frame 255/1757
  ████████░░░░░░░░░░░░░░░░░  33%  Streaming frame 256/1757
  ████████░░░░░░░░░░░░░░░░░  33%  Streaming frame 257/1757
  ████████░░░░░░░░░░░░░░░░░  33%  Streaming frame 258/1757
  ████████░░░░░░░░░░░░░░░░░  33%  Streaming frame 259/1757
  ████████░░░░░░░░░░░░░░░░░  33%  Streaming frame 260/1757
  ████████░░░░░░░░░░░░░░░░░  33%  Streaming frame 261/1757
  ████████░░░░░░░░░░░░░░░░░  33%  Streaming frame 262/1757
  ████████░░░░░░░░░░░░░░░░░  33%  Streaming frame 263/1757
  ████████░░░░░░░░░░░░░░░░░  33%  Streaming frame 264/1757
  ████████░░░░░░░░░░░░░░░░░  33%  Streaming frame 265/1757
  ████████░░░░░░░░░░░░░░░░░  33%  Streaming frame 266/1757
  ████████░░░░░░░░░░░░░░░░░  33%  Streaming frame 267/1757
  ████████░░░░░░░░░░░░░░░░░  33%  Streaming frame 268/1757
  ████████░░░░░░░░░░░░░░░░░  33%  Streaming frame 269/1757
  ████████░░░░░░░░░░░░░░░░░  33%  Streaming frame 270/1757
  ████████░░░░░░░░░░░░░░░░░  33%  Streaming frame 271/1757
  ████████░░░░░░░░░░░░░░░░░  34%  Streaming frame 272/1757
  ████████░░░░░░░░░░░░░░░░░  34%  Streaming frame 273/1757
  ████████░░░░░░░░░░░░░░░░░  34%  Streaming frame 274/1757
  ████████░░░░░░░░░░░░░░░░░  34%  Streaming frame 275/1757
  ████████░░░░░░░░░░░░░░░░░  34%  Streaming frame 276/1757
  ████████░░░░░░░░░░░░░░░░░  34%  Streaming frame 277/1757
  ████████░░░░░░░░░░░░░░░░░  34%  Streaming frame 278/1757
  ████████░░░░░░░░░░░░░░░░░  34%  Streaming frame 279/1757
  ████████░░░░░░░░░░░░░░░░░  34%  Streaming frame 280/1757
  ████████░░░░░░░░░░░░░░░░░  34%  Streaming frame 281/1757
  ████████░░░░░░░░░░░░░░░░░  34%  Streaming frame 282/1757
  ████████░░░░░░░░░░░░░░░░░  34%  Streaming frame 283/1757
  ████████░░░░░░░░░░░░░░░░░  34%  Streaming frame 284/1757
  ████████░░░░░░░░░░░░░░░░░  34%  Streaming frame 285/1757
  ████████░░░░░░░░░░░░░░░░░  34%  Streaming frame 286/1757
  ████████░░░░░░░░░░░░░░░░░  34%  Streaming frame 287/1757
  ████████░░░░░░░░░░░░░░░░░  34%  Streaming frame 288/1757
  ████████░░░░░░░░░░░░░░░░░  34%  Streaming frame 289/1757
  ████████░░░░░░░░░░░░░░░░░  34%  Streaming frame 290/1757
  ████████░░░░░░░░░░░░░░░░░  34%  Streaming frame 291/1757
  ████████░░░░░░░░░░░░░░░░░  34%  Streaming frame 292/1757
  ████████░░░░░░░░░░░░░░░░░  34%  Streaming frame 293/1757
  ████████░░░░░░░░░░░░░░░░░  34%  Streaming frame 294/1757
  ████████░░░░░░░░░░░░░░░░░  34%  Streaming frame 295/1757
  ████████░░░░░░░░░░░░░░░░░  34%  Streaming frame 296/1757
  ████████░░░░░░░░░░░░░░░░░  34%  Streaming frame 297/1757
  ████████░░░░░░░░░░░░░░░░░  34%  Streaming frame 298/1757
  ████████░░░░░░░░░░░░░░░░░  34%  Streaming frame 299/1757
  ████████░░░░░░░░░░░░░░░░░  34%  Streaming frame 300/1757
  ████████░░░░░░░░░░░░░░░░░  34%  Streaming frame 301/1757
  ████████░░░░░░░░░░░░░░░░░  34%  Streaming frame 302/1757
  ████████░░░░░░░░░░░░░░░░░  34%  Streaming frame 303/1757
  ████████░░░░░░░░░░░░░░░░░  35%  Streaming frame 304/1757
  ████████░░░░░░░░░░░░░░░░░  35%  Streaming frame 305/1757
  ████████░░░░░░░░░░░░░░░░░  35%  Streaming frame 306/1757
  ████████░░░░░░░░░░░░░░░░░  35%  Streaming frame 307/1757
  ████████░░░░░░░░░░░░░░░░░  35%  Streaming frame 308/1757
  ████████░░░░░░░░░░░░░░░░░  35%  Streaming frame 309/1757
  ████████░░░░░░░░░░░░░░░░░  35%  Streaming frame 310/1757
  ████████░░░░░░░░░░░░░░░░░  35%  Streaming frame 311/1757
  ████████░░░░░░░░░░░░░░░░░  35%  Streaming frame 312/1757
  ████████░░░░░░░░░░░░░░░░░  35%  Streaming frame 313/1757
  ████████░░░░░░░░░░░░░░░░░  35%  Streaming frame 314/1757
  ████████░░░░░░░░░░░░░░░░░  35%  Streaming frame 315/1757
  ████████░░░░░░░░░░░░░░░░░  35%  Streaming frame 316/1757
  ████████░░░░░░░░░░░░░░░░░  35%  Streaming frame 317/1757
  ████████░░░░░░░░░░░░░░░░░  35%  Streaming frame 318/1757
  ████████░░░░░░░░░░░░░░░░░  35%  Streaming frame 319/1757
  ████████░░░░░░░░░░░░░░░░░  35%  Streaming frame 320/1757
  ████████░░░░░░░░░░░░░░░░░  35%  Streaming frame 321/1757
  ████████░░░░░░░░░░░░░░░░░  35%  Streaming frame 322/1757
  ████████░░░░░░░░░░░░░░░░░  35%  Streaming frame 323/1757
  ████████░░░░░░░░░░░░░░░░░  35%  Streaming frame 324/1757
  ████████░░░░░░░░░░░░░░░░░  35%  Streaming frame 325/1757
  ████████░░░░░░░░░░░░░░░░░  35%  Streaming frame 326/1757
  ████████░░░░░░░░░░░░░░░░░  35%  Streaming frame 327/1757
  ████████░░░░░░░░░░░░░░░░░  35%  Streaming frame 328/1757
  ████████░░░░░░░░░░░░░░░░░  35%  Streaming frame 329/1757
  ████████░░░░░░░░░░░░░░░░░  35%  Streaming frame 330/1757
  ████████░░░░░░░░░░░░░░░░░  35%  Streaming frame 331/1757
  ████████░░░░░░░░░░░░░░░░░  35%  Streaming frame 332/1757
  ████████░░░░░░░░░░░░░░░░░  35%  Streaming frame 333/1757
  ████████░░░░░░░░░░░░░░░░░  35%  Streaming frame 334/1757
  ████████░░░░░░░░░░░░░░░░░  35%  Streaming frame 335/1757
  █████████░░░░░░░░░░░░░░░░  36%  Streaming frame 336/1757
  █████████░░░░░░░░░░░░░░░░  36%  Streaming frame 337/1757
  █████████░░░░░░░░░░░░░░░░  36%  Streaming frame 338/1757
  █████████░░░░░░░░░░░░░░░░  36%  Streaming frame 339/1757
  █████████░░░░░░░░░░░░░░░░  36%  Streaming frame 340/1757
  █████████░░░░░░░░░░░░░░░░  36%  Streaming frame 341/1757
  █████████░░░░░░░░░░░░░░░░  36%  Streaming frame 342/1757
  █████████░░░░░░░░░░░░░░░░  36%  Streaming frame 343/1757
  █████████░░░░░░░░░░░░░░░░  36%  Streaming frame 344/1757
  █████████░░░░░░░░░░░░░░░░  36%  Streaming frame 345/1757
  █████████░░░░░░░░░░░░░░░░  36%  Streaming frame 346/1757
  █████████░░░░░░░░░░░░░░░░  36%  Streaming frame 347/1757
  █████████░░░░░░░░░░░░░░░░  36%  Streaming frame 348/1757
  █████████░░░░░░░░░░░░░░░░  36%  Streaming frame 349/1757
  █████████░░░░░░░░░░░░░░░░  36%  Streaming frame 350/1757
  █████████░░░░░░░░░░░░░░░░  36%  Streaming frame 351/1757
  █████████░░░░░░░░░░░░░░░░  36%  Streaming frame 352/1757
  █████████░░░░░░░░░░░░░░░░  36%  Streaming frame 353/1757
  █████████░░░░░░░░░░░░░░░░  36%  Streaming frame 354/1757
  █████████░░░░░░░░░░░░░░░░  36%  Streaming frame 355/1757
  █████████░░░░░░░░░░░░░░░░  36%  Streaming frame 356/1757
  █████████░░░░░░░░░░░░░░░░  36%  Streaming frame 357/1757
  █████████░░░░░░░░░░░░░░░░  36%  Streaming frame 358/1757
  █████████░░░░░░░░░░░░░░░░  36%  Streaming frame 359/1757
  █████████░░░░░░░░░░░░░░░░  36%  Streaming frame 360/1757
  █████████░░░░░░░░░░░░░░░░  36%  Streaming frame 361/1757
  █████████░░░░░░░░░░░░░░░░  36%  Streaming frame 362/1757
  █████████░░░░░░░░░░░░░░░░  36%  Streaming frame 363/1757
  █████████░░░░░░░░░░░░░░░░  36%  Streaming frame 364/1757
  █████████░░░░░░░░░░░░░░░░  36%  Streaming frame 365/1757
  █████████░░░░░░░░░░░░░░░░  36%  Streaming frame 366/1757
  █████████░░░░░░░░░░░░░░░░  36%  Streaming frame 367/1757
  █████████░░░░░░░░░░░░░░░░  37%  Streaming frame 368/1757
  █████████░░░░░░░░░░░░░░░░  37%  Streaming frame 369/1757
  █████████░░░░░░░░░░░░░░░░  37%  Streaming frame 370/1757
  █████████░░░░░░░░░░░░░░░░  37%  Streaming frame 371/1757
  █████████░░░░░░░░░░░░░░░░  37%  Streaming frame 372/1757
  █████████░░░░░░░░░░░░░░░░  37%  Streaming frame 373/1757
  █████████░░░░░░░░░░░░░░░░  37%  Streaming frame 374/1757
  █████████░░░░░░░░░░░░░░░░  37%  Streaming frame 375/1757
  █████████░░░░░░░░░░░░░░░░  37%  Streaming frame 376/1757
  █████████░░░░░░░░░░░░░░░░  37%  Streaming frame 377/1757
  █████████░░░░░░░░░░░░░░░░  37%  Streaming frame 378/1757
  █████████░░░░░░░░░░░░░░░░  37%  Streaming frame 379/1757
  █████████░░░░░░░░░░░░░░░░  37%  Streaming frame 380/1757
  █████████░░░░░░░░░░░░░░░░  37%  Streaming frame 381/1757
  █████████░░░░░░░░░░░░░░░░  37%  Streaming frame 382/1757
  █████████░░░░░░░░░░░░░░░░  37%  Streaming frame 383/1757
  █████████░░░░░░░░░░░░░░░░  37%  Streaming frame 384/1757
  █████████░░░░░░░░░░░░░░░░  37%  Streaming frame 385/1757
  █████████░░░░░░░░░░░░░░░░  37%  Streaming frame 386/1757
  █████████░░░░░░░░░░░░░░░░  37%  Streaming frame 387/1757
  █████████░░░░░░░░░░░░░░░░  37%  Streaming frame 388/1757
  █████████░░░░░░░░░░░░░░░░  37%  Streaming frame 389/1757
  █████████░░░░░░░░░░░░░░░░  37%  Streaming frame 390/1757
  █████████░░░░░░░░░░░░░░░░  37%  Streaming frame 391/1757
  █████████░░░░░░░░░░░░░░░░  37%  Streaming frame 392/1757
  █████████░░░░░░░░░░░░░░░░  37%  Streaming frame 393/1757
  █████████░░░░░░░░░░░░░░░░  37%  Streaming frame 394/1757
  █████████░░░░░░░░░░░░░░░░  37%  Streaming frame 395/1757
  █████████░░░░░░░░░░░░░░░░  37%  Streaming frame 396/1757
  █████████░░░░░░░░░░░░░░░░  37%  Streaming frame 397/1757
  █████████░░░░░░░░░░░░░░░░  37%  Streaming frame 398/1757
  █████████░░░░░░░░░░░░░░░░  37%  Streaming frame 399/1757
  █████████░░░░░░░░░░░░░░░░  38%  Streaming frame 400/1757
  █████████░░░░░░░░░░░░░░░░  38%  Streaming frame 401/1757
  █████████░░░░░░░░░░░░░░░░  38%  Streaming frame 402/1757
  █████████░░░░░░░░░░░░░░░░  38%  Streaming frame 403/1757
  █████████░░░░░░░░░░░░░░░░  38%  Streaming frame 404/1757
  █████████░░░░░░░░░░░░░░░░  38%  Streaming frame 405/1757
  █████████░░░░░░░░░░░░░░░░  38%  Streaming frame 406/1757
  █████████░░░░░░░░░░░░░░░░  38%  Streaming frame 407/1757
  █████████░░░░░░░░░░░░░░░░  38%  Streaming frame 408/1757
  █████████░░░░░░░░░░░░░░░░  38%  Streaming frame 409/1757
  █████████░░░░░░░░░░░░░░░░  38%  Streaming frame 410/1757
  █████████░░░░░░░░░░░░░░░░  38%  Streaming frame 411/1757
  █████████░░░░░░░░░░░░░░░░  38%  Streaming frame 412/1757
  █████████░░░░░░░░░░░░░░░░  38%  Streaming frame 413/1757
  █████████░░░░░░░░░░░░░░░░  38%  Streaming frame 414/1757
  █████████░░░░░░░░░░░░░░░░  38%  Streaming frame 415/1757
  █████████░░░░░░░░░░░░░░░░  38%  Streaming frame 416/1757
  █████████░░░░░░░░░░░░░░░░  38%  Streaming frame 417/1757
  █████████░░░░░░░░░░░░░░░░  38%  Streaming frame 418/1757
  █████████░░░░░░░░░░░░░░░░  38%  Streaming frame 419/1757
  █████████░░░░░░░░░░░░░░░░  38%  Streaming frame 420/1757
  █████████░░░░░░░░░░░░░░░░  38%  Streaming frame 421/1757
  █████████░░░░░░░░░░░░░░░░  38%  Streaming frame 422/1757
  █████████░░░░░░░░░░░░░░░░  38%  Streaming frame 423/1757
  █████████░░░░░░░░░░░░░░░░  38%  Streaming frame 424/1757
  █████████░░░░░░░░░░░░░░░░  38%  Streaming frame 425/1757
  █████████░░░░░░░░░░░░░░░░  38%  Streaming frame 426/1757
  █████████░░░░░░░░░░░░░░░░  38%  Streaming frame 427/1757
  █████████░░░░░░░░░░░░░░░░  38%  Streaming frame 428/1757
  █████████░░░░░░░░░░░░░░░░  38%  Streaming frame 429/1757
  █████████░░░░░░░░░░░░░░░░  38%  Streaming frame 430/1757
  █████████░░░░░░░░░░░░░░░░  38%  Streaming frame 431/1757
  █████████░░░░░░░░░░░░░░░░  39%  Streaming frame 432/1757
  █████████░░░░░░░░░░░░░░░░  39%  Streaming frame 433/1757
  █████████░░░░░░░░░░░░░░░░  39%  Streaming frame 434/1757
  █████████░░░░░░░░░░░░░░░░  39%  Streaming frame 435/1757
  █████████░░░░░░░░░░░░░░░░  39%  Streaming frame 436/1757
  █████████░░░░░░░░░░░░░░░░  39%  Streaming frame 437/1757
  █████████░░░░░░░░░░░░░░░░  39%  Streaming frame 438/1757
  █████████░░░░░░░░░░░░░░░░  39%  Streaming frame 439/1757
[INFO] [Render] drawElement self-verify passed {"renderJobId":"3439af43-733b-4a0d-82e9-f47ed0c65929","frame":439,"psnrDb":77}
  █████████░░░░░░░░░░░░░░░░  39%  Streaming frame 440/1757
  █████████░░░░░░░░░░░░░░░░  39%  Streaming frame 441/1757
  █████████░░░░░░░░░░░░░░░░  39%  Streaming frame 442/1757
  █████████░░░░░░░░░░░░░░░░  39%  Streaming frame 443/1757
  █████████░░░░░░░░░░░░░░░░  39%  Streaming frame 444/1757
  █████████░░░░░░░░░░░░░░░░  39%  Streaming frame 445/1757
  █████████░░░░░░░░░░░░░░░░  39%  Streaming frame 446/1757
  █████████░░░░░░░░░░░░░░░░  39%  Streaming frame 447/1757
  █████████░░░░░░░░░░░░░░░░  39%  Streaming frame 448/1757
  █████████░░░░░░░░░░░░░░░░  39%  Streaming frame 449/1757
  █████████░░░░░░░░░░░░░░░░  39%  Streaming frame 450/1757
  █████████░░░░░░░░░░░░░░░░  39%  Streaming frame 451/1757
  █████████░░░░░░░░░░░░░░░░  39%  Streaming frame 452/1757
  █████████░░░░░░░░░░░░░░░░  39%  Streaming frame 453/1757
  █████████░░░░░░░░░░░░░░░░  39%  Streaming frame 454/1757
  █████████░░░░░░░░░░░░░░░░  39%  Streaming frame 455/1757
  █████████░░░░░░░░░░░░░░░░  39%  Streaming frame 456/1757
  █████████░░░░░░░░░░░░░░░░  39%  Streaming frame 457/1757
  █████████░░░░░░░░░░░░░░░░  39%  Streaming frame 458/1757
  █████████░░░░░░░░░░░░░░░░  39%  Streaming frame 459/1757
  █████████░░░░░░░░░░░░░░░░  39%  Streaming frame 460/1757
  █████████░░░░░░░░░░░░░░░░  39%  Streaming frame 461/1757
  █████████░░░░░░░░░░░░░░░░  39%  Streaming frame 462/1757
  █████████░░░░░░░░░░░░░░░░  39%  Streaming frame 463/1757
  ██████████░░░░░░░░░░░░░░░  40%  Streaming frame 464/1757
  ██████████░░░░░░░░░░░░░░░  40%  Streaming frame 465/1757
  ██████████░░░░░░░░░░░░░░░  40%  Streaming frame 466/1757
  ██████████░░░░░░░░░░░░░░░  40%  Streaming frame 467/1757
  ██████████░░░░░░░░░░░░░░░  40%  Streaming frame 468/1757
  ██████████░░░░░░░░░░░░░░░  40%  Streaming frame 469/1757
  ██████████░░░░░░░░░░░░░░░  40%  Streaming frame 470/1757
  ██████████░░░░░░░░░░░░░░░  40%  Streaming frame 471/1757
  ██████████░░░░░░░░░░░░░░░  40%  Streaming frame 472/1757
  ██████████░░░░░░░░░░░░░░░  40%  Streaming frame 473/1757
  ██████████░░░░░░░░░░░░░░░  40%  Streaming frame 474/1757
  ██████████░░░░░░░░░░░░░░░  40%  Streaming frame 475/1757
  ██████████░░░░░░░░░░░░░░░  40%  Streaming frame 476/1757
  ██████████░░░░░░░░░░░░░░░  40%  Streaming frame 477/1757
  ██████████░░░░░░░░░░░░░░░  40%  Streaming frame 478/1757
  ██████████░░░░░░░░░░░░░░░  40%  Streaming frame 479/1757
  ██████████░░░░░░░░░░░░░░░  40%  Streaming frame 480/1757
  ██████████░░░░░░░░░░░░░░░  40%  Streaming frame 481/1757
  ██████████░░░░░░░░░░░░░░░  40%  Streaming frame 482/1757
  ██████████░░░░░░░░░░░░░░░  40%  Streaming frame 483/1757
  ██████████░░░░░░░░░░░░░░░  40%  Streaming frame 484/1757
  ██████████░░░░░░░░░░░░░░░  40%  Streaming frame 485/1757
  ██████████░░░░░░░░░░░░░░░  40%  Streaming frame 486/1757
  ██████████░░░░░░░░░░░░░░░  40%  Streaming frame 487/1757
  ██████████░░░░░░░░░░░░░░░  40%  Streaming frame 488/1757
  ██████████░░░░░░░░░░░░░░░  40%  Streaming frame 489/1757
  ██████████░░░░░░░░░░░░░░░  40%  Streaming frame 490/1757
  ██████████░░░░░░░░░░░░░░░  40%  Streaming frame 491/1757
  ██████████░░░░░░░░░░░░░░░  40%  Streaming frame 492/1757
  ██████████░░░░░░░░░░░░░░░  40%  Streaming frame 493/1757
  ██████████░░░░░░░░░░░░░░░  40%  Streaming frame 494/1757
  ██████████░░░░░░░░░░░░░░░  40%  Streaming frame 495/1757
  ██████████░░░░░░░░░░░░░░░  41%  Streaming frame 496/1757
  ██████████░░░░░░░░░░░░░░░  41%  Streaming frame 497/1757
  ██████████░░░░░░░░░░░░░░░  41%  Streaming frame 498/1757
  ██████████░░░░░░░░░░░░░░░  41%  Streaming frame 499/1757
  ██████████░░░░░░░░░░░░░░░  41%  Streaming frame 500/1757
  ██████████░░░░░░░░░░░░░░░  41%  Streaming frame 501/1757
  ██████████░░░░░░░░░░░░░░░  41%  Streaming frame 502/1757
  ██████████░░░░░░░░░░░░░░░  41%  Streaming frame 503/1757
  ██████████░░░░░░░░░░░░░░░  41%  Streaming frame 504/1757
  ██████████░░░░░░░░░░░░░░░  41%  Streaming frame 505/1757
  ██████████░░░░░░░░░░░░░░░  41%  Streaming frame 506/1757
  ██████████░░░░░░░░░░░░░░░  41%  Streaming frame 507/1757
  ██████████░░░░░░░░░░░░░░░  41%  Streaming frame 508/1757
  ██████████░░░░░░░░░░░░░░░  41%  Streaming frame 509/1757
  ██████████░░░░░░░░░░░░░░░  41%  Streaming frame 510/1757
  ██████████░░░░░░░░░░░░░░░  41%  Streaming frame 511/1757
  ██████████░░░░░░░░░░░░░░░  41%  Streaming frame 512/1757
  ██████████░░░░░░░░░░░░░░░  41%  Streaming frame 513/1757
  ██████████░░░░░░░░░░░░░░░  41%  Streaming frame 514/1757
  ██████████░░░░░░░░░░░░░░░  41%  Streaming frame 515/1757
  ██████████░░░░░░░░░░░░░░░  41%  Streaming frame 516/1757
  ██████████░░░░░░░░░░░░░░░  41%  Streaming frame 517/1757
  ██████████░░░░░░░░░░░░░░░  41%  Streaming frame 518/1757
  ██████████░░░░░░░░░░░░░░░  41%  Streaming frame 519/1757
  ██████████░░░░░░░░░░░░░░░  41%  Streaming frame 520/1757
  ██████████░░░░░░░░░░░░░░░  41%  Streaming frame 521/1757
  ██████████░░░░░░░░░░░░░░░  41%  Streaming frame 522/1757
  ██████████░░░░░░░░░░░░░░░  41%  Streaming frame 523/1757
  ██████████░░░░░░░░░░░░░░░  41%  Streaming frame 524/1757
  ██████████░░░░░░░░░░░░░░░  41%  Streaming frame 525/1757
  ██████████░░░░░░░░░░░░░░░  41%  Streaming frame 526/1757
  ██████████░░░░░░░░░░░░░░░  41%  Streaming frame 527/1757
  ██████████░░░░░░░░░░░░░░░  42%  Streaming frame 528/1757
  ██████████░░░░░░░░░░░░░░░  42%  Streaming frame 529/1757
  ██████████░░░░░░░░░░░░░░░  42%  Streaming frame 530/1757
  ██████████░░░░░░░░░░░░░░░  42%  Streaming frame 531/1757
  ██████████░░░░░░░░░░░░░░░  42%  Streaming frame 532/1757
  ██████████░░░░░░░░░░░░░░░  42%  Streaming frame 533/1757
  ██████████░░░░░░░░░░░░░░░  42%  Streaming frame 534/1757
  ██████████░░░░░░░░░░░░░░░  42%  Streaming frame 535/1757
  ██████████░░░░░░░░░░░░░░░  42%  Streaming frame 536/1757
  ██████████░░░░░░░░░░░░░░░  42%  Streaming frame 537/1757
  ██████████░░░░░░░░░░░░░░░  42%  Streaming frame 538/1757
  ██████████░░░░░░░░░░░░░░░  42%  Streaming frame 539/1757
  ██████████░░░░░░░░░░░░░░░  42%  Streaming frame 540/1757
  ██████████░░░░░░░░░░░░░░░  42%  Streaming frame 541/1757
  ██████████░░░░░░░░░░░░░░░  42%  Streaming frame 542/1757
  ██████████░░░░░░░░░░░░░░░  42%  Streaming frame 543/1757
  ██████████░░░░░░░░░░░░░░░  42%  Streaming frame 544/1757
  ██████████░░░░░░░░░░░░░░░  42%  Streaming frame 545/1757
  ██████████░░░░░░░░░░░░░░░  42%  Streaming frame 546/1757
  ██████████░░░░░░░░░░░░░░░  42%  Streaming frame 547/1757
  ██████████░░░░░░░░░░░░░░░  42%  Streaming frame 548/1757
  ██████████░░░░░░░░░░░░░░░  42%  Streaming frame 549/1757
  ██████████░░░░░░░░░░░░░░░  42%  Streaming frame 550/1757
  ██████████░░░░░░░░░░░░░░░  42%  Streaming frame 551/1757
  ██████████░░░░░░░░░░░░░░░  42%  Streaming frame 552/1757
  ██████████░░░░░░░░░░░░░░░  42%  Streaming frame 553/1757
  ██████████░░░░░░░░░░░░░░░  42%  Streaming frame 554/1757
  ██████████░░░░░░░░░░░░░░░  42%  Streaming frame 555/1757
  ██████████░░░░░░░░░░░░░░░  42%  Streaming frame 556/1757
  ██████████░░░░░░░░░░░░░░░  42%  Streaming frame 557/1757
  ██████████░░░░░░░░░░░░░░░  42%  Streaming frame 558/1757
  ██████████░░░░░░░░░░░░░░░  42%  Streaming frame 559/1757
  ██████████░░░░░░░░░░░░░░░  43%  Streaming frame 560/1757
  ██████████░░░░░░░░░░░░░░░  43%  Streaming frame 561/1757
  ██████████░░░░░░░░░░░░░░░  43%  Streaming frame 562/1757
  ██████████░░░░░░░░░░░░░░░  43%  Streaming frame 563/1757
  ██████████░░░░░░░░░░░░░░░  43%  Streaming frame 564/1757
  ██████████░░░░░░░░░░░░░░░  43%  Streaming frame 565/1757
  ██████████░░░░░░░░░░░░░░░  43%  Streaming frame 566/1757
  ██████████░░░░░░░░░░░░░░░  43%  Streaming frame 567/1757
  ██████████░░░░░░░░░░░░░░░  43%  Streaming frame 568/1757
  ██████████░░░░░░░░░░░░░░░  43%  Streaming frame 569/1757
  ██████████░░░░░░░░░░░░░░░  43%  Streaming frame 570/1757
  ██████████░░░░░░░░░░░░░░░  43%  Streaming frame 571/1757
  ██████████░░░░░░░░░░░░░░░  43%  Streaming frame 572/1757
  ██████████░░░░░░░░░░░░░░░  43%  Streaming frame 573/1757
  ██████████░░░░░░░░░░░░░░░  43%  Streaming frame 574/1757
  ██████████░░░░░░░░░░░░░░░  43%  Streaming frame 575/1757
  ██████████░░░░░░░░░░░░░░░  43%  Streaming frame 576/1757
  ██████████░░░░░░░░░░░░░░░  43%  Streaming frame 577/1757
  ██████████░░░░░░░░░░░░░░░  43%  Streaming frame 578/1757
  ██████████░░░░░░░░░░░░░░░  43%  Streaming frame 579/1757
  ██████████░░░░░░░░░░░░░░░  43%  Streaming frame 580/1757
  ██████████░░░░░░░░░░░░░░░  43%  Streaming frame 581/1757
  ██████████░░░░░░░░░░░░░░░  43%  Streaming frame 582/1757
  ██████████░░░░░░░░░░░░░░░  43%  Streaming frame 583/1757
  ██████████░░░░░░░░░░░░░░░  43%  Streaming frame 584/1757
  ██████████░░░░░░░░░░░░░░░  43%  Streaming frame 585/1757
  ██████████░░░░░░░░░░░░░░░  43%  Streaming frame 586/1757
  ██████████░░░░░░░░░░░░░░░  43%  Streaming frame 587/1757
  ██████████░░░░░░░░░░░░░░░  43%  Streaming frame 588/1757
  ██████████░░░░░░░░░░░░░░░  43%  Streaming frame 589/1757
  ██████████░░░░░░░░░░░░░░░  43%  Streaming frame 590/1757
  ███████████░░░░░░░░░░░░░░  44%  Streaming frame 591/1757
  ███████████░░░░░░░░░░░░░░  44%  Streaming frame 592/1757
  ███████████░░░░░░░░░░░░░░  44%  Streaming frame 593/1757
  ███████████░░░░░░░░░░░░░░  44%  Streaming frame 594/1757
  ███████████░░░░░░░░░░░░░░  44%  Streaming frame 595/1757
  ███████████░░░░░░░░░░░░░░  44%  Streaming frame 596/1757
  ███████████░░░░░░░░░░░░░░  44%  Streaming frame 597/1757
  ███████████░░░░░░░░░░░░░░  44%  Streaming frame 598/1757
  ███████████░░░░░░░░░░░░░░  44%  Streaming frame 599/1757
  ███████████░░░░░░░░░░░░░░  44%  Streaming frame 600/1757
  ███████████░░░░░░░░░░░░░░  44%  Streaming frame 601/1757
  ███████████░░░░░░░░░░░░░░  44%  Streaming frame 602/1757
  ███████████░░░░░░░░░░░░░░  44%  Streaming frame 603/1757
  ███████████░░░░░░░░░░░░░░  44%  Streaming frame 604/1757
  ███████████░░░░░░░░░░░░░░  44%  Streaming frame 605/1757
  ███████████░░░░░░░░░░░░░░  44%  Streaming frame 606/1757
  ███████████░░░░░░░░░░░░░░  44%  Streaming frame 607/1757
  ███████████░░░░░░░░░░░░░░  44%  Streaming frame 608/1757
  ███████████░░░░░░░░░░░░░░  44%  Streaming frame 609/1757
  ███████████░░░░░░░░░░░░░░  44%  Streaming frame 610/1757
  ███████████░░░░░░░░░░░░░░  44%  Streaming frame 611/1757
  ███████████░░░░░░░░░░░░░░  44%  Streaming frame 612/1757
  ███████████░░░░░░░░░░░░░░  44%  Streaming frame 613/1757
  ███████████░░░░░░░░░░░░░░  44%  Streaming frame 614/1757
  ███████████░░░░░░░░░░░░░░  44%  Streaming frame 615/1757
  ███████████░░░░░░░░░░░░░░  44%  Streaming frame 616/1757
  ███████████░░░░░░░░░░░░░░  44%  Streaming frame 617/1757
  ███████████░░░░░░░░░░░░░░  44%  Streaming frame 618/1757
  ███████████░░░░░░░░░░░░░░  44%  Streaming frame 619/1757
  ███████████░░░░░░░░░░░░░░  44%  Streaming frame 620/1757
  ███████████░░░░░░░░░░░░░░  44%  Streaming frame 621/1757
  ███████████░░░░░░░░░░░░░░  44%  Streaming frame 622/1757
  ███████████░░░░░░░░░░░░░░  45%  Streaming frame 623/1757
  ███████████░░░░░░░░░░░░░░  45%  Streaming frame 624/1757
  ███████████░░░░░░░░░░░░░░  45%  Streaming frame 625/1757
  ███████████░░░░░░░░░░░░░░  45%  Streaming frame 626/1757
  ███████████░░░░░░░░░░░░░░  45%  Streaming frame 627/1757
  ███████████░░░░░░░░░░░░░░  45%  Streaming frame 628/1757
  ███████████░░░░░░░░░░░░░░  45%  Streaming frame 629/1757
  ███████████░░░░░░░░░░░░░░  45%  Streaming frame 630/1757
  ███████████░░░░░░░░░░░░░░  45%  Streaming frame 631/1757
  ███████████░░░░░░░░░░░░░░  45%  Streaming frame 632/1757
  ███████████░░░░░░░░░░░░░░  45%  Streaming frame 633/1757
  ███████████░░░░░░░░░░░░░░  45%  Streaming frame 634/1757
  ███████████░░░░░░░░░░░░░░  45%  Streaming frame 635/1757
  ███████████░░░░░░░░░░░░░░  45%  Streaming frame 636/1757
  ███████████░░░░░░░░░░░░░░  45%  Streaming frame 637/1757
  ███████████░░░░░░░░░░░░░░  45%  Streaming frame 638/1757
  ███████████░░░░░░░░░░░░░░  45%  Streaming frame 639/1757
  ███████████░░░░░░░░░░░░░░  45%  Streaming frame 640/1757
  ███████████░░░░░░░░░░░░░░  45%  Streaming frame 641/1757
  ███████████░░░░░░░░░░░░░░  45%  Streaming frame 642/1757
  ███████████░░░░░░░░░░░░░░  45%  Streaming frame 643/1757
  ███████████░░░░░░░░░░░░░░  45%  Streaming frame 644/1757
  ███████████░░░░░░░░░░░░░░  45%  Streaming frame 645/1757
  ███████████░░░░░░░░░░░░░░  45%  Streaming frame 646/1757
  ███████████░░░░░░░░░░░░░░  45%  Streaming frame 647/1757
  ███████████░░░░░░░░░░░░░░  45%  Streaming frame 648/1757
  ███████████░░░░░░░░░░░░░░  45%  Streaming frame 649/1757
  ███████████░░░░░░░░░░░░░░  45%  Streaming frame 650/1757
  ███████████░░░░░░░░░░░░░░  45%  Streaming frame 651/1757
  ███████████░░░░░░░░░░░░░░  45%  Streaming frame 652/1757
  ███████████░░░░░░░░░░░░░░  45%  Streaming frame 653/1757
  ███████████░░░░░░░░░░░░░░  45%  Streaming frame 654/1757
  ███████████░░░░░░░░░░░░░░  46%  Streaming frame 655/1757
  ███████████░░░░░░░░░░░░░░  46%  Streaming frame 656/1757
  ███████████░░░░░░░░░░░░░░  46%  Streaming frame 657/1757
  ███████████░░░░░░░░░░░░░░  46%  Streaming frame 658/1757
  ███████████░░░░░░░░░░░░░░  46%  Streaming frame 659/1757
  ███████████░░░░░░░░░░░░░░  46%  Streaming frame 660/1757
  ███████████░░░░░░░░░░░░░░  46%  Streaming frame 661/1757
  ███████████░░░░░░░░░░░░░░  46%  Streaming frame 662/1757
  ███████████░░░░░░░░░░░░░░  46%  Streaming frame 663/1757
  ███████████░░░░░░░░░░░░░░  46%  Streaming frame 664/1757
  ███████████░░░░░░░░░░░░░░  46%  Streaming frame 665/1757
  ███████████░░░░░░░░░░░░░░  46%  Streaming frame 666/1757
  ███████████░░░░░░░░░░░░░░  46%  Streaming frame 667/1757
  ███████████░░░░░░░░░░░░░░  46%  Streaming frame 668/1757
  ███████████░░░░░░░░░░░░░░  46%  Streaming frame 669/1757
  ███████████░░░░░░░░░░░░░░  46%  Streaming frame 670/1757
  ███████████░░░░░░░░░░░░░░  46%  Streaming frame 671/1757
  ███████████░░░░░░░░░░░░░░  46%  Streaming frame 672/1757
  ███████████░░░░░░░░░░░░░░  46%  Streaming frame 673/1757
  ███████████░░░░░░░░░░░░░░  46%  Streaming frame 674/1757
  ███████████░░░░░░░░░░░░░░  46%  Streaming frame 675/1757
  ███████████░░░░░░░░░░░░░░  46%  Streaming frame 676/1757
  ███████████░░░░░░░░░░░░░░  46%  Streaming frame 677/1757
  ███████████░░░░░░░░░░░░░░  46%  Streaming frame 678/1757
  ███████████░░░░░░░░░░░░░░  46%  Streaming frame 679/1757
  ███████████░░░░░░░░░░░░░░  46%  Streaming frame 680/1757
  ███████████░░░░░░░░░░░░░░  46%  Streaming frame 681/1757
  ███████████░░░░░░░░░░░░░░  46%  Streaming frame 682/1757
  ███████████░░░░░░░░░░░░░░  46%  Streaming frame 683/1757
  ███████████░░░░░░░░░░░░░░  46%  Streaming frame 684/1757
  ███████████░░░░░░░░░░░░░░  46%  Streaming frame 685/1757
  ███████████░░░░░░░░░░░░░░  46%  Streaming frame 686/1757
  ███████████░░░░░░░░░░░░░░  47%  Streaming frame 687/1757
  ███████████░░░░░░░░░░░░░░  47%  Streaming frame 688/1757
  ███████████░░░░░░░░░░░░░░  47%  Streaming frame 689/1757
  ███████████░░░░░░░░░░░░░░  47%  Streaming frame 690/1757
  ███████████░░░░░░░░░░░░░░  47%  Streaming frame 691/1757
  ███████████░░░░░░░░░░░░░░  47%  Streaming frame 692/1757
  ███████████░░░░░░░░░░░░░░  47%  Streaming frame 693/1757
  ███████████░░░░░░░░░░░░░░  47%  Streaming frame 694/1757
  ███████████░░░░░░░░░░░░░░  47%  Streaming frame 695/1757
  ███████████░░░░░░░░░░░░░░  47%  Streaming frame 696/1757
  ███████████░░░░░░░░░░░░░░  47%  Streaming frame 697/1757
  ███████████░░░░░░░░░░░░░░  47%  Streaming frame 698/1757
  ███████████░░░░░░░░░░░░░░  47%  Streaming frame 699/1757
  ███████████░░░░░░░░░░░░░░  47%  Streaming frame 700/1757
  ███████████░░░░░░░░░░░░░░  47%  Streaming frame 701/1757
  ███████████░░░░░░░░░░░░░░  47%  Streaming frame 702/1757
  ███████████░░░░░░░░░░░░░░  47%  Streaming frame 703/1757
  ███████████░░░░░░░░░░░░░░  47%  Streaming frame 704/1757
  ███████████░░░░░░░░░░░░░░  47%  Streaming frame 705/1757
  ███████████░░░░░░░░░░░░░░  47%  Streaming frame 706/1757
  ███████████░░░░░░░░░░░░░░  47%  Streaming frame 707/1757
  ███████████░░░░░░░░░░░░░░  47%  Streaming frame 708/1757
  ███████████░░░░░░░░░░░░░░  47%  Streaming frame 709/1757
  ███████████░░░░░░░░░░░░░░  47%  Streaming frame 710/1757
  ███████████░░░░░░░░░░░░░░  47%  Streaming frame 711/1757
  ███████████░░░░░░░░░░░░░░  47%  Streaming frame 712/1757
  ███████████░░░░░░░░░░░░░░  47%  Streaming frame 713/1757
  ███████████░░░░░░░░░░░░░░  47%  Streaming frame 714/1757
  ███████████░░░░░░░░░░░░░░  47%  Streaming frame 715/1757
  ███████████░░░░░░░░░░░░░░  47%  Streaming frame 716/1757
  ███████████░░░░░░░░░░░░░░  47%  Streaming frame 717/1757
  ███████████░░░░░░░░░░░░░░  47%  Streaming frame 718/1757
  ████████████░░░░░░░░░░░░░  48%  Streaming frame 719/1757
  ████████████░░░░░░░░░░░░░  48%  Streaming frame 720/1757
  ████████████░░░░░░░░░░░░░  48%  Streaming frame 721/1757
  ████████████░░░░░░░░░░░░░  48%  Streaming frame 722/1757
  ████████████░░░░░░░░░░░░░  48%  Streaming frame 723/1757
  ████████████░░░░░░░░░░░░░  48%  Streaming frame 724/1757
  ████████████░░░░░░░░░░░░░  48%  Streaming frame 725/1757
  ████████████░░░░░░░░░░░░░  48%  Streaming frame 726/1757
  ████████████░░░░░░░░░░░░░  48%  Streaming frame 727/1757
  ████████████░░░░░░░░░░░░░  48%  Streaming frame 728/1757
  ████████████░░░░░░░░░░░░░  48%  Streaming frame 729/1757
  ████████████░░░░░░░░░░░░░  48%  Streaming frame 730/1757
  ████████████░░░░░░░░░░░░░  48%  Streaming frame 731/1757
  ████████████░░░░░░░░░░░░░  48%  Streaming frame 732/1757
  ████████████░░░░░░░░░░░░░  48%  Streaming frame 733/1757
  ████████████░░░░░░░░░░░░░  48%  Streaming frame 734/1757
  ████████████░░░░░░░░░░░░░  48%  Streaming frame 735/1757
  ████████████░░░░░░░░░░░░░  48%  Streaming frame 736/1757
  ████████████░░░░░░░░░░░░░  48%  Streaming frame 737/1757
  ████████████░░░░░░░░░░░░░  48%  Streaming frame 738/1757
  ████████████░░░░░░░░░░░░░  48%  Streaming frame 739/1757
  ████████████░░░░░░░░░░░░░  48%  Streaming frame 740/1757
  ████████████░░░░░░░░░░░░░  48%  Streaming frame 741/1757
  ████████████░░░░░░░░░░░░░  48%  Streaming frame 742/1757
  ████████████░░░░░░░░░░░░░  48%  Streaming frame 743/1757
  ████████████░░░░░░░░░░░░░  48%  Streaming frame 744/1757
  ████████████░░░░░░░░░░░░░  48%  Streaming frame 745/1757
  ████████████░░░░░░░░░░░░░  48%  Streaming frame 746/1757
  ████████████░░░░░░░░░░░░░  48%  Streaming frame 747/1757
  ████████████░░░░░░░░░░░░░  48%  Streaming frame 748/1757
  ████████████░░░░░░░░░░░░░  48%  Streaming frame 749/1757
  ████████████░░░░░░░░░░░░░  48%  Streaming frame 750/1757
  ████████████░░░░░░░░░░░░░  49%  Streaming frame 751/1757
  ████████████░░░░░░░░░░░░░  49%  Streaming frame 752/1757
  ████████████░░░░░░░░░░░░░  49%  Streaming frame 753/1757
  ████████████░░░░░░░░░░░░░  49%  Streaming frame 754/1757
  ████████████░░░░░░░░░░░░░  49%  Streaming frame 755/1757
  ████████████░░░░░░░░░░░░░  49%  Streaming frame 756/1757
  ████████████░░░░░░░░░░░░░  49%  Streaming frame 757/1757
  ████████████░░░░░░░░░░░░░  49%  Streaming frame 758/1757
  ████████████░░░░░░░░░░░░░  49%  Streaming frame 759/1757
  ████████████░░░░░░░░░░░░░  49%  Streaming frame 760/1757
  ████████████░░░░░░░░░░░░░  49%  Streaming frame 761/1757
  ████████████░░░░░░░░░░░░░  49%  Streaming frame 762/1757
  ████████████░░░░░░░░░░░░░  49%  Streaming frame 763/1757
  ████████████░░░░░░░░░░░░░  49%  Streaming frame 764/1757
  ████████████░░░░░░░░░░░░░  49%  Streaming frame 765/1757
  ████████████░░░░░░░░░░░░░  49%  Streaming frame 766/1757
  ████████████░░░░░░░░░░░░░  49%  Streaming frame 767/1757
  ████████████░░░░░░░░░░░░░  49%  Streaming frame 768/1757
  ████████████░░░░░░░░░░░░░  49%  Streaming frame 769/1757
  ████████████░░░░░░░░░░░░░  49%  Streaming frame 770/1757
  ████████████░░░░░░░░░░░░░  49%  Streaming frame 771/1757
  ████████████░░░░░░░░░░░░░  49%  Streaming frame 772/1757
  ████████████░░░░░░░░░░░░░  49%  Streaming frame 773/1757
  ████████████░░░░░░░░░░░░░  49%  Streaming frame 774/1757
  ████████████░░░░░░░░░░░░░  49%  Streaming frame 775/1757
  ████████████░░░░░░░░░░░░░  49%  Streaming frame 776/1757
  ████████████░░░░░░░░░░░░░  49%  Streaming frame 777/1757
  ████████████░░░░░░░░░░░░░  49%  Streaming frame 778/1757
  ████████████░░░░░░░░░░░░░  49%  Streaming frame 779/1757
  ████████████░░░░░░░░░░░░░  49%  Streaming frame 780/1757
  ████████████░░░░░░░░░░░░░  49%  Streaming frame 781/1757
  ████████████░░░░░░░░░░░░░  49%  Streaming frame 782/1757
  ████████████░░░░░░░░░░░░░  50%  Streaming frame 783/1757
  ████████████░░░░░░░░░░░░░  50%  Streaming frame 784/1757
  ████████████░░░░░░░░░░░░░  50%  Streaming frame 785/1757
  ████████████░░░░░░░░░░░░░  50%  Streaming frame 786/1757
  ████████████░░░░░░░░░░░░░  50%  Streaming frame 787/1757
  ████████████░░░░░░░░░░░░░  50%  Streaming frame 788/1757
  ████████████░░░░░░░░░░░░░  50%  Streaming frame 789/1757
  ████████████░░░░░░░░░░░░░  50%  Streaming frame 790/1757
  ████████████░░░░░░░░░░░░░  50%  Streaming frame 791/1757
  ████████████░░░░░░░░░░░░░  50%  Streaming frame 792/1757
  ████████████░░░░░░░░░░░░░  50%  Streaming frame 793/1757
  ████████████░░░░░░░░░░░░░  50%  Streaming frame 794/1757
  ████████████░░░░░░░░░░░░░  50%  Streaming frame 795/1757
  ████████████░░░░░░░░░░░░░  50%  Streaming frame 796/1757
  ████████████░░░░░░░░░░░░░  50%  Streaming frame 797/1757
  ████████████░░░░░░░░░░░░░  50%  Streaming frame 798/1757
  ████████████░░░░░░░░░░░░░  50%  Streaming frame 799/1757
  ████████████░░░░░░░░░░░░░  50%  Streaming frame 800/1757
  ████████████░░░░░░░░░░░░░  50%  Streaming frame 801/1757
  ████████████░░░░░░░░░░░░░  50%  Streaming frame 802/1757
  ████████████░░░░░░░░░░░░░  50%  Streaming frame 803/1757
  ████████████░░░░░░░░░░░░░  50%  Streaming frame 804/1757
  ████████████░░░░░░░░░░░░░  50%  Streaming frame 805/1757
  ████████████░░░░░░░░░░░░░  50%  Streaming frame 806/1757
  ████████████░░░░░░░░░░░░░  50%  Streaming frame 807/1757
  ████████████░░░░░░░░░░░░░  50%  Streaming frame 808/1757
  ████████████░░░░░░░░░░░░░  50%  Streaming frame 809/1757
  ████████████░░░░░░░░░░░░░  50%  Streaming frame 810/1757
  ████████████░░░░░░░░░░░░░  50%  Streaming frame 811/1757
  ████████████░░░░░░░░░░░░░  50%  Streaming frame 812/1757
  ████████████░░░░░░░░░░░░░  50%  Streaming frame 813/1757
  ████████████░░░░░░░░░░░░░  50%  Streaming frame 814/1757
  ████████████░░░░░░░░░░░░░  51%  Streaming frame 815/1757
  ████████████░░░░░░░░░░░░░  51%  Streaming frame 816/1757
  ████████████░░░░░░░░░░░░░  51%  Streaming frame 817/1757
  ████████████░░░░░░░░░░░░░  51%  Streaming frame 818/1757
  ████████████░░░░░░░░░░░░░  51%  Streaming frame 819/1757
  ████████████░░░░░░░░░░░░░  51%  Streaming frame 820/1757
  ████████████░░░░░░░░░░░░░  51%  Streaming frame 821/1757
  ████████████░░░░░░░░░░░░░  51%  Streaming frame 822/1757
  ████████████░░░░░░░░░░░░░  51%  Streaming frame 823/1757
  ████████████░░░░░░░░░░░░░  51%  Streaming frame 824/1757
  ████████████░░░░░░░░░░░░░  51%  Streaming frame 825/1757
  ████████████░░░░░░░░░░░░░  51%  Streaming frame 826/1757
  ████████████░░░░░░░░░░░░░  51%  Streaming frame 827/1757
  ████████████░░░░░░░░░░░░░  51%  Streaming frame 828/1757
  ████████████░░░░░░░░░░░░░  51%  Streaming frame 829/1757
  ████████████░░░░░░░░░░░░░  51%  Streaming frame 830/1757
  ████████████░░░░░░░░░░░░░  51%  Streaming frame 831/1757
  ████████████░░░░░░░░░░░░░  51%  Streaming frame 832/1757
  ████████████░░░░░░░░░░░░░  51%  Streaming frame 833/1757
  ████████████░░░░░░░░░░░░░  51%  Streaming frame 834/1757
  ████████████░░░░░░░░░░░░░  51%  Streaming frame 835/1757
  ████████████░░░░░░░░░░░░░  51%  Streaming frame 836/1757
  ████████████░░░░░░░░░░░░░  51%  Streaming frame 837/1757
  ████████████░░░░░░░░░░░░░  51%  Streaming frame 838/1757
  ████████████░░░░░░░░░░░░░  51%  Streaming frame 839/1757
  ████████████░░░░░░░░░░░░░  51%  Streaming frame 840/1757
  ████████████░░░░░░░░░░░░░  51%  Streaming frame 841/1757
  ████████████░░░░░░░░░░░░░  51%  Streaming frame 842/1757
  ████████████░░░░░░░░░░░░░  51%  Streaming frame 843/1757
  ████████████░░░░░░░░░░░░░  51%  Streaming frame 844/1757
  ████████████░░░░░░░░░░░░░  51%  Streaming frame 845/1757
  ████████████░░░░░░░░░░░░░  51%  Streaming frame 846/1757
  █████████████░░░░░░░░░░░░  52%  Streaming frame 847/1757
  █████████████░░░░░░░░░░░░  52%  Streaming frame 848/1757
  █████████████░░░░░░░░░░░░  52%  Streaming frame 849/1757
  █████████████░░░░░░░░░░░░  52%  Streaming frame 850/1757
  █████████████░░░░░░░░░░░░  52%  Streaming frame 851/1757
  █████████████░░░░░░░░░░░░  52%  Streaming frame 852/1757
  █████████████░░░░░░░░░░░░  52%  Streaming frame 853/1757
  █████████████░░░░░░░░░░░░  52%  Streaming frame 854/1757
  █████████████░░░░░░░░░░░░  52%  Streaming frame 855/1757
  █████████████░░░░░░░░░░░░  52%  Streaming frame 856/1757
  █████████████░░░░░░░░░░░░  52%  Streaming frame 857/1757
  █████████████░░░░░░░░░░░░  52%  Streaming frame 858/1757
  █████████████░░░░░░░░░░░░  52%  Streaming frame 859/1757
  █████████████░░░░░░░░░░░░  52%  Streaming frame 860/1757
  █████████████░░░░░░░░░░░░  52%  Streaming frame 861/1757
  █████████████░░░░░░░░░░░░  52%  Streaming frame 862/1757
  █████████████░░░░░░░░░░░░  52%  Streaming frame 863/1757
  █████████████░░░░░░░░░░░░  52%  Streaming frame 864/1757
  █████████████░░░░░░░░░░░░  52%  Streaming frame 865/1757
  █████████████░░░░░░░░░░░░  52%  Streaming frame 866/1757
  █████████████░░░░░░░░░░░░  52%  Streaming frame 867/1757
  █████████████░░░░░░░░░░░░  52%  Streaming frame 868/1757
  █████████████░░░░░░░░░░░░  52%  Streaming frame 869/1757
  █████████████░░░░░░░░░░░░  52%  Streaming frame 870/1757
  █████████████░░░░░░░░░░░░  52%  Streaming frame 871/1757
  █████████████░░░░░░░░░░░░  52%  Streaming frame 872/1757
  █████████████░░░░░░░░░░░░  52%  Streaming frame 873/1757
  █████████████░░░░░░░░░░░░  52%  Streaming frame 874/1757
  █████████████░░░░░░░░░░░░  52%  Streaming frame 875/1757
  █████████████░░░░░░░░░░░░  52%  Streaming frame 876/1757
  █████████████░░░░░░░░░░░░  52%  Streaming frame 877/1757
  █████████████░░░░░░░░░░░░  52%  Streaming frame 878/1757
[INFO] [Render] drawElement self-verify passed {"renderJobId":"3439af43-733b-4a0d-82e9-f47ed0c65929","frame":878,"psnrDb":77}
  █████████████░░░░░░░░░░░░  53%  Streaming frame 879/1757
  █████████████░░░░░░░░░░░░  53%  Streaming frame 880/1757
  █████████████░░░░░░░░░░░░  53%  Streaming frame 881/1757
  █████████████░░░░░░░░░░░░  53%  Streaming frame 882/1757
  █████████████░░░░░░░░░░░░  53%  Streaming frame 883/1757
  █████████████░░░░░░░░░░░░  53%  Streaming frame 884/1757
  █████████████░░░░░░░░░░░░  53%  Streaming frame 885/1757
  █████████████░░░░░░░░░░░░  53%  Streaming frame 886/1757
  █████████████░░░░░░░░░░░░  53%  Streaming frame 887/1757
  █████████████░░░░░░░░░░░░  53%  Streaming frame 888/1757
  █████████████░░░░░░░░░░░░  53%  Streaming frame 889/1757
  █████████████░░░░░░░░░░░░  53%  Streaming frame 890/1757
  █████████████░░░░░░░░░░░░  53%  Streaming frame 891/1757
  █████████████░░░░░░░░░░░░  53%  Streaming frame 892/1757
  █████████████░░░░░░░░░░░░  53%  Streaming frame 893/1757
  █████████████░░░░░░░░░░░░  53%  Streaming frame 894/1757
  █████████████░░░░░░░░░░░░  53%  Streaming frame 895/1757
  █████████████░░░░░░░░░░░░  53%  Streaming frame 896/1757
  █████████████░░░░░░░░░░░░  53%  Streaming frame 897/1757
  █████████████░░░░░░░░░░░░  53%  Streaming frame 898/1757
  █████████████░░░░░░░░░░░░  53%  Streaming frame 899/1757
  █████████████░░░░░░░░░░░░  53%  Streaming frame 900/1757
  █████████████░░░░░░░░░░░░  53%  Streaming frame 901/1757
  █████████████░░░░░░░░░░░░  53%  Streaming frame 902/1757
  █████████████░░░░░░░░░░░░  53%  Streaming frame 903/1757
  █████████████░░░░░░░░░░░░  53%  Streaming frame 904/1757
  █████████████░░░░░░░░░░░░  53%  Streaming frame 905/1757
  █████████████░░░░░░░░░░░░  53%  Streaming frame 906/1757
  █████████████░░░░░░░░░░░░  53%  Streaming frame 907/1757
  █████████████░░░░░░░░░░░░  53%  Streaming frame 908/1757
  █████████████░░░░░░░░░░░░  53%  Streaming frame 909/1757
  █████████████░░░░░░░░░░░░  53%  Streaming frame 910/1757
  █████████████░░░░░░░░░░░░  54%  Streaming frame 911/1757
  █████████████░░░░░░░░░░░░  54%  Streaming frame 912/1757
  █████████████░░░░░░░░░░░░  54%  Streaming frame 913/1757
  █████████████░░░░░░░░░░░░  54%  Streaming frame 914/1757
  █████████████░░░░░░░░░░░░  54%  Streaming frame 915/1757
  █████████████░░░░░░░░░░░░  54%  Streaming frame 916/1757
  █████████████░░░░░░░░░░░░  54%  Streaming frame 917/1757
  █████████████░░░░░░░░░░░░  54%  Streaming frame 918/1757
  █████████████░░░░░░░░░░░░  54%  Streaming frame 919/1757
  █████████████░░░░░░░░░░░░  54%  Streaming frame 920/1757
  █████████████░░░░░░░░░░░░  54%  Streaming frame 921/1757
  █████████████░░░░░░░░░░░░  54%  Streaming frame 922/1757
  █████████████░░░░░░░░░░░░  54%  Streaming frame 923/1757
  █████████████░░░░░░░░░░░░  54%  Streaming frame 924/1757
  █████████████░░░░░░░░░░░░  54%  Streaming frame 925/1757
  █████████████░░░░░░░░░░░░  54%  Streaming frame 926/1757
  █████████████░░░░░░░░░░░░  54%  Streaming frame 927/1757
  █████████████░░░░░░░░░░░░  54%  Streaming frame 928/1757
  █████████████░░░░░░░░░░░░  54%  Streaming frame 929/1757
  █████████████░░░░░░░░░░░░  54%  Streaming frame 930/1757
  █████████████░░░░░░░░░░░░  54%  Streaming frame 931/1757
  █████████████░░░░░░░░░░░░  54%  Streaming frame 932/1757
  █████████████░░░░░░░░░░░░  54%  Streaming frame 933/1757
  █████████████░░░░░░░░░░░░  54%  Streaming frame 934/1757
  █████████████░░░░░░░░░░░░  54%  Streaming frame 935/1757
  █████████████░░░░░░░░░░░░  54%  Streaming frame 936/1757
  █████████████░░░░░░░░░░░░  54%  Streaming frame 937/1757
  █████████████░░░░░░░░░░░░  54%  Streaming frame 938/1757
  █████████████░░░░░░░░░░░░  54%  Streaming frame 939/1757
  █████████████░░░░░░░░░░░░  54%  Streaming frame 940/1757
  █████████████░░░░░░░░░░░░  54%  Streaming frame 941/1757
  █████████████░░░░░░░░░░░░  54%  Streaming frame 942/1757
  █████████████░░░░░░░░░░░░  55%  Streaming frame 943/1757
  █████████████░░░░░░░░░░░░  55%  Streaming frame 944/1757
  █████████████░░░░░░░░░░░░  55%  Streaming frame 945/1757
  █████████████░░░░░░░░░░░░  55%  Streaming frame 946/1757
  █████████████░░░░░░░░░░░░  55%  Streaming frame 947/1757
  █████████████░░░░░░░░░░░░  55%  Streaming frame 948/1757
  █████████████░░░░░░░░░░░░  55%  Streaming frame 949/1757
  █████████████░░░░░░░░░░░░  55%  Streaming frame 950/1757
  █████████████░░░░░░░░░░░░  55%  Streaming frame 951/1757
  █████████████░░░░░░░░░░░░  55%  Streaming frame 952/1757
  █████████████░░░░░░░░░░░░  55%  Streaming frame 953/1757
  █████████████░░░░░░░░░░░░  55%  Streaming frame 954/1757
  █████████████░░░░░░░░░░░░  55%  Streaming frame 955/1757
  █████████████░░░░░░░░░░░░  55%  Streaming frame 956/1757
  █████████████░░░░░░░░░░░░  55%  Streaming frame 957/1757
  █████████████░░░░░░░░░░░░  55%  Streaming frame 958/1757
  █████████████░░░░░░░░░░░░  55%  Streaming frame 959/1757
  █████████████░░░░░░░░░░░░  55%  Streaming frame 960/1757
  █████████████░░░░░░░░░░░░  55%  Streaming frame 961/1757
  █████████████░░░░░░░░░░░░  55%  Streaming frame 962/1757
  █████████████░░░░░░░░░░░░  55%  Streaming frame 963/1757
  █████████████░░░░░░░░░░░░  55%  Streaming frame 964/1757
  █████████████░░░░░░░░░░░░  55%  Streaming frame 965/1757
  █████████████░░░░░░░░░░░░  55%  Streaming frame 966/1757
  █████████████░░░░░░░░░░░░  55%  Streaming frame 967/1757
  █████████████░░░░░░░░░░░░  55%  Streaming frame 968/1757
  █████████████░░░░░░░░░░░░  55%  Streaming frame 969/1757
  █████████████░░░░░░░░░░░░  55%  Streaming frame 970/1757
  █████████████░░░░░░░░░░░░  55%  Streaming frame 971/1757
  █████████████░░░░░░░░░░░░  55%  Streaming frame 972/1757
  █████████████░░░░░░░░░░░░  55%  Streaming frame 973/1757
  █████████████░░░░░░░░░░░░  55%  Streaming frame 974/1757
  ██████████████░░░░░░░░░░░  56%  Streaming frame 975/1757
  ██████████████░░░░░░░░░░░  56%  Streaming frame 976/1757
  ██████████████░░░░░░░░░░░  56%  Streaming frame 977/1757
  ██████████████░░░░░░░░░░░  56%  Streaming frame 978/1757
  ██████████████░░░░░░░░░░░  56%  Streaming frame 979/1757
  ██████████████░░░░░░░░░░░  56%  Streaming frame 980/1757
  ██████████████░░░░░░░░░░░  56%  Streaming frame 981/1757
  ██████████████░░░░░░░░░░░  56%  Streaming frame 982/1757
  ██████████████░░░░░░░░░░░  56%  Streaming frame 983/1757
  ██████████████░░░░░░░░░░░  56%  Streaming frame 984/1757
  ██████████████░░░░░░░░░░░  56%  Streaming frame 985/1757
  ██████████████░░░░░░░░░░░  56%  Streaming frame 986/1757
  ██████████████░░░░░░░░░░░  56%  Streaming frame 987/1757
  ██████████████░░░░░░░░░░░  56%  Streaming frame 988/1757
  ██████████████░░░░░░░░░░░  56%  Streaming frame 989/1757
  ██████████████░░░░░░░░░░░  56%  Streaming frame 990/1757
  ██████████████░░░░░░░░░░░  56%  Streaming frame 991/1757
  ██████████████░░░░░░░░░░░  56%  Streaming frame 992/1757
  ██████████████░░░░░░░░░░░  56%  Streaming frame 993/1757
  ██████████████░░░░░░░░░░░  56%  Streaming frame 994/1757
  ██████████████░░░░░░░░░░░  56%  Streaming frame 995/1757
  ██████████████░░░░░░░░░░░  56%  Streaming frame 996/1757
  ██████████████░░░░░░░░░░░  56%  Streaming frame 997/1757
  ██████████████░░░░░░░░░░░  56%  Streaming frame 998/1757
  ██████████████░░░░░░░░░░░  56%  Streaming frame 999/1757
  ██████████████░░░░░░░░░░░  56%  Streaming frame 1000/1757
  ██████████████░░░░░░░░░░░  56%  Streaming frame 1001/1757
  ██████████████░░░░░░░░░░░  56%  Streaming frame 1002/1757
  ██████████████░░░░░░░░░░░  56%  Streaming frame 1003/1757
  ██████████████░░░░░░░░░░░  56%  Streaming frame 1004/1757
  ██████████████░░░░░░░░░░░  56%  Streaming frame 1005/1757
  ██████████████░░░░░░░░░░░  56%  Streaming frame 1006/1757
  ██████████████░░░░░░░░░░░  57%  Streaming frame 1007/1757
  ██████████████░░░░░░░░░░░  57%  Streaming frame 1008/1757
  ██████████████░░░░░░░░░░░  57%  Streaming frame 1009/1757
  ██████████████░░░░░░░░░░░  57%  Streaming frame 1010/1757
  ██████████████░░░░░░░░░░░  57%  Streaming frame 1011/1757
  ██████████████░░░░░░░░░░░  57%  Streaming frame 1012/1757
  ██████████████░░░░░░░░░░░  57%  Streaming frame 1013/1757
  ██████████████░░░░░░░░░░░  57%  Streaming frame 1014/1757
  ██████████████░░░░░░░░░░░  57%  Streaming frame 1015/1757
  ██████████████░░░░░░░░░░░  57%  Streaming frame 1016/1757
  ██████████████░░░░░░░░░░░  57%  Streaming frame 1017/1757
  ██████████████░░░░░░░░░░░  57%  Streaming frame 1018/1757
  ██████████████░░░░░░░░░░░  57%  Streaming frame 1019/1757
  ██████████████░░░░░░░░░░░  57%  Streaming frame 1020/1757
  ██████████████░░░░░░░░░░░  57%  Streaming frame 1021/1757
  ██████████████░░░░░░░░░░░  57%  Streaming frame 1022/1757
  ██████████████░░░░░░░░░░░  57%  Streaming frame 1023/1757
  ██████████████░░░░░░░░░░░  57%  Streaming frame 1024/1757
  ██████████████░░░░░░░░░░░  57%  Streaming frame 1025/1757
  ██████████████░░░░░░░░░░░  57%  Streaming frame 1026/1757
  ██████████████░░░░░░░░░░░  57%  Streaming frame 1027/1757
  ██████████████░░░░░░░░░░░  57%  Streaming frame 1028/1757
  ██████████████░░░░░░░░░░░  57%  Streaming frame 1029/1757
  ██████████████░░░░░░░░░░░  57%  Streaming frame 1030/1757
  ██████████████░░░░░░░░░░░  57%  Streaming frame 1031/1757
  ██████████████░░░░░░░░░░░  57%  Streaming frame 1032/1757
  ██████████████░░░░░░░░░░░  57%  Streaming frame 1033/1757
  ██████████████░░░░░░░░░░░  57%  Streaming frame 1034/1757
  ██████████████░░░░░░░░░░░  57%  Streaming frame 1035/1757
  ██████████████░░░░░░░░░░░  57%  Streaming frame 1036/1757
  ██████████████░░░░░░░░░░░  57%  Streaming frame 1037/1757
  ██████████████░░░░░░░░░░░  57%  Streaming frame 1038/1757
  ██████████████░░░░░░░░░░░  58%  Streaming frame 1039/1757
  ██████████████░░░░░░░░░░░  58%  Streaming frame 1040/1757
  ██████████████░░░░░░░░░░░  58%  Streaming frame 1041/1757
  ██████████████░░░░░░░░░░░  58%  Streaming frame 1042/1757
  ██████████████░░░░░░░░░░░  58%  Streaming frame 1043/1757
  ██████████████░░░░░░░░░░░  58%  Streaming frame 1044/1757
  ██████████████░░░░░░░░░░░  58%  Streaming frame 1045/1757
  ██████████████░░░░░░░░░░░  58%  Streaming frame 1046/1757
  ██████████████░░░░░░░░░░░  58%  Streaming frame 1047/1757
  ██████████████░░░░░░░░░░░  58%  Streaming frame 1048/1757
  ██████████████░░░░░░░░░░░  58%  Streaming frame 1049/1757
  ██████████████░░░░░░░░░░░  58%  Streaming frame 1050/1757
  ██████████████░░░░░░░░░░░  58%  Streaming frame 1051/1757
  ██████████████░░░░░░░░░░░  58%  Streaming frame 1052/1757
  ██████████████░░░░░░░░░░░  58%  Streaming frame 1053/1757
  ██████████████░░░░░░░░░░░  58%  Streaming frame 1054/1757
  ██████████████░░░░░░░░░░░  58%  Streaming frame 1055/1757
  ██████████████░░░░░░░░░░░  58%  Streaming frame 1056/1757
  ██████████████░░░░░░░░░░░  58%  Streaming frame 1057/1757
  ██████████████░░░░░░░░░░░  58%  Streaming frame 1058/1757
  ██████████████░░░░░░░░░░░  58%  Streaming frame 1059/1757
  ██████████████░░░░░░░░░░░  58%  Streaming frame 1060/1757
  ██████████████░░░░░░░░░░░  58%  Streaming frame 1061/1757
  ██████████████░░░░░░░░░░░  58%  Streaming frame 1062/1757
  ██████████████░░░░░░░░░░░  58%  Streaming frame 1063/1757
  ██████████████░░░░░░░░░░░  58%  Streaming frame 1064/1757
  ██████████████░░░░░░░░░░░  58%  Streaming frame 1065/1757
  ██████████████░░░░░░░░░░░  58%  Streaming frame 1066/1757
  ██████████████░░░░░░░░░░░  58%  Streaming frame 1067/1757
  ██████████████░░░░░░░░░░░  58%  Streaming frame 1068/1757
  ██████████████░░░░░░░░░░░  58%  Streaming frame 1069/1757
  ██████████████░░░░░░░░░░░  58%  Streaming frame 1070/1757
  ██████████████░░░░░░░░░░░  59%  Streaming frame 1071/1757
  ██████████████░░░░░░░░░░░  59%  Streaming frame 1072/1757
  ██████████████░░░░░░░░░░░  59%  Streaming frame 1073/1757
  ██████████████░░░░░░░░░░░  59%  Streaming frame 1074/1757
  ██████████████░░░░░░░░░░░  59%  Streaming frame 1075/1757
  ██████████████░░░░░░░░░░░  59%  Streaming frame 1076/1757
  ██████████████░░░░░░░░░░░  59%  Streaming frame 1077/1757
  ██████████████░░░░░░░░░░░  59%  Streaming frame 1078/1757
  ██████████████░░░░░░░░░░░  59%  Streaming frame 1079/1757
  ██████████████░░░░░░░░░░░  59%  Streaming frame 1080/1757
  ██████████████░░░░░░░░░░░  59%  Streaming frame 1081/1757
  ██████████████░░░░░░░░░░░  59%  Streaming frame 1082/1757
  ██████████████░░░░░░░░░░░  59%  Streaming frame 1083/1757
  ██████████████░░░░░░░░░░░  59%  Streaming frame 1084/1757
  ██████████████░░░░░░░░░░░  59%  Streaming frame 1085/1757
  ██████████████░░░░░░░░░░░  59%  Streaming frame 1086/1757
  ██████████████░░░░░░░░░░░  59%  Streaming frame 1087/1757
  ██████████████░░░░░░░░░░░  59%  Streaming frame 1088/1757
  ██████████████░░░░░░░░░░░  59%  Streaming frame 1089/1757
  ██████████████░░░░░░░░░░░  59%  Streaming frame 1090/1757
  ██████████████░░░░░░░░░░░  59%  Streaming frame 1091/1757
  ██████████████░░░░░░░░░░░  59%  Streaming frame 1092/1757
  ██████████████░░░░░░░░░░░  59%  Streaming frame 1093/1757
  ██████████████░░░░░░░░░░░  59%  Streaming frame 1094/1757
  ██████████████░░░░░░░░░░░  59%  Streaming frame 1095/1757
  ██████████████░░░░░░░░░░░  59%  Streaming frame 1096/1757
  ██████████████░░░░░░░░░░░  59%  Streaming frame 1097/1757
  ██████████████░░░░░░░░░░░  59%  Streaming frame 1098/1757
  ██████████████░░░░░░░░░░░  59%  Streaming frame 1099/1757
  ██████████████░░░░░░░░░░░  59%  Streaming frame 1100/1757
  ██████████████░░░░░░░░░░░  59%  Streaming frame 1101/1757
  ██████████████░░░░░░░░░░░  59%  Streaming frame 1102/1757
  ███████████████░░░░░░░░░░  60%  Streaming frame 1103/1757
  ███████████████░░░░░░░░░░  60%  Streaming frame 1104/1757
  ███████████████░░░░░░░░░░  60%  Streaming frame 1105/1757
  ███████████████░░░░░░░░░░  60%  Streaming frame 1106/1757
  ███████████████░░░░░░░░░░  60%  Streaming frame 1107/1757
  ███████████████░░░░░░░░░░  60%  Streaming frame 1108/1757
  ███████████████░░░░░░░░░░  60%  Streaming frame 1109/1757
  ███████████████░░░░░░░░░░  60%  Streaming frame 1110/1757
  ███████████████░░░░░░░░░░  60%  Streaming frame 1111/1757
  ███████████████░░░░░░░░░░  60%  Streaming frame 1112/1757
  ███████████████░░░░░░░░░░  60%  Streaming frame 1113/1757
  ███████████████░░░░░░░░░░  60%  Streaming frame 1114/1757
  ███████████████░░░░░░░░░░  60%  Streaming frame 1115/1757
  ███████████████░░░░░░░░░░  60%  Streaming frame 1116/1757
  ███████████████░░░░░░░░░░  60%  Streaming frame 1117/1757
  ███████████████░░░░░░░░░░  60%  Streaming frame 1118/1757
  ███████████████░░░░░░░░░░  60%  Streaming frame 1119/1757
  ███████████████░░░░░░░░░░  60%  Streaming frame 1120/1757
  ███████████████░░░░░░░░░░  60%  Streaming frame 1121/1757
  ███████████████░░░░░░░░░░  60%  Streaming frame 1122/1757
  ███████████████░░░░░░░░░░  60%  Streaming frame 1123/1757
  ███████████████░░░░░░░░░░  60%  Streaming frame 1124/1757
  ███████████████░░░░░░░░░░  60%  Streaming frame 1125/1757
  ███████████████░░░░░░░░░░  60%  Streaming frame 1126/1757
  ███████████████░░░░░░░░░░  60%  Streaming frame 1127/1757
  ███████████████░░░░░░░░░░  60%  Streaming frame 1128/1757
  ███████████████░░░░░░░░░░  60%  Streaming frame 1129/1757
  ███████████████░░░░░░░░░░  60%  Streaming frame 1130/1757
  ███████████████░░░░░░░░░░  60%  Streaming frame 1131/1757
  ███████████████░░░░░░░░░░  60%  Streaming frame 1132/1757
  ███████████████░░░░░░░░░░  60%  Streaming frame 1133/1757
  ███████████████░░░░░░░░░░  60%  Streaming frame 1134/1757
  ███████████████░░░░░░░░░░  61%  Streaming frame 1135/1757
  ███████████████░░░░░░░░░░  61%  Streaming frame 1136/1757
  ███████████████░░░░░░░░░░  61%  Streaming frame 1137/1757
  ███████████████░░░░░░░░░░  61%  Streaming frame 1138/1757
  ███████████████░░░░░░░░░░  61%  Streaming frame 1139/1757
  ███████████████░░░░░░░░░░  61%  Streaming frame 1140/1757
  ███████████████░░░░░░░░░░  61%  Streaming frame 1141/1757
  ███████████████░░░░░░░░░░  61%  Streaming frame 1142/1757
  ███████████████░░░░░░░░░░  61%  Streaming frame 1143/1757
  ███████████████░░░░░░░░░░  61%  Streaming frame 1144/1757
  ███████████████░░░░░░░░░░  61%  Streaming frame 1145/1757
  ███████████████░░░░░░░░░░  61%  Streaming frame 1146/1757
  ███████████████░░░░░░░░░░  61%  Streaming frame 1147/1757
  ███████████████░░░░░░░░░░  61%  Streaming frame 1148/1757
  ███████████████░░░░░░░░░░  61%  Streaming frame 1149/1757
  ███████████████░░░░░░░░░░  61%  Streaming frame 1150/1757
  ███████████████░░░░░░░░░░  61%  Streaming frame 1151/1757
  ███████████████░░░░░░░░░░  61%  Streaming frame 1152/1757
  ███████████████░░░░░░░░░░  61%  Streaming frame 1153/1757
  ███████████████░░░░░░░░░░  61%  Streaming frame 1154/1757
  ███████████████░░░░░░░░░░  61%  Streaming frame 1155/1757
  ███████████████░░░░░░░░░░  61%  Streaming frame 1156/1757
  ███████████████░░░░░░░░░░  61%  Streaming frame 1157/1757
  ███████████████░░░░░░░░░░  61%  Streaming frame 1158/1757
  ███████████████░░░░░░░░░░  61%  Streaming frame 1159/1757
  ███████████████░░░░░░░░░░  61%  Streaming frame 1160/1757
  ███████████████░░░░░░░░░░  61%  Streaming frame 1161/1757
  ███████████████░░░░░░░░░░  61%  Streaming frame 1162/1757
  ███████████████░░░░░░░░░░  61%  Streaming frame 1163/1757
  ███████████████░░░░░░░░░░  61%  Streaming frame 1164/1757
  ███████████████░░░░░░░░░░  61%  Streaming frame 1165/1757
  ███████████████░░░░░░░░░░  61%  Streaming frame 1166/1757
  ███████████████░░░░░░░░░░  62%  Streaming frame 1167/1757
  ███████████████░░░░░░░░░░  62%  Streaming frame 1168/1757
  ███████████████░░░░░░░░░░  62%  Streaming frame 1169/1757
  ███████████████░░░░░░░░░░  62%  Streaming frame 1170/1757
  ███████████████░░░░░░░░░░  62%  Streaming frame 1171/1757
  ███████████████░░░░░░░░░░  62%  Streaming frame 1172/1757
  ███████████████░░░░░░░░░░  62%  Streaming frame 1173/1757
  ███████████████░░░░░░░░░░  62%  Streaming frame 1174/1757
  ███████████████░░░░░░░░░░  62%  Streaming frame 1175/1757
  ███████████████░░░░░░░░░░  62%  Streaming frame 1176/1757
  ███████████████░░░░░░░░░░  62%  Streaming frame 1177/1757
  ███████████████░░░░░░░░░░  62%  Streaming frame 1178/1757
  ███████████████░░░░░░░░░░  62%  Streaming frame 1179/1757
  ███████████████░░░░░░░░░░  62%  Streaming frame 1180/1757
  ███████████████░░░░░░░░░░  62%  Streaming frame 1181/1757
  ███████████████░░░░░░░░░░  62%  Streaming frame 1182/1757
  ███████████████░░░░░░░░░░  62%  Streaming frame 1183/1757
  ███████████████░░░░░░░░░░  62%  Streaming frame 1184/1757
  ███████████████░░░░░░░░░░  62%  Streaming frame 1185/1757
  ███████████████░░░░░░░░░░  62%  Streaming frame 1186/1757
  ███████████████░░░░░░░░░░  62%  Streaming frame 1187/1757
  ███████████████░░░░░░░░░░  62%  Streaming frame 1188/1757
  ███████████████░░░░░░░░░░  62%  Streaming frame 1189/1757
  ███████████████░░░░░░░░░░  62%  Streaming frame 1190/1757
  ███████████████░░░░░░░░░░  62%  Streaming frame 1191/1757
  ███████████████░░░░░░░░░░  62%  Streaming frame 1192/1757
  ███████████████░░░░░░░░░░  62%  Streaming frame 1193/1757
  ███████████████░░░░░░░░░░  62%  Streaming frame 1194/1757
  ███████████████░░░░░░░░░░  62%  Streaming frame 1195/1757
  ███████████████░░░░░░░░░░  62%  Streaming frame 1196/1757
  ███████████████░░░░░░░░░░  62%  Streaming frame 1197/1757
  ███████████████░░░░░░░░░░  63%  Streaming frame 1198/1757
  ███████████████░░░░░░░░░░  63%  Streaming frame 1199/1757
  ███████████████░░░░░░░░░░  63%  Streaming frame 1200/1757
  ███████████████░░░░░░░░░░  63%  Streaming frame 1201/1757
  ███████████████░░░░░░░░░░  63%  Streaming frame 1202/1757
  ███████████████░░░░░░░░░░  63%  Streaming frame 1203/1757
  ███████████████░░░░░░░░░░  63%  Streaming frame 1204/1757
  ███████████████░░░░░░░░░░  63%  Streaming frame 1205/1757
  ███████████████░░░░░░░░░░  63%  Streaming frame 1206/1757
  ███████████████░░░░░░░░░░  63%  Streaming frame 1207/1757
  ███████████████░░░░░░░░░░  63%  Streaming frame 1208/1757
  ███████████████░░░░░░░░░░  63%  Streaming frame 1209/1757
  ███████████████░░░░░░░░░░  63%  Streaming frame 1210/1757
  ███████████████░░░░░░░░░░  63%  Streaming frame 1211/1757
  ███████████████░░░░░░░░░░  63%  Streaming frame 1212/1757
  ███████████████░░░░░░░░░░  63%  Streaming frame 1213/1757
  ███████████████░░░░░░░░░░  63%  Streaming frame 1214/1757
  ███████████████░░░░░░░░░░  63%  Streaming frame 1215/1757
  ███████████████░░░░░░░░░░  63%  Streaming frame 1216/1757
  ███████████████░░░░░░░░░░  63%  Streaming frame 1217/1757
  ███████████████░░░░░░░░░░  63%  Streaming frame 1218/1757
  ███████████████░░░░░░░░░░  63%  Streaming frame 1219/1757
  ███████████████░░░░░░░░░░  63%  Streaming frame 1220/1757
  ███████████████░░░░░░░░░░  63%  Streaming frame 1221/1757
  ███████████████░░░░░░░░░░  63%  Streaming frame 1222/1757
  ███████████████░░░░░░░░░░  63%  Streaming frame 1223/1757
  ███████████████░░░░░░░░░░  63%  Streaming frame 1224/1757
  ███████████████░░░░░░░░░░  63%  Streaming frame 1225/1757
  ███████████████░░░░░░░░░░  63%  Streaming frame 1226/1757
  ███████████████░░░░░░░░░░  63%  Streaming frame 1227/1757
  ███████████████░░░░░░░░░░  63%  Streaming frame 1228/1757
  ███████████████░░░░░░░░░░  63%  Streaming frame 1229/1757
  ████████████████░░░░░░░░░  64%  Streaming frame 1230/1757
  ████████████████░░░░░░░░░  64%  Streaming frame 1231/1757
  ████████████████░░░░░░░░░  64%  Streaming frame 1232/1757
  ████████████████░░░░░░░░░  64%  Streaming frame 1233/1757
  ████████████████░░░░░░░░░  64%  Streaming frame 1234/1757
  ████████████████░░░░░░░░░  64%  Streaming frame 1235/1757
  ████████████████░░░░░░░░░  64%  Streaming frame 1236/1757
  ████████████████░░░░░░░░░  64%  Streaming frame 1237/1757
  ████████████████░░░░░░░░░  64%  Streaming frame 1238/1757
  ████████████████░░░░░░░░░  64%  Streaming frame 1239/1757
  ████████████████░░░░░░░░░  64%  Streaming frame 1240/1757
  ████████████████░░░░░░░░░  64%  Streaming frame 1241/1757
  ████████████████░░░░░░░░░  64%  Streaming frame 1242/1757
  ████████████████░░░░░░░░░  64%  Streaming frame 1243/1757
  ████████████████░░░░░░░░░  64%  Streaming frame 1244/1757
  ████████████████░░░░░░░░░  64%  Streaming frame 1245/1757
  ████████████████░░░░░░░░░  64%  Streaming frame 1246/1757
  ████████████████░░░░░░░░░  64%  Streaming frame 1247/1757
  ████████████████░░░░░░░░░  64%  Streaming frame 1248/1757
  ████████████████░░░░░░░░░  64%  Streaming frame 1249/1757
  ████████████████░░░░░░░░░  64%  Streaming frame 1250/1757
  ████████████████░░░░░░░░░  64%  Streaming frame 1251/1757
  ████████████████░░░░░░░░░  64%  Streaming frame 1252/1757
  ████████████████░░░░░░░░░  64%  Streaming frame 1253/1757
  ████████████████░░░░░░░░░  64%  Streaming frame 1254/1757
  ████████████████░░░░░░░░░  64%  Streaming frame 1255/1757
  ████████████████░░░░░░░░░  64%  Streaming frame 1256/1757
  ████████████████░░░░░░░░░  64%  Streaming frame 1257/1757
  ████████████████░░░░░░░░░  64%  Streaming frame 1258/1757
  ████████████████░░░░░░░░░  64%  Streaming frame 1259/1757
  ████████████████░░░░░░░░░  64%  Streaming frame 1260/1757
  ████████████████░░░░░░░░░  64%  Streaming frame 1261/1757
  ████████████████░░░░░░░░░  65%  Streaming frame 1262/1757
  ████████████████░░░░░░░░░  65%  Streaming frame 1263/1757
  ████████████████░░░░░░░░░  65%  Streaming frame 1264/1757
  ████████████████░░░░░░░░░  65%  Streaming frame 1265/1757
  ████████████████░░░░░░░░░  65%  Streaming frame 1266/1757
  ████████████████░░░░░░░░░  65%  Streaming frame 1267/1757
  ████████████████░░░░░░░░░  65%  Streaming frame 1268/1757
  ████████████████░░░░░░░░░  65%  Streaming frame 1269/1757
  ████████████████░░░░░░░░░  65%  Streaming frame 1270/1757
  ████████████████░░░░░░░░░  65%  Streaming frame 1271/1757
  ████████████████░░░░░░░░░  65%  Streaming frame 1272/1757
  ████████████████░░░░░░░░░  65%  Streaming frame 1273/1757
  ████████████████░░░░░░░░░  65%  Streaming frame 1274/1757
  ████████████████░░░░░░░░░  65%  Streaming frame 1275/1757
  ████████████████░░░░░░░░░  65%  Streaming frame 1276/1757
  ████████████████░░░░░░░░░  65%  Streaming frame 1277/1757
  ████████████████░░░░░░░░░  65%  Streaming frame 1278/1757
  ████████████████░░░░░░░░░  65%  Streaming frame 1279/1757
  ████████████████░░░░░░░░░  65%  Streaming frame 1280/1757
  ████████████████░░░░░░░░░  65%  Streaming frame 1281/1757
  ████████████████░░░░░░░░░  65%  Streaming frame 1282/1757
  ████████████████░░░░░░░░░  65%  Streaming frame 1283/1757
  ████████████████░░░░░░░░░  65%  Streaming frame 1284/1757
  ████████████████░░░░░░░░░  65%  Streaming frame 1285/1757
  ████████████████░░░░░░░░░  65%  Streaming frame 1286/1757
  ████████████████░░░░░░░░░  65%  Streaming frame 1287/1757
  ████████████████░░░░░░░░░  65%  Streaming frame 1288/1757
  ████████████████░░░░░░░░░  65%  Streaming frame 1289/1757
  ████████████████░░░░░░░░░  65%  Streaming frame 1290/1757
  ████████████████░░░░░░░░░  65%  Streaming frame 1291/1757
  ████████████████░░░░░░░░░  65%  Streaming frame 1292/1757
  ████████████████░░░░░░░░░  65%  Streaming frame 1293/1757
  ████████████████░░░░░░░░░  66%  Streaming frame 1294/1757
  ████████████████░░░░░░░░░  66%  Streaming frame 1295/1757
  ████████████████░░░░░░░░░  66%  Streaming frame 1296/1757
  ████████████████░░░░░░░░░  66%  Streaming frame 1297/1757
  ████████████████░░░░░░░░░  66%  Streaming frame 1298/1757
  ████████████████░░░░░░░░░  66%  Streaming frame 1299/1757
  ████████████████░░░░░░░░░  66%  Streaming frame 1300/1757
  ████████████████░░░░░░░░░  66%  Streaming frame 1301/1757
  ████████████████░░░░░░░░░  66%  Streaming frame 1302/1757
  ████████████████░░░░░░░░░  66%  Streaming frame 1303/1757
  ████████████████░░░░░░░░░  66%  Streaming frame 1304/1757
  ████████████████░░░░░░░░░  66%  Streaming frame 1305/1757
  ████████████████░░░░░░░░░  66%  Streaming frame 1306/1757
  ████████████████░░░░░░░░░  66%  Streaming frame 1307/1757
  ████████████████░░░░░░░░░  66%  Streaming frame 1308/1757
  ████████████████░░░░░░░░░  66%  Streaming frame 1309/1757
  ████████████████░░░░░░░░░  66%  Streaming frame 1310/1757
  ████████████████░░░░░░░░░  66%  Streaming frame 1311/1757
  ████████████████░░░░░░░░░  66%  Streaming frame 1312/1757
  ████████████████░░░░░░░░░  66%  Streaming frame 1313/1757
  ████████████████░░░░░░░░░  66%  Streaming frame 1314/1757
  ████████████████░░░░░░░░░  66%  Streaming frame 1315/1757
  ████████████████░░░░░░░░░  66%  Streaming frame 1316/1757
  ████████████████░░░░░░░░░  66%  Streaming frame 1317/1757
[INFO] [Render] drawElement self-verify passed {"renderJobId":"3439af43-733b-4a0d-82e9-f47ed0c65929","frame":1317,"psnrDb":75.8}
  ████████████████░░░░░░░░░  66%  Streaming frame 1318/1757
  ████████████████░░░░░░░░░  66%  Streaming frame 1319/1757
  ████████████████░░░░░░░░░  66%  Streaming frame 1320/1757
  ████████████████░░░░░░░░░  66%  Streaming frame 1321/1757
  ████████████████░░░░░░░░░  66%  Streaming frame 1322/1757
  ████████████████░░░░░░░░░  66%  Streaming frame 1323/1757
  ████████████████░░░░░░░░░  66%  Streaming frame 1324/1757
  ████████████████░░░░░░░░░  66%  Streaming frame 1325/1757
  ████████████████░░░░░░░░░  67%  Streaming frame 1326/1757
  ████████████████░░░░░░░░░  67%  Streaming frame 1327/1757
  ████████████████░░░░░░░░░  67%  Streaming frame 1328/1757
  ████████████████░░░░░░░░░  67%  Streaming frame 1329/1757
  ████████████████░░░░░░░░░  67%  Streaming frame 1330/1757
  ████████████████░░░░░░░░░  67%  Streaming frame 1331/1757
  ████████████████░░░░░░░░░  67%  Streaming frame 1332/1757
  ████████████████░░░░░░░░░  67%  Streaming frame 1333/1757
  ████████████████░░░░░░░░░  67%  Streaming frame 1334/1757
  ████████████████░░░░░░░░░  67%  Streaming frame 1335/1757
  ████████████████░░░░░░░░░  67%  Streaming frame 1336/1757
  ████████████████░░░░░░░░░  67%  Streaming frame 1337/1757
  ████████████████░░░░░░░░░  67%  Streaming frame 1338/1757
  ████████████████░░░░░░░░░  67%  Streaming frame 1339/1757
  ████████████████░░░░░░░░░  67%  Streaming frame 1340/1757
  ████████████████░░░░░░░░░  67%  Streaming frame 1341/1757
  ████████████████░░░░░░░░░  67%  Streaming frame 1342/1757
  ████████████████░░░░░░░░░  67%  Streaming frame 1343/1757
  ████████████████░░░░░░░░░  67%  Streaming frame 1344/1757
  ████████████████░░░░░░░░░  67%  Streaming frame 1345/1757
  ████████████████░░░░░░░░░  67%  Streaming frame 1346/1757
  ████████████████░░░░░░░░░  67%  Streaming frame 1347/1757
  ████████████████░░░░░░░░░  67%  Streaming frame 1348/1757
  ████████████████░░░░░░░░░  67%  Streaming frame 1349/1757
  ████████████████░░░░░░░░░  67%  Streaming frame 1350/1757
  ████████████████░░░░░░░░░  67%  Streaming frame 1351/1757
  ████████████████░░░░░░░░░  67%  Streaming frame 1352/1757
  ████████████████░░░░░░░░░  67%  Streaming frame 1353/1757
  ████████████████░░░░░░░░░  67%  Streaming frame 1354/1757
  ████████████████░░░░░░░░░  67%  Streaming frame 1355/1757
  ████████████████░░░░░░░░░  67%  Streaming frame 1356/1757
  ████████████████░░░░░░░░░  67%  Streaming frame 1357/1757
  █████████████████░░░░░░░░  68%  Streaming frame 1358/1757
  █████████████████░░░░░░░░  68%  Streaming frame 1359/1757
  █████████████████░░░░░░░░  68%  Streaming frame 1360/1757
  █████████████████░░░░░░░░  68%  Streaming frame 1361/1757
  █████████████████░░░░░░░░  68%  Streaming frame 1362/1757
  █████████████████░░░░░░░░  68%  Streaming frame 1363/1757
  █████████████████░░░░░░░░  68%  Streaming frame 1364/1757
  █████████████████░░░░░░░░  68%  Streaming frame 1365/1757
  █████████████████░░░░░░░░  68%  Streaming frame 1366/1757
  █████████████████░░░░░░░░  68%  Streaming frame 1367/1757
  █████████████████░░░░░░░░  68%  Streaming frame 1368/1757
  █████████████████░░░░░░░░  68%  Streaming frame 1369/1757
  █████████████████░░░░░░░░  68%  Streaming frame 1370/1757
  █████████████████░░░░░░░░  68%  Streaming frame 1371/1757
  █████████████████░░░░░░░░  68%  Streaming frame 1372/1757
  █████████████████░░░░░░░░  68%  Streaming frame 1373/1757
  █████████████████░░░░░░░░  68%  Streaming frame 1374/1757
  █████████████████░░░░░░░░  68%  Streaming frame 1375/1757
  █████████████████░░░░░░░░  68%  Streaming frame 1376/1757
  █████████████████░░░░░░░░  68%  Streaming frame 1377/1757
  █████████████████░░░░░░░░  68%  Streaming frame 1378/1757
  █████████████████░░░░░░░░  68%  Streaming frame 1379/1757
  █████████████████░░░░░░░░  68%  Streaming frame 1380/1757
  █████████████████░░░░░░░░  68%  Streaming frame 1381/1757
  █████████████████░░░░░░░░  68%  Streaming frame 1382/1757
  █████████████████░░░░░░░░  68%  Streaming frame 1383/1757
  █████████████████░░░░░░░░  68%  Streaming frame 1384/1757
  █████████████████░░░░░░░░  68%  Streaming frame 1385/1757
  █████████████████░░░░░░░░  68%  Streaming frame 1386/1757
  █████████████████░░░░░░░░  68%  Streaming frame 1387/1757
  █████████████████░░░░░░░░  68%  Streaming frame 1388/1757
  █████████████████░░░░░░░░  68%  Streaming frame 1389/1757
  █████████████████░░░░░░░░  69%  Streaming frame 1390/1757
  █████████████████░░░░░░░░  69%  Streaming frame 1391/1757
  █████████████████░░░░░░░░  69%  Streaming frame 1392/1757
  █████████████████░░░░░░░░  69%  Streaming frame 1393/1757
  █████████████████░░░░░░░░  69%  Streaming frame 1394/1757
  █████████████████░░░░░░░░  69%  Streaming frame 1395/1757
  █████████████████░░░░░░░░  69%  Streaming frame 1396/1757
  █████████████████░░░░░░░░  69%  Streaming frame 1397/1757
  █████████████████░░░░░░░░  69%  Streaming frame 1398/1757
  █████████████████░░░░░░░░  69%  Streaming frame 1399/1757
  █████████████████░░░░░░░░  69%  Streaming frame 1400/1757
  █████████████████░░░░░░░░  69%  Streaming frame 1401/1757
  █████████████████░░░░░░░░  69%  Streaming frame 1402/1757
  █████████████████░░░░░░░░  69%  Streaming frame 1403/1757
  █████████████████░░░░░░░░  69%  Streaming frame 1404/1757
  █████████████████░░░░░░░░  69%  Streaming frame 1405/1757
  █████████████████░░░░░░░░  69%  Streaming frame 1406/1757
  █████████████████░░░░░░░░  69%  Streaming frame 1407/1757
  █████████████████░░░░░░░░  69%  Streaming frame 1408/1757
  █████████████████░░░░░░░░  69%  Streaming frame 1409/1757
  █████████████████░░░░░░░░  69%  Streaming frame 1410/1757
  █████████████████░░░░░░░░  69%  Streaming frame 1411/1757
  █████████████████░░░░░░░░  69%  Streaming frame 1412/1757
  █████████████████░░░░░░░░  69%  Streaming frame 1413/1757
  █████████████████░░░░░░░░  69%  Streaming frame 1414/1757
  █████████████████░░░░░░░░  69%  Streaming frame 1415/1757
  █████████████████░░░░░░░░  69%  Streaming frame 1416/1757
  █████████████████░░░░░░░░  69%  Streaming frame 1417/1757
  █████████████████░░░░░░░░  69%  Streaming frame 1418/1757
  █████████████████░░░░░░░░  69%  Streaming frame 1419/1757
  █████████████████░░░░░░░░  69%  Streaming frame 1420/1757
  █████████████████░░░░░░░░  69%  Streaming frame 1421/1757
  █████████████████░░░░░░░░  70%  Streaming frame 1422/1757
  █████████████████░░░░░░░░  70%  Streaming frame 1423/1757
  █████████████████░░░░░░░░  70%  Streaming frame 1424/1757
  █████████████████░░░░░░░░  70%  Streaming frame 1425/1757
  █████████████████░░░░░░░░  70%  Streaming frame 1426/1757
  █████████████████░░░░░░░░  70%  Streaming frame 1427/1757
  █████████████████░░░░░░░░  70%  Streaming frame 1428/1757
  █████████████████░░░░░░░░  70%  Streaming frame 1429/1757
  █████████████████░░░░░░░░  70%  Streaming frame 1430/1757
  █████████████████░░░░░░░░  70%  Streaming frame 1431/1757
  █████████████████░░░░░░░░  70%  Streaming frame 1432/1757
  █████████████████░░░░░░░░  70%  Streaming frame 1433/1757
  █████████████████░░░░░░░░  70%  Streaming frame 1434/1757
  █████████████████░░░░░░░░  70%  Streaming frame 1435/1757
  █████████████████░░░░░░░░  70%  Streaming frame 1436/1757
  █████████████████░░░░░░░░  70%  Streaming frame 1437/1757
  █████████████████░░░░░░░░  70%  Streaming frame 1438/1757
  █████████████████░░░░░░░░  70%  Streaming frame 1439/1757
  █████████████████░░░░░░░░  70%  Streaming frame 1440/1757
  █████████████████░░░░░░░░  70%  Streaming frame 1441/1757
  █████████████████░░░░░░░░  70%  Streaming frame 1442/1757
  █████████████████░░░░░░░░  70%  Streaming frame 1443/1757
  █████████████████░░░░░░░░  70%  Streaming frame 1444/1757
  █████████████████░░░░░░░░  70%  Streaming frame 1445/1757
  █████████████████░░░░░░░░  70%  Streaming frame 1446/1757
  █████████████████░░░░░░░░  70%  Streaming frame 1447/1757
  █████████████████░░░░░░░░  70%  Streaming frame 1448/1757
  █████████████████░░░░░░░░  70%  Streaming frame 1449/1757
  █████████████████░░░░░░░░  70%  Streaming frame 1450/1757
  █████████████████░░░░░░░░  70%  Streaming frame 1451/1757
  █████████████████░░░░░░░░  70%  Streaming frame 1452/1757
  █████████████████░░░░░░░░  70%  Streaming frame 1453/1757
  █████████████████░░░░░░░░  71%  Streaming frame 1454/1757
  █████████████████░░░░░░░░  71%  Streaming frame 1455/1757
  █████████████████░░░░░░░░  71%  Streaming frame 1456/1757
  █████████████████░░░░░░░░  71%  Streaming frame 1457/1757
  █████████████████░░░░░░░░  71%  Streaming frame 1458/1757
  █████████████████░░░░░░░░  71%  Streaming frame 1459/1757
  █████████████████░░░░░░░░  71%  Streaming frame 1460/1757
  █████████████████░░░░░░░░  71%  Streaming frame 1461/1757
  █████████████████░░░░░░░░  71%  Streaming frame 1462/1757
  █████████████████░░░░░░░░  71%  Streaming frame 1463/1757
  █████████████████░░░░░░░░  71%  Streaming frame 1464/1757
  █████████████████░░░░░░░░  71%  Streaming frame 1465/1757
  █████████████████░░░░░░░░  71%  Streaming frame 1466/1757
  █████████████████░░░░░░░░  71%  Streaming frame 1467/1757
  █████████████████░░░░░░░░  71%  Streaming frame 1468/1757
  █████████████████░░░░░░░░  71%  Streaming frame 1469/1757
  █████████████████░░░░░░░░  71%  Streaming frame 1470/1757
  █████████████████░░░░░░░░  71%  Streaming frame 1471/1757
  █████████████████░░░░░░░░  71%  Streaming frame 1472/1757
  █████████████████░░░░░░░░  71%  Streaming frame 1473/1757
  █████████████████░░░░░░░░  71%  Streaming frame 1474/1757
  █████████████████░░░░░░░░  71%  Streaming frame 1475/1757
  █████████████████░░░░░░░░  71%  Streaming frame 1476/1757
  █████████████████░░░░░░░░  71%  Streaming frame 1477/1757
  █████████████████░░░░░░░░  71%  Streaming frame 1478/1757
  █████████████████░░░░░░░░  71%  Streaming frame 1479/1757
  █████████████████░░░░░░░░  71%  Streaming frame 1480/1757
  █████████████████░░░░░░░░  71%  Streaming frame 1481/1757
  █████████████████░░░░░░░░  71%  Streaming frame 1482/1757
  █████████████████░░░░░░░░  71%  Streaming frame 1483/1757
  █████████████████░░░░░░░░  71%  Streaming frame 1484/1757
  █████████████████░░░░░░░░  71%  Streaming frame 1485/1757
  ██████████████████░░░░░░░  72%  Streaming frame 1486/1757
  ██████████████████░░░░░░░  72%  Streaming frame 1487/1757
  ██████████████████░░░░░░░  72%  Streaming frame 1488/1757
  ██████████████████░░░░░░░  72%  Streaming frame 1489/1757
  ██████████████████░░░░░░░  72%  Streaming frame 1490/1757
  ██████████████████░░░░░░░  72%  Streaming frame 1491/1757
  ██████████████████░░░░░░░  72%  Streaming frame 1492/1757
  ██████████████████░░░░░░░  72%  Streaming frame 1493/1757
  ██████████████████░░░░░░░  72%  Streaming frame 1494/1757
  ██████████████████░░░░░░░  72%  Streaming frame 1495/1757
  ██████████████████░░░░░░░  72%  Streaming frame 1496/1757
  ██████████████████░░░░░░░  72%  Streaming frame 1497/1757
  ██████████████████░░░░░░░  72%  Streaming frame 1498/1757
  ██████████████████░░░░░░░  72%  Streaming frame 1499/1757
  ██████████████████░░░░░░░  72%  Streaming frame 1500/1757
  ██████████████████░░░░░░░  72%  Streaming frame 1501/1757
  ██████████████████░░░░░░░  72%  Streaming frame 1502/1757
  ██████████████████░░░░░░░  72%  Streaming frame 1503/1757
  ██████████████████░░░░░░░  72%  Streaming frame 1504/1757
  ██████████████████░░░░░░░  72%  Streaming frame 1505/1757
  ██████████████████░░░░░░░  72%  Streaming frame 1506/1757
  ██████████████████░░░░░░░  72%  Streaming frame 1507/1757
  ██████████████████░░░░░░░  72%  Streaming frame 1508/1757
  ██████████████████░░░░░░░  72%  Streaming frame 1509/1757
  ██████████████████░░░░░░░  72%  Streaming frame 1510/1757
  ██████████████████░░░░░░░  72%  Streaming frame 1511/1757
  ██████████████████░░░░░░░  72%  Streaming frame 1512/1757
  ██████████████████░░░░░░░  72%  Streaming frame 1513/1757
  ██████████████████░░░░░░░  72%  Streaming frame 1514/1757
  ██████████████████░░░░░░░  72%  Streaming frame 1515/1757
  ██████████████████░░░░░░░  72%  Streaming frame 1516/1757
  ██████████████████░░░░░░░  72%  Streaming frame 1517/1757
  ██████████████████░░░░░░░  73%  Streaming frame 1518/1757
  ██████████████████░░░░░░░  73%  Streaming frame 1519/1757
  ██████████████████░░░░░░░  73%  Streaming frame 1520/1757
  ██████████████████░░░░░░░  73%  Streaming frame 1521/1757
  ██████████████████░░░░░░░  73%  Streaming frame 1522/1757
  ██████████████████░░░░░░░  73%  Streaming frame 1523/1757
  ██████████████████░░░░░░░  73%  Streaming frame 1524/1757
  ██████████████████░░░░░░░  73%  Streaming frame 1525/1757
  ██████████████████░░░░░░░  73%  Streaming frame 1526/1757
  ██████████████████░░░░░░░  73%  Streaming frame 1527/1757
  ██████████████████░░░░░░░  73%  Streaming frame 1528/1757
  ██████████████████░░░░░░░  73%  Streaming frame 1529/1757
  ██████████████████░░░░░░░  73%  Streaming frame 1530/1757
  ██████████████████░░░░░░░  73%  Streaming frame 1531/1757
  ██████████████████░░░░░░░  73%  Streaming frame 1532/1757
  ██████████████████░░░░░░░  73%  Streaming frame 1533/1757
  ██████████████████░░░░░░░  73%  Streaming frame 1534/1757
  ██████████████████░░░░░░░  73%  Streaming frame 1535/1757
  ██████████████████░░░░░░░  73%  Streaming frame 1536/1757
  ██████████████████░░░░░░░  73%  Streaming frame 1537/1757
  ██████████████████░░░░░░░  73%  Streaming frame 1538/1757
  ██████████████████░░░░░░░  73%  Streaming frame 1539/1757
  ██████████████████░░░░░░░  73%  Streaming frame 1540/1757
  ██████████████████░░░░░░░  73%  Streaming frame 1541/1757
  ██████████████████░░░░░░░  73%  Streaming frame 1542/1757
  ██████████████████░░░░░░░  73%  Streaming frame 1543/1757
  ██████████████████░░░░░░░  73%  Streaming frame 1544/1757
  ██████████████████░░░░░░░  73%  Streaming frame 1545/1757
  ██████████████████░░░░░░░  73%  Streaming frame 1546/1757
  ██████████████████░░░░░░░  73%  Streaming frame 1547/1757
  ██████████████████░░░░░░░  73%  Streaming frame 1548/1757
  ██████████████████░░░░░░░  73%  Streaming frame 1549/1757
  ██████████████████░░░░░░░  74%  Streaming frame 1550/1757
  ██████████████████░░░░░░░  74%  Streaming frame 1551/1757
  ██████████████████░░░░░░░  74%  Streaming frame 1552/1757
  ██████████████████░░░░░░░  74%  Streaming frame 1553/1757
  ██████████████████░░░░░░░  74%  Streaming frame 1554/1757
  ██████████████████░░░░░░░  74%  Streaming frame 1555/1757
  ██████████████████░░░░░░░  74%  Streaming frame 1556/1757
  ██████████████████░░░░░░░  74%  Streaming frame 1557/1757
  ██████████████████░░░░░░░  74%  Streaming frame 1558/1757
  ██████████████████░░░░░░░  74%  Streaming frame 1559/1757
  ██████████████████░░░░░░░  74%  Streaming frame 1560/1757
  ██████████████████░░░░░░░  74%  Streaming frame 1561/1757
  ██████████████████░░░░░░░  74%  Streaming frame 1562/1757
  ██████████████████░░░░░░░  74%  Streaming frame 1563/1757
  ██████████████████░░░░░░░  74%  Streaming frame 1564/1757
  ██████████████████░░░░░░░  74%  Streaming frame 1565/1757
  ██████████████████░░░░░░░  74%  Streaming frame 1566/1757
  ██████████████████░░░░░░░  74%  Streaming frame 1567/1757
  ██████████████████░░░░░░░  74%  Streaming frame 1568/1757
  ██████████████████░░░░░░░  74%  Streaming frame 1569/1757
  ██████████████████░░░░░░░  74%  Streaming frame 1570/1757
  ██████████████████░░░░░░░  74%  Streaming frame 1571/1757
  ██████████████████░░░░░░░  74%  Streaming frame 1572/1757
  ██████████████████░░░░░░░  74%  Streaming frame 1573/1757
  ██████████████████░░░░░░░  74%  Streaming frame 1574/1757
  ██████████████████░░░░░░░  74%  Streaming frame 1575/1757
  ██████████████████░░░░░░░  74%  Streaming frame 1576/1757
  ██████████████████░░░░░░░  74%  Streaming frame 1577/1757
  ██████████████████░░░░░░░  74%  Streaming frame 1578/1757
  ██████████████████░░░░░░░  74%  Streaming frame 1579/1757
  ██████████████████░░░░░░░  74%  Streaming frame 1580/1757
  ██████████████████░░░░░░░  74%  Streaming frame 1581/1757
  ██████████████████░░░░░░░  75%  Streaming frame 1582/1757
  ██████████████████░░░░░░░  75%  Streaming frame 1583/1757
  ██████████████████░░░░░░░  75%  Streaming frame 1584/1757
  ██████████████████░░░░░░░  75%  Streaming frame 1585/1757
  ██████████████████░░░░░░░  75%  Streaming frame 1586/1757
  ██████████████████░░░░░░░  75%  Streaming frame 1587/1757
  ██████████████████░░░░░░░  75%  Streaming frame 1588/1757
  ██████████████████░░░░░░░  75%  Streaming frame 1589/1757
  ██████████████████░░░░░░░  75%  Streaming frame 1590/1757
  ██████████████████░░░░░░░  75%  Streaming frame 1591/1757
  ██████████████████░░░░░░░  75%  Streaming frame 1592/1757
  ██████████████████░░░░░░░  75%  Streaming frame 1593/1757
  ██████████████████░░░░░░░  75%  Streaming frame 1594/1757
  ██████████████████░░░░░░░  75%  Streaming frame 1595/1757
  ██████████████████░░░░░░░  75%  Streaming frame 1596/1757
  ██████████████████░░░░░░░  75%  Streaming frame 1597/1757
  ██████████████████░░░░░░░  75%  Streaming frame 1598/1757
  ██████████████████░░░░░░░  75%  Streaming frame 1599/1757
  ██████████████████░░░░░░░  75%  Streaming frame 1600/1757
  ██████████████████░░░░░░░  75%  Streaming frame 1601/1757
  ██████████████████░░░░░░░  75%  Streaming frame 1602/1757
  ██████████████████░░░░░░░  75%  Streaming frame 1603/1757
  ██████████████████░░░░░░░  75%  Streaming frame 1604/1757
  ██████████████████░░░░░░░  75%  Streaming frame 1605/1757
  ██████████████████░░░░░░░  75%  Streaming frame 1606/1757
  ██████████████████░░░░░░░  75%  Streaming frame 1607/1757
  ██████████████████░░░░░░░  75%  Streaming frame 1608/1757
  ██████████████████░░░░░░░  75%  Streaming frame 1609/1757
  ██████████████████░░░░░░░  75%  Streaming frame 1610/1757
  ██████████████████░░░░░░░  75%  Streaming frame 1611/1757
  ██████████████████░░░░░░░  75%  Streaming frame 1612/1757
  ██████████████████░░░░░░░  75%  Streaming frame 1613/1757
  ███████████████████░░░░░░  76%  Streaming frame 1614/1757
  ███████████████████░░░░░░  76%  Streaming frame 1615/1757
  ███████████████████░░░░░░  76%  Streaming frame 1616/1757
  ███████████████████░░░░░░  76%  Streaming frame 1617/1757
  ███████████████████░░░░░░  76%  Streaming frame 1618/1757
  ███████████████████░░░░░░  76%  Streaming frame 1619/1757
  ███████████████████░░░░░░  76%  Streaming frame 1620/1757
  ███████████████████░░░░░░  76%  Streaming frame 1621/1757
  ███████████████████░░░░░░  76%  Streaming frame 1622/1757
  ███████████████████░░░░░░  76%  Streaming frame 1623/1757
  ███████████████████░░░░░░  76%  Streaming frame 1624/1757
  ███████████████████░░░░░░  76%  Streaming frame 1625/1757
  ███████████████████░░░░░░  76%  Streaming frame 1626/1757
  ███████████████████░░░░░░  76%  Streaming frame 1627/1757
  ███████████████████░░░░░░  76%  Streaming frame 1628/1757
  ███████████████████░░░░░░  76%  Streaming frame 1629/1757
  ███████████████████░░░░░░  76%  Streaming frame 1630/1757
  ███████████████████░░░░░░  76%  Streaming frame 1631/1757
  ███████████████████░░░░░░  76%  Streaming frame 1632/1757
  ███████████████████░░░░░░  76%  Streaming frame 1633/1757
  ███████████████████░░░░░░  76%  Streaming frame 1634/1757
  ███████████████████░░░░░░  76%  Streaming frame 1635/1757
  ███████████████████░░░░░░  76%  Streaming frame 1636/1757
  ███████████████████░░░░░░  76%  Streaming frame 1637/1757
  ███████████████████░░░░░░  76%  Streaming frame 1638/1757
  ███████████████████░░░░░░  76%  Streaming frame 1639/1757
  ███████████████████░░░░░░  76%  Streaming frame 1640/1757
  ███████████████████░░░░░░  76%  Streaming frame 1641/1757
  ███████████████████░░░░░░  76%  Streaming frame 1642/1757
  ███████████████████░░░░░░  76%  Streaming frame 1643/1757
  ███████████████████░░░░░░  76%  Streaming frame 1644/1757
  ███████████████████░░░░░░  76%  Streaming frame 1645/1757
  ███████████████████░░░░░░  77%  Streaming frame 1646/1757
  ███████████████████░░░░░░  77%  Streaming frame 1647/1757
  ███████████████████░░░░░░  77%  Streaming frame 1648/1757
  ███████████████████░░░░░░  77%  Streaming frame 1649/1757
  ███████████████████░░░░░░  77%  Streaming frame 1650/1757
  ███████████████████░░░░░░  77%  Streaming frame 1651/1757
  ███████████████████░░░░░░  77%  Streaming frame 1652/1757
  ███████████████████░░░░░░  77%  Streaming frame 1653/1757
  ███████████████████░░░░░░  77%  Streaming frame 1654/1757
  ███████████████████░░░░░░  77%  Streaming frame 1655/1757
  ███████████████████░░░░░░  77%  Streaming frame 1656/1757
  ███████████████████░░░░░░  77%  Streaming frame 1657/1757
  ███████████████████░░░░░░  77%  Streaming frame 1658/1757
  ███████████████████░░░░░░  77%  Streaming frame 1659/1757
  ███████████████████░░░░░░  77%  Streaming frame 1660/1757
  ███████████████████░░░░░░  77%  Streaming frame 1661/1757
  ███████████████████░░░░░░  77%  Streaming frame 1662/1757
  ███████████████████░░░░░░  77%  Streaming frame 1663/1757
  ███████████████████░░░░░░  77%  Streaming frame 1664/1757
  ███████████████████░░░░░░  77%  Streaming frame 1665/1757
  ███████████████████░░░░░░  77%  Streaming frame 1666/1757
  ███████████████████░░░░░░  77%  Streaming frame 1667/1757
  ███████████████████░░░░░░  77%  Streaming frame 1668/1757
[INFO] [Render] drawElement self-verify passed {"renderJobId":"3439af43-733b-4a0d-82e9-f47ed0c65929","frame":1668,"psnrDb":74.6}
  ███████████████████░░░░░░  77%  Streaming frame 1669/1757
  ███████████████████░░░░░░  77%  Streaming frame 1670/1757
  ███████████████████░░░░░░  77%  Streaming frame 1671/1757
  ███████████████████░░░░░░  77%  Streaming frame 1672/1757
  ███████████████████░░░░░░  77%  Streaming frame 1673/1757
  ███████████████████░░░░░░  77%  Streaming frame 1674/1757
  ███████████████████░░░░░░  77%  Streaming frame 1675/1757
  ███████████████████░░░░░░  77%  Streaming frame 1676/1757
  ███████████████████░░░░░░  77%  Streaming frame 1677/1757
  ███████████████████░░░░░░  78%  Streaming frame 1678/1757
  ███████████████████░░░░░░  78%  Streaming frame 1679/1757
  ███████████████████░░░░░░  78%  Streaming frame 1680/1757
  ███████████████████░░░░░░  78%  Streaming frame 1681/1757
  ███████████████████░░░░░░  78%  Streaming frame 1682/1757
  ███████████████████░░░░░░  78%  Streaming frame 1683/1757
  ███████████████████░░░░░░  78%  Streaming frame 1684/1757
  ███████████████████░░░░░░  78%  Streaming frame 1685/1757
  ███████████████████░░░░░░  78%  Streaming frame 1686/1757
  ███████████████████░░░░░░  78%  Streaming frame 1687/1757
  ███████████████████░░░░░░  78%  Streaming frame 1688/1757
  ███████████████████░░░░░░  78%  Streaming frame 1689/1757
  ███████████████████░░░░░░  78%  Streaming frame 1690/1757
  ███████████████████░░░░░░  78%  Streaming frame 1691/1757
  ███████████████████░░░░░░  78%  Streaming frame 1692/1757
  ███████████████████░░░░░░  78%  Streaming frame 1693/1757
  ███████████████████░░░░░░  78%  Streaming frame 1694/1757
  ███████████████████░░░░░░  78%  Streaming frame 1695/1757
  ███████████████████░░░░░░  78%  Streaming frame 1696/1757
  ███████████████████░░░░░░  78%  Streaming frame 1697/1757
  ███████████████████░░░░░░  78%  Streaming frame 1698/1757
  ███████████████████░░░░░░  78%  Streaming frame 1699/1757
  ███████████████████░░░░░░  78%  Streaming frame 1700/1757
  ███████████████████░░░░░░  78%  Streaming frame 1701/1757
  ███████████████████░░░░░░  78%  Streaming frame 1702/1757
  ███████████████████░░░░░░  78%  Streaming frame 1703/1757
  ███████████████████░░░░░░  78%  Streaming frame 1704/1757
  ███████████████████░░░░░░  78%  Streaming frame 1705/1757
  ███████████████████░░░░░░  78%  Streaming frame 1706/1757
  ███████████████████░░░░░░  78%  Streaming frame 1707/1757
  ███████████████████░░░░░░  78%  Streaming frame 1708/1757
  ███████████████████░░░░░░  78%  Streaming frame 1709/1757
  ███████████████████░░░░░░  79%  Streaming frame 1710/1757
  ███████████████████░░░░░░  79%  Streaming frame 1711/1757
  ███████████████████░░░░░░  79%  Streaming frame 1712/1757
  ███████████████████░░░░░░  79%  Streaming frame 1713/1757
  ███████████████████░░░░░░  79%  Streaming frame 1714/1757
  ███████████████████░░░░░░  79%  Streaming frame 1715/1757
  ███████████████████░░░░░░  79%  Streaming frame 1716/1757
  ███████████████████░░░░░░  79%  Streaming frame 1717/1757
  ███████████████████░░░░░░  79%  Streaming frame 1718/1757
  ███████████████████░░░░░░  79%  Streaming frame 1719/1757
  ███████████████████░░░░░░  79%  Streaming frame 1720/1757
  ███████████████████░░░░░░  79%  Streaming frame 1721/1757
  ███████████████████░░░░░░  79%  Streaming frame 1722/1757
  ███████████████████░░░░░░  79%  Streaming frame 1723/1757
  ███████████████████░░░░░░  79%  Streaming frame 1724/1757
  ███████████████████░░░░░░  79%  Streaming frame 1725/1757
  ███████████████████░░░░░░  79%  Streaming frame 1726/1757
  ███████████████████░░░░░░  79%  Streaming frame 1727/1757
  ███████████████████░░░░░░  79%  Streaming frame 1728/1757
  ███████████████████░░░░░░  79%  Streaming frame 1729/1757
  ███████████████████░░░░░░  79%  Streaming frame 1730/1757
  ███████████████████░░░░░░  79%  Streaming frame 1731/1757
  ███████████████████░░░░░░  79%  Streaming frame 1732/1757
  ███████████████████░░░░░░  79%  Streaming frame 1733/1757
  ███████████████████░░░░░░  79%  Streaming frame 1734/1757
  ███████████████████░░░░░░  79%  Streaming frame 1735/1757
  ███████████████████░░░░░░  79%  Streaming frame 1736/1757
  ███████████████████░░░░░░  79%  Streaming frame 1737/1757
  ███████████████████░░░░░░  79%  Streaming frame 1738/1757
  ███████████████████░░░░░░  79%  Streaming frame 1739/1757
  ███████████████████░░░░░░  79%  Streaming frame 1740/1757
  ███████████████████░░░░░░  79%  Streaming frame 1741/1757
  ████████████████████░░░░░  80%  Streaming frame 1742/1757
  ████████████████████░░░░░  80%  Streaming frame 1743/1757
  ████████████████████░░░░░  80%  Streaming frame 1744/1757
  ████████████████████░░░░░  80%  Streaming frame 1745/1757
  ████████████████████░░░░░  80%  Streaming frame 1746/1757
  ████████████████████░░░░░  80%  Streaming frame 1747/1757
  ████████████████████░░░░░  80%  Streaming frame 1748/1757
  ████████████████████░░░░░  80%  Streaming frame 1749/1757
  ████████████████████░░░░░  80%  Streaming frame 1750/1757
  ████████████████████░░░░░  80%  Streaming frame 1751/1757
  ████████████████████░░░░░  80%  Streaming frame 1752/1757
  ████████████████████░░░░░  80%  Streaming frame 1753/1757
  ████████████████████░░░░░  80%  Streaming frame 1754/1757
  ████████████████████░░░░░  80%  Streaming frame 1755/1757
  ████████████████████░░░░░  80%  Streaming frame 1756/1757
  ████████████████████░░░░░  80%  Streaming frame 1757/1757
[static-dedup] reused 1164/2921 frame(s) (40%), est. ~5820ms saved (avg 5ms/frame)
[INFO] [Render:trace] {"renderJobId":"3439af43-733b-4a0d-82e9-f47ed0c65929","phase":"capture_streaming","status":"end","elapsedMs":17876,"durationMs":16027,"stagePhase":"capturing","workerCount":1,"forceScreenshot":false,"totalFrames":1757,"framesCompleted":1757,"captureMode":"drawelement","captureOperation":"encode"}
[INFO] [Render:trace] {"renderJobId":"3439af43-733b-4a0d-82e9-f47ed0c65929","phase":"assemble","status":"start","elapsedMs":17877,"stagePhase":"capturing","hasAudio":true,"workerCount":1,"forceScreenshot":false,"totalFrames":1757,"framesCompleted":1757,"captureMode":"drawelement","captureOperation":"encode"}
  ██████████████████████░░░  90%  Assembling final video
[INFO] [Render:trace] {"renderJobId":"3439af43-733b-4a0d-82e9-f47ed0c65929","phase":"assemble","status":"end","elapsedMs":19392,"durationMs":1515,"stagePhase":"capturing","hasAudio":true,"workerCount":1,"forceScreenshot":false,"totalFrames":1757,"framesCompleted":1757,"captureMode":"drawelement","captureOperation":"encode"}
[INFO] [Render:trace] {"renderJobId":"3439af43-733b-4a0d-82e9-f47ed0c65929","phase":"pipeline","status":"checkpoint","elapsedMs":19415,"message":"artifact validated","totalElapsedMs":19414}
  █████████████████████████  100%  Render complete

◇  /Users/brownmanbrain/GitHub/operator-economy/blueprint-cinema/experiments/EP009-FULL-BUILD-001/scenes/seg057__seg058/qa/s17ab.mp4
   3.9 MB · 1m 13.2s video · rendered in 19.4s
