
◆  Rendering seg022__seg024 → /Users/brownmanbrain/GitHub/operator-economy/blueprint-cinema/experiments/EP009-FULL-BUILD-001/scenes/seg022__seg024/qa/seg022__seg024.mp4
   24fps · high · auto workers (10 cores detected)
   GPU: browser GPU (auto-detect)

[?25l│
◇  Browser: cache
[?25h  █░░░░░░░░░░░░░░░░░░░░░░░░  5%  Compiling composition
  ██░░░░░░░░░░░░░░░░░░░░░░░  10%  Extracting video frames
  █████░░░░░░░░░░░░░░░░░░░░  20%  Processing audio tracks
  ██████░░░░░░░░░░░░░░░░░░░  25%  Starting frame capture
[BrowserManager] Browser launched (HeadlessChrome/152.0.7977.30, screenshot, gl=--use-gl=angle --use-angle=metal, headlessShell=true, platform=darwin)
[initSession:screenshot] page.goto start (0ms)
[HyperFrames] render runtime fps [object Object]
[initSession:screenshot] page.goto complete (95ms)
[initSession:screenshot] GSAP proxy flush complete (123ms)
[initSession:screenshot] pollHfReady complete (124ms)
[initSession:screenshot] pollSubCompositionTimelines complete (ready) (125ms)
[initSession:screenshot] applyVideoMetadataHints complete (125ms)
[initSession:screenshot] media + fonts + tailwind ready (126ms)
[initSession:screenshot] timeline at-risk predictor: 0/1665 frames (0%) (151ms)
[initSession:screenshot] static-frame dedup: 1365/1365 predicted frame(s) reusable (outcome=verified, runs=24/24, screenshots=93, seeks=94, elapsedMs=3765) (4096ms)
[initSession:screenshot] drawElement self-verify armed: 4 ground-truth frame(s) @ [416, 833, 1249, 1582] of 1665 (4477ms)
[initSession:drawelement] drawElement canvas injected (4478ms)
[initSession:drawelement] screenshot fallback: 5 clip-boundary frame(s) (4478ms)
[initSession:drawelement] drawElement worker encode initialized (4480ms)
  ██████░░░░░░░░░░░░░░░░░░░  25%  Streaming frame 1/1665
  ██████░░░░░░░░░░░░░░░░░░░  25%  Streaming frame 2/1665
  ██████░░░░░░░░░░░░░░░░░░░  25%  Streaming frame 3/1665
  ██████░░░░░░░░░░░░░░░░░░░  25%  Streaming frame 4/1665
  ██████░░░░░░░░░░░░░░░░░░░  25%  Streaming frame 5/1665
  ██████░░░░░░░░░░░░░░░░░░░  25%  Streaming frame 6/1665
  ██████░░░░░░░░░░░░░░░░░░░  25%  Streaming frame 7/1665
  ██████░░░░░░░░░░░░░░░░░░░  25%  Streaming frame 8/1665
  ██████░░░░░░░░░░░░░░░░░░░  25%  Streaming frame 9/1665
  ██████░░░░░░░░░░░░░░░░░░░  25%  Streaming frame 10/1665
  ██████░░░░░░░░░░░░░░░░░░░  25%  Streaming frame 11/1665
  ██████░░░░░░░░░░░░░░░░░░░  25%  Streaming frame 12/1665
  ██████░░░░░░░░░░░░░░░░░░░  25%  Streaming frame 13/1665
  ██████░░░░░░░░░░░░░░░░░░░  25%  Streaming frame 14/1665
  ██████░░░░░░░░░░░░░░░░░░░  25%  Streaming frame 15/1665
  ██████░░░░░░░░░░░░░░░░░░░  26%  Streaming frame 16/1665
  ██████░░░░░░░░░░░░░░░░░░░  26%  Streaming frame 17/1665
  ██████░░░░░░░░░░░░░░░░░░░  26%  Streaming frame 18/1665
  ██████░░░░░░░░░░░░░░░░░░░  26%  Streaming frame 19/1665
  ██████░░░░░░░░░░░░░░░░░░░  26%  Streaming frame 20/1665
  ██████░░░░░░░░░░░░░░░░░░░  26%  Streaming frame 21/1665
  ██████░░░░░░░░░░░░░░░░░░░  26%  Streaming frame 22/1665
  ██████░░░░░░░░░░░░░░░░░░░  26%  Streaming frame 23/1665
  ██████░░░░░░░░░░░░░░░░░░░  26%  Streaming frame 24/1665
  ██████░░░░░░░░░░░░░░░░░░░  26%  Streaming frame 25/1665
  ██████░░░░░░░░░░░░░░░░░░░  26%  Streaming frame 26/1665
  ██████░░░░░░░░░░░░░░░░░░░  26%  Streaming frame 27/1665
  ██████░░░░░░░░░░░░░░░░░░░  26%  Streaming frame 28/1665
  ██████░░░░░░░░░░░░░░░░░░░  26%  Streaming frame 29/1665
  ██████░░░░░░░░░░░░░░░░░░░  26%  Streaming frame 30/1665
  ██████░░░░░░░░░░░░░░░░░░░  26%  Streaming frame 31/1665
  ██████░░░░░░░░░░░░░░░░░░░  26%  Streaming frame 32/1665
  ██████░░░░░░░░░░░░░░░░░░░  26%  Streaming frame 33/1665
  ██████░░░░░░░░░░░░░░░░░░░  26%  Streaming frame 34/1665
  ██████░░░░░░░░░░░░░░░░░░░  26%  Streaming frame 35/1665
  ██████░░░░░░░░░░░░░░░░░░░  26%  Streaming frame 36/1665
  ██████░░░░░░░░░░░░░░░░░░░  26%  Streaming frame 37/1665
  ██████░░░░░░░░░░░░░░░░░░░  26%  Streaming frame 38/1665
  ██████░░░░░░░░░░░░░░░░░░░  26%  Streaming frame 39/1665
  ██████░░░░░░░░░░░░░░░░░░░  26%  Streaming frame 40/1665
  ██████░░░░░░░░░░░░░░░░░░░  26%  Streaming frame 41/1665
  ██████░░░░░░░░░░░░░░░░░░░  26%  Streaming frame 42/1665
  ██████░░░░░░░░░░░░░░░░░░░  26%  Streaming frame 43/1665
  ██████░░░░░░░░░░░░░░░░░░░  26%  Streaming frame 44/1665
  ██████░░░░░░░░░░░░░░░░░░░  26%  Streaming frame 45/1665
  ██████░░░░░░░░░░░░░░░░░░░  27%  Streaming frame 46/1665
  ██████░░░░░░░░░░░░░░░░░░░  27%  Streaming frame 47/1665
  ██████░░░░░░░░░░░░░░░░░░░  27%  Streaming frame 48/1665
  ██████░░░░░░░░░░░░░░░░░░░  27%  Streaming frame 49/1665
  ██████░░░░░░░░░░░░░░░░░░░  27%  Streaming frame 50/1665
  ██████░░░░░░░░░░░░░░░░░░░  27%  Streaming frame 51/1665
  ██████░░░░░░░░░░░░░░░░░░░  27%  Streaming frame 52/1665
  ██████░░░░░░░░░░░░░░░░░░░  27%  Streaming frame 53/1665
  ██████░░░░░░░░░░░░░░░░░░░  27%  Streaming frame 54/1665
  ██████░░░░░░░░░░░░░░░░░░░  27%  Streaming frame 55/1665
  ██████░░░░░░░░░░░░░░░░░░░  27%  Streaming frame 56/1665
  ██████░░░░░░░░░░░░░░░░░░░  27%  Streaming frame 57/1665
  ██████░░░░░░░░░░░░░░░░░░░  27%  Streaming frame 58/1665
  ██████░░░░░░░░░░░░░░░░░░░  27%  Streaming frame 59/1665
  ██████░░░░░░░░░░░░░░░░░░░  27%  Streaming frame 60/1665
  ██████░░░░░░░░░░░░░░░░░░░  27%  Streaming frame 61/1665
  ██████░░░░░░░░░░░░░░░░░░░  27%  Streaming frame 62/1665
  ██████░░░░░░░░░░░░░░░░░░░  27%  Streaming frame 63/1665
  ██████░░░░░░░░░░░░░░░░░░░  27%  Streaming frame 64/1665
  ██████░░░░░░░░░░░░░░░░░░░  27%  Streaming frame 65/1665
  ██████░░░░░░░░░░░░░░░░░░░  27%  Streaming frame 66/1665
  ██████░░░░░░░░░░░░░░░░░░░  27%  Streaming frame 67/1665
  ██████░░░░░░░░░░░░░░░░░░░  27%  Streaming frame 68/1665
  ██████░░░░░░░░░░░░░░░░░░░  27%  Streaming frame 69/1665
  ██████░░░░░░░░░░░░░░░░░░░  27%  Streaming frame 70/1665
  ██████░░░░░░░░░░░░░░░░░░░  27%  Streaming frame 71/1665
  ██████░░░░░░░░░░░░░░░░░░░  27%  Streaming frame 72/1665
  ██████░░░░░░░░░░░░░░░░░░░  27%  Streaming frame 73/1665
  ██████░░░░░░░░░░░░░░░░░░░  27%  Streaming frame 74/1665
  ██████░░░░░░░░░░░░░░░░░░░  27%  Streaming frame 75/1665
  ███████░░░░░░░░░░░░░░░░░░  28%  Streaming frame 76/1665
  ███████░░░░░░░░░░░░░░░░░░  28%  Streaming frame 77/1665
  ███████░░░░░░░░░░░░░░░░░░  28%  Streaming frame 78/1665
  ███████░░░░░░░░░░░░░░░░░░  28%  Streaming frame 79/1665
  ███████░░░░░░░░░░░░░░░░░░  28%  Streaming frame 80/1665
  ███████░░░░░░░░░░░░░░░░░░  28%  Streaming frame 81/1665
  ███████░░░░░░░░░░░░░░░░░░  28%  Streaming frame 82/1665
  ███████░░░░░░░░░░░░░░░░░░  28%  Streaming frame 83/1665
  ███████░░░░░░░░░░░░░░░░░░  28%  Streaming frame 84/1665
  ███████░░░░░░░░░░░░░░░░░░  28%  Streaming frame 85/1665
  ███████░░░░░░░░░░░░░░░░░░  28%  Streaming frame 86/1665
  ███████░░░░░░░░░░░░░░░░░░  28%  Streaming frame 87/1665
  ███████░░░░░░░░░░░░░░░░░░  28%  Streaming frame 88/1665
  ███████░░░░░░░░░░░░░░░░░░  28%  Streaming frame 89/1665
  ███████░░░░░░░░░░░░░░░░░░  28%  Streaming frame 90/1665
  ███████░░░░░░░░░░░░░░░░░░  28%  Streaming frame 91/1665
  ███████░░░░░░░░░░░░░░░░░░  28%  Streaming frame 92/1665
  ███████░░░░░░░░░░░░░░░░░░  28%  Streaming frame 93/1665
  ███████░░░░░░░░░░░░░░░░░░  28%  Streaming frame 94/1665
  ███████░░░░░░░░░░░░░░░░░░  28%  Streaming frame 95/1665
  ███████░░░░░░░░░░░░░░░░░░  28%  Streaming frame 96/1665
  ███████░░░░░░░░░░░░░░░░░░  28%  Streaming frame 97/1665
  ███████░░░░░░░░░░░░░░░░░░  28%  Streaming frame 98/1665
  ███████░░░░░░░░░░░░░░░░░░  28%  Streaming frame 99/1665
  ███████░░░░░░░░░░░░░░░░░░  28%  Streaming frame 100/1665
  ███████░░░░░░░░░░░░░░░░░░  28%  Streaming frame 101/1665
  ███████░░░░░░░░░░░░░░░░░░  28%  Streaming frame 102/1665
  ███████░░░░░░░░░░░░░░░░░░  28%  Streaming frame 103/1665
  ███████░░░░░░░░░░░░░░░░░░  28%  Streaming frame 104/1665
  ███████░░░░░░░░░░░░░░░░░░  28%  Streaming frame 105/1665
  ███████░░░░░░░░░░░░░░░░░░  29%  Streaming frame 106/1665
  ███████░░░░░░░░░░░░░░░░░░  29%  Streaming frame 107/1665
  ███████░░░░░░░░░░░░░░░░░░  29%  Streaming frame 108/1665
  ███████░░░░░░░░░░░░░░░░░░  29%  Streaming frame 109/1665
  ███████░░░░░░░░░░░░░░░░░░  29%  Streaming frame 110/1665
  ███████░░░░░░░░░░░░░░░░░░  29%  Streaming frame 111/1665
  ███████░░░░░░░░░░░░░░░░░░  29%  Streaming frame 112/1665
  ███████░░░░░░░░░░░░░░░░░░  29%  Streaming frame 113/1665
  ███████░░░░░░░░░░░░░░░░░░  29%  Streaming frame 114/1665
  ███████░░░░░░░░░░░░░░░░░░  29%  Streaming frame 115/1665
  ███████░░░░░░░░░░░░░░░░░░  29%  Streaming frame 116/1665
  ███████░░░░░░░░░░░░░░░░░░  29%  Streaming frame 117/1665
  ███████░░░░░░░░░░░░░░░░░░  29%  Streaming frame 118/1665
  ███████░░░░░░░░░░░░░░░░░░  29%  Streaming frame 119/1665
  ███████░░░░░░░░░░░░░░░░░░  29%  Streaming frame 120/1665
  ███████░░░░░░░░░░░░░░░░░░  29%  Streaming frame 121/1665
  ███████░░░░░░░░░░░░░░░░░░  29%  Streaming frame 122/1665
  ███████░░░░░░░░░░░░░░░░░░  29%  Streaming frame 123/1665
  ███████░░░░░░░░░░░░░░░░░░  29%  Streaming frame 124/1665
  ███████░░░░░░░░░░░░░░░░░░  29%  Streaming frame 125/1665
  ███████░░░░░░░░░░░░░░░░░░  29%  Streaming frame 126/1665
  ███████░░░░░░░░░░░░░░░░░░  29%  Streaming frame 127/1665
  ███████░░░░░░░░░░░░░░░░░░  29%  Streaming frame 128/1665
  ███████░░░░░░░░░░░░░░░░░░  29%  Streaming frame 129/1665
  ███████░░░░░░░░░░░░░░░░░░  29%  Streaming frame 130/1665
  ███████░░░░░░░░░░░░░░░░░░  29%  Streaming frame 131/1665
  ███████░░░░░░░░░░░░░░░░░░  29%  Streaming frame 132/1665
  ███████░░░░░░░░░░░░░░░░░░  29%  Streaming frame 133/1665
  ███████░░░░░░░░░░░░░░░░░░  29%  Streaming frame 134/1665
  ███████░░░░░░░░░░░░░░░░░░  29%  Streaming frame 135/1665
  ███████░░░░░░░░░░░░░░░░░░  29%  Streaming frame 136/1665
  ███████░░░░░░░░░░░░░░░░░░  30%  Streaming frame 137/1665
  ███████░░░░░░░░░░░░░░░░░░  30%  Streaming frame 138/1665
  ███████░░░░░░░░░░░░░░░░░░  30%  Streaming frame 139/1665
  ███████░░░░░░░░░░░░░░░░░░  30%  Streaming frame 140/1665
  ███████░░░░░░░░░░░░░░░░░░  30%  Streaming frame 141/1665
  ███████░░░░░░░░░░░░░░░░░░  30%  Streaming frame 142/1665
  ███████░░░░░░░░░░░░░░░░░░  30%  Streaming frame 143/1665
  ███████░░░░░░░░░░░░░░░░░░  30%  Streaming frame 144/1665
  ███████░░░░░░░░░░░░░░░░░░  30%  Streaming frame 145/1665
  ███████░░░░░░░░░░░░░░░░░░  30%  Streaming frame 146/1665
  ███████░░░░░░░░░░░░░░░░░░  30%  Streaming frame 147/1665
  ███████░░░░░░░░░░░░░░░░░░  30%  Streaming frame 148/1665
  ███████░░░░░░░░░░░░░░░░░░  30%  Streaming frame 149/1665
  ███████░░░░░░░░░░░░░░░░░░  30%  Streaming frame 150/1665
  ███████░░░░░░░░░░░░░░░░░░  30%  Streaming frame 151/1665
  ███████░░░░░░░░░░░░░░░░░░  30%  Streaming frame 152/1665
  ███████░░░░░░░░░░░░░░░░░░  30%  Streaming frame 153/1665
  ███████░░░░░░░░░░░░░░░░░░  30%  Streaming frame 154/1665
  ███████░░░░░░░░░░░░░░░░░░  30%  Streaming frame 155/1665
  ███████░░░░░░░░░░░░░░░░░░  30%  Streaming frame 156/1665
  ███████░░░░░░░░░░░░░░░░░░  30%  Streaming frame 157/1665
  ███████░░░░░░░░░░░░░░░░░░  30%  Streaming frame 158/1665
  ███████░░░░░░░░░░░░░░░░░░  30%  Streaming frame 159/1665
  ███████░░░░░░░░░░░░░░░░░░  30%  Streaming frame 160/1665
  ███████░░░░░░░░░░░░░░░░░░  30%  Streaming frame 161/1665
  ███████░░░░░░░░░░░░░░░░░░  30%  Streaming frame 162/1665
  ███████░░░░░░░░░░░░░░░░░░  30%  Streaming frame 163/1665
  ███████░░░░░░░░░░░░░░░░░░  30%  Streaming frame 164/1665
  ███████░░░░░░░░░░░░░░░░░░  30%  Streaming frame 165/1665
  ███████░░░░░░░░░░░░░░░░░░  30%  Streaming frame 166/1665
  ███████░░░░░░░░░░░░░░░░░░  31%  Streaming frame 167/1665
  ███████░░░░░░░░░░░░░░░░░░  31%  Streaming frame 168/1665
  ███████░░░░░░░░░░░░░░░░░░  31%  Streaming frame 169/1665
  ███████░░░░░░░░░░░░░░░░░░  31%  Streaming frame 170/1665
  ███████░░░░░░░░░░░░░░░░░░  31%  Streaming frame 171/1665
  ███████░░░░░░░░░░░░░░░░░░  31%  Streaming frame 172/1665
  ███████░░░░░░░░░░░░░░░░░░  31%  Streaming frame 173/1665
  ███████░░░░░░░░░░░░░░░░░░  31%  Streaming frame 174/1665
  ███████░░░░░░░░░░░░░░░░░░  31%  Streaming frame 175/1665
  ███████░░░░░░░░░░░░░░░░░░  31%  Streaming frame 176/1665
  ███████░░░░░░░░░░░░░░░░░░  31%  Streaming frame 177/1665
  ███████░░░░░░░░░░░░░░░░░░  31%  Streaming frame 178/1665
  ███████░░░░░░░░░░░░░░░░░░  31%  Streaming frame 179/1665
  ███████░░░░░░░░░░░░░░░░░░  31%  Streaming frame 180/1665
  ███████░░░░░░░░░░░░░░░░░░  31%  Streaming frame 181/1665
  ███████░░░░░░░░░░░░░░░░░░  31%  Streaming frame 182/1665
  ███████░░░░░░░░░░░░░░░░░░  31%  Streaming frame 183/1665
  ███████░░░░░░░░░░░░░░░░░░  31%  Streaming frame 184/1665
  ███████░░░░░░░░░░░░░░░░░░  31%  Streaming frame 185/1665
  ███████░░░░░░░░░░░░░░░░░░  31%  Streaming frame 186/1665
  ███████░░░░░░░░░░░░░░░░░░  31%  Streaming frame 187/1665
  ███████░░░░░░░░░░░░░░░░░░  31%  Streaming frame 188/1665
  ███████░░░░░░░░░░░░░░░░░░  31%  Streaming frame 189/1665
  ███████░░░░░░░░░░░░░░░░░░  31%  Streaming frame 190/1665
  ███████░░░░░░░░░░░░░░░░░░  31%  Streaming frame 191/1665
  ███████░░░░░░░░░░░░░░░░░░  31%  Streaming frame 192/1665
  ███████░░░░░░░░░░░░░░░░░░  31%  Streaming frame 193/1665
  ███████░░░░░░░░░░░░░░░░░░  31%  Streaming frame 194/1665
  ███████░░░░░░░░░░░░░░░░░░  31%  Streaming frame 195/1665
  ███████░░░░░░░░░░░░░░░░░░  31%  Streaming frame 196/1665
  ████████░░░░░░░░░░░░░░░░░  32%  Streaming frame 197/1665
  ████████░░░░░░░░░░░░░░░░░  32%  Streaming frame 198/1665
  ████████░░░░░░░░░░░░░░░░░  32%  Streaming frame 199/1665
  ████████░░░░░░░░░░░░░░░░░  32%  Streaming frame 200/1665
  ████████░░░░░░░░░░░░░░░░░  32%  Streaming frame 201/1665
  ████████░░░░░░░░░░░░░░░░░  32%  Streaming frame 202/1665
  ████████░░░░░░░░░░░░░░░░░  32%  Streaming frame 203/1665
  ████████░░░░░░░░░░░░░░░░░  32%  Streaming frame 204/1665
  ████████░░░░░░░░░░░░░░░░░  32%  Streaming frame 205/1665
  ████████░░░░░░░░░░░░░░░░░  32%  Streaming frame 206/1665
  ████████░░░░░░░░░░░░░░░░░  32%  Streaming frame 207/1665
  ████████░░░░░░░░░░░░░░░░░  32%  Streaming frame 208/1665
  ████████░░░░░░░░░░░░░░░░░  32%  Streaming frame 209/1665
  ████████░░░░░░░░░░░░░░░░░  32%  Streaming frame 210/1665
  ████████░░░░░░░░░░░░░░░░░  32%  Streaming frame 211/1665
  ████████░░░░░░░░░░░░░░░░░  32%  Streaming frame 212/1665
  ████████░░░░░░░░░░░░░░░░░  32%  Streaming frame 213/1665
  ████████░░░░░░░░░░░░░░░░░  32%  Streaming frame 214/1665
  ████████░░░░░░░░░░░░░░░░░  32%  Streaming frame 215/1665
  ████████░░░░░░░░░░░░░░░░░  32%  Streaming frame 216/1665
  ████████░░░░░░░░░░░░░░░░░  32%  Streaming frame 217/1665
  ████████░░░░░░░░░░░░░░░░░  32%  Streaming frame 218/1665
  ████████░░░░░░░░░░░░░░░░░  32%  Streaming frame 219/1665
  ████████░░░░░░░░░░░░░░░░░  32%  Streaming frame 220/1665
  ████████░░░░░░░░░░░░░░░░░  32%  Streaming frame 221/1665
  ████████░░░░░░░░░░░░░░░░░  32%  Streaming frame 222/1665
  ████████░░░░░░░░░░░░░░░░░  32%  Streaming frame 223/1665
  ████████░░░░░░░░░░░░░░░░░  32%  Streaming frame 224/1665
  ████████░░░░░░░░░░░░░░░░░  32%  Streaming frame 225/1665
  ████████░░░░░░░░░░░░░░░░░  32%  Streaming frame 226/1665
  ████████░░░░░░░░░░░░░░░░░  32%  Streaming frame 227/1665
  ████████░░░░░░░░░░░░░░░░░  33%  Streaming frame 228/1665
  ████████░░░░░░░░░░░░░░░░░  33%  Streaming frame 229/1665
  ████████░░░░░░░░░░░░░░░░░  33%  Streaming frame 230/1665
  ████████░░░░░░░░░░░░░░░░░  33%  Streaming frame 231/1665
  ████████░░░░░░░░░░░░░░░░░  33%  Streaming frame 232/1665
  ████████░░░░░░░░░░░░░░░░░  33%  Streaming frame 233/1665
  ████████░░░░░░░░░░░░░░░░░  33%  Streaming frame 234/1665
  ████████░░░░░░░░░░░░░░░░░  33%  Streaming frame 235/1665
  ████████░░░░░░░░░░░░░░░░░  33%  Streaming frame 236/1665
  ████████░░░░░░░░░░░░░░░░░  33%  Streaming frame 237/1665
  ████████░░░░░░░░░░░░░░░░░  33%  Streaming frame 238/1665
  ████████░░░░░░░░░░░░░░░░░  33%  Streaming frame 239/1665
  ████████░░░░░░░░░░░░░░░░░  33%  Streaming frame 240/1665
  ████████░░░░░░░░░░░░░░░░░  33%  Streaming frame 241/1665
  ████████░░░░░░░░░░░░░░░░░  33%  Streaming frame 242/1665
  ████████░░░░░░░░░░░░░░░░░  33%  Streaming frame 243/1665
  ████████░░░░░░░░░░░░░░░░░  33%  Streaming frame 244/1665
  ████████░░░░░░░░░░░░░░░░░  33%  Streaming frame 245/1665
  ████████░░░░░░░░░░░░░░░░░  33%  Streaming frame 246/1665
  ████████░░░░░░░░░░░░░░░░░  33%  Streaming frame 247/1665
  ████████░░░░░░░░░░░░░░░░░  33%  Streaming frame 248/1665
  ████████░░░░░░░░░░░░░░░░░  33%  Streaming frame 249/1665
  ████████░░░░░░░░░░░░░░░░░  33%  Streaming frame 250/1665
  ████████░░░░░░░░░░░░░░░░░  33%  Streaming frame 251/1665
  ████████░░░░░░░░░░░░░░░░░  33%  Streaming frame 252/1665
  ████████░░░░░░░░░░░░░░░░░  33%  Streaming frame 253/1665
  ████████░░░░░░░░░░░░░░░░░  33%  Streaming frame 254/1665
  ████████░░░░░░░░░░░░░░░░░  33%  Streaming frame 255/1665
  ████████░░░░░░░░░░░░░░░░░  33%  Streaming frame 256/1665
  ████████░░░░░░░░░░░░░░░░░  33%  Streaming frame 257/1665
  ████████░░░░░░░░░░░░░░░░░  34%  Streaming frame 258/1665
  ████████░░░░░░░░░░░░░░░░░  34%  Streaming frame 259/1665
  ████████░░░░░░░░░░░░░░░░░  34%  Streaming frame 260/1665
  ████████░░░░░░░░░░░░░░░░░  34%  Streaming frame 261/1665
  ████████░░░░░░░░░░░░░░░░░  34%  Streaming frame 262/1665
  ████████░░░░░░░░░░░░░░░░░  34%  Streaming frame 263/1665
  ████████░░░░░░░░░░░░░░░░░  34%  Streaming frame 264/1665
  ████████░░░░░░░░░░░░░░░░░  34%  Streaming frame 265/1665
  ████████░░░░░░░░░░░░░░░░░  34%  Streaming frame 266/1665
  ████████░░░░░░░░░░░░░░░░░  34%  Streaming frame 267/1665
  ████████░░░░░░░░░░░░░░░░░  34%  Streaming frame 268/1665
  ████████░░░░░░░░░░░░░░░░░  34%  Streaming frame 269/1665
  ████████░░░░░░░░░░░░░░░░░  34%  Streaming frame 270/1665
  ████████░░░░░░░░░░░░░░░░░  34%  Streaming frame 271/1665
  ████████░░░░░░░░░░░░░░░░░  34%  Streaming frame 272/1665
  ████████░░░░░░░░░░░░░░░░░  34%  Streaming frame 273/1665
  ████████░░░░░░░░░░░░░░░░░  34%  Streaming frame 274/1665
  ████████░░░░░░░░░░░░░░░░░  34%  Streaming frame 275/1665
  ████████░░░░░░░░░░░░░░░░░  34%  Streaming frame 276/1665
  ████████░░░░░░░░░░░░░░░░░  34%  Streaming frame 277/1665
  ████████░░░░░░░░░░░░░░░░░  34%  Streaming frame 278/1665
  ████████░░░░░░░░░░░░░░░░░  34%  Streaming frame 279/1665
  ████████░░░░░░░░░░░░░░░░░  34%  Streaming frame 280/1665
  ████████░░░░░░░░░░░░░░░░░  34%  Streaming frame 281/1665
  ████████░░░░░░░░░░░░░░░░░  34%  Streaming frame 282/1665
  ████████░░░░░░░░░░░░░░░░░  34%  Streaming frame 283/1665
  ████████░░░░░░░░░░░░░░░░░  34%  Streaming frame 284/1665
  ████████░░░░░░░░░░░░░░░░░  34%  Streaming frame 285/1665
  ████████░░░░░░░░░░░░░░░░░  34%  Streaming frame 286/1665
  ████████░░░░░░░░░░░░░░░░░  34%  Streaming frame 287/1665
  ████████░░░░░░░░░░░░░░░░░  35%  Streaming frame 288/1665
  ████████░░░░░░░░░░░░░░░░░  35%  Streaming frame 289/1665
  ████████░░░░░░░░░░░░░░░░░  35%  Streaming frame 290/1665
  ████████░░░░░░░░░░░░░░░░░  35%  Streaming frame 291/1665
  ████████░░░░░░░░░░░░░░░░░  35%  Streaming frame 292/1665
  ████████░░░░░░░░░░░░░░░░░  35%  Streaming frame 293/1665
  ████████░░░░░░░░░░░░░░░░░  35%  Streaming frame 294/1665
  ████████░░░░░░░░░░░░░░░░░  35%  Streaming frame 295/1665
  ████████░░░░░░░░░░░░░░░░░  35%  Streaming frame 296/1665
  ████████░░░░░░░░░░░░░░░░░  35%  Streaming frame 297/1665
  ████████░░░░░░░░░░░░░░░░░  35%  Streaming frame 298/1665
  ████████░░░░░░░░░░░░░░░░░  35%  Streaming frame 299/1665
  ████████░░░░░░░░░░░░░░░░░  35%  Streaming frame 300/1665
  ████████░░░░░░░░░░░░░░░░░  35%  Streaming frame 301/1665
  ████████░░░░░░░░░░░░░░░░░  35%  Streaming frame 302/1665
  ████████░░░░░░░░░░░░░░░░░  35%  Streaming frame 303/1665
  ████████░░░░░░░░░░░░░░░░░  35%  Streaming frame 304/1665
  ████████░░░░░░░░░░░░░░░░░  35%  Streaming frame 305/1665
  ████████░░░░░░░░░░░░░░░░░  35%  Streaming frame 306/1665
  ████████░░░░░░░░░░░░░░░░░  35%  Streaming frame 307/1665
  ████████░░░░░░░░░░░░░░░░░  35%  Streaming frame 308/1665
  ████████░░░░░░░░░░░░░░░░░  35%  Streaming frame 309/1665
  ████████░░░░░░░░░░░░░░░░░  35%  Streaming frame 310/1665
  ████████░░░░░░░░░░░░░░░░░  35%  Streaming frame 311/1665
  ████████░░░░░░░░░░░░░░░░░  35%  Streaming frame 312/1665
  ████████░░░░░░░░░░░░░░░░░  35%  Streaming frame 313/1665
  ████████░░░░░░░░░░░░░░░░░  35%  Streaming frame 314/1665
  ████████░░░░░░░░░░░░░░░░░  35%  Streaming frame 315/1665
  ████████░░░░░░░░░░░░░░░░░  35%  Streaming frame 316/1665
  ████████░░░░░░░░░░░░░░░░░  35%  Streaming frame 317/1665
  █████████░░░░░░░░░░░░░░░░  36%  Streaming frame 318/1665
  █████████░░░░░░░░░░░░░░░░  36%  Streaming frame 319/1665
  █████████░░░░░░░░░░░░░░░░  36%  Streaming frame 320/1665
  █████████░░░░░░░░░░░░░░░░  36%  Streaming frame 321/1665
  █████████░░░░░░░░░░░░░░░░  36%  Streaming frame 322/1665
  █████████░░░░░░░░░░░░░░░░  36%  Streaming frame 323/1665
  █████████░░░░░░░░░░░░░░░░  36%  Streaming frame 324/1665
  █████████░░░░░░░░░░░░░░░░  36%  Streaming frame 325/1665
  █████████░░░░░░░░░░░░░░░░  36%  Streaming frame 326/1665
  █████████░░░░░░░░░░░░░░░░  36%  Streaming frame 327/1665
  █████████░░░░░░░░░░░░░░░░  36%  Streaming frame 328/1665
  █████████░░░░░░░░░░░░░░░░  36%  Streaming frame 329/1665
  █████████░░░░░░░░░░░░░░░░  36%  Streaming frame 330/1665
  █████████░░░░░░░░░░░░░░░░  36%  Streaming frame 331/1665
  █████████░░░░░░░░░░░░░░░░  36%  Streaming frame 332/1665
  █████████░░░░░░░░░░░░░░░░  36%  Streaming frame 333/1665
  █████████░░░░░░░░░░░░░░░░  36%  Streaming frame 334/1665
  █████████░░░░░░░░░░░░░░░░  36%  Streaming frame 335/1665
  █████████░░░░░░░░░░░░░░░░  36%  Streaming frame 336/1665
  █████████░░░░░░░░░░░░░░░░  36%  Streaming frame 337/1665
  █████████░░░░░░░░░░░░░░░░  36%  Streaming frame 338/1665
  █████████░░░░░░░░░░░░░░░░  36%  Streaming frame 339/1665
  █████████░░░░░░░░░░░░░░░░  36%  Streaming frame 340/1665
  █████████░░░░░░░░░░░░░░░░  36%  Streaming frame 341/1665
  █████████░░░░░░░░░░░░░░░░  36%  Streaming frame 342/1665
  █████████░░░░░░░░░░░░░░░░  36%  Streaming frame 343/1665
  █████████░░░░░░░░░░░░░░░░  36%  Streaming frame 344/1665
  █████████░░░░░░░░░░░░░░░░  36%  Streaming frame 345/1665
  █████████░░░░░░░░░░░░░░░░  36%  Streaming frame 346/1665
  █████████░░░░░░░░░░░░░░░░  36%  Streaming frame 347/1665
  █████████░░░░░░░░░░░░░░░░  36%  Streaming frame 348/1665
  █████████░░░░░░░░░░░░░░░░  37%  Streaming frame 349/1665
  █████████░░░░░░░░░░░░░░░░  37%  Streaming frame 350/1665
  █████████░░░░░░░░░░░░░░░░  37%  Streaming frame 351/1665
  █████████░░░░░░░░░░░░░░░░  37%  Streaming frame 352/1665
  █████████░░░░░░░░░░░░░░░░  37%  Streaming frame 353/1665
  █████████░░░░░░░░░░░░░░░░  37%  Streaming frame 354/1665
  █████████░░░░░░░░░░░░░░░░  37%  Streaming frame 355/1665
  █████████░░░░░░░░░░░░░░░░  37%  Streaming frame 356/1665
  █████████░░░░░░░░░░░░░░░░  37%  Streaming frame 357/1665
  █████████░░░░░░░░░░░░░░░░  37%  Streaming frame 358/1665
  █████████░░░░░░░░░░░░░░░░  37%  Streaming frame 359/1665
  █████████░░░░░░░░░░░░░░░░  37%  Streaming frame 360/1665
  █████████░░░░░░░░░░░░░░░░  37%  Streaming frame 361/1665
  █████████░░░░░░░░░░░░░░░░  37%  Streaming frame 362/1665
  █████████░░░░░░░░░░░░░░░░  37%  Streaming frame 363/1665
  █████████░░░░░░░░░░░░░░░░  37%  Streaming frame 364/1665
  █████████░░░░░░░░░░░░░░░░  37%  Streaming frame 365/1665
  █████████░░░░░░░░░░░░░░░░  37%  Streaming frame 366/1665
  █████████░░░░░░░░░░░░░░░░  37%  Streaming frame 367/1665
  █████████░░░░░░░░░░░░░░░░  37%  Streaming frame 368/1665
  █████████░░░░░░░░░░░░░░░░  37%  Streaming frame 369/1665
  █████████░░░░░░░░░░░░░░░░  37%  Streaming frame 370/1665
  █████████░░░░░░░░░░░░░░░░  37%  Streaming frame 371/1665
  █████████░░░░░░░░░░░░░░░░  37%  Streaming frame 372/1665
  █████████░░░░░░░░░░░░░░░░  37%  Streaming frame 373/1665
  █████████░░░░░░░░░░░░░░░░  37%  Streaming frame 374/1665
  █████████░░░░░░░░░░░░░░░░  37%  Streaming frame 375/1665
  █████████░░░░░░░░░░░░░░░░  37%  Streaming frame 376/1665
  █████████░░░░░░░░░░░░░░░░  37%  Streaming frame 377/1665
  █████████░░░░░░░░░░░░░░░░  37%  Streaming frame 378/1665
  █████████░░░░░░░░░░░░░░░░  38%  Streaming frame 379/1665
  █████████░░░░░░░░░░░░░░░░  38%  Streaming frame 380/1665
  █████████░░░░░░░░░░░░░░░░  38%  Streaming frame 381/1665
  █████████░░░░░░░░░░░░░░░░  38%  Streaming frame 382/1665
  █████████░░░░░░░░░░░░░░░░  38%  Streaming frame 383/1665
  █████████░░░░░░░░░░░░░░░░  38%  Streaming frame 384/1665
  █████████░░░░░░░░░░░░░░░░  38%  Streaming frame 385/1665
  █████████░░░░░░░░░░░░░░░░  38%  Streaming frame 386/1665
  █████████░░░░░░░░░░░░░░░░  38%  Streaming frame 387/1665
  █████████░░░░░░░░░░░░░░░░  38%  Streaming frame 388/1665
  █████████░░░░░░░░░░░░░░░░  38%  Streaming frame 389/1665
  █████████░░░░░░░░░░░░░░░░  38%  Streaming frame 390/1665
  █████████░░░░░░░░░░░░░░░░  38%  Streaming frame 391/1665
  █████████░░░░░░░░░░░░░░░░  38%  Streaming frame 392/1665
  █████████░░░░░░░░░░░░░░░░  38%  Streaming frame 393/1665
  █████████░░░░░░░░░░░░░░░░  38%  Streaming frame 394/1665
  █████████░░░░░░░░░░░░░░░░  38%  Streaming frame 395/1665
  █████████░░░░░░░░░░░░░░░░  38%  Streaming frame 396/1665
  █████████░░░░░░░░░░░░░░░░  38%  Streaming frame 397/1665
  █████████░░░░░░░░░░░░░░░░  38%  Streaming frame 398/1665
  █████████░░░░░░░░░░░░░░░░  38%  Streaming frame 399/1665
  █████████░░░░░░░░░░░░░░░░  38%  Streaming frame 400/1665
  █████████░░░░░░░░░░░░░░░░  38%  Streaming frame 401/1665
  █████████░░░░░░░░░░░░░░░░  38%  Streaming frame 402/1665
  █████████░░░░░░░░░░░░░░░░  38%  Streaming frame 403/1665
  █████████░░░░░░░░░░░░░░░░  38%  Streaming frame 404/1665
  █████████░░░░░░░░░░░░░░░░  38%  Streaming frame 405/1665
  █████████░░░░░░░░░░░░░░░░  38%  Streaming frame 406/1665
  █████████░░░░░░░░░░░░░░░░  38%  Streaming frame 407/1665
  █████████░░░░░░░░░░░░░░░░  38%  Streaming frame 408/1665
  █████████░░░░░░░░░░░░░░░░  39%  Streaming frame 409/1665
  █████████░░░░░░░░░░░░░░░░  39%  Streaming frame 410/1665
  █████████░░░░░░░░░░░░░░░░  39%  Streaming frame 411/1665
  █████████░░░░░░░░░░░░░░░░  39%  Streaming frame 412/1665
  █████████░░░░░░░░░░░░░░░░  39%  Streaming frame 413/1665
  █████████░░░░░░░░░░░░░░░░  39%  Streaming frame 414/1665
  █████████░░░░░░░░░░░░░░░░  39%  Streaming frame 415/1665
  █████████░░░░░░░░░░░░░░░░  39%  Streaming frame 416/1665
  █████████░░░░░░░░░░░░░░░░  39%  Streaming frame 417/1665
  █████████░░░░░░░░░░░░░░░░  39%  Streaming frame 418/1665
  █████████░░░░░░░░░░░░░░░░  39%  Streaming frame 419/1665
  █████████░░░░░░░░░░░░░░░░  39%  Streaming frame 420/1665
  █████████░░░░░░░░░░░░░░░░  39%  Streaming frame 421/1665
  █████████░░░░░░░░░░░░░░░░  39%  Streaming frame 422/1665
  █████████░░░░░░░░░░░░░░░░  39%  Streaming frame 423/1665
  █████████░░░░░░░░░░░░░░░░  39%  Streaming frame 424/1665
  █████████░░░░░░░░░░░░░░░░  39%  Streaming frame 425/1665
  █████████░░░░░░░░░░░░░░░░  39%  Streaming frame 426/1665
  █████████░░░░░░░░░░░░░░░░  39%  Streaming frame 427/1665
  █████████░░░░░░░░░░░░░░░░  39%  Streaming frame 428/1665
  █████████░░░░░░░░░░░░░░░░  39%  Streaming frame 429/1665
  █████████░░░░░░░░░░░░░░░░  39%  Streaming frame 430/1665
  █████████░░░░░░░░░░░░░░░░  39%  Streaming frame 431/1665
  █████████░░░░░░░░░░░░░░░░  39%  Streaming frame 432/1665
  █████████░░░░░░░░░░░░░░░░  39%  Streaming frame 433/1665
  █████████░░░░░░░░░░░░░░░░  39%  Streaming frame 434/1665
  █████████░░░░░░░░░░░░░░░░  39%  Streaming frame 435/1665
  █████████░░░░░░░░░░░░░░░░  39%  Streaming frame 436/1665
  █████████░░░░░░░░░░░░░░░░  39%  Streaming frame 437/1665
  █████████░░░░░░░░░░░░░░░░  39%  Streaming frame 438/1665
  ██████████░░░░░░░░░░░░░░░  40%  Streaming frame 439/1665
  ██████████░░░░░░░░░░░░░░░  40%  Streaming frame 440/1665
  ██████████░░░░░░░░░░░░░░░  40%  Streaming frame 441/1665
  ██████████░░░░░░░░░░░░░░░  40%  Streaming frame 442/1665
  ██████████░░░░░░░░░░░░░░░  40%  Streaming frame 443/1665
  ██████████░░░░░░░░░░░░░░░  40%  Streaming frame 444/1665
  ██████████░░░░░░░░░░░░░░░  40%  Streaming frame 445/1665
  ██████████░░░░░░░░░░░░░░░  40%  Streaming frame 446/1665
  ██████████░░░░░░░░░░░░░░░  40%  Streaming frame 447/1665
  ██████████░░░░░░░░░░░░░░░  40%  Streaming frame 448/1665
  ██████████░░░░░░░░░░░░░░░  40%  Streaming frame 449/1665
  ██████████░░░░░░░░░░░░░░░  40%  Streaming frame 450/1665
  ██████████░░░░░░░░░░░░░░░  40%  Streaming frame 451/1665
  ██████████░░░░░░░░░░░░░░░  40%  Streaming frame 452/1665
  ██████████░░░░░░░░░░░░░░░  40%  Streaming frame 453/1665
  ██████████░░░░░░░░░░░░░░░  40%  Streaming frame 454/1665
  ██████████░░░░░░░░░░░░░░░  40%  Streaming frame 455/1665
  ██████████░░░░░░░░░░░░░░░  40%  Streaming frame 456/1665
  ██████████░░░░░░░░░░░░░░░  40%  Streaming frame 457/1665
  ██████████░░░░░░░░░░░░░░░  40%  Streaming frame 458/1665
  ██████████░░░░░░░░░░░░░░░  40%  Streaming frame 459/1665
  ██████████░░░░░░░░░░░░░░░  40%  Streaming frame 460/1665
  ██████████░░░░░░░░░░░░░░░  40%  Streaming frame 461/1665
  ██████████░░░░░░░░░░░░░░░  40%  Streaming frame 462/1665
  ██████████░░░░░░░░░░░░░░░  40%  Streaming frame 463/1665
  ██████████░░░░░░░░░░░░░░░  40%  Streaming frame 464/1665
  ██████████░░░░░░░░░░░░░░░  40%  Streaming frame 465/1665
  ██████████░░░░░░░░░░░░░░░  40%  Streaming frame 466/1665
  ██████████░░░░░░░░░░░░░░░  40%  Streaming frame 467/1665
  ██████████░░░░░░░░░░░░░░░  40%  Streaming frame 468/1665
  ██████████░░░░░░░░░░░░░░░  40%  Streaming frame 469/1665
  ██████████░░░░░░░░░░░░░░░  41%  Streaming frame 470/1665
  ██████████░░░░░░░░░░░░░░░  41%  Streaming frame 471/1665
  ██████████░░░░░░░░░░░░░░░  41%  Streaming frame 472/1665
  ██████████░░░░░░░░░░░░░░░  41%  Streaming frame 473/1665
  ██████████░░░░░░░░░░░░░░░  41%  Streaming frame 474/1665
  ██████████░░░░░░░░░░░░░░░  41%  Streaming frame 475/1665
  ██████████░░░░░░░░░░░░░░░  41%  Streaming frame 476/1665
  ██████████░░░░░░░░░░░░░░░  41%  Streaming frame 477/1665
  ██████████░░░░░░░░░░░░░░░  41%  Streaming frame 478/1665
  ██████████░░░░░░░░░░░░░░░  41%  Streaming frame 479/1665
  ██████████░░░░░░░░░░░░░░░  41%  Streaming frame 480/1665
  ██████████░░░░░░░░░░░░░░░  41%  Streaming frame 481/1665
  ██████████░░░░░░░░░░░░░░░  41%  Streaming frame 482/1665
  ██████████░░░░░░░░░░░░░░░  41%  Streaming frame 483/1665
  ██████████░░░░░░░░░░░░░░░  41%  Streaming frame 484/1665
  ██████████░░░░░░░░░░░░░░░  41%  Streaming frame 485/1665
  ██████████░░░░░░░░░░░░░░░  41%  Streaming frame 486/1665
  ██████████░░░░░░░░░░░░░░░  41%  Streaming frame 487/1665
  ██████████░░░░░░░░░░░░░░░  41%  Streaming frame 488/1665
  ██████████░░░░░░░░░░░░░░░  41%  Streaming frame 489/1665
  ██████████░░░░░░░░░░░░░░░  41%  Streaming frame 490/1665
  ██████████░░░░░░░░░░░░░░░  41%  Streaming frame 491/1665
  ██████████░░░░░░░░░░░░░░░  41%  Streaming frame 492/1665
  ██████████░░░░░░░░░░░░░░░  41%  Streaming frame 493/1665
  ██████████░░░░░░░░░░░░░░░  41%  Streaming frame 494/1665
  ██████████░░░░░░░░░░░░░░░  41%  Streaming frame 495/1665
  ██████████░░░░░░░░░░░░░░░  41%  Streaming frame 496/1665
  ██████████░░░░░░░░░░░░░░░  41%  Streaming frame 497/1665
  ██████████░░░░░░░░░░░░░░░  41%  Streaming frame 498/1665
  ██████████░░░░░░░░░░░░░░░  41%  Streaming frame 499/1665
  ██████████░░░░░░░░░░░░░░░  42%  Streaming frame 500/1665
  ██████████░░░░░░░░░░░░░░░  42%  Streaming frame 501/1665
  ██████████░░░░░░░░░░░░░░░  42%  Streaming frame 502/1665
  ██████████░░░░░░░░░░░░░░░  42%  Streaming frame 503/1665
  ██████████░░░░░░░░░░░░░░░  42%  Streaming frame 504/1665
  ██████████░░░░░░░░░░░░░░░  42%  Streaming frame 505/1665
  ██████████░░░░░░░░░░░░░░░  42%  Streaming frame 506/1665
  ██████████░░░░░░░░░░░░░░░  42%  Streaming frame 507/1665
  ██████████░░░░░░░░░░░░░░░  42%  Streaming frame 508/1665
  ██████████░░░░░░░░░░░░░░░  42%  Streaming frame 509/1665
  ██████████░░░░░░░░░░░░░░░  42%  Streaming frame 510/1665
  ██████████░░░░░░░░░░░░░░░  42%  Streaming frame 511/1665
  ██████████░░░░░░░░░░░░░░░  42%  Streaming frame 512/1665
  ██████████░░░░░░░░░░░░░░░  42%  Streaming frame 513/1665
  ██████████░░░░░░░░░░░░░░░  42%  Streaming frame 514/1665
  ██████████░░░░░░░░░░░░░░░  42%  Streaming frame 515/1665
  ██████████░░░░░░░░░░░░░░░  42%  Streaming frame 516/1665
  ██████████░░░░░░░░░░░░░░░  42%  Streaming frame 517/1665
  ██████████░░░░░░░░░░░░░░░  42%  Streaming frame 518/1665
  ██████████░░░░░░░░░░░░░░░  42%  Streaming frame 519/1665
  ██████████░░░░░░░░░░░░░░░  42%  Streaming frame 520/1665
  ██████████░░░░░░░░░░░░░░░  42%  Streaming frame 521/1665
  ██████████░░░░░░░░░░░░░░░  42%  Streaming frame 522/1665
  ██████████░░░░░░░░░░░░░░░  42%  Streaming frame 523/1665
  ██████████░░░░░░░░░░░░░░░  42%  Streaming frame 524/1665
  ██████████░░░░░░░░░░░░░░░  42%  Streaming frame 525/1665
  ██████████░░░░░░░░░░░░░░░  42%  Streaming frame 526/1665
  ██████████░░░░░░░░░░░░░░░  42%  Streaming frame 527/1665
  ██████████░░░░░░░░░░░░░░░  42%  Streaming frame 528/1665
  ██████████░░░░░░░░░░░░░░░  42%  Streaming frame 529/1665
  ██████████░░░░░░░░░░░░░░░  43%  Streaming frame 530/1665
  ██████████░░░░░░░░░░░░░░░  43%  Streaming frame 531/1665
  ██████████░░░░░░░░░░░░░░░  43%  Streaming frame 532/1665
  ██████████░░░░░░░░░░░░░░░  43%  Streaming frame 533/1665
  ██████████░░░░░░░░░░░░░░░  43%  Streaming frame 534/1665
  ██████████░░░░░░░░░░░░░░░  43%  Streaming frame 535/1665
  ██████████░░░░░░░░░░░░░░░  43%  Streaming frame 536/1665
  ██████████░░░░░░░░░░░░░░░  43%  Streaming frame 537/1665
  ██████████░░░░░░░░░░░░░░░  43%  Streaming frame 538/1665
  ██████████░░░░░░░░░░░░░░░  43%  Streaming frame 539/1665
  ██████████░░░░░░░░░░░░░░░  43%  Streaming frame 540/1665
  ██████████░░░░░░░░░░░░░░░  43%  Streaming frame 541/1665
  ██████████░░░░░░░░░░░░░░░  43%  Streaming frame 542/1665
  ██████████░░░░░░░░░░░░░░░  43%  Streaming frame 543/1665
  ██████████░░░░░░░░░░░░░░░  43%  Streaming frame 544/1665
  ██████████░░░░░░░░░░░░░░░  43%  Streaming frame 545/1665
  ██████████░░░░░░░░░░░░░░░  43%  Streaming frame 546/1665
  ██████████░░░░░░░░░░░░░░░  43%  Streaming frame 547/1665
  ██████████░░░░░░░░░░░░░░░  43%  Streaming frame 548/1665
  ██████████░░░░░░░░░░░░░░░  43%  Streaming frame 549/1665
  ██████████░░░░░░░░░░░░░░░  43%  Streaming frame 550/1665
  ██████████░░░░░░░░░░░░░░░  43%  Streaming frame 551/1665
  ██████████░░░░░░░░░░░░░░░  43%  Streaming frame 552/1665
  ██████████░░░░░░░░░░░░░░░  43%  Streaming frame 553/1665
  ██████████░░░░░░░░░░░░░░░  43%  Streaming frame 554/1665
  ██████████░░░░░░░░░░░░░░░  43%  Streaming frame 555/1665
  ██████████░░░░░░░░░░░░░░░  43%  Streaming frame 556/1665
  ██████████░░░░░░░░░░░░░░░  43%  Streaming frame 557/1665
  ██████████░░░░░░░░░░░░░░░  43%  Streaming frame 558/1665
  ██████████░░░░░░░░░░░░░░░  43%  Streaming frame 559/1665
  ██████████░░░░░░░░░░░░░░░  43%  Streaming frame 560/1665
  ███████████░░░░░░░░░░░░░░  44%  Streaming frame 561/1665
  ███████████░░░░░░░░░░░░░░  44%  Streaming frame 562/1665
  ███████████░░░░░░░░░░░░░░  44%  Streaming frame 563/1665
  ███████████░░░░░░░░░░░░░░  44%  Streaming frame 564/1665
  ███████████░░░░░░░░░░░░░░  44%  Streaming frame 565/1665
  ███████████░░░░░░░░░░░░░░  44%  Streaming frame 566/1665
  ███████████░░░░░░░░░░░░░░  44%  Streaming frame 567/1665
  ███████████░░░░░░░░░░░░░░  44%  Streaming frame 568/1665
  ███████████░░░░░░░░░░░░░░  44%  Streaming frame 569/1665
  ███████████░░░░░░░░░░░░░░  44%  Streaming frame 570/1665
  ███████████░░░░░░░░░░░░░░  44%  Streaming frame 571/1665
  ███████████░░░░░░░░░░░░░░  44%  Streaming frame 572/1665
  ███████████░░░░░░░░░░░░░░  44%  Streaming frame 573/1665
  ███████████░░░░░░░░░░░░░░  44%  Streaming frame 574/1665
  ███████████░░░░░░░░░░░░░░  44%  Streaming frame 575/1665
  ███████████░░░░░░░░░░░░░░  44%  Streaming frame 576/1665
  ███████████░░░░░░░░░░░░░░  44%  Streaming frame 577/1665
  ███████████░░░░░░░░░░░░░░  44%  Streaming frame 578/1665
  ███████████░░░░░░░░░░░░░░  44%  Streaming frame 579/1665
  ███████████░░░░░░░░░░░░░░  44%  Streaming frame 580/1665
  ███████████░░░░░░░░░░░░░░  44%  Streaming frame 581/1665
  ███████████░░░░░░░░░░░░░░  44%  Streaming frame 582/1665
  ███████████░░░░░░░░░░░░░░  44%  Streaming frame 583/1665
  ███████████░░░░░░░░░░░░░░  44%  Streaming frame 584/1665
  ███████████░░░░░░░░░░░░░░  44%  Streaming frame 585/1665
  ███████████░░░░░░░░░░░░░░  44%  Streaming frame 586/1665
  ███████████░░░░░░░░░░░░░░  44%  Streaming frame 587/1665
  ███████████░░░░░░░░░░░░░░  44%  Streaming frame 588/1665
  ███████████░░░░░░░░░░░░░░  44%  Streaming frame 589/1665
  ███████████░░░░░░░░░░░░░░  44%  Streaming frame 590/1665
  ███████████░░░░░░░░░░░░░░  45%  Streaming frame 591/1665
  ███████████░░░░░░░░░░░░░░  45%  Streaming frame 592/1665
  ███████████░░░░░░░░░░░░░░  45%  Streaming frame 593/1665
  ███████████░░░░░░░░░░░░░░  45%  Streaming frame 594/1665
  ███████████░░░░░░░░░░░░░░  45%  Streaming frame 595/1665
  ███████████░░░░░░░░░░░░░░  45%  Streaming frame 596/1665
  ███████████░░░░░░░░░░░░░░  45%  Streaming frame 597/1665
  ███████████░░░░░░░░░░░░░░  45%  Streaming frame 598/1665
  ███████████░░░░░░░░░░░░░░  45%  Streaming frame 599/1665
  ███████████░░░░░░░░░░░░░░  45%  Streaming frame 600/1665
  ███████████░░░░░░░░░░░░░░  45%  Streaming frame 601/1665
  ███████████░░░░░░░░░░░░░░  45%  Streaming frame 602/1665
  ███████████░░░░░░░░░░░░░░  45%  Streaming frame 603/1665
  ███████████░░░░░░░░░░░░░░  45%  Streaming frame 604/1665
  ███████████░░░░░░░░░░░░░░  45%  Streaming frame 605/1665
  ███████████░░░░░░░░░░░░░░  45%  Streaming frame 606/1665
  ███████████░░░░░░░░░░░░░░  45%  Streaming frame 607/1665
  ███████████░░░░░░░░░░░░░░  45%  Streaming frame 608/1665
  ███████████░░░░░░░░░░░░░░  45%  Streaming frame 609/1665
  ███████████░░░░░░░░░░░░░░  45%  Streaming frame 610/1665
  ███████████░░░░░░░░░░░░░░  45%  Streaming frame 611/1665
  ███████████░░░░░░░░░░░░░░  45%  Streaming frame 612/1665
  ███████████░░░░░░░░░░░░░░  45%  Streaming frame 613/1665
  ███████████░░░░░░░░░░░░░░  45%  Streaming frame 614/1665
  ███████████░░░░░░░░░░░░░░  45%  Streaming frame 615/1665
  ███████████░░░░░░░░░░░░░░  45%  Streaming frame 616/1665
  ███████████░░░░░░░░░░░░░░  45%  Streaming frame 617/1665
  ███████████░░░░░░░░░░░░░░  45%  Streaming frame 618/1665
  ███████████░░░░░░░░░░░░░░  45%  Streaming frame 619/1665
  ███████████░░░░░░░░░░░░░░  45%  Streaming frame 620/1665
  ███████████░░░░░░░░░░░░░░  46%  Streaming frame 621/1665
  ███████████░░░░░░░░░░░░░░  46%  Streaming frame 622/1665
  ███████████░░░░░░░░░░░░░░  46%  Streaming frame 623/1665
  ███████████░░░░░░░░░░░░░░  46%  Streaming frame 624/1665
  ███████████░░░░░░░░░░░░░░  46%  Streaming frame 625/1665
  ███████████░░░░░░░░░░░░░░  46%  Streaming frame 626/1665
  ███████████░░░░░░░░░░░░░░  46%  Streaming frame 627/1665
  ███████████░░░░░░░░░░░░░░  46%  Streaming frame 628/1665
  ███████████░░░░░░░░░░░░░░  46%  Streaming frame 629/1665
  ███████████░░░░░░░░░░░░░░  46%  Streaming frame 630/1665
  ███████████░░░░░░░░░░░░░░  46%  Streaming frame 631/1665
  ███████████░░░░░░░░░░░░░░  46%  Streaming frame 632/1665
  ███████████░░░░░░░░░░░░░░  46%  Streaming frame 633/1665
  ███████████░░░░░░░░░░░░░░  46%  Streaming frame 634/1665
  ███████████░░░░░░░░░░░░░░  46%  Streaming frame 635/1665
  ███████████░░░░░░░░░░░░░░  46%  Streaming frame 636/1665
  ███████████░░░░░░░░░░░░░░  46%  Streaming frame 637/1665
  ███████████░░░░░░░░░░░░░░  46%  Streaming frame 638/1665
  ███████████░░░░░░░░░░░░░░  46%  Streaming frame 639/1665
  ███████████░░░░░░░░░░░░░░  46%  Streaming frame 640/1665
  ███████████░░░░░░░░░░░░░░  46%  Streaming frame 641/1665
  ███████████░░░░░░░░░░░░░░  46%  Streaming frame 642/1665
  ███████████░░░░░░░░░░░░░░  46%  Streaming frame 643/1665
  ███████████░░░░░░░░░░░░░░  46%  Streaming frame 644/1665
  ███████████░░░░░░░░░░░░░░  46%  Streaming frame 645/1665
  ███████████░░░░░░░░░░░░░░  46%  Streaming frame 646/1665
  ███████████░░░░░░░░░░░░░░  46%  Streaming frame 647/1665
  ███████████░░░░░░░░░░░░░░  46%  Streaming frame 648/1665
  ███████████░░░░░░░░░░░░░░  46%  Streaming frame 649/1665
  ███████████░░░░░░░░░░░░░░  46%  Streaming frame 650/1665
  ███████████░░░░░░░░░░░░░░  47%  Streaming frame 651/1665
  ███████████░░░░░░░░░░░░░░  47%  Streaming frame 652/1665
  ███████████░░░░░░░░░░░░░░  47%  Streaming frame 653/1665
  ███████████░░░░░░░░░░░░░░  47%  Streaming frame 654/1665
  ███████████░░░░░░░░░░░░░░  47%  Streaming frame 655/1665
  ███████████░░░░░░░░░░░░░░  47%  Streaming frame 656/1665
  ███████████░░░░░░░░░░░░░░  47%  Streaming frame 657/1665
  ███████████░░░░░░░░░░░░░░  47%  Streaming frame 658/1665
  ███████████░░░░░░░░░░░░░░  47%  Streaming frame 659/1665
  ███████████░░░░░░░░░░░░░░  47%  Streaming frame 660/1665
  ███████████░░░░░░░░░░░░░░  47%  Streaming frame 661/1665
  ███████████░░░░░░░░░░░░░░  47%  Streaming frame 662/1665
  ███████████░░░░░░░░░░░░░░  47%  Streaming frame 663/1665
  ███████████░░░░░░░░░░░░░░  47%  Streaming frame 664/1665
  ███████████░░░░░░░░░░░░░░  47%  Streaming frame 665/1665
  ███████████░░░░░░░░░░░░░░  47%  Streaming frame 666/1665
  ███████████░░░░░░░░░░░░░░  47%  Streaming frame 667/1665
  ███████████░░░░░░░░░░░░░░  47%  Streaming frame 668/1665
  ███████████░░░░░░░░░░░░░░  47%  Streaming frame 669/1665
  ███████████░░░░░░░░░░░░░░  47%  Streaming frame 670/1665
  ███████████░░░░░░░░░░░░░░  47%  Streaming frame 671/1665
  ███████████░░░░░░░░░░░░░░  47%  Streaming frame 672/1665
  ███████████░░░░░░░░░░░░░░  47%  Streaming frame 673/1665
  ███████████░░░░░░░░░░░░░░  47%  Streaming frame 674/1665
  ███████████░░░░░░░░░░░░░░  47%  Streaming frame 675/1665
  ███████████░░░░░░░░░░░░░░  47%  Streaming frame 676/1665
  ███████████░░░░░░░░░░░░░░  47%  Streaming frame 677/1665
  ███████████░░░░░░░░░░░░░░  47%  Streaming frame 678/1665
  ███████████░░░░░░░░░░░░░░  47%  Streaming frame 679/1665
  ███████████░░░░░░░░░░░░░░  47%  Streaming frame 680/1665
  ███████████░░░░░░░░░░░░░░  47%  Streaming frame 681/1665
  ████████████░░░░░░░░░░░░░  48%  Streaming frame 682/1665
  ████████████░░░░░░░░░░░░░  48%  Streaming frame 683/1665
  ████████████░░░░░░░░░░░░░  48%  Streaming frame 684/1665
  ████████████░░░░░░░░░░░░░  48%  Streaming frame 685/1665
  ████████████░░░░░░░░░░░░░  48%  Streaming frame 686/1665
  ████████████░░░░░░░░░░░░░  48%  Streaming frame 687/1665
  ████████████░░░░░░░░░░░░░  48%  Streaming frame 688/1665
  ████████████░░░░░░░░░░░░░  48%  Streaming frame 689/1665
  ████████████░░░░░░░░░░░░░  48%  Streaming frame 690/1665
  ████████████░░░░░░░░░░░░░  48%  Streaming frame 691/1665
  ████████████░░░░░░░░░░░░░  48%  Streaming frame 692/1665
  ████████████░░░░░░░░░░░░░  48%  Streaming frame 693/1665
  ████████████░░░░░░░░░░░░░  48%  Streaming frame 694/1665
  ████████████░░░░░░░░░░░░░  48%  Streaming frame 695/1665
  ████████████░░░░░░░░░░░░░  48%  Streaming frame 696/1665
  ████████████░░░░░░░░░░░░░  48%  Streaming frame 697/1665
  ████████████░░░░░░░░░░░░░  48%  Streaming frame 698/1665
  ████████████░░░░░░░░░░░░░  48%  Streaming frame 699/1665
  ████████████░░░░░░░░░░░░░  48%  Streaming frame 700/1665
  ████████████░░░░░░░░░░░░░  48%  Streaming frame 701/1665
  ████████████░░░░░░░░░░░░░  48%  Streaming frame 702/1665
  ████████████░░░░░░░░░░░░░  48%  Streaming frame 703/1665
  ████████████░░░░░░░░░░░░░  48%  Streaming frame 704/1665
  ████████████░░░░░░░░░░░░░  48%  Streaming frame 705/1665
  ████████████░░░░░░░░░░░░░  48%  Streaming frame 706/1665
  ████████████░░░░░░░░░░░░░  48%  Streaming frame 707/1665
  ████████████░░░░░░░░░░░░░  48%  Streaming frame 708/1665
  ████████████░░░░░░░░░░░░░  48%  Streaming frame 709/1665
  ████████████░░░░░░░░░░░░░  48%  Streaming frame 710/1665
  ████████████░░░░░░░░░░░░░  48%  Streaming frame 711/1665
  ████████████░░░░░░░░░░░░░  49%  Streaming frame 712/1665
  ████████████░░░░░░░░░░░░░  49%  Streaming frame 713/1665
  ████████████░░░░░░░░░░░░░  49%  Streaming frame 714/1665
  ████████████░░░░░░░░░░░░░  49%  Streaming frame 715/1665
  ████████████░░░░░░░░░░░░░  49%  Streaming frame 716/1665
  ████████████░░░░░░░░░░░░░  49%  Streaming frame 717/1665
  ████████████░░░░░░░░░░░░░  49%  Streaming frame 718/1665
  ████████████░░░░░░░░░░░░░  49%  Streaming frame 719/1665
  ████████████░░░░░░░░░░░░░  49%  Streaming frame 720/1665
  ████████████░░░░░░░░░░░░░  49%  Streaming frame 721/1665
  ████████████░░░░░░░░░░░░░  49%  Streaming frame 722/1665
  ████████████░░░░░░░░░░░░░  49%  Streaming frame 723/1665
  ████████████░░░░░░░░░░░░░  49%  Streaming frame 724/1665
  ████████████░░░░░░░░░░░░░  49%  Streaming frame 725/1665
  ████████████░░░░░░░░░░░░░  49%  Streaming frame 726/1665
  ████████████░░░░░░░░░░░░░  49%  Streaming frame 727/1665
  ████████████░░░░░░░░░░░░░  49%  Streaming frame 728/1665
  ████████████░░░░░░░░░░░░░  49%  Streaming frame 729/1665
  ████████████░░░░░░░░░░░░░  49%  Streaming frame 730/1665
  ████████████░░░░░░░░░░░░░  49%  Streaming frame 731/1665
  ████████████░░░░░░░░░░░░░  49%  Streaming frame 732/1665
  ████████████░░░░░░░░░░░░░  49%  Streaming frame 733/1665
  ████████████░░░░░░░░░░░░░  49%  Streaming frame 734/1665
  ████████████░░░░░░░░░░░░░  49%  Streaming frame 735/1665
  ████████████░░░░░░░░░░░░░  49%  Streaming frame 736/1665
  ████████████░░░░░░░░░░░░░  49%  Streaming frame 737/1665
  ████████████░░░░░░░░░░░░░  49%  Streaming frame 738/1665
  ████████████░░░░░░░░░░░░░  49%  Streaming frame 739/1665
  ████████████░░░░░░░░░░░░░  49%  Streaming frame 740/1665
  ████████████░░░░░░░░░░░░░  49%  Streaming frame 741/1665
  ████████████░░░░░░░░░░░░░  50%  Streaming frame 742/1665
  ████████████░░░░░░░░░░░░░  50%  Streaming frame 743/1665
  ████████████░░░░░░░░░░░░░  50%  Streaming frame 744/1665
  ████████████░░░░░░░░░░░░░  50%  Streaming frame 745/1665
  ████████████░░░░░░░░░░░░░  50%  Streaming frame 746/1665
  ████████████░░░░░░░░░░░░░  50%  Streaming frame 747/1665
  ████████████░░░░░░░░░░░░░  50%  Streaming frame 748/1665
  ████████████░░░░░░░░░░░░░  50%  Streaming frame 749/1665
  ████████████░░░░░░░░░░░░░  50%  Streaming frame 750/1665
  ████████████░░░░░░░░░░░░░  50%  Streaming frame 751/1665
  ████████████░░░░░░░░░░░░░  50%  Streaming frame 752/1665
  ████████████░░░░░░░░░░░░░  50%  Streaming frame 753/1665
  ████████████░░░░░░░░░░░░░  50%  Streaming frame 754/1665
  ████████████░░░░░░░░░░░░░  50%  Streaming frame 755/1665
  ████████████░░░░░░░░░░░░░  50%  Streaming frame 756/1665
  ████████████░░░░░░░░░░░░░  50%  Streaming frame 757/1665
  ████████████░░░░░░░░░░░░░  50%  Streaming frame 758/1665
  ████████████░░░░░░░░░░░░░  50%  Streaming frame 759/1665
  ████████████░░░░░░░░░░░░░  50%  Streaming frame 760/1665
  ████████████░░░░░░░░░░░░░  50%  Streaming frame 761/1665
  ████████████░░░░░░░░░░░░░  50%  Streaming frame 762/1665
  ████████████░░░░░░░░░░░░░  50%  Streaming frame 763/1665
  ████████████░░░░░░░░░░░░░  50%  Streaming frame 764/1665
  ████████████░░░░░░░░░░░░░  50%  Streaming frame 765/1665
  ████████████░░░░░░░░░░░░░  50%  Streaming frame 766/1665
  ████████████░░░░░░░░░░░░░  50%  Streaming frame 767/1665
  ████████████░░░░░░░░░░░░░  50%  Streaming frame 768/1665
  ████████████░░░░░░░░░░░░░  50%  Streaming frame 769/1665
  ████████████░░░░░░░░░░░░░  50%  Streaming frame 770/1665
  ████████████░░░░░░░░░░░░░  50%  Streaming frame 771/1665
  ████████████░░░░░░░░░░░░░  51%  Streaming frame 772/1665
  ████████████░░░░░░░░░░░░░  51%  Streaming frame 773/1665
  ████████████░░░░░░░░░░░░░  51%  Streaming frame 774/1665
  ████████████░░░░░░░░░░░░░  51%  Streaming frame 775/1665
  ████████████░░░░░░░░░░░░░  51%  Streaming frame 776/1665
  ████████████░░░░░░░░░░░░░  51%  Streaming frame 777/1665
  ████████████░░░░░░░░░░░░░  51%  Streaming frame 778/1665
  ████████████░░░░░░░░░░░░░  51%  Streaming frame 779/1665
  ████████████░░░░░░░░░░░░░  51%  Streaming frame 780/1665
  ████████████░░░░░░░░░░░░░  51%  Streaming frame 781/1665
  ████████████░░░░░░░░░░░░░  51%  Streaming frame 782/1665
  ████████████░░░░░░░░░░░░░  51%  Streaming frame 783/1665
  ████████████░░░░░░░░░░░░░  51%  Streaming frame 784/1665
  ████████████░░░░░░░░░░░░░  51%  Streaming frame 785/1665
  ████████████░░░░░░░░░░░░░  51%  Streaming frame 786/1665
  ████████████░░░░░░░░░░░░░  51%  Streaming frame 787/1665
  ████████████░░░░░░░░░░░░░  51%  Streaming frame 788/1665
  ████████████░░░░░░░░░░░░░  51%  Streaming frame 789/1665
  ████████████░░░░░░░░░░░░░  51%  Streaming frame 790/1665
  ████████████░░░░░░░░░░░░░  51%  Streaming frame 791/1665
  ████████████░░░░░░░░░░░░░  51%  Streaming frame 792/1665
  ████████████░░░░░░░░░░░░░  51%  Streaming frame 793/1665
  ████████████░░░░░░░░░░░░░  51%  Streaming frame 794/1665
  ████████████░░░░░░░░░░░░░  51%  Streaming frame 795/1665
  ████████████░░░░░░░░░░░░░  51%  Streaming frame 796/1665
  ████████████░░░░░░░░░░░░░  51%  Streaming frame 797/1665
  ████████████░░░░░░░░░░░░░  51%  Streaming frame 798/1665
  ████████████░░░░░░░░░░░░░  51%  Streaming frame 799/1665
  ████████████░░░░░░░░░░░░░  51%  Streaming frame 800/1665
  ████████████░░░░░░░░░░░░░  51%  Streaming frame 801/1665
  ████████████░░░░░░░░░░░░░  51%  Streaming frame 802/1665
  █████████████░░░░░░░░░░░░  52%  Streaming frame 803/1665
  █████████████░░░░░░░░░░░░  52%  Streaming frame 804/1665
  █████████████░░░░░░░░░░░░  52%  Streaming frame 805/1665
  █████████████░░░░░░░░░░░░  52%  Streaming frame 806/1665
  █████████████░░░░░░░░░░░░  52%  Streaming frame 807/1665
  █████████████░░░░░░░░░░░░  52%  Streaming frame 808/1665
  █████████████░░░░░░░░░░░░  52%  Streaming frame 809/1665
  █████████████░░░░░░░░░░░░  52%  Streaming frame 810/1665
  █████████████░░░░░░░░░░░░  52%  Streaming frame 811/1665
  █████████████░░░░░░░░░░░░  52%  Streaming frame 812/1665
  █████████████░░░░░░░░░░░░  52%  Streaming frame 813/1665
  █████████████░░░░░░░░░░░░  52%  Streaming frame 814/1665
  █████████████░░░░░░░░░░░░  52%  Streaming frame 815/1665
  █████████████░░░░░░░░░░░░  52%  Streaming frame 816/1665
  █████████████░░░░░░░░░░░░  52%  Streaming frame 817/1665
  █████████████░░░░░░░░░░░░  52%  Streaming frame 818/1665
  █████████████░░░░░░░░░░░░  52%  Streaming frame 819/1665
  █████████████░░░░░░░░░░░░  52%  Streaming frame 820/1665
  █████████████░░░░░░░░░░░░  52%  Streaming frame 821/1665
  █████████████░░░░░░░░░░░░  52%  Streaming frame 822/1665
  █████████████░░░░░░░░░░░░  52%  Streaming frame 823/1665
  █████████████░░░░░░░░░░░░  52%  Streaming frame 824/1665
  █████████████░░░░░░░░░░░░  52%  Streaming frame 825/1665
  █████████████░░░░░░░░░░░░  52%  Streaming frame 826/1665
  █████████████░░░░░░░░░░░░  52%  Streaming frame 827/1665
  █████████████░░░░░░░░░░░░  52%  Streaming frame 828/1665
  █████████████░░░░░░░░░░░░  52%  Streaming frame 829/1665
  █████████████░░░░░░░░░░░░  52%  Streaming frame 830/1665
  █████████████░░░░░░░░░░░░  52%  Streaming frame 831/1665
  █████████████░░░░░░░░░░░░  52%  Streaming frame 832/1665
  █████████████░░░░░░░░░░░░  53%  Streaming frame 833/1665
  █████████████░░░░░░░░░░░░  53%  Streaming frame 834/1665
  █████████████░░░░░░░░░░░░  53%  Streaming frame 835/1665
  █████████████░░░░░░░░░░░░  53%  Streaming frame 836/1665
  █████████████░░░░░░░░░░░░  53%  Streaming frame 837/1665
  █████████████░░░░░░░░░░░░  53%  Streaming frame 838/1665
  █████████████░░░░░░░░░░░░  53%  Streaming frame 839/1665
  █████████████░░░░░░░░░░░░  53%  Streaming frame 840/1665
  █████████████░░░░░░░░░░░░  53%  Streaming frame 841/1665
  █████████████░░░░░░░░░░░░  53%  Streaming frame 842/1665
  █████████████░░░░░░░░░░░░  53%  Streaming frame 843/1665
  █████████████░░░░░░░░░░░░  53%  Streaming frame 844/1665
  █████████████░░░░░░░░░░░░  53%  Streaming frame 845/1665
  █████████████░░░░░░░░░░░░  53%  Streaming frame 846/1665
  █████████████░░░░░░░░░░░░  53%  Streaming frame 847/1665
  █████████████░░░░░░░░░░░░  53%  Streaming frame 848/1665
  █████████████░░░░░░░░░░░░  53%  Streaming frame 849/1665
  █████████████░░░░░░░░░░░░  53%  Streaming frame 850/1665
  █████████████░░░░░░░░░░░░  53%  Streaming frame 851/1665
  █████████████░░░░░░░░░░░░  53%  Streaming frame 852/1665
  █████████████░░░░░░░░░░░░  53%  Streaming frame 853/1665
  █████████████░░░░░░░░░░░░  53%  Streaming frame 854/1665
  █████████████░░░░░░░░░░░░  53%  Streaming frame 855/1665
  █████████████░░░░░░░░░░░░  53%  Streaming frame 856/1665
  █████████████░░░░░░░░░░░░  53%  Streaming frame 857/1665
  █████████████░░░░░░░░░░░░  53%  Streaming frame 858/1665
  █████████████░░░░░░░░░░░░  53%  Streaming frame 859/1665
  █████████████░░░░░░░░░░░░  53%  Streaming frame 860/1665
  █████████████░░░░░░░░░░░░  53%  Streaming frame 861/1665
  █████████████░░░░░░░░░░░░  53%  Streaming frame 862/1665
  █████████████░░░░░░░░░░░░  54%  Streaming frame 863/1665
  █████████████░░░░░░░░░░░░  54%  Streaming frame 864/1665
  █████████████░░░░░░░░░░░░  54%  Streaming frame 865/1665
  █████████████░░░░░░░░░░░░  54%  Streaming frame 866/1665
  █████████████░░░░░░░░░░░░  54%  Streaming frame 867/1665
  █████████████░░░░░░░░░░░░  54%  Streaming frame 868/1665
  █████████████░░░░░░░░░░░░  54%  Streaming frame 869/1665
  █████████████░░░░░░░░░░░░  54%  Streaming frame 870/1665
  █████████████░░░░░░░░░░░░  54%  Streaming frame 871/1665
  █████████████░░░░░░░░░░░░  54%  Streaming frame 872/1665
  █████████████░░░░░░░░░░░░  54%  Streaming frame 873/1665
  █████████████░░░░░░░░░░░░  54%  Streaming frame 874/1665
  █████████████░░░░░░░░░░░░  54%  Streaming frame 875/1665
  █████████████░░░░░░░░░░░░  54%  Streaming frame 876/1665
  █████████████░░░░░░░░░░░░  54%  Streaming frame 877/1665
  █████████████░░░░░░░░░░░░  54%  Streaming frame 878/1665
  █████████████░░░░░░░░░░░░  54%  Streaming frame 879/1665
  █████████████░░░░░░░░░░░░  54%  Streaming frame 880/1665
  █████████████░░░░░░░░░░░░  54%  Streaming frame 881/1665
  █████████████░░░░░░░░░░░░  54%  Streaming frame 882/1665
  █████████████░░░░░░░░░░░░  54%  Streaming frame 883/1665
  █████████████░░░░░░░░░░░░  54%  Streaming frame 884/1665
  █████████████░░░░░░░░░░░░  54%  Streaming frame 885/1665
  █████████████░░░░░░░░░░░░  54%  Streaming frame 886/1665
  █████████████░░░░░░░░░░░░  54%  Streaming frame 887/1665
  █████████████░░░░░░░░░░░░  54%  Streaming frame 888/1665
  █████████████░░░░░░░░░░░░  54%  Streaming frame 889/1665
  █████████████░░░░░░░░░░░░  54%  Streaming frame 890/1665
  █████████████░░░░░░░░░░░░  54%  Streaming frame 891/1665
  █████████████░░░░░░░░░░░░  54%  Streaming frame 892/1665
  █████████████░░░░░░░░░░░░  54%  Streaming frame 893/1665
  █████████████░░░░░░░░░░░░  55%  Streaming frame 894/1665
  █████████████░░░░░░░░░░░░  55%  Streaming frame 895/1665
  █████████████░░░░░░░░░░░░  55%  Streaming frame 896/1665
  █████████████░░░░░░░░░░░░  55%  Streaming frame 897/1665
  █████████████░░░░░░░░░░░░  55%  Streaming frame 898/1665
  █████████████░░░░░░░░░░░░  55%  Streaming frame 899/1665
  █████████████░░░░░░░░░░░░  55%  Streaming frame 900/1665
  █████████████░░░░░░░░░░░░  55%  Streaming frame 901/1665
  █████████████░░░░░░░░░░░░  55%  Streaming frame 902/1665
  █████████████░░░░░░░░░░░░  55%  Streaming frame 903/1665
  █████████████░░░░░░░░░░░░  55%  Streaming frame 904/1665
  █████████████░░░░░░░░░░░░  55%  Streaming frame 905/1665
  █████████████░░░░░░░░░░░░  55%  Streaming frame 906/1665
  █████████████░░░░░░░░░░░░  55%  Streaming frame 907/1665
  █████████████░░░░░░░░░░░░  55%  Streaming frame 908/1665
  █████████████░░░░░░░░░░░░  55%  Streaming frame 909/1665
  █████████████░░░░░░░░░░░░  55%  Streaming frame 910/1665
  █████████████░░░░░░░░░░░░  55%  Streaming frame 911/1665
  █████████████░░░░░░░░░░░░  55%  Streaming frame 912/1665
  █████████████░░░░░░░░░░░░  55%  Streaming frame 913/1665
  █████████████░░░░░░░░░░░░  55%  Streaming frame 914/1665
  █████████████░░░░░░░░░░░░  55%  Streaming frame 915/1665
  █████████████░░░░░░░░░░░░  55%  Streaming frame 916/1665
  █████████████░░░░░░░░░░░░  55%  Streaming frame 917/1665
  █████████████░░░░░░░░░░░░  55%  Streaming frame 918/1665
  █████████████░░░░░░░░░░░░  55%  Streaming frame 919/1665
  █████████████░░░░░░░░░░░░  55%  Streaming frame 920/1665
  █████████████░░░░░░░░░░░░  55%  Streaming frame 921/1665
  █████████████░░░░░░░░░░░░  55%  Streaming frame 922/1665
  █████████████░░░░░░░░░░░░  55%  Streaming frame 923/1665
  ██████████████░░░░░░░░░░░  56%  Streaming frame 924/1665
  ██████████████░░░░░░░░░░░  56%  Streaming frame 925/1665
  ██████████████░░░░░░░░░░░  56%  Streaming frame 926/1665
  ██████████████░░░░░░░░░░░  56%  Streaming frame 927/1665
  ██████████████░░░░░░░░░░░  56%  Streaming frame 928/1665
  ██████████████░░░░░░░░░░░  56%  Streaming frame 929/1665
  ██████████████░░░░░░░░░░░  56%  Streaming frame 930/1665
  ██████████████░░░░░░░░░░░  56%  Streaming frame 931/1665
  ██████████████░░░░░░░░░░░  56%  Streaming frame 932/1665
  ██████████████░░░░░░░░░░░  56%  Streaming frame 933/1665
  ██████████████░░░░░░░░░░░  56%  Streaming frame 934/1665
  ██████████████░░░░░░░░░░░  56%  Streaming frame 935/1665
  ██████████████░░░░░░░░░░░  56%  Streaming frame 936/1665
  ██████████████░░░░░░░░░░░  56%  Streaming frame 937/1665
  ██████████████░░░░░░░░░░░  56%  Streaming frame 938/1665
  ██████████████░░░░░░░░░░░  56%  Streaming frame 939/1665
  ██████████████░░░░░░░░░░░  56%  Streaming frame 940/1665
  ██████████████░░░░░░░░░░░  56%  Streaming frame 941/1665
  ██████████████░░░░░░░░░░░  56%  Streaming frame 942/1665
  ██████████████░░░░░░░░░░░  56%  Streaming frame 943/1665
  ██████████████░░░░░░░░░░░  56%  Streaming frame 944/1665
  ██████████████░░░░░░░░░░░  56%  Streaming frame 945/1665
  ██████████████░░░░░░░░░░░  56%  Streaming frame 946/1665
  ██████████████░░░░░░░░░░░  56%  Streaming frame 947/1665
  ██████████████░░░░░░░░░░░  56%  Streaming frame 948/1665
  ██████████████░░░░░░░░░░░  56%  Streaming frame 949/1665
  ██████████████░░░░░░░░░░░  56%  Streaming frame 950/1665
  ██████████████░░░░░░░░░░░  56%  Streaming frame 951/1665
  ██████████████░░░░░░░░░░░  56%  Streaming frame 952/1665
  ██████████████░░░░░░░░░░░  56%  Streaming frame 953/1665
  ██████████████░░░░░░░░░░░  57%  Streaming frame 954/1665
  ██████████████░░░░░░░░░░░  57%  Streaming frame 955/1665
  ██████████████░░░░░░░░░░░  57%  Streaming frame 956/1665
  ██████████████░░░░░░░░░░░  57%  Streaming frame 957/1665
  ██████████████░░░░░░░░░░░  57%  Streaming frame 958/1665
  ██████████████░░░░░░░░░░░  57%  Streaming frame 959/1665
  ██████████████░░░░░░░░░░░  57%  Streaming frame 960/1665
  ██████████████░░░░░░░░░░░  57%  Streaming frame 961/1665
  ██████████████░░░░░░░░░░░  57%  Streaming frame 962/1665
  ██████████████░░░░░░░░░░░  57%  Streaming frame 963/1665
  ██████████████░░░░░░░░░░░  57%  Streaming frame 964/1665
  ██████████████░░░░░░░░░░░  57%  Streaming frame 965/1665
  ██████████████░░░░░░░░░░░  57%  Streaming frame 966/1665
  ██████████████░░░░░░░░░░░  57%  Streaming frame 967/1665
  ██████████████░░░░░░░░░░░  57%  Streaming frame 968/1665
  ██████████████░░░░░░░░░░░  57%  Streaming frame 969/1665
  ██████████████░░░░░░░░░░░  57%  Streaming frame 970/1665
  ██████████████░░░░░░░░░░░  57%  Streaming frame 971/1665
  ██████████████░░░░░░░░░░░  57%  Streaming frame 972/1665
  ██████████████░░░░░░░░░░░  57%  Streaming frame 973/1665
  ██████████████░░░░░░░░░░░  57%  Streaming frame 974/1665
  ██████████████░░░░░░░░░░░  57%  Streaming frame 975/1665
  ██████████████░░░░░░░░░░░  57%  Streaming frame 976/1665
  ██████████████░░░░░░░░░░░  57%  Streaming frame 977/1665
  ██████████████░░░░░░░░░░░  57%  Streaming frame 978/1665
  ██████████████░░░░░░░░░░░  57%  Streaming frame 979/1665
  ██████████████░░░░░░░░░░░  57%  Streaming frame 980/1665
  ██████████████░░░░░░░░░░░  57%  Streaming frame 981/1665
  ██████████████░░░░░░░░░░░  57%  Streaming frame 982/1665
  ██████████████░░░░░░░░░░░  57%  Streaming frame 983/1665
  ██████████████░░░░░░░░░░░  58%  Streaming frame 984/1665
  ██████████████░░░░░░░░░░░  58%  Streaming frame 985/1665
  ██████████████░░░░░░░░░░░  58%  Streaming frame 986/1665
  ██████████████░░░░░░░░░░░  58%  Streaming frame 987/1665
  ██████████████░░░░░░░░░░░  58%  Streaming frame 988/1665
  ██████████████░░░░░░░░░░░  58%  Streaming frame 989/1665
  ██████████████░░░░░░░░░░░  58%  Streaming frame 990/1665
  ██████████████░░░░░░░░░░░  58%  Streaming frame 991/1665
  ██████████████░░░░░░░░░░░  58%  Streaming frame 992/1665
  ██████████████░░░░░░░░░░░  58%  Streaming frame 993/1665
  ██████████████░░░░░░░░░░░  58%  Streaming frame 994/1665
  ██████████████░░░░░░░░░░░  58%  Streaming frame 995/1665
  ██████████████░░░░░░░░░░░  58%  Streaming frame 996/1665
  ██████████████░░░░░░░░░░░  58%  Streaming frame 997/1665
  ██████████████░░░░░░░░░░░  58%  Streaming frame 998/1665
  ██████████████░░░░░░░░░░░  58%  Streaming frame 999/1665
  ██████████████░░░░░░░░░░░  58%  Streaming frame 1000/1665
  ██████████████░░░░░░░░░░░  58%  Streaming frame 1001/1665
  ██████████████░░░░░░░░░░░  58%  Streaming frame 1002/1665
  ██████████████░░░░░░░░░░░  58%  Streaming frame 1003/1665
  ██████████████░░░░░░░░░░░  58%  Streaming frame 1004/1665
  ██████████████░░░░░░░░░░░  58%  Streaming frame 1005/1665
  ██████████████░░░░░░░░░░░  58%  Streaming frame 1006/1665
  ██████████████░░░░░░░░░░░  58%  Streaming frame 1007/1665
  ██████████████░░░░░░░░░░░  58%  Streaming frame 1008/1665
  ██████████████░░░░░░░░░░░  58%  Streaming frame 1009/1665
  ██████████████░░░░░░░░░░░  58%  Streaming frame 1010/1665
  ██████████████░░░░░░░░░░░  58%  Streaming frame 1011/1665
  ██████████████░░░░░░░░░░░  58%  Streaming frame 1012/1665
  ██████████████░░░░░░░░░░░  58%  Streaming frame 1013/1665
  ██████████████░░░░░░░░░░░  58%  Streaming frame 1014/1665
  ██████████████░░░░░░░░░░░  59%  Streaming frame 1015/1665
  ██████████████░░░░░░░░░░░  59%  Streaming frame 1016/1665
  ██████████████░░░░░░░░░░░  59%  Streaming frame 1017/1665
  ██████████████░░░░░░░░░░░  59%  Streaming frame 1018/1665
  ██████████████░░░░░░░░░░░  59%  Streaming frame 1019/1665
  ██████████████░░░░░░░░░░░  59%  Streaming frame 1020/1665
  ██████████████░░░░░░░░░░░  59%  Streaming frame 1021/1665
  ██████████████░░░░░░░░░░░  59%  Streaming frame 1022/1665
  ██████████████░░░░░░░░░░░  59%  Streaming frame 1023/1665
  ██████████████░░░░░░░░░░░  59%  Streaming frame 1024/1665
  ██████████████░░░░░░░░░░░  59%  Streaming frame 1025/1665
  ██████████████░░░░░░░░░░░  59%  Streaming frame 1026/1665
  ██████████████░░░░░░░░░░░  59%  Streaming frame 1027/1665
  ██████████████░░░░░░░░░░░  59%  Streaming frame 1028/1665
  ██████████████░░░░░░░░░░░  59%  Streaming frame 1029/1665
  ██████████████░░░░░░░░░░░  59%  Streaming frame 1030/1665
  ██████████████░░░░░░░░░░░  59%  Streaming frame 1031/1665
  ██████████████░░░░░░░░░░░  59%  Streaming frame 1032/1665
  ██████████████░░░░░░░░░░░  59%  Streaming frame 1033/1665
  ██████████████░░░░░░░░░░░  59%  Streaming frame 1034/1665
  ██████████████░░░░░░░░░░░  59%  Streaming frame 1035/1665
  ██████████████░░░░░░░░░░░  59%  Streaming frame 1036/1665
  ██████████████░░░░░░░░░░░  59%  Streaming frame 1037/1665
  ██████████████░░░░░░░░░░░  59%  Streaming frame 1038/1665
  ██████████████░░░░░░░░░░░  59%  Streaming frame 1039/1665
  ██████████████░░░░░░░░░░░  59%  Streaming frame 1040/1665
  ██████████████░░░░░░░░░░░  59%  Streaming frame 1041/1665
  ██████████████░░░░░░░░░░░  59%  Streaming frame 1042/1665
  ██████████████░░░░░░░░░░░  59%  Streaming frame 1043/1665
  ██████████████░░░░░░░░░░░  59%  Streaming frame 1044/1665
  ███████████████░░░░░░░░░░  60%  Streaming frame 1045/1665
  ███████████████░░░░░░░░░░  60%  Streaming frame 1046/1665
  ███████████████░░░░░░░░░░  60%  Streaming frame 1047/1665
  ███████████████░░░░░░░░░░  60%  Streaming frame 1048/1665
  ███████████████░░░░░░░░░░  60%  Streaming frame 1049/1665
  ███████████████░░░░░░░░░░  60%  Streaming frame 1050/1665
  ███████████████░░░░░░░░░░  60%  Streaming frame 1051/1665
  ███████████████░░░░░░░░░░  60%  Streaming frame 1052/1665
  ███████████████░░░░░░░░░░  60%  Streaming frame 1053/1665
  ███████████████░░░░░░░░░░  60%  Streaming frame 1054/1665
  ███████████████░░░░░░░░░░  60%  Streaming frame 1055/1665
  ███████████████░░░░░░░░░░  60%  Streaming frame 1056/1665
  ███████████████░░░░░░░░░░  60%  Streaming frame 1057/1665
  ███████████████░░░░░░░░░░  60%  Streaming frame 1058/1665
  ███████████████░░░░░░░░░░  60%  Streaming frame 1059/1665
  ███████████████░░░░░░░░░░  60%  Streaming frame 1060/1665
  ███████████████░░░░░░░░░░  60%  Streaming frame 1061/1665
  ███████████████░░░░░░░░░░  60%  Streaming frame 1062/1665
  ███████████████░░░░░░░░░░  60%  Streaming frame 1063/1665
  ███████████████░░░░░░░░░░  60%  Streaming frame 1064/1665
  ███████████████░░░░░░░░░░  60%  Streaming frame 1065/1665
  ███████████████░░░░░░░░░░  60%  Streaming frame 1066/1665
  ███████████████░░░░░░░░░░  60%  Streaming frame 1067/1665
  ███████████████░░░░░░░░░░  60%  Streaming frame 1068/1665
  ███████████████░░░░░░░░░░  60%  Streaming frame 1069/1665
  ███████████████░░░░░░░░░░  60%  Streaming frame 1070/1665
  ███████████████░░░░░░░░░░  60%  Streaming frame 1071/1665
  ███████████████░░░░░░░░░░  60%  Streaming frame 1072/1665
  ███████████████░░░░░░░░░░  60%  Streaming frame 1073/1665
  ███████████████░░░░░░░░░░  60%  Streaming frame 1074/1665
  ███████████████░░░░░░░░░░  61%  Streaming frame 1075/1665
  ███████████████░░░░░░░░░░  61%  Streaming frame 1076/1665
  ███████████████░░░░░░░░░░  61%  Streaming frame 1077/1665
  ███████████████░░░░░░░░░░  61%  Streaming frame 1078/1665
  ███████████████░░░░░░░░░░  61%  Streaming frame 1079/1665
  ███████████████░░░░░░░░░░  61%  Streaming frame 1080/1665
  ███████████████░░░░░░░░░░  61%  Streaming frame 1081/1665
  ███████████████░░░░░░░░░░  61%  Streaming frame 1082/1665
  ███████████████░░░░░░░░░░  61%  Streaming frame 1083/1665
  ███████████████░░░░░░░░░░  61%  Streaming frame 1084/1665
  ███████████████░░░░░░░░░░  61%  Streaming frame 1085/1665
  ███████████████░░░░░░░░░░  61%  Streaming frame 1086/1665
  ███████████████░░░░░░░░░░  61%  Streaming frame 1087/1665
  ███████████████░░░░░░░░░░  61%  Streaming frame 1088/1665
  ███████████████░░░░░░░░░░  61%  Streaming frame 1089/1665
  ███████████████░░░░░░░░░░  61%  Streaming frame 1090/1665
  ███████████████░░░░░░░░░░  61%  Streaming frame 1091/1665
  ███████████████░░░░░░░░░░  61%  Streaming frame 1092/1665
  ███████████████░░░░░░░░░░  61%  Streaming frame 1093/1665
  ███████████████░░░░░░░░░░  61%  Streaming frame 1094/1665
  ███████████████░░░░░░░░░░  61%  Streaming frame 1095/1665
  ███████████████░░░░░░░░░░  61%  Streaming frame 1096/1665
  ███████████████░░░░░░░░░░  61%  Streaming frame 1097/1665
  ███████████████░░░░░░░░░░  61%  Streaming frame 1098/1665
  ███████████████░░░░░░░░░░  61%  Streaming frame 1099/1665
  ███████████████░░░░░░░░░░  61%  Streaming frame 1100/1665
  ███████████████░░░░░░░░░░  61%  Streaming frame 1101/1665
  ███████████████░░░░░░░░░░  61%  Streaming frame 1102/1665
  ███████████████░░░░░░░░░░  61%  Streaming frame 1103/1665
  ███████████████░░░░░░░░░░  61%  Streaming frame 1104/1665
  ███████████████░░░░░░░░░░  62%  Streaming frame 1105/1665
  ███████████████░░░░░░░░░░  62%  Streaming frame 1106/1665
  ███████████████░░░░░░░░░░  62%  Streaming frame 1107/1665
  ███████████████░░░░░░░░░░  62%  Streaming frame 1108/1665
  ███████████████░░░░░░░░░░  62%  Streaming frame 1109/1665
  ███████████████░░░░░░░░░░  62%  Streaming frame 1110/1665
  ███████████████░░░░░░░░░░  62%  Streaming frame 1111/1665
  ███████████████░░░░░░░░░░  62%  Streaming frame 1112/1665
  ███████████████░░░░░░░░░░  62%  Streaming frame 1113/1665
  ███████████████░░░░░░░░░░  62%  Streaming frame 1114/1665
  ███████████████░░░░░░░░░░  62%  Streaming frame 1115/1665
  ███████████████░░░░░░░░░░  62%  Streaming frame 1116/1665
  ███████████████░░░░░░░░░░  62%  Streaming frame 1117/1665
  ███████████████░░░░░░░░░░  62%  Streaming frame 1118/1665
  ███████████████░░░░░░░░░░  62%  Streaming frame 1119/1665
  ███████████████░░░░░░░░░░  62%  Streaming frame 1120/1665
  ███████████████░░░░░░░░░░  62%  Streaming frame 1121/1665
  ███████████████░░░░░░░░░░  62%  Streaming frame 1122/1665
  ███████████████░░░░░░░░░░  62%  Streaming frame 1123/1665
  ███████████████░░░░░░░░░░  62%  Streaming frame 1124/1665
  ███████████████░░░░░░░░░░  62%  Streaming frame 1125/1665
  ███████████████░░░░░░░░░░  62%  Streaming frame 1126/1665
  ███████████████░░░░░░░░░░  62%  Streaming frame 1127/1665
  ███████████████░░░░░░░░░░  62%  Streaming frame 1128/1665
  ███████████████░░░░░░░░░░  62%  Streaming frame 1129/1665
  ███████████████░░░░░░░░░░  62%  Streaming frame 1130/1665
  ███████████████░░░░░░░░░░  62%  Streaming frame 1131/1665
  ███████████████░░░░░░░░░░  62%  Streaming frame 1132/1665
  ███████████████░░░░░░░░░░  62%  Streaming frame 1133/1665
  ███████████████░░░░░░░░░░  62%  Streaming frame 1134/1665
  ███████████████░░░░░░░░░░  62%  Streaming frame 1135/1665
  ███████████████░░░░░░░░░░  63%  Streaming frame 1136/1665
  ███████████████░░░░░░░░░░  63%  Streaming frame 1137/1665
  ███████████████░░░░░░░░░░  63%  Streaming frame 1138/1665
  ███████████████░░░░░░░░░░  63%  Streaming frame 1139/1665
  ███████████████░░░░░░░░░░  63%  Streaming frame 1140/1665
  ███████████████░░░░░░░░░░  63%  Streaming frame 1141/1665
  ███████████████░░░░░░░░░░  63%  Streaming frame 1142/1665
  ███████████████░░░░░░░░░░  63%  Streaming frame 1143/1665
  ███████████████░░░░░░░░░░  63%  Streaming frame 1144/1665
  ███████████████░░░░░░░░░░  63%  Streaming frame 1145/1665
  ███████████████░░░░░░░░░░  63%  Streaming frame 1146/1665
  ███████████████░░░░░░░░░░  63%  Streaming frame 1147/1665
  ███████████████░░░░░░░░░░  63%  Streaming frame 1148/1665
  ███████████████░░░░░░░░░░  63%  Streaming frame 1149/1665
  ███████████████░░░░░░░░░░  63%  Streaming frame 1150/1665
  ███████████████░░░░░░░░░░  63%  Streaming frame 1151/1665
  ███████████████░░░░░░░░░░  63%  Streaming frame 1152/1665
  ███████████████░░░░░░░░░░  63%  Streaming frame 1153/1665
  ███████████████░░░░░░░░░░  63%  Streaming frame 1154/1665
  ███████████████░░░░░░░░░░  63%  Streaming frame 1155/1665
  ███████████████░░░░░░░░░░  63%  Streaming frame 1156/1665
  ███████████████░░░░░░░░░░  63%  Streaming frame 1157/1665
  ███████████████░░░░░░░░░░  63%  Streaming frame 1158/1665
  ███████████████░░░░░░░░░░  63%  Streaming frame 1159/1665
  ███████████████░░░░░░░░░░  63%  Streaming frame 1160/1665
  ███████████████░░░░░░░░░░  63%  Streaming frame 1161/1665
  ███████████████░░░░░░░░░░  63%  Streaming frame 1162/1665
  ███████████████░░░░░░░░░░  63%  Streaming frame 1163/1665
  ███████████████░░░░░░░░░░  63%  Streaming frame 1164/1665
  ███████████████░░░░░░░░░░  63%  Streaming frame 1165/1665
  ████████████████░░░░░░░░░  64%  Streaming frame 1166/1665
  ████████████████░░░░░░░░░  64%  Streaming frame 1167/1665
  ████████████████░░░░░░░░░  64%  Streaming frame 1168/1665
  ████████████████░░░░░░░░░  64%  Streaming frame 1169/1665
  ████████████████░░░░░░░░░  64%  Streaming frame 1170/1665
  ████████████████░░░░░░░░░  64%  Streaming frame 1171/1665
  ████████████████░░░░░░░░░  64%  Streaming frame 1172/1665
  ████████████████░░░░░░░░░  64%  Streaming frame 1173/1665
  ████████████████░░░░░░░░░  64%  Streaming frame 1174/1665
  ████████████████░░░░░░░░░  64%  Streaming frame 1175/1665
  ████████████████░░░░░░░░░  64%  Streaming frame 1176/1665
  ████████████████░░░░░░░░░  64%  Streaming frame 1177/1665
  ████████████████░░░░░░░░░  64%  Streaming frame 1178/1665
  ████████████████░░░░░░░░░  64%  Streaming frame 1179/1665
  ████████████████░░░░░░░░░  64%  Streaming frame 1180/1665
  ████████████████░░░░░░░░░  64%  Streaming frame 1181/1665
  ████████████████░░░░░░░░░  64%  Streaming frame 1182/1665
  ████████████████░░░░░░░░░  64%  Streaming frame 1183/1665
  ████████████████░░░░░░░░░  64%  Streaming frame 1184/1665
  ████████████████░░░░░░░░░  64%  Streaming frame 1185/1665
  ████████████████░░░░░░░░░  64%  Streaming frame 1186/1665
  ████████████████░░░░░░░░░  64%  Streaming frame 1187/1665
  ████████████████░░░░░░░░░  64%  Streaming frame 1188/1665
  ████████████████░░░░░░░░░  64%  Streaming frame 1189/1665
  ████████████████░░░░░░░░░  64%  Streaming frame 1190/1665
  ████████████████░░░░░░░░░  64%  Streaming frame 1191/1665
  ████████████████░░░░░░░░░  64%  Streaming frame 1192/1665
  ████████████████░░░░░░░░░  64%  Streaming frame 1193/1665
  ████████████████░░░░░░░░░  64%  Streaming frame 1194/1665
  ████████████████░░░░░░░░░  64%  Streaming frame 1195/1665
  ████████████████░░░░░░░░░  65%  Streaming frame 1196/1665
  ████████████████░░░░░░░░░  65%  Streaming frame 1197/1665
  ████████████████░░░░░░░░░  65%  Streaming frame 1198/1665
  ████████████████░░░░░░░░░  65%  Streaming frame 1199/1665
  ████████████████░░░░░░░░░  65%  Streaming frame 1200/1665
  ████████████████░░░░░░░░░  65%  Streaming frame 1201/1665
  ████████████████░░░░░░░░░  65%  Streaming frame 1202/1665
  ████████████████░░░░░░░░░  65%  Streaming frame 1203/1665
  ████████████████░░░░░░░░░  65%  Streaming frame 1204/1665
  ████████████████░░░░░░░░░  65%  Streaming frame 1205/1665
  ████████████████░░░░░░░░░  65%  Streaming frame 1206/1665
  ████████████████░░░░░░░░░  65%  Streaming frame 1207/1665
  ████████████████░░░░░░░░░  65%  Streaming frame 1208/1665
  ████████████████░░░░░░░░░  65%  Streaming frame 1209/1665
  ████████████████░░░░░░░░░  65%  Streaming frame 1210/1665
  ████████████████░░░░░░░░░  65%  Streaming frame 1211/1665
  ████████████████░░░░░░░░░  65%  Streaming frame 1212/1665
  ████████████████░░░░░░░░░  65%  Streaming frame 1213/1665
  ████████████████░░░░░░░░░  65%  Streaming frame 1214/1665
  ████████████████░░░░░░░░░  65%  Streaming frame 1215/1665
  ████████████████░░░░░░░░░  65%  Streaming frame 1216/1665
  ████████████████░░░░░░░░░  65%  Streaming frame 1217/1665
  ████████████████░░░░░░░░░  65%  Streaming frame 1218/1665
  ████████████████░░░░░░░░░  65%  Streaming frame 1219/1665
  ████████████████░░░░░░░░░  65%  Streaming frame 1220/1665
  ████████████████░░░░░░░░░  65%  Streaming frame 1221/1665
  ████████████████░░░░░░░░░  65%  Streaming frame 1222/1665
  ████████████████░░░░░░░░░  65%  Streaming frame 1223/1665
  ████████████████░░░░░░░░░  65%  Streaming frame 1224/1665
  ████████████████░░░░░░░░░  65%  Streaming frame 1225/1665
  ████████████████░░░░░░░░░  65%  Streaming frame 1226/1665
  ████████████████░░░░░░░░░  66%  Streaming frame 1227/1665
  ████████████████░░░░░░░░░  66%  Streaming frame 1228/1665
  ████████████████░░░░░░░░░  66%  Streaming frame 1229/1665
  ████████████████░░░░░░░░░  66%  Streaming frame 1230/1665
  ████████████████░░░░░░░░░  66%  Streaming frame 1231/1665
  ████████████████░░░░░░░░░  66%  Streaming frame 1232/1665
  ████████████████░░░░░░░░░  66%  Streaming frame 1233/1665
  ████████████████░░░░░░░░░  66%  Streaming frame 1234/1665
  ████████████████░░░░░░░░░  66%  Streaming frame 1235/1665
  ████████████████░░░░░░░░░  66%  Streaming frame 1236/1665
  ████████████████░░░░░░░░░  66%  Streaming frame 1237/1665
  ████████████████░░░░░░░░░  66%  Streaming frame 1238/1665
  ████████████████░░░░░░░░░  66%  Streaming frame 1239/1665
  ████████████████░░░░░░░░░  66%  Streaming frame 1240/1665
  ████████████████░░░░░░░░░  66%  Streaming frame 1241/1665
  ████████████████░░░░░░░░░  66%  Streaming frame 1242/1665
  ████████████████░░░░░░░░░  66%  Streaming frame 1243/1665
  ████████████████░░░░░░░░░  66%  Streaming frame 1244/1665
  ████████████████░░░░░░░░░  66%  Streaming frame 1245/1665
  ████████████████░░░░░░░░░  66%  Streaming frame 1246/1665
  ████████████████░░░░░░░░░  66%  Streaming frame 1247/1665
  ████████████████░░░░░░░░░  66%  Streaming frame 1248/1665
  ████████████████░░░░░░░░░  66%  Streaming frame 1249/1665
  ████████████████░░░░░░░░░  66%  Streaming frame 1250/1665
  ████████████████░░░░░░░░░  66%  Streaming frame 1251/1665
  ████████████████░░░░░░░░░  66%  Streaming frame 1252/1665
  ████████████████░░░░░░░░░  66%  Streaming frame 1253/1665
  ████████████████░░░░░░░░░  66%  Streaming frame 1254/1665
  ████████████████░░░░░░░░░  66%  Streaming frame 1255/1665
  ████████████████░░░░░░░░░  66%  Streaming frame 1256/1665
  ████████████████░░░░░░░░░  67%  Streaming frame 1257/1665
  ████████████████░░░░░░░░░  67%  Streaming frame 1258/1665
  ████████████████░░░░░░░░░  67%  Streaming frame 1259/1665
  ████████████████░░░░░░░░░  67%  Streaming frame 1260/1665
  ████████████████░░░░░░░░░  67%  Streaming frame 1261/1665
  ████████████████░░░░░░░░░  67%  Streaming frame 1262/1665
  ████████████████░░░░░░░░░  67%  Streaming frame 1263/1665
  ████████████████░░░░░░░░░  67%  Streaming frame 1264/1665
  ████████████████░░░░░░░░░  67%  Streaming frame 1265/1665
  ████████████████░░░░░░░░░  67%  Streaming frame 1266/1665
  ████████████████░░░░░░░░░  67%  Streaming frame 1267/1665
  ████████████████░░░░░░░░░  67%  Streaming frame 1268/1665
  ████████████████░░░░░░░░░  67%  Streaming frame 1269/1665
  ████████████████░░░░░░░░░  67%  Streaming frame 1270/1665
  ████████████████░░░░░░░░░  67%  Streaming frame 1271/1665
  ████████████████░░░░░░░░░  67%  Streaming frame 1272/1665
  ████████████████░░░░░░░░░  67%  Streaming frame 1273/1665
  ████████████████░░░░░░░░░  67%  Streaming frame 1274/1665
  ████████████████░░░░░░░░░  67%  Streaming frame 1275/1665
  ████████████████░░░░░░░░░  67%  Streaming frame 1276/1665
  ████████████████░░░░░░░░░  67%  Streaming frame 1277/1665
  ████████████████░░░░░░░░░  67%  Streaming frame 1278/1665
  ████████████████░░░░░░░░░  67%  Streaming frame 1279/1665
  ████████████████░░░░░░░░░  67%  Streaming frame 1280/1665
  ████████████████░░░░░░░░░  67%  Streaming frame 1281/1665
  ████████████████░░░░░░░░░  67%  Streaming frame 1282/1665
  ████████████████░░░░░░░░░  67%  Streaming frame 1283/1665
  ████████████████░░░░░░░░░  67%  Streaming frame 1284/1665
  ████████████████░░░░░░░░░  67%  Streaming frame 1285/1665
  ████████████████░░░░░░░░░  67%  Streaming frame 1286/1665
  █████████████████░░░░░░░░  68%  Streaming frame 1287/1665
  █████████████████░░░░░░░░  68%  Streaming frame 1288/1665
  █████████████████░░░░░░░░  68%  Streaming frame 1289/1665
  █████████████████░░░░░░░░  68%  Streaming frame 1290/1665
  █████████████████░░░░░░░░  68%  Streaming frame 1291/1665
  █████████████████░░░░░░░░  68%  Streaming frame 1292/1665
  █████████████████░░░░░░░░  68%  Streaming frame 1293/1665
  █████████████████░░░░░░░░  68%  Streaming frame 1294/1665
  █████████████████░░░░░░░░  68%  Streaming frame 1295/1665
  █████████████████░░░░░░░░  68%  Streaming frame 1296/1665
  █████████████████░░░░░░░░  68%  Streaming frame 1297/1665
  █████████████████░░░░░░░░  68%  Streaming frame 1298/1665
  █████████████████░░░░░░░░  68%  Streaming frame 1299/1665
  █████████████████░░░░░░░░  68%  Streaming frame 1300/1665
  █████████████████░░░░░░░░  68%  Streaming frame 1301/1665
  █████████████████░░░░░░░░  68%  Streaming frame 1302/1665
  █████████████████░░░░░░░░  68%  Streaming frame 1303/1665
  █████████████████░░░░░░░░  68%  Streaming frame 1304/1665
  █████████████████░░░░░░░░  68%  Streaming frame 1305/1665
  █████████████████░░░░░░░░  68%  Streaming frame 1306/1665
  █████████████████░░░░░░░░  68%  Streaming frame 1307/1665
  █████████████████░░░░░░░░  68%  Streaming frame 1308/1665
  █████████████████░░░░░░░░  68%  Streaming frame 1309/1665
  █████████████████░░░░░░░░  68%  Streaming frame 1310/1665
  █████████████████░░░░░░░░  68%  Streaming frame 1311/1665
  █████████████████░░░░░░░░  68%  Streaming frame 1312/1665
  █████████████████░░░░░░░░  68%  Streaming frame 1313/1665
  █████████████████░░░░░░░░  68%  Streaming frame 1314/1665
  █████████████████░░░░░░░░  68%  Streaming frame 1315/1665
  █████████████████░░░░░░░░  68%  Streaming frame 1316/1665
  █████████████████░░░░░░░░  69%  Streaming frame 1317/1665
  █████████████████░░░░░░░░  69%  Streaming frame 1318/1665
  █████████████████░░░░░░░░  69%  Streaming frame 1319/1665
  █████████████████░░░░░░░░  69%  Streaming frame 1320/1665
  █████████████████░░░░░░░░  69%  Streaming frame 1321/1665
  █████████████████░░░░░░░░  69%  Streaming frame 1322/1665
  █████████████████░░░░░░░░  69%  Streaming frame 1323/1665
  █████████████████░░░░░░░░  69%  Streaming frame 1324/1665
  █████████████████░░░░░░░░  69%  Streaming frame 1325/1665
  █████████████████░░░░░░░░  69%  Streaming frame 1326/1665
  █████████████████░░░░░░░░  69%  Streaming frame 1327/1665
  █████████████████░░░░░░░░  69%  Streaming frame 1328/1665
  █████████████████░░░░░░░░  69%  Streaming frame 1329/1665
  █████████████████░░░░░░░░  69%  Streaming frame 1330/1665
  █████████████████░░░░░░░░  69%  Streaming frame 1331/1665
  █████████████████░░░░░░░░  69%  Streaming frame 1332/1665
  █████████████████░░░░░░░░  69%  Streaming frame 1333/1665
  █████████████████░░░░░░░░  69%  Streaming frame 1334/1665
  █████████████████░░░░░░░░  69%  Streaming frame 1335/1665
  █████████████████░░░░░░░░  69%  Streaming frame 1336/1665
  █████████████████░░░░░░░░  69%  Streaming frame 1337/1665
  █████████████████░░░░░░░░  69%  Streaming frame 1338/1665
  █████████████████░░░░░░░░  69%  Streaming frame 1339/1665
  █████████████████░░░░░░░░  69%  Streaming frame 1340/1665
  █████████████████░░░░░░░░  69%  Streaming frame 1341/1665
  █████████████████░░░░░░░░  69%  Streaming frame 1342/1665
  █████████████████░░░░░░░░  69%  Streaming frame 1343/1665
  █████████████████░░░░░░░░  69%  Streaming frame 1344/1665
  █████████████████░░░░░░░░  69%  Streaming frame 1345/1665
  █████████████████░░░░░░░░  69%  Streaming frame 1346/1665
  █████████████████░░░░░░░░  69%  Streaming frame 1347/1665
  █████████████████░░░░░░░░  70%  Streaming frame 1348/1665
  █████████████████░░░░░░░░  70%  Streaming frame 1349/1665
  █████████████████░░░░░░░░  70%  Streaming frame 1350/1665
  █████████████████░░░░░░░░  70%  Streaming frame 1351/1665
  █████████████████░░░░░░░░  70%  Streaming frame 1352/1665
  █████████████████░░░░░░░░  70%  Streaming frame 1353/1665
  █████████████████░░░░░░░░  70%  Streaming frame 1354/1665
  █████████████████░░░░░░░░  70%  Streaming frame 1355/1665
  █████████████████░░░░░░░░  70%  Streaming frame 1356/1665
  █████████████████░░░░░░░░  70%  Streaming frame 1357/1665
  █████████████████░░░░░░░░  70%  Streaming frame 1358/1665
  █████████████████░░░░░░░░  70%  Streaming frame 1359/1665
  █████████████████░░░░░░░░  70%  Streaming frame 1360/1665
  █████████████████░░░░░░░░  70%  Streaming frame 1361/1665
  █████████████████░░░░░░░░  70%  Streaming frame 1362/1665
  █████████████████░░░░░░░░  70%  Streaming frame 1363/1665
  █████████████████░░░░░░░░  70%  Streaming frame 1364/1665
  █████████████████░░░░░░░░  70%  Streaming frame 1365/1665
  █████████████████░░░░░░░░  70%  Streaming frame 1366/1665
  █████████████████░░░░░░░░  70%  Streaming frame 1367/1665
  █████████████████░░░░░░░░  70%  Streaming frame 1368/1665
  █████████████████░░░░░░░░  70%  Streaming frame 1369/1665
  █████████████████░░░░░░░░  70%  Streaming frame 1370/1665
  █████████████████░░░░░░░░  70%  Streaming frame 1371/1665
  █████████████████░░░░░░░░  70%  Streaming frame 1372/1665
  █████████████████░░░░░░░░  70%  Streaming frame 1373/1665
  █████████████████░░░░░░░░  70%  Streaming frame 1374/1665
  █████████████████░░░░░░░░  70%  Streaming frame 1375/1665
  █████████████████░░░░░░░░  70%  Streaming frame 1376/1665
  █████████████████░░░░░░░░  70%  Streaming frame 1377/1665
  █████████████████░░░░░░░░  71%  Streaming frame 1378/1665
  █████████████████░░░░░░░░  71%  Streaming frame 1379/1665
  █████████████████░░░░░░░░  71%  Streaming frame 1380/1665
  █████████████████░░░░░░░░  71%  Streaming frame 1381/1665
  █████████████████░░░░░░░░  71%  Streaming frame 1382/1665
  █████████████████░░░░░░░░  71%  Streaming frame 1383/1665
  █████████████████░░░░░░░░  71%  Streaming frame 1384/1665
  █████████████████░░░░░░░░  71%  Streaming frame 1385/1665
  █████████████████░░░░░░░░  71%  Streaming frame 1386/1665
  █████████████████░░░░░░░░  71%  Streaming frame 1387/1665
  █████████████████░░░░░░░░  71%  Streaming frame 1388/1665
  █████████████████░░░░░░░░  71%  Streaming frame 1389/1665
  █████████████████░░░░░░░░  71%  Streaming frame 1390/1665
  █████████████████░░░░░░░░  71%  Streaming frame 1391/1665
  █████████████████░░░░░░░░  71%  Streaming frame 1392/1665
  █████████████████░░░░░░░░  71%  Streaming frame 1393/1665
  █████████████████░░░░░░░░  71%  Streaming frame 1394/1665
  █████████████████░░░░░░░░  71%  Streaming frame 1395/1665
  █████████████████░░░░░░░░  71%  Streaming frame 1396/1665
  █████████████████░░░░░░░░  71%  Streaming frame 1397/1665
  █████████████████░░░░░░░░  71%  Streaming frame 1398/1665
  █████████████████░░░░░░░░  71%  Streaming frame 1399/1665
  █████████████████░░░░░░░░  71%  Streaming frame 1400/1665
  █████████████████░░░░░░░░  71%  Streaming frame 1401/1665
  █████████████████░░░░░░░░  71%  Streaming frame 1402/1665
  █████████████████░░░░░░░░  71%  Streaming frame 1403/1665
  █████████████████░░░░░░░░  71%  Streaming frame 1404/1665
  █████████████████░░░░░░░░  71%  Streaming frame 1405/1665
  █████████████████░░░░░░░░  71%  Streaming frame 1406/1665
  █████████████████░░░░░░░░  71%  Streaming frame 1407/1665
  ██████████████████░░░░░░░  72%  Streaming frame 1408/1665
  ██████████████████░░░░░░░  72%  Streaming frame 1409/1665
  ██████████████████░░░░░░░  72%  Streaming frame 1410/1665
  ██████████████████░░░░░░░  72%  Streaming frame 1411/1665
  ██████████████████░░░░░░░  72%  Streaming frame 1412/1665
  ██████████████████░░░░░░░  72%  Streaming frame 1413/1665
  ██████████████████░░░░░░░  72%  Streaming frame 1414/1665
  ██████████████████░░░░░░░  72%  Streaming frame 1415/1665
  ██████████████████░░░░░░░  72%  Streaming frame 1416/1665
  ██████████████████░░░░░░░  72%  Streaming frame 1417/1665
  ██████████████████░░░░░░░  72%  Streaming frame 1418/1665
  ██████████████████░░░░░░░  72%  Streaming frame 1419/1665
  ██████████████████░░░░░░░  72%  Streaming frame 1420/1665
  ██████████████████░░░░░░░  72%  Streaming frame 1421/1665
  ██████████████████░░░░░░░  72%  Streaming frame 1422/1665
  ██████████████████░░░░░░░  72%  Streaming frame 1423/1665
  ██████████████████░░░░░░░  72%  Streaming frame 1424/1665
  ██████████████████░░░░░░░  72%  Streaming frame 1425/1665
  ██████████████████░░░░░░░  72%  Streaming frame 1426/1665
  ██████████████████░░░░░░░  72%  Streaming frame 1427/1665
  ██████████████████░░░░░░░  72%  Streaming frame 1428/1665
  ██████████████████░░░░░░░  72%  Streaming frame 1429/1665
  ██████████████████░░░░░░░  72%  Streaming frame 1430/1665
  ██████████████████░░░░░░░  72%  Streaming frame 1431/1665
  ██████████████████░░░░░░░  72%  Streaming frame 1432/1665
  ██████████████████░░░░░░░  72%  Streaming frame 1433/1665
  ██████████████████░░░░░░░  72%  Streaming frame 1434/1665
  ██████████████████░░░░░░░  72%  Streaming frame 1435/1665
  ██████████████████░░░░░░░  72%  Streaming frame 1436/1665
  ██████████████████░░░░░░░  72%  Streaming frame 1437/1665
  ██████████████████░░░░░░░  73%  Streaming frame 1438/1665
  ██████████████████░░░░░░░  73%  Streaming frame 1439/1665
  ██████████████████░░░░░░░  73%  Streaming frame 1440/1665
  ██████████████████░░░░░░░  73%  Streaming frame 1441/1665
  ██████████████████░░░░░░░  73%  Streaming frame 1442/1665
  ██████████████████░░░░░░░  73%  Streaming frame 1443/1665
  ██████████████████░░░░░░░  73%  Streaming frame 1444/1665
  ██████████████████░░░░░░░  73%  Streaming frame 1445/1665
  ██████████████████░░░░░░░  73%  Streaming frame 1446/1665
  ██████████████████░░░░░░░  73%  Streaming frame 1447/1665
  ██████████████████░░░░░░░  73%  Streaming frame 1448/1665
  ██████████████████░░░░░░░  73%  Streaming frame 1449/1665
  ██████████████████░░░░░░░  73%  Streaming frame 1450/1665
  ██████████████████░░░░░░░  73%  Streaming frame 1451/1665
  ██████████████████░░░░░░░  73%  Streaming frame 1452/1665
  ██████████████████░░░░░░░  73%  Streaming frame 1453/1665
  ██████████████████░░░░░░░  73%  Streaming frame 1454/1665
  ██████████████████░░░░░░░  73%  Streaming frame 1455/1665
  ██████████████████░░░░░░░  73%  Streaming frame 1456/1665
  ██████████████████░░░░░░░  73%  Streaming frame 1457/1665
  ██████████████████░░░░░░░  73%  Streaming frame 1458/1665
  ██████████████████░░░░░░░  73%  Streaming frame 1459/1665
  ██████████████████░░░░░░░  73%  Streaming frame 1460/1665
  ██████████████████░░░░░░░  73%  Streaming frame 1461/1665
  ██████████████████░░░░░░░  73%  Streaming frame 1462/1665
  ██████████████████░░░░░░░  73%  Streaming frame 1463/1665
  ██████████████████░░░░░░░  73%  Streaming frame 1464/1665
  ██████████████████░░░░░░░  73%  Streaming frame 1465/1665
  ██████████████████░░░░░░░  73%  Streaming frame 1466/1665
  ██████████████████░░░░░░░  73%  Streaming frame 1467/1665
  ██████████████████░░░░░░░  73%  Streaming frame 1468/1665
  ██████████████████░░░░░░░  74%  Streaming frame 1469/1665
  ██████████████████░░░░░░░  74%  Streaming frame 1470/1665
  ██████████████████░░░░░░░  74%  Streaming frame 1471/1665
  ██████████████████░░░░░░░  74%  Streaming frame 1472/1665
  ██████████████████░░░░░░░  74%  Streaming frame 1473/1665
  ██████████████████░░░░░░░  74%  Streaming frame 1474/1665
  ██████████████████░░░░░░░  74%  Streaming frame 1475/1665
  ██████████████████░░░░░░░  74%  Streaming frame 1476/1665
  ██████████████████░░░░░░░  74%  Streaming frame 1477/1665
  ██████████████████░░░░░░░  74%  Streaming frame 1478/1665
  ██████████████████░░░░░░░  74%  Streaming frame 1479/1665
  ██████████████████░░░░░░░  74%  Streaming frame 1480/1665
  ██████████████████░░░░░░░  74%  Streaming frame 1481/1665
  ██████████████████░░░░░░░  74%  Streaming frame 1482/1665
  ██████████████████░░░░░░░  74%  Streaming frame 1483/1665
  ██████████████████░░░░░░░  74%  Streaming frame 1484/1665
  ██████████████████░░░░░░░  74%  Streaming frame 1485/1665
  ██████████████████░░░░░░░  74%  Streaming frame 1486/1665
  ██████████████████░░░░░░░  74%  Streaming frame 1487/1665
  ██████████████████░░░░░░░  74%  Streaming frame 1488/1665
  ██████████████████░░░░░░░  74%  Streaming frame 1489/1665
  ██████████████████░░░░░░░  74%  Streaming frame 1490/1665
  ██████████████████░░░░░░░  74%  Streaming frame 1491/1665
  ██████████████████░░░░░░░  74%  Streaming frame 1492/1665
  ██████████████████░░░░░░░  74%  Streaming frame 1493/1665
  ██████████████████░░░░░░░  74%  Streaming frame 1494/1665
  ██████████████████░░░░░░░  74%  Streaming frame 1495/1665
  ██████████████████░░░░░░░  74%  Streaming frame 1496/1665
  ██████████████████░░░░░░░  74%  Streaming frame 1497/1665
  ██████████████████░░░░░░░  74%  Streaming frame 1498/1665
  ██████████████████░░░░░░░  75%  Streaming frame 1499/1665
  ██████████████████░░░░░░░  75%  Streaming frame 1500/1665
  ██████████████████░░░░░░░  75%  Streaming frame 1501/1665
  ██████████████████░░░░░░░  75%  Streaming frame 1502/1665
  ██████████████████░░░░░░░  75%  Streaming frame 1503/1665
  ██████████████████░░░░░░░  75%  Streaming frame 1504/1665
  ██████████████████░░░░░░░  75%  Streaming frame 1505/1665
  ██████████████████░░░░░░░  75%  Streaming frame 1506/1665
  ██████████████████░░░░░░░  75%  Streaming frame 1507/1665
  ██████████████████░░░░░░░  75%  Streaming frame 1508/1665
  ██████████████████░░░░░░░  75%  Streaming frame 1509/1665
  ██████████████████░░░░░░░  75%  Streaming frame 1510/1665
  ██████████████████░░░░░░░  75%  Streaming frame 1511/1665
  ██████████████████░░░░░░░  75%  Streaming frame 1512/1665
  ██████████████████░░░░░░░  75%  Streaming frame 1513/1665
  ██████████████████░░░░░░░  75%  Streaming frame 1514/1665
  ██████████████████░░░░░░░  75%  Streaming frame 1515/1665
  ██████████████████░░░░░░░  75%  Streaming frame 1516/1665
  ██████████████████░░░░░░░  75%  Streaming frame 1517/1665
  ██████████████████░░░░░░░  75%  Streaming frame 1518/1665
  ██████████████████░░░░░░░  75%  Streaming frame 1519/1665
  ██████████████████░░░░░░░  75%  Streaming frame 1520/1665
  ██████████████████░░░░░░░  75%  Streaming frame 1521/1665
  ██████████████████░░░░░░░  75%  Streaming frame 1522/1665
  ██████████████████░░░░░░░  75%  Streaming frame 1523/1665
  ██████████████████░░░░░░░  75%  Streaming frame 1524/1665
  ██████████████████░░░░░░░  75%  Streaming frame 1525/1665
  ██████████████████░░░░░░░  75%  Streaming frame 1526/1665
  ██████████████████░░░░░░░  75%  Streaming frame 1527/1665
  ██████████████████░░░░░░░  75%  Streaming frame 1528/1665
  ███████████████████░░░░░░  76%  Streaming frame 1529/1665
  ███████████████████░░░░░░  76%  Streaming frame 1530/1665
  ███████████████████░░░░░░  76%  Streaming frame 1531/1665
  ███████████████████░░░░░░  76%  Streaming frame 1532/1665
  ███████████████████░░░░░░  76%  Streaming frame 1533/1665
  ███████████████████░░░░░░  76%  Streaming frame 1534/1665
  ███████████████████░░░░░░  76%  Streaming frame 1535/1665
  ███████████████████░░░░░░  76%  Streaming frame 1536/1665
  ███████████████████░░░░░░  76%  Streaming frame 1537/1665
  ███████████████████░░░░░░  76%  Streaming frame 1538/1665
  ███████████████████░░░░░░  76%  Streaming frame 1539/1665
  ███████████████████░░░░░░  76%  Streaming frame 1540/1665
  ███████████████████░░░░░░  76%  Streaming frame 1541/1665
  ███████████████████░░░░░░  76%  Streaming frame 1542/1665
  ███████████████████░░░░░░  76%  Streaming frame 1543/1665
  ███████████████████░░░░░░  76%  Streaming frame 1544/1665
  ███████████████████░░░░░░  76%  Streaming frame 1545/1665
  ███████████████████░░░░░░  76%  Streaming frame 1546/1665
  ███████████████████░░░░░░  76%  Streaming frame 1547/1665
  ███████████████████░░░░░░  76%  Streaming frame 1548/1665
  ███████████████████░░░░░░  76%  Streaming frame 1549/1665
  ███████████████████░░░░░░  76%  Streaming frame 1550/1665
  ███████████████████░░░░░░  76%  Streaming frame 1551/1665
  ███████████████████░░░░░░  76%  Streaming frame 1552/1665
  ███████████████████░░░░░░  76%  Streaming frame 1553/1665
  ███████████████████░░░░░░  76%  Streaming frame 1554/1665
  ███████████████████░░░░░░  76%  Streaming frame 1555/1665
  ███████████████████░░░░░░  76%  Streaming frame 1556/1665
  ███████████████████░░░░░░  76%  Streaming frame 1557/1665
  ███████████████████░░░░░░  76%  Streaming frame 1558/1665
  ███████████████████░░░░░░  76%  Streaming frame 1559/1665
  ███████████████████░░░░░░  77%  Streaming frame 1560/1665
  ███████████████████░░░░░░  77%  Streaming frame 1561/1665
  ███████████████████░░░░░░  77%  Streaming frame 1562/1665
  ███████████████████░░░░░░  77%  Streaming frame 1563/1665
  ███████████████████░░░░░░  77%  Streaming frame 1564/1665
  ███████████████████░░░░░░  77%  Streaming frame 1565/1665
  ███████████████████░░░░░░  77%  Streaming frame 1566/1665
  ███████████████████░░░░░░  77%  Streaming frame 1567/1665
  ███████████████████░░░░░░  77%  Streaming frame 1568/1665
  ███████████████████░░░░░░  77%  Streaming frame 1569/1665
  ███████████████████░░░░░░  77%  Streaming frame 1570/1665
  ███████████████████░░░░░░  77%  Streaming frame 1571/1665
  ███████████████████░░░░░░  77%  Streaming frame 1572/1665
  ███████████████████░░░░░░  77%  Streaming frame 1573/1665
  ███████████████████░░░░░░  77%  Streaming frame 1574/1665
  ███████████████████░░░░░░  77%  Streaming frame 1575/1665
  ███████████████████░░░░░░  77%  Streaming frame 1576/1665
  ███████████████████░░░░░░  77%  Streaming frame 1577/1665
  ███████████████████░░░░░░  77%  Streaming frame 1578/1665
  ███████████████████░░░░░░  77%  Streaming frame 1579/1665
  ███████████████████░░░░░░  77%  Streaming frame 1580/1665
  ███████████████████░░░░░░  77%  Streaming frame 1581/1665
  ███████████████████░░░░░░  77%  Streaming frame 1582/1665
  ███████████████████░░░░░░  77%  Streaming frame 1583/1665
  ███████████████████░░░░░░  77%  Streaming frame 1584/1665
  ███████████████████░░░░░░  77%  Streaming frame 1585/1665
  ███████████████████░░░░░░  77%  Streaming frame 1586/1665
  ███████████████████░░░░░░  77%  Streaming frame 1587/1665
  ███████████████████░░░░░░  77%  Streaming frame 1588/1665
  ███████████████████░░░░░░  77%  Streaming frame 1589/1665
  ███████████████████░░░░░░  78%  Streaming frame 1590/1665
  ███████████████████░░░░░░  78%  Streaming frame 1591/1665
  ███████████████████░░░░░░  78%  Streaming frame 1592/1665
  ███████████████████░░░░░░  78%  Streaming frame 1593/1665
  ███████████████████░░░░░░  78%  Streaming frame 1594/1665
  ███████████████████░░░░░░  78%  Streaming frame 1595/1665
  ███████████████████░░░░░░  78%  Streaming frame 1596/1665
  ███████████████████░░░░░░  78%  Streaming frame 1597/1665
  ███████████████████░░░░░░  78%  Streaming frame 1598/1665
  ███████████████████░░░░░░  78%  Streaming frame 1599/1665
  ███████████████████░░░░░░  78%  Streaming frame 1600/1665
  ███████████████████░░░░░░  78%  Streaming frame 1601/1665
  ███████████████████░░░░░░  78%  Streaming frame 1602/1665
  ███████████████████░░░░░░  78%  Streaming frame 1603/1665
  ███████████████████░░░░░░  78%  Streaming frame 1604/1665
  ███████████████████░░░░░░  78%  Streaming frame 1605/1665
  ███████████████████░░░░░░  78%  Streaming frame 1606/1665
  ███████████████████░░░░░░  78%  Streaming frame 1607/1665
  ███████████████████░░░░░░  78%  Streaming frame 1608/1665
  ███████████████████░░░░░░  78%  Streaming frame 1609/1665
  ███████████████████░░░░░░  78%  Streaming frame 1610/1665
  ███████████████████░░░░░░  78%  Streaming frame 1611/1665
  ███████████████████░░░░░░  78%  Streaming frame 1612/1665
  ███████████████████░░░░░░  78%  Streaming frame 1613/1665
  ███████████████████░░░░░░  78%  Streaming frame 1614/1665
  ███████████████████░░░░░░  78%  Streaming frame 1615/1665
  ███████████████████░░░░░░  78%  Streaming frame 1616/1665
  ███████████████████░░░░░░  78%  Streaming frame 1617/1665
  ███████████████████░░░░░░  78%  Streaming frame 1618/1665
  ███████████████████░░░░░░  78%  Streaming frame 1619/1665
  ███████████████████░░░░░░  79%  Streaming frame 1620/1665
  ███████████████████░░░░░░  79%  Streaming frame 1621/1665
  ███████████████████░░░░░░  79%  Streaming frame 1622/1665
  ███████████████████░░░░░░  79%  Streaming frame 1623/1665
  ███████████████████░░░░░░  79%  Streaming frame 1624/1665
  ███████████████████░░░░░░  79%  Streaming frame 1625/1665
  ███████████████████░░░░░░  79%  Streaming frame 1626/1665
  ███████████████████░░░░░░  79%  Streaming frame 1627/1665
  ███████████████████░░░░░░  79%  Streaming frame 1628/1665
  ███████████████████░░░░░░  79%  Streaming frame 1629/1665
  ███████████████████░░░░░░  79%  Streaming frame 1630/1665
  ███████████████████░░░░░░  79%  Streaming frame 1631/1665
  ███████████████████░░░░░░  79%  Streaming frame 1632/1665
  ███████████████████░░░░░░  79%  Streaming frame 1633/1665
  ███████████████████░░░░░░  79%  Streaming frame 1634/1665
  ███████████████████░░░░░░  79%  Streaming frame 1635/1665
  ███████████████████░░░░░░  79%  Streaming frame 1636/1665
  ███████████████████░░░░░░  79%  Streaming frame 1637/1665
  ███████████████████░░░░░░  79%  Streaming frame 1638/1665
  ███████████████████░░░░░░  79%  Streaming frame 1639/1665
  ███████████████████░░░░░░  79%  Streaming frame 1640/1665
  ███████████████████░░░░░░  79%  Streaming frame 1641/1665
  ███████████████████░░░░░░  79%  Streaming frame 1642/1665
  ███████████████████░░░░░░  79%  Streaming frame 1643/1665
  ███████████████████░░░░░░  79%  Streaming frame 1644/1665
  ███████████████████░░░░░░  79%  Streaming frame 1645/1665
  ███████████████████░░░░░░  79%  Streaming frame 1646/1665
  ███████████████████░░░░░░  79%  Streaming frame 1647/1665
  ███████████████████░░░░░░  79%  Streaming frame 1648/1665
  ███████████████████░░░░░░  79%  Streaming frame 1649/1665
  ████████████████████░░░░░  80%  Streaming frame 1650/1665
  ████████████████████░░░░░  80%  Streaming frame 1651/1665
  ████████████████████░░░░░  80%  Streaming frame 1652/1665
  ████████████████████░░░░░  80%  Streaming frame 1653/1665
  ████████████████████░░░░░  80%  Streaming frame 1654/1665
  ████████████████████░░░░░  80%  Streaming frame 1655/1665
  ████████████████████░░░░░  80%  Streaming frame 1656/1665
  ████████████████████░░░░░  80%  Streaming frame 1657/1665
  ████████████████████░░░░░  80%  Streaming frame 1658/1665
  ████████████████████░░░░░  80%  Streaming frame 1659/1665
  ████████████████████░░░░░  80%  Streaming frame 1660/1665
  ████████████████████░░░░░  80%  Streaming frame 1661/1665
  ████████████████████░░░░░  80%  Streaming frame 1662/1665
  ████████████████████░░░░░  80%  Streaming frame 1663/1665
  ████████████████████░░░░░  80%  Streaming frame 1664/1665
  ████████████████████░░░░░  80%  Streaming frame 1665/1665
[static-dedup] reused 1342/3007 frame(s) (45%), est. ~4026ms saved (avg 3ms/frame)
  ██████████████████████░░░  90%  Assembling final video
  █████████████████████████  100%  Render complete

◇  /Users/brownmanbrain/GitHub/operator-economy/blueprint-cinema/experiments/EP009-FULL-BUILD-001/scenes/seg022__seg024/qa/seg022__seg024.mp4
   3.0 MB · 1m 9.4s video · rendered in 14.1s
[INFO] [Render] Pipeline started {"renderJobId":"2c318919-9239-4591-87d7-d668d065575e","platform":"darwin","arch":"arm64","nodeVersion":"v25.6.1","fps":{"num":24,"den":1},"format":"mp4","quality":"high","browserGpuMode":"auto","forceScreenshot":false,"protocolTimeout":300000,"browserTimeout":120000,"pageNavigationTimeout":60000,"playerReadyTimeout":45000}
[INFO] [Render:trace] {"renderJobId":"2c318919-9239-4591-87d7-d668d065575e","phase":"pipeline","status":"checkpoint","elapsedMs":1,"message":"started","format":"mp4","quality":"high","browserGpuMode":"auto","forceScreenshot":false,"protocolTimeoutMs":300000,"pageNavigationTimeoutMs":60000,"playerReadyTimeoutMs":45000,"requestedWorkers":"auto"}
[INFO] [Render:trace] {"renderJobId":"2c318919-9239-4591-87d7-d668d065575e","phase":"compile","status":"start","elapsedMs":1,"needsAlpha":false}
[INFO] [Compiler] Embedded local font file: public/fonts/boska-700.woff2 (30 KB → data URI)
[INFO] [Compiler] Embedded local font file: public/fonts/supreme-400.woff2 (18 KB → data URI)
[INFO] [Compiler] Embedded local font file: public/fonts/supreme-500.woff2 (18 KB → data URI)
[INFO] Compiled composition metadata {"renderJobId":"2c318919-9239-4591-87d7-d668d065575e","entryFile":"index.html","staticDuration":69.375,"width":1280,"height":720,"videoCount":0,"audioCount":1,"renderModeHints":{"recommendScreenshot":false,"reasons":[]}}
[INFO] [Render:trace] {"renderJobId":"2c318919-9239-4591-87d7-d668d065575e","phase":"compile","status":"end","elapsedMs":67,"durationMs":65,"needsAlpha":false}
[INFO] [Render:trace] {"renderJobId":"2c318919-9239-4591-87d7-d668d065575e","phase":"compile","status":"checkpoint","elapsedMs":67,"message":"composition metadata resolved","width":1280,"height":720,"videoCount":0,"audioCount":1,"imageCount":0,"deviceScaleFactor":1,"forceScreenshot":false,"compositionHash":"f2a8fb1a742e44e4"}
[INFO] [Render:trace] {"renderJobId":"2c318919-9239-4591-87d7-d668d065575e","phase":"browser_probe","status":"start","elapsedMs":67,"forceScreenshot":false,"stagePhase":"calibrating"}
[INFO] [Render:trace] {"renderJobId":"2c318919-9239-4591-87d7-d668d065575e","phase":"browser_probe","status":"end","elapsedMs":71,"durationMs":4,"forceScreenshot":false,"stagePhase":"calibrating"}
[INFO] [Render:trace] {"renderJobId":"2c318919-9239-4591-87d7-d668d065575e","phase":"browser_probe","status":"checkpoint","elapsedMs":71,"message":"duration resolved","durationSeconds":69.375,"totalFrames":1665,"compositionHash":"f2a8fb1a742e44e4","beginFrameStalled":false}
[INFO] [Render:trace] {"renderJobId":"2c318919-9239-4591-87d7-d668d065575e","phase":"video_extract","status":"start","elapsedMs":72,"videoCount":0}
[INFO] [Render:trace] {"renderJobId":"2c318919-9239-4591-87d7-d668d065575e","phase":"video_extract","status":"end","elapsedMs":72,"durationMs":0,"videoCount":0}
[INFO] [Render:trace] {"renderJobId":"2c318919-9239-4591-87d7-d668d065575e","phase":"video_extract","status":"checkpoint","elapsedMs":73,"message":"frames resolved","videoCount":0,"extractedVideoCount":0,"totalFramesExtracted":0,"maxFramesPerVideo":0,"avgFramesPerExtractedVideo":null,"vfrPreflightCount":null,"vfrPreflightMs":null,"cacheHits":null,"cacheMisses":null,"transientRetries":null,"minVideoFrameCoverageRatio":null,"authoredTimedClipCount":2}
[INFO] [Render] No HDR sources detected — rendering SDR {"renderJobId":"2c318919-9239-4591-87d7-d668d065575e"}
[INFO] [Render:trace] {"renderJobId":"2c318919-9239-4591-87d7-d668d065575e","phase":"hdr_detection","status":"checkpoint","elapsedMs":73,"message":"resolved","requestedHdrMode":"auto","effectiveHdr":"sdr","nativeHdrVideoCount":0,"nativeHdrImageCount":0}
[INFO] [Render:trace] {"renderJobId":"2c318919-9239-4591-87d7-d668d065575e","phase":"audio_process","status":"start","elapsedMs":73,"audioCount":1}
[INFO] [Render:trace] {"renderJobId":"2c318919-9239-4591-87d7-d668d065575e","phase":"audio_process","status":"end","elapsedMs":1304,"durationMs":1231,"audioCount":1}
[INFO] [Render:trace] {"renderJobId":"2c318919-9239-4591-87d7-d668d065575e","phase":"file_server","status":"start","elapsedMs":1304,"reused":false}
[INFO] [Render:trace] {"renderJobId":"2c318919-9239-4591-87d7-d668d065575e","phase":"file_server","status":"end","elapsedMs":1309,"durationMs":5}
[hyperframes] browserGpuMode probe → hardware (WebGL renderer vendor="Google Inc. (Apple)" renderer="ANGLE (Apple, ANGLE Metal Renderer: Apple M4, Unspecified Version)")
[INFO] [Render:trace] {"renderJobId":"2c318919-9239-4591-87d7-d668d065575e","phase":"capture_calibration","status":"checkpoint","elapsedMs":1448,"message":"skipped","requestedWorkers":"auto","totalFrames":1665,"htmlInCanvasDetected":false,"lowMemoryMode":false,"deInversionEligible":true,"deParallelRouterEligible":false}
[INFO] [Render] Fast capture: single-worker drawElement streaming preferred over 4-worker screenshot capture (1665 frames >= 900; verified path, measured faster at every worker count). Set HF_DE_SINGLE_MIN_FRAMES=0 or --workers N to override. {"renderJobId":"2c318919-9239-4591-87d7-d668d065575e"}
[INFO] [Render:trace] {"renderJobId":"2c318919-9239-4591-87d7-d668d065575e","phase":"worker_resolution","status":"checkpoint","elapsedMs":1448,"message":"resolved","workerCount":1}
[INFO] streaming-encode gate {"renderJobId":"2c318919-9239-4591-87d7-d668d065575e","enabled":true,"configFlag":true,"outputFormat":"mp4","workerCount":1,"durationSeconds":69.375,"maxDurationSeconds":240}
[INFO] [Render:trace] {"renderJobId":"2c318919-9239-4591-87d7-d668d065575e","phase":"capture_strategy","status":"checkpoint","elapsedMs":1449,"message":"resolved","workerCount":1,"forceScreenshot":false,"captureBeyondViewport":null,"useStreamingEncode":true,"useLayeredComposite":false,"usePageSideCompositing":false,"hasHdrContent":false,"hasShaderTransitions":false,"isPngSequence":false}
[INFO] [Render:trace] {"renderJobId":"2c318919-9239-4591-87d7-d668d065575e","phase":"capture_streaming","status":"start","elapsedMs":1449,"stagePhase":"capturing","workerCount":1,"forceScreenshot":false,"totalFrames":1665,"framesCompleted":0,"captureMode":"drawelement","captureOperation":"drawElement"}
[WARN] [Render] drawElement blank-frame suspect; re-capturing {"renderJobId":"2c318919-9239-4591-87d7-d668d065575e","frame":12,"bytes":9460,"floor":20000}
[INFO] [Render] drawElement small frame is deterministic; accepted {"renderJobId":"2c318919-9239-4591-87d7-d668d065575e","frame":12,"bytes":9460}
[INFO] [Render] drawElement self-verify passed {"renderJobId":"2c318919-9239-4591-87d7-d668d065575e","frame":416,"psnrDb":"inf"}
[INFO] [Render] drawElement self-verify passed {"renderJobId":"2c318919-9239-4591-87d7-d668d065575e","frame":833,"psnrDb":66.3}
[INFO] [Render] drawElement self-verify passed {"renderJobId":"2c318919-9239-4591-87d7-d668d065575e","frame":1249,"psnrDb":"inf"}
[INFO] [Render] drawElement self-verify passed {"renderJobId":"2c318919-9239-4591-87d7-d668d065575e","frame":1582,"psnrDb":69.2}
[INFO] [Render:trace] {"renderJobId":"2c318919-9239-4591-87d7-d668d065575e","phase":"capture_streaming","status":"end","elapsedMs":12679,"durationMs":11230,"stagePhase":"capturing","workerCount":1,"forceScreenshot":false,"totalFrames":1665,"framesCompleted":1665,"captureMode":"drawelement","captureOperation":"encode"}
[INFO] [Render:trace] {"renderJobId":"2c318919-9239-4591-87d7-d668d065575e","phase":"assemble","status":"start","elapsedMs":12680,"stagePhase":"capturing","hasAudio":true,"workerCount":1,"forceScreenshot":false,"totalFrames":1665,"framesCompleted":1665,"captureMode":"drawelement","captureOperation":"encode"}
[INFO] [Render:trace] {"renderJobId":"2c318919-9239-4591-87d7-d668d065575e","phase":"assemble","status":"end","elapsedMs":14057,"durationMs":1377,"stagePhase":"capturing","hasAudio":true,"workerCount":1,"forceScreenshot":false,"totalFrames":1665,"framesCompleted":1665,"captureMode":"drawelement","captureOperation":"encode"}
[INFO] [Render:trace] {"renderJobId":"2c318919-9239-4591-87d7-d668d065575e","phase":"pipeline","status":"checkpoint","elapsedMs":14075,"message":"artifact validated","totalElapsedMs":14075}
