
◆  Rendering r35-default-outcome-avatar → /Users/brownmanbrain/GitHub/operator-economy/blueprint-cinema/experiments/EP007-NET-NEW-UNFINISHED-ANSWER-003/hyperframes/reviews/r35-default-outcome-avatar/qa/r35-full-review.mp4
   24fps · draft · 1 workers
   GPU: browser GPU (auto-detect)

[?25l│
◇  Browser: cache
[?25h[INFO] [Render] Pipeline started {"renderJobId":"f0260c89-7ee7-4245-9228-b77333d3425b","platform":"darwin","arch":"arm64","nodeVersion":"v25.6.1","fps":{"num":24,"den":1},"format":"mp4","quality":"draft","browserGpuMode":"auto","forceScreenshot":false,"protocolTimeout":300000,"browserTimeout":120000,"pageNavigationTimeout":60000,"playerReadyTimeout":45000}
[INFO] [Render:trace] {"renderJobId":"f0260c89-7ee7-4245-9228-b77333d3425b","phase":"pipeline","status":"checkpoint","elapsedMs":2,"message":"started","format":"mp4","quality":"draft","browserGpuMode":"auto","forceScreenshot":false,"protocolTimeoutMs":300000,"pageNavigationTimeoutMs":60000,"playerReadyTimeoutMs":45000,"requestedWorkers":1}
[INFO] [Render:trace] {"renderJobId":"f0260c89-7ee7-4245-9228-b77333d3425b","phase":"compile","status":"start","elapsedMs":2,"needsAlpha":false}
  █░░░░░░░░░░░░░░░░░░░░░░░░  5%  Compiling composition
[INFO] [Compiler] Fetched 7 font face(s) for "EB Garamond" from Google Fonts (cached to /Users/brownmanbrain/.cache/hyperframes/fonts/eb-garamond)
[INFO] [Compiler] Injected deterministic @font-face rules for 1 requested font families
[INFO] [Compiler] Embedded local font file: public/fonts/boska-700.woff2 (30 KB → data URI)
[INFO] [Compiler] Embedded local font file: public/fonts/zodiak-700.woff2 (21 KB → data URI)
[INFO] [Compiler] Embedded local font file: public/fonts/supreme-400.woff2 (18 KB → data URI)
[INFO] [Compiler] Embedded local font file: public/fonts/supreme-500.woff2 (18 KB → data URI)
[INFO] Compiled composition metadata {"renderJobId":"f0260c89-7ee7-4245-9228-b77333d3425b","entryFile":"index.html","staticDuration":200.125,"width":1280,"height":720,"videoCount":14,"audioCount":5,"renderModeHints":{"recommendScreenshot":false,"reasons":[]}}
[WARN] [Compiler] WARNING: Video "avatar-hook" has sparse keyframes (max interval: 10.42s). This causes seek failures and frame freezing. Re-encode with: ffmpeg -i "public/media/avatar-v5-opening.mp4" -c:v libx264 -r 30 -g 30 -keyint_min 30 -movflags +faststart -c:a copy output.mp4
[WARN] [Compiler] WARNING: Video "workshop-wide" has sparse keyframes (max interval: 13.75s). This causes seek failures and frame freezing. Re-encode with: ffmpeg -i "public/media/establishing.mp4" -c:v libx264 -r 30 -g 30 -keyint_min 30 -movflags +faststart -c:a copy output.mp4
[WARN] [Compiler] WARNING: Video "owner-confidence" has sparse keyframes (max interval: 13.75s). This causes seek failures and frame freezing. Re-encode with: ffmpeg -i "public/media/establishing.mp4" -c:v libx264 -r 30 -g 30 -keyint_min 30 -movflags +faststart -c:a copy output.mp4
[WARN] [Compiler] WARNING: Video "buyer-numbers" has sparse keyframes (max interval: 13.75s). This causes seek failures and frame freezing. Re-encode with: ffmpeg -i "public/media/establishing.mp4" -c:v libx264 -r 30 -g 30 -keyint_min 30 -movflags +faststart -c:a copy output.mp4
[WARN] [Compiler] WARNING: Video "m-seller-video" has sparse keyframes (max interval: 13.75s). This causes seek failures and frame freezing. Re-encode with: ffmpeg -i "public/media/establishing.mp4" -c:v libx264 -r 30 -g 30 -keyint_min 30 -movflags +faststart -c:a copy output.mp4
[WARN] [Compiler] WARNING: Video "avatar-post-title" has sparse keyframes (max interval: 10.42s). This causes seek failures and frame freezing. Re-encode with: ffmpeg -i "public/media/v5-post-title-continuous.mp4" -c:v libx264 -r 30 -g 30 -keyint_min 30 -movflags +faststart -c:a copy output.mp4
[WARN] [Compiler] WARNING: Video "q-speaking" has sparse keyframes (max interval: 10.42s). This causes seek failures and frame freezing. Re-encode with: ffmpeg -i "public/media/question-pensive-r32-with-pause.mp4" -c:v libx264 -r 30 -g 30 -keyint_min 30 -movflags +faststart -c:a copy output.mp4
[INFO] [Render:trace] {"renderJobId":"f0260c89-7ee7-4245-9228-b77333d3425b","phase":"compile","status":"end","elapsedMs":1143,"durationMs":1140,"needsAlpha":false}
[INFO] [Render:trace] {"renderJobId":"f0260c89-7ee7-4245-9228-b77333d3425b","phase":"compile","status":"checkpoint","elapsedMs":1144,"message":"composition metadata resolved","width":1280,"height":720,"videoCount":14,"audioCount":5,"imageCount":9,"deviceScaleFactor":1,"forceScreenshot":false,"compositionHash":"12780d57ceab962e"}
[INFO] [Render:trace] {"renderJobId":"f0260c89-7ee7-4245-9228-b77333d3425b","phase":"browser_probe","status":"start","elapsedMs":1144,"forceScreenshot":false,"stagePhase":"calibrating"}
[INFO] [Render:trace] {"renderJobId":"f0260c89-7ee7-4245-9228-b77333d3425b","phase":"browser_probe","status":"end","elapsedMs":1182,"durationMs":38,"forceScreenshot":false,"stagePhase":"calibrating"}
[INFO] [Render:trace] {"renderJobId":"f0260c89-7ee7-4245-9228-b77333d3425b","phase":"browser_probe","status":"checkpoint","elapsedMs":1183,"message":"duration resolved","durationSeconds":200.125,"totalFrames":4803,"compositionHash":"12780d57ceab962e","beginFrameStalled":false}
[INFO] [Render:trace] {"renderJobId":"f0260c89-7ee7-4245-9228-b77333d3425b","phase":"video_extract","status":"start","elapsedMs":1183,"videoCount":14}
[INFO] Probing video color spaces... {"renderJobId":"f0260c89-7ee7-4245-9228-b77333d3425b","videoCount":14}
  ██░░░░░░░░░░░░░░░░░░░░░░░  10%  Extracting video frames
[INFO] Extracting frames from video 1/14 {"renderJobId":"f0260c89-7ee7-4245-9228-b77333d3425b","sourceType":"local"}
[INFO] Extracting frames from video 2/14 {"renderJobId":"f0260c89-7ee7-4245-9228-b77333d3425b","sourceType":"local"}
[INFO] Extracting frames from video 3/14 {"renderJobId":"f0260c89-7ee7-4245-9228-b77333d3425b","sourceType":"local"}
[INFO] Extracting frames from video 4/14 {"renderJobId":"f0260c89-7ee7-4245-9228-b77333d3425b","sourceType":"local"}
[INFO] Extracting frames from video 5/14 {"renderJobId":"f0260c89-7ee7-4245-9228-b77333d3425b","sourceType":"local"}
[INFO] Extracting frames from video 6/14 {"renderJobId":"f0260c89-7ee7-4245-9228-b77333d3425b","sourceType":"local"}
[INFO] Extracting frames from video 7/14 {"renderJobId":"f0260c89-7ee7-4245-9228-b77333d3425b","sourceType":"local"}
[INFO] Extracting frames from video 8/14 {"renderJobId":"f0260c89-7ee7-4245-9228-b77333d3425b","sourceType":"local"}
[INFO] Extracting frames from video 9/14 {"renderJobId":"f0260c89-7ee7-4245-9228-b77333d3425b","sourceType":"local"}
[INFO] Extracting frames from video 10/14 {"renderJobId":"f0260c89-7ee7-4245-9228-b77333d3425b","sourceType":"local"}
[INFO] Extracting frames from video 11/14 {"renderJobId":"f0260c89-7ee7-4245-9228-b77333d3425b","sourceType":"local"}
[INFO] Extracting frames from video 12/14 {"renderJobId":"f0260c89-7ee7-4245-9228-b77333d3425b","sourceType":"local"}
[INFO] Extracting frames from video 13/14 {"renderJobId":"f0260c89-7ee7-4245-9228-b77333d3425b","sourceType":"local"}
[INFO] Extracting frames from video 14/14 {"renderJobId":"f0260c89-7ee7-4245-9228-b77333d3425b","sourceType":"local"}
[INFO] [Render:trace] {"renderJobId":"f0260c89-7ee7-4245-9228-b77333d3425b","phase":"video_extract","status":"end","elapsedMs":5070,"durationMs":3887,"videoCount":14}
[INFO] [Render:trace] {"renderJobId":"f0260c89-7ee7-4245-9228-b77333d3425b","phase":"video_extract","status":"checkpoint","elapsedMs":5077,"message":"frames resolved","videoCount":14,"extractedVideoCount":14,"totalFramesExtracted":1947,"maxFramesPerVideo":360,"avgFramesPerExtractedVideo":139,"vfrPreflightCount":0,"vfrPreflightMs":0,"cacheHits":0,"cacheMisses":14,"transientRetries":0,"minVideoFrameCoverageRatio":1,"authoredTimedClipCount":28}
[INFO] [Render] No HDR sources detected — rendering SDR {"renderJobId":"f0260c89-7ee7-4245-9228-b77333d3425b"}
[INFO] [Render:trace] {"renderJobId":"f0260c89-7ee7-4245-9228-b77333d3425b","phase":"hdr_detection","status":"checkpoint","elapsedMs":5077,"message":"resolved","requestedHdrMode":"auto","effectiveHdr":"sdr","nativeHdrVideoCount":0,"nativeHdrImageCount":0}
[INFO] [Render:trace] {"renderJobId":"f0260c89-7ee7-4245-9228-b77333d3425b","phase":"audio_process","status":"start","elapsedMs":5078,"audioCount":5}
  █████░░░░░░░░░░░░░░░░░░░░  20%  Processing audio tracks
[INFO] [Render:trace] {"renderJobId":"f0260c89-7ee7-4245-9228-b77333d3425b","phase":"audio_process","status":"end","elapsedMs":8855,"durationMs":3777,"audioCount":5}
[INFO] [Render:trace] {"renderJobId":"f0260c89-7ee7-4245-9228-b77333d3425b","phase":"file_server","status":"start","elapsedMs":8855,"reused":false}
  ██████░░░░░░░░░░░░░░░░░░░  25%  Starting frame capture
[INFO] [Render:trace] {"renderJobId":"f0260c89-7ee7-4245-9228-b77333d3425b","phase":"file_server","status":"end","elapsedMs":8860,"durationMs":5}
[hyperframes] browserGpuMode probe → hardware (WebGL renderer vendor="Google Inc. (Apple)" renderer="ANGLE (Apple, ANGLE Metal Renderer: Apple M4, Unspecified Version)")
[INFO] [Render:trace] {"renderJobId":"f0260c89-7ee7-4245-9228-b77333d3425b","phase":"capture_calibration","status":"checkpoint","elapsedMs":9026,"message":"skipped","requestedWorkers":1,"totalFrames":4803,"htmlInCanvasDetected":false,"lowMemoryMode":false,"deInversionEligible":false,"deParallelRouterEligible":false}
[INFO] [Render:trace] {"renderJobId":"f0260c89-7ee7-4245-9228-b77333d3425b","phase":"worker_resolution","status":"checkpoint","elapsedMs":9026,"message":"resolved","workerCount":1}
[INFO] streaming-encode gate {"renderJobId":"f0260c89-7ee7-4245-9228-b77333d3425b","enabled":true,"configFlag":true,"outputFormat":"mp4","workerCount":1,"durationSeconds":200.125,"maxDurationSeconds":240}
[INFO] [Render:trace] {"renderJobId":"f0260c89-7ee7-4245-9228-b77333d3425b","phase":"capture_strategy","status":"checkpoint","elapsedMs":9027,"message":"resolved","workerCount":1,"forceScreenshot":false,"captureBeyondViewport":true,"useStreamingEncode":true,"useLayeredComposite":false,"usePageSideCompositing":false,"hasHdrContent":false,"hasShaderTransitions":false,"isPngSequence":false}
[INFO] [Render:trace] {"renderJobId":"f0260c89-7ee7-4245-9228-b77333d3425b","phase":"capture_streaming","status":"start","elapsedMs":9027,"stagePhase":"capturing","workerCount":1,"forceScreenshot":false,"totalFrames":4803,"framesCompleted":0,"captureMode":"drawelement","captureOperation":"drawElement"}
[BrowserManager] Browser launched (HeadlessChrome/152.0.7977.30, screenshot, gl=--use-gl=angle --use-angle=metal, headlessShell=true, platform=darwin)
[initSession:screenshot] page.goto start (0ms)
[HyperFrames] render runtime fps [object Object]
[initSession:screenshot] page.goto complete (164ms)
[initSession:screenshot] GSAP proxy flush complete (341ms)
[initSession:screenshot] pollHfReady complete (356ms)
[initSession:screenshot] pollSubCompositionTimelines complete (ready) (357ms)
[initSession:screenshot] applyVideoMetadataHints complete (358ms)
[initSession:screenshot] media + fonts + tailwind ready (359ms)
[initSession:screenshot] captureBeyondViewport downgraded: page content fits the capture viewport (361ms)
[initSession:screenshot] timeline at-risk predictor: 0/4803 frames (0%) (386ms)
[initSession:screenshot] static-frame dedup: disabled (before-capture hook / video injection active) (387ms)
[initSession:screenshot] drawElement self-verify armed: 4 ground-truth frame(s) @ [1201, 2402, 3602, 4563] of 4803 (772ms)
[initSession:drawelement] drawElement canvas injected (775ms)
[initSession:drawelement] screenshot fallback: 74 clip-boundary frame(s) (778ms)
[initSession:drawelement] drawElement worker encode initialized (780ms)
  ██████░░░░░░░░░░░░░░░░░░░  25%  Streaming frame 1/4803
  ██████░░░░░░░░░░░░░░░░░░░  25%  Streaming frame 2/4803
  ██████░░░░░░░░░░░░░░░░░░░  25%  Streaming frame 3/4803
  ██████░░░░░░░░░░░░░░░░░░░  25%  Streaming frame 4/4803
  ██████░░░░░░░░░░░░░░░░░░░  25%  Streaming frame 5/4803
  ██████░░░░░░░░░░░░░░░░░░░  25%  Streaming frame 6/4803
  ██████░░░░░░░░░░░░░░░░░░░  25%  Streaming frame 7/4803
  ██████░░░░░░░░░░░░░░░░░░░  25%  Streaming frame 8/4803
  ██████░░░░░░░░░░░░░░░░░░░  25%  Streaming frame 9/4803
  ██████░░░░░░░░░░░░░░░░░░░  25%  Streaming frame 10/4803
  ██████░░░░░░░░░░░░░░░░░░░  25%  Streaming frame 11/4803
  ██████░░░░░░░░░░░░░░░░░░░  25%  Streaming frame 12/4803
  ██████░░░░░░░░░░░░░░░░░░░  25%  Streaming frame 13/4803
  ██████░░░░░░░░░░░░░░░░░░░  25%  Streaming frame 14/4803
  ██████░░░░░░░░░░░░░░░░░░░  25%  Streaming frame 15/4803
  ██████░░░░░░░░░░░░░░░░░░░  25%  Streaming frame 16/4803
  ██████░░░░░░░░░░░░░░░░░░░  25%  Streaming frame 17/4803
  ██████░░░░░░░░░░░░░░░░░░░  25%  Streaming frame 18/4803
  ██████░░░░░░░░░░░░░░░░░░░  25%  Streaming frame 19/4803
  ██████░░░░░░░░░░░░░░░░░░░  25%  Streaming frame 20/4803
  ██████░░░░░░░░░░░░░░░░░░░  25%  Streaming frame 21/4803
  ██████░░░░░░░░░░░░░░░░░░░  25%  Streaming frame 22/4803
  ██████░░░░░░░░░░░░░░░░░░░  25%  Streaming frame 23/4803
  ██████░░░░░░░░░░░░░░░░░░░  25%  Streaming frame 24/4803
  ██████░░░░░░░░░░░░░░░░░░░  25%  Streaming frame 25/4803
  ██████░░░░░░░░░░░░░░░░░░░  25%  Streaming frame 26/4803
  ██████░░░░░░░░░░░░░░░░░░░  25%  Streaming frame 27/4803
  ██████░░░░░░░░░░░░░░░░░░░  25%  Streaming frame 28/4803
  ██████░░░░░░░░░░░░░░░░░░░  25%  Streaming frame 29/4803
  ██████░░░░░░░░░░░░░░░░░░░  25%  Streaming frame 30/4803
  ██████░░░░░░░░░░░░░░░░░░░  25%  Streaming frame 31/4803
  ██████░░░░░░░░░░░░░░░░░░░  25%  Streaming frame 32/4803
  ██████░░░░░░░░░░░░░░░░░░░  25%  Streaming frame 33/4803
  ██████░░░░░░░░░░░░░░░░░░░  25%  Streaming frame 34/4803
  ██████░░░░░░░░░░░░░░░░░░░  25%  Streaming frame 35/4803
  ██████░░░░░░░░░░░░░░░░░░░  25%  Streaming frame 36/4803
  ██████░░░░░░░░░░░░░░░░░░░  25%  Streaming frame 37/4803
  ██████░░░░░░░░░░░░░░░░░░░  25%  Streaming frame 38/4803
  ██████░░░░░░░░░░░░░░░░░░░  25%  Streaming frame 39/4803
  ██████░░░░░░░░░░░░░░░░░░░  25%  Streaming frame 40/4803
  ██████░░░░░░░░░░░░░░░░░░░  25%  Streaming frame 41/4803
  ██████░░░░░░░░░░░░░░░░░░░  25%  Streaming frame 42/4803
  ██████░░░░░░░░░░░░░░░░░░░  25%  Streaming frame 43/4803
  ██████░░░░░░░░░░░░░░░░░░░  26%  Streaming frame 44/4803
  ██████░░░░░░░░░░░░░░░░░░░  26%  Streaming frame 45/4803
  ██████░░░░░░░░░░░░░░░░░░░  26%  Streaming frame 46/4803
  ██████░░░░░░░░░░░░░░░░░░░  26%  Streaming frame 47/4803
  ██████░░░░░░░░░░░░░░░░░░░  26%  Streaming frame 48/4803
  ██████░░░░░░░░░░░░░░░░░░░  26%  Streaming frame 49/4803
  ██████░░░░░░░░░░░░░░░░░░░  26%  Streaming frame 50/4803
  ██████░░░░░░░░░░░░░░░░░░░  26%  Streaming frame 51/4803
  ██████░░░░░░░░░░░░░░░░░░░  26%  Streaming frame 52/4803
  ██████░░░░░░░░░░░░░░░░░░░  26%  Streaming frame 53/4803
  ██████░░░░░░░░░░░░░░░░░░░  26%  Streaming frame 54/4803
  ██████░░░░░░░░░░░░░░░░░░░  26%  Streaming frame 55/4803
  ██████░░░░░░░░░░░░░░░░░░░  26%  Streaming frame 56/4803
  ██████░░░░░░░░░░░░░░░░░░░  26%  Streaming frame 57/4803
  ██████░░░░░░░░░░░░░░░░░░░  26%  Streaming frame 58/4803
  ██████░░░░░░░░░░░░░░░░░░░  26%  Streaming frame 59/4803
  ██████░░░░░░░░░░░░░░░░░░░  26%  Streaming frame 60/4803
  ██████░░░░░░░░░░░░░░░░░░░  26%  Streaming frame 61/4803
  ██████░░░░░░░░░░░░░░░░░░░  26%  Streaming frame 62/4803
  ██████░░░░░░░░░░░░░░░░░░░  26%  Streaming frame 63/4803
  ██████░░░░░░░░░░░░░░░░░░░  26%  Streaming frame 64/4803
  ██████░░░░░░░░░░░░░░░░░░░  26%  Streaming frame 65/4803
  ██████░░░░░░░░░░░░░░░░░░░  26%  Streaming frame 66/4803
  ██████░░░░░░░░░░░░░░░░░░░  26%  Streaming frame 67/4803
  ██████░░░░░░░░░░░░░░░░░░░  26%  Streaming frame 68/4803
  ██████░░░░░░░░░░░░░░░░░░░  26%  Streaming frame 69/4803
  ██████░░░░░░░░░░░░░░░░░░░  26%  Streaming frame 70/4803
  ██████░░░░░░░░░░░░░░░░░░░  26%  Streaming frame 71/4803
  ██████░░░░░░░░░░░░░░░░░░░  26%  Streaming frame 72/4803
  ██████░░░░░░░░░░░░░░░░░░░  26%  Streaming frame 73/4803
  ██████░░░░░░░░░░░░░░░░░░░  26%  Streaming frame 74/4803
  ██████░░░░░░░░░░░░░░░░░░░  26%  Streaming frame 75/4803
  ██████░░░░░░░░░░░░░░░░░░░  26%  Streaming frame 76/4803
  ██████░░░░░░░░░░░░░░░░░░░  26%  Streaming frame 77/4803
  ██████░░░░░░░░░░░░░░░░░░░  26%  Streaming frame 78/4803
  ██████░░░░░░░░░░░░░░░░░░░  26%  Streaming frame 79/4803
  ██████░░░░░░░░░░░░░░░░░░░  26%  Streaming frame 80/4803
  ██████░░░░░░░░░░░░░░░░░░░  26%  Streaming frame 81/4803
  ██████░░░░░░░░░░░░░░░░░░░  26%  Streaming frame 82/4803
  ██████░░░░░░░░░░░░░░░░░░░  26%  Streaming frame 83/4803
  ██████░░░░░░░░░░░░░░░░░░░  26%  Streaming frame 84/4803
  ██████░░░░░░░░░░░░░░░░░░░  26%  Streaming frame 85/4803
  ██████░░░░░░░░░░░░░░░░░░░  26%  Streaming frame 86/4803
  ██████░░░░░░░░░░░░░░░░░░░  26%  Streaming frame 87/4803
  ██████░░░░░░░░░░░░░░░░░░░  26%  Streaming frame 88/4803
  ██████░░░░░░░░░░░░░░░░░░░  26%  Streaming frame 89/4803
  ██████░░░░░░░░░░░░░░░░░░░  26%  Streaming frame 90/4803
  ██████░░░░░░░░░░░░░░░░░░░  26%  Streaming frame 91/4803
  ██████░░░░░░░░░░░░░░░░░░░  26%  Streaming frame 92/4803
  ██████░░░░░░░░░░░░░░░░░░░  26%  Streaming frame 93/4803
  ██████░░░░░░░░░░░░░░░░░░░  26%  Streaming frame 94/4803
  ██████░░░░░░░░░░░░░░░░░░░  26%  Streaming frame 95/4803
  ██████░░░░░░░░░░░░░░░░░░░  26%  Streaming frame 96/4803
  ██████░░░░░░░░░░░░░░░░░░░  26%  Streaming frame 97/4803
  ██████░░░░░░░░░░░░░░░░░░░  26%  Streaming frame 98/4803
  ██████░░░░░░░░░░░░░░░░░░░  26%  Streaming frame 99/4803
  ██████░░░░░░░░░░░░░░░░░░░  26%  Streaming frame 100/4803
  ██████░░░░░░░░░░░░░░░░░░░  26%  Streaming frame 101/4803
  ██████░░░░░░░░░░░░░░░░░░░  26%  Streaming frame 102/4803
  ██████░░░░░░░░░░░░░░░░░░░  26%  Streaming frame 103/4803
  ██████░░░░░░░░░░░░░░░░░░░  26%  Streaming frame 104/4803
  ██████░░░░░░░░░░░░░░░░░░░  26%  Streaming frame 105/4803
  ██████░░░░░░░░░░░░░░░░░░░  26%  Streaming frame 106/4803
  ██████░░░░░░░░░░░░░░░░░░░  26%  Streaming frame 107/4803
  ██████░░░░░░░░░░░░░░░░░░░  26%  Streaming frame 108/4803
  ██████░░░░░░░░░░░░░░░░░░░  26%  Streaming frame 109/4803
  ██████░░░░░░░░░░░░░░░░░░░  26%  Streaming frame 110/4803
  ██████░░░░░░░░░░░░░░░░░░░  26%  Streaming frame 111/4803
  ██████░░░░░░░░░░░░░░░░░░░  26%  Streaming frame 112/4803
  ██████░░░░░░░░░░░░░░░░░░░  26%  Streaming frame 113/4803
  ██████░░░░░░░░░░░░░░░░░░░  26%  Streaming frame 114/4803
  ██████░░░░░░░░░░░░░░░░░░░  26%  Streaming frame 115/4803
  ██████░░░░░░░░░░░░░░░░░░░  26%  Streaming frame 116/4803
  ██████░░░░░░░░░░░░░░░░░░░  26%  Streaming frame 117/4803
  ██████░░░░░░░░░░░░░░░░░░░  26%  Streaming frame 118/4803
  ██████░░░░░░░░░░░░░░░░░░░  26%  Streaming frame 119/4803
  ██████░░░░░░░░░░░░░░░░░░░  26%  Streaming frame 120/4803
  ██████░░░░░░░░░░░░░░░░░░░  26%  Streaming frame 121/4803
  ██████░░░░░░░░░░░░░░░░░░░  26%  Streaming frame 122/4803
  ██████░░░░░░░░░░░░░░░░░░░  26%  Streaming frame 123/4803
  ██████░░░░░░░░░░░░░░░░░░░  26%  Streaming frame 124/4803
  ██████░░░░░░░░░░░░░░░░░░░  26%  Streaming frame 125/4803
  ██████░░░░░░░░░░░░░░░░░░░  26%  Streaming frame 126/4803
  ██████░░░░░░░░░░░░░░░░░░░  26%  Streaming frame 127/4803
  ██████░░░░░░░░░░░░░░░░░░░  26%  Streaming frame 128/4803
  ██████░░░░░░░░░░░░░░░░░░░  26%  Streaming frame 129/4803
  ██████░░░░░░░░░░░░░░░░░░░  26%  Streaming frame 130/4803
  ██████░░░░░░░░░░░░░░░░░░░  27%  Streaming frame 131/4803
  ██████░░░░░░░░░░░░░░░░░░░  27%  Streaming frame 132/4803
  ██████░░░░░░░░░░░░░░░░░░░  27%  Streaming frame 133/4803
  ██████░░░░░░░░░░░░░░░░░░░  27%  Streaming frame 134/4803
  ██████░░░░░░░░░░░░░░░░░░░  27%  Streaming frame 135/4803
  ██████░░░░░░░░░░░░░░░░░░░  27%  Streaming frame 136/4803
  ██████░░░░░░░░░░░░░░░░░░░  27%  Streaming frame 137/4803
  ██████░░░░░░░░░░░░░░░░░░░  27%  Streaming frame 138/4803
  ██████░░░░░░░░░░░░░░░░░░░  27%  Streaming frame 139/4803
  ██████░░░░░░░░░░░░░░░░░░░  27%  Streaming frame 140/4803
  ██████░░░░░░░░░░░░░░░░░░░  27%  Streaming frame 141/4803
  ██████░░░░░░░░░░░░░░░░░░░  27%  Streaming frame 142/4803
  ██████░░░░░░░░░░░░░░░░░░░  27%  Streaming frame 143/4803
  ██████░░░░░░░░░░░░░░░░░░░  27%  Streaming frame 144/4803
  ██████░░░░░░░░░░░░░░░░░░░  27%  Streaming frame 145/4803
  ██████░░░░░░░░░░░░░░░░░░░  27%  Streaming frame 146/4803
  ██████░░░░░░░░░░░░░░░░░░░  27%  Streaming frame 147/4803
  ██████░░░░░░░░░░░░░░░░░░░  27%  Streaming frame 148/4803
  ██████░░░░░░░░░░░░░░░░░░░  27%  Streaming frame 149/4803
  ██████░░░░░░░░░░░░░░░░░░░  27%  Streaming frame 150/4803
  ██████░░░░░░░░░░░░░░░░░░░  27%  Streaming frame 151/4803
  ██████░░░░░░░░░░░░░░░░░░░  27%  Streaming frame 152/4803
  ██████░░░░░░░░░░░░░░░░░░░  27%  Streaming frame 153/4803
  ██████░░░░░░░░░░░░░░░░░░░  27%  Streaming frame 154/4803
  ██████░░░░░░░░░░░░░░░░░░░  27%  Streaming frame 155/4803
  ██████░░░░░░░░░░░░░░░░░░░  27%  Streaming frame 156/4803
  ██████░░░░░░░░░░░░░░░░░░░  27%  Streaming frame 157/4803
  ██████░░░░░░░░░░░░░░░░░░░  27%  Streaming frame 158/4803
  ██████░░░░░░░░░░░░░░░░░░░  27%  Streaming frame 159/4803
  ██████░░░░░░░░░░░░░░░░░░░  27%  Streaming frame 160/4803
  ██████░░░░░░░░░░░░░░░░░░░  27%  Streaming frame 161/4803
  ██████░░░░░░░░░░░░░░░░░░░  27%  Streaming frame 162/4803
  ██████░░░░░░░░░░░░░░░░░░░  27%  Streaming frame 163/4803
  ██████░░░░░░░░░░░░░░░░░░░  27%  Streaming frame 164/4803
  ██████░░░░░░░░░░░░░░░░░░░  27%  Streaming frame 165/4803
  ██████░░░░░░░░░░░░░░░░░░░  27%  Streaming frame 166/4803
  ██████░░░░░░░░░░░░░░░░░░░  27%  Streaming frame 167/4803
  ██████░░░░░░░░░░░░░░░░░░░  27%  Streaming frame 168/4803
  ██████░░░░░░░░░░░░░░░░░░░  27%  Streaming frame 169/4803
  ██████░░░░░░░░░░░░░░░░░░░  27%  Streaming frame 170/4803
  ██████░░░░░░░░░░░░░░░░░░░  27%  Streaming frame 171/4803
  ██████░░░░░░░░░░░░░░░░░░░  27%  Streaming frame 172/4803
  ██████░░░░░░░░░░░░░░░░░░░  27%  Streaming frame 173/4803
  ██████░░░░░░░░░░░░░░░░░░░  27%  Streaming frame 174/4803
  ██████░░░░░░░░░░░░░░░░░░░  27%  Streaming frame 175/4803
  ██████░░░░░░░░░░░░░░░░░░░  27%  Streaming frame 176/4803
  ██████░░░░░░░░░░░░░░░░░░░  27%  Streaming frame 177/4803
  ██████░░░░░░░░░░░░░░░░░░░  27%  Streaming frame 178/4803
  ██████░░░░░░░░░░░░░░░░░░░  27%  Streaming frame 179/4803
  ██████░░░░░░░░░░░░░░░░░░░  27%  Streaming frame 180/4803
  ██████░░░░░░░░░░░░░░░░░░░  27%  Streaming frame 181/4803
  ██████░░░░░░░░░░░░░░░░░░░  27%  Streaming frame 182/4803
  ██████░░░░░░░░░░░░░░░░░░░  27%  Streaming frame 183/4803
  ██████░░░░░░░░░░░░░░░░░░░  27%  Streaming frame 184/4803
  ██████░░░░░░░░░░░░░░░░░░░  27%  Streaming frame 185/4803
  ██████░░░░░░░░░░░░░░░░░░░  27%  Streaming frame 186/4803
  ██████░░░░░░░░░░░░░░░░░░░  27%  Streaming frame 187/4803
  ██████░░░░░░░░░░░░░░░░░░░  27%  Streaming frame 188/4803
  ██████░░░░░░░░░░░░░░░░░░░  27%  Streaming frame 189/4803
  ██████░░░░░░░░░░░░░░░░░░░  27%  Streaming frame 190/4803
  ██████░░░░░░░░░░░░░░░░░░░  27%  Streaming frame 191/4803
  ██████░░░░░░░░░░░░░░░░░░░  27%  Streaming frame 192/4803
  ██████░░░░░░░░░░░░░░░░░░░  27%  Streaming frame 193/4803
  ██████░░░░░░░░░░░░░░░░░░░  27%  Streaming frame 194/4803
  ██████░░░░░░░░░░░░░░░░░░░  27%  Streaming frame 195/4803
  ██████░░░░░░░░░░░░░░░░░░░  27%  Streaming frame 196/4803
  ██████░░░░░░░░░░░░░░░░░░░  27%  Streaming frame 197/4803
  ██████░░░░░░░░░░░░░░░░░░░  27%  Streaming frame 198/4803
  ██████░░░░░░░░░░░░░░░░░░░  27%  Streaming frame 199/4803
  ██████░░░░░░░░░░░░░░░░░░░  27%  Streaming frame 200/4803
  ██████░░░░░░░░░░░░░░░░░░░  27%  Streaming frame 201/4803
  ██████░░░░░░░░░░░░░░░░░░░  27%  Streaming frame 202/4803
  ██████░░░░░░░░░░░░░░░░░░░  27%  Streaming frame 203/4803
  ██████░░░░░░░░░░░░░░░░░░░  27%  Streaming frame 204/4803
  ██████░░░░░░░░░░░░░░░░░░░  27%  Streaming frame 205/4803
  ██████░░░░░░░░░░░░░░░░░░░  27%  Streaming frame 206/4803
  ██████░░░░░░░░░░░░░░░░░░░  27%  Streaming frame 207/4803
  ██████░░░░░░░░░░░░░░░░░░░  27%  Streaming frame 208/4803
  ██████░░░░░░░░░░░░░░░░░░░  27%  Streaming frame 209/4803
  ██████░░░░░░░░░░░░░░░░░░░  27%  Streaming frame 210/4803
  ██████░░░░░░░░░░░░░░░░░░░  27%  Streaming frame 211/4803
  ██████░░░░░░░░░░░░░░░░░░░  27%  Streaming frame 212/4803
  ██████░░░░░░░░░░░░░░░░░░░  27%  Streaming frame 213/4803
  ██████░░░░░░░░░░░░░░░░░░░  27%  Streaming frame 214/4803
  ██████░░░░░░░░░░░░░░░░░░░  27%  Streaming frame 215/4803
  ██████░░░░░░░░░░░░░░░░░░░  27%  Streaming frame 216/4803
  ██████░░░░░░░░░░░░░░░░░░░  27%  Streaming frame 217/4803
  ██████░░░░░░░░░░░░░░░░░░░  27%  Streaming frame 218/4803
  ███████░░░░░░░░░░░░░░░░░░  28%  Streaming frame 219/4803
  ███████░░░░░░░░░░░░░░░░░░  28%  Streaming frame 220/4803
  ███████░░░░░░░░░░░░░░░░░░  28%  Streaming frame 221/4803
  ███████░░░░░░░░░░░░░░░░░░  28%  Streaming frame 222/4803
  ███████░░░░░░░░░░░░░░░░░░  28%  Streaming frame 223/4803
  ███████░░░░░░░░░░░░░░░░░░  28%  Streaming frame 224/4803
  ███████░░░░░░░░░░░░░░░░░░  28%  Streaming frame 225/4803
  ███████░░░░░░░░░░░░░░░░░░  28%  Streaming frame 226/4803
  ███████░░░░░░░░░░░░░░░░░░  28%  Streaming frame 227/4803
  ███████░░░░░░░░░░░░░░░░░░  28%  Streaming frame 228/4803
  ███████░░░░░░░░░░░░░░░░░░  28%  Streaming frame 229/4803
  ███████░░░░░░░░░░░░░░░░░░  28%  Streaming frame 230/4803
  ███████░░░░░░░░░░░░░░░░░░  28%  Streaming frame 231/4803
  ███████░░░░░░░░░░░░░░░░░░  28%  Streaming frame 232/4803
  ███████░░░░░░░░░░░░░░░░░░  28%  Streaming frame 233/4803
  ███████░░░░░░░░░░░░░░░░░░  28%  Streaming frame 234/4803
  ███████░░░░░░░░░░░░░░░░░░  28%  Streaming frame 235/4803
  ███████░░░░░░░░░░░░░░░░░░  28%  Streaming frame 236/4803
  ███████░░░░░░░░░░░░░░░░░░  28%  Streaming frame 237/4803
  ███████░░░░░░░░░░░░░░░░░░  28%  Streaming frame 238/4803
  ███████░░░░░░░░░░░░░░░░░░  28%  Streaming frame 239/4803
  ███████░░░░░░░░░░░░░░░░░░  28%  Streaming frame 240/4803
  ███████░░░░░░░░░░░░░░░░░░  28%  Streaming frame 241/4803
  ███████░░░░░░░░░░░░░░░░░░  28%  Streaming frame 242/4803
  ███████░░░░░░░░░░░░░░░░░░  28%  Streaming frame 243/4803
  ███████░░░░░░░░░░░░░░░░░░  28%  Streaming frame 244/4803
  ███████░░░░░░░░░░░░░░░░░░  28%  Streaming frame 245/4803
  ███████░░░░░░░░░░░░░░░░░░  28%  Streaming frame 246/4803
  ███████░░░░░░░░░░░░░░░░░░  28%  Streaming frame 247/4803
  ███████░░░░░░░░░░░░░░░░░░  28%  Streaming frame 248/4803
  ███████░░░░░░░░░░░░░░░░░░  28%  Streaming frame 249/4803
  ███████░░░░░░░░░░░░░░░░░░  28%  Streaming frame 250/4803
  ███████░░░░░░░░░░░░░░░░░░  28%  Streaming frame 251/4803
  ███████░░░░░░░░░░░░░░░░░░  28%  Streaming frame 252/4803
  ███████░░░░░░░░░░░░░░░░░░  28%  Streaming frame 253/4803
  ███████░░░░░░░░░░░░░░░░░░  28%  Streaming frame 254/4803
  ███████░░░░░░░░░░░░░░░░░░  28%  Streaming frame 255/4803
  ███████░░░░░░░░░░░░░░░░░░  28%  Streaming frame 256/4803
  ███████░░░░░░░░░░░░░░░░░░  28%  Streaming frame 257/4803
  ███████░░░░░░░░░░░░░░░░░░  28%  Streaming frame 258/4803
  ███████░░░░░░░░░░░░░░░░░░  28%  Streaming frame 259/4803
  ███████░░░░░░░░░░░░░░░░░░  28%  Streaming frame 260/4803
  ███████░░░░░░░░░░░░░░░░░░  28%  Streaming frame 261/4803
  ███████░░░░░░░░░░░░░░░░░░  28%  Streaming frame 262/4803
  ███████░░░░░░░░░░░░░░░░░░  28%  Streaming frame 263/4803
  ███████░░░░░░░░░░░░░░░░░░  28%  Streaming frame 264/4803
  ███████░░░░░░░░░░░░░░░░░░  28%  Streaming frame 265/4803
  ███████░░░░░░░░░░░░░░░░░░  28%  Streaming frame 266/4803
  ███████░░░░░░░░░░░░░░░░░░  28%  Streaming frame 267/4803
  ███████░░░░░░░░░░░░░░░░░░  28%  Streaming frame 268/4803
  ███████░░░░░░░░░░░░░░░░░░  28%  Streaming frame 269/4803
  ███████░░░░░░░░░░░░░░░░░░  28%  Streaming frame 270/4803
  ███████░░░░░░░░░░░░░░░░░░  28%  Streaming frame 271/4803
  ███████░░░░░░░░░░░░░░░░░░  28%  Streaming frame 272/4803
  ███████░░░░░░░░░░░░░░░░░░  28%  Streaming frame 273/4803
  ███████░░░░░░░░░░░░░░░░░░  28%  Streaming frame 274/4803
  ███████░░░░░░░░░░░░░░░░░░  28%  Streaming frame 275/4803
  ███████░░░░░░░░░░░░░░░░░░  28%  Streaming frame 276/4803
  ███████░░░░░░░░░░░░░░░░░░  28%  Streaming frame 277/4803
  ███████░░░░░░░░░░░░░░░░░░  28%  Streaming frame 278/4803
  ███████░░░░░░░░░░░░░░░░░░  28%  Streaming frame 279/4803
  ███████░░░░░░░░░░░░░░░░░░  28%  Streaming frame 280/4803
  ███████░░░░░░░░░░░░░░░░░░  28%  Streaming frame 281/4803
  ███████░░░░░░░░░░░░░░░░░░  28%  Streaming frame 282/4803
  ███████░░░░░░░░░░░░░░░░░░  28%  Streaming frame 283/4803
  ███████░░░░░░░░░░░░░░░░░░  28%  Streaming frame 284/4803
  ███████░░░░░░░░░░░░░░░░░░  28%  Streaming frame 285/4803
  ███████░░░░░░░░░░░░░░░░░░  28%  Streaming frame 286/4803
  ███████░░░░░░░░░░░░░░░░░░  28%  Streaming frame 287/4803
  ███████░░░░░░░░░░░░░░░░░░  28%  Streaming frame 288/4803
  ███████░░░░░░░░░░░░░░░░░░  28%  Streaming frame 289/4803
  ███████░░░░░░░░░░░░░░░░░░  28%  Streaming frame 290/4803
  ███████░░░░░░░░░░░░░░░░░░  28%  Streaming frame 291/4803
  ███████░░░░░░░░░░░░░░░░░░  28%  Streaming frame 292/4803
  ███████░░░░░░░░░░░░░░░░░░  28%  Streaming frame 293/4803
  ███████░░░░░░░░░░░░░░░░░░  28%  Streaming frame 294/4803
  ███████░░░░░░░░░░░░░░░░░░  28%  Streaming frame 295/4803
  ███████░░░░░░░░░░░░░░░░░░  28%  Streaming frame 296/4803
  ███████░░░░░░░░░░░░░░░░░░  28%  Streaming frame 297/4803
  ███████░░░░░░░░░░░░░░░░░░  28%  Streaming frame 298/4803
  ███████░░░░░░░░░░░░░░░░░░  28%  Streaming frame 299/4803
  ███████░░░░░░░░░░░░░░░░░░  28%  Streaming frame 300/4803
  ███████░░░░░░░░░░░░░░░░░░  28%  Streaming frame 301/4803
  ███████░░░░░░░░░░░░░░░░░░  28%  Streaming frame 302/4803
  ███████░░░░░░░░░░░░░░░░░░  28%  Streaming frame 303/4803
  ███████░░░░░░░░░░░░░░░░░░  28%  Streaming frame 304/4803
  ███████░░░░░░░░░░░░░░░░░░  28%  Streaming frame 305/4803
  ███████░░░░░░░░░░░░░░░░░░  29%  Streaming frame 306/4803
  ███████░░░░░░░░░░░░░░░░░░  29%  Streaming frame 307/4803
  ███████░░░░░░░░░░░░░░░░░░  29%  Streaming frame 308/4803
  ███████░░░░░░░░░░░░░░░░░░  29%  Streaming frame 309/4803
  ███████░░░░░░░░░░░░░░░░░░  29%  Streaming frame 310/4803
  ███████░░░░░░░░░░░░░░░░░░  29%  Streaming frame 311/4803
  ███████░░░░░░░░░░░░░░░░░░  29%  Streaming frame 312/4803
  ███████░░░░░░░░░░░░░░░░░░  29%  Streaming frame 313/4803
  ███████░░░░░░░░░░░░░░░░░░  29%  Streaming frame 314/4803
  ███████░░░░░░░░░░░░░░░░░░  29%  Streaming frame 315/4803
  ███████░░░░░░░░░░░░░░░░░░  29%  Streaming frame 316/4803
  ███████░░░░░░░░░░░░░░░░░░  29%  Streaming frame 317/4803
  ███████░░░░░░░░░░░░░░░░░░  29%  Streaming frame 318/4803
  ███████░░░░░░░░░░░░░░░░░░  29%  Streaming frame 319/4803
  ███████░░░░░░░░░░░░░░░░░░  29%  Streaming frame 320/4803
  ███████░░░░░░░░░░░░░░░░░░  29%  Streaming frame 321/4803
  ███████░░░░░░░░░░░░░░░░░░  29%  Streaming frame 322/4803
  ███████░░░░░░░░░░░░░░░░░░  29%  Streaming frame 323/4803
  ███████░░░░░░░░░░░░░░░░░░  29%  Streaming frame 324/4803
  ███████░░░░░░░░░░░░░░░░░░  29%  Streaming frame 325/4803
  ███████░░░░░░░░░░░░░░░░░░  29%  Streaming frame 326/4803
  ███████░░░░░░░░░░░░░░░░░░  29%  Streaming frame 327/4803
  ███████░░░░░░░░░░░░░░░░░░  29%  Streaming frame 328/4803
  ███████░░░░░░░░░░░░░░░░░░  29%  Streaming frame 329/4803
  ███████░░░░░░░░░░░░░░░░░░  29%  Streaming frame 330/4803
  ███████░░░░░░░░░░░░░░░░░░  29%  Streaming frame 331/4803
  ███████░░░░░░░░░░░░░░░░░░  29%  Streaming frame 332/4803
  ███████░░░░░░░░░░░░░░░░░░  29%  Streaming frame 333/4803
  ███████░░░░░░░░░░░░░░░░░░  29%  Streaming frame 334/4803
  ███████░░░░░░░░░░░░░░░░░░  29%  Streaming frame 335/4803
  ███████░░░░░░░░░░░░░░░░░░  29%  Streaming frame 336/4803
  ███████░░░░░░░░░░░░░░░░░░  29%  Streaming frame 337/4803
  ███████░░░░░░░░░░░░░░░░░░  29%  Streaming frame 338/4803
  ███████░░░░░░░░░░░░░░░░░░  29%  Streaming frame 339/4803
  ███████░░░░░░░░░░░░░░░░░░  29%  Streaming frame 340/4803
  ███████░░░░░░░░░░░░░░░░░░  29%  Streaming frame 341/4803
  ███████░░░░░░░░░░░░░░░░░░  29%  Streaming frame 342/4803
  ███████░░░░░░░░░░░░░░░░░░  29%  Streaming frame 343/4803
  ███████░░░░░░░░░░░░░░░░░░  29%  Streaming frame 344/4803
  ███████░░░░░░░░░░░░░░░░░░  29%  Streaming frame 345/4803
  ███████░░░░░░░░░░░░░░░░░░  29%  Streaming frame 346/4803
  ███████░░░░░░░░░░░░░░░░░░  29%  Streaming frame 347/4803
  ███████░░░░░░░░░░░░░░░░░░  29%  Streaming frame 348/4803
  ███████░░░░░░░░░░░░░░░░░░  29%  Streaming frame 349/4803
  ███████░░░░░░░░░░░░░░░░░░  29%  Streaming frame 350/4803
  ███████░░░░░░░░░░░░░░░░░░  29%  Streaming frame 351/4803
  ███████░░░░░░░░░░░░░░░░░░  29%  Streaming frame 352/4803
  ███████░░░░░░░░░░░░░░░░░░  29%  Streaming frame 353/4803
  ███████░░░░░░░░░░░░░░░░░░  29%  Streaming frame 354/4803
  ███████░░░░░░░░░░░░░░░░░░  29%  Streaming frame 355/4803
  ███████░░░░░░░░░░░░░░░░░░  29%  Streaming frame 356/4803
  ███████░░░░░░░░░░░░░░░░░░  29%  Streaming frame 357/4803
  ███████░░░░░░░░░░░░░░░░░░  29%  Streaming frame 358/4803
  ███████░░░░░░░░░░░░░░░░░░  29%  Streaming frame 359/4803
  ███████░░░░░░░░░░░░░░░░░░  29%  Streaming frame 360/4803
  ███████░░░░░░░░░░░░░░░░░░  29%  Streaming frame 361/4803
  ███████░░░░░░░░░░░░░░░░░░  29%  Streaming frame 362/4803
  ███████░░░░░░░░░░░░░░░░░░  29%  Streaming frame 363/4803
  ███████░░░░░░░░░░░░░░░░░░  29%  Streaming frame 364/4803
  ███████░░░░░░░░░░░░░░░░░░  29%  Streaming frame 365/4803
  ███████░░░░░░░░░░░░░░░░░░  29%  Streaming frame 366/4803
  ███████░░░░░░░░░░░░░░░░░░  29%  Streaming frame 367/4803
  ███████░░░░░░░░░░░░░░░░░░  29%  Streaming frame 368/4803
  ███████░░░░░░░░░░░░░░░░░░  29%  Streaming frame 369/4803
  ███████░░░░░░░░░░░░░░░░░░  29%  Streaming frame 370/4803
  ███████░░░░░░░░░░░░░░░░░░  29%  Streaming frame 371/4803
  ███████░░░░░░░░░░░░░░░░░░  29%  Streaming frame 372/4803
  ███████░░░░░░░░░░░░░░░░░░  29%  Streaming frame 373/4803
  ███████░░░░░░░░░░░░░░░░░░  29%  Streaming frame 374/4803
  ███████░░░░░░░░░░░░░░░░░░  29%  Streaming frame 375/4803
  ███████░░░░░░░░░░░░░░░░░░  29%  Streaming frame 376/4803
  ███████░░░░░░░░░░░░░░░░░░  29%  Streaming frame 377/4803
  ███████░░░░░░░░░░░░░░░░░░  29%  Streaming frame 378/4803
  ███████░░░░░░░░░░░░░░░░░░  29%  Streaming frame 379/4803
  ███████░░░░░░░░░░░░░░░░░░  29%  Streaming frame 380/4803
  ███████░░░░░░░░░░░░░░░░░░  29%  Streaming frame 381/4803
  ███████░░░░░░░░░░░░░░░░░░  29%  Streaming frame 382/4803
  ███████░░░░░░░░░░░░░░░░░░  29%  Streaming frame 383/4803
  ███████░░░░░░░░░░░░░░░░░░  29%  Streaming frame 384/4803
  ███████░░░░░░░░░░░░░░░░░░  29%  Streaming frame 385/4803
  ███████░░░░░░░░░░░░░░░░░░  29%  Streaming frame 386/4803
  ███████░░░░░░░░░░░░░░░░░░  29%  Streaming frame 387/4803
  ███████░░░░░░░░░░░░░░░░░░  29%  Streaming frame 388/4803
  ███████░░░░░░░░░░░░░░░░░░  29%  Streaming frame 389/4803
  ███████░░░░░░░░░░░░░░░░░░  29%  Streaming frame 390/4803
  ███████░░░░░░░░░░░░░░░░░░  29%  Streaming frame 391/4803
  ███████░░░░░░░░░░░░░░░░░░  29%  Streaming frame 392/4803
  ███████░░░░░░░░░░░░░░░░░░  30%  Streaming frame 393/4803
  ███████░░░░░░░░░░░░░░░░░░  30%  Streaming frame 394/4803
  ███████░░░░░░░░░░░░░░░░░░  30%  Streaming frame 395/4803
  ███████░░░░░░░░░░░░░░░░░░  30%  Streaming frame 396/4803
  ███████░░░░░░░░░░░░░░░░░░  30%  Streaming frame 397/4803
  ███████░░░░░░░░░░░░░░░░░░  30%  Streaming frame 398/4803
  ███████░░░░░░░░░░░░░░░░░░  30%  Streaming frame 399/4803
  ███████░░░░░░░░░░░░░░░░░░  30%  Streaming frame 400/4803
  ███████░░░░░░░░░░░░░░░░░░  30%  Streaming frame 401/4803
  ███████░░░░░░░░░░░░░░░░░░  30%  Streaming frame 402/4803
  ███████░░░░░░░░░░░░░░░░░░  30%  Streaming frame 403/4803
  ███████░░░░░░░░░░░░░░░░░░  30%  Streaming frame 404/4803
  ███████░░░░░░░░░░░░░░░░░░  30%  Streaming frame 405/4803
  ███████░░░░░░░░░░░░░░░░░░  30%  Streaming frame 406/4803
  ███████░░░░░░░░░░░░░░░░░░  30%  Streaming frame 407/4803
  ███████░░░░░░░░░░░░░░░░░░  30%  Streaming frame 408/4803
  ███████░░░░░░░░░░░░░░░░░░  30%  Streaming frame 409/4803
  ███████░░░░░░░░░░░░░░░░░░  30%  Streaming frame 410/4803
  ███████░░░░░░░░░░░░░░░░░░  30%  Streaming frame 411/4803
  ███████░░░░░░░░░░░░░░░░░░  30%  Streaming frame 412/4803
  ███████░░░░░░░░░░░░░░░░░░  30%  Streaming frame 413/4803
  ███████░░░░░░░░░░░░░░░░░░  30%  Streaming frame 414/4803
  ███████░░░░░░░░░░░░░░░░░░  30%  Streaming frame 415/4803
  ███████░░░░░░░░░░░░░░░░░░  30%  Streaming frame 416/4803
  ███████░░░░░░░░░░░░░░░░░░  30%  Streaming frame 417/4803
  ███████░░░░░░░░░░░░░░░░░░  30%  Streaming frame 418/4803
  ███████░░░░░░░░░░░░░░░░░░  30%  Streaming frame 419/4803
  ███████░░░░░░░░░░░░░░░░░░  30%  Streaming frame 420/4803
  ███████░░░░░░░░░░░░░░░░░░  30%  Streaming frame 421/4803
  ███████░░░░░░░░░░░░░░░░░░  30%  Streaming frame 422/4803
  ███████░░░░░░░░░░░░░░░░░░  30%  Streaming frame 423/4803
  ███████░░░░░░░░░░░░░░░░░░  30%  Streaming frame 424/4803
  ███████░░░░░░░░░░░░░░░░░░  30%  Streaming frame 425/4803
  ███████░░░░░░░░░░░░░░░░░░  30%  Streaming frame 426/4803
[WARN] [Render] drawElement blank-frame suspect; re-capturing {"renderJobId":"f0260c89-7ee7-4245-9228-b77333d3425b","frame":426,"bytes":6161,"floor":20000}
[INFO] [Render] drawElement small frame is deterministic; accepted {"renderJobId":"f0260c89-7ee7-4245-9228-b77333d3425b","frame":426,"bytes":6161}
  ███████░░░░░░░░░░░░░░░░░░  30%  Streaming frame 427/4803
  ███████░░░░░░░░░░░░░░░░░░  30%  Streaming frame 428/4803
  ███████░░░░░░░░░░░░░░░░░░  30%  Streaming frame 429/4803
  ███████░░░░░░░░░░░░░░░░░░  30%  Streaming frame 430/4803
  ███████░░░░░░░░░░░░░░░░░░  30%  Streaming frame 431/4803
  ███████░░░░░░░░░░░░░░░░░░  30%  Streaming frame 432/4803
  ███████░░░░░░░░░░░░░░░░░░  30%  Streaming frame 433/4803
  ███████░░░░░░░░░░░░░░░░░░  30%  Streaming frame 434/4803
  ███████░░░░░░░░░░░░░░░░░░  30%  Streaming frame 435/4803
  ███████░░░░░░░░░░░░░░░░░░  30%  Streaming frame 436/4803
  ███████░░░░░░░░░░░░░░░░░░  30%  Streaming frame 437/4803
  ███████░░░░░░░░░░░░░░░░░░  30%  Streaming frame 438/4803
  ███████░░░░░░░░░░░░░░░░░░  30%  Streaming frame 439/4803
  ███████░░░░░░░░░░░░░░░░░░  30%  Streaming frame 440/4803
  ███████░░░░░░░░░░░░░░░░░░  30%  Streaming frame 441/4803
  ███████░░░░░░░░░░░░░░░░░░  30%  Streaming frame 442/4803
  ███████░░░░░░░░░░░░░░░░░░  30%  Streaming frame 443/4803
  ███████░░░░░░░░░░░░░░░░░░  30%  Streaming frame 444/4803
  ███████░░░░░░░░░░░░░░░░░░  30%  Streaming frame 445/4803
  ███████░░░░░░░░░░░░░░░░░░  30%  Streaming frame 446/4803
  ███████░░░░░░░░░░░░░░░░░░  30%  Streaming frame 447/4803
  ███████░░░░░░░░░░░░░░░░░░  30%  Streaming frame 448/4803
  ███████░░░░░░░░░░░░░░░░░░  30%  Streaming frame 449/4803
  ███████░░░░░░░░░░░░░░░░░░  30%  Streaming frame 450/4803
  ███████░░░░░░░░░░░░░░░░░░  30%  Streaming frame 451/4803
  ███████░░░░░░░░░░░░░░░░░░  30%  Streaming frame 452/4803
  ███████░░░░░░░░░░░░░░░░░░  30%  Streaming frame 453/4803
  ███████░░░░░░░░░░░░░░░░░░  30%  Streaming frame 454/4803
  ███████░░░░░░░░░░░░░░░░░░  30%  Streaming frame 455/4803
  ███████░░░░░░░░░░░░░░░░░░  30%  Streaming frame 456/4803
  ███████░░░░░░░░░░░░░░░░░░  30%  Streaming frame 457/4803
  ███████░░░░░░░░░░░░░░░░░░  30%  Streaming frame 458/4803
  ███████░░░░░░░░░░░░░░░░░░  30%  Streaming frame 459/4803
  ███████░░░░░░░░░░░░░░░░░░  30%  Streaming frame 460/4803
  ███████░░░░░░░░░░░░░░░░░░  30%  Streaming frame 461/4803
  ███████░░░░░░░░░░░░░░░░░░  30%  Streaming frame 462/4803
  ███████░░░░░░░░░░░░░░░░░░  30%  Streaming frame 463/4803
  ███████░░░░░░░░░░░░░░░░░░  30%  Streaming frame 464/4803
  ███████░░░░░░░░░░░░░░░░░░  30%  Streaming frame 465/4803
  ███████░░░░░░░░░░░░░░░░░░  30%  Streaming frame 466/4803
  ███████░░░░░░░░░░░░░░░░░░  30%  Streaming frame 467/4803
  ███████░░░░░░░░░░░░░░░░░░  30%  Streaming frame 468/4803
  ███████░░░░░░░░░░░░░░░░░░  30%  Streaming frame 469/4803
  ███████░░░░░░░░░░░░░░░░░░  30%  Streaming frame 470/4803
  ███████░░░░░░░░░░░░░░░░░░  30%  Streaming frame 471/4803
  ███████░░░░░░░░░░░░░░░░░░  30%  Streaming frame 472/4803
  ███████░░░░░░░░░░░░░░░░░░  30%  Streaming frame 473/4803
  ███████░░░░░░░░░░░░░░░░░░  30%  Streaming frame 474/4803
  ███████░░░░░░░░░░░░░░░░░░  30%  Streaming frame 475/4803
  ███████░░░░░░░░░░░░░░░░░░  30%  Streaming frame 476/4803
  ███████░░░░░░░░░░░░░░░░░░  30%  Streaming frame 477/4803
  ███████░░░░░░░░░░░░░░░░░░  30%  Streaming frame 478/4803
  ███████░░░░░░░░░░░░░░░░░░  30%  Streaming frame 479/4803
  ███████░░░░░░░░░░░░░░░░░░  30%  Streaming frame 480/4803
  ███████░░░░░░░░░░░░░░░░░░  31%  Streaming frame 481/4803
  ███████░░░░░░░░░░░░░░░░░░  31%  Streaming frame 482/4803
  ███████░░░░░░░░░░░░░░░░░░  31%  Streaming frame 483/4803
  ███████░░░░░░░░░░░░░░░░░░  31%  Streaming frame 484/4803
  ███████░░░░░░░░░░░░░░░░░░  31%  Streaming frame 485/4803
  ███████░░░░░░░░░░░░░░░░░░  31%  Streaming frame 486/4803
  ███████░░░░░░░░░░░░░░░░░░  31%  Streaming frame 487/4803
  ███████░░░░░░░░░░░░░░░░░░  31%  Streaming frame 488/4803
  ███████░░░░░░░░░░░░░░░░░░  31%  Streaming frame 489/4803
  ███████░░░░░░░░░░░░░░░░░░  31%  Streaming frame 490/4803
  ███████░░░░░░░░░░░░░░░░░░  31%  Streaming frame 491/4803
  ███████░░░░░░░░░░░░░░░░░░  31%  Streaming frame 492/4803
  ███████░░░░░░░░░░░░░░░░░░  31%  Streaming frame 493/4803
  ███████░░░░░░░░░░░░░░░░░░  31%  Streaming frame 494/4803
  ███████░░░░░░░░░░░░░░░░░░  31%  Streaming frame 495/4803
  ███████░░░░░░░░░░░░░░░░░░  31%  Streaming frame 496/4803
  ███████░░░░░░░░░░░░░░░░░░  31%  Streaming frame 497/4803
  ███████░░░░░░░░░░░░░░░░░░  31%  Streaming frame 498/4803
  ███████░░░░░░░░░░░░░░░░░░  31%  Streaming frame 499/4803
  ███████░░░░░░░░░░░░░░░░░░  31%  Streaming frame 500/4803
  ███████░░░░░░░░░░░░░░░░░░  31%  Streaming frame 501/4803
  ███████░░░░░░░░░░░░░░░░░░  31%  Streaming frame 502/4803
  ███████░░░░░░░░░░░░░░░░░░  31%  Streaming frame 503/4803
  ███████░░░░░░░░░░░░░░░░░░  31%  Streaming frame 504/4803
  ███████░░░░░░░░░░░░░░░░░░  31%  Streaming frame 505/4803
  ███████░░░░░░░░░░░░░░░░░░  31%  Streaming frame 506/4803
  ███████░░░░░░░░░░░░░░░░░░  31%  Streaming frame 507/4803
  ███████░░░░░░░░░░░░░░░░░░  31%  Streaming frame 508/4803
  ███████░░░░░░░░░░░░░░░░░░  31%  Streaming frame 509/4803
  ███████░░░░░░░░░░░░░░░░░░  31%  Streaming frame 510/4803
  ███████░░░░░░░░░░░░░░░░░░  31%  Streaming frame 511/4803
  ███████░░░░░░░░░░░░░░░░░░  31%  Streaming frame 512/4803
  ███████░░░░░░░░░░░░░░░░░░  31%  Streaming frame 513/4803
  ███████░░░░░░░░░░░░░░░░░░  31%  Streaming frame 514/4803
  ███████░░░░░░░░░░░░░░░░░░  31%  Streaming frame 515/4803
  ███████░░░░░░░░░░░░░░░░░░  31%  Streaming frame 516/4803
  ███████░░░░░░░░░░░░░░░░░░  31%  Streaming frame 517/4803
  ███████░░░░░░░░░░░░░░░░░░  31%  Streaming frame 518/4803
  ███████░░░░░░░░░░░░░░░░░░  31%  Streaming frame 519/4803
  ███████░░░░░░░░░░░░░░░░░░  31%  Streaming frame 520/4803
  ███████░░░░░░░░░░░░░░░░░░  31%  Streaming frame 521/4803
  ███████░░░░░░░░░░░░░░░░░░  31%  Streaming frame 522/4803
  ███████░░░░░░░░░░░░░░░░░░  31%  Streaming frame 523/4803
  ███████░░░░░░░░░░░░░░░░░░  31%  Streaming frame 524/4803
  ███████░░░░░░░░░░░░░░░░░░  31%  Streaming frame 525/4803
  ███████░░░░░░░░░░░░░░░░░░  31%  Streaming frame 526/4803
  ███████░░░░░░░░░░░░░░░░░░  31%  Streaming frame 527/4803
  ███████░░░░░░░░░░░░░░░░░░  31%  Streaming frame 528/4803
  ███████░░░░░░░░░░░░░░░░░░  31%  Streaming frame 529/4803
  ███████░░░░░░░░░░░░░░░░░░  31%  Streaming frame 530/4803
  ███████░░░░░░░░░░░░░░░░░░  31%  Streaming frame 531/4803
  ███████░░░░░░░░░░░░░░░░░░  31%  Streaming frame 532/4803
  ███████░░░░░░░░░░░░░░░░░░  31%  Streaming frame 533/4803
  ███████░░░░░░░░░░░░░░░░░░  31%  Streaming frame 534/4803
  ███████░░░░░░░░░░░░░░░░░░  31%  Streaming frame 535/4803
  ███████░░░░░░░░░░░░░░░░░░  31%  Streaming frame 536/4803
  ███████░░░░░░░░░░░░░░░░░░  31%  Streaming frame 537/4803
  ███████░░░░░░░░░░░░░░░░░░  31%  Streaming frame 538/4803
  ███████░░░░░░░░░░░░░░░░░░  31%  Streaming frame 539/4803
  ███████░░░░░░░░░░░░░░░░░░  31%  Streaming frame 540/4803
  ███████░░░░░░░░░░░░░░░░░░  31%  Streaming frame 541/4803
  ███████░░░░░░░░░░░░░░░░░░  31%  Streaming frame 542/4803
  ███████░░░░░░░░░░░░░░░░░░  31%  Streaming frame 543/4803
  ███████░░░░░░░░░░░░░░░░░░  31%  Streaming frame 544/4803
  ███████░░░░░░░░░░░░░░░░░░  31%  Streaming frame 545/4803
  ███████░░░░░░░░░░░░░░░░░░  31%  Streaming frame 546/4803
  ███████░░░░░░░░░░░░░░░░░░  31%  Streaming frame 547/4803
  ███████░░░░░░░░░░░░░░░░░░  31%  Streaming frame 548/4803
  ███████░░░░░░░░░░░░░░░░░░  31%  Streaming frame 549/4803
  ███████░░░░░░░░░░░░░░░░░░  31%  Streaming frame 550/4803
  ███████░░░░░░░░░░░░░░░░░░  31%  Streaming frame 551/4803
  ███████░░░░░░░░░░░░░░░░░░  31%  Streaming frame 552/4803
  ███████░░░░░░░░░░░░░░░░░░  31%  Streaming frame 553/4803
  ███████░░░░░░░░░░░░░░░░░░  31%  Streaming frame 554/4803
  ███████░░░░░░░░░░░░░░░░░░  31%  Streaming frame 555/4803
  ███████░░░░░░░░░░░░░░░░░░  31%  Streaming frame 556/4803
  ███████░░░░░░░░░░░░░░░░░░  31%  Streaming frame 557/4803
  ███████░░░░░░░░░░░░░░░░░░  31%  Streaming frame 558/4803
  ███████░░░░░░░░░░░░░░░░░░  31%  Streaming frame 559/4803
  ███████░░░░░░░░░░░░░░░░░░  31%  Streaming frame 560/4803
  ███████░░░░░░░░░░░░░░░░░░  31%  Streaming frame 561/4803
  ███████░░░░░░░░░░░░░░░░░░  31%  Streaming frame 562/4803
  ███████░░░░░░░░░░░░░░░░░░  31%  Streaming frame 563/4803
  ███████░░░░░░░░░░░░░░░░░░  31%  Streaming frame 564/4803
  ███████░░░░░░░░░░░░░░░░░░  31%  Streaming frame 565/4803
  ███████░░░░░░░░░░░░░░░░░░  31%  Streaming frame 566/4803
  ███████░░░░░░░░░░░░░░░░░░  31%  Streaming frame 567/4803
  ████████░░░░░░░░░░░░░░░░░  32%  Streaming frame 568/4803
  ████████░░░░░░░░░░░░░░░░░  32%  Streaming frame 569/4803
  ████████░░░░░░░░░░░░░░░░░  32%  Streaming frame 570/4803
  ████████░░░░░░░░░░░░░░░░░  32%  Streaming frame 571/4803
  ████████░░░░░░░░░░░░░░░░░  32%  Streaming frame 572/4803
  ████████░░░░░░░░░░░░░░░░░  32%  Streaming frame 573/4803
  ████████░░░░░░░░░░░░░░░░░  32%  Streaming frame 574/4803
  ████████░░░░░░░░░░░░░░░░░  32%  Streaming frame 575/4803
  ████████░░░░░░░░░░░░░░░░░  32%  Streaming frame 576/4803
  ████████░░░░░░░░░░░░░░░░░  32%  Streaming frame 577/4803
  ████████░░░░░░░░░░░░░░░░░  32%  Streaming frame 578/4803
  ████████░░░░░░░░░░░░░░░░░  32%  Streaming frame 579/4803
  ████████░░░░░░░░░░░░░░░░░  32%  Streaming frame 580/4803
  ████████░░░░░░░░░░░░░░░░░  32%  Streaming frame 581/4803
  ████████░░░░░░░░░░░░░░░░░  32%  Streaming frame 582/4803
  ████████░░░░░░░░░░░░░░░░░  32%  Streaming frame 583/4803
  ████████░░░░░░░░░░░░░░░░░  32%  Streaming frame 584/4803
  ████████░░░░░░░░░░░░░░░░░  32%  Streaming frame 585/4803
  ████████░░░░░░░░░░░░░░░░░  32%  Streaming frame 586/4803
  ████████░░░░░░░░░░░░░░░░░  32%  Streaming frame 587/4803
  ████████░░░░░░░░░░░░░░░░░  32%  Streaming frame 588/4803
  ████████░░░░░░░░░░░░░░░░░  32%  Streaming frame 589/4803
  ████████░░░░░░░░░░░░░░░░░  32%  Streaming frame 590/4803
  ████████░░░░░░░░░░░░░░░░░  32%  Streaming frame 591/4803
  ████████░░░░░░░░░░░░░░░░░  32%  Streaming frame 592/4803
  ████████░░░░░░░░░░░░░░░░░  32%  Streaming frame 593/4803
  ████████░░░░░░░░░░░░░░░░░  32%  Streaming frame 594/4803
  ████████░░░░░░░░░░░░░░░░░  32%  Streaming frame 595/4803
  ████████░░░░░░░░░░░░░░░░░  32%  Streaming frame 596/4803
  ████████░░░░░░░░░░░░░░░░░  32%  Streaming frame 597/4803
  ████████░░░░░░░░░░░░░░░░░  32%  Streaming frame 598/4803
  ████████░░░░░░░░░░░░░░░░░  32%  Streaming frame 599/4803
  ████████░░░░░░░░░░░░░░░░░  32%  Streaming frame 600/4803
  ████████░░░░░░░░░░░░░░░░░  32%  Streaming frame 601/4803
  ████████░░░░░░░░░░░░░░░░░  32%  Streaming frame 602/4803
  ████████░░░░░░░░░░░░░░░░░  32%  Streaming frame 603/4803
  ████████░░░░░░░░░░░░░░░░░  32%  Streaming frame 604/4803
  ████████░░░░░░░░░░░░░░░░░  32%  Streaming frame 605/4803
  ████████░░░░░░░░░░░░░░░░░  32%  Streaming frame 606/4803
  ████████░░░░░░░░░░░░░░░░░  32%  Streaming frame 607/4803
  ████████░░░░░░░░░░░░░░░░░  32%  Streaming frame 608/4803
  ████████░░░░░░░░░░░░░░░░░  32%  Streaming frame 609/4803
  ████████░░░░░░░░░░░░░░░░░  32%  Streaming frame 610/4803
  ████████░░░░░░░░░░░░░░░░░  32%  Streaming frame 611/4803
  ████████░░░░░░░░░░░░░░░░░  32%  Streaming frame 612/4803
  ████████░░░░░░░░░░░░░░░░░  32%  Streaming frame 613/4803
  ████████░░░░░░░░░░░░░░░░░  32%  Streaming frame 614/4803
  ████████░░░░░░░░░░░░░░░░░  32%  Streaming frame 615/4803
  ████████░░░░░░░░░░░░░░░░░  32%  Streaming frame 616/4803
  ████████░░░░░░░░░░░░░░░░░  32%  Streaming frame 617/4803
  ████████░░░░░░░░░░░░░░░░░  32%  Streaming frame 618/4803
  ████████░░░░░░░░░░░░░░░░░  32%  Streaming frame 619/4803
  ████████░░░░░░░░░░░░░░░░░  32%  Streaming frame 620/4803
  ████████░░░░░░░░░░░░░░░░░  32%  Streaming frame 621/4803
  ████████░░░░░░░░░░░░░░░░░  32%  Streaming frame 622/4803
  ████████░░░░░░░░░░░░░░░░░  32%  Streaming frame 623/4803
  ████████░░░░░░░░░░░░░░░░░  32%  Streaming frame 624/4803
  ████████░░░░░░░░░░░░░░░░░  32%  Streaming frame 625/4803
  ████████░░░░░░░░░░░░░░░░░  32%  Streaming frame 626/4803
  ████████░░░░░░░░░░░░░░░░░  32%  Streaming frame 627/4803
  ████████░░░░░░░░░░░░░░░░░  32%  Streaming frame 628/4803
  ████████░░░░░░░░░░░░░░░░░  32%  Streaming frame 629/4803
  ████████░░░░░░░░░░░░░░░░░  32%  Streaming frame 630/4803
  ████████░░░░░░░░░░░░░░░░░  32%  Streaming frame 631/4803
  ████████░░░░░░░░░░░░░░░░░  32%  Streaming frame 632/4803
  ████████░░░░░░░░░░░░░░░░░  32%  Streaming frame 633/4803
  ████████░░░░░░░░░░░░░░░░░  32%  Streaming frame 634/4803
  ████████░░░░░░░░░░░░░░░░░  32%  Streaming frame 635/4803
  ████████░░░░░░░░░░░░░░░░░  32%  Streaming frame 636/4803
  ████████░░░░░░░░░░░░░░░░░  32%  Streaming frame 637/4803
  ████████░░░░░░░░░░░░░░░░░  32%  Streaming frame 638/4803
  ████████░░░░░░░░░░░░░░░░░  32%  Streaming frame 639/4803
  ████████░░░░░░░░░░░░░░░░░  32%  Streaming frame 640/4803
  ████████░░░░░░░░░░░░░░░░░  32%  Streaming frame 641/4803
  ████████░░░░░░░░░░░░░░░░░  32%  Streaming frame 642/4803
  ████████░░░░░░░░░░░░░░░░░  32%  Streaming frame 643/4803
  ████████░░░░░░░░░░░░░░░░░  32%  Streaming frame 644/4803
  ████████░░░░░░░░░░░░░░░░░  32%  Streaming frame 645/4803
  ████████░░░░░░░░░░░░░░░░░  32%  Streaming frame 646/4803
  ████████░░░░░░░░░░░░░░░░░  32%  Streaming frame 647/4803
  ████████░░░░░░░░░░░░░░░░░  32%  Streaming frame 648/4803
  ████████░░░░░░░░░░░░░░░░░  32%  Streaming frame 649/4803
  ████████░░░░░░░░░░░░░░░░░  32%  Streaming frame 650/4803
  ████████░░░░░░░░░░░░░░░░░  32%  Streaming frame 651/4803
  ████████░░░░░░░░░░░░░░░░░  32%  Streaming frame 652/4803
  ████████░░░░░░░░░░░░░░░░░  32%  Streaming frame 653/4803
  ████████░░░░░░░░░░░░░░░░░  32%  Streaming frame 654/4803
  ████████░░░░░░░░░░░░░░░░░  33%  Streaming frame 655/4803
  ████████░░░░░░░░░░░░░░░░░  33%  Streaming frame 656/4803
  ████████░░░░░░░░░░░░░░░░░  33%  Streaming frame 657/4803
  ████████░░░░░░░░░░░░░░░░░  33%  Streaming frame 658/4803
  ████████░░░░░░░░░░░░░░░░░  33%  Streaming frame 659/4803
  ████████░░░░░░░░░░░░░░░░░  33%  Streaming frame 660/4803
  ████████░░░░░░░░░░░░░░░░░  33%  Streaming frame 661/4803
  ████████░░░░░░░░░░░░░░░░░  33%  Streaming frame 662/4803
  ████████░░░░░░░░░░░░░░░░░  33%  Streaming frame 663/4803
  ████████░░░░░░░░░░░░░░░░░  33%  Streaming frame 664/4803
  ████████░░░░░░░░░░░░░░░░░  33%  Streaming frame 665/4803
  ████████░░░░░░░░░░░░░░░░░  33%  Streaming frame 666/4803
  ████████░░░░░░░░░░░░░░░░░  33%  Streaming frame 667/4803
  ████████░░░░░░░░░░░░░░░░░  33%  Streaming frame 668/4803
  ████████░░░░░░░░░░░░░░░░░  33%  Streaming frame 669/4803
  ████████░░░░░░░░░░░░░░░░░  33%  Streaming frame 670/4803
  ████████░░░░░░░░░░░░░░░░░  33%  Streaming frame 671/4803
  ████████░░░░░░░░░░░░░░░░░  33%  Streaming frame 672/4803
  ████████░░░░░░░░░░░░░░░░░  33%  Streaming frame 673/4803
  ████████░░░░░░░░░░░░░░░░░  33%  Streaming frame 674/4803
  ████████░░░░░░░░░░░░░░░░░  33%  Streaming frame 675/4803
  ████████░░░░░░░░░░░░░░░░░  33%  Streaming frame 676/4803
  ████████░░░░░░░░░░░░░░░░░  33%  Streaming frame 677/4803
  ████████░░░░░░░░░░░░░░░░░  33%  Streaming frame 678/4803
  ████████░░░░░░░░░░░░░░░░░  33%  Streaming frame 679/4803
  ████████░░░░░░░░░░░░░░░░░  33%  Streaming frame 680/4803
  ████████░░░░░░░░░░░░░░░░░  33%  Streaming frame 681/4803
  ████████░░░░░░░░░░░░░░░░░  33%  Streaming frame 682/4803
  ████████░░░░░░░░░░░░░░░░░  33%  Streaming frame 683/4803
  ████████░░░░░░░░░░░░░░░░░  33%  Streaming frame 684/4803
  ████████░░░░░░░░░░░░░░░░░  33%  Streaming frame 685/4803
  ████████░░░░░░░░░░░░░░░░░  33%  Streaming frame 686/4803
  ████████░░░░░░░░░░░░░░░░░  33%  Streaming frame 687/4803
  ████████░░░░░░░░░░░░░░░░░  33%  Streaming frame 688/4803
  ████████░░░░░░░░░░░░░░░░░  33%  Streaming frame 689/4803
  ████████░░░░░░░░░░░░░░░░░  33%  Streaming frame 690/4803
  ████████░░░░░░░░░░░░░░░░░  33%  Streaming frame 691/4803
  ████████░░░░░░░░░░░░░░░░░  33%  Streaming frame 692/4803
  ████████░░░░░░░░░░░░░░░░░  33%  Streaming frame 693/4803
  ████████░░░░░░░░░░░░░░░░░  33%  Streaming frame 694/4803
  ████████░░░░░░░░░░░░░░░░░  33%  Streaming frame 695/4803
  ████████░░░░░░░░░░░░░░░░░  33%  Streaming frame 696/4803
  ████████░░░░░░░░░░░░░░░░░  33%  Streaming frame 697/4803
  ████████░░░░░░░░░░░░░░░░░  33%  Streaming frame 698/4803
  ████████░░░░░░░░░░░░░░░░░  33%  Streaming frame 699/4803
  ████████░░░░░░░░░░░░░░░░░  33%  Streaming frame 700/4803
  ████████░░░░░░░░░░░░░░░░░  33%  Streaming frame 701/4803
  ████████░░░░░░░░░░░░░░░░░  33%  Streaming frame 702/4803
  ████████░░░░░░░░░░░░░░░░░  33%  Streaming frame 703/4803
  ████████░░░░░░░░░░░░░░░░░  33%  Streaming frame 704/4803
  ████████░░░░░░░░░░░░░░░░░  33%  Streaming frame 705/4803
  ████████░░░░░░░░░░░░░░░░░  33%  Streaming frame 706/4803
  ████████░░░░░░░░░░░░░░░░░  33%  Streaming frame 707/4803
  ████████░░░░░░░░░░░░░░░░░  33%  Streaming frame 708/4803
  ████████░░░░░░░░░░░░░░░░░  33%  Streaming frame 709/4803
  ████████░░░░░░░░░░░░░░░░░  33%  Streaming frame 710/4803
  ████████░░░░░░░░░░░░░░░░░  33%  Streaming frame 711/4803
  ████████░░░░░░░░░░░░░░░░░  33%  Streaming frame 712/4803
  ████████░░░░░░░░░░░░░░░░░  33%  Streaming frame 713/4803
  ████████░░░░░░░░░░░░░░░░░  33%  Streaming frame 714/4803
  ████████░░░░░░░░░░░░░░░░░  33%  Streaming frame 715/4803
  ████████░░░░░░░░░░░░░░░░░  33%  Streaming frame 716/4803
  ████████░░░░░░░░░░░░░░░░░  33%  Streaming frame 717/4803
  ████████░░░░░░░░░░░░░░░░░  33%  Streaming frame 718/4803
  ████████░░░░░░░░░░░░░░░░░  33%  Streaming frame 719/4803
  ████████░░░░░░░░░░░░░░░░░  33%  Streaming frame 720/4803
  ████████░░░░░░░░░░░░░░░░░  33%  Streaming frame 721/4803
  ████████░░░░░░░░░░░░░░░░░  33%  Streaming frame 722/4803
  ████████░░░░░░░░░░░░░░░░░  33%  Streaming frame 723/4803
  ████████░░░░░░░░░░░░░░░░░  33%  Streaming frame 724/4803
  ████████░░░░░░░░░░░░░░░░░  33%  Streaming frame 725/4803
  ████████░░░░░░░░░░░░░░░░░  33%  Streaming frame 726/4803
  ████████░░░░░░░░░░░░░░░░░  33%  Streaming frame 727/4803
  ████████░░░░░░░░░░░░░░░░░  33%  Streaming frame 728/4803
  ████████░░░░░░░░░░░░░░░░░  33%  Streaming frame 729/4803
  ████████░░░░░░░░░░░░░░░░░  33%  Streaming frame 730/4803
  ████████░░░░░░░░░░░░░░░░░  33%  Streaming frame 731/4803
  ████████░░░░░░░░░░░░░░░░░  33%  Streaming frame 732/4803
  ████████░░░░░░░░░░░░░░░░░  33%  Streaming frame 733/4803
  ████████░░░░░░░░░░░░░░░░░  33%  Streaming frame 734/4803
  ████████░░░░░░░░░░░░░░░░░  33%  Streaming frame 735/4803
  ████████░░░░░░░░░░░░░░░░░  33%  Streaming frame 736/4803
  ████████░░░░░░░░░░░░░░░░░  33%  Streaming frame 737/4803
  ████████░░░░░░░░░░░░░░░░░  33%  Streaming frame 738/4803
  ████████░░░░░░░░░░░░░░░░░  33%  Streaming frame 739/4803
  ████████░░░░░░░░░░░░░░░░░  33%  Streaming frame 740/4803
  ████████░░░░░░░░░░░░░░░░░  33%  Streaming frame 741/4803
  ████████░░░░░░░░░░░░░░░░░  33%  Streaming frame 742/4803
  ████████░░░░░░░░░░░░░░░░░  34%  Streaming frame 743/4803
  ████████░░░░░░░░░░░░░░░░░  34%  Streaming frame 744/4803
  ████████░░░░░░░░░░░░░░░░░  34%  Streaming frame 745/4803
  ████████░░░░░░░░░░░░░░░░░  34%  Streaming frame 746/4803
  ████████░░░░░░░░░░░░░░░░░  34%  Streaming frame 747/4803
  ████████░░░░░░░░░░░░░░░░░  34%  Streaming frame 748/4803
  ████████░░░░░░░░░░░░░░░░░  34%  Streaming frame 749/4803
  ████████░░░░░░░░░░░░░░░░░  34%  Streaming frame 750/4803
  ████████░░░░░░░░░░░░░░░░░  34%  Streaming frame 751/4803
  ████████░░░░░░░░░░░░░░░░░  34%  Streaming frame 752/4803
  ████████░░░░░░░░░░░░░░░░░  34%  Streaming frame 753/4803
  ████████░░░░░░░░░░░░░░░░░  34%  Streaming frame 754/4803
  ████████░░░░░░░░░░░░░░░░░  34%  Streaming frame 755/4803
  ████████░░░░░░░░░░░░░░░░░  34%  Streaming frame 756/4803
  ████████░░░░░░░░░░░░░░░░░  34%  Streaming frame 757/4803
  ████████░░░░░░░░░░░░░░░░░  34%  Streaming frame 758/4803
  ████████░░░░░░░░░░░░░░░░░  34%  Streaming frame 759/4803
  ████████░░░░░░░░░░░░░░░░░  34%  Streaming frame 760/4803
  ████████░░░░░░░░░░░░░░░░░  34%  Streaming frame 761/4803
  ████████░░░░░░░░░░░░░░░░░  34%  Streaming frame 762/4803
  ████████░░░░░░░░░░░░░░░░░  34%  Streaming frame 763/4803
  ████████░░░░░░░░░░░░░░░░░  34%  Streaming frame 764/4803
  ████████░░░░░░░░░░░░░░░░░  34%  Streaming frame 765/4803
  ████████░░░░░░░░░░░░░░░░░  34%  Streaming frame 766/4803
  ████████░░░░░░░░░░░░░░░░░  34%  Streaming frame 767/4803
  ████████░░░░░░░░░░░░░░░░░  34%  Streaming frame 768/4803
  ████████░░░░░░░░░░░░░░░░░  34%  Streaming frame 769/4803
  ████████░░░░░░░░░░░░░░░░░  34%  Streaming frame 770/4803
  ████████░░░░░░░░░░░░░░░░░  34%  Streaming frame 771/4803
  ████████░░░░░░░░░░░░░░░░░  34%  Streaming frame 772/4803
  ████████░░░░░░░░░░░░░░░░░  34%  Streaming frame 773/4803
  ████████░░░░░░░░░░░░░░░░░  34%  Streaming frame 774/4803
  ████████░░░░░░░░░░░░░░░░░  34%  Streaming frame 775/4803
  ████████░░░░░░░░░░░░░░░░░  34%  Streaming frame 776/4803
  ████████░░░░░░░░░░░░░░░░░  34%  Streaming frame 777/4803
  ████████░░░░░░░░░░░░░░░░░  34%  Streaming frame 778/4803
  ████████░░░░░░░░░░░░░░░░░  34%  Streaming frame 779/4803
  ████████░░░░░░░░░░░░░░░░░  34%  Streaming frame 780/4803
  ████████░░░░░░░░░░░░░░░░░  34%  Streaming frame 781/4803
  ████████░░░░░░░░░░░░░░░░░  34%  Streaming frame 782/4803
  ████████░░░░░░░░░░░░░░░░░  34%  Streaming frame 783/4803
  ████████░░░░░░░░░░░░░░░░░  34%  Streaming frame 784/4803
  ████████░░░░░░░░░░░░░░░░░  34%  Streaming frame 785/4803
  ████████░░░░░░░░░░░░░░░░░  34%  Streaming frame 786/4803
  ████████░░░░░░░░░░░░░░░░░  34%  Streaming frame 787/4803
  ████████░░░░░░░░░░░░░░░░░  34%  Streaming frame 788/4803
  ████████░░░░░░░░░░░░░░░░░  34%  Streaming frame 789/4803
  ████████░░░░░░░░░░░░░░░░░  34%  Streaming frame 790/4803
  ████████░░░░░░░░░░░░░░░░░  34%  Streaming frame 791/4803
  ████████░░░░░░░░░░░░░░░░░  34%  Streaming frame 792/4803
  ████████░░░░░░░░░░░░░░░░░  34%  Streaming frame 793/4803
  ████████░░░░░░░░░░░░░░░░░  34%  Streaming frame 794/4803
  ████████░░░░░░░░░░░░░░░░░  34%  Streaming frame 795/4803
  ████████░░░░░░░░░░░░░░░░░  34%  Streaming frame 796/4803
  ████████░░░░░░░░░░░░░░░░░  34%  Streaming frame 797/4803
  ████████░░░░░░░░░░░░░░░░░  34%  Streaming frame 798/4803
  ████████░░░░░░░░░░░░░░░░░  34%  Streaming frame 799/4803
  ████████░░░░░░░░░░░░░░░░░  34%  Streaming frame 800/4803
  ████████░░░░░░░░░░░░░░░░░  34%  Streaming frame 801/4803
  ████████░░░░░░░░░░░░░░░░░  34%  Streaming frame 802/4803
  ████████░░░░░░░░░░░░░░░░░  34%  Streaming frame 803/4803
  ████████░░░░░░░░░░░░░░░░░  34%  Streaming frame 804/4803
  ████████░░░░░░░░░░░░░░░░░  34%  Streaming frame 805/4803
  ████████░░░░░░░░░░░░░░░░░  34%  Streaming frame 806/4803
  ████████░░░░░░░░░░░░░░░░░  34%  Streaming frame 807/4803
  ████████░░░░░░░░░░░░░░░░░  34%  Streaming frame 808/4803
  ████████░░░░░░░░░░░░░░░░░  34%  Streaming frame 809/4803
  ████████░░░░░░░░░░░░░░░░░  34%  Streaming frame 810/4803
  ████████░░░░░░░░░░░░░░░░░  34%  Streaming frame 811/4803
  ████████░░░░░░░░░░░░░░░░░  34%  Streaming frame 812/4803
  ████████░░░░░░░░░░░░░░░░░  34%  Streaming frame 813/4803
  ████████░░░░░░░░░░░░░░░░░  34%  Streaming frame 814/4803
  ████████░░░░░░░░░░░░░░░░░  34%  Streaming frame 815/4803
  ████████░░░░░░░░░░░░░░░░░  34%  Streaming frame 816/4803
  ████████░░░░░░░░░░░░░░░░░  34%  Streaming frame 817/4803
  ████████░░░░░░░░░░░░░░░░░  34%  Streaming frame 818/4803
  ████████░░░░░░░░░░░░░░░░░  34%  Streaming frame 819/4803
  ████████░░░░░░░░░░░░░░░░░  34%  Streaming frame 820/4803
  ████████░░░░░░░░░░░░░░░░░  34%  Streaming frame 821/4803
  ████████░░░░░░░░░░░░░░░░░  34%  Streaming frame 822/4803
  ████████░░░░░░░░░░░░░░░░░  34%  Streaming frame 823/4803
  ████████░░░░░░░░░░░░░░░░░  34%  Streaming frame 824/4803
  ████████░░░░░░░░░░░░░░░░░  34%  Streaming frame 825/4803
  ████████░░░░░░░░░░░░░░░░░  34%  Streaming frame 826/4803
  ████████░░░░░░░░░░░░░░░░░  34%  Streaming frame 827/4803
  ████████░░░░░░░░░░░░░░░░░  34%  Streaming frame 828/4803
  ████████░░░░░░░░░░░░░░░░░  34%  Streaming frame 829/4803
  ████████░░░░░░░░░░░░░░░░░  35%  Streaming frame 830/4803
  ████████░░░░░░░░░░░░░░░░░  35%  Streaming frame 831/4803
  ████████░░░░░░░░░░░░░░░░░  35%  Streaming frame 832/4803
  ████████░░░░░░░░░░░░░░░░░  35%  Streaming frame 833/4803
  ████████░░░░░░░░░░░░░░░░░  35%  Streaming frame 834/4803
  ████████░░░░░░░░░░░░░░░░░  35%  Streaming frame 835/4803
  ████████░░░░░░░░░░░░░░░░░  35%  Streaming frame 836/4803
  ████████░░░░░░░░░░░░░░░░░  35%  Streaming frame 837/4803
  ████████░░░░░░░░░░░░░░░░░  35%  Streaming frame 838/4803
  ████████░░░░░░░░░░░░░░░░░  35%  Streaming frame 839/4803
  ████████░░░░░░░░░░░░░░░░░  35%  Streaming frame 840/4803
  ████████░░░░░░░░░░░░░░░░░  35%  Streaming frame 841/4803
  ████████░░░░░░░░░░░░░░░░░  35%  Streaming frame 842/4803
  ████████░░░░░░░░░░░░░░░░░  35%  Streaming frame 843/4803
  ████████░░░░░░░░░░░░░░░░░  35%  Streaming frame 844/4803
  ████████░░░░░░░░░░░░░░░░░  35%  Streaming frame 845/4803
  ████████░░░░░░░░░░░░░░░░░  35%  Streaming frame 846/4803
  ████████░░░░░░░░░░░░░░░░░  35%  Streaming frame 847/4803
  ████████░░░░░░░░░░░░░░░░░  35%  Streaming frame 848/4803
  ████████░░░░░░░░░░░░░░░░░  35%  Streaming frame 849/4803
  ████████░░░░░░░░░░░░░░░░░  35%  Streaming frame 850/4803
  ████████░░░░░░░░░░░░░░░░░  35%  Streaming frame 851/4803
  ████████░░░░░░░░░░░░░░░░░  35%  Streaming frame 852/4803
  ████████░░░░░░░░░░░░░░░░░  35%  Streaming frame 853/4803
  ████████░░░░░░░░░░░░░░░░░  35%  Streaming frame 854/4803
  ████████░░░░░░░░░░░░░░░░░  35%  Streaming frame 855/4803
  ████████░░░░░░░░░░░░░░░░░  35%  Streaming frame 856/4803
  ████████░░░░░░░░░░░░░░░░░  35%  Streaming frame 857/4803
  ████████░░░░░░░░░░░░░░░░░  35%  Streaming frame 858/4803
  ████████░░░░░░░░░░░░░░░░░  35%  Streaming frame 859/4803
  ████████░░░░░░░░░░░░░░░░░  35%  Streaming frame 860/4803
  ████████░░░░░░░░░░░░░░░░░  35%  Streaming frame 861/4803
  ████████░░░░░░░░░░░░░░░░░  35%  Streaming frame 862/4803
  ████████░░░░░░░░░░░░░░░░░  35%  Streaming frame 863/4803
  ████████░░░░░░░░░░░░░░░░░  35%  Streaming frame 864/4803
  ████████░░░░░░░░░░░░░░░░░  35%  Streaming frame 865/4803
  ████████░░░░░░░░░░░░░░░░░  35%  Streaming frame 866/4803
  ████████░░░░░░░░░░░░░░░░░  35%  Streaming frame 867/4803
  ████████░░░░░░░░░░░░░░░░░  35%  Streaming frame 868/4803
  ████████░░░░░░░░░░░░░░░░░  35%  Streaming frame 869/4803
  ████████░░░░░░░░░░░░░░░░░  35%  Streaming frame 870/4803
  ████████░░░░░░░░░░░░░░░░░  35%  Streaming frame 871/4803
  ████████░░░░░░░░░░░░░░░░░  35%  Streaming frame 872/4803
  ████████░░░░░░░░░░░░░░░░░  35%  Streaming frame 873/4803
  ████████░░░░░░░░░░░░░░░░░  35%  Streaming frame 874/4803
  ████████░░░░░░░░░░░░░░░░░  35%  Streaming frame 875/4803
  ████████░░░░░░░░░░░░░░░░░  35%  Streaming frame 876/4803
  ████████░░░░░░░░░░░░░░░░░  35%  Streaming frame 877/4803
  ████████░░░░░░░░░░░░░░░░░  35%  Streaming frame 878/4803
  ████████░░░░░░░░░░░░░░░░░  35%  Streaming frame 879/4803
  ████████░░░░░░░░░░░░░░░░░  35%  Streaming frame 880/4803
  ████████░░░░░░░░░░░░░░░░░  35%  Streaming frame 881/4803
  ████████░░░░░░░░░░░░░░░░░  35%  Streaming frame 882/4803
  ████████░░░░░░░░░░░░░░░░░  35%  Streaming frame 883/4803
  ████████░░░░░░░░░░░░░░░░░  35%  Streaming frame 884/4803
  ████████░░░░░░░░░░░░░░░░░  35%  Streaming frame 885/4803
  ████████░░░░░░░░░░░░░░░░░  35%  Streaming frame 886/4803
  ████████░░░░░░░░░░░░░░░░░  35%  Streaming frame 887/4803
  ████████░░░░░░░░░░░░░░░░░  35%  Streaming frame 888/4803
  ████████░░░░░░░░░░░░░░░░░  35%  Streaming frame 889/4803
  ████████░░░░░░░░░░░░░░░░░  35%  Streaming frame 890/4803
  ████████░░░░░░░░░░░░░░░░░  35%  Streaming frame 891/4803
  ████████░░░░░░░░░░░░░░░░░  35%  Streaming frame 892/4803
  ████████░░░░░░░░░░░░░░░░░  35%  Streaming frame 893/4803
  ████████░░░░░░░░░░░░░░░░░  35%  Streaming frame 894/4803
  ████████░░░░░░░░░░░░░░░░░  35%  Streaming frame 895/4803
  ████████░░░░░░░░░░░░░░░░░  35%  Streaming frame 896/4803
  ████████░░░░░░░░░░░░░░░░░  35%  Streaming frame 897/4803
  ████████░░░░░░░░░░░░░░░░░  35%  Streaming frame 898/4803
  ████████░░░░░░░░░░░░░░░░░  35%  Streaming frame 899/4803
  ████████░░░░░░░░░░░░░░░░░  35%  Streaming frame 900/4803
  ████████░░░░░░░░░░░░░░░░░  35%  Streaming frame 901/4803
  ████████░░░░░░░░░░░░░░░░░  35%  Streaming frame 902/4803
  ████████░░░░░░░░░░░░░░░░░  35%  Streaming frame 903/4803
  ████████░░░░░░░░░░░░░░░░░  35%  Streaming frame 904/4803
  ████████░░░░░░░░░░░░░░░░░  35%  Streaming frame 905/4803
  ████████░░░░░░░░░░░░░░░░░  35%  Streaming frame 906/4803
  ████████░░░░░░░░░░░░░░░░░  35%  Streaming frame 907/4803
  ████████░░░░░░░░░░░░░░░░░  35%  Streaming frame 908/4803
  ████████░░░░░░░░░░░░░░░░░  35%  Streaming frame 909/4803
  ████████░░░░░░░░░░░░░░░░░  35%  Streaming frame 910/4803
  ████████░░░░░░░░░░░░░░░░░  35%  Streaming frame 911/4803
  ████████░░░░░░░░░░░░░░░░░  35%  Streaming frame 912/4803
  ████████░░░░░░░░░░░░░░░░░  35%  Streaming frame 913/4803
  ████████░░░░░░░░░░░░░░░░░  35%  Streaming frame 914/4803
  ████████░░░░░░░░░░░░░░░░░  35%  Streaming frame 915/4803
  ████████░░░░░░░░░░░░░░░░░  35%  Streaming frame 916/4803
  █████████░░░░░░░░░░░░░░░░  36%  Streaming frame 917/4803
  █████████░░░░░░░░░░░░░░░░  36%  Streaming frame 918/4803
  █████████░░░░░░░░░░░░░░░░  36%  Streaming frame 919/4803
  █████████░░░░░░░░░░░░░░░░  36%  Streaming frame 920/4803
  █████████░░░░░░░░░░░░░░░░  36%  Streaming frame 921/4803
  █████████░░░░░░░░░░░░░░░░  36%  Streaming frame 922/4803
  █████████░░░░░░░░░░░░░░░░  36%  Streaming frame 923/4803
  █████████░░░░░░░░░░░░░░░░  36%  Streaming frame 924/4803
  █████████░░░░░░░░░░░░░░░░  36%  Streaming frame 925/4803
  █████████░░░░░░░░░░░░░░░░  36%  Streaming frame 926/4803
  █████████░░░░░░░░░░░░░░░░  36%  Streaming frame 927/4803
  █████████░░░░░░░░░░░░░░░░  36%  Streaming frame 928/4803
  █████████░░░░░░░░░░░░░░░░  36%  Streaming frame 929/4803
  █████████░░░░░░░░░░░░░░░░  36%  Streaming frame 930/4803
  █████████░░░░░░░░░░░░░░░░  36%  Streaming frame 931/4803
  █████████░░░░░░░░░░░░░░░░  36%  Streaming frame 932/4803
  █████████░░░░░░░░░░░░░░░░  36%  Streaming frame 933/4803
  █████████░░░░░░░░░░░░░░░░  36%  Streaming frame 934/4803
  █████████░░░░░░░░░░░░░░░░  36%  Streaming frame 935/4803
  █████████░░░░░░░░░░░░░░░░  36%  Streaming frame 936/4803
  █████████░░░░░░░░░░░░░░░░  36%  Streaming frame 937/4803
  █████████░░░░░░░░░░░░░░░░  36%  Streaming frame 938/4803
  █████████░░░░░░░░░░░░░░░░  36%  Streaming frame 939/4803
  █████████░░░░░░░░░░░░░░░░  36%  Streaming frame 940/4803
  █████████░░░░░░░░░░░░░░░░  36%  Streaming frame 941/4803
  █████████░░░░░░░░░░░░░░░░  36%  Streaming frame 942/4803
  █████████░░░░░░░░░░░░░░░░  36%  Streaming frame 943/4803
  █████████░░░░░░░░░░░░░░░░  36%  Streaming frame 944/4803
  █████████░░░░░░░░░░░░░░░░  36%  Streaming frame 945/4803
  █████████░░░░░░░░░░░░░░░░  36%  Streaming frame 946/4803
  █████████░░░░░░░░░░░░░░░░  36%  Streaming frame 947/4803
  █████████░░░░░░░░░░░░░░░░  36%  Streaming frame 948/4803
  █████████░░░░░░░░░░░░░░░░  36%  Streaming frame 949/4803
  █████████░░░░░░░░░░░░░░░░  36%  Streaming frame 950/4803
  █████████░░░░░░░░░░░░░░░░  36%  Streaming frame 951/4803
  █████████░░░░░░░░░░░░░░░░  36%  Streaming frame 952/4803
  █████████░░░░░░░░░░░░░░░░  36%  Streaming frame 953/4803
  █████████░░░░░░░░░░░░░░░░  36%  Streaming frame 954/4803
  █████████░░░░░░░░░░░░░░░░  36%  Streaming frame 955/4803
  █████████░░░░░░░░░░░░░░░░  36%  Streaming frame 956/4803
  █████████░░░░░░░░░░░░░░░░  36%  Streaming frame 957/4803
  █████████░░░░░░░░░░░░░░░░  36%  Streaming frame 958/4803
  █████████░░░░░░░░░░░░░░░░  36%  Streaming frame 959/4803
  █████████░░░░░░░░░░░░░░░░  36%  Streaming frame 960/4803
  █████████░░░░░░░░░░░░░░░░  36%  Streaming frame 961/4803
  █████████░░░░░░░░░░░░░░░░  36%  Streaming frame 962/4803
  █████████░░░░░░░░░░░░░░░░  36%  Streaming frame 963/4803
  █████████░░░░░░░░░░░░░░░░  36%  Streaming frame 964/4803
  █████████░░░░░░░░░░░░░░░░  36%  Streaming frame 965/4803
  █████████░░░░░░░░░░░░░░░░  36%  Streaming frame 966/4803
  █████████░░░░░░░░░░░░░░░░  36%  Streaming frame 967/4803
  █████████░░░░░░░░░░░░░░░░  36%  Streaming frame 968/4803
  █████████░░░░░░░░░░░░░░░░  36%  Streaming frame 969/4803
  █████████░░░░░░░░░░░░░░░░  36%  Streaming frame 970/4803
  █████████░░░░░░░░░░░░░░░░  36%  Streaming frame 971/4803
  █████████░░░░░░░░░░░░░░░░  36%  Streaming frame 972/4803
  █████████░░░░░░░░░░░░░░░░  36%  Streaming frame 973/4803
  █████████░░░░░░░░░░░░░░░░  36%  Streaming frame 974/4803
  █████████░░░░░░░░░░░░░░░░  36%  Streaming frame 975/4803
  █████████░░░░░░░░░░░░░░░░  36%  Streaming frame 976/4803
  █████████░░░░░░░░░░░░░░░░  36%  Streaming frame 977/4803
  █████████░░░░░░░░░░░░░░░░  36%  Streaming frame 978/4803
  █████████░░░░░░░░░░░░░░░░  36%  Streaming frame 979/4803
  █████████░░░░░░░░░░░░░░░░  36%  Streaming frame 980/4803
  █████████░░░░░░░░░░░░░░░░  36%  Streaming frame 981/4803
  █████████░░░░░░░░░░░░░░░░  36%  Streaming frame 982/4803
  █████████░░░░░░░░░░░░░░░░  36%  Streaming frame 983/4803
  █████████░░░░░░░░░░░░░░░░  36%  Streaming frame 984/4803
  █████████░░░░░░░░░░░░░░░░  36%  Streaming frame 985/4803
  █████████░░░░░░░░░░░░░░░░  36%  Streaming frame 986/4803
  █████████░░░░░░░░░░░░░░░░  36%  Streaming frame 987/4803
  █████████░░░░░░░░░░░░░░░░  36%  Streaming frame 988/4803
  █████████░░░░░░░░░░░░░░░░  36%  Streaming frame 989/4803
  █████████░░░░░░░░░░░░░░░░  36%  Streaming frame 990/4803
  █████████░░░░░░░░░░░░░░░░  36%  Streaming frame 991/4803
  █████████░░░░░░░░░░░░░░░░  36%  Streaming frame 992/4803
  █████████░░░░░░░░░░░░░░░░  36%  Streaming frame 993/4803
  █████████░░░░░░░░░░░░░░░░  36%  Streaming frame 994/4803
  █████████░░░░░░░░░░░░░░░░  36%  Streaming frame 995/4803
  █████████░░░░░░░░░░░░░░░░  36%  Streaming frame 996/4803
  █████████░░░░░░░░░░░░░░░░  36%  Streaming frame 997/4803
  █████████░░░░░░░░░░░░░░░░  36%  Streaming frame 998/4803
  █████████░░░░░░░░░░░░░░░░  36%  Streaming frame 999/4803
  █████████░░░░░░░░░░░░░░░░  36%  Streaming frame 1000/4803
  █████████░░░░░░░░░░░░░░░░  36%  Streaming frame 1001/4803
  █████████░░░░░░░░░░░░░░░░  36%  Streaming frame 1002/4803
  █████████░░░░░░░░░░░░░░░░  36%  Streaming frame 1003/4803
  █████████░░░░░░░░░░░░░░░░  36%  Streaming frame 1004/4803
  █████████░░░░░░░░░░░░░░░░  37%  Streaming frame 1005/4803
  █████████░░░░░░░░░░░░░░░░  37%  Streaming frame 1006/4803
  █████████░░░░░░░░░░░░░░░░  37%  Streaming frame 1007/4803
  █████████░░░░░░░░░░░░░░░░  37%  Streaming frame 1008/4803
  █████████░░░░░░░░░░░░░░░░  37%  Streaming frame 1009/4803
  █████████░░░░░░░░░░░░░░░░  37%  Streaming frame 1010/4803
  █████████░░░░░░░░░░░░░░░░  37%  Streaming frame 1011/4803
  █████████░░░░░░░░░░░░░░░░  37%  Streaming frame 1012/4803
  █████████░░░░░░░░░░░░░░░░  37%  Streaming frame 1013/4803
  █████████░░░░░░░░░░░░░░░░  37%  Streaming frame 1014/4803
  █████████░░░░░░░░░░░░░░░░  37%  Streaming frame 1015/4803
  █████████░░░░░░░░░░░░░░░░  37%  Streaming frame 1016/4803
  █████████░░░░░░░░░░░░░░░░  37%  Streaming frame 1017/4803
  █████████░░░░░░░░░░░░░░░░  37%  Streaming frame 1018/4803
  █████████░░░░░░░░░░░░░░░░  37%  Streaming frame 1019/4803
  █████████░░░░░░░░░░░░░░░░  37%  Streaming frame 1020/4803
  █████████░░░░░░░░░░░░░░░░  37%  Streaming frame 1021/4803
  █████████░░░░░░░░░░░░░░░░  37%  Streaming frame 1022/4803
  █████████░░░░░░░░░░░░░░░░  37%  Streaming frame 1023/4803
  █████████░░░░░░░░░░░░░░░░  37%  Streaming frame 1024/4803
  █████████░░░░░░░░░░░░░░░░  37%  Streaming frame 1025/4803
  █████████░░░░░░░░░░░░░░░░  37%  Streaming frame 1026/4803
  █████████░░░░░░░░░░░░░░░░  37%  Streaming frame 1027/4803
  █████████░░░░░░░░░░░░░░░░  37%  Streaming frame 1028/4803
  █████████░░░░░░░░░░░░░░░░  37%  Streaming frame 1029/4803
  █████████░░░░░░░░░░░░░░░░  37%  Streaming frame 1030/4803
  █████████░░░░░░░░░░░░░░░░  37%  Streaming frame 1031/4803
  █████████░░░░░░░░░░░░░░░░  37%  Streaming frame 1032/4803
  █████████░░░░░░░░░░░░░░░░  37%  Streaming frame 1033/4803
  █████████░░░░░░░░░░░░░░░░  37%  Streaming frame 1034/4803
  █████████░░░░░░░░░░░░░░░░  37%  Streaming frame 1035/4803
  █████████░░░░░░░░░░░░░░░░  37%  Streaming frame 1036/4803
  █████████░░░░░░░░░░░░░░░░  37%  Streaming frame 1037/4803
  █████████░░░░░░░░░░░░░░░░  37%  Streaming frame 1038/4803
  █████████░░░░░░░░░░░░░░░░  37%  Streaming frame 1039/4803
  █████████░░░░░░░░░░░░░░░░  37%  Streaming frame 1040/4803
  █████████░░░░░░░░░░░░░░░░  37%  Streaming frame 1041/4803
  █████████░░░░░░░░░░░░░░░░  37%  Streaming frame 1042/4803
  █████████░░░░░░░░░░░░░░░░  37%  Streaming frame 1043/4803
  █████████░░░░░░░░░░░░░░░░  37%  Streaming frame 1044/4803
  █████████░░░░░░░░░░░░░░░░  37%  Streaming frame 1045/4803
  █████████░░░░░░░░░░░░░░░░  37%  Streaming frame 1046/4803
  █████████░░░░░░░░░░░░░░░░  37%  Streaming frame 1047/4803
  █████████░░░░░░░░░░░░░░░░  37%  Streaming frame 1048/4803
  █████████░░░░░░░░░░░░░░░░  37%  Streaming frame 1049/4803
  █████████░░░░░░░░░░░░░░░░  37%  Streaming frame 1050/4803
  █████████░░░░░░░░░░░░░░░░  37%  Streaming frame 1051/4803
  █████████░░░░░░░░░░░░░░░░  37%  Streaming frame 1052/4803
  █████████░░░░░░░░░░░░░░░░  37%  Streaming frame 1053/4803
  █████████░░░░░░░░░░░░░░░░  37%  Streaming frame 1054/4803
  █████████░░░░░░░░░░░░░░░░  37%  Streaming frame 1055/4803
  █████████░░░░░░░░░░░░░░░░  37%  Streaming frame 1056/4803
  █████████░░░░░░░░░░░░░░░░  37%  Streaming frame 1057/4803
  █████████░░░░░░░░░░░░░░░░  37%  Streaming frame 1058/4803
  █████████░░░░░░░░░░░░░░░░  37%  Streaming frame 1059/4803
  █████████░░░░░░░░░░░░░░░░  37%  Streaming frame 1060/4803
  █████████░░░░░░░░░░░░░░░░  37%  Streaming frame 1061/4803
  █████████░░░░░░░░░░░░░░░░  37%  Streaming frame 1062/4803
  █████████░░░░░░░░░░░░░░░░  37%  Streaming frame 1063/4803
  █████████░░░░░░░░░░░░░░░░  37%  Streaming frame 1064/4803
  █████████░░░░░░░░░░░░░░░░  37%  Streaming frame 1065/4803
  █████████░░░░░░░░░░░░░░░░  37%  Streaming frame 1066/4803
  █████████░░░░░░░░░░░░░░░░  37%  Streaming frame 1067/4803
  █████████░░░░░░░░░░░░░░░░  37%  Streaming frame 1068/4803
[WARN] [Render] drawElement blank-frame suspect; re-capturing {"renderJobId":"f0260c89-7ee7-4245-9228-b77333d3425b","frame":1068,"bytes":6161,"floor":7778}
[INFO] [Render] drawElement small frame is deterministic; accepted {"renderJobId":"f0260c89-7ee7-4245-9228-b77333d3425b","frame":1068,"bytes":6161}
  █████████░░░░░░░░░░░░░░░░  37%  Streaming frame 1069/4803
[WARN] [Render] drawElement blank-frame suspect; re-capturing {"renderJobId":"f0260c89-7ee7-4245-9228-b77333d3425b","frame":1069,"bytes":6511,"floor":7775}
[INFO] [Render] drawElement small frame is deterministic; accepted {"renderJobId":"f0260c89-7ee7-4245-9228-b77333d3425b","frame":1069,"bytes":6511}
  █████████░░░░░░░░░░░░░░░░  37%  Streaming frame 1070/4803
[WARN] [Render] drawElement blank-frame suspect; re-capturing {"renderJobId":"f0260c89-7ee7-4245-9228-b77333d3425b","frame":1070,"bytes":6646,"floor":7775}
[INFO] [Render] drawElement small frame is deterministic; accepted {"renderJobId":"f0260c89-7ee7-4245-9228-b77333d3425b","frame":1070,"bytes":6646}
  █████████░░░░░░░░░░░░░░░░  37%  Streaming frame 1071/4803
[WARN] [Render] drawElement blank-frame suspect; re-capturing {"renderJobId":"f0260c89-7ee7-4245-9228-b77333d3425b","frame":1071,"bytes":6743,"floor":7775}
[INFO] [Render] drawElement small frame is deterministic; accepted {"renderJobId":"f0260c89-7ee7-4245-9228-b77333d3425b","frame":1071,"bytes":6743}
  █████████░░░░░░░░░░░░░░░░  37%  Streaming frame 1072/4803
[WARN] [Render] drawElement blank-frame suspect; re-capturing {"renderJobId":"f0260c89-7ee7-4245-9228-b77333d3425b","frame":1072,"bytes":6819,"floor":7774}
[INFO] [Render] drawElement small frame is deterministic; accepted {"renderJobId":"f0260c89-7ee7-4245-9228-b77333d3425b","frame":1072,"bytes":6819}
  █████████░░░░░░░░░░░░░░░░  37%  Streaming frame 1073/4803
  █████████░░░░░░░░░░░░░░░░  37%  Streaming frame 1074/4803
  █████████░░░░░░░░░░░░░░░░  37%  Streaming frame 1075/4803
  █████████░░░░░░░░░░░░░░░░  37%  Streaming frame 1076/4803
  █████████░░░░░░░░░░░░░░░░  37%  Streaming frame 1077/4803
  █████████░░░░░░░░░░░░░░░░  37%  Streaming frame 1078/4803
  █████████░░░░░░░░░░░░░░░░  37%  Streaming frame 1079/4803
  █████████░░░░░░░░░░░░░░░░  37%  Streaming frame 1080/4803
  █████████░░░░░░░░░░░░░░░░  37%  Streaming frame 1081/4803
  █████████░░░░░░░░░░░░░░░░  37%  Streaming frame 1082/4803
  █████████░░░░░░░░░░░░░░░░  37%  Streaming frame 1083/4803
  █████████░░░░░░░░░░░░░░░░  37%  Streaming frame 1084/4803
  █████████░░░░░░░░░░░░░░░░  37%  Streaming frame 1085/4803
  █████████░░░░░░░░░░░░░░░░  37%  Streaming frame 1086/4803
  █████████░░░░░░░░░░░░░░░░  37%  Streaming frame 1087/4803
  █████████░░░░░░░░░░░░░░░░  37%  Streaming frame 1088/4803
  █████████░░░░░░░░░░░░░░░░  37%  Streaming frame 1089/4803
  █████████░░░░░░░░░░░░░░░░  37%  Streaming frame 1090/4803
  █████████░░░░░░░░░░░░░░░░  37%  Streaming frame 1091/4803
  █████████░░░░░░░░░░░░░░░░  38%  Streaming frame 1092/4803
  █████████░░░░░░░░░░░░░░░░  38%  Streaming frame 1093/4803
  █████████░░░░░░░░░░░░░░░░  38%  Streaming frame 1094/4803
  █████████░░░░░░░░░░░░░░░░  38%  Streaming frame 1095/4803
  █████████░░░░░░░░░░░░░░░░  38%  Streaming frame 1096/4803
  █████████░░░░░░░░░░░░░░░░  38%  Streaming frame 1097/4803
  █████████░░░░░░░░░░░░░░░░  38%  Streaming frame 1098/4803
  █████████░░░░░░░░░░░░░░░░  38%  Streaming frame 1099/4803
  █████████░░░░░░░░░░░░░░░░  38%  Streaming frame 1100/4803
  █████████░░░░░░░░░░░░░░░░  38%  Streaming frame 1101/4803
  █████████░░░░░░░░░░░░░░░░  38%  Streaming frame 1102/4803
  █████████░░░░░░░░░░░░░░░░  38%  Streaming frame 1103/4803
  █████████░░░░░░░░░░░░░░░░  38%  Streaming frame 1104/4803
  █████████░░░░░░░░░░░░░░░░  38%  Streaming frame 1105/4803
  █████████░░░░░░░░░░░░░░░░  38%  Streaming frame 1106/4803
  █████████░░░░░░░░░░░░░░░░  38%  Streaming frame 1107/4803
  █████████░░░░░░░░░░░░░░░░  38%  Streaming frame 1108/4803
  █████████░░░░░░░░░░░░░░░░  38%  Streaming frame 1109/4803
  █████████░░░░░░░░░░░░░░░░  38%  Streaming frame 1110/4803
  █████████░░░░░░░░░░░░░░░░  38%  Streaming frame 1111/4803
  █████████░░░░░░░░░░░░░░░░  38%  Streaming frame 1112/4803
  █████████░░░░░░░░░░░░░░░░  38%  Streaming frame 1113/4803
  █████████░░░░░░░░░░░░░░░░  38%  Streaming frame 1114/4803
  █████████░░░░░░░░░░░░░░░░  38%  Streaming frame 1115/4803
  █████████░░░░░░░░░░░░░░░░  38%  Streaming frame 1116/4803
  █████████░░░░░░░░░░░░░░░░  38%  Streaming frame 1117/4803
  █████████░░░░░░░░░░░░░░░░  38%  Streaming frame 1118/4803
  █████████░░░░░░░░░░░░░░░░  38%  Streaming frame 1119/4803
  █████████░░░░░░░░░░░░░░░░  38%  Streaming frame 1120/4803
  █████████░░░░░░░░░░░░░░░░  38%  Streaming frame 1121/4803
  █████████░░░░░░░░░░░░░░░░  38%  Streaming frame 1122/4803
  █████████░░░░░░░░░░░░░░░░  38%  Streaming frame 1123/4803
  █████████░░░░░░░░░░░░░░░░  38%  Streaming frame 1124/4803
  █████████░░░░░░░░░░░░░░░░  38%  Streaming frame 1125/4803
  █████████░░░░░░░░░░░░░░░░  38%  Streaming frame 1126/4803
  █████████░░░░░░░░░░░░░░░░  38%  Streaming frame 1127/4803
  █████████░░░░░░░░░░░░░░░░  38%  Streaming frame 1128/4803
  █████████░░░░░░░░░░░░░░░░  38%  Streaming frame 1129/4803
  █████████░░░░░░░░░░░░░░░░  38%  Streaming frame 1130/4803
  █████████░░░░░░░░░░░░░░░░  38%  Streaming frame 1131/4803
  █████████░░░░░░░░░░░░░░░░  38%  Streaming frame 1132/4803
  █████████░░░░░░░░░░░░░░░░  38%  Streaming frame 1133/4803
  █████████░░░░░░░░░░░░░░░░  38%  Streaming frame 1134/4803
  █████████░░░░░░░░░░░░░░░░  38%  Streaming frame 1135/4803
  █████████░░░░░░░░░░░░░░░░  38%  Streaming frame 1136/4803
  █████████░░░░░░░░░░░░░░░░  38%  Streaming frame 1137/4803
  █████████░░░░░░░░░░░░░░░░  38%  Streaming frame 1138/4803
  █████████░░░░░░░░░░░░░░░░  38%  Streaming frame 1139/4803
  █████████░░░░░░░░░░░░░░░░  38%  Streaming frame 1140/4803
  █████████░░░░░░░░░░░░░░░░  38%  Streaming frame 1141/4803
  █████████░░░░░░░░░░░░░░░░  38%  Streaming frame 1142/4803
  █████████░░░░░░░░░░░░░░░░  38%  Streaming frame 1143/4803
  █████████░░░░░░░░░░░░░░░░  38%  Streaming frame 1144/4803
  █████████░░░░░░░░░░░░░░░░  38%  Streaming frame 1145/4803
  █████████░░░░░░░░░░░░░░░░  38%  Streaming frame 1146/4803
  █████████░░░░░░░░░░░░░░░░  38%  Streaming frame 1147/4803
  █████████░░░░░░░░░░░░░░░░  38%  Streaming frame 1148/4803
  █████████░░░░░░░░░░░░░░░░  38%  Streaming frame 1149/4803
  █████████░░░░░░░░░░░░░░░░  38%  Streaming frame 1150/4803
  █████████░░░░░░░░░░░░░░░░  38%  Streaming frame 1151/4803
  █████████░░░░░░░░░░░░░░░░  38%  Streaming frame 1152/4803
  █████████░░░░░░░░░░░░░░░░  38%  Streaming frame 1153/4803
  █████████░░░░░░░░░░░░░░░░  38%  Streaming frame 1154/4803
  █████████░░░░░░░░░░░░░░░░  38%  Streaming frame 1155/4803
  █████████░░░░░░░░░░░░░░░░  38%  Streaming frame 1156/4803
  █████████░░░░░░░░░░░░░░░░  38%  Streaming frame 1157/4803
  █████████░░░░░░░░░░░░░░░░  38%  Streaming frame 1158/4803
  █████████░░░░░░░░░░░░░░░░  38%  Streaming frame 1159/4803
  █████████░░░░░░░░░░░░░░░░  38%  Streaming frame 1160/4803
  █████████░░░░░░░░░░░░░░░░  38%  Streaming frame 1161/4803
  █████████░░░░░░░░░░░░░░░░  38%  Streaming frame 1162/4803
  █████████░░░░░░░░░░░░░░░░  38%  Streaming frame 1163/4803
  █████████░░░░░░░░░░░░░░░░  38%  Streaming frame 1164/4803
  █████████░░░░░░░░░░░░░░░░  38%  Streaming frame 1165/4803
  █████████░░░░░░░░░░░░░░░░  38%  Streaming frame 1166/4803
  █████████░░░░░░░░░░░░░░░░  38%  Streaming frame 1167/4803
  █████████░░░░░░░░░░░░░░░░  38%  Streaming frame 1168/4803
  █████████░░░░░░░░░░░░░░░░  38%  Streaming frame 1169/4803
  █████████░░░░░░░░░░░░░░░░  38%  Streaming frame 1170/4803
  █████████░░░░░░░░░░░░░░░░  38%  Streaming frame 1171/4803
  █████████░░░░░░░░░░░░░░░░  38%  Streaming frame 1172/4803
  █████████░░░░░░░░░░░░░░░░  38%  Streaming frame 1173/4803
  █████████░░░░░░░░░░░░░░░░  38%  Streaming frame 1174/4803
  █████████░░░░░░░░░░░░░░░░  38%  Streaming frame 1175/4803
  █████████░░░░░░░░░░░░░░░░  38%  Streaming frame 1176/4803
  █████████░░░░░░░░░░░░░░░░  38%  Streaming frame 1177/4803
  █████████░░░░░░░░░░░░░░░░  38%  Streaming frame 1178/4803
  █████████░░░░░░░░░░░░░░░░  39%  Streaming frame 1179/4803
  █████████░░░░░░░░░░░░░░░░  39%  Streaming frame 1180/4803
  █████████░░░░░░░░░░░░░░░░  39%  Streaming frame 1181/4803
  █████████░░░░░░░░░░░░░░░░  39%  Streaming frame 1182/4803
  █████████░░░░░░░░░░░░░░░░  39%  Streaming frame 1183/4803
  █████████░░░░░░░░░░░░░░░░  39%  Streaming frame 1184/4803
  █████████░░░░░░░░░░░░░░░░  39%  Streaming frame 1185/4803
  █████████░░░░░░░░░░░░░░░░  39%  Streaming frame 1186/4803
  █████████░░░░░░░░░░░░░░░░  39%  Streaming frame 1187/4803
  █████████░░░░░░░░░░░░░░░░  39%  Streaming frame 1188/4803
  █████████░░░░░░░░░░░░░░░░  39%  Streaming frame 1189/4803
  █████████░░░░░░░░░░░░░░░░  39%  Streaming frame 1190/4803
  █████████░░░░░░░░░░░░░░░░  39%  Streaming frame 1191/4803
  █████████░░░░░░░░░░░░░░░░  39%  Streaming frame 1192/4803
  █████████░░░░░░░░░░░░░░░░  39%  Streaming frame 1193/4803
  █████████░░░░░░░░░░░░░░░░  39%  Streaming frame 1194/4803
  █████████░░░░░░░░░░░░░░░░  39%  Streaming frame 1195/4803
  █████████░░░░░░░░░░░░░░░░  39%  Streaming frame 1196/4803
  █████████░░░░░░░░░░░░░░░░  39%  Streaming frame 1197/4803
  █████████░░░░░░░░░░░░░░░░  39%  Streaming frame 1198/4803
  █████████░░░░░░░░░░░░░░░░  39%  Streaming frame 1199/4803
  █████████░░░░░░░░░░░░░░░░  39%  Streaming frame 1200/4803
  █████████░░░░░░░░░░░░░░░░  39%  Streaming frame 1201/4803
[INFO] [Render] drawElement self-verify passed {"renderJobId":"f0260c89-7ee7-4245-9228-b77333d3425b","frame":1201,"psnrDb":"inf"}
  █████████░░░░░░░░░░░░░░░░  39%  Streaming frame 1202/4803
  █████████░░░░░░░░░░░░░░░░  39%  Streaming frame 1203/4803
  █████████░░░░░░░░░░░░░░░░  39%  Streaming frame 1204/4803
  █████████░░░░░░░░░░░░░░░░  39%  Streaming frame 1205/4803
  █████████░░░░░░░░░░░░░░░░  39%  Streaming frame 1206/4803
  █████████░░░░░░░░░░░░░░░░  39%  Streaming frame 1207/4803
  █████████░░░░░░░░░░░░░░░░  39%  Streaming frame 1208/4803
  █████████░░░░░░░░░░░░░░░░  39%  Streaming frame 1209/4803
  █████████░░░░░░░░░░░░░░░░  39%  Streaming frame 1210/4803
  █████████░░░░░░░░░░░░░░░░  39%  Streaming frame 1211/4803
  █████████░░░░░░░░░░░░░░░░  39%  Streaming frame 1212/4803
  █████████░░░░░░░░░░░░░░░░  39%  Streaming frame 1213/4803
  █████████░░░░░░░░░░░░░░░░  39%  Streaming frame 1214/4803
  █████████░░░░░░░░░░░░░░░░  39%  Streaming frame 1215/4803
  █████████░░░░░░░░░░░░░░░░  39%  Streaming frame 1216/4803
  █████████░░░░░░░░░░░░░░░░  39%  Streaming frame 1217/4803
  █████████░░░░░░░░░░░░░░░░  39%  Streaming frame 1218/4803
  █████████░░░░░░░░░░░░░░░░  39%  Streaming frame 1219/4803
  █████████░░░░░░░░░░░░░░░░  39%  Streaming frame 1220/4803
  █████████░░░░░░░░░░░░░░░░  39%  Streaming frame 1221/4803
  █████████░░░░░░░░░░░░░░░░  39%  Streaming frame 1222/4803
  █████████░░░░░░░░░░░░░░░░  39%  Streaming frame 1223/4803
  █████████░░░░░░░░░░░░░░░░  39%  Streaming frame 1224/4803
  █████████░░░░░░░░░░░░░░░░  39%  Streaming frame 1225/4803
  █████████░░░░░░░░░░░░░░░░  39%  Streaming frame 1226/4803
  █████████░░░░░░░░░░░░░░░░  39%  Streaming frame 1227/4803
  █████████░░░░░░░░░░░░░░░░  39%  Streaming frame 1228/4803
  █████████░░░░░░░░░░░░░░░░  39%  Streaming frame 1229/4803
  █████████░░░░░░░░░░░░░░░░  39%  Streaming frame 1230/4803
  █████████░░░░░░░░░░░░░░░░  39%  Streaming frame 1231/4803
  █████████░░░░░░░░░░░░░░░░  39%  Streaming frame 1232/4803
  █████████░░░░░░░░░░░░░░░░  39%  Streaming frame 1233/4803
  █████████░░░░░░░░░░░░░░░░  39%  Streaming frame 1234/4803
  █████████░░░░░░░░░░░░░░░░  39%  Streaming frame 1235/4803
  █████████░░░░░░░░░░░░░░░░  39%  Streaming frame 1236/4803
  █████████░░░░░░░░░░░░░░░░  39%  Streaming frame 1237/4803
  █████████░░░░░░░░░░░░░░░░  39%  Streaming frame 1238/4803
  █████████░░░░░░░░░░░░░░░░  39%  Streaming frame 1239/4803
  █████████░░░░░░░░░░░░░░░░  39%  Streaming frame 1240/4803
  █████████░░░░░░░░░░░░░░░░  39%  Streaming frame 1241/4803
  █████████░░░░░░░░░░░░░░░░  39%  Streaming frame 1242/4803
  █████████░░░░░░░░░░░░░░░░  39%  Streaming frame 1243/4803
  █████████░░░░░░░░░░░░░░░░  39%  Streaming frame 1244/4803
  █████████░░░░░░░░░░░░░░░░  39%  Streaming frame 1245/4803
  █████████░░░░░░░░░░░░░░░░  39%  Streaming frame 1246/4803
  █████████░░░░░░░░░░░░░░░░  39%  Streaming frame 1247/4803
  █████████░░░░░░░░░░░░░░░░  39%  Streaming frame 1248/4803
  █████████░░░░░░░░░░░░░░░░  39%  Streaming frame 1249/4803
  █████████░░░░░░░░░░░░░░░░  39%  Streaming frame 1250/4803
  █████████░░░░░░░░░░░░░░░░  39%  Streaming frame 1251/4803
  █████████░░░░░░░░░░░░░░░░  39%  Streaming frame 1252/4803
  █████████░░░░░░░░░░░░░░░░  39%  Streaming frame 1253/4803
  █████████░░░░░░░░░░░░░░░░  39%  Streaming frame 1254/4803
  █████████░░░░░░░░░░░░░░░░  39%  Streaming frame 1255/4803
  █████████░░░░░░░░░░░░░░░░  39%  Streaming frame 1256/4803
  █████████░░░░░░░░░░░░░░░░  39%  Streaming frame 1257/4803
  █████████░░░░░░░░░░░░░░░░  39%  Streaming frame 1258/4803
  █████████░░░░░░░░░░░░░░░░  39%  Streaming frame 1259/4803
  █████████░░░░░░░░░░░░░░░░  39%  Streaming frame 1260/4803
  █████████░░░░░░░░░░░░░░░░  39%  Streaming frame 1261/4803
  █████████░░░░░░░░░░░░░░░░  39%  Streaming frame 1262/4803
  █████████░░░░░░░░░░░░░░░░  39%  Streaming frame 1263/4803
  █████████░░░░░░░░░░░░░░░░  39%  Streaming frame 1264/4803
  █████████░░░░░░░░░░░░░░░░  39%  Streaming frame 1265/4803
  █████████░░░░░░░░░░░░░░░░  39%  Streaming frame 1266/4803
  ██████████░░░░░░░░░░░░░░░  40%  Streaming frame 1267/4803
  ██████████░░░░░░░░░░░░░░░  40%  Streaming frame 1268/4803
  ██████████░░░░░░░░░░░░░░░  40%  Streaming frame 1269/4803
  ██████████░░░░░░░░░░░░░░░  40%  Streaming frame 1270/4803
  ██████████░░░░░░░░░░░░░░░  40%  Streaming frame 1271/4803
  ██████████░░░░░░░░░░░░░░░  40%  Streaming frame 1272/4803
  ██████████░░░░░░░░░░░░░░░  40%  Streaming frame 1273/4803
  ██████████░░░░░░░░░░░░░░░  40%  Streaming frame 1274/4803
  ██████████░░░░░░░░░░░░░░░  40%  Streaming frame 1275/4803
  ██████████░░░░░░░░░░░░░░░  40%  Streaming frame 1276/4803
  ██████████░░░░░░░░░░░░░░░  40%  Streaming frame 1277/4803
  ██████████░░░░░░░░░░░░░░░  40%  Streaming frame 1278/4803
  ██████████░░░░░░░░░░░░░░░  40%  Streaming frame 1279/4803
  ██████████░░░░░░░░░░░░░░░  40%  Streaming frame 1280/4803
  ██████████░░░░░░░░░░░░░░░  40%  Streaming frame 1281/4803
  ██████████░░░░░░░░░░░░░░░  40%  Streaming frame 1282/4803
  ██████████░░░░░░░░░░░░░░░  40%  Streaming frame 1283/4803
  ██████████░░░░░░░░░░░░░░░  40%  Streaming frame 1284/4803
  ██████████░░░░░░░░░░░░░░░  40%  Streaming frame 1285/4803
  ██████████░░░░░░░░░░░░░░░  40%  Streaming frame 1286/4803
  ██████████░░░░░░░░░░░░░░░  40%  Streaming frame 1287/4803
  ██████████░░░░░░░░░░░░░░░  40%  Streaming frame 1288/4803
  ██████████░░░░░░░░░░░░░░░  40%  Streaming frame 1289/4803
  ██████████░░░░░░░░░░░░░░░  40%  Streaming frame 1290/4803
  ██████████░░░░░░░░░░░░░░░  40%  Streaming frame 1291/4803
  ██████████░░░░░░░░░░░░░░░  40%  Streaming frame 1292/4803
  ██████████░░░░░░░░░░░░░░░  40%  Streaming frame 1293/4803
  ██████████░░░░░░░░░░░░░░░  40%  Streaming frame 1294/4803
  ██████████░░░░░░░░░░░░░░░  40%  Streaming frame 1295/4803
  ██████████░░░░░░░░░░░░░░░  40%  Streaming frame 1296/4803
  ██████████░░░░░░░░░░░░░░░  40%  Streaming frame 1297/4803
  ██████████░░░░░░░░░░░░░░░  40%  Streaming frame 1298/4803
  ██████████░░░░░░░░░░░░░░░  40%  Streaming frame 1299/4803
  ██████████░░░░░░░░░░░░░░░  40%  Streaming frame 1300/4803
  ██████████░░░░░░░░░░░░░░░  40%  Streaming frame 1301/4803
  ██████████░░░░░░░░░░░░░░░  40%  Streaming frame 1302/4803
  ██████████░░░░░░░░░░░░░░░  40%  Streaming frame 1303/4803
  ██████████░░░░░░░░░░░░░░░  40%  Streaming frame 1304/4803
  ██████████░░░░░░░░░░░░░░░  40%  Streaming frame 1305/4803
  ██████████░░░░░░░░░░░░░░░  40%  Streaming frame 1306/4803
  ██████████░░░░░░░░░░░░░░░  40%  Streaming frame 1307/4803
  ██████████░░░░░░░░░░░░░░░  40%  Streaming frame 1308/4803
  ██████████░░░░░░░░░░░░░░░  40%  Streaming frame 1309/4803
  ██████████░░░░░░░░░░░░░░░  40%  Streaming frame 1310/4803
  ██████████░░░░░░░░░░░░░░░  40%  Streaming frame 1311/4803
  ██████████░░░░░░░░░░░░░░░  40%  Streaming frame 1312/4803
  ██████████░░░░░░░░░░░░░░░  40%  Streaming frame 1313/4803
  ██████████░░░░░░░░░░░░░░░  40%  Streaming frame 1314/4803
  ██████████░░░░░░░░░░░░░░░  40%  Streaming frame 1315/4803
  ██████████░░░░░░░░░░░░░░░  40%  Streaming frame 1316/4803
  ██████████░░░░░░░░░░░░░░░  40%  Streaming frame 1317/4803
  ██████████░░░░░░░░░░░░░░░  40%  Streaming frame 1318/4803
  ██████████░░░░░░░░░░░░░░░  40%  Streaming frame 1319/4803
  ██████████░░░░░░░░░░░░░░░  40%  Streaming frame 1320/4803
  ██████████░░░░░░░░░░░░░░░  40%  Streaming frame 1321/4803
  ██████████░░░░░░░░░░░░░░░  40%  Streaming frame 1322/4803
  ██████████░░░░░░░░░░░░░░░  40%  Streaming frame 1323/4803
  ██████████░░░░░░░░░░░░░░░  40%  Streaming frame 1324/4803
  ██████████░░░░░░░░░░░░░░░  40%  Streaming frame 1325/4803
  ██████████░░░░░░░░░░░░░░░  40%  Streaming frame 1326/4803
  ██████████░░░░░░░░░░░░░░░  40%  Streaming frame 1327/4803
  ██████████░░░░░░░░░░░░░░░  40%  Streaming frame 1328/4803
  ██████████░░░░░░░░░░░░░░░  40%  Streaming frame 1329/4803
  ██████████░░░░░░░░░░░░░░░  40%  Streaming frame 1330/4803
  ██████████░░░░░░░░░░░░░░░  40%  Streaming frame 1331/4803
  ██████████░░░░░░░░░░░░░░░  40%  Streaming frame 1332/4803
  ██████████░░░░░░░░░░░░░░░  40%  Streaming frame 1333/4803
  ██████████░░░░░░░░░░░░░░░  40%  Streaming frame 1334/4803
  ██████████░░░░░░░░░░░░░░░  40%  Streaming frame 1335/4803
  ██████████░░░░░░░░░░░░░░░  40%  Streaming frame 1336/4803
  ██████████░░░░░░░░░░░░░░░  40%  Streaming frame 1337/4803
  ██████████░░░░░░░░░░░░░░░  40%  Streaming frame 1338/4803
  ██████████░░░░░░░░░░░░░░░  40%  Streaming frame 1339/4803
  ██████████░░░░░░░░░░░░░░░  40%  Streaming frame 1340/4803
  ██████████░░░░░░░░░░░░░░░  40%  Streaming frame 1341/4803
  ██████████░░░░░░░░░░░░░░░  40%  Streaming frame 1342/4803
  ██████████░░░░░░░░░░░░░░░  40%  Streaming frame 1343/4803
  ██████████░░░░░░░░░░░░░░░  40%  Streaming frame 1344/4803
  ██████████░░░░░░░░░░░░░░░  40%  Streaming frame 1345/4803
  ██████████░░░░░░░░░░░░░░░  40%  Streaming frame 1346/4803
  ██████████░░░░░░░░░░░░░░░  40%  Streaming frame 1347/4803
  ██████████░░░░░░░░░░░░░░░  40%  Streaming frame 1348/4803
  ██████████░░░░░░░░░░░░░░░  40%  Streaming frame 1349/4803
  ██████████░░░░░░░░░░░░░░░  40%  Streaming frame 1350/4803
  ██████████░░░░░░░░░░░░░░░  40%  Streaming frame 1351/4803
  ██████████░░░░░░░░░░░░░░░  40%  Streaming frame 1352/4803
  ██████████░░░░░░░░░░░░░░░  40%  Streaming frame 1353/4803
  ██████████░░░░░░░░░░░░░░░  41%  Streaming frame 1354/4803
  ██████████░░░░░░░░░░░░░░░  41%  Streaming frame 1355/4803
  ██████████░░░░░░░░░░░░░░░  41%  Streaming frame 1356/4803
  ██████████░░░░░░░░░░░░░░░  41%  Streaming frame 1357/4803
  ██████████░░░░░░░░░░░░░░░  41%  Streaming frame 1358/4803
  ██████████░░░░░░░░░░░░░░░  41%  Streaming frame 1359/4803
  ██████████░░░░░░░░░░░░░░░  41%  Streaming frame 1360/4803
  ██████████░░░░░░░░░░░░░░░  41%  Streaming frame 1361/4803
  ██████████░░░░░░░░░░░░░░░  41%  Streaming frame 1362/4803
  ██████████░░░░░░░░░░░░░░░  41%  Streaming frame 1363/4803
  ██████████░░░░░░░░░░░░░░░  41%  Streaming frame 1364/4803
  ██████████░░░░░░░░░░░░░░░  41%  Streaming frame 1365/4803
  ██████████░░░░░░░░░░░░░░░  41%  Streaming frame 1366/4803
  ██████████░░░░░░░░░░░░░░░  41%  Streaming frame 1367/4803
  ██████████░░░░░░░░░░░░░░░  41%  Streaming frame 1368/4803
  ██████████░░░░░░░░░░░░░░░  41%  Streaming frame 1369/4803
  ██████████░░░░░░░░░░░░░░░  41%  Streaming frame 1370/4803
  ██████████░░░░░░░░░░░░░░░  41%  Streaming frame 1371/4803
  ██████████░░░░░░░░░░░░░░░  41%  Streaming frame 1372/4803
  ██████████░░░░░░░░░░░░░░░  41%  Streaming frame 1373/4803
  ██████████░░░░░░░░░░░░░░░  41%  Streaming frame 1374/4803
  ██████████░░░░░░░░░░░░░░░  41%  Streaming frame 1375/4803
  ██████████░░░░░░░░░░░░░░░  41%  Streaming frame 1376/4803
  ██████████░░░░░░░░░░░░░░░  41%  Streaming frame 1377/4803
  ██████████░░░░░░░░░░░░░░░  41%  Streaming frame 1378/4803
  ██████████░░░░░░░░░░░░░░░  41%  Streaming frame 1379/4803
  ██████████░░░░░░░░░░░░░░░  41%  Streaming frame 1380/4803
  ██████████░░░░░░░░░░░░░░░  41%  Streaming frame 1381/4803
  ██████████░░░░░░░░░░░░░░░  41%  Streaming frame 1382/4803
  ██████████░░░░░░░░░░░░░░░  41%  Streaming frame 1383/4803
  ██████████░░░░░░░░░░░░░░░  41%  Streaming frame 1384/4803
  ██████████░░░░░░░░░░░░░░░  41%  Streaming frame 1385/4803
  ██████████░░░░░░░░░░░░░░░  41%  Streaming frame 1386/4803
  ██████████░░░░░░░░░░░░░░░  41%  Streaming frame 1387/4803
  ██████████░░░░░░░░░░░░░░░  41%  Streaming frame 1388/4803
  ██████████░░░░░░░░░░░░░░░  41%  Streaming frame 1389/4803
  ██████████░░░░░░░░░░░░░░░  41%  Streaming frame 1390/4803
  ██████████░░░░░░░░░░░░░░░  41%  Streaming frame 1391/4803
  ██████████░░░░░░░░░░░░░░░  41%  Streaming frame 1392/4803
  ██████████░░░░░░░░░░░░░░░  41%  Streaming frame 1393/4803
  ██████████░░░░░░░░░░░░░░░  41%  Streaming frame 1394/4803
  ██████████░░░░░░░░░░░░░░░  41%  Streaming frame 1395/4803
  ██████████░░░░░░░░░░░░░░░  41%  Streaming frame 1396/4803
  ██████████░░░░░░░░░░░░░░░  41%  Streaming frame 1397/4803
  ██████████░░░░░░░░░░░░░░░  41%  Streaming frame 1398/4803
  ██████████░░░░░░░░░░░░░░░  41%  Streaming frame 1399/4803
  ██████████░░░░░░░░░░░░░░░  41%  Streaming frame 1400/4803
  ██████████░░░░░░░░░░░░░░░  41%  Streaming frame 1401/4803
  ██████████░░░░░░░░░░░░░░░  41%  Streaming frame 1402/4803
  ██████████░░░░░░░░░░░░░░░  41%  Streaming frame 1403/4803
  ██████████░░░░░░░░░░░░░░░  41%  Streaming frame 1404/4803
  ██████████░░░░░░░░░░░░░░░  41%  Streaming frame 1405/4803
  ██████████░░░░░░░░░░░░░░░  41%  Streaming frame 1406/4803
  ██████████░░░░░░░░░░░░░░░  41%  Streaming frame 1407/4803
  ██████████░░░░░░░░░░░░░░░  41%  Streaming frame 1408/4803
  ██████████░░░░░░░░░░░░░░░  41%  Streaming frame 1409/4803
  ██████████░░░░░░░░░░░░░░░  41%  Streaming frame 1410/4803
  ██████████░░░░░░░░░░░░░░░  41%  Streaming frame 1411/4803
  ██████████░░░░░░░░░░░░░░░  41%  Streaming frame 1412/4803
  ██████████░░░░░░░░░░░░░░░  41%  Streaming frame 1413/4803
  ██████████░░░░░░░░░░░░░░░  41%  Streaming frame 1414/4803
  ██████████░░░░░░░░░░░░░░░  41%  Streaming frame 1415/4803
  ██████████░░░░░░░░░░░░░░░  41%  Streaming frame 1416/4803
  ██████████░░░░░░░░░░░░░░░  41%  Streaming frame 1417/4803
  ██████████░░░░░░░░░░░░░░░  41%  Streaming frame 1418/4803
  ██████████░░░░░░░░░░░░░░░  41%  Streaming frame 1419/4803
  ██████████░░░░░░░░░░░░░░░  41%  Streaming frame 1420/4803
  ██████████░░░░░░░░░░░░░░░  41%  Streaming frame 1421/4803
  ██████████░░░░░░░░░░░░░░░  41%  Streaming frame 1422/4803
  ██████████░░░░░░░░░░░░░░░  41%  Streaming frame 1423/4803
  ██████████░░░░░░░░░░░░░░░  41%  Streaming frame 1424/4803
  ██████████░░░░░░░░░░░░░░░  41%  Streaming frame 1425/4803
  ██████████░░░░░░░░░░░░░░░  41%  Streaming frame 1426/4803
  ██████████░░░░░░░░░░░░░░░  41%  Streaming frame 1427/4803
  ██████████░░░░░░░░░░░░░░░  41%  Streaming frame 1428/4803
  ██████████░░░░░░░░░░░░░░░  41%  Streaming frame 1429/4803
  ██████████░░░░░░░░░░░░░░░  41%  Streaming frame 1430/4803
[INFO] [Render:trace] {"renderJobId":"f0260c89-7ee7-4245-9228-b77333d3425b","phase":"capture_streaming","status":"checkpoint","elapsedMs":39027,"message":"stage still running","stagePhase":"capturing","workerCount":1,"forceScreenshot":false,"totalFrames":4803,"framesCompleted":1430,"captureMode":"drawelement","captureOperation":"drawElement","heartbeatIndex":1,"stageElapsedMs":30000}
  ██████████░░░░░░░░░░░░░░░  41%  Streaming frame 1431/4803
  ██████████░░░░░░░░░░░░░░░  41%  Streaming frame 1432/4803
  ██████████░░░░░░░░░░░░░░░  41%  Streaming frame 1433/4803
  ██████████░░░░░░░░░░░░░░░  41%  Streaming frame 1434/4803
  ██████████░░░░░░░░░░░░░░░  41%  Streaming frame 1435/4803
  ██████████░░░░░░░░░░░░░░░  41%  Streaming frame 1436/4803
  ██████████░░░░░░░░░░░░░░░  41%  Streaming frame 1437/4803
  ██████████░░░░░░░░░░░░░░░  41%  Streaming frame 1438/4803
  ██████████░░░░░░░░░░░░░░░  41%  Streaming frame 1439/4803
  ██████████░░░░░░░░░░░░░░░  41%  Streaming frame 1440/4803
  ██████████░░░░░░░░░░░░░░░  42%  Streaming frame 1441/4803
  ██████████░░░░░░░░░░░░░░░  42%  Streaming frame 1442/4803
  ██████████░░░░░░░░░░░░░░░  42%  Streaming frame 1443/4803
  ██████████░░░░░░░░░░░░░░░  42%  Streaming frame 1444/4803
  ██████████░░░░░░░░░░░░░░░  42%  Streaming frame 1445/4803
  ██████████░░░░░░░░░░░░░░░  42%  Streaming frame 1446/4803
  ██████████░░░░░░░░░░░░░░░  42%  Streaming frame 1447/4803
  ██████████░░░░░░░░░░░░░░░  42%  Streaming frame 1448/4803
  ██████████░░░░░░░░░░░░░░░  42%  Streaming frame 1449/4803
  ██████████░░░░░░░░░░░░░░░  42%  Streaming frame 1450/4803
  ██████████░░░░░░░░░░░░░░░  42%  Streaming frame 1451/4803
  ██████████░░░░░░░░░░░░░░░  42%  Streaming frame 1452/4803
  ██████████░░░░░░░░░░░░░░░  42%  Streaming frame 1453/4803
  ██████████░░░░░░░░░░░░░░░  42%  Streaming frame 1454/4803
  ██████████░░░░░░░░░░░░░░░  42%  Streaming frame 1455/4803
  ██████████░░░░░░░░░░░░░░░  42%  Streaming frame 1456/4803
  ██████████░░░░░░░░░░░░░░░  42%  Streaming frame 1457/4803
  ██████████░░░░░░░░░░░░░░░  42%  Streaming frame 1458/4803
  ██████████░░░░░░░░░░░░░░░  42%  Streaming frame 1459/4803
  ██████████░░░░░░░░░░░░░░░  42%  Streaming frame 1460/4803
  ██████████░░░░░░░░░░░░░░░  42%  Streaming frame 1461/4803
  ██████████░░░░░░░░░░░░░░░  42%  Streaming frame 1462/4803
  ██████████░░░░░░░░░░░░░░░  42%  Streaming frame 1463/4803
  ██████████░░░░░░░░░░░░░░░  42%  Streaming frame 1464/4803
  ██████████░░░░░░░░░░░░░░░  42%  Streaming frame 1465/4803
  ██████████░░░░░░░░░░░░░░░  42%  Streaming frame 1466/4803
  ██████████░░░░░░░░░░░░░░░  42%  Streaming frame 1467/4803
  ██████████░░░░░░░░░░░░░░░  42%  Streaming frame 1468/4803
  ██████████░░░░░░░░░░░░░░░  42%  Streaming frame 1469/4803
  ██████████░░░░░░░░░░░░░░░  42%  Streaming frame 1470/4803
  ██████████░░░░░░░░░░░░░░░  42%  Streaming frame 1471/4803
  ██████████░░░░░░░░░░░░░░░  42%  Streaming frame 1472/4803
  ██████████░░░░░░░░░░░░░░░  42%  Streaming frame 1473/4803
  ██████████░░░░░░░░░░░░░░░  42%  Streaming frame 1474/4803
  ██████████░░░░░░░░░░░░░░░  42%  Streaming frame 1475/4803
  ██████████░░░░░░░░░░░░░░░  42%  Streaming frame 1476/4803
  ██████████░░░░░░░░░░░░░░░  42%  Streaming frame 1477/4803
  ██████████░░░░░░░░░░░░░░░  42%  Streaming frame 1478/4803
  ██████████░░░░░░░░░░░░░░░  42%  Streaming frame 1479/4803
  ██████████░░░░░░░░░░░░░░░  42%  Streaming frame 1480/4803
  ██████████░░░░░░░░░░░░░░░  42%  Streaming frame 1481/4803
  ██████████░░░░░░░░░░░░░░░  42%  Streaming frame 1482/4803
  ██████████░░░░░░░░░░░░░░░  42%  Streaming frame 1483/4803
  ██████████░░░░░░░░░░░░░░░  42%  Streaming frame 1484/4803
  ██████████░░░░░░░░░░░░░░░  42%  Streaming frame 1485/4803
  ██████████░░░░░░░░░░░░░░░  42%  Streaming frame 1486/4803
  ██████████░░░░░░░░░░░░░░░  42%  Streaming frame 1487/4803
  ██████████░░░░░░░░░░░░░░░  42%  Streaming frame 1488/4803
  ██████████░░░░░░░░░░░░░░░  42%  Streaming frame 1489/4803
  ██████████░░░░░░░░░░░░░░░  42%  Streaming frame 1490/4803
  ██████████░░░░░░░░░░░░░░░  42%  Streaming frame 1491/4803
  ██████████░░░░░░░░░░░░░░░  42%  Streaming frame 1492/4803
  ██████████░░░░░░░░░░░░░░░  42%  Streaming frame 1493/4803
  ██████████░░░░░░░░░░░░░░░  42%  Streaming frame 1494/4803
  ██████████░░░░░░░░░░░░░░░  42%  Streaming frame 1495/4803
  ██████████░░░░░░░░░░░░░░░  42%  Streaming frame 1496/4803
  ██████████░░░░░░░░░░░░░░░  42%  Streaming frame 1497/4803
  ██████████░░░░░░░░░░░░░░░  42%  Streaming frame 1498/4803
  ██████████░░░░░░░░░░░░░░░  42%  Streaming frame 1499/4803
  ██████████░░░░░░░░░░░░░░░  42%  Streaming frame 1500/4803
  ██████████░░░░░░░░░░░░░░░  42%  Streaming frame 1501/4803
  ██████████░░░░░░░░░░░░░░░  42%  Streaming frame 1502/4803
  ██████████░░░░░░░░░░░░░░░  42%  Streaming frame 1503/4803
  ██████████░░░░░░░░░░░░░░░  42%  Streaming frame 1504/4803
  ██████████░░░░░░░░░░░░░░░  42%  Streaming frame 1505/4803
  ██████████░░░░░░░░░░░░░░░  42%  Streaming frame 1506/4803
  ██████████░░░░░░░░░░░░░░░  42%  Streaming frame 1507/4803
  ██████████░░░░░░░░░░░░░░░  42%  Streaming frame 1508/4803
  ██████████░░░░░░░░░░░░░░░  42%  Streaming frame 1509/4803
  ██████████░░░░░░░░░░░░░░░  42%  Streaming frame 1510/4803
  ██████████░░░░░░░░░░░░░░░  42%  Streaming frame 1511/4803
  ██████████░░░░░░░░░░░░░░░  42%  Streaming frame 1512/4803
  ██████████░░░░░░░░░░░░░░░  42%  Streaming frame 1513/4803
  ██████████░░░░░░░░░░░░░░░  42%  Streaming frame 1514/4803
  ██████████░░░░░░░░░░░░░░░  42%  Streaming frame 1515/4803
  ██████████░░░░░░░░░░░░░░░  42%  Streaming frame 1516/4803
  ██████████░░░░░░░░░░░░░░░  42%  Streaming frame 1517/4803
  ██████████░░░░░░░░░░░░░░░  42%  Streaming frame 1518/4803
  ██████████░░░░░░░░░░░░░░░  42%  Streaming frame 1519/4803
  ██████████░░░░░░░░░░░░░░░  42%  Streaming frame 1520/4803
  ██████████░░░░░░░░░░░░░░░  42%  Streaming frame 1521/4803
  ██████████░░░░░░░░░░░░░░░  42%  Streaming frame 1522/4803
  ██████████░░░░░░░░░░░░░░░  42%  Streaming frame 1523/4803
  ██████████░░░░░░░░░░░░░░░  42%  Streaming frame 1524/4803
  ██████████░░░░░░░░░░░░░░░  42%  Streaming frame 1525/4803
  ██████████░░░░░░░░░░░░░░░  42%  Streaming frame 1526/4803
  ██████████░░░░░░░░░░░░░░░  42%  Streaming frame 1527/4803
  ██████████░░░░░░░░░░░░░░░  42%  Streaming frame 1528/4803
  ██████████░░░░░░░░░░░░░░░  43%  Streaming frame 1529/4803
  ██████████░░░░░░░░░░░░░░░  43%  Streaming frame 1530/4803
  ██████████░░░░░░░░░░░░░░░  43%  Streaming frame 1531/4803
  ██████████░░░░░░░░░░░░░░░  43%  Streaming frame 1532/4803
  ██████████░░░░░░░░░░░░░░░  43%  Streaming frame 1533/4803
  ██████████░░░░░░░░░░░░░░░  43%  Streaming frame 1534/4803
  ██████████░░░░░░░░░░░░░░░  43%  Streaming frame 1535/4803
  ██████████░░░░░░░░░░░░░░░  43%  Streaming frame 1536/4803
  ██████████░░░░░░░░░░░░░░░  43%  Streaming frame 1537/4803
  ██████████░░░░░░░░░░░░░░░  43%  Streaming frame 1538/4803
  ██████████░░░░░░░░░░░░░░░  43%  Streaming frame 1539/4803
  ██████████░░░░░░░░░░░░░░░  43%  Streaming frame 1540/4803
  ██████████░░░░░░░░░░░░░░░  43%  Streaming frame 1541/4803
  ██████████░░░░░░░░░░░░░░░  43%  Streaming frame 1542/4803
  ██████████░░░░░░░░░░░░░░░  43%  Streaming frame 1543/4803
  ██████████░░░░░░░░░░░░░░░  43%  Streaming frame 1544/4803
  ██████████░░░░░░░░░░░░░░░  43%  Streaming frame 1545/4803
  ██████████░░░░░░░░░░░░░░░  43%  Streaming frame 1546/4803
  ██████████░░░░░░░░░░░░░░░  43%  Streaming frame 1547/4803
  ██████████░░░░░░░░░░░░░░░  43%  Streaming frame 1548/4803
  ██████████░░░░░░░░░░░░░░░  43%  Streaming frame 1549/4803
  ██████████░░░░░░░░░░░░░░░  43%  Streaming frame 1550/4803
  ██████████░░░░░░░░░░░░░░░  43%  Streaming frame 1551/4803
  ██████████░░░░░░░░░░░░░░░  43%  Streaming frame 1552/4803
  ██████████░░░░░░░░░░░░░░░  43%  Streaming frame 1553/4803
  ██████████░░░░░░░░░░░░░░░  43%  Streaming frame 1554/4803
  ██████████░░░░░░░░░░░░░░░  43%  Streaming frame 1555/4803
  ██████████░░░░░░░░░░░░░░░  43%  Streaming frame 1556/4803
  ██████████░░░░░░░░░░░░░░░  43%  Streaming frame 1557/4803
  ██████████░░░░░░░░░░░░░░░  43%  Streaming frame 1558/4803
  ██████████░░░░░░░░░░░░░░░  43%  Streaming frame 1559/4803
  ██████████░░░░░░░░░░░░░░░  43%  Streaming frame 1560/4803
  ██████████░░░░░░░░░░░░░░░  43%  Streaming frame 1561/4803
  ██████████░░░░░░░░░░░░░░░  43%  Streaming frame 1562/4803
  ██████████░░░░░░░░░░░░░░░  43%  Streaming frame 1563/4803
  ██████████░░░░░░░░░░░░░░░  43%  Streaming frame 1564/4803
  ██████████░░░░░░░░░░░░░░░  43%  Streaming frame 1565/4803
  ██████████░░░░░░░░░░░░░░░  43%  Streaming frame 1566/4803
  ██████████░░░░░░░░░░░░░░░  43%  Streaming frame 1567/4803
  ██████████░░░░░░░░░░░░░░░  43%  Streaming frame 1568/4803
  ██████████░░░░░░░░░░░░░░░  43%  Streaming frame 1569/4803
  ██████████░░░░░░░░░░░░░░░  43%  Streaming frame 1570/4803
  ██████████░░░░░░░░░░░░░░░  43%  Streaming frame 1571/4803
  ██████████░░░░░░░░░░░░░░░  43%  Streaming frame 1572/4803
  ██████████░░░░░░░░░░░░░░░  43%  Streaming frame 1573/4803
  ██████████░░░░░░░░░░░░░░░  43%  Streaming frame 1574/4803
  ██████████░░░░░░░░░░░░░░░  43%  Streaming frame 1575/4803
  ██████████░░░░░░░░░░░░░░░  43%  Streaming frame 1576/4803
  ██████████░░░░░░░░░░░░░░░  43%  Streaming frame 1577/4803
  ██████████░░░░░░░░░░░░░░░  43%  Streaming frame 1578/4803
  ██████████░░░░░░░░░░░░░░░  43%  Streaming frame 1579/4803
  ██████████░░░░░░░░░░░░░░░  43%  Streaming frame 1580/4803
  ██████████░░░░░░░░░░░░░░░  43%  Streaming frame 1581/4803
  ██████████░░░░░░░░░░░░░░░  43%  Streaming frame 1582/4803
  ██████████░░░░░░░░░░░░░░░  43%  Streaming frame 1583/4803
  ██████████░░░░░░░░░░░░░░░  43%  Streaming frame 1584/4803
  ██████████░░░░░░░░░░░░░░░  43%  Streaming frame 1585/4803
  ██████████░░░░░░░░░░░░░░░  43%  Streaming frame 1586/4803
  ██████████░░░░░░░░░░░░░░░  43%  Streaming frame 1587/4803
  ██████████░░░░░░░░░░░░░░░  43%  Streaming frame 1588/4803
  ██████████░░░░░░░░░░░░░░░  43%  Streaming frame 1589/4803
  ██████████░░░░░░░░░░░░░░░  43%  Streaming frame 1590/4803
  ██████████░░░░░░░░░░░░░░░  43%  Streaming frame 1591/4803
  ██████████░░░░░░░░░░░░░░░  43%  Streaming frame 1592/4803
  ██████████░░░░░░░░░░░░░░░  43%  Streaming frame 1593/4803
  ██████████░░░░░░░░░░░░░░░  43%  Streaming frame 1594/4803
  ██████████░░░░░░░░░░░░░░░  43%  Streaming frame 1595/4803
  ██████████░░░░░░░░░░░░░░░  43%  Streaming frame 1596/4803
  ██████████░░░░░░░░░░░░░░░  43%  Streaming frame 1597/4803
  ██████████░░░░░░░░░░░░░░░  43%  Streaming frame 1598/4803
  ██████████░░░░░░░░░░░░░░░  43%  Streaming frame 1599/4803
  ██████████░░░░░░░░░░░░░░░  43%  Streaming frame 1600/4803
  ██████████░░░░░░░░░░░░░░░  43%  Streaming frame 1601/4803
  ██████████░░░░░░░░░░░░░░░  43%  Streaming frame 1602/4803
  ██████████░░░░░░░░░░░░░░░  43%  Streaming frame 1603/4803
  ██████████░░░░░░░░░░░░░░░  43%  Streaming frame 1604/4803
  ██████████░░░░░░░░░░░░░░░  43%  Streaming frame 1605/4803
  ██████████░░░░░░░░░░░░░░░  43%  Streaming frame 1606/4803
  ██████████░░░░░░░░░░░░░░░  43%  Streaming frame 1607/4803
  ██████████░░░░░░░░░░░░░░░  43%  Streaming frame 1608/4803
  ██████████░░░░░░░░░░░░░░░  43%  Streaming frame 1609/4803
  ██████████░░░░░░░░░░░░░░░  43%  Streaming frame 1610/4803
  ██████████░░░░░░░░░░░░░░░  43%  Streaming frame 1611/4803
  ██████████░░░░░░░░░░░░░░░  43%  Streaming frame 1612/4803
  ██████████░░░░░░░░░░░░░░░  43%  Streaming frame 1613/4803
  ██████████░░░░░░░░░░░░░░░  43%  Streaming frame 1614/4803
  ██████████░░░░░░░░░░░░░░░  43%  Streaming frame 1615/4803
  ███████████░░░░░░░░░░░░░░  44%  Streaming frame 1616/4803
  ███████████░░░░░░░░░░░░░░  44%  Streaming frame 1617/4803
  ███████████░░░░░░░░░░░░░░  44%  Streaming frame 1618/4803
  ███████████░░░░░░░░░░░░░░  44%  Streaming frame 1619/4803
  ███████████░░░░░░░░░░░░░░  44%  Streaming frame 1620/4803
  ███████████░░░░░░░░░░░░░░  44%  Streaming frame 1621/4803
  ███████████░░░░░░░░░░░░░░  44%  Streaming frame 1622/4803
  ███████████░░░░░░░░░░░░░░  44%  Streaming frame 1623/4803
  ███████████░░░░░░░░░░░░░░  44%  Streaming frame 1624/4803
  ███████████░░░░░░░░░░░░░░  44%  Streaming frame 1625/4803
  ███████████░░░░░░░░░░░░░░  44%  Streaming frame 1626/4803
  ███████████░░░░░░░░░░░░░░  44%  Streaming frame 1627/4803
  ███████████░░░░░░░░░░░░░░  44%  Streaming frame 1628/4803
  ███████████░░░░░░░░░░░░░░  44%  Streaming frame 1629/4803
  ███████████░░░░░░░░░░░░░░  44%  Streaming frame 1630/4803
  ███████████░░░░░░░░░░░░░░  44%  Streaming frame 1631/4803
  ███████████░░░░░░░░░░░░░░  44%  Streaming frame 1632/4803
  ███████████░░░░░░░░░░░░░░  44%  Streaming frame 1633/4803
  ███████████░░░░░░░░░░░░░░  44%  Streaming frame 1634/4803
  ███████████░░░░░░░░░░░░░░  44%  Streaming frame 1635/4803
  ███████████░░░░░░░░░░░░░░  44%  Streaming frame 1636/4803
  ███████████░░░░░░░░░░░░░░  44%  Streaming frame 1637/4803
  ███████████░░░░░░░░░░░░░░  44%  Streaming frame 1638/4803
  ███████████░░░░░░░░░░░░░░  44%  Streaming frame 1639/4803
  ███████████░░░░░░░░░░░░░░  44%  Streaming frame 1640/4803
  ███████████░░░░░░░░░░░░░░  44%  Streaming frame 1641/4803
  ███████████░░░░░░░░░░░░░░  44%  Streaming frame 1642/4803
  ███████████░░░░░░░░░░░░░░  44%  Streaming frame 1643/4803
  ███████████░░░░░░░░░░░░░░  44%  Streaming frame 1644/4803
  ███████████░░░░░░░░░░░░░░  44%  Streaming frame 1645/4803
  ███████████░░░░░░░░░░░░░░  44%  Streaming frame 1646/4803
  ███████████░░░░░░░░░░░░░░  44%  Streaming frame 1647/4803
  ███████████░░░░░░░░░░░░░░  44%  Streaming frame 1648/4803
  ███████████░░░░░░░░░░░░░░  44%  Streaming frame 1649/4803
  ███████████░░░░░░░░░░░░░░  44%  Streaming frame 1650/4803
  ███████████░░░░░░░░░░░░░░  44%  Streaming frame 1651/4803
  ███████████░░░░░░░░░░░░░░  44%  Streaming frame 1652/4803
  ███████████░░░░░░░░░░░░░░  44%  Streaming frame 1653/4803
  ███████████░░░░░░░░░░░░░░  44%  Streaming frame 1654/4803
  ███████████░░░░░░░░░░░░░░  44%  Streaming frame 1655/4803
  ███████████░░░░░░░░░░░░░░  44%  Streaming frame 1656/4803
  ███████████░░░░░░░░░░░░░░  44%  Streaming frame 1657/4803
  ███████████░░░░░░░░░░░░░░  44%  Streaming frame 1658/4803
  ███████████░░░░░░░░░░░░░░  44%  Streaming frame 1659/4803
  ███████████░░░░░░░░░░░░░░  44%  Streaming frame 1660/4803
  ███████████░░░░░░░░░░░░░░  44%  Streaming frame 1661/4803
  ███████████░░░░░░░░░░░░░░  44%  Streaming frame 1662/4803
  ███████████░░░░░░░░░░░░░░  44%  Streaming frame 1663/4803
  ███████████░░░░░░░░░░░░░░  44%  Streaming frame 1664/4803
  ███████████░░░░░░░░░░░░░░  44%  Streaming frame 1665/4803
  ███████████░░░░░░░░░░░░░░  44%  Streaming frame 1666/4803
  ███████████░░░░░░░░░░░░░░  44%  Streaming frame 1667/4803
  ███████████░░░░░░░░░░░░░░  44%  Streaming frame 1668/4803
  ███████████░░░░░░░░░░░░░░  44%  Streaming frame 1669/4803
  ███████████░░░░░░░░░░░░░░  44%  Streaming frame 1670/4803
  ███████████░░░░░░░░░░░░░░  44%  Streaming frame 1671/4803
  ███████████░░░░░░░░░░░░░░  44%  Streaming frame 1672/4803
  ███████████░░░░░░░░░░░░░░  44%  Streaming frame 1673/4803
  ███████████░░░░░░░░░░░░░░  44%  Streaming frame 1674/4803
  ███████████░░░░░░░░░░░░░░  44%  Streaming frame 1675/4803
  ███████████░░░░░░░░░░░░░░  44%  Streaming frame 1676/4803
  ███████████░░░░░░░░░░░░░░  44%  Streaming frame 1677/4803
  ███████████░░░░░░░░░░░░░░  44%  Streaming frame 1678/4803
  ███████████░░░░░░░░░░░░░░  44%  Streaming frame 1679/4803
  ███████████░░░░░░░░░░░░░░  44%  Streaming frame 1680/4803
  ███████████░░░░░░░░░░░░░░  44%  Streaming frame 1681/4803
  ███████████░░░░░░░░░░░░░░  44%  Streaming frame 1682/4803
  ███████████░░░░░░░░░░░░░░  44%  Streaming frame 1683/4803
  ███████████░░░░░░░░░░░░░░  44%  Streaming frame 1684/4803
  ███████████░░░░░░░░░░░░░░  44%  Streaming frame 1685/4803
  ███████████░░░░░░░░░░░░░░  44%  Streaming frame 1686/4803
  ███████████░░░░░░░░░░░░░░  44%  Streaming frame 1687/4803
  ███████████░░░░░░░░░░░░░░  44%  Streaming frame 1688/4803
  ███████████░░░░░░░░░░░░░░  44%  Streaming frame 1689/4803
  ███████████░░░░░░░░░░░░░░  44%  Streaming frame 1690/4803
  ███████████░░░░░░░░░░░░░░  44%  Streaming frame 1691/4803
  ███████████░░░░░░░░░░░░░░  44%  Streaming frame 1692/4803
  ███████████░░░░░░░░░░░░░░  44%  Streaming frame 1693/4803
  ███████████░░░░░░░░░░░░░░  44%  Streaming frame 1694/4803
  ███████████░░░░░░░░░░░░░░  44%  Streaming frame 1695/4803
  ███████████░░░░░░░░░░░░░░  44%  Streaming frame 1696/4803
  ███████████░░░░░░░░░░░░░░  44%  Streaming frame 1697/4803
  ███████████░░░░░░░░░░░░░░  44%  Streaming frame 1698/4803
  ███████████░░░░░░░░░░░░░░  44%  Streaming frame 1699/4803
  ███████████░░░░░░░░░░░░░░  44%  Streaming frame 1700/4803
  ███████████░░░░░░░░░░░░░░  44%  Streaming frame 1701/4803
  ███████████░░░░░░░░░░░░░░  44%  Streaming frame 1702/4803
  ███████████░░░░░░░░░░░░░░  45%  Streaming frame 1703/4803
  ███████████░░░░░░░░░░░░░░  45%  Streaming frame 1704/4803
  ███████████░░░░░░░░░░░░░░  45%  Streaming frame 1705/4803
  ███████████░░░░░░░░░░░░░░  45%  Streaming frame 1706/4803
  ███████████░░░░░░░░░░░░░░  45%  Streaming frame 1707/4803
  ███████████░░░░░░░░░░░░░░  45%  Streaming frame 1708/4803
  ███████████░░░░░░░░░░░░░░  45%  Streaming frame 1709/4803
  ███████████░░░░░░░░░░░░░░  45%  Streaming frame 1710/4803
  ███████████░░░░░░░░░░░░░░  45%  Streaming frame 1711/4803
  ███████████░░░░░░░░░░░░░░  45%  Streaming frame 1712/4803
  ███████████░░░░░░░░░░░░░░  45%  Streaming frame 1713/4803
  ███████████░░░░░░░░░░░░░░  45%  Streaming frame 1714/4803
  ███████████░░░░░░░░░░░░░░  45%  Streaming frame 1715/4803
  ███████████░░░░░░░░░░░░░░  45%  Streaming frame 1716/4803
  ███████████░░░░░░░░░░░░░░  45%  Streaming frame 1717/4803
  ███████████░░░░░░░░░░░░░░  45%  Streaming frame 1718/4803
  ███████████░░░░░░░░░░░░░░  45%  Streaming frame 1719/4803
  ███████████░░░░░░░░░░░░░░  45%  Streaming frame 1720/4803
  ███████████░░░░░░░░░░░░░░  45%  Streaming frame 1721/4803
  ███████████░░░░░░░░░░░░░░  45%  Streaming frame 1722/4803
  ███████████░░░░░░░░░░░░░░  45%  Streaming frame 1723/4803
  ███████████░░░░░░░░░░░░░░  45%  Streaming frame 1724/4803
  ███████████░░░░░░░░░░░░░░  45%  Streaming frame 1725/4803
  ███████████░░░░░░░░░░░░░░  45%  Streaming frame 1726/4803
  ███████████░░░░░░░░░░░░░░  45%  Streaming frame 1727/4803
  ███████████░░░░░░░░░░░░░░  45%  Streaming frame 1728/4803
  ███████████░░░░░░░░░░░░░░  45%  Streaming frame 1729/4803
  ███████████░░░░░░░░░░░░░░  45%  Streaming frame 1730/4803
  ███████████░░░░░░░░░░░░░░  45%  Streaming frame 1731/4803
  ███████████░░░░░░░░░░░░░░  45%  Streaming frame 1732/4803
  ███████████░░░░░░░░░░░░░░  45%  Streaming frame 1733/4803
  ███████████░░░░░░░░░░░░░░  45%  Streaming frame 1734/4803
  ███████████░░░░░░░░░░░░░░  45%  Streaming frame 1735/4803
  ███████████░░░░░░░░░░░░░░  45%  Streaming frame 1736/4803
  ███████████░░░░░░░░░░░░░░  45%  Streaming frame 1737/4803
  ███████████░░░░░░░░░░░░░░  45%  Streaming frame 1738/4803
  ███████████░░░░░░░░░░░░░░  45%  Streaming frame 1739/4803
  ███████████░░░░░░░░░░░░░░  45%  Streaming frame 1740/4803
  ███████████░░░░░░░░░░░░░░  45%  Streaming frame 1741/4803
  ███████████░░░░░░░░░░░░░░  45%  Streaming frame 1742/4803
  ███████████░░░░░░░░░░░░░░  45%  Streaming frame 1743/4803
  ███████████░░░░░░░░░░░░░░  45%  Streaming frame 1744/4803
  ███████████░░░░░░░░░░░░░░  45%  Streaming frame 1745/4803
  ███████████░░░░░░░░░░░░░░  45%  Streaming frame 1746/4803
  ███████████░░░░░░░░░░░░░░  45%  Streaming frame 1747/4803
  ███████████░░░░░░░░░░░░░░  45%  Streaming frame 1748/4803
  ███████████░░░░░░░░░░░░░░  45%  Streaming frame 1749/4803
  ███████████░░░░░░░░░░░░░░  45%  Streaming frame 1750/4803
  ███████████░░░░░░░░░░░░░░  45%  Streaming frame 1751/4803
  ███████████░░░░░░░░░░░░░░  45%  Streaming frame 1752/4803
  ███████████░░░░░░░░░░░░░░  45%  Streaming frame 1753/4803
  ███████████░░░░░░░░░░░░░░  45%  Streaming frame 1754/4803
  ███████████░░░░░░░░░░░░░░  45%  Streaming frame 1755/4803
  ███████████░░░░░░░░░░░░░░  45%  Streaming frame 1756/4803
  ███████████░░░░░░░░░░░░░░  45%  Streaming frame 1757/4803
  ███████████░░░░░░░░░░░░░░  45%  Streaming frame 1758/4803
  ███████████░░░░░░░░░░░░░░  45%  Streaming frame 1759/4803
  ███████████░░░░░░░░░░░░░░  45%  Streaming frame 1760/4803
  ███████████░░░░░░░░░░░░░░  45%  Streaming frame 1761/4803
  ███████████░░░░░░░░░░░░░░  45%  Streaming frame 1762/4803
  ███████████░░░░░░░░░░░░░░  45%  Streaming frame 1763/4803
  ███████████░░░░░░░░░░░░░░  45%  Streaming frame 1764/4803
  ███████████░░░░░░░░░░░░░░  45%  Streaming frame 1765/4803
  ███████████░░░░░░░░░░░░░░  45%  Streaming frame 1766/4803
  ███████████░░░░░░░░░░░░░░  45%  Streaming frame 1767/4803
  ███████████░░░░░░░░░░░░░░  45%  Streaming frame 1768/4803
  ███████████░░░░░░░░░░░░░░  45%  Streaming frame 1769/4803
  ███████████░░░░░░░░░░░░░░  45%  Streaming frame 1770/4803
  ███████████░░░░░░░░░░░░░░  45%  Streaming frame 1771/4803
  ███████████░░░░░░░░░░░░░░  45%  Streaming frame 1772/4803
  ███████████░░░░░░░░░░░░░░  45%  Streaming frame 1773/4803
  ███████████░░░░░░░░░░░░░░  45%  Streaming frame 1774/4803
  ███████████░░░░░░░░░░░░░░  45%  Streaming frame 1775/4803
  ███████████░░░░░░░░░░░░░░  45%  Streaming frame 1776/4803
  ███████████░░░░░░░░░░░░░░  45%  Streaming frame 1777/4803
  ███████████░░░░░░░░░░░░░░  45%  Streaming frame 1778/4803
  ███████████░░░░░░░░░░░░░░  45%  Streaming frame 1779/4803
  ███████████░░░░░░░░░░░░░░  45%  Streaming frame 1780/4803
  ███████████░░░░░░░░░░░░░░  45%  Streaming frame 1781/4803
  ███████████░░░░░░░░░░░░░░  45%  Streaming frame 1782/4803
  ███████████░░░░░░░░░░░░░░  45%  Streaming frame 1783/4803
  ███████████░░░░░░░░░░░░░░  45%  Streaming frame 1784/4803
  ███████████░░░░░░░░░░░░░░  45%  Streaming frame 1785/4803
  ███████████░░░░░░░░░░░░░░  45%  Streaming frame 1786/4803
  ███████████░░░░░░░░░░░░░░  45%  Streaming frame 1787/4803
  ███████████░░░░░░░░░░░░░░  45%  Streaming frame 1788/4803
  ███████████░░░░░░░░░░░░░░  45%  Streaming frame 1789/4803
  ███████████░░░░░░░░░░░░░░  45%  Streaming frame 1790/4803
  ███████████░░░░░░░░░░░░░░  46%  Streaming frame 1791/4803
  ███████████░░░░░░░░░░░░░░  46%  Streaming frame 1792/4803
  ███████████░░░░░░░░░░░░░░  46%  Streaming frame 1793/4803
  ███████████░░░░░░░░░░░░░░  46%  Streaming frame 1794/4803
  ███████████░░░░░░░░░░░░░░  46%  Streaming frame 1795/4803
  ███████████░░░░░░░░░░░░░░  46%  Streaming frame 1796/4803
  ███████████░░░░░░░░░░░░░░  46%  Streaming frame 1797/4803
  ███████████░░░░░░░░░░░░░░  46%  Streaming frame 1798/4803
  ███████████░░░░░░░░░░░░░░  46%  Streaming frame 1799/4803
  ███████████░░░░░░░░░░░░░░  46%  Streaming frame 1800/4803
  ███████████░░░░░░░░░░░░░░  46%  Streaming frame 1801/4803
  ███████████░░░░░░░░░░░░░░  46%  Streaming frame 1802/4803
  ███████████░░░░░░░░░░░░░░  46%  Streaming frame 1803/4803
  ███████████░░░░░░░░░░░░░░  46%  Streaming frame 1804/4803
  ███████████░░░░░░░░░░░░░░  46%  Streaming frame 1805/4803
  ███████████░░░░░░░░░░░░░░  46%  Streaming frame 1806/4803
  ███████████░░░░░░░░░░░░░░  46%  Streaming frame 1807/4803
  ███████████░░░░░░░░░░░░░░  46%  Streaming frame 1808/4803
  ███████████░░░░░░░░░░░░░░  46%  Streaming frame 1809/4803
  ███████████░░░░░░░░░░░░░░  46%  Streaming frame 1810/4803
  ███████████░░░░░░░░░░░░░░  46%  Streaming frame 1811/4803
  ███████████░░░░░░░░░░░░░░  46%  Streaming frame 1812/4803
  ███████████░░░░░░░░░░░░░░  46%  Streaming frame 1813/4803
  ███████████░░░░░░░░░░░░░░  46%  Streaming frame 1814/4803
  ███████████░░░░░░░░░░░░░░  46%  Streaming frame 1815/4803
  ███████████░░░░░░░░░░░░░░  46%  Streaming frame 1816/4803
  ███████████░░░░░░░░░░░░░░  46%  Streaming frame 1817/4803
  ███████████░░░░░░░░░░░░░░  46%  Streaming frame 1818/4803
  ███████████░░░░░░░░░░░░░░  46%  Streaming frame 1819/4803
  ███████████░░░░░░░░░░░░░░  46%  Streaming frame 1820/4803
  ███████████░░░░░░░░░░░░░░  46%  Streaming frame 1821/4803
  ███████████░░░░░░░░░░░░░░  46%  Streaming frame 1822/4803
  ███████████░░░░░░░░░░░░░░  46%  Streaming frame 1823/4803
  ███████████░░░░░░░░░░░░░░  46%  Streaming frame 1824/4803
  ███████████░░░░░░░░░░░░░░  46%  Streaming frame 1825/4803
  ███████████░░░░░░░░░░░░░░  46%  Streaming frame 1826/4803
  ███████████░░░░░░░░░░░░░░  46%  Streaming frame 1827/4803
  ███████████░░░░░░░░░░░░░░  46%  Streaming frame 1828/4803
  ███████████░░░░░░░░░░░░░░  46%  Streaming frame 1829/4803
  ███████████░░░░░░░░░░░░░░  46%  Streaming frame 1830/4803
  ███████████░░░░░░░░░░░░░░  46%  Streaming frame 1831/4803
  ███████████░░░░░░░░░░░░░░  46%  Streaming frame 1832/4803
  ███████████░░░░░░░░░░░░░░  46%  Streaming frame 1833/4803
  ███████████░░░░░░░░░░░░░░  46%  Streaming frame 1834/4803
  ███████████░░░░░░░░░░░░░░  46%  Streaming frame 1835/4803
  ███████████░░░░░░░░░░░░░░  46%  Streaming frame 1836/4803
  ███████████░░░░░░░░░░░░░░  46%  Streaming frame 1837/4803
  ███████████░░░░░░░░░░░░░░  46%  Streaming frame 1838/4803
  ███████████░░░░░░░░░░░░░░  46%  Streaming frame 1839/4803
  ███████████░░░░░░░░░░░░░░  46%  Streaming frame 1840/4803
  ███████████░░░░░░░░░░░░░░  46%  Streaming frame 1841/4803
  ███████████░░░░░░░░░░░░░░  46%  Streaming frame 1842/4803
  ███████████░░░░░░░░░░░░░░  46%  Streaming frame 1843/4803
  ███████████░░░░░░░░░░░░░░  46%  Streaming frame 1844/4803
  ███████████░░░░░░░░░░░░░░  46%  Streaming frame 1845/4803
  ███████████░░░░░░░░░░░░░░  46%  Streaming frame 1846/4803
  ███████████░░░░░░░░░░░░░░  46%  Streaming frame 1847/4803
  ███████████░░░░░░░░░░░░░░  46%  Streaming frame 1848/4803
  ███████████░░░░░░░░░░░░░░  46%  Streaming frame 1849/4803
  ███████████░░░░░░░░░░░░░░  46%  Streaming frame 1850/4803
  ███████████░░░░░░░░░░░░░░  46%  Streaming frame 1851/4803
  ███████████░░░░░░░░░░░░░░  46%  Streaming frame 1852/4803
  ███████████░░░░░░░░░░░░░░  46%  Streaming frame 1853/4803
  ███████████░░░░░░░░░░░░░░  46%  Streaming frame 1854/4803
  ███████████░░░░░░░░░░░░░░  46%  Streaming frame 1855/4803
  ███████████░░░░░░░░░░░░░░  46%  Streaming frame 1856/4803
  ███████████░░░░░░░░░░░░░░  46%  Streaming frame 1857/4803
  ███████████░░░░░░░░░░░░░░  46%  Streaming frame 1858/4803
  ███████████░░░░░░░░░░░░░░  46%  Streaming frame 1859/4803
  ███████████░░░░░░░░░░░░░░  46%  Streaming frame 1860/4803
  ███████████░░░░░░░░░░░░░░  46%  Streaming frame 1861/4803
  ███████████░░░░░░░░░░░░░░  46%  Streaming frame 1862/4803
  ███████████░░░░░░░░░░░░░░  46%  Streaming frame 1863/4803
  ███████████░░░░░░░░░░░░░░  46%  Streaming frame 1864/4803
  ███████████░░░░░░░░░░░░░░  46%  Streaming frame 1865/4803
  ███████████░░░░░░░░░░░░░░  46%  Streaming frame 1866/4803
  ███████████░░░░░░░░░░░░░░  46%  Streaming frame 1867/4803
  ███████████░░░░░░░░░░░░░░  46%  Streaming frame 1868/4803
  ███████████░░░░░░░░░░░░░░  46%  Streaming frame 1869/4803
  ███████████░░░░░░░░░░░░░░  46%  Streaming frame 1870/4803
  ███████████░░░░░░░░░░░░░░  46%  Streaming frame 1871/4803
  ███████████░░░░░░░░░░░░░░  46%  Streaming frame 1872/4803
  ███████████░░░░░░░░░░░░░░  46%  Streaming frame 1873/4803
  ███████████░░░░░░░░░░░░░░  46%  Streaming frame 1874/4803
  ███████████░░░░░░░░░░░░░░  46%  Streaming frame 1875/4803
  ███████████░░░░░░░░░░░░░░  46%  Streaming frame 1876/4803
  ███████████░░░░░░░░░░░░░░  46%  Streaming frame 1877/4803
  ███████████░░░░░░░░░░░░░░  47%  Streaming frame 1878/4803
  ███████████░░░░░░░░░░░░░░  47%  Streaming frame 1879/4803
  ███████████░░░░░░░░░░░░░░  47%  Streaming frame 1880/4803
  ███████████░░░░░░░░░░░░░░  47%  Streaming frame 1881/4803
  ███████████░░░░░░░░░░░░░░  47%  Streaming frame 1882/4803
  ███████████░░░░░░░░░░░░░░  47%  Streaming frame 1883/4803
  ███████████░░░░░░░░░░░░░░  47%  Streaming frame 1884/4803
  ███████████░░░░░░░░░░░░░░  47%  Streaming frame 1885/4803
  ███████████░░░░░░░░░░░░░░  47%  Streaming frame 1886/4803
  ███████████░░░░░░░░░░░░░░  47%  Streaming frame 1887/4803
  ███████████░░░░░░░░░░░░░░  47%  Streaming frame 1888/4803
  ███████████░░░░░░░░░░░░░░  47%  Streaming frame 1889/4803
  ███████████░░░░░░░░░░░░░░  47%  Streaming frame 1890/4803
  ███████████░░░░░░░░░░░░░░  47%  Streaming frame 1891/4803
  ███████████░░░░░░░░░░░░░░  47%  Streaming frame 1892/4803
  ███████████░░░░░░░░░░░░░░  47%  Streaming frame 1893/4803
  ███████████░░░░░░░░░░░░░░  47%  Streaming frame 1894/4803
  ███████████░░░░░░░░░░░░░░  47%  Streaming frame 1895/4803
  ███████████░░░░░░░░░░░░░░  47%  Streaming frame 1896/4803
  ███████████░░░░░░░░░░░░░░  47%  Streaming frame 1897/4803
  ███████████░░░░░░░░░░░░░░  47%  Streaming frame 1898/4803
  ███████████░░░░░░░░░░░░░░  47%  Streaming frame 1899/4803
  ███████████░░░░░░░░░░░░░░  47%  Streaming frame 1900/4803
  ███████████░░░░░░░░░░░░░░  47%  Streaming frame 1901/4803
  ███████████░░░░░░░░░░░░░░  47%  Streaming frame 1902/4803
  ███████████░░░░░░░░░░░░░░  47%  Streaming frame 1903/4803
  ███████████░░░░░░░░░░░░░░  47%  Streaming frame 1904/4803
  ███████████░░░░░░░░░░░░░░  47%  Streaming frame 1905/4803
  ███████████░░░░░░░░░░░░░░  47%  Streaming frame 1906/4803
  ███████████░░░░░░░░░░░░░░  47%  Streaming frame 1907/4803
  ███████████░░░░░░░░░░░░░░  47%  Streaming frame 1908/4803
  ███████████░░░░░░░░░░░░░░  47%  Streaming frame 1909/4803
  ███████████░░░░░░░░░░░░░░  47%  Streaming frame 1910/4803
  ███████████░░░░░░░░░░░░░░  47%  Streaming frame 1911/4803
  ███████████░░░░░░░░░░░░░░  47%  Streaming frame 1912/4803
  ███████████░░░░░░░░░░░░░░  47%  Streaming frame 1913/4803
  ███████████░░░░░░░░░░░░░░  47%  Streaming frame 1914/4803
  ███████████░░░░░░░░░░░░░░  47%  Streaming frame 1915/4803
  ███████████░░░░░░░░░░░░░░  47%  Streaming frame 1916/4803
  ███████████░░░░░░░░░░░░░░  47%  Streaming frame 1917/4803
  ███████████░░░░░░░░░░░░░░  47%  Streaming frame 1918/4803
  ███████████░░░░░░░░░░░░░░  47%  Streaming frame 1919/4803
  ███████████░░░░░░░░░░░░░░  47%  Streaming frame 1920/4803
  ███████████░░░░░░░░░░░░░░  47%  Streaming frame 1921/4803
  ███████████░░░░░░░░░░░░░░  47%  Streaming frame 1922/4803
  ███████████░░░░░░░░░░░░░░  47%  Streaming frame 1923/4803
  ███████████░░░░░░░░░░░░░░  47%  Streaming frame 1924/4803
  ███████████░░░░░░░░░░░░░░  47%  Streaming frame 1925/4803
  ███████████░░░░░░░░░░░░░░  47%  Streaming frame 1926/4803
  ███████████░░░░░░░░░░░░░░  47%  Streaming frame 1927/4803
  ███████████░░░░░░░░░░░░░░  47%  Streaming frame 1928/4803
  ███████████░░░░░░░░░░░░░░  47%  Streaming frame 1929/4803
  ███████████░░░░░░░░░░░░░░  47%  Streaming frame 1930/4803
  ███████████░░░░░░░░░░░░░░  47%  Streaming frame 1931/4803
  ███████████░░░░░░░░░░░░░░  47%  Streaming frame 1932/4803
  ███████████░░░░░░░░░░░░░░  47%  Streaming frame 1933/4803
  ███████████░░░░░░░░░░░░░░  47%  Streaming frame 1934/4803
  ███████████░░░░░░░░░░░░░░  47%  Streaming frame 1935/4803
  ███████████░░░░░░░░░░░░░░  47%  Streaming frame 1936/4803
  ███████████░░░░░░░░░░░░░░  47%  Streaming frame 1937/4803
  ███████████░░░░░░░░░░░░░░  47%  Streaming frame 1938/4803
  ███████████░░░░░░░░░░░░░░  47%  Streaming frame 1939/4803
  ███████████░░░░░░░░░░░░░░  47%  Streaming frame 1940/4803
  ███████████░░░░░░░░░░░░░░  47%  Streaming frame 1941/4803
  ███████████░░░░░░░░░░░░░░  47%  Streaming frame 1942/4803
  ███████████░░░░░░░░░░░░░░  47%  Streaming frame 1943/4803
  ███████████░░░░░░░░░░░░░░  47%  Streaming frame 1944/4803
  ███████████░░░░░░░░░░░░░░  47%  Streaming frame 1945/4803
  ███████████░░░░░░░░░░░░░░  47%  Streaming frame 1946/4803
  ███████████░░░░░░░░░░░░░░  47%  Streaming frame 1947/4803
  ███████████░░░░░░░░░░░░░░  47%  Streaming frame 1948/4803
  ███████████░░░░░░░░░░░░░░  47%  Streaming frame 1949/4803
  ███████████░░░░░░░░░░░░░░  47%  Streaming frame 1950/4803
  ███████████░░░░░░░░░░░░░░  47%  Streaming frame 1951/4803
  ███████████░░░░░░░░░░░░░░  47%  Streaming frame 1952/4803
  ███████████░░░░░░░░░░░░░░  47%  Streaming frame 1953/4803
  ███████████░░░░░░░░░░░░░░  47%  Streaming frame 1954/4803
  ███████████░░░░░░░░░░░░░░  47%  Streaming frame 1955/4803
  ███████████░░░░░░░░░░░░░░  47%  Streaming frame 1956/4803
  ███████████░░░░░░░░░░░░░░  47%  Streaming frame 1957/4803
  ███████████░░░░░░░░░░░░░░  47%  Streaming frame 1958/4803
  ███████████░░░░░░░░░░░░░░  47%  Streaming frame 1959/4803
  ███████████░░░░░░░░░░░░░░  47%  Streaming frame 1960/4803
  ███████████░░░░░░░░░░░░░░  47%  Streaming frame 1961/4803
  ███████████░░░░░░░░░░░░░░  47%  Streaming frame 1962/4803
  ███████████░░░░░░░░░░░░░░  47%  Streaming frame 1963/4803
  ███████████░░░░░░░░░░░░░░  47%  Streaming frame 1964/4803
  ████████████░░░░░░░░░░░░░  48%  Streaming frame 1965/4803
  ████████████░░░░░░░░░░░░░  48%  Streaming frame 1966/4803
  ████████████░░░░░░░░░░░░░  48%  Streaming frame 1967/4803
  ████████████░░░░░░░░░░░░░  48%  Streaming frame 1968/4803
  ████████████░░░░░░░░░░░░░  48%  Streaming frame 1969/4803
  ████████████░░░░░░░░░░░░░  48%  Streaming frame 1970/4803
  ████████████░░░░░░░░░░░░░  48%  Streaming frame 1971/4803
  ████████████░░░░░░░░░░░░░  48%  Streaming frame 1972/4803
  ████████████░░░░░░░░░░░░░  48%  Streaming frame 1973/4803
  ████████████░░░░░░░░░░░░░  48%  Streaming frame 1974/4803
  ████████████░░░░░░░░░░░░░  48%  Streaming frame 1975/4803
  ████████████░░░░░░░░░░░░░  48%  Streaming frame 1976/4803
  ████████████░░░░░░░░░░░░░  48%  Streaming frame 1977/4803
  ████████████░░░░░░░░░░░░░  48%  Streaming frame 1978/4803
  ████████████░░░░░░░░░░░░░  48%  Streaming frame 1979/4803
  ████████████░░░░░░░░░░░░░  48%  Streaming frame 1980/4803
  ████████████░░░░░░░░░░░░░  48%  Streaming frame 1981/4803
  ████████████░░░░░░░░░░░░░  48%  Streaming frame 1982/4803
  ████████████░░░░░░░░░░░░░  48%  Streaming frame 1983/4803
  ████████████░░░░░░░░░░░░░  48%  Streaming frame 1984/4803
  ████████████░░░░░░░░░░░░░  48%  Streaming frame 1985/4803
  ████████████░░░░░░░░░░░░░  48%  Streaming frame 1986/4803
  ████████████░░░░░░░░░░░░░  48%  Streaming frame 1987/4803
  ████████████░░░░░░░░░░░░░  48%  Streaming frame 1988/4803
  ████████████░░░░░░░░░░░░░  48%  Streaming frame 1989/4803
  ████████████░░░░░░░░░░░░░  48%  Streaming frame 1990/4803
  ████████████░░░░░░░░░░░░░  48%  Streaming frame 1991/4803
  ████████████░░░░░░░░░░░░░  48%  Streaming frame 1992/4803
  ████████████░░░░░░░░░░░░░  48%  Streaming frame 1993/4803
  ████████████░░░░░░░░░░░░░  48%  Streaming frame 1994/4803
  ████████████░░░░░░░░░░░░░  48%  Streaming frame 1995/4803
  ████████████░░░░░░░░░░░░░  48%  Streaming frame 1996/4803
  ████████████░░░░░░░░░░░░░  48%  Streaming frame 1997/4803
  ████████████░░░░░░░░░░░░░  48%  Streaming frame 1998/4803
  ████████████░░░░░░░░░░░░░  48%  Streaming frame 1999/4803
  ████████████░░░░░░░░░░░░░  48%  Streaming frame 2000/4803
  ████████████░░░░░░░░░░░░░  48%  Streaming frame 2001/4803
  ████████████░░░░░░░░░░░░░  48%  Streaming frame 2002/4803
  ████████████░░░░░░░░░░░░░  48%  Streaming frame 2003/4803
  ████████████░░░░░░░░░░░░░  48%  Streaming frame 2004/4803
  ████████████░░░░░░░░░░░░░  48%  Streaming frame 2005/4803
  ████████████░░░░░░░░░░░░░  48%  Streaming frame 2006/4803
  ████████████░░░░░░░░░░░░░  48%  Streaming frame 2007/4803
  ████████████░░░░░░░░░░░░░  48%  Streaming frame 2008/4803
  ████████████░░░░░░░░░░░░░  48%  Streaming frame 2009/4803
  ████████████░░░░░░░░░░░░░  48%  Streaming frame 2010/4803
  ████████████░░░░░░░░░░░░░  48%  Streaming frame 2011/4803
  ████████████░░░░░░░░░░░░░  48%  Streaming frame 2012/4803
  ████████████░░░░░░░░░░░░░  48%  Streaming frame 2013/4803
  ████████████░░░░░░░░░░░░░  48%  Streaming frame 2014/4803
  ████████████░░░░░░░░░░░░░  48%  Streaming frame 2015/4803
  ████████████░░░░░░░░░░░░░  48%  Streaming frame 2016/4803
  ████████████░░░░░░░░░░░░░  48%  Streaming frame 2017/4803
  ████████████░░░░░░░░░░░░░  48%  Streaming frame 2018/4803
  ████████████░░░░░░░░░░░░░  48%  Streaming frame 2019/4803
  ████████████░░░░░░░░░░░░░  48%  Streaming frame 2020/4803
  ████████████░░░░░░░░░░░░░  48%  Streaming frame 2021/4803
  ████████████░░░░░░░░░░░░░  48%  Streaming frame 2022/4803
  ████████████░░░░░░░░░░░░░  48%  Streaming frame 2023/4803
  ████████████░░░░░░░░░░░░░  48%  Streaming frame 2024/4803
  ████████████░░░░░░░░░░░░░  48%  Streaming frame 2025/4803
  ████████████░░░░░░░░░░░░░  48%  Streaming frame 2026/4803
  ████████████░░░░░░░░░░░░░  48%  Streaming frame 2027/4803
  ████████████░░░░░░░░░░░░░  48%  Streaming frame 2028/4803
  ████████████░░░░░░░░░░░░░  48%  Streaming frame 2029/4803
  ████████████░░░░░░░░░░░░░  48%  Streaming frame 2030/4803
  ████████████░░░░░░░░░░░░░  48%  Streaming frame 2031/4803
  ████████████░░░░░░░░░░░░░  48%  Streaming frame 2032/4803
  ████████████░░░░░░░░░░░░░  48%  Streaming frame 2033/4803
  ████████████░░░░░░░░░░░░░  48%  Streaming frame 2034/4803
  ████████████░░░░░░░░░░░░░  48%  Streaming frame 2035/4803
  ████████████░░░░░░░░░░░░░  48%  Streaming frame 2036/4803
  ████████████░░░░░░░░░░░░░  48%  Streaming frame 2037/4803
  ████████████░░░░░░░░░░░░░  48%  Streaming frame 2038/4803
  ████████████░░░░░░░░░░░░░  48%  Streaming frame 2039/4803
  ████████████░░░░░░░░░░░░░  48%  Streaming frame 2040/4803
  ████████████░░░░░░░░░░░░░  48%  Streaming frame 2041/4803
  ████████████░░░░░░░░░░░░░  48%  Streaming frame 2042/4803
  ████████████░░░░░░░░░░░░░  48%  Streaming frame 2043/4803
  ████████████░░░░░░░░░░░░░  48%  Streaming frame 2044/4803
  ████████████░░░░░░░░░░░░░  48%  Streaming frame 2045/4803
  ████████████░░░░░░░░░░░░░  48%  Streaming frame 2046/4803
  ████████████░░░░░░░░░░░░░  48%  Streaming frame 2047/4803
  ████████████░░░░░░░░░░░░░  48%  Streaming frame 2048/4803
  ████████████░░░░░░░░░░░░░  48%  Streaming frame 2049/4803
  ████████████░░░░░░░░░░░░░  48%  Streaming frame 2050/4803
  ████████████░░░░░░░░░░░░░  48%  Streaming frame 2051/4803
  ████████████░░░░░░░░░░░░░  48%  Streaming frame 2052/4803
  ████████████░░░░░░░░░░░░░  49%  Streaming frame 2053/4803
  ████████████░░░░░░░░░░░░░  49%  Streaming frame 2054/4803
  ████████████░░░░░░░░░░░░░  49%  Streaming frame 2055/4803
  ████████████░░░░░░░░░░░░░  49%  Streaming frame 2056/4803
  ████████████░░░░░░░░░░░░░  49%  Streaming frame 2057/4803
  ████████████░░░░░░░░░░░░░  49%  Streaming frame 2058/4803
  ████████████░░░░░░░░░░░░░  49%  Streaming frame 2059/4803
  ████████████░░░░░░░░░░░░░  49%  Streaming frame 2060/4803
  ████████████░░░░░░░░░░░░░  49%  Streaming frame 2061/4803
  ████████████░░░░░░░░░░░░░  49%  Streaming frame 2062/4803
  ████████████░░░░░░░░░░░░░  49%  Streaming frame 2063/4803
  ████████████░░░░░░░░░░░░░  49%  Streaming frame 2064/4803
  ████████████░░░░░░░░░░░░░  49%  Streaming frame 2065/4803
  ████████████░░░░░░░░░░░░░  49%  Streaming frame 2066/4803
  ████████████░░░░░░░░░░░░░  49%  Streaming frame 2067/4803
  ████████████░░░░░░░░░░░░░  49%  Streaming frame 2068/4803
  ████████████░░░░░░░░░░░░░  49%  Streaming frame 2069/4803
  ████████████░░░░░░░░░░░░░  49%  Streaming frame 2070/4803
  ████████████░░░░░░░░░░░░░  49%  Streaming frame 2071/4803
  ████████████░░░░░░░░░░░░░  49%  Streaming frame 2072/4803
  ████████████░░░░░░░░░░░░░  49%  Streaming frame 2073/4803
  ████████████░░░░░░░░░░░░░  49%  Streaming frame 2074/4803
  ████████████░░░░░░░░░░░░░  49%  Streaming frame 2075/4803
  ████████████░░░░░░░░░░░░░  49%  Streaming frame 2076/4803
  ████████████░░░░░░░░░░░░░  49%  Streaming frame 2077/4803
  ████████████░░░░░░░░░░░░░  49%  Streaming frame 2078/4803
  ████████████░░░░░░░░░░░░░  49%  Streaming frame 2079/4803
  ████████████░░░░░░░░░░░░░  49%  Streaming frame 2080/4803
  ████████████░░░░░░░░░░░░░  49%  Streaming frame 2081/4803
  ████████████░░░░░░░░░░░░░  49%  Streaming frame 2082/4803
  ████████████░░░░░░░░░░░░░  49%  Streaming frame 2083/4803
  ████████████░░░░░░░░░░░░░  49%  Streaming frame 2084/4803
  ████████████░░░░░░░░░░░░░  49%  Streaming frame 2085/4803
  ████████████░░░░░░░░░░░░░  49%  Streaming frame 2086/4803
  ████████████░░░░░░░░░░░░░  49%  Streaming frame 2087/4803
  ████████████░░░░░░░░░░░░░  49%  Streaming frame 2088/4803
  ████████████░░░░░░░░░░░░░  49%  Streaming frame 2089/4803
  ████████████░░░░░░░░░░░░░  49%  Streaming frame 2090/4803
  ████████████░░░░░░░░░░░░░  49%  Streaming frame 2091/4803
  ████████████░░░░░░░░░░░░░  49%  Streaming frame 2092/4803
  ████████████░░░░░░░░░░░░░  49%  Streaming frame 2093/4803
  ████████████░░░░░░░░░░░░░  49%  Streaming frame 2094/4803
  ████████████░░░░░░░░░░░░░  49%  Streaming frame 2095/4803
  ████████████░░░░░░░░░░░░░  49%  Streaming frame 2096/4803
  ████████████░░░░░░░░░░░░░  49%  Streaming frame 2097/4803
  ████████████░░░░░░░░░░░░░  49%  Streaming frame 2098/4803
  ████████████░░░░░░░░░░░░░  49%  Streaming frame 2099/4803
  ████████████░░░░░░░░░░░░░  49%  Streaming frame 2100/4803
  ████████████░░░░░░░░░░░░░  49%  Streaming frame 2101/4803
  ████████████░░░░░░░░░░░░░  49%  Streaming frame 2102/4803
  ████████████░░░░░░░░░░░░░  49%  Streaming frame 2103/4803
  ████████████░░░░░░░░░░░░░  49%  Streaming frame 2104/4803
  ████████████░░░░░░░░░░░░░  49%  Streaming frame 2105/4803
  ████████████░░░░░░░░░░░░░  49%  Streaming frame 2106/4803
  ████████████░░░░░░░░░░░░░  49%  Streaming frame 2107/4803
  ████████████░░░░░░░░░░░░░  49%  Streaming frame 2108/4803
  ████████████░░░░░░░░░░░░░  49%  Streaming frame 2109/4803
  ████████████░░░░░░░░░░░░░  49%  Streaming frame 2110/4803
  ████████████░░░░░░░░░░░░░  49%  Streaming frame 2111/4803
  ████████████░░░░░░░░░░░░░  49%  Streaming frame 2112/4803
  ████████████░░░░░░░░░░░░░  49%  Streaming frame 2113/4803
  ████████████░░░░░░░░░░░░░  49%  Streaming frame 2114/4803
  ████████████░░░░░░░░░░░░░  49%  Streaming frame 2115/4803
  ████████████░░░░░░░░░░░░░  49%  Streaming frame 2116/4803
  ████████████░░░░░░░░░░░░░  49%  Streaming frame 2117/4803
  ████████████░░░░░░░░░░░░░  49%  Streaming frame 2118/4803
  ████████████░░░░░░░░░░░░░  49%  Streaming frame 2119/4803
  ████████████░░░░░░░░░░░░░  49%  Streaming frame 2120/4803
  ████████████░░░░░░░░░░░░░  49%  Streaming frame 2121/4803
  ████████████░░░░░░░░░░░░░  49%  Streaming frame 2122/4803
  ████████████░░░░░░░░░░░░░  49%  Streaming frame 2123/4803
  ████████████░░░░░░░░░░░░░  49%  Streaming frame 2124/4803
  ████████████░░░░░░░░░░░░░  49%  Streaming frame 2125/4803
  ████████████░░░░░░░░░░░░░  49%  Streaming frame 2126/4803
  ████████████░░░░░░░░░░░░░  49%  Streaming frame 2127/4803
  ████████████░░░░░░░░░░░░░  49%  Streaming frame 2128/4803
  ████████████░░░░░░░░░░░░░  49%  Streaming frame 2129/4803
  ████████████░░░░░░░░░░░░░  49%  Streaming frame 2130/4803
  ████████████░░░░░░░░░░░░░  49%  Streaming frame 2131/4803
  ████████████░░░░░░░░░░░░░  49%  Streaming frame 2132/4803
  ████████████░░░░░░░░░░░░░  49%  Streaming frame 2133/4803
  ████████████░░░░░░░░░░░░░  49%  Streaming frame 2134/4803
  ████████████░░░░░░░░░░░░░  49%  Streaming frame 2135/4803
  ████████████░░░░░░░░░░░░░  49%  Streaming frame 2136/4803
  ████████████░░░░░░░░░░░░░  49%  Streaming frame 2137/4803
  ████████████░░░░░░░░░░░░░  49%  Streaming frame 2138/4803
  ████████████░░░░░░░░░░░░░  49%  Streaming frame 2139/4803
  ████████████░░░░░░░░░░░░░  50%  Streaming frame 2140/4803
  ████████████░░░░░░░░░░░░░  50%  Streaming frame 2141/4803
  ████████████░░░░░░░░░░░░░  50%  Streaming frame 2142/4803
  ████████████░░░░░░░░░░░░░  50%  Streaming frame 2143/4803
  ████████████░░░░░░░░░░░░░  50%  Streaming frame 2144/4803
  ████████████░░░░░░░░░░░░░  50%  Streaming frame 2145/4803
  ████████████░░░░░░░░░░░░░  50%  Streaming frame 2146/4803
  ████████████░░░░░░░░░░░░░  50%  Streaming frame 2147/4803
  ████████████░░░░░░░░░░░░░  50%  Streaming frame 2148/4803
  ████████████░░░░░░░░░░░░░  50%  Streaming frame 2149/4803
  ████████████░░░░░░░░░░░░░  50%  Streaming frame 2150/4803
  ████████████░░░░░░░░░░░░░  50%  Streaming frame 2151/4803
  ████████████░░░░░░░░░░░░░  50%  Streaming frame 2152/4803
  ████████████░░░░░░░░░░░░░  50%  Streaming frame 2153/4803
  ████████████░░░░░░░░░░░░░  50%  Streaming frame 2154/4803
  ████████████░░░░░░░░░░░░░  50%  Streaming frame 2155/4803
  ████████████░░░░░░░░░░░░░  50%  Streaming frame 2156/4803
  ████████████░░░░░░░░░░░░░  50%  Streaming frame 2157/4803
  ████████████░░░░░░░░░░░░░  50%  Streaming frame 2158/4803
  ████████████░░░░░░░░░░░░░  50%  Streaming frame 2159/4803
  ████████████░░░░░░░░░░░░░  50%  Streaming frame 2160/4803
  ████████████░░░░░░░░░░░░░  50%  Streaming frame 2161/4803
  ████████████░░░░░░░░░░░░░  50%  Streaming frame 2162/4803
  ████████████░░░░░░░░░░░░░  50%  Streaming frame 2163/4803
  ████████████░░░░░░░░░░░░░  50%  Streaming frame 2164/4803
  ████████████░░░░░░░░░░░░░  50%  Streaming frame 2165/4803
  ████████████░░░░░░░░░░░░░  50%  Streaming frame 2166/4803
  ████████████░░░░░░░░░░░░░  50%  Streaming frame 2167/4803
  ████████████░░░░░░░░░░░░░  50%  Streaming frame 2168/4803
  ████████████░░░░░░░░░░░░░  50%  Streaming frame 2169/4803
  ████████████░░░░░░░░░░░░░  50%  Streaming frame 2170/4803
  ████████████░░░░░░░░░░░░░  50%  Streaming frame 2171/4803
  ████████████░░░░░░░░░░░░░  50%  Streaming frame 2172/4803
  ████████████░░░░░░░░░░░░░  50%  Streaming frame 2173/4803
  ████████████░░░░░░░░░░░░░  50%  Streaming frame 2174/4803
  ████████████░░░░░░░░░░░░░  50%  Streaming frame 2175/4803
  ████████████░░░░░░░░░░░░░  50%  Streaming frame 2176/4803
  ████████████░░░░░░░░░░░░░  50%  Streaming frame 2177/4803
  ████████████░░░░░░░░░░░░░  50%  Streaming frame 2178/4803
  ████████████░░░░░░░░░░░░░  50%  Streaming frame 2179/4803
  ████████████░░░░░░░░░░░░░  50%  Streaming frame 2180/4803
  ████████████░░░░░░░░░░░░░  50%  Streaming frame 2181/4803
  ████████████░░░░░░░░░░░░░  50%  Streaming frame 2182/4803
  ████████████░░░░░░░░░░░░░  50%  Streaming frame 2183/4803
  ████████████░░░░░░░░░░░░░  50%  Streaming frame 2184/4803
  ████████████░░░░░░░░░░░░░  50%  Streaming frame 2185/4803
  ████████████░░░░░░░░░░░░░  50%  Streaming frame 2186/4803
  ████████████░░░░░░░░░░░░░  50%  Streaming frame 2187/4803
  ████████████░░░░░░░░░░░░░  50%  Streaming frame 2188/4803
  ████████████░░░░░░░░░░░░░  50%  Streaming frame 2189/4803
  ████████████░░░░░░░░░░░░░  50%  Streaming frame 2190/4803
  ████████████░░░░░░░░░░░░░  50%  Streaming frame 2191/4803
  ████████████░░░░░░░░░░░░░  50%  Streaming frame 2192/4803
  ████████████░░░░░░░░░░░░░  50%  Streaming frame 2193/4803
  ████████████░░░░░░░░░░░░░  50%  Streaming frame 2194/4803
  ████████████░░░░░░░░░░░░░  50%  Streaming frame 2195/4803
  ████████████░░░░░░░░░░░░░  50%  Streaming frame 2196/4803
  ████████████░░░░░░░░░░░░░  50%  Streaming frame 2197/4803
  ████████████░░░░░░░░░░░░░  50%  Streaming frame 2198/4803
  ████████████░░░░░░░░░░░░░  50%  Streaming frame 2199/4803
  ████████████░░░░░░░░░░░░░  50%  Streaming frame 2200/4803
  ████████████░░░░░░░░░░░░░  50%  Streaming frame 2201/4803
  ████████████░░░░░░░░░░░░░  50%  Streaming frame 2202/4803
  ████████████░░░░░░░░░░░░░  50%  Streaming frame 2203/4803
  ████████████░░░░░░░░░░░░░  50%  Streaming frame 2204/4803
  ████████████░░░░░░░░░░░░░  50%  Streaming frame 2205/4803
  ████████████░░░░░░░░░░░░░  50%  Streaming frame 2206/4803
  ████████████░░░░░░░░░░░░░  50%  Streaming frame 2207/4803
  ████████████░░░░░░░░░░░░░  50%  Streaming frame 2208/4803
  ████████████░░░░░░░░░░░░░  50%  Streaming frame 2209/4803
  ████████████░░░░░░░░░░░░░  50%  Streaming frame 2210/4803
  ████████████░░░░░░░░░░░░░  50%  Streaming frame 2211/4803
  ████████████░░░░░░░░░░░░░  50%  Streaming frame 2212/4803
  ████████████░░░░░░░░░░░░░  50%  Streaming frame 2213/4803
  ████████████░░░░░░░░░░░░░  50%  Streaming frame 2214/4803
  ████████████░░░░░░░░░░░░░  50%  Streaming frame 2215/4803
  ████████████░░░░░░░░░░░░░  50%  Streaming frame 2216/4803
  ████████████░░░░░░░░░░░░░  50%  Streaming frame 2217/4803
  ████████████░░░░░░░░░░░░░  50%  Streaming frame 2218/4803
  ████████████░░░░░░░░░░░░░  50%  Streaming frame 2219/4803
  ████████████░░░░░░░░░░░░░  50%  Streaming frame 2220/4803
  ████████████░░░░░░░░░░░░░  50%  Streaming frame 2221/4803
  ████████████░░░░░░░░░░░░░  50%  Streaming frame 2222/4803
  ████████████░░░░░░░░░░░░░  50%  Streaming frame 2223/4803
  ████████████░░░░░░░░░░░░░  50%  Streaming frame 2224/4803
  ████████████░░░░░░░░░░░░░  50%  Streaming frame 2225/4803
  ████████████░░░░░░░░░░░░░  50%  Streaming frame 2226/4803
  ████████████░░░░░░░░░░░░░  51%  Streaming frame 2227/4803
  ████████████░░░░░░░░░░░░░  51%  Streaming frame 2228/4803
  ████████████░░░░░░░░░░░░░  51%  Streaming frame 2229/4803
  ████████████░░░░░░░░░░░░░  51%  Streaming frame 2230/4803
  ████████████░░░░░░░░░░░░░  51%  Streaming frame 2231/4803
  ████████████░░░░░░░░░░░░░  51%  Streaming frame 2232/4803
  ████████████░░░░░░░░░░░░░  51%  Streaming frame 2233/4803
  ████████████░░░░░░░░░░░░░  51%  Streaming frame 2234/4803
  ████████████░░░░░░░░░░░░░  51%  Streaming frame 2235/4803
  ████████████░░░░░░░░░░░░░  51%  Streaming frame 2236/4803
  ████████████░░░░░░░░░░░░░  51%  Streaming frame 2237/4803
  ████████████░░░░░░░░░░░░░  51%  Streaming frame 2238/4803
  ████████████░░░░░░░░░░░░░  51%  Streaming frame 2239/4803
  ████████████░░░░░░░░░░░░░  51%  Streaming frame 2240/4803
  ████████████░░░░░░░░░░░░░  51%  Streaming frame 2241/4803
  ████████████░░░░░░░░░░░░░  51%  Streaming frame 2242/4803
  ████████████░░░░░░░░░░░░░  51%  Streaming frame 2243/4803
  ████████████░░░░░░░░░░░░░  51%  Streaming frame 2244/4803
  ████████████░░░░░░░░░░░░░  51%  Streaming frame 2245/4803
  ████████████░░░░░░░░░░░░░  51%  Streaming frame 2246/4803
  ████████████░░░░░░░░░░░░░  51%  Streaming frame 2247/4803
  ████████████░░░░░░░░░░░░░  51%  Streaming frame 2248/4803
  ████████████░░░░░░░░░░░░░  51%  Streaming frame 2249/4803
  ████████████░░░░░░░░░░░░░  51%  Streaming frame 2250/4803
  ████████████░░░░░░░░░░░░░  51%  Streaming frame 2251/4803
  ████████████░░░░░░░░░░░░░  51%  Streaming frame 2252/4803
  ████████████░░░░░░░░░░░░░  51%  Streaming frame 2253/4803
  ████████████░░░░░░░░░░░░░  51%  Streaming frame 2254/4803
  ████████████░░░░░░░░░░░░░  51%  Streaming frame 2255/4803
  ████████████░░░░░░░░░░░░░  51%  Streaming frame 2256/4803
  ████████████░░░░░░░░░░░░░  51%  Streaming frame 2257/4803
  ████████████░░░░░░░░░░░░░  51%  Streaming frame 2258/4803
  ████████████░░░░░░░░░░░░░  51%  Streaming frame 2259/4803
  ████████████░░░░░░░░░░░░░  51%  Streaming frame 2260/4803
  ████████████░░░░░░░░░░░░░  51%  Streaming frame 2261/4803
  ████████████░░░░░░░░░░░░░  51%  Streaming frame 2262/4803
  ████████████░░░░░░░░░░░░░  51%  Streaming frame 2263/4803
  ████████████░░░░░░░░░░░░░  51%  Streaming frame 2264/4803
  ████████████░░░░░░░░░░░░░  51%  Streaming frame 2265/4803
  ████████████░░░░░░░░░░░░░  51%  Streaming frame 2266/4803
  ████████████░░░░░░░░░░░░░  51%  Streaming frame 2267/4803
  ████████████░░░░░░░░░░░░░  51%  Streaming frame 2268/4803
  ████████████░░░░░░░░░░░░░  51%  Streaming frame 2269/4803
  ████████████░░░░░░░░░░░░░  51%  Streaming frame 2270/4803
  ████████████░░░░░░░░░░░░░  51%  Streaming frame 2271/4803
  ████████████░░░░░░░░░░░░░  51%  Streaming frame 2272/4803
  ████████████░░░░░░░░░░░░░  51%  Streaming frame 2273/4803
  ████████████░░░░░░░░░░░░░  51%  Streaming frame 2274/4803
  ████████████░░░░░░░░░░░░░  51%  Streaming frame 2275/4803
  ████████████░░░░░░░░░░░░░  51%  Streaming frame 2276/4803
  ████████████░░░░░░░░░░░░░  51%  Streaming frame 2277/4803
  ████████████░░░░░░░░░░░░░  51%  Streaming frame 2278/4803
  ████████████░░░░░░░░░░░░░  51%  Streaming frame 2279/4803
  ████████████░░░░░░░░░░░░░  51%  Streaming frame 2280/4803
  ████████████░░░░░░░░░░░░░  51%  Streaming frame 2281/4803
  ████████████░░░░░░░░░░░░░  51%  Streaming frame 2282/4803
  ████████████░░░░░░░░░░░░░  51%  Streaming frame 2283/4803
  ████████████░░░░░░░░░░░░░  51%  Streaming frame 2284/4803
  ████████████░░░░░░░░░░░░░  51%  Streaming frame 2285/4803
  ████████████░░░░░░░░░░░░░  51%  Streaming frame 2286/4803
  ████████████░░░░░░░░░░░░░  51%  Streaming frame 2287/4803
  ████████████░░░░░░░░░░░░░  51%  Streaming frame 2288/4803
  ████████████░░░░░░░░░░░░░  51%  Streaming frame 2289/4803
  ████████████░░░░░░░░░░░░░  51%  Streaming frame 2290/4803
  ████████████░░░░░░░░░░░░░  51%  Streaming frame 2291/4803
  ████████████░░░░░░░░░░░░░  51%  Streaming frame 2292/4803
  ████████████░░░░░░░░░░░░░  51%  Streaming frame 2293/4803
  ████████████░░░░░░░░░░░░░  51%  Streaming frame 2294/4803
  ████████████░░░░░░░░░░░░░  51%  Streaming frame 2295/4803
  ████████████░░░░░░░░░░░░░  51%  Streaming frame 2296/4803
  ████████████░░░░░░░░░░░░░  51%  Streaming frame 2297/4803
  ████████████░░░░░░░░░░░░░  51%  Streaming frame 2298/4803
  ████████████░░░░░░░░░░░░░  51%  Streaming frame 2299/4803
  ████████████░░░░░░░░░░░░░  51%  Streaming frame 2300/4803
  ████████████░░░░░░░░░░░░░  51%  Streaming frame 2301/4803
  ████████████░░░░░░░░░░░░░  51%  Streaming frame 2302/4803
  ████████████░░░░░░░░░░░░░  51%  Streaming frame 2303/4803
  ████████████░░░░░░░░░░░░░  51%  Streaming frame 2304/4803
  ████████████░░░░░░░░░░░░░  51%  Streaming frame 2305/4803
  ████████████░░░░░░░░░░░░░  51%  Streaming frame 2306/4803
  ████████████░░░░░░░░░░░░░  51%  Streaming frame 2307/4803
  ████████████░░░░░░░░░░░░░  51%  Streaming frame 2308/4803
  ████████████░░░░░░░░░░░░░  51%  Streaming frame 2309/4803
  ████████████░░░░░░░░░░░░░  51%  Streaming frame 2310/4803
  ████████████░░░░░░░░░░░░░  51%  Streaming frame 2311/4803
  ████████████░░░░░░░░░░░░░  51%  Streaming frame 2312/4803
  ████████████░░░░░░░░░░░░░  51%  Streaming frame 2313/4803
  ████████████░░░░░░░░░░░░░  51%  Streaming frame 2314/4803
  █████████████░░░░░░░░░░░░  52%  Streaming frame 2315/4803
  █████████████░░░░░░░░░░░░  52%  Streaming frame 2316/4803
  █████████████░░░░░░░░░░░░  52%  Streaming frame 2317/4803
  █████████████░░░░░░░░░░░░  52%  Streaming frame 2318/4803
  █████████████░░░░░░░░░░░░  52%  Streaming frame 2319/4803
  █████████████░░░░░░░░░░░░  52%  Streaming frame 2320/4803
  █████████████░░░░░░░░░░░░  52%  Streaming frame 2321/4803
  █████████████░░░░░░░░░░░░  52%  Streaming frame 2322/4803
  █████████████░░░░░░░░░░░░  52%  Streaming frame 2323/4803
  █████████████░░░░░░░░░░░░  52%  Streaming frame 2324/4803
  █████████████░░░░░░░░░░░░  52%  Streaming frame 2325/4803
  █████████████░░░░░░░░░░░░  52%  Streaming frame 2326/4803
  █████████████░░░░░░░░░░░░  52%  Streaming frame 2327/4803
  █████████████░░░░░░░░░░░░  52%  Streaming frame 2328/4803
  █████████████░░░░░░░░░░░░  52%  Streaming frame 2329/4803
  █████████████░░░░░░░░░░░░  52%  Streaming frame 2330/4803
  █████████████░░░░░░░░░░░░  52%  Streaming frame 2331/4803
  █████████████░░░░░░░░░░░░  52%  Streaming frame 2332/4803
  █████████████░░░░░░░░░░░░  52%  Streaming frame 2333/4803
  █████████████░░░░░░░░░░░░  52%  Streaming frame 2334/4803
  █████████████░░░░░░░░░░░░  52%  Streaming frame 2335/4803
  █████████████░░░░░░░░░░░░  52%  Streaming frame 2336/4803
  █████████████░░░░░░░░░░░░  52%  Streaming frame 2337/4803
  █████████████░░░░░░░░░░░░  52%  Streaming frame 2338/4803
  █████████████░░░░░░░░░░░░  52%  Streaming frame 2339/4803
  █████████████░░░░░░░░░░░░  52%  Streaming frame 2340/4803
  █████████████░░░░░░░░░░░░  52%  Streaming frame 2341/4803
  █████████████░░░░░░░░░░░░  52%  Streaming frame 2342/4803
  █████████████░░░░░░░░░░░░  52%  Streaming frame 2343/4803
  █████████████░░░░░░░░░░░░  52%  Streaming frame 2344/4803
  █████████████░░░░░░░░░░░░  52%  Streaming frame 2345/4803
  █████████████░░░░░░░░░░░░  52%  Streaming frame 2346/4803
  █████████████░░░░░░░░░░░░  52%  Streaming frame 2347/4803
  █████████████░░░░░░░░░░░░  52%  Streaming frame 2348/4803
  █████████████░░░░░░░░░░░░  52%  Streaming frame 2349/4803
  █████████████░░░░░░░░░░░░  52%  Streaming frame 2350/4803
  █████████████░░░░░░░░░░░░  52%  Streaming frame 2351/4803
  █████████████░░░░░░░░░░░░  52%  Streaming frame 2352/4803
  █████████████░░░░░░░░░░░░  52%  Streaming frame 2353/4803
  █████████████░░░░░░░░░░░░  52%  Streaming frame 2354/4803
  █████████████░░░░░░░░░░░░  52%  Streaming frame 2355/4803
  █████████████░░░░░░░░░░░░  52%  Streaming frame 2356/4803
  █████████████░░░░░░░░░░░░  52%  Streaming frame 2357/4803
  █████████████░░░░░░░░░░░░  52%  Streaming frame 2358/4803
  █████████████░░░░░░░░░░░░  52%  Streaming frame 2359/4803
  █████████████░░░░░░░░░░░░  52%  Streaming frame 2360/4803
  █████████████░░░░░░░░░░░░  52%  Streaming frame 2361/4803
  █████████████░░░░░░░░░░░░  52%  Streaming frame 2362/4803
  █████████████░░░░░░░░░░░░  52%  Streaming frame 2363/4803
  █████████████░░░░░░░░░░░░  52%  Streaming frame 2364/4803
  █████████████░░░░░░░░░░░░  52%  Streaming frame 2365/4803
  █████████████░░░░░░░░░░░░  52%  Streaming frame 2366/4803
  █████████████░░░░░░░░░░░░  52%  Streaming frame 2367/4803
  █████████████░░░░░░░░░░░░  52%  Streaming frame 2368/4803
  █████████████░░░░░░░░░░░░  52%  Streaming frame 2369/4803
  █████████████░░░░░░░░░░░░  52%  Streaming frame 2370/4803
  █████████████░░░░░░░░░░░░  52%  Streaming frame 2371/4803
  █████████████░░░░░░░░░░░░  52%  Streaming frame 2372/4803
  █████████████░░░░░░░░░░░░  52%  Streaming frame 2373/4803
  █████████████░░░░░░░░░░░░  52%  Streaming frame 2374/4803
  █████████████░░░░░░░░░░░░  52%  Streaming frame 2375/4803
  █████████████░░░░░░░░░░░░  52%  Streaming frame 2376/4803
  █████████████░░░░░░░░░░░░  52%  Streaming frame 2377/4803
  █████████████░░░░░░░░░░░░  52%  Streaming frame 2378/4803
  █████████████░░░░░░░░░░░░  52%  Streaming frame 2379/4803
  █████████████░░░░░░░░░░░░  52%  Streaming frame 2380/4803
  █████████████░░░░░░░░░░░░  52%  Streaming frame 2381/4803
  █████████████░░░░░░░░░░░░  52%  Streaming frame 2382/4803
  █████████████░░░░░░░░░░░░  52%  Streaming frame 2383/4803
  █████████████░░░░░░░░░░░░  52%  Streaming frame 2384/4803
  █████████████░░░░░░░░░░░░  52%  Streaming frame 2385/4803
  █████████████░░░░░░░░░░░░  52%  Streaming frame 2386/4803
  █████████████░░░░░░░░░░░░  52%  Streaming frame 2387/4803
  █████████████░░░░░░░░░░░░  52%  Streaming frame 2388/4803
  █████████████░░░░░░░░░░░░  52%  Streaming frame 2389/4803
  █████████████░░░░░░░░░░░░  52%  Streaming frame 2390/4803
  █████████████░░░░░░░░░░░░  52%  Streaming frame 2391/4803
  █████████████░░░░░░░░░░░░  52%  Streaming frame 2392/4803
  █████████████░░░░░░░░░░░░  52%  Streaming frame 2393/4803
  █████████████░░░░░░░░░░░░  52%  Streaming frame 2394/4803
  █████████████░░░░░░░░░░░░  52%  Streaming frame 2395/4803
  █████████████░░░░░░░░░░░░  52%  Streaming frame 2396/4803
  █████████████░░░░░░░░░░░░  52%  Streaming frame 2397/4803
  █████████████░░░░░░░░░░░░  52%  Streaming frame 2398/4803
  █████████████░░░░░░░░░░░░  52%  Streaming frame 2399/4803
  █████████████░░░░░░░░░░░░  52%  Streaming frame 2400/4803
  █████████████░░░░░░░░░░░░  52%  Streaming frame 2401/4803
  █████████████░░░░░░░░░░░░  53%  Streaming frame 2402/4803
[INFO] [Render] drawElement self-verify passed {"renderJobId":"f0260c89-7ee7-4245-9228-b77333d3425b","frame":2402,"psnrDb":"inf"}
  █████████████░░░░░░░░░░░░  53%  Streaming frame 2403/4803
  █████████████░░░░░░░░░░░░  53%  Streaming frame 2404/4803
  █████████████░░░░░░░░░░░░  53%  Streaming frame 2405/4803
  █████████████░░░░░░░░░░░░  53%  Streaming frame 2406/4803
  █████████████░░░░░░░░░░░░  53%  Streaming frame 2407/4803
  █████████████░░░░░░░░░░░░  53%  Streaming frame 2408/4803
  █████████████░░░░░░░░░░░░  53%  Streaming frame 2409/4803
  █████████████░░░░░░░░░░░░  53%  Streaming frame 2410/4803
  █████████████░░░░░░░░░░░░  53%  Streaming frame 2411/4803
  █████████████░░░░░░░░░░░░  53%  Streaming frame 2412/4803
  █████████████░░░░░░░░░░░░  53%  Streaming frame 2413/4803
  █████████████░░░░░░░░░░░░  53%  Streaming frame 2414/4803
  █████████████░░░░░░░░░░░░  53%  Streaming frame 2415/4803
  █████████████░░░░░░░░░░░░  53%  Streaming frame 2416/4803
  █████████████░░░░░░░░░░░░  53%  Streaming frame 2417/4803
  █████████████░░░░░░░░░░░░  53%  Streaming frame 2418/4803
  █████████████░░░░░░░░░░░░  53%  Streaming frame 2419/4803
  █████████████░░░░░░░░░░░░  53%  Streaming frame 2420/4803
  █████████████░░░░░░░░░░░░  53%  Streaming frame 2421/4803
  █████████████░░░░░░░░░░░░  53%  Streaming frame 2422/4803
  █████████████░░░░░░░░░░░░  53%  Streaming frame 2423/4803
  █████████████░░░░░░░░░░░░  53%  Streaming frame 2424/4803
  █████████████░░░░░░░░░░░░  53%  Streaming frame 2425/4803
  █████████████░░░░░░░░░░░░  53%  Streaming frame 2426/4803
  █████████████░░░░░░░░░░░░  53%  Streaming frame 2427/4803
  █████████████░░░░░░░░░░░░  53%  Streaming frame 2428/4803
  █████████████░░░░░░░░░░░░  53%  Streaming frame 2429/4803
  █████████████░░░░░░░░░░░░  53%  Streaming frame 2430/4803
  █████████████░░░░░░░░░░░░  53%  Streaming frame 2431/4803
  █████████████░░░░░░░░░░░░  53%  Streaming frame 2432/4803
  █████████████░░░░░░░░░░░░  53%  Streaming frame 2433/4803
  █████████████░░░░░░░░░░░░  53%  Streaming frame 2434/4803
  █████████████░░░░░░░░░░░░  53%  Streaming frame 2435/4803
  █████████████░░░░░░░░░░░░  53%  Streaming frame 2436/4803
  █████████████░░░░░░░░░░░░  53%  Streaming frame 2437/4803
  █████████████░░░░░░░░░░░░  53%  Streaming frame 2438/4803
  █████████████░░░░░░░░░░░░  53%  Streaming frame 2439/4803
  █████████████░░░░░░░░░░░░  53%  Streaming frame 2440/4803
  █████████████░░░░░░░░░░░░  53%  Streaming frame 2441/4803
  █████████████░░░░░░░░░░░░  53%  Streaming frame 2442/4803
  █████████████░░░░░░░░░░░░  53%  Streaming frame 2443/4803
  █████████████░░░░░░░░░░░░  53%  Streaming frame 2444/4803
  █████████████░░░░░░░░░░░░  53%  Streaming frame 2445/4803
  █████████████░░░░░░░░░░░░  53%  Streaming frame 2446/4803
  █████████████░░░░░░░░░░░░  53%  Streaming frame 2447/4803
  █████████████░░░░░░░░░░░░  53%  Streaming frame 2448/4803
  █████████████░░░░░░░░░░░░  53%  Streaming frame 2449/4803
  █████████████░░░░░░░░░░░░  53%  Streaming frame 2450/4803
  █████████████░░░░░░░░░░░░  53%  Streaming frame 2451/4803
  █████████████░░░░░░░░░░░░  53%  Streaming frame 2452/4803
  █████████████░░░░░░░░░░░░  53%  Streaming frame 2453/4803
  █████████████░░░░░░░░░░░░  53%  Streaming frame 2454/4803
  █████████████░░░░░░░░░░░░  53%  Streaming frame 2455/4803
  █████████████░░░░░░░░░░░░  53%  Streaming frame 2456/4803
  █████████████░░░░░░░░░░░░  53%  Streaming frame 2457/4803
  █████████████░░░░░░░░░░░░  53%  Streaming frame 2458/4803
  █████████████░░░░░░░░░░░░  53%  Streaming frame 2459/4803
  █████████████░░░░░░░░░░░░  53%  Streaming frame 2460/4803
  █████████████░░░░░░░░░░░░  53%  Streaming frame 2461/4803
  █████████████░░░░░░░░░░░░  53%  Streaming frame 2462/4803
  █████████████░░░░░░░░░░░░  53%  Streaming frame 2463/4803
  █████████████░░░░░░░░░░░░  53%  Streaming frame 2464/4803
  █████████████░░░░░░░░░░░░  53%  Streaming frame 2465/4803
  █████████████░░░░░░░░░░░░  53%  Streaming frame 2466/4803
  █████████████░░░░░░░░░░░░  53%  Streaming frame 2467/4803
  █████████████░░░░░░░░░░░░  53%  Streaming frame 2468/4803
  █████████████░░░░░░░░░░░░  53%  Streaming frame 2469/4803
  █████████████░░░░░░░░░░░░  53%  Streaming frame 2470/4803
  █████████████░░░░░░░░░░░░  53%  Streaming frame 2471/4803
  █████████████░░░░░░░░░░░░  53%  Streaming frame 2472/4803
  █████████████░░░░░░░░░░░░  53%  Streaming frame 2473/4803
  █████████████░░░░░░░░░░░░  53%  Streaming frame 2474/4803
  █████████████░░░░░░░░░░░░  53%  Streaming frame 2475/4803
  █████████████░░░░░░░░░░░░  53%  Streaming frame 2476/4803
  █████████████░░░░░░░░░░░░  53%  Streaming frame 2477/4803
  █████████████░░░░░░░░░░░░  53%  Streaming frame 2478/4803
  █████████████░░░░░░░░░░░░  53%  Streaming frame 2479/4803
  █████████████░░░░░░░░░░░░  53%  Streaming frame 2480/4803
  █████████████░░░░░░░░░░░░  53%  Streaming frame 2481/4803
  █████████████░░░░░░░░░░░░  53%  Streaming frame 2482/4803
  █████████████░░░░░░░░░░░░  53%  Streaming frame 2483/4803
  █████████████░░░░░░░░░░░░  53%  Streaming frame 2484/4803
  █████████████░░░░░░░░░░░░  53%  Streaming frame 2485/4803
  █████████████░░░░░░░░░░░░  53%  Streaming frame 2486/4803
  █████████████░░░░░░░░░░░░  53%  Streaming frame 2487/4803
  █████████████░░░░░░░░░░░░  53%  Streaming frame 2488/4803
  █████████████░░░░░░░░░░░░  54%  Streaming frame 2489/4803
  █████████████░░░░░░░░░░░░  54%  Streaming frame 2490/4803
  █████████████░░░░░░░░░░░░  54%  Streaming frame 2491/4803
  █████████████░░░░░░░░░░░░  54%  Streaming frame 2492/4803
  █████████████░░░░░░░░░░░░  54%  Streaming frame 2493/4803
  █████████████░░░░░░░░░░░░  54%  Streaming frame 2494/4803
  █████████████░░░░░░░░░░░░  54%  Streaming frame 2495/4803
  █████████████░░░░░░░░░░░░  54%  Streaming frame 2496/4803
  █████████████░░░░░░░░░░░░  54%  Streaming frame 2497/4803
  █████████████░░░░░░░░░░░░  54%  Streaming frame 2498/4803
  █████████████░░░░░░░░░░░░  54%  Streaming frame 2499/4803
  █████████████░░░░░░░░░░░░  54%  Streaming frame 2500/4803
  █████████████░░░░░░░░░░░░  54%  Streaming frame 2501/4803
  █████████████░░░░░░░░░░░░  54%  Streaming frame 2502/4803
  █████████████░░░░░░░░░░░░  54%  Streaming frame 2503/4803
  █████████████░░░░░░░░░░░░  54%  Streaming frame 2504/4803
  █████████████░░░░░░░░░░░░  54%  Streaming frame 2505/4803
  █████████████░░░░░░░░░░░░  54%  Streaming frame 2506/4803
  █████████████░░░░░░░░░░░░  54%  Streaming frame 2507/4803
  █████████████░░░░░░░░░░░░  54%  Streaming frame 2508/4803
  █████████████░░░░░░░░░░░░  54%  Streaming frame 2509/4803
  █████████████░░░░░░░░░░░░  54%  Streaming frame 2510/4803
  █████████████░░░░░░░░░░░░  54%  Streaming frame 2511/4803
  █████████████░░░░░░░░░░░░  54%  Streaming frame 2512/4803
  █████████████░░░░░░░░░░░░  54%  Streaming frame 2513/4803
  █████████████░░░░░░░░░░░░  54%  Streaming frame 2514/4803
  █████████████░░░░░░░░░░░░  54%  Streaming frame 2515/4803
  █████████████░░░░░░░░░░░░  54%  Streaming frame 2516/4803
  █████████████░░░░░░░░░░░░  54%  Streaming frame 2517/4803
  █████████████░░░░░░░░░░░░  54%  Streaming frame 2518/4803
  █████████████░░░░░░░░░░░░  54%  Streaming frame 2519/4803
  █████████████░░░░░░░░░░░░  54%  Streaming frame 2520/4803
  █████████████░░░░░░░░░░░░  54%  Streaming frame 2521/4803
  █████████████░░░░░░░░░░░░  54%  Streaming frame 2522/4803
  █████████████░░░░░░░░░░░░  54%  Streaming frame 2523/4803
  █████████████░░░░░░░░░░░░  54%  Streaming frame 2524/4803
  █████████████░░░░░░░░░░░░  54%  Streaming frame 2525/4803
  █████████████░░░░░░░░░░░░  54%  Streaming frame 2526/4803
  █████████████░░░░░░░░░░░░  54%  Streaming frame 2527/4803
  █████████████░░░░░░░░░░░░  54%  Streaming frame 2528/4803
  █████████████░░░░░░░░░░░░  54%  Streaming frame 2529/4803
  █████████████░░░░░░░░░░░░  54%  Streaming frame 2530/4803
  █████████████░░░░░░░░░░░░  54%  Streaming frame 2531/4803
  █████████████░░░░░░░░░░░░  54%  Streaming frame 2532/4803
  █████████████░░░░░░░░░░░░  54%  Streaming frame 2533/4803
  █████████████░░░░░░░░░░░░  54%  Streaming frame 2534/4803
  █████████████░░░░░░░░░░░░  54%  Streaming frame 2535/4803
  █████████████░░░░░░░░░░░░  54%  Streaming frame 2536/4803
  █████████████░░░░░░░░░░░░  54%  Streaming frame 2537/4803
  █████████████░░░░░░░░░░░░  54%  Streaming frame 2538/4803
  █████████████░░░░░░░░░░░░  54%  Streaming frame 2539/4803
  █████████████░░░░░░░░░░░░  54%  Streaming frame 2540/4803
  █████████████░░░░░░░░░░░░  54%  Streaming frame 2541/4803
  █████████████░░░░░░░░░░░░  54%  Streaming frame 2542/4803
  █████████████░░░░░░░░░░░░  54%  Streaming frame 2543/4803
  █████████████░░░░░░░░░░░░  54%  Streaming frame 2544/4803
  █████████████░░░░░░░░░░░░  54%  Streaming frame 2545/4803
  █████████████░░░░░░░░░░░░  54%  Streaming frame 2546/4803
  █████████████░░░░░░░░░░░░  54%  Streaming frame 2547/4803
  █████████████░░░░░░░░░░░░  54%  Streaming frame 2548/4803
  █████████████░░░░░░░░░░░░  54%  Streaming frame 2549/4803
  █████████████░░░░░░░░░░░░  54%  Streaming frame 2550/4803
  █████████████░░░░░░░░░░░░  54%  Streaming frame 2551/4803
  █████████████░░░░░░░░░░░░  54%  Streaming frame 2552/4803
  █████████████░░░░░░░░░░░░  54%  Streaming frame 2553/4803
  █████████████░░░░░░░░░░░░  54%  Streaming frame 2554/4803
  █████████████░░░░░░░░░░░░  54%  Streaming frame 2555/4803
  █████████████░░░░░░░░░░░░  54%  Streaming frame 2556/4803
  █████████████░░░░░░░░░░░░  54%  Streaming frame 2557/4803
  █████████████░░░░░░░░░░░░  54%  Streaming frame 2558/4803
  █████████████░░░░░░░░░░░░  54%  Streaming frame 2559/4803
  █████████████░░░░░░░░░░░░  54%  Streaming frame 2560/4803
  █████████████░░░░░░░░░░░░  54%  Streaming frame 2561/4803
  █████████████░░░░░░░░░░░░  54%  Streaming frame 2562/4803
  █████████████░░░░░░░░░░░░  54%  Streaming frame 2563/4803
  █████████████░░░░░░░░░░░░  54%  Streaming frame 2564/4803
  █████████████░░░░░░░░░░░░  54%  Streaming frame 2565/4803
  █████████████░░░░░░░░░░░░  54%  Streaming frame 2566/4803
  █████████████░░░░░░░░░░░░  54%  Streaming frame 2567/4803
  █████████████░░░░░░░░░░░░  54%  Streaming frame 2568/4803
  █████████████░░░░░░░░░░░░  54%  Streaming frame 2569/4803
  █████████████░░░░░░░░░░░░  54%  Streaming frame 2570/4803
  █████████████░░░░░░░░░░░░  54%  Streaming frame 2571/4803
  █████████████░░░░░░░░░░░░  54%  Streaming frame 2572/4803
  █████████████░░░░░░░░░░░░  54%  Streaming frame 2573/4803
  █████████████░░░░░░░░░░░░  54%  Streaming frame 2574/4803
  █████████████░░░░░░░░░░░░  54%  Streaming frame 2575/4803
  █████████████░░░░░░░░░░░░  54%  Streaming frame 2576/4803
  █████████████░░░░░░░░░░░░  55%  Streaming frame 2577/4803
  █████████████░░░░░░░░░░░░  55%  Streaming frame 2578/4803
  █████████████░░░░░░░░░░░░  55%  Streaming frame 2579/4803
  █████████████░░░░░░░░░░░░  55%  Streaming frame 2580/4803
  █████████████░░░░░░░░░░░░  55%  Streaming frame 2581/4803
  █████████████░░░░░░░░░░░░  55%  Streaming frame 2582/4803
  █████████████░░░░░░░░░░░░  55%  Streaming frame 2583/4803
  █████████████░░░░░░░░░░░░  55%  Streaming frame 2584/4803
  █████████████░░░░░░░░░░░░  55%  Streaming frame 2585/4803
  █████████████░░░░░░░░░░░░  55%  Streaming frame 2586/4803
  █████████████░░░░░░░░░░░░  55%  Streaming frame 2587/4803
  █████████████░░░░░░░░░░░░  55%  Streaming frame 2588/4803
  █████████████░░░░░░░░░░░░  55%  Streaming frame 2589/4803
  █████████████░░░░░░░░░░░░  55%  Streaming frame 2590/4803
  █████████████░░░░░░░░░░░░  55%  Streaming frame 2591/4803
  █████████████░░░░░░░░░░░░  55%  Streaming frame 2592/4803
  █████████████░░░░░░░░░░░░  55%  Streaming frame 2593/4803
  █████████████░░░░░░░░░░░░  55%  Streaming frame 2594/4803
  █████████████░░░░░░░░░░░░  55%  Streaming frame 2595/4803
  █████████████░░░░░░░░░░░░  55%  Streaming frame 2596/4803
  █████████████░░░░░░░░░░░░  55%  Streaming frame 2597/4803
  █████████████░░░░░░░░░░░░  55%  Streaming frame 2598/4803
  █████████████░░░░░░░░░░░░  55%  Streaming frame 2599/4803
  █████████████░░░░░░░░░░░░  55%  Streaming frame 2600/4803
  █████████████░░░░░░░░░░░░  55%  Streaming frame 2601/4803
  █████████████░░░░░░░░░░░░  55%  Streaming frame 2602/4803
  █████████████░░░░░░░░░░░░  55%  Streaming frame 2603/4803
  █████████████░░░░░░░░░░░░  55%  Streaming frame 2604/4803
  █████████████░░░░░░░░░░░░  55%  Streaming frame 2605/4803
  █████████████░░░░░░░░░░░░  55%  Streaming frame 2606/4803
  █████████████░░░░░░░░░░░░  55%  Streaming frame 2607/4803
  █████████████░░░░░░░░░░░░  55%  Streaming frame 2608/4803
  █████████████░░░░░░░░░░░░  55%  Streaming frame 2609/4803
  █████████████░░░░░░░░░░░░  55%  Streaming frame 2610/4803
  █████████████░░░░░░░░░░░░  55%  Streaming frame 2611/4803
  █████████████░░░░░░░░░░░░  55%  Streaming frame 2612/4803
  █████████████░░░░░░░░░░░░  55%  Streaming frame 2613/4803
  █████████████░░░░░░░░░░░░  55%  Streaming frame 2614/4803
  █████████████░░░░░░░░░░░░  55%  Streaming frame 2615/4803
  █████████████░░░░░░░░░░░░  55%  Streaming frame 2616/4803
  █████████████░░░░░░░░░░░░  55%  Streaming frame 2617/4803
  █████████████░░░░░░░░░░░░  55%  Streaming frame 2618/4803
  █████████████░░░░░░░░░░░░  55%  Streaming frame 2619/4803
  █████████████░░░░░░░░░░░░  55%  Streaming frame 2620/4803
  █████████████░░░░░░░░░░░░  55%  Streaming frame 2621/4803
  █████████████░░░░░░░░░░░░  55%  Streaming frame 2622/4803
  █████████████░░░░░░░░░░░░  55%  Streaming frame 2623/4803
  █████████████░░░░░░░░░░░░  55%  Streaming frame 2624/4803
  █████████████░░░░░░░░░░░░  55%  Streaming frame 2625/4803
  █████████████░░░░░░░░░░░░  55%  Streaming frame 2626/4803
  █████████████░░░░░░░░░░░░  55%  Streaming frame 2627/4803
  █████████████░░░░░░░░░░░░  55%  Streaming frame 2628/4803
  █████████████░░░░░░░░░░░░  55%  Streaming frame 2629/4803
  █████████████░░░░░░░░░░░░  55%  Streaming frame 2630/4803
  █████████████░░░░░░░░░░░░  55%  Streaming frame 2631/4803
  █████████████░░░░░░░░░░░░  55%  Streaming frame 2632/4803
  █████████████░░░░░░░░░░░░  55%  Streaming frame 2633/4803
  █████████████░░░░░░░░░░░░  55%  Streaming frame 2634/4803
  █████████████░░░░░░░░░░░░  55%  Streaming frame 2635/4803
  █████████████░░░░░░░░░░░░  55%  Streaming frame 2636/4803
  █████████████░░░░░░░░░░░░  55%  Streaming frame 2637/4803
  █████████████░░░░░░░░░░░░  55%  Streaming frame 2638/4803
  █████████████░░░░░░░░░░░░  55%  Streaming frame 2639/4803
  █████████████░░░░░░░░░░░░  55%  Streaming frame 2640/4803
  █████████████░░░░░░░░░░░░  55%  Streaming frame 2641/4803
  █████████████░░░░░░░░░░░░  55%  Streaming frame 2642/4803
  █████████████░░░░░░░░░░░░  55%  Streaming frame 2643/4803
  █████████████░░░░░░░░░░░░  55%  Streaming frame 2644/4803
  █████████████░░░░░░░░░░░░  55%  Streaming frame 2645/4803
  █████████████░░░░░░░░░░░░  55%  Streaming frame 2646/4803
  █████████████░░░░░░░░░░░░  55%  Streaming frame 2647/4803
  █████████████░░░░░░░░░░░░  55%  Streaming frame 2648/4803
  █████████████░░░░░░░░░░░░  55%  Streaming frame 2649/4803
  █████████████░░░░░░░░░░░░  55%  Streaming frame 2650/4803
  █████████████░░░░░░░░░░░░  55%  Streaming frame 2651/4803
  █████████████░░░░░░░░░░░░  55%  Streaming frame 2652/4803
  █████████████░░░░░░░░░░░░  55%  Streaming frame 2653/4803
  █████████████░░░░░░░░░░░░  55%  Streaming frame 2654/4803
  █████████████░░░░░░░░░░░░  55%  Streaming frame 2655/4803
  █████████████░░░░░░░░░░░░  55%  Streaming frame 2656/4803
  █████████████░░░░░░░░░░░░  55%  Streaming frame 2657/4803
  █████████████░░░░░░░░░░░░  55%  Streaming frame 2658/4803
  █████████████░░░░░░░░░░░░  55%  Streaming frame 2659/4803
  █████████████░░░░░░░░░░░░  55%  Streaming frame 2660/4803
  █████████████░░░░░░░░░░░░  55%  Streaming frame 2661/4803
  █████████████░░░░░░░░░░░░  55%  Streaming frame 2662/4803
  █████████████░░░░░░░░░░░░  55%  Streaming frame 2663/4803
  ██████████████░░░░░░░░░░░  56%  Streaming frame 2664/4803
  ██████████████░░░░░░░░░░░  56%  Streaming frame 2665/4803
  ██████████████░░░░░░░░░░░  56%  Streaming frame 2666/4803
  ██████████████░░░░░░░░░░░  56%  Streaming frame 2667/4803
  ██████████████░░░░░░░░░░░  56%  Streaming frame 2668/4803
  ██████████████░░░░░░░░░░░  56%  Streaming frame 2669/4803
  ██████████████░░░░░░░░░░░  56%  Streaming frame 2670/4803
  ██████████████░░░░░░░░░░░  56%  Streaming frame 2671/4803
  ██████████████░░░░░░░░░░░  56%  Streaming frame 2672/4803
  ██████████████░░░░░░░░░░░  56%  Streaming frame 2673/4803
  ██████████████░░░░░░░░░░░  56%  Streaming frame 2674/4803
  ██████████████░░░░░░░░░░░  56%  Streaming frame 2675/4803
  ██████████████░░░░░░░░░░░  56%  Streaming frame 2676/4803
  ██████████████░░░░░░░░░░░  56%  Streaming frame 2677/4803
  ██████████████░░░░░░░░░░░  56%  Streaming frame 2678/4803
  ██████████████░░░░░░░░░░░  56%  Streaming frame 2679/4803
  ██████████████░░░░░░░░░░░  56%  Streaming frame 2680/4803
  ██████████████░░░░░░░░░░░  56%  Streaming frame 2681/4803
  ██████████████░░░░░░░░░░░  56%  Streaming frame 2682/4803
  ██████████████░░░░░░░░░░░  56%  Streaming frame 2683/4803
  ██████████████░░░░░░░░░░░  56%  Streaming frame 2684/4803
  ██████████████░░░░░░░░░░░  56%  Streaming frame 2685/4803
  ██████████████░░░░░░░░░░░  56%  Streaming frame 2686/4803
  ██████████████░░░░░░░░░░░  56%  Streaming frame 2687/4803
  ██████████████░░░░░░░░░░░  56%  Streaming frame 2688/4803
  ██████████████░░░░░░░░░░░  56%  Streaming frame 2689/4803
  ██████████████░░░░░░░░░░░  56%  Streaming frame 2690/4803
  ██████████████░░░░░░░░░░░  56%  Streaming frame 2691/4803
  ██████████████░░░░░░░░░░░  56%  Streaming frame 2692/4803
  ██████████████░░░░░░░░░░░  56%  Streaming frame 2693/4803
  ██████████████░░░░░░░░░░░  56%  Streaming frame 2694/4803
  ██████████████░░░░░░░░░░░  56%  Streaming frame 2695/4803
  ██████████████░░░░░░░░░░░  56%  Streaming frame 2696/4803
  ██████████████░░░░░░░░░░░  56%  Streaming frame 2697/4803
  ██████████████░░░░░░░░░░░  56%  Streaming frame 2698/4803
  ██████████████░░░░░░░░░░░  56%  Streaming frame 2699/4803
  ██████████████░░░░░░░░░░░  56%  Streaming frame 2700/4803
  ██████████████░░░░░░░░░░░  56%  Streaming frame 2701/4803
  ██████████████░░░░░░░░░░░  56%  Streaming frame 2702/4803
  ██████████████░░░░░░░░░░░  56%  Streaming frame 2703/4803
  ██████████████░░░░░░░░░░░  56%  Streaming frame 2704/4803
  ██████████████░░░░░░░░░░░  56%  Streaming frame 2705/4803
  ██████████████░░░░░░░░░░░  56%  Streaming frame 2706/4803
  ██████████████░░░░░░░░░░░  56%  Streaming frame 2707/4803
  ██████████████░░░░░░░░░░░  56%  Streaming frame 2708/4803
  ██████████████░░░░░░░░░░░  56%  Streaming frame 2709/4803
  ██████████████░░░░░░░░░░░  56%  Streaming frame 2710/4803
  ██████████████░░░░░░░░░░░  56%  Streaming frame 2711/4803
  ██████████████░░░░░░░░░░░  56%  Streaming frame 2712/4803
  ██████████████░░░░░░░░░░░  56%  Streaming frame 2713/4803
  ██████████████░░░░░░░░░░░  56%  Streaming frame 2714/4803
  ██████████████░░░░░░░░░░░  56%  Streaming frame 2715/4803
  ██████████████░░░░░░░░░░░  56%  Streaming frame 2716/4803
  ██████████████░░░░░░░░░░░  56%  Streaming frame 2717/4803
  ██████████████░░░░░░░░░░░  56%  Streaming frame 2718/4803
  ██████████████░░░░░░░░░░░  56%  Streaming frame 2719/4803
  ██████████████░░░░░░░░░░░  56%  Streaming frame 2720/4803
  ██████████████░░░░░░░░░░░  56%  Streaming frame 2721/4803
  ██████████████░░░░░░░░░░░  56%  Streaming frame 2722/4803
  ██████████████░░░░░░░░░░░  56%  Streaming frame 2723/4803
  ██████████████░░░░░░░░░░░  56%  Streaming frame 2724/4803
  ██████████████░░░░░░░░░░░  56%  Streaming frame 2725/4803
  ██████████████░░░░░░░░░░░  56%  Streaming frame 2726/4803
  ██████████████░░░░░░░░░░░  56%  Streaming frame 2727/4803
  ██████████████░░░░░░░░░░░  56%  Streaming frame 2728/4803
  ██████████████░░░░░░░░░░░  56%  Streaming frame 2729/4803
  ██████████████░░░░░░░░░░░  56%  Streaming frame 2730/4803
  ██████████████░░░░░░░░░░░  56%  Streaming frame 2731/4803
  ██████████████░░░░░░░░░░░  56%  Streaming frame 2732/4803
  ██████████████░░░░░░░░░░░  56%  Streaming frame 2733/4803
  ██████████████░░░░░░░░░░░  56%  Streaming frame 2734/4803
  ██████████████░░░░░░░░░░░  56%  Streaming frame 2735/4803
  ██████████████░░░░░░░░░░░  56%  Streaming frame 2736/4803
  ██████████████░░░░░░░░░░░  56%  Streaming frame 2737/4803
  ██████████████░░░░░░░░░░░  56%  Streaming frame 2738/4803
  ██████████████░░░░░░░░░░░  56%  Streaming frame 2739/4803
  ██████████████░░░░░░░░░░░  56%  Streaming frame 2740/4803
  ██████████████░░░░░░░░░░░  56%  Streaming frame 2741/4803
  ██████████████░░░░░░░░░░░  56%  Streaming frame 2742/4803
  ██████████████░░░░░░░░░░░  56%  Streaming frame 2743/4803
  ██████████████░░░░░░░░░░░  56%  Streaming frame 2744/4803
  ██████████████░░░░░░░░░░░  56%  Streaming frame 2745/4803
  ██████████████░░░░░░░░░░░  56%  Streaming frame 2746/4803
  ██████████████░░░░░░░░░░░  56%  Streaming frame 2747/4803
  ██████████████░░░░░░░░░░░  56%  Streaming frame 2748/4803
  ██████████████░░░░░░░░░░░  56%  Streaming frame 2749/4803
  ██████████████░░░░░░░░░░░  56%  Streaming frame 2750/4803
  ██████████████░░░░░░░░░░░  57%  Streaming frame 2751/4803
  ██████████████░░░░░░░░░░░  57%  Streaming frame 2752/4803
  ██████████████░░░░░░░░░░░  57%  Streaming frame 2753/4803
  ██████████████░░░░░░░░░░░  57%  Streaming frame 2754/4803
  ██████████████░░░░░░░░░░░  57%  Streaming frame 2755/4803
  ██████████████░░░░░░░░░░░  57%  Streaming frame 2756/4803
  ██████████████░░░░░░░░░░░  57%  Streaming frame 2757/4803
  ██████████████░░░░░░░░░░░  57%  Streaming frame 2758/4803
  ██████████████░░░░░░░░░░░  57%  Streaming frame 2759/4803
  ██████████████░░░░░░░░░░░  57%  Streaming frame 2760/4803
  ██████████████░░░░░░░░░░░  57%  Streaming frame 2761/4803
  ██████████████░░░░░░░░░░░  57%  Streaming frame 2762/4803
  ██████████████░░░░░░░░░░░  57%  Streaming frame 2763/4803
  ██████████████░░░░░░░░░░░  57%  Streaming frame 2764/4803
  ██████████████░░░░░░░░░░░  57%  Streaming frame 2765/4803
  ██████████████░░░░░░░░░░░  57%  Streaming frame 2766/4803
  ██████████████░░░░░░░░░░░  57%  Streaming frame 2767/4803
  ██████████████░░░░░░░░░░░  57%  Streaming frame 2768/4803
  ██████████████░░░░░░░░░░░  57%  Streaming frame 2769/4803
  ██████████████░░░░░░░░░░░  57%  Streaming frame 2770/4803
  ██████████████░░░░░░░░░░░  57%  Streaming frame 2771/4803
  ██████████████░░░░░░░░░░░  57%  Streaming frame 2772/4803
  ██████████████░░░░░░░░░░░  57%  Streaming frame 2773/4803
  ██████████████░░░░░░░░░░░  57%  Streaming frame 2774/4803
  ██████████████░░░░░░░░░░░  57%  Streaming frame 2775/4803
  ██████████████░░░░░░░░░░░  57%  Streaming frame 2776/4803
  ██████████████░░░░░░░░░░░  57%  Streaming frame 2777/4803
  ██████████████░░░░░░░░░░░  57%  Streaming frame 2778/4803
  ██████████████░░░░░░░░░░░  57%  Streaming frame 2779/4803
  ██████████████░░░░░░░░░░░  57%  Streaming frame 2780/4803
  ██████████████░░░░░░░░░░░  57%  Streaming frame 2781/4803
  ██████████████░░░░░░░░░░░  57%  Streaming frame 2782/4803
  ██████████████░░░░░░░░░░░  57%  Streaming frame 2783/4803
  ██████████████░░░░░░░░░░░  57%  Streaming frame 2784/4803
  ██████████████░░░░░░░░░░░  57%  Streaming frame 2785/4803
  ██████████████░░░░░░░░░░░  57%  Streaming frame 2786/4803
  ██████████████░░░░░░░░░░░  57%  Streaming frame 2787/4803
  ██████████████░░░░░░░░░░░  57%  Streaming frame 2788/4803
  ██████████████░░░░░░░░░░░  57%  Streaming frame 2789/4803
  ██████████████░░░░░░░░░░░  57%  Streaming frame 2790/4803
  ██████████████░░░░░░░░░░░  57%  Streaming frame 2791/4803
  ██████████████░░░░░░░░░░░  57%  Streaming frame 2792/4803
  ██████████████░░░░░░░░░░░  57%  Streaming frame 2793/4803
  ██████████████░░░░░░░░░░░  57%  Streaming frame 2794/4803
  ██████████████░░░░░░░░░░░  57%  Streaming frame 2795/4803
  ██████████████░░░░░░░░░░░  57%  Streaming frame 2796/4803
  ██████████████░░░░░░░░░░░  57%  Streaming frame 2797/4803
  ██████████████░░░░░░░░░░░  57%  Streaming frame 2798/4803
  ██████████████░░░░░░░░░░░  57%  Streaming frame 2799/4803
  ██████████████░░░░░░░░░░░  57%  Streaming frame 2800/4803
  ██████████████░░░░░░░░░░░  57%  Streaming frame 2801/4803
  ██████████████░░░░░░░░░░░  57%  Streaming frame 2802/4803
  ██████████████░░░░░░░░░░░  57%  Streaming frame 2803/4803
  ██████████████░░░░░░░░░░░  57%  Streaming frame 2804/4803
  ██████████████░░░░░░░░░░░  57%  Streaming frame 2805/4803
  ██████████████░░░░░░░░░░░  57%  Streaming frame 2806/4803
  ██████████████░░░░░░░░░░░  57%  Streaming frame 2807/4803
  ██████████████░░░░░░░░░░░  57%  Streaming frame 2808/4803
  ██████████████░░░░░░░░░░░  57%  Streaming frame 2809/4803
  ██████████████░░░░░░░░░░░  57%  Streaming frame 2810/4803
  ██████████████░░░░░░░░░░░  57%  Streaming frame 2811/4803
  ██████████████░░░░░░░░░░░  57%  Streaming frame 2812/4803
  ██████████████░░░░░░░░░░░  57%  Streaming frame 2813/4803
  ██████████████░░░░░░░░░░░  57%  Streaming frame 2814/4803
  ██████████████░░░░░░░░░░░  57%  Streaming frame 2815/4803
  ██████████████░░░░░░░░░░░  57%  Streaming frame 2816/4803
  ██████████████░░░░░░░░░░░  57%  Streaming frame 2817/4803
  ██████████████░░░░░░░░░░░  57%  Streaming frame 2818/4803
  ██████████████░░░░░░░░░░░  57%  Streaming frame 2819/4803
  ██████████████░░░░░░░░░░░  57%  Streaming frame 2820/4803
  ██████████████░░░░░░░░░░░  57%  Streaming frame 2821/4803
  ██████████████░░░░░░░░░░░  57%  Streaming frame 2822/4803
  ██████████████░░░░░░░░░░░  57%  Streaming frame 2823/4803
  ██████████████░░░░░░░░░░░  57%  Streaming frame 2824/4803
  ██████████████░░░░░░░░░░░  57%  Streaming frame 2825/4803
  ██████████████░░░░░░░░░░░  57%  Streaming frame 2826/4803
  ██████████████░░░░░░░░░░░  57%  Streaming frame 2827/4803
  ██████████████░░░░░░░░░░░  57%  Streaming frame 2828/4803
  ██████████████░░░░░░░░░░░  57%  Streaming frame 2829/4803
  ██████████████░░░░░░░░░░░  57%  Streaming frame 2830/4803
  ██████████████░░░░░░░░░░░  57%  Streaming frame 2831/4803
  ██████████████░░░░░░░░░░░  57%  Streaming frame 2832/4803
  ██████████████░░░░░░░░░░░  57%  Streaming frame 2833/4803
  ██████████████░░░░░░░░░░░  57%  Streaming frame 2834/4803
  ██████████████░░░░░░░░░░░  57%  Streaming frame 2835/4803
  ██████████████░░░░░░░░░░░  57%  Streaming frame 2836/4803
  ██████████████░░░░░░░░░░░  57%  Streaming frame 2837/4803
  ██████████████░░░░░░░░░░░  57%  Streaming frame 2838/4803
  ██████████████░░░░░░░░░░░  58%  Streaming frame 2839/4803
  ██████████████░░░░░░░░░░░  58%  Streaming frame 2840/4803
  ██████████████░░░░░░░░░░░  58%  Streaming frame 2841/4803
  ██████████████░░░░░░░░░░░  58%  Streaming frame 2842/4803
  ██████████████░░░░░░░░░░░  58%  Streaming frame 2843/4803
  ██████████████░░░░░░░░░░░  58%  Streaming frame 2844/4803
  ██████████████░░░░░░░░░░░  58%  Streaming frame 2845/4803
  ██████████████░░░░░░░░░░░  58%  Streaming frame 2846/4803
  ██████████████░░░░░░░░░░░  58%  Streaming frame 2847/4803
  ██████████████░░░░░░░░░░░  58%  Streaming frame 2848/4803
  ██████████████░░░░░░░░░░░  58%  Streaming frame 2849/4803
  ██████████████░░░░░░░░░░░  58%  Streaming frame 2850/4803
  ██████████████░░░░░░░░░░░  58%  Streaming frame 2851/4803
  ██████████████░░░░░░░░░░░  58%  Streaming frame 2852/4803
  ██████████████░░░░░░░░░░░  58%  Streaming frame 2853/4803
  ██████████████░░░░░░░░░░░  58%  Streaming frame 2854/4803
  ██████████████░░░░░░░░░░░  58%  Streaming frame 2855/4803
  ██████████████░░░░░░░░░░░  58%  Streaming frame 2856/4803
  ██████████████░░░░░░░░░░░  58%  Streaming frame 2857/4803
  ██████████████░░░░░░░░░░░  58%  Streaming frame 2858/4803
  ██████████████░░░░░░░░░░░  58%  Streaming frame 2859/4803
  ██████████████░░░░░░░░░░░  58%  Streaming frame 2860/4803
  ██████████████░░░░░░░░░░░  58%  Streaming frame 2861/4803
  ██████████████░░░░░░░░░░░  58%  Streaming frame 2862/4803
  ██████████████░░░░░░░░░░░  58%  Streaming frame 2863/4803
  ██████████████░░░░░░░░░░░  58%  Streaming frame 2864/4803
  ██████████████░░░░░░░░░░░  58%  Streaming frame 2865/4803
  ██████████████░░░░░░░░░░░  58%  Streaming frame 2866/4803
  ██████████████░░░░░░░░░░░  58%  Streaming frame 2867/4803
  ██████████████░░░░░░░░░░░  58%  Streaming frame 2868/4803
  ██████████████░░░░░░░░░░░  58%  Streaming frame 2869/4803
  ██████████████░░░░░░░░░░░  58%  Streaming frame 2870/4803
  ██████████████░░░░░░░░░░░  58%  Streaming frame 2871/4803
  ██████████████░░░░░░░░░░░  58%  Streaming frame 2872/4803
  ██████████████░░░░░░░░░░░  58%  Streaming frame 2873/4803
  ██████████████░░░░░░░░░░░  58%  Streaming frame 2874/4803
  ██████████████░░░░░░░░░░░  58%  Streaming frame 2875/4803
  ██████████████░░░░░░░░░░░  58%  Streaming frame 2876/4803
  ██████████████░░░░░░░░░░░  58%  Streaming frame 2877/4803
  ██████████████░░░░░░░░░░░  58%  Streaming frame 2878/4803
  ██████████████░░░░░░░░░░░  58%  Streaming frame 2879/4803
  ██████████████░░░░░░░░░░░  58%  Streaming frame 2880/4803
  ██████████████░░░░░░░░░░░  58%  Streaming frame 2881/4803
  ██████████████░░░░░░░░░░░  58%  Streaming frame 2882/4803
  ██████████████░░░░░░░░░░░  58%  Streaming frame 2883/4803
  ██████████████░░░░░░░░░░░  58%  Streaming frame 2884/4803
  ██████████████░░░░░░░░░░░  58%  Streaming frame 2885/4803
  ██████████████░░░░░░░░░░░  58%  Streaming frame 2886/4803
  ██████████████░░░░░░░░░░░  58%  Streaming frame 2887/4803
  ██████████████░░░░░░░░░░░  58%  Streaming frame 2888/4803
  ██████████████░░░░░░░░░░░  58%  Streaming frame 2889/4803
  ██████████████░░░░░░░░░░░  58%  Streaming frame 2890/4803
  ██████████████░░░░░░░░░░░  58%  Streaming frame 2891/4803
  ██████████████░░░░░░░░░░░  58%  Streaming frame 2892/4803
  ██████████████░░░░░░░░░░░  58%  Streaming frame 2893/4803
  ██████████████░░░░░░░░░░░  58%  Streaming frame 2894/4803
  ██████████████░░░░░░░░░░░  58%  Streaming frame 2895/4803
  ██████████████░░░░░░░░░░░  58%  Streaming frame 2896/4803
  ██████████████░░░░░░░░░░░  58%  Streaming frame 2897/4803
  ██████████████░░░░░░░░░░░  58%  Streaming frame 2898/4803
  ██████████████░░░░░░░░░░░  58%  Streaming frame 2899/4803
  ██████████████░░░░░░░░░░░  58%  Streaming frame 2900/4803
  ██████████████░░░░░░░░░░░  58%  Streaming frame 2901/4803
  ██████████████░░░░░░░░░░░  58%  Streaming frame 2902/4803
  ██████████████░░░░░░░░░░░  58%  Streaming frame 2903/4803
  ██████████████░░░░░░░░░░░  58%  Streaming frame 2904/4803
  ██████████████░░░░░░░░░░░  58%  Streaming frame 2905/4803
  ██████████████░░░░░░░░░░░  58%  Streaming frame 2906/4803
  ██████████████░░░░░░░░░░░  58%  Streaming frame 2907/4803
  ██████████████░░░░░░░░░░░  58%  Streaming frame 2908/4803
  ██████████████░░░░░░░░░░░  58%  Streaming frame 2909/4803
  ██████████████░░░░░░░░░░░  58%  Streaming frame 2910/4803
  ██████████████░░░░░░░░░░░  58%  Streaming frame 2911/4803
  ██████████████░░░░░░░░░░░  58%  Streaming frame 2912/4803
  ██████████████░░░░░░░░░░░  58%  Streaming frame 2913/4803
  ██████████████░░░░░░░░░░░  58%  Streaming frame 2914/4803
  ██████████████░░░░░░░░░░░  58%  Streaming frame 2915/4803
  ██████████████░░░░░░░░░░░  58%  Streaming frame 2916/4803
  ██████████████░░░░░░░░░░░  58%  Streaming frame 2917/4803
  ██████████████░░░░░░░░░░░  58%  Streaming frame 2918/4803
  ██████████████░░░░░░░░░░░  58%  Streaming frame 2919/4803
  ██████████████░░░░░░░░░░░  58%  Streaming frame 2920/4803
  ██████████████░░░░░░░░░░░  58%  Streaming frame 2921/4803
  ██████████████░░░░░░░░░░░  58%  Streaming frame 2922/4803
  ██████████████░░░░░░░░░░░  58%  Streaming frame 2923/4803
  ██████████████░░░░░░░░░░░  58%  Streaming frame 2924/4803
  ██████████████░░░░░░░░░░░  58%  Streaming frame 2925/4803
  ██████████████░░░░░░░░░░░  59%  Streaming frame 2926/4803
  ██████████████░░░░░░░░░░░  59%  Streaming frame 2927/4803
  ██████████████░░░░░░░░░░░  59%  Streaming frame 2928/4803
  ██████████████░░░░░░░░░░░  59%  Streaming frame 2929/4803
  ██████████████░░░░░░░░░░░  59%  Streaming frame 2930/4803
  ██████████████░░░░░░░░░░░  59%  Streaming frame 2931/4803
  ██████████████░░░░░░░░░░░  59%  Streaming frame 2932/4803
  ██████████████░░░░░░░░░░░  59%  Streaming frame 2933/4803
  ██████████████░░░░░░░░░░░  59%  Streaming frame 2934/4803
  ██████████████░░░░░░░░░░░  59%  Streaming frame 2935/4803
  ██████████████░░░░░░░░░░░  59%  Streaming frame 2936/4803
  ██████████████░░░░░░░░░░░  59%  Streaming frame 2937/4803
  ██████████████░░░░░░░░░░░  59%  Streaming frame 2938/4803
  ██████████████░░░░░░░░░░░  59%  Streaming frame 2939/4803
  ██████████████░░░░░░░░░░░  59%  Streaming frame 2940/4803
  ██████████████░░░░░░░░░░░  59%  Streaming frame 2941/4803
  ██████████████░░░░░░░░░░░  59%  Streaming frame 2942/4803
  ██████████████░░░░░░░░░░░  59%  Streaming frame 2943/4803
  ██████████████░░░░░░░░░░░  59%  Streaming frame 2944/4803
  ██████████████░░░░░░░░░░░  59%  Streaming frame 2945/4803
  ██████████████░░░░░░░░░░░  59%  Streaming frame 2946/4803
  ██████████████░░░░░░░░░░░  59%  Streaming frame 2947/4803
  ██████████████░░░░░░░░░░░  59%  Streaming frame 2948/4803
  ██████████████░░░░░░░░░░░  59%  Streaming frame 2949/4803
  ██████████████░░░░░░░░░░░  59%  Streaming frame 2950/4803
  ██████████████░░░░░░░░░░░  59%  Streaming frame 2951/4803
  ██████████████░░░░░░░░░░░  59%  Streaming frame 2952/4803
  ██████████████░░░░░░░░░░░  59%  Streaming frame 2953/4803
  ██████████████░░░░░░░░░░░  59%  Streaming frame 2954/4803
  ██████████████░░░░░░░░░░░  59%  Streaming frame 2955/4803
  ██████████████░░░░░░░░░░░  59%  Streaming frame 2956/4803
  ██████████████░░░░░░░░░░░  59%  Streaming frame 2957/4803
  ██████████████░░░░░░░░░░░  59%  Streaming frame 2958/4803
  ██████████████░░░░░░░░░░░  59%  Streaming frame 2959/4803
  ██████████████░░░░░░░░░░░  59%  Streaming frame 2960/4803
  ██████████████░░░░░░░░░░░  59%  Streaming frame 2961/4803
  ██████████████░░░░░░░░░░░  59%  Streaming frame 2962/4803
  ██████████████░░░░░░░░░░░  59%  Streaming frame 2963/4803
  ██████████████░░░░░░░░░░░  59%  Streaming frame 2964/4803
  ██████████████░░░░░░░░░░░  59%  Streaming frame 2965/4803
  ██████████████░░░░░░░░░░░  59%  Streaming frame 2966/4803
  ██████████████░░░░░░░░░░░  59%  Streaming frame 2967/4803
  ██████████████░░░░░░░░░░░  59%  Streaming frame 2968/4803
  ██████████████░░░░░░░░░░░  59%  Streaming frame 2969/4803
  ██████████████░░░░░░░░░░░  59%  Streaming frame 2970/4803
  ██████████████░░░░░░░░░░░  59%  Streaming frame 2971/4803
  ██████████████░░░░░░░░░░░  59%  Streaming frame 2972/4803
  ██████████████░░░░░░░░░░░  59%  Streaming frame 2973/4803
  ██████████████░░░░░░░░░░░  59%  Streaming frame 2974/4803
  ██████████████░░░░░░░░░░░  59%  Streaming frame 2975/4803
  ██████████████░░░░░░░░░░░  59%  Streaming frame 2976/4803
  ██████████████░░░░░░░░░░░  59%  Streaming frame 2977/4803
  ██████████████░░░░░░░░░░░  59%  Streaming frame 2978/4803
  ██████████████░░░░░░░░░░░  59%  Streaming frame 2979/4803
  ██████████████░░░░░░░░░░░  59%  Streaming frame 2980/4803
  ██████████████░░░░░░░░░░░  59%  Streaming frame 2981/4803
  ██████████████░░░░░░░░░░░  59%  Streaming frame 2982/4803
  ██████████████░░░░░░░░░░░  59%  Streaming frame 2983/4803
  ██████████████░░░░░░░░░░░  59%  Streaming frame 2984/4803
  ██████████████░░░░░░░░░░░  59%  Streaming frame 2985/4803
  ██████████████░░░░░░░░░░░  59%  Streaming frame 2986/4803
  ██████████████░░░░░░░░░░░  59%  Streaming frame 2987/4803
  ██████████████░░░░░░░░░░░  59%  Streaming frame 2988/4803
  ██████████████░░░░░░░░░░░  59%  Streaming frame 2989/4803
  ██████████████░░░░░░░░░░░  59%  Streaming frame 2990/4803
  ██████████████░░░░░░░░░░░  59%  Streaming frame 2991/4803
  ██████████████░░░░░░░░░░░  59%  Streaming frame 2992/4803
  ██████████████░░░░░░░░░░░  59%  Streaming frame 2993/4803
  ██████████████░░░░░░░░░░░  59%  Streaming frame 2994/4803
  ██████████████░░░░░░░░░░░  59%  Streaming frame 2995/4803
  ██████████████░░░░░░░░░░░  59%  Streaming frame 2996/4803
  ██████████████░░░░░░░░░░░  59%  Streaming frame 2997/4803
  ██████████████░░░░░░░░░░░  59%  Streaming frame 2998/4803
  ██████████████░░░░░░░░░░░  59%  Streaming frame 2999/4803
  ██████████████░░░░░░░░░░░  59%  Streaming frame 3000/4803
  ██████████████░░░░░░░░░░░  59%  Streaming frame 3001/4803
  ██████████████░░░░░░░░░░░  59%  Streaming frame 3002/4803
  ██████████████░░░░░░░░░░░  59%  Streaming frame 3003/4803
  ██████████████░░░░░░░░░░░  59%  Streaming frame 3004/4803
  ██████████████░░░░░░░░░░░  59%  Streaming frame 3005/4803
  ██████████████░░░░░░░░░░░  59%  Streaming frame 3006/4803
  ██████████████░░░░░░░░░░░  59%  Streaming frame 3007/4803
  ██████████████░░░░░░░░░░░  59%  Streaming frame 3008/4803
  ██████████████░░░░░░░░░░░  59%  Streaming frame 3009/4803
  ██████████████░░░░░░░░░░░  59%  Streaming frame 3010/4803
  ██████████████░░░░░░░░░░░  59%  Streaming frame 3011/4803
  ██████████████░░░░░░░░░░░  59%  Streaming frame 3012/4803
  ███████████████░░░░░░░░░░  60%  Streaming frame 3013/4803
  ███████████████░░░░░░░░░░  60%  Streaming frame 3014/4803
  ███████████████░░░░░░░░░░  60%  Streaming frame 3015/4803
  ███████████████░░░░░░░░░░  60%  Streaming frame 3016/4803
  ███████████████░░░░░░░░░░  60%  Streaming frame 3017/4803
  ███████████████░░░░░░░░░░  60%  Streaming frame 3018/4803
  ███████████████░░░░░░░░░░  60%  Streaming frame 3019/4803
  ███████████████░░░░░░░░░░  60%  Streaming frame 3020/4803
  ███████████████░░░░░░░░░░  60%  Streaming frame 3021/4803
  ███████████████░░░░░░░░░░  60%  Streaming frame 3022/4803
  ███████████████░░░░░░░░░░  60%  Streaming frame 3023/4803
  ███████████████░░░░░░░░░░  60%  Streaming frame 3024/4803
  ███████████████░░░░░░░░░░  60%  Streaming frame 3025/4803
  ███████████████░░░░░░░░░░  60%  Streaming frame 3026/4803
  ███████████████░░░░░░░░░░  60%  Streaming frame 3027/4803
  ███████████████░░░░░░░░░░  60%  Streaming frame 3028/4803
  ███████████████░░░░░░░░░░  60%  Streaming frame 3029/4803
  ███████████████░░░░░░░░░░  60%  Streaming frame 3030/4803
  ███████████████░░░░░░░░░░  60%  Streaming frame 3031/4803
  ███████████████░░░░░░░░░░  60%  Streaming frame 3032/4803
  ███████████████░░░░░░░░░░  60%  Streaming frame 3033/4803
  ███████████████░░░░░░░░░░  60%  Streaming frame 3034/4803
  ███████████████░░░░░░░░░░  60%  Streaming frame 3035/4803
  ███████████████░░░░░░░░░░  60%  Streaming frame 3036/4803
  ███████████████░░░░░░░░░░  60%  Streaming frame 3037/4803
  ███████████████░░░░░░░░░░  60%  Streaming frame 3038/4803
  ███████████████░░░░░░░░░░  60%  Streaming frame 3039/4803
  ███████████████░░░░░░░░░░  60%  Streaming frame 3040/4803
  ███████████████░░░░░░░░░░  60%  Streaming frame 3041/4803
  ███████████████░░░░░░░░░░  60%  Streaming frame 3042/4803
  ███████████████░░░░░░░░░░  60%  Streaming frame 3043/4803
  ███████████████░░░░░░░░░░  60%  Streaming frame 3044/4803
  ███████████████░░░░░░░░░░  60%  Streaming frame 3045/4803
  ███████████████░░░░░░░░░░  60%  Streaming frame 3046/4803
  ███████████████░░░░░░░░░░  60%  Streaming frame 3047/4803
  ███████████████░░░░░░░░░░  60%  Streaming frame 3048/4803
  ███████████████░░░░░░░░░░  60%  Streaming frame 3049/4803
  ███████████████░░░░░░░░░░  60%  Streaming frame 3050/4803
  ███████████████░░░░░░░░░░  60%  Streaming frame 3051/4803
  ███████████████░░░░░░░░░░  60%  Streaming frame 3052/4803
  ███████████████░░░░░░░░░░  60%  Streaming frame 3053/4803
  ███████████████░░░░░░░░░░  60%  Streaming frame 3054/4803
  ███████████████░░░░░░░░░░  60%  Streaming frame 3055/4803
  ███████████████░░░░░░░░░░  60%  Streaming frame 3056/4803
  ███████████████░░░░░░░░░░  60%  Streaming frame 3057/4803
  ███████████████░░░░░░░░░░  60%  Streaming frame 3058/4803
  ███████████████░░░░░░░░░░  60%  Streaming frame 3059/4803
  ███████████████░░░░░░░░░░  60%  Streaming frame 3060/4803
  ███████████████░░░░░░░░░░  60%  Streaming frame 3061/4803
  ███████████████░░░░░░░░░░  60%  Streaming frame 3062/4803
  ███████████████░░░░░░░░░░  60%  Streaming frame 3063/4803
  ███████████████░░░░░░░░░░  60%  Streaming frame 3064/4803
  ███████████████░░░░░░░░░░  60%  Streaming frame 3065/4803
  ███████████████░░░░░░░░░░  60%  Streaming frame 3066/4803
  ███████████████░░░░░░░░░░  60%  Streaming frame 3067/4803
  ███████████████░░░░░░░░░░  60%  Streaming frame 3068/4803
  ███████████████░░░░░░░░░░  60%  Streaming frame 3069/4803
  ███████████████░░░░░░░░░░  60%  Streaming frame 3070/4803
  ███████████████░░░░░░░░░░  60%  Streaming frame 3071/4803
  ███████████████░░░░░░░░░░  60%  Streaming frame 3072/4803
  ███████████████░░░░░░░░░░  60%  Streaming frame 3073/4803
  ███████████████░░░░░░░░░░  60%  Streaming frame 3074/4803
  ███████████████░░░░░░░░░░  60%  Streaming frame 3075/4803
  ███████████████░░░░░░░░░░  60%  Streaming frame 3076/4803
  ███████████████░░░░░░░░░░  60%  Streaming frame 3077/4803
  ███████████████░░░░░░░░░░  60%  Streaming frame 3078/4803
  ███████████████░░░░░░░░░░  60%  Streaming frame 3079/4803
  ███████████████░░░░░░░░░░  60%  Streaming frame 3080/4803
  ███████████████░░░░░░░░░░  60%  Streaming frame 3081/4803
  ███████████████░░░░░░░░░░  60%  Streaming frame 3082/4803
  ███████████████░░░░░░░░░░  60%  Streaming frame 3083/4803
  ███████████████░░░░░░░░░░  60%  Streaming frame 3084/4803
  ███████████████░░░░░░░░░░  60%  Streaming frame 3085/4803
  ███████████████░░░░░░░░░░  60%  Streaming frame 3086/4803
  ███████████████░░░░░░░░░░  60%  Streaming frame 3087/4803
  ███████████████░░░░░░░░░░  60%  Streaming frame 3088/4803
  ███████████████░░░░░░░░░░  60%  Streaming frame 3089/4803
  ███████████████░░░░░░░░░░  60%  Streaming frame 3090/4803
  ███████████████░░░░░░░░░░  60%  Streaming frame 3091/4803
  ███████████████░░░░░░░░░░  60%  Streaming frame 3092/4803
  ███████████████░░░░░░░░░░  60%  Streaming frame 3093/4803
  ███████████████░░░░░░░░░░  60%  Streaming frame 3094/4803
  ███████████████░░░░░░░░░░  60%  Streaming frame 3095/4803
  ███████████████░░░░░░░░░░  60%  Streaming frame 3096/4803
  ███████████████░░░░░░░░░░  60%  Streaming frame 3097/4803
  ███████████████░░░░░░░░░░  60%  Streaming frame 3098/4803
  ███████████████░░░░░░░░░░  60%  Streaming frame 3099/4803
  ███████████████░░░░░░░░░░  60%  Streaming frame 3100/4803
  ███████████████░░░░░░░░░░  61%  Streaming frame 3101/4803
  ███████████████░░░░░░░░░░  61%  Streaming frame 3102/4803
  ███████████████░░░░░░░░░░  61%  Streaming frame 3103/4803
  ███████████████░░░░░░░░░░  61%  Streaming frame 3104/4803
  ███████████████░░░░░░░░░░  61%  Streaming frame 3105/4803
  ███████████████░░░░░░░░░░  61%  Streaming frame 3106/4803
  ███████████████░░░░░░░░░░  61%  Streaming frame 3107/4803
  ███████████████░░░░░░░░░░  61%  Streaming frame 3108/4803
  ███████████████░░░░░░░░░░  61%  Streaming frame 3109/4803
  ███████████████░░░░░░░░░░  61%  Streaming frame 3110/4803
  ███████████████░░░░░░░░░░  61%  Streaming frame 3111/4803
  ███████████████░░░░░░░░░░  61%  Streaming frame 3112/4803
  ███████████████░░░░░░░░░░  61%  Streaming frame 3113/4803
  ███████████████░░░░░░░░░░  61%  Streaming frame 3114/4803
  ███████████████░░░░░░░░░░  61%  Streaming frame 3115/4803
  ███████████████░░░░░░░░░░  61%  Streaming frame 3116/4803
  ███████████████░░░░░░░░░░  61%  Streaming frame 3117/4803
  ███████████████░░░░░░░░░░  61%  Streaming frame 3118/4803
[INFO] [Render:trace] {"renderJobId":"f0260c89-7ee7-4245-9228-b77333d3425b","phase":"capture_streaming","status":"checkpoint","elapsedMs":69027,"message":"stage still running","stagePhase":"capturing","workerCount":1,"forceScreenshot":false,"totalFrames":4803,"framesCompleted":3118,"captureMode":"drawelement","captureOperation":"drawElement","heartbeatIndex":2,"stageElapsedMs":60000}
  ███████████████░░░░░░░░░░  61%  Streaming frame 3119/4803
  ███████████████░░░░░░░░░░  61%  Streaming frame 3120/4803
  ███████████████░░░░░░░░░░  61%  Streaming frame 3121/4803
  ███████████████░░░░░░░░░░  61%  Streaming frame 3122/4803
  ███████████████░░░░░░░░░░  61%  Streaming frame 3123/4803
  ███████████████░░░░░░░░░░  61%  Streaming frame 3124/4803
  ███████████████░░░░░░░░░░  61%  Streaming frame 3125/4803
  ███████████████░░░░░░░░░░  61%  Streaming frame 3126/4803
  ███████████████░░░░░░░░░░  61%  Streaming frame 3127/4803
  ███████████████░░░░░░░░░░  61%  Streaming frame 3128/4803
  ███████████████░░░░░░░░░░  61%  Streaming frame 3129/4803
  ███████████████░░░░░░░░░░  61%  Streaming frame 3130/4803
  ███████████████░░░░░░░░░░  61%  Streaming frame 3131/4803
  ███████████████░░░░░░░░░░  61%  Streaming frame 3132/4803
  ███████████████░░░░░░░░░░  61%  Streaming frame 3133/4803
  ███████████████░░░░░░░░░░  61%  Streaming frame 3134/4803
  ███████████████░░░░░░░░░░  61%  Streaming frame 3135/4803
  ███████████████░░░░░░░░░░  61%  Streaming frame 3136/4803
  ███████████████░░░░░░░░░░  61%  Streaming frame 3137/4803
  ███████████████░░░░░░░░░░  61%  Streaming frame 3138/4803
  ███████████████░░░░░░░░░░  61%  Streaming frame 3139/4803
  ███████████████░░░░░░░░░░  61%  Streaming frame 3140/4803
  ███████████████░░░░░░░░░░  61%  Streaming frame 3141/4803
  ███████████████░░░░░░░░░░  61%  Streaming frame 3142/4803
  ███████████████░░░░░░░░░░  61%  Streaming frame 3143/4803
  ███████████████░░░░░░░░░░  61%  Streaming frame 3144/4803
  ███████████████░░░░░░░░░░  61%  Streaming frame 3145/4803
  ███████████████░░░░░░░░░░  61%  Streaming frame 3146/4803
  ███████████████░░░░░░░░░░  61%  Streaming frame 3147/4803
  ███████████████░░░░░░░░░░  61%  Streaming frame 3148/4803
  ███████████████░░░░░░░░░░  61%  Streaming frame 3149/4803
  ███████████████░░░░░░░░░░  61%  Streaming frame 3150/4803
  ███████████████░░░░░░░░░░  61%  Streaming frame 3151/4803
  ███████████████░░░░░░░░░░  61%  Streaming frame 3152/4803
  ███████████████░░░░░░░░░░  61%  Streaming frame 3153/4803
  ███████████████░░░░░░░░░░  61%  Streaming frame 3154/4803
  ███████████████░░░░░░░░░░  61%  Streaming frame 3155/4803
  ███████████████░░░░░░░░░░  61%  Streaming frame 3156/4803
  ███████████████░░░░░░░░░░  61%  Streaming frame 3157/4803
  ███████████████░░░░░░░░░░  61%  Streaming frame 3158/4803
  ███████████████░░░░░░░░░░  61%  Streaming frame 3159/4803
  ███████████████░░░░░░░░░░  61%  Streaming frame 3160/4803
  ███████████████░░░░░░░░░░  61%  Streaming frame 3161/4803
  ███████████████░░░░░░░░░░  61%  Streaming frame 3162/4803
  ███████████████░░░░░░░░░░  61%  Streaming frame 3163/4803
  ███████████████░░░░░░░░░░  61%  Streaming frame 3164/4803
  ███████████████░░░░░░░░░░  61%  Streaming frame 3165/4803
  ███████████████░░░░░░░░░░  61%  Streaming frame 3166/4803
  ███████████████░░░░░░░░░░  61%  Streaming frame 3167/4803
  ███████████████░░░░░░░░░░  61%  Streaming frame 3168/4803
  ███████████████░░░░░░░░░░  61%  Streaming frame 3169/4803
  ███████████████░░░░░░░░░░  61%  Streaming frame 3170/4803
  ███████████████░░░░░░░░░░  61%  Streaming frame 3171/4803
  ███████████████░░░░░░░░░░  61%  Streaming frame 3172/4803
  ███████████████░░░░░░░░░░  61%  Streaming frame 3173/4803
  ███████████████░░░░░░░░░░  61%  Streaming frame 3174/4803
  ███████████████░░░░░░░░░░  61%  Streaming frame 3175/4803
  ███████████████░░░░░░░░░░  61%  Streaming frame 3176/4803
  ███████████████░░░░░░░░░░  61%  Streaming frame 3177/4803
  ███████████████░░░░░░░░░░  61%  Streaming frame 3178/4803
  ███████████████░░░░░░░░░░  61%  Streaming frame 3179/4803
  ███████████████░░░░░░░░░░  61%  Streaming frame 3180/4803
  ███████████████░░░░░░░░░░  61%  Streaming frame 3181/4803
  ███████████████░░░░░░░░░░  61%  Streaming frame 3182/4803
  ███████████████░░░░░░░░░░  61%  Streaming frame 3183/4803
  ███████████████░░░░░░░░░░  61%  Streaming frame 3184/4803
  ███████████████░░░░░░░░░░  61%  Streaming frame 3185/4803
  ███████████████░░░░░░░░░░  61%  Streaming frame 3186/4803
  ███████████████░░░░░░░░░░  61%  Streaming frame 3187/4803
  ███████████████░░░░░░░░░░  62%  Streaming frame 3188/4803
  ███████████████░░░░░░░░░░  62%  Streaming frame 3189/4803
  ███████████████░░░░░░░░░░  62%  Streaming frame 3190/4803
  ███████████████░░░░░░░░░░  62%  Streaming frame 3191/4803
  ███████████████░░░░░░░░░░  62%  Streaming frame 3192/4803
  ███████████████░░░░░░░░░░  62%  Streaming frame 3193/4803
  ███████████████░░░░░░░░░░  62%  Streaming frame 3194/4803
  ███████████████░░░░░░░░░░  62%  Streaming frame 3195/4803
  ███████████████░░░░░░░░░░  62%  Streaming frame 3196/4803
  ███████████████░░░░░░░░░░  62%  Streaming frame 3197/4803
  ███████████████░░░░░░░░░░  62%  Streaming frame 3198/4803
  ███████████████░░░░░░░░░░  62%  Streaming frame 3199/4803
  ███████████████░░░░░░░░░░  62%  Streaming frame 3200/4803
  ███████████████░░░░░░░░░░  62%  Streaming frame 3201/4803
  ███████████████░░░░░░░░░░  62%  Streaming frame 3202/4803
  ███████████████░░░░░░░░░░  62%  Streaming frame 3203/4803
  ███████████████░░░░░░░░░░  62%  Streaming frame 3204/4803
  ███████████████░░░░░░░░░░  62%  Streaming frame 3205/4803
  ███████████████░░░░░░░░░░  62%  Streaming frame 3206/4803
  ███████████████░░░░░░░░░░  62%  Streaming frame 3207/4803
  ███████████████░░░░░░░░░░  62%  Streaming frame 3208/4803
  ███████████████░░░░░░░░░░  62%  Streaming frame 3209/4803
  ███████████████░░░░░░░░░░  62%  Streaming frame 3210/4803
  ███████████████░░░░░░░░░░  62%  Streaming frame 3211/4803
  ███████████████░░░░░░░░░░  62%  Streaming frame 3212/4803
  ███████████████░░░░░░░░░░  62%  Streaming frame 3213/4803
  ███████████████░░░░░░░░░░  62%  Streaming frame 3214/4803
  ███████████████░░░░░░░░░░  62%  Streaming frame 3215/4803
  ███████████████░░░░░░░░░░  62%  Streaming frame 3216/4803
  ███████████████░░░░░░░░░░  62%  Streaming frame 3217/4803
  ███████████████░░░░░░░░░░  62%  Streaming frame 3218/4803
  ███████████████░░░░░░░░░░  62%  Streaming frame 3219/4803
  ███████████████░░░░░░░░░░  62%  Streaming frame 3220/4803
  ███████████████░░░░░░░░░░  62%  Streaming frame 3221/4803
  ███████████████░░░░░░░░░░  62%  Streaming frame 3222/4803
  ███████████████░░░░░░░░░░  62%  Streaming frame 3223/4803
  ███████████████░░░░░░░░░░  62%  Streaming frame 3224/4803
  ███████████████░░░░░░░░░░  62%  Streaming frame 3225/4803
  ███████████████░░░░░░░░░░  62%  Streaming frame 3226/4803
  ███████████████░░░░░░░░░░  62%  Streaming frame 3227/4803
  ███████████████░░░░░░░░░░  62%  Streaming frame 3228/4803
  ███████████████░░░░░░░░░░  62%  Streaming frame 3229/4803
  ███████████████░░░░░░░░░░  62%  Streaming frame 3230/4803
  ███████████████░░░░░░░░░░  62%  Streaming frame 3231/4803
  ███████████████░░░░░░░░░░  62%  Streaming frame 3232/4803
  ███████████████░░░░░░░░░░  62%  Streaming frame 3233/4803
  ███████████████░░░░░░░░░░  62%  Streaming frame 3234/4803
  ███████████████░░░░░░░░░░  62%  Streaming frame 3235/4803
  ███████████████░░░░░░░░░░  62%  Streaming frame 3236/4803
  ███████████████░░░░░░░░░░  62%  Streaming frame 3237/4803
  ███████████████░░░░░░░░░░  62%  Streaming frame 3238/4803
  ███████████████░░░░░░░░░░  62%  Streaming frame 3239/4803
  ███████████████░░░░░░░░░░  62%  Streaming frame 3240/4803
  ███████████████░░░░░░░░░░  62%  Streaming frame 3241/4803
  ███████████████░░░░░░░░░░  62%  Streaming frame 3242/4803
  ███████████████░░░░░░░░░░  62%  Streaming frame 3243/4803
  ███████████████░░░░░░░░░░  62%  Streaming frame 3244/4803
  ███████████████░░░░░░░░░░  62%  Streaming frame 3245/4803
  ███████████████░░░░░░░░░░  62%  Streaming frame 3246/4803
  ███████████████░░░░░░░░░░  62%  Streaming frame 3247/4803
  ███████████████░░░░░░░░░░  62%  Streaming frame 3248/4803
  ███████████████░░░░░░░░░░  62%  Streaming frame 3249/4803
  ███████████████░░░░░░░░░░  62%  Streaming frame 3250/4803
  ███████████████░░░░░░░░░░  62%  Streaming frame 3251/4803
  ███████████████░░░░░░░░░░  62%  Streaming frame 3252/4803
  ███████████████░░░░░░░░░░  62%  Streaming frame 3253/4803
  ███████████████░░░░░░░░░░  62%  Streaming frame 3254/4803
  ███████████████░░░░░░░░░░  62%  Streaming frame 3255/4803
  ███████████████░░░░░░░░░░  62%  Streaming frame 3256/4803
  ███████████████░░░░░░░░░░  62%  Streaming frame 3257/4803
  ███████████████░░░░░░░░░░  62%  Streaming frame 3258/4803
  ███████████████░░░░░░░░░░  62%  Streaming frame 3259/4803
  ███████████████░░░░░░░░░░  62%  Streaming frame 3260/4803
  ███████████████░░░░░░░░░░  62%  Streaming frame 3261/4803
  ███████████████░░░░░░░░░░  62%  Streaming frame 3262/4803
  ███████████████░░░░░░░░░░  62%  Streaming frame 3263/4803
  ███████████████░░░░░░░░░░  62%  Streaming frame 3264/4803
  ███████████████░░░░░░░░░░  62%  Streaming frame 3265/4803
  ███████████████░░░░░░░░░░  62%  Streaming frame 3266/4803
  ███████████████░░░░░░░░░░  62%  Streaming frame 3267/4803
  ███████████████░░░░░░░░░░  62%  Streaming frame 3268/4803
  ███████████████░░░░░░░░░░  62%  Streaming frame 3269/4803
  ███████████████░░░░░░░░░░  62%  Streaming frame 3270/4803
  ███████████████░░░░░░░░░░  62%  Streaming frame 3271/4803
  ███████████████░░░░░░░░░░  62%  Streaming frame 3272/4803
  ███████████████░░░░░░░░░░  62%  Streaming frame 3273/4803
  ███████████████░░░░░░░░░░  62%  Streaming frame 3274/4803
  ███████████████░░░░░░░░░░  63%  Streaming frame 3275/4803
  ███████████████░░░░░░░░░░  63%  Streaming frame 3276/4803
  ███████████████░░░░░░░░░░  63%  Streaming frame 3277/4803
  ███████████████░░░░░░░░░░  63%  Streaming frame 3278/4803
  ███████████████░░░░░░░░░░  63%  Streaming frame 3279/4803
  ███████████████░░░░░░░░░░  63%  Streaming frame 3280/4803
  ███████████████░░░░░░░░░░  63%  Streaming frame 3281/4803
  ███████████████░░░░░░░░░░  63%  Streaming frame 3282/4803
  ███████████████░░░░░░░░░░  63%  Streaming frame 3283/4803
  ███████████████░░░░░░░░░░  63%  Streaming frame 3284/4803
  ███████████████░░░░░░░░░░  63%  Streaming frame 3285/4803
  ███████████████░░░░░░░░░░  63%  Streaming frame 3286/4803
  ███████████████░░░░░░░░░░  63%  Streaming frame 3287/4803
  ███████████████░░░░░░░░░░  63%  Streaming frame 3288/4803
  ███████████████░░░░░░░░░░  63%  Streaming frame 3289/4803
  ███████████████░░░░░░░░░░  63%  Streaming frame 3290/4803
  ███████████████░░░░░░░░░░  63%  Streaming frame 3291/4803
  ███████████████░░░░░░░░░░  63%  Streaming frame 3292/4803
  ███████████████░░░░░░░░░░  63%  Streaming frame 3293/4803
  ███████████████░░░░░░░░░░  63%  Streaming frame 3294/4803
  ███████████████░░░░░░░░░░  63%  Streaming frame 3295/4803
  ███████████████░░░░░░░░░░  63%  Streaming frame 3296/4803
  ███████████████░░░░░░░░░░  63%  Streaming frame 3297/4803
  ███████████████░░░░░░░░░░  63%  Streaming frame 3298/4803
  ███████████████░░░░░░░░░░  63%  Streaming frame 3299/4803
  ███████████████░░░░░░░░░░  63%  Streaming frame 3300/4803
  ███████████████░░░░░░░░░░  63%  Streaming frame 3301/4803
  ███████████████░░░░░░░░░░  63%  Streaming frame 3302/4803
  ███████████████░░░░░░░░░░  63%  Streaming frame 3303/4803
  ███████████████░░░░░░░░░░  63%  Streaming frame 3304/4803
  ███████████████░░░░░░░░░░  63%  Streaming frame 3305/4803
  ███████████████░░░░░░░░░░  63%  Streaming frame 3306/4803
  ███████████████░░░░░░░░░░  63%  Streaming frame 3307/4803
  ███████████████░░░░░░░░░░  63%  Streaming frame 3308/4803
  ███████████████░░░░░░░░░░  63%  Streaming frame 3309/4803
  ███████████████░░░░░░░░░░  63%  Streaming frame 3310/4803
  ███████████████░░░░░░░░░░  63%  Streaming frame 3311/4803
  ███████████████░░░░░░░░░░  63%  Streaming frame 3312/4803
  ███████████████░░░░░░░░░░  63%  Streaming frame 3313/4803
  ███████████████░░░░░░░░░░  63%  Streaming frame 3314/4803
  ███████████████░░░░░░░░░░  63%  Streaming frame 3315/4803
  ███████████████░░░░░░░░░░  63%  Streaming frame 3316/4803
  ███████████████░░░░░░░░░░  63%  Streaming frame 3317/4803
  ███████████████░░░░░░░░░░  63%  Streaming frame 3318/4803
  ███████████████░░░░░░░░░░  63%  Streaming frame 3319/4803
  ███████████████░░░░░░░░░░  63%  Streaming frame 3320/4803
  ███████████████░░░░░░░░░░  63%  Streaming frame 3321/4803
  ███████████████░░░░░░░░░░  63%  Streaming frame 3322/4803
  ███████████████░░░░░░░░░░  63%  Streaming frame 3323/4803
  ███████████████░░░░░░░░░░  63%  Streaming frame 3324/4803
  ███████████████░░░░░░░░░░  63%  Streaming frame 3325/4803
  ███████████████░░░░░░░░░░  63%  Streaming frame 3326/4803
  ███████████████░░░░░░░░░░  63%  Streaming frame 3327/4803
  ███████████████░░░░░░░░░░  63%  Streaming frame 3328/4803
  ███████████████░░░░░░░░░░  63%  Streaming frame 3329/4803
  ███████████████░░░░░░░░░░  63%  Streaming frame 3330/4803
  ███████████████░░░░░░░░░░  63%  Streaming frame 3331/4803
  ███████████████░░░░░░░░░░  63%  Streaming frame 3332/4803
  ███████████████░░░░░░░░░░  63%  Streaming frame 3333/4803
  ███████████████░░░░░░░░░░  63%  Streaming frame 3334/4803
  ███████████████░░░░░░░░░░  63%  Streaming frame 3335/4803
  ███████████████░░░░░░░░░░  63%  Streaming frame 3336/4803
  ███████████████░░░░░░░░░░  63%  Streaming frame 3337/4803
  ███████████████░░░░░░░░░░  63%  Streaming frame 3338/4803
  ███████████████░░░░░░░░░░  63%  Streaming frame 3339/4803
  ███████████████░░░░░░░░░░  63%  Streaming frame 3340/4803
  ███████████████░░░░░░░░░░  63%  Streaming frame 3341/4803
  ███████████████░░░░░░░░░░  63%  Streaming frame 3342/4803
  ███████████████░░░░░░░░░░  63%  Streaming frame 3343/4803
  ███████████████░░░░░░░░░░  63%  Streaming frame 3344/4803
  ███████████████░░░░░░░░░░  63%  Streaming frame 3345/4803
  ███████████████░░░░░░░░░░  63%  Streaming frame 3346/4803
  ███████████████░░░░░░░░░░  63%  Streaming frame 3347/4803
  ███████████████░░░░░░░░░░  63%  Streaming frame 3348/4803
  ███████████████░░░░░░░░░░  63%  Streaming frame 3349/4803
  ███████████████░░░░░░░░░░  63%  Streaming frame 3350/4803
  ███████████████░░░░░░░░░░  63%  Streaming frame 3351/4803
  ███████████████░░░░░░░░░░  63%  Streaming frame 3352/4803
  ███████████████░░░░░░░░░░  63%  Streaming frame 3353/4803
  ███████████████░░░░░░░░░░  63%  Streaming frame 3354/4803
  ███████████████░░░░░░░░░░  63%  Streaming frame 3355/4803
  ███████████████░░░░░░░░░░  63%  Streaming frame 3356/4803
  ███████████████░░░░░░░░░░  63%  Streaming frame 3357/4803
  ███████████████░░░░░░░░░░  63%  Streaming frame 3358/4803
  ███████████████░░░░░░░░░░  63%  Streaming frame 3359/4803
  ███████████████░░░░░░░░░░  63%  Streaming frame 3360/4803
  ███████████████░░░░░░░░░░  63%  Streaming frame 3361/4803
  ███████████████░░░░░░░░░░  63%  Streaming frame 3362/4803
  ████████████████░░░░░░░░░  64%  Streaming frame 3363/4803
  ████████████████░░░░░░░░░  64%  Streaming frame 3364/4803
  ████████████████░░░░░░░░░  64%  Streaming frame 3365/4803
  ████████████████░░░░░░░░░  64%  Streaming frame 3366/4803
  ████████████████░░░░░░░░░  64%  Streaming frame 3367/4803
  ████████████████░░░░░░░░░  64%  Streaming frame 3368/4803
  ████████████████░░░░░░░░░  64%  Streaming frame 3369/4803
  ████████████████░░░░░░░░░  64%  Streaming frame 3370/4803
  ████████████████░░░░░░░░░  64%  Streaming frame 3371/4803
  ████████████████░░░░░░░░░  64%  Streaming frame 3372/4803
  ████████████████░░░░░░░░░  64%  Streaming frame 3373/4803
  ████████████████░░░░░░░░░  64%  Streaming frame 3374/4803
  ████████████████░░░░░░░░░  64%  Streaming frame 3375/4803
  ████████████████░░░░░░░░░  64%  Streaming frame 3376/4803
  ████████████████░░░░░░░░░  64%  Streaming frame 3377/4803
  ████████████████░░░░░░░░░  64%  Streaming frame 3378/4803
  ████████████████░░░░░░░░░  64%  Streaming frame 3379/4803
  ████████████████░░░░░░░░░  64%  Streaming frame 3380/4803
  ████████████████░░░░░░░░░  64%  Streaming frame 3381/4803
  ████████████████░░░░░░░░░  64%  Streaming frame 3382/4803
  ████████████████░░░░░░░░░  64%  Streaming frame 3383/4803
  ████████████████░░░░░░░░░  64%  Streaming frame 3384/4803
  ████████████████░░░░░░░░░  64%  Streaming frame 3385/4803
  ████████████████░░░░░░░░░  64%  Streaming frame 3386/4803
  ████████████████░░░░░░░░░  64%  Streaming frame 3387/4803
  ████████████████░░░░░░░░░  64%  Streaming frame 3388/4803
  ████████████████░░░░░░░░░  64%  Streaming frame 3389/4803
  ████████████████░░░░░░░░░  64%  Streaming frame 3390/4803
  ████████████████░░░░░░░░░  64%  Streaming frame 3391/4803
  ████████████████░░░░░░░░░  64%  Streaming frame 3392/4803
  ████████████████░░░░░░░░░  64%  Streaming frame 3393/4803
  ████████████████░░░░░░░░░  64%  Streaming frame 3394/4803
  ████████████████░░░░░░░░░  64%  Streaming frame 3395/4803
  ████████████████░░░░░░░░░  64%  Streaming frame 3396/4803
  ████████████████░░░░░░░░░  64%  Streaming frame 3397/4803
  ████████████████░░░░░░░░░  64%  Streaming frame 3398/4803
  ████████████████░░░░░░░░░  64%  Streaming frame 3399/4803
  ████████████████░░░░░░░░░  64%  Streaming frame 3400/4803
  ████████████████░░░░░░░░░  64%  Streaming frame 3401/4803
  ████████████████░░░░░░░░░  64%  Streaming frame 3402/4803
  ████████████████░░░░░░░░░  64%  Streaming frame 3403/4803
  ████████████████░░░░░░░░░  64%  Streaming frame 3404/4803
  ████████████████░░░░░░░░░  64%  Streaming frame 3405/4803
  ████████████████░░░░░░░░░  64%  Streaming frame 3406/4803
  ████████████████░░░░░░░░░  64%  Streaming frame 3407/4803
  ████████████████░░░░░░░░░  64%  Streaming frame 3408/4803
  ████████████████░░░░░░░░░  64%  Streaming frame 3409/4803
  ████████████████░░░░░░░░░  64%  Streaming frame 3410/4803
  ████████████████░░░░░░░░░  64%  Streaming frame 3411/4803
  ████████████████░░░░░░░░░  64%  Streaming frame 3412/4803
  ████████████████░░░░░░░░░  64%  Streaming frame 3413/4803
  ████████████████░░░░░░░░░  64%  Streaming frame 3414/4803
  ████████████████░░░░░░░░░  64%  Streaming frame 3415/4803
  ████████████████░░░░░░░░░  64%  Streaming frame 3416/4803
  ████████████████░░░░░░░░░  64%  Streaming frame 3417/4803
  ████████████████░░░░░░░░░  64%  Streaming frame 3418/4803
  ████████████████░░░░░░░░░  64%  Streaming frame 3419/4803
  ████████████████░░░░░░░░░  64%  Streaming frame 3420/4803
  ████████████████░░░░░░░░░  64%  Streaming frame 3421/4803
  ████████████████░░░░░░░░░  64%  Streaming frame 3422/4803
  ████████████████░░░░░░░░░  64%  Streaming frame 3423/4803
  ████████████████░░░░░░░░░  64%  Streaming frame 3424/4803
  ████████████████░░░░░░░░░  64%  Streaming frame 3425/4803
  ████████████████░░░░░░░░░  64%  Streaming frame 3426/4803
  ████████████████░░░░░░░░░  64%  Streaming frame 3427/4803
  ████████████████░░░░░░░░░  64%  Streaming frame 3428/4803
  ████████████████░░░░░░░░░  64%  Streaming frame 3429/4803
  ████████████████░░░░░░░░░  64%  Streaming frame 3430/4803
  ████████████████░░░░░░░░░  64%  Streaming frame 3431/4803
  ████████████████░░░░░░░░░  64%  Streaming frame 3432/4803
  ████████████████░░░░░░░░░  64%  Streaming frame 3433/4803
  ████████████████░░░░░░░░░  64%  Streaming frame 3434/4803
  ████████████████░░░░░░░░░  64%  Streaming frame 3435/4803
  ████████████████░░░░░░░░░  64%  Streaming frame 3436/4803
  ████████████████░░░░░░░░░  64%  Streaming frame 3437/4803
  ████████████████░░░░░░░░░  64%  Streaming frame 3438/4803
  ████████████████░░░░░░░░░  64%  Streaming frame 3439/4803
  ████████████████░░░░░░░░░  64%  Streaming frame 3440/4803
  ████████████████░░░░░░░░░  64%  Streaming frame 3441/4803
  ████████████████░░░░░░░░░  64%  Streaming frame 3442/4803
  ████████████████░░░░░░░░░  64%  Streaming frame 3443/4803
  ████████████████░░░░░░░░░  64%  Streaming frame 3444/4803
  ████████████████░░░░░░░░░  64%  Streaming frame 3445/4803
  ████████████████░░░░░░░░░  64%  Streaming frame 3446/4803
  ████████████████░░░░░░░░░  64%  Streaming frame 3447/4803
  ████████████████░░░░░░░░░  64%  Streaming frame 3448/4803
  ████████████████░░░░░░░░░  64%  Streaming frame 3449/4803
  ████████████████░░░░░░░░░  65%  Streaming frame 3450/4803
  ████████████████░░░░░░░░░  65%  Streaming frame 3451/4803
  ████████████████░░░░░░░░░  65%  Streaming frame 3452/4803
  ████████████████░░░░░░░░░  65%  Streaming frame 3453/4803
  ████████████████░░░░░░░░░  65%  Streaming frame 3454/4803
  ████████████████░░░░░░░░░  65%  Streaming frame 3455/4803
  ████████████████░░░░░░░░░  65%  Streaming frame 3456/4803
  ████████████████░░░░░░░░░  65%  Streaming frame 3457/4803
  ████████████████░░░░░░░░░  65%  Streaming frame 3458/4803
  ████████████████░░░░░░░░░  65%  Streaming frame 3459/4803
  ████████████████░░░░░░░░░  65%  Streaming frame 3460/4803
  ████████████████░░░░░░░░░  65%  Streaming frame 3461/4803
  ████████████████░░░░░░░░░  65%  Streaming frame 3462/4803
  ████████████████░░░░░░░░░  65%  Streaming frame 3463/4803
  ████████████████░░░░░░░░░  65%  Streaming frame 3464/4803
  ████████████████░░░░░░░░░  65%  Streaming frame 3465/4803
  ████████████████░░░░░░░░░  65%  Streaming frame 3466/4803
  ████████████████░░░░░░░░░  65%  Streaming frame 3467/4803
  ████████████████░░░░░░░░░  65%  Streaming frame 3468/4803
  ████████████████░░░░░░░░░  65%  Streaming frame 3469/4803
  ████████████████░░░░░░░░░  65%  Streaming frame 3470/4803
  ████████████████░░░░░░░░░  65%  Streaming frame 3471/4803
  ████████████████░░░░░░░░░  65%  Streaming frame 3472/4803
  ████████████████░░░░░░░░░  65%  Streaming frame 3473/4803
  ████████████████░░░░░░░░░  65%  Streaming frame 3474/4803
  ████████████████░░░░░░░░░  65%  Streaming frame 3475/4803
  ████████████████░░░░░░░░░  65%  Streaming frame 3476/4803
  ████████████████░░░░░░░░░  65%  Streaming frame 3477/4803
  ████████████████░░░░░░░░░  65%  Streaming frame 3478/4803
  ████████████████░░░░░░░░░  65%  Streaming frame 3479/4803
  ████████████████░░░░░░░░░  65%  Streaming frame 3480/4803
  ████████████████░░░░░░░░░  65%  Streaming frame 3481/4803
  ████████████████░░░░░░░░░  65%  Streaming frame 3482/4803
  ████████████████░░░░░░░░░  65%  Streaming frame 3483/4803
  ████████████████░░░░░░░░░  65%  Streaming frame 3484/4803
  ████████████████░░░░░░░░░  65%  Streaming frame 3485/4803
  ████████████████░░░░░░░░░  65%  Streaming frame 3486/4803
  ████████████████░░░░░░░░░  65%  Streaming frame 3487/4803
  ████████████████░░░░░░░░░  65%  Streaming frame 3488/4803
  ████████████████░░░░░░░░░  65%  Streaming frame 3489/4803
  ████████████████░░░░░░░░░  65%  Streaming frame 3490/4803
  ████████████████░░░░░░░░░  65%  Streaming frame 3491/4803
  ████████████████░░░░░░░░░  65%  Streaming frame 3492/4803
  ████████████████░░░░░░░░░  65%  Streaming frame 3493/4803
  ████████████████░░░░░░░░░  65%  Streaming frame 3494/4803
  ████████████████░░░░░░░░░  65%  Streaming frame 3495/4803
  ████████████████░░░░░░░░░  65%  Streaming frame 3496/4803
  ████████████████░░░░░░░░░  65%  Streaming frame 3497/4803
  ████████████████░░░░░░░░░  65%  Streaming frame 3498/4803
  ████████████████░░░░░░░░░  65%  Streaming frame 3499/4803
  ████████████████░░░░░░░░░  65%  Streaming frame 3500/4803
  ████████████████░░░░░░░░░  65%  Streaming frame 3501/4803
  ████████████████░░░░░░░░░  65%  Streaming frame 3502/4803
  ████████████████░░░░░░░░░  65%  Streaming frame 3503/4803
  ████████████████░░░░░░░░░  65%  Streaming frame 3504/4803
  ████████████████░░░░░░░░░  65%  Streaming frame 3505/4803
  ████████████████░░░░░░░░░  65%  Streaming frame 3506/4803
  ████████████████░░░░░░░░░  65%  Streaming frame 3507/4803
  ████████████████░░░░░░░░░  65%  Streaming frame 3508/4803
  ████████████████░░░░░░░░░  65%  Streaming frame 3509/4803
  ████████████████░░░░░░░░░  65%  Streaming frame 3510/4803
  ████████████████░░░░░░░░░  65%  Streaming frame 3511/4803
  ████████████████░░░░░░░░░  65%  Streaming frame 3512/4803
  ████████████████░░░░░░░░░  65%  Streaming frame 3513/4803
  ████████████████░░░░░░░░░  65%  Streaming frame 3514/4803
  ████████████████░░░░░░░░░  65%  Streaming frame 3515/4803
  ████████████████░░░░░░░░░  65%  Streaming frame 3516/4803
  ████████████████░░░░░░░░░  65%  Streaming frame 3517/4803
  ████████████████░░░░░░░░░  65%  Streaming frame 3518/4803
  ████████████████░░░░░░░░░  65%  Streaming frame 3519/4803
  ████████████████░░░░░░░░░  65%  Streaming frame 3520/4803
  ████████████████░░░░░░░░░  65%  Streaming frame 3521/4803
  ████████████████░░░░░░░░░  65%  Streaming frame 3522/4803
  ████████████████░░░░░░░░░  65%  Streaming frame 3523/4803
  ████████████████░░░░░░░░░  65%  Streaming frame 3524/4803
  ████████████████░░░░░░░░░  65%  Streaming frame 3525/4803
  ████████████████░░░░░░░░░  65%  Streaming frame 3526/4803
  ████████████████░░░░░░░░░  65%  Streaming frame 3527/4803
  ████████████████░░░░░░░░░  65%  Streaming frame 3528/4803
  ████████████████░░░░░░░░░  65%  Streaming frame 3529/4803
  ████████████████░░░░░░░░░  65%  Streaming frame 3530/4803
  ████████████████░░░░░░░░░  65%  Streaming frame 3531/4803
  ████████████████░░░░░░░░░  65%  Streaming frame 3532/4803
  ████████████████░░░░░░░░░  65%  Streaming frame 3533/4803
  ████████████████░░░░░░░░░  65%  Streaming frame 3534/4803
  ████████████████░░░░░░░░░  65%  Streaming frame 3535/4803
  ████████████████░░░░░░░░░  65%  Streaming frame 3536/4803
  ████████████████░░░░░░░░░  66%  Streaming frame 3537/4803
  ████████████████░░░░░░░░░  66%  Streaming frame 3538/4803
  ████████████████░░░░░░░░░  66%  Streaming frame 3539/4803
  ████████████████░░░░░░░░░  66%  Streaming frame 3540/4803
  ████████████████░░░░░░░░░  66%  Streaming frame 3541/4803
  ████████████████░░░░░░░░░  66%  Streaming frame 3542/4803
  ████████████████░░░░░░░░░  66%  Streaming frame 3543/4803
  ████████████████░░░░░░░░░  66%  Streaming frame 3544/4803
  ████████████████░░░░░░░░░  66%  Streaming frame 3545/4803
  ████████████████░░░░░░░░░  66%  Streaming frame 3546/4803
  ████████████████░░░░░░░░░  66%  Streaming frame 3547/4803
  ████████████████░░░░░░░░░  66%  Streaming frame 3548/4803
  ████████████████░░░░░░░░░  66%  Streaming frame 3549/4803
  ████████████████░░░░░░░░░  66%  Streaming frame 3550/4803
  ████████████████░░░░░░░░░  66%  Streaming frame 3551/4803
  ████████████████░░░░░░░░░  66%  Streaming frame 3552/4803
  ████████████████░░░░░░░░░  66%  Streaming frame 3553/4803
  ████████████████░░░░░░░░░  66%  Streaming frame 3554/4803
  ████████████████░░░░░░░░░  66%  Streaming frame 3555/4803
  ████████████████░░░░░░░░░  66%  Streaming frame 3556/4803
  ████████████████░░░░░░░░░  66%  Streaming frame 3557/4803
  ████████████████░░░░░░░░░  66%  Streaming frame 3558/4803
  ████████████████░░░░░░░░░  66%  Streaming frame 3559/4803
  ████████████████░░░░░░░░░  66%  Streaming frame 3560/4803
  ████████████████░░░░░░░░░  66%  Streaming frame 3561/4803
  ████████████████░░░░░░░░░  66%  Streaming frame 3562/4803
  ████████████████░░░░░░░░░  66%  Streaming frame 3563/4803
  ████████████████░░░░░░░░░  66%  Streaming frame 3564/4803
  ████████████████░░░░░░░░░  66%  Streaming frame 3565/4803
  ████████████████░░░░░░░░░  66%  Streaming frame 3566/4803
  ████████████████░░░░░░░░░  66%  Streaming frame 3567/4803
  ████████████████░░░░░░░░░  66%  Streaming frame 3568/4803
  ████████████████░░░░░░░░░  66%  Streaming frame 3569/4803
  ████████████████░░░░░░░░░  66%  Streaming frame 3570/4803
  ████████████████░░░░░░░░░  66%  Streaming frame 3571/4803
  ████████████████░░░░░░░░░  66%  Streaming frame 3572/4803
  ████████████████░░░░░░░░░  66%  Streaming frame 3573/4803
  ████████████████░░░░░░░░░  66%  Streaming frame 3574/4803
  ████████████████░░░░░░░░░  66%  Streaming frame 3575/4803
  ████████████████░░░░░░░░░  66%  Streaming frame 3576/4803
  ████████████████░░░░░░░░░  66%  Streaming frame 3577/4803
  ████████████████░░░░░░░░░  66%  Streaming frame 3578/4803
  ████████████████░░░░░░░░░  66%  Streaming frame 3579/4803
  ████████████████░░░░░░░░░  66%  Streaming frame 3580/4803
  ████████████████░░░░░░░░░  66%  Streaming frame 3581/4803
  ████████████████░░░░░░░░░  66%  Streaming frame 3582/4803
  ████████████████░░░░░░░░░  66%  Streaming frame 3583/4803
  ████████████████░░░░░░░░░  66%  Streaming frame 3584/4803
  ████████████████░░░░░░░░░  66%  Streaming frame 3585/4803
  ████████████████░░░░░░░░░  66%  Streaming frame 3586/4803
  ████████████████░░░░░░░░░  66%  Streaming frame 3587/4803
  ████████████████░░░░░░░░░  66%  Streaming frame 3588/4803
  ████████████████░░░░░░░░░  66%  Streaming frame 3589/4803
  ████████████████░░░░░░░░░  66%  Streaming frame 3590/4803
  ████████████████░░░░░░░░░  66%  Streaming frame 3591/4803
  ████████████████░░░░░░░░░  66%  Streaming frame 3592/4803
  ████████████████░░░░░░░░░  66%  Streaming frame 3593/4803
  ████████████████░░░░░░░░░  66%  Streaming frame 3594/4803
  ████████████████░░░░░░░░░  66%  Streaming frame 3595/4803
  ████████████████░░░░░░░░░  66%  Streaming frame 3596/4803
  ████████████████░░░░░░░░░  66%  Streaming frame 3597/4803
  ████████████████░░░░░░░░░  66%  Streaming frame 3598/4803
  ████████████████░░░░░░░░░  66%  Streaming frame 3599/4803
  ████████████████░░░░░░░░░  66%  Streaming frame 3600/4803
  ████████████████░░░░░░░░░  66%  Streaming frame 3601/4803
  ████████████████░░░░░░░░░  66%  Streaming frame 3602/4803
[INFO] [Render] drawElement self-verify passed {"renderJobId":"f0260c89-7ee7-4245-9228-b77333d3425b","frame":3602,"psnrDb":70.1}
  ████████████████░░░░░░░░░  66%  Streaming frame 3603/4803
  ████████████████░░░░░░░░░  66%  Streaming frame 3604/4803
  ████████████████░░░░░░░░░  66%  Streaming frame 3605/4803
  ████████████████░░░░░░░░░  66%  Streaming frame 3606/4803
  ████████████████░░░░░░░░░  66%  Streaming frame 3607/4803
  ████████████████░░░░░░░░░  66%  Streaming frame 3608/4803
  ████████████████░░░░░░░░░  66%  Streaming frame 3609/4803
  ████████████████░░░░░░░░░  66%  Streaming frame 3610/4803
  ████████████████░░░░░░░░░  66%  Streaming frame 3611/4803
  ████████████████░░░░░░░░░  66%  Streaming frame 3612/4803
  ████████████████░░░░░░░░░  66%  Streaming frame 3613/4803
  ████████████████░░░░░░░░░  66%  Streaming frame 3614/4803
  ████████████████░░░░░░░░░  66%  Streaming frame 3615/4803
  ████████████████░░░░░░░░░  66%  Streaming frame 3616/4803
  ████████████████░░░░░░░░░  66%  Streaming frame 3617/4803
  ████████████████░░░░░░░░░  66%  Streaming frame 3618/4803
  ████████████████░░░░░░░░░  66%  Streaming frame 3619/4803
  ████████████████░░░░░░░░░  66%  Streaming frame 3620/4803
  ████████████████░░░░░░░░░  66%  Streaming frame 3621/4803
  ████████████████░░░░░░░░░  66%  Streaming frame 3622/4803
  ████████████████░░░░░░░░░  66%  Streaming frame 3623/4803
  ████████████████░░░░░░░░░  66%  Streaming frame 3624/4803
  ████████████████░░░░░░░░░  67%  Streaming frame 3625/4803
  ████████████████░░░░░░░░░  67%  Streaming frame 3626/4803
  ████████████████░░░░░░░░░  67%  Streaming frame 3627/4803
  ████████████████░░░░░░░░░  67%  Streaming frame 3628/4803
  ████████████████░░░░░░░░░  67%  Streaming frame 3629/4803
  ████████████████░░░░░░░░░  67%  Streaming frame 3630/4803
  ████████████████░░░░░░░░░  67%  Streaming frame 3631/4803
  ████████████████░░░░░░░░░  67%  Streaming frame 3632/4803
  ████████████████░░░░░░░░░  67%  Streaming frame 3633/4803
  ████████████████░░░░░░░░░  67%  Streaming frame 3634/4803
  ████████████████░░░░░░░░░  67%  Streaming frame 3635/4803
  ████████████████░░░░░░░░░  67%  Streaming frame 3636/4803
  ████████████████░░░░░░░░░  67%  Streaming frame 3637/4803
  ████████████████░░░░░░░░░  67%  Streaming frame 3638/4803
  ████████████████░░░░░░░░░  67%  Streaming frame 3639/4803
  ████████████████░░░░░░░░░  67%  Streaming frame 3640/4803
  ████████████████░░░░░░░░░  67%  Streaming frame 3641/4803
  ████████████████░░░░░░░░░  67%  Streaming frame 3642/4803
  ████████████████░░░░░░░░░  67%  Streaming frame 3643/4803
  ████████████████░░░░░░░░░  67%  Streaming frame 3644/4803
  ████████████████░░░░░░░░░  67%  Streaming frame 3645/4803
  ████████████████░░░░░░░░░  67%  Streaming frame 3646/4803
  ████████████████░░░░░░░░░  67%  Streaming frame 3647/4803
  ████████████████░░░░░░░░░  67%  Streaming frame 3648/4803
  ████████████████░░░░░░░░░  67%  Streaming frame 3649/4803
  ████████████████░░░░░░░░░  67%  Streaming frame 3650/4803
  ████████████████░░░░░░░░░  67%  Streaming frame 3651/4803
  ████████████████░░░░░░░░░  67%  Streaming frame 3652/4803
  ████████████████░░░░░░░░░  67%  Streaming frame 3653/4803
  ████████████████░░░░░░░░░  67%  Streaming frame 3654/4803
  ████████████████░░░░░░░░░  67%  Streaming frame 3655/4803
  ████████████████░░░░░░░░░  67%  Streaming frame 3656/4803
  ████████████████░░░░░░░░░  67%  Streaming frame 3657/4803
  ████████████████░░░░░░░░░  67%  Streaming frame 3658/4803
  ████████████████░░░░░░░░░  67%  Streaming frame 3659/4803
  ████████████████░░░░░░░░░  67%  Streaming frame 3660/4803
  ████████████████░░░░░░░░░  67%  Streaming frame 3661/4803
  ████████████████░░░░░░░░░  67%  Streaming frame 3662/4803
  ████████████████░░░░░░░░░  67%  Streaming frame 3663/4803
  ████████████████░░░░░░░░░  67%  Streaming frame 3664/4803
  ████████████████░░░░░░░░░  67%  Streaming frame 3665/4803
  ████████████████░░░░░░░░░  67%  Streaming frame 3666/4803
  ████████████████░░░░░░░░░  67%  Streaming frame 3667/4803
  ████████████████░░░░░░░░░  67%  Streaming frame 3668/4803
  ████████████████░░░░░░░░░  67%  Streaming frame 3669/4803
  ████████████████░░░░░░░░░  67%  Streaming frame 3670/4803
  ████████████████░░░░░░░░░  67%  Streaming frame 3671/4803
  ████████████████░░░░░░░░░  67%  Streaming frame 3672/4803
  ████████████████░░░░░░░░░  67%  Streaming frame 3673/4803
  ████████████████░░░░░░░░░  67%  Streaming frame 3674/4803
  ████████████████░░░░░░░░░  67%  Streaming frame 3675/4803
  ████████████████░░░░░░░░░  67%  Streaming frame 3676/4803
  ████████████████░░░░░░░░░  67%  Streaming frame 3677/4803
  ████████████████░░░░░░░░░  67%  Streaming frame 3678/4803
  ████████████████░░░░░░░░░  67%  Streaming frame 3679/4803
  ████████████████░░░░░░░░░  67%  Streaming frame 3680/4803
  ████████████████░░░░░░░░░  67%  Streaming frame 3681/4803
  ████████████████░░░░░░░░░  67%  Streaming frame 3682/4803
  ████████████████░░░░░░░░░  67%  Streaming frame 3683/4803
  ████████████████░░░░░░░░░  67%  Streaming frame 3684/4803
  ████████████████░░░░░░░░░  67%  Streaming frame 3685/4803
  ████████████████░░░░░░░░░  67%  Streaming frame 3686/4803
  ████████████████░░░░░░░░░  67%  Streaming frame 3687/4803
  ████████████████░░░░░░░░░  67%  Streaming frame 3688/4803
  ████████████████░░░░░░░░░  67%  Streaming frame 3689/4803
  ████████████████░░░░░░░░░  67%  Streaming frame 3690/4803
  ████████████████░░░░░░░░░  67%  Streaming frame 3691/4803
  ████████████████░░░░░░░░░  67%  Streaming frame 3692/4803
  ████████████████░░░░░░░░░  67%  Streaming frame 3693/4803
  ████████████████░░░░░░░░░  67%  Streaming frame 3694/4803
  ████████████████░░░░░░░░░  67%  Streaming frame 3695/4803
  ████████████████░░░░░░░░░  67%  Streaming frame 3696/4803
  ████████████████░░░░░░░░░  67%  Streaming frame 3697/4803
  ████████████████░░░░░░░░░  67%  Streaming frame 3698/4803
  ████████████████░░░░░░░░░  67%  Streaming frame 3699/4803
  ████████████████░░░░░░░░░  67%  Streaming frame 3700/4803
  ████████████████░░░░░░░░░  67%  Streaming frame 3701/4803
  ████████████████░░░░░░░░░  67%  Streaming frame 3702/4803
  ████████████████░░░░░░░░░  67%  Streaming frame 3703/4803
  ████████████████░░░░░░░░░  67%  Streaming frame 3704/4803
  ████████████████░░░░░░░░░  67%  Streaming frame 3705/4803
  ████████████████░░░░░░░░░  67%  Streaming frame 3706/4803
  ████████████████░░░░░░░░░  67%  Streaming frame 3707/4803
  ████████████████░░░░░░░░░  67%  Streaming frame 3708/4803
  ████████████████░░░░░░░░░  67%  Streaming frame 3709/4803
  ████████████████░░░░░░░░░  67%  Streaming frame 3710/4803
  ████████████████░░░░░░░░░  67%  Streaming frame 3711/4803
  █████████████████░░░░░░░░  68%  Streaming frame 3712/4803
  █████████████████░░░░░░░░  68%  Streaming frame 3713/4803
  █████████████████░░░░░░░░  68%  Streaming frame 3714/4803
  █████████████████░░░░░░░░  68%  Streaming frame 3715/4803
  █████████████████░░░░░░░░  68%  Streaming frame 3716/4803
  █████████████████░░░░░░░░  68%  Streaming frame 3717/4803
  █████████████████░░░░░░░░  68%  Streaming frame 3718/4803
  █████████████████░░░░░░░░  68%  Streaming frame 3719/4803
  █████████████████░░░░░░░░  68%  Streaming frame 3720/4803
  █████████████████░░░░░░░░  68%  Streaming frame 3721/4803
  █████████████████░░░░░░░░  68%  Streaming frame 3722/4803
  █████████████████░░░░░░░░  68%  Streaming frame 3723/4803
  █████████████████░░░░░░░░  68%  Streaming frame 3724/4803
  █████████████████░░░░░░░░  68%  Streaming frame 3725/4803
  █████████████████░░░░░░░░  68%  Streaming frame 3726/4803
  █████████████████░░░░░░░░  68%  Streaming frame 3727/4803
  █████████████████░░░░░░░░  68%  Streaming frame 3728/4803
  █████████████████░░░░░░░░  68%  Streaming frame 3729/4803
  █████████████████░░░░░░░░  68%  Streaming frame 3730/4803
  █████████████████░░░░░░░░  68%  Streaming frame 3731/4803
  █████████████████░░░░░░░░  68%  Streaming frame 3732/4803
  █████████████████░░░░░░░░  68%  Streaming frame 3733/4803
  █████████████████░░░░░░░░  68%  Streaming frame 3734/4803
  █████████████████░░░░░░░░  68%  Streaming frame 3735/4803
  █████████████████░░░░░░░░  68%  Streaming frame 3736/4803
  █████████████████░░░░░░░░  68%  Streaming frame 3737/4803
  █████████████████░░░░░░░░  68%  Streaming frame 3738/4803
  █████████████████░░░░░░░░  68%  Streaming frame 3739/4803
  █████████████████░░░░░░░░  68%  Streaming frame 3740/4803
  █████████████████░░░░░░░░  68%  Streaming frame 3741/4803
  █████████████████░░░░░░░░  68%  Streaming frame 3742/4803
  █████████████████░░░░░░░░  68%  Streaming frame 3743/4803
  █████████████████░░░░░░░░  68%  Streaming frame 3744/4803
  █████████████████░░░░░░░░  68%  Streaming frame 3745/4803
  █████████████████░░░░░░░░  68%  Streaming frame 3746/4803
  █████████████████░░░░░░░░  68%  Streaming frame 3747/4803
  █████████████████░░░░░░░░  68%  Streaming frame 3748/4803
  █████████████████░░░░░░░░  68%  Streaming frame 3749/4803
  █████████████████░░░░░░░░  68%  Streaming frame 3750/4803
  █████████████████░░░░░░░░  68%  Streaming frame 3751/4803
  █████████████████░░░░░░░░  68%  Streaming frame 3752/4803
  █████████████████░░░░░░░░  68%  Streaming frame 3753/4803
  █████████████████░░░░░░░░  68%  Streaming frame 3754/4803
  █████████████████░░░░░░░░  68%  Streaming frame 3755/4803
  █████████████████░░░░░░░░  68%  Streaming frame 3756/4803
  █████████████████░░░░░░░░  68%  Streaming frame 3757/4803
  █████████████████░░░░░░░░  68%  Streaming frame 3758/4803
  █████████████████░░░░░░░░  68%  Streaming frame 3759/4803
  █████████████████░░░░░░░░  68%  Streaming frame 3760/4803
  █████████████████░░░░░░░░  68%  Streaming frame 3761/4803
  █████████████████░░░░░░░░  68%  Streaming frame 3762/4803
  █████████████████░░░░░░░░  68%  Streaming frame 3763/4803
  █████████████████░░░░░░░░  68%  Streaming frame 3764/4803
  █████████████████░░░░░░░░  68%  Streaming frame 3765/4803
  █████████████████░░░░░░░░  68%  Streaming frame 3766/4803
  █████████████████░░░░░░░░  68%  Streaming frame 3767/4803
  █████████████████░░░░░░░░  68%  Streaming frame 3768/4803
  █████████████████░░░░░░░░  68%  Streaming frame 3769/4803
  █████████████████░░░░░░░░  68%  Streaming frame 3770/4803
  █████████████████░░░░░░░░  68%  Streaming frame 3771/4803
  █████████████████░░░░░░░░  68%  Streaming frame 3772/4803
  █████████████████░░░░░░░░  68%  Streaming frame 3773/4803
  █████████████████░░░░░░░░  68%  Streaming frame 3774/4803
  █████████████████░░░░░░░░  68%  Streaming frame 3775/4803
  █████████████████░░░░░░░░  68%  Streaming frame 3776/4803
  █████████████████░░░░░░░░  68%  Streaming frame 3777/4803
  █████████████████░░░░░░░░  68%  Streaming frame 3778/4803
  █████████████████░░░░░░░░  68%  Streaming frame 3779/4803
  █████████████████░░░░░░░░  68%  Streaming frame 3780/4803
  █████████████████░░░░░░░░  68%  Streaming frame 3781/4803
  █████████████████░░░░░░░░  68%  Streaming frame 3782/4803
  █████████████████░░░░░░░░  68%  Streaming frame 3783/4803
  █████████████████░░░░░░░░  68%  Streaming frame 3784/4803
  █████████████████░░░░░░░░  68%  Streaming frame 3785/4803
  █████████████████░░░░░░░░  68%  Streaming frame 3786/4803
  █████████████████░░░░░░░░  68%  Streaming frame 3787/4803
  █████████████████░░░░░░░░  68%  Streaming frame 3788/4803
  █████████████████░░░░░░░░  68%  Streaming frame 3789/4803
  █████████████████░░░░░░░░  68%  Streaming frame 3790/4803
  █████████████████░░░░░░░░  68%  Streaming frame 3791/4803
  █████████████████░░░░░░░░  68%  Streaming frame 3792/4803
  █████████████████░░░░░░░░  68%  Streaming frame 3793/4803
  █████████████████░░░░░░░░  68%  Streaming frame 3794/4803
  █████████████████░░░░░░░░  68%  Streaming frame 3795/4803
  █████████████████░░░░░░░░  68%  Streaming frame 3796/4803
  █████████████████░░░░░░░░  68%  Streaming frame 3797/4803
  █████████████████░░░░░░░░  68%  Streaming frame 3798/4803
  █████████████████░░░░░░░░  69%  Streaming frame 3799/4803
  █████████████████░░░░░░░░  69%  Streaming frame 3800/4803
  █████████████████░░░░░░░░  69%  Streaming frame 3801/4803
  █████████████████░░░░░░░░  69%  Streaming frame 3802/4803
  █████████████████░░░░░░░░  69%  Streaming frame 3803/4803
  █████████████████░░░░░░░░  69%  Streaming frame 3804/4803
  █████████████████░░░░░░░░  69%  Streaming frame 3805/4803
  █████████████████░░░░░░░░  69%  Streaming frame 3806/4803
  █████████████████░░░░░░░░  69%  Streaming frame 3807/4803
  █████████████████░░░░░░░░  69%  Streaming frame 3808/4803
  █████████████████░░░░░░░░  69%  Streaming frame 3809/4803
  █████████████████░░░░░░░░  69%  Streaming frame 3810/4803
  █████████████████░░░░░░░░  69%  Streaming frame 3811/4803
  █████████████████░░░░░░░░  69%  Streaming frame 3812/4803
  █████████████████░░░░░░░░  69%  Streaming frame 3813/4803
  █████████████████░░░░░░░░  69%  Streaming frame 3814/4803
  █████████████████░░░░░░░░  69%  Streaming frame 3815/4803
  █████████████████░░░░░░░░  69%  Streaming frame 3816/4803
  █████████████████░░░░░░░░  69%  Streaming frame 3817/4803
  █████████████████░░░░░░░░  69%  Streaming frame 3818/4803
  █████████████████░░░░░░░░  69%  Streaming frame 3819/4803
  █████████████████░░░░░░░░  69%  Streaming frame 3820/4803
  █████████████████░░░░░░░░  69%  Streaming frame 3821/4803
  █████████████████░░░░░░░░  69%  Streaming frame 3822/4803
  █████████████████░░░░░░░░  69%  Streaming frame 3823/4803
  █████████████████░░░░░░░░  69%  Streaming frame 3824/4803
  █████████████████░░░░░░░░  69%  Streaming frame 3825/4803
  █████████████████░░░░░░░░  69%  Streaming frame 3826/4803
  █████████████████░░░░░░░░  69%  Streaming frame 3827/4803
  █████████████████░░░░░░░░  69%  Streaming frame 3828/4803
  █████████████████░░░░░░░░  69%  Streaming frame 3829/4803
  █████████████████░░░░░░░░  69%  Streaming frame 3830/4803
  █████████████████░░░░░░░░  69%  Streaming frame 3831/4803
  █████████████████░░░░░░░░  69%  Streaming frame 3832/4803
  █████████████████░░░░░░░░  69%  Streaming frame 3833/4803
  █████████████████░░░░░░░░  69%  Streaming frame 3834/4803
  █████████████████░░░░░░░░  69%  Streaming frame 3835/4803
  █████████████████░░░░░░░░  69%  Streaming frame 3836/4803
  █████████████████░░░░░░░░  69%  Streaming frame 3837/4803
  █████████████████░░░░░░░░  69%  Streaming frame 3838/4803
  █████████████████░░░░░░░░  69%  Streaming frame 3839/4803
  █████████████████░░░░░░░░  69%  Streaming frame 3840/4803
  █████████████████░░░░░░░░  69%  Streaming frame 3841/4803
  █████████████████░░░░░░░░  69%  Streaming frame 3842/4803
  █████████████████░░░░░░░░  69%  Streaming frame 3843/4803
  █████████████████░░░░░░░░  69%  Streaming frame 3844/4803
  █████████████████░░░░░░░░  69%  Streaming frame 3845/4803
  █████████████████░░░░░░░░  69%  Streaming frame 3846/4803
  █████████████████░░░░░░░░  69%  Streaming frame 3847/4803
  █████████████████░░░░░░░░  69%  Streaming frame 3848/4803
  █████████████████░░░░░░░░  69%  Streaming frame 3849/4803
  █████████████████░░░░░░░░  69%  Streaming frame 3850/4803
  █████████████████░░░░░░░░  69%  Streaming frame 3851/4803
  █████████████████░░░░░░░░  69%  Streaming frame 3852/4803
  █████████████████░░░░░░░░  69%  Streaming frame 3853/4803
  █████████████████░░░░░░░░  69%  Streaming frame 3854/4803
  █████████████████░░░░░░░░  69%  Streaming frame 3855/4803
  █████████████████░░░░░░░░  69%  Streaming frame 3856/4803
  █████████████████░░░░░░░░  69%  Streaming frame 3857/4803
  █████████████████░░░░░░░░  69%  Streaming frame 3858/4803
  █████████████████░░░░░░░░  69%  Streaming frame 3859/4803
  █████████████████░░░░░░░░  69%  Streaming frame 3860/4803
  █████████████████░░░░░░░░  69%  Streaming frame 3861/4803
  █████████████████░░░░░░░░  69%  Streaming frame 3862/4803
  █████████████████░░░░░░░░  69%  Streaming frame 3863/4803
  █████████████████░░░░░░░░  69%  Streaming frame 3864/4803
  █████████████████░░░░░░░░  69%  Streaming frame 3865/4803
  █████████████████░░░░░░░░  69%  Streaming frame 3866/4803
  █████████████████░░░░░░░░  69%  Streaming frame 3867/4803
  █████████████████░░░░░░░░  69%  Streaming frame 3868/4803
  █████████████████░░░░░░░░  69%  Streaming frame 3869/4803
  █████████████████░░░░░░░░  69%  Streaming frame 3870/4803
  █████████████████░░░░░░░░  69%  Streaming frame 3871/4803
  █████████████████░░░░░░░░  69%  Streaming frame 3872/4803
  █████████████████░░░░░░░░  69%  Streaming frame 3873/4803
  █████████████████░░░░░░░░  69%  Streaming frame 3874/4803
  █████████████████░░░░░░░░  69%  Streaming frame 3875/4803
  █████████████████░░░░░░░░  69%  Streaming frame 3876/4803
  █████████████████░░░░░░░░  69%  Streaming frame 3877/4803
  █████████████████░░░░░░░░  69%  Streaming frame 3878/4803
  █████████████████░░░░░░░░  69%  Streaming frame 3879/4803
  █████████████████░░░░░░░░  69%  Streaming frame 3880/4803
  █████████████████░░░░░░░░  69%  Streaming frame 3881/4803
  █████████████████░░░░░░░░  69%  Streaming frame 3882/4803
  █████████████████░░░░░░░░  69%  Streaming frame 3883/4803
  █████████████████░░░░░░░░  69%  Streaming frame 3884/4803
  █████████████████░░░░░░░░  69%  Streaming frame 3885/4803
  █████████████████░░░░░░░░  69%  Streaming frame 3886/4803
  █████████████████░░░░░░░░  70%  Streaming frame 3887/4803
  █████████████████░░░░░░░░  70%  Streaming frame 3888/4803
  █████████████████░░░░░░░░  70%  Streaming frame 3889/4803
  █████████████████░░░░░░░░  70%  Streaming frame 3890/4803
  █████████████████░░░░░░░░  70%  Streaming frame 3891/4803
  █████████████████░░░░░░░░  70%  Streaming frame 3892/4803
  █████████████████░░░░░░░░  70%  Streaming frame 3893/4803
  █████████████████░░░░░░░░  70%  Streaming frame 3894/4803
  █████████████████░░░░░░░░  70%  Streaming frame 3895/4803
  █████████████████░░░░░░░░  70%  Streaming frame 3896/4803
  █████████████████░░░░░░░░  70%  Streaming frame 3897/4803
  █████████████████░░░░░░░░  70%  Streaming frame 3898/4803
  █████████████████░░░░░░░░  70%  Streaming frame 3899/4803
  █████████████████░░░░░░░░  70%  Streaming frame 3900/4803
  █████████████████░░░░░░░░  70%  Streaming frame 3901/4803
  █████████████████░░░░░░░░  70%  Streaming frame 3902/4803
  █████████████████░░░░░░░░  70%  Streaming frame 3903/4803
  █████████████████░░░░░░░░  70%  Streaming frame 3904/4803
  █████████████████░░░░░░░░  70%  Streaming frame 3905/4803
  █████████████████░░░░░░░░  70%  Streaming frame 3906/4803
  █████████████████░░░░░░░░  70%  Streaming frame 3907/4803
  █████████████████░░░░░░░░  70%  Streaming frame 3908/4803
  █████████████████░░░░░░░░  70%  Streaming frame 3909/4803
  █████████████████░░░░░░░░  70%  Streaming frame 3910/4803
  █████████████████░░░░░░░░  70%  Streaming frame 3911/4803
  █████████████████░░░░░░░░  70%  Streaming frame 3912/4803
  █████████████████░░░░░░░░  70%  Streaming frame 3913/4803
  █████████████████░░░░░░░░  70%  Streaming frame 3914/4803
  █████████████████░░░░░░░░  70%  Streaming frame 3915/4803
  █████████████████░░░░░░░░  70%  Streaming frame 3916/4803
  █████████████████░░░░░░░░  70%  Streaming frame 3917/4803
  █████████████████░░░░░░░░  70%  Streaming frame 3918/4803
  █████████████████░░░░░░░░  70%  Streaming frame 3919/4803
  █████████████████░░░░░░░░  70%  Streaming frame 3920/4803
  █████████████████░░░░░░░░  70%  Streaming frame 3921/4803
  █████████████████░░░░░░░░  70%  Streaming frame 3922/4803
  █████████████████░░░░░░░░  70%  Streaming frame 3923/4803
  █████████████████░░░░░░░░  70%  Streaming frame 3924/4803
  █████████████████░░░░░░░░  70%  Streaming frame 3925/4803
  █████████████████░░░░░░░░  70%  Streaming frame 3926/4803
  █████████████████░░░░░░░░  70%  Streaming frame 3927/4803
  █████████████████░░░░░░░░  70%  Streaming frame 3928/4803
  █████████████████░░░░░░░░  70%  Streaming frame 3929/4803
  █████████████████░░░░░░░░  70%  Streaming frame 3930/4803
  █████████████████░░░░░░░░  70%  Streaming frame 3931/4803
  █████████████████░░░░░░░░  70%  Streaming frame 3932/4803
  █████████████████░░░░░░░░  70%  Streaming frame 3933/4803
  █████████████████░░░░░░░░  70%  Streaming frame 3934/4803
  █████████████████░░░░░░░░  70%  Streaming frame 3935/4803
  █████████████████░░░░░░░░  70%  Streaming frame 3936/4803
  █████████████████░░░░░░░░  70%  Streaming frame 3937/4803
  █████████████████░░░░░░░░  70%  Streaming frame 3938/4803
  █████████████████░░░░░░░░  70%  Streaming frame 3939/4803
  █████████████████░░░░░░░░  70%  Streaming frame 3940/4803
  █████████████████░░░░░░░░  70%  Streaming frame 3941/4803
  █████████████████░░░░░░░░  70%  Streaming frame 3942/4803
  █████████████████░░░░░░░░  70%  Streaming frame 3943/4803
  █████████████████░░░░░░░░  70%  Streaming frame 3944/4803
  █████████████████░░░░░░░░  70%  Streaming frame 3945/4803
  █████████████████░░░░░░░░  70%  Streaming frame 3946/4803
  █████████████████░░░░░░░░  70%  Streaming frame 3947/4803
  █████████████████░░░░░░░░  70%  Streaming frame 3948/4803
  █████████████████░░░░░░░░  70%  Streaming frame 3949/4803
  █████████████████░░░░░░░░  70%  Streaming frame 3950/4803
  █████████████████░░░░░░░░  70%  Streaming frame 3951/4803
  █████████████████░░░░░░░░  70%  Streaming frame 3952/4803
  █████████████████░░░░░░░░  70%  Streaming frame 3953/4803
  █████████████████░░░░░░░░  70%  Streaming frame 3954/4803
  █████████████████░░░░░░░░  70%  Streaming frame 3955/4803
  █████████████████░░░░░░░░  70%  Streaming frame 3956/4803
  █████████████████░░░░░░░░  70%  Streaming frame 3957/4803
  █████████████████░░░░░░░░  70%  Streaming frame 3958/4803
  █████████████████░░░░░░░░  70%  Streaming frame 3959/4803
  █████████████████░░░░░░░░  70%  Streaming frame 3960/4803
  █████████████████░░░░░░░░  70%  Streaming frame 3961/4803
  █████████████████░░░░░░░░  70%  Streaming frame 3962/4803
  █████████████████░░░░░░░░  70%  Streaming frame 3963/4803
  █████████████████░░░░░░░░  70%  Streaming frame 3964/4803
  █████████████████░░░░░░░░  70%  Streaming frame 3965/4803
  █████████████████░░░░░░░░  70%  Streaming frame 3966/4803
  █████████████████░░░░░░░░  70%  Streaming frame 3967/4803
  █████████████████░░░░░░░░  70%  Streaming frame 3968/4803
  █████████████████░░░░░░░░  70%  Streaming frame 3969/4803
  █████████████████░░░░░░░░  70%  Streaming frame 3970/4803
  █████████████████░░░░░░░░  70%  Streaming frame 3971/4803
  █████████████████░░░░░░░░  70%  Streaming frame 3972/4803
  █████████████████░░░░░░░░  70%  Streaming frame 3973/4803
  █████████████████░░░░░░░░  71%  Streaming frame 3974/4803
  █████████████████░░░░░░░░  71%  Streaming frame 3975/4803
  █████████████████░░░░░░░░  71%  Streaming frame 3976/4803
  █████████████████░░░░░░░░  71%  Streaming frame 3977/4803
  █████████████████░░░░░░░░  71%  Streaming frame 3978/4803
  █████████████████░░░░░░░░  71%  Streaming frame 3979/4803
  █████████████████░░░░░░░░  71%  Streaming frame 3980/4803
  █████████████████░░░░░░░░  71%  Streaming frame 3981/4803
  █████████████████░░░░░░░░  71%  Streaming frame 3982/4803
  █████████████████░░░░░░░░  71%  Streaming frame 3983/4803
  █████████████████░░░░░░░░  71%  Streaming frame 3984/4803
  █████████████████░░░░░░░░  71%  Streaming frame 3985/4803
  █████████████████░░░░░░░░  71%  Streaming frame 3986/4803
  █████████████████░░░░░░░░  71%  Streaming frame 3987/4803
  █████████████████░░░░░░░░  71%  Streaming frame 3988/4803
  █████████████████░░░░░░░░  71%  Streaming frame 3989/4803
  █████████████████░░░░░░░░  71%  Streaming frame 3990/4803
  █████████████████░░░░░░░░  71%  Streaming frame 3991/4803
  █████████████████░░░░░░░░  71%  Streaming frame 3992/4803
  █████████████████░░░░░░░░  71%  Streaming frame 3993/4803
  █████████████████░░░░░░░░  71%  Streaming frame 3994/4803
  █████████████████░░░░░░░░  71%  Streaming frame 3995/4803
  █████████████████░░░░░░░░  71%  Streaming frame 3996/4803
  █████████████████░░░░░░░░  71%  Streaming frame 3997/4803
  █████████████████░░░░░░░░  71%  Streaming frame 3998/4803
  █████████████████░░░░░░░░  71%  Streaming frame 3999/4803
  █████████████████░░░░░░░░  71%  Streaming frame 4000/4803
  █████████████████░░░░░░░░  71%  Streaming frame 4001/4803
  █████████████████░░░░░░░░  71%  Streaming frame 4002/4803
  █████████████████░░░░░░░░  71%  Streaming frame 4003/4803
  █████████████████░░░░░░░░  71%  Streaming frame 4004/4803
  █████████████████░░░░░░░░  71%  Streaming frame 4005/4803
  █████████████████░░░░░░░░  71%  Streaming frame 4006/4803
  █████████████████░░░░░░░░  71%  Streaming frame 4007/4803
  █████████████████░░░░░░░░  71%  Streaming frame 4008/4803
  █████████████████░░░░░░░░  71%  Streaming frame 4009/4803
  █████████████████░░░░░░░░  71%  Streaming frame 4010/4803
  █████████████████░░░░░░░░  71%  Streaming frame 4011/4803
  █████████████████░░░░░░░░  71%  Streaming frame 4012/4803
  █████████████████░░░░░░░░  71%  Streaming frame 4013/4803
  █████████████████░░░░░░░░  71%  Streaming frame 4014/4803
  █████████████████░░░░░░░░  71%  Streaming frame 4015/4803
  █████████████████░░░░░░░░  71%  Streaming frame 4016/4803
  █████████████████░░░░░░░░  71%  Streaming frame 4017/4803
  █████████████████░░░░░░░░  71%  Streaming frame 4018/4803
  █████████████████░░░░░░░░  71%  Streaming frame 4019/4803
  █████████████████░░░░░░░░  71%  Streaming frame 4020/4803
  █████████████████░░░░░░░░  71%  Streaming frame 4021/4803
  █████████████████░░░░░░░░  71%  Streaming frame 4022/4803
  █████████████████░░░░░░░░  71%  Streaming frame 4023/4803
  █████████████████░░░░░░░░  71%  Streaming frame 4024/4803
  █████████████████░░░░░░░░  71%  Streaming frame 4025/4803
  █████████████████░░░░░░░░  71%  Streaming frame 4026/4803
  █████████████████░░░░░░░░  71%  Streaming frame 4027/4803
  █████████████████░░░░░░░░  71%  Streaming frame 4028/4803
  █████████████████░░░░░░░░  71%  Streaming frame 4029/4803
  █████████████████░░░░░░░░  71%  Streaming frame 4030/4803
  █████████████████░░░░░░░░  71%  Streaming frame 4031/4803
  █████████████████░░░░░░░░  71%  Streaming frame 4032/4803
  █████████████████░░░░░░░░  71%  Streaming frame 4033/4803
  █████████████████░░░░░░░░  71%  Streaming frame 4034/4803
  █████████████████░░░░░░░░  71%  Streaming frame 4035/4803
  █████████████████░░░░░░░░  71%  Streaming frame 4036/4803
  █████████████████░░░░░░░░  71%  Streaming frame 4037/4803
  █████████████████░░░░░░░░  71%  Streaming frame 4038/4803
  █████████████████░░░░░░░░  71%  Streaming frame 4039/4803
  █████████████████░░░░░░░░  71%  Streaming frame 4040/4803
  █████████████████░░░░░░░░  71%  Streaming frame 4041/4803
  █████████████████░░░░░░░░  71%  Streaming frame 4042/4803
  █████████████████░░░░░░░░  71%  Streaming frame 4043/4803
  █████████████████░░░░░░░░  71%  Streaming frame 4044/4803
  █████████████████░░░░░░░░  71%  Streaming frame 4045/4803
  █████████████████░░░░░░░░  71%  Streaming frame 4046/4803
  █████████████████░░░░░░░░  71%  Streaming frame 4047/4803
  █████████████████░░░░░░░░  71%  Streaming frame 4048/4803
  █████████████████░░░░░░░░  71%  Streaming frame 4049/4803
  █████████████████░░░░░░░░  71%  Streaming frame 4050/4803
  █████████████████░░░░░░░░  71%  Streaming frame 4051/4803
  █████████████████░░░░░░░░  71%  Streaming frame 4052/4803
  █████████████████░░░░░░░░  71%  Streaming frame 4053/4803
  █████████████████░░░░░░░░  71%  Streaming frame 4054/4803
  █████████████████░░░░░░░░  71%  Streaming frame 4055/4803
  █████████████████░░░░░░░░  71%  Streaming frame 4056/4803
  █████████████████░░░░░░░░  71%  Streaming frame 4057/4803
  █████████████████░░░░░░░░  71%  Streaming frame 4058/4803
  █████████████████░░░░░░░░  71%  Streaming frame 4059/4803
  █████████████████░░░░░░░░  71%  Streaming frame 4060/4803
  ██████████████████░░░░░░░  72%  Streaming frame 4061/4803
  ██████████████████░░░░░░░  72%  Streaming frame 4062/4803
  ██████████████████░░░░░░░  72%  Streaming frame 4063/4803
  ██████████████████░░░░░░░  72%  Streaming frame 4064/4803
  ██████████████████░░░░░░░  72%  Streaming frame 4065/4803
  ██████████████████░░░░░░░  72%  Streaming frame 4066/4803
  ██████████████████░░░░░░░  72%  Streaming frame 4067/4803
  ██████████████████░░░░░░░  72%  Streaming frame 4068/4803
  ██████████████████░░░░░░░  72%  Streaming frame 4069/4803
  ██████████████████░░░░░░░  72%  Streaming frame 4070/4803
  ██████████████████░░░░░░░  72%  Streaming frame 4071/4803
  ██████████████████░░░░░░░  72%  Streaming frame 4072/4803
  ██████████████████░░░░░░░  72%  Streaming frame 4073/4803
  ██████████████████░░░░░░░  72%  Streaming frame 4074/4803
  ██████████████████░░░░░░░  72%  Streaming frame 4075/4803
  ██████████████████░░░░░░░  72%  Streaming frame 4076/4803
  ██████████████████░░░░░░░  72%  Streaming frame 4077/4803
  ██████████████████░░░░░░░  72%  Streaming frame 4078/4803
  ██████████████████░░░░░░░  72%  Streaming frame 4079/4803
  ██████████████████░░░░░░░  72%  Streaming frame 4080/4803
  ██████████████████░░░░░░░  72%  Streaming frame 4081/4803
  ██████████████████░░░░░░░  72%  Streaming frame 4082/4803
  ██████████████████░░░░░░░  72%  Streaming frame 4083/4803
  ██████████████████░░░░░░░  72%  Streaming frame 4084/4803
  ██████████████████░░░░░░░  72%  Streaming frame 4085/4803
  ██████████████████░░░░░░░  72%  Streaming frame 4086/4803
  ██████████████████░░░░░░░  72%  Streaming frame 4087/4803
  ██████████████████░░░░░░░  72%  Streaming frame 4088/4803
  ██████████████████░░░░░░░  72%  Streaming frame 4089/4803
  ██████████████████░░░░░░░  72%  Streaming frame 4090/4803
  ██████████████████░░░░░░░  72%  Streaming frame 4091/4803
  ██████████████████░░░░░░░  72%  Streaming frame 4092/4803
  ██████████████████░░░░░░░  72%  Streaming frame 4093/4803
  ██████████████████░░░░░░░  72%  Streaming frame 4094/4803
  ██████████████████░░░░░░░  72%  Streaming frame 4095/4803
  ██████████████████░░░░░░░  72%  Streaming frame 4096/4803
  ██████████████████░░░░░░░  72%  Streaming frame 4097/4803
  ██████████████████░░░░░░░  72%  Streaming frame 4098/4803
  ██████████████████░░░░░░░  72%  Streaming frame 4099/4803
  ██████████████████░░░░░░░  72%  Streaming frame 4100/4803
  ██████████████████░░░░░░░  72%  Streaming frame 4101/4803
  ██████████████████░░░░░░░  72%  Streaming frame 4102/4803
  ██████████████████░░░░░░░  72%  Streaming frame 4103/4803
  ██████████████████░░░░░░░  72%  Streaming frame 4104/4803
  ██████████████████░░░░░░░  72%  Streaming frame 4105/4803
  ██████████████████░░░░░░░  72%  Streaming frame 4106/4803
  ██████████████████░░░░░░░  72%  Streaming frame 4107/4803
  ██████████████████░░░░░░░  72%  Streaming frame 4108/4803
  ██████████████████░░░░░░░  72%  Streaming frame 4109/4803
  ██████████████████░░░░░░░  72%  Streaming frame 4110/4803
  ██████████████████░░░░░░░  72%  Streaming frame 4111/4803
  ██████████████████░░░░░░░  72%  Streaming frame 4112/4803
  ██████████████████░░░░░░░  72%  Streaming frame 4113/4803
  ██████████████████░░░░░░░  72%  Streaming frame 4114/4803
  ██████████████████░░░░░░░  72%  Streaming frame 4115/4803
  ██████████████████░░░░░░░  72%  Streaming frame 4116/4803
  ██████████████████░░░░░░░  72%  Streaming frame 4117/4803
  ██████████████████░░░░░░░  72%  Streaming frame 4118/4803
  ██████████████████░░░░░░░  72%  Streaming frame 4119/4803
  ██████████████████░░░░░░░  72%  Streaming frame 4120/4803
  ██████████████████░░░░░░░  72%  Streaming frame 4121/4803
  ██████████████████░░░░░░░  72%  Streaming frame 4122/4803
  ██████████████████░░░░░░░  72%  Streaming frame 4123/4803
  ██████████████████░░░░░░░  72%  Streaming frame 4124/4803
  ██████████████████░░░░░░░  72%  Streaming frame 4125/4803
  ██████████████████░░░░░░░  72%  Streaming frame 4126/4803
  ██████████████████░░░░░░░  72%  Streaming frame 4127/4803
  ██████████████████░░░░░░░  72%  Streaming frame 4128/4803
  ██████████████████░░░░░░░  72%  Streaming frame 4129/4803
  ██████████████████░░░░░░░  72%  Streaming frame 4130/4803
  ██████████████████░░░░░░░  72%  Streaming frame 4131/4803
  ██████████████████░░░░░░░  72%  Streaming frame 4132/4803
  ██████████████████░░░░░░░  72%  Streaming frame 4133/4803
  ██████████████████░░░░░░░  72%  Streaming frame 4134/4803
  ██████████████████░░░░░░░  72%  Streaming frame 4135/4803
  ██████████████████░░░░░░░  72%  Streaming frame 4136/4803
  ██████████████████░░░░░░░  72%  Streaming frame 4137/4803
  ██████████████████░░░░░░░  72%  Streaming frame 4138/4803
  ██████████████████░░░░░░░  72%  Streaming frame 4139/4803
  ██████████████████░░░░░░░  72%  Streaming frame 4140/4803
  ██████████████████░░░░░░░  72%  Streaming frame 4141/4803
  ██████████████████░░░░░░░  72%  Streaming frame 4142/4803
  ██████████████████░░░░░░░  72%  Streaming frame 4143/4803
  ██████████████████░░░░░░░  72%  Streaming frame 4144/4803
  ██████████████████░░░░░░░  72%  Streaming frame 4145/4803
  ██████████████████░░░░░░░  72%  Streaming frame 4146/4803
  ██████████████████░░░░░░░  72%  Streaming frame 4147/4803
  ██████████████████░░░░░░░  72%  Streaming frame 4148/4803
  ██████████████████░░░░░░░  73%  Streaming frame 4149/4803
  ██████████████████░░░░░░░  73%  Streaming frame 4150/4803
  ██████████████████░░░░░░░  73%  Streaming frame 4151/4803
  ██████████████████░░░░░░░  73%  Streaming frame 4152/4803
  ██████████████████░░░░░░░  73%  Streaming frame 4153/4803
  ██████████████████░░░░░░░  73%  Streaming frame 4154/4803
  ██████████████████░░░░░░░  73%  Streaming frame 4155/4803
  ██████████████████░░░░░░░  73%  Streaming frame 4156/4803
  ██████████████████░░░░░░░  73%  Streaming frame 4157/4803
  ██████████████████░░░░░░░  73%  Streaming frame 4158/4803
  ██████████████████░░░░░░░  73%  Streaming frame 4159/4803
  ██████████████████░░░░░░░  73%  Streaming frame 4160/4803
  ██████████████████░░░░░░░  73%  Streaming frame 4161/4803
  ██████████████████░░░░░░░  73%  Streaming frame 4162/4803
  ██████████████████░░░░░░░  73%  Streaming frame 4163/4803
  ██████████████████░░░░░░░  73%  Streaming frame 4164/4803
  ██████████████████░░░░░░░  73%  Streaming frame 4165/4803
  ██████████████████░░░░░░░  73%  Streaming frame 4166/4803
  ██████████████████░░░░░░░  73%  Streaming frame 4167/4803
  ██████████████████░░░░░░░  73%  Streaming frame 4168/4803
  ██████████████████░░░░░░░  73%  Streaming frame 4169/4803
  ██████████████████░░░░░░░  73%  Streaming frame 4170/4803
  ██████████████████░░░░░░░  73%  Streaming frame 4171/4803
  ██████████████████░░░░░░░  73%  Streaming frame 4172/4803
  ██████████████████░░░░░░░  73%  Streaming frame 4173/4803
  ██████████████████░░░░░░░  73%  Streaming frame 4174/4803
  ██████████████████░░░░░░░  73%  Streaming frame 4175/4803
  ██████████████████░░░░░░░  73%  Streaming frame 4176/4803
  ██████████████████░░░░░░░  73%  Streaming frame 4177/4803
  ██████████████████░░░░░░░  73%  Streaming frame 4178/4803
  ██████████████████░░░░░░░  73%  Streaming frame 4179/4803
  ██████████████████░░░░░░░  73%  Streaming frame 4180/4803
  ██████████████████░░░░░░░  73%  Streaming frame 4181/4803
  ██████████████████░░░░░░░  73%  Streaming frame 4182/4803
  ██████████████████░░░░░░░  73%  Streaming frame 4183/4803
  ██████████████████░░░░░░░  73%  Streaming frame 4184/4803
  ██████████████████░░░░░░░  73%  Streaming frame 4185/4803
  ██████████████████░░░░░░░  73%  Streaming frame 4186/4803
  ██████████████████░░░░░░░  73%  Streaming frame 4187/4803
  ██████████████████░░░░░░░  73%  Streaming frame 4188/4803
  ██████████████████░░░░░░░  73%  Streaming frame 4189/4803
  ██████████████████░░░░░░░  73%  Streaming frame 4190/4803
  ██████████████████░░░░░░░  73%  Streaming frame 4191/4803
  ██████████████████░░░░░░░  73%  Streaming frame 4192/4803
  ██████████████████░░░░░░░  73%  Streaming frame 4193/4803
  ██████████████████░░░░░░░  73%  Streaming frame 4194/4803
  ██████████████████░░░░░░░  73%  Streaming frame 4195/4803
  ██████████████████░░░░░░░  73%  Streaming frame 4196/4803
  ██████████████████░░░░░░░  73%  Streaming frame 4197/4803
  ██████████████████░░░░░░░  73%  Streaming frame 4198/4803
  ██████████████████░░░░░░░  73%  Streaming frame 4199/4803
  ██████████████████░░░░░░░  73%  Streaming frame 4200/4803
  ██████████████████░░░░░░░  73%  Streaming frame 4201/4803
  ██████████████████░░░░░░░  73%  Streaming frame 4202/4803
  ██████████████████░░░░░░░  73%  Streaming frame 4203/4803
  ██████████████████░░░░░░░  73%  Streaming frame 4204/4803
  ██████████████████░░░░░░░  73%  Streaming frame 4205/4803
  ██████████████████░░░░░░░  73%  Streaming frame 4206/4803
  ██████████████████░░░░░░░  73%  Streaming frame 4207/4803
  ██████████████████░░░░░░░  73%  Streaming frame 4208/4803
  ██████████████████░░░░░░░  73%  Streaming frame 4209/4803
  ██████████████████░░░░░░░  73%  Streaming frame 4210/4803
  ██████████████████░░░░░░░  73%  Streaming frame 4211/4803
  ██████████████████░░░░░░░  73%  Streaming frame 4212/4803
  ██████████████████░░░░░░░  73%  Streaming frame 4213/4803
  ██████████████████░░░░░░░  73%  Streaming frame 4214/4803
  ██████████████████░░░░░░░  73%  Streaming frame 4215/4803
  ██████████████████░░░░░░░  73%  Streaming frame 4216/4803
  ██████████████████░░░░░░░  73%  Streaming frame 4217/4803
  ██████████████████░░░░░░░  73%  Streaming frame 4218/4803
  ██████████████████░░░░░░░  73%  Streaming frame 4219/4803
  ██████████████████░░░░░░░  73%  Streaming frame 4220/4803
  ██████████████████░░░░░░░  73%  Streaming frame 4221/4803
  ██████████████████░░░░░░░  73%  Streaming frame 4222/4803
  ██████████████████░░░░░░░  73%  Streaming frame 4223/4803
  ██████████████████░░░░░░░  73%  Streaming frame 4224/4803
  ██████████████████░░░░░░░  73%  Streaming frame 4225/4803
  ██████████████████░░░░░░░  73%  Streaming frame 4226/4803
  ██████████████████░░░░░░░  73%  Streaming frame 4227/4803
  ██████████████████░░░░░░░  73%  Streaming frame 4228/4803
  ██████████████████░░░░░░░  73%  Streaming frame 4229/4803
  ██████████████████░░░░░░░  73%  Streaming frame 4230/4803
  ██████████████████░░░░░░░  73%  Streaming frame 4231/4803
  ██████████████████░░░░░░░  73%  Streaming frame 4232/4803
  ██████████████████░░░░░░░  73%  Streaming frame 4233/4803
  ██████████████████░░░░░░░  73%  Streaming frame 4234/4803
  ██████████████████░░░░░░░  73%  Streaming frame 4235/4803
  ██████████████████░░░░░░░  74%  Streaming frame 4236/4803
  ██████████████████░░░░░░░  74%  Streaming frame 4237/4803
  ██████████████████░░░░░░░  74%  Streaming frame 4238/4803
  ██████████████████░░░░░░░  74%  Streaming frame 4239/4803
  ██████████████████░░░░░░░  74%  Streaming frame 4240/4803
  ██████████████████░░░░░░░  74%  Streaming frame 4241/4803
  ██████████████████░░░░░░░  74%  Streaming frame 4242/4803
  ██████████████████░░░░░░░  74%  Streaming frame 4243/4803
  ██████████████████░░░░░░░  74%  Streaming frame 4244/4803
  ██████████████████░░░░░░░  74%  Streaming frame 4245/4803
  ██████████████████░░░░░░░  74%  Streaming frame 4246/4803
  ██████████████████░░░░░░░  74%  Streaming frame 4247/4803
  ██████████████████░░░░░░░  74%  Streaming frame 4248/4803
  ██████████████████░░░░░░░  74%  Streaming frame 4249/4803
  ██████████████████░░░░░░░  74%  Streaming frame 4250/4803
  ██████████████████░░░░░░░  74%  Streaming frame 4251/4803
  ██████████████████░░░░░░░  74%  Streaming frame 4252/4803
  ██████████████████░░░░░░░  74%  Streaming frame 4253/4803
  ██████████████████░░░░░░░  74%  Streaming frame 4254/4803
  ██████████████████░░░░░░░  74%  Streaming frame 4255/4803
  ██████████████████░░░░░░░  74%  Streaming frame 4256/4803
  ██████████████████░░░░░░░  74%  Streaming frame 4257/4803
  ██████████████████░░░░░░░  74%  Streaming frame 4258/4803
  ██████████████████░░░░░░░  74%  Streaming frame 4259/4803
  ██████████████████░░░░░░░  74%  Streaming frame 4260/4803
  ██████████████████░░░░░░░  74%  Streaming frame 4261/4803
  ██████████████████░░░░░░░  74%  Streaming frame 4262/4803
  ██████████████████░░░░░░░  74%  Streaming frame 4263/4803
  ██████████████████░░░░░░░  74%  Streaming frame 4264/4803
  ██████████████████░░░░░░░  74%  Streaming frame 4265/4803
  ██████████████████░░░░░░░  74%  Streaming frame 4266/4803
  ██████████████████░░░░░░░  74%  Streaming frame 4267/4803
  ██████████████████░░░░░░░  74%  Streaming frame 4268/4803
  ██████████████████░░░░░░░  74%  Streaming frame 4269/4803
  ██████████████████░░░░░░░  74%  Streaming frame 4270/4803
  ██████████████████░░░░░░░  74%  Streaming frame 4271/4803
  ██████████████████░░░░░░░  74%  Streaming frame 4272/4803
  ██████████████████░░░░░░░  74%  Streaming frame 4273/4803
  ██████████████████░░░░░░░  74%  Streaming frame 4274/4803
  ██████████████████░░░░░░░  74%  Streaming frame 4275/4803
  ██████████████████░░░░░░░  74%  Streaming frame 4276/4803
  ██████████████████░░░░░░░  74%  Streaming frame 4277/4803
  ██████████████████░░░░░░░  74%  Streaming frame 4278/4803
  ██████████████████░░░░░░░  74%  Streaming frame 4279/4803
  ██████████████████░░░░░░░  74%  Streaming frame 4280/4803
  ██████████████████░░░░░░░  74%  Streaming frame 4281/4803
  ██████████████████░░░░░░░  74%  Streaming frame 4282/4803
  ██████████████████░░░░░░░  74%  Streaming frame 4283/4803
  ██████████████████░░░░░░░  74%  Streaming frame 4284/4803
  ██████████████████░░░░░░░  74%  Streaming frame 4285/4803
  ██████████████████░░░░░░░  74%  Streaming frame 4286/4803
  ██████████████████░░░░░░░  74%  Streaming frame 4287/4803
  ██████████████████░░░░░░░  74%  Streaming frame 4288/4803
  ██████████████████░░░░░░░  74%  Streaming frame 4289/4803
  ██████████████████░░░░░░░  74%  Streaming frame 4290/4803
  ██████████████████░░░░░░░  74%  Streaming frame 4291/4803
  ██████████████████░░░░░░░  74%  Streaming frame 4292/4803
  ██████████████████░░░░░░░  74%  Streaming frame 4293/4803
  ██████████████████░░░░░░░  74%  Streaming frame 4294/4803
  ██████████████████░░░░░░░  74%  Streaming frame 4295/4803
  ██████████████████░░░░░░░  74%  Streaming frame 4296/4803
  ██████████████████░░░░░░░  74%  Streaming frame 4297/4803
  ██████████████████░░░░░░░  74%  Streaming frame 4298/4803
  ██████████████████░░░░░░░  74%  Streaming frame 4299/4803
  ██████████████████░░░░░░░  74%  Streaming frame 4300/4803
  ██████████████████░░░░░░░  74%  Streaming frame 4301/4803
  ██████████████████░░░░░░░  74%  Streaming frame 4302/4803
  ██████████████████░░░░░░░  74%  Streaming frame 4303/4803
  ██████████████████░░░░░░░  74%  Streaming frame 4304/4803
  ██████████████████░░░░░░░  74%  Streaming frame 4305/4803
  ██████████████████░░░░░░░  74%  Streaming frame 4306/4803
  ██████████████████░░░░░░░  74%  Streaming frame 4307/4803
  ██████████████████░░░░░░░  74%  Streaming frame 4308/4803
  ██████████████████░░░░░░░  74%  Streaming frame 4309/4803
  ██████████████████░░░░░░░  74%  Streaming frame 4310/4803
  ██████████████████░░░░░░░  74%  Streaming frame 4311/4803
  ██████████████████░░░░░░░  74%  Streaming frame 4312/4803
  ██████████████████░░░░░░░  74%  Streaming frame 4313/4803
  ██████████████████░░░░░░░  74%  Streaming frame 4314/4803
  ██████████████████░░░░░░░  74%  Streaming frame 4315/4803
  ██████████████████░░░░░░░  74%  Streaming frame 4316/4803
  ██████████████████░░░░░░░  74%  Streaming frame 4317/4803
  ██████████████████░░░░░░░  74%  Streaming frame 4318/4803
  ██████████████████░░░░░░░  74%  Streaming frame 4319/4803
  ██████████████████░░░░░░░  74%  Streaming frame 4320/4803
  ██████████████████░░░░░░░  74%  Streaming frame 4321/4803
  ██████████████████░░░░░░░  74%  Streaming frame 4322/4803
  ██████████████████░░░░░░░  75%  Streaming frame 4323/4803
  ██████████████████░░░░░░░  75%  Streaming frame 4324/4803
  ██████████████████░░░░░░░  75%  Streaming frame 4325/4803
  ██████████████████░░░░░░░  75%  Streaming frame 4326/4803
  ██████████████████░░░░░░░  75%  Streaming frame 4327/4803
  ██████████████████░░░░░░░  75%  Streaming frame 4328/4803
  ██████████████████░░░░░░░  75%  Streaming frame 4329/4803
  ██████████████████░░░░░░░  75%  Streaming frame 4330/4803
  ██████████████████░░░░░░░  75%  Streaming frame 4331/4803
  ██████████████████░░░░░░░  75%  Streaming frame 4332/4803
  ██████████████████░░░░░░░  75%  Streaming frame 4333/4803
  ██████████████████░░░░░░░  75%  Streaming frame 4334/4803
  ██████████████████░░░░░░░  75%  Streaming frame 4335/4803
  ██████████████████░░░░░░░  75%  Streaming frame 4336/4803
  ██████████████████░░░░░░░  75%  Streaming frame 4337/4803
  ██████████████████░░░░░░░  75%  Streaming frame 4338/4803
  ██████████████████░░░░░░░  75%  Streaming frame 4339/4803
  ██████████████████░░░░░░░  75%  Streaming frame 4340/4803
  ██████████████████░░░░░░░  75%  Streaming frame 4341/4803
  ██████████████████░░░░░░░  75%  Streaming frame 4342/4803
  ██████████████████░░░░░░░  75%  Streaming frame 4343/4803
  ██████████████████░░░░░░░  75%  Streaming frame 4344/4803
  ██████████████████░░░░░░░  75%  Streaming frame 4345/4803
  ██████████████████░░░░░░░  75%  Streaming frame 4346/4803
  ██████████████████░░░░░░░  75%  Streaming frame 4347/4803
  ██████████████████░░░░░░░  75%  Streaming frame 4348/4803
  ██████████████████░░░░░░░  75%  Streaming frame 4349/4803
  ██████████████████░░░░░░░  75%  Streaming frame 4350/4803
  ██████████████████░░░░░░░  75%  Streaming frame 4351/4803
  ██████████████████░░░░░░░  75%  Streaming frame 4352/4803
  ██████████████████░░░░░░░  75%  Streaming frame 4353/4803
  ██████████████████░░░░░░░  75%  Streaming frame 4354/4803
  ██████████████████░░░░░░░  75%  Streaming frame 4355/4803
  ██████████████████░░░░░░░  75%  Streaming frame 4356/4803
  ██████████████████░░░░░░░  75%  Streaming frame 4357/4803
  ██████████████████░░░░░░░  75%  Streaming frame 4358/4803
  ██████████████████░░░░░░░  75%  Streaming frame 4359/4803
  ██████████████████░░░░░░░  75%  Streaming frame 4360/4803
  ██████████████████░░░░░░░  75%  Streaming frame 4361/4803
  ██████████████████░░░░░░░  75%  Streaming frame 4362/4803
  ██████████████████░░░░░░░  75%  Streaming frame 4363/4803
  ██████████████████░░░░░░░  75%  Streaming frame 4364/4803
  ██████████████████░░░░░░░  75%  Streaming frame 4365/4803
  ██████████████████░░░░░░░  75%  Streaming frame 4366/4803
  ██████████████████░░░░░░░  75%  Streaming frame 4367/4803
  ██████████████████░░░░░░░  75%  Streaming frame 4368/4803
  ██████████████████░░░░░░░  75%  Streaming frame 4369/4803
  ██████████████████░░░░░░░  75%  Streaming frame 4370/4803
  ██████████████████░░░░░░░  75%  Streaming frame 4371/4803
  ██████████████████░░░░░░░  75%  Streaming frame 4372/4803
  ██████████████████░░░░░░░  75%  Streaming frame 4373/4803
  ██████████████████░░░░░░░  75%  Streaming frame 4374/4803
  ██████████████████░░░░░░░  75%  Streaming frame 4375/4803
  ██████████████████░░░░░░░  75%  Streaming frame 4376/4803
  ██████████████████░░░░░░░  75%  Streaming frame 4377/4803
  ██████████████████░░░░░░░  75%  Streaming frame 4378/4803
  ██████████████████░░░░░░░  75%  Streaming frame 4379/4803
  ██████████████████░░░░░░░  75%  Streaming frame 4380/4803
  ██████████████████░░░░░░░  75%  Streaming frame 4381/4803
  ██████████████████░░░░░░░  75%  Streaming frame 4382/4803
  ██████████████████░░░░░░░  75%  Streaming frame 4383/4803
  ██████████████████░░░░░░░  75%  Streaming frame 4384/4803
  ██████████████████░░░░░░░  75%  Streaming frame 4385/4803
  ██████████████████░░░░░░░  75%  Streaming frame 4386/4803
  ██████████████████░░░░░░░  75%  Streaming frame 4387/4803
  ██████████████████░░░░░░░  75%  Streaming frame 4388/4803
  ██████████████████░░░░░░░  75%  Streaming frame 4389/4803
  ██████████████████░░░░░░░  75%  Streaming frame 4390/4803
  ██████████████████░░░░░░░  75%  Streaming frame 4391/4803
  ██████████████████░░░░░░░  75%  Streaming frame 4392/4803
  ██████████████████░░░░░░░  75%  Streaming frame 4393/4803
  ██████████████████░░░░░░░  75%  Streaming frame 4394/4803
  ██████████████████░░░░░░░  75%  Streaming frame 4395/4803
  ██████████████████░░░░░░░  75%  Streaming frame 4396/4803
  ██████████████████░░░░░░░  75%  Streaming frame 4397/4803
  ██████████████████░░░░░░░  75%  Streaming frame 4398/4803
  ██████████████████░░░░░░░  75%  Streaming frame 4399/4803
  ██████████████████░░░░░░░  75%  Streaming frame 4400/4803
  ██████████████████░░░░░░░  75%  Streaming frame 4401/4803
  ██████████████████░░░░░░░  75%  Streaming frame 4402/4803
  ██████████████████░░░░░░░  75%  Streaming frame 4403/4803
  ██████████████████░░░░░░░  75%  Streaming frame 4404/4803
  ██████████████████░░░░░░░  75%  Streaming frame 4405/4803
  ██████████████████░░░░░░░  75%  Streaming frame 4406/4803
  ██████████████████░░░░░░░  75%  Streaming frame 4407/4803
  ██████████████████░░░░░░░  75%  Streaming frame 4408/4803
  ██████████████████░░░░░░░  75%  Streaming frame 4409/4803
  ██████████████████░░░░░░░  75%  Streaming frame 4410/4803
  ███████████████████░░░░░░  76%  Streaming frame 4411/4803
  ███████████████████░░░░░░  76%  Streaming frame 4412/4803
  ███████████████████░░░░░░  76%  Streaming frame 4413/4803
  ███████████████████░░░░░░  76%  Streaming frame 4414/4803
  ███████████████████░░░░░░  76%  Streaming frame 4415/4803
  ███████████████████░░░░░░  76%  Streaming frame 4416/4803
  ███████████████████░░░░░░  76%  Streaming frame 4417/4803
  ███████████████████░░░░░░  76%  Streaming frame 4418/4803
  ███████████████████░░░░░░  76%  Streaming frame 4419/4803
  ███████████████████░░░░░░  76%  Streaming frame 4420/4803
  ███████████████████░░░░░░  76%  Streaming frame 4421/4803
  ███████████████████░░░░░░  76%  Streaming frame 4422/4803
  ███████████████████░░░░░░  76%  Streaming frame 4423/4803
  ███████████████████░░░░░░  76%  Streaming frame 4424/4803
  ███████████████████░░░░░░  76%  Streaming frame 4425/4803
  ███████████████████░░░░░░  76%  Streaming frame 4426/4803
  ███████████████████░░░░░░  76%  Streaming frame 4427/4803
  ███████████████████░░░░░░  76%  Streaming frame 4428/4803
  ███████████████████░░░░░░  76%  Streaming frame 4429/4803
  ███████████████████░░░░░░  76%  Streaming frame 4430/4803
  ███████████████████░░░░░░  76%  Streaming frame 4431/4803
  ███████████████████░░░░░░  76%  Streaming frame 4432/4803
  ███████████████████░░░░░░  76%  Streaming frame 4433/4803
  ███████████████████░░░░░░  76%  Streaming frame 4434/4803
  ███████████████████░░░░░░  76%  Streaming frame 4435/4803
  ███████████████████░░░░░░  76%  Streaming frame 4436/4803
  ███████████████████░░░░░░  76%  Streaming frame 4437/4803
  ███████████████████░░░░░░  76%  Streaming frame 4438/4803
  ███████████████████░░░░░░  76%  Streaming frame 4439/4803
  ███████████████████░░░░░░  76%  Streaming frame 4440/4803
  ███████████████████░░░░░░  76%  Streaming frame 4441/4803
  ███████████████████░░░░░░  76%  Streaming frame 4442/4803
  ███████████████████░░░░░░  76%  Streaming frame 4443/4803
  ███████████████████░░░░░░  76%  Streaming frame 4444/4803
  ███████████████████░░░░░░  76%  Streaming frame 4445/4803
  ███████████████████░░░░░░  76%  Streaming frame 4446/4803
  ███████████████████░░░░░░  76%  Streaming frame 4447/4803
  ███████████████████░░░░░░  76%  Streaming frame 4448/4803
  ███████████████████░░░░░░  76%  Streaming frame 4449/4803
  ███████████████████░░░░░░  76%  Streaming frame 4450/4803
  ███████████████████░░░░░░  76%  Streaming frame 4451/4803
  ███████████████████░░░░░░  76%  Streaming frame 4452/4803
  ███████████████████░░░░░░  76%  Streaming frame 4453/4803
  ███████████████████░░░░░░  76%  Streaming frame 4454/4803
  ███████████████████░░░░░░  76%  Streaming frame 4455/4803
  ███████████████████░░░░░░  76%  Streaming frame 4456/4803
  ███████████████████░░░░░░  76%  Streaming frame 4457/4803
  ███████████████████░░░░░░  76%  Streaming frame 4458/4803
  ███████████████████░░░░░░  76%  Streaming frame 4459/4803
  ███████████████████░░░░░░  76%  Streaming frame 4460/4803
  ███████████████████░░░░░░  76%  Streaming frame 4461/4803
  ███████████████████░░░░░░  76%  Streaming frame 4462/4803
  ███████████████████░░░░░░  76%  Streaming frame 4463/4803
  ███████████████████░░░░░░  76%  Streaming frame 4464/4803
  ███████████████████░░░░░░  76%  Streaming frame 4465/4803
  ███████████████████░░░░░░  76%  Streaming frame 4466/4803
  ███████████████████░░░░░░  76%  Streaming frame 4467/4803
  ███████████████████░░░░░░  76%  Streaming frame 4468/4803
  ███████████████████░░░░░░  76%  Streaming frame 4469/4803
  ███████████████████░░░░░░  76%  Streaming frame 4470/4803
  ███████████████████░░░░░░  76%  Streaming frame 4471/4803
  ███████████████████░░░░░░  76%  Streaming frame 4472/4803
  ███████████████████░░░░░░  76%  Streaming frame 4473/4803
  ███████████████████░░░░░░  76%  Streaming frame 4474/4803
  ███████████████████░░░░░░  76%  Streaming frame 4475/4803
  ███████████████████░░░░░░  76%  Streaming frame 4476/4803
  ███████████████████░░░░░░  76%  Streaming frame 4477/4803
  ███████████████████░░░░░░  76%  Streaming frame 4478/4803
  ███████████████████░░░░░░  76%  Streaming frame 4479/4803
  ███████████████████░░░░░░  76%  Streaming frame 4480/4803
  ███████████████████░░░░░░  76%  Streaming frame 4481/4803
  ███████████████████░░░░░░  76%  Streaming frame 4482/4803
  ███████████████████░░░░░░  76%  Streaming frame 4483/4803
  ███████████████████░░░░░░  76%  Streaming frame 4484/4803
  ███████████████████░░░░░░  76%  Streaming frame 4485/4803
  ███████████████████░░░░░░  76%  Streaming frame 4486/4803
  ███████████████████░░░░░░  76%  Streaming frame 4487/4803
  ███████████████████░░░░░░  76%  Streaming frame 4488/4803
  ███████████████████░░░░░░  76%  Streaming frame 4489/4803
  ███████████████████░░░░░░  76%  Streaming frame 4490/4803
  ███████████████████░░░░░░  76%  Streaming frame 4491/4803
  ███████████████████░░░░░░  76%  Streaming frame 4492/4803
  ███████████████████░░░░░░  76%  Streaming frame 4493/4803
  ███████████████████░░░░░░  76%  Streaming frame 4494/4803
  ███████████████████░░░░░░  76%  Streaming frame 4495/4803
  ███████████████████░░░░░░  76%  Streaming frame 4496/4803
  ███████████████████░░░░░░  76%  Streaming frame 4497/4803
  ███████████████████░░░░░░  77%  Streaming frame 4498/4803
  ███████████████████░░░░░░  77%  Streaming frame 4499/4803
  ███████████████████░░░░░░  77%  Streaming frame 4500/4803
  ███████████████████░░░░░░  77%  Streaming frame 4501/4803
  ███████████████████░░░░░░  77%  Streaming frame 4502/4803
  ███████████████████░░░░░░  77%  Streaming frame 4503/4803
  ███████████████████░░░░░░  77%  Streaming frame 4504/4803
  ███████████████████░░░░░░  77%  Streaming frame 4505/4803
  ███████████████████░░░░░░  77%  Streaming frame 4506/4803
  ███████████████████░░░░░░  77%  Streaming frame 4507/4803
  ███████████████████░░░░░░  77%  Streaming frame 4508/4803
  ███████████████████░░░░░░  77%  Streaming frame 4509/4803
  ███████████████████░░░░░░  77%  Streaming frame 4510/4803
  ███████████████████░░░░░░  77%  Streaming frame 4511/4803
  ███████████████████░░░░░░  77%  Streaming frame 4512/4803
  ███████████████████░░░░░░  77%  Streaming frame 4513/4803
  ███████████████████░░░░░░  77%  Streaming frame 4514/4803
  ███████████████████░░░░░░  77%  Streaming frame 4515/4803
  ███████████████████░░░░░░  77%  Streaming frame 4516/4803
  ███████████████████░░░░░░  77%  Streaming frame 4517/4803
  ███████████████████░░░░░░  77%  Streaming frame 4518/4803
  ███████████████████░░░░░░  77%  Streaming frame 4519/4803
  ███████████████████░░░░░░  77%  Streaming frame 4520/4803
  ███████████████████░░░░░░  77%  Streaming frame 4521/4803
  ███████████████████░░░░░░  77%  Streaming frame 4522/4803
  ███████████████████░░░░░░  77%  Streaming frame 4523/4803
  ███████████████████░░░░░░  77%  Streaming frame 4524/4803
  ███████████████████░░░░░░  77%  Streaming frame 4525/4803
  ███████████████████░░░░░░  77%  Streaming frame 4526/4803
  ███████████████████░░░░░░  77%  Streaming frame 4527/4803
  ███████████████████░░░░░░  77%  Streaming frame 4528/4803
  ███████████████████░░░░░░  77%  Streaming frame 4529/4803
  ███████████████████░░░░░░  77%  Streaming frame 4530/4803
  ███████████████████░░░░░░  77%  Streaming frame 4531/4803
  ███████████████████░░░░░░  77%  Streaming frame 4532/4803
  ███████████████████░░░░░░  77%  Streaming frame 4533/4803
  ███████████████████░░░░░░  77%  Streaming frame 4534/4803
  ███████████████████░░░░░░  77%  Streaming frame 4535/4803
  ███████████████████░░░░░░  77%  Streaming frame 4536/4803
  ███████████████████░░░░░░  77%  Streaming frame 4537/4803
  ███████████████████░░░░░░  77%  Streaming frame 4538/4803
  ███████████████████░░░░░░  77%  Streaming frame 4539/4803
  ███████████████████░░░░░░  77%  Streaming frame 4540/4803
  ███████████████████░░░░░░  77%  Streaming frame 4541/4803
  ███████████████████░░░░░░  77%  Streaming frame 4542/4803
  ███████████████████░░░░░░  77%  Streaming frame 4543/4803
  ███████████████████░░░░░░  77%  Streaming frame 4544/4803
  ███████████████████░░░░░░  77%  Streaming frame 4545/4803
  ███████████████████░░░░░░  77%  Streaming frame 4546/4803
  ███████████████████░░░░░░  77%  Streaming frame 4547/4803
  ███████████████████░░░░░░  77%  Streaming frame 4548/4803
  ███████████████████░░░░░░  77%  Streaming frame 4549/4803
  ███████████████████░░░░░░  77%  Streaming frame 4550/4803
  ███████████████████░░░░░░  77%  Streaming frame 4551/4803
  ███████████████████░░░░░░  77%  Streaming frame 4552/4803
  ███████████████████░░░░░░  77%  Streaming frame 4553/4803
  ███████████████████░░░░░░  77%  Streaming frame 4554/4803
  ███████████████████░░░░░░  77%  Streaming frame 4555/4803
  ███████████████████░░░░░░  77%  Streaming frame 4556/4803
  ███████████████████░░░░░░  77%  Streaming frame 4557/4803
  ███████████████████░░░░░░  77%  Streaming frame 4558/4803
  ███████████████████░░░░░░  77%  Streaming frame 4559/4803
  ███████████████████░░░░░░  77%  Streaming frame 4560/4803
  ███████████████████░░░░░░  77%  Streaming frame 4561/4803
  ███████████████████░░░░░░  77%  Streaming frame 4562/4803
  ███████████████████░░░░░░  77%  Streaming frame 4563/4803
[INFO] [Render] drawElement self-verify passed {"renderJobId":"f0260c89-7ee7-4245-9228-b77333d3425b","frame":4563,"psnrDb":"inf"}
  ███████████████████░░░░░░  77%  Streaming frame 4564/4803
  ███████████████████░░░░░░  77%  Streaming frame 4565/4803
  ███████████████████░░░░░░  77%  Streaming frame 4566/4803
  ███████████████████░░░░░░  77%  Streaming frame 4567/4803
  ███████████████████░░░░░░  77%  Streaming frame 4568/4803
  ███████████████████░░░░░░  77%  Streaming frame 4569/4803
  ███████████████████░░░░░░  77%  Streaming frame 4570/4803
  ███████████████████░░░░░░  77%  Streaming frame 4571/4803
  ███████████████████░░░░░░  77%  Streaming frame 4572/4803
  ███████████████████░░░░░░  77%  Streaming frame 4573/4803
  ███████████████████░░░░░░  77%  Streaming frame 4574/4803
  ███████████████████░░░░░░  77%  Streaming frame 4575/4803
  ███████████████████░░░░░░  77%  Streaming frame 4576/4803
  ███████████████████░░░░░░  77%  Streaming frame 4577/4803
  ███████████████████░░░░░░  77%  Streaming frame 4578/4803
  ███████████████████░░░░░░  77%  Streaming frame 4579/4803
  ███████████████████░░░░░░  77%  Streaming frame 4580/4803
  ███████████████████░░░░░░  77%  Streaming frame 4581/4803
  ███████████████████░░░░░░  77%  Streaming frame 4582/4803
  ███████████████████░░░░░░  77%  Streaming frame 4583/4803
  ███████████████████░░░░░░  77%  Streaming frame 4584/4803
  ███████████████████░░░░░░  78%  Streaming frame 4585/4803
  ███████████████████░░░░░░  78%  Streaming frame 4586/4803
  ███████████████████░░░░░░  78%  Streaming frame 4587/4803
  ███████████████████░░░░░░  78%  Streaming frame 4588/4803
  ███████████████████░░░░░░  78%  Streaming frame 4589/4803
  ███████████████████░░░░░░  78%  Streaming frame 4590/4803
  ███████████████████░░░░░░  78%  Streaming frame 4591/4803
  ███████████████████░░░░░░  78%  Streaming frame 4592/4803
  ███████████████████░░░░░░  78%  Streaming frame 4593/4803
  ███████████████████░░░░░░  78%  Streaming frame 4594/4803
  ███████████████████░░░░░░  78%  Streaming frame 4595/4803
  ███████████████████░░░░░░  78%  Streaming frame 4596/4803
  ███████████████████░░░░░░  78%  Streaming frame 4597/4803
  ███████████████████░░░░░░  78%  Streaming frame 4598/4803
  ███████████████████░░░░░░  78%  Streaming frame 4599/4803
  ███████████████████░░░░░░  78%  Streaming frame 4600/4803
  ███████████████████░░░░░░  78%  Streaming frame 4601/4803
  ███████████████████░░░░░░  78%  Streaming frame 4602/4803
  ███████████████████░░░░░░  78%  Streaming frame 4603/4803
  ███████████████████░░░░░░  78%  Streaming frame 4604/4803
  ███████████████████░░░░░░  78%  Streaming frame 4605/4803
  ███████████████████░░░░░░  78%  Streaming frame 4606/4803
  ███████████████████░░░░░░  78%  Streaming frame 4607/4803
  ███████████████████░░░░░░  78%  Streaming frame 4608/4803
  ███████████████████░░░░░░  78%  Streaming frame 4609/4803
  ███████████████████░░░░░░  78%  Streaming frame 4610/4803
  ███████████████████░░░░░░  78%  Streaming frame 4611/4803
  ███████████████████░░░░░░  78%  Streaming frame 4612/4803
  ███████████████████░░░░░░  78%  Streaming frame 4613/4803
  ███████████████████░░░░░░  78%  Streaming frame 4614/4803
  ███████████████████░░░░░░  78%  Streaming frame 4615/4803
  ███████████████████░░░░░░  78%  Streaming frame 4616/4803
  ███████████████████░░░░░░  78%  Streaming frame 4617/4803
  ███████████████████░░░░░░  78%  Streaming frame 4618/4803
  ███████████████████░░░░░░  78%  Streaming frame 4619/4803
  ███████████████████░░░░░░  78%  Streaming frame 4620/4803
  ███████████████████░░░░░░  78%  Streaming frame 4621/4803
  ███████████████████░░░░░░  78%  Streaming frame 4622/4803
  ███████████████████░░░░░░  78%  Streaming frame 4623/4803
  ███████████████████░░░░░░  78%  Streaming frame 4624/4803
  ███████████████████░░░░░░  78%  Streaming frame 4625/4803
  ███████████████████░░░░░░  78%  Streaming frame 4626/4803
  ███████████████████░░░░░░  78%  Streaming frame 4627/4803
  ███████████████████░░░░░░  78%  Streaming frame 4628/4803
  ███████████████████░░░░░░  78%  Streaming frame 4629/4803
  ███████████████████░░░░░░  78%  Streaming frame 4630/4803
  ███████████████████░░░░░░  78%  Streaming frame 4631/4803
  ███████████████████░░░░░░  78%  Streaming frame 4632/4803
  ███████████████████░░░░░░  78%  Streaming frame 4633/4803
  ███████████████████░░░░░░  78%  Streaming frame 4634/4803
  ███████████████████░░░░░░  78%  Streaming frame 4635/4803
  ███████████████████░░░░░░  78%  Streaming frame 4636/4803
  ███████████████████░░░░░░  78%  Streaming frame 4637/4803
  ███████████████████░░░░░░  78%  Streaming frame 4638/4803
  ███████████████████░░░░░░  78%  Streaming frame 4639/4803
  ███████████████████░░░░░░  78%  Streaming frame 4640/4803
  ███████████████████░░░░░░  78%  Streaming frame 4641/4803
  ███████████████████░░░░░░  78%  Streaming frame 4642/4803
  ███████████████████░░░░░░  78%  Streaming frame 4643/4803
  ███████████████████░░░░░░  78%  Streaming frame 4644/4803
  ███████████████████░░░░░░  78%  Streaming frame 4645/4803
  ███████████████████░░░░░░  78%  Streaming frame 4646/4803
  ███████████████████░░░░░░  78%  Streaming frame 4647/4803
  ███████████████████░░░░░░  78%  Streaming frame 4648/4803
  ███████████████████░░░░░░  78%  Streaming frame 4649/4803
  ███████████████████░░░░░░  78%  Streaming frame 4650/4803
  ███████████████████░░░░░░  78%  Streaming frame 4651/4803
  ███████████████████░░░░░░  78%  Streaming frame 4652/4803
  ███████████████████░░░░░░  78%  Streaming frame 4653/4803
  ███████████████████░░░░░░  78%  Streaming frame 4654/4803
  ███████████████████░░░░░░  78%  Streaming frame 4655/4803
  ███████████████████░░░░░░  78%  Streaming frame 4656/4803
  ███████████████████░░░░░░  78%  Streaming frame 4657/4803
  ███████████████████░░░░░░  78%  Streaming frame 4658/4803
  ███████████████████░░░░░░  78%  Streaming frame 4659/4803
  ███████████████████░░░░░░  78%  Streaming frame 4660/4803
  ███████████████████░░░░░░  78%  Streaming frame 4661/4803
  ███████████████████░░░░░░  78%  Streaming frame 4662/4803
  ███████████████████░░░░░░  78%  Streaming frame 4663/4803
  ███████████████████░░░░░░  78%  Streaming frame 4664/4803
  ███████████████████░░░░░░  78%  Streaming frame 4665/4803
  ███████████████████░░░░░░  78%  Streaming frame 4666/4803
  ███████████████████░░░░░░  78%  Streaming frame 4667/4803
  ███████████████████░░░░░░  78%  Streaming frame 4668/4803
  ███████████████████░░░░░░  78%  Streaming frame 4669/4803
  ███████████████████░░░░░░  78%  Streaming frame 4670/4803
  ███████████████████░░░░░░  78%  Streaming frame 4671/4803
  ███████████████████░░░░░░  78%  Streaming frame 4672/4803
  ███████████████████░░░░░░  79%  Streaming frame 4673/4803
  ███████████████████░░░░░░  79%  Streaming frame 4674/4803
  ███████████████████░░░░░░  79%  Streaming frame 4675/4803
  ███████████████████░░░░░░  79%  Streaming frame 4676/4803
  ███████████████████░░░░░░  79%  Streaming frame 4677/4803
  ███████████████████░░░░░░  79%  Streaming frame 4678/4803
  ███████████████████░░░░░░  79%  Streaming frame 4679/4803
  ███████████████████░░░░░░  79%  Streaming frame 4680/4803
  ███████████████████░░░░░░  79%  Streaming frame 4681/4803
  ███████████████████░░░░░░  79%  Streaming frame 4682/4803
  ███████████████████░░░░░░  79%  Streaming frame 4683/4803
  ███████████████████░░░░░░  79%  Streaming frame 4684/4803
  ███████████████████░░░░░░  79%  Streaming frame 4685/4803
  ███████████████████░░░░░░  79%  Streaming frame 4686/4803
  ███████████████████░░░░░░  79%  Streaming frame 4687/4803
  ███████████████████░░░░░░  79%  Streaming frame 4688/4803
  ███████████████████░░░░░░  79%  Streaming frame 4689/4803
  ███████████████████░░░░░░  79%  Streaming frame 4690/4803
  ███████████████████░░░░░░  79%  Streaming frame 4691/4803
  ███████████████████░░░░░░  79%  Streaming frame 4692/4803
  ███████████████████░░░░░░  79%  Streaming frame 4693/4803
  ███████████████████░░░░░░  79%  Streaming frame 4694/4803
  ███████████████████░░░░░░  79%  Streaming frame 4695/4803
  ███████████████████░░░░░░  79%  Streaming frame 4696/4803
  ███████████████████░░░░░░  79%  Streaming frame 4697/4803
  ███████████████████░░░░░░  79%  Streaming frame 4698/4803
  ███████████████████░░░░░░  79%  Streaming frame 4699/4803
  ███████████████████░░░░░░  79%  Streaming frame 4700/4803
  ███████████████████░░░░░░  79%  Streaming frame 4701/4803
  ███████████████████░░░░░░  79%  Streaming frame 4702/4803
  ███████████████████░░░░░░  79%  Streaming frame 4703/4803
  ███████████████████░░░░░░  79%  Streaming frame 4704/4803
  ███████████████████░░░░░░  79%  Streaming frame 4705/4803
  ███████████████████░░░░░░  79%  Streaming frame 4706/4803
  ███████████████████░░░░░░  79%  Streaming frame 4707/4803
  ███████████████████░░░░░░  79%  Streaming frame 4708/4803
  ███████████████████░░░░░░  79%  Streaming frame 4709/4803
  ███████████████████░░░░░░  79%  Streaming frame 4710/4803
  ███████████████████░░░░░░  79%  Streaming frame 4711/4803
  ███████████████████░░░░░░  79%  Streaming frame 4712/4803
  ███████████████████░░░░░░  79%  Streaming frame 4713/4803
  ███████████████████░░░░░░  79%  Streaming frame 4714/4803
  ███████████████████░░░░░░  79%  Streaming frame 4715/4803
  ███████████████████░░░░░░  79%  Streaming frame 4716/4803
  ███████████████████░░░░░░  79%  Streaming frame 4717/4803
  ███████████████████░░░░░░  79%  Streaming frame 4718/4803
  ███████████████████░░░░░░  79%  Streaming frame 4719/4803
  ███████████████████░░░░░░  79%  Streaming frame 4720/4803
  ███████████████████░░░░░░  79%  Streaming frame 4721/4803
  ███████████████████░░░░░░  79%  Streaming frame 4722/4803
  ███████████████████░░░░░░  79%  Streaming frame 4723/4803
  ███████████████████░░░░░░  79%  Streaming frame 4724/4803
  ███████████████████░░░░░░  79%  Streaming frame 4725/4803
  ███████████████████░░░░░░  79%  Streaming frame 4726/4803
  ███████████████████░░░░░░  79%  Streaming frame 4727/4803
  ███████████████████░░░░░░  79%  Streaming frame 4728/4803
  ███████████████████░░░░░░  79%  Streaming frame 4729/4803
  ███████████████████░░░░░░  79%  Streaming frame 4730/4803
  ███████████████████░░░░░░  79%  Streaming frame 4731/4803
  ███████████████████░░░░░░  79%  Streaming frame 4732/4803
  ███████████████████░░░░░░  79%  Streaming frame 4733/4803
  ███████████████████░░░░░░  79%  Streaming frame 4734/4803
  ███████████████████░░░░░░  79%  Streaming frame 4735/4803
  ███████████████████░░░░░░  79%  Streaming frame 4736/4803
  ███████████████████░░░░░░  79%  Streaming frame 4737/4803
  ███████████████████░░░░░░  79%  Streaming frame 4738/4803
  ███████████████████░░░░░░  79%  Streaming frame 4739/4803
  ███████████████████░░░░░░  79%  Streaming frame 4740/4803
  ███████████████████░░░░░░  79%  Streaming frame 4741/4803
  ███████████████████░░░░░░  79%  Streaming frame 4742/4803
  ███████████████████░░░░░░  79%  Streaming frame 4743/4803
  ███████████████████░░░░░░  79%  Streaming frame 4744/4803
  ███████████████████░░░░░░  79%  Streaming frame 4745/4803
  ███████████████████░░░░░░  79%  Streaming frame 4746/4803
  ███████████████████░░░░░░  79%  Streaming frame 4747/4803
  ███████████████████░░░░░░  79%  Streaming frame 4748/4803
  ███████████████████░░░░░░  79%  Streaming frame 4749/4803
  ███████████████████░░░░░░  79%  Streaming frame 4750/4803
  ███████████████████░░░░░░  79%  Streaming frame 4751/4803
  ███████████████████░░░░░░  79%  Streaming frame 4752/4803
  ███████████████████░░░░░░  79%  Streaming frame 4753/4803
  ███████████████████░░░░░░  79%  Streaming frame 4754/4803
  ███████████████████░░░░░░  79%  Streaming frame 4755/4803
  ███████████████████░░░░░░  79%  Streaming frame 4756/4803
  ███████████████████░░░░░░  79%  Streaming frame 4757/4803
  ███████████████████░░░░░░  79%  Streaming frame 4758/4803
  ███████████████████░░░░░░  79%  Streaming frame 4759/4803
  ████████████████████░░░░░  80%  Streaming frame 4760/4803
  ████████████████████░░░░░  80%  Streaming frame 4761/4803
  ████████████████████░░░░░  80%  Streaming frame 4762/4803
  ████████████████████░░░░░  80%  Streaming frame 4763/4803
  ████████████████████░░░░░  80%  Streaming frame 4764/4803
  ████████████████████░░░░░  80%  Streaming frame 4765/4803
  ████████████████████░░░░░  80%  Streaming frame 4766/4803
  ████████████████████░░░░░  80%  Streaming frame 4767/4803
  ████████████████████░░░░░  80%  Streaming frame 4768/4803
  ████████████████████░░░░░  80%  Streaming frame 4769/4803
  ████████████████████░░░░░  80%  Streaming frame 4770/4803
  ████████████████████░░░░░  80%  Streaming frame 4771/4803
  ████████████████████░░░░░  80%  Streaming frame 4772/4803
  ████████████████████░░░░░  80%  Streaming frame 4773/4803
  ████████████████████░░░░░  80%  Streaming frame 4774/4803
  ████████████████████░░░░░  80%  Streaming frame 4775/4803
  ████████████████████░░░░░  80%  Streaming frame 4776/4803
  ████████████████████░░░░░  80%  Streaming frame 4777/4803
  ████████████████████░░░░░  80%  Streaming frame 4778/4803
  ████████████████████░░░░░  80%  Streaming frame 4779/4803
  ████████████████████░░░░░  80%  Streaming frame 4780/4803
  ████████████████████░░░░░  80%  Streaming frame 4781/4803
  ████████████████████░░░░░  80%  Streaming frame 4782/4803
  ████████████████████░░░░░  80%  Streaming frame 4783/4803
  ████████████████████░░░░░  80%  Streaming frame 4784/4803
  ████████████████████░░░░░  80%  Streaming frame 4785/4803
  ████████████████████░░░░░  80%  Streaming frame 4786/4803
  ████████████████████░░░░░  80%  Streaming frame 4787/4803
  ████████████████████░░░░░  80%  Streaming frame 4788/4803
  ████████████████████░░░░░  80%  Streaming frame 4789/4803
  ████████████████████░░░░░  80%  Streaming frame 4790/4803
  ████████████████████░░░░░  80%  Streaming frame 4791/4803
  ████████████████████░░░░░  80%  Streaming frame 4792/4803
  ████████████████████░░░░░  80%  Streaming frame 4793/4803
  ████████████████████░░░░░  80%  Streaming frame 4794/4803
  ████████████████████░░░░░  80%  Streaming frame 4795/4803
  ████████████████████░░░░░  80%  Streaming frame 4796/4803
  ████████████████████░░░░░  80%  Streaming frame 4797/4803
  ████████████████████░░░░░  80%  Streaming frame 4798/4803
  ████████████████████░░░░░  80%  Streaming frame 4799/4803
  ████████████████████░░░░░  80%  Streaming frame 4800/4803
  ████████████████████░░░░░  80%  Streaming frame 4801/4803
  ████████████████████░░░░░  80%  Streaming frame 4802/4803
  ████████████████████░░░░░  80%  Streaming frame 4803/4803
[INFO] [Render:trace] {"renderJobId":"f0260c89-7ee7-4245-9228-b77333d3425b","phase":"capture_streaming","status":"end","elapsedMs":97432,"durationMs":88405,"stagePhase":"capturing","workerCount":1,"forceScreenshot":false,"totalFrames":4803,"framesCompleted":4803,"captureMode":"drawelement","captureOperation":"encode"}
[INFO] [Render:trace] {"renderJobId":"f0260c89-7ee7-4245-9228-b77333d3425b","phase":"assemble","status":"start","elapsedMs":97433,"stagePhase":"capturing","hasAudio":true,"workerCount":1,"forceScreenshot":false,"totalFrames":4803,"framesCompleted":4803,"captureMode":"drawelement","captureOperation":"encode"}
  ██████████████████████░░░  90%  Assembling final video
[INFO] [Render:trace] {"renderJobId":"f0260c89-7ee7-4245-9228-b77333d3425b","phase":"assemble","status":"end","elapsedMs":101492,"durationMs":4059,"stagePhase":"capturing","hasAudio":true,"workerCount":1,"forceScreenshot":false,"totalFrames":4803,"framesCompleted":4803,"captureMode":"drawelement","captureOperation":"encode"}
[INFO] [Render:trace] {"renderJobId":"f0260c89-7ee7-4245-9228-b77333d3425b","phase":"pipeline","status":"checkpoint","elapsedMs":101521,"message":"artifact validated","totalElapsedMs":101511}
  █████████████████████████  100%  Render complete

◇  /Users/brownmanbrain/GitHub/operator-economy/blueprint-cinema/experiments/EP007-NET-NEW-UNFINISHED-ANSWER-003/hyperframes/reviews/r35-default-outcome-avatar/qa/r35-full-review.mp4
   18.5 MB · 3m 20.1s video · rendered in 1m 41.5s
