
◆  Rendering r38-progressive-business → /Users/brownmanbrain/GitHub/operator-economy/blueprint-cinema/experiments/EP007-NET-NEW-UNFINISHED-ANSWER-003/hyperframes/reviews/r38-progressive-business/qa/r38-full-visual-draft.mp4
   24fps · draft · 1 workers
   GPU: browser GPU (auto-detect)

[?25l│
◇  Browser: cache
[?25h[INFO] [Render] Pipeline started {"renderJobId":"1c57a6f3-a451-4ce4-ac2e-553797cfb0b7","platform":"darwin","arch":"arm64","nodeVersion":"v25.6.1","fps":{"num":24,"den":1},"format":"mp4","quality":"draft","browserGpuMode":"auto","forceScreenshot":false,"protocolTimeout":300000,"browserTimeout":120000,"pageNavigationTimeout":60000,"playerReadyTimeout":45000}
[INFO] [Render:trace] {"renderJobId":"1c57a6f3-a451-4ce4-ac2e-553797cfb0b7","phase":"pipeline","status":"checkpoint","elapsedMs":2,"message":"started","format":"mp4","quality":"draft","browserGpuMode":"auto","forceScreenshot":false,"protocolTimeoutMs":300000,"pageNavigationTimeoutMs":60000,"playerReadyTimeoutMs":45000,"requestedWorkers":1}
[INFO] [Render:trace] {"renderJobId":"1c57a6f3-a451-4ce4-ac2e-553797cfb0b7","phase":"compile","status":"start","elapsedMs":2,"needsAlpha":false}
  █░░░░░░░░░░░░░░░░░░░░░░░░  5%  Compiling composition
[INFO] [Compiler] Fetched 7 font face(s) for "EB Garamond" from Google Fonts (cached to /Users/brownmanbrain/.cache/hyperframes/fonts/eb-garamond)
[INFO] [Compiler] Injected deterministic @font-face rules for 1 requested font families
[INFO] [Compiler] Embedded local font file: public/fonts/boska-700.woff2 (30 KB → data URI)
[INFO] [Compiler] Embedded local font file: public/fonts/zodiak-700.woff2 (21 KB → data URI)
[INFO] [Compiler] Embedded local font file: public/fonts/supreme-400.woff2 (18 KB → data URI)
[INFO] [Compiler] Embedded local font file: public/fonts/supreme-500.woff2 (18 KB → data URI)
[INFO] Compiled composition metadata {"renderJobId":"1c57a6f3-a451-4ce4-ac2e-553797cfb0b7","entryFile":"index.html","staticDuration":293.625,"width":1280,"height":720,"videoCount":16,"audioCount":7,"renderModeHints":{"recommendScreenshot":false,"reasons":[]}}
[WARN] [Compiler] WARNING: Video "avatar-hook" has sparse keyframes (max interval: 10.42s). This causes seek failures and frame freezing. Re-encode with: ffmpeg -i "public/media/avatar-v5-opening.mp4" -c:v libx264 -r 30 -g 30 -keyint_min 30 -movflags +faststart -c:a copy output.mp4
[WARN] [Compiler] WARNING: Video "workshop-wide" has sparse keyframes (max interval: 13.75s). This causes seek failures and frame freezing. Re-encode with: ffmpeg -i "public/media/establishing.mp4" -c:v libx264 -r 30 -g 30 -keyint_min 30 -movflags +faststart -c:a copy output.mp4
[WARN] [Compiler] WARNING: Video "owner-confidence" has sparse keyframes (max interval: 13.75s). This causes seek failures and frame freezing. Re-encode with: ffmpeg -i "public/media/establishing.mp4" -c:v libx264 -r 30 -g 30 -keyint_min 30 -movflags +faststart -c:a copy output.mp4
[WARN] [Compiler] WARNING: Video "buyer-numbers" has sparse keyframes (max interval: 13.75s). This causes seek failures and frame freezing. Re-encode with: ffmpeg -i "public/media/establishing.mp4" -c:v libx264 -r 30 -g 30 -keyint_min 30 -movflags +faststart -c:a copy output.mp4
[WARN] [Compiler] WARNING: Video "m-seller-video" has sparse keyframes (max interval: 13.75s). This causes seek failures and frame freezing. Re-encode with: ffmpeg -i "public/media/establishing.mp4" -c:v libx264 -r 30 -g 30 -keyint_min 30 -movflags +faststart -c:a copy output.mp4
[WARN] [Compiler] WARNING: Video "avatar-post-title" has sparse keyframes (max interval: 10.42s). This causes seek failures and frame freezing. Re-encode with: ffmpeg -i "public/media/v5-post-title-continuous.mp4" -c:v libx264 -r 30 -g 30 -keyint_min 30 -movflags +faststart -c:a copy output.mp4
[WARN] [Compiler] WARNING: Video "buyer-scrutiny-r36" has sparse keyframes (max interval: 13.75s). This causes seek failures and frame freezing. Re-encode with: ffmpeg -i "public/media/establishing.mp4" -c:v libx264 -r 30 -g 30 -keyint_min 30 -movflags +faststart -c:a copy output.mp4
[WARN] [Compiler] WARNING: Video "s38-callback" has sparse keyframes (max interval: 13.75s). This causes seek failures and frame freezing. Re-encode with: ffmpeg -i "public/media/establishing.mp4" -c:v libx264 -r 30 -g 30 -keyint_min 30 -movflags +faststart -c:a copy output.mp4
[WARN] [Compiler] WARNING: Video "q-speaking" has sparse keyframes (max interval: 10.42s). This causes seek failures and frame freezing. Re-encode with: ffmpeg -i "public/media/question-pensive-r32-with-pause.mp4" -c:v libx264 -r 30 -g 30 -keyint_min 30 -movflags +faststart -c:a copy output.mp4
[INFO] [Render:trace] {"renderJobId":"1c57a6f3-a451-4ce4-ac2e-553797cfb0b7","phase":"compile","status":"end","elapsedMs":1533,"durationMs":1530,"needsAlpha":false}
[INFO] [Render:trace] {"renderJobId":"1c57a6f3-a451-4ce4-ac2e-553797cfb0b7","phase":"compile","status":"checkpoint","elapsedMs":1535,"message":"composition metadata resolved","width":1280,"height":720,"videoCount":16,"audioCount":7,"imageCount":20,"deviceScaleFactor":1,"forceScreenshot":false,"compositionHash":"9c34cbb012778167"}
[INFO] [Render:trace] {"renderJobId":"1c57a6f3-a451-4ce4-ac2e-553797cfb0b7","phase":"browser_probe","status":"start","elapsedMs":1535,"forceScreenshot":false,"stagePhase":"calibrating"}
[INFO] [Render:trace] {"renderJobId":"1c57a6f3-a451-4ce4-ac2e-553797cfb0b7","phase":"browser_probe","status":"end","elapsedMs":1562,"durationMs":27,"forceScreenshot":false,"stagePhase":"calibrating"}
[INFO] [Render:trace] {"renderJobId":"1c57a6f3-a451-4ce4-ac2e-553797cfb0b7","phase":"browser_probe","status":"checkpoint","elapsedMs":1563,"message":"duration resolved","durationSeconds":293.625,"totalFrames":7047,"compositionHash":"9c34cbb012778167","beginFrameStalled":false}
[INFO] [Render:trace] {"renderJobId":"1c57a6f3-a451-4ce4-ac2e-553797cfb0b7","phase":"video_extract","status":"start","elapsedMs":1563,"videoCount":16}
[INFO] Probing video color spaces... {"renderJobId":"1c57a6f3-a451-4ce4-ac2e-553797cfb0b7","videoCount":16}
  ██░░░░░░░░░░░░░░░░░░░░░░░  10%  Extracting video frames
[INFO] Extracting frames from video 1/16 {"renderJobId":"1c57a6f3-a451-4ce4-ac2e-553797cfb0b7","sourceType":"local"}
[INFO] Extracting frames from video 2/16 {"renderJobId":"1c57a6f3-a451-4ce4-ac2e-553797cfb0b7","sourceType":"local"}
[INFO] Extracting frames from video 3/16 {"renderJobId":"1c57a6f3-a451-4ce4-ac2e-553797cfb0b7","sourceType":"local"}
[INFO] Extracting frames from video 4/16 {"renderJobId":"1c57a6f3-a451-4ce4-ac2e-553797cfb0b7","sourceType":"local"}
[INFO] Extracting frames from video 5/16 {"renderJobId":"1c57a6f3-a451-4ce4-ac2e-553797cfb0b7","sourceType":"local"}
[INFO] Extracting frames from video 6/16 {"renderJobId":"1c57a6f3-a451-4ce4-ac2e-553797cfb0b7","sourceType":"local"}
[INFO] Extracting frames from video 7/16 {"renderJobId":"1c57a6f3-a451-4ce4-ac2e-553797cfb0b7","sourceType":"local"}
[INFO] Extracting frames from video 8/16 {"renderJobId":"1c57a6f3-a451-4ce4-ac2e-553797cfb0b7","sourceType":"local"}
[INFO] Extracting frames from video 9/16 {"renderJobId":"1c57a6f3-a451-4ce4-ac2e-553797cfb0b7","sourceType":"local"}
[INFO] Extracting frames from video 10/16 {"renderJobId":"1c57a6f3-a451-4ce4-ac2e-553797cfb0b7","sourceType":"local"}
[INFO] Extracting frames from video 11/16 {"renderJobId":"1c57a6f3-a451-4ce4-ac2e-553797cfb0b7","sourceType":"local"}
[INFO] Extracting frames from video 12/16 {"renderJobId":"1c57a6f3-a451-4ce4-ac2e-553797cfb0b7","sourceType":"local"}
[INFO] Extracting frames from video 13/16 {"renderJobId":"1c57a6f3-a451-4ce4-ac2e-553797cfb0b7","sourceType":"local"}
[INFO] Extracting frames from video 14/16 {"renderJobId":"1c57a6f3-a451-4ce4-ac2e-553797cfb0b7","sourceType":"local"}
[INFO] Extracting frames from video 15/16 {"renderJobId":"1c57a6f3-a451-4ce4-ac2e-553797cfb0b7","sourceType":"local"}
[INFO] Extracting frames from video 16/16 {"renderJobId":"1c57a6f3-a451-4ce4-ac2e-553797cfb0b7","sourceType":"local"}
[INFO] [Render:trace] {"renderJobId":"1c57a6f3-a451-4ce4-ac2e-553797cfb0b7","phase":"video_extract","status":"end","elapsedMs":6193,"durationMs":4630,"videoCount":16}
[INFO] [Render:trace] {"renderJobId":"1c57a6f3-a451-4ce4-ac2e-553797cfb0b7","phase":"video_extract","status":"checkpoint","elapsedMs":6197,"message":"frames resolved","videoCount":16,"extractedVideoCount":16,"totalFramesExtracted":2065,"maxFramesPerVideo":360,"avgFramesPerExtractedVideo":129,"vfrPreflightCount":0,"vfrPreflightMs":0,"cacheHits":0,"cacheMisses":16,"transientRetries":0,"minVideoFrameCoverageRatio":1,"authoredTimedClipCount":34}
[INFO] [Render] No HDR sources detected — rendering SDR {"renderJobId":"1c57a6f3-a451-4ce4-ac2e-553797cfb0b7"}
[INFO] [Render:trace] {"renderJobId":"1c57a6f3-a451-4ce4-ac2e-553797cfb0b7","phase":"hdr_detection","status":"checkpoint","elapsedMs":6198,"message":"resolved","requestedHdrMode":"auto","effectiveHdr":"sdr","nativeHdrVideoCount":0,"nativeHdrImageCount":0}
[INFO] [Render:trace] {"renderJobId":"1c57a6f3-a451-4ce4-ac2e-553797cfb0b7","phase":"audio_process","status":"start","elapsedMs":6198,"audioCount":7}
  █████░░░░░░░░░░░░░░░░░░░░  20%  Processing audio tracks
[INFO] [Render:trace] {"renderJobId":"1c57a6f3-a451-4ce4-ac2e-553797cfb0b7","phase":"audio_process","status":"end","elapsedMs":12365,"durationMs":6167,"audioCount":7}
[INFO] [Render:trace] {"renderJobId":"1c57a6f3-a451-4ce4-ac2e-553797cfb0b7","phase":"file_server","status":"start","elapsedMs":12365,"reused":false}
  ██████░░░░░░░░░░░░░░░░░░░  25%  Starting frame capture
[INFO] [Render:trace] {"renderJobId":"1c57a6f3-a451-4ce4-ac2e-553797cfb0b7","phase":"file_server","status":"end","elapsedMs":12370,"durationMs":5}
[hyperframes] browserGpuMode probe → hardware (WebGL renderer vendor="Google Inc. (Apple)" renderer="ANGLE (Apple, ANGLE Metal Renderer: Apple M4, Unspecified Version)")
[INFO] [Render:trace] {"renderJobId":"1c57a6f3-a451-4ce4-ac2e-553797cfb0b7","phase":"capture_calibration","status":"checkpoint","elapsedMs":12537,"message":"skipped","requestedWorkers":1,"totalFrames":7047,"htmlInCanvasDetected":false,"lowMemoryMode":false,"deInversionEligible":false,"deParallelRouterEligible":false}
[INFO] [Render:trace] {"renderJobId":"1c57a6f3-a451-4ce4-ac2e-553797cfb0b7","phase":"worker_resolution","status":"checkpoint","elapsedMs":12537,"message":"resolved","workerCount":1}
[INFO] streaming-encode gate {"renderJobId":"1c57a6f3-a451-4ce4-ac2e-553797cfb0b7","enabled":true,"configFlag":true,"outputFormat":"mp4","workerCount":1,"durationSeconds":293.625,"maxDurationSeconds":360}
[INFO] [Render:trace] {"renderJobId":"1c57a6f3-a451-4ce4-ac2e-553797cfb0b7","phase":"capture_strategy","status":"checkpoint","elapsedMs":12537,"message":"resolved","workerCount":1,"forceScreenshot":false,"captureBeyondViewport":true,"useStreamingEncode":true,"useLayeredComposite":false,"usePageSideCompositing":false,"hasHdrContent":false,"hasShaderTransitions":false,"isPngSequence":false}
[INFO] [Render:trace] {"renderJobId":"1c57a6f3-a451-4ce4-ac2e-553797cfb0b7","phase":"capture_streaming","status":"start","elapsedMs":12537,"stagePhase":"capturing","workerCount":1,"forceScreenshot":false,"totalFrames":7047,"framesCompleted":0,"captureMode":"drawelement","captureOperation":"drawElement"}
[BrowserManager] Browser launched (HeadlessChrome/152.0.7977.30, screenshot, gl=--use-gl=angle --use-angle=metal, headlessShell=true, platform=darwin)
[initSession:screenshot] page.goto start (1ms)
[HyperFrames] render runtime fps [object Object]
[initSession:screenshot] page.goto complete (165ms)
[initSession:screenshot] GSAP proxy flush complete (309ms)
[initSession:screenshot] pollHfReady complete (358ms)
[initSession:screenshot] pollSubCompositionTimelines complete (ready) (362ms)
[initSession:screenshot] applyVideoMetadataHints complete (363ms)
[initSession:screenshot] media + fonts + tailwind ready (375ms)
[initSession:screenshot] captureBeyondViewport downgraded: page content fits the capture viewport (377ms)
[initSession:screenshot] timeline at-risk predictor: 0/7047 frames (0%) (401ms)
[initSession:screenshot] static-frame dedup: disabled (before-capture hook / video injection active) (403ms)
[initSession:screenshot] drawElement self-verify armed: 4 ground-truth frame(s) @ [1762, 3524, 5285, 6695] of 7047 (800ms)
[initSession:drawelement] drawElement canvas injected (804ms)
[initSession:drawelement] screenshot fallback: 86 clip-boundary frame(s) (805ms)
[initSession:drawelement] drawElement worker encode initialized (807ms)
  ██████░░░░░░░░░░░░░░░░░░░  25%  Streaming frame 1/7047
  ██████░░░░░░░░░░░░░░░░░░░  25%  Streaming frame 2/7047
  ██████░░░░░░░░░░░░░░░░░░░  25%  Streaming frame 3/7047
  ██████░░░░░░░░░░░░░░░░░░░  25%  Streaming frame 4/7047
  ██████░░░░░░░░░░░░░░░░░░░  25%  Streaming frame 5/7047
  ██████░░░░░░░░░░░░░░░░░░░  25%  Streaming frame 6/7047
  ██████░░░░░░░░░░░░░░░░░░░  25%  Streaming frame 7/7047
  ██████░░░░░░░░░░░░░░░░░░░  25%  Streaming frame 8/7047
  ██████░░░░░░░░░░░░░░░░░░░  25%  Streaming frame 9/7047
  ██████░░░░░░░░░░░░░░░░░░░  25%  Streaming frame 10/7047
  ██████░░░░░░░░░░░░░░░░░░░  25%  Streaming frame 11/7047
  ██████░░░░░░░░░░░░░░░░░░░  25%  Streaming frame 12/7047
  ██████░░░░░░░░░░░░░░░░░░░  25%  Streaming frame 13/7047
  ██████░░░░░░░░░░░░░░░░░░░  25%  Streaming frame 14/7047
  ██████░░░░░░░░░░░░░░░░░░░  25%  Streaming frame 15/7047
  ██████░░░░░░░░░░░░░░░░░░░  25%  Streaming frame 16/7047
  ██████░░░░░░░░░░░░░░░░░░░  25%  Streaming frame 17/7047
  ██████░░░░░░░░░░░░░░░░░░░  25%  Streaming frame 18/7047
  ██████░░░░░░░░░░░░░░░░░░░  25%  Streaming frame 19/7047
  ██████░░░░░░░░░░░░░░░░░░░  25%  Streaming frame 20/7047
  ██████░░░░░░░░░░░░░░░░░░░  25%  Streaming frame 21/7047
  ██████░░░░░░░░░░░░░░░░░░░  25%  Streaming frame 22/7047
  ██████░░░░░░░░░░░░░░░░░░░  25%  Streaming frame 23/7047
  ██████░░░░░░░░░░░░░░░░░░░  25%  Streaming frame 24/7047
  ██████░░░░░░░░░░░░░░░░░░░  25%  Streaming frame 25/7047
  ██████░░░░░░░░░░░░░░░░░░░  25%  Streaming frame 26/7047
  ██████░░░░░░░░░░░░░░░░░░░  25%  Streaming frame 27/7047
  ██████░░░░░░░░░░░░░░░░░░░  25%  Streaming frame 28/7047
  ██████░░░░░░░░░░░░░░░░░░░  25%  Streaming frame 29/7047
  ██████░░░░░░░░░░░░░░░░░░░  25%  Streaming frame 30/7047
  ██████░░░░░░░░░░░░░░░░░░░  25%  Streaming frame 31/7047
  ██████░░░░░░░░░░░░░░░░░░░  25%  Streaming frame 32/7047
  ██████░░░░░░░░░░░░░░░░░░░  25%  Streaming frame 33/7047
  ██████░░░░░░░░░░░░░░░░░░░  25%  Streaming frame 34/7047
  ██████░░░░░░░░░░░░░░░░░░░  25%  Streaming frame 35/7047
  ██████░░░░░░░░░░░░░░░░░░░  25%  Streaming frame 36/7047
  ██████░░░░░░░░░░░░░░░░░░░  25%  Streaming frame 37/7047
  ██████░░░░░░░░░░░░░░░░░░░  25%  Streaming frame 38/7047
  ██████░░░░░░░░░░░░░░░░░░░  25%  Streaming frame 39/7047
  ██████░░░░░░░░░░░░░░░░░░░  25%  Streaming frame 40/7047
  ██████░░░░░░░░░░░░░░░░░░░  25%  Streaming frame 41/7047
  ██████░░░░░░░░░░░░░░░░░░░  25%  Streaming frame 42/7047
  ██████░░░░░░░░░░░░░░░░░░░  25%  Streaming frame 43/7047
  ██████░░░░░░░░░░░░░░░░░░░  25%  Streaming frame 44/7047
  ██████░░░░░░░░░░░░░░░░░░░  25%  Streaming frame 45/7047
  ██████░░░░░░░░░░░░░░░░░░░  25%  Streaming frame 46/7047
  ██████░░░░░░░░░░░░░░░░░░░  25%  Streaming frame 47/7047
  ██████░░░░░░░░░░░░░░░░░░░  25%  Streaming frame 48/7047
  ██████░░░░░░░░░░░░░░░░░░░  25%  Streaming frame 49/7047
  ██████░░░░░░░░░░░░░░░░░░░  25%  Streaming frame 50/7047
  ██████░░░░░░░░░░░░░░░░░░░  25%  Streaming frame 51/7047
  ██████░░░░░░░░░░░░░░░░░░░  25%  Streaming frame 52/7047
  ██████░░░░░░░░░░░░░░░░░░░  25%  Streaming frame 53/7047
  ██████░░░░░░░░░░░░░░░░░░░  25%  Streaming frame 54/7047
  ██████░░░░░░░░░░░░░░░░░░░  25%  Streaming frame 55/7047
  ██████░░░░░░░░░░░░░░░░░░░  25%  Streaming frame 56/7047
  ██████░░░░░░░░░░░░░░░░░░░  25%  Streaming frame 57/7047
  ██████░░░░░░░░░░░░░░░░░░░  25%  Streaming frame 58/7047
  ██████░░░░░░░░░░░░░░░░░░░  25%  Streaming frame 59/7047
  ██████░░░░░░░░░░░░░░░░░░░  25%  Streaming frame 60/7047
  ██████░░░░░░░░░░░░░░░░░░░  25%  Streaming frame 61/7047
  ██████░░░░░░░░░░░░░░░░░░░  25%  Streaming frame 62/7047
  ██████░░░░░░░░░░░░░░░░░░░  25%  Streaming frame 63/7047
  ██████░░░░░░░░░░░░░░░░░░░  25%  Streaming frame 64/7047
  ██████░░░░░░░░░░░░░░░░░░░  26%  Streaming frame 65/7047
  ██████░░░░░░░░░░░░░░░░░░░  26%  Streaming frame 66/7047
  ██████░░░░░░░░░░░░░░░░░░░  26%  Streaming frame 67/7047
  ██████░░░░░░░░░░░░░░░░░░░  26%  Streaming frame 68/7047
  ██████░░░░░░░░░░░░░░░░░░░  26%  Streaming frame 69/7047
  ██████░░░░░░░░░░░░░░░░░░░  26%  Streaming frame 70/7047
  ██████░░░░░░░░░░░░░░░░░░░  26%  Streaming frame 71/7047
  ██████░░░░░░░░░░░░░░░░░░░  26%  Streaming frame 72/7047
  ██████░░░░░░░░░░░░░░░░░░░  26%  Streaming frame 73/7047
  ██████░░░░░░░░░░░░░░░░░░░  26%  Streaming frame 74/7047
  ██████░░░░░░░░░░░░░░░░░░░  26%  Streaming frame 75/7047
  ██████░░░░░░░░░░░░░░░░░░░  26%  Streaming frame 76/7047
  ██████░░░░░░░░░░░░░░░░░░░  26%  Streaming frame 77/7047
  ██████░░░░░░░░░░░░░░░░░░░  26%  Streaming frame 78/7047
  ██████░░░░░░░░░░░░░░░░░░░  26%  Streaming frame 79/7047
  ██████░░░░░░░░░░░░░░░░░░░  26%  Streaming frame 80/7047
  ██████░░░░░░░░░░░░░░░░░░░  26%  Streaming frame 81/7047
  ██████░░░░░░░░░░░░░░░░░░░  26%  Streaming frame 82/7047
  ██████░░░░░░░░░░░░░░░░░░░  26%  Streaming frame 83/7047
  ██████░░░░░░░░░░░░░░░░░░░  26%  Streaming frame 84/7047
  ██████░░░░░░░░░░░░░░░░░░░  26%  Streaming frame 85/7047
  ██████░░░░░░░░░░░░░░░░░░░  26%  Streaming frame 86/7047
  ██████░░░░░░░░░░░░░░░░░░░  26%  Streaming frame 87/7047
  ██████░░░░░░░░░░░░░░░░░░░  26%  Streaming frame 88/7047
  ██████░░░░░░░░░░░░░░░░░░░  26%  Streaming frame 89/7047
  ██████░░░░░░░░░░░░░░░░░░░  26%  Streaming frame 90/7047
  ██████░░░░░░░░░░░░░░░░░░░  26%  Streaming frame 91/7047
  ██████░░░░░░░░░░░░░░░░░░░  26%  Streaming frame 92/7047
  ██████░░░░░░░░░░░░░░░░░░░  26%  Streaming frame 93/7047
  ██████░░░░░░░░░░░░░░░░░░░  26%  Streaming frame 94/7047
  ██████░░░░░░░░░░░░░░░░░░░  26%  Streaming frame 95/7047
  ██████░░░░░░░░░░░░░░░░░░░  26%  Streaming frame 96/7047
  ██████░░░░░░░░░░░░░░░░░░░  26%  Streaming frame 97/7047
  ██████░░░░░░░░░░░░░░░░░░░  26%  Streaming frame 98/7047
  ██████░░░░░░░░░░░░░░░░░░░  26%  Streaming frame 99/7047
  ██████░░░░░░░░░░░░░░░░░░░  26%  Streaming frame 100/7047
  ██████░░░░░░░░░░░░░░░░░░░  26%  Streaming frame 101/7047
  ██████░░░░░░░░░░░░░░░░░░░  26%  Streaming frame 102/7047
  ██████░░░░░░░░░░░░░░░░░░░  26%  Streaming frame 103/7047
  ██████░░░░░░░░░░░░░░░░░░░  26%  Streaming frame 104/7047
  ██████░░░░░░░░░░░░░░░░░░░  26%  Streaming frame 105/7047
  ██████░░░░░░░░░░░░░░░░░░░  26%  Streaming frame 106/7047
  ██████░░░░░░░░░░░░░░░░░░░  26%  Streaming frame 107/7047
  ██████░░░░░░░░░░░░░░░░░░░  26%  Streaming frame 108/7047
  ██████░░░░░░░░░░░░░░░░░░░  26%  Streaming frame 109/7047
  ██████░░░░░░░░░░░░░░░░░░░  26%  Streaming frame 110/7047
  ██████░░░░░░░░░░░░░░░░░░░  26%  Streaming frame 111/7047
  ██████░░░░░░░░░░░░░░░░░░░  26%  Streaming frame 112/7047
  ██████░░░░░░░░░░░░░░░░░░░  26%  Streaming frame 113/7047
  ██████░░░░░░░░░░░░░░░░░░░  26%  Streaming frame 114/7047
  ██████░░░░░░░░░░░░░░░░░░░  26%  Streaming frame 115/7047
  ██████░░░░░░░░░░░░░░░░░░░  26%  Streaming frame 116/7047
  ██████░░░░░░░░░░░░░░░░░░░  26%  Streaming frame 117/7047
  ██████░░░░░░░░░░░░░░░░░░░  26%  Streaming frame 118/7047
  ██████░░░░░░░░░░░░░░░░░░░  26%  Streaming frame 119/7047
  ██████░░░░░░░░░░░░░░░░░░░  26%  Streaming frame 120/7047
  ██████░░░░░░░░░░░░░░░░░░░  26%  Streaming frame 121/7047
  ██████░░░░░░░░░░░░░░░░░░░  26%  Streaming frame 122/7047
  ██████░░░░░░░░░░░░░░░░░░░  26%  Streaming frame 123/7047
  ██████░░░░░░░░░░░░░░░░░░░  26%  Streaming frame 124/7047
  ██████░░░░░░░░░░░░░░░░░░░  26%  Streaming frame 125/7047
  ██████░░░░░░░░░░░░░░░░░░░  26%  Streaming frame 126/7047
  ██████░░░░░░░░░░░░░░░░░░░  26%  Streaming frame 127/7047
  ██████░░░░░░░░░░░░░░░░░░░  26%  Streaming frame 128/7047
  ██████░░░░░░░░░░░░░░░░░░░  26%  Streaming frame 129/7047
  ██████░░░░░░░░░░░░░░░░░░░  26%  Streaming frame 130/7047
  ██████░░░░░░░░░░░░░░░░░░░  26%  Streaming frame 131/7047
  ██████░░░░░░░░░░░░░░░░░░░  26%  Streaming frame 132/7047
  ██████░░░░░░░░░░░░░░░░░░░  26%  Streaming frame 133/7047
  ██████░░░░░░░░░░░░░░░░░░░  26%  Streaming frame 134/7047
  ██████░░░░░░░░░░░░░░░░░░░  26%  Streaming frame 135/7047
  ██████░░░░░░░░░░░░░░░░░░░  26%  Streaming frame 136/7047
  ██████░░░░░░░░░░░░░░░░░░░  26%  Streaming frame 137/7047
  ██████░░░░░░░░░░░░░░░░░░░  26%  Streaming frame 138/7047
  ██████░░░░░░░░░░░░░░░░░░░  26%  Streaming frame 139/7047
  ██████░░░░░░░░░░░░░░░░░░░  26%  Streaming frame 140/7047
  ██████░░░░░░░░░░░░░░░░░░░  26%  Streaming frame 141/7047
  ██████░░░░░░░░░░░░░░░░░░░  26%  Streaming frame 142/7047
  ██████░░░░░░░░░░░░░░░░░░░  26%  Streaming frame 143/7047
  ██████░░░░░░░░░░░░░░░░░░░  26%  Streaming frame 144/7047
  ██████░░░░░░░░░░░░░░░░░░░  26%  Streaming frame 145/7047
  ██████░░░░░░░░░░░░░░░░░░░  26%  Streaming frame 146/7047
  ██████░░░░░░░░░░░░░░░░░░░  26%  Streaming frame 147/7047
  ██████░░░░░░░░░░░░░░░░░░░  26%  Streaming frame 148/7047
  ██████░░░░░░░░░░░░░░░░░░░  26%  Streaming frame 149/7047
  ██████░░░░░░░░░░░░░░░░░░░  26%  Streaming frame 150/7047
  ██████░░░░░░░░░░░░░░░░░░░  26%  Streaming frame 151/7047
  ██████░░░░░░░░░░░░░░░░░░░  26%  Streaming frame 152/7047
  ██████░░░░░░░░░░░░░░░░░░░  26%  Streaming frame 153/7047
  ██████░░░░░░░░░░░░░░░░░░░  26%  Streaming frame 154/7047
  ██████░░░░░░░░░░░░░░░░░░░  26%  Streaming frame 155/7047
  ██████░░░░░░░░░░░░░░░░░░░  26%  Streaming frame 156/7047
  ██████░░░░░░░░░░░░░░░░░░░  26%  Streaming frame 157/7047
  ██████░░░░░░░░░░░░░░░░░░░  26%  Streaming frame 158/7047
  ██████░░░░░░░░░░░░░░░░░░░  26%  Streaming frame 159/7047
  ██████░░░░░░░░░░░░░░░░░░░  26%  Streaming frame 160/7047
  ██████░░░░░░░░░░░░░░░░░░░  26%  Streaming frame 161/7047
  ██████░░░░░░░░░░░░░░░░░░░  26%  Streaming frame 162/7047
  ██████░░░░░░░░░░░░░░░░░░░  26%  Streaming frame 163/7047
  ██████░░░░░░░░░░░░░░░░░░░  26%  Streaming frame 164/7047
  ██████░░░░░░░░░░░░░░░░░░░  26%  Streaming frame 165/7047
  ██████░░░░░░░░░░░░░░░░░░░  26%  Streaming frame 166/7047
  ██████░░░░░░░░░░░░░░░░░░░  26%  Streaming frame 167/7047
  ██████░░░░░░░░░░░░░░░░░░░  26%  Streaming frame 168/7047
  ██████░░░░░░░░░░░░░░░░░░░  26%  Streaming frame 169/7047
  ██████░░░░░░░░░░░░░░░░░░░  26%  Streaming frame 170/7047
  ██████░░░░░░░░░░░░░░░░░░░  26%  Streaming frame 171/7047
  ██████░░░░░░░░░░░░░░░░░░░  26%  Streaming frame 172/7047
  ██████░░░░░░░░░░░░░░░░░░░  26%  Streaming frame 173/7047
  ██████░░░░░░░░░░░░░░░░░░░  26%  Streaming frame 174/7047
  ██████░░░░░░░░░░░░░░░░░░░  26%  Streaming frame 175/7047
  ██████░░░░░░░░░░░░░░░░░░░  26%  Streaming frame 176/7047
  ██████░░░░░░░░░░░░░░░░░░░  26%  Streaming frame 177/7047
  ██████░░░░░░░░░░░░░░░░░░░  26%  Streaming frame 178/7047
  ██████░░░░░░░░░░░░░░░░░░░  26%  Streaming frame 179/7047
  ██████░░░░░░░░░░░░░░░░░░░  26%  Streaming frame 180/7047
  ██████░░░░░░░░░░░░░░░░░░░  26%  Streaming frame 181/7047
  ██████░░░░░░░░░░░░░░░░░░░  26%  Streaming frame 182/7047
  ██████░░░░░░░░░░░░░░░░░░░  26%  Streaming frame 183/7047
  ██████░░░░░░░░░░░░░░░░░░░  26%  Streaming frame 184/7047
  ██████░░░░░░░░░░░░░░░░░░░  26%  Streaming frame 185/7047
  ██████░░░░░░░░░░░░░░░░░░░  26%  Streaming frame 186/7047
  ██████░░░░░░░░░░░░░░░░░░░  26%  Streaming frame 187/7047
  ██████░░░░░░░░░░░░░░░░░░░  26%  Streaming frame 188/7047
  ██████░░░░░░░░░░░░░░░░░░░  26%  Streaming frame 189/7047
  ██████░░░░░░░░░░░░░░░░░░░  26%  Streaming frame 190/7047
  ██████░░░░░░░░░░░░░░░░░░░  26%  Streaming frame 191/7047
  ██████░░░░░░░░░░░░░░░░░░░  26%  Streaming frame 192/7047
  ██████░░░░░░░░░░░░░░░░░░░  27%  Streaming frame 193/7047
  ██████░░░░░░░░░░░░░░░░░░░  27%  Streaming frame 194/7047
  ██████░░░░░░░░░░░░░░░░░░░  27%  Streaming frame 195/7047
  ██████░░░░░░░░░░░░░░░░░░░  27%  Streaming frame 196/7047
  ██████░░░░░░░░░░░░░░░░░░░  27%  Streaming frame 197/7047
  ██████░░░░░░░░░░░░░░░░░░░  27%  Streaming frame 198/7047
  ██████░░░░░░░░░░░░░░░░░░░  27%  Streaming frame 199/7047
  ██████░░░░░░░░░░░░░░░░░░░  27%  Streaming frame 200/7047
  ██████░░░░░░░░░░░░░░░░░░░  27%  Streaming frame 201/7047
  ██████░░░░░░░░░░░░░░░░░░░  27%  Streaming frame 202/7047
  ██████░░░░░░░░░░░░░░░░░░░  27%  Streaming frame 203/7047
  ██████░░░░░░░░░░░░░░░░░░░  27%  Streaming frame 204/7047
  ██████░░░░░░░░░░░░░░░░░░░  27%  Streaming frame 205/7047
  ██████░░░░░░░░░░░░░░░░░░░  27%  Streaming frame 206/7047
  ██████░░░░░░░░░░░░░░░░░░░  27%  Streaming frame 207/7047
  ██████░░░░░░░░░░░░░░░░░░░  27%  Streaming frame 208/7047
  ██████░░░░░░░░░░░░░░░░░░░  27%  Streaming frame 209/7047
  ██████░░░░░░░░░░░░░░░░░░░  27%  Streaming frame 210/7047
  ██████░░░░░░░░░░░░░░░░░░░  27%  Streaming frame 211/7047
  ██████░░░░░░░░░░░░░░░░░░░  27%  Streaming frame 212/7047
  ██████░░░░░░░░░░░░░░░░░░░  27%  Streaming frame 213/7047
  ██████░░░░░░░░░░░░░░░░░░░  27%  Streaming frame 214/7047
  ██████░░░░░░░░░░░░░░░░░░░  27%  Streaming frame 215/7047
  ██████░░░░░░░░░░░░░░░░░░░  27%  Streaming frame 216/7047
  ██████░░░░░░░░░░░░░░░░░░░  27%  Streaming frame 217/7047
  ██████░░░░░░░░░░░░░░░░░░░  27%  Streaming frame 218/7047
  ██████░░░░░░░░░░░░░░░░░░░  27%  Streaming frame 219/7047
  ██████░░░░░░░░░░░░░░░░░░░  27%  Streaming frame 220/7047
  ██████░░░░░░░░░░░░░░░░░░░  27%  Streaming frame 221/7047
  ██████░░░░░░░░░░░░░░░░░░░  27%  Streaming frame 222/7047
  ██████░░░░░░░░░░░░░░░░░░░  27%  Streaming frame 223/7047
  ██████░░░░░░░░░░░░░░░░░░░  27%  Streaming frame 224/7047
  ██████░░░░░░░░░░░░░░░░░░░  27%  Streaming frame 225/7047
  ██████░░░░░░░░░░░░░░░░░░░  27%  Streaming frame 226/7047
  ██████░░░░░░░░░░░░░░░░░░░  27%  Streaming frame 227/7047
  ██████░░░░░░░░░░░░░░░░░░░  27%  Streaming frame 228/7047
  ██████░░░░░░░░░░░░░░░░░░░  27%  Streaming frame 229/7047
  ██████░░░░░░░░░░░░░░░░░░░  27%  Streaming frame 230/7047
  ██████░░░░░░░░░░░░░░░░░░░  27%  Streaming frame 231/7047
  ██████░░░░░░░░░░░░░░░░░░░  27%  Streaming frame 232/7047
  ██████░░░░░░░░░░░░░░░░░░░  27%  Streaming frame 233/7047
  ██████░░░░░░░░░░░░░░░░░░░  27%  Streaming frame 234/7047
  ██████░░░░░░░░░░░░░░░░░░░  27%  Streaming frame 235/7047
  ██████░░░░░░░░░░░░░░░░░░░  27%  Streaming frame 236/7047
  ██████░░░░░░░░░░░░░░░░░░░  27%  Streaming frame 237/7047
  ██████░░░░░░░░░░░░░░░░░░░  27%  Streaming frame 238/7047
  ██████░░░░░░░░░░░░░░░░░░░  27%  Streaming frame 239/7047
  ██████░░░░░░░░░░░░░░░░░░░  27%  Streaming frame 240/7047
  ██████░░░░░░░░░░░░░░░░░░░  27%  Streaming frame 241/7047
  ██████░░░░░░░░░░░░░░░░░░░  27%  Streaming frame 242/7047
  ██████░░░░░░░░░░░░░░░░░░░  27%  Streaming frame 243/7047
  ██████░░░░░░░░░░░░░░░░░░░  27%  Streaming frame 244/7047
  ██████░░░░░░░░░░░░░░░░░░░  27%  Streaming frame 245/7047
  ██████░░░░░░░░░░░░░░░░░░░  27%  Streaming frame 246/7047
  ██████░░░░░░░░░░░░░░░░░░░  27%  Streaming frame 247/7047
  ██████░░░░░░░░░░░░░░░░░░░  27%  Streaming frame 248/7047
  ██████░░░░░░░░░░░░░░░░░░░  27%  Streaming frame 249/7047
  ██████░░░░░░░░░░░░░░░░░░░  27%  Streaming frame 250/7047
  ██████░░░░░░░░░░░░░░░░░░░  27%  Streaming frame 251/7047
  ██████░░░░░░░░░░░░░░░░░░░  27%  Streaming frame 252/7047
  ██████░░░░░░░░░░░░░░░░░░░  27%  Streaming frame 253/7047
  ██████░░░░░░░░░░░░░░░░░░░  27%  Streaming frame 254/7047
  ██████░░░░░░░░░░░░░░░░░░░  27%  Streaming frame 255/7047
  ██████░░░░░░░░░░░░░░░░░░░  27%  Streaming frame 256/7047
  ██████░░░░░░░░░░░░░░░░░░░  27%  Streaming frame 257/7047
  ██████░░░░░░░░░░░░░░░░░░░  27%  Streaming frame 258/7047
  ██████░░░░░░░░░░░░░░░░░░░  27%  Streaming frame 259/7047
  ██████░░░░░░░░░░░░░░░░░░░  27%  Streaming frame 260/7047
  ██████░░░░░░░░░░░░░░░░░░░  27%  Streaming frame 261/7047
  ██████░░░░░░░░░░░░░░░░░░░  27%  Streaming frame 262/7047
  ██████░░░░░░░░░░░░░░░░░░░  27%  Streaming frame 263/7047
  ██████░░░░░░░░░░░░░░░░░░░  27%  Streaming frame 264/7047
  ██████░░░░░░░░░░░░░░░░░░░  27%  Streaming frame 265/7047
  ██████░░░░░░░░░░░░░░░░░░░  27%  Streaming frame 266/7047
  ██████░░░░░░░░░░░░░░░░░░░  27%  Streaming frame 267/7047
  ██████░░░░░░░░░░░░░░░░░░░  27%  Streaming frame 268/7047
  ██████░░░░░░░░░░░░░░░░░░░  27%  Streaming frame 269/7047
  ██████░░░░░░░░░░░░░░░░░░░  27%  Streaming frame 270/7047
  ██████░░░░░░░░░░░░░░░░░░░  27%  Streaming frame 271/7047
  ██████░░░░░░░░░░░░░░░░░░░  27%  Streaming frame 272/7047
  ██████░░░░░░░░░░░░░░░░░░░  27%  Streaming frame 273/7047
  ██████░░░░░░░░░░░░░░░░░░░  27%  Streaming frame 274/7047
  ██████░░░░░░░░░░░░░░░░░░░  27%  Streaming frame 275/7047
  ██████░░░░░░░░░░░░░░░░░░░  27%  Streaming frame 276/7047
  ██████░░░░░░░░░░░░░░░░░░░  27%  Streaming frame 277/7047
  ██████░░░░░░░░░░░░░░░░░░░  27%  Streaming frame 278/7047
  ██████░░░░░░░░░░░░░░░░░░░  27%  Streaming frame 279/7047
  ██████░░░░░░░░░░░░░░░░░░░  27%  Streaming frame 280/7047
  ██████░░░░░░░░░░░░░░░░░░░  27%  Streaming frame 281/7047
  ██████░░░░░░░░░░░░░░░░░░░  27%  Streaming frame 282/7047
  ██████░░░░░░░░░░░░░░░░░░░  27%  Streaming frame 283/7047
  ██████░░░░░░░░░░░░░░░░░░░  27%  Streaming frame 284/7047
  ██████░░░░░░░░░░░░░░░░░░░  27%  Streaming frame 285/7047
  ██████░░░░░░░░░░░░░░░░░░░  27%  Streaming frame 286/7047
  ██████░░░░░░░░░░░░░░░░░░░  27%  Streaming frame 287/7047
  ██████░░░░░░░░░░░░░░░░░░░  27%  Streaming frame 288/7047
  ██████░░░░░░░░░░░░░░░░░░░  27%  Streaming frame 289/7047
  ██████░░░░░░░░░░░░░░░░░░░  27%  Streaming frame 290/7047
  ██████░░░░░░░░░░░░░░░░░░░  27%  Streaming frame 291/7047
  ██████░░░░░░░░░░░░░░░░░░░  27%  Streaming frame 292/7047
  ██████░░░░░░░░░░░░░░░░░░░  27%  Streaming frame 293/7047
  ██████░░░░░░░░░░░░░░░░░░░  27%  Streaming frame 294/7047
  ██████░░░░░░░░░░░░░░░░░░░  27%  Streaming frame 295/7047
  ██████░░░░░░░░░░░░░░░░░░░  27%  Streaming frame 296/7047
  ██████░░░░░░░░░░░░░░░░░░░  27%  Streaming frame 297/7047
  ██████░░░░░░░░░░░░░░░░░░░  27%  Streaming frame 298/7047
  ██████░░░░░░░░░░░░░░░░░░░  27%  Streaming frame 299/7047
  ██████░░░░░░░░░░░░░░░░░░░  27%  Streaming frame 300/7047
  ██████░░░░░░░░░░░░░░░░░░░  27%  Streaming frame 301/7047
  ██████░░░░░░░░░░░░░░░░░░░  27%  Streaming frame 302/7047
  ██████░░░░░░░░░░░░░░░░░░░  27%  Streaming frame 303/7047
  ██████░░░░░░░░░░░░░░░░░░░  27%  Streaming frame 304/7047
  ██████░░░░░░░░░░░░░░░░░░░  27%  Streaming frame 305/7047
  ██████░░░░░░░░░░░░░░░░░░░  27%  Streaming frame 306/7047
  ██████░░░░░░░░░░░░░░░░░░░  27%  Streaming frame 307/7047
  ██████░░░░░░░░░░░░░░░░░░░  27%  Streaming frame 308/7047
  ██████░░░░░░░░░░░░░░░░░░░  27%  Streaming frame 309/7047
  ██████░░░░░░░░░░░░░░░░░░░  27%  Streaming frame 310/7047
  ██████░░░░░░░░░░░░░░░░░░░  27%  Streaming frame 311/7047
  ██████░░░░░░░░░░░░░░░░░░░  27%  Streaming frame 312/7047
  ██████░░░░░░░░░░░░░░░░░░░  27%  Streaming frame 313/7047
  ██████░░░░░░░░░░░░░░░░░░░  27%  Streaming frame 314/7047
  ██████░░░░░░░░░░░░░░░░░░░  27%  Streaming frame 315/7047
  ██████░░░░░░░░░░░░░░░░░░░  27%  Streaming frame 316/7047
  ██████░░░░░░░░░░░░░░░░░░░  27%  Streaming frame 317/7047
  ██████░░░░░░░░░░░░░░░░░░░  27%  Streaming frame 318/7047
  ██████░░░░░░░░░░░░░░░░░░░  27%  Streaming frame 319/7047
  ██████░░░░░░░░░░░░░░░░░░░  27%  Streaming frame 320/7047
  ███████░░░░░░░░░░░░░░░░░░  28%  Streaming frame 321/7047
  ███████░░░░░░░░░░░░░░░░░░  28%  Streaming frame 322/7047
  ███████░░░░░░░░░░░░░░░░░░  28%  Streaming frame 323/7047
  ███████░░░░░░░░░░░░░░░░░░  28%  Streaming frame 324/7047
  ███████░░░░░░░░░░░░░░░░░░  28%  Streaming frame 325/7047
  ███████░░░░░░░░░░░░░░░░░░  28%  Streaming frame 326/7047
  ███████░░░░░░░░░░░░░░░░░░  28%  Streaming frame 327/7047
  ███████░░░░░░░░░░░░░░░░░░  28%  Streaming frame 328/7047
  ███████░░░░░░░░░░░░░░░░░░  28%  Streaming frame 329/7047
  ███████░░░░░░░░░░░░░░░░░░  28%  Streaming frame 330/7047
  ███████░░░░░░░░░░░░░░░░░░  28%  Streaming frame 331/7047
  ███████░░░░░░░░░░░░░░░░░░  28%  Streaming frame 332/7047
  ███████░░░░░░░░░░░░░░░░░░  28%  Streaming frame 333/7047
  ███████░░░░░░░░░░░░░░░░░░  28%  Streaming frame 334/7047
  ███████░░░░░░░░░░░░░░░░░░  28%  Streaming frame 335/7047
  ███████░░░░░░░░░░░░░░░░░░  28%  Streaming frame 336/7047
  ███████░░░░░░░░░░░░░░░░░░  28%  Streaming frame 337/7047
  ███████░░░░░░░░░░░░░░░░░░  28%  Streaming frame 338/7047
  ███████░░░░░░░░░░░░░░░░░░  28%  Streaming frame 339/7047
  ███████░░░░░░░░░░░░░░░░░░  28%  Streaming frame 340/7047
  ███████░░░░░░░░░░░░░░░░░░  28%  Streaming frame 341/7047
  ███████░░░░░░░░░░░░░░░░░░  28%  Streaming frame 342/7047
  ███████░░░░░░░░░░░░░░░░░░  28%  Streaming frame 343/7047
  ███████░░░░░░░░░░░░░░░░░░  28%  Streaming frame 344/7047
  ███████░░░░░░░░░░░░░░░░░░  28%  Streaming frame 345/7047
  ███████░░░░░░░░░░░░░░░░░░  28%  Streaming frame 346/7047
  ███████░░░░░░░░░░░░░░░░░░  28%  Streaming frame 347/7047
  ███████░░░░░░░░░░░░░░░░░░  28%  Streaming frame 348/7047
  ███████░░░░░░░░░░░░░░░░░░  28%  Streaming frame 349/7047
  ███████░░░░░░░░░░░░░░░░░░  28%  Streaming frame 350/7047
  ███████░░░░░░░░░░░░░░░░░░  28%  Streaming frame 351/7047
  ███████░░░░░░░░░░░░░░░░░░  28%  Streaming frame 352/7047
  ███████░░░░░░░░░░░░░░░░░░  28%  Streaming frame 353/7047
  ███████░░░░░░░░░░░░░░░░░░  28%  Streaming frame 354/7047
  ███████░░░░░░░░░░░░░░░░░░  28%  Streaming frame 355/7047
  ███████░░░░░░░░░░░░░░░░░░  28%  Streaming frame 356/7047
  ███████░░░░░░░░░░░░░░░░░░  28%  Streaming frame 357/7047
  ███████░░░░░░░░░░░░░░░░░░  28%  Streaming frame 358/7047
  ███████░░░░░░░░░░░░░░░░░░  28%  Streaming frame 359/7047
  ███████░░░░░░░░░░░░░░░░░░  28%  Streaming frame 360/7047
  ███████░░░░░░░░░░░░░░░░░░  28%  Streaming frame 361/7047
  ███████░░░░░░░░░░░░░░░░░░  28%  Streaming frame 362/7047
  ███████░░░░░░░░░░░░░░░░░░  28%  Streaming frame 363/7047
  ███████░░░░░░░░░░░░░░░░░░  28%  Streaming frame 364/7047
  ███████░░░░░░░░░░░░░░░░░░  28%  Streaming frame 365/7047
  ███████░░░░░░░░░░░░░░░░░░  28%  Streaming frame 366/7047
  ███████░░░░░░░░░░░░░░░░░░  28%  Streaming frame 367/7047
  ███████░░░░░░░░░░░░░░░░░░  28%  Streaming frame 368/7047
  ███████░░░░░░░░░░░░░░░░░░  28%  Streaming frame 369/7047
  ███████░░░░░░░░░░░░░░░░░░  28%  Streaming frame 370/7047
  ███████░░░░░░░░░░░░░░░░░░  28%  Streaming frame 371/7047
  ███████░░░░░░░░░░░░░░░░░░  28%  Streaming frame 372/7047
  ███████░░░░░░░░░░░░░░░░░░  28%  Streaming frame 373/7047
  ███████░░░░░░░░░░░░░░░░░░  28%  Streaming frame 374/7047
  ███████░░░░░░░░░░░░░░░░░░  28%  Streaming frame 375/7047
  ███████░░░░░░░░░░░░░░░░░░  28%  Streaming frame 376/7047
  ███████░░░░░░░░░░░░░░░░░░  28%  Streaming frame 377/7047
  ███████░░░░░░░░░░░░░░░░░░  28%  Streaming frame 378/7047
  ███████░░░░░░░░░░░░░░░░░░  28%  Streaming frame 379/7047
  ███████░░░░░░░░░░░░░░░░░░  28%  Streaming frame 380/7047
  ███████░░░░░░░░░░░░░░░░░░  28%  Streaming frame 381/7047
  ███████░░░░░░░░░░░░░░░░░░  28%  Streaming frame 382/7047
  ███████░░░░░░░░░░░░░░░░░░  28%  Streaming frame 383/7047
  ███████░░░░░░░░░░░░░░░░░░  28%  Streaming frame 384/7047
  ███████░░░░░░░░░░░░░░░░░░  28%  Streaming frame 385/7047
  ███████░░░░░░░░░░░░░░░░░░  28%  Streaming frame 386/7047
  ███████░░░░░░░░░░░░░░░░░░  28%  Streaming frame 387/7047
  ███████░░░░░░░░░░░░░░░░░░  28%  Streaming frame 388/7047
  ███████░░░░░░░░░░░░░░░░░░  28%  Streaming frame 389/7047
  ███████░░░░░░░░░░░░░░░░░░  28%  Streaming frame 390/7047
  ███████░░░░░░░░░░░░░░░░░░  28%  Streaming frame 391/7047
  ███████░░░░░░░░░░░░░░░░░░  28%  Streaming frame 392/7047
  ███████░░░░░░░░░░░░░░░░░░  28%  Streaming frame 393/7047
  ███████░░░░░░░░░░░░░░░░░░  28%  Streaming frame 394/7047
  ███████░░░░░░░░░░░░░░░░░░  28%  Streaming frame 395/7047
  ███████░░░░░░░░░░░░░░░░░░  28%  Streaming frame 396/7047
  ███████░░░░░░░░░░░░░░░░░░  28%  Streaming frame 397/7047
  ███████░░░░░░░░░░░░░░░░░░  28%  Streaming frame 398/7047
  ███████░░░░░░░░░░░░░░░░░░  28%  Streaming frame 399/7047
  ███████░░░░░░░░░░░░░░░░░░  28%  Streaming frame 400/7047
  ███████░░░░░░░░░░░░░░░░░░  28%  Streaming frame 401/7047
  ███████░░░░░░░░░░░░░░░░░░  28%  Streaming frame 402/7047
  ███████░░░░░░░░░░░░░░░░░░  28%  Streaming frame 403/7047
  ███████░░░░░░░░░░░░░░░░░░  28%  Streaming frame 404/7047
  ███████░░░░░░░░░░░░░░░░░░  28%  Streaming frame 405/7047
  ███████░░░░░░░░░░░░░░░░░░  28%  Streaming frame 406/7047
  ███████░░░░░░░░░░░░░░░░░░  28%  Streaming frame 407/7047
  ███████░░░░░░░░░░░░░░░░░░  28%  Streaming frame 408/7047
  ███████░░░░░░░░░░░░░░░░░░  28%  Streaming frame 409/7047
  ███████░░░░░░░░░░░░░░░░░░  28%  Streaming frame 410/7047
  ███████░░░░░░░░░░░░░░░░░░  28%  Streaming frame 411/7047
  ███████░░░░░░░░░░░░░░░░░░  28%  Streaming frame 412/7047
  ███████░░░░░░░░░░░░░░░░░░  28%  Streaming frame 413/7047
  ███████░░░░░░░░░░░░░░░░░░  28%  Streaming frame 414/7047
  ███████░░░░░░░░░░░░░░░░░░  28%  Streaming frame 415/7047
  ███████░░░░░░░░░░░░░░░░░░  28%  Streaming frame 416/7047
  ███████░░░░░░░░░░░░░░░░░░  28%  Streaming frame 417/7047
  ███████░░░░░░░░░░░░░░░░░░  28%  Streaming frame 418/7047
  ███████░░░░░░░░░░░░░░░░░░  28%  Streaming frame 419/7047
  ███████░░░░░░░░░░░░░░░░░░  28%  Streaming frame 420/7047
  ███████░░░░░░░░░░░░░░░░░░  28%  Streaming frame 421/7047
  ███████░░░░░░░░░░░░░░░░░░  28%  Streaming frame 422/7047
  ███████░░░░░░░░░░░░░░░░░░  28%  Streaming frame 423/7047
  ███████░░░░░░░░░░░░░░░░░░  28%  Streaming frame 424/7047
  ███████░░░░░░░░░░░░░░░░░░  28%  Streaming frame 425/7047
  ███████░░░░░░░░░░░░░░░░░░  28%  Streaming frame 426/7047
[WARN] [Render] drawElement blank-frame suspect; re-capturing {"renderJobId":"1c57a6f3-a451-4ce4-ac2e-553797cfb0b7","frame":426,"bytes":6161,"floor":20000}
[INFO] [Render] drawElement small frame is deterministic; accepted {"renderJobId":"1c57a6f3-a451-4ce4-ac2e-553797cfb0b7","frame":426,"bytes":6161}
  ███████░░░░░░░░░░░░░░░░░░  28%  Streaming frame 427/7047
  ███████░░░░░░░░░░░░░░░░░░  28%  Streaming frame 428/7047
  ███████░░░░░░░░░░░░░░░░░░  28%  Streaming frame 429/7047
  ███████░░░░░░░░░░░░░░░░░░  28%  Streaming frame 430/7047
  ███████░░░░░░░░░░░░░░░░░░  28%  Streaming frame 431/7047
  ███████░░░░░░░░░░░░░░░░░░  28%  Streaming frame 432/7047
  ███████░░░░░░░░░░░░░░░░░░  28%  Streaming frame 433/7047
  ███████░░░░░░░░░░░░░░░░░░  28%  Streaming frame 434/7047
  ███████░░░░░░░░░░░░░░░░░░  28%  Streaming frame 435/7047
  ███████░░░░░░░░░░░░░░░░░░  28%  Streaming frame 436/7047
  ███████░░░░░░░░░░░░░░░░░░  28%  Streaming frame 437/7047
  ███████░░░░░░░░░░░░░░░░░░  28%  Streaming frame 438/7047
  ███████░░░░░░░░░░░░░░░░░░  28%  Streaming frame 439/7047
  ███████░░░░░░░░░░░░░░░░░░  28%  Streaming frame 440/7047
  ███████░░░░░░░░░░░░░░░░░░  28%  Streaming frame 441/7047
  ███████░░░░░░░░░░░░░░░░░░  28%  Streaming frame 442/7047
  ███████░░░░░░░░░░░░░░░░░░  28%  Streaming frame 443/7047
  ███████░░░░░░░░░░░░░░░░░░  28%  Streaming frame 444/7047
  ███████░░░░░░░░░░░░░░░░░░  28%  Streaming frame 445/7047
  ███████░░░░░░░░░░░░░░░░░░  28%  Streaming frame 446/7047
  ███████░░░░░░░░░░░░░░░░░░  28%  Streaming frame 447/7047
  ███████░░░░░░░░░░░░░░░░░░  28%  Streaming frame 448/7047
  ███████░░░░░░░░░░░░░░░░░░  29%  Streaming frame 449/7047
  ███████░░░░░░░░░░░░░░░░░░  29%  Streaming frame 450/7047
  ███████░░░░░░░░░░░░░░░░░░  29%  Streaming frame 451/7047
  ███████░░░░░░░░░░░░░░░░░░  29%  Streaming frame 452/7047
  ███████░░░░░░░░░░░░░░░░░░  29%  Streaming frame 453/7047
  ███████░░░░░░░░░░░░░░░░░░  29%  Streaming frame 454/7047
  ███████░░░░░░░░░░░░░░░░░░  29%  Streaming frame 455/7047
  ███████░░░░░░░░░░░░░░░░░░  29%  Streaming frame 456/7047
  ███████░░░░░░░░░░░░░░░░░░  29%  Streaming frame 457/7047
  ███████░░░░░░░░░░░░░░░░░░  29%  Streaming frame 458/7047
  ███████░░░░░░░░░░░░░░░░░░  29%  Streaming frame 459/7047
  ███████░░░░░░░░░░░░░░░░░░  29%  Streaming frame 460/7047
  ███████░░░░░░░░░░░░░░░░░░  29%  Streaming frame 461/7047
  ███████░░░░░░░░░░░░░░░░░░  29%  Streaming frame 462/7047
  ███████░░░░░░░░░░░░░░░░░░  29%  Streaming frame 463/7047
  ███████░░░░░░░░░░░░░░░░░░  29%  Streaming frame 464/7047
  ███████░░░░░░░░░░░░░░░░░░  29%  Streaming frame 465/7047
  ███████░░░░░░░░░░░░░░░░░░  29%  Streaming frame 466/7047
  ███████░░░░░░░░░░░░░░░░░░  29%  Streaming frame 467/7047
  ███████░░░░░░░░░░░░░░░░░░  29%  Streaming frame 468/7047
  ███████░░░░░░░░░░░░░░░░░░  29%  Streaming frame 469/7047
  ███████░░░░░░░░░░░░░░░░░░  29%  Streaming frame 470/7047
  ███████░░░░░░░░░░░░░░░░░░  29%  Streaming frame 471/7047
  ███████░░░░░░░░░░░░░░░░░░  29%  Streaming frame 472/7047
  ███████░░░░░░░░░░░░░░░░░░  29%  Streaming frame 473/7047
  ███████░░░░░░░░░░░░░░░░░░  29%  Streaming frame 474/7047
  ███████░░░░░░░░░░░░░░░░░░  29%  Streaming frame 475/7047
  ███████░░░░░░░░░░░░░░░░░░  29%  Streaming frame 476/7047
  ███████░░░░░░░░░░░░░░░░░░  29%  Streaming frame 477/7047
  ███████░░░░░░░░░░░░░░░░░░  29%  Streaming frame 478/7047
  ███████░░░░░░░░░░░░░░░░░░  29%  Streaming frame 479/7047
  ███████░░░░░░░░░░░░░░░░░░  29%  Streaming frame 480/7047
  ███████░░░░░░░░░░░░░░░░░░  29%  Streaming frame 481/7047
  ███████░░░░░░░░░░░░░░░░░░  29%  Streaming frame 482/7047
  ███████░░░░░░░░░░░░░░░░░░  29%  Streaming frame 483/7047
  ███████░░░░░░░░░░░░░░░░░░  29%  Streaming frame 484/7047
  ███████░░░░░░░░░░░░░░░░░░  29%  Streaming frame 485/7047
  ███████░░░░░░░░░░░░░░░░░░  29%  Streaming frame 486/7047
  ███████░░░░░░░░░░░░░░░░░░  29%  Streaming frame 487/7047
  ███████░░░░░░░░░░░░░░░░░░  29%  Streaming frame 488/7047
  ███████░░░░░░░░░░░░░░░░░░  29%  Streaming frame 489/7047
  ███████░░░░░░░░░░░░░░░░░░  29%  Streaming frame 490/7047
  ███████░░░░░░░░░░░░░░░░░░  29%  Streaming frame 491/7047
  ███████░░░░░░░░░░░░░░░░░░  29%  Streaming frame 492/7047
  ███████░░░░░░░░░░░░░░░░░░  29%  Streaming frame 493/7047
  ███████░░░░░░░░░░░░░░░░░░  29%  Streaming frame 494/7047
  ███████░░░░░░░░░░░░░░░░░░  29%  Streaming frame 495/7047
  ███████░░░░░░░░░░░░░░░░░░  29%  Streaming frame 496/7047
  ███████░░░░░░░░░░░░░░░░░░  29%  Streaming frame 497/7047
  ███████░░░░░░░░░░░░░░░░░░  29%  Streaming frame 498/7047
  ███████░░░░░░░░░░░░░░░░░░  29%  Streaming frame 499/7047
  ███████░░░░░░░░░░░░░░░░░░  29%  Streaming frame 500/7047
  ███████░░░░░░░░░░░░░░░░░░  29%  Streaming frame 501/7047
  ███████░░░░░░░░░░░░░░░░░░  29%  Streaming frame 502/7047
  ███████░░░░░░░░░░░░░░░░░░  29%  Streaming frame 503/7047
  ███████░░░░░░░░░░░░░░░░░░  29%  Streaming frame 504/7047
  ███████░░░░░░░░░░░░░░░░░░  29%  Streaming frame 505/7047
  ███████░░░░░░░░░░░░░░░░░░  29%  Streaming frame 506/7047
  ███████░░░░░░░░░░░░░░░░░░  29%  Streaming frame 507/7047
  ███████░░░░░░░░░░░░░░░░░░  29%  Streaming frame 508/7047
  ███████░░░░░░░░░░░░░░░░░░  29%  Streaming frame 509/7047
  ███████░░░░░░░░░░░░░░░░░░  29%  Streaming frame 510/7047
  ███████░░░░░░░░░░░░░░░░░░  29%  Streaming frame 511/7047
  ███████░░░░░░░░░░░░░░░░░░  29%  Streaming frame 512/7047
  ███████░░░░░░░░░░░░░░░░░░  29%  Streaming frame 513/7047
  ███████░░░░░░░░░░░░░░░░░░  29%  Streaming frame 514/7047
  ███████░░░░░░░░░░░░░░░░░░  29%  Streaming frame 515/7047
  ███████░░░░░░░░░░░░░░░░░░  29%  Streaming frame 516/7047
  ███████░░░░░░░░░░░░░░░░░░  29%  Streaming frame 517/7047
  ███████░░░░░░░░░░░░░░░░░░  29%  Streaming frame 518/7047
  ███████░░░░░░░░░░░░░░░░░░  29%  Streaming frame 519/7047
  ███████░░░░░░░░░░░░░░░░░░  29%  Streaming frame 520/7047
  ███████░░░░░░░░░░░░░░░░░░  29%  Streaming frame 521/7047
  ███████░░░░░░░░░░░░░░░░░░  29%  Streaming frame 522/7047
  ███████░░░░░░░░░░░░░░░░░░  29%  Streaming frame 523/7047
  ███████░░░░░░░░░░░░░░░░░░  29%  Streaming frame 524/7047
  ███████░░░░░░░░░░░░░░░░░░  29%  Streaming frame 525/7047
  ███████░░░░░░░░░░░░░░░░░░  29%  Streaming frame 526/7047
  ███████░░░░░░░░░░░░░░░░░░  29%  Streaming frame 527/7047
  ███████░░░░░░░░░░░░░░░░░░  29%  Streaming frame 528/7047
  ███████░░░░░░░░░░░░░░░░░░  29%  Streaming frame 529/7047
  ███████░░░░░░░░░░░░░░░░░░  29%  Streaming frame 530/7047
  ███████░░░░░░░░░░░░░░░░░░  29%  Streaming frame 531/7047
  ███████░░░░░░░░░░░░░░░░░░  29%  Streaming frame 532/7047
  ███████░░░░░░░░░░░░░░░░░░  29%  Streaming frame 533/7047
  ███████░░░░░░░░░░░░░░░░░░  29%  Streaming frame 534/7047
  ███████░░░░░░░░░░░░░░░░░░  29%  Streaming frame 535/7047
  ███████░░░░░░░░░░░░░░░░░░  29%  Streaming frame 536/7047
  ███████░░░░░░░░░░░░░░░░░░  29%  Streaming frame 537/7047
  ███████░░░░░░░░░░░░░░░░░░  29%  Streaming frame 538/7047
  ███████░░░░░░░░░░░░░░░░░░  29%  Streaming frame 539/7047
  ███████░░░░░░░░░░░░░░░░░░  29%  Streaming frame 540/7047
  ███████░░░░░░░░░░░░░░░░░░  29%  Streaming frame 541/7047
  ███████░░░░░░░░░░░░░░░░░░  29%  Streaming frame 542/7047
  ███████░░░░░░░░░░░░░░░░░░  29%  Streaming frame 543/7047
  ███████░░░░░░░░░░░░░░░░░░  29%  Streaming frame 544/7047
  ███████░░░░░░░░░░░░░░░░░░  29%  Streaming frame 545/7047
  ███████░░░░░░░░░░░░░░░░░░  29%  Streaming frame 546/7047
  ███████░░░░░░░░░░░░░░░░░░  29%  Streaming frame 547/7047
  ███████░░░░░░░░░░░░░░░░░░  29%  Streaming frame 548/7047
  ███████░░░░░░░░░░░░░░░░░░  29%  Streaming frame 549/7047
  ███████░░░░░░░░░░░░░░░░░░  29%  Streaming frame 550/7047
  ███████░░░░░░░░░░░░░░░░░░  29%  Streaming frame 551/7047
  ███████░░░░░░░░░░░░░░░░░░  29%  Streaming frame 552/7047
  ███████░░░░░░░░░░░░░░░░░░  29%  Streaming frame 553/7047
  ███████░░░░░░░░░░░░░░░░░░  29%  Streaming frame 554/7047
  ███████░░░░░░░░░░░░░░░░░░  29%  Streaming frame 555/7047
  ███████░░░░░░░░░░░░░░░░░░  29%  Streaming frame 556/7047
  ███████░░░░░░░░░░░░░░░░░░  29%  Streaming frame 557/7047
  ███████░░░░░░░░░░░░░░░░░░  29%  Streaming frame 558/7047
  ███████░░░░░░░░░░░░░░░░░░  29%  Streaming frame 559/7047
  ███████░░░░░░░░░░░░░░░░░░  29%  Streaming frame 560/7047
  ███████░░░░░░░░░░░░░░░░░░  29%  Streaming frame 561/7047
  ███████░░░░░░░░░░░░░░░░░░  29%  Streaming frame 562/7047
  ███████░░░░░░░░░░░░░░░░░░  29%  Streaming frame 563/7047
  ███████░░░░░░░░░░░░░░░░░░  29%  Streaming frame 564/7047
  ███████░░░░░░░░░░░░░░░░░░  29%  Streaming frame 565/7047
  ███████░░░░░░░░░░░░░░░░░░  29%  Streaming frame 566/7047
  ███████░░░░░░░░░░░░░░░░░░  29%  Streaming frame 567/7047
  ███████░░░░░░░░░░░░░░░░░░  29%  Streaming frame 568/7047
  ███████░░░░░░░░░░░░░░░░░░  29%  Streaming frame 569/7047
  ███████░░░░░░░░░░░░░░░░░░  29%  Streaming frame 570/7047
  ███████░░░░░░░░░░░░░░░░░░  29%  Streaming frame 571/7047
  ███████░░░░░░░░░░░░░░░░░░  29%  Streaming frame 572/7047
  ███████░░░░░░░░░░░░░░░░░░  29%  Streaming frame 573/7047
  ███████░░░░░░░░░░░░░░░░░░  29%  Streaming frame 574/7047
  ███████░░░░░░░░░░░░░░░░░░  29%  Streaming frame 575/7047
  ███████░░░░░░░░░░░░░░░░░░  29%  Streaming frame 576/7047
  ███████░░░░░░░░░░░░░░░░░░  30%  Streaming frame 577/7047
  ███████░░░░░░░░░░░░░░░░░░  30%  Streaming frame 578/7047
  ███████░░░░░░░░░░░░░░░░░░  30%  Streaming frame 579/7047
  ███████░░░░░░░░░░░░░░░░░░  30%  Streaming frame 580/7047
  ███████░░░░░░░░░░░░░░░░░░  30%  Streaming frame 581/7047
  ███████░░░░░░░░░░░░░░░░░░  30%  Streaming frame 582/7047
  ███████░░░░░░░░░░░░░░░░░░  30%  Streaming frame 583/7047
  ███████░░░░░░░░░░░░░░░░░░  30%  Streaming frame 584/7047
  ███████░░░░░░░░░░░░░░░░░░  30%  Streaming frame 585/7047
  ███████░░░░░░░░░░░░░░░░░░  30%  Streaming frame 586/7047
  ███████░░░░░░░░░░░░░░░░░░  30%  Streaming frame 587/7047
  ███████░░░░░░░░░░░░░░░░░░  30%  Streaming frame 588/7047
  ███████░░░░░░░░░░░░░░░░░░  30%  Streaming frame 589/7047
  ███████░░░░░░░░░░░░░░░░░░  30%  Streaming frame 590/7047
  ███████░░░░░░░░░░░░░░░░░░  30%  Streaming frame 591/7047
  ███████░░░░░░░░░░░░░░░░░░  30%  Streaming frame 592/7047
  ███████░░░░░░░░░░░░░░░░░░  30%  Streaming frame 593/7047
  ███████░░░░░░░░░░░░░░░░░░  30%  Streaming frame 594/7047
  ███████░░░░░░░░░░░░░░░░░░  30%  Streaming frame 595/7047
  ███████░░░░░░░░░░░░░░░░░░  30%  Streaming frame 596/7047
  ███████░░░░░░░░░░░░░░░░░░  30%  Streaming frame 597/7047
  ███████░░░░░░░░░░░░░░░░░░  30%  Streaming frame 598/7047
  ███████░░░░░░░░░░░░░░░░░░  30%  Streaming frame 599/7047
  ███████░░░░░░░░░░░░░░░░░░  30%  Streaming frame 600/7047
  ███████░░░░░░░░░░░░░░░░░░  30%  Streaming frame 601/7047
  ███████░░░░░░░░░░░░░░░░░░  30%  Streaming frame 602/7047
  ███████░░░░░░░░░░░░░░░░░░  30%  Streaming frame 603/7047
  ███████░░░░░░░░░░░░░░░░░░  30%  Streaming frame 604/7047
  ███████░░░░░░░░░░░░░░░░░░  30%  Streaming frame 605/7047
  ███████░░░░░░░░░░░░░░░░░░  30%  Streaming frame 606/7047
  ███████░░░░░░░░░░░░░░░░░░  30%  Streaming frame 607/7047
  ███████░░░░░░░░░░░░░░░░░░  30%  Streaming frame 608/7047
  ███████░░░░░░░░░░░░░░░░░░  30%  Streaming frame 609/7047
  ███████░░░░░░░░░░░░░░░░░░  30%  Streaming frame 610/7047
  ███████░░░░░░░░░░░░░░░░░░  30%  Streaming frame 611/7047
  ███████░░░░░░░░░░░░░░░░░░  30%  Streaming frame 612/7047
  ███████░░░░░░░░░░░░░░░░░░  30%  Streaming frame 613/7047
  ███████░░░░░░░░░░░░░░░░░░  30%  Streaming frame 614/7047
  ███████░░░░░░░░░░░░░░░░░░  30%  Streaming frame 615/7047
  ███████░░░░░░░░░░░░░░░░░░  30%  Streaming frame 616/7047
  ███████░░░░░░░░░░░░░░░░░░  30%  Streaming frame 617/7047
  ███████░░░░░░░░░░░░░░░░░░  30%  Streaming frame 618/7047
  ███████░░░░░░░░░░░░░░░░░░  30%  Streaming frame 619/7047
  ███████░░░░░░░░░░░░░░░░░░  30%  Streaming frame 620/7047
  ███████░░░░░░░░░░░░░░░░░░  30%  Streaming frame 621/7047
  ███████░░░░░░░░░░░░░░░░░░  30%  Streaming frame 622/7047
  ███████░░░░░░░░░░░░░░░░░░  30%  Streaming frame 623/7047
  ███████░░░░░░░░░░░░░░░░░░  30%  Streaming frame 624/7047
  ███████░░░░░░░░░░░░░░░░░░  30%  Streaming frame 625/7047
  ███████░░░░░░░░░░░░░░░░░░  30%  Streaming frame 626/7047
  ███████░░░░░░░░░░░░░░░░░░  30%  Streaming frame 627/7047
  ███████░░░░░░░░░░░░░░░░░░  30%  Streaming frame 628/7047
  ███████░░░░░░░░░░░░░░░░░░  30%  Streaming frame 629/7047
  ███████░░░░░░░░░░░░░░░░░░  30%  Streaming frame 630/7047
  ███████░░░░░░░░░░░░░░░░░░  30%  Streaming frame 631/7047
  ███████░░░░░░░░░░░░░░░░░░  30%  Streaming frame 632/7047
  ███████░░░░░░░░░░░░░░░░░░  30%  Streaming frame 633/7047
  ███████░░░░░░░░░░░░░░░░░░  30%  Streaming frame 634/7047
  ███████░░░░░░░░░░░░░░░░░░  30%  Streaming frame 635/7047
  ███████░░░░░░░░░░░░░░░░░░  30%  Streaming frame 636/7047
  ███████░░░░░░░░░░░░░░░░░░  30%  Streaming frame 637/7047
  ███████░░░░░░░░░░░░░░░░░░  30%  Streaming frame 638/7047
  ███████░░░░░░░░░░░░░░░░░░  30%  Streaming frame 639/7047
  ███████░░░░░░░░░░░░░░░░░░  30%  Streaming frame 640/7047
  ███████░░░░░░░░░░░░░░░░░░  30%  Streaming frame 641/7047
  ███████░░░░░░░░░░░░░░░░░░  30%  Streaming frame 642/7047
  ███████░░░░░░░░░░░░░░░░░░  30%  Streaming frame 643/7047
  ███████░░░░░░░░░░░░░░░░░░  30%  Streaming frame 644/7047
  ███████░░░░░░░░░░░░░░░░░░  30%  Streaming frame 645/7047
  ███████░░░░░░░░░░░░░░░░░░  30%  Streaming frame 646/7047
  ███████░░░░░░░░░░░░░░░░░░  30%  Streaming frame 647/7047
  ███████░░░░░░░░░░░░░░░░░░  30%  Streaming frame 648/7047
  ███████░░░░░░░░░░░░░░░░░░  30%  Streaming frame 649/7047
  ███████░░░░░░░░░░░░░░░░░░  30%  Streaming frame 650/7047
  ███████░░░░░░░░░░░░░░░░░░  30%  Streaming frame 651/7047
  ███████░░░░░░░░░░░░░░░░░░  30%  Streaming frame 652/7047
  ███████░░░░░░░░░░░░░░░░░░  30%  Streaming frame 653/7047
  ███████░░░░░░░░░░░░░░░░░░  30%  Streaming frame 654/7047
  ███████░░░░░░░░░░░░░░░░░░  30%  Streaming frame 655/7047
  ███████░░░░░░░░░░░░░░░░░░  30%  Streaming frame 656/7047
  ███████░░░░░░░░░░░░░░░░░░  30%  Streaming frame 657/7047
  ███████░░░░░░░░░░░░░░░░░░  30%  Streaming frame 658/7047
  ███████░░░░░░░░░░░░░░░░░░  30%  Streaming frame 659/7047
  ███████░░░░░░░░░░░░░░░░░░  30%  Streaming frame 660/7047
  ███████░░░░░░░░░░░░░░░░░░  30%  Streaming frame 661/7047
  ███████░░░░░░░░░░░░░░░░░░  30%  Streaming frame 662/7047
  ███████░░░░░░░░░░░░░░░░░░  30%  Streaming frame 663/7047
  ███████░░░░░░░░░░░░░░░░░░  30%  Streaming frame 664/7047
  ███████░░░░░░░░░░░░░░░░░░  30%  Streaming frame 665/7047
  ███████░░░░░░░░░░░░░░░░░░  30%  Streaming frame 666/7047
  ███████░░░░░░░░░░░░░░░░░░  30%  Streaming frame 667/7047
  ███████░░░░░░░░░░░░░░░░░░  30%  Streaming frame 668/7047
  ███████░░░░░░░░░░░░░░░░░░  30%  Streaming frame 669/7047
  ███████░░░░░░░░░░░░░░░░░░  30%  Streaming frame 670/7047
  ███████░░░░░░░░░░░░░░░░░░  30%  Streaming frame 671/7047
  ███████░░░░░░░░░░░░░░░░░░  30%  Streaming frame 672/7047
  ███████░░░░░░░░░░░░░░░░░░  30%  Streaming frame 673/7047
  ███████░░░░░░░░░░░░░░░░░░  30%  Streaming frame 674/7047
  ███████░░░░░░░░░░░░░░░░░░  30%  Streaming frame 675/7047
  ███████░░░░░░░░░░░░░░░░░░  30%  Streaming frame 676/7047
  ███████░░░░░░░░░░░░░░░░░░  30%  Streaming frame 677/7047
  ███████░░░░░░░░░░░░░░░░░░  30%  Streaming frame 678/7047
  ███████░░░░░░░░░░░░░░░░░░  30%  Streaming frame 679/7047
  ███████░░░░░░░░░░░░░░░░░░  30%  Streaming frame 680/7047
  ███████░░░░░░░░░░░░░░░░░░  30%  Streaming frame 681/7047
  ███████░░░░░░░░░░░░░░░░░░  30%  Streaming frame 682/7047
  ███████░░░░░░░░░░░░░░░░░░  30%  Streaming frame 683/7047
  ███████░░░░░░░░░░░░░░░░░░  30%  Streaming frame 684/7047
  ███████░░░░░░░░░░░░░░░░░░  30%  Streaming frame 685/7047
  ███████░░░░░░░░░░░░░░░░░░  30%  Streaming frame 686/7047
  ███████░░░░░░░░░░░░░░░░░░  30%  Streaming frame 687/7047
  ███████░░░░░░░░░░░░░░░░░░  30%  Streaming frame 688/7047
  ███████░░░░░░░░░░░░░░░░░░  30%  Streaming frame 689/7047
  ███████░░░░░░░░░░░░░░░░░░  30%  Streaming frame 690/7047
  ███████░░░░░░░░░░░░░░░░░░  30%  Streaming frame 691/7047
  ███████░░░░░░░░░░░░░░░░░░  30%  Streaming frame 692/7047
  ███████░░░░░░░░░░░░░░░░░░  30%  Streaming frame 693/7047
  ███████░░░░░░░░░░░░░░░░░░  30%  Streaming frame 694/7047
  ███████░░░░░░░░░░░░░░░░░░  30%  Streaming frame 695/7047
  ███████░░░░░░░░░░░░░░░░░░  30%  Streaming frame 696/7047
  ███████░░░░░░░░░░░░░░░░░░  30%  Streaming frame 697/7047
  ███████░░░░░░░░░░░░░░░░░░  30%  Streaming frame 698/7047
  ███████░░░░░░░░░░░░░░░░░░  30%  Streaming frame 699/7047
  ███████░░░░░░░░░░░░░░░░░░  30%  Streaming frame 700/7047
  ███████░░░░░░░░░░░░░░░░░░  30%  Streaming frame 701/7047
  ███████░░░░░░░░░░░░░░░░░░  30%  Streaming frame 702/7047
  ███████░░░░░░░░░░░░░░░░░░  30%  Streaming frame 703/7047
  ███████░░░░░░░░░░░░░░░░░░  30%  Streaming frame 704/7047
  ███████░░░░░░░░░░░░░░░░░░  31%  Streaming frame 705/7047
  ███████░░░░░░░░░░░░░░░░░░  31%  Streaming frame 706/7047
  ███████░░░░░░░░░░░░░░░░░░  31%  Streaming frame 707/7047
  ███████░░░░░░░░░░░░░░░░░░  31%  Streaming frame 708/7047
  ███████░░░░░░░░░░░░░░░░░░  31%  Streaming frame 709/7047
  ███████░░░░░░░░░░░░░░░░░░  31%  Streaming frame 710/7047
  ███████░░░░░░░░░░░░░░░░░░  31%  Streaming frame 711/7047
  ███████░░░░░░░░░░░░░░░░░░  31%  Streaming frame 712/7047
  ███████░░░░░░░░░░░░░░░░░░  31%  Streaming frame 713/7047
  ███████░░░░░░░░░░░░░░░░░░  31%  Streaming frame 714/7047
  ███████░░░░░░░░░░░░░░░░░░  31%  Streaming frame 715/7047
  ███████░░░░░░░░░░░░░░░░░░  31%  Streaming frame 716/7047
  ███████░░░░░░░░░░░░░░░░░░  31%  Streaming frame 717/7047
  ███████░░░░░░░░░░░░░░░░░░  31%  Streaming frame 718/7047
  ███████░░░░░░░░░░░░░░░░░░  31%  Streaming frame 719/7047
  ███████░░░░░░░░░░░░░░░░░░  31%  Streaming frame 720/7047
  ███████░░░░░░░░░░░░░░░░░░  31%  Streaming frame 721/7047
  ███████░░░░░░░░░░░░░░░░░░  31%  Streaming frame 722/7047
  ███████░░░░░░░░░░░░░░░░░░  31%  Streaming frame 723/7047
  ███████░░░░░░░░░░░░░░░░░░  31%  Streaming frame 724/7047
  ███████░░░░░░░░░░░░░░░░░░  31%  Streaming frame 725/7047
  ███████░░░░░░░░░░░░░░░░░░  31%  Streaming frame 726/7047
  ███████░░░░░░░░░░░░░░░░░░  31%  Streaming frame 727/7047
  ███████░░░░░░░░░░░░░░░░░░  31%  Streaming frame 728/7047
  ███████░░░░░░░░░░░░░░░░░░  31%  Streaming frame 729/7047
  ███████░░░░░░░░░░░░░░░░░░  31%  Streaming frame 730/7047
  ███████░░░░░░░░░░░░░░░░░░  31%  Streaming frame 731/7047
  ███████░░░░░░░░░░░░░░░░░░  31%  Streaming frame 732/7047
  ███████░░░░░░░░░░░░░░░░░░  31%  Streaming frame 733/7047
  ███████░░░░░░░░░░░░░░░░░░  31%  Streaming frame 734/7047
  ███████░░░░░░░░░░░░░░░░░░  31%  Streaming frame 735/7047
  ███████░░░░░░░░░░░░░░░░░░  31%  Streaming frame 736/7047
  ███████░░░░░░░░░░░░░░░░░░  31%  Streaming frame 737/7047
  ███████░░░░░░░░░░░░░░░░░░  31%  Streaming frame 738/7047
  ███████░░░░░░░░░░░░░░░░░░  31%  Streaming frame 739/7047
  ███████░░░░░░░░░░░░░░░░░░  31%  Streaming frame 740/7047
  ███████░░░░░░░░░░░░░░░░░░  31%  Streaming frame 741/7047
  ███████░░░░░░░░░░░░░░░░░░  31%  Streaming frame 742/7047
  ███████░░░░░░░░░░░░░░░░░░  31%  Streaming frame 743/7047
  ███████░░░░░░░░░░░░░░░░░░  31%  Streaming frame 744/7047
  ███████░░░░░░░░░░░░░░░░░░  31%  Streaming frame 745/7047
  ███████░░░░░░░░░░░░░░░░░░  31%  Streaming frame 746/7047
  ███████░░░░░░░░░░░░░░░░░░  31%  Streaming frame 747/7047
  ███████░░░░░░░░░░░░░░░░░░  31%  Streaming frame 748/7047
  ███████░░░░░░░░░░░░░░░░░░  31%  Streaming frame 749/7047
  ███████░░░░░░░░░░░░░░░░░░  31%  Streaming frame 750/7047
  ███████░░░░░░░░░░░░░░░░░░  31%  Streaming frame 751/7047
  ███████░░░░░░░░░░░░░░░░░░  31%  Streaming frame 752/7047
  ███████░░░░░░░░░░░░░░░░░░  31%  Streaming frame 753/7047
  ███████░░░░░░░░░░░░░░░░░░  31%  Streaming frame 754/7047
  ███████░░░░░░░░░░░░░░░░░░  31%  Streaming frame 755/7047
  ███████░░░░░░░░░░░░░░░░░░  31%  Streaming frame 756/7047
  ███████░░░░░░░░░░░░░░░░░░  31%  Streaming frame 757/7047
  ███████░░░░░░░░░░░░░░░░░░  31%  Streaming frame 758/7047
  ███████░░░░░░░░░░░░░░░░░░  31%  Streaming frame 759/7047
  ███████░░░░░░░░░░░░░░░░░░  31%  Streaming frame 760/7047
  ███████░░░░░░░░░░░░░░░░░░  31%  Streaming frame 761/7047
  ███████░░░░░░░░░░░░░░░░░░  31%  Streaming frame 762/7047
  ███████░░░░░░░░░░░░░░░░░░  31%  Streaming frame 763/7047
  ███████░░░░░░░░░░░░░░░░░░  31%  Streaming frame 764/7047
  ███████░░░░░░░░░░░░░░░░░░  31%  Streaming frame 765/7047
  ███████░░░░░░░░░░░░░░░░░░  31%  Streaming frame 766/7047
  ███████░░░░░░░░░░░░░░░░░░  31%  Streaming frame 767/7047
  ███████░░░░░░░░░░░░░░░░░░  31%  Streaming frame 768/7047
  ███████░░░░░░░░░░░░░░░░░░  31%  Streaming frame 769/7047
  ███████░░░░░░░░░░░░░░░░░░  31%  Streaming frame 770/7047
  ███████░░░░░░░░░░░░░░░░░░  31%  Streaming frame 771/7047
  ███████░░░░░░░░░░░░░░░░░░  31%  Streaming frame 772/7047
  ███████░░░░░░░░░░░░░░░░░░  31%  Streaming frame 773/7047
  ███████░░░░░░░░░░░░░░░░░░  31%  Streaming frame 774/7047
  ███████░░░░░░░░░░░░░░░░░░  31%  Streaming frame 775/7047
  ███████░░░░░░░░░░░░░░░░░░  31%  Streaming frame 776/7047
  ███████░░░░░░░░░░░░░░░░░░  31%  Streaming frame 777/7047
  ███████░░░░░░░░░░░░░░░░░░  31%  Streaming frame 778/7047
  ███████░░░░░░░░░░░░░░░░░░  31%  Streaming frame 779/7047
  ███████░░░░░░░░░░░░░░░░░░  31%  Streaming frame 780/7047
  ███████░░░░░░░░░░░░░░░░░░  31%  Streaming frame 781/7047
  ███████░░░░░░░░░░░░░░░░░░  31%  Streaming frame 782/7047
  ███████░░░░░░░░░░░░░░░░░░  31%  Streaming frame 783/7047
  ███████░░░░░░░░░░░░░░░░░░  31%  Streaming frame 784/7047
  ███████░░░░░░░░░░░░░░░░░░  31%  Streaming frame 785/7047
  ███████░░░░░░░░░░░░░░░░░░  31%  Streaming frame 786/7047
  ███████░░░░░░░░░░░░░░░░░░  31%  Streaming frame 787/7047
  ███████░░░░░░░░░░░░░░░░░░  31%  Streaming frame 788/7047
  ███████░░░░░░░░░░░░░░░░░░  31%  Streaming frame 789/7047
  ███████░░░░░░░░░░░░░░░░░░  31%  Streaming frame 790/7047
  ███████░░░░░░░░░░░░░░░░░░  31%  Streaming frame 791/7047
  ███████░░░░░░░░░░░░░░░░░░  31%  Streaming frame 792/7047
  ███████░░░░░░░░░░░░░░░░░░  31%  Streaming frame 793/7047
  ███████░░░░░░░░░░░░░░░░░░  31%  Streaming frame 794/7047
  ███████░░░░░░░░░░░░░░░░░░  31%  Streaming frame 795/7047
  ███████░░░░░░░░░░░░░░░░░░  31%  Streaming frame 796/7047
  ███████░░░░░░░░░░░░░░░░░░  31%  Streaming frame 797/7047
  ███████░░░░░░░░░░░░░░░░░░  31%  Streaming frame 798/7047
  ███████░░░░░░░░░░░░░░░░░░  31%  Streaming frame 799/7047
  ███████░░░░░░░░░░░░░░░░░░  31%  Streaming frame 800/7047
  ███████░░░░░░░░░░░░░░░░░░  31%  Streaming frame 801/7047
  ███████░░░░░░░░░░░░░░░░░░  31%  Streaming frame 802/7047
  ███████░░░░░░░░░░░░░░░░░░  31%  Streaming frame 803/7047
  ███████░░░░░░░░░░░░░░░░░░  31%  Streaming frame 804/7047
  ███████░░░░░░░░░░░░░░░░░░  31%  Streaming frame 805/7047
  ███████░░░░░░░░░░░░░░░░░░  31%  Streaming frame 806/7047
  ███████░░░░░░░░░░░░░░░░░░  31%  Streaming frame 807/7047
  ███████░░░░░░░░░░░░░░░░░░  31%  Streaming frame 808/7047
  ███████░░░░░░░░░░░░░░░░░░  31%  Streaming frame 809/7047
  ███████░░░░░░░░░░░░░░░░░░  31%  Streaming frame 810/7047
  ███████░░░░░░░░░░░░░░░░░░  31%  Streaming frame 811/7047
  ███████░░░░░░░░░░░░░░░░░░  31%  Streaming frame 812/7047
  ███████░░░░░░░░░░░░░░░░░░  31%  Streaming frame 813/7047
  ███████░░░░░░░░░░░░░░░░░░  31%  Streaming frame 814/7047
  ███████░░░░░░░░░░░░░░░░░░  31%  Streaming frame 815/7047
  ███████░░░░░░░░░░░░░░░░░░  31%  Streaming frame 816/7047
  ███████░░░░░░░░░░░░░░░░░░  31%  Streaming frame 817/7047
  ███████░░░░░░░░░░░░░░░░░░  31%  Streaming frame 818/7047
  ███████░░░░░░░░░░░░░░░░░░  31%  Streaming frame 819/7047
  ███████░░░░░░░░░░░░░░░░░░  31%  Streaming frame 820/7047
  ███████░░░░░░░░░░░░░░░░░░  31%  Streaming frame 821/7047
  ███████░░░░░░░░░░░░░░░░░░  31%  Streaming frame 822/7047
  ███████░░░░░░░░░░░░░░░░░░  31%  Streaming frame 823/7047
  ███████░░░░░░░░░░░░░░░░░░  31%  Streaming frame 824/7047
  ███████░░░░░░░░░░░░░░░░░░  31%  Streaming frame 825/7047
  ███████░░░░░░░░░░░░░░░░░░  31%  Streaming frame 826/7047
  ███████░░░░░░░░░░░░░░░░░░  31%  Streaming frame 827/7047
  ███████░░░░░░░░░░░░░░░░░░  31%  Streaming frame 828/7047
  ███████░░░░░░░░░░░░░░░░░░  31%  Streaming frame 829/7047
  ███████░░░░░░░░░░░░░░░░░░  31%  Streaming frame 830/7047
  ███████░░░░░░░░░░░░░░░░░░  31%  Streaming frame 831/7047
  ███████░░░░░░░░░░░░░░░░░░  31%  Streaming frame 832/7047
  ████████░░░░░░░░░░░░░░░░░  32%  Streaming frame 833/7047
  ████████░░░░░░░░░░░░░░░░░  32%  Streaming frame 834/7047
  ████████░░░░░░░░░░░░░░░░░  32%  Streaming frame 835/7047
  ████████░░░░░░░░░░░░░░░░░  32%  Streaming frame 836/7047
  ████████░░░░░░░░░░░░░░░░░  32%  Streaming frame 837/7047
  ████████░░░░░░░░░░░░░░░░░  32%  Streaming frame 838/7047
  ████████░░░░░░░░░░░░░░░░░  32%  Streaming frame 839/7047
  ████████░░░░░░░░░░░░░░░░░  32%  Streaming frame 840/7047
  ████████░░░░░░░░░░░░░░░░░  32%  Streaming frame 841/7047
  ████████░░░░░░░░░░░░░░░░░  32%  Streaming frame 842/7047
  ████████░░░░░░░░░░░░░░░░░  32%  Streaming frame 843/7047
  ████████░░░░░░░░░░░░░░░░░  32%  Streaming frame 844/7047
  ████████░░░░░░░░░░░░░░░░░  32%  Streaming frame 845/7047
  ████████░░░░░░░░░░░░░░░░░  32%  Streaming frame 846/7047
  ████████░░░░░░░░░░░░░░░░░  32%  Streaming frame 847/7047
  ████████░░░░░░░░░░░░░░░░░  32%  Streaming frame 848/7047
  ████████░░░░░░░░░░░░░░░░░  32%  Streaming frame 849/7047
  ████████░░░░░░░░░░░░░░░░░  32%  Streaming frame 850/7047
  ████████░░░░░░░░░░░░░░░░░  32%  Streaming frame 851/7047
  ████████░░░░░░░░░░░░░░░░░  32%  Streaming frame 852/7047
  ████████░░░░░░░░░░░░░░░░░  32%  Streaming frame 853/7047
  ████████░░░░░░░░░░░░░░░░░  32%  Streaming frame 854/7047
  ████████░░░░░░░░░░░░░░░░░  32%  Streaming frame 855/7047
  ████████░░░░░░░░░░░░░░░░░  32%  Streaming frame 856/7047
  ████████░░░░░░░░░░░░░░░░░  32%  Streaming frame 857/7047
  ████████░░░░░░░░░░░░░░░░░  32%  Streaming frame 858/7047
  ████████░░░░░░░░░░░░░░░░░  32%  Streaming frame 859/7047
  ████████░░░░░░░░░░░░░░░░░  32%  Streaming frame 860/7047
  ████████░░░░░░░░░░░░░░░░░  32%  Streaming frame 861/7047
  ████████░░░░░░░░░░░░░░░░░  32%  Streaming frame 862/7047
  ████████░░░░░░░░░░░░░░░░░  32%  Streaming frame 863/7047
  ████████░░░░░░░░░░░░░░░░░  32%  Streaming frame 864/7047
  ████████░░░░░░░░░░░░░░░░░  32%  Streaming frame 865/7047
  ████████░░░░░░░░░░░░░░░░░  32%  Streaming frame 866/7047
  ████████░░░░░░░░░░░░░░░░░  32%  Streaming frame 867/7047
  ████████░░░░░░░░░░░░░░░░░  32%  Streaming frame 868/7047
  ████████░░░░░░░░░░░░░░░░░  32%  Streaming frame 869/7047
  ████████░░░░░░░░░░░░░░░░░  32%  Streaming frame 870/7047
  ████████░░░░░░░░░░░░░░░░░  32%  Streaming frame 871/7047
  ████████░░░░░░░░░░░░░░░░░  32%  Streaming frame 872/7047
  ████████░░░░░░░░░░░░░░░░░  32%  Streaming frame 873/7047
  ████████░░░░░░░░░░░░░░░░░  32%  Streaming frame 874/7047
  ████████░░░░░░░░░░░░░░░░░  32%  Streaming frame 875/7047
  ████████░░░░░░░░░░░░░░░░░  32%  Streaming frame 876/7047
  ████████░░░░░░░░░░░░░░░░░  32%  Streaming frame 877/7047
  ████████░░░░░░░░░░░░░░░░░  32%  Streaming frame 878/7047
  ████████░░░░░░░░░░░░░░░░░  32%  Streaming frame 879/7047
  ████████░░░░░░░░░░░░░░░░░  32%  Streaming frame 880/7047
  ████████░░░░░░░░░░░░░░░░░  32%  Streaming frame 881/7047
  ████████░░░░░░░░░░░░░░░░░  32%  Streaming frame 882/7047
  ████████░░░░░░░░░░░░░░░░░  32%  Streaming frame 883/7047
  ████████░░░░░░░░░░░░░░░░░  32%  Streaming frame 884/7047
  ████████░░░░░░░░░░░░░░░░░  32%  Streaming frame 885/7047
  ████████░░░░░░░░░░░░░░░░░  32%  Streaming frame 886/7047
  ████████░░░░░░░░░░░░░░░░░  32%  Streaming frame 887/7047
  ████████░░░░░░░░░░░░░░░░░  32%  Streaming frame 888/7047
  ████████░░░░░░░░░░░░░░░░░  32%  Streaming frame 889/7047
  ████████░░░░░░░░░░░░░░░░░  32%  Streaming frame 890/7047
  ████████░░░░░░░░░░░░░░░░░  32%  Streaming frame 891/7047
  ████████░░░░░░░░░░░░░░░░░  32%  Streaming frame 892/7047
  ████████░░░░░░░░░░░░░░░░░  32%  Streaming frame 893/7047
  ████████░░░░░░░░░░░░░░░░░  32%  Streaming frame 894/7047
  ████████░░░░░░░░░░░░░░░░░  32%  Streaming frame 895/7047
  ████████░░░░░░░░░░░░░░░░░  32%  Streaming frame 896/7047
  ████████░░░░░░░░░░░░░░░░░  32%  Streaming frame 897/7047
  ████████░░░░░░░░░░░░░░░░░  32%  Streaming frame 898/7047
  ████████░░░░░░░░░░░░░░░░░  32%  Streaming frame 899/7047
  ████████░░░░░░░░░░░░░░░░░  32%  Streaming frame 900/7047
  ████████░░░░░░░░░░░░░░░░░  32%  Streaming frame 901/7047
  ████████░░░░░░░░░░░░░░░░░  32%  Streaming frame 902/7047
  ████████░░░░░░░░░░░░░░░░░  32%  Streaming frame 903/7047
  ████████░░░░░░░░░░░░░░░░░  32%  Streaming frame 904/7047
  ████████░░░░░░░░░░░░░░░░░  32%  Streaming frame 905/7047
  ████████░░░░░░░░░░░░░░░░░  32%  Streaming frame 906/7047
  ████████░░░░░░░░░░░░░░░░░  32%  Streaming frame 907/7047
  ████████░░░░░░░░░░░░░░░░░  32%  Streaming frame 908/7047
  ████████░░░░░░░░░░░░░░░░░  32%  Streaming frame 909/7047
  ████████░░░░░░░░░░░░░░░░░  32%  Streaming frame 910/7047
  ████████░░░░░░░░░░░░░░░░░  32%  Streaming frame 911/7047
  ████████░░░░░░░░░░░░░░░░░  32%  Streaming frame 912/7047
  ████████░░░░░░░░░░░░░░░░░  32%  Streaming frame 913/7047
  ████████░░░░░░░░░░░░░░░░░  32%  Streaming frame 914/7047
  ████████░░░░░░░░░░░░░░░░░  32%  Streaming frame 915/7047
  ████████░░░░░░░░░░░░░░░░░  32%  Streaming frame 916/7047
  ████████░░░░░░░░░░░░░░░░░  32%  Streaming frame 917/7047
  ████████░░░░░░░░░░░░░░░░░  32%  Streaming frame 918/7047
  ████████░░░░░░░░░░░░░░░░░  32%  Streaming frame 919/7047
  ████████░░░░░░░░░░░░░░░░░  32%  Streaming frame 920/7047
  ████████░░░░░░░░░░░░░░░░░  32%  Streaming frame 921/7047
  ████████░░░░░░░░░░░░░░░░░  32%  Streaming frame 922/7047
  ████████░░░░░░░░░░░░░░░░░  32%  Streaming frame 923/7047
  ████████░░░░░░░░░░░░░░░░░  32%  Streaming frame 924/7047
  ████████░░░░░░░░░░░░░░░░░  32%  Streaming frame 925/7047
  ████████░░░░░░░░░░░░░░░░░  32%  Streaming frame 926/7047
  ████████░░░░░░░░░░░░░░░░░  32%  Streaming frame 927/7047
  ████████░░░░░░░░░░░░░░░░░  32%  Streaming frame 928/7047
  ████████░░░░░░░░░░░░░░░░░  32%  Streaming frame 929/7047
  ████████░░░░░░░░░░░░░░░░░  32%  Streaming frame 930/7047
  ████████░░░░░░░░░░░░░░░░░  32%  Streaming frame 931/7047
  ████████░░░░░░░░░░░░░░░░░  32%  Streaming frame 932/7047
  ████████░░░░░░░░░░░░░░░░░  32%  Streaming frame 933/7047
  ████████░░░░░░░░░░░░░░░░░  32%  Streaming frame 934/7047
  ████████░░░░░░░░░░░░░░░░░  32%  Streaming frame 935/7047
  ████████░░░░░░░░░░░░░░░░░  32%  Streaming frame 936/7047
  ████████░░░░░░░░░░░░░░░░░  32%  Streaming frame 937/7047
  ████████░░░░░░░░░░░░░░░░░  32%  Streaming frame 938/7047
  ████████░░░░░░░░░░░░░░░░░  32%  Streaming frame 939/7047
  ████████░░░░░░░░░░░░░░░░░  32%  Streaming frame 940/7047
  ████████░░░░░░░░░░░░░░░░░  32%  Streaming frame 941/7047
  ████████░░░░░░░░░░░░░░░░░  32%  Streaming frame 942/7047
  ████████░░░░░░░░░░░░░░░░░  32%  Streaming frame 943/7047
  ████████░░░░░░░░░░░░░░░░░  32%  Streaming frame 944/7047
  ████████░░░░░░░░░░░░░░░░░  32%  Streaming frame 945/7047
  ████████░░░░░░░░░░░░░░░░░  32%  Streaming frame 946/7047
  ████████░░░░░░░░░░░░░░░░░  32%  Streaming frame 947/7047
  ████████░░░░░░░░░░░░░░░░░  32%  Streaming frame 948/7047
  ████████░░░░░░░░░░░░░░░░░  32%  Streaming frame 949/7047
  ████████░░░░░░░░░░░░░░░░░  32%  Streaming frame 950/7047
  ████████░░░░░░░░░░░░░░░░░  32%  Streaming frame 951/7047
  ████████░░░░░░░░░░░░░░░░░  32%  Streaming frame 952/7047
  ████████░░░░░░░░░░░░░░░░░  32%  Streaming frame 953/7047
  ████████░░░░░░░░░░░░░░░░░  32%  Streaming frame 954/7047
  ████████░░░░░░░░░░░░░░░░░  32%  Streaming frame 955/7047
  ████████░░░░░░░░░░░░░░░░░  32%  Streaming frame 956/7047
  ████████░░░░░░░░░░░░░░░░░  32%  Streaming frame 957/7047
  ████████░░░░░░░░░░░░░░░░░  32%  Streaming frame 958/7047
  ████████░░░░░░░░░░░░░░░░░  32%  Streaming frame 959/7047
  ████████░░░░░░░░░░░░░░░░░  32%  Streaming frame 960/7047
  ████████░░░░░░░░░░░░░░░░░  33%  Streaming frame 961/7047
  ████████░░░░░░░░░░░░░░░░░  33%  Streaming frame 962/7047
  ████████░░░░░░░░░░░░░░░░░  33%  Streaming frame 963/7047
  ████████░░░░░░░░░░░░░░░░░  33%  Streaming frame 964/7047
  ████████░░░░░░░░░░░░░░░░░  33%  Streaming frame 965/7047
  ████████░░░░░░░░░░░░░░░░░  33%  Streaming frame 966/7047
  ████████░░░░░░░░░░░░░░░░░  33%  Streaming frame 967/7047
  ████████░░░░░░░░░░░░░░░░░  33%  Streaming frame 968/7047
  ████████░░░░░░░░░░░░░░░░░  33%  Streaming frame 969/7047
  ████████░░░░░░░░░░░░░░░░░  33%  Streaming frame 970/7047
  ████████░░░░░░░░░░░░░░░░░  33%  Streaming frame 971/7047
  ████████░░░░░░░░░░░░░░░░░  33%  Streaming frame 972/7047
  ████████░░░░░░░░░░░░░░░░░  33%  Streaming frame 973/7047
  ████████░░░░░░░░░░░░░░░░░  33%  Streaming frame 974/7047
  ████████░░░░░░░░░░░░░░░░░  33%  Streaming frame 975/7047
  ████████░░░░░░░░░░░░░░░░░  33%  Streaming frame 976/7047
  ████████░░░░░░░░░░░░░░░░░  33%  Streaming frame 977/7047
  ████████░░░░░░░░░░░░░░░░░  33%  Streaming frame 978/7047
  ████████░░░░░░░░░░░░░░░░░  33%  Streaming frame 979/7047
  ████████░░░░░░░░░░░░░░░░░  33%  Streaming frame 980/7047
  ████████░░░░░░░░░░░░░░░░░  33%  Streaming frame 981/7047
  ████████░░░░░░░░░░░░░░░░░  33%  Streaming frame 982/7047
  ████████░░░░░░░░░░░░░░░░░  33%  Streaming frame 983/7047
  ████████░░░░░░░░░░░░░░░░░  33%  Streaming frame 984/7047
  ████████░░░░░░░░░░░░░░░░░  33%  Streaming frame 985/7047
  ████████░░░░░░░░░░░░░░░░░  33%  Streaming frame 986/7047
  ████████░░░░░░░░░░░░░░░░░  33%  Streaming frame 987/7047
  ████████░░░░░░░░░░░░░░░░░  33%  Streaming frame 988/7047
  ████████░░░░░░░░░░░░░░░░░  33%  Streaming frame 989/7047
  ████████░░░░░░░░░░░░░░░░░  33%  Streaming frame 990/7047
  ████████░░░░░░░░░░░░░░░░░  33%  Streaming frame 991/7047
  ████████░░░░░░░░░░░░░░░░░  33%  Streaming frame 992/7047
  ████████░░░░░░░░░░░░░░░░░  33%  Streaming frame 993/7047
  ████████░░░░░░░░░░░░░░░░░  33%  Streaming frame 994/7047
  ████████░░░░░░░░░░░░░░░░░  33%  Streaming frame 995/7047
  ████████░░░░░░░░░░░░░░░░░  33%  Streaming frame 996/7047
  ████████░░░░░░░░░░░░░░░░░  33%  Streaming frame 997/7047
  ████████░░░░░░░░░░░░░░░░░  33%  Streaming frame 998/7047
  ████████░░░░░░░░░░░░░░░░░  33%  Streaming frame 999/7047
  ████████░░░░░░░░░░░░░░░░░  33%  Streaming frame 1000/7047
  ████████░░░░░░░░░░░░░░░░░  33%  Streaming frame 1001/7047
  ████████░░░░░░░░░░░░░░░░░  33%  Streaming frame 1002/7047
  ████████░░░░░░░░░░░░░░░░░  33%  Streaming frame 1003/7047
  ████████░░░░░░░░░░░░░░░░░  33%  Streaming frame 1004/7047
  ████████░░░░░░░░░░░░░░░░░  33%  Streaming frame 1005/7047
  ████████░░░░░░░░░░░░░░░░░  33%  Streaming frame 1006/7047
  ████████░░░░░░░░░░░░░░░░░  33%  Streaming frame 1007/7047
  ████████░░░░░░░░░░░░░░░░░  33%  Streaming frame 1008/7047
  ████████░░░░░░░░░░░░░░░░░  33%  Streaming frame 1009/7047
  ████████░░░░░░░░░░░░░░░░░  33%  Streaming frame 1010/7047
  ████████░░░░░░░░░░░░░░░░░  33%  Streaming frame 1011/7047
  ████████░░░░░░░░░░░░░░░░░  33%  Streaming frame 1012/7047
  ████████░░░░░░░░░░░░░░░░░  33%  Streaming frame 1013/7047
  ████████░░░░░░░░░░░░░░░░░  33%  Streaming frame 1014/7047
  ████████░░░░░░░░░░░░░░░░░  33%  Streaming frame 1015/7047
  ████████░░░░░░░░░░░░░░░░░  33%  Streaming frame 1016/7047
  ████████░░░░░░░░░░░░░░░░░  33%  Streaming frame 1017/7047
  ████████░░░░░░░░░░░░░░░░░  33%  Streaming frame 1018/7047
  ████████░░░░░░░░░░░░░░░░░  33%  Streaming frame 1019/7047
  ████████░░░░░░░░░░░░░░░░░  33%  Streaming frame 1020/7047
  ████████░░░░░░░░░░░░░░░░░  33%  Streaming frame 1021/7047
  ████████░░░░░░░░░░░░░░░░░  33%  Streaming frame 1022/7047
  ████████░░░░░░░░░░░░░░░░░  33%  Streaming frame 1023/7047
  ████████░░░░░░░░░░░░░░░░░  33%  Streaming frame 1024/7047
  ████████░░░░░░░░░░░░░░░░░  33%  Streaming frame 1025/7047
  ████████░░░░░░░░░░░░░░░░░  33%  Streaming frame 1026/7047
  ████████░░░░░░░░░░░░░░░░░  33%  Streaming frame 1027/7047
  ████████░░░░░░░░░░░░░░░░░  33%  Streaming frame 1028/7047
  ████████░░░░░░░░░░░░░░░░░  33%  Streaming frame 1029/7047
  ████████░░░░░░░░░░░░░░░░░  33%  Streaming frame 1030/7047
  ████████░░░░░░░░░░░░░░░░░  33%  Streaming frame 1031/7047
  ████████░░░░░░░░░░░░░░░░░  33%  Streaming frame 1032/7047
  ████████░░░░░░░░░░░░░░░░░  33%  Streaming frame 1033/7047
  ████████░░░░░░░░░░░░░░░░░  33%  Streaming frame 1034/7047
  ████████░░░░░░░░░░░░░░░░░  33%  Streaming frame 1035/7047
  ████████░░░░░░░░░░░░░░░░░  33%  Streaming frame 1036/7047
  ████████░░░░░░░░░░░░░░░░░  33%  Streaming frame 1037/7047
  ████████░░░░░░░░░░░░░░░░░  33%  Streaming frame 1038/7047
  ████████░░░░░░░░░░░░░░░░░  33%  Streaming frame 1039/7047
  ████████░░░░░░░░░░░░░░░░░  33%  Streaming frame 1040/7047
  ████████░░░░░░░░░░░░░░░░░  33%  Streaming frame 1041/7047
  ████████░░░░░░░░░░░░░░░░░  33%  Streaming frame 1042/7047
  ████████░░░░░░░░░░░░░░░░░  33%  Streaming frame 1043/7047
  ████████░░░░░░░░░░░░░░░░░  33%  Streaming frame 1044/7047
  ████████░░░░░░░░░░░░░░░░░  33%  Streaming frame 1045/7047
  ████████░░░░░░░░░░░░░░░░░  33%  Streaming frame 1046/7047
  ████████░░░░░░░░░░░░░░░░░  33%  Streaming frame 1047/7047
  ████████░░░░░░░░░░░░░░░░░  33%  Streaming frame 1048/7047
  ████████░░░░░░░░░░░░░░░░░  33%  Streaming frame 1049/7047
  ████████░░░░░░░░░░░░░░░░░  33%  Streaming frame 1050/7047
  ████████░░░░░░░░░░░░░░░░░  33%  Streaming frame 1051/7047
  ████████░░░░░░░░░░░░░░░░░  33%  Streaming frame 1052/7047
  ████████░░░░░░░░░░░░░░░░░  33%  Streaming frame 1053/7047
  ████████░░░░░░░░░░░░░░░░░  33%  Streaming frame 1054/7047
  ████████░░░░░░░░░░░░░░░░░  33%  Streaming frame 1055/7047
  ████████░░░░░░░░░░░░░░░░░  33%  Streaming frame 1056/7047
  ████████░░░░░░░░░░░░░░░░░  33%  Streaming frame 1057/7047
  ████████░░░░░░░░░░░░░░░░░  33%  Streaming frame 1058/7047
  ████████░░░░░░░░░░░░░░░░░  33%  Streaming frame 1059/7047
  ████████░░░░░░░░░░░░░░░░░  33%  Streaming frame 1060/7047
  ████████░░░░░░░░░░░░░░░░░  33%  Streaming frame 1061/7047
  ████████░░░░░░░░░░░░░░░░░  33%  Streaming frame 1062/7047
  ████████░░░░░░░░░░░░░░░░░  33%  Streaming frame 1063/7047
  ████████░░░░░░░░░░░░░░░░░  33%  Streaming frame 1064/7047
  ████████░░░░░░░░░░░░░░░░░  33%  Streaming frame 1065/7047
  ████████░░░░░░░░░░░░░░░░░  33%  Streaming frame 1066/7047
  ████████░░░░░░░░░░░░░░░░░  33%  Streaming frame 1067/7047
  ████████░░░░░░░░░░░░░░░░░  33%  Streaming frame 1068/7047
[WARN] [Render] drawElement blank-frame suspect; re-capturing {"renderJobId":"1c57a6f3-a451-4ce4-ac2e-553797cfb0b7","frame":1068,"bytes":6161,"floor":7778}
[INFO] [Render] drawElement small frame is deterministic; accepted {"renderJobId":"1c57a6f3-a451-4ce4-ac2e-553797cfb0b7","frame":1068,"bytes":6161}
  ████████░░░░░░░░░░░░░░░░░  33%  Streaming frame 1069/7047
[WARN] [Render] drawElement blank-frame suspect; re-capturing {"renderJobId":"1c57a6f3-a451-4ce4-ac2e-553797cfb0b7","frame":1069,"bytes":6511,"floor":7775}
[INFO] [Render] drawElement small frame is deterministic; accepted {"renderJobId":"1c57a6f3-a451-4ce4-ac2e-553797cfb0b7","frame":1069,"bytes":6511}
  ████████░░░░░░░░░░░░░░░░░  33%  Streaming frame 1070/7047
[WARN] [Render] drawElement blank-frame suspect; re-capturing {"renderJobId":"1c57a6f3-a451-4ce4-ac2e-553797cfb0b7","frame":1070,"bytes":6646,"floor":7775}
[INFO] [Render] drawElement small frame is deterministic; accepted {"renderJobId":"1c57a6f3-a451-4ce4-ac2e-553797cfb0b7","frame":1070,"bytes":6646}
  ████████░░░░░░░░░░░░░░░░░  33%  Streaming frame 1071/7047
[WARN] [Render] drawElement blank-frame suspect; re-capturing {"renderJobId":"1c57a6f3-a451-4ce4-ac2e-553797cfb0b7","frame":1071,"bytes":6743,"floor":7775}
[INFO] [Render] drawElement small frame is deterministic; accepted {"renderJobId":"1c57a6f3-a451-4ce4-ac2e-553797cfb0b7","frame":1071,"bytes":6743}
  ████████░░░░░░░░░░░░░░░░░  33%  Streaming frame 1072/7047
[WARN] [Render] drawElement blank-frame suspect; re-capturing {"renderJobId":"1c57a6f3-a451-4ce4-ac2e-553797cfb0b7","frame":1072,"bytes":6819,"floor":7774}
[INFO] [Render] drawElement small frame is deterministic; accepted {"renderJobId":"1c57a6f3-a451-4ce4-ac2e-553797cfb0b7","frame":1072,"bytes":6819}
  ████████░░░░░░░░░░░░░░░░░  33%  Streaming frame 1073/7047
  ████████░░░░░░░░░░░░░░░░░  33%  Streaming frame 1074/7047
  ████████░░░░░░░░░░░░░░░░░  33%  Streaming frame 1075/7047
  ████████░░░░░░░░░░░░░░░░░  33%  Streaming frame 1076/7047
  ████████░░░░░░░░░░░░░░░░░  33%  Streaming frame 1077/7047
  ████████░░░░░░░░░░░░░░░░░  33%  Streaming frame 1078/7047
  ████████░░░░░░░░░░░░░░░░░  33%  Streaming frame 1079/7047
  ████████░░░░░░░░░░░░░░░░░  33%  Streaming frame 1080/7047
  ████████░░░░░░░░░░░░░░░░░  33%  Streaming frame 1081/7047
  ████████░░░░░░░░░░░░░░░░░  33%  Streaming frame 1082/7047
  ████████░░░░░░░░░░░░░░░░░  33%  Streaming frame 1083/7047
  ████████░░░░░░░░░░░░░░░░░  33%  Streaming frame 1084/7047
  ████████░░░░░░░░░░░░░░░░░  33%  Streaming frame 1085/7047
  ████████░░░░░░░░░░░░░░░░░  33%  Streaming frame 1086/7047
  ████████░░░░░░░░░░░░░░░░░  33%  Streaming frame 1087/7047
  ████████░░░░░░░░░░░░░░░░░  33%  Streaming frame 1088/7047
  ████████░░░░░░░░░░░░░░░░░  33%  Streaming frame 1089/7047
  ████████░░░░░░░░░░░░░░░░░  34%  Streaming frame 1090/7047
  ████████░░░░░░░░░░░░░░░░░  34%  Streaming frame 1091/7047
  ████████░░░░░░░░░░░░░░░░░  34%  Streaming frame 1092/7047
  ████████░░░░░░░░░░░░░░░░░  34%  Streaming frame 1093/7047
  ████████░░░░░░░░░░░░░░░░░  34%  Streaming frame 1094/7047
  ████████░░░░░░░░░░░░░░░░░  34%  Streaming frame 1095/7047
  ████████░░░░░░░░░░░░░░░░░  34%  Streaming frame 1096/7047
  ████████░░░░░░░░░░░░░░░░░  34%  Streaming frame 1097/7047
  ████████░░░░░░░░░░░░░░░░░  34%  Streaming frame 1098/7047
  ████████░░░░░░░░░░░░░░░░░  34%  Streaming frame 1099/7047
  ████████░░░░░░░░░░░░░░░░░  34%  Streaming frame 1100/7047
  ████████░░░░░░░░░░░░░░░░░  34%  Streaming frame 1101/7047
  ████████░░░░░░░░░░░░░░░░░  34%  Streaming frame 1102/7047
  ████████░░░░░░░░░░░░░░░░░  34%  Streaming frame 1103/7047
  ████████░░░░░░░░░░░░░░░░░  34%  Streaming frame 1104/7047
  ████████░░░░░░░░░░░░░░░░░  34%  Streaming frame 1105/7047
  ████████░░░░░░░░░░░░░░░░░  34%  Streaming frame 1106/7047
  ████████░░░░░░░░░░░░░░░░░  34%  Streaming frame 1107/7047
  ████████░░░░░░░░░░░░░░░░░  34%  Streaming frame 1108/7047
  ████████░░░░░░░░░░░░░░░░░  34%  Streaming frame 1109/7047
  ████████░░░░░░░░░░░░░░░░░  34%  Streaming frame 1110/7047
  ████████░░░░░░░░░░░░░░░░░  34%  Streaming frame 1111/7047
  ████████░░░░░░░░░░░░░░░░░  34%  Streaming frame 1112/7047
  ████████░░░░░░░░░░░░░░░░░  34%  Streaming frame 1113/7047
  ████████░░░░░░░░░░░░░░░░░  34%  Streaming frame 1114/7047
  ████████░░░░░░░░░░░░░░░░░  34%  Streaming frame 1115/7047
  ████████░░░░░░░░░░░░░░░░░  34%  Streaming frame 1116/7047
  ████████░░░░░░░░░░░░░░░░░  34%  Streaming frame 1117/7047
  ████████░░░░░░░░░░░░░░░░░  34%  Streaming frame 1118/7047
  ████████░░░░░░░░░░░░░░░░░  34%  Streaming frame 1119/7047
  ████████░░░░░░░░░░░░░░░░░  34%  Streaming frame 1120/7047
  ████████░░░░░░░░░░░░░░░░░  34%  Streaming frame 1121/7047
  ████████░░░░░░░░░░░░░░░░░  34%  Streaming frame 1122/7047
  ████████░░░░░░░░░░░░░░░░░  34%  Streaming frame 1123/7047
  ████████░░░░░░░░░░░░░░░░░  34%  Streaming frame 1124/7047
  ████████░░░░░░░░░░░░░░░░░  34%  Streaming frame 1125/7047
  ████████░░░░░░░░░░░░░░░░░  34%  Streaming frame 1126/7047
  ████████░░░░░░░░░░░░░░░░░  34%  Streaming frame 1127/7047
  ████████░░░░░░░░░░░░░░░░░  34%  Streaming frame 1128/7047
  ████████░░░░░░░░░░░░░░░░░  34%  Streaming frame 1129/7047
  ████████░░░░░░░░░░░░░░░░░  34%  Streaming frame 1130/7047
  ████████░░░░░░░░░░░░░░░░░  34%  Streaming frame 1131/7047
  ████████░░░░░░░░░░░░░░░░░  34%  Streaming frame 1132/7047
  ████████░░░░░░░░░░░░░░░░░  34%  Streaming frame 1133/7047
  ████████░░░░░░░░░░░░░░░░░  34%  Streaming frame 1134/7047
  ████████░░░░░░░░░░░░░░░░░  34%  Streaming frame 1135/7047
  ████████░░░░░░░░░░░░░░░░░  34%  Streaming frame 1136/7047
  ████████░░░░░░░░░░░░░░░░░  34%  Streaming frame 1137/7047
  ████████░░░░░░░░░░░░░░░░░  34%  Streaming frame 1138/7047
  ████████░░░░░░░░░░░░░░░░░  34%  Streaming frame 1139/7047
  ████████░░░░░░░░░░░░░░░░░  34%  Streaming frame 1140/7047
  ████████░░░░░░░░░░░░░░░░░  34%  Streaming frame 1141/7047
  ████████░░░░░░░░░░░░░░░░░  34%  Streaming frame 1142/7047
  ████████░░░░░░░░░░░░░░░░░  34%  Streaming frame 1143/7047
  ████████░░░░░░░░░░░░░░░░░  34%  Streaming frame 1144/7047
  ████████░░░░░░░░░░░░░░░░░  34%  Streaming frame 1145/7047
  ████████░░░░░░░░░░░░░░░░░  34%  Streaming frame 1146/7047
  ████████░░░░░░░░░░░░░░░░░  34%  Streaming frame 1147/7047
  ████████░░░░░░░░░░░░░░░░░  34%  Streaming frame 1148/7047
  ████████░░░░░░░░░░░░░░░░░  34%  Streaming frame 1149/7047
  ████████░░░░░░░░░░░░░░░░░  34%  Streaming frame 1150/7047
  ████████░░░░░░░░░░░░░░░░░  34%  Streaming frame 1151/7047
  ████████░░░░░░░░░░░░░░░░░  34%  Streaming frame 1152/7047
  ████████░░░░░░░░░░░░░░░░░  34%  Streaming frame 1153/7047
  ████████░░░░░░░░░░░░░░░░░  34%  Streaming frame 1154/7047
  ████████░░░░░░░░░░░░░░░░░  34%  Streaming frame 1155/7047
  ████████░░░░░░░░░░░░░░░░░  34%  Streaming frame 1156/7047
  ████████░░░░░░░░░░░░░░░░░  34%  Streaming frame 1157/7047
  ████████░░░░░░░░░░░░░░░░░  34%  Streaming frame 1158/7047
  ████████░░░░░░░░░░░░░░░░░  34%  Streaming frame 1159/7047
  ████████░░░░░░░░░░░░░░░░░  34%  Streaming frame 1160/7047
  ████████░░░░░░░░░░░░░░░░░  34%  Streaming frame 1161/7047
  ████████░░░░░░░░░░░░░░░░░  34%  Streaming frame 1162/7047
  ████████░░░░░░░░░░░░░░░░░  34%  Streaming frame 1163/7047
  ████████░░░░░░░░░░░░░░░░░  34%  Streaming frame 1164/7047
  ████████░░░░░░░░░░░░░░░░░  34%  Streaming frame 1165/7047
  ████████░░░░░░░░░░░░░░░░░  34%  Streaming frame 1166/7047
  ████████░░░░░░░░░░░░░░░░░  34%  Streaming frame 1167/7047
  ████████░░░░░░░░░░░░░░░░░  34%  Streaming frame 1168/7047
  ████████░░░░░░░░░░░░░░░░░  34%  Streaming frame 1169/7047
  ████████░░░░░░░░░░░░░░░░░  34%  Streaming frame 1170/7047
  ████████░░░░░░░░░░░░░░░░░  34%  Streaming frame 1171/7047
  ████████░░░░░░░░░░░░░░░░░  34%  Streaming frame 1172/7047
  ████████░░░░░░░░░░░░░░░░░  34%  Streaming frame 1173/7047
  ████████░░░░░░░░░░░░░░░░░  34%  Streaming frame 1174/7047
  ████████░░░░░░░░░░░░░░░░░  34%  Streaming frame 1175/7047
  ████████░░░░░░░░░░░░░░░░░  34%  Streaming frame 1176/7047
  ████████░░░░░░░░░░░░░░░░░  34%  Streaming frame 1177/7047
  ████████░░░░░░░░░░░░░░░░░  34%  Streaming frame 1178/7047
  ████████░░░░░░░░░░░░░░░░░  34%  Streaming frame 1179/7047
  ████████░░░░░░░░░░░░░░░░░  34%  Streaming frame 1180/7047
  ████████░░░░░░░░░░░░░░░░░  34%  Streaming frame 1181/7047
  ████████░░░░░░░░░░░░░░░░░  34%  Streaming frame 1182/7047
  ████████░░░░░░░░░░░░░░░░░  34%  Streaming frame 1183/7047
  ████████░░░░░░░░░░░░░░░░░  34%  Streaming frame 1184/7047
  ████████░░░░░░░░░░░░░░░░░  34%  Streaming frame 1185/7047
  ████████░░░░░░░░░░░░░░░░░  34%  Streaming frame 1186/7047
  ████████░░░░░░░░░░░░░░░░░  34%  Streaming frame 1187/7047
  ████████░░░░░░░░░░░░░░░░░  34%  Streaming frame 1188/7047
  ████████░░░░░░░░░░░░░░░░░  34%  Streaming frame 1189/7047
  ████████░░░░░░░░░░░░░░░░░  34%  Streaming frame 1190/7047
  ████████░░░░░░░░░░░░░░░░░  34%  Streaming frame 1191/7047
  ████████░░░░░░░░░░░░░░░░░  34%  Streaming frame 1192/7047
  ████████░░░░░░░░░░░░░░░░░  34%  Streaming frame 1193/7047
  ████████░░░░░░░░░░░░░░░░░  34%  Streaming frame 1194/7047
  ████████░░░░░░░░░░░░░░░░░  34%  Streaming frame 1195/7047
  ████████░░░░░░░░░░░░░░░░░  34%  Streaming frame 1196/7047
  ████████░░░░░░░░░░░░░░░░░  34%  Streaming frame 1197/7047
  ████████░░░░░░░░░░░░░░░░░  34%  Streaming frame 1198/7047
  ████████░░░░░░░░░░░░░░░░░  34%  Streaming frame 1199/7047
  ████████░░░░░░░░░░░░░░░░░  34%  Streaming frame 1200/7047
  ████████░░░░░░░░░░░░░░░░░  34%  Streaming frame 1201/7047
  ████████░░░░░░░░░░░░░░░░░  34%  Streaming frame 1202/7047
  ████████░░░░░░░░░░░░░░░░░  34%  Streaming frame 1203/7047
  ████████░░░░░░░░░░░░░░░░░  34%  Streaming frame 1204/7047
  ████████░░░░░░░░░░░░░░░░░  34%  Streaming frame 1205/7047
  ████████░░░░░░░░░░░░░░░░░  34%  Streaming frame 1206/7047
  ████████░░░░░░░░░░░░░░░░░  34%  Streaming frame 1207/7047
  ████████░░░░░░░░░░░░░░░░░  34%  Streaming frame 1208/7047
  ████████░░░░░░░░░░░░░░░░░  34%  Streaming frame 1209/7047
  ████████░░░░░░░░░░░░░░░░░  34%  Streaming frame 1210/7047
  ████████░░░░░░░░░░░░░░░░░  34%  Streaming frame 1211/7047
  ████████░░░░░░░░░░░░░░░░░  34%  Streaming frame 1212/7047
  ████████░░░░░░░░░░░░░░░░░  34%  Streaming frame 1213/7047
  ████████░░░░░░░░░░░░░░░░░  34%  Streaming frame 1214/7047
  ████████░░░░░░░░░░░░░░░░░  34%  Streaming frame 1215/7047
  ████████░░░░░░░░░░░░░░░░░  34%  Streaming frame 1216/7047
  ████████░░░░░░░░░░░░░░░░░  34%  Streaming frame 1217/7047
  ████████░░░░░░░░░░░░░░░░░  35%  Streaming frame 1218/7047
  ████████░░░░░░░░░░░░░░░░░  35%  Streaming frame 1219/7047
  ████████░░░░░░░░░░░░░░░░░  35%  Streaming frame 1220/7047
  ████████░░░░░░░░░░░░░░░░░  35%  Streaming frame 1221/7047
  ████████░░░░░░░░░░░░░░░░░  35%  Streaming frame 1222/7047
  ████████░░░░░░░░░░░░░░░░░  35%  Streaming frame 1223/7047
  ████████░░░░░░░░░░░░░░░░░  35%  Streaming frame 1224/7047
  ████████░░░░░░░░░░░░░░░░░  35%  Streaming frame 1225/7047
  ████████░░░░░░░░░░░░░░░░░  35%  Streaming frame 1226/7047
  ████████░░░░░░░░░░░░░░░░░  35%  Streaming frame 1227/7047
  ████████░░░░░░░░░░░░░░░░░  35%  Streaming frame 1228/7047
  ████████░░░░░░░░░░░░░░░░░  35%  Streaming frame 1229/7047
  ████████░░░░░░░░░░░░░░░░░  35%  Streaming frame 1230/7047
  ████████░░░░░░░░░░░░░░░░░  35%  Streaming frame 1231/7047
  ████████░░░░░░░░░░░░░░░░░  35%  Streaming frame 1232/7047
  ████████░░░░░░░░░░░░░░░░░  35%  Streaming frame 1233/7047
  ████████░░░░░░░░░░░░░░░░░  35%  Streaming frame 1234/7047
  ████████░░░░░░░░░░░░░░░░░  35%  Streaming frame 1235/7047
  ████████░░░░░░░░░░░░░░░░░  35%  Streaming frame 1236/7047
  ████████░░░░░░░░░░░░░░░░░  35%  Streaming frame 1237/7047
  ████████░░░░░░░░░░░░░░░░░  35%  Streaming frame 1238/7047
  ████████░░░░░░░░░░░░░░░░░  35%  Streaming frame 1239/7047
  ████████░░░░░░░░░░░░░░░░░  35%  Streaming frame 1240/7047
  ████████░░░░░░░░░░░░░░░░░  35%  Streaming frame 1241/7047
  ████████░░░░░░░░░░░░░░░░░  35%  Streaming frame 1242/7047
  ████████░░░░░░░░░░░░░░░░░  35%  Streaming frame 1243/7047
  ████████░░░░░░░░░░░░░░░░░  35%  Streaming frame 1244/7047
  ████████░░░░░░░░░░░░░░░░░  35%  Streaming frame 1245/7047
  ████████░░░░░░░░░░░░░░░░░  35%  Streaming frame 1246/7047
  ████████░░░░░░░░░░░░░░░░░  35%  Streaming frame 1247/7047
  ████████░░░░░░░░░░░░░░░░░  35%  Streaming frame 1248/7047
  ████████░░░░░░░░░░░░░░░░░  35%  Streaming frame 1249/7047
  ████████░░░░░░░░░░░░░░░░░  35%  Streaming frame 1250/7047
  ████████░░░░░░░░░░░░░░░░░  35%  Streaming frame 1251/7047
  ████████░░░░░░░░░░░░░░░░░  35%  Streaming frame 1252/7047
  ████████░░░░░░░░░░░░░░░░░  35%  Streaming frame 1253/7047
  ████████░░░░░░░░░░░░░░░░░  35%  Streaming frame 1254/7047
  ████████░░░░░░░░░░░░░░░░░  35%  Streaming frame 1255/7047
  ████████░░░░░░░░░░░░░░░░░  35%  Streaming frame 1256/7047
  ████████░░░░░░░░░░░░░░░░░  35%  Streaming frame 1257/7047
  ████████░░░░░░░░░░░░░░░░░  35%  Streaming frame 1258/7047
  ████████░░░░░░░░░░░░░░░░░  35%  Streaming frame 1259/7047
  ████████░░░░░░░░░░░░░░░░░  35%  Streaming frame 1260/7047
  ████████░░░░░░░░░░░░░░░░░  35%  Streaming frame 1261/7047
  ████████░░░░░░░░░░░░░░░░░  35%  Streaming frame 1262/7047
  ████████░░░░░░░░░░░░░░░░░  35%  Streaming frame 1263/7047
  ████████░░░░░░░░░░░░░░░░░  35%  Streaming frame 1264/7047
  ████████░░░░░░░░░░░░░░░░░  35%  Streaming frame 1265/7047
  ████████░░░░░░░░░░░░░░░░░  35%  Streaming frame 1266/7047
  ████████░░░░░░░░░░░░░░░░░  35%  Streaming frame 1267/7047
  ████████░░░░░░░░░░░░░░░░░  35%  Streaming frame 1268/7047
  ████████░░░░░░░░░░░░░░░░░  35%  Streaming frame 1269/7047
  ████████░░░░░░░░░░░░░░░░░  35%  Streaming frame 1270/7047
  ████████░░░░░░░░░░░░░░░░░  35%  Streaming frame 1271/7047
  ████████░░░░░░░░░░░░░░░░░  35%  Streaming frame 1272/7047
  ████████░░░░░░░░░░░░░░░░░  35%  Streaming frame 1273/7047
  ████████░░░░░░░░░░░░░░░░░  35%  Streaming frame 1274/7047
  ████████░░░░░░░░░░░░░░░░░  35%  Streaming frame 1275/7047
  ████████░░░░░░░░░░░░░░░░░  35%  Streaming frame 1276/7047
  ████████░░░░░░░░░░░░░░░░░  35%  Streaming frame 1277/7047
  ████████░░░░░░░░░░░░░░░░░  35%  Streaming frame 1278/7047
  ████████░░░░░░░░░░░░░░░░░  35%  Streaming frame 1279/7047
  ████████░░░░░░░░░░░░░░░░░  35%  Streaming frame 1280/7047
  ████████░░░░░░░░░░░░░░░░░  35%  Streaming frame 1281/7047
  ████████░░░░░░░░░░░░░░░░░  35%  Streaming frame 1282/7047
  ████████░░░░░░░░░░░░░░░░░  35%  Streaming frame 1283/7047
  ████████░░░░░░░░░░░░░░░░░  35%  Streaming frame 1284/7047
  ████████░░░░░░░░░░░░░░░░░  35%  Streaming frame 1285/7047
  ████████░░░░░░░░░░░░░░░░░  35%  Streaming frame 1286/7047
  ████████░░░░░░░░░░░░░░░░░  35%  Streaming frame 1287/7047
  ████████░░░░░░░░░░░░░░░░░  35%  Streaming frame 1288/7047
  ████████░░░░░░░░░░░░░░░░░  35%  Streaming frame 1289/7047
  ████████░░░░░░░░░░░░░░░░░  35%  Streaming frame 1290/7047
  ████████░░░░░░░░░░░░░░░░░  35%  Streaming frame 1291/7047
  ████████░░░░░░░░░░░░░░░░░  35%  Streaming frame 1292/7047
  ████████░░░░░░░░░░░░░░░░░  35%  Streaming frame 1293/7047
  ████████░░░░░░░░░░░░░░░░░  35%  Streaming frame 1294/7047
  ████████░░░░░░░░░░░░░░░░░  35%  Streaming frame 1295/7047
  ████████░░░░░░░░░░░░░░░░░  35%  Streaming frame 1296/7047
  ████████░░░░░░░░░░░░░░░░░  35%  Streaming frame 1297/7047
  ████████░░░░░░░░░░░░░░░░░  35%  Streaming frame 1298/7047
  ████████░░░░░░░░░░░░░░░░░  35%  Streaming frame 1299/7047
  ████████░░░░░░░░░░░░░░░░░  35%  Streaming frame 1300/7047
  ████████░░░░░░░░░░░░░░░░░  35%  Streaming frame 1301/7047
  ████████░░░░░░░░░░░░░░░░░  35%  Streaming frame 1302/7047
  ████████░░░░░░░░░░░░░░░░░  35%  Streaming frame 1303/7047
  ████████░░░░░░░░░░░░░░░░░  35%  Streaming frame 1304/7047
  ████████░░░░░░░░░░░░░░░░░  35%  Streaming frame 1305/7047
  ████████░░░░░░░░░░░░░░░░░  35%  Streaming frame 1306/7047
  ████████░░░░░░░░░░░░░░░░░  35%  Streaming frame 1307/7047
  ████████░░░░░░░░░░░░░░░░░  35%  Streaming frame 1308/7047
  ████████░░░░░░░░░░░░░░░░░  35%  Streaming frame 1309/7047
  ████████░░░░░░░░░░░░░░░░░  35%  Streaming frame 1310/7047
  ████████░░░░░░░░░░░░░░░░░  35%  Streaming frame 1311/7047
  ████████░░░░░░░░░░░░░░░░░  35%  Streaming frame 1312/7047
  ████████░░░░░░░░░░░░░░░░░  35%  Streaming frame 1313/7047
  ████████░░░░░░░░░░░░░░░░░  35%  Streaming frame 1314/7047
  ████████░░░░░░░░░░░░░░░░░  35%  Streaming frame 1315/7047
  ████████░░░░░░░░░░░░░░░░░  35%  Streaming frame 1316/7047
  ████████░░░░░░░░░░░░░░░░░  35%  Streaming frame 1317/7047
  ████████░░░░░░░░░░░░░░░░░  35%  Streaming frame 1318/7047
  ████████░░░░░░░░░░░░░░░░░  35%  Streaming frame 1319/7047
  ████████░░░░░░░░░░░░░░░░░  35%  Streaming frame 1320/7047
  ████████░░░░░░░░░░░░░░░░░  35%  Streaming frame 1321/7047
  ████████░░░░░░░░░░░░░░░░░  35%  Streaming frame 1322/7047
  ████████░░░░░░░░░░░░░░░░░  35%  Streaming frame 1323/7047
  ████████░░░░░░░░░░░░░░░░░  35%  Streaming frame 1324/7047
  ████████░░░░░░░░░░░░░░░░░  35%  Streaming frame 1325/7047
  ████████░░░░░░░░░░░░░░░░░  35%  Streaming frame 1326/7047
  ████████░░░░░░░░░░░░░░░░░  35%  Streaming frame 1327/7047
  ████████░░░░░░░░░░░░░░░░░  35%  Streaming frame 1328/7047
  ████████░░░░░░░░░░░░░░░░░  35%  Streaming frame 1329/7047
  ████████░░░░░░░░░░░░░░░░░  35%  Streaming frame 1330/7047
  ████████░░░░░░░░░░░░░░░░░  35%  Streaming frame 1331/7047
  ████████░░░░░░░░░░░░░░░░░  35%  Streaming frame 1332/7047
  ████████░░░░░░░░░░░░░░░░░  35%  Streaming frame 1333/7047
  ████████░░░░░░░░░░░░░░░░░  35%  Streaming frame 1334/7047
  ████████░░░░░░░░░░░░░░░░░  35%  Streaming frame 1335/7047
  ████████░░░░░░░░░░░░░░░░░  35%  Streaming frame 1336/7047
  ████████░░░░░░░░░░░░░░░░░  35%  Streaming frame 1337/7047
  ████████░░░░░░░░░░░░░░░░░  35%  Streaming frame 1338/7047
  ████████░░░░░░░░░░░░░░░░░  35%  Streaming frame 1339/7047
  ████████░░░░░░░░░░░░░░░░░  35%  Streaming frame 1340/7047
  ████████░░░░░░░░░░░░░░░░░  35%  Streaming frame 1341/7047
  ████████░░░░░░░░░░░░░░░░░  35%  Streaming frame 1342/7047
  ████████░░░░░░░░░░░░░░░░░  35%  Streaming frame 1343/7047
  ████████░░░░░░░░░░░░░░░░░  35%  Streaming frame 1344/7047
  ████████░░░░░░░░░░░░░░░░░  35%  Streaming frame 1345/7047
  █████████░░░░░░░░░░░░░░░░  36%  Streaming frame 1346/7047
  █████████░░░░░░░░░░░░░░░░  36%  Streaming frame 1347/7047
  █████████░░░░░░░░░░░░░░░░  36%  Streaming frame 1348/7047
  █████████░░░░░░░░░░░░░░░░  36%  Streaming frame 1349/7047
  █████████░░░░░░░░░░░░░░░░  36%  Streaming frame 1350/7047
  █████████░░░░░░░░░░░░░░░░  36%  Streaming frame 1351/7047
  █████████░░░░░░░░░░░░░░░░  36%  Streaming frame 1352/7047
  █████████░░░░░░░░░░░░░░░░  36%  Streaming frame 1353/7047
  █████████░░░░░░░░░░░░░░░░  36%  Streaming frame 1354/7047
  █████████░░░░░░░░░░░░░░░░  36%  Streaming frame 1355/7047
  █████████░░░░░░░░░░░░░░░░  36%  Streaming frame 1356/7047
  █████████░░░░░░░░░░░░░░░░  36%  Streaming frame 1357/7047
  █████████░░░░░░░░░░░░░░░░  36%  Streaming frame 1358/7047
  █████████░░░░░░░░░░░░░░░░  36%  Streaming frame 1359/7047
  █████████░░░░░░░░░░░░░░░░  36%  Streaming frame 1360/7047
  █████████░░░░░░░░░░░░░░░░  36%  Streaming frame 1361/7047
  █████████░░░░░░░░░░░░░░░░  36%  Streaming frame 1362/7047
  █████████░░░░░░░░░░░░░░░░  36%  Streaming frame 1363/7047
  █████████░░░░░░░░░░░░░░░░  36%  Streaming frame 1364/7047
  █████████░░░░░░░░░░░░░░░░  36%  Streaming frame 1365/7047
  █████████░░░░░░░░░░░░░░░░  36%  Streaming frame 1366/7047
  █████████░░░░░░░░░░░░░░░░  36%  Streaming frame 1367/7047
  █████████░░░░░░░░░░░░░░░░  36%  Streaming frame 1368/7047
  █████████░░░░░░░░░░░░░░░░  36%  Streaming frame 1369/7047
  █████████░░░░░░░░░░░░░░░░  36%  Streaming frame 1370/7047
  █████████░░░░░░░░░░░░░░░░  36%  Streaming frame 1371/7047
  █████████░░░░░░░░░░░░░░░░  36%  Streaming frame 1372/7047
  █████████░░░░░░░░░░░░░░░░  36%  Streaming frame 1373/7047
  █████████░░░░░░░░░░░░░░░░  36%  Streaming frame 1374/7047
  █████████░░░░░░░░░░░░░░░░  36%  Streaming frame 1375/7047
  █████████░░░░░░░░░░░░░░░░  36%  Streaming frame 1376/7047
  █████████░░░░░░░░░░░░░░░░  36%  Streaming frame 1377/7047
  █████████░░░░░░░░░░░░░░░░  36%  Streaming frame 1378/7047
  █████████░░░░░░░░░░░░░░░░  36%  Streaming frame 1379/7047
  █████████░░░░░░░░░░░░░░░░  36%  Streaming frame 1380/7047
  █████████░░░░░░░░░░░░░░░░  36%  Streaming frame 1381/7047
  █████████░░░░░░░░░░░░░░░░  36%  Streaming frame 1382/7047
  █████████░░░░░░░░░░░░░░░░  36%  Streaming frame 1383/7047
  █████████░░░░░░░░░░░░░░░░  36%  Streaming frame 1384/7047
  █████████░░░░░░░░░░░░░░░░  36%  Streaming frame 1385/7047
  █████████░░░░░░░░░░░░░░░░  36%  Streaming frame 1386/7047
  █████████░░░░░░░░░░░░░░░░  36%  Streaming frame 1387/7047
  █████████░░░░░░░░░░░░░░░░  36%  Streaming frame 1388/7047
  █████████░░░░░░░░░░░░░░░░  36%  Streaming frame 1389/7047
  █████████░░░░░░░░░░░░░░░░  36%  Streaming frame 1390/7047
  █████████░░░░░░░░░░░░░░░░  36%  Streaming frame 1391/7047
  █████████░░░░░░░░░░░░░░░░  36%  Streaming frame 1392/7047
  █████████░░░░░░░░░░░░░░░░  36%  Streaming frame 1393/7047
  █████████░░░░░░░░░░░░░░░░  36%  Streaming frame 1394/7047
  █████████░░░░░░░░░░░░░░░░  36%  Streaming frame 1395/7047
  █████████░░░░░░░░░░░░░░░░  36%  Streaming frame 1396/7047
  █████████░░░░░░░░░░░░░░░░  36%  Streaming frame 1397/7047
  █████████░░░░░░░░░░░░░░░░  36%  Streaming frame 1398/7047
  █████████░░░░░░░░░░░░░░░░  36%  Streaming frame 1399/7047
  █████████░░░░░░░░░░░░░░░░  36%  Streaming frame 1400/7047
  █████████░░░░░░░░░░░░░░░░  36%  Streaming frame 1401/7047
  █████████░░░░░░░░░░░░░░░░  36%  Streaming frame 1402/7047
  █████████░░░░░░░░░░░░░░░░  36%  Streaming frame 1403/7047
  █████████░░░░░░░░░░░░░░░░  36%  Streaming frame 1404/7047
  █████████░░░░░░░░░░░░░░░░  36%  Streaming frame 1405/7047
  █████████░░░░░░░░░░░░░░░░  36%  Streaming frame 1406/7047
  █████████░░░░░░░░░░░░░░░░  36%  Streaming frame 1407/7047
  █████████░░░░░░░░░░░░░░░░  36%  Streaming frame 1408/7047
  █████████░░░░░░░░░░░░░░░░  36%  Streaming frame 1409/7047
  █████████░░░░░░░░░░░░░░░░  36%  Streaming frame 1410/7047
  █████████░░░░░░░░░░░░░░░░  36%  Streaming frame 1411/7047
  █████████░░░░░░░░░░░░░░░░  36%  Streaming frame 1412/7047
  █████████░░░░░░░░░░░░░░░░  36%  Streaming frame 1413/7047
  █████████░░░░░░░░░░░░░░░░  36%  Streaming frame 1414/7047
  █████████░░░░░░░░░░░░░░░░  36%  Streaming frame 1415/7047
  █████████░░░░░░░░░░░░░░░░  36%  Streaming frame 1416/7047
  █████████░░░░░░░░░░░░░░░░  36%  Streaming frame 1417/7047
  █████████░░░░░░░░░░░░░░░░  36%  Streaming frame 1418/7047
  █████████░░░░░░░░░░░░░░░░  36%  Streaming frame 1419/7047
  █████████░░░░░░░░░░░░░░░░  36%  Streaming frame 1420/7047
  █████████░░░░░░░░░░░░░░░░  36%  Streaming frame 1421/7047
  █████████░░░░░░░░░░░░░░░░  36%  Streaming frame 1422/7047
  █████████░░░░░░░░░░░░░░░░  36%  Streaming frame 1423/7047
  █████████░░░░░░░░░░░░░░░░  36%  Streaming frame 1424/7047
  █████████░░░░░░░░░░░░░░░░  36%  Streaming frame 1425/7047
  █████████░░░░░░░░░░░░░░░░  36%  Streaming frame 1426/7047
  █████████░░░░░░░░░░░░░░░░  36%  Streaming frame 1427/7047
  █████████░░░░░░░░░░░░░░░░  36%  Streaming frame 1428/7047
  █████████░░░░░░░░░░░░░░░░  36%  Streaming frame 1429/7047
  █████████░░░░░░░░░░░░░░░░  36%  Streaming frame 1430/7047
  █████████░░░░░░░░░░░░░░░░  36%  Streaming frame 1431/7047
  █████████░░░░░░░░░░░░░░░░  36%  Streaming frame 1432/7047
  █████████░░░░░░░░░░░░░░░░  36%  Streaming frame 1433/7047
  █████████░░░░░░░░░░░░░░░░  36%  Streaming frame 1434/7047
  █████████░░░░░░░░░░░░░░░░  36%  Streaming frame 1435/7047
  █████████░░░░░░░░░░░░░░░░  36%  Streaming frame 1436/7047
  █████████░░░░░░░░░░░░░░░░  36%  Streaming frame 1437/7047
  █████████░░░░░░░░░░░░░░░░  36%  Streaming frame 1438/7047
  █████████░░░░░░░░░░░░░░░░  36%  Streaming frame 1439/7047
  █████████░░░░░░░░░░░░░░░░  36%  Streaming frame 1440/7047
  █████████░░░░░░░░░░░░░░░░  36%  Streaming frame 1441/7047
  █████████░░░░░░░░░░░░░░░░  36%  Streaming frame 1442/7047
  █████████░░░░░░░░░░░░░░░░  36%  Streaming frame 1443/7047
  █████████░░░░░░░░░░░░░░░░  36%  Streaming frame 1444/7047
  █████████░░░░░░░░░░░░░░░░  36%  Streaming frame 1445/7047
  █████████░░░░░░░░░░░░░░░░  36%  Streaming frame 1446/7047
  █████████░░░░░░░░░░░░░░░░  36%  Streaming frame 1447/7047
  █████████░░░░░░░░░░░░░░░░  36%  Streaming frame 1448/7047
  █████████░░░░░░░░░░░░░░░░  36%  Streaming frame 1449/7047
  █████████░░░░░░░░░░░░░░░░  36%  Streaming frame 1450/7047
  █████████░░░░░░░░░░░░░░░░  36%  Streaming frame 1451/7047
  █████████░░░░░░░░░░░░░░░░  36%  Streaming frame 1452/7047
  █████████░░░░░░░░░░░░░░░░  36%  Streaming frame 1453/7047
  █████████░░░░░░░░░░░░░░░░  36%  Streaming frame 1454/7047
  █████████░░░░░░░░░░░░░░░░  36%  Streaming frame 1455/7047
  █████████░░░░░░░░░░░░░░░░  36%  Streaming frame 1456/7047
  █████████░░░░░░░░░░░░░░░░  36%  Streaming frame 1457/7047
  █████████░░░░░░░░░░░░░░░░  36%  Streaming frame 1458/7047
  █████████░░░░░░░░░░░░░░░░  36%  Streaming frame 1459/7047
  █████████░░░░░░░░░░░░░░░░  36%  Streaming frame 1460/7047
  █████████░░░░░░░░░░░░░░░░  36%  Streaming frame 1461/7047
  █████████░░░░░░░░░░░░░░░░  36%  Streaming frame 1462/7047
  █████████░░░░░░░░░░░░░░░░  36%  Streaming frame 1463/7047
  █████████░░░░░░░░░░░░░░░░  36%  Streaming frame 1464/7047
  █████████░░░░░░░░░░░░░░░░  36%  Streaming frame 1465/7047
  █████████░░░░░░░░░░░░░░░░  36%  Streaming frame 1466/7047
  █████████░░░░░░░░░░░░░░░░  36%  Streaming frame 1467/7047
  █████████░░░░░░░░░░░░░░░░  36%  Streaming frame 1468/7047
  █████████░░░░░░░░░░░░░░░░  36%  Streaming frame 1469/7047
  █████████░░░░░░░░░░░░░░░░  36%  Streaming frame 1470/7047
  █████████░░░░░░░░░░░░░░░░  36%  Streaming frame 1471/7047
  █████████░░░░░░░░░░░░░░░░  36%  Streaming frame 1472/7047
  █████████░░░░░░░░░░░░░░░░  36%  Streaming frame 1473/7047
  █████████░░░░░░░░░░░░░░░░  37%  Streaming frame 1474/7047
  █████████░░░░░░░░░░░░░░░░  37%  Streaming frame 1475/7047
  █████████░░░░░░░░░░░░░░░░  37%  Streaming frame 1476/7047
  █████████░░░░░░░░░░░░░░░░  37%  Streaming frame 1477/7047
  █████████░░░░░░░░░░░░░░░░  37%  Streaming frame 1478/7047
  █████████░░░░░░░░░░░░░░░░  37%  Streaming frame 1479/7047
  █████████░░░░░░░░░░░░░░░░  37%  Streaming frame 1480/7047
  █████████░░░░░░░░░░░░░░░░  37%  Streaming frame 1481/7047
  █████████░░░░░░░░░░░░░░░░  37%  Streaming frame 1482/7047
  █████████░░░░░░░░░░░░░░░░  37%  Streaming frame 1483/7047
  █████████░░░░░░░░░░░░░░░░  37%  Streaming frame 1484/7047
  █████████░░░░░░░░░░░░░░░░  37%  Streaming frame 1485/7047
  █████████░░░░░░░░░░░░░░░░  37%  Streaming frame 1486/7047
  █████████░░░░░░░░░░░░░░░░  37%  Streaming frame 1487/7047
  █████████░░░░░░░░░░░░░░░░  37%  Streaming frame 1488/7047
  █████████░░░░░░░░░░░░░░░░  37%  Streaming frame 1489/7047
  █████████░░░░░░░░░░░░░░░░  37%  Streaming frame 1490/7047
  █████████░░░░░░░░░░░░░░░░  37%  Streaming frame 1491/7047
  █████████░░░░░░░░░░░░░░░░  37%  Streaming frame 1492/7047
  █████████░░░░░░░░░░░░░░░░  37%  Streaming frame 1493/7047
  █████████░░░░░░░░░░░░░░░░  37%  Streaming frame 1494/7047
  █████████░░░░░░░░░░░░░░░░  37%  Streaming frame 1495/7047
  █████████░░░░░░░░░░░░░░░░  37%  Streaming frame 1496/7047
  █████████░░░░░░░░░░░░░░░░  37%  Streaming frame 1497/7047
  █████████░░░░░░░░░░░░░░░░  37%  Streaming frame 1498/7047
  █████████░░░░░░░░░░░░░░░░  37%  Streaming frame 1499/7047
  █████████░░░░░░░░░░░░░░░░  37%  Streaming frame 1500/7047
  █████████░░░░░░░░░░░░░░░░  37%  Streaming frame 1501/7047
  █████████░░░░░░░░░░░░░░░░  37%  Streaming frame 1502/7047
  █████████░░░░░░░░░░░░░░░░  37%  Streaming frame 1503/7047
  █████████░░░░░░░░░░░░░░░░  37%  Streaming frame 1504/7047
  █████████░░░░░░░░░░░░░░░░  37%  Streaming frame 1505/7047
  █████████░░░░░░░░░░░░░░░░  37%  Streaming frame 1506/7047
  █████████░░░░░░░░░░░░░░░░  37%  Streaming frame 1507/7047
  █████████░░░░░░░░░░░░░░░░  37%  Streaming frame 1508/7047
  █████████░░░░░░░░░░░░░░░░  37%  Streaming frame 1509/7047
  █████████░░░░░░░░░░░░░░░░  37%  Streaming frame 1510/7047
  █████████░░░░░░░░░░░░░░░░  37%  Streaming frame 1511/7047
  █████████░░░░░░░░░░░░░░░░  37%  Streaming frame 1512/7047
  █████████░░░░░░░░░░░░░░░░  37%  Streaming frame 1513/7047
  █████████░░░░░░░░░░░░░░░░  37%  Streaming frame 1514/7047
  █████████░░░░░░░░░░░░░░░░  37%  Streaming frame 1515/7047
  █████████░░░░░░░░░░░░░░░░  37%  Streaming frame 1516/7047
  █████████░░░░░░░░░░░░░░░░  37%  Streaming frame 1517/7047
  █████████░░░░░░░░░░░░░░░░  37%  Streaming frame 1518/7047
  █████████░░░░░░░░░░░░░░░░  37%  Streaming frame 1519/7047
  █████████░░░░░░░░░░░░░░░░  37%  Streaming frame 1520/7047
  █████████░░░░░░░░░░░░░░░░  37%  Streaming frame 1521/7047
  █████████░░░░░░░░░░░░░░░░  37%  Streaming frame 1522/7047
  █████████░░░░░░░░░░░░░░░░  37%  Streaming frame 1523/7047
  █████████░░░░░░░░░░░░░░░░  37%  Streaming frame 1524/7047
  █████████░░░░░░░░░░░░░░░░  37%  Streaming frame 1525/7047
  █████████░░░░░░░░░░░░░░░░  37%  Streaming frame 1526/7047
  █████████░░░░░░░░░░░░░░░░  37%  Streaming frame 1527/7047
  █████████░░░░░░░░░░░░░░░░  37%  Streaming frame 1528/7047
  █████████░░░░░░░░░░░░░░░░  37%  Streaming frame 1529/7047
  █████████░░░░░░░░░░░░░░░░  37%  Streaming frame 1530/7047
  █████████░░░░░░░░░░░░░░░░  37%  Streaming frame 1531/7047
  █████████░░░░░░░░░░░░░░░░  37%  Streaming frame 1532/7047
  █████████░░░░░░░░░░░░░░░░  37%  Streaming frame 1533/7047
  █████████░░░░░░░░░░░░░░░░  37%  Streaming frame 1534/7047
  █████████░░░░░░░░░░░░░░░░  37%  Streaming frame 1535/7047
  █████████░░░░░░░░░░░░░░░░  37%  Streaming frame 1536/7047
  █████████░░░░░░░░░░░░░░░░  37%  Streaming frame 1537/7047
  █████████░░░░░░░░░░░░░░░░  37%  Streaming frame 1538/7047
  █████████░░░░░░░░░░░░░░░░  37%  Streaming frame 1539/7047
  █████████░░░░░░░░░░░░░░░░  37%  Streaming frame 1540/7047
  █████████░░░░░░░░░░░░░░░░  37%  Streaming frame 1541/7047
  █████████░░░░░░░░░░░░░░░░  37%  Streaming frame 1542/7047
  █████████░░░░░░░░░░░░░░░░  37%  Streaming frame 1543/7047
  █████████░░░░░░░░░░░░░░░░  37%  Streaming frame 1544/7047
  █████████░░░░░░░░░░░░░░░░  37%  Streaming frame 1545/7047
  █████████░░░░░░░░░░░░░░░░  37%  Streaming frame 1546/7047
  █████████░░░░░░░░░░░░░░░░  37%  Streaming frame 1547/7047
  █████████░░░░░░░░░░░░░░░░  37%  Streaming frame 1548/7047
  █████████░░░░░░░░░░░░░░░░  37%  Streaming frame 1549/7047
  █████████░░░░░░░░░░░░░░░░  37%  Streaming frame 1550/7047
  █████████░░░░░░░░░░░░░░░░  37%  Streaming frame 1551/7047
  █████████░░░░░░░░░░░░░░░░  37%  Streaming frame 1552/7047
  █████████░░░░░░░░░░░░░░░░  37%  Streaming frame 1553/7047
  █████████░░░░░░░░░░░░░░░░  37%  Streaming frame 1554/7047
  █████████░░░░░░░░░░░░░░░░  37%  Streaming frame 1555/7047
  █████████░░░░░░░░░░░░░░░░  37%  Streaming frame 1556/7047
  █████████░░░░░░░░░░░░░░░░  37%  Streaming frame 1557/7047
  █████████░░░░░░░░░░░░░░░░  37%  Streaming frame 1558/7047
  █████████░░░░░░░░░░░░░░░░  37%  Streaming frame 1559/7047
  █████████░░░░░░░░░░░░░░░░  37%  Streaming frame 1560/7047
  █████████░░░░░░░░░░░░░░░░  37%  Streaming frame 1561/7047
  █████████░░░░░░░░░░░░░░░░  37%  Streaming frame 1562/7047
  █████████░░░░░░░░░░░░░░░░  37%  Streaming frame 1563/7047
  █████████░░░░░░░░░░░░░░░░  37%  Streaming frame 1564/7047
  █████████░░░░░░░░░░░░░░░░  37%  Streaming frame 1565/7047
  █████████░░░░░░░░░░░░░░░░  37%  Streaming frame 1566/7047
  █████████░░░░░░░░░░░░░░░░  37%  Streaming frame 1567/7047
  █████████░░░░░░░░░░░░░░░░  37%  Streaming frame 1568/7047
  █████████░░░░░░░░░░░░░░░░  37%  Streaming frame 1569/7047
  █████████░░░░░░░░░░░░░░░░  37%  Streaming frame 1570/7047
  █████████░░░░░░░░░░░░░░░░  37%  Streaming frame 1571/7047
  █████████░░░░░░░░░░░░░░░░  37%  Streaming frame 1572/7047
  █████████░░░░░░░░░░░░░░░░  37%  Streaming frame 1573/7047
  █████████░░░░░░░░░░░░░░░░  37%  Streaming frame 1574/7047
  █████████░░░░░░░░░░░░░░░░  37%  Streaming frame 1575/7047
[INFO] [Render:trace] {"renderJobId":"1c57a6f3-a451-4ce4-ac2e-553797cfb0b7","phase":"capture_streaming","status":"checkpoint","elapsedMs":42538,"message":"stage still running","stagePhase":"capturing","workerCount":1,"forceScreenshot":false,"totalFrames":7047,"framesCompleted":1575,"captureMode":"drawelement","captureOperation":"drawElement","heartbeatIndex":1,"stageElapsedMs":30001}
  █████████░░░░░░░░░░░░░░░░  37%  Streaming frame 1576/7047
  █████████░░░░░░░░░░░░░░░░  37%  Streaming frame 1577/7047
  █████████░░░░░░░░░░░░░░░░  37%  Streaming frame 1578/7047
  █████████░░░░░░░░░░░░░░░░  37%  Streaming frame 1579/7047
  █████████░░░░░░░░░░░░░░░░  37%  Streaming frame 1580/7047
  █████████░░░░░░░░░░░░░░░░  37%  Streaming frame 1581/7047
  █████████░░░░░░░░░░░░░░░░  37%  Streaming frame 1582/7047
  █████████░░░░░░░░░░░░░░░░  37%  Streaming frame 1583/7047
  █████████░░░░░░░░░░░░░░░░  37%  Streaming frame 1584/7047
  █████████░░░░░░░░░░░░░░░░  37%  Streaming frame 1585/7047
  █████████░░░░░░░░░░░░░░░░  37%  Streaming frame 1586/7047
  █████████░░░░░░░░░░░░░░░░  37%  Streaming frame 1587/7047
  █████████░░░░░░░░░░░░░░░░  37%  Streaming frame 1588/7047
  █████████░░░░░░░░░░░░░░░░  37%  Streaming frame 1589/7047
  █████████░░░░░░░░░░░░░░░░  37%  Streaming frame 1590/7047
  █████████░░░░░░░░░░░░░░░░  37%  Streaming frame 1591/7047
  █████████░░░░░░░░░░░░░░░░  37%  Streaming frame 1592/7047
  █████████░░░░░░░░░░░░░░░░  37%  Streaming frame 1593/7047
  █████████░░░░░░░░░░░░░░░░  37%  Streaming frame 1594/7047
  █████████░░░░░░░░░░░░░░░░  37%  Streaming frame 1595/7047
  █████████░░░░░░░░░░░░░░░░  37%  Streaming frame 1596/7047
  █████████░░░░░░░░░░░░░░░░  37%  Streaming frame 1597/7047
  █████████░░░░░░░░░░░░░░░░  37%  Streaming frame 1598/7047
  █████████░░░░░░░░░░░░░░░░  37%  Streaming frame 1599/7047
  █████████░░░░░░░░░░░░░░░░  37%  Streaming frame 1600/7047
  █████████░░░░░░░░░░░░░░░░  37%  Streaming frame 1601/7047
  █████████░░░░░░░░░░░░░░░░  38%  Streaming frame 1602/7047
  █████████░░░░░░░░░░░░░░░░  38%  Streaming frame 1603/7047
  █████████░░░░░░░░░░░░░░░░  38%  Streaming frame 1604/7047
  █████████░░░░░░░░░░░░░░░░  38%  Streaming frame 1605/7047
  █████████░░░░░░░░░░░░░░░░  38%  Streaming frame 1606/7047
  █████████░░░░░░░░░░░░░░░░  38%  Streaming frame 1607/7047
  █████████░░░░░░░░░░░░░░░░  38%  Streaming frame 1608/7047
  █████████░░░░░░░░░░░░░░░░  38%  Streaming frame 1609/7047
  █████████░░░░░░░░░░░░░░░░  38%  Streaming frame 1610/7047
  █████████░░░░░░░░░░░░░░░░  38%  Streaming frame 1611/7047
  █████████░░░░░░░░░░░░░░░░  38%  Streaming frame 1612/7047
  █████████░░░░░░░░░░░░░░░░  38%  Streaming frame 1613/7047
  █████████░░░░░░░░░░░░░░░░  38%  Streaming frame 1614/7047
  █████████░░░░░░░░░░░░░░░░  38%  Streaming frame 1615/7047
  █████████░░░░░░░░░░░░░░░░  38%  Streaming frame 1616/7047
  █████████░░░░░░░░░░░░░░░░  38%  Streaming frame 1617/7047
  █████████░░░░░░░░░░░░░░░░  38%  Streaming frame 1618/7047
  █████████░░░░░░░░░░░░░░░░  38%  Streaming frame 1619/7047
  █████████░░░░░░░░░░░░░░░░  38%  Streaming frame 1620/7047
  █████████░░░░░░░░░░░░░░░░  38%  Streaming frame 1621/7047
  █████████░░░░░░░░░░░░░░░░  38%  Streaming frame 1622/7047
  █████████░░░░░░░░░░░░░░░░  38%  Streaming frame 1623/7047
  █████████░░░░░░░░░░░░░░░░  38%  Streaming frame 1624/7047
  █████████░░░░░░░░░░░░░░░░  38%  Streaming frame 1625/7047
  █████████░░░░░░░░░░░░░░░░  38%  Streaming frame 1626/7047
  █████████░░░░░░░░░░░░░░░░  38%  Streaming frame 1627/7047
  █████████░░░░░░░░░░░░░░░░  38%  Streaming frame 1628/7047
  █████████░░░░░░░░░░░░░░░░  38%  Streaming frame 1629/7047
  █████████░░░░░░░░░░░░░░░░  38%  Streaming frame 1630/7047
  █████████░░░░░░░░░░░░░░░░  38%  Streaming frame 1631/7047
  █████████░░░░░░░░░░░░░░░░  38%  Streaming frame 1632/7047
  █████████░░░░░░░░░░░░░░░░  38%  Streaming frame 1633/7047
  █████████░░░░░░░░░░░░░░░░  38%  Streaming frame 1634/7047
  █████████░░░░░░░░░░░░░░░░  38%  Streaming frame 1635/7047
  █████████░░░░░░░░░░░░░░░░  38%  Streaming frame 1636/7047
  █████████░░░░░░░░░░░░░░░░  38%  Streaming frame 1637/7047
  █████████░░░░░░░░░░░░░░░░  38%  Streaming frame 1638/7047
  █████████░░░░░░░░░░░░░░░░  38%  Streaming frame 1639/7047
  █████████░░░░░░░░░░░░░░░░  38%  Streaming frame 1640/7047
  █████████░░░░░░░░░░░░░░░░  38%  Streaming frame 1641/7047
  █████████░░░░░░░░░░░░░░░░  38%  Streaming frame 1642/7047
  █████████░░░░░░░░░░░░░░░░  38%  Streaming frame 1643/7047
  █████████░░░░░░░░░░░░░░░░  38%  Streaming frame 1644/7047
  █████████░░░░░░░░░░░░░░░░  38%  Streaming frame 1645/7047
  █████████░░░░░░░░░░░░░░░░  38%  Streaming frame 1646/7047
  █████████░░░░░░░░░░░░░░░░  38%  Streaming frame 1647/7047
  █████████░░░░░░░░░░░░░░░░  38%  Streaming frame 1648/7047
  █████████░░░░░░░░░░░░░░░░  38%  Streaming frame 1649/7047
  █████████░░░░░░░░░░░░░░░░  38%  Streaming frame 1650/7047
  █████████░░░░░░░░░░░░░░░░  38%  Streaming frame 1651/7047
  █████████░░░░░░░░░░░░░░░░  38%  Streaming frame 1652/7047
  █████████░░░░░░░░░░░░░░░░  38%  Streaming frame 1653/7047
  █████████░░░░░░░░░░░░░░░░  38%  Streaming frame 1654/7047
  █████████░░░░░░░░░░░░░░░░  38%  Streaming frame 1655/7047
  █████████░░░░░░░░░░░░░░░░  38%  Streaming frame 1656/7047
  █████████░░░░░░░░░░░░░░░░  38%  Streaming frame 1657/7047
  █████████░░░░░░░░░░░░░░░░  38%  Streaming frame 1658/7047
  █████████░░░░░░░░░░░░░░░░  38%  Streaming frame 1659/7047
  █████████░░░░░░░░░░░░░░░░  38%  Streaming frame 1660/7047
  █████████░░░░░░░░░░░░░░░░  38%  Streaming frame 1661/7047
  █████████░░░░░░░░░░░░░░░░  38%  Streaming frame 1662/7047
  █████████░░░░░░░░░░░░░░░░  38%  Streaming frame 1663/7047
  █████████░░░░░░░░░░░░░░░░  38%  Streaming frame 1664/7047
  █████████░░░░░░░░░░░░░░░░  38%  Streaming frame 1665/7047
  █████████░░░░░░░░░░░░░░░░  38%  Streaming frame 1666/7047
  █████████░░░░░░░░░░░░░░░░  38%  Streaming frame 1667/7047
  █████████░░░░░░░░░░░░░░░░  38%  Streaming frame 1668/7047
  █████████░░░░░░░░░░░░░░░░  38%  Streaming frame 1669/7047
  █████████░░░░░░░░░░░░░░░░  38%  Streaming frame 1670/7047
  █████████░░░░░░░░░░░░░░░░  38%  Streaming frame 1671/7047
  █████████░░░░░░░░░░░░░░░░  38%  Streaming frame 1672/7047
  █████████░░░░░░░░░░░░░░░░  38%  Streaming frame 1673/7047
  █████████░░░░░░░░░░░░░░░░  38%  Streaming frame 1674/7047
  █████████░░░░░░░░░░░░░░░░  38%  Streaming frame 1675/7047
  █████████░░░░░░░░░░░░░░░░  38%  Streaming frame 1676/7047
  █████████░░░░░░░░░░░░░░░░  38%  Streaming frame 1677/7047
  █████████░░░░░░░░░░░░░░░░  38%  Streaming frame 1678/7047
  █████████░░░░░░░░░░░░░░░░  38%  Streaming frame 1679/7047
  █████████░░░░░░░░░░░░░░░░  38%  Streaming frame 1680/7047
  █████████░░░░░░░░░░░░░░░░  38%  Streaming frame 1681/7047
  █████████░░░░░░░░░░░░░░░░  38%  Streaming frame 1682/7047
  █████████░░░░░░░░░░░░░░░░  38%  Streaming frame 1683/7047
  █████████░░░░░░░░░░░░░░░░  38%  Streaming frame 1684/7047
  █████████░░░░░░░░░░░░░░░░  38%  Streaming frame 1685/7047
  █████████░░░░░░░░░░░░░░░░  38%  Streaming frame 1686/7047
  █████████░░░░░░░░░░░░░░░░  38%  Streaming frame 1687/7047
  █████████░░░░░░░░░░░░░░░░  38%  Streaming frame 1688/7047
  █████████░░░░░░░░░░░░░░░░  38%  Streaming frame 1689/7047
  █████████░░░░░░░░░░░░░░░░  38%  Streaming frame 1690/7047
  █████████░░░░░░░░░░░░░░░░  38%  Streaming frame 1691/7047
  █████████░░░░░░░░░░░░░░░░  38%  Streaming frame 1692/7047
  █████████░░░░░░░░░░░░░░░░  38%  Streaming frame 1693/7047
  █████████░░░░░░░░░░░░░░░░  38%  Streaming frame 1694/7047
  █████████░░░░░░░░░░░░░░░░  38%  Streaming frame 1695/7047
  █████████░░░░░░░░░░░░░░░░  38%  Streaming frame 1696/7047
  █████████░░░░░░░░░░░░░░░░  38%  Streaming frame 1697/7047
  █████████░░░░░░░░░░░░░░░░  38%  Streaming frame 1698/7047
  █████████░░░░░░░░░░░░░░░░  38%  Streaming frame 1699/7047
  █████████░░░░░░░░░░░░░░░░  38%  Streaming frame 1700/7047
  █████████░░░░░░░░░░░░░░░░  38%  Streaming frame 1701/7047
  █████████░░░░░░░░░░░░░░░░  38%  Streaming frame 1702/7047
  █████████░░░░░░░░░░░░░░░░  38%  Streaming frame 1703/7047
  █████████░░░░░░░░░░░░░░░░  38%  Streaming frame 1704/7047
  █████████░░░░░░░░░░░░░░░░  38%  Streaming frame 1705/7047
  █████████░░░░░░░░░░░░░░░░  38%  Streaming frame 1706/7047
  █████████░░░░░░░░░░░░░░░░  38%  Streaming frame 1707/7047
  █████████░░░░░░░░░░░░░░░░  38%  Streaming frame 1708/7047
  █████████░░░░░░░░░░░░░░░░  38%  Streaming frame 1709/7047
  █████████░░░░░░░░░░░░░░░░  38%  Streaming frame 1710/7047
  █████████░░░░░░░░░░░░░░░░  38%  Streaming frame 1711/7047
  █████████░░░░░░░░░░░░░░░░  38%  Streaming frame 1712/7047
  █████████░░░░░░░░░░░░░░░░  38%  Streaming frame 1713/7047
  █████████░░░░░░░░░░░░░░░░  38%  Streaming frame 1714/7047
  █████████░░░░░░░░░░░░░░░░  38%  Streaming frame 1715/7047
  █████████░░░░░░░░░░░░░░░░  38%  Streaming frame 1716/7047
  █████████░░░░░░░░░░░░░░░░  38%  Streaming frame 1717/7047
  █████████░░░░░░░░░░░░░░░░  38%  Streaming frame 1718/7047
  █████████░░░░░░░░░░░░░░░░  38%  Streaming frame 1719/7047
  █████████░░░░░░░░░░░░░░░░  38%  Streaming frame 1720/7047
  █████████░░░░░░░░░░░░░░░░  38%  Streaming frame 1721/7047
  █████████░░░░░░░░░░░░░░░░  38%  Streaming frame 1722/7047
  █████████░░░░░░░░░░░░░░░░  38%  Streaming frame 1723/7047
  █████████░░░░░░░░░░░░░░░░  38%  Streaming frame 1724/7047
  █████████░░░░░░░░░░░░░░░░  38%  Streaming frame 1725/7047
  █████████░░░░░░░░░░░░░░░░  38%  Streaming frame 1726/7047
  █████████░░░░░░░░░░░░░░░░  38%  Streaming frame 1727/7047
  █████████░░░░░░░░░░░░░░░░  38%  Streaming frame 1728/7047
  █████████░░░░░░░░░░░░░░░░  38%  Streaming frame 1729/7047
  █████████░░░░░░░░░░░░░░░░  39%  Streaming frame 1730/7047
  █████████░░░░░░░░░░░░░░░░  39%  Streaming frame 1731/7047
  █████████░░░░░░░░░░░░░░░░  39%  Streaming frame 1732/7047
  █████████░░░░░░░░░░░░░░░░  39%  Streaming frame 1733/7047
  █████████░░░░░░░░░░░░░░░░  39%  Streaming frame 1734/7047
  █████████░░░░░░░░░░░░░░░░  39%  Streaming frame 1735/7047
  █████████░░░░░░░░░░░░░░░░  39%  Streaming frame 1736/7047
  █████████░░░░░░░░░░░░░░░░  39%  Streaming frame 1737/7047
  █████████░░░░░░░░░░░░░░░░  39%  Streaming frame 1738/7047
  █████████░░░░░░░░░░░░░░░░  39%  Streaming frame 1739/7047
  █████████░░░░░░░░░░░░░░░░  39%  Streaming frame 1740/7047
  █████████░░░░░░░░░░░░░░░░  39%  Streaming frame 1741/7047
  █████████░░░░░░░░░░░░░░░░  39%  Streaming frame 1742/7047
  █████████░░░░░░░░░░░░░░░░  39%  Streaming frame 1743/7047
  █████████░░░░░░░░░░░░░░░░  39%  Streaming frame 1744/7047
  █████████░░░░░░░░░░░░░░░░  39%  Streaming frame 1745/7047
  █████████░░░░░░░░░░░░░░░░  39%  Streaming frame 1746/7047
  █████████░░░░░░░░░░░░░░░░  39%  Streaming frame 1747/7047
  █████████░░░░░░░░░░░░░░░░  39%  Streaming frame 1748/7047
  █████████░░░░░░░░░░░░░░░░  39%  Streaming frame 1749/7047
  █████████░░░░░░░░░░░░░░░░  39%  Streaming frame 1750/7047
  █████████░░░░░░░░░░░░░░░░  39%  Streaming frame 1751/7047
  █████████░░░░░░░░░░░░░░░░  39%  Streaming frame 1752/7047
  █████████░░░░░░░░░░░░░░░░  39%  Streaming frame 1753/7047
  █████████░░░░░░░░░░░░░░░░  39%  Streaming frame 1754/7047
  █████████░░░░░░░░░░░░░░░░  39%  Streaming frame 1755/7047
  █████████░░░░░░░░░░░░░░░░  39%  Streaming frame 1756/7047
  █████████░░░░░░░░░░░░░░░░  39%  Streaming frame 1757/7047
  █████████░░░░░░░░░░░░░░░░  39%  Streaming frame 1758/7047
  █████████░░░░░░░░░░░░░░░░  39%  Streaming frame 1759/7047
  █████████░░░░░░░░░░░░░░░░  39%  Streaming frame 1760/7047
  █████████░░░░░░░░░░░░░░░░  39%  Streaming frame 1761/7047
  █████████░░░░░░░░░░░░░░░░  39%  Streaming frame 1762/7047
[INFO] [Render] drawElement self-verify passed {"renderJobId":"1c57a6f3-a451-4ce4-ac2e-553797cfb0b7","frame":1762,"psnrDb":"inf"}
  █████████░░░░░░░░░░░░░░░░  39%  Streaming frame 1763/7047
  █████████░░░░░░░░░░░░░░░░  39%  Streaming frame 1764/7047
  █████████░░░░░░░░░░░░░░░░  39%  Streaming frame 1765/7047
  █████████░░░░░░░░░░░░░░░░  39%  Streaming frame 1766/7047
  █████████░░░░░░░░░░░░░░░░  39%  Streaming frame 1767/7047
  █████████░░░░░░░░░░░░░░░░  39%  Streaming frame 1768/7047
  █████████░░░░░░░░░░░░░░░░  39%  Streaming frame 1769/7047
  █████████░░░░░░░░░░░░░░░░  39%  Streaming frame 1770/7047
  █████████░░░░░░░░░░░░░░░░  39%  Streaming frame 1771/7047
  █████████░░░░░░░░░░░░░░░░  39%  Streaming frame 1772/7047
  █████████░░░░░░░░░░░░░░░░  39%  Streaming frame 1773/7047
  █████████░░░░░░░░░░░░░░░░  39%  Streaming frame 1774/7047
  █████████░░░░░░░░░░░░░░░░  39%  Streaming frame 1775/7047
  █████████░░░░░░░░░░░░░░░░  39%  Streaming frame 1776/7047
  █████████░░░░░░░░░░░░░░░░  39%  Streaming frame 1777/7047
  █████████░░░░░░░░░░░░░░░░  39%  Streaming frame 1778/7047
  █████████░░░░░░░░░░░░░░░░  39%  Streaming frame 1779/7047
  █████████░░░░░░░░░░░░░░░░  39%  Streaming frame 1780/7047
  █████████░░░░░░░░░░░░░░░░  39%  Streaming frame 1781/7047
  █████████░░░░░░░░░░░░░░░░  39%  Streaming frame 1782/7047
  █████████░░░░░░░░░░░░░░░░  39%  Streaming frame 1783/7047
  █████████░░░░░░░░░░░░░░░░  39%  Streaming frame 1784/7047
  █████████░░░░░░░░░░░░░░░░  39%  Streaming frame 1785/7047
  █████████░░░░░░░░░░░░░░░░  39%  Streaming frame 1786/7047
  █████████░░░░░░░░░░░░░░░░  39%  Streaming frame 1787/7047
  █████████░░░░░░░░░░░░░░░░  39%  Streaming frame 1788/7047
  █████████░░░░░░░░░░░░░░░░  39%  Streaming frame 1789/7047
  █████████░░░░░░░░░░░░░░░░  39%  Streaming frame 1790/7047
  █████████░░░░░░░░░░░░░░░░  39%  Streaming frame 1791/7047
  █████████░░░░░░░░░░░░░░░░  39%  Streaming frame 1792/7047
  █████████░░░░░░░░░░░░░░░░  39%  Streaming frame 1793/7047
  █████████░░░░░░░░░░░░░░░░  39%  Streaming frame 1794/7047
  █████████░░░░░░░░░░░░░░░░  39%  Streaming frame 1795/7047
  █████████░░░░░░░░░░░░░░░░  39%  Streaming frame 1796/7047
  █████████░░░░░░░░░░░░░░░░  39%  Streaming frame 1797/7047
  █████████░░░░░░░░░░░░░░░░  39%  Streaming frame 1798/7047
  █████████░░░░░░░░░░░░░░░░  39%  Streaming frame 1799/7047
  █████████░░░░░░░░░░░░░░░░  39%  Streaming frame 1800/7047
  █████████░░░░░░░░░░░░░░░░  39%  Streaming frame 1801/7047
  █████████░░░░░░░░░░░░░░░░  39%  Streaming frame 1802/7047
  █████████░░░░░░░░░░░░░░░░  39%  Streaming frame 1803/7047
  █████████░░░░░░░░░░░░░░░░  39%  Streaming frame 1804/7047
  █████████░░░░░░░░░░░░░░░░  39%  Streaming frame 1805/7047
  █████████░░░░░░░░░░░░░░░░  39%  Streaming frame 1806/7047
  █████████░░░░░░░░░░░░░░░░  39%  Streaming frame 1807/7047
  █████████░░░░░░░░░░░░░░░░  39%  Streaming frame 1808/7047
  █████████░░░░░░░░░░░░░░░░  39%  Streaming frame 1809/7047
  █████████░░░░░░░░░░░░░░░░  39%  Streaming frame 1810/7047
  █████████░░░░░░░░░░░░░░░░  39%  Streaming frame 1811/7047
  █████████░░░░░░░░░░░░░░░░  39%  Streaming frame 1812/7047
  █████████░░░░░░░░░░░░░░░░  39%  Streaming frame 1813/7047
  █████████░░░░░░░░░░░░░░░░  39%  Streaming frame 1814/7047
  █████████░░░░░░░░░░░░░░░░  39%  Streaming frame 1815/7047
  █████████░░░░░░░░░░░░░░░░  39%  Streaming frame 1816/7047
  █████████░░░░░░░░░░░░░░░░  39%  Streaming frame 1817/7047
  █████████░░░░░░░░░░░░░░░░  39%  Streaming frame 1818/7047
  █████████░░░░░░░░░░░░░░░░  39%  Streaming frame 1819/7047
  █████████░░░░░░░░░░░░░░░░  39%  Streaming frame 1820/7047
  █████████░░░░░░░░░░░░░░░░  39%  Streaming frame 1821/7047
  █████████░░░░░░░░░░░░░░░░  39%  Streaming frame 1822/7047
  █████████░░░░░░░░░░░░░░░░  39%  Streaming frame 1823/7047
  █████████░░░░░░░░░░░░░░░░  39%  Streaming frame 1824/7047
  █████████░░░░░░░░░░░░░░░░  39%  Streaming frame 1825/7047
  █████████░░░░░░░░░░░░░░░░  39%  Streaming frame 1826/7047
  █████████░░░░░░░░░░░░░░░░  39%  Streaming frame 1827/7047
  █████████░░░░░░░░░░░░░░░░  39%  Streaming frame 1828/7047
  █████████░░░░░░░░░░░░░░░░  39%  Streaming frame 1829/7047
  █████████░░░░░░░░░░░░░░░░  39%  Streaming frame 1830/7047
  █████████░░░░░░░░░░░░░░░░  39%  Streaming frame 1831/7047
  █████████░░░░░░░░░░░░░░░░  39%  Streaming frame 1832/7047
  █████████░░░░░░░░░░░░░░░░  39%  Streaming frame 1833/7047
  █████████░░░░░░░░░░░░░░░░  39%  Streaming frame 1834/7047
  █████████░░░░░░░░░░░░░░░░  39%  Streaming frame 1835/7047
  █████████░░░░░░░░░░░░░░░░  39%  Streaming frame 1836/7047
  █████████░░░░░░░░░░░░░░░░  39%  Streaming frame 1837/7047
  █████████░░░░░░░░░░░░░░░░  39%  Streaming frame 1838/7047
  █████████░░░░░░░░░░░░░░░░  39%  Streaming frame 1839/7047
  █████████░░░░░░░░░░░░░░░░  39%  Streaming frame 1840/7047
  █████████░░░░░░░░░░░░░░░░  39%  Streaming frame 1841/7047
  █████████░░░░░░░░░░░░░░░░  39%  Streaming frame 1842/7047
  █████████░░░░░░░░░░░░░░░░  39%  Streaming frame 1843/7047
  █████████░░░░░░░░░░░░░░░░  39%  Streaming frame 1844/7047
  █████████░░░░░░░░░░░░░░░░  39%  Streaming frame 1845/7047
  █████████░░░░░░░░░░░░░░░░  39%  Streaming frame 1846/7047
  █████████░░░░░░░░░░░░░░░░  39%  Streaming frame 1847/7047
  █████████░░░░░░░░░░░░░░░░  39%  Streaming frame 1848/7047
  █████████░░░░░░░░░░░░░░░░  39%  Streaming frame 1849/7047
  █████████░░░░░░░░░░░░░░░░  39%  Streaming frame 1850/7047
  █████████░░░░░░░░░░░░░░░░  39%  Streaming frame 1851/7047
  █████████░░░░░░░░░░░░░░░░  39%  Streaming frame 1852/7047
  █████████░░░░░░░░░░░░░░░░  39%  Streaming frame 1853/7047
  █████████░░░░░░░░░░░░░░░░  39%  Streaming frame 1854/7047
  █████████░░░░░░░░░░░░░░░░  39%  Streaming frame 1855/7047
  █████████░░░░░░░░░░░░░░░░  39%  Streaming frame 1856/7047
  █████████░░░░░░░░░░░░░░░░  39%  Streaming frame 1857/7047
  ██████████░░░░░░░░░░░░░░░  40%  Streaming frame 1858/7047
  ██████████░░░░░░░░░░░░░░░  40%  Streaming frame 1859/7047
  ██████████░░░░░░░░░░░░░░░  40%  Streaming frame 1860/7047
  ██████████░░░░░░░░░░░░░░░  40%  Streaming frame 1861/7047
  ██████████░░░░░░░░░░░░░░░  40%  Streaming frame 1862/7047
  ██████████░░░░░░░░░░░░░░░  40%  Streaming frame 1863/7047
  ██████████░░░░░░░░░░░░░░░  40%  Streaming frame 1864/7047
  ██████████░░░░░░░░░░░░░░░  40%  Streaming frame 1865/7047
  ██████████░░░░░░░░░░░░░░░  40%  Streaming frame 1866/7047
  ██████████░░░░░░░░░░░░░░░  40%  Streaming frame 1867/7047
  ██████████░░░░░░░░░░░░░░░  40%  Streaming frame 1868/7047
  ██████████░░░░░░░░░░░░░░░  40%  Streaming frame 1869/7047
  ██████████░░░░░░░░░░░░░░░  40%  Streaming frame 1870/7047
  ██████████░░░░░░░░░░░░░░░  40%  Streaming frame 1871/7047
  ██████████░░░░░░░░░░░░░░░  40%  Streaming frame 1872/7047
  ██████████░░░░░░░░░░░░░░░  40%  Streaming frame 1873/7047
  ██████████░░░░░░░░░░░░░░░  40%  Streaming frame 1874/7047
  ██████████░░░░░░░░░░░░░░░  40%  Streaming frame 1875/7047
  ██████████░░░░░░░░░░░░░░░  40%  Streaming frame 1876/7047
  ██████████░░░░░░░░░░░░░░░  40%  Streaming frame 1877/7047
  ██████████░░░░░░░░░░░░░░░  40%  Streaming frame 1878/7047
  ██████████░░░░░░░░░░░░░░░  40%  Streaming frame 1879/7047
  ██████████░░░░░░░░░░░░░░░  40%  Streaming frame 1880/7047
  ██████████░░░░░░░░░░░░░░░  40%  Streaming frame 1881/7047
  ██████████░░░░░░░░░░░░░░░  40%  Streaming frame 1882/7047
  ██████████░░░░░░░░░░░░░░░  40%  Streaming frame 1883/7047
  ██████████░░░░░░░░░░░░░░░  40%  Streaming frame 1884/7047
  ██████████░░░░░░░░░░░░░░░  40%  Streaming frame 1885/7047
  ██████████░░░░░░░░░░░░░░░  40%  Streaming frame 1886/7047
  ██████████░░░░░░░░░░░░░░░  40%  Streaming frame 1887/7047
  ██████████░░░░░░░░░░░░░░░  40%  Streaming frame 1888/7047
  ██████████░░░░░░░░░░░░░░░  40%  Streaming frame 1889/7047
  ██████████░░░░░░░░░░░░░░░  40%  Streaming frame 1890/7047
  ██████████░░░░░░░░░░░░░░░  40%  Streaming frame 1891/7047
  ██████████░░░░░░░░░░░░░░░  40%  Streaming frame 1892/7047
  ██████████░░░░░░░░░░░░░░░  40%  Streaming frame 1893/7047
  ██████████░░░░░░░░░░░░░░░  40%  Streaming frame 1894/7047
  ██████████░░░░░░░░░░░░░░░  40%  Streaming frame 1895/7047
  ██████████░░░░░░░░░░░░░░░  40%  Streaming frame 1896/7047
  ██████████░░░░░░░░░░░░░░░  40%  Streaming frame 1897/7047
  ██████████░░░░░░░░░░░░░░░  40%  Streaming frame 1898/7047
  ██████████░░░░░░░░░░░░░░░  40%  Streaming frame 1899/7047
  ██████████░░░░░░░░░░░░░░░  40%  Streaming frame 1900/7047
  ██████████░░░░░░░░░░░░░░░  40%  Streaming frame 1901/7047
  ██████████░░░░░░░░░░░░░░░  40%  Streaming frame 1902/7047
  ██████████░░░░░░░░░░░░░░░  40%  Streaming frame 1903/7047
  ██████████░░░░░░░░░░░░░░░  40%  Streaming frame 1904/7047
  ██████████░░░░░░░░░░░░░░░  40%  Streaming frame 1905/7047
  ██████████░░░░░░░░░░░░░░░  40%  Streaming frame 1906/7047
  ██████████░░░░░░░░░░░░░░░  40%  Streaming frame 1907/7047
  ██████████░░░░░░░░░░░░░░░  40%  Streaming frame 1908/7047
  ██████████░░░░░░░░░░░░░░░  40%  Streaming frame 1909/7047
  ██████████░░░░░░░░░░░░░░░  40%  Streaming frame 1910/7047
  ██████████░░░░░░░░░░░░░░░  40%  Streaming frame 1911/7047
  ██████████░░░░░░░░░░░░░░░  40%  Streaming frame 1912/7047
  ██████████░░░░░░░░░░░░░░░  40%  Streaming frame 1913/7047
  ██████████░░░░░░░░░░░░░░░  40%  Streaming frame 1914/7047
  ██████████░░░░░░░░░░░░░░░  40%  Streaming frame 1915/7047
  ██████████░░░░░░░░░░░░░░░  40%  Streaming frame 1916/7047
  ██████████░░░░░░░░░░░░░░░  40%  Streaming frame 1917/7047
  ██████████░░░░░░░░░░░░░░░  40%  Streaming frame 1918/7047
  ██████████░░░░░░░░░░░░░░░  40%  Streaming frame 1919/7047
  ██████████░░░░░░░░░░░░░░░  40%  Streaming frame 1920/7047
  ██████████░░░░░░░░░░░░░░░  40%  Streaming frame 1921/7047
  ██████████░░░░░░░░░░░░░░░  40%  Streaming frame 1922/7047
  ██████████░░░░░░░░░░░░░░░  40%  Streaming frame 1923/7047
  ██████████░░░░░░░░░░░░░░░  40%  Streaming frame 1924/7047
  ██████████░░░░░░░░░░░░░░░  40%  Streaming frame 1925/7047
  ██████████░░░░░░░░░░░░░░░  40%  Streaming frame 1926/7047
  ██████████░░░░░░░░░░░░░░░  40%  Streaming frame 1927/7047
  ██████████░░░░░░░░░░░░░░░  40%  Streaming frame 1928/7047
  ██████████░░░░░░░░░░░░░░░  40%  Streaming frame 1929/7047
  ██████████░░░░░░░░░░░░░░░  40%  Streaming frame 1930/7047
  ██████████░░░░░░░░░░░░░░░  40%  Streaming frame 1931/7047
  ██████████░░░░░░░░░░░░░░░  40%  Streaming frame 1932/7047
  ██████████░░░░░░░░░░░░░░░  40%  Streaming frame 1933/7047
  ██████████░░░░░░░░░░░░░░░  40%  Streaming frame 1934/7047
  ██████████░░░░░░░░░░░░░░░  40%  Streaming frame 1935/7047
  ██████████░░░░░░░░░░░░░░░  40%  Streaming frame 1936/7047
  ██████████░░░░░░░░░░░░░░░  40%  Streaming frame 1937/7047
  ██████████░░░░░░░░░░░░░░░  40%  Streaming frame 1938/7047
  ██████████░░░░░░░░░░░░░░░  40%  Streaming frame 1939/7047
  ██████████░░░░░░░░░░░░░░░  40%  Streaming frame 1940/7047
  ██████████░░░░░░░░░░░░░░░  40%  Streaming frame 1941/7047
  ██████████░░░░░░░░░░░░░░░  40%  Streaming frame 1942/7047
  ██████████░░░░░░░░░░░░░░░  40%  Streaming frame 1943/7047
  ██████████░░░░░░░░░░░░░░░  40%  Streaming frame 1944/7047
  ██████████░░░░░░░░░░░░░░░  40%  Streaming frame 1945/7047
  ██████████░░░░░░░░░░░░░░░  40%  Streaming frame 1946/7047
  ██████████░░░░░░░░░░░░░░░  40%  Streaming frame 1947/7047
  ██████████░░░░░░░░░░░░░░░  40%  Streaming frame 1948/7047
  ██████████░░░░░░░░░░░░░░░  40%  Streaming frame 1949/7047
  ██████████░░░░░░░░░░░░░░░  40%  Streaming frame 1950/7047
  ██████████░░░░░░░░░░░░░░░  40%  Streaming frame 1951/7047
  ██████████░░░░░░░░░░░░░░░  40%  Streaming frame 1952/7047
  ██████████░░░░░░░░░░░░░░░  40%  Streaming frame 1953/7047
  ██████████░░░░░░░░░░░░░░░  40%  Streaming frame 1954/7047
  ██████████░░░░░░░░░░░░░░░  40%  Streaming frame 1955/7047
  ██████████░░░░░░░░░░░░░░░  40%  Streaming frame 1956/7047
  ██████████░░░░░░░░░░░░░░░  40%  Streaming frame 1957/7047
  ██████████░░░░░░░░░░░░░░░  40%  Streaming frame 1958/7047
  ██████████░░░░░░░░░░░░░░░  40%  Streaming frame 1959/7047
  ██████████░░░░░░░░░░░░░░░  40%  Streaming frame 1960/7047
  ██████████░░░░░░░░░░░░░░░  40%  Streaming frame 1961/7047
  ██████████░░░░░░░░░░░░░░░  40%  Streaming frame 1962/7047
  ██████████░░░░░░░░░░░░░░░  40%  Streaming frame 1963/7047
  ██████████░░░░░░░░░░░░░░░  40%  Streaming frame 1964/7047
  ██████████░░░░░░░░░░░░░░░  40%  Streaming frame 1965/7047
  ██████████░░░░░░░░░░░░░░░  40%  Streaming frame 1966/7047
  ██████████░░░░░░░░░░░░░░░  40%  Streaming frame 1967/7047
  ██████████░░░░░░░░░░░░░░░  40%  Streaming frame 1968/7047
  ██████████░░░░░░░░░░░░░░░  40%  Streaming frame 1969/7047
  ██████████░░░░░░░░░░░░░░░  40%  Streaming frame 1970/7047
  ██████████░░░░░░░░░░░░░░░  40%  Streaming frame 1971/7047
  ██████████░░░░░░░░░░░░░░░  40%  Streaming frame 1972/7047
  ██████████░░░░░░░░░░░░░░░  40%  Streaming frame 1973/7047
  ██████████░░░░░░░░░░░░░░░  40%  Streaming frame 1974/7047
  ██████████░░░░░░░░░░░░░░░  40%  Streaming frame 1975/7047
  ██████████░░░░░░░░░░░░░░░  40%  Streaming frame 1976/7047
  ██████████░░░░░░░░░░░░░░░  40%  Streaming frame 1977/7047
  ██████████░░░░░░░░░░░░░░░  40%  Streaming frame 1978/7047
  ██████████░░░░░░░░░░░░░░░  40%  Streaming frame 1979/7047
  ██████████░░░░░░░░░░░░░░░  40%  Streaming frame 1980/7047
  ██████████░░░░░░░░░░░░░░░  40%  Streaming frame 1981/7047
  ██████████░░░░░░░░░░░░░░░  40%  Streaming frame 1982/7047
  ██████████░░░░░░░░░░░░░░░  40%  Streaming frame 1983/7047
  ██████████░░░░░░░░░░░░░░░  40%  Streaming frame 1984/7047
  ██████████░░░░░░░░░░░░░░░  40%  Streaming frame 1985/7047
  ██████████░░░░░░░░░░░░░░░  41%  Streaming frame 1986/7047
  ██████████░░░░░░░░░░░░░░░  41%  Streaming frame 1987/7047
  ██████████░░░░░░░░░░░░░░░  41%  Streaming frame 1988/7047
  ██████████░░░░░░░░░░░░░░░  41%  Streaming frame 1989/7047
  ██████████░░░░░░░░░░░░░░░  41%  Streaming frame 1990/7047
  ██████████░░░░░░░░░░░░░░░  41%  Streaming frame 1991/7047
  ██████████░░░░░░░░░░░░░░░  41%  Streaming frame 1992/7047
  ██████████░░░░░░░░░░░░░░░  41%  Streaming frame 1993/7047
  ██████████░░░░░░░░░░░░░░░  41%  Streaming frame 1994/7047
  ██████████░░░░░░░░░░░░░░░  41%  Streaming frame 1995/7047
  ██████████░░░░░░░░░░░░░░░  41%  Streaming frame 1996/7047
  ██████████░░░░░░░░░░░░░░░  41%  Streaming frame 1997/7047
  ██████████░░░░░░░░░░░░░░░  41%  Streaming frame 1998/7047
  ██████████░░░░░░░░░░░░░░░  41%  Streaming frame 1999/7047
  ██████████░░░░░░░░░░░░░░░  41%  Streaming frame 2000/7047
  ██████████░░░░░░░░░░░░░░░  41%  Streaming frame 2001/7047
  ██████████░░░░░░░░░░░░░░░  41%  Streaming frame 2002/7047
  ██████████░░░░░░░░░░░░░░░  41%  Streaming frame 2003/7047
  ██████████░░░░░░░░░░░░░░░  41%  Streaming frame 2004/7047
  ██████████░░░░░░░░░░░░░░░  41%  Streaming frame 2005/7047
  ██████████░░░░░░░░░░░░░░░  41%  Streaming frame 2006/7047
  ██████████░░░░░░░░░░░░░░░  41%  Streaming frame 2007/7047
  ██████████░░░░░░░░░░░░░░░  41%  Streaming frame 2008/7047
  ██████████░░░░░░░░░░░░░░░  41%  Streaming frame 2009/7047
  ██████████░░░░░░░░░░░░░░░  41%  Streaming frame 2010/7047
  ██████████░░░░░░░░░░░░░░░  41%  Streaming frame 2011/7047
  ██████████░░░░░░░░░░░░░░░  41%  Streaming frame 2012/7047
  ██████████░░░░░░░░░░░░░░░  41%  Streaming frame 2013/7047
  ██████████░░░░░░░░░░░░░░░  41%  Streaming frame 2014/7047
  ██████████░░░░░░░░░░░░░░░  41%  Streaming frame 2015/7047
  ██████████░░░░░░░░░░░░░░░  41%  Streaming frame 2016/7047
  ██████████░░░░░░░░░░░░░░░  41%  Streaming frame 2017/7047
  ██████████░░░░░░░░░░░░░░░  41%  Streaming frame 2018/7047
  ██████████░░░░░░░░░░░░░░░  41%  Streaming frame 2019/7047
  ██████████░░░░░░░░░░░░░░░  41%  Streaming frame 2020/7047
  ██████████░░░░░░░░░░░░░░░  41%  Streaming frame 2021/7047
  ██████████░░░░░░░░░░░░░░░  41%  Streaming frame 2022/7047
  ██████████░░░░░░░░░░░░░░░  41%  Streaming frame 2023/7047
  ██████████░░░░░░░░░░░░░░░  41%  Streaming frame 2024/7047
  ██████████░░░░░░░░░░░░░░░  41%  Streaming frame 2025/7047
  ██████████░░░░░░░░░░░░░░░  41%  Streaming frame 2026/7047
  ██████████░░░░░░░░░░░░░░░  41%  Streaming frame 2027/7047
  ██████████░░░░░░░░░░░░░░░  41%  Streaming frame 2028/7047
  ██████████░░░░░░░░░░░░░░░  41%  Streaming frame 2029/7047
  ██████████░░░░░░░░░░░░░░░  41%  Streaming frame 2030/7047
  ██████████░░░░░░░░░░░░░░░  41%  Streaming frame 2031/7047
  ██████████░░░░░░░░░░░░░░░  41%  Streaming frame 2032/7047
  ██████████░░░░░░░░░░░░░░░  41%  Streaming frame 2033/7047
  ██████████░░░░░░░░░░░░░░░  41%  Streaming frame 2034/7047
  ██████████░░░░░░░░░░░░░░░  41%  Streaming frame 2035/7047
  ██████████░░░░░░░░░░░░░░░  41%  Streaming frame 2036/7047
  ██████████░░░░░░░░░░░░░░░  41%  Streaming frame 2037/7047
  ██████████░░░░░░░░░░░░░░░  41%  Streaming frame 2038/7047
  ██████████░░░░░░░░░░░░░░░  41%  Streaming frame 2039/7047
  ██████████░░░░░░░░░░░░░░░  41%  Streaming frame 2040/7047
  ██████████░░░░░░░░░░░░░░░  41%  Streaming frame 2041/7047
  ██████████░░░░░░░░░░░░░░░  41%  Streaming frame 2042/7047
  ██████████░░░░░░░░░░░░░░░  41%  Streaming frame 2043/7047
  ██████████░░░░░░░░░░░░░░░  41%  Streaming frame 2044/7047
  ██████████░░░░░░░░░░░░░░░  41%  Streaming frame 2045/7047
  ██████████░░░░░░░░░░░░░░░  41%  Streaming frame 2046/7047
  ██████████░░░░░░░░░░░░░░░  41%  Streaming frame 2047/7047
  ██████████░░░░░░░░░░░░░░░  41%  Streaming frame 2048/7047
  ██████████░░░░░░░░░░░░░░░  41%  Streaming frame 2049/7047
  ██████████░░░░░░░░░░░░░░░  41%  Streaming frame 2050/7047
  ██████████░░░░░░░░░░░░░░░  41%  Streaming frame 2051/7047
  ██████████░░░░░░░░░░░░░░░  41%  Streaming frame 2052/7047
  ██████████░░░░░░░░░░░░░░░  41%  Streaming frame 2053/7047
  ██████████░░░░░░░░░░░░░░░  41%  Streaming frame 2054/7047
  ██████████░░░░░░░░░░░░░░░  41%  Streaming frame 2055/7047
  ██████████░░░░░░░░░░░░░░░  41%  Streaming frame 2056/7047
  ██████████░░░░░░░░░░░░░░░  41%  Streaming frame 2057/7047
  ██████████░░░░░░░░░░░░░░░  41%  Streaming frame 2058/7047
  ██████████░░░░░░░░░░░░░░░  41%  Streaming frame 2059/7047
  ██████████░░░░░░░░░░░░░░░  41%  Streaming frame 2060/7047
  ██████████░░░░░░░░░░░░░░░  41%  Streaming frame 2061/7047
  ██████████░░░░░░░░░░░░░░░  41%  Streaming frame 2062/7047
  ██████████░░░░░░░░░░░░░░░  41%  Streaming frame 2063/7047
  ██████████░░░░░░░░░░░░░░░  41%  Streaming frame 2064/7047
  ██████████░░░░░░░░░░░░░░░  41%  Streaming frame 2065/7047
  ██████████░░░░░░░░░░░░░░░  41%  Streaming frame 2066/7047
  ██████████░░░░░░░░░░░░░░░  41%  Streaming frame 2067/7047
  ██████████░░░░░░░░░░░░░░░  41%  Streaming frame 2068/7047
  ██████████░░░░░░░░░░░░░░░  41%  Streaming frame 2069/7047
  ██████████░░░░░░░░░░░░░░░  41%  Streaming frame 2070/7047
  ██████████░░░░░░░░░░░░░░░  41%  Streaming frame 2071/7047
  ██████████░░░░░░░░░░░░░░░  41%  Streaming frame 2072/7047
  ██████████░░░░░░░░░░░░░░░  41%  Streaming frame 2073/7047
  ██████████░░░░░░░░░░░░░░░  41%  Streaming frame 2074/7047
  ██████████░░░░░░░░░░░░░░░  41%  Streaming frame 2075/7047
  ██████████░░░░░░░░░░░░░░░  41%  Streaming frame 2076/7047
  ██████████░░░░░░░░░░░░░░░  41%  Streaming frame 2077/7047
  ██████████░░░░░░░░░░░░░░░  41%  Streaming frame 2078/7047
  ██████████░░░░░░░░░░░░░░░  41%  Streaming frame 2079/7047
  ██████████░░░░░░░░░░░░░░░  41%  Streaming frame 2080/7047
  ██████████░░░░░░░░░░░░░░░  41%  Streaming frame 2081/7047
  ██████████░░░░░░░░░░░░░░░  41%  Streaming frame 2082/7047
  ██████████░░░░░░░░░░░░░░░  41%  Streaming frame 2083/7047
  ██████████░░░░░░░░░░░░░░░  41%  Streaming frame 2084/7047
  ██████████░░░░░░░░░░░░░░░  41%  Streaming frame 2085/7047
  ██████████░░░░░░░░░░░░░░░  41%  Streaming frame 2086/7047
  ██████████░░░░░░░░░░░░░░░  41%  Streaming frame 2087/7047
  ██████████░░░░░░░░░░░░░░░  41%  Streaming frame 2088/7047
  ██████████░░░░░░░░░░░░░░░  41%  Streaming frame 2089/7047
  ██████████░░░░░░░░░░░░░░░  41%  Streaming frame 2090/7047
  ██████████░░░░░░░░░░░░░░░  41%  Streaming frame 2091/7047
  ██████████░░░░░░░░░░░░░░░  41%  Streaming frame 2092/7047
  ██████████░░░░░░░░░░░░░░░  41%  Streaming frame 2093/7047
  ██████████░░░░░░░░░░░░░░░  41%  Streaming frame 2094/7047
  ██████████░░░░░░░░░░░░░░░  41%  Streaming frame 2095/7047
  ██████████░░░░░░░░░░░░░░░  41%  Streaming frame 2096/7047
  ██████████░░░░░░░░░░░░░░░  41%  Streaming frame 2097/7047
  ██████████░░░░░░░░░░░░░░░  41%  Streaming frame 2098/7047
  ██████████░░░░░░░░░░░░░░░  41%  Streaming frame 2099/7047
  ██████████░░░░░░░░░░░░░░░  41%  Streaming frame 2100/7047
  ██████████░░░░░░░░░░░░░░░  41%  Streaming frame 2101/7047
  ██████████░░░░░░░░░░░░░░░  41%  Streaming frame 2102/7047
  ██████████░░░░░░░░░░░░░░░  41%  Streaming frame 2103/7047
  ██████████░░░░░░░░░░░░░░░  41%  Streaming frame 2104/7047
  ██████████░░░░░░░░░░░░░░░  41%  Streaming frame 2105/7047
  ██████████░░░░░░░░░░░░░░░  41%  Streaming frame 2106/7047
  ██████████░░░░░░░░░░░░░░░  41%  Streaming frame 2107/7047
  ██████████░░░░░░░░░░░░░░░  41%  Streaming frame 2108/7047
  ██████████░░░░░░░░░░░░░░░  41%  Streaming frame 2109/7047
  ██████████░░░░░░░░░░░░░░░  41%  Streaming frame 2110/7047
  ██████████░░░░░░░░░░░░░░░  41%  Streaming frame 2111/7047
  ██████████░░░░░░░░░░░░░░░  41%  Streaming frame 2112/7047
  ██████████░░░░░░░░░░░░░░░  41%  Streaming frame 2113/7047
  ██████████░░░░░░░░░░░░░░░  41%  Streaming frame 2114/7047
  ██████████░░░░░░░░░░░░░░░  42%  Streaming frame 2115/7047
  ██████████░░░░░░░░░░░░░░░  42%  Streaming frame 2116/7047
  ██████████░░░░░░░░░░░░░░░  42%  Streaming frame 2117/7047
  ██████████░░░░░░░░░░░░░░░  42%  Streaming frame 2118/7047
  ██████████░░░░░░░░░░░░░░░  42%  Streaming frame 2119/7047
  ██████████░░░░░░░░░░░░░░░  42%  Streaming frame 2120/7047
  ██████████░░░░░░░░░░░░░░░  42%  Streaming frame 2121/7047
  ██████████░░░░░░░░░░░░░░░  42%  Streaming frame 2122/7047
  ██████████░░░░░░░░░░░░░░░  42%  Streaming frame 2123/7047
  ██████████░░░░░░░░░░░░░░░  42%  Streaming frame 2124/7047
  ██████████░░░░░░░░░░░░░░░  42%  Streaming frame 2125/7047
  ██████████░░░░░░░░░░░░░░░  42%  Streaming frame 2126/7047
  ██████████░░░░░░░░░░░░░░░  42%  Streaming frame 2127/7047
  ██████████░░░░░░░░░░░░░░░  42%  Streaming frame 2128/7047
  ██████████░░░░░░░░░░░░░░░  42%  Streaming frame 2129/7047
  ██████████░░░░░░░░░░░░░░░  42%  Streaming frame 2130/7047
  ██████████░░░░░░░░░░░░░░░  42%  Streaming frame 2131/7047
  ██████████░░░░░░░░░░░░░░░  42%  Streaming frame 2132/7047
  ██████████░░░░░░░░░░░░░░░  42%  Streaming frame 2133/7047
  ██████████░░░░░░░░░░░░░░░  42%  Streaming frame 2134/7047
  ██████████░░░░░░░░░░░░░░░  42%  Streaming frame 2135/7047
  ██████████░░░░░░░░░░░░░░░  42%  Streaming frame 2136/7047
  ██████████░░░░░░░░░░░░░░░  42%  Streaming frame 2137/7047
  ██████████░░░░░░░░░░░░░░░  42%  Streaming frame 2138/7047
  ██████████░░░░░░░░░░░░░░░  42%  Streaming frame 2139/7047
  ██████████░░░░░░░░░░░░░░░  42%  Streaming frame 2140/7047
  ██████████░░░░░░░░░░░░░░░  42%  Streaming frame 2141/7047
  ██████████░░░░░░░░░░░░░░░  42%  Streaming frame 2142/7047
  ██████████░░░░░░░░░░░░░░░  42%  Streaming frame 2143/7047
  ██████████░░░░░░░░░░░░░░░  42%  Streaming frame 2144/7047
  ██████████░░░░░░░░░░░░░░░  42%  Streaming frame 2145/7047
  ██████████░░░░░░░░░░░░░░░  42%  Streaming frame 2146/7047
  ██████████░░░░░░░░░░░░░░░  42%  Streaming frame 2147/7047
  ██████████░░░░░░░░░░░░░░░  42%  Streaming frame 2148/7047
  ██████████░░░░░░░░░░░░░░░  42%  Streaming frame 2149/7047
  ██████████░░░░░░░░░░░░░░░  42%  Streaming frame 2150/7047
  ██████████░░░░░░░░░░░░░░░  42%  Streaming frame 2151/7047
  ██████████░░░░░░░░░░░░░░░  42%  Streaming frame 2152/7047
  ██████████░░░░░░░░░░░░░░░  42%  Streaming frame 2153/7047
  ██████████░░░░░░░░░░░░░░░  42%  Streaming frame 2154/7047
  ██████████░░░░░░░░░░░░░░░  42%  Streaming frame 2155/7047
  ██████████░░░░░░░░░░░░░░░  42%  Streaming frame 2156/7047
  ██████████░░░░░░░░░░░░░░░  42%  Streaming frame 2157/7047
  ██████████░░░░░░░░░░░░░░░  42%  Streaming frame 2158/7047
  ██████████░░░░░░░░░░░░░░░  42%  Streaming frame 2159/7047
  ██████████░░░░░░░░░░░░░░░  42%  Streaming frame 2160/7047
  ██████████░░░░░░░░░░░░░░░  42%  Streaming frame 2161/7047
  ██████████░░░░░░░░░░░░░░░  42%  Streaming frame 2162/7047
  ██████████░░░░░░░░░░░░░░░  42%  Streaming frame 2163/7047
  ██████████░░░░░░░░░░░░░░░  42%  Streaming frame 2164/7047
  ██████████░░░░░░░░░░░░░░░  42%  Streaming frame 2165/7047
  ██████████░░░░░░░░░░░░░░░  42%  Streaming frame 2166/7047
  ██████████░░░░░░░░░░░░░░░  42%  Streaming frame 2167/7047
  ██████████░░░░░░░░░░░░░░░  42%  Streaming frame 2168/7047
  ██████████░░░░░░░░░░░░░░░  42%  Streaming frame 2169/7047
  ██████████░░░░░░░░░░░░░░░  42%  Streaming frame 2170/7047
  ██████████░░░░░░░░░░░░░░░  42%  Streaming frame 2171/7047
  ██████████░░░░░░░░░░░░░░░  42%  Streaming frame 2172/7047
  ██████████░░░░░░░░░░░░░░░  42%  Streaming frame 2173/7047
  ██████████░░░░░░░░░░░░░░░  42%  Streaming frame 2174/7047
  ██████████░░░░░░░░░░░░░░░  42%  Streaming frame 2175/7047
  ██████████░░░░░░░░░░░░░░░  42%  Streaming frame 2176/7047
  ██████████░░░░░░░░░░░░░░░  42%  Streaming frame 2177/7047
  ██████████░░░░░░░░░░░░░░░  42%  Streaming frame 2178/7047
  ██████████░░░░░░░░░░░░░░░  42%  Streaming frame 2179/7047
  ██████████░░░░░░░░░░░░░░░  42%  Streaming frame 2180/7047
  ██████████░░░░░░░░░░░░░░░  42%  Streaming frame 2181/7047
  ██████████░░░░░░░░░░░░░░░  42%  Streaming frame 2182/7047
  ██████████░░░░░░░░░░░░░░░  42%  Streaming frame 2183/7047
  ██████████░░░░░░░░░░░░░░░  42%  Streaming frame 2184/7047
  ██████████░░░░░░░░░░░░░░░  42%  Streaming frame 2185/7047
  ██████████░░░░░░░░░░░░░░░  42%  Streaming frame 2186/7047
  ██████████░░░░░░░░░░░░░░░  42%  Streaming frame 2187/7047
  ██████████░░░░░░░░░░░░░░░  42%  Streaming frame 2188/7047
  ██████████░░░░░░░░░░░░░░░  42%  Streaming frame 2189/7047
  ██████████░░░░░░░░░░░░░░░  42%  Streaming frame 2190/7047
  ██████████░░░░░░░░░░░░░░░  42%  Streaming frame 2191/7047
  ██████████░░░░░░░░░░░░░░░  42%  Streaming frame 2192/7047
  ██████████░░░░░░░░░░░░░░░  42%  Streaming frame 2193/7047
  ██████████░░░░░░░░░░░░░░░  42%  Streaming frame 2194/7047
  ██████████░░░░░░░░░░░░░░░  42%  Streaming frame 2195/7047
  ██████████░░░░░░░░░░░░░░░  42%  Streaming frame 2196/7047
  ██████████░░░░░░░░░░░░░░░  42%  Streaming frame 2197/7047
  ██████████░░░░░░░░░░░░░░░  42%  Streaming frame 2198/7047
  ██████████░░░░░░░░░░░░░░░  42%  Streaming frame 2199/7047
  ██████████░░░░░░░░░░░░░░░  42%  Streaming frame 2200/7047
  ██████████░░░░░░░░░░░░░░░  42%  Streaming frame 2201/7047
  ██████████░░░░░░░░░░░░░░░  42%  Streaming frame 2202/7047
  ██████████░░░░░░░░░░░░░░░  42%  Streaming frame 2203/7047
  ██████████░░░░░░░░░░░░░░░  42%  Streaming frame 2204/7047
  ██████████░░░░░░░░░░░░░░░  42%  Streaming frame 2205/7047
  ██████████░░░░░░░░░░░░░░░  42%  Streaming frame 2206/7047
  ██████████░░░░░░░░░░░░░░░  42%  Streaming frame 2207/7047
  ██████████░░░░░░░░░░░░░░░  42%  Streaming frame 2208/7047
  ██████████░░░░░░░░░░░░░░░  42%  Streaming frame 2209/7047
  ██████████░░░░░░░░░░░░░░░  42%  Streaming frame 2210/7047
  ██████████░░░░░░░░░░░░░░░  42%  Streaming frame 2211/7047
  ██████████░░░░░░░░░░░░░░░  42%  Streaming frame 2212/7047
  ██████████░░░░░░░░░░░░░░░  42%  Streaming frame 2213/7047
  ██████████░░░░░░░░░░░░░░░  42%  Streaming frame 2214/7047
  ██████████░░░░░░░░░░░░░░░  42%  Streaming frame 2215/7047
  ██████████░░░░░░░░░░░░░░░  42%  Streaming frame 2216/7047
  ██████████░░░░░░░░░░░░░░░  42%  Streaming frame 2217/7047
  ██████████░░░░░░░░░░░░░░░  42%  Streaming frame 2218/7047
  ██████████░░░░░░░░░░░░░░░  42%  Streaming frame 2219/7047
  ██████████░░░░░░░░░░░░░░░  42%  Streaming frame 2220/7047
  ██████████░░░░░░░░░░░░░░░  42%  Streaming frame 2221/7047
  ██████████░░░░░░░░░░░░░░░  42%  Streaming frame 2222/7047
  ██████████░░░░░░░░░░░░░░░  42%  Streaming frame 2223/7047
  ██████████░░░░░░░░░░░░░░░  42%  Streaming frame 2224/7047
  ██████████░░░░░░░░░░░░░░░  42%  Streaming frame 2225/7047
  ██████████░░░░░░░░░░░░░░░  42%  Streaming frame 2226/7047
  ██████████░░░░░░░░░░░░░░░  42%  Streaming frame 2227/7047
  ██████████░░░░░░░░░░░░░░░  42%  Streaming frame 2228/7047
  ██████████░░░░░░░░░░░░░░░  42%  Streaming frame 2229/7047
  ██████████░░░░░░░░░░░░░░░  42%  Streaming frame 2230/7047
  ██████████░░░░░░░░░░░░░░░  42%  Streaming frame 2231/7047
  ██████████░░░░░░░░░░░░░░░  42%  Streaming frame 2232/7047
  ██████████░░░░░░░░░░░░░░░  42%  Streaming frame 2233/7047
  ██████████░░░░░░░░░░░░░░░  42%  Streaming frame 2234/7047
  ██████████░░░░░░░░░░░░░░░  42%  Streaming frame 2235/7047
  ██████████░░░░░░░░░░░░░░░  42%  Streaming frame 2236/7047
  ██████████░░░░░░░░░░░░░░░  42%  Streaming frame 2237/7047
  ██████████░░░░░░░░░░░░░░░  42%  Streaming frame 2238/7047
  ██████████░░░░░░░░░░░░░░░  42%  Streaming frame 2239/7047
  ██████████░░░░░░░░░░░░░░░  42%  Streaming frame 2240/7047
  ██████████░░░░░░░░░░░░░░░  42%  Streaming frame 2241/7047
  ██████████░░░░░░░░░░░░░░░  42%  Streaming frame 2242/7047
  ██████████░░░░░░░░░░░░░░░  43%  Streaming frame 2243/7047
  ██████████░░░░░░░░░░░░░░░  43%  Streaming frame 2244/7047
  ██████████░░░░░░░░░░░░░░░  43%  Streaming frame 2245/7047
  ██████████░░░░░░░░░░░░░░░  43%  Streaming frame 2246/7047
  ██████████░░░░░░░░░░░░░░░  43%  Streaming frame 2247/7047
  ██████████░░░░░░░░░░░░░░░  43%  Streaming frame 2248/7047
  ██████████░░░░░░░░░░░░░░░  43%  Streaming frame 2249/7047
  ██████████░░░░░░░░░░░░░░░  43%  Streaming frame 2250/7047
  ██████████░░░░░░░░░░░░░░░  43%  Streaming frame 2251/7047
  ██████████░░░░░░░░░░░░░░░  43%  Streaming frame 2252/7047
  ██████████░░░░░░░░░░░░░░░  43%  Streaming frame 2253/7047
  ██████████░░░░░░░░░░░░░░░  43%  Streaming frame 2254/7047
  ██████████░░░░░░░░░░░░░░░  43%  Streaming frame 2255/7047
  ██████████░░░░░░░░░░░░░░░  43%  Streaming frame 2256/7047
  ██████████░░░░░░░░░░░░░░░  43%  Streaming frame 2257/7047
  ██████████░░░░░░░░░░░░░░░  43%  Streaming frame 2258/7047
  ██████████░░░░░░░░░░░░░░░  43%  Streaming frame 2259/7047
  ██████████░░░░░░░░░░░░░░░  43%  Streaming frame 2260/7047
  ██████████░░░░░░░░░░░░░░░  43%  Streaming frame 2261/7047
  ██████████░░░░░░░░░░░░░░░  43%  Streaming frame 2262/7047
  ██████████░░░░░░░░░░░░░░░  43%  Streaming frame 2263/7047
  ██████████░░░░░░░░░░░░░░░  43%  Streaming frame 2264/7047
  ██████████░░░░░░░░░░░░░░░  43%  Streaming frame 2265/7047
  ██████████░░░░░░░░░░░░░░░  43%  Streaming frame 2266/7047
  ██████████░░░░░░░░░░░░░░░  43%  Streaming frame 2267/7047
  ██████████░░░░░░░░░░░░░░░  43%  Streaming frame 2268/7047
  ██████████░░░░░░░░░░░░░░░  43%  Streaming frame 2269/7047
  ██████████░░░░░░░░░░░░░░░  43%  Streaming frame 2270/7047
  ██████████░░░░░░░░░░░░░░░  43%  Streaming frame 2271/7047
  ██████████░░░░░░░░░░░░░░░  43%  Streaming frame 2272/7047
  ██████████░░░░░░░░░░░░░░░  43%  Streaming frame 2273/7047
  ██████████░░░░░░░░░░░░░░░  43%  Streaming frame 2274/7047
  ██████████░░░░░░░░░░░░░░░  43%  Streaming frame 2275/7047
  ██████████░░░░░░░░░░░░░░░  43%  Streaming frame 2276/7047
  ██████████░░░░░░░░░░░░░░░  43%  Streaming frame 2277/7047
  ██████████░░░░░░░░░░░░░░░  43%  Streaming frame 2278/7047
  ██████████░░░░░░░░░░░░░░░  43%  Streaming frame 2279/7047
  ██████████░░░░░░░░░░░░░░░  43%  Streaming frame 2280/7047
  ██████████░░░░░░░░░░░░░░░  43%  Streaming frame 2281/7047
  ██████████░░░░░░░░░░░░░░░  43%  Streaming frame 2282/7047
  ██████████░░░░░░░░░░░░░░░  43%  Streaming frame 2283/7047
  ██████████░░░░░░░░░░░░░░░  43%  Streaming frame 2284/7047
  ██████████░░░░░░░░░░░░░░░  43%  Streaming frame 2285/7047
  ██████████░░░░░░░░░░░░░░░  43%  Streaming frame 2286/7047
  ██████████░░░░░░░░░░░░░░░  43%  Streaming frame 2287/7047
  ██████████░░░░░░░░░░░░░░░  43%  Streaming frame 2288/7047
  ██████████░░░░░░░░░░░░░░░  43%  Streaming frame 2289/7047
  ██████████░░░░░░░░░░░░░░░  43%  Streaming frame 2290/7047
  ██████████░░░░░░░░░░░░░░░  43%  Streaming frame 2291/7047
  ██████████░░░░░░░░░░░░░░░  43%  Streaming frame 2292/7047
  ██████████░░░░░░░░░░░░░░░  43%  Streaming frame 2293/7047
  ██████████░░░░░░░░░░░░░░░  43%  Streaming frame 2294/7047
  ██████████░░░░░░░░░░░░░░░  43%  Streaming frame 2295/7047
  ██████████░░░░░░░░░░░░░░░  43%  Streaming frame 2296/7047
  ██████████░░░░░░░░░░░░░░░  43%  Streaming frame 2297/7047
  ██████████░░░░░░░░░░░░░░░  43%  Streaming frame 2298/7047
  ██████████░░░░░░░░░░░░░░░  43%  Streaming frame 2299/7047
  ██████████░░░░░░░░░░░░░░░  43%  Streaming frame 2300/7047
  ██████████░░░░░░░░░░░░░░░  43%  Streaming frame 2301/7047
  ██████████░░░░░░░░░░░░░░░  43%  Streaming frame 2302/7047
  ██████████░░░░░░░░░░░░░░░  43%  Streaming frame 2303/7047
  ██████████░░░░░░░░░░░░░░░  43%  Streaming frame 2304/7047
  ██████████░░░░░░░░░░░░░░░  43%  Streaming frame 2305/7047
  ██████████░░░░░░░░░░░░░░░  43%  Streaming frame 2306/7047
  ██████████░░░░░░░░░░░░░░░  43%  Streaming frame 2307/7047
  ██████████░░░░░░░░░░░░░░░  43%  Streaming frame 2308/7047
  ██████████░░░░░░░░░░░░░░░  43%  Streaming frame 2309/7047
  ██████████░░░░░░░░░░░░░░░  43%  Streaming frame 2310/7047
  ██████████░░░░░░░░░░░░░░░  43%  Streaming frame 2311/7047
  ██████████░░░░░░░░░░░░░░░  43%  Streaming frame 2312/7047
  ██████████░░░░░░░░░░░░░░░  43%  Streaming frame 2313/7047
  ██████████░░░░░░░░░░░░░░░  43%  Streaming frame 2314/7047
  ██████████░░░░░░░░░░░░░░░  43%  Streaming frame 2315/7047
  ██████████░░░░░░░░░░░░░░░  43%  Streaming frame 2316/7047
  ██████████░░░░░░░░░░░░░░░  43%  Streaming frame 2317/7047
  ██████████░░░░░░░░░░░░░░░  43%  Streaming frame 2318/7047
  ██████████░░░░░░░░░░░░░░░  43%  Streaming frame 2319/7047
  ██████████░░░░░░░░░░░░░░░  43%  Streaming frame 2320/7047
  ██████████░░░░░░░░░░░░░░░  43%  Streaming frame 2321/7047
  ██████████░░░░░░░░░░░░░░░  43%  Streaming frame 2322/7047
  ██████████░░░░░░░░░░░░░░░  43%  Streaming frame 2323/7047
  ██████████░░░░░░░░░░░░░░░  43%  Streaming frame 2324/7047
  ██████████░░░░░░░░░░░░░░░  43%  Streaming frame 2325/7047
  ██████████░░░░░░░░░░░░░░░  43%  Streaming frame 2326/7047
  ██████████░░░░░░░░░░░░░░░  43%  Streaming frame 2327/7047
  ██████████░░░░░░░░░░░░░░░  43%  Streaming frame 2328/7047
  ██████████░░░░░░░░░░░░░░░  43%  Streaming frame 2329/7047
  ██████████░░░░░░░░░░░░░░░  43%  Streaming frame 2330/7047
  ██████████░░░░░░░░░░░░░░░  43%  Streaming frame 2331/7047
  ██████████░░░░░░░░░░░░░░░  43%  Streaming frame 2332/7047
  ██████████░░░░░░░░░░░░░░░  43%  Streaming frame 2333/7047
  ██████████░░░░░░░░░░░░░░░  43%  Streaming frame 2334/7047
  ██████████░░░░░░░░░░░░░░░  43%  Streaming frame 2335/7047
  ██████████░░░░░░░░░░░░░░░  43%  Streaming frame 2336/7047
  ██████████░░░░░░░░░░░░░░░  43%  Streaming frame 2337/7047
  ██████████░░░░░░░░░░░░░░░  43%  Streaming frame 2338/7047
  ██████████░░░░░░░░░░░░░░░  43%  Streaming frame 2339/7047
  ██████████░░░░░░░░░░░░░░░  43%  Streaming frame 2340/7047
  ██████████░░░░░░░░░░░░░░░  43%  Streaming frame 2341/7047
  ██████████░░░░░░░░░░░░░░░  43%  Streaming frame 2342/7047
  ██████████░░░░░░░░░░░░░░░  43%  Streaming frame 2343/7047
  ██████████░░░░░░░░░░░░░░░  43%  Streaming frame 2344/7047
  ██████████░░░░░░░░░░░░░░░  43%  Streaming frame 2345/7047
  ██████████░░░░░░░░░░░░░░░  43%  Streaming frame 2346/7047
  ██████████░░░░░░░░░░░░░░░  43%  Streaming frame 2347/7047
  ██████████░░░░░░░░░░░░░░░  43%  Streaming frame 2348/7047
  ██████████░░░░░░░░░░░░░░░  43%  Streaming frame 2349/7047
  ██████████░░░░░░░░░░░░░░░  43%  Streaming frame 2350/7047
  ██████████░░░░░░░░░░░░░░░  43%  Streaming frame 2351/7047
  ██████████░░░░░░░░░░░░░░░  43%  Streaming frame 2352/7047
  ██████████░░░░░░░░░░░░░░░  43%  Streaming frame 2353/7047
  ██████████░░░░░░░░░░░░░░░  43%  Streaming frame 2354/7047
  ██████████░░░░░░░░░░░░░░░  43%  Streaming frame 2355/7047
  ██████████░░░░░░░░░░░░░░░  43%  Streaming frame 2356/7047
  ██████████░░░░░░░░░░░░░░░  43%  Streaming frame 2357/7047
  ██████████░░░░░░░░░░░░░░░  43%  Streaming frame 2358/7047
  ██████████░░░░░░░░░░░░░░░  43%  Streaming frame 2359/7047
  ██████████░░░░░░░░░░░░░░░  43%  Streaming frame 2360/7047
  ██████████░░░░░░░░░░░░░░░  43%  Streaming frame 2361/7047
  ██████████░░░░░░░░░░░░░░░  43%  Streaming frame 2362/7047
  ██████████░░░░░░░░░░░░░░░  43%  Streaming frame 2363/7047
  ██████████░░░░░░░░░░░░░░░  43%  Streaming frame 2364/7047
  ██████████░░░░░░░░░░░░░░░  43%  Streaming frame 2365/7047
  ██████████░░░░░░░░░░░░░░░  43%  Streaming frame 2366/7047
  ██████████░░░░░░░░░░░░░░░  43%  Streaming frame 2367/7047
  ██████████░░░░░░░░░░░░░░░  43%  Streaming frame 2368/7047
  ██████████░░░░░░░░░░░░░░░  43%  Streaming frame 2369/7047
  ██████████░░░░░░░░░░░░░░░  43%  Streaming frame 2370/7047
  ███████████░░░░░░░░░░░░░░  44%  Streaming frame 2371/7047
  ███████████░░░░░░░░░░░░░░  44%  Streaming frame 2372/7047
  ███████████░░░░░░░░░░░░░░  44%  Streaming frame 2373/7047
  ███████████░░░░░░░░░░░░░░  44%  Streaming frame 2374/7047
  ███████████░░░░░░░░░░░░░░  44%  Streaming frame 2375/7047
  ███████████░░░░░░░░░░░░░░  44%  Streaming frame 2376/7047
  ███████████░░░░░░░░░░░░░░  44%  Streaming frame 2377/7047
  ███████████░░░░░░░░░░░░░░  44%  Streaming frame 2378/7047
  ███████████░░░░░░░░░░░░░░  44%  Streaming frame 2379/7047
  ███████████░░░░░░░░░░░░░░  44%  Streaming frame 2380/7047
  ███████████░░░░░░░░░░░░░░  44%  Streaming frame 2381/7047
  ███████████░░░░░░░░░░░░░░  44%  Streaming frame 2382/7047
  ███████████░░░░░░░░░░░░░░  44%  Streaming frame 2383/7047
  ███████████░░░░░░░░░░░░░░  44%  Streaming frame 2384/7047
  ███████████░░░░░░░░░░░░░░  44%  Streaming frame 2385/7047
  ███████████░░░░░░░░░░░░░░  44%  Streaming frame 2386/7047
  ███████████░░░░░░░░░░░░░░  44%  Streaming frame 2387/7047
  ███████████░░░░░░░░░░░░░░  44%  Streaming frame 2388/7047
  ███████████░░░░░░░░░░░░░░  44%  Streaming frame 2389/7047
  ███████████░░░░░░░░░░░░░░  44%  Streaming frame 2390/7047
  ███████████░░░░░░░░░░░░░░  44%  Streaming frame 2391/7047
  ███████████░░░░░░░░░░░░░░  44%  Streaming frame 2392/7047
  ███████████░░░░░░░░░░░░░░  44%  Streaming frame 2393/7047
  ███████████░░░░░░░░░░░░░░  44%  Streaming frame 2394/7047
  ███████████░░░░░░░░░░░░░░  44%  Streaming frame 2395/7047
  ███████████░░░░░░░░░░░░░░  44%  Streaming frame 2396/7047
  ███████████░░░░░░░░░░░░░░  44%  Streaming frame 2397/7047
  ███████████░░░░░░░░░░░░░░  44%  Streaming frame 2398/7047
  ███████████░░░░░░░░░░░░░░  44%  Streaming frame 2399/7047
  ███████████░░░░░░░░░░░░░░  44%  Streaming frame 2400/7047
  ███████████░░░░░░░░░░░░░░  44%  Streaming frame 2401/7047
  ███████████░░░░░░░░░░░░░░  44%  Streaming frame 2402/7047
  ███████████░░░░░░░░░░░░░░  44%  Streaming frame 2403/7047
  ███████████░░░░░░░░░░░░░░  44%  Streaming frame 2404/7047
  ███████████░░░░░░░░░░░░░░  44%  Streaming frame 2405/7047
  ███████████░░░░░░░░░░░░░░  44%  Streaming frame 2406/7047
  ███████████░░░░░░░░░░░░░░  44%  Streaming frame 2407/7047
  ███████████░░░░░░░░░░░░░░  44%  Streaming frame 2408/7047
  ███████████░░░░░░░░░░░░░░  44%  Streaming frame 2409/7047
  ███████████░░░░░░░░░░░░░░  44%  Streaming frame 2410/7047
  ███████████░░░░░░░░░░░░░░  44%  Streaming frame 2411/7047
  ███████████░░░░░░░░░░░░░░  44%  Streaming frame 2412/7047
  ███████████░░░░░░░░░░░░░░  44%  Streaming frame 2413/7047
  ███████████░░░░░░░░░░░░░░  44%  Streaming frame 2414/7047
  ███████████░░░░░░░░░░░░░░  44%  Streaming frame 2415/7047
  ███████████░░░░░░░░░░░░░░  44%  Streaming frame 2416/7047
  ███████████░░░░░░░░░░░░░░  44%  Streaming frame 2417/7047
  ███████████░░░░░░░░░░░░░░  44%  Streaming frame 2418/7047
  ███████████░░░░░░░░░░░░░░  44%  Streaming frame 2419/7047
  ███████████░░░░░░░░░░░░░░  44%  Streaming frame 2420/7047
  ███████████░░░░░░░░░░░░░░  44%  Streaming frame 2421/7047
  ███████████░░░░░░░░░░░░░░  44%  Streaming frame 2422/7047
  ███████████░░░░░░░░░░░░░░  44%  Streaming frame 2423/7047
  ███████████░░░░░░░░░░░░░░  44%  Streaming frame 2424/7047
  ███████████░░░░░░░░░░░░░░  44%  Streaming frame 2425/7047
  ███████████░░░░░░░░░░░░░░  44%  Streaming frame 2426/7047
  ███████████░░░░░░░░░░░░░░  44%  Streaming frame 2427/7047
  ███████████░░░░░░░░░░░░░░  44%  Streaming frame 2428/7047
  ███████████░░░░░░░░░░░░░░  44%  Streaming frame 2429/7047
  ███████████░░░░░░░░░░░░░░  44%  Streaming frame 2430/7047
  ███████████░░░░░░░░░░░░░░  44%  Streaming frame 2431/7047
  ███████████░░░░░░░░░░░░░░  44%  Streaming frame 2432/7047
  ███████████░░░░░░░░░░░░░░  44%  Streaming frame 2433/7047
  ███████████░░░░░░░░░░░░░░  44%  Streaming frame 2434/7047
  ███████████░░░░░░░░░░░░░░  44%  Streaming frame 2435/7047
  ███████████░░░░░░░░░░░░░░  44%  Streaming frame 2436/7047
  ███████████░░░░░░░░░░░░░░  44%  Streaming frame 2437/7047
  ███████████░░░░░░░░░░░░░░  44%  Streaming frame 2438/7047
  ███████████░░░░░░░░░░░░░░  44%  Streaming frame 2439/7047
  ███████████░░░░░░░░░░░░░░  44%  Streaming frame 2440/7047
  ███████████░░░░░░░░░░░░░░  44%  Streaming frame 2441/7047
  ███████████░░░░░░░░░░░░░░  44%  Streaming frame 2442/7047
  ███████████░░░░░░░░░░░░░░  44%  Streaming frame 2443/7047
  ███████████░░░░░░░░░░░░░░  44%  Streaming frame 2444/7047
  ███████████░░░░░░░░░░░░░░  44%  Streaming frame 2445/7047
  ███████████░░░░░░░░░░░░░░  44%  Streaming frame 2446/7047
  ███████████░░░░░░░░░░░░░░  44%  Streaming frame 2447/7047
  ███████████░░░░░░░░░░░░░░  44%  Streaming frame 2448/7047
  ███████████░░░░░░░░░░░░░░  44%  Streaming frame 2449/7047
  ███████████░░░░░░░░░░░░░░  44%  Streaming frame 2450/7047
  ███████████░░░░░░░░░░░░░░  44%  Streaming frame 2451/7047
  ███████████░░░░░░░░░░░░░░  44%  Streaming frame 2452/7047
  ███████████░░░░░░░░░░░░░░  44%  Streaming frame 2453/7047
  ███████████░░░░░░░░░░░░░░  44%  Streaming frame 2454/7047
  ███████████░░░░░░░░░░░░░░  44%  Streaming frame 2455/7047
  ███████████░░░░░░░░░░░░░░  44%  Streaming frame 2456/7047
  ███████████░░░░░░░░░░░░░░  44%  Streaming frame 2457/7047
  ███████████░░░░░░░░░░░░░░  44%  Streaming frame 2458/7047
  ███████████░░░░░░░░░░░░░░  44%  Streaming frame 2459/7047
  ███████████░░░░░░░░░░░░░░  44%  Streaming frame 2460/7047
  ███████████░░░░░░░░░░░░░░  44%  Streaming frame 2461/7047
  ███████████░░░░░░░░░░░░░░  44%  Streaming frame 2462/7047
  ███████████░░░░░░░░░░░░░░  44%  Streaming frame 2463/7047
  ███████████░░░░░░░░░░░░░░  44%  Streaming frame 2464/7047
  ███████████░░░░░░░░░░░░░░  44%  Streaming frame 2465/7047
  ███████████░░░░░░░░░░░░░░  44%  Streaming frame 2466/7047
  ███████████░░░░░░░░░░░░░░  44%  Streaming frame 2467/7047
  ███████████░░░░░░░░░░░░░░  44%  Streaming frame 2468/7047
  ███████████░░░░░░░░░░░░░░  44%  Streaming frame 2469/7047
  ███████████░░░░░░░░░░░░░░  44%  Streaming frame 2470/7047
  ███████████░░░░░░░░░░░░░░  44%  Streaming frame 2471/7047
  ███████████░░░░░░░░░░░░░░  44%  Streaming frame 2472/7047
  ███████████░░░░░░░░░░░░░░  44%  Streaming frame 2473/7047
  ███████████░░░░░░░░░░░░░░  44%  Streaming frame 2474/7047
  ███████████░░░░░░░░░░░░░░  44%  Streaming frame 2475/7047
  ███████████░░░░░░░░░░░░░░  44%  Streaming frame 2476/7047
  ███████████░░░░░░░░░░░░░░  44%  Streaming frame 2477/7047
  ███████████░░░░░░░░░░░░░░  44%  Streaming frame 2478/7047
  ███████████░░░░░░░░░░░░░░  44%  Streaming frame 2479/7047
  ███████████░░░░░░░░░░░░░░  44%  Streaming frame 2480/7047
  ███████████░░░░░░░░░░░░░░  44%  Streaming frame 2481/7047
  ███████████░░░░░░░░░░░░░░  44%  Streaming frame 2482/7047
  ███████████░░░░░░░░░░░░░░  44%  Streaming frame 2483/7047
  ███████████░░░░░░░░░░░░░░  44%  Streaming frame 2484/7047
  ███████████░░░░░░░░░░░░░░  44%  Streaming frame 2485/7047
  ███████████░░░░░░░░░░░░░░  44%  Streaming frame 2486/7047
  ███████████░░░░░░░░░░░░░░  44%  Streaming frame 2487/7047
  ███████████░░░░░░░░░░░░░░  44%  Streaming frame 2488/7047
  ███████████░░░░░░░░░░░░░░  44%  Streaming frame 2489/7047
  ███████████░░░░░░░░░░░░░░  44%  Streaming frame 2490/7047
  ███████████░░░░░░░░░░░░░░  44%  Streaming frame 2491/7047
  ███████████░░░░░░░░░░░░░░  44%  Streaming frame 2492/7047
  ███████████░░░░░░░░░░░░░░  44%  Streaming frame 2493/7047
  ███████████░░░░░░░░░░░░░░  44%  Streaming frame 2494/7047
  ███████████░░░░░░░░░░░░░░  44%  Streaming frame 2495/7047
  ███████████░░░░░░░░░░░░░░  44%  Streaming frame 2496/7047
  ███████████░░░░░░░░░░░░░░  44%  Streaming frame 2497/7047
  ███████████░░░░░░░░░░░░░░  44%  Streaming frame 2498/7047
  ███████████░░░░░░░░░░░░░░  45%  Streaming frame 2499/7047
  ███████████░░░░░░░░░░░░░░  45%  Streaming frame 2500/7047
  ███████████░░░░░░░░░░░░░░  45%  Streaming frame 2501/7047
  ███████████░░░░░░░░░░░░░░  45%  Streaming frame 2502/7047
  ███████████░░░░░░░░░░░░░░  45%  Streaming frame 2503/7047
  ███████████░░░░░░░░░░░░░░  45%  Streaming frame 2504/7047
  ███████████░░░░░░░░░░░░░░  45%  Streaming frame 2505/7047
  ███████████░░░░░░░░░░░░░░  45%  Streaming frame 2506/7047
  ███████████░░░░░░░░░░░░░░  45%  Streaming frame 2507/7047
  ███████████░░░░░░░░░░░░░░  45%  Streaming frame 2508/7047
  ███████████░░░░░░░░░░░░░░  45%  Streaming frame 2509/7047
  ███████████░░░░░░░░░░░░░░  45%  Streaming frame 2510/7047
  ███████████░░░░░░░░░░░░░░  45%  Streaming frame 2511/7047
  ███████████░░░░░░░░░░░░░░  45%  Streaming frame 2512/7047
  ███████████░░░░░░░░░░░░░░  45%  Streaming frame 2513/7047
  ███████████░░░░░░░░░░░░░░  45%  Streaming frame 2514/7047
  ███████████░░░░░░░░░░░░░░  45%  Streaming frame 2515/7047
  ███████████░░░░░░░░░░░░░░  45%  Streaming frame 2516/7047
  ███████████░░░░░░░░░░░░░░  45%  Streaming frame 2517/7047
  ███████████░░░░░░░░░░░░░░  45%  Streaming frame 2518/7047
  ███████████░░░░░░░░░░░░░░  45%  Streaming frame 2519/7047
  ███████████░░░░░░░░░░░░░░  45%  Streaming frame 2520/7047
  ███████████░░░░░░░░░░░░░░  45%  Streaming frame 2521/7047
  ███████████░░░░░░░░░░░░░░  45%  Streaming frame 2522/7047
  ███████████░░░░░░░░░░░░░░  45%  Streaming frame 2523/7047
  ███████████░░░░░░░░░░░░░░  45%  Streaming frame 2524/7047
  ███████████░░░░░░░░░░░░░░  45%  Streaming frame 2525/7047
  ███████████░░░░░░░░░░░░░░  45%  Streaming frame 2526/7047
  ███████████░░░░░░░░░░░░░░  45%  Streaming frame 2527/7047
  ███████████░░░░░░░░░░░░░░  45%  Streaming frame 2528/7047
  ███████████░░░░░░░░░░░░░░  45%  Streaming frame 2529/7047
  ███████████░░░░░░░░░░░░░░  45%  Streaming frame 2530/7047
  ███████████░░░░░░░░░░░░░░  45%  Streaming frame 2531/7047
  ███████████░░░░░░░░░░░░░░  45%  Streaming frame 2532/7047
  ███████████░░░░░░░░░░░░░░  45%  Streaming frame 2533/7047
  ███████████░░░░░░░░░░░░░░  45%  Streaming frame 2534/7047
  ███████████░░░░░░░░░░░░░░  45%  Streaming frame 2535/7047
  ███████████░░░░░░░░░░░░░░  45%  Streaming frame 2536/7047
  ███████████░░░░░░░░░░░░░░  45%  Streaming frame 2537/7047
  ███████████░░░░░░░░░░░░░░  45%  Streaming frame 2538/7047
  ███████████░░░░░░░░░░░░░░  45%  Streaming frame 2539/7047
  ███████████░░░░░░░░░░░░░░  45%  Streaming frame 2540/7047
  ███████████░░░░░░░░░░░░░░  45%  Streaming frame 2541/7047
  ███████████░░░░░░░░░░░░░░  45%  Streaming frame 2542/7047
  ███████████░░░░░░░░░░░░░░  45%  Streaming frame 2543/7047
  ███████████░░░░░░░░░░░░░░  45%  Streaming frame 2544/7047
  ███████████░░░░░░░░░░░░░░  45%  Streaming frame 2545/7047
  ███████████░░░░░░░░░░░░░░  45%  Streaming frame 2546/7047
  ███████████░░░░░░░░░░░░░░  45%  Streaming frame 2547/7047
  ███████████░░░░░░░░░░░░░░  45%  Streaming frame 2548/7047
  ███████████░░░░░░░░░░░░░░  45%  Streaming frame 2549/7047
  ███████████░░░░░░░░░░░░░░  45%  Streaming frame 2550/7047
  ███████████░░░░░░░░░░░░░░  45%  Streaming frame 2551/7047
  ███████████░░░░░░░░░░░░░░  45%  Streaming frame 2552/7047
  ███████████░░░░░░░░░░░░░░  45%  Streaming frame 2553/7047
  ███████████░░░░░░░░░░░░░░  45%  Streaming frame 2554/7047
  ███████████░░░░░░░░░░░░░░  45%  Streaming frame 2555/7047
  ███████████░░░░░░░░░░░░░░  45%  Streaming frame 2556/7047
  ███████████░░░░░░░░░░░░░░  45%  Streaming frame 2557/7047
  ███████████░░░░░░░░░░░░░░  45%  Streaming frame 2558/7047
  ███████████░░░░░░░░░░░░░░  45%  Streaming frame 2559/7047
  ███████████░░░░░░░░░░░░░░  45%  Streaming frame 2560/7047
  ███████████░░░░░░░░░░░░░░  45%  Streaming frame 2561/7047
  ███████████░░░░░░░░░░░░░░  45%  Streaming frame 2562/7047
  ███████████░░░░░░░░░░░░░░  45%  Streaming frame 2563/7047
  ███████████░░░░░░░░░░░░░░  45%  Streaming frame 2564/7047
  ███████████░░░░░░░░░░░░░░  45%  Streaming frame 2565/7047
  ███████████░░░░░░░░░░░░░░  45%  Streaming frame 2566/7047
  ███████████░░░░░░░░░░░░░░  45%  Streaming frame 2567/7047
  ███████████░░░░░░░░░░░░░░  45%  Streaming frame 2568/7047
  ███████████░░░░░░░░░░░░░░  45%  Streaming frame 2569/7047
  ███████████░░░░░░░░░░░░░░  45%  Streaming frame 2570/7047
  ███████████░░░░░░░░░░░░░░  45%  Streaming frame 2571/7047
  ███████████░░░░░░░░░░░░░░  45%  Streaming frame 2572/7047
  ███████████░░░░░░░░░░░░░░  45%  Streaming frame 2573/7047
  ███████████░░░░░░░░░░░░░░  45%  Streaming frame 2574/7047
  ███████████░░░░░░░░░░░░░░  45%  Streaming frame 2575/7047
  ███████████░░░░░░░░░░░░░░  45%  Streaming frame 2576/7047
  ███████████░░░░░░░░░░░░░░  45%  Streaming frame 2577/7047
  ███████████░░░░░░░░░░░░░░  45%  Streaming frame 2578/7047
  ███████████░░░░░░░░░░░░░░  45%  Streaming frame 2579/7047
  ███████████░░░░░░░░░░░░░░  45%  Streaming frame 2580/7047
  ███████████░░░░░░░░░░░░░░  45%  Streaming frame 2581/7047
  ███████████░░░░░░░░░░░░░░  45%  Streaming frame 2582/7047
  ███████████░░░░░░░░░░░░░░  45%  Streaming frame 2583/7047
  ███████████░░░░░░░░░░░░░░  45%  Streaming frame 2584/7047
  ███████████░░░░░░░░░░░░░░  45%  Streaming frame 2585/7047
  ███████████░░░░░░░░░░░░░░  45%  Streaming frame 2586/7047
  ███████████░░░░░░░░░░░░░░  45%  Streaming frame 2587/7047
  ███████████░░░░░░░░░░░░░░  45%  Streaming frame 2588/7047
  ███████████░░░░░░░░░░░░░░  45%  Streaming frame 2589/7047
  ███████████░░░░░░░░░░░░░░  45%  Streaming frame 2590/7047
  ███████████░░░░░░░░░░░░░░  45%  Streaming frame 2591/7047
  ███████████░░░░░░░░░░░░░░  45%  Streaming frame 2592/7047
  ███████████░░░░░░░░░░░░░░  45%  Streaming frame 2593/7047
  ███████████░░░░░░░░░░░░░░  45%  Streaming frame 2594/7047
  ███████████░░░░░░░░░░░░░░  45%  Streaming frame 2595/7047
  ███████████░░░░░░░░░░░░░░  45%  Streaming frame 2596/7047
  ███████████░░░░░░░░░░░░░░  45%  Streaming frame 2597/7047
  ███████████░░░░░░░░░░░░░░  45%  Streaming frame 2598/7047
  ███████████░░░░░░░░░░░░░░  45%  Streaming frame 2599/7047
  ███████████░░░░░░░░░░░░░░  45%  Streaming frame 2600/7047
  ███████████░░░░░░░░░░░░░░  45%  Streaming frame 2601/7047
  ███████████░░░░░░░░░░░░░░  45%  Streaming frame 2602/7047
  ███████████░░░░░░░░░░░░░░  45%  Streaming frame 2603/7047
  ███████████░░░░░░░░░░░░░░  45%  Streaming frame 2604/7047
  ███████████░░░░░░░░░░░░░░  45%  Streaming frame 2605/7047
  ███████████░░░░░░░░░░░░░░  45%  Streaming frame 2606/7047
  ███████████░░░░░░░░░░░░░░  45%  Streaming frame 2607/7047
  ███████████░░░░░░░░░░░░░░  45%  Streaming frame 2608/7047
  ███████████░░░░░░░░░░░░░░  45%  Streaming frame 2609/7047
  ███████████░░░░░░░░░░░░░░  45%  Streaming frame 2610/7047
  ███████████░░░░░░░░░░░░░░  45%  Streaming frame 2611/7047
  ███████████░░░░░░░░░░░░░░  45%  Streaming frame 2612/7047
  ███████████░░░░░░░░░░░░░░  45%  Streaming frame 2613/7047
  ███████████░░░░░░░░░░░░░░  45%  Streaming frame 2614/7047
  ███████████░░░░░░░░░░░░░░  45%  Streaming frame 2615/7047
  ███████████░░░░░░░░░░░░░░  45%  Streaming frame 2616/7047
  ███████████░░░░░░░░░░░░░░  45%  Streaming frame 2617/7047
  ███████████░░░░░░░░░░░░░░  45%  Streaming frame 2618/7047
  ███████████░░░░░░░░░░░░░░  45%  Streaming frame 2619/7047
  ███████████░░░░░░░░░░░░░░  45%  Streaming frame 2620/7047
  ███████████░░░░░░░░░░░░░░  45%  Streaming frame 2621/7047
  ███████████░░░░░░░░░░░░░░  45%  Streaming frame 2622/7047
  ███████████░░░░░░░░░░░░░░  45%  Streaming frame 2623/7047
  ███████████░░░░░░░░░░░░░░  45%  Streaming frame 2624/7047
  ███████████░░░░░░░░░░░░░░  45%  Streaming frame 2625/7047
  ███████████░░░░░░░░░░░░░░  45%  Streaming frame 2626/7047
  ███████████░░░░░░░░░░░░░░  46%  Streaming frame 2627/7047
  ███████████░░░░░░░░░░░░░░  46%  Streaming frame 2628/7047
  ███████████░░░░░░░░░░░░░░  46%  Streaming frame 2629/7047
  ███████████░░░░░░░░░░░░░░  46%  Streaming frame 2630/7047
  ███████████░░░░░░░░░░░░░░  46%  Streaming frame 2631/7047
  ███████████░░░░░░░░░░░░░░  46%  Streaming frame 2632/7047
  ███████████░░░░░░░░░░░░░░  46%  Streaming frame 2633/7047
  ███████████░░░░░░░░░░░░░░  46%  Streaming frame 2634/7047
  ███████████░░░░░░░░░░░░░░  46%  Streaming frame 2635/7047
  ███████████░░░░░░░░░░░░░░  46%  Streaming frame 2636/7047
  ███████████░░░░░░░░░░░░░░  46%  Streaming frame 2637/7047
  ███████████░░░░░░░░░░░░░░  46%  Streaming frame 2638/7047
  ███████████░░░░░░░░░░░░░░  46%  Streaming frame 2639/7047
  ███████████░░░░░░░░░░░░░░  46%  Streaming frame 2640/7047
  ███████████░░░░░░░░░░░░░░  46%  Streaming frame 2641/7047
  ███████████░░░░░░░░░░░░░░  46%  Streaming frame 2642/7047
  ███████████░░░░░░░░░░░░░░  46%  Streaming frame 2643/7047
  ███████████░░░░░░░░░░░░░░  46%  Streaming frame 2644/7047
  ███████████░░░░░░░░░░░░░░  46%  Streaming frame 2645/7047
  ███████████░░░░░░░░░░░░░░  46%  Streaming frame 2646/7047
  ███████████░░░░░░░░░░░░░░  46%  Streaming frame 2647/7047
  ███████████░░░░░░░░░░░░░░  46%  Streaming frame 2648/7047
  ███████████░░░░░░░░░░░░░░  46%  Streaming frame 2649/7047
  ███████████░░░░░░░░░░░░░░  46%  Streaming frame 2650/7047
  ███████████░░░░░░░░░░░░░░  46%  Streaming frame 2651/7047
  ███████████░░░░░░░░░░░░░░  46%  Streaming frame 2652/7047
  ███████████░░░░░░░░░░░░░░  46%  Streaming frame 2653/7047
  ███████████░░░░░░░░░░░░░░  46%  Streaming frame 2654/7047
  ███████████░░░░░░░░░░░░░░  46%  Streaming frame 2655/7047
  ███████████░░░░░░░░░░░░░░  46%  Streaming frame 2656/7047
  ███████████░░░░░░░░░░░░░░  46%  Streaming frame 2657/7047
  ███████████░░░░░░░░░░░░░░  46%  Streaming frame 2658/7047
  ███████████░░░░░░░░░░░░░░  46%  Streaming frame 2659/7047
  ███████████░░░░░░░░░░░░░░  46%  Streaming frame 2660/7047
  ███████████░░░░░░░░░░░░░░  46%  Streaming frame 2661/7047
  ███████████░░░░░░░░░░░░░░  46%  Streaming frame 2662/7047
  ███████████░░░░░░░░░░░░░░  46%  Streaming frame 2663/7047
  ███████████░░░░░░░░░░░░░░  46%  Streaming frame 2664/7047
  ███████████░░░░░░░░░░░░░░  46%  Streaming frame 2665/7047
  ███████████░░░░░░░░░░░░░░  46%  Streaming frame 2666/7047
  ███████████░░░░░░░░░░░░░░  46%  Streaming frame 2667/7047
  ███████████░░░░░░░░░░░░░░  46%  Streaming frame 2668/7047
  ███████████░░░░░░░░░░░░░░  46%  Streaming frame 2669/7047
  ███████████░░░░░░░░░░░░░░  46%  Streaming frame 2670/7047
  ███████████░░░░░░░░░░░░░░  46%  Streaming frame 2671/7047
  ███████████░░░░░░░░░░░░░░  46%  Streaming frame 2672/7047
  ███████████░░░░░░░░░░░░░░  46%  Streaming frame 2673/7047
  ███████████░░░░░░░░░░░░░░  46%  Streaming frame 2674/7047
  ███████████░░░░░░░░░░░░░░  46%  Streaming frame 2675/7047
  ███████████░░░░░░░░░░░░░░  46%  Streaming frame 2676/7047
  ███████████░░░░░░░░░░░░░░  46%  Streaming frame 2677/7047
  ███████████░░░░░░░░░░░░░░  46%  Streaming frame 2678/7047
  ███████████░░░░░░░░░░░░░░  46%  Streaming frame 2679/7047
  ███████████░░░░░░░░░░░░░░  46%  Streaming frame 2680/7047
  ███████████░░░░░░░░░░░░░░  46%  Streaming frame 2681/7047
  ███████████░░░░░░░░░░░░░░  46%  Streaming frame 2682/7047
  ███████████░░░░░░░░░░░░░░  46%  Streaming frame 2683/7047
  ███████████░░░░░░░░░░░░░░  46%  Streaming frame 2684/7047
  ███████████░░░░░░░░░░░░░░  46%  Streaming frame 2685/7047
  ███████████░░░░░░░░░░░░░░  46%  Streaming frame 2686/7047
  ███████████░░░░░░░░░░░░░░  46%  Streaming frame 2687/7047
  ███████████░░░░░░░░░░░░░░  46%  Streaming frame 2688/7047
  ███████████░░░░░░░░░░░░░░  46%  Streaming frame 2689/7047
  ███████████░░░░░░░░░░░░░░  46%  Streaming frame 2690/7047
  ███████████░░░░░░░░░░░░░░  46%  Streaming frame 2691/7047
  ███████████░░░░░░░░░░░░░░  46%  Streaming frame 2692/7047
  ███████████░░░░░░░░░░░░░░  46%  Streaming frame 2693/7047
  ███████████░░░░░░░░░░░░░░  46%  Streaming frame 2694/7047
  ███████████░░░░░░░░░░░░░░  46%  Streaming frame 2695/7047
  ███████████░░░░░░░░░░░░░░  46%  Streaming frame 2696/7047
  ███████████░░░░░░░░░░░░░░  46%  Streaming frame 2697/7047
  ███████████░░░░░░░░░░░░░░  46%  Streaming frame 2698/7047
  ███████████░░░░░░░░░░░░░░  46%  Streaming frame 2699/7047
  ███████████░░░░░░░░░░░░░░  46%  Streaming frame 2700/7047
  ███████████░░░░░░░░░░░░░░  46%  Streaming frame 2701/7047
  ███████████░░░░░░░░░░░░░░  46%  Streaming frame 2702/7047
  ███████████░░░░░░░░░░░░░░  46%  Streaming frame 2703/7047
  ███████████░░░░░░░░░░░░░░  46%  Streaming frame 2704/7047
  ███████████░░░░░░░░░░░░░░  46%  Streaming frame 2705/7047
  ███████████░░░░░░░░░░░░░░  46%  Streaming frame 2706/7047
  ███████████░░░░░░░░░░░░░░  46%  Streaming frame 2707/7047
  ███████████░░░░░░░░░░░░░░  46%  Streaming frame 2708/7047
  ███████████░░░░░░░░░░░░░░  46%  Streaming frame 2709/7047
  ███████████░░░░░░░░░░░░░░  46%  Streaming frame 2710/7047
  ███████████░░░░░░░░░░░░░░  46%  Streaming frame 2711/7047
  ███████████░░░░░░░░░░░░░░  46%  Streaming frame 2712/7047
  ███████████░░░░░░░░░░░░░░  46%  Streaming frame 2713/7047
  ███████████░░░░░░░░░░░░░░  46%  Streaming frame 2714/7047
  ███████████░░░░░░░░░░░░░░  46%  Streaming frame 2715/7047
  ███████████░░░░░░░░░░░░░░  46%  Streaming frame 2716/7047
  ███████████░░░░░░░░░░░░░░  46%  Streaming frame 2717/7047
  ███████████░░░░░░░░░░░░░░  46%  Streaming frame 2718/7047
  ███████████░░░░░░░░░░░░░░  46%  Streaming frame 2719/7047
  ███████████░░░░░░░░░░░░░░  46%  Streaming frame 2720/7047
  ███████████░░░░░░░░░░░░░░  46%  Streaming frame 2721/7047
  ███████████░░░░░░░░░░░░░░  46%  Streaming frame 2722/7047
  ███████████░░░░░░░░░░░░░░  46%  Streaming frame 2723/7047
  ███████████░░░░░░░░░░░░░░  46%  Streaming frame 2724/7047
  ███████████░░░░░░░░░░░░░░  46%  Streaming frame 2725/7047
  ███████████░░░░░░░░░░░░░░  46%  Streaming frame 2726/7047
  ███████████░░░░░░░░░░░░░░  46%  Streaming frame 2727/7047
  ███████████░░░░░░░░░░░░░░  46%  Streaming frame 2728/7047
  ███████████░░░░░░░░░░░░░░  46%  Streaming frame 2729/7047
  ███████████░░░░░░░░░░░░░░  46%  Streaming frame 2730/7047
  ███████████░░░░░░░░░░░░░░  46%  Streaming frame 2731/7047
  ███████████░░░░░░░░░░░░░░  46%  Streaming frame 2732/7047
  ███████████░░░░░░░░░░░░░░  46%  Streaming frame 2733/7047
  ███████████░░░░░░░░░░░░░░  46%  Streaming frame 2734/7047
  ███████████░░░░░░░░░░░░░░  46%  Streaming frame 2735/7047
  ███████████░░░░░░░░░░░░░░  46%  Streaming frame 2736/7047
  ███████████░░░░░░░░░░░░░░  46%  Streaming frame 2737/7047
  ███████████░░░░░░░░░░░░░░  46%  Streaming frame 2738/7047
  ███████████░░░░░░░░░░░░░░  46%  Streaming frame 2739/7047
  ███████████░░░░░░░░░░░░░░  46%  Streaming frame 2740/7047
  ███████████░░░░░░░░░░░░░░  46%  Streaming frame 2741/7047
  ███████████░░░░░░░░░░░░░░  46%  Streaming frame 2742/7047
  ███████████░░░░░░░░░░░░░░  46%  Streaming frame 2743/7047
  ███████████░░░░░░░░░░░░░░  46%  Streaming frame 2744/7047
  ███████████░░░░░░░░░░░░░░  46%  Streaming frame 2745/7047
  ███████████░░░░░░░░░░░░░░  46%  Streaming frame 2746/7047
  ███████████░░░░░░░░░░░░░░  46%  Streaming frame 2747/7047
  ███████████░░░░░░░░░░░░░░  46%  Streaming frame 2748/7047
  ███████████░░░░░░░░░░░░░░  46%  Streaming frame 2749/7047
  ███████████░░░░░░░░░░░░░░  46%  Streaming frame 2750/7047
  ███████████░░░░░░░░░░░░░░  46%  Streaming frame 2751/7047
  ███████████░░░░░░░░░░░░░░  46%  Streaming frame 2752/7047
  ███████████░░░░░░░░░░░░░░  46%  Streaming frame 2753/7047
  ███████████░░░░░░░░░░░░░░  46%  Streaming frame 2754/7047
  ███████████░░░░░░░░░░░░░░  47%  Streaming frame 2755/7047
  ███████████░░░░░░░░░░░░░░  47%  Streaming frame 2756/7047
  ███████████░░░░░░░░░░░░░░  47%  Streaming frame 2757/7047
  ███████████░░░░░░░░░░░░░░  47%  Streaming frame 2758/7047
  ███████████░░░░░░░░░░░░░░  47%  Streaming frame 2759/7047
  ███████████░░░░░░░░░░░░░░  47%  Streaming frame 2760/7047
  ███████████░░░░░░░░░░░░░░  47%  Streaming frame 2761/7047
  ███████████░░░░░░░░░░░░░░  47%  Streaming frame 2762/7047
  ███████████░░░░░░░░░░░░░░  47%  Streaming frame 2763/7047
  ███████████░░░░░░░░░░░░░░  47%  Streaming frame 2764/7047
  ███████████░░░░░░░░░░░░░░  47%  Streaming frame 2765/7047
  ███████████░░░░░░░░░░░░░░  47%  Streaming frame 2766/7047
  ███████████░░░░░░░░░░░░░░  47%  Streaming frame 2767/7047
  ███████████░░░░░░░░░░░░░░  47%  Streaming frame 2768/7047
  ███████████░░░░░░░░░░░░░░  47%  Streaming frame 2769/7047
  ███████████░░░░░░░░░░░░░░  47%  Streaming frame 2770/7047
  ███████████░░░░░░░░░░░░░░  47%  Streaming frame 2771/7047
  ███████████░░░░░░░░░░░░░░  47%  Streaming frame 2772/7047
  ███████████░░░░░░░░░░░░░░  47%  Streaming frame 2773/7047
  ███████████░░░░░░░░░░░░░░  47%  Streaming frame 2774/7047
  ███████████░░░░░░░░░░░░░░  47%  Streaming frame 2775/7047
  ███████████░░░░░░░░░░░░░░  47%  Streaming frame 2776/7047
  ███████████░░░░░░░░░░░░░░  47%  Streaming frame 2777/7047
  ███████████░░░░░░░░░░░░░░  47%  Streaming frame 2778/7047
  ███████████░░░░░░░░░░░░░░  47%  Streaming frame 2779/7047
  ███████████░░░░░░░░░░░░░░  47%  Streaming frame 2780/7047
  ███████████░░░░░░░░░░░░░░  47%  Streaming frame 2781/7047
  ███████████░░░░░░░░░░░░░░  47%  Streaming frame 2782/7047
  ███████████░░░░░░░░░░░░░░  47%  Streaming frame 2783/7047
  ███████████░░░░░░░░░░░░░░  47%  Streaming frame 2784/7047
  ███████████░░░░░░░░░░░░░░  47%  Streaming frame 2785/7047
  ███████████░░░░░░░░░░░░░░  47%  Streaming frame 2786/7047
  ███████████░░░░░░░░░░░░░░  47%  Streaming frame 2787/7047
  ███████████░░░░░░░░░░░░░░  47%  Streaming frame 2788/7047
  ███████████░░░░░░░░░░░░░░  47%  Streaming frame 2789/7047
  ███████████░░░░░░░░░░░░░░  47%  Streaming frame 2790/7047
  ███████████░░░░░░░░░░░░░░  47%  Streaming frame 2791/7047
  ███████████░░░░░░░░░░░░░░  47%  Streaming frame 2792/7047
  ███████████░░░░░░░░░░░░░░  47%  Streaming frame 2793/7047
  ███████████░░░░░░░░░░░░░░  47%  Streaming frame 2794/7047
  ███████████░░░░░░░░░░░░░░  47%  Streaming frame 2795/7047
  ███████████░░░░░░░░░░░░░░  47%  Streaming frame 2796/7047
  ███████████░░░░░░░░░░░░░░  47%  Streaming frame 2797/7047
  ███████████░░░░░░░░░░░░░░  47%  Streaming frame 2798/7047
  ███████████░░░░░░░░░░░░░░  47%  Streaming frame 2799/7047
  ███████████░░░░░░░░░░░░░░  47%  Streaming frame 2800/7047
  ███████████░░░░░░░░░░░░░░  47%  Streaming frame 2801/7047
  ███████████░░░░░░░░░░░░░░  47%  Streaming frame 2802/7047
  ███████████░░░░░░░░░░░░░░  47%  Streaming frame 2803/7047
  ███████████░░░░░░░░░░░░░░  47%  Streaming frame 2804/7047
  ███████████░░░░░░░░░░░░░░  47%  Streaming frame 2805/7047
  ███████████░░░░░░░░░░░░░░  47%  Streaming frame 2806/7047
  ███████████░░░░░░░░░░░░░░  47%  Streaming frame 2807/7047
  ███████████░░░░░░░░░░░░░░  47%  Streaming frame 2808/7047
  ███████████░░░░░░░░░░░░░░  47%  Streaming frame 2809/7047
  ███████████░░░░░░░░░░░░░░  47%  Streaming frame 2810/7047
  ███████████░░░░░░░░░░░░░░  47%  Streaming frame 2811/7047
  ███████████░░░░░░░░░░░░░░  47%  Streaming frame 2812/7047
  ███████████░░░░░░░░░░░░░░  47%  Streaming frame 2813/7047
  ███████████░░░░░░░░░░░░░░  47%  Streaming frame 2814/7047
  ███████████░░░░░░░░░░░░░░  47%  Streaming frame 2815/7047
  ███████████░░░░░░░░░░░░░░  47%  Streaming frame 2816/7047
  ███████████░░░░░░░░░░░░░░  47%  Streaming frame 2817/7047
  ███████████░░░░░░░░░░░░░░  47%  Streaming frame 2818/7047
  ███████████░░░░░░░░░░░░░░  47%  Streaming frame 2819/7047
  ███████████░░░░░░░░░░░░░░  47%  Streaming frame 2820/7047
  ███████████░░░░░░░░░░░░░░  47%  Streaming frame 2821/7047
  ███████████░░░░░░░░░░░░░░  47%  Streaming frame 2822/7047
  ███████████░░░░░░░░░░░░░░  47%  Streaming frame 2823/7047
  ███████████░░░░░░░░░░░░░░  47%  Streaming frame 2824/7047
  ███████████░░░░░░░░░░░░░░  47%  Streaming frame 2825/7047
  ███████████░░░░░░░░░░░░░░  47%  Streaming frame 2826/7047
  ███████████░░░░░░░░░░░░░░  47%  Streaming frame 2827/7047
  ███████████░░░░░░░░░░░░░░  47%  Streaming frame 2828/7047
  ███████████░░░░░░░░░░░░░░  47%  Streaming frame 2829/7047
  ███████████░░░░░░░░░░░░░░  47%  Streaming frame 2830/7047
  ███████████░░░░░░░░░░░░░░  47%  Streaming frame 2831/7047
  ███████████░░░░░░░░░░░░░░  47%  Streaming frame 2832/7047
  ███████████░░░░░░░░░░░░░░  47%  Streaming frame 2833/7047
  ███████████░░░░░░░░░░░░░░  47%  Streaming frame 2834/7047
  ███████████░░░░░░░░░░░░░░  47%  Streaming frame 2835/7047
  ███████████░░░░░░░░░░░░░░  47%  Streaming frame 2836/7047
  ███████████░░░░░░░░░░░░░░  47%  Streaming frame 2837/7047
  ███████████░░░░░░░░░░░░░░  47%  Streaming frame 2838/7047
  ███████████░░░░░░░░░░░░░░  47%  Streaming frame 2839/7047
  ███████████░░░░░░░░░░░░░░  47%  Streaming frame 2840/7047
  ███████████░░░░░░░░░░░░░░  47%  Streaming frame 2841/7047
  ███████████░░░░░░░░░░░░░░  47%  Streaming frame 2842/7047
  ███████████░░░░░░░░░░░░░░  47%  Streaming frame 2843/7047
  ███████████░░░░░░░░░░░░░░  47%  Streaming frame 2844/7047
  ███████████░░░░░░░░░░░░░░  47%  Streaming frame 2845/7047
  ███████████░░░░░░░░░░░░░░  47%  Streaming frame 2846/7047
  ███████████░░░░░░░░░░░░░░  47%  Streaming frame 2847/7047
  ███████████░░░░░░░░░░░░░░  47%  Streaming frame 2848/7047
  ███████████░░░░░░░░░░░░░░  47%  Streaming frame 2849/7047
  ███████████░░░░░░░░░░░░░░  47%  Streaming frame 2850/7047
  ███████████░░░░░░░░░░░░░░  47%  Streaming frame 2851/7047
  ███████████░░░░░░░░░░░░░░  47%  Streaming frame 2852/7047
  ███████████░░░░░░░░░░░░░░  47%  Streaming frame 2853/7047
  ███████████░░░░░░░░░░░░░░  47%  Streaming frame 2854/7047
  ███████████░░░░░░░░░░░░░░  47%  Streaming frame 2855/7047
  ███████████░░░░░░░░░░░░░░  47%  Streaming frame 2856/7047
  ███████████░░░░░░░░░░░░░░  47%  Streaming frame 2857/7047
  ███████████░░░░░░░░░░░░░░  47%  Streaming frame 2858/7047
  ███████████░░░░░░░░░░░░░░  47%  Streaming frame 2859/7047
  ███████████░░░░░░░░░░░░░░  47%  Streaming frame 2860/7047
  ███████████░░░░░░░░░░░░░░  47%  Streaming frame 2861/7047
  ███████████░░░░░░░░░░░░░░  47%  Streaming frame 2862/7047
  ███████████░░░░░░░░░░░░░░  47%  Streaming frame 2863/7047
  ███████████░░░░░░░░░░░░░░  47%  Streaming frame 2864/7047
  ███████████░░░░░░░░░░░░░░  47%  Streaming frame 2865/7047
  ███████████░░░░░░░░░░░░░░  47%  Streaming frame 2866/7047
  ███████████░░░░░░░░░░░░░░  47%  Streaming frame 2867/7047
  ███████████░░░░░░░░░░░░░░  47%  Streaming frame 2868/7047
  ███████████░░░░░░░░░░░░░░  47%  Streaming frame 2869/7047
  ███████████░░░░░░░░░░░░░░  47%  Streaming frame 2870/7047
  ███████████░░░░░░░░░░░░░░  47%  Streaming frame 2871/7047
  ███████████░░░░░░░░░░░░░░  47%  Streaming frame 2872/7047
  ███████████░░░░░░░░░░░░░░  47%  Streaming frame 2873/7047
  ███████████░░░░░░░░░░░░░░  47%  Streaming frame 2874/7047
  ███████████░░░░░░░░░░░░░░  47%  Streaming frame 2875/7047
  ███████████░░░░░░░░░░░░░░  47%  Streaming frame 2876/7047
  ███████████░░░░░░░░░░░░░░  47%  Streaming frame 2877/7047
  ███████████░░░░░░░░░░░░░░  47%  Streaming frame 2878/7047
  ███████████░░░░░░░░░░░░░░  47%  Streaming frame 2879/7047
  ███████████░░░░░░░░░░░░░░  47%  Streaming frame 2880/7047
  ███████████░░░░░░░░░░░░░░  47%  Streaming frame 2881/7047
  ███████████░░░░░░░░░░░░░░  47%  Streaming frame 2882/7047
  ████████████░░░░░░░░░░░░░  48%  Streaming frame 2883/7047
  ████████████░░░░░░░░░░░░░  48%  Streaming frame 2884/7047
  ████████████░░░░░░░░░░░░░  48%  Streaming frame 2885/7047
  ████████████░░░░░░░░░░░░░  48%  Streaming frame 2886/7047
  ████████████░░░░░░░░░░░░░  48%  Streaming frame 2887/7047
  ████████████░░░░░░░░░░░░░  48%  Streaming frame 2888/7047
  ████████████░░░░░░░░░░░░░  48%  Streaming frame 2889/7047
  ████████████░░░░░░░░░░░░░  48%  Streaming frame 2890/7047
  ████████████░░░░░░░░░░░░░  48%  Streaming frame 2891/7047
  ████████████░░░░░░░░░░░░░  48%  Streaming frame 2892/7047
  ████████████░░░░░░░░░░░░░  48%  Streaming frame 2893/7047
  ████████████░░░░░░░░░░░░░  48%  Streaming frame 2894/7047
  ████████████░░░░░░░░░░░░░  48%  Streaming frame 2895/7047
  ████████████░░░░░░░░░░░░░  48%  Streaming frame 2896/7047
  ████████████░░░░░░░░░░░░░  48%  Streaming frame 2897/7047
  ████████████░░░░░░░░░░░░░  48%  Streaming frame 2898/7047
  ████████████░░░░░░░░░░░░░  48%  Streaming frame 2899/7047
  ████████████░░░░░░░░░░░░░  48%  Streaming frame 2900/7047
  ████████████░░░░░░░░░░░░░  48%  Streaming frame 2901/7047
  ████████████░░░░░░░░░░░░░  48%  Streaming frame 2902/7047
  ████████████░░░░░░░░░░░░░  48%  Streaming frame 2903/7047
  ████████████░░░░░░░░░░░░░  48%  Streaming frame 2904/7047
  ████████████░░░░░░░░░░░░░  48%  Streaming frame 2905/7047
  ████████████░░░░░░░░░░░░░  48%  Streaming frame 2906/7047
  ████████████░░░░░░░░░░░░░  48%  Streaming frame 2907/7047
  ████████████░░░░░░░░░░░░░  48%  Streaming frame 2908/7047
  ████████████░░░░░░░░░░░░░  48%  Streaming frame 2909/7047
  ████████████░░░░░░░░░░░░░  48%  Streaming frame 2910/7047
  ████████████░░░░░░░░░░░░░  48%  Streaming frame 2911/7047
  ████████████░░░░░░░░░░░░░  48%  Streaming frame 2912/7047
  ████████████░░░░░░░░░░░░░  48%  Streaming frame 2913/7047
  ████████████░░░░░░░░░░░░░  48%  Streaming frame 2914/7047
  ████████████░░░░░░░░░░░░░  48%  Streaming frame 2915/7047
  ████████████░░░░░░░░░░░░░  48%  Streaming frame 2916/7047
  ████████████░░░░░░░░░░░░░  48%  Streaming frame 2917/7047
  ████████████░░░░░░░░░░░░░  48%  Streaming frame 2918/7047
  ████████████░░░░░░░░░░░░░  48%  Streaming frame 2919/7047
  ████████████░░░░░░░░░░░░░  48%  Streaming frame 2920/7047
  ████████████░░░░░░░░░░░░░  48%  Streaming frame 2921/7047
  ████████████░░░░░░░░░░░░░  48%  Streaming frame 2922/7047
  ████████████░░░░░░░░░░░░░  48%  Streaming frame 2923/7047
  ████████████░░░░░░░░░░░░░  48%  Streaming frame 2924/7047
  ████████████░░░░░░░░░░░░░  48%  Streaming frame 2925/7047
  ████████████░░░░░░░░░░░░░  48%  Streaming frame 2926/7047
  ████████████░░░░░░░░░░░░░  48%  Streaming frame 2927/7047
  ████████████░░░░░░░░░░░░░  48%  Streaming frame 2928/7047
  ████████████░░░░░░░░░░░░░  48%  Streaming frame 2929/7047
  ████████████░░░░░░░░░░░░░  48%  Streaming frame 2930/7047
  ████████████░░░░░░░░░░░░░  48%  Streaming frame 2931/7047
  ████████████░░░░░░░░░░░░░  48%  Streaming frame 2932/7047
  ████████████░░░░░░░░░░░░░  48%  Streaming frame 2933/7047
  ████████████░░░░░░░░░░░░░  48%  Streaming frame 2934/7047
  ████████████░░░░░░░░░░░░░  48%  Streaming frame 2935/7047
  ████████████░░░░░░░░░░░░░  48%  Streaming frame 2936/7047
  ████████████░░░░░░░░░░░░░  48%  Streaming frame 2937/7047
  ████████████░░░░░░░░░░░░░  48%  Streaming frame 2938/7047
  ████████████░░░░░░░░░░░░░  48%  Streaming frame 2939/7047
  ████████████░░░░░░░░░░░░░  48%  Streaming frame 2940/7047
  ████████████░░░░░░░░░░░░░  48%  Streaming frame 2941/7047
  ████████████░░░░░░░░░░░░░  48%  Streaming frame 2942/7047
  ████████████░░░░░░░░░░░░░  48%  Streaming frame 2943/7047
  ████████████░░░░░░░░░░░░░  48%  Streaming frame 2944/7047
  ████████████░░░░░░░░░░░░░  48%  Streaming frame 2945/7047
  ████████████░░░░░░░░░░░░░  48%  Streaming frame 2946/7047
  ████████████░░░░░░░░░░░░░  48%  Streaming frame 2947/7047
  ████████████░░░░░░░░░░░░░  48%  Streaming frame 2948/7047
  ████████████░░░░░░░░░░░░░  48%  Streaming frame 2949/7047
  ████████████░░░░░░░░░░░░░  48%  Streaming frame 2950/7047
  ████████████░░░░░░░░░░░░░  48%  Streaming frame 2951/7047
  ████████████░░░░░░░░░░░░░  48%  Streaming frame 2952/7047
  ████████████░░░░░░░░░░░░░  48%  Streaming frame 2953/7047
  ████████████░░░░░░░░░░░░░  48%  Streaming frame 2954/7047
  ████████████░░░░░░░░░░░░░  48%  Streaming frame 2955/7047
  ████████████░░░░░░░░░░░░░  48%  Streaming frame 2956/7047
  ████████████░░░░░░░░░░░░░  48%  Streaming frame 2957/7047
  ████████████░░░░░░░░░░░░░  48%  Streaming frame 2958/7047
  ████████████░░░░░░░░░░░░░  48%  Streaming frame 2959/7047
  ████████████░░░░░░░░░░░░░  48%  Streaming frame 2960/7047
  ████████████░░░░░░░░░░░░░  48%  Streaming frame 2961/7047
  ████████████░░░░░░░░░░░░░  48%  Streaming frame 2962/7047
  ████████████░░░░░░░░░░░░░  48%  Streaming frame 2963/7047
  ████████████░░░░░░░░░░░░░  48%  Streaming frame 2964/7047
  ████████████░░░░░░░░░░░░░  48%  Streaming frame 2965/7047
  ████████████░░░░░░░░░░░░░  48%  Streaming frame 2966/7047
  ████████████░░░░░░░░░░░░░  48%  Streaming frame 2967/7047
  ████████████░░░░░░░░░░░░░  48%  Streaming frame 2968/7047
  ████████████░░░░░░░░░░░░░  48%  Streaming frame 2969/7047
  ████████████░░░░░░░░░░░░░  48%  Streaming frame 2970/7047
  ████████████░░░░░░░░░░░░░  48%  Streaming frame 2971/7047
  ████████████░░░░░░░░░░░░░  48%  Streaming frame 2972/7047
  ████████████░░░░░░░░░░░░░  48%  Streaming frame 2973/7047
  ████████████░░░░░░░░░░░░░  48%  Streaming frame 2974/7047
  ████████████░░░░░░░░░░░░░  48%  Streaming frame 2975/7047
  ████████████░░░░░░░░░░░░░  48%  Streaming frame 2976/7047
  ████████████░░░░░░░░░░░░░  48%  Streaming frame 2977/7047
  ████████████░░░░░░░░░░░░░  48%  Streaming frame 2978/7047
  ████████████░░░░░░░░░░░░░  48%  Streaming frame 2979/7047
  ████████████░░░░░░░░░░░░░  48%  Streaming frame 2980/7047
  ████████████░░░░░░░░░░░░░  48%  Streaming frame 2981/7047
  ████████████░░░░░░░░░░░░░  48%  Streaming frame 2982/7047
  ████████████░░░░░░░░░░░░░  48%  Streaming frame 2983/7047
  ████████████░░░░░░░░░░░░░  48%  Streaming frame 2984/7047
  ████████████░░░░░░░░░░░░░  48%  Streaming frame 2985/7047
  ████████████░░░░░░░░░░░░░  48%  Streaming frame 2986/7047
  ████████████░░░░░░░░░░░░░  48%  Streaming frame 2987/7047
  ████████████░░░░░░░░░░░░░  48%  Streaming frame 2988/7047
  ████████████░░░░░░░░░░░░░  48%  Streaming frame 2989/7047
  ████████████░░░░░░░░░░░░░  48%  Streaming frame 2990/7047
  ████████████░░░░░░░░░░░░░  48%  Streaming frame 2991/7047
  ████████████░░░░░░░░░░░░░  48%  Streaming frame 2992/7047
  ████████████░░░░░░░░░░░░░  48%  Streaming frame 2993/7047
  ████████████░░░░░░░░░░░░░  48%  Streaming frame 2994/7047
  ████████████░░░░░░░░░░░░░  48%  Streaming frame 2995/7047
  ████████████░░░░░░░░░░░░░  48%  Streaming frame 2996/7047
  ████████████░░░░░░░░░░░░░  48%  Streaming frame 2997/7047
  ████████████░░░░░░░░░░░░░  48%  Streaming frame 2998/7047
  ████████████░░░░░░░░░░░░░  48%  Streaming frame 2999/7047
  ████████████░░░░░░░░░░░░░  48%  Streaming frame 3000/7047
  ████████████░░░░░░░░░░░░░  48%  Streaming frame 3001/7047
  ████████████░░░░░░░░░░░░░  48%  Streaming frame 3002/7047
  ████████████░░░░░░░░░░░░░  48%  Streaming frame 3003/7047
  ████████████░░░░░░░░░░░░░  48%  Streaming frame 3004/7047
  ████████████░░░░░░░░░░░░░  48%  Streaming frame 3005/7047
  ████████████░░░░░░░░░░░░░  48%  Streaming frame 3006/7047
  ████████████░░░░░░░░░░░░░  48%  Streaming frame 3007/7047
  ████████████░░░░░░░░░░░░░  48%  Streaming frame 3008/7047
  ████████████░░░░░░░░░░░░░  48%  Streaming frame 3009/7047
  ████████████░░░░░░░░░░░░░  48%  Streaming frame 3010/7047
  ████████████░░░░░░░░░░░░░  49%  Streaming frame 3011/7047
  ████████████░░░░░░░░░░░░░  49%  Streaming frame 3012/7047
  ████████████░░░░░░░░░░░░░  49%  Streaming frame 3013/7047
  ████████████░░░░░░░░░░░░░  49%  Streaming frame 3014/7047
  ████████████░░░░░░░░░░░░░  49%  Streaming frame 3015/7047
  ████████████░░░░░░░░░░░░░  49%  Streaming frame 3016/7047
  ████████████░░░░░░░░░░░░░  49%  Streaming frame 3017/7047
  ████████████░░░░░░░░░░░░░  49%  Streaming frame 3018/7047
  ████████████░░░░░░░░░░░░░  49%  Streaming frame 3019/7047
  ████████████░░░░░░░░░░░░░  49%  Streaming frame 3020/7047
  ████████████░░░░░░░░░░░░░  49%  Streaming frame 3021/7047
  ████████████░░░░░░░░░░░░░  49%  Streaming frame 3022/7047
  ████████████░░░░░░░░░░░░░  49%  Streaming frame 3023/7047
  ████████████░░░░░░░░░░░░░  49%  Streaming frame 3024/7047
  ████████████░░░░░░░░░░░░░  49%  Streaming frame 3025/7047
  ████████████░░░░░░░░░░░░░  49%  Streaming frame 3026/7047
  ████████████░░░░░░░░░░░░░  49%  Streaming frame 3027/7047
  ████████████░░░░░░░░░░░░░  49%  Streaming frame 3028/7047
  ████████████░░░░░░░░░░░░░  49%  Streaming frame 3029/7047
  ████████████░░░░░░░░░░░░░  49%  Streaming frame 3030/7047
  ████████████░░░░░░░░░░░░░  49%  Streaming frame 3031/7047
  ████████████░░░░░░░░░░░░░  49%  Streaming frame 3032/7047
  ████████████░░░░░░░░░░░░░  49%  Streaming frame 3033/7047
  ████████████░░░░░░░░░░░░░  49%  Streaming frame 3034/7047
  ████████████░░░░░░░░░░░░░  49%  Streaming frame 3035/7047
  ████████████░░░░░░░░░░░░░  49%  Streaming frame 3036/7047
  ████████████░░░░░░░░░░░░░  49%  Streaming frame 3037/7047
  ████████████░░░░░░░░░░░░░  49%  Streaming frame 3038/7047
  ████████████░░░░░░░░░░░░░  49%  Streaming frame 3039/7047
  ████████████░░░░░░░░░░░░░  49%  Streaming frame 3040/7047
  ████████████░░░░░░░░░░░░░  49%  Streaming frame 3041/7047
  ████████████░░░░░░░░░░░░░  49%  Streaming frame 3042/7047
  ████████████░░░░░░░░░░░░░  49%  Streaming frame 3043/7047
  ████████████░░░░░░░░░░░░░  49%  Streaming frame 3044/7047
  ████████████░░░░░░░░░░░░░  49%  Streaming frame 3045/7047
  ████████████░░░░░░░░░░░░░  49%  Streaming frame 3046/7047
  ████████████░░░░░░░░░░░░░  49%  Streaming frame 3047/7047
  ████████████░░░░░░░░░░░░░  49%  Streaming frame 3048/7047
  ████████████░░░░░░░░░░░░░  49%  Streaming frame 3049/7047
  ████████████░░░░░░░░░░░░░  49%  Streaming frame 3050/7047
  ████████████░░░░░░░░░░░░░  49%  Streaming frame 3051/7047
  ████████████░░░░░░░░░░░░░  49%  Streaming frame 3052/7047
  ████████████░░░░░░░░░░░░░  49%  Streaming frame 3053/7047
  ████████████░░░░░░░░░░░░░  49%  Streaming frame 3054/7047
  ████████████░░░░░░░░░░░░░  49%  Streaming frame 3055/7047
  ████████████░░░░░░░░░░░░░  49%  Streaming frame 3056/7047
  ████████████░░░░░░░░░░░░░  49%  Streaming frame 3057/7047
  ████████████░░░░░░░░░░░░░  49%  Streaming frame 3058/7047
  ████████████░░░░░░░░░░░░░  49%  Streaming frame 3059/7047
  ████████████░░░░░░░░░░░░░  49%  Streaming frame 3060/7047
  ████████████░░░░░░░░░░░░░  49%  Streaming frame 3061/7047
  ████████████░░░░░░░░░░░░░  49%  Streaming frame 3062/7047
  ████████████░░░░░░░░░░░░░  49%  Streaming frame 3063/7047
  ████████████░░░░░░░░░░░░░  49%  Streaming frame 3064/7047
  ████████████░░░░░░░░░░░░░  49%  Streaming frame 3065/7047
  ████████████░░░░░░░░░░░░░  49%  Streaming frame 3066/7047
  ████████████░░░░░░░░░░░░░  49%  Streaming frame 3067/7047
  ████████████░░░░░░░░░░░░░  49%  Streaming frame 3068/7047
  ████████████░░░░░░░░░░░░░  49%  Streaming frame 3069/7047
  ████████████░░░░░░░░░░░░░  49%  Streaming frame 3070/7047
  ████████████░░░░░░░░░░░░░  49%  Streaming frame 3071/7047
  ████████████░░░░░░░░░░░░░  49%  Streaming frame 3072/7047
  ████████████░░░░░░░░░░░░░  49%  Streaming frame 3073/7047
  ████████████░░░░░░░░░░░░░  49%  Streaming frame 3074/7047
  ████████████░░░░░░░░░░░░░  49%  Streaming frame 3075/7047
  ████████████░░░░░░░░░░░░░  49%  Streaming frame 3076/7047
  ████████████░░░░░░░░░░░░░  49%  Streaming frame 3077/7047
  ████████████░░░░░░░░░░░░░  49%  Streaming frame 3078/7047
  ████████████░░░░░░░░░░░░░  49%  Streaming frame 3079/7047
  ████████████░░░░░░░░░░░░░  49%  Streaming frame 3080/7047
  ████████████░░░░░░░░░░░░░  49%  Streaming frame 3081/7047
  ████████████░░░░░░░░░░░░░  49%  Streaming frame 3082/7047
  ████████████░░░░░░░░░░░░░  49%  Streaming frame 3083/7047
  ████████████░░░░░░░░░░░░░  49%  Streaming frame 3084/7047
  ████████████░░░░░░░░░░░░░  49%  Streaming frame 3085/7047
  ████████████░░░░░░░░░░░░░  49%  Streaming frame 3086/7047
  ████████████░░░░░░░░░░░░░  49%  Streaming frame 3087/7047
  ████████████░░░░░░░░░░░░░  49%  Streaming frame 3088/7047
  ████████████░░░░░░░░░░░░░  49%  Streaming frame 3089/7047
  ████████████░░░░░░░░░░░░░  49%  Streaming frame 3090/7047
  ████████████░░░░░░░░░░░░░  49%  Streaming frame 3091/7047
  ████████████░░░░░░░░░░░░░  49%  Streaming frame 3092/7047
  ████████████░░░░░░░░░░░░░  49%  Streaming frame 3093/7047
  ████████████░░░░░░░░░░░░░  49%  Streaming frame 3094/7047
  ████████████░░░░░░░░░░░░░  49%  Streaming frame 3095/7047
  ████████████░░░░░░░░░░░░░  49%  Streaming frame 3096/7047
  ████████████░░░░░░░░░░░░░  49%  Streaming frame 3097/7047
  ████████████░░░░░░░░░░░░░  49%  Streaming frame 3098/7047
  ████████████░░░░░░░░░░░░░  49%  Streaming frame 3099/7047
  ████████████░░░░░░░░░░░░░  49%  Streaming frame 3100/7047
  ████████████░░░░░░░░░░░░░  49%  Streaming frame 3101/7047
  ████████████░░░░░░░░░░░░░  49%  Streaming frame 3102/7047
  ████████████░░░░░░░░░░░░░  49%  Streaming frame 3103/7047
  ████████████░░░░░░░░░░░░░  49%  Streaming frame 3104/7047
  ████████████░░░░░░░░░░░░░  49%  Streaming frame 3105/7047
  ████████████░░░░░░░░░░░░░  49%  Streaming frame 3106/7047
  ████████████░░░░░░░░░░░░░  49%  Streaming frame 3107/7047
  ████████████░░░░░░░░░░░░░  49%  Streaming frame 3108/7047
  ████████████░░░░░░░░░░░░░  49%  Streaming frame 3109/7047
  ████████████░░░░░░░░░░░░░  49%  Streaming frame 3110/7047
  ████████████░░░░░░░░░░░░░  49%  Streaming frame 3111/7047
  ████████████░░░░░░░░░░░░░  49%  Streaming frame 3112/7047
  ████████████░░░░░░░░░░░░░  49%  Streaming frame 3113/7047
  ████████████░░░░░░░░░░░░░  49%  Streaming frame 3114/7047
  ████████████░░░░░░░░░░░░░  49%  Streaming frame 3115/7047
  ████████████░░░░░░░░░░░░░  49%  Streaming frame 3116/7047
  ████████████░░░░░░░░░░░░░  49%  Streaming frame 3117/7047
  ████████████░░░░░░░░░░░░░  49%  Streaming frame 3118/7047
  ████████████░░░░░░░░░░░░░  49%  Streaming frame 3119/7047
  ████████████░░░░░░░░░░░░░  49%  Streaming frame 3120/7047
  ████████████░░░░░░░░░░░░░  49%  Streaming frame 3121/7047
  ████████████░░░░░░░░░░░░░  49%  Streaming frame 3122/7047
  ████████████░░░░░░░░░░░░░  49%  Streaming frame 3123/7047
  ████████████░░░░░░░░░░░░░  49%  Streaming frame 3124/7047
  ████████████░░░░░░░░░░░░░  49%  Streaming frame 3125/7047
  ████████████░░░░░░░░░░░░░  49%  Streaming frame 3126/7047
  ████████████░░░░░░░░░░░░░  49%  Streaming frame 3127/7047
  ████████████░░░░░░░░░░░░░  49%  Streaming frame 3128/7047
  ████████████░░░░░░░░░░░░░  49%  Streaming frame 3129/7047
  ████████████░░░░░░░░░░░░░  49%  Streaming frame 3130/7047
  ████████████░░░░░░░░░░░░░  49%  Streaming frame 3131/7047
  ████████████░░░░░░░░░░░░░  49%  Streaming frame 3132/7047
  ████████████░░░░░░░░░░░░░  49%  Streaming frame 3133/7047
  ████████████░░░░░░░░░░░░░  49%  Streaming frame 3134/7047
  ████████████░░░░░░░░░░░░░  49%  Streaming frame 3135/7047
  ████████████░░░░░░░░░░░░░  49%  Streaming frame 3136/7047
  ████████████░░░░░░░░░░░░░  49%  Streaming frame 3137/7047
  ████████████░░░░░░░░░░░░░  49%  Streaming frame 3138/7047
  ████████████░░░░░░░░░░░░░  49%  Streaming frame 3139/7047
  ████████████░░░░░░░░░░░░░  50%  Streaming frame 3140/7047
  ████████████░░░░░░░░░░░░░  50%  Streaming frame 3141/7047
  ████████████░░░░░░░░░░░░░  50%  Streaming frame 3142/7047
  ████████████░░░░░░░░░░░░░  50%  Streaming frame 3143/7047
  ████████████░░░░░░░░░░░░░  50%  Streaming frame 3144/7047
  ████████████░░░░░░░░░░░░░  50%  Streaming frame 3145/7047
  ████████████░░░░░░░░░░░░░  50%  Streaming frame 3146/7047
  ████████████░░░░░░░░░░░░░  50%  Streaming frame 3147/7047
  ████████████░░░░░░░░░░░░░  50%  Streaming frame 3148/7047
  ████████████░░░░░░░░░░░░░  50%  Streaming frame 3149/7047
  ████████████░░░░░░░░░░░░░  50%  Streaming frame 3150/7047
  ████████████░░░░░░░░░░░░░  50%  Streaming frame 3151/7047
  ████████████░░░░░░░░░░░░░  50%  Streaming frame 3152/7047
  ████████████░░░░░░░░░░░░░  50%  Streaming frame 3153/7047
  ████████████░░░░░░░░░░░░░  50%  Streaming frame 3154/7047
  ████████████░░░░░░░░░░░░░  50%  Streaming frame 3155/7047
  ████████████░░░░░░░░░░░░░  50%  Streaming frame 3156/7047
  ████████████░░░░░░░░░░░░░  50%  Streaming frame 3157/7047
  ████████████░░░░░░░░░░░░░  50%  Streaming frame 3158/7047
  ████████████░░░░░░░░░░░░░  50%  Streaming frame 3159/7047
  ████████████░░░░░░░░░░░░░  50%  Streaming frame 3160/7047
  ████████████░░░░░░░░░░░░░  50%  Streaming frame 3161/7047
  ████████████░░░░░░░░░░░░░  50%  Streaming frame 3162/7047
  ████████████░░░░░░░░░░░░░  50%  Streaming frame 3163/7047
  ████████████░░░░░░░░░░░░░  50%  Streaming frame 3164/7047
  ████████████░░░░░░░░░░░░░  50%  Streaming frame 3165/7047
  ████████████░░░░░░░░░░░░░  50%  Streaming frame 3166/7047
  ████████████░░░░░░░░░░░░░  50%  Streaming frame 3167/7047
  ████████████░░░░░░░░░░░░░  50%  Streaming frame 3168/7047
  ████████████░░░░░░░░░░░░░  50%  Streaming frame 3169/7047
  ████████████░░░░░░░░░░░░░  50%  Streaming frame 3170/7047
  ████████████░░░░░░░░░░░░░  50%  Streaming frame 3171/7047
  ████████████░░░░░░░░░░░░░  50%  Streaming frame 3172/7047
  ████████████░░░░░░░░░░░░░  50%  Streaming frame 3173/7047
  ████████████░░░░░░░░░░░░░  50%  Streaming frame 3174/7047
  ████████████░░░░░░░░░░░░░  50%  Streaming frame 3175/7047
  ████████████░░░░░░░░░░░░░  50%  Streaming frame 3176/7047
  ████████████░░░░░░░░░░░░░  50%  Streaming frame 3177/7047
  ████████████░░░░░░░░░░░░░  50%  Streaming frame 3178/7047
  ████████████░░░░░░░░░░░░░  50%  Streaming frame 3179/7047
  ████████████░░░░░░░░░░░░░  50%  Streaming frame 3180/7047
  ████████████░░░░░░░░░░░░░  50%  Streaming frame 3181/7047
  ████████████░░░░░░░░░░░░░  50%  Streaming frame 3182/7047
  ████████████░░░░░░░░░░░░░  50%  Streaming frame 3183/7047
  ████████████░░░░░░░░░░░░░  50%  Streaming frame 3184/7047
  ████████████░░░░░░░░░░░░░  50%  Streaming frame 3185/7047
  ████████████░░░░░░░░░░░░░  50%  Streaming frame 3186/7047
  ████████████░░░░░░░░░░░░░  50%  Streaming frame 3187/7047
  ████████████░░░░░░░░░░░░░  50%  Streaming frame 3188/7047
  ████████████░░░░░░░░░░░░░  50%  Streaming frame 3189/7047
  ████████████░░░░░░░░░░░░░  50%  Streaming frame 3190/7047
  ████████████░░░░░░░░░░░░░  50%  Streaming frame 3191/7047
  ████████████░░░░░░░░░░░░░  50%  Streaming frame 3192/7047
  ████████████░░░░░░░░░░░░░  50%  Streaming frame 3193/7047
  ████████████░░░░░░░░░░░░░  50%  Streaming frame 3194/7047
  ████████████░░░░░░░░░░░░░  50%  Streaming frame 3195/7047
  ████████████░░░░░░░░░░░░░  50%  Streaming frame 3196/7047
  ████████████░░░░░░░░░░░░░  50%  Streaming frame 3197/7047
  ████████████░░░░░░░░░░░░░  50%  Streaming frame 3198/7047
  ████████████░░░░░░░░░░░░░  50%  Streaming frame 3199/7047
  ████████████░░░░░░░░░░░░░  50%  Streaming frame 3200/7047
  ████████████░░░░░░░░░░░░░  50%  Streaming frame 3201/7047
  ████████████░░░░░░░░░░░░░  50%  Streaming frame 3202/7047
  ████████████░░░░░░░░░░░░░  50%  Streaming frame 3203/7047
  ████████████░░░░░░░░░░░░░  50%  Streaming frame 3204/7047
  ████████████░░░░░░░░░░░░░  50%  Streaming frame 3205/7047
  ████████████░░░░░░░░░░░░░  50%  Streaming frame 3206/7047
  ████████████░░░░░░░░░░░░░  50%  Streaming frame 3207/7047
  ████████████░░░░░░░░░░░░░  50%  Streaming frame 3208/7047
  ████████████░░░░░░░░░░░░░  50%  Streaming frame 3209/7047
  ████████████░░░░░░░░░░░░░  50%  Streaming frame 3210/7047
  ████████████░░░░░░░░░░░░░  50%  Streaming frame 3211/7047
  ████████████░░░░░░░░░░░░░  50%  Streaming frame 3212/7047
  ████████████░░░░░░░░░░░░░  50%  Streaming frame 3213/7047
  ████████████░░░░░░░░░░░░░  50%  Streaming frame 3214/7047
  ████████████░░░░░░░░░░░░░  50%  Streaming frame 3215/7047
  ████████████░░░░░░░░░░░░░  50%  Streaming frame 3216/7047
  ████████████░░░░░░░░░░░░░  50%  Streaming frame 3217/7047
  ████████████░░░░░░░░░░░░░  50%  Streaming frame 3218/7047
  ████████████░░░░░░░░░░░░░  50%  Streaming frame 3219/7047
  ████████████░░░░░░░░░░░░░  50%  Streaming frame 3220/7047
  ████████████░░░░░░░░░░░░░  50%  Streaming frame 3221/7047
  ████████████░░░░░░░░░░░░░  50%  Streaming frame 3222/7047
  ████████████░░░░░░░░░░░░░  50%  Streaming frame 3223/7047
  ████████████░░░░░░░░░░░░░  50%  Streaming frame 3224/7047
  ████████████░░░░░░░░░░░░░  50%  Streaming frame 3225/7047
  ████████████░░░░░░░░░░░░░  50%  Streaming frame 3226/7047
  ████████████░░░░░░░░░░░░░  50%  Streaming frame 3227/7047
  ████████████░░░░░░░░░░░░░  50%  Streaming frame 3228/7047
  ████████████░░░░░░░░░░░░░  50%  Streaming frame 3229/7047
  ████████████░░░░░░░░░░░░░  50%  Streaming frame 3230/7047
  ████████████░░░░░░░░░░░░░  50%  Streaming frame 3231/7047
  ████████████░░░░░░░░░░░░░  50%  Streaming frame 3232/7047
  ████████████░░░░░░░░░░░░░  50%  Streaming frame 3233/7047
  ████████████░░░░░░░░░░░░░  50%  Streaming frame 3234/7047
  ████████████░░░░░░░░░░░░░  50%  Streaming frame 3235/7047
  ████████████░░░░░░░░░░░░░  50%  Streaming frame 3236/7047
  ████████████░░░░░░░░░░░░░  50%  Streaming frame 3237/7047
  ████████████░░░░░░░░░░░░░  50%  Streaming frame 3238/7047
  ████████████░░░░░░░░░░░░░  50%  Streaming frame 3239/7047
  ████████████░░░░░░░░░░░░░  50%  Streaming frame 3240/7047
  ████████████░░░░░░░░░░░░░  50%  Streaming frame 3241/7047
  ████████████░░░░░░░░░░░░░  50%  Streaming frame 3242/7047
  ████████████░░░░░░░░░░░░░  50%  Streaming frame 3243/7047
  ████████████░░░░░░░░░░░░░  50%  Streaming frame 3244/7047
  ████████████░░░░░░░░░░░░░  50%  Streaming frame 3245/7047
  ████████████░░░░░░░░░░░░░  50%  Streaming frame 3246/7047
  ████████████░░░░░░░░░░░░░  50%  Streaming frame 3247/7047
  ████████████░░░░░░░░░░░░░  50%  Streaming frame 3248/7047
  ████████████░░░░░░░░░░░░░  50%  Streaming frame 3249/7047
  ████████████░░░░░░░░░░░░░  50%  Streaming frame 3250/7047
  ████████████░░░░░░░░░░░░░  50%  Streaming frame 3251/7047
  ████████████░░░░░░░░░░░░░  50%  Streaming frame 3252/7047
  ████████████░░░░░░░░░░░░░  50%  Streaming frame 3253/7047
  ████████████░░░░░░░░░░░░░  50%  Streaming frame 3254/7047
  ████████████░░░░░░░░░░░░░  50%  Streaming frame 3255/7047
  ████████████░░░░░░░░░░░░░  50%  Streaming frame 3256/7047
  ████████████░░░░░░░░░░░░░  50%  Streaming frame 3257/7047
  ████████████░░░░░░░░░░░░░  50%  Streaming frame 3258/7047
  ████████████░░░░░░░░░░░░░  50%  Streaming frame 3259/7047
  ████████████░░░░░░░░░░░░░  50%  Streaming frame 3260/7047
  ████████████░░░░░░░░░░░░░  50%  Streaming frame 3261/7047
  ████████████░░░░░░░░░░░░░  50%  Streaming frame 3262/7047
  ████████████░░░░░░░░░░░░░  50%  Streaming frame 3263/7047
  ████████████░░░░░░░░░░░░░  50%  Streaming frame 3264/7047
  ████████████░░░░░░░░░░░░░  50%  Streaming frame 3265/7047
  ████████████░░░░░░░░░░░░░  50%  Streaming frame 3266/7047
  ████████████░░░░░░░░░░░░░  50%  Streaming frame 3267/7047
  ████████████░░░░░░░░░░░░░  51%  Streaming frame 3268/7047
  ████████████░░░░░░░░░░░░░  51%  Streaming frame 3269/7047
  ████████████░░░░░░░░░░░░░  51%  Streaming frame 3270/7047
  ████████████░░░░░░░░░░░░░  51%  Streaming frame 3271/7047
  ████████████░░░░░░░░░░░░░  51%  Streaming frame 3272/7047
  ████████████░░░░░░░░░░░░░  51%  Streaming frame 3273/7047
  ████████████░░░░░░░░░░░░░  51%  Streaming frame 3274/7047
  ████████████░░░░░░░░░░░░░  51%  Streaming frame 3275/7047
  ████████████░░░░░░░░░░░░░  51%  Streaming frame 3276/7047
  ████████████░░░░░░░░░░░░░  51%  Streaming frame 3277/7047
  ████████████░░░░░░░░░░░░░  51%  Streaming frame 3278/7047
  ████████████░░░░░░░░░░░░░  51%  Streaming frame 3279/7047
  ████████████░░░░░░░░░░░░░  51%  Streaming frame 3280/7047
  ████████████░░░░░░░░░░░░░  51%  Streaming frame 3281/7047
  ████████████░░░░░░░░░░░░░  51%  Streaming frame 3282/7047
  ████████████░░░░░░░░░░░░░  51%  Streaming frame 3283/7047
  ████████████░░░░░░░░░░░░░  51%  Streaming frame 3284/7047
  ████████████░░░░░░░░░░░░░  51%  Streaming frame 3285/7047
  ████████████░░░░░░░░░░░░░  51%  Streaming frame 3286/7047
  ████████████░░░░░░░░░░░░░  51%  Streaming frame 3287/7047
  ████████████░░░░░░░░░░░░░  51%  Streaming frame 3288/7047
  ████████████░░░░░░░░░░░░░  51%  Streaming frame 3289/7047
  ████████████░░░░░░░░░░░░░  51%  Streaming frame 3290/7047
  ████████████░░░░░░░░░░░░░  51%  Streaming frame 3291/7047
  ████████████░░░░░░░░░░░░░  51%  Streaming frame 3292/7047
  ████████████░░░░░░░░░░░░░  51%  Streaming frame 3293/7047
  ████████████░░░░░░░░░░░░░  51%  Streaming frame 3294/7047
  ████████████░░░░░░░░░░░░░  51%  Streaming frame 3295/7047
[INFO] [Render:trace] {"renderJobId":"1c57a6f3-a451-4ce4-ac2e-553797cfb0b7","phase":"capture_streaming","status":"checkpoint","elapsedMs":72539,"message":"stage still running","stagePhase":"capturing","workerCount":1,"forceScreenshot":false,"totalFrames":7047,"framesCompleted":3295,"captureMode":"drawelement","captureOperation":"drawElement","heartbeatIndex":2,"stageElapsedMs":60002}
  ████████████░░░░░░░░░░░░░  51%  Streaming frame 3296/7047
  ████████████░░░░░░░░░░░░░  51%  Streaming frame 3297/7047
  ████████████░░░░░░░░░░░░░  51%  Streaming frame 3298/7047
  ████████████░░░░░░░░░░░░░  51%  Streaming frame 3299/7047
  ████████████░░░░░░░░░░░░░  51%  Streaming frame 3300/7047
  ████████████░░░░░░░░░░░░░  51%  Streaming frame 3301/7047
  ████████████░░░░░░░░░░░░░  51%  Streaming frame 3302/7047
  ████████████░░░░░░░░░░░░░  51%  Streaming frame 3303/7047
  ████████████░░░░░░░░░░░░░  51%  Streaming frame 3304/7047
  ████████████░░░░░░░░░░░░░  51%  Streaming frame 3305/7047
  ████████████░░░░░░░░░░░░░  51%  Streaming frame 3306/7047
  ████████████░░░░░░░░░░░░░  51%  Streaming frame 3307/7047
  ████████████░░░░░░░░░░░░░  51%  Streaming frame 3308/7047
  ████████████░░░░░░░░░░░░░  51%  Streaming frame 3309/7047
  ████████████░░░░░░░░░░░░░  51%  Streaming frame 3310/7047
  ████████████░░░░░░░░░░░░░  51%  Streaming frame 3311/7047
  ████████████░░░░░░░░░░░░░  51%  Streaming frame 3312/7047
  ████████████░░░░░░░░░░░░░  51%  Streaming frame 3313/7047
  ████████████░░░░░░░░░░░░░  51%  Streaming frame 3314/7047
  ████████████░░░░░░░░░░░░░  51%  Streaming frame 3315/7047
  ████████████░░░░░░░░░░░░░  51%  Streaming frame 3316/7047
  ████████████░░░░░░░░░░░░░  51%  Streaming frame 3317/7047
  ████████████░░░░░░░░░░░░░  51%  Streaming frame 3318/7047
  ████████████░░░░░░░░░░░░░  51%  Streaming frame 3319/7047
  ████████████░░░░░░░░░░░░░  51%  Streaming frame 3320/7047
  ████████████░░░░░░░░░░░░░  51%  Streaming frame 3321/7047
  ████████████░░░░░░░░░░░░░  51%  Streaming frame 3322/7047
  ████████████░░░░░░░░░░░░░  51%  Streaming frame 3323/7047
  ████████████░░░░░░░░░░░░░  51%  Streaming frame 3324/7047
  ████████████░░░░░░░░░░░░░  51%  Streaming frame 3325/7047
  ████████████░░░░░░░░░░░░░  51%  Streaming frame 3326/7047
  ████████████░░░░░░░░░░░░░  51%  Streaming frame 3327/7047
  ████████████░░░░░░░░░░░░░  51%  Streaming frame 3328/7047
  ████████████░░░░░░░░░░░░░  51%  Streaming frame 3329/7047
  ████████████░░░░░░░░░░░░░  51%  Streaming frame 3330/7047
  ████████████░░░░░░░░░░░░░  51%  Streaming frame 3331/7047
  ████████████░░░░░░░░░░░░░  51%  Streaming frame 3332/7047
  ████████████░░░░░░░░░░░░░  51%  Streaming frame 3333/7047
  ████████████░░░░░░░░░░░░░  51%  Streaming frame 3334/7047
  ████████████░░░░░░░░░░░░░  51%  Streaming frame 3335/7047
  ████████████░░░░░░░░░░░░░  51%  Streaming frame 3336/7047
  ████████████░░░░░░░░░░░░░  51%  Streaming frame 3337/7047
  ████████████░░░░░░░░░░░░░  51%  Streaming frame 3338/7047
  ████████████░░░░░░░░░░░░░  51%  Streaming frame 3339/7047
  ████████████░░░░░░░░░░░░░  51%  Streaming frame 3340/7047
  ████████████░░░░░░░░░░░░░  51%  Streaming frame 3341/7047
  ████████████░░░░░░░░░░░░░  51%  Streaming frame 3342/7047
  ████████████░░░░░░░░░░░░░  51%  Streaming frame 3343/7047
  ████████████░░░░░░░░░░░░░  51%  Streaming frame 3344/7047
  ████████████░░░░░░░░░░░░░  51%  Streaming frame 3345/7047
  ████████████░░░░░░░░░░░░░  51%  Streaming frame 3346/7047
  ████████████░░░░░░░░░░░░░  51%  Streaming frame 3347/7047
  ████████████░░░░░░░░░░░░░  51%  Streaming frame 3348/7047
  ████████████░░░░░░░░░░░░░  51%  Streaming frame 3349/7047
  ████████████░░░░░░░░░░░░░  51%  Streaming frame 3350/7047
  ████████████░░░░░░░░░░░░░  51%  Streaming frame 3351/7047
  ████████████░░░░░░░░░░░░░  51%  Streaming frame 3352/7047
  ████████████░░░░░░░░░░░░░  51%  Streaming frame 3353/7047
  ████████████░░░░░░░░░░░░░  51%  Streaming frame 3354/7047
  ████████████░░░░░░░░░░░░░  51%  Streaming frame 3355/7047
  ████████████░░░░░░░░░░░░░  51%  Streaming frame 3356/7047
  ████████████░░░░░░░░░░░░░  51%  Streaming frame 3357/7047
  ████████████░░░░░░░░░░░░░  51%  Streaming frame 3358/7047
  ████████████░░░░░░░░░░░░░  51%  Streaming frame 3359/7047
  ████████████░░░░░░░░░░░░░  51%  Streaming frame 3360/7047
  ████████████░░░░░░░░░░░░░  51%  Streaming frame 3361/7047
  ████████████░░░░░░░░░░░░░  51%  Streaming frame 3362/7047
  ████████████░░░░░░░░░░░░░  51%  Streaming frame 3363/7047
  ████████████░░░░░░░░░░░░░  51%  Streaming frame 3364/7047
  ████████████░░░░░░░░░░░░░  51%  Streaming frame 3365/7047
  ████████████░░░░░░░░░░░░░  51%  Streaming frame 3366/7047
  ████████████░░░░░░░░░░░░░  51%  Streaming frame 3367/7047
  ████████████░░░░░░░░░░░░░  51%  Streaming frame 3368/7047
  ████████████░░░░░░░░░░░░░  51%  Streaming frame 3369/7047
  ████████████░░░░░░░░░░░░░  51%  Streaming frame 3370/7047
  ████████████░░░░░░░░░░░░░  51%  Streaming frame 3371/7047
  ████████████░░░░░░░░░░░░░  51%  Streaming frame 3372/7047
  ████████████░░░░░░░░░░░░░  51%  Streaming frame 3373/7047
  ████████████░░░░░░░░░░░░░  51%  Streaming frame 3374/7047
  ████████████░░░░░░░░░░░░░  51%  Streaming frame 3375/7047
  ████████████░░░░░░░░░░░░░  51%  Streaming frame 3376/7047
  ████████████░░░░░░░░░░░░░  51%  Streaming frame 3377/7047
  ████████████░░░░░░░░░░░░░  51%  Streaming frame 3378/7047
  ████████████░░░░░░░░░░░░░  51%  Streaming frame 3379/7047
  ████████████░░░░░░░░░░░░░  51%  Streaming frame 3380/7047
  ████████████░░░░░░░░░░░░░  51%  Streaming frame 3381/7047
  ████████████░░░░░░░░░░░░░  51%  Streaming frame 3382/7047
  ████████████░░░░░░░░░░░░░  51%  Streaming frame 3383/7047
  ████████████░░░░░░░░░░░░░  51%  Streaming frame 3384/7047
  ████████████░░░░░░░░░░░░░  51%  Streaming frame 3385/7047
  ████████████░░░░░░░░░░░░░  51%  Streaming frame 3386/7047
  ████████████░░░░░░░░░░░░░  51%  Streaming frame 3387/7047
  ████████████░░░░░░░░░░░░░  51%  Streaming frame 3388/7047
  ████████████░░░░░░░░░░░░░  51%  Streaming frame 3389/7047
  ████████████░░░░░░░░░░░░░  51%  Streaming frame 3390/7047
  ████████████░░░░░░░░░░░░░  51%  Streaming frame 3391/7047
  ████████████░░░░░░░░░░░░░  51%  Streaming frame 3392/7047
  ████████████░░░░░░░░░░░░░  51%  Streaming frame 3393/7047
  ████████████░░░░░░░░░░░░░  51%  Streaming frame 3394/7047
  ████████████░░░░░░░░░░░░░  51%  Streaming frame 3395/7047
  █████████████░░░░░░░░░░░░  52%  Streaming frame 3396/7047
  █████████████░░░░░░░░░░░░  52%  Streaming frame 3397/7047
  █████████████░░░░░░░░░░░░  52%  Streaming frame 3398/7047
  █████████████░░░░░░░░░░░░  52%  Streaming frame 3399/7047
  █████████████░░░░░░░░░░░░  52%  Streaming frame 3400/7047
  █████████████░░░░░░░░░░░░  52%  Streaming frame 3401/7047
  █████████████░░░░░░░░░░░░  52%  Streaming frame 3402/7047
  █████████████░░░░░░░░░░░░  52%  Streaming frame 3403/7047
  █████████████░░░░░░░░░░░░  52%  Streaming frame 3404/7047
  █████████████░░░░░░░░░░░░  52%  Streaming frame 3405/7047
  █████████████░░░░░░░░░░░░  52%  Streaming frame 3406/7047
  █████████████░░░░░░░░░░░░  52%  Streaming frame 3407/7047
  █████████████░░░░░░░░░░░░  52%  Streaming frame 3408/7047
  █████████████░░░░░░░░░░░░  52%  Streaming frame 3409/7047
  █████████████░░░░░░░░░░░░  52%  Streaming frame 3410/7047
  █████████████░░░░░░░░░░░░  52%  Streaming frame 3411/7047
  █████████████░░░░░░░░░░░░  52%  Streaming frame 3412/7047
  █████████████░░░░░░░░░░░░  52%  Streaming frame 3413/7047
  █████████████░░░░░░░░░░░░  52%  Streaming frame 3414/7047
  █████████████░░░░░░░░░░░░  52%  Streaming frame 3415/7047
  █████████████░░░░░░░░░░░░  52%  Streaming frame 3416/7047
  █████████████░░░░░░░░░░░░  52%  Streaming frame 3417/7047
  █████████████░░░░░░░░░░░░  52%  Streaming frame 3418/7047
  █████████████░░░░░░░░░░░░  52%  Streaming frame 3419/7047
  █████████████░░░░░░░░░░░░  52%  Streaming frame 3420/7047
  █████████████░░░░░░░░░░░░  52%  Streaming frame 3421/7047
  █████████████░░░░░░░░░░░░  52%  Streaming frame 3422/7047
  █████████████░░░░░░░░░░░░  52%  Streaming frame 3423/7047
  █████████████░░░░░░░░░░░░  52%  Streaming frame 3424/7047
  █████████████░░░░░░░░░░░░  52%  Streaming frame 3425/7047
  █████████████░░░░░░░░░░░░  52%  Streaming frame 3426/7047
  █████████████░░░░░░░░░░░░  52%  Streaming frame 3427/7047
  █████████████░░░░░░░░░░░░  52%  Streaming frame 3428/7047
  █████████████░░░░░░░░░░░░  52%  Streaming frame 3429/7047
  █████████████░░░░░░░░░░░░  52%  Streaming frame 3430/7047
  █████████████░░░░░░░░░░░░  52%  Streaming frame 3431/7047
  █████████████░░░░░░░░░░░░  52%  Streaming frame 3432/7047
  █████████████░░░░░░░░░░░░  52%  Streaming frame 3433/7047
  █████████████░░░░░░░░░░░░  52%  Streaming frame 3434/7047
  █████████████░░░░░░░░░░░░  52%  Streaming frame 3435/7047
  █████████████░░░░░░░░░░░░  52%  Streaming frame 3436/7047
  █████████████░░░░░░░░░░░░  52%  Streaming frame 3437/7047
  █████████████░░░░░░░░░░░░  52%  Streaming frame 3438/7047
  █████████████░░░░░░░░░░░░  52%  Streaming frame 3439/7047
  █████████████░░░░░░░░░░░░  52%  Streaming frame 3440/7047
  █████████████░░░░░░░░░░░░  52%  Streaming frame 3441/7047
  █████████████░░░░░░░░░░░░  52%  Streaming frame 3442/7047
  █████████████░░░░░░░░░░░░  52%  Streaming frame 3443/7047
  █████████████░░░░░░░░░░░░  52%  Streaming frame 3444/7047
  █████████████░░░░░░░░░░░░  52%  Streaming frame 3445/7047
  █████████████░░░░░░░░░░░░  52%  Streaming frame 3446/7047
  █████████████░░░░░░░░░░░░  52%  Streaming frame 3447/7047
  █████████████░░░░░░░░░░░░  52%  Streaming frame 3448/7047
  █████████████░░░░░░░░░░░░  52%  Streaming frame 3449/7047
  █████████████░░░░░░░░░░░░  52%  Streaming frame 3450/7047
  █████████████░░░░░░░░░░░░  52%  Streaming frame 3451/7047
  █████████████░░░░░░░░░░░░  52%  Streaming frame 3452/7047
  █████████████░░░░░░░░░░░░  52%  Streaming frame 3453/7047
  █████████████░░░░░░░░░░░░  52%  Streaming frame 3454/7047
  █████████████░░░░░░░░░░░░  52%  Streaming frame 3455/7047
  █████████████░░░░░░░░░░░░  52%  Streaming frame 3456/7047
  █████████████░░░░░░░░░░░░  52%  Streaming frame 3457/7047
  █████████████░░░░░░░░░░░░  52%  Streaming frame 3458/7047
  █████████████░░░░░░░░░░░░  52%  Streaming frame 3459/7047
  █████████████░░░░░░░░░░░░  52%  Streaming frame 3460/7047
  █████████████░░░░░░░░░░░░  52%  Streaming frame 3461/7047
  █████████████░░░░░░░░░░░░  52%  Streaming frame 3462/7047
  █████████████░░░░░░░░░░░░  52%  Streaming frame 3463/7047
  █████████████░░░░░░░░░░░░  52%  Streaming frame 3464/7047
  █████████████░░░░░░░░░░░░  52%  Streaming frame 3465/7047
  █████████████░░░░░░░░░░░░  52%  Streaming frame 3466/7047
  █████████████░░░░░░░░░░░░  52%  Streaming frame 3467/7047
  █████████████░░░░░░░░░░░░  52%  Streaming frame 3468/7047
  █████████████░░░░░░░░░░░░  52%  Streaming frame 3469/7047
  █████████████░░░░░░░░░░░░  52%  Streaming frame 3470/7047
  █████████████░░░░░░░░░░░░  52%  Streaming frame 3471/7047
  █████████████░░░░░░░░░░░░  52%  Streaming frame 3472/7047
  █████████████░░░░░░░░░░░░  52%  Streaming frame 3473/7047
  █████████████░░░░░░░░░░░░  52%  Streaming frame 3474/7047
  █████████████░░░░░░░░░░░░  52%  Streaming frame 3475/7047
  █████████████░░░░░░░░░░░░  52%  Streaming frame 3476/7047
  █████████████░░░░░░░░░░░░  52%  Streaming frame 3477/7047
  █████████████░░░░░░░░░░░░  52%  Streaming frame 3478/7047
  █████████████░░░░░░░░░░░░  52%  Streaming frame 3479/7047
  █████████████░░░░░░░░░░░░  52%  Streaming frame 3480/7047
  █████████████░░░░░░░░░░░░  52%  Streaming frame 3481/7047
  █████████████░░░░░░░░░░░░  52%  Streaming frame 3482/7047
  █████████████░░░░░░░░░░░░  52%  Streaming frame 3483/7047
  █████████████░░░░░░░░░░░░  52%  Streaming frame 3484/7047
  █████████████░░░░░░░░░░░░  52%  Streaming frame 3485/7047
  █████████████░░░░░░░░░░░░  52%  Streaming frame 3486/7047
  █████████████░░░░░░░░░░░░  52%  Streaming frame 3487/7047
  █████████████░░░░░░░░░░░░  52%  Streaming frame 3488/7047
  █████████████░░░░░░░░░░░░  52%  Streaming frame 3489/7047
  █████████████░░░░░░░░░░░░  52%  Streaming frame 3490/7047
  █████████████░░░░░░░░░░░░  52%  Streaming frame 3491/7047
  █████████████░░░░░░░░░░░░  52%  Streaming frame 3492/7047
  █████████████░░░░░░░░░░░░  52%  Streaming frame 3493/7047
  █████████████░░░░░░░░░░░░  52%  Streaming frame 3494/7047
  █████████████░░░░░░░░░░░░  52%  Streaming frame 3495/7047
  █████████████░░░░░░░░░░░░  52%  Streaming frame 3496/7047
  █████████████░░░░░░░░░░░░  52%  Streaming frame 3497/7047
  █████████████░░░░░░░░░░░░  52%  Streaming frame 3498/7047
  █████████████░░░░░░░░░░░░  52%  Streaming frame 3499/7047
  █████████████░░░░░░░░░░░░  52%  Streaming frame 3500/7047
  █████████████░░░░░░░░░░░░  52%  Streaming frame 3501/7047
  █████████████░░░░░░░░░░░░  52%  Streaming frame 3502/7047
  █████████████░░░░░░░░░░░░  52%  Streaming frame 3503/7047
  █████████████░░░░░░░░░░░░  52%  Streaming frame 3504/7047
  █████████████░░░░░░░░░░░░  52%  Streaming frame 3505/7047
  █████████████░░░░░░░░░░░░  52%  Streaming frame 3506/7047
  █████████████░░░░░░░░░░░░  52%  Streaming frame 3507/7047
  █████████████░░░░░░░░░░░░  52%  Streaming frame 3508/7047
  █████████████░░░░░░░░░░░░  52%  Streaming frame 3509/7047
  █████████████░░░░░░░░░░░░  52%  Streaming frame 3510/7047
  █████████████░░░░░░░░░░░░  52%  Streaming frame 3511/7047
  █████████████░░░░░░░░░░░░  52%  Streaming frame 3512/7047
  █████████████░░░░░░░░░░░░  52%  Streaming frame 3513/7047
  █████████████░░░░░░░░░░░░  52%  Streaming frame 3514/7047
  █████████████░░░░░░░░░░░░  52%  Streaming frame 3515/7047
  █████████████░░░░░░░░░░░░  52%  Streaming frame 3516/7047
  █████████████░░░░░░░░░░░░  52%  Streaming frame 3517/7047
  █████████████░░░░░░░░░░░░  52%  Streaming frame 3518/7047
  █████████████░░░░░░░░░░░░  52%  Streaming frame 3519/7047
  █████████████░░░░░░░░░░░░  52%  Streaming frame 3520/7047
  █████████████░░░░░░░░░░░░  52%  Streaming frame 3521/7047
  █████████████░░░░░░░░░░░░  52%  Streaming frame 3522/7047
  █████████████░░░░░░░░░░░░  52%  Streaming frame 3523/7047
  █████████████░░░░░░░░░░░░  53%  Streaming frame 3524/7047
[INFO] [Render] drawElement self-verify passed {"renderJobId":"1c57a6f3-a451-4ce4-ac2e-553797cfb0b7","frame":3524,"psnrDb":70.1}
  █████████████░░░░░░░░░░░░  53%  Streaming frame 3525/7047
  █████████████░░░░░░░░░░░░  53%  Streaming frame 3526/7047
  █████████████░░░░░░░░░░░░  53%  Streaming frame 3527/7047
  █████████████░░░░░░░░░░░░  53%  Streaming frame 3528/7047
  █████████████░░░░░░░░░░░░  53%  Streaming frame 3529/7047
  █████████████░░░░░░░░░░░░  53%  Streaming frame 3530/7047
  █████████████░░░░░░░░░░░░  53%  Streaming frame 3531/7047
  █████████████░░░░░░░░░░░░  53%  Streaming frame 3532/7047
  █████████████░░░░░░░░░░░░  53%  Streaming frame 3533/7047
  █████████████░░░░░░░░░░░░  53%  Streaming frame 3534/7047
  █████████████░░░░░░░░░░░░  53%  Streaming frame 3535/7047
  █████████████░░░░░░░░░░░░  53%  Streaming frame 3536/7047
  █████████████░░░░░░░░░░░░  53%  Streaming frame 3537/7047
  █████████████░░░░░░░░░░░░  53%  Streaming frame 3538/7047
  █████████████░░░░░░░░░░░░  53%  Streaming frame 3539/7047
  █████████████░░░░░░░░░░░░  53%  Streaming frame 3540/7047
  █████████████░░░░░░░░░░░░  53%  Streaming frame 3541/7047
  █████████████░░░░░░░░░░░░  53%  Streaming frame 3542/7047
  █████████████░░░░░░░░░░░░  53%  Streaming frame 3543/7047
  █████████████░░░░░░░░░░░░  53%  Streaming frame 3544/7047
  █████████████░░░░░░░░░░░░  53%  Streaming frame 3545/7047
  █████████████░░░░░░░░░░░░  53%  Streaming frame 3546/7047
  █████████████░░░░░░░░░░░░  53%  Streaming frame 3547/7047
  █████████████░░░░░░░░░░░░  53%  Streaming frame 3548/7047
  █████████████░░░░░░░░░░░░  53%  Streaming frame 3549/7047
  █████████████░░░░░░░░░░░░  53%  Streaming frame 3550/7047
  █████████████░░░░░░░░░░░░  53%  Streaming frame 3551/7047
  █████████████░░░░░░░░░░░░  53%  Streaming frame 3552/7047
  █████████████░░░░░░░░░░░░  53%  Streaming frame 3553/7047
  █████████████░░░░░░░░░░░░  53%  Streaming frame 3554/7047
  █████████████░░░░░░░░░░░░  53%  Streaming frame 3555/7047
  █████████████░░░░░░░░░░░░  53%  Streaming frame 3556/7047
  █████████████░░░░░░░░░░░░  53%  Streaming frame 3557/7047
  █████████████░░░░░░░░░░░░  53%  Streaming frame 3558/7047
  █████████████░░░░░░░░░░░░  53%  Streaming frame 3559/7047
  █████████████░░░░░░░░░░░░  53%  Streaming frame 3560/7047
  █████████████░░░░░░░░░░░░  53%  Streaming frame 3561/7047
  █████████████░░░░░░░░░░░░  53%  Streaming frame 3562/7047
  █████████████░░░░░░░░░░░░  53%  Streaming frame 3563/7047
  █████████████░░░░░░░░░░░░  53%  Streaming frame 3564/7047
  █████████████░░░░░░░░░░░░  53%  Streaming frame 3565/7047
  █████████████░░░░░░░░░░░░  53%  Streaming frame 3566/7047
  █████████████░░░░░░░░░░░░  53%  Streaming frame 3567/7047
  █████████████░░░░░░░░░░░░  53%  Streaming frame 3568/7047
  █████████████░░░░░░░░░░░░  53%  Streaming frame 3569/7047
  █████████████░░░░░░░░░░░░  53%  Streaming frame 3570/7047
  █████████████░░░░░░░░░░░░  53%  Streaming frame 3571/7047
  █████████████░░░░░░░░░░░░  53%  Streaming frame 3572/7047
  █████████████░░░░░░░░░░░░  53%  Streaming frame 3573/7047
  █████████████░░░░░░░░░░░░  53%  Streaming frame 3574/7047
  █████████████░░░░░░░░░░░░  53%  Streaming frame 3575/7047
  █████████████░░░░░░░░░░░░  53%  Streaming frame 3576/7047
  █████████████░░░░░░░░░░░░  53%  Streaming frame 3577/7047
  █████████████░░░░░░░░░░░░  53%  Streaming frame 3578/7047
  █████████████░░░░░░░░░░░░  53%  Streaming frame 3579/7047
  █████████████░░░░░░░░░░░░  53%  Streaming frame 3580/7047
  █████████████░░░░░░░░░░░░  53%  Streaming frame 3581/7047
  █████████████░░░░░░░░░░░░  53%  Streaming frame 3582/7047
  █████████████░░░░░░░░░░░░  53%  Streaming frame 3583/7047
  █████████████░░░░░░░░░░░░  53%  Streaming frame 3584/7047
  █████████████░░░░░░░░░░░░  53%  Streaming frame 3585/7047
  █████████████░░░░░░░░░░░░  53%  Streaming frame 3586/7047
  █████████████░░░░░░░░░░░░  53%  Streaming frame 3587/7047
  █████████████░░░░░░░░░░░░  53%  Streaming frame 3588/7047
  █████████████░░░░░░░░░░░░  53%  Streaming frame 3589/7047
  █████████████░░░░░░░░░░░░  53%  Streaming frame 3590/7047
  █████████████░░░░░░░░░░░░  53%  Streaming frame 3591/7047
  █████████████░░░░░░░░░░░░  53%  Streaming frame 3592/7047
  █████████████░░░░░░░░░░░░  53%  Streaming frame 3593/7047
  █████████████░░░░░░░░░░░░  53%  Streaming frame 3594/7047
  █████████████░░░░░░░░░░░░  53%  Streaming frame 3595/7047
  █████████████░░░░░░░░░░░░  53%  Streaming frame 3596/7047
  █████████████░░░░░░░░░░░░  53%  Streaming frame 3597/7047
  █████████████░░░░░░░░░░░░  53%  Streaming frame 3598/7047
  █████████████░░░░░░░░░░░░  53%  Streaming frame 3599/7047
  █████████████░░░░░░░░░░░░  53%  Streaming frame 3600/7047
  █████████████░░░░░░░░░░░░  53%  Streaming frame 3601/7047
  █████████████░░░░░░░░░░░░  53%  Streaming frame 3602/7047
  █████████████░░░░░░░░░░░░  53%  Streaming frame 3603/7047
  █████████████░░░░░░░░░░░░  53%  Streaming frame 3604/7047
  █████████████░░░░░░░░░░░░  53%  Streaming frame 3605/7047
  █████████████░░░░░░░░░░░░  53%  Streaming frame 3606/7047
  █████████████░░░░░░░░░░░░  53%  Streaming frame 3607/7047
  █████████████░░░░░░░░░░░░  53%  Streaming frame 3608/7047
  █████████████░░░░░░░░░░░░  53%  Streaming frame 3609/7047
  █████████████░░░░░░░░░░░░  53%  Streaming frame 3610/7047
  █████████████░░░░░░░░░░░░  53%  Streaming frame 3611/7047
  █████████████░░░░░░░░░░░░  53%  Streaming frame 3612/7047
  █████████████░░░░░░░░░░░░  53%  Streaming frame 3613/7047
  █████████████░░░░░░░░░░░░  53%  Streaming frame 3614/7047
  █████████████░░░░░░░░░░░░  53%  Streaming frame 3615/7047
  █████████████░░░░░░░░░░░░  53%  Streaming frame 3616/7047
  █████████████░░░░░░░░░░░░  53%  Streaming frame 3617/7047
  █████████████░░░░░░░░░░░░  53%  Streaming frame 3618/7047
  █████████████░░░░░░░░░░░░  53%  Streaming frame 3619/7047
  █████████████░░░░░░░░░░░░  53%  Streaming frame 3620/7047
  █████████████░░░░░░░░░░░░  53%  Streaming frame 3621/7047
  █████████████░░░░░░░░░░░░  53%  Streaming frame 3622/7047
  █████████████░░░░░░░░░░░░  53%  Streaming frame 3623/7047
  █████████████░░░░░░░░░░░░  53%  Streaming frame 3624/7047
  █████████████░░░░░░░░░░░░  53%  Streaming frame 3625/7047
  █████████████░░░░░░░░░░░░  53%  Streaming frame 3626/7047
  █████████████░░░░░░░░░░░░  53%  Streaming frame 3627/7047
  █████████████░░░░░░░░░░░░  53%  Streaming frame 3628/7047
  █████████████░░░░░░░░░░░░  53%  Streaming frame 3629/7047
  █████████████░░░░░░░░░░░░  53%  Streaming frame 3630/7047
  █████████████░░░░░░░░░░░░  53%  Streaming frame 3631/7047
  █████████████░░░░░░░░░░░░  53%  Streaming frame 3632/7047
  █████████████░░░░░░░░░░░░  53%  Streaming frame 3633/7047
  █████████████░░░░░░░░░░░░  53%  Streaming frame 3634/7047
  █████████████░░░░░░░░░░░░  53%  Streaming frame 3635/7047
  █████████████░░░░░░░░░░░░  53%  Streaming frame 3636/7047
  █████████████░░░░░░░░░░░░  53%  Streaming frame 3637/7047
  █████████████░░░░░░░░░░░░  53%  Streaming frame 3638/7047
  █████████████░░░░░░░░░░░░  53%  Streaming frame 3639/7047
  █████████████░░░░░░░░░░░░  53%  Streaming frame 3640/7047
  █████████████░░░░░░░░░░░░  53%  Streaming frame 3641/7047
  █████████████░░░░░░░░░░░░  53%  Streaming frame 3642/7047
  █████████████░░░░░░░░░░░░  53%  Streaming frame 3643/7047
  █████████████░░░░░░░░░░░░  53%  Streaming frame 3644/7047
  █████████████░░░░░░░░░░░░  53%  Streaming frame 3645/7047
  █████████████░░░░░░░░░░░░  53%  Streaming frame 3646/7047
  █████████████░░░░░░░░░░░░  53%  Streaming frame 3647/7047
  █████████████░░░░░░░░░░░░  53%  Streaming frame 3648/7047
  █████████████░░░░░░░░░░░░  53%  Streaming frame 3649/7047
  █████████████░░░░░░░░░░░░  53%  Streaming frame 3650/7047
  █████████████░░░░░░░░░░░░  53%  Streaming frame 3651/7047
  █████████████░░░░░░░░░░░░  54%  Streaming frame 3652/7047
  █████████████░░░░░░░░░░░░  54%  Streaming frame 3653/7047
  █████████████░░░░░░░░░░░░  54%  Streaming frame 3654/7047
  █████████████░░░░░░░░░░░░  54%  Streaming frame 3655/7047
  █████████████░░░░░░░░░░░░  54%  Streaming frame 3656/7047
  █████████████░░░░░░░░░░░░  54%  Streaming frame 3657/7047
  █████████████░░░░░░░░░░░░  54%  Streaming frame 3658/7047
  █████████████░░░░░░░░░░░░  54%  Streaming frame 3659/7047
  █████████████░░░░░░░░░░░░  54%  Streaming frame 3660/7047
  █████████████░░░░░░░░░░░░  54%  Streaming frame 3661/7047
  █████████████░░░░░░░░░░░░  54%  Streaming frame 3662/7047
  █████████████░░░░░░░░░░░░  54%  Streaming frame 3663/7047
  █████████████░░░░░░░░░░░░  54%  Streaming frame 3664/7047
  █████████████░░░░░░░░░░░░  54%  Streaming frame 3665/7047
  █████████████░░░░░░░░░░░░  54%  Streaming frame 3666/7047
  █████████████░░░░░░░░░░░░  54%  Streaming frame 3667/7047
  █████████████░░░░░░░░░░░░  54%  Streaming frame 3668/7047
  █████████████░░░░░░░░░░░░  54%  Streaming frame 3669/7047
  █████████████░░░░░░░░░░░░  54%  Streaming frame 3670/7047
  █████████████░░░░░░░░░░░░  54%  Streaming frame 3671/7047
  █████████████░░░░░░░░░░░░  54%  Streaming frame 3672/7047
  █████████████░░░░░░░░░░░░  54%  Streaming frame 3673/7047
  █████████████░░░░░░░░░░░░  54%  Streaming frame 3674/7047
  █████████████░░░░░░░░░░░░  54%  Streaming frame 3675/7047
  █████████████░░░░░░░░░░░░  54%  Streaming frame 3676/7047
  █████████████░░░░░░░░░░░░  54%  Streaming frame 3677/7047
  █████████████░░░░░░░░░░░░  54%  Streaming frame 3678/7047
  █████████████░░░░░░░░░░░░  54%  Streaming frame 3679/7047
  █████████████░░░░░░░░░░░░  54%  Streaming frame 3680/7047
  █████████████░░░░░░░░░░░░  54%  Streaming frame 3681/7047
  █████████████░░░░░░░░░░░░  54%  Streaming frame 3682/7047
  █████████████░░░░░░░░░░░░  54%  Streaming frame 3683/7047
  █████████████░░░░░░░░░░░░  54%  Streaming frame 3684/7047
  █████████████░░░░░░░░░░░░  54%  Streaming frame 3685/7047
  █████████████░░░░░░░░░░░░  54%  Streaming frame 3686/7047
  █████████████░░░░░░░░░░░░  54%  Streaming frame 3687/7047
  █████████████░░░░░░░░░░░░  54%  Streaming frame 3688/7047
  █████████████░░░░░░░░░░░░  54%  Streaming frame 3689/7047
  █████████████░░░░░░░░░░░░  54%  Streaming frame 3690/7047
  █████████████░░░░░░░░░░░░  54%  Streaming frame 3691/7047
  █████████████░░░░░░░░░░░░  54%  Streaming frame 3692/7047
  █████████████░░░░░░░░░░░░  54%  Streaming frame 3693/7047
  █████████████░░░░░░░░░░░░  54%  Streaming frame 3694/7047
  █████████████░░░░░░░░░░░░  54%  Streaming frame 3695/7047
  █████████████░░░░░░░░░░░░  54%  Streaming frame 3696/7047
  █████████████░░░░░░░░░░░░  54%  Streaming frame 3697/7047
  █████████████░░░░░░░░░░░░  54%  Streaming frame 3698/7047
  █████████████░░░░░░░░░░░░  54%  Streaming frame 3699/7047
  █████████████░░░░░░░░░░░░  54%  Streaming frame 3700/7047
  █████████████░░░░░░░░░░░░  54%  Streaming frame 3701/7047
  █████████████░░░░░░░░░░░░  54%  Streaming frame 3702/7047
  █████████████░░░░░░░░░░░░  54%  Streaming frame 3703/7047
  █████████████░░░░░░░░░░░░  54%  Streaming frame 3704/7047
  █████████████░░░░░░░░░░░░  54%  Streaming frame 3705/7047
  █████████████░░░░░░░░░░░░  54%  Streaming frame 3706/7047
  █████████████░░░░░░░░░░░░  54%  Streaming frame 3707/7047
  █████████████░░░░░░░░░░░░  54%  Streaming frame 3708/7047
  █████████████░░░░░░░░░░░░  54%  Streaming frame 3709/7047
  █████████████░░░░░░░░░░░░  54%  Streaming frame 3710/7047
  █████████████░░░░░░░░░░░░  54%  Streaming frame 3711/7047
  █████████████░░░░░░░░░░░░  54%  Streaming frame 3712/7047
  █████████████░░░░░░░░░░░░  54%  Streaming frame 3713/7047
  █████████████░░░░░░░░░░░░  54%  Streaming frame 3714/7047
  █████████████░░░░░░░░░░░░  54%  Streaming frame 3715/7047
  █████████████░░░░░░░░░░░░  54%  Streaming frame 3716/7047
  █████████████░░░░░░░░░░░░  54%  Streaming frame 3717/7047
  █████████████░░░░░░░░░░░░  54%  Streaming frame 3718/7047
  █████████████░░░░░░░░░░░░  54%  Streaming frame 3719/7047
  █████████████░░░░░░░░░░░░  54%  Streaming frame 3720/7047
  █████████████░░░░░░░░░░░░  54%  Streaming frame 3721/7047
  █████████████░░░░░░░░░░░░  54%  Streaming frame 3722/7047
  █████████████░░░░░░░░░░░░  54%  Streaming frame 3723/7047
  █████████████░░░░░░░░░░░░  54%  Streaming frame 3724/7047
  █████████████░░░░░░░░░░░░  54%  Streaming frame 3725/7047
  █████████████░░░░░░░░░░░░  54%  Streaming frame 3726/7047
  █████████████░░░░░░░░░░░░  54%  Streaming frame 3727/7047
  █████████████░░░░░░░░░░░░  54%  Streaming frame 3728/7047
  █████████████░░░░░░░░░░░░  54%  Streaming frame 3729/7047
  █████████████░░░░░░░░░░░░  54%  Streaming frame 3730/7047
  █████████████░░░░░░░░░░░░  54%  Streaming frame 3731/7047
  █████████████░░░░░░░░░░░░  54%  Streaming frame 3732/7047
  █████████████░░░░░░░░░░░░  54%  Streaming frame 3733/7047
  █████████████░░░░░░░░░░░░  54%  Streaming frame 3734/7047
  █████████████░░░░░░░░░░░░  54%  Streaming frame 3735/7047
  █████████████░░░░░░░░░░░░  54%  Streaming frame 3736/7047
  █████████████░░░░░░░░░░░░  54%  Streaming frame 3737/7047
  █████████████░░░░░░░░░░░░  54%  Streaming frame 3738/7047
  █████████████░░░░░░░░░░░░  54%  Streaming frame 3739/7047
  █████████████░░░░░░░░░░░░  54%  Streaming frame 3740/7047
  █████████████░░░░░░░░░░░░  54%  Streaming frame 3741/7047
  █████████████░░░░░░░░░░░░  54%  Streaming frame 3742/7047
  █████████████░░░░░░░░░░░░  54%  Streaming frame 3743/7047
  █████████████░░░░░░░░░░░░  54%  Streaming frame 3744/7047
  █████████████░░░░░░░░░░░░  54%  Streaming frame 3745/7047
  █████████████░░░░░░░░░░░░  54%  Streaming frame 3746/7047
  █████████████░░░░░░░░░░░░  54%  Streaming frame 3747/7047
  █████████████░░░░░░░░░░░░  54%  Streaming frame 3748/7047
  █████████████░░░░░░░░░░░░  54%  Streaming frame 3749/7047
  █████████████░░░░░░░░░░░░  54%  Streaming frame 3750/7047
  █████████████░░░░░░░░░░░░  54%  Streaming frame 3751/7047
  █████████████░░░░░░░░░░░░  54%  Streaming frame 3752/7047
  █████████████░░░░░░░░░░░░  54%  Streaming frame 3753/7047
  █████████████░░░░░░░░░░░░  54%  Streaming frame 3754/7047
  █████████████░░░░░░░░░░░░  54%  Streaming frame 3755/7047
  █████████████░░░░░░░░░░░░  54%  Streaming frame 3756/7047
  █████████████░░░░░░░░░░░░  54%  Streaming frame 3757/7047
  █████████████░░░░░░░░░░░░  54%  Streaming frame 3758/7047
  █████████████░░░░░░░░░░░░  54%  Streaming frame 3759/7047
  █████████████░░░░░░░░░░░░  54%  Streaming frame 3760/7047
  █████████████░░░░░░░░░░░░  54%  Streaming frame 3761/7047
  █████████████░░░░░░░░░░░░  54%  Streaming frame 3762/7047
  █████████████░░░░░░░░░░░░  54%  Streaming frame 3763/7047
  █████████████░░░░░░░░░░░░  54%  Streaming frame 3764/7047
  █████████████░░░░░░░░░░░░  54%  Streaming frame 3765/7047
  █████████████░░░░░░░░░░░░  54%  Streaming frame 3766/7047
  █████████████░░░░░░░░░░░░  54%  Streaming frame 3767/7047
  █████████████░░░░░░░░░░░░  54%  Streaming frame 3768/7047
  █████████████░░░░░░░░░░░░  54%  Streaming frame 3769/7047
  █████████████░░░░░░░░░░░░  54%  Streaming frame 3770/7047
  █████████████░░░░░░░░░░░░  54%  Streaming frame 3771/7047
  █████████████░░░░░░░░░░░░  54%  Streaming frame 3772/7047
  █████████████░░░░░░░░░░░░  54%  Streaming frame 3773/7047
  █████████████░░░░░░░░░░░░  54%  Streaming frame 3774/7047
  █████████████░░░░░░░░░░░░  54%  Streaming frame 3775/7047
  █████████████░░░░░░░░░░░░  54%  Streaming frame 3776/7047
  █████████████░░░░░░░░░░░░  54%  Streaming frame 3777/7047
  █████████████░░░░░░░░░░░░  54%  Streaming frame 3778/7047
  █████████████░░░░░░░░░░░░  54%  Streaming frame 3779/7047
  █████████████░░░░░░░░░░░░  55%  Streaming frame 3780/7047
  █████████████░░░░░░░░░░░░  55%  Streaming frame 3781/7047
  █████████████░░░░░░░░░░░░  55%  Streaming frame 3782/7047
  █████████████░░░░░░░░░░░░  55%  Streaming frame 3783/7047
  █████████████░░░░░░░░░░░░  55%  Streaming frame 3784/7047
  █████████████░░░░░░░░░░░░  55%  Streaming frame 3785/7047
  █████████████░░░░░░░░░░░░  55%  Streaming frame 3786/7047
  █████████████░░░░░░░░░░░░  55%  Streaming frame 3787/7047
  █████████████░░░░░░░░░░░░  55%  Streaming frame 3788/7047
  █████████████░░░░░░░░░░░░  55%  Streaming frame 3789/7047
  █████████████░░░░░░░░░░░░  55%  Streaming frame 3790/7047
  █████████████░░░░░░░░░░░░  55%  Streaming frame 3791/7047
  █████████████░░░░░░░░░░░░  55%  Streaming frame 3792/7047
  █████████████░░░░░░░░░░░░  55%  Streaming frame 3793/7047
  █████████████░░░░░░░░░░░░  55%  Streaming frame 3794/7047
  █████████████░░░░░░░░░░░░  55%  Streaming frame 3795/7047
  █████████████░░░░░░░░░░░░  55%  Streaming frame 3796/7047
  █████████████░░░░░░░░░░░░  55%  Streaming frame 3797/7047
  █████████████░░░░░░░░░░░░  55%  Streaming frame 3798/7047
  █████████████░░░░░░░░░░░░  55%  Streaming frame 3799/7047
  █████████████░░░░░░░░░░░░  55%  Streaming frame 3800/7047
  █████████████░░░░░░░░░░░░  55%  Streaming frame 3801/7047
  █████████████░░░░░░░░░░░░  55%  Streaming frame 3802/7047
  █████████████░░░░░░░░░░░░  55%  Streaming frame 3803/7047
  █████████████░░░░░░░░░░░░  55%  Streaming frame 3804/7047
  █████████████░░░░░░░░░░░░  55%  Streaming frame 3805/7047
  █████████████░░░░░░░░░░░░  55%  Streaming frame 3806/7047
  █████████████░░░░░░░░░░░░  55%  Streaming frame 3807/7047
  █████████████░░░░░░░░░░░░  55%  Streaming frame 3808/7047
  █████████████░░░░░░░░░░░░  55%  Streaming frame 3809/7047
  █████████████░░░░░░░░░░░░  55%  Streaming frame 3810/7047
  █████████████░░░░░░░░░░░░  55%  Streaming frame 3811/7047
  █████████████░░░░░░░░░░░░  55%  Streaming frame 3812/7047
  █████████████░░░░░░░░░░░░  55%  Streaming frame 3813/7047
  █████████████░░░░░░░░░░░░  55%  Streaming frame 3814/7047
  █████████████░░░░░░░░░░░░  55%  Streaming frame 3815/7047
  █████████████░░░░░░░░░░░░  55%  Streaming frame 3816/7047
  █████████████░░░░░░░░░░░░  55%  Streaming frame 3817/7047
  █████████████░░░░░░░░░░░░  55%  Streaming frame 3818/7047
  █████████████░░░░░░░░░░░░  55%  Streaming frame 3819/7047
  █████████████░░░░░░░░░░░░  55%  Streaming frame 3820/7047
  █████████████░░░░░░░░░░░░  55%  Streaming frame 3821/7047
  █████████████░░░░░░░░░░░░  55%  Streaming frame 3822/7047
  █████████████░░░░░░░░░░░░  55%  Streaming frame 3823/7047
  █████████████░░░░░░░░░░░░  55%  Streaming frame 3824/7047
  █████████████░░░░░░░░░░░░  55%  Streaming frame 3825/7047
  █████████████░░░░░░░░░░░░  55%  Streaming frame 3826/7047
  █████████████░░░░░░░░░░░░  55%  Streaming frame 3827/7047
  █████████████░░░░░░░░░░░░  55%  Streaming frame 3828/7047
  █████████████░░░░░░░░░░░░  55%  Streaming frame 3829/7047
  █████████████░░░░░░░░░░░░  55%  Streaming frame 3830/7047
  █████████████░░░░░░░░░░░░  55%  Streaming frame 3831/7047
  █████████████░░░░░░░░░░░░  55%  Streaming frame 3832/7047
  █████████████░░░░░░░░░░░░  55%  Streaming frame 3833/7047
  █████████████░░░░░░░░░░░░  55%  Streaming frame 3834/7047
  █████████████░░░░░░░░░░░░  55%  Streaming frame 3835/7047
  █████████████░░░░░░░░░░░░  55%  Streaming frame 3836/7047
  █████████████░░░░░░░░░░░░  55%  Streaming frame 3837/7047
  █████████████░░░░░░░░░░░░  55%  Streaming frame 3838/7047
  █████████████░░░░░░░░░░░░  55%  Streaming frame 3839/7047
  █████████████░░░░░░░░░░░░  55%  Streaming frame 3840/7047
  █████████████░░░░░░░░░░░░  55%  Streaming frame 3841/7047
  █████████████░░░░░░░░░░░░  55%  Streaming frame 3842/7047
  █████████████░░░░░░░░░░░░  55%  Streaming frame 3843/7047
  █████████████░░░░░░░░░░░░  55%  Streaming frame 3844/7047
  █████████████░░░░░░░░░░░░  55%  Streaming frame 3845/7047
  █████████████░░░░░░░░░░░░  55%  Streaming frame 3846/7047
  █████████████░░░░░░░░░░░░  55%  Streaming frame 3847/7047
  █████████████░░░░░░░░░░░░  55%  Streaming frame 3848/7047
  █████████████░░░░░░░░░░░░  55%  Streaming frame 3849/7047
  █████████████░░░░░░░░░░░░  55%  Streaming frame 3850/7047
  █████████████░░░░░░░░░░░░  55%  Streaming frame 3851/7047
  █████████████░░░░░░░░░░░░  55%  Streaming frame 3852/7047
  █████████████░░░░░░░░░░░░  55%  Streaming frame 3853/7047
  █████████████░░░░░░░░░░░░  55%  Streaming frame 3854/7047
  █████████████░░░░░░░░░░░░  55%  Streaming frame 3855/7047
  █████████████░░░░░░░░░░░░  55%  Streaming frame 3856/7047
  █████████████░░░░░░░░░░░░  55%  Streaming frame 3857/7047
  █████████████░░░░░░░░░░░░  55%  Streaming frame 3858/7047
  █████████████░░░░░░░░░░░░  55%  Streaming frame 3859/7047
  █████████████░░░░░░░░░░░░  55%  Streaming frame 3860/7047
  █████████████░░░░░░░░░░░░  55%  Streaming frame 3861/7047
  █████████████░░░░░░░░░░░░  55%  Streaming frame 3862/7047
  █████████████░░░░░░░░░░░░  55%  Streaming frame 3863/7047
  █████████████░░░░░░░░░░░░  55%  Streaming frame 3864/7047
  █████████████░░░░░░░░░░░░  55%  Streaming frame 3865/7047
  █████████████░░░░░░░░░░░░  55%  Streaming frame 3866/7047
  █████████████░░░░░░░░░░░░  55%  Streaming frame 3867/7047
  █████████████░░░░░░░░░░░░  55%  Streaming frame 3868/7047
  █████████████░░░░░░░░░░░░  55%  Streaming frame 3869/7047
  █████████████░░░░░░░░░░░░  55%  Streaming frame 3870/7047
  █████████████░░░░░░░░░░░░  55%  Streaming frame 3871/7047
  █████████████░░░░░░░░░░░░  55%  Streaming frame 3872/7047
  █████████████░░░░░░░░░░░░  55%  Streaming frame 3873/7047
  █████████████░░░░░░░░░░░░  55%  Streaming frame 3874/7047
  █████████████░░░░░░░░░░░░  55%  Streaming frame 3875/7047
  █████████████░░░░░░░░░░░░  55%  Streaming frame 3876/7047
  █████████████░░░░░░░░░░░░  55%  Streaming frame 3877/7047
  █████████████░░░░░░░░░░░░  55%  Streaming frame 3878/7047
  █████████████░░░░░░░░░░░░  55%  Streaming frame 3879/7047
  █████████████░░░░░░░░░░░░  55%  Streaming frame 3880/7047
  █████████████░░░░░░░░░░░░  55%  Streaming frame 3881/7047
  █████████████░░░░░░░░░░░░  55%  Streaming frame 3882/7047
  █████████████░░░░░░░░░░░░  55%  Streaming frame 3883/7047
  █████████████░░░░░░░░░░░░  55%  Streaming frame 3884/7047
  █████████████░░░░░░░░░░░░  55%  Streaming frame 3885/7047
  █████████████░░░░░░░░░░░░  55%  Streaming frame 3886/7047
  █████████████░░░░░░░░░░░░  55%  Streaming frame 3887/7047
  █████████████░░░░░░░░░░░░  55%  Streaming frame 3888/7047
  █████████████░░░░░░░░░░░░  55%  Streaming frame 3889/7047
  █████████████░░░░░░░░░░░░  55%  Streaming frame 3890/7047
  █████████████░░░░░░░░░░░░  55%  Streaming frame 3891/7047
  █████████████░░░░░░░░░░░░  55%  Streaming frame 3892/7047
  █████████████░░░░░░░░░░░░  55%  Streaming frame 3893/7047
  █████████████░░░░░░░░░░░░  55%  Streaming frame 3894/7047
  █████████████░░░░░░░░░░░░  55%  Streaming frame 3895/7047
  █████████████░░░░░░░░░░░░  55%  Streaming frame 3896/7047
  █████████████░░░░░░░░░░░░  55%  Streaming frame 3897/7047
  █████████████░░░░░░░░░░░░  55%  Streaming frame 3898/7047
  █████████████░░░░░░░░░░░░  55%  Streaming frame 3899/7047
  █████████████░░░░░░░░░░░░  55%  Streaming frame 3900/7047
  █████████████░░░░░░░░░░░░  55%  Streaming frame 3901/7047
  █████████████░░░░░░░░░░░░  55%  Streaming frame 3902/7047
  █████████████░░░░░░░░░░░░  55%  Streaming frame 3903/7047
  █████████████░░░░░░░░░░░░  55%  Streaming frame 3904/7047
  █████████████░░░░░░░░░░░░  55%  Streaming frame 3905/7047
  █████████████░░░░░░░░░░░░  55%  Streaming frame 3906/7047
  █████████████░░░░░░░░░░░░  55%  Streaming frame 3907/7047
  ██████████████░░░░░░░░░░░  56%  Streaming frame 3908/7047
  ██████████████░░░░░░░░░░░  56%  Streaming frame 3909/7047
  ██████████████░░░░░░░░░░░  56%  Streaming frame 3910/7047
  ██████████████░░░░░░░░░░░  56%  Streaming frame 3911/7047
  ██████████████░░░░░░░░░░░  56%  Streaming frame 3912/7047
  ██████████████░░░░░░░░░░░  56%  Streaming frame 3913/7047
  ██████████████░░░░░░░░░░░  56%  Streaming frame 3914/7047
  ██████████████░░░░░░░░░░░  56%  Streaming frame 3915/7047
  ██████████████░░░░░░░░░░░  56%  Streaming frame 3916/7047
  ██████████████░░░░░░░░░░░  56%  Streaming frame 3917/7047
  ██████████████░░░░░░░░░░░  56%  Streaming frame 3918/7047
  ██████████████░░░░░░░░░░░  56%  Streaming frame 3919/7047
  ██████████████░░░░░░░░░░░  56%  Streaming frame 3920/7047
  ██████████████░░░░░░░░░░░  56%  Streaming frame 3921/7047
  ██████████████░░░░░░░░░░░  56%  Streaming frame 3922/7047
  ██████████████░░░░░░░░░░░  56%  Streaming frame 3923/7047
  ██████████████░░░░░░░░░░░  56%  Streaming frame 3924/7047
  ██████████████░░░░░░░░░░░  56%  Streaming frame 3925/7047
  ██████████████░░░░░░░░░░░  56%  Streaming frame 3926/7047
  ██████████████░░░░░░░░░░░  56%  Streaming frame 3927/7047
  ██████████████░░░░░░░░░░░  56%  Streaming frame 3928/7047
  ██████████████░░░░░░░░░░░  56%  Streaming frame 3929/7047
  ██████████████░░░░░░░░░░░  56%  Streaming frame 3930/7047
  ██████████████░░░░░░░░░░░  56%  Streaming frame 3931/7047
  ██████████████░░░░░░░░░░░  56%  Streaming frame 3932/7047
  ██████████████░░░░░░░░░░░  56%  Streaming frame 3933/7047
  ██████████████░░░░░░░░░░░  56%  Streaming frame 3934/7047
  ██████████████░░░░░░░░░░░  56%  Streaming frame 3935/7047
  ██████████████░░░░░░░░░░░  56%  Streaming frame 3936/7047
  ██████████████░░░░░░░░░░░  56%  Streaming frame 3937/7047
  ██████████████░░░░░░░░░░░  56%  Streaming frame 3938/7047
  ██████████████░░░░░░░░░░░  56%  Streaming frame 3939/7047
  ██████████████░░░░░░░░░░░  56%  Streaming frame 3940/7047
  ██████████████░░░░░░░░░░░  56%  Streaming frame 3941/7047
  ██████████████░░░░░░░░░░░  56%  Streaming frame 3942/7047
  ██████████████░░░░░░░░░░░  56%  Streaming frame 3943/7047
  ██████████████░░░░░░░░░░░  56%  Streaming frame 3944/7047
  ██████████████░░░░░░░░░░░  56%  Streaming frame 3945/7047
  ██████████████░░░░░░░░░░░  56%  Streaming frame 3946/7047
  ██████████████░░░░░░░░░░░  56%  Streaming frame 3947/7047
  ██████████████░░░░░░░░░░░  56%  Streaming frame 3948/7047
  ██████████████░░░░░░░░░░░  56%  Streaming frame 3949/7047
  ██████████████░░░░░░░░░░░  56%  Streaming frame 3950/7047
  ██████████████░░░░░░░░░░░  56%  Streaming frame 3951/7047
  ██████████████░░░░░░░░░░░  56%  Streaming frame 3952/7047
  ██████████████░░░░░░░░░░░  56%  Streaming frame 3953/7047
  ██████████████░░░░░░░░░░░  56%  Streaming frame 3954/7047
  ██████████████░░░░░░░░░░░  56%  Streaming frame 3955/7047
  ██████████████░░░░░░░░░░░  56%  Streaming frame 3956/7047
  ██████████████░░░░░░░░░░░  56%  Streaming frame 3957/7047
  ██████████████░░░░░░░░░░░  56%  Streaming frame 3958/7047
  ██████████████░░░░░░░░░░░  56%  Streaming frame 3959/7047
  ██████████████░░░░░░░░░░░  56%  Streaming frame 3960/7047
  ██████████████░░░░░░░░░░░  56%  Streaming frame 3961/7047
  ██████████████░░░░░░░░░░░  56%  Streaming frame 3962/7047
  ██████████████░░░░░░░░░░░  56%  Streaming frame 3963/7047
  ██████████████░░░░░░░░░░░  56%  Streaming frame 3964/7047
  ██████████████░░░░░░░░░░░  56%  Streaming frame 3965/7047
  ██████████████░░░░░░░░░░░  56%  Streaming frame 3966/7047
  ██████████████░░░░░░░░░░░  56%  Streaming frame 3967/7047
  ██████████████░░░░░░░░░░░  56%  Streaming frame 3968/7047
  ██████████████░░░░░░░░░░░  56%  Streaming frame 3969/7047
  ██████████████░░░░░░░░░░░  56%  Streaming frame 3970/7047
  ██████████████░░░░░░░░░░░  56%  Streaming frame 3971/7047
  ██████████████░░░░░░░░░░░  56%  Streaming frame 3972/7047
  ██████████████░░░░░░░░░░░  56%  Streaming frame 3973/7047
  ██████████████░░░░░░░░░░░  56%  Streaming frame 3974/7047
  ██████████████░░░░░░░░░░░  56%  Streaming frame 3975/7047
  ██████████████░░░░░░░░░░░  56%  Streaming frame 3976/7047
  ██████████████░░░░░░░░░░░  56%  Streaming frame 3977/7047
  ██████████████░░░░░░░░░░░  56%  Streaming frame 3978/7047
  ██████████████░░░░░░░░░░░  56%  Streaming frame 3979/7047
  ██████████████░░░░░░░░░░░  56%  Streaming frame 3980/7047
  ██████████████░░░░░░░░░░░  56%  Streaming frame 3981/7047
  ██████████████░░░░░░░░░░░  56%  Streaming frame 3982/7047
  ██████████████░░░░░░░░░░░  56%  Streaming frame 3983/7047
  ██████████████░░░░░░░░░░░  56%  Streaming frame 3984/7047
  ██████████████░░░░░░░░░░░  56%  Streaming frame 3985/7047
  ██████████████░░░░░░░░░░░  56%  Streaming frame 3986/7047
  ██████████████░░░░░░░░░░░  56%  Streaming frame 3987/7047
  ██████████████░░░░░░░░░░░  56%  Streaming frame 3988/7047
  ██████████████░░░░░░░░░░░  56%  Streaming frame 3989/7047
  ██████████████░░░░░░░░░░░  56%  Streaming frame 3990/7047
  ██████████████░░░░░░░░░░░  56%  Streaming frame 3991/7047
  ██████████████░░░░░░░░░░░  56%  Streaming frame 3992/7047
  ██████████████░░░░░░░░░░░  56%  Streaming frame 3993/7047
  ██████████████░░░░░░░░░░░  56%  Streaming frame 3994/7047
  ██████████████░░░░░░░░░░░  56%  Streaming frame 3995/7047
  ██████████████░░░░░░░░░░░  56%  Streaming frame 3996/7047
  ██████████████░░░░░░░░░░░  56%  Streaming frame 3997/7047
  ██████████████░░░░░░░░░░░  56%  Streaming frame 3998/7047
  ██████████████░░░░░░░░░░░  56%  Streaming frame 3999/7047
  ██████████████░░░░░░░░░░░  56%  Streaming frame 4000/7047
  ██████████████░░░░░░░░░░░  56%  Streaming frame 4001/7047
  ██████████████░░░░░░░░░░░  56%  Streaming frame 4002/7047
  ██████████████░░░░░░░░░░░  56%  Streaming frame 4003/7047
  ██████████████░░░░░░░░░░░  56%  Streaming frame 4004/7047
  ██████████████░░░░░░░░░░░  56%  Streaming frame 4005/7047
  ██████████████░░░░░░░░░░░  56%  Streaming frame 4006/7047
  ██████████████░░░░░░░░░░░  56%  Streaming frame 4007/7047
  ██████████████░░░░░░░░░░░  56%  Streaming frame 4008/7047
  ██████████████░░░░░░░░░░░  56%  Streaming frame 4009/7047
  ██████████████░░░░░░░░░░░  56%  Streaming frame 4010/7047
  ██████████████░░░░░░░░░░░  56%  Streaming frame 4011/7047
  ██████████████░░░░░░░░░░░  56%  Streaming frame 4012/7047
  ██████████████░░░░░░░░░░░  56%  Streaming frame 4013/7047
  ██████████████░░░░░░░░░░░  56%  Streaming frame 4014/7047
  ██████████████░░░░░░░░░░░  56%  Streaming frame 4015/7047
  ██████████████░░░░░░░░░░░  56%  Streaming frame 4016/7047
  ██████████████░░░░░░░░░░░  56%  Streaming frame 4017/7047
  ██████████████░░░░░░░░░░░  56%  Streaming frame 4018/7047
  ██████████████░░░░░░░░░░░  56%  Streaming frame 4019/7047
  ██████████████░░░░░░░░░░░  56%  Streaming frame 4020/7047
  ██████████████░░░░░░░░░░░  56%  Streaming frame 4021/7047
  ██████████████░░░░░░░░░░░  56%  Streaming frame 4022/7047
  ██████████████░░░░░░░░░░░  56%  Streaming frame 4023/7047
  ██████████████░░░░░░░░░░░  56%  Streaming frame 4024/7047
  ██████████████░░░░░░░░░░░  56%  Streaming frame 4025/7047
  ██████████████░░░░░░░░░░░  56%  Streaming frame 4026/7047
  ██████████████░░░░░░░░░░░  56%  Streaming frame 4027/7047
  ██████████████░░░░░░░░░░░  56%  Streaming frame 4028/7047
  ██████████████░░░░░░░░░░░  56%  Streaming frame 4029/7047
  ██████████████░░░░░░░░░░░  56%  Streaming frame 4030/7047
  ██████████████░░░░░░░░░░░  56%  Streaming frame 4031/7047
  ██████████████░░░░░░░░░░░  56%  Streaming frame 4032/7047
  ██████████████░░░░░░░░░░░  56%  Streaming frame 4033/7047
  ██████████████░░░░░░░░░░░  56%  Streaming frame 4034/7047
  ██████████████░░░░░░░░░░░  56%  Streaming frame 4035/7047
  ██████████████░░░░░░░░░░░  56%  Streaming frame 4036/7047
  ██████████████░░░░░░░░░░░  57%  Streaming frame 4037/7047
  ██████████████░░░░░░░░░░░  57%  Streaming frame 4038/7047
  ██████████████░░░░░░░░░░░  57%  Streaming frame 4039/7047
  ██████████████░░░░░░░░░░░  57%  Streaming frame 4040/7047
  ██████████████░░░░░░░░░░░  57%  Streaming frame 4041/7047
  ██████████████░░░░░░░░░░░  57%  Streaming frame 4042/7047
  ██████████████░░░░░░░░░░░  57%  Streaming frame 4043/7047
  ██████████████░░░░░░░░░░░  57%  Streaming frame 4044/7047
  ██████████████░░░░░░░░░░░  57%  Streaming frame 4045/7047
  ██████████████░░░░░░░░░░░  57%  Streaming frame 4046/7047
  ██████████████░░░░░░░░░░░  57%  Streaming frame 4047/7047
  ██████████████░░░░░░░░░░░  57%  Streaming frame 4048/7047
  ██████████████░░░░░░░░░░░  57%  Streaming frame 4049/7047
  ██████████████░░░░░░░░░░░  57%  Streaming frame 4050/7047
  ██████████████░░░░░░░░░░░  57%  Streaming frame 4051/7047
  ██████████████░░░░░░░░░░░  57%  Streaming frame 4052/7047
  ██████████████░░░░░░░░░░░  57%  Streaming frame 4053/7047
  ██████████████░░░░░░░░░░░  57%  Streaming frame 4054/7047
  ██████████████░░░░░░░░░░░  57%  Streaming frame 4055/7047
  ██████████████░░░░░░░░░░░  57%  Streaming frame 4056/7047
  ██████████████░░░░░░░░░░░  57%  Streaming frame 4057/7047
  ██████████████░░░░░░░░░░░  57%  Streaming frame 4058/7047
  ██████████████░░░░░░░░░░░  57%  Streaming frame 4059/7047
  ██████████████░░░░░░░░░░░  57%  Streaming frame 4060/7047
  ██████████████░░░░░░░░░░░  57%  Streaming frame 4061/7047
  ██████████████░░░░░░░░░░░  57%  Streaming frame 4062/7047
  ██████████████░░░░░░░░░░░  57%  Streaming frame 4063/7047
  ██████████████░░░░░░░░░░░  57%  Streaming frame 4064/7047
  ██████████████░░░░░░░░░░░  57%  Streaming frame 4065/7047
  ██████████████░░░░░░░░░░░  57%  Streaming frame 4066/7047
  ██████████████░░░░░░░░░░░  57%  Streaming frame 4067/7047
  ██████████████░░░░░░░░░░░  57%  Streaming frame 4068/7047
  ██████████████░░░░░░░░░░░  57%  Streaming frame 4069/7047
  ██████████████░░░░░░░░░░░  57%  Streaming frame 4070/7047
  ██████████████░░░░░░░░░░░  57%  Streaming frame 4071/7047
  ██████████████░░░░░░░░░░░  57%  Streaming frame 4072/7047
  ██████████████░░░░░░░░░░░  57%  Streaming frame 4073/7047
  ██████████████░░░░░░░░░░░  57%  Streaming frame 4074/7047
  ██████████████░░░░░░░░░░░  57%  Streaming frame 4075/7047
  ██████████████░░░░░░░░░░░  57%  Streaming frame 4076/7047
  ██████████████░░░░░░░░░░░  57%  Streaming frame 4077/7047
  ██████████████░░░░░░░░░░░  57%  Streaming frame 4078/7047
  ██████████████░░░░░░░░░░░  57%  Streaming frame 4079/7047
  ██████████████░░░░░░░░░░░  57%  Streaming frame 4080/7047
  ██████████████░░░░░░░░░░░  57%  Streaming frame 4081/7047
  ██████████████░░░░░░░░░░░  57%  Streaming frame 4082/7047
  ██████████████░░░░░░░░░░░  57%  Streaming frame 4083/7047
  ██████████████░░░░░░░░░░░  57%  Streaming frame 4084/7047
  ██████████████░░░░░░░░░░░  57%  Streaming frame 4085/7047
  ██████████████░░░░░░░░░░░  57%  Streaming frame 4086/7047
  ██████████████░░░░░░░░░░░  57%  Streaming frame 4087/7047
  ██████████████░░░░░░░░░░░  57%  Streaming frame 4088/7047
  ██████████████░░░░░░░░░░░  57%  Streaming frame 4089/7047
  ██████████████░░░░░░░░░░░  57%  Streaming frame 4090/7047
  ██████████████░░░░░░░░░░░  57%  Streaming frame 4091/7047
  ██████████████░░░░░░░░░░░  57%  Streaming frame 4092/7047
  ██████████████░░░░░░░░░░░  57%  Streaming frame 4093/7047
  ██████████████░░░░░░░░░░░  57%  Streaming frame 4094/7047
  ██████████████░░░░░░░░░░░  57%  Streaming frame 4095/7047
  ██████████████░░░░░░░░░░░  57%  Streaming frame 4096/7047
  ██████████████░░░░░░░░░░░  57%  Streaming frame 4097/7047
  ██████████████░░░░░░░░░░░  57%  Streaming frame 4098/7047
  ██████████████░░░░░░░░░░░  57%  Streaming frame 4099/7047
  ██████████████░░░░░░░░░░░  57%  Streaming frame 4100/7047
  ██████████████░░░░░░░░░░░  57%  Streaming frame 4101/7047
  ██████████████░░░░░░░░░░░  57%  Streaming frame 4102/7047
  ██████████████░░░░░░░░░░░  57%  Streaming frame 4103/7047
  ██████████████░░░░░░░░░░░  57%  Streaming frame 4104/7047
  ██████████████░░░░░░░░░░░  57%  Streaming frame 4105/7047
  ██████████████░░░░░░░░░░░  57%  Streaming frame 4106/7047
  ██████████████░░░░░░░░░░░  57%  Streaming frame 4107/7047
  ██████████████░░░░░░░░░░░  57%  Streaming frame 4108/7047
  ██████████████░░░░░░░░░░░  57%  Streaming frame 4109/7047
  ██████████████░░░░░░░░░░░  57%  Streaming frame 4110/7047
  ██████████████░░░░░░░░░░░  57%  Streaming frame 4111/7047
  ██████████████░░░░░░░░░░░  57%  Streaming frame 4112/7047
  ██████████████░░░░░░░░░░░  57%  Streaming frame 4113/7047
  ██████████████░░░░░░░░░░░  57%  Streaming frame 4114/7047
  ██████████████░░░░░░░░░░░  57%  Streaming frame 4115/7047
  ██████████████░░░░░░░░░░░  57%  Streaming frame 4116/7047
  ██████████████░░░░░░░░░░░  57%  Streaming frame 4117/7047
  ██████████████░░░░░░░░░░░  57%  Streaming frame 4118/7047
  ██████████████░░░░░░░░░░░  57%  Streaming frame 4119/7047
  ██████████████░░░░░░░░░░░  57%  Streaming frame 4120/7047
  ██████████████░░░░░░░░░░░  57%  Streaming frame 4121/7047
  ██████████████░░░░░░░░░░░  57%  Streaming frame 4122/7047
  ██████████████░░░░░░░░░░░  57%  Streaming frame 4123/7047
  ██████████████░░░░░░░░░░░  57%  Streaming frame 4124/7047
  ██████████████░░░░░░░░░░░  57%  Streaming frame 4125/7047
  ██████████████░░░░░░░░░░░  57%  Streaming frame 4126/7047
  ██████████████░░░░░░░░░░░  57%  Streaming frame 4127/7047
  ██████████████░░░░░░░░░░░  57%  Streaming frame 4128/7047
  ██████████████░░░░░░░░░░░  57%  Streaming frame 4129/7047
  ██████████████░░░░░░░░░░░  57%  Streaming frame 4130/7047
  ██████████████░░░░░░░░░░░  57%  Streaming frame 4131/7047
  ██████████████░░░░░░░░░░░  57%  Streaming frame 4132/7047
  ██████████████░░░░░░░░░░░  57%  Streaming frame 4133/7047
  ██████████████░░░░░░░░░░░  57%  Streaming frame 4134/7047
  ██████████████░░░░░░░░░░░  57%  Streaming frame 4135/7047
  ██████████████░░░░░░░░░░░  57%  Streaming frame 4136/7047
  ██████████████░░░░░░░░░░░  57%  Streaming frame 4137/7047
  ██████████████░░░░░░░░░░░  57%  Streaming frame 4138/7047
  ██████████████░░░░░░░░░░░  57%  Streaming frame 4139/7047
  ██████████████░░░░░░░░░░░  57%  Streaming frame 4140/7047
  ██████████████░░░░░░░░░░░  57%  Streaming frame 4141/7047
  ██████████████░░░░░░░░░░░  57%  Streaming frame 4142/7047
  ██████████████░░░░░░░░░░░  57%  Streaming frame 4143/7047
  ██████████████░░░░░░░░░░░  57%  Streaming frame 4144/7047
  ██████████████░░░░░░░░░░░  57%  Streaming frame 4145/7047
  ██████████████░░░░░░░░░░░  57%  Streaming frame 4146/7047
  ██████████████░░░░░░░░░░░  57%  Streaming frame 4147/7047
  ██████████████░░░░░░░░░░░  57%  Streaming frame 4148/7047
  ██████████████░░░░░░░░░░░  57%  Streaming frame 4149/7047
  ██████████████░░░░░░░░░░░  57%  Streaming frame 4150/7047
  ██████████████░░░░░░░░░░░  57%  Streaming frame 4151/7047
  ██████████████░░░░░░░░░░░  57%  Streaming frame 4152/7047
  ██████████████░░░░░░░░░░░  57%  Streaming frame 4153/7047
  ██████████████░░░░░░░░░░░  57%  Streaming frame 4154/7047
  ██████████████░░░░░░░░░░░  57%  Streaming frame 4155/7047
  ██████████████░░░░░░░░░░░  57%  Streaming frame 4156/7047
  ██████████████░░░░░░░░░░░  57%  Streaming frame 4157/7047
  ██████████████░░░░░░░░░░░  57%  Streaming frame 4158/7047
  ██████████████░░░░░░░░░░░  57%  Streaming frame 4159/7047
  ██████████████░░░░░░░░░░░  57%  Streaming frame 4160/7047
  ██████████████░░░░░░░░░░░  57%  Streaming frame 4161/7047
  ██████████████░░░░░░░░░░░  57%  Streaming frame 4162/7047
  ██████████████░░░░░░░░░░░  57%  Streaming frame 4163/7047
  ██████████████░░░░░░░░░░░  57%  Streaming frame 4164/7047
  ██████████████░░░░░░░░░░░  58%  Streaming frame 4165/7047
  ██████████████░░░░░░░░░░░  58%  Streaming frame 4166/7047
  ██████████████░░░░░░░░░░░  58%  Streaming frame 4167/7047
  ██████████████░░░░░░░░░░░  58%  Streaming frame 4168/7047
  ██████████████░░░░░░░░░░░  58%  Streaming frame 4169/7047
  ██████████████░░░░░░░░░░░  58%  Streaming frame 4170/7047
  ██████████████░░░░░░░░░░░  58%  Streaming frame 4171/7047
  ██████████████░░░░░░░░░░░  58%  Streaming frame 4172/7047
  ██████████████░░░░░░░░░░░  58%  Streaming frame 4173/7047
  ██████████████░░░░░░░░░░░  58%  Streaming frame 4174/7047
  ██████████████░░░░░░░░░░░  58%  Streaming frame 4175/7047
  ██████████████░░░░░░░░░░░  58%  Streaming frame 4176/7047
  ██████████████░░░░░░░░░░░  58%  Streaming frame 4177/7047
  ██████████████░░░░░░░░░░░  58%  Streaming frame 4178/7047
  ██████████████░░░░░░░░░░░  58%  Streaming frame 4179/7047
  ██████████████░░░░░░░░░░░  58%  Streaming frame 4180/7047
  ██████████████░░░░░░░░░░░  58%  Streaming frame 4181/7047
  ██████████████░░░░░░░░░░░  58%  Streaming frame 4182/7047
  ██████████████░░░░░░░░░░░  58%  Streaming frame 4183/7047
  ██████████████░░░░░░░░░░░  58%  Streaming frame 4184/7047
  ██████████████░░░░░░░░░░░  58%  Streaming frame 4185/7047
  ██████████████░░░░░░░░░░░  58%  Streaming frame 4186/7047
  ██████████████░░░░░░░░░░░  58%  Streaming frame 4187/7047
  ██████████████░░░░░░░░░░░  58%  Streaming frame 4188/7047
  ██████████████░░░░░░░░░░░  58%  Streaming frame 4189/7047
  ██████████████░░░░░░░░░░░  58%  Streaming frame 4190/7047
  ██████████████░░░░░░░░░░░  58%  Streaming frame 4191/7047
  ██████████████░░░░░░░░░░░  58%  Streaming frame 4192/7047
  ██████████████░░░░░░░░░░░  58%  Streaming frame 4193/7047
  ██████████████░░░░░░░░░░░  58%  Streaming frame 4194/7047
  ██████████████░░░░░░░░░░░  58%  Streaming frame 4195/7047
  ██████████████░░░░░░░░░░░  58%  Streaming frame 4196/7047
  ██████████████░░░░░░░░░░░  58%  Streaming frame 4197/7047
  ██████████████░░░░░░░░░░░  58%  Streaming frame 4198/7047
  ██████████████░░░░░░░░░░░  58%  Streaming frame 4199/7047
  ██████████████░░░░░░░░░░░  58%  Streaming frame 4200/7047
  ██████████████░░░░░░░░░░░  58%  Streaming frame 4201/7047
  ██████████████░░░░░░░░░░░  58%  Streaming frame 4202/7047
  ██████████████░░░░░░░░░░░  58%  Streaming frame 4203/7047
  ██████████████░░░░░░░░░░░  58%  Streaming frame 4204/7047
  ██████████████░░░░░░░░░░░  58%  Streaming frame 4205/7047
  ██████████████░░░░░░░░░░░  58%  Streaming frame 4206/7047
  ██████████████░░░░░░░░░░░  58%  Streaming frame 4207/7047
  ██████████████░░░░░░░░░░░  58%  Streaming frame 4208/7047
  ██████████████░░░░░░░░░░░  58%  Streaming frame 4209/7047
  ██████████████░░░░░░░░░░░  58%  Streaming frame 4210/7047
  ██████████████░░░░░░░░░░░  58%  Streaming frame 4211/7047
  ██████████████░░░░░░░░░░░  58%  Streaming frame 4212/7047
  ██████████████░░░░░░░░░░░  58%  Streaming frame 4213/7047
  ██████████████░░░░░░░░░░░  58%  Streaming frame 4214/7047
  ██████████████░░░░░░░░░░░  58%  Streaming frame 4215/7047
  ██████████████░░░░░░░░░░░  58%  Streaming frame 4216/7047
  ██████████████░░░░░░░░░░░  58%  Streaming frame 4217/7047
  ██████████████░░░░░░░░░░░  58%  Streaming frame 4218/7047
  ██████████████░░░░░░░░░░░  58%  Streaming frame 4219/7047
  ██████████████░░░░░░░░░░░  58%  Streaming frame 4220/7047
  ██████████████░░░░░░░░░░░  58%  Streaming frame 4221/7047
  ██████████████░░░░░░░░░░░  58%  Streaming frame 4222/7047
  ██████████████░░░░░░░░░░░  58%  Streaming frame 4223/7047
  ██████████████░░░░░░░░░░░  58%  Streaming frame 4224/7047
  ██████████████░░░░░░░░░░░  58%  Streaming frame 4225/7047
  ██████████████░░░░░░░░░░░  58%  Streaming frame 4226/7047
  ██████████████░░░░░░░░░░░  58%  Streaming frame 4227/7047
  ██████████████░░░░░░░░░░░  58%  Streaming frame 4228/7047
  ██████████████░░░░░░░░░░░  58%  Streaming frame 4229/7047
  ██████████████░░░░░░░░░░░  58%  Streaming frame 4230/7047
  ██████████████░░░░░░░░░░░  58%  Streaming frame 4231/7047
  ██████████████░░░░░░░░░░░  58%  Streaming frame 4232/7047
  ██████████████░░░░░░░░░░░  58%  Streaming frame 4233/7047
  ██████████████░░░░░░░░░░░  58%  Streaming frame 4234/7047
  ██████████████░░░░░░░░░░░  58%  Streaming frame 4235/7047
  ██████████████░░░░░░░░░░░  58%  Streaming frame 4236/7047
  ██████████████░░░░░░░░░░░  58%  Streaming frame 4237/7047
  ██████████████░░░░░░░░░░░  58%  Streaming frame 4238/7047
  ██████████████░░░░░░░░░░░  58%  Streaming frame 4239/7047
  ██████████████░░░░░░░░░░░  58%  Streaming frame 4240/7047
  ██████████████░░░░░░░░░░░  58%  Streaming frame 4241/7047
  ██████████████░░░░░░░░░░░  58%  Streaming frame 4242/7047
  ██████████████░░░░░░░░░░░  58%  Streaming frame 4243/7047
  ██████████████░░░░░░░░░░░  58%  Streaming frame 4244/7047
  ██████████████░░░░░░░░░░░  58%  Streaming frame 4245/7047
  ██████████████░░░░░░░░░░░  58%  Streaming frame 4246/7047
  ██████████████░░░░░░░░░░░  58%  Streaming frame 4247/7047
  ██████████████░░░░░░░░░░░  58%  Streaming frame 4248/7047
  ██████████████░░░░░░░░░░░  58%  Streaming frame 4249/7047
  ██████████████░░░░░░░░░░░  58%  Streaming frame 4250/7047
  ██████████████░░░░░░░░░░░  58%  Streaming frame 4251/7047
  ██████████████░░░░░░░░░░░  58%  Streaming frame 4252/7047
  ██████████████░░░░░░░░░░░  58%  Streaming frame 4253/7047
  ██████████████░░░░░░░░░░░  58%  Streaming frame 4254/7047
  ██████████████░░░░░░░░░░░  58%  Streaming frame 4255/7047
  ██████████████░░░░░░░░░░░  58%  Streaming frame 4256/7047
  ██████████████░░░░░░░░░░░  58%  Streaming frame 4257/7047
  ██████████████░░░░░░░░░░░  58%  Streaming frame 4258/7047
  ██████████████░░░░░░░░░░░  58%  Streaming frame 4259/7047
  ██████████████░░░░░░░░░░░  58%  Streaming frame 4260/7047
  ██████████████░░░░░░░░░░░  58%  Streaming frame 4261/7047
  ██████████████░░░░░░░░░░░  58%  Streaming frame 4262/7047
  ██████████████░░░░░░░░░░░  58%  Streaming frame 4263/7047
  ██████████████░░░░░░░░░░░  58%  Streaming frame 4264/7047
  ██████████████░░░░░░░░░░░  58%  Streaming frame 4265/7047
  ██████████████░░░░░░░░░░░  58%  Streaming frame 4266/7047
  ██████████████░░░░░░░░░░░  58%  Streaming frame 4267/7047
  ██████████████░░░░░░░░░░░  58%  Streaming frame 4268/7047
  ██████████████░░░░░░░░░░░  58%  Streaming frame 4269/7047
  ██████████████░░░░░░░░░░░  58%  Streaming frame 4270/7047
  ██████████████░░░░░░░░░░░  58%  Streaming frame 4271/7047
  ██████████████░░░░░░░░░░░  58%  Streaming frame 4272/7047
  ██████████████░░░░░░░░░░░  58%  Streaming frame 4273/7047
  ██████████████░░░░░░░░░░░  58%  Streaming frame 4274/7047
  ██████████████░░░░░░░░░░░  58%  Streaming frame 4275/7047
  ██████████████░░░░░░░░░░░  58%  Streaming frame 4276/7047
  ██████████████░░░░░░░░░░░  58%  Streaming frame 4277/7047
  ██████████████░░░░░░░░░░░  58%  Streaming frame 4278/7047
  ██████████████░░░░░░░░░░░  58%  Streaming frame 4279/7047
  ██████████████░░░░░░░░░░░  58%  Streaming frame 4280/7047
  ██████████████░░░░░░░░░░░  58%  Streaming frame 4281/7047
  ██████████████░░░░░░░░░░░  58%  Streaming frame 4282/7047
  ██████████████░░░░░░░░░░░  58%  Streaming frame 4283/7047
  ██████████████░░░░░░░░░░░  58%  Streaming frame 4284/7047
  ██████████████░░░░░░░░░░░  58%  Streaming frame 4285/7047
  ██████████████░░░░░░░░░░░  58%  Streaming frame 4286/7047
  ██████████████░░░░░░░░░░░  58%  Streaming frame 4287/7047
  ██████████████░░░░░░░░░░░  58%  Streaming frame 4288/7047
  ██████████████░░░░░░░░░░░  58%  Streaming frame 4289/7047
  ██████████████░░░░░░░░░░░  58%  Streaming frame 4290/7047
  ██████████████░░░░░░░░░░░  58%  Streaming frame 4291/7047
  ██████████████░░░░░░░░░░░  58%  Streaming frame 4292/7047
  ██████████████░░░░░░░░░░░  59%  Streaming frame 4293/7047
  ██████████████░░░░░░░░░░░  59%  Streaming frame 4294/7047
  ██████████████░░░░░░░░░░░  59%  Streaming frame 4295/7047
  ██████████████░░░░░░░░░░░  59%  Streaming frame 4296/7047
  ██████████████░░░░░░░░░░░  59%  Streaming frame 4297/7047
  ██████████████░░░░░░░░░░░  59%  Streaming frame 4298/7047
  ██████████████░░░░░░░░░░░  59%  Streaming frame 4299/7047
  ██████████████░░░░░░░░░░░  59%  Streaming frame 4300/7047
  ██████████████░░░░░░░░░░░  59%  Streaming frame 4301/7047
  ██████████████░░░░░░░░░░░  59%  Streaming frame 4302/7047
  ██████████████░░░░░░░░░░░  59%  Streaming frame 4303/7047
  ██████████████░░░░░░░░░░░  59%  Streaming frame 4304/7047
  ██████████████░░░░░░░░░░░  59%  Streaming frame 4305/7047
  ██████████████░░░░░░░░░░░  59%  Streaming frame 4306/7047
  ██████████████░░░░░░░░░░░  59%  Streaming frame 4307/7047
  ██████████████░░░░░░░░░░░  59%  Streaming frame 4308/7047
  ██████████████░░░░░░░░░░░  59%  Streaming frame 4309/7047
  ██████████████░░░░░░░░░░░  59%  Streaming frame 4310/7047
  ██████████████░░░░░░░░░░░  59%  Streaming frame 4311/7047
  ██████████████░░░░░░░░░░░  59%  Streaming frame 4312/7047
  ██████████████░░░░░░░░░░░  59%  Streaming frame 4313/7047
  ██████████████░░░░░░░░░░░  59%  Streaming frame 4314/7047
  ██████████████░░░░░░░░░░░  59%  Streaming frame 4315/7047
  ██████████████░░░░░░░░░░░  59%  Streaming frame 4316/7047
  ██████████████░░░░░░░░░░░  59%  Streaming frame 4317/7047
  ██████████████░░░░░░░░░░░  59%  Streaming frame 4318/7047
  ██████████████░░░░░░░░░░░  59%  Streaming frame 4319/7047
  ██████████████░░░░░░░░░░░  59%  Streaming frame 4320/7047
  ██████████████░░░░░░░░░░░  59%  Streaming frame 4321/7047
  ██████████████░░░░░░░░░░░  59%  Streaming frame 4322/7047
  ██████████████░░░░░░░░░░░  59%  Streaming frame 4323/7047
  ██████████████░░░░░░░░░░░  59%  Streaming frame 4324/7047
  ██████████████░░░░░░░░░░░  59%  Streaming frame 4325/7047
  ██████████████░░░░░░░░░░░  59%  Streaming frame 4326/7047
  ██████████████░░░░░░░░░░░  59%  Streaming frame 4327/7047
  ██████████████░░░░░░░░░░░  59%  Streaming frame 4328/7047
  ██████████████░░░░░░░░░░░  59%  Streaming frame 4329/7047
  ██████████████░░░░░░░░░░░  59%  Streaming frame 4330/7047
  ██████████████░░░░░░░░░░░  59%  Streaming frame 4331/7047
  ██████████████░░░░░░░░░░░  59%  Streaming frame 4332/7047
  ██████████████░░░░░░░░░░░  59%  Streaming frame 4333/7047
  ██████████████░░░░░░░░░░░  59%  Streaming frame 4334/7047
  ██████████████░░░░░░░░░░░  59%  Streaming frame 4335/7047
  ██████████████░░░░░░░░░░░  59%  Streaming frame 4336/7047
  ██████████████░░░░░░░░░░░  59%  Streaming frame 4337/7047
  ██████████████░░░░░░░░░░░  59%  Streaming frame 4338/7047
  ██████████████░░░░░░░░░░░  59%  Streaming frame 4339/7047
  ██████████████░░░░░░░░░░░  59%  Streaming frame 4340/7047
  ██████████████░░░░░░░░░░░  59%  Streaming frame 4341/7047
  ██████████████░░░░░░░░░░░  59%  Streaming frame 4342/7047
  ██████████████░░░░░░░░░░░  59%  Streaming frame 4343/7047
  ██████████████░░░░░░░░░░░  59%  Streaming frame 4344/7047
  ██████████████░░░░░░░░░░░  59%  Streaming frame 4345/7047
  ██████████████░░░░░░░░░░░  59%  Streaming frame 4346/7047
  ██████████████░░░░░░░░░░░  59%  Streaming frame 4347/7047
  ██████████████░░░░░░░░░░░  59%  Streaming frame 4348/7047
  ██████████████░░░░░░░░░░░  59%  Streaming frame 4349/7047
  ██████████████░░░░░░░░░░░  59%  Streaming frame 4350/7047
  ██████████████░░░░░░░░░░░  59%  Streaming frame 4351/7047
  ██████████████░░░░░░░░░░░  59%  Streaming frame 4352/7047
  ██████████████░░░░░░░░░░░  59%  Streaming frame 4353/7047
  ██████████████░░░░░░░░░░░  59%  Streaming frame 4354/7047
  ██████████████░░░░░░░░░░░  59%  Streaming frame 4355/7047
  ██████████████░░░░░░░░░░░  59%  Streaming frame 4356/7047
  ██████████████░░░░░░░░░░░  59%  Streaming frame 4357/7047
  ██████████████░░░░░░░░░░░  59%  Streaming frame 4358/7047
  ██████████████░░░░░░░░░░░  59%  Streaming frame 4359/7047
  ██████████████░░░░░░░░░░░  59%  Streaming frame 4360/7047
  ██████████████░░░░░░░░░░░  59%  Streaming frame 4361/7047
  ██████████████░░░░░░░░░░░  59%  Streaming frame 4362/7047
  ██████████████░░░░░░░░░░░  59%  Streaming frame 4363/7047
  ██████████████░░░░░░░░░░░  59%  Streaming frame 4364/7047
  ██████████████░░░░░░░░░░░  59%  Streaming frame 4365/7047
  ██████████████░░░░░░░░░░░  59%  Streaming frame 4366/7047
  ██████████████░░░░░░░░░░░  59%  Streaming frame 4367/7047
  ██████████████░░░░░░░░░░░  59%  Streaming frame 4368/7047
  ██████████████░░░░░░░░░░░  59%  Streaming frame 4369/7047
  ██████████████░░░░░░░░░░░  59%  Streaming frame 4370/7047
  ██████████████░░░░░░░░░░░  59%  Streaming frame 4371/7047
  ██████████████░░░░░░░░░░░  59%  Streaming frame 4372/7047
  ██████████████░░░░░░░░░░░  59%  Streaming frame 4373/7047
  ██████████████░░░░░░░░░░░  59%  Streaming frame 4374/7047
  ██████████████░░░░░░░░░░░  59%  Streaming frame 4375/7047
  ██████████████░░░░░░░░░░░  59%  Streaming frame 4376/7047
  ██████████████░░░░░░░░░░░  59%  Streaming frame 4377/7047
  ██████████████░░░░░░░░░░░  59%  Streaming frame 4378/7047
  ██████████████░░░░░░░░░░░  59%  Streaming frame 4379/7047
  ██████████████░░░░░░░░░░░  59%  Streaming frame 4380/7047
  ██████████████░░░░░░░░░░░  59%  Streaming frame 4381/7047
  ██████████████░░░░░░░░░░░  59%  Streaming frame 4382/7047
  ██████████████░░░░░░░░░░░  59%  Streaming frame 4383/7047
  ██████████████░░░░░░░░░░░  59%  Streaming frame 4384/7047
  ██████████████░░░░░░░░░░░  59%  Streaming frame 4385/7047
  ██████████████░░░░░░░░░░░  59%  Streaming frame 4386/7047
  ██████████████░░░░░░░░░░░  59%  Streaming frame 4387/7047
  ██████████████░░░░░░░░░░░  59%  Streaming frame 4388/7047
  ██████████████░░░░░░░░░░░  59%  Streaming frame 4389/7047
  ██████████████░░░░░░░░░░░  59%  Streaming frame 4390/7047
  ██████████████░░░░░░░░░░░  59%  Streaming frame 4391/7047
  ██████████████░░░░░░░░░░░  59%  Streaming frame 4392/7047
  ██████████████░░░░░░░░░░░  59%  Streaming frame 4393/7047
  ██████████████░░░░░░░░░░░  59%  Streaming frame 4394/7047
  ██████████████░░░░░░░░░░░  59%  Streaming frame 4395/7047
  ██████████████░░░░░░░░░░░  59%  Streaming frame 4396/7047
  ██████████████░░░░░░░░░░░  59%  Streaming frame 4397/7047
  ██████████████░░░░░░░░░░░  59%  Streaming frame 4398/7047
  ██████████████░░░░░░░░░░░  59%  Streaming frame 4399/7047
  ██████████████░░░░░░░░░░░  59%  Streaming frame 4400/7047
  ██████████████░░░░░░░░░░░  59%  Streaming frame 4401/7047
  ██████████████░░░░░░░░░░░  59%  Streaming frame 4402/7047
  ██████████████░░░░░░░░░░░  59%  Streaming frame 4403/7047
  ██████████████░░░░░░░░░░░  59%  Streaming frame 4404/7047
  ██████████████░░░░░░░░░░░  59%  Streaming frame 4405/7047
  ██████████████░░░░░░░░░░░  59%  Streaming frame 4406/7047
  ██████████████░░░░░░░░░░░  59%  Streaming frame 4407/7047
  ██████████████░░░░░░░░░░░  59%  Streaming frame 4408/7047
  ██████████████░░░░░░░░░░░  59%  Streaming frame 4409/7047
  ██████████████░░░░░░░░░░░  59%  Streaming frame 4410/7047
  ██████████████░░░░░░░░░░░  59%  Streaming frame 4411/7047
  ██████████████░░░░░░░░░░░  59%  Streaming frame 4412/7047
  ██████████████░░░░░░░░░░░  59%  Streaming frame 4413/7047
  ██████████████░░░░░░░░░░░  59%  Streaming frame 4414/7047
  ██████████████░░░░░░░░░░░  59%  Streaming frame 4415/7047
  ██████████████░░░░░░░░░░░  59%  Streaming frame 4416/7047
  ██████████████░░░░░░░░░░░  59%  Streaming frame 4417/7047
  ██████████████░░░░░░░░░░░  59%  Streaming frame 4418/7047
  ██████████████░░░░░░░░░░░  59%  Streaming frame 4419/7047
  ██████████████░░░░░░░░░░░  59%  Streaming frame 4420/7047
  ███████████████░░░░░░░░░░  60%  Streaming frame 4421/7047
  ███████████████░░░░░░░░░░  60%  Streaming frame 4422/7047
  ███████████████░░░░░░░░░░  60%  Streaming frame 4423/7047
  ███████████████░░░░░░░░░░  60%  Streaming frame 4424/7047
  ███████████████░░░░░░░░░░  60%  Streaming frame 4425/7047
  ███████████████░░░░░░░░░░  60%  Streaming frame 4426/7047
  ███████████████░░░░░░░░░░  60%  Streaming frame 4427/7047
  ███████████████░░░░░░░░░░  60%  Streaming frame 4428/7047
  ███████████████░░░░░░░░░░  60%  Streaming frame 4429/7047
  ███████████████░░░░░░░░░░  60%  Streaming frame 4430/7047
  ███████████████░░░░░░░░░░  60%  Streaming frame 4431/7047
  ███████████████░░░░░░░░░░  60%  Streaming frame 4432/7047
  ███████████████░░░░░░░░░░  60%  Streaming frame 4433/7047
  ███████████████░░░░░░░░░░  60%  Streaming frame 4434/7047
  ███████████████░░░░░░░░░░  60%  Streaming frame 4435/7047
  ███████████████░░░░░░░░░░  60%  Streaming frame 4436/7047
  ███████████████░░░░░░░░░░  60%  Streaming frame 4437/7047
  ███████████████░░░░░░░░░░  60%  Streaming frame 4438/7047
  ███████████████░░░░░░░░░░  60%  Streaming frame 4439/7047
  ███████████████░░░░░░░░░░  60%  Streaming frame 4440/7047
  ███████████████░░░░░░░░░░  60%  Streaming frame 4441/7047
  ███████████████░░░░░░░░░░  60%  Streaming frame 4442/7047
  ███████████████░░░░░░░░░░  60%  Streaming frame 4443/7047
  ███████████████░░░░░░░░░░  60%  Streaming frame 4444/7047
  ███████████████░░░░░░░░░░  60%  Streaming frame 4445/7047
  ███████████████░░░░░░░░░░  60%  Streaming frame 4446/7047
  ███████████████░░░░░░░░░░  60%  Streaming frame 4447/7047
  ███████████████░░░░░░░░░░  60%  Streaming frame 4448/7047
  ███████████████░░░░░░░░░░  60%  Streaming frame 4449/7047
  ███████████████░░░░░░░░░░  60%  Streaming frame 4450/7047
  ███████████████░░░░░░░░░░  60%  Streaming frame 4451/7047
  ███████████████░░░░░░░░░░  60%  Streaming frame 4452/7047
  ███████████████░░░░░░░░░░  60%  Streaming frame 4453/7047
  ███████████████░░░░░░░░░░  60%  Streaming frame 4454/7047
  ███████████████░░░░░░░░░░  60%  Streaming frame 4455/7047
  ███████████████░░░░░░░░░░  60%  Streaming frame 4456/7047
  ███████████████░░░░░░░░░░  60%  Streaming frame 4457/7047
  ███████████████░░░░░░░░░░  60%  Streaming frame 4458/7047
  ███████████████░░░░░░░░░░  60%  Streaming frame 4459/7047
  ███████████████░░░░░░░░░░  60%  Streaming frame 4460/7047
  ███████████████░░░░░░░░░░  60%  Streaming frame 4461/7047
  ███████████████░░░░░░░░░░  60%  Streaming frame 4462/7047
  ███████████████░░░░░░░░░░  60%  Streaming frame 4463/7047
  ███████████████░░░░░░░░░░  60%  Streaming frame 4464/7047
  ███████████████░░░░░░░░░░  60%  Streaming frame 4465/7047
  ███████████████░░░░░░░░░░  60%  Streaming frame 4466/7047
  ███████████████░░░░░░░░░░  60%  Streaming frame 4467/7047
  ███████████████░░░░░░░░░░  60%  Streaming frame 4468/7047
  ███████████████░░░░░░░░░░  60%  Streaming frame 4469/7047
  ███████████████░░░░░░░░░░  60%  Streaming frame 4470/7047
  ███████████████░░░░░░░░░░  60%  Streaming frame 4471/7047
  ███████████████░░░░░░░░░░  60%  Streaming frame 4472/7047
  ███████████████░░░░░░░░░░  60%  Streaming frame 4473/7047
  ███████████████░░░░░░░░░░  60%  Streaming frame 4474/7047
  ███████████████░░░░░░░░░░  60%  Streaming frame 4475/7047
  ███████████████░░░░░░░░░░  60%  Streaming frame 4476/7047
  ███████████████░░░░░░░░░░  60%  Streaming frame 4477/7047
  ███████████████░░░░░░░░░░  60%  Streaming frame 4478/7047
  ███████████████░░░░░░░░░░  60%  Streaming frame 4479/7047
  ███████████████░░░░░░░░░░  60%  Streaming frame 4480/7047
  ███████████████░░░░░░░░░░  60%  Streaming frame 4481/7047
  ███████████████░░░░░░░░░░  60%  Streaming frame 4482/7047
  ███████████████░░░░░░░░░░  60%  Streaming frame 4483/7047
  ███████████████░░░░░░░░░░  60%  Streaming frame 4484/7047
  ███████████████░░░░░░░░░░  60%  Streaming frame 4485/7047
  ███████████████░░░░░░░░░░  60%  Streaming frame 4486/7047
  ███████████████░░░░░░░░░░  60%  Streaming frame 4487/7047
  ███████████████░░░░░░░░░░  60%  Streaming frame 4488/7047
  ███████████████░░░░░░░░░░  60%  Streaming frame 4489/7047
  ███████████████░░░░░░░░░░  60%  Streaming frame 4490/7047
  ███████████████░░░░░░░░░░  60%  Streaming frame 4491/7047
  ███████████████░░░░░░░░░░  60%  Streaming frame 4492/7047
  ███████████████░░░░░░░░░░  60%  Streaming frame 4493/7047
  ███████████████░░░░░░░░░░  60%  Streaming frame 4494/7047
  ███████████████░░░░░░░░░░  60%  Streaming frame 4495/7047
  ███████████████░░░░░░░░░░  60%  Streaming frame 4496/7047
  ███████████████░░░░░░░░░░  60%  Streaming frame 4497/7047
  ███████████████░░░░░░░░░░  60%  Streaming frame 4498/7047
  ███████████████░░░░░░░░░░  60%  Streaming frame 4499/7047
  ███████████████░░░░░░░░░░  60%  Streaming frame 4500/7047
  ███████████████░░░░░░░░░░  60%  Streaming frame 4501/7047
  ███████████████░░░░░░░░░░  60%  Streaming frame 4502/7047
  ███████████████░░░░░░░░░░  60%  Streaming frame 4503/7047
  ███████████████░░░░░░░░░░  60%  Streaming frame 4504/7047
  ███████████████░░░░░░░░░░  60%  Streaming frame 4505/7047
  ███████████████░░░░░░░░░░  60%  Streaming frame 4506/7047
  ███████████████░░░░░░░░░░  60%  Streaming frame 4507/7047
  ███████████████░░░░░░░░░░  60%  Streaming frame 4508/7047
  ███████████████░░░░░░░░░░  60%  Streaming frame 4509/7047
  ███████████████░░░░░░░░░░  60%  Streaming frame 4510/7047
  ███████████████░░░░░░░░░░  60%  Streaming frame 4511/7047
  ███████████████░░░░░░░░░░  60%  Streaming frame 4512/7047
  ███████████████░░░░░░░░░░  60%  Streaming frame 4513/7047
  ███████████████░░░░░░░░░░  60%  Streaming frame 4514/7047
  ███████████████░░░░░░░░░░  60%  Streaming frame 4515/7047
  ███████████████░░░░░░░░░░  60%  Streaming frame 4516/7047
  ███████████████░░░░░░░░░░  60%  Streaming frame 4517/7047
  ███████████████░░░░░░░░░░  60%  Streaming frame 4518/7047
  ███████████████░░░░░░░░░░  60%  Streaming frame 4519/7047
  ███████████████░░░░░░░░░░  60%  Streaming frame 4520/7047
  ███████████████░░░░░░░░░░  60%  Streaming frame 4521/7047
  ███████████████░░░░░░░░░░  60%  Streaming frame 4522/7047
  ███████████████░░░░░░░░░░  60%  Streaming frame 4523/7047
  ███████████████░░░░░░░░░░  60%  Streaming frame 4524/7047
  ███████████████░░░░░░░░░░  60%  Streaming frame 4525/7047
  ███████████████░░░░░░░░░░  60%  Streaming frame 4526/7047
  ███████████████░░░░░░░░░░  60%  Streaming frame 4527/7047
  ███████████████░░░░░░░░░░  60%  Streaming frame 4528/7047
  ███████████████░░░░░░░░░░  60%  Streaming frame 4529/7047
  ███████████████░░░░░░░░░░  60%  Streaming frame 4530/7047
  ███████████████░░░░░░░░░░  60%  Streaming frame 4531/7047
  ███████████████░░░░░░░░░░  60%  Streaming frame 4532/7047
  ███████████████░░░░░░░░░░  60%  Streaming frame 4533/7047
  ███████████████░░░░░░░░░░  60%  Streaming frame 4534/7047
  ███████████████░░░░░░░░░░  60%  Streaming frame 4535/7047
  ███████████████░░░░░░░░░░  60%  Streaming frame 4536/7047
  ███████████████░░░░░░░░░░  60%  Streaming frame 4537/7047
  ███████████████░░░░░░░░░░  60%  Streaming frame 4538/7047
  ███████████████░░░░░░░░░░  60%  Streaming frame 4539/7047
  ███████████████░░░░░░░░░░  60%  Streaming frame 4540/7047
  ███████████████░░░░░░░░░░  60%  Streaming frame 4541/7047
  ███████████████░░░░░░░░░░  60%  Streaming frame 4542/7047
  ███████████████░░░░░░░░░░  60%  Streaming frame 4543/7047
  ███████████████░░░░░░░░░░  60%  Streaming frame 4544/7047
  ███████████████░░░░░░░░░░  60%  Streaming frame 4545/7047
  ███████████████░░░░░░░░░░  60%  Streaming frame 4546/7047
  ███████████████░░░░░░░░░░  60%  Streaming frame 4547/7047
  ███████████████░░░░░░░░░░  60%  Streaming frame 4548/7047
  ███████████████░░░░░░░░░░  61%  Streaming frame 4549/7047
  ███████████████░░░░░░░░░░  61%  Streaming frame 4550/7047
  ███████████████░░░░░░░░░░  61%  Streaming frame 4551/7047
  ███████████████░░░░░░░░░░  61%  Streaming frame 4552/7047
  ███████████████░░░░░░░░░░  61%  Streaming frame 4553/7047
  ███████████████░░░░░░░░░░  61%  Streaming frame 4554/7047
  ███████████████░░░░░░░░░░  61%  Streaming frame 4555/7047
  ███████████████░░░░░░░░░░  61%  Streaming frame 4556/7047
  ███████████████░░░░░░░░░░  61%  Streaming frame 4557/7047
  ███████████████░░░░░░░░░░  61%  Streaming frame 4558/7047
  ███████████████░░░░░░░░░░  61%  Streaming frame 4559/7047
  ███████████████░░░░░░░░░░  61%  Streaming frame 4560/7047
  ███████████████░░░░░░░░░░  61%  Streaming frame 4561/7047
  ███████████████░░░░░░░░░░  61%  Streaming frame 4562/7047
  ███████████████░░░░░░░░░░  61%  Streaming frame 4563/7047
  ███████████████░░░░░░░░░░  61%  Streaming frame 4564/7047
  ███████████████░░░░░░░░░░  61%  Streaming frame 4565/7047
  ███████████████░░░░░░░░░░  61%  Streaming frame 4566/7047
  ███████████████░░░░░░░░░░  61%  Streaming frame 4567/7047
  ███████████████░░░░░░░░░░  61%  Streaming frame 4568/7047
  ███████████████░░░░░░░░░░  61%  Streaming frame 4569/7047
  ███████████████░░░░░░░░░░  61%  Streaming frame 4570/7047
  ███████████████░░░░░░░░░░  61%  Streaming frame 4571/7047
  ███████████████░░░░░░░░░░  61%  Streaming frame 4572/7047
  ███████████████░░░░░░░░░░  61%  Streaming frame 4573/7047
  ███████████████░░░░░░░░░░  61%  Streaming frame 4574/7047
  ███████████████░░░░░░░░░░  61%  Streaming frame 4575/7047
  ███████████████░░░░░░░░░░  61%  Streaming frame 4576/7047
  ███████████████░░░░░░░░░░  61%  Streaming frame 4577/7047
  ███████████████░░░░░░░░░░  61%  Streaming frame 4578/7047
  ███████████████░░░░░░░░░░  61%  Streaming frame 4579/7047
  ███████████████░░░░░░░░░░  61%  Streaming frame 4580/7047
  ███████████████░░░░░░░░░░  61%  Streaming frame 4581/7047
  ███████████████░░░░░░░░░░  61%  Streaming frame 4582/7047
  ███████████████░░░░░░░░░░  61%  Streaming frame 4583/7047
  ███████████████░░░░░░░░░░  61%  Streaming frame 4584/7047
  ███████████████░░░░░░░░░░  61%  Streaming frame 4585/7047
  ███████████████░░░░░░░░░░  61%  Streaming frame 4586/7047
  ███████████████░░░░░░░░░░  61%  Streaming frame 4587/7047
  ███████████████░░░░░░░░░░  61%  Streaming frame 4588/7047
  ███████████████░░░░░░░░░░  61%  Streaming frame 4589/7047
  ███████████████░░░░░░░░░░  61%  Streaming frame 4590/7047
  ███████████████░░░░░░░░░░  61%  Streaming frame 4591/7047
  ███████████████░░░░░░░░░░  61%  Streaming frame 4592/7047
  ███████████████░░░░░░░░░░  61%  Streaming frame 4593/7047
  ███████████████░░░░░░░░░░  61%  Streaming frame 4594/7047
  ███████████████░░░░░░░░░░  61%  Streaming frame 4595/7047
  ███████████████░░░░░░░░░░  61%  Streaming frame 4596/7047
  ███████████████░░░░░░░░░░  61%  Streaming frame 4597/7047
  ███████████████░░░░░░░░░░  61%  Streaming frame 4598/7047
  ███████████████░░░░░░░░░░  61%  Streaming frame 4599/7047
  ███████████████░░░░░░░░░░  61%  Streaming frame 4600/7047
  ███████████████░░░░░░░░░░  61%  Streaming frame 4601/7047
  ███████████████░░░░░░░░░░  61%  Streaming frame 4602/7047
  ███████████████░░░░░░░░░░  61%  Streaming frame 4603/7047
  ███████████████░░░░░░░░░░  61%  Streaming frame 4604/7047
  ███████████████░░░░░░░░░░  61%  Streaming frame 4605/7047
  ███████████████░░░░░░░░░░  61%  Streaming frame 4606/7047
  ███████████████░░░░░░░░░░  61%  Streaming frame 4607/7047
  ███████████████░░░░░░░░░░  61%  Streaming frame 4608/7047
  ███████████████░░░░░░░░░░  61%  Streaming frame 4609/7047
  ███████████████░░░░░░░░░░  61%  Streaming frame 4610/7047
  ███████████████░░░░░░░░░░  61%  Streaming frame 4611/7047
  ███████████████░░░░░░░░░░  61%  Streaming frame 4612/7047
  ███████████████░░░░░░░░░░  61%  Streaming frame 4613/7047
  ███████████████░░░░░░░░░░  61%  Streaming frame 4614/7047
  ███████████████░░░░░░░░░░  61%  Streaming frame 4615/7047
  ███████████████░░░░░░░░░░  61%  Streaming frame 4616/7047
  ███████████████░░░░░░░░░░  61%  Streaming frame 4617/7047
  ███████████████░░░░░░░░░░  61%  Streaming frame 4618/7047
  ███████████████░░░░░░░░░░  61%  Streaming frame 4619/7047
  ███████████████░░░░░░░░░░  61%  Streaming frame 4620/7047
  ███████████████░░░░░░░░░░  61%  Streaming frame 4621/7047
  ███████████████░░░░░░░░░░  61%  Streaming frame 4622/7047
  ███████████████░░░░░░░░░░  61%  Streaming frame 4623/7047
  ███████████████░░░░░░░░░░  61%  Streaming frame 4624/7047
  ███████████████░░░░░░░░░░  61%  Streaming frame 4625/7047
  ███████████████░░░░░░░░░░  61%  Streaming frame 4626/7047
  ███████████████░░░░░░░░░░  61%  Streaming frame 4627/7047
  ███████████████░░░░░░░░░░  61%  Streaming frame 4628/7047
  ███████████████░░░░░░░░░░  61%  Streaming frame 4629/7047
  ███████████████░░░░░░░░░░  61%  Streaming frame 4630/7047
  ███████████████░░░░░░░░░░  61%  Streaming frame 4631/7047
  ███████████████░░░░░░░░░░  61%  Streaming frame 4632/7047
  ███████████████░░░░░░░░░░  61%  Streaming frame 4633/7047
  ███████████████░░░░░░░░░░  61%  Streaming frame 4634/7047
  ███████████████░░░░░░░░░░  61%  Streaming frame 4635/7047
  ███████████████░░░░░░░░░░  61%  Streaming frame 4636/7047
  ███████████████░░░░░░░░░░  61%  Streaming frame 4637/7047
  ███████████████░░░░░░░░░░  61%  Streaming frame 4638/7047
  ███████████████░░░░░░░░░░  61%  Streaming frame 4639/7047
  ███████████████░░░░░░░░░░  61%  Streaming frame 4640/7047
  ███████████████░░░░░░░░░░  61%  Streaming frame 4641/7047
  ███████████████░░░░░░░░░░  61%  Streaming frame 4642/7047
  ███████████████░░░░░░░░░░  61%  Streaming frame 4643/7047
  ███████████████░░░░░░░░░░  61%  Streaming frame 4644/7047
  ███████████████░░░░░░░░░░  61%  Streaming frame 4645/7047
  ███████████████░░░░░░░░░░  61%  Streaming frame 4646/7047
  ███████████████░░░░░░░░░░  61%  Streaming frame 4647/7047
  ███████████████░░░░░░░░░░  61%  Streaming frame 4648/7047
  ███████████████░░░░░░░░░░  61%  Streaming frame 4649/7047
  ███████████████░░░░░░░░░░  61%  Streaming frame 4650/7047
  ███████████████░░░░░░░░░░  61%  Streaming frame 4651/7047
  ███████████████░░░░░░░░░░  61%  Streaming frame 4652/7047
  ███████████████░░░░░░░░░░  61%  Streaming frame 4653/7047
  ███████████████░░░░░░░░░░  61%  Streaming frame 4654/7047
  ███████████████░░░░░░░░░░  61%  Streaming frame 4655/7047
  ███████████████░░░░░░░░░░  61%  Streaming frame 4656/7047
  ███████████████░░░░░░░░░░  61%  Streaming frame 4657/7047
  ███████████████░░░░░░░░░░  61%  Streaming frame 4658/7047
  ███████████████░░░░░░░░░░  61%  Streaming frame 4659/7047
  ███████████████░░░░░░░░░░  61%  Streaming frame 4660/7047
  ███████████████░░░░░░░░░░  61%  Streaming frame 4661/7047
  ███████████████░░░░░░░░░░  61%  Streaming frame 4662/7047
  ███████████████░░░░░░░░░░  61%  Streaming frame 4663/7047
  ███████████████░░░░░░░░░░  61%  Streaming frame 4664/7047
  ███████████████░░░░░░░░░░  61%  Streaming frame 4665/7047
  ███████████████░░░░░░░░░░  61%  Streaming frame 4666/7047
  ███████████████░░░░░░░░░░  61%  Streaming frame 4667/7047
  ███████████████░░░░░░░░░░  61%  Streaming frame 4668/7047
  ███████████████░░░░░░░░░░  61%  Streaming frame 4669/7047
  ███████████████░░░░░░░░░░  61%  Streaming frame 4670/7047
  ███████████████░░░░░░░░░░  61%  Streaming frame 4671/7047
  ███████████████░░░░░░░░░░  61%  Streaming frame 4672/7047
  ███████████████░░░░░░░░░░  61%  Streaming frame 4673/7047
  ███████████████░░░░░░░░░░  61%  Streaming frame 4674/7047
  ███████████████░░░░░░░░░░  61%  Streaming frame 4675/7047
  ███████████████░░░░░░░░░░  61%  Streaming frame 4676/7047
  ███████████████░░░░░░░░░░  62%  Streaming frame 4677/7047
  ███████████████░░░░░░░░░░  62%  Streaming frame 4678/7047
  ███████████████░░░░░░░░░░  62%  Streaming frame 4679/7047
  ███████████████░░░░░░░░░░  62%  Streaming frame 4680/7047
  ███████████████░░░░░░░░░░  62%  Streaming frame 4681/7047
  ███████████████░░░░░░░░░░  62%  Streaming frame 4682/7047
  ███████████████░░░░░░░░░░  62%  Streaming frame 4683/7047
  ███████████████░░░░░░░░░░  62%  Streaming frame 4684/7047
  ███████████████░░░░░░░░░░  62%  Streaming frame 4685/7047
  ███████████████░░░░░░░░░░  62%  Streaming frame 4686/7047
  ███████████████░░░░░░░░░░  62%  Streaming frame 4687/7047
  ███████████████░░░░░░░░░░  62%  Streaming frame 4688/7047
  ███████████████░░░░░░░░░░  62%  Streaming frame 4689/7047
  ███████████████░░░░░░░░░░  62%  Streaming frame 4690/7047
  ███████████████░░░░░░░░░░  62%  Streaming frame 4691/7047
  ███████████████░░░░░░░░░░  62%  Streaming frame 4692/7047
  ███████████████░░░░░░░░░░  62%  Streaming frame 4693/7047
  ███████████████░░░░░░░░░░  62%  Streaming frame 4694/7047
  ███████████████░░░░░░░░░░  62%  Streaming frame 4695/7047
  ███████████████░░░░░░░░░░  62%  Streaming frame 4696/7047
  ███████████████░░░░░░░░░░  62%  Streaming frame 4697/7047
  ███████████████░░░░░░░░░░  62%  Streaming frame 4698/7047
  ███████████████░░░░░░░░░░  62%  Streaming frame 4699/7047
  ███████████████░░░░░░░░░░  62%  Streaming frame 4700/7047
  ███████████████░░░░░░░░░░  62%  Streaming frame 4701/7047
  ███████████████░░░░░░░░░░  62%  Streaming frame 4702/7047
  ███████████████░░░░░░░░░░  62%  Streaming frame 4703/7047
  ███████████████░░░░░░░░░░  62%  Streaming frame 4704/7047
  ███████████████░░░░░░░░░░  62%  Streaming frame 4705/7047
  ███████████████░░░░░░░░░░  62%  Streaming frame 4706/7047
  ███████████████░░░░░░░░░░  62%  Streaming frame 4707/7047
  ███████████████░░░░░░░░░░  62%  Streaming frame 4708/7047
  ███████████████░░░░░░░░░░  62%  Streaming frame 4709/7047
  ███████████████░░░░░░░░░░  62%  Streaming frame 4710/7047
  ███████████████░░░░░░░░░░  62%  Streaming frame 4711/7047
  ███████████████░░░░░░░░░░  62%  Streaming frame 4712/7047
  ███████████████░░░░░░░░░░  62%  Streaming frame 4713/7047
  ███████████████░░░░░░░░░░  62%  Streaming frame 4714/7047
  ███████████████░░░░░░░░░░  62%  Streaming frame 4715/7047
  ███████████████░░░░░░░░░░  62%  Streaming frame 4716/7047
  ███████████████░░░░░░░░░░  62%  Streaming frame 4717/7047
  ███████████████░░░░░░░░░░  62%  Streaming frame 4718/7047
  ███████████████░░░░░░░░░░  62%  Streaming frame 4719/7047
  ███████████████░░░░░░░░░░  62%  Streaming frame 4720/7047
  ███████████████░░░░░░░░░░  62%  Streaming frame 4721/7047
  ███████████████░░░░░░░░░░  62%  Streaming frame 4722/7047
  ███████████████░░░░░░░░░░  62%  Streaming frame 4723/7047
  ███████████████░░░░░░░░░░  62%  Streaming frame 4724/7047
  ███████████████░░░░░░░░░░  62%  Streaming frame 4725/7047
  ███████████████░░░░░░░░░░  62%  Streaming frame 4726/7047
  ███████████████░░░░░░░░░░  62%  Streaming frame 4727/7047
  ███████████████░░░░░░░░░░  62%  Streaming frame 4728/7047
  ███████████████░░░░░░░░░░  62%  Streaming frame 4729/7047
  ███████████████░░░░░░░░░░  62%  Streaming frame 4730/7047
  ███████████████░░░░░░░░░░  62%  Streaming frame 4731/7047
  ███████████████░░░░░░░░░░  62%  Streaming frame 4732/7047
  ███████████████░░░░░░░░░░  62%  Streaming frame 4733/7047
  ███████████████░░░░░░░░░░  62%  Streaming frame 4734/7047
  ███████████████░░░░░░░░░░  62%  Streaming frame 4735/7047
  ███████████████░░░░░░░░░░  62%  Streaming frame 4736/7047
  ███████████████░░░░░░░░░░  62%  Streaming frame 4737/7047
  ███████████████░░░░░░░░░░  62%  Streaming frame 4738/7047
  ███████████████░░░░░░░░░░  62%  Streaming frame 4739/7047
  ███████████████░░░░░░░░░░  62%  Streaming frame 4740/7047
  ███████████████░░░░░░░░░░  62%  Streaming frame 4741/7047
  ███████████████░░░░░░░░░░  62%  Streaming frame 4742/7047
  ███████████████░░░░░░░░░░  62%  Streaming frame 4743/7047
  ███████████████░░░░░░░░░░  62%  Streaming frame 4744/7047
  ███████████████░░░░░░░░░░  62%  Streaming frame 4745/7047
  ███████████████░░░░░░░░░░  62%  Streaming frame 4746/7047
  ███████████████░░░░░░░░░░  62%  Streaming frame 4747/7047
  ███████████████░░░░░░░░░░  62%  Streaming frame 4748/7047
  ███████████████░░░░░░░░░░  62%  Streaming frame 4749/7047
  ███████████████░░░░░░░░░░  62%  Streaming frame 4750/7047
  ███████████████░░░░░░░░░░  62%  Streaming frame 4751/7047
  ███████████████░░░░░░░░░░  62%  Streaming frame 4752/7047
  ███████████████░░░░░░░░░░  62%  Streaming frame 4753/7047
  ███████████████░░░░░░░░░░  62%  Streaming frame 4754/7047
  ███████████████░░░░░░░░░░  62%  Streaming frame 4755/7047
  ███████████████░░░░░░░░░░  62%  Streaming frame 4756/7047
  ███████████████░░░░░░░░░░  62%  Streaming frame 4757/7047
  ███████████████░░░░░░░░░░  62%  Streaming frame 4758/7047
  ███████████████░░░░░░░░░░  62%  Streaming frame 4759/7047
  ███████████████░░░░░░░░░░  62%  Streaming frame 4760/7047
  ███████████████░░░░░░░░░░  62%  Streaming frame 4761/7047
  ███████████████░░░░░░░░░░  62%  Streaming frame 4762/7047
  ███████████████░░░░░░░░░░  62%  Streaming frame 4763/7047
  ███████████████░░░░░░░░░░  62%  Streaming frame 4764/7047
  ███████████████░░░░░░░░░░  62%  Streaming frame 4765/7047
  ███████████████░░░░░░░░░░  62%  Streaming frame 4766/7047
  ███████████████░░░░░░░░░░  62%  Streaming frame 4767/7047
  ███████████████░░░░░░░░░░  62%  Streaming frame 4768/7047
  ███████████████░░░░░░░░░░  62%  Streaming frame 4769/7047
  ███████████████░░░░░░░░░░  62%  Streaming frame 4770/7047
  ███████████████░░░░░░░░░░  62%  Streaming frame 4771/7047
  ███████████████░░░░░░░░░░  62%  Streaming frame 4772/7047
  ███████████████░░░░░░░░░░  62%  Streaming frame 4773/7047
  ███████████████░░░░░░░░░░  62%  Streaming frame 4774/7047
  ███████████████░░░░░░░░░░  62%  Streaming frame 4775/7047
  ███████████████░░░░░░░░░░  62%  Streaming frame 4776/7047
  ███████████████░░░░░░░░░░  62%  Streaming frame 4777/7047
  ███████████████░░░░░░░░░░  62%  Streaming frame 4778/7047
  ███████████████░░░░░░░░░░  62%  Streaming frame 4779/7047
  ███████████████░░░░░░░░░░  62%  Streaming frame 4780/7047
  ███████████████░░░░░░░░░░  62%  Streaming frame 4781/7047
  ███████████████░░░░░░░░░░  62%  Streaming frame 4782/7047
  ███████████████░░░░░░░░░░  62%  Streaming frame 4783/7047
  ███████████████░░░░░░░░░░  62%  Streaming frame 4784/7047
  ███████████████░░░░░░░░░░  62%  Streaming frame 4785/7047
  ███████████████░░░░░░░░░░  62%  Streaming frame 4786/7047
  ███████████████░░░░░░░░░░  62%  Streaming frame 4787/7047
  ███████████████░░░░░░░░░░  62%  Streaming frame 4788/7047
  ███████████████░░░░░░░░░░  62%  Streaming frame 4789/7047
  ███████████████░░░░░░░░░░  62%  Streaming frame 4790/7047
  ███████████████░░░░░░░░░░  62%  Streaming frame 4791/7047
  ███████████████░░░░░░░░░░  62%  Streaming frame 4792/7047
  ███████████████░░░░░░░░░░  62%  Streaming frame 4793/7047
  ███████████████░░░░░░░░░░  62%  Streaming frame 4794/7047
  ███████████████░░░░░░░░░░  62%  Streaming frame 4795/7047
  ███████████████░░░░░░░░░░  62%  Streaming frame 4796/7047
  ███████████████░░░░░░░░░░  62%  Streaming frame 4797/7047
  ███████████████░░░░░░░░░░  62%  Streaming frame 4798/7047
  ███████████████░░░░░░░░░░  62%  Streaming frame 4799/7047
  ███████████████░░░░░░░░░░  62%  Streaming frame 4800/7047
  ███████████████░░░░░░░░░░  62%  Streaming frame 4801/7047
  ███████████████░░░░░░░░░░  62%  Streaming frame 4802/7047
  ███████████████░░░░░░░░░░  62%  Streaming frame 4803/7047
  ███████████████░░░░░░░░░░  62%  Streaming frame 4804/7047
  ███████████████░░░░░░░░░░  63%  Streaming frame 4805/7047
  ███████████████░░░░░░░░░░  63%  Streaming frame 4806/7047
  ███████████████░░░░░░░░░░  63%  Streaming frame 4807/7047
  ███████████████░░░░░░░░░░  63%  Streaming frame 4808/7047
  ███████████████░░░░░░░░░░  63%  Streaming frame 4809/7047
  ███████████████░░░░░░░░░░  63%  Streaming frame 4810/7047
  ███████████████░░░░░░░░░░  63%  Streaming frame 4811/7047
  ███████████████░░░░░░░░░░  63%  Streaming frame 4812/7047
  ███████████████░░░░░░░░░░  63%  Streaming frame 4813/7047
  ███████████████░░░░░░░░░░  63%  Streaming frame 4814/7047
  ███████████████░░░░░░░░░░  63%  Streaming frame 4815/7047
  ███████████████░░░░░░░░░░  63%  Streaming frame 4816/7047
  ███████████████░░░░░░░░░░  63%  Streaming frame 4817/7047
  ███████████████░░░░░░░░░░  63%  Streaming frame 4818/7047
  ███████████████░░░░░░░░░░  63%  Streaming frame 4819/7047
  ███████████████░░░░░░░░░░  63%  Streaming frame 4820/7047
  ███████████████░░░░░░░░░░  63%  Streaming frame 4821/7047
  ███████████████░░░░░░░░░░  63%  Streaming frame 4822/7047
  ███████████████░░░░░░░░░░  63%  Streaming frame 4823/7047
  ███████████████░░░░░░░░░░  63%  Streaming frame 4824/7047
  ███████████████░░░░░░░░░░  63%  Streaming frame 4825/7047
  ███████████████░░░░░░░░░░  63%  Streaming frame 4826/7047
  ███████████████░░░░░░░░░░  63%  Streaming frame 4827/7047
  ███████████████░░░░░░░░░░  63%  Streaming frame 4828/7047
  ███████████████░░░░░░░░░░  63%  Streaming frame 4829/7047
  ███████████████░░░░░░░░░░  63%  Streaming frame 4830/7047
  ███████████████░░░░░░░░░░  63%  Streaming frame 4831/7047
  ███████████████░░░░░░░░░░  63%  Streaming frame 4832/7047
  ███████████████░░░░░░░░░░  63%  Streaming frame 4833/7047
  ███████████████░░░░░░░░░░  63%  Streaming frame 4834/7047
  ███████████████░░░░░░░░░░  63%  Streaming frame 4835/7047
  ███████████████░░░░░░░░░░  63%  Streaming frame 4836/7047
  ███████████████░░░░░░░░░░  63%  Streaming frame 4837/7047
  ███████████████░░░░░░░░░░  63%  Streaming frame 4838/7047
  ███████████████░░░░░░░░░░  63%  Streaming frame 4839/7047
  ███████████████░░░░░░░░░░  63%  Streaming frame 4840/7047
  ███████████████░░░░░░░░░░  63%  Streaming frame 4841/7047
  ███████████████░░░░░░░░░░  63%  Streaming frame 4842/7047
  ███████████████░░░░░░░░░░  63%  Streaming frame 4843/7047
  ███████████████░░░░░░░░░░  63%  Streaming frame 4844/7047
  ███████████████░░░░░░░░░░  63%  Streaming frame 4845/7047
  ███████████████░░░░░░░░░░  63%  Streaming frame 4846/7047
  ███████████████░░░░░░░░░░  63%  Streaming frame 4847/7047
  ███████████████░░░░░░░░░░  63%  Streaming frame 4848/7047
  ███████████████░░░░░░░░░░  63%  Streaming frame 4849/7047
  ███████████████░░░░░░░░░░  63%  Streaming frame 4850/7047
  ███████████████░░░░░░░░░░  63%  Streaming frame 4851/7047
  ███████████████░░░░░░░░░░  63%  Streaming frame 4852/7047
  ███████████████░░░░░░░░░░  63%  Streaming frame 4853/7047
  ███████████████░░░░░░░░░░  63%  Streaming frame 4854/7047
  ███████████████░░░░░░░░░░  63%  Streaming frame 4855/7047
  ███████████████░░░░░░░░░░  63%  Streaming frame 4856/7047
  ███████████████░░░░░░░░░░  63%  Streaming frame 4857/7047
  ███████████████░░░░░░░░░░  63%  Streaming frame 4858/7047
  ███████████████░░░░░░░░░░  63%  Streaming frame 4859/7047
  ███████████████░░░░░░░░░░  63%  Streaming frame 4860/7047
  ███████████████░░░░░░░░░░  63%  Streaming frame 4861/7047
  ███████████████░░░░░░░░░░  63%  Streaming frame 4862/7047
  ███████████████░░░░░░░░░░  63%  Streaming frame 4863/7047
  ███████████████░░░░░░░░░░  63%  Streaming frame 4864/7047
  ███████████████░░░░░░░░░░  63%  Streaming frame 4865/7047
  ███████████████░░░░░░░░░░  63%  Streaming frame 4866/7047
  ███████████████░░░░░░░░░░  63%  Streaming frame 4867/7047
  ███████████████░░░░░░░░░░  63%  Streaming frame 4868/7047
  ███████████████░░░░░░░░░░  63%  Streaming frame 4869/7047
  ███████████████░░░░░░░░░░  63%  Streaming frame 4870/7047
  ███████████████░░░░░░░░░░  63%  Streaming frame 4871/7047
  ███████████████░░░░░░░░░░  63%  Streaming frame 4872/7047
  ███████████████░░░░░░░░░░  63%  Streaming frame 4873/7047
  ███████████████░░░░░░░░░░  63%  Streaming frame 4874/7047
  ███████████████░░░░░░░░░░  63%  Streaming frame 4875/7047
  ███████████████░░░░░░░░░░  63%  Streaming frame 4876/7047
  ███████████████░░░░░░░░░░  63%  Streaming frame 4877/7047
  ███████████████░░░░░░░░░░  63%  Streaming frame 4878/7047
  ███████████████░░░░░░░░░░  63%  Streaming frame 4879/7047
  ███████████████░░░░░░░░░░  63%  Streaming frame 4880/7047
  ███████████████░░░░░░░░░░  63%  Streaming frame 4881/7047
  ███████████████░░░░░░░░░░  63%  Streaming frame 4882/7047
  ███████████████░░░░░░░░░░  63%  Streaming frame 4883/7047
  ███████████████░░░░░░░░░░  63%  Streaming frame 4884/7047
  ███████████████░░░░░░░░░░  63%  Streaming frame 4885/7047
  ███████████████░░░░░░░░░░  63%  Streaming frame 4886/7047
  ███████████████░░░░░░░░░░  63%  Streaming frame 4887/7047
  ███████████████░░░░░░░░░░  63%  Streaming frame 4888/7047
  ███████████████░░░░░░░░░░  63%  Streaming frame 4889/7047
  ███████████████░░░░░░░░░░  63%  Streaming frame 4890/7047
  ███████████████░░░░░░░░░░  63%  Streaming frame 4891/7047
  ███████████████░░░░░░░░░░  63%  Streaming frame 4892/7047
  ███████████████░░░░░░░░░░  63%  Streaming frame 4893/7047
  ███████████████░░░░░░░░░░  63%  Streaming frame 4894/7047
  ███████████████░░░░░░░░░░  63%  Streaming frame 4895/7047
  ███████████████░░░░░░░░░░  63%  Streaming frame 4896/7047
  ███████████████░░░░░░░░░░  63%  Streaming frame 4897/7047
  ███████████████░░░░░░░░░░  63%  Streaming frame 4898/7047
  ███████████████░░░░░░░░░░  63%  Streaming frame 4899/7047
  ███████████████░░░░░░░░░░  63%  Streaming frame 4900/7047
  ███████████████░░░░░░░░░░  63%  Streaming frame 4901/7047
  ███████████████░░░░░░░░░░  63%  Streaming frame 4902/7047
  ███████████████░░░░░░░░░░  63%  Streaming frame 4903/7047
  ███████████████░░░░░░░░░░  63%  Streaming frame 4904/7047
  ███████████████░░░░░░░░░░  63%  Streaming frame 4905/7047
  ███████████████░░░░░░░░░░  63%  Streaming frame 4906/7047
  ███████████████░░░░░░░░░░  63%  Streaming frame 4907/7047
  ███████████████░░░░░░░░░░  63%  Streaming frame 4908/7047
  ███████████████░░░░░░░░░░  63%  Streaming frame 4909/7047
  ███████████████░░░░░░░░░░  63%  Streaming frame 4910/7047
  ███████████████░░░░░░░░░░  63%  Streaming frame 4911/7047
  ███████████████░░░░░░░░░░  63%  Streaming frame 4912/7047
  ███████████████░░░░░░░░░░  63%  Streaming frame 4913/7047
  ███████████████░░░░░░░░░░  63%  Streaming frame 4914/7047
  ███████████████░░░░░░░░░░  63%  Streaming frame 4915/7047
  ███████████████░░░░░░░░░░  63%  Streaming frame 4916/7047
  ███████████████░░░░░░░░░░  63%  Streaming frame 4917/7047
  ███████████████░░░░░░░░░░  63%  Streaming frame 4918/7047
  ███████████████░░░░░░░░░░  63%  Streaming frame 4919/7047
  ███████████████░░░░░░░░░░  63%  Streaming frame 4920/7047
  ███████████████░░░░░░░░░░  63%  Streaming frame 4921/7047
  ███████████████░░░░░░░░░░  63%  Streaming frame 4922/7047
  ███████████████░░░░░░░░░░  63%  Streaming frame 4923/7047
  ███████████████░░░░░░░░░░  63%  Streaming frame 4924/7047
  ███████████████░░░░░░░░░░  63%  Streaming frame 4925/7047
  ███████████████░░░░░░░░░░  63%  Streaming frame 4926/7047
  ███████████████░░░░░░░░░░  63%  Streaming frame 4927/7047
  ███████████████░░░░░░░░░░  63%  Streaming frame 4928/7047
  ███████████████░░░░░░░░░░  63%  Streaming frame 4929/7047
  ███████████████░░░░░░░░░░  63%  Streaming frame 4930/7047
  ███████████████░░░░░░░░░░  63%  Streaming frame 4931/7047
  ███████████████░░░░░░░░░░  63%  Streaming frame 4932/7047
  ████████████████░░░░░░░░░  64%  Streaming frame 4933/7047
  ████████████████░░░░░░░░░  64%  Streaming frame 4934/7047
  ████████████████░░░░░░░░░  64%  Streaming frame 4935/7047
  ████████████████░░░░░░░░░  64%  Streaming frame 4936/7047
  ████████████████░░░░░░░░░  64%  Streaming frame 4937/7047
  ████████████████░░░░░░░░░  64%  Streaming frame 4938/7047
  ████████████████░░░░░░░░░  64%  Streaming frame 4939/7047
  ████████████████░░░░░░░░░  64%  Streaming frame 4940/7047
  ████████████████░░░░░░░░░  64%  Streaming frame 4941/7047
  ████████████████░░░░░░░░░  64%  Streaming frame 4942/7047
  ████████████████░░░░░░░░░  64%  Streaming frame 4943/7047
  ████████████████░░░░░░░░░  64%  Streaming frame 4944/7047
  ████████████████░░░░░░░░░  64%  Streaming frame 4945/7047
  ████████████████░░░░░░░░░  64%  Streaming frame 4946/7047
  ████████████████░░░░░░░░░  64%  Streaming frame 4947/7047
  ████████████████░░░░░░░░░  64%  Streaming frame 4948/7047
  ████████████████░░░░░░░░░  64%  Streaming frame 4949/7047
  ████████████████░░░░░░░░░  64%  Streaming frame 4950/7047
  ████████████████░░░░░░░░░  64%  Streaming frame 4951/7047
  ████████████████░░░░░░░░░  64%  Streaming frame 4952/7047
  ████████████████░░░░░░░░░  64%  Streaming frame 4953/7047
  ████████████████░░░░░░░░░  64%  Streaming frame 4954/7047
  ████████████████░░░░░░░░░  64%  Streaming frame 4955/7047
  ████████████████░░░░░░░░░  64%  Streaming frame 4956/7047
  ████████████████░░░░░░░░░  64%  Streaming frame 4957/7047
  ████████████████░░░░░░░░░  64%  Streaming frame 4958/7047
  ████████████████░░░░░░░░░  64%  Streaming frame 4959/7047
  ████████████████░░░░░░░░░  64%  Streaming frame 4960/7047
  ████████████████░░░░░░░░░  64%  Streaming frame 4961/7047
  ████████████████░░░░░░░░░  64%  Streaming frame 4962/7047
  ████████████████░░░░░░░░░  64%  Streaming frame 4963/7047
  ████████████████░░░░░░░░░  64%  Streaming frame 4964/7047
  ████████████████░░░░░░░░░  64%  Streaming frame 4965/7047
  ████████████████░░░░░░░░░  64%  Streaming frame 4966/7047
  ████████████████░░░░░░░░░  64%  Streaming frame 4967/7047
  ████████████████░░░░░░░░░  64%  Streaming frame 4968/7047
  ████████████████░░░░░░░░░  64%  Streaming frame 4969/7047
  ████████████████░░░░░░░░░  64%  Streaming frame 4970/7047
  ████████████████░░░░░░░░░  64%  Streaming frame 4971/7047
  ████████████████░░░░░░░░░  64%  Streaming frame 4972/7047
  ████████████████░░░░░░░░░  64%  Streaming frame 4973/7047
  ████████████████░░░░░░░░░  64%  Streaming frame 4974/7047
  ████████████████░░░░░░░░░  64%  Streaming frame 4975/7047
  ████████████████░░░░░░░░░  64%  Streaming frame 4976/7047
  ████████████████░░░░░░░░░  64%  Streaming frame 4977/7047
  ████████████████░░░░░░░░░  64%  Streaming frame 4978/7047
  ████████████████░░░░░░░░░  64%  Streaming frame 4979/7047
  ████████████████░░░░░░░░░  64%  Streaming frame 4980/7047
  ████████████████░░░░░░░░░  64%  Streaming frame 4981/7047
  ████████████████░░░░░░░░░  64%  Streaming frame 4982/7047
  ████████████████░░░░░░░░░  64%  Streaming frame 4983/7047
  ████████████████░░░░░░░░░  64%  Streaming frame 4984/7047
  ████████████████░░░░░░░░░  64%  Streaming frame 4985/7047
  ████████████████░░░░░░░░░  64%  Streaming frame 4986/7047
  ████████████████░░░░░░░░░  64%  Streaming frame 4987/7047
  ████████████████░░░░░░░░░  64%  Streaming frame 4988/7047
  ████████████████░░░░░░░░░  64%  Streaming frame 4989/7047
  ████████████████░░░░░░░░░  64%  Streaming frame 4990/7047
  ████████████████░░░░░░░░░  64%  Streaming frame 4991/7047
  ████████████████░░░░░░░░░  64%  Streaming frame 4992/7047
  ████████████████░░░░░░░░░  64%  Streaming frame 4993/7047
  ████████████████░░░░░░░░░  64%  Streaming frame 4994/7047
  ████████████████░░░░░░░░░  64%  Streaming frame 4995/7047
  ████████████████░░░░░░░░░  64%  Streaming frame 4996/7047
  ████████████████░░░░░░░░░  64%  Streaming frame 4997/7047
  ████████████████░░░░░░░░░  64%  Streaming frame 4998/7047
  ████████████████░░░░░░░░░  64%  Streaming frame 4999/7047
  ████████████████░░░░░░░░░  64%  Streaming frame 5000/7047
  ████████████████░░░░░░░░░  64%  Streaming frame 5001/7047
  ████████████████░░░░░░░░░  64%  Streaming frame 5002/7047
  ████████████████░░░░░░░░░  64%  Streaming frame 5003/7047
  ████████████████░░░░░░░░░  64%  Streaming frame 5004/7047
  ████████████████░░░░░░░░░  64%  Streaming frame 5005/7047
  ████████████████░░░░░░░░░  64%  Streaming frame 5006/7047
  ████████████████░░░░░░░░░  64%  Streaming frame 5007/7047
  ████████████████░░░░░░░░░  64%  Streaming frame 5008/7047
  ████████████████░░░░░░░░░  64%  Streaming frame 5009/7047
  ████████████████░░░░░░░░░  64%  Streaming frame 5010/7047
  ████████████████░░░░░░░░░  64%  Streaming frame 5011/7047
  ████████████████░░░░░░░░░  64%  Streaming frame 5012/7047
  ████████████████░░░░░░░░░  64%  Streaming frame 5013/7047
  ████████████████░░░░░░░░░  64%  Streaming frame 5014/7047
  ████████████████░░░░░░░░░  64%  Streaming frame 5015/7047
  ████████████████░░░░░░░░░  64%  Streaming frame 5016/7047
  ████████████████░░░░░░░░░  64%  Streaming frame 5017/7047
  ████████████████░░░░░░░░░  64%  Streaming frame 5018/7047
  ████████████████░░░░░░░░░  64%  Streaming frame 5019/7047
  ████████████████░░░░░░░░░  64%  Streaming frame 5020/7047
  ████████████████░░░░░░░░░  64%  Streaming frame 5021/7047
  ████████████████░░░░░░░░░  64%  Streaming frame 5022/7047
  ████████████████░░░░░░░░░  64%  Streaming frame 5023/7047
  ████████████████░░░░░░░░░  64%  Streaming frame 5024/7047
  ████████████████░░░░░░░░░  64%  Streaming frame 5025/7047
  ████████████████░░░░░░░░░  64%  Streaming frame 5026/7047
  ████████████████░░░░░░░░░  64%  Streaming frame 5027/7047
  ████████████████░░░░░░░░░  64%  Streaming frame 5028/7047
  ████████████████░░░░░░░░░  64%  Streaming frame 5029/7047
  ████████████████░░░░░░░░░  64%  Streaming frame 5030/7047
  ████████████████░░░░░░░░░  64%  Streaming frame 5031/7047
  ████████████████░░░░░░░░░  64%  Streaming frame 5032/7047
  ████████████████░░░░░░░░░  64%  Streaming frame 5033/7047
  ████████████████░░░░░░░░░  64%  Streaming frame 5034/7047
  ████████████████░░░░░░░░░  64%  Streaming frame 5035/7047
  ████████████████░░░░░░░░░  64%  Streaming frame 5036/7047
  ████████████████░░░░░░░░░  64%  Streaming frame 5037/7047
  ████████████████░░░░░░░░░  64%  Streaming frame 5038/7047
  ████████████████░░░░░░░░░  64%  Streaming frame 5039/7047
  ████████████████░░░░░░░░░  64%  Streaming frame 5040/7047
  ████████████████░░░░░░░░░  64%  Streaming frame 5041/7047
  ████████████████░░░░░░░░░  64%  Streaming frame 5042/7047
  ████████████████░░░░░░░░░  64%  Streaming frame 5043/7047
  ████████████████░░░░░░░░░  64%  Streaming frame 5044/7047
  ████████████████░░░░░░░░░  64%  Streaming frame 5045/7047
  ████████████████░░░░░░░░░  64%  Streaming frame 5046/7047
  ████████████████░░░░░░░░░  64%  Streaming frame 5047/7047
  ████████████████░░░░░░░░░  64%  Streaming frame 5048/7047
  ████████████████░░░░░░░░░  64%  Streaming frame 5049/7047
  ████████████████░░░░░░░░░  64%  Streaming frame 5050/7047
  ████████████████░░░░░░░░░  64%  Streaming frame 5051/7047
  ████████████████░░░░░░░░░  64%  Streaming frame 5052/7047
  ████████████████░░░░░░░░░  64%  Streaming frame 5053/7047
  ████████████████░░░░░░░░░  64%  Streaming frame 5054/7047
  ████████████████░░░░░░░░░  64%  Streaming frame 5055/7047
  ████████████████░░░░░░░░░  64%  Streaming frame 5056/7047
  ████████████████░░░░░░░░░  64%  Streaming frame 5057/7047
  ████████████████░░░░░░░░░  64%  Streaming frame 5058/7047
  ████████████████░░░░░░░░░  64%  Streaming frame 5059/7047
  ████████████████░░░░░░░░░  64%  Streaming frame 5060/7047
  ████████████████░░░░░░░░░  64%  Streaming frame 5061/7047
  ████████████████░░░░░░░░░  65%  Streaming frame 5062/7047
  ████████████████░░░░░░░░░  65%  Streaming frame 5063/7047
  ████████████████░░░░░░░░░  65%  Streaming frame 5064/7047
  ████████████████░░░░░░░░░  65%  Streaming frame 5065/7047
  ████████████████░░░░░░░░░  65%  Streaming frame 5066/7047
  ████████████████░░░░░░░░░  65%  Streaming frame 5067/7047
  ████████████████░░░░░░░░░  65%  Streaming frame 5068/7047
  ████████████████░░░░░░░░░  65%  Streaming frame 5069/7047
  ████████████████░░░░░░░░░  65%  Streaming frame 5070/7047
  ████████████████░░░░░░░░░  65%  Streaming frame 5071/7047
  ████████████████░░░░░░░░░  65%  Streaming frame 5072/7047
  ████████████████░░░░░░░░░  65%  Streaming frame 5073/7047
  ████████████████░░░░░░░░░  65%  Streaming frame 5074/7047
  ████████████████░░░░░░░░░  65%  Streaming frame 5075/7047
  ████████████████░░░░░░░░░  65%  Streaming frame 5076/7047
  ████████████████░░░░░░░░░  65%  Streaming frame 5077/7047
  ████████████████░░░░░░░░░  65%  Streaming frame 5078/7047
  ████████████████░░░░░░░░░  65%  Streaming frame 5079/7047
  ████████████████░░░░░░░░░  65%  Streaming frame 5080/7047
  ████████████████░░░░░░░░░  65%  Streaming frame 5081/7047
  ████████████████░░░░░░░░░  65%  Streaming frame 5082/7047
  ████████████████░░░░░░░░░  65%  Streaming frame 5083/7047
  ████████████████░░░░░░░░░  65%  Streaming frame 5084/7047
  ████████████████░░░░░░░░░  65%  Streaming frame 5085/7047
  ████████████████░░░░░░░░░  65%  Streaming frame 5086/7047
  ████████████████░░░░░░░░░  65%  Streaming frame 5087/7047
  ████████████████░░░░░░░░░  65%  Streaming frame 5088/7047
  ████████████████░░░░░░░░░  65%  Streaming frame 5089/7047
  ████████████████░░░░░░░░░  65%  Streaming frame 5090/7047
  ████████████████░░░░░░░░░  65%  Streaming frame 5091/7047
  ████████████████░░░░░░░░░  65%  Streaming frame 5092/7047
  ████████████████░░░░░░░░░  65%  Streaming frame 5093/7047
  ████████████████░░░░░░░░░  65%  Streaming frame 5094/7047
  ████████████████░░░░░░░░░  65%  Streaming frame 5095/7047
  ████████████████░░░░░░░░░  65%  Streaming frame 5096/7047
  ████████████████░░░░░░░░░  65%  Streaming frame 5097/7047
  ████████████████░░░░░░░░░  65%  Streaming frame 5098/7047
  ████████████████░░░░░░░░░  65%  Streaming frame 5099/7047
  ████████████████░░░░░░░░░  65%  Streaming frame 5100/7047
  ████████████████░░░░░░░░░  65%  Streaming frame 5101/7047
  ████████████████░░░░░░░░░  65%  Streaming frame 5102/7047
  ████████████████░░░░░░░░░  65%  Streaming frame 5103/7047
  ████████████████░░░░░░░░░  65%  Streaming frame 5104/7047
  ████████████████░░░░░░░░░  65%  Streaming frame 5105/7047
  ████████████████░░░░░░░░░  65%  Streaming frame 5106/7047
  ████████████████░░░░░░░░░  65%  Streaming frame 5107/7047
  ████████████████░░░░░░░░░  65%  Streaming frame 5108/7047
  ████████████████░░░░░░░░░  65%  Streaming frame 5109/7047
  ████████████████░░░░░░░░░  65%  Streaming frame 5110/7047
  ████████████████░░░░░░░░░  65%  Streaming frame 5111/7047
  ████████████████░░░░░░░░░  65%  Streaming frame 5112/7047
  ████████████████░░░░░░░░░  65%  Streaming frame 5113/7047
  ████████████████░░░░░░░░░  65%  Streaming frame 5114/7047
  ████████████████░░░░░░░░░  65%  Streaming frame 5115/7047
  ████████████████░░░░░░░░░  65%  Streaming frame 5116/7047
  ████████████████░░░░░░░░░  65%  Streaming frame 5117/7047
  ████████████████░░░░░░░░░  65%  Streaming frame 5118/7047
  ████████████████░░░░░░░░░  65%  Streaming frame 5119/7047
  ████████████████░░░░░░░░░  65%  Streaming frame 5120/7047
  ████████████████░░░░░░░░░  65%  Streaming frame 5121/7047
  ████████████████░░░░░░░░░  65%  Streaming frame 5122/7047
  ████████████████░░░░░░░░░  65%  Streaming frame 5123/7047
  ████████████████░░░░░░░░░  65%  Streaming frame 5124/7047
  ████████████████░░░░░░░░░  65%  Streaming frame 5125/7047
  ████████████████░░░░░░░░░  65%  Streaming frame 5126/7047
  ████████████████░░░░░░░░░  65%  Streaming frame 5127/7047
  ████████████████░░░░░░░░░  65%  Streaming frame 5128/7047
  ████████████████░░░░░░░░░  65%  Streaming frame 5129/7047
  ████████████████░░░░░░░░░  65%  Streaming frame 5130/7047
  ████████████████░░░░░░░░░  65%  Streaming frame 5131/7047
  ████████████████░░░░░░░░░  65%  Streaming frame 5132/7047
  ████████████████░░░░░░░░░  65%  Streaming frame 5133/7047
  ████████████████░░░░░░░░░  65%  Streaming frame 5134/7047
  ████████████████░░░░░░░░░  65%  Streaming frame 5135/7047
  ████████████████░░░░░░░░░  65%  Streaming frame 5136/7047
  ████████████████░░░░░░░░░  65%  Streaming frame 5137/7047
  ████████████████░░░░░░░░░  65%  Streaming frame 5138/7047
  ████████████████░░░░░░░░░  65%  Streaming frame 5139/7047
  ████████████████░░░░░░░░░  65%  Streaming frame 5140/7047
  ████████████████░░░░░░░░░  65%  Streaming frame 5141/7047
  ████████████████░░░░░░░░░  65%  Streaming frame 5142/7047
  ████████████████░░░░░░░░░  65%  Streaming frame 5143/7047
  ████████████████░░░░░░░░░  65%  Streaming frame 5144/7047
  ████████████████░░░░░░░░░  65%  Streaming frame 5145/7047
  ████████████████░░░░░░░░░  65%  Streaming frame 5146/7047
  ████████████████░░░░░░░░░  65%  Streaming frame 5147/7047
  ████████████████░░░░░░░░░  65%  Streaming frame 5148/7047
  ████████████████░░░░░░░░░  65%  Streaming frame 5149/7047
  ████████████████░░░░░░░░░  65%  Streaming frame 5150/7047
  ████████████████░░░░░░░░░  65%  Streaming frame 5151/7047
  ████████████████░░░░░░░░░  65%  Streaming frame 5152/7047
  ████████████████░░░░░░░░░  65%  Streaming frame 5153/7047
  ████████████████░░░░░░░░░  65%  Streaming frame 5154/7047
  ████████████████░░░░░░░░░  65%  Streaming frame 5155/7047
  ████████████████░░░░░░░░░  65%  Streaming frame 5156/7047
  ████████████████░░░░░░░░░  65%  Streaming frame 5157/7047
  ████████████████░░░░░░░░░  65%  Streaming frame 5158/7047
  ████████████████░░░░░░░░░  65%  Streaming frame 5159/7047
  ████████████████░░░░░░░░░  65%  Streaming frame 5160/7047
  ████████████████░░░░░░░░░  65%  Streaming frame 5161/7047
  ████████████████░░░░░░░░░  65%  Streaming frame 5162/7047
  ████████████████░░░░░░░░░  65%  Streaming frame 5163/7047
  ████████████████░░░░░░░░░  65%  Streaming frame 5164/7047
  ████████████████░░░░░░░░░  65%  Streaming frame 5165/7047
  ████████████████░░░░░░░░░  65%  Streaming frame 5166/7047
  ████████████████░░░░░░░░░  65%  Streaming frame 5167/7047
  ████████████████░░░░░░░░░  65%  Streaming frame 5168/7047
  ████████████████░░░░░░░░░  65%  Streaming frame 5169/7047
  ████████████████░░░░░░░░░  65%  Streaming frame 5170/7047
  ████████████████░░░░░░░░░  65%  Streaming frame 5171/7047
  ████████████████░░░░░░░░░  65%  Streaming frame 5172/7047
  ████████████████░░░░░░░░░  65%  Streaming frame 5173/7047
  ████████████████░░░░░░░░░  65%  Streaming frame 5174/7047
  ████████████████░░░░░░░░░  65%  Streaming frame 5175/7047
  ████████████████░░░░░░░░░  65%  Streaming frame 5176/7047
  ████████████████░░░░░░░░░  65%  Streaming frame 5177/7047
  ████████████████░░░░░░░░░  65%  Streaming frame 5178/7047
  ████████████████░░░░░░░░░  65%  Streaming frame 5179/7047
  ████████████████░░░░░░░░░  65%  Streaming frame 5180/7047
  ████████████████░░░░░░░░░  65%  Streaming frame 5181/7047
  ████████████████░░░░░░░░░  65%  Streaming frame 5182/7047
  ████████████████░░░░░░░░░  65%  Streaming frame 5183/7047
  ████████████████░░░░░░░░░  65%  Streaming frame 5184/7047
  ████████████████░░░░░░░░░  65%  Streaming frame 5185/7047
  ████████████████░░░░░░░░░  65%  Streaming frame 5186/7047
  ████████████████░░░░░░░░░  65%  Streaming frame 5187/7047
  ████████████████░░░░░░░░░  65%  Streaming frame 5188/7047
  ████████████████░░░░░░░░░  65%  Streaming frame 5189/7047
  ████████████████░░░░░░░░░  66%  Streaming frame 5190/7047
  ████████████████░░░░░░░░░  66%  Streaming frame 5191/7047
  ████████████████░░░░░░░░░  66%  Streaming frame 5192/7047
  ████████████████░░░░░░░░░  66%  Streaming frame 5193/7047
  ████████████████░░░░░░░░░  66%  Streaming frame 5194/7047
  ████████████████░░░░░░░░░  66%  Streaming frame 5195/7047
  ████████████████░░░░░░░░░  66%  Streaming frame 5196/7047
  ████████████████░░░░░░░░░  66%  Streaming frame 5197/7047
  ████████████████░░░░░░░░░  66%  Streaming frame 5198/7047
  ████████████████░░░░░░░░░  66%  Streaming frame 5199/7047
  ████████████████░░░░░░░░░  66%  Streaming frame 5200/7047
  ████████████████░░░░░░░░░  66%  Streaming frame 5201/7047
  ████████████████░░░░░░░░░  66%  Streaming frame 5202/7047
  ████████████████░░░░░░░░░  66%  Streaming frame 5203/7047
  ████████████████░░░░░░░░░  66%  Streaming frame 5204/7047
  ████████████████░░░░░░░░░  66%  Streaming frame 5205/7047
  ████████████████░░░░░░░░░  66%  Streaming frame 5206/7047
  ████████████████░░░░░░░░░  66%  Streaming frame 5207/7047
  ████████████████░░░░░░░░░  66%  Streaming frame 5208/7047
  ████████████████░░░░░░░░░  66%  Streaming frame 5209/7047
  ████████████████░░░░░░░░░  66%  Streaming frame 5210/7047
  ████████████████░░░░░░░░░  66%  Streaming frame 5211/7047
  ████████████████░░░░░░░░░  66%  Streaming frame 5212/7047
  ████████████████░░░░░░░░░  66%  Streaming frame 5213/7047
  ████████████████░░░░░░░░░  66%  Streaming frame 5214/7047
  ████████████████░░░░░░░░░  66%  Streaming frame 5215/7047
  ████████████████░░░░░░░░░  66%  Streaming frame 5216/7047
  ████████████████░░░░░░░░░  66%  Streaming frame 5217/7047
  ████████████████░░░░░░░░░  66%  Streaming frame 5218/7047
  ████████████████░░░░░░░░░  66%  Streaming frame 5219/7047
  ████████████████░░░░░░░░░  66%  Streaming frame 5220/7047
  ████████████████░░░░░░░░░  66%  Streaming frame 5221/7047
  ████████████████░░░░░░░░░  66%  Streaming frame 5222/7047
  ████████████████░░░░░░░░░  66%  Streaming frame 5223/7047
  ████████████████░░░░░░░░░  66%  Streaming frame 5224/7047
  ████████████████░░░░░░░░░  66%  Streaming frame 5225/7047
  ████████████████░░░░░░░░░  66%  Streaming frame 5226/7047
  ████████████████░░░░░░░░░  66%  Streaming frame 5227/7047
  ████████████████░░░░░░░░░  66%  Streaming frame 5228/7047
  ████████████████░░░░░░░░░  66%  Streaming frame 5229/7047
  ████████████████░░░░░░░░░  66%  Streaming frame 5230/7047
  ████████████████░░░░░░░░░  66%  Streaming frame 5231/7047
  ████████████████░░░░░░░░░  66%  Streaming frame 5232/7047
  ████████████████░░░░░░░░░  66%  Streaming frame 5233/7047
  ████████████████░░░░░░░░░  66%  Streaming frame 5234/7047
  ████████████████░░░░░░░░░  66%  Streaming frame 5235/7047
  ████████████████░░░░░░░░░  66%  Streaming frame 5236/7047
  ████████████████░░░░░░░░░  66%  Streaming frame 5237/7047
  ████████████████░░░░░░░░░  66%  Streaming frame 5238/7047
  ████████████████░░░░░░░░░  66%  Streaming frame 5239/7047
  ████████████████░░░░░░░░░  66%  Streaming frame 5240/7047
  ████████████████░░░░░░░░░  66%  Streaming frame 5241/7047
  ████████████████░░░░░░░░░  66%  Streaming frame 5242/7047
  ████████████████░░░░░░░░░  66%  Streaming frame 5243/7047
  ████████████████░░░░░░░░░  66%  Streaming frame 5244/7047
  ████████████████░░░░░░░░░  66%  Streaming frame 5245/7047
  ████████████████░░░░░░░░░  66%  Streaming frame 5246/7047
  ████████████████░░░░░░░░░  66%  Streaming frame 5247/7047
  ████████████████░░░░░░░░░  66%  Streaming frame 5248/7047
  ████████████████░░░░░░░░░  66%  Streaming frame 5249/7047
  ████████████████░░░░░░░░░  66%  Streaming frame 5250/7047
  ████████████████░░░░░░░░░  66%  Streaming frame 5251/7047
  ████████████████░░░░░░░░░  66%  Streaming frame 5252/7047
  ████████████████░░░░░░░░░  66%  Streaming frame 5253/7047
  ████████████████░░░░░░░░░  66%  Streaming frame 5254/7047
  ████████████████░░░░░░░░░  66%  Streaming frame 5255/7047
  ████████████████░░░░░░░░░  66%  Streaming frame 5256/7047
  ████████████████░░░░░░░░░  66%  Streaming frame 5257/7047
  ████████████████░░░░░░░░░  66%  Streaming frame 5258/7047
  ████████████████░░░░░░░░░  66%  Streaming frame 5259/7047
  ████████████████░░░░░░░░░  66%  Streaming frame 5260/7047
  ████████████████░░░░░░░░░  66%  Streaming frame 5261/7047
  ████████████████░░░░░░░░░  66%  Streaming frame 5262/7047
  ████████████████░░░░░░░░░  66%  Streaming frame 5263/7047
  ████████████████░░░░░░░░░  66%  Streaming frame 5264/7047
  ████████████████░░░░░░░░░  66%  Streaming frame 5265/7047
  ████████████████░░░░░░░░░  66%  Streaming frame 5266/7047
  ████████████████░░░░░░░░░  66%  Streaming frame 5267/7047
  ████████████████░░░░░░░░░  66%  Streaming frame 5268/7047
  ████████████████░░░░░░░░░  66%  Streaming frame 5269/7047
  ████████████████░░░░░░░░░  66%  Streaming frame 5270/7047
  ████████████████░░░░░░░░░  66%  Streaming frame 5271/7047
  ████████████████░░░░░░░░░  66%  Streaming frame 5272/7047
  ████████████████░░░░░░░░░  66%  Streaming frame 5273/7047
  ████████████████░░░░░░░░░  66%  Streaming frame 5274/7047
  ████████████████░░░░░░░░░  66%  Streaming frame 5275/7047
  ████████████████░░░░░░░░░  66%  Streaming frame 5276/7047
  ████████████████░░░░░░░░░  66%  Streaming frame 5277/7047
  ████████████████░░░░░░░░░  66%  Streaming frame 5278/7047
  ████████████████░░░░░░░░░  66%  Streaming frame 5279/7047
  ████████████████░░░░░░░░░  66%  Streaming frame 5280/7047
  ████████████████░░░░░░░░░  66%  Streaming frame 5281/7047
  ████████████████░░░░░░░░░  66%  Streaming frame 5282/7047
  ████████████████░░░░░░░░░  66%  Streaming frame 5283/7047
  ████████████████░░░░░░░░░  66%  Streaming frame 5284/7047
  ████████████████░░░░░░░░░  66%  Streaming frame 5285/7047
[INFO] [Render] drawElement self-verify passed {"renderJobId":"1c57a6f3-a451-4ce4-ac2e-553797cfb0b7","frame":5285,"psnrDb":50.9}
  ████████████████░░░░░░░░░  66%  Streaming frame 5286/7047
  ████████████████░░░░░░░░░  66%  Streaming frame 5287/7047
  ████████████████░░░░░░░░░  66%  Streaming frame 5288/7047
  ████████████████░░░░░░░░░  66%  Streaming frame 5289/7047
  ████████████████░░░░░░░░░  66%  Streaming frame 5290/7047
  ████████████████░░░░░░░░░  66%  Streaming frame 5291/7047
  ████████████████░░░░░░░░░  66%  Streaming frame 5292/7047
  ████████████████░░░░░░░░░  66%  Streaming frame 5293/7047
  ████████████████░░░░░░░░░  66%  Streaming frame 5294/7047
  ████████████████░░░░░░░░░  66%  Streaming frame 5295/7047
  ████████████████░░░░░░░░░  66%  Streaming frame 5296/7047
  ████████████████░░░░░░░░░  66%  Streaming frame 5297/7047
  ████████████████░░░░░░░░░  66%  Streaming frame 5298/7047
  ████████████████░░░░░░░░░  66%  Streaming frame 5299/7047
  ████████████████░░░░░░░░░  66%  Streaming frame 5300/7047
  ████████████████░░░░░░░░░  66%  Streaming frame 5301/7047
  ████████████████░░░░░░░░░  66%  Streaming frame 5302/7047
  ████████████████░░░░░░░░░  66%  Streaming frame 5303/7047
  ████████████████░░░░░░░░░  66%  Streaming frame 5304/7047
  ████████████████░░░░░░░░░  66%  Streaming frame 5305/7047
  ████████████████░░░░░░░░░  66%  Streaming frame 5306/7047
  ████████████████░░░░░░░░░  66%  Streaming frame 5307/7047
  ████████████████░░░░░░░░░  66%  Streaming frame 5308/7047
  ████████████████░░░░░░░░░  66%  Streaming frame 5309/7047
  ████████████████░░░░░░░░░  66%  Streaming frame 5310/7047
  ████████████████░░░░░░░░░  66%  Streaming frame 5311/7047
  ████████████████░░░░░░░░░  66%  Streaming frame 5312/7047
  ████████████████░░░░░░░░░  66%  Streaming frame 5313/7047
  ████████████████░░░░░░░░░  66%  Streaming frame 5314/7047
  ████████████████░░░░░░░░░  66%  Streaming frame 5315/7047
  ████████████████░░░░░░░░░  66%  Streaming frame 5316/7047
  ████████████████░░░░░░░░░  66%  Streaming frame 5317/7047
  ████████████████░░░░░░░░░  67%  Streaming frame 5318/7047
  ████████████████░░░░░░░░░  67%  Streaming frame 5319/7047
  ████████████████░░░░░░░░░  67%  Streaming frame 5320/7047
  ████████████████░░░░░░░░░  67%  Streaming frame 5321/7047
  ████████████████░░░░░░░░░  67%  Streaming frame 5322/7047
  ████████████████░░░░░░░░░  67%  Streaming frame 5323/7047
  ████████████████░░░░░░░░░  67%  Streaming frame 5324/7047
  ████████████████░░░░░░░░░  67%  Streaming frame 5325/7047
  ████████████████░░░░░░░░░  67%  Streaming frame 5326/7047
  ████████████████░░░░░░░░░  67%  Streaming frame 5327/7047
  ████████████████░░░░░░░░░  67%  Streaming frame 5328/7047
  ████████████████░░░░░░░░░  67%  Streaming frame 5329/7047
  ████████████████░░░░░░░░░  67%  Streaming frame 5330/7047
  ████████████████░░░░░░░░░  67%  Streaming frame 5331/7047
  ████████████████░░░░░░░░░  67%  Streaming frame 5332/7047
  ████████████████░░░░░░░░░  67%  Streaming frame 5333/7047
  ████████████████░░░░░░░░░  67%  Streaming frame 5334/7047
  ████████████████░░░░░░░░░  67%  Streaming frame 5335/7047
  ████████████████░░░░░░░░░  67%  Streaming frame 5336/7047
  ████████████████░░░░░░░░░  67%  Streaming frame 5337/7047
  ████████████████░░░░░░░░░  67%  Streaming frame 5338/7047
  ████████████████░░░░░░░░░  67%  Streaming frame 5339/7047
  ████████████████░░░░░░░░░  67%  Streaming frame 5340/7047
  ████████████████░░░░░░░░░  67%  Streaming frame 5341/7047
  ████████████████░░░░░░░░░  67%  Streaming frame 5342/7047
  ████████████████░░░░░░░░░  67%  Streaming frame 5343/7047
  ████████████████░░░░░░░░░  67%  Streaming frame 5344/7047
  ████████████████░░░░░░░░░  67%  Streaming frame 5345/7047
  ████████████████░░░░░░░░░  67%  Streaming frame 5346/7047
  ████████████████░░░░░░░░░  67%  Streaming frame 5347/7047
  ████████████████░░░░░░░░░  67%  Streaming frame 5348/7047
  ████████████████░░░░░░░░░  67%  Streaming frame 5349/7047
  ████████████████░░░░░░░░░  67%  Streaming frame 5350/7047
  ████████████████░░░░░░░░░  67%  Streaming frame 5351/7047
  ████████████████░░░░░░░░░  67%  Streaming frame 5352/7047
  ████████████████░░░░░░░░░  67%  Streaming frame 5353/7047
  ████████████████░░░░░░░░░  67%  Streaming frame 5354/7047
  ████████████████░░░░░░░░░  67%  Streaming frame 5355/7047
  ████████████████░░░░░░░░░  67%  Streaming frame 5356/7047
  ████████████████░░░░░░░░░  67%  Streaming frame 5357/7047
  ████████████████░░░░░░░░░  67%  Streaming frame 5358/7047
  ████████████████░░░░░░░░░  67%  Streaming frame 5359/7047
  ████████████████░░░░░░░░░  67%  Streaming frame 5360/7047
  ████████████████░░░░░░░░░  67%  Streaming frame 5361/7047
  ████████████████░░░░░░░░░  67%  Streaming frame 5362/7047
  ████████████████░░░░░░░░░  67%  Streaming frame 5363/7047
  ████████████████░░░░░░░░░  67%  Streaming frame 5364/7047
  ████████████████░░░░░░░░░  67%  Streaming frame 5365/7047
  ████████████████░░░░░░░░░  67%  Streaming frame 5366/7047
  ████████████████░░░░░░░░░  67%  Streaming frame 5367/7047
  ████████████████░░░░░░░░░  67%  Streaming frame 5368/7047
  ████████████████░░░░░░░░░  67%  Streaming frame 5369/7047
  ████████████████░░░░░░░░░  67%  Streaming frame 5370/7047
  ████████████████░░░░░░░░░  67%  Streaming frame 5371/7047
  ████████████████░░░░░░░░░  67%  Streaming frame 5372/7047
  ████████████████░░░░░░░░░  67%  Streaming frame 5373/7047
  ████████████████░░░░░░░░░  67%  Streaming frame 5374/7047
  ████████████████░░░░░░░░░  67%  Streaming frame 5375/7047
  ████████████████░░░░░░░░░  67%  Streaming frame 5376/7047
  ████████████████░░░░░░░░░  67%  Streaming frame 5377/7047
  ████████████████░░░░░░░░░  67%  Streaming frame 5378/7047
  ████████████████░░░░░░░░░  67%  Streaming frame 5379/7047
  ████████████████░░░░░░░░░  67%  Streaming frame 5380/7047
  ████████████████░░░░░░░░░  67%  Streaming frame 5381/7047
  ████████████████░░░░░░░░░  67%  Streaming frame 5382/7047
  ████████████████░░░░░░░░░  67%  Streaming frame 5383/7047
  ████████████████░░░░░░░░░  67%  Streaming frame 5384/7047
  ████████████████░░░░░░░░░  67%  Streaming frame 5385/7047
  ████████████████░░░░░░░░░  67%  Streaming frame 5386/7047
  ████████████████░░░░░░░░░  67%  Streaming frame 5387/7047
  ████████████████░░░░░░░░░  67%  Streaming frame 5388/7047
  ████████████████░░░░░░░░░  67%  Streaming frame 5389/7047
  ████████████████░░░░░░░░░  67%  Streaming frame 5390/7047
  ████████████████░░░░░░░░░  67%  Streaming frame 5391/7047
  ████████████████░░░░░░░░░  67%  Streaming frame 5392/7047
  ████████████████░░░░░░░░░  67%  Streaming frame 5393/7047
  ████████████████░░░░░░░░░  67%  Streaming frame 5394/7047
  ████████████████░░░░░░░░░  67%  Streaming frame 5395/7047
  ████████████████░░░░░░░░░  67%  Streaming frame 5396/7047
  ████████████████░░░░░░░░░  67%  Streaming frame 5397/7047
  ████████████████░░░░░░░░░  67%  Streaming frame 5398/7047
  ████████████████░░░░░░░░░  67%  Streaming frame 5399/7047
  ████████████████░░░░░░░░░  67%  Streaming frame 5400/7047
  ████████████████░░░░░░░░░  67%  Streaming frame 5401/7047
  ████████████████░░░░░░░░░  67%  Streaming frame 5402/7047
  ████████████████░░░░░░░░░  67%  Streaming frame 5403/7047
  ████████████████░░░░░░░░░  67%  Streaming frame 5404/7047
  ████████████████░░░░░░░░░  67%  Streaming frame 5405/7047
  ████████████████░░░░░░░░░  67%  Streaming frame 5406/7047
  ████████████████░░░░░░░░░  67%  Streaming frame 5407/7047
  ████████████████░░░░░░░░░  67%  Streaming frame 5408/7047
  ████████████████░░░░░░░░░  67%  Streaming frame 5409/7047
  ████████████████░░░░░░░░░  67%  Streaming frame 5410/7047
  ████████████████░░░░░░░░░  67%  Streaming frame 5411/7047
  ████████████████░░░░░░░░░  67%  Streaming frame 5412/7047
  ████████████████░░░░░░░░░  67%  Streaming frame 5413/7047
  ████████████████░░░░░░░░░  67%  Streaming frame 5414/7047
  ████████████████░░░░░░░░░  67%  Streaming frame 5415/7047
  ████████████████░░░░░░░░░  67%  Streaming frame 5416/7047
  ████████████████░░░░░░░░░  67%  Streaming frame 5417/7047
  ████████████████░░░░░░░░░  67%  Streaming frame 5418/7047
  ████████████████░░░░░░░░░  67%  Streaming frame 5419/7047
  ████████████████░░░░░░░░░  67%  Streaming frame 5420/7047
  ████████████████░░░░░░░░░  67%  Streaming frame 5421/7047
  ████████████████░░░░░░░░░  67%  Streaming frame 5422/7047
  ████████████████░░░░░░░░░  67%  Streaming frame 5423/7047
  ████████████████░░░░░░░░░  67%  Streaming frame 5424/7047
  ████████████████░░░░░░░░░  67%  Streaming frame 5425/7047
  ████████████████░░░░░░░░░  67%  Streaming frame 5426/7047
  ████████████████░░░░░░░░░  67%  Streaming frame 5427/7047
  ████████████████░░░░░░░░░  67%  Streaming frame 5428/7047
  ████████████████░░░░░░░░░  67%  Streaming frame 5429/7047
  ████████████████░░░░░░░░░  67%  Streaming frame 5430/7047
  ████████████████░░░░░░░░░  67%  Streaming frame 5431/7047
  ████████████████░░░░░░░░░  67%  Streaming frame 5432/7047
  ████████████████░░░░░░░░░  67%  Streaming frame 5433/7047
  ████████████████░░░░░░░░░  67%  Streaming frame 5434/7047
  ████████████████░░░░░░░░░  67%  Streaming frame 5435/7047
  ████████████████░░░░░░░░░  67%  Streaming frame 5436/7047
  ████████████████░░░░░░░░░  67%  Streaming frame 5437/7047
  ████████████████░░░░░░░░░  67%  Streaming frame 5438/7047
  ████████████████░░░░░░░░░  67%  Streaming frame 5439/7047
  ████████████████░░░░░░░░░  67%  Streaming frame 5440/7047
  ████████████████░░░░░░░░░  67%  Streaming frame 5441/7047
  ████████████████░░░░░░░░░  67%  Streaming frame 5442/7047
  ████████████████░░░░░░░░░  67%  Streaming frame 5443/7047
  ████████████████░░░░░░░░░  67%  Streaming frame 5444/7047
  ████████████████░░░░░░░░░  67%  Streaming frame 5445/7047
  █████████████████░░░░░░░░  68%  Streaming frame 5446/7047
  █████████████████░░░░░░░░  68%  Streaming frame 5447/7047
  █████████████████░░░░░░░░  68%  Streaming frame 5448/7047
  █████████████████░░░░░░░░  68%  Streaming frame 5449/7047
  █████████████████░░░░░░░░  68%  Streaming frame 5450/7047
  █████████████████░░░░░░░░  68%  Streaming frame 5451/7047
  █████████████████░░░░░░░░  68%  Streaming frame 5452/7047
  █████████████████░░░░░░░░  68%  Streaming frame 5453/7047
  █████████████████░░░░░░░░  68%  Streaming frame 5454/7047
  █████████████████░░░░░░░░  68%  Streaming frame 5455/7047
  █████████████████░░░░░░░░  68%  Streaming frame 5456/7047
  █████████████████░░░░░░░░  68%  Streaming frame 5457/7047
  █████████████████░░░░░░░░  68%  Streaming frame 5458/7047
  █████████████████░░░░░░░░  68%  Streaming frame 5459/7047
  █████████████████░░░░░░░░  68%  Streaming frame 5460/7047
  █████████████████░░░░░░░░  68%  Streaming frame 5461/7047
  █████████████████░░░░░░░░  68%  Streaming frame 5462/7047
  █████████████████░░░░░░░░  68%  Streaming frame 5463/7047
  █████████████████░░░░░░░░  68%  Streaming frame 5464/7047
  █████████████████░░░░░░░░  68%  Streaming frame 5465/7047
  █████████████████░░░░░░░░  68%  Streaming frame 5466/7047
  █████████████████░░░░░░░░  68%  Streaming frame 5467/7047
  █████████████████░░░░░░░░  68%  Streaming frame 5468/7047
  █████████████████░░░░░░░░  68%  Streaming frame 5469/7047
  █████████████████░░░░░░░░  68%  Streaming frame 5470/7047
  █████████████████░░░░░░░░  68%  Streaming frame 5471/7047
  █████████████████░░░░░░░░  68%  Streaming frame 5472/7047
  █████████████████░░░░░░░░  68%  Streaming frame 5473/7047
  █████████████████░░░░░░░░  68%  Streaming frame 5474/7047
  █████████████████░░░░░░░░  68%  Streaming frame 5475/7047
  █████████████████░░░░░░░░  68%  Streaming frame 5476/7047
  █████████████████░░░░░░░░  68%  Streaming frame 5477/7047
  █████████████████░░░░░░░░  68%  Streaming frame 5478/7047
  █████████████████░░░░░░░░  68%  Streaming frame 5479/7047
  █████████████████░░░░░░░░  68%  Streaming frame 5480/7047
  █████████████████░░░░░░░░  68%  Streaming frame 5481/7047
  █████████████████░░░░░░░░  68%  Streaming frame 5482/7047
  █████████████████░░░░░░░░  68%  Streaming frame 5483/7047
  █████████████████░░░░░░░░  68%  Streaming frame 5484/7047
  █████████████████░░░░░░░░  68%  Streaming frame 5485/7047
  █████████████████░░░░░░░░  68%  Streaming frame 5486/7047
  █████████████████░░░░░░░░  68%  Streaming frame 5487/7047
  █████████████████░░░░░░░░  68%  Streaming frame 5488/7047
  █████████████████░░░░░░░░  68%  Streaming frame 5489/7047
  █████████████████░░░░░░░░  68%  Streaming frame 5490/7047
  █████████████████░░░░░░░░  68%  Streaming frame 5491/7047
  █████████████████░░░░░░░░  68%  Streaming frame 5492/7047
  █████████████████░░░░░░░░  68%  Streaming frame 5493/7047
  █████████████████░░░░░░░░  68%  Streaming frame 5494/7047
  █████████████████░░░░░░░░  68%  Streaming frame 5495/7047
  █████████████████░░░░░░░░  68%  Streaming frame 5496/7047
  █████████████████░░░░░░░░  68%  Streaming frame 5497/7047
  █████████████████░░░░░░░░  68%  Streaming frame 5498/7047
  █████████████████░░░░░░░░  68%  Streaming frame 5499/7047
  █████████████████░░░░░░░░  68%  Streaming frame 5500/7047
  █████████████████░░░░░░░░  68%  Streaming frame 5501/7047
  █████████████████░░░░░░░░  68%  Streaming frame 5502/7047
  █████████████████░░░░░░░░  68%  Streaming frame 5503/7047
  █████████████████░░░░░░░░  68%  Streaming frame 5504/7047
  █████████████████░░░░░░░░  68%  Streaming frame 5505/7047
  █████████████████░░░░░░░░  68%  Streaming frame 5506/7047
  █████████████████░░░░░░░░  68%  Streaming frame 5507/7047
  █████████████████░░░░░░░░  68%  Streaming frame 5508/7047
  █████████████████░░░░░░░░  68%  Streaming frame 5509/7047
  █████████████████░░░░░░░░  68%  Streaming frame 5510/7047
  █████████████████░░░░░░░░  68%  Streaming frame 5511/7047
  █████████████████░░░░░░░░  68%  Streaming frame 5512/7047
  █████████████████░░░░░░░░  68%  Streaming frame 5513/7047
  █████████████████░░░░░░░░  68%  Streaming frame 5514/7047
  █████████████████░░░░░░░░  68%  Streaming frame 5515/7047
  █████████████████░░░░░░░░  68%  Streaming frame 5516/7047
  █████████████████░░░░░░░░  68%  Streaming frame 5517/7047
  █████████████████░░░░░░░░  68%  Streaming frame 5518/7047
  █████████████████░░░░░░░░  68%  Streaming frame 5519/7047
  █████████████████░░░░░░░░  68%  Streaming frame 5520/7047
  █████████████████░░░░░░░░  68%  Streaming frame 5521/7047
  █████████████████░░░░░░░░  68%  Streaming frame 5522/7047
  █████████████████░░░░░░░░  68%  Streaming frame 5523/7047
  █████████████████░░░░░░░░  68%  Streaming frame 5524/7047
  █████████████████░░░░░░░░  68%  Streaming frame 5525/7047
  █████████████████░░░░░░░░  68%  Streaming frame 5526/7047
  █████████████████░░░░░░░░  68%  Streaming frame 5527/7047
  █████████████████░░░░░░░░  68%  Streaming frame 5528/7047
  █████████████████░░░░░░░░  68%  Streaming frame 5529/7047
  █████████████████░░░░░░░░  68%  Streaming frame 5530/7047
  █████████████████░░░░░░░░  68%  Streaming frame 5531/7047
  █████████████████░░░░░░░░  68%  Streaming frame 5532/7047
  █████████████████░░░░░░░░  68%  Streaming frame 5533/7047
  █████████████████░░░░░░░░  68%  Streaming frame 5534/7047
  █████████████████░░░░░░░░  68%  Streaming frame 5535/7047
  █████████████████░░░░░░░░  68%  Streaming frame 5536/7047
  █████████████████░░░░░░░░  68%  Streaming frame 5537/7047
  █████████████████░░░░░░░░  68%  Streaming frame 5538/7047
  █████████████████░░░░░░░░  68%  Streaming frame 5539/7047
  █████████████████░░░░░░░░  68%  Streaming frame 5540/7047
  █████████████████░░░░░░░░  68%  Streaming frame 5541/7047
  █████████████████░░░░░░░░  68%  Streaming frame 5542/7047
  █████████████████░░░░░░░░  68%  Streaming frame 5543/7047
  █████████████████░░░░░░░░  68%  Streaming frame 5544/7047
  █████████████████░░░░░░░░  68%  Streaming frame 5545/7047
  █████████████████░░░░░░░░  68%  Streaming frame 5546/7047
  █████████████████░░░░░░░░  68%  Streaming frame 5547/7047
  █████████████████░░░░░░░░  68%  Streaming frame 5548/7047
  █████████████████░░░░░░░░  68%  Streaming frame 5549/7047
  █████████████████░░░░░░░░  68%  Streaming frame 5550/7047
  █████████████████░░░░░░░░  68%  Streaming frame 5551/7047
  █████████████████░░░░░░░░  68%  Streaming frame 5552/7047
  █████████████████░░░░░░░░  68%  Streaming frame 5553/7047
  █████████████████░░░░░░░░  68%  Streaming frame 5554/7047
  █████████████████░░░░░░░░  68%  Streaming frame 5555/7047
  █████████████████░░░░░░░░  68%  Streaming frame 5556/7047
  █████████████████░░░░░░░░  68%  Streaming frame 5557/7047
  █████████████████░░░░░░░░  68%  Streaming frame 5558/7047
  █████████████████░░░░░░░░  68%  Streaming frame 5559/7047
  █████████████████░░░░░░░░  68%  Streaming frame 5560/7047
  █████████████████░░░░░░░░  68%  Streaming frame 5561/7047
  █████████████████░░░░░░░░  68%  Streaming frame 5562/7047
  █████████████████░░░░░░░░  68%  Streaming frame 5563/7047
  █████████████████░░░░░░░░  68%  Streaming frame 5564/7047
  █████████████████░░░░░░░░  68%  Streaming frame 5565/7047
  █████████████████░░░░░░░░  68%  Streaming frame 5566/7047
  █████████████████░░░░░░░░  68%  Streaming frame 5567/7047
  █████████████████░░░░░░░░  68%  Streaming frame 5568/7047
  █████████████████░░░░░░░░  68%  Streaming frame 5569/7047
  █████████████████░░░░░░░░  68%  Streaming frame 5570/7047
  █████████████████░░░░░░░░  68%  Streaming frame 5571/7047
  █████████████████░░░░░░░░  68%  Streaming frame 5572/7047
  █████████████████░░░░░░░░  68%  Streaming frame 5573/7047
  █████████████████░░░░░░░░  69%  Streaming frame 5574/7047
  █████████████████░░░░░░░░  69%  Streaming frame 5575/7047
  █████████████████░░░░░░░░  69%  Streaming frame 5576/7047
  █████████████████░░░░░░░░  69%  Streaming frame 5577/7047
  █████████████████░░░░░░░░  69%  Streaming frame 5578/7047
  █████████████████░░░░░░░░  69%  Streaming frame 5579/7047
  █████████████████░░░░░░░░  69%  Streaming frame 5580/7047
  █████████████████░░░░░░░░  69%  Streaming frame 5581/7047
  █████████████████░░░░░░░░  69%  Streaming frame 5582/7047
  █████████████████░░░░░░░░  69%  Streaming frame 5583/7047
  █████████████████░░░░░░░░  69%  Streaming frame 5584/7047
  █████████████████░░░░░░░░  69%  Streaming frame 5585/7047
  █████████████████░░░░░░░░  69%  Streaming frame 5586/7047
  █████████████████░░░░░░░░  69%  Streaming frame 5587/7047
  █████████████████░░░░░░░░  69%  Streaming frame 5588/7047
  █████████████████░░░░░░░░  69%  Streaming frame 5589/7047
  █████████████████░░░░░░░░  69%  Streaming frame 5590/7047
  █████████████████░░░░░░░░  69%  Streaming frame 5591/7047
  █████████████████░░░░░░░░  69%  Streaming frame 5592/7047
  █████████████████░░░░░░░░  69%  Streaming frame 5593/7047
  █████████████████░░░░░░░░  69%  Streaming frame 5594/7047
  █████████████████░░░░░░░░  69%  Streaming frame 5595/7047
  █████████████████░░░░░░░░  69%  Streaming frame 5596/7047
  █████████████████░░░░░░░░  69%  Streaming frame 5597/7047
  █████████████████░░░░░░░░  69%  Streaming frame 5598/7047
  █████████████████░░░░░░░░  69%  Streaming frame 5599/7047
  █████████████████░░░░░░░░  69%  Streaming frame 5600/7047
  █████████████████░░░░░░░░  69%  Streaming frame 5601/7047
  █████████████████░░░░░░░░  69%  Streaming frame 5602/7047
  █████████████████░░░░░░░░  69%  Streaming frame 5603/7047
  █████████████████░░░░░░░░  69%  Streaming frame 5604/7047
  █████████████████░░░░░░░░  69%  Streaming frame 5605/7047
  █████████████████░░░░░░░░  69%  Streaming frame 5606/7047
  █████████████████░░░░░░░░  69%  Streaming frame 5607/7047
  █████████████████░░░░░░░░  69%  Streaming frame 5608/7047
  █████████████████░░░░░░░░  69%  Streaming frame 5609/7047
  █████████████████░░░░░░░░  69%  Streaming frame 5610/7047
  █████████████████░░░░░░░░  69%  Streaming frame 5611/7047
  █████████████████░░░░░░░░  69%  Streaming frame 5612/7047
  █████████████████░░░░░░░░  69%  Streaming frame 5613/7047
  █████████████████░░░░░░░░  69%  Streaming frame 5614/7047
  █████████████████░░░░░░░░  69%  Streaming frame 5615/7047
  █████████████████░░░░░░░░  69%  Streaming frame 5616/7047
  █████████████████░░░░░░░░  69%  Streaming frame 5617/7047
  █████████████████░░░░░░░░  69%  Streaming frame 5618/7047
  █████████████████░░░░░░░░  69%  Streaming frame 5619/7047
  █████████████████░░░░░░░░  69%  Streaming frame 5620/7047
  █████████████████░░░░░░░░  69%  Streaming frame 5621/7047
  █████████████████░░░░░░░░  69%  Streaming frame 5622/7047
  █████████████████░░░░░░░░  69%  Streaming frame 5623/7047
  █████████████████░░░░░░░░  69%  Streaming frame 5624/7047
  █████████████████░░░░░░░░  69%  Streaming frame 5625/7047
  █████████████████░░░░░░░░  69%  Streaming frame 5626/7047
  █████████████████░░░░░░░░  69%  Streaming frame 5627/7047
  █████████████████░░░░░░░░  69%  Streaming frame 5628/7047
  █████████████████░░░░░░░░  69%  Streaming frame 5629/7047
  █████████████████░░░░░░░░  69%  Streaming frame 5630/7047
  █████████████████░░░░░░░░  69%  Streaming frame 5631/7047
  █████████████████░░░░░░░░  69%  Streaming frame 5632/7047
  █████████████████░░░░░░░░  69%  Streaming frame 5633/7047
  █████████████████░░░░░░░░  69%  Streaming frame 5634/7047
  █████████████████░░░░░░░░  69%  Streaming frame 5635/7047
  █████████████████░░░░░░░░  69%  Streaming frame 5636/7047
  █████████████████░░░░░░░░  69%  Streaming frame 5637/7047
  █████████████████░░░░░░░░  69%  Streaming frame 5638/7047
  █████████████████░░░░░░░░  69%  Streaming frame 5639/7047
  █████████████████░░░░░░░░  69%  Streaming frame 5640/7047
  █████████████████░░░░░░░░  69%  Streaming frame 5641/7047
  █████████████████░░░░░░░░  69%  Streaming frame 5642/7047
  █████████████████░░░░░░░░  69%  Streaming frame 5643/7047
  █████████████████░░░░░░░░  69%  Streaming frame 5644/7047
  █████████████████░░░░░░░░  69%  Streaming frame 5645/7047
  █████████████████░░░░░░░░  69%  Streaming frame 5646/7047
  █████████████████░░░░░░░░  69%  Streaming frame 5647/7047
  █████████████████░░░░░░░░  69%  Streaming frame 5648/7047
  █████████████████░░░░░░░░  69%  Streaming frame 5649/7047
  █████████████████░░░░░░░░  69%  Streaming frame 5650/7047
  █████████████████░░░░░░░░  69%  Streaming frame 5651/7047
  █████████████████░░░░░░░░  69%  Streaming frame 5652/7047
  █████████████████░░░░░░░░  69%  Streaming frame 5653/7047
  █████████████████░░░░░░░░  69%  Streaming frame 5654/7047
  █████████████████░░░░░░░░  69%  Streaming frame 5655/7047
  █████████████████░░░░░░░░  69%  Streaming frame 5656/7047
  █████████████████░░░░░░░░  69%  Streaming frame 5657/7047
  █████████████████░░░░░░░░  69%  Streaming frame 5658/7047
  █████████████████░░░░░░░░  69%  Streaming frame 5659/7047
  █████████████████░░░░░░░░  69%  Streaming frame 5660/7047
  █████████████████░░░░░░░░  69%  Streaming frame 5661/7047
  █████████████████░░░░░░░░  69%  Streaming frame 5662/7047
  █████████████████░░░░░░░░  69%  Streaming frame 5663/7047
  █████████████████░░░░░░░░  69%  Streaming frame 5664/7047
  █████████████████░░░░░░░░  69%  Streaming frame 5665/7047
  █████████████████░░░░░░░░  69%  Streaming frame 5666/7047
  █████████████████░░░░░░░░  69%  Streaming frame 5667/7047
  █████████████████░░░░░░░░  69%  Streaming frame 5668/7047
  █████████████████░░░░░░░░  69%  Streaming frame 5669/7047
  █████████████████░░░░░░░░  69%  Streaming frame 5670/7047
  █████████████████░░░░░░░░  69%  Streaming frame 5671/7047
  █████████████████░░░░░░░░  69%  Streaming frame 5672/7047
  █████████████████░░░░░░░░  69%  Streaming frame 5673/7047
  █████████████████░░░░░░░░  69%  Streaming frame 5674/7047
  █████████████████░░░░░░░░  69%  Streaming frame 5675/7047
  █████████████████░░░░░░░░  69%  Streaming frame 5676/7047
  █████████████████░░░░░░░░  69%  Streaming frame 5677/7047
  █████████████████░░░░░░░░  69%  Streaming frame 5678/7047
  █████████████████░░░░░░░░  69%  Streaming frame 5679/7047
  █████████████████░░░░░░░░  69%  Streaming frame 5680/7047
  █████████████████░░░░░░░░  69%  Streaming frame 5681/7047
  █████████████████░░░░░░░░  69%  Streaming frame 5682/7047
  █████████████████░░░░░░░░  69%  Streaming frame 5683/7047
  █████████████████░░░░░░░░  69%  Streaming frame 5684/7047
  █████████████████░░░░░░░░  69%  Streaming frame 5685/7047
  █████████████████░░░░░░░░  69%  Streaming frame 5686/7047
  █████████████████░░░░░░░░  69%  Streaming frame 5687/7047
  █████████████████░░░░░░░░  69%  Streaming frame 5688/7047
  █████████████████░░░░░░░░  69%  Streaming frame 5689/7047
  █████████████████░░░░░░░░  69%  Streaming frame 5690/7047
  █████████████████░░░░░░░░  69%  Streaming frame 5691/7047
  █████████████████░░░░░░░░  69%  Streaming frame 5692/7047
  █████████████████░░░░░░░░  69%  Streaming frame 5693/7047
  █████████████████░░░░░░░░  69%  Streaming frame 5694/7047
  █████████████████░░░░░░░░  69%  Streaming frame 5695/7047
  █████████████████░░░░░░░░  69%  Streaming frame 5696/7047
  █████████████████░░░░░░░░  69%  Streaming frame 5697/7047
  █████████████████░░░░░░░░  69%  Streaming frame 5698/7047
  █████████████████░░░░░░░░  69%  Streaming frame 5699/7047
  █████████████████░░░░░░░░  69%  Streaming frame 5700/7047
  █████████████████░░░░░░░░  69%  Streaming frame 5701/7047
  █████████████████░░░░░░░░  70%  Streaming frame 5702/7047
  █████████████████░░░░░░░░  70%  Streaming frame 5703/7047
  █████████████████░░░░░░░░  70%  Streaming frame 5704/7047
  █████████████████░░░░░░░░  70%  Streaming frame 5705/7047
  █████████████████░░░░░░░░  70%  Streaming frame 5706/7047
  █████████████████░░░░░░░░  70%  Streaming frame 5707/7047
  █████████████████░░░░░░░░  70%  Streaming frame 5708/7047
  █████████████████░░░░░░░░  70%  Streaming frame 5709/7047
  █████████████████░░░░░░░░  70%  Streaming frame 5710/7047
  █████████████████░░░░░░░░  70%  Streaming frame 5711/7047
  █████████████████░░░░░░░░  70%  Streaming frame 5712/7047
  █████████████████░░░░░░░░  70%  Streaming frame 5713/7047
  █████████████████░░░░░░░░  70%  Streaming frame 5714/7047
  █████████████████░░░░░░░░  70%  Streaming frame 5715/7047
  █████████████████░░░░░░░░  70%  Streaming frame 5716/7047
  █████████████████░░░░░░░░  70%  Streaming frame 5717/7047
  █████████████████░░░░░░░░  70%  Streaming frame 5718/7047
  █████████████████░░░░░░░░  70%  Streaming frame 5719/7047
  █████████████████░░░░░░░░  70%  Streaming frame 5720/7047
  █████████████████░░░░░░░░  70%  Streaming frame 5721/7047
  █████████████████░░░░░░░░  70%  Streaming frame 5722/7047
  █████████████████░░░░░░░░  70%  Streaming frame 5723/7047
  █████████████████░░░░░░░░  70%  Streaming frame 5724/7047
  █████████████████░░░░░░░░  70%  Streaming frame 5725/7047
  █████████████████░░░░░░░░  70%  Streaming frame 5726/7047
  █████████████████░░░░░░░░  70%  Streaming frame 5727/7047
  █████████████████░░░░░░░░  70%  Streaming frame 5728/7047
  █████████████████░░░░░░░░  70%  Streaming frame 5729/7047
  █████████████████░░░░░░░░  70%  Streaming frame 5730/7047
  █████████████████░░░░░░░░  70%  Streaming frame 5731/7047
  █████████████████░░░░░░░░  70%  Streaming frame 5732/7047
  █████████████████░░░░░░░░  70%  Streaming frame 5733/7047
  █████████████████░░░░░░░░  70%  Streaming frame 5734/7047
  █████████████████░░░░░░░░  70%  Streaming frame 5735/7047
  █████████████████░░░░░░░░  70%  Streaming frame 5736/7047
  █████████████████░░░░░░░░  70%  Streaming frame 5737/7047
  █████████████████░░░░░░░░  70%  Streaming frame 5738/7047
  █████████████████░░░░░░░░  70%  Streaming frame 5739/7047
  █████████████████░░░░░░░░  70%  Streaming frame 5740/7047
  █████████████████░░░░░░░░  70%  Streaming frame 5741/7047
  █████████████████░░░░░░░░  70%  Streaming frame 5742/7047
  █████████████████░░░░░░░░  70%  Streaming frame 5743/7047
  █████████████████░░░░░░░░  70%  Streaming frame 5744/7047
  █████████████████░░░░░░░░  70%  Streaming frame 5745/7047
  █████████████████░░░░░░░░  70%  Streaming frame 5746/7047
  █████████████████░░░░░░░░  70%  Streaming frame 5747/7047
  █████████████████░░░░░░░░  70%  Streaming frame 5748/7047
  █████████████████░░░░░░░░  70%  Streaming frame 5749/7047
  █████████████████░░░░░░░░  70%  Streaming frame 5750/7047
  █████████████████░░░░░░░░  70%  Streaming frame 5751/7047
  █████████████████░░░░░░░░  70%  Streaming frame 5752/7047
  █████████████████░░░░░░░░  70%  Streaming frame 5753/7047
  █████████████████░░░░░░░░  70%  Streaming frame 5754/7047
  █████████████████░░░░░░░░  70%  Streaming frame 5755/7047
  █████████████████░░░░░░░░  70%  Streaming frame 5756/7047
  █████████████████░░░░░░░░  70%  Streaming frame 5757/7047
  █████████████████░░░░░░░░  70%  Streaming frame 5758/7047
  █████████████████░░░░░░░░  70%  Streaming frame 5759/7047
  █████████████████░░░░░░░░  70%  Streaming frame 5760/7047
  █████████████████░░░░░░░░  70%  Streaming frame 5761/7047
  █████████████████░░░░░░░░  70%  Streaming frame 5762/7047
  █████████████████░░░░░░░░  70%  Streaming frame 5763/7047
  █████████████████░░░░░░░░  70%  Streaming frame 5764/7047
  █████████████████░░░░░░░░  70%  Streaming frame 5765/7047
  █████████████████░░░░░░░░  70%  Streaming frame 5766/7047
  █████████████████░░░░░░░░  70%  Streaming frame 5767/7047
  █████████████████░░░░░░░░  70%  Streaming frame 5768/7047
  █████████████████░░░░░░░░  70%  Streaming frame 5769/7047
  █████████████████░░░░░░░░  70%  Streaming frame 5770/7047
  █████████████████░░░░░░░░  70%  Streaming frame 5771/7047
  █████████████████░░░░░░░░  70%  Streaming frame 5772/7047
  █████████████████░░░░░░░░  70%  Streaming frame 5773/7047
  █████████████████░░░░░░░░  70%  Streaming frame 5774/7047
  █████████████████░░░░░░░░  70%  Streaming frame 5775/7047
  █████████████████░░░░░░░░  70%  Streaming frame 5776/7047
  █████████████████░░░░░░░░  70%  Streaming frame 5777/7047
  █████████████████░░░░░░░░  70%  Streaming frame 5778/7047
  █████████████████░░░░░░░░  70%  Streaming frame 5779/7047
  █████████████████░░░░░░░░  70%  Streaming frame 5780/7047
  █████████████████░░░░░░░░  70%  Streaming frame 5781/7047
  █████████████████░░░░░░░░  70%  Streaming frame 5782/7047
  █████████████████░░░░░░░░  70%  Streaming frame 5783/7047
  █████████████████░░░░░░░░  70%  Streaming frame 5784/7047
  █████████████████░░░░░░░░  70%  Streaming frame 5785/7047
  █████████████████░░░░░░░░  70%  Streaming frame 5786/7047
  █████████████████░░░░░░░░  70%  Streaming frame 5787/7047
  █████████████████░░░░░░░░  70%  Streaming frame 5788/7047
  █████████████████░░░░░░░░  70%  Streaming frame 5789/7047
  █████████████████░░░░░░░░  70%  Streaming frame 5790/7047
  █████████████████░░░░░░░░  70%  Streaming frame 5791/7047
  █████████████████░░░░░░░░  70%  Streaming frame 5792/7047
  █████████████████░░░░░░░░  70%  Streaming frame 5793/7047
  █████████████████░░░░░░░░  70%  Streaming frame 5794/7047
  █████████████████░░░░░░░░  70%  Streaming frame 5795/7047
  █████████████████░░░░░░░░  70%  Streaming frame 5796/7047
  █████████████████░░░░░░░░  70%  Streaming frame 5797/7047
  █████████████████░░░░░░░░  70%  Streaming frame 5798/7047
  █████████████████░░░░░░░░  70%  Streaming frame 5799/7047
  █████████████████░░░░░░░░  70%  Streaming frame 5800/7047
  █████████████████░░░░░░░░  70%  Streaming frame 5801/7047
  █████████████████░░░░░░░░  70%  Streaming frame 5802/7047
  █████████████████░░░░░░░░  70%  Streaming frame 5803/7047
  █████████████████░░░░░░░░  70%  Streaming frame 5804/7047
  █████████████████░░░░░░░░  70%  Streaming frame 5805/7047
  █████████████████░░░░░░░░  70%  Streaming frame 5806/7047
  █████████████████░░░░░░░░  70%  Streaming frame 5807/7047
  █████████████████░░░░░░░░  70%  Streaming frame 5808/7047
  █████████████████░░░░░░░░  70%  Streaming frame 5809/7047
  █████████████████░░░░░░░░  70%  Streaming frame 5810/7047
  █████████████████░░░░░░░░  70%  Streaming frame 5811/7047
  █████████████████░░░░░░░░  70%  Streaming frame 5812/7047
  █████████████████░░░░░░░░  70%  Streaming frame 5813/7047
  █████████████████░░░░░░░░  70%  Streaming frame 5814/7047
  █████████████████░░░░░░░░  70%  Streaming frame 5815/7047
  █████████████████░░░░░░░░  70%  Streaming frame 5816/7047
  █████████████████░░░░░░░░  70%  Streaming frame 5817/7047
  █████████████████░░░░░░░░  70%  Streaming frame 5818/7047
  █████████████████░░░░░░░░  70%  Streaming frame 5819/7047
  █████████████████░░░░░░░░  70%  Streaming frame 5820/7047
  █████████████████░░░░░░░░  70%  Streaming frame 5821/7047
  █████████████████░░░░░░░░  70%  Streaming frame 5822/7047
  █████████████████░░░░░░░░  70%  Streaming frame 5823/7047
  █████████████████░░░░░░░░  70%  Streaming frame 5824/7047
  █████████████████░░░░░░░░  70%  Streaming frame 5825/7047
  █████████████████░░░░░░░░  70%  Streaming frame 5826/7047
  █████████████████░░░░░░░░  70%  Streaming frame 5827/7047
  █████████████████░░░░░░░░  70%  Streaming frame 5828/7047
  █████████████████░░░░░░░░  70%  Streaming frame 5829/7047
  █████████████████░░░░░░░░  71%  Streaming frame 5830/7047
  █████████████████░░░░░░░░  71%  Streaming frame 5831/7047
  █████████████████░░░░░░░░  71%  Streaming frame 5832/7047
  █████████████████░░░░░░░░  71%  Streaming frame 5833/7047
  █████████████████░░░░░░░░  71%  Streaming frame 5834/7047
  █████████████████░░░░░░░░  71%  Streaming frame 5835/7047
  █████████████████░░░░░░░░  71%  Streaming frame 5836/7047
  █████████████████░░░░░░░░  71%  Streaming frame 5837/7047
  █████████████████░░░░░░░░  71%  Streaming frame 5838/7047
  █████████████████░░░░░░░░  71%  Streaming frame 5839/7047
  █████████████████░░░░░░░░  71%  Streaming frame 5840/7047
  █████████████████░░░░░░░░  71%  Streaming frame 5841/7047
  █████████████████░░░░░░░░  71%  Streaming frame 5842/7047
  █████████████████░░░░░░░░  71%  Streaming frame 5843/7047
  █████████████████░░░░░░░░  71%  Streaming frame 5844/7047
  █████████████████░░░░░░░░  71%  Streaming frame 5845/7047
  █████████████████░░░░░░░░  71%  Streaming frame 5846/7047
  █████████████████░░░░░░░░  71%  Streaming frame 5847/7047
  █████████████████░░░░░░░░  71%  Streaming frame 5848/7047
  █████████████████░░░░░░░░  71%  Streaming frame 5849/7047
  █████████████████░░░░░░░░  71%  Streaming frame 5850/7047
  █████████████████░░░░░░░░  71%  Streaming frame 5851/7047
  █████████████████░░░░░░░░  71%  Streaming frame 5852/7047
  █████████████████░░░░░░░░  71%  Streaming frame 5853/7047
  █████████████████░░░░░░░░  71%  Streaming frame 5854/7047
  █████████████████░░░░░░░░  71%  Streaming frame 5855/7047
  █████████████████░░░░░░░░  71%  Streaming frame 5856/7047
  █████████████████░░░░░░░░  71%  Streaming frame 5857/7047
  █████████████████░░░░░░░░  71%  Streaming frame 5858/7047
  █████████████████░░░░░░░░  71%  Streaming frame 5859/7047
  █████████████████░░░░░░░░  71%  Streaming frame 5860/7047
  █████████████████░░░░░░░░  71%  Streaming frame 5861/7047
  █████████████████░░░░░░░░  71%  Streaming frame 5862/7047
  █████████████████░░░░░░░░  71%  Streaming frame 5863/7047
  █████████████████░░░░░░░░  71%  Streaming frame 5864/7047
  █████████████████░░░░░░░░  71%  Streaming frame 5865/7047
  █████████████████░░░░░░░░  71%  Streaming frame 5866/7047
  █████████████████░░░░░░░░  71%  Streaming frame 5867/7047
  █████████████████░░░░░░░░  71%  Streaming frame 5868/7047
  █████████████████░░░░░░░░  71%  Streaming frame 5869/7047
  █████████████████░░░░░░░░  71%  Streaming frame 5870/7047
  █████████████████░░░░░░░░  71%  Streaming frame 5871/7047
  █████████████████░░░░░░░░  71%  Streaming frame 5872/7047
  █████████████████░░░░░░░░  71%  Streaming frame 5873/7047
  █████████████████░░░░░░░░  71%  Streaming frame 5874/7047
  █████████████████░░░░░░░░  71%  Streaming frame 5875/7047
  █████████████████░░░░░░░░  71%  Streaming frame 5876/7047
  █████████████████░░░░░░░░  71%  Streaming frame 5877/7047
  █████████████████░░░░░░░░  71%  Streaming frame 5878/7047
  █████████████████░░░░░░░░  71%  Streaming frame 5879/7047
  █████████████████░░░░░░░░  71%  Streaming frame 5880/7047
  █████████████████░░░░░░░░  71%  Streaming frame 5881/7047
  █████████████████░░░░░░░░  71%  Streaming frame 5882/7047
  █████████████████░░░░░░░░  71%  Streaming frame 5883/7047
  █████████████████░░░░░░░░  71%  Streaming frame 5884/7047
  █████████████████░░░░░░░░  71%  Streaming frame 5885/7047
  █████████████████░░░░░░░░  71%  Streaming frame 5886/7047
  █████████████████░░░░░░░░  71%  Streaming frame 5887/7047
  █████████████████░░░░░░░░  71%  Streaming frame 5888/7047
  █████████████████░░░░░░░░  71%  Streaming frame 5889/7047
  █████████████████░░░░░░░░  71%  Streaming frame 5890/7047
  █████████████████░░░░░░░░  71%  Streaming frame 5891/7047
  █████████████████░░░░░░░░  71%  Streaming frame 5892/7047
  █████████████████░░░░░░░░  71%  Streaming frame 5893/7047
  █████████████████░░░░░░░░  71%  Streaming frame 5894/7047
  █████████████████░░░░░░░░  71%  Streaming frame 5895/7047
  █████████████████░░░░░░░░  71%  Streaming frame 5896/7047
  █████████████████░░░░░░░░  71%  Streaming frame 5897/7047
  █████████████████░░░░░░░░  71%  Streaming frame 5898/7047
  █████████████████░░░░░░░░  71%  Streaming frame 5899/7047
  █████████████████░░░░░░░░  71%  Streaming frame 5900/7047
  █████████████████░░░░░░░░  71%  Streaming frame 5901/7047
  █████████████████░░░░░░░░  71%  Streaming frame 5902/7047
  █████████████████░░░░░░░░  71%  Streaming frame 5903/7047
  █████████████████░░░░░░░░  71%  Streaming frame 5904/7047
  █████████████████░░░░░░░░  71%  Streaming frame 5905/7047
  █████████████████░░░░░░░░  71%  Streaming frame 5906/7047
  █████████████████░░░░░░░░  71%  Streaming frame 5907/7047
  █████████████████░░░░░░░░  71%  Streaming frame 5908/7047
  █████████████████░░░░░░░░  71%  Streaming frame 5909/7047
  █████████████████░░░░░░░░  71%  Streaming frame 5910/7047
  █████████████████░░░░░░░░  71%  Streaming frame 5911/7047
  █████████████████░░░░░░░░  71%  Streaming frame 5912/7047
  █████████████████░░░░░░░░  71%  Streaming frame 5913/7047
  █████████████████░░░░░░░░  71%  Streaming frame 5914/7047
  █████████████████░░░░░░░░  71%  Streaming frame 5915/7047
  █████████████████░░░░░░░░  71%  Streaming frame 5916/7047
  █████████████████░░░░░░░░  71%  Streaming frame 5917/7047
  █████████████████░░░░░░░░  71%  Streaming frame 5918/7047
  █████████████████░░░░░░░░  71%  Streaming frame 5919/7047
  █████████████████░░░░░░░░  71%  Streaming frame 5920/7047
  █████████████████░░░░░░░░  71%  Streaming frame 5921/7047
  █████████████████░░░░░░░░  71%  Streaming frame 5922/7047
  █████████████████░░░░░░░░  71%  Streaming frame 5923/7047
  █████████████████░░░░░░░░  71%  Streaming frame 5924/7047
  █████████████████░░░░░░░░  71%  Streaming frame 5925/7047
  █████████████████░░░░░░░░  71%  Streaming frame 5926/7047
  █████████████████░░░░░░░░  71%  Streaming frame 5927/7047
  █████████████████░░░░░░░░  71%  Streaming frame 5928/7047
  █████████████████░░░░░░░░  71%  Streaming frame 5929/7047
  █████████████████░░░░░░░░  71%  Streaming frame 5930/7047
  █████████████████░░░░░░░░  71%  Streaming frame 5931/7047
  █████████████████░░░░░░░░  71%  Streaming frame 5932/7047
  █████████████████░░░░░░░░  71%  Streaming frame 5933/7047
  █████████████████░░░░░░░░  71%  Streaming frame 5934/7047
  █████████████████░░░░░░░░  71%  Streaming frame 5935/7047
  █████████████████░░░░░░░░  71%  Streaming frame 5936/7047
  █████████████████░░░░░░░░  71%  Streaming frame 5937/7047
  █████████████████░░░░░░░░  71%  Streaming frame 5938/7047
  █████████████████░░░░░░░░  71%  Streaming frame 5939/7047
  █████████████████░░░░░░░░  71%  Streaming frame 5940/7047
  █████████████████░░░░░░░░  71%  Streaming frame 5941/7047
  █████████████████░░░░░░░░  71%  Streaming frame 5942/7047
  █████████████████░░░░░░░░  71%  Streaming frame 5943/7047
  █████████████████░░░░░░░░  71%  Streaming frame 5944/7047
  █████████████████░░░░░░░░  71%  Streaming frame 5945/7047
  █████████████████░░░░░░░░  71%  Streaming frame 5946/7047
  █████████████████░░░░░░░░  71%  Streaming frame 5947/7047
  █████████████████░░░░░░░░  71%  Streaming frame 5948/7047
  █████████████████░░░░░░░░  71%  Streaming frame 5949/7047
  █████████████████░░░░░░░░  71%  Streaming frame 5950/7047
  █████████████████░░░░░░░░  71%  Streaming frame 5951/7047
  █████████████████░░░░░░░░  71%  Streaming frame 5952/7047
  █████████████████░░░░░░░░  71%  Streaming frame 5953/7047
  █████████████████░░░░░░░░  71%  Streaming frame 5954/7047
  █████████████████░░░░░░░░  71%  Streaming frame 5955/7047
  █████████████████░░░░░░░░  71%  Streaming frame 5956/7047
  █████████████████░░░░░░░░  71%  Streaming frame 5957/7047
  ██████████████████░░░░░░░  72%  Streaming frame 5958/7047
  ██████████████████░░░░░░░  72%  Streaming frame 5959/7047
  ██████████████████░░░░░░░  72%  Streaming frame 5960/7047
  ██████████████████░░░░░░░  72%  Streaming frame 5961/7047
  ██████████████████░░░░░░░  72%  Streaming frame 5962/7047
  ██████████████████░░░░░░░  72%  Streaming frame 5963/7047
  ██████████████████░░░░░░░  72%  Streaming frame 5964/7047
  ██████████████████░░░░░░░  72%  Streaming frame 5965/7047
  ██████████████████░░░░░░░  72%  Streaming frame 5966/7047
  ██████████████████░░░░░░░  72%  Streaming frame 5967/7047
  ██████████████████░░░░░░░  72%  Streaming frame 5968/7047
  ██████████████████░░░░░░░  72%  Streaming frame 5969/7047
  ██████████████████░░░░░░░  72%  Streaming frame 5970/7047
  ██████████████████░░░░░░░  72%  Streaming frame 5971/7047
  ██████████████████░░░░░░░  72%  Streaming frame 5972/7047
  ██████████████████░░░░░░░  72%  Streaming frame 5973/7047
  ██████████████████░░░░░░░  72%  Streaming frame 5974/7047
  ██████████████████░░░░░░░  72%  Streaming frame 5975/7047
  ██████████████████░░░░░░░  72%  Streaming frame 5976/7047
  ██████████████████░░░░░░░  72%  Streaming frame 5977/7047
  ██████████████████░░░░░░░  72%  Streaming frame 5978/7047
  ██████████████████░░░░░░░  72%  Streaming frame 5979/7047
  ██████████████████░░░░░░░  72%  Streaming frame 5980/7047
  ██████████████████░░░░░░░  72%  Streaming frame 5981/7047
  ██████████████████░░░░░░░  72%  Streaming frame 5982/7047
  ██████████████████░░░░░░░  72%  Streaming frame 5983/7047
  ██████████████████░░░░░░░  72%  Streaming frame 5984/7047
  ██████████████████░░░░░░░  72%  Streaming frame 5985/7047
  ██████████████████░░░░░░░  72%  Streaming frame 5986/7047
  ██████████████████░░░░░░░  72%  Streaming frame 5987/7047
  ██████████████████░░░░░░░  72%  Streaming frame 5988/7047
  ██████████████████░░░░░░░  72%  Streaming frame 5989/7047
  ██████████████████░░░░░░░  72%  Streaming frame 5990/7047
  ██████████████████░░░░░░░  72%  Streaming frame 5991/7047
  ██████████████████░░░░░░░  72%  Streaming frame 5992/7047
  ██████████████████░░░░░░░  72%  Streaming frame 5993/7047
  ██████████████████░░░░░░░  72%  Streaming frame 5994/7047
  ██████████████████░░░░░░░  72%  Streaming frame 5995/7047
  ██████████████████░░░░░░░  72%  Streaming frame 5996/7047
  ██████████████████░░░░░░░  72%  Streaming frame 5997/7047
  ██████████████████░░░░░░░  72%  Streaming frame 5998/7047
  ██████████████████░░░░░░░  72%  Streaming frame 5999/7047
  ██████████████████░░░░░░░  72%  Streaming frame 6000/7047
  ██████████████████░░░░░░░  72%  Streaming frame 6001/7047
  ██████████████████░░░░░░░  72%  Streaming frame 6002/7047
  ██████████████████░░░░░░░  72%  Streaming frame 6003/7047
  ██████████████████░░░░░░░  72%  Streaming frame 6004/7047
  ██████████████████░░░░░░░  72%  Streaming frame 6005/7047
  ██████████████████░░░░░░░  72%  Streaming frame 6006/7047
  ██████████████████░░░░░░░  72%  Streaming frame 6007/7047
  ██████████████████░░░░░░░  72%  Streaming frame 6008/7047
  ██████████████████░░░░░░░  72%  Streaming frame 6009/7047
  ██████████████████░░░░░░░  72%  Streaming frame 6010/7047
  ██████████████████░░░░░░░  72%  Streaming frame 6011/7047
  ██████████████████░░░░░░░  72%  Streaming frame 6012/7047
  ██████████████████░░░░░░░  72%  Streaming frame 6013/7047
  ██████████████████░░░░░░░  72%  Streaming frame 6014/7047
  ██████████████████░░░░░░░  72%  Streaming frame 6015/7047
  ██████████████████░░░░░░░  72%  Streaming frame 6016/7047
  ██████████████████░░░░░░░  72%  Streaming frame 6017/7047
  ██████████████████░░░░░░░  72%  Streaming frame 6018/7047
  ██████████████████░░░░░░░  72%  Streaming frame 6019/7047
  ██████████████████░░░░░░░  72%  Streaming frame 6020/7047
  ██████████████████░░░░░░░  72%  Streaming frame 6021/7047
  ██████████████████░░░░░░░  72%  Streaming frame 6022/7047
  ██████████████████░░░░░░░  72%  Streaming frame 6023/7047
  ██████████████████░░░░░░░  72%  Streaming frame 6024/7047
  ██████████████████░░░░░░░  72%  Streaming frame 6025/7047
  ██████████████████░░░░░░░  72%  Streaming frame 6026/7047
  ██████████████████░░░░░░░  72%  Streaming frame 6027/7047
  ██████████████████░░░░░░░  72%  Streaming frame 6028/7047
  ██████████████████░░░░░░░  72%  Streaming frame 6029/7047
  ██████████████████░░░░░░░  72%  Streaming frame 6030/7047
  ██████████████████░░░░░░░  72%  Streaming frame 6031/7047
  ██████████████████░░░░░░░  72%  Streaming frame 6032/7047
  ██████████████████░░░░░░░  72%  Streaming frame 6033/7047
  ██████████████████░░░░░░░  72%  Streaming frame 6034/7047
  ██████████████████░░░░░░░  72%  Streaming frame 6035/7047
  ██████████████████░░░░░░░  72%  Streaming frame 6036/7047
  ██████████████████░░░░░░░  72%  Streaming frame 6037/7047
  ██████████████████░░░░░░░  72%  Streaming frame 6038/7047
  ██████████████████░░░░░░░  72%  Streaming frame 6039/7047
  ██████████████████░░░░░░░  72%  Streaming frame 6040/7047
  ██████████████████░░░░░░░  72%  Streaming frame 6041/7047
  ██████████████████░░░░░░░  72%  Streaming frame 6042/7047
  ██████████████████░░░░░░░  72%  Streaming frame 6043/7047
  ██████████████████░░░░░░░  72%  Streaming frame 6044/7047
  ██████████████████░░░░░░░  72%  Streaming frame 6045/7047
  ██████████████████░░░░░░░  72%  Streaming frame 6046/7047
  ██████████████████░░░░░░░  72%  Streaming frame 6047/7047
  ██████████████████░░░░░░░  72%  Streaming frame 6048/7047
  ██████████████████░░░░░░░  72%  Streaming frame 6049/7047
  ██████████████████░░░░░░░  72%  Streaming frame 6050/7047
  ██████████████████░░░░░░░  72%  Streaming frame 6051/7047
  ██████████████████░░░░░░░  72%  Streaming frame 6052/7047
  ██████████████████░░░░░░░  72%  Streaming frame 6053/7047
  ██████████████████░░░░░░░  72%  Streaming frame 6054/7047
  ██████████████████░░░░░░░  72%  Streaming frame 6055/7047
  ██████████████████░░░░░░░  72%  Streaming frame 6056/7047
  ██████████████████░░░░░░░  72%  Streaming frame 6057/7047
  ██████████████████░░░░░░░  72%  Streaming frame 6058/7047
  ██████████████████░░░░░░░  72%  Streaming frame 6059/7047
  ██████████████████░░░░░░░  72%  Streaming frame 6060/7047
  ██████████████████░░░░░░░  72%  Streaming frame 6061/7047
  ██████████████████░░░░░░░  72%  Streaming frame 6062/7047
  ██████████████████░░░░░░░  72%  Streaming frame 6063/7047
  ██████████████████░░░░░░░  72%  Streaming frame 6064/7047
  ██████████████████░░░░░░░  72%  Streaming frame 6065/7047
  ██████████████████░░░░░░░  72%  Streaming frame 6066/7047
  ██████████████████░░░░░░░  72%  Streaming frame 6067/7047
  ██████████████████░░░░░░░  72%  Streaming frame 6068/7047
  ██████████████████░░░░░░░  72%  Streaming frame 6069/7047
  ██████████████████░░░░░░░  72%  Streaming frame 6070/7047
  ██████████████████░░░░░░░  72%  Streaming frame 6071/7047
  ██████████████████░░░░░░░  72%  Streaming frame 6072/7047
  ██████████████████░░░░░░░  72%  Streaming frame 6073/7047
  ██████████████████░░░░░░░  72%  Streaming frame 6074/7047
  ██████████████████░░░░░░░  72%  Streaming frame 6075/7047
  ██████████████████░░░░░░░  72%  Streaming frame 6076/7047
  ██████████████████░░░░░░░  72%  Streaming frame 6077/7047
  ██████████████████░░░░░░░  72%  Streaming frame 6078/7047
  ██████████████████░░░░░░░  72%  Streaming frame 6079/7047
  ██████████████████░░░░░░░  72%  Streaming frame 6080/7047
  ██████████████████░░░░░░░  72%  Streaming frame 6081/7047
  ██████████████████░░░░░░░  72%  Streaming frame 6082/7047
  ██████████████████░░░░░░░  72%  Streaming frame 6083/7047
  ██████████████████░░░░░░░  72%  Streaming frame 6084/7047
  ██████████████████░░░░░░░  72%  Streaming frame 6085/7047
  ██████████████████░░░░░░░  72%  Streaming frame 6086/7047
  ██████████████████░░░░░░░  73%  Streaming frame 6087/7047
  ██████████████████░░░░░░░  73%  Streaming frame 6088/7047
  ██████████████████░░░░░░░  73%  Streaming frame 6089/7047
  ██████████████████░░░░░░░  73%  Streaming frame 6090/7047
  ██████████████████░░░░░░░  73%  Streaming frame 6091/7047
  ██████████████████░░░░░░░  73%  Streaming frame 6092/7047
  ██████████████████░░░░░░░  73%  Streaming frame 6093/7047
  ██████████████████░░░░░░░  73%  Streaming frame 6094/7047
  ██████████████████░░░░░░░  73%  Streaming frame 6095/7047
  ██████████████████░░░░░░░  73%  Streaming frame 6096/7047
  ██████████████████░░░░░░░  73%  Streaming frame 6097/7047
  ██████████████████░░░░░░░  73%  Streaming frame 6098/7047
  ██████████████████░░░░░░░  73%  Streaming frame 6099/7047
  ██████████████████░░░░░░░  73%  Streaming frame 6100/7047
  ██████████████████░░░░░░░  73%  Streaming frame 6101/7047
  ██████████████████░░░░░░░  73%  Streaming frame 6102/7047
  ██████████████████░░░░░░░  73%  Streaming frame 6103/7047
  ██████████████████░░░░░░░  73%  Streaming frame 6104/7047
  ██████████████████░░░░░░░  73%  Streaming frame 6105/7047
  ██████████████████░░░░░░░  73%  Streaming frame 6106/7047
  ██████████████████░░░░░░░  73%  Streaming frame 6107/7047
  ██████████████████░░░░░░░  73%  Streaming frame 6108/7047
  ██████████████████░░░░░░░  73%  Streaming frame 6109/7047
  ██████████████████░░░░░░░  73%  Streaming frame 6110/7047
  ██████████████████░░░░░░░  73%  Streaming frame 6111/7047
  ██████████████████░░░░░░░  73%  Streaming frame 6112/7047
  ██████████████████░░░░░░░  73%  Streaming frame 6113/7047
  ██████████████████░░░░░░░  73%  Streaming frame 6114/7047
  ██████████████████░░░░░░░  73%  Streaming frame 6115/7047
  ██████████████████░░░░░░░  73%  Streaming frame 6116/7047
  ██████████████████░░░░░░░  73%  Streaming frame 6117/7047
[WARN] [Render] drawElement blank-frame suspect; re-capturing {"renderJobId":"1c57a6f3-a451-4ce4-ac2e-553797cfb0b7","frame":6117,"bytes":6161,"floor":9292}
[INFO] [Render] drawElement small frame is deterministic; accepted {"renderJobId":"1c57a6f3-a451-4ce4-ac2e-553797cfb0b7","frame":6117,"bytes":6161}
  ██████████████████░░░░░░░  73%  Streaming frame 6118/7047
  ██████████████████░░░░░░░  73%  Streaming frame 6119/7047
  ██████████████████░░░░░░░  73%  Streaming frame 6120/7047
  ██████████████████░░░░░░░  73%  Streaming frame 6121/7047
  ██████████████████░░░░░░░  73%  Streaming frame 6122/7047
  ██████████████████░░░░░░░  73%  Streaming frame 6123/7047
  ██████████████████░░░░░░░  73%  Streaming frame 6124/7047
  ██████████████████░░░░░░░  73%  Streaming frame 6125/7047
  ██████████████████░░░░░░░  73%  Streaming frame 6126/7047
  ██████████████████░░░░░░░  73%  Streaming frame 6127/7047
  ██████████████████░░░░░░░  73%  Streaming frame 6128/7047
  ██████████████████░░░░░░░  73%  Streaming frame 6129/7047
  ██████████████████░░░░░░░  73%  Streaming frame 6130/7047
  ██████████████████░░░░░░░  73%  Streaming frame 6131/7047
  ██████████████████░░░░░░░  73%  Streaming frame 6132/7047
  ██████████████████░░░░░░░  73%  Streaming frame 6133/7047
  ██████████████████░░░░░░░  73%  Streaming frame 6134/7047
  ██████████████████░░░░░░░  73%  Streaming frame 6135/7047
  ██████████████████░░░░░░░  73%  Streaming frame 6136/7047
  ██████████████████░░░░░░░  73%  Streaming frame 6137/7047
  ██████████████████░░░░░░░  73%  Streaming frame 6138/7047
  ██████████████████░░░░░░░  73%  Streaming frame 6139/7047
  ██████████████████░░░░░░░  73%  Streaming frame 6140/7047
  ██████████████████░░░░░░░  73%  Streaming frame 6141/7047
  ██████████████████░░░░░░░  73%  Streaming frame 6142/7047
  ██████████████████░░░░░░░  73%  Streaming frame 6143/7047
  ██████████████████░░░░░░░  73%  Streaming frame 6144/7047
  ██████████████████░░░░░░░  73%  Streaming frame 6145/7047
  ██████████████████░░░░░░░  73%  Streaming frame 6146/7047
  ██████████████████░░░░░░░  73%  Streaming frame 6147/7047
  ██████████████████░░░░░░░  73%  Streaming frame 6148/7047
  ██████████████████░░░░░░░  73%  Streaming frame 6149/7047
  ██████████████████░░░░░░░  73%  Streaming frame 6150/7047
  ██████████████████░░░░░░░  73%  Streaming frame 6151/7047
  ██████████████████░░░░░░░  73%  Streaming frame 6152/7047
  ██████████████████░░░░░░░  73%  Streaming frame 6153/7047
  ██████████████████░░░░░░░  73%  Streaming frame 6154/7047
  ██████████████████░░░░░░░  73%  Streaming frame 6155/7047
  ██████████████████░░░░░░░  73%  Streaming frame 6156/7047
  ██████████████████░░░░░░░  73%  Streaming frame 6157/7047
  ██████████████████░░░░░░░  73%  Streaming frame 6158/7047
  ██████████████████░░░░░░░  73%  Streaming frame 6159/7047
  ██████████████████░░░░░░░  73%  Streaming frame 6160/7047
  ██████████████████░░░░░░░  73%  Streaming frame 6161/7047
  ██████████████████░░░░░░░  73%  Streaming frame 6162/7047
  ██████████████████░░░░░░░  73%  Streaming frame 6163/7047
  ██████████████████░░░░░░░  73%  Streaming frame 6164/7047
  ██████████████████░░░░░░░  73%  Streaming frame 6165/7047
  ██████████████████░░░░░░░  73%  Streaming frame 6166/7047
  ██████████████████░░░░░░░  73%  Streaming frame 6167/7047
  ██████████████████░░░░░░░  73%  Streaming frame 6168/7047
  ██████████████████░░░░░░░  73%  Streaming frame 6169/7047
  ██████████████████░░░░░░░  73%  Streaming frame 6170/7047
  ██████████████████░░░░░░░  73%  Streaming frame 6171/7047
  ██████████████████░░░░░░░  73%  Streaming frame 6172/7047
  ██████████████████░░░░░░░  73%  Streaming frame 6173/7047
  ██████████████████░░░░░░░  73%  Streaming frame 6174/7047
  ██████████████████░░░░░░░  73%  Streaming frame 6175/7047
  ██████████████████░░░░░░░  73%  Streaming frame 6176/7047
  ██████████████████░░░░░░░  73%  Streaming frame 6177/7047
  ██████████████████░░░░░░░  73%  Streaming frame 6178/7047
  ██████████████████░░░░░░░  73%  Streaming frame 6179/7047
  ██████████████████░░░░░░░  73%  Streaming frame 6180/7047
  ██████████████████░░░░░░░  73%  Streaming frame 6181/7047
  ██████████████████░░░░░░░  73%  Streaming frame 6182/7047
  ██████████████████░░░░░░░  73%  Streaming frame 6183/7047
  ██████████████████░░░░░░░  73%  Streaming frame 6184/7047
  ██████████████████░░░░░░░  73%  Streaming frame 6185/7047
  ██████████████████░░░░░░░  73%  Streaming frame 6186/7047
  ██████████████████░░░░░░░  73%  Streaming frame 6187/7047
  ██████████████████░░░░░░░  73%  Streaming frame 6188/7047
  ██████████████████░░░░░░░  73%  Streaming frame 6189/7047
  ██████████████████░░░░░░░  73%  Streaming frame 6190/7047
  ██████████████████░░░░░░░  73%  Streaming frame 6191/7047
  ██████████████████░░░░░░░  73%  Streaming frame 6192/7047
  ██████████████████░░░░░░░  73%  Streaming frame 6193/7047
  ██████████████████░░░░░░░  73%  Streaming frame 6194/7047
  ██████████████████░░░░░░░  73%  Streaming frame 6195/7047
  ██████████████████░░░░░░░  73%  Streaming frame 6196/7047
  ██████████████████░░░░░░░  73%  Streaming frame 6197/7047
  ██████████████████░░░░░░░  73%  Streaming frame 6198/7047
  ██████████████████░░░░░░░  73%  Streaming frame 6199/7047
  ██████████████████░░░░░░░  73%  Streaming frame 6200/7047
  ██████████████████░░░░░░░  73%  Streaming frame 6201/7047
  ██████████████████░░░░░░░  73%  Streaming frame 6202/7047
  ██████████████████░░░░░░░  73%  Streaming frame 6203/7047
  ██████████████████░░░░░░░  73%  Streaming frame 6204/7047
  ██████████████████░░░░░░░  73%  Streaming frame 6205/7047
  ██████████████████░░░░░░░  73%  Streaming frame 6206/7047
  ██████████████████░░░░░░░  73%  Streaming frame 6207/7047
  ██████████████████░░░░░░░  73%  Streaming frame 6208/7047
  ██████████████████░░░░░░░  73%  Streaming frame 6209/7047
  ██████████████████░░░░░░░  73%  Streaming frame 6210/7047
  ██████████████████░░░░░░░  73%  Streaming frame 6211/7047
  ██████████████████░░░░░░░  73%  Streaming frame 6212/7047
  ██████████████████░░░░░░░  73%  Streaming frame 6213/7047
  ██████████████████░░░░░░░  73%  Streaming frame 6214/7047
  ██████████████████░░░░░░░  74%  Streaming frame 6215/7047
  ██████████████████░░░░░░░  74%  Streaming frame 6216/7047
  ██████████████████░░░░░░░  74%  Streaming frame 6217/7047
  ██████████████████░░░░░░░  74%  Streaming frame 6218/7047
  ██████████████████░░░░░░░  74%  Streaming frame 6219/7047
  ██████████████████░░░░░░░  74%  Streaming frame 6220/7047
  ██████████████████░░░░░░░  74%  Streaming frame 6221/7047
  ██████████████████░░░░░░░  74%  Streaming frame 6222/7047
  ██████████████████░░░░░░░  74%  Streaming frame 6223/7047
  ██████████████████░░░░░░░  74%  Streaming frame 6224/7047
  ██████████████████░░░░░░░  74%  Streaming frame 6225/7047
  ██████████████████░░░░░░░  74%  Streaming frame 6226/7047
  ██████████████████░░░░░░░  74%  Streaming frame 6227/7047
  ██████████████████░░░░░░░  74%  Streaming frame 6228/7047
  ██████████████████░░░░░░░  74%  Streaming frame 6229/7047
  ██████████████████░░░░░░░  74%  Streaming frame 6230/7047
  ██████████████████░░░░░░░  74%  Streaming frame 6231/7047
  ██████████████████░░░░░░░  74%  Streaming frame 6232/7047
  ██████████████████░░░░░░░  74%  Streaming frame 6233/7047
  ██████████████████░░░░░░░  74%  Streaming frame 6234/7047
  ██████████████████░░░░░░░  74%  Streaming frame 6235/7047
  ██████████████████░░░░░░░  74%  Streaming frame 6236/7047
  ██████████████████░░░░░░░  74%  Streaming frame 6237/7047
  ██████████████████░░░░░░░  74%  Streaming frame 6238/7047
  ██████████████████░░░░░░░  74%  Streaming frame 6239/7047
  ██████████████████░░░░░░░  74%  Streaming frame 6240/7047
  ██████████████████░░░░░░░  74%  Streaming frame 6241/7047
  ██████████████████░░░░░░░  74%  Streaming frame 6242/7047
  ██████████████████░░░░░░░  74%  Streaming frame 6243/7047
  ██████████████████░░░░░░░  74%  Streaming frame 6244/7047
  ██████████████████░░░░░░░  74%  Streaming frame 6245/7047
  ██████████████████░░░░░░░  74%  Streaming frame 6246/7047
  ██████████████████░░░░░░░  74%  Streaming frame 6247/7047
  ██████████████████░░░░░░░  74%  Streaming frame 6248/7047
  ██████████████████░░░░░░░  74%  Streaming frame 6249/7047
  ██████████████████░░░░░░░  74%  Streaming frame 6250/7047
  ██████████████████░░░░░░░  74%  Streaming frame 6251/7047
  ██████████████████░░░░░░░  74%  Streaming frame 6252/7047
  ██████████████████░░░░░░░  74%  Streaming frame 6253/7047
  ██████████████████░░░░░░░  74%  Streaming frame 6254/7047
  ██████████████████░░░░░░░  74%  Streaming frame 6255/7047
  ██████████████████░░░░░░░  74%  Streaming frame 6256/7047
  ██████████████████░░░░░░░  74%  Streaming frame 6257/7047
  ██████████████████░░░░░░░  74%  Streaming frame 6258/7047
  ██████████████████░░░░░░░  74%  Streaming frame 6259/7047
  ██████████████████░░░░░░░  74%  Streaming frame 6260/7047
  ██████████████████░░░░░░░  74%  Streaming frame 6261/7047
  ██████████████████░░░░░░░  74%  Streaming frame 6262/7047
  ██████████████████░░░░░░░  74%  Streaming frame 6263/7047
  ██████████████████░░░░░░░  74%  Streaming frame 6264/7047
  ██████████████████░░░░░░░  74%  Streaming frame 6265/7047
  ██████████████████░░░░░░░  74%  Streaming frame 6266/7047
  ██████████████████░░░░░░░  74%  Streaming frame 6267/7047
  ██████████████████░░░░░░░  74%  Streaming frame 6268/7047
  ██████████████████░░░░░░░  74%  Streaming frame 6269/7047
  ██████████████████░░░░░░░  74%  Streaming frame 6270/7047
  ██████████████████░░░░░░░  74%  Streaming frame 6271/7047
  ██████████████████░░░░░░░  74%  Streaming frame 6272/7047
  ██████████████████░░░░░░░  74%  Streaming frame 6273/7047
  ██████████████████░░░░░░░  74%  Streaming frame 6274/7047
  ██████████████████░░░░░░░  74%  Streaming frame 6275/7047
  ██████████████████░░░░░░░  74%  Streaming frame 6276/7047
  ██████████████████░░░░░░░  74%  Streaming frame 6277/7047
  ██████████████████░░░░░░░  74%  Streaming frame 6278/7047
  ██████████████████░░░░░░░  74%  Streaming frame 6279/7047
  ██████████████████░░░░░░░  74%  Streaming frame 6280/7047
  ██████████████████░░░░░░░  74%  Streaming frame 6281/7047
  ██████████████████░░░░░░░  74%  Streaming frame 6282/7047
  ██████████████████░░░░░░░  74%  Streaming frame 6283/7047
  ██████████████████░░░░░░░  74%  Streaming frame 6284/7047
  ██████████████████░░░░░░░  74%  Streaming frame 6285/7047
  ██████████████████░░░░░░░  74%  Streaming frame 6286/7047
  ██████████████████░░░░░░░  74%  Streaming frame 6287/7047
  ██████████████████░░░░░░░  74%  Streaming frame 6288/7047
  ██████████████████░░░░░░░  74%  Streaming frame 6289/7047
  ██████████████████░░░░░░░  74%  Streaming frame 6290/7047
  ██████████████████░░░░░░░  74%  Streaming frame 6291/7047
  ██████████████████░░░░░░░  74%  Streaming frame 6292/7047
  ██████████████████░░░░░░░  74%  Streaming frame 6293/7047
  ██████████████████░░░░░░░  74%  Streaming frame 6294/7047
  ██████████████████░░░░░░░  74%  Streaming frame 6295/7047
  ██████████████████░░░░░░░  74%  Streaming frame 6296/7047
  ██████████████████░░░░░░░  74%  Streaming frame 6297/7047
  ██████████████████░░░░░░░  74%  Streaming frame 6298/7047
  ██████████████████░░░░░░░  74%  Streaming frame 6299/7047
  ██████████████████░░░░░░░  74%  Streaming frame 6300/7047
  ██████████████████░░░░░░░  74%  Streaming frame 6301/7047
  ██████████████████░░░░░░░  74%  Streaming frame 6302/7047
  ██████████████████░░░░░░░  74%  Streaming frame 6303/7047
  ██████████████████░░░░░░░  74%  Streaming frame 6304/7047
  ██████████████████░░░░░░░  74%  Streaming frame 6305/7047
  ██████████████████░░░░░░░  74%  Streaming frame 6306/7047
  ██████████████████░░░░░░░  74%  Streaming frame 6307/7047
  ██████████████████░░░░░░░  74%  Streaming frame 6308/7047
  ██████████████████░░░░░░░  74%  Streaming frame 6309/7047
  ██████████████████░░░░░░░  74%  Streaming frame 6310/7047
  ██████████████████░░░░░░░  74%  Streaming frame 6311/7047
  ██████████████████░░░░░░░  74%  Streaming frame 6312/7047
  ██████████████████░░░░░░░  74%  Streaming frame 6313/7047
  ██████████████████░░░░░░░  74%  Streaming frame 6314/7047
  ██████████████████░░░░░░░  74%  Streaming frame 6315/7047
  ██████████████████░░░░░░░  74%  Streaming frame 6316/7047
  ██████████████████░░░░░░░  74%  Streaming frame 6317/7047
  ██████████████████░░░░░░░  74%  Streaming frame 6318/7047
  ██████████████████░░░░░░░  74%  Streaming frame 6319/7047
  ██████████████████░░░░░░░  74%  Streaming frame 6320/7047
  ██████████████████░░░░░░░  74%  Streaming frame 6321/7047
  ██████████████████░░░░░░░  74%  Streaming frame 6322/7047
  ██████████████████░░░░░░░  74%  Streaming frame 6323/7047
  ██████████████████░░░░░░░  74%  Streaming frame 6324/7047
  ██████████████████░░░░░░░  74%  Streaming frame 6325/7047
  ██████████████████░░░░░░░  74%  Streaming frame 6326/7047
  ██████████████████░░░░░░░  74%  Streaming frame 6327/7047
  ██████████████████░░░░░░░  74%  Streaming frame 6328/7047
  ██████████████████░░░░░░░  74%  Streaming frame 6329/7047
  ██████████████████░░░░░░░  74%  Streaming frame 6330/7047
  ██████████████████░░░░░░░  74%  Streaming frame 6331/7047
  ██████████████████░░░░░░░  74%  Streaming frame 6332/7047
  ██████████████████░░░░░░░  74%  Streaming frame 6333/7047
  ██████████████████░░░░░░░  74%  Streaming frame 6334/7047
  ██████████████████░░░░░░░  74%  Streaming frame 6335/7047
  ██████████████████░░░░░░░  74%  Streaming frame 6336/7047
  ██████████████████░░░░░░░  74%  Streaming frame 6337/7047
  ██████████████████░░░░░░░  74%  Streaming frame 6338/7047
  ██████████████████░░░░░░░  74%  Streaming frame 6339/7047
  ██████████████████░░░░░░░  74%  Streaming frame 6340/7047
  ██████████████████░░░░░░░  74%  Streaming frame 6341/7047
  ██████████████████░░░░░░░  74%  Streaming frame 6342/7047
  ██████████████████░░░░░░░  75%  Streaming frame 6343/7047
  ██████████████████░░░░░░░  75%  Streaming frame 6344/7047
  ██████████████████░░░░░░░  75%  Streaming frame 6345/7047
  ██████████████████░░░░░░░  75%  Streaming frame 6346/7047
  ██████████████████░░░░░░░  75%  Streaming frame 6347/7047
  ██████████████████░░░░░░░  75%  Streaming frame 6348/7047
  ██████████████████░░░░░░░  75%  Streaming frame 6349/7047
  ██████████████████░░░░░░░  75%  Streaming frame 6350/7047
  ██████████████████░░░░░░░  75%  Streaming frame 6351/7047
  ██████████████████░░░░░░░  75%  Streaming frame 6352/7047
  ██████████████████░░░░░░░  75%  Streaming frame 6353/7047
  ██████████████████░░░░░░░  75%  Streaming frame 6354/7047
  ██████████████████░░░░░░░  75%  Streaming frame 6355/7047
  ██████████████████░░░░░░░  75%  Streaming frame 6356/7047
  ██████████████████░░░░░░░  75%  Streaming frame 6357/7047
  ██████████████████░░░░░░░  75%  Streaming frame 6358/7047
  ██████████████████░░░░░░░  75%  Streaming frame 6359/7047
  ██████████████████░░░░░░░  75%  Streaming frame 6360/7047
  ██████████████████░░░░░░░  75%  Streaming frame 6361/7047
  ██████████████████░░░░░░░  75%  Streaming frame 6362/7047
  ██████████████████░░░░░░░  75%  Streaming frame 6363/7047
  ██████████████████░░░░░░░  75%  Streaming frame 6364/7047
  ██████████████████░░░░░░░  75%  Streaming frame 6365/7047
  ██████████████████░░░░░░░  75%  Streaming frame 6366/7047
  ██████████████████░░░░░░░  75%  Streaming frame 6367/7047
  ██████████████████░░░░░░░  75%  Streaming frame 6368/7047
  ██████████████████░░░░░░░  75%  Streaming frame 6369/7047
  ██████████████████░░░░░░░  75%  Streaming frame 6370/7047
  ██████████████████░░░░░░░  75%  Streaming frame 6371/7047
  ██████████████████░░░░░░░  75%  Streaming frame 6372/7047
  ██████████████████░░░░░░░  75%  Streaming frame 6373/7047
  ██████████████████░░░░░░░  75%  Streaming frame 6374/7047
  ██████████████████░░░░░░░  75%  Streaming frame 6375/7047
  ██████████████████░░░░░░░  75%  Streaming frame 6376/7047
  ██████████████████░░░░░░░  75%  Streaming frame 6377/7047
  ██████████████████░░░░░░░  75%  Streaming frame 6378/7047
  ██████████████████░░░░░░░  75%  Streaming frame 6379/7047
  ██████████████████░░░░░░░  75%  Streaming frame 6380/7047
  ██████████████████░░░░░░░  75%  Streaming frame 6381/7047
  ██████████████████░░░░░░░  75%  Streaming frame 6382/7047
  ██████████████████░░░░░░░  75%  Streaming frame 6383/7047
  ██████████████████░░░░░░░  75%  Streaming frame 6384/7047
  ██████████████████░░░░░░░  75%  Streaming frame 6385/7047
  ██████████████████░░░░░░░  75%  Streaming frame 6386/7047
  ██████████████████░░░░░░░  75%  Streaming frame 6387/7047
  ██████████████████░░░░░░░  75%  Streaming frame 6388/7047
  ██████████████████░░░░░░░  75%  Streaming frame 6389/7047
  ██████████████████░░░░░░░  75%  Streaming frame 6390/7047
  ██████████████████░░░░░░░  75%  Streaming frame 6391/7047
  ██████████████████░░░░░░░  75%  Streaming frame 6392/7047
  ██████████████████░░░░░░░  75%  Streaming frame 6393/7047
  ██████████████████░░░░░░░  75%  Streaming frame 6394/7047
  ██████████████████░░░░░░░  75%  Streaming frame 6395/7047
  ██████████████████░░░░░░░  75%  Streaming frame 6396/7047
  ██████████████████░░░░░░░  75%  Streaming frame 6397/7047
  ██████████████████░░░░░░░  75%  Streaming frame 6398/7047
  ██████████████████░░░░░░░  75%  Streaming frame 6399/7047
  ██████████████████░░░░░░░  75%  Streaming frame 6400/7047
  ██████████████████░░░░░░░  75%  Streaming frame 6401/7047
  ██████████████████░░░░░░░  75%  Streaming frame 6402/7047
  ██████████████████░░░░░░░  75%  Streaming frame 6403/7047
  ██████████████████░░░░░░░  75%  Streaming frame 6404/7047
  ██████████████████░░░░░░░  75%  Streaming frame 6405/7047
  ██████████████████░░░░░░░  75%  Streaming frame 6406/7047
  ██████████████████░░░░░░░  75%  Streaming frame 6407/7047
  ██████████████████░░░░░░░  75%  Streaming frame 6408/7047
  ██████████████████░░░░░░░  75%  Streaming frame 6409/7047
  ██████████████████░░░░░░░  75%  Streaming frame 6410/7047
  ██████████████████░░░░░░░  75%  Streaming frame 6411/7047
  ██████████████████░░░░░░░  75%  Streaming frame 6412/7047
  ██████████████████░░░░░░░  75%  Streaming frame 6413/7047
  ██████████████████░░░░░░░  75%  Streaming frame 6414/7047
  ██████████████████░░░░░░░  75%  Streaming frame 6415/7047
  ██████████████████░░░░░░░  75%  Streaming frame 6416/7047
  ██████████████████░░░░░░░  75%  Streaming frame 6417/7047
  ██████████████████░░░░░░░  75%  Streaming frame 6418/7047
  ██████████████████░░░░░░░  75%  Streaming frame 6419/7047
  ██████████████████░░░░░░░  75%  Streaming frame 6420/7047
  ██████████████████░░░░░░░  75%  Streaming frame 6421/7047
  ██████████████████░░░░░░░  75%  Streaming frame 6422/7047
  ██████████████████░░░░░░░  75%  Streaming frame 6423/7047
  ██████████████████░░░░░░░  75%  Streaming frame 6424/7047
  ██████████████████░░░░░░░  75%  Streaming frame 6425/7047
  ██████████████████░░░░░░░  75%  Streaming frame 6426/7047
  ██████████████████░░░░░░░  75%  Streaming frame 6427/7047
  ██████████████████░░░░░░░  75%  Streaming frame 6428/7047
  ██████████████████░░░░░░░  75%  Streaming frame 6429/7047
  ██████████████████░░░░░░░  75%  Streaming frame 6430/7047
  ██████████████████░░░░░░░  75%  Streaming frame 6431/7047
  ██████████████████░░░░░░░  75%  Streaming frame 6432/7047
  ██████████████████░░░░░░░  75%  Streaming frame 6433/7047
  ██████████████████░░░░░░░  75%  Streaming frame 6434/7047
  ██████████████████░░░░░░░  75%  Streaming frame 6435/7047
  ██████████████████░░░░░░░  75%  Streaming frame 6436/7047
  ██████████████████░░░░░░░  75%  Streaming frame 6437/7047
  ██████████████████░░░░░░░  75%  Streaming frame 6438/7047
  ██████████████████░░░░░░░  75%  Streaming frame 6439/7047
  ██████████████████░░░░░░░  75%  Streaming frame 6440/7047
  ██████████████████░░░░░░░  75%  Streaming frame 6441/7047
  ██████████████████░░░░░░░  75%  Streaming frame 6442/7047
  ██████████████████░░░░░░░  75%  Streaming frame 6443/7047
  ██████████████████░░░░░░░  75%  Streaming frame 6444/7047
  ██████████████████░░░░░░░  75%  Streaming frame 6445/7047
  ██████████████████░░░░░░░  75%  Streaming frame 6446/7047
  ██████████████████░░░░░░░  75%  Streaming frame 6447/7047
  ██████████████████░░░░░░░  75%  Streaming frame 6448/7047
  ██████████████████░░░░░░░  75%  Streaming frame 6449/7047
  ██████████████████░░░░░░░  75%  Streaming frame 6450/7047
  ██████████████████░░░░░░░  75%  Streaming frame 6451/7047
  ██████████████████░░░░░░░  75%  Streaming frame 6452/7047
  ██████████████████░░░░░░░  75%  Streaming frame 6453/7047
  ██████████████████░░░░░░░  75%  Streaming frame 6454/7047
  ██████████████████░░░░░░░  75%  Streaming frame 6455/7047
  ██████████████████░░░░░░░  75%  Streaming frame 6456/7047
  ██████████████████░░░░░░░  75%  Streaming frame 6457/7047
  ██████████████████░░░░░░░  75%  Streaming frame 6458/7047
  ██████████████████░░░░░░░  75%  Streaming frame 6459/7047
  ██████████████████░░░░░░░  75%  Streaming frame 6460/7047
  ██████████████████░░░░░░░  75%  Streaming frame 6461/7047
  ██████████████████░░░░░░░  75%  Streaming frame 6462/7047
  ██████████████████░░░░░░░  75%  Streaming frame 6463/7047
  ██████████████████░░░░░░░  75%  Streaming frame 6464/7047
  ██████████████████░░░░░░░  75%  Streaming frame 6465/7047
  ██████████████████░░░░░░░  75%  Streaming frame 6466/7047
  ██████████████████░░░░░░░  75%  Streaming frame 6467/7047
  ██████████████████░░░░░░░  75%  Streaming frame 6468/7047
  ██████████████████░░░░░░░  75%  Streaming frame 6469/7047
  ██████████████████░░░░░░░  75%  Streaming frame 6470/7047
  ███████████████████░░░░░░  76%  Streaming frame 6471/7047
  ███████████████████░░░░░░  76%  Streaming frame 6472/7047
  ███████████████████░░░░░░  76%  Streaming frame 6473/7047
  ███████████████████░░░░░░  76%  Streaming frame 6474/7047
  ███████████████████░░░░░░  76%  Streaming frame 6475/7047
  ███████████████████░░░░░░  76%  Streaming frame 6476/7047
  ███████████████████░░░░░░  76%  Streaming frame 6477/7047
  ███████████████████░░░░░░  76%  Streaming frame 6478/7047
  ███████████████████░░░░░░  76%  Streaming frame 6479/7047
  ███████████████████░░░░░░  76%  Streaming frame 6480/7047
  ███████████████████░░░░░░  76%  Streaming frame 6481/7047
  ███████████████████░░░░░░  76%  Streaming frame 6482/7047
  ███████████████████░░░░░░  76%  Streaming frame 6483/7047
  ███████████████████░░░░░░  76%  Streaming frame 6484/7047
  ███████████████████░░░░░░  76%  Streaming frame 6485/7047
  ███████████████████░░░░░░  76%  Streaming frame 6486/7047
  ███████████████████░░░░░░  76%  Streaming frame 6487/7047
  ███████████████████░░░░░░  76%  Streaming frame 6488/7047
  ███████████████████░░░░░░  76%  Streaming frame 6489/7047
  ███████████████████░░░░░░  76%  Streaming frame 6490/7047
  ███████████████████░░░░░░  76%  Streaming frame 6491/7047
  ███████████████████░░░░░░  76%  Streaming frame 6492/7047
  ███████████████████░░░░░░  76%  Streaming frame 6493/7047
  ███████████████████░░░░░░  76%  Streaming frame 6494/7047
  ███████████████████░░░░░░  76%  Streaming frame 6495/7047
  ███████████████████░░░░░░  76%  Streaming frame 6496/7047
  ███████████████████░░░░░░  76%  Streaming frame 6497/7047
  ███████████████████░░░░░░  76%  Streaming frame 6498/7047
  ███████████████████░░░░░░  76%  Streaming frame 6499/7047
  ███████████████████░░░░░░  76%  Streaming frame 6500/7047
  ███████████████████░░░░░░  76%  Streaming frame 6501/7047
  ███████████████████░░░░░░  76%  Streaming frame 6502/7047
  ███████████████████░░░░░░  76%  Streaming frame 6503/7047
  ███████████████████░░░░░░  76%  Streaming frame 6504/7047
  ███████████████████░░░░░░  76%  Streaming frame 6505/7047
  ███████████████████░░░░░░  76%  Streaming frame 6506/7047
  ███████████████████░░░░░░  76%  Streaming frame 6507/7047
  ███████████████████░░░░░░  76%  Streaming frame 6508/7047
  ███████████████████░░░░░░  76%  Streaming frame 6509/7047
  ███████████████████░░░░░░  76%  Streaming frame 6510/7047
  ███████████████████░░░░░░  76%  Streaming frame 6511/7047
  ███████████████████░░░░░░  76%  Streaming frame 6512/7047
  ███████████████████░░░░░░  76%  Streaming frame 6513/7047
  ███████████████████░░░░░░  76%  Streaming frame 6514/7047
  ███████████████████░░░░░░  76%  Streaming frame 6515/7047
  ███████████████████░░░░░░  76%  Streaming frame 6516/7047
  ███████████████████░░░░░░  76%  Streaming frame 6517/7047
  ███████████████████░░░░░░  76%  Streaming frame 6518/7047
  ███████████████████░░░░░░  76%  Streaming frame 6519/7047
  ███████████████████░░░░░░  76%  Streaming frame 6520/7047
  ███████████████████░░░░░░  76%  Streaming frame 6521/7047
  ███████████████████░░░░░░  76%  Streaming frame 6522/7047
  ███████████████████░░░░░░  76%  Streaming frame 6523/7047
  ███████████████████░░░░░░  76%  Streaming frame 6524/7047
  ███████████████████░░░░░░  76%  Streaming frame 6525/7047
  ███████████████████░░░░░░  76%  Streaming frame 6526/7047
  ███████████████████░░░░░░  76%  Streaming frame 6527/7047
  ███████████████████░░░░░░  76%  Streaming frame 6528/7047
  ███████████████████░░░░░░  76%  Streaming frame 6529/7047
  ███████████████████░░░░░░  76%  Streaming frame 6530/7047
  ███████████████████░░░░░░  76%  Streaming frame 6531/7047
  ███████████████████░░░░░░  76%  Streaming frame 6532/7047
  ███████████████████░░░░░░  76%  Streaming frame 6533/7047
  ███████████████████░░░░░░  76%  Streaming frame 6534/7047
  ███████████████████░░░░░░  76%  Streaming frame 6535/7047
  ███████████████████░░░░░░  76%  Streaming frame 6536/7047
  ███████████████████░░░░░░  76%  Streaming frame 6537/7047
  ███████████████████░░░░░░  76%  Streaming frame 6538/7047
  ███████████████████░░░░░░  76%  Streaming frame 6539/7047
  ███████████████████░░░░░░  76%  Streaming frame 6540/7047
  ███████████████████░░░░░░  76%  Streaming frame 6541/7047
  ███████████████████░░░░░░  76%  Streaming frame 6542/7047
  ███████████████████░░░░░░  76%  Streaming frame 6543/7047
  ███████████████████░░░░░░  76%  Streaming frame 6544/7047
  ███████████████████░░░░░░  76%  Streaming frame 6545/7047
  ███████████████████░░░░░░  76%  Streaming frame 6546/7047
  ███████████████████░░░░░░  76%  Streaming frame 6547/7047
  ███████████████████░░░░░░  76%  Streaming frame 6548/7047
  ███████████████████░░░░░░  76%  Streaming frame 6549/7047
  ███████████████████░░░░░░  76%  Streaming frame 6550/7047
  ███████████████████░░░░░░  76%  Streaming frame 6551/7047
  ███████████████████░░░░░░  76%  Streaming frame 6552/7047
  ███████████████████░░░░░░  76%  Streaming frame 6553/7047
  ███████████████████░░░░░░  76%  Streaming frame 6554/7047
  ███████████████████░░░░░░  76%  Streaming frame 6555/7047
  ███████████████████░░░░░░  76%  Streaming frame 6556/7047
  ███████████████████░░░░░░  76%  Streaming frame 6557/7047
  ███████████████████░░░░░░  76%  Streaming frame 6558/7047
  ███████████████████░░░░░░  76%  Streaming frame 6559/7047
  ███████████████████░░░░░░  76%  Streaming frame 6560/7047
  ███████████████████░░░░░░  76%  Streaming frame 6561/7047
  ███████████████████░░░░░░  76%  Streaming frame 6562/7047
  ███████████████████░░░░░░  76%  Streaming frame 6563/7047
  ███████████████████░░░░░░  76%  Streaming frame 6564/7047
  ███████████████████░░░░░░  76%  Streaming frame 6565/7047
  ███████████████████░░░░░░  76%  Streaming frame 6566/7047
  ███████████████████░░░░░░  76%  Streaming frame 6567/7047
  ███████████████████░░░░░░  76%  Streaming frame 6568/7047
  ███████████████████░░░░░░  76%  Streaming frame 6569/7047
  ███████████████████░░░░░░  76%  Streaming frame 6570/7047
  ███████████████████░░░░░░  76%  Streaming frame 6571/7047
  ███████████████████░░░░░░  76%  Streaming frame 6572/7047
  ███████████████████░░░░░░  76%  Streaming frame 6573/7047
  ███████████████████░░░░░░  76%  Streaming frame 6574/7047
  ███████████████████░░░░░░  76%  Streaming frame 6575/7047
  ███████████████████░░░░░░  76%  Streaming frame 6576/7047
  ███████████████████░░░░░░  76%  Streaming frame 6577/7047
  ███████████████████░░░░░░  76%  Streaming frame 6578/7047
  ███████████████████░░░░░░  76%  Streaming frame 6579/7047
  ███████████████████░░░░░░  76%  Streaming frame 6580/7047
  ███████████████████░░░░░░  76%  Streaming frame 6581/7047
  ███████████████████░░░░░░  76%  Streaming frame 6582/7047
  ███████████████████░░░░░░  76%  Streaming frame 6583/7047
  ███████████████████░░░░░░  76%  Streaming frame 6584/7047
  ███████████████████░░░░░░  76%  Streaming frame 6585/7047
  ███████████████████░░░░░░  76%  Streaming frame 6586/7047
  ███████████████████░░░░░░  76%  Streaming frame 6587/7047
  ███████████████████░░░░░░  76%  Streaming frame 6588/7047
  ███████████████████░░░░░░  76%  Streaming frame 6589/7047
  ███████████████████░░░░░░  76%  Streaming frame 6590/7047
  ███████████████████░░░░░░  76%  Streaming frame 6591/7047
  ███████████████████░░░░░░  76%  Streaming frame 6592/7047
  ███████████████████░░░░░░  76%  Streaming frame 6593/7047
  ███████████████████░░░░░░  76%  Streaming frame 6594/7047
  ███████████████████░░░░░░  76%  Streaming frame 6595/7047
  ███████████████████░░░░░░  76%  Streaming frame 6596/7047
  ███████████████████░░░░░░  76%  Streaming frame 6597/7047
  ███████████████████░░░░░░  76%  Streaming frame 6598/7047
  ███████████████████░░░░░░  77%  Streaming frame 6599/7047
  ███████████████████░░░░░░  77%  Streaming frame 6600/7047
  ███████████████████░░░░░░  77%  Streaming frame 6601/7047
  ███████████████████░░░░░░  77%  Streaming frame 6602/7047
  ███████████████████░░░░░░  77%  Streaming frame 6603/7047
  ███████████████████░░░░░░  77%  Streaming frame 6604/7047
  ███████████████████░░░░░░  77%  Streaming frame 6605/7047
  ███████████████████░░░░░░  77%  Streaming frame 6606/7047
  ███████████████████░░░░░░  77%  Streaming frame 6607/7047
  ███████████████████░░░░░░  77%  Streaming frame 6608/7047
  ███████████████████░░░░░░  77%  Streaming frame 6609/7047
  ███████████████████░░░░░░  77%  Streaming frame 6610/7047
  ███████████████████░░░░░░  77%  Streaming frame 6611/7047
  ███████████████████░░░░░░  77%  Streaming frame 6612/7047
  ███████████████████░░░░░░  77%  Streaming frame 6613/7047
  ███████████████████░░░░░░  77%  Streaming frame 6614/7047
  ███████████████████░░░░░░  77%  Streaming frame 6615/7047
  ███████████████████░░░░░░  77%  Streaming frame 6616/7047
  ███████████████████░░░░░░  77%  Streaming frame 6617/7047
  ███████████████████░░░░░░  77%  Streaming frame 6618/7047
  ███████████████████░░░░░░  77%  Streaming frame 6619/7047
  ███████████████████░░░░░░  77%  Streaming frame 6620/7047
  ███████████████████░░░░░░  77%  Streaming frame 6621/7047
  ███████████████████░░░░░░  77%  Streaming frame 6622/7047
  ███████████████████░░░░░░  77%  Streaming frame 6623/7047
  ███████████████████░░░░░░  77%  Streaming frame 6624/7047
  ███████████████████░░░░░░  77%  Streaming frame 6625/7047
  ███████████████████░░░░░░  77%  Streaming frame 6626/7047
  ███████████████████░░░░░░  77%  Streaming frame 6627/7047
  ███████████████████░░░░░░  77%  Streaming frame 6628/7047
  ███████████████████░░░░░░  77%  Streaming frame 6629/7047
  ███████████████████░░░░░░  77%  Streaming frame 6630/7047
  ███████████████████░░░░░░  77%  Streaming frame 6631/7047
  ███████████████████░░░░░░  77%  Streaming frame 6632/7047
  ███████████████████░░░░░░  77%  Streaming frame 6633/7047
  ███████████████████░░░░░░  77%  Streaming frame 6634/7047
  ███████████████████░░░░░░  77%  Streaming frame 6635/7047
  ███████████████████░░░░░░  77%  Streaming frame 6636/7047
  ███████████████████░░░░░░  77%  Streaming frame 6637/7047
  ███████████████████░░░░░░  77%  Streaming frame 6638/7047
  ███████████████████░░░░░░  77%  Streaming frame 6639/7047
  ███████████████████░░░░░░  77%  Streaming frame 6640/7047
  ███████████████████░░░░░░  77%  Streaming frame 6641/7047
  ███████████████████░░░░░░  77%  Streaming frame 6642/7047
  ███████████████████░░░░░░  77%  Streaming frame 6643/7047
  ███████████████████░░░░░░  77%  Streaming frame 6644/7047
  ███████████████████░░░░░░  77%  Streaming frame 6645/7047
  ███████████████████░░░░░░  77%  Streaming frame 6646/7047
  ███████████████████░░░░░░  77%  Streaming frame 6647/7047
  ███████████████████░░░░░░  77%  Streaming frame 6648/7047
  ███████████████████░░░░░░  77%  Streaming frame 6649/7047
  ███████████████████░░░░░░  77%  Streaming frame 6650/7047
  ███████████████████░░░░░░  77%  Streaming frame 6651/7047
  ███████████████████░░░░░░  77%  Streaming frame 6652/7047
  ███████████████████░░░░░░  77%  Streaming frame 6653/7047
  ███████████████████░░░░░░  77%  Streaming frame 6654/7047
  ███████████████████░░░░░░  77%  Streaming frame 6655/7047
  ███████████████████░░░░░░  77%  Streaming frame 6656/7047
  ███████████████████░░░░░░  77%  Streaming frame 6657/7047
  ███████████████████░░░░░░  77%  Streaming frame 6658/7047
  ███████████████████░░░░░░  77%  Streaming frame 6659/7047
  ███████████████████░░░░░░  77%  Streaming frame 6660/7047
  ███████████████████░░░░░░  77%  Streaming frame 6661/7047
  ███████████████████░░░░░░  77%  Streaming frame 6662/7047
  ███████████████████░░░░░░  77%  Streaming frame 6663/7047
  ███████████████████░░░░░░  77%  Streaming frame 6664/7047
  ███████████████████░░░░░░  77%  Streaming frame 6665/7047
  ███████████████████░░░░░░  77%  Streaming frame 6666/7047
  ███████████████████░░░░░░  77%  Streaming frame 6667/7047
  ███████████████████░░░░░░  77%  Streaming frame 6668/7047
  ███████████████████░░░░░░  77%  Streaming frame 6669/7047
  ███████████████████░░░░░░  77%  Streaming frame 6670/7047
  ███████████████████░░░░░░  77%  Streaming frame 6671/7047
  ███████████████████░░░░░░  77%  Streaming frame 6672/7047
  ███████████████████░░░░░░  77%  Streaming frame 6673/7047
  ███████████████████░░░░░░  77%  Streaming frame 6674/7047
  ███████████████████░░░░░░  77%  Streaming frame 6675/7047
  ███████████████████░░░░░░  77%  Streaming frame 6676/7047
  ███████████████████░░░░░░  77%  Streaming frame 6677/7047
  ███████████████████░░░░░░  77%  Streaming frame 6678/7047
  ███████████████████░░░░░░  77%  Streaming frame 6679/7047
  ███████████████████░░░░░░  77%  Streaming frame 6680/7047
  ███████████████████░░░░░░  77%  Streaming frame 6681/7047
[INFO] [Render:trace] {"renderJobId":"1c57a6f3-a451-4ce4-ac2e-553797cfb0b7","phase":"capture_streaming","status":"checkpoint","elapsedMs":132541,"message":"stage still running","stagePhase":"capturing","workerCount":1,"forceScreenshot":false,"totalFrames":7047,"framesCompleted":6681,"captureMode":"drawelement","captureOperation":"drawElement","heartbeatIndex":3,"stageElapsedMs":120004}
  ███████████████████░░░░░░  77%  Streaming frame 6682/7047
  ███████████████████░░░░░░  77%  Streaming frame 6683/7047
  ███████████████████░░░░░░  77%  Streaming frame 6684/7047
  ███████████████████░░░░░░  77%  Streaming frame 6685/7047
  ███████████████████░░░░░░  77%  Streaming frame 6686/7047
  ███████████████████░░░░░░  77%  Streaming frame 6687/7047
  ███████████████████░░░░░░  77%  Streaming frame 6688/7047
  ███████████████████░░░░░░  77%  Streaming frame 6689/7047
  ███████████████████░░░░░░  77%  Streaming frame 6690/7047
  ███████████████████░░░░░░  77%  Streaming frame 6691/7047
  ███████████████████░░░░░░  77%  Streaming frame 6692/7047
  ███████████████████░░░░░░  77%  Streaming frame 6693/7047
  ███████████████████░░░░░░  77%  Streaming frame 6694/7047
  ███████████████████░░░░░░  77%  Streaming frame 6695/7047
[INFO] [Render] drawElement self-verify passed {"renderJobId":"1c57a6f3-a451-4ce4-ac2e-553797cfb0b7","frame":6695,"psnrDb":76.2}
  ███████████████████░░░░░░  77%  Streaming frame 6696/7047
  ███████████████████░░░░░░  77%  Streaming frame 6697/7047
  ███████████████████░░░░░░  77%  Streaming frame 6698/7047
  ███████████████████░░░░░░  77%  Streaming frame 6699/7047
  ███████████████████░░░░░░  77%  Streaming frame 6700/7047
  ███████████████████░░░░░░  77%  Streaming frame 6701/7047
  ███████████████████░░░░░░  77%  Streaming frame 6702/7047
  ███████████████████░░░░░░  77%  Streaming frame 6703/7047
  ███████████████████░░░░░░  77%  Streaming frame 6704/7047
  ███████████████████░░░░░░  77%  Streaming frame 6705/7047
  ███████████████████░░░░░░  77%  Streaming frame 6706/7047
  ███████████████████░░░░░░  77%  Streaming frame 6707/7047
  ███████████████████░░░░░░  77%  Streaming frame 6708/7047
  ███████████████████░░░░░░  77%  Streaming frame 6709/7047
  ███████████████████░░░░░░  77%  Streaming frame 6710/7047
  ███████████████████░░░░░░  77%  Streaming frame 6711/7047
  ███████████████████░░░░░░  77%  Streaming frame 6712/7047
  ███████████████████░░░░░░  77%  Streaming frame 6713/7047
  ███████████████████░░░░░░  77%  Streaming frame 6714/7047
  ███████████████████░░░░░░  77%  Streaming frame 6715/7047
  ███████████████████░░░░░░  77%  Streaming frame 6716/7047
  ███████████████████░░░░░░  77%  Streaming frame 6717/7047
  ███████████████████░░░░░░  77%  Streaming frame 6718/7047
  ███████████████████░░░░░░  77%  Streaming frame 6719/7047
  ███████████████████░░░░░░  77%  Streaming frame 6720/7047
  ███████████████████░░░░░░  77%  Streaming frame 6721/7047
  ███████████████████░░░░░░  77%  Streaming frame 6722/7047
  ███████████████████░░░░░░  77%  Streaming frame 6723/7047
  ███████████████████░░░░░░  77%  Streaming frame 6724/7047
  ███████████████████░░░░░░  77%  Streaming frame 6725/7047
  ███████████████████░░░░░░  77%  Streaming frame 6726/7047
  ███████████████████░░░░░░  78%  Streaming frame 6727/7047
  ███████████████████░░░░░░  78%  Streaming frame 6728/7047
  ███████████████████░░░░░░  78%  Streaming frame 6729/7047
  ███████████████████░░░░░░  78%  Streaming frame 6730/7047
  ███████████████████░░░░░░  78%  Streaming frame 6731/7047
  ███████████████████░░░░░░  78%  Streaming frame 6732/7047
  ███████████████████░░░░░░  78%  Streaming frame 6733/7047
  ███████████████████░░░░░░  78%  Streaming frame 6734/7047
  ███████████████████░░░░░░  78%  Streaming frame 6735/7047
  ███████████████████░░░░░░  78%  Streaming frame 6736/7047
  ███████████████████░░░░░░  78%  Streaming frame 6737/7047
  ███████████████████░░░░░░  78%  Streaming frame 6738/7047
  ███████████████████░░░░░░  78%  Streaming frame 6739/7047
  ███████████████████░░░░░░  78%  Streaming frame 6740/7047
  ███████████████████░░░░░░  78%  Streaming frame 6741/7047
  ███████████████████░░░░░░  78%  Streaming frame 6742/7047
  ███████████████████░░░░░░  78%  Streaming frame 6743/7047
  ███████████████████░░░░░░  78%  Streaming frame 6744/7047
  ███████████████████░░░░░░  78%  Streaming frame 6745/7047
  ███████████████████░░░░░░  78%  Streaming frame 6746/7047
  ███████████████████░░░░░░  78%  Streaming frame 6747/7047
  ███████████████████░░░░░░  78%  Streaming frame 6748/7047
  ███████████████████░░░░░░  78%  Streaming frame 6749/7047
  ███████████████████░░░░░░  78%  Streaming frame 6750/7047
  ███████████████████░░░░░░  78%  Streaming frame 6751/7047
  ███████████████████░░░░░░  78%  Streaming frame 6752/7047
  ███████████████████░░░░░░  78%  Streaming frame 6753/7047
  ███████████████████░░░░░░  78%  Streaming frame 6754/7047
  ███████████████████░░░░░░  78%  Streaming frame 6755/7047
  ███████████████████░░░░░░  78%  Streaming frame 6756/7047
  ███████████████████░░░░░░  78%  Streaming frame 6757/7047
  ███████████████████░░░░░░  78%  Streaming frame 6758/7047
  ███████████████████░░░░░░  78%  Streaming frame 6759/7047
  ███████████████████░░░░░░  78%  Streaming frame 6760/7047
  ███████████████████░░░░░░  78%  Streaming frame 6761/7047
  ███████████████████░░░░░░  78%  Streaming frame 6762/7047
  ███████████████████░░░░░░  78%  Streaming frame 6763/7047
  ███████████████████░░░░░░  78%  Streaming frame 6764/7047
  ███████████████████░░░░░░  78%  Streaming frame 6765/7047
  ███████████████████░░░░░░  78%  Streaming frame 6766/7047
  ███████████████████░░░░░░  78%  Streaming frame 6767/7047
  ███████████████████░░░░░░  78%  Streaming frame 6768/7047
  ███████████████████░░░░░░  78%  Streaming frame 6769/7047
  ███████████████████░░░░░░  78%  Streaming frame 6770/7047
  ███████████████████░░░░░░  78%  Streaming frame 6771/7047
  ███████████████████░░░░░░  78%  Streaming frame 6772/7047
  ███████████████████░░░░░░  78%  Streaming frame 6773/7047
  ███████████████████░░░░░░  78%  Streaming frame 6774/7047
  ███████████████████░░░░░░  78%  Streaming frame 6775/7047
  ███████████████████░░░░░░  78%  Streaming frame 6776/7047
  ███████████████████░░░░░░  78%  Streaming frame 6777/7047
  ███████████████████░░░░░░  78%  Streaming frame 6778/7047
  ███████████████████░░░░░░  78%  Streaming frame 6779/7047
  ███████████████████░░░░░░  78%  Streaming frame 6780/7047
  ███████████████████░░░░░░  78%  Streaming frame 6781/7047
  ███████████████████░░░░░░  78%  Streaming frame 6782/7047
  ███████████████████░░░░░░  78%  Streaming frame 6783/7047
  ███████████████████░░░░░░  78%  Streaming frame 6784/7047
  ███████████████████░░░░░░  78%  Streaming frame 6785/7047
  ███████████████████░░░░░░  78%  Streaming frame 6786/7047
  ███████████████████░░░░░░  78%  Streaming frame 6787/7047
  ███████████████████░░░░░░  78%  Streaming frame 6788/7047
  ███████████████████░░░░░░  78%  Streaming frame 6789/7047
  ███████████████████░░░░░░  78%  Streaming frame 6790/7047
  ███████████████████░░░░░░  78%  Streaming frame 6791/7047
  ███████████████████░░░░░░  78%  Streaming frame 6792/7047
  ███████████████████░░░░░░  78%  Streaming frame 6793/7047
  ███████████████████░░░░░░  78%  Streaming frame 6794/7047
  ███████████████████░░░░░░  78%  Streaming frame 6795/7047
  ███████████████████░░░░░░  78%  Streaming frame 6796/7047
  ███████████████████░░░░░░  78%  Streaming frame 6797/7047
  ███████████████████░░░░░░  78%  Streaming frame 6798/7047
  ███████████████████░░░░░░  78%  Streaming frame 6799/7047
  ███████████████████░░░░░░  78%  Streaming frame 6800/7047
  ███████████████████░░░░░░  78%  Streaming frame 6801/7047
  ███████████████████░░░░░░  78%  Streaming frame 6802/7047
  ███████████████████░░░░░░  78%  Streaming frame 6803/7047
  ███████████████████░░░░░░  78%  Streaming frame 6804/7047
  ███████████████████░░░░░░  78%  Streaming frame 6805/7047
  ███████████████████░░░░░░  78%  Streaming frame 6806/7047
  ███████████████████░░░░░░  78%  Streaming frame 6807/7047
  ███████████████████░░░░░░  78%  Streaming frame 6808/7047
  ███████████████████░░░░░░  78%  Streaming frame 6809/7047
  ███████████████████░░░░░░  78%  Streaming frame 6810/7047
  ███████████████████░░░░░░  78%  Streaming frame 6811/7047
  ███████████████████░░░░░░  78%  Streaming frame 6812/7047
  ███████████████████░░░░░░  78%  Streaming frame 6813/7047
  ███████████████████░░░░░░  78%  Streaming frame 6814/7047
  ███████████████████░░░░░░  78%  Streaming frame 6815/7047
  ███████████████████░░░░░░  78%  Streaming frame 6816/7047
  ███████████████████░░░░░░  78%  Streaming frame 6817/7047
  ███████████████████░░░░░░  78%  Streaming frame 6818/7047
  ███████████████████░░░░░░  78%  Streaming frame 6819/7047
  ███████████████████░░░░░░  78%  Streaming frame 6820/7047
  ███████████████████░░░░░░  78%  Streaming frame 6821/7047
  ███████████████████░░░░░░  78%  Streaming frame 6822/7047
  ███████████████████░░░░░░  78%  Streaming frame 6823/7047
  ███████████████████░░░░░░  78%  Streaming frame 6824/7047
  ███████████████████░░░░░░  78%  Streaming frame 6825/7047
  ███████████████████░░░░░░  78%  Streaming frame 6826/7047
  ███████████████████░░░░░░  78%  Streaming frame 6827/7047
  ███████████████████░░░░░░  78%  Streaming frame 6828/7047
  ███████████████████░░░░░░  78%  Streaming frame 6829/7047
  ███████████████████░░░░░░  78%  Streaming frame 6830/7047
  ███████████████████░░░░░░  78%  Streaming frame 6831/7047
  ███████████████████░░░░░░  78%  Streaming frame 6832/7047
  ███████████████████░░░░░░  78%  Streaming frame 6833/7047
  ███████████████████░░░░░░  78%  Streaming frame 6834/7047
  ███████████████████░░░░░░  78%  Streaming frame 6835/7047
  ███████████████████░░░░░░  78%  Streaming frame 6836/7047
  ███████████████████░░░░░░  78%  Streaming frame 6837/7047
  ███████████████████░░░░░░  78%  Streaming frame 6838/7047
  ███████████████████░░░░░░  78%  Streaming frame 6839/7047
  ███████████████████░░░░░░  78%  Streaming frame 6840/7047
  ███████████████████░░░░░░  78%  Streaming frame 6841/7047
  ███████████████████░░░░░░  78%  Streaming frame 6842/7047
  ███████████████████░░░░░░  78%  Streaming frame 6843/7047
  ███████████████████░░░░░░  78%  Streaming frame 6844/7047
  ███████████████████░░░░░░  78%  Streaming frame 6845/7047
  ███████████████████░░░░░░  78%  Streaming frame 6846/7047
  ███████████████████░░░░░░  78%  Streaming frame 6847/7047
  ███████████████████░░░░░░  78%  Streaming frame 6848/7047
  ███████████████████░░░░░░  78%  Streaming frame 6849/7047
  ███████████████████░░░░░░  78%  Streaming frame 6850/7047
  ███████████████████░░░░░░  78%  Streaming frame 6851/7047
  ███████████████████░░░░░░  78%  Streaming frame 6852/7047
  ███████████████████░░░░░░  78%  Streaming frame 6853/7047
  ███████████████████░░░░░░  78%  Streaming frame 6854/7047
  ███████████████████░░░░░░  79%  Streaming frame 6855/7047
  ███████████████████░░░░░░  79%  Streaming frame 6856/7047
  ███████████████████░░░░░░  79%  Streaming frame 6857/7047
  ███████████████████░░░░░░  79%  Streaming frame 6858/7047
  ███████████████████░░░░░░  79%  Streaming frame 6859/7047
  ███████████████████░░░░░░  79%  Streaming frame 6860/7047
  ███████████████████░░░░░░  79%  Streaming frame 6861/7047
  ███████████████████░░░░░░  79%  Streaming frame 6862/7047
  ███████████████████░░░░░░  79%  Streaming frame 6863/7047
  ███████████████████░░░░░░  79%  Streaming frame 6864/7047
  ███████████████████░░░░░░  79%  Streaming frame 6865/7047
  ███████████████████░░░░░░  79%  Streaming frame 6866/7047
  ███████████████████░░░░░░  79%  Streaming frame 6867/7047
  ███████████████████░░░░░░  79%  Streaming frame 6868/7047
  ███████████████████░░░░░░  79%  Streaming frame 6869/7047
  ███████████████████░░░░░░  79%  Streaming frame 6870/7047
  ███████████████████░░░░░░  79%  Streaming frame 6871/7047
  ███████████████████░░░░░░  79%  Streaming frame 6872/7047
  ███████████████████░░░░░░  79%  Streaming frame 6873/7047
  ███████████████████░░░░░░  79%  Streaming frame 6874/7047
  ███████████████████░░░░░░  79%  Streaming frame 6875/7047
  ███████████████████░░░░░░  79%  Streaming frame 6876/7047
  ███████████████████░░░░░░  79%  Streaming frame 6877/7047
  ███████████████████░░░░░░  79%  Streaming frame 6878/7047
  ███████████████████░░░░░░  79%  Streaming frame 6879/7047
  ███████████████████░░░░░░  79%  Streaming frame 6880/7047
  ███████████████████░░░░░░  79%  Streaming frame 6881/7047
  ███████████████████░░░░░░  79%  Streaming frame 6882/7047
  ███████████████████░░░░░░  79%  Streaming frame 6883/7047
  ███████████████████░░░░░░  79%  Streaming frame 6884/7047
  ███████████████████░░░░░░  79%  Streaming frame 6885/7047
  ███████████████████░░░░░░  79%  Streaming frame 6886/7047
  ███████████████████░░░░░░  79%  Streaming frame 6887/7047
  ███████████████████░░░░░░  79%  Streaming frame 6888/7047
  ███████████████████░░░░░░  79%  Streaming frame 6889/7047
  ███████████████████░░░░░░  79%  Streaming frame 6890/7047
  ███████████████████░░░░░░  79%  Streaming frame 6891/7047
  ███████████████████░░░░░░  79%  Streaming frame 6892/7047
  ███████████████████░░░░░░  79%  Streaming frame 6893/7047
  ███████████████████░░░░░░  79%  Streaming frame 6894/7047
  ███████████████████░░░░░░  79%  Streaming frame 6895/7047
  ███████████████████░░░░░░  79%  Streaming frame 6896/7047
  ███████████████████░░░░░░  79%  Streaming frame 6897/7047
  ███████████████████░░░░░░  79%  Streaming frame 6898/7047
  ███████████████████░░░░░░  79%  Streaming frame 6899/7047
  ███████████████████░░░░░░  79%  Streaming frame 6900/7047
  ███████████████████░░░░░░  79%  Streaming frame 6901/7047
  ███████████████████░░░░░░  79%  Streaming frame 6902/7047
  ███████████████████░░░░░░  79%  Streaming frame 6903/7047
  ███████████████████░░░░░░  79%  Streaming frame 6904/7047
  ███████████████████░░░░░░  79%  Streaming frame 6905/7047
  ███████████████████░░░░░░  79%  Streaming frame 6906/7047
  ███████████████████░░░░░░  79%  Streaming frame 6907/7047
  ███████████████████░░░░░░  79%  Streaming frame 6908/7047
  ███████████████████░░░░░░  79%  Streaming frame 6909/7047
  ███████████████████░░░░░░  79%  Streaming frame 6910/7047
  ███████████████████░░░░░░  79%  Streaming frame 6911/7047
  ███████████████████░░░░░░  79%  Streaming frame 6912/7047
  ███████████████████░░░░░░  79%  Streaming frame 6913/7047
  ███████████████████░░░░░░  79%  Streaming frame 6914/7047
  ███████████████████░░░░░░  79%  Streaming frame 6915/7047
  ███████████████████░░░░░░  79%  Streaming frame 6916/7047
  ███████████████████░░░░░░  79%  Streaming frame 6917/7047
  ███████████████████░░░░░░  79%  Streaming frame 6918/7047
  ███████████████████░░░░░░  79%  Streaming frame 6919/7047
  ███████████████████░░░░░░  79%  Streaming frame 6920/7047
  ███████████████████░░░░░░  79%  Streaming frame 6921/7047
  ███████████████████░░░░░░  79%  Streaming frame 6922/7047
  ███████████████████░░░░░░  79%  Streaming frame 6923/7047
  ███████████████████░░░░░░  79%  Streaming frame 6924/7047
  ███████████████████░░░░░░  79%  Streaming frame 6925/7047
  ███████████████████░░░░░░  79%  Streaming frame 6926/7047
  ███████████████████░░░░░░  79%  Streaming frame 6927/7047
  ███████████████████░░░░░░  79%  Streaming frame 6928/7047
  ███████████████████░░░░░░  79%  Streaming frame 6929/7047
  ███████████████████░░░░░░  79%  Streaming frame 6930/7047
  ███████████████████░░░░░░  79%  Streaming frame 6931/7047
  ███████████████████░░░░░░  79%  Streaming frame 6932/7047
  ███████████████████░░░░░░  79%  Streaming frame 6933/7047
  ███████████████████░░░░░░  79%  Streaming frame 6934/7047
  ███████████████████░░░░░░  79%  Streaming frame 6935/7047
  ███████████████████░░░░░░  79%  Streaming frame 6936/7047
  ███████████████████░░░░░░  79%  Streaming frame 6937/7047
  ███████████████████░░░░░░  79%  Streaming frame 6938/7047
  ███████████████████░░░░░░  79%  Streaming frame 6939/7047
  ███████████████████░░░░░░  79%  Streaming frame 6940/7047
  ███████████████████░░░░░░  79%  Streaming frame 6941/7047
  ███████████████████░░░░░░  79%  Streaming frame 6942/7047
  ███████████████████░░░░░░  79%  Streaming frame 6943/7047
  ███████████████████░░░░░░  79%  Streaming frame 6944/7047
  ███████████████████░░░░░░  79%  Streaming frame 6945/7047
  ███████████████████░░░░░░  79%  Streaming frame 6946/7047
  ███████████████████░░░░░░  79%  Streaming frame 6947/7047
  ███████████████████░░░░░░  79%  Streaming frame 6948/7047
  ███████████████████░░░░░░  79%  Streaming frame 6949/7047
  ███████████████████░░░░░░  79%  Streaming frame 6950/7047
  ███████████████████░░░░░░  79%  Streaming frame 6951/7047
  ███████████████████░░░░░░  79%  Streaming frame 6952/7047
  ███████████████████░░░░░░  79%  Streaming frame 6953/7047
  ███████████████████░░░░░░  79%  Streaming frame 6954/7047
  ███████████████████░░░░░░  79%  Streaming frame 6955/7047
  ███████████████████░░░░░░  79%  Streaming frame 6956/7047
  ███████████████████░░░░░░  79%  Streaming frame 6957/7047
  ███████████████████░░░░░░  79%  Streaming frame 6958/7047
  ███████████████████░░░░░░  79%  Streaming frame 6959/7047
  ███████████████████░░░░░░  79%  Streaming frame 6960/7047
  ███████████████████░░░░░░  79%  Streaming frame 6961/7047
  ███████████████████░░░░░░  79%  Streaming frame 6962/7047
  ███████████████████░░░░░░  79%  Streaming frame 6963/7047
  ███████████████████░░░░░░  79%  Streaming frame 6964/7047
  ███████████████████░░░░░░  79%  Streaming frame 6965/7047
  ███████████████████░░░░░░  79%  Streaming frame 6966/7047
  ███████████████████░░░░░░  79%  Streaming frame 6967/7047
  ███████████████████░░░░░░  79%  Streaming frame 6968/7047
  ███████████████████░░░░░░  79%  Streaming frame 6969/7047
  ███████████████████░░░░░░  79%  Streaming frame 6970/7047
  ███████████████████░░░░░░  79%  Streaming frame 6971/7047
  ███████████████████░░░░░░  79%  Streaming frame 6972/7047
  ███████████████████░░░░░░  79%  Streaming frame 6973/7047
  ███████████████████░░░░░░  79%  Streaming frame 6974/7047
  ███████████████████░░░░░░  79%  Streaming frame 6975/7047
  ███████████████████░░░░░░  79%  Streaming frame 6976/7047
  ███████████████████░░░░░░  79%  Streaming frame 6977/7047
  ███████████████████░░░░░░  79%  Streaming frame 6978/7047
  ███████████████████░░░░░░  79%  Streaming frame 6979/7047
  ███████████████████░░░░░░  79%  Streaming frame 6980/7047
  ███████████████████░░░░░░  79%  Streaming frame 6981/7047
  ███████████████████░░░░░░  79%  Streaming frame 6982/7047
  ████████████████████░░░░░  80%  Streaming frame 6983/7047
  ████████████████████░░░░░  80%  Streaming frame 6984/7047
  ████████████████████░░░░░  80%  Streaming frame 6985/7047
  ████████████████████░░░░░  80%  Streaming frame 6986/7047
  ████████████████████░░░░░  80%  Streaming frame 6987/7047
  ████████████████████░░░░░  80%  Streaming frame 6988/7047
  ████████████████████░░░░░  80%  Streaming frame 6989/7047
  ████████████████████░░░░░  80%  Streaming frame 6990/7047
  ████████████████████░░░░░  80%  Streaming frame 6991/7047
  ████████████████████░░░░░  80%  Streaming frame 6992/7047
  ████████████████████░░░░░  80%  Streaming frame 6993/7047
  ████████████████████░░░░░  80%  Streaming frame 6994/7047
  ████████████████████░░░░░  80%  Streaming frame 6995/7047
  ████████████████████░░░░░  80%  Streaming frame 6996/7047
  ████████████████████░░░░░  80%  Streaming frame 6997/7047
  ████████████████████░░░░░  80%  Streaming frame 6998/7047
  ████████████████████░░░░░  80%  Streaming frame 6999/7047
  ████████████████████░░░░░  80%  Streaming frame 7000/7047
  ████████████████████░░░░░  80%  Streaming frame 7001/7047
  ████████████████████░░░░░  80%  Streaming frame 7002/7047
  ████████████████████░░░░░  80%  Streaming frame 7003/7047
  ████████████████████░░░░░  80%  Streaming frame 7004/7047
  ████████████████████░░░░░  80%  Streaming frame 7005/7047
  ████████████████████░░░░░  80%  Streaming frame 7006/7047
  ████████████████████░░░░░  80%  Streaming frame 7007/7047
  ████████████████████░░░░░  80%  Streaming frame 7008/7047
  ████████████████████░░░░░  80%  Streaming frame 7009/7047
  ████████████████████░░░░░  80%  Streaming frame 7010/7047
  ████████████████████░░░░░  80%  Streaming frame 7011/7047
  ████████████████████░░░░░  80%  Streaming frame 7012/7047
  ████████████████████░░░░░  80%  Streaming frame 7013/7047
  ████████████████████░░░░░  80%  Streaming frame 7014/7047
  ████████████████████░░░░░  80%  Streaming frame 7015/7047
  ████████████████████░░░░░  80%  Streaming frame 7016/7047
  ████████████████████░░░░░  80%  Streaming frame 7017/7047
  ████████████████████░░░░░  80%  Streaming frame 7018/7047
  ████████████████████░░░░░  80%  Streaming frame 7019/7047
  ████████████████████░░░░░  80%  Streaming frame 7020/7047
  ████████████████████░░░░░  80%  Streaming frame 7021/7047
  ████████████████████░░░░░  80%  Streaming frame 7022/7047
  ████████████████████░░░░░  80%  Streaming frame 7023/7047
  ████████████████████░░░░░  80%  Streaming frame 7024/7047
  ████████████████████░░░░░  80%  Streaming frame 7025/7047
  ████████████████████░░░░░  80%  Streaming frame 7026/7047
  ████████████████████░░░░░  80%  Streaming frame 7027/7047
  ████████████████████░░░░░  80%  Streaming frame 7028/7047
  ████████████████████░░░░░  80%  Streaming frame 7029/7047
  ████████████████████░░░░░  80%  Streaming frame 7030/7047
  ████████████████████░░░░░  80%  Streaming frame 7031/7047
  ████████████████████░░░░░  80%  Streaming frame 7032/7047
  ████████████████████░░░░░  80%  Streaming frame 7033/7047
  ████████████████████░░░░░  80%  Streaming frame 7034/7047
  ████████████████████░░░░░  80%  Streaming frame 7035/7047
  ████████████████████░░░░░  80%  Streaming frame 7036/7047
  ████████████████████░░░░░  80%  Streaming frame 7037/7047
  ████████████████████░░░░░  80%  Streaming frame 7038/7047
  ████████████████████░░░░░  80%  Streaming frame 7039/7047
  ████████████████████░░░░░  80%  Streaming frame 7040/7047
  ████████████████████░░░░░  80%  Streaming frame 7041/7047
  ████████████████████░░░░░  80%  Streaming frame 7042/7047
  ████████████████████░░░░░  80%  Streaming frame 7043/7047
  ████████████████████░░░░░  80%  Streaming frame 7044/7047
  ████████████████████░░░░░  80%  Streaming frame 7045/7047
  ████████████████████░░░░░  80%  Streaming frame 7046/7047
  ████████████████████░░░░░  80%  Streaming frame 7047/7047
[INFO] [Render:trace] {"renderJobId":"1c57a6f3-a451-4ce4-ac2e-553797cfb0b7","phase":"capture_streaming","status":"end","elapsedMs":138858,"durationMs":126321,"stagePhase":"capturing","workerCount":1,"forceScreenshot":false,"totalFrames":7047,"framesCompleted":7047,"captureMode":"drawelement","captureOperation":"encode"}
[INFO] [Render:trace] {"renderJobId":"1c57a6f3-a451-4ce4-ac2e-553797cfb0b7","phase":"assemble","status":"start","elapsedMs":138858,"stagePhase":"capturing","hasAudio":true,"workerCount":1,"forceScreenshot":false,"totalFrames":7047,"framesCompleted":7047,"captureMode":"drawelement","captureOperation":"encode"}
  ██████████████████████░░░  90%  Assembling final video
[INFO] [Render:trace] {"renderJobId":"1c57a6f3-a451-4ce4-ac2e-553797cfb0b7","phase":"assemble","status":"end","elapsedMs":144762,"durationMs":5903,"stagePhase":"capturing","hasAudio":true,"workerCount":1,"forceScreenshot":false,"totalFrames":7047,"framesCompleted":7047,"captureMode":"drawelement","captureOperation":"encode"}
[INFO] [Render:trace] {"renderJobId":"1c57a6f3-a451-4ce4-ac2e-553797cfb0b7","phase":"pipeline","status":"checkpoint","elapsedMs":144802,"message":"artifact validated","totalElapsedMs":144784}
  █████████████████████████  100%  Render complete

◇  /Users/brownmanbrain/GitHub/operator-economy/blueprint-cinema/experiments/EP007-NET-NEW-UNFINISHED-ANSWER-003/hyperframes/reviews/r38-progressive-business/qa/r38-full-visual-draft.mp4
   23.1 MB · 4m 53.6s video · rendered in 2m 24.8s
