source_frame,source_time_s,candidate_frame,candidate_time_s,candidate_minus_source_sampling_ms,source_mouth_aperture,candidate_mouth_aperture,source_mouth_width,candidate_mouth_width,source_left_eye_aperture,candidate_left_eye_aperture,source_right_eye_aperture,candidate_right_eye_aperture,source_left_brow_height,candidate_left_brow_height,source_right_brow_height,candidate_right_brow_height,source_interocular_width_fraction,candidate_interocular_width_fraction,source_face_center_x,candidate_face_center_x,source_nose_x,candidate_nose_x,source_shoulder_center_x,candidate_shoulder_center_x,source_face_center_y,candidate_face_center_y,source_nose_y,candidate_nose_y,source_shoulder_center_y,candidate_shoulder_center_y,source_head_pitch_deg,candidate_head_pitch_deg,source_head_yaw_deg,candidate_head_yaw_deg,source_head_roll_deg,candidate_head_roll_deg,source_left_wrist_x,candidate_left_wrist_x,source_left_wrist_body_relative_x,candidate_left_wrist_body_relative_x,source_left_wrist_y,candidate_left_wrist_y,source_left_wrist_body_relative_y,candidate_left_wrist_body_relative_y,source_right_wrist_x,candidate_right_wrist_x,source_right_wrist_body_relative_x,candidate_right_wrist_body_relative_x,source_right_wrist_y,candidate_right_wrist_y,source_right_wrist_body_relative_y,candidate_right_wrist_body_relative_y,source_left_elbow_x,candidate_left_elbow_x,source_left_elbow_body_relative_x,candidate_left_elbow_body_relative_x,source_left_elbow_y,candidate_left_elbow_y,source_left_elbow_body_relative_y,candidate_left_elbow_body_relative_y,source_right_elbow_x,candidate_right_elbow_x,source_right_elbow_body_relative_x,candidate_right_elbow_body_relative_x,source_right_elbow_y,candidate_right_elbow_y,source_right_elbow_body_relative_y,candidate_right_elbow_body_relative_y
0,0.0,0,0.0,0.0,0.022303683393820124,0.06514771857634402,0.5638006553023525,0.5370981602335523,0.08064245659775937,0.07614158642069267,0.08342629849312486,0.07733850325361037,0.09955350595878583,0.10289214190174228,0.10237720903637848,0.10903131808546071,0.0838308139924014,0.08476005822611164,0.491526260972023,0.4913405179977417,0.4907107651233673,0.4902246296405792,0.49685437977313995,0.49827878177165985,0.24229831993579865,0.24272562563419342,0.2995510399341583,0.2979103624820709,0.49962417781352997,0.5005086660385132,-170.1853485107422,-173.5910186767578,1.009939432144165,2.6335439682006836,0.10604671388864519,-0.042648233473300934,0.6464732885360718,0.640102744102478,0.5498481664530797,0.5192131358711357,0.8792241811752319,0.8829214572906494,0.784702493504088,0.7875007824493138,0.3394937515258789,0.3391339182853699,-0.5782989170891324,-0.582624418825344,0.8962686061859131,0.89792799949646,0.8199364310377524,0.8184036810951457,0.7343874573707581,0.7318444848060608,0.8729319593952646,0.8550768086817572,0.8095847368240356,0.81669020652771,0.6407450510786906,0.6511110931096004,0.26162898540496826,0.26396703720092773,-0.8644512439365244,-0.8578080436522277,0.8063399791717529,0.8064039945602417,0.6340375447614776,0.629928747335293
1,0.041666666666666664,1,0.04,-1.6666666666666634,0.03630006768351981,0.06264614586750528,0.5595674822232121,0.5332965148538167,0.08283989146738649,0.0751704667711503,0.08271680272538452,0.07574416005419642,0.09701267111377637,0.10162724497303986,0.0994415073678137,0.10513723342952164,0.08430782196219577,0.08427303012275823,0.49151693284511566,0.491236612200737,0.49113860726356506,0.49065887928009033,0.5008720457553864,0.49998293817043304,0.24191031605005264,0.24144630134105682,0.2970843017101288,0.2964222729206085,0.49864861369132996,0.5026850998401642,-172.92349243164062,-173.7332000732422,0.5121550559997559,1.683523416519165,-0.13374242186546326,-0.0788949579000473,0.638177216053009,0.6374423503875732,0.5077340589603204,0.5042177749619866,0.8870095014572144,0.8867201209068298,0.8078066384602034,0.7923864244534602,0.3347836136817932,0.3294874429702759,-0.6141702718134351,-0.6253981291224077,0.8883458971977234,0.8915189504623413,0.8105863966305059,0.8022879365147606,0.7316609621047974,0.7300406098365784,0.8534230211953583,0.8438794073788044,0.8183252811431885,0.8183899521827698,0.6649406319312956,0.6513995479775239,0.26493602991104126,0.26439255475997925,-0.8724562281224593,-0.8641740642540606,0.7971256375312805,0.8076674938201904,0.6208445002605563,0.6292757051579898
2,0.08333333333333333,2,0.08,-3.333333333333327,0.04292818667409991,0.061330150340702584,0.5641298017660009,0.5342869166274943,0.08282635411277542,0.07646523240032631,0.08254659744622984,0.07670501287347825,0.0978010948756296,0.10006133556237169,0.09902820999474705,0.10293023025370551,0.08431663104590781,0.08471028974668357,0.4916343539953232,0.4913581907749176,0.49108079075813293,0.49065539240837097,0.5012291967868805,0.5000433623790741,0.24155723303556442,0.24101385474205017,0.2965415120124817,0.2965911626815796,0.49864181876182556,0.5020217597484589,-173.74447631835938,-173.41224670410156,1.0150569677352905,2.0630693435668945,-0.04447248950600624,-0.05175583437085152,0.6387103199958801,0.638589084148407,0.5083289991398179,0.5090787393270816,0.8880133628845215,0.8880879878997803,0.8098200976056479,0.7979509200676104,0.33328598737716675,0.3299962282180786,-0.6209609112793473,-0.6248289703884915,0.8900513648986816,0.8914682865142822,0.8140587612032826,0.8049375772597227,0.730376124382019,0.7302067279815674,0.8472583409383732,0.8457228018579735,0.8223008513450623,0.8191505670547485,0.6731503452520237,0.6554658375112048,0.2658303380012512,0.2643033266067505,-0.8703745175491933,-0.8662139738945003,0.797766923904419,0.8068518042564392,0.6221243578255491,0.6300458230810443
3,0.125,3,0.12,-5.000000000000004,0.08316474060667338,0.05819643165042119,0.5750616166375923,0.5474661376066813,0.08319042598043679,0.07798117142440804,0.08352124584046443,0.07806008965029883,0.09982068902862351,0.10095403689717587,0.10333582775814344,0.10410371631204286,0.08408278943664471,0.0842294031672406,0.4917150139808655,0.4914836585521698,0.4919317662715912,0.49096813797950745,0.5002520531415939,0.49978503584861755,0.2404380515217781,0.2399263009428978,0.2969917356967926,0.2951638698577881,0.49806880950927734,0.49979011714458466,-172.37356567382812,-174.05548095703125,-2.0080161094665527,1.6772984266281128,-0.685562789440155,-0.10847335308790208,0.6378101110458374,0.63824862241745,0.5074255279607087,0.5064370943077505,0.8882544636726379,0.8880181312561035,0.809617899365108,0.7987287715892993,0.3343649208545685,0.33150041103363037,-0.6119260984422137,-0.6155089472971663,0.8921618461608887,0.8935450315475464,0.8177255444525131,0.8100996518967999,0.7292585372924805,0.7312787771224976,0.8447613894605919,0.8466992700849449,0.8209673166275024,0.8212944269180298,0.6700000583100247,0.6614534064310075,0.2673110067844391,0.26357001066207886,-0.8592752415404151,-0.8639675885315437,0.8014165163040161,0.8077101111412048,0.6294330161343004,0.633505439105322
4,0.16666666666666666,4,0.16,-6.666666666666654,0.10017975487778595,0.06267372236690454,0.5775999283795952,0.5423589647667859,0.0823832466902003,0.07740240945060314,0.08175144145822102,0.07766586376363192,0.10387250069946517,0.10478374593561009,0.1069597609652762,0.10659583943647637,0.08438211493095686,0.08482769911672552,0.49176546931266785,0.4917866587638855,0.49240753054618835,0.4913114309310913,0.5000519007444382,0.5000070631504059,0.23978019505739212,0.23927463591098785,0.29496875405311584,0.29414981603622437,0.49811021983623505,0.4994005560874939,-173.29112243652344,-174.62757873535156,-3.300978422164917,1.1146409511566162,-0.8138123750686647,0.006413294933736324,0.6384074687957764,0.6394906640052795,0.5100019845777162,0.5102802008335477,0.8881919980049133,0.8867022395133972,0.8088228550992871,0.7969984537224905,0.33418047428131104,0.3292277157306671,-0.6114300846174967,-0.6247710782161213,0.8904731273651123,0.8908150792121887,0.8135527083383408,0.8054619513539755,0.7284627556800842,0.7311705350875854,0.8419609774797612,0.845677500168742,0.8184313774108887,0.81831955909729,0.6641763028115809,0.6562789761541377,0.26734936237335205,0.26497554779052734,-0.8577808472550171,-0.8598281670748922,0.8002816438674927,0.8071563243865967,0.626543375242447,0.6333070109298605
5,0.20833333333333334,5,0.2,-8.333333333333332,0.13422807219182056,0.08175306554941028,0.5698731140369642,0.5430099078689717,0.08445969719008944,0.08080276657133018,0.08291341424998627,0.08010523352142158,0.10592739126712042,0.1070866985071927,0.10904347826902235,0.10777679086313917,0.08438963611741275,0.08513173464839185,0.4919372648000717,0.4921591281890869,0.49230530858039856,0.49204713106155396,0.500506728887558,0.5000520050525665,0.23894089460372925,0.23849207162857056,0.293724000453949,0.29313522577285767,0.4983677715063095,0.4989337921142578,-174.22853088378906,-174.7762451171875,-2.011205911636353,-0.8336676955223083,-0.7665843367576599,-0.10304487496614456,0.6394064426422119,0.6396973133087158,0.5119395299471133,0.5116829561366353,0.8869965076446533,0.8873780965805054,0.805702574955561,0.8006189898053678,0.3344380259513855,0.3287677764892578,-0.6120756581992768,-0.6276130684612352,0.890312135219574,0.8899230360984802,0.8125765125373569,0.8058643412819366,0.7286705374717712,0.7297429442405701,0.8409381830970952,0.8416246863513397,0.8154929876327515,0.8176606893539429,0.6574619410682417,0.656925081814422,0.2672397196292877,0.2656090259552002,-0.8597469342721854,-0.8590369278284531,0.801460862159729,0.8060816526412964,0.6283706295557314,0.633059635547842
6,0.25,6,0.24,-10.000000000000009,0.20960753005958488,0.1283559712039739,0.5829824598546388,0.5654396163122838,0.06831189121934497,0.06663237177784134,0.06739645068486742,0.06663388044302582,0.12538346328441033,0.11993666859925543,0.1250075358972962,0.12167785966180476,0.08468249278109358,0.08479186784207998,0.4928121566772461,0.492857426404953,0.49228766560554504,0.4921625554561615,0.500662237405777,0.5005107223987579,0.23993601649999619,0.23923014104366302,0.2910647392272949,0.29067057371139526,0.4978575259447098,0.498254731297493,-176.49351501464844,-176.6482391357422,1.1156405210494995,2.1103875637054443,0.07780586928129196,0.23764681816101077,0.6385218501091003,0.6397027373313904,0.5088048839490996,0.5087565215392043,0.8868970274925232,0.8871292471885681,0.8076634769040802,0.7995169546191517,0.3356401324272156,0.329062283039093,-0.6090547574172095,-0.6266560023156832,0.891110897064209,0.8892870545387268,0.8164116593789896,0.8039533563136689,0.7273136377334595,0.7302613854408264,0.8365128639146929,0.8397546957501894,0.8141783475875854,0.8191714882850647,0.6566962316391964,0.6597973838553773,0.267509788274765,0.2662303149700165,-0.8605065870730763,-0.8563112273783927,0.8003846406936646,0.8043913245201111,0.6280598766546353,0.6294097111248813
7,0.2916666666666667,7,0.28,-11.666666666666659,0.3098335108692333,0.21793004444643246,0.6118126886118339,0.5884734905412045,0.041682381098188205,0.04242179828904792,0.041616949351194824,0.04252149856597237,0.14984332233128558,0.14541663732114737,0.154043244637723,0.15071801696389292,0.08346733838527795,0.08451819076019895,0.4932798892259598,0.4931882470846176,0.4923890233039856,0.49232161045074463,0.4999646246433258,0.5010386556386948,0.24053268879652023,0.24040304869413376,0.28371134400367737,0.284034788608551,0.4979507178068161,0.49802492558956146,-181.04800415039062,-180.95809936523438,4.622372150421143,3.6840760707855225,-0.35766541957855225,-0.41896846890449524,0.6378326416015625,0.6397641897201538,0.5072653880701645,0.5063690650848339,0.8855703473091125,0.8861405849456787,0.8022320164835276,0.7968827998518714,0.3365815281867981,0.3292955458164215,-0.6011444253472612,-0.6268881827075955,0.8911269903182983,0.8901810050010681,0.813732251731835,0.805178629120028,0.7266221642494202,0.7304755449295044,0.8339535689567712,0.8374791554807752,0.8128740787506104,0.8191413879394531,0.6517771125577454,0.6593194049949804,0.2672232389450073,0.26575392484664917,-0.8563381989603063,-0.8588246565332806,0.801485538482666,0.8052846193313599,0.6282069656183662,0.6308685545870482
8,0.3333333333333333,8,0.32,-13.333333333333307,0.2851277079898607,0.11971642195874571,0.6225116851062904,0.592730323312769,0.04666117966615137,0.04805482030382639,0.04392679891192357,0.046116363238517935,0.15330845598323775,0.1495938040520702,0.15551339011232732,0.15261872876581373,0.0851824477611063,0.08443626787889712,0.493668794631958,0.49342183768749237,0.4917144477367401,0.49206414818763733,0.5005693435668945,0.5007423758506775,0.23937568813562393,0.23817672580480576,0.28439104557037354,0.28260889649391174,0.49864284694194794,0.49698102474212646,-179.99508666992188,-180.55848693847656,6.020381450653076,4.682850360870361,-0.10954376310110092,-0.2895040512084961,0.6377434134483337,0.6404390335083008,0.5055687225839467,0.5121471765348486,0.885252833366394,0.8853408098220825,0.8015004467925598,0.8008764922738185,0.3359174430370331,0.33003637194633484,-0.6068410093383441,-0.6258317083822158,0.8900805711746216,0.889989972114563,0.8115090708482343,0.8104640060480547,0.7273483276367188,0.7302316427230835,0.8358165751308633,0.8413392420727063,0.8133105039596558,0.8161678314208984,0.6523532152477096,0.6582278081659434,0.2672589421272278,0.26586562395095825,-0.8598887655906776,-0.8610905037823788,0.8012639284133911,0.8048374056816101,0.6273788586048599,0.6348621766802272
9,0.375,9,0.36,-15.000000000000014,0.10870196893090213,0.09581102043257439,0.6187836898087978,0.6020484175444207,0.048939205253151125,0.04592727719725315,0.048025149916266545,0.043934718085175975,0.15160438001738602,0.1523980954516034,0.15006605911319051,0.14896792268785924,0.08558328288740076,0.08556930087118314,0.4933963716030121,0.4932478368282318,0.49171286821365356,0.49113279581069946,0.5001721382141113,0.49988049268722534,0.23727459460496902,0.2366824373602867,0.281982421875,0.2794300615787506,0.49821288883686066,0.4968625158071518,-179.93016052246094,-181.35687255859372,2.959177017211914,4.133967399597168,0.22820399701595306,0.3544073700904846,0.6359769701957703,0.6413737535476685,0.5024864958557012,0.5190571738816495,0.88521409034729,0.8841667771339417,0.8054600640915817,0.799197735128339,0.33460599184036255,0.3301340341567993,-0.6126052476167635,-0.6227018623037027,0.8899621963500977,0.8901170492172241,0.8153422291866995,0.811476050776264,0.7272034883499146,0.7299472689628601,0.8400304018235196,0.8439823209352441,0.8153507113456726,0.815514862537384,0.6600544128722255,0.6575353261741056,0.2675572633743286,0.2661166191101074,-0.860689797531953,-0.8575448387908899,0.7998693585395813,0.8060173988342285,0.627833294760057,0.6379374228228148
10,0.4166666666666667,10,0.4,-16.666666666666664,0.0741364340720571,0.07034544456810474,0.6189789281839034,0.5934960299107529,0.04814642358844661,0.0452337346822777,0.04571405371237284,0.04304497551339813,0.1602908172240834,0.15957735118813046,0.15191493932324862,0.15069263201762778,0.08497608444606436,0.08550849217432244,0.49380117654800415,0.49354979395866394,0.49317213892936707,0.49232879281044006,0.5005256235599518,0.5006923377513885,0.23492565006017685,0.23473695665597916,0.27537596225738525,0.2764922082424164,0.49795301258563995,0.4957885444164276,-183.26629638671875,-181.84912109375,0.3566054403781891,1.3260602951049805,0.5708653330802917,0.8966362476348877,0.6341254711151123,0.6414147019386292,0.49400708231901813,0.5158323109975749,0.8859342336654663,0.884019136428833,0.8069756771568,0.8004932983241401,0.3349064588546753,0.33020225167274475,-0.6124036952840537,-0.6249489596913428,0.8895466327667236,0.8891408443450928,0.8144892320726395,0.811053756328461,0.7273699641227722,0.7300913333892822,0.8387937027828742,0.8408856313909661,0.8132932186126709,0.8153668642044067,0.6558870957341284,0.6589390649353872,0.26783573627471924,0.26611557602882385,-0.8604085588904459,-0.8598652659407876,0.80016028881073,0.8058537840843201,0.628571456872851,0.6393240293374025
11,0.4583333333333333,11,0.44,-18.333333333333314,0.02382036258234087,0.02399742512250381,0.5464228291160138,0.5430127812760795,0.05034475434712209,0.04878976425253757,0.04736896349352157,0.04731053113317358,0.15925083125748243,0.15952557532480163,0.14717574768983183,0.14750494047216064,0.0852102197105126,0.08481173376049583,0.4945691078901291,0.49451014399528503,0.49402469396591187,0.4940168261528015,0.5009826272726059,0.5008002817630768,0.23198895156383514,0.2323865368962288,0.2773483693599701,0.2758944630622864,0.49626755714416504,0.4957161247730255,-178.54927062988284,-179.83070373535156,0.16104434430599213,-0.3366049528121948,1.019020915031433,1.2131736278533936,0.6342857480049133,0.6413533687591553,0.49328486882803574,0.5143290496960495,0.8856854438781738,0.8842136859893799,0.8105800295101809,0.7996712628574898,0.33548715710639954,0.3298928439617157,-0.6124118538568148,-0.6254054033890645,0.8891972303390503,0.8891171216964722,0.8178898734337988,0.8097643419799281,0.7268221378326416,0.7301838397979736,0.8357134681528521,0.839388375890163,0.8128373622894287,0.8140130043029785,0.6589454946427609,0.6551723692174386,0.26805320382118225,0.26560378074645996,-0.8619495137264114,-0.8606598079420879,0.7996562719345093,0.8068544268608093,0.6315088283445719,0.640437376684874
12,0.5,12,0.48,-20.000000000000018,0.019748879428820837,0.03341450238006592,0.550236075653942,0.5344159685143282,0.056527497256797156,0.049286457634789546,0.05467840232595967,0.046671470890197936,0.16708568780563823,0.16304511631447613,0.14716534919960367,0.14474062720169978,0.085392974029546,0.08534256532709004,0.4952894002199173,0.4950278699398041,0.4949273467063904,0.4946274161338806,0.5012706965208054,0.5008474886417389,0.23170574754476547,0.23122810572385788,0.2776638865470886,0.2760083079338074,0.49613501131534576,0.49550335109233856,-178.2224884033203,-179.1794891357422,-1.6559840440750122,-1.1734963655471802,1.9819269180297852,1.6660386323928833,0.6347534656524658,0.6415391564369202,0.4926541699785317,0.5153255634408245,0.8858881592750549,0.8847334384918213,0.8091501405403139,0.8019406706725596,0.3356773257255554,0.32893237471580505,-0.6111670080998586,-0.629690829145958,0.8900704383850098,0.887963056564331,0.8178327945414783,0.8085947351113821,0.7273797392845154,0.7302622199058533,0.8345164211983276,0.8403004776545426,0.8112294673919678,0.8136830925941467,0.6541543660456307,0.6555538319228114,0.2677060067653656,0.2650667428970337,-0.862033497778756,-0.8636179210432923,0.7996479868888855,0.8047118186950684,0.630110540804474,0.6370700876278073
13,0.5416666666666666,14,0.56,18.333333333333425,0.037783923106486005,0.0642409626702317,0.5709981232309743,0.5607306199932387,0.0521891046731304,0.05279566084739867,0.05137808312683364,0.04918658910740894,0.16156753652643197,0.15085479621582196,0.1408414303618759,0.12878945937555322,0.08593732116912961,0.08598603555603766,0.4962349236011505,0.49569033086299896,0.4954325556755066,0.4954438805580139,0.5008984804153442,0.5007858872413635,0.22948157787322998,0.22971238940954208,0.2746879756450653,0.2721540033817291,0.4972536563873291,0.4955478757619858,-180.1645965576172,-181.26429748535156,-1.0522480010986328,-1.3015985488891602,2.2007932662963867,1.815146803855896,0.6345300078392029,0.6428769826889038,0.49274557529331986,0.5208011509039021,0.8866534233093262,0.8844115734100342,0.8076663974953094,0.8017242150967454,0.33619073033332825,0.32870736718177795,-0.6073343366944195,-0.6307129310996085,0.890963077545166,0.8873068690299988,0.8166051879281462,0.8076934753347892,0.7273370027542114,0.7304084300994873,0.8349570053519678,0.8416268747688201,0.8122074007987976,0.812165379524231,0.6532555428504534,0.6527735070796491,0.2678070068359375,0.26450151205062866,-0.8594887333776461,-0.8660442383975888,0.8021863698959351,0.80317223072052,0.6324706050666425,0.6342322413109195
14,0.5833333333333334,15,0.6,16.666666666666607,0.043159839854720175,0.09303986913170363,0.5794743039186806,0.6132270081578008,0.05362804008273569,0.0534484970331368,0.0523506588990381,0.05048592188711648,0.1584633304504153,0.14809616516799004,0.13795002580646737,0.12537790641469282,0.08562955538997952,0.08518503705659129,0.496567040681839,0.49627891182899475,0.49584129452705383,0.49537593126296997,0.5014268010854721,0.5003602355718613,0.22893183678388596,0.22913230955600739,0.2722223997116089,0.2707567811012268,0.49714988470077515,0.49479997158050537,-181.0441131591797,-181.45875549316406,-0.7434438467025757,0.10665106773376465,2.147902011871338,1.9468088150024414,0.6355313062667847,0.6420980095863342,0.49482334862881155,0.5207506723937881,0.8861465454101562,0.8835752010345459,0.8073748482464195,0.8034620058076897,0.33583709597587585,0.3280584216117859,-0.610998506500629,-0.6330442685322306,0.8905960321426392,0.8874228596687317,0.816609898410762,0.8114137663358167,0.727063775062561,0.729526162147522,0.8325629544425897,0.8419654618100257,0.8129429817199707,0.8101414442062378,0.6554385410871757,0.651700193106499,0.2676089406013489,0.2644709348678589,-0.8627490667636474,-0.866667427270069,0.8029253482818604,0.8032398819923401,0.6346466266729666,0.6374370852758589
15,0.625,16,0.64,15.000000000000014,0.06838456250667463,0.09984938118686765,0.6362037394106379,0.6571247580070639,0.05418310323344992,0.054454605343711486,0.05212978123011433,0.05400477401265608,0.15112088080296973,0.144971749000147,0.1280563920580172,0.12003874330486357,0.08578222217760278,0.08506219513235219,0.49776411056518555,0.4974413812160492,0.4963914453983307,0.49590033292770386,0.5016010403633118,0.5012663155794144,0.22770529240369797,0.22716886550188065,0.26747527718544006,0.26776570081710815,0.49546003341674805,0.4948095977306366,-184.27320861816406,-182.729248046875,0.5262352824211121,0.9076154232025146,2.384500741958618,2.589571475982666,0.6360970735549927,0.6419093608856201,0.4972405020502523,0.5161371649050037,0.884057879447937,0.8842338919639587,0.8081275945641243,0.8038822487622904,0.33494335412979126,0.32777079939842224,-0.616144205942387,-0.6367004045626725,0.8900266885757446,0.8878351449966431,0.82054032256077,0.8113162569357553,0.7276127934455872,0.7308749556541443,0.8355800160419864,0.8426264680763095,0.8128025531768799,0.8100762963294983,0.6599451071740897,0.6507999279512596,0.2679898142814636,0.26456013321876526,-0.8636757574549653,-0.8686732970913669,0.8003371357917786,0.803408682346344,0.6340220407712687,0.6370360806463312
16,0.6666666666666666,17,0.68,13.33333333333342,0.08848941496932511,0.09684188914528383,0.6643648835743552,0.6556539578711826,0.05831718181197132,0.05072954688754713,0.056133576126217,0.0486772846562836,0.15048572217553288,0.15410027333317536,0.12575536005686538,0.12620676195525432,0.0857775073523189,0.0853512292937583,0.498108372092247,0.4982564300298691,0.4964693486690521,0.49731677770614624,0.5017492026090622,0.5014102160930634,0.2273464873433113,0.22703203558921814,0.2673136591911316,0.2676590383052826,0.49551068246364594,0.49534082412719727,-184.8142547607422,-183.20045471191406,1.0949420928955078,-0.004413363989442587,2.5989773273468018,2.775888681411743,0.635890781879425,0.6421287655830383,0.49697930596072093,0.5153940882314876,0.8832077383995056,0.884224534034729,0.8079601108165196,0.8011804824243096,0.334025114774704,0.32917535305023193,-0.6213986835268371,-0.6308253639720702,0.8895882964134216,0.8892941474914551,0.821257184604069,0.811624929572611,0.7277817130088806,0.7308842539787292,0.8374247623598694,0.8404688859964858,0.8124446868896484,0.8096161484718323,0.6604900125419584,0.6474718522726541,0.26812776923179626,0.263735294342041,-0.8655408595076425,-0.8705053458505495,0.7997804880142212,0.8045175671577454,0.6340978401740427,0.6369677253760273
17,0.7083333333333334,18,0.72,11.666666666666604,0.10704842930125859,0.12347387383759939,0.6593071874114698,0.6584213850327806,0.05518343935676129,0.04806705163109991,0.053336492014207475,0.04637463598404876,0.15761631079116975,0.15453658169893006,0.1304949189738123,0.1269001261836512,0.08564493247049135,0.08546573640801833,0.498495414853096,0.49852895736694336,0.49777844548225403,0.49697721004486084,0.5017060786485672,0.5008533596992493,0.22823664546012878,0.2279885858297348,0.2689933478832245,0.2680485248565674,0.4953320026397705,0.4961429536342621,-184.15484619140622,-182.71156311035156,-0.7089172601699829,0.9485358595848085,2.910348892211914,2.85786509513855,0.636201798915863,0.6427878141403198,0.4980349351771378,0.5204024858340757,0.88255774974823,0.8835266828536987,0.8065626295074995,0.7989423304854264,0.33328598737716675,0.3300573229789734,-0.6236561956929102,-0.6262234383459208,0.8888528347015381,0.8901914358139038,0.8196748264903388,0.8126877535904831,0.7280569672584534,0.7314956188201904,0.838172767966684,0.8456495320856604,0.8117051124572754,0.810827910900116,0.6589818194305112,0.6490079839782635,0.2683151364326477,0.2627140283584595,-0.8642419442524142,-0.8731375372712278,0.7986103296279907,0.8047358393669128,0.6317063540192217,0.6364436621931734
18,0.75,19,0.76,10.000000000000009,0.10884366139398789,0.13108890336365175,0.6589750972078864,0.6709238149199264,0.05554068184183105,0.051992419262939626,0.055257932772500934,0.050657166594443845,0.16095722859475445,0.15466717605212896,0.13444838751465762,0.12938731778220436,0.08515797808918153,0.08522367723318068,0.49914826452732086,0.4990639388561249,0.4979676604270935,0.4978630542755127,0.5015119016170502,0.5009196400642395,0.23106026649475098,0.23045115172863007,0.2739955186843872,0.2721141576766968,0.49609725177288055,0.49597403407096863,-180.8735809326172,-181.7922821044922,-0.25825977325439453,0.20832586288452148,3.031336545944214,2.7032394409179688,0.6363211274147034,0.6417742371559143,0.498912794275901,0.5205415929676792,0.8828184604644775,0.8839877843856812,0.805054985680798,0.8065922672533308,0.3315994143486023,0.33278846740722656,-0.6288257595419372,-0.6213447785835756,0.8878616690635681,0.8906204104423523,0.8155536605278866,0.8203799871074718,0.7291330099105835,0.7325538396835327,0.842398452353408,0.856026269253706,0.8116388320922852,0.8111211061477661,0.6568771422834415,0.6551190291027026,0.2689928412437439,0.2645986080169678,-0.8605251862166888,-0.8733469053451546,0.7988002896308899,0.8020766973495483,0.6301505692765201,0.636317761898632
19,0.7916666666666666,20,0.8,8.333333333333414,0.20477954483727387,0.15819785768810316,0.6832221382918993,0.6871848170808226,0.059350180050973526,0.05185342846382872,0.059034061491347316,0.051456965704413084,0.14595995834294612,0.15095830448963515,0.12241631635867815,0.12565914448329873,0.08538179060660266,0.08537632836581638,0.49943025410175323,0.49912524223327637,0.49863889813423157,0.4983912706375122,0.50233393907547,0.5008689612150192,0.2343495562672615,0.23475082218647003,0.27984505891799927,0.27822771668434143,0.4971022754907608,0.4963400363922119,-179.8411102294922,-180.58457946777344,-0.735871434211731,-0.9980672597885133,2.6534018516540527,2.6993794441223145,0.63426274061203,0.6424849033355713,0.48957647805508503,0.5263149575716584,0.8843847513198853,0.8848459124565125,0.8084092967594908,0.812182607911975,0.3325861692428589,0.3338024914264679,-0.6299194288468167,-0.6209017194092256,0.8875926733016968,0.8911371231079102,0.8151054787848293,0.8253345631038449,0.7321134805679321,0.733271062374115,0.8526921895960483,0.8637212744522108,0.8145759701728821,0.810448169708252,0.6626911938325055,0.6566520060581031,0.26868733763694763,0.2655595541000366,-0.8670425177031023,-0.8745262628448159,0.796625018119812,0.8003885746002197,0.6252205685626224,0.6356221357453362
20,0.8333333333333334,21,0.84,6.666666666666599,0.18746796291729492,0.14543046477795502,0.6797434439718238,0.6788795232290398,0.06905219423402784,0.06364685175464392,0.06759687181609167,0.06357501352350423,0.12999288922776536,0.13668177468343248,0.10941641492587356,0.11371299259585416,0.08581965047359265,0.08577436998381768,0.49925877153873444,0.4992552101612091,0.4987507164478302,0.4984305500984192,0.5028766989707947,0.5017367005348206,0.24184547364711761,0.2420659288764,0.28908148407936096,0.28983399271965027,0.4968648999929428,0.4999181032180786,-178.71682739257812,-177.56887817382812,-1.274680733680725,-1.1067187786102295,2.1375668048858643,2.5561747550964355,0.636124849319458,0.6419422626495361,0.4972958843253256,0.5201593412238233,0.8855268955230713,0.8869640827178955,0.8159213150358464,0.8077114631502076,0.33265548944473267,0.33058255910873413,-0.635283166788354,-0.6349778433118107,0.8887628316879272,0.8912326097488403,0.8227145423679915,0.816619289083747,0.7317433953285217,0.7352670431137085,0.8541541917093739,0.8663920840188885,0.8116208910942078,0.8153851628303528,0.6607698337586683,0.658336150718869,0.26727646589279175,0.2647949755191803,-0.8792844474704081,-0.8790482327065685,0.7942999601364136,0.8023476600646973,0.624407861332082,0.6311286844424302
21,0.875,22,0.88,5.000000000000004,0.1264588457739878,0.12008668687454478,0.6705165741698028,0.6782198933271215,0.06638598149588042,0.06415978525261452,0.06638246272827382,0.06509091478318602,0.13649418003569003,0.1398622143904937,0.11781507682648155,0.11485443855144462,0.08626101447847798,0.08632887971227046,0.4994345009326935,0.49949170649051666,0.49882569909095764,0.4982852041721344,0.5017700791358948,0.5012879818677902,0.24233178794384003,0.2427823692560196,0.2887062132358551,0.28888821601867676,0.49815016984939575,0.49996350705623627,-179.35739135742188,-179.23101806640625,-0.6893659234046936,-0.19461782276630402,1.9772406816482544,2.7190966606140137,0.6369731426239014,0.6421112418174744,0.5041793006392983,0.5231756945770086,0.884992778301239,0.8840920329093933,0.8114379386068333,0.8027350983809669,0.3328985273838043,0.3309263586997986,-0.6297308556754312,-0.6329143393074855,0.8896796703338623,0.8905102610588074,0.821269125571074,0.8161476326193663,0.7325198650360107,0.7347589135169983,0.8604780296868668,0.8673731660008323,0.8106452226638794,0.8144203424453735,0.6554871049376254,0.6571382277117391,0.2662239968776703,0.2647058963775635,-0.8783636698573241,-0.8789314843659407,0.797711193561554,0.7995429635047913,0.6283567897050978,0.6260481278005324
22,0.9166666666666666,23,0.92,3.3333333333334103,0.08920155385367746,0.10090555112986517,0.6294611598975873,0.6629533538037702,0.06977147993148776,0.06695576747791883,0.06920433535080092,0.06855189848222339,0.13181111228809703,0.1287481549220872,0.11401193579470895,0.10915912101905775,0.08610731948123938,0.0861140753155823,0.49923989176750183,0.49960026144981384,0.49801868200302124,0.497907429933548,0.5021837651729584,0.500879168510437,0.23964212834835052,0.2400844618678093,0.2859852910041809,0.2861698269844055,0.49837028980255127,0.49923543632030487,-178.80801391601562,-179.29246520996097,0.09470713883638382,0.9714629650115968,1.9168307781219485,2.330136775970459,0.6376081109046936,0.6422048211097717,0.5018424068081243,0.5219715013933004,0.8851902484893799,0.8841122984886169,0.806309937376506,0.7995950969990147,0.33306020498275757,0.33089393377304077,-0.6267216875607906,-0.6278226674255526,0.8889420032501221,0.890899658203125,0.814130312406935,0.813696073396281,0.732923150062561,0.7348020076751709,0.8550516351602289,0.8639695152525654,0.8149948716163635,0.8146185874938965,0.6599906261322145,0.6552194900306102,0.26589226722717285,0.2633909583091736,-0.8756261172736962,-0.8771378398895483,0.7981462478637695,0.8016647100448608,0.6248703784362236,0.628307358090485
23,0.9583333333333334,24,0.96,1.6666666666665941,0.07749585368270537,0.09512251133075476,0.604093681076593,0.6293084518826204,0.07170252935993195,0.06977220852115491,0.07044411919524181,0.06990425556583123,0.129337127765178,0.1271676243877982,0.11344380220797656,0.1058635463664311,0.08638568023770433,0.08644219102866321,0.498945027589798,0.4991893768310547,0.49848875403404236,0.498087614774704,0.5017220079898834,0.5002351254224777,0.2368415668606758,0.23697885870933533,0.28333961963653564,0.2831101715564728,0.49645425379276276,0.4978867620229721,-178.974365234375,-179.42034912109375,-0.9738680124282837,-0.24458307027816775,1.5186195373535156,2.3139374256134033,0.6381758451461792,0.6412428617477417,0.5037517308261342,0.5207996944189642,0.8855487704277039,0.8837618827819824,0.8079945582016268,0.8016726829638612,0.33519044518470764,0.3303501307964325,-0.6147907948106961,-0.6274553126895329,0.8895667791366577,0.8900110721588135,0.8163383642252091,0.8146556511433571,0.7319126129150391,0.7350496053695679,0.849803259970926,0.8672666662735578,0.8133609890937805,0.8144466876983643,0.6580892472995374,0.6576672899663908,0.26582738757133484,0.2625719904899597,-0.8708609871652484,-0.8777879233661027,0.8001869916915894,0.8036686182022095,0.6307320943311757,0.6352753724124484
24,1.0,25,1.0,0.0,0.07335800499376732,0.06142228316172575,0.5476872115165566,0.5298222660468108,0.07670747741266423,0.06646663864684045,0.0760340613102038,0.06748050520816341,0.13265300450820536,0.14058516546517902,0.11321575335078346,0.11933066152821856,0.08647906179273841,0.08603649638458222,0.4989251494407654,0.4986892640590668,0.4992571771144867,0.49855491518974304,0.5018247067928314,0.4985746443271637,0.23876071721315384,0.23881696909666061,0.2883659601211548,0.28778722882270813,0.4960215240716934,0.4986831396818161,-176.33116149902344,-176.78015136718753,-3.6270701885223393,-4.029896259307861,1.651761770248413,2.2334206104278564,0.6394082307815552,0.6398500204086304,0.5082168752842897,0.5200243718363332,0.8848623037338257,0.8823306560516357,0.8079360461580098,0.7943504461658865,0.33472543954849243,0.3315531611442566,-0.6172444563069386,-0.6147939172731611,0.8870846629142761,0.8916687965393066,0.8125536793469882,0.8136852671831838,0.7310451865196228,0.735126256942749,0.8467126919024369,0.8707292606062925,0.812056303024292,0.8156055212020874,0.6566592371747817,0.6561946172431601,0.2637273967266083,0.26200538873672485,-0.879502628129863,-0.8707942031119861,0.7998455166816711,0.8062149286270142,0.6312875813348011,0.6367511930491118
25,1.0416666666666667,26,1.04,-1.6666666666667052,0.060317109506822036,0.060531385631240824,0.5243590899877127,0.5248936860113556,0.07862229695543765,0.07374574811507435,0.07699359818438233,0.07332588057937175,0.12254358947211894,0.12306829211870426,0.10428849074477811,0.10449340096317788,0.08612950091976251,0.08620437444117209,0.4986204653978348,0.4987359941005707,0.49810558557510376,0.4984566271305084,0.5014604330062866,0.49901843070983887,0.24124430865049362,0.24098078161478043,0.2922384440898895,0.29320910573005676,0.4973510503768921,0.4985225796699524,-175.7604217529297,-175.073974609375,-1.729893207550049,-3.7633407115936284,1.6017969846725464,1.8478349447250366,0.6401194930076599,0.6394506096839905,0.5124839675506662,0.5185252408574421,0.8842044472694397,0.8824664354324341,0.8042683404900823,0.797431737001754,0.3361668884754181,0.3330785632133484,-0.6109250380815594,-0.6127086426345866,0.8864429593086243,0.8923237919807434,0.808922207762242,0.817904962023036,0.7306507229804993,0.7352427840232849,0.8470874469285228,0.8722238064880679,0.8090353012084961,0.8148974180221558,0.6479916608897116,0.6570943462288887,0.2635577619075775,0.26161009073257446,-0.8792884127035053,-0.876595503733764,0.8003137111663818,0.8055374026298523,0.6298594722985011,0.6376540733331946
26,1.0833333333333333,27,1.08,-3.3333333333331883,0.06812965018722869,0.06064344574236686,0.5177847115711254,0.516183073277448,0.08054026334652169,0.07780012358625868,0.07852986963908895,0.07792887181034641,0.11906162451010534,0.12112947890778315,0.10011882724054486,0.10225665239375391,0.08542659171044889,0.08517394080530072,0.49850258231163025,0.4984610825777054,0.4984739422798157,0.4982139766216278,0.5009072422981262,0.4987952411174774,0.24322214722633362,0.24322833120822906,0.2950687110424042,0.29568934440612793,0.4980898052453995,0.4981336295604706,-175.20053100585938,-174.7052001953125,-3.210573434829712,-4.773712158203125,1.3882726430892944,1.8218785524368286,0.6404972076416016,0.638450026512146,0.5182364864869806,0.5171556186974932,0.8830032348632812,0.882678747177124,0.803821054527424,0.8010050501067515,0.33456820249557495,0.33411312103271484,-0.6175441002566411,-0.6098343387243609,0.8850314617156982,0.892900824546814,0.8080566340678655,0.8222975726758873,0.7306358814239502,0.7348050475120544,0.8528819567585579,0.8739678851658065,0.808042049407959,0.8129500150680542,0.647278376343551,0.6557605417300134,0.2636304199695587,0.2615470290184021,-0.880905059513291,-0.8785538251785199,0.8004881143569946,0.806291401386261,0.6315033693646421,0.6418906915057201
27,1.125,28,1.12,-4.999999999999893,0.0563750879310042,0.0587894778398408,0.5094552675117184,0.5081949193228275,0.08321335491775861,0.07217657292270613,0.08219288518483747,0.0724115245536216,0.11934947138079376,0.1306683612002653,0.10069105422301913,0.11086706991227861,0.08564327384395876,0.0851440002125413,0.49850012362003326,0.498349592089653,0.49840930104255676,0.49806687235832214,0.5009650886058807,0.49891355633735657,0.24320699274539948,0.24367184191942215,0.2965301275253296,0.2955102026462555,0.4979545772075653,0.498313307762146,-173.9088134765625,-175.03369140625,-2.976945400238037,-4.577942848205566,1.4198145866394045,1.883094668388367,0.639911949634552,0.638400673866272,0.5162918864755071,0.5166980557910986,0.8834145665168762,0.8822196125984192,0.8056536740520583,0.7999272636519379,0.33502620458602905,0.33393651247024536,-0.6165875129238887,-0.6111196455015165,0.885432243347168,0.892572283744812,0.8098708400263713,0.8214986309290504,0.7309974431991577,0.7350265383720398,0.8547428666190536,0.8746264237560809,0.8083652257919312,0.8134779334068298,0.6487923167978873,0.6566935041594528,0.26367005705833435,0.26161736249923706,-0.8817291630911144,-0.8790093606842734,0.8000763654708862,0.8063968420028687,0.631467689193035,0.6419389716105393
28,1.1666666666666667,29,1.16,-6.666666666666821,0.06720083148422303,0.06161167123297121,0.5295906867618677,0.5139881846904883,0.08000118338972889,0.0750989294783142,0.08025187515342774,0.07508541986899392,0.1243089823121454,0.1288306431234051,0.10584679277903129,0.11027596311270502,0.08524919102922911,0.08556238917583336,0.4981389492750168,0.49762050807476044,0.4986419081687927,0.4978106617927551,0.5011437833309174,0.49892009794712067,0.24216346442699432,0.24195169657468796,0.2935393452644348,0.2927183210849762,0.4975742697715759,0.4982677549123764,-173.98611450195312,-175.24378967285156,-4.393460750579834,-4.193037033081055,1.364645004272461,1.41454017162323,0.6402018070220947,0.6394281387329102,0.5167691922308031,0.5212167068271916,0.8836482167243958,0.8826185464859009,0.8070372566927536,0.8019872361798212,0.3344908356666565,0.3334673047065735,-0.6193177988679153,-0.6137496441194411,0.8862171769142151,0.8917146921157837,0.8124073330745148,0.8209672743468647,0.7320869565010071,0.7350113391876221,0.8582339507094376,0.8757840375677882,0.8113130927085876,0.8134181499481201,0.6558301096966838,0.6575935313179802,0.26357126235961914,0.26248839497566223,-0.8828700171320106,-0.877046985518793,0.8004702925682068,0.8054706454277039,0.6331646494934597,0.6410102503033605
29,1.2083333333333333,30,1.2,-8.333333333333304,0.06482415743355868,0.06041138204019361,0.543572514297006,0.5237067864385418,0.08062484400783597,0.07541681501119443,0.0808963144154651,0.07583070829124906,0.12213384024916744,0.12682717209800726,0.1027023540119069,0.10786734661442085,0.08569764982240897,0.08518187503326471,0.4981411397457123,0.4977230727672577,0.49832239747047424,0.49790143966674805,0.5016462951898575,0.49960292875766754,0.2407698854804039,0.24041811376810074,0.29356107115745544,0.2917349636554718,0.49638330936431885,0.49773916602134705,-172.79177856445312,-174.45457458496094,-3.7776415348052983,-4.258436679840088,1.5925012826919556,1.4862875938415527,0.6394326686859131,0.6400458216667175,0.5121590873684174,0.5205257734992048,0.8833491802215576,0.8826658129692078,0.8090843546839267,0.8024961820935234,0.3330802619457245,0.3321884870529175,-0.6265686769824224,-0.6204908625724209,0.8862206339836121,0.8901152014732361,0.8150881097668489,0.8180266886999519,0.7325430512428284,0.7345787286758423,0.8582552022809641,0.8708946210984858,0.8102745413780212,0.8127689957618713,0.6562968572193356,0.656775096286299,0.2638249397277832,0.26270943880081177,-0.8839942969662582,-0.8780021868146277,0.7998121976852417,0.8039078116416931,0.6344217534113389,0.638301274113541
30,1.25,31,1.24,-10.000000000000009,0.06538625710125834,0.06159637796086324,0.5513928726620467,0.5351345745535304,0.08026970401291453,0.07627180050921209,0.07993175044036961,0.07709436736183847,0.12035436417988908,0.12396639711540007,0.10148875830801445,0.10463826697058047,0.0852163148707114,0.08518971108360639,0.4980003237724304,0.4980468153953552,0.49793756008148193,0.49787160754203796,0.5018301606178284,0.5002458393573761,0.2398824319243431,0.23985915631055832,0.2924811840057373,0.2919180691242218,0.49638213217258453,0.4978112131357193,-172.97657775878906,-174.13015747070312,-3.012082815170288,-3.7924582958221436,1.527787208557129,1.726974368095398,0.638620913028717,0.6408073306083679,0.5081291504178922,0.5214139453918355,0.8834851980209351,0.8823193907737732,0.8088472432175161,0.8023140430302643,0.3341482877731323,0.3316868841648102,-0.6228787113702148,-0.6252707557089272,0.8863347172737122,0.8900395035743713,0.8148012797402,0.8184228159352923,0.732822597026825,0.7352696061134338,0.8580550102750903,0.871822491313117,0.8086382150650024,0.8133327960968018,0.652455364237226,0.6583667438332308,0.2643295228481293,0.26314103603363037,-0.8822306710553516,-0.8795421126518328,0.8000727891921997,0.8033238649368286,0.6345580089449933,0.6374821268279489
31,1.2916666666666667,32,1.28,-11.666666666666714,0.0812372962350201,0.06816717569372129,0.5714251573650374,0.5512861234625744,0.04857749962685241,0.04645934936846009,0.048413974649051776,0.046745169634895105,0.16391730937237253,0.16518039545657695,0.14731662416231203,0.1463129865626244,0.08464766876313183,0.08398780834712834,0.4983263462781906,0.49831244349479675,0.49802660942077637,0.49813079833984375,0.501584529876709,0.500058501958847,0.24216736108064651,0.24141399562358856,0.29104164242744446,0.2901243269443512,0.4966786503791809,0.4976651966571808,-176.27783203125,-176.1933135986328,-2.4514479637145996,-3.6477925777435307,1.5827761888504028,1.8010034561157227,0.6383037567138672,0.6408649682998657,0.5068725802249611,0.5222211595818239,0.884373128414154,0.8821041584014893,0.8085024618974838,0.8020137011760526,0.33424168825149536,0.3309052288532257,-0.6204065066706175,-0.6273534214994024,0.8876472115516663,0.889785647392273,0.8153302720085601,0.8180387663465777,0.7326914668083191,0.7345559000968933,0.8568053823909954,0.8697008479567048,0.8071874380111694,0.812995433807373,0.6475385476566401,0.6578395942026087,0.2654295563697815,0.26318711042404175,-0.8755204628020973,-0.8785054832601186,0.8002090454101562,0.8036388158798218,0.632985728574452,0.6383198875097251
32,1.3333333333333333,33,1.32,-13.333333333333197,0.12328772837147543,0.0740538542818683,0.5316295090526592,0.5290391657668468,0.04393698338685475,0.04311352856603994,0.04216085745011055,0.042584358437622795,0.16318237763815488,0.1643658335263515,0.1362297880310299,0.13848383397462893,0.08447960028103331,0.0839498688421272,0.49960289895534515,0.4992108941078186,0.4987756013870239,0.4984654188156128,0.5010426044464111,0.5009414106607437,0.23791735619306564,0.23762597888708115,0.2848554849624634,0.2838670611381531,0.495361864566803,0.49640972912311554,-177.82452392578125,-178.20156860351562,-2.8090062141418457,-3.0445022583007812,2.5818943977355957,2.6889307498931885,0.6383651494979858,0.6404008865356445,0.5128259692968464,0.519508113742259,0.8832051753997803,0.8829089403152466,0.8147174120456132,0.8098702482328454,0.3339574933052063,0.33084237575531006,-0.6239731723867953,-0.633645209253253,0.8885818719863892,0.8906806111335754,0.8260118915584568,0.8261550032661361,0.7335718870162964,0.7339991927146912,0.8683720118864363,0.8681762783649702,0.8026307821273804,0.8143061995506287,0.6454599842894209,0.6661201005388161,0.26636970043182373,0.2629200518131256,-0.8763772869472212,-0.8866663694922866,0.7979922294616699,0.8027760982513428,0.6357160760721348,0.641959932209881
33,1.375,34,1.36,-14.999999999999902,0.15903944856413227,0.07263550562324123,0.5056609460525464,0.5148233371736594,0.05215150723050982,0.050405043424919686,0.05084564793736276,0.050884529571208835,0.15138780750549527,0.158985586080896,0.12800839591347007,0.13379784411697848,0.08488163285359238,0.0843583237124919,0.4995357245206833,0.4992591291666031,0.4997232258319855,0.49853628873825073,0.5010275095701218,0.5008651614189148,0.23597587645053864,0.23598384857177734,0.2838951647281647,0.28359565138816833,0.4958360642194748,0.4968275874853134,-177.47422790527344,-177.63116455078125,-6.771387577056885,-3.734592914581299,1.8395918607711792,2.754033088684082,0.6385660767555237,0.6396669149398804,0.5125801281750766,0.5185359438996323,0.8836566209793091,0.883266031742096,0.8130001428182414,0.8120574692495517,0.333627313375473,0.33045631647109985,-0.6238687502562067,-0.6366137964569326,0.889447808265686,0.889499843120575,0.8251403865697539,0.8251571314778339,0.7334378361701965,0.7344931364059448,0.8661491640907675,0.8727879832797704,0.8041521310806274,0.8148375153541565,0.6463324391195242,0.668262542351524,0.2661513686180115,0.2631642818450928,-0.8753387860454483,-0.8880035505961179,0.7977595329284668,0.8035857081413269,0.6329314393011863,0.6446181192214516
34,1.4166666666666667,35,1.4,-16.666666666666828,0.17271293701453536,0.0748884021489682,0.5003563450805837,0.5005923147031547,0.059871347530467016,0.06278813295077464,0.058386594815199436,0.06173964202340956,0.15149352951453698,0.15130706387237722,0.12728978492975765,0.12795892854409405,0.08589394316452524,0.08569179059093654,0.4996289759874344,0.4995025545358658,0.4988943338394165,0.4987097680568695,0.5009031593799591,0.5011348873376846,0.23642586171627045,0.23561543971300125,0.2832338809967041,0.28378668427467346,0.4957676976919174,0.4974804073572159,-178.69300842285156,-177.79779052734375,-3.720196962356568,-3.051792621612549,2.436328887939453,2.386496067047119,0.6389051079750061,0.6394575238227844,0.5151178087009816,0.5165356518115779,0.8845654726028442,0.8836790323257446,0.8163335458801356,0.8112230723372441,0.334024041891098,0.32916757464408875,-0.6229071849634812,-0.6421743411610038,0.8896745443344116,0.8886868357658386,0.827060733410316,0.8217421302253066,0.7330393195152283,0.7347976565361023,0.8664911716574973,0.8725625382726443,0.8062149882316589,0.8152510523796082,0.6518261004792224,0.667487821777355,0.2660539150238037,0.26375943422317505,-0.8766182605349532,-0.8864267448501084,0.797523558139801,0.8022031784057617,0.6335772667576787,0.6400803279951194
35,1.4583333333333333,36,1.44,-18.333333333333314,0.15882178894530166,0.07962268231084431,0.4911792620549722,0.5062423884248941,0.0696794571256686,0.07226534616357305,0.06765376812926431,0.07044852519748472,0.13773333279923602,0.13945564253237716,0.1097994297304499,0.10988540268178712,0.08668131404428013,0.0849056944101892,0.49932314455509186,0.4992346167564392,0.49877694249153137,0.4988127648830414,0.5012212991714478,0.5000329166650772,0.2368951141834259,0.23664259910583496,0.2868879735469818,0.28742241859436035,0.4954598993062973,0.49909108877182007,-176.60494995117188,-175.9651794433594,-5.954349517822266,-6.684525012969972,2.4424386024475098,2.5715672969818115,0.6386170983314514,0.6383343935012817,0.514021270683298,0.5176247876600493,0.8841255903244019,0.8825228810310364,0.8179116020585406,0.8072329745293222,0.3346254229545593,0.3295294940471649,-0.6232637715792018,-0.6381479066375714,0.8911569714546204,0.8884865045547485,0.8327085042235771,0.8197880981607103,0.7317518591880798,0.7335105538368225,0.8624543990103047,0.8738432526467251,0.8063412308692932,0.8118440508842468,0.6542214911810622,0.6584339353065274,0.26625293493270874,0.26470887660980225,-0.8790569864200889,-0.880753836122662,0.7961244583129883,0.801515519618988,0.6327212224346607,0.6366894394559135
36,1.5,37,1.48,-20.000000000000018,0.06808065242280992,0.056923080037538945,0.5073575346389306,0.5121782244923333,0.07390561646601242,0.07632555969205132,0.0741137544640518,0.07631104593874871,0.1270047718394607,0.1279455071210562,0.0980419543511246,0.09274400166310792,0.08504922986656273,0.0850083884862821,0.4997217059135437,0.49971264600753784,0.49894678592681885,0.4982718229293823,0.5011346489191055,0.500187486410141,0.23956513404846191,0.23853298276662827,0.29234999418258667,0.2931622862815857,0.4955020546913147,0.4999111443758011,-173.14962768554688,-172.7498321533203,-3.617564678192139,-4.551855087280273,2.6991066932678223,3.5324831008911133,0.638544499874115,0.638374924659729,0.5156551112430215,0.5203663422194138,0.8823184370994568,0.8798190355300903,0.8165237926152291,0.8047138454838634,0.3342193365097046,0.32851317524909973,-0.6263796473865217,-0.6464663827876906,0.8902323842048645,0.8892995119094849,0.8332292022073328,0.8247952146312686,0.7311386466026306,0.7327029705047607,0.8631312543281234,0.8755733046383056,0.8055159449577332,0.8084729313850403,0.6544027837389993,0.6535898515799342,0.26643502712249756,0.26623842120170593,-0.8807524260094751,-0.8809716778183883,0.7955043911933899,0.8011992573738098,0.6332695737163496,0.6381828902594172
37,1.5416666666666667,39,1.56,18.333333333333314,0.026923238954118904,0.040789263933162755,0.5426774559849975,0.5317211193803941,0.08174805101546478,0.07893289458416544,0.08100126044318558,0.07905442201999605,0.12489306477690408,0.126518601718168,0.0934483229271317,0.09643038131538122,0.08467031206777705,0.084206197692997,0.4999085068702698,0.4996751844882965,0.4988868534564972,0.49896329641342163,0.5021228790283203,0.5006723254919052,0.23930572718381882,0.23907117545604706,0.2950870394706726,0.29492276906967163,0.49506816267967224,0.5007998794317245,-171.8787841796875,-172.0275115966797,-2.814822196960449,-5.4668402671813965,2.98309588432312,2.684603691101074,0.6384251117706299,0.6380720138549805,0.5096070330389313,0.5163599037868756,0.8834171295166016,0.8796045184135437,0.8167273965024303,0.8007640716932826,0.33337467908859253,0.32913875579833984,-0.6309160735798516,-0.6446379798849079,0.889728307723999,0.8893296122550964,0.830000283998884,0.8213221772199015,0.7310670614242554,0.7327562570571899,0.8559769211036583,0.8721914729301211,0.8067114353179932,0.8098450303077698,0.655409491037145,0.6532978424386305,0.2667329013347626,0.26615065336227417,-0.8800764721609621,-0.8813527126553308,0.7943977117538452,0.8013968467712402,0.6295127943889981,0.6354390277596259
38,1.5833333333333333,40,1.6,16.666666666666828,0.02166293687223517,0.027922124176931202,0.5564112740411596,0.5351567426790479,0.08367608104815161,0.08074906400845458,0.08314443412813548,0.07998387418300791,0.12548732220614342,0.12295803174136026,0.0920466077692393,0.09078167063828955,0.08409821923285432,0.08482804485961787,0.4999273866415024,0.499734491109848,0.49846529960632324,0.4983379542827606,0.5022493004798889,0.5009140074253082,0.23965885490179062,0.23948435485363007,0.2977384626865387,0.29642146825790405,0.49449826776981354,0.5001407116651535,-170.01133728027344,-171.4117889404297,-2.594226360321045,-2.7473390102386475,3.278836965560913,3.1372861862182617,0.6386350393295288,0.6374154686927795,0.5093412407660812,0.5125982107550936,0.8836864233016968,0.8801854252815247,0.8175644945168689,0.8027808574264182,0.3334229588508606,0.32792508602142334,-0.6304927409905265,-0.6496180390210674,0.8889806270599365,0.8877896070480347,0.8286859866742015,0.8188434188562486,0.731751561164856,0.7324075698852539,0.8570908307706132,0.869318063092182,0.8062463402748108,0.810789942741394,0.6548867217344603,0.6561945138223316,0.2670559287071228,0.2671300172805786,-0.8783446481216554,-0.8779192100849135,0.7936872243881226,0.8017867803573608,0.6285038858605204,0.6371768399559371
39,1.625,41,1.64,14.999999999999902,0.03498302104941621,0.03436726099633653,0.5623450551980438,0.5442343741490174,0.0794553598685665,0.08111674990214768,0.07975269081924279,0.08052030881932888,0.1260981099627132,0.12223810916457013,0.09343424440443451,0.09317777627777621,0.08457766184759799,0.08406814131194132,0.49970097839832306,0.49960626661777496,0.4981363117694855,0.498704731464386,0.5024290978908539,0.5012878626585007,0.24049195647239685,0.24024128913879395,0.2980649471282959,0.29788723587989807,0.49345114827156067,0.49914225935935974,-170.76303100585938,-170.22669982910156,-1.8398823738098142,-3.2056796550750732,3.285109519958496,2.5703577995300293,0.6381951570510864,0.6370149254798889,0.5088497197787654,0.5092453423945995,0.8833001852035522,0.8807818293571472,0.8218968578344548,0.8054462044516196,0.33461806178092957,0.3279193937778473,-0.6289539464317836,-0.6504751776124288,0.8888404965400696,0.8875589966773987,0.833577185467796,0.8197493431305091,0.7320988178253174,0.7313622236251831,0.8607996236555056,0.8632345995793096,0.8067582249641418,0.8108240365982056,0.6605277363192575,0.6578010358706226,0.2682999074459076,0.2677994966506958,-0.8775136708456261,-0.8760438811622403,0.7923365831375122,0.8007588386535645,0.6301233977696445,0.6365585439518406
40,1.6666666666666667,42,1.68,13.333333333333197,0.06682897408924372,0.04033556561900254,0.5919327356520353,0.5552258164429063,0.07980071059714754,0.07666295760636065,0.07995827517585657,0.0762292022658496,0.12351385977347534,0.1253287452485231,0.0916708134133632,0.09674739182925542,0.08481126998115683,0.08459045458573775,0.4994591474533081,0.49946582317352295,0.49780651926994324,0.4981316030025482,0.5026959478855133,0.5010771751403809,0.2425757795572281,0.24253444373607635,0.30178603529930115,0.299995481967926,0.4931872934103012,0.5003493130207062,-168.4856414794922,-170.34075927734375,-2.0243101119995117,-1.7531150579452515,3.1223337650299072,2.714390516281128,0.6374508738517761,0.637013852596283,0.5067305006339315,0.5095728153675907,0.8826645612716675,0.8815365433692932,0.8238289275993854,0.8037675537959786,0.3359399437904358,0.32723337411880493,-0.6270668981701496,-0.6516716222485652,0.8904569149017334,0.8870000243186951,0.8403114462577462,0.8152877946862516,0.7318820357322693,0.7309076189994812,0.8618280942248785,0.8615433930438459,0.8080220818519592,0.8100405335426331,0.6659438882199225,0.6530117877332058,0.26805561780929565,0.26780325174331665,-0.8823381488718292,-0.8744516352906093,0.7924132943153381,0.8011301159858704,0.6329279158936548,0.6342233710374249
41,1.7083333333333333,43,1.72,11.666666666666714,0.17738292975539063,0.08538301660205304,0.6610472802026834,0.5974036541431381,0.07991534907565795,0.08165603913743641,0.0801839704641358,0.08116781387381079,0.11731575465981724,0.11620147385606878,0.08853349356898153,0.08941235352698122,0.08463892278239037,0.08540466725650504,0.49946822226047516,0.4992648661136627,0.49811211228370667,0.4980677366256714,0.501759871840477,0.5005887150764465,0.24931734055280685,0.24907207489013672,0.3124587833881378,0.3108045756816864,0.4955340623855591,0.5015602707862854,-165.6832275390625,-167.87916564941406,-2.129585027694702,-2.9117813110351562,2.7605020999908447,2.376119375228882,0.6374632120132446,0.637827455997467,0.5055606975929824,0.5147881022429127,0.8839954137802124,0.8810921907424927,0.8140538047648034,0.8007973183870007,0.3319799602031708,0.3276471495628357,-0.6325124382005171,-0.6487108502467605,0.8892710208892822,0.8871920108795166,0.825109288210361,0.8136676972709045,0.7304384112358093,0.731873631477356,0.8519383661010933,0.8675591337576776,0.8115540742874146,0.8122941851615906,0.6622468159236927,0.6556362516026383,0.26612603664398193,0.269019216299057,-0.8778502131692983,-0.8686266138331782,0.7960596084594727,0.8001163005828857,0.6297768448062315,0.6299413974902925
42,1.75,44,1.76,10.000000000000009,0.16300137495329406,0.08236887508425023,0.6530973630165345,0.6061919166331494,0.0857816564283234,0.08471741078760195,0.08731465186133497,0.0860190030262367,0.11513824665421038,0.11679697390553744,0.09156214537477103,0.09399443794429457,0.08459051731537798,0.08394865754245114,0.49906595051288605,0.49849042296409607,0.49810540676116943,0.4970434308052063,0.5016656517982483,0.5014214068651199,0.25197117030620575,0.2515859976410866,0.31593257188796997,0.3147190809249878,0.4977708011865616,0.5020781755447388,-165.98019409179688,-166.81802368164062,-3.2055699825286865,-2.165757417678833,2.264775276184082,2.204848527908325,0.6379940509796143,0.6380199790000916,0.5093494765713013,0.512735998416594,0.8824374079704285,0.881550133228302,0.8084190564691492,0.8012164633552905,0.33206212520599365,0.32678526639938354,-0.6336718395664954,-0.6555137029751977,0.8895953893661499,0.8855615258216858,0.823462339312269,0.8096861110373483,0.7289894223213196,0.732277512550354,0.8493259234570939,0.86654079899259,0.8119851350784302,0.8114018440246582,0.6603558792319901,0.653105481639389,0.2673432528972626,0.26838693022727966,-0.8754741634600104,-0.8747175257903095,0.7967447638511658,0.7988575100898743,0.6283265678477886,0.6266193957327288
43,1.7916666666666667,45,1.8,8.333333333333304,0.12473646167184295,0.10747462595503,0.6107998885203304,0.6141387059414732,0.08747764238614204,0.08345394702148379,0.08731637678670535,0.08441483752157487,0.11402104623310358,0.11433998602535739,0.09404720471881858,0.09205765532886417,0.0857798540141693,0.08473977588228669,0.4986814558506012,0.49865759909152985,0.49843505024909973,0.4977032542228699,0.5015207678079605,0.5006515234708786,0.2531207799911499,0.2528222128748894,0.3188074827194214,0.31612807512283325,0.49828189611434937,0.5016615837812424,-163.7205352783203,-166.70135498046875,-4.306982040405273,-3.7756943702697754,1.2679623365402222,1.9349969625473022,0.6382458209991455,0.6371315717697144,0.5118049883158315,0.512326972169453,0.8824146389961243,0.8817550539970398,0.808835617788543,0.8025849073173227,0.33377665281295776,0.32762324810028076,-0.6279191180494051,-0.6495238939703463,0.8910975456237793,0.8867092132568359,0.8271184751510591,0.8130458432763153,0.7295137643814087,0.7320967316627502,0.8534496803903108,0.868812872020956,0.812239408493042,0.8117184042930603,0.6610736085112366,0.6546992886047179,0.2674330472946167,0.2684653103351593,-0.8762641539782984,-0.8715945007203598,0.7974610328674316,0.798861563205719,0.6299560409501433,0.6275514751823539
44,1.8333333333333333,46,1.84,6.666666666666821,0.06086575576398315,0.09639235194377917,0.5709700453732001,0.5966556906551194,0.08812924781445546,0.08475761742072314,0.08866296003683577,0.08445051979680107,0.11253614712459449,0.11200307754220407,0.09062697452508432,0.09011172279693395,0.08548448580876454,0.085553680622077,0.4985119104385376,0.49839745461940765,0.4975687563419342,0.49782246351242065,0.5011992454528809,0.5005141794681549,0.25246746838092804,0.2524098679423332,0.31782788038253784,0.31549641489982605,0.49760203063488007,0.5013921111822128,-164.31288146972656,-167.35382080078125,-2.526721239089966,-4.073611259460449,1.8043801784515379,1.563125729560852,0.6388899087905884,0.6372021436691284,0.5162020537228366,0.5123821112144575,0.8822956085205078,0.8814865350723267,0.8112462436194293,0.8014523538196293,0.33312463760375977,0.32741057872772217,-0.6301114080450272,-0.6488880635883797,0.891153872013092,0.886816143989563,0.8299266516024464,0.8126901603834321,0.7298069596290588,0.7322791814804077,0.8570499167775384,0.8687834494488383,0.8121542930603027,0.8102072477340698,0.6633314304781137,0.6511556143116928,0.26686128973960876,0.2687827944755554,-0.8785325821818079,-0.8686574342608633,0.7959805130958557,0.7994933128356934,0.6292239771813868,0.6285646269062671
45,1.875,47,1.88,4.999999999999893,0.051529037056218176,0.06303695726744298,0.5891543283194246,0.5747969080362163,0.08779053781676445,0.08240790662816747,0.08901271328564382,0.08337722290490916,0.10985356678163322,0.11237379113178439,0.09115015254789417,0.089824373391935,0.08492679050867508,0.08588531623462695,0.4979836642742157,0.4981391131877899,0.49729254841804504,0.4968388080596924,0.5023403912782669,0.500830352306366,0.2516089826822281,0.25128960609436035,0.31511741876602173,0.3143172562122345,0.49554021656513214,0.49982960522174835,-164.59580993652344,-167.04714965820312,-2.655425071716309,-2.2532522678375244,1.4917486906051636,2.0808253288269043,0.6389998197555542,0.6379095315933228,0.5102376791810638,0.5120830898122285,0.8828572630882263,0.8820958137512207,0.8134335196192087,0.8032622823882574,0.3333601653575897,0.32621461153030396,-0.6309120363077465,-0.6523074367061458,0.8905110359191895,0.8866890668869019,0.8295077808172244,0.8129141608829525,0.7311445474624634,0.7322195768356323,0.8542733051002691,0.8643946488631822,0.8126691579818726,0.8106039762496948,0.6660262265899306,0.6530353063117712,0.2671487033367157,0.26779693365097046,-0.8781220758428578,-0.8705368216770184,0.79461270570755,0.8020632266998291,0.6281045196648453,0.6350884885610658
46,1.9166666666666667,48,1.92,3.3333333333331883,0.0682580333324802,0.03910101345845218,0.597934193662328,0.5599607566407147,0.08763893634788159,0.0846612156838765,0.08882351511395915,0.08621066091847623,0.11092702199121417,0.11190989813649962,0.09088717593303275,0.09046493018684083,0.0848410710434203,0.08520630638300723,0.4982590824365616,0.49803051352500916,0.4970790147781372,0.49673643708229065,0.5021325498819351,0.5010889172554016,0.25169122964143753,0.251192644238472,0.31518447399139404,0.3144722580909729,0.49604666233062744,0.5004606693983078,-164.66908264160156,-167.282470703125,-1.9922709465026858,-2.250140905380249,1.8848208189010618,2.1517181396484375,0.6395385265350342,0.6379872560501099,0.5133521181038477,0.5112173474669539,0.883022665977478,0.8824365735054016,0.8132354409249296,0.8023537721122141,0.3325952887535095,0.32664602994918823,-0.6333953894707788,-0.6514193738091314,0.890977680683136,0.8875343203544617,0.8299530147040621,0.8130617680083891,0.7313272356987,0.7324007749557495,0.8562769996477333,0.8637842896585702,0.8142439126968384,0.811029314994812,0.6686959366059694,0.6523603232948244,0.2673463225364685,0.26748132705688477,-0.8771671367228584,-0.872357207990089,0.7947767972946167,0.8014086484909058,0.6277855234835327,0.6321517761675203
47,1.9583333333333333,49,1.96,1.6666666666667052,0.06992406558201228,0.03729781234950482,0.6072342345907329,0.5599141897163845,0.08741882872450425,0.08336907712144621,0.08919773466476595,0.0846576332773959,0.11010531958140027,0.11174547245503585,0.09119408805738276,0.09116872013020073,0.08437824011366303,0.08511948139701819,0.49803657829761505,0.4979982227087021,0.4968460202217102,0.4968472719192505,0.5019795149564743,0.5009016692638397,0.2518165856599808,0.25150399655103683,0.31519198417663574,0.3143707811832428,0.49620768427848816,0.5004369169473648,-165.0273895263672,-167.3600311279297,-2.3089122772216797,-1.9684852361679077,1.8320649862289429,1.9600987434387207,0.6400893926620483,0.6379088163375854,0.5156948231130436,0.5114016651360165,0.8829651474952698,0.8828258514404297,0.8123239554133109,0.8028728236330299,0.3323627710342407,0.32778093218803406,-0.6333397596691696,-0.6462015675903895,0.8910203576087952,0.8881064653396606,0.8292426726028396,0.8139601250932877,0.7310281991958618,0.732155978679657,0.8552554144962442,0.8631946685341284,0.8140045404434204,0.8105022311210632,0.6674829157029474,0.6510204450118958,0.26774856448173523,0.2676452398300171,-0.8746057166901361,-0.8706679101341377,0.795628547668457,0.8010989427566528,0.6288869982216142,0.6312770790314487
48,2.0,50,2.0,0.0,0.0713731241503344,0.053631519718238936,0.6020477415115179,0.5713516839257056,0.08737395358205258,0.08150762110169112,0.08851182938523593,0.0828304138245171,0.1117396932718405,0.11243012557253214,0.09244582057117239,0.09250917207477781,0.08481183068570396,0.08487869635250599,0.4977092295885086,0.4976465553045273,0.4966188073158264,0.49646660685539246,0.5016116201877594,0.5007782280445099,0.25214220583438873,0.251589760184288,0.3150039613246918,0.3139496445655823,0.49656544625759125,0.4999002665281296,-165.3223419189453,-167.6837615966797,-2.4557759761810303,-2.1268138885498047,1.7562179565429688,1.9387098550796507,0.6398714780807495,0.6383567452430725,0.5157287922785994,0.513405141208789,0.8828650712966919,0.8825427293777466,0.810535582704881,0.8032029205249667,0.332966148853302,0.3280480206012726,-0.6290714208739584,-0.644581569486091,0.8919167518615723,0.8882224559783936,0.8295278589214866,0.8151252068270384,0.7304719686508179,0.7321944832801819,0.8536814149242429,0.8635817394790225,0.8146979808807373,0.8094719648361206,0.6675070919420449,0.6498204363967158,0.26773929595947266,0.2676897346973419,-0.8723767922211831,-0.8698220716271602,0.7960548996925354,0.8007267713546753,0.6283900964938507,0.6314634435722856
49,2.0416666666666665,51,2.04,-1.666666666666483,0.05721478243037652,0.07137547004742079,0.5909095345816735,0.5812896009885877,0.08740920564125441,0.08516543067616948,0.08855119289130746,0.08524998492002318,0.10982865023101841,0.10952272057413817,0.09073443866941139,0.09036320215748483,0.08567146024783431,0.08499139713425201,0.49745774269104004,0.49740229547023773,0.49647748470306396,0.4968743920326233,0.5018324255943298,0.5003106892108917,0.2515229284763336,0.2508305683732033,0.31399601697921753,0.3128320872783661,0.49639832973480225,0.5004013478755951,-165.72991943359375,-168.0531768798828,-2.2277913093566895,-3.9582507610321045,1.7488880157470703,1.413069486618042,0.6398913860321045,0.6382169723510742,0.5155661684180336,0.5154142737231805,0.8828458189964294,0.8822059631347656,0.8117696853551382,0.8026682577351066,0.3338312804698944,0.32793882489204407,-0.6273819997412354,-0.6442267693336362,0.8919748067855835,0.8889021277427673,0.8309459919715215,0.816745611870189,0.7297071814537048,0.7322124242782593,0.8509734854230264,0.8667151462083448,0.8139472007751465,0.8081531524658203,0.6670415885527551,0.6469869533598779,0.2681090533733368,0.2680789828300476,-0.8728145069586442,-0.8679483889657623,0.7962612509727478,0.8015398383140564,0.6298905698367809,0.6330837758290144
50,2.0833333333333335,52,2.08,-3.3333333333334103,0.048188132026779386,0.06920728627043286,0.5827316150698628,0.5817972607473146,0.08880347996644357,0.08693166213621735,0.08973156720710039,0.08706630655743684,0.10842056128121816,0.10926935498692512,0.08813196508160363,0.08975268677898784,0.08551785326257606,0.08505261781892597,0.49755750596523285,0.49727487564086914,0.496520459651947,0.4967440962791443,0.5021549612283707,0.500732347369194,0.25066548585891724,0.2504107728600502,0.3127055764198303,0.31195858120918274,0.4961751401424408,0.500205785036087,-166.87408447265625,-168.56639099121094,-2.1929779052734375,-3.986062526702881,1.8462976217269897,1.4703106880187988,0.6401914954185486,0.6389467120170593,0.5159417304411755,0.5184997776924555,0.883217453956604,0.8818719983100891,0.8137435955057675,0.8053814744379441,0.3332614004611969,0.32861411571502686,-0.6312766146571936,-0.6456873355882593,0.8909761905670166,0.8889802694320679,0.83005608124853,0.8203811513226621,0.7303445935249329,0.7320899963378906,0.8529086480367544,0.8679191187062415,0.8146227598190308,0.8088994026184082,0.6695255318784188,0.6513967237114295,0.26810121536254883,0.2684958577156067,-0.8748270547844854,-0.871216016976576,0.7961190938949585,0.8010666370391846,0.6306221895262393,0.6348682386851874
51,2.125,53,2.12,-4.999999999999893,0.05548086877302297,0.07340472321531798,0.5830990699598723,0.5809019488415028,0.08889154422716132,0.08700091095063632,0.08963087584279592,0.08689781039800065,0.10846281358598747,0.10671616417626839,0.08942084881713275,0.08847895129576687,0.08499799039987632,0.08545654297134588,0.4975259006023407,0.4972168058156967,0.49664047360420227,0.49683573842048645,0.5024463981389999,0.5007998198270798,0.25013160705566406,0.2496713548898697,0.3117646276950836,0.3115106225013733,0.4958210289478302,0.5003001540899277,-167.4769287109375,-168.43516540527344,-2.6210060119628906,-4.083584308624268,1.6753300428390503,1.2436163425445557,0.6403835415840149,0.6394591927528381,0.5142836896891143,0.5198539204027692,0.883170485496521,0.8807373046875,0.8123571381133672,0.8023013790411445,0.3341754674911499,0.3289881944656372,-0.6273799276950657,-0.6441464801859464,0.8915647268295288,0.889538049697876,0.8299617113240126,0.8208612117160641,0.7304300665855408,0.731905996799469,0.8500123989031619,0.866450277347781,0.8142474889755249,0.806204080581665,0.66781043162546,0.6451187579680814,0.2680855095386505,0.26851120591163635,-0.873789173082684,-0.8708834034142382,0.7952471375465393,0.801839292049408,0.6279625091641083,0.6359138844346942
52,2.1666666666666665,54,2.16,-6.6666666666663765,0.059523687832222755,0.08049246276633472,0.5789499054796537,0.5853057204059756,0.0889282375612775,0.08746426483545551,0.08948978664764877,0.08679641325906982,0.10614954478745971,0.10537497338369123,0.08879559832028983,0.08704816787071498,0.08535956754305632,0.08516318038938762,0.49738577008247375,0.4971700757741928,0.49676257371902466,0.49689990282058716,0.5020289421081543,0.5013273060321808,0.24978391826152802,0.24922920763492584,0.31051960587501526,0.3108464479446411,0.4956773519515991,0.5000369846820831,-168.38510131835938,-168.68751525878906,-2.8747692108154297,-4.318445682525635,1.4431887865066528,1.1035773754119873,0.6399255990982056,0.6383050680160522,0.5152051330517875,0.5109517885889364,0.8821174502372742,0.8802729249000549,0.8121404732520229,0.7978211564860618,0.33306974172592163,0.3305544853210449,-0.6312600262639583,-0.6370134605864471,0.8890817165374756,0.8898959159851074,0.8267765385930411,0.8180123721610727,0.730159342288971,0.7321135997772217,0.8523335934590119,0.8608745526498306,0.8101006746292114,0.8059765696525574,0.660790397305246,0.641930569098983,0.26750481128692627,0.2687995135784149,-0.8762216478701359,-0.867370657325224,0.7944467663764954,0.8016120195388794,0.6278922262484569,0.6327727540401545
53,2.2083333333333335,55,2.2,-8.333333333333304,0.06204618116907586,0.09512846777903422,0.5848906359675148,0.5876493668255225,0.09023718098697324,0.08734417987961417,0.09034385988174615,0.08694290651004945,0.10509944877302502,0.1014178755614675,0.08876242229806466,0.08522399176576627,0.08563000381214145,0.08556704013610526,0.49725939333438873,0.49737192690372467,0.4966227114200592,0.49677586555480957,0.5019336342811584,0.5009336173534393,0.24904923141002655,0.24800767749547958,0.30951064825057983,0.3088173568248749,0.49627192318439484,0.49984975159168243,-168.5318145751953,-169.57366943359375,-2.094970226287842,-3.0086209774017334,1.283490777015686,1.1275962591171265,0.6408361196517944,0.6380434036254883,0.5169260609342259,0.5086908945207115,0.8805566430091858,0.8818067908287048,0.8044407348506496,0.7971178877742493,0.3338974714279175,0.3308173716068268,-0.62534713850837,-0.6311481300805644,0.8885248899459839,0.8902698755264282,0.821121029670157,0.8147797594124301,0.7291669249534607,0.733330488204956,0.8456494464222657,0.8622154211713781,0.8064975738525391,0.8068615794181824,0.6494095068541504,0.6407124220242684,0.26748591661453247,0.26729491353034973,-0.8724979604580101,-0.8668227445603979,0.7946387529373169,0.801206111907959,0.6245848960399264,0.6289098530098833
54,2.25,56,2.24,-9.999999999999787,0.058937805657784226,0.1016068421388026,0.5817961480802816,0.5903840631068967,0.08827568640608176,0.08469460421124556,0.08831494765558785,0.08451950493886434,0.1071367506867398,0.1044299091630466,0.08964202187668988,0.0877838929279504,0.08574491672252414,0.08595395145446885,0.49729713797569275,0.4974828362464905,0.4967300295829773,0.49714216589927673,0.5019915401935577,0.5011004209518433,0.248647078871727,0.24783436954021454,0.30849403142929077,0.3078734576702118,0.49699389934539795,0.4992683678865433,-168.99322509765625,-169.85748291015625,-2.2898266315460205,-3.375899314880371,1.3679332733154297,1.1069105863571167,0.6406130194664001,0.6384401321411133,0.5168203403625267,0.5102424004934526,0.8796610236167908,0.8809335827827454,0.8025142414979104,0.7976006919832157,0.33310991525650024,0.3306651711463928,-0.6296387784836321,-0.6331984408325193,0.8870928883552551,0.8899190425872803,0.818100052024121,0.8163784288011584,0.7300117611885071,0.7333902716636658,0.8501243013876537,0.8629997107983289,0.8063229322433472,0.805570125579834,0.6487125192215989,0.6401067856243742,0.26743799448013306,0.26680976152420044,-0.8744823959803064,-0.870433084825754,0.7936328053474426,0.8008363246917725,0.6220992908713201,0.6302141291373128
55,2.2916666666666665,57,2.28,-11.666666666666714,0.05737406088061835,0.10383404155573067,0.5827948445099386,0.5887173458471032,0.08872602550689326,0.08576328911401497,0.08929153149611284,0.08587686684620743,0.10783223918632293,0.1062346180561645,0.09201904865956526,0.08930980987240171,0.08536950065923242,0.0857336029976357,0.49729759991168976,0.4974925369024277,0.49659109115600586,0.49702882766723633,0.5015060901641846,0.5014682412147522,0.2476661279797554,0.24710264056921005,0.3079057037830353,0.3069782555103302,0.49871131777763367,0.4969695806503296,-168.81886291503906,-170.1699981689453,-1.9310593605041506,-3.2503979206085205,1.3175556659698486,1.2278494834899902,0.6400690078735352,0.6395388841629028,0.5127409762882246,0.5111391499284627,0.8814601898193359,0.8807206153869629,0.7966864900228103,0.7991161088901764,0.3326403796672821,0.33058202266693115,-0.624874033350003,-0.6326227981412661,0.8863146305084229,0.8897243738174438,0.8067909412599421,0.8178653701326666,0.7308730483055115,0.7349255084991455,0.8487540533199088,0.8642615591293951,0.8093826174736023,0.8060296177864075,0.6466580188344454,0.6435809468478274,0.26615238189697266,0.26665011048316956,-0.870907542544052,-0.8692994916740149,0.7957903146743774,0.8009026050567627,0.6183658283162149,0.6329045496739254
56,2.3333333333333335,58,2.32,-13.333333333333641,0.05958929859769782,0.1023363472661878,0.5824831957486354,0.588515598963434,0.08641141787131952,0.08515829337392772,0.08660680803490237,0.08504598678915863,0.10847453674303413,0.1055102682665135,0.0929600543275311,0.08992910437752338,0.08511413749330872,0.08582201766174959,0.49727708101272583,0.497428297996521,0.4967877268791199,0.4973408877849579,0.501371219754219,0.5011578053236008,0.24735836684703827,0.2467133104801178,0.3068661391735077,0.3063415586948395,0.49917931854724884,0.49682703614234924,-169.38905334472656,-170.1686248779297,-2.435776472091675,-3.9229485988616943,1.2262684106826782,0.9463379383087158,0.6400440335273743,0.6403247714042664,0.5116019753146394,0.5146812299254168,0.8813965320587158,0.879927933216095,0.7931834677074783,0.7969624626087696,0.3313937187194824,0.3313332796096802,-0.6270935370985571,-0.6280620913678482,0.8864048719406128,0.8908200263977051,0.8035768572633402,0.8196212177077147,0.7311421036720276,0.7349095940589905,0.8476876965548206,0.8644843062387552,0.8096622228622437,0.8047788143157959,0.6443192457135852,0.6406302083145888,0.2659187912940979,0.26629579067230225,-0.8686484698426554,-0.8685902550568375,0.7971914410591125,0.8009530305862427,0.6184396735594282,0.6326714537259083
57,2.375,59,2.36,-15.000000000000124,0.06854308772528483,0.10151156806261566,0.5866792559215149,0.590909381819659,0.07148057381956247,0.06784179466399508,0.07234328798200992,0.06743820298865426,0.1286508228443999,0.12839917325765193,0.11472264023740976,0.11401359654630375,0.084333068856904,0.08444377915600458,0.4977443218231201,0.4975651055574417,0.4970173239707947,0.4970528483390808,0.5014706701040268,0.5005151927471161,0.247090183198452,0.24659596383571625,0.3043609857559204,0.3031665086746216,0.49753081798553467,0.4971735328435898,-170.80723571777347,-172.25587463378906,-2.197824478149414,-2.6061015129089355,1.338878870010376,1.1212371587753296,0.639667809009552,0.6400899887084961,0.5084460593974583,0.5152429102305311,0.8819411993026733,0.8790839910507202,0.7955426511000805,0.7930290580082086,0.3324827551841736,0.3307294249534607,-0.6217295097949176,-0.6267672649002757,0.8865669965744019,0.8907756805419922,0.8051158031372165,0.8173066060683333,0.7312435507774353,0.7353588938713074,0.8453656614024602,0.8669298148214252,0.8092367649078369,0.8037087917327881,0.6450798090534645,0.6365140372023063,0.2663927674293518,0.2659170627593994,-0.8648835584654718,-0.8660232844829476,0.7956594228744507,0.8015956282615662,0.6169813101546496,0.6321260975662265
58,2.4166666666666665,60,2.4,-16.666666666666607,0.07474451314201823,0.10140177326222867,0.569841656690262,0.5883906353664331,0.050728292705599275,0.046762998815939656,0.05225247392023518,0.04759792843403165,0.1575937926793202,0.15283898889036832,0.14599082750344974,0.14513331572355587,0.08450338964527644,0.08420874075212487,0.49768275022506714,0.49734941124916077,0.4973417818546295,0.4962977468967438,0.5011648535728455,0.5011126101016998,0.24822092801332474,0.24778975546360016,0.3005342483520508,0.3003699779510498,0.49678440392017365,0.4964321255683899,-174.32388305664062,-174.5741119384766,-2.3345754146575928,0.20319649577140808,1.2372190952301025,0.9715486764907837,0.6390624642372131,0.6400960683822632,0.5084278327893815,0.5136514757738511,0.8806438446044922,0.8793794512748718,0.7960994588862916,0.7960988455193342,0.33218318223953247,0.331204891204834,-0.6230346162141593,-0.6279405595201601,0.8855716586112976,0.8912196755409241,0.8063194239269231,0.8207131677410774,0.731637179851532,0.7352251410484314,0.8497503677058155,0.8652270457624464,0.8092097043991089,0.8051368594169617,0.6479497083887358,0.641757927855511,0.26647618412971497,0.2659584879875183,-0.8652960048424312,-0.8690765314993292,0.7961631417274475,0.7999435067176819,0.620891987821229,0.6309616072893759
59,2.4583333333333335,61,2.44,-18.333333333333535,0.06055252293163418,0.0814648105225914,0.5478166965822359,0.5688772795048422,0.047107417541171086,0.043095147670173826,0.048832838574935165,0.0449408162953043,0.16228762182558912,0.15612550608480077,0.1541709163344237,0.15156763504652723,0.08474218473349172,0.08428299112217308,0.49687303602695465,0.49672582745552063,0.4966447055339813,0.4953312575817108,0.5012203603982925,0.5016126930713654,0.24734287708997726,0.2470145970582962,0.2975802719593048,0.29779893159866333,0.49808621406555176,0.4959897994995117,-176.05274963378906,-175.80723571777344,-1.689893364906311,1.5690195560455322,0.9268736839294432,1.0791300535202026,0.6399873495101929,0.6397550702095032,0.5106892801716482,0.5117359735412023,0.8807241916656494,0.8798778057098389,0.7921021199718554,0.7999191486021658,0.33136242628097534,0.3321566879749298,-0.6251099534621015,-0.627734483341875,0.8849607706069946,0.8909803628921509,0.8008722979398534,0.8230538856736752,0.7317445278167725,0.734564483165741,0.8483733910676606,0.8629488905703804,0.8081799149513245,0.8046187162399292,0.6419275979925007,0.6430994881818272,0.26641643047332764,0.2669069170951843,-0.8641237424136854,-0.869446373033026,0.7972095012664795,0.7988206148147583,0.6192176516582774,0.6310178073777892
60,2.5,62,2.48,-20.000000000000018,0.04812857011444214,0.055997229678512464,0.5110454332802121,0.5349698726537956,0.0494665577387755,0.047394020334730155,0.05071826078147252,0.04972357653297148,0.15602286483502772,0.1450723799756068,0.15298950332987912,0.1470899085585481,0.08448327280862271,0.08572893261941243,0.49557405710220337,0.4956543743610382,0.4954449236392975,0.4942391514778137,0.5011042058467865,0.5009610801935196,0.24397847056388855,0.24319524317979813,0.294436514377594,0.29276350140571594,0.49809926748275757,0.4968104362487793,-175.4774169921875,-177.0758514404297,-1.158835768699646,3.082043886184693,0.2864910364151001,0.4587493836879731,0.6394588947296143,0.6395266652107239,0.5092125619152519,0.5149898293352908,0.8812105655670166,0.8801078200340271,0.7931452235838313,0.8013120141454486,0.3323451280593872,0.3323274850845337,-0.621115504219408,-0.6267399394632553,0.8872725963592529,0.8910181522369385,0.8056952861690984,0.8241208843395879,0.7316065430641174,0.7347848415374756,0.8483607357990934,0.869024288636379,0.8066021800041199,0.8061122894287109,0.6386854492456238,0.6466187911404939,0.2674088478088379,0.26681196689605713,-0.8601126057605983,-0.8702334846065718,0.7981739044189453,0.7998780012130737,0.6212366124275585,0.63358554265468
61,2.5416666666666665,64,2.56,18.333333333333535,0.04621984258567796,0.06251688534853417,0.4945762447963119,0.5012857948047432,0.055011358275758364,0.05059064449547703,0.055357404633713775,0.051631914771211235,0.14920784445172555,0.14746861686137672,0.14709012515989492,0.1464938897151389,0.0845386215876371,0.08557953955127408,0.49423494935035706,0.49398355185985565,0.4937075078487396,0.4935207664966583,0.5008343458175659,0.5005166679620743,0.24136687815189362,0.24135369062423706,0.2913376986980438,0.2910658121109009,0.49816563725471497,0.49688632786273956,-175.6444549560547,-176.93484497070312,0.20633390545845032,0.26095816493034363,0.3772428333759308,0.2884715497493744,0.6393799185752869,0.640154242515564,0.5085976345688513,0.5156947581233274,0.8812880516052246,0.8804168105125427,0.7911189204271496,0.7967330520810354,0.3323065936565399,0.3289554715156555,-0.6186615306588841,-0.6335917104525041,0.8870930075645447,0.8892297148704529,0.8031057171261883,0.815040676909874,0.7304041981697083,0.7344135642051697,0.8427456868564083,0.863803340322812,0.8073670864105225,0.8043736815452576,0.6384776966530077,0.638763667709527,0.26823267340660095,0.2669634222984314,-0.8538754290752527,-0.8625342062590302,0.7976675033569336,0.8003782629966736,0.6184487884332751,0.6304637224416534
62,2.5833333333333335,65,2.6,16.666666666666607,0.05171812587206656,0.10523410120183879,0.4721784493714781,0.47548400614040426,0.06633532097968457,0.06260418582102296,0.06481933879458675,0.06242066353398265,0.1389725514726789,0.12836717562086244,0.1398592663878723,0.13170493376771406,0.08638877250416947,0.08675823053371531,0.492219015955925,0.4917192757129669,0.4915018081665039,0.4912974536418915,0.5009649097919464,0.5001289546489716,0.23742099851369858,0.23732083290815353,0.28644272685050964,0.28485286235809326,0.49595077335834503,0.4988468587398529,-176.44328308105472,-177.66824340820312,1.7111608982086182,0.4987044036388398,-0.11418545246124268,-0.31135794520378113,0.6402710676193237,0.6388758420944214,0.5150029895712764,0.512250227896518,0.8800246119499207,0.8801816701889038,0.7986871343220431,0.7919319979871929,0.33283787965774536,0.3274710476398468,-0.6215512974964643,-0.6374489103284058,0.8868758082389832,0.8865840435028076,0.8129342966668026,0.8052280416163415,0.7297801971435547,0.7317949533462524,0.8459106107262846,0.8553053896449649,0.8077287673950195,0.8064337968826294,0.6483468739109494,0.6387770829328474,0.2679179012775421,0.26800256967544556,-0.8615549231088897,-0.8570051248914202,0.7948868274688721,0.8001950979232788,0.6216418730278834,0.6258209478426755
63,2.625,66,2.64,15.000000000000124,0.04814362997488743,0.10296725295377579,0.4750651168296917,0.4862636198047007,0.06939350017734636,0.0672632207633522,0.06713680936818635,0.06526772889680685,0.13987528297324675,0.13170380753002556,0.14118257358377884,0.13535660266419644,0.08534560886270633,0.08580631425629733,0.4915234297513962,0.4910828471183777,0.49178844690322876,0.491090327501297,0.500791996717453,0.4998946934938431,0.23662352561950684,0.23609715700149536,0.28431862592697144,0.28384265303611755,0.4950529634952545,0.49929894506931305,-176.99230957031253,-177.3817901611328,-0.9787893295288086,-0.4860813617706298,-0.6329061985015869,-0.7136309742927551,0.640451967716217,0.639392614364624,0.5191668467875443,0.5156130356333678,0.8793975114822388,0.8788760304450989,0.8036709224387265,0.7891847187721339,0.3324100077152252,0.3277508318424225,-0.6259370216171333,-0.6362791539664512,0.8867942690849304,0.8858712911605835,0.81913766715189,0.8037286759107005,0.729278028011322,0.7317401170730591,0.8493655809429314,0.8569484183217154,0.8076505064964294,0.8052309155464172,0.6536467267498262,0.6360679961630268,0.26795682311058044,0.2686602473258972,-0.8655329228428686,-0.8546901200204796,0.7939227223396301,0.8000863790512085,0.624941698893653,0.6253719090081217
64,2.6666666666666665,67,2.68,13.333333333333641,0.04556705912001653,0.10440740070107518,0.4856672772515309,0.49850241493261893,0.06835070701006238,0.06304300714823403,0.06715661710325128,0.06218217380126253,0.13333393615393932,0.13040182078917253,0.13743642820008925,0.13607644358786763,0.08539444343016643,0.08637848416658862,0.490994930267334,0.4904966652393341,0.4908267855644226,0.4904805123806,0.49995583295822144,0.4997740834951401,0.2356341928243637,0.23538967221975327,0.28239259123802185,0.28227776288986206,0.4956772029399872,0.49896299839019775,-177.59283447265625,-178.0076446533203,0.3846363425254822,-0.3510046899318695,-0.6690419316291809,-0.8182754516601564,0.6393315196037292,0.6397150158882141,0.5171494108048759,0.5171848427520568,0.8793947100639343,0.8785300850868225,0.8008720833535835,0.7890637616755707,0.33121708035469055,0.32805660367012024,-0.6261002086455246,-0.6346225959937776,0.8866557478904724,0.8873469233512878,0.8160268844337707,0.8073926627075104,0.7291370630264282,0.7320654392242432,0.8503702543095586,0.8584876935646608,0.8089190721511841,0.8058820366859436,0.6537795741170284,0.6380392277822947,0.26751381158828735,0.26850807666778564,-0.8624693251090084,-0.8546982739756349,0.7945830821990967,0.8004609942436218,0.6238583588305034,0.6267696833679756
65,2.7083333333333335,68,2.72,11.666666666666714,0.060295902505640216,0.07998864504302787,0.5199404514458549,0.5146054116967054,0.0676674643969292,0.06301864253142227,0.06659414509721291,0.06181091948510701,0.1330012798919642,0.12463746564129201,0.13473003586298332,0.12853057595833367,0.08572663375306896,0.0865165303872199,0.4904458075761795,0.49011705815792084,0.49023735523223877,0.4893348217010498,0.4996654689311981,0.5005392879247665,0.23361408710479736,0.23338113725185394,0.2801542580127716,0.278379887342453,0.497088223695755,0.49680010974407196,-178.20382690429688,-179.62811279296875,-0.060886744409799576,1.988233804702759,-0.38605713844299316,-0.4948595464229584,0.6394980549812317,0.6393114328384399,0.5181425739351989,0.5132525288041967,0.8798010349273682,0.8786693811416626,0.7976941660289808,0.7944490247188021,0.33030861616134644,0.3276885151863098,-0.6275432507293919,-0.6392932549176957,0.8858364224433899,0.8878483772277832,0.8102738165396638,0.8135452050996627,0.7284204363822937,0.7322420477867126,0.8476399599243832,0.8569589199909947,0.8086978793144226,0.8078862428665161,0.6494927712646649,0.6471902652919993,0.2677980959415436,0.2685430943965912,-0.8591728212010965,-0.8580441923366959,0.7952539324760437,0.8006252646446228,0.6214713472447396,0.6320843704244292
66,2.75,69,2.76,9.999999999999787,0.10386967063455738,0.12391665628788018,0.5811919490748505,0.6010011452045535,0.06754710935940127,0.0656218457264188,0.06634268166179541,0.06458721043946049,0.13100797611944037,0.11823654501478259,0.13462234863768766,0.12381102814964814,0.08589289789587627,0.08626417108462192,0.4900650680065155,0.48989443480968475,0.49068257212638855,0.48898717761039734,0.4993380904197693,0.5007637739181519,0.23207005113363266,0.23156950622797012,0.27773553133010864,0.27686020731925964,0.4964168220758438,0.4963787794113159,-179.2689666748047,-179.5806121826172,-1.6885591745376587,2.249711513519287,-0.7795196175575256,-0.7649739980697632,0.639114499092102,0.6390672326087952,0.516254892211113,0.5121141936209257,0.880385160446167,0.8798511028289795,0.7977158910372834,0.7987122094955196,0.3316366374492645,0.3282812833786011,-0.6193941906884313,-0.6386733375480426,0.8869233727455139,0.8867347240447998,0.8112993960530906,0.8130497039504448,0.7287895083427429,0.7320588231086731,0.8474635895474883,0.8564462431099681,0.8087790012359619,0.8095678091049194,0.6489500544045897,0.6523232228780284,0.266348659992218,0.26791074872016907,-0.860531004009925,-0.8622151633835137,0.7989448308944702,0.7983788847923279,0.6285190105589658,0.6290184628892492
67,2.7916666666666665,70,2.8,8.333333333333304,0.1355993508472571,0.12982683997741892,0.6178079551667788,0.6290463666816629,0.06712802767559735,0.06281834318843686,0.06522879501929749,0.06163811352000375,0.12978689862418485,0.12160528112645128,0.13444138731914895,0.12859984526143264,0.08542376722825085,0.08678656450561467,0.4897621124982834,0.48953431844711304,0.48996368050575256,0.48816296458244324,0.49941012263298035,0.5004038214683533,0.23201235383749008,0.2316281720995903,0.2769073247909546,0.27707287669181824,0.49647897481918335,0.4964572936296463,-179.8977813720703,-179.65719604492188,-0.2340351939201355,3.106489658355713,-0.8610519766807556,-0.7607700824737549,0.6393774747848511,0.6389070749282837,0.5174116229719983,0.5129374495564525,0.8801829814910889,0.8787667155265808,0.7978629426909005,0.7964196391573997,0.33023104071617126,0.3287288546562195,-0.625397437343169,-0.6357866507069471,0.8863497972488403,0.8871926665306091,0.8106860398750781,0.8139724183300647,0.7291965484619141,0.7322256565093994,0.8494421427368142,0.8585365169912926,0.8095879554748535,0.8096252679824829,0.651069700459223,0.6523855046318433,0.2657909393310547,0.2674112021923065,-0.8636105415388937,-0.8628724373720789,0.7992544174194336,0.7983505725860596,0.6295824422134273,0.6288982758979154
68,2.8333333333333335,71,2.84,6.6666666666663765,0.18610340566689765,0.1511376035598879,0.6596291392308989,0.6546716481421081,0.06752230712804845,0.06457738281791778,0.06575578453372026,0.06343954781499855,0.12226652748510944,0.12101040022362278,0.13169029446631556,0.13213889436802423,0.08535984060056567,0.08531642337498299,0.4896664619445801,0.48942340910434723,0.4888692796230316,0.4880589246749878,0.4998418837785721,0.4999624490737915,0.23266614973545074,0.23257949203252792,0.2781934142112732,0.27931100130081177,0.49725228548049927,0.4967002868652344,-179.6647186279297,-177.96759033203125,2.5659778118133545,4.012363910675049,-1.079764485359192,-1.0377333164215088,0.6392155885696411,0.6390392184257507,0.5152876679678055,0.5141672156621387,0.8803418874740601,0.8788880705833435,0.7966944568960554,0.79478400030908,0.3302850127220154,0.3277752995491028,-0.6268798322153064,-0.6365763862393196,0.8857081532478333,0.8872147798538208,0.807854441855052,0.812099926106127,0.7294301986694336,0.7323795557022095,0.8488260217385788,0.859246710606027,0.8099967241287231,0.8098980784416199,0.6504007401910546,0.6513148883394161,0.26579439640045166,0.26737260818481445,-0.8653123208971635,-0.8598853096633315,0.798802375793457,0.7983973026275635,0.6271203503792215,0.6273982876589099
69,2.875,72,2.88,4.999999999999893,0.20226096925924053,0.1740780027183349,0.6725286021896133,0.6690287505685738,0.06849411979748364,0.06467982208330725,0.06673058491688857,0.06349981078058249,0.11400472972509408,0.1130208687790668,0.1268551460867502,0.12541877489482162,0.08494147658675809,0.08531446626907448,0.48908674716949463,0.48911917209625244,0.48806801438331604,0.487815797328949,0.5003741383552551,0.49913501739501953,0.23551679402589798,0.23520024120807648,0.2824704647064209,0.2828097939491272,0.497811034321785,0.49642613530158997,-178.7871551513672,-177.69786071777344,3.3048977851867676,3.858485460281372,-1.2166471481323242,-1.1030287742614746,0.6388286352157593,0.6380321979522705,0.5107595935966105,0.5132652271239639,0.8817728757858276,0.8786008358001709,0.7967463078787315,0.7943883620374592,0.32973921298980713,0.3284999132156372,-0.6294734162434111,-0.6305460280084846,0.8849076628684998,0.8879644274711609,0.8032511991579834,0.8138515244095403,0.7293163537979126,0.7324520349502563,0.8445694113815119,0.8621738146658363,0.8116289973258972,0.8092501163482666,0.6511931040235047,0.6502359512168425,0.26622274518013,0.267221063375473,-0.8637861039551618,-0.8569890893789281,0.7978321313858032,0.7989490628242493,0.6225636913814749,0.6288241805644973
70,2.9166666666666665,73,2.92,3.3333333333334103,0.15867856045479845,0.15307591069663207,0.6536160735414553,0.6846151044623591,0.0702257577349965,0.06837140862624402,0.06920340079991794,0.06852076555648877,0.10751971373105602,0.10806920665215125,0.12264820691488477,0.1216734947297776,0.08585408578851429,0.08558306287711177,0.4872211813926697,0.48763707280158997,0.4872773587703705,0.48698240518569946,0.49878038465976715,0.49786023795604706,0.24177472293376923,0.24170909076929092,0.28894150257110596,0.28960123658180237,0.4966801106929779,0.49855849146842957,-178.4376220703125,-178.21734619140625,1.158658742904663,2.312927007675171,-1.7623604536056519,-1.3184789419174194,0.6375969648361206,0.6380211114883423,0.5152979077473441,0.5184143380310656,0.8792615532875061,0.8810831904411316,0.7988467362621683,0.7958518274426627,0.32876908779144287,0.3275694251060486,-0.6310951145631473,-0.6298562272877294,0.8843593001365662,0.8881292343139648,0.8094910539923891,0.8105112910210804,0.729512631893158,0.7330741286277771,0.8564959898750075,0.8699878243852405,0.8080576062202454,0.8131508827209473,0.6501697896284818,0.6545170289663841,0.2664252817630768,0.2672688663005829,-0.8625201559134722,-0.8528904699277476,0.7968510389328003,0.8006161451339722,0.6267699884212763,0.6284382062344165
71,2.9583333333333335,74,2.96,1.666666666666483,0.10516704449627742,0.13705116802103476,0.645960955434149,0.6856869336461682,0.06643061177011385,0.07043259364422136,0.06490501604328693,0.07136920082431236,0.11836059249317496,0.11031446203686256,0.13602981935129513,0.12665417274898563,0.08556034816167286,0.08483774998477733,0.4870593249797821,0.48746153712272644,0.48626527190208435,0.48609939217567444,0.49863922595977783,0.49750301241874695,0.24270989745855331,0.242584228515625,0.2918640375137329,0.2921593487262726,0.4983527958393097,0.4992807060480118,-175.9093475341797,-175.89102172851562,3.0695810317993164,3.7888946533203125,-1.8156199455261233,-1.1633625030517578,0.6377426981925964,0.6383721828460693,0.5156629035140243,0.5209586718529071,0.8804914951324463,0.8812160491943359,0.7968406236271163,0.7945105893559543,0.33064788579940796,0.3291284441947937,-0.6227515448882562,-0.6226784126695214,0.8868463039398193,0.8894591331481934,0.8100917542309127,0.8116580401164376,0.7293282747268677,0.7333371639251709,0.8551748046736409,0.8721556744719392,0.8126934766769409,0.8113553524017334,0.6554673070624782,0.6491847786460415,0.2657465636730194,0.2669355273246765,-0.8633437002988572,-0.8526786268613866,0.797418475151062,0.8014258146286011,0.6236156737044821,0.6285291282860246
72,3.0,75,3.0,0.0,0.07308420280559802,0.09350819127382157,0.6017290653698187,0.6613987091352271,0.07175341924132737,0.07132928422600567,0.07025380342147494,0.07187834204797196,0.11331088714082078,0.11408962272848147,0.1308648663791288,0.12955268236006423,0.08580550195926938,0.08547578531683071,0.48700663447380066,0.48733747005462646,0.4868752956390381,0.48636695742607117,0.49853160977363586,0.4984065145254135,0.2421484738588333,0.24167221784591675,0.28977906703948975,0.29172283411026,0.4980596601963043,0.4996097683906555,-177.41671752929688,-175.35488891601562,1.32620370388031,3.0562751293182373,-1.9516372680664062,-1.4065818786621094,0.638315737247467,0.6382402777671814,0.5181335462181237,0.5163639979502659,0.879812479019165,0.8813171982765198,0.7959552115870374,0.792860988006549,0.333044171333313,0.33056366443634033,-0.6134072221446607,-0.619793124994533,0.8886444568634033,0.890117883682251,0.8143698989112054,0.8111412717516396,0.7292115092277527,0.7323698401451111,0.8550541217047517,0.8639561389894804,0.812020480632782,0.8118453025817871,0.6546087911835784,0.6485579130685427,0.26528745889663696,0.26638367772102356,-0.8645589539567646,-0.8567904978780587,0.7975232005119324,0.8002275228500366,0.6243819399409114,0.6244261210326569
73,3.0416666666666665,76,3.04,-1.666666666666483,0.051139077263540604,0.08526134022792296,0.5181648484988849,0.6022042286620595,0.07469783005017602,0.07176065818185023,0.07285980480909032,0.07136307233734043,0.11345289676147204,0.10801320821929132,0.1323121878001348,0.12558690048714097,0.08538440413794335,0.08609606338479876,0.4869024455547333,0.48715339601039886,0.4879067540168762,0.48707062005996704,0.49824726581573486,0.4983941912651062,0.24020981788635254,0.23974839597940445,0.2883852422237396,0.2892770767211914,0.49852415919303894,0.4989927411079407,-176.64283752441406,-176.3910675048828,-0.36255329847335815,1.6283493041992188,-2.4544718265533447,-1.9026641845703125,0.638850748538971,0.6391436457633972,0.5175664603425965,0.51947287302097,0.8805822730064392,0.8795897960662842,0.7910829074230799,0.7901401007047871,0.3322972357273102,0.32843562960624695,-0.6108680098321574,-0.6272767637654417,0.8891503214836121,0.8881311416625977,0.8088237600714134,0.8078723967951081,0.7292831540107727,0.7314453721046448,0.850451386759657,0.8601366655606804,0.8119699358940125,0.8086857795715332,0.6490153916040052,0.6429395220254059,0.26433008909225464,0.26518404483795166,-0.8610575131230207,-0.86072336986305,0.7987574338912964,0.8013331294059753,0.6216578139980319,0.6276750220336842
74,3.0833333333333335,77,3.08,-3.3333333333334103,0.09176732240061254,0.06702645419156648,0.4785884071220071,0.510393639624935,0.08247503862599563,0.07529316251034014,0.07929062266394028,0.07415860720468079,0.11398104254887219,0.11316593366220035,0.13309100467157015,0.13051651587595064,0.08523548351188982,0.08548626329960375,0.48761042952537537,0.48733457922935486,0.4885072410106659,0.488600492477417,0.4982203394174576,0.4984942674636841,0.2381732538342476,0.23777998983860016,0.28954410552978516,0.28842827677726746,0.49818287789821625,0.4998803585767746,-175.62315368652344,-176.1123809814453,0.09583399444818497,-2.2099227905273438,-2.5226669311523438,-2.181562662124634,0.6397056579589844,0.6414002776145935,0.5220088584158796,0.5259491869686649,0.8798449039459229,0.8800963163375854,0.7920780425949353,0.7871294491090386,0.3321881592273712,0.32899314165115356,-0.6125742920519938,-0.6238294611768397,0.8888285160064697,0.8880600929260254,0.8107220820086463,0.803616192894868,0.7281968593597412,0.7314778566360474,0.8484963802254359,0.8574693896558002,0.8098849058151245,0.8077551126480103,0.6468873382609874,0.6373674766147608,0.26355987787246704,0.26407790184020996,-0.8657777422361385,-0.862742559124137,0.7991609573364258,0.8032181262969971,0.6246315110102174,0.6279749314198669
75,3.125,78,3.12,-4.999999999999893,0.08767382316197932,0.05868636509628874,0.4715745376117415,0.5049225841744257,0.08111365028428172,0.07295852196338569,0.07845842783114078,0.07137337940444118,0.10890595860041156,0.11461310829942256,0.1253666021059766,0.13063957569341555,0.0848942589929883,0.08485004271418817,0.4882217049598694,0.48797014355659485,0.48847097158432007,0.4890490472316742,0.49761858582496643,0.4982103109359741,0.23828451335430145,0.23816782236099243,0.2907683551311493,0.28947192430496216,0.4989144206047058,0.4996005743741989,-175.0304718017578,-175.7266082763672,2.274911880493164,-2.287076234817505,-1.8993830680847168,-1.871155858039856,0.6395065784454346,0.6408541202545166,0.523392976658438,0.5259249247489454,0.8802091479301453,0.8806743025779724,0.7911622786483787,0.7903188872520244,0.3324165344238281,0.32934248447418213,-0.6093933097228758,-0.6226123611583272,0.8883621096611023,0.8881908655166626,0.8080791550658477,0.8059076860014591,0.7282512784004211,0.7320197224617004,0.8507522677039012,0.8620507104354108,0.8100356459617615,0.8074324727058411,0.6455567306580515,0.6384207184706485,0.2627636194229126,0.26384222507476807,-0.8663272887155942,-0.8641105317431145,0.8006109595298767,0.8020917177200317,0.6260011064685981,0.6273443854015437
76,3.1666666666666665,79,3.16,-6.6666666666663765,0.06047351470181641,0.05604635539916568,0.47667166625393004,0.4948400386609907,0.08010797638287769,0.07387231023498582,0.07870410599218088,0.07337000084403084,0.10717570358026265,0.11478896512225135,0.12255196560526352,0.12856679192106502,0.08458186116936366,0.08459087977455042,0.4883081167936325,0.4880732446908951,0.48880910873413086,0.4887585937976837,0.4980614483356476,0.4983895719051361,0.23935464769601822,0.2391129806637764,0.29113414883613586,0.2907789945602417,0.4987047463655472,0.49955594539642334,-174.82940673828125,-175.45994567871094,0.598017692565918,-1.7697194814682007,-1.8585082292556765,-1.4995245933532717,0.6396318078041077,0.6398875117301941,0.5230261687649566,0.5220806086623789,0.8806889653205872,0.8794024586677551,0.7938145076190671,0.7883482666909575,0.332675039768219,0.3290620446205139,-0.6110136328225492,-0.6247625839453801,0.8885320425033569,0.8880007863044739,0.810113475333206,0.806193571181106,0.7283881902694702,0.7311651706695557,0.8509331603738739,0.8588649872565597,0.8100860118865967,0.8079074621200562,0.6470920883788845,0.6399647627328908,0.26368752121925354,0.26392099261283875,-0.8658853281035477,-0.8651115255845436,0.8000290989875793,0.8007185459136963,0.626192472727378,0.6250446056887691
77,3.2083333333333335,80,3.2,-8.333333333333304,0.05326031217357975,0.050962502059639356,0.49557026239610036,0.49585167815730025,0.0820593556121202,0.07558929380214743,0.08152178777261262,0.07632641753756976,0.10425432276196336,0.11037466173664695,0.12045994200710061,0.12430809626826703,0.08453528467729671,0.08475366007942352,0.4882736802101135,0.48803986608982086,0.4889267683029175,0.48864054679870605,0.49826347827911377,0.49804092943668365,0.24011149257421494,0.23982924968004227,0.2927578389644623,0.29113340377807617,0.498587429523468,0.4991951584815979,-173.64950561523438,-175.22506713867188,0.19446228444576263,-1.5015982389450073,-1.9511988162994385,-1.4205782413482666,0.6391499638557434,0.6390773057937622,0.5204469243783306,0.5228445803023085,0.8810478448867798,0.8786718845367432,0.7947236362480363,0.7913145318615291,0.33328506350517273,0.3296498954296112,-0.6094446050413306,-0.6242527054097895,0.8895971775054932,0.8880592584609985,0.812488498788866,0.8108898177545611,0.7287909984588623,0.7310106754302979,0.8515886983131306,0.863656399954388,0.8116735816001892,0.8090173602104187,0.6505691968172919,0.6460654730264607,0.26375138759613037,0.26402905583381653,-0.8663080481137136,-0.8675197349786926,0.8002302646636963,0.800380527973175,0.6267908551087272,0.6280552753270428
78,3.25,81,3.24,-9.999999999999787,0.09934305017667577,0.041928239818834825,0.5719268969834163,0.533849744965618,0.08072057917067062,0.0764474944545661,0.08030505316134504,0.076831887860404,0.10104796989457505,0.10522466509193242,0.11294756605198916,0.1163355195583174,0.08492635281210768,0.0842267451194213,0.4878949820995331,0.4877678453922272,0.48843494057655334,0.48806676268577576,0.49803900718688965,0.4979856461286545,0.24076833575963974,0.24075087904930115,0.29304948449134827,0.2917649447917938,0.49980203807353973,0.49966704845428467,-174.6244354248047,-174.82894897460938,-1.1408066749572754,-0.610840916633606,-1.4956908226013184,-1.0896337032318115,0.6385211944580078,0.6384925842285156,0.5214854065903092,0.5232074165620237,0.882028341293335,0.8794912099838257,0.7981122852405869,0.7955751993916746,0.3326680362224579,0.32845339179039,-0.6138753226071869,-0.6312893442544312,0.8895977735519409,0.8890434503555298,0.8139177304101096,0.8155832091711279,0.7295140027999878,0.7320219874382019,0.8592607685544169,0.8714840076521271,0.8139949440956116,0.8093476295471191,0.6560543220581528,0.6486532848740313,0.26381105184555054,0.26432234048843384,-0.8694800593491839,-0.8700949301341526,0.7997766137123108,0.7990736365318298,0.6263655642229904,0.6271335005381111
79,3.2916666666666665,82,3.28,-11.666666666666714,0.13015332331865812,0.0435902104941476,0.594551937320921,0.5406836471488656,0.083412752671905,0.07802414207050623,0.08345193218452188,0.07763038550470988,0.10001602433668984,0.10452037691995442,0.10902102120903906,0.11692916712951146,0.0848168846279401,0.08480800216789783,0.4883829802274704,0.48804156482219696,0.48875686526298523,0.4879480302333832,0.49810752272605896,0.498379647731781,0.24111701548099518,0.24140062183141708,0.2944522500038147,0.29350611567497253,0.49962949752807617,0.49995288252830505,-174.52481079101562,-174.11581420898438,-0.8553456664085388,1.0847913026809692,-1.0690724849700928,-1.1166133880615234,0.639094352722168,0.638999879360199,0.5216863400300803,0.5245259394623449,0.8834260106086731,0.8795919418334961,0.7988301921878282,0.7965491466777517,0.3313249945640564,0.32799968123435974,-0.6171368396622591,-0.6355323907357453,0.8899670839309692,0.8897203207015991,0.8124447162417954,0.8178002570334192,0.730233371257782,0.7321784496307373,0.858923378518642,0.8720902731498394,0.8144277334213257,0.8111067414283752,0.655217873816861,0.652855217916592,0.26469823718070984,0.2642255425453186,-0.8636724147110028,-0.8734155859338893,0.8004633188247681,0.7992880940437317,0.6261524820903446,0.6280576285790969
80,3.3333333333333335,83,3.32,-13.333333333333641,0.13205951571356836,0.056646209577617034,0.5857710835319387,0.5502732240338605,0.08011373199640713,0.0786593842774949,0.08001155449714412,0.07830404910948757,0.10318535341944268,0.10505463507044033,0.11131051609000174,0.11266491347393029,0.084565262302577,0.0846034610017065,0.48840437829494476,0.48825283348560333,0.4890030324459076,0.4883384704589844,0.4984893500804901,0.49845948815345764,0.24172213673591614,0.24153201282024384,0.29468825459480286,0.2938539981842041,0.49972160160541534,0.5009126961231232,-174.9351043701172,-174.6461181640625,-1.6357438564300537,-0.22000601887702942,-1.1720343828201294,-0.8100093603134155,0.6383667588233948,0.6385616064071655,0.5185980845709873,0.5237034339106342,0.8837429881095886,0.8803278207778931,0.8008686031694301,0.7977703403168748,0.3300047516822815,0.32779979705810547,-0.6246597702536808,-0.6379280154416842,0.8895564079284668,0.8893589973449707,0.8129923691199804,0.8167595801631644,0.7295728921890259,0.7321765422821045,0.8567465138965455,0.873637210745103,0.8152914047241211,0.8116813898086548,0.6581142517264034,0.6534321654860797,0.26553237438201904,0.2641061246395111,-0.8636923036423159,-0.8760157430204506,0.7994326949119568,0.800145149230957,0.62504124271783,0.6291756981667515
81,3.375,84,3.36,-15.000000000000124,0.0909369561409373,0.07489636021642515,0.5507847385495757,0.5626090921980209,0.08430230137056385,0.07914785429145763,0.08455178366689198,0.07941828978160884,0.10550680405618307,0.1047246858577983,0.11403153387631167,0.1121591390931783,0.08572918473039516,0.08463582583179997,0.4883940666913986,0.4883534163236618,0.48904237151145935,0.4887216091156006,0.4987734407186508,0.4982617050409317,0.24183102697134018,0.24153327196836472,0.29546549916267395,0.29475775361061096,0.49915921688079834,0.5011803507804871,-174.15093994140625,-174.36279296875,-1.9611997604370117,-1.2960538864135742,-1.241657018661499,-0.9998747706413269,0.63875812292099,0.6389000415802002,0.5186388111177633,0.525223735820077,0.8831026554107666,0.8801177144050598,0.80015527782461,0.7960320972751967,0.3296579122543335,0.32614952325820923,-0.6265676732937581,-0.6427650192721476,0.8885266780853271,0.8880337476730347,0.811459183386083,0.8126612744672598,0.7295984625816345,0.7319875955581665,0.8551993906176768,0.8728657377219492,0.8148908019065857,0.8115900754928589,0.6579987278896923,0.6520763796261934,0.26650404930114746,0.2647855877876282,-0.8605507340417236,-0.8719329419422343,0.7989459037780762,0.8015463948249817,0.6247688478824922,0.6309776626510744
82,3.4166666666666665,85,3.4,-16.666666666666607,0.06666153628697559,0.10216610130059334,0.5336217009330104,0.5658251979178993,0.08034029460031196,0.07973376300441572,0.08067188927384226,0.07972874193922024,0.10914846276265752,0.10547306690738836,0.1193384207217029,0.11220219163138419,0.08535017106818034,0.08563732262110721,0.48835673928260803,0.48838190734386444,0.4891493618488312,0.4891566336154938,0.49915555119514465,0.49810339510440826,0.2411809042096138,0.24138932675123215,0.2950771152973175,0.2939637303352356,0.4986462891101837,0.5013738572597504,-173.8628387451172,-174.92630004882815,-1.7893943786621094,-2.4113950729370117,-1.4296832084655762,-1.0731295347213745,0.6383044123649597,0.639062762260437,0.5158341845447262,0.5251646020969545,0.882554292678833,0.880496621131897,0.8005346902705545,0.794518278151142,0.33004629611968994,0.32532867789268494,-0.6268993792508034,-0.6436973111299034,0.8883506655693054,0.8875268697738647,0.8126214337961741,0.8092513978112275,0.7295211553573608,0.7317693829536438,0.8539807841125712,0.8705565866836202,0.8146100044250488,0.8121819496154785,0.6588555399342937,0.6513528964913116,0.2667251229286194,0.2650184631347656,-0.8616352259033289,-0.8683917785835332,0.7982039451599121,0.8018072247505188,0.6246452097242123,0.629610840034951
83,3.4583333333333335,86,3.44,-18.333333333333535,0.06376110918664203,0.09618449436885147,0.49879581583279875,0.5489779151970842,0.06726387121439603,0.06580925209484706,0.06648454406634609,0.06441262840141604,0.13206375003747703,0.1260715580237448,0.13955721806771296,0.12897625008430838,0.08552966950983337,0.08611911797730673,0.4890699088573456,0.4888245612382889,0.4891699254512787,0.489091694355011,0.49869459867477417,0.49818354845046997,0.24013610184192657,0.2399861291050911,0.2882753312587738,0.28875431418418884,0.4983801394701004,0.5020670294761658,-176.84564208984375,-177.35018920898438,-0.16931302845478058,-1.436994194984436,-0.9249646067619324,-0.5495724678039551,0.6385688185691833,0.6390925049781799,0.5195733815755141,0.5241226250674261,0.8819780945777893,0.8806422352790833,0.8015083040592195,0.7920799180651354,0.3295971155166626,0.32437604665756226,-0.6281254058588699,-0.6464915101276469,0.8885408639907837,0.8872024416923523,0.8152208750260385,0.8058056129301543,0.7293256521224976,0.7316582202911377,0.8566965122423279,0.868428529366212,0.8134156465530396,0.812537670135498,0.6582505762565822,0.6495870723850211,0.2665342688560486,0.26536089181900024,-0.8623771251247087,-0.8660033043737784,0.7972034215927124,0.8017051219940186,0.6243759615461612,0.6269225034623366
84,3.5,87,3.48,-20.000000000000018,0.0816992678376176,0.06553410737815948,0.5289572477325852,0.5402304110625341,0.0420993031264792,0.041888867783720855,0.04129117614320025,0.040543665902098375,0.16847242717446265,0.1619036803393906,0.1778093541438561,0.165955439648219,0.08415992146072077,0.08357162864685518,0.48995281755924225,0.4897859990596771,0.4898501932621002,0.4892837405204773,0.49932006001472473,0.49842098355293274,0.2413458153605461,0.241274856030941,0.28513768315315247,0.2831439971923828,0.497434139251709,0.5000843107700348,-179.66915893554688,-180.88827514648438,0.3294582664966583,2.186373233795166,-0.9194065332412721,-0.4858988225460053,0.6379185318946838,0.6388295888900757,0.51545914194421,0.5223184088829539,0.8820017576217651,0.8800041675567627,0.8045092538999105,0.7949798605695325,0.3315759599208832,0.32523030042648315,-0.6238541358195006,-0.6442673640034298,0.889794647693634,0.8877629637718201,0.8208118542176793,0.8112150918243607,0.7294552326202393,0.7322102785110474,0.8558916775443468,0.8696935081947362,0.8139179944992065,0.8128637671470642,0.6620791197545007,0.654489003872228,0.2666873633861542,0.26547113060951233,-0.8651801752633153,-0.8665707934835418,0.7971980571746826,0.8015326261520386,0.6271012805926443,0.630778664106081
85,3.5416666666666665,89,3.56,18.333333333333535,0.13202505353493438,0.05472865791218697,0.5756578318092136,0.5464903972983925,0.03708992216178304,0.03846225805219284,0.03424867066693033,0.03800257947294495,0.17647986587688322,0.16830027710137888,0.18084604564133977,0.1734256539988833,0.08350458382947464,0.08405326787135764,0.4909336268901825,0.49089187383651733,0.49005070328712463,0.49003174901008606,0.4990701675415039,0.4984738826751709,0.23908118903636932,0.23962558805942535,0.2826673984527588,0.28065982460975647,0.4981411397457123,0.49908414483070374,-179.8407440185547,-181.4949493408203,2.3430471420288086,2.9009714126586914,-0.4435209333896637,-0.2554199993610382,0.6386507153511047,0.6381528377532959,0.5189959381890084,0.5196625662182852,0.8816891312599182,0.8799406290054321,0.8021974924971413,0.7970293915911183,0.33044320344924927,0.3252585828304291,-0.6269978933769754,-0.6444314190011091,0.8896169066429138,0.8873085379600525,0.8187785766744107,0.8124484279877933,0.7297875285148621,0.7327595949172974,0.8578657634887423,0.8716382105230199,0.81370609998703,0.812643826007843,0.6600097652086626,0.6561954234746976,0.2658311128616333,0.2653670907020569,-0.867242061343813,-0.8672521472680428,0.7980074882507324,0.8014158010482788,0.6271758376450564,0.6326982105502992
86,3.5833333333333335,90,3.6,16.666666666666607,0.14923549730310995,0.06511298594646169,0.6358233074568093,0.5842541396031704,0.041288457338167994,0.03660828149713336,0.03905463676272177,0.03479524665447404,0.16280313831985957,0.17201111951888698,0.16255909131351656,0.16829954770635872,0.08387157806857092,0.08423745679559201,0.4918956905603409,0.4920881986618042,0.4913269877433777,0.4910443127155304,0.4991060942411423,0.4984084814786911,0.23627223074436188,0.23691843450069427,0.27982187271118164,0.27886611223220825,0.49775630235671997,0.4983808100223541,-180.23442077636716,-181.0341339111328,1.1750906705856323,1.9392596483230593,-0.02882291376590729,0.45959073305130005,0.6387535333633423,0.6391216516494751,0.5200326652314241,0.5251793682031499,0.881298303604126,0.8800737261772156,0.8034023634427034,0.8013265561757618,0.32919782400131226,0.32499372959136963,-0.6327208803332324,-0.6472304598265599,0.8898333311080933,0.8869838714599609,0.8212806173143377,0.8158337232929265,0.7294935584068298,0.7329283356666565,0.857939162931241,0.8752911238091274,0.8130953311920166,0.8115791082382202,0.6605381424408405,0.6575288748811972,0.26646119356155396,0.2652237117290497,-0.8663456237606965,-0.8703082298769828,0.7975749373435974,0.8011538982391357,0.628027697538254,0.6356421767728517
87,3.625,91,3.64,15.000000000000124,0.07057909406278788,0.0881761137405937,0.6493621479231274,0.6277000181025092,0.053319906133303174,0.043775695476421454,0.052170839843193324,0.04245233115565842,0.1484681597754356,0.1534275268423144,0.13681038294464887,0.1417215427067124,0.08485383456502468,0.08513808316818752,0.49400296807289124,0.49383020401000977,0.49308061599731445,0.4929202198982239,0.49818603694438934,0.4972250461578369,0.23318932950496674,0.2328997477889061,0.2771589159965515,0.27674466371536255,0.4971996992826462,0.4971696138381958,-180.19815063476562,-179.4797821044922,0.02157769538462162,0.32966965436935425,1.2605035305023193,1.215142846107483,0.6378929615020752,0.6385630965232849,0.522948643441399,0.5291726013546846,0.8778561949729919,0.8783841729164124,0.8014877340627341,0.8028423230779577,0.33150771260261536,0.3244974911212921,-0.6239075398845072,-0.6466955599570623,0.889478862285614,0.8858603239059448,0.82595973281653,0.8185871845612944,0.7263122797012329,0.7320557236671448,0.8539183691916117,0.8792109426596559,0.8080207109451294,0.8095051050186157,0.6544462820335066,0.657782199938313,0.26619309186935425,0.2654806971549988,-0.868392145192994,-0.8676556645149465,0.7967458963394165,0.7995619773864746,0.6307067013022709,0.6368418567726394
88,3.6666666666666665,92,3.68,13.333333333333641,0.08360919771904717,0.09030330948820103,0.63770852190635,0.6456370404749239,0.04992119854254859,0.040747048692983526,0.04843854449782327,0.04127127475429267,0.1596659152119768,0.16277081089580653,0.1423564400269698,0.14526910889676808,0.08559582057677351,0.08495789227795715,0.4948970228433609,0.49505460262298584,0.49484434723854065,0.49414220452308655,0.498469278216362,0.4978877156972885,0.23488926887512207,0.23445145040750504,0.2799810469150543,0.2794884145259857,0.496406614780426,0.497798889875412,-179.4192657470703,-178.4589080810547,-1.547756314277649,-0.45996534824371343,1.7098973989486694,2.1175458431243896,0.638088583946228,0.6381418108940125,0.5232219039472182,0.5272350371090235,0.8788591623306274,0.8783182501792908,0.8061957932113529,0.8046147640653848,0.33053797483444214,0.32601386308670044,-0.6293208222781667,-0.6460981900892894,0.8891057372093201,0.8854116201400757,0.8277951932282734,0.8196138174456583,0.7264238595962524,0.7321730852127075,0.8542574356718357,0.8807119344166464,0.8086817860603333,0.8101280927658081,0.6582644854187305,0.6604254976506228,0.26692503690719604,0.2657467722892761,-0.8677096491239815,-0.8726507325192597,0.795061469078064,0.7981828451156616,0.6295533621077547,0.635167065038811
89,3.7083333333333335,93,3.72,11.666666666666714,0.0728060893525308,0.09607701863003738,0.6318788681139988,0.628241174383628,0.06171357074110528,0.05517857523221492,0.061620304470099176,0.05600267663021772,0.1499879630966672,0.1514594894500059,0.13161088805861756,0.1322962734821484,0.08482714090889927,0.08523831005713436,0.49523821473121643,0.49597693979740143,0.4958851635456085,0.495830774307251,0.49863946437835693,0.49839818477630615,0.2360641360282898,0.23608124256134033,0.28509169816970825,0.2828211486339569,0.49530917406082153,0.498201459646225,-174.09022521972656,-176.9113311767578,-3.4189295768737793,-2.3241589069366455,1.6813892126083374,2.2460930347442627,0.6384181976318359,0.6380125284194946,0.5257314279233554,0.5246233122012273,0.8783071637153625,0.879077136516571,0.8102925771303818,0.8050508481534813,0.33055374026298523,0.325110524892807,-0.6321988023203531,-0.6511562044371393,0.8887737989425659,0.8843660354614258,0.8324363926626357,0.816229909563598,0.7260467410087585,0.7323082089424133,0.8553171822372835,0.8789544715313301,0.8067448139190674,0.8108755350112915,0.6588911536026791,0.6608942099863727,0.26740238070487976,0.2669356167316437,-0.8697217334773908,-0.8697577622005112,0.7927560806274414,0.7959648370742798,0.6292957848126622,0.6293777053899453
90,3.75,94,3.76,9.999999999999787,0.08152247376491513,0.10077794732221351,0.6450527321104201,0.6409453879120708,0.06494930451439508,0.061336477505341304,0.06464731071919919,0.061447225937057676,0.14352199401612395,0.14534038729127355,0.12204109331098649,0.12446576335810121,0.08549299809117751,0.08503237598497827,0.4957566559314728,0.49606911838054657,0.4962289035320282,0.4960486590862274,0.4989996999502182,0.4987685978412628,0.2377508506178856,0.23761427402496338,0.2873031795024872,0.2881212532520294,0.49488022923469543,0.5002005398273468,-174.03118896484375,-172.69778442382812,-3.2509999275207524,-2.8267343044281006,2.0509848594665527,2.109844207763672,0.6380628347396851,0.636648952960968,0.5219186682070895,0.5168411755811274,0.8784341812133789,0.8801167011260986,0.8097292072356745,0.801059928604853,0.33039337396621704,0.32463523745536804,-0.6327973926525179,-0.6527346887930644,0.8889707326889038,0.8843660950660706,0.8319731534374042,0.8100198506953771,0.7268804311752319,0.7318350672721863,0.8552605112136841,0.8736440223456173,0.805431604385376,0.8146142959594727,0.6556118572353661,0.6629469517131906,0.26808470487594604,0.2668796479701996,-0.8666484246933522,-0.8692301187618938,0.7927021980285645,0.799588680267334,0.6287385267307319,0.631265175943395
91,3.7916666666666665,95,3.8,8.333333333333304,0.16800362007607111,0.1125908136148897,0.6876966394413612,0.6699995921422482,0.07145640701189136,0.06988860496171144,0.07033071262463818,0.07052921133926811,0.13713240429375953,0.13439994676346975,0.11025991656241926,0.10936516349377476,0.08467340222859453,0.08546769362270779,0.4974536597728729,0.4977206140756607,0.49726518988609314,0.4969758689403534,0.5006332099437714,0.4996987283229828,0.2446765899658203,0.24498219043016434,0.29780280590057373,0.3000530004501343,0.49561966955661774,0.5013357251882553,-173.6469268798828,-170.97979736328125,-2.559642791748047,-2.1760876178741455,2.61083197593689,2.6743764877319336,0.6374614238739014,0.6378023624420166,0.5150344393549283,0.5195577362315785,0.8805127143859863,0.8800544142723083,0.8149354356244004,0.801434387578982,0.3292316496372223,0.32538291811943054,-0.6451718105603687,-0.6557910537000772,0.8878183960914612,0.8844078779220581,0.8304037819173913,0.8106470712266333,0.7278009653091431,0.7311193943023682,0.8550810842555193,0.8706244270865457,0.8077929615974426,0.8147470951080322,0.6609656400841805,0.6632327808258743,0.2686416208744049,0.266649454832077,-0.8732384541130767,-0.8767513884608277,0.7944576740264893,0.80154949426651,0.6327307874886255,0.6353043699689448
92,3.8333333333333335,96,3.84,6.6666666666663765,0.19550674620154931,0.17764998609242993,0.6696301741868914,0.6629313190079893,0.07671087414690658,0.07557632009575178,0.07738096658054305,0.07648930411216245,0.12544346093430028,0.1241352497620487,0.10314799179375887,0.1006649376669021,0.08522631540981673,0.08483358887212515,0.49771231412887573,0.4974554777145386,0.4965478181838989,0.49654343724250793,0.500802680850029,0.4992651343345642,0.24788613617420197,0.24739958345890045,0.30518579483032227,0.3044149875640869,0.49565786123275757,0.5038231611251831,-170.62887573242188,-171.1792755126953,-1.140197992324829,-2.020026445388794,2.5616538524627686,2.424877643585205,0.6376956105232239,0.6378856897354126,0.5155237431336989,0.5189667722735579,0.8801789283752441,0.8799691200256348,0.8145360679340069,0.7921197557373747,0.32812976837158203,0.32768914103507996,-0.6502672299526149,-0.642345135501585,0.8865615129470825,0.8856624364852905,0.8280563813437142,0.8041092197649587,0.727515459060669,0.7312154769897461,0.853775431049707,0.8683742487354713,0.809116005897522,0.8142436742782593,0.6640025383121982,0.6537095912806574,0.2681371569633484,0.2668355703353882,-0.8761928176902116,-0.8701683546195378,0.7950351238250732,0.8047456741333008,0.6341748193745391,0.6337079047629798
93,3.875,97,3.88,4.999999999999893,0.1084013907714485,0.13520496706089022,0.6234549433570252,0.6430854026500339,0.0750641807426666,0.07409218827558452,0.07562317621889209,0.07545897510353054,0.12952271655319955,0.1257057585708063,0.11083434822818573,0.107693995175636,0.08585899314636529,0.08587003108996073,0.4973118305206299,0.4975501149892807,0.4971311390399933,0.4969085454940796,0.5000605434179306,0.49915388226509094,0.24968207627534866,0.2489519789814949,0.30585208535194397,0.3036438226699829,0.49753400683403015,0.503083348274231,-170.16372680664062,-172.56301879882812,-3.1473605632781982,-1.7110341787338257,1.57795250415802,1.8414657115936282,0.6370221376419067,0.6385688781738281,0.5162618838854601,0.5209893566382806,0.8799923658370972,0.8800668716430664,0.8109198724689374,0.792436108740759,0.3317325711250305,0.32756102085113525,-0.6344940461516578,-0.6412370053096693,0.8888626098632812,0.8851544260978699,0.8297272981275928,0.8031303741535917,0.7264086008071899,0.7323868870735168,0.8531944680090251,0.8715842390548723,0.8072882890701294,0.8137063384056091,0.6567666705006976,0.6529433206668288,0.268167644739151,0.26654160022735596,-0.8740951462334065,-0.8692646180209579,0.7940710783004761,0.8039566874504089,0.6287424461128176,0.6324491213567957
94,3.9166666666666665,98,3.92,3.3333333333334103,0.04345862894911346,0.04687535864081922,0.5304968566333327,0.5350553750673234,0.07551878855769525,0.06858875068539287,0.0762854809696222,0.0709299511097195,0.13084429965078856,0.1280881727465691,0.1142861534418479,0.1106283949653847,0.08570291231544264,0.08684453506421429,0.49753081798553467,0.497685968875885,0.49751412868499756,0.4962043762207031,0.5002677589654922,0.49941286444664,0.2472216561436653,0.24734003096818924,0.30205416679382324,0.2998255491256714,0.49694301187992096,0.5017047226428986,-172.30706787109375,-174.87957763671875,-3.2288806438446045,-0.07079959660768509,1.354727864265442,2.2842092514038086,0.638374924659729,0.6396085619926453,0.5200266565436688,0.5272792993959278,0.8794808387756348,0.8796316981315613,0.8102262449140073,0.799533112070822,0.33063045144081116,0.32586681842803955,-0.6387497811115481,-0.6527107404818395,0.8892530798912048,0.8840762972831726,0.8309241358591062,0.8089359978717107,0.7284194231033325,0.7344967126846313,0.8590788645185136,0.8841558547654493,0.8087263107299805,0.8086271286010742,0.6603660963522243,0.6493175727472406,0.266878604888916,0.26690495014190674,-0.8788000308159377,-0.8744677069592529,0.7934557199478149,0.7993751764297485,0.6280225408731333,0.6297443678901231
95,3.9583333333333335,99,3.96,1.666666666666483,0.052114282045898276,0.04906592649268944,0.48400760083945066,0.5122349685066686,0.08004046155828556,0.07730142781222238,0.08009094266856447,0.07803252546460433,0.12519050463689504,0.1195445017601186,0.10859786274902299,0.09889406622180338,0.0865683942503101,0.085817107274127,0.49769072234630585,0.49797670543193817,0.49793708324432373,0.49718770384788513,0.5004196763038635,0.49998244643211365,0.24289947748184204,0.24232221394777298,0.2966696619987488,0.295703262090683,0.4964853525161743,0.500961184501648,-173.58148193359375,-174.04881286621094,-3.9026277065277104,-2.2785122394561768,1.1659818887710571,2.061385154724121,0.6386290788650513,0.6418595910072327,0.5180628731274339,0.5308294965405088,0.8812578916549683,0.8775556087493896,0.8112813197291275,0.7925725382859002,0.3307993710041046,0.32627660036087036,-0.6358032165390646,-0.6499157217484044,0.8875688314437866,0.8866392374038696,0.8245877463573459,0.8116897480903439,0.7284238338470459,0.7353594899177551,0.854648719645012,0.8806568377510757,0.8132284879684448,0.8050487637519836,0.6678433692799662,0.6399761893158158,0.2670125961303711,0.2660475969314575,-0.8749009859110821,-0.8752609079890542,0.7947210073471069,0.8027727007865906,0.6288209033395781,0.635186036075009
96,4.0,100,4.0,0.0,0.05501773900696157,0.05109333279413268,0.48927928096418927,0.5108717804497408,0.08754852127225583,0.07979061090039322,0.08565159764711412,0.07929645958693335,0.11973954267128846,0.12091453191270973,0.10248681587893063,0.09917476753934912,0.08541922765368315,0.08486672555035468,0.4972345530986786,0.4970882087945938,0.4973994493484497,0.4969945251941681,0.5005728155374527,0.49987585842609406,0.2414112240076065,0.24095329642295837,0.2973930835723877,0.29547128081321716,0.49724577367305756,0.5003105849027634,-172.21824645996094,-173.48533630371094,-3.923662662506104,-4.905009746551514,0.8951854109764099,1.5516806840896606,0.6387619376182556,0.6414951086044312,0.5152459606954517,0.5288754622555533,0.8810139894485474,0.8784161806106567,0.8048820976272312,0.7942674385440421,0.3325170874595642,0.32471323013305664,-0.6266052910679446,-0.6541428223332625,0.889609694480896,0.8865712881088257,0.8229099822008435,0.8113984633613158,0.7283877730369568,0.7363124489784241,0.8494209592632753,0.8829697302098709,0.8136613368988037,0.8082255125045776,0.6636224986386844,0.6468214266384675,0.26644954085350037,0.2653941810131073,-0.872941876822706,-0.8756691295575044,0.7965813279151917,0.8034268617630005,0.6278003724356535,0.6367411419871807
97,4.041666666666667,101,4.04,-1.6666666666669272,0.06833031493650049,0.058390106358403096,0.48585514706167543,0.5010854575074832,0.08840559643738502,0.0850798226240597,0.08610911411010379,0.08291075722400287,0.11785261210974896,0.11624389188273763,0.09906440635458248,0.09700871016257971,0.08534743300327634,0.08532858047907572,0.49733760952949524,0.4971512407064438,0.4975315034389496,0.4969326853752136,0.5004420578479767,0.5004417598247528,0.2409854531288147,0.2405892014503479,0.2974209487438202,0.2971247434616089,0.49709343910217285,0.49984854459762573,-173.2312469482422,-172.93389892578125,-5.400521755218506,-4.074147701263428,1.0390578508377075,1.2733591794967654,0.6383020877838135,0.6412243247032166,0.5112511297786155,0.5248293443142117,0.8814247846603394,0.8787586688995361,0.8017228200845229,0.7945623319760792,0.33417409658432007,0.32429763674736023,-0.6166013679352503,-0.6566552093955468,0.8911005258560181,0.8864332437515259,0.8219066083897458,0.8106556683643757,0.7290840744972229,0.7371494770050049,0.8479142894513592,0.8824328219128068,0.8140490651130676,0.8095542788505554,0.6611757309518009,0.6494429540190857,0.26478278636932373,0.26442795991897583,-0.8739376369085473,-0.8798459380292416,0.7995806932449341,0.8035112619400024,0.630994419876834,0.6367709421073796
98,4.083333333333333,102,4.08,-3.333333333332966,0.07085614011203362,0.05638289379657895,0.4703882657939662,0.48947272832684857,0.0855805342894552,0.0825636856817608,0.08273822342746948,0.08057385111927298,0.12028711070176065,0.1168937009031272,0.09654893328013005,0.09491235604837414,0.08476823888584863,0.08525528913157171,0.4972376227378845,0.49721844494342804,0.4969179928302765,0.4968687891960144,0.5004851371049881,0.500476598739624,0.24183282256126404,0.24167118221521378,0.3003341555595398,0.29999294877052307,0.49635811150074005,0.5007287561893463,-172.65576171875,-172.61563110351562,-6.596163272857666,-5.456885337829591,1.5752577781677246,1.5449446439743042,0.6386827826499939,0.6413659453392029,0.5138183680997357,0.5257776020837622,0.8817465305328369,0.8794019222259521,0.8059909549906613,0.794897230591552,0.33246690034866333,0.3252958059310913,-0.6246912230716339,-0.6537480611346523,0.88922518491745,0.8871035575866699,0.821631611252824,0.8110642293872067,0.7301048040390015,0.737345278263092,0.8537251273880567,0.8839578671803452,0.8147263526916504,0.8111711740493774,0.6658267609613564,0.6516696728154991,0.2651183009147644,0.2650887370109558,-0.8750930828027333,-0.8784316805092862,0.7984375953674316,0.8039984703063965,0.6317608928059752,0.6366129884435253
99,4.125,103,4.12,-4.999999999999893,0.05359775084413802,0.0499509532027256,0.46666450665909204,0.49918666243558785,0.0921501797776053,0.08833080402698638,0.09003770274339949,0.0870204894307828,0.1139853026330297,0.11600920392315718,0.09279222313080222,0.09216012551230125,0.08513376109404304,0.0848942116842433,0.4966602772474289,0.49661679565906525,0.49617913365364075,0.4957009255886078,0.4989506006240845,0.5002050250768661,0.24656992405653,0.24665585160255432,0.3080247640609741,0.3086049258708954,0.49684344232082367,0.5016402751207352,-169.990478515625,-170.2600555419922,-2.3450405597686768,-2.0759963989257812,1.4107149839401245,1.7934620380401611,0.6381241679191589,0.6416868567466736,0.5200090696875275,0.5287011260357355,0.8820884227752686,0.8797715902328491,0.809680490175486,0.7948308837462119,0.3300579786300659,0.3256513476371765,-0.6310515491349706,-0.6522867616770943,0.8886700868606567,0.8868638277053833,0.8235133634722158,0.8097387455200006,0.7281625866889954,0.7357451319694519,0.8564292340235442,0.8801859452266524,0.8135625720024109,0.8116081953048706,0.665657732557699,0.6515516332200194,0.2647661566734314,0.2657899260520935,-0.8750083597115635,-0.8759819218584789,0.7972489595413208,0.8030182123184204,0.6313709425820143,0.6334955148938745
100,4.166666666666667,104,4.16,-6.666666666666821,0.0405006572432485,0.04256813635229345,0.5060650580002662,0.5150083087347067,0.08889209744945298,0.08721119211658301,0.08774476835521511,0.0865431832493071,0.11843902759991323,0.11687960467404823,0.09856637313812887,0.09619364429404724,0.08445020779395293,0.08417049864398235,0.4965967833995819,0.49657419323921204,0.49622657895088196,0.49565261602401733,0.4991070032119751,0.5006064474582672,0.2484176680445671,0.24874325841665268,0.31048744916915894,0.31067654490470886,0.49645568430423737,0.5010951012372971,-169.06732177734375,-169.33184814453125,-1.9075908660888672,-1.4136741161346436,1.3938288688659668,1.7978371381759644,0.6373862624168396,0.6404197216033936,0.5200129495203002,0.5238223010501065,0.8824241161346436,0.879725456237793,0.8164534464115171,0.7979460574953877,0.32878828048706055,0.32682621479034424,-0.6405005484697973,-0.6510823947849551,0.8876335620880127,0.8863080739974976,0.8274731820991021,0.811818621646639,0.7269616723060608,0.7358121871948242,0.856870214802389,0.8812182717436957,0.8115397691726685,0.8110547661781311,0.6665091385330842,0.6532257368055077,0.26552528142929077,0.26624253392219543,-0.8784073677910679,-0.8780642984166372,0.7966140508651733,0.8008130192756653,0.6349362088648972,0.6316417262929922
101,4.208333333333333,105,4.2,-8.33333333333286,0.05714708655066121,0.04800499226601296,0.5359502816462934,0.5203519006069928,0.08703959209091915,0.08664436306902779,0.08656427092124641,0.08572634768255313,0.11660208637591364,0.11597606930047291,0.09560877247889789,0.09615731003778663,0.0849333258679083,0.08388222023885969,0.4964977651834488,0.4962705075740814,0.4958321154117584,0.4957008957862854,0.49978432059288025,0.5002704858779907,0.2491806298494339,0.24922803789377213,0.3113727569580078,0.3103961646556854,0.49721336364746094,0.5009550303220749,-168.94911193847656,-169.46754455566406,-2.0255351066589355,-2.97257137298584,1.6333725452423096,1.5181752443313599,0.6377733945846558,0.6391886472702026,0.5195144961645828,0.5209295852759157,0.881856381893158,0.8805721402168274,0.8145792645109312,0.8007340593345447,0.33029305934906006,0.3269754648208618,-0.6381169511626051,-0.649839463357109,0.8887628316879272,0.8863124847412109,0.829205425723641,0.812842284314875,0.7267842888832092,0.7360026240348816,0.8546312453894388,0.8839725759079797,0.810167670249939,0.8130410313606262,0.6627602135103277,0.6582893235301418,0.2657718062400818,0.2663341760635376,-0.8810327511687435,-0.8772383943994037,0.7958256006240845,0.8009681701660156,0.6323872391595218,0.6328237928673558
102,4.25,106,4.24,-9.999999999999787,0.08829993081614979,0.052780660117551996,0.5636629102715741,0.5327993247268268,0.08973157841345275,0.08718533437013036,0.08874357658988127,0.08622726954758263,0.11073189119295593,0.11169111889930071,0.09144162852891756,0.09259809846589034,0.08434799836564702,0.0846258304811694,0.49603262543678284,0.4960547387599945,0.4955560863018036,0.4954603612422943,0.4997750073671341,0.4996991902589798,0.2494792342185974,0.24897363036870956,0.31170547008514404,0.3110332489013672,0.49776436388492584,0.5018646419048309,-169.11708068847656,-169.09222412109375,-3.4208884239196777,-3.025805950164795,1.3549818992614746,1.44273841381073,0.6382340788841248,0.638204038143158,0.5200732834875362,0.5188141848044132,0.8815259337425232,0.8808860182762146,0.8108250139054298,0.7986069732781271,0.33172839879989624,0.3287661671638489,-0.6312085624941048,-0.6402842816549872,0.8891690373420715,0.8872023820877075,0.8269736334367811,0.8119157007011345,0.7267728447914124,0.7356479167938232,0.8526383238047891,0.883821383026102,0.8106092214584351,0.8127341866493225,0.6609896767057981,0.6550094577501822,0.2655525207519531,0.26539212465286255,-0.8797752024909739,-0.8776720172134731,0.796609103679657,0.8007583022117615,0.6314097328441247,0.629775986977183
103,4.291666666666667,107,4.28,-11.666666666666714,0.08160186981427148,0.05667178825695968,0.5459353042874018,0.5319861047979192,0.09061486025618734,0.08639832270339541,0.08973818752142758,0.08590851169302609,0.1056606516203216,0.10925962752050979,0.08749431817547718,0.08993327441769905,0.08533226162343349,0.08539704772559516,0.4956447035074234,0.4957475960254669,0.495574414730072,0.49504557251930237,0.4996451586484909,0.4991401880979538,0.24884431809186935,0.2485300377011299,0.31186816096305847,0.3109991252422333,0.4986211508512497,0.5026358962059021,-168.74868774414062,-169.61505126953125,-5.0721259117126465,-3.613204002380371,0.885459840297699,1.504113793373108,0.6382181644439697,0.6382060647010803,0.5205846095545672,0.5191573888049744,0.8815268874168396,0.882000207901001,0.8091463638594659,0.7966314744519453,0.33048737049102783,0.3295480012893677,-0.6354840944349368,-0.6331174765218539,0.8886659145355225,0.8872904181480408,0.824232368802583,0.8077404476983461,0.7267587184906006,0.7351475954055786,0.8532096362941852,0.8810571817421952,0.8107225894927979,0.8116353154182434,0.6595245777647386,0.6488714287119444,0.2656516432762146,0.26506859064102173,-0.8790559325685887,-0.8738304629247767,0.7970237135887146,0.802539587020874,0.6305764723480617,0.6297712042020689
104,4.333333333333333,108,4.32,-13.333333333332753,0.037572318797553086,0.05291021709180105,0.5251896894065488,0.5276839800636675,0.0888066149923896,0.08482772940948455,0.08933525379385694,0.08413027234429327,0.10838016480217452,0.1088576137828531,0.08939448154306644,0.0897397283295897,0.08544068173105128,0.0861918924257811,0.495250940322876,0.49531859159469604,0.49441733956336975,0.4946531057357788,0.4999655932188034,0.49902981519699097,0.24886858463287354,0.24822800606489182,0.31054815649986267,0.30926036834716797,0.49844078719615936,0.5035600066184998,-168.02418518066406,-170.4647979736328,-1.7707079648971558,-2.6354715824127197,1.6831016540527344,1.4520859718322754,0.6389325857162476,0.6379419565200806,0.523388874043333,0.5185191641521236,0.8815197944641113,0.8829107284545898,0.8115657449131708,0.7965041590322154,0.3303653597831726,0.32957714796066284,-0.6387622961401702,-0.6325181840971608,0.8874702453613281,0.8867518901824951,0.8241719750206616,0.8045692584657519,0.726593017578125,0.7352875471115112,0.8535427753820568,0.881882321516206,0.8109649419784546,0.812115490436554,0.6620929199125846,0.6478588599060794,0.26579445600509644,0.26480743288993835,-0.8819545248630395,-0.8742849454541176,0.7962751388549805,0.8050732612609863,0.6309720785499796,0.6330726356963329
105,4.375,109,4.36,-14.99999999999968,0.0424306615195342,0.0457329068363774,0.5221595634770995,0.5291733734955606,0.09214133813132075,0.08349930515272522,0.09154769403447348,0.08279701082882401,0.10896599062919636,0.11012558901813851,0.09123526084028545,0.09017450013277631,0.08439657076312915,0.08591128891760871,0.4953879863023758,0.4952554553747177,0.4946609139442444,0.4943922162055969,0.5000580251216888,0.49907150864601135,0.2485213503241539,0.24816788733005524,0.30961593985557556,0.3088099956512451,0.49878984689712524,0.5030632615089417,-167.75518798828125,-170.00619506835938,-0.9392186999320984,-1.8914996385574343,1.4173637628555298,1.6334490776062012,0.6379915475845337,0.6379278302192688,0.5195317245761922,0.518128876422043,0.8821113705635071,0.8830007314682007,0.8121345333224386,0.7974561176401446,0.3317125737667084,0.3290896713733673,-0.6340793819034803,-0.6342707149401516,0.8889756202697754,0.8867198824882507,0.8266776619693463,0.8052622962033816,0.7264825701713562,0.7352294921875,0.8528364408856497,0.8812005768559289,0.8105289936065674,0.8108621835708618,0.6604745906508352,0.6460435013889015,0.26548460125923157,0.26534342765808105,-0.8835294949553125,-0.8721336315010066,0.7960327863693237,0.8050954341888428,0.6297618083709375,0.633939589726591
106,4.416666666666667,110,4.4,-16.666666666666607,0.04057399085434815,0.04625780618499273,0.5336737477827753,0.5298457719104744,0.08945091589685146,0.0851328284302034,0.0897187845118564,0.08411771370956306,0.11124260465942347,0.11063733977995273,0.09383834447882222,0.09092503176197309,0.0840041581389172,0.0853391292986711,0.495003342628479,0.49504461884498596,0.4944373369216919,0.494247704744339,0.500077411532402,0.4988020658493042,0.24840180575847626,0.24770435690879822,0.30920836329460144,0.3082430064678192,0.4985479563474655,0.5029338896274567,-167.195068359375,-169.46820068359375,-1.5787062644958496,-2.256208896636963,1.414023756980896,1.519417405128479,0.6375070810317993,0.6377763748168945,0.5180379991680215,0.5191699471778409,0.8822898864746094,0.8834816813468933,0.8136598712802465,0.7996625444389168,0.3326205611228943,0.33073675632476807,-0.6312247715439679,-0.6278459559646322,0.8885636925697327,0.8868206143379211,0.8269624161913641,0.8066787976124076,0.7259251475334167,0.735399603843689,0.8513278806590326,0.8838635875613361,0.8099673986434937,0.8098831176757812,0.6603122657166961,0.645006503928552,0.26546040177345276,0.2655929923057556,-0.8843834577281239,-0.871205212621225,0.7958524823188782,0.805256724357605,0.6303839725119038,0.6352848512665505
107,4.458333333333333,111,4.44,-18.333333333332646,0.04083361314041535,0.04732439427825639,0.5432223550473443,0.5300088089495564,0.09129591418786433,0.08577123141406058,0.09130724816197548,0.08515336866593727,0.1097340380567808,0.11034547865369998,0.09505701392103277,0.09049752178914024,0.08443053137490715,0.08570818679130329,0.49481141567230225,0.49507473409175873,0.4943092465400696,0.4943529963493347,0.5002196580171585,0.4989217668771744,0.24783949553966522,0.24743131548166275,0.3079843521118164,0.3072930574417114,0.49932169914245605,0.5031735301017761,-167.17015075683594,-169.90512084960938,-0.8817564249038696,-2.6105551719665527,1.1714699268341064,1.59127938747406,0.6378650665283203,0.6378502249717712,0.518140974984098,0.518919689109037,0.8830580115318298,0.8837895393371582,0.8125341696373144,0.7996841931364592,0.3327769637107849,0.33045753836631775,-0.6303074095990155,-0.6292404470891292,0.8884298205375671,0.8867678046226501,0.8239085906368525,0.8059416064190993,0.7257524728775024,0.7357907891273499,0.8489770479570377,0.8847431337784566,0.8096095323562622,0.8111342787742615,0.6570122731911755,0.6470335898760271,0.2657763659954071,0.26595085859298706,-0.8825189101515243,-0.8701830636885343,0.7962232232093811,0.8056154251098633,0.6286677219042678,0.6354383339420521
108,4.5,112,4.48,-19.999999999999574,0.059279923117176676,0.04593218314007356,0.5547899338839112,0.5347563013390471,0.08874518946631987,0.08711256742572035,0.08922230721051251,0.0879001773733441,0.10605826287855825,0.10675901140527636,0.09134507022600524,0.09348702458730458,0.08444743747833232,0.08549840238865077,0.49511927366256714,0.4948495924472809,0.4942905902862549,0.4942936897277832,0.5003656148910522,0.4993330389261246,0.24534758925437927,0.24558479338884354,0.30451491475105286,0.3044837713241577,0.500612810254097,0.5026707351207733,-170.57154846191406,-171.16180419921875,-1.4913551807403564,-2.2602009773254395,1.327534794807434,1.1486971378326416,0.6385770440101624,0.637908935546875,0.5196173305591714,0.5167572910662673,0.8837162256240845,0.8842053413391113,0.8101738481500192,0.8003047198717816,0.3324556350708008,0.3298785388469696,-0.6312714950169033,-0.6319053353090872,0.8889039754867554,0.8864915370941162,0.8211447220729801,0.8051002304846098,0.7270724773406982,0.7363145351409912,0.8523232516755903,0.883717291413057,0.8107558488845825,0.8115501999855042,0.6558797677163312,0.6479037276667171,0.26562029123306274,0.2655014395713806,-0.8825445132709917,-0.8719711493474577,0.795922040939331,0.8047910928726196,0.6245097438962194,0.6337258648034338
109,4.541666666666667,114,4.56,18.333333333332646,0.08746523666781521,0.09443479027666554,0.5601078771113855,0.5600932188505229,0.08819219687733633,0.08669294851142005,0.08812362073516362,0.08557832745033282,0.10540154034116724,0.10734542046242822,0.09305256213566064,0.09460883845475629,0.08507555102457236,0.08528144109142961,0.4948791414499283,0.49469567835330963,0.49454325437545776,0.49486929178237915,0.5004674941301346,0.4994828701019287,0.2446111962199211,0.2441498264670372,0.30132144689559937,0.3016319274902344,0.4991885870695114,0.5020548701286316,-172.26576232910156,-172.5222625732422,-2.6785168647766113,-4.728694915771484,0.896271049976349,0.5002123117446899,0.6390016078948975,0.6380279064178467,0.5207572075815052,0.5146413491369719,0.8823866844177246,0.8828920125961304,0.8102600558643193,0.7957479541103097,0.33338218927383423,0.3290345370769501,-0.6280826752363671,-0.6331497857931156,0.8901221752166748,0.8871971368789673,0.8266165024392609,0.80474338406775,0.7280138731002808,0.7364804148674011,0.8553591147158778,0.880354427870897,0.8112463355064392,0.8111034035682678,0.6598360754689113,0.6457477771521977,0.26578181982040405,0.26434120535850525,-0.8821961110636124,-0.8734605497228143,0.7951907515525818,0.8053509593009949,0.6258870594340918,0.6337282148606687
110,4.583333333333333,115,4.6,16.666666666666607,0.1161476892701646,0.12548976983133275,0.5652595295872782,0.5651484753760817,0.08697299837069325,0.08533798488014055,0.08604169240909977,0.084005667089681,0.11239948162061861,0.10858847090354849,0.10127515625867725,0.09860787992879204,0.0846506772297956,0.08594385293738353,0.49474771320819855,0.4951864331960678,0.4951172471046448,0.4950644075870514,0.5004644691944122,0.5003794729709625,0.24290740489959717,0.24250110983848572,0.29985490441322327,0.29811012744903564,0.4966513514518738,0.5015210509300232,-172.05274963378906,-174.2083740234375,-4.926497459411621,-2.5138132572174072,0.4041669964790344,0.5563048124313354,0.6391169428825378,0.638597846031189,0.5220778200970481,0.5112555006766598,0.8808687925338745,0.8818140029907227,0.8137803949368082,0.7912487201158469,0.33458131551742554,0.32932248711586,-0.6246113968172333,-0.6327221411402677,0.8917133808135986,0.8874884843826294,0.8367494546139235,0.8030552132794403,0.7287866473197937,0.734986424446106,0.8597174061505235,0.8677869069286873,0.810488224029541,0.8120992183685303,0.664712912023897,0.6461980853182366,0.26603448390960693,0.2660774886608124,-0.8827155580229357,-0.8666588648516717,0.7948623895645142,0.8051180839538574,0.6316170751812045,0.6316729313793202
111,4.625,116,4.64,14.99999999999968,0.12704714574716341,0.15962191684242463,0.5616613548101828,0.576070327513021,0.08651418966571842,0.08758652244412052,0.08503446581930041,0.08623019368605334,0.1129218204980892,0.10595231496976382,0.10473852835468904,0.09843145629383043,0.08501853271993433,0.08553357408039476,0.4946436882019043,0.4953535497188568,0.49512720108032227,0.4953640103340149,0.5008136034011841,0.500593289732933,0.24252168089151382,0.24201013147830963,0.29843786358833313,0.2978072464466095,0.49658694863319397,0.5011755526065826,-173.08657836914062,-173.89602661132812,-4.937085151672363,-2.628420829772949,0.197139173746109,0.3832613229751587,0.6389749050140381,0.638517439365387,0.5177799870482394,0.5092064578072364,0.8811475038528442,0.8821828961372375,0.8106737436550946,0.7912422347868351,0.335672527551651,0.329038143157959,-0.6188906959931848,-0.633369781425779,0.8919447064399719,0.8878741264343262,0.8334348108615578,0.8030612767434179,0.7294709086418152,0.735000729560852,0.8569271942568637,0.8654161177467314,0.8141005635261536,0.8131709098815918,0.6693352902502386,0.6479242668810483,0.26550567150115967,0.2655990719795227,-0.881851404910384,-0.8675824614200849,0.7958128452301025,0.8052732348442078,0.6307838245506387,0.6315230763205383
112,4.666666666666667,117,4.68,13.333333333332753,0.1990244595400013,0.22597611375654672,0.5649774938400257,0.5819739965747274,0.0878390953726241,0.08731624486825354,0.08700708632404386,0.08696943190299125,0.11289202838667259,0.1062717206943206,0.10759294411085608,0.09868466232015843,0.08516852551827414,0.08587324644061388,0.4949667304754257,0.49570977687835693,0.4951396882534027,0.49467965960502625,0.5002698302268982,0.5008803457021713,0.24085663259029388,0.24063564836978912,0.29557332396507263,0.294686883687973,0.4971517473459244,0.4994265139102936,-174.54876708984375,-175.78643798828125,-2.9565505981445312,1.844179391860962,0.1356329321861267,0.9500744938850403,0.640137791633606,0.6392034888267517,0.5196928141534932,0.50915529725302,0.8813292384147644,0.8821707963943481,0.802939659635024,0.7924769811932928,0.33387458324432373,0.3272813558578491,-0.618257485820427,-0.6390025796146251,0.8907687067985535,0.8882004618644714,0.8226683624024046,0.8049614814407074,0.7306212186813354,0.7347732782363892,0.8558926583762294,0.860939268005095,0.8156746029853821,0.8119295239448547,0.6657199842228494,0.6470415192062958,0.26424646377563477,0.26628488302230835,-0.8769674361690938,-0.863525219546212,0.7951735854148865,0.8016850352287292,0.6228723930627631,0.6258301729807331
113,4.708333333333333,118,4.72,11.666666666666714,0.25048153952967767,0.2982728078774048,0.5655032686308411,0.5922461299505908,0.06590730583346839,0.06201981350672487,0.06423313455571132,0.06138753505894297,0.1288784229624647,0.12104107075628641,0.1226570829629313,0.11353225162210047,0.08556591834948508,0.08644876079933238,0.4952714443206787,0.49597059190273285,0.49448543787002563,0.493996262550354,0.4999832361936569,0.5008727461099625,0.24142591655254364,0.24061813205480576,0.2928091287612915,0.289777010679245,0.4977855533361435,0.49842415750026703,-176.4778289794922,-178.28784179687503,1.5609846115112305,6.032139301300049,0.5442342162132263,1.02073335647583,0.640204668045044,0.6401849985122681,0.5182466404970854,0.5118314903364771,0.8818631172180176,0.8817857503890991,0.7984791183915643,0.7922619817991707,0.33240652084350586,0.32809412479400635,-0.619349471825359,-0.6347865153385752,0.8901575803756714,0.8885064721107483,0.8157229156150118,0.8061511465175011,0.7306922078132629,0.7362992763519287,0.8526809910279455,0.8649541570149579,0.814245343208313,0.8133386373519897,0.6579049592733441,0.6508079435514288,0.26334095001220703,0.2651159167289734,-0.8746100235452212,-0.8661676719619039,0.7955814599990845,0.8008912801742554,0.619103627427646,0.6250840107195511
114,4.75,119,4.76,9.999999999999787,0.318993180669745,0.31699292057394907,0.5927089405452602,0.6007368752374909,0.041622701831568645,0.0445137607707642,0.04036404866556503,0.04478349898277847,0.14861027894059445,0.14019338384620816,0.14844330222252702,0.1444711958557194,0.08383071878810346,0.08484159811621045,0.4956531375646591,0.4957573711872101,0.49424099922180176,0.49388059973716736,0.4997727870941162,0.5009787380695343,0.24288702756166458,0.24352886527776718,0.2882305681705475,0.2885683476924896,0.4971088767051697,0.49711038172245026,-179.815673828125,-180.12117004394534,6.981341361999512,7.357709884643555,0.12311124801635742,-0.07232318073511124,0.6401380300521851,0.6400203704833984,0.5186568291729705,0.5103743688820457,0.8802217245101929,0.8807439804077148,0.796287250334494,0.792105740069489,0.33211904764175415,0.32894080877304077,-0.6194892344490819,-0.6314925110136782,0.8896534442901611,0.8886920213699341,0.8158907646842363,0.8085164217461122,0.7302836775779724,0.7356888055801392,0.8517496570280547,0.8615405364303158,0.8124719858169556,0.8123555183410645,0.6554716826916824,0.650900971917885,0.26382648944854736,0.26536673307418823,-0.871833767484089,-0.8648512410484526,0.7955973744392395,0.8012159466743469,0.6203983669012834,0.6279005916348185
115,4.791666666666667,120,4.8,8.33333333333286,0.3446796955118819,0.31024790131048396,0.6003202225558185,0.6001996265586339,0.043797144573453205,0.0402249770362171,0.04126897781774752,0.040144989308426714,0.1496400019621416,0.1452599037589927,0.1536726004371973,0.15133212595014112,0.08475440484264106,0.08508866425428172,0.495329350233078,0.4956158399581909,0.49417322874069214,0.4936198890209198,0.49960896372795105,0.5008835196495056,0.24239888787269592,0.24171286076307297,0.28773602843284607,0.2869933843612671,0.4965361952781677,0.4967540055513382,-179.84349060058594,-179.912826538086,5.251681327819824,8.103666305541992,-0.3397793769836426,0.012108187191188335,0.6397768259048462,0.6399932503700256,0.5177194519218545,0.509960531329641,0.8801887631416321,0.880373477935791,0.797088731103062,0.7910468864088026,0.33152538537979126,0.32827654480934143,-0.6208280322464497,-0.6327576377639261,0.889028012752533,0.8875370025634766,0.815453436168098,0.8058185136602066,0.7302724123001099,0.7353901267051697,0.8519710033279483,0.8596746849771397,0.8136429786682129,0.8118683099746704,0.6588311007643212,0.6497850274063794,0.2632210850715637,0.26496076583862305,-0.8731145719016886,-0.8648661187322871,0.7956515550613403,0.8018157482147217,0.6214515490167531,0.6290560283511117
116,4.833333333333333,121,4.84,6.666666666666821,0.3123785200787771,0.2623843286613795,0.6057050976924911,0.6138351370599028,0.05942261045864425,0.057503239199000314,0.05867512169325334,0.05559852927108041,0.12345803631151643,0.12541662605462145,0.13851403793442105,0.13807720746300628,0.08688151234412779,0.08605422633446136,0.4926633983850479,0.4925827980041504,0.4915459454059601,0.4916863441467285,0.49965426325798035,0.4994477331638336,0.23835983127355576,0.23833220452070236,0.28519904613494873,0.28534820675849915,0.49520839750766754,0.49971505999565125,-179.482421875,-179.13710021972662,5.4702959060668945,5.293135643005371,-1.2125999927520752,-1.2990611791610718,0.6389051675796509,0.6386411190032959,0.5164796228326092,0.5076459253900313,0.8808466196060181,0.8816928267478943,0.8045587568285648,0.7836153193483257,0.3358578085899353,0.32718950510025024,-0.607518719827123,-0.6282352215516928,0.8915602564811707,0.8853845596313477,0.8269106656162448,0.7911887927130528,0.7286437153816223,0.7351147532463074,0.8493186198077656,0.8594905697003385,0.8122684955596924,0.8119863271713257,0.6614839082616211,0.6406146379453787,0.2652319073677063,0.26526394486427307,-0.8694691825774992,-0.8540811418998444,0.7972328662872314,0.8052539825439453,0.6301150073011214,0.6268034456605421
117,4.875,122,4.88,4.999999999999893,0.21386608334069365,0.20685731202274232,0.5971086621390009,0.6314599432619113,0.0625370665539073,0.057968616646249395,0.061826764100678305,0.0566390907223535,0.11614942098122243,0.12001629219548136,0.13353363118984607,0.1378556056677498,0.08725723771509092,0.08619267942644131,0.4909657984972,0.4909219592809677,0.4898543655872345,0.4898129105567932,0.499299094080925,0.4998236745595932,0.23927497118711472,0.23917590081691742,0.28663352131843567,0.2861463129520416,0.4970358908176422,0.5007266104221344,-179.0987548828125,-179.14491271972662,5.013066291809082,4.892587661743164,-1.556210994720459,-1.8184347152709963,0.6373587846755981,0.6391117572784424,0.5141719859999507,0.511678334527692,0.8798184990882874,0.8810927867889404,0.8018926620964655,0.7859727437351609,0.33472633361816406,0.3278747797012329,-0.612913897779638,-0.6316586633085787,0.8887782096862793,0.8844324946403503,0.8206623920366453,0.7928737762305297,0.7283181548118591,0.7343714237213135,0.852929517519947,0.8616171557227352,0.8102616667747498,0.8098812103271484,0.6561778040393222,0.638824123234778,0.2662551701068878,0.26558539271354675,-0.8679192072561076,-0.8604803196231647,0.7970194220542908,0.8041307330131531,0.6284365779710948,0.6269415776429503
118,4.916666666666667,123,4.92,3.333333333332966,0.0786735986439502,0.08192867888166026,0.5612366505304135,0.5870381362153935,0.06643273619446179,0.06093724607494529,0.0661032356778133,0.06129896701065206,0.11625650911934696,0.11882199406444566,0.136882549229419,0.1361955140468172,0.08719503065605953,0.08702917616838698,0.48841091990470886,0.48834048211574554,0.487209290266037,0.4866388142108917,0.49926894903182983,0.49950192868709564,0.2396474853157997,0.23993420600891113,0.28679025173187256,0.28666356205940247,0.4980540871620178,0.5012042224407196,-178.5001678466797,-178.98011779785162,4.403506755828857,4.761058330535889,-1.9862164258956907,-1.3678444623947144,0.6375181674957275,0.6388534307479858,0.5141295712264179,0.5132399905573708,0.8805199861526489,0.8810608386993408,0.8000647659959302,0.7869570964997916,0.33170801401138306,0.3286890387535095,-0.6231357589833798,-0.6291141804720847,0.8872305154800415,0.8834277987480164,0.8141022477431871,0.7918607783831908,0.7292789816856384,0.7347765564918518,0.8553752475422348,0.8665306506717004,0.8092048168182373,0.8100812435150146,0.6508834810341202,0.6399071472659005,0.2663862705230713,0.26665738224983215,-0.8660582170237328,-0.8575805143641592,0.7972806692123413,0.8050645589828491,0.6259398445185788,0.629513974356677
119,4.958333333333333,124,4.96,1.6666666666669272,0.04876733666320617,0.05862765996298967,0.5246330788144965,0.548699600392553,0.06500838793368237,0.06285162694106584,0.0645422417438902,0.06329083948762071,0.12039997941519524,0.11626837803149231,0.1452047710489713,0.1393280429828603,0.08613242386995602,0.08702875496606408,0.4860071539878845,0.4858884960412979,0.4843882918357849,0.48385751247406006,0.4993851035833359,0.4990912228822708,0.2395622655749321,0.24005983024835587,0.28596174716949463,0.28548353910446167,0.49756602942943573,0.5017455816268921,-178.8448486328125,-179.92053222656256,5.813924312591553,6.109939098358154,-1.9159460067749021,-1.6114346981048584,0.637736976146698,0.6389988660812378,0.5118239999403279,0.5137727426794665,0.8803340196609497,0.8802545070648193,0.7965146051227202,0.7818586956455128,0.3313685953617096,0.3295550048351288,-0.6215664428727987,-0.6225756201590232,0.8868114948272705,0.8840900659561157,0.809993798017543,0.7897815341052689,0.7301515936851501,0.7319194078445435,0.8537060310622687,0.8549981432467741,0.8074115514755249,0.8089197874069214,0.6447678226497232,0.6345076898497224,0.2666575014591217,0.267135351896286,-0.8609610409225515,-0.8517948075759868,0.7965014576911926,0.8046801686286926,0.6220646466677839,0.6257502139087125
120,5.0,125,5.0,0.0,0.08540590498869038,0.08144599757724086,0.47694390751681365,0.47285685832257635,0.07429220571718527,0.07349898867839476,0.07275974395172148,0.07301677526082105,0.11541172459204158,0.10856251069875539,0.14055025216949588,0.13433419076558004,0.08626397143002078,0.08680867478609951,0.4845665395259857,0.4844510406255722,0.4832616150379181,0.4831635653972626,0.4985010325908661,0.49849218130111694,0.23799895495176315,0.23822962492704391,0.2839127480983734,0.28368958830833435,0.4960460215806961,0.5008556842803955,-178.8655700683594,-179.00721740722662,5.8977203369140625,7.046282768249512,-2.299389362335205,-2.2349307537078857,0.6365734338760376,0.6385058164596558,0.5117060089591172,0.5156550806861463,0.8815048933029175,0.8790171146392822,0.8035524167386626,0.7834093104439834,0.3354581296443939,0.32532799243927,-0.6042484405231247,-0.6377449858965479,0.8900812268257141,0.8827425241470337,0.8214311945657465,0.7911269681935305,0.7291856408119202,0.7329010367393494,0.854933347304437,0.8633024714177443,0.8053110241889954,0.8084074258804321,0.644713764527582,0.6371323949776488,0.26594972610473633,0.26578623056411743,-0.8618514620780038,-0.857030857512993,0.7995381355285645,0.8040547966957092,0.6326792286147715,0.6281153722078068
121,5.041666666666667,126,5.04,-1.6666666666669272,0.06181987197053479,0.08450414839888377,0.459528369327652,0.4664387163214064,0.07520827175022599,0.07218684424122598,0.07375766924151834,0.06939853210528728,0.11096265364818143,0.11175976908029271,0.13631112536366644,0.13448059080081687,0.08663905344411445,0.08607593349654004,0.4850289225578308,0.48497582972049713,0.4850027859210968,0.4837339520454407,0.49903057515621185,0.49799150228500366,0.23673589527606964,0.23646191507577896,0.28315651416778564,0.2816915512084961,0.4966821223497391,0.4996146410703659,-177.56036376953125,-178.4185638427735,3.2250847816467285,7.628010272979737,-2.7455737590789795,-2.2787647247314453,0.6372619867324829,0.6385211944580078,0.5093775167644955,0.5186961429322013,0.8821936845779419,0.8792945146560669,0.7990849728514294,0.7882882019423012,0.3326782286167145,0.3255082070827484,-0.613002097149834,-0.6366371302621598,0.889374315738678,0.88453209400177,0.8139689219163251,0.7991624207044461,0.7288128733634949,0.7352471947669983,0.8467390669210011,0.8757125321787314,0.8075923919677734,0.8070694804191589,0.6444520701817286,0.6383351853756166,0.26453322172164917,0.2663891315460205,-0.8641138668719802,-0.854846079420514,0.7966079711914062,0.8008236885070801,0.6216836594831249,0.6253677240519995
122,5.083333333333333,127,5.08,-3.333333333332966,0.044374306088902284,0.04849963403598112,0.4951343417278725,0.4868370637205225,0.07190262099091085,0.0713502836932704,0.07029452790743292,0.06983826887552738,0.1188794454172039,0.10760740878376517,0.14372356167520867,0.12852058940864777,0.0855902208558474,0.08591607004656358,0.4851761907339096,0.4854702800512314,0.4858846664428711,0.4847595989704132,0.49880775809288025,0.4975943863391876,0.23534636944532394,0.2349221035838127,0.2816486954689026,0.27965885400772095,0.4964773952960968,0.49855612218379974,-177.47169494628906,-178.66479492187506,1.075684905052185,4.954653739929199,-2.827819585800171,-2.2374746799468994,0.6362057328224182,0.6384702920913696,0.5058108278376054,0.5180489994725136,0.8822328448295593,0.8801127672195435,0.7988079668292284,0.7892519547288475,0.3320484161376953,0.32521140575408936,-0.6139004666556634,-0.6339113146523049,0.8892913460731506,0.8862252235412598,0.8134244473846525,0.801895603222133,0.7283617258071899,0.7351236939430237,0.8450698248758123,0.8734766920755734,0.8088016510009766,0.8088279962539673,0.6467493952264313,0.6417990258938414,0.2643144428730011,0.2653283476829529,-0.8632533203435413,-0.8541218478408461,0.7964740991592407,0.8020443320274353,0.6212219616293468,0.6277669802705422
123,5.125,128,5.12,-4.999999999999893,0.061946452504420275,0.04250525305056009,0.5286155030833064,0.5176899532583149,0.07162326790146833,0.06835602246126021,0.07010415705688067,0.06728647231970097,0.12052731135377577,0.11296118718674085,0.14175493964507535,0.13566434866178403,0.08497782883213048,0.08597712116104506,0.4858403354883194,0.48557400703430176,0.48631057143211365,0.485868901014328,0.4983111321926117,0.49780043959617615,0.2340225949883461,0.23406139016151428,0.2800898253917694,0.27866342663764954,0.4978945404291153,0.49750781059265137,-178.0216522216797,-179.21166992187506,0.5971823930740356,1.7179287672042847,-2.3697690963745117,-2.525405168533325,0.6364274621009827,0.6383013129234314,0.5091256955819354,0.5181278414729307,0.8814342021942139,0.8806096315383911,0.795266694242752,0.7946843290244422,0.3318626284599304,0.3245217204093933,-0.6135640173590914,-0.6390033500811392,0.8891447186470032,0.887068510055542,0.8112543939296482,0.8080822542234962,0.7275033593177795,0.7352244853973389,0.8448505121334083,0.8755533360863689,0.8087906837463379,0.8094143867492676,0.6446408880136509,0.6470010181090684,0.2645455300807953,0.26547592878341675,-0.8617089294022366,-0.8567476803385726,0.797430694103241,0.799403190612793,0.6210860322563064,0.6262343700550169
124,5.166666666666667,129,5.16,-6.666666666666821,0.07538580656295152,0.049767896296931693,0.561037336959346,0.5221127931682865,0.07310333046372793,0.0640962844223867,0.07273263706015401,0.06416777620658848,0.11572790795607117,0.12395203228859476,0.13522012181246829,0.1430131325390198,0.08507933990547231,0.0856813239479883,0.48638691008090973,0.4862762540578842,0.4872821271419525,0.48642510175704956,0.4979424774646759,0.49812664091587067,0.23379528522491455,0.23455411195755005,0.2813847064971924,0.280292272567749,0.498521164059639,0.49747391045093536,-177.43678283691406,-178.32211303710943,-1.0764881372451782,0.6940322518348694,-2.0411190986633305,-1.7061456441879272,0.635859489440918,0.6376981735229492,0.5086713722109041,0.5143994699638422,0.8808006644248962,0.8816248178482056,0.793090948812538,0.7963941388787216,0.33295580744743347,0.3249930739402771,-0.608510832939415,-0.6380944123893495,0.8898953199386597,0.8871310353279114,0.8119590517676851,0.8078092344669102,0.7272427082061768,0.7349945306777954,0.8457148349447174,0.8729911799994693,0.8107004165649414,0.809985339641571,0.647658426184133,0.6478763052423377,0.2642805576324463,0.26556190848350525,-0.8618018016150838,-0.8571316289280635,0.797257125377655,0.7990559935569763,0.6197684855707829,0.6252183679683617
125,5.208333333333333,130,5.2,-8.33333333333286,0.015595521244573718,0.04073378609448562,0.5568294729668672,0.5167827740195807,0.07808904290484246,0.07362766352736837,0.08013039312638176,0.07513309623447094,0.10765733171361563,0.10754015251338864,0.12611092742363506,0.1279982687960282,0.08475337181240261,0.08508087306073558,0.4857683777809143,0.4859160780906677,0.48533210158348083,0.4859141409397125,0.49778659641742706,0.4974093437194824,0.23458801954984665,0.23476897180080414,0.28527361154556274,0.2840125560760498,0.49771785736083984,0.4980185925960541,-174.71212768554688,-176.13859558105474,1.8551496267318723,1.4664833545684814,-1.307881236076355,-1.4954497814178467,0.6362012028694153,0.6381677985191345,0.5110103041559096,0.5190727419036645,0.8807330131530762,0.8826589584350586,0.7954011621645771,0.7978681310136687,0.3327421545982361,0.32555094361305237,-0.6093244967070861,-0.6337595215107615,0.8897309303283691,0.8875728845596313,0.814086986132783,0.8080611980995948,0.7264025211334229,0.7351166009902954,0.8440228688186068,0.8765893173350299,0.8105493187904358,0.8111876249313354,0.6496518589925402,0.6496135421868202,0.2641240656375885,0.26523903012275696,-0.8626543396275339,-0.8561708171549478,0.7987501621246338,0.7999415397644043,0.6251487478685728,0.6262855356896665
126,5.25,131,5.24,-9.999999999999787,0.016040706774776006,0.032839678827833146,0.5604270998052364,0.5274193386236274,0.08417540166475582,0.07516246153671528,0.08453428536175177,0.07712505327483923,0.10267387647781631,0.10724853015702793,0.11984220605420698,0.1240916532583324,0.08511559674579601,0.08539943862590102,0.4854011833667755,0.48574860394001007,0.48516878485679626,0.4853966534137726,0.4974694103002548,0.49782712757587433,0.23519343882799149,0.23562807589769363,0.28708159923553467,0.28710994124412537,0.49818433821201324,0.49718712270259857,-174.141357421875,-175.086166381836,1.8378059864044192,1.471776008605957,-1.5535141229629517,-1.0101215839385986,0.6369646787643433,0.6381274461746216,0.5150110545856459,0.5182563979007957,0.8799479603767395,0.8827216625213623,0.7928191715589298,0.8010725201907066,0.33163902163505554,0.3252433240413666,-0.612239284451417,-0.6375086047496064,0.8896263837814331,0.8878297805786133,0.8129186236287628,0.8116862851920922,0.7267457842826843,0.7349201440811157,0.8464793713534617,0.875799669798736,0.8099680542945862,0.8116349577903748,0.6474899470214358,0.6533669326766166,0.2637341618537903,0.26549243927001953,-0.8629413608192827,-0.858222845617056,0.7979008555412292,0.7988829612731934,0.6224296584993794,0.6268705414783501
127,5.291666666666667,132,5.28,-11.666666666666714,0.026462073000875542,0.025664322450559742,0.5689942633786848,0.5545928940020681,0.08213905550532329,0.07556456281750111,0.08184323231669868,0.07771486744652654,0.1008959580209901,0.10523054036206536,0.11702831006581299,0.12170178405752176,0.08588197796495764,0.08556427123094122,0.4852093309164047,0.4856633096933365,0.4854313135147095,0.4854201376438141,0.49777641892433167,0.49786145985126495,0.23654934018850327,0.23697009682655334,0.28818875551223755,0.2880714237689972,0.49805763363838196,0.4979463368654251,-175.1558380126953,-175.11186218261724,0.9131089448928832,0.8545650839805603,-1.824820160865784,-1.0614585876464844,0.6369847059249878,0.638245165348053,0.5155158133291203,0.5200398257156551,0.8803331851959229,0.8819656372070312,0.796298600961187,0.8001943511844192,0.33163192868232727,0.3241775631904602,-0.6152659002035942,-0.6433976295857736,0.8908265829086304,0.886583685874939,0.8181568597065166,0.8098171395553871,0.7268654108047485,0.7345484495162964,0.848361836198909,0.8767873765618918,0.808952808380127,0.8106927275657654,0.6476097979160753,0.6516805144145348,0.26541298627853394,0.2652130126953125,-0.8604877378297177,-0.8618269298694888,0.7973986864089966,0.7996743321418762,0.6235419988547453,0.6287211012562136
128,5.333333333333333,133,5.32,-13.333333333332753,0.04671716763160243,0.024586934539556002,0.5802568120565202,0.55996028120063,0.07904979405768973,0.07384300865354096,0.0791261132527751,0.07564804257782326,0.09729374947431324,0.10219786755135638,0.11727548009029248,0.12216836189152508,0.08505300856168364,0.08544167117092075,0.4850687086582184,0.4853152930736542,0.48546653985977173,0.48506230115890503,0.4975139647722244,0.49753469228744507,0.23772427439689636,0.2384047955274582,0.289884477853775,0.2890050709247589,0.4974537044763565,0.4986208379268646,-174.95460510253906,-174.76603698730474,0.6863163113594055,1.2232004404067993,-2.051776170730591,-1.364667296409607,0.6369339823722839,0.6383291482925415,0.5191174055676716,0.5206209936635668,0.8799170851707458,0.8813422322273254,0.801037492658643,0.7960519115309629,0.3294721245765686,0.3245804011821747,-0.6256880870537839,-0.6395396342192927,0.8893793225288391,0.8857319951057434,0.8208553556773369,0.8051825198078257,0.7268425822257996,0.734282374382019,0.8538836744119745,0.8754308727551159,0.8083668351173401,0.810034990310669,0.6511814912871635,0.6477344485432742,0.2662639915943146,0.26435601711273193,-0.8610376628847805,-0.8622336206634367,0.7946858406066895,0.8004235029220581,0.6225277950300436,0.6277427704654276
129,5.375,134,5.36,-14.99999999999968,0.0455836262900355,0.038099973952239914,0.5887989253362705,0.5709167191535703,0.0797761241566962,0.07788365641230673,0.07965330751688168,0.07887865210423721,0.09631636780371501,0.09878305066520437,0.11641162125768173,0.12042409190127479,0.08501591045582213,0.08514581371192391,0.48499198257923126,0.485139399766922,0.48562726378440857,0.4854380488395691,0.49728941917419434,0.4972022920846939,0.23900801688432693,0.23930570483207703,0.2914681136608124,0.29087239503860474,0.497120663523674,0.5001895576715469,-173.72584533691406,-174.25552368164068,-0.0934334248304367,0.6969832181930542,-2.0055685043334965,-1.933766484260559,0.6363111138343811,0.6377901434898376,0.5185514060492131,0.5203656144933332,0.880165159702301,0.8811095952987671,0.8036759851695949,0.7930802640680452,0.3296481668949127,0.32532769441604614,-0.6253024558056093,-0.6361689842879839,0.8892238140106201,0.8853884339332581,0.8226821920154809,0.8019888594133696,0.7264935970306396,0.7344568967819214,0.8549323829660613,0.8781636317128365,0.8095724582672119,0.8110735416412354,0.6555635349513533,0.647264327802292,0.26601922512054443,0.26473236083984375,-0.8626386305887764,-0.8604538544005618,0.7945871353149414,0.8017359972000122,0.624122424827337,0.6278234439429884
130,5.416666666666667,135,5.4,-16.666666666666607,0.04898691191255984,0.03951156692481421,0.5924734884119423,0.5776046733963147,0.08008744078085384,0.07582648345499414,0.08012299025668258,0.07592114462757422,0.09728154376703879,0.10403718828533677,0.11626169574009643,0.12462462387663141,0.0853158740726345,0.08463356759792359,0.48527705669403076,0.48537445068359375,0.4856584370136261,0.48568466305732727,0.4971886873245239,0.49725887179374695,0.23932437598705292,0.23963304609060287,0.29222431778907776,0.2908517122268677,0.4969756752252579,0.500669002532959,-173.11227416992188,-174.56672668457037,0.3831025958061218,0.6511104702949524,-1.8532477617263794,-1.8979853391647339,0.6362424492835999,0.6382535696029663,0.5194567189660549,0.522638055618464,0.8800467848777771,0.8807856440544128,0.8049493459066395,0.7925700530226021,0.3298768401145935,0.32570335268974304,-0.6250191434691187,-0.6359206716869183,0.888696014881134,0.8855929374694824,0.823124018593686,0.8025935994309533,0.7264372110366821,0.7353177666664124,0.8563931264971936,0.8824348707586271,0.8101699352264404,0.8114714622497559,0.6581167526790229,0.6480450868747186,0.26584067940711975,0.2644492983818054,-0.8642360727175129,-0.8629767265576215,0.7948728203773499,0.8023013472557068,0.6259728444547678,0.6289247492384444
131,5.458333333333333,136,5.44,-18.333333333332646,0.057333559281504416,0.037845692907945504,0.5941972394319962,0.5794381174923037,0.08085155828356243,0.07520208604565294,0.08033651603893038,0.07535117311973571,0.09642631880381755,0.10392839147838846,0.11532975115830246,0.12227059869106316,0.08509412510307783,0.08498976493834104,0.485582634806633,0.48587189614772797,0.48610013723373413,0.48635560274124146,0.49751244485378265,0.4972975254058838,0.23897451907396317,0.23946111649274826,0.29130852222442627,0.2904948890209198,0.4967251569032669,0.5014040768146515,-173.57740783691406,-174.98341369628912,0.18294775485992432,0.08845043927431107,-1.9845339059829714,-1.7338579893112183,0.6364366412162781,0.6382350921630859,0.5187127588859701,0.5222003219586411,0.8799270391464233,0.8810532689094543,0.8048208109073279,0.7912530057382733,0.32957831025123596,0.325594037771225,-0.6270295639754467,-0.6361938735518747,0.8881586194038391,0.8858791589736938,0.8221092100640376,0.8013109753012336,0.7265122532844543,0.7351673245429993,0.8550355195540299,0.8813525630652436,0.8111773729324341,0.8117191791534424,0.660429134676361,0.6467490582470001,0.26592540740966797,0.2645709812641144,-0.8646956704461832,-0.8622958312350989,0.7951610684394836,0.8024964332580566,0.6267908469563239,0.6275272988890558
132,5.5,137,5.48,-19.999999999999574,0.052790186738572185,0.03727155469030338,0.5885169482438717,0.5773508826252025,0.08059483063223351,0.07563022503389222,0.08079436841882945,0.07612132642369059,0.09880408562876695,0.10301752498058185,0.1153724887559906,0.12131631268809344,0.08496183690900512,0.08477780308117626,0.4858742505311966,0.48610951006412506,0.4862678050994873,0.48682737350463867,0.4975620061159134,0.49725595116615295,0.23873638361692429,0.23884782195091248,0.29140961170196533,0.29000699520111084,0.49683433771133423,0.501246839761734,-173.37002563476565,-174.74000549316412,-0.012581783346831799,-0.483764111995697,-1.607584834098816,-1.8334381580352783,0.6358515620231628,0.6391333341598511,0.516353595062029,0.5266966325848595,0.8798377513885498,0.8802065253257751,0.8044202499975418,0.7913396212910525,0.3294193148612976,0.3254784941673279,-0.6278209698710465,-0.6376957781867908,0.8877584338188171,0.8852289319038391,0.8210560216726124,0.8018273577729407,0.7270194292068481,0.734683096408844,0.856761485344116,0.881409532970567,0.8115317225456238,0.8113535642623901,0.6609574221584317,0.6475615936848443,0.26585859060287476,0.26470255851745605,-0.8651477026114073,-0.8633165217721404,0.7953600883483887,0.8016127347946167,0.6269922156896138,0.6272208962552073
133,5.541666666666667,139,5.56,18.333333333332646,0.04126548963443897,0.03963579764103433,0.5768354808693209,0.5684480101441156,0.08251305526435039,0.07466944057035549,0.0835892210626207,0.07597146890898586,0.09891270174300594,0.10541364936249505,0.11419502423500126,0.1224459158891916,0.08555646292089698,0.08460904755204719,0.4865409582853317,0.4865090399980545,0.48682984709739685,0.48710232973098755,0.4978117495775223,0.49722500145435333,0.23773709684610367,0.2380129098892212,0.28966057300567627,0.2889615595340729,0.4965773969888687,0.5012902915477753,-173.94329833984375,-174.58943176269537,-0.03220218047499657,-0.768304169178009,-1.4493465423583984,-1.5053043365478516,0.636468768119812,0.6391837000846863,0.5162101878903611,0.5275157493061886,0.8803285956382751,0.8800605535507202,0.803631563319443,0.7917203755954887,0.32934626936912537,0.32515889406204224,-0.6271849640621906,-0.639394291769447,0.8883280158042908,0.884911298751831,0.8203835280202421,0.8018595924184599,0.7271433472633362,0.7345499396324158,0.8537851770877676,0.8818948313836896,0.8131298422813416,0.8119912147521973,0.662907470721397,0.6494391885901473,0.26564356684684753,0.26479923725128174,-0.8643455808406292,-0.8636895966546185,0.795634925365448,0.8017546534538269,0.6262705364766443,0.6280423288866022
134,5.583333333333333,140,5.6,16.666666666666607,0.03395026491409922,0.04213377356865826,0.5775526565151761,0.5656098273705458,0.07636738128351239,0.07008313868270973,0.07761213085323287,0.07149106791705497,0.10739674701299272,0.11451715754279473,0.12490608557704337,0.13115142103199148,0.0844952649572535,0.08404193677544604,0.48687171936035156,0.4869745671749115,0.4871424436569214,0.4871150255203247,0.49777770042419434,0.4974147081375122,0.23798397928476334,0.23813636600971222,0.2884642481803894,0.2881687879562378,0.49654950201511383,0.5009833872318268,-174.8942108154297,-175.248275756836,0.33161357045173645,-0.0839197039604187,-1.526587963104248,-1.215433120727539,0.6365488767623901,0.6385372877120972,0.5158798025875344,0.524555986006439,0.8808205127716064,0.88066166639328,0.8035435228703693,0.793841173494467,0.3291037678718567,0.32541704177856445,-0.6270428580550458,-0.6393194181944553,0.8880267143249512,0.8846285939216614,0.8186123061524835,0.8021353282489944,0.7265655994415283,0.7342721819877625,0.8505156423250185,0.8804048658481857,0.8126001358032227,0.8117679953575134,0.6608888845909879,0.6497965028797483,0.2653474807739258,0.265105277299881,-0.8640559155911292,-0.8634996817587522,0.7955774068832397,0.8023545145988464,0.6252929036755859,0.6301145536551784
135,5.625,141,5.64,14.99999999999968,0.025540563494979667,0.035652415653245076,0.5779481219836077,0.5475450993187267,0.047253178410749386,0.03999318306693304,0.04778012799483864,0.04059678825497463,0.14993633831686903,0.15311450468096574,0.1655607818929601,0.16987675759416634,0.08350282247250165,0.08331972088040115,0.487560898065567,0.487003818154335,0.48688217997550964,0.487000048160553,0.49744342267513275,0.49773748219013214,0.2407843917608261,0.24095192551612854,0.2876063287258148,0.28668954968452454,0.4974419176578522,0.4999389499425888,-177.16458129882812,-177.48815917968756,1.6377253532409668,0.23933503031730652,-1.0014880895614624,-1.2270365953445435,0.6365302205085754,0.6390129923820496,0.5178516108103575,0.5242595118865911,0.8798325061798096,0.8798017501831055,0.800846246635471,0.7929188212216077,0.32821226119995117,0.323698490858078,-0.6300858955296096,-0.6458415653288324,0.887505054473877,0.8830051422119141,0.8169149776342739,0.7996055244991737,0.7267006635665894,0.7346299886703491,0.8535765675456012,0.879084773066457,0.8111540079116821,0.8121840953826904,0.657011855273529,0.6517749368924046,0.2654072344303131,0.26516982913017273,-0.8639232171608978,-0.863035667740239,0.7955532073974609,0.801612377166748,0.6243388687740055,0.6297077212009379
136,5.666666666666667,142,5.68,13.333333333332753,0.02298296091233845,0.02424457570860215,0.5647512455403352,0.544331026591643,0.03824149092415957,0.035454088147228426,0.03767169818411051,0.035799722250925925,0.15884899748201606,0.16068890610903053,0.17394913299233722,0.1795900368283382,0.08374167737769325,0.0829749903278708,0.48781202733516693,0.48735828697681427,0.48695287108421326,0.4865581691265106,0.49723923206329346,0.4977416396141052,0.2394506186246872,0.24024956673383713,0.2837200164794922,0.28300741314888,0.49767352640628815,0.49819429218769073,-179.04188537597656,-179.37141418457037,2.471404552459717,2.699105024337769,-1.1864609718322754,-1.3946261405944824,0.6371233463287354,0.6394795179367065,0.5203613021141671,0.5254275133065555,0.8798079490661621,0.8795796632766724,0.7996045964632644,0.7952678765323417,0.3281222879886627,0.32318314909935,-0.6291058401474565,-0.6470947264284582,0.8880925178527832,0.882891833782196,0.8169398033660837,0.8021744413990531,0.7268284559249878,0.7343562245368958,0.8540594341781306,0.8771389443623421,0.8105939030647278,0.8108994364738464,0.6547763212784702,0.6520553092194237,0.2650190591812134,0.2644192576408386,-0.863846421537153,-0.864934627283941,0.7967901229858398,0.800554633140564,0.6258923334848057,0.6304842412035904
137,5.708333333333333,143,5.72,11.666666666666714,0.017353524287337184,0.02037929054351467,0.5572591956846396,0.5499116026563614,0.03595462242555789,0.03346270997708286,0.03447241281632248,0.03182573419352191,0.1628033724715668,0.1622552573028894,0.17203835729782208,0.1725889046707454,0.08375654331058187,0.08261736801594259,0.4893449395895004,0.48895303905010223,0.488360732793808,0.4873281717300415,0.49733906984329224,0.4978369027376175,0.23522913455963135,0.2358921468257904,0.2784462869167328,0.27681586146354675,0.4968292713165283,0.4980292022228241,-179.28860473632812,-180.04168701171878,2.4948971271514893,4.224065780639648,-0.5705514550209047,-0.523705780506134,0.636784017086029,0.6392269134521484,0.5196321938086964,0.5239534759125192,0.8799147009849548,0.8800258040428162,0.802992388545509,0.7962620629499992,0.3274043798446655,0.32384631037712097,-0.6332501644141613,-0.6447624919374262,0.8882240653038025,0.8842060565948486,0.820409799349834,0.8049756915657373,0.7266190648078918,0.7340792417526245,0.8543964420059501,0.8754507766077675,0.8093404173851013,0.8108437061309814,0.655060339532878,0.6520537643943881,0.2655482888221741,0.26406461000442505,-0.8637527169555322,-0.8662974472566966,0.795084536075592,0.8003548383712769,0.6251783255041736,0.6301899901080196
138,5.75,144,5.76,9.999999999999787,0.02714406567223064,0.02526249770163442,0.546891333724779,0.5396961686306158,0.0408478694981701,0.03864448600568623,0.03923080461764657,0.03767073547169579,0.15716872097486534,0.15530143946330688,0.16448591788072042,0.15950775364415096,0.08431163533920819,0.08389845695275701,0.4891286641359329,0.4895145148038864,0.48840776085853577,0.4879032075405121,0.4974524825811386,0.4975230246782303,0.23229339718818665,0.23275991529226303,0.2765651345252991,0.27533143758773804,0.49680325388908386,0.4982822835445404,-178.48394775390628,-179.16540527343756,1.7968308925628662,3.5802714824676514,-0.6231957674026489,0.11074444651603699,0.6369016170501709,0.6385539770126343,0.5204032422662438,0.5236466790814053,0.8795626163482666,0.8801172971725464,0.8034752805698574,0.7974843916368022,0.3270411491394043,0.32448750734329224,-0.635949522237346,-0.6424793459575142,0.8880841732025146,0.884467363357544,0.8213634394390975,0.8065697551087395,0.7272852659225464,0.7341187596321106,0.8577014556982051,0.878477872003993,0.8084163069725037,0.8107863664627075,0.6541273965104649,0.6526827544757469,0.26548415422439575,0.2642771303653717,-0.8656709892074481,-0.8660399433217584,0.794313907623291,0.8003292083740234,0.6245241251469196,0.6308423782426532
139,5.791666666666667,145,5.8,8.33333333333286,0.036391036293094835,0.03855393692081535,0.5176453899387141,0.524376054346982,0.04977957541217537,0.047753289297548324,0.047484990633133,0.04519813554778249,0.15512908938440137,0.15046191004592357,0.1539399446713207,0.14921063894136052,0.08444321274817722,0.08466500488883318,0.49025487899780273,0.4902532994747162,0.48987674713134766,0.48968854546546936,0.49771496653556824,0.4974185973405838,0.23073500394821167,0.23050620406866074,0.275305837392807,0.2739828824996948,0.49642495810985565,0.4983622580766678,-178.31280517578125,-179.34878540039068,0.05323398858308792,1.0976954698562622,0.11952345073223114,0.04147114232182503,0.6371771693229675,0.6382006406784058,0.5204548313748053,0.5232984653552192,0.8794549703598022,0.8806878328323364,0.8040477760614009,0.7993888265726937,0.32726791501045227,0.32484182715415955,-0.6360862634234264,-0.6414820871565945,0.8889672756195068,0.8851279616355896,0.8240157880831108,0.8086725093504741,0.7272087335586548,0.734150767326355,0.8564409383354522,0.8799529990944761,0.8086369037628174,0.8108383417129517,0.6553881224280014,0.6533433971548259,0.26577603816986084,0.26475322246551514,-0.8655659629573415,-0.8648363862801699,0.7950464487075806,0.8000239133834839,0.626859352322919,0.6307319535497978
140,5.833333333333333,146,5.84,6.666666666666821,0.016180714065499587,0.03628346207928526,0.5434679342346185,0.5282400779952019,0.05373745689492134,0.04800732847529114,0.051293063353295976,0.04655706877435697,0.1569482254061629,0.1489928521979418,0.15129710774769992,0.14459552173920626,0.08450698818547339,0.08515274526123429,0.49129849672317505,0.49082717299461365,0.49110767245292664,0.490290105342865,0.49720433354377747,0.49750182032585144,0.22995777428150177,0.22979997843503952,0.2756177484989166,0.2742539048194885,0.49612686038017273,0.49770288169384,-178.0948486328125,-178.90725708007818,-0.2781120240688324,0.244939923286438,0.38036516308784485,0.525145947933197,0.6367421746253967,0.6389474868774414,0.5216048719319462,0.5251577442706018,0.8800497055053711,0.880405604839325,0.8072649971680816,0.7992528745392673,0.327987939119339,0.3242335617542267,-0.6325459463782086,-0.6433082754923536,0.8894321918487549,0.8849532604217529,0.8269933173438485,0.8087503946164588,0.726502537727356,0.734161376953125,0.8571370998741611,0.8786667131518614,0.8089949488639832,0.8102239370346069,0.6578599314179997,0.6526824522756216,0.26549360156059265,0.26442480087280273,-0.8661553435576781,-0.8653655128602619,0.7949932813644409,0.8002718091011047,0.6284189741582659,0.6318979990236118
141,5.875,147,5.88,4.999999999999893,0.04269119232124104,0.04785264865639122,0.5690026274481285,0.5594221793396811,0.05307680282685931,0.047520769704930146,0.05223862996015217,0.04620939122655643,0.1554846342019957,0.14914521334782183,0.1429530403651493,0.14080333932233718,0.08465782551157974,0.0848230864879186,0.49192409217357635,0.4915385991334915,0.4902831017971039,0.4906845986843109,0.4974054992198944,0.49745868146419525,0.22934523224830627,0.22906359285116196,0.2731766700744629,0.27168557047843933,0.4955667555332184,0.4982190430164337,-179.8081512451172,-179.91633605957037,1.041640281677246,0.540776252746582,1.7606409788131714,0.8753199577331543,0.6364191174507141,0.637889564037323,0.5195087185414291,0.5236996304166982,0.8803656697273254,0.8803938627243042,0.8088944540916688,0.8016858869977427,0.3300396203994751,0.32583558559417725,-0.6254641404210247,-0.6400226946611588,0.891356885433197,0.8856183290481567,0.8319993358890222,0.8126452194889024,0.7263780832290649,0.7334940433502197,0.8556949686915756,0.8802311109923653,0.8090143203735352,0.8103445172309875,0.6589051774714022,0.6547437841183666,0.2653905749320984,0.26517707109451294,-0.8670645188092582,-0.8662324929835322,0.7956938743591309,0.7994649410247803,0.6309039682433433,0.6319217606587892
142,5.916666666666667,148,5.92,3.333333333332966,0.09064385790831464,0.0872076952117204,0.6154697622593555,0.6159422948103164,0.05351339670604193,0.049941004698874414,0.053161817526243604,0.049069035605553514,0.15162570574759124,0.14794821009098455,0.13836876807760634,0.13825998424624977,0.08481208250499107,0.08524892402838441,0.49210214614868164,0.49208149313926697,0.49127718806266785,0.4909607768058777,0.49747371673583984,0.49772804975509644,0.22956442087888718,0.22899188846349716,0.2729858160018921,0.2736101448535919,0.4951426088809967,0.49883170425891876,-181.0597381591797,-179.64184570312506,-0.4701099097728729,0.7333874702453613,1.6500645875930786,1.1158151626586914,0.6371558904647827,0.637586236000061,0.5239524241135115,0.5231804556935941,0.879156231880188,0.8804230093955994,0.8102518424618994,0.8029428167704891,0.3298413157463074,0.32874614000320435,-0.6287946451125038,-0.6321262624779084,0.8905300498008728,0.8868225812911987,0.8342500976646333,0.8164087689942623,0.7264772057533264,0.7331749796867371,0.8589996131790013,0.8807581122033064,0.8081755042076111,0.8104616403579712,0.6604856312352918,0.6557303987619818,0.2651810050010681,0.2661086916923523,-0.8713375956871708,-0.8664399600211966,0.7947831153869629,0.800266683101654,0.632228280279492,0.6342782126506921
143,5.958333333333333,149,5.96,1.6666666666669272,0.09930971848520885,0.10197263538398058,0.6250235009802733,0.6438089710491319,0.054892117874172586,0.051329137509003885,0.05410682939241264,0.05028360203365914,0.14927523836980683,0.144959802251714,0.13702566665443844,0.13416359815928783,0.08526438431221181,0.08484924959477115,0.49227868020534515,0.49236251413822174,0.49192190170288086,0.491161584854126,0.4977458715438843,0.49748682975769043,0.23117251694202423,0.23062975704669952,0.2753788232803345,0.27492573857307434,0.4956267774105072,0.49973492324352264,-180.2938232421875,-179.990951538086,-0.8486587405204773,0.9323031306266786,1.4105151891708374,1.3052113056182861,0.6368358135223389,0.6375376582145691,0.5218254135924292,0.5244962469279874,0.8797351121902466,0.880172848701477,0.8105984292820333,0.8014252738688882,0.3292003870010376,0.32893460988998413,-0.6323341280445085,-0.6312351573072815,0.890242338180542,0.8866596221923828,0.8327722279545584,0.8150902212192783,0.7269827723503113,0.7329566478729248,0.8600308467487187,0.8818443791232734,0.8092661499977112,0.8099784255027771,0.6618850979268054,0.6535546724603436,0.2656717598438263,0.26661181449890137,-0.870675245092398,-0.864636649043179,0.796083927154541,0.8015777468681335,0.6340661516463325,0.6358579189956374
144,6.0,150,6.0,0.0,0.11397663669375516,0.11160214531916285,0.6430038094904573,0.6450569652362784,0.0575225975223211,0.055370552030828045,0.05703465676359054,0.05516929723913282,0.14329444638455896,0.1439450762723595,0.13180987648338277,0.13331970997225012,0.08572486469159488,0.085539796439442,0.492845743894577,0.49269261956214905,0.4920380115509033,0.4920918047428131,0.4978632777929306,0.49714380502700806,0.23377683013677597,0.23382993787527084,0.2797699272632599,0.2797098755836487,0.4971487522125244,0.5015763938426971,-178.65089416503906,-178.26435852050787,-0.12277282774448395,-0.3830142617225647,1.498071551322937,1.3410080671310425,0.6371210217475891,0.6382169723510742,0.522226620576475,0.5290338701160425,0.8799917697906494,0.8796071410179138,0.8075750791442452,0.7974229157776299,0.32797902822494507,0.32822132110595703,-0.6370782336524542,-0.6334706813031438,0.890588641166687,0.8871173858642578,0.8299282861958499,0.8132651227629779,0.7271749973297119,0.7333044409751892,0.859935547938106,0.8856182757826168,0.8095806837081909,0.809330940246582,0.6590488273782192,0.6491813948230523,0.2667994797229767,0.26585400104522705,-0.8665059692689387,-0.8673523281559485,0.7971634268760681,0.8028011322021484,0.6328556706311208,0.6354073338262439
145,6.041666666666667,151,6.04,-1.6666666666669272,0.11789777360548008,0.11393757112412965,0.6587449588885924,0.6567982690174614,0.06391151023547924,0.058623668238353584,0.06358701454703435,0.05868711170899364,0.13881336848042514,0.13889869137887534,0.12775953137798912,0.12836913309786097,0.0851207170688077,0.0855985033639954,0.4924124777317047,0.4925896227359772,0.49213719367980957,0.4922417998313904,0.4985428601503372,0.4972693920135498,0.23711813986301422,0.23744353652000427,0.28547391295433044,0.2842337489128113,0.4972854256629944,0.5017083287239075,-176.18914794921875,-177.30911254882818,-1.0377544164657593,-0.8397265076637268,1.2524046897888184,1.2617037296295166,0.6363969445228577,0.6381028890609741,0.5207558811736562,0.5270665552271765,0.8795039653778076,0.8795194625854492,0.8121735113094479,0.7953472332714938,0.32738059759140015,0.32888534665107727,-0.6465804424168641,-0.6301739330844668,0.8889189958572388,0.8871321678161621,0.8321794439606232,0.8113730819040484,0.7267431616783142,0.7335406541824341,0.862046631749885,0.8842404886715015,0.8075560331344604,0.8108733892440796,0.6592918515000276,0.650837292685627,0.2669426202774048,0.26583242416381836,-0.8748901967180356,-0.8661482385522549,0.7968223690986633,0.8041363954544067,0.6364839635946585,0.6366549436467889
146,6.083333333333333,152,6.08,-3.333333333332966,0.08959899944855948,0.10590638981640102,0.6475610464933121,0.6667825435750173,0.06959576523860943,0.06481785361755339,0.06768447182621168,0.06336762027160261,0.126990590310321,0.12893986560353998,0.11823830542985073,0.11687912170856894,0.08690961539820448,0.08685367802202787,0.49293240904808044,0.49274173378944397,0.49237173795700073,0.4924749732017517,0.49761950969696045,0.4977722465991974,0.2426738366484642,0.24264917522668839,0.2934745252132416,0.29195576906204224,0.5013217926025391,0.501689076423645,-172.7937774658203,-175.332748413086,-0.5971333980560303,-0.7821425795555115,1.0071099996566772,1.1902567148208618,0.6371952295303345,0.6382283568382263,0.5249074002700099,0.5235426604450919,0.881796658039093,0.88037109375,0.8048618048080034,0.7939783263465932,0.32683250308036804,0.329464316368103,-0.6422848024716178,-0.6273588341385586,0.887883186340332,0.8869385123252869,0.8177373311530338,0.8077481590036584,0.726435661315918,0.73405921459198,0.8605170829817673,0.8807470720990468,0.8095033168792725,0.8109710812568665,0.6519314687272441,0.6484681007573943,0.2669878602027893,0.26482173800468445,-0.8673446907563269,-0.8683105976241061,0.7974495887756348,0.8025974035263062,0.6264328451978626,0.6309111048461092
147,6.125,153,6.12,-4.999999999999893,0.08458696058339843,0.11717492709402462,0.6576726544675692,0.6795627908824602,0.06407732407400217,0.05958231807677249,0.0641837013482757,0.060067758105993116,0.1398691995962616,0.13687172191636632,0.13237149141006946,0.12890179437995816,0.08564116398189957,0.08525219731138661,0.4930533170700073,0.493259996175766,0.49265581369400024,0.49270009994506836,0.49772462248802185,0.49793991446495056,0.24250998347997665,0.2416604533791542,0.2891039550304413,0.2888643741607666,0.5004903972148895,0.501137375831604,-178.37118530273438,-177.62698364257818,-0.621127724647522,-0.12525992095470428,0.9592517614364624,1.0068434476852417,0.6370862722396851,0.6401346921920776,0.5249708950696657,0.5303355801656494,0.8810136318206787,0.8804877996444702,0.8062981327700203,0.7958481637088403,0.3292771577835083,0.3284328579902649,-0.6345362334309552,-0.6322005953705582,0.8895100951194763,0.886849045753479,0.824301455221714,0.8091935713239693,0.7261976599693298,0.7337018251419067,0.8606506538892066,0.8793074659870054,0.8090751767158508,0.8095230460166931,0.6538663316331649,0.6469695403635376,0.2665395140647888,0.26452428102493286,-0.8708669387309252,-0.870556692438422,0.795978307723999,0.8006134629249573,0.6261151194786599,0.628277916740976
148,6.166666666666667,154,6.16,-6.666666666666821,0.07384084592485764,0.1067374733718015,0.6478583230592884,0.6632156185723753,0.06324507666696567,0.06337758203281321,0.06296613159947553,0.06288166623096875,0.1389613015665001,0.13175853817906213,0.13068299570984424,0.12639901664296027,0.08568503629572674,0.08611610441877851,0.49288176000118256,0.4931333214044571,0.4927102327346802,0.4922676086425781,0.49771612882614136,0.49826911091804504,0.24050342291593552,0.23949472606182098,0.28597766160964966,0.28619271516799927,0.4984610974788666,0.5002914071083069,-179.44332885742188,-178.55680847167974,-0.710839033126831,0.6576682925224304,0.8443138003349304,0.691365122795105,0.6380166411399841,0.6407282948493958,0.5283073369044902,0.5316561589782978,0.8790677785873413,0.8791764974594116,0.806169418546075,0.7953722587593716,0.3325146436691284,0.32650312781333923,-0.6220729720554052,-0.6410288217331447,0.89107346534729,0.8869976997375488,0.8315988657810166,0.8117908708414973,0.7262604236602783,0.7340930700302124,0.8605929214174689,0.8800925067565162,0.8107112646102905,0.8053858876228333,0.6613823355494686,0.640467762605767,0.26579779386520386,0.26496589183807373,-0.8732980079820245,-0.87068513177151,0.7937917113304138,0.800397515296936,0.6255447449166072,0.6299959518498861
149,6.208333333333333,155,6.2,-8.33333333333286,0.07679738431554421,0.1048759254877495,0.6453731845946061,0.6627397124015117,0.06525824192699245,0.06297448177572414,0.06461843377461167,0.06295546246053342,0.13523988705554807,0.12939240686638456,0.12506091314777978,0.12002645224827647,0.0859099928840718,0.08603887203913949,0.4929158687591553,0.49336865544319153,0.49309661984443665,0.49215972423553467,0.4985168129205704,0.4979795217514038,0.2376011610031128,0.23661617189645767,0.282666951417923,0.2835710048675537,0.49624693393707275,0.5002483427524567,-179.9269256591797,-177.82800292968756,-1.211973786354065,0.8326480984687805,0.8637952804565431,1.1658354997634888,0.6380671262741089,0.6421807408332825,0.5242063599522196,0.5394260119647506,0.8807356357574463,0.8794540166854858,0.8124143372669269,0.7979217562091011,0.33022356033325195,0.3279379606246948,-0.6321762468552758,-0.6360892215117742,0.8897848129272461,0.8881884217262268,0.831535006452802,0.8163006262752186,0.7288698554039001,0.7366355657577515,0.8652974472238507,0.8927613710153867,0.8132814168930054,0.8069044351577759,0.6698853780149201,0.6452634668316871,0.2674327492713928,0.2648075222969055,-0.8680434528413822,-0.8722467297323514,0.7945756912231445,0.8030761480331421,0.6303606802767884,0.6372080135625464
150,6.25,156,6.24,-9.999999999999787,0.08621123530709955,0.10285666815922871,0.6245515420344722,0.6413001286534002,0.07163969646508632,0.06936243620567671,0.06991745701980849,0.0689288444503163,0.12957988628894654,0.12370436908490211,0.11279529897816877,0.11365881558895473,0.08579614426752205,0.08615153806246158,0.4934457689523697,0.4935346096754074,0.4936055541038513,0.4931751489639282,0.4980691373348236,0.4988020807504654,0.23563939332962036,0.23482251167297363,0.2830011248588562,0.2820126712322235,0.4955126792192459,0.4979800283908844,-177.3667755126953,-178.04731750488287,-1.953642725944519,-0.35858756303787237,1.4027663469314575,0.9588751792907715,0.6372647881507874,0.6422051191329956,0.5223216559841198,0.5360971162662452,0.8806447386741638,0.8818778395652771,0.8129139295079768,0.8072783039046851,0.3330032527446747,0.3269641697406769,-0.6193978452645899,-0.6423978849864164,0.8908036947250366,0.8874825239181519,0.8343568519556743,0.8190640967553104,0.7285373210906982,0.7369844913482666,0.8648152631591789,0.8904197910103657,0.8119755387306213,0.8098739981651306,0.667971051365659,0.6558652526494205,0.265089750289917,0.26248931884765625,-0.874238372665482,-0.8834303067907741,0.7960619330406189,0.8015685081481934,0.634381555460256,0.6384000791089426
151,6.291666666666667,157,6.28,-11.666666666666714,0.22122905683865474,0.0866056769269726,0.6601181049889286,0.6180092994494775,0.07261318968560361,0.07073671811571272,0.07148547257971463,0.06936260712118006,0.12751413592625638,0.12462289336295028,0.11025752677222574,0.10924876935235645,0.08426730804107771,0.0856960089047926,0.49360017478466034,0.4934987723827362,0.49361908435821533,0.49339789152145386,0.49837547540664673,0.4988018274307251,0.2353890985250473,0.23425911366939545,0.28246572613716125,0.2840597927570343,0.4960855096578598,0.4982530027627945,-178.4934997558594,-175.50636291503912,-1.923587679862976,-1.9459913969039917,1.5430978536605835,1.4555790424346926,0.6371127367019653,0.6434212923049927,0.5194518758510416,0.5401630535512254,0.8819156289100647,0.8813565969467163,0.8125888441970802,0.8048906430778284,0.3317788243293762,0.32718974351882935,-0.623761360896272,-0.6409822312143872,0.8907517790794373,0.8871333599090576,0.8311984775434826,0.8170274711479791,0.7288002371788025,0.7366498708724976,0.8627428106014842,0.8883778234028886,0.8139416575431824,0.8106039762496948,0.6694302672162223,0.6562412353541112,0.2635265290737152,0.2618071436882019,-0.8793075816496476,-0.8851904697411613,0.7966591119766235,0.8014605045318604,0.6330318549980887,0.6370310401414854
152,6.333333333333333,158,6.32,-13.333333333332753,0.21688776796446707,0.08838403089145765,0.6474807117241526,0.6087261140117204,0.07909400268108412,0.06827706083422733,0.07749101939011954,0.06807880728996576,0.11317310040255345,0.12652654529719892,0.10004101834038684,0.11043029332870848,0.08568674409303743,0.08530338037247669,0.4939792901277542,0.4939796030521393,0.49351227283477783,0.4935607612133026,0.4978855550289154,0.49897177517414093,0.23529955744743347,0.2346644178032875,0.28500235080718994,0.28593307733535767,0.49695782363414764,0.4987800419330597,-176.46051025390625,-174.48554992675784,-0.45957762002944946,-1.9703570604324343,1.1107146739959717,1.6125596761703491,0.637666642665863,0.6432074904441833,0.5234175563461838,0.5386922175421606,0.880832314491272,0.8819213509559631,0.8085588786112426,0.8049138388800811,0.3305523693561554,0.3273935317993164,-0.6265878211503296,-0.6408112181683056,0.8905342817306519,0.887199878692627,0.8289942342762684,0.8160031156667277,0.7291291952133179,0.7368003129959106,0.8659038437323121,0.8882431247639007,0.813989520072937,0.8112691640853882,0.6677671975139788,0.6564857742991673,0.2635763883590698,0.2620518207550049,-0.8773828671756883,-0.88484974326286,0.7969903945922852,0.8021816611289978,0.6319617606762302,0.6373944972214847
153,6.375,159,6.36,-14.99999999999968,0.18176123314599055,0.09972755937448918,0.6525400343871101,0.6129630380556524,0.07539847985006545,0.06750771002639769,0.07338778951374718,0.0675613085394482,0.1138788896012976,0.12437405420137024,0.10031344553106272,0.10954747325273045,0.08561680878619865,0.08522285249603014,0.49410364031791687,0.49419741332530975,0.4933262765407562,0.49336016178131104,0.49818292260169983,0.498624786734581,0.23570922017097473,0.23523689806461334,0.2862529456615448,0.28687170147895813,0.4969572573900223,0.4989455044269562,-175.81617736816406,-174.38613891601568,0.09729404747486115,-1.1352771520614624,1.1573065519332886,1.678472638130188,0.637583315372467,0.6428256630897522,0.5215022010678518,0.53733147508416,0.8814997673034668,0.8822134137153625,0.8092058835175334,0.8033399511422183,0.3307226598262787,0.3275221586227417,-0.6264752479743126,-0.6375746796965568,0.8903263211250305,0.8873910307884216,0.827779900952436,0.8141923772016474,0.7296440601348877,0.7366031408309937,0.865904968314688,0.8867717261979059,0.8141676187515259,0.8124279975891113,0.6675165530703713,0.6570678228928475,0.2651773989200592,0.2620804011821747,-0.8716825759649134,-0.881428371480162,0.7959756255149841,0.802746057510376,0.6292345229165809,0.6367742134324208
154,6.416666666666667,160,6.4,-16.666666666666607,0.11425124541966644,0.10981984016212054,0.6308732234873614,0.6361472633319678,0.0761967458985175,0.07238916337262338,0.07594772588131278,0.07222172129399188,0.11384814433997975,0.11396561449393501,0.0984269740799284,0.09967140280258764,0.08506279512029286,0.08509786760046507,0.49432456493377686,0.4939470887184143,0.49419984221458435,0.4935974180698395,0.49820229411125183,0.4986761808395386,0.2388436123728752,0.23809976130723953,0.2919754385948181,0.2924557030200958,0.4973645359277725,0.5006083101034164,-172.97227478027344,-171.76844787597662,-2.7246193885803227,-1.9873615503311155,1.498908281326294,1.383399486541748,0.6380059719085693,0.6422548294067383,0.5236255419211866,0.5356397632723567,0.8811019659042358,0.880996584892273,0.8084607045189802,0.7982383642322552,0.33006995916366577,0.3273827135562897,-0.6297286765877447,-0.6390336807130327,0.8898852467536926,0.8875372409820557,0.8269653821157824,0.8119638204677608,0.7288540601730347,0.7374175190925598,0.8638911214787598,0.8906571776605212,0.8140445947647095,0.8094852566719055,0.6671837654464029,0.6481730508511124,0.2654954195022583,0.26320335268974304,-0.8715883962836484,-0.8784635541975889,0.7950206398963928,0.8037518858909607,0.6271039641183961,0.6361416691891547
155,6.458333333333333,161,6.44,-18.333333333332646,0.19352606597341765,0.11586346713440776,0.6712588630639503,0.6407515440056907,0.08051726772409128,0.07522381660896912,0.08058992446032585,0.07519919737131772,0.10648953723265298,0.11171499525621698,0.09288864982260853,0.09983434891048239,0.08437375788176779,0.08486426911109099,0.4942106008529663,0.4940621703863144,0.4939405620098114,0.4936932921409607,0.4986814260482788,0.49872127175331116,0.24205364286899567,0.24236813932657242,0.29891207814216614,0.29796475172042847,0.4979480654001236,0.5010686814785004,-171.4365234375,-170.58309936523443,-1.981795787811279,-2.032877206802368,1.3449971675872803,1.2006555795669556,0.6379574537277222,0.640658438205719,0.521192559736009,0.5296609231454332,0.8816957473754883,0.8811306953430176,0.8077744784697002,0.7977720086142028,0.33103278279304504,0.3252989649772644,-0.627367300534813,-0.6471526901434294,0.890804648399353,0.8857003450393677,0.8269483735043465,0.8073639659367782,0.7281369566917419,0.7368918657302856,0.8586582871023535,0.8887711360240448,0.8153215050697327,0.8099769949913025,0.6680591877183278,0.6484163024947379,0.265857070684433,0.2642863988876343,-0.8712649532212303,-0.8748307034940829,0.7947219014167786,0.8024803400039673,0.6246977945972203,0.632680392856407
156,6.5,162,6.48,-19.999999999999574,0.2348985607457077,0.12396385786601724,0.6673009254790165,0.6460219075261203,0.08027975872102794,0.08035685262795074,0.08083899676986425,0.07981854360275766,0.10494719941798929,0.10674495685264765,0.09107786254172699,0.09510848750331194,0.08490180010473852,0.08448266100862292,0.4944770634174347,0.4938105195760727,0.49389758706092834,0.49305957555770874,0.49885785579681396,0.49902696907520294,0.24678665399551392,0.2467714473605156,0.3060438930988312,0.306183785200119,0.502451628446579,0.5016560107469559,-170.82546997070312,-168.7932739257813,-2.131701707839966,-1.1484811305999756,1.4655811786651611,1.1721673011779785,0.6366493701934814,0.6403440237045288,0.5147223831028402,0.5264865411145618,0.8830981850624084,0.881291389465332,0.7998250710464996,0.795576417489818,0.33261919021606445,0.32754629850387573,-0.6209871666351969,-0.638863195627122,0.8926524519920349,0.8879279494285583,0.819900760929853,0.8094842113783236,0.7284372448921204,0.735855758190155,0.8575974419313609,0.8823221680110382,0.818162202835083,0.8102009892463684,0.6633797894703337,0.6465970307028015,0.26394152641296387,0.2643445134162903,-0.8775336668565673,-0.8743258530558993,0.7997722029685974,0.800925612449646,0.6247382131993525,0.6271592452474086
157,6.541666666666667,164,6.56,18.333333333332646,0.24036710457550134,0.11990528437632704,0.6266714762870763,0.6145953725222759,0.08618260553058073,0.08005296858481187,0.0859541801598562,0.0792816222029998,0.10039452094667634,0.1066501427122848,0.08915721101511206,0.09485429725359161,0.08602756587418812,0.08493076789451946,0.4942590445280075,0.49400003254413605,0.4944975972175598,0.49329501390457153,0.49882660806179047,0.4979960173368454,0.2507718503475189,0.25095680356025696,0.3129446804523468,0.3114537000656128,0.5035673081874847,0.5038279294967651,-169.65029907226562,-169.44975280761724,-4.367523193359375,-1.7124933004379272,0.5901023149490356,1.1267924308776855,0.6356903314590454,0.6396855115890503,0.5134248741035333,0.5236554109144937,0.8832738399505615,0.8825811147689819,0.8012335924600793,0.7873843272753296,0.33290404081344604,0.329555869102478,-0.6224350111618029,-0.622520360480384,0.8924516439437866,0.8892792463302612,0.8206000353554429,0.8013089727131998,0.7274662852287292,0.7342842817306519,0.8577093662999272,0.8732731303646797,0.8177003860473633,0.8121609687805176,0.6628644846206129,0.6409889399047753,0.26614218950271606,0.26368826627731323,-0.8728826407695317,-0.8659535578772869,0.8005006313323975,0.803452730178833,0.626570609991395,0.6228855130300616
158,6.583333333333333,165,6.6,16.666666666666607,0.05481087838259029,0.08278422745271198,0.46711278319818605,0.577413437847398,0.08618579062292576,0.08849920238528389,0.08584639541051498,0.08782559712856765,0.10813301356038074,0.09690748064513462,0.09732740818367022,0.08655403965635491,0.08560542605984965,0.08577787516244388,0.4943683445453644,0.49404729902744293,0.49329736828804016,0.4935488700866699,0.49878762662410736,0.49877992272377014,0.2523186504840851,0.2525571286678314,0.3166336715221405,0.3159039616584778,0.5022421777248383,0.5036553740501404,-168.47808837890625,-168.54843139648443,2.6238508224487305,-2.299874544143677,1.4198106527328491,0.7258941531181335,0.637069582939148,0.6392927169799805,0.5202817256997008,0.5203878707326975,0.8821048140525818,0.8838495016098022,0.8039372683792889,0.7920256132093877,0.3323030173778534,0.33090630173683167,-0.626393364031834,-0.6217184466368957,0.8906496167182922,0.8891181945800781,0.822021398422509,0.8030014265586876,0.7267911434173584,0.7348605394363403,0.8578564141263215,0.8743224423272521,0.8134370446205139,0.8126240372657776,0.6586095269709835,0.6436477504704452,0.26758700609207153,0.2637171745300293,-0.8698854213430425,-0.8705527754154004,0.798613429069519,0.8045080304145813,0.6272369837043448,0.6267403738510585
159,6.625,166,6.64,14.99999999999968,0.05424340751233018,0.09502176917289133,0.4740148537527161,0.5744151687592954,0.09330023403565987,0.09193713242683743,0.09210328950189696,0.09176053401421272,0.10552616222415183,0.09773316165482229,0.09605071864855572,0.08803231566497202,0.08482885050448578,0.08581974721390459,0.4943370372056961,0.4941580295562744,0.49440303444862366,0.4932438135147095,0.4996226131916046,0.4986615478992462,0.25236135721206665,0.25147534906864166,0.3158985376358032,0.3141511082649231,0.5009991526603699,0.5035578012466431,-168.92807006835938,-169.02424621582037,-2.967257261276245,-1.1391268968582153,0.31934234499931335,0.9724614024162291,0.6368460059165955,0.6402212381362915,0.5145352433842725,0.5240254020770573,0.8825468420982361,0.8827837109565735,0.8047450785093042,0.789647500168101,0.33137598633766174,0.3308621048927307,-0.6308605069280627,-0.6211596708254488,0.8906888365745544,0.8885966539382935,0.8219178465942598,0.8017515673655293,0.7279409170150757,0.7351430058479309,0.8561063219179474,0.8754066279589704,0.8160252571105957,0.8113917112350464,0.6644404203620828,0.6409906898904846,0.2668873965740204,0.2639163136482239,-0.87266805570397,-0.8689794782545616,0.799297571182251,0.8036046028137207,0.6291590563325493,0.6247758940630022
160,6.666666666666667,167,6.68,13.333333333332753,0.048145912941994704,0.07785627967162703,0.4937892827296551,0.5672923826123082,0.09283882507586436,0.08984009647937097,0.0917608142860457,0.08887840614773204,0.10527027557102862,0.10156705718705035,0.09452693706935573,0.08856342080789606,0.08508576864037405,0.08550308862710818,0.4941540062427521,0.4940386563539505,0.4942040741443634,0.4932979941368103,0.4998141825199127,0.4989824444055557,0.25156377255916595,0.25074758380651474,0.31395190954208374,0.31386521458625793,0.499380424618721,0.5022737383842468,-168.7785186767578,-168.65681457519537,-1.9556026458740234,-2.700377941131592,0.449226975440979,1.0854496955871582,0.6375751495361328,0.6401817798614502,0.5161608805737254,0.5243283499048841,0.8824818730354309,0.8825702667236328,0.807412046396734,0.7943567221892506,0.33010679483413696,0.3305104374885559,-0.6358572864652072,-0.6256024442802512,0.8900297284126282,0.8886588215827942,0.8233196588090488,0.8070743888529774,0.7277116179466248,0.7353554964065552,0.8538829502880548,0.8777455780333955,0.8147397637367249,0.8103848099708557,0.664640998878779,0.643577005460684,0.2665284276008606,0.2647051513195038,-0.8740718310299515,-0.8699632056155301,0.798810601234436,0.8020853400230408,0.6310692184887204,0.6262412181148396
161,6.708333333333333,168,6.72,11.666666666666714,0.04728714027587436,0.04382426161846716,0.5129657816108225,0.540526556064493,0.09208478238562534,0.08842939537820318,0.0915746029247322,0.08858844288005172,0.10489842611731028,0.10453752073164499,0.09519339348183732,0.09163317440990092,0.08436372286956564,0.0858232146394096,0.49421529471874237,0.4938863217830658,0.49398407340049744,0.4929385185241699,0.4996008276939392,0.4992406964302063,0.2508002817630768,0.2500205785036087,0.3132404386997223,0.313201904296875,0.4990164339542389,0.5013232231140137,-167.66778564453125,-168.94985961914068,-0.5699118971824646,-1.294163465499878,0.6020234823226929,1.298898458480835,0.6372957229614258,0.639586329460144,0.5149190344065205,0.5213726365509875,0.8824450373649597,0.8820977210998535,0.8065441408689143,0.7956823259042771,0.33052194118499756,0.3301839828491211,-0.6322815149435067,-0.6280319706678275,0.8905946612358093,0.8879066109657288,0.8236869187546797,0.8078208252624282,0.7276275157928467,0.7351781725883484,0.8527206606077511,0.8764885757401244,0.8147487044334412,0.8107635378837585,0.6641445384434762,0.6466194314139664,0.2656847834587097,0.26463499665260315,-0.8747442916879014,-0.8715411345705812,0.7976548075675964,0.8008855581283569,0.628187433941817,0.6259779915365888
162,6.75,169,6.76,9.999999999999787,0.045512704219180966,0.04078483950691154,0.5302827211753921,0.5325760295588455,0.09006179567578307,0.08707563960456643,0.08981880432039833,0.08662925257312364,0.10453208077627983,0.104933078123568,0.09587284971192093,0.09237877362721629,0.08407427593238827,0.08531253862534065,0.4937541335821152,0.4935983121395111,0.4932924211025238,0.4930296540260315,0.49963346123695374,0.49966733157634735,0.24974235147237778,0.24951496720314026,0.31169649958610535,0.31113994121551514,0.4991532117128372,0.5022627711296082,-167.30288696289062,-169.38276672363287,0.010866714641451836,-1.7398039102554321,0.6543829441070557,0.9813386201858522,0.6371619701385498,0.6406765580177307,0.5166533801160753,0.5238534875341978,0.8824114799499512,0.8811664581298828,0.8098798623247505,0.7917966637517062,0.3307407796382904,0.3291560113430023,-0.6344791746942645,-0.633454647064738,0.8908295035362244,0.8881610035896301,0.8276683573113206,0.8064131954707116,0.7280319333076477,0.7360039353370667,0.8580245910548194,0.8779975412708605,0.8154165744781494,0.8101484179496765,0.6683099881259914,0.6433899598580299,0.26509618759155273,0.26474446058273315,-0.8810862283020001,-0.8727454818192952,0.7972766160964966,0.8008747100830078,0.6299776461669118,0.6240106526584382
163,6.791666666666667,170,6.8,8.33333333333286,0.032336192032247205,0.03715503509547789,0.5492248235528526,0.5312754777496327,0.08955924004801792,0.08850988881220795,0.08992068691103026,0.0877763779642452,0.108195299097604,0.10025766684684485,0.0969628515372422,0.08785051572579428,0.08416865508134902,0.08533061275426064,0.4936375617980957,0.4937519282102585,0.49293825030326843,0.49345511198043823,0.4990415424108505,0.49932077527046204,0.24992313981056213,0.2493383064866066,0.3115859031677246,0.31076663732528687,0.5003377348184586,0.5022356510162354,-166.72640991210938,-169.06770324707037,0.06841345876455307,-2.2916879653930664,1.070075273513794,0.7638965845108032,0.6378848552703857,0.6411015391349792,0.5239216995271611,0.5269874307459108,0.8812878131866455,0.8821316361427307,0.8085967895426576,0.7942736876202109,0.33153095841407776,0.3285330533981323,-0.6320969159325939,-0.6348039063920634,0.8909501433372498,0.8883318901062012,0.8291058524958581,0.8072369690776543,0.7280165553092957,0.7355612516403198,0.8640313705880309,0.8780864081061589,0.8156237602233887,0.8098713159561157,0.6692196232696226,0.6431942521159661,0.2652167081832886,0.2648640275001526,-0.8823320476665487,-0.8714564357022704,0.797957718372345,0.8013626337051392,0.6317220467213536,0.6254045868052852
164,6.833333333333333,171,6.84,6.666666666666821,0.022549108153062526,0.03944234646980536,0.5743345249023438,0.5365697296621907,0.09003948297363708,0.08909111748848544,0.09063015872963329,0.08874797502112598,0.10625634187511403,0.09904271676020647,0.09557521140847046,0.08819434316986682,0.08477617461488683,0.08521539887928015,0.4931001365184784,0.49347709119319916,0.49264031648635864,0.4932781755924225,0.4993234872817993,0.4993254840373993,0.25025268644094467,0.24924130737781525,0.31129908561706543,0.3102189004421234,0.4998709112405777,0.5021365880966187,-166.10223388671875,-168.98368835449224,-0.7508100271224976,-2.0953290462493896,0.9163063168525697,0.6161651015281677,0.6370523571968079,0.6407449841499329,0.5208440667025421,0.5260501373088011,0.882193386554718,0.8826088309288025,0.813270638454164,0.7960921579163088,0.33119094371795654,0.3286147117614746,-0.6358204912947699,-0.6350073725644767,0.8899478316307068,0.8886256217956543,0.8297657777802665,0.8086815651993938,0.7270967364311218,0.7359023690223694,0.861361495568742,0.8800151515979105,0.8158605694770813,0.810756504535675,0.6721684642990426,0.6457498539841882,0.2652735114097595,0.26507246494293213,-0.8850979560062522,-0.8713708700821823,0.7970723509788513,0.801180899143219,0.6322024475459944,0.6257140576709267
165,6.875,172,6.88,4.999999999999893,0.01985603418154545,0.041768848174174755,0.5752069185873688,0.5563081334597458,0.09050314057329571,0.09026444224492615,0.09038643942132182,0.0899870352534616,0.10718518306047628,0.09843063251937224,0.09625690915055005,0.08733456350556225,0.08444816560259706,0.08530437024809114,0.49311473965644836,0.49345386028289795,0.4929894804954529,0.4928496778011322,0.49920256435871124,0.4993174970149994,0.2497929334640503,0.24871277064085007,0.3101806938648224,0.3097769021987915,0.500000387430191,0.5024632215499878,-166.0123748779297,-169.05952453613287,-1.2264567613601685,-1.3888397216796875,0.7335949540138245,0.8707781434059143,0.6377449035644531,0.6402310132980347,0.5245362054129684,0.5225625917897365,0.8823937773704529,0.883755087852478,0.8143776705543662,0.7953636387462114,0.3306594491004944,0.3288267254829407,-0.6381223720695025,-0.6322466559494287,0.8889946937561035,0.888615608215332,0.8284355466868748,0.8055025415229433,0.7269731760025024,0.7355518341064453,0.862364047129309,0.876049584997108,0.8159782290458679,0.8119171857833862,0.6729334381066869,0.6455118841214795,0.2650409936904907,0.2652115225791931,-0.8865609057563718,-0.8681567814184534,0.796455979347229,0.801344633102417,0.6313571853476057,0.623457849628909
166,6.916666666666667,173,6.92,3.333333333332966,0.018795137844287834,0.04687880597301728,0.5823953668499586,0.5621807567325514,0.08969982716297004,0.08693098064641196,0.08946427006343924,0.08714988733901145,0.10769794725961043,0.09910065811490859,0.09762927049353025,0.08865042116590993,0.08424128902401534,0.0854124639651904,0.49278563261032104,0.49323177337646484,0.4929313063621521,0.492815226316452,0.4988081008195877,0.49932627379894257,0.24990318715572357,0.2487768679857254,0.31021127104759216,0.30950114130973816,0.5003764629364014,0.5024178624153137,-165.5738067626953,-169.55723571777347,-1.615503191947937,-2.160966157913208,0.5013037323951721,0.8480945825576782,0.6385118961334229,0.6401385068893433,0.5288729742019027,0.5223891059665269,0.8820717334747314,0.88346266746521,0.812797718126728,0.7951559215023603,0.3311217427253723,0.3283753991127014,-0.6348058242737689,-0.6341982697924357,0.8889694809913635,0.888001561164856,0.8274860673793285,0.8046275850823706,0.7267055511474609,0.7354198694229126,0.8627453684931958,0.8758665325849174,0.8155094981193542,0.8112891912460327,0.6710573372884701,0.6445458981389038,0.2647969722747803,0.26517170667648315,-0.885889758913226,-0.8686730711709687,0.7961585521697998,0.8016886711120605,0.6298506315066333,0.6245117438009882
167,6.958333333333333,174,6.96,1.6666666666669272,0.0172783855598916,0.04644730961861837,0.5825109374651711,0.564280617451204,0.08998972919302521,0.08709369036715812,0.09019137067175619,0.08721050102977124,0.1057566864486623,0.1009949846175735,0.0974438580725082,0.09187697334411793,0.08409905561515309,0.08549567435119051,0.4925284683704376,0.4927455931901932,0.4925641715526581,0.49224114418029785,0.4986427128314972,0.4994017481803894,0.24955284595489502,0.24868027120828629,0.3096614480018616,0.30932578444480896,0.5001078099012375,0.5025374591350555,-165.53074645996094,-169.30473327636724,-1.220967411994934,-1.4021693468093872,0.43937134742736816,0.7536707520484924,0.6385318040847778,0.6402788162231445,0.5288800904310107,0.5226644616281985,0.881401538848877,0.8833553791046143,0.8108780768568687,0.7947354220603499,0.3299928605556488,0.3287002444267273,-0.637616188108131,-0.6333153493189838,0.8884444236755371,0.8886256814002991,0.8258558235917248,0.8057341059449777,0.7265462875366211,0.7354580163955688,0.8616373308291815,0.8757864147428454,0.81465083360672,0.8111835718154907,0.6689227301350955,0.6441188446383505,0.2651439607143402,0.2653294801712036,-0.8827910741921702,-0.8684256255530732,0.7957186698913574,0.8020505905151367,0.6286606556797333,0.6250590699591906
168,7.0,175,7.0,0.0,0.01917586367400754,0.05108576434099794,0.582436781223383,0.567803471634836,0.09067306557105154,0.0891538446113786,0.09129290418442178,0.08939724507161378,0.10420419493806239,0.09873012638228536,0.09605661030877834,0.08910366044855028,0.08412678886317469,0.08574099516784654,0.4925951361656189,0.4927508682012558,0.4923459589481354,0.4922243058681488,0.4986794888973236,0.4994455426931381,0.24948692321777344,0.2486371546983719,0.3092992901802063,0.3091081976890564,0.5003251731395721,0.5026708841323853,-165.83609008789062,-169.24807739257818,-0.896679162979126,-1.614087700843811,0.582805871963501,0.7873536348342896,0.6386521458625793,0.6396098732948303,0.5293499958178461,0.5200826630131391,0.8813347816467285,0.8843361139297485,0.8105095985277729,0.7965994335737411,0.3295007348060608,0.32893258333206177,-0.6398019064031044,-0.6326918810375934,0.8883024454116821,0.8885652422904968,0.8253316876161194,0.805426334726019,0.726528525352478,0.7353376150131226,0.8616817677796511,0.8752824390429069,0.8147382140159607,0.8122483491897583,0.6688408424425115,0.64614016174025,0.26534485816955566,0.26514434814453125,-0.8824272431333636,-0.8693794539944665,0.7953951358795166,0.802391767501831,0.6276929287295527,0.6255678203882624
169,7.041666666666667,-1,,,0.018248597605407074,,0.5854486596417594,,0.08993402209996718,,0.09042337185646661,,0.10463590483204327,,0.09657273014693374,,0.08397002656258748,,0.49252381920814514,,0.49245283007621765,,0.49856695532798767,,0.24949243664741516,,0.3094084560871124,,0.5006360113620758,,-165.6113739013672,,-1.1614829301834106,,0.4879404306411743,,0.6387460827827454,,0.5294115458935752,,0.8814637660980225,,0.8090235713636579,,0.3303827941417694,,-0.6351775644854611,,0.8888229131698608,,0.8246572098582503,,0.7264773845672607,,0.8607444978409777,,0.8156448602676392,,0.669199082218779,,0.26539433002471924,,-0.8806181224213134,,0.7956622838973999,,0.6267484595972549,
170,7.083333333333333,-1,,,0.018088109301422364,,0.5848908885495044,,0.09022370298362054,,0.09074704091803203,,0.10435299005370835,,0.09597641480192562,,0.08419751978183468,,0.49266256392002106,,0.4924429655075073,,0.4985917806625366,,0.24951575696468353,,0.3091687560081482,,0.5007718354463577,,-165.86354064941406,,-0.9327731132507324,,0.5978040099143982,,0.6387079954147339,,0.5293139414207427,,0.8811203837394714,,0.8082193173094897,,0.3305135667324066,,-0.6349453704530706,,0.8884884119033813,,0.8238759636126674,,0.7264596819877625,,0.8608115569424968,,0.8156439661979675,,0.6690856050270297,,0.26547446846961975,,-0.880642140871905,,0.7961330413818359,,0.6276259848819352,
171,7.125,-1,,,0.01915811759365867,,0.5828972822787898,,0.08974431632197014,,0.0898912230594347,,0.10478255270148018,,0.09549111635844121,,0.08434102589572433,,0.4926540106534958,,0.4925817549228668,,0.4985608905553818,,0.24921798706054688,,0.30860206484794617,,0.5007889419794083,,-166.12303161621094,,-1.176067590713501,,0.5666763782501221,,0.638789713382721,,0.5293274194262346,,0.881389319896698,,0.8081255632414563,,0.33055827021598816,,-0.6341662982551907,,0.8885156512260437,,0.8232568422771913,,0.7264109253883362,,0.860074758687853,,0.8156694173812866,,0.6685830501019081,,0.26509833335876465,,-0.8812605742664917,,0.7964041233062744,,0.6276772141419531,
172,7.166666666666667,-1,,,0.019238754089943823,,0.5821563514244184,,0.09015707341281104,,0.09068360509534826,,0.104237440010467,,0.09516855096640721,,0.08430251471465708,,0.4927624613046646,,0.49260425567626953,,0.4984716325998306,,0.2491064816713333,,0.3084568381309509,,0.5012241452932358,,-166.28565979003906,,-1.1168416738510132,,0.6308487057685852,,0.6387953162193298,,0.5298651411350526,,0.8814650774002075,,0.8076361780286497,,0.3311048746109009,,-0.6319803511115734,,0.8884451389312744,,0.822461910193039,,0.7266243696212769,,0.8615094692783448,,0.8151691555976868,,0.6668228663034117,,0.2654925584793091,,-0.8797338183134034,,0.7968771457672119,,0.6279704239161963,
