source_frame,source_time_s,candidate_frame,candidate_time_s,candidate_minus_source_sampling_ms,source_mouth_aperture,candidate_mouth_aperture,source_mouth_width,candidate_mouth_width,source_left_eye_aperture,candidate_left_eye_aperture,source_right_eye_aperture,candidate_right_eye_aperture,source_left_brow_height,candidate_left_brow_height,source_right_brow_height,candidate_right_brow_height,source_interocular_width_fraction,candidate_interocular_width_fraction,source_face_center_x,candidate_face_center_x,source_nose_x,candidate_nose_x,source_shoulder_center_x,candidate_shoulder_center_x,source_face_center_y,candidate_face_center_y,source_nose_y,candidate_nose_y,source_shoulder_center_y,candidate_shoulder_center_y,source_head_pitch_deg,candidate_head_pitch_deg,source_head_yaw_deg,candidate_head_yaw_deg,source_head_roll_deg,candidate_head_roll_deg,source_left_wrist_x,candidate_left_wrist_x,source_left_wrist_body_relative_x,candidate_left_wrist_body_relative_x,source_left_wrist_y,candidate_left_wrist_y,source_left_wrist_body_relative_y,candidate_left_wrist_body_relative_y,source_right_wrist_x,candidate_right_wrist_x,source_right_wrist_body_relative_x,candidate_right_wrist_body_relative_x,source_right_wrist_y,candidate_right_wrist_y,source_right_wrist_body_relative_y,candidate_right_wrist_body_relative_y,source_left_elbow_x,candidate_left_elbow_x,source_left_elbow_body_relative_x,candidate_left_elbow_body_relative_x,source_left_elbow_y,candidate_left_elbow_y,source_left_elbow_body_relative_y,candidate_left_elbow_body_relative_y,source_right_elbow_x,candidate_right_elbow_x,source_right_elbow_body_relative_x,candidate_right_elbow_body_relative_x,source_right_elbow_y,candidate_right_elbow_y,source_right_elbow_body_relative_y,candidate_right_elbow_body_relative_y
0,0.0,0,0.0,0.0,0.030449081927857433,0.031017927119583538,0.5655326077308167,0.5594024150048149,0.08289271407812064,0.08544050789320376,0.08256745175617129,0.08464240114166388,0.11383112071302802,0.11172279420748579,0.08608126879802956,0.08495121937130391,0.08417680673429347,0.08405956335695745,0.4981922209262848,0.498371422290802,0.49701955914497375,0.4967041015625,0.4972679764032364,0.49758830666542053,0.23069780319929123,0.23048551380634308,0.28752121329307556,0.2876346707344055,0.48873308300971985,0.4899895489215851,-170.7059783935547,-170.64459228515625,-2.362699270248413,-0.7476189732551575,2.7678754329681396,2.981536388397217,0.6370705962181091,0.6375361680984497,0.5391024690989911,0.5396768085756486,0.8497632145881653,0.8468762636184692,0.783108589317415,0.7741415852777611,0.3321846127510071,0.3341144919395447,-0.6365892790130363,-0.6303992480740116,0.8562011122703552,0.8494275808334351,0.7970729998502077,0.7796757805055593,0.7208138704299927,0.7154145836830139,0.8620306514023205,0.839997044620973,0.7902810573577881,0.7895261645317078,0.6540861500141288,0.6497404944145998,0.26584872603416443,0.2619504928588867,-0.8923916407018002,-0.9086831483717123,0.7648471593856812,0.7672203779220581,0.5989176135966858,0.601355849383675
1,0.041666666666666664,1,0.041666666666666664,0.0,0.0860970715788079,0.07919513324076709,0.6045066406954286,0.5909886261950374,0.07545041024756681,0.07654578068729354,0.076811194020471,0.07884226178783826,0.11383463838682618,0.11140850738747522,0.08993561149494059,0.08779842346227294,0.08372283970175112,0.08392488286471617,0.49711523950099945,0.497427374124527,0.49677199125289917,0.4969044625759125,0.49836598336696625,0.4977323114871979,0.23186461627483368,0.2317126914858818,0.28749585151672363,0.2879244089126587,0.49033553898334503,0.48985883593559265,-171.1179962158203,-170.96261596679688,-4.78781795501709,-4.900501728057861,2.1621086597442627,2.368035078048706,0.625127911567688,0.6323613524436951,0.48879791818139173,0.5154875678005862,0.850283145904541,0.8459939360618591,0.7807326254879788,0.767037769773638,0.34201687574386597,0.34051352739334106,-0.6028869977007391,-0.6019825146886076,0.8554534316062927,0.8491135835647583,0.7919470651809626,0.7737568139292276,0.7188493013381958,0.7186324596405029,0.8501904976343616,0.8458151323764663,0.8004865050315857,0.8028659820556641,0.6727228445596783,0.6741495101101473,0.26879745721817017,0.2696629464626312,-0.8852233415368875,-0.873265689416353,0.7816804051399231,0.7805067896842957,0.6319320865124345,0.6259926588354666
2,0.08333333333333333,2,0.08333333333333333,0.0,0.05840492550577798,0.06110247747685361,0.5916627436162564,0.5913197562521461,0.07925464026383142,0.08077425795099973,0.08051705813732501,0.08249893054845041,0.11401847053341635,0.11074502324398447,0.09040347681378884,0.09022827882710001,0.08350706184741384,0.08308674723797463,0.4967147260904312,0.49670496582984924,0.4961601197719574,0.49624377489089966,0.4980734586715698,0.49581797420978546,0.23314379155635834,0.23328446596860886,0.28970107436180115,0.29078009724617004,0.48948244750499725,0.48936036229133606,-169.83816528320312,-169.06748962402344,-3.667502164840698,-4.164463520050049,2.16229248046875,1.9272037744522095,0.6269183158874512,0.6343240737915039,0.49715733728842554,0.5277986065800307,0.8477424383163452,0.8476579189300537,0.7775845125083525,0.7680079457485989,0.34766829013824463,0.3498767018318176,-0.5803493807840404,-0.556131465951519,0.8568089008331299,0.8536667823791504,0.797262793692705,0.7808878964720081,0.718894362449646,0.7143104672431946,0.8520536629257114,0.8325989521002409,0.7956584692001343,0.7965168952941895,0.6645389903360057,0.6583875707883963,0.26906436681747437,0.26854604482650757,-0.8836483875352461,-0.8660543326647979,0.7796667218208313,0.786672830581665,0.6298297417204103,0.6372868968440706
3,0.125,3,0.125,0.0,0.03807894274945319,0.0374503306537089,0.5847381390047223,0.581226617373536,0.08022689136989752,0.08052193016896726,0.08213594211815395,0.08267392070041728,0.11108798492729792,0.10944870656017416,0.09133000314534104,0.09099289317801393,0.0827021148017394,0.08277803485705615,0.4962538927793503,0.49623291194438934,0.4956241250038147,0.49567797780036926,0.4984549283981323,0.49616649746894836,0.23442741483449936,0.2347763329744339,0.29077503085136414,0.29096588492393494,0.4898022711277008,0.4900033622980118,-169.27389526367188,-169.73464965820312,-2.964360475540161,-3.2247724533081055,1.9848946332931519,1.93512761592865,0.6263829469680786,0.6339637637138367,0.4912946283613349,0.525912563286735,0.8497046828269958,0.848808228969574,0.7774699750143483,0.7702891767373722,0.34640973806381226,0.3397562801837921,-0.5839141895142038,-0.5969501466776967,0.8544294834136963,0.8507821559906006,0.7876766045746941,0.7745268411650347,0.7156815528869629,0.7122857570648193,0.8342369008871617,0.8248337350009808,0.8048039674758911,0.795566201210022,0.6804743536809831,0.65598816930908,0.26810699701309204,0.26744455099105835,-0.8846279541314024,-0.8729327397420752,0.7828396558761597,0.7866075038909912,0.6330265116117324,0.6367554658997578
4,0.16666666666666666,4,0.16666666666666666,0.0,0.03570266413639549,0.03444843695315626,0.5809848086772385,0.5818889098012968,0.0801351617817514,0.0792934145711521,0.08110366839634355,0.08061412259771826,0.11421758026693361,0.11354108825319648,0.09485359288233464,0.09370390252298703,0.08276853415088807,0.08305261371235993,0.4959784746170044,0.49620601534843445,0.4952359199523926,0.49518662691116333,0.49808384478092194,0.4968523681163788,0.2353309541940689,0.23560956120491028,0.29202190041542053,0.29231494665145874,0.4903355538845062,0.4905681759119034,-168.76783752441406,-168.4808807373047,-2.135486602783203,-1.7364530563354492,1.9174578189849854,2.13201904296875,0.629656195640564,0.6323262453079224,0.5057351745619353,0.51840397403491,0.8510428667068481,0.8536161184310913,0.779894755441055,0.7814465326354968,0.3412238657474518,0.33834001421928406,-0.6029352547094056,-0.606562947022611,0.8524872064590454,0.845716118812561,0.7830176003565072,0.7644420916603328,0.7158927917480469,0.7109086513519287,0.8372096804219854,0.8191071976153502,0.8033950924873352,0.7942190766334534,0.6768742512780577,0.6535967174306725,0.26975786685943604,0.26678192615509033,-0.8776348339654606,-0.8803869343169944,0.7807753682136536,0.7840105295181274,0.6279675512931431,0.6316232180323226
5,0.20833333333333334,5,0.20833333333333334,0.0,0.04177906760223559,0.03817594528234959,0.5783003131186367,0.5818761117046587,0.0812013327658131,0.0791594050911144,0.0821868687174957,0.08077452119212204,0.11427214983999877,0.11422809511659936,0.09535166966108621,0.0955004765653902,0.08272622151478967,0.08286562652663691,0.4955747276544571,0.4959641993045807,0.49492189288139343,0.49513962864875793,0.49788591265678406,0.4974720776081085,0.23497045785188675,0.23520022630691528,0.2918732166290283,0.291776180267334,0.49081581830978394,0.49017955362796783,-168.7707061767578,-169.04652404785156,-2.430464744567871,-2.185349941253662,1.8613587617874146,2.0185155868530273,0.6234486103057861,0.6346927881240845,0.4819394948298113,0.526837976612636,0.8534650802612305,0.8512229323387146,0.7829629382369646,0.779721161235045,0.3409665822982788,0.340359091758728,-0.6022937083863404,-0.6032113319717906,0.8549912571907043,0.8489201664924622,0.78625796761753,0.7747480323381685,0.7152588963508606,0.7133836150169373,0.8343292069434497,0.828959397368427,0.8043801188468933,0.7917194962501526,0.6769880758991422,0.6512155826252805,0.2663002014160156,0.2644389867782593,-0.8888810353308424,-0.8946949887881013,0.7860180139541626,0.7854382991790771,0.637344130336797,0.6376505027401599
6,0.25,6,0.25,0.0,0.04284917543979996,0.037848106614556634,0.5803214701597679,0.5803938644622569,0.08056994670444585,0.08071936163416558,0.08152054562150818,0.08231144625695674,0.11458164621252072,0.11212599029564058,0.09525082365868681,0.09415746993795263,0.08258923573703777,0.08273764284605264,0.4956032335758209,0.4957903325557709,0.4947962760925293,0.49488162994384766,0.49833790957927704,0.4967707395553589,0.2349644899368286,0.23490004986524582,0.2916072607040405,0.2915404140949249,0.4905915856361389,0.48996253311634064,-168.7447509765625,-169.1611785888672,-2.0795629024505615,-1.856816291809082,1.9432324171066282,1.9731048345565796,0.6251670718193054,0.6325559616088867,0.48509966078472655,0.5211456838216696,0.855809211730957,0.8548656702041626,0.7857531001836675,0.7877832857439262,0.33957594633102417,0.33786964416503906,-0.6072371145327803,-0.6098647464343051,0.8537024855613708,0.8525609970092773,0.7812205516407869,0.7828077652906842,0.7149913311004639,0.7089303135871887,0.8286619530678262,0.8142715725319939,0.8017154932022095,0.784424364566803,0.6693723343128793,0.635708727958648,0.26835864782333374,0.26634663343429565,-0.8796309925488077,-0.8843711159239404,0.7841517329216003,0.7858216762542725,0.6315845110937766,0.638725360814008
7,0.2916666666666667,7,0.2916666666666667,0.0,0.0409851968340111,0.03962556907069302,0.5766864569607956,0.5785309211447358,0.07997984677296092,0.08040053638155692,0.08173083472364737,0.08186391694468513,0.11149894503351893,0.11077879732079465,0.09464717628378841,0.09353896675090242,0.08300545692541564,0.08293498229026464,0.4952298551797867,0.4955810457468033,0.49431663751602173,0.49467703700065613,0.49863772094249725,0.49731992185115814,0.23439627140760422,0.23465361446142197,0.2908954322338104,0.29113197326660156,0.4910866767168045,0.489633172750473,-168.6571044921875,-169.28683471679688,-1.6404796838760376,-1.6705914735794067,1.92210853099823,1.8998721837997437,0.6250474452972412,0.6353902816772461,0.4831979446764709,0.5279419237456394,0.8557488918304443,0.8533986210823059,0.784075505114218,0.7824014860238787,0.3370569944381714,0.34178152680397034,-0.6176382026363558,-0.5947347395990936,0.8528224229812622,0.8579143285751343,0.7777831818462083,0.792114052923897,0.7148568630218506,0.7096703052520752,0.8264921514998347,0.8119676812750776,0.800690233707428,0.7884222269058228,0.6656915777713153,0.6426476210174947,0.26833832263946533,0.2676655948162079,-0.8803135715094753,-0.8781330574068161,0.7809848189353943,0.7887824773788452,0.6233221399724125,0.6434224623520034
8,0.3333333333333333,8,0.3333333333333333,0.0,0.03855226430670102,0.038037626838414225,0.5809052931883522,0.5786086655443445,0.080403745950735,0.08102248917526722,0.08162103764765258,0.08250579576404214,0.11306970827604067,0.10913404994415005,0.09492631547746784,0.09226544336737838,0.08267104214167557,0.08291962156375612,0.4953155666589737,0.49553725123405457,0.49444580078125,0.49464288353919983,0.49855609238147736,0.4978058636188507,0.23433104157447815,0.23447850346565247,0.2909095287322998,0.2906701862812042,0.49141116440296173,0.48935355246067047,-168.71400451660156,-169.3978729248047,-1.7584478855133057,-1.6077250242233276,1.9161648750305176,1.8637437820434573,0.624890923500061,0.6362665891647339,0.48408072752378123,0.5260709604072443,0.8550657629966736,0.854312539100647,0.7838018768574877,0.7799815230483514,0.3421294093132019,0.34356212615966797,-0.5993845234395059,-0.5860373097284245,0.8551691770553589,0.8586001396179199,0.7840247700468065,0.7891448792174228,0.7148345708847046,0.714708149433136,0.8287203322677181,0.8241036825640147,0.7950090765953064,0.7953911423683167,0.6543588732456337,0.6540561384276536,0.26877960562705994,0.26709288358688354,-0.8804410303246532,-0.8765763613134777,0.7849520444869995,0.7893358469009399,0.6326824784672087,0.6411149073467721
9,0.375,9,0.375,0.0,0.03988129283838154,0.03673520621234083,0.5811569934500103,0.5792938951907814,0.08123174438823216,0.08090627129793626,0.08248613720089083,0.0823471085054935,0.1127321071518496,0.10851441275133308,0.0950524387603189,0.09204330611609998,0.08262113481743233,0.08281649401270928,0.49523305892944336,0.49545247852802277,0.49444296956062317,0.49454259872436523,0.4984448254108429,0.4987783282995224,0.234096921980381,0.23440933972597122,0.29082173109054565,0.2906954288482666,0.49126385152339935,0.48991844058036804,-168.55467224121094,-169.2887878417969,-1.929396390914917,-1.446042776107788,1.8249367475509644,1.8409442901611328,0.6258881092071533,0.6376913785934448,0.48956550940556615,0.5250079557413412,0.8551385402679443,0.8526913523674011,0.7862637149427949,0.7712234288435821,0.34174540638923645,0.33669307827949524,-0.6019511473000037,-0.6125849629591041,0.8548170924186707,0.8556403517723083,0.7855691275258951,0.7774927432240488,0.7146634459495544,0.7143388390541077,0.8305904866370656,0.8146893531627787,0.7969557642936707,0.796920657157898,0.6605418469528697,0.6526598167574804,0.26808083057403564,0.2683623433113098,-0.8849290690063635,-0.8708341296431932,0.7852635979652405,0.787083625793457,0.6352773083150242,0.631747149874073
10,0.4166666666666667,10,0.4166666666666667,0.0,0.03876212068583558,0.03628811988608059,0.5815590313186373,0.5777448276507517,0.08153810561370195,0.08110986150455386,0.08277059439889524,0.08231534526372239,0.11171736661466461,0.10803895228090184,0.09407808086623892,0.0918375195229617,0.08277512058558129,0.08267705826681987,0.49524858593940735,0.4953787177801132,0.49441155791282654,0.494476318359375,0.4983404576778412,0.4991253465414047,0.2340351939201355,0.23427064716815948,0.290479451417923,0.290505051612854,0.49225182831287384,0.49085527658462524,-168.72142028808594,-169.35874938964844,-1.696670413017273,-1.3890706300735474,1.8306096792221067,1.7951284646987915,0.6264491081237793,0.6350589990615845,0.4922067521199363,0.5110421299551613,0.8555101752281189,0.8554707169532776,0.7850679357126847,0.7710584494041407,0.34337353706359863,0.33681991696357727,-0.595399018068282,-0.6101867410825805,0.8557504415512085,0.8576458096504211,0.7855871953192183,0.7756581547832494,0.7146785259246826,0.71722012758255,0.8311933469052882,0.819926628682515,0.795047402381897,0.7990185022354126,0.6543967903173018,0.6516779944739362,0.26904088258743286,0.26933127641677856,-0.8809928035684012,-0.8639100684072413,0.7881230115890503,0.7888672947883606,0.6394319113765395,0.6302110640943838
11,0.4583333333333333,11,0.4583333333333333,0.0,0.04547993535339741,0.04511781941119591,0.5927701589601674,0.5861309116038328,0.08165956883901603,0.08178844154606715,0.08207746758172527,0.08206841509568409,0.11093870189574302,0.1076267599372929,0.09509444878171655,0.09167469600274393,0.08257291214174366,0.08243257667175394,0.4950590878725052,0.4953649044036865,0.49453139305114746,0.49470025300979614,0.49837809801101685,0.4987044781446457,0.23416335135698318,0.2341730073094368,0.2906115651130676,0.2907070815563202,0.4923929423093796,0.49145208299160004,-169.02908325195312,-169.465087890625,-1.898901581764221,-1.6903824806213381,1.4438532590866089,1.5192723274230957,0.6270545721054077,0.6338104009628296,0.4939929057220688,0.5065404806012581,0.8543468713760376,0.8580480813980103,0.7816230927894657,0.7731255337074473,0.3401447534561157,0.3369290232658386,-0.6074626322248927,-0.6065301576310242,0.8561473488807678,0.8577159643173218,0.7855111422972414,0.7724251218197649,0.7146361470222473,0.7173104882240295,0.8302212410520201,0.8195998450560232,0.7918809056282043,0.8035206198692322,0.6467306730060888,0.6581308993431795,0.2677963376045227,0.26764336228370667,-0.8852104056422787,-0.8662966525454973,0.788551390171051,0.7893110513687134,0.6395407353921466,0.628163904944792
12,0.5,12,0.5,0.0,0.07843223329994299,0.07522747063745157,0.5944565338810174,0.5921026924904365,0.08276305955607476,0.0819828859484837,0.08270240341507683,0.08230706266453519,0.10971944697038276,0.10747860596331056,0.09109562790762414,0.09046710796583954,0.08298362786745418,0.08297895419490903,0.49539394676685333,0.49542149901390076,0.49491211771965027,0.49487802386283875,0.4988938271999359,0.4986286461353302,0.2344319075345993,0.23440924286842346,0.29034489393234253,0.2910325527191162,0.49250923097133636,0.4908223897218704,-170.26083374023438,-169.8609619140625,-3.1096243858337402,-2.8304054737091064,1.5798839330673218,1.4754970073699951,0.6277089715003967,0.6354867219924927,0.4940672707271021,0.5147077018377453,0.8543078303337097,0.8566261529922485,0.7805640922478814,0.7738573875871546,0.33583715558052063,0.3352539837360382,-0.6253997940874227,-0.6144335765016983,0.8542923927307129,0.8579251170158386,0.7805307863185855,0.7766053442972723,0.7143038511276245,0.7164299488067627,0.8261997701215333,0.819125997886176,0.7918528914451599,0.8016105890274048,0.6458203901831029,0.6574720332489601,0.26760005950927734,0.26521363854408264,-0.8871214728647653,-0.8778473712952127,0.7869547605514526,0.7902065515518188,0.6352528946165196,0.6333468067343274
13,0.5416666666666666,13,0.5416666666666666,0.0,0.06871859819141149,0.06607685828127173,0.5903942814955798,0.5893134618032806,0.08409800042370365,0.08244799093133699,0.08621995746233116,0.0840905366451979,0.10752283069650545,0.10739130915916324,0.09212672752776825,0.09194665912234486,0.08358709274275677,0.08323318046345868,0.49567192792892456,0.4955745041370392,0.4947308897972107,0.4946148693561554,0.498837485909462,0.4985061585903168,0.23413481563329697,0.2341434508562088,0.2908255457878113,0.291666716337204,0.49209851026535034,0.4899361580610275,-169.64248657226562,-169.3084259033203,-2.18162202835083,-1.8986514806747434,1.7449778318405151,1.6665593385696411,0.6279395818710327,0.6369566321372986,0.4956970196057288,0.5242455529414238,0.8552310466766357,0.8536942005157471,0.7842792133438306,0.7747747177033284,0.3355492949485779,0.33537721633911133,-0.6269570528135721,-0.6176910799962887,0.8529452085494995,0.8573185801506042,0.7793423510458423,0.7824943482838556,0.7142901420593262,0.7155331373214722,0.8272463643922253,0.8217770987219674,0.7926527857780457,0.7941371202468872,0.649125173678312,0.64792303425695,0.26874226331710815,0.26479777693748474,-0.8834675782374405,-0.8849415724465405,0.7843419313430786,0.7898417115211487,0.6311757207240642,0.6387741668932304
14,0.5833333333333334,14,0.5833333333333334,0.0,0.056381916835848866,0.054414132689033806,0.5854624790719517,0.5848815321323108,0.08042119182018535,0.08260109044039488,0.08293604817763799,0.08488534876631684,0.11238970233723368,0.10812297646922982,0.09806944858568357,0.09424238157700747,0.08328549234348577,0.08274661140349293,0.4953078329563141,0.49541909992694855,0.4948035776615143,0.49472588300704956,0.498564749956131,0.49871590733528137,0.2333756536245346,0.23357335478067398,0.2900693416595459,0.2898275852203369,0.49186496436595917,0.48944205045700073,-169.1193084716797,-169.88510131835938,-2.8551385402679443,-2.22538423538208,1.4803121089935303,1.515508770942688,0.628176212310791,0.6363504528999329,0.4970556824502992,0.5224956185905912,0.8552603721618652,0.8537176847457886,0.7839052880906531,0.7778714815243064,0.3355861008167267,0.33401623368263245,-0.625017743038387,-0.625241704499155,0.8527683615684509,0.8563215732574463,0.7785296002304132,0.7834318056954299,0.713943362236023,0.7156342267990112,0.8259698730891686,0.8234769188713165,0.7922511696815491,0.7923845648765564,0.647983793313715,0.6469011932909603,0.2696765065193176,0.26457756757736206,-0.8777788629143185,-0.8888484803411706,0.783382773399353,0.7873448729515076,0.6288531642706496,0.6361394726180483
15,0.625,15,0.625,0.0,0.06510392519544185,0.05968408234807097,0.5852478122836734,0.5781878515099428,0.05784241911217663,0.05836850048432019,0.05903648173525956,0.05939591801149107,0.13370925282129778,0.1323311393234292,0.11710406389450265,0.11673137418937166,0.08253998487136112,0.08241684106314898,0.4951549768447876,0.4952889531850815,0.49452030658721924,0.494319349527359,0.4986320585012436,0.4983946681022644,0.2325492799282074,0.23281531035900116,0.28453388810157776,0.285214364528656,0.49132218956947327,0.48965921998023987,-172.5376739501953,-172.36068725585938,-1.9507040977478027,-1.097778558731079,1.6686779260635376,1.6638981103897095,0.628595769405365,0.6357046365737915,0.49714419815892064,0.5225289023752425,0.8547126650810242,0.8540792465209961,0.7819092286367652,0.7800689870353696,0.33635175228118896,0.3332943916320801,-0.6207633819587615,-0.6282840729346142,0.8530126810073853,0.8562208414077759,0.7782513638183695,0.7846532349698986,0.713842511177063,0.7161939740180969,0.8232346336268372,0.828828624207927,0.7932533025741577,0.7933096289634705,0.6496667898039847,0.6499869647584622,0.2703418731689453,0.26515865325927734,-0.8732679326023902,-0.8875725498076534,0.7813922166824341,0.7868484854698181,0.6241452278881516,0.6361563920865186
16,0.6666666666666666,16,0.6666666666666666,0.0,0.0652670900208254,0.05725953855158281,0.5960920041500943,0.5884038671590122,0.04750760096735251,0.05086506823842409,0.0488415504967092,0.052139991116288295,0.15531131501297027,0.1506007659816543,0.14017246164169136,0.135337182436773,0.08222970820183786,0.0819503855251478,0.49480000138282776,0.49478548765182495,0.4937351644039154,0.49335113167762756,0.4992104172706604,0.4986952245235443,0.2324935793876648,0.23248635977506638,0.2804999053478241,0.28061428666114807,0.49160754680633545,0.4890328049659729,-175.31842041015625,-175.21640014648438,-0.6369416117668152,0.17031189799308777,1.7763478755950928,1.8096727132797241,0.6280207633972168,0.6357734203338623,0.49341741380526016,0.5220378556206454,0.8556066155433655,0.8533155918121338,0.7843077830708518,0.7803596306129829,0.3370356559753418,0.33330994844436646,-0.6212222364824784,-0.6298403211774964,0.8537156581878662,0.8557309508323669,0.7802333425056079,0.7855337665888967,0.7132996320724487,0.7165799736976624,0.8200843322578321,0.8297751991767691,0.7962380051612854,0.7934420704841614,0.6563864030675258,0.6520997164086741,0.27139294147491455,0.2655774652957916,-0.8726714360066793,-0.887787400577866,0.7826634049415588,0.7855081558227539,0.6271372496525249,0.6351038359058012
17,0.7083333333333334,17,0.7083333333333334,0.0,0.05506005518690232,0.04954081798388843,0.5961395992279248,0.5912613116617614,0.04250696068604632,0.04331110055520772,0.04393615917173055,0.043896800702779806,0.148204415598659,0.1468526378626266,0.13700727554583766,0.13370395123372814,0.08250872500585078,0.08162685503131364,0.49458466470241547,0.49457527697086334,0.4927254915237427,0.4923650324344635,0.4992336332798004,0.4987848699092865,0.22741388529539108,0.22796723246574402,0.27303242683410645,0.27327972650527954,0.49128085374832153,0.48851944506168365,-177.41685485839844,-177.47825622558594,1.9942250251770022,2.8663618564605713,1.5885815620422363,1.7637821435928345,0.628528892993927,0.6356427669525146,0.49542902737862055,0.5228922675400016,0.8551543951034546,0.8529903888702393,0.7842812817194406,0.7832994027934739,0.3381209671497345,0.334380567073822,-0.6173458459009072,-0.6281386793179781,0.856072723865509,0.855749785900116,0.7862606178807389,0.7892297357384996,0.7125344276428223,0.7162884473800659,0.8173184796102245,0.8310148064443446,0.7948223352432251,0.7942327260971069,0.6542435079925125,0.6570209080558791,0.2695317268371582,0.2657960057258606,-0.8801636838621038,-0.8901793622180256,0.7840117812156677,0.7857101559638977,0.630942788909574,0.6387047042294506
18,0.75,18,0.75,0.0,0.05652112296452968,0.044742966453007446,0.6100002142992763,0.6031264485620761,0.04643503196170632,0.04611772721008953,0.04651237507631863,0.04508003410600222,0.14124852944113153,0.14206608067202925,0.1261556703722652,0.12643472744488707,0.08222872071031574,0.08139018884045267,0.4941995441913605,0.4941185712814331,0.49244940280914307,0.4922337830066681,0.4994923323392868,0.4984079897403717,0.22231990098953247,0.22236765176057816,0.2665020525455475,0.2668338418006897,0.4902723431587219,0.48759618401527405,-178.72499084472656,-178.33190917968753,1.6091417074203491,2.586132049560547,1.8991535902023318,1.7587084770202637,0.6286635994911194,0.6355355381965637,0.49469086992754546,0.5237191715757501,0.8540845513343811,0.8526074886322021,0.7837323440272931,0.7841562390258371,0.3355470299720764,0.33479011058807373,-0.6278659800808432,-0.6248913590984084,0.8541707396507263,0.8555334210395813,0.7839180128137687,0.7904420392824132,0.7141355872154236,0.7159556150436401,0.8220253684896172,0.8308604899948151,0.7930195927619934,0.7922855019569397,0.6521848531944416,0.654566109614687,0.26899468898773193,0.2661944031715393,-0.882743370255868,-0.8868729045011313,0.7833462953567505,0.7868556976318359,0.631346420949684,0.6429012244882165
19,0.7916666666666666,19,0.7916666666666666,0.0,0.05834776308063083,0.05112170536660343,0.6012283469129817,0.5893286225149795,0.05364723922100156,0.05373426384148294,0.053073276663712476,0.05262586289860084,0.1370679095769503,0.13701793800058576,0.1214017552853711,0.12127198265638221,0.08312587402827767,0.08230960698572024,0.4944261610507965,0.4945112317800522,0.4929259121417999,0.4930049479007721,0.49914735555648804,0.4981449842453003,0.21985170245170593,0.21955521404743195,0.2627350091934204,0.2645382583141327,0.4903580993413925,0.48649246990680695,-180.09751892089844,-177.978759765625,0.9933102130889893,1.3543776273727417,1.8116135597229004,1.7633310556411743,0.6282155513763428,0.6345589756965637,0.4940404491920968,0.5212225869435738,0.8541554808616638,0.8532227873802185,0.7832950178758412,0.7881949574760949,0.3330494165420532,0.33487606048583984,-0.6357809519171229,-0.6238322763233752,0.8519929647445679,0.8551608920097351,0.7786388873299893,0.792360427913801,0.7148565649986267,0.7146456241607666,0.8256803626232497,0.827224703354528,0.7949248552322388,0.7910579442977905,0.6557650896302951,0.6545871985445884,0.2692728042602539,0.2664310932159424,-0.8799017128800136,-0.8853528324199235,0.7849346399307251,0.7868578433990479,0.6342550780945286,0.6455601337191672
20,0.8333333333333334,20,0.8333333333333334,0.0,0.06259417795863811,0.0534522447215927,0.6002776569484042,0.5867723464789515,0.061917794392307615,0.06377283396955034,0.06119305563172363,0.06288794061791025,0.1333463716134869,0.13514558220997985,0.11309488071180145,0.11679292892982424,0.08263492816083153,0.08223718978055504,0.4951644241809845,0.4953141361474991,0.4946591854095459,0.4947051405906677,0.49915002286434174,0.4980347156524658,0.21843819320201874,0.21799734979867935,0.262277752161026,0.2626594603061676,0.4899633824825287,0.4864606410264969,-179.1958465576172,-178.36221313476562,-1.5132702589035034,-1.0106441974639893,2.157761573791504,1.9833060503005984,0.6281733512878418,0.6336250305175781,0.49479069047378643,0.5192212859337303,0.8549941778182983,0.8534412980079651,0.78741794859758,0.790477512803237,0.3327045440673828,0.3346744179725647,-0.638300642112308,-0.6255619652204204,0.8524050116539001,0.8551024794578552,0.7818327871925721,0.7940557029771412,0.713822603225708,0.7142307758331299,0.8232464280734172,0.8278880131850305,0.7958967685699463,0.7901099920272827,0.6599373049029436,0.6540616764865054,0.27215659618377686,0.26616209745407104,-0.8704955583817571,-0.8879188687891221,0.7869803309440613,0.787502110004425,0.6407034125467809,0.6484442902404044
21,0.875,21,0.875,0.0,0.04740587643170618,0.04071383081670424,0.5789730374340034,0.5814021474703397,0.0710668405069406,0.06731269593846537,0.07094377425078452,0.06691336242868443,0.12727077947111642,0.13046787972632998,0.10911811359623824,0.11392093339388705,0.0831893690713442,0.08243540112628017,0.4953184574842453,0.49559783935546875,0.4955386221408844,0.4950857162475586,0.498696893453598,0.4981301426887512,0.21825918555259705,0.2175404503941536,0.26245906949043274,0.2634858191013336,0.4898226410150528,0.4864245057106018,-179.1879119873047,-177.5694580078125,-2.639742374420166,-1.1242883205413818,1.8161985874176025,1.8244292736053465,0.6276143789291382,0.6334969401359558,0.4949781561911345,0.5185680176468689,0.8549941778182983,0.8535305261611938,0.7886669716594767,0.7910566900137922,0.33331212401390076,0.3348284065723419,-0.6349941432490094,-0.6255821898217422,0.8524242043495178,0.8547194600105286,0.7831165577071418,0.7936186585545033,0.7141079902648926,0.7142148613929749,0.8270700218008405,0.827785146250016,0.7966272234916687,0.7907623052597046,0.6626109008146889,0.6558008829762464,0.2736544609069824,0.2660810649394989,-0.8640494958135533,-0.8889419895757376,0.7876347303390503,0.7875272631645203,0.6431896655113324,0.648829867658299
22,0.9166666666666666,22,0.9166666666666666,0.0,0.03969530690312532,0.036779356125113585,0.5787944163235962,0.5801385270738906,0.06978056801576585,0.06940775101835138,0.06993978852120855,0.06930139559989601,0.12573452565263982,0.12673782219035948,0.10930754223230929,0.11242387363415896,0.08312058115655244,0.08268624360987446,0.495707705616951,0.49580059945583344,0.49539679288864136,0.49506843090057373,0.4991786479949951,0.49859680235385895,0.21875957399606705,0.21811377257108688,0.26410743594169617,0.2645519971847534,0.49012503027915955,0.48650121688842773,-178.26376342773438,-177.32244873046875,-1.7629520893096924,-0.7192420363426208,1.835947513580322,1.7083654403686523,0.6268600225448608,0.6337997317314148,0.49019772332341127,0.5181159489397821,0.8548120260238647,0.8543837070465088,0.7875652483719451,0.7929987525403558,0.33302566409111023,0.334658145904541,-0.6378989474401882,-0.6282351495281395,0.852451503276825,0.8547153472900391,0.7824675462184485,0.7937136283674132,0.7136960029602051,0.7145183086395264,0.8235807249728311,0.827440475149031,0.797125518321991,0.7914248108863831,0.6629874890987837,0.657286052284239,0.2735600471496582,0.266245573759079,-0.8662009229122444,-0.8904013976985099,0.7873490452766418,0.7869491577148438,0.6418745607190944,0.6476384406778566
23,0.9583333333333334,23,0.9583333333333334,0.0,0.03490507692995322,0.03657765374532559,0.5766007339306413,0.5780291865558914,0.07249974087467577,0.07305397322730595,0.07209246767754073,0.07277014664957342,0.12753876393946253,0.12768766238407586,0.11233442288493874,0.11248210011948492,0.08326200899909676,0.08356015726690653,0.49585986137390137,0.4960884749889374,0.4956870675086975,0.4959110617637634,0.4990386962890625,0.49890077114105225,0.22110861539840698,0.22138796746730804,0.2701420485973358,0.2701079547405243,0.4909847378730774,0.4868866801261902,-175.5111846923828,-176.09716796875,-2.47562050819397,-2.285313367843628,1.59305739402771,1.5727307796478274,0.6264505982398987,0.6340144872665405,0.48785754831550787,0.5172067702742251,0.8543423414230347,0.8551291823387146,0.7825999387810006,0.7929050832038333,0.3331931531429291,0.3336775600910187,-0.6350191688492838,-0.6324640148462626,0.853023886680603,0.8548892140388489,0.779760249751153,0.7923883799888919,0.7139779925346375,0.715454638004303,0.8229981383017779,0.8289545227718581,0.7970190048217773,0.7926639914512634,0.6591368839926101,0.658404130488242,0.272738516330719,0.26491761207580566,-0.8664987280421893,-0.8956727523229397,0.7883743047714233,0.7867518663406372,0.6405179211194222,0.6456740571681148
24,1.0,24,1.0,0.0,0.028754429142998406,0.03125065241603649,0.5781916229165202,0.5654981653918721,0.07401269588291708,0.07406417177810774,0.07319836457947107,0.07288866451017831,0.12470124237634393,0.1262248319580343,0.10869068509823712,0.11098681688883501,0.08337268981901357,0.08303895624434551,0.49602316319942474,0.49629099667072296,0.4956168830394745,0.4962274730205536,0.5000941306352615,0.499094694852829,0.2250405102968216,0.22560570389032364,0.2753247320652008,0.27514809370040894,0.4902975261211395,0.4871341586112976,-174.93157958984375,-175.69346618652344,-1.7838863134384155,-2.3976263999938965,1.572663426399231,1.379150152206421,0.6261335015296936,0.634328305721283,0.48328934177664135,0.516238661712402,0.8535413146018982,0.8555004596710205,0.783468814021028,0.7909850986379353,0.3333321213722229,0.33316898345947266,-0.6394375116136386,-0.633402204106685,0.8524546027183533,0.8548125624656677,0.7811249202021014,0.7895079916461627,0.7144336104393005,0.7153748273849487,0.82187006628274,0.8256243803322683,0.7970761656761169,0.7924027442932129,0.6616809551083465,0.6554967206881517,0.27244335412979126,0.2647048234939575,-0.8729113224820954,-0.8947562128393323,0.7881627678871155,0.7863689661026001,0.6424559348434327,0.64254051751883
25,1.0416666666666667,25,1.0416666666666667,0.0,0.025479716840285247,0.02636290337560033,0.5766985758535693,0.5664201415722537,0.07652195352699892,0.07817309852206229,0.07680364931785455,0.0780389780975069,0.11898071466658694,0.11420781475947774,0.10654989971538877,0.10212480349161825,0.08362338845915855,0.0834304853395718,0.49652980268001556,0.49656347930431366,0.4965996742248535,0.49700939655303955,0.49983738362789154,0.4994656890630722,0.23070578277111053,0.23094163835048676,0.28326717019081116,0.2840084135532379,0.49090054631233215,0.4882901757955551,-173.23284912109375,-172.60598754882812,-2.4882044792175293,-3.508629322052002,1.292718529701233,1.101401925086975,0.626447319984436,0.634567141532898,0.48310541473895235,0.5161824946795716,0.8542854189872742,0.8560576438903809,0.7799441152085247,0.7903857300637557,0.3329087197780609,0.3322511315345764,-0.6369495452070265,-0.6388771243675365,0.8529261946678162,0.8547853231430054,0.7770267702970377,0.7876513278938216,0.7143480181694031,0.715648889541626,0.8185080258966266,0.8259717544913658,0.7977741956710815,0.7919988632202148,0.658652340610835,0.6527141018763262,0.271669864654541,0.2649668753147125,-0.8706185869422131,-0.8959502689807362,0.78877192735672,0.7858829498291016,0.6393304955829183,0.6395701152815266
26,1.0833333333333333,26,1.0833333333333333,0.0,0.020416264799728738,0.023607693737886196,0.566308149865466,0.5605280970573507,0.07836089166709209,0.0798474847456393,0.07918047660524521,0.08064206382409263,0.1190161784497314,0.1152533456738629,0.10852764909017162,0.10410218157347932,0.08390750268499782,0.08342242417167181,0.49627064168453217,0.4966053366661072,0.4963235557079315,0.4965507388114929,0.49966444075107574,0.499718576669693,0.23541371524333954,0.23578086495399475,0.2905327081680298,0.2902788817882538,0.49108271300792694,0.4895994961261749,-170.30279541015625,-171.42832946777344,-2.444260835647583,-2.5593435764312744,1.029889702796936,1.2274316549301147,0.6269516348838806,0.6352167725563049,0.4850033168564639,0.5160155570195134,0.8544745445251465,0.8567765951156616,0.7788569203908855,0.7865519196496306,0.33261236548423767,0.3323740065097809,-0.6365197311808068,-0.637295581835789,0.8528675436973572,0.8553953170776367,0.7754126390195298,0.783593001744978,0.7148090600967407,0.7160853743553162,0.8197670998828036,0.8239861268832346,0.7973510026931763,0.7942668795585632,0.6564241576969337,0.6526461371171641,0.27203458547592163,0.2650105655193329,-0.8673396846883094,-0.8938346692973345,0.789137601852417,0.7863035202026367,0.6388203935780186,0.6355873510286473
27,1.125,27,1.125,0.0,0.024557539728706865,0.030721679679701193,0.5767570182335073,0.5757430483613444,0.07656218066190407,0.07981837646977386,0.07662376576207285,0.08056066148378416,0.12177143072954855,0.11886374600961759,0.10601737086880399,0.10397946849752339,0.08312173141810672,0.08271428147845955,0.4963529109954834,0.49668557941913605,0.49604666233062744,0.4961709976196289,0.4994751662015915,0.49920549988746643,0.23776593804359436,0.23806182295084,0.29326775670051575,0.29322341084480286,0.4917008727788925,0.4891964942216873,-170.5567626953125,-170.8861846923828,-2.068150520324707,-2.1009268760681152,1.427216410636902,1.606985092163086,0.6277264356613159,0.6345228552818298,0.48904192657194123,0.5157154053409849,0.8552138209342957,0.8566354513168335,0.7796987406235412,0.7877063197553485,0.33286577463150024,0.3314410150051117,-0.635307378879425,-0.6393764426653067,0.8534059524536133,0.8551754355430603,0.7758210444238491,0.784576374958434,0.7155389189720154,0.7159278392791748,0.8238845070488299,0.8259624109569098,0.7974078059196472,0.7927590012550354,0.6557106479404745,0.6507696057090306,0.2722267210483551,0.26447927951812744,-0.8665334689971,-0.8945779905995221,0.7884262800216675,0.7858380079269409,0.6364461775355889,0.6359325556949982
28,1.1666666666666667,28,1.1666666666666667,0.0,0.03168462076280287,0.03317847559963165,0.5754018402759353,0.5760011343199692,0.08012121545311326,0.08059404221446177,0.08062853357633863,0.0815346021860423,0.12005442646609511,0.11622785390984368,0.1041889827596451,0.10175870986252422,0.08288527363017752,0.08334201674538025,0.4963851720094681,0.4966556280851364,0.49586814641952515,0.49617528915405273,0.4993574172258377,0.49946098029613495,0.23737367242574692,0.23736731708049774,0.293942928314209,0.2938358783721924,0.49153873324394226,0.4886028468608856,-169.76840209960938,-170.0796661376953,-2.0705556869506836,-2.0489320755004883,1.5163286924362183,1.4710675477981567,0.6285099983215332,0.6342734694480896,0.49122100561909005,0.51273463682522,0.8555520176887512,0.8571798801422119,0.7787778664295402,0.7885211119968314,0.33264878392219543,0.3318846821784973,-0.6340622990424201,-0.6373457896694873,0.853791356086731,0.8562928438186646,0.7750110690501064,0.7866234167932041,0.7156063318252563,0.7162699103355408,0.8224846022616852,0.8245930974460276,0.7964391708374023,0.7928335666656494,0.6523105677987137,0.6508608074365407,0.2715967893600464,0.264055997133255,-0.8662684377772626,-0.8953197831160752,0.788818895816803,0.7858006954193115,0.6360075871775531,0.6358149229810649
29,1.2083333333333333,29,1.2083333333333333,0.0,0.0480033972344337,0.03692140989868517,0.5677299219150235,0.5729338474254024,0.08206262456210157,0.08284418107589614,0.08371028331223923,0.08522538069623395,0.11279326935884401,0.11397946999376322,0.10044303303384931,0.10160249182601692,0.08388326012807598,0.08364513473282188,0.49612800776958466,0.49652236700057983,0.49557581543922424,0.49570873379707336,0.49948419630527496,0.49950939416885376,0.23559292405843735,0.23599117994308472,0.2915439307689667,0.2923201620578766,0.4918859452009201,0.488193079829216,-171.23574829101562,-171.03118896484375,-1.9368356466293337,-1.6989128589630127,1.388716220855713,1.6133959293365479,0.6288031339645386,0.6349107027053833,0.49127003187231955,0.5144864258943999,0.8560441136360168,0.8567651510238647,0.7781632684018871,0.7877637810459442,0.33183562755584717,0.33147403597831726,-0.6368805621485116,-0.6384865241978867,0.8536086082458496,0.8564450740814209,0.7729588792136195,0.7870796678368562,0.7156416177749634,0.7172215580940247,0.8211609626321835,0.8272442438130353,0.7963925004005432,0.7922000288963318,0.6506947716213884,0.6497661716068464,0.2698405385017395,0.26348572969436646,-0.8723938591706903,-0.8968227329148557,0.7882315516471863,0.7854828834533691,0.6332557819030942,0.6354093488697561
30,1.25,30,1.25,0.0,0.06922046086370051,0.05566973505992097,0.5778321208888292,0.5789292011885843,0.0811836457198139,0.08232199584650761,0.08263763373388085,0.08447241158208837,0.11323405183992989,0.11494409955944639,0.10099366074774327,0.10185608224650697,0.08334317469284694,0.08355250373107183,0.4959605187177658,0.49629220366477966,0.4955362379550934,0.4956532120704651,0.49955376982688904,0.4998018890619278,0.23542334139347076,0.23574329167604446,0.2916651666164398,0.29215487837791443,0.49181273579597473,0.48871688544750214,-170.66714477539062,-170.7473602294922,-3.130231618881226,-2.667515754699707,1.329499363899231,1.5567665100097656,0.6290403604507446,0.6346166133880615,0.49151856125211507,0.5110372283825589,0.8558928370475769,0.8577193021774292,0.7773822081546335,0.7868047051668363,0.33091819286346436,0.3314586877822876,-0.6401243230332784,-0.6381323956193248,0.8529181480407715,0.8567202091217041,0.7710306654563809,0.7846743908883816,0.7161130309104919,0.7182641625404358,0.8220379880325882,0.828116923449196,0.7960241436958313,0.7931024432182312,0.6495508411639119,0.6490255298629269,0.26858723163604736,0.2630050778388977,-0.8767266170341916,-0.8976169828786813,0.7873678207397461,0.785119354724884,0.6310678990009981,0.6320036045216467
31,1.2916666666666667,31,1.2916666666666667,0.0,0.07242039218114722,0.06557845623761671,0.5880257003384507,0.5816276562129877,0.08013319132498571,0.08239885097736327,0.08134616459711477,0.08392177568650616,0.11497762129618347,0.11385925893192922,0.10207516757356061,0.10106056149156566,0.08334574743796892,0.08322505161188953,0.4958026558160782,0.4960159659385681,0.49527034163475037,0.4954504072666168,0.4997686743736267,0.4996829628944397,0.23597075790166855,0.23628830909729004,0.2928140461444855,0.29355472326278687,0.49117356538772583,0.48916612565517426,-170.2721405029297,-170.19271850585938,-3.111114501953125,-3.0483615398406982,1.3707585334777832,1.3356046676635742,0.6290810704231262,0.6343719363212585,0.49167562640589446,0.5105990743696509,0.8553038835525513,0.8580265045166016,0.7787855561991239,0.7865611921665283,0.330485999584198,0.33067941665649414,-0.6436518671798273,-0.6406838813807537,0.8519249558448792,0.8565003871917725,0.7715588575066384,0.7833068858457767,0.7160130739212036,0.7192490100860596,0.8222112021157071,0.8323637607941049,0.7952051162719727,0.7940518260002136,0.6502490142836522,0.6501410118325907,0.26860737800598145,0.26317769289016724,-0.8789286925659785,-0.8965794962669205,0.7862175107002258,0.7844194173812866,0.6310267274953193,0.6296007769878375
32,1.3333333333333333,32,1.3333333333333333,0.0,0.07459589855785725,0.057633640900239036,0.5886205399486042,0.5773557184324828,0.08062815920927131,0.08203705562647326,0.08181161044505518,0.08359496743246173,0.11223630064270465,0.11231108303782922,0.10131968773101672,0.10018299901652908,0.0832492162929005,0.08310176457264991,0.49533219635486603,0.49572399258613586,0.49492645263671875,0.49522149562835693,0.49982520937919617,0.49968233704566956,0.2368616983294487,0.23726724833250046,0.2943457067012787,0.2950846254825592,0.49120715260505676,0.48944930732250214,-169.43002319335938,-169.95672607421875,-3.1212527751922607,-3.100600481033325,1.055606484413147,1.2673269510269165,0.6290261149406433,0.6340985894203186,0.4915583082670954,0.5086055421766258,0.8554023504257202,0.8585507273674011,0.7794104513412489,0.7855928974792697,0.33030974864959717,0.33114930987358093,-0.644939234282141,-0.6376969313250573,0.8514546751976013,0.8563740253448486,0.770962071599537,0.7809600200207165,0.7160491347312927,0.7191139459609985,0.8226464550776545,0.8302874872006087,0.7958119511604309,0.7958365082740784,0.6518816418871634,0.6521123893720941,0.26769232749938965,0.2629738450050354,-0.8831737379405183,-0.8956599280612296,0.7845333814620972,0.7852696776390076,0.6277444891963398,0.6296220204789911
33,1.375,33,1.375,0.0,0.06370670155009268,0.048248190205615965,0.59252449125386,0.5868358730600209,0.07738656515980856,0.08388324011473097,0.08057725356753528,0.08621209983197632,0.11520144724251859,0.10168076780623472,0.10972905082983032,0.09610960078887179,0.12713470267565594,0.12687573218555018,0.49944227933883667,0.4998311996459961,0.49901771545410156,0.4992108941078186,0.4999643564224243,0.5005360543727875,0.35728558897972107,0.35617659986019135,0.4433693587779999,0.4423324763774872,0.7157298624515533,0.7148926258087158,-173.3044891357422,-174.36209106445312,-2.261319160461426,-1.6438473463058472,0.9806616306304932,0.9913306832313539,,,,,,,,,,,,,,,,,0.7938077449798584,0.7859214544296265,0.8064820868793021,0.7912462711044003,1.0260331630706787,1.0139262676239014,0.479057588316174,0.4663612972504002,0.1986270248889923,0.2062784731388092,-0.827049950597141,-0.8158448674992261,1.0006767511367798,0.9824801087379456,0.4399114318777194,0.41731908459975714
34,1.4166666666666667,34,1.4166666666666667,0.0,0.03480102488249981,0.03205434420461928,0.579233914039575,0.5787248321180616,0.08259455517602764,0.08285773404441474,0.08387928811583518,0.08400743328546459,0.1099749622070405,0.10702639271858091,0.10170528529792379,0.09893021249466143,0.12507869295840682,0.12578165452818893,0.49900567531585693,0.49920161068439484,0.4983706474304199,0.49838435649871826,0.5064196884632111,0.5069368183612823,0.35715052485466003,0.357064887881279,0.44351011514663696,0.4433274567127228,0.7249715030193329,0.7225459218025208,-173.3792724609375,-174.0364227294922,-1.1894594430923464,-0.7924180030822754,1.0513129234313965,1.0685746669769287,,,,,,,,,,,,,,,,,0.8048328161239624,0.7952736020088196,0.7910635819985751,0.7826024067573298,1.037459373474121,1.0175906419754028,0.46596055957675286,0.4504550951421798,0.2048327475786209,0.20664504170417786,-0.7994770458335128,-0.81505059523921,0.995973527431488,0.9676224589347839,0.40409970075875545,0.37416692217485814
35,1.4583333333333333,35,1.4583333333333333,0.0,0.036041832498379604,0.03283006721294411,0.5769024316566582,0.5774141701109892,0.08310546767322143,0.08256046185805098,0.08366029860047158,0.08354649752311033,0.10911752442374077,0.10803007064390947,0.10143418452568667,0.10096013238457077,0.12461788438303663,0.12519139698748272,0.49852146208286285,0.49886469542980194,0.49807843565940857,0.49829134345054626,0.5046704709529877,0.5001910626888275,0.35696254670619965,0.35717274248600006,0.44268685579299927,0.4429343640804291,0.7313852310180664,0.7297694981098175,-173.71287536621097,-174.0181121826172,-1.1007940769195557,-0.8477367758750916,0.8547247052192688,0.8695206642150879,,,,,,,,,,,,,,,,,0.8062627911567688,,0.788174653163532,,1.0352351665496826,,0.4466669933161307,,0.20359942317008972,,-0.7868123714275259,,0.9878736138343811,,0.37704432805831317,
36,1.5,36,1.5,0.0,0.024436113074991404,0.02183373574890435,0.5585100462340764,0.5660116001378996,0.08345888842838121,0.08455310285476153,0.08352144144127668,0.08527797906359147,0.11137567197369044,0.1080420725827781,0.10215912091808216,0.10027505332576668,0.12445690824087217,0.12489835718967189,0.49851153790950775,0.4986238181591034,0.49801602959632874,0.498104453086853,0.5030258148908615,0.5022718459367752,0.3568376302719116,0.3564954400062561,0.44222453236579895,0.443382203578949,0.7442590296268463,0.7330299317836761,-173.41493225097656,-172.95257568359375,-0.6406833529472351,-0.5964168310165405,0.8745831251144409,0.8076282739639282,,,,,,,,,,,,,,,,,,,,,,,,,,,,,,,,
37,1.5416666666666667,37,1.5416666666666667,0.0,0.01724151796542521,0.01725116934040933,0.5515631689850857,0.5614109822923737,0.08498241966407204,0.0857408281912528,0.08549273106044603,0.08613661510192541,0.10954427992858176,0.10642664407217572,0.10214990546447487,0.10023066689985131,0.12427350183071736,0.12444655864782331,0.498240202665329,0.4985515624284744,0.4978196918964386,0.4981197714805603,0.5056749880313873,0.5064965039491653,0.3559803366661072,0.3562350869178772,0.4415871500968933,0.4420540928840637,0.7419769167900085,0.7384185194969177,-173.35572814941406,-173.385498046875,-0.5401445031166077,-0.348264217376709,0.7811927795410156,0.6062750220298767,,,,,,,,,,,,,,,,,,,,,,,,,,,,,,,,
38,1.5833333333333333,38,1.5833333333333333,0.0,0.01596314630809603,0.016320039879604557,0.5509327126713102,0.5516628197396013,0.08554832893582946,0.08622095458019251,0.0863834550302855,0.08670650375616508,0.10749302678967612,0.10658709498624269,0.10057943952432008,0.10018245390346792,0.1243830360383277,0.1245616686009728,0.49833109974861145,0.49848783016204834,0.4975430369377136,0.49776726961135864,0.5067968368530273,0.5038065165281296,0.3558553606271744,0.3560887575149536,0.440738320350647,0.44205597043037415,0.7510817348957062,0.748138964176178,-173.83587646484375,-173.40631103515625,0.011617355048656464,-0.038287561386823654,0.8491929769515991,0.7439931631088257,,,,,,,,,,,,,,,,,,,,,,,,,,,,,,,,
39,1.625,39,1.625,0.0,0.016164392597703747,0.01673104049037123,0.5488746605511137,0.5506538062235246,0.08503671204720928,0.08666333570156098,0.08591986962602517,0.08742335100070417,0.10606990043718163,0.10457650454482414,0.10035293022949396,0.09930332212126951,0.12462519612733106,0.12484836476823266,0.4979247599840164,0.4983580410480499,0.4973304867744446,0.4976947605609894,0.5069557726383209,0.5062709152698517,0.3560088127851486,0.3558209389448166,0.440879225730896,0.44180575013160706,0.7522568106651306,0.7471100091934204,-173.98660278320312,-173.63685607910156,-0.007612717803567647,-0.18405301868915558,0.6548826694488525,0.7000797986984253,,,,,,,,,,,,,,,,,,,,,,,,,,,,,,,,
40,1.6666666666666667,40,1.6666666666666667,0.0,0.025772861806681584,0.025682755762609692,0.5345986549306382,0.5445408841209366,0.08443204605170798,0.08516230112652062,0.08488004988293883,0.08563662047416236,0.10613035725854413,0.10542784896190793,0.10168389256004255,0.10055603779052341,0.12455420377967334,0.12505898859780776,0.4981534630060196,0.4983682781457901,0.497803270816803,0.497640997171402,0.5059586316347122,0.5077045112848282,0.35591381788253784,0.355855256319046,0.4401214122772217,0.4408717751502991,0.7551364302635193,0.7463191449642181,-175.48883056640625,-175.33242797851562,-0.2893812656402588,-0.04542241618037224,0.48943716287612915,0.6449897885322571,,,,,,,,,,,,,,,,,,,,,,,,,,,,,,,,
41,1.7083333333333333,41,1.7083333333333333,0.0,0.04421045696500205,0.044847554157246235,0.5124759509766207,0.5180389145587817,0.08427847174847564,0.08456835839949631,0.084308395318949,0.08481826054313593,0.10594474755694945,0.1049304344306337,0.10261174599946969,0.10119557034674528,0.12457921550618281,0.12455490094732219,0.49818944931030273,0.49822112917900085,0.49819713830947876,0.49827632308006287,0.5081422924995422,0.5082883089780807,0.3557143360376358,0.35540781915187836,0.44036686420440674,0.44037604331970215,0.7525239884853363,0.7418577969074249,-176.0586395263672,-176.07847595214844,-1.0286427736282349,-1.60878324508667,0.29703232645988464,0.3359636962413788,,,,,,,,,,,,,,,,,,,,,,,,,,,,,,,,
42,1.75,42,1.75,0.0,0.04550019014746061,0.05041643499112353,0.5133721826204803,0.5075607392106294,0.08262472294276577,0.08022423943796723,0.08260641560192593,0.07989047113816813,0.10838276950906704,0.108277023858723,0.10397300963196647,0.10481204941182588,0.12488005100454859,0.12471589806350797,0.4982212632894516,0.4981256276369095,0.49832668900489807,0.49821770191192627,0.5074136704206467,0.5067610442638397,0.35580770671367645,0.3555857837200165,0.43944233655929565,0.4392161965370178,0.7573964893817902,0.7452019453048706,-176.53665161132812,-176.7394561767578,-1.5072745084762573,-1.4562039375305176,0.40090999007225037,0.22186246514320374,,,,,,,,,,,,,,,,,,,,,,,,,,,,,,,,
43,1.7916666666666667,43,1.7916666666666667,0.0,0.0461657501562864,0.0481402190206001,0.5203964155044004,0.512963301008081,0.054767144174302264,0.05353666550414758,0.055015566506220304,0.05283155168266806,0.1311280838077194,0.12858176695404047,0.1311857337752284,0.1311906661030854,0.1244564294631272,0.12404668136428498,0.4972234219312668,0.49703213572502136,0.4969889521598816,0.49717167019844055,0.5075333565473557,0.5055504441261292,0.3577553927898407,0.3581418991088867,0.4345743954181671,0.43549343943595886,0.7583965361118317,0.7463716566562653,-179.24427795410156,-178.85678100585938,-0.28035369515419006,-0.1815081685781479,0.07179886847734451,-0.49243745207786566,,,,,,,,,,,,,,,,,,,,,,,,,,,,,,,,
44,1.8333333333333333,44,1.8333333333333333,0.0,0.03943720336065914,0.04002378004991008,0.5202491565627443,0.5104125129748128,0.04989809228813841,0.05240520187407512,0.0498963333689273,0.0509923306277484,0.14347087283608637,0.13828731737551272,0.14500475770774418,0.13971310164829986,0.12229535374209903,0.12185580403411081,0.49441397190093994,0.4943043887615204,0.49252936244010925,0.4918830990791321,0.5074318200349808,0.5036355555057526,0.3568514734506607,0.35684072971343994,0.4324289560317993,0.4335695505142212,0.7590377032756805,0.7503872215747833,-179.33087158203125,-178.2558135986328,3.2198143005371094,5.562027931213379,0.0025783036835491657,-0.2947598397731781,,,,,,,,,,,,,,,,,,,,,,,,,,,,,,,,
45,1.875,45,1.875,0.0,0.03920641438085815,0.03985118513032244,0.5104525691385036,0.5028712258471448,0.0527600800599987,0.049561322999816776,0.05292958220927645,0.04949154656348786,0.13727958394714412,0.13706299652857684,0.13262303590264268,0.13681783798840488,0.12385972435411045,0.12287787314030899,0.4926232844591141,0.4922301173210144,0.4858876168727875,0.4862772822380066,0.509518176317215,0.5081188380718231,0.3518684208393097,0.35207499563694,0.42492520809173584,0.42592954635620117,0.755547285079956,0.7454676330089569,-180.6232452392578,-180.10157775878903,9.748916625976562,10.410544395446777,1.13480544090271,0.49490755796432495,,,,,,,,,,,,,,,,,,,,,,,,,,,,,,,,
46,1.9166666666666667,46,1.9166666666666667,0.0,0.038144132135573196,0.04360277747959753,0.5118541054307753,0.502818753931522,0.05839462321521064,0.05843791396040608,0.05867317516078425,0.057629788307626446,0.13238849757806123,0.13073452432956614,0.12497973512131172,0.12618964858577675,0.12281935257261982,0.12177606113281406,0.4906192123889923,0.49027641117572784,0.48391151428222656,0.4838530719280243,0.5088618397712708,0.5098098665475845,0.3453340232372284,0.34558112919330597,0.4217429459095001,0.42112812399864197,0.7532487213611603,0.7449445426464081,-179.00735473632812,-179.14080810546875,10.620869636535645,11.75716781616211,1.3525041341781616,0.9361062645912169,,,,,,,,,,,,,,,,,,,,,,,,,,,,,,,,
47,1.9583333333333333,47,1.9583333333333333,0.0,0.04113530258115501,0.042856243481653275,0.508137359519148,0.5086546656141685,0.062069126036967244,0.06296407570211449,0.06284612752916102,0.06301115759766228,0.12406821420445215,0.12258344294842824,0.12221378854527777,0.12159533502149669,0.12400922855906621,0.12328873939252624,0.49108150601387024,0.49087195098400116,0.48562920093536377,0.4854253828525543,0.5074174255132675,0.5116776823997498,0.34290678799152374,0.3425122797489166,0.41776227951049805,0.4176521599292755,0.7540771961212158,0.7467974722385406,-179.50416564941406,-179.266357421875,8.447744369506836,9.074092864990234,0.5614861845970154,0.5145816206932068,,,,,,,,,,,,,,,,,,,,,,,,,,,,,,,,
48,2.0,48,2.0,0.0,0.03930208652854875,0.03947519426261158,0.5109552970136105,0.5129532805899616,0.06945127512284592,0.07133899749209975,0.06994737773714538,0.070940927870547,0.12346498118221884,0.12164268564907944,0.1202643154254093,0.11874012682865677,0.12386399778358874,0.12314000754297545,0.49320733547210693,0.492787703871727,0.490263432264328,0.49029746651649475,0.5085830092430115,0.5094311237335205,0.34021270275115967,0.3403100520372391,0.41927045583724976,0.4192087948322296,0.7590444087982178,0.7473439276218414,-177.28707885742188,-177.3766326904297,4.393624305725098,4.170517921447754,0.6089117527008057,0.37238579988479614,,,,,,,,,,,,,,,,,,,,,,,,,,,,,,,,
49,2.0416666666666665,49,2.0416666666666665,0.0,0.040900449298424894,0.04387332010422211,0.5136662243183328,0.5184383878038473,0.07651938127692579,0.0787081671620975,0.07693952249945103,0.0794250625588332,0.11279109055485653,0.11416888570271456,0.11496195671807458,0.11775093741142117,0.12383278300266558,0.12415895091655736,0.4948083311319351,0.49497248232364655,0.4958266317844391,0.4962346851825714,0.5096741616725922,0.5105463117361069,0.3391597419977188,0.3398265987634659,0.4172458350658417,0.417379230260849,0.7604334652423859,0.746037483215332,-178.4241943359375,-178.88548278808594,-2.269407272338867,-2.6847541332244873,-0.47820568084716797,-0.49432671070098877,,,,,,,,,,,,,,,,,,,,,,,,,,,,,,,,
50,2.0833333333333335,50,2.0833333333333335,0.0,0.03484483992010773,0.035445096224040205,0.5269885640102158,0.5286586975095748,0.08186509837829253,0.08215721269452986,0.08091086861067182,0.08090625587378006,0.11103348449572521,0.11220133209828785,0.11687404382785044,0.1178617394511178,0.12348059007272544,0.1231458776907736,0.4966455399990082,0.49677874147892,0.498173326253891,0.49876007437705994,0.5089421272277832,0.5086000561714172,0.3411840796470642,0.34130698442459106,0.42050686478614807,0.41937053203582764,0.7560611665248871,0.751354306936264,-177.90225219726562,-178.6953125,-2.1344120502471924,-3.184258460998535,-0.946016788482666,-0.8595346212387085,,,,,,,,,,,,,,,,,,,,,,,,,,,,,,,,
51,2.125,51,2.125,0.0,0.04355385540887995,0.043663763073889666,0.5362117191492706,0.5406847984394626,0.07665340779560272,0.07890328258335176,0.07586894950489707,0.0780078543317452,0.11219424439873942,0.112088904853286,0.12120500481206051,0.12182909404167616,0.12413099844152238,0.12333206013806555,0.4968675971031189,0.4970150887966156,0.4997865557670593,0.5003888607025146,0.5092236697673798,0.5058523416519165,0.3430016189813614,0.34334516525268555,0.42094913125038147,0.4210160970687866,0.7577548623085022,0.7487684786319733,-178.90504455566406,-179.039306640625,-3.841154575347901,-4.860052585601807,-1.3802047967910767,-1.3726485967636108,,,,,,,,,,,,,,,,,,,,,,,,,,,,,,,,
52,2.1666666666666665,52,2.1666666666666665,0.0,0.05592148768137978,0.0530974409229138,0.5517591029612811,0.5516499804167967,0.07767348961455936,0.07941203491925035,0.07749754892652772,0.0789209935870923,0.10628044293043715,0.10825407234354088,0.11864673076917247,0.11954367892174377,0.12465875966982798,0.12422279743184052,0.49693551659584045,0.4969879239797592,0.49968183040618896,0.49956876039505005,0.507586807012558,0.5069526880979538,0.34576210379600525,0.34603647887706757,0.42419272661209106,0.42509257793426514,0.7600525617599487,0.7489449679851532,-179.1986541748047,-179.11474609375,-3.676357507705689,-3.7337536811828613,-1.41891610622406,-1.3583035469055176,,,,,,,,,,,,,,,,,,,,,,,,,,,,,,,,
53,2.2083333333333335,53,2.2083333333333335,0.0,0.07053428566152115,0.0692068927042268,0.5707770410470644,0.571205882358008,0.07787860458920165,0.08004506515826923,0.07928368870960652,0.08098397760654827,0.10452492742539944,0.10177991032654,0.1178969969806296,0.11572458510010501,0.12465352122397391,0.12457439563916141,0.4948824644088745,0.49481961131095886,0.4969179034233093,0.49727460741996765,0.5075957775115967,0.50725057721138,0.346732422709465,0.34703002870082855,0.4266354441642761,0.4273088872432709,0.760843962430954,0.7547410130500793,-178.02993774414062,-178.0603790283203,-3.0443997383117676,-3.6653213500976567,-1.2864954471588135,-1.465696930885315,,,,,,,,,,,,,,,,,,,,,,,,,,,,,,,,
54,2.25,54,2.25,0.0,0.06032777238713257,0.05727162137053715,0.5678636325791886,0.5694569279797949,0.07953735738402941,0.07813669961732617,0.08026476224234998,0.0782670335803362,0.1067579031155313,0.10474387472374615,0.11702441423050865,0.11625863868445274,0.12403717358095805,0.12412167911292127,0.49359823763370514,0.49344703555107117,0.4938204288482666,0.4941931366920471,0.5081526339054108,0.5068554580211639,0.34526529908180237,0.3452981412410736,0.42368626594543457,0.42477378249168396,0.7597755193710327,0.7544229030609131,-178.8654022216797,-178.48159790039062,-0.14926359057426453,-0.7672739624977112,-0.92493736743927,-1.1764588356018066,,,,,,,,,,,,,,,,,,,,,,,,,,,,,,,,
55,2.2916666666666665,55,2.2916666666666665,0.0,0.07914341648709323,0.07657169633701967,0.5678418894164988,0.5711419060676927,0.08384183991310803,0.08179560993033667,0.08310614989635054,0.0806552533485155,0.10111503489784211,0.1010414779094748,0.10949894684544835,0.1112752473561774,0.12517800030112913,0.12477637525598373,0.4922562539577484,0.49227413535118103,0.4927791953086853,0.4930121898651123,0.5083564668893814,0.5077471286058426,0.3421332985162735,0.34254729747772217,0.420490562915802,0.42071807384490967,0.7589251697063446,0.753268837928772,-178.4035186767578,-178.5786590576172,-0.4677933454513549,-0.5520190596580505,-1.0172075033187866,-1.2635056972503662,,,,,,,,,,,,,,,,,,,,,,,,,,,,,,,,
56,2.3333333333333335,56,2.3333333333333335,0.0,0.0738684303489663,0.06547055846689395,0.5769175824780245,0.5772723766228032,0.08038197921472016,0.07826405479509337,0.08048156843009009,0.07822486566529824,0.10355615856268587,0.10258099117534573,0.11351126318202645,0.1130054401733807,0.12483557964996704,0.12459744545793923,0.49240897595882416,0.49231986701488495,0.49345678091049194,0.4936099648475647,0.5085043907165527,0.5085586905479431,0.34058545529842377,0.3408094495534897,0.4188843071460724,0.41912519931793213,0.7558880746364594,0.7526956498622894,-178.322265625,-178.3335723876953,-1.6157530546188354,-1.803558588027954,-1.0920131206512453,-1.1748708486557007,,,,,,,,,,,,,,,,,,,,,,,,,,,,,,,,
57,2.375,57,2.375,0.0,0.07009489698551295,0.061904499272834985,0.5867295862419929,0.5867852758231092,0.07989370268323816,0.07776813685729039,0.0799021381071295,0.07720761565415815,0.10239139897410143,0.10408126572719932,0.11312563954702141,0.11490776386708883,0.12388134636306523,0.12437874691531771,0.49277834594249725,0.492638498544693,0.4937495291233063,0.49416860938072205,0.5087881535291672,0.5091527253389359,0.3387651741504669,0.33907951414585114,0.4173503816127777,0.4183090329170227,0.7550219595432281,0.7507912814617157,-178.0254364013672,-177.7409210205078,-1.4857362508773804,-1.979222655296326,-1.179613709449768,-1.3954968452453613,,,,,,,,,,,,,,,,,,,,,,,,,,,,,,,,
58,2.4166666666666665,58,2.4166666666666665,0.0,0.055492851967172574,0.048491473655240626,0.5899256612239534,0.588396164444165,0.07867870777302281,0.08080653987918218,0.08009485745922441,0.08159296980971222,0.10212211863531094,0.0997136298325349,0.11415726086201085,0.11370909396548994,0.12478615462687305,0.12411153653377827,0.4932774007320404,0.493118479847908,0.4941307008266449,0.49441981315612793,0.5087532997131348,0.5105559229850769,0.33987779915332794,0.3400229662656784,0.4199376106262207,0.42082667350769043,0.7603939473628998,0.7485645711421967,-177.20425415039062,-176.8382110595703,-1.2839473485946655,-1.3810111284255981,-1.0916095972061157,-1.444275140762329,,,,,,,,,,,,,,,,,,,,,,,,,,,,,,,,
59,2.4583333333333335,59,2.4583333333333335,0.0,0.05083490011709623,0.04562897142375179,0.5934503148147854,0.5946298309334394,0.08085133389425983,0.0811180476162646,0.08229279904001567,0.08173700977759595,0.09988178159802709,0.09675486690961992,0.11484345961932048,0.11212244298309504,0.12465450120224149,0.12463570601966265,0.4935024231672287,0.49329839646816254,0.49434694647789,0.4941864609718323,0.5090003609657288,0.5088034570217133,0.3431596904993057,0.3429156094789505,0.42379459738731384,0.4245226979255676,0.7601176500320435,0.7490997612476349,-176.8515167236328,-176.53173828125,-0.8584669232368469,-0.39623141288757324,-1.2911930084228516,-1.5278557538986206,,,,,,,,,,,,,,,,,,,,,,,,,,,,,,,,
60,2.5,60,2.5,0.0,0.051641963446757755,0.05063821215188745,0.5853295076767576,0.5837098384895093,0.07896537511653348,0.0787420995074741,0.07959147734150025,0.0787887161474653,0.10028357995637283,0.09700412543190093,0.11665976332532466,0.11482661480370655,0.12495426896278483,0.12456533738427289,0.4932382106781006,0.4931718111038208,0.49350705742836,0.4939188063144684,0.5081604421138763,0.5075913667678833,0.3481079041957855,0.3478758633136749,0.4302690029144287,0.4301775097846985,0.7636924088001251,0.7496445178985596,-175.6885528564453,-175.8315582275391,0.28489798307418823,0.11908059567213058,-1.4298813343048096,-1.7395451068878174,,,,,,,,,,,,,,,,,,,,,,,,,,,,,,,,
61,2.5416666666666665,61,2.5416666666666665,0.0,0.04208128111223889,0.040145712979578085,0.5809141794899231,0.5861669904726673,0.0790717638928767,0.07797982634298256,0.08006058819532223,0.07848061779634974,0.10121536784243418,0.10016211120008674,0.11850086607659845,0.11956599690850689,0.12472067591731924,0.124399683414893,0.49211786687374115,0.492117315530777,0.4925375282764435,0.49245718121528625,0.5083609819412231,0.5073240697383881,0.3539007604122162,0.35378293693065643,0.4394693970680237,0.43940991163253784,0.7663877904415131,0.7536731958389282,-173.06346130371094,-173.1644744873047,0.6697580814361572,1.2156482934951782,-1.7009103298187256,-1.8586522340774534,,,,,,,,,,,,,,,,,,,,,,,,,,,,,,,,
62,2.5833333333333335,62,2.5833333333333335,0.0,0.037338362074598584,0.033926726255035455,0.5820245178110013,0.5875487288273336,0.07728972084693632,0.07692034931732496,0.0789957128403895,0.07846888967167281,0.10003900347025205,0.09697247619742501,0.11921349356096157,0.11781310649491399,0.12533365813410233,0.12463641763051508,0.4917048513889313,0.4917829930782318,0.49174919724464417,0.491664856672287,0.5086664259433746,0.5067634284496307,0.3587776720523834,0.3589847981929779,0.4458501935005188,0.4461251497268677,0.7669051885604858,0.7558609247207642,-172.16720581054688,-172.3220977783203,1.2967295646667483,1.7531747817993164,-1.7673659324645996,-1.8227081298828125,,,,,,,,,,,,,,,,,,,,,,,,,,,,,,,,
63,2.625,63,2.625,0.0,0.04606860925868391,0.04723503978679475,0.5877027956126764,0.5928269897435704,0.07761466109788806,0.07842416835579329,0.07919590652617545,0.080039047750607,0.09976254667313769,0.09719040326543027,0.12131742636663871,0.12026567790306027,0.1241197438238357,0.12433038664146258,0.49106957018375397,0.49127882719039917,0.49123239517211914,0.491671085357666,0.5094574242830276,0.5060752928256989,0.36035047471523285,0.3606751710176468,0.44788140058517456,0.44796162843704224,0.766770213842392,0.7558360993862152,-172.03175354003906,-172.0950164794922,1.4051436185836792,1.083857774734497,-1.9205473661422732,-2.0488510131835938,,,,,,,,,,,,,,,,,,,,,,,,,,,,,,,,
64,2.6666666666666665,64,2.6666666666666665,0.0,0.06219194189513669,0.057270831393895695,0.5857579790764691,0.59074393960583,0.08299604036352931,0.08166664950402439,0.08359210496520891,0.08236533571023634,0.09485592067196585,0.0946702544398879,0.11407274572764291,0.115201665044322,0.12471122299666905,0.12385421699337175,0.49104711413383484,0.4912547320127487,0.4918075203895569,0.4919692277908325,0.5085307955741882,0.5061399638652802,0.3587505370378494,0.35958047211170197,0.4468708336353302,0.4475138485431671,0.765965610742569,0.755366176366806,-172.73353576660156,-172.92726135253906,0.4841485321521759,0.4517493546009064,-1.9915550947189333,-1.9680510759353638,,,,,,,,,,,,,,,,,,,,,,,,,,,,,,,,
65,2.7083333333333335,65,2.7083333333333335,0.0,0.0785805661730127,0.07728293709591347,0.5783759206290345,0.5901514090218768,0.08342725303654135,0.08369060107369786,0.08521234712356078,0.08508159489229648,0.09456803446045697,0.09172197345617816,0.11405156175239838,0.11176585009565652,0.12545196499730027,0.12512965448345992,0.49092257022857666,0.4909815043210983,0.4911128878593445,0.49141380190849304,0.5082899034023285,0.5055399537086487,0.35740165412425995,0.35779155790805817,0.44593545794487,0.44650712609291077,0.7651350498199463,0.7562005817890167,-172.8609161376953,-172.82901000976562,0.7757416367530823,0.4394700527191162,-1.853381395339966,-1.9802216291427612,,,,,,,,,,,,,,,,,,,,,,,,,,,,,,,,
66,2.75,66,2.75,0.0,0.07839813322890903,0.07817457034998086,0.581684379453604,0.5888465627679653,0.08125650692442804,0.08230496222185067,0.082714955590234,0.0835153752024054,0.09785739947741795,0.09399240178369907,0.11579503962609393,0.11342594615718785,0.12501239297376437,0.12484213186069269,0.49071475863456726,0.49069836735725403,0.4905993342399597,0.49100738763809204,0.5078384578227997,0.5049535185098648,0.35719333589076996,0.3573647737503052,0.4454908072948456,0.44619089365005493,0.764767050743103,0.7576523125171661,-173.32101440429688,-172.95169067382812,1.2153403759002686,0.640295147895813,-1.68316650390625,-1.8893903493881228,,,,,,,,,,,,,,,,,,,,,,,,,,,,,,,,
67,2.7916666666666665,67,2.7916666666666665,0.0,0.07504308453269634,0.06271576493097065,0.5823889376653578,0.5871722030317649,0.08218097534704098,0.0820568098732079,0.08415245610885469,0.08380790992947311,0.09407104712682862,0.09320704214416164,0.11305441607882015,0.11248386296700998,0.1255207882031506,0.12507444591844702,0.49071575701236725,0.49057450890541077,0.4903849959373474,0.49050095677375793,0.5074224174022675,0.5050402879714966,0.35653652250766754,0.3573208302259445,0.4451258182525635,0.4465044140815735,0.7651901245117188,0.7585960328578949,-173.01182556152344,-172.79948425292972,1.5016955137252808,1.1953704357147217,-1.7049169540405273,-1.734564185142517,,,,,,,,,,,,,,,,,,,,,,,,,,,,,,,,
68,2.8333333333333335,68,2.8333333333333335,0.0,0.05398695591916424,0.04695465089097687,0.5689522442058391,0.5818400304321079,0.0796061327650721,0.08171592808168608,0.08168471645573026,0.08363299736265965,0.09681944707015623,0.09483628447158166,0.11619049615451289,0.11445935550389935,0.12550019472255425,0.12470080793516687,0.490213081240654,0.4904472976922989,0.4898639917373657,0.4899940490722656,0.5065893977880478,0.5050575435161591,0.3576238304376602,0.35821522772312164,0.4456137716770172,0.44697123765945435,0.7642471492290497,0.7591255605220795,-173.28440856933594,-173.16744995117188,1.9783761501312256,1.8964473009109495,-1.6530244350433352,-1.5996296405792236,,,,,,,,,,,,,,,,,,,,,,,,,,,,,,,,
69,2.875,69,2.875,0.0,0.04861141713200926,0.04290603636146571,0.5769568884069887,0.5776061835461412,0.08070953318790859,0.08053869073736727,0.08264280132194399,0.0823089648796175,0.0963544931019438,0.096188145841429,0.11595597130443049,0.11573726892777865,0.12517342817922802,0.12486723246146685,0.49004843831062317,0.49025703966617584,0.48982077836990356,0.48998525738716125,0.5059018135070801,0.5053300559520721,0.358786016702652,0.35895054042339325,0.4466755986213684,0.447666734457016,0.7626173496246338,0.7576891481876373,-172.82862854003906,-172.74943542480472,1.7047398090362549,1.6270040273666382,-1.6882227659225464,-1.5763555765151978,,,,,,,,,,,,,,,,,,,,,,,,,,,,,,,,
70,2.9166666666666665,70,2.9166666666666665,0.0,0.03919008769236197,0.03930995472831472,0.5738136586902649,0.5804624500775248,0.0844739147346918,0.08204199719961854,0.08631068663240483,0.08341857382503302,0.09439372587015812,0.09448777975601198,0.11379208011828368,0.11392161119193531,0.1249778655714544,0.12460738323616238,0.4899098873138428,0.49009037017822266,0.48975807428359985,0.4900350570678711,0.5061973929405212,0.5053372085094452,0.35905101895332336,0.3591894209384918,0.44704699516296387,0.44791853427886963,0.7616996467113495,0.7568625509738922,-172.5547332763672,-172.2490234375,1.6870819330215454,1.4367109537124634,-1.6756201982498171,-1.650406837463379,,,,,,,,,,,,,,,,,,,,,,,,,,,,,,,,
71,2.9583333333333335,71,2.9583333333333335,0.0,0.036447378475282004,0.03720248425887064,0.5772431088053867,0.5822334251268345,0.08566820812993424,0.08383915540402136,0.08721605361053575,0.08496322095768345,0.09439864432422437,0.09358304770920739,0.11348584480672141,0.11293027012621906,0.12461050063069172,0.12438883779428818,0.48989757895469666,0.48998430371284485,0.4897938072681427,0.4901142716407776,0.5058439075946808,0.5049076080322266,0.359261229634285,0.35951589047908783,0.44738107919692993,0.44768089056015015,0.7625897526741028,0.7572198808193207,-172.22540283203125,-172.46591186523438,1.5999261140823366,1.3194116353988647,-1.6543349027633667,-1.7333884239196777,,,,,,,,,,,,,,,,,,,,,,,,,,,,,,,,
72,3.0,72,3.0,0.0,0.03672600020225208,0.034960506863876716,0.5800254633009673,0.5865645318661368,0.085996532330166,0.08485678841233657,0.08759431167002939,0.08591783168163845,0.094178888976229,0.09240429594573477,0.11284107197233666,0.11088288780643747,0.12424515796606019,0.12421312283914998,0.48988234996795654,0.4900389313697815,0.4896661341190338,0.4900805354118347,0.5060449987649918,0.5044471919536591,0.35902637243270874,0.35931462049484253,0.44707006216049194,0.4475748538970947,0.7624872028827667,0.7585700452327728,-172.31085205078125,-172.4259948730469,1.725718379020691,1.2936171293258667,-1.5936092138290405,-1.660291075706482,,,,,,,,,,,,,,,,,,,,,,,,,,,,,,,,
73,3.0416666666666665,73,3.0416666666666665,0.0,0.02599026771227774,0.028123113323211428,0.5842486902072342,0.587086824429795,0.08682451842004313,0.08639829488885443,0.0887897704731741,0.08793356270288039,0.09149678421695592,0.09071698544965785,0.10988447325810109,0.1082534424615665,0.12453454122091455,0.12452843372051724,0.4897218346595764,0.49011172354221344,0.48951515555381775,0.4902400076389313,0.506186455488205,0.5045458078384399,0.35863712430000305,0.359055757522583,0.44628390669822693,0.4467995762825012,0.7628335058689117,0.760498583316803,-172.0347137451172,-172.26498413085938,1.6398801803588867,1.0782603025436401,-1.6079437732696533,-1.5874130725860596,,,,,,,,,,,,,,,,,,,,,,,,,,,,,,,,
74,3.0833333333333335,74,3.0833333333333335,0.0,0.01970071300940476,0.020697330405261113,0.5752893817186204,0.5730468430514365,0.08697907695743227,0.08606384921119303,0.08853724083473083,0.08753267080235834,0.09329440373762649,0.09304908158599037,0.1122392718067269,0.11077198907065434,0.1239521552837932,0.12406113827849369,0.4899947941303253,0.4903038740158081,0.48995253443717957,0.4903024733066559,0.5062480866909027,0.5040814727544785,0.35899583995342255,0.35930831730365753,0.4459247291088104,0.44647273421287537,0.7628563940525055,0.7611682415008545,-171.46788024902344,-171.69467163085938,1.912187933921814,1.5449576377868652,-1.6886777877807617,-1.5291576385498047,,,,,,,,,,,,,,,,,,,,,,,,,,,,,,,,
75,3.125,75,3.125,0.0,0.03094698866208308,0.03128525039742416,0.569304483405994,0.58290231401588,0.0836523693472734,0.08469349142256385,0.08593479043896166,0.08629592737841812,0.0965153136476546,0.09246478193286573,0.11426243853820661,0.11149244212327906,0.12417994749446647,0.12387007233877698,0.48996078968048096,0.4901266247034073,0.48976531624794006,0.49010205268859863,0.5067099034786224,0.5045603215694427,0.35909686982631683,0.35906681418418884,0.4466171860694885,0.4466981887817383,0.7621240615844727,0.760474443435669,-171.91946411132812,-172.03509521484375,1.4925692081451416,1.5862128734588623,-1.4672877788543701,-1.6735111474990845,,,,,,,,,,,,,,,,,,,,,,,,,,,,,,,,
76,3.1666666666666665,76,3.1666666666666665,0.0,0.046529052656727556,0.04468598587373916,0.585904015497129,0.5895026795665816,0.08437692703690136,0.08431462160507873,0.08585108224531611,0.08521218181288596,0.09558675890784502,0.09266107721172682,0.11406511228073628,0.11133161500750405,0.12391080954876177,0.1237630694736913,0.49010059237480164,0.49031150341033936,0.49007779359817505,0.4903271794319153,0.5065002739429474,0.504370927810669,0.3589155822992325,0.35863272845745087,0.44584017992019653,0.44604209065437317,0.7618083655834198,0.7599057555198669,-173.32131958007812,-173.2318572998047,1.4305270910263062,1.6387571096420288,-1.7250241041183472,-1.7695473432540894,,,,,,,,,,,,,,,,,,,,,,,,,,,,,,,,
77,3.2083333333333335,77,3.2083333333333335,0.0,0.041686414799179033,0.04346156283261043,0.5793350419664893,0.5799843473841307,0.0862504769545893,0.084426004918114,0.08802339609319934,0.08543918815094814,0.09350422215422774,0.09321036592677828,0.11161245938068558,0.11171757402928896,0.12419662606818636,0.1238779456407991,0.49043281376361847,0.49062326550483704,0.49004536867141724,0.4905490279197693,0.5069958418607712,0.5043039619922638,0.3585910201072693,0.358642041683197,0.4459979236125946,0.44615477323532104,0.7609270513057709,0.7597120702266693,-172.91017150878906,-173.18551635742188,1.8008686304092405,1.6787645816802979,-1.5719574689865112,-1.697185516357422,,,,,,,,,,,,,,,,,,,,,,,,,,,,,,,,
78,3.25,78,3.25,0.0,0.03382205001735218,0.03671171702572185,0.5734290597718289,0.5774908903644592,0.0867616132784733,0.08557217693802815,0.08835021598075274,0.08670915533776345,0.09310737237904199,0.09181410795495612,0.1109599362127806,0.10971676359821722,0.12425408088161405,0.12403657445419794,0.4908526986837387,0.4909115135669708,0.490617960691452,0.49080100655555725,0.507079541683197,0.5039840936660767,0.35838206112384796,0.3584544509649277,0.44582533836364746,0.4460325837135315,0.7612093389034271,0.7607146501541138,-172.8137969970703,-172.95333862304688,1.655972957611084,1.6893129348754883,-1.549515724182129,-1.6071035861968994,,,,,,,,,,,,,,,,,,,,,,,,,,,,,,,,
79,3.2916666666666665,79,3.2916666666666665,0.0,0.033351563841110404,0.03549187706643037,0.5722999045118665,0.5803252797991948,0.08535369634449992,0.08563483545229197,0.08711248005813325,0.0868799092430057,0.09386972655901499,0.09188068532103376,0.11116558308884139,0.1096993189672826,0.12426700992495023,0.12395819118354998,0.49087630212306976,0.4910045862197876,0.49048900604248047,0.4908617436885834,0.5064244568347931,0.5039517134428024,0.3584808111190796,0.35849910974502563,0.4454370439052582,0.44591501355171204,0.7607807517051697,0.7600774765014648,-173.10438537597656,-172.90390014648438,1.6777265071868899,1.6905769109725952,-1.4060956239700317,-1.568322777748108,,,,,,,,,,,,,,,,,,,,,,,,,,,,,,,,
80,3.3333333333333335,80,3.3333333333333335,0.0,0.032410208242388744,0.03453502156756473,0.5712618689619258,0.5819468856612193,0.0861576389522889,0.08532746141474247,0.08810639297703832,0.08661051160277608,0.0931335974519262,0.09175600148876326,0.11040756899995116,0.1092246306771394,0.12438757030701991,0.12399088740130684,0.49098074436187744,0.49099843204021454,0.4906163811683655,0.49091580510139465,0.5062432885169983,0.5036093145608902,0.35840579867362976,0.3585931211709976,0.44529423117637634,0.44596758484840393,0.761000394821167,0.7603119611740112,-173.050048828125,-172.78237915039062,1.6135557889938354,1.5470656156539917,-1.396347999572754,-1.550508737564087,,,,,,,,,,,,,,,,,,,,,,,,,,,,,,,,
81,3.375,81,3.375,0.0,0.03293943973208397,0.03323641672249902,0.5708577752091816,0.5799956659643944,0.08555665096767506,0.08515410537527553,0.08770424384319779,0.08646658025141944,0.09348142933828847,0.09187688309947088,0.11016194663175044,0.1091573390026091,0.12439906247787286,0.12395091381081637,0.49105510115623474,0.4910576641559601,0.4906107783317566,0.490934282541275,0.5063495337963104,0.5033179372549057,0.3584721088409424,0.35855744779109955,0.4450642764568329,0.445899099111557,0.7611000835895538,0.7606438398361206,-173.17645263671875,-172.74661254882812,1.5168325901031496,1.556607961654663,-1.2902287244796753,-1.5132827758789062,,,,,,,,,,,,,,,,,,,,,,,,,,,,,,,,
82,3.4166666666666665,82,3.4166666666666665,0.0,0.03268377215415116,0.03359232450789316,0.5700042329944134,0.5790123147993044,0.08554467062216306,0.0851763449909226,0.08775294465960234,0.08656337070313228,0.09335688839912108,0.0916612710763719,0.11025512837471076,0.10858018391846538,0.12443015988866565,0.12415030389869305,0.49102574586868286,0.49109555780887604,0.4907070994377136,0.49097761511802673,0.5060600936412811,0.5033109486103058,0.35842594504356384,0.35849612951278687,0.4449608027935028,0.4455375075340271,0.7618050277233124,0.7605615854263306,-173.1962432861328,-172.9521942138672,1.4288041591644287,1.4633948802947998,-1.348254680633545,-1.4743801355361938,,,,,,,,,,,,,,,,,,,,,,,,,,,,,,,,
83,3.4583333333333335,83,3.4583333333333335,0.0,0.03320740801269664,0.034520416351943764,0.5688448432571631,0.5781993299474281,0.08554329261439128,0.0851135360807717,0.08771413539224772,0.08636333839598323,0.0941985623972796,0.09206302502921725,0.1104064137233253,0.10853325200085147,0.12443578959096364,0.12401076224098288,0.49127405881881714,0.49115946888923645,0.4907761514186859,0.4911592900753021,0.5061315149068832,0.503602147102356,0.3582303673028946,0.3583833575248718,0.44455984234809875,0.44520968198776245,0.7613914906978607,0.7611417770385742,-173.49169921875,-173.158203125,1.5673160552978516,1.3022853136062622,-1.2483495473861694,-1.484569787979126,,,,,,,,,,,,,,,,,,,,,,,,,,,,,,,,
84,3.5,84,3.5,0.0,0.03269383721113427,0.0346106225484352,0.569624175336835,0.5769531302889891,0.08525160796852042,0.08596727928194937,0.08747742495154434,0.08720825433885848,0.09337653569535322,0.09172794426319733,0.10937146989928422,0.10794105071738092,0.12492676738769294,0.12411214964126795,0.4911331832408905,0.49121375381946564,0.49071213603019714,0.49119141697883606,0.5059452056884766,0.5035852193832397,0.3581863194704056,0.3581155985593796,0.4443663954734802,0.44483083486557007,0.7620060741901398,0.7618887424468994,-173.5971221923828,-173.27723693847656,1.4558675289154053,1.3216989040374758,-1.2490249872207642,-1.466941475868225,,,,,,,,,,,,,,,,,,,,,,,,,,,,,,,,
85,3.5416666666666665,85,3.5416666666666665,0.0,0.03391438460534286,0.03870217986907414,0.569220082112004,0.5768570021209447,0.08630620830544326,0.0859667197089208,0.08834521729654926,0.08714037526353263,0.09306902935784395,0.09215619974601356,0.10900228123831635,0.10857469958415565,0.12461814407974665,0.12417479405090995,0.49102428555488586,0.4911962300539017,0.4907425343990326,0.49130508303642273,0.5058759450912476,0.503642663359642,0.3578833341598511,0.35797469317913055,0.44390544295310974,0.4444093704223633,0.7619685530662537,0.762127548456192,-174.00587463378906,-173.6569061279297,1.3617501258850098,1.051011085510254,-1.3064526319503784,-1.497870683670044,,,,,,,,,,,,,,,,,,,,,,,,,,,,,,,,
86,3.5833333333333335,86,3.5833333333333335,0.0,0.03556490696268364,0.03887652982837311,0.5689869622184752,0.5740430327208069,0.08608783195931116,0.08552577432706722,0.08787284013874211,0.08668289478652966,0.09422906388408696,0.09387754595369217,0.1093488110022965,0.10994670588984994,0.12444229930726955,0.12400023134174172,0.49138209223747253,0.4913835674524307,0.49097442626953125,0.49128565192222595,0.5057478696107864,0.5037911832332611,0.3573257029056549,0.35787901282310486,0.44343915581703186,0.44413048028945923,0.7629655599594116,0.7622525691986084,-174.3786163330078,-174.12562561035156,1.575728178024292,1.3499424457550049,-1.2295453548431396,-1.4115043878555298,,,,,,,,,,,,,,,,,,,,,,,,,,,,,,,,
87,3.625,87,3.625,0.0,0.03813708599750383,0.03790787987610154,0.5673342562197036,0.5726040171254834,0.08569807372052521,0.0845866907858039,0.08728409144546076,0.08557932835768371,0.0949827571182762,0.09403255500729191,0.10942466632045746,0.10905407573509068,0.12469276601698917,0.12421370212917474,0.4912730008363724,0.4915439784526825,0.4910057485103607,0.49130406975746155,0.5054829865694046,0.5035921931266785,0.35728947818279266,0.35758359730243683,0.44384491443634033,0.4443127512931824,0.7631135880947113,0.7623303234577179,-174.2208251953125,-174.1864776611328,1.386965036392212,1.5877749919891357,-1.2397775650024414,-1.3377066850662231,,,,,,,,,,,,,,,,,,,,,,,,,,,,,,,,
88,3.6666666666666665,88,3.6666666666666665,0.0,0.0415079698838139,0.03716593861121868,0.5658117092956623,0.5713728624552142,0.08609717565203874,0.08435627423004209,0.08728883944872104,0.0849420717981662,0.09689327822255789,0.09501229812763277,0.11042669732065365,0.1092199605725106,0.1244469380469206,0.12403363983538956,0.4915413111448288,0.49166300892829895,0.4910576045513153,0.4913851320743561,0.5053126960992813,0.5038817673921585,0.357115238904953,0.3573683649301529,0.44374269247055054,0.44440221786499023,0.7637448608875275,0.7628902196884155,-174.51087951660156,-174.34933471679688,1.681350588798523,1.7201300859451294,-1.1586652994155884,-1.3217432498931885,,,,,,,,,,,,,,,,,,,,,,,,,,,,,,,,
89,3.7083333333333335,89,3.7083333333333335,0.0,0.044919403041613445,0.04023937688156959,0.5629463356682363,0.5703834521000166,0.08437054652800705,0.08294778601375906,0.08559950211537484,0.08356630165073013,0.09832096664859988,0.09664310922615749,0.11139744354957795,0.11046658474962545,0.1243445497402247,0.12404886974543274,0.49186941981315613,0.4918229728937149,0.49135464429855347,0.4915749132633209,0.5052387565374374,0.5045487135648727,0.35682879388332367,0.35720430314540863,0.44385525584220886,0.4441095292568207,0.763939619064331,0.7635804712772369,-174.56520080566406,-174.77696228027344,1.7323716878890993,1.5850365161895752,-1.1033819913864136,-1.2950934171676636,,,,,,,,,,,,,,,,,,,,,,,,,,,,,,,,
90,3.75,90,3.75,0.0,0.047057399683370006,0.04281832406238433,0.5597426805226625,0.56892446623392,0.08344339311449687,0.08240861551967542,0.08464778153842374,0.08306409119347632,0.09811693538850347,0.09690792409262397,0.11064396866591437,0.10976087789074421,0.12472254845835198,0.12419321387597296,0.4920286238193512,0.49197572469711304,0.4915940761566162,0.49157577753067017,0.505376547574997,0.5047131478786469,0.3566195070743561,0.35715338587760925,0.44308894872665405,0.44351911544799805,0.7627252340316772,0.7634308934211731,-175.1690216064453,-175.2723846435547,1.596158742904663,1.7254729270935059,-1.1124718189239502,-1.2225003242492676,,,,,,,,,,,,,,,,,,,,,,,,,,,,,,,,
91,3.7916666666666665,91,3.7916666666666665,0.0,0.051977844065443896,0.047280221985032525,0.5568599093093586,0.5659491042045703,0.08131230874802618,0.08026974960277944,0.08264852285668892,0.08140203147142584,0.09986621245067984,0.09802036256810613,0.11222284128187061,0.11119030057558874,0.12485388359802754,0.12462173011646803,0.4922904223203659,0.49223455786705017,0.4916081726551056,0.4914487898349762,0.5057210326194763,0.50457963347435,0.35627543926239014,0.3569575399160385,0.44162726402282715,0.44154131412506104,0.7632823884487152,0.7646460235118866,-175.95506286621094,-176.4353790283203,1.880071759223938,2.2239346504211426,-1.067184567451477,-1.1543126106262207,,,,,,,,,,,,,,,,,,,,,,,,,,,,,,,,
92,3.8333333333333335,92,3.8333333333333335,0.0,0.06339462742017686,0.053626368022287346,0.55444040331648,0.5588567708721781,0.08281175439189079,0.08132551691812456,0.08468913944765134,0.08289324909556443,0.0982893943521934,0.09731686429136878,0.11153759976409214,0.11017812683122066,0.12527359774229288,0.12551417302965234,0.4925478398799896,0.4925044924020767,0.4920988976955414,0.49182412028312683,0.5064012706279755,0.5056453049182892,0.35587354004383087,0.35632550716400146,0.4400545656681061,0.44057825207710266,0.7628773748874664,0.7640933096408844,-176.96792602539062,-176.8383026123047,1.3142049312591553,1.8510489463806155,-1.1531457901000977,-1.1207094192504883,,,,,,,,,,,,,,,,,,,,,,,,,,,,,,,,
93,3.875,93,3.875,0.0,0.08506665038519416,0.07357365507497594,0.5576288029572134,0.5592217364280533,0.08175044433239713,0.08167821868798711,0.08266692032886588,0.08267616924132581,0.10110921787652251,0.10010304784593861,0.11390439166941702,0.11339509433266082,0.12543008715928633,0.12523119869503382,0.49264638125896454,0.492585688829422,0.49260008335113525,0.4924866557121277,0.5063420236110687,0.5047461986541748,0.3556431531906128,0.3558053523302078,0.43949875235557556,0.44109776616096497,0.7610324025154114,0.7638847231864929,-177.08547973632812,-176.3501739501953,0.5436912178993225,1.0338456630706787,-1.294958472251892,-1.3475593328475952,,,,,,,,,,,,,,,,,,,,,,,,,,,,,,,,
94,3.9166666666666665,94,3.9166666666666665,0.0,0.09208870124986251,0.0814901507458991,0.5472342834742083,0.548520307325653,0.08313186753325226,0.08279399420098145,0.08376583935115511,0.0835163184569949,0.10175431848296938,0.10090244891862171,0.11543581533504592,0.11351877332400626,0.12588878321739852,0.12626611160092296,0.4927785098552704,0.4927246868610382,0.49323275685310364,0.4932937026023865,0.5066353976726532,0.5044945776462555,0.35431551933288574,0.3547603189945221,0.4393986761569977,0.44061532616615295,0.7593547403812408,0.7635639309883118,-176.314453125,-176.01451110839844,-0.15580542385578156,-0.4404851198196411,-1.4899346828460693,-1.3880892992019653,,,,,,,,,,,,,,,,,,,,,,,,,,,,,,,,
95,3.9583333333333335,95,3.9583333333333335,0.0,0.04569347286029273,0.04780189935627077,0.5252420147456462,0.5255901764453862,0.08321484594470195,0.08201798783332445,0.08381424410787798,0.08244164619604737,0.10370389447490608,0.10157388084205349,0.11573725118025469,0.11354890819083724,0.12596791853432726,0.12632531655526558,0.4929827153682709,0.49285778403282166,0.4927110970020294,0.4928756356239319,0.5069560110569,0.5048447847366333,0.35374127328395844,0.3541201204061508,0.43851783871650696,0.43969810009002686,0.7596133351325989,0.7634843587875366,-176.89605712890625,-176.38623046875,1.8459901809692383,1.3070248365402222,-1.1674014329910278,-1.2348922491073608,,,,,,,,,,,,,,,,,,,,,,,,,,,,,,,,
96,4.0,96,4.0,0.0,0.019415311911272926,0.017852180469014114,0.5543169754396766,0.560133625000991,0.08161476878837177,0.08257254477540839,0.08190834337944379,0.08263602133081226,0.10446717869030737,0.10326930392667481,0.11390200415896104,0.11138539034355131,0.12512231907222052,0.12537194223269313,0.4933974891901016,0.4932496249675751,0.49305400252342224,0.49281495809555054,0.5075191259384155,0.5057693272829056,0.3539837896823883,0.3541896343231201,0.4371172785758972,0.4378305673599243,0.7586695551872253,0.7631561756134033,-176.127197265625,-175.7327423095703,1.6250706911087036,1.5280649662017822,-0.9231341481208801,-0.7751794457435608,,,,,,,,,,,,,,,,,,,,,,,,,,,,,,,,
97,4.041666666666667,97,4.041666666666667,0.0,0.013465032465828706,0.015302281705582734,0.5651059679139532,0.5695720159860334,0.08531430082876605,0.08226291379828286,0.08572916511435093,0.0826018933053914,0.10111413174667269,0.10298604948141464,0.10897444047475938,0.1113899670001353,0.12439492727288241,0.12431948557233512,0.4937296211719513,0.4937689006328583,0.493336945772171,0.4936498701572418,0.507659375667572,0.5046333372592926,0.3534907251596451,0.35402023792266846,0.4370948374271393,0.4364495873451233,0.7564916908740997,0.7630033493041992,-174.67857360839844,-175.40005493164062,1.4493184089660645,0.7145555019378662,-0.6583179831504822,-0.7137942910194398,,,,,,,,,,,,,,,,,,,,,,,,,,,,,,,,
98,4.083333333333333,98,4.083333333333333,0.0,0.015564509121241634,0.016779125365874652,0.5641854302615051,0.5704617527438683,0.08363031785668373,0.08189418995656564,0.08374109502366671,0.08222075392347325,0.10247490968265352,0.10344429393082921,0.10845666750750682,0.1108670523181307,0.12458181507765954,0.12440581037748111,0.4934319704771042,0.4935791790485382,0.4933455288410187,0.49366655945777893,0.5076617896556854,0.5044901221990585,0.35243676602840424,0.35316944122314453,0.4350755512714386,0.4343315660953522,0.7548919320106506,0.7625556588172913,-174.9157257080078,-176.0267333984375,0.8397326469421387,0.3207841217517853,-0.6448612809181213,-0.6569077372550964,,,,,,,,,,,,,,,,,,,,,,,,,,,,,,,,
99,4.125,99,4.125,0.0,0.02826572339257846,0.02975520476244647,0.5462594906261643,0.5511766156915208,0.07457002139542239,0.07440357370976512,0.07455907773139193,0.0742897833701075,0.11096295935000754,0.1092397480790791,0.11967046614420852,0.11915772529864493,0.12329257356790962,0.12384083326201183,0.4942602068185806,0.4941438287496567,0.49381235241889954,0.49423179030418396,0.5082962512969971,0.506097674369812,0.35360488295555115,0.3533840924501419,0.43202531337738037,0.4321143925189972,0.7535049617290497,0.7609345018863678,-178.2189178466797,-178.4273223876953,1.3717124462127686,0.4804297983646393,-0.7349292635917665,-0.9855937361717225,,,,,,,,,,,,,,,,,,,,,,,,,,,,,,,,
100,4.166666666666667,100,4.166666666666667,0.0,0.030148956906208075,0.030942535404796735,0.5412273118573956,0.5414642348707412,0.0549610523595529,0.05547357543796524,0.05475999073130749,0.054604525680464235,0.13521830260509393,0.13596783386710914,0.14427885287339895,0.14525184269279273,0.12391511914555929,0.1240419372888019,0.49472516775131226,0.4947994351387024,0.49395397305488586,0.4946327209472656,0.508651003241539,0.5070186108350754,0.35667601227760315,0.35658662021160126,0.43090519309043884,0.43297135829925537,0.7543781995773315,0.7600410282611847,-181.1036987304687,-179.92845153808594,1.9869264364242556,0.9360452890396118,-0.9526440501213073,-1.028998613357544,,,,,,,,,,,,,,,,,,,,,,,,,,,,,,,,
101,4.208333333333333,101,4.208333333333333,0.0,0.02043849568645222,0.020354882932863323,0.5538301334416389,0.5498834273728422,0.05813860781178468,0.0584110404113295,0.05849411988621392,0.058537582519595496,0.14470767493108402,0.14442705001182,0.15267443246241236,0.1533135751116434,0.12175855565095471,0.1226349190842724,0.49478957056999207,0.4951293021440506,0.4944251477718353,0.49495384097099304,0.5083187818527222,0.5078009814023972,0.35510194301605225,0.35548947751522064,0.4322589933872223,0.43266230821609497,0.7572304606437683,0.7586789429187775,-178.68878173828122,-178.64056396484375,1.1956716775894165,0.969875454902649,-0.5567321181297302,-0.816665530204773,,,,,,,,,,,,,,,,,,,,,,,,,,,,,,,,
102,4.25,102,4.25,0.0,0.016514829030604306,0.019012749221781557,0.5582078424008664,0.5564566798400156,0.061561233194440235,0.05964439146391832,0.06152062372203544,0.05898187490373409,0.14320449275512917,0.14208392903165998,0.1469628970861143,0.14897730776502405,0.12309679499944053,0.12271219974866157,0.4957025796175003,0.49560004472732544,0.4950658977031708,0.4951806366443634,0.5081879794597626,0.5079058855772018,0.35139812529087067,0.3518387973308563,0.4282194972038269,0.4284400939941406,0.7570438981056213,0.757112592458725,-178.84707641601557,-178.93753051757812,1.1409621238708496,1.3399075269699097,-0.23067578673362732,-0.5974171161651611,,,,,,,,,,,,,,,,,,,,,,,,,,,,,,,,
103,4.291666666666667,103,4.291666666666667,0.0,0.020813654616517397,0.02621816981369843,0.5707067003050371,0.578879198695014,0.06834881259221194,0.06450072405879574,0.06879295280482098,0.06368754246275882,0.14035022522750076,0.13870093003928533,0.1403548475073379,0.14176637505164758,0.12330915386959647,0.12224044524552521,0.4962504953145981,0.49606597423553467,0.4958338141441345,0.49606600403785706,0.5075119584798813,0.5077879726886749,0.3477706015110016,0.3481803983449936,0.4239461421966553,0.42418813705444336,0.757249653339386,0.7582563757896423,-179.09495544433588,-179.3148193359375,0.0882946252822876,-0.0050013745203614235,0.1992236226797104,-0.24327869713306427,,,,,,,,,,,,,,,,,,,,,,,,,,,,,,,,
104,4.333333333333333,104,4.333333333333333,0.0,0.04042109476963653,0.0423114955412155,0.5510015669355814,0.5608869494672728,0.0676208371618857,0.06261633138597764,0.06764578068853178,0.0627274457110048,0.14198717364983326,0.14443205376180848,0.14139080675258525,0.1413816781901743,0.12382405408821398,0.12405887586685614,0.497505247592926,0.4978809207677841,0.49684765934944153,0.49679872393608093,0.508138507604599,0.5082622468471527,0.34375302493572235,0.344217449426651,0.41780880093574524,0.4174998998641968,0.7552787661552429,0.7588806748390198,-180.682632446289,-181.4401092529297,0.25956645607948303,0.7169618606567383,0.34443628787994385,0.5275406837463379,,,,,,,,,,,,,,,,,,,,,,,,,,,,,,,,
105,4.375,105,4.375,0.0,0.07440740345774802,0.07279855646646523,0.5812534486513434,0.588787129705464,0.06814015384007237,0.06964936853785181,0.06856708238879858,0.06861054113301185,0.14167751910953788,0.1388311681604539,0.1335883266902582,0.13086792950614545,0.12545718482088766,0.12445853224214579,0.4994964748620987,0.4992995858192444,0.49925875663757324,0.4992244839668274,0.5093881785869598,0.5063693672418594,0.33974629640579224,0.33980341255664825,0.41166284680366516,0.4124247133731842,0.7528825402259827,0.762251228094101,-182.12828063964838,-181.68360900878906,-1.566057801246643,-1.5749868154525757,1.1941475868225098,0.8623808026313782,,,,,,,,,,,,,,,,,,,,,,,,,,,,,,,,
106,4.416666666666667,106,4.416666666666667,0.0,0.0819068130984844,0.08449275806670262,0.5925648769034314,0.5962953447642874,0.07067757361287014,0.07156877921929007,0.07028850022175985,0.07046499677447017,0.13753358131331478,0.13582645288630996,0.12658469423089708,0.12436382920732396,0.12515032407972612,0.12429286814130137,0.5010070204734802,0.5013083815574646,0.5014063119888306,0.5014510154724121,0.5102295130491257,0.5052277147769928,0.335315465927124,0.3357899785041809,0.4057850241661072,0.4070843458175659,0.7517447471618652,0.7615315318107605,-182.47117614746088,-181.64918518066406,-2.587562799453736,-2.1297414302825928,1.3211300373077393,1.1930773258209229,,,,,,,,,,,,,,,,,,,,,,,,,,,,,,,,
107,4.458333333333333,107,4.458333333333333,0.0,0.0782813580869134,0.08487341857897307,0.5971666575264528,0.598643472916595,0.06731833270306119,0.06822403874327969,0.06680523936884948,0.0669419158658093,0.13916773690311585,0.13653374168022211,0.12574431603109845,0.121461018269877,0.12492846521900337,0.12459919640840107,0.503558486700058,0.503765419125557,0.503477156162262,0.503467857837677,0.5085608065128326,0.5061145126819611,0.33252672851085663,0.33305153250694275,0.40214914083480835,0.4036129117012024,0.7563628554344177,0.7600530385971069,-182.7184448242187,-181.953125,-1.8283426761627195,-1.5519174337387085,1.58984375,1.5541720390319824,,,,,,,,,,,,,,,,,,,,,,,,,,,,,,,,
108,4.5,108,4.5,0.0,0.07892346964214232,0.08607495679404085,0.5952528242721764,0.5973902383140183,0.06864455786522806,0.07063818640881288,0.06773157515692177,0.06909928786406279,0.13882753785302385,0.1368046501966979,0.12348197888200782,0.11840432025060303,0.12462335397690563,0.12473232650437574,0.5061094760894775,0.5064384341239929,0.5063595175743103,0.5063667297363281,0.5122232437133789,0.5059217512607574,0.33002667129039764,0.33047740161418915,0.40003275871276855,0.40069496631622314,0.7558346390724182,0.7555201649665833,-182.34277343749994,-182.04562377929688,-2.3666365146636963,-2.08062481880188,1.7268050909042358,1.9015315771102905,,,,,,,,,,,,,,,,,,,,,,,,,,,,,,,,
109,4.541666666666667,109,4.541666666666667,0.0,0.08150782833550674,0.081883071446275,0.5926948048837246,0.5962984968761802,0.07013706266277735,0.06982931284038256,0.06870790423960474,0.0679951816315834,0.1406157383142317,0.137634113582463,0.11936904094551211,0.11580729086515675,0.1249275231471569,0.12488741625510644,0.5092521011829376,0.5094131976366043,0.5099102258682251,0.5095845460891724,0.5142872929573059,0.5058325976133347,0.3278067409992218,0.32791751623153687,0.39558571577072144,0.3959685266017914,0.7573977708816528,0.7548635601997375,-183.33320617675776,-183.23223876953125,-3.002074956893921,-2.271638870239258,2.2650341987609863,2.244250535964966,,,,,,,,,,,,,,,,,,,,,,,,,,,,,,,,
110,4.583333333333333,110,4.583333333333333,0.0,0.06949307927810441,0.07014156682394102,0.5936201377557072,0.5986739097227615,0.07235436699448376,0.072644292330385,0.07099275699536939,0.0711038607849296,0.14111677616655954,0.14037876066364285,0.11559593362919512,0.11358934138600507,0.12445664296438708,0.12445534387274418,0.5122660547494888,0.5124650150537491,0.5126276612281799,0.5125488042831421,0.5166017115116119,0.5082972347736359,0.3250138908624649,0.3254767060279846,0.3913538455963135,0.39152735471725464,0.7540120184421539,0.7525485455989838,-183.9321899414062,-184.1446990966797,-2.600421905517578,-2.1610770225524902,2.7556216716766357,2.8905601501464844,,,,,,,,,,,,,,,,,,,,,,,,,,,,,,,,
111,4.625,111,4.625,0.0,0.060068824867218956,0.06196425564641707,0.5896316583198011,0.5915409133852044,0.07391624119662796,0.07376132226788235,0.07294924199102283,0.07227839345584741,0.14302558898680928,0.1416360528834238,0.11208501211155461,0.10961335468035231,0.12486473104241681,0.12506462876979035,0.515257254242897,0.5153046995401382,0.5153203010559082,0.5155727863311768,0.516825944185257,0.5085555762052536,0.3237825036048889,0.32393914461135864,0.38861483335494995,0.38838255405426025,0.7535101175308228,0.7555459439754486,-184.56216430664057,-184.89987182617188,-2.2300894260406494,-2.3704893589019775,3.3633017539978027,3.3679842948913574,,,,,,,,,,,,,,,,,,,,,,,,,,,,,,,,
112,4.666666666666667,112,4.666666666666667,0.0,0.056084044745992205,0.05649886785653984,0.5841190489772745,0.5855879110054989,0.07306282768633614,0.07090660122584008,0.07182945288560048,0.06918723314086175,0.1429777263384321,0.14501963056639064,0.10995133104325898,0.11028100442357532,0.12557730422017313,0.1252519154347339,0.5174769461154938,0.5174578726291656,0.5177320241928101,0.5176059603691101,0.5171383321285248,0.5123986005783081,0.3230462372303009,0.32347698509693146,0.3865463137626648,0.3868004381656647,0.7576041519641876,0.7531128227710724,-185.30833435058588,-185.3494110107422,-2.1406865119934086,-2.1878137588500977,3.4097254276275635,3.5434072017669678,,,,,,,,,,,,,,,,,,,,,,,,,,,,,,,,
113,4.708333333333333,113,4.708333333333333,0.0,0.05290390881728645,0.05575366625583526,0.5892566325899044,0.5916344162889605,0.07263189238460557,0.07128793924101708,0.07159233120308038,0.07001071020060771,0.15008148498238238,0.14961001764571302,0.11207813927734452,0.11062747622617862,0.1248414264681732,0.12428532841125489,0.5197509378194809,0.5198691934347153,0.5194676518440247,0.5198827981948853,0.5184668600559235,0.5113604217767715,0.32326628267765045,0.3230733722448349,0.3853244185447693,0.38625210523605347,0.7564262449741364,0.7530620694160461,-185.9506225585937,-185.21841430664062,-1.824737548828125,-2.2902262210845947,4.099981784820557,4.10343074798584,,,,,,,,,,,,,,,,,,,,,,,,,,,,,,,,
114,4.75,114,4.75,0.0,0.05225552871326382,0.057359465688721814,0.5841804000679861,0.5849070679813869,0.07421305757985372,0.07324727331611745,0.07317832376157074,0.07210976926242042,0.15083671509667312,0.1529261024195149,0.10680910034447064,0.10937967535924442,0.12456110560944561,0.12371934237625601,0.5215236246585846,0.521696925163269,0.5214309096336365,0.5220195651054382,0.5183588862419128,0.5127510577440262,0.3224440962076187,0.32244402170181274,0.3850494623184204,0.3861072361469269,0.7562108933925629,0.7528541088104248,-185.4862213134765,-184.94386291503906,-2.478217840194702,-3.161468744277954,4.669703483581543,4.576099395751953,,,,,,,,,,,,,,,,,,,,,,,,,,,,,,,,
115,4.791666666666667,115,4.791666666666667,0.0,0.05680484498662038,0.06136506703392457,0.5854525782838726,0.5874535573559853,0.07613295175228842,0.07571167237714847,0.07531118297312993,0.07456153992221032,0.15607939066092943,0.15839621353047212,0.10922307131190256,0.11116342697958438,0.12378607045201596,0.12350288725709627,0.5234153121709824,0.5234566330909729,0.5231875777244568,0.5235952138900757,0.5171477794647217,0.5138256549835205,0.3232886493206024,0.32382479310035706,0.3871524930000305,0.3869518041610718,0.7541631460189819,0.7520830631256104,-184.6203002929687,-185.07167053222656,-3.0554568767547607,-3.4077556133270264,4.997765064239502,5.046294212341309,,,,,,,,,,,,,,,,,,,,,,,,,,,,,,,,
116,4.833333333333333,116,4.833333333333333,0.0,0.057934658193038786,0.05722035883447626,0.585562916342273,0.5862644234422727,0.07453203182845747,0.07424949192977998,0.07550602239423831,0.07437393689365804,0.15255409094540012,0.15532372066289518,0.10985992158846052,0.1110368882154441,0.12352214893701588,0.12344555305669526,0.5246623158454895,0.5248730331659317,0.5240681767463684,0.5241872072219849,0.5178199261426926,0.5155053436756134,0.32458338141441345,0.3249560296535492,0.390972763299942,0.3913930058479309,0.7517279088497162,0.7507722973823547,-183.29336547851557,-183.42665100097656,-3.005807876586914,-2.9564883708953857,4.838650703430176,4.954039096832275,,,,,,,,,,,,,,,,,,,,,,,,,,,,,,,,
117,4.875,117,4.875,0.0,0.048167121262974184,0.04512187944122335,0.5828332320563719,0.5822180856803645,0.07643461789342425,0.07658227274430433,0.07748434379123138,0.07771659888825601,0.15013601787769706,0.149506190892329,0.10614168401054515,0.10514536065336699,0.12400108004506492,0.12413751723788312,0.5251006036996841,0.5256113260984421,0.5241814851760864,0.5245159268379211,0.5179769396781921,0.5184793621301651,0.32605767250061035,0.326439693570137,0.39439424872398376,0.39472079277038574,0.7457075715065002,0.748098611831665,-182.39265441894526,-182.5850067138672,-2.937670230865479,-2.6317203044891357,5.040010452270508,5.161908149719238,,,,,,,,,,,,,,,,,,,,,,,,,,,,,,,,
118,4.916666666666667,118,4.916666666666667,0.0,0.049977283935243845,0.04630524875658087,0.5836254201110521,0.5792462946446192,0.07396670671739237,0.07532630791899673,0.0749030751649077,0.07673231935487747,0.1510074020454475,0.14736164889124392,0.10729217990343769,0.10422524054386559,0.12354419575845832,0.12425952778427721,0.5252100825309753,0.5255492031574249,0.5242043733596802,0.5244235992431641,0.5214730352163315,0.5178743004798889,0.32676249742507935,0.3271874040365219,0.39645934104919434,0.3963136076927185,0.7429541647434235,0.750128835439682,-181.74154663085932,-182.2071075439453,-3.1775360107421875,-2.7477269172668457,4.9493818283081055,5.049223899841309,,,,,,,,,,,,,,,,,,,,,,,,,,,,,,,,
119,4.958333333333333,119,4.958333333333333,0.0,0.05848419670737192,0.05172177130095482,0.5847885154734247,0.5782558387373982,0.07555519827689307,0.07547851534669173,0.07615822732286817,0.07630331288521737,0.1504734954864309,0.1482209536368522,0.10576887183659202,0.10366343691000306,0.12396996340690694,0.12443681398024463,0.5261013060808182,0.5264534205198288,0.5250502824783325,0.5253039598464966,0.5226427316665649,0.5158693492412567,0.3279726207256317,0.32812240719795227,0.3978561460971832,0.3974669575691223,0.7431673109531403,0.7501331567764282,-181.5414428710937,-182.04766845703125,-3.175101757049561,-2.7785141468048096,5.010380744934082,5.081925392150879,,,,,,,,,,,,,,,,,,,,,,,,,,,,,,,,
120,5.0,120,5.0,0.0,0.05950782854159077,0.05713113121715877,0.5777825944026602,0.5747602614799843,0.0733122033518549,0.07545754997131339,0.07342734762437243,0.07579039842963547,0.15297355403982632,0.14901014161013837,0.1058883186693078,0.10261881524531738,0.12393904100906403,0.12441756515380117,0.5271050184965134,0.5274373590946198,0.5257670283317566,0.5262001752853394,0.5200135707855225,0.5154421329498291,0.32744765281677246,0.3276916742324829,0.3978000283241272,0.3978668749332428,0.7485193014144897,0.7518713474273682,-181.413589477539,-181.60011291503906,-3.0942370891571045,-3.036733627319336,5.1780219078063965,5.174504280090332,,,,,,,,,,,,,,,,,,,,,,,,,,,,,,,,
121,5.041666666666667,121,5.041666666666667,0.0,0.020123136588918428,0.021413240508609693,0.5623263291764117,0.5554310845718158,0.07717473630146945,0.07751581147614453,0.07744634069153154,0.07744133757722119,0.15487875716765223,0.15231348465805977,0.10532079698608156,0.10489437478937239,0.12368179695024208,0.12346446358151542,0.5285522490739822,0.5289152562618256,0.5273676514625549,0.527840256690979,0.5211770534515381,0.5150155127048492,0.32779231667518616,0.3279571682214737,0.39871951937675476,0.3980522155761719,0.7466040551662445,0.751244455575943,-180.57917785644526,-181.05113220214844,-2.7983689308166504,-2.6202526092529297,5.41987943649292,5.187202453613281,,,,,,,,,,,,,,,,,,,,,,,,,,,,,,,,
122,5.083333333333333,122,5.083333333333333,0.0,0.015287562016812474,0.018137895612987658,0.5695916016176008,0.566819946430769,0.07949590572568886,0.08272535083870579,0.07995975047018233,0.08337237083389427,0.15336073431132885,0.14736032593239726,0.10423622960935107,0.09959997090408729,0.12301498966405598,0.12338013592602824,0.5300705879926682,0.5302891880273819,0.5290052890777588,0.5295983552932739,0.5221793204545975,0.5149827003479004,0.327859491109848,0.32836005091667175,0.39814385771751404,0.3966049551963806,0.7452337741851807,0.7553434073925018,-180.58532714843744,-181.92774963378906,-2.7096450328826904,-2.6305832862854004,5.456273555755615,5.365265369415283,,,,,,,,,,,,,,,,,,,,,,,,,,,,,,,,
123,5.125,123,5.125,0.0,0.029831148015771983,0.03542560499875517,0.5702840042557417,0.5700360707142815,0.08054192244549144,0.07944899258180314,0.08060370846309582,0.07971074106776731,0.14656799500093337,0.1452453512605111,0.09914766532410842,0.09731122869138911,0.12360516834400288,0.12410934467878662,0.5307189524173737,0.5308979153633118,0.5303441882133484,0.5302229523658752,0.5232402086257935,0.5151330828666687,0.3276084363460541,0.3281031399965286,0.39966219663619995,0.3990006446838379,0.746292382478714,0.7554977834224701,-180.52555847167963,-181.1973419189453,-4.051510334014893,-3.48860239982605,5.10675573348999,5.30703592300415,,,,,,,,,,,,,,,,,,,,,,,,,,,,,,,,
124,5.166666666666667,124,5.166666666666667,0.0,0.05830895547097099,0.05284505110724841,0.5785631329847599,0.5744414796643441,0.07414753621270784,0.07243230401507601,0.07449041311466012,0.07303943187094396,0.15140317583293755,0.1496250175754685,0.09996281238761354,0.0998303169075672,0.12430743857230374,0.12434614215951713,0.5305443704128265,0.5305887460708618,0.5297600626945496,0.5300841331481934,0.5240159034729004,0.5157719999551773,0.3278966099023819,0.32832247018814087,0.3973112106323242,0.39734625816345215,0.7454657256603241,0.7555876076221466,-182.20138549804682,-182.42494201660156,-3.8001885414123535,-3.9737119674682617,5.664383888244629,5.521245002746583,,,,,,,,,,,,,,,,,,,,,,,,,,,,,,,,
125,5.208333333333333,125,5.208333333333333,0.0,0.0525686866927155,0.05336901264512042,0.5708364755430955,0.5678195542442437,0.07296117484282173,0.07437715078413848,0.07326412040612816,0.07434326715999072,0.150927441528257,0.14879501333666734,0.0990119692385797,0.09893597434790503,0.12446468071209572,0.12436153051719319,0.5305366814136505,0.5305187404155731,0.530073344707489,0.5303059220314026,0.5232496559619904,0.5154886543750763,0.32805538177490234,0.3283500075340271,0.3962249159812927,0.39629507064819336,0.7467456161975861,0.7548969686031342,-182.6399536132812,-182.86366271972656,-3.710844516754151,-4.0136237144470215,5.595799446105957,5.431441307067871,,,,,,,,,,,,,,,,,,,,,,,,,,,,,,,,
126,5.25,126,5.25,0.0,0.050340751829144534,0.04865530098872438,0.5666852522549888,0.5642673539800319,0.07278374073083942,0.07220148644005872,0.07296230759873865,0.07247422540709703,0.1495389367156114,0.14969559378202524,0.1002607256976966,0.10171263901488999,0.12441760889096104,0.12443197922956276,0.5300054550170898,0.5302097946405411,0.5296072363853455,0.529747724533081,0.5234656631946564,0.5148063004016876,0.32790814340114594,0.32845160365104675,0.39676085114479065,0.3960721492767334,0.7493474781513214,0.7560145258903503,-182.31698608398432,-182.98248291015625,-3.6637175083160405,-3.383579730987549,5.274519920349121,5.2688117027282715,,,,,,,,,,,,,,,,,,,,,,,,,,,,,,,,
127,5.291666666666667,127,5.291666666666667,0.0,0.044599284806867825,0.044282736124538175,0.5510601423129904,0.5514569493348156,0.06456392270036244,0.06702572032627174,0.06410999948190066,0.06682136184305207,0.15906731298669705,0.15702306797889906,0.11087244986217434,0.11036860873421202,0.12338989570664774,0.1235552301420674,0.5298308581113815,0.5298792123794556,0.5291545987129211,0.5297191739082336,0.523893415927887,0.5141456425189972,0.32835574448108673,0.32905150949954987,0.39557206630706787,0.396090567111969,0.7495379447937012,0.75779989361763,-182.9336547851562,-183.12240600585938,-3.323175668716431,-3.729640007019043,5.082968711853027,4.956206798553467,,,,,,,,,,,,,,,,,,,,,,,,,,,,,,,,
128,5.333333333333333,128,5.333333333333333,0.0,0.044835997567396514,0.042580745060695965,0.5492044404031734,0.5495985634753734,0.04984933829538682,0.04859692315711967,0.049825509095390574,0.04808404559230961,0.17586509390515304,0.17809235557587685,0.12913763615523402,0.1301857760986854,0.12142779167862959,0.12171196419548212,0.5300587266683578,0.5303617417812347,0.5291616916656494,0.5293440222740173,0.5244494080543518,0.5138849020004272,0.3298434913158417,0.3301003724336624,0.39495742321014404,0.39462193846702576,0.7487242817878723,0.7576340734958649,-183.42813110351557,-183.8832244873047,-2.9007325172424316,-2.5818746089935303,5.031446933746338,5.155651092529297,,,,,,,,,,,,,,,,,,,,,,,,,,,,,,,,
129,5.375,129,5.375,0.0,0.028412875032095705,0.02648986737790934,0.549606998584686,0.5448203690742447,0.04224377557652512,0.042369658536863565,0.04206887086695865,0.04142974579719366,0.1870635789287276,0.1875328342345587,0.14322320810425201,0.14072372341332678,0.12162183933722215,0.12171664247919184,0.5298750996589661,0.5302500426769257,0.5278821587562561,0.5282875299453735,0.5240113735198975,0.5135956853628159,0.3310728967189789,0.33099760115146637,0.39293181896209717,0.3928154706954956,0.750623881816864,0.7581527233123779,-184.64244079589838,-184.63929748535156,1.1581149010453373e-05,0.03586418926715851,4.76700258255005,4.8970842361450195,,,,,,,,,,,,,,,,,,,,,,,,,,,,,,,,
130,5.416666666666667,130,5.416666666666667,0.0,0.022233161209878248,0.02524034512651333,0.5629616632659157,0.5610057452037897,0.04148491276375591,0.03820341618131296,0.03929648320722154,0.03644260991278931,0.18548968514686345,0.1880521207382452,0.14155451912289713,0.14265831767370593,0.12124114323425009,0.12064054631301752,0.5300052314996719,0.5301615297794342,0.529792308807373,0.5298715233802795,0.5228609144687653,0.5163350701332092,0.32719963788986206,0.32806356251239777,0.3873233497142792,0.3877829313278198,0.7521109282970428,0.7552890181541443,-185.37947082519526,-185.3391876220703,-1.142540454864502,-1.176982045173645,4.38365364074707,4.5199360847473145,,,,,,,,,,,,,,,,,,,,,,,,,,,,,,,,
131,5.458333333333333,131,5.458333333333333,0.0,0.02160943070933506,0.02568641976669249,0.5677630296233183,0.5614266803052157,0.0447178914641179,0.04238114122522437,0.04321888564093253,0.04087897190806672,0.18363245494287364,0.1836253265120439,0.13787976284869857,0.13811060167070177,0.12088429753050557,0.12050382287085387,0.5296864956617355,0.5299187153577805,0.5295332074165344,0.5295834541320801,0.5234895646572113,0.5168574899435043,0.32375068962574005,0.32415899634361267,0.38362568616867065,0.3838222622871399,0.7537623941898346,0.7552663087844849,-185.41128540039057,-185.2339324951172,-1.6707062721252444,-1.455734133720398,4.70618200302124,4.647939205169678,,,,,,,,,,,,,,,,,,,,,,,,,,,,,,,,
132,5.5,132,5.5,0.0,0.035790852306630344,0.03647698967240177,0.5503973988487785,0.5552052882432167,0.043833103038179985,0.042487225482381014,0.042308373632564164,0.041402099249193046,0.17520974500652045,0.17806755379541925,0.1314124640138526,0.13222044908987188,0.12112908213726384,0.12104525043591202,0.5294517874717712,0.5294600874185562,0.5299683809280396,0.5298197865486145,0.5228036046028137,0.5150988698005676,0.32154928147792816,0.32241159677505493,0.37988710403442383,0.3801268935203552,0.75483438372612,0.756689578294754,-185.77012634277338,-186.18397521972653,-2.5190587043762207,-2.281221628189087,4.441479206085205,4.785923004150391,,,,,,,,,,,,,,,,,,,,,,,,,,,,,,,,
133,5.541666666666667,133,5.541666666666667,0.0,0.029234683601785317,0.029928742750754963,0.5593839697755519,0.5626908840495758,0.05152611657388624,0.048292895260206255,0.04995805049738739,0.04687246936979291,0.1719481253016261,0.17213601134767986,0.12475797502287661,0.12484127409308764,0.12224608940898062,0.12174287972966312,0.5288762301206589,0.5289576947689056,0.5289267897605896,0.5293242931365967,0.5208303332328796,0.5160636603832245,0.32034531235694885,0.3204219192266464,0.37924492359161377,0.3785693645477295,0.7576564848423004,0.7549136579036713,-186.1146392822265,-186.31932067871094,-1.8667449951171875,-2.1089744567871094,4.8248443603515625,4.846765995025635,,,,,,,,,,,,,,,,,,,,,,,,,,,,,,,,
134,5.583333333333333,134,5.583333333333333,0.0,0.018687564041598135,0.023194959821713115,0.5492587428040309,0.5580578921960305,0.05614760746049927,0.05426249139226314,0.05421019166774357,0.05213335983090496,0.16832743156285185,0.16931106112525385,0.12292188218297583,0.12327339471212996,0.12204442390566288,0.121552131608627,0.5278848707675934,0.5279555767774582,0.5284116864204407,0.528713047504425,0.517754077911377,0.5164772570133209,0.3191114217042923,0.31942155957221985,0.3769717216491699,0.3764823079109192,0.758757472038269,0.7569524049758911,-186.06408691406244,-186.58688354492188,-2.296001672744751,-2.3380026817321777,4.5196332931518555,4.557276725769043,,,,,,,,,,,,,,,,,,,,,,,,,,,,,,,,
135,5.625,135,5.625,0.0,0.022794038286153274,0.026757254544840223,0.5511116052245834,0.5535741519794688,0.056695008014172356,0.05592109568062985,0.05561621177258902,0.054877900641817697,0.16388017400489144,0.16505180869186514,0.12361150568666415,0.12357906174754982,0.12315165160792046,0.12267528653225573,0.5265955030918121,0.5267326831817627,0.5270324349403381,0.5276136994361877,0.5189708918333054,0.5166059285402298,0.31959494948387146,0.3199610263109207,0.37767112255096436,0.37716230750083923,0.7567840814590454,0.755898118019104,-186.0625610351562,-186.32801818847656,-2.0711617469787598,-2.5760719776153564,4.093650817871094,4.204648494720459,,,,,,,,,,,,,,,,,,,,,,,,,,,,,,,,
136,5.666666666666667,136,5.666666666666667,0.0,0.058531473616968865,0.047965404767534095,0.5555979885596124,0.55913546111777,0.05395051262607407,0.054778869765008516,0.05219038275947015,0.05311633220875807,0.16354340942784654,0.16466623523127416,0.1254453835621359,0.12392262028729019,0.1231085967290025,0.12293107861092968,0.525425910949707,0.5255908668041229,0.5272583961486816,0.5273277759552002,0.5213013738393784,0.5164736807346344,0.31927309930324554,0.3195747137069702,0.37534889578819275,0.3761659562587738,0.7564164102077484,0.7582966983318329,-187.45626831054682,-187.27000427246094,-3.7577896118164062,-3.735117197036743,3.87974214553833,4.129929065704347,,,,,,,,,,,,,,,,,,,,,,,,,,,,,,,,
137,5.708333333333333,137,5.708333333333333,0.0,0.06959886223429418,0.06029736912261001,0.5780407781008381,0.5691481427370767,0.05645999511666127,0.05684719563952283,0.05480011837504656,0.0549159287715973,0.15934927122960663,0.16004041243267295,0.12181408235102689,0.12266100815174666,0.12196406071136422,0.12258224217050388,0.5242341458797455,0.5241017043590546,0.5265523791313171,0.5268350839614868,0.519879162311554,0.5166250467300415,0.3187300115823746,0.3193885385990143,0.37592223286628723,0.3765295445919037,0.7619253396987915,0.7569977939128876,-186.79614257812494,-186.88323974609375,-4.43289852142334,-4.789816379547119,3.726400852203369,3.570800542831421,,,,,,,,,,,,,,,,,,,,,,,,,,,,,,,,
138,5.75,138,5.75,0.0,0.05412252637121405,0.05579679675277193,0.5690220619928487,0.5730852951156048,0.056739380408552094,0.05653764576397714,0.05530985130882665,0.05474691164744873,0.15717736932446588,0.15766671175495164,0.12433799802192079,0.12305598285799384,0.12267369642972886,0.12229232215651442,0.5224665105342865,0.5224696546792984,0.5243391990661621,0.5247508883476257,0.5175385028123856,0.5152530074119568,0.31981082260608673,0.31967560946941376,0.37617701292037964,0.37740960717201233,0.7620866298675537,0.7563866078853607,-187.2777252197265,-186.63482666015625,-3.281418085098267,-3.944154977798462,3.225402593612671,3.3071651458740234,,,,,,,,,,,,,,,,,,,,,,,,,,,,,,,,
139,5.791666666666667,139,5.791666666666667,0.0,0.0527342724525781,0.05137922746198269,0.5658788298788167,0.571695496215674,0.05650284763886057,0.057333619933918716,0.055584579654463166,0.05655745689176986,0.15655511273691014,0.15491458997909555,0.12630681538847038,0.12449814999131029,0.12267086217334251,0.12221925514322572,0.5207148194313049,0.5207094103097916,0.522224485874176,0.5227625966072083,0.5186869353055954,0.5169964730739594,0.32053421437740326,0.32033053040504456,0.3759446442127228,0.3768330514431,0.7582582831382751,0.7530946731567383,-187.74209594726557,-187.09393310546875,-2.7258105278015137,-3.3760838508605957,3.1245954036712646,3.007443904876709,,,,,,,,,,,,,,,,,,,,,,,,,,,,,,,,
140,5.833333333333333,140,5.833333333333333,0.0,0.051512517105514743,0.051402560091905955,0.5655920244490363,0.5699685378904559,0.05915577913022654,0.059370499408733825,0.05852769050090421,0.058470839225443584,0.15355355437432,0.15154818587994093,0.12447172317481772,0.12282126270946137,0.12276870347846747,0.12245191769188223,0.5190758109092712,0.5191133767366409,0.5206699967384338,0.5208906531333923,0.5187104642391205,0.5182324647903442,0.3208218514919281,0.32044534385204315,0.37628093361854553,0.3771560490131378,0.7569328248500824,0.7504593729972839,-187.802993774414,-187.17819213867188,-2.6679720878601074,-3.0109405517578125,2.982109785079956,2.8381237983703613,,,,,,,,,,,,,,,,,,,,,,,,,,,,,,,,
141,5.875,141,5.875,0.0,0.05660744675557925,0.05495353764473329,0.5664098074077217,0.5687319142864967,0.06033024639570146,0.0606185282127383,0.05912760534462637,0.059449900437979854,0.15040195835650502,0.14894233019138414,0.12338182179179621,0.12250846491996896,0.12322452141782661,0.12280562248366424,0.516893595457077,0.5168989449739456,0.5188349485397339,0.5186404585838318,0.5168552696704865,0.5151550620794296,0.32124148309230804,0.32072652876377106,0.3783404231071472,0.37857866287231445,0.7571521997451782,0.7559584379196167,-187.11483764648432,-186.7330322265625,-3.0769104957580566,-2.986279010772705,2.6759037971496586,2.5317604541778564,,,,,,,,,,,,,,,,,,,,,,,,,,,,,,,,
142,5.916666666666667,142,5.916666666666667,0.0,0.05040169096474059,0.05381077043135347,0.5677969716244192,0.5681072503397775,0.06382532819112804,0.06152662221868288,0.06232494354927544,0.06032890109446131,0.14360122957131108,0.14639456468116072,0.12090090499996596,0.12326496467494871,0.12364053510198887,0.1227634840824913,0.5146402269601822,0.514624610543251,0.5161142349243164,0.5163962244987488,0.5176112055778503,0.5141221880912781,0.32153499126434326,0.3212694674730301,0.3794674873352051,0.38000157475471497,0.7560471296310425,0.75520458817482,-186.99632263183588,-186.26722717285156,-2.206111192703247,-2.8853957653045654,2.204054355621338,2.16629958152771,,,,,,,,,,,,,,,,,,,,,,,,,,,,,,,,
143,5.958333333333333,143,5.958333333333333,0.0,0.04658433079726255,0.04901173181683389,0.5646424353131371,0.563625328102211,0.06549085671422253,0.06343256815698023,0.0640735051072577,0.06234465750871356,0.1420618852590067,0.1433989292704105,0.12300189429636171,0.1250305447374827,0.12362653393704125,0.12310114973509856,0.5122910737991333,0.5122554898262024,0.5140264630317688,0.5140477418899536,0.5153397619724274,0.512432724237442,0.32198700308799744,0.32187698781490326,0.3818933665752411,0.3824365735054016,0.7575060427188873,0.7564915418624878,-185.92222595214838,-185.3668060302734,-2.5176279544830322,-2.681121826171875,1.7853742837905884,1.679375171661377,,,,,,,,,,,,,,,,,,,,,,,,,,,,,,,,
144,6.0,144,6.0,0.0,0.0386610234978407,0.04000149495075463,0.5626910423266192,0.5620270830750224,0.06774595840160348,0.06642241072226798,0.06698109817851378,0.06585271639559329,0.1408343667243585,0.14006485157758214,0.12630255075093155,0.1274504865515098,0.1238313250994926,0.12369826710965286,0.5104558914899826,0.5102361291646957,0.5116452574729919,0.5113943219184875,0.5144859105348587,0.5103582590818405,0.32337549328804016,0.32315728068351746,0.385436087846756,0.3865387737751007,0.7559864521026611,0.7594965696334839,-184.70535278320307,-183.97586059570312,-1.6753289699554443,-1.6516921520233154,1.3854902982711792,1.182228446006775,,,,,,,,,,,,,,,,,,,,,,,,,,,,,,,,
145,6.041666666666667,145,6.041666666666667,0.0,0.03585172818427736,0.037484820085358396,0.5705390590830363,0.5651146132643314,0.0709593457161362,0.06636474645679506,0.06949367929722966,0.06586502930728128,0.12673775277138072,0.13305438648207538,0.11895084777263576,0.12688470045389616,0.12471717957567953,0.12405576275845286,0.507887676358223,0.5082791894674301,0.5088158249855042,0.5092573761940002,0.513117790222168,0.5101257562637329,0.32506081461906433,0.32392507791519165,0.3896331787109375,0.38876524567604065,0.7563708126544952,0.7612138092517853,-183.76766967773432,-183.40087890625,-1.0643393993377686,-1.0701590776443481,0.5291121006011964,0.47921553254127497,,,,,,,,,,,,,,,,,,,,,,,,,,,,,,,,
146,6.083333333333333,146,6.083333333333333,0.0,0.03684235641751653,0.03855561008233945,0.5704370066668952,0.5671370441568264,0.07136033624364359,0.06866590010840458,0.06988229575331109,0.0682680796571954,0.1207710654104852,0.12606828478250026,0.11865881978298722,0.1231067142925421,0.12505519865167367,0.12426940560889607,0.5053914785385132,0.5064572393894196,0.5060825347900391,0.5072028040885925,0.5119109004735947,0.5099783688783646,0.3291773200035095,0.325356662273407,0.39605188369750977,0.39005520939826965,0.755518764257431,0.7600124180316925,-182.99702453613276,-183.61691284179688,-0.5111280679702759,-0.6816208958625793,-0.004135194234549999,0.15677168965339663,,,,,,,,,,,,,,,,,,,,,,,,,,,,,,,,
147,6.125,147,6.125,0.0,0.034815648102367015,0.040824774932403524,0.5704072761668184,0.5695840955960617,0.0748228423481501,0.06990076640231367,0.07419823438199503,0.06920659291870193,0.11718658227851894,0.12199625633053438,0.11738354737989586,0.12163760992250622,0.12485716369741609,0.12288439501809602,0.5036276131868362,0.5043760538101196,0.5043331980705261,0.5056542158126831,0.5091937035322189,0.5101186335086823,0.3342240899801254,0.3262389302253723,0.40430155396461487,0.392106294631958,0.7553957998752594,0.7618802785873413,-181.16629028320307,-182.89048767089844,-0.6194745898246765,-1.2939140796661377,-0.18185460567474365,-0.18702417612075806,,,,,,,,,,,,,,,,,,,,,,,,,,,,,,,,
148,6.166666666666667,148,6.166666666666667,0.0,0.03299547068104262,0.03791901525371858,0.5693206778710043,0.568960231533799,0.07482690324254404,0.07169160099673284,0.0743098743068057,0.07150223109828571,0.11437831831014753,0.11844902539707425,0.11781868379564071,0.1244797600809403,0.12511585100079098,0.12364233302038201,0.5017272084951401,0.5029355436563492,0.5030878186225891,0.5038848519325256,0.508177787065506,0.5094140619039536,0.33916811645030975,0.32732436060905457,0.41158613562583923,0.39549484848976135,0.7565672099590302,0.7620936334133148,-179.90794372558588,-181.83985900878906,-1.2489093542099,-0.4652227759361267,-0.5817989110946655,-0.6702401638031006,,,,,,,,,,,,,,,,,,,,,,,,,,,,,,,,
149,6.208333333333333,149,6.208333333333333,0.0,0.030117778470799862,0.033082604782907046,0.5730466048059409,0.5620727224839177,0.0794598758045051,0.07272919646681258,0.08016262944912012,0.07151293291037021,0.10919911347470188,0.11201557944327305,0.11613967709770166,0.12189124231837802,0.12492852203093807,0.12453611144020443,0.5002827942371368,0.5005498975515366,0.5013359785079956,0.5005584955215454,0.5077513754367828,0.5088240951299667,0.3426845967769623,0.3297880291938782,0.41809260845184326,0.3985660970211029,0.7568807601928711,0.7622433304786682,-178.41680908203122,-182.13458251953125,-0.8159468173980713,1.0318201780319214,-0.8524755239486694,-1.1004459857940674,,,,,,,,,,,,,,,,,,,,,,,,,,,,,,,,
150,6.25,150,6.25,0.0,0.027887727143619468,0.02856375271425178,0.5709041534760814,0.5636374699013621,0.07987289728804796,0.07691152222174234,0.08133784669865989,0.07520713164950642,0.10625931512386914,0.11014015851069943,0.11608558091768179,0.11998109173679623,0.1252423430305546,0.12303024090291263,0.49902263283729553,0.4981987476348877,0.4997253715991974,0.49897584319114685,0.5068419277667999,0.5080693364143372,0.34569647908210754,0.33397404849529266,0.42342814803123474,0.4082436263561249,0.7599397301673889,0.7634259164333344,-177.11051940917966,-179.42588806152344,-0.3734770715236664,0.8319823741912842,-1.0038173198699951,-1.6051043272018433,,,,,,,,,,,,,,,,,,,,,,,,,,,,,,,,
151,6.291666666666667,151,6.291666666666667,0.0,0.027036130458005226,0.027513289419878698,0.5687088350422628,0.5697236108013861,0.07833432410837782,0.0761521233391499,0.08043356583875955,0.0756239976642334,0.10518825638451394,0.10851012682426589,0.11682073285654922,0.12347733542333653,0.1255000239112088,0.12363736888843274,0.4980611950159073,0.49680039286613464,0.4982827305793762,0.4977533221244812,0.5080111920833588,0.5080573260784149,0.3478620946407318,0.3411101847887039,0.4273269474506378,0.4212319254875183,0.7588053941726685,0.7655190229415894,-176.0283508300781,-176.27627563476562,0.10558304935693741,1.0273720026016238,-0.936282753944397,-1.9706273078918457,,,,,,,,,,,,,,,,,,,,,,,,,,,,,,,,
