
◆  Rendering r45-checkbox-context → /Users/brownmanbrain/GitHub/operator-economy/blueprint-cinema/experiments/EP007-NET-NEW-UNFINISHED-ANSWER-003/hyperframes/reviews/r45-checkbox-context/qa/r45-checkbox-context.mp4
   24fps · high · auto workers (10 cores detected)
   GPU: browser GPU (auto-detect)

[?25l│
◇  Browser: cache
[?25h[INFO] [Render] Pipeline started {"renderJobId":"e2fc0cb5-36e7-43cd-bfca-c679b624d538","platform":"darwin","arch":"arm64","nodeVersion":"v25.6.1","fps":{"num":24,"den":1},"format":"mp4","quality":"high","browserGpuMode":"auto","forceScreenshot":false,"protocolTimeout":300000,"browserTimeout":120000,"pageNavigationTimeout":60000,"playerReadyTimeout":45000}
[INFO] [Render:trace] {"renderJobId":"e2fc0cb5-36e7-43cd-bfca-c679b624d538","phase":"pipeline","status":"checkpoint","elapsedMs":2,"message":"started","format":"mp4","quality":"high","browserGpuMode":"auto","forceScreenshot":false,"protocolTimeoutMs":300000,"pageNavigationTimeoutMs":60000,"playerReadyTimeoutMs":45000,"requestedWorkers":"auto"}
[INFO] [Render:trace] {"renderJobId":"e2fc0cb5-36e7-43cd-bfca-c679b624d538","phase":"compile","status":"start","elapsedMs":2,"needsAlpha":false}
  █░░░░░░░░░░░░░░░░░░░░░░░░  5%  Compiling composition
[INFO] Compiled composition metadata {"renderJobId":"e2fc0cb5-36e7-43cd-bfca-c679b624d538","entryFile":"index.html","staticDuration":92.16666666666667,"width":1280,"height":720,"videoCount":2,"audioCount":2,"renderModeHints":{"recommendScreenshot":false,"reasons":[]}}
[INFO] [Render:trace] {"renderJobId":"e2fc0cb5-36e7-43cd-bfca-c679b624d538","phase":"compile","status":"end","elapsedMs":79,"durationMs":77,"needsAlpha":false}
[INFO] [Render:trace] {"renderJobId":"e2fc0cb5-36e7-43cd-bfca-c679b624d538","phase":"compile","status":"checkpoint","elapsedMs":79,"message":"composition metadata resolved","width":1280,"height":720,"videoCount":2,"audioCount":2,"imageCount":0,"deviceScaleFactor":1,"forceScreenshot":false,"compositionHash":"479ef49e65f6b136"}
[INFO] [Render:trace] {"renderJobId":"e2fc0cb5-36e7-43cd-bfca-c679b624d538","phase":"browser_probe","status":"start","elapsedMs":79,"forceScreenshot":false,"stagePhase":"calibrating"}
[INFO] [Render:trace] {"renderJobId":"e2fc0cb5-36e7-43cd-bfca-c679b624d538","phase":"browser_probe","status":"end","elapsedMs":81,"durationMs":2,"forceScreenshot":false,"stagePhase":"calibrating"}
[INFO] [Render:trace] {"renderJobId":"e2fc0cb5-36e7-43cd-bfca-c679b624d538","phase":"browser_probe","status":"checkpoint","elapsedMs":81,"message":"duration resolved","durationSeconds":92.16666666666667,"totalFrames":2212,"compositionHash":"479ef49e65f6b136","beginFrameStalled":false}
[INFO] [Render:trace] {"renderJobId":"e2fc0cb5-36e7-43cd-bfca-c679b624d538","phase":"video_extract","status":"start","elapsedMs":82,"videoCount":2}
[INFO] Probing video color spaces... {"renderJobId":"e2fc0cb5-36e7-43cd-bfca-c679b624d538","videoCount":2}
  ██░░░░░░░░░░░░░░░░░░░░░░░  10%  Extracting video frames
[INFO] Extracting frames from video 1/2 {"renderJobId":"e2fc0cb5-36e7-43cd-bfca-c679b624d538","sourceType":"local"}
[INFO] Extracting frames from video 2/2 {"renderJobId":"e2fc0cb5-36e7-43cd-bfca-c679b624d538","sourceType":"local"}
[WARN] [Compiler] WARNING: Video "r45-checkbox-picture" has sparse keyframes (max interval: 10.42s). This causes seek failures and frame freezing. Re-encode with: ffmpeg -i "public/media/checkbox-narrated.mp4" -c:v libx264 -r 30 -g 30 -keyint_min 30 -movflags +faststart -c:a copy output.mp4
[WARN] [Compiler] WARNING: Video "r45-context-picture" has sparse keyframes (max interval: 10.42s). This causes seek failures and frame freezing. Re-encode with: ffmpeg -i "public/media/preceding-context.mp4" -c:v libx264 -r 30 -g 30 -keyint_min 30 -movflags +faststart -c:a copy output.mp4
[INFO] [Render:trace] {"renderJobId":"e2fc0cb5-36e7-43cd-bfca-c679b624d538","phase":"video_extract","status":"end","elapsedMs":1819,"durationMs":1737,"videoCount":2}
[INFO] [Render:trace] {"renderJobId":"e2fc0cb5-36e7-43cd-bfca-c679b624d538","phase":"video_extract","status":"checkpoint","elapsedMs":1820,"message":"frames resolved","videoCount":2,"extractedVideoCount":2,"totalFramesExtracted":2212,"maxFramesPerVideo":1725,"avgFramesPerExtractedVideo":1106,"vfrPreflightCount":0,"vfrPreflightMs":0,"cacheHits":0,"cacheMisses":2,"transientRetries":0,"minVideoFrameCoverageRatio":1,"authoredTimedClipCount":5}
[INFO] [Render] No HDR sources detected — rendering SDR {"renderJobId":"e2fc0cb5-36e7-43cd-bfca-c679b624d538"}
[INFO] [Render:trace] {"renderJobId":"e2fc0cb5-36e7-43cd-bfca-c679b624d538","phase":"hdr_detection","status":"checkpoint","elapsedMs":1820,"message":"resolved","requestedHdrMode":"auto","effectiveHdr":"sdr","nativeHdrVideoCount":0,"nativeHdrImageCount":0}
[INFO] [Render:trace] {"renderJobId":"e2fc0cb5-36e7-43cd-bfca-c679b624d538","phase":"audio_process","status":"start","elapsedMs":1820,"audioCount":2}
  █████░░░░░░░░░░░░░░░░░░░░  20%  Processing audio tracks
[INFO] [Render:trace] {"renderJobId":"e2fc0cb5-36e7-43cd-bfca-c679b624d538","phase":"audio_process","status":"end","elapsedMs":3750,"durationMs":1930,"audioCount":2}
[INFO] [Render:trace] {"renderJobId":"e2fc0cb5-36e7-43cd-bfca-c679b624d538","phase":"file_server","status":"start","elapsedMs":3750,"reused":false}
  ██████░░░░░░░░░░░░░░░░░░░  25%  Starting frame capture
[INFO] [Render:trace] {"renderJobId":"e2fc0cb5-36e7-43cd-bfca-c679b624d538","phase":"file_server","status":"end","elapsedMs":3756,"durationMs":6}
[hyperframes] browserGpuMode probe → hardware (WebGL renderer vendor="Google Inc. (Apple)" renderer="ANGLE (Apple, ANGLE Metal Renderer: Apple M4, Unspecified Version)")
[INFO] [Render:trace] {"renderJobId":"e2fc0cb5-36e7-43cd-bfca-c679b624d538","phase":"capture_calibration","status":"checkpoint","elapsedMs":4257,"message":"skipped","requestedWorkers":"auto","totalFrames":2212,"htmlInCanvasDetected":false,"lowMemoryMode":false,"deInversionEligible":true,"deParallelRouterEligible":false}
[INFO] [Render] Fast capture: single-worker drawElement streaming preferred over 4-worker screenshot capture (2212 frames >= 900; verified path, measured faster at every worker count). Set HF_DE_SINGLE_MIN_FRAMES=0 or --workers N to override. {"renderJobId":"e2fc0cb5-36e7-43cd-bfca-c679b624d538"}
[INFO] [Render:trace] {"renderJobId":"e2fc0cb5-36e7-43cd-bfca-c679b624d538","phase":"worker_resolution","status":"checkpoint","elapsedMs":4257,"message":"resolved","workerCount":1}
[INFO] streaming-encode gate {"renderJobId":"e2fc0cb5-36e7-43cd-bfca-c679b624d538","enabled":true,"configFlag":true,"outputFormat":"mp4","workerCount":1,"durationSeconds":92.16666666666667,"maxDurationSeconds":240}
[INFO] [Render:trace] {"renderJobId":"e2fc0cb5-36e7-43cd-bfca-c679b624d538","phase":"capture_strategy","status":"checkpoint","elapsedMs":4257,"message":"resolved","workerCount":1,"forceScreenshot":false,"captureBeyondViewport":true,"useStreamingEncode":true,"useLayeredComposite":false,"usePageSideCompositing":false,"hasHdrContent":false,"hasShaderTransitions":false,"isPngSequence":false}
[INFO] [Render:trace] {"renderJobId":"e2fc0cb5-36e7-43cd-bfca-c679b624d538","phase":"capture_streaming","status":"start","elapsedMs":4258,"stagePhase":"capturing","workerCount":1,"forceScreenshot":false,"totalFrames":2212,"framesCompleted":0,"captureMode":"drawelement","captureOperation":"drawElement"}
[BrowserManager] Browser launched (HeadlessChrome/152.0.7977.30, screenshot, gl=--use-gl=angle --use-angle=metal, headlessShell=true, platform=darwin)
[initSession:screenshot] page.goto start (0ms)
[HyperFrames] render runtime fps [object Object]
[initSession:screenshot] page.goto complete (133ms)
[initSession:screenshot] GSAP proxy flush complete (142ms)
[initSession:screenshot] pollHfReady complete (148ms)
[initSession:screenshot] pollSubCompositionTimelines complete (ready) (152ms)
[initSession:screenshot] applyVideoMetadataHints complete (155ms)
[initSession:screenshot] media + fonts + tailwind ready (238ms)
[initSession:screenshot] captureBeyondViewport downgraded: page content fits the capture viewport (240ms)
[initSession:screenshot] timeline at-risk predictor: 0/2213 frames (0%) (278ms)
[initSession:screenshot] static-frame dedup: disabled (before-capture hook / video injection active) (280ms)
[initSession:screenshot] drawElement self-verify armed: 4 ground-truth frame(s) @ [553, 1106, 1659, 2101] of 2212 (676ms)
[initSession:drawelement] drawElement canvas injected (679ms)
[initSession:drawelement] screenshot fallback: 8 clip-boundary frame(s) (682ms)
[initSession:drawelement] drawElement worker encode initialized (690ms)
  ██████░░░░░░░░░░░░░░░░░░░  25%  Streaming frame 1/2212
  ██████░░░░░░░░░░░░░░░░░░░  25%  Streaming frame 2/2212
  ██████░░░░░░░░░░░░░░░░░░░  25%  Streaming frame 3/2212
  ██████░░░░░░░░░░░░░░░░░░░  25%  Streaming frame 4/2212
  ██████░░░░░░░░░░░░░░░░░░░  25%  Streaming frame 5/2212
  ██████░░░░░░░░░░░░░░░░░░░  25%  Streaming frame 6/2212
  ██████░░░░░░░░░░░░░░░░░░░  25%  Streaming frame 7/2212
  ██████░░░░░░░░░░░░░░░░░░░  25%  Streaming frame 8/2212
  ██████░░░░░░░░░░░░░░░░░░░  25%  Streaming frame 9/2212
  ██████░░░░░░░░░░░░░░░░░░░  25%  Streaming frame 10/2212
  ██████░░░░░░░░░░░░░░░░░░░  25%  Streaming frame 11/2212
  ██████░░░░░░░░░░░░░░░░░░░  25%  Streaming frame 12/2212
  ██████░░░░░░░░░░░░░░░░░░░  25%  Streaming frame 13/2212
  ██████░░░░░░░░░░░░░░░░░░░  25%  Streaming frame 14/2212
  ██████░░░░░░░░░░░░░░░░░░░  25%  Streaming frame 15/2212
  ██████░░░░░░░░░░░░░░░░░░░  25%  Streaming frame 16/2212
  ██████░░░░░░░░░░░░░░░░░░░  25%  Streaming frame 17/2212
  ██████░░░░░░░░░░░░░░░░░░░  25%  Streaming frame 18/2212
  ██████░░░░░░░░░░░░░░░░░░░  25%  Streaming frame 19/2212
  ██████░░░░░░░░░░░░░░░░░░░  25%  Streaming frame 20/2212
  ██████░░░░░░░░░░░░░░░░░░░  26%  Streaming frame 21/2212
  ██████░░░░░░░░░░░░░░░░░░░  26%  Streaming frame 22/2212
  ██████░░░░░░░░░░░░░░░░░░░  26%  Streaming frame 23/2212
  ██████░░░░░░░░░░░░░░░░░░░  26%  Streaming frame 24/2212
  ██████░░░░░░░░░░░░░░░░░░░  26%  Streaming frame 25/2212
  ██████░░░░░░░░░░░░░░░░░░░  26%  Streaming frame 26/2212
  ██████░░░░░░░░░░░░░░░░░░░  26%  Streaming frame 27/2212
  ██████░░░░░░░░░░░░░░░░░░░  26%  Streaming frame 28/2212
  ██████░░░░░░░░░░░░░░░░░░░  26%  Streaming frame 29/2212
  ██████░░░░░░░░░░░░░░░░░░░  26%  Streaming frame 30/2212
  ██████░░░░░░░░░░░░░░░░░░░  26%  Streaming frame 31/2212
  ██████░░░░░░░░░░░░░░░░░░░  26%  Streaming frame 32/2212
  ██████░░░░░░░░░░░░░░░░░░░  26%  Streaming frame 33/2212
  ██████░░░░░░░░░░░░░░░░░░░  26%  Streaming frame 34/2212
  ██████░░░░░░░░░░░░░░░░░░░  26%  Streaming frame 35/2212
  ██████░░░░░░░░░░░░░░░░░░░  26%  Streaming frame 36/2212
  ██████░░░░░░░░░░░░░░░░░░░  26%  Streaming frame 37/2212
  ██████░░░░░░░░░░░░░░░░░░░  26%  Streaming frame 38/2212
  ██████░░░░░░░░░░░░░░░░░░░  26%  Streaming frame 39/2212
  ██████░░░░░░░░░░░░░░░░░░░  26%  Streaming frame 40/2212
  ██████░░░░░░░░░░░░░░░░░░░  26%  Streaming frame 41/2212
  ██████░░░░░░░░░░░░░░░░░░░  26%  Streaming frame 42/2212
  ██████░░░░░░░░░░░░░░░░░░░  26%  Streaming frame 43/2212
  ██████░░░░░░░░░░░░░░░░░░░  26%  Streaming frame 44/2212
  ██████░░░░░░░░░░░░░░░░░░░  26%  Streaming frame 45/2212
  ██████░░░░░░░░░░░░░░░░░░░  26%  Streaming frame 46/2212
  ██████░░░░░░░░░░░░░░░░░░░  26%  Streaming frame 47/2212
  ██████░░░░░░░░░░░░░░░░░░░  26%  Streaming frame 48/2212
  ██████░░░░░░░░░░░░░░░░░░░  26%  Streaming frame 49/2212
  ██████░░░░░░░░░░░░░░░░░░░  26%  Streaming frame 50/2212
  ██████░░░░░░░░░░░░░░░░░░░  26%  Streaming frame 51/2212
  ██████░░░░░░░░░░░░░░░░░░░  26%  Streaming frame 52/2212
  ██████░░░░░░░░░░░░░░░░░░░  26%  Streaming frame 53/2212
  ██████░░░░░░░░░░░░░░░░░░░  26%  Streaming frame 54/2212
  ██████░░░░░░░░░░░░░░░░░░░  26%  Streaming frame 55/2212
  ██████░░░░░░░░░░░░░░░░░░░  26%  Streaming frame 56/2212
  ██████░░░░░░░░░░░░░░░░░░░  26%  Streaming frame 57/2212
  ██████░░░░░░░░░░░░░░░░░░░  26%  Streaming frame 58/2212
  ██████░░░░░░░░░░░░░░░░░░░  26%  Streaming frame 59/2212
  ██████░░░░░░░░░░░░░░░░░░░  26%  Streaming frame 60/2212
  ██████░░░░░░░░░░░░░░░░░░░  27%  Streaming frame 61/2212
  ██████░░░░░░░░░░░░░░░░░░░  27%  Streaming frame 62/2212
  ██████░░░░░░░░░░░░░░░░░░░  27%  Streaming frame 63/2212
  ██████░░░░░░░░░░░░░░░░░░░  27%  Streaming frame 64/2212
  ██████░░░░░░░░░░░░░░░░░░░  27%  Streaming frame 65/2212
  ██████░░░░░░░░░░░░░░░░░░░  27%  Streaming frame 66/2212
  ██████░░░░░░░░░░░░░░░░░░░  27%  Streaming frame 67/2212
  ██████░░░░░░░░░░░░░░░░░░░  27%  Streaming frame 68/2212
  ██████░░░░░░░░░░░░░░░░░░░  27%  Streaming frame 69/2212
  ██████░░░░░░░░░░░░░░░░░░░  27%  Streaming frame 70/2212
  ██████░░░░░░░░░░░░░░░░░░░  27%  Streaming frame 71/2212
  ██████░░░░░░░░░░░░░░░░░░░  27%  Streaming frame 72/2212
  ██████░░░░░░░░░░░░░░░░░░░  27%  Streaming frame 73/2212
  ██████░░░░░░░░░░░░░░░░░░░  27%  Streaming frame 74/2212
  ██████░░░░░░░░░░░░░░░░░░░  27%  Streaming frame 75/2212
  ██████░░░░░░░░░░░░░░░░░░░  27%  Streaming frame 76/2212
  ██████░░░░░░░░░░░░░░░░░░░  27%  Streaming frame 77/2212
  ██████░░░░░░░░░░░░░░░░░░░  27%  Streaming frame 78/2212
  ██████░░░░░░░░░░░░░░░░░░░  27%  Streaming frame 79/2212
  ██████░░░░░░░░░░░░░░░░░░░  27%  Streaming frame 80/2212
  ██████░░░░░░░░░░░░░░░░░░░  27%  Streaming frame 81/2212
  ██████░░░░░░░░░░░░░░░░░░░  27%  Streaming frame 82/2212
  ██████░░░░░░░░░░░░░░░░░░░  27%  Streaming frame 83/2212
  ██████░░░░░░░░░░░░░░░░░░░  27%  Streaming frame 84/2212
  ██████░░░░░░░░░░░░░░░░░░░  27%  Streaming frame 85/2212
  ██████░░░░░░░░░░░░░░░░░░░  27%  Streaming frame 86/2212
  ██████░░░░░░░░░░░░░░░░░░░  27%  Streaming frame 87/2212
  ██████░░░░░░░░░░░░░░░░░░░  27%  Streaming frame 88/2212
  ██████░░░░░░░░░░░░░░░░░░░  27%  Streaming frame 89/2212
  ██████░░░░░░░░░░░░░░░░░░░  27%  Streaming frame 90/2212
  ██████░░░░░░░░░░░░░░░░░░░  27%  Streaming frame 91/2212
  ██████░░░░░░░░░░░░░░░░░░░  27%  Streaming frame 92/2212
  ██████░░░░░░░░░░░░░░░░░░░  27%  Streaming frame 93/2212
  ██████░░░░░░░░░░░░░░░░░░░  27%  Streaming frame 94/2212
  ██████░░░░░░░░░░░░░░░░░░░  27%  Streaming frame 95/2212
  ██████░░░░░░░░░░░░░░░░░░░  27%  Streaming frame 96/2212
  ██████░░░░░░░░░░░░░░░░░░░  27%  Streaming frame 97/2212
  ██████░░░░░░░░░░░░░░░░░░░  27%  Streaming frame 98/2212
  ██████░░░░░░░░░░░░░░░░░░░  27%  Streaming frame 99/2212
  ██████░░░░░░░░░░░░░░░░░░░  27%  Streaming frame 100/2212
  ███████░░░░░░░░░░░░░░░░░░  28%  Streaming frame 101/2212
  ███████░░░░░░░░░░░░░░░░░░  28%  Streaming frame 102/2212
  ███████░░░░░░░░░░░░░░░░░░  28%  Streaming frame 103/2212
  ███████░░░░░░░░░░░░░░░░░░  28%  Streaming frame 104/2212
  ███████░░░░░░░░░░░░░░░░░░  28%  Streaming frame 105/2212
  ███████░░░░░░░░░░░░░░░░░░  28%  Streaming frame 106/2212
  ███████░░░░░░░░░░░░░░░░░░  28%  Streaming frame 107/2212
  ███████░░░░░░░░░░░░░░░░░░  28%  Streaming frame 108/2212
  ███████░░░░░░░░░░░░░░░░░░  28%  Streaming frame 109/2212
  ███████░░░░░░░░░░░░░░░░░░  28%  Streaming frame 110/2212
  ███████░░░░░░░░░░░░░░░░░░  28%  Streaming frame 111/2212
  ███████░░░░░░░░░░░░░░░░░░  28%  Streaming frame 112/2212
  ███████░░░░░░░░░░░░░░░░░░  28%  Streaming frame 113/2212
  ███████░░░░░░░░░░░░░░░░░░  28%  Streaming frame 114/2212
  ███████░░░░░░░░░░░░░░░░░░  28%  Streaming frame 115/2212
  ███████░░░░░░░░░░░░░░░░░░  28%  Streaming frame 116/2212
  ███████░░░░░░░░░░░░░░░░░░  28%  Streaming frame 117/2212
  ███████░░░░░░░░░░░░░░░░░░  28%  Streaming frame 118/2212
  ███████░░░░░░░░░░░░░░░░░░  28%  Streaming frame 119/2212
  ███████░░░░░░░░░░░░░░░░░░  28%  Streaming frame 120/2212
  ███████░░░░░░░░░░░░░░░░░░  28%  Streaming frame 121/2212
  ███████░░░░░░░░░░░░░░░░░░  28%  Streaming frame 122/2212
  ███████░░░░░░░░░░░░░░░░░░  28%  Streaming frame 123/2212
  ███████░░░░░░░░░░░░░░░░░░  28%  Streaming frame 124/2212
  ███████░░░░░░░░░░░░░░░░░░  28%  Streaming frame 125/2212
  ███████░░░░░░░░░░░░░░░░░░  28%  Streaming frame 126/2212
  ███████░░░░░░░░░░░░░░░░░░  28%  Streaming frame 127/2212
  ███████░░░░░░░░░░░░░░░░░░  28%  Streaming frame 128/2212
  ███████░░░░░░░░░░░░░░░░░░  28%  Streaming frame 129/2212
  ███████░░░░░░░░░░░░░░░░░░  28%  Streaming frame 130/2212
  ███████░░░░░░░░░░░░░░░░░░  28%  Streaming frame 131/2212
  ███████░░░░░░░░░░░░░░░░░░  28%  Streaming frame 132/2212
  ███████░░░░░░░░░░░░░░░░░░  28%  Streaming frame 133/2212
  ███████░░░░░░░░░░░░░░░░░░  28%  Streaming frame 134/2212
  ███████░░░░░░░░░░░░░░░░░░  28%  Streaming frame 135/2212
  ███████░░░░░░░░░░░░░░░░░░  28%  Streaming frame 136/2212
  ███████░░░░░░░░░░░░░░░░░░  28%  Streaming frame 137/2212
  ███████░░░░░░░░░░░░░░░░░░  28%  Streaming frame 138/2212
  ███████░░░░░░░░░░░░░░░░░░  28%  Streaming frame 139/2212
  ███████░░░░░░░░░░░░░░░░░░  28%  Streaming frame 140/2212
  ███████░░░░░░░░░░░░░░░░░░  29%  Streaming frame 141/2212
  ███████░░░░░░░░░░░░░░░░░░  29%  Streaming frame 142/2212
  ███████░░░░░░░░░░░░░░░░░░  29%  Streaming frame 143/2212
  ███████░░░░░░░░░░░░░░░░░░  29%  Streaming frame 144/2212
  ███████░░░░░░░░░░░░░░░░░░  29%  Streaming frame 145/2212
  ███████░░░░░░░░░░░░░░░░░░  29%  Streaming frame 146/2212
  ███████░░░░░░░░░░░░░░░░░░  29%  Streaming frame 147/2212
  ███████░░░░░░░░░░░░░░░░░░  29%  Streaming frame 148/2212
  ███████░░░░░░░░░░░░░░░░░░  29%  Streaming frame 149/2212
  ███████░░░░░░░░░░░░░░░░░░  29%  Streaming frame 150/2212
  ███████░░░░░░░░░░░░░░░░░░  29%  Streaming frame 151/2212
  ███████░░░░░░░░░░░░░░░░░░  29%  Streaming frame 152/2212
  ███████░░░░░░░░░░░░░░░░░░  29%  Streaming frame 153/2212
  ███████░░░░░░░░░░░░░░░░░░  29%  Streaming frame 154/2212
  ███████░░░░░░░░░░░░░░░░░░  29%  Streaming frame 155/2212
  ███████░░░░░░░░░░░░░░░░░░  29%  Streaming frame 156/2212
  ███████░░░░░░░░░░░░░░░░░░  29%  Streaming frame 157/2212
  ███████░░░░░░░░░░░░░░░░░░  29%  Streaming frame 158/2212
  ███████░░░░░░░░░░░░░░░░░░  29%  Streaming frame 159/2212
  ███████░░░░░░░░░░░░░░░░░░  29%  Streaming frame 160/2212
  ███████░░░░░░░░░░░░░░░░░░  29%  Streaming frame 161/2212
  ███████░░░░░░░░░░░░░░░░░░  29%  Streaming frame 162/2212
  ███████░░░░░░░░░░░░░░░░░░  29%  Streaming frame 163/2212
  ███████░░░░░░░░░░░░░░░░░░  29%  Streaming frame 164/2212
  ███████░░░░░░░░░░░░░░░░░░  29%  Streaming frame 165/2212
  ███████░░░░░░░░░░░░░░░░░░  29%  Streaming frame 166/2212
  ███████░░░░░░░░░░░░░░░░░░  29%  Streaming frame 167/2212
  ███████░░░░░░░░░░░░░░░░░░  29%  Streaming frame 168/2212
  ███████░░░░░░░░░░░░░░░░░░  29%  Streaming frame 169/2212
  ███████░░░░░░░░░░░░░░░░░░  29%  Streaming frame 170/2212
  ███████░░░░░░░░░░░░░░░░░░  29%  Streaming frame 171/2212
  ███████░░░░░░░░░░░░░░░░░░  29%  Streaming frame 172/2212
  ███████░░░░░░░░░░░░░░░░░░  29%  Streaming frame 173/2212
  ███████░░░░░░░░░░░░░░░░░░  29%  Streaming frame 174/2212
  ███████░░░░░░░░░░░░░░░░░░  29%  Streaming frame 175/2212
  ███████░░░░░░░░░░░░░░░░░░  29%  Streaming frame 176/2212
  ███████░░░░░░░░░░░░░░░░░░  29%  Streaming frame 177/2212
  ███████░░░░░░░░░░░░░░░░░░  29%  Streaming frame 178/2212
  ███████░░░░░░░░░░░░░░░░░░  29%  Streaming frame 179/2212
  ███████░░░░░░░░░░░░░░░░░░  29%  Streaming frame 180/2212
  ███████░░░░░░░░░░░░░░░░░░  30%  Streaming frame 181/2212
  ███████░░░░░░░░░░░░░░░░░░  30%  Streaming frame 182/2212
  ███████░░░░░░░░░░░░░░░░░░  30%  Streaming frame 183/2212
  ███████░░░░░░░░░░░░░░░░░░  30%  Streaming frame 184/2212
  ███████░░░░░░░░░░░░░░░░░░  30%  Streaming frame 185/2212
  ███████░░░░░░░░░░░░░░░░░░  30%  Streaming frame 186/2212
  ███████░░░░░░░░░░░░░░░░░░  30%  Streaming frame 187/2212
  ███████░░░░░░░░░░░░░░░░░░  30%  Streaming frame 188/2212
  ███████░░░░░░░░░░░░░░░░░░  30%  Streaming frame 189/2212
  ███████░░░░░░░░░░░░░░░░░░  30%  Streaming frame 190/2212
  ███████░░░░░░░░░░░░░░░░░░  30%  Streaming frame 191/2212
  ███████░░░░░░░░░░░░░░░░░░  30%  Streaming frame 192/2212
  ███████░░░░░░░░░░░░░░░░░░  30%  Streaming frame 193/2212
  ███████░░░░░░░░░░░░░░░░░░  30%  Streaming frame 194/2212
  ███████░░░░░░░░░░░░░░░░░░  30%  Streaming frame 195/2212
  ███████░░░░░░░░░░░░░░░░░░  30%  Streaming frame 196/2212
  ███████░░░░░░░░░░░░░░░░░░  30%  Streaming frame 197/2212
  ███████░░░░░░░░░░░░░░░░░░  30%  Streaming frame 198/2212
  ███████░░░░░░░░░░░░░░░░░░  30%  Streaming frame 199/2212
  ███████░░░░░░░░░░░░░░░░░░  30%  Streaming frame 200/2212
  ███████░░░░░░░░░░░░░░░░░░  30%  Streaming frame 201/2212
  ███████░░░░░░░░░░░░░░░░░░  30%  Streaming frame 202/2212
  ███████░░░░░░░░░░░░░░░░░░  30%  Streaming frame 203/2212
  ███████░░░░░░░░░░░░░░░░░░  30%  Streaming frame 204/2212
  ███████░░░░░░░░░░░░░░░░░░  30%  Streaming frame 205/2212
  ███████░░░░░░░░░░░░░░░░░░  30%  Streaming frame 206/2212
  ███████░░░░░░░░░░░░░░░░░░  30%  Streaming frame 207/2212
  ███████░░░░░░░░░░░░░░░░░░  30%  Streaming frame 208/2212
  ███████░░░░░░░░░░░░░░░░░░  30%  Streaming frame 209/2212
  ███████░░░░░░░░░░░░░░░░░░  30%  Streaming frame 210/2212
  ███████░░░░░░░░░░░░░░░░░░  30%  Streaming frame 211/2212
  ███████░░░░░░░░░░░░░░░░░░  30%  Streaming frame 212/2212
  ███████░░░░░░░░░░░░░░░░░░  30%  Streaming frame 213/2212
  ███████░░░░░░░░░░░░░░░░░░  30%  Streaming frame 214/2212
  ███████░░░░░░░░░░░░░░░░░░  30%  Streaming frame 215/2212
  ███████░░░░░░░░░░░░░░░░░░  30%  Streaming frame 216/2212
  ███████░░░░░░░░░░░░░░░░░░  30%  Streaming frame 217/2212
  ███████░░░░░░░░░░░░░░░░░░  30%  Streaming frame 218/2212
  ███████░░░░░░░░░░░░░░░░░░  30%  Streaming frame 219/2212
  ███████░░░░░░░░░░░░░░░░░░  30%  Streaming frame 220/2212
  ███████░░░░░░░░░░░░░░░░░░  30%  Streaming frame 221/2212
  ███████░░░░░░░░░░░░░░░░░░  31%  Streaming frame 222/2212
  ███████░░░░░░░░░░░░░░░░░░  31%  Streaming frame 223/2212
  ███████░░░░░░░░░░░░░░░░░░  31%  Streaming frame 224/2212
  ███████░░░░░░░░░░░░░░░░░░  31%  Streaming frame 225/2212
  ███████░░░░░░░░░░░░░░░░░░  31%  Streaming frame 226/2212
  ███████░░░░░░░░░░░░░░░░░░  31%  Streaming frame 227/2212
  ███████░░░░░░░░░░░░░░░░░░  31%  Streaming frame 228/2212
  ███████░░░░░░░░░░░░░░░░░░  31%  Streaming frame 229/2212
  ███████░░░░░░░░░░░░░░░░░░  31%  Streaming frame 230/2212
  ███████░░░░░░░░░░░░░░░░░░  31%  Streaming frame 231/2212
  ███████░░░░░░░░░░░░░░░░░░  31%  Streaming frame 232/2212
  ███████░░░░░░░░░░░░░░░░░░  31%  Streaming frame 233/2212
  ███████░░░░░░░░░░░░░░░░░░  31%  Streaming frame 234/2212
  ███████░░░░░░░░░░░░░░░░░░  31%  Streaming frame 235/2212
  ███████░░░░░░░░░░░░░░░░░░  31%  Streaming frame 236/2212
  ███████░░░░░░░░░░░░░░░░░░  31%  Streaming frame 237/2212
  ███████░░░░░░░░░░░░░░░░░░  31%  Streaming frame 238/2212
  ███████░░░░░░░░░░░░░░░░░░  31%  Streaming frame 239/2212
  ███████░░░░░░░░░░░░░░░░░░  31%  Streaming frame 240/2212
  ███████░░░░░░░░░░░░░░░░░░  31%  Streaming frame 241/2212
  ███████░░░░░░░░░░░░░░░░░░  31%  Streaming frame 242/2212
  ███████░░░░░░░░░░░░░░░░░░  31%  Streaming frame 243/2212
  ███████░░░░░░░░░░░░░░░░░░  31%  Streaming frame 244/2212
  ███████░░░░░░░░░░░░░░░░░░  31%  Streaming frame 245/2212
  ███████░░░░░░░░░░░░░░░░░░  31%  Streaming frame 246/2212
  ███████░░░░░░░░░░░░░░░░░░  31%  Streaming frame 247/2212
  ███████░░░░░░░░░░░░░░░░░░  31%  Streaming frame 248/2212
  ███████░░░░░░░░░░░░░░░░░░  31%  Streaming frame 249/2212
  ███████░░░░░░░░░░░░░░░░░░  31%  Streaming frame 250/2212
  ███████░░░░░░░░░░░░░░░░░░  31%  Streaming frame 251/2212
  ███████░░░░░░░░░░░░░░░░░░  31%  Streaming frame 252/2212
  ███████░░░░░░░░░░░░░░░░░░  31%  Streaming frame 253/2212
  ███████░░░░░░░░░░░░░░░░░░  31%  Streaming frame 254/2212
  ███████░░░░░░░░░░░░░░░░░░  31%  Streaming frame 255/2212
  ███████░░░░░░░░░░░░░░░░░░  31%  Streaming frame 256/2212
  ███████░░░░░░░░░░░░░░░░░░  31%  Streaming frame 257/2212
  ███████░░░░░░░░░░░░░░░░░░  31%  Streaming frame 258/2212
  ███████░░░░░░░░░░░░░░░░░░  31%  Streaming frame 259/2212
  ███████░░░░░░░░░░░░░░░░░░  31%  Streaming frame 260/2212
  ███████░░░░░░░░░░░░░░░░░░  31%  Streaming frame 261/2212
  ████████░░░░░░░░░░░░░░░░░  32%  Streaming frame 262/2212
  ████████░░░░░░░░░░░░░░░░░  32%  Streaming frame 263/2212
  ████████░░░░░░░░░░░░░░░░░  32%  Streaming frame 264/2212
  ████████░░░░░░░░░░░░░░░░░  32%  Streaming frame 265/2212
  ████████░░░░░░░░░░░░░░░░░  32%  Streaming frame 266/2212
  ████████░░░░░░░░░░░░░░░░░  32%  Streaming frame 267/2212
  ████████░░░░░░░░░░░░░░░░░  32%  Streaming frame 268/2212
  ████████░░░░░░░░░░░░░░░░░  32%  Streaming frame 269/2212
  ████████░░░░░░░░░░░░░░░░░  32%  Streaming frame 270/2212
  ████████░░░░░░░░░░░░░░░░░  32%  Streaming frame 271/2212
  ████████░░░░░░░░░░░░░░░░░  32%  Streaming frame 272/2212
  ████████░░░░░░░░░░░░░░░░░  32%  Streaming frame 273/2212
  ████████░░░░░░░░░░░░░░░░░  32%  Streaming frame 274/2212
  ████████░░░░░░░░░░░░░░░░░  32%  Streaming frame 275/2212
  ████████░░░░░░░░░░░░░░░░░  32%  Streaming frame 276/2212
  ████████░░░░░░░░░░░░░░░░░  32%  Streaming frame 277/2212
  ████████░░░░░░░░░░░░░░░░░  32%  Streaming frame 278/2212
  ████████░░░░░░░░░░░░░░░░░  32%  Streaming frame 279/2212
  ████████░░░░░░░░░░░░░░░░░  32%  Streaming frame 280/2212
  ████████░░░░░░░░░░░░░░░░░  32%  Streaming frame 281/2212
  ████████░░░░░░░░░░░░░░░░░  32%  Streaming frame 282/2212
  ████████░░░░░░░░░░░░░░░░░  32%  Streaming frame 283/2212
  ████████░░░░░░░░░░░░░░░░░  32%  Streaming frame 284/2212
  ████████░░░░░░░░░░░░░░░░░  32%  Streaming frame 285/2212
  ████████░░░░░░░░░░░░░░░░░  32%  Streaming frame 286/2212
  ████████░░░░░░░░░░░░░░░░░  32%  Streaming frame 287/2212
  ████████░░░░░░░░░░░░░░░░░  32%  Streaming frame 288/2212
  ████████░░░░░░░░░░░░░░░░░  32%  Streaming frame 289/2212
  ████████░░░░░░░░░░░░░░░░░  32%  Streaming frame 290/2212
  ████████░░░░░░░░░░░░░░░░░  32%  Streaming frame 291/2212
  ████████░░░░░░░░░░░░░░░░░  32%  Streaming frame 292/2212
  ████████░░░░░░░░░░░░░░░░░  32%  Streaming frame 293/2212
  ████████░░░░░░░░░░░░░░░░░  32%  Streaming frame 294/2212
  ████████░░░░░░░░░░░░░░░░░  32%  Streaming frame 295/2212
  ████████░░░░░░░░░░░░░░░░░  32%  Streaming frame 296/2212
  ████████░░░░░░░░░░░░░░░░░  32%  Streaming frame 297/2212
  ████████░░░░░░░░░░░░░░░░░  32%  Streaming frame 298/2212
  ████████░░░░░░░░░░░░░░░░░  32%  Streaming frame 299/2212
  ████████░░░░░░░░░░░░░░░░░  32%  Streaming frame 300/2212
  ████████░░░░░░░░░░░░░░░░░  32%  Streaming frame 301/2212
  ████████░░░░░░░░░░░░░░░░░  33%  Streaming frame 302/2212
  ████████░░░░░░░░░░░░░░░░░  33%  Streaming frame 303/2212
  ████████░░░░░░░░░░░░░░░░░  33%  Streaming frame 304/2212
  ████████░░░░░░░░░░░░░░░░░  33%  Streaming frame 305/2212
  ████████░░░░░░░░░░░░░░░░░  33%  Streaming frame 306/2212
  ████████░░░░░░░░░░░░░░░░░  33%  Streaming frame 307/2212
  ████████░░░░░░░░░░░░░░░░░  33%  Streaming frame 308/2212
  ████████░░░░░░░░░░░░░░░░░  33%  Streaming frame 309/2212
  ████████░░░░░░░░░░░░░░░░░  33%  Streaming frame 310/2212
  ████████░░░░░░░░░░░░░░░░░  33%  Streaming frame 311/2212
  ████████░░░░░░░░░░░░░░░░░  33%  Streaming frame 312/2212
  ████████░░░░░░░░░░░░░░░░░  33%  Streaming frame 313/2212
  ████████░░░░░░░░░░░░░░░░░  33%  Streaming frame 314/2212
  ████████░░░░░░░░░░░░░░░░░  33%  Streaming frame 315/2212
  ████████░░░░░░░░░░░░░░░░░  33%  Streaming frame 316/2212
  ████████░░░░░░░░░░░░░░░░░  33%  Streaming frame 317/2212
  ████████░░░░░░░░░░░░░░░░░  33%  Streaming frame 318/2212
  ████████░░░░░░░░░░░░░░░░░  33%  Streaming frame 319/2212
  ████████░░░░░░░░░░░░░░░░░  33%  Streaming frame 320/2212
  ████████░░░░░░░░░░░░░░░░░  33%  Streaming frame 321/2212
  ████████░░░░░░░░░░░░░░░░░  33%  Streaming frame 322/2212
  ████████░░░░░░░░░░░░░░░░░  33%  Streaming frame 323/2212
  ████████░░░░░░░░░░░░░░░░░  33%  Streaming frame 324/2212
  ████████░░░░░░░░░░░░░░░░░  33%  Streaming frame 325/2212
  ████████░░░░░░░░░░░░░░░░░  33%  Streaming frame 326/2212
  ████████░░░░░░░░░░░░░░░░░  33%  Streaming frame 327/2212
  ████████░░░░░░░░░░░░░░░░░  33%  Streaming frame 328/2212
  ████████░░░░░░░░░░░░░░░░░  33%  Streaming frame 329/2212
  ████████░░░░░░░░░░░░░░░░░  33%  Streaming frame 330/2212
  ████████░░░░░░░░░░░░░░░░░  33%  Streaming frame 331/2212
  ████████░░░░░░░░░░░░░░░░░  33%  Streaming frame 332/2212
  ████████░░░░░░░░░░░░░░░░░  33%  Streaming frame 333/2212
  ████████░░░░░░░░░░░░░░░░░  33%  Streaming frame 334/2212
  ████████░░░░░░░░░░░░░░░░░  33%  Streaming frame 335/2212
  ████████░░░░░░░░░░░░░░░░░  33%  Streaming frame 336/2212
  ████████░░░░░░░░░░░░░░░░░  33%  Streaming frame 337/2212
  ████████░░░░░░░░░░░░░░░░░  33%  Streaming frame 338/2212
  ████████░░░░░░░░░░░░░░░░░  33%  Streaming frame 339/2212
  ████████░░░░░░░░░░░░░░░░░  33%  Streaming frame 340/2212
  ████████░░░░░░░░░░░░░░░░░  33%  Streaming frame 341/2212
  ████████░░░░░░░░░░░░░░░░░  34%  Streaming frame 342/2212
  ████████░░░░░░░░░░░░░░░░░  34%  Streaming frame 343/2212
  ████████░░░░░░░░░░░░░░░░░  34%  Streaming frame 344/2212
  ████████░░░░░░░░░░░░░░░░░  34%  Streaming frame 345/2212
  ████████░░░░░░░░░░░░░░░░░  34%  Streaming frame 346/2212
  ████████░░░░░░░░░░░░░░░░░  34%  Streaming frame 347/2212
  ████████░░░░░░░░░░░░░░░░░  34%  Streaming frame 348/2212
  ████████░░░░░░░░░░░░░░░░░  34%  Streaming frame 349/2212
  ████████░░░░░░░░░░░░░░░░░  34%  Streaming frame 350/2212
  ████████░░░░░░░░░░░░░░░░░  34%  Streaming frame 351/2212
  ████████░░░░░░░░░░░░░░░░░  34%  Streaming frame 352/2212
  ████████░░░░░░░░░░░░░░░░░  34%  Streaming frame 353/2212
  ████████░░░░░░░░░░░░░░░░░  34%  Streaming frame 354/2212
  ████████░░░░░░░░░░░░░░░░░  34%  Streaming frame 355/2212
  ████████░░░░░░░░░░░░░░░░░  34%  Streaming frame 356/2212
  ████████░░░░░░░░░░░░░░░░░  34%  Streaming frame 357/2212
  ████████░░░░░░░░░░░░░░░░░  34%  Streaming frame 358/2212
  ████████░░░░░░░░░░░░░░░░░  34%  Streaming frame 359/2212
  ████████░░░░░░░░░░░░░░░░░  34%  Streaming frame 360/2212
  ████████░░░░░░░░░░░░░░░░░  34%  Streaming frame 361/2212
  ████████░░░░░░░░░░░░░░░░░  34%  Streaming frame 362/2212
  ████████░░░░░░░░░░░░░░░░░  34%  Streaming frame 363/2212
  ████████░░░░░░░░░░░░░░░░░  34%  Streaming frame 364/2212
  ████████░░░░░░░░░░░░░░░░░  34%  Streaming frame 365/2212
  ████████░░░░░░░░░░░░░░░░░  34%  Streaming frame 366/2212
  ████████░░░░░░░░░░░░░░░░░  34%  Streaming frame 367/2212
  ████████░░░░░░░░░░░░░░░░░  34%  Streaming frame 368/2212
  ████████░░░░░░░░░░░░░░░░░  34%  Streaming frame 369/2212
  ████████░░░░░░░░░░░░░░░░░  34%  Streaming frame 370/2212
  ████████░░░░░░░░░░░░░░░░░  34%  Streaming frame 371/2212
  ████████░░░░░░░░░░░░░░░░░  34%  Streaming frame 372/2212
  ████████░░░░░░░░░░░░░░░░░  34%  Streaming frame 373/2212
  ████████░░░░░░░░░░░░░░░░░  34%  Streaming frame 374/2212
  ████████░░░░░░░░░░░░░░░░░  34%  Streaming frame 375/2212
  ████████░░░░░░░░░░░░░░░░░  34%  Streaming frame 376/2212
  ████████░░░░░░░░░░░░░░░░░  34%  Streaming frame 377/2212
  ████████░░░░░░░░░░░░░░░░░  34%  Streaming frame 378/2212
  ████████░░░░░░░░░░░░░░░░░  34%  Streaming frame 379/2212
  ████████░░░░░░░░░░░░░░░░░  34%  Streaming frame 380/2212
  ████████░░░░░░░░░░░░░░░░░  34%  Streaming frame 381/2212
  ████████░░░░░░░░░░░░░░░░░  34%  Streaming frame 382/2212
  ████████░░░░░░░░░░░░░░░░░  35%  Streaming frame 383/2212
  ████████░░░░░░░░░░░░░░░░░  35%  Streaming frame 384/2212
  ████████░░░░░░░░░░░░░░░░░  35%  Streaming frame 385/2212
  ████████░░░░░░░░░░░░░░░░░  35%  Streaming frame 386/2212
  ████████░░░░░░░░░░░░░░░░░  35%  Streaming frame 387/2212
  ████████░░░░░░░░░░░░░░░░░  35%  Streaming frame 388/2212
  ████████░░░░░░░░░░░░░░░░░  35%  Streaming frame 389/2212
  ████████░░░░░░░░░░░░░░░░░  35%  Streaming frame 390/2212
  ████████░░░░░░░░░░░░░░░░░  35%  Streaming frame 391/2212
  ████████░░░░░░░░░░░░░░░░░  35%  Streaming frame 392/2212
  ████████░░░░░░░░░░░░░░░░░  35%  Streaming frame 393/2212
  ████████░░░░░░░░░░░░░░░░░  35%  Streaming frame 394/2212
  ████████░░░░░░░░░░░░░░░░░  35%  Streaming frame 395/2212
  ████████░░░░░░░░░░░░░░░░░  35%  Streaming frame 396/2212
  ████████░░░░░░░░░░░░░░░░░  35%  Streaming frame 397/2212
  ████████░░░░░░░░░░░░░░░░░  35%  Streaming frame 398/2212
  ████████░░░░░░░░░░░░░░░░░  35%  Streaming frame 399/2212
  ████████░░░░░░░░░░░░░░░░░  35%  Streaming frame 400/2212
  ████████░░░░░░░░░░░░░░░░░  35%  Streaming frame 401/2212
  ████████░░░░░░░░░░░░░░░░░  35%  Streaming frame 402/2212
  ████████░░░░░░░░░░░░░░░░░  35%  Streaming frame 403/2212
  ████████░░░░░░░░░░░░░░░░░  35%  Streaming frame 404/2212
  ████████░░░░░░░░░░░░░░░░░  35%  Streaming frame 405/2212
  ████████░░░░░░░░░░░░░░░░░  35%  Streaming frame 406/2212
  ████████░░░░░░░░░░░░░░░░░  35%  Streaming frame 407/2212
  ████████░░░░░░░░░░░░░░░░░  35%  Streaming frame 408/2212
  ████████░░░░░░░░░░░░░░░░░  35%  Streaming frame 409/2212
  ████████░░░░░░░░░░░░░░░░░  35%  Streaming frame 410/2212
  ████████░░░░░░░░░░░░░░░░░  35%  Streaming frame 411/2212
  ████████░░░░░░░░░░░░░░░░░  35%  Streaming frame 412/2212
  ████████░░░░░░░░░░░░░░░░░  35%  Streaming frame 413/2212
  ████████░░░░░░░░░░░░░░░░░  35%  Streaming frame 414/2212
  ████████░░░░░░░░░░░░░░░░░  35%  Streaming frame 415/2212
  ████████░░░░░░░░░░░░░░░░░  35%  Streaming frame 416/2212
  ████████░░░░░░░░░░░░░░░░░  35%  Streaming frame 417/2212
  ████████░░░░░░░░░░░░░░░░░  35%  Streaming frame 418/2212
  ████████░░░░░░░░░░░░░░░░░  35%  Streaming frame 419/2212
  ████████░░░░░░░░░░░░░░░░░  35%  Streaming frame 420/2212
  ████████░░░░░░░░░░░░░░░░░  35%  Streaming frame 421/2212
  ████████░░░░░░░░░░░░░░░░░  35%  Streaming frame 422/2212
  █████████░░░░░░░░░░░░░░░░  36%  Streaming frame 423/2212
  █████████░░░░░░░░░░░░░░░░  36%  Streaming frame 424/2212
  █████████░░░░░░░░░░░░░░░░  36%  Streaming frame 425/2212
  █████████░░░░░░░░░░░░░░░░  36%  Streaming frame 426/2212
  █████████░░░░░░░░░░░░░░░░  36%  Streaming frame 427/2212
  █████████░░░░░░░░░░░░░░░░  36%  Streaming frame 428/2212
  █████████░░░░░░░░░░░░░░░░  36%  Streaming frame 429/2212
  █████████░░░░░░░░░░░░░░░░  36%  Streaming frame 430/2212
  █████████░░░░░░░░░░░░░░░░  36%  Streaming frame 431/2212
  █████████░░░░░░░░░░░░░░░░  36%  Streaming frame 432/2212
  █████████░░░░░░░░░░░░░░░░  36%  Streaming frame 433/2212
  █████████░░░░░░░░░░░░░░░░  36%  Streaming frame 434/2212
  █████████░░░░░░░░░░░░░░░░  36%  Streaming frame 435/2212
  █████████░░░░░░░░░░░░░░░░  36%  Streaming frame 436/2212
  █████████░░░░░░░░░░░░░░░░  36%  Streaming frame 437/2212
  █████████░░░░░░░░░░░░░░░░  36%  Streaming frame 438/2212
  █████████░░░░░░░░░░░░░░░░  36%  Streaming frame 439/2212
  █████████░░░░░░░░░░░░░░░░  36%  Streaming frame 440/2212
  █████████░░░░░░░░░░░░░░░░  36%  Streaming frame 441/2212
  █████████░░░░░░░░░░░░░░░░  36%  Streaming frame 442/2212
  █████████░░░░░░░░░░░░░░░░  36%  Streaming frame 443/2212
  █████████░░░░░░░░░░░░░░░░  36%  Streaming frame 444/2212
  █████████░░░░░░░░░░░░░░░░  36%  Streaming frame 445/2212
  █████████░░░░░░░░░░░░░░░░  36%  Streaming frame 446/2212
  █████████░░░░░░░░░░░░░░░░  36%  Streaming frame 447/2212
  █████████░░░░░░░░░░░░░░░░  36%  Streaming frame 448/2212
  █████████░░░░░░░░░░░░░░░░  36%  Streaming frame 449/2212
  █████████░░░░░░░░░░░░░░░░  36%  Streaming frame 450/2212
  █████████░░░░░░░░░░░░░░░░  36%  Streaming frame 451/2212
  █████████░░░░░░░░░░░░░░░░  36%  Streaming frame 452/2212
  █████████░░░░░░░░░░░░░░░░  36%  Streaming frame 453/2212
  █████████░░░░░░░░░░░░░░░░  36%  Streaming frame 454/2212
  █████████░░░░░░░░░░░░░░░░  36%  Streaming frame 455/2212
  █████████░░░░░░░░░░░░░░░░  36%  Streaming frame 456/2212
  █████████░░░░░░░░░░░░░░░░  36%  Streaming frame 457/2212
  █████████░░░░░░░░░░░░░░░░  36%  Streaming frame 458/2212
  █████████░░░░░░░░░░░░░░░░  36%  Streaming frame 459/2212
  █████████░░░░░░░░░░░░░░░░  36%  Streaming frame 460/2212
  █████████░░░░░░░░░░░░░░░░  36%  Streaming frame 461/2212
  █████████░░░░░░░░░░░░░░░░  36%  Streaming frame 462/2212
  █████████░░░░░░░░░░░░░░░░  37%  Streaming frame 463/2212
  █████████░░░░░░░░░░░░░░░░  37%  Streaming frame 464/2212
  █████████░░░░░░░░░░░░░░░░  37%  Streaming frame 465/2212
  █████████░░░░░░░░░░░░░░░░  37%  Streaming frame 466/2212
  █████████░░░░░░░░░░░░░░░░  37%  Streaming frame 467/2212
  █████████░░░░░░░░░░░░░░░░  37%  Streaming frame 468/2212
  █████████░░░░░░░░░░░░░░░░  37%  Streaming frame 469/2212
  █████████░░░░░░░░░░░░░░░░  37%  Streaming frame 470/2212
  █████████░░░░░░░░░░░░░░░░  37%  Streaming frame 471/2212
  █████████░░░░░░░░░░░░░░░░  37%  Streaming frame 472/2212
  █████████░░░░░░░░░░░░░░░░  37%  Streaming frame 473/2212
  █████████░░░░░░░░░░░░░░░░  37%  Streaming frame 474/2212
  █████████░░░░░░░░░░░░░░░░  37%  Streaming frame 475/2212
  █████████░░░░░░░░░░░░░░░░  37%  Streaming frame 476/2212
  █████████░░░░░░░░░░░░░░░░  37%  Streaming frame 477/2212
  █████████░░░░░░░░░░░░░░░░  37%  Streaming frame 478/2212
  █████████░░░░░░░░░░░░░░░░  37%  Streaming frame 479/2212
  █████████░░░░░░░░░░░░░░░░  37%  Streaming frame 480/2212
  █████████░░░░░░░░░░░░░░░░  37%  Streaming frame 481/2212
  █████████░░░░░░░░░░░░░░░░  37%  Streaming frame 482/2212
  █████████░░░░░░░░░░░░░░░░  37%  Streaming frame 483/2212
  █████████░░░░░░░░░░░░░░░░  37%  Streaming frame 484/2212
  █████████░░░░░░░░░░░░░░░░  37%  Streaming frame 485/2212
  █████████░░░░░░░░░░░░░░░░  37%  Streaming frame 486/2212
  █████████░░░░░░░░░░░░░░░░  37%  Streaming frame 487/2212
  █████████░░░░░░░░░░░░░░░░  37%  Streaming frame 488/2212
  █████████░░░░░░░░░░░░░░░░  37%  Streaming frame 489/2212
  █████████░░░░░░░░░░░░░░░░  37%  Streaming frame 490/2212
  █████████░░░░░░░░░░░░░░░░  37%  Streaming frame 491/2212
  █████████░░░░░░░░░░░░░░░░  37%  Streaming frame 492/2212
  █████████░░░░░░░░░░░░░░░░  37%  Streaming frame 493/2212
  █████████░░░░░░░░░░░░░░░░  37%  Streaming frame 494/2212
  █████████░░░░░░░░░░░░░░░░  37%  Streaming frame 495/2212
  █████████░░░░░░░░░░░░░░░░  37%  Streaming frame 496/2212
  █████████░░░░░░░░░░░░░░░░  37%  Streaming frame 497/2212
  █████████░░░░░░░░░░░░░░░░  37%  Streaming frame 498/2212
  █████████░░░░░░░░░░░░░░░░  37%  Streaming frame 499/2212
  █████████░░░░░░░░░░░░░░░░  37%  Streaming frame 500/2212
  █████████░░░░░░░░░░░░░░░░  37%  Streaming frame 501/2212
  █████████░░░░░░░░░░░░░░░░  37%  Streaming frame 502/2212
  █████████░░░░░░░░░░░░░░░░  38%  Streaming frame 503/2212
  █████████░░░░░░░░░░░░░░░░  38%  Streaming frame 504/2212
  █████████░░░░░░░░░░░░░░░░  38%  Streaming frame 505/2212
  █████████░░░░░░░░░░░░░░░░  38%  Streaming frame 506/2212
  █████████░░░░░░░░░░░░░░░░  38%  Streaming frame 507/2212
  █████████░░░░░░░░░░░░░░░░  38%  Streaming frame 508/2212
  █████████░░░░░░░░░░░░░░░░  38%  Streaming frame 509/2212
  █████████░░░░░░░░░░░░░░░░  38%  Streaming frame 510/2212
  █████████░░░░░░░░░░░░░░░░  38%  Streaming frame 511/2212
  █████████░░░░░░░░░░░░░░░░  38%  Streaming frame 512/2212
  █████████░░░░░░░░░░░░░░░░  38%  Streaming frame 513/2212
  █████████░░░░░░░░░░░░░░░░  38%  Streaming frame 514/2212
  █████████░░░░░░░░░░░░░░░░  38%  Streaming frame 515/2212
  █████████░░░░░░░░░░░░░░░░  38%  Streaming frame 516/2212
  █████████░░░░░░░░░░░░░░░░  38%  Streaming frame 517/2212
  █████████░░░░░░░░░░░░░░░░  38%  Streaming frame 518/2212
  █████████░░░░░░░░░░░░░░░░  38%  Streaming frame 519/2212
  █████████░░░░░░░░░░░░░░░░  38%  Streaming frame 520/2212
  █████████░░░░░░░░░░░░░░░░  38%  Streaming frame 521/2212
  █████████░░░░░░░░░░░░░░░░  38%  Streaming frame 522/2212
  █████████░░░░░░░░░░░░░░░░  38%  Streaming frame 523/2212
  █████████░░░░░░░░░░░░░░░░  38%  Streaming frame 524/2212
  █████████░░░░░░░░░░░░░░░░  38%  Streaming frame 525/2212
  █████████░░░░░░░░░░░░░░░░  38%  Streaming frame 526/2212
  █████████░░░░░░░░░░░░░░░░  38%  Streaming frame 527/2212
  █████████░░░░░░░░░░░░░░░░  38%  Streaming frame 528/2212
  █████████░░░░░░░░░░░░░░░░  38%  Streaming frame 529/2212
  █████████░░░░░░░░░░░░░░░░  38%  Streaming frame 530/2212
  █████████░░░░░░░░░░░░░░░░  38%  Streaming frame 531/2212
  █████████░░░░░░░░░░░░░░░░  38%  Streaming frame 532/2212
  █████████░░░░░░░░░░░░░░░░  38%  Streaming frame 533/2212
  █████████░░░░░░░░░░░░░░░░  38%  Streaming frame 534/2212
  █████████░░░░░░░░░░░░░░░░  38%  Streaming frame 535/2212
  █████████░░░░░░░░░░░░░░░░  38%  Streaming frame 536/2212
  █████████░░░░░░░░░░░░░░░░  38%  Streaming frame 537/2212
  █████████░░░░░░░░░░░░░░░░  38%  Streaming frame 538/2212
  █████████░░░░░░░░░░░░░░░░  38%  Streaming frame 539/2212
  █████████░░░░░░░░░░░░░░░░  38%  Streaming frame 540/2212
  █████████░░░░░░░░░░░░░░░░  38%  Streaming frame 541/2212
  █████████░░░░░░░░░░░░░░░░  38%  Streaming frame 542/2212
  █████████░░░░░░░░░░░░░░░░  39%  Streaming frame 543/2212
  █████████░░░░░░░░░░░░░░░░  39%  Streaming frame 544/2212
  █████████░░░░░░░░░░░░░░░░  39%  Streaming frame 545/2212
  █████████░░░░░░░░░░░░░░░░  39%  Streaming frame 546/2212
  █████████░░░░░░░░░░░░░░░░  39%  Streaming frame 547/2212
  █████████░░░░░░░░░░░░░░░░  39%  Streaming frame 548/2212
  █████████░░░░░░░░░░░░░░░░  39%  Streaming frame 549/2212
  █████████░░░░░░░░░░░░░░░░  39%  Streaming frame 550/2212
  █████████░░░░░░░░░░░░░░░░  39%  Streaming frame 551/2212
  █████████░░░░░░░░░░░░░░░░  39%  Streaming frame 552/2212
  █████████░░░░░░░░░░░░░░░░  39%  Streaming frame 553/2212
[INFO] [Render] drawElement self-verify passed {"renderJobId":"e2fc0cb5-36e7-43cd-bfca-c679b624d538","frame":553,"psnrDb":"inf"}
  █████████░░░░░░░░░░░░░░░░  39%  Streaming frame 554/2212
  █████████░░░░░░░░░░░░░░░░  39%  Streaming frame 555/2212
  █████████░░░░░░░░░░░░░░░░  39%  Streaming frame 556/2212
  █████████░░░░░░░░░░░░░░░░  39%  Streaming frame 557/2212
  █████████░░░░░░░░░░░░░░░░  39%  Streaming frame 558/2212
  █████████░░░░░░░░░░░░░░░░  39%  Streaming frame 559/2212
  █████████░░░░░░░░░░░░░░░░  39%  Streaming frame 560/2212
  █████████░░░░░░░░░░░░░░░░  39%  Streaming frame 561/2212
  █████████░░░░░░░░░░░░░░░░  39%  Streaming frame 562/2212
  █████████░░░░░░░░░░░░░░░░  39%  Streaming frame 563/2212
  █████████░░░░░░░░░░░░░░░░  39%  Streaming frame 564/2212
  █████████░░░░░░░░░░░░░░░░  39%  Streaming frame 565/2212
  █████████░░░░░░░░░░░░░░░░  39%  Streaming frame 566/2212
  █████████░░░░░░░░░░░░░░░░  39%  Streaming frame 567/2212
  █████████░░░░░░░░░░░░░░░░  39%  Streaming frame 568/2212
  █████████░░░░░░░░░░░░░░░░  39%  Streaming frame 569/2212
  █████████░░░░░░░░░░░░░░░░  39%  Streaming frame 570/2212
  █████████░░░░░░░░░░░░░░░░  39%  Streaming frame 571/2212
  █████████░░░░░░░░░░░░░░░░  39%  Streaming frame 572/2212
  █████████░░░░░░░░░░░░░░░░  39%  Streaming frame 573/2212
  █████████░░░░░░░░░░░░░░░░  39%  Streaming frame 574/2212
  █████████░░░░░░░░░░░░░░░░  39%  Streaming frame 575/2212
  █████████░░░░░░░░░░░░░░░░  39%  Streaming frame 576/2212
  █████████░░░░░░░░░░░░░░░░  39%  Streaming frame 577/2212
  █████████░░░░░░░░░░░░░░░░  39%  Streaming frame 578/2212
  █████████░░░░░░░░░░░░░░░░  39%  Streaming frame 579/2212
  █████████░░░░░░░░░░░░░░░░  39%  Streaming frame 580/2212
  █████████░░░░░░░░░░░░░░░░  39%  Streaming frame 581/2212
  █████████░░░░░░░░░░░░░░░░  39%  Streaming frame 582/2212
  █████████░░░░░░░░░░░░░░░░  39%  Streaming frame 583/2212
  ██████████░░░░░░░░░░░░░░░  40%  Streaming frame 584/2212
  ██████████░░░░░░░░░░░░░░░  40%  Streaming frame 585/2212
  ██████████░░░░░░░░░░░░░░░  40%  Streaming frame 586/2212
  ██████████░░░░░░░░░░░░░░░  40%  Streaming frame 587/2212
  ██████████░░░░░░░░░░░░░░░  40%  Streaming frame 588/2212
  ██████████░░░░░░░░░░░░░░░  40%  Streaming frame 589/2212
  ██████████░░░░░░░░░░░░░░░  40%  Streaming frame 590/2212
  ██████████░░░░░░░░░░░░░░░  40%  Streaming frame 591/2212
  ██████████░░░░░░░░░░░░░░░  40%  Streaming frame 592/2212
  ██████████░░░░░░░░░░░░░░░  40%  Streaming frame 593/2212
  ██████████░░░░░░░░░░░░░░░  40%  Streaming frame 594/2212
  ██████████░░░░░░░░░░░░░░░  40%  Streaming frame 595/2212
  ██████████░░░░░░░░░░░░░░░  40%  Streaming frame 596/2212
  ██████████░░░░░░░░░░░░░░░  40%  Streaming frame 597/2212
  ██████████░░░░░░░░░░░░░░░  40%  Streaming frame 598/2212
  ██████████░░░░░░░░░░░░░░░  40%  Streaming frame 599/2212
  ██████████░░░░░░░░░░░░░░░  40%  Streaming frame 600/2212
  ██████████░░░░░░░░░░░░░░░  40%  Streaming frame 601/2212
  ██████████░░░░░░░░░░░░░░░  40%  Streaming frame 602/2212
  ██████████░░░░░░░░░░░░░░░  40%  Streaming frame 603/2212
  ██████████░░░░░░░░░░░░░░░  40%  Streaming frame 604/2212
  ██████████░░░░░░░░░░░░░░░  40%  Streaming frame 605/2212
  ██████████░░░░░░░░░░░░░░░  40%  Streaming frame 606/2212
  ██████████░░░░░░░░░░░░░░░  40%  Streaming frame 607/2212
  ██████████░░░░░░░░░░░░░░░  40%  Streaming frame 608/2212
  ██████████░░░░░░░░░░░░░░░  40%  Streaming frame 609/2212
  ██████████░░░░░░░░░░░░░░░  40%  Streaming frame 610/2212
  ██████████░░░░░░░░░░░░░░░  40%  Streaming frame 611/2212
  ██████████░░░░░░░░░░░░░░░  40%  Streaming frame 612/2212
  ██████████░░░░░░░░░░░░░░░  40%  Streaming frame 613/2212
  ██████████░░░░░░░░░░░░░░░  40%  Streaming frame 614/2212
  ██████████░░░░░░░░░░░░░░░  40%  Streaming frame 615/2212
  ██████████░░░░░░░░░░░░░░░  40%  Streaming frame 616/2212
  ██████████░░░░░░░░░░░░░░░  40%  Streaming frame 617/2212
  ██████████░░░░░░░░░░░░░░░  40%  Streaming frame 618/2212
  ██████████░░░░░░░░░░░░░░░  40%  Streaming frame 619/2212
  ██████████░░░░░░░░░░░░░░░  40%  Streaming frame 620/2212
  ██████████░░░░░░░░░░░░░░░  40%  Streaming frame 621/2212
  ██████████░░░░░░░░░░░░░░░  40%  Streaming frame 622/2212
  ██████████░░░░░░░░░░░░░░░  40%  Streaming frame 623/2212
  ██████████░░░░░░░░░░░░░░░  41%  Streaming frame 624/2212
  ██████████░░░░░░░░░░░░░░░  41%  Streaming frame 625/2212
  ██████████░░░░░░░░░░░░░░░  41%  Streaming frame 626/2212
  ██████████░░░░░░░░░░░░░░░  41%  Streaming frame 627/2212
  ██████████░░░░░░░░░░░░░░░  41%  Streaming frame 628/2212
  ██████████░░░░░░░░░░░░░░░  41%  Streaming frame 629/2212
  ██████████░░░░░░░░░░░░░░░  41%  Streaming frame 630/2212
  ██████████░░░░░░░░░░░░░░░  41%  Streaming frame 631/2212
  ██████████░░░░░░░░░░░░░░░  41%  Streaming frame 632/2212
  ██████████░░░░░░░░░░░░░░░  41%  Streaming frame 633/2212
  ██████████░░░░░░░░░░░░░░░  41%  Streaming frame 634/2212
  ██████████░░░░░░░░░░░░░░░  41%  Streaming frame 635/2212
  ██████████░░░░░░░░░░░░░░░  41%  Streaming frame 636/2212
  ██████████░░░░░░░░░░░░░░░  41%  Streaming frame 637/2212
  ██████████░░░░░░░░░░░░░░░  41%  Streaming frame 638/2212
  ██████████░░░░░░░░░░░░░░░  41%  Streaming frame 639/2212
  ██████████░░░░░░░░░░░░░░░  41%  Streaming frame 640/2212
  ██████████░░░░░░░░░░░░░░░  41%  Streaming frame 641/2212
  ██████████░░░░░░░░░░░░░░░  41%  Streaming frame 642/2212
  ██████████░░░░░░░░░░░░░░░  41%  Streaming frame 643/2212
  ██████████░░░░░░░░░░░░░░░  41%  Streaming frame 644/2212
  ██████████░░░░░░░░░░░░░░░  41%  Streaming frame 645/2212
  ██████████░░░░░░░░░░░░░░░  41%  Streaming frame 646/2212
  ██████████░░░░░░░░░░░░░░░  41%  Streaming frame 647/2212
  ██████████░░░░░░░░░░░░░░░  41%  Streaming frame 648/2212
  ██████████░░░░░░░░░░░░░░░  41%  Streaming frame 649/2212
  ██████████░░░░░░░░░░░░░░░  41%  Streaming frame 650/2212
  ██████████░░░░░░░░░░░░░░░  41%  Streaming frame 651/2212
  ██████████░░░░░░░░░░░░░░░  41%  Streaming frame 652/2212
  ██████████░░░░░░░░░░░░░░░  41%  Streaming frame 653/2212
  ██████████░░░░░░░░░░░░░░░  41%  Streaming frame 654/2212
  ██████████░░░░░░░░░░░░░░░  41%  Streaming frame 655/2212
  ██████████░░░░░░░░░░░░░░░  41%  Streaming frame 656/2212
  ██████████░░░░░░░░░░░░░░░  41%  Streaming frame 657/2212
  ██████████░░░░░░░░░░░░░░░  41%  Streaming frame 658/2212
  ██████████░░░░░░░░░░░░░░░  41%  Streaming frame 659/2212
  ██████████░░░░░░░░░░░░░░░  41%  Streaming frame 660/2212
  ██████████░░░░░░░░░░░░░░░  41%  Streaming frame 661/2212
  ██████████░░░░░░░░░░░░░░░  41%  Streaming frame 662/2212
  ██████████░░░░░░░░░░░░░░░  41%  Streaming frame 663/2212
  ██████████░░░░░░░░░░░░░░░  42%  Streaming frame 664/2212
  ██████████░░░░░░░░░░░░░░░  42%  Streaming frame 665/2212
  ██████████░░░░░░░░░░░░░░░  42%  Streaming frame 666/2212
  ██████████░░░░░░░░░░░░░░░  42%  Streaming frame 667/2212
  ██████████░░░░░░░░░░░░░░░  42%  Streaming frame 668/2212
  ██████████░░░░░░░░░░░░░░░  42%  Streaming frame 669/2212
  ██████████░░░░░░░░░░░░░░░  42%  Streaming frame 670/2212
  ██████████░░░░░░░░░░░░░░░  42%  Streaming frame 671/2212
  ██████████░░░░░░░░░░░░░░░  42%  Streaming frame 672/2212
  ██████████░░░░░░░░░░░░░░░  42%  Streaming frame 673/2212
  ██████████░░░░░░░░░░░░░░░  42%  Streaming frame 674/2212
  ██████████░░░░░░░░░░░░░░░  42%  Streaming frame 675/2212
  ██████████░░░░░░░░░░░░░░░  42%  Streaming frame 676/2212
  ██████████░░░░░░░░░░░░░░░  42%  Streaming frame 677/2212
  ██████████░░░░░░░░░░░░░░░  42%  Streaming frame 678/2212
  ██████████░░░░░░░░░░░░░░░  42%  Streaming frame 679/2212
  ██████████░░░░░░░░░░░░░░░  42%  Streaming frame 680/2212
  ██████████░░░░░░░░░░░░░░░  42%  Streaming frame 681/2212
  ██████████░░░░░░░░░░░░░░░  42%  Streaming frame 682/2212
  ██████████░░░░░░░░░░░░░░░  42%  Streaming frame 683/2212
  ██████████░░░░░░░░░░░░░░░  42%  Streaming frame 684/2212
  ██████████░░░░░░░░░░░░░░░  42%  Streaming frame 685/2212
  ██████████░░░░░░░░░░░░░░░  42%  Streaming frame 686/2212
  ██████████░░░░░░░░░░░░░░░  42%  Streaming frame 687/2212
  ██████████░░░░░░░░░░░░░░░  42%  Streaming frame 688/2212
  ██████████░░░░░░░░░░░░░░░  42%  Streaming frame 689/2212
  ██████████░░░░░░░░░░░░░░░  42%  Streaming frame 690/2212
  ██████████░░░░░░░░░░░░░░░  42%  Streaming frame 691/2212
  ██████████░░░░░░░░░░░░░░░  42%  Streaming frame 692/2212
  ██████████░░░░░░░░░░░░░░░  42%  Streaming frame 693/2212
  ██████████░░░░░░░░░░░░░░░  42%  Streaming frame 694/2212
  ██████████░░░░░░░░░░░░░░░  42%  Streaming frame 695/2212
  ██████████░░░░░░░░░░░░░░░  42%  Streaming frame 696/2212
  ██████████░░░░░░░░░░░░░░░  42%  Streaming frame 697/2212
  ██████████░░░░░░░░░░░░░░░  42%  Streaming frame 698/2212
  ██████████░░░░░░░░░░░░░░░  42%  Streaming frame 699/2212
  ██████████░░░░░░░░░░░░░░░  42%  Streaming frame 700/2212
  ██████████░░░░░░░░░░░░░░░  42%  Streaming frame 701/2212
  ██████████░░░░░░░░░░░░░░░  42%  Streaming frame 702/2212
  ██████████░░░░░░░░░░░░░░░  42%  Streaming frame 703/2212
  ██████████░░░░░░░░░░░░░░░  43%  Streaming frame 704/2212
  ██████████░░░░░░░░░░░░░░░  43%  Streaming frame 705/2212
  ██████████░░░░░░░░░░░░░░░  43%  Streaming frame 706/2212
  ██████████░░░░░░░░░░░░░░░  43%  Streaming frame 707/2212
  ██████████░░░░░░░░░░░░░░░  43%  Streaming frame 708/2212
  ██████████░░░░░░░░░░░░░░░  43%  Streaming frame 709/2212
  ██████████░░░░░░░░░░░░░░░  43%  Streaming frame 710/2212
  ██████████░░░░░░░░░░░░░░░  43%  Streaming frame 711/2212
  ██████████░░░░░░░░░░░░░░░  43%  Streaming frame 712/2212
  ██████████░░░░░░░░░░░░░░░  43%  Streaming frame 713/2212
  ██████████░░░░░░░░░░░░░░░  43%  Streaming frame 714/2212
  ██████████░░░░░░░░░░░░░░░  43%  Streaming frame 715/2212
  ██████████░░░░░░░░░░░░░░░  43%  Streaming frame 716/2212
  ██████████░░░░░░░░░░░░░░░  43%  Streaming frame 717/2212
  ██████████░░░░░░░░░░░░░░░  43%  Streaming frame 718/2212
  ██████████░░░░░░░░░░░░░░░  43%  Streaming frame 719/2212
  ██████████░░░░░░░░░░░░░░░  43%  Streaming frame 720/2212
  ██████████░░░░░░░░░░░░░░░  43%  Streaming frame 721/2212
  ██████████░░░░░░░░░░░░░░░  43%  Streaming frame 722/2212
  ██████████░░░░░░░░░░░░░░░  43%  Streaming frame 723/2212
  ██████████░░░░░░░░░░░░░░░  43%  Streaming frame 724/2212
  ██████████░░░░░░░░░░░░░░░  43%  Streaming frame 725/2212
  ██████████░░░░░░░░░░░░░░░  43%  Streaming frame 726/2212
  ██████████░░░░░░░░░░░░░░░  43%  Streaming frame 727/2212
  ██████████░░░░░░░░░░░░░░░  43%  Streaming frame 728/2212
  ██████████░░░░░░░░░░░░░░░  43%  Streaming frame 729/2212
  ██████████░░░░░░░░░░░░░░░  43%  Streaming frame 730/2212
  ██████████░░░░░░░░░░░░░░░  43%  Streaming frame 731/2212
  ██████████░░░░░░░░░░░░░░░  43%  Streaming frame 732/2212
  ██████████░░░░░░░░░░░░░░░  43%  Streaming frame 733/2212
  ██████████░░░░░░░░░░░░░░░  43%  Streaming frame 734/2212
  ██████████░░░░░░░░░░░░░░░  43%  Streaming frame 735/2212
  ██████████░░░░░░░░░░░░░░░  43%  Streaming frame 736/2212
  ██████████░░░░░░░░░░░░░░░  43%  Streaming frame 737/2212
  ██████████░░░░░░░░░░░░░░░  43%  Streaming frame 738/2212
  ██████████░░░░░░░░░░░░░░░  43%  Streaming frame 739/2212
  ██████████░░░░░░░░░░░░░░░  43%  Streaming frame 740/2212
  ██████████░░░░░░░░░░░░░░░  43%  Streaming frame 741/2212
  ██████████░░░░░░░░░░░░░░░  43%  Streaming frame 742/2212
  ██████████░░░░░░░░░░░░░░░  43%  Streaming frame 743/2212
  ██████████░░░░░░░░░░░░░░░  43%  Streaming frame 744/2212
  ███████████░░░░░░░░░░░░░░  44%  Streaming frame 745/2212
  ███████████░░░░░░░░░░░░░░  44%  Streaming frame 746/2212
  ███████████░░░░░░░░░░░░░░  44%  Streaming frame 747/2212
  ███████████░░░░░░░░░░░░░░  44%  Streaming frame 748/2212
  ███████████░░░░░░░░░░░░░░  44%  Streaming frame 749/2212
  ███████████░░░░░░░░░░░░░░  44%  Streaming frame 750/2212
  ███████████░░░░░░░░░░░░░░  44%  Streaming frame 751/2212
  ███████████░░░░░░░░░░░░░░  44%  Streaming frame 752/2212
  ███████████░░░░░░░░░░░░░░  44%  Streaming frame 753/2212
  ███████████░░░░░░░░░░░░░░  44%  Streaming frame 754/2212
  ███████████░░░░░░░░░░░░░░  44%  Streaming frame 755/2212
  ███████████░░░░░░░░░░░░░░  44%  Streaming frame 756/2212
  ███████████░░░░░░░░░░░░░░  44%  Streaming frame 757/2212
  ███████████░░░░░░░░░░░░░░  44%  Streaming frame 758/2212
  ███████████░░░░░░░░░░░░░░  44%  Streaming frame 759/2212
  ███████████░░░░░░░░░░░░░░  44%  Streaming frame 760/2212
  ███████████░░░░░░░░░░░░░░  44%  Streaming frame 761/2212
  ███████████░░░░░░░░░░░░░░  44%  Streaming frame 762/2212
  ███████████░░░░░░░░░░░░░░  44%  Streaming frame 763/2212
  ███████████░░░░░░░░░░░░░░  44%  Streaming frame 764/2212
  ███████████░░░░░░░░░░░░░░  44%  Streaming frame 765/2212
  ███████████░░░░░░░░░░░░░░  44%  Streaming frame 766/2212
  ███████████░░░░░░░░░░░░░░  44%  Streaming frame 767/2212
  ███████████░░░░░░░░░░░░░░  44%  Streaming frame 768/2212
  ███████████░░░░░░░░░░░░░░  44%  Streaming frame 769/2212
  ███████████░░░░░░░░░░░░░░  44%  Streaming frame 770/2212
  ███████████░░░░░░░░░░░░░░  44%  Streaming frame 771/2212
  ███████████░░░░░░░░░░░░░░  44%  Streaming frame 772/2212
  ███████████░░░░░░░░░░░░░░  44%  Streaming frame 773/2212
  ███████████░░░░░░░░░░░░░░  44%  Streaming frame 774/2212
  ███████████░░░░░░░░░░░░░░  44%  Streaming frame 775/2212
  ███████████░░░░░░░░░░░░░░  44%  Streaming frame 776/2212
  ███████████░░░░░░░░░░░░░░  44%  Streaming frame 777/2212
  ███████████░░░░░░░░░░░░░░  44%  Streaming frame 778/2212
  ███████████░░░░░░░░░░░░░░  44%  Streaming frame 779/2212
  ███████████░░░░░░░░░░░░░░  44%  Streaming frame 780/2212
  ███████████░░░░░░░░░░░░░░  44%  Streaming frame 781/2212
  ███████████░░░░░░░░░░░░░░  44%  Streaming frame 782/2212
  ███████████░░░░░░░░░░░░░░  44%  Streaming frame 783/2212
  ███████████░░░░░░░░░░░░░░  44%  Streaming frame 784/2212
  ███████████░░░░░░░░░░░░░░  45%  Streaming frame 785/2212
  ███████████░░░░░░░░░░░░░░  45%  Streaming frame 786/2212
  ███████████░░░░░░░░░░░░░░  45%  Streaming frame 787/2212
  ███████████░░░░░░░░░░░░░░  45%  Streaming frame 788/2212
  ███████████░░░░░░░░░░░░░░  45%  Streaming frame 789/2212
  ███████████░░░░░░░░░░░░░░  45%  Streaming frame 790/2212
  ███████████░░░░░░░░░░░░░░  45%  Streaming frame 791/2212
  ███████████░░░░░░░░░░░░░░  45%  Streaming frame 792/2212
  ███████████░░░░░░░░░░░░░░  45%  Streaming frame 793/2212
  ███████████░░░░░░░░░░░░░░  45%  Streaming frame 794/2212
  ███████████░░░░░░░░░░░░░░  45%  Streaming frame 795/2212
  ███████████░░░░░░░░░░░░░░  45%  Streaming frame 796/2212
  ███████████░░░░░░░░░░░░░░  45%  Streaming frame 797/2212
  ███████████░░░░░░░░░░░░░░  45%  Streaming frame 798/2212
  ███████████░░░░░░░░░░░░░░  45%  Streaming frame 799/2212
  ███████████░░░░░░░░░░░░░░  45%  Streaming frame 800/2212
  ███████████░░░░░░░░░░░░░░  45%  Streaming frame 801/2212
  ███████████░░░░░░░░░░░░░░  45%  Streaming frame 802/2212
  ███████████░░░░░░░░░░░░░░  45%  Streaming frame 803/2212
  ███████████░░░░░░░░░░░░░░  45%  Streaming frame 804/2212
  ███████████░░░░░░░░░░░░░░  45%  Streaming frame 805/2212
  ███████████░░░░░░░░░░░░░░  45%  Streaming frame 806/2212
  ███████████░░░░░░░░░░░░░░  45%  Streaming frame 807/2212
  ███████████░░░░░░░░░░░░░░  45%  Streaming frame 808/2212
  ███████████░░░░░░░░░░░░░░  45%  Streaming frame 809/2212
  ███████████░░░░░░░░░░░░░░  45%  Streaming frame 810/2212
  ███████████░░░░░░░░░░░░░░  45%  Streaming frame 811/2212
  ███████████░░░░░░░░░░░░░░  45%  Streaming frame 812/2212
  ███████████░░░░░░░░░░░░░░  45%  Streaming frame 813/2212
  ███████████░░░░░░░░░░░░░░  45%  Streaming frame 814/2212
  ███████████░░░░░░░░░░░░░░  45%  Streaming frame 815/2212
  ███████████░░░░░░░░░░░░░░  45%  Streaming frame 816/2212
  ███████████░░░░░░░░░░░░░░  45%  Streaming frame 817/2212
  ███████████░░░░░░░░░░░░░░  45%  Streaming frame 818/2212
  ███████████░░░░░░░░░░░░░░  45%  Streaming frame 819/2212
  ███████████░░░░░░░░░░░░░░  45%  Streaming frame 820/2212
  ███████████░░░░░░░░░░░░░░  45%  Streaming frame 821/2212
  ███████████░░░░░░░░░░░░░░  45%  Streaming frame 822/2212
  ███████████░░░░░░░░░░░░░░  45%  Streaming frame 823/2212
  ███████████░░░░░░░░░░░░░░  45%  Streaming frame 824/2212
  ███████████░░░░░░░░░░░░░░  46%  Streaming frame 825/2212
  ███████████░░░░░░░░░░░░░░  46%  Streaming frame 826/2212
  ███████████░░░░░░░░░░░░░░  46%  Streaming frame 827/2212
  ███████████░░░░░░░░░░░░░░  46%  Streaming frame 828/2212
  ███████████░░░░░░░░░░░░░░  46%  Streaming frame 829/2212
  ███████████░░░░░░░░░░░░░░  46%  Streaming frame 830/2212
  ███████████░░░░░░░░░░░░░░  46%  Streaming frame 831/2212
  ███████████░░░░░░░░░░░░░░  46%  Streaming frame 832/2212
  ███████████░░░░░░░░░░░░░░  46%  Streaming frame 833/2212
  ███████████░░░░░░░░░░░░░░  46%  Streaming frame 834/2212
  ███████████░░░░░░░░░░░░░░  46%  Streaming frame 835/2212
  ███████████░░░░░░░░░░░░░░  46%  Streaming frame 836/2212
  ███████████░░░░░░░░░░░░░░  46%  Streaming frame 837/2212
  ███████████░░░░░░░░░░░░░░  46%  Streaming frame 838/2212
  ███████████░░░░░░░░░░░░░░  46%  Streaming frame 839/2212
  ███████████░░░░░░░░░░░░░░  46%  Streaming frame 840/2212
  ███████████░░░░░░░░░░░░░░  46%  Streaming frame 841/2212
  ███████████░░░░░░░░░░░░░░  46%  Streaming frame 842/2212
  ███████████░░░░░░░░░░░░░░  46%  Streaming frame 843/2212
  ███████████░░░░░░░░░░░░░░  46%  Streaming frame 844/2212
  ███████████░░░░░░░░░░░░░░  46%  Streaming frame 845/2212
  ███████████░░░░░░░░░░░░░░  46%  Streaming frame 846/2212
  ███████████░░░░░░░░░░░░░░  46%  Streaming frame 847/2212
  ███████████░░░░░░░░░░░░░░  46%  Streaming frame 848/2212
  ███████████░░░░░░░░░░░░░░  46%  Streaming frame 849/2212
  ███████████░░░░░░░░░░░░░░  46%  Streaming frame 850/2212
  ███████████░░░░░░░░░░░░░░  46%  Streaming frame 851/2212
  ███████████░░░░░░░░░░░░░░  46%  Streaming frame 852/2212
  ███████████░░░░░░░░░░░░░░  46%  Streaming frame 853/2212
  ███████████░░░░░░░░░░░░░░  46%  Streaming frame 854/2212
  ███████████░░░░░░░░░░░░░░  46%  Streaming frame 855/2212
  ███████████░░░░░░░░░░░░░░  46%  Streaming frame 856/2212
  ███████████░░░░░░░░░░░░░░  46%  Streaming frame 857/2212
  ███████████░░░░░░░░░░░░░░  46%  Streaming frame 858/2212
  ███████████░░░░░░░░░░░░░░  46%  Streaming frame 859/2212
  ███████████░░░░░░░░░░░░░░  46%  Streaming frame 860/2212
  ███████████░░░░░░░░░░░░░░  46%  Streaming frame 861/2212
  ███████████░░░░░░░░░░░░░░  46%  Streaming frame 862/2212
  ███████████░░░░░░░░░░░░░░  46%  Streaming frame 863/2212
  ███████████░░░░░░░░░░░░░░  46%  Streaming frame 864/2212
  ███████████░░░░░░░░░░░░░░  47%  Streaming frame 865/2212
  ███████████░░░░░░░░░░░░░░  47%  Streaming frame 866/2212
  ███████████░░░░░░░░░░░░░░  47%  Streaming frame 867/2212
  ███████████░░░░░░░░░░░░░░  47%  Streaming frame 868/2212
  ███████████░░░░░░░░░░░░░░  47%  Streaming frame 869/2212
  ███████████░░░░░░░░░░░░░░  47%  Streaming frame 870/2212
  ███████████░░░░░░░░░░░░░░  47%  Streaming frame 871/2212
  ███████████░░░░░░░░░░░░░░  47%  Streaming frame 872/2212
  ███████████░░░░░░░░░░░░░░  47%  Streaming frame 873/2212
  ███████████░░░░░░░░░░░░░░  47%  Streaming frame 874/2212
  ███████████░░░░░░░░░░░░░░  47%  Streaming frame 875/2212
  ███████████░░░░░░░░░░░░░░  47%  Streaming frame 876/2212
  ███████████░░░░░░░░░░░░░░  47%  Streaming frame 877/2212
  ███████████░░░░░░░░░░░░░░  47%  Streaming frame 878/2212
  ███████████░░░░░░░░░░░░░░  47%  Streaming frame 879/2212
  ███████████░░░░░░░░░░░░░░  47%  Streaming frame 880/2212
  ███████████░░░░░░░░░░░░░░  47%  Streaming frame 881/2212
  ███████████░░░░░░░░░░░░░░  47%  Streaming frame 882/2212
  ███████████░░░░░░░░░░░░░░  47%  Streaming frame 883/2212
  ███████████░░░░░░░░░░░░░░  47%  Streaming frame 884/2212
  ███████████░░░░░░░░░░░░░░  47%  Streaming frame 885/2212
  ███████████░░░░░░░░░░░░░░  47%  Streaming frame 886/2212
  ███████████░░░░░░░░░░░░░░  47%  Streaming frame 887/2212
  ███████████░░░░░░░░░░░░░░  47%  Streaming frame 888/2212
  ███████████░░░░░░░░░░░░░░  47%  Streaming frame 889/2212
  ███████████░░░░░░░░░░░░░░  47%  Streaming frame 890/2212
  ███████████░░░░░░░░░░░░░░  47%  Streaming frame 891/2212
  ███████████░░░░░░░░░░░░░░  47%  Streaming frame 892/2212
  ███████████░░░░░░░░░░░░░░  47%  Streaming frame 893/2212
  ███████████░░░░░░░░░░░░░░  47%  Streaming frame 894/2212
  ███████████░░░░░░░░░░░░░░  47%  Streaming frame 895/2212
  ███████████░░░░░░░░░░░░░░  47%  Streaming frame 896/2212
  ███████████░░░░░░░░░░░░░░  47%  Streaming frame 897/2212
  ███████████░░░░░░░░░░░░░░  47%  Streaming frame 898/2212
  ███████████░░░░░░░░░░░░░░  47%  Streaming frame 899/2212
  ███████████░░░░░░░░░░░░░░  47%  Streaming frame 900/2212
  ███████████░░░░░░░░░░░░░░  47%  Streaming frame 901/2212
  ███████████░░░░░░░░░░░░░░  47%  Streaming frame 902/2212
  ███████████░░░░░░░░░░░░░░  47%  Streaming frame 903/2212
  ███████████░░░░░░░░░░░░░░  47%  Streaming frame 904/2212
  ████████████░░░░░░░░░░░░░  48%  Streaming frame 905/2212
  ████████████░░░░░░░░░░░░░  48%  Streaming frame 906/2212
  ████████████░░░░░░░░░░░░░  48%  Streaming frame 907/2212
  ████████████░░░░░░░░░░░░░  48%  Streaming frame 908/2212
  ████████████░░░░░░░░░░░░░  48%  Streaming frame 909/2212
  ████████████░░░░░░░░░░░░░  48%  Streaming frame 910/2212
  ████████████░░░░░░░░░░░░░  48%  Streaming frame 911/2212
  ████████████░░░░░░░░░░░░░  48%  Streaming frame 912/2212
  ████████████░░░░░░░░░░░░░  48%  Streaming frame 913/2212
  ████████████░░░░░░░░░░░░░  48%  Streaming frame 914/2212
  ████████████░░░░░░░░░░░░░  48%  Streaming frame 915/2212
  ████████████░░░░░░░░░░░░░  48%  Streaming frame 916/2212
  ████████████░░░░░░░░░░░░░  48%  Streaming frame 917/2212
  ████████████░░░░░░░░░░░░░  48%  Streaming frame 918/2212
  ████████████░░░░░░░░░░░░░  48%  Streaming frame 919/2212
  ████████████░░░░░░░░░░░░░  48%  Streaming frame 920/2212
  ████████████░░░░░░░░░░░░░  48%  Streaming frame 921/2212
  ████████████░░░░░░░░░░░░░  48%  Streaming frame 922/2212
  ████████████░░░░░░░░░░░░░  48%  Streaming frame 923/2212
  ████████████░░░░░░░░░░░░░  48%  Streaming frame 924/2212
  ████████████░░░░░░░░░░░░░  48%  Streaming frame 925/2212
  ████████████░░░░░░░░░░░░░  48%  Streaming frame 926/2212
  ████████████░░░░░░░░░░░░░  48%  Streaming frame 927/2212
  ████████████░░░░░░░░░░░░░  48%  Streaming frame 928/2212
  ████████████░░░░░░░░░░░░░  48%  Streaming frame 929/2212
  ████████████░░░░░░░░░░░░░  48%  Streaming frame 930/2212
  ████████████░░░░░░░░░░░░░  48%  Streaming frame 931/2212
  ████████████░░░░░░░░░░░░░  48%  Streaming frame 932/2212
  ████████████░░░░░░░░░░░░░  48%  Streaming frame 933/2212
  ████████████░░░░░░░░░░░░░  48%  Streaming frame 934/2212
  ████████████░░░░░░░░░░░░░  48%  Streaming frame 935/2212
  ████████████░░░░░░░░░░░░░  48%  Streaming frame 936/2212
  ████████████░░░░░░░░░░░░░  48%  Streaming frame 937/2212
  ████████████░░░░░░░░░░░░░  48%  Streaming frame 938/2212
  ████████████░░░░░░░░░░░░░  48%  Streaming frame 939/2212
  ████████████░░░░░░░░░░░░░  48%  Streaming frame 940/2212
  ████████████░░░░░░░░░░░░░  48%  Streaming frame 941/2212
  ████████████░░░░░░░░░░░░░  48%  Streaming frame 942/2212
  ████████████░░░░░░░░░░░░░  48%  Streaming frame 943/2212
  ████████████░░░░░░░░░░░░░  48%  Streaming frame 944/2212
  ████████████░░░░░░░░░░░░░  48%  Streaming frame 945/2212
  ████████████░░░░░░░░░░░░░  49%  Streaming frame 946/2212
  ████████████░░░░░░░░░░░░░  49%  Streaming frame 947/2212
  ████████████░░░░░░░░░░░░░  49%  Streaming frame 948/2212
  ████████████░░░░░░░░░░░░░  49%  Streaming frame 949/2212
  ████████████░░░░░░░░░░░░░  49%  Streaming frame 950/2212
  ████████████░░░░░░░░░░░░░  49%  Streaming frame 951/2212
  ████████████░░░░░░░░░░░░░  49%  Streaming frame 952/2212
  ████████████░░░░░░░░░░░░░  49%  Streaming frame 953/2212
  ████████████░░░░░░░░░░░░░  49%  Streaming frame 954/2212
  ████████████░░░░░░░░░░░░░  49%  Streaming frame 955/2212
  ████████████░░░░░░░░░░░░░  49%  Streaming frame 956/2212
  ████████████░░░░░░░░░░░░░  49%  Streaming frame 957/2212
  ████████████░░░░░░░░░░░░░  49%  Streaming frame 958/2212
  ████████████░░░░░░░░░░░░░  49%  Streaming frame 959/2212
  ████████████░░░░░░░░░░░░░  49%  Streaming frame 960/2212
  ████████████░░░░░░░░░░░░░  49%  Streaming frame 961/2212
  ████████████░░░░░░░░░░░░░  49%  Streaming frame 962/2212
  ████████████░░░░░░░░░░░░░  49%  Streaming frame 963/2212
  ████████████░░░░░░░░░░░░░  49%  Streaming frame 964/2212
  ████████████░░░░░░░░░░░░░  49%  Streaming frame 965/2212
  ████████████░░░░░░░░░░░░░  49%  Streaming frame 966/2212
  ████████████░░░░░░░░░░░░░  49%  Streaming frame 967/2212
  ████████████░░░░░░░░░░░░░  49%  Streaming frame 968/2212
  ████████████░░░░░░░░░░░░░  49%  Streaming frame 969/2212
  ████████████░░░░░░░░░░░░░  49%  Streaming frame 970/2212
  ████████████░░░░░░░░░░░░░  49%  Streaming frame 971/2212
  ████████████░░░░░░░░░░░░░  49%  Streaming frame 972/2212
  ████████████░░░░░░░░░░░░░  49%  Streaming frame 973/2212
  ████████████░░░░░░░░░░░░░  49%  Streaming frame 974/2212
  ████████████░░░░░░░░░░░░░  49%  Streaming frame 975/2212
  ████████████░░░░░░░░░░░░░  49%  Streaming frame 976/2212
  ████████████░░░░░░░░░░░░░  49%  Streaming frame 977/2212
  ████████████░░░░░░░░░░░░░  49%  Streaming frame 978/2212
  ████████████░░░░░░░░░░░░░  49%  Streaming frame 979/2212
  ████████████░░░░░░░░░░░░░  49%  Streaming frame 980/2212
  ████████████░░░░░░░░░░░░░  49%  Streaming frame 981/2212
  ████████████░░░░░░░░░░░░░  49%  Streaming frame 982/2212
  ████████████░░░░░░░░░░░░░  49%  Streaming frame 983/2212
  ████████████░░░░░░░░░░░░░  49%  Streaming frame 984/2212
  ████████████░░░░░░░░░░░░░  49%  Streaming frame 985/2212
  ████████████░░░░░░░░░░░░░  50%  Streaming frame 986/2212
  ████████████░░░░░░░░░░░░░  50%  Streaming frame 987/2212
  ████████████░░░░░░░░░░░░░  50%  Streaming frame 988/2212
  ████████████░░░░░░░░░░░░░  50%  Streaming frame 989/2212
  ████████████░░░░░░░░░░░░░  50%  Streaming frame 990/2212
  ████████████░░░░░░░░░░░░░  50%  Streaming frame 991/2212
  ████████████░░░░░░░░░░░░░  50%  Streaming frame 992/2212
  ████████████░░░░░░░░░░░░░  50%  Streaming frame 993/2212
  ████████████░░░░░░░░░░░░░  50%  Streaming frame 994/2212
  ████████████░░░░░░░░░░░░░  50%  Streaming frame 995/2212
  ████████████░░░░░░░░░░░░░  50%  Streaming frame 996/2212
  ████████████░░░░░░░░░░░░░  50%  Streaming frame 997/2212
  ████████████░░░░░░░░░░░░░  50%  Streaming frame 998/2212
  ████████████░░░░░░░░░░░░░  50%  Streaming frame 999/2212
  ████████████░░░░░░░░░░░░░  50%  Streaming frame 1000/2212
  ████████████░░░░░░░░░░░░░  50%  Streaming frame 1001/2212
  ████████████░░░░░░░░░░░░░  50%  Streaming frame 1002/2212
  ████████████░░░░░░░░░░░░░  50%  Streaming frame 1003/2212
  ████████████░░░░░░░░░░░░░  50%  Streaming frame 1004/2212
  ████████████░░░░░░░░░░░░░  50%  Streaming frame 1005/2212
  ████████████░░░░░░░░░░░░░  50%  Streaming frame 1006/2212
  ████████████░░░░░░░░░░░░░  50%  Streaming frame 1007/2212
  ████████████░░░░░░░░░░░░░  50%  Streaming frame 1008/2212
  ████████████░░░░░░░░░░░░░  50%  Streaming frame 1009/2212
  ████████████░░░░░░░░░░░░░  50%  Streaming frame 1010/2212
  ████████████░░░░░░░░░░░░░  50%  Streaming frame 1011/2212
  ████████████░░░░░░░░░░░░░  50%  Streaming frame 1012/2212
  ████████████░░░░░░░░░░░░░  50%  Streaming frame 1013/2212
  ████████████░░░░░░░░░░░░░  50%  Streaming frame 1014/2212
  ████████████░░░░░░░░░░░░░  50%  Streaming frame 1015/2212
  ████████████░░░░░░░░░░░░░  50%  Streaming frame 1016/2212
  ████████████░░░░░░░░░░░░░  50%  Streaming frame 1017/2212
  ████████████░░░░░░░░░░░░░  50%  Streaming frame 1018/2212
  ████████████░░░░░░░░░░░░░  50%  Streaming frame 1019/2212
  ████████████░░░░░░░░░░░░░  50%  Streaming frame 1020/2212
  ████████████░░░░░░░░░░░░░  50%  Streaming frame 1021/2212
  ████████████░░░░░░░░░░░░░  50%  Streaming frame 1022/2212
  ████████████░░░░░░░░░░░░░  50%  Streaming frame 1023/2212
  ████████████░░░░░░░░░░░░░  50%  Streaming frame 1024/2212
  ████████████░░░░░░░░░░░░░  50%  Streaming frame 1025/2212
  ████████████░░░░░░░░░░░░░  51%  Streaming frame 1026/2212
  ████████████░░░░░░░░░░░░░  51%  Streaming frame 1027/2212
  ████████████░░░░░░░░░░░░░  51%  Streaming frame 1028/2212
  ████████████░░░░░░░░░░░░░  51%  Streaming frame 1029/2212
  ████████████░░░░░░░░░░░░░  51%  Streaming frame 1030/2212
  ████████████░░░░░░░░░░░░░  51%  Streaming frame 1031/2212
  ████████████░░░░░░░░░░░░░  51%  Streaming frame 1032/2212
  ████████████░░░░░░░░░░░░░  51%  Streaming frame 1033/2212
  ████████████░░░░░░░░░░░░░  51%  Streaming frame 1034/2212
  ████████████░░░░░░░░░░░░░  51%  Streaming frame 1035/2212
  ████████████░░░░░░░░░░░░░  51%  Streaming frame 1036/2212
  ████████████░░░░░░░░░░░░░  51%  Streaming frame 1037/2212
  ████████████░░░░░░░░░░░░░  51%  Streaming frame 1038/2212
  ████████████░░░░░░░░░░░░░  51%  Streaming frame 1039/2212
  ████████████░░░░░░░░░░░░░  51%  Streaming frame 1040/2212
  ████████████░░░░░░░░░░░░░  51%  Streaming frame 1041/2212
  ████████████░░░░░░░░░░░░░  51%  Streaming frame 1042/2212
  ████████████░░░░░░░░░░░░░  51%  Streaming frame 1043/2212
  ████████████░░░░░░░░░░░░░  51%  Streaming frame 1044/2212
  ████████████░░░░░░░░░░░░░  51%  Streaming frame 1045/2212
  ████████████░░░░░░░░░░░░░  51%  Streaming frame 1046/2212
  ████████████░░░░░░░░░░░░░  51%  Streaming frame 1047/2212
  ████████████░░░░░░░░░░░░░  51%  Streaming frame 1048/2212
  ████████████░░░░░░░░░░░░░  51%  Streaming frame 1049/2212
  ████████████░░░░░░░░░░░░░  51%  Streaming frame 1050/2212
  ████████████░░░░░░░░░░░░░  51%  Streaming frame 1051/2212
  ████████████░░░░░░░░░░░░░  51%  Streaming frame 1052/2212
  ████████████░░░░░░░░░░░░░  51%  Streaming frame 1053/2212
  ████████████░░░░░░░░░░░░░  51%  Streaming frame 1054/2212
  ████████████░░░░░░░░░░░░░  51%  Streaming frame 1055/2212
  ████████████░░░░░░░░░░░░░  51%  Streaming frame 1056/2212
  ████████████░░░░░░░░░░░░░  51%  Streaming frame 1057/2212
  ████████████░░░░░░░░░░░░░  51%  Streaming frame 1058/2212
  ████████████░░░░░░░░░░░░░  51%  Streaming frame 1059/2212
  ████████████░░░░░░░░░░░░░  51%  Streaming frame 1060/2212
  ████████████░░░░░░░░░░░░░  51%  Streaming frame 1061/2212
  ████████████░░░░░░░░░░░░░  51%  Streaming frame 1062/2212
  ████████████░░░░░░░░░░░░░  51%  Streaming frame 1063/2212
  ████████████░░░░░░░░░░░░░  51%  Streaming frame 1064/2212
  ████████████░░░░░░░░░░░░░  51%  Streaming frame 1065/2212
  █████████████░░░░░░░░░░░░  52%  Streaming frame 1066/2212
  █████████████░░░░░░░░░░░░  52%  Streaming frame 1067/2212
  █████████████░░░░░░░░░░░░  52%  Streaming frame 1068/2212
  █████████████░░░░░░░░░░░░  52%  Streaming frame 1069/2212
  █████████████░░░░░░░░░░░░  52%  Streaming frame 1070/2212
  █████████████░░░░░░░░░░░░  52%  Streaming frame 1071/2212
  █████████████░░░░░░░░░░░░  52%  Streaming frame 1072/2212
  █████████████░░░░░░░░░░░░  52%  Streaming frame 1073/2212
  █████████████░░░░░░░░░░░░  52%  Streaming frame 1074/2212
  █████████████░░░░░░░░░░░░  52%  Streaming frame 1075/2212
  █████████████░░░░░░░░░░░░  52%  Streaming frame 1076/2212
  █████████████░░░░░░░░░░░░  52%  Streaming frame 1077/2212
  █████████████░░░░░░░░░░░░  52%  Streaming frame 1078/2212
  █████████████░░░░░░░░░░░░  52%  Streaming frame 1079/2212
  █████████████░░░░░░░░░░░░  52%  Streaming frame 1080/2212
  █████████████░░░░░░░░░░░░  52%  Streaming frame 1081/2212
  █████████████░░░░░░░░░░░░  52%  Streaming frame 1082/2212
  █████████████░░░░░░░░░░░░  52%  Streaming frame 1083/2212
  █████████████░░░░░░░░░░░░  52%  Streaming frame 1084/2212
  █████████████░░░░░░░░░░░░  52%  Streaming frame 1085/2212
  █████████████░░░░░░░░░░░░  52%  Streaming frame 1086/2212
  █████████████░░░░░░░░░░░░  52%  Streaming frame 1087/2212
  █████████████░░░░░░░░░░░░  52%  Streaming frame 1088/2212
  █████████████░░░░░░░░░░░░  52%  Streaming frame 1089/2212
  █████████████░░░░░░░░░░░░  52%  Streaming frame 1090/2212
  █████████████░░░░░░░░░░░░  52%  Streaming frame 1091/2212
  █████████████░░░░░░░░░░░░  52%  Streaming frame 1092/2212
  █████████████░░░░░░░░░░░░  52%  Streaming frame 1093/2212
  █████████████░░░░░░░░░░░░  52%  Streaming frame 1094/2212
  █████████████░░░░░░░░░░░░  52%  Streaming frame 1095/2212
  █████████████░░░░░░░░░░░░  52%  Streaming frame 1096/2212
  █████████████░░░░░░░░░░░░  52%  Streaming frame 1097/2212
  █████████████░░░░░░░░░░░░  52%  Streaming frame 1098/2212
  █████████████░░░░░░░░░░░░  52%  Streaming frame 1099/2212
  █████████████░░░░░░░░░░░░  52%  Streaming frame 1100/2212
  █████████████░░░░░░░░░░░░  52%  Streaming frame 1101/2212
  █████████████░░░░░░░░░░░░  52%  Streaming frame 1102/2212
  █████████████░░░░░░░░░░░░  52%  Streaming frame 1103/2212
  █████████████░░░░░░░░░░░░  52%  Streaming frame 1104/2212
  █████████████░░░░░░░░░░░░  52%  Streaming frame 1105/2212
  █████████████░░░░░░░░░░░░  53%  Streaming frame 1106/2212
[INFO] [Render] drawElement self-verify passed {"renderJobId":"e2fc0cb5-36e7-43cd-bfca-c679b624d538","frame":1106,"psnrDb":"inf"}
  █████████████░░░░░░░░░░░░  53%  Streaming frame 1107/2212
  █████████████░░░░░░░░░░░░  53%  Streaming frame 1108/2212
  █████████████░░░░░░░░░░░░  53%  Streaming frame 1109/2212
  █████████████░░░░░░░░░░░░  53%  Streaming frame 1110/2212
  █████████████░░░░░░░░░░░░  53%  Streaming frame 1111/2212
  █████████████░░░░░░░░░░░░  53%  Streaming frame 1112/2212
  █████████████░░░░░░░░░░░░  53%  Streaming frame 1113/2212
  █████████████░░░░░░░░░░░░  53%  Streaming frame 1114/2212
  █████████████░░░░░░░░░░░░  53%  Streaming frame 1115/2212
  █████████████░░░░░░░░░░░░  53%  Streaming frame 1116/2212
  █████████████░░░░░░░░░░░░  53%  Streaming frame 1117/2212
  █████████████░░░░░░░░░░░░  53%  Streaming frame 1118/2212
  █████████████░░░░░░░░░░░░  53%  Streaming frame 1119/2212
  █████████████░░░░░░░░░░░░  53%  Streaming frame 1120/2212
  █████████████░░░░░░░░░░░░  53%  Streaming frame 1121/2212
  █████████████░░░░░░░░░░░░  53%  Streaming frame 1122/2212
  █████████████░░░░░░░░░░░░  53%  Streaming frame 1123/2212
  █████████████░░░░░░░░░░░░  53%  Streaming frame 1124/2212
  █████████████░░░░░░░░░░░░  53%  Streaming frame 1125/2212
  █████████████░░░░░░░░░░░░  53%  Streaming frame 1126/2212
  █████████████░░░░░░░░░░░░  53%  Streaming frame 1127/2212
  █████████████░░░░░░░░░░░░  53%  Streaming frame 1128/2212
  █████████████░░░░░░░░░░░░  53%  Streaming frame 1129/2212
  █████████████░░░░░░░░░░░░  53%  Streaming frame 1130/2212
  █████████████░░░░░░░░░░░░  53%  Streaming frame 1131/2212
  █████████████░░░░░░░░░░░░  53%  Streaming frame 1132/2212
  █████████████░░░░░░░░░░░░  53%  Streaming frame 1133/2212
  █████████████░░░░░░░░░░░░  53%  Streaming frame 1134/2212
  █████████████░░░░░░░░░░░░  53%  Streaming frame 1135/2212
  █████████████░░░░░░░░░░░░  53%  Streaming frame 1136/2212
  █████████████░░░░░░░░░░░░  53%  Streaming frame 1137/2212
  █████████████░░░░░░░░░░░░  53%  Streaming frame 1138/2212
  █████████████░░░░░░░░░░░░  53%  Streaming frame 1139/2212
  █████████████░░░░░░░░░░░░  53%  Streaming frame 1140/2212
  █████████████░░░░░░░░░░░░  53%  Streaming frame 1141/2212
  █████████████░░░░░░░░░░░░  53%  Streaming frame 1142/2212
  █████████████░░░░░░░░░░░░  53%  Streaming frame 1143/2212
  █████████████░░░░░░░░░░░░  53%  Streaming frame 1144/2212
  █████████████░░░░░░░░░░░░  53%  Streaming frame 1145/2212
  █████████████░░░░░░░░░░░░  53%  Streaming frame 1146/2212
  █████████████░░░░░░░░░░░░  54%  Streaming frame 1147/2212
  █████████████░░░░░░░░░░░░  54%  Streaming frame 1148/2212
  █████████████░░░░░░░░░░░░  54%  Streaming frame 1149/2212
  █████████████░░░░░░░░░░░░  54%  Streaming frame 1150/2212
  █████████████░░░░░░░░░░░░  54%  Streaming frame 1151/2212
  █████████████░░░░░░░░░░░░  54%  Streaming frame 1152/2212
  █████████████░░░░░░░░░░░░  54%  Streaming frame 1153/2212
  █████████████░░░░░░░░░░░░  54%  Streaming frame 1154/2212
  █████████████░░░░░░░░░░░░  54%  Streaming frame 1155/2212
  █████████████░░░░░░░░░░░░  54%  Streaming frame 1156/2212
  █████████████░░░░░░░░░░░░  54%  Streaming frame 1157/2212
  █████████████░░░░░░░░░░░░  54%  Streaming frame 1158/2212
  █████████████░░░░░░░░░░░░  54%  Streaming frame 1159/2212
  █████████████░░░░░░░░░░░░  54%  Streaming frame 1160/2212
  █████████████░░░░░░░░░░░░  54%  Streaming frame 1161/2212
  █████████████░░░░░░░░░░░░  54%  Streaming frame 1162/2212
  █████████████░░░░░░░░░░░░  54%  Streaming frame 1163/2212
  █████████████░░░░░░░░░░░░  54%  Streaming frame 1164/2212
  █████████████░░░░░░░░░░░░  54%  Streaming frame 1165/2212
  █████████████░░░░░░░░░░░░  54%  Streaming frame 1166/2212
  █████████████░░░░░░░░░░░░  54%  Streaming frame 1167/2212
  █████████████░░░░░░░░░░░░  54%  Streaming frame 1168/2212
  █████████████░░░░░░░░░░░░  54%  Streaming frame 1169/2212
  █████████████░░░░░░░░░░░░  54%  Streaming frame 1170/2212
  █████████████░░░░░░░░░░░░  54%  Streaming frame 1171/2212
  █████████████░░░░░░░░░░░░  54%  Streaming frame 1172/2212
  █████████████░░░░░░░░░░░░  54%  Streaming frame 1173/2212
  █████████████░░░░░░░░░░░░  54%  Streaming frame 1174/2212
  █████████████░░░░░░░░░░░░  54%  Streaming frame 1175/2212
  █████████████░░░░░░░░░░░░  54%  Streaming frame 1176/2212
  █████████████░░░░░░░░░░░░  54%  Streaming frame 1177/2212
  █████████████░░░░░░░░░░░░  54%  Streaming frame 1178/2212
  █████████████░░░░░░░░░░░░  54%  Streaming frame 1179/2212
  █████████████░░░░░░░░░░░░  54%  Streaming frame 1180/2212
  █████████████░░░░░░░░░░░░  54%  Streaming frame 1181/2212
  █████████████░░░░░░░░░░░░  54%  Streaming frame 1182/2212
  █████████████░░░░░░░░░░░░  54%  Streaming frame 1183/2212
  █████████████░░░░░░░░░░░░  54%  Streaming frame 1184/2212
  █████████████░░░░░░░░░░░░  54%  Streaming frame 1185/2212
  █████████████░░░░░░░░░░░░  54%  Streaming frame 1186/2212
  █████████████░░░░░░░░░░░░  55%  Streaming frame 1187/2212
  █████████████░░░░░░░░░░░░  55%  Streaming frame 1188/2212
  █████████████░░░░░░░░░░░░  55%  Streaming frame 1189/2212
  █████████████░░░░░░░░░░░░  55%  Streaming frame 1190/2212
  █████████████░░░░░░░░░░░░  55%  Streaming frame 1191/2212
  █████████████░░░░░░░░░░░░  55%  Streaming frame 1192/2212
  █████████████░░░░░░░░░░░░  55%  Streaming frame 1193/2212
  █████████████░░░░░░░░░░░░  55%  Streaming frame 1194/2212
  █████████████░░░░░░░░░░░░  55%  Streaming frame 1195/2212
  █████████████░░░░░░░░░░░░  55%  Streaming frame 1196/2212
  █████████████░░░░░░░░░░░░  55%  Streaming frame 1197/2212
  █████████████░░░░░░░░░░░░  55%  Streaming frame 1198/2212
  █████████████░░░░░░░░░░░░  55%  Streaming frame 1199/2212
  █████████████░░░░░░░░░░░░  55%  Streaming frame 1200/2212
  █████████████░░░░░░░░░░░░  55%  Streaming frame 1201/2212
  █████████████░░░░░░░░░░░░  55%  Streaming frame 1202/2212
  █████████████░░░░░░░░░░░░  55%  Streaming frame 1203/2212
  █████████████░░░░░░░░░░░░  55%  Streaming frame 1204/2212
  █████████████░░░░░░░░░░░░  55%  Streaming frame 1205/2212
  █████████████░░░░░░░░░░░░  55%  Streaming frame 1206/2212
  █████████████░░░░░░░░░░░░  55%  Streaming frame 1207/2212
  █████████████░░░░░░░░░░░░  55%  Streaming frame 1208/2212
  █████████████░░░░░░░░░░░░  55%  Streaming frame 1209/2212
  █████████████░░░░░░░░░░░░  55%  Streaming frame 1210/2212
  █████████████░░░░░░░░░░░░  55%  Streaming frame 1211/2212
  █████████████░░░░░░░░░░░░  55%  Streaming frame 1212/2212
  █████████████░░░░░░░░░░░░  55%  Streaming frame 1213/2212
  █████████████░░░░░░░░░░░░  55%  Streaming frame 1214/2212
  █████████████░░░░░░░░░░░░  55%  Streaming frame 1215/2212
  █████████████░░░░░░░░░░░░  55%  Streaming frame 1216/2212
  █████████████░░░░░░░░░░░░  55%  Streaming frame 1217/2212
  █████████████░░░░░░░░░░░░  55%  Streaming frame 1218/2212
  █████████████░░░░░░░░░░░░  55%  Streaming frame 1219/2212
  █████████████░░░░░░░░░░░░  55%  Streaming frame 1220/2212
  █████████████░░░░░░░░░░░░  55%  Streaming frame 1221/2212
  █████████████░░░░░░░░░░░░  55%  Streaming frame 1222/2212
  █████████████░░░░░░░░░░░░  55%  Streaming frame 1223/2212
  █████████████░░░░░░░░░░░░  55%  Streaming frame 1224/2212
  █████████████░░░░░░░░░░░░  55%  Streaming frame 1225/2212
  █████████████░░░░░░░░░░░░  55%  Streaming frame 1226/2212
  ██████████████░░░░░░░░░░░  56%  Streaming frame 1227/2212
  ██████████████░░░░░░░░░░░  56%  Streaming frame 1228/2212
  ██████████████░░░░░░░░░░░  56%  Streaming frame 1229/2212
  ██████████████░░░░░░░░░░░  56%  Streaming frame 1230/2212
  ██████████████░░░░░░░░░░░  56%  Streaming frame 1231/2212
  ██████████████░░░░░░░░░░░  56%  Streaming frame 1232/2212
  ██████████████░░░░░░░░░░░  56%  Streaming frame 1233/2212
  ██████████████░░░░░░░░░░░  56%  Streaming frame 1234/2212
  ██████████████░░░░░░░░░░░  56%  Streaming frame 1235/2212
  ██████████████░░░░░░░░░░░  56%  Streaming frame 1236/2212
  ██████████████░░░░░░░░░░░  56%  Streaming frame 1237/2212
  ██████████████░░░░░░░░░░░  56%  Streaming frame 1238/2212
  ██████████████░░░░░░░░░░░  56%  Streaming frame 1239/2212
  ██████████████░░░░░░░░░░░  56%  Streaming frame 1240/2212
  ██████████████░░░░░░░░░░░  56%  Streaming frame 1241/2212
  ██████████████░░░░░░░░░░░  56%  Streaming frame 1242/2212
  ██████████████░░░░░░░░░░░  56%  Streaming frame 1243/2212
  ██████████████░░░░░░░░░░░  56%  Streaming frame 1244/2212
  ██████████████░░░░░░░░░░░  56%  Streaming frame 1245/2212
  ██████████████░░░░░░░░░░░  56%  Streaming frame 1246/2212
  ██████████████░░░░░░░░░░░  56%  Streaming frame 1247/2212
  ██████████████░░░░░░░░░░░  56%  Streaming frame 1248/2212
  ██████████████░░░░░░░░░░░  56%  Streaming frame 1249/2212
  ██████████████░░░░░░░░░░░  56%  Streaming frame 1250/2212
  ██████████████░░░░░░░░░░░  56%  Streaming frame 1251/2212
  ██████████████░░░░░░░░░░░  56%  Streaming frame 1252/2212
  ██████████████░░░░░░░░░░░  56%  Streaming frame 1253/2212
  ██████████████░░░░░░░░░░░  56%  Streaming frame 1254/2212
  ██████████████░░░░░░░░░░░  56%  Streaming frame 1255/2212
  ██████████████░░░░░░░░░░░  56%  Streaming frame 1256/2212
  ██████████████░░░░░░░░░░░  56%  Streaming frame 1257/2212
  ██████████████░░░░░░░░░░░  56%  Streaming frame 1258/2212
  ██████████████░░░░░░░░░░░  56%  Streaming frame 1259/2212
  ██████████████░░░░░░░░░░░  56%  Streaming frame 1260/2212
  ██████████████░░░░░░░░░░░  56%  Streaming frame 1261/2212
  ██████████████░░░░░░░░░░░  56%  Streaming frame 1262/2212
  ██████████████░░░░░░░░░░░  56%  Streaming frame 1263/2212
  ██████████████░░░░░░░░░░░  56%  Streaming frame 1264/2212
  ██████████████░░░░░░░░░░░  56%  Streaming frame 1265/2212
  ██████████████░░░░░░░░░░░  56%  Streaming frame 1266/2212
  ██████████████░░░░░░░░░░░  57%  Streaming frame 1267/2212
  ██████████████░░░░░░░░░░░  57%  Streaming frame 1268/2212
  ██████████████░░░░░░░░░░░  57%  Streaming frame 1269/2212
  ██████████████░░░░░░░░░░░  57%  Streaming frame 1270/2212
  ██████████████░░░░░░░░░░░  57%  Streaming frame 1271/2212
  ██████████████░░░░░░░░░░░  57%  Streaming frame 1272/2212
  ██████████████░░░░░░░░░░░  57%  Streaming frame 1273/2212
  ██████████████░░░░░░░░░░░  57%  Streaming frame 1274/2212
  ██████████████░░░░░░░░░░░  57%  Streaming frame 1275/2212
  ██████████████░░░░░░░░░░░  57%  Streaming frame 1276/2212
  ██████████████░░░░░░░░░░░  57%  Streaming frame 1277/2212
  ██████████████░░░░░░░░░░░  57%  Streaming frame 1278/2212
  ██████████████░░░░░░░░░░░  57%  Streaming frame 1279/2212
  ██████████████░░░░░░░░░░░  57%  Streaming frame 1280/2212
  ██████████████░░░░░░░░░░░  57%  Streaming frame 1281/2212
  ██████████████░░░░░░░░░░░  57%  Streaming frame 1282/2212
  ██████████████░░░░░░░░░░░  57%  Streaming frame 1283/2212
  ██████████████░░░░░░░░░░░  57%  Streaming frame 1284/2212
  ██████████████░░░░░░░░░░░  57%  Streaming frame 1285/2212
  ██████████████░░░░░░░░░░░  57%  Streaming frame 1286/2212
  ██████████████░░░░░░░░░░░  57%  Streaming frame 1287/2212
  ██████████████░░░░░░░░░░░  57%  Streaming frame 1288/2212
  ██████████████░░░░░░░░░░░  57%  Streaming frame 1289/2212
  ██████████████░░░░░░░░░░░  57%  Streaming frame 1290/2212
  ██████████████░░░░░░░░░░░  57%  Streaming frame 1291/2212
  ██████████████░░░░░░░░░░░  57%  Streaming frame 1292/2212
  ██████████████░░░░░░░░░░░  57%  Streaming frame 1293/2212
  ██████████████░░░░░░░░░░░  57%  Streaming frame 1294/2212
  ██████████████░░░░░░░░░░░  57%  Streaming frame 1295/2212
  ██████████████░░░░░░░░░░░  57%  Streaming frame 1296/2212
  ██████████████░░░░░░░░░░░  57%  Streaming frame 1297/2212
  ██████████████░░░░░░░░░░░  57%  Streaming frame 1298/2212
  ██████████████░░░░░░░░░░░  57%  Streaming frame 1299/2212
  ██████████████░░░░░░░░░░░  57%  Streaming frame 1300/2212
  ██████████████░░░░░░░░░░░  57%  Streaming frame 1301/2212
  ██████████████░░░░░░░░░░░  57%  Streaming frame 1302/2212
  ██████████████░░░░░░░░░░░  57%  Streaming frame 1303/2212
  ██████████████░░░░░░░░░░░  57%  Streaming frame 1304/2212
  ██████████████░░░░░░░░░░░  57%  Streaming frame 1305/2212
  ██████████████░░░░░░░░░░░  57%  Streaming frame 1306/2212
  ██████████████░░░░░░░░░░░  57%  Streaming frame 1307/2212
  ██████████████░░░░░░░░░░░  58%  Streaming frame 1308/2212
  ██████████████░░░░░░░░░░░  58%  Streaming frame 1309/2212
  ██████████████░░░░░░░░░░░  58%  Streaming frame 1310/2212
  ██████████████░░░░░░░░░░░  58%  Streaming frame 1311/2212
  ██████████████░░░░░░░░░░░  58%  Streaming frame 1312/2212
[INFO] [Render:trace] {"renderJobId":"e2fc0cb5-36e7-43cd-bfca-c679b624d538","phase":"capture_streaming","status":"checkpoint","elapsedMs":34258,"message":"stage still running","stagePhase":"capturing","workerCount":1,"forceScreenshot":false,"totalFrames":2212,"framesCompleted":1312,"captureMode":"drawelement","captureOperation":"drawElement","heartbeatIndex":1,"stageElapsedMs":30000}
  ██████████████░░░░░░░░░░░  58%  Streaming frame 1313/2212
  ██████████████░░░░░░░░░░░  58%  Streaming frame 1314/2212
  ██████████████░░░░░░░░░░░  58%  Streaming frame 1315/2212
  ██████████████░░░░░░░░░░░  58%  Streaming frame 1316/2212
  ██████████████░░░░░░░░░░░  58%  Streaming frame 1317/2212
  ██████████████░░░░░░░░░░░  58%  Streaming frame 1318/2212
  ██████████████░░░░░░░░░░░  58%  Streaming frame 1319/2212
  ██████████████░░░░░░░░░░░  58%  Streaming frame 1320/2212
  ██████████████░░░░░░░░░░░  58%  Streaming frame 1321/2212
  ██████████████░░░░░░░░░░░  58%  Streaming frame 1322/2212
  ██████████████░░░░░░░░░░░  58%  Streaming frame 1323/2212
  ██████████████░░░░░░░░░░░  58%  Streaming frame 1324/2212
  ██████████████░░░░░░░░░░░  58%  Streaming frame 1325/2212
  ██████████████░░░░░░░░░░░  58%  Streaming frame 1326/2212
  ██████████████░░░░░░░░░░░  58%  Streaming frame 1327/2212
  ██████████████░░░░░░░░░░░  58%  Streaming frame 1328/2212
  ██████████████░░░░░░░░░░░  58%  Streaming frame 1329/2212
  ██████████████░░░░░░░░░░░  58%  Streaming frame 1330/2212
  ██████████████░░░░░░░░░░░  58%  Streaming frame 1331/2212
  ██████████████░░░░░░░░░░░  58%  Streaming frame 1332/2212
  ██████████████░░░░░░░░░░░  58%  Streaming frame 1333/2212
  ██████████████░░░░░░░░░░░  58%  Streaming frame 1334/2212
  ██████████████░░░░░░░░░░░  58%  Streaming frame 1335/2212
  ██████████████░░░░░░░░░░░  58%  Streaming frame 1336/2212
  ██████████████░░░░░░░░░░░  58%  Streaming frame 1337/2212
  ██████████████░░░░░░░░░░░  58%  Streaming frame 1338/2212
  ██████████████░░░░░░░░░░░  58%  Streaming frame 1339/2212
  ██████████████░░░░░░░░░░░  58%  Streaming frame 1340/2212
  ██████████████░░░░░░░░░░░  58%  Streaming frame 1341/2212
  ██████████████░░░░░░░░░░░  58%  Streaming frame 1342/2212
  ██████████████░░░░░░░░░░░  58%  Streaming frame 1343/2212
  ██████████████░░░░░░░░░░░  58%  Streaming frame 1344/2212
  ██████████████░░░░░░░░░░░  58%  Streaming frame 1345/2212
  ██████████████░░░░░░░░░░░  58%  Streaming frame 1346/2212
  ██████████████░░░░░░░░░░░  58%  Streaming frame 1347/2212
  ██████████████░░░░░░░░░░░  59%  Streaming frame 1348/2212
  ██████████████░░░░░░░░░░░  59%  Streaming frame 1349/2212
  ██████████████░░░░░░░░░░░  59%  Streaming frame 1350/2212
  ██████████████░░░░░░░░░░░  59%  Streaming frame 1351/2212
  ██████████████░░░░░░░░░░░  59%  Streaming frame 1352/2212
  ██████████████░░░░░░░░░░░  59%  Streaming frame 1353/2212
  ██████████████░░░░░░░░░░░  59%  Streaming frame 1354/2212
  ██████████████░░░░░░░░░░░  59%  Streaming frame 1355/2212
  ██████████████░░░░░░░░░░░  59%  Streaming frame 1356/2212
  ██████████████░░░░░░░░░░░  59%  Streaming frame 1357/2212
  ██████████████░░░░░░░░░░░  59%  Streaming frame 1358/2212
  ██████████████░░░░░░░░░░░  59%  Streaming frame 1359/2212
  ██████████████░░░░░░░░░░░  59%  Streaming frame 1360/2212
  ██████████████░░░░░░░░░░░  59%  Streaming frame 1361/2212
  ██████████████░░░░░░░░░░░  59%  Streaming frame 1362/2212
  ██████████████░░░░░░░░░░░  59%  Streaming frame 1363/2212
  ██████████████░░░░░░░░░░░  59%  Streaming frame 1364/2212
  ██████████████░░░░░░░░░░░  59%  Streaming frame 1365/2212
  ██████████████░░░░░░░░░░░  59%  Streaming frame 1366/2212
  ██████████████░░░░░░░░░░░  59%  Streaming frame 1367/2212
  ██████████████░░░░░░░░░░░  59%  Streaming frame 1368/2212
  ██████████████░░░░░░░░░░░  59%  Streaming frame 1369/2212
  ██████████████░░░░░░░░░░░  59%  Streaming frame 1370/2212
  ██████████████░░░░░░░░░░░  59%  Streaming frame 1371/2212
  ██████████████░░░░░░░░░░░  59%  Streaming frame 1372/2212
  ██████████████░░░░░░░░░░░  59%  Streaming frame 1373/2212
  ██████████████░░░░░░░░░░░  59%  Streaming frame 1374/2212
  ██████████████░░░░░░░░░░░  59%  Streaming frame 1375/2212
  ██████████████░░░░░░░░░░░  59%  Streaming frame 1376/2212
  ██████████████░░░░░░░░░░░  59%  Streaming frame 1377/2212
  ██████████████░░░░░░░░░░░  59%  Streaming frame 1378/2212
  ██████████████░░░░░░░░░░░  59%  Streaming frame 1379/2212
  ██████████████░░░░░░░░░░░  59%  Streaming frame 1380/2212
  ██████████████░░░░░░░░░░░  59%  Streaming frame 1381/2212
  ██████████████░░░░░░░░░░░  59%  Streaming frame 1382/2212
  ██████████████░░░░░░░░░░░  59%  Streaming frame 1383/2212
  ██████████████░░░░░░░░░░░  59%  Streaming frame 1384/2212
  ██████████████░░░░░░░░░░░  59%  Streaming frame 1385/2212
  ██████████████░░░░░░░░░░░  59%  Streaming frame 1386/2212
  ██████████████░░░░░░░░░░░  59%  Streaming frame 1387/2212
  ███████████████░░░░░░░░░░  60%  Streaming frame 1388/2212
  ███████████████░░░░░░░░░░  60%  Streaming frame 1389/2212
  ███████████████░░░░░░░░░░  60%  Streaming frame 1390/2212
  ███████████████░░░░░░░░░░  60%  Streaming frame 1391/2212
  ███████████████░░░░░░░░░░  60%  Streaming frame 1392/2212
  ███████████████░░░░░░░░░░  60%  Streaming frame 1393/2212
  ███████████████░░░░░░░░░░  60%  Streaming frame 1394/2212
  ███████████████░░░░░░░░░░  60%  Streaming frame 1395/2212
  ███████████████░░░░░░░░░░  60%  Streaming frame 1396/2212
  ███████████████░░░░░░░░░░  60%  Streaming frame 1397/2212
  ███████████████░░░░░░░░░░  60%  Streaming frame 1398/2212
  ███████████████░░░░░░░░░░  60%  Streaming frame 1399/2212
  ███████████████░░░░░░░░░░  60%  Streaming frame 1400/2212
  ███████████████░░░░░░░░░░  60%  Streaming frame 1401/2212
  ███████████████░░░░░░░░░░  60%  Streaming frame 1402/2212
  ███████████████░░░░░░░░░░  60%  Streaming frame 1403/2212
  ███████████████░░░░░░░░░░  60%  Streaming frame 1404/2212
  ███████████████░░░░░░░░░░  60%  Streaming frame 1405/2212
  ███████████████░░░░░░░░░░  60%  Streaming frame 1406/2212
  ███████████████░░░░░░░░░░  60%  Streaming frame 1407/2212
  ███████████████░░░░░░░░░░  60%  Streaming frame 1408/2212
  ███████████████░░░░░░░░░░  60%  Streaming frame 1409/2212
  ███████████████░░░░░░░░░░  60%  Streaming frame 1410/2212
  ███████████████░░░░░░░░░░  60%  Streaming frame 1411/2212
  ███████████████░░░░░░░░░░  60%  Streaming frame 1412/2212
  ███████████████░░░░░░░░░░  60%  Streaming frame 1413/2212
  ███████████████░░░░░░░░░░  60%  Streaming frame 1414/2212
  ███████████████░░░░░░░░░░  60%  Streaming frame 1415/2212
  ███████████████░░░░░░░░░░  60%  Streaming frame 1416/2212
  ███████████████░░░░░░░░░░  60%  Streaming frame 1417/2212
  ███████████████░░░░░░░░░░  60%  Streaming frame 1418/2212
  ███████████████░░░░░░░░░░  60%  Streaming frame 1419/2212
  ███████████████░░░░░░░░░░  60%  Streaming frame 1420/2212
  ███████████████░░░░░░░░░░  60%  Streaming frame 1421/2212
  ███████████████░░░░░░░░░░  60%  Streaming frame 1422/2212
  ███████████████░░░░░░░░░░  60%  Streaming frame 1423/2212
  ███████████████░░░░░░░░░░  60%  Streaming frame 1424/2212
  ███████████████░░░░░░░░░░  60%  Streaming frame 1425/2212
  ███████████████░░░░░░░░░░  60%  Streaming frame 1426/2212
  ███████████████░░░░░░░░░░  60%  Streaming frame 1427/2212
  ███████████████░░░░░░░░░░  61%  Streaming frame 1428/2212
  ███████████████░░░░░░░░░░  61%  Streaming frame 1429/2212
  ███████████████░░░░░░░░░░  61%  Streaming frame 1430/2212
  ███████████████░░░░░░░░░░  61%  Streaming frame 1431/2212
  ███████████████░░░░░░░░░░  61%  Streaming frame 1432/2212
  ███████████████░░░░░░░░░░  61%  Streaming frame 1433/2212
  ███████████████░░░░░░░░░░  61%  Streaming frame 1434/2212
[WARN] [Render] drawElement blank-frame suspect; re-capturing {"renderJobId":"e2fc0cb5-36e7-43cd-bfca-c679b624d538","frame":1434,"bytes":18517,"floor":20000}
[INFO] [Render] drawElement small frame is deterministic; accepted {"renderJobId":"e2fc0cb5-36e7-43cd-bfca-c679b624d538","frame":1434,"bytes":18517}
  ███████████████░░░░░░░░░░  61%  Streaming frame 1435/2212
  ███████████████░░░░░░░░░░  61%  Streaming frame 1436/2212
  ███████████████░░░░░░░░░░  61%  Streaming frame 1437/2212
  ███████████████░░░░░░░░░░  61%  Streaming frame 1438/2212
  ███████████████░░░░░░░░░░  61%  Streaming frame 1439/2212
  ███████████████░░░░░░░░░░  61%  Streaming frame 1440/2212
  ███████████████░░░░░░░░░░  61%  Streaming frame 1441/2212
  ███████████████░░░░░░░░░░  61%  Streaming frame 1442/2212
  ███████████████░░░░░░░░░░  61%  Streaming frame 1443/2212
  ███████████████░░░░░░░░░░  61%  Streaming frame 1444/2212
  ███████████████░░░░░░░░░░  61%  Streaming frame 1445/2212
  ███████████████░░░░░░░░░░  61%  Streaming frame 1446/2212
  ███████████████░░░░░░░░░░  61%  Streaming frame 1447/2212
  ███████████████░░░░░░░░░░  61%  Streaming frame 1448/2212
  ███████████████░░░░░░░░░░  61%  Streaming frame 1449/2212
  ███████████████░░░░░░░░░░  61%  Streaming frame 1450/2212
  ███████████████░░░░░░░░░░  61%  Streaming frame 1451/2212
  ███████████████░░░░░░░░░░  61%  Streaming frame 1452/2212
  ███████████████░░░░░░░░░░  61%  Streaming frame 1453/2212
  ███████████████░░░░░░░░░░  61%  Streaming frame 1454/2212
  ███████████████░░░░░░░░░░  61%  Streaming frame 1455/2212
  ███████████████░░░░░░░░░░  61%  Streaming frame 1456/2212
  ███████████████░░░░░░░░░░  61%  Streaming frame 1457/2212
  ███████████████░░░░░░░░░░  61%  Streaming frame 1458/2212
  ███████████████░░░░░░░░░░  61%  Streaming frame 1459/2212
  ███████████████░░░░░░░░░░  61%  Streaming frame 1460/2212
  ███████████████░░░░░░░░░░  61%  Streaming frame 1461/2212
  ███████████████░░░░░░░░░░  61%  Streaming frame 1462/2212
  ███████████████░░░░░░░░░░  61%  Streaming frame 1463/2212
  ███████████████░░░░░░░░░░  61%  Streaming frame 1464/2212
  ███████████████░░░░░░░░░░  61%  Streaming frame 1465/2212
  ███████████████░░░░░░░░░░  61%  Streaming frame 1466/2212
  ███████████████░░░░░░░░░░  61%  Streaming frame 1467/2212
  ███████████████░░░░░░░░░░  62%  Streaming frame 1468/2212
  ███████████████░░░░░░░░░░  62%  Streaming frame 1469/2212
  ███████████████░░░░░░░░░░  62%  Streaming frame 1470/2212
  ███████████████░░░░░░░░░░  62%  Streaming frame 1471/2212
  ███████████████░░░░░░░░░░  62%  Streaming frame 1472/2212
  ███████████████░░░░░░░░░░  62%  Streaming frame 1473/2212
  ███████████████░░░░░░░░░░  62%  Streaming frame 1474/2212
  ███████████████░░░░░░░░░░  62%  Streaming frame 1475/2212
  ███████████████░░░░░░░░░░  62%  Streaming frame 1476/2212
  ███████████████░░░░░░░░░░  62%  Streaming frame 1477/2212
  ███████████████░░░░░░░░░░  62%  Streaming frame 1478/2212
  ███████████████░░░░░░░░░░  62%  Streaming frame 1479/2212
  ███████████████░░░░░░░░░░  62%  Streaming frame 1480/2212
  ███████████████░░░░░░░░░░  62%  Streaming frame 1481/2212
  ███████████████░░░░░░░░░░  62%  Streaming frame 1482/2212
  ███████████████░░░░░░░░░░  62%  Streaming frame 1483/2212
  ███████████████░░░░░░░░░░  62%  Streaming frame 1484/2212
  ███████████████░░░░░░░░░░  62%  Streaming frame 1485/2212
  ███████████████░░░░░░░░░░  62%  Streaming frame 1486/2212
  ███████████████░░░░░░░░░░  62%  Streaming frame 1487/2212
  ███████████████░░░░░░░░░░  62%  Streaming frame 1488/2212
  ███████████████░░░░░░░░░░  62%  Streaming frame 1489/2212
  ███████████████░░░░░░░░░░  62%  Streaming frame 1490/2212
  ███████████████░░░░░░░░░░  62%  Streaming frame 1491/2212
  ███████████████░░░░░░░░░░  62%  Streaming frame 1492/2212
  ███████████████░░░░░░░░░░  62%  Streaming frame 1493/2212
  ███████████████░░░░░░░░░░  62%  Streaming frame 1494/2212
  ███████████████░░░░░░░░░░  62%  Streaming frame 1495/2212
  ███████████████░░░░░░░░░░  62%  Streaming frame 1496/2212
  ███████████████░░░░░░░░░░  62%  Streaming frame 1497/2212
  ███████████████░░░░░░░░░░  62%  Streaming frame 1498/2212
  ███████████████░░░░░░░░░░  62%  Streaming frame 1499/2212
  ███████████████░░░░░░░░░░  62%  Streaming frame 1500/2212
  ███████████████░░░░░░░░░░  62%  Streaming frame 1501/2212
  ███████████████░░░░░░░░░░  62%  Streaming frame 1502/2212
  ███████████████░░░░░░░░░░  62%  Streaming frame 1503/2212
  ███████████████░░░░░░░░░░  62%  Streaming frame 1504/2212
  ███████████████░░░░░░░░░░  62%  Streaming frame 1505/2212
  ███████████████░░░░░░░░░░  62%  Streaming frame 1506/2212
  ███████████████░░░░░░░░░░  62%  Streaming frame 1507/2212
  ███████████████░░░░░░░░░░  62%  Streaming frame 1508/2212
  ███████████████░░░░░░░░░░  63%  Streaming frame 1509/2212
  ███████████████░░░░░░░░░░  63%  Streaming frame 1510/2212
  ███████████████░░░░░░░░░░  63%  Streaming frame 1511/2212
  ███████████████░░░░░░░░░░  63%  Streaming frame 1512/2212
  ███████████████░░░░░░░░░░  63%  Streaming frame 1513/2212
  ███████████████░░░░░░░░░░  63%  Streaming frame 1514/2212
  ███████████████░░░░░░░░░░  63%  Streaming frame 1515/2212
  ███████████████░░░░░░░░░░  63%  Streaming frame 1516/2212
  ███████████████░░░░░░░░░░  63%  Streaming frame 1517/2212
  ███████████████░░░░░░░░░░  63%  Streaming frame 1518/2212
  ███████████████░░░░░░░░░░  63%  Streaming frame 1519/2212
  ███████████████░░░░░░░░░░  63%  Streaming frame 1520/2212
  ███████████████░░░░░░░░░░  63%  Streaming frame 1521/2212
  ███████████████░░░░░░░░░░  63%  Streaming frame 1522/2212
  ███████████████░░░░░░░░░░  63%  Streaming frame 1523/2212
  ███████████████░░░░░░░░░░  63%  Streaming frame 1524/2212
  ███████████████░░░░░░░░░░  63%  Streaming frame 1525/2212
  ███████████████░░░░░░░░░░  63%  Streaming frame 1526/2212
  ███████████████░░░░░░░░░░  63%  Streaming frame 1527/2212
  ███████████████░░░░░░░░░░  63%  Streaming frame 1528/2212
  ███████████████░░░░░░░░░░  63%  Streaming frame 1529/2212
  ███████████████░░░░░░░░░░  63%  Streaming frame 1530/2212
  ███████████████░░░░░░░░░░  63%  Streaming frame 1531/2212
  ███████████████░░░░░░░░░░  63%  Streaming frame 1532/2212
  ███████████████░░░░░░░░░░  63%  Streaming frame 1533/2212
  ███████████████░░░░░░░░░░  63%  Streaming frame 1534/2212
  ███████████████░░░░░░░░░░  63%  Streaming frame 1535/2212
  ███████████████░░░░░░░░░░  63%  Streaming frame 1536/2212
  ███████████████░░░░░░░░░░  63%  Streaming frame 1537/2212
  ███████████████░░░░░░░░░░  63%  Streaming frame 1538/2212
  ███████████████░░░░░░░░░░  63%  Streaming frame 1539/2212
  ███████████████░░░░░░░░░░  63%  Streaming frame 1540/2212
  ███████████████░░░░░░░░░░  63%  Streaming frame 1541/2212
  ███████████████░░░░░░░░░░  63%  Streaming frame 1542/2212
  ███████████████░░░░░░░░░░  63%  Streaming frame 1543/2212
  ███████████████░░░░░░░░░░  63%  Streaming frame 1544/2212
  ███████████████░░░░░░░░░░  63%  Streaming frame 1545/2212
  ███████████████░░░░░░░░░░  63%  Streaming frame 1546/2212
  ███████████████░░░░░░░░░░  63%  Streaming frame 1547/2212
  ███████████████░░░░░░░░░░  63%  Streaming frame 1548/2212
  ████████████████░░░░░░░░░  64%  Streaming frame 1549/2212
  ████████████████░░░░░░░░░  64%  Streaming frame 1550/2212
  ████████████████░░░░░░░░░  64%  Streaming frame 1551/2212
  ████████████████░░░░░░░░░  64%  Streaming frame 1552/2212
  ████████████████░░░░░░░░░  64%  Streaming frame 1553/2212
  ████████████████░░░░░░░░░  64%  Streaming frame 1554/2212
  ████████████████░░░░░░░░░  64%  Streaming frame 1555/2212
  ████████████████░░░░░░░░░  64%  Streaming frame 1556/2212
  ████████████████░░░░░░░░░  64%  Streaming frame 1557/2212
  ████████████████░░░░░░░░░  64%  Streaming frame 1558/2212
  ████████████████░░░░░░░░░  64%  Streaming frame 1559/2212
  ████████████████░░░░░░░░░  64%  Streaming frame 1560/2212
  ████████████████░░░░░░░░░  64%  Streaming frame 1561/2212
  ████████████████░░░░░░░░░  64%  Streaming frame 1562/2212
  ████████████████░░░░░░░░░  64%  Streaming frame 1563/2212
  ████████████████░░░░░░░░░  64%  Streaming frame 1564/2212
  ████████████████░░░░░░░░░  64%  Streaming frame 1565/2212
  ████████████████░░░░░░░░░  64%  Streaming frame 1566/2212
  ████████████████░░░░░░░░░  64%  Streaming frame 1567/2212
  ████████████████░░░░░░░░░  64%  Streaming frame 1568/2212
  ████████████████░░░░░░░░░  64%  Streaming frame 1569/2212
  ████████████████░░░░░░░░░  64%  Streaming frame 1570/2212
  ████████████████░░░░░░░░░  64%  Streaming frame 1571/2212
  ████████████████░░░░░░░░░  64%  Streaming frame 1572/2212
  ████████████████░░░░░░░░░  64%  Streaming frame 1573/2212
  ████████████████░░░░░░░░░  64%  Streaming frame 1574/2212
  ████████████████░░░░░░░░░  64%  Streaming frame 1575/2212
  ████████████████░░░░░░░░░  64%  Streaming frame 1576/2212
  ████████████████░░░░░░░░░  64%  Streaming frame 1577/2212
  ████████████████░░░░░░░░░  64%  Streaming frame 1578/2212
  ████████████████░░░░░░░░░  64%  Streaming frame 1579/2212
  ████████████████░░░░░░░░░  64%  Streaming frame 1580/2212
  ████████████████░░░░░░░░░  64%  Streaming frame 1581/2212
  ████████████████░░░░░░░░░  64%  Streaming frame 1582/2212
  ████████████████░░░░░░░░░  64%  Streaming frame 1583/2212
  ████████████████░░░░░░░░░  64%  Streaming frame 1584/2212
  ████████████████░░░░░░░░░  64%  Streaming frame 1585/2212
  ████████████████░░░░░░░░░  64%  Streaming frame 1586/2212
  ████████████████░░░░░░░░░  64%  Streaming frame 1587/2212
  ████████████████░░░░░░░░░  64%  Streaming frame 1588/2212
  ████████████████░░░░░░░░░  65%  Streaming frame 1589/2212
  ████████████████░░░░░░░░░  65%  Streaming frame 1590/2212
  ████████████████░░░░░░░░░  65%  Streaming frame 1591/2212
  ████████████████░░░░░░░░░  65%  Streaming frame 1592/2212
  ████████████████░░░░░░░░░  65%  Streaming frame 1593/2212
  ████████████████░░░░░░░░░  65%  Streaming frame 1594/2212
  ████████████████░░░░░░░░░  65%  Streaming frame 1595/2212
  ████████████████░░░░░░░░░  65%  Streaming frame 1596/2212
  ████████████████░░░░░░░░░  65%  Streaming frame 1597/2212
  ████████████████░░░░░░░░░  65%  Streaming frame 1598/2212
  ████████████████░░░░░░░░░  65%  Streaming frame 1599/2212
  ████████████████░░░░░░░░░  65%  Streaming frame 1600/2212
  ████████████████░░░░░░░░░  65%  Streaming frame 1601/2212
  ████████████████░░░░░░░░░  65%  Streaming frame 1602/2212
  ████████████████░░░░░░░░░  65%  Streaming frame 1603/2212
  ████████████████░░░░░░░░░  65%  Streaming frame 1604/2212
  ████████████████░░░░░░░░░  65%  Streaming frame 1605/2212
  ████████████████░░░░░░░░░  65%  Streaming frame 1606/2212
  ████████████████░░░░░░░░░  65%  Streaming frame 1607/2212
  ████████████████░░░░░░░░░  65%  Streaming frame 1608/2212
  ████████████████░░░░░░░░░  65%  Streaming frame 1609/2212
  ████████████████░░░░░░░░░  65%  Streaming frame 1610/2212
  ████████████████░░░░░░░░░  65%  Streaming frame 1611/2212
  ████████████████░░░░░░░░░  65%  Streaming frame 1612/2212
  ████████████████░░░░░░░░░  65%  Streaming frame 1613/2212
  ████████████████░░░░░░░░░  65%  Streaming frame 1614/2212
  ████████████████░░░░░░░░░  65%  Streaming frame 1615/2212
  ████████████████░░░░░░░░░  65%  Streaming frame 1616/2212
  ████████████████░░░░░░░░░  65%  Streaming frame 1617/2212
  ████████████████░░░░░░░░░  65%  Streaming frame 1618/2212
  ████████████████░░░░░░░░░  65%  Streaming frame 1619/2212
  ████████████████░░░░░░░░░  65%  Streaming frame 1620/2212
  ████████████████░░░░░░░░░  65%  Streaming frame 1621/2212
  ████████████████░░░░░░░░░  65%  Streaming frame 1622/2212
  ████████████████░░░░░░░░░  65%  Streaming frame 1623/2212
  ████████████████░░░░░░░░░  65%  Streaming frame 1624/2212
  ████████████████░░░░░░░░░  65%  Streaming frame 1625/2212
  ████████████████░░░░░░░░░  65%  Streaming frame 1626/2212
  ████████████████░░░░░░░░░  65%  Streaming frame 1627/2212
  ████████████████░░░░░░░░░  65%  Streaming frame 1628/2212
  ████████████████░░░░░░░░░  66%  Streaming frame 1629/2212
  ████████████████░░░░░░░░░  66%  Streaming frame 1630/2212
  ████████████████░░░░░░░░░  66%  Streaming frame 1631/2212
  ████████████████░░░░░░░░░  66%  Streaming frame 1632/2212
  ████████████████░░░░░░░░░  66%  Streaming frame 1633/2212
  ████████████████░░░░░░░░░  66%  Streaming frame 1634/2212
  ████████████████░░░░░░░░░  66%  Streaming frame 1635/2212
  ████████████████░░░░░░░░░  66%  Streaming frame 1636/2212
  ████████████████░░░░░░░░░  66%  Streaming frame 1637/2212
  ████████████████░░░░░░░░░  66%  Streaming frame 1638/2212
  ████████████████░░░░░░░░░  66%  Streaming frame 1639/2212
  ████████████████░░░░░░░░░  66%  Streaming frame 1640/2212
  ████████████████░░░░░░░░░  66%  Streaming frame 1641/2212
  ████████████████░░░░░░░░░  66%  Streaming frame 1642/2212
  ████████████████░░░░░░░░░  66%  Streaming frame 1643/2212
  ████████████████░░░░░░░░░  66%  Streaming frame 1644/2212
  ████████████████░░░░░░░░░  66%  Streaming frame 1645/2212
  ████████████████░░░░░░░░░  66%  Streaming frame 1646/2212
  ████████████████░░░░░░░░░  66%  Streaming frame 1647/2212
  ████████████████░░░░░░░░░  66%  Streaming frame 1648/2212
  ████████████████░░░░░░░░░  66%  Streaming frame 1649/2212
  ████████████████░░░░░░░░░  66%  Streaming frame 1650/2212
  ████████████████░░░░░░░░░  66%  Streaming frame 1651/2212
  ████████████████░░░░░░░░░  66%  Streaming frame 1652/2212
  ████████████████░░░░░░░░░  66%  Streaming frame 1653/2212
  ████████████████░░░░░░░░░  66%  Streaming frame 1654/2212
  ████████████████░░░░░░░░░  66%  Streaming frame 1655/2212
  ████████████████░░░░░░░░░  66%  Streaming frame 1656/2212
  ████████████████░░░░░░░░░  66%  Streaming frame 1657/2212
  ████████████████░░░░░░░░░  66%  Streaming frame 1658/2212
  ████████████████░░░░░░░░░  66%  Streaming frame 1659/2212
[INFO] [Render] drawElement self-verify passed {"renderJobId":"e2fc0cb5-36e7-43cd-bfca-c679b624d538","frame":1659,"psnrDb":"inf"}
  ████████████████░░░░░░░░░  66%  Streaming frame 1660/2212
  ████████████████░░░░░░░░░  66%  Streaming frame 1661/2212
  ████████████████░░░░░░░░░  66%  Streaming frame 1662/2212
  ████████████████░░░░░░░░░  66%  Streaming frame 1663/2212
  ████████████████░░░░░░░░░  66%  Streaming frame 1664/2212
  ████████████████░░░░░░░░░  66%  Streaming frame 1665/2212
  ████████████████░░░░░░░░░  66%  Streaming frame 1666/2212
  ████████████████░░░░░░░░░  66%  Streaming frame 1667/2212
  ████████████████░░░░░░░░░  66%  Streaming frame 1668/2212
  ████████████████░░░░░░░░░  66%  Streaming frame 1669/2212
  ████████████████░░░░░░░░░  67%  Streaming frame 1670/2212
  ████████████████░░░░░░░░░  67%  Streaming frame 1671/2212
  ████████████████░░░░░░░░░  67%  Streaming frame 1672/2212
  ████████████████░░░░░░░░░  67%  Streaming frame 1673/2212
  ████████████████░░░░░░░░░  67%  Streaming frame 1674/2212
  ████████████████░░░░░░░░░  67%  Streaming frame 1675/2212
  ████████████████░░░░░░░░░  67%  Streaming frame 1676/2212
  ████████████████░░░░░░░░░  67%  Streaming frame 1677/2212
  ████████████████░░░░░░░░░  67%  Streaming frame 1678/2212
  ████████████████░░░░░░░░░  67%  Streaming frame 1679/2212
  ████████████████░░░░░░░░░  67%  Streaming frame 1680/2212
  ████████████████░░░░░░░░░  67%  Streaming frame 1681/2212
  ████████████████░░░░░░░░░  67%  Streaming frame 1682/2212
  ████████████████░░░░░░░░░  67%  Streaming frame 1683/2212
  ████████████████░░░░░░░░░  67%  Streaming frame 1684/2212
  ████████████████░░░░░░░░░  67%  Streaming frame 1685/2212
  ████████████████░░░░░░░░░  67%  Streaming frame 1686/2212
  ████████████████░░░░░░░░░  67%  Streaming frame 1687/2212
  ████████████████░░░░░░░░░  67%  Streaming frame 1688/2212
  ████████████████░░░░░░░░░  67%  Streaming frame 1689/2212
  ████████████████░░░░░░░░░  67%  Streaming frame 1690/2212
  ████████████████░░░░░░░░░  67%  Streaming frame 1691/2212
  ████████████████░░░░░░░░░  67%  Streaming frame 1692/2212
  ████████████████░░░░░░░░░  67%  Streaming frame 1693/2212
  ████████████████░░░░░░░░░  67%  Streaming frame 1694/2212
  ████████████████░░░░░░░░░  67%  Streaming frame 1695/2212
  ████████████████░░░░░░░░░  67%  Streaming frame 1696/2212
  ████████████████░░░░░░░░░  67%  Streaming frame 1697/2212
  ████████████████░░░░░░░░░  67%  Streaming frame 1698/2212
  ████████████████░░░░░░░░░  67%  Streaming frame 1699/2212
  ████████████████░░░░░░░░░  67%  Streaming frame 1700/2212
  ████████████████░░░░░░░░░  67%  Streaming frame 1701/2212
  ████████████████░░░░░░░░░  67%  Streaming frame 1702/2212
  ████████████████░░░░░░░░░  67%  Streaming frame 1703/2212
  ████████████████░░░░░░░░░  67%  Streaming frame 1704/2212
  ████████████████░░░░░░░░░  67%  Streaming frame 1705/2212
  ████████████████░░░░░░░░░  67%  Streaming frame 1706/2212
  ████████████████░░░░░░░░░  67%  Streaming frame 1707/2212
  ████████████████░░░░░░░░░  67%  Streaming frame 1708/2212
  ████████████████░░░░░░░░░  67%  Streaming frame 1709/2212
  █████████████████░░░░░░░░  68%  Streaming frame 1710/2212
  █████████████████░░░░░░░░  68%  Streaming frame 1711/2212
  █████████████████░░░░░░░░  68%  Streaming frame 1712/2212
  █████████████████░░░░░░░░  68%  Streaming frame 1713/2212
  █████████████████░░░░░░░░  68%  Streaming frame 1714/2212
  █████████████████░░░░░░░░  68%  Streaming frame 1715/2212
  █████████████████░░░░░░░░  68%  Streaming frame 1716/2212
  █████████████████░░░░░░░░  68%  Streaming frame 1717/2212
  █████████████████░░░░░░░░  68%  Streaming frame 1718/2212
  █████████████████░░░░░░░░  68%  Streaming frame 1719/2212
  █████████████████░░░░░░░░  68%  Streaming frame 1720/2212
  █████████████████░░░░░░░░  68%  Streaming frame 1721/2212
  █████████████████░░░░░░░░  68%  Streaming frame 1722/2212
  █████████████████░░░░░░░░  68%  Streaming frame 1723/2212
  █████████████████░░░░░░░░  68%  Streaming frame 1724/2212
  █████████████████░░░░░░░░  68%  Streaming frame 1725/2212
  █████████████████░░░░░░░░  68%  Streaming frame 1726/2212
  █████████████████░░░░░░░░  68%  Streaming frame 1727/2212
  █████████████████░░░░░░░░  68%  Streaming frame 1728/2212
  █████████████████░░░░░░░░  68%  Streaming frame 1729/2212
  █████████████████░░░░░░░░  68%  Streaming frame 1730/2212
  █████████████████░░░░░░░░  68%  Streaming frame 1731/2212
  █████████████████░░░░░░░░  68%  Streaming frame 1732/2212
  █████████████████░░░░░░░░  68%  Streaming frame 1733/2212
  █████████████████░░░░░░░░  68%  Streaming frame 1734/2212
  █████████████████░░░░░░░░  68%  Streaming frame 1735/2212
  █████████████████░░░░░░░░  68%  Streaming frame 1736/2212
  █████████████████░░░░░░░░  68%  Streaming frame 1737/2212
  █████████████████░░░░░░░░  68%  Streaming frame 1738/2212
  █████████████████░░░░░░░░  68%  Streaming frame 1739/2212
  █████████████████░░░░░░░░  68%  Streaming frame 1740/2212
  █████████████████░░░░░░░░  68%  Streaming frame 1741/2212
  █████████████████░░░░░░░░  68%  Streaming frame 1742/2212
  █████████████████░░░░░░░░  68%  Streaming frame 1743/2212
  █████████████████░░░░░░░░  68%  Streaming frame 1744/2212
  █████████████████░░░░░░░░  68%  Streaming frame 1745/2212
  █████████████████░░░░░░░░  68%  Streaming frame 1746/2212
  █████████████████░░░░░░░░  68%  Streaming frame 1747/2212
  █████████████████░░░░░░░░  68%  Streaming frame 1748/2212
  █████████████████░░░░░░░░  68%  Streaming frame 1749/2212
  █████████████████░░░░░░░░  69%  Streaming frame 1750/2212
  █████████████████░░░░░░░░  69%  Streaming frame 1751/2212
  █████████████████░░░░░░░░  69%  Streaming frame 1752/2212
  █████████████████░░░░░░░░  69%  Streaming frame 1753/2212
  █████████████████░░░░░░░░  69%  Streaming frame 1754/2212
  █████████████████░░░░░░░░  69%  Streaming frame 1755/2212
  █████████████████░░░░░░░░  69%  Streaming frame 1756/2212
  █████████████████░░░░░░░░  69%  Streaming frame 1757/2212
  █████████████████░░░░░░░░  69%  Streaming frame 1758/2212
  █████████████████░░░░░░░░  69%  Streaming frame 1759/2212
  █████████████████░░░░░░░░  69%  Streaming frame 1760/2212
  █████████████████░░░░░░░░  69%  Streaming frame 1761/2212
  █████████████████░░░░░░░░  69%  Streaming frame 1762/2212
  █████████████████░░░░░░░░  69%  Streaming frame 1763/2212
  █████████████████░░░░░░░░  69%  Streaming frame 1764/2212
  █████████████████░░░░░░░░  69%  Streaming frame 1765/2212
  █████████████████░░░░░░░░  69%  Streaming frame 1766/2212
  █████████████████░░░░░░░░  69%  Streaming frame 1767/2212
  █████████████████░░░░░░░░  69%  Streaming frame 1768/2212
  █████████████████░░░░░░░░  69%  Streaming frame 1769/2212
  █████████████████░░░░░░░░  69%  Streaming frame 1770/2212
  █████████████████░░░░░░░░  69%  Streaming frame 1771/2212
  █████████████████░░░░░░░░  69%  Streaming frame 1772/2212
  █████████████████░░░░░░░░  69%  Streaming frame 1773/2212
  █████████████████░░░░░░░░  69%  Streaming frame 1774/2212
  █████████████████░░░░░░░░  69%  Streaming frame 1775/2212
  █████████████████░░░░░░░░  69%  Streaming frame 1776/2212
  █████████████████░░░░░░░░  69%  Streaming frame 1777/2212
  █████████████████░░░░░░░░  69%  Streaming frame 1778/2212
  █████████████████░░░░░░░░  69%  Streaming frame 1779/2212
  █████████████████░░░░░░░░  69%  Streaming frame 1780/2212
  █████████████████░░░░░░░░  69%  Streaming frame 1781/2212
  █████████████████░░░░░░░░  69%  Streaming frame 1782/2212
  █████████████████░░░░░░░░  69%  Streaming frame 1783/2212
  █████████████████░░░░░░░░  69%  Streaming frame 1784/2212
  █████████████████░░░░░░░░  69%  Streaming frame 1785/2212
  █████████████████░░░░░░░░  69%  Streaming frame 1786/2212
  █████████████████░░░░░░░░  69%  Streaming frame 1787/2212
  █████████████████░░░░░░░░  69%  Streaming frame 1788/2212
  █████████████████░░░░░░░░  69%  Streaming frame 1789/2212
  █████████████████░░░░░░░░  70%  Streaming frame 1790/2212
  █████████████████░░░░░░░░  70%  Streaming frame 1791/2212
  █████████████████░░░░░░░░  70%  Streaming frame 1792/2212
  █████████████████░░░░░░░░  70%  Streaming frame 1793/2212
  █████████████████░░░░░░░░  70%  Streaming frame 1794/2212
  █████████████████░░░░░░░░  70%  Streaming frame 1795/2212
  █████████████████░░░░░░░░  70%  Streaming frame 1796/2212
  █████████████████░░░░░░░░  70%  Streaming frame 1797/2212
  █████████████████░░░░░░░░  70%  Streaming frame 1798/2212
  █████████████████░░░░░░░░  70%  Streaming frame 1799/2212
  █████████████████░░░░░░░░  70%  Streaming frame 1800/2212
  █████████████████░░░░░░░░  70%  Streaming frame 1801/2212
  █████████████████░░░░░░░░  70%  Streaming frame 1802/2212
  █████████████████░░░░░░░░  70%  Streaming frame 1803/2212
  █████████████████░░░░░░░░  70%  Streaming frame 1804/2212
  █████████████████░░░░░░░░  70%  Streaming frame 1805/2212
  █████████████████░░░░░░░░  70%  Streaming frame 1806/2212
  █████████████████░░░░░░░░  70%  Streaming frame 1807/2212
  █████████████████░░░░░░░░  70%  Streaming frame 1808/2212
  █████████████████░░░░░░░░  70%  Streaming frame 1809/2212
  █████████████████░░░░░░░░  70%  Streaming frame 1810/2212
  █████████████████░░░░░░░░  70%  Streaming frame 1811/2212
  █████████████████░░░░░░░░  70%  Streaming frame 1812/2212
  █████████████████░░░░░░░░  70%  Streaming frame 1813/2212
  █████████████████░░░░░░░░  70%  Streaming frame 1814/2212
  █████████████████░░░░░░░░  70%  Streaming frame 1815/2212
  █████████████████░░░░░░░░  70%  Streaming frame 1816/2212
  █████████████████░░░░░░░░  70%  Streaming frame 1817/2212
  █████████████████░░░░░░░░  70%  Streaming frame 1818/2212
  █████████████████░░░░░░░░  70%  Streaming frame 1819/2212
  █████████████████░░░░░░░░  70%  Streaming frame 1820/2212
  █████████████████░░░░░░░░  70%  Streaming frame 1821/2212
  █████████████████░░░░░░░░  70%  Streaming frame 1822/2212
  █████████████████░░░░░░░░  70%  Streaming frame 1823/2212
  █████████████████░░░░░░░░  70%  Streaming frame 1824/2212
  █████████████████░░░░░░░░  70%  Streaming frame 1825/2212
  █████████████████░░░░░░░░  70%  Streaming frame 1826/2212
  █████████████████░░░░░░░░  70%  Streaming frame 1827/2212
  █████████████████░░░░░░░░  70%  Streaming frame 1828/2212
  █████████████████░░░░░░░░  70%  Streaming frame 1829/2212
  █████████████████░░░░░░░░  71%  Streaming frame 1830/2212
  █████████████████░░░░░░░░  71%  Streaming frame 1831/2212
  █████████████████░░░░░░░░  71%  Streaming frame 1832/2212
  █████████████████░░░░░░░░  71%  Streaming frame 1833/2212
  █████████████████░░░░░░░░  71%  Streaming frame 1834/2212
  █████████████████░░░░░░░░  71%  Streaming frame 1835/2212
  █████████████████░░░░░░░░  71%  Streaming frame 1836/2212
  █████████████████░░░░░░░░  71%  Streaming frame 1837/2212
  █████████████████░░░░░░░░  71%  Streaming frame 1838/2212
  █████████████████░░░░░░░░  71%  Streaming frame 1839/2212
  █████████████████░░░░░░░░  71%  Streaming frame 1840/2212
  █████████████████░░░░░░░░  71%  Streaming frame 1841/2212
  █████████████████░░░░░░░░  71%  Streaming frame 1842/2212
  █████████████████░░░░░░░░  71%  Streaming frame 1843/2212
  █████████████████░░░░░░░░  71%  Streaming frame 1844/2212
  █████████████████░░░░░░░░  71%  Streaming frame 1845/2212
  █████████████████░░░░░░░░  71%  Streaming frame 1846/2212
  █████████████████░░░░░░░░  71%  Streaming frame 1847/2212
  █████████████████░░░░░░░░  71%  Streaming frame 1848/2212
  █████████████████░░░░░░░░  71%  Streaming frame 1849/2212
  █████████████████░░░░░░░░  71%  Streaming frame 1850/2212
  █████████████████░░░░░░░░  71%  Streaming frame 1851/2212
  █████████████████░░░░░░░░  71%  Streaming frame 1852/2212
  █████████████████░░░░░░░░  71%  Streaming frame 1853/2212
  █████████████████░░░░░░░░  71%  Streaming frame 1854/2212
  █████████████████░░░░░░░░  71%  Streaming frame 1855/2212
  █████████████████░░░░░░░░  71%  Streaming frame 1856/2212
  █████████████████░░░░░░░░  71%  Streaming frame 1857/2212
  █████████████████░░░░░░░░  71%  Streaming frame 1858/2212
  █████████████████░░░░░░░░  71%  Streaming frame 1859/2212
  █████████████████░░░░░░░░  71%  Streaming frame 1860/2212
  █████████████████░░░░░░░░  71%  Streaming frame 1861/2212
  █████████████████░░░░░░░░  71%  Streaming frame 1862/2212
  █████████████████░░░░░░░░  71%  Streaming frame 1863/2212
  █████████████████░░░░░░░░  71%  Streaming frame 1864/2212
  █████████████████░░░░░░░░  71%  Streaming frame 1865/2212
  █████████████████░░░░░░░░  71%  Streaming frame 1866/2212
  █████████████████░░░░░░░░  71%  Streaming frame 1867/2212
  █████████████████░░░░░░░░  71%  Streaming frame 1868/2212
  █████████████████░░░░░░░░  71%  Streaming frame 1869/2212
  █████████████████░░░░░░░░  71%  Streaming frame 1870/2212
  ██████████████████░░░░░░░  72%  Streaming frame 1871/2212
  ██████████████████░░░░░░░  72%  Streaming frame 1872/2212
  ██████████████████░░░░░░░  72%  Streaming frame 1873/2212
  ██████████████████░░░░░░░  72%  Streaming frame 1874/2212
  ██████████████████░░░░░░░  72%  Streaming frame 1875/2212
  ██████████████████░░░░░░░  72%  Streaming frame 1876/2212
  ██████████████████░░░░░░░  72%  Streaming frame 1877/2212
  ██████████████████░░░░░░░  72%  Streaming frame 1878/2212
  ██████████████████░░░░░░░  72%  Streaming frame 1879/2212
  ██████████████████░░░░░░░  72%  Streaming frame 1880/2212
  ██████████████████░░░░░░░  72%  Streaming frame 1881/2212
  ██████████████████░░░░░░░  72%  Streaming frame 1882/2212
  ██████████████████░░░░░░░  72%  Streaming frame 1883/2212
  ██████████████████░░░░░░░  72%  Streaming frame 1884/2212
  ██████████████████░░░░░░░  72%  Streaming frame 1885/2212
  ██████████████████░░░░░░░  72%  Streaming frame 1886/2212
  ██████████████████░░░░░░░  72%  Streaming frame 1887/2212
  ██████████████████░░░░░░░  72%  Streaming frame 1888/2212
  ██████████████████░░░░░░░  72%  Streaming frame 1889/2212
  ██████████████████░░░░░░░  72%  Streaming frame 1890/2212
  ██████████████████░░░░░░░  72%  Streaming frame 1891/2212
  ██████████████████░░░░░░░  72%  Streaming frame 1892/2212
  ██████████████████░░░░░░░  72%  Streaming frame 1893/2212
  ██████████████████░░░░░░░  72%  Streaming frame 1894/2212
  ██████████████████░░░░░░░  72%  Streaming frame 1895/2212
  ██████████████████░░░░░░░  72%  Streaming frame 1896/2212
  ██████████████████░░░░░░░  72%  Streaming frame 1897/2212
  ██████████████████░░░░░░░  72%  Streaming frame 1898/2212
  ██████████████████░░░░░░░  72%  Streaming frame 1899/2212
  ██████████████████░░░░░░░  72%  Streaming frame 1900/2212
  ██████████████████░░░░░░░  72%  Streaming frame 1901/2212
  ██████████████████░░░░░░░  72%  Streaming frame 1902/2212
  ██████████████████░░░░░░░  72%  Streaming frame 1903/2212
  ██████████████████░░░░░░░  72%  Streaming frame 1904/2212
  ██████████████████░░░░░░░  72%  Streaming frame 1905/2212
  ██████████████████░░░░░░░  72%  Streaming frame 1906/2212
  ██████████████████░░░░░░░  72%  Streaming frame 1907/2212
  ██████████████████░░░░░░░  72%  Streaming frame 1908/2212
  ██████████████████░░░░░░░  72%  Streaming frame 1909/2212
  ██████████████████░░░░░░░  72%  Streaming frame 1910/2212
  ██████████████████░░░░░░░  73%  Streaming frame 1911/2212
  ██████████████████░░░░░░░  73%  Streaming frame 1912/2212
  ██████████████████░░░░░░░  73%  Streaming frame 1913/2212
  ██████████████████░░░░░░░  73%  Streaming frame 1914/2212
  ██████████████████░░░░░░░  73%  Streaming frame 1915/2212
  ██████████████████░░░░░░░  73%  Streaming frame 1916/2212
  ██████████████████░░░░░░░  73%  Streaming frame 1917/2212
  ██████████████████░░░░░░░  73%  Streaming frame 1918/2212
  ██████████████████░░░░░░░  73%  Streaming frame 1919/2212
  ██████████████████░░░░░░░  73%  Streaming frame 1920/2212
  ██████████████████░░░░░░░  73%  Streaming frame 1921/2212
  ██████████████████░░░░░░░  73%  Streaming frame 1922/2212
  ██████████████████░░░░░░░  73%  Streaming frame 1923/2212
  ██████████████████░░░░░░░  73%  Streaming frame 1924/2212
  ██████████████████░░░░░░░  73%  Streaming frame 1925/2212
  ██████████████████░░░░░░░  73%  Streaming frame 1926/2212
  ██████████████████░░░░░░░  73%  Streaming frame 1927/2212
  ██████████████████░░░░░░░  73%  Streaming frame 1928/2212
  ██████████████████░░░░░░░  73%  Streaming frame 1929/2212
  ██████████████████░░░░░░░  73%  Streaming frame 1930/2212
  ██████████████████░░░░░░░  73%  Streaming frame 1931/2212
  ██████████████████░░░░░░░  73%  Streaming frame 1932/2212
  ██████████████████░░░░░░░  73%  Streaming frame 1933/2212
  ██████████████████░░░░░░░  73%  Streaming frame 1934/2212
  ██████████████████░░░░░░░  73%  Streaming frame 1935/2212
  ██████████████████░░░░░░░  73%  Streaming frame 1936/2212
  ██████████████████░░░░░░░  73%  Streaming frame 1937/2212
  ██████████████████░░░░░░░  73%  Streaming frame 1938/2212
  ██████████████████░░░░░░░  73%  Streaming frame 1939/2212
  ██████████████████░░░░░░░  73%  Streaming frame 1940/2212
  ██████████████████░░░░░░░  73%  Streaming frame 1941/2212
  ██████████████████░░░░░░░  73%  Streaming frame 1942/2212
  ██████████████████░░░░░░░  73%  Streaming frame 1943/2212
  ██████████████████░░░░░░░  73%  Streaming frame 1944/2212
  ██████████████████░░░░░░░  73%  Streaming frame 1945/2212
  ██████████████████░░░░░░░  73%  Streaming frame 1946/2212
  ██████████████████░░░░░░░  73%  Streaming frame 1947/2212
  ██████████████████░░░░░░░  73%  Streaming frame 1948/2212
  ██████████████████░░░░░░░  73%  Streaming frame 1949/2212
  ██████████████████░░░░░░░  73%  Streaming frame 1950/2212
  ██████████████████░░░░░░░  74%  Streaming frame 1951/2212
  ██████████████████░░░░░░░  74%  Streaming frame 1952/2212
  ██████████████████░░░░░░░  74%  Streaming frame 1953/2212
  ██████████████████░░░░░░░  74%  Streaming frame 1954/2212
  ██████████████████░░░░░░░  74%  Streaming frame 1955/2212
  ██████████████████░░░░░░░  74%  Streaming frame 1956/2212
  ██████████████████░░░░░░░  74%  Streaming frame 1957/2212
  ██████████████████░░░░░░░  74%  Streaming frame 1958/2212
  ██████████████████░░░░░░░  74%  Streaming frame 1959/2212
  ██████████████████░░░░░░░  74%  Streaming frame 1960/2212
  ██████████████████░░░░░░░  74%  Streaming frame 1961/2212
  ██████████████████░░░░░░░  74%  Streaming frame 1962/2212
  ██████████████████░░░░░░░  74%  Streaming frame 1963/2212
  ██████████████████░░░░░░░  74%  Streaming frame 1964/2212
  ██████████████████░░░░░░░  74%  Streaming frame 1965/2212
  ██████████████████░░░░░░░  74%  Streaming frame 1966/2212
  ██████████████████░░░░░░░  74%  Streaming frame 1967/2212
  ██████████████████░░░░░░░  74%  Streaming frame 1968/2212
  ██████████████████░░░░░░░  74%  Streaming frame 1969/2212
  ██████████████████░░░░░░░  74%  Streaming frame 1970/2212
  ██████████████████░░░░░░░  74%  Streaming frame 1971/2212
  ██████████████████░░░░░░░  74%  Streaming frame 1972/2212
  ██████████████████░░░░░░░  74%  Streaming frame 1973/2212
  ██████████████████░░░░░░░  74%  Streaming frame 1974/2212
  ██████████████████░░░░░░░  74%  Streaming frame 1975/2212
  ██████████████████░░░░░░░  74%  Streaming frame 1976/2212
  ██████████████████░░░░░░░  74%  Streaming frame 1977/2212
  ██████████████████░░░░░░░  74%  Streaming frame 1978/2212
  ██████████████████░░░░░░░  74%  Streaming frame 1979/2212
  ██████████████████░░░░░░░  74%  Streaming frame 1980/2212
  ██████████████████░░░░░░░  74%  Streaming frame 1981/2212
  ██████████████████░░░░░░░  74%  Streaming frame 1982/2212
  ██████████████████░░░░░░░  74%  Streaming frame 1983/2212
  ██████████████████░░░░░░░  74%  Streaming frame 1984/2212
  ██████████████████░░░░░░░  74%  Streaming frame 1985/2212
  ██████████████████░░░░░░░  74%  Streaming frame 1986/2212
  ██████████████████░░░░░░░  74%  Streaming frame 1987/2212
  ██████████████████░░░░░░░  74%  Streaming frame 1988/2212
  ██████████████████░░░░░░░  74%  Streaming frame 1989/2212
  ██████████████████░░░░░░░  74%  Streaming frame 1990/2212
  ██████████████████░░░░░░░  75%  Streaming frame 1991/2212
  ██████████████████░░░░░░░  75%  Streaming frame 1992/2212
  ██████████████████░░░░░░░  75%  Streaming frame 1993/2212
  ██████████████████░░░░░░░  75%  Streaming frame 1994/2212
  ██████████████████░░░░░░░  75%  Streaming frame 1995/2212
  ██████████████████░░░░░░░  75%  Streaming frame 1996/2212
  ██████████████████░░░░░░░  75%  Streaming frame 1997/2212
  ██████████████████░░░░░░░  75%  Streaming frame 1998/2212
  ██████████████████░░░░░░░  75%  Streaming frame 1999/2212
  ██████████████████░░░░░░░  75%  Streaming frame 2000/2212
  ██████████████████░░░░░░░  75%  Streaming frame 2001/2212
  ██████████████████░░░░░░░  75%  Streaming frame 2002/2212
  ██████████████████░░░░░░░  75%  Streaming frame 2003/2212
  ██████████████████░░░░░░░  75%  Streaming frame 2004/2212
  ██████████████████░░░░░░░  75%  Streaming frame 2005/2212
  ██████████████████░░░░░░░  75%  Streaming frame 2006/2212
  ██████████████████░░░░░░░  75%  Streaming frame 2007/2212
  ██████████████████░░░░░░░  75%  Streaming frame 2008/2212
  ██████████████████░░░░░░░  75%  Streaming frame 2009/2212
  ██████████████████░░░░░░░  75%  Streaming frame 2010/2212
  ██████████████████░░░░░░░  75%  Streaming frame 2011/2212
  ██████████████████░░░░░░░  75%  Streaming frame 2012/2212
  ██████████████████░░░░░░░  75%  Streaming frame 2013/2212
  ██████████████████░░░░░░░  75%  Streaming frame 2014/2212
  ██████████████████░░░░░░░  75%  Streaming frame 2015/2212
  ██████████████████░░░░░░░  75%  Streaming frame 2016/2212
  ██████████████████░░░░░░░  75%  Streaming frame 2017/2212
  ██████████████████░░░░░░░  75%  Streaming frame 2018/2212
  ██████████████████░░░░░░░  75%  Streaming frame 2019/2212
  ██████████████████░░░░░░░  75%  Streaming frame 2020/2212
  ██████████████████░░░░░░░  75%  Streaming frame 2021/2212
  ██████████████████░░░░░░░  75%  Streaming frame 2022/2212
  ██████████████████░░░░░░░  75%  Streaming frame 2023/2212
  ██████████████████░░░░░░░  75%  Streaming frame 2024/2212
  ██████████████████░░░░░░░  75%  Streaming frame 2025/2212
  ██████████████████░░░░░░░  75%  Streaming frame 2026/2212
  ██████████████████░░░░░░░  75%  Streaming frame 2027/2212
  ██████████████████░░░░░░░  75%  Streaming frame 2028/2212
  ██████████████████░░░░░░░  75%  Streaming frame 2029/2212
  ██████████████████░░░░░░░  75%  Streaming frame 2030/2212
  ██████████████████░░░░░░░  75%  Streaming frame 2031/2212
  ███████████████████░░░░░░  76%  Streaming frame 2032/2212
  ███████████████████░░░░░░  76%  Streaming frame 2033/2212
  ███████████████████░░░░░░  76%  Streaming frame 2034/2212
  ███████████████████░░░░░░  76%  Streaming frame 2035/2212
  ███████████████████░░░░░░  76%  Streaming frame 2036/2212
  ███████████████████░░░░░░  76%  Streaming frame 2037/2212
  ███████████████████░░░░░░  76%  Streaming frame 2038/2212
  ███████████████████░░░░░░  76%  Streaming frame 2039/2212
  ███████████████████░░░░░░  76%  Streaming frame 2040/2212
  ███████████████████░░░░░░  76%  Streaming frame 2041/2212
  ███████████████████░░░░░░  76%  Streaming frame 2042/2212
  ███████████████████░░░░░░  76%  Streaming frame 2043/2212
  ███████████████████░░░░░░  76%  Streaming frame 2044/2212
  ███████████████████░░░░░░  76%  Streaming frame 2045/2212
  ███████████████████░░░░░░  76%  Streaming frame 2046/2212
  ███████████████████░░░░░░  76%  Streaming frame 2047/2212
  ███████████████████░░░░░░  76%  Streaming frame 2048/2212
  ███████████████████░░░░░░  76%  Streaming frame 2049/2212
  ███████████████████░░░░░░  76%  Streaming frame 2050/2212
  ███████████████████░░░░░░  76%  Streaming frame 2051/2212
  ███████████████████░░░░░░  76%  Streaming frame 2052/2212
  ███████████████████░░░░░░  76%  Streaming frame 2053/2212
  ███████████████████░░░░░░  76%  Streaming frame 2054/2212
  ███████████████████░░░░░░  76%  Streaming frame 2055/2212
  ███████████████████░░░░░░  76%  Streaming frame 2056/2212
  ███████████████████░░░░░░  76%  Streaming frame 2057/2212
  ███████████████████░░░░░░  76%  Streaming frame 2058/2212
  ███████████████████░░░░░░  76%  Streaming frame 2059/2212
  ███████████████████░░░░░░  76%  Streaming frame 2060/2212
  ███████████████████░░░░░░  76%  Streaming frame 2061/2212
  ███████████████████░░░░░░  76%  Streaming frame 2062/2212
  ███████████████████░░░░░░  76%  Streaming frame 2063/2212
  ███████████████████░░░░░░  76%  Streaming frame 2064/2212
  ███████████████████░░░░░░  76%  Streaming frame 2065/2212
  ███████████████████░░░░░░  76%  Streaming frame 2066/2212
  ███████████████████░░░░░░  76%  Streaming frame 2067/2212
  ███████████████████░░░░░░  76%  Streaming frame 2068/2212
  ███████████████████░░░░░░  76%  Streaming frame 2069/2212
  ███████████████████░░░░░░  76%  Streaming frame 2070/2212
  ███████████████████░░░░░░  76%  Streaming frame 2071/2212
  ███████████████████░░░░░░  77%  Streaming frame 2072/2212
  ███████████████████░░░░░░  77%  Streaming frame 2073/2212
  ███████████████████░░░░░░  77%  Streaming frame 2074/2212
  ███████████████████░░░░░░  77%  Streaming frame 2075/2212
  ███████████████████░░░░░░  77%  Streaming frame 2076/2212
  ███████████████████░░░░░░  77%  Streaming frame 2077/2212
  ███████████████████░░░░░░  77%  Streaming frame 2078/2212
  ███████████████████░░░░░░  77%  Streaming frame 2079/2212
  ███████████████████░░░░░░  77%  Streaming frame 2080/2212
  ███████████████████░░░░░░  77%  Streaming frame 2081/2212
  ███████████████████░░░░░░  77%  Streaming frame 2082/2212
  ███████████████████░░░░░░  77%  Streaming frame 2083/2212
  ███████████████████░░░░░░  77%  Streaming frame 2084/2212
  ███████████████████░░░░░░  77%  Streaming frame 2085/2212
  ███████████████████░░░░░░  77%  Streaming frame 2086/2212
  ███████████████████░░░░░░  77%  Streaming frame 2087/2212
  ███████████████████░░░░░░  77%  Streaming frame 2088/2212
  ███████████████████░░░░░░  77%  Streaming frame 2089/2212
  ███████████████████░░░░░░  77%  Streaming frame 2090/2212
  ███████████████████░░░░░░  77%  Streaming frame 2091/2212
  ███████████████████░░░░░░  77%  Streaming frame 2092/2212
  ███████████████████░░░░░░  77%  Streaming frame 2093/2212
  ███████████████████░░░░░░  77%  Streaming frame 2094/2212
  ███████████████████░░░░░░  77%  Streaming frame 2095/2212
  ███████████████████░░░░░░  77%  Streaming frame 2096/2212
  ███████████████████░░░░░░  77%  Streaming frame 2097/2212
  ███████████████████░░░░░░  77%  Streaming frame 2098/2212
  ███████████████████░░░░░░  77%  Streaming frame 2099/2212
  ███████████████████░░░░░░  77%  Streaming frame 2100/2212
  ███████████████████░░░░░░  77%  Streaming frame 2101/2212
[INFO] [Render] drawElement self-verify passed {"renderJobId":"e2fc0cb5-36e7-43cd-bfca-c679b624d538","frame":2101,"psnrDb":"inf"}
  ███████████████████░░░░░░  77%  Streaming frame 2102/2212
  ███████████████████░░░░░░  77%  Streaming frame 2103/2212
  ███████████████████░░░░░░  77%  Streaming frame 2104/2212
  ███████████████████░░░░░░  77%  Streaming frame 2105/2212
  ███████████████████░░░░░░  77%  Streaming frame 2106/2212
  ███████████████████░░░░░░  77%  Streaming frame 2107/2212
  ███████████████████░░░░░░  77%  Streaming frame 2108/2212
  ███████████████████░░░░░░  77%  Streaming frame 2109/2212
  ███████████████████░░░░░░  77%  Streaming frame 2110/2212
  ███████████████████░░░░░░  77%  Streaming frame 2111/2212
  ███████████████████░░░░░░  78%  Streaming frame 2112/2212
  ███████████████████░░░░░░  78%  Streaming frame 2113/2212
  ███████████████████░░░░░░  78%  Streaming frame 2114/2212
  ███████████████████░░░░░░  78%  Streaming frame 2115/2212
  ███████████████████░░░░░░  78%  Streaming frame 2116/2212
  ███████████████████░░░░░░  78%  Streaming frame 2117/2212
  ███████████████████░░░░░░  78%  Streaming frame 2118/2212
  ███████████████████░░░░░░  78%  Streaming frame 2119/2212
  ███████████████████░░░░░░  78%  Streaming frame 2120/2212
  ███████████████████░░░░░░  78%  Streaming frame 2121/2212
  ███████████████████░░░░░░  78%  Streaming frame 2122/2212
  ███████████████████░░░░░░  78%  Streaming frame 2123/2212
  ███████████████████░░░░░░  78%  Streaming frame 2124/2212
  ███████████████████░░░░░░  78%  Streaming frame 2125/2212
  ███████████████████░░░░░░  78%  Streaming frame 2126/2212
  ███████████████████░░░░░░  78%  Streaming frame 2127/2212
  ███████████████████░░░░░░  78%  Streaming frame 2128/2212
  ███████████████████░░░░░░  78%  Streaming frame 2129/2212
  ███████████████████░░░░░░  78%  Streaming frame 2130/2212
  ███████████████████░░░░░░  78%  Streaming frame 2131/2212
  ███████████████████░░░░░░  78%  Streaming frame 2132/2212
  ███████████████████░░░░░░  78%  Streaming frame 2133/2212
  ███████████████████░░░░░░  78%  Streaming frame 2134/2212
  ███████████████████░░░░░░  78%  Streaming frame 2135/2212
  ███████████████████░░░░░░  78%  Streaming frame 2136/2212
  ███████████████████░░░░░░  78%  Streaming frame 2137/2212
  ███████████████████░░░░░░  78%  Streaming frame 2138/2212
  ███████████████████░░░░░░  78%  Streaming frame 2139/2212
  ███████████████████░░░░░░  78%  Streaming frame 2140/2212
  ███████████████████░░░░░░  78%  Streaming frame 2141/2212
  ███████████████████░░░░░░  78%  Streaming frame 2142/2212
  ███████████████████░░░░░░  78%  Streaming frame 2143/2212
  ███████████████████░░░░░░  78%  Streaming frame 2144/2212
  ███████████████████░░░░░░  78%  Streaming frame 2145/2212
  ███████████████████░░░░░░  78%  Streaming frame 2146/2212
  ███████████████████░░░░░░  78%  Streaming frame 2147/2212
  ███████████████████░░░░░░  78%  Streaming frame 2148/2212
  ███████████████████░░░░░░  78%  Streaming frame 2149/2212
  ███████████████████░░░░░░  78%  Streaming frame 2150/2212
  ███████████████████░░░░░░  78%  Streaming frame 2151/2212
  ███████████████████░░░░░░  79%  Streaming frame 2152/2212
  ███████████████████░░░░░░  79%  Streaming frame 2153/2212
  ███████████████████░░░░░░  79%  Streaming frame 2154/2212
  ███████████████████░░░░░░  79%  Streaming frame 2155/2212
  ███████████████████░░░░░░  79%  Streaming frame 2156/2212
  ███████████████████░░░░░░  79%  Streaming frame 2157/2212
  ███████████████████░░░░░░  79%  Streaming frame 2158/2212
  ███████████████████░░░░░░  79%  Streaming frame 2159/2212
  ███████████████████░░░░░░  79%  Streaming frame 2160/2212
  ███████████████████░░░░░░  79%  Streaming frame 2161/2212
  ███████████████████░░░░░░  79%  Streaming frame 2162/2212
  ███████████████████░░░░░░  79%  Streaming frame 2163/2212
  ███████████████████░░░░░░  79%  Streaming frame 2164/2212
  ███████████████████░░░░░░  79%  Streaming frame 2165/2212
  ███████████████████░░░░░░  79%  Streaming frame 2166/2212
  ███████████████████░░░░░░  79%  Streaming frame 2167/2212
  ███████████████████░░░░░░  79%  Streaming frame 2168/2212
  ███████████████████░░░░░░  79%  Streaming frame 2169/2212
  ███████████████████░░░░░░  79%  Streaming frame 2170/2212
  ███████████████████░░░░░░  79%  Streaming frame 2171/2212
  ███████████████████░░░░░░  79%  Streaming frame 2172/2212
  ███████████████████░░░░░░  79%  Streaming frame 2173/2212
  ███████████████████░░░░░░  79%  Streaming frame 2174/2212
  ███████████████████░░░░░░  79%  Streaming frame 2175/2212
  ███████████████████░░░░░░  79%  Streaming frame 2176/2212
  ███████████████████░░░░░░  79%  Streaming frame 2177/2212
  ███████████████████░░░░░░  79%  Streaming frame 2178/2212
  ███████████████████░░░░░░  79%  Streaming frame 2179/2212
  ███████████████████░░░░░░  79%  Streaming frame 2180/2212
  ███████████████████░░░░░░  79%  Streaming frame 2181/2212
  ███████████████████░░░░░░  79%  Streaming frame 2182/2212
  ███████████████████░░░░░░  79%  Streaming frame 2183/2212
  ███████████████████░░░░░░  79%  Streaming frame 2184/2212
  ███████████████████░░░░░░  79%  Streaming frame 2185/2212
  ███████████████████░░░░░░  79%  Streaming frame 2186/2212
  ███████████████████░░░░░░  79%  Streaming frame 2187/2212
  ███████████████████░░░░░░  79%  Streaming frame 2188/2212
  ███████████████████░░░░░░  79%  Streaming frame 2189/2212
  ███████████████████░░░░░░  79%  Streaming frame 2190/2212
  ███████████████████░░░░░░  79%  Streaming frame 2191/2212
  ████████████████████░░░░░  80%  Streaming frame 2192/2212
  ████████████████████░░░░░  80%  Streaming frame 2193/2212
  ████████████████████░░░░░  80%  Streaming frame 2194/2212
  ████████████████████░░░░░  80%  Streaming frame 2195/2212
  ████████████████████░░░░░  80%  Streaming frame 2196/2212
  ████████████████████░░░░░  80%  Streaming frame 2197/2212
  ████████████████████░░░░░  80%  Streaming frame 2198/2212
  ████████████████████░░░░░  80%  Streaming frame 2199/2212
  ████████████████████░░░░░  80%  Streaming frame 2200/2212
  ████████████████████░░░░░  80%  Streaming frame 2201/2212
  ████████████████████░░░░░  80%  Streaming frame 2202/2212
  ████████████████████░░░░░  80%  Streaming frame 2203/2212
  ████████████████████░░░░░  80%  Streaming frame 2204/2212
  ████████████████████░░░░░  80%  Streaming frame 2205/2212
  ████████████████████░░░░░  80%  Streaming frame 2206/2212
  ████████████████████░░░░░  80%  Streaming frame 2207/2212
  ████████████████████░░░░░  80%  Streaming frame 2208/2212
  ████████████████████░░░░░  80%  Streaming frame 2209/2212
  ████████████████████░░░░░  80%  Streaming frame 2210/2212
  ████████████████████░░░░░  80%  Streaming frame 2211/2212
  ████████████████████░░░░░  80%  Streaming frame 2212/2212
[INFO] [Render:trace] {"renderJobId":"e2fc0cb5-36e7-43cd-bfca-c679b624d538","phase":"capture_streaming","status":"end","elapsedMs":52935,"durationMs":48677,"stagePhase":"capturing","workerCount":1,"forceScreenshot":false,"totalFrames":2212,"framesCompleted":2212,"captureMode":"drawelement","captureOperation":"encode"}
[INFO] [Render:trace] {"renderJobId":"e2fc0cb5-36e7-43cd-bfca-c679b624d538","phase":"assemble","status":"start","elapsedMs":52936,"stagePhase":"capturing","hasAudio":true,"workerCount":1,"forceScreenshot":false,"totalFrames":2212,"framesCompleted":2212,"captureMode":"drawelement","captureOperation":"encode"}
  ██████████████████████░░░  90%  Assembling final video
[INFO] [Render:trace] {"renderJobId":"e2fc0cb5-36e7-43cd-bfca-c679b624d538","phase":"assemble","status":"end","elapsedMs":54957,"durationMs":2021,"stagePhase":"capturing","hasAudio":true,"workerCount":1,"forceScreenshot":false,"totalFrames":2212,"framesCompleted":2212,"captureMode":"drawelement","captureOperation":"encode"}
[INFO] [Render:trace] {"renderJobId":"e2fc0cb5-36e7-43cd-bfca-c679b624d538","phase":"pipeline","status":"checkpoint","elapsedMs":54990,"message":"artifact validated","totalElapsedMs":54979}
  █████████████████████████  100%  Render complete

◇  /Users/brownmanbrain/GitHub/operator-economy/blueprint-cinema/experiments/EP007-NET-NEW-UNFINISHED-ANSWER-003/hyperframes/reviews/r45-checkbox-context/qa/r45-checkbox-context.mp4
   11.2 MB · 1m 32.2s video · rendered in 55.0s
