source_frame,source_time_s,candidate_frame,candidate_time_s,candidate_minus_source_sampling_ms,source_mouth_aperture,candidate_mouth_aperture,source_mouth_width,candidate_mouth_width,source_left_eye_aperture,candidate_left_eye_aperture,source_right_eye_aperture,candidate_right_eye_aperture,source_left_brow_height,candidate_left_brow_height,source_right_brow_height,candidate_right_brow_height,source_interocular_width_fraction,candidate_interocular_width_fraction,source_face_center_x,candidate_face_center_x,source_nose_x,candidate_nose_x,source_shoulder_center_x,candidate_shoulder_center_x,source_face_center_y,candidate_face_center_y,source_nose_y,candidate_nose_y,source_shoulder_center_y,candidate_shoulder_center_y,source_head_pitch_deg,candidate_head_pitch_deg,source_head_yaw_deg,candidate_head_yaw_deg,source_head_roll_deg,candidate_head_roll_deg,source_left_wrist_x,candidate_left_wrist_x,source_left_wrist_body_relative_x,candidate_left_wrist_body_relative_x,source_left_wrist_y,candidate_left_wrist_y,source_left_wrist_body_relative_y,candidate_left_wrist_body_relative_y,source_right_wrist_x,candidate_right_wrist_x,source_right_wrist_body_relative_x,candidate_right_wrist_body_relative_x,source_right_wrist_y,candidate_right_wrist_y,source_right_wrist_body_relative_y,candidate_right_wrist_body_relative_y,source_left_elbow_x,candidate_left_elbow_x,source_left_elbow_body_relative_x,candidate_left_elbow_body_relative_x,source_left_elbow_y,candidate_left_elbow_y,source_left_elbow_body_relative_y,candidate_left_elbow_body_relative_y,source_right_elbow_x,candidate_right_elbow_x,source_right_elbow_body_relative_x,candidate_right_elbow_body_relative_x,source_right_elbow_y,candidate_right_elbow_y,source_right_elbow_body_relative_y,candidate_right_elbow_body_relative_y
0,0.0,0,0.0,0.0,0.06534886632694259,0.02994889220079641,0.5624587676762588,0.5646886836682666,0.08100058582007258,0.08215551593494377,0.08081666362451254,0.08341696193632066,0.12560931886919072,0.10045922095521857,0.07637139127033128,0.09768691355960371,0.08231566015149215,0.08189590070949904,0.5064789205789566,0.4889288693666458,0.5070460438728333,0.48799529671669006,0.49952924251556396,0.49446558952331543,0.23508433252573013,0.23336078226566315,0.28670090436935425,0.2888953685760498,0.48826833069324493,0.4848717004060745,-174.44992065429688,-171.42889404296875,-11.647150993347168,0.7881917953491211,4.372751712799072,0.6146602034568787,0.6287354230880737,0.6319131851196289,0.4917391622645503,0.5234386508939697,0.8548457026481628,0.8482061624526978,0.7847651138492829,0.7783192288244387,0.3267607092857361,0.3359587490558624,-0.6575308814150208,-0.6036381092866103,0.8389294743537903,0.8682845830917358,0.75069181400845,0.8213303453030718,0.7187749147415161,0.722588300704956,0.834415836090864,0.8687546963709517,0.7909654974937439,0.7884541749954224,0.6480110196088771,0.6503211288465004,0.27356237173080444,0.2682024836540222,-0.8599957002589473,-0.8616728024195344,0.771905243396759,0.7735650539398193,0.6072070212697321,0.6184263034765259
1,0.041667,1,0.041667,0.0,0.0681699219157521,0.04780277750180443,0.5906893181969515,0.5632261994793147,0.07879659733133272,0.07617943195343274,0.0780902373735633,0.07684327415418785,0.1272496586615808,0.09766667572807432,0.08016866251545923,0.09714335635113462,0.08299404032931436,0.08250255033375897,0.5057839602231979,0.4886961877346039,0.5056416392326355,0.4879636764526367,0.4989188015460968,0.4973454475402832,0.23937778174877167,0.23376578092575073,0.2936922609806061,0.2885773181915283,0.48616836965084076,0.48316267132759094,-173.56253051757812,-172.89561462402344,-8.623428344726562,0.6305132508277893,4.363129615783691,0.25332772731781006,0.6275386810302734,0.6292763948440552,0.49279140091469986,0.5075347163256415,0.8515728712081909,0.8477007746696472,0.7875015960335241,0.7888320177412489,0.3293224275112152,0.338792085647583,-0.6497878483938757,-0.6099504111450251,0.8491690158843994,0.8553887009620667,0.7823209266765474,0.8054680904971461,0.7160893678665161,0.7226508855819702,0.8320625710712487,0.8667438074238907,0.8026783466339111,0.7901812791824341,0.6821265500900837,0.6643643166459204,0.2711576223373413,0.2683137059211731,-0.8726392142987097,-0.8810787945346562,0.7801362872123718,0.7794018387794495,0.6335450255147533,0.6410384485260956
2,0.083333,2,0.083333,0.0,0.08150032436687275,0.06009948675922831,0.5967142651395635,0.575359596126876,0.08367415812892841,0.07997129815015439,0.08426269932570918,0.08023756907883492,0.12594382431023213,0.09341978361751915,0.08042167363460381,0.09544247762350701,0.08249082304640366,0.0825346616805817,0.5056431293487549,0.4878580719232559,0.5057438611984253,0.48745670914649963,0.5001659393310547,0.4970322251319885,0.2413020208477974,0.23911267518997192,0.29853835701942444,0.29483550786972046,0.48733487725257874,0.48267610371112823,-170.9687957763672,-171.82870483398438,-10.39447021484375,0.3249399662017822,3.871816396713257,-0.2518937885761261,0.626275897026062,0.629077136516571,0.4824056652708875,0.5072471002584059,0.8512150049209595,0.8478291630744934,0.782967768999097,0.7890333756206808,0.3360043168067932,0.33706265687942505,-0.6279638671934935,-0.6145189449169209,0.8516355156898499,0.854033350944519,0.7838725899923947,0.8024395656348245,0.7151464819908142,0.7215851545333862,0.8223603718343289,0.8626142507047709,0.8029932379722595,0.7868287563323975,0.67920807888646,0.6572219184474443,0.2729824185371399,0.2663159966468811,-0.8690401574174013,-0.8862904041850941,0.7825070023536682,0.7752507328987122,0.6351274573360128,0.6322037878891971
3,0.125,3,0.125,0.0,0.05936436970297467,0.04527368449536761,0.5872115518279339,0.5710136258411963,0.08207257936435439,0.07654043080544312,0.083340558264415,0.07828322915101021,0.12772124493036266,0.09539061229934749,0.08370552339036058,0.09814510714991474,0.0827859092633076,0.08270545368866893,0.5055290311574936,0.4877270758152008,0.5053790807723999,0.4868888854980469,0.5004513412714005,0.497378945350647,0.24297618865966797,0.23982051759958267,0.300359308719635,0.29675740003585815,0.4893481433391571,0.48248180747032166,-170.11422729492188,-170.48327636718753,-8.628815650939941,0.7315495610237122,3.874138355255127,0.1796720921993256,0.6253786087036133,0.6286293268203735,0.4780318574260757,0.5064344702507989,0.8536515831947327,0.8465616703033447,0.7841251765943947,0.7902088138636132,0.3352062702178955,0.3352808654308319,-0.6323071805686707,-0.6254614601009604,0.8539994359016418,0.8512213230133057,0.7848738932832685,0.8003222505483641,0.7139267921447754,0.7209941148757935,0.8168598288699543,0.8628274344835402,0.7940234541893005,0.7844321131706238,0.6557818449889788,0.6553611371322158,0.273696631193161,0.2667427659034729,-0.867672666398704,-0.8899182619590228,0.7766523361206055,0.7729654908180237,0.6183923242404029,0.6304736688230285
4,0.166667,4,0.166667,0.0,0.046774394735135644,0.038330890916003356,0.5850168537948867,0.5769184128078841,0.08298856147514769,0.07725417193916319,0.0840710202074471,0.07932273719045489,0.12915070838757767,0.09450562482040491,0.0841535568221778,0.09703216404461538,0.08301329063806957,0.08280587974128828,0.505225270986557,0.48752595484256744,0.505399227142334,0.4866529107093811,0.4993631988763809,0.4975006580352783,0.24349697679281235,0.24002626538276672,0.3002597987651825,0.2957117259502411,0.4887472689151764,0.48251602053642273,-169.84423828125,-170.72361755371094,-8.014222145080566,0.8049585819244385,3.8063430786132817,0.22817941009998324,0.6238299608230591,0.6282087564468384,0.4781139080472727,0.5048558879808236,0.854475736618042,0.8459898829460144,0.7902404918110858,0.7896972797361612,0.3281781077384949,0.336395800113678,-0.6575729266454786,-0.6222624083163968,0.847171425819397,0.8518743515014648,0.7744578479438552,0.8024821022269064,0.7148767709732056,0.7205959558486938,0.8278518263099275,0.861698517924249,0.7947486042976379,0.7844014763832092,0.6611862819602727,0.655887941140241,0.27259838581085205,0.2682008147239685,-0.8710711943226769,-0.8856633782880947,0.7799001336097717,0.7737956643104553,0.6291027450873515,0.6328453463090103
5,0.208333,5,0.208333,0.0,0.04249521940908731,0.03644981480525369,0.5943845597151827,0.5861500704376422,0.08250426169899495,0.07467508662969048,0.08402495289921634,0.07672691852436377,0.1243013599644853,0.09477929104507941,0.08345381565725199,0.09789424135056103,0.08296941410659545,0.08302656446965616,0.5048514902591705,0.4869565814733505,0.5051584243774414,0.4862530827522278,0.5000942051410675,0.49766500294208527,0.2424587681889534,0.23903721570968628,0.2986455261707306,0.29461726546287537,0.48980629444122314,0.4827532321214676,-169.92665100097656,-170.28578186035156,-7.087495803833008,0.5466607213020325,3.4549481868743896,0.0683632418513298,0.6286675930023193,0.6273611783981323,0.49302325304164474,0.5018422441356645,0.854220986366272,0.8463340997695923,0.7860220331745736,0.7913408689258392,0.3349013030529022,0.33594125509262085,-0.6334432289735279,-0.6257687111082928,0.8515719771385193,0.852825939655304,0.7803082689789066,0.8054704853969082,0.7150006294250488,0.721057116985321,0.8240730540162403,0.8643863201013205,0.7946023941040039,0.7846253514289856,0.6574280764999835,0.6570305713349271,0.271350622177124,0.2679669260978699,-0.8771325642207181,-0.8887864114097346,0.7783774733543396,0.7740803360939026,0.6224318332684661,0.634079139231033
6,0.25,6,0.25,0.0,0.04117740132927702,0.033331946031846756,0.595288840488647,0.5809557476357983,0.08171849471865109,0.07854610939235482,0.08266978729480576,0.08104409442464318,0.12096133956052861,0.09390910481651557,0.08087168304465779,0.0994650737586069,0.08307208355377807,0.08331410910911634,0.5045490264892578,0.48702171444892883,0.5045709609985352,0.4859635829925537,0.5001383125782013,0.49755866825580597,0.24195822328329086,0.23870397359132767,0.2978054881095886,0.29490581154823303,0.4890632629394531,0.4825735539197922,-169.81138610839844,-169.33505249023438,-6.007942199707031,1.4272812604904175,3.4580702781677246,0.09271699935197832,0.6278191804885864,0.6269487142562866,0.4887687134229193,0.49926878657141033,0.8547049760818481,0.8473389744758606,0.787328249369233,0.7917165726817471,0.33033910393714905,0.33687257766723633,-0.6499998167772997,-0.6200287575967077,0.8494189977645874,0.8526021242141724,0.7759460686575047,0.8031401414673374,0.715821385383606,0.7203004956245422,0.8256455311393214,0.8594791122392399,0.7972389459609985,0.7855632305145264,0.6635879121292416,0.6576334674099444,0.27433329820632935,0.2682377099990845,-0.864392826938223,-0.8848655681272505,0.7844740748405457,0.7745240330696106,0.6361015962318644,0.6336730943216122
7,0.291667,7,0.291667,0.0,0.05475125421217475,0.03782203685083222,0.5840259338130226,0.5808803340155632,0.08096904165783231,0.07758480685154268,0.08106883698181382,0.07947909582604497,0.12096005407256179,0.09470539257855097,0.08047880316638958,0.10138054170342953,0.08312611550628064,0.08311648539247041,0.5044427961111069,0.48677580058574677,0.5046042799949646,0.48596498370170593,0.5001655220985413,0.4973253458738327,0.24193628132343292,0.23846030980348587,0.2982175350189209,0.2944151759147644,0.48835015296936035,0.4826616793870926,-171.14466857910156,-169.86138916015625,-7.45227813720703,1.1599080562591553,3.4230949878692627,-0.17529048025608063,0.6255306601524353,0.6268702745437622,0.4802827846540629,0.4982463923787547,0.8553902506828308,0.8480591773986816,0.7909631948495089,0.7905181446215199,0.3305097222328186,0.33771419525146484,-0.6499634687690649,-0.6138849339570993,0.8515267968177795,0.853218138217926,0.7826375382487956,0.801679283264223,0.7148941159248352,0.7205775380134583,0.8226405569258676,0.8586565330367675,0.7987521886825562,0.7876561284065247,0.6689094390094759,0.659839345564039,0.27434590458869934,0.2687837481498718,-0.8651310596452807,-0.8790002645689989,0.7862534523010254,0.7753775715827942,0.6419749418755009,0.6332753378416395
8,0.333333,8,0.333333,0.0,0.07044454815995724,0.10615700890399622,0.5878610701480154,0.5659084256213457,0.08338696498826906,0.0797556013116714,0.0831974499751176,0.07998201140937629,0.12426673383068146,0.0940349862143706,0.08479317924389976,0.09858683203696687,0.08277567835833943,0.08253102870495474,0.5043305307626724,0.48660004138946533,0.5042605400085449,0.4864000380039215,0.5007298588752747,0.4972382038831711,0.24182645231485367,0.23810257762670517,0.29872554540634155,0.29431939125061035,0.4881887584924698,0.48399269580841064,-171.9457550048828,-172.82290649414062,-8.458880424499512,-0.1338416337966919,3.336965560913086,-0.5223721861839294,0.625796914100647,0.6273168325424194,0.47902072221291214,0.5000132599903938,0.8543233275413513,0.8487870693206787,0.7888140527853976,0.7887624548007789,0.3325538635253906,0.3374963402748108,-0.6441327542749536,-0.6140366853727456,0.8541768193244934,0.853836715221405,0.7884984099860677,0.7996808553730882,0.715723991394043,0.7214056253433228,0.8234514232792624,0.8616840778783983,0.7978968024253845,0.7875356674194336,0.6672466299743044,0.6563239918429876,0.2756524085998535,0.26881539821624756,-0.8620716510074213,-0.8780414807175184,0.7860835790634155,0.775252103805542,0.641795778335737,0.6297643338731839
9,0.375,9,0.375,0.0,0.038848193367592224,0.06935906657782397,0.5486246657478817,0.5203945787919907,0.08379553991102268,0.08304520947821092,0.08591862919873537,0.0844202890196379,0.12644148044799824,0.1023424816640915,0.09096022753104208,0.10864822739958026,0.08316004812627979,0.08257956415864251,0.5044455081224442,0.4869679808616638,0.5046219229698181,0.48684433102607727,0.5007568001747131,0.4973125159740448,0.24160601198673248,0.23741595447063446,0.2993040978908539,0.2916133999824524,0.48917753994464874,0.48525917530059814,-171.32144165039062,-173.7588806152344,-9.52217960357666,-0.5724781155586243,3.0336971282958984,-0.41247302293777466,0.6261304616928101,0.6282430291175842,0.47822541413058056,0.5022463887769867,0.855320155620575,0.8481248021125793,0.7855957927239737,0.782968536476839,0.33262473344802856,0.3389190435409546,-0.6413231157597895,-0.6075936588452311,0.8563308119773865,0.854468047618866,0.7877642575456257,0.796655591087674,0.7149749994277954,0.7215603590011597,0.8171141036454873,0.8602094855301073,0.7963129878044128,0.7905007004737854,0.6589899817850907,0.6586308886199452,0.27569666504859924,0.2678925693035126,-0.8584695941853352,-0.8800495542422709,0.786201536655426,0.774808943271637,0.6372948467724299,0.6247722057811815
10,0.416667,10,0.416667,0.0,0.02811206631001722,0.03331783772057565,0.5489731674637708,0.533234513829603,0.08016053910040476,0.05890498537378369,0.08209382461626767,0.0598227353929319,0.13021781446401498,0.12650385726476432,0.09208035760103055,0.13744944177779397,0.08345341029431454,0.08056611940838418,0.5042491406202316,0.4873425215482712,0.5042138695716858,0.4865182042121887,0.5005260556936264,0.49706733226776123,0.2414402812719345,0.23757600039243698,0.29865989089012146,0.2884778678417206,0.48923932015895844,0.48468589782714844,-170.63978576660156,-174.87173461914065,-7.70665168762207,3.790014028549194,3.385207176208496,-0.42323097586631775,0.6271354556083679,0.6290301084518433,0.4827120639710807,0.5063047876305021,0.8548823595046997,0.8488489985466003,0.7841552231029404,0.785921293648967,0.33187755942344666,0.339568555355072,-0.6429906766402651,-0.6042793816765871,0.8553511500358582,0.8549112677574158,0.7851605876360841,0.799004624857427,0.7150303721427917,0.7210049629211426,0.817820962690042,0.8591869450539386,0.7962673902511597,0.7903304100036621,0.6584500151645494,0.6596289682614789,0.27535921335220337,0.2668205499649048,-0.8584729986689088,-0.8833934203827096,0.786119818687439,0.7761091589927673,0.6366876119809944,0.6289372700369528
11,0.458333,11,0.458333,0.0,0.027911728127396316,0.02705213513104179,0.5507777634536257,0.5373433493001696,0.06215342043831629,0.04967476519135201,0.0642676560050174,0.05023939871898543,0.14979943586741545,0.15058980189027932,0.11448228451962221,0.1645249146242714,0.0829884838937223,0.08066892485237799,0.5038662850856781,0.48689740896224976,0.5042211413383484,0.4863211512565613,0.5008583068847656,0.4966493844985962,0.241281159222126,0.23808807879686356,0.29553481936454773,0.284867525100708,0.4890790283679962,0.4838770925998688,-171.93472290039062,-177.03294372558594,-7.751194953918457,2.9282641410827637,3.110800266265869,-1.0057305097579956,0.627586305141449,0.6282613277435303,0.48422111553781555,0.5042741060704701,0.8544585108757019,0.8497577905654907,0.7853040406594916,0.7885575465808834,0.3301728665828705,0.3371351957321167,-0.6521802241493871,-0.611182184249596,0.8545582890510559,0.8541411757469177,0.785518492231149,0.7980047556946855,0.7158373594284058,0.7217370867729187,0.8214238216648722,0.8624285688161443,0.7962252497673035,0.7894458174705505,0.6601442617486982,0.658571292051362,0.2756854295730591,0.26561570167541504,-0.8603738979597118,-0.8852107263624999,0.7853535413742065,0.7767584323883057,0.6367778798397451,0.6312270421124873
12,0.5,12,0.5,0.0,0.030855679049025836,0.028205969103209362,0.5513938308833833,0.5445451301826274,0.056510646862429556,0.048312019543504454,0.05910729647279155,0.04898441829244433,0.1594818668489154,0.15055520416467946,0.13144997015257104,0.1655560629380268,0.08172475413081913,0.08087235363406035,0.5034684985876083,0.4869760423898697,0.504350483417511,0.4862971603870392,0.5010129809379578,0.4968913644552231,0.24147118628025055,0.23646588623523712,0.29010704159736633,0.28357961773872375,0.4892069101333618,0.4833494871854782,-175.60238647460938,-176.9325714111328,-7.376648426055908,2.7802834510803223,2.5907061100006104,-0.9721534848213195,0.6289469003677368,0.6270729303359985,0.48898048613638845,0.4989640827816917,0.8539085984230042,0.850960373878479,0.7840903758485994,0.7925573260531346,0.32791897654533386,0.33699941635131836,-0.661588348050704,-0.6128389890693751,0.8536137342453003,0.8558390140533447,0.7834564326250174,0.8030755183910999,0.7163517475128174,0.7206856608390808,0.8230534578562703,0.8577659599609702,0.7956020832061768,0.7885660529136658,0.6587342864781662,0.6580371636345743,0.2755563259124756,0.2650413513183594,-0.8617253756346883,-0.8886421696118353,0.7853764891624451,0.7762665748596191,0.6367497710934797,0.6315198819347394
13,0.541667,13,0.541667,0.0,0.02778598952580388,0.026236762976382482,0.5285310781606607,0.5361274903455271,0.05008577262381921,0.04741724246845992,0.05012959565279005,0.04647538685089903,0.16902125917709543,0.1492827809934152,0.14438368136283533,0.1638380176114236,0.08234600618426621,0.08079435915950596,0.502780482172966,0.4872155338525772,0.5039209127426147,0.4868869483470917,0.5018111318349838,0.4975622445344925,0.23784136027097702,0.2335878312587738,0.283773809671402,0.2803558111190796,0.48566441237926483,0.48298242688179016,-177.6221923828125,-176.7354278564453,-6.0059967041015625,2.7448222637176514,2.1026790142059326,-1.1414780616760254,0.6283218860626221,0.6283289194107056,0.48234625798825814,0.4988476598287254,0.854370653629303,0.8504773378372192,0.79074141347047,0.7885781051076207,0.32929539680480957,0.33586597442626953,-0.6577489774993325,-0.6168376310162887,0.8538011312484741,0.8551828861236572,0.7895199941343263,0.7986753669759945,0.7161257863044739,0.7208588123321533,0.8171152898938406,0.8518299513166856,0.7975005507469177,0.7881022095680237,0.6687756301277025,0.6547322776144268,0.27528542280197144,0.26417434215545654,-0.8636722526656165,-0.8903262933337401,0.7834634780883789,0.7778080701828003,0.6386711907849645,0.6326429025289096
14,0.583333,14,0.583333,0.0,0.025698213852847845,0.0331095951999864,0.5265551258690464,0.5142624472303376,0.04941582007384398,0.05693572431929645,0.0492278560958537,0.054750610304812056,0.1656110245244946,0.13287273422100673,0.1518434420463344,0.15571579126280535,0.08190502575614239,0.08177426399561381,0.5014492869377136,0.4871712625026703,0.5031172633171082,0.48747995495796204,0.5021706223487854,0.4981759935617447,0.2336127683520317,0.22673901915550232,0.27859699726104736,0.2727614939212799,0.48511578142642975,0.4818165749311447,-177.96954345703125,-177.38768005371094,-5.789600849151611,3.1606650352478027,0.9184061884880067,-2.3342013359069824,0.6287838220596313,0.629565954208374,0.4821903062605698,0.4995820473759463,0.8537152409553528,0.8511014580726624,0.7896174037110291,0.7898210381199859,0.3315339982509613,0.3321973979473114,-0.6498479322922546,-0.631097887612999,0.8543097376823425,0.8541175723075867,0.7908909404728037,0.7962718585701789,0.7155436277389526,0.7218957543373108,0.8126040179996296,0.8506462409811331,0.7978156805038452,0.7911969423294067,0.6698688130627467,0.6616981471694741,0.27383100986480713,0.2620140016078949,-0.8696024421349305,-0.8979551471972584,0.783718466758728,0.7771117091178894,0.6396696225072179,0.631572859010794
15,0.625,15,0.625,0.0,0.02986224974596061,0.03839999192837056,0.5190578268388362,0.4972491678357758,0.05404358120820954,0.05651462291407514,0.0525303071994333,0.05418460276306776,0.15786036066806172,0.13039320355558479,0.1525496229712344,0.15593857912652617,0.08207757893844661,0.08265822960784451,0.5000128149986267,0.4867216497659683,0.5014228820800781,0.4871879816055298,0.5021112710237503,0.49828198552131653,0.22986292839050293,0.2240307703614235,0.27491721510887146,0.26894912123680115,0.485810250043869,0.480914831161499,-177.85348510742188,-178.0133514404297,-4.167111396789551,2.716021776199341,0.0036333054304122925,-2.8003408908843994,0.6279864311218262,0.6288576722145081,0.4793536979146741,0.4971257247823148,0.8540576696395874,0.8513256311416626,0.7888206754508146,0.7932500101263281,0.33247804641723633,0.32954180240631104,-0.6459917384888866,-0.642425002351694,0.8542333841323853,0.8498852849006653,0.7891970724532632,0.7901654492271379,0.7147473096847534,0.7215925455093384,0.8097536588049791,0.8501844929709905,0.7980708479881287,0.792533814907074,0.6688916274212775,0.6673449100970359,0.2731211483478546,0.26281219720840454,-0.8720327505847865,-0.8964769180532156,0.7840014696121216,0.7777844667434692,0.6387536930783317,0.6357585724935892
16,0.666667,16,0.666667,0.0,0.05153078539626914,0.05004708193317518,0.4881470596168708,0.4866887287241709,0.05638336744419787,0.05831823648885599,0.05506662939896254,0.05557495868396735,0.14404291642664752,0.12608334863979212,0.14661970133488486,0.15382594113571268,0.08250211706074294,0.08201110119840212,0.4987480044364929,0.48623064160346985,0.5007980465888977,0.48731207847595215,0.5024907886981964,0.49863211810588837,0.22641334682703018,0.22216098755598068,0.26968440413475037,0.26628369092941284,0.4859536290168762,0.48078037798404694,-178.7201385498047,-177.96881103515625,-5.6911492347717285,0.9144843816757202,-1.0750055313110352,-3.392096996307373,0.6266430020332336,0.6279106140136719,0.47141320694555555,0.4915578474880314,0.8542547225952148,0.8519095778465271,0.7866341821626701,0.7937724020195844,0.32939571142196655,0.33100441098213196,-0.6572521205487681,-0.6373737125769487,0.8509178757667542,0.8533861041069031,0.7795071933438059,0.7969304014353618,0.7142837047576904,0.7205397486686707,0.8041900751178983,0.8437631986252333,0.7991819381713867,0.7936585545539856,0.6690072310348578,0.6691849141685808,0.27239519357681274,0.2613268494606018,-0.8736864167495759,-0.9023099026156209,0.7837938070297241,0.7790946960449219,0.6361405625218062,0.638035683777395
17,0.708333,17,0.708333,0.0,0.1005108519858896,0.056025323045176836,0.5274304536447652,0.5201197114954892,0.060043843750401664,0.060740845198285584,0.05967195642942219,0.05928582407942278,0.12754485835479315,0.11762318344459159,0.1411093968608308,0.1521631553828704,0.08351971680158249,0.0825484663258698,0.49599915742874146,0.48502565920352936,0.49836310744285583,0.48489317297935486,0.5028928816318512,0.4984164237976074,0.22362586855888367,0.22011841088533401,0.26447707414627075,0.2610243856906891,0.48662593960762024,0.48038218915462494,-180.6567840576172,-180.26634216308588,-4.053420066833496,3.799458980560303,-2.161775588989258,-3.7356808185577397,0.6275992393493652,0.6280022859573364,0.4794639233245654,0.4954968172108851,0.8526330590248108,0.8535230159759521,0.7915519073524487,0.8025619079984845,0.33871984481811523,0.33959707617759705,-0.6312031701954457,-0.6072767503003113,0.8474339246749878,0.8513429164886475,0.7803079055479561,0.7978728879867569,0.7136627435684204,0.7195544242858887,0.8103559976597076,0.8455642736030986,0.7980859279632568,0.794194221496582,0.6735845691729906,0.6749558486395257,0.27562108635902405,0.2647673487663269,-0.8738016939710791,-0.8934028071639826,0.7922472357749939,0.7838553786277771,0.6609574160579841,0.6527187712069408
18,0.75,18,0.75,0.0,0.07915741400772178,0.050962007138345866,0.5388665244830567,0.5226774189600507,0.06113944443800385,0.05911898136397364,0.05977876467184892,0.05885277779742901,0.12640534259056183,0.11809030812423409,0.14680467586290882,0.16298542281532252,0.08295890006502557,0.08197478493061525,0.49417464435100555,0.48351335525512695,0.4963255226612091,0.4841327965259552,0.5028680711984634,0.4984121173620224,0.22147519886493683,0.2206551507115364,0.26389968395233154,0.2605471611022949,0.48537886142730713,0.4789191633462906,-179.27560424804688,-180.53819274902338,-2.481487512588501,2.3933727741241455,-2.835043430328369,-4.843413829803467,0.6264902353286743,0.6290740966796875,0.47506595371257354,0.5040258745983148,0.8523186445236206,0.8514903783798218,0.7931857290438593,0.8084169747545676,0.3348931670188904,0.3319190442562103,-0.6455085025836855,-0.6422435755599548,0.8345003128051758,0.8401286005973816,0.7546692010316042,0.7837638248275468,0.713763415813446,0.7191019654273987,0.8104468865108166,0.8513065106391058,0.7975584268569946,0.7923918962478638,0.6748147451020543,0.6801831922993006,0.2766704559326172,0.26376107335090637,-0.8692517768140104,-0.9051615343708531,0.7974925637245178,0.7837786078453064,0.6746723737943975,0.6614938028024299
19,0.791667,19,0.791667,0.0,0.06716674645464525,0.04915847250658991,0.5374229254003036,0.5221218209412564,0.06063792149976235,0.06243330833736155,0.05878905006140134,0.061502531110329994,0.1257670255543861,0.11183266545226946,0.15327863491658478,0.16350776866053754,0.08307104359351923,0.08193405501243804,0.49210844933986664,0.4820016622543335,0.4931148290634155,0.4826132655143738,0.502938762307167,0.5006897449493408,0.22108425199985504,0.22047747671604156,0.2624211609363556,0.261379599571228,0.48642587661743164,0.47998717427253723,-179.91847229003906,-179.58271789550778,0.46876823902130127,3.2737436294555664,-3.1805264949798584,-5.457573890686036,0.6261051297187805,0.6300749778747559,0.47255965431822095,0.5022707376157489,0.8514573574066162,0.8516167402267456,0.7878024993852047,0.8114951895597956,0.33800679445266724,0.3368802070617676,-0.6328041928432917,-0.6359051613773833,0.8258270025253296,0.8327430486679077,0.7324876602596757,0.7702823493760318,0.7138316035270691,0.7213632464408875,0.8091449820226442,0.8566498653698942,0.7985743284225464,0.7951806783676147,0.6736715693113381,0.6882606654207047,0.2749965190887451,0.2665185332298279,-0.8745594265992832,-0.9090476909875392,0.8023145794868469,0.7851938009262085,0.6817436926537241,0.6664531889848201
20,0.833333,20,0.833333,0.0,0.043678386908975374,0.047554403779856244,0.5326870113217782,0.5243666250490137,0.061577016551301114,0.060603224402627415,0.06060121460827405,0.05925313861217502,0.11963895200502778,0.10961922255260714,0.15838292527310083,0.16739195316876493,0.08330160229215398,0.08230227837800687,0.4896034896373749,0.48103368282318115,0.49011197686195374,0.48125892877578735,0.5041069686412811,0.5004585087299347,0.22119618952274323,0.2207658290863037,0.2609632611274719,0.2613246440887451,0.4866188168525696,0.4810076355934143,-180.99250793457028,-180.0782928466796,2.5271995067596436,4.6111016273498535,-4.137510299682617,-5.87755012512207,0.6267927885055542,0.6281828880310059,0.47420430449017875,0.49640740654305093,0.8501156568527222,0.85209059715271,0.7903041980962532,0.8112561322042855,0.334512859582901,0.34039533138275146,-0.6555138696601739,-0.6220938178345822,0.8249068260192871,0.8328724503517151,0.7354958953975183,0.7692417013169273,0.7144051790237427,0.721319854259491,0.8128430547252254,0.8583890431872798,0.7963146567344666,0.7956135869026184,0.6733316371925144,0.6877869200867955,0.27554062008857727,0.2730938196182251,-0.8834529244309004,-0.8836646243969202,0.7963162660598755,0.78957200050354,0.6733351361407496,0.6745788924427908
21,0.875,21,0.875,0.0,0.015634648357718522,0.021591970126734056,0.5671748926861683,0.5622795241090052,0.06285957291905171,0.06018461223856413,0.0624073519471267,0.059957056119535196,0.10199333804963,0.0980996540984566,0.15963516113084844,0.1686228540991432,0.08206821879109477,0.08209637442496015,0.4850389063358307,0.47844043374061584,0.485124796628952,0.47818148136138916,0.5037256628274918,0.5004764199256897,0.2221551463007927,0.22233442217111588,0.262224018573761,0.26271480321884155,0.4854914993047714,0.48141390085220337,-180.88893127441406,-180.57086181640614,4.970776557922363,6.15881872177124,-5.6623406410217285,-6.909858703613281,0.6276978254318237,0.6225124001502991,0.481099968096789,0.47229750085807587,0.8466034531593323,0.8509366512298584,0.7882709878484391,0.8044359339409471,0.32513099908828735,0.3353242874145508,-0.6930740355108206,-0.6391634606681619,0.8241576552391052,0.8383883833885193,0.7392740739806974,0.777118867400464,0.7136459350585938,0.7208694815635681,0.814639626765077,0.8529541207965745,0.790995180606842,0.795802891254425,0.6668837353091582,0.684411990483647,0.2769741117954254,0.2764466404914856,-0.8799569328769021,-0.8670287627453622,0.7923001646995544,0.7897295355796814,0.6697323840146597,0.6711905432537407
22,0.916667,22,0.916667,0.0,0.00931022148610959,0.01056539328515523,0.5697541069924345,0.5654807812812668,0.05742478304578596,0.05718333597569132,0.05641827720408456,0.05582519393123257,0.10143524678614961,0.09838409421254048,0.16989571060783215,0.1780267376588234,0.08268411083359758,0.08237019833051676,0.48254746198654175,0.47689729928970337,0.4817579984664917,0.4756441116333008,0.503240093588829,0.5006637722253799,0.22411002218723297,0.2245357558131218,0.26472246646881104,0.2651667296886444,0.4860297739505768,0.4820181727409363,-180.88088989257812,-180.78723144531241,7.046580314636231,8.355137825012207,-6.462362766265869,-7.318129539489746,0.6274733543395996,0.6238033175468445,0.48270653442430766,0.4781910889470223,0.8482272624969482,0.851183295249939,0.7916136149608498,0.8063936950843738,0.3210916519165039,0.32600146532058716,-0.7077351306654072,-0.6782708066589158,0.8255053758621216,0.8319545388221741,0.7419529867496663,0.7643909515904116,0.7136272192001343,0.7186224460601807,0.817456127912949,0.8464047460498827,0.7908449172973633,0.7954416275024414,0.6661995876558008,0.6846331963688597,0.2790995240211487,0.2788807153701782,-0.8708949351088681,-0.86125607489231,0.7966355085372925,0.7894093990325928,0.6788554204794844,0.6714565696812295
23,0.958333,23,0.958333,0.0,0.020315723136699285,0.011013477431354888,0.5715113917059672,0.5708190015650494,0.061794129759183594,0.057998779266293675,0.059489108525570544,0.05649545225838007,0.09619317575845901,0.09636543416832943,0.16894389068572888,0.18203732838488648,0.08259348286251782,0.08214054138477365,0.47968606650829315,0.47498174011707306,0.4784589409828186,0.47358930110931396,0.5029945969581604,0.5004871785640717,0.22651642560958862,0.2265344262123108,0.2680109739303589,0.26805585622787476,0.4864102900028229,0.47934605181217194,-180.50965881347656,-180.0963592529296,8.675688743591309,9.354050636291504,-6.841616153717041,-7.86668348312378,0.6268151998519897,0.6236374974250793,0.48157445443711155,0.48111857742975395,0.8494967818260193,0.8517876267433167,0.7943339881149083,0.8184596380233893,0.31955385208129883,0.3238268494606018,-0.7134545832518674,-0.690169274530761,0.8304186463356018,0.8417969346046448,0.7525962430013301,0.7965045749428719,0.7137486338615417,0.7164364457130432,0.8196839457258267,0.8436616743556594,0.7901952266693115,0.7935181260108948,0.6645983965413678,0.6904093942070845,0.27990925312042236,0.27776244282722473,-0.8676439965624498,-0.8701317950875247,0.7953609228134155,0.786821722984314,0.6758995275719708,0.67569370195869
24,1.0,24,1.0,0.0,0.03664138163725457,0.05247683924520001,0.5392386207888009,0.5441601128840338,0.06111482782812467,0.05894072318125946,0.05940520183658671,0.05651819441473062,0.09828356172894988,0.09066120524219855,0.17322915886073048,0.17900398436951478,0.08302866281356498,0.08199233989261333,0.4772700220346451,0.4716191589832306,0.47498294711112976,0.469552606344223,0.5019049346446991,0.500209778547287,0.2282906472682953,0.22911688685417175,0.27120906114578247,0.27078157663345337,0.4857504665851593,0.47781822085380554,-179.24925231933594,-179.7064208984374,11.265274047851562,12.20995807647705,-6.596818447113037,-8.114566802978516,0.6254156827926636,0.6227180361747742,0.48303545346768795,0.47818607882720143,0.8493636846542358,0.8535181879997253,0.7999013774077902,0.8248885005070672,0.31575167179107666,0.3275458514690399,-0.7280226788786651,-0.6739585383338893,0.8328346014022827,0.8479260206222534,0.7635395627005658,0.8126103132140784,0.7137318253517151,0.7151684761047363,0.8284291022732351,0.8390475767548258,0.7902988195419312,0.7956019043922424,0.6699664228683697,0.697727253454407,0.2803286910057068,0.2756669521331787,-0.8665576310460674,-0.8764572753800071,0.7869834303855896,0.7862423658370972,0.6626730016696478,0.6771774094316813
25,1.041667,25,1.041667,0.0,0.08377103562298499,0.10260906116371514,0.5469031127635593,0.5579069642601308,0.06470624145694821,0.056483397300837866,0.06125208246267482,0.05400063158916909,0.09234210152249697,0.08885259959617701,0.17080115791725156,0.17244488756649914,0.08284189004579548,0.08371686737436104,0.4741734564304352,0.4711476117372513,0.4712867736816406,0.46892285346984863,0.5024212598800659,0.5001920759677887,0.22974658012390137,0.22790253162384033,0.270661324262619,0.26966428756713867,0.4858167767524719,0.478188157081604,-180.78616333007812,-181.0578613281249,13.458542823791504,12.120001792907715,-7.394807815551758,-8.181431770324709,0.6253433227539062,0.6223577260971069,0.47960682331580007,0.474301828948055,0.850952684879303,0.8545206785202026,0.8013690849760027,0.8218640157841689,0.3138234317302704,0.32289427518844604,-0.7358549240750851,-0.6883495572535648,0.8339713215827942,0.8498216271400452,0.7640998401176158,0.8116018645810009,0.7135495543479919,0.7152819037437439,0.8237623763747799,0.8350751507831151,0.7918123602867126,0.7967817783355713,0.6715729549621731,0.6957693477195999,0.27850836515426636,0.27841585874557495,-0.8736442395138175,-0.8610347125753404,0.7827469706535339,0.7872337102890015,0.6516770125648345,0.6749175395427859
26,1.083333,26,1.083333,0.0,0.10727455861863888,0.1372748192443433,0.5680724450172996,0.564664317784467,0.060166053699860736,0.06201103183330232,0.05854164293843564,0.059679006311922245,0.090507445192191,0.08486539677781456,0.16978683913777226,0.16903581482479924,0.08415831325394077,0.0844728726350476,0.47314678132534027,0.4706297963857651,0.47040271759033203,0.46834516525268555,0.5020532608032227,0.50028195977211,0.22869492322206497,0.2264268845319748,0.2689215838909149,0.26704487204551697,0.48540423810482025,0.4779079854488373,-182.53607177734375,-182.10345458984366,11.830284118652344,12.370903015136719,-7.854026794433594,-8.596375465393066,0.625046968460083,0.6217505931854248,0.47828398973024083,0.4701775904706194,0.8515604734420776,0.8559057712554932,0.8009251123198934,0.8230184350152219,0.3105754852294922,0.32403263449668884,-0.7445970707832976,-0.6822212512928979,0.8356629014015198,0.8453298807144165,0.7661509819258839,0.7999914406548334,0.7139827609062195,0.7159063816070557,0.8241274190512868,0.8346333391272202,0.7929350733757019,0.7966005802154541,0.6726887186675717,0.6938926375878861,0.2799949645996094,0.2797646224498749,-0.8635151332885259,-0.8535727076666043,0.7840742468833923,0.7893004417419434,0.6533066686881049,0.6779979716203548
27,1.125,27,1.125,0.0,0.07618598620001861,0.12367663114476789,0.5515805426878444,0.56231942068234,0.06346384209311506,0.053188242377401156,0.06078902661922994,0.0492973061875451,0.08838675596829147,0.09463729939817007,0.16697038980397325,0.17872144641492205,0.08532111937066139,0.08389962977112171,0.4725014418363571,0.46961623430252075,0.4696407914161682,0.46674224734306335,0.5012754201889038,0.5006640255451202,0.22705216705799103,0.22594334185123444,0.2672848105430603,0.2654649615287781,0.48495545983314514,0.475185826420784,-183.141845703125,-182.54216003417957,11.81718921661377,13.47143840789795,-7.945536613464356,-8.524576187133789,0.6257719397544861,0.6216567754745483,0.48089673724785614,0.46831020556150316,0.8526000380516052,0.8549390435218811,0.7988133467211544,0.8267958025392477,0.3096484839916229,0.3218894898891449,-0.7402035712133402,-0.6919583164366865,0.8345827460289001,0.8468681573867798,0.7596656094982838,0.8092239309163735,0.7142090201377869,0.7156516313552856,0.8225055111835183,0.8321233291156577,0.7929422855377197,0.7952630519866943,0.6691897597926899,0.6968696897592078,0.27725446224212646,0.28317761421203613,-0.8653330079239197,-0.8417951162994256,0.7805987596511841,0.7857128381729126,0.6423699076639209,0.676077037218005
28,1.166667,28,1.166667,0.0,0.054929320434632875,0.09381839952362653,0.5536458069416008,0.5556006833725411,0.06355972033545472,0.03519433193513594,0.06087363534437381,0.03135617914052986,0.09100439948101773,0.11619447572963978,0.17159651155621805,0.2038235775131945,0.08435526385409832,0.08246698829130114,0.47147443890571594,0.4692041724920273,0.4682323932647705,0.46631908416748047,0.5020426660776138,0.5011126101016998,0.22646530717611313,0.2279510572552681,0.26612573862075806,0.2662256062030792,0.48526613414287567,0.47615502774715424,-183.32904052734375,-182.79632568359364,12.292635917663574,13.959203720092773,-8.065201759338379,-8.616567611694336,0.62577223777771,0.623186469078064,0.47755301227556035,0.47195200827564865,0.8522955775260925,0.8551717400550842,0.7968407051250986,0.8242444883334725,0.3038448095321655,0.3138355016708374,-0.7649746307152592,-0.7240354992391543,0.8294878602027893,0.8415137529373169,0.7473239214396569,0.7945425774731324,0.7151234149932861,0.7165584564208984,0.822417406804396,0.8329391787694675,0.7957170009613037,0.7975060939788818,0.6740055657169826,0.698839487970632,0.28086644411087036,0.286232054233551,-0.8536631105453365,-0.8307536988815609,0.7779309749603271,0.7845649123191833,0.6353911445704103,0.6706964079713982
29,1.208333,29,1.208333,0.0,0.036165010397737896,0.04171098178391359,0.5518479636742334,0.5406332323150622,0.03998297407545365,0.03701291331445892,0.0368001360934554,0.034501488291919874,0.11363306660873249,0.11320309961506289,0.20300865611576124,0.2027699809495406,0.0816615656330529,0.08207139380648848,0.46970486640930176,0.4682987332344055,0.4670436680316925,0.4657169282436371,0.5013180375099182,0.5016257911920547,0.22753766924142838,0.22711880505084991,0.2648397386074066,0.2670629620552063,0.48300544917583466,0.47397230565547943,-183.6335754394531,-181.8140411376952,12.427379608154297,13.246404647827148,-8.89615249633789,-8.600784301757812,0.6261160373687744,0.624343991279602,0.4814673002207478,0.4755698134094266,0.8541157245635986,0.8561146259307861,0.8053500272414457,0.8330152772651616,0.2989216148853302,0.30946531891822815,-0.7808399115819851,-0.7446794353138845,0.8350011110305786,0.8452019691467285,0.7638692180306454,0.8092272555403699,0.7145853042602539,0.7190244197845459,0.8227793335139375,0.842484856862625,0.7978265285491943,0.7976758480072021,0.6831962941058359,0.705627149302834,0.2807934880256653,0.2905040383338928,-0.8507777335587265,-0.8181600817303337,0.7627219557762146,0.7758857011795044,0.6070155184334879,0.6581277642877268
30,1.25,30,1.25,0.0,0.02382667753259404,0.026113262102938458,0.5597553034500822,0.552607504081614,0.03841034300385986,0.04199659308875292,0.034479090657624,0.03929559660725224,0.11673838843852191,0.1135676782851679,0.2087532710322123,0.20334829502975915,0.08053724339953494,0.08098433154579097,0.4683164954185486,0.4673479199409485,0.4656507074832916,0.46445414423942566,0.5013785362243652,0.5018779635429382,0.22702982276678085,0.22696031630039215,0.2662026882171631,0.269278883934021,0.48109105229377747,0.474201038479805,-181.9664306640625,-180.2741241455077,13.210214614868164,13.663530349731445,-8.862977027893066,-8.28511905670166,0.6253027319908142,0.6236915588378906,0.48026950378073285,0.47271623223367787,0.8550416827201843,0.857086181640625,0.815202866268095,0.8357873542023558,0.2873009741306305,0.3040598928928375,-0.8296598084131601,-0.7676631889817144,0.8253594040870667,0.847719132900238,0.750496253548939,0.8153403323649892,0.7143909931182861,0.7205944061279297,0.8255319821833823,0.8487625081255189,0.7974681258201599,0.7986394166946411,0.6896939760901822,0.7082058381565028,0.28004658222198486,0.2900477647781372,-0.8577742793657283,-0.8220393888789288,0.7514747381210327,0.7742667198181152,0.5894295603330679,0.6550034817813128
31,1.291667,31,1.291667,0.0,0.024957479819746924,0.026788335956603727,0.5650541852941595,0.5677230909224464,0.05001182703729686,0.05451401115372154,0.04535887016465696,0.050172276241479886,0.1079150168273217,0.10326601497538171,0.20182954519629592,0.19742744287696964,0.08074843785114431,0.08105451625104103,0.4672448933124542,0.4657691419124603,0.46375611424446106,0.4627692699432373,0.4997321516275406,0.5018231123685837,0.2265533208847046,0.226672001183033,0.26780974864959717,0.26987969875335693,0.483477383852005,0.4729713648557663,-181.09304809570312,-179.8070831298827,14.382533073425293,13.78257942199707,-8.807745933532715,-8.873409271240234,0.6257407665252686,0.6242572069168091,0.48739288693539107,0.4763345131308483,0.8549280762672424,0.8573909997940063,0.8081698567277343,0.841274576588158,0.28614547848701477,0.297309547662735,-0.8261389534150307,-0.7956678213881287,0.8350780010223389,0.8510671854019165,0.7649818029852603,0.8274353660182239,0.7138225436210632,0.7209771275520325,0.8280873042175942,0.852627052197134,0.7968639135360718,0.797860860824585,0.6818389411212863,0.7109971716273523,0.2822893261909485,0.29375872015953064,-0.8410542923509258,-0.8094824511788874,0.7582715153694153,0.773135781288147,0.5978729840400685,0.6568881227452181
32,1.333333,32,1.333333,0.0,0.028552616667777184,0.0405645599847068,0.5701159130596413,0.569765994413413,0.05719686782258175,0.058406510710056966,0.052503278797001875,0.054337761893256335,0.10003651166996613,0.09830654725332284,0.19097691547515352,0.1927233972528461,0.08148853029059729,0.08154136307169521,0.46600498259067535,0.46447256207466125,0.4616752862930298,0.46083521842956543,0.49956628680229187,0.5010390281677246,0.22664207220077515,0.22654619812965393,0.26887714862823486,0.269856721162796,0.48515190184116364,0.47495386004447937,-181.0623321533203,-179.9879608154296,14.83960247039795,14.492040634155273,-8.442435264587402,-8.809388160705566,0.6249980926513672,0.6245579719543457,0.4858789055993114,0.48026188369151335,0.8547287583351135,0.8571476340293884,0.8052813918353455,0.8358929943350629,0.2907465100288391,0.29014602303504944,-0.8088947131021929,-0.8199865445526348,0.8382052779197693,0.8372519016265869,0.7692779163118442,0.7923791946222409,0.7136570811271667,0.7213820815086365,0.8293127898566752,0.8567298797393703,0.7968592047691345,0.7988706231117249,0.6791877963580959,0.7084358025316548,0.28197741508483887,0.2930176258087158,-0.8428631170938723,-0.8088212826501592,0.7591124773025513,0.7698755264282227,0.5969403917995877,0.645020854833516
33,1.375,33,1.375,0.0,0.04475015513878223,0.043251731627009356,0.5643613877513137,0.5804904174192087,0.06035856211521741,0.05804448145327651,0.0558847917826323,0.05408326878553613,0.09466169139304746,0.09898803536497487,0.18398187535572452,0.19367240327694601,0.08237211104152736,0.08190905167085438,0.46506519615650177,0.46427711844444275,0.46025586128234863,0.4600680470466614,0.49913886189460754,0.5004728883504868,0.22631444782018661,0.22620854526758194,0.2686704993247986,0.26926881074905396,0.4853912591934204,0.4744755029678345,-181.32337951660156,-180.5597534179687,15.313308715820312,15.188467025756836,-8.349853515625,-8.955862045288086,0.6257678270339966,0.6257023811340332,0.48846006334342407,0.48373740944142335,0.8547827005386353,0.8573140501976013,0.8015033822210862,0.8318427565432279,0.2900572121143341,0.2925640046596527,-0.8065140213631278,-0.8031119711576146,0.836463987827301,0.8377293944358826,0.7617555468554333,0.7892886455409186,0.7131145000457764,0.7223200798034668,0.825392149815162,0.8569529693042083,0.7953833937644958,0.7982834577560425,0.6726191148767114,0.7035793643318489,0.28868845105171204,0.29467129707336426,-0.8117938964265813,-0.7949719064613027,0.7604185342788696,0.770750105381012,0.5967525679027001,0.6437540935950035
34,1.416667,34,1.416667,0.0,0.07871287622825796,0.10702578243914129,0.5865490728878299,0.5950730534137393,0.06265799233423605,0.059295194078966294,0.05881639043965371,0.055035114869195385,0.09243787129287978,0.09448781303267048,0.18721118989105096,0.18812868677057093,0.08198694768955747,0.08214260071929412,0.46361538767814636,0.4633093476295471,0.45917418599128723,0.45966577529907227,0.49939292669296265,0.4995559751987457,0.22627148032188416,0.2257871851325035,0.2685149908065796,0.26745885610580444,0.48595570027828217,0.47662393748760223,-181.19544982910156,-181.1875610351562,15.530177116394045,14.250028610229492,-8.923641204833984,-9.22397232055664,0.6251649260520935,0.626321017742157,0.48490061092479525,0.4817234280814493,0.8552884459495544,0.8573889136314392,0.800956827785459,0.8139126199987844,0.2843914031982422,0.2965615391731262,-0.8289155823520187,-0.7714049050252495,0.8349817991256714,0.8414808511734009,0.7569186329228415,0.7799079882559868,0.7124165892601013,0.7219412922859192,0.821290149211132,0.8450927412857276,0.7956641912460327,0.7981604933738708,0.6716521439573128,0.6873075966102465,0.2949952483177185,0.3018791079521179,-0.7880335815665817,-0.75119746131775,0.7758113145828247,0.7867407202720642,0.6285980218927284,0.6628970073296507
35,1.458333,35,1.458333,0.0,0.10182696045448837,0.12333911416029701,0.5878805542427835,0.5976807264743742,0.06285153410543039,0.059500802297075515,0.05961235657627276,0.05602066156108815,0.08750560328822712,0.09128410535856386,0.1836788021534325,0.18545876916022613,0.08189466682898021,0.08203978891877936,0.46291299164295197,0.46259452402591705,0.4596368968486786,0.45947080850601196,0.49803994596004486,0.4987753629684448,0.2258157804608345,0.22574014961719513,0.2676791250705719,0.2672181725502014,0.48682866990566254,0.47754067182540894,-180.81251525878906,-180.93736267089838,14.832357406616211,14.467456817626951,-9.321266174316406,-9.386950492858887,0.6252689361572266,0.6259055137634277,0.4862405701132499,0.47947044235513314,0.8560733199119568,0.8561586141586304,0.7937831030434963,0.803224589343137,0.28969186544418335,0.29412055015563965,-0.7962594790308876,-0.7718541433000103,0.8461011052131653,0.8413467407226562,0.7723453502481945,0.7718017231031054,0.7127023935317993,0.722030520439148,0.8203915689924859,0.8420052083723899,0.797272801399231,0.7975534200668335,0.667376781259816,0.6788957404046223,0.2965977191925049,0.3054739832878113,-0.7698668600334527,-0.7290347525253509,0.7923590540885925,0.7911518812179565,0.6568134607411742,0.6653151018818764
36,1.5,36,1.5,0.0,0.10846381221222096,0.13056063549997823,0.6038859375600216,0.6116878713909303,0.0608715333403394,0.057734652086699756,0.0579623982787981,0.054194001164517135,0.0889850944946947,0.0914133069234415,0.1854109734847382,0.18527724453753058,0.08191320033561623,0.08290476070111309,0.4623863995075226,0.4624529629945755,0.4589413106441498,0.4591466188430786,0.4976757764816284,0.4991566985845566,0.22621284425258636,0.22575842589139938,0.26830679178237915,0.26696571707725525,0.4863263815641403,0.4780665338039398,-180.85911560058594,-181.8152465820312,15.141812324523926,13.87224006652832,-9.4152193069458,-9.49200439453125,0.6251190900802612,0.6253587603569031,0.48818741762705753,0.47539378763679324,0.8548568487167358,0.8549412488937378,0.794082182483385,0.7985582118244235,0.29405319690704346,0.2928404211997986,-0.7800015433225763,-0.7771780839364628,0.8433281779289246,0.8427784442901611,0.7692410556939221,0.77278649749573,0.7127178907394409,0.7228140830993652,0.8237454871207174,0.8425007457424254,0.7963427901268005,0.7980083227157593,0.6680004185791351,0.6779232795717102,0.29618242383003235,0.30514413118362427,-0.7718452755379076,-0.7308309228120541,0.7914363145828247,0.7905157208442688,0.6574283081146605,0.6620472377125897
37,1.541667,37,1.541667,0.0,0.11835348482487781,0.13707742119356617,0.6239859323625059,0.6174106588212607,0.06010553197992549,0.0581292955496469,0.057389305321633194,0.053763930487560486,0.09365882541517909,0.09298917153872632,0.1903805501838266,0.18689591510746237,0.08181586470862576,0.08278021131451059,0.4614057093858719,0.46175721287727356,0.4575866460800171,0.45797908306121826,0.4965214431285858,0.49635978043079376,0.22756675630807877,0.2280634120106697,0.27162665128707886,0.2716239094734192,0.48692329227924347,0.4802231043577194,-179.23953247070315,-179.88351440429682,15.756389617919922,15.455389976501467,-9.113934516906738,-9.224611282348633,0.6242278218269348,0.6238449811935425,0.49007308426799306,0.4763926735814888,0.8541259765625,0.856196403503418,0.7926411863935017,0.7902869886724124,0.29929786920547485,0.2999054193496704,-0.7568452425634795,-0.7341198645194151,0.8528701066970825,0.8463712930679321,0.7899302743476833,0.7696348387535826,0.7128089070320129,0.7239364385604858,0.8300028988687085,0.85041912286672,0.7961015701293945,0.7979509830474854,0.6673901021191905,0.6678564915050069,0.2979969084262848,0.301525354385376,-0.7618376780868087,-0.7280664153498579,0.7887834906578064,0.7882529497146606,0.6515933461510152,0.6474714546525026
38,1.583333,38,1.583333,0.0,0.1257350859112899,0.1557069566859723,0.6334981069734953,0.6489807657385599,0.0628526676374474,0.05723049596619391,0.05862816207328599,0.05235642798434955,0.09239565307860195,0.09496865181726995,0.185518113923897,0.18621190426021364,0.08256109463176524,0.08314856542419079,0.46092019975185394,0.4609196186065674,0.4573361873626709,0.4565283954143524,0.49601224064826965,0.49669694900512695,0.22927141189575195,0.23126497119665146,0.2736261785030365,0.27599602937698364,0.4858948588371277,0.4793039560317993,-179.11099243164065,-179.68997192382807,14.890519142150877,15.279357910156252,-9.041661262512207,-8.812540054321289,0.6242523193359375,0.621799647808075,0.4917445181225486,0.4708855793838542,0.8548476099967957,0.8598431348800659,0.7958093387081356,0.8056949014806127,0.2943212389945984,0.2998872399330139,-0.7733966278934947,-0.7407902049400543,0.850989043712616,0.8493724465370178,0.7874866386514943,0.7835258826728276,0.7122130393981934,0.7216792106628418,0.8290353428269935,0.8468314724261288,0.7958602905273438,0.7979479432106018,0.6685771672401009,0.674647579348936,0.29605022072792053,0.29982298612594604,-0.7667667404355658,-0.7410320557670811,0.7862548232078552,0.7789427638053894,0.6478587403643605,0.6344089469041818
39,1.625,39,1.625,0.0,0.1230843342661949,0.13492237371924737,0.6411020413090586,0.6652537876515218,0.06330250006568079,0.057409838783645854,0.05968516239309616,0.05358432776573507,0.09451131802284299,0.09384203790548423,0.18925672807583688,0.18681196874575645,0.08346382523259754,0.08286685434367412,0.4603351056575775,0.4602363109588623,0.4566560387611389,0.45617562532424927,0.4961225092411041,0.4959602952003479,0.2318284958600998,0.2350548505783081,0.2766307294368744,0.2816750705242157,0.4853314161300659,0.47772216796875,-179.37222290039062,-178.32701110839838,14.144627571105957,14.78483009338379,-9.106908798217773,-8.791380882263184,0.6241005659103394,0.621713399887085,0.493380946629161,0.47989556030938485,0.8558746576309204,0.8619279861450195,0.803541452804042,0.8247351037694962,0.2959129214286804,0.3024045526981354,-0.7718479130717529,-0.7386421331750616,0.8500176072120667,0.8585798740386963,0.7908401475969912,0.8175480559560413,0.7123026847839355,0.7195653915405273,0.8334177157217317,0.8533156558123679,0.7973755598068237,0.7923234701156616,0.6766832489871144,0.6753222499434224,0.29620087146759033,0.29965049028396606,-0.7707378082109918,-0.7491521108703812,0.7867231369018555,0.7616844177246094,0.6535829399860082,0.6095525482427046
40,1.666667,40,1.666667,0.0,0.12035840017329122,0.12218461767695682,0.6457696675699804,0.6672793759077621,0.060229993251034224,0.056229364314808225,0.05773049013715009,0.052908440026040955,0.08982371231399032,0.09583740568980226,0.1851309184599469,0.18758154836266444,0.08375034035626253,0.08294950318793182,0.46005789935588837,0.459783211350441,0.4563000500202179,0.4554941952228546,0.49592065811157227,0.4960462301969528,0.23475264757871628,0.23829764127731323,0.2809375524520874,0.2861143946647644,0.48203857243061066,0.47652973234653473,-178.67916870117188,-177.4140014648437,13.931645393371582,14.523804664611816,-8.915833473205566,-8.55270576477051,0.6243481636047363,0.6216602325439453,0.5006734365742448,0.48244031052473346,0.8550955653190613,0.8618047833442688,0.8180770610394598,0.8323365159890683,0.289913147687912,0.30168086290359497,-0.8031183647759056,-0.7464907287424435,0.8585571050643921,0.8717334270477295,0.82566787508534,0.8537860562259312,0.7111388444900513,0.7193063497543335,0.8390260993827754,0.8574655643048276,0.7939445376396179,0.793871283531189,0.6839789099333625,0.6855750467298106,0.29448580741882324,0.2991483211517334,-0.7852918933127355,-0.7562173532138928,0.7546457052230835,0.7502204775810242,0.5978004601563498,0.5912731716133532
41,1.708333,41,1.708333,0.0,0.12115636047702937,0.1282985118194618,0.6624778999079838,0.6822567907227054,0.05442147629087407,0.03213800150929265,0.050772052047601185,0.029819518193538067,0.09639650316896543,0.127193405684388,0.18861653999644792,0.22621942494695246,0.08345243782215939,0.0815783341999435,0.4594118297100067,0.4594547897577286,0.4550545811653137,0.45531779527664185,0.4956215023994446,0.49682509899139404,0.2386818379163742,0.241751566529274,0.2853766083717346,0.28743746876716614,0.4821573942899704,0.4757844805717468,-178.2051544189453,-178.5576782226562,14.028486251831056,14.523987770080566,-8.71896743774414,-9.093940734863281,0.6241464018821716,0.6212820410728455,0.5042165784480325,0.48050045039839634,0.8546521663665771,0.8605045676231384,0.8220013991449335,0.8354915503933399,0.28412580490112305,0.302044153213501,-0.8297196681598299,-0.7520057186850317,0.8580888509750366,0.8720349073410034,0.829585289627006,0.8605318374271543,0.7118654847145081,0.7194231748580933,0.8483476844697444,0.859401443768126,0.7939720749855042,0.7929384112358093,0.6880958419275389,0.6887590176919017,0.29477939009666443,0.29804784059524536,-0.7879245428796703,-0.7674345889504438,0.7529199123382568,0.7442893385887146,0.5975041406109289,0.5831084668131018
42,1.75,42,1.75,0.0,0.12672203962810508,0.1981910179807014,0.6713475435674918,0.6829105945329401,0.03273109246578741,0.02867525007296473,0.029150488942341023,0.02537110207667722,0.12886484805851461,0.12349763123117241,0.22873834452688055,0.226413686200077,0.08228656052627596,0.08203821218882415,0.45904652774333954,0.4588247090578079,0.4549061059951782,0.4544423818588257,0.49578842520713806,0.49696576595306396,0.24165994673967361,0.2406412735581398,0.2870219945907593,0.2862807512283325,0.4827907979488373,0.47546088695526123,-178.74798583984375,-178.13648986816403,14.404112815856935,16.301218032836914,-9.367488861083984,-9.625917434692383,0.6243802309036255,0.6218283176422119,0.5026705373731807,0.48018079674795255,0.8550631403923035,0.8596429824829102,0.8185654971875637,0.8310597133009233,0.2859460711479187,0.2982647120952606,-0.8202821968887116,-0.7641396805155177,0.8558632731437683,0.8505222797393799,0.8203248571744484,0.8113298802468066,0.7118659615516663,0.7195425033569336,0.844655775072796,0.8559578004638746,0.7948329448699951,0.7934166193008423,0.6861292285681466,0.687799360880124,0.29404416680336,0.29829174280166626,-0.7886264154586878,-0.764035729202951,0.7570000290870667,0.7541961073875427,0.6029408850166483,0.6029578553398525
43,1.791667,43,1.791667,0.0,0.17974397285758842,0.24382600426649628,0.6878423653597615,0.680742034160136,0.032710504177874036,0.045610880629225706,0.029370801285068908,0.04161137782870619,0.11695486331222649,0.09894562168761394,0.21992113002387714,0.19746040827285677,0.08207838935703965,0.08361765239881798,0.4583953619003296,0.45935775339603424,0.45376893877983093,0.4540073871612549,0.49562469124794006,0.49727964401245117,0.24037706851959229,0.23767564445734024,0.2857718765735626,0.28461745381355286,0.4833832234144211,0.4747026860713959,-178.67266845703125,-178.53669738769528,15.980491638183596,17.512638092041016,-9.55686092376709,-9.373723030090332,0.6239988803863525,0.6215212941169739,0.499529587418763,0.47780059767738003,0.8559161424636841,0.8592917323112488,0.8153999595897582,0.8319532358869033,0.2848471403121948,0.29989948868751526,-0.8201775120273386,-0.759071986765857,0.8485245704650879,0.8451732397079468,0.7992212886568866,0.801411737833324,0.7123072743415833,0.7210150957107544,0.8431551705218269,0.8604275011892845,0.7958002686500549,0.7935144901275635,0.6838183500948558,0.6896621591714616,0.29506170749664307,0.302989661693573,-0.7804305927630057,-0.7471879969123839,0.767095685005188,0.7557495832443237,0.6209897646270298,0.607968109921592
44,1.833333,44,1.833333,0.0,0.19490072017290921,0.22977479328780637,0.6665819982654714,0.681772866826433,0.05045278480455744,0.05003076333297187,0.04768481298517428,0.04619554219914871,0.09983423933371977,0.09829901730884441,0.19788171779517186,0.19106520212937636,0.08386777840651666,0.08382762917071748,0.45901845395565033,0.45956921577453613,0.4539869427680969,0.45406606793403625,0.49514006078243256,0.4970850795507431,0.238479882478714,0.23786398023366928,0.2848767936229706,0.2857774496078491,0.4844525158405304,0.475155770778656,-178.8189239501953,-177.89790344238278,16.10744285583496,17.318628311157227,-9.162283897399902,-8.683287620544434,0.624208927154541,0.6207428574562073,0.4985053059593921,0.47432859269947664,0.8557866215705872,0.85994553565979,0.8067438360328186,0.8302404814190483,0.2871904969215393,0.2974874973297119,-0.8031678271484246,-0.7656197764890964,0.8443900346755981,0.8356486558914185,0.781984122105468,0.7778163917031875,0.7125318050384521,0.7215021848678589,0.83963655240418,0.8608229223085051,0.7965870499610901,0.7953826189041138,0.6781294999005384,0.6909364978382764,0.29655978083610535,0.30616503953933716,-0.7669806514511841,-0.7323343135437044,0.7810130715370178,0.7688124775886536,0.644294172355209,0.6336075121675314
45,1.875,45,1.875,0.0,0.15349253531350113,0.15543427567678228,0.6736652083528514,0.6733772439803816,0.05710852235242889,0.05427091540860813,0.05437558033384401,0.0511694092050199,0.09330922173460693,0.09977721974809217,0.18596508302856596,0.189635737535248,0.08408068497657263,0.08433027674271304,0.45922988653182983,0.45994365215301514,0.4548571705818176,0.4554641842842102,0.4952857196331024,0.4972948133945465,0.23680183291435242,0.23796246200799942,0.28502315282821655,0.287209689617157,0.4854385405778885,0.4751489460468292,-177.53038024902344,-177.2065734863281,14.81068515777588,14.516556739807129,-8.629692077636719,-8.302191734313965,0.6248599886894226,0.6206597685813904,0.500350164651694,0.47362173846854777,0.8555580973625183,0.8587935566902161,0.8039329696496162,0.828497974032766,0.28245726227760315,0.2905128598213196,-0.8218356503643803,-0.7938756041936179,0.8329511880874634,0.8164013624191284,0.7548287292090876,0.7369501037016832,0.713653028011322,0.7201071977615356,0.8432238861721759,0.8554195044807156,0.8009795546531677,0.7979105710983276,0.6853834655362504,0.6970183994041705,0.29659175872802734,0.3100498914718628,-0.7672553878034195,-0.7188691902502834,0.7926889061927795,0.7704520225524902,0.6673754313351307,0.6377204157782437
46,1.916667,46,1.916667,0.0,0.12051974588831606,0.11699812433801908,0.6804208840936443,0.6851901983268871,0.0590601944702114,0.0549880745780745,0.057245126700293934,0.052814250462583305,0.09572941289633322,0.10533199217934956,0.18854733877369162,0.18870654186548266,0.08373303818818394,0.08375092084568432,0.4594176411628723,0.4601641893386841,0.45570430159568787,0.45521414279937744,0.4952211380004883,0.49726787209510803,0.2372230887413025,0.23954275995492935,0.28652164340019226,0.2903965711593628,0.48473525047302246,0.4753967225551605,-176.97264099121094,-175.81958007812494,13.1565580368042,14.002252578735352,-8.439298629760742,-7.253504753112794,0.6253162622451782,0.6205391883850098,0.5005568483778876,0.474362366011615,0.8559016585350037,0.8584178686141968,0.803310748912188,0.8290743352288672,0.2772560119628906,0.2889854609966278,-0.8386473911232857,-0.8014949487107298,0.8274288773536682,0.8100627660751343,0.7416874697641139,0.7244065514655191,0.7137978076934814,0.7188500165939331,0.8410003798810697,0.8526738700769495,0.8005144596099854,0.7970705032348633,0.6834369368371069,0.6962839483449171,0.29627105593681335,0.31289350986480713,-0.7654846916092629,-0.7094939952921776,0.7851114273071289,0.7644584774971008,0.6501003494036343,0.625693084531788
47,1.958333,47,1.958333,0.0,0.10402179069697554,0.09503821094835622,0.6697253334708371,0.648574644999689,0.05878854150680624,0.06783430324843315,0.05585228184460492,0.06640484852091783,0.10179411370519577,0.0889365084378377,0.18900414041705907,0.17538639147299534,0.0835357648877075,0.08350132076250139,0.45951609313488007,0.45893190801143646,0.4557195007801056,0.4550464153289795,0.4948689639568329,0.4988875687122345,0.239086352288723,0.2455378845334053,0.288449764251709,0.29975801706314087,0.48411279916763306,0.4760811924934387,-176.42921447753906,-171.18753051757807,12.38948917388916,13.160417556762695,-7.798079490661621,-6.8639631271362305,0.6254165768623352,0.6216137409210205,0.5019377763304188,0.47545148969828593,0.8557440638542175,0.8590368628501892,0.8037402495057662,0.8345263515022217,0.27384424209594727,0.281532347202301,-0.849809927089263,-0.8420523674835229,0.8302175998687744,0.8165988326072693,0.7485332513809912,0.7420465756822874,0.7139350175857544,0.7223499417304993,0.8422791147286206,0.8657119849081538,0.800736129283905,0.7970390319824219,0.6847726187989521,0.6994224018807647,0.29819947481155396,0.3116256594657898,-0.7561673772241,-0.7254683504957664,0.7815792560577393,0.7591556906700134,0.6433413627943368,0.6168680775677017
48,2.0,48,2.0,0.0,0.09687471323539588,0.0888248237890986,0.6569494376368756,0.6544731066049144,0.06255780551815991,0.06870438512451002,0.059722174860872064,0.06656357823651238,0.08677566253966514,0.08592839246936272,0.17661850116589395,0.1697601687060341,0.08286048107168766,0.08312276134528164,0.45858173072338104,0.4584835022687912,0.45514798164367676,0.4551413655281067,0.494783878326416,0.4992605149745941,0.2418106347322464,0.25041601061820984,0.2927881181240082,0.30527400970458984,0.4851996749639511,0.4764548987150192,-174.12359619140625,-170.48457336425776,12.765785217285156,12.759148597717285,-7.860644817352295,-6.921777725219727,0.6259642839431763,0.6215595602989197,0.5060543773562591,0.47269429532992746,0.8563152551651001,0.8600875735282898,0.8053041376712382,0.8340563839079111,0.27238693833351135,0.27955758571624756,-0.8579402119158215,-0.8491670646511462,0.8335639834403992,0.819563627243042,0.7559349000680803,0.7459532104313462,0.7137066721916199,0.7227455377578735,0.8445380056394165,0.8637851185280102,0.8005913496017456,0.8003665208816528,0.6843857658447358,0.7042167521876128,0.2981563210487366,0.31104928255081177,-0.7585297179209599,-0.7274494714803909,0.7843238711357117,0.7535119652748108,0.6490860683459825,0.6023501913216066
49,2.041667,49,2.041667,0.0,0.08493180662682415,0.06533122109248815,0.6602115794979168,0.6260295631001793,0.07215330253831996,0.07714332440307944,0.06916618114672633,0.07523986032030781,0.08614040914043125,0.08964057165036489,0.1743998185682122,0.17227302985826978,0.08251367458613931,0.08281181497120478,0.4577491283416748,0.45803429186344147,0.4550052583217621,0.45620298385620117,0.4946598708629608,0.49885426461696625,0.24974392354488373,0.25859643518924713,0.3053787052631378,0.31791335344314575,0.48671671748161316,0.47484977543354034,-170.85848999023438,-168.157974243164,12.98875617980957,12.129884719848633,-7.47284460067749,-6.889374732971191,0.6270143985748291,0.6222761273384094,0.5063658788208764,0.48091380805632267,0.8569992780685425,0.8592132329940796,0.7968588782935371,0.8424415303110077,0.2657163739204407,0.2760058045387268,-0.87589882290992,-0.8683299635299847,0.8500841856002808,0.8314911723136902,0.7819773974621937,0.781680771806062,0.7141753435134888,0.721006453037262,0.8398288078625156,0.8656169380814939,0.8020956516265869,0.7961245775222778,0.6787046716481149,0.7041648486559692,0.296748548746109,0.3100132346153259,-0.7571750077977486,-0.7358198689670952,0.7789920568466187,0.7479954957962036,0.6289850613274667,0.5986763156952328
50,2.083333,50,2.083333,0.0,0.08664666727548799,0.06187668741431475,0.6385874555826567,0.6046670005731812,0.0699038842091105,0.07704045358917391,0.06801848183788636,0.07574099342842627,0.08266645577415062,0.08474844841609558,0.16838952450669284,0.16438413573167013,0.08351154780171408,0.08347539368599585,0.45792119204998016,0.45806334912776947,0.4555933475494385,0.45570269227027893,0.4938802719116211,0.4977080821990967,0.25643860548734665,0.26341284811496735,0.3145064115524292,0.32592007517814636,0.48822593688964844,0.4765194058418274,-169.68055725097656,-167.1467895507812,12.980109214782715,14.063399314880371,-7.2029781341552725,-6.260272026062012,0.6270032525062561,0.6232850551605225,0.5103397880539747,0.48798306108120665,0.856766402721405,0.8572131395339966,0.7947199280676096,0.8321334726448157,0.2611956298351288,0.2723654508590698,-0.8920190217369407,-0.875665215048449,0.8535020351409912,0.8323158025741577,0.7876806523049393,0.7777120161551971,0.7136516571044922,0.7201718091964722,0.8425148057733494,0.8644780003819628,0.8019148707389832,0.7962731122970581,0.6764381935148329,0.6989286625841704,0.2936537265777588,0.30732160806655884,-0.7675877767461958,-0.7398281089654237,0.7823797464370728,0.7522730231285095,0.6343126902950769,0.6027517524958313
51,2.125,51,2.125,0.0,0.0349635462286854,0.023212716910381855,0.5968066602824256,0.5483637677757325,0.07048158550215802,0.07547688819127311,0.06823897329793023,0.0734913806344912,0.0832365905963686,0.07974668955218492,0.16666248302250009,0.15902117565286783,0.08439383531034607,0.08427993512516899,0.4579954147338867,0.4593759626150131,0.4555180072784424,0.45690420269966125,0.4934525340795517,0.4984847903251648,0.2628423720598221,0.2675362676382065,0.3230305016040802,0.32904690504074097,0.4881858825683594,0.47868260741233826,-168.68292236328125,-167.150405883789,13.8590726852417,14.916851043701172,-7.026279449462891,-6.297629356384277,0.627204179763794,0.6253261566162109,0.5136443367783016,0.49072856703002665,0.8562968969345093,0.8576565980911255,0.7951786461245407,0.8247310791765433,0.26155298948287964,0.276180624961853,-0.8905601660016137,-0.8600585731883977,0.8546105027198792,0.8292481303215027,0.7915357649933393,0.7629079808699067,0.7150754332542419,0.7198467254638672,0.8510949265641785,0.8564132380626787,0.8006066083908081,0.8004617691040039,0.6748787188791757,0.7002625029838105,0.29348787665367126,0.3079903721809387,-0.7679211221452458,-0.7369918471915238,0.7817872166633606,0.7509596347808838,0.6342258238266141,0.5925349288863773
52,2.166667,52,2.166667,0.0,0.01737830240730284,0.022899102880712795,0.5604031759166717,0.5619249170470203,0.0728702472699642,0.08335829618960407,0.07108250396712508,0.08216491124678114,0.07914566040169266,0.07266943571220476,0.16436886340315832,0.15054090355260422,0.08472868974423163,0.08338991495048455,0.45858684182167053,0.46122118830680847,0.45583561062812805,0.45767271518707275,0.493195503950119,0.4983270913362503,0.26724591851234436,0.2661099135875702,0.32720258831977844,0.32741716504096985,0.4873776286840439,0.4785466194152832,-167.6454315185547,-167.90605163574213,14.18375301361084,16.17414093017578,-6.9113688468933105,-5.490140438079834,0.6268941164016724,0.6253982782363892,0.5160968694373447,0.49021062228744106,0.8556228876113892,0.8579561710357666,0.7995838534214968,0.8233157396110582,0.26117369532585144,0.2775064706802368,-0.8956392805913818,-0.8518737922134341,0.8530756831169128,0.8375526666641235,0.7940530189144115,0.7790402957782682,0.7154913544654846,0.7206158638000488,0.8580956109882141,0.8575375750808462,0.8004777431488037,0.8023587465286255,0.6798452660590489,0.7026697661950964,0.2943890690803528,0.3085685074329376,-0.767422913214337,-0.73204379190012,0.7770248651504517,0.757508397102356,0.6289212090369151,0.6053448610840096
53,2.208333,53,2.208333,0.0,0.01487359064204652,0.028686184879321872,0.5661357179489124,0.5481727474573536,0.07929595160494171,0.0830872999047167,0.0783186449248313,0.08196665547772966,0.07505757647814627,0.07269259425322515,0.15763569059921106,0.14828334191010728,0.08449959311776177,0.0832014586027693,0.4598748981952667,0.46211814880371094,0.4567566215991974,0.4592839777469635,0.49383726716041565,0.4973260462284088,0.26658034324645996,0.2642555683851242,0.32880204916000366,0.3256748616695404,0.4887573719024658,0.4771128296852112,-165.70436096191406,-168.63610839843744,14.278966903686523,17.331645965576172,-5.992368698120117,-5.6019206047058105,0.6276141405105591,0.62610924243927,0.5143503683355796,0.4954260923544633,0.856994092464447,0.8582906723022461,0.796393368026343,0.8248402603880531,0.2624061703681946,0.27821964025497437,-0.8898150098621544,-0.8428974719925019,0.8524316549301147,0.8407440781593323,0.7865260875747045,0.7868707467814988,0.7157312035560608,0.7203617095947266,0.8531461758551361,0.8580132378166684,0.8014556169509888,0.803913950920105,0.6762791287356236,0.7071731139559445,0.2951847314834595,0.30821770429611206,-0.7637867617731231,-0.7274955866272248,0.7783414125442505,0.7622898817062378,0.6262895484769291,0.617101750276837
54,2.25,54,2.25,0.0,0.03496118055052335,0.0325337836747607,0.5539787228006657,0.5487497785934119,0.07985362960072995,0.08503346077064991,0.07887291907972623,0.08439293218621666,0.07234895523375978,0.07362636087538228,0.15196775844144664,0.14687872334426028,0.08326159497469332,0.08312462920315494,0.4605386108160019,0.4626612365245819,0.4579166769981384,0.459979772567749,0.49411772191524506,0.49727863073349,0.264633908867836,0.26339687407016754,0.32669714093208313,0.32616734504699707,0.4890776425600052,0.4764147251844406,-167.5157928466797,-168.38841247558588,16.44344711303711,18.245986938476562,-5.992798328399658,-5.319582462310791,0.6278520226478577,0.6261954307556152,0.5107844028524526,0.49774884182872803,0.8580801486968994,0.8572753667831421,0.7927689986044375,0.827159691847902,0.2623990774154663,0.27815908193588257,-0.8850255230873334,-0.8460224083852849,0.8515781760215759,0.8392699956893921,0.7788000897730776,0.7880553172320394,0.7153778672218323,0.7199298143386841,0.8450803614058287,0.8596580798798968,0.8027225732803345,0.8029626607894897,0.6738381813381752,0.7092024228464197,0.2939762473106384,0.30805501341819763,-0.7644197713817602,-0.7305939671878657,0.780661940574646,0.7612103223800659,0.6264428780331597,0.6185239761901818
55,2.291667,55,2.291667,0.0,0.0747234470352146,0.02729191404258443,0.5649350653092461,0.5504155523918323,0.08532485983416946,0.08468333233198642,0.08319406985091325,0.08470898400345744,0.07307297230200561,0.07541404388793996,0.14898552537549656,0.1479118966844894,0.08276285129254819,0.08292826592167477,0.461487278342247,0.46308812499046326,0.4587743580341339,0.4608365297317505,0.49393995106220245,0.4972214251756668,0.26346445083618164,0.2632606476545334,0.325295627117157,0.3270212411880493,0.48874814808368683,0.4768402874469757,-168.0692596435547,-167.72190856933588,17.495620727539062,17.691703796386722,-5.804318904876709,-5.263150215148926,0.6271500587463379,0.6265674829483032,0.5084224794180376,0.49803793502611643,0.8573839664459229,0.856576681137085,0.7914210961030913,0.8224584660811287,0.26265501976013184,0.2780199646949768,-0.8827442621956052,-0.8440198689658645,0.8497077822685242,0.8379476070404053,0.7749411617262413,0.7821103720857705,0.7165083289146423,0.719670832157135,0.84947582788618,0.8565258594550859,0.8026383519172668,0.8032776117324829,0.6738882029360698,0.7070197786272366,0.2929335832595825,0.30735498666763306,-0.7671801913061063,-0.7310674217185834,0.781504213809967,0.762340784072876,0.6285155019858932,0.6183560607360726
56,2.333333,56,2.333333,0.0,0.02513414957851343,0.019218489927455878,0.556487865772869,0.5618043231586674,0.08416707976150574,0.08414370063844778,0.08335692853384709,0.08466424443014511,0.07774963839768301,0.07578168893878098,0.1527923801085207,0.147241111299185,0.08260530665754622,0.08306725553417985,0.4624640643596649,0.4637918174266815,0.4599982500076294,0.4613039791584015,0.49410480260849,0.4974195212125778,0.26308776438236237,0.2641388028860092,0.32555878162384033,0.32740598917007446,0.4876793324947357,0.47678497433662415,-167.75811767578125,-167.28669738769526,17.4545955657959,15.685070037841799,-5.612562656402588,-5.101104259490967,0.6268922686576843,0.626290500164032,0.5095148758933503,0.49755638495095345,0.8570275902748108,0.856905460357666,0.7971836197677584,0.8255264236387325,0.2635806202888489,0.2776544690132141,-0.8845375519214574,-0.848488199597394,0.8462943434715271,0.8350380659103394,0.7740174930614095,0.7780359236623651,0.7163291573524475,0.7194655537605286,0.8526905279290429,0.85729480870071,0.8015774488449097,0.801080048084259,0.6775026857695708,0.7042876200566693,0.294560968875885,0.30717432498931885,-0.7656637686111522,-0.7345153490514508,0.7766475081443787,0.7562412619590759,0.6236950937487131,0.6069090148210247
57,2.375,57,2.375,0.0,0.01900110269553554,0.019495954173467084,0.5534958259651841,0.564277310581375,0.08419911019476427,0.0849626348072127,0.08477192125737443,0.08590538957554202,0.07749852251759884,0.07449282574958145,0.1536504611616922,0.14491890717177502,0.08316023128975163,0.08292154638941109,0.46334442496299744,0.4640031158924103,0.4609623849391937,0.46179065108299255,0.49370597302913666,0.4974331706762314,0.26404158771038055,0.2639540582895279,0.32637929916381836,0.327994704246521,0.48806680738925934,0.47663530707359314,-167.1732177734375,-166.39340209960932,15.279214859008789,15.373953819274904,-5.637621879577638,-4.879365921020508,0.627025842666626,0.6264397501945496,0.5117813664345393,0.49942578293847245,0.856874942779541,0.8562475442886353,0.7963658136438019,0.8266503031416337,0.2634820342063904,0.2781663239002228,-0.8837716562206634,-0.8488521828300141,0.8500857949256897,0.8353772759437561,0.7817060360093987,0.7812028386960435,0.7174782752990723,0.7188193202018738,0.8590054501051423,0.8570566824684935,0.801534116268158,0.8008372187614441,0.6768686060081284,0.7059878009781914,0.2944313883781433,0.30704236030578613,-0.7649648886221431,-0.7370637985177197,0.7774959802627563,0.7562054395675659,0.6249631627668499,0.6087968514159682
58,2.416667,58,2.416667,0.0,0.02084707340375665,0.03185535428670424,0.5544717571489765,0.5671986254639657,0.08503168794509132,0.08399445752523074,0.08490239794477213,0.08454767440008609,0.07722483147762019,0.07470997835226924,0.15234821519155475,0.14548655869981222,0.08322680896459539,0.08319257278915215,0.4637124091386795,0.46403904259204865,0.4614185094833374,0.46200382709503174,0.4937492907047272,0.4980910122394562,0.26374123990535736,0.263980507850647,0.3270752727985382,0.3277530372142792,0.48895153403282166,0.4779243767261505,-166.48194885253906,-166.91163635253903,15.188404083251953,15.991654396057129,-5.502211570739746,-5.090854167938232,0.6267799139022827,0.6263711452484131,0.5102205846630934,0.4956035678402813,0.856461226940155,0.8569382429122925,0.7928621305837664,0.8236688621568732,0.26410138607025146,0.27820926904678345,-0.8807828254345089,-0.8495015858895327,0.851414144039154,0.8350635766983032,0.7819735989903166,0.7761310725455318,0.7171959280967712,0.7192262411117554,0.8569987212783788,0.8543443620894623,0.8019575476646423,0.8027388453483582,0.6752763794892135,0.705883313648342,0.29424533247947693,0.30658334493637085,-0.7651698816529258,-0.7398798314120211,0.7792285680770874,0.7570370435714722,0.6262410818370026,0.6065646490124701
59,2.458333,59,2.458333,0.0,0.03300204686494139,0.08038594754694106,0.5654092444534283,0.5891881815871003,0.0848057349146333,0.08591684026038887,0.08410821121494987,0.08545841349569668,0.07610802820859976,0.07429825921396117,0.15024505157037513,0.14191540410645478,0.08326173447009781,0.08295571019206112,0.4638698250055313,0.4638615846633911,0.46211162209510803,0.46154412627220154,0.49367667734622955,0.498182475566864,0.2633160501718521,0.2635519653558731,0.3270968198776245,0.32703059911727905,0.4902314394712448,0.47856664657592773,-167.16787719726562,-167.0680084228515,15.65785312652588,16.708065032958984,-5.771652698516846,-4.954037666320801,0.6265658736228943,0.6262041330337524,0.5075997949687242,0.4949434275211983,0.8562964797019958,0.8568382859230042,0.786525024773018,0.822618409236906,0.2639206051826477,0.27787408232688904,-0.8776043379798262,-0.8517323820001581,0.8528326153755188,0.8360464572906494,0.7790825878402932,0.7774029100675887,0.7178056836128235,0.718814492225647,0.8561105102224517,0.8529835397128472,0.8036178350448608,0.80342698097229,0.6733400228185987,0.7064661045342264,0.29284536838531494,0.3065173029899597,-0.7671197818039758,-0.7409950732452476,0.7844690680503845,0.7575194239616394,0.6321971034477419,0.6066320234351569
60,2.5,60,2.5,0.0,0.10062272141876737,0.08381233973409272,0.5955690387809952,0.588456823715987,0.0831201925624987,0.08201503096067016,0.08146832756335387,0.08130239328330392,0.07807470882486262,0.07600437511992338,0.14486748832012453,0.14133989604697564,0.08243915668573523,0.08336293341790876,0.46401508152484894,0.4644828587770462,0.461505651473999,0.4624550938606262,0.4942599833011627,0.4988225847482681,0.26370179653167725,0.2628534883260727,0.32587137818336487,0.32666200399398804,0.49082256853580475,0.4792333245277405,-166.8403778076172,-166.58920288085932,15.400721549987795,15.479889869689941,-4.889425754547119,-4.812408924102783,0.626259446144104,0.626115083694458,0.5030729935724523,0.4914635051272804,0.8553364872932434,0.857114315032959,0.781439721054435,0.8206652291323008,0.26435425877571106,0.27764707803726196,-0.8762108465098761,-0.8539363330626719,0.8537799119949341,0.8364483118057251,0.7781027572121285,0.775783716963478,0.7176634073257446,0.719028115272522,0.851429444316048,0.8501913527961379,0.805081844329834,0.8030459880828857,0.6737045368593172,0.7032420270126132,0.29364854097366333,0.3056555986404419,-0.7645652236984033,-0.745798258761158,0.7840123772621155,0.7617428302764893,0.6285361149667099,0.6135416548934557
61,2.541667,61,2.541667,0.0,0.0924288011093199,0.040476235222972314,0.5900691865979154,0.5736869572203712,0.08246483655941866,0.0823984581259703,0.08140419883078541,0.08242800815148624,0.08019892486399446,0.07629696327775734,0.1459887010659523,0.14181011088547268,0.08207769948364822,0.0831100424880058,0.4644070118665695,0.4649396538734436,0.4614630937576294,0.46254104375839233,0.494589239358902,0.4983328580856323,0.2634097635746002,0.2628517746925354,0.3250123858451843,0.3259837329387665,0.4911363422870636,0.47996678948402405,-167.11360168457034,-167.34443664550778,16.505897521972656,15.525089263916016,-4.68218994140625,-4.704031944274902,0.6259380578994751,0.6260615587234497,0.5004780759841495,0.4918874531274888,0.8547224402427673,0.8576728701591492,0.7792713017100801,0.8181892216357762,0.26425647735595703,0.2764786183834076,-0.8776363491061053,-0.8543680189944153,0.8524823784828186,0.8356532454490662,0.7744701944801802,0.770490175938519,0.7175338268280029,0.7187557816505432,0.8494852060899909,0.8488559731825663,0.8054651618003845,0.8027514815330505,0.6736985537246276,0.6992181737489557,0.2943868935108185,0.3055448532104492,-0.7628304995115864,-0.7424329867762457,0.7835196852684021,0.7618669867515564,0.6266629817930257,0.6106539311440956
62,2.583333,62,2.583333,0.0,0.046920321078738815,0.029374651148211115,0.5502923985598865,0.5537296664235087,0.07979469153493572,0.08401894540627579,0.07873780186789123,0.08419930972131028,0.07897871821459827,0.07262808506231132,0.14793493251417994,0.14152579084472958,0.08361577605783897,0.08285781100589405,0.4646303355693817,0.4649776220321655,0.4616604745388031,0.46303653717041016,0.49489372968673706,0.4985377788543701,0.2627767324447632,0.26311585307121277,0.3247000277042389,0.32569798827171326,0.49021314084529877,0.47960926592350006,-168.17080688476562,-167.43905639648435,16.14346694946289,15.493435859680176,-5.115893840789795,-5.083399772644043,0.6266216039657593,0.626402735710144,0.5030634237142013,0.49348669382530147,0.8548043966293335,0.8573414087295532,0.7832020830602152,0.8200312061636982,0.2653990685939789,0.2767171561717987,-0.876430828063843,-0.8561026289115645,0.850283145904541,0.8358034491539001,0.7734896916368934,0.7732737371330676,0.7171902656555176,0.7184898853302002,0.8489414793666852,0.8488912090831916,0.8039661049842834,0.80069899559021,0.6739930571059249,0.6970643174535488,0.2958834767341614,0.3063371777534485,-0.7600121064163816,-0.7417860336473135,0.7799164056777954,0.7565111517906189,0.6223303408586363,0.601135465385069
63,2.625,63,2.625,0.0,0.03263798641601083,0.029098420839748684,0.5431753794591495,0.5475660425547411,0.0835524914212143,0.08308096494131428,0.08219202414891424,0.08292083447804788,0.07706636287865319,0.0727454495708004,0.14597395684644346,0.14334570913186795,0.08257831350404926,0.0831122005756574,0.46485163271427155,0.4650738537311554,0.4621032476425171,0.46277934312820435,0.49492356181144714,0.4987557530403137,0.26267150044441223,0.26249217987060547,0.324503093957901,0.32525405287742615,0.4903578758239746,0.47952502965927124,-168.27667236328125,-167.11654663085932,16.678043365478516,16.044391632080078,-5.041712760925293,-5.011477947235107,0.6272351145744324,0.6262763142585754,0.5061243603214304,0.49371672262562555,0.8544731140136719,0.8574634790420532,0.7834672660252809,0.823078439864767,0.26587367057800293,0.276708722114563,-0.8761723920653093,-0.8596914201920336,0.8496578931808472,0.8341124057769775,0.77310634864111,0.7722242201272026,0.7168053984642029,0.7185624837875366,0.8487528133237696,0.8510177314058994,0.8038705587387085,0.8008508682250977,0.6745856772396059,0.6997868841524842,0.29685595631599426,0.30664145946502686,-0.757657498822945,-0.7438019287821704,0.7783922553062439,0.7543586492538452,0.6197639761967179,0.5985356271840448
64,2.666667,64,2.666667,0.0,0.028179532665983345,0.0289477189679872,0.5393712663966372,0.5463896552604025,0.08403634374290538,0.08150329595086968,0.08349980096873931,0.08214735965618597,0.0746193911110694,0.07436643937481179,0.14494660757236008,0.14388678633676824,0.08295051578011399,0.08322590294362378,0.46481260657310486,0.4651942849159241,0.462201327085495,0.46296849846839905,0.4952293783426285,0.4985943138599396,0.2623770534992218,0.2620747834444046,0.3244663178920746,0.32502198219299316,0.4900839477777481,0.4797040522098541,-167.93873596191406,-167.09858703613276,16.215608596801758,15.692852973937988,-5.126806259155273,-4.98069953918457,0.6272879838943481,0.6260310411453247,0.5057898617571916,0.49289619778025795,0.854597806930542,0.8574970960617065,0.785307933423257,0.8219347502195087,0.26684868335723877,0.27653735876083374,-0.8747074048077241,-0.8588656597709327,0.8490443825721741,0.8356537818908691,0.7733436470270456,0.7744119615680217,0.7161775827407837,0.7178855538368225,0.8462406617967457,0.8481685044301948,0.8028080463409424,0.8006218075752258,0.673732176178714,0.6981956375053803,0.297765851020813,0.3063799738883972,-0.7562933878403952,-0.743441230397011,0.7759016156196594,0.7550891637802124,0.6157650153288168,0.5991338288947273
65,2.708333,65,2.708333,0.0,0.028850157029505386,0.02675465823563414,0.5497862459996313,0.5514353768311713,0.08295570311808098,0.08266766331306441,0.08255054643136849,0.08300702787038063,0.0747321798603674,0.07331958386345437,0.14355679713044323,0.14299957645544575,0.0825397662146583,0.08287270826061748,0.4651103913784027,0.4654136151075363,0.46280336380004883,0.4632692039012909,0.4954351782798767,0.4988630563020706,0.26186923682689667,0.2617526203393936,0.32426032423973083,0.3245202302932739,0.4904479533433914,0.47970761358737946,-167.56546020507812,-167.08056640624994,15.783621788024902,15.529141426086426,-5.042671203613281,-5.037044048309326,0.6274915933609009,0.626380443572998,0.505403495402992,0.4933782408866537,0.8545199632644653,0.8578511476516724,0.7837698553476478,0.8229809678749139,0.2674088180065155,0.27606305480003357,-0.8726976228717789,-0.8620367399550734,0.8490979671478271,0.8340679407119751,0.772097447153032,0.7712198642113681,0.7160506248474121,0.7176498174667358,0.8443347319909669,0.8465090891751761,0.8023862838745117,0.8010947108268738,0.6715370957815865,0.6994578526991233,0.297637403011322,0.3064253628253937,-0.7570074270328112,-0.7445617630644027,0.7772395610809326,0.7524986267089844,0.6174015326256503,0.5936946999819026
66,2.75,66,2.75,0.0,0.022558620951736916,0.01739554963528672,0.5454883933684009,0.5575148997973879,0.08369986116824088,0.08396948347951994,0.0828369833484326,0.08414888190250014,0.07158280340816012,0.07321861748968643,0.14142453119983564,0.1398982567089235,0.08301623256424662,0.08279512262635039,0.46499523520469666,0.46555881202220917,0.46262431144714355,0.46307286620140076,0.49522659182548523,0.4982892721891403,0.26191312074661255,0.26130563020706177,0.3238125443458557,0.32298457622528076,0.49044540524482727,0.4796997755765915,-167.24293518066406,-166.79402160644526,15.006810188293457,13.809146881103516,-5.224056720733643,-4.642154216766357,0.6279557943344116,0.6263493299484253,0.5089958182141365,0.49504744796889494,0.8541853427886963,0.8576526045799255,0.784623378205732,0.8218513253278753,0.26718705892562866,0.27581122517585754,-0.8744960900802964,-0.8600432588438683,0.8491445183753967,0.8338419795036316,0.7737498164329668,0.7700755684763114,0.7156010270118713,0.7175033092498779,0.8451016342362871,0.8474254307292672,0.8011796474456787,0.8011646866798401,0.6702847987662214,0.6990194092032631,0.29777929186820984,0.3061423897743225,-0.7571796416780742,-0.7427907299045248,0.7763731479644775,0.7530608177185059,0.6167747015362427,0.594418449968421
67,2.791667,67,2.791667,0.0,0.013883608424428468,0.014951136559866456,0.5556314896648398,0.5597193214094887,0.08314191360648052,0.07997289259233531,0.08210843911937923,0.08007234588351789,0.07351505905034891,0.07852970255326304,0.1412571271687697,0.1448177946443117,0.08300899373891672,0.08287954355576474,0.46510614454746246,0.46604153513908386,0.46258074045181274,0.4634666442871094,0.49494096636772156,0.497948557138443,0.26159949600696564,0.26023077964782715,0.32377222180366516,0.31974276900291443,0.4902893602848053,0.48007985949516296,-166.12957763671875,-167.04237365722653,13.672468185424805,12.883721351623535,-4.839684009552003,-4.685537815093994,0.6278088092803955,0.6264609098434448,0.5086807890077595,0.4954546230083546,0.8540328741073608,0.8579199314117432,0.7833272530264761,0.8193879119578666,0.26724016666412354,0.27559807896614075,-0.8717460892855029,-0.8572294415266563,0.848694920539856,0.8368765711784363,0.7718318878971442,0.7737530619678068,0.7162182331085205,0.7182367444038391,0.8471537745153931,0.8492786761542395,0.8003835678100586,0.8019591569900513,0.6677926465478496,0.6980307941901702,0.2974975109100342,0.305653840303421,-0.7559067002588818,-0.7413552427500301,0.7779384851455688,0.7589088678359985,0.6194568157236501,0.6046714891270755
68,2.833333,68,2.833333,0.0,0.012689678274936377,0.021434232706131186,0.556119408869912,0.5592599174890606,0.08169296205872638,0.07040819227555534,0.08080830920338863,0.07112586293369486,0.07432272804855838,0.09870892727910914,0.14237344554208756,0.1619575515710264,0.08353423785667852,0.083310110854836,0.46512892842292786,0.4676245450973511,0.46266740560531616,0.46497273445129395,0.4951287508010864,0.4981268048286438,0.26144279539585114,0.25555482506752014,0.32304954528808594,0.31376275420188904,0.49070730805397034,0.48134490847587585,-166.07984924316406,-168.716079711914,12.666893005371094,12.712489128112793,-5.006327152252197,-4.471256732940674,0.6279233694076538,0.6261522173881531,0.5088255007993672,0.49346879753504014,0.853631317615509,0.8575007915496826,0.7822158644749782,0.8155562088986301,0.2672100067138672,0.27566489577293396,-0.8733100054704082,-0.8574704706227222,0.8486713767051697,0.835023820400238,0.771525625293467,0.7668231325251627,0.7160937786102295,0.7184812426567078,0.8466656413784295,0.849347307636915,0.7994041442871094,0.8020328283309937,0.6653391791480566,0.695294254125251,0.2986728549003601,0.30554741621017456,-0.75275467233227,-0.7422894988712971,0.7746397852897644,0.7522636651992798,0.6119641640734691,0.5873880592996504
69,2.875,69,2.875,0.0,0.023309592661687126,0.06402420713810622,0.5693006700715154,0.5681241497144437,0.08147988462163715,0.05053300489188193,0.08179029363313522,0.04980735046749557,0.08324890407738479,0.12161601730228644,0.1477041896945917,0.17959869808195544,0.08330694447814528,0.0832782652604176,0.46672892570495605,0.46967102587223053,0.4629337191581726,0.46731874346733093,0.4951266944408417,0.49837633967399597,0.2590917944908142,0.2504829540848732,0.3185572028160095,0.3037353456020355,0.49141015112400055,0.4818008840084076,-168.77459716796875,-173.83537292480463,14.067795753479004,11.459307670593262,-4.285634994506836,-4.880102157592773,0.6277211904525757,0.6260558366775513,0.5081916010079978,0.4934082057848508,0.8534300327301025,0.8568719029426575,0.7804712954132764,0.8153071291478663,0.26668882369995117,0.2771816849708557,-0.8755281007470909,-0.854790786834295,0.8502082228660583,0.827471137046814,0.7735254610933211,0.7513974885006087,0.7157759666442871,0.7192452549934387,0.8456769343758828,0.8535319904837801,0.7998411655426025,0.7996394038200378,0.6649401472122347,0.6908985179834812,0.2979940176010132,0.3055540919303894,-0.7555454688357434,-0.7451476668327233,0.7761062383651733,0.7460800409317017,0.6137705007317036,0.574474352449292
70,2.916667,70,2.916667,0.0,0.040534444789631106,0.060695659452679476,0.5654918943870597,0.5896553899565502,0.06784235584205664,0.046739635093633845,0.06922160935714763,0.04517398223128985,0.10892211689925327,0.1304975683860279,0.17419263883654965,0.1831618306441736,0.08302062947754267,0.08360375192186184,0.46740274131298065,0.4724879264831543,0.4641977548599243,0.47003546357154846,0.49565769731998444,0.498420849442482,0.2557855397462845,0.2438637614250183,0.31348496675491333,0.29338017106056213,0.49110735952854156,0.4831927716732025,-170.8336639404297,-176.61381530761713,13.373991012573242,9.254317283630371,-4.423954010009766,-4.675693035125732,0.6277343034744263,0.6255410313606262,0.5043218677181533,0.49377044689706046,0.8540962934494019,0.8574071526527405,0.7796466393702917,0.8176239180174965,0.2673261761665344,0.2812509834766388,-0.8718620394620299,-0.8435486808819896,0.8504840135574341,0.8303767442703247,0.7718879954694515,0.7585649680396969,0.7161872386932373,0.7175341844558716,0.8420709270976852,0.8510976598533658,0.8010697960853577,0.7969235181808472,0.6657535517191179,0.6854727535876302,0.29733550548553467,0.30290210247039795,-0.7572742903383872,-0.7594496610406408,0.7729219198226929,0.7389926314353943,0.605296069182248,0.5588991075640292
71,2.958333,71,2.958333,0.0,0.058416275467347845,0.06077157275727756,0.5837171692354599,0.6042536691172338,0.04143168290028072,0.04909018998319221,0.04102383423863937,0.04590273972221569,0.1372966001712148,0.13868069125693785,0.20082595097112751,0.1770602142942308,0.08218571048585954,0.08327670614979667,0.46909698843955994,0.4765986502170563,0.4660731852054596,0.4737517833709717,0.49607641994953156,0.4987979680299759,0.2519485130906105,0.23635579645633698,0.30482006072998047,0.2835443317890167,0.4900904893875122,0.481825053691864,-173.92373657226562,-177.84904479980463,11.932614326477053,8.196673393249512,-5.082526206970215,-3.199875593185425,0.6275509595870972,0.6251566410064697,0.5007203266764602,0.4879378989996135,0.854910135269165,0.8574439287185669,0.7815455728666217,0.8158859041342792,0.2676193118095398,0.2895624339580536,-0.8700781013172761,-0.8079694451215713,0.8533681035041809,0.8416424989700317,0.7782421101481309,0.7815634441778102,0.7156929969787598,0.7182244062423706,0.8364089693471032,0.8473219346505931,0.8015580177307129,0.79705411195755,0.6672504362533829,0.6847125166279592,0.2952768802642822,0.3028160333633423,-0.7647443481061087,-0.756790263703592,0.7735015153884888,0.7474377155303955,0.6071455722658757,0.5769401943345814
72,3.0,72,3.0,0.0,0.052418594165118716,0.06026264915930922,0.5947969904705565,0.606995951751837,0.04205576977414593,0.05298223812164077,0.04078627523802941,0.04961727864542449,0.14111332144638744,0.14196899585018735,0.19741607577637824,0.16094124459633763,0.08218805816491224,0.08293124400229153,0.4725531041622162,0.48372824490070343,0.4689757525920868,0.48056289553642273,0.4968099296092987,0.49821701645851135,0.24358852207660675,0.22634126991033554,0.29294857382774353,0.26857122778892517,0.4890452027320862,0.47877439856529236,-176.682861328125,-181.18426513671872,11.369696617126465,6.558964729309082,-4.506092071533203,-1.027689814567566,0.6270667314529419,0.6236057877540588,0.5003034888693736,0.4779391538933276,0.8541454076766968,0.8583590388298035,0.7888014932896555,0.8138514115539323,0.2717329263687134,0.28575384616851807,-0.864498501358097,-0.8098370116614994,0.836602509021759,0.8528293371200562,0.7508999405974478,0.8019954114301813,0.7142759561538696,0.7180334329605103,0.8352654928639204,0.8378650737967576,0.7984988689422607,0.7952374219894409,0.6685767652405903,0.6785150161473702,0.2958340644836426,0.2966928482055664,-0.7719284143149983,-0.7681412734864981,0.7580742835998535,0.790273904800415,0.5812391717474737,0.6678729483657392
73,3.041667,73,3.041667,0.0,0.04917829780118315,0.07365254466829128,0.606075914076232,0.6139628267838789,0.05346331474452146,0.05172798541870729,0.049603619084141716,0.048453674925580566,0.13708636107083083,0.14903086266882562,0.17414842974614173,0.14969290243975117,0.08286448738080973,0.0820541557175637,0.47968630492687225,0.4881475418806076,0.477328360080719,0.48590224981307983,0.4970734715461731,0.5003434866666794,0.23121358454227448,0.22355567663908005,0.2752034664154053,0.26473408937454224,0.48706820607185364,0.4774628281593323,-180.07237243652344,-181.19296264648438,6.4506611824035645,3.7152714729309086,-2.8544085025787354,0.23104554414749146,0.6272965669631958,0.6247947216033936,0.4932294457938602,0.4769864717474473,0.8553097248077393,0.8581608533859253,0.7845421143445994,0.820748319370609,0.28317326307296753,0.28388381004333496,-0.8101625978293185,-0.8296288701407117,0.8604816198348999,0.8319838047027588,0.795560886681043,0.764313120632702,0.7136598825454712,0.719265341758728,0.820336785280414,0.8390657055501552,0.7979761958122253,0.7972911596298218,0.662392476749716,0.6895191152758675,0.2920798063278198,0.2927018404006958,-0.7764284174255897,-0.7958318476358061,0.7884374260902405,0.7894901037216187,0.6420700356745702,0.672700789196653
74,3.083333,74,3.083333,0.0,0.04950004888736475,0.09330765047865,0.612402083883829,0.610964105005976,0.04758823948895462,0.06135088518775049,0.044531539378992756,0.05757782373664383,0.14606675514855957,0.1484284337636915,0.16656864723876627,0.13502378423948924,0.0822201080566185,0.08249058867218786,0.48390841484069824,0.492313489317894,0.4809638559818268,0.49109894037246704,0.4975109100341797,0.5025943666696548,0.22595711052417755,0.22125377506017685,0.2675756514072418,0.26297593116760254,0.48498570919036865,0.4760444611310959,-181.40370178222656,-181.3367462158203,6.131775379180908,0.9896494150161743,-1.3360220193862915,1.186413288116455,0.6283093094825745,0.6251522302627563,0.49696641060871727,0.4799850878419819,0.8528958559036255,0.8544544577598572,0.7863011284384831,0.8336268433356533,0.2789567708969116,0.2912522554397583,-0.8303929291854898,-0.8276993319676444,0.8348829746246338,0.8115832209587097,0.7478038241302699,0.7391826845585869,0.713777482509613,0.7175968885421753,0.8217013565228695,0.8420349484048785,0.7953119277954102,0.794066309928894,0.6632321996364204,0.7005934100233728,0.2890833914279938,0.27956220507621765,-0.7919169976897531,-0.8734821947405321,0.7884572148323059,0.7848117351531982,0.6485822407098689,0.6802058356320818
75,3.125,75,3.125,0.0,0.08292782220877748,0.0771677422292091,0.6179670995847703,0.6117160972998014,0.05619682585550891,0.06742436428412198,0.053074108865443205,0.061805955603598466,0.14118255991548134,0.15926970388587897,0.1431705218730981,0.12570996718779803,0.08233227130104034,0.08122967092991569,0.48829391598701477,0.49976782500743866,0.48641517758369446,0.49895524978637695,0.5004549622535706,0.5014842003583908,0.22213689237833023,0.2229865938425064,0.2618612051010132,0.2655453383922577,0.4835534691810608,0.4790329933166504,-182.93873596191406,-180.08399963378906,3.1756439208984375,-1.1045029163360596,0.15645082294940948,3.2411041259765625,0.6280838847160339,0.6231927275657654,0.4852540200156427,0.47427690846065945,0.8538876175880432,0.8539878129959106,0.7920203240216265,0.8218876231049298,0.28417056798934937,0.3131343126296997,-0.8223282760553665,-0.73396667029476,0.8210059404373169,0.8147894144058228,0.7216974636985417,0.7359661281517901,0.7132644653320312,0.7158037424087524,0.8091164986269146,0.835165884910904,0.7977991104125977,0.7941321730613708,0.6720658509651306,0.6906861901501409,0.2883302569389343,0.2766540050506592,-0.8065128500072902,-0.8761240679338053,0.7809501886367798,0.8071817755699158,0.6360316679396079,0.7192904545182763
76,3.166667,76,3.166667,0.0,0.09274591739045154,0.04653002576674332,0.6018188273437606,0.5854286329155421,0.06469379668866886,0.07152097428459504,0.060398082132303244,0.068122359750259,0.1409303634336513,0.16044916343171362,0.13213544488631068,0.11612656301377695,0.08224824615638325,0.08369989082611033,0.4926246255636215,0.5031408965587616,0.4908406436443329,0.5027710795402527,0.5020731687545776,0.5020061880350113,0.22066982090473175,0.22484911978244781,0.26253241300582886,0.2676788866519928,0.48316971957683563,0.47845320403575897,-180.50753784179688,-180.74737548828125,2.527787208557129,-2.9668071269989014,1.0997178554534914,4.202531337738037,0.627395510673523,0.621302604675293,0.48115115814312975,0.46301654532295017,0.8523844480514526,0.8557074069976807,0.7973602428945017,0.823617802272435,0.29458919167518616,0.32802531123161316,-0.7965950391547866,-0.6752593816180613,0.8093507289886475,0.825269341468811,0.7044241435510783,0.757165705941934,0.714013934135437,0.7132664918899536,0.8137060252727842,0.8199493229519451,0.7988706231117249,0.7923684120178223,0.6817911900876371,0.6853367084267521,0.27833420038223267,0.280542254447937,-0.8590029687103125,-0.8595519323293254,0.794679582118988,0.8086971044540405,0.6727401712462281,0.7209853550759137
77,3.208333,77,3.208333,0.0,0.05373327944898902,0.014083450237950722,0.599226971525363,0.6004402585077125,0.06484144289788302,0.07298103182974539,0.06033895930362253,0.07136504222121756,0.16121431051833868,0.1636536209173064,0.12894897962013938,0.11712905717422402,0.08266708479636033,0.08215855483399866,0.49966177344322205,0.5062850415706635,0.49820539355278015,0.5063486099243164,0.5001689344644547,0.5036396086215973,0.2232179343700409,0.22782082110643387,0.264555960893631,0.2734425961971283,0.485878586769104,0.4824655205011368,-181.4689178466797,-177.71336364746094,-0.07313261926174164,-4.347402572631836,3.587173461914063,4.418862342834473,0.6260684728622437,0.6232610940933228,0.48357120616630517,0.4649540370050806,0.8492841720581055,0.8560953736305237,0.7851459956582663,0.8168925354721656,0.32378265261650085,0.35389554500579834,-0.6774872104368478,-0.5820368023449111,0.8109419941902161,0.8308616876602173,0.7023068521876183,0.7617223997377126,0.7144729495048523,0.720073938369751,0.8231265369054523,0.841253684202734,0.8012180924415588,0.7941622138023376,0.6812981422800337,0.6814838267244477,0.2798273265361786,0.27929604053497314,-0.8463165033841837,-0.8719959231960495,0.8224595785140991,0.806721568107605,0.7271908539135733,0.708943203153799
78,3.25,78,3.25,0.0,0.02406304842486747,0.010564252101357299,0.5906966528271081,0.6129541154873256,0.07142564569034761,0.07824030535790949,0.06859739771842745,0.07518453988917549,0.16263593899362314,0.16141920012379019,0.11897547880747335,0.10810701161127916,0.08355302488477646,0.08213802126843184,0.5033545792102814,0.5089636147022247,0.5030059218406677,0.5097370743751526,0.5008328408002853,0.5042882859706879,0.22538413852453232,0.2308301255106926,0.2683148682117462,0.27647659182548523,0.4849804490804672,0.48237355053424835,-180.69615173339844,-178.30596923828125,-2.8082327842712402,-5.316747665405273,4.368398189544678,4.801089763641357,0.6254108548164368,0.624026894569397,0.48065574437410596,0.4668062635197873,0.8488749265670776,0.8557085394859314,0.789751983416536,0.8186979222174917,0.3476746678352356,0.35424837470054626,-0.590925744120064,-0.584937232681442,0.8145495057106018,0.8438218235969543,0.7152562961221153,0.7926311728147064,0.7147727012634277,0.7186707258224487,0.8254379690855569,0.8357794272259059,0.8000755906105042,0.7924412488937378,0.6838438843783144,0.6799571106541193,0.27891725301742554,0.27930185198783875,-0.8562104868693662,-0.8771195675252516,0.8149170875549316,0.794562041759491,0.7160540507146896,0.6846078633669076
79,3.291667,79,3.291667,0.0,0.008389422623519922,0.011408159078647107,0.6020781487684794,0.6242157601644374,0.07641537323139802,0.07289792908520283,0.07375130494554503,0.07036309943344561,0.15824951975403076,0.16743600582367046,0.11451217445226673,0.11107709517948089,0.08249316699062281,0.0806043540864676,0.5060759335756302,0.5113743543624878,0.50650954246521,0.512544572353363,0.5013616383075714,0.5040351152420044,0.22832422703504562,0.23388872295618057,0.2743455469608307,0.27827176451683044,0.4847681522369385,0.4831755459308624,-177.81796264648438,-178.8599090576172,-4.295661926269531,-5.788529872894287,4.006021022796631,4.946250438690186,0.6239917874336243,0.6245786547660828,0.4754902768077401,0.47114057275005633,0.8489834070205688,0.8547311425209045,0.7943740395102085,0.8168699124677009,0.355072021484375,0.34048813581466675,-0.5672282949428623,-0.6392181436114726,0.8186162114143372,0.8477562665939331,0.7281414709247722,0.8015355551326809,0.7139783501625061,0.7182076573371887,0.8244072105786606,0.8370865377642658,0.7955669164657593,0.7894953489303589,0.6778696569475094,0.6734481540844813,0.2785552144050598,0.27728861570358276,-0.8639171437934785,-0.8862314486813567,0.8021141290664673,0.7881225347518921,0.6921494973793614,0.6704300038854523
80,3.333333,80,3.333333,0.0,0.007235032817997836,0.0057893521106296315,0.6247893615217347,0.608776636302786,0.07424002377493373,0.05033149102547102,0.07139080568658443,0.047630299195205186,0.15975837232231413,0.1985582388088853,0.11084075080784501,0.1393788226460554,0.08175597316138197,0.07895142335209915,0.509016826748848,0.5152558535337448,0.5103361010551453,0.517197847366333,0.5018022060394287,0.5045900344848633,0.23207304626703262,0.23537156730890274,0.2770296633243561,0.2759411931037903,0.4855335056781769,0.48260490596294403,-178.81488037109375,-180.7547607421875,-5.426070213317871,-6.989160060882568,4.268049240112305,5.032328128814697,0.6254787445068359,0.6261873841285706,0.4787615999621137,0.47408188912854565,0.8495445251464844,0.8541007041931152,0.7926273356879071,0.814714955290412,0.35223013162612915,0.3546222448348999,-0.5790052547002277,-0.5846921272051451,0.8334833979606628,0.8523803949356079,0.7576545250624565,0.8109422028488155,0.7148292660713196,0.7190230488777161,0.8246444908625152,0.8360281605870771,0.7967612147331238,0.7875241041183472,0.6776926428787727,0.6687080502010153,0.2766910493373871,0.2766067385673523,-0.871422978743811,-0.8888577911855762,0.799504280090332,0.7910188436508179,0.683665617512556,0.6763722460694822
81,3.375,81,3.375,0.0,0.0061928572868715,0.00549203530848737,0.621110859066982,0.6313543923185626,0.053611332021495234,0.048865270258602496,0.05142560706887581,0.047765142054073145,0.1814318545822171,0.1902115845813927,0.13036636449516872,0.13071988160470133,0.08016594220672926,0.07937346322362226,0.5132109075784683,0.5173384845256805,0.515171468257904,0.5193953514099121,0.5036856234073639,0.5059470534324646,0.23598413169384003,0.2310350090265274,0.27930206060409546,0.2734689712524414,0.48710496723651886,0.4817115366458893,-179.00253295898438,-178.8849792480469,-6.71766996383667,-7.367304801940919,4.485663890838623,5.2537665367126465,0.6239224076271057,0.6270239949226379,0.46617696957419835,0.4745670562113094,0.8492991924285889,0.8539357781410217,0.7899098155241984,0.8206601125205384,0.3596838116645813,0.34981364011764526,-0.558317728198376,-0.6119726301399108,0.8423349261283875,0.8496006727218628,0.7747214388858457,0.8111023038007592,0.7150328159332275,0.7193489074707031,0.819426387515983,0.8364391139594635,0.7953904271125793,0.7845043540000916,0.6723401252749274,0.6675814196361521,0.2750051021575928,0.2788030505180359,-0.8866304358409701,-0.8903021456641453,0.7946017980575562,0.7927590012550354,0.6706202032329897,0.6857808246986732
82,3.416667,82,3.416667,0.0,0.006594188994943522,0.008996840949918433,0.6294098297184909,0.628520577957097,0.047914026024237936,0.055245860235110925,0.04619850247570899,0.053827397031054144,0.1965390201841885,0.18203235831398076,0.1394154594444675,0.12050416356385998,0.07968562478966706,0.07940427686774253,0.5153426229953766,0.519012451171875,0.5167919397354126,0.5213272571563721,0.5046655237674713,0.5067552477121353,0.23486827313899994,0.22690504044294357,0.27688902616500854,0.27001529932022095,0.48739810287952423,0.4825066328048706,-179.5889434814453,-178.40623474121094,-5.8763108253479,-8.417131423950195,5.062140941619873,5.3225202560424805,0.6236152648925781,0.6292151808738708,0.46302252914907277,0.48038435976686833,0.846687912940979,0.8534530401229858,0.7866943818075283,0.8185185707678865,0.3529321849346161,0.3422994017601013,-0.5906356217179936,-0.6451254237028439,0.8335946202278137,0.8432775139808655,0.7580255481018167,0.7960655776930217,0.715508222579956,0.7218704223632812,0.8207241035866965,0.8438512318510584,0.7917702794075012,0.7914714217185974,0.6664477381424548,0.6817518985226071,0.27638694643974304,0.27955061197280884,-0.8885948235370068,-0.8912756250777137,0.7927846312522888,0.7948901653289795,0.6686687443472621,0.6892955896828022
83,3.458333,83,3.458333,0.0,0.0089388322353214,0.014778392282118755,0.6313812668599319,0.6134454470699185,0.047660745869982826,0.06717286572431501,0.04593438799527273,0.06561756105496705,0.1949461671002787,0.1763626065725224,0.13242577717628787,0.11169947468164663,0.08003273311589494,0.07955746699262504,0.5172444134950638,0.5200008898973465,0.5191964507102966,0.5223566889762878,0.5046700239181519,0.5082427859306335,0.2312978133559227,0.22448450326919556,0.27386510372161865,0.2664130926132202,0.4884923845529556,0.4832879602909088,-179.188232421875,-179.6870574951172,-7.022772312164307,-8.5155611038208,5.542563438415527,5.541983127593994,0.6246300935745239,0.6291095614433289,0.46761566405480726,0.47235122852567035,0.8445978164672852,0.8552573323249817,0.7808245623191005,0.8176883711323626,0.33394911885261536,0.3279826045036316,-0.6654861873533269,-0.7044625604524481,0.829594075679779,0.8411519527435303,0.7479261892991346,0.7866809664337193,0.7175894975662231,0.7231807708740234,0.8299801871184909,0.8399845268824797,0.7881335020065308,0.7921732664108276,0.6570164996662586,0.6790126871111896,0.278354287147522,0.2821502685546875,-0.8822000840713051,-0.8835767967663893,0.7877033948898315,0.7934635877609253,0.6560734132344073,0.681849159257348
84,3.5,84,3.5,0.0,0.010716748271412776,0.03242220946770483,0.6217444013242491,0.5796660668163377,0.060407956557126344,0.07095571165963634,0.05848319403880338,0.06766230958315946,0.18126357133402884,0.17952791221087536,0.11747763381379835,0.108256520891089,0.07987362594861463,0.08042859476038837,0.5188921242952347,0.5211755782365799,0.5212565660476685,0.5239267945289612,0.5043500661849976,0.508262038230896,0.22707653790712357,0.2241266444325447,0.269607812166214,0.26529473066329956,0.488234743475914,0.4844134449958801,-179.48594665527344,-180.42210388183594,-7.849135398864747,-10.78398323059082,5.447771549224854,5.928374767303467,0.6245437264442444,0.6288239359855652,0.46776675968413545,0.4719143675808878,0.8434083461761475,0.8524171710014343,0.7775189869201239,0.810266468789556,0.3379344046115875,0.3360496163368225,-0.6476524186632129,-0.6740895563297259,0.8233461976051331,0.8426039218902588,0.7336004599975545,0.7886597671646262,0.7174158096313477,0.7254419326782227,0.8292040711350497,0.8501053355011976,0.791485071182251,0.7905592918395996,0.6638525098398922,0.6740684855264343,0.2791488766670227,0.28136974573135376,-0.8764325045981929,-0.8881224890950464,0.7984917759895325,0.8043599724769592,0.6791910540954005,0.7044546690803395
85,3.541667,85,3.541667,0.0,0.020965406018516593,0.05597467344349558,0.5909674365447385,0.5464910706885514,0.06939170317294688,0.07501131684580759,0.06667001150250157,0.07264577694006825,0.1712909976896363,0.1822070435398089,0.1047558019249205,0.11058814750256067,0.08105623585457304,0.0809010076856275,0.5204561352729797,0.5215350836515427,0.5228510499000549,0.5239542126655579,0.5046080350875854,0.5090214014053345,0.22416379302740097,0.22408023476600647,0.26618990302085876,0.26625555753707886,0.48880621790885925,0.4847951829433441,-180.31350708007812,-179.61573791503906,-8.621881484985352,-13.362419128417969,5.70200252532959,6.1556410789489755,0.6249039173126221,0.6274806261062622,0.4661096115778797,0.4621907200222452,0.8447652459144592,0.853989839553833,0.7758179721701576,0.8102709505009952,0.33830639719963074,0.32233190536499023,-0.6443677905426008,-0.7284038268300521,0.8381131291389465,0.8417500257492065,0.761319585161032,0.7834082497878231,0.7169389128684998,0.7250417470932007,0.8227169636888383,0.8428435975754555,0.790229856967926,0.7918364405632019,0.6569572844638618,0.673862980409113,0.2827313542366028,0.28227829933166504,-0.8597040199279292,-0.8846804279876902,0.8108911514282227,0.8019534349441528,0.7019888816687673,0.6960667325666502
86,3.583333,86,3.583333,0.0,0.037439815979572945,0.10944435601975386,0.568274481668355,0.5436464288148174,0.07241031400271515,0.07781595761200703,0.06965684916443934,0.07650961414884266,0.17391056564073423,0.17314756369564396,0.10501530804034481,0.10490942129410964,0.08072815020193719,0.08124562600241236,0.5208963751792908,0.521548718214035,0.5235669016838074,0.5237902998924255,0.505180835723877,0.509563684463501,0.22400981187820435,0.22511804103851318,0.26592427492141724,0.2689381539821625,0.4892900884151459,0.4846099764108658,-180.04249572753906,-178.70668029785156,-11.119172096252441,-15.288451194763185,5.700606346130371,5.960170745849609,0.6262910962104797,0.6258440017700195,0.46854979481317016,0.45469924125364874,0.8445500135421753,0.855088472366333,0.7731140404585228,0.8148985648562037,0.33856329321861267,0.31272342801094055,-0.6446077734408985,-0.7697185330275618,0.8425553441047668,0.8430928587913513,0.7687732554752952,0.7885132053993429,0.7172887325286865,0.7244873642921448,0.8206002623298821,0.8404314368004229,0.7912073135375977,0.7927899956703186,0.6570300483933896,0.6778678335005783,0.2817419767379761,0.28442513942718506,-0.8644373409031993,-0.8803753547998316,0.8142030239105225,0.7904841303825378,0.7070731444540245,0.6727958891521805
87,3.625,87,3.625,0.0,0.07886778351970905,0.07854912880480021,0.5444368154464465,0.5318064535284815,0.07380099080362733,0.07965802665688027,0.07060288669710797,0.07754536847251775,0.17910385297782316,0.1683124305266644,0.10776157101291238,0.09580891738067315,0.08100155934505548,0.08169057870009253,0.5214635282754898,0.5214624106884003,0.5242372751235962,0.5234269499778748,0.50626540184021,0.5093595683574677,0.22491083294153214,0.2304450199007988,0.2664528787136078,0.27776849269866943,0.4900690168142319,0.4854833781719208,-180.1847381591797,-177.2351837158203,-13.373353958129883,-16.056074142456055,5.967169284820557,6.143711090087891,0.6268641352653503,0.6268571019172668,0.46804444563631004,0.45630245380152823,0.8451986312866211,0.8561160564422607,0.7752714048721113,0.8096368913402798,0.32382363080978394,0.30214136838912964,-0.7080576649326693,-0.8047332591008474,0.8445287942886353,0.8382101058959961,0.7738091064624578,0.7705218348794565,0.7174546718597412,0.725156307220459,0.8196268899622022,0.838048072008558,0.7916529178619385,0.7953948378562927,0.6583775757463494,0.6769930594910065,0.28077760338783264,0.29282844066619873,-0.8751195690616939,-0.8409000759122565,0.8113744854927063,0.7864211797714233,0.7014310605031788,0.657390350227241
88,3.666667,88,3.666667,0.0,0.0947773161877438,0.07763080435580766,0.5384032779351833,0.5262679240093491,0.07723259050618997,0.08283111416239619,0.07461539607863642,0.08095117665179416,0.17580239269605968,0.16558742136394944,0.10527981396862604,0.09303103936440721,0.08177298231311837,0.08205559975246232,0.5218185633420944,0.5218765139579773,0.5240429043769836,0.5240221619606018,0.5065029859542847,0.5086469948291779,0.22585806995630264,0.23490546643733978,0.26906272768974304,0.28252485394477844,0.4905983507633209,0.48690417408943176,-179.3467254638672,-177.19552612304688,-13.575166702270508,-15.971075057983398,6.177653789520264,6.23331356048584,0.6262935996055603,0.6266008019447327,0.46273450465584987,0.4579243035668505,0.8452399969100952,0.8565136194229126,0.7705864284367687,0.8071371157197367,0.3212864398956299,0.2967597246170044,-0.7154657955423734,-0.8225960061766864,0.8454033732414246,0.8357714414596558,0.7709414222312597,0.7618412448853122,0.7181262969970703,0.724243700504303,0.81747146144594,0.836996903379896,0.792693555355072,0.7951630353927612,0.6564103998600554,0.673162364622292,0.28211525082588196,0.29342523217201233,-0.8667786590338064,-0.8355412867739123,0.8025712966918945,0.7837887406349182,0.6778733428067337,0.6483236718342645
89,3.708333,89,3.708333,0.0,0.06686728391237565,0.045371309350580986,0.5442182040542858,0.5506627704435659,0.07758452968862968,0.07794472414900713,0.07472023389710643,0.07767157824962295,0.1656064706694211,0.16814349342438048,0.09584992400448002,0.0981243447151171,0.082291990283343,0.0817767425201399,0.5215350389480591,0.5217491984367371,0.5234678387641907,0.5230234265327454,0.5038748532533646,0.5082869678735733,0.23105812072753906,0.24004969745874405,0.2783917486667633,0.2887040078639984,0.4919721633195877,0.4856019467115402,-177.56234741210938,-177.1138153076172,-13.510913848876953,-12.960546493530273,6.05133056640625,6.521946430206299,0.6257598400115967,0.6267305612564087,0.4667252795040602,0.4626740222588453,0.8471013307571411,0.8571327328681946,0.7649269810963178,0.8163584162886703,0.31355875730514526,0.2888782024383545,-0.7287635289467258,-0.85707240994152,0.8451985120773315,0.8235244750976562,0.7608284234959305,0.7425115505373902,0.7190718054771423,0.7230546474456787,0.8240379750320724,0.8389430219129521,0.7934239506721497,0.7919070720672607,0.6493091156367253,0.6730391567902643,0.28874343633651733,0.29831862449645996,-0.8237870254667645,-0.8201954635344063,0.8039566278457642,0.7579650282859802,0.6719958721524141,0.5984588685898579
90,3.75,90,3.75,0.0,0.06133598534308291,0.037483559895137845,0.5443648046487546,0.5607023249456536,0.07926834216758144,0.07617842541549316,0.07604210181135121,0.07624253275909298,0.16370790232298318,0.1633186478487595,0.092433241667023,0.09542138347548029,0.08289133124326992,0.0818559771024147,0.5215751528739929,0.5210273563861847,0.5232486724853516,0.5223566889762878,0.5055325627326965,0.5086103081703186,0.2349822223186493,0.2451680824160576,0.28451550006866455,0.29510805010795593,0.4903222620487213,0.4862501323223114,-176.57554626464844,-176.32257080078125,-13.344822883605957,-12.268071174621582,6.166354656219482,6.2959771156311035,0.6243749856948853,0.6266769766807556,0.45748198252357986,0.46302240062282035,0.8458657264709473,0.8583298325538635,0.7698705796226871,0.8207921548583734,0.30728375911712646,0.28676724433898926,-0.7631555588515284,-0.8700025949120725,0.8408631086349487,0.8192399144172668,0.7590382379305408,0.7345614410607443,0.7198278903961182,0.7230986952781677,0.8249263932980716,0.84115973760718,0.795696496963501,0.7932589054107666,0.6612374090963024,0.6772484289437994,0.2905541658401489,0.2989598214626312,-0.8275558572331921,-0.8221869294004422,0.7921913862228394,0.7492811679840088,0.6536476713916871,0.5802353915600328
91,3.791667,91,3.791667,0.0,0.03824741315356962,0.03431293276417306,0.5551007376713697,0.5624246901393101,0.07875719942043757,0.0768542375956994,0.07747480365657447,0.0771012384302733,0.16014785837788711,0.15686101503877506,0.09259463755120786,0.09564406317686995,0.08252561145706976,0.08241784528646848,0.5211693048477173,0.5201562494039536,0.5222590565681458,0.521735668182373,0.504155158996582,0.5079483687877655,0.24024493992328644,0.25070029497146606,0.29027512669563293,0.30370911955833435,0.4895651787519455,0.48551400005817413,-176.595947265625,-174.5316162109375,-11.432685852050781,-12.523159980773926,6.1949052810668945,5.4936137199401855,0.6251429915428162,0.6263749599456787,0.4655881445877545,0.462198937186899,0.8447486162185669,0.8570529222488403,0.7688390783928205,0.8156551030523961,0.2976498305797577,0.2897304892539978,-0.7946785282588881,-0.8516674423330876,0.8304959535598755,0.8229793310165405,0.7379874032659874,0.7408519077261086,0.7199057340621948,0.7241801619529724,0.830256297881471,0.8439160834555349,0.7939953207969666,0.7911159992218018,0.6589772077052022,0.6709009883839541,0.2901328504085541,0.29781419038772583,-0.8236055432913808,-0.8201181252750329,0.7808526754379272,0.7519165277481079,0.6305283041821119,0.5848447314621902
92,3.833333,92,3.833333,0.0,0.03189340755609824,0.07464067647076987,0.5616209996455563,0.5418715823486071,0.07949997171969089,0.08650728112255926,0.07832651150738562,0.08716813898371899,0.1584810012973185,0.1523985901535416,0.09508945313447133,0.09208379164666931,0.08260395892668912,0.08231886058286514,0.5210587680339813,0.5199212431907654,0.5223506093025208,0.5212478637695312,0.5051593333482742,0.5076688975095749,0.24542900919914246,0.25033480674028397,0.2966490387916565,0.3047255277633667,0.4877670407295227,0.48577889800071716,-175.82537841796875,-174.0565948486328,-10.767589569091797,-15.305644989013672,5.8089518547058105,5.244322299957275,0.6247085332870483,0.6264351010322571,0.46586931096633305,0.46143221556993097,0.8439229130744934,0.8572850823402405,0.7806926031178275,0.8119020025680146,0.2935411334037781,0.28901612758636475,-0.8246514827917556,-0.8495129849536733,0.8175309896469116,0.8227663040161133,0.7228415861844094,0.736463513441957,0.7205226421356201,0.7246223092079163,0.8392457358441044,0.8429106131720543,0.7944232225418091,0.7916289567947388,0.6721894300519128,0.6684149165965665,0.29215869307518005,0.2966974377632141,-0.830038691770702,-0.8196694447187062,0.7636780738830566,0.7540213465690613,0.6047961564787135,0.5862259912404281
93,3.875,93,3.875,0.0,0.0508175105371273,0.11967560161701218,0.5681888198284665,0.5394766343634927,0.07785137344288028,0.08809640436607948,0.0769150053213591,0.08878309703083624,0.15422421911046383,0.15198205747195787,0.09307123463286406,0.09378713861584159,0.08253791112019926,0.0831774881242807,0.5201907157897949,0.5191714614629745,0.5217479467391968,0.5209909677505493,0.5036992132663727,0.5080664157867432,0.24917512387037277,0.24845829606056213,0.3013034760951996,0.3014325797557831,0.4881015866994858,0.4857751280069351,-175.4482879638672,-174.56407165527344,-12.248820304870605,-16.371797561645508,5.38103723526001,5.138720989227295,0.6249560713768005,0.6263427138328552,0.4715885945014267,0.4605502645529156,0.8433364629745483,0.8576681613922119,0.77713256165423,0.8145540038788072,0.2914401888847351,0.2882227897644043,-0.8255115342607761,-0.8560382916735078,0.8129755854606628,0.817500650882721,0.7107133328784869,0.726575462808763,0.7214195728302002,0.72544926404953,0.8467515978976274,0.8464563900846893,0.7928772568702698,0.7922216653823853,0.6667450554779127,0.6712071256666131,0.2897573709487915,0.2970040440559387,-0.8320563001204581,-0.8218453971216686,0.7663917541503906,0.7508256435394287,0.6088038229299512,0.5805377871477009
94,3.916667,94,3.916667,0.0,0.0797783900910137,0.052246164693277315,0.548461516266429,0.5344048760547333,0.08953108337116761,0.08513933659813766,0.0894591127736036,0.0863999478839699,0.1483990052564351,0.1557107445446569,0.09109255418685683,0.0992889089215913,0.08232603459765807,0.08308896581766163,0.5196401178836823,0.5184511244297028,0.5212796926498413,0.5203161239624023,0.5033985078334808,0.507750540971756,0.24949052929878235,0.24666723608970642,0.304065078496933,0.3000504672527313,0.4879368394613266,0.48577214777469635,-173.30792236328125,-173.90444946289062,-15.305386543273924,-13.31297492980957,4.68234920501709,4.842684745788574,0.624881386756897,0.626426100730896,0.4731866874068368,0.4621808513377211,0.8436695337295532,0.8578556776046753,0.7794060108785265,0.8151051417048798,0.2930581569671631,0.28891250491142273,-0.8192944943062257,-0.8522626732641135,0.8169860243797302,0.8175890445709229,0.7209427661060231,0.726895003406222,0.7213007211685181,0.7246590256690979,0.8487486254884079,0.8447480536283843,0.7923987507820129,0.7915956377983093,0.6670723483964655,0.6699525219143239,0.28980082273483276,0.2960514426231384,-0.831982102706953,-0.8244601474875827,0.7725328207015991,0.753288209438324,0.6235463369675238,0.5860343172144726
95,3.958333,95,3.958333,0.0,0.0706093136596868,0.036076819938849515,0.5384154979132528,0.5577053233273863,0.08429564893317251,0.0878674641008315,0.08481347984603653,0.08910084158850089,0.15500018828635484,0.14158882766709216,0.09530520415521536,0.08598527680015265,0.08289865212275897,0.08292232956409974,0.5186661630868912,0.5165766030550003,0.5201910734176636,0.5170153975486755,0.5033450722694397,0.5079288631677628,0.24792316555976868,0.24608615040779114,0.3010066747665405,0.3029167056083679,0.4876753240823746,0.4839499592781067,-174.08766174316406,-171.20387268066406,-14.066792488098145,-9.958716392517092,5.106927394866943,4.962850093841553,0.6251338124275208,0.6266352534294128,0.4735318666850506,0.4620355172667702,0.8441333174705505,0.8569796085357666,0.779602022867297,0.816708624076794,0.2932412028312683,0.28792840242385864,-0.8169135945052958,-0.8562978492959571,0.8172641396522522,0.8148797750473022,0.7208369908902603,0.7245355296574907,0.7214512228965759,0.7242817878723145,0.8480275968689843,0.8421007096392233,0.7918996810913086,0.7897768020629883,0.6653628997776179,0.6695752481703349,0.289215624332428,0.2939229905605316,-0.8325656137196236,-0.832965384847969,0.7754932641983032,0.7515147924423218,0.6294807592869076,0.5858046597093537
96,4.0,96,4.0,0.0,0.05016052961992326,0.036896401049417424,0.5517614906605199,0.5666053365783202,0.08674288884716763,0.08037661881562685,0.08765344655043888,0.0811609665541447,0.1506369802423327,0.14615030780205987,0.09413143852499214,0.09169833996753496,0.0831950613865542,0.08230592915227476,0.5179145932197571,0.515815943479538,0.5195770263671875,0.5158988237380981,0.5035974234342575,0.5078699588775635,0.24600084125995636,0.24791260063648224,0.3000980019569397,0.3044153153896332,0.4866563379764557,0.48421233892440796,-173.29629516601562,-171.54141235351562,-12.121011734008789,-9.092074394226074,4.692843437194824,4.836853981018066,0.6256299018859863,0.6269533634185791,0.47313771080072703,0.46285768164081004,0.8445265293121338,0.8568602800369263,0.7804771356597401,0.8147370874258663,0.29353272914886475,0.28800612688064575,-0.8144514463300017,-0.8545746902937007,0.817932665348053,0.8147057294845581,0.7224787237346133,0.7225726825018829,0.7211660146713257,0.7241431474685669,0.8435451488495702,0.8406184477016614,0.7919937968254089,0.7895031571388245,0.6659087877719432,0.6674711560388592,0.2884705662727356,0.29282909631729126,-0.8340781898436932,-0.8358285983367703,0.7760945558547974,0.752988874912262,0.6312342204222771,0.5876383254537764
97,4.041667,97,4.041667,0.0,0.045055194074269785,0.04533557911539502,0.5676584866096401,0.5752065063840336,0.0855079524927346,0.08264442482589804,0.08628394156938239,0.08383400799254252,0.1393532550466813,0.14238223451070603,0.08532447551614752,0.08997084837251648,0.08349978998633562,0.08225786375350594,0.5169806331396103,0.5154504925012589,0.5172469019889832,0.5156196355819702,0.5040331780910492,0.5077436864376068,0.24553124606609344,0.24884793162345886,0.301637202501297,0.3079121708869934,0.4867764413356781,0.4834000766277313,-171.70498657226562,-169.9485626220703,-8.876141548156738,-9.987032890319824,4.936226844787598,4.421539783477783,0.625483512878418,0.62700355052948,0.46947700110629775,0.46306262238212725,0.8452288508415222,0.8567018508911133,0.7794165733151464,0.8153198157964457,0.29284387826919556,0.2880459427833557,-0.8163709002506133,-0.8530431766180958,0.8196602463722229,0.8149675130844116,0.7238203670924436,0.7241688088662211,0.7207028269767761,0.7244832515716553,0.837555673829274,0.8415571505902256,0.7924467325210571,0.7899553775787354,0.6646474806750234,0.6695403792173025,0.2868468761444092,0.29233890771865845,-0.8395528418903956,-0.83637443717358,0.7758418321609497,0.7536048889160156,0.6285418940038217,0.5901481133244301
98,4.083333,98,4.083333,0.0,0.04369514419255061,0.04560458909610941,0.568146527351553,0.5557837574114848,0.08390106009369959,0.08653972895441639,0.08463809269725679,0.08715515212137037,0.14259704006139884,0.13717299605691327,0.08775724119180056,0.08494049279933255,0.08330609087909648,0.08218075828048764,0.5163162052631378,0.5151144862174988,0.5164555907249451,0.5149734020233154,0.5037539750337601,0.5077358782291412,0.2465083971619606,0.24921207875013351,0.3041669726371765,0.3092704713344574,0.48696254193782806,0.48329389095306396,-170.5457000732422,-169.73883056640625,-8.970487594604492,-10.123844146728516,4.90939474105835,4.344087600708008,0.6254137754440308,0.6276251077651978,0.47091859803481184,0.4657080002905279,0.844268262386322,0.8566191792488098,0.777967113717912,0.8157244229142131,0.292778879404068,0.28771311044692993,-0.8166386589420009,-0.8546752998477164,0.8202739953994751,0.8138805031776428,0.7257240356890924,0.7223394233782269,0.7208696007728577,0.725036084651947,0.8404073139994662,0.844099549121287,0.7920755743980408,0.7908321619033813,0.6643271899561097,0.6719782625500788,0.2864176630973816,0.2921416163444519,-0.8412615422184727,-0.8374728319213586,0.7768009901046753,0.7530220746994019,0.6310696080706737,0.589362344122477
99,4.125,99,4.125,0.0,0.04514838155572789,0.05057864381815398,0.5765310917403808,0.5370213857328108,0.0795371171692074,0.08688269088165937,0.07982866362503045,0.08789146999189615,0.14774104310562744,0.13793366628275733,0.09243706687572367,0.08686619661296062,0.08250352183523416,0.08274777950520727,0.5159816443920135,0.5145940780639648,0.5158249735832214,0.5148603320121765,0.50357386469841,0.5069991648197174,0.2476649284362793,0.24876957386732101,0.3063327968120575,0.3080226480960846,0.4878331124782562,0.48285478353500366,-170.33309936523438,-170.09878540039062,-8.978835105895996,-11.220338821411133,4.83434534072876,4.204314231872559,0.6251209378242493,0.6279297471046448,0.47153738173426063,0.47142140839614083,0.8440864682197571,0.8559888005256653,0.7774153526090327,0.8182019822755499,0.29269179701805115,0.2880084812641144,-0.8181091941700097,-0.8536872519490323,0.8196018934249878,0.8151383399963379,0.7239851629959713,0.7286257810716772,0.7212039232254028,0.7259564399719238,0.8442877754715457,0.8535570166000915,0.7922708988189697,0.7920973300933838,0.6643435218258306,0.6781018429749277,0.2862553596496582,0.29193711280822754,-0.8430791152576723,-0.8383723416872783,0.7743687033653259,0.7558878660202026,0.6252773871024039,0.5987023405635633
100,4.166667,100,4.166667,0.0,0.04500999223227009,0.04796646628398943,0.5715310534438084,0.5280175626406891,0.08406883393520369,0.08853315835735204,0.08459309717987576,0.08840118068184287,0.14689996309485404,0.13691892711074674,0.09225198821121695,0.0850803600754096,0.08205520091564747,0.08272976320683174,0.5153515636920929,0.5146650820970535,0.5156881809234619,0.5145991444587708,0.5041215717792511,0.5071348547935486,0.24839692562818527,0.2485383152961731,0.30863508582115173,0.3075309693813324,0.4872996658086777,0.4825623780488968,-169.7094268798828,-170.29685974121094,-11.226668357849121,-10.356254577636719,4.441512584686279,4.296853065490723,0.6250530481338501,0.6281567811965942,0.4697183886778087,0.47249353155116036,0.8446258306503296,0.8557701110839844,0.7807024683379346,0.8196056931711204,0.29285356402397156,0.2881201505661011,-0.8206008160439261,-0.8550767132678468,0.8198685646057129,0.8153190016746521,0.7266116666780662,0.7307705575822777,0.7212498188018799,0.7263871431350708,0.843362980443989,0.8560042886290732,0.7921491861343384,0.7918491959571838,0.6660491069702278,0.679228253709789,0.2860567569732666,0.2922559380531311,-0.8470007687464772,-0.8389297811079341,0.7683993577957153,0.7547244429588318,0.6141594010630719,0.5976981667858928
101,4.208333,101,4.208333,0.0,0.0432915973855958,0.045554267992639924,0.5484981605121887,0.5281504983901804,0.08110295653451771,0.0874973551541609,0.08222938470405391,0.08818903881644083,0.1446679163667785,0.13624392375934416,0.09274967973614326,0.08551941877864852,0.0820325914401328,0.08289878150778329,0.5149434357881546,0.5144610404968262,0.5149356126785278,0.5144558548927307,0.5036696344614029,0.5074743181467056,0.24948719888925552,0.247225321829319,0.30846646428108215,0.3060013949871063,0.48770636320114136,0.48298728466033936,-170.72715759277344,-170.87095642089844,-10.966170310974121,-10.69092845916748,4.470950126647949,4.202791213989258,0.6253237724304199,0.628811240196228,0.47295116526849684,0.47303373285556444,0.8447888493537903,0.8557482957839966,0.7808731512758453,0.8174329617625806,0.29378578066825867,0.2884572744369507,-0.8159592010572729,-0.8538410897116002,0.8185975551605225,0.8151761293411255,0.7235976498838596,0.7284616767010146,0.7215410470962524,0.7269179821014404,0.8470121954305291,0.8555042748623841,0.7913326621055603,0.792328953742981,0.6639743869554006,0.6783597780051083,0.28619834780693054,0.29253458976745605,-0.8454566375857002,-0.8379456173505081,0.7684271931648254,0.7543879747390747,0.6138843758044296,0.5951584615749237
102,4.25,102,4.25,0.0,0.04257735300370914,0.045764163376237,0.5343062616609564,0.5301989119265852,0.08610475469391218,0.08902012053807998,0.08655577219850517,0.08941922492472375,0.14142216217243403,0.13430853664220532,0.09059832513638062,0.08637057658911736,0.08254726705826922,0.08244478861986175,0.5146436840295792,0.5143115520477295,0.5148395299911499,0.5141738057136536,0.5036077052354813,0.5075886696577072,0.24917495250701904,0.2462928593158722,0.3086715042591095,0.30488333106040955,0.487898588180542,0.48357731103897095,-170.3107452392578,-171.58975219726562,-10.98044204711914,-11.526628494262695,4.1779465675354,3.9887163639068604,0.6252056956291199,0.6288315653800964,0.4729334168755012,0.47243545432331063,0.8445360064506531,0.8560978174209595,0.7802307065063357,0.816505083998205,0.2934684753417969,0.2878931164741516,-0.8172985728751466,-0.8560663935207998,0.8184782862663269,0.8140493035316467,0.7232231341434077,0.7243414989686401,0.7212913632392883,0.7271542549133301,0.8466412631033444,0.8555599600781265,0.7913929224014282,0.7931018471717834,0.6639673424017642,0.6784280409934689,0.28645139932632446,0.2921074628829956,-0.8445902223977205,-0.8396447578573226,0.7690526247024536,0.7542160749435425,0.6150925318398753,0.5931966774158688
103,4.291667,103,4.291667,0.0,0.04401007051295423,0.036489483324138414,0.5270774053762938,0.5180563844490831,0.08630143751925921,0.08573409163993011,0.08684651320075445,0.08631102877818154,0.13999972439512284,0.14794196363772896,0.09028656097524475,0.10114950708795059,0.08275553111598179,0.0819520441442551,0.5145764648914337,0.5140028893947601,0.5146507620811462,0.5143308043479919,0.5034337490797043,0.5070376843214035,0.24858136475086212,0.24464503675699234,0.30817607045173645,0.3025604784488678,0.4885729253292084,0.48282888531684875,-170.03961181640625,-171.67030334472656,-10.620758056640625,-12.556516647338867,4.105200290679932,3.724930763244629,0.6251728534698486,0.6292247772216797,0.4723195964326045,0.47625283582700445,0.8446111679077148,0.8562184572219849,0.7770071904099144,0.8186475267168198,0.29357731342315674,0.28810906410217285,-0.8141944816714931,-0.8533256152366171,0.8194536566734314,0.8157770037651062,0.7221041918435561,0.7299806266735631,0.7212839126586914,0.7272629737854004,0.845208299008434,0.8583796875636638,0.791874885559082,0.7938537001609802,0.6619171082782461,0.681914318390215,0.2860327363014221,0.2919471263885498,-0.843465697680873,-0.8383658678150171,0.7710345983505249,0.7563257217407227,0.6164358900417358,0.5996351412839208
104,4.333333,104,4.333333,0.0,0.04430905203187846,0.028112218551705585,0.5273778626924335,0.510617497423656,0.08457729942159975,0.06849146381589068,0.0856189098282115,0.06760872590086912,0.140359138240107,0.16161499947253083,0.09070078366513841,0.11531472285002088,0.08279049359965453,0.08171980905866848,0.5143813043832779,0.5140454173088074,0.5143779516220093,0.5143870115280151,0.5034134685993195,0.5071721822023392,0.24765383452177048,0.24507974088191986,0.30692195892333984,0.3009589612483978,0.48868751525878906,0.4833269268274307,-170.39138793945312,-172.3450164794922,-10.844619750976562,-11.235180854797363,4.1790452003479,3.6697254180908208,0.6251703500747681,0.6295162439346313,0.4720764298123701,0.47803178597047996,0.8445004224777222,0.8558088541030884,0.7760023314341873,0.8186563091749973,0.29388439655303955,0.28803545236587524,-0.8123872349133049,-0.8562272729237497,0.8192259073257446,0.8149634599685669,0.7208804337011878,0.7288845990318119,0.721185028553009,0.7276152968406677,0.8443450529598043,0.8613316764490023,0.7918530106544495,0.7943591475486755,0.6611821169620421,0.6835995821663529,0.2861666679382324,0.29214558005332947,-0.842310453433595,-0.8401678773864355,0.7705322504043579,0.7537113428115845,0.614683073992136,0.5942621422386798
105,4.375,105,4.375,0.0,0.042550200990194034,0.023335965846858125,0.5235113267180652,0.5294656833610832,0.08481480989987289,0.05804732386811779,0.08558664504594533,0.0576404635070783,0.1398675026964111,0.1906485655178276,0.09187942374932248,0.14986741428516467,0.08249457346430919,0.08106436302209752,0.5140841007232666,0.5139508247375488,0.5137026309967041,0.5152495503425598,0.5036302208900452,0.5070626735687256,0.24626951664686203,0.24665261805057526,0.3047392666339874,0.29853326082229614,0.4885524958372116,0.4838573783636093,-171.82762145996094,-173.77655029296875,-10.682485580444338,-9.663953781127931,4.158417224884033,3.2724080085754395,0.625109076499939,0.6303216814994812,0.47074797318568,0.4806455602978486,0.8446381688117981,0.8567107915878296,0.7761841926754302,0.8178373057930864,0.293983519077301,0.2883338928222656,-0.8124110115124767,-0.8529276613536269,0.8195912837982178,0.8155808448791504,0.7215877915877412,0.7276206050453022,0.7214721441268921,0.7275778651237488,0.8441686688910834,0.8598937276754194,0.791300356388092,0.7938599586486816,0.6599201303520845,0.6799768114145812,0.2857532501220703,0.2916761040687561,-0.8443044830964511,-0.8398947883476584,0.7701528072357178,0.7549115419387817,0.613823377206189,0.5945451992657728
106,4.416667,106,4.416667,0.0,0.037042478497527245,0.029822617331781057,0.5092810254203777,0.5243504211924299,0.08493539710717991,0.05834534107190263,0.08540726915029,0.05939786233505259,0.1433523276771332,0.1851918847442114,0.095221560078163,0.14442705366946088,0.08206401909968658,0.08115644570774513,0.5141106396913528,0.5133947134017944,0.5144273042678833,0.514541745185852,0.5039114505052567,0.5065421760082245,0.24529732763767242,0.2430172935128212,0.30330199003219604,0.2934224605560303,0.4882100224494934,0.4840022176504135,-171.7783203125,-174.09938049316406,-12.623839378356934,-9.28416442871094,3.788724660873413,3.356462240219116,0.6248775720596313,0.6305182576179504,0.46941385925207274,0.48410547741006776,0.8442814946174622,0.855839729309082,0.7772341213957213,0.8167287007446679,0.29366886615753174,0.2886764705181122,-0.8158547337853858,-0.8507284630884631,0.8198918104171753,0.8167754411697388,0.7239962288593971,0.7309252938876196,0.7210494875907898,0.7278397679328918,0.8426128131496966,0.8641293949395555,0.7912439107894897,0.7927708029747009,0.6614634879987268,0.6781999061841973,0.28564417362213135,0.2911745607852936,-0.8469948732223632,-0.8409738461840971,0.7717561721801758,0.7556627988815308,0.6189255803596262,0.596693412030204
107,4.458333,107,4.458333,0.0,0.021987728209800352,0.04953350954115771,0.529058896432711,0.5427073344120132,0.06486642766790217,0.059121446477044585,0.06426621789624344,0.05992828018367617,0.1708776611685168,0.16540597761430778,0.12176785508464284,0.1325099234814205,0.0817906985742507,0.08079416710659915,0.5137942731380463,0.5120027363300323,0.514626145362854,0.5144079327583313,0.5039792358875275,0.5066435486078262,0.24543054401874542,0.23305261135101318,0.30070942640304565,0.2777625322341919,0.48790399730205536,0.4826432317495346,-172.56556701660156,-177.9573516845703,-10.615155220031738,-8.802480697631836,3.8402340412139897,2.5461156368255615,0.625216007232666,0.6301570534706116,0.47029009414489265,0.48312067670869957,0.844481885433197,0.8566786646842957,0.7780516074389184,0.822955688660829,0.29280656576156616,0.2874768376350403,-0.8191608355491645,-0.8572663356514887,0.8182891607284546,0.8164323568344116,0.720899180891833,0.7344054469556963,0.7209754586219788,0.7272456884384155,0.8417510041433756,0.8628809877651953,0.791454553604126,0.792209267616272,0.6623461693254036,0.6811096163639359,0.285999596118927,0.29024064540863037,-0.845565781495513,-0.8464557551942912,0.77190762758255,0.7511523962020874,0.6196948504472587,0.5907759663570055
108,4.5,108,4.5,0.0,0.02410319706037533,0.05102413841741642,0.5376359722668695,0.5584627274812435,0.05302671518150884,0.06095362962831854,0.05441887848304857,0.06069907064863493,0.19073049215124827,0.16465616063873795,0.1444985198586142,0.1395664915431601,0.08139943869836315,0.08098682279151788,0.5132996588945389,0.5114838629961014,0.5146817564964294,0.5139436721801758,0.5048288851976395,0.5066174864768982,0.24425452202558517,0.23020127415657043,0.29409947991371155,0.27463921904563904,0.4868602603673935,0.48295681178569794,-174.56202697753906,-178.05776977539062,-9.233709335327148,-7.354614734649658,3.8012914657592773,1.8481134176254275,0.6250196695327759,0.6300147771835327,0.4658823020819646,0.47740548962010243,0.8450255393981934,0.8566105961799622,0.7809281046346724,0.81315567272115,0.29270392656326294,0.28853586316108704,-0.8222366182590457,-0.8437248788853179,0.81748366355896,0.8182139992713928,0.7208769881350007,0.7295959393706484,0.7206382155418396,0.727386474609375,0.8365179426001208,0.8541218876749049,0.7924092411994934,0.7939402461051941,0.666205800629124,0.6767707281465052,0.2864183187484741,0.2896750569343567,-0.8466008276694184,-0.8393175101498653,0.768517792224884,0.7649427056312561,0.6141139171969692,0.6136654806790697
109,4.541667,109,4.541667,0.0,0.031865623667160684,0.071378436448246,0.5525555651899496,0.5609682431308776,0.05343227458141724,0.06473115886875284,0.05387899436713443,0.06372410289986707,0.17562804508054966,0.15550106312184636,0.1382872336251054,0.13495048896847725,0.0814941670981507,0.08079398682274022,0.5126592218875885,0.5108033716678619,0.5150706768035889,0.5140378475189209,0.5057133585214615,0.507238432765007,0.23545996844768524,0.2260630801320076,0.28126204013824463,0.2678036391735077,0.4850265085697174,0.4824468642473221,-177.41693115234375,-179.9344024658203,-8.166220664978027,-8.233819961547852,2.8758420944213867,1.1356409788131716,0.624991238117218,0.6307628154754639,0.4624204180419199,0.476838666836738,0.8453766107559204,0.8564252853393555,0.785822153870938,0.8120594849556549,0.2909305691719055,0.287228524684906,-0.8326770024403145,-0.8492997816123281,0.8154503703117371,0.8288416266441345,0.7205614460747294,0.7521641262667071,0.7200836539268494,0.727166473865509,0.831077832311298,0.8489837521730114,0.792975127696991,0.7946330308914185,0.6715492674930081,0.6778833306879417,0.28690460324287415,0.2866048216819763,-0.8482849999519625,-0.8517074496523797,0.7589503526687622,0.7765113115310669,0.5973508092840498,0.6385336964301498
110,4.583333,110,4.583333,0.0,0.040389351667801145,0.09633859504101076,0.5495329837943285,0.5603941670045471,0.0589341332786618,0.07108943286741289,0.058580753813951926,0.06888660151970935,0.16752374393252994,0.14574259563265013,0.13964753641396146,0.13037248513939442,0.08171212295877751,0.08118172059847666,0.5118070244789124,0.5097829848527908,0.5142607092857361,0.5131938457489014,0.5051099956035614,0.5076430141925812,0.23090676963329315,0.22309758514165878,0.2752781808376312,0.26418474316596985,0.4856230318546295,0.48043084144592285,-178.5497283935547,-180.3087615966797,-7.3111562728881845,-8.620261192321777,2.122851848602295,0.49421992897987366,0.6245385408401489,0.6315730214118958,0.4609520354617176,0.4784827414021752,0.8453075885772705,0.8556578159332275,0.7808936893777298,0.8149038713778989,0.29090702533721924,0.28624385595321655,-0.826747867945791,-0.8548024691956527,0.8190076351165771,0.8285897970199585,0.7237951364803914,0.7561185630106311,0.719651460647583,0.726945698261261,0.8280543383248399,0.8467081687838652,0.793303906917572,0.7947331666946411,0.6679910193201396,0.6825900029661159,0.284371018409729,0.2837277054786682,-0.8519745479748426,-0.8645171025105021,0.7710765600204468,0.776110827922821,0.6197343049320397,0.6421467059989883
111,4.625,111,4.625,0.0,0.0622633998274337,0.06790868467602224,0.5593588094172376,0.5594554451070698,0.06732905729694917,0.06778466935677473,0.06680092433108058,0.06790561739759854,0.15241185925873013,0.13495096992823413,0.13083205871853296,0.12570145718244038,0.08174683931418582,0.08165219337762714,0.51084403693676,0.5063257664442062,0.5139885544776917,0.5102195143699646,0.5052461922168732,0.5053928792476654,0.22673361003398895,0.21848129481077194,0.2696857452392578,0.2587951421737671,0.4865114986896515,0.4816639721393585,-179.7778778076172,-180.6673431396484,-7.934735774993897,-9.223238945007324,1.3542280197143555,-0.1794968545436859,0.6235120296478271,0.6320089101791382,0.45478117980587135,0.4857748878243153,0.8462426662445068,0.8538105487823486,0.7781149628276415,0.8031245835031435,0.29696691036224365,0.30244606733322144,-0.8009201946104544,-0.7786254557718563,0.8223167657852173,0.825024425983429,0.7263621462089396,0.741001634282167,0.7192922234535217,0.7265312671661377,0.82309573696968,0.8484192309178102,0.7964509725570679,0.798426628112793,0.6704132528366136,0.6836012800194761,0.2849664092063904,0.2829068899154663,-0.8470670971520013,-0.8535894366237475,0.7732515335083008,0.7956744432449341,0.6202318054636923,0.6776618264158405
112,4.666667,112,4.666667,0.0,0.084622402793472,0.02086074507808672,0.5593410197969316,0.572075333441926,0.06883433100704713,0.0694813492323161,0.0672905128215179,0.06934434365298403,0.14551916540612833,0.1390006549944736,0.12915189711812772,0.13694431724265882,0.0817379638291273,0.08061772964115539,0.509892150759697,0.5044743716716766,0.5132659077644348,0.5080116987228394,0.5059430748224258,0.5057680755853653,0.22349654883146286,0.21779271960258484,0.263911634683609,0.25842592120170593,0.4857911020517349,0.4821801632642746,-181.27581787109375,-180.12817382812497,-8.2785005569458,-7.160414695739746,0.8071143627166748,-0.6327945590019226,0.6231704950332642,0.6316870450973511,0.45062282091708955,0.4839562159625665,0.845382034778595,0.8533650636672974,0.7775265599717132,0.8024680299656469,0.29292166233062744,0.31003087759017944,-0.8188554319471592,-0.7522951786533558,0.8144501447677612,0.8297580480575562,0.7106439891260927,0.7514318070774083,0.7185770869255066,0.7273609638214111,0.8173662628118633,0.8516687842233711,0.7976194620132446,0.800087571144104,0.6742517954607572,0.6872869317577838,0.282823383808136,0.28162771463394165,-0.8576732677915995,-0.861459725654835,0.7700061202049255,0.8025997877120972,0.6145447653008677,0.6927181157256005
113,4.708333,113,4.708333,0.0,0.04862835196302662,0.017385390802074678,0.5485205175458983,0.5696537630169384,0.06853879466715043,0.06690331408639792,0.0689604845490408,0.06573961803814289,0.13825987189055425,0.13578068399780102,0.1259638780854063,0.13925909455920438,0.08336030494004411,0.0817199342166589,0.5077618658542633,0.5022403597831726,0.5115651488304138,0.5051165223121643,0.5061172842979431,0.5047892928123474,0.21991658955812454,0.21692660450935364,0.2612631618976593,0.2582393288612366,0.48766861855983734,0.4816800057888031,-180.9740753173828,-179.78915405273438,-8.367923736572266,-4.972806453704834,0.2646390199661255,-1.120987057685852,0.6232729554176331,0.6324882507324219,0.4530212511784639,0.4890130633902598,0.8451569676399231,0.8514193892478943,0.7775703251855269,0.7964368521270038,0.30536651611328125,0.31432032585144043,-0.7762694140955554,-0.729385850373406,0.8314074873924255,0.8303146958351135,0.74766393004093,0.7509763025108702,0.718718945980072,0.7275047302246094,0.8220948235571289,0.8528711595394387,0.7970885634422302,0.7976225018501282,0.6730170865154294,0.6805557056490055,0.28390243649482727,0.28074413537979126,-0.8592673954242797,-0.8579632172286048,0.8011294603347778,0.7989250421524048,0.6818064121504182,0.6833614416471793
114,4.75,114,4.75,0.0,0.01926213627006567,0.014324247442215476,0.5658885454253652,0.5729877037910164,0.07118978482538675,0.06711429474133862,0.07071758942089572,0.06737715302218705,0.13978078658147564,0.12958965086016339,0.13303934339444143,0.14332781713572168,0.08200073228126648,0.08162769345100761,0.5061003565788269,0.5002243369817734,0.5098847150802612,0.5026531219482422,0.5053009539842606,0.5044901371002197,0.21851516515016556,0.21850686520338058,0.2592903971672058,0.26132404804229736,0.4888196587562561,0.48195239901542664,-180.9975128173828,-178.68095397949222,-7.16007661819458,-3.7672290802001953,-0.14820492267608643,-1.7268949747085571,0.6234008073806763,0.6324602961540222,0.4599461310765983,0.4877523853897045,0.8439549207687378,0.8510665893554688,0.7779898564993962,0.7913597559366705,0.30957210063934326,0.3135116398334503,-0.7622763809356756,-0.727905773414291,0.8303797245025635,0.8360705971717834,0.7482508637133154,0.7592092046301036,0.719065248966217,0.7264809012413025,0.832516363159614,0.8461076046547202,0.7959750890731812,0.7930783033370972,0.672881109583751,0.6670361805455182,0.284856379032135,0.27713724970817566,-0.8585330671471653,-0.8665450912199311,0.8018314838409424,0.7910478115081787,0.685710631775254,0.6626829219599188
115,4.791667,115,4.791667,0.0,0.015834840609242933,0.019282368477797397,0.5670456804713037,0.5696125987007152,0.06668105728814408,0.06769901973351107,0.06539947226786195,0.06813566529181012,0.13902784279456792,0.12044053666573745,0.13486567766973284,0.14349097184594342,0.08230935970872369,0.08224291756257011,0.5047082155942917,0.49811871349811554,0.5073012709617615,0.5011507272720337,0.5059656947851181,0.5053231418132782,0.21753697842359543,0.22018518298864365,0.2582266926765442,0.2632400393486023,0.48733241856098175,0.4811992645263672,-180.6963348388672,-178.83309936523438,-4.44623327255249,-4.393189430236816,-0.1619301438331604,-2.7966034412384033,0.6231890320777893,0.6324576139450073,0.45928677176874694,0.48732494015950795,0.8441740274429321,0.8501080870628357,0.7864441230581813,0.795420688067597,0.3081468343734741,0.3191622495651245,-0.7750639752440884,-0.7135818016444241,0.8217993974685669,0.8463521599769592,0.7371326195480562,0.7873223669528064,0.7191950082778931,0.7258883714675903,0.8354428845175483,0.8454586355711947,0.7943872809410095,0.7910556197166443,0.6767189867006174,0.6680950418939995,0.28116491436958313,0.27739179134368896,-0.8807804581639485,-0.8736940490300494,0.7952197790145874,0.7813762426376343,0.6785537313075423,0.6472249073081269
116,4.833333,116,4.833333,0.0,0.015773276798344397,0.029925210382984353,0.5694439809413161,0.5659859859572585,0.06496149669290602,0.06609408542972801,0.0635426231257177,0.066320934955572,0.13982654152279797,0.12031019672046979,0.14034375067413205,0.14776673834076334,0.08271553911447467,0.08237890402634605,0.5029711872339249,0.49659232795238495,0.5056761503219604,0.49962377548217773,0.5054372996091843,0.5046106427907944,0.2177332490682602,0.22235341370105743,0.2577455937862396,0.26624178886413574,0.48716863989830017,0.4814094752073288,-181.42201232910156,-178.51629638671875,-4.16642951965332,-4.240891456604004,-0.7417618632316589,-3.2515621185302734,0.6260920763015747,0.6329448819160461,0.4701617682363566,0.49393684342755145,0.8467597961425781,0.8487482070922852,0.7881961693055252,0.7952764663555892,0.3217630982398987,0.32446587085723877,-0.7157328508870412,-0.6933468466041529,0.8259990215301514,0.8513683080673218,0.74269014743269,0.800948900172273,0.7190790176391602,0.7256165742874146,0.8325088377902703,0.8506145587201033,0.7935684323310852,0.7901673316955566,0.6716047891552454,0.6684507669732606,0.2811652421951294,0.2779346704483032,-0.8739326363234483,-0.8724375897101527,0.800942063331604,0.774629533290863,0.6877672214274486,0.6348119362765287
117,4.875,117,4.875,0.0,0.02153920698156793,0.04282107208584067,0.5596854772860143,0.5681465496887654,0.06885638769993183,0.06507707208503845,0.06880622924168157,0.06514334184014446,0.12377555592713917,0.11977931553175415,0.1382546167931481,0.1489502334469747,0.08234306769314387,0.08217971891183126,0.499728187918663,0.4955001622438431,0.5029844045639038,0.4980694353580475,0.5038019418716431,0.5051064640283585,0.2194833680987358,0.22394418716430664,0.26092568039894104,0.26728105545043945,0.48671068251132965,0.4810565114021301,-179.9230194091797,-179.40380859375,-5.25806188583374,-3.3264877796173096,-2.342806100845337,-3.2180633544921875,0.6276721954345703,0.6334414482116699,0.47951826961179606,0.4953964455034207,0.8484694361686707,0.848081648349762,0.7877342114177731,0.7969409825689816,0.31880199909210205,0.32840096950531006,-0.716159448199247,-0.6821154375380821,0.8288937211036682,0.8548856973648071,0.7451078469863127,0.8117149720362787,0.7184876203536987,0.7256737351417542,0.8310768896896813,0.8514298949683797,0.7939772605895996,0.7925907373428345,0.6690768174383661,0.6764506491022072,0.2798476219177246,0.28000903129577637,-0.8669570367984618,-0.8689171450583112,0.7909165024757385,0.7747501730918884,0.6624119783576602,0.6377124936669225
118,4.916667,118,4.916667,0.0,0.043379399387120265,0.07311269964659182,0.5617902616427533,0.5767611974044022,0.06701304694131602,0.06507484813208661,0.06630041089085051,0.06441202037619773,0.12080390353410647,0.116525208172348,0.14207976741319422,0.14499249861657676,0.08219092493745254,0.08201561610508887,0.49793508648872375,0.4933570772409439,0.5006410479545593,0.496507853269577,0.5038005262613297,0.5033448338508606,0.22046726942062378,0.22550514340400696,0.2621432840824127,0.26735877990722656,0.48744773864746094,0.48158998787403107,-180.2688751220703,-180.34268188476562,-3.910753726959229,-4.659606456756592,-2.710319757461548,-3.336880683898926,0.6265406012535095,0.6346226930618286,0.4727104001152999,0.5068249801119811,0.8486096858978271,0.8478294610977173,0.7824080060129962,0.7953425246439907,0.3264652490615845,0.32975149154663086,-0.6829735915102717,-0.6701925426703095,0.8381423950195312,0.857664167881012,0.7597320506782881,0.8167000273001328,0.7190600633621216,0.7254712581634521,0.8290317723696417,0.8575644153646352,0.7956191897392273,0.7903692722320557,0.6676113372256607,0.6705593294392959,0.2755545973777771,0.2787771224975586,-0.8790464269645156,-0.866989502453139,0.7881762385368347,0.7750736474990845,0.6514872005234098,0.6373426456011279
119,4.958333,119,4.958333,0.0,0.06012659141526326,0.09000313652187124,0.5826343826372281,0.5818304405480552,0.06587897420692888,0.0722125611332132,0.06508981379053295,0.07050686139343128,0.11621114865295756,0.10861933384152442,0.14136442387708312,0.1400171979917732,0.08200999192939987,0.08263463588188251,0.496553972363472,0.4923722594976425,0.49930447340011597,0.49600347876548767,0.5036318600177765,0.5028315782546997,0.22249482572078705,0.2240367978811264,0.264208048582077,0.26543647050857544,0.4874846786260605,0.48249657452106476,-180.5851287841797,-180.80450439453125,-3.585633993148804,-4.899682521820069,-3.0324416160583496,-4.142579078674316,0.6268246173858643,0.6348255276679993,0.4721852831559671,0.5073931293041618,0.8496065139770508,0.8480414748191833,0.7807365491368841,0.790412527047039,0.32944440841674805,0.32976311445236206,-0.6676427487591401,-0.6652861727590988,0.8467792272567749,0.857358992099762,0.7746409043512853,0.8105596618409873,0.7180699110031128,0.7255735397338867,0.8219191938482742,0.8562342544080602,0.7948760390281677,0.7905689477920532,0.6627373621980542,0.6661405011310835,0.2780970633029938,0.2775436043739319,-0.8644518892462077,-0.8660212878700284,0.7858828902244568,0.7750178575515747,0.6433480868839094,0.632514600385953
120,5.0,120,5.0,0.0,0.06872944275242308,0.07778579628078837,0.5836076246507914,0.574849539509324,0.06757812978245943,0.07085460264822897,0.0663088707410821,0.06832212923017303,0.11441871892237879,0.11162211198879321,0.14168385863415034,0.14271420983798064,0.08183296365695561,0.08332597007972996,0.4948718249797821,0.49190783500671387,0.4978002905845642,0.4954527020454407,0.503265455365181,0.5023226886987686,0.22485411167144775,0.22287069261074066,0.26646870374679565,0.26409605145454407,0.487621545791626,0.4830809235572815,-180.46763610839844,-181.34669494628906,-3.781655311584472,-4.109131813049316,-3.323723077774048,-4.071946620941162,0.6275407075881958,0.6349118947982788,0.47514281068293696,0.5091148207631659,0.850255012512207,0.8484800457954407,0.7798838334104811,0.7892191165485605,0.32346874475479126,0.3284127116203308,-0.6874185560103525,-0.6677779391993979,0.844721794128418,0.8566659092903137,0.767984028344856,0.8068996186691979,0.7179027199745178,0.7249208688735962,0.8206247934284301,0.8547304560890112,0.7935571670532227,0.7899368405342102,0.6579487746787432,0.6627726805166891,0.27890026569366455,0.27672576904296875,-0.8578176662931128,-0.8662449885180298,0.7796194553375244,0.775416910648346,0.6279741665982805,0.631411340164591
121,5.041667,121,5.041667,0.0,0.06602522558239116,0.06775733368227614,0.5807329330878445,0.583649468881099,0.07025094342025884,0.06954996574331222,0.06869466613166639,0.06749649217846619,0.1141165159729872,0.11278239689962534,0.14198517140898365,0.1468841731421963,0.08322274967675297,0.08295366067042527,0.49353352189064026,0.4915307015180588,0.496402382850647,0.49472370743751526,0.5022744536399841,0.502010241150856,0.2251986488699913,0.22185474634170532,0.2669837772846222,0.26363489031791687,0.48863478004932404,0.48239997029304504,-180.95272827148438,-180.90296936035156,-2.831289291381836,-2.978572130203247,-3.3933351039886475,-4.255935192108154,0.6274356842041016,0.6347808837890625,0.47846094054488314,0.5090548293485522,0.8502387404441833,0.849180281162262,0.7775572415372626,0.7910265230848393,0.3198351562023163,0.32564425468444824,-0.6974210580300855,-0.6762033786956373,0.8454326391220093,0.8559600114822388,0.7672226786012329,0.8056482089920101,0.7175002098083496,0.7250792384147644,0.8227557148620942,0.8552670084196368,0.7928909063339233,0.7904173135757446,0.6542421549153733,0.664293804455664,0.27888649702072144,0.2766759991645813,-0.8539578218328431,-0.8639521645856661,0.7777304649353027,0.7756592035293579,0.621642647483191,0.6324653334844963
122,5.083333,122,5.083333,0.0,0.08614214824735368,0.052549086366399336,0.5830602399094423,0.5832614845422858,0.07384162424956481,0.06556426560048625,0.07220308158717789,0.06408706739497796,0.10596647037785333,0.11874960510952753,0.1395819750129474,0.15079152789993588,0.08211224443550247,0.08303864385932638,0.4921710938215256,0.49069561064243317,0.49556535482406616,0.493389755487442,0.5018243193626404,0.5011552721261978,0.22387221455574036,0.22237564623355865,0.2654084861278534,0.26458629965782166,0.4887736141681671,0.4830228090286255,-180.49920654296875,-180.75003051757812,-4.0080060958862305,-2.1538467407226562,-4.233295917510986,-3.8014550209045406,0.627004861831665,0.6352492570877075,0.4773676877256022,0.5115985915756525,0.8506033420562744,0.848319947719574,0.77614517515553,0.7839508589026837,0.31911855936050415,0.3280525207519531,-0.6967362855768917,-0.6604257739551398,0.8463134169578552,0.8560550212860107,0.7669430438482143,0.8005508180149115,0.7175411581993103,0.7251019477844238,0.8226218430425679,0.8544067348560359,0.7935975193977356,0.7892462611198425,0.6538644701663617,0.6571749758110077,0.27743053436279297,0.2754485607147217,-0.8557108011564898,-0.8611216655275646,0.7780638933181763,0.7756842970848083,0.6205439660588374,0.6280701396993095
123,5.125,123,5.125,0.0,0.0847963415447592,0.03596823100861603,0.5771675474630088,0.584334739286739,0.07482928179285081,0.06921105270039492,0.07209115201975465,0.06848195420446446,0.10318258185693653,0.11132907659231062,0.13696310042505117,0.14554753211846874,0.08340808515205163,0.08306517623562382,0.49181172251701355,0.49062682688236237,0.4949905276298523,0.49305665493011475,0.5014776885509491,0.5010973215103149,0.2226020023226738,0.22307642549276352,0.26309412717819214,0.26760390400886536,0.48831817507743835,0.48275209963321686,-181.8599853515625,-178.76531982421875,-2.794644832611084,-1.5236635208129885,-4.219603061676025,-3.980584859848023,0.626373827457428,0.6346514821052551,0.47618925096199693,0.5112055256653215,0.8509566187858582,0.8487342596054077,0.7777265842259005,0.7879897351912861,0.3183327913284302,0.3285422623157501,-0.6982732387844791,-0.6604893426667992,0.8486000299453735,0.8570224046707153,0.7726725646614203,0.8058347941846943,0.716856837272644,0.725293755531311,0.8211721867512125,0.8581571356178027,0.7947105169296265,0.7891725897789001,0.6570993053711476,0.659748554152006,0.27722954750061035,0.27572667598724365,-0.8549868334708118,-0.8626516673155546,0.7757610082626343,0.7758764624595642,0.6164595527359066,0.6311208968743144
124,5.166667,124,5.166667,0.0,0.07150962931270469,0.022658990646585987,0.5787931401511627,0.5974063193458925,0.07472400704356813,0.0635468945490627,0.07240768843190568,0.06369452563036604,0.10443646296391901,0.10611896813811234,0.13839363558331333,0.14664291258509873,0.08293196537096331,0.08255267580113448,0.49122248589992523,0.48995375633239746,0.4938976764678955,0.49247482419013977,0.5010644644498825,0.500036209821701,0.22131629288196564,0.22530948370695114,0.26238805055618286,0.2682536840438843,0.48782750964164734,0.4825247526168823,-181.3978729248047,-178.5847930908203,-1.6797536611557007,-1.4683020114898682,-4.053170204162598,-4.592118263244629,0.6260778903961182,0.634765625,0.47683992630267713,0.513252278698002,0.8506150245666504,0.8476297855377197,0.7783784697217805,0.7823639091566628,0.31781139969825745,0.32761576771736145,-0.6989839469601051,-0.6568364056732229,0.8494142889976501,0.8561730980873108,0.7758022324581245,0.8006709134451917,0.7170282602310181,0.7242417931556702,0.8237528064274603,0.8541121208808571,0.7946022152900696,0.7889152765274048,0.6582002304608844,0.6565477503761729,0.27693116664886475,0.27420398592948914,-0.8549138174277151,-0.8603088149883453,0.7745243310928345,0.7764620184898376,0.6151221416795609,0.629862334505392
125,5.208333,125,5.208333,0.0,0.056575970913498454,0.010730284826040156,0.5859049890249569,0.5974425362971717,0.07022338046719541,0.06469839012539363,0.0679027534360813,0.06415092070277655,0.11090997809663962,0.10754318337716468,0.14456211904757366,0.1436440445325027,0.08311878021231052,0.08208612930397333,0.49064742028713226,0.49005483090877533,0.4930022656917572,0.4917007088661194,0.5008789896965027,0.5007244795560837,0.22216851264238358,0.22480370849370956,0.2650177478790283,0.2682112157344818,0.4876895248889923,0.4822094291448593,-180.23416137695312,-178.00547790527344,-1.0647234916687012,0.17904289066791534,-3.908259153366089,-3.968165159225464,0.6265001893043518,0.6348852515220642,0.4788858143305103,0.5114565600214966,0.850493848323822,0.8476359844207764,0.7779720897616124,0.7836205842195931,0.31760528683662415,0.3266475200653076,-0.6986653265006474,-0.6636276877024083,0.8497316241264343,0.8569411635398865,0.7763376297692548,0.8035746072436707,0.7168271541595459,0.7242030501365662,0.8232250043375785,0.8519597738793425,0.794531524181366,0.790572464466095,0.6579704154462735,0.6612535909102243,0.27648428082466125,0.2745506167411804,-0.8554244285598689,-0.8622349450360728,0.7741502523422241,0.7762925624847412,0.614266248708181,0.6306317738264114
126,5.25,126,5.25,0.0,0.02786877160040779,0.022261077056890774,0.5947841601221543,0.5961520254760618,0.07064800447881582,0.04385781711473913,0.07007283055694855,0.04313398935061078,0.10456169992792985,0.12813759939762476,0.14119007833982383,0.16931788056609798,0.0829792518376298,0.0805978195869534,0.4903539717197418,0.49014683067798615,0.4921122193336487,0.49137812852859497,0.5002431720495224,0.5014337748289108,0.22320042550563812,0.2266378477215767,0.26804184913635254,0.2679704427719116,0.4878946542739868,0.48174506425857544,-178.2241668701172,-179.35147094726562,0.08414267748594284,0.8189033269882202,-3.882248878479004,-4.033763408660889,0.6260215640068054,0.6341773271560669,0.4796318563558138,0.5069000624019129,0.8497565984725952,0.847413182258606,0.7761888886760381,0.7854499791362813,0.3177395462989807,0.32529473304748535,-0.6959426929239768,-0.6726118873959969,0.8505071997642517,0.8560763001441956,0.7777989181133692,0.8040582346213574,0.7175293564796448,0.7243119478225708,0.8285793320850033,0.8510918821885277,0.7944666743278503,0.7913668155670166,0.6575927625430901,0.6650631710400678,0.2771899104118347,0.27531442046165466,-0.8505709786927232,-0.863468792492108,0.7751339673995972,0.7748352885246277,0.61612437232877,0.6295536832521985
127,5.291667,127,5.291667,0.0,0.01112172943930482,0.03168958353488925,0.6025667124717443,0.5786207596646528,0.06892899160836083,0.03561968116215093,0.06873168947805085,0.036571757410793576,0.10328767884978828,0.14373204369026377,0.14170588284982552,0.18806031028294895,0.08213078251924227,0.08072165917552339,0.49021121859550476,0.48980604112148285,0.49181556701660156,0.49121901392936707,0.4995008707046509,0.5016027987003326,0.22500084340572357,0.22845807671546936,0.2680704593658447,0.2684856653213501,0.4879494160413742,0.48179686069488525,-178.8045196533203,-179.91726684570312,0.4078553020954132,0.5490438938140869,-4.038354396820068,-4.120352745056152,0.6261225938796997,0.6338033080101013,0.48205889822057385,0.5060463168767472,0.8498167991638184,0.8476628661155701,0.7749324566524484,0.7877741495294971,0.3177446126937866,0.32747453451156616,-0.6919604257816386,-0.6665402971360206,0.8501891493797302,0.8572784662246704,0.7757298379059392,0.808478235413214,0.7179206609725952,0.7246131896972656,0.831541388048982,0.8536547066154317,0.7941382527351379,0.7903608679771423,0.6556978564115774,0.6643928236314102,0.27674365043640137,0.27581262588500977,-0.848054326545052,-0.864295349062739,0.77762770652771,0.7755845785140991,0.6203408202985252,0.6325768617970604
128,5.333333,128,5.333333,0.0,0.008942418774463091,0.05966689002704685,0.6013650940655804,0.5805591850556877,0.06870833330676708,0.03494233546445064,0.06882455135158048,0.03409809300144027,0.10288699858067057,0.14600419508794238,0.1433964774040979,0.19055772202044152,0.08207066790384164,0.08015343507031256,0.48994848132133484,0.4897257387638092,0.4915487468242645,0.4914623498916626,0.49966293573379517,0.5020605325698853,0.2257678359746933,0.22740080952644348,0.26930367946624756,0.26730582118034363,0.48791295289993286,0.48123788833618164,-177.93377685546875,-179.97300720214844,0.49405542016029363,0.08418785780668259,-4.1938018798828125,-4.41868257522583,0.6257797479629517,0.6334107518196106,0.48061086806897924,0.503524814694123,0.8488996624946594,0.8475415706634521,0.7738100075329355,0.7898668505144097,0.3179002106189728,0.326663076877594,-0.6926684837330693,-0.6723777994414446,0.8504162430763245,0.8568218946456909,0.7770609450332109,0.8098781707092615,0.7178415060043335,0.724799633026123,0.8314434070950156,0.8538597417118304,0.7954222559928894,0.7889077663421631,0.6591760023795751,0.6634337825782896,0.2759897708892822,0.2764233946800232,-0.8523824224507696,-0.8649692302994967,0.777967095375061,0.7748668193817139,0.6217591734211505,0.6331570502139634
129,5.375,129,5.375,0.0,0.01742802520672257,0.14515594670584683,0.6034160334179882,0.5903213591449943,0.06687282807460262,0.04232492070945837,0.06705256993522843,0.04095624708159422,0.1058154908256766,0.12964186306907066,0.1461780462482532,0.1743411275944901,0.08247781395596875,0.08060935780541952,0.489834263920784,0.4896085560321808,0.4913654625415802,0.4919973611831665,0.5000494122505188,0.5025626718997955,0.22593019157648087,0.22492827475070953,0.26890823245048523,0.2602739632129669,0.4878464490175247,0.48023906350135803,-178.92872619628906,-183.27584838867188,0.4027591347694397,-1.346983790397644,-4.125296115875244,-4.753579139709473,0.6262713074684143,0.6332741975784302,0.48118759695350183,0.5029069464781388,0.8490931391716003,0.8471969366073608,0.7746510807332225,0.7941681894660154,0.3174678683280945,0.32807642221450806,-0.6960438536945336,-0.6713283054119626,0.8508236408233643,0.856787383556366,0.7783619381923671,0.8149237814504423,0.7180982828140259,0.7248373031616211,0.8312536574082706,0.8551920383996438,0.7951722145080566,0.7882527709007263,0.6590239934734514,0.6666015536486656,0.2760952115058899,0.2768005132675171,-0.853766167097383,-0.8686101492473858,0.7780396938323975,0.7752639055252075,0.622285315946958,0.6384911233935998
130,5.416667,130,5.416667,0.0,0.036622177514627464,0.11535374954956935,0.5806532838142761,0.6103841232698385,0.04203844461543965,0.04856862583883706,0.041107901609415354,0.04598464395034002,0.1346670657072546,0.12566179098900937,0.17520331642301937,0.16927524923582998,0.08150945138134381,0.08228488982440445,0.49030978977680206,0.48840782046318054,0.491117000579834,0.48999080061912537,0.5004568696022034,0.5026596933603287,0.22696834057569504,0.21905747056007385,0.26916319131851196,0.2567077875137329,0.4880771338939667,0.4795089364051819,-179.23794555664062,-182.33920288085935,1.5517456531524658,0.8515272736549377,-3.762611150741577,-4.996549129486084,0.626221776008606,0.6332634687423706,0.4794524604890669,0.5023263269752172,0.848821759223938,0.8479475975036621,0.7735857762725934,0.7971094007595351,0.31800031661987305,0.32877469062805176,-0.6955775323924431,-0.6687939493561571,0.8517014980316162,0.85796058177948,0.7797611280992834,0.8187722845408287,0.7183068990707397,0.7247909307479858,0.8305077754265168,0.8543579100757334,0.7953068017959595,0.788616955280304,0.6588275595805203,0.668748787005436,0.27559947967529297,0.2775833010673523,-0.8572218748466248,-0.8656855217135626,0.7779032588005066,0.7749878168106079,0.6215071606813927,0.6392624286356114
131,5.458333,131,5.458333,0.0,0.09348068160764701,0.0923415555479397,0.5882389007984365,0.6391400015648829,0.03639397502201909,0.045455372896069886,0.03428018618799528,0.04361402081003157,0.1428804115239713,0.11809848195944078,0.18456403313952233,0.1694471752958509,0.08061170082141114,0.08160671884495688,0.48960942029953003,0.4871801882982254,0.4911404848098755,0.48809295892715454,0.501128613948822,0.5021535456180573,0.22786305844783783,0.21655210107564926,0.2660296559333801,0.2511506676673889,0.4881491959095001,0.48041369020938873,-181.85110473632812,-184.8846435546875,0.2926662266254425,2.2810585498809814,-4.341893672943115,-5.804271697998047,0.6261969208717346,0.6345732808113098,0.47726371652925004,0.505946808881785,0.8484561443328857,0.8490347862243652,0.7734038191509198,0.792236520904495,0.31831905245780945,0.32536453008651733,-0.6976057554537757,-0.6754721123932036,0.8520150780677795,0.8546731472015381,0.7810431193495869,0.8043544260717501,0.7185977697372437,0.7245845794677734,0.8298676145510862,0.8498602690022189,0.7945531010627747,0.7883470058441162,0.6577001955838996,0.6618069917494106,0.27576184272766113,0.2762851417064667,-0.86000510810068,-0.8629937072409607,0.7766140699386597,0.7765645980834961,0.6191938186073592,0.6364843668832186
132,5.5,132,5.5,0.0,0.13795645467286052,0.09007376763382216,0.6042585743162243,0.631831497738064,0.04645066492510593,0.04438986787660879,0.04453802188715143,0.04152589519394281,0.13029611226244125,0.12213451227585678,0.17404093862716538,0.17350932791874302,0.08138343898516331,0.08225601017361078,0.48975028097629547,0.48646168410778046,0.49158793687820435,0.48739001154899597,0.501545861363411,0.5025388151407242,0.22475942224264145,0.21481594443321228,0.2616291642189026,0.2504881024360657,0.4885064661502838,0.48020370304584503,-183.45040893554688,-184.78012084960938,0.6804287433624268,2.707124948501587,-4.600752353668213,-5.781935214996338,0.6262601613998413,0.6339322328567505,0.4759387968957329,0.5020565687877431,0.8492578864097595,0.8494775295257568,0.7744001549837856,0.7936885183228941,0.31810879707336426,0.3237413763999939,-0.7000385333421056,-0.6831881700209306,0.8521857261657715,0.8521368503570557,0.7806851463476242,0.7994042562360267,0.7182068228721619,0.7236661911010742,0.8268286581781394,0.8449316074541037,0.7951529026031494,0.787606954574585,0.6582567235453239,0.6607087037801689,0.2758106589317322,0.27725860476493835,-0.8614580736207851,-0.860799661072006,0.775633692741394,0.7720009684562683,0.6163561840235884,0.6271664077629119
133,5.541667,133,5.541667,0.0,0.10178383019802811,0.08183119775391284,0.5995423199487897,0.6245920855016145,0.050765259337220134,0.048438816719755466,0.04904688264433799,0.04621962994779264,0.12071472150352036,0.11760124544860583,0.16552795413653726,0.17183135357184592,0.08352176283687796,0.08224527090376456,0.4886663407087326,0.4854837954044342,0.4899667501449585,0.48668691515922546,0.5020299553871155,0.5027779340744019,0.21913768351078033,0.21385397762060165,0.2559188902378082,0.2501906752586365,0.4862552583217621,0.47966399788856506,-183.95669555664062,-184.16928100585938,1.1267070770263672,2.430830955505371,-4.9869384765625,-6.045078754425049,0.6261544227600098,0.6323187947273254,0.47447529457804904,0.495384052240869,0.8500161170959473,0.8498480319976807,0.7821583742122998,0.7962976863573524,0.31684744358062744,0.32329219579696655,-0.7078743514453452,-0.6863808986536424,0.8492014408111572,0.8489333391189575,0.7804066577671387,0.7943301033285282,0.7193063497543335,0.7241561412811279,0.8305556785394507,0.8465841033565161,0.7965044379234314,0.788733184337616,0.6670975946551249,0.664834394292609,0.2781776785850525,0.27651894092559814,-0.8556924933948998,-0.8652489748566741,0.7749049663543701,0.7738088965415955,0.6206544242072858,0.6327309680303099
134,5.583333,134,5.583333,0.0,0.08251646031045339,0.16999788651408548,0.6253845337674074,0.596130690902776,0.04975299976254198,0.05388724932775392,0.046943232829832364,0.05140489441522443,0.11830555125672418,0.10759870575079553,0.16551154663183124,0.1705694961123927,0.0823152830974124,0.08302998152507508,0.48745594918727875,0.4827784597873688,0.48815107345581055,0.4835004210472107,0.502378985285759,0.5025378465652466,0.21603095531463623,0.2157604694366455,0.2516856789588928,0.2503921091556549,0.4854417145252228,0.4821091592311859,-184.87269592285156,-184.48333740234375,2.661813735961914,3.8686857223510747,-5.437028408050537,-6.972408294677734,0.6260107755661011,0.632491946220398,0.4717941975852262,0.49880572382390054,0.8509425520896912,0.8486856818199158,0.784572967569631,0.7914593563936311,0.31943702697753906,0.3203449249267578,-0.6981291319083994,-0.6993151612348933,0.8483341932296753,0.8423004150390625,0.7789739438712839,0.7776732058210654,0.7196700572967529,0.7245049476623535,0.8292095967339642,0.8519812827886146,0.7959402203559875,0.7883386611938477,0.6665066372183371,0.6611667403589525,0.2783389091491699,0.27505749464035034,-0.8549646309263373,-0.8731429166045214,0.7757527828216553,0.784242570400238,0.6231728985613253,0.6523230496600877
135,5.625,135,5.625,0.0,0.08530932875668808,0.16870388560352012,0.6275799854874774,0.5802888255109112,0.05226679491402653,0.058971559194131225,0.049161729071795245,0.05614004030002545,0.11542933007932592,0.09674643014016837,0.16396931549202187,0.16174275124432186,0.08291887407900231,0.08385807927513415,0.48620110750198364,0.481404647231102,0.48748576641082764,0.4813687205314636,0.5022787600755692,0.5024977475404739,0.21428890526294708,0.2165999412536621,0.2493562400341034,0.252950519323349,0.4861947149038315,0.4838653802871704,-185.5492248535156,-183.8015594482422,1.9427251815795898,6.695366382598877,-5.7843475341796875,-7.082672119140625,0.6258455514907837,0.6324300169944763,0.4702652351301818,0.49628995847383417,0.8497599959373474,0.8481184244155884,0.7782982151344173,0.7826078156608892,0.32569289207458496,0.3196830451488495,-0.6720429800358583,-0.6982799687837736,0.8507463335990906,0.8359735012054443,0.7804097061972392,0.756514109710942,0.719630777835846,0.724789559841156,0.8271890575728805,0.8490669389472482,0.7961164712905884,0.7906398177146912,0.6634614535839027,0.6591134274532189,0.27555567026138306,0.27518999576568604,-0.8628530847146497,-0.8682258469211639,0.7881015539169312,0.7933048009872437,0.6463036109300764,0.6648392182772753
136,5.666667,136,5.666667,0.0,0.10782634431005492,0.09365707022481501,0.6264237054038398,0.5232437205151984,0.05629947230375379,0.0611114913722087,0.05342822645298394,0.05904291526307522,0.11009570600677018,0.09596385435482545,0.16326726520313994,0.16112789011929102,0.08310231221015024,0.08473147095673988,0.48511630296707153,0.4803273677825928,0.48642390966415405,0.4801885485649109,0.5020737200975418,0.5020027458667755,0.2128029689192772,0.21827597171068192,0.2491336166858673,0.25618821382522583,0.4858500361442566,0.4831147938966751,-184.69580078125,-182.70260620117188,2.3243260383605957,6.826547622680664,-6.167029857635498,-7.017745018005372,0.6255473494529724,0.6324251890182495,0.4716004557692513,0.49948300388468614,0.8493471741676331,0.8473885655403137,0.7809505315617868,0.7847273922455138,0.32225146889686584,0.32385534048080444,-0.6868207897216211,-0.6822568188904694,0.8434023261070251,0.832940936088562,0.7681784027955701,0.7536039585361722,0.7197418212890625,0.7245367765426636,0.8313708462626788,0.8522456980771813,0.7964067459106445,0.7893507480621338,0.6672113813356714,0.6597009184596716,0.2740984857082367,0.2749997675418854,-0.8707383512038116,-0.8693605698890405,0.7877780199050903,0.7936776280403137,0.6486731111380524,0.6690219882323208
137,5.708333,137,5.708333,0.0,0.1520505737136178,0.045042863128782924,0.6106980407963513,0.5124100058912783,0.06174332313206921,0.058883141207296597,0.057829275430211206,0.056900166704239516,0.10136883289109042,0.09654586574677466,0.1630358467132806,0.17120852617517346,0.08306043230764738,0.08441845179538154,0.4828343540430069,0.4787278473377228,0.4836311936378479,0.4780420958995819,0.502038300037384,0.5020491629838943,0.21483291685581207,0.22050538659095764,0.2495373636484146,0.2601371109485626,0.48588797450065613,0.4834447354078293,-184.80972290039062,-181.66883850097656,3.7251627445220947,8.797831535339357,-7.144392967224121,-7.617551326751709,0.6254124045372009,0.6329566240310669,0.47343497592022343,0.5006594725997642,0.8491772413253784,0.8480768203735352,0.7841721596971346,0.784432258971323,0.32099205255508423,0.32752153277397156,-0.6947456775044445,-0.667486105039495,0.8303337097167969,0.8344270586967468,0.7434977599082966,0.7550675545801823,0.7187502980232239,0.7244275808334351,0.8316091935500278,0.8504928634892791,0.796850860118866,0.7885376811027527,0.6712238975079196,0.6563458303736291,0.2727612853050232,0.27539128065109253,-0.8798261060451066,-0.8668598025014632,0.7856868505477905,0.7932789325714111,0.6471260055642704,0.6665456749656393
138,5.75,138,5.75,0.0,0.09072604218675825,0.03924686020670744,0.5599583201993668,0.5372503083558686,0.0635857842424391,0.06437791768376061,0.06050141503577612,0.0635966890584239,0.09740614868611372,0.08878380014153454,0.1631166069823814,0.1742952326425646,0.08393911711207837,0.08466256727993328,0.4813951849937439,0.4761698991060257,0.4821820855140686,0.4752391278743744,0.501935288310051,0.5018395930528641,0.21672017872333527,0.22509004175662994,0.2520529627799988,0.2677239775657654,0.4866119474172592,0.4844808280467987,-184.38055419921872,-180.34706115722656,4.367348670959473,9.215559959411621,-7.4772305488586435,-8.247282028198242,0.6254934072494507,0.6330803632736206,0.47435300922185186,0.4997313592782341,0.8479517698287964,0.8472856283187866,0.7803127903770202,0.7770757998774818,0.32339444756507874,0.3269757032394409,-0.6854376369869689,-0.6658370657087231,0.830004096031189,0.8306297063827515,0.7415548164334861,0.7414012061250332,0.7191160917282104,0.7240705490112305,0.8337806412960264,0.8461987651243734,0.7993452548980713,0.788722813129425,0.6753470961920623,0.6516426567045305,0.2746378183364868,0.2749980390071869,-0.8726196205961557,-0.8637547459783553,0.7895022630691528,0.792403519153595,0.6540911704863869,0.659526200625949
139,5.791667,139,5.791667,0.0,0.03902864047782991,0.09616208289678206,0.5401187543702238,0.5741970876190762,0.06233488136931894,0.0704375135689393,0.05988286894729809,0.06795536586481626,0.10192489140367468,0.08083150532476116,0.17144957537414182,0.16957437151748378,0.08419748920894403,0.08385334956735326,0.4805259108543396,0.47140437364578247,0.4806065857410431,0.47031891345977783,0.5018892586231232,0.5007935464382172,0.2184019610285759,0.23126282542943954,0.25527554750442505,0.2805137038230896,0.4877636581659317,0.4841589331626892,-183.8023986816406,-176.39698791503906,5.95550298690796,12.12032699584961,-7.567286491394043,-8.311098098754883,0.6259560585021973,0.6325693130493164,0.4757500581118074,0.49930937320483215,0.84843909740448,0.8476510047912598,0.7779691324050808,0.7747322535356553,0.32703524827957153,0.31896018981933594,-0.6705001310834816,-0.6889817578451266,0.826911985874176,0.8348965048789978,0.7315356177865782,0.7475478299099204,0.7191179990768433,0.7220439910888672,0.8329914690726472,0.8383363928045748,0.7994204163551331,0.7891843318939209,0.6722368961094467,0.6501187590857063,0.2744235396385193,0.2753356099128723,-0.8722464763405402,-0.8542789305317001,0.7956342101097107,0.7924566268920898,0.6640701310142783,0.6570931958782518
140,5.833333,140,5.833333,0.0,0.03206126713732242,0.11084735636819275,0.5453239607371846,0.5726335116101793,0.0626063194558248,0.06521529056918293,0.05933255750596004,0.0642584499506288,0.09638034189755262,0.07586867030414321,0.1752823984482248,0.1685930341143892,0.08397927534421595,0.08498218859311561,0.4787946045398712,0.4701276868581772,0.47794997692108154,0.4677783250808716,0.5014350712299347,0.5007358491420746,0.22012002766132355,0.23662658780813217,0.259654700756073,0.284594863653183,0.4890962541103363,0.4829014092683792,-182.26065063476562,-178.18760681152344,8.4696626663208,13.352313995361328,-8.14965534210205,-8.642488479614258,0.6266868710517883,0.6324408650398254,0.47951387971737025,0.5026996071170892,0.8497418165206909,0.8477233052253723,0.7766410231838342,0.7832666824782522,0.32450947165489197,0.3168129324913025,-0.6773418090136559,-0.702008023839821,0.8284201622009277,0.8426072597503662,0.7307253842495856,0.7722826159761464,0.718112587928772,0.7212473750114441,0.8295280133903237,0.8416616228601429,0.7981902956962585,0.7870298027992249,0.6656261375099758,0.6529587190030598,0.2730194926261902,0.2777363061904907,-0.874465999210809,-0.851158035743163,0.7971538305282593,0.7796279191970825,0.6633941361976917,0.6370669951855188
141,5.875,141,5.875,0.0,0.05811282308631221,0.049198871041337,0.5502987607667461,0.5165074767933315,0.0665611711289166,0.07128184893252909,0.0650522807037756,0.06988211955634242,0.08006802012306566,0.07501952277174087,0.1705105451048142,0.17123728097534077,0.08269919754459652,0.08433687308600557,0.4755989909172058,0.467976450920105,0.4750016927719116,0.4662998914718628,0.500583678483963,0.49934759736061096,0.2247684746980667,0.24341997504234314,0.2681141793727875,0.2946455180644989,0.489634245634079,0.4817262589931488,-179.425048828125,-176.23341369628906,10.33956527709961,15.846665382385252,-8.760376930236816,-8.993841171264648,0.6273149251937866,0.6325663328170776,0.48481345644203905,0.507889090237811,0.8501609563827515,0.8463773131370544,0.7758020653154305,0.7819942816129587,0.327487051486969,0.3268963694572449,-0.6621853426962775,-0.6574608064708397,0.8307895064353943,0.8522606492042542,0.7341174676718715,0.7946110973579691,0.7177016139030457,0.7206553816795349,0.8305899252068628,0.8437237364185467,0.7981399297714233,0.7869030237197876,0.6638602349831104,0.6544516522998877,0.27270784974098206,0.27769866585731506,-0.8717445069047448,-0.8450243412660119,0.7987866997718811,0.7780755758285522,0.6652519917855322,0.6355211879731392
142,5.916667,142,5.916667,0.0,0.08175962141885923,0.03831346579305783,0.5949673898797507,0.5106933765486366,0.07097464620287401,0.07452458379579611,0.06962581781816525,0.07441564772259886,0.08204268793924455,0.07107674360861277,0.17224084772393258,0.16688611932964525,0.08327460597554692,0.08329125469551579,0.47408707439899445,0.4668828248977661,0.4723004400730133,0.46441254019737244,0.5001825839281082,0.4981726109981537,0.2281162291765213,0.24536670744419098,0.27305611968040466,0.2979126572608948,0.49071428179740906,0.4824976474046707,-179.18495178222656,-175.2285614013672,11.749258995056152,17.892648696899414,-8.593886375427248,-8.268420219421387,0.6266488432884216,0.6321845054626465,0.4840869779605922,0.5109898620016566,0.8502522706985474,0.8451915979385376,0.7741338156644888,0.7779143374989617,0.32710835337638855,0.3295609951019287,-0.6624927601593066,-0.6429192474516999,0.8283020853996277,0.8546790480613708,0.7268721041776739,0.7982632390066783,0.7168688178062439,0.7193671464920044,0.8294305900586008,0.8434189041142969,0.7984222173690796,0.7845829725265503,0.6625367155286601,0.6479195619735113,0.2761058211326599,0.27634376287460327,-0.8577200233604838,-0.8458375500442822,0.7952611446380615,0.7781562209129333,0.6557304993000632,0.6341353171124701
143,5.958333,143,5.958333,0.0,0.0975679134500191,0.037638281808285566,0.5856243925131281,0.49713130455592525,0.07324642875961515,0.0731866123214549,0.07142543920563511,0.07309524279314147,0.07857052295465321,0.08104786986503015,0.16721204642136167,0.1720469641888991,0.08292182845062498,0.08484053399111184,0.472045361995697,0.46672119200229645,0.4703475832939148,0.46360936760902405,0.4995271861553192,0.49825140833854675,0.23202982544898987,0.24431360512971878,0.27802273631095886,0.2988024652004242,0.4913156181573868,0.48246413469314575,-178.26708984375,-174.0958709716797,12.666803359985352,17.53616714477539,-8.467573165893555,-7.504697322845458,0.6254050135612488,0.6310546398162842,0.48304805264654643,0.5070313575236991,0.849087119102478,0.8463179469108582,0.7722703600133581,0.7814040049444388,0.32344329357147217,0.3230755925178528,-0.6757105931035818,-0.6688062535268752,0.8310296535491943,0.8463430404663086,0.7332922821426352,0.7814578952819009,0.717263400554657,0.721258282661438,0.8355486945056425,0.8514211361190207,0.796722948551178,0.7852522730827332,0.6592392864464902,0.6502607806833277,0.27641886472702026,0.2758260667324066,-0.8561638091165759,-0.8492008940395336,0.7859984636306763,0.7780435085296631,0.6360898689869235,0.6347794051876658
144,6.0,144,6.0,0.0,0.09321936336336858,0.041043671483683465,0.5645340781877305,0.4983358381086234,0.07535905353972863,0.074490099475952,0.07453823076087376,0.07400938668057744,0.07726374675948128,0.08019480305357098,0.16958308890745985,0.17144379852287583,0.08313650628272465,0.08400789486496014,0.4700503945350647,0.4663916528224945,0.4681018590927124,0.46346336603164673,0.4994789808988571,0.49783702194690704,0.23695392906665802,0.24255946278572083,0.2851877808570862,0.2969127297401428,0.49044445157051086,0.4818737804889679,-177.27310180664062,-174.09909057617188,14.575565338134766,18.589006423950195,-8.486741065979004,-7.480072975158691,0.6265146732330322,0.6306061744689941,0.4888276415228304,0.5056081332601761,0.8490048050880432,0.8482388257980347,0.7760948314000622,0.784789938111346,0.3241233229637146,0.31985414028167725,-0.6747607000923149,-0.6777899146117788,0.8400070071220398,0.8386036157608032,0.7566193249005524,0.764150371139476,0.7159640789031982,0.720874547958374,0.8330249391952356,0.8493658732578394,0.7930968403816223,0.7856752276420593,0.6550834534909071,0.650772561307752,0.27673405408859253,0.27574098110198975,-0.8571124794393332,-0.8457805332258456,0.7862175703048706,0.7795390486717224,0.6401934471140279,0.6376282628108569
145,6.041667,145,6.041667,0.0,0.03862234361161776,0.04922961897493255,0.507128860132271,0.47857626458759817,0.07644194951526614,0.07661448823260822,0.07497040618202512,0.07648939982014953,0.07801991076415951,0.08061096187340389,0.1707245095182131,0.16960591683131412,0.08424262796973708,0.08466089096423478,0.46775829792022705,0.46634335815906525,0.4655783474445343,0.46317508816719055,0.4999019205570221,0.4988003671169281,0.24438800662755966,0.23898465931415558,0.2977828085422516,0.2916390597820282,0.48811426758766174,0.4815465956926346,-174.5128173828125,-175.5828857421875,17.495582580566406,19.236019134521484,-8.324438095092773,-7.2871084213256845,0.6273888349533081,0.6309587955474854,0.49059419759891143,0.5025949901122575,0.8505357503890991,0.8489245176315308,0.7845005585995007,0.7858847649434325,0.3271629214286804,0.3186497986316681,-0.6647329341424288,-0.6851078229501086,0.8468764424324036,0.8366679549217224,0.7765795901350345,0.7596658624754332,0.716546356678009,0.7221903800964355,0.833689510851794,0.849546280913952,0.7913884520530701,0.7874968647956848,0.6564698242578275,0.6544804163773941,0.27681824564933777,0.27634280920028687,-0.8584689417499947,-0.8460001790976186,0.7733677625656128,0.7826361656188965,0.6174620897825402,0.6440825421397408
146,6.083333,146,6.083333,0.0,0.040342068601695216,0.05900528699962153,0.5022674047929556,0.481482498705924,0.07384066622080844,0.07533370026685376,0.07435333190672948,0.0737357106790663,0.07670725027897371,0.08126415608691559,0.17259783236361503,0.16568661374306076,0.08292885252995864,0.08360402194722717,0.4670363813638687,0.4661807417869568,0.4642711281776428,0.46276089549064636,0.4997251331806183,0.49833136796951294,0.24540340155363083,0.2372594103217125,0.2985420823097229,0.2895375192165375,0.4881664514541626,0.48181167244911194,-174.60385131835938,-175.1913299560547,18.630311965942383,21.155689239501953,-7.953222751617432,-6.769959449768066,0.6282473802566528,0.6321700811386108,0.4937327874843472,0.5067447668050576,0.8491122126579285,0.8498036861419678,0.7799704174655842,0.7837335535924801,0.3227822780609131,0.3193395733833313,-0.6797460445272705,-0.6777049260253639,0.845999002456665,0.8391419053077698,0.773243058063331,0.7610265516199196,0.7162411212921143,0.7233582139015198,0.8317707227914665,0.852004430307248,0.789339005947113,0.788512647151947,0.650806044303235,0.6531985365170354,0.27586594223976135,0.2774593234062195,-0.8599804692321618,-0.836273377603163,0.777319073677063,0.7827862501144409,0.6248320820123013,0.6410027025519212
147,6.125,147,6.125,0.0,0.04090435467234509,0.09016444075141078,0.4926985706860041,0.47480511669587616,0.07214327038232017,0.07545159573919398,0.07165629571729894,0.07366660027039632,0.08569205686969973,0.08124466666452657,0.17986729568169618,0.16049559240471153,0.08417590024004852,0.08351461539949838,0.46670328080654144,0.4666789621114731,0.46327996253967285,0.4624256193637848,0.4998241066932678,0.4974827170372009,0.24497538059949875,0.23679999262094498,0.29872578382492065,0.28713259100914,0.4873766601085663,0.48168453574180603,-174.6091766357422,-175.76466369628906,18.425893783569336,22.624263763427734,-7.726061820983886,-6.2386932373046875,0.6283328533172607,0.6327987313270569,0.49392088511370014,0.5122345784698337,0.8469186425209045,0.8501655459403992,0.7773146233647725,0.7846163124676998,0.3231322765350342,0.32364776730537415,-0.6791116358753784,-0.6580468148320436,0.8394467830657959,0.845000147819519,0.7611607779105818,0.7736174943092057,0.7174932956695557,0.7226762175559998,0.8366073228907883,0.8524630171658892,0.7910780906677246,0.7893103957176208,0.6565897020607115,0.6550358395507089,0.27634432911872864,0.2773233652114868,-0.8589402079190518,-0.8334064033032237,0.7826249599456787,0.7789230346679688,0.6383143894550067,0.6329177582996394
148,6.166667,148,6.166667,0.0,0.04705455149072027,0.13996281304484118,0.49491155353153055,0.500795271127223,0.07247056832714904,0.07187543583889,0.07183059747492293,0.07089358583373705,0.08652604409327744,0.07882014333238015,0.18042403402676277,0.1575383212807108,0.08313517345093888,0.08368308037252142,0.46577267348766327,0.4669860750436783,0.4631498456001282,0.46297430992126465,0.499830037355423,0.4978397935628891,0.2433399185538292,0.23745201528072357,0.29494374990463257,0.28658193349838257,0.4880533814430237,0.4808671623468399,-175.31719970703125,-176.723388671875,17.92491340637207,20.806344985961914,-8.034238815307617,-6.501988887786865,0.6264066696166992,0.632809042930603,0.4867857794578134,0.5120024591267681,0.844989538192749,0.8503608107566833,0.7721424264812867,0.7884364945785476,0.32401132583618164,0.32506799697875977,-0.6761599435944684,-0.6554054729742347,0.8335310220718384,0.84757399559021,0.7473547823209373,0.7824899058067281,0.7176668047904968,0.7219977378845215,0.8377521090272659,0.8503375343875255,0.793516218662262,0.7895925045013428,0.660792726850871,0.6587672822074264,0.27594274282455444,0.27541327476501465,-0.8610211002765938,-0.8437694151299031,0.7804714441299438,0.7766599655151367,0.6325736079137331,0.6311714473448614
149,6.208333,149,6.208333,0.0,0.05986074492624478,0.07781733154616222,0.4758122072044757,0.555377377318794,0.07748895481318789,0.07039164450935018,0.07632072739626221,0.06859817910655411,0.0783637485937293,0.07704047799322687,0.16843449170990082,0.15492423043824752,0.08438683827974017,0.0835134401350227,0.4662189185619354,0.4680030196905136,0.46258270740509033,0.46401113271713257,0.49943333864212036,0.497105211019516,0.23913193494081497,0.23921722173690796,0.2910165786743164,0.28965723514556885,0.488415390253067,0.48099830746650696,-175.6780242919922,-176.52272033691406,20.381975173950195,17.907390594482422,-7.512802124023438,-6.700372219085693,0.6250060796737671,0.6324517726898193,0.48023499674402254,0.5134720089252252,0.8431596755981445,0.849575400352478,0.7631262037158995,0.7865392745905692,0.3257187306880951,0.32797008752822876,-0.6643466846372819,-0.6416576126288281,0.8361309766769409,0.8518584370613098,0.7480060607104031,0.791411248653764,0.7194308042526245,0.7218083143234253,0.8413488573489667,0.8524690427396812,0.7958320379257202,0.7913554906845093,0.661314949920321,0.662298657360622,0.2743396759033203,0.2734094560146332,-0.8608385347360143,-0.8486474077575638,0.7841535210609436,0.7749045491218567,0.6361921146606079,0.627192537385272
150,6.25,150,6.25,0.0,0.10865175436792536,0.06428167660913753,0.4886281906601793,0.5542034635094375,0.07466131508510371,0.06699860588583244,0.07293020739339888,0.066818441126279,0.07900712137865432,0.07617945759949812,0.1655767978748259,0.15693302715404356,0.08385942950630808,0.0839067709958677,0.4661504477262497,0.4684821367263794,0.4623905122280121,0.4640222489833832,0.4991629123687744,0.4965110123157501,0.23795828223228455,0.24041471630334854,0.28786197304725647,0.2903803586959839,0.48806238174438477,0.4814528077840805,-176.11715698242188,-176.8142852783203,21.13634490966797,16.67015838623047,-7.4621548652648935,-6.8592963218688965,0.6246647834777832,0.6323530077934265,0.4793682808103146,0.5157633563074984,0.8425912857055664,0.850077748298645,0.7617163329861785,0.7872699467996942,0.32726845145225525,0.33054041862487793,-0.656569909932225,-0.6301552781917112,0.8384511470794678,0.8569226861000061,0.7528211168921146,0.8018886370359068,0.7203221917152405,0.7206072807312012,0.8447423340284641,0.8508461844035045,0.7964503765106201,0.7910014390945435,0.6625811601979225,0.6611010480287286,0.2747277617454529,0.2729952335357666,-0.8572548867758102,-0.8486421879027342,0.7873721718788147,0.7749672532081604,0.6430763563159967,0.626856938956433
151,6.291667,151,6.291667,0.0,0.13753817628620102,0.05643507756172854,0.5260731381072771,0.5458755256114471,0.07321405457011332,0.06749529402074841,0.07172466454057291,0.06631640157869349,0.07652061225299807,0.07674284548543332,0.16475584190284873,0.15634798191404153,0.0834733168463543,0.08384858083101634,0.4665554612874985,0.4686085432767868,0.4625244736671448,0.46440574526786804,0.4991472661495209,0.4966299533843994,0.23785223811864853,0.24059513211250305,0.28664761781692505,0.29186397790908813,0.4885515719652176,0.4818086624145508,-177.28041076660156,-175.6745300292969,20.52385711669922,16.80559539794922,-7.753305435180664,-6.73654317855835,0.6249800324440002,0.6319856643676758,0.4805593070129586,0.5138379926819291,0.8435929417610168,0.8507992029190063,0.762701737437573,0.7879295484961557,0.32413172721862793,0.3300025761127472,-0.6683898684091739,-0.6325516407187196,0.8411810994148254,0.8577103614807129,0.7575206050277817,0.8026873957777313,0.720062255859375,0.7210359573364258,0.8436813199774663,0.8518911376464122,0.796984076499939,0.7922619581222534,0.6625763280097547,0.6629311547707818,0.2727437913417816,0.273080050945282,-0.8646420178374985,-0.8486412010184746,0.7845484614372253,0.7752478122711182,0.6358620743443534,0.6265997403117414
152,6.333333,152,6.333333,0.0,0.10424738540989713,0.056992276350363864,0.5606983885852493,0.5485206843436525,0.06955121857831198,0.06801651074514861,0.06737820753122813,0.06736030202472441,0.08191544459986497,0.07484131959586907,0.16720296963233905,0.1549935956974538,0.08227839828436363,0.0838828472965025,0.4667992889881134,0.46890343725681305,0.4630107283592224,0.46467262506484985,0.4991774260997772,0.49674758315086365,0.23883281648159027,0.24081110209226608,0.2880096733570099,0.2922205328941345,0.4874454289674759,0.48170386254787445,-177.00064086914062,-175.4375,18.915313720703125,16.79360008239746,-7.476338863372803,-6.7343597412109375,0.624618411064148,0.6320444345474243,0.47986058214956273,0.5140400332635268,0.8440721035003662,0.8507521748542786,0.7673826427723158,0.7887057436023477,0.3245854377746582,0.32998743653297424,-0.6678822968437105,-0.633580090221298,0.8460922837257385,0.8587466478347778,0.7717296289932796,0.8057910046549942,0.720762312412262,0.7212896347045898,0.8476484186699801,0.8531137455034086,0.7970006465911865,0.7924946546554565,0.6660951576187674,0.6642016088952036,0.27372175455093384,0.27371734380722046,-0.8624556784935742,-0.8473698424433036,0.7806810140609741,0.7751568555831909,0.6309788759875332,0.6271484067703661
153,6.375,153,6.375,0.0,0.06994704977657193,0.10136246836326909,0.5538217622041132,0.5438321308289757,0.06837141798730391,0.06897800634104101,0.06758744016109,0.06810563785993541,0.07935602618432591,0.07331851637977745,0.16348153040756502,0.1503468229646174,0.0835663513822752,0.08434569342216004,0.46802279353141785,0.469922736287117,0.4633391499519348,0.46558722853660583,0.4995402693748474,0.4967000186443329,0.2399466410279274,0.24015124142169952,0.29010656476020813,0.2921302020549774,0.4872945696115494,0.48139509558677673,-176.84033203125,-174.7732696533203,17.54317283630371,18.041481018066406,-6.996273517608643,-6.250378131866455,0.6245770454406738,0.6316246390342712,0.4787990202404321,0.5127385933653736,0.8445826768875122,0.8509091138839722,0.7695849622249639,0.7898747819367486,0.3236220180988312,0.32789337635040283,-0.6736377008714904,-0.6414965635654736,0.8471247553825378,0.8569960594177246,0.7750605023919254,0.8028862633368037,0.7208676338195801,0.7211542129516602,0.8475212540088666,0.8529675868754899,0.7961258888244629,0.7918033003807068,0.6652108880489054,0.6635299364360923,0.27537307143211365,0.2743123769760132,-0.8583957306170371,-0.8451143033889184,0.7756348252296448,0.7750802040100098,0.6210739182437859,0.6277825724795573
154,6.416667,154,6.416667,0.0,0.06131183423226584,0.14691275163011044,0.5538606509139847,0.549284210017154,0.06766909310276643,0.06999072560057895,0.06672178340714041,0.06847301213117296,0.0791679247576082,0.07191018035697037,0.16166961304253852,0.14838085393069603,0.08303298958412861,0.08337437542360003,0.4685762822628021,0.47005118429660797,0.46425193548202515,0.4664538502693176,0.4994855970144272,0.49695777893066406,0.24062491953372955,0.24042865633964539,0.2917122542858124,0.29189813137054443,0.4871661514043808,0.4817146509885788,-175.64346313476562,-174.7766876220703,17.25676155090332,19.017305374145508,-6.827432155609132,-6.3682475090026855,0.6247928142547607,0.6316537857055664,0.4793449458751255,0.5122142923925607,0.8449999690055847,0.8512556552886963,0.7699738497565142,0.7904640684223725,0.3203924894332886,0.3265014886856079,-0.6850952231700872,-0.648201458842362,0.847410261631012,0.8561707139015198,0.7751602301391203,0.8009775897431934,0.7207208871841431,0.720616340637207,0.8463041517287456,0.8505160224497519,0.795792281627655,0.7919648289680481,0.6640905301139157,0.663638446236529,0.27534282207489014,0.27478039264678955,-0.8574263213875742,-0.8448834930288964,0.7749672532081604,0.7762594223022461,0.6192799881396036,0.6300439073225323
155,6.458333,155,6.458333,0.0,0.06361111437743736,0.07311458022025481,0.5518450470194143,0.5417728194408568,0.07036257298706464,0.07061894325894065,0.06839802337500483,0.06953120164518527,0.08010881391482236,0.07578307885516163,0.15957244629133324,0.14964419393936593,0.08310689535330573,0.08317080571440937,0.4688096195459366,0.4705095887184143,0.46459537744522095,0.4674758315086365,0.49963852763175964,0.49708235263824463,0.2410140186548233,0.2412763610482216,0.2920735776424408,0.29403117299079895,0.48686742782592773,0.4811616539955139,-175.49794006347656,-174.19515991210938,17.026376724243164,16.992202758789062,-6.72225284576416,-5.999749660491943,0.6251624822616577,0.6316999793052673,0.4806751840106207,0.5148559334278137,0.8448442816734314,0.850952684879303,0.7710855446965835,0.7955412302954366,0.31887781620025635,0.3245508074760437,-0.6921960711436448,-0.6598607621418449,0.846290647983551,0.8548957705497742,0.7742010314720064,0.804024094841799,0.7207406759262085,0.7205507159233093,0.8466775615055688,0.8546727172311867,0.7945518493652344,0.7905038595199585,0.6627551676242096,0.6654960726793786,0.27579569816589355,0.27552759647369385,-0.8571725895682972,-0.8473539729876614,0.7729193568229675,0.775006115436554,0.6161585731354374,0.6321553657253746
156,6.5,156,6.5,0.0,0.09386881892155112,0.03108526187333588,0.5466013778655517,0.5386966124575404,0.07017349053230472,0.06958845771786962,0.0682084313471762,0.0694438473566407,0.07982650188355389,0.07691069784650913,0.15692861592714455,0.15016073322741758,0.08346559465768232,0.08407862985215646,0.46927958726882935,0.47122421860694885,0.46559804677963257,0.46736112236976624,0.49968382716178894,0.49756209552288055,0.2407885417342186,0.2423640638589859,0.29196837544441223,0.2970055341720581,0.48681551218032837,0.4812439829111099,-174.9760894775391,-171.86172485351562,17.135929107666016,15.359813690185547,-6.672109603881836,-5.556529521942139,0.6251532435417175,0.632500410079956,0.4806392972561545,0.5155772641016996,0.845278263092041,0.8511583209037781,0.7724101253891679,0.7950275310252206,0.3184262812137604,0.3236663043498993,-0.6943484876269189,-0.6644274203813597,0.8466475009918213,0.85491544008255,0.7753605385497179,0.8031024091190937,0.7197765707969666,0.7206979990005493,0.8431155948925994,0.8525658484434141,0.7938150763511658,0.7903497219085693,0.6615180273333897,0.6643364348471056,0.27588361501693726,0.2755114436149597,-0.8573179010043389,-0.8484192794201584,0.7729983925819397,0.7746607661247253,0.6166625513335006,0.6306174072233627
157,6.541667,157,6.541667,0.0,0.10064254162468877,0.018105823627699115,0.541977740892381,0.5496707089811318,0.07238707361456485,0.07286206794959076,0.07052020950289085,0.07246371664910166,0.08020749802159852,0.07377193251802991,0.1559861399035652,0.1495838192738846,0.08296252934016948,0.08322101726035884,0.4699450731277466,0.4713360071182251,0.4665897488594055,0.4679238200187683,0.4994458258152008,0.497785359621048,0.24112850427627563,0.2438686341047287,0.29294225573539734,0.2978194057941437,0.4874422699213028,0.4812545031309128,-174.3642578125,-171.42404174804688,17.72929382324219,13.563362121582031,-6.382848739624024,-5.857871055603027,0.6259812116622925,0.6322239637374878,0.48385252206322393,0.514009091364913,0.845427930355072,0.8510175347328186,0.7699972479704001,0.7952301211621933,0.3183542490005493,0.32254844903945923,-0.6924672934736152,-0.6699962839812195,0.8480863571166992,0.8536005616188049,0.7757153018385453,0.8007853027459477,0.7196083664894104,0.7200093269348145,0.8418688563355091,0.8496453847402543,0.7924708127975464,0.791595995426178,0.6560909123637431,0.6674353070139303,0.2755128741264343,0.2754979729652405,-0.8562863480623915,-0.8498878606168204,0.7748488783836365,0.7741284966468811,0.6181876036496895,0.6298688658516464
158,6.583333,158,6.583333,0.0,0.0580493521958407,0.028533287009396596,0.5438210123404752,0.545244414226982,0.07017156377675972,0.0795469121463237,0.06912257312199321,0.07757955396951773,0.07841558546975931,0.06758509943086675,0.1545447303343328,0.14362261916648686,0.0834839446485216,0.08268635787743006,0.4703526347875595,0.4710909277200699,0.46707573533058167,0.4684585928916931,0.49930258095264435,0.49799856543540955,0.24205638468265533,0.2437213435769081,0.294282466173172,0.29756346344947815,0.48663225769996643,0.4812098890542984,-174.0480499267578,-171.44140625,15.733041763305666,14.080227851867676,-6.394837379455566,-6.390010356903076,0.6261943578720093,0.6318638324737549,0.4850771905746901,0.5119798096936929,0.8457005023956299,0.8510213494300842,0.7721059513819802,0.7955872570849355,0.318092942237854,0.32236236333847046,-0.6927215032120068,-0.6717365251970543,0.8483116030693054,0.8532899618148804,0.7777206121034014,0.8004677956782361,0.719465970993042,0.7201255559921265,0.8416324627249951,0.8495447465135566,0.7924761176109314,0.7914704084396362,0.6576573337222896,0.6674734075269093,0.27530673146247864,0.27549314498901367,-0.856283046931616,-0.8509920858211064,0.7739925980567932,0.7739518284797668,0.617912144162764,0.6297851245187709
159,6.625,159,6.625,0.0,0.03198946772602715,0.033690777006167655,0.5510287624289497,0.5544604932754682,0.06917424607518903,0.07729658975500296,0.06912462795063207,0.07525391717527383,0.07801224400545642,0.0664532387624707,0.15365466416988316,0.14059292117234487,0.08393137026345572,0.08250998129487205,0.47080855071544647,0.4710932970046997,0.4668426513671875,0.46815598011016846,0.4995310604572296,0.4977559596300125,0.2425655871629715,0.24347061663866043,0.2968451976776123,0.29705876111984253,0.4860358089208603,0.4820471405982971,-172.06240844726562,-171.8444061279297,15.044065475463869,14.257214546203613,-5.907445907592773,-6.215599060058594,0.6261208653450012,0.6319802403450012,0.48465650544707506,0.5141936056548247,0.8459681272506714,0.8502965569496155,0.7751373904994723,0.793524207900365,0.31831035017967224,0.32181525230407715,-0.6938141364197807,-0.6740031401135347,0.8481248021125793,0.852965772151947,0.7797819284847591,0.7992759804357628,0.719316303730011,0.7194175720214844,0.8414607167445851,0.8491532463701658,0.7923778891563416,0.7903573513031006,0.6597273670110543,0.664363892714824,0.2755458950996399,0.27550846338272095,-0.8575403652010924,-0.8513976818084794,0.7729448676109314,0.7739285230636597,0.6178771056060016,0.6289621450498767
160,6.666667,160,6.666667,0.0,0.023715729926132672,0.03359276624760264,0.5626682282379296,0.555995500938117,0.07432526302885144,0.07224885216530061,0.0722440385104016,0.07047816850552868,0.07255761868507314,0.07277139194702385,0.14985236577770328,0.1462133494219401,0.0821605956989405,0.08336084979896094,0.4703540802001953,0.47148795425891876,0.4671943783760071,0.4683476388454437,0.4992676377296448,0.4977022856473923,0.24370160698890686,0.24333501607179642,0.296996146440506,0.29730165004730225,0.4858243763446808,0.4821292757987976,-171.64125061035156,-171.78762817382812,14.634607315063477,13.814552307128906,-6.48331880569458,-6.043071269989014,0.626181960105896,0.6317940354347229,0.4864032807445523,0.5134040026738061,0.8455537557601929,0.8509030938148499,0.7755044522686978,0.7942181337401355,0.31871408224105835,0.32171547412872314,-0.6919773914829302,-0.6738097876624336,0.848730206489563,0.8530415296554565,0.7823522434806391,0.7988236248012599,0.7191324830055237,0.7191634178161621,0.8426391920175633,0.8479196659932158,0.7914631366729736,0.7909696102142334,0.6588959172742388,0.6651410215147914,0.2759217917919159,0.2755112051963806,-0.8559802406123641,-0.850714456652911,0.7735294103622437,0.7741862535476685,0.6202343972662356,0.6289951631094258
161,6.708333,161,6.708333,0.0,0.029225521641668632,0.033273013559197206,0.5556093748512547,0.5597188345668133,0.07538678337262666,0.0719950821651666,0.07295462435441766,0.0705048038905925,0.07266470967132375,0.07213384860261714,0.14805956235824344,0.14461986902244114,0.08208922599305629,0.0834449296723681,0.47053880989551544,0.471675843000412,0.467121422290802,0.46854084730148315,0.49935367703437805,0.4973113536834717,0.24373814463615417,0.24295157939195633,0.29723185300827026,0.2967373728752136,0.48605312407016754,0.48216886818408966,-171.93392944335938,-172.16209411621094,14.94350337982178,13.542118072509766,-6.200592517852784,-5.961278438568115,0.6262277364730835,0.6325393319129944,0.48626146197430026,0.5185933751498577,0.8457185626029968,0.850852370262146,0.775386525340038,0.7953103611914405,0.3186909258365631,0.321283221244812,-0.6924136731369421,-0.6750601799854541,0.8487194776535034,0.8528837561607361,0.7818560629840909,0.7996923914250169,0.7189971208572388,0.7190914750099182,0.8418122867580575,0.850517053982822,0.7916549444198608,0.7897403240203857,0.658833205061793,0.6634817241742291,0.2761114239692688,0.27560120820999146,-0.8556051948690163,-0.8502486996507976,0.7738208174705505,0.7740200757980347,0.6203854137363092,0.6295705884134265
162,6.75,162,6.75,0.0,0.03392566515873557,0.06008990954803287,0.5565090703719889,0.5568277421238924,0.07364343518881085,0.07009233823091042,0.07109651196071484,0.06877194290662342,0.07384237506849586,0.07409129138775943,0.1485311249852695,0.14611437897123658,0.08205873534722881,0.08362434576488018,0.4709325432777405,0.47192177176475525,0.4678119719028473,0.468649685382843,0.49930539727211,0.49718688428401947,0.24386318027973175,0.24168924242258072,0.2975022494792938,0.29598134756088257,0.4868597984313965,0.48199552297592163,-172.00933837890625,-172.43505859375,14.895597457885742,15.023968696594238,-6.230515480041504,-5.827781677246094,0.6261429190635681,0.6316299438476562,0.4858163228929135,0.5172453158827618,0.8459023237228394,0.8512700200080872,0.7735578027408261,0.7991531602501418,0.3190404772758484,0.321025550365448,-0.6904553111906261,-0.6777488187548308,0.8491541743278503,0.8528426885604858,0.7805639210462046,0.8025565987593707,0.7190431952476501,0.7180633544921875,0.8416453388972791,0.8497822050071384,0.7917593121528625,0.7889145016670227,0.6569065814687909,0.6642085324954751,0.27582305669784546,0.27572596073150635,-0.8559877818158592,-0.8520307833695746,0.7749960422515869,0.7723470330238342,0.6207900846247018,0.6283545944901221
163,6.791667,163,6.791667,0.0,0.03718466194640419,0.09371140217197929,0.5627559544623736,0.5573705398082496,0.06997109253552583,0.07132405266028455,0.06760034446527761,0.06913642638298655,0.07624616852081902,0.08259055731419924,0.1487483541155465,0.151130876869705,0.082346305670097,0.08393811978820126,0.4711620509624481,0.47197335958480835,0.46784693002700806,0.46908318996429443,0.499252051115036,0.4968791604042053,0.2431100532412529,0.2401484102010727,0.297219455242157,0.29283270239830017,0.48678281903266907,0.48128773272037506,-171.83062744140625,-173.71656799316406,14.928640365600586,14.927828788757326,-5.937402248382568,-5.856414318084717,0.6262373924255371,0.6322775483131409,0.4864051313456861,0.5223914825007167,0.8455476760864258,0.8494961857795715,0.7729955238085238,0.7990958495247698,0.31921714544296265,0.32077938318252563,-0.6896063831974866,-0.6794248078695784,0.8492075800895691,0.8524659872055054,0.7808811607553298,0.8055409921434671,0.7188294529914856,0.717570424079895,0.8410701101248038,0.8514668319687709,0.7914035320281982,0.7877079248428345,0.6563364359001934,0.6650013102666986,0.2757570445537567,0.2763679623603821,-0.8560761179176694,-0.8507721061760133,0.775313138961792,0.7718439698219299,0.6216680407881603,0.6305729300681202
164,6.833333,164,6.833333,0.0,0.04500996492510509,0.06184815003966365,0.5629631179251526,0.5571763679542908,0.07004659657184602,0.07261425029037184,0.06786249670715758,0.07085832851916452,0.07729046679156329,0.08528429034503149,0.1509861319609078,0.1524380428820909,0.08262051378429222,0.08327102125971231,0.4713277667760849,0.47263678908348083,0.4681645333766937,0.47025641798973083,0.49916231632232666,0.4970719665288925,0.24327906966209412,0.2385379672050476,0.29652708768844604,0.2902662754058838,0.4868394434452057,0.48256027698516846,-172.6490478515625,-174.33261108398438,14.45893096923828,13.076793670654297,-6.211742877960205,-5.86954927444458,0.6260392665863037,0.632915735244751,0.48623995266793585,0.523387610919651,0.8454970717430115,0.8498265743255615,0.7731620137671383,0.7959528093285524,0.31965896487236023,0.3212619721889496,-0.6879240156007169,-0.6773720560259899,0.849731981754303,0.8527243137359619,0.7822912537278008,0.8022328950350625,0.7185869216918945,0.7175533175468445,0.8409171997521719,0.8494847327373312,0.7918749451637268,0.7879488468170166,0.6575682326860578,0.6618491591925176,0.2754763066768646,0.27618324756622314,-0.8572484956187469,-0.8510542661606629,0.7757933139801025,0.7720832228660583,0.6229008915518349,0.6274646048596944
165,6.875,165,6.875,0.0,0.07865941097869536,0.0466443807445435,0.5662315383755127,0.5456088019100737,0.0698780957261457,0.03972456021111371,0.06773912709394604,0.03670136118316949,0.07693470543999233,0.12891633743430606,0.14906362476023316,0.198634751620294,0.08257047859789718,0.08106802396993171,0.4715539366006851,0.47284984588623047,0.46819236874580383,0.4707832336425781,0.49889083206653595,0.4972519874572754,0.24253588914871216,0.2379322052001953,0.2958313226699829,0.28533992171287537,0.48678478598594666,0.4822212904691696,-173.01644897460938,-176.3089752197266,15.393939018249513,12.55875873565674,-5.969683647155762,-6.2973198890686035,0.6260465383529663,0.6339606642723083,0.4864170378197652,0.5268538737559837,0.8457005023956299,0.8494049310684204,0.7723033644707393,0.7959759538624287,0.3190098702907562,0.32366013526916504,-0.6881104052857012,-0.6689958670401314,0.8495645523071289,0.8533554077148438,0.7806179035413194,0.8045397461155809,0.7188497185707092,0.7174831032752991,0.8414231113976495,0.8487362996521188,0.7916030883789062,0.7862375974655151,0.6558982784181883,0.6590426238930941,0.2753795385360718,0.27551907300949097,-0.855012366283043,-0.8545239968497255,0.7754137516021729,0.7732251286506653,0.6210625810954512,0.6308343620541369
166,6.916667,166,6.916667,0.0,0.11929584711819512,0.05266274781164736,0.5716101843932531,0.5359377598932761,0.06952955264779362,0.0468858972979613,0.06744845592289807,0.04367694038841127,0.08301706034498829,0.12412584157221702,0.15131623349192924,0.19058658150278407,0.08315734037974098,0.08196706297052297,0.4716425687074661,0.47585001587867737,0.4680730998516083,0.4732791781425476,0.4988704025745392,0.49862924218177795,0.24218612909317017,0.22899659723043442,0.296103298664093,0.27299922704696655,0.4875776469707489,0.47731271386146545,-172.5117645263672,-178.96209716796875,15.696062088012695,11.851006507873535,-5.466597080230713,-6.168371200561523,0.6261345148086548,0.6323780417442322,0.48705324231940916,0.5165689970304553,0.8455337285995483,0.8492459654808044,0.7705889173811283,0.808027196514232,0.3189213275909424,0.3225939869880676,-0.6886841772164929,-0.6798891318269608,0.8493098616600037,0.8499839901924133,0.7787179768839108,0.8096305595802745,0.718519389629364,0.7186760902404785,0.8406199472827353,0.8498721481856578,0.7916737198829651,0.7857954502105713,0.6546419397010854,0.6701805755198209,0.2753340005874634,0.271064817905426,-0.8554974961357117,-0.878906777427611,0.7764479517936707,0.7708679437637329,0.6218647115706455,0.637750479171426
167,6.958333,167,6.958333,0.0,0.06987129159316101,0.061309391217988916,0.5517359606428841,0.5362477146293161,0.069218090161006,0.04310597509054343,0.06783323246486544,0.03961148079257487,0.08657707619978437,0.13310977967817325,0.15478698196493465,0.1906238620725389,0.08285033039277202,0.08169261556829849,0.4717221260070801,0.4774061441421509,0.468952476978302,0.47572991251945496,0.49885016679763794,0.4988398402929306,0.241420179605484,0.22429487854242325,0.29436030983924866,0.266059011220932,0.4872717559337616,0.47939613461494446,-173.36248779296875,-179.75450134277344,14.139609336853027,9.084413528442383,-5.650328636169434,-5.232560157775879,0.6261470913887024,0.6299410462379456,0.4867480641012489,0.5051913664967511,0.8458569645881653,0.8555649518966675,0.7712607306682758,0.8153696686062109,0.3190864324569702,0.3269175887107849,-0.6873665641728567,-0.6624930455972283,0.8494412899017334,0.8524159789085388,0.7789700541249487,0.8085440707793249,0.7185570001602173,0.7202872037887573,0.8400978747334004,0.8533353706790474,0.7920804619789124,0.792952835559845,0.6555958797648181,0.6796539521435827,0.27541255950927734,0.2689898610115051,-0.8543633174517306,-0.8857143935894405,0.775950014591217,0.7731164693832397,0.6209018089052747,0.6366573756791999
168,7.0,168,7.0,0.0,0.05578580693217298,0.06753825965401947,0.5498011700433126,0.5321970284330689,0.06908781125027129,0.04703559945620212,0.06769914235800091,0.04278658099351114,0.09451586740671493,0.13052214465810769,0.16322480760739236,0.18147464731060528,0.08236582053400088,0.0817191306164382,0.4722427874803543,0.4787879139184952,0.4699385166168213,0.47799521684646606,0.4987470507621765,0.499004602432251,0.2394866645336151,0.2205340340733528,0.2901981472969055,0.2624756693840027,0.48677127063274384,0.48232318460941315,-174.671142578125,-179.33839416503906,12.192089080810547,7.255358695983887,-5.990951061248779,-5.155562877655029,0.6257959008216858,0.6301215887069702,0.4867622070964671,0.5022148793692909,0.8461881279945374,0.8499765396118164,0.7745814326912482,0.7921212742930042,0.3184661269187927,0.3307122588157654,-0.6907102295399914,-0.6446069380441877,0.8493719100952148,0.8470612168312073,0.7814428206601413,0.7858401152486744,0.7181276679039001,0.7197352051734924,0.8405128684287353,0.8454601968698339,0.7922935485839844,0.7951035499572754,0.6584329002029777,0.6738956090080029,0.2758588492870331,0.27029287815093994,-0.8539514748459732,-0.876030133728202,0.7753861546516418,0.7816540002822876,0.621995673770923,0.6449181108232013
169,7.041667,169,7.041667,0.0,0.06950424063644309,0.11778449981442711,0.5747564992172093,0.5242660832773739,0.03624811545749167,0.053584897269182474,0.03307065440030071,0.0492630650575207,0.13088161692341554,0.12270151495311692,0.20457584609311755,0.15990857834803518,0.07995255716779537,0.0818369000695524,0.47421154379844666,0.48256729543209076,0.4713529348373413,0.4808163344860077,0.49842119216918945,0.5008810758590698,0.23450756818056107,0.21604682505130768,0.2806001305580139,0.2547817528247833,0.48473066091537476,0.48430489003658295,-177.52395629882812,-181.0303497314453,13.31118106842041,8.066457748413086,-6.519008159637451,-3.540855646133423,0.6276744604110718,0.6324442625045776,0.4941610305935735,0.49505645071957727,0.8480242490768433,0.8355206847190857,0.7812809239673963,0.743390325719495,0.3201957643032074,0.3439323902130127,-0.6813913668118454,-0.5905790308226219,0.8502269983291626,0.8295197486877441,0.7860180457531947,0.7306886253446767,0.7191522717475891,0.723162055015564,0.8438989532115336,0.8364165950174913,0.7911995649337769,0.8101434707641602,0.659076615446217,0.6896764107036302,0.2765704393386841,0.2697161138057709,-0.848179687429822,-0.8698459543488068,0.7755210995674133,0.8022469282150269,0.6253592961568409,0.6729624319289434
170,7.083333,170,7.083333,0.0,0.06275649329002576,0.1576572082359418,0.5598480284206657,0.48464246439894987,0.03779565737817625,0.058965189895409595,0.035319629950055345,0.053720722368057784,0.13337936872220454,0.12908137028296793,0.20218860933321325,0.1498657589627442,0.08009952495812388,0.08219749334244288,0.4759955555200577,0.48630568385124207,0.4732000231742859,0.48540323972702026,0.4985215663909912,0.500212162733078,0.22905270755290985,0.21579532325267792,0.273423433303833,0.25419244170188904,0.4848305433988571,0.4834216386079788,-178.77435302734375,-180.520751953125,12.770849227905273,5.48672342300415,-5.90259313583374,-2.1815083026885986,0.6262097358703613,0.6342014074325562,0.489385572275856,0.5066316119601445,0.8514299392700195,0.8354494571685791,0.7903414735303657,0.7487241765886039,0.31766462326049805,0.34849315881729126,-0.6931635011674141,-0.5736702501103201,0.8473593592643738,0.8261377811431885,0.7815658229536911,0.7289192731202428,0.7202006578445435,0.7226746082305908,0.8496209905344134,0.84116085299076,0.7933356165885925,0.8058112859725952,0.6650975339360853,0.6856870694217877,0.27643918991088867,0.26970356702804565,-0.8511666456590292,-0.8715844445174683,0.7779858112335205,0.8051745295524597,0.6320053141469522,0.6843327590485255
171,7.125,171,7.125,0.0,0.06330086359108654,0.16225090747375218,0.5419171425600235,0.47898610691153964,0.0428990561358518,0.061686811485481274,0.03951328330762897,0.05664345347234754,0.1328910824911835,0.13418222407837044,0.1935335970826881,0.14537294145087615,0.08159065667376388,0.08194039707553691,0.47735564410686493,0.4885238707065582,0.4751378297805786,0.48811495304107666,0.49813544750213623,0.501555398106575,0.22439732402563095,0.21707440167665482,0.2657323479652405,0.2565937340259552,0.4858088940382004,0.4805545061826706,-180.64796447753906,-180.31753540039062,10.199007034301758,3.7310619354248047,-5.475930690765381,-1.5529085397720337,0.6260779500007629,0.6304651498794556,0.48839705750564516,0.4901643772143014,0.84977787733078,0.837563157081604,0.781529003715911,0.7635847393195773,0.33022698760032654,0.3569078743457794,-0.6409597760308674,-0.5500054295715204,0.8471636176109314,0.8257027268409729,0.7759155589222773,0.7382171648624694,0.7194381952285767,0.7237070798873901,0.8447826851649064,0.8447059997373361,0.7991617918014526,0.8140650987625122,0.6728440862872862,0.7133261288043397,0.27322453260421753,0.26758086681365967,-0.8585562021363864,-0.8896610135225397,0.791674792766571,0.7976934909820557,0.6567676974598091,0.6783098628740745
172,7.166667,172,7.166667,0.0,0.0839331283439916,0.1379033912842291,0.5472233359056792,0.4562741441375896,0.05001794320342939,0.06678854459288673,0.04661410438827898,0.06353968305214212,0.12780533604877375,0.1293551685748828,0.18210303161553507,0.1329764071179314,0.08198929795477103,0.08256359877278384,0.47922617197036743,0.49025416374206543,0.47766897082328796,0.48986560106277466,0.49812307953834534,0.5012211203575134,0.2204429805278778,0.21846727281808853,0.260123610496521,0.2584334909915924,0.4857613146305084,0.4840865880250931,-181.46347045898438,-180.52462768554688,8.10649108886719,1.549531102180481,-5.216728687286377,-0.7538614273071289,0.6219372749328613,0.633236289024353,0.47010225320071714,0.5031886264566638,0.8566229939460754,0.8386885523796082,0.7920568975596773,0.7602748867130875,0.3297078609466553,0.35754674673080444,-0.6394450448995247,-0.5476288175996916,0.8407367467880249,0.8282625079154968,0.7581283135628255,0.7379212040755793,0.7195305824279785,0.7252293825149536,0.8406480828172548,0.8538292295365595,0.8035693764686584,0.8142002820968628,0.6787491982011664,0.7077714637585536,0.27155670523643494,0.26720649003982544,-0.8602354739653921,-0.8919694728224019,0.7927430272102356,0.7988336086273193,0.6556271419635162,0.6748249572368521
173,7.208333,173,7.208333,0.0,0.09144543399638745,0.11863566532578862,0.5335849730440352,0.4499496056449248,0.05521590935040056,0.06800881294586969,0.05195825377134808,0.06437120428305286,0.1251959013890431,0.12755596161588426,0.16807378319316452,0.12407345421074308,0.08192835431009238,0.08379237803864475,0.4828945994377136,0.49216410517692566,0.4801725447177887,0.4927351474761963,0.4978930801153183,0.5007327497005463,0.21704956144094467,0.22045905888080597,0.25469887256622314,0.261751264333725,0.48467278480529785,0.4856928586959839,-182.30091857910156,-179.7446746826172,9.833751678466799,-4.509842872619629,-3.667628049850464,-0.3774813711643219,0.6229138374328613,0.6333339810371399,0.47273902025595943,0.5075209756976546,0.8443445563316345,0.8461107611656189,0.7650119272189057,0.7759528291557344,0.34778183698654175,0.3509576916694641,-0.5676132790162222,-0.5732524714959436,0.82778000831604,0.8394937515258789,0.7297795909498023,0.7617069015385856,0.7212467789649963,0.7258238792419434,0.8445638230822426,0.8615189205577982,0.8101621270179749,0.8014245629310608,0.6923068438722355,0.6797467813797345,0.26518499851226807,0.2673296332359314,-0.8799354032327006,-0.8933324087941887,0.8045724034309387,0.7954243421554565,0.6804176561392294,0.6668287541272415
174,7.25,174,7.25,0.0,0.12864069403721565,0.06768594141737004,0.5134797118680686,0.4469449573853514,0.06101297145997767,0.07478449866176143,0.05754959070371817,0.07254554240621673,0.1275543485973574,0.12729152781477024,0.15649293646658224,0.1242463387960104,0.0830717840096493,0.08232472283762046,0.4846971035003662,0.49256178736686707,0.48279017210006714,0.4931758642196655,0.4980809688568115,0.5013691335916519,0.21678241342306137,0.2212337777018547,0.2535000741481781,0.26380929350852966,0.4858986437320709,0.4848036766052246,-182.24008178710938,-178.5168914794922,7.086580753326416,-4.444619178771973,-2.7318568229675293,-0.39856457710266113,0.6275206804275513,0.6275808811187744,0.488904608518624,0.4838015903951866,0.8319265842437744,0.8486045598983765,0.7351742534493193,0.7844292648843929,0.3490467071533203,0.35405486822128296,-0.5629148619833495,-0.5646928853335715,0.8227685689926147,0.8391405940055847,0.7157170471457114,0.7640230147923847,0.722084641456604,0.7294043302536011,0.8460805925025879,0.8741166569096266,0.8046658635139465,0.8049957156181335,0.6772558669126583,0.6903996590418916,0.2639583647251129,0.26871412992477417,-0.8843006425876783,-0.8918255470889893,0.8075597286224365,0.792960524559021,0.6834042002454263,0.6644493205221373
175,7.291667,175,7.291667,0.0,0.1541555456337253,0.05251564083450188,0.5034469836373404,0.46993786199399634,0.06513520262451383,0.07378687757189188,0.06234494098032504,0.07076655813700326,0.11886570911121548,0.13026411419027753,0.14005339678497888,0.12462472687636683,0.08314813856156793,0.08231655630466807,0.48627980053424835,0.4931735098361969,0.48470598459243774,0.4939401149749756,0.4992646872997284,0.5023372024297714,0.2158295065164566,0.22097954899072647,0.25313806533813477,0.2631126940250397,0.48629239201545715,0.48372864723205566,-181.83126831054688,-178.9118194580078,6.719637870788575,-4.11433744430542,-2.16819429397583,-0.14951641857624057,0.6275389790534973,0.6256012916564941,0.48403634279650587,0.471859539599388,0.8314328789710999,0.8474735021591187,0.7325829044525562,0.7832412544523174,0.3495692014694214,0.35183194279670715,-0.5648681002545393,-0.5761397578423679,0.8157860040664673,0.8408123254776001,0.6993714050879085,0.7688979357510611,0.7241874933242798,0.7309003472328186,0.8487344654269193,0.8749482590812272,0.8151915073394775,0.8072953224182129,0.6981095475098908,0.6967267444170131,0.2661580741405487,0.26752883195877075,-0.8796156343769793,-0.8988552163050344,0.8120035529136658,0.791542649269104,0.6913429089937212,0.662806969852066
176,7.333333,176,7.333333,0.0,0.1663719035691186,0.047957334595739996,0.4953083681399547,0.48170633094564264,0.06749115124301167,0.07342770993791585,0.06372711178372512,0.0704128197441625,0.1234044229488791,0.12877466171109708,0.13951314700529294,0.1233917954163698,0.08274441858191824,0.08223438297654925,0.48808319866657257,0.49375784397125244,0.4869268536567688,0.49431270360946655,0.49827420711517334,0.5025105774402618,0.21676474809646606,0.2201417237520218,0.25456947088241577,0.26158395409584045,0.48452259600162506,0.48280996084213257,-181.32952880859375,-179.30886840820312,6.1105852127075195,-2.4568581581115723,-1.7742706537246704,-0.016082217916846275,0.6263725757598877,0.6265447735786438,0.48334343657103207,0.4742525869763908,0.8263155817985535,0.8491640686988831,0.7254339881966181,0.7879376712672058,0.35521772503852844,0.35770082473754883,-0.5397837021833213,-0.553689240361202,0.8166511654853821,0.8411612510681152,0.7049218760088571,0.7707255768691024,0.7242697477340698,0.7314431667327881,0.8527310878987757,0.8753382220017223,0.815954327583313,0.8074519038200378,0.7034428816484378,0.6982250534657362,0.26602703332901,0.26684415340423584,-0.8763198805681731,-0.9010854646719074,0.8097918033599854,0.7928972840309143,0.6903633138677727,0.666921642430133
177,7.375,177,7.375,0.0,0.11345717032773522,0.044970082676625917,0.46132470547269283,0.48527957381835357,0.067387121107982,0.07359458433435724,0.062886504987034,0.07067124943205302,0.12997060033496874,0.12438420117186656,0.1372960109989191,0.1144252258261763,0.08304198229706042,0.08175132204875411,0.49054308235645294,0.4956136643886566,0.48982909321784973,0.49581074714660645,0.49856865406036377,0.5023537278175354,0.21992047876119614,0.21737251430749893,0.2595153748989105,0.25814834237098694,0.4863748252391815,0.48334166407585144,-180.2823486328125,-179.50430297851562,4.049565315246582,-2.0988829135894775,-0.9712795615196229,0.6888325810432434,0.6268987655639648,0.6256278157234192,0.4843142755171559,0.4726589483256206,0.8400354385375977,0.8366504907608032,0.7507717476219141,0.7619967178560034,0.36341047286987305,0.36369770765304565,-0.5100832208164344,-0.5316365327318372,0.829412579536438,0.8285472393035889,0.7282209118286382,0.7445200783044386,0.7233095169067383,0.7309118509292603,0.848165772578543,0.8763402263721749,0.8115577697753906,0.8078334331512451,0.6903176615833321,0.6998456996581728,0.2662610113620758,0.2677885890007019,-0.8767225895176013,-0.8993723961816148,0.8099604249000549,0.7990114092826843,0.6869267230436231,0.6808188519686724
178,7.416667,178,7.416667,0.0,0.08510154544918126,0.07845835296095251,0.4415009983407841,0.464825592275282,0.071355411810928,0.0735806316631321,0.06677399844592548,0.07228379704501779,0.12735558423277366,0.12810661416434133,0.12470609498162089,0.11172983607572799,0.08395856981593545,0.08145199313384761,0.4921630024909973,0.4965212792158127,0.49219730496406555,0.49725911021232605,0.49982425570487976,0.5027418732643127,0.22091732919216156,0.21621699631214142,0.2628055214881897,0.25538426637649536,0.48523373901844025,0.48270878195762634,-178.99453735351562,-179.9169464111328,-0.27661508321762085,-7.314906120300294,-0.4017449617385864,1.2771490812301636,0.6258860230445862,0.6230202317237854,0.4781326144715831,0.4606300185265336,0.8437034487724304,0.8250702619552612,0.764786068942031,0.7375172225730097,0.36989107728004456,0.36793357133865356,-0.4928162726725566,-0.5162753417063818,0.8343821167945862,0.8230052590370178,0.7448992426728562,0.733068780485195,0.7225872874259949,0.7315247654914856,0.8449054222555296,0.8761698216946102,0.8108711838722229,0.8079298138618469,0.6947392612920198,0.7005931630333703,0.2684442400932312,0.26556941866874695,-0.8775882976695929,-0.9082993279389483,0.8095621466636658,0.7993966937065125,0.6919464634806836,0.6822110626963594
179,7.458333,179,7.458333,0.0,0.05318384781974751,0.15476255466259217,0.4651080911505702,0.5114947946988783,0.07056198881790775,0.0688232046641798,0.06705339726988224,0.06758239887027014,0.13260348492606738,0.1298163997951193,0.12472859942647338,0.10676003556867669,0.08333914881162648,0.08220904454320768,0.4932597577571869,0.4975366145372391,0.49396222829818726,0.4985472857952118,0.5001427233219147,0.501855656504631,0.22144562005996704,0.21539703756570816,0.26395225524902344,0.2532860338687897,0.4833279848098755,0.4813332110643387,-178.80459594726562,-181.24427795410156,-3.436984062194824,-7.368200302124024,-0.024806825444102287,2.0624425411224365,0.6241148710250854,0.6225365400314331,0.4723821555073452,0.46294331488304236,0.8479052782058716,0.8264166116714478,0.7814145647063286,0.7446221174780102,0.3668156564235687,0.3748106062412262,-0.5080280402958754,-0.4873568620780043,0.8432623147964478,0.8223620653152466,0.7714630968084594,0.7358732037723503,0.7200334668159485,0.7305237650871277,0.837869354627368,0.8771925519728723,0.8078975081443787,0.8075841069221497,0.6956641496536953,0.7039852756618984,0.268076092004776,0.26549530029296875,-0.8842642283280743,-0.9067007434301904,0.8074692487716675,0.8012357950210571,0.6947462424845698,0.6902868669818926
180,7.5,180,7.5,0.0,0.047102464140152185,0.1287439687077082,0.48187759202692876,0.5273410886656282,0.07382907721155624,0.06819162506749926,0.07083061638441486,0.06689550614363658,0.12857871360349746,0.13109301423731645,0.12151303517871716,0.10671033380192993,0.08254047321587085,0.08322266733477474,0.4941602945327759,0.4986294060945511,0.4949851930141449,0.4996627867221832,0.49989110231399536,0.5016714483499527,0.22024180740118027,0.21587501466274261,0.2613210380077362,0.25567466020584106,0.48243333399295807,0.4814404845237732,-179.47940063476562,-180.4793243408203,-3.1157383918762207,-6.282533645629883,0.019637245684862137,2.2948248386383057,0.6218972206115723,0.6200664639472961,0.4649544904375795,0.45433426028504503,0.8449454307556152,0.8241475224494934,0.7770945559005348,0.7397545042668966,0.3689073324203491,0.3759266138076782,-0.4991675240249242,-0.4825387800169481,0.8412136435508728,0.8200819492340088,0.7690949565865199,0.7309787110506701,0.7193741202354431,0.7310964465141296,0.8364303051463906,0.880405617634447,0.805143415927887,0.8116910457611084,0.691773460928219,0.7128664228510558,0.267642080783844,0.2640731930732727,-0.8850804120888305,-0.911770035347416,0.8085784316062927,0.799397349357605,0.6991368896440054,0.6863297128271649
181,7.541667,181,7.541667,0.0,0.05596551852632271,0.0338782813518739,0.4728116580946214,0.5600217145231937,0.07427156839153007,0.0663646911236908,0.0710986167354616,0.06379985839505604,0.12900340520941647,0.14524093821556117,0.11525725199687481,0.11104670353657291,0.08211624741517878,0.08192657236220086,0.4958566874265671,0.49998752772808075,0.4964767396450043,0.5015233755111694,0.4999041259288788,0.5015347450971603,0.2182604968547821,0.21880420297384262,0.25826025009155273,0.2598326504230499,0.4843207150697708,0.48307177424430847,-180.0837860107422,-180.004638671875,-4.36724853515625,-5.852797031402588,0.7934016585350037,2.790153980255127,0.6268646717071533,0.6173346638679504,0.48263929625196716,0.4426983943427426,0.837191104888916,0.8230717778205872,0.7545562875942063,0.731141003442252,0.3731573820114136,0.37692469358444214,-0.48182653053009805,-0.4763791746075195,0.826263964176178,0.8205091953277588,0.731190363537929,0.7256303883966562,0.7205380201339722,0.7331780195236206,0.8387376312515759,0.8855628461352294,0.8126420974731445,0.814092755317688,0.7020622035503142,0.71183238151976,0.2664603590965271,0.26475173234939575,-0.887434239099297,-0.9052118573464292,0.8154436945915222,0.8003039956092834,0.7080529661134785,0.6821808300392166
182,7.583333,182,7.583333,0.0,0.14812103433882698,0.03459903362858904,0.507192724035551,0.5530828657079214,0.0693230490654267,0.06901867262896275,0.066409870663122,0.06657751686956828,0.13132203010226456,0.14771783320567003,0.108597187367621,0.10960908032562423,0.08282484173187778,0.08171380334800017,0.4969140738248825,0.500808522105217,0.49785351753234863,0.5012168288230896,0.49988889694213867,0.501973494887352,0.2168276235461235,0.2207220047712326,0.2555948495864868,0.26213905215263367,0.4847939908504486,0.48277708888053894,-181.1858978271484,-179.96287536621094,-6.501309871673584,-4.217896938323975,1.7820090055465698,3.557021379470825,0.6232274770736694,0.6193296313285828,0.4698243142436714,0.4490949713384933,0.8353203535079956,0.8373955488204956,0.7510688616543257,0.7633368966624567,0.37632259726524353,0.3779318034648895,-0.47069174906517336,-0.4746790542311823,0.8238276243209839,0.8246431350708008,0.7264435211739484,0.7358865830541469,0.7207261323928833,0.7315114140510559,0.8412185594683202,0.8783888798140798,0.8138431906700134,0.8113588094711304,0.7050499884318082,0.7072912981972248,0.26720866560935974,0.2654135227203369,-0.8863311869441165,-0.9052606633261301,0.8178055882453918,0.7947124242782593,0.7135401727757139,0.6714589841774595
183,7.625,183,7.625,0.0,0.08993929432830576,0.032752404764903605,0.5419511053865456,0.5641707846504459,0.0718124421619163,0.06836532780065774,0.06947917766522325,0.06763221836205538,0.13062018166690878,0.14897184312922648,0.10449578259820977,0.10912000995898057,0.0831869685186947,0.08149863817938488,0.49827632308006287,0.5016500651836395,0.4988425672054291,0.5018328428268433,0.5000888407230377,0.5015478581190109,0.21623069047927856,0.2229446992278099,0.25596633553504944,0.26558730006217957,0.4847187101840973,0.4841863512992859,-181.1795196533203,-178.9537811279297,-4.34661626815796,-4.654172420501709,2.3653557300567627,3.9730765819549565,0.6182019114494324,0.6187130212783813,0.4492177899918593,0.4469095186337801,0.834246039390564,0.8485689163208008,0.7477607265543643,0.7818099953253637,0.3760707974433899,0.3777087926864624,-0.47167608951807927,-0.4723661507237972,0.8225324153900146,0.8322595953941345,0.7227012039896453,0.7468171297455192,0.7223589420318604,0.7342832684516907,0.8453567676900899,0.8877354616007697,0.8266425132751465,0.8150123357772827,0.7314941352541997,0.7098118466864077,0.2658967971801758,0.26624107360839844,-0.8906993238513103,-0.8975435953932701,0.8167447447776794,0.7937088012695312,0.710319360223773,0.6641035230377845
184,7.666667,184,7.666667,0.0,0.041295145913386316,0.03934084913875395,0.5531965482541473,0.556839812232957,0.06996832244273928,0.05105585580691467,0.06820489630005191,0.05021822797213577,0.13936278924818638,0.16716360455252233,0.1060824775768524,0.12864704733312052,0.08259774427193094,0.08112044173472924,0.49873682856559753,0.502142146229744,0.5002663731575012,0.5022672414779663,0.5002229511737823,0.5016321241855621,0.2168658748269081,0.22413071244955063,0.256318598985672,0.265206903219223,0.4847664535045624,0.4835873395204544,-181.53271484375,-179.79751586914062,-5.784916877746582,-4.416396141052246,2.733823299407959,3.890018701553345,0.6203906536102295,0.6192020773887634,0.4568826278476243,0.4478716784332851,0.835275411605835,0.8493268489837646,0.7496154621471728,0.783703271748299,0.3784825801849365,0.37763744592666626,-0.4628619794236705,-0.472346064241648,0.8213751912117004,0.8331544399261475,0.7198877764664944,0.7490491817127299,0.7223150134086609,0.7340563535690308,0.8444033043873304,0.8853982406765348,0.8254922032356262,0.8149212598800659,0.7286926181107667,0.709979290473858,0.26631996035575867,0.2659528851509094,-0.8893089485743935,-0.8977978937858011,0.8199639320373535,0.7937609553337097,0.716869589131374,0.6646371836599007
185,7.708333,185,7.708333,0.0,0.03306959688154585,0.04063293054706087,0.5512717042118885,0.5651873505134194,0.06722685381355215,0.0564044625308939,0.06441098963241323,0.054218294188085596,0.14776351383896263,0.16210456431581347,0.11069340013902804,0.11436778456626281,0.08279088105082395,0.0816003644391717,0.5003389567136765,0.503016859292984,0.5008996725082397,0.5047211050987244,0.4994320571422577,0.5018632709980011,0.21972393244504929,0.2220599576830864,0.26010560989379883,0.2624940574169159,0.48360079526901245,0.48131832480430603,-181.005859375,-180.87913513183594,-3.826140880584717,-6.856034755706788,3.47178053855896,4.223331928253174,0.6162416934967041,0.6160717010498047,0.44383711157008665,0.43816885829649865,0.8348125219345093,0.8318988084793091,0.7506482494719972,0.7565778265169973,0.3820297420024872,0.3771291971206665,-0.44608909050244894,-0.4785512480708486,0.8182426691055298,0.817778468132019,0.7152333413817314,0.7261051193724192,0.7218265533447266,0.7330387234687805,0.8450238687848725,0.8869212546687859,0.8214144110679626,0.8151260614395142,0.7220123364183769,0.7203810355060885,0.2644665837287903,0.2630983889102936,-0.8927893305145252,-0.916038647394197,0.8199978470802307,0.7966752052307129,0.7189847003888181,0.680562764558715
186,7.75,186,7.75,0.0,0.03221221092130459,0.05227820074518242,0.5555119502223719,0.5703131089843687,0.06817889537478695,0.06746253257007133,0.06657213209241795,0.06357532604254636,0.14904408243293418,0.16104823967092083,0.10775156806770962,0.11089803999553435,0.08242771977180922,0.08172197701640393,0.5011419951915741,0.5030718296766281,0.5015639662742615,0.5040223002433777,0.5006745606660843,0.5023533254861832,0.22211408615112305,0.22130709141492844,0.2637192904949188,0.2623675763607025,0.4838518053293228,0.48070159554481506,-179.98558044433594,-180.82321166992185,-4.510797023773193,-6.030812740325928,3.851886510848999,4.431197643280029,0.617803692817688,0.615337073802948,0.4474613071269369,0.4342801693938553,0.842522919178009,0.8298509120941162,0.7707428237265455,0.7548970755438961,0.379202663898468,0.37899982929229736,-0.46405170693550396,-0.47413878562618156,0.8242063522338867,0.8182989358901978,0.7313826355697571,0.7299205035165545,0.7218596935272217,0.7319059371948242,0.8449801244918952,0.8823405895344882,0.8165854811668396,0.8152029514312744,0.7150062632925355,0.7232266636515104,0.2642245590686798,0.26381754875183105,-0.9032955750751911,-0.9168695415933383,0.8096870183944702,0.7962472438812256,0.7001822630559524,0.6822424557033999
187,7.791667,187,7.791667,0.0,0.030162519148733635,0.05690009494771737,0.5622856795144122,0.5614006816038436,0.06333361176853378,0.07222210192282316,0.06167497963830279,0.06913499120905389,0.15664316152683516,0.15629714705418546,0.11168907278920435,0.10209674415536807,0.08230205690580965,0.08227720152360797,0.5015748143196106,0.5035015344619751,0.5019466876983643,0.5041859149932861,0.5001793503761292,0.5020356476306915,0.2236935794353485,0.22220487892627716,0.26614150404930115,0.2644318640232086,0.4834224283695221,0.4803561866283417,-179.51947021484375,-180.1359100341797,-4.91960334777832,-6.345764636993408,4.227580547332764,4.98762607574463,0.6201344728469849,0.6084074378013611,0.4564253146257665,0.40746252069086975,0.8480348587036133,0.8251441717147827,0.7803778291383635,0.7429093932802538,0.38070806860923767,0.3804684579372406,-0.4545843165842758,-0.46566926688291194,0.8326761722564697,0.8169145584106445,0.7475057233326003,0.7251771714768298,0.7213988304138184,0.7293504476547241,0.8417328805785886,0.8707408351361234,0.8164975643157959,0.8162626624107361,0.7128787444014235,0.7237725411453745,0.2642284035682678,0.26500463485717773,-0.8977856294481373,-0.9079592793507063,0.8089355230331421,0.7970709204673767,0.6966937521492264,0.6824203885767234
188,7.833333,188,7.833333,0.0,0.03807952525446883,0.04009323764118247,0.56433769820986,0.5717069006356594,0.05163606480989196,0.07396749607632275,0.050238527025905234,0.07073339650623037,0.16811394736108548,0.14625044014194313,0.12529696626668577,0.09083857150504847,0.08174674076780893,0.08233531601680774,0.5024377554655075,0.5035563707351685,0.5029135346412659,0.5037536025047302,0.5003092288970947,0.5016150176525116,0.22529447078704834,0.2249656394124031,0.2653472125530243,0.27163460850715637,0.4836580157279968,0.4819250702857971,-181.1446533203125,-177.19139099121094,-4.5733184814453125,-6.642094612121582,4.0965776443481445,5.08457088470459,0.6200723648071289,0.6087872982025146,0.45572308634393016,0.40986550954329704,0.8485308885574341,0.8426100015640259,0.7809837070217379,0.7759065657290574,0.3809630870819092,0.3794812560081482,-0.4541363390159847,-0.4670836170687903,0.8315026760101318,0.8327904343605042,0.7445360630628438,0.7547826816820331,0.7209410667419434,0.7314518690109253,0.839549009170223,0.8789791325742258,0.8139455318450928,0.8195041418075562,0.7069562796484242,0.7262011670911803,0.2641606330871582,0.26497596502304077,-0.8985934286083846,-0.9049932070687692,0.8086113929748535,0.7935747504234314,0.6955389453962406,0.6704217782794492
189,7.875,189,7.875,0.0,0.07596911073580888,0.046256557047282564,0.5835406599401883,0.5688519441015017,0.049334774228116614,0.07654789391345602,0.046600110423862647,0.07545261861852018,0.17016613712735867,0.1486971167145354,0.1209356623731675,0.09418395922247702,0.08176030980427897,0.08147226937363486,0.5031478703022003,0.5036840885877609,0.5045023560523987,0.5047061443328857,0.5005893558263779,0.5016147196292877,0.22422969341278076,0.22687605023384094,0.2654673755168915,0.2731000781059265,0.48516690731048584,0.480821892619133,-180.7017822265625,-177.1886749267578,-6.820232391357422,-8.744490623474121,4.405016899108887,4.880582332611084,0.615420937538147,0.6062383055686951,0.4369365805866965,0.40165503918750234,0.8444154262542725,0.8511366844177246,0.7689083405747912,0.7996817877420663,0.38064321875572205,0.3810986876487732,-0.456397571164555,-0.4626669131364897,0.8254690170288086,0.8394356369972229,0.728356880209044,0.7744137867685306,0.7221648693084717,0.7316609621047974,0.8430994832555286,0.8831587228328364,0.8167257308959961,0.816554605960846,0.7096434122974243,0.7250030038082232,0.26332899928092957,0.26564669609069824,-0.9027806405903028,-0.9058927285887531,0.8095534443855286,0.7897213697433472,0.6942923930779032,0.6670575725574368
190,7.916667,190,7.916667,0.0,0.07612547664143231,0.03783193903618563,0.5894268553403365,0.57039047487279,0.058829338847162946,0.07858168975928759,0.05614608803825261,0.07599960834627437,0.16310864428214758,0.14462840587638234,0.11035370165553893,0.08837491446066971,0.08158648840247594,0.08192582047657608,0.5031055957078934,0.5036801099777222,0.5048797726631165,0.5038650631904602,0.5008729994297028,0.5014724135398865,0.22235985845327377,0.22877322882413864,0.26427045464515686,0.27688801288604736,0.4850112497806549,0.48198452591896057,-180.20838928222653,-175.80587768554688,-7.9190592765808105,-6.782451152801514,4.507129192352295,5.117398262023926,0.6130102872848511,0.6062227487564087,0.4243035057096234,0.40137572119233067,0.8467631936073303,0.8503828048706055,0.7699454771518599,0.7940279626261302,0.3832511305809021,0.3806222677230835,-0.44505598677516417,-0.4630659590077068,0.8168290257453918,0.8397923111915588,0.706234203305473,0.7712017210293771,0.7220728397369385,0.7315897941589355,0.8369728704871648,0.8817492508634228,0.8229115605354309,0.8159890174865723,0.7191801465992934,0.7198972446399998,0.2618584632873535,0.26524871587753296,-0.9043798681109465,-0.9051470509947465,0.8102598190307617,0.7890860438346863,0.6922524373890238,0.6619118669173331
191,7.958333,191,7.958333,0.0,0.06890910172617201,0.018598390568925857,0.5812037077392717,0.5782020065096962,0.06867643236795015,0.08009146549974001,0.06472981572280397,0.07847585221904774,0.16352604399844034,0.1428282915105416,0.10684332440491123,0.08737185446454308,0.08150299940916844,0.08198741372471352,0.5031260251998901,0.5037828534841537,0.5043484568595886,0.5041192173957825,0.500970184803009,0.5018486976623535,0.22267206758260727,0.2298513874411583,0.26421645283699036,0.27975720167160034,0.4840715229511261,0.48244334757328033,-180.75668334960935,-174.11505126953125,-7.009190559387207,-6.741592884063721,4.899505615234375,4.971668243408203,0.6158819794654846,0.6041371822357178,0.43592862795350135,0.3918516280640169,0.8328198194503784,0.8458548784255981,0.744192698824613,0.7830980471195138,0.381152868270874,0.3819224238395691,-0.45453818343314295,-0.45941931627117044,0.8170267939567566,0.8363269567489624,0.7104920201899589,0.7625667864834466,0.7212164998054504,0.732092022895813,0.8355249710688012,0.8820271628806347,0.8228998780250549,0.8181304335594177,0.7230245725409928,0.723355972944654,0.2625068128108978,0.265078604221344,-0.9046330785714572,-0.9070302192734647,0.8076677918434143,0.7902101874351501,0.6905208802275637,0.6631919760463408
192,8.0,192,8.0,0.0,0.05994908475056825,0.012597653860011503,0.5702318923333026,0.565801041333769,0.07266018395077889,0.08382173794597622,0.07056949087284671,0.0822035166460089,0.1579186546960412,0.14074534949291778,0.10106170104303609,0.08663461712103783,0.08244897021347979,0.08185605347219752,0.5033388733863831,0.5036788284778595,0.5039621591567993,0.5039845108985901,0.5009426921606064,0.5013692528009415,0.22372183948755264,0.2300485521554947,0.26599425077438354,0.2799600064754486,0.4838477522134781,0.4833980053663254,-180.36695861816406,-173.6356658935547,-6.111299991607666,-6.445169448852539,5.197065353393555,4.848616600036621,0.6137163043022156,0.6067337393760681,0.42837474568586065,0.40275435783636576,0.8380057215690613,0.8507174253463745,0.7567212225937938,0.789791416748297,0.3820514678955078,0.3805467486381531,-0.4516127220868807,-0.4618424258307261,0.8165484070777893,0.8416082859039307,0.7108738701116242,0.7702054113418955,0.7215843200683594,0.7330666780471802,0.8381154017130633,0.885660346770176,0.8189892172813416,0.8168116807937622,0.7160890933768588,0.7168890201704956,0.26291561126708984,0.26524871587753296,-0.9041546892731548,-0.9025676327171053,0.8057546615600586,0.791709840297699,0.6878111212501331,0.6629163274948611
193,8.041667,193,8.041667,0.0,0.032936159492759916,0.021766208555401425,0.5687140839479539,0.578146886217905,0.07246354110025834,0.08292549591764804,0.06947954662220467,0.08256915739516685,0.15280427150777245,0.1380461561262515,0.0973765776200428,0.08936783495335844,0.0823918049220749,0.08158414576753122,0.5032299309968948,0.5035546123981476,0.5033730268478394,0.5040448904037476,0.5019848793745041,0.5010950267314911,0.22612003237009048,0.22856099158525467,0.2724688947200775,0.2791268229484558,0.48142898082733154,0.4838821142911911,-177.78126525878906,-173.96205139160156,-6.057051181793213,-7.3045268058776855,4.902856826782227,4.289383411407471,0.6103463768959045,0.6074979901313782,0.41435660982961314,0.40541205751793574,0.8464802503585815,0.8492470383644104,0.7851916324360451,0.7830550883663691,0.37941038608551025,0.38136446475982666,-0.4687047766276916,-0.4561923082375608,0.8265127539634705,0.8399718999862671,0.7422433881790943,0.7631764852937549,0.7231269478797913,0.7313314080238342,0.845611032446856,0.8772368933411854,0.8163552284240723,0.8146709203720093,0.7203954870061108,0.7089510807126956,0.2624666392803192,0.2650681138038635,-0.9158785013854349,-0.8992997313427992,0.7953659296035767,0.7907971143722534,0.6752494399160265,0.6577844140869907
194,8.083333,194,8.083333,0.0,0.0361433676078466,0.04036392641204979,0.577474828154765,0.5722386721204017,0.07772883639976874,0.08260364185858438,0.07589332467961847,0.08253559595128321,0.1455193990015847,0.13561648474340174,0.0894026505373462,0.08749930434501375,0.08171410145924768,0.08176788769490838,0.5035449117422104,0.5032562613487244,0.5040110945701599,0.5041529536247253,0.5014553070068359,0.5006328076124191,0.22921600192785263,0.22715625911951065,0.27836209535598755,0.27539828419685364,0.4817669987678528,0.48392316699028015,-175.22201538085938,-175.952392578125,-8.0139741897583,-8.025534629821777,5.036151885986328,4.297415733337402,0.6138433814048767,0.6050765514373779,0.43056549085443563,0.3994804764115163,0.8575429916381836,0.8519142866134644,0.8097865260577454,0.7917225110784503,0.3784247636795044,0.38086947798728943,-0.4713374311424618,-0.4580754214963641,0.836918830871582,0.8411134481430054,0.7653420489838579,0.7684848118526079,0.7224830389022827,0.7309646606445312,0.8467705705051626,0.8809821920614382,0.8145764470100403,0.8127158880233765,0.7171948502421605,0.7073882624863189,0.26259374618530273,0.2651238441467285,-0.9150930446333276,-0.90078380455349,0.7970194220542908,0.7909286618232727,0.6793599631908964,0.6605136600387287
195,8.125,195,8.125,0.0,0.037027758851203754,0.05214941112326524,0.5790746281069548,0.5747266645018346,0.08204281884134405,0.07652592361781628,0.082156691435509,0.07518082050997046,0.14489886081421333,0.14333992421305403,0.09124157393140084,0.09412288523719514,0.08116360724612717,0.08227157496626367,0.5035551190376282,0.502793088555336,0.5046159625053406,0.504035234451294,0.5013481378555298,0.5006005764007568,0.22955675423145294,0.22537283599376678,0.2788469195365906,0.27130281925201416,0.4821777939796448,0.48306266963481903,-174.7159423828125,-177.77862548828125,-9.438708305358887,-7.491927623748779,4.661250591278076,4.302338600158691,0.6144988536834717,0.6093339920043945,0.43321184430342236,0.4144937828006296,0.8573780655860901,0.8469192385673523,0.8080322360909842,0.780203217283742,0.37821897864341736,0.38047680258750916,-0.47141557841242315,-0.4579140380694018,0.8372383117675781,0.840854287147522,0.764659212285277,0.7671983823722727,0.7223438620567322,0.730597734451294,0.8461101157323075,0.876753402296065,0.8144999742507935,0.8146129846572876,0.7156898721778925,0.7109301976623988,0.2625226080417633,0.26513737440109253,-0.914373784384088,-0.8975900624970753,0.7968903183937073,0.7911049723625183,0.6777656736210235,0.6605228987695058
196,8.166667,196,8.166667,0.0,0.011943606925083802,0.044720815729192016,0.5740374955403267,0.5781079390491405,0.08034317553193478,0.07768408745956992,0.0779523730103532,0.07648934168443643,0.14163913609471657,0.14308886127080042,0.08795911943251378,0.09434851643474988,0.08230814001414986,0.08226227732889158,0.5035664886236191,0.5025694072246552,0.5039453506469727,0.5036218762397766,0.5018510073423386,0.5003995150327682,0.23154795914888382,0.22350265830755234,0.28166213631629944,0.2681487202644348,0.4827180653810501,0.4830520898103714,-173.18141174316406,-178.74282836914062,-6.144745349884033,-6.234179019927979,4.72231912612915,4.4607062339782715,0.6147834062576294,0.6099718809127808,0.4317940599485502,0.41661681523844396,0.8555533289909363,0.83818119764328,0.8018582817084794,0.7595293361834562,0.3765599727630615,0.3820340633392334,-0.47904697868607127,-0.4500499475645231,0.8365172743797302,0.8319458961486816,0.7609173634775739,0.7461936385438127,0.7208835482597351,0.732452392578125,0.8374651651074071,0.8823130725837359,0.8153164982795715,0.8204089403152466,0.7153207701458141,0.7215190731182444,0.2633606195449829,0.2648082375526428,-0.9118617313970938,-0.8957668015419801,0.7968689203262329,0.7937208414077759,0.6756454909994047,0.6644401302771888
197,8.208333,197,8.208333,0.0,0.01098242022341726,0.05222078573366951,0.5775385516040749,0.5828970874498889,0.08248386611483663,0.08115142030987861,0.08312277000889759,0.0795454451915899,0.1423184719728261,0.1363247508221635,0.08956024392269384,0.08872754556012032,0.08157695928302688,0.08171197706891346,0.5036478191614151,0.5024285167455673,0.5038679242134094,0.503425121307373,0.5019024461507797,0.5003789961338043,0.23032261431217194,0.22317487001419067,0.28094035387039185,0.26820439100265503,0.4826986938714981,0.48490965366363525,-172.4217529296875,-178.01832580566406,-6.906707763671875,-6.566671848297119,4.865026950836182,4.305651664733887,0.6153690814971924,0.6032658815383911,0.4331574397616108,0.3938092928962555,0.857336699962616,0.8356291651725769,0.8044739052274767,0.7551068222897215,0.377618670463562,0.3792587220668793,-0.47445173566859955,-0.4635993139274288,0.8348531723022461,0.8245135545730591,0.7561942032053904,0.7311746681831546,0.7211713790893555,0.7316104173660278,0.8370563674596226,0.8850601525430039,0.8161365985870361,0.8214572668075562,0.7160034192903949,0.7245944134015411,0.2623175084590912,0.2676854729652405,-0.9146124576545653,-0.8906564861031873,0.7953773736953735,0.801063597202301,0.671426375726829,0.6806863941864252
198,8.25,198,8.25,0.0,0.020327690428162612,0.05816897447949163,0.5790330131204362,0.5947080920709762,0.08338301143804579,0.07998312527029391,0.0840460570409595,0.07816224150387403,0.13877142476527513,0.13971658068461865,0.08837565552695908,0.08809617185616886,0.08159403299210664,0.08149038659027139,0.5036287903785706,0.5023431926965714,0.5039499402046204,0.503074586391449,0.5023069530725479,0.5010286271572113,0.22874701768159866,0.22385834157466888,0.27943065762519836,0.27198725938796997,0.4817603528499603,0.48554159700870514,-172.74603271484375,-175.0070343017578,-7.275413990020752,-7.578324794769288,4.625110149383545,4.522467613220215,0.6140740513801575,0.6029263734817505,0.42924668086352086,0.3897342392967855,0.8574084639549255,0.8263683915138245,0.8115152881273472,0.7332637904891471,0.3761034309864044,0.38005948066711426,-0.48469043027016534,-0.4626777331810885,0.835603654384613,0.8203999996185303,0.7644102028150196,0.7204232341278943,0.7209528088569641,0.730270504951477,0.8397194639671057,0.8767947484585241,0.8136802911758423,0.8216908574104309,0.7170490052337152,0.7232004197621573,0.263300359249115,0.26771533489227295,-0.9179158147314928,-0.8923669242801142,0.7931984663009644,0.8014459609985352,0.6728019731753907,0.6796450135547271
199,8.291667,199,8.291667,0.0,0.04670707802614448,0.0564436495074533,0.5669305879522627,0.5988170724836749,0.08095904110401339,0.08014477347510679,0.08150790517350492,0.07845046935051088,0.13623964431191915,0.14130077234141852,0.08799623467073756,0.08671630998510256,0.08188822088024204,0.08137152204639728,0.5033431649208069,0.5021029859781265,0.5042921304702759,0.5027541518211365,0.5017586499452591,0.5019539296627045,0.2273343950510025,0.225330650806427,0.27492788434028625,0.2743068337440491,0.4821837991476059,0.4852578938007355,-176.19366455078125,-174.6525115966797,-8.249665260314941,-7.9165005683898935,4.435596466064453,4.813340187072754,0.6144620180130005,0.6078069806098938,0.4312232767569102,0.40320720316976116,0.8563461303710938,0.8309573531150818,0.8052818116036452,0.7407064545621843,0.37737134099006653,0.37907397747039795,-0.47592812774142,-0.46806475019612503,0.8380213975906372,0.817537248134613,0.7658428494763095,0.7119521186437804,0.7217879295349121,0.7304853200912476,0.8418714414114312,0.8705039859187571,0.8124822974205017,0.8210670351982117,0.7108769399351659,0.7195151506092432,0.26309695839881897,0.2677808105945587,-0.9131623875086323,-0.8919940195593731,0.7933756709098816,0.8004887700080872,0.6697551659719921,0.6754235171416956
200,8.333333,200,8.333333,0.0,0.05243431595647184,0.0461192761391142,0.5774275837894215,0.60568419199821,0.08082675766903849,0.07869921543737429,0.07970110605621991,0.07689334823245732,0.14232835966601992,0.14082484804842815,0.09087209106332139,0.08837153847588651,0.08269234697667321,0.08140671467248586,0.502872109413147,0.5018068850040436,0.5041364431381226,0.5017801523208618,0.5021189749240875,0.5016961395740509,0.2257923111319542,0.22892030328512192,0.2712356746196747,0.2775419354438782,0.4819500893354416,0.48644766211509705,-178.6034698486328,-174.95562744140625,-7.137644290924072,-6.138187885284424,4.611495971679688,5.008864879608154,0.6144769191741943,0.608465313911438,0.42969216578818076,0.406395932800614,0.8568959832191467,0.8352323174476624,0.8065750426260433,0.7467639864635639,0.37666821479797363,0.37748581171035767,-0.479763217261891,-0.47278226481479646,0.8363271355628967,0.8200814723968506,0.7623278073696034,0.7143253304749626,0.7210759520530701,0.7298649549484253,0.8373604407317752,0.8684798691714714,0.8127549886703491,0.8229108452796936,0.7116199433956589,0.7203831479301747,0.2635447382926941,0.26631081104278564,-0.9123830194971543,-0.8959481118938056,0.7930437922477722,0.7996683716773987,0.6692176678831248,0.6706199431069166
201,8.375,201,8.375,0.0,0.052689071425238786,0.04825422059670416,0.5873459846237694,0.6035098285192562,0.08125895216363922,0.07890546007060462,0.07971042910375263,0.07756414058298021,0.14139215996743448,0.13851083185490412,0.08981320465813472,0.08722855088778178,0.08199497156130257,0.0819191621052433,0.5025918334722519,0.5016635656356812,0.5035045146942139,0.5013880133628845,0.5022047013044357,0.5005372166633606,0.2240999937057495,0.2316085696220398,0.26913514733314514,0.28238943219184875,0.48298533260822296,0.48778530955314636,-178.2746124267578,-172.99969482421875,-6.444828033447266,-5.958784103393555,4.631078243255615,4.847588539123535,0.6109628677368164,0.6055546402931213,0.41302574659448144,0.39986488221476574,0.8475635051727295,0.8368090987205505,0.778804474927728,0.7475314355563663,0.38077643513679504,0.377176433801651,-0.46114238531913226,-0.46970915114832346,0.8269407749176025,0.829214334487915,0.7347506181240036,0.7312651374250057,0.7235192656517029,0.7293352484703064,0.840475857310401,0.8711725623930453,0.8186920285224915,0.8205074071884155,0.717129813894645,0.7126168330243048,0.2617267370223999,0.26523077487945557,-0.9132517952007067,-0.8959540176877141,0.7999526858329773,0.7974122762680054,0.6770992112912607,0.6631521921971553
202,8.416667,202,8.416667,0.0,0.06292862479658906,0.062398767369161584,0.5969099418945049,0.6110829597591042,0.08293314077086458,0.07839834429000929,0.082553989676983,0.07739000341188483,0.1354464487716053,0.13833189213320665,0.08647663318236427,0.08805497691347318,0.0815332717981673,0.08218103395829575,0.5025173872709274,0.5014710128307343,0.5038044452667236,0.5014039874076843,0.5016961991786957,0.49954985082149506,0.22383612394332886,0.2334773689508438,0.26845863461494446,0.2867128849029541,0.48350100219249725,0.4879460036754608,-178.51950073242188,-170.94964599609375,-7.46340799331665,-7.002078533172607,4.515718936920166,4.474991321563721,0.6114997863769531,0.6060542464256287,0.41648095499436705,0.40794847556228253,0.8431036472320557,0.8449047803878784,0.7672272552827923,0.7690921415446759,0.38094833493232727,0.3786366283893585,-0.4579921940442377,-0.4631392393404545,0.8279057145118713,0.8326066136360168,0.7348018313663557,0.7425948986658913,0.7232413291931152,0.7304561138153076,0.8403125041457749,0.8844504252785352,0.8199877142906189,0.8187819719314575,0.7179084473468589,0.7128087609147152,0.26260530948638916,0.26351335644721985,-0.9068629232459624,-0.9041009764043358,0.8032166361808777,0.7955573797225952,0.6821266520687552,0.6627697857621138
203,8.458333,203,8.458333,0.0,0.06353658232999553,0.048433531379300385,0.5961218222573668,0.5998640216237209,0.08083583117427152,0.0812904738258373,0.07972714430740266,0.08114524755008225,0.1409019076927611,0.13589299102666472,0.08881194055318646,0.0857862271421871,0.0812861680808156,0.0821615059659723,0.5023589134216309,0.5015802830457687,0.5033642053604126,0.5007347464561462,0.5011737644672394,0.4991830885410309,0.22463319450616837,0.234895721077919,0.27060821652412415,0.2887023389339447,0.4847177118062973,0.4877253472805023,-177.17800903320312,-170.14724731445312,-7.891746520996095,-5.798229217529297,4.748264312744141,4.792038440704346,0.6150302886962891,0.5999842286109924,0.4309523624881367,0.3864653157992481,0.84068363904953,0.8480864763259888,0.7578832356914804,0.777151241156044,0.3826211094856262,0.3819189965724945,-0.4487274408692319,-0.44958325176757863,0.8183603286743164,0.8395888209342957,0.7103549151313172,0.758825281716237,0.7228599786758423,0.729293704032898,0.83909287053287,0.8822298202490725,0.8198634386062622,0.8166172504425049,0.7135551703569941,0.7092850203504076,0.26227131485939026,0.26335063576698303,-0.9042571408168564,-0.9041669893195329,0.8064962029457092,0.7933411598205566,0.6850951323608631,0.6590880338884623
204,8.5,204,8.5,0.0,0.05546526455865352,0.051058352665020366,0.6005579382947854,0.5922010202933388,0.07988190175884122,0.08389418218807082,0.07843918093493199,0.08496384815433748,0.14424100432167494,0.13038378733773248,0.08886695587856942,0.08267231890573154,0.08170282258698305,0.08246143984410419,0.5024667680263519,0.5014250129461288,0.5029149055480957,0.5010093450546265,0.5006792545318604,0.4992678761482239,0.22577182948589325,0.23482045531272888,0.27395200729370117,0.2888041138648987,0.4853408485651016,0.486684113740921,-175.59136962890625,-170.0048065185547,-7.240890026092529,-6.279315948486328,5.109302043914795,4.40159273147583,0.6112053394317627,0.6039541363716125,0.42013575580784623,0.4011731344250558,0.8310595750808716,0.8431533575057983,0.7392141792470074,0.7683989235306167,0.38266319036483765,0.38085052371025085,-0.44860693619233744,-0.4537926977856121,0.8191872239112854,0.8403784036636353,0.7138287729833476,0.7624172811239812,0.7215128540992737,0.7299919724464417,0.8394406745344187,0.8841686454538654,0.8228263258934021,0.8163477778434753,0.7216098839807695,0.7106172806051223,0.2624449133872986,0.2627548575401306,-0.9055850034568913,-0.9063526465160892,0.8088566064834595,0.7929057478904724,0.6917398946631366,0.6600860471359566
205,8.541667,205,8.541667,0.0,0.043164575583426616,0.04654019501168892,0.6093532318522181,0.5963486302190838,0.07451595897131273,0.08535919469011093,0.07280622166827373,0.08678154724551737,0.14566624209842852,0.13020413016479737,0.09407498749898403,0.08257868834535645,0.08210702275424583,0.08205037095303853,0.5018439143896103,0.5013803988695145,0.5019306540489197,0.5011863112449646,0.5002083480358124,0.4998817890882492,0.22937683016061783,0.23386340588331223,0.2782374620437622,0.2872444987297058,0.484867125749588,0.487298920750618,-175.10350036621094,-170.748779296875,-6.036086559295654,-6.442341327667236,4.917646884918213,4.322442054748536,0.6103019118309021,0.6103783249855042,0.41958317840717396,0.4227491109976734,0.8392906188964844,0.8424952030181885,0.7598032844032759,0.7644075683293776,0.3796307444572449,0.3783729672431946,-0.4595394354603684,-0.4648810570960863,0.8244180679321289,0.8341859579086304,0.7279199208885192,0.7465254840679625,0.7222490310668945,0.7317981719970703,0.8462305361944922,0.8872897589447039,0.823043167591095,0.8156435489654541,0.7249724475549391,0.7066209061238021,0.2624649107456207,0.2626093626022339,-0.906076101318053,-0.9077814661492544,0.8072509169578552,0.7933253049850464,0.6911174573207503,0.6585904636272398
206,8.583333,206,8.583333,0.0,0.054216748825541464,0.054636510304207325,0.6111400819191015,0.6015025476510422,0.074374993184798,0.08513932612408777,0.07229902705182577,0.08624050926073971,0.14848265094467622,0.1322428725391558,0.09575320151875201,0.08146337889847244,0.08175071721210549,0.08200877736939736,0.5014979690313339,0.5014677792787552,0.5014936327934265,0.5014594793319702,0.49945876002311707,0.49968695640563965,0.2324972227215767,0.23303061723709106,0.2829679250717163,0.28577375411987305,0.48529985547065735,0.48856426775455475,-173.171142578125,-171.5242462158203,-6.519031524658203,-7.1784772872924805,4.836709022521973,4.570894718170166,0.6102155447006226,0.6061771512031555,0.4212230719463997,0.4071536637256383,0.8442568182945251,0.8360514044761658,0.7679036295368314,0.7473258158560792,0.3797801733016968,0.3763478100299835,-0.45515389501225484,-0.471573795344514,0.8248323202133179,0.8279334306716919,0.7263495043259791,0.729866834629424,0.7223601937294006,0.7318466305732727,0.8477243802301049,0.8876372335165194,0.8210746645927429,0.8184314370155334,0.7183108877550983,0.7094313007321307,0.26280683279037476,0.26279255747795105,-0.9000193718268624,-0.9057399380561685,0.8052773475646973,0.7970399856567383,0.6845162595987069,0.6634256154861048
207,8.625,207,8.625,0.0,0.061068529631313505,0.06248490721835529,0.61685154073748,0.6013985492882037,0.0749535190030037,0.08650393515074781,0.07376240539492411,0.08798148056564081,0.14693584265924317,0.13920655457649567,0.09552699511738716,0.08645662813380875,0.08174617606840828,0.08127660793986881,0.5015566647052765,0.5017251372337341,0.5013889074325562,0.5018736124038696,0.49949029088020325,0.4998152554035187,0.2347113937139511,0.23131201416254044,0.2861780524253845,0.28445449471473694,0.48479287326335907,0.4895179271697998,-172.61166381835938,-171.30946350097656,-6.427061557769775,-8.806697845458984,4.788023471832275,4.634391784667969,0.6084026098251343,0.6106801629066467,0.4147416237313952,0.4227436810494178,0.847206175327301,0.8344254493713379,0.7762958688600575,0.7397895948144042,0.37999269366264343,0.3756960928440094,-0.455050704843317,-0.47328404317387424,0.83697509765625,0.8293308615684509,0.7543807148500041,0.7288622510951742,0.7225843667984009,0.7341147661209106,0.849549437451169,0.8934174019488822,0.8170691728591919,0.8257397413253784,0.7117418627499541,0.7211596838313612,0.2628484070301056,0.2636294364929199,-0.9011399270680351,-0.9006101637267009,0.7990562319755554,0.7974476218223572,0.6731578165398614,0.6604761258446186
208,8.666667,208,8.666667,0.0,0.05080756648920108,0.06397886404115365,0.6093788314593612,0.5859001437391063,0.0775870058282283,0.08400077204677184,0.07682845315639804,0.08274451594911666,0.1428574150988153,0.14747550991703337,0.09115063099787292,0.08608215937057367,0.08210998958425975,0.0821941445653701,0.5014645606279373,0.5026556700468063,0.5011239051818848,0.5029816627502441,0.5002659559249878,0.49979835748672485,0.23600247502326965,0.22924326360225677,0.2889727056026459,0.2797667682170868,0.4839460998773575,0.48868806660175323,-170.931396484375,-173.761474609375,-6.191934108734131,-9.07883358001709,4.730315208435059,5.405452251434326,0.607661247253418,0.6047649383544922,0.412464114696082,0.40150445840898263,0.8596335649490356,0.8434923887252808,0.8116151799453095,0.763397528622405,0.3794611692428589,0.37794655561447144,-0.4639648421597301,-0.4660916008925765,0.8386756181716919,0.8217579126358032,0.7663387485324787,0.7166335962291764,0.7227569818496704,0.7343552112579346,0.8545026779172541,0.8971962481864886,0.8133310675621033,0.8252055644989014,0.7115857319533665,0.7240515693138538,0.26382410526275635,0.2650366723537445,-0.9080824438779056,-0.897979742364283,0.7973153591156006,0.7978742122650146,0.6769862488689897,0.6652453895458594
209,8.708333,209,8.708333,0.0,0.052921280660659785,0.05986195852214198,0.5991173445250993,0.5934871325607451,0.07718027408650381,0.08417900878103464,0.0774925513261246,0.08211919510170312,0.1403786367764712,0.15082714212695167,0.08910721505699361,0.08117877109631394,0.08251000386031804,0.08123403440279876,0.5014871507883072,0.5037092715501785,0.5011706948280334,0.5038700699806213,0.500123456120491,0.5001626014709473,0.2359788864850998,0.2287539541721344,0.2884140908718109,0.27867886424064636,0.48443713784217834,0.487270250916481,-171.35842895507812,-174.2261199951172,-6.122923851013184,-9.38933277130127,4.712813377380371,6.168179035186768,0.6098792552947998,0.60323166847229,0.4184944655923915,0.39385163099696957,0.8527820110321045,0.8396497964859009,0.7900223884357769,0.7574213129071682,0.3791603446006775,0.3799450397491455,-0.46122749861700907,-0.45938014320041953,0.835722804069519,0.8234099745750427,0.753433972496422,0.7225146692391191,0.723875880241394,0.7339727878570557,0.8531590299731345,0.8934448126000263,0.8147644996643066,0.8260303139686584,0.7084828114815309,0.7281469510464178,0.2628927230834961,0.2639209032058716,-0.904551281948549,-0.9027362028025523,0.7981895208358765,0.794856071472168,0.6729329631860804,0.6611395552498686
210,8.75,210,8.75,0.0,0.053902431233163066,0.0530988675971608,0.6070994727508319,0.6012372305413317,0.08154188179467989,0.08393517888375558,0.0833702356878063,0.08285019544772627,0.13342515207736153,0.14822585031440086,0.08211252122349867,0.07468368983225164,0.08196822914506843,0.08184903405660476,0.5015315562486649,0.5047625154256821,0.5016595721244812,0.504111111164093,0.49945345520973206,0.5005009174346924,0.23437320441007614,0.22951391339302063,0.2867671251296997,0.27995556592941284,0.48526276648044586,0.4875989258289337,-171.6244049072266,-173.68124389648438,-7.241544723510742,-7.9216227531433105,4.671172618865967,6.984312057495117,0.6082230806350708,0.6023138165473938,0.41275220110658556,0.3895632408669999,0.8476683497428894,0.8357985019683838,0.7735692032584593,0.7494211249163684,0.38006389141082764,0.3829459249973297,-0.4530520819066198,-0.4497966783491937,0.8374410271644592,0.8246274590492249,0.75173857441648,0.7253779722974454,0.7243945002555847,0.734516441822052,0.8535922698899204,0.895405659675959,0.8194186687469482,0.8255005478858948,0.7132691299990734,0.7272570992779649,0.2618440091609955,0.2636474072933197,-0.9016655291109005,-0.9062645482598494,0.7986547946929932,0.7925528883934021,0.6689478108740169,0.6563446865921534
211,8.791667,211,8.791667,0.0,0.056389286287955094,0.04808123632358237,0.604914452509561,0.5932161684858055,0.08374747903892697,0.08180734679628722,0.08519429349457684,0.08157197491245077,0.13612090849819547,0.15130997863310974,0.08541520460916285,0.07343807935123021,0.08199604244473868,0.08259175460194057,0.501724898815155,0.5053839385509491,0.5020005106925964,0.5043724775314331,0.49953973293304443,0.4999791085720062,0.2328132688999176,0.2304994910955429,0.284774512052536,0.2813117206096649,0.4848310798406601,0.4866468608379364,-172.0131072998047,-173.31153869628906,-7.484014987945557,-7.748648166656494,4.54008150100708,7.670138359069824,0.611747682094574,0.5940665602684021,0.4276150698172701,0.35931417780370106,0.8491634130477905,0.8300710916519165,0.7809974557211614,0.7377277310705964,0.3807447552680969,0.3853631019592285,-0.4527176821938907,-0.4377114635021128,0.8272057175636292,0.826481819152832,0.7339280557706482,0.7300174252174898,0.7231937050819397,0.7334773540496826,0.8523265029796038,0.8917154049739441,0.8153514266014099,0.8238480687141418,0.708516720467591,0.7243597267763057,0.2616034150123596,0.2627297043800354,-0.9067553231300043,-0.9060408488555274,0.7995772361755371,0.7924997806549072,0.6747025308780443,0.6570188132709527
212,8.833333,212,8.833333,0.0,0.05902401454709547,0.055633404627355505,0.5984578950437088,0.6124342575636642,0.08335435169828187,0.08244501611384326,0.08379501063163866,0.0810410270613428,0.14377719545824652,0.15233365331855028,0.08923078349964632,0.07505602743411455,0.08187130277699495,0.08174775958791572,0.5020320564508438,0.5055242329835892,0.5024615526199341,0.5045831203460693,0.4987269639968872,0.4995894730091095,0.23077527433633804,0.23429283499717712,0.2820095419883728,0.2856760323047638,0.4860139340162277,0.488675594329834,-172.73947143554688,-173.47314453125,-8.400590896606445,-8.118792533874512,4.830075740814209,7.363884449005127,0.6101728081703186,0.5885210633277893,0.42343680322935573,0.33829733817175567,0.8380343914031982,0.8480280637741089,0.7523417339354727,0.7689280118187889,0.3813987076282501,0.3884604573249817,-0.44578693959997767,-0.42273673578612575,0.8256540298461914,0.836329460144043,0.725882298169478,0.7438958086333379,0.7241894602775574,0.7343619465827942,0.856641352409956,0.8930786304548278,0.8240320086479187,0.8170398473739624,0.7224156978194675,0.7026206683261348,0.26169353723526,0.2602516710758209,-0.9006049281680694,-0.9104452200592601,0.8079796433448792,0.7921665906906128,0.6881084179656194,0.6493978705572377
213,8.875,213,8.875,0.0,0.061219102910825544,0.04656184937944997,0.5980964053594364,0.5866192614048872,0.08454835995722654,0.07910028032541704,0.08237226159065465,0.07868489593706535,0.1491760864077738,0.1503236384084835,0.08394344107432257,0.07434129530643156,0.08176913322640782,0.08243752409264891,0.5028825998306274,0.5057418346405029,0.5033826231956482,0.504102349281311,0.4988158047199249,0.49928002059459686,0.22966817766427994,0.23771072924137115,0.2780393362045288,0.29262712597846985,0.4859638661146164,0.4884011745452881,-175.4151153564453,-171.0990905761719,-8.546571731567383,-8.26193904876709,5.807736873626709,7.3720431327819815,0.611579179763794,0.5843378305435181,0.4273158399162427,0.3237681938516044,0.82961106300354,0.8499854803085327,0.7325145546187539,0.7741980711788764,0.3808077275753021,0.39066267013549805,-0.4471905934204031,-0.4134463772369345,0.825804591178894,0.839085578918457,0.7244007214824963,0.7508599934533404,0.7252772450447083,0.7343697547912598,0.8581736804470391,0.8948570234716309,0.8255235552787781,0.8186521530151367,0.7238016684738612,0.7071094249972935,0.2610704302787781,0.26006582379341125,-0.9009340517344147,-0.9105565789724922,0.8103148341178894,0.7930924296379089,0.6913829270776084,0.6523828004643354
214,8.916667,214,8.916667,0.0,0.06330162064679894,0.034503938415950446,0.6123197256453412,0.5624667092228234,0.085562993657783,0.07826800585241622,0.08360644730427899,0.07971372055311715,0.15058616633952895,0.1516888798804676,0.07889457334998788,0.07605744088087403,0.08143722463481066,0.0830119561313407,0.5038226693868637,0.5057160407304764,0.5039355158805847,0.5034825205802917,0.49898406863212585,0.4993176907300949,0.22918766736984253,0.24081798642873764,0.27833035588264465,0.2988433241844177,0.4848167300224304,0.4877883493900299,-174.63417053222656,-169.24742126464844,-8.400106430053711,-7.785633087158204,6.399408340454102,7.338857650756836,0.6097848415374756,0.5872373580932617,0.4205421644376368,0.33566612927099554,0.8307145237922668,0.8510525226593018,0.7384771713832526,0.7801292812307068,0.3822423219680786,0.3922020494937897,-0.4430910140335156,-0.4089539207382658,0.8235571384429932,0.842710554599762,0.7231964561476169,0.7622144577352603,0.724673867225647,0.7349334359169006,0.8566012122775644,0.8995510055272298,0.824004054069519,0.8172567486763,0.7241506021227236,0.7075510453184874,0.2609131336212158,0.26033368706703186,-0.9035935731667274,-0.9124105888152255,0.8092900514602661,0.7923513054847717,0.6927368283944147,0.6540652712580299
215,8.958333,215,8.958333,0.0,0.06035508687379711,0.03105868395270321,0.6132522123071281,0.5424681110680862,0.08604621358198163,0.0791455495956639,0.08451842141163836,0.07941104144258634,0.1493645311652897,0.14813667142751066,0.07359244196979957,0.07726378964045169,0.0818252300564405,0.0826346120677753,0.5046531558036804,0.5053878873586655,0.504362940788269,0.5037557482719421,0.4989844858646393,0.49945543706417084,0.22964952886104584,0.24326781183481216,0.2796790301799774,0.30507704615592957,0.48451556265354156,0.48870280385017395,-174.1893768310547,-166.35757446289062,-8.302446365356445,-8.988269805908203,6.994655132293701,6.20137357711792,0.6091727614402771,0.5928715467453003,0.41844616920383704,0.3547727847504722,0.8342173099517822,0.8545159101486206,0.7470067719361748,0.7814663965378066,0.3819279670715332,0.38918960094451904,-0.4445287088251873,-0.4187641497439748,0.8254820704460144,0.8445996046066284,0.7283472052748509,0.7602827390213196,0.7242490649223328,0.7366399765014648,0.8554548990949767,0.9007720386040123,0.8245118260383606,0.819826602935791,0.7262746415872223,0.7073615396060635,0.26170963048934937,0.2601551413536072,-0.9010645984021228,-0.9088071917214279,0.8081350326538086,0.794822633266449,0.6912917578716697,0.6539469359731912
216,9.0,216,9.0,0.0,0.059983338636042584,0.03215549488179792,0.6119281390319853,0.5381556718375723,0.08224906777354182,0.08104247249134447,0.08063278055100984,0.08024155696168317,0.15255513292569228,0.14965237036620882,0.07391950405897145,0.08014056793003166,0.08236477076271827,0.08125870169945494,0.5051641911268234,0.5052716732025146,0.5044360160827637,0.5037479400634766,0.4985615164041519,0.49937601387500763,0.2309134230017662,0.24682461470365524,0.2810364365577698,0.3099394142627716,0.48326361179351807,0.48819972574710846,-174.19941711425784,-165.6543426513672,-7.658277511596681,-10.131678581237793,7.4974584579467765,5.686919689178468,0.5971388220787048,0.5942936539649963,0.3749928138370287,0.3603983381787492,0.8397365808486938,0.8556921482086182,0.7627726833733911,0.7848863261913197,0.38850122690200806,0.3876813054084778,-0.4186746368214136,-0.42410017017419527,0.8256011009216309,0.8443557024002075,0.7325259076267912,0.7606740683084723,0.722481906414032,0.7365269064903259,0.8518039375361599,0.9004520920993949,0.8225610256195068,0.8156875371932983,0.7260208242203144,0.6994449122970895,0.26141801476478577,0.26003843545913696,-0.9021052904052731,-0.90875484728685,0.808982789516449,0.7945881485939026,0.6969664260277721,0.6543810671931887
217,9.041667,217,9.041667,0.0,0.058826068474569414,0.0320387544617031,0.6139110930431719,0.5361159859493708,0.08015575317322372,0.08654714662495887,0.0782943980642152,0.08635010056599701,0.1525960576851959,0.14174081423886958,0.07456304609162429,0.07654283627176048,0.08237053019376955,0.08248279925073981,0.5054064989089966,0.5052613317966461,0.504625678062439,0.503631055355072,0.49909329414367676,0.4997177720069885,0.23403925448656082,0.2472449541091919,0.2857895791530609,0.3108402192592621,0.48354223370552063,0.48774999380111694,-173.48995971679688,-165.5337371826172,-8.079568862915039,-8.8793306350708,7.210781097412109,5.556467056274414,0.6034389734268188,0.5946739912033081,0.39574507972620393,0.36029764303807293,0.8528931736946106,0.8536104559898376,0.7879574912528925,0.7808650988764878,0.395066499710083,0.38843074440956116,-0.3945356658714573,-0.42226253407549486,0.8346906900405884,0.8458017706871033,0.7491250914896246,0.7641988273025188,0.722216010093689,0.7354926466941833,0.8462230311689608,0.8946136688715788,0.8164312839508057,0.8135772943496704,0.7101712558375535,0.6954213246695811,0.26078110933303833,0.2604394853115082,-0.9038311430385086,-0.9079068591424219,0.8042852878570557,0.7948979139328003,0.6842595074849397,0.6555534576994494
218,9.083333,218,9.083333,0.0,0.055932036852126756,0.03538311673716786,0.6039653940652366,0.5354422920947741,0.08194542973112431,0.0862595393069946,0.08113294211113287,0.08634978785862303,0.1495056240121944,0.14105228867737346,0.07165503915686829,0.07841122664374309,0.08242358198567935,0.08229433527451738,0.50586998462677,0.5049532055854797,0.5042065978050232,0.5036224722862244,0.4986549913883209,0.499369814991951,0.23621142655611038,0.24713826179504395,0.291340708732605,0.30970749258995056,0.4830387979745865,0.4878540337085724,-170.39260864257812,-166.40267944335938,-7.920844554901124,-9.06859016418457,7.341400146484375,5.296578407287598,0.602191686630249,0.5944355130195618,0.39307870017574753,0.3607061725727558,0.8537021279335022,0.8534640073776245,0.791566420257782,0.7803156086624079,0.3913974165916443,0.3877353072166443,-0.4072050782243563,-0.4235729275871855,0.837440550327301,0.8454068303108215,0.7568391685091088,0.7631193025444729,0.7234920263290405,0.7357892394065857,0.853597357336527,0.8970422294452494,0.812326967716217,0.8131335973739624,0.7032081047362041,0.694239049771542,0.2606842517852783,0.2596263289451599,-0.9034596747023168,-0.9096546603599505,0.8020389080047607,0.7955218553543091,0.6812375402401197,0.6566505861534491
219,9.125,219,9.125,0.0,0.03317299101709909,0.04370952042747537,0.5823909670078331,0.5393512756103999,0.07950010161466094,0.08441813478581893,0.07933379257717006,0.08432808189302256,0.151976137343112,0.13975962931419383,0.07786598650130953,0.0783751707420745,0.08338082245487598,0.08251314662082017,0.5057553946971893,0.5047962367534637,0.503864586353302,0.5032663941383362,0.4992532432079315,0.49923722445964813,0.23874564468860626,0.24650494754314423,0.296091228723526,0.30852416157722473,0.48295941948890686,0.48923809826374054,-169.4214324951172,-166.86888122558594,-7.178008556365968,-8.633255958557129,7.02435064315796,5.350462913513184,0.5870304703712463,0.5949600338935852,0.33358889616951715,0.36328850501913185,0.8643060326576233,0.8527655005455017,0.8152149756723324,0.7760610725937844,0.3945891559123993,0.3869166672229767,-0.3977657813745418,-0.42628050265895656,0.8406368494033813,0.8457080125808716,0.7646167220508846,0.7609946934287731,0.7251486778259277,0.7364543080329895,0.8584938385413556,0.9002894938623109,0.8200874328613281,0.81526118516922,0.7206876781629322,0.6959965739201639,0.26069527864456177,0.25997066497802734,-0.9066165638050674,-0.9080676926343122,0.8036836385726929,0.7949357032775879,0.6856208431625453,0.6526055800671623
220,9.166667,220,9.166667,0.0,0.029974313739473252,0.05346561361629936,0.56350933393191,0.5528453986110227,0.07998087214865586,0.08701583967024791,0.08013465922402516,0.08695231943111119,0.15162473949615723,0.13528908186765412,0.07809425871513635,0.0761836179421995,0.08341905490305183,0.08289999501195405,0.5054903477430344,0.5047495514154434,0.5038021206855774,0.5032399296760559,0.4990902543067932,0.49904167652130127,0.24145953357219696,0.24590248614549637,0.30031150579452515,0.30805501341819763,0.48432232439517975,0.4889183044433594,-168.1554718017578,-166.75376892089844,-7.471909046173096,-8.668055534362793,6.705318450927734,5.2010178565979,0.5909542441368103,0.5946467518806458,0.35077362705620785,0.3635844144145832,0.859926700592041,0.852862536907196,0.8067422464619536,0.7785413400407408,0.3867051303386688,0.3873730003833771,-0.42913156324263274,-0.4246740046954061,0.849299430847168,0.8464742302894592,0.7839164541893883,0.7648756177923243,0.7255457043647766,0.7359762787818909,0.8646979053540853,0.901058111127243,0.819647490978241,0.8127470016479492,0.7202285045865986,0.6927270866707855,0.2607094645500183,0.2598872780799866,-0.9102336443064515,-0.9094999568290023,0.8009980320930481,0.7954350709915161,0.6801722451024045,0.6556937928589621
221,9.208333,221,9.208333,0.0,0.02274246944482669,0.0602785939475004,0.5500656381200604,0.5598053696045352,0.0787092551488581,0.08645006432009497,0.07826816117754776,0.08674978961636053,0.1506635662231403,0.13405853101180637,0.08017289607956346,0.07577002229475589,0.08205970475003696,0.0828370071504649,0.5053886622190475,0.5046627223491669,0.5038776993751526,0.50328528881073,0.5000098049640656,0.498990535736084,0.2453235238790512,0.24559076130390167,0.3074106276035309,0.30760839581489563,0.4846237003803253,0.4885401725769043,-166.034423828125,-167.22970581054688,-9.160429000854492,-9.767142295837402,5.97009801864624,5.052685737609863,0.5880070328712463,0.5939654111862183,0.3361621050807474,0.36134942968252004,0.8678814172744751,0.8541821241378784,0.8235561190911008,0.7825231346350856,0.3868895173072815,0.386433869600296,-0.4321358175754664,-0.42824259492172145,0.847547173500061,0.8500562310218811,0.7798612627338212,0.7736931664092949,0.724218487739563,0.7358331680297852,0.8565095125347957,0.901111474989723,0.8178555965423584,0.8116821050643921,0.7160590773867384,0.6915673567068259,0.26097285747528076,0.26059073209762573,-0.9131556228642153,-0.907036020556949,0.7977702021598816,0.7958189249038696,0.6728989563535712,0.6576180097801424
222,9.25,222,9.25,0.0,0.026384105521086727,0.08156734034002015,0.5404581419319519,0.5694913359348353,0.0807871553206379,0.08704605597861802,0.08104138918765619,0.08802969758173913,0.14765864218129413,0.1314260747072052,0.08146368432416908,0.07144638214629681,0.08287522608595936,0.08295289836089166,0.5047921389341354,0.5045548528432846,0.5033478140830994,0.5029951930046082,0.5000745505094528,0.49890314042568207,0.24625742435455322,0.24557246267795563,0.3099573850631714,0.308980792760849,0.4850173592567444,0.4887305051088333,-165.3415069580078,-166.14520263671875,-8.698564529418945,-11.142147064208984,5.547739028930665,5.073148250579834,0.5877568125724792,0.5940688848495483,0.3350362605833686,0.3617677131117249,0.867730438709259,0.8543522953987122,0.822575743936913,0.7818145578798685,0.3867630958557129,0.386017382144928,-0.4329660886390301,-0.4291294400453368,0.847145676612854,0.849219024181366,0.7783323488080156,0.7708380070455074,0.7242091298103333,0.735343337059021,0.8564242019944251,0.8988153220632844,0.818021297454834,0.8118027448654175,0.7157345199413345,0.6908302158038657,0.260827898979187,0.26036542654037476,-0.9141678328072306,-0.9067889266838425,0.7980940341949463,0.7954374551773071,0.6729043051389615,0.6558360714123569
223,9.291667,223,9.291667,0.0,0.029516269742285852,0.09374152395355974,0.54504661481346,0.5692476927493697,0.07980729765419085,0.08599698543593805,0.08005612103664794,0.08799469739247284,0.14539689747151097,0.13204563267084626,0.081961493084192,0.07374584209131839,0.0827902392537582,0.08288049876793217,0.5048565119504929,0.5040503591299057,0.5031179189682007,0.5023126006126404,0.49999913573265076,0.4984012395143509,0.2468228116631508,0.24581584334373474,0.3101755380630493,0.3093147873878479,0.48503826558589935,0.48970890045166016,-165.80450439453125,-166.2082977294922,-7.923281192779542,-11.444281578063965,5.572864532470703,5.065036296844482,0.5900222063064575,0.5943527221679688,0.34405329650993255,0.3643399958270443,0.8657132387161255,0.8531177043914795,0.8183682160064604,0.7761990917458569,0.38800355792045593,0.38588640093803406,-0.42802858750778655,-0.42723316705132924,0.8461759090423584,0.8489851951599121,0.7763672157852527,0.7673725309212458,0.7250159978866577,0.7353342175483704,0.8599772558406019,0.8996646830339413,0.8171626329421997,0.8109709024429321,0.7139949962317828,0.6861784069473883,0.2606838047504425,0.2597696781158447,-0.9146236404176964,-0.9061144203263086,0.7995579838752747,0.7963358759880066,0.676148838046357,0.6549196864132788
224,9.333333,224,9.333333,0.0,0.03287706441637379,0.10196833986830409,0.5493329544551585,0.5758300153547794,0.08177140789627141,0.08700020137298871,0.08283912514115634,0.08841338612429478,0.1437306291409675,0.1342661617602346,0.08184783764529244,0.07563022818192681,0.08276254847775028,0.08281634480041619,0.5045368522405624,0.5040320307016373,0.5028748512268066,0.5026835203170776,0.49975529313087463,0.49836793541908264,0.2466263622045517,0.24604669958353043,0.3097513020038605,0.3100219666957855,0.48551568388938904,0.4895581007003784,-166.0046844482422,-165.65785217285156,-7.935680866241454,-12.591440200805666,5.360693454742432,4.779295921325684,0.5911104679107666,0.5939365029335022,0.3490005967211368,0.3628807565538774,0.8647207617759705,0.8539919257164001,0.8148725489748382,0.778377131582224,0.3878799378871918,0.3861020505428314,-0.4273930385717845,-0.42628167711039255,0.846565842628479,0.8486959934234619,0.7758595027239827,0.7670657979346139,0.7255842685699463,0.7355247735977173,0.8627255913532188,0.9005016513112806,0.8177763819694519,0.8113784790039062,0.7139939250751282,0.6873610673696204,0.2606338858604431,0.25967350602149963,-0.9135061481437546,-0.9063399962746327,0.7998400926589966,0.796079158782959,0.6754506917644909,0.6546839661477036
225,9.375,225,9.375,0.0,0.04094635741549348,0.0956382174584146,0.5430819052459352,0.5787720654586288,0.08265862840006538,0.08779829994624562,0.08378179560338041,0.08845971321472745,0.1403752642638883,0.13517846601944708,0.08144880255435516,0.07727862164849406,0.08307828229686046,0.08258295916310093,0.5045218765735626,0.5039742290973663,0.5027058124542236,0.5028851628303528,0.49964120984077454,0.4981282949447632,0.24604089558124542,0.2462337166070938,0.3079632520675659,0.31075847148895264,0.48543721437454224,0.48928290605545044,-166.77207946777344,-164.40016174316406,-7.527278900146484,-12.221324920654297,5.343732833862305,4.461875915527344,0.5921929478645325,0.5945148468017578,0.354121799410691,0.36602900249053116,0.8599280714988708,0.854510486125946,0.8059940385608244,0.7801626356043593,0.388115257024765,0.3859170079231262,-0.42672100962662746,-0.4261236102485171,0.8471432328224182,0.8482270240783691,0.7784780029590216,0.7667405322932913,0.7255295515060425,0.7361629605293274,0.8642948012047899,0.9039392894908552,0.8185651302337646,0.8104662299156189,0.7169710799417065,0.6860796996945081,0.2609326243400574,0.2598413825035095,-0.9133476651793994,-0.9048971997341058,0.8019021153450012,0.7965355515480042,0.6811082800647663,0.6563223775641881
226,9.416667,226,9.416667,0.0,0.05772112846444589,0.08330745141430776,0.5628240785092516,0.5819493972238179,0.08434078093370526,0.08965539419518671,0.08527292873047511,0.0909271669943273,0.14005160052242513,0.13268491134454857,0.0817050433869294,0.07443630433947089,0.0829607415086134,0.08275704867845288,0.5044973492622375,0.5038147419691086,0.5029267072677612,0.5024263262748718,0.4995589554309845,0.49794743955135345,0.24557232111692429,0.24618516862392426,0.30793121457099915,0.31072843074798584,0.48568016290664673,0.4895533621311188,-166.6446990966797,-164.3916778564453,-8.492818832397463,-11.106567382812502,5.090281963348389,4.7306365966796875,0.5927098989486694,0.5949788093566895,0.3564304051053406,0.36892288876305557,0.8587679266929626,0.8544485569000244,0.8030101198388565,0.7803943370194075,0.38827240467071533,0.38581499457359314,-0.4258240321820049,-0.4263386738562231,0.8476414084434509,0.8474153280258179,0.77906211719665,0.7653525056577524,0.7261648178100586,0.7362883687019348,0.867078918118357,0.9061958443862737,0.818909227848053,0.8113453984260559,0.7172208186534025,0.6882104407583501,0.26104021072387695,0.2599885165691376,-0.9126620685815306,-0.9047434190578316,0.8013802170753479,0.7965158820152283,0.6794925026711381,0.6564948391454664
227,9.458333,227,9.458333,0.0,0.07326402315251074,0.05032154390192868,0.5746535258507189,0.5759300909450398,0.08310104133528426,0.08785509375107567,0.08464970870592313,0.08914268239348294,0.1370478641883463,0.13404623719976888,0.0783855312769625,0.07621017316213757,0.08336261349945433,0.08290982312655996,0.5044844895601273,0.5035984069108963,0.5030041337013245,0.502284586429596,0.49967893958091736,0.49812740087509155,0.24549881368875504,0.24570921063423157,0.3088074028491974,0.3089698851108551,0.4854437857866287,0.489511638879776,-166.01515197753906,-164.01747131347656,-10.372822761535645,-8.659513473510742,5.067359924316406,4.892826557159424,0.591762900352478,0.5948809385299683,0.3520912293552824,0.3689515594923348,0.8593039512634277,0.8538549542427063,0.8040868066903504,0.7815123217117754,0.38770580291748047,0.3864889442920685,-0.42813926564692834,-0.4257124199690449,0.8481650352478027,0.8462307453155518,0.7801295728471215,0.765158479144523,0.7262906432151794,0.7360907196998596,0.8664700415832253,0.9074287071088256,0.8207622766494751,0.8098253011703491,0.7211925726247664,0.6870692101029743,0.26052653789520264,0.2600298225879669,-0.9144205180496224,-0.9079406805127311,0.7988554239273071,0.7961648106575012,0.6740759956887382,0.6577676112914714
228,9.5,228,9.5,0.0,0.09005917362230857,0.05335646709923446,0.5691380765784672,0.5863755388884647,0.08257551120702347,0.08821721494503863,0.0840079660160397,0.08868327563409412,0.13717998766851086,0.13038927004741752,0.077624358622142,0.07417079291656228,0.08269025011824263,0.08293418600287532,0.5043710768222809,0.5032985210418701,0.5029616355895996,0.5018298625946045,0.4997178018093109,0.498175248503685,0.24559081345796585,0.24547987431287766,0.3089931905269623,0.30837148427963257,0.48545338213443756,0.48972320556640625,-166.27835083007812,-164.33445739746094,-12.058015823364258,-7.798827171325684,4.966274738311768,4.7928876876831055,0.5917605757713318,0.5944280624389648,0.3524649415509709,0.36722033546962807,0.8594176173210144,0.8542814254760742,0.8055246283946493,0.7823529236838029,0.3874795734882355,0.3863988518714905,-0.4298006120642978,-0.4264453597840816,0.8482431769371033,0.8458192348480225,0.781454714507624,0.764192807639056,0.7261088490486145,0.7365356683731079,0.8669328812904921,0.9093842534929563,0.8195202350616455,0.811259388923645,0.7195850625365318,0.6900263370333511,0.2605246901512146,0.2596580386161804,-0.9159565981220102,-0.9099824332311295,0.7971787452697754,0.7967507839202881,0.6714611550366603,0.6588904335670617
229,9.541667,229,9.541667,0.0,0.08512897010270666,0.05212782150999305,0.5809428730039777,0.5789332793576591,0.08313511002119488,0.08724452092802977,0.08485122722005875,0.08867775333747688,0.13663077306606558,0.13434691181082414,0.07836234859625457,0.07891030080383335,0.08264302412488919,0.08260822171143135,0.5040151178836823,0.5034690648317337,0.5027522444725037,0.5020244121551514,0.49973565340042114,0.4984850585460663,0.2458922117948532,0.2450699806213379,0.30954790115356445,0.3076987862586975,0.48572880029678345,0.48922640085220337,-165.79379272460938,-164.86419677734375,-11.881819725036621,-8.586037635803223,4.779548168182373,4.8256330490112305,0.5910422205924988,0.5924363136291504,0.3491703757180016,0.3587073201408516,0.858650803565979,0.8561633825302124,0.8021875369940648,0.7880461729709176,0.38683557510375977,0.3869776427745819,-0.43174728795255274,-0.42573700853542523,0.8483812808990479,0.8478410243988037,0.7800969040411373,0.7701727974240912,0.7258018851280212,0.7369785308837891,0.8645120881987107,0.9105717029293203,0.8200534582138062,0.8116694092750549,0.7191613032745742,0.6924894231888375,0.26027804613113403,0.2597777843475342,-0.9157227707713594,-0.9113880016840759,0.797211766242981,0.7968127727508545,0.6700268449636587,0.6605828121337824
230,9.583333,230,9.583333,0.0,0.08232272004048807,0.0578559498366691,0.5857146535346258,0.5815363987927187,0.08548175757178514,0.0730158177942397,0.08653929871154975,0.0749014936561119,0.1359996936371149,0.1512770272979833,0.07675349719331828,0.10142605664429619,0.08272217485179564,0.08281680318561978,0.5040312558412552,0.5032293051481247,0.502623975276947,0.5018930435180664,0.4999476820230484,0.4985291063785553,0.24617215991020203,0.24493051320314407,0.3103029727935791,0.30546313524246216,0.4855712652206421,0.4897971451282501,-164.94369506835938,-166.32569885253906,-11.03115177154541,-8.161822319030762,4.808769226074219,4.617344856262207,0.5928292274475098,0.5922488570213318,0.3549280169095098,0.35760826797354794,0.8579468727111816,0.8563175797462463,0.8004138616644086,0.7866782562609204,0.38655272126197815,0.3867734372615814,-0.43331587955963147,-0.4264282714694382,0.8476205468177795,0.8462001085281372,0.7782176323226326,0.7649627013726162,0.7262540459632874,0.737102746963501,0.8647839417426081,0.910330061791537,0.8203011155128479,0.8113232254981995,0.7194950654589817,0.6901049773976804,0.2602109909057617,0.25978168845176697,-0.9161052173481286,-0.9109931473610481,0.796526312828064,0.7969553470611572,0.6683916063589633,0.6592665943569049
231,9.625,231,9.625,0.0,0.0711900977137001,0.05718691787848383,0.5815765608608774,0.5578521318573793,0.0848518110412153,0.04990185074713921,0.08605451402151221,0.05173353748837754,0.13510503942181476,0.18752428961454337,0.0793200456179337,0.1364945208499585,0.08298332980151801,0.08188662098576918,0.5037745535373688,0.5024691522121429,0.5026282072067261,0.5010022521018982,0.49971093237400055,0.4988156855106354,0.2459803819656372,0.24706941843032837,0.31029924750328064,0.30095747113227844,0.4865010678768158,0.48887425661087036,-164.3840789794922,-171.96499633789062,-10.417675971984863,-6.4844183921813965,4.474435329437256,5.177145004272461,0.5931794047355652,0.5894096493721008,0.3571781263684751,0.34570895209107794,0.8581294417381287,0.8600628972053528,0.7988239953716012,0.796761916085227,0.38737305998802185,0.38633525371551514,-0.42928518852678355,-0.42922829015524616,0.8481065630912781,0.8461388349533081,0.7772795802274824,0.7668737101803774,0.7262815237045288,0.7369546294212341,0.8658112971889474,0.9087444818873538,0.8194918036460876,0.8091278672218323,0.7157714767715966,0.6874291196382994,0.2599794864654541,0.26011109352111816,-0.9161038638781781,-0.9109030098541205,0.7977659702301025,0.7955589890480042,0.6690712830490048,0.6583033216192881
232,9.666667,232,9.666667,0.0,0.054269578015410144,0.054124422544603944,0.575390261691251,0.5429775268493762,0.0849022591101557,0.04594060390249495,0.08632676399538881,0.048044499687027335,0.1365705682881152,0.18802441887158303,0.08020870998084183,0.139135821970199,0.08292501386827716,0.08240235358238902,0.5036810636520386,0.5016188621520996,0.5024687647819519,0.49973559379577637,0.4997237026691437,0.49913813173770905,0.2458590716123581,0.24545596539974213,0.3094879984855652,0.2977648377418518,0.4865504056215286,0.4884285032749176,-164.49424743652344,-173.41429138183594,-9.568359375,-4.556905746459961,4.674272537231445,5.314885139465332,0.595075786113739,0.5913877487182617,0.36460538915216395,0.3519931000032544,0.8566628098487854,0.8616658449172974,0.796065979031275,0.8010824048626793,0.38739100098609924,0.38518065214157104,-0.42953553747421397,-0.43482290576944477,0.8475013971328735,0.8444175124168396,0.7763609140302007,0.7640621656268716,0.7263303399085999,0.7367496490478516,0.8664939261989275,0.9066445727585604,0.8182399272918701,0.8084136247634888,0.7134231135922303,0.6867867226638594,0.25985288619995117,0.26025623083114624,-0.917213229387013,-0.9114919236195567,0.7968394160270691,0.7939319014549255,0.6673932622357136,0.6557044797041092
233,9.708333,233,9.708333,0.0,0.047793144342504666,0.04896248612843097,0.5721956998560688,0.5088562428841564,0.0853431657054961,0.05034052853139809,0.08684289072689426,0.052350787873849454,0.13869302569333897,0.17570186972505122,0.08268357155244441,0.12608438345303047,0.08256801315570503,0.08281814212269625,0.5037008076906204,0.5002913326025009,0.502397894859314,0.496133029460907,0.49975624680519104,0.4995838403701782,0.24555756151676178,0.24169082939624786,0.3082273006439209,0.294038861989975,0.48603615164756775,0.48700812458992004,-164.967041015625,-173.9558868408203,-8.754313468933105,2.7996265888214116,4.792229175567627,6.344606876373291,0.5944099426269531,0.5986137986183167,0.36248141569334486,0.3758379053850034,0.8570436835289001,0.8552954196929932,0.799196222605973,0.7862184788450407,0.38783299922943115,0.38411498069763184,-0.42861609235685644,-0.4382267257730618,0.8469617366790771,0.8445168137550354,0.777478459093102,0.7632083471427251,0.7249197363853455,0.7368273735046387,0.8622756856653363,0.9003852383333646,0.8172197341918945,0.8092673420906067,0.7134104982084248,0.6879578935957402,0.26002347469329834,0.2602296471595764,-0.9180695362053659,-0.908395602833459,0.7972345352172852,0.7941800355911255,0.6703599017756675,0.6557495624270769
234,9.75,234,9.75,0.0,0.04684961040084513,0.053362026632788565,0.5831485775793089,0.4869349004436383,0.08515632234453407,0.057734556065104393,0.08685484956743654,0.058521051907283954,0.13596807876441508,0.16103367059993723,0.0815873581520492,0.10634695521253902,0.08290637414432095,0.08391664193984408,0.5034283846616745,0.4984671175479889,0.5020430088043213,0.49101531505584717,0.49975115060806274,0.5001195967197418,0.2451471984386444,0.2389274761080742,0.3074161410331726,0.28882771730422974,0.48608075082302094,0.48761147260665894,-164.78578186035156,-175.18772888183594,-7.474963665008544,11.501378059387207,4.795051097869873,7.9048805236816415,0.5966495871543884,0.6024126410484314,0.37168163029839396,0.38696017208097183,0.855607271194458,0.8611800074577332,0.7973012902924699,0.7949008833567802,0.38761425018310547,0.38369834423065186,-0.43013311103972846,-0.44040519267667827,0.8465201258659363,0.8457294702529907,0.7776945982254894,0.7620243305248273,0.724281907081604,0.7369679808616638,0.8612518487676466,0.8959640617417174,0.814867377281189,0.8107720017433167,0.7093996967863316,0.6876397932689406,0.25998467206954956,0.2604174017906189,-0.9196928124995501,-0.9067596258052271,0.7959912419319153,0.793500542640686,0.668671991899052,0.6508885767806066
235,9.791667,235,9.791667,0.0,0.046026417100495993,0.04408024941267583,0.5817185768846642,0.4804908030003602,0.0854217043814102,0.07315891179082272,0.08693372427446916,0.07254106831266258,0.1365141257573003,0.15237257310198726,0.0827519475000173,0.08917571219056586,0.08277043472573052,0.08308549797010228,0.5033376961946487,0.4950183629989624,0.5019197463989258,0.48519548773765564,0.49956461787223816,0.5018415451049805,0.24461880326271057,0.23631493747234344,0.3062172532081604,0.2873647212982178,0.4855960011482239,0.4873358756303787,-165.63348388671875,-173.20581054687503,-7.447897911071777,15.74562931060791,4.812869071960449,9.46383285522461,0.595758318901062,0.610651433467865,0.36890558399418627,0.41236791964960573,0.8538863062858582,0.856956422328949,0.7944771446751007,0.7879436118788404,0.3875710070133209,0.38034266233444214,-0.4294986883304001,-0.46045669453079124,0.8464598655700684,0.8472243547439575,0.7784568005805836,0.7671971448535083,0.7246040105819702,0.739171028137207,0.8630324823909707,0.899431721344349,0.8149266839027405,0.8158247470855713,0.7104333099154749,0.7002606055000723,0.2596442401409149,0.2599644660949707,-0.9201014839065055,-0.9166662091375103,0.7962731122970581,0.7943623065948486,0.670193759483278,0.6545077569881471
236,9.833333,236,9.833333,0.0,0.049169418672543,0.04598069794909023,0.584927836031492,0.47685144767181964,0.07308420662849918,0.07083285363533445,0.07451763034777921,0.07093965669994358,0.15184325708442759,0.15181046988882987,0.09889160791676795,0.08958070047538308,0.08265122255639455,0.0834426064795297,0.5032311379909515,0.4950896054506302,0.5018649697303772,0.4854258894920349,0.49972811341285706,0.5013864189386368,0.2452235370874405,0.2355077713727951,0.3052539825439453,0.286371648311615,0.48527710139751434,0.4872114211320877,-166.7185821533203,-173.63333129882812,-7.300338745117188,15.51248836517334,4.866204738616943,8.993175506591797,0.5972038507461548,0.6142286658287048,0.37365784637939153,0.4287273067122382,0.8527970910072327,0.8586181402206421,0.7924667872378174,0.793746281215,0.38646596670150757,0.3794839680194855,-0.43417255385061415,-0.4631502022031123,0.8454223871231079,0.8513215184211731,0.7765650456751646,0.7781524157271225,0.7243629693984985,0.7373479604721069,0.8611022476530353,0.8965007253698755,0.8142900466918945,0.8112376928329468,0.7094357833269669,0.6924878710048195,0.25955015420913696,0.2607414126396179,-0.9206842793812108,-0.9142948520409927,0.7950429320335388,0.7927590012550354,0.6679340975734861,0.6529964133443862
237,9.875,237,9.875,0.0,0.040108105560372746,0.03450473244834785,0.5504679807305113,0.47868714173968413,0.05063968850351686,0.07420694702350601,0.05379715625579995,0.07435873534657689,0.18908022558657728,0.14493684313450952,0.13897461496775113,0.08778968187118301,0.08237785606678405,0.08461551889140845,0.5028037130832672,0.49605798721313477,0.5010315179824829,0.4879228174686432,0.4998474568128586,0.5015128999948502,0.24788080155849457,0.2354848012328148,0.3005993366241455,0.2868485450744629,0.48415470123291016,0.48885194957256317,-172.74232482910156,-173.90841674804688,-5.107344627380371,11.787631034851074,5.483619213104248,7.9764466285705575,0.5954790711402893,0.6133764386177063,0.36670608077216704,0.42416757515529313,0.8538137674331665,0.8566239476203918,0.7973344216985392,0.7844226025755837,0.3869701623916626,0.3728262186050415,-0.432835841332125,-0.48795808063901247,0.8443752527236938,0.8527270555496216,0.7769760608312485,0.7761109033806052,0.7237573862075806,0.7362464666366577,0.8585982076301641,0.8900698922612604,0.8135240077972412,0.8106555342674255,0.710431610062152,0.6863763602569539,0.25899583101272583,0.26160675287246704,-0.9235623215809006,-0.9096834405787195,0.7937294840812683,0.7936549782752991,0.6677359032258339,0.6501157954304783
238,9.916667,238,9.916667,0.0,0.04945638643020057,0.03948403042237307,0.5345961839267748,0.47485248632590565,0.045376072895999535,0.07171049677615665,0.048353436858536485,0.07208473950116792,0.18922241624961975,0.1455267352834524,0.14120273043707265,0.09304425388575012,0.08293495366142566,0.08450804428769469,0.5014642924070358,0.4979100823402405,0.4992629289627075,0.49148795008659363,0.500380665063858,0.5011047720909119,0.24526511132717133,0.23600876331329346,0.29646021127700806,0.2888246774673462,0.483711838722229,0.48922377824783325,-174.56385803222656,-173.15301513671875,-2.7703440189361572,8.843449592590332,5.456038951873779,7.08066987991333,0.5917727947235107,0.6135159134864807,0.35018091404378177,0.4265557047963064,0.8560335636138916,0.8496276140213013,0.8024621908350671,0.7692691714316002,0.3865014910697937,0.3680295944213867,-0.43634296944715545,-0.504967528102651,0.8453050255775452,0.85310959815979,0.7793390541456648,0.7767013427552063,0.724069356918335,0.7365344166755676,0.8570925184320323,0.8933621412344309,0.8126971125602722,0.8109873533248901,0.7090594664422772,0.6867929090299072,0.25913071632385254,0.2618750333786011,-0.9243807741148075,-0.9077819915160872,0.792101263999939,0.79172682762146,0.6646693901913108,0.6456820018237815
239,9.958333,239,9.958333,0.0,0.042028406179364174,0.050396819516661445,0.5186582976858111,0.476041994223219,0.04548882197975108,0.08344486002986783,0.04776849497628665,0.08449496844063276,0.1808954120427355,0.13985404142116373,0.12868105406407118,0.10817399391885393,0.08351441569314089,0.0830145831981605,0.5000037550926208,0.5018692314624786,0.49548259377479553,0.5010735392570496,0.5004282295703888,0.5002228170633316,0.24192620068788528,0.23840483278036118,0.29327768087387085,0.2933802604675293,0.4830170273780823,0.48843951523303986,-174.59584045410156,-173.01905822753906,3.0769166946411133,-8.275955200195312,6.700521469116212,2.7555723190307617,0.5945044755935669,0.6237637400627136,0.3609074078880975,0.47247502341777486,0.8582354784011841,0.8467552065849304,0.8096970000897842,0.7708260221440894,0.38495999574661255,0.35642993450164795,-0.44297410583845503,-0.5499274564751364,0.8469130396842957,0.8605104088783264,0.785263914142738,0.800416877703895,0.7249190807342529,0.7336493730545044,0.8612207078095085,0.8927261900804447,0.8120270371437073,0.7980188131332397,0.709982190855362,0.6659819385476433,0.25911128520965576,0.2655424475669861,-0.9257711329940908,-0.8975213263869865,0.7909531593322754,0.788887083530426,0.664506133914003,0.6463373207569043
240,10.0,240,10.0,0.0,0.04473315122604846,0.06059942902414309,0.4958730090821419,0.48843267481681946,0.050832232940796036,0.08132558320857003,0.05226205749663877,0.08172407855539686,0.17388666149410306,0.13861804299926933,0.11873193091066819,0.11425938463908922,0.08408007090500579,0.08369323306482336,0.4981822073459625,0.5036467760801315,0.4913354516029358,0.5047836899757385,0.5007449388504028,0.4998236745595932,0.2394852340221405,0.2406289353966713,0.289000004529953,0.29562851786613464,0.4840741455554962,0.4885926842689514,-175.64834594726562,-173.5396728515625,9.12734603881836,-12.880534172058105,7.681970119476318,1.7619032859802248,0.6004875898361206,0.6257136464118958,0.38044116248762505,0.4833410088293923,0.8585204482078552,0.8388535976409912,0.8033756543476401,0.7564438744534752,0.38109174370765686,0.35941216349601746,-0.4563845075862593,-0.5390948969974433,0.8479032516479492,0.8643304705619812,0.7805964275980813,0.811465213476943,0.7265746593475342,0.7316042184829712,0.8613659306336897,0.8898964729167326,0.8105996251106262,0.7960672974586487,0.7005613860802984,0.6640400878822835,0.2585965096950531,0.2661398649215698,-0.9236091979909855,-0.8972038569525824,0.7917516231536865,0.7882523536682129,0.6601229419080773,0.6471624799797591
241,10.041667,241,10.041667,0.0,0.04105059532323825,0.11738005058697158,0.48386467917546006,0.5564426581147959,0.07121177268118002,0.08407115337897651,0.07098337484944821,0.08399552251054453,0.16455711099798717,0.12851048428634584,0.10222844120591322,0.10962320084083646,0.0831897101692323,0.0841927726015388,0.4950978457927704,0.5048276633024216,0.48577025532722473,0.5086140036582947,0.5011934190988541,0.4998725354671478,0.2363302856683731,0.2424328848719597,0.28667572140693665,0.29775574803352356,0.48553818464279175,0.4899560958147049,-173.6751251220703,-172.72389221191406,14.268973350524902,-15.426286697387697,9.059158325195312,0.7244205474853516,0.611656129360199,0.6220026612281799,0.4191450648275509,0.4709328001092019,0.8581644892692566,0.8432773351669312,0.7953251181758114,0.7663521980880429,0.37973088026046753,0.354558527469635,-0.4608833478291898,-0.5603296668609059,0.8530795574188232,0.8646459579467773,0.7844719551686644,0.8127006459409731,0.7235475778579712,0.7305254340171814,0.8437114033076503,0.8893957546560463,0.8085682392120361,0.7943599224090576,0.6894680089269695,0.6602505471923698,0.2619782090187073,0.267417848110199,-0.9076897941355886,-0.8963434380614191,0.8015819191932678,0.7852640151977539,0.6745565662146498,0.6405215648708784
242,10.083333,242,10.083333,0.0,0.035540824353012125,0.06603416347105635,0.48021360239171695,0.5687958372117661,0.07329701883604178,0.08853338527467781,0.07322896855265204,0.08860496196707968,0.15654756834703454,0.12496794778852417,0.0958585097036182,0.10951329522014026,0.08436587527940215,0.0840188754857783,0.4949962943792343,0.5043769478797913,0.4854617416858673,0.5088517069816589,0.5016909688711166,0.4987907409667969,0.23539737612009048,0.24445923417806625,0.28625279664993286,0.3003215491771698,0.48497897386550903,0.4895407557487488,-173.5377655029297,-171.10964965820312,13.629656791687012,-13.726035118103027,8.660170555114746,0.13129843771457672,0.6076372861862183,0.6242735385894775,0.40289671766027635,0.4833998078762373,0.856192946434021,0.8412441611289978,0.7940625344449218,0.7621165292677498,0.3766553997993469,0.35473084449768066,-0.47549005615714884,-0.5549647250074894,0.8498028516769409,0.8705233335494995,0.7803935046855053,0.8255624354591314,0.7241266369819641,0.7294467091560364,0.8458868872798166,0.8885604466953065,0.8121697902679443,0.7930901646614075,0.6998927522095625,0.6577702076318422,0.26180583238601685,0.26654666662216187,-0.9122443946577625,-0.8946783387486353,0.7997419834136963,0.7862005233764648,0.6733084732289139,0.6428408398075433
243,10.125,243,10.125,0.0,0.03335046343062736,0.08167235323235825,0.47844709233186944,0.5958450121971939,0.07566128888821583,0.0848007491608302,0.075498407161471,0.08636608994994921,0.15213164271284765,0.11881065020734438,0.0942520253025524,0.09944172861276065,0.08447763033811462,0.08333425812883224,0.4950612932443619,0.500033974647522,0.4868852198123932,0.5011887550354004,0.5020274966955185,0.498711034655571,0.23544195294380188,0.2436017319560051,0.2879912853240967,0.30200979113578796,0.48715177178382874,0.49176159501075745,-172.49032592773438,-169.0971221923828,11.673614501953125,-8.34268569946289,7.979872226715088,1.204958200454712,0.6088756918907166,0.6266042590141296,0.4082976202527059,0.4920630574676525,0.859159529209137,0.8448569178581238,0.7996209810524535,0.7641660089319182,0.3733263611793518,0.3559609055519104,-0.4918039772133978,-0.5492242871578578,0.851243257522583,0.8671058416366577,0.782605161339202,0.8123169477485792,0.7230794429779053,0.7322450876235962,0.8447029306807019,0.8985110876874154,0.8117087483406067,0.7960857152938843,0.6976267640167582,0.658615771353621,0.2642885446548462,0.26606857776641846,-0.9084687690067889,-0.8950807144616512,0.7996079921722412,0.7844182252883911,0.6716165039463947,0.6333650849388229
244,10.166667,244,10.166667,0.0,0.034979775937348405,0.1068522902909721,0.49408126910803407,0.5979625795350292,0.07233868337658685,0.08403584981808061,0.07271143617572359,0.08453682861580708,0.14800047924816168,0.11909897883456438,0.0938525121083449,0.09604748360140491,0.08471550776314166,0.08452155605559625,0.49750271439552307,0.4983200132846832,0.4905413091182709,0.4982936680316925,0.5011860728263855,0.49839086830616,0.23589956760406494,0.24313940107822418,0.28877729177474976,0.30094850063323975,0.4878709763288498,0.49222494661808014,-173.1695098876953,-169.6772918701172,9.239356994628906,-5.935869216918945,7.211793422698974,1.9555394649505615,0.612294614315033,0.6264973282814026,0.4245606213247488,0.4907092863217869,0.8595882654190063,0.8441801071166992,0.798964626104228,0.7583385094954996,0.36951127648353577,0.3535582423210144,-0.5031470362145114,-0.5547785376866704,0.8557599186897278,0.8655429482460022,0.7907360241453519,0.8043678533404192,0.7239506840705872,0.7310159206390381,0.8512134215052027,0.8910657076379708,0.812066376209259,0.7954615354537964,0.6968216546616932,0.6533672712069212,0.2638649046421051,0.26683497428894043,-0.9068359755953432,-0.8869703176463716,0.7979761958122253,0.7835550308227539,0.6665363920627649,0.6277129777383603
245,10.208333,245,10.208333,0.0,0.05162628795341455,0.11930884348972652,0.49811158712216586,0.5951374486930762,0.08319212765786568,0.08144782582649661,0.08486230577785944,0.08240981294283833,0.14263484464201445,0.12365095586357357,0.10626120700230238,0.09763029124798556,0.08337627173971318,0.08461447199808597,0.5012471824884415,0.4975805878639221,0.5005470514297485,0.4966951012611389,0.5004152953624725,0.4984062612056732,0.23874808847904205,0.24292069673538208,0.2936707139015198,0.2997637689113617,0.48808184266090393,0.49193286895751953,-173.0484619140625,-170.25537109375003,-8.159723281860352,-4.6785969734191895,3.169482946395874,2.695274829864502,0.6216017007827759,0.6267675757408142,0.46750744082681683,0.4903858489929032,0.8544741868972778,0.8453214168548584,0.7950666575314598,0.7594143012506246,0.3607925772666931,0.3529418110847473,-0.5386302150959412,-0.555725906431936,0.8593031764030457,0.8657776713371277,0.8055455024254689,0.8033737682347398,0.7202765941619873,0.7312569618225098,0.8481709873490524,0.889572445748982,0.8008663654327393,0.7943131923675537,0.6787383769332797,0.6498001799454979,0.2678573727607727,0.26613032817840576,-0.8971514491451897,-0.887376629249243,0.7925497889518738,0.7820966839790344,0.660691513321739,0.623547514892286
246,10.25,246,10.25,0.0,0.07649958063113951,0.12358056074075736,0.5480411973748783,0.5904341609341203,0.08303283180177315,0.08145850096163884,0.08464239386703493,0.08242703851582975,0.13864214311081458,0.12508600643171616,0.11346805875624667,0.09841165010534413,0.08364694471934984,0.08448188161713574,0.5036960542201996,0.49748432636260986,0.5055763721466064,0.4966207444667816,0.5009858757257462,0.49869269132614136,0.24127014726400375,0.24299932271242142,0.29725152254104614,0.29968973994255066,0.48765116930007935,0.49088412523269653,-172.62742614746094,-170.43235778808594,-12.757762908935547,-4.7011637687683105,1.798708200454712,2.712275505065918,0.621609628200531,0.6261454224586487,0.46559989879292557,0.4863981420221295,0.8476987481117249,0.8454872369766235,0.7817402332375663,0.7612158634098521,0.359558641910553,0.35444170236587524,-0.545899993989014,-0.5505053708278888,0.8601337671279907,0.8669764399528503,0.8087393167980605,0.8073460908550946,0.7199410200119019,0.730252742767334,0.8451527243039065,0.8837031406604201,0.7981208562850952,0.7937849164009094,0.6740960356348612,0.6502280426775959,0.2703002691268921,0.2664809226989746,-0.8904315516785424,-0.8861902904104881,0.7870641946792603,0.78282630443573,0.6500896605577052,0.6267035190832525
247,10.291667,247,10.291667,0.0,0.09615730804171187,0.12021653802511797,0.5899016876323343,0.5809036146837899,0.08890938683748155,0.08087929860918724,0.08893926103346868,0.08165605607037398,0.12459639465366941,0.12401936557650085,0.10839695134564584,0.09973547540750971,0.08368738315182071,0.08496949431022305,0.5043106526136398,0.4973594844341278,0.5087460279464722,0.4970558285713196,0.5004445165395737,0.4984869062900543,0.24294662475585938,0.2427665889263153,0.2982279062271118,0.2992427945137024,0.4869721978902817,0.4898783266544342,-171.73892211914062,-171.2340087890625,-14.235369682312012,-5.8624067306518555,0.21498440206050873,2.2507174015045166,0.6231169104576111,0.6261460185050964,0.47328438615944557,0.4879176435260448,0.8521547913551331,0.8451968431472778,0.7925158049905493,0.7638974670228118,0.3580714464187622,0.35376840829849243,-0.5492918899323457,-0.5531192195330921,0.8590688705444336,0.8658736944198608,0.8075206741506242,0.8083505241531785,0.7186070680618286,0.7299397587776184,0.8416965380913368,0.8846209911195587,0.795737624168396,0.7930417656898499,0.6700798031974168,0.6517695319088245,0.26859593391418457,0.26584333181381226,-0.894498840408301,-0.8891719726885966,0.7828054428100586,0.7829592227935791,0.6420145057191212,0.6300931243417981
248,10.333333,248,10.333333,0.0,0.0746315080134207,0.09477128055118088,0.5874105709239799,0.5641313510938,0.08717470903319065,0.08255164641659773,0.08740380507400779,0.08275653964439231,0.1285927417928263,0.12102097986221985,0.11345335866728014,0.09792265489789635,0.08303128272233182,0.0849551161018236,0.5041193664073944,0.49735498428344727,0.5085881352424622,0.4971778094768524,0.5005528628826141,0.49855566024780273,0.24428971111774445,0.24177096784114838,0.30015015602111816,0.29861190915107727,0.4871983826160431,0.48980192840099335,-170.55064392089844,-171.35508728027344,-13.484586715698242,-5.735476016998291,-0.0059373159892857075,1.9600327014923098,0.625727117061615,0.6263133883476257,0.4832890781115633,0.4875403431939877,0.8481718301773071,0.8446003198623657,0.783952505124613,0.7616010734705642,0.3582821786403656,0.3539412021636963,-0.5492972039714569,-0.5518678484173474,0.8639892339706421,0.8662736415863037,0.8183043207834308,0.8081244667211256,0.718737781047821,0.729890763759613,0.8423967743967541,0.882805270854851,0.7949371933937073,0.7934610843658447,0.6683389408919722,0.6518269099232227,0.2706953287124634,0.2653968930244446,-0.8874639318979486,-0.8897646121410687,0.784878134727478,0.7831029295921326,0.6464929455871583,0.6295923621217502
249,10.375,249,10.375,0.0,0.06320129792057,0.04223984299517814,0.5917941508296157,0.5305465543316391,0.08485518375942554,0.08001975446943534,0.08493207499889456,0.08149128039205783,0.12716407494693785,0.12530689137615092,0.1061471810849869,0.10391795195764401,0.08341585179371873,0.08447410103919553,0.5019591748714447,0.4976082146167755,0.5036138296127319,0.49700823426246643,0.4994649142026901,0.49868442118167877,0.24417905509471893,0.24025385826826096,0.3024473190307617,0.29653051495552063,0.487231582403183,0.489047646522522,-168.9850311279297,-172.30877685546875,-8.264447212219238,-3.8012869358062744,1.1332136392593384,2.0789380073547363,0.6246030330657959,0.6262375116348267,0.48291903097583005,0.4870832455503266,0.8511587977409363,0.8442634344100952,0.7899903012966428,0.763004312548847,0.3597230315208435,0.3536921739578247,-0.5392762427992009,-0.5536776420432646,0.8593003153800964,0.8656829595565796,0.8076633955355634,0.8090135008135554,0.7202095985412598,0.729899525642395,0.8518731943738428,0.8829343381715303,0.7940815687179565,0.7944599390029907,0.6660906437478284,0.6560262922260155,0.2703818678855896,0.26466280221939087,-0.8840516682328184,-0.8936514927873309,0.785571813583374,0.7823425531387329,0.6476182027228,0.6299981200937188
250,10.416667,250,10.416667,0.0,0.07046536018728294,0.03615237502365112,0.5973398505118993,0.5025544480416712,0.08160253278906686,0.08258370640492121,0.08352465321520541,0.08320608974479168,0.12388385609041284,0.1273981964458141,0.10031531997838529,0.10934438590731317,0.08390816880947849,0.0828899718065487,0.4996524751186371,0.4982362985610962,0.5001497268676758,0.49876320362091064,0.49921342730522156,0.49885591864585876,0.24400734901428223,0.23927376419305801,0.30136650800704956,0.2947688102722168,0.4882473647594452,0.4874012917280197,-169.4068603515625,-172.26260375976562,-6.604119777679443,-7.95255708694458,1.9241074323654175,1.1513285636901855,0.6235877275466919,0.6270501613616943,0.4808417168498472,0.4893871675835649,0.8520396947860718,0.8437277674674988,0.7911294545299629,0.7651642582701222,0.3565332889556885,0.3536844253540039,-0.5516136577344747,-0.5541985693808485,0.8566054701805115,0.8666967749595642,0.8010585242193788,0.8144871819860596,0.7220300436019897,0.7298277616500854,0.8614281577046248,0.8817451832837372,0.7947750687599182,0.7925468683242798,0.6665976032162826,0.6552600064200536,0.2700953185558319,0.26522156596183777,-0.8857902682351132,-0.8919094312503691,0.7837709784507751,0.78287672996521,0.642667302202972,0.6344946556850806
251,10.458333,251,10.458333,0.0,0.09158553542615282,0.032592547233492516,0.6023416339891825,0.5107336370189652,0.07640431423170653,0.06677833460057508,0.07712135081859703,0.0656842695348754,0.12901165337893217,0.1557004553540687,0.10296455538330382,0.15032899179229842,0.08470687875534545,0.08068933654913987,0.49790528416633606,0.500645324587822,0.4971306622028351,0.5062928795814514,0.49867740273475647,0.49803633987903595,0.24316219985485077,0.2406206652522087,0.3001389503479004,0.28995469212532043,0.4893469214439392,0.4866877794265747,-170.1847381591797,-175.4351043701172,-3.9948489665985107,-15.876688957214355,2.625533103942871,-1.5298364162445068,0.6227198839187622,0.6277372241020203,0.4778146873808347,0.49798970217043365,0.852831244468689,0.8430430293083191,0.7875846840156442,0.7696319942070853,0.35758912563323975,0.3543429970741272,-0.5434755123638585,-0.5517140875020323,0.8594760298728943,0.8669036626815796,0.8019823646896646,0.8211645782007282,0.722364068031311,0.7300252914428711,0.8616465345560665,0.8907272266354578,0.7944467067718506,0.7908766269683838,0.6610791794846195,0.6569665226676119,0.26913243532180786,0.26539692282676697,-0.8842128583477922,-0.8932247047120175,0.7860203385353088,0.7833405137062073,0.642821229568787,0.6406905343653094
252,10.5,252,10.5,0.0,0.10364158841031257,0.029594384817093627,0.5957793571143394,0.5206529593564241,0.07835423017580595,0.06408808535292596,0.07974481253396244,0.060158352904560446,0.12813987753141134,0.15955205375730558,0.10009654269322119,0.16495808846436227,0.08472964876602775,0.07919963875676012,0.49732255935668945,0.5031585693359375,0.49608343839645386,0.5096478462219238,0.4986567497253418,0.4978117346763611,0.24270786345005035,0.2411145567893982,0.2994089424610138,0.2902316749095917,0.4888448268175125,0.48798009753227234,-170.49305725097656,-175.14753723144534,-3.6603856086730957,-16.745628356933594,3.0118589401245117,-2.9132261276245117,0.6220002770423889,0.6279823184013367,0.47489595460382816,0.4987326660018777,0.853793740272522,0.8435012102127075,0.7903813933635776,0.7662013017161349,0.3591625988483429,0.3550729751586914,-0.5370789159621121,-0.546886093915468,0.8601734638214111,0.867617130279541,0.8041981622370848,0.818174725201392,0.72246915102005,0.730652928352356,0.8617201589494002,0.8921025469351698,0.794155478477478,0.7902366518974304,0.6612209253706797,0.6514081925001877,0.2687145173549652,0.2655925750732422,-0.885321170235198,-0.8897192994868454,0.7852712869644165,0.783348023891449,0.6419801510920953,0.6365621663234934
253,10.541667,253,10.541667,0.0,0.0966092539010538,0.03921113477067882,0.5858515856779332,0.4974394515160558,0.08066044997501572,0.0692715899899503,0.08174091468628694,0.06440900887218007,0.12588795994109658,0.1435633533085752,0.09816205525707257,0.16167158580917923,0.08479155867888731,0.07789820826491307,0.49744030833244324,0.505267858505249,0.4963547885417938,0.5144752860069275,0.49837246537208557,0.4973176419734955,0.24229763448238373,0.24094205349683762,0.2992953658103943,0.2897592782974243,0.48880408704280853,0.4878444969654083,-170.38648986816406,-174.6476287841797,-4.086008548736572,-22.630945205688477,2.8080015182495117,-4.986452102661133,0.6224627494812012,0.6279826760292053,0.4766882182256,0.49825726575151585,0.8536055088043213,0.8448996543884277,0.7882712519291333,0.7658647690791063,0.35994836688041687,0.3557271957397461,-0.5317510338799465,-0.5399184954628812,0.862442672252655,0.8681406378746033,0.8073667967361775,0.8157154716407929,0.7223199605941772,0.7306495308876038,0.8602859864486596,0.8897507265288138,0.7945443987846375,0.7899211645126343,0.6606506551925988,0.6479387635931877,0.2683044672012329,0.26612257957458496,-0.8837976712371635,-0.8816024920409719,0.786498486995697,0.7850178480148315,0.6432648650601094,0.6374214043582322
254,10.583333,254,10.583333,0.0,0.06581703228928423,0.056112468492555814,0.5633653629445431,0.471304588025244,0.08068865965177777,0.08053806981369478,0.08186912065239657,0.0754244871155909,0.12404550784614903,0.12367111146315116,0.09990845887578348,0.15479809634753522,0.08496239860043102,0.07772632229019909,0.4973466843366623,0.5075453370809555,0.49673834443092346,0.5189040303230286,0.4985165596008301,0.4970030039548874,0.24139603227376938,0.24209751188755035,0.29832109808921814,0.29537248611450195,0.48798613250255585,0.4884145259857178,-171.18862915039062,-171.91456604003906,-3.8369460105895996,-26.961359024047855,2.312106132507324,-7.233058452606201,0.6224448680877686,0.6264782547950745,0.4765492256972368,0.49023673068503887,0.8531370162963867,0.8467673659324646,0.7898272787370085,0.7632247823062245,0.35867753624916077,0.3565712571144104,-0.53773168627989,-0.5317216997744262,0.8626068234443665,0.8689326047897339,0.8103106250516682,0.8104326113389699,0.7225902080535889,0.7304410934448242,0.8616443246344432,0.8838749109678328,0.7933410406112671,0.790748655796051,0.6604876143656409,0.6439153668840016,0.26827284693717957,0.2661049962043762,-0.8853704559607058,-0.8742573094607631,0.7853756546974182,0.7870591878890991,0.6432583555588143,0.636057487648197
255,10.625,255,10.625,0.0,0.04336807241962992,0.0629699342428413,0.5159814620565931,0.47586627838151596,0.08331709978878381,0.07888280679290079,0.08398233554212643,0.07500936003973051,0.1258338048018319,0.12344313441585081,0.10457307771316347,0.16091425647795565,0.08454275596117339,0.07766304246792109,0.4977388381958008,0.5076385289430618,0.4970496594905853,0.5186424255371094,0.4987359941005707,0.49699681997299194,0.24049098789691925,0.24806100130081177,0.2979564368724823,0.30452054738998413,0.4875651001930237,0.4882695972919464,-171.537841796875,-169.7104949951172,-2.946213722229004,-27.33753776550293,1.9328812360763552,-7.503291606903076,0.6221325397491455,0.62642502784729,0.47397329863139004,0.4898373934021504,0.8528943657875061,0.8472151160240173,0.7893286465762581,0.7641419813980818,0.3586829900741577,0.3575304448604584,-0.537951722657489,-0.5278281046641624,0.8632796406745911,0.8714643716812134,0.8117670213328108,0.8157650642847907,0.7224644422531128,0.729800820350647,0.8593539633641036,0.881076131636905,0.7927976250648499,0.7906032204627991,0.6594839188590079,0.643623619175148,0.26806890964508057,0.26636239886283875,-0.886005668395441,-0.8728650849831139,0.7859395146369934,0.7867465615272522,0.6446663185956355,0.6354133620559188
256,10.666667,256,10.666667,0.0,0.034321570069962636,0.06187891874315942,0.4997921685591079,0.4611512274372006,0.08151916656944741,0.07849342071685984,0.0822134557497708,0.07325521884546436,0.12996761258650041,0.1212233291317959,0.11204915695802495,0.14616004352931164,0.08416212234387278,0.07854212544064611,0.4980660676956177,0.5058387368917465,0.498257577419281,0.5139010548591614,0.49893635511398315,0.497138649225235,0.23910203576087952,0.2525186985731125,0.2948586642742157,0.31028082966804504,0.48676569759845734,0.48826393485069275,-172.13839721679688,-169.84690856933594,-4.720354080200195,-25.06336212158203,1.3178691864013672,-5.540098667144775,0.6227304339408875,0.625619113445282,0.4730761777575252,0.4876978418660875,0.853279173374176,0.8482242822647095,0.7878502564182597,0.7685832681411863,0.35813993215560913,0.3574890196323395,-0.5380502383172432,-0.5300947765351149,0.8631435632705688,0.8705171346664429,0.8090545575502553,0.816182714797477,0.7226207256317139,0.7296870946884155,0.8548045918786561,0.8827285585415144,0.7926369309425354,0.7902823686599731,0.6574948686704362,0.6448663486509914,0.26781898736953735,0.26611092686653137,-0.8832096169866295,-0.8769560593477143,0.7862178087234497,0.7860450148582458,0.6436964480923575,0.6358187986733372
257,10.708333,257,10.708333,0.0,0.04056725871593068,0.04262252895090975,0.5074166756665163,0.4800025339673539,0.06766613908546792,0.08492558406152638,0.06835124006444072,0.08139020059961302,0.1557910902236237,0.11689185538006314,0.1521245823389919,0.12266843904322816,0.08194198587161268,0.08001180829981812,0.5004794597625732,0.5021575689315796,0.5040451884269714,0.5059245228767395,0.4988746643066406,0.4978824853897095,0.2404780387878418,0.2541406750679016,0.2896791398525238,0.3162590265274048,0.4865705966949463,0.4893397092819214,-175.2065887451172,-169.25765991210938,-11.611571311950684,-18.040111541748047,-0.7280349135398865,-2.5701701641082764,0.6229124069213867,0.626120924949646,0.4743294301835384,0.48490898876104344,0.8524078130722046,0.8482480645179749,0.7869309537037965,0.7633928805462394,0.3576393723487854,0.35722702741622925,-0.5400941209019623,-0.5318615551132296,0.862306535243988,0.8711923956871033,0.8082235137014586,0.8121951410895691,0.7232291102409363,0.7293809652328491,0.8579478653500306,0.8753669659867406,0.791985809803009,0.7893319129943848,0.6569607305313963,0.6380790783843717,0.26790356636047363,0.26628363132476807,-0.8832504282019007,-0.8757465117965508,0.7855196595191956,0.787215530872345,0.643051774356784,0.6335775642209082
258,10.75,258,10.75,0.0,0.029898082795989905,0.038535243912998764,0.5219811040827541,0.5005527178311553,0.06662199291873336,0.08496651204931367,0.062982989182628,0.08661020209483598,0.15260106967556025,0.11496036376036411,0.1591609936696256,0.09501506134789343,0.08029087409696907,0.08327018229077153,0.5027780532836914,0.49496251344680786,0.5091208815574646,0.4920085668563843,0.49882476031780243,0.4983549565076828,0.23973523080348969,0.25479964911937714,0.29003873467445374,0.31865212321281433,0.4868752360343933,0.4890100955963135,-174.7715606689453,-168.0738525390625,-15.545051574707031,5.0218329429626465,-2.887099266052246,3.510013580322266,0.6228786706924438,0.6253737211227417,0.47524573715660673,0.4830728773229861,0.8526900410652161,0.84834223985672,0.7883000903557704,0.7687114775507551,0.35774245858192444,0.35820698738098145,-0.5404808464782097,-0.533005362650033,0.8630163669586182,0.8703181147575378,0.8105524528158576,0.81572399100192,0.7228019833564758,0.728941798210144,0.858048086899024,0.8769590023301316,0.7919843792915344,0.7899055480957031,0.6574845027874434,0.6436991278784273,0.2684595584869385,0.26577305793762207,-0.8825201868180601,-0.8845465258301044,0.7858580946922302,0.7846652269363403,0.6442828755247912,0.6324886222623892
259,10.791667,259,10.791667,0.0,0.04148443160291614,0.04534133949777454,0.5075469392628593,0.5436845016493744,0.07369923644783369,0.08011186894629696,0.06924856339764497,0.08262999070424283,0.13795764827387982,0.12157503852769733,0.1556813387524497,0.09149049268635583,0.0794469232745736,0.08452685604800313,0.5050387978553772,0.4937199354171753,0.5143911242485046,0.48899343609809875,0.4987064003944397,0.49820512533187866,0.2406095713376999,0.2545623183250427,0.29131290316581726,0.3168632984161377,0.4872909039258957,0.48808038234710693,-173.93667602539062,-168.7351531982422,-21.483116149902344,6.952512741088867,-4.93726921081543,4.804477691650391,0.6229287385940552,0.625289797782898,0.47541488600033466,0.48181040079448134,0.8527176976203918,0.8487160801887512,0.7866761626032521,0.7690848161014687,0.3585188388824463,0.35949185490608215,-0.5365158516642343,-0.525897381095467,0.8629367351531982,0.8710018396377563,0.8086752972330121,0.8166110019729677,0.7230929136276245,0.7282724380493164,0.8587560832846837,0.8722438513804337,0.7921762466430664,0.7891582250595093,0.6563449522074103,0.6420728693263494,0.26826098561286926,0.26541948318481445,-0.8819442797931433,-0.8825497314422841,0.7871719598770142,0.785424530506134,0.6455719241273308,0.6341104634798196
260,10.833333,260,10.833333,0.0,0.05957827798389745,0.07425658048219227,0.4711348851458943,0.5523749528710473,0.0793379578660602,0.08185833422804342,0.07297308115030708,0.08448735676499201,0.12628460979495137,0.12694502211198036,0.1563973605203058,0.09461395688616205,0.07859174401776357,0.08400085773381917,0.5075886845588684,0.49431174993515015,0.5196677446365356,0.4907238483428955,0.4988759309053421,0.49825622141361237,0.2421586588025093,0.25376978516578674,0.29539796710014343,0.3170754015445709,0.4880920648574829,0.48763835430145264,-172.5715789794922,-167.38340759277344,-26.802457809448242,2.1855292320251465,-7.325582027435304,4.332619667053223,0.622261643409729,0.624825119972229,0.4719049701689323,0.4802965984259818,0.8528649210929871,0.8484283685684204,0.7847561333869917,0.7701220279759838,0.35948407649993896,0.36056503653526306,-0.5331225760246363,-0.5225028303433232,0.8630578517913818,0.872043251991272,0.8066847521041408,0.8205290270415562,0.7234926819801331,0.7282061576843262,0.8590764608310953,0.8726011955294547,0.793133556842804,0.787128210067749,0.6562527273642568,0.6392741649171849,0.2684377431869507,0.2657504379749298,-0.8813413149205908,-0.8822999818415087,0.7876946926116943,0.7840772271156311,0.6445517962476421,0.6327617086808918
261,10.875,261,10.875,0.0,0.07061940473689365,0.08323034150986158,0.4757341502571291,0.5641662054571414,0.07650130212948224,0.08671516729236745,0.07140975242150883,0.08859806604059949,0.1312662909295458,0.1247689712594618,0.16706198206747178,0.09408986574096766,0.07807605517716663,0.0835638365268523,0.5075347572565079,0.4959361404180527,0.5195121169090271,0.4939613938331604,0.49878212809562683,0.49789099395275116,0.24891942739486694,0.253228522837162,0.3048282563686371,0.31808292865753174,0.48850129544734955,0.4880531281232834,-169.56324768066406,-165.4148864746094,-27.841453552246094,-3.4010672569274902,-7.778170585632323,2.9850387573242188,0.6221752166748047,0.6250585913658142,0.47092115665469586,0.48404989963678813,0.8532209396362305,0.8476713299751282,0.7829590518724455,0.7699771907779813,0.36021387577056885,0.3604785203933716,-0.5288361156359576,-0.5230459282737688,0.8639122247695923,0.8725109696388245,0.8059104848558025,0.8231612506217311,0.7235084772109985,0.7275584936141968,0.8576525109693705,0.8742048479523687,0.7938762903213501,0.7850145697593689,0.6555613887588608,0.6358230351603089,0.2679731845855713,0.2651044726371765,-0.8808663102249735,-0.8860770712966703,0.7879148125648499,0.783090353012085,0.6427636328760687,0.631703101859124
262,10.916667,262,10.916667,0.0,0.05447321244417671,0.05088626903095965,0.47127426311592274,0.5390923921601604,0.07851578268680641,0.087940451566448,0.0714312257894432,0.08783825673813524,0.1221511711724181,0.11803493777486178,0.14764108507085544,0.093680371068889,0.08020742251759896,0.08332355380196613,0.5052469372749329,0.4991620182991028,0.5144438743591309,0.49978381395339966,0.49883005023002625,0.4967540502548218,0.2523808479309082,0.2535943388938904,0.31039032340049744,0.3180508315563202,0.4889976531267166,0.48857302963733673,-170.41665649414062,-166.61892700195312,-23.218538284301758,-10.326250076293945,-5.896218776702881,1.099072813987732,0.6217283010482788,0.6246640682220459,0.4705659231026764,0.4876685208517177,0.8532257676124573,0.8478545546531677,0.78445992922305,0.7705087499813946,0.3585670292377472,0.3613359332084656,-0.5370540061470042,-0.5162938281616323,0.8637517094612122,0.8723124861717224,0.8071302813163765,0.8229607936556742,0.7231447696685791,0.7272278666496277,0.8588801086698928,0.8787022855794266,0.7930943965911865,0.7827310562133789,0.6549513899878732,0.6308460568466837,0.2680932283401489,0.2655196785926819,-0.8834697391011392,-0.8816019713752787,0.7862740159034729,0.7845115065574646,0.6402619271518912,0.6346643788964049
263,10.958333,263,10.958333,0.0,0.042588484654240547,0.04399000397832035,0.49517422215277346,0.5266323213768781,0.08249684499392677,0.09071365116946843,0.07878690207220558,0.08965295063926111,0.12064697336473351,0.11431277954872314,0.12935800168189385,0.09493375084672874,0.08067615715702733,0.08289200773776001,0.5023845285177231,0.5002559721469879,0.5079390406608582,0.5020990371704102,0.4983074963092804,0.4962931275367737,0.25442299246788025,0.25392185151576996,0.3162367045879364,0.31843966245651245,0.4895622432231903,0.4882885217666626,-169.27310180664062,-166.69757080078125,-19.38924789428711,-12.59412670135498,-3.2087912559509277,0.1414557248353958,0.6216078996658325,0.6250174045562744,0.47273428823010955,0.49110519108782424,0.8531471490859985,0.847780168056488,0.7841171962172824,0.7714812813485737,0.35866937041282654,0.3608745336532593,-0.5353731882332785,-0.5166451578977045,0.8638550043106079,0.8715416193008423,0.8072100509558381,0.8224741626627533,0.7223312258720398,0.7267101407051086,0.8589079634659439,0.8790804182553548,0.7921198606491089,0.7819302082061768,0.6525040694613176,0.6301650312315593,0.26759225130081177,0.2653445601463318,-0.8845632630861785,-0.8811083887661685,0.7864339351654053,0.785569429397583,0.6402416463620915,0.6379749234970209
264,11.0,264,11.0,0.0,0.037421339197235885,0.04283814787766394,0.5075769601091666,0.5329661820121033,0.08571270898764669,0.09030652697341356,0.08521750257946295,0.08919033926709972,0.12317799384904067,0.11477355009869525,0.11609665729558535,0.09642906323108484,0.08259942803228588,0.08230121430285833,0.49879343807697296,0.5006675124168396,0.5007215142250061,0.5026257038116455,0.49927517771720886,0.49644748866558075,0.2554124593734741,0.2543717622756958,0.3206191658973694,0.31922009587287903,0.4882759004831314,0.4887308180332184,-167.70269775390625,-166.80435180664062,-11.922529220581055,-12.736555099487305,-0.691374659538269,0.04563096910715103,0.6215239763259888,0.6251081228256226,0.46824476599204234,0.49023517545089534,0.8526632785797119,0.8475123643875122,0.7850804878867425,0.7689735574833929,0.3565497398376465,0.36082547903060913,-0.5466756321663164,-0.5167600806762706,0.8620984554290771,0.8713159561157227,0.8054087804936122,0.8199916011874826,0.7227941751480103,0.7271139621734619,0.8561360261845937,0.8789076771540971,0.7922862768173218,0.7819569110870361,0.6549969316220893,0.6284690899344302,0.2673186957836151,0.26554399728775024,-0.8884537912794872,-0.8798107855354461,0.7845226526260376,0.78577721118927,0.6382700353731001,0.636657107936248
265,11.041667,265,11.041667,0.0,0.04913393576086346,0.04032926371206807,0.5315917026266821,0.5292564857020777,0.07967421684054173,0.09011023301461854,0.08123582526905633,0.08940368464867303,0.12665053200722445,0.11463512789546337,0.10128545221975556,0.09289679222593143,0.0849373429828896,0.08297639829147754,0.4948779195547104,0.5002681314945221,0.49111634492874146,0.5011121034622192,0.4995085299015045,0.4967118352651596,0.2553372234106064,0.25479497015476227,0.3177448511123657,0.32109716534614563,0.4892904460430145,0.4882332682609558,-168.43197631835938,-166.37927246093753,5.677528381347656,-10.104512214660646,4.03375244140625,0.8249895572662355,0.6208529472351074,0.6249657869338989,0.46285595311347466,0.48939073801076666,0.8518953919410706,0.848535418510437,0.7780048485785644,0.7733469399523886,0.3549303412437439,0.36078935861587524,-0.5514788136205114,-0.5186522543293914,0.8615190386772156,0.8711365461349487,0.7986533364340862,0.8218576492994936,0.7233943939208984,0.7269450426101685,0.8539898847957451,0.878522632567141,0.7924246191978455,0.7826996445655823,0.6504044116116866,0.632038057159442,0.2673478126525879,0.26550018787384033,-0.8855534718365493,-0.8822561588260427,0.7841674089431763,0.7854507565498352,0.6326877486523474,0.6379430011988133
266,11.083333,266,11.083333,0.0,0.0796196065040901,0.037026534554967516,0.5729260231082769,0.5275863291145039,0.07970101049989436,0.0920211214148057,0.08200310645312792,0.09257421228886147,0.13044668808007265,0.11304902196415599,0.09606421192006925,0.08843187741079887,0.08518086816788564,0.08268743017655904,0.49448829889297485,0.4992956072092056,0.489764928817749,0.49927446246147156,0.49904854595661163,0.49689292907714844,0.2551867961883545,0.25506599247455597,0.31720811128616333,0.3224504590034485,0.48956990242004395,0.48778289556503296,-167.6920166015625,-165.70562744140625,4.163552284240723,-8.410361289978027,5.043946743011475,1.4268978834152222,0.6209877729415894,0.624588668346405,0.4638928703428534,0.48669866386928423,0.8503273725509644,0.8490355014801025,0.7719907910742921,0.774492582240184,0.35434073209762573,0.36082035303115845,-0.5505113062620468,-0.5186260820432811,0.8623672723770142,0.8712990880012512,0.7977551689755851,0.8222236776907343,0.7231507301330566,0.7270621657371521,0.8525509636084632,0.8772654482231967,0.7925013303756714,0.783237636089325,0.6482479007956811,0.633427970281714,0.2675116956233978,0.26609867811203003,-0.880834631701006,-0.8796476234542522,0.7845528721809387,0.7860198020935059,0.631238865536215,0.6393926800098025
267,11.125,267,11.125,0.0,0.08644433563006576,0.035646542255360986,0.5617354625968489,0.5263317018666087,0.08228687554057153,0.09088484398523905,0.08458064910189228,0.09244009684156614,0.13082497629335316,0.1146075739340954,0.09604482087497591,0.0869258004455207,0.08496941647201403,0.08302457785682081,0.4950360208749771,0.4987719804048538,0.49168744683265686,0.49782368540763855,0.4991331100463867,0.4968453198671341,0.2542968690395355,0.2553578317165375,0.3175473213195801,0.3227277100086212,0.4896567761898041,0.48788316547870636,-166.85748291015625,-164.99342346191406,0.7794508337974548,-5.564580917358398,4.260976314544678,2.2711539268493652,0.6211304068565369,0.6244985461235046,0.4645578731560961,0.4864300871570694,0.8498874306678772,0.8487781882286072,0.7716010516166769,0.7735565243196476,0.35440337657928467,0.3610766530036926,-0.5511215323611304,-0.5173544483940306,0.8625857830047607,0.8708871006965637,0.7988004637020658,0.8209456330828676,0.7231879234313965,0.7273706793785095,0.8531863434523754,0.8784303695844666,0.7924489378929138,0.7835549116134644,0.6485698745708147,0.6337543990957893,0.2669021189212799,0.2660216689109802,-0.8843207033177136,-0.8795670265866985,0.7846601009368896,0.7854545712471008,0.6318864671166473,0.6378262039447149
268,11.166667,268,11.166667,0.0,0.08590832833016919,0.036856571816874614,0.5627765118980426,0.5238155680186659,0.08770763102230661,0.09112677589830571,0.08927789841231729,0.09264723305033626,0.12239558983593307,0.11544616040465129,0.09254203070169938,0.08757273772445785,0.0846019256834497,0.08286961227566249,0.49656324088573456,0.49865128099918365,0.4948742389678955,0.49753537774086,0.49929264187812805,0.49702367186546326,0.2530376762151718,0.2555393874645233,0.3179337978363037,0.3222181797027588,0.48920315504074097,0.4878353774547577,-164.9100341796875,-165.42550659179688,-3.4363679885864262,-4.963120937347412,2.755422592163086,2.43457293510437,0.6207975745201111,0.6248199343681335,0.46360732065885524,0.4874488977251044,0.8496838212013245,0.8485962152481079,0.7736791263261357,0.7740211956950395,0.35570770502090454,0.3611927032470703,-0.5478545308073173,-0.5180954014878598,0.8637521266937256,0.8710172772407532,0.8038731292893943,0.8221261322464972,0.7234208583831787,0.7270076870918274,0.8551708945357802,0.877220135558678,0.7926000952720642,0.7831754684448242,0.6511635759783767,0.6336593843252981,0.26722151041030884,0.2661031186580658,-0.885477429785345,-0.8807923402350303,0.784788191318512,0.7855300307273865,0.6343973313691982,0.6387111552559644
269,11.208333,269,11.208333,0.0,0.045262039156858655,0.03614438359242332,0.5408040657269898,0.5250657924561788,0.08807214938761283,0.08891871999746881,0.08822853582992297,0.09053915997611851,0.11961747053014331,0.11734418419655679,0.09484403656071688,0.08899708846170694,0.08341865772006389,0.08292695287231464,0.49911952018737793,0.4986098110675812,0.49962806701660156,0.49750828742980957,0.49923941493034363,0.49715255200862885,0.2533266246318817,0.25557930767536163,0.3180910348892212,0.3225736916065216,0.4888696074485779,0.4871464669704437,-166.59974670410156,-164.7642822265625,-9.335955619812013,-5.156120777130127,1.253210425376892,2.43337345123291,0.6210477948188782,0.6247689723968506,0.46520550010512307,0.4878932585159272,0.8495250344276428,0.848362147808075,0.7747876192111107,0.7767967158601042,0.35586017370224,0.3622472584247589,-0.547588036892455,-0.515759516506207,0.8637160658836365,0.8719667792320251,0.8052738802055349,0.8275586321941154,0.7237827777862549,0.7267812490463257,0.8575666756939003,0.8778987289070573,0.7921915054321289,0.7824656367301941,0.6516193397165005,0.6350858320102244,0.26738303899765015,0.2666394114494324,-0.8854962311873151,-0.8812800651831028,0.7854534387588501,0.7849643230438232,0.6371441086639579,0.6404592734895388
270,11.25,270,11.25,0.0,0.03941988569574708,0.03293662953953427,0.5393841425009338,0.5302229196235407,0.08771647810057115,0.09005597589399816,0.08765353776521641,0.09165148396547312,0.12053793502440686,0.11606224526192262,0.10019473140130089,0.08729444341959307,0.08290514591529259,0.08290239505526628,0.5002044290304184,0.49870389699935913,0.5018486976623535,0.4980495572090149,0.49844521284103394,0.49721546471118927,0.2546524554491043,0.2556372731924057,0.3187718987464905,0.3225570321083069,0.48940907418727875,0.4868915528059006,-166.57936096191406,-164.59829711914062,-11.075453758239746,-6.664857387542725,0.4723023772239685,2.187082290649414,0.621074378490448,0.6249271631240845,0.46861685461548014,0.488391509820652,0.848759114742279,0.8482901453971863,0.7724392905285512,0.77740335179039,0.35537099838256836,0.36287134885787964,-0.5467458577332917,-0.5137550153392487,0.8631859421730042,0.8722900152206421,0.8034504136327979,0.829029394685327,0.7233780026435852,0.7269567251205444,0.8595613930743577,0.8785701109123705,0.7910630702972412,0.7826123833656311,0.6484190133397759,0.6361241288268257,0.26673954725265503,0.2665020823478699,-0.8854433578634663,-0.8822876725353584,0.7865515947341919,0.7847214341163635,0.6387213909942308,0.6406609011229194
271,11.291667,271,11.291667,0.0,0.03868059351351309,0.03417411741494832,0.5274416869647928,0.5348775688625106,0.08867608167158224,0.08911501850987334,0.08817994267134034,0.09051328462797929,0.11692803697793937,0.1167649820487648,0.0987173452251637,0.08738639310753687,0.0828939194610567,0.08277056178099765,0.5004381090402603,0.499080628156662,0.5020875334739685,0.4985109567642212,0.4988718032836914,0.4970906376838684,0.25467096269130707,0.2557315081357956,0.3186357617378235,0.32261765003204346,0.4895860552787781,0.4862945079803467,-167.23446655273438,-164.49742126464844,-10.721636772155762,-7.202615261077881,0.3054686486721039,2.1980490684509277,0.6213616132736206,0.6246583461761475,0.46726111826345845,0.48771800987738395,0.8496172428131104,0.8479157090187073,0.772542414853529,0.7776863024642121,0.3558676838874817,0.36325109004974365,-0.5455169270884482,-0.511696561665176,0.8633957505226135,0.8726358413696289,0.802107858036038,0.8308483080911302,0.7231630682945251,0.7269782423973083,0.855602497173475,0.8789083569146626,0.791526734828949,0.78290194272995,0.6478938208650631,0.6378706186237817,0.26677531003952026,0.26626843214035034,-0.8853770528929312,-0.88248153120981,0.7866750359535217,0.7850379943847656,0.6374832139644948,0.6424643153111891
272,11.333333,272,11.333333,0.0,0.03531311762703119,0.03364262428009687,0.5356813923667921,0.5415980810330631,0.08669232788624055,0.08836433928223474,0.08676685756613306,0.089718468786536,0.11814944301274581,0.11537761063535663,0.09936107156777177,0.08669584110863301,0.08310268740219467,0.08275829680348949,0.5004181861877441,0.49927544593811035,0.5017428994178772,0.4987991750240326,0.49872568249702454,0.4970373213291168,0.25500988960266113,0.25587286055088043,0.32050299644470215,0.32256078720092773,0.4897403419017792,0.48581086099147797,-166.16201782226562,-164.26365661621094,-9.69924259185791,-7.056194305419923,0.5144363045692444,2.1309850215911865,0.6215677261352539,0.6244449615478516,0.4691266315496693,0.48722705085817725,0.8496552109718323,0.8481448888778687,0.7731528669545606,0.7794128631954986,0.3560228943824768,0.36318323016166687,-0.5449736614450947,-0.5118793031002885,0.8632310628890991,0.8726286292076111,0.8023158989190513,0.832079575906575,0.7231528162956238,0.7269311547279358,0.8570741921011025,0.8791505302593073,0.7917225956916809,0.7832905054092407,0.6487046392118312,0.6399052905699669,0.26672670245170593,0.2657722234725952,-0.8859906332407222,-0.884394463327419,0.7872974872589111,0.7846152186393738,0.6391988211270695,0.6427548670716106
273,11.375,273,11.375,0.0,0.033567903475171364,0.03727095209594033,0.5269599197284053,0.5577989517853836,0.08731891549953083,0.08762712996571609,0.08830275967847671,0.08971015231259544,0.12028882323416747,0.1160444698544422,0.09559693685674614,0.08664382420859194,0.08338524831552828,0.0827908580762265,0.4992450326681137,0.49908266961574554,0.4991573989391327,0.4982195198535919,0.4992799162864685,0.49748899042606354,0.2555786371231079,0.2557288855314255,0.3221743702888489,0.32231011986732483,0.4896808862686157,0.4850902855396271,-165.723388671875,-163.33787536621094,-6.597931861877441,-6.239199638366699,1.658159613609314,2.373328447341919,0.6213127374649048,0.6245449781417847,0.467970306224778,0.4868239316079312,0.849384069442749,0.848067581653595,0.7759048264590669,0.782309799994368,0.35607898235321045,0.3634965717792511,-0.5491455844197315,-0.5134013534037156,0.8634601831436157,0.8724234104156494,0.8062679843880916,0.8348029000629666,0.7236242890357971,0.7272610068321228,0.8603136746449374,0.8803876024367733,0.792078971862793,0.7830969095230103,0.6522937385597672,0.6422812250280191,0.26736557483673096,0.26546499133110046,-0.8893429188813096,-0.8890162321159828,0.7865727543830872,0.7833425998687744,0.6404164438404464,0.642810751164538
274,11.416667,274,11.416667,0.0,0.034205713786996536,0.0413939188099771,0.5228978295402213,0.5602708954710897,0.08711855652126929,0.08686769712823253,0.08842884553910678,0.0892889335672294,0.12223759299700634,0.11679520584233023,0.09391325852917315,0.08742308509234226,0.0830347261745087,0.08326564132074403,0.49861113727092743,0.4987797439098358,0.497296541929245,0.4979062080383301,0.4996834993362427,0.49764053523540497,0.2559574097394943,0.2559976726770401,0.3221164643764496,0.3224877119064331,0.4894401431083679,0.48506690561771393,-165.53746032714844,-163.1403045654297,-2.839413642883301,-5.768867015838623,2.594728708267212,2.413069248199463,0.6210528612136841,0.6245128512382507,0.46504751446594217,0.4861642410985666,0.8493451476097107,0.8483960628509521,0.7757087161368744,0.7831391266248803,0.3558957576751709,0.3641163408756256,-0.5509473794356418,-0.5116536898227947,0.8631985783576965,0.8726662397384644,0.8055672255913355,0.8354523658800392,0.7233224511146545,0.7272664904594421,0.8569109786318307,0.8799077038644384,0.7925769090652466,0.7837259769439697,0.6533552704000181,0.6437457595149615,0.26757657527923584,0.26534706354141235,-0.8893574659479929,-0.8901294067630025,0.7853973507881165,0.783664882183075,0.6378810595279053,0.6436140725948892
275,11.458333,275,11.458333,0.0,0.03265872918657751,0.03941603853206423,0.526004843356933,0.5624994682165481,0.08826012960698766,0.0883414982817799,0.09003802568032633,0.0908754500734232,0.12283611661583066,0.1147479241803456,0.09328165165814001,0.08567981729205448,0.08316824914857017,0.08296663760386107,0.4984545111656189,0.49853459000587463,0.4971676468849182,0.49765545129776,0.49973027408123016,0.4974713623523712,0.25590428709983826,0.2557239681482315,0.32247066497802734,0.3221759498119354,0.48893408477306366,0.4848449230194092,-164.62936401367188,-163.1168212890625,-3.5509583950042725,-6.125689506530763,2.668654680252075,2.3777034282684326,0.6210541725158691,0.6243245005607605,0.4646525222328892,0.48591880515282915,0.8497187495231628,0.8485749363899231,0.7772353384196101,0.7837258225944927,0.3564567565917969,0.3630743622779846,-0.5487163051103885,-0.5148160354140272,0.8641675114631653,0.872032105922699,0.8083621835252933,0.8342687770168059,0.7235804796218872,0.7269377708435059,0.8573130599067572,0.8789852944241083,0.7933355569839478,0.783399224281311,0.6557695057053807,0.6432922957810998,0.2671079635620117,0.26509734988212585,-0.8909089198829853,-0.8901230516080584,0.7853735089302063,0.7826917171478271,0.6386169332204904,0.6417678364574303
276,11.5,276,11.5,0.0,0.030211409807896626,0.03798013375218934,0.528452090760591,0.5606960913762572,0.08703176943480206,0.08715666209509602,0.08858929125700507,0.08967380885785262,0.12194999516254226,0.11555348299899774,0.09273603540375798,0.0868008228802932,0.08331790786974456,0.08291690135954917,0.4986977279186249,0.4985937178134918,0.4977983236312866,0.4976396858692169,0.49976126849651337,0.4975981265306473,0.2557009160518646,0.2557904124259949,0.32182419300079346,0.3221309185028076,0.48841117322444916,0.48504242300987244,-164.9770965576172,-163.35772705078125,-4.783366203308106,-5.933244228363037,2.383789539337158,2.4250824451446533,0.6213281154632568,0.6243517398834229,0.4659228215068978,0.4861833080448621,0.8495367169380188,0.8481281995773315,0.7785375536131026,0.7833781586065803,0.3572999835014343,0.3634922504425049,-0.546003828482643,-0.5143840616466318,0.865015983581543,0.8722497820854187,0.8119087470779791,0.8354218411394079,0.7238166332244873,0.7270129919052124,0.8587251402216008,0.8799565962040512,0.7927107810974121,0.7833386063575745,0.6560285651428455,0.6435909361127993,0.2671627402305603,0.26521819829940796,-0.8914680710413745,-0.8913295585211625,0.7857567667961121,0.7818962335586548,0.6410366561622423,0.6404789349820362
277,11.541667,277,11.541667,0.0,0.031076459868140432,0.03193006651010678,0.534876526102582,0.5598902128185662,0.08620581434142188,0.08948867512340548,0.08758844336628395,0.09193914880199335,0.12214986461829515,0.11559323134978833,0.09393947893923145,0.08747791881463164,0.08310836039571,0.08264199324695876,0.49918295443058014,0.49857208132743835,0.4983724355697632,0.4976777732372284,0.49969397485256195,0.4979209005832672,0.2559877038002014,0.2557362765073776,0.32216712832450867,0.32226598262786865,0.4889710545539856,0.48493361473083496,-164.6048583984375,-162.24232482910156,-5.33121395111084,-5.956109046936035,2.281686305999756,2.3535048961639404,0.6211706399917603,0.6244447827339172,0.4657094982920627,0.48661129556525906,0.8492147922515869,0.848264753818512,0.7768572113129046,0.7860222215307118,0.3571641743183136,0.3639511466026306,-0.5464216672594,-0.5152481448004769,0.864835262298584,0.8715803623199463,0.8105423903465878,0.8364626721803746,0.7238866090774536,0.7271485328674316,0.8594954354896879,0.8816102796493348,0.7924949526786804,0.7829748392105103,0.6545422012634826,0.6447755234013013,0.2667938470840454,0.2651773691177368,-0.892877669393921,-0.8951324402615441,0.786165177822113,0.7810669541358948,0.6408921895388119,0.6406480487550595
278,11.583333,278,11.583333,0.0,0.03223931192979527,0.028694024467677735,0.5422282020890088,0.5663787186725197,0.0852597135764172,0.08698193234533728,0.08653841452978071,0.08891719571327218,0.12135231977919678,0.11838684607504801,0.09398221056824724,0.08910156801402015,0.08312230078088535,0.08276038303657518,0.49923156201839447,0.4985979497432709,0.4984997510910034,0.49784839153289795,0.49974021315574646,0.4978422075510025,0.2557314783334732,0.2557891309261322,0.3218778371810913,0.3218994736671448,0.4890381395816803,0.48509681224823,-164.47769165039062,-161.8229217529297,-5.2479400634765625,-5.76973295211792,2.178316831588745,2.349687337875366,0.6214642524719238,0.6243855953216553,0.46680398238364396,0.4865712018590493,0.8491440415382385,0.8481248021125793,0.7768031229275395,0.7851806384543206,0.3572607934474945,0.36361491680145264,-0.5463995518154264,-0.5161165299340841,0.865383505821228,0.8717416524887085,0.8118341138142656,0.8362607043840532,0.7241307497024536,0.7268146872520447,0.8605234977219861,0.8804206731267926,0.7918267250061035,0.7825504541397095,0.6531609658896357,0.6433521573314109,0.2668359875679016,0.2652270495891571,-0.8931729560500659,-0.8944271128987166,0.7863602638244629,0.7809426188468933,0.6413689788819558,0.6398746261850811
279,11.625,279,11.625,0.0,0.03642499467071597,0.028665934785004656,0.5489687632259324,0.5628606207925544,0.08504611104093537,0.08704415689765375,0.08709521402970037,0.08892177358824796,0.12147368763409504,0.11965619316531799,0.09420684100905331,0.08967194849320607,0.08302517453225679,0.0826889916772646,0.49914610385894775,0.49852849543094635,0.4980837404727936,0.497732937335968,0.49972885847091675,0.4976801723241806,0.2557373046875,0.25566205382347107,0.3220784068107605,0.32153230905532837,0.48879338800907135,0.48504631221294403,-163.61782836914062,-161.53814697265625,-4.852463245391846,-5.679636001586914,2.36312198638916,2.4115419387817383,0.6214555501937866,0.6250233054161072,0.4668176984083872,0.4900329836350143,0.8494654297828674,0.8479267358779907,0.7780302795255686,0.7854812974321229,0.3571018576622009,0.36380642652511597,-0.5469696687395208,-0.5151636330241214,0.8654934167861938,0.8718434572219849,0.8126053443049208,0.8372507952790044,0.7238227725028992,0.7271803617477417,0.8593924939149794,0.8831466592458028,0.7917660474777222,0.7829992771148682,0.6535630035965965,0.6449410499502071,0.26699355244636536,0.2652064561843872,-0.8925319365788748,-0.8945891778433457,0.7865504026412964,0.7811755537986755,0.6423119801182214,0.6409934670464722
280,11.666667,280,11.666667,0.0,0.0362091527009721,0.025990810669295202,0.5509533548644011,0.5676003359611979,0.08522238958672948,0.08656030873098647,0.08755056820591972,0.0882042401218435,0.12144736533037283,0.11871621320761828,0.09409396894692762,0.08787907907836424,0.08330025668890738,0.0826623788783809,0.49904127418994904,0.4985128194093704,0.497937947511673,0.4977858066558838,0.5000139772891998,0.4976525157690048,0.2557259052991867,0.2556878626346588,0.3222178816795349,0.32155752182006836,0.4889579564332962,0.4849412739276886,-163.44325256347656,-160.9693145751953,-4.674324035644531,-5.463228225708008,2.4278018474578857,2.4354426860809326,0.6215679049491882,0.6247342228889465,0.46607768952749457,0.48960001973145795,0.8494993448257446,0.8477810621261597,0.77761919372079,0.7863136556914995,0.35708582401275635,0.36392641067504883,-0.5480334920468726,-0.5151984906121704,0.8654257655143738,0.8713526129722595,0.8119694536728297,0.8373957941971489,0.723848819732666,0.727073073387146,0.8582563164360975,0.8838747297487164,0.7917340397834778,0.783228874206543,0.653030418678108,0.6464219775544976,0.2670823335647583,0.2649443745613098,-0.8931364408775502,-0.896540604537408,0.7862600684165955,0.7804355025291443,0.64122410368125,0.640368434456961
281,11.708333,280,11.666667,-41.665999999999315,0.03789934986700296,0.025990810669295202,0.5548266415923414,0.5676003359611979,0.08401347255701958,0.08656030873098647,0.08662971465788386,0.0882042401218435,0.12143787595645165,0.11871621320761828,0.09320085937595796,0.08787907907836424,0.0835740887038773,0.0826623788783809,0.4988936483860016,0.4985128194093704,0.49758124351501465,0.4977858066558838,0.5000293105840683,0.4976525157690048,0.2555626630783081,0.2556878626346588,0.32191702723503113,0.32155752182006836,0.4892733097076416,0.4849412739276886,-163.35545349121094,-160.9693145751953,-4.399391174316406,-5.463228225708008,2.6419029235839844,2.4354426860809326,0.6215981245040894,0.6247342228889465,0.46573786855014754,0.48960001973145795,0.8493638038635254,0.8477810621261597,0.7759854092251899,0.7863136556914995,0.3575664162635803,0.36392641067504883,-0.5457844212575789,-0.5151984906121704,0.8656656742095947,0.8713526129722595,0.8111155049564991,0.8373957941971489,0.7237078547477722,0.727073073387146,0.8569267482344576,0.8838747297487164,0.7920957803726196,0.783228874206543,0.6525743462692473,0.6464219775544976,0.26734596490859985,0.2649443745613098,-0.891424716319969,-0.896540604537408,0.7871967554092407,0.7804355025291443,0.6420170781582865,0.640368434456961
282,11.75,-1,,,0.03585619990208688,,0.5555128712224761,,0.08407068889741488,,0.08687099128375549,,0.12198130378380488,,0.09351444977412418,,0.08333156735479606,,0.4987613558769226,,0.49743369221687317,,0.5001983493566513,,0.2554910480976105,,0.3219074308872223,,0.48939870297908783,,-163.07952880859378,,-4.43760871887207,,2.6628730297088623,,0.6213583946228027,,0.4640556769298102,,0.8491581678390503,,0.77507801492896,,0.3578031063079834,,-0.5453887109350154,,0.8658411502838135,,0.8110203991589761,,0.7237157821655273,,0.8560952033311425,,0.7924673557281494,,0.6529414030882363,,0.2677275836467743,,-0.8903874070937363,,0.7872352004051208,,0.6416690698831835,
283,11.791667,-1,,,0.031197622087432715,,0.5578365513297083,,0.08418711614908848,,0.08676451064416338,,0.12196956640809646,,0.09395559776325131,,0.08334309130308543,,0.49875473976135254,,0.4974600076675415,,0.500360369682312,,0.25549663603305817,,0.32216304540634155,,0.4893132895231247,,-162.5719757080078,,-4.292764663696289,,2.58379602432251,,0.6216179132461548,,0.46475195823538085,,0.8491389155387878,,0.7757594572013343,,0.3577030897140503,,-0.5467721699877183,,0.8658970594406128,,0.8118888701087288,,0.7237513065338135,,0.8562054970139575,,0.7922956943511963,,0.6532093573033857,,0.267757773399353,,-0.8915116448505517,,0.7871326208114624,,0.6420781236249368,
284,11.833333,-1,,,0.0267892491886352,,0.5585117410008997,,0.08427053684307605,,0.08676318070479597,,0.12219439726882574,,0.0943028892299506,,0.08315606461510677,,0.4986901730298996,,0.4975070357322693,,0.5002387315034866,,0.25545424222946167,,0.3219663202762604,,0.4891466349363327,,-162.30264282226562,,-4.609508514404297,,2.512962579727173,,0.6217546463012695,,0.46636318007946287,,0.8491173386573792,,0.7771069234117467,,0.35799291729927063,,-0.5459219919931094,,0.8659598231315613,,0.8134665803422853,,0.7237155437469482,,0.8576766014996363,,0.7918961644172668,,0.6535775078007471,,0.2676445245742798,,-0.8926680442810992,,0.7868942022323608,,0.642779241707553,
285,11.875,-1,,,0.026327188518440323,,0.5590645844345816,,0.08517431926197236,,0.0874963263537482,,0.12179050217742543,,0.09353391249418044,,0.08300568820814129,,0.49868038296699524,,0.49773919582366943,,0.5003202855587006,,0.25527410209178925,,0.3214412033557892,,0.48937655985355377,,-162.527587890625,,-4.984875202178955,,2.4289963245391846,,0.6217097640037537,,0.4660558305191438,,0.8492146730422974,,0.7771173187668388,,0.35773852467536926,,-0.5474202693394221,,0.8660749793052673,,0.8135293482779941,,0.723587155342102,,0.8571980682115962,,0.7915244102478027,,0.6525276749836176,,0.2679744362831116,,-0.8920553835382538,,0.7868695855140686,,0.6424749741055656,
286,11.916667,-1,,,0.02472191970970472,,0.5617397014651176,,0.08543750070590396,,0.0873088900821388,,0.12223881932818172,,0.09315245542107015,,0.08307997211919571,,0.4986902177333832,,0.4978329837322235,,0.5004071593284607,,0.2553897798061371,,0.32129743695259094,,0.4893389791250229,,-162.25180053710938,,-4.747030735015869,,2.4461185932159424,,0.6219244599342346,,0.4664170872914927,,0.8493480086326599,,0.777270632936986,,0.3580341935157776,,-0.5464669120558762,,0.866138219833374,,0.8135212183875041,,0.7236045002937317,,0.8566932703842616,,0.7919592261314392,,0.6533664759795544,,0.26814931631088257,,-0.8914699890536926,,0.7870043516159058,,0.642668748602885,
287,11.958333,-1,,,0.02406680413071993,,0.5613272527656628,,0.08515663700367662,,0.08682619157003185,,0.12295496512349277,,0.09349152779317063,,0.08283290083533758,,0.4987027645111084,,0.49792033433914185,,0.5003994256258011,,0.25534893572330475,,0.3212200105190277,,0.48927435278892517,,-161.89707946777344,,-4.793789386749268,,2.4222240447998047,,0.621872067451477,,0.46605047348535417,,0.8489372134208679,,0.7761981400503769,,0.3577231764793396,,-0.547401723305302,,0.8657429218292236,,0.8124669935702394,,0.723410964012146,,0.8556217391468995,,0.7919730544090271,,0.6532622489304645,,0.2682758569717407,,-0.8905815947724651,,0.7873581647872925,,0.6433027309123005,
