source_frame,source_time_s,candidate_frame,candidate_time_s,candidate_minus_source_sampling_ms,source_mouth_aperture,candidate_mouth_aperture,source_mouth_width,candidate_mouth_width,source_left_eye_aperture,candidate_left_eye_aperture,source_right_eye_aperture,candidate_right_eye_aperture,source_left_brow_height,candidate_left_brow_height,source_right_brow_height,candidate_right_brow_height,source_interocular_width_fraction,candidate_interocular_width_fraction,source_face_center_x,candidate_face_center_x,source_nose_x,candidate_nose_x,source_shoulder_center_x,candidate_shoulder_center_x,source_face_center_y,candidate_face_center_y,source_nose_y,candidate_nose_y,source_shoulder_center_y,candidate_shoulder_center_y,source_head_pitch_deg,candidate_head_pitch_deg,source_head_yaw_deg,candidate_head_yaw_deg,source_head_roll_deg,candidate_head_roll_deg,source_left_wrist_x,candidate_left_wrist_x,source_left_wrist_body_relative_x,candidate_left_wrist_body_relative_x,source_left_wrist_y,candidate_left_wrist_y,source_left_wrist_body_relative_y,candidate_left_wrist_body_relative_y,source_right_wrist_x,candidate_right_wrist_x,source_right_wrist_body_relative_x,candidate_right_wrist_body_relative_x,source_right_wrist_y,candidate_right_wrist_y,source_right_wrist_body_relative_y,candidate_right_wrist_body_relative_y,source_left_elbow_x,candidate_left_elbow_x,source_left_elbow_body_relative_x,candidate_left_elbow_body_relative_x,source_left_elbow_y,candidate_left_elbow_y,source_left_elbow_body_relative_y,candidate_left_elbow_body_relative_y,source_right_elbow_x,candidate_right_elbow_x,source_right_elbow_body_relative_x,candidate_right_elbow_body_relative_x,source_right_elbow_y,candidate_right_elbow_y,source_right_elbow_body_relative_y,candidate_right_elbow_body_relative_y
0,0.0,0,0.0,0.0,0.009958711092491117,0.01774340390882233,0.5707348365135682,0.5657456602530947,0.07738276267763504,0.0742380229751131,0.07687388282040984,0.07362959068450815,0.1425333753772506,0.14213855886160126,0.10481515888961732,0.1058537977111818,0.125040708494309,0.12590932684718448,0.5095285326242447,0.5099532306194305,0.5046865940093994,0.5050044059753418,0.5085836499929428,0.5118902176618576,0.33201155066490173,0.3321366310119629,0.40119418501853943,0.40146946907043457,0.755037397146225,0.7554270923137665,178.45321655273438,178.7382354736328,3.2282395362854004,3.2210001945495605,4.200647354125977,4.152708530426025,,,,,,,,,,,,,,,,,,,,,,,,,,,,,,,,
1,0.041666666666666664,1,0.041666666666666664,0.0,0.025221953398985347,0.02760129382114745,0.5679761919355756,0.5764972238709501,0.07795713544365585,0.0778494284334464,0.07692794322534413,0.07897974669414481,0.13537260378001703,0.12851589291743964,0.09519946285042807,0.09408241440985592,0.12545332176067864,0.12575917564507127,0.5073411911725998,0.5078149735927582,0.5043038129806519,0.504142165184021,0.5117334425449371,0.5150338858366013,0.335812047123909,0.33541491627693176,0.4038864076137543,0.406145840883255,0.7567965388298035,0.7520363330841064,177.04225158691406,177.88719177246094,0.3841547966003418,1.0536929368972778,4.2830328941345215,4.099000930786133,,,,,,,,,,,,,,,,,,,,,,,,,,,,,,,,
2,0.08333333333333333,2,0.08333333333333333,0.0,0.044030295969523146,0.050298140776443824,0.5651977458686246,0.5752107786611255,0.07525456653131182,0.07801465791218655,0.07420286836464095,0.07846361030489347,0.1375088719559228,0.12795835448514467,0.09302174395026694,0.09011575265617511,0.12653967574908784,0.12554137920222416,0.5070250034332275,0.5069307386875153,0.5043138861656189,0.5039833188056946,0.5109068155288696,0.515640914440155,0.3380102217197418,0.33818088471889496,0.4078555703163147,0.4092259705066681,0.7598803341388702,0.7516907453536987,177.5861358642578,178.0491180419922,-0.7275877594947815,-0.46118026971817017,4.630516052246094,4.334863662719727,,,,,,,,,,,,,,,,,,,,,,,,,,,,,,,,
3,0.125,3,0.125,0.0,0.049831422387369255,0.051207639733263866,0.5723710181226772,0.5663815548539233,0.08074396398649851,0.08198731995301252,0.08093005446434147,0.08328367144277467,0.13368738437941677,0.12913732484864285,0.08904320067382183,0.09003589323996822,0.12588235993562838,0.12510700737859567,0.5072905123233795,0.5072409510612488,0.5050287842750549,0.5032936930656433,0.5098652839660645,0.5143966674804688,0.33971257507801056,0.340503990650177,0.4120446741580963,0.4130312204360962,0.7616891860961914,0.7524740993976593,178.92190551757812,179.49319458007812,-1.895644187927246,0.40777015686035156,4.840288162231445,4.6850266456604,,,,,,,,,,,,,,,,,,,,,,,,,,,,,,,,
4,0.16666666666666666,4,0.16666666666666666,0.0,0.061279546462274244,0.06714344524588425,0.5828416213936244,0.579054464126214,0.08101190973472436,0.08317849092466743,0.08162515002264657,0.08513845827846678,0.13220034955411453,0.12714360349176612,0.08901032443496996,0.08815029318261705,0.12570906741515048,0.12406012196099236,0.5071881413459778,0.5072351694107056,0.5051344633102417,0.5042120814323425,0.5100417137145996,0.5129176825284958,0.3407745361328125,0.34090737998485565,0.4139348864555359,0.41340556740760803,0.7610171735286713,0.7513832151889801,179.31373596191406,179.13986206054688,-2.2223100662231445,-1.057218313217163,4.744464874267578,4.696543216705322,,,,,,,,,,,,,,,,,,,,,,,,,,,,,,,,
5,0.20833333333333334,5,0.20833333333333334,0.0,0.06226929016259853,0.06369062224771192,0.5773021574130395,0.5707535062811219,0.0785802962836463,0.0784454386021293,0.07956912727651806,0.07990226283818426,0.1343307592532329,0.1340338530987877,0.09148253898278554,0.09515115894456169,0.12530340916475705,0.12471873353420984,0.5073461830615997,0.5073216706514359,0.5047689080238342,0.5043549537658691,0.5105532109737396,0.5129181444644928,0.3406902700662613,0.34076325595378876,0.41481101512908936,0.4148406684398651,0.7603627145290375,0.7507956027984619,179.91444396972656,179.99366760253906,-2.0461795330047607,-1.2714931964874268,4.891510963439941,4.629145622253418,,,,,,,,,,,,,,,,,,,,,,,,,,,,,,,,
6,0.25,6,0.25,0.0,0.024054141066273616,0.02844691539157291,0.5686627809901885,0.5572310925563518,0.07569179733463456,0.07701166657803879,0.07735655460735544,0.0789649707976459,0.1391159779590848,0.13713115329465006,0.0963014362441701,0.09824269406333508,0.1262003343079297,0.1250459658243398,0.5076361447572708,0.5074851512908936,0.5045469999313354,0.5037238001823425,0.5114739835262299,0.5141302347183228,0.3406437039375305,0.3407038599252701,0.41588932275772095,0.4163118302822113,0.7595070600509644,0.7486123442649841,180.66575622558594,181.21987915039062,-1.0460232496261597,0.02070457860827446,5.028131484985352,4.736673831939697,,,,,,,,,,,,,,,,,,,,,,,,,,,,,,,,
7,0.2916666666666667,7,0.2916666666666667,0.0,0.016091204911339523,0.018333236343329624,0.5585834707427659,0.5635844195725985,0.08296454780662564,0.08071306042639062,0.08403769950563637,0.0828722395586348,0.13410523589970882,0.13375702283177818,0.09344215264406398,0.09701846392634293,0.12509361422791862,0.12424731008979753,0.5069994628429413,0.5070803165435791,0.5042243003845215,0.5036142468452454,0.511732667684555,0.5142101347446442,0.34037064015865326,0.3408985137939453,0.415748655796051,0.4158318340778351,0.7575554251670837,0.7484451830387115,182.404541015625,182.2766876220703,-0.8829540014266968,0.007858960889279842,4.644593715667725,4.553415298461914,,,,,,,,,,,,,,,,,,,,,,,,,,,,,,,,
8,0.3333333333333333,8,0.3333333333333333,0.0,0.030260722794718562,0.03557668729402829,0.5632659443391355,0.5557211957803764,0.07652605758597875,0.08069867565944698,0.07594132994524691,0.0819918795787097,0.13751664002643352,0.12977434393635626,0.09714999806119021,0.09769667972336347,0.125528040114565,0.12384275295006208,0.5069285035133362,0.5069477558135986,0.5046192407608032,0.504558801651001,0.5115389972925186,0.514222115278244,0.3398323059082031,0.3403179198503494,0.4119795262813568,0.4129611849784851,0.7580915093421936,0.7483677864074707,179.88778686523435,180.31353759765625,-0.8639413714408875,-0.6874873042106628,4.264725208282471,3.7113108634948735,,,,,,,,,,,,,,,,,,,,,,,,,,,,,,,,
9,0.375,9,0.375,0.0,0.05114096869050789,0.05063305270563302,0.5564796881049607,0.5460343801045143,0.05590306192110946,0.05127687612214067,0.05565995696646755,0.05139263045131224,0.15996471064516218,0.1635804312241147,0.12448824598458388,0.13249342203599004,0.12313269370759843,0.12155602952852036,0.5074592977762222,0.5077589750289917,0.5047402381896973,0.504627525806427,0.5121771097183228,0.5128205567598343,0.34043964743614197,0.3412128835916519,0.41031110286712646,0.4106297492980957,0.7591782212257385,0.7505422532558441,179.27662658691403,179.61775207519537,-0.33897504210472107,0.44974061846733093,3.9798889160156254,3.659819602966309,,,,,,,,,,,,,,,,,,,,,,,,,,,,,,,,
10,0.4166666666666667,10,0.4166666666666667,0.0,0.07351184440078996,0.05954044409196134,0.5436041478468956,0.533959810711723,0.04708306018817859,0.046911570065307745,0.046240091604206834,0.046361079740472294,0.17994842948590353,0.17787174261224542,0.14808848219516288,0.1485648927913939,0.12317103437849729,0.12223792982215068,0.5071248263120651,0.5076178908348083,0.5052376985549927,0.5051104426383972,0.5119913816452026,0.5123581886291504,0.3415135145187378,0.3412254750728607,0.4040820896625519,0.40460506081581116,0.7586257755756378,0.7541621029376984,175.46482849121088,176.52676391601568,-0.5058067440986633,0.4442098438739777,3.501089096069336,3.302420139312744,,,,,,,,,,,,,,,,,,,,,,,,,,,,,,,,
11,0.4583333333333333,11,0.4583333333333333,0.0,0.06593899449518754,0.06309921641628825,0.5309128402747466,0.5356279339967426,0.04513543149358968,0.04427306487492828,0.04278400127621309,0.04315683647262828,0.18365360961176,0.1808244336195259,0.15358550941932342,0.15593667147512294,0.12377287809219918,0.12229787801011965,0.5068671554327011,0.5071407556533813,0.5059904456138611,0.5052233338356018,0.5107648968696594,0.511400580406189,0.33760327100753784,0.33754484355449677,0.40076062083244324,0.40037986636161804,0.7617993950843811,0.7544974386692047,176.14230346679685,176.53849792480474,-1.3167215585708618,0.1549328863620758,3.027751922607422,2.7960832118988037,,,,,,,,,,,,,,,,,,,,,,,,,,,,,,,,
12,0.5,12,0.5,0.0,0.033272491939820216,0.029347976867302863,0.5478722212542207,0.5536591356094162,0.05060274841903295,0.045889947110782245,0.04858392420141272,0.04382629061013141,0.17404799223227638,0.17400787084681835,0.14569463880598008,0.14725589695670496,0.1241876714399478,0.1237309479909757,0.506468191742897,0.5073608458042145,0.5049363970756531,0.5041583180427551,0.5103579014539719,0.5110213160514832,0.33384767174720764,0.33472801744937897,0.39662256836891174,0.3969891667366028,0.7642521858215332,0.7534657418727875,175.7698364257812,175.64161682128912,-0.04834158718585968,1.9580080509185793,2.927399158477783,2.9855964183807377,,,,,,,,,,,,,,,,,,,,,,,,,,,,,,,,
13,0.5416666666666666,13,0.5416666666666666,0.0,0.021819906802788072,0.02099594883713296,0.5576146556497762,0.5601534392792646,0.05739365267349143,0.05367951139103451,0.05471731157827227,0.051312242494043626,0.1737124461482053,0.1669381564359556,0.1426878004630769,0.14066696239806942,0.1237796321168162,0.12314233251934649,0.5065684169530869,0.5066833645105362,0.5055514574050903,0.5044317841529846,0.5106552690267563,0.5104341357946396,0.33141206204891205,0.33102767169475555,0.3960280418395996,0.39452311396598816,0.761867105960846,0.7541069686412811,177.16673278808588,176.32302856445318,-0.9441998600959778,0.9740609526634217,3.144648551940918,2.8670103549957275,,,,,,,,,,,,,,,,,,,,,,,,,,,,,,,,
14,0.5833333333333334,14,0.5833333333333334,0.0,0.03491151614792514,0.04024494218146567,0.5122961218712688,0.5225496307514031,0.06284938505254593,0.062061403213091705,0.05999627162817838,0.05998049647351621,0.16732720569501125,0.161422822097105,0.1372183983571272,0.13486663170923655,0.12437833955896091,0.12355359380931007,0.506355032324791,0.5064198076725006,0.5047287940979004,0.5048291683197021,0.5119021683931351,0.5102637410163879,0.3294825702905655,0.3291615694761276,0.3925151824951172,0.3916539251804352,0.760972410440445,0.7514882385730743,176.30937194824213,175.94387817382818,-0.1471744328737259,-0.36585927009582525,2.9264919757843018,2.9011552333831787,,,,,,,,,,,,,,,,,,,,,,,,,,,,,,,,
15,0.625,15,0.625,0.0,0.07161416263615689,0.0660992262623883,0.5058991546826077,0.5091994850761147,0.06658922421722714,0.06281133144374791,0.06393409188737949,0.06118588778554994,0.15999904598139314,0.15624774095568986,0.12796227568130003,0.13074790246917492,0.12454555591504987,0.12364733173085177,0.5055515617132187,0.5060727596282959,0.5046406388282776,0.5045458674430847,0.5104577094316483,0.5090008974075317,0.3277807831764221,0.32784923911094666,0.3880898654460907,0.3894943594932556,0.7626406848430634,0.7524358332157135,174.8963928222656,175.53134155273443,-1.8738149404525757,-0.8613720536231995,3.114161491394043,2.7404308319091797,,,,,,,,,,,,,,,,,,,,,,,,,,,,,,,,
16,0.6666666666666666,16,0.6666666666666666,0.0,0.09314248081443798,0.07763000324283001,0.5053069320431837,0.49899273845361575,0.07242804054724673,0.06817936833404535,0.07054434178427052,0.06698212110535882,0.14470106479856149,0.1453291543976581,0.11575944124027497,0.12159257373123745,0.12597230032963697,0.12532220683247766,0.5054081082344055,0.5056659430265427,0.5048747658729553,0.5045083165168762,0.5113009214401245,0.5089490115642548,0.3253208249807358,0.32651975750923157,0.38607367873191833,0.3873175084590912,0.7623480558395386,0.7538796365261078,174.92553710937494,175.17239379882818,-2.2277584075927734,-1.0867621898651123,2.758226156234741,2.56394624710083,,,,,,,,,,,,,,,,,,,,,,,,,,,,,,,,
17,0.7083333333333334,17,0.7083333333333334,0.0,0.06923263235831424,0.07412318295239152,0.5081683398540021,0.4982645959984207,0.07009081799958784,0.06986393793025246,0.06739986040759431,0.06791335504161934,0.14916710931061136,0.1462775743688017,0.12239603539681049,0.12254479390071485,0.12553689908229093,0.12573854003934076,0.5047505050897598,0.5051144957542419,0.5031695365905762,0.503243088722229,0.5109573751688004,0.5086300373077393,0.32568560540676117,0.32650618255138397,0.3875691890716553,0.38736122846603394,0.762306421995163,0.7547469735145569,175.62405395507807,175.2053833007813,-0.27058693766593933,0.1778412014245987,2.5562796592712402,2.4919562339782715,,,,,,,,,,,,,,,,,,,,,,,,,,,,,,,,
18,0.75,18,0.75,0.0,0.05991014691138512,0.06633011858175161,0.5082413395280588,0.504803919047832,0.07302028311830987,0.06971689379692438,0.07017621733975321,0.06771225971712529,0.15322870903584368,0.14993561896694374,0.12167644026609867,0.12475284199746757,0.12455701668657158,0.12446053191588237,0.5040465891361237,0.5045703500509262,0.5022093057632446,0.502255916595459,0.5104751437902451,0.5084062665700912,0.32736679911613464,0.3266942948102951,0.38935545086860657,0.3898483216762543,0.7640364170074463,0.7536480128765106,175.69099426269526,176.26602172851568,-0.45190939307212835,0.4410907030105591,3.0382351875305176,2.6993281841278076,,,,,,,,,,,,,,,,,,,,,,,,,,,,,,,,
19,0.7916666666666666,19,0.7916666666666666,0.0,0.050861893211852784,0.05046557517420473,0.5064270080255887,0.5080262024785129,0.07482953140825209,0.07211138925218698,0.07378053066580431,0.07100508667550987,0.14654859354957472,0.15008609606510204,0.11808521738242833,0.12577755218399062,0.12470710073342899,0.12328514774129222,0.503726989030838,0.5042903423309326,0.5019922256469727,0.5016775727272034,0.5097896456718445,0.5088035613298416,0.32849326729774475,0.32912926375865936,0.3922002613544464,0.3926289677619934,0.7644582986831665,0.7531209588050842,176.190689086914,176.26811218261724,-0.5787526369094849,1.035834550857544,2.828962802886963,2.6729447841644287,,,,,,,,,,,,,,,,,,,,,,,,,,,,,,,,
20,0.8333333333333334,20,0.8333333333333334,0.0,0.041290740037689073,0.042506564548878016,0.5183521808237712,0.5102494217696286,0.07609633395630873,0.07324015309178211,0.07565338987653307,0.07451527749684674,0.1427627773165317,0.1391285420510565,0.12221172739095634,0.12301023321856168,0.12547904110376293,0.12430023348650485,0.5032848715782166,0.5037685632705688,0.5009890198707581,0.4999227225780487,0.5105587691068649,0.5087807178497314,0.33113521337509155,0.3317689150571823,0.3988592326641083,0.40078097581863403,0.7633779942989349,0.7557216882705688,177.7738647460937,178.48457336425787,0.8680387735366821,3.1703767776489262,2.2142508029937744,2.2901618480682373,,,,,,,,,,,,,,,,,,,,,,,,,,,,,,,,
21,0.875,21,0.875,0.0,0.029604011966544223,0.034182343191664986,0.5335245723320972,0.5309646401454443,0.07679658566488724,0.0758805769904094,0.07600434230056152,0.07515127102598619,0.13791403135739233,0.13228696919785984,0.11576906467837517,0.11674599202768654,0.12667991103071977,0.1258641071350102,0.5030704736709595,0.5031097680330276,0.49906685948371887,0.4986986517906189,0.5104558765888214,0.508988082408905,0.336970791220665,0.3367251008749008,0.4094007611274719,0.40903007984161377,0.7661064267158508,0.7541753947734833,179.45155334472653,179.48550415039068,3.164777040481568,4.17462682723999,2.5629422664642334,1.9554388523101804,,,,,,,,,,,,,,,,,,,,,,,,,,,,,,,,
22,0.9166666666666666,22,0.9166666666666666,0.0,0.03818544699250017,0.03598943873041519,0.5552850445393858,0.5512483790693796,0.0701607680657436,0.06966294495294915,0.06905605707987089,0.06841651935103664,0.137191381942812,0.13398918451459735,0.11483469293688647,0.11632125841123209,0.12736380997451208,0.1259093505775313,0.5028049498796463,0.5026699900627136,0.4985969662666321,0.4974917471408844,0.5096959322690964,0.5090090334415436,0.34401077032089233,0.3441140353679657,0.4161969721317291,0.41683247685432434,0.7659109532833099,0.7532225251197815,178.958755493164,179.4991302490235,3.179675340652466,4.874298572540283,2.5105161666870117,2.1513233184814453,,,,,,,,,,,,,,,,,,,,,,,,,,,,,,,,
23,0.9583333333333334,23,0.9583333333333334,0.0,0.065141000151083,0.05417126930851043,0.5759875355117157,0.5753072475822151,0.07334276701017022,0.0768125915351668,0.07300934452096354,0.0765569983215085,0.13587183260636063,0.12727788277833213,0.11325904487969028,0.11094130301500743,0.1278510775878889,0.12645675782888088,0.5021345317363739,0.501920074224472,0.4985349178314209,0.49784529209136963,0.510444775223732,0.508413165807724,0.3511136621236801,0.35186146199703217,0.4234510660171509,0.42442581057548523,0.7648026943206787,0.7538524568080902,178.76400756835935,178.954818725586,1.583445191383362,3.0023999214172363,2.553605556488037,1.970831274986267,,,,,,,,,,,,,,,,,,,,,,,,,,,,,,,,
24,1.0,24,1.0,0.0,0.08577237845866457,0.07866416342605102,0.5830239294348096,0.5788942215695203,0.07191033808613319,0.07705486629394466,0.07198628646326023,0.0771181588204753,0.1327104233311921,0.12356214397644412,0.11156467243517504,0.10488136987977344,0.1274796814185242,0.12655341675343085,0.5020544975996017,0.5021377205848694,0.49864301085472107,0.498393177986145,0.51127028465271,0.509027898311615,0.3551028221845627,0.35540537536144257,0.4293542206287384,0.43074870109558105,0.7636825740337372,0.7562658190727234,179.42221069335935,179.86691284179693,1.2250559329986572,1.9468066692352295,2.629115581512451,2.369310140609741,,,,,,,,,,,,,,,,,,,,,,,,,,,,,,,,
25,1.0416666666666667,25,1.0416666666666667,0.0,0.09152742819335323,0.08088060070923807,0.5803700601862547,0.564186158519682,0.07686711544219145,0.07881097303389702,0.07888797645665736,0.08125182486023833,0.13199485565031585,0.12440727748400884,0.11018241401181908,0.10594910743595178,0.12690264176066113,0.1258390985258467,0.5029691755771637,0.5027997195720673,0.500965416431427,0.49944746494293213,0.5106593370437622,0.5090852677822113,0.35493704676628113,0.35559047758579254,0.43023982644081116,0.43337833881378174,0.7606827616691589,0.7594045400619507,179.73295593261716,181.07328796386722,-1.0190945863723755,1.3946118354797363,2.8495504856109624,2.541051149368286,,,,,,,,,,,,,,,,,,,,,,,,,,,,,,,,
26,1.0833333333333333,26,1.0833333333333333,0.0,0.08650287215289121,0.08025010265908727,0.5679941695842315,0.5574300353874995,0.07720701349540535,0.08134892812054316,0.07806196211890042,0.08311664280079444,0.13319380604742354,0.1257203357531975,0.1094967994664102,0.10811971610494911,0.12720242837635268,0.12682134986172172,0.5031308382749557,0.502695694565773,0.5013120174407959,0.5005190372467041,0.511107474565506,0.5092560052871704,0.35133662819862366,0.3523624986410141,0.4275696873664856,0.42907771468162537,0.7596110105514526,0.7553673386573792,180.08847045898432,180.39233398437506,-1.3020883798599243,-0.0870235413312912,2.7968919277191167,2.3358278274536133,,,,,,,,,,,,,,,,,,,,,,,,,,,,,,,,
27,1.125,27,1.125,0.0,0.06270433501648115,0.0651961377090982,0.5493600567358663,0.5502970167635368,0.07814586117822762,0.08153876132548055,0.07923280660738634,0.08330507916004373,0.13111635930206214,0.12535722445099184,0.10972049150509554,0.10807745270844873,0.12754706004384025,0.12650535064356058,0.5026495009660721,0.5030249804258347,0.5007384419441223,0.5004324316978455,0.5102909803390503,0.507940411567688,0.34833452105522156,0.34829699993133545,0.4241785705089569,0.425515353679657,0.7607249617576599,0.753028154373169,179.88853454589838,180.71626281738287,-0.40138253569602966,0.8250594735145569,2.5396363735198975,2.264223337173462,,,,,,,,,,,,,,,,,,,,,,,,,,,,,,,,
28,1.1666666666666667,28,1.1666666666666667,0.0,0.04528345875578967,0.04261447892431981,0.5558663174408403,0.547625314493075,0.07704561383509702,0.08189822068219471,0.07832485192977706,0.08405666279249956,0.13112338623091238,0.1225694328365576,0.1099684528365027,0.10589047055988433,0.1272579373357465,0.12660979059738395,0.5028945058584213,0.5027739256620407,0.5007678866386414,0.5008172392845154,0.5089591145515442,0.5078599601984024,0.34596651792526245,0.347140833735466,0.42223238945007324,0.4228622317314148,0.7624503374099731,0.7529866397380829,180.18022155761713,179.719223022461,0.013798227533698082,0.23387181758880615,2.583690643310547,2.2328696250915527,,,,,,,,,,,,,,,,,,,,,,,,,,,,,,,,
29,1.2083333333333333,29,1.2083333333333333,0.0,0.03675710494951637,0.03773120977854628,0.5551512038162137,0.5583213788921132,0.08086908746733365,0.08471165895171724,0.08264457365900446,0.08758458035481315,0.12399523698796305,0.11644142660791461,0.10530567700343246,0.09913061765960539,0.12641409496658448,0.12488306842540028,0.5025418400764465,0.5031005442142487,0.49930623173713684,0.4993736743927002,0.5096282958984375,0.5082419067621231,0.3481275588274002,0.3485000282526016,0.42671704292297363,0.4277368187904358,0.7641248404979706,0.7522933483123779,181.60710144042963,181.73611450195318,1.6978952884674072,2.6054913997650146,2.5833683013916016,2.5653867721557617,,,,,,,,,,,,,,,,,,,,,,,,,,,,,,,,
30,1.25,30,1.25,0.0,0.0509567313755809,0.043190367788259354,0.5665392926186789,0.5536497860125212,0.08232175388966236,0.08457865088441512,0.08402843256013871,0.08681767464515464,0.12242231352327597,0.11107601484872019,0.10453601951357579,0.09688882372438247,0.12595704269598113,0.12576761954502472,0.5024710148572922,0.5021599233150482,0.4992315471172333,0.49893447756767273,0.5095372051000595,0.5090851336717606,0.35190603137016296,0.35223373770713806,0.43285900354385376,0.43295150995254517,0.7630583047866821,0.7536729574203491,183.30053710937494,182.48918151855472,1.3142008781433105,2.1119537353515625,2.4099466800689697,2.101797103881836,,,,,,,,,,,,,,,,,,,,,,,,,,,,,,,,
31,1.2916666666666667,31,1.2916666666666667,0.0,0.08335994097297249,0.059285226997008986,0.594450136157425,0.5767280468786824,0.07778115206383983,0.08340799904359132,0.07812206807908968,0.08464844788587733,0.12386722546437119,0.11303847784695911,0.1047679441013794,0.09755132158118385,0.12556124531730112,0.12533056733785952,0.5017176270484924,0.5018462538719177,0.4993591606616974,0.49901607632637024,0.5097723305225372,0.5094715058803558,0.3560051769018173,0.3562563359737396,0.4376697838306427,0.43848279118537903,0.7602947950363159,0.7531417906284332,182.91113281249994,183.0384216308594,-0.11812730878591537,1.1202507019042969,2.109095573425293,1.9998513460159304,,,,,,,,,,,,,,,,,,,,,,,,,,0.19541415572166443,,-0.7791025954887372,,1.0174551010131836,,0.36883085890808004
32,1.3333333333333333,32,1.3333333333333333,0.0,0.08664020179769683,0.06794474685507332,0.5928577073749683,0.569345819358717,0.08481939895232062,0.08737333454875815,0.0859298168335175,0.08852639042825905,0.11859523301173808,0.11041778959774638,0.09982899814536364,0.09396259202354018,0.12562603156289373,0.1253648707563294,0.5015309154987335,0.5017186254262924,0.49863162636756897,0.4987544119358063,0.5101584196090698,0.5083229690790176,0.3595424294471741,0.3596206158399582,0.44323068857192993,0.44428157806396484,0.7636929154396057,0.7536917924880981,184.17158508300776,184.11624145507815,0.28036281466484075,0.955481767654419,2.3929574489593506,2.151172161102295,,,,,,,,,,,,,,,,,,,,,,,,,,,,,,,,
33,1.375,33,1.375,0.0,0.064293720112605,0.0598940016848096,0.5865717484089235,0.575999055443983,0.08055595008487783,0.08387955944651898,0.0826962565879468,0.08699821728243942,0.11801880418566404,0.11080322254627789,0.09898566254919505,0.09534699049463684,0.1263005523680197,0.12504770128070747,0.5013782978057861,0.5018333792686462,0.49811026453971863,0.4983331561088562,0.5090284645557404,0.5082298219203949,0.3611249178647995,0.3609582781791687,0.4464583992958069,0.44730812311172485,0.7636675536632538,0.7542501389980316,185.78721618652338,185.54403686523443,0.6229129433631897,0.9843155741691589,2.6453051567077637,2.491828680038452,,,,,,,,,,,,,,,,,,,,,,,,,,,,,,,,
34,1.4166666666666667,34,1.4166666666666667,0.0,0.049645952066049034,0.04751098147508541,0.5659498171219638,0.564602345656942,0.07795285422233457,0.0837034189939853,0.07902717567406062,0.08649392833352608,0.11956126408861527,0.1111868179507749,0.10093994627836707,0.09724678261727707,0.1260149312848327,0.12467357889902153,0.5010605752468109,0.5015003979206085,0.4984830915927887,0.49873828887939453,0.5087654888629913,0.508391872048378,0.3608342707157135,0.361156165599823,0.44476717710494995,0.4466826021671295,0.7641333937644958,0.7560541331768036,185.04577636718744,185.65597534179693,0.5923126339912415,0.6364749670028687,2.226724863052368,2.166400671005249,,,,,,,,,,,,,,,,,,,,,,,,,,,,,,,,
35,1.4583333333333333,35,1.4583333333333333,0.0,0.037003409069867974,0.036229577605249454,0.5522658307683096,0.5528518365243557,0.07987139245891382,0.08491963998383208,0.0806939201050734,0.08754717268851209,0.11707833994482192,0.11137414528034421,0.09931175140441126,0.09803842971747939,0.12611878989252065,0.12424412621282131,0.5008969008922577,0.5011800825595856,0.49884793162345886,0.4988619089126587,0.5092453360557556,0.5085372030735016,0.35981810092926025,0.36047784984111786,0.4436936378479004,0.44580143690109253,0.763349860906601,0.7565318644046783,185.82768249511713,186.13661193847662,0.5369650721549988,0.4312773048877716,1.9304927587509155,1.9299601316452026,,,,,,,,,,,,,,,,,,,,,,,,,,,,,,,,
36,1.5,36,1.5,0.0,0.0228042417173723,0.027451045966039565,0.5506212140771704,0.5544234160867476,0.08467780635691191,0.08677263905818736,0.08543367412270537,0.08869650430055229,0.11313518639511834,0.10740548566188637,0.0970316000236649,0.09410169692013608,0.12558083221649247,0.12447676686296721,0.5005063712596893,0.5007661432027817,0.49793681502342224,0.4981795847415924,0.509215235710144,0.5085297375917435,0.35953329503536224,0.35932911932468414,0.44408878684043884,0.44540703296661377,0.7645615935325623,0.7569825649261475,186.60299682617182,187.26438903808597,1.608707308769226,1.298142671585083,1.8156383037567139,1.8076608180999758,,,,,,,,,,,,,,,,,,,,,,,,,,,,,,,,
37,1.5416666666666667,37,1.5416666666666667,0.0,0.023973487616577027,0.026338397372743863,0.5460125739927457,0.5500658640186307,0.08383038600907015,0.086897483967847,0.08428147672754462,0.08868500695094318,0.11328315236876946,0.10660057355510098,0.09846353595648386,0.09307789947616224,0.1250440382006348,0.12439086252109552,0.5002398788928986,0.5006869584321976,0.49754321575164795,0.49772000312805176,0.509537011384964,0.5088857412338257,0.35826240479946136,0.35866793990135193,0.4439105987548828,0.4435707926750183,0.7633914947509766,0.7566220462322235,187.49990844726557,185.99685668945318,2.181347131729126,1.900049328804016,1.7085450887680056,1.8561838865280151,,,,,,,,,,,,,,,,,,,,,,,,,,,,,,,,
38,1.5833333333333333,38,1.5833333333333333,0.0,0.03213897028810616,0.031355510035731726,0.5411713721665999,0.5444007866733483,0.08148576002481274,0.08660023752505856,0.08226887164717414,0.08831985034147437,0.11489650420439602,0.10763093220846358,0.10104326587579106,0.0947641792436763,0.1251582425223846,0.12426587545170821,0.5002370476722717,0.5006320625543594,0.4977780878543854,0.49804407358169556,0.5096782445907593,0.5090219229459763,0.35663771629333496,0.3571084141731262,0.44040602445602417,0.4415162205696106,0.7622479498386383,0.7556950747966766,185.7150268554687,185.27926635742193,1.7107793092727661,1.5776402950286865,1.65987229347229,1.7109838724136355,,,,,,,,,,,,,,,,,,,,,,,,,,,,,,,,
39,1.625,39,1.625,0.0,0.03910638719896975,0.04227854291414009,0.5378280886445209,0.5379726362408764,0.08324412342829529,0.08619013713876773,0.083547621224293,0.08721056149747657,0.11497979928147709,0.10900672963163131,0.10154653989885329,0.09847255098332898,0.125356107777298,0.12409525813803636,0.5002194046974182,0.500426709651947,0.49881231784820557,0.49905306100845337,0.509205237030983,0.5092829465866089,0.3553810566663742,0.3561498075723648,0.43745914101600647,0.4388033151626587,0.7632814943790436,0.7554438710212708,184.74841308593744,184.7738647460938,0.18062421679496768,0.2649196982383728,1.4793014526367188,1.2487012147903442,,,,,,,,,,,,,,,,,,,,,,,,,,,,,,,,
40,1.6666666666666667,40,1.6666666666666667,0.0,0.040664576159053126,0.04118708360123831,0.5380095962979772,0.5331381865984951,0.061660157962975304,0.059331330782725004,0.06335097835494277,0.06145919908644253,0.1352290045015486,0.1366918860559955,0.1295676195477027,0.1313260537719682,0.12555269753737813,0.12379548804047392,0.4999784827232361,0.5010696798563004,0.49866265058517456,0.49866923689842224,0.5090700685977936,0.5092561393976212,0.35460540652275085,0.3554093688726425,0.4328968822956085,0.4344469904899597,0.7620875537395477,0.7579827308654785,183.3704223632812,183.50003051757818,0.5673841834068298,1.7707637548446655,0.914132833480835,1.254228115081787,,,,,,,,,,,,,,,,,,,,,,,,,,,,,,,,
41,1.7083333333333333,41,1.7083333333333333,0.0,0.04341370019808246,0.04793165479276413,0.5232753867495448,0.5113818953720107,0.05004135341907872,0.05408205347007593,0.05025984002070241,0.055370697448561344,0.15785371566945416,0.15334225338011537,0.15201352984619834,0.1544723709652453,0.12391618036346258,0.1235942492076818,0.4995528310537338,0.49945029616355896,0.4973779320716858,0.49801450967788696,0.5098868012428284,0.5084643959999084,0.35066884756088257,0.3526710718870163,0.4237852692604065,0.42482590675354004,0.7642803192138672,0.755101352930069,180.3719635009765,180.7036285400391,2.2373476028442383,1.5143013000488281,0.8568763136863708,0.24557790160179135,,,,,,,,,,,,,,,,,,,,,,,,,,,,,,,,
42,1.75,42,1.75,0.0,0.05248951187204541,0.050356959804542786,0.5192035449968256,0.51621678800069,0.05636537838766999,0.054820427145025726,0.05529509766074443,0.05322559677474414,0.14585831485883138,0.14836850943739152,0.1455169188463771,0.14995793459938145,0.12580367164282882,0.12506736420817188,0.4978080689907074,0.4978788048028946,0.4964982569217682,0.4960279166698456,0.5099720060825348,0.5103461295366287,0.3443819284439087,0.3454783856868744,0.41348567605018616,0.4149046242237091,0.7646259963512421,0.7500562071800232,178.20770263671872,178.68740844726562,1.6973897218704224,2.864880084991455,-0.09146253019571304,-0.18900038301944735,,,,,,,,,,,,,,,,,,,,,,,,,,,,,,,,
43,1.7916666666666667,43,1.7916666666666667,0.0,0.0590196773120233,0.06796553204668035,0.5384197847348536,0.5285946777537371,0.06243096292669861,0.06196211456453866,0.06108028500064251,0.060522017031072343,0.1349756287955387,0.13493775438135422,0.14382043359851587,0.14303092337593268,0.12733192680087388,0.1266922081887737,0.49634402990341187,0.49687500298023224,0.4951520264148712,0.4949245750904083,0.5104364454746246,0.5107933878898621,0.3387395888566971,0.33997538685798645,0.404678612947464,0.4067101776599884,0.7643880546092987,0.74921515583992,176.17443847656244,177.08786010742188,2.1673190593719487,3.2167105674743652,-1.0337637662887573,-0.8745511174201965,,,,,,,,,,,,,,,,,,,,,,,,,,,,,,,,
44,1.8333333333333333,44,1.8333333333333333,0.0,0.07235973181259872,0.0818502207157629,0.5691090030769317,0.5760232985401794,0.06877729458283126,0.06764451325435401,0.06687542020369765,0.0653502895025108,0.12478151015194958,0.12315377245175059,0.14066888323526433,0.14220714630331,0.12712421682364372,0.12484140751993018,0.4940933585166931,0.49406518042087555,0.4931832253932953,0.4929147958755493,0.5102940499782562,0.510877937078476,0.33425872027873993,0.33521971106529236,0.3987230062484741,0.4002329409122467,0.765186607837677,0.7542920708656311,174.94387817382807,175.5631866455078,2.2727537155151367,3.031225681304932,-1.8817635774612427,-2.1392157077789307,,,,,,,,,,,,,,,,,,,,,,,,,,,,,,,,
45,1.875,45,1.875,0.0,0.08960150951139934,0.08563376628879556,0.5957422892372599,0.5872967162534241,0.07335096372516393,0.07043761068226576,0.07180910033923645,0.06838950989749214,0.1135585865585685,0.11607334736806658,0.1414590106705958,0.14433947784990464,0.12567135872297183,0.1253151901623795,0.4904477000236511,0.4913700371980667,0.490224152803421,0.48954805731773376,0.5108902156352997,0.5114609003067017,0.33061695098876953,0.33252549171447754,0.39467164874076843,0.3958904445171356,0.7664086818695068,0.7559920847415924,174.77120971679682,174.53005981445312,2.297224760055542,4.670729160308838,-3.305548667907715,-3.227170705795288,,,,,,,,,,,,,,,,,,,,,,,,,,,,,,,,
46,1.9166666666666667,46,1.9166666666666667,0.0,0.09014636811404378,0.07968341259266408,0.6014754207294684,0.5946516249908023,0.06834678067303854,0.0682329583843218,0.06668738867319339,0.06700733769517017,0.1194803163488866,0.11672173804888357,0.15031939017713578,0.1511773287783788,0.12605793380190805,0.1258098325305405,0.48937253654003143,0.48967283964157104,0.48751822113990784,0.4876278340816498,0.5104012787342072,0.5116198658943176,0.3311973661184311,0.33232513070106506,0.3952829837799072,0.395603746175766,0.7682829797267914,0.7572035789489746,174.90740966796872,174.2750244140625,4.243096828460693,4.832231044769288,-3.352574348449707,-3.6325993537902836,,,,,,,,,,,,,,,,,,,,,,,,,,,,,,,,
47,1.9583333333333333,47,1.9583333333333333,0.0,0.08999678474315548,0.09158064670957831,0.6096022611903886,0.6092825362448474,0.0729524520162434,0.06983370486479439,0.07087981625566976,0.06765048072805101,0.11179365288372987,0.11255826769222121,0.14710817527448153,0.15009437267145256,0.1264287691385218,0.12493993839005915,0.48765620589256287,0.4881552457809448,0.4856433570384979,0.4854060411453247,0.5102018713951111,0.51177017390728,0.33132340013980865,0.33230720460414886,0.3950003385543823,0.3958284258842468,0.7660858631134033,0.7564831376075745,174.3992309570312,174.41221618652344,4.782919406890869,6.155585289001465,-3.982328176498413,-4.033383369445801,,,,,,,,,,,,,,,,,,,,,,,,,,,,,,,,
48,2.0,48,2.0,0.0,0.10495849520189499,0.1023418960556003,0.6285716526924284,0.6186564944406813,0.07365520774868198,0.06988398145086672,0.07138992060989531,0.06758935135181583,0.10813741489503305,0.11072181952008264,0.14629598380659875,0.1487624636747846,0.12597137407241965,0.12479746206722232,0.4863130897283554,0.4868431091308594,0.4842361807823181,0.4839872717857361,0.5098247081041336,0.510712742805481,0.3321996480226517,0.33247220516204834,0.3956618905067444,0.39710524678230286,0.7661206126213074,0.7565549314022064,174.07279968261713,174.9671630859375,5.005565643310547,6.518975257873535,-4.2512054443359375,-4.142664909362793,,,,,,,,,,,,,,,,,,,,,,,,,,,,,,,,
49,2.0416666666666665,49,2.0416666666666665,0.0,0.10603344873535192,0.10450933185177835,0.6280334569514257,0.6216511602984803,0.07592181282257286,0.07143609111473459,0.07408130074724623,0.06981798824147722,0.10440198091169761,0.10935020149410812,0.145067476895744,0.14913730286993063,0.1256715682777227,0.12456765248875959,0.48519083857536316,0.4858788698911667,0.48340749740600586,0.48297926783561707,0.5103371441364288,0.5107766687870026,0.3327042907476425,0.33303970098495483,0.39721474051475525,0.3980851471424103,0.7662497162818909,0.7560817301273346,174.5735931396484,175.1468963623047,4.954594612121582,6.60604190826416,-4.451666355133057,-4.230404376983643,,,,,,,,,,,,,,,,,,,,,,,,,,,,,,,,
50,2.0833333333333335,50,2.0833333333333335,0.0,0.08195264210089188,0.08193061634578717,0.6054741635675316,0.6140468128104435,0.0752488347465751,0.07153383242009044,0.073714344321809,0.07009885933686046,0.10231090527090834,0.10681295916001884,0.14468179882583745,0.1500492304776566,0.12636842258782346,0.12456225564496835,0.48450756072998047,0.48509933054447174,0.4828581213951111,0.48208534717559814,0.5100977122783661,0.5096747279167175,0.33272701501846313,0.3335261195898056,0.39831921458244324,0.39867791533470154,0.76718869805336,0.7565799355506897,175.24600219726557,175.18359375,4.79170036315918,6.916518688201904,-4.575202465057373,-4.50682258605957,,,,,,,,,,,,,,,,,,,,,,,,,,,,,,,,
51,2.125,51,2.125,0.0,0.048566576018054135,0.046491903282908635,0.5733887330322972,0.5919896708903225,0.0747510291415867,0.0711748512281065,0.07340717578317292,0.06981719502584971,0.10107807753403523,0.10728917050413002,0.14835343943692988,0.1536090208049943,0.1272511206329338,0.1244857790200899,0.4840168058872223,0.48440928757190704,0.4818752110004425,0.48164933919906616,0.5100733637809753,0.5093390047550201,0.33265379071235657,0.3340071737766266,0.3982001543045044,0.39980122447013855,0.7685381174087524,0.7584419846534729,175.54731750488278,175.93661499023438,5.421144962310791,6.618323802947998,-4.91719913482666,-4.712209224700928,,,,,,,,,,,,,,,,,,,,,,,,,,,,,,,,
52,2.1666666666666665,52,2.1666666666666665,0.0,0.03605883941416069,0.03953001163337785,0.5550748705711549,0.5555958830053316,0.07633245636351395,0.07752983463009751,0.07601374209388612,0.07644574390465735,0.0962011376765217,0.09999947970154252,0.14419641355929763,0.14897011739922386,0.12633400090226032,0.12494230457622894,0.4830071032047272,0.48361703753471375,0.4807606339454651,0.4805664122104645,0.5093730688095093,0.5111862421035767,0.33468887209892273,0.33492372930049896,0.4010298550128937,0.40147578716278076,0.7681165635585785,0.7612545788288116,176.48629760742182,176.7599639892578,5.7759881019592285,7.29932165145874,-4.733067989349365,-4.85305404663086,,,,,,,,,,,,,,,,,,,,,,,,,,,,,,,,
53,2.2083333333333335,53,2.2083333333333335,0.0,0.029910605450094777,0.035039355150074815,0.5516768036398852,0.5447074363419652,0.07249546136771229,0.077468579375419,0.07047861355852855,0.07530092633123658,0.0958995109119627,0.09457069629649786,0.1469760024121247,0.14607495291433367,0.1261064200572381,0.12433061875037399,0.4814978539943695,0.48246055841445923,0.4798589050769806,0.48017212748527527,0.5082870423793793,0.5117703974246979,0.3391296714544296,0.3377801924943924,0.4099233150482178,0.40990859270095825,0.7662566900253296,0.7631213665008545,178.94091796874997,179.79542541503906,6.055967807769775,7.790220260620117,-5.227334022521973,-5.111763954162598,,,,,,,,,,,,,,,,,,,,,,,,,,,,,,,,
54,2.25,54,2.25,0.0,0.03987456679943329,0.04088048650609259,0.5436363861152673,0.5315441401876422,0.06870631899086221,0.07518615137378853,0.06697874357154636,0.07113675158009929,0.10040349518359946,0.09302908471469545,0.15002577550299626,0.14212309868857903,0.12681327937669148,0.12614748731343786,0.48089171946048737,0.4815063774585724,0.47930005192756653,0.47881972789764404,0.5061184465885162,0.5127021372318268,0.3443569391965866,0.3440036475658417,0.4177298843860626,0.41728919744491577,0.7663994431495667,0.7640087902545929,179.9529876708984,179.52316284179688,6.34375524520874,8.785992622375488,-5.2472076416015625,-5.49240255355835,,,,,,,,,,,,,,,,,,,,,,,,,,,,,,,,
55,2.2916666666666665,55,2.2916666666666665,0.0,0.04746858841758721,0.04437250455189365,0.5633436242418816,0.545046518530257,0.07401751169402257,0.07554123190599965,0.07230315360807292,0.07358154228339292,0.10126649948482515,0.09575072141777113,0.1466865431679512,0.14385590893248926,0.12624772768381856,0.1262244705164366,0.4806828945875168,0.4813102036714554,0.4794824719429016,0.479272723197937,0.5073182880878448,0.5126804560422897,0.3509516716003418,0.35146746039390564,0.42847299575805664,0.4282497465610504,0.7675207555294037,0.7677149474620819,181.727310180664,181.00567626953122,6.082826614379883,7.545063495635986,-5.045293807983398,-5.248861312866212,,,,,,,,,,,,,,,,,,,,,,,,,,,,,,,,
56,2.3333333333333335,56,2.3333333333333335,0.0,0.05485410569350379,0.059962687139334225,0.5591632242364422,0.5504472346545033,0.07451709000698635,0.07784196936311732,0.07246194205107535,0.07517573987847777,0.10359116838257941,0.09671936434975335,0.14925979807690629,0.14306835277289118,0.126617337622339,0.1256893359849193,0.479916051030159,0.48019202053546906,0.4788409471511841,0.4789096713066101,0.5079825818538666,0.5117200165987015,0.3603587746620178,0.36113885045051575,0.439687043428421,0.4405094385147095,0.765416145324707,0.7665044069290161,182.46469116210932,182.49534606933594,5.896058082580566,6.710963726043701,-5.041155815124512,-5.167963981628418,,,,,,,,,,,,,,,,,,,,,,,,,,,,,,,,
57,2.375,57,2.375,0.0,0.06955200765756146,0.06523800690486396,0.5660069474650891,0.5509171378909965,0.08144050050181575,0.08040098223987083,0.0797845672269479,0.07914167728019625,0.10499002754715245,0.09654796345354483,0.14894196770134285,0.14085602394961497,0.12573138865293002,0.12543515725418655,0.4790303260087967,0.4801168143749237,0.47919824719429016,0.4790812134742737,0.5074309706687927,0.5114169120788574,0.37093864381313324,0.36886271834373474,0.45227059721946716,0.45105189085006714,0.7622759342193604,0.7669364511966705,182.818862915039,182.744873046875,4.42524528503418,6.6225128173828125,-4.973639965057373,-4.7819390296936035,,,,,,,,,,,,,,,,,,,,,,,,,,,,,,,,
58,2.4166666666666665,58,2.4166666666666665,0.0,0.028086443489693306,0.02729543108662615,0.5560343614185088,0.5556886763819828,0.08142101669526897,0.08254562688821804,0.08187573646600128,0.08317965891693407,0.10156657208421249,0.0929781753590389,0.147790557841055,0.13869789476998495,0.12606405113006178,0.12509095597881353,0.47926193475723267,0.4797313064336777,0.4787270426750183,0.47866952419281006,0.5076341927051544,0.5107787251472473,0.37214863300323486,0.3723936378955841,0.45688214898109436,0.4582808017730713,0.7631096541881561,0.7704694271087646,183.74551391601557,184.12921142578125,6.243404865264893,7.2440385818481445,-4.724562168121338,-4.521655082702637,,,,,,,,,,,,,,,,,,,,,,,,,,,,,,,,
59,2.4583333333333335,59,2.4583333333333335,0.0,0.015167490900618514,0.020566557532326907,0.5552377410177781,0.5405144860933964,0.0817560857833257,0.08260691943959342,0.0825126590076905,0.08309309066040223,0.10035576310110006,0.092764207568324,0.14435360012083592,0.13760874207648488,0.1268777715082025,0.12545303857027099,0.4797077029943466,0.47991371154785156,0.47904759645462036,0.47879353165626526,0.506256714463234,0.5097094625234604,0.3729220777750015,0.37318243086338043,0.46027612686157227,0.4606166481971741,0.7635958790779114,0.7618832290172577,187.01667785644526,186.246826171875,5.43221378326416,6.962939739227295,-4.204754829406738,-4.09371280670166,,,,,,,,,,,,,,,,,,,,,,,,,,,,,,,,
60,2.5,60,2.5,0.0,0.01510414291195155,0.020752479645962968,0.5564111034644924,0.5449925859122473,0.08286688719615337,0.08551977913049855,0.08325272157167812,0.08600413052817606,0.10138230443103727,0.09316575959000971,0.1435388506087502,0.13802364182127044,0.12619495983210985,0.12447994128317875,0.47997865080833435,0.48042644560337067,0.47919565439224243,0.47969841957092285,0.506102055311203,0.5085539817810059,0.3729192912578583,0.3724243938922882,0.4608292281627655,0.4612588882446289,0.7653988301753998,0.7607254385948181,187.41909790039057,186.81320190429688,5.651872634887695,6.93609619140625,-3.9764828681945796,-4.101391792297363,,,,,,,,,,,,,,,,,,,,,,,,,,,,,,,,
61,2.5416666666666665,61,2.5416666666666665,0.0,0.0211902479587232,0.02596853052016502,0.5485228389312462,0.5381169874037582,0.08437511091324464,0.08527838921607556,0.08551392762772503,0.08609018822933717,0.10262088031922764,0.09382375993236051,0.13973359304663274,0.1369885579698492,0.12540271594736277,0.12431877912638377,0.48101288080215454,0.4813752621412277,0.4800994396209717,0.480843186378479,0.5070742517709732,0.508683443069458,0.37140484154224396,0.3712729811668396,0.4611440896987915,0.4616451859474182,0.7644395232200623,0.7601262629032135,187.09164428710932,186.79666137695312,6.0820231437683105,7.1338348388671875,-3.4093165397644047,-3.896350383758545,,,,,,,,,,,,,,,,,,,,,,,,,,,,,,,,
62,2.5833333333333335,62,2.5833333333333335,0.0,0.034568280702094674,0.03802709302215921,0.5363627151611527,0.5306790007597683,0.08354825858296218,0.0826203134992608,0.084959002237506,0.08348689535044311,0.09882444474084628,0.09432337060642779,0.13878762163196384,0.13680713563224264,0.1256321395717143,0.12392634646939768,0.48117727041244507,0.4817964732646942,0.48051297664642334,0.4809930920600891,0.507044792175293,0.5090962648391724,0.3707931488752365,0.37087447941303253,0.4598813056945801,0.46085044741630554,0.7643350958824158,0.7588299512863159,185.78555297851557,185.3363342285156,6.903395652770996,8.965721130371094,-3.8713700771331787,-4.005073070526123,,,,,,,,,,,,,,,,,,,,,,,,,,,,,,,,
63,2.625,63,2.625,0.0,0.04719151366255818,0.04424713002220908,0.532876399898421,0.5265688343427539,0.0827813142509361,0.08576845719414576,0.08393226838423407,0.08620615805459815,0.10076022124379308,0.0932069533192453,0.138900034931661,0.13320044103769685,0.12550499859220085,0.12293140401498757,0.48184919357299805,0.48235049843788147,0.48119357228279114,0.48164138197898865,0.5063498020172119,0.509071946144104,0.3702668696641922,0.3702673017978668,0.459468275308609,0.45990267395973206,0.7635381817817688,0.7582667768001556,185.8518676757812,185.05638122558594,6.710341453552246,8.926640510559082,-3.6608192920684814,-3.759073972702027,,,,,,,,,,,,,,,,,,,,,,,,,,,,,,,,
64,2.6666666666666665,64,2.6666666666666665,0.0,0.05723556339574517,0.04775257612685245,0.5375716491143397,0.5210750226263696,0.08450743565476182,0.08827129156729743,0.08573484655522998,0.08906695844653022,0.09801900595545178,0.08935293438951322,0.13376507525955045,0.12771628819931355,0.12585398756365565,0.12344397791652116,0.48258790373802185,0.48315925896167755,0.48184260725975037,0.4817984998226166,0.506485715508461,0.5090354979038239,0.3691900968551636,0.3690449446439743,0.45703238248825073,0.45790377259254456,0.7635490000247955,0.757535457611084,185.35197448730463,185.0598449707031,5.598567485809326,9.078704833984375,-3.4132637977600098,-3.4702014923095703,,,,,,,,,,,,,,,,,,,,,,,,,,,,,,,,
65,2.7083333333333335,65,2.7083333333333335,0.0,0.052369445789262406,0.04467205498271875,0.5305514704563714,0.5261305945916134,0.08641501423421391,0.0868875624695039,0.08753716688308828,0.08801271771446524,0.09547704501524953,0.0874984501709142,0.1294696399263637,0.1246681775851867,0.12558530325952147,0.12361830595603043,0.4831637442111969,0.48345187306404114,0.48245319724082947,0.48230233788490295,0.5063066780567169,0.5089464783668518,0.367062970995903,0.36694104969501495,0.4545869827270508,0.4556589424610138,0.7644707560539246,0.7576600611209869,185.74421691894526,185.3216094970703,5.697834491729736,8.129264831542969,-3.2975940704345708,-3.3720502853393555,,,,,,,,,,,,,,,,,,,,,,,,,,,,,,,,
66,2.75,66,2.75,0.0,0.048808161514814166,0.044619022493139544,0.5260933807690756,0.5314930677102367,0.08291629011508278,0.08578076939901201,0.08401006605713264,0.08670224302654755,0.09578995754432,0.0875846949367698,0.13035907235400082,0.1235272077945186,0.12560277406636144,0.12362232936348778,0.4831317216157913,0.4835841506719589,0.4823901355266571,0.48245859146118164,0.5067193657159805,0.5097125023603439,0.36563821136951447,0.3653620481491089,0.45107927918434143,0.45295730233192444,0.7645331621170044,0.7605195045471191,185.1746215820312,185.15713500976562,5.499207973480225,7.464254856109619,-3.307525396347046,-3.2534046173095703,,,,,,,,,,,,,,,,,,,,,,,,,,,,,,,,
67,2.7916666666666665,67,2.7916666666666665,0.0,0.04569591562960865,0.043151422145441286,0.5287315982910189,0.5339190772737475,0.08128594501052978,0.08526113812409031,0.08254585090998132,0.08618774718602579,0.0970069490260849,0.08688030558558639,0.12902148057120388,0.1205592467619126,0.12522115600017347,0.12431240996696778,0.48366878926754,0.48428627848625183,0.4824839234352112,0.48291897773742676,0.5060091316699982,0.5104786455631256,0.36289116740226746,0.36293578147888184,0.4473129212856293,0.4484699070453644,0.7644610404968262,0.7632910311222076,184.5990600585937,184.4831085205078,5.672940254211426,7.04296875,-2.9698543548583984,-3.1343703269958496,,,,,,,,,,,,,,,,,,,,,,,,,,,,,,,,
68,2.8333333333333335,68,2.8333333333333335,0.0,0.03758048067954004,0.03551627473164519,0.5420252400179493,0.5416087019350803,0.08168374965766265,0.08366491776108483,0.08306392373473324,0.0850681922834892,0.0938278189345175,0.08889161618106096,0.1241654202914875,0.12164400760318335,0.1255224313972503,0.1248216096346349,0.48447293043136597,0.48492531478405,0.48370158672332764,0.4830809235572815,0.5061959028244019,0.5098608136177063,0.36027897894382477,0.3607793152332306,0.44348403811454773,0.4446871876716614,0.7639187872409821,0.7617124915122986,184.46842956542963,184.42733764648438,4.408595085144043,6.762096405029297,-2.8857128620147705,-2.9136297702789307,,,,,,,,,,,,,,,,,,,,,,,,,,,,,,,,
69,2.875,69,2.875,0.0,0.02358816995026703,0.025401504714612028,0.5335538819682818,0.5274080093398882,0.08345098078914825,0.08067639158745303,0.0837721230672224,0.08217519070221484,0.09785027637449248,0.0926629836726419,0.1261054317709783,0.12259239301634003,0.12493668947785025,0.12497823896832333,0.4855673760175705,0.4860949218273163,0.4844331443309784,0.48368358612060547,0.5059540420770645,0.5106270611286163,0.35676656663417816,0.3578706830739975,0.43858838081359863,0.44040647149086,0.7650268375873566,0.7559046447277069,184.32795715332026,184.45118713378906,5.184131622314453,6.7248125076293945,-2.740648031234741,-2.3994526863098145,,,,,,,,,,,,,,,,,,,,,,,,,,,,,,,,
70,2.9166666666666665,70,2.9166666666666665,0.0,0.024663712818185485,0.026596955278231766,0.5442980455066107,0.522446557508691,0.07523909762065002,0.08054098747730534,0.07524928984407886,0.081724420319753,0.10536781345688777,0.09556367544097137,0.1317023945431596,0.1255801029056787,0.12506437699577408,0.12438806198837234,0.48583953082561493,0.4865456372499466,0.4846923053264618,0.48421671986579895,0.506285771727562,0.511231392621994,0.3557763248682022,0.35609184205532074,0.4348894953727722,0.4360634982585907,0.7635923027992249,0.753496527671814,182.63423156738276,183.25881958007812,4.288692474365234,6.725029468536377,-2.583228588104248,-2.486685276031494,,,,,,,,,,,,,,,,,,,,,,,,,,,,,,,,
71,2.9583333333333335,71,2.9583333333333335,0.0,0.03760877292444434,0.04047844129420403,0.5409105733990482,0.5198510912135492,0.053111844616336494,0.05129746913044492,0.05307470774014988,0.05186609267839193,0.12790414732173835,0.1265824301157114,0.1537984233770498,0.1578559496447405,0.12429258146188438,0.12391920556208197,0.48747169971466064,0.4880211651325226,0.4856652617454529,0.48546144366264343,0.5074641406536102,0.511123925447464,0.3580007404088974,0.3579934984445572,0.43072184920310974,0.431881308555603,0.7622964382171631,0.7532429695129395,179.16294860839832,179.77984619140625,4.62792444229126,6.935672283172607,-2.5162036418914795,-2.9857070446014404,,,,,,,,,,,,,,,,,,,,,,,,,,,,,,,,
72,3.0,72,3.0,0.0,0.055856604258952544,0.06563915409930719,0.5490239118990902,0.5675120302621336,0.05290818126071967,0.04895571601173408,0.05328315562939696,0.049420859277523876,0.13752635018071216,0.1335151459078609,0.15462737325057865,0.16010082918746263,0.12397220472262256,0.12211505831427051,0.48779164254665375,0.4887559562921524,0.48505789041519165,0.48517030477523804,0.5083566159009933,0.5110304951667786,0.3542317748069763,0.354850634932518,0.4273041784763336,0.4281280040740967,0.7585351169109344,0.7567098438739777,178.75486755371085,178.85853576660156,5.362849712371826,8.27451229095459,-1.5759923458099365,-2.317086935043335,,,,,,,,,,,,,,,,,,,,,,,,,,,,,,,,
73,3.0416666666666665,73,3.0416666666666665,0.0,0.10557689509518976,0.08612199882716025,0.5949611748260322,0.5803925211192141,0.054300882103672704,0.051848792988029135,0.05386893047567587,0.051581126501402105,0.12785464476995068,0.12779817869473595,0.1364877361963579,0.13988922180660635,0.12369705577312641,0.12220162591447767,0.49074557423591614,0.49076826870441437,0.4875168800354004,0.4879698157310486,0.5073573589324951,0.5095000267028809,0.34698835015296936,0.3491436541080475,0.41954296827316284,0.42178627848625183,0.7589088082313538,0.7538182735443115,178.46269226074207,179.1830596923828,4.71838903427124,5.345505714416504,-0.8659020662307739,-1.0765409469604492,,,,,,,,,,,,,,,,,,,,,,,,,,,,,,,,
74,3.0833333333333335,74,3.0833333333333335,0.0,0.08347671851342252,0.0866528751677968,0.598946952201602,0.5964271381799141,0.06254740459606134,0.055067736437130435,0.06109880855256754,0.053915579603308325,0.12320812639429678,0.12536429937644097,0.12282404822821857,0.12767731801012977,0.12443720082329814,0.12279588531364923,0.4928750693798065,0.49312910437583923,0.4906891882419586,0.4896656572818756,0.5058440566062927,0.5090905874967575,0.3438793420791626,0.34557659924030304,0.4156031310558319,0.41584518551826477,0.7598975598812103,0.7522812485694885,178.42858886718741,178.80624389648438,2.015536308288574,4.5080671310424805,0.012443937361240387,-0.13037818670272827,,,,,,,,,,,,,,,,,,,,,,,,,,,,,,,,
75,3.125,75,3.125,0.0,0.049603935205787646,0.05945696867746331,0.5864989326905884,0.6006084118325574,0.06488267733451705,0.058723836680932937,0.06341645704064479,0.057659495352492755,0.12465825965620402,0.12708499995324343,0.11590075420914557,0.1204356069721473,0.12382716873848058,0.12269705361442755,0.49461638927459717,0.4954090863466263,0.4922478199005127,0.4925275146961212,0.5059727430343628,0.5074021965265274,0.3416861891746521,0.34299540519714355,0.4117719233036041,0.4136485159397125,0.7583683431148529,0.7510882318019867,178.48736572265614,179.44223022460938,1.707755446434021,2.40149188041687,0.9073948264122009,0.8575160503387452,,,,,,,,,,,,,,,,,,,,,,,,,,,,,,,,
76,3.1666666666666665,76,3.1666666666666665,0.0,0.040951761318313365,0.040419713833546186,0.5819429107909639,0.5792529220683729,0.07200450193962572,0.06639108388829723,0.07080547681764641,0.06510187336230074,0.12670959027575038,0.1265068310121282,0.10641155109129671,0.1097786651047437,0.12404185168853168,0.12352561976652351,0.4970059096813202,0.497816264629364,0.4955470561981201,0.49539849162101746,0.5063711404800415,0.5093046873807907,0.34045279026031494,0.34129956364631653,0.40927499532699585,0.4097875952720642,0.7588613629341125,0.7507964372634888,178.08787536621082,178.15856933593753,-0.3154520094394684,1.2839924097061157,2.06392240524292,1.772474765777588,,,,,,,,,,,,,,,,,,,,,,,,,,,,,,,,
77,3.2083333333333335,77,3.2083333333333335,0.0,0.03480728004110817,0.03631294666045684,0.5846472671574542,0.5806909737155244,0.08019112703951806,0.07558629537987453,0.07808927912553695,0.07539373708454222,0.12195569998777106,0.12574812360344306,0.09272907420677476,0.09945001029416807,0.12299618860969537,0.12289006592339534,0.5003426223993301,0.5008973181247711,0.49924084544181824,0.49932074546813965,0.5077365040779114,0.5101941227912903,0.3386353552341461,0.33893273770809174,0.4069245159626007,0.40978214144706726,0.7594653367996216,0.7504835426807404,177.59280395507804,179.64634704589844,-1.351521372795105,-0.7850909233093262,2.8794758319854736,2.7949671745300293,,,,,,,,,,,,,,,,,,,,,,,,,,,,,,,,
78,3.25,78,3.25,0.0,0.03524732727727861,0.037223214159150156,0.58410022614979,0.586480062073845,0.08303219420772442,0.0853136126575174,0.08181994630429854,0.08525082864249885,0.1222314455046442,0.1198706835924286,0.08586993046093251,0.08792936212150339,0.12338265167335473,0.12310286310454248,0.502939760684967,0.5029801577329636,0.5021119117736816,0.5021424889564514,0.507373720407486,0.5098486989736557,0.33737052977085114,0.33757710456848145,0.4057662785053253,0.40737786889076233,0.7615725100040436,0.7490217983722687,177.63999938964835,178.76954650878906,-2.315702199935913,-2.2156198024749756,3.737539291381836,3.3166801929473877,,,,,,,,,,,,,,,,,,,,,,,,,,,,,,,,
79,3.2916666666666665,79,3.2916666666666665,0.0,0.03410420374007999,0.03402940738871777,0.5753987925589018,0.5896821568537225,0.084170815637184,0.08587852889094645,0.08328331031542885,0.08591911411832714,0.12120134163420086,0.12275657135854001,0.08068833453082264,0.08604572077432449,0.12346489690249815,0.12308577287178482,0.5048160403966904,0.505230188369751,0.5043609738349915,0.5046033263206482,0.507737785577774,0.5109523087739944,0.3364194482564926,0.33658650517463684,0.4039221405982971,0.4059368371963501,0.7620987594127655,0.750730574131012,177.26707458496085,178.3476104736328,-3.0892627239227295,-2.9372575283050537,4.028919696807861,3.816931962966919,,,,,,,,,,,,,,,,,,,,,,,,,,,,,,,,
80,3.3333333333333335,80,3.3333333333333335,0.0,0.03387404456437183,0.03314795758966011,0.5738508940317247,0.5900255392452617,0.0851925400783829,0.0861495428084097,0.08461338490183357,0.08657659866867448,0.12397670076151313,0.12216928451022824,0.0807349864016054,0.08393863072632168,0.12364251426552732,0.12296214877997544,0.5068128407001495,0.5071963667869568,0.5063457489013672,0.5066862106323242,0.5092487633228302,0.5123864412307739,0.3357704281806946,0.33635957539081573,0.40313658118247986,0.4052203297615051,0.760270744562149,0.7514810264110565,177.19241333007804,178.1038360595703,-3.218548536300659,-3.2935311794281006,4.372740745544434,4.044768810272217,,,,,,,,,,,,,,,,,,,,,,,,,,,,,,,,
81,3.375,81,3.375,0.0,0.03394167442398992,0.035355250327991715,0.5754514900760054,0.5854919754732247,0.08451695146429426,0.08789693841677376,0.08357334228826105,0.08776723988718538,0.12840718882488675,0.12402245338480668,0.08114043565309248,0.08311971572545089,0.12308997345531764,0.12244013824414962,0.5093452483415604,0.5092351734638214,0.5089727640151978,0.5084679126739502,0.5084771513938904,0.5119970440864563,0.3353445827960968,0.33580853044986725,0.40264153480529785,0.4051592946052551,0.76273113489151,0.7530327439308167,177.15306091308582,178.66136169433594,-3.5967936515808105,-3.2558467388153076,4.814428806304932,4.307496547698975,,,,,,,,,,,,,,,,,,,,,,,,,,,,,,,,
82,3.4166666666666665,82,3.4166666666666665,0.0,0.03348910300439614,0.035409458082699095,0.5718988056299266,0.5904058261917798,0.08460898712131494,0.08722619106052107,0.08416611418928707,0.08746233424922323,0.12969084951532758,0.12333238952691591,0.07875095235290402,0.07867481801939764,0.12384673617972745,0.12306526742437451,0.5108000785112381,0.5108021050691605,0.5106619596481323,0.5101426243782043,0.5086669623851776,0.5118120014667511,0.3355126529932022,0.3360254019498825,0.4031037390232086,0.40509432554244995,0.7643120884895325,0.7546085119247437,177.2563934326171,178.35560607910156,-4.090648651123048,-3.5146210193634033,5.184187412261963,4.81894588470459,,,,,,,,,,,,,,,,,,,,,,,,,,,,,,,,
83,3.4583333333333335,83,3.4583333333333335,0.0,0.03211412570603386,0.03593382649738852,0.5726598630884798,0.5907569807574947,0.08355915669176474,0.08522683685426696,0.08337543830199444,0.08563083888288556,0.12924467563727973,0.12315836062025591,0.07794449255574647,0.07610584175498124,0.12381252222085698,0.12287301311856896,0.511871799826622,0.5118947327136993,0.511951744556427,0.5113799571990967,0.508954182267189,0.5124071091413498,0.33547860383987427,0.33612672984600067,0.40378931164741516,0.4054763615131378,0.7651825845241547,0.7560514211654663,177.64698791503895,178.5649871826172,-4.4441046714782715,-3.9218349456787114,5.207727432250977,5.024480819702148,,,,,,,,,,,,,,,,,,,,,,,,,,,,,,,,
84,3.5,84,3.5,0.0,0.03173933689940072,0.034701675676869805,0.5759390994061103,0.5903927850001764,0.08178235096114739,0.08558295807448431,0.0817842520777727,0.08590630732530465,0.1324092214528206,0.12547227601106745,0.08014280249366612,0.07666399393319395,0.12338872109530306,0.12272321247654695,0.5130784511566162,0.512957751750946,0.5130987167358398,0.5127296447753906,0.5092737376689911,0.5126979649066925,0.3361702561378479,0.33676910400390625,0.4052514433860779,0.4064958095550537,0.7644761502742767,0.7565595507621765,178.02532958984366,178.71279907226565,-4.5764503479003915,-4.393562316894531,5.361273765563965,5.126946926116943,,,,,,,,,,,,,,,,,,,,,,,,,,,,,,,,
85,3.5416666666666665,85,3.5416666666666665,0.0,0.03226327666949963,0.03713351416109991,0.5773545530147091,0.5892248287200178,0.08146320772929738,0.08566827140159401,0.08139257145194682,0.08600460862426645,0.13408812145721152,0.126867892581738,0.0796916502040494,0.07698224004383528,0.12279144468157005,0.1226757856147486,0.5143549144268036,0.5140723586082458,0.514353334903717,0.5140396356582642,0.5096733570098877,0.5130130648612976,0.33728282153606415,0.3375517427921295,0.4070073962211609,0.40796181559562683,0.7635259926319122,0.7548025548458099,178.55363464355457,178.9738311767578,-4.834451675415039,-4.8796281814575195,5.561608791351318,5.234752655029297,,,,,,,,,,,,,,,,,,,,,,,,,,,,,,,,
86,3.5833333333333335,86,3.5833333333333335,0.0,0.05058065220129336,0.041061722148916194,0.568432360879583,0.5763586029125849,0.08278120815497471,0.08689988415353467,0.08276948577175139,0.08724060356207979,0.13360128247483605,0.12845419825888363,0.07660742184144434,0.07533228171337518,0.12362109402355961,0.12343800563588077,0.514806792140007,0.5146080255508423,0.5147647261619568,0.514451265335083,0.5091689378023148,0.5127970278263092,0.33768168091773987,0.33825889229774475,0.4070173501968384,0.4078643023967743,0.7635458111763,0.756558895111084,178.2359161376952,178.36863708496094,-5.470674514770508,-5.183361530303955,5.959120273590088,5.738077640533447,,,,,,,,,,,,,,,,,,,,,,,,,,,,,,,,
87,3.625,87,3.625,0.0,0.061972472922579264,0.050295327906427656,0.5711914686135696,0.5635526976588654,0.08041533130377791,0.08410828339080985,0.08065996195951923,0.085454327607823,0.13342833600759943,0.12727154024117254,0.07492039079634481,0.07413139451968023,0.12396626923747886,0.12301458091837623,0.5144485682249069,0.5147002041339874,0.5141900777816772,0.5139449834823608,0.5096436440944672,0.5122462660074234,0.3370024263858795,0.3373740613460541,0.40792280435562134,0.4096924364566803,0.7615192830562592,0.7566747963428497,178.65231323242176,179.7244110107422,-6.029196739196777,-5.919852256774903,6.154900550842285,5.8364362716674805,,,,,,,,,,,,,,,,,,,,,,,,,,,,,,,,
88,3.6666666666666665,88,3.6666666666666665,0.0,0.03859494147530183,0.03869472965852598,0.5543649522614058,0.558232690063374,0.07919897436663728,0.08341119014161061,0.07870354059402491,0.08418146413362272,0.1322396904346093,0.12896242518917467,0.07393331554353767,0.07530894174320814,0.12465359281685978,0.12266310236607739,0.514948844909668,0.5151886641979218,0.514143705368042,0.5139485597610474,0.5100769847631454,0.5124095231294632,0.3369757831096649,0.3369371294975281,0.4055923819541931,0.40855956077575684,0.7628143727779388,0.7557478845119476,177.4910583496093,179.3946533203125,-4.599868774414063,-4.843221664428711,6.092602729797363,5.833560466766357,,,,,,,,,,,,,,,,,,,,,,,,,,,,,,,,
89,3.7083333333333335,89,3.7083333333333335,0.0,0.024129322738215567,0.024748613347552705,0.5552874360927679,0.5491335267003292,0.07770680902555575,0.08325749899178381,0.07744158888725171,0.08417004503082126,0.13620609852049503,0.12941336252215924,0.07394620329855615,0.07596929314763211,0.12411861251006288,0.12222312105083956,0.5153499692678452,0.5153500586748123,0.5144000053405762,0.5146082639694214,0.5106269717216492,0.5122257173061371,0.33608482778072357,0.3357906639575958,0.4056369364261627,0.40702155232429504,0.7626855969429016,0.7548684179782867,178.4159240722655,179.54261779785156,-4.602031707763672,-5.186230182647705,6.506442546844482,5.736697196960449,,,,,,,,,,,,,,,,,,,,,,,,,,,,,,,,
90,3.75,90,3.75,0.0,0.01398261146949002,0.015057632536854357,0.5597171880962387,0.5563077464007604,0.08479139620780445,0.0889534888662368,0.0849966268205449,0.0903535421298615,0.13389965384048852,0.12830588072046265,0.07320472867489468,0.07421392037067263,0.12367890043019328,0.12187982912278501,0.5159023106098175,0.515557587146759,0.5148381590843201,0.5144728422164917,0.5109193921089172,0.5115518122911453,0.3349903076887131,0.3355398327112198,0.40778326988220215,0.40916332602500916,0.7635036408901215,0.7541506290435791,180.07237243652332,180.9566192626953,-4.68640661239624,-5.228954315185547,6.337860107421875,5.943265914916992,,,,,,,,,,,,,,,,,,,,,,,,,,,,,,,,
91,3.7916666666666665,91,3.7916666666666665,0.0,0.01770842853899387,0.016389069926374605,0.562388347084933,0.5633170403946632,0.08402522969381973,0.0894058512112469,0.08479858205033101,0.09120515525642074,0.1376444474529614,0.12878271342076228,0.07992247283947915,0.0758559751186751,0.12340376435378862,0.1220216153391286,0.5161306858062744,0.5163376331329346,0.5151126980781555,0.515167772769928,0.5108660757541656,0.5122223049402237,0.33546024560928345,0.33595407009124756,0.40907371044158936,0.41095060110092163,0.7636405527591705,0.7540358901023865,180.15524291992176,181.02331542968747,-5.122644901275635,-5.613746166229249,6.286332130432129,5.997810363769531,,,,,,,,,,,,,,,,,,,,,,,,,,,,,,,,
92,3.8333333333333335,92,3.8333333333333335,0.0,0.02944765130309406,0.03557031342382859,0.544816566174716,0.5504940106138325,0.07795254314191714,0.0809913670422755,0.07739114463147637,0.08085516182188406,0.14285262756741535,0.13410840474413577,0.08295204675710498,0.08028295633936625,0.12581436509382848,0.12382751412313361,0.5161354690790176,0.5166352093219757,0.5145414471626282,0.5148181915283203,0.51048344373703,0.5121557116508484,0.33880825340747833,0.3393721431493759,0.41458621621131897,0.4163917899131775,0.7657465636730194,0.756291538476944,179.8439483642577,180.4670867919922,-5.61574649810791,-6.078269004821778,6.446436882019043,5.964985370635986,,,,,,,,,,,,,,,,,,,,,,,,,,,,,,,,
93,3.875,93,3.875,0.0,0.08063573610681106,0.06178992385852585,0.6008740604601498,0.5769902224075106,0.07690950769609115,0.0809038164025699,0.07644209605956356,0.08301651502748103,0.13614079245598984,0.13339055308651812,0.07982869223286558,0.07969609521928445,0.12634484925409878,0.12416362865422244,0.5162799805402756,0.5175046026706696,0.5160125494003296,0.5156064033508301,0.5104404538869858,0.5137710571289062,0.34635137021541595,0.34552688896656036,0.42181718349456787,0.42588868737220764,0.7637636363506317,0.7560179829597473,178.92863464355457,181.39500427246094,-6.657581329345703,-6.9965949058532715,6.123194694519043,6.229028224945068,,,,,,,,,,,,,,,,,,,,,,,,,,,,,,,,
94,3.9166666666666665,94,3.9166666666666665,0.0,0.09420434688362106,0.08941067708405437,0.6018368444302556,0.5917569445426212,0.08343519759034129,0.0840062376289696,0.08358404678573843,0.08615609021171787,0.13711835381611975,0.13221881647780298,0.07772610914778406,0.07804425260713492,0.1243277585386443,0.12346244362146043,0.5174515247344971,0.5176126956939697,0.5173406600952148,0.516664445400238,0.5117062777280807,0.5120091736316681,0.3514700084924698,0.35040006041526794,0.4291221499443054,0.4323683977127075,0.7606176137924194,0.7610636055469513,180.78425598144523,182.79962158203122,-8.62540340423584,-9.15647029876709,6.320151329040527,6.065374851226807,,,,,,,,,,,,,,,,,,,,,,,,,,,,,,,,
95,3.9583333333333335,95,3.9583333333333335,0.0,0.06990990596500078,0.07578126898364744,0.5880579720766957,0.5863540466403363,0.07977387451790445,0.07873487990029618,0.0807746275695842,0.08093166117297983,0.13743928083753543,0.13272230848895936,0.07856575420004117,0.08068627923190341,0.12534316264164255,0.12335771853237955,0.5170357078313828,0.5174457430839539,0.516035795211792,0.5161797404289246,0.5115652680397034,0.5108765661716461,0.35169388353824615,0.3517380654811859,0.43086370825767517,0.4320107102394104,0.7605338394641876,0.7628022134304047,181.4195098876952,182.0137939453125,-6.921921730041504,-7.458919525146484,6.32021951675415,5.791101455688477,,,,,,,,,,,,,,,,,,,,,,,,,,,,,,,,
96,4.0,96,4.0,0.0,0.06379578251968934,0.0712133981956357,0.5844015633611441,0.5864108934699818,0.08082864774941302,0.07901679186173552,0.08229413006268771,0.08110326669510831,0.13576830178976015,0.13146441030739564,0.07872036464393901,0.08074992233131453,0.12493322133561106,0.12374898044161024,0.5167481750249863,0.5168363600969315,0.515883207321167,0.5159032940864563,0.511118158698082,0.5129449665546417,0.35136039555072784,0.3515472859144211,0.43046894669532776,0.43237555027008057,0.7601213455200195,0.7580121755599976,181.527374267578,182.3470916748047,-7.003198146820068,-7.312518119812011,6.147164821624756,5.588199615478516,,,,,,,,,,,,,,,,,,,,,,,,,,,,,,,,
97,4.041666666666667,97,4.041666666666667,0.0,0.05052874094734767,0.05131195518421612,0.5718833578380994,0.5754775635162493,0.0811516520877391,0.07924674479597073,0.08290568119353901,0.08192727096315261,0.13375210042953775,0.13257780150819135,0.08075008975204366,0.08595764615377824,0.12479358013727862,0.12351417725719827,0.5159070640802383,0.5161312073469162,0.5148060917854309,0.515291690826416,0.5096468925476074,0.514054074883461,0.3501768857240677,0.35068726539611816,0.43012672662734985,0.43257319927215576,0.7612959146499634,0.7557581067085266,181.8305358886718,182.90147399902344,-6.095973491668701,-7.038135051727295,5.672109127044678,5.117934703826904,,,,,,,,,,,,,,,,,,,,,,,,,,,,,,,,
98,4.083333333333333,98,4.083333333333333,0.0,0.021154232394855223,0.027088550152158924,0.5642943395739263,0.5630227057916082,0.08278810710677656,0.08307470420733881,0.08391685823398318,0.08585039036513166,0.13273246704061595,0.12984746269230635,0.08198467371377895,0.08540906633983707,0.1256874373149709,0.12402231504188817,0.5156156867742538,0.5152935832738876,0.51397305727005,0.5132362842559814,0.5081698000431061,0.5129534006118774,0.35089311003685,0.3511779010295868,0.43293315172195435,0.4366803467273712,0.764678418636322,0.7567363977432251,182.34112548828114,184.16543579101562,-4.65781831741333,-4.718651294708252,5.417377948760986,4.946884632110596,,,,,,,,,,,,,,,,,,,,,,,,,,,,,,,,
99,4.125,99,4.125,0.0,0.018009749669499406,0.02446418057587445,0.5605585137421726,0.5498998981354624,0.08615263138791522,0.0839880952284121,0.08745931000517729,0.08613667919243032,0.13040512390750603,0.12719439613378267,0.08301260984568735,0.08468687401130093,0.12405089210197527,0.12382435214221417,0.5148666501045227,0.5148659199476242,0.5127562880516052,0.5130351185798645,0.5079749822616577,0.5124007165431976,0.3527074456214905,0.3530922085046768,0.43730491399765015,0.4379247725009918,0.7625150084495544,0.7567346394062042,185.1302032470702,185.03488159179688,-3.654741764068604,-4.71199893951416,5.051015377044678,4.786303997039795,,,,,,,,,,,,,,,,,,,,,,,,,,,,,,,,
100,4.166666666666667,100,4.166666666666667,0.0,0.022220059498921647,0.02223312894116673,0.5603946245620036,0.545882612541454,0.0860196478376722,0.08708469899738633,0.08645277707842831,0.0888851977880183,0.12989751882747125,0.12425328284356979,0.08231282091224282,0.08259857509659901,0.12444118251882312,0.12428283445664867,0.5140452086925507,0.5142614245414734,0.5126877427101135,0.5121278166770935,0.5088910460472107,0.5123189091682434,0.3541540652513504,0.3549491614103317,0.43946337699890137,0.4408586621284485,0.7624284029006958,0.7544570565223694,185.043243408203,185.04795837402344,-4.422420024871826,-3.5914506912231445,4.771597385406494,4.547628402709961,,,,,,,,,,,,,,,,,,,,,,,,,,,,,,,,
101,4.208333333333333,101,4.208333333333333,0.0,0.02984296944783116,0.03429936539499057,0.5489357982753181,0.5338542456565007,0.08496786039575771,0.0839125539320253,0.08587646782480693,0.08640824724356444,0.127683867575466,0.12409627081406177,0.08267849449412817,0.08439637406126443,0.12498346742267231,0.12372439103623019,0.5130727589130402,0.5131965726613998,0.511803150177002,0.5110300183296204,0.5096917450428009,0.5126373767852783,0.356709823012352,0.3567749410867691,0.4431498348712921,0.44377896189689636,0.7625448107719421,0.7567277252674103,184.61335754394523,184.7036895751953,-5.0574421882629395,-4.315088272094727,4.551092624664307,4.327844142913819,,,,,,,,,,,,,,,,,,,,,,,,,,,,,,,,
102,4.25,102,4.25,0.0,0.0445590552601524,0.04421181095308674,0.5201331223048977,0.5138659021588432,0.08428144202900155,0.08408993706634832,0.08537068291024658,0.08638136323879564,0.12332587952197564,0.12168200197932244,0.0831170281899024,0.08455672481935256,0.12490914258439542,0.1244382165749746,0.5127651393413544,0.5128856897354126,0.5110381245613098,0.5111396312713623,0.5101041793823242,0.5140563547611237,0.3581659346818924,0.3585222214460373,0.44267308712005615,0.4438217282295227,0.7612069547176361,0.7575918138027191,183.78552246093741,183.7698974609375,-4.093676567077637,-4.834244251251222,4.34975528717041,4.143158912658691,,,,,,,,,,,,,,,,,,,,,,,,,,,,,,,,
103,4.291666666666667,103,4.291666666666667,0.0,0.05615558045912403,0.04701638998961288,0.5289614112098743,0.5266955697809504,0.08132023219956062,0.08327870023535669,0.08206706672280675,0.08490416673435557,0.12856317265223605,0.12164427819626768,0.08645972123775172,0.08387364677177607,0.12441785852046491,0.12424804208763547,0.5123307853937149,0.5124411135911942,0.5108619332313538,0.5111174583435059,0.5097569823265076,0.5148808807134628,0.3582833558320999,0.35833002626895905,0.44257673621177673,0.4445362687110901,0.7630357444286346,0.7574801445007324,184.23960876464835,184.37481689453125,-4.54966926574707,-5.134336471557617,4.383388996124268,3.9512848854064946,,,,,,,,,,,,,,,,,,,,,,,,,,,,,,,,
104,4.333333333333333,104,4.333333333333333,0.0,0.052959794917456476,0.050797610243237534,0.5393379960935522,0.5320243237714977,0.0802555384113695,0.08124649914081111,0.08138232589734537,0.08382368384877495,0.1263514108310826,0.1222119220242406,0.08354196626022647,0.0848828148180065,0.12461531838179922,0.12407668977831016,0.5116320103406906,0.5120722949504852,0.510053277015686,0.5102810859680176,0.5091392546892166,0.5153319984674454,0.3577423393726349,0.3579663783311844,0.4419863522052765,0.4442286193370819,0.7652663290500641,0.7586142718791962,184.29273986816395,184.7490539550781,-4.419172763824463,-4.667882442474365,4.500483512878418,4.096420764923096,,,,,,,,,,,,,,,,,,,,,,,,,,,,,,,,
105,4.375,105,4.375,0.0,0.0605436980284701,0.054823021655661684,0.5537053105699153,0.5470787130921372,0.08175899734300576,0.08081661382605074,0.08290188082376368,0.08369040094744164,0.12453469243476833,0.12325989493609688,0.08332288447040595,0.08601266069087396,0.12452590208750725,0.12376163269186488,0.5113637149333954,0.5118510574102402,0.5102595686912537,0.5104216933250427,0.5095255970954895,0.5139437764883041,0.3565700650215149,0.3572157323360443,0.44072747230529785,0.44235894083976746,0.7671313285827637,0.7581083476543427,184.58815002441395,184.62670898437497,-4.900448799133301,-5.301971435546875,4.2515130043029785,4.139276504516602,,,,,,,,,,,,,,,,,,,,,,,,,,,,,,,,
106,4.416666666666667,106,4.416666666666667,0.0,0.04819229269563735,0.04666741946235919,0.557209715963462,0.553189539811468,0.08152933616693055,0.07961710139421378,0.0833190175142434,0.08284984251830546,0.12687406810946983,0.12546318010809254,0.08680560831321839,0.08729231912221955,0.12469998410205274,0.12431024059890133,0.5112799257040024,0.5115310847759247,0.5098885893821716,0.510238528251648,0.5097993165254593,0.5133260786533356,0.3553418070077896,0.35639788210392,0.4385450780391693,0.43990397453308105,0.7662911415100098,0.7566897869110107,184.67451477050773,184.3289794921875,-4.0339202880859375,-4.872229099273682,4.310016632080078,4.253682613372803,,,,,,,,,,,,,,,,,,,,,,,,,,,,,,,,
107,4.458333333333333,107,4.458333333333333,0.0,0.03905016787935762,0.042662582775130437,0.5700310377883221,0.5583796806511581,0.079550869322796,0.0800505072324461,0.08153024224344506,0.08347700307585165,0.1287237306986532,0.12725946789251427,0.08949811939406437,0.09011986103756416,0.12442845514599683,0.12374654663799975,0.5105332732200623,0.510957807302475,0.509624183177948,0.509611189365387,0.50938880443573,0.5124999284744263,0.3545068949460983,0.3555845469236374,0.4357792139053345,0.4368920624256134,0.7665301263332367,0.757392406463623,184.3424377441405,184.0812225341797,-3.8656308650970463,-4.194921970367432,4.224198341369629,4.240416526794434,,,,,,,,,,,,,,,,,,,,,,,,,,,,,,,,
108,4.5,108,4.5,0.0,0.036673947360711945,0.038556843026467315,0.5734396334736606,0.5541529650746025,0.06062712235941443,0.0560336518813178,0.06222490666092655,0.059486091708108396,0.14663014250788173,0.14521163190373648,0.11375658272587622,0.11646565880714868,0.12337580128002565,0.124820668620391,0.5103388428688049,0.5097764730453491,0.5098315477371216,0.5089371204376221,0.5101570039987564,0.5111127346754074,0.3553435057401657,0.3557412624359131,0.43129613995552063,0.4325912594795227,0.7689338326454163,0.7568242251873016,181.86662292480457,183.09912109375,-3.3434386253356934,-3.001711845397949,3.7118866443634033,3.3956401348114014,,,,,,,,,,,,,,,,,,,,,,,,,,,,,,,,
109,4.541666666666667,109,4.541666666666667,0.0,0.044134456536790614,0.04220152201013805,0.5725119667255243,0.5583402218415808,0.05040921901749538,0.051434355175600854,0.05250019940403796,0.055246781130909854,0.15501972910859385,0.14834861959972023,0.13219600471175375,0.1324028544232805,0.12303522052361528,0.12518267103576083,0.5084664076566696,0.5087147355079651,0.5082957744598389,0.5072414875030518,0.5107244253158569,0.5115664899349213,0.3526593744754791,0.3539017289876938,0.4248518645763397,0.4257570505142212,0.7662101984024048,0.7562360763549805,180.28785705566395,180.44239807128906,-2.3921241760253906,-0.6339158415794373,2.561502456665039,2.3869857788085938,,,,,,,,,,,,,,,,,,,,,,,,,,,,,,,,
110,4.583333333333333,110,4.583333333333333,0.0,0.04847607435592579,0.044031059760911574,0.5644820791255362,0.5644619057109339,0.051874352582239186,0.05364543990713349,0.05431874781852614,0.05587440289753757,0.15024317169525758,0.14683629900943168,0.1375864191835486,0.1382053362515421,0.12486942200571031,0.12336629800814225,0.5070333331823349,0.5071687400341034,0.5071176886558533,0.5063436031341553,0.5112744569778442,0.5126936733722687,0.3488546907901764,0.34989695250988007,0.42026597261428833,0.42027199268341064,0.7671057879924774,0.7551816999912262,179.45126342773426,178.59933471679688,-1.6774290800094604,-0.32096779346466064,1.7002774477005005,1.5098265409469604,,,,,,,,,,,,,,,,,,,,,,,,,,,,,,,,
111,4.625,111,4.625,0.0,0.06016442808951205,0.06177885125354329,0.5721536401667704,0.5712180962999445,0.05825656419880907,0.06528108628129896,0.060015125867588975,0.0668181793541705,0.13887552660845923,0.13389213120602295,0.1365496936019884,0.13300132411695403,0.12420234389151776,0.12313057029823397,0.504500225186348,0.5046826303005219,0.504784882068634,0.5045015215873718,0.5128377676010132,0.511898472905159,0.3455711007118225,0.3450723737478256,0.4151155948638916,0.41732287406921387,0.7679945826530457,0.7587919533252716,177.96783447265616,179.5719757080078,-0.956317663192749,-0.6501233577728271,0.5678540468215942,0.4479294419288635,,,,,,,,,,,,,,,,,,,,,,,,,,,,,,,,
112,4.666666666666667,112,4.666666666666667,0.0,0.056173547638919456,0.06287031220701154,0.5654684586575248,0.5682521365041948,0.06609073614938633,0.06687707835844928,0.0674143720724807,0.06732681936400478,0.1242921164286007,0.12095656642689717,0.1336079821601766,0.1325876638160314,0.12601287959827473,0.12438637272282874,0.5021474212408066,0.5018618404865265,0.5022910237312317,0.5017605423927307,0.5132132172584534,0.5124032199382782,0.3417142778635025,0.34219498932361603,0.41118043661117554,0.4121130704879761,0.7683316469192505,0.7586607038974762,177.4647674560546,178.06158447265625,0.4120977222919464,0.8152143359184266,-0.6452511548995972,-0.933115243911743,,,,,,,,,,,,,,,,,,,,,,,,,,,,,,,,
113,4.708333333333333,113,4.708333333333333,0.0,0.05083332383213956,0.0485744248700333,0.5523485277542891,0.5610811430423149,0.06843457369578554,0.06815719329234084,0.07086643799452756,0.06823290570571967,0.10670910401766723,0.11214943726463154,0.13717260432772677,0.13821537747922244,0.12642397722060564,0.12392035242202036,0.4976357966661453,0.49824531376361847,0.4975847005844116,0.49799036979675293,0.5114746391773224,0.5128078460693359,0.34056225419044495,0.3407221585512161,0.4064289927482605,0.40785083174705505,0.7663338780403137,0.7570852637290955,175.88728332519523,177.17434692382812,2.1633198261260986,2.603099822998047,-2.8495652675628667,-2.6060626506805424,,,,,,,,,,,,,,,,,,,,,,,,,,,,,,,,
114,4.75,114,4.75,0.0,0.039974354686028585,0.04264442158743018,0.5474654131189908,0.5511252697105075,0.07254859731765356,0.07066890371634682,0.07462376681462853,0.07183202460082477,0.096435459045335,0.10473208410270686,0.14309393640640408,0.1466070077759552,0.12669194810949008,0.12523737113549194,0.4939267039299011,0.4947921186685562,0.49354735016822815,0.49383464455604553,0.5109025835990906,0.5129645466804504,0.3403666466474533,0.34146037697792053,0.4072202742099762,0.4065881371498108,0.7656009495258331,0.7585412561893463,176.6316833496093,176.13519287109375,3.9332389831542973,4.285031318664551,-4.474798202514648,-4.137217044830322,,,,,,,,,,,,,,,,,,,,,,,,,,,,,,,,
115,4.791666666666667,115,4.791666666666667,0.0,0.03423244135355967,0.03529901664939799,0.5469763118528187,0.5504386393253466,0.07672257328442794,0.07278609046168921,0.07819135737825267,0.07428687104779882,0.08561245793715502,0.09072273091468357,0.1477323517630302,0.1512038831638891,0.12608659963917607,0.12540989667210975,0.48962336778640747,0.4905237704515457,0.4905393719673157,0.49047088623046875,0.5102250725030899,0.5135964453220367,0.3410167694091797,0.3420833945274353,0.4126061797142029,0.41370344161987305,0.7655317485332489,0.7565476596355438,179.64166259765614,179.5766143798828,4.411758899688721,5.3381242752075195,-6.314884662628174,-5.990206241607666,,,,,,,,,,,,,,,,,,,,,,,,,,,,,,,,
116,4.833333333333333,116,4.833333333333333,0.0,0.03529162587691469,0.0337737211636948,0.5465215914406825,0.5402558986864409,0.07244860462788086,0.0754562675443726,0.07142219662221637,0.07458506835961957,0.082568611799042,0.07980725862577083,0.154989751160728,0.1486998918430068,0.12614808862600047,0.12594712106841444,0.48618465662002563,0.4862433969974518,0.48706454038619995,0.48690634965896606,0.5101460516452789,0.5125342905521393,0.3444767892360687,0.34518352150917053,0.41637903451919556,0.41818273067474365,0.7660760581493378,0.7530367374420166,179.2181854248046,179.3969268798828,5.987527370452881,6.2032365798950195,-7.757156372070312,-7.354609966278076,,,,,,,,,,,,,,,,,,,,,,,,,,,,,,,,
117,4.875,117,4.875,0.0,0.01929049373273989,0.024267834152635694,0.5506321988363138,0.5535548057386347,0.07662614705404194,0.07488118374967277,0.07555324747001155,0.07434739111303683,0.08058079539367513,0.07500487747578491,0.15744042440295564,0.15288403533264175,0.12651805608945146,0.1248764247132348,0.48102448880672455,0.4816915690898895,0.4819401800632477,0.4825678765773773,0.5091578364372253,0.5113346576690674,0.35140460729599,0.35154204070568085,0.4301293194293976,0.4304826855659485,0.7682115435600281,0.758304089307785,181.54780578613273,181.93724060058594,7.843189239501952,8.226194381713867,-8.3280668258667,-8.174806594848633,,,,,,,,,,,,,,,,,,,,,,,,,,,,,,,,
118,4.916666666666667,118,4.916666666666667,0.0,0.016580894927111962,0.01892058245936078,0.5637515992594787,0.5546075649291907,0.07444015920830882,0.07972547856262037,0.0732690604549633,0.07874474769560205,0.0773612326839964,0.07131523645657499,0.1567961561149442,0.15107553286157166,0.12538351572595488,0.12534156422641396,0.4784444272518158,0.4788568615913391,0.47876831889152527,0.4790938198566437,0.508602574467659,0.5084014683961868,0.3566438555717468,0.3569871783256531,0.4362759590148926,0.4371810555458069,0.7680263519287109,0.7618510127067566,182.66746520996082,182.6022186279297,8.05991268157959,8.554092407226562,-8.299648284912111,-8.232136726379395,,,,,,,,,,,,,,,,,,,,,,,,,,,,,,,,
119,4.958333333333333,119,4.958333333333333,0.0,0.0134670676606386,0.016545785647361234,0.5699513492636515,0.5601263232466991,0.0790357421565767,0.07764848463938201,0.0782892406635791,0.07698710676249672,0.07028257694009052,0.06774352355687181,0.1528833423765389,0.14786928852364797,0.12473861120525652,0.12465248629261351,0.47652779519557953,0.47713232040405273,0.47691407799720764,0.47711238265037537,0.5088208317756653,0.507704496383667,0.3580620288848877,0.3582058399915695,0.43728384375572205,0.43821457028388977,0.7667959630489349,0.7644478678703308,182.22380065917957,182.38233947753906,7.884806156158448,8.603219985961914,-8.475322723388672,-8.082229614257812,,,,,,,,,,,,,,,,,,,,,,,,,,,,,,,,
120,5.0,120,5.0,0.0,0.0100067371437278,0.014333811768338648,0.5698921805116792,0.5641444042882072,0.07776043892707632,0.07774396610333992,0.07660021255981826,0.07698916458458828,0.0733093801967981,0.06916608221663728,0.14968378460357193,0.145835130084669,0.12552792181143732,0.1249571757235903,0.4761262834072113,0.4767579138278961,0.4757130444049835,0.4760644733905792,0.5086497962474823,0.5088315904140472,0.3581406772136688,0.35841888189315796,0.43680888414382935,0.4376842677593231,0.7642640173435211,0.767510712146759,181.96942138671864,182.1383056640625,7.812607765197755,8.602683067321777,-7.882936000823975,-7.663140296936036,,,,,,,,,,,,,,,,,,,,,,,,,,,,,,,,
121,5.041666666666667,121,5.041666666666667,0.0,0.008322949157526637,0.012944513230104685,0.5734580000002264,0.5707917066275229,0.08171104910205207,0.08286128667281742,0.08115936621124197,0.08299065629373456,0.07598811289936408,0.07167733779283622,0.14598967999362306,0.14379719088149562,0.12481260490590738,0.12399105449864678,0.4761303514242172,0.47662344574928284,0.47532549500465393,0.47566404938697815,0.5076539814472198,0.5108453333377838,0.3573979139328003,0.35769180953502655,0.43472588062286377,0.4366621971130371,0.7650503814220428,0.7671216428279877,181.8836669921874,182.77526855468747,7.180190086364746,8.105066299438477,-7.002114772796631,-6.933075904846191,,,,,,,,,,,,,,,,,,,,,,,,,,,,,,,,
122,5.083333333333333,122,5.083333333333333,0.0,0.009730343094192717,0.01232687986263774,0.5658055033106661,0.5683814224132857,0.0811958842339817,0.08365739749584536,0.08064699096959607,0.08450695148636114,0.0767085834763169,0.07180587376535144,0.1461551940773401,0.14228864557620807,0.1253619757193606,0.12424279507847742,0.47580914199352264,0.4765232801437378,0.47533148527145386,0.47544175386428833,0.5070884674787521,0.5100056231021881,0.3568396717309952,0.3571365177631378,0.4338741600513458,0.4358597695827484,0.7680093348026276,0.7601403892040253,181.65092468261707,182.674560546875,6.933674335479736,7.850142478942871,-7.154684543609619,-6.7266621589660645,,,,,,,,,,,,,,,,,,,,,,,,,,,,,,,,
123,5.125,123,5.125,0.0,0.013168463291115361,0.012707552087220972,0.5637338463771928,0.5658837935555978,0.08067230489118797,0.07954039618494478,0.07995243713093966,0.08013838332791769,0.07321391612689954,0.0705894106687598,0.1418080530348521,0.14038124579410563,0.12558215066682535,0.12440824015234403,0.4755464792251587,0.4762873649597168,0.47537761926651,0.47544601559638977,0.5073604881763458,0.5099053829908371,0.3560847342014313,0.3569524437189102,0.4353489577770233,0.4358934462070465,0.7662701606750488,0.7567907571792603,182.554962158203,182.32652282714844,7.168726444244386,7.8605337142944345,-7.198349952697754,-6.839019298553467,,,,,,,,,,,,,,,,,,,,,,,,,,,,,,,,
124,5.166666666666667,124,5.166666666666667,0.0,0.011710705909541243,0.01726475084567416,0.5688740057127016,0.5614372084726158,0.07853224775830495,0.08210214148743797,0.07749127968053568,0.08141827566213237,0.08242120287456428,0.0707918547687295,0.14687671144432893,0.13713257192838282,0.1251344354024938,0.12487915214986325,0.4761056751012802,0.4764654189348221,0.475015252828598,0.4748918116092682,0.5073529183864594,0.5090608298778534,0.35905689001083374,0.35905396938323975,0.43882593512535095,0.4401676058769226,0.7657003402709961,0.7593702375888824,183.1874999999999,183.5318145751953,7.668752193450929,8.878314018249512,-6.598372936248779,-6.444518089294434,,,,,,,,,,,,,,,,,,,,,,,,,,,,,,,,
125,5.208333333333333,125,5.208333333333333,0.0,0.013550271780522132,0.01758189463214851,0.5759948097348087,0.5638864832767339,0.07777113004289322,0.08341076669028136,0.07611168287003199,0.08195242870498837,0.08579566646307796,0.07401933815341341,0.1431866575281948,0.13372997014556115,0.12595041574527369,0.12489872128721549,0.47615739703178406,0.4762926697731018,0.475246787071228,0.47519537806510925,0.5068792402744293,0.5083087682723999,0.3630741685628891,0.3630184233188629,0.4446505010128021,0.4457894563674927,0.7632348835468292,0.758251816034317,183.80636596679676,183.71882629394528,7.174260139465332,8.542618751525879,-6.200682163238525,-6.240561485290528,,,,,,,,,,,,,,,,,,,,,,,,,,,,,,,,
126,5.25,126,5.25,0.0,0.029223431205255248,0.025723540575244383,0.5898566628703233,0.588370869427304,0.08070467211463386,0.08113551956317848,0.07999666570973087,0.08059206100652563,0.08828889440088233,0.07917211850202849,0.14272091934267167,0.13422266180246947,0.12476821798534106,0.1252324672068378,0.47603531181812286,0.47648587822914124,0.4747830331325531,0.47536617517471313,0.508464440703392,0.5047799348831177,0.3674662411212921,0.36719687283039093,0.4505758583545685,0.45192664861679077,0.7616561353206635,0.7564972639083862,184.08433532714832,184.10438537597656,7.41709852218628,7.730479717254638,-5.812745571136475,-5.769893646240234,,,,,,,,,,,,,,,,,,,,,,,,,,,,,,,,
127,5.291666666666667,127,5.291666666666667,0.0,0.07905353266615017,0.06220016021571823,0.6193887462278599,0.6037239304415146,0.07794447018385182,0.07838137064948324,0.0779963755665923,0.07858721163123485,0.08679549704936194,0.0787447746278826,0.1427998248222229,0.13520119037457487,0.12440896131802243,0.12414704419192221,0.4757925420999527,0.47624045610427856,0.47476574778556824,0.4751083254814148,0.5087447613477707,0.5060597658157349,0.3690127581357956,0.36925844848155975,0.45368966460227966,0.45438244938850403,0.7612716257572174,0.7628060877323151,184.38648986816398,184.29092407226562,7.219052314758301,7.97310209274292,-5.740976810455322,-5.708650588989258,,,,,,,,,,,,,,,,,,,,,,,,,,,,,,,,
128,5.333333333333333,128,5.333333333333333,0.0,0.06805870921937492,0.06031573676974061,0.611160206305602,0.608468827288711,0.08227313388605924,0.08091265584546015,0.08355618401981534,0.08225591698010193,0.08751548190760627,0.08032221439101993,0.1386297516388135,0.13369257077272412,0.12466330241574153,0.12283073306066336,0.47733281552791595,0.4774877429008484,0.47708767652511597,0.4771696925163269,0.5088767409324646,0.5064118057489395,0.3681509792804718,0.3681514412164688,0.4557393789291382,0.45647236704826355,0.7625663876533508,0.7636764645576477,186.49143981933585,185.65695190429688,5.698431491851807,7.1472907066345215,-5.008098125457764,-5.078397750854493,,,,,,,,,,,,,,,,,,,,,,,,,,,,,,,,
129,5.375,129,5.375,0.0,0.05339326693313019,0.043895017189530594,0.5945348694919907,0.5930121190352677,0.08114908196659533,0.07872590345032722,0.08273346761094295,0.07982561357959964,0.08700884771113014,0.08064554463377062,0.13483241715009972,0.13018614540866547,0.1255807024003901,0.12447330568899105,0.47934049367904663,0.47928792238235474,0.47862252593040466,0.4779500961303711,0.5072157084941864,0.507872998714447,0.36757977306842804,0.3668364882469177,0.4546434283256531,0.4549231231212616,0.7609699070453644,0.760889858007431,186.8625183105468,185.82301330566406,5.175313472747803,7.268588066101075,-4.52177619934082,-4.5660529136657715,,,,,,,,,,,,,,,,,,,,,,,,,,,,,,,,
130,5.416666666666667,130,5.416666666666667,0.0,0.022670233359078654,0.026510143876757666,0.5780187642873996,0.5681995557425481,0.08275272854375286,0.08444143923668997,0.08484247861284647,0.08550816329678489,0.08907328161721133,0.07957375658569596,0.1366104048450632,0.13124694280158272,0.12489262546231533,0.12353290769519608,0.4799693524837494,0.4801655113697052,0.4794101417064667,0.4798474609851837,0.507576510310173,0.5093853622674942,0.3674580007791519,0.3669785112142563,0.4536145329475403,0.4556170105934143,0.7619671821594238,0.7582957744598389,185.92372131347645,186.5901336669922,5.514110565185547,7.290523052215577,-4.469078540802002,-4.8832688331604,,,,,,,,,,,,,,,,,,,,,,,,,,,,,,,,
131,5.458333333333333,131,5.458333333333333,0.0,0.019232330487916987,0.024065862832891638,0.5598835679787194,0.561369067506157,0.0853507148301952,0.08567323244766008,0.08719709670122276,0.08692041125357096,0.09382303751870773,0.08652600975701377,0.14018926711301596,0.13492804621915863,0.12433992659455981,0.12226673395988276,0.4807080924510956,0.48124925792217255,0.480547696352005,0.48076507449150085,0.5069255828857422,0.5108641684055328,0.3672013431787491,0.36712346971035004,0.4561091363430023,0.45645052194595337,0.7627729773521423,0.7582542896270752,188.44973754882804,187.2068634033203,5.506996154785156,6.8943891525268555,-4.282902240753174,-4.309311866760254,,,,,,,,,,,,,,,,,,,,,,,,,,,,,,,,
132,5.5,132,5.5,0.0,0.025898469916320072,0.03257495526815387,0.566565396413408,0.5637010163021101,0.08311902367696222,0.08411452142871578,0.08459102904559623,0.08511579174377634,0.09390255282606823,0.08719369133112602,0.13845620732455002,0.1353693599290039,0.12459471913420415,0.12197339763485539,0.48161780834198,0.48233529925346375,0.4816102981567383,0.48224422335624695,0.5082250237464905,0.5096885561943054,0.3665638864040375,0.3662267476320267,0.45531806349754333,0.45505934953689575,0.7610604166984558,0.7598176002502441,187.42910766601554,186.14193725585938,5.774622917175293,7.2342047691345215,-4.3556108474731445,-4.527014255523682,,,,,,,,,,,,,,,,,,,,,,,,,,,,,,,,
133,5.541666666666667,133,5.541666666666667,0.0,0.058406330173515944,0.049878691059511496,0.5860748710965689,0.5809970820708819,0.08212596576213255,0.08221874512659302,0.0840924679778562,0.0835105132282499,0.09318124570621059,0.08751657145400865,0.13616907673965897,0.13245053931967649,0.12500994386048367,0.12278245256353836,0.4829147905111313,0.4833245873451233,0.4830695390701294,0.4830873906612396,0.5093950033187866,0.5113864541053772,0.3668264299631119,0.3668627291917801,0.4546203017234802,0.4556874632835388,0.7599694430828094,0.7594169676303864,186.26397705078114,185.88455200195312,4.154959678649902,6.122282981872559,-4.249560356140137,-4.235811710357666,,,,,,,,,,,,,,,,,,,,,,,,,,,,,,,,
134,5.583333333333333,134,5.583333333333333,0.0,0.08707177275231365,0.06792221575940298,0.6104376887844257,0.5956654270931919,0.08479599806508412,0.08273665724286242,0.08644181511832039,0.08413723217427298,0.09159319780105862,0.0853250536579245,0.13368621296455827,0.12775982183534507,0.12483740392296801,0.12328565977444568,0.4837789982557297,0.4843594878911972,0.48366716504096985,0.48337119817733765,0.5100400447845459,0.510964959859848,0.36779385805130005,0.36660335958004,0.4549486041069031,0.45615363121032715,0.7605608999729156,0.7595755457878113,187.04222106933582,186.59075927734375,4.220289707183838,6.578438758850098,-4.04993200302124,-3.8595547676086426,,,,,,,,,,,,,,,,,,,,,,,,,,,,,,,,
135,5.625,135,5.625,0.0,0.0802503581411141,0.06374370358048888,0.6051321856220362,0.604693989822442,0.08427988977460503,0.08178947264413712,0.08603291333447043,0.08315097534189865,0.08588653056789525,0.08550937321148022,0.1259757375611611,0.12419395279945201,0.12485080237914774,0.12327045894658113,0.48435914516448975,0.48480124771595,0.48411211371421814,0.4839920699596405,0.5106052905321121,0.5116845071315765,0.36639031767845154,0.36634647846221924,0.45476195216178894,0.45596110820770264,0.7623929381370544,0.7603077590465546,187.56781005859364,186.68533325195312,4.064424991607666,5.696444034576416,-3.801653146743775,-3.6175727844238286,,,,,,,,,,,,,,,,,,,,,,,,,,,,,,,,
136,5.666666666666667,136,5.666666666666667,0.0,0.06625259301496271,0.05189111962153916,0.603616037520921,0.6024982904819759,0.08295697139448288,0.08142932719124218,0.08478404956921706,0.0828804721349713,0.08761766273427656,0.08632773889661527,0.1267671819275053,0.12335905046236845,0.124649744227942,0.12340313881122993,0.48437780141830444,0.4849909096956253,0.48440149426460266,0.4841442406177521,0.5109802484512329,0.5103992372751236,0.3661600351333618,0.366269588470459,0.45471420884132385,0.45488041639328003,0.7615824937820435,0.7583906352519989,187.88580322265614,186.50660705566406,3.5908269882202153,5.375494480133057,-3.7456741333007812,-3.472087860107422,,,,,,,,,,,,,,,,,,,,,,,,,,,,,,,,
137,5.708333333333333,137,5.708333333333333,0.0,0.039724368896526606,0.04398764021852161,0.6013185032446745,0.6016827834720485,0.0828904001348344,0.08109850364478619,0.08489941508647784,0.08254604797235882,0.09087831071159107,0.08653910115915407,0.1279217788110536,0.12408576774565945,0.12462705014653007,0.12356490955018204,0.4847123473882675,0.48500362038612366,0.48470252752304077,0.48453840613365173,0.512000173330307,0.5092979669570923,0.36582237482070923,0.36599114537239075,0.4536111056804657,0.453999787569046,0.7620213031768799,0.7581941783428192,187.73226928710926,187.0597686767578,3.2948789596557617,4.631699562072754,-3.537534713745117,-3.5453202724456787,,,,,,,,,,,,,,,,,,,,,,,,,,,,,,,,
138,5.75,138,5.75,0.0,0.029265282549208533,0.03260740299917705,0.5879399757316831,0.5972804011912145,0.08456625188883503,0.08039825490776087,0.08641389049892863,0.0820958610495214,0.09016857402171378,0.08669366381232473,0.12677438365146107,0.1259474883343932,0.12473681337195403,0.12338966544683189,0.484718382358551,0.48497113585472107,0.48461055755615234,0.48462679982185364,0.5115672796964645,0.5092960000038147,0.36560237407684326,0.36588989198207855,0.45303982496261597,0.4539455771446228,0.7606233060359955,0.7597656846046448,188.64111328124991,187.9547882080078,3.864460706710816,4.59694766998291,-3.574141025543213,-3.64663577079773,,,,,,,,,,,,,,,,,,,,,,,,,,,,,,,,
139,5.791666666666667,139,5.791666666666667,0.0,0.026644371297631586,0.031084456010731783,0.5870951694459905,0.5906263815243966,0.08317948690980095,0.08194283386849863,0.08564008850540092,0.08356817792386378,0.09133108113676815,0.08417068679873378,0.12965880341821856,0.12418813499056235,0.1244934207051782,0.1233596558436338,0.48475271463394165,0.4849647879600525,0.4848591685295105,0.48454517126083374,0.5112254619598389,0.5095612704753876,0.3657774180173874,0.3659864664077759,0.4516375660896301,0.452923446893692,0.7609105408191681,0.7603663206100464,187.41184997558585,187.45458984374997,3.333930492401123,4.722324371337891,-3.61601972579956,-3.683576345443726,,,,,,,,,,,,,,,,,,,,,,,,,,,,,,,,
140,5.833333333333333,140,5.833333333333333,0.0,0.027867149503528768,0.031198067274675674,0.584332998066899,0.585869564147106,0.08312459371246643,0.081485646728889,0.0854613542252805,0.08283052912040326,0.09295051015111275,0.0846943929308618,0.1310833383975917,0.12394217604629261,0.12455160206359045,0.12344282900119519,0.4848606139421463,0.4851466715335846,0.48487532138824463,0.48462986946105957,0.5107001066207886,0.5094975680112839,0.3652818650007248,0.36573441326618195,0.45128220319747925,0.45144474506378174,0.7602768838405609,0.7598128318786621,187.29466247558585,186.55833435058594,3.5195982456207275,4.813666820526123,-3.5987517833709712,-3.632664680480957,,,,,,,,,,,,,,,,,,,,,,,,,,,,,,,,
141,5.875,141,5.875,0.0,0.031121997801681758,0.03110769833640154,0.580673139441097,0.5854049952389916,0.08456542770837816,0.08208158370139897,0.08684908052174226,0.08324095658768986,0.09024476804142441,0.08420020835806351,0.1273868786381428,0.12271067531688766,0.12430734757436246,0.1232614544245303,0.4851789176464081,0.48528459668159485,0.4847409725189209,0.484730064868927,0.5114682614803314,0.509394109249115,0.3643463999032974,0.36503395438194275,0.4504503905773163,0.45082879066467285,0.7618916034698486,0.7590197920799255,186.63395690917957,186.09730529785153,4.180047988891602,4.949599266052246,-3.41404128074646,-3.5858273506164555,,,,,,,,,,,,,,,,,,,,,,,,,,,,,,,,
142,5.916666666666667,142,5.916666666666667,0.0,0.03348168434095078,0.036567643727831285,0.57970261780869,0.5845210593179698,0.08273049476519256,0.08235856342780992,0.08509538184646187,0.08354346658199058,0.0892942424646859,0.08371502324811801,0.12676892803982281,0.12191240191228604,0.12435829148220412,0.12331942329243605,0.4852071702480316,0.4852871745824814,0.48449841141700745,0.48483917117118835,0.5117424577474594,0.5096452385187149,0.3637910485267639,0.3643484562635422,0.4491056799888611,0.45076268911361694,0.7612106204032898,0.7599014639854431,185.6693878173827,186.15463256835938,4.632328987121582,4.963399887084961,-3.383418321609497,-3.56949782371521,,,,,,,,,,,,,,,,,,,,,,,,,,,,,,,,
143,5.958333333333333,143,5.958333333333333,0.0,0.03455263947844027,0.03777185261288462,0.5760483002577447,0.5895981129936305,0.08061312024189263,0.08279540416850356,0.08306366908201154,0.08383243343596232,0.08852636447134993,0.08461515717485621,0.12623279586475133,0.12046535155800421,0.12456362376453962,0.12287967085975798,0.48513786494731903,0.4855847656726837,0.4842674732208252,0.4848828613758087,0.5114168077707291,0.5100610703229904,0.36291074752807617,0.3629615902900696,0.44814470410346985,0.44918057322502136,0.7614834308624268,0.7598153650760651,185.35926818847648,185.15402221679688,5.010025501251221,5.302541732788086,-3.378758192062378,-3.3735880851745605,,,,,,,,,,,,,,,,,,,,,,,,,,,,,,,,
144,6.0,144,6.0,0.0,0.035439079729067215,0.035683151065548126,0.5779950491837125,0.5905545074057953,0.08002863202349697,0.0820291726878346,0.0821745775402438,0.08290495152395266,0.0898274507031574,0.08575765137371574,0.12554763413110354,0.11911243669766171,0.1243307688155053,0.12282111544441901,0.4857770502567291,0.4858294278383255,0.48452872037887573,0.48466548323631287,0.510842353105545,0.5103059411048889,0.36131685972213745,0.36188243329524994,0.4449051022529602,0.44682779908180237,0.7628914713859558,0.7573368847370148,183.89549255371082,184.14352416992185,5.39262056350708,5.914379119873047,-3.245393753051758,-3.186483144760132,,,,,,,,,,,,,,,,,,,,,,,,,,,,,,,,
145,6.041666666666667,145,6.041666666666667,0.0,0.03169977727433371,0.035562174884898046,0.5748209307261963,0.5834285686279834,0.08074105507142514,0.0828539048367422,0.08325920251280117,0.08466459300646217,0.09212127267744334,0.08518766340482219,0.12475870510870378,0.11865001821805224,0.12505786899681798,0.12321883213373666,0.4865929037332535,0.48629093170166016,0.48474130034446716,0.48499253392219543,0.5109089314937592,0.5104972422122955,0.36017151176929474,0.3610108345746994,0.4432166814804077,0.4457273483276367,0.7628803849220276,0.7543499767780304,183.4312286376952,183.92869567871094,5.791630268096924,5.966970443725586,-2.856595516204834,-3.0745229721069336,,,,,,,,,,,,,,,,,,,,,,,,,,,,,,,,
146,6.083333333333333,146,6.083333333333333,0.0,0.033763248405211325,0.034786340199484865,0.5679920540293237,0.5789082430413639,0.0804349598316667,0.08430151322672061,0.08317172143174545,0.08622433513703712,0.09093365317018934,0.08473158842128639,0.1236207891080933,0.11699504402230979,0.126459614330317,0.12336964682570943,0.48650601506233215,0.4866405129432678,0.4853439927101135,0.48542946577072144,0.5114456117153168,0.5111116915941238,0.3597312569618225,0.3599621206521988,0.4416503310203552,0.4444495439529419,0.7623641490936279,0.7555283904075623,182.8801727294921,183.6829833984375,4.507340908050537,5.826268672943115,-2.980625629425049,-2.9342827796936035,,,,,,,,,,,,,,,,,,,,,,,,,,,,,,,,
147,6.125,147,6.125,0.0,0.0393751150924152,0.03699600578418407,0.569243968426819,0.5803462599266774,0.08000724563198126,0.0843534536628962,0.08228514186132284,0.08669787140458683,0.09184827180469327,0.08516679277995008,0.12227895261249391,0.11661547754267229,0.12640001799194198,0.12343208419277135,0.4871177673339844,0.4871111512184143,0.4857627749443054,0.4859309196472168,0.5100086331367493,0.5102297812700272,0.35882456600666046,0.35906216502189636,0.4402337968349457,0.4435597062110901,0.7625316083431244,0.7570377886295319,182.51312255859364,183.66351318359375,4.453042030334473,5.535523414611816,-2.776010274887085,-2.8235247135162354,,,,,,,,,,,,,,,,,,,,,,,,,,,,,,,,
148,6.166666666666667,148,6.166666666666667,0.0,0.04000274378636149,0.04036422867454984,0.5722726593204016,0.5809768607316048,0.08249678887082797,0.08487168477074807,0.08543829243550469,0.08730603060405503,0.09072880560292441,0.08456596051205666,0.1213155981048241,0.11545341947047778,0.12592698095315316,0.12364120752560455,0.4872576594352722,0.48739778995513916,0.48648542165756226,0.48654037714004517,0.5090990662574768,0.5094818472862244,0.3572250157594681,0.3579957187175751,0.4396449029445648,0.4427362382411957,0.7623600363731384,0.7598752379417419,182.9349365234374,183.83509826660156,3.7878375053405757,4.853941917419434,-2.790454149246216,-2.788490056991577,,,,,,,,,,,,,,,,,,,,,,,,,,,,,,,,
149,6.208333333333333,149,6.208333333333333,0.0,0.040505484175894835,0.04257500218397245,0.5733790536377161,0.5790725909450869,0.07926071224512561,0.08393663506871461,0.0816471238153879,0.08618324441698923,0.09271718607252405,0.08493896295845009,0.12050749444348044,0.11531660425407406,0.12690525069991593,0.12385375283073204,0.488076776266098,0.48780784010887146,0.48654985427856445,0.4866267442703247,0.5091414898633957,0.509656623005867,0.3570927828550339,0.3570924401283264,0.43808791041374207,0.4409883916378021,0.7631762325763702,0.7592742443084717,182.12347412109364,183.37782287597653,4.264772891998291,5.164234638214111,-2.5366647243499756,-2.7189033031463623,,,,,,,,,,,,,,,,,,,,,,,,,,,,,,,,
150,6.25,150,6.25,0.0,0.04322651293974589,0.04492403436022763,0.5718424426403222,0.5811750881660155,0.08332132891683014,0.084736414968339,0.08591742110275495,0.08691148403377773,0.09290262312773899,0.08459128046225388,0.12128223639823926,0.11501884098734552,0.12567591657945967,0.12329465106535753,0.4878706634044647,0.48800377547740936,0.4873184263706207,0.4868379533290863,0.5095108151435852,0.5103621184825897,0.3559783846139908,0.35619156062602997,0.43810588121414185,0.4400648772716522,0.7622337639331818,0.7572574317455292,182.63174438476554,183.28945922851562,3.293553352355957,5.3843512535095215,-2.627570152282715,-2.719132900238037,,,,,,,,,,,,,,,,,,,,,,,,,,,,,,,,
151,6.291666666666667,151,6.291666666666667,0.0,0.04286402298267946,0.04554305548976043,0.5686151040895786,0.5780766896460056,0.07971223280800262,0.08298718257132913,0.08204245443680235,0.08474936199856976,0.09414597669258282,0.08627119449699838,0.11967656629938753,0.1157714266143739,0.1266514732438021,0.1232527853447111,0.48858439922332764,0.4881608486175537,0.4868917465209961,0.48697102069854736,0.5105407536029816,0.5100582093000412,0.35620611906051636,0.35597939789295197,0.4365391433238983,0.4394756555557251,0.759218156337738,0.7561203241348267,181.61788940429676,183.06788635253906,4.429990291595459,5.4559550285339355,-2.3408021926879883,-2.674969434738159,,,,,,,,,,,,,,,,,,,,,,,,,,,,,,,,
