
◆  Rendering hyperframes → /Users/brownmanbrain/GitHub/operator-economy/blueprint-cinema/experiments/EP007-PREMIUM-CONTROLLED-004/review-media/ep007-original-film-seedance-hyperframes.mp4
   30fps · high · auto workers (10 cores detected)
   GPU: browser GPU (auto-detect)

[?25l│
◇  Browser: cache
[?25h
  ⚠ [compositions/question.html] gsap_repeated_fromto_without_baseline: 2 tl.fromTo() calls target "#question-person" with no stable baseline. The last-authored fromTo "from" values become the element's resting state for any seek before the first tween actually runs, because GSAP applies fromTo from-values at authoring time (immediateRender), not at tween position.
    Fix: Add `immediateRender: false` to the destination vars of each future fromTo, or set a safe resting state with an earlier `tl.set("#question-person", { ... }, 0)`. Pre-first-tween seeks must not inherit whichever fromTo call happened to author last.
  ⚠ [compositions/question.html] gsap_repeated_fromto_without_baseline: 2 tl.fromTo() calls target "#question-route-b" with no stable baseline. The last-authored fromTo "from" values become the element's resting state for any seek before the first tween actually runs, because GSAP applies fromTo from-values at authoring time (immediateRender), not at tween position.
    Fix: Add `immediateRender: false` to the destination vars of each future fromTo, or set a safe resting state with an earlier `tl.set("#question-route-b", { ... }, 0)`. Pre-first-tween seeks must not inherit whichever fromTo call happened to author last.
  Continuing render despite lint issues. Use --strict to block errors.

[INFO] [Render] Pipeline started {"renderJobId":"44d19a03-d2d4-4087-982b-da007102f33e","platform":"darwin","arch":"arm64","nodeVersion":"v25.6.1","fps":{"num":30,"den":1},"format":"mp4","quality":"high","browserGpuMode":"auto","forceScreenshot":false,"protocolTimeout":300000,"browserTimeout":120000,"pageNavigationTimeout":60000,"playerReadyTimeout":45000}
[INFO] [Render:trace] {"renderJobId":"44d19a03-d2d4-4087-982b-da007102f33e","phase":"pipeline","status":"checkpoint","elapsedMs":1,"message":"started","format":"mp4","quality":"high","browserGpuMode":"auto","forceScreenshot":false,"protocolTimeoutMs":300000,"pageNavigationTimeoutMs":60000,"playerReadyTimeoutMs":45000,"requestedWorkers":"auto"}
[INFO] [Render:trace] {"renderJobId":"44d19a03-d2d4-4087-982b-da007102f33e","phase":"compile","status":"start","elapsedMs":1,"needsAlpha":false}
  █░░░░░░░░░░░░░░░░░░░░░░░░  5%  Compiling composition
[INFO] [Compiler] Embedded local font file: assets/fonts/supreme-400.woff2 (18 KB → data URI)
[INFO] [Compiler] Embedded local font file: assets/fonts/supreme-500.woff2 (18 KB → data URI)
[INFO] [Compiler] Embedded local font file: assets/fonts/zodiak-700.woff2 (21 KB → data URI)
[INFO] Compiled composition metadata {"renderJobId":"44d19a03-d2d4-4087-982b-da007102f33e","entryFile":"index.html","staticDuration":59.8666666667,"width":1280,"height":720,"videoCount":6,"audioCount":1,"renderModeHints":{"recommendScreenshot":false,"reasons":[]}}
[WARN] [Compiler] WARNING: Video "establishing-video" has sparse keyframes (max interval: 13.75s). This causes seek failures and frame freezing. Re-encode with: ffmpeg -i "assets/establishing.mp4" -c:v libx264 -r 30 -g 30 -keyint_min 30 -movflags +faststart -c:a copy output.mp4
[INFO] [Render:trace] {"renderJobId":"44d19a03-d2d4-4087-982b-da007102f33e","phase":"compile","status":"end","elapsedMs":367,"durationMs":366,"needsAlpha":false}
[INFO] [Render:trace] {"renderJobId":"44d19a03-d2d4-4087-982b-da007102f33e","phase":"compile","status":"checkpoint","elapsedMs":368,"message":"composition metadata resolved","width":1280,"height":720,"videoCount":6,"audioCount":1,"imageCount":0,"deviceScaleFactor":1,"forceScreenshot":false,"compositionHash":"118829579a1829d6"}
[INFO] [Render:trace] {"renderJobId":"44d19a03-d2d4-4087-982b-da007102f33e","phase":"browser_probe","status":"start","elapsedMs":368,"forceScreenshot":false,"stagePhase":"calibrating"}
[INFO] [Render:trace] {"renderJobId":"44d19a03-d2d4-4087-982b-da007102f33e","phase":"browser_probe","status":"end","elapsedMs":383,"durationMs":15,"forceScreenshot":false,"stagePhase":"calibrating"}
[INFO] [Render:trace] {"renderJobId":"44d19a03-d2d4-4087-982b-da007102f33e","phase":"browser_probe","status":"checkpoint","elapsedMs":383,"message":"duration resolved","durationSeconds":59.8666666667,"totalFrames":1796,"compositionHash":"118829579a1829d6","beginFrameStalled":false}
[INFO] [Render:trace] {"renderJobId":"44d19a03-d2d4-4087-982b-da007102f33e","phase":"video_extract","status":"start","elapsedMs":383,"videoCount":6}
[INFO] Probing video color spaces... {"renderJobId":"44d19a03-d2d4-4087-982b-da007102f33e","videoCount":6}
  ██░░░░░░░░░░░░░░░░░░░░░░░  10%  Extracting video frames
[INFO] Extracting frames from video 1/6 {"renderJobId":"44d19a03-d2d4-4087-982b-da007102f33e","sourceType":"local"}
[INFO] Extracting frames from video 2/6 {"renderJobId":"44d19a03-d2d4-4087-982b-da007102f33e","sourceType":"local"}
[INFO] Extracting frames from video 3/6 {"renderJobId":"44d19a03-d2d4-4087-982b-da007102f33e","sourceType":"local"}
[INFO] Extracting frames from video 4/6 {"renderJobId":"44d19a03-d2d4-4087-982b-da007102f33e","sourceType":"local"}
[INFO] Extracting frames from video 5/6 {"renderJobId":"44d19a03-d2d4-4087-982b-da007102f33e","sourceType":"local"}
[INFO] Extracting frames from video 6/6 {"renderJobId":"44d19a03-d2d4-4087-982b-da007102f33e","sourceType":"local"}
[WARN] [Compiler] WARNING: Video "presenter-video" has sparse keyframes (max interval: 10.42s). This causes seek failures and frame freezing. Re-encode with: ffmpeg -i "assets/avatar-selected.mp4" -c:v libx264 -r 30 -g 30 -keyint_min 30 -movflags +faststart -c:a copy output.mp4
[INFO] [Render:trace] {"renderJobId":"44d19a03-d2d4-4087-982b-da007102f33e","phase":"video_extract","status":"end","elapsedMs":3787,"durationMs":3404,"videoCount":6}
[INFO] [Render:trace] {"renderJobId":"44d19a03-d2d4-4087-982b-da007102f33e","phase":"video_extract","status":"checkpoint","elapsedMs":3789,"message":"frames resolved","videoCount":6,"extractedVideoCount":6,"totalFramesExtracted":1397,"maxFramesPerVideo":340,"avgFramesPerExtractedVideo":233,"vfrPreflightCount":0,"vfrPreflightMs":0,"cacheHits":0,"cacheMisses":6,"transientRetries":0,"minVideoFrameCoverageRatio":1,"authoredTimedClipCount":15}
[INFO] [Render] No HDR sources detected — rendering SDR {"renderJobId":"44d19a03-d2d4-4087-982b-da007102f33e"}
[INFO] [Render:trace] {"renderJobId":"44d19a03-d2d4-4087-982b-da007102f33e","phase":"hdr_detection","status":"checkpoint","elapsedMs":3789,"message":"resolved","requestedHdrMode":"auto","effectiveHdr":"sdr","nativeHdrVideoCount":0,"nativeHdrImageCount":0}
[INFO] [Render:trace] {"renderJobId":"44d19a03-d2d4-4087-982b-da007102f33e","phase":"audio_process","status":"start","elapsedMs":3789,"audioCount":1}
  █████░░░░░░░░░░░░░░░░░░░░  20%  Processing audio tracks
[INFO] [Render:trace] {"renderJobId":"44d19a03-d2d4-4087-982b-da007102f33e","phase":"audio_process","status":"end","elapsedMs":4854,"durationMs":1065,"audioCount":1}
[INFO] [Render:trace] {"renderJobId":"44d19a03-d2d4-4087-982b-da007102f33e","phase":"file_server","status":"start","elapsedMs":4854,"reused":false}
  ██████░░░░░░░░░░░░░░░░░░░  25%  Starting frame capture
[INFO] [Render:trace] {"renderJobId":"44d19a03-d2d4-4087-982b-da007102f33e","phase":"file_server","status":"end","elapsedMs":4857,"durationMs":3}
[hyperframes] browserGpuMode probe → hardware (WebGL renderer vendor="Google Inc. (Apple)" renderer="ANGLE (Apple, ANGLE Metal Renderer: Apple M4, Unspecified Version)")
[INFO] [Render:trace] {"renderJobId":"44d19a03-d2d4-4087-982b-da007102f33e","phase":"capture_calibration","status":"checkpoint","elapsedMs":5156,"message":"skipped","requestedWorkers":"auto","totalFrames":1796,"htmlInCanvasDetected":false,"lowMemoryMode":false,"deInversionEligible":true,"deParallelRouterEligible":false}
[INFO] [Render] Fast capture: single-worker drawElement streaming preferred over 4-worker screenshot capture (1796 frames >= 900; verified path, measured faster at every worker count). Set HF_DE_SINGLE_MIN_FRAMES=0 or --workers N to override. {"renderJobId":"44d19a03-d2d4-4087-982b-da007102f33e"}
[INFO] [Render:trace] {"renderJobId":"44d19a03-d2d4-4087-982b-da007102f33e","phase":"worker_resolution","status":"checkpoint","elapsedMs":5157,"message":"resolved","workerCount":1}
[INFO] streaming-encode gate {"renderJobId":"44d19a03-d2d4-4087-982b-da007102f33e","enabled":true,"configFlag":true,"outputFormat":"mp4","workerCount":1,"durationSeconds":59.8666666667,"maxDurationSeconds":240}
[INFO] [Render:trace] {"renderJobId":"44d19a03-d2d4-4087-982b-da007102f33e","phase":"capture_strategy","status":"checkpoint","elapsedMs":5157,"message":"resolved","workerCount":1,"forceScreenshot":false,"captureBeyondViewport":true,"useStreamingEncode":true,"useLayeredComposite":false,"usePageSideCompositing":false,"hasHdrContent":false,"hasShaderTransitions":false,"isPngSequence":false}
[INFO] [Render:trace] {"renderJobId":"44d19a03-d2d4-4087-982b-da007102f33e","phase":"capture_streaming","status":"start","elapsedMs":5157,"stagePhase":"capturing","workerCount":1,"forceScreenshot":false,"totalFrames":1796,"framesCompleted":0,"captureMode":"drawelement","captureOperation":"drawElement"}
[BrowserManager] Browser launched (HeadlessChrome/152.0.7977.30, screenshot, gl=--use-gl=angle --use-angle=metal, headlessShell=true, platform=darwin)
[initSession:screenshot] page.goto start (0ms)
[HyperFrames] render runtime fps [object Object]
[initSession:screenshot] page.goto complete (130ms)
[initSession:screenshot] GSAP proxy flush complete (234ms)
[initSession:screenshot] pollHfReady complete (251ms)
[initSession:screenshot] pollSubCompositionTimelines complete (ready) (254ms)
[initSession:screenshot] applyVideoMetadataHints complete (255ms)
[initSession:screenshot] media + fonts + tailwind ready (256ms)
[initSession:screenshot] captureBeyondViewport downgraded: page content fits the capture viewport (258ms)
[initSession:screenshot] timeline at-risk predictor: 0/1797 frames (0%) (295ms)
[initSession:screenshot] static-frame dedup: disabled (before-capture hook / video injection active) (296ms)
[initSession:screenshot] drawElement self-verify armed: 4 ground-truth frame(s) @ [449, 898, 1347, 1706] of 1796 (658ms)
[initSession:drawelement] drawElement canvas injected (663ms)
[initSession:drawelement] screenshot fallback: 44 clip-boundary frame(s) (664ms)
[initSession:drawelement] drawElement worker encode initialized (668ms)
  ██████░░░░░░░░░░░░░░░░░░░  25%  Streaming frame 1/1796
  ██████░░░░░░░░░░░░░░░░░░░  25%  Streaming frame 2/1796
  ██████░░░░░░░░░░░░░░░░░░░  25%  Streaming frame 3/1796
  ██████░░░░░░░░░░░░░░░░░░░  25%  Streaming frame 4/1796
  ██████░░░░░░░░░░░░░░░░░░░  25%  Streaming frame 5/1796
  ██████░░░░░░░░░░░░░░░░░░░  25%  Streaming frame 6/1796
  ██████░░░░░░░░░░░░░░░░░░░  25%  Streaming frame 7/1796
  ██████░░░░░░░░░░░░░░░░░░░  25%  Streaming frame 8/1796
  ██████░░░░░░░░░░░░░░░░░░░  25%  Streaming frame 9/1796
  ██████░░░░░░░░░░░░░░░░░░░  25%  Streaming frame 10/1796
  ██████░░░░░░░░░░░░░░░░░░░  25%  Streaming frame 11/1796
  ██████░░░░░░░░░░░░░░░░░░░  25%  Streaming frame 12/1796
  ██████░░░░░░░░░░░░░░░░░░░  25%  Streaming frame 13/1796
  ██████░░░░░░░░░░░░░░░░░░░  25%  Streaming frame 14/1796
  ██████░░░░░░░░░░░░░░░░░░░  25%  Streaming frame 15/1796
  ██████░░░░░░░░░░░░░░░░░░░  25%  Streaming frame 16/1796
  ██████░░░░░░░░░░░░░░░░░░░  26%  Streaming frame 17/1796
  ██████░░░░░░░░░░░░░░░░░░░  26%  Streaming frame 18/1796
  ██████░░░░░░░░░░░░░░░░░░░  26%  Streaming frame 19/1796
  ██████░░░░░░░░░░░░░░░░░░░  26%  Streaming frame 20/1796
  ██████░░░░░░░░░░░░░░░░░░░  26%  Streaming frame 21/1796
  ██████░░░░░░░░░░░░░░░░░░░  26%  Streaming frame 22/1796
  ██████░░░░░░░░░░░░░░░░░░░  26%  Streaming frame 23/1796
  ██████░░░░░░░░░░░░░░░░░░░  26%  Streaming frame 24/1796
  ██████░░░░░░░░░░░░░░░░░░░  26%  Streaming frame 25/1796
  ██████░░░░░░░░░░░░░░░░░░░  26%  Streaming frame 26/1796
  ██████░░░░░░░░░░░░░░░░░░░  26%  Streaming frame 27/1796
  ██████░░░░░░░░░░░░░░░░░░░  26%  Streaming frame 28/1796
  ██████░░░░░░░░░░░░░░░░░░░  26%  Streaming frame 29/1796
  ██████░░░░░░░░░░░░░░░░░░░  26%  Streaming frame 30/1796
  ██████░░░░░░░░░░░░░░░░░░░  26%  Streaming frame 31/1796
  ██████░░░░░░░░░░░░░░░░░░░  26%  Streaming frame 32/1796
  ██████░░░░░░░░░░░░░░░░░░░  26%  Streaming frame 33/1796
  ██████░░░░░░░░░░░░░░░░░░░  26%  Streaming frame 34/1796
  ██████░░░░░░░░░░░░░░░░░░░  26%  Streaming frame 35/1796
  ██████░░░░░░░░░░░░░░░░░░░  26%  Streaming frame 36/1796
  ██████░░░░░░░░░░░░░░░░░░░  26%  Streaming frame 37/1796
  ██████░░░░░░░░░░░░░░░░░░░  26%  Streaming frame 38/1796
  ██████░░░░░░░░░░░░░░░░░░░  26%  Streaming frame 39/1796
  ██████░░░░░░░░░░░░░░░░░░░  26%  Streaming frame 40/1796
  ██████░░░░░░░░░░░░░░░░░░░  26%  Streaming frame 41/1796
  ██████░░░░░░░░░░░░░░░░░░░  26%  Streaming frame 42/1796
  ██████░░░░░░░░░░░░░░░░░░░  26%  Streaming frame 43/1796
  ██████░░░░░░░░░░░░░░░░░░░  26%  Streaming frame 44/1796
  ██████░░░░░░░░░░░░░░░░░░░  26%  Streaming frame 45/1796
  ██████░░░░░░░░░░░░░░░░░░░  26%  Streaming frame 46/1796
  ██████░░░░░░░░░░░░░░░░░░░  26%  Streaming frame 47/1796
  ██████░░░░░░░░░░░░░░░░░░░  26%  Streaming frame 48/1796
  ██████░░░░░░░░░░░░░░░░░░░  27%  Streaming frame 49/1796
  ██████░░░░░░░░░░░░░░░░░░░  27%  Streaming frame 50/1796
  ██████░░░░░░░░░░░░░░░░░░░  27%  Streaming frame 51/1796
  ██████░░░░░░░░░░░░░░░░░░░  27%  Streaming frame 52/1796
  ██████░░░░░░░░░░░░░░░░░░░  27%  Streaming frame 53/1796
  ██████░░░░░░░░░░░░░░░░░░░  27%  Streaming frame 54/1796
  ██████░░░░░░░░░░░░░░░░░░░  27%  Streaming frame 55/1796
  ██████░░░░░░░░░░░░░░░░░░░  27%  Streaming frame 56/1796
  ██████░░░░░░░░░░░░░░░░░░░  27%  Streaming frame 57/1796
  ██████░░░░░░░░░░░░░░░░░░░  27%  Streaming frame 58/1796
  ██████░░░░░░░░░░░░░░░░░░░  27%  Streaming frame 59/1796
  ██████░░░░░░░░░░░░░░░░░░░  27%  Streaming frame 60/1796
  ██████░░░░░░░░░░░░░░░░░░░  27%  Streaming frame 61/1796
  ██████░░░░░░░░░░░░░░░░░░░  27%  Streaming frame 62/1796
  ██████░░░░░░░░░░░░░░░░░░░  27%  Streaming frame 63/1796
  ██████░░░░░░░░░░░░░░░░░░░  27%  Streaming frame 64/1796
  ██████░░░░░░░░░░░░░░░░░░░  27%  Streaming frame 65/1796
  ██████░░░░░░░░░░░░░░░░░░░  27%  Streaming frame 66/1796
  ██████░░░░░░░░░░░░░░░░░░░  27%  Streaming frame 67/1796
  ██████░░░░░░░░░░░░░░░░░░░  27%  Streaming frame 68/1796
  ██████░░░░░░░░░░░░░░░░░░░  27%  Streaming frame 69/1796
  ██████░░░░░░░░░░░░░░░░░░░  27%  Streaming frame 70/1796
  ██████░░░░░░░░░░░░░░░░░░░  27%  Streaming frame 71/1796
  ██████░░░░░░░░░░░░░░░░░░░  27%  Streaming frame 72/1796
  ██████░░░░░░░░░░░░░░░░░░░  27%  Streaming frame 73/1796
  ██████░░░░░░░░░░░░░░░░░░░  27%  Streaming frame 74/1796
  ██████░░░░░░░░░░░░░░░░░░░  27%  Streaming frame 75/1796
  ██████░░░░░░░░░░░░░░░░░░░  27%  Streaming frame 76/1796
  ██████░░░░░░░░░░░░░░░░░░░  27%  Streaming frame 77/1796
  ██████░░░░░░░░░░░░░░░░░░░  27%  Streaming frame 78/1796
  ██████░░░░░░░░░░░░░░░░░░░  27%  Streaming frame 79/1796
  ██████░░░░░░░░░░░░░░░░░░░  27%  Streaming frame 80/1796
  ██████░░░░░░░░░░░░░░░░░░░  27%  Streaming frame 81/1796
  ███████░░░░░░░░░░░░░░░░░░  28%  Streaming frame 82/1796
  ███████░░░░░░░░░░░░░░░░░░  28%  Streaming frame 83/1796
  ███████░░░░░░░░░░░░░░░░░░  28%  Streaming frame 84/1796
  ███████░░░░░░░░░░░░░░░░░░  28%  Streaming frame 85/1796
  ███████░░░░░░░░░░░░░░░░░░  28%  Streaming frame 86/1796
  ███████░░░░░░░░░░░░░░░░░░  28%  Streaming frame 87/1796
  ███████░░░░░░░░░░░░░░░░░░  28%  Streaming frame 88/1796
  ███████░░░░░░░░░░░░░░░░░░  28%  Streaming frame 89/1796
  ███████░░░░░░░░░░░░░░░░░░  28%  Streaming frame 90/1796
  ███████░░░░░░░░░░░░░░░░░░  28%  Streaming frame 91/1796
  ███████░░░░░░░░░░░░░░░░░░  28%  Streaming frame 92/1796
  ███████░░░░░░░░░░░░░░░░░░  28%  Streaming frame 93/1796
  ███████░░░░░░░░░░░░░░░░░░  28%  Streaming frame 94/1796
  ███████░░░░░░░░░░░░░░░░░░  28%  Streaming frame 95/1796
  ███████░░░░░░░░░░░░░░░░░░  28%  Streaming frame 96/1796
  ███████░░░░░░░░░░░░░░░░░░  28%  Streaming frame 97/1796
  ███████░░░░░░░░░░░░░░░░░░  28%  Streaming frame 98/1796
  ███████░░░░░░░░░░░░░░░░░░  28%  Streaming frame 99/1796
  ███████░░░░░░░░░░░░░░░░░░  28%  Streaming frame 100/1796
  ███████░░░░░░░░░░░░░░░░░░  28%  Streaming frame 101/1796
  ███████░░░░░░░░░░░░░░░░░░  28%  Streaming frame 102/1796
  ███████░░░░░░░░░░░░░░░░░░  28%  Streaming frame 103/1796
  ███████░░░░░░░░░░░░░░░░░░  28%  Streaming frame 104/1796
  ███████░░░░░░░░░░░░░░░░░░  28%  Streaming frame 105/1796
  ███████░░░░░░░░░░░░░░░░░░  28%  Streaming frame 106/1796
  ███████░░░░░░░░░░░░░░░░░░  28%  Streaming frame 107/1796
  ███████░░░░░░░░░░░░░░░░░░  28%  Streaming frame 108/1796
  ███████░░░░░░░░░░░░░░░░░░  28%  Streaming frame 109/1796
  ███████░░░░░░░░░░░░░░░░░░  28%  Streaming frame 110/1796
  ███████░░░░░░░░░░░░░░░░░░  28%  Streaming frame 111/1796
  ███████░░░░░░░░░░░░░░░░░░  28%  Streaming frame 112/1796
  ███████░░░░░░░░░░░░░░░░░░  28%  Streaming frame 113/1796
  ███████░░░░░░░░░░░░░░░░░░  28%  Streaming frame 114/1796
  ███████░░░░░░░░░░░░░░░░░░  29%  Streaming frame 115/1796
  ███████░░░░░░░░░░░░░░░░░░  29%  Streaming frame 116/1796
  ███████░░░░░░░░░░░░░░░░░░  29%  Streaming frame 117/1796
  ███████░░░░░░░░░░░░░░░░░░  29%  Streaming frame 118/1796
  ███████░░░░░░░░░░░░░░░░░░  29%  Streaming frame 119/1796
  ███████░░░░░░░░░░░░░░░░░░  29%  Streaming frame 120/1796
  ███████░░░░░░░░░░░░░░░░░░  29%  Streaming frame 121/1796
  ███████░░░░░░░░░░░░░░░░░░  29%  Streaming frame 122/1796
  ███████░░░░░░░░░░░░░░░░░░  29%  Streaming frame 123/1796
  ███████░░░░░░░░░░░░░░░░░░  29%  Streaming frame 124/1796
  ███████░░░░░░░░░░░░░░░░░░  29%  Streaming frame 125/1796
  ███████░░░░░░░░░░░░░░░░░░  29%  Streaming frame 126/1796
  ███████░░░░░░░░░░░░░░░░░░  29%  Streaming frame 127/1796
  ███████░░░░░░░░░░░░░░░░░░  29%  Streaming frame 128/1796
  ███████░░░░░░░░░░░░░░░░░░  29%  Streaming frame 129/1796
  ███████░░░░░░░░░░░░░░░░░░  29%  Streaming frame 130/1796
  ███████░░░░░░░░░░░░░░░░░░  29%  Streaming frame 131/1796
  ███████░░░░░░░░░░░░░░░░░░  29%  Streaming frame 132/1796
  ███████░░░░░░░░░░░░░░░░░░  29%  Streaming frame 133/1796
  ███████░░░░░░░░░░░░░░░░░░  29%  Streaming frame 134/1796
  ███████░░░░░░░░░░░░░░░░░░  29%  Streaming frame 135/1796
  ███████░░░░░░░░░░░░░░░░░░  29%  Streaming frame 136/1796
  ███████░░░░░░░░░░░░░░░░░░  29%  Streaming frame 137/1796
  ███████░░░░░░░░░░░░░░░░░░  29%  Streaming frame 138/1796
  ███████░░░░░░░░░░░░░░░░░░  29%  Streaming frame 139/1796
  ███████░░░░░░░░░░░░░░░░░░  29%  Streaming frame 140/1796
  ███████░░░░░░░░░░░░░░░░░░  29%  Streaming frame 141/1796
  ███████░░░░░░░░░░░░░░░░░░  29%  Streaming frame 142/1796
  ███████░░░░░░░░░░░░░░░░░░  29%  Streaming frame 143/1796
  ███████░░░░░░░░░░░░░░░░░░  29%  Streaming frame 144/1796
  ███████░░░░░░░░░░░░░░░░░░  29%  Streaming frame 145/1796
  ███████░░░░░░░░░░░░░░░░░░  29%  Streaming frame 146/1796
  ███████░░░░░░░░░░░░░░░░░░  30%  Streaming frame 147/1796
  ███████░░░░░░░░░░░░░░░░░░  30%  Streaming frame 148/1796
  ███████░░░░░░░░░░░░░░░░░░  30%  Streaming frame 149/1796
  ███████░░░░░░░░░░░░░░░░░░  30%  Streaming frame 150/1796
  ███████░░░░░░░░░░░░░░░░░░  30%  Streaming frame 151/1796
  ███████░░░░░░░░░░░░░░░░░░  30%  Streaming frame 152/1796
  ███████░░░░░░░░░░░░░░░░░░  30%  Streaming frame 153/1796
  ███████░░░░░░░░░░░░░░░░░░  30%  Streaming frame 154/1796
  ███████░░░░░░░░░░░░░░░░░░  30%  Streaming frame 155/1796
  ███████░░░░░░░░░░░░░░░░░░  30%  Streaming frame 156/1796
  ███████░░░░░░░░░░░░░░░░░░  30%  Streaming frame 157/1796
  ███████░░░░░░░░░░░░░░░░░░  30%  Streaming frame 158/1796
  ███████░░░░░░░░░░░░░░░░░░  30%  Streaming frame 159/1796
  ███████░░░░░░░░░░░░░░░░░░  30%  Streaming frame 160/1796
  ███████░░░░░░░░░░░░░░░░░░  30%  Streaming frame 161/1796
  ███████░░░░░░░░░░░░░░░░░░  30%  Streaming frame 162/1796
  ███████░░░░░░░░░░░░░░░░░░  30%  Streaming frame 163/1796
  ███████░░░░░░░░░░░░░░░░░░  30%  Streaming frame 164/1796
  ███████░░░░░░░░░░░░░░░░░░  30%  Streaming frame 165/1796
  ███████░░░░░░░░░░░░░░░░░░  30%  Streaming frame 166/1796
  ███████░░░░░░░░░░░░░░░░░░  30%  Streaming frame 167/1796
  ███████░░░░░░░░░░░░░░░░░░  30%  Streaming frame 168/1796
  ███████░░░░░░░░░░░░░░░░░░  30%  Streaming frame 169/1796
  ███████░░░░░░░░░░░░░░░░░░  30%  Streaming frame 170/1796
  ███████░░░░░░░░░░░░░░░░░░  30%  Streaming frame 171/1796
  ███████░░░░░░░░░░░░░░░░░░  30%  Streaming frame 172/1796
  ███████░░░░░░░░░░░░░░░░░░  30%  Streaming frame 173/1796
  ███████░░░░░░░░░░░░░░░░░░  30%  Streaming frame 174/1796
  ███████░░░░░░░░░░░░░░░░░░  30%  Streaming frame 175/1796
  ███████░░░░░░░░░░░░░░░░░░  30%  Streaming frame 176/1796
  ███████░░░░░░░░░░░░░░░░░░  30%  Streaming frame 177/1796
  ███████░░░░░░░░░░░░░░░░░░  30%  Streaming frame 178/1796
  ███████░░░░░░░░░░░░░░░░░░  30%  Streaming frame 179/1796
  ███████░░░░░░░░░░░░░░░░░░  31%  Streaming frame 180/1796
  ███████░░░░░░░░░░░░░░░░░░  31%  Streaming frame 181/1796
  ███████░░░░░░░░░░░░░░░░░░  31%  Streaming frame 182/1796
  ███████░░░░░░░░░░░░░░░░░░  31%  Streaming frame 183/1796
  ███████░░░░░░░░░░░░░░░░░░  31%  Streaming frame 184/1796
  ███████░░░░░░░░░░░░░░░░░░  31%  Streaming frame 185/1796
  ███████░░░░░░░░░░░░░░░░░░  31%  Streaming frame 186/1796
  ███████░░░░░░░░░░░░░░░░░░  31%  Streaming frame 187/1796
  ███████░░░░░░░░░░░░░░░░░░  31%  Streaming frame 188/1796
  ███████░░░░░░░░░░░░░░░░░░  31%  Streaming frame 189/1796
  ███████░░░░░░░░░░░░░░░░░░  31%  Streaming frame 190/1796
  ███████░░░░░░░░░░░░░░░░░░  31%  Streaming frame 191/1796
  ███████░░░░░░░░░░░░░░░░░░  31%  Streaming frame 192/1796
  ███████░░░░░░░░░░░░░░░░░░  31%  Streaming frame 193/1796
  ███████░░░░░░░░░░░░░░░░░░  31%  Streaming frame 194/1796
  ███████░░░░░░░░░░░░░░░░░░  31%  Streaming frame 195/1796
  ███████░░░░░░░░░░░░░░░░░░  31%  Streaming frame 196/1796
  ███████░░░░░░░░░░░░░░░░░░  31%  Streaming frame 197/1796
  ███████░░░░░░░░░░░░░░░░░░  31%  Streaming frame 198/1796
  ███████░░░░░░░░░░░░░░░░░░  31%  Streaming frame 199/1796
  ███████░░░░░░░░░░░░░░░░░░  31%  Streaming frame 200/1796
  ███████░░░░░░░░░░░░░░░░░░  31%  Streaming frame 201/1796
  ███████░░░░░░░░░░░░░░░░░░  31%  Streaming frame 202/1796
  ███████░░░░░░░░░░░░░░░░░░  31%  Streaming frame 203/1796
  ███████░░░░░░░░░░░░░░░░░░  31%  Streaming frame 204/1796
  ███████░░░░░░░░░░░░░░░░░░  31%  Streaming frame 205/1796
  ███████░░░░░░░░░░░░░░░░░░  31%  Streaming frame 206/1796
  ███████░░░░░░░░░░░░░░░░░░  31%  Streaming frame 207/1796
  ███████░░░░░░░░░░░░░░░░░░  31%  Streaming frame 208/1796
  ███████░░░░░░░░░░░░░░░░░░  31%  Streaming frame 209/1796
  ███████░░░░░░░░░░░░░░░░░░  31%  Streaming frame 210/1796
  ███████░░░░░░░░░░░░░░░░░░  31%  Streaming frame 211/1796
  ███████░░░░░░░░░░░░░░░░░░  31%  Streaming frame 212/1796
  ████████░░░░░░░░░░░░░░░░░  32%  Streaming frame 213/1796
  ████████░░░░░░░░░░░░░░░░░  32%  Streaming frame 214/1796
  ████████░░░░░░░░░░░░░░░░░  32%  Streaming frame 215/1796
  ████████░░░░░░░░░░░░░░░░░  32%  Streaming frame 216/1796
  ████████░░░░░░░░░░░░░░░░░  32%  Streaming frame 217/1796
  ████████░░░░░░░░░░░░░░░░░  32%  Streaming frame 218/1796
  ████████░░░░░░░░░░░░░░░░░  32%  Streaming frame 219/1796
  ████████░░░░░░░░░░░░░░░░░  32%  Streaming frame 220/1796
  ████████░░░░░░░░░░░░░░░░░  32%  Streaming frame 221/1796
  ████████░░░░░░░░░░░░░░░░░  32%  Streaming frame 222/1796
  ████████░░░░░░░░░░░░░░░░░  32%  Streaming frame 223/1796
  ████████░░░░░░░░░░░░░░░░░  32%  Streaming frame 224/1796
  ████████░░░░░░░░░░░░░░░░░  32%  Streaming frame 225/1796
  ████████░░░░░░░░░░░░░░░░░  32%  Streaming frame 226/1796
  ████████░░░░░░░░░░░░░░░░░  32%  Streaming frame 227/1796
  ████████░░░░░░░░░░░░░░░░░  32%  Streaming frame 228/1796
  ████████░░░░░░░░░░░░░░░░░  32%  Streaming frame 229/1796
  ████████░░░░░░░░░░░░░░░░░  32%  Streaming frame 230/1796
  ████████░░░░░░░░░░░░░░░░░  32%  Streaming frame 231/1796
  ████████░░░░░░░░░░░░░░░░░  32%  Streaming frame 232/1796
  ████████░░░░░░░░░░░░░░░░░  32%  Streaming frame 233/1796
  ████████░░░░░░░░░░░░░░░░░  32%  Streaming frame 234/1796
  ████████░░░░░░░░░░░░░░░░░  32%  Streaming frame 235/1796
  ████████░░░░░░░░░░░░░░░░░  32%  Streaming frame 236/1796
  ████████░░░░░░░░░░░░░░░░░  32%  Streaming frame 237/1796
  ████████░░░░░░░░░░░░░░░░░  32%  Streaming frame 238/1796
  ████████░░░░░░░░░░░░░░░░░  32%  Streaming frame 239/1796
  ████████░░░░░░░░░░░░░░░░░  32%  Streaming frame 240/1796
  ████████░░░░░░░░░░░░░░░░░  32%  Streaming frame 241/1796
  ████████░░░░░░░░░░░░░░░░░  32%  Streaming frame 242/1796
  ████████░░░░░░░░░░░░░░░░░  32%  Streaming frame 243/1796
  ████████░░░░░░░░░░░░░░░░░  32%  Streaming frame 244/1796
  ████████░░░░░░░░░░░░░░░░░  33%  Streaming frame 245/1796
  ████████░░░░░░░░░░░░░░░░░  33%  Streaming frame 246/1796
  ████████░░░░░░░░░░░░░░░░░  33%  Streaming frame 247/1796
  ████████░░░░░░░░░░░░░░░░░  33%  Streaming frame 248/1796
  ████████░░░░░░░░░░░░░░░░░  33%  Streaming frame 249/1796
  ████████░░░░░░░░░░░░░░░░░  33%  Streaming frame 250/1796
  ████████░░░░░░░░░░░░░░░░░  33%  Streaming frame 251/1796
  ████████░░░░░░░░░░░░░░░░░  33%  Streaming frame 252/1796
  ████████░░░░░░░░░░░░░░░░░  33%  Streaming frame 253/1796
  ████████░░░░░░░░░░░░░░░░░  33%  Streaming frame 254/1796
  ████████░░░░░░░░░░░░░░░░░  33%  Streaming frame 255/1796
  ████████░░░░░░░░░░░░░░░░░  33%  Streaming frame 256/1796
  ████████░░░░░░░░░░░░░░░░░  33%  Streaming frame 257/1796
  ████████░░░░░░░░░░░░░░░░░  33%  Streaming frame 258/1796
  ████████░░░░░░░░░░░░░░░░░  33%  Streaming frame 259/1796
  ████████░░░░░░░░░░░░░░░░░  33%  Streaming frame 260/1796
  ████████░░░░░░░░░░░░░░░░░  33%  Streaming frame 261/1796
  ████████░░░░░░░░░░░░░░░░░  33%  Streaming frame 262/1796
  ████████░░░░░░░░░░░░░░░░░  33%  Streaming frame 263/1796
  ████████░░░░░░░░░░░░░░░░░  33%  Streaming frame 264/1796
  ████████░░░░░░░░░░░░░░░░░  33%  Streaming frame 265/1796
  ████████░░░░░░░░░░░░░░░░░  33%  Streaming frame 266/1796
  ████████░░░░░░░░░░░░░░░░░  33%  Streaming frame 267/1796
  ████████░░░░░░░░░░░░░░░░░  33%  Streaming frame 268/1796
  ████████░░░░░░░░░░░░░░░░░  33%  Streaming frame 269/1796
  ████████░░░░░░░░░░░░░░░░░  33%  Streaming frame 270/1796
  ████████░░░░░░░░░░░░░░░░░  33%  Streaming frame 271/1796
  ████████░░░░░░░░░░░░░░░░░  33%  Streaming frame 272/1796
  ████████░░░░░░░░░░░░░░░░░  33%  Streaming frame 273/1796
  ████████░░░░░░░░░░░░░░░░░  33%  Streaming frame 274/1796
  ████████░░░░░░░░░░░░░░░░░  33%  Streaming frame 275/1796
  ████████░░░░░░░░░░░░░░░░░  33%  Streaming frame 276/1796
  ████████░░░░░░░░░░░░░░░░░  33%  Streaming frame 277/1796
  ████████░░░░░░░░░░░░░░░░░  34%  Streaming frame 278/1796
  ████████░░░░░░░░░░░░░░░░░  34%  Streaming frame 279/1796
  ████████░░░░░░░░░░░░░░░░░  34%  Streaming frame 280/1796
  ████████░░░░░░░░░░░░░░░░░  34%  Streaming frame 281/1796
  ████████░░░░░░░░░░░░░░░░░  34%  Streaming frame 282/1796
  ████████░░░░░░░░░░░░░░░░░  34%  Streaming frame 283/1796
  ████████░░░░░░░░░░░░░░░░░  34%  Streaming frame 284/1796
  ████████░░░░░░░░░░░░░░░░░  34%  Streaming frame 285/1796
  ████████░░░░░░░░░░░░░░░░░  34%  Streaming frame 286/1796
  ████████░░░░░░░░░░░░░░░░░  34%  Streaming frame 287/1796
  ████████░░░░░░░░░░░░░░░░░  34%  Streaming frame 288/1796
  ████████░░░░░░░░░░░░░░░░░  34%  Streaming frame 289/1796
  ████████░░░░░░░░░░░░░░░░░  34%  Streaming frame 290/1796
  ████████░░░░░░░░░░░░░░░░░  34%  Streaming frame 291/1796
  ████████░░░░░░░░░░░░░░░░░  34%  Streaming frame 292/1796
  ████████░░░░░░░░░░░░░░░░░  34%  Streaming frame 293/1796
  ████████░░░░░░░░░░░░░░░░░  34%  Streaming frame 294/1796
  ████████░░░░░░░░░░░░░░░░░  34%  Streaming frame 295/1796
  ████████░░░░░░░░░░░░░░░░░  34%  Streaming frame 296/1796
  ████████░░░░░░░░░░░░░░░░░  34%  Streaming frame 297/1796
  ████████░░░░░░░░░░░░░░░░░  34%  Streaming frame 298/1796
  ████████░░░░░░░░░░░░░░░░░  34%  Streaming frame 299/1796
  ████████░░░░░░░░░░░░░░░░░  34%  Streaming frame 300/1796
  ████████░░░░░░░░░░░░░░░░░  34%  Streaming frame 301/1796
  ████████░░░░░░░░░░░░░░░░░  34%  Streaming frame 302/1796
  ████████░░░░░░░░░░░░░░░░░  34%  Streaming frame 303/1796
  ████████░░░░░░░░░░░░░░░░░  34%  Streaming frame 304/1796
  ████████░░░░░░░░░░░░░░░░░  34%  Streaming frame 305/1796
  ████████░░░░░░░░░░░░░░░░░  34%  Streaming frame 306/1796
  ████████░░░░░░░░░░░░░░░░░  34%  Streaming frame 307/1796
  ████████░░░░░░░░░░░░░░░░░  34%  Streaming frame 308/1796
  ████████░░░░░░░░░░░░░░░░░  34%  Streaming frame 309/1796
  ████████░░░░░░░░░░░░░░░░░  34%  Streaming frame 310/1796
  ████████░░░░░░░░░░░░░░░░░  35%  Streaming frame 311/1796
  ████████░░░░░░░░░░░░░░░░░  35%  Streaming frame 312/1796
  ████████░░░░░░░░░░░░░░░░░  35%  Streaming frame 313/1796
  ████████░░░░░░░░░░░░░░░░░  35%  Streaming frame 314/1796
  ████████░░░░░░░░░░░░░░░░░  35%  Streaming frame 315/1796
  ████████░░░░░░░░░░░░░░░░░  35%  Streaming frame 316/1796
  ████████░░░░░░░░░░░░░░░░░  35%  Streaming frame 317/1796
  ████████░░░░░░░░░░░░░░░░░  35%  Streaming frame 318/1796
  ████████░░░░░░░░░░░░░░░░░  35%  Streaming frame 319/1796
  ████████░░░░░░░░░░░░░░░░░  35%  Streaming frame 320/1796
  ████████░░░░░░░░░░░░░░░░░  35%  Streaming frame 321/1796
  ████████░░░░░░░░░░░░░░░░░  35%  Streaming frame 322/1796
  ████████░░░░░░░░░░░░░░░░░  35%  Streaming frame 323/1796
  ████████░░░░░░░░░░░░░░░░░  35%  Streaming frame 324/1796
  ████████░░░░░░░░░░░░░░░░░  35%  Streaming frame 325/1796
  ████████░░░░░░░░░░░░░░░░░  35%  Streaming frame 326/1796
  ████████░░░░░░░░░░░░░░░░░  35%  Streaming frame 327/1796
  ████████░░░░░░░░░░░░░░░░░  35%  Streaming frame 328/1796
  ████████░░░░░░░░░░░░░░░░░  35%  Streaming frame 329/1796
  ████████░░░░░░░░░░░░░░░░░  35%  Streaming frame 330/1796
  ████████░░░░░░░░░░░░░░░░░  35%  Streaming frame 331/1796
  ████████░░░░░░░░░░░░░░░░░  35%  Streaming frame 332/1796
  ████████░░░░░░░░░░░░░░░░░  35%  Streaming frame 333/1796
  ████████░░░░░░░░░░░░░░░░░  35%  Streaming frame 334/1796
  ████████░░░░░░░░░░░░░░░░░  35%  Streaming frame 335/1796
  ████████░░░░░░░░░░░░░░░░░  35%  Streaming frame 336/1796
  ████████░░░░░░░░░░░░░░░░░  35%  Streaming frame 337/1796
  ████████░░░░░░░░░░░░░░░░░  35%  Streaming frame 338/1796
  ████████░░░░░░░░░░░░░░░░░  35%  Streaming frame 339/1796
  ████████░░░░░░░░░░░░░░░░░  35%  Streaming frame 340/1796
  ████████░░░░░░░░░░░░░░░░░  35%  Streaming frame 341/1796
  ████████░░░░░░░░░░░░░░░░░  35%  Streaming frame 342/1796
  █████████░░░░░░░░░░░░░░░░  36%  Streaming frame 343/1796
  █████████░░░░░░░░░░░░░░░░  36%  Streaming frame 344/1796
  █████████░░░░░░░░░░░░░░░░  36%  Streaming frame 345/1796
  █████████░░░░░░░░░░░░░░░░  36%  Streaming frame 346/1796
  █████████░░░░░░░░░░░░░░░░  36%  Streaming frame 347/1796
  █████████░░░░░░░░░░░░░░░░  36%  Streaming frame 348/1796
  █████████░░░░░░░░░░░░░░░░  36%  Streaming frame 349/1796
  █████████░░░░░░░░░░░░░░░░  36%  Streaming frame 350/1796
  █████████░░░░░░░░░░░░░░░░  36%  Streaming frame 351/1796
  █████████░░░░░░░░░░░░░░░░  36%  Streaming frame 352/1796
  █████████░░░░░░░░░░░░░░░░  36%  Streaming frame 353/1796
  █████████░░░░░░░░░░░░░░░░  36%  Streaming frame 354/1796
  █████████░░░░░░░░░░░░░░░░  36%  Streaming frame 355/1796
  █████████░░░░░░░░░░░░░░░░  36%  Streaming frame 356/1796
  █████████░░░░░░░░░░░░░░░░  36%  Streaming frame 357/1796
  █████████░░░░░░░░░░░░░░░░  36%  Streaming frame 358/1796
  █████████░░░░░░░░░░░░░░░░  36%  Streaming frame 359/1796
  █████████░░░░░░░░░░░░░░░░  36%  Streaming frame 360/1796
  █████████░░░░░░░░░░░░░░░░  36%  Streaming frame 361/1796
  █████████░░░░░░░░░░░░░░░░  36%  Streaming frame 362/1796
  █████████░░░░░░░░░░░░░░░░  36%  Streaming frame 363/1796
  █████████░░░░░░░░░░░░░░░░  36%  Streaming frame 364/1796
  █████████░░░░░░░░░░░░░░░░  36%  Streaming frame 365/1796
  █████████░░░░░░░░░░░░░░░░  36%  Streaming frame 366/1796
  █████████░░░░░░░░░░░░░░░░  36%  Streaming frame 367/1796
  █████████░░░░░░░░░░░░░░░░  36%  Streaming frame 368/1796
  █████████░░░░░░░░░░░░░░░░  36%  Streaming frame 369/1796
  █████████░░░░░░░░░░░░░░░░  36%  Streaming frame 370/1796
  █████████░░░░░░░░░░░░░░░░  36%  Streaming frame 371/1796
  █████████░░░░░░░░░░░░░░░░  36%  Streaming frame 372/1796
  █████████░░░░░░░░░░░░░░░░  36%  Streaming frame 373/1796
  █████████░░░░░░░░░░░░░░░░  36%  Streaming frame 374/1796
  █████████░░░░░░░░░░░░░░░░  36%  Streaming frame 375/1796
  █████████░░░░░░░░░░░░░░░░  37%  Streaming frame 376/1796
  █████████░░░░░░░░░░░░░░░░  37%  Streaming frame 377/1796
  █████████░░░░░░░░░░░░░░░░  37%  Streaming frame 378/1796
  █████████░░░░░░░░░░░░░░░░  37%  Streaming frame 379/1796
  █████████░░░░░░░░░░░░░░░░  37%  Streaming frame 380/1796
  █████████░░░░░░░░░░░░░░░░  37%  Streaming frame 381/1796
  █████████░░░░░░░░░░░░░░░░  37%  Streaming frame 382/1796
  █████████░░░░░░░░░░░░░░░░  37%  Streaming frame 383/1796
  █████████░░░░░░░░░░░░░░░░  37%  Streaming frame 384/1796
  █████████░░░░░░░░░░░░░░░░  37%  Streaming frame 385/1796
  █████████░░░░░░░░░░░░░░░░  37%  Streaming frame 386/1796
  █████████░░░░░░░░░░░░░░░░  37%  Streaming frame 387/1796
  █████████░░░░░░░░░░░░░░░░  37%  Streaming frame 388/1796
  █████████░░░░░░░░░░░░░░░░  37%  Streaming frame 389/1796
  █████████░░░░░░░░░░░░░░░░  37%  Streaming frame 390/1796
  █████████░░░░░░░░░░░░░░░░  37%  Streaming frame 391/1796
  █████████░░░░░░░░░░░░░░░░  37%  Streaming frame 392/1796
  █████████░░░░░░░░░░░░░░░░  37%  Streaming frame 393/1796
  █████████░░░░░░░░░░░░░░░░  37%  Streaming frame 394/1796
  █████████░░░░░░░░░░░░░░░░  37%  Streaming frame 395/1796
  █████████░░░░░░░░░░░░░░░░  37%  Streaming frame 396/1796
  █████████░░░░░░░░░░░░░░░░  37%  Streaming frame 397/1796
  █████████░░░░░░░░░░░░░░░░  37%  Streaming frame 398/1796
  █████████░░░░░░░░░░░░░░░░  37%  Streaming frame 399/1796
  █████████░░░░░░░░░░░░░░░░  37%  Streaming frame 400/1796
  █████████░░░░░░░░░░░░░░░░  37%  Streaming frame 401/1796
  █████████░░░░░░░░░░░░░░░░  37%  Streaming frame 402/1796
  █████████░░░░░░░░░░░░░░░░  37%  Streaming frame 403/1796
  █████████░░░░░░░░░░░░░░░░  37%  Streaming frame 404/1796
  █████████░░░░░░░░░░░░░░░░  37%  Streaming frame 405/1796
  █████████░░░░░░░░░░░░░░░░  37%  Streaming frame 406/1796
  █████████░░░░░░░░░░░░░░░░  37%  Streaming frame 407/1796
  █████████░░░░░░░░░░░░░░░░  37%  Streaming frame 408/1796
  █████████░░░░░░░░░░░░░░░░  38%  Streaming frame 409/1796
  █████████░░░░░░░░░░░░░░░░  38%  Streaming frame 410/1796
  █████████░░░░░░░░░░░░░░░░  38%  Streaming frame 411/1796
  █████████░░░░░░░░░░░░░░░░  38%  Streaming frame 412/1796
  █████████░░░░░░░░░░░░░░░░  38%  Streaming frame 413/1796
  █████████░░░░░░░░░░░░░░░░  38%  Streaming frame 414/1796
  █████████░░░░░░░░░░░░░░░░  38%  Streaming frame 415/1796
  █████████░░░░░░░░░░░░░░░░  38%  Streaming frame 416/1796
  █████████░░░░░░░░░░░░░░░░  38%  Streaming frame 417/1796
  █████████░░░░░░░░░░░░░░░░  38%  Streaming frame 418/1796
  █████████░░░░░░░░░░░░░░░░  38%  Streaming frame 419/1796
  █████████░░░░░░░░░░░░░░░░  38%  Streaming frame 420/1796
  █████████░░░░░░░░░░░░░░░░  38%  Streaming frame 421/1796
  █████████░░░░░░░░░░░░░░░░  38%  Streaming frame 422/1796
  █████████░░░░░░░░░░░░░░░░  38%  Streaming frame 423/1796
  █████████░░░░░░░░░░░░░░░░  38%  Streaming frame 424/1796
  █████████░░░░░░░░░░░░░░░░  38%  Streaming frame 425/1796
  █████████░░░░░░░░░░░░░░░░  38%  Streaming frame 426/1796
  █████████░░░░░░░░░░░░░░░░  38%  Streaming frame 427/1796
  █████████░░░░░░░░░░░░░░░░  38%  Streaming frame 428/1796
  █████████░░░░░░░░░░░░░░░░  38%  Streaming frame 429/1796
  █████████░░░░░░░░░░░░░░░░  38%  Streaming frame 430/1796
  █████████░░░░░░░░░░░░░░░░  38%  Streaming frame 431/1796
  █████████░░░░░░░░░░░░░░░░  38%  Streaming frame 432/1796
  █████████░░░░░░░░░░░░░░░░  38%  Streaming frame 433/1796
  █████████░░░░░░░░░░░░░░░░  38%  Streaming frame 434/1796
  █████████░░░░░░░░░░░░░░░░  38%  Streaming frame 435/1796
  █████████░░░░░░░░░░░░░░░░  38%  Streaming frame 436/1796
  █████████░░░░░░░░░░░░░░░░  38%  Streaming frame 437/1796
  █████████░░░░░░░░░░░░░░░░  38%  Streaming frame 438/1796
  █████████░░░░░░░░░░░░░░░░  38%  Streaming frame 439/1796
  █████████░░░░░░░░░░░░░░░░  38%  Streaming frame 440/1796
  █████████░░░░░░░░░░░░░░░░  39%  Streaming frame 441/1796
  █████████░░░░░░░░░░░░░░░░  39%  Streaming frame 442/1796
  █████████░░░░░░░░░░░░░░░░  39%  Streaming frame 443/1796
  █████████░░░░░░░░░░░░░░░░  39%  Streaming frame 444/1796
  █████████░░░░░░░░░░░░░░░░  39%  Streaming frame 445/1796
  █████████░░░░░░░░░░░░░░░░  39%  Streaming frame 446/1796
  █████████░░░░░░░░░░░░░░░░  39%  Streaming frame 447/1796
  █████████░░░░░░░░░░░░░░░░  39%  Streaming frame 448/1796
  █████████░░░░░░░░░░░░░░░░  39%  Streaming frame 449/1796
[INFO] [Render] drawElement self-verify passed {"renderJobId":"44d19a03-d2d4-4087-982b-da007102f33e","frame":449,"psnrDb":86.3}
  █████████░░░░░░░░░░░░░░░░  39%  Streaming frame 450/1796
  █████████░░░░░░░░░░░░░░░░  39%  Streaming frame 451/1796
  █████████░░░░░░░░░░░░░░░░  39%  Streaming frame 452/1796
  █████████░░░░░░░░░░░░░░░░  39%  Streaming frame 453/1796
  █████████░░░░░░░░░░░░░░░░  39%  Streaming frame 454/1796
  █████████░░░░░░░░░░░░░░░░  39%  Streaming frame 455/1796
  █████████░░░░░░░░░░░░░░░░  39%  Streaming frame 456/1796
  █████████░░░░░░░░░░░░░░░░  39%  Streaming frame 457/1796
  █████████░░░░░░░░░░░░░░░░  39%  Streaming frame 458/1796
  █████████░░░░░░░░░░░░░░░░  39%  Streaming frame 459/1796
  █████████░░░░░░░░░░░░░░░░  39%  Streaming frame 460/1796
  █████████░░░░░░░░░░░░░░░░  39%  Streaming frame 461/1796
  █████████░░░░░░░░░░░░░░░░  39%  Streaming frame 462/1796
  █████████░░░░░░░░░░░░░░░░  39%  Streaming frame 463/1796
  █████████░░░░░░░░░░░░░░░░  39%  Streaming frame 464/1796
  █████████░░░░░░░░░░░░░░░░  39%  Streaming frame 465/1796
  █████████░░░░░░░░░░░░░░░░  39%  Streaming frame 466/1796
  █████████░░░░░░░░░░░░░░░░  39%  Streaming frame 467/1796
  █████████░░░░░░░░░░░░░░░░  39%  Streaming frame 468/1796
  █████████░░░░░░░░░░░░░░░░  39%  Streaming frame 469/1796
  █████████░░░░░░░░░░░░░░░░  39%  Streaming frame 470/1796
  █████████░░░░░░░░░░░░░░░░  39%  Streaming frame 471/1796
  █████████░░░░░░░░░░░░░░░░  39%  Streaming frame 472/1796
  █████████░░░░░░░░░░░░░░░░  39%  Streaming frame 473/1796
  ██████████░░░░░░░░░░░░░░░  40%  Streaming frame 474/1796
  ██████████░░░░░░░░░░░░░░░  40%  Streaming frame 475/1796
  ██████████░░░░░░░░░░░░░░░  40%  Streaming frame 476/1796
  ██████████░░░░░░░░░░░░░░░  40%  Streaming frame 477/1796
  ██████████░░░░░░░░░░░░░░░  40%  Streaming frame 478/1796
  ██████████░░░░░░░░░░░░░░░  40%  Streaming frame 479/1796
  ██████████░░░░░░░░░░░░░░░  40%  Streaming frame 480/1796
  ██████████░░░░░░░░░░░░░░░  40%  Streaming frame 481/1796
  ██████████░░░░░░░░░░░░░░░  40%  Streaming frame 482/1796
  ██████████░░░░░░░░░░░░░░░  40%  Streaming frame 483/1796
  ██████████░░░░░░░░░░░░░░░  40%  Streaming frame 484/1796
  ██████████░░░░░░░░░░░░░░░  40%  Streaming frame 485/1796
  ██████████░░░░░░░░░░░░░░░  40%  Streaming frame 486/1796
  ██████████░░░░░░░░░░░░░░░  40%  Streaming frame 487/1796
  ██████████░░░░░░░░░░░░░░░  40%  Streaming frame 488/1796
  ██████████░░░░░░░░░░░░░░░  40%  Streaming frame 489/1796
  ██████████░░░░░░░░░░░░░░░  40%  Streaming frame 490/1796
  ██████████░░░░░░░░░░░░░░░  40%  Streaming frame 491/1796
  ██████████░░░░░░░░░░░░░░░  40%  Streaming frame 492/1796
  ██████████░░░░░░░░░░░░░░░  40%  Streaming frame 493/1796
  ██████████░░░░░░░░░░░░░░░  40%  Streaming frame 494/1796
  ██████████░░░░░░░░░░░░░░░  40%  Streaming frame 495/1796
  ██████████░░░░░░░░░░░░░░░  40%  Streaming frame 496/1796
  ██████████░░░░░░░░░░░░░░░  40%  Streaming frame 497/1796
  ██████████░░░░░░░░░░░░░░░  40%  Streaming frame 498/1796
  ██████████░░░░░░░░░░░░░░░  40%  Streaming frame 499/1796
  ██████████░░░░░░░░░░░░░░░  40%  Streaming frame 500/1796
  ██████████░░░░░░░░░░░░░░░  40%  Streaming frame 501/1796
  ██████████░░░░░░░░░░░░░░░  40%  Streaming frame 502/1796
  ██████████░░░░░░░░░░░░░░░  40%  Streaming frame 503/1796
  ██████████░░░░░░░░░░░░░░░  40%  Streaming frame 504/1796
  ██████████░░░░░░░░░░░░░░░  40%  Streaming frame 505/1796
  ██████████░░░░░░░░░░░░░░░  40%  Streaming frame 506/1796
  ██████████░░░░░░░░░░░░░░░  41%  Streaming frame 507/1796
  ██████████░░░░░░░░░░░░░░░  41%  Streaming frame 508/1796
  ██████████░░░░░░░░░░░░░░░  41%  Streaming frame 509/1796
  ██████████░░░░░░░░░░░░░░░  41%  Streaming frame 510/1796
  ██████████░░░░░░░░░░░░░░░  41%  Streaming frame 511/1796
  ██████████░░░░░░░░░░░░░░░  41%  Streaming frame 512/1796
  ██████████░░░░░░░░░░░░░░░  41%  Streaming frame 513/1796
  ██████████░░░░░░░░░░░░░░░  41%  Streaming frame 514/1796
  ██████████░░░░░░░░░░░░░░░  41%  Streaming frame 515/1796
  ██████████░░░░░░░░░░░░░░░  41%  Streaming frame 516/1796
  ██████████░░░░░░░░░░░░░░░  41%  Streaming frame 517/1796
  ██████████░░░░░░░░░░░░░░░  41%  Streaming frame 518/1796
  ██████████░░░░░░░░░░░░░░░  41%  Streaming frame 519/1796
  ██████████░░░░░░░░░░░░░░░  41%  Streaming frame 520/1796
  ██████████░░░░░░░░░░░░░░░  41%  Streaming frame 521/1796
  ██████████░░░░░░░░░░░░░░░  41%  Streaming frame 522/1796
  ██████████░░░░░░░░░░░░░░░  41%  Streaming frame 523/1796
  ██████████░░░░░░░░░░░░░░░  41%  Streaming frame 524/1796
  ██████████░░░░░░░░░░░░░░░  41%  Streaming frame 525/1796
  ██████████░░░░░░░░░░░░░░░  41%  Streaming frame 526/1796
  ██████████░░░░░░░░░░░░░░░  41%  Streaming frame 527/1796
  ██████████░░░░░░░░░░░░░░░  41%  Streaming frame 528/1796
  ██████████░░░░░░░░░░░░░░░  41%  Streaming frame 529/1796
  ██████████░░░░░░░░░░░░░░░  41%  Streaming frame 530/1796
  ██████████░░░░░░░░░░░░░░░  41%  Streaming frame 531/1796
  ██████████░░░░░░░░░░░░░░░  41%  Streaming frame 532/1796
  ██████████░░░░░░░░░░░░░░░  41%  Streaming frame 533/1796
  ██████████░░░░░░░░░░░░░░░  41%  Streaming frame 534/1796
  ██████████░░░░░░░░░░░░░░░  41%  Streaming frame 535/1796
  ██████████░░░░░░░░░░░░░░░  41%  Streaming frame 536/1796
  ██████████░░░░░░░░░░░░░░░  41%  Streaming frame 537/1796
  ██████████░░░░░░░░░░░░░░░  41%  Streaming frame 538/1796
  ██████████░░░░░░░░░░░░░░░  42%  Streaming frame 539/1796
  ██████████░░░░░░░░░░░░░░░  42%  Streaming frame 540/1796
  ██████████░░░░░░░░░░░░░░░  42%  Streaming frame 541/1796
  ██████████░░░░░░░░░░░░░░░  42%  Streaming frame 542/1796
  ██████████░░░░░░░░░░░░░░░  42%  Streaming frame 543/1796
  ██████████░░░░░░░░░░░░░░░  42%  Streaming frame 544/1796
  ██████████░░░░░░░░░░░░░░░  42%  Streaming frame 545/1796
  ██████████░░░░░░░░░░░░░░░  42%  Streaming frame 546/1796
  ██████████░░░░░░░░░░░░░░░  42%  Streaming frame 547/1796
  ██████████░░░░░░░░░░░░░░░  42%  Streaming frame 548/1796
  ██████████░░░░░░░░░░░░░░░  42%  Streaming frame 549/1796
  ██████████░░░░░░░░░░░░░░░  42%  Streaming frame 550/1796
  ██████████░░░░░░░░░░░░░░░  42%  Streaming frame 551/1796
  ██████████░░░░░░░░░░░░░░░  42%  Streaming frame 552/1796
  ██████████░░░░░░░░░░░░░░░  42%  Streaming frame 553/1796
  ██████████░░░░░░░░░░░░░░░  42%  Streaming frame 554/1796
  ██████████░░░░░░░░░░░░░░░  42%  Streaming frame 555/1796
  ██████████░░░░░░░░░░░░░░░  42%  Streaming frame 556/1796
  ██████████░░░░░░░░░░░░░░░  42%  Streaming frame 557/1796
  ██████████░░░░░░░░░░░░░░░  42%  Streaming frame 558/1796
  ██████████░░░░░░░░░░░░░░░  42%  Streaming frame 559/1796
  ██████████░░░░░░░░░░░░░░░  42%  Streaming frame 560/1796
  ██████████░░░░░░░░░░░░░░░  42%  Streaming frame 561/1796
  ██████████░░░░░░░░░░░░░░░  42%  Streaming frame 562/1796
  ██████████░░░░░░░░░░░░░░░  42%  Streaming frame 563/1796
  ██████████░░░░░░░░░░░░░░░  42%  Streaming frame 564/1796
  ██████████░░░░░░░░░░░░░░░  42%  Streaming frame 565/1796
  ██████████░░░░░░░░░░░░░░░  42%  Streaming frame 566/1796
  ██████████░░░░░░░░░░░░░░░  42%  Streaming frame 567/1796
  ██████████░░░░░░░░░░░░░░░  42%  Streaming frame 568/1796
  ██████████░░░░░░░░░░░░░░░  42%  Streaming frame 569/1796
  ██████████░░░░░░░░░░░░░░░  42%  Streaming frame 570/1796
  ██████████░░░░░░░░░░░░░░░  42%  Streaming frame 571/1796
  ██████████░░░░░░░░░░░░░░░  43%  Streaming frame 572/1796
  ██████████░░░░░░░░░░░░░░░  43%  Streaming frame 573/1796
  ██████████░░░░░░░░░░░░░░░  43%  Streaming frame 574/1796
  ██████████░░░░░░░░░░░░░░░  43%  Streaming frame 575/1796
  ██████████░░░░░░░░░░░░░░░  43%  Streaming frame 576/1796
  ██████████░░░░░░░░░░░░░░░  43%  Streaming frame 577/1796
  ██████████░░░░░░░░░░░░░░░  43%  Streaming frame 578/1796
  ██████████░░░░░░░░░░░░░░░  43%  Streaming frame 579/1796
  ██████████░░░░░░░░░░░░░░░  43%  Streaming frame 580/1796
  ██████████░░░░░░░░░░░░░░░  43%  Streaming frame 581/1796
  ██████████░░░░░░░░░░░░░░░  43%  Streaming frame 582/1796
  ██████████░░░░░░░░░░░░░░░  43%  Streaming frame 583/1796
  ██████████░░░░░░░░░░░░░░░  43%  Streaming frame 584/1796
  ██████████░░░░░░░░░░░░░░░  43%  Streaming frame 585/1796
  ██████████░░░░░░░░░░░░░░░  43%  Streaming frame 586/1796
  ██████████░░░░░░░░░░░░░░░  43%  Streaming frame 587/1796
  ██████████░░░░░░░░░░░░░░░  43%  Streaming frame 588/1796
  ██████████░░░░░░░░░░░░░░░  43%  Streaming frame 589/1796
  ██████████░░░░░░░░░░░░░░░  43%  Streaming frame 590/1796
  ██████████░░░░░░░░░░░░░░░  43%  Streaming frame 591/1796
  ██████████░░░░░░░░░░░░░░░  43%  Streaming frame 592/1796
  ██████████░░░░░░░░░░░░░░░  43%  Streaming frame 593/1796
  ██████████░░░░░░░░░░░░░░░  43%  Streaming frame 594/1796
  ██████████░░░░░░░░░░░░░░░  43%  Streaming frame 595/1796
  ██████████░░░░░░░░░░░░░░░  43%  Streaming frame 596/1796
  ██████████░░░░░░░░░░░░░░░  43%  Streaming frame 597/1796
  ██████████░░░░░░░░░░░░░░░  43%  Streaming frame 598/1796
  ██████████░░░░░░░░░░░░░░░  43%  Streaming frame 599/1796
  ██████████░░░░░░░░░░░░░░░  43%  Streaming frame 600/1796
  ██████████░░░░░░░░░░░░░░░  43%  Streaming frame 601/1796
  ██████████░░░░░░░░░░░░░░░  43%  Streaming frame 602/1796
  ██████████░░░░░░░░░░░░░░░  43%  Streaming frame 603/1796
  ██████████░░░░░░░░░░░░░░░  43%  Streaming frame 604/1796
  ███████████░░░░░░░░░░░░░░  44%  Streaming frame 605/1796
  ███████████░░░░░░░░░░░░░░  44%  Streaming frame 606/1796
  ███████████░░░░░░░░░░░░░░  44%  Streaming frame 607/1796
  ███████████░░░░░░░░░░░░░░  44%  Streaming frame 608/1796
  ███████████░░░░░░░░░░░░░░  44%  Streaming frame 609/1796
  ███████████░░░░░░░░░░░░░░  44%  Streaming frame 610/1796
  ███████████░░░░░░░░░░░░░░  44%  Streaming frame 611/1796
  ███████████░░░░░░░░░░░░░░  44%  Streaming frame 612/1796
  ███████████░░░░░░░░░░░░░░  44%  Streaming frame 613/1796
  ███████████░░░░░░░░░░░░░░  44%  Streaming frame 614/1796
  ███████████░░░░░░░░░░░░░░  44%  Streaming frame 615/1796
  ███████████░░░░░░░░░░░░░░  44%  Streaming frame 616/1796
  ███████████░░░░░░░░░░░░░░  44%  Streaming frame 617/1796
  ███████████░░░░░░░░░░░░░░  44%  Streaming frame 618/1796
  ███████████░░░░░░░░░░░░░░  44%  Streaming frame 619/1796
  ███████████░░░░░░░░░░░░░░  44%  Streaming frame 620/1796
  ███████████░░░░░░░░░░░░░░  44%  Streaming frame 621/1796
  ███████████░░░░░░░░░░░░░░  44%  Streaming frame 622/1796
  ███████████░░░░░░░░░░░░░░  44%  Streaming frame 623/1796
  ███████████░░░░░░░░░░░░░░  44%  Streaming frame 624/1796
  ███████████░░░░░░░░░░░░░░  44%  Streaming frame 625/1796
  ███████████░░░░░░░░░░░░░░  44%  Streaming frame 626/1796
  ███████████░░░░░░░░░░░░░░  44%  Streaming frame 627/1796
  ███████████░░░░░░░░░░░░░░  44%  Streaming frame 628/1796
  ███████████░░░░░░░░░░░░░░  44%  Streaming frame 629/1796
  ███████████░░░░░░░░░░░░░░  44%  Streaming frame 630/1796
  ███████████░░░░░░░░░░░░░░  44%  Streaming frame 631/1796
  ███████████░░░░░░░░░░░░░░  44%  Streaming frame 632/1796
  ███████████░░░░░░░░░░░░░░  44%  Streaming frame 633/1796
  ███████████░░░░░░░░░░░░░░  44%  Streaming frame 634/1796
  ███████████░░░░░░░░░░░░░░  44%  Streaming frame 635/1796
  ███████████░░░░░░░░░░░░░░  44%  Streaming frame 636/1796
  ███████████░░░░░░░░░░░░░░  45%  Streaming frame 637/1796
  ███████████░░░░░░░░░░░░░░  45%  Streaming frame 638/1796
  ███████████░░░░░░░░░░░░░░  45%  Streaming frame 639/1796
  ███████████░░░░░░░░░░░░░░  45%  Streaming frame 640/1796
  ███████████░░░░░░░░░░░░░░  45%  Streaming frame 641/1796
  ███████████░░░░░░░░░░░░░░  45%  Streaming frame 642/1796
  ███████████░░░░░░░░░░░░░░  45%  Streaming frame 643/1796
  ███████████░░░░░░░░░░░░░░  45%  Streaming frame 644/1796
  ███████████░░░░░░░░░░░░░░  45%  Streaming frame 645/1796
  ███████████░░░░░░░░░░░░░░  45%  Streaming frame 646/1796
  ███████████░░░░░░░░░░░░░░  45%  Streaming frame 647/1796
  ███████████░░░░░░░░░░░░░░  45%  Streaming frame 648/1796
  ███████████░░░░░░░░░░░░░░  45%  Streaming frame 649/1796
  ███████████░░░░░░░░░░░░░░  45%  Streaming frame 650/1796
  ███████████░░░░░░░░░░░░░░  45%  Streaming frame 651/1796
  ███████████░░░░░░░░░░░░░░  45%  Streaming frame 652/1796
  ███████████░░░░░░░░░░░░░░  45%  Streaming frame 653/1796
  ███████████░░░░░░░░░░░░░░  45%  Streaming frame 654/1796
  ███████████░░░░░░░░░░░░░░  45%  Streaming frame 655/1796
  ███████████░░░░░░░░░░░░░░  45%  Streaming frame 656/1796
  ███████████░░░░░░░░░░░░░░  45%  Streaming frame 657/1796
  ███████████░░░░░░░░░░░░░░  45%  Streaming frame 658/1796
  ███████████░░░░░░░░░░░░░░  45%  Streaming frame 659/1796
  ███████████░░░░░░░░░░░░░░  45%  Streaming frame 660/1796
  ███████████░░░░░░░░░░░░░░  45%  Streaming frame 661/1796
  ███████████░░░░░░░░░░░░░░  45%  Streaming frame 662/1796
  ███████████░░░░░░░░░░░░░░  45%  Streaming frame 663/1796
  ███████████░░░░░░░░░░░░░░  45%  Streaming frame 664/1796
  ███████████░░░░░░░░░░░░░░  45%  Streaming frame 665/1796
  ███████████░░░░░░░░░░░░░░  45%  Streaming frame 666/1796
  ███████████░░░░░░░░░░░░░░  45%  Streaming frame 667/1796
  ███████████░░░░░░░░░░░░░░  45%  Streaming frame 668/1796
  ███████████░░░░░░░░░░░░░░  45%  Streaming frame 669/1796
  ███████████░░░░░░░░░░░░░░  46%  Streaming frame 670/1796
  ███████████░░░░░░░░░░░░░░  46%  Streaming frame 671/1796
  ███████████░░░░░░░░░░░░░░  46%  Streaming frame 672/1796
  ███████████░░░░░░░░░░░░░░  46%  Streaming frame 673/1796
  ███████████░░░░░░░░░░░░░░  46%  Streaming frame 674/1796
  ███████████░░░░░░░░░░░░░░  46%  Streaming frame 675/1796
  ███████████░░░░░░░░░░░░░░  46%  Streaming frame 676/1796
  ███████████░░░░░░░░░░░░░░  46%  Streaming frame 677/1796
  ███████████░░░░░░░░░░░░░░  46%  Streaming frame 678/1796
  ███████████░░░░░░░░░░░░░░  46%  Streaming frame 679/1796
  ███████████░░░░░░░░░░░░░░  46%  Streaming frame 680/1796
  ███████████░░░░░░░░░░░░░░  46%  Streaming frame 681/1796
  ███████████░░░░░░░░░░░░░░  46%  Streaming frame 682/1796
  ███████████░░░░░░░░░░░░░░  46%  Streaming frame 683/1796
  ███████████░░░░░░░░░░░░░░  46%  Streaming frame 684/1796
  ███████████░░░░░░░░░░░░░░  46%  Streaming frame 685/1796
  ███████████░░░░░░░░░░░░░░  46%  Streaming frame 686/1796
  ███████████░░░░░░░░░░░░░░  46%  Streaming frame 687/1796
  ███████████░░░░░░░░░░░░░░  46%  Streaming frame 688/1796
  ███████████░░░░░░░░░░░░░░  46%  Streaming frame 689/1796
  ███████████░░░░░░░░░░░░░░  46%  Streaming frame 690/1796
  ███████████░░░░░░░░░░░░░░  46%  Streaming frame 691/1796
  ███████████░░░░░░░░░░░░░░  46%  Streaming frame 692/1796
  ███████████░░░░░░░░░░░░░░  46%  Streaming frame 693/1796
  ███████████░░░░░░░░░░░░░░  46%  Streaming frame 694/1796
  ███████████░░░░░░░░░░░░░░  46%  Streaming frame 695/1796
  ███████████░░░░░░░░░░░░░░  46%  Streaming frame 696/1796
  ███████████░░░░░░░░░░░░░░  46%  Streaming frame 697/1796
  ███████████░░░░░░░░░░░░░░  46%  Streaming frame 698/1796
  ███████████░░░░░░░░░░░░░░  46%  Streaming frame 699/1796
  ███████████░░░░░░░░░░░░░░  46%  Streaming frame 700/1796
  ███████████░░░░░░░░░░░░░░  46%  Streaming frame 701/1796
  ███████████░░░░░░░░░░░░░░  46%  Streaming frame 702/1796
  ███████████░░░░░░░░░░░░░░  47%  Streaming frame 703/1796
  ███████████░░░░░░░░░░░░░░  47%  Streaming frame 704/1796
  ███████████░░░░░░░░░░░░░░  47%  Streaming frame 705/1796
  ███████████░░░░░░░░░░░░░░  47%  Streaming frame 706/1796
  ███████████░░░░░░░░░░░░░░  47%  Streaming frame 707/1796
  ███████████░░░░░░░░░░░░░░  47%  Streaming frame 708/1796
  ███████████░░░░░░░░░░░░░░  47%  Streaming frame 709/1796
  ███████████░░░░░░░░░░░░░░  47%  Streaming frame 710/1796
  ███████████░░░░░░░░░░░░░░  47%  Streaming frame 711/1796
  ███████████░░░░░░░░░░░░░░  47%  Streaming frame 712/1796
  ███████████░░░░░░░░░░░░░░  47%  Streaming frame 713/1796
  ███████████░░░░░░░░░░░░░░  47%  Streaming frame 714/1796
  ███████████░░░░░░░░░░░░░░  47%  Streaming frame 715/1796
  ███████████░░░░░░░░░░░░░░  47%  Streaming frame 716/1796
  ███████████░░░░░░░░░░░░░░  47%  Streaming frame 717/1796
  ███████████░░░░░░░░░░░░░░  47%  Streaming frame 718/1796
  ███████████░░░░░░░░░░░░░░  47%  Streaming frame 719/1796
  ███████████░░░░░░░░░░░░░░  47%  Streaming frame 720/1796
  ███████████░░░░░░░░░░░░░░  47%  Streaming frame 721/1796
  ███████████░░░░░░░░░░░░░░  47%  Streaming frame 722/1796
  ███████████░░░░░░░░░░░░░░  47%  Streaming frame 723/1796
  ███████████░░░░░░░░░░░░░░  47%  Streaming frame 724/1796
  ███████████░░░░░░░░░░░░░░  47%  Streaming frame 725/1796
  ███████████░░░░░░░░░░░░░░  47%  Streaming frame 726/1796
  ███████████░░░░░░░░░░░░░░  47%  Streaming frame 727/1796
  ███████████░░░░░░░░░░░░░░  47%  Streaming frame 728/1796
  ███████████░░░░░░░░░░░░░░  47%  Streaming frame 729/1796
  ███████████░░░░░░░░░░░░░░  47%  Streaming frame 730/1796
  ███████████░░░░░░░░░░░░░░  47%  Streaming frame 731/1796
  ███████████░░░░░░░░░░░░░░  47%  Streaming frame 732/1796
  ███████████░░░░░░░░░░░░░░  47%  Streaming frame 733/1796
  ███████████░░░░░░░░░░░░░░  47%  Streaming frame 734/1796
  ████████████░░░░░░░░░░░░░  48%  Streaming frame 735/1796
  ████████████░░░░░░░░░░░░░  48%  Streaming frame 736/1796
  ████████████░░░░░░░░░░░░░  48%  Streaming frame 737/1796
  ████████████░░░░░░░░░░░░░  48%  Streaming frame 738/1796
  ████████████░░░░░░░░░░░░░  48%  Streaming frame 739/1796
  ████████████░░░░░░░░░░░░░  48%  Streaming frame 740/1796
  ████████████░░░░░░░░░░░░░  48%  Streaming frame 741/1796
  ████████████░░░░░░░░░░░░░  48%  Streaming frame 742/1796
  ████████████░░░░░░░░░░░░░  48%  Streaming frame 743/1796
  ████████████░░░░░░░░░░░░░  48%  Streaming frame 744/1796
  ████████████░░░░░░░░░░░░░  48%  Streaming frame 745/1796
  ████████████░░░░░░░░░░░░░  48%  Streaming frame 746/1796
  ████████████░░░░░░░░░░░░░  48%  Streaming frame 747/1796
  ████████████░░░░░░░░░░░░░  48%  Streaming frame 748/1796
  ████████████░░░░░░░░░░░░░  48%  Streaming frame 749/1796
  ████████████░░░░░░░░░░░░░  48%  Streaming frame 750/1796
  ████████████░░░░░░░░░░░░░  48%  Streaming frame 751/1796
  ████████████░░░░░░░░░░░░░  48%  Streaming frame 752/1796
  ████████████░░░░░░░░░░░░░  48%  Streaming frame 753/1796
  ████████████░░░░░░░░░░░░░  48%  Streaming frame 754/1796
  ████████████░░░░░░░░░░░░░  48%  Streaming frame 755/1796
  ████████████░░░░░░░░░░░░░  48%  Streaming frame 756/1796
  ████████████░░░░░░░░░░░░░  48%  Streaming frame 757/1796
  ████████████░░░░░░░░░░░░░  48%  Streaming frame 758/1796
  ████████████░░░░░░░░░░░░░  48%  Streaming frame 759/1796
  ████████████░░░░░░░░░░░░░  48%  Streaming frame 760/1796
  ████████████░░░░░░░░░░░░░  48%  Streaming frame 761/1796
  ████████████░░░░░░░░░░░░░  48%  Streaming frame 762/1796
  ████████████░░░░░░░░░░░░░  48%  Streaming frame 763/1796
  ████████████░░░░░░░░░░░░░  48%  Streaming frame 764/1796
  ████████████░░░░░░░░░░░░░  48%  Streaming frame 765/1796
  ████████████░░░░░░░░░░░░░  48%  Streaming frame 766/1796
  ████████████░░░░░░░░░░░░░  48%  Streaming frame 767/1796
  ████████████░░░░░░░░░░░░░  49%  Streaming frame 768/1796
  ████████████░░░░░░░░░░░░░  49%  Streaming frame 769/1796
  ████████████░░░░░░░░░░░░░  49%  Streaming frame 770/1796
  ████████████░░░░░░░░░░░░░  49%  Streaming frame 771/1796
  ████████████░░░░░░░░░░░░░  49%  Streaming frame 772/1796
  ████████████░░░░░░░░░░░░░  49%  Streaming frame 773/1796
  ████████████░░░░░░░░░░░░░  49%  Streaming frame 774/1796
  ████████████░░░░░░░░░░░░░  49%  Streaming frame 775/1796
  ████████████░░░░░░░░░░░░░  49%  Streaming frame 776/1796
  ████████████░░░░░░░░░░░░░  49%  Streaming frame 777/1796
  ████████████░░░░░░░░░░░░░  49%  Streaming frame 778/1796
  ████████████░░░░░░░░░░░░░  49%  Streaming frame 779/1796
  ████████████░░░░░░░░░░░░░  49%  Streaming frame 780/1796
  ████████████░░░░░░░░░░░░░  49%  Streaming frame 781/1796
  ████████████░░░░░░░░░░░░░  49%  Streaming frame 782/1796
  ████████████░░░░░░░░░░░░░  49%  Streaming frame 783/1796
  ████████████░░░░░░░░░░░░░  49%  Streaming frame 784/1796
  ████████████░░░░░░░░░░░░░  49%  Streaming frame 785/1796
  ████████████░░░░░░░░░░░░░  49%  Streaming frame 786/1796
  ████████████░░░░░░░░░░░░░  49%  Streaming frame 787/1796
  ████████████░░░░░░░░░░░░░  49%  Streaming frame 788/1796
  ████████████░░░░░░░░░░░░░  49%  Streaming frame 789/1796
  ████████████░░░░░░░░░░░░░  49%  Streaming frame 790/1796
  ████████████░░░░░░░░░░░░░  49%  Streaming frame 791/1796
  ████████████░░░░░░░░░░░░░  49%  Streaming frame 792/1796
  ████████████░░░░░░░░░░░░░  49%  Streaming frame 793/1796
  ████████████░░░░░░░░░░░░░  49%  Streaming frame 794/1796
  ████████████░░░░░░░░░░░░░  49%  Streaming frame 795/1796
  ████████████░░░░░░░░░░░░░  49%  Streaming frame 796/1796
  ████████████░░░░░░░░░░░░░  49%  Streaming frame 797/1796
  ████████████░░░░░░░░░░░░░  49%  Streaming frame 798/1796
  ████████████░░░░░░░░░░░░░  49%  Streaming frame 799/1796
  ████████████░░░░░░░░░░░░░  49%  Streaming frame 800/1796
  ████████████░░░░░░░░░░░░░  50%  Streaming frame 801/1796
  ████████████░░░░░░░░░░░░░  50%  Streaming frame 802/1796
  ████████████░░░░░░░░░░░░░  50%  Streaming frame 803/1796
  ████████████░░░░░░░░░░░░░  50%  Streaming frame 804/1796
  ████████████░░░░░░░░░░░░░  50%  Streaming frame 805/1796
  ████████████░░░░░░░░░░░░░  50%  Streaming frame 806/1796
  ████████████░░░░░░░░░░░░░  50%  Streaming frame 807/1796
  ████████████░░░░░░░░░░░░░  50%  Streaming frame 808/1796
  ████████████░░░░░░░░░░░░░  50%  Streaming frame 809/1796
  ████████████░░░░░░░░░░░░░  50%  Streaming frame 810/1796
  ████████████░░░░░░░░░░░░░  50%  Streaming frame 811/1796
  ████████████░░░░░░░░░░░░░  50%  Streaming frame 812/1796
  ████████████░░░░░░░░░░░░░  50%  Streaming frame 813/1796
  ████████████░░░░░░░░░░░░░  50%  Streaming frame 814/1796
  ████████████░░░░░░░░░░░░░  50%  Streaming frame 815/1796
  ████████████░░░░░░░░░░░░░  50%  Streaming frame 816/1796
  ████████████░░░░░░░░░░░░░  50%  Streaming frame 817/1796
  ████████████░░░░░░░░░░░░░  50%  Streaming frame 818/1796
  ████████████░░░░░░░░░░░░░  50%  Streaming frame 819/1796
  ████████████░░░░░░░░░░░░░  50%  Streaming frame 820/1796
  ████████████░░░░░░░░░░░░░  50%  Streaming frame 821/1796
  ████████████░░░░░░░░░░░░░  50%  Streaming frame 822/1796
  ████████████░░░░░░░░░░░░░  50%  Streaming frame 823/1796
  ████████████░░░░░░░░░░░░░  50%  Streaming frame 824/1796
  ████████████░░░░░░░░░░░░░  50%  Streaming frame 825/1796
  ████████████░░░░░░░░░░░░░  50%  Streaming frame 826/1796
  ████████████░░░░░░░░░░░░░  50%  Streaming frame 827/1796
  ████████████░░░░░░░░░░░░░  50%  Streaming frame 828/1796
  ████████████░░░░░░░░░░░░░  50%  Streaming frame 829/1796
  ████████████░░░░░░░░░░░░░  50%  Streaming frame 830/1796
  ████████████░░░░░░░░░░░░░  50%  Streaming frame 831/1796
  ████████████░░░░░░░░░░░░░  50%  Streaming frame 832/1796
  ████████████░░░░░░░░░░░░░  51%  Streaming frame 833/1796
  ████████████░░░░░░░░░░░░░  51%  Streaming frame 834/1796
  ████████████░░░░░░░░░░░░░  51%  Streaming frame 835/1796
  ████████████░░░░░░░░░░░░░  51%  Streaming frame 836/1796
  ████████████░░░░░░░░░░░░░  51%  Streaming frame 837/1796
  ████████████░░░░░░░░░░░░░  51%  Streaming frame 838/1796
  ████████████░░░░░░░░░░░░░  51%  Streaming frame 839/1796
  ████████████░░░░░░░░░░░░░  51%  Streaming frame 840/1796
  ████████████░░░░░░░░░░░░░  51%  Streaming frame 841/1796
  ████████████░░░░░░░░░░░░░  51%  Streaming frame 842/1796
  ████████████░░░░░░░░░░░░░  51%  Streaming frame 843/1796
  ████████████░░░░░░░░░░░░░  51%  Streaming frame 844/1796
  ████████████░░░░░░░░░░░░░  51%  Streaming frame 845/1796
  ████████████░░░░░░░░░░░░░  51%  Streaming frame 846/1796
  ████████████░░░░░░░░░░░░░  51%  Streaming frame 847/1796
  ████████████░░░░░░░░░░░░░  51%  Streaming frame 848/1796
  ████████████░░░░░░░░░░░░░  51%  Streaming frame 849/1796
  ████████████░░░░░░░░░░░░░  51%  Streaming frame 850/1796
  ████████████░░░░░░░░░░░░░  51%  Streaming frame 851/1796
  ████████████░░░░░░░░░░░░░  51%  Streaming frame 852/1796
  ████████████░░░░░░░░░░░░░  51%  Streaming frame 853/1796
  ████████████░░░░░░░░░░░░░  51%  Streaming frame 854/1796
  ████████████░░░░░░░░░░░░░  51%  Streaming frame 855/1796
  ████████████░░░░░░░░░░░░░  51%  Streaming frame 856/1796
  ████████████░░░░░░░░░░░░░  51%  Streaming frame 857/1796
  ████████████░░░░░░░░░░░░░  51%  Streaming frame 858/1796
  ████████████░░░░░░░░░░░░░  51%  Streaming frame 859/1796
  ████████████░░░░░░░░░░░░░  51%  Streaming frame 860/1796
  ████████████░░░░░░░░░░░░░  51%  Streaming frame 861/1796
  ████████████░░░░░░░░░░░░░  51%  Streaming frame 862/1796
  ████████████░░░░░░░░░░░░░  51%  Streaming frame 863/1796
  ████████████░░░░░░░░░░░░░  51%  Streaming frame 864/1796
  ████████████░░░░░░░░░░░░░  51%  Streaming frame 865/1796
  █████████████░░░░░░░░░░░░  52%  Streaming frame 866/1796
  █████████████░░░░░░░░░░░░  52%  Streaming frame 867/1796
  █████████████░░░░░░░░░░░░  52%  Streaming frame 868/1796
  █████████████░░░░░░░░░░░░  52%  Streaming frame 869/1796
  █████████████░░░░░░░░░░░░  52%  Streaming frame 870/1796
  █████████████░░░░░░░░░░░░  52%  Streaming frame 871/1796
  █████████████░░░░░░░░░░░░  52%  Streaming frame 872/1796
  █████████████░░░░░░░░░░░░  52%  Streaming frame 873/1796
  █████████████░░░░░░░░░░░░  52%  Streaming frame 874/1796
  █████████████░░░░░░░░░░░░  52%  Streaming frame 875/1796
  █████████████░░░░░░░░░░░░  52%  Streaming frame 876/1796
  █████████████░░░░░░░░░░░░  52%  Streaming frame 877/1796
  █████████████░░░░░░░░░░░░  52%  Streaming frame 878/1796
  █████████████░░░░░░░░░░░░  52%  Streaming frame 879/1796
  █████████████░░░░░░░░░░░░  52%  Streaming frame 880/1796
  █████████████░░░░░░░░░░░░  52%  Streaming frame 881/1796
  █████████████░░░░░░░░░░░░  52%  Streaming frame 882/1796
  █████████████░░░░░░░░░░░░  52%  Streaming frame 883/1796
  █████████████░░░░░░░░░░░░  52%  Streaming frame 884/1796
  █████████████░░░░░░░░░░░░  52%  Streaming frame 885/1796
  █████████████░░░░░░░░░░░░  52%  Streaming frame 886/1796
  █████████████░░░░░░░░░░░░  52%  Streaming frame 887/1796
  █████████████░░░░░░░░░░░░  52%  Streaming frame 888/1796
  █████████████░░░░░░░░░░░░  52%  Streaming frame 889/1796
  █████████████░░░░░░░░░░░░  52%  Streaming frame 890/1796
  █████████████░░░░░░░░░░░░  52%  Streaming frame 891/1796
  █████████████░░░░░░░░░░░░  52%  Streaming frame 892/1796
  █████████████░░░░░░░░░░░░  52%  Streaming frame 893/1796
  █████████████░░░░░░░░░░░░  52%  Streaming frame 894/1796
  █████████████░░░░░░░░░░░░  52%  Streaming frame 895/1796
  █████████████░░░░░░░░░░░░  52%  Streaming frame 896/1796
  █████████████░░░░░░░░░░░░  52%  Streaming frame 897/1796
  █████████████░░░░░░░░░░░░  53%  Streaming frame 898/1796
[INFO] [Render] drawElement self-verify passed {"renderJobId":"44d19a03-d2d4-4087-982b-da007102f33e","frame":898,"psnrDb":84.7}
  █████████████░░░░░░░░░░░░  53%  Streaming frame 899/1796
  █████████████░░░░░░░░░░░░  53%  Streaming frame 900/1796
  █████████████░░░░░░░░░░░░  53%  Streaming frame 901/1796
  █████████████░░░░░░░░░░░░  53%  Streaming frame 902/1796
  █████████████░░░░░░░░░░░░  53%  Streaming frame 903/1796
  █████████████░░░░░░░░░░░░  53%  Streaming frame 904/1796
  █████████████░░░░░░░░░░░░  53%  Streaming frame 905/1796
  █████████████░░░░░░░░░░░░  53%  Streaming frame 906/1796
  █████████████░░░░░░░░░░░░  53%  Streaming frame 907/1796
  █████████████░░░░░░░░░░░░  53%  Streaming frame 908/1796
  █████████████░░░░░░░░░░░░  53%  Streaming frame 909/1796
  █████████████░░░░░░░░░░░░  53%  Streaming frame 910/1796
  █████████████░░░░░░░░░░░░  53%  Streaming frame 911/1796
  █████████████░░░░░░░░░░░░  53%  Streaming frame 912/1796
  █████████████░░░░░░░░░░░░  53%  Streaming frame 913/1796
  █████████████░░░░░░░░░░░░  53%  Streaming frame 914/1796
  █████████████░░░░░░░░░░░░  53%  Streaming frame 915/1796
  █████████████░░░░░░░░░░░░  53%  Streaming frame 916/1796
  █████████████░░░░░░░░░░░░  53%  Streaming frame 917/1796
  █████████████░░░░░░░░░░░░  53%  Streaming frame 918/1796
  █████████████░░░░░░░░░░░░  53%  Streaming frame 919/1796
  █████████████░░░░░░░░░░░░  53%  Streaming frame 920/1796
  █████████████░░░░░░░░░░░░  53%  Streaming frame 921/1796
  █████████████░░░░░░░░░░░░  53%  Streaming frame 922/1796
  █████████████░░░░░░░░░░░░  53%  Streaming frame 923/1796
  █████████████░░░░░░░░░░░░  53%  Streaming frame 924/1796
  █████████████░░░░░░░░░░░░  53%  Streaming frame 925/1796
  █████████████░░░░░░░░░░░░  53%  Streaming frame 926/1796
  █████████████░░░░░░░░░░░░  53%  Streaming frame 927/1796
  █████████████░░░░░░░░░░░░  53%  Streaming frame 928/1796
  █████████████░░░░░░░░░░░░  53%  Streaming frame 929/1796
  █████████████░░░░░░░░░░░░  53%  Streaming frame 930/1796
  █████████████░░░░░░░░░░░░  54%  Streaming frame 931/1796
  █████████████░░░░░░░░░░░░  54%  Streaming frame 932/1796
  █████████████░░░░░░░░░░░░  54%  Streaming frame 933/1796
  █████████████░░░░░░░░░░░░  54%  Streaming frame 934/1796
  █████████████░░░░░░░░░░░░  54%  Streaming frame 935/1796
  █████████████░░░░░░░░░░░░  54%  Streaming frame 936/1796
  █████████████░░░░░░░░░░░░  54%  Streaming frame 937/1796
  █████████████░░░░░░░░░░░░  54%  Streaming frame 938/1796
  █████████████░░░░░░░░░░░░  54%  Streaming frame 939/1796
  █████████████░░░░░░░░░░░░  54%  Streaming frame 940/1796
  █████████████░░░░░░░░░░░░  54%  Streaming frame 941/1796
  █████████████░░░░░░░░░░░░  54%  Streaming frame 942/1796
  █████████████░░░░░░░░░░░░  54%  Streaming frame 943/1796
  █████████████░░░░░░░░░░░░  54%  Streaming frame 944/1796
  █████████████░░░░░░░░░░░░  54%  Streaming frame 945/1796
  █████████████░░░░░░░░░░░░  54%  Streaming frame 946/1796
  █████████████░░░░░░░░░░░░  54%  Streaming frame 947/1796
  █████████████░░░░░░░░░░░░  54%  Streaming frame 948/1796
  █████████████░░░░░░░░░░░░  54%  Streaming frame 949/1796
  █████████████░░░░░░░░░░░░  54%  Streaming frame 950/1796
  █████████████░░░░░░░░░░░░  54%  Streaming frame 951/1796
  █████████████░░░░░░░░░░░░  54%  Streaming frame 952/1796
  █████████████░░░░░░░░░░░░  54%  Streaming frame 953/1796
  █████████████░░░░░░░░░░░░  54%  Streaming frame 954/1796
  █████████████░░░░░░░░░░░░  54%  Streaming frame 955/1796
  █████████████░░░░░░░░░░░░  54%  Streaming frame 956/1796
  █████████████░░░░░░░░░░░░  54%  Streaming frame 957/1796
  █████████████░░░░░░░░░░░░  54%  Streaming frame 958/1796
  █████████████░░░░░░░░░░░░  54%  Streaming frame 959/1796
  █████████████░░░░░░░░░░░░  54%  Streaming frame 960/1796
  █████████████░░░░░░░░░░░░  54%  Streaming frame 961/1796
  █████████████░░░░░░░░░░░░  54%  Streaming frame 962/1796
  █████████████░░░░░░░░░░░░  54%  Streaming frame 963/1796
  █████████████░░░░░░░░░░░░  55%  Streaming frame 964/1796
  █████████████░░░░░░░░░░░░  55%  Streaming frame 965/1796
  █████████████░░░░░░░░░░░░  55%  Streaming frame 966/1796
  █████████████░░░░░░░░░░░░  55%  Streaming frame 967/1796
  █████████████░░░░░░░░░░░░  55%  Streaming frame 968/1796
  █████████████░░░░░░░░░░░░  55%  Streaming frame 969/1796
  █████████████░░░░░░░░░░░░  55%  Streaming frame 970/1796
  █████████████░░░░░░░░░░░░  55%  Streaming frame 971/1796
  █████████████░░░░░░░░░░░░  55%  Streaming frame 972/1796
  █████████████░░░░░░░░░░░░  55%  Streaming frame 973/1796
  █████████████░░░░░░░░░░░░  55%  Streaming frame 974/1796
  █████████████░░░░░░░░░░░░  55%  Streaming frame 975/1796
  █████████████░░░░░░░░░░░░  55%  Streaming frame 976/1796
  █████████████░░░░░░░░░░░░  55%  Streaming frame 977/1796
  █████████████░░░░░░░░░░░░  55%  Streaming frame 978/1796
  █████████████░░░░░░░░░░░░  55%  Streaming frame 979/1796
  █████████████░░░░░░░░░░░░  55%  Streaming frame 980/1796
  █████████████░░░░░░░░░░░░  55%  Streaming frame 981/1796
  █████████████░░░░░░░░░░░░  55%  Streaming frame 982/1796
  █████████████░░░░░░░░░░░░  55%  Streaming frame 983/1796
  █████████████░░░░░░░░░░░░  55%  Streaming frame 984/1796
  █████████████░░░░░░░░░░░░  55%  Streaming frame 985/1796
  █████████████░░░░░░░░░░░░  55%  Streaming frame 986/1796
  █████████████░░░░░░░░░░░░  55%  Streaming frame 987/1796
  █████████████░░░░░░░░░░░░  55%  Streaming frame 988/1796
  █████████████░░░░░░░░░░░░  55%  Streaming frame 989/1796
  █████████████░░░░░░░░░░░░  55%  Streaming frame 990/1796
  █████████████░░░░░░░░░░░░  55%  Streaming frame 991/1796
  █████████████░░░░░░░░░░░░  55%  Streaming frame 992/1796
  █████████████░░░░░░░░░░░░  55%  Streaming frame 993/1796
  █████████████░░░░░░░░░░░░  55%  Streaming frame 994/1796
  █████████████░░░░░░░░░░░░  55%  Streaming frame 995/1796
  ██████████████░░░░░░░░░░░  56%  Streaming frame 996/1796
  ██████████████░░░░░░░░░░░  56%  Streaming frame 997/1796
  ██████████████░░░░░░░░░░░  56%  Streaming frame 998/1796
  ██████████████░░░░░░░░░░░  56%  Streaming frame 999/1796
  ██████████████░░░░░░░░░░░  56%  Streaming frame 1000/1796
  ██████████████░░░░░░░░░░░  56%  Streaming frame 1001/1796
  ██████████████░░░░░░░░░░░  56%  Streaming frame 1002/1796
  ██████████████░░░░░░░░░░░  56%  Streaming frame 1003/1796
  ██████████████░░░░░░░░░░░  56%  Streaming frame 1004/1796
  ██████████████░░░░░░░░░░░  56%  Streaming frame 1005/1796
  ██████████████░░░░░░░░░░░  56%  Streaming frame 1006/1796
  ██████████████░░░░░░░░░░░  56%  Streaming frame 1007/1796
  ██████████████░░░░░░░░░░░  56%  Streaming frame 1008/1796
  ██████████████░░░░░░░░░░░  56%  Streaming frame 1009/1796
  ██████████████░░░░░░░░░░░  56%  Streaming frame 1010/1796
  ██████████████░░░░░░░░░░░  56%  Streaming frame 1011/1796
  ██████████████░░░░░░░░░░░  56%  Streaming frame 1012/1796
  ██████████████░░░░░░░░░░░  56%  Streaming frame 1013/1796
  ██████████████░░░░░░░░░░░  56%  Streaming frame 1014/1796
  ██████████████░░░░░░░░░░░  56%  Streaming frame 1015/1796
  ██████████████░░░░░░░░░░░  56%  Streaming frame 1016/1796
  ██████████████░░░░░░░░░░░  56%  Streaming frame 1017/1796
  ██████████████░░░░░░░░░░░  56%  Streaming frame 1018/1796
  ██████████████░░░░░░░░░░░  56%  Streaming frame 1019/1796
  ██████████████░░░░░░░░░░░  56%  Streaming frame 1020/1796
  ██████████████░░░░░░░░░░░  56%  Streaming frame 1021/1796
  ██████████████░░░░░░░░░░░  56%  Streaming frame 1022/1796
  ██████████████░░░░░░░░░░░  56%  Streaming frame 1023/1796
  ██████████████░░░░░░░░░░░  56%  Streaming frame 1024/1796
  ██████████████░░░░░░░░░░░  56%  Streaming frame 1025/1796
  ██████████████░░░░░░░░░░░  56%  Streaming frame 1026/1796
  ██████████████░░░░░░░░░░░  56%  Streaming frame 1027/1796
  ██████████████░░░░░░░░░░░  56%  Streaming frame 1028/1796
  ██████████████░░░░░░░░░░░  57%  Streaming frame 1029/1796
  ██████████████░░░░░░░░░░░  57%  Streaming frame 1030/1796
  ██████████████░░░░░░░░░░░  57%  Streaming frame 1031/1796
  ██████████████░░░░░░░░░░░  57%  Streaming frame 1032/1796
  ██████████████░░░░░░░░░░░  57%  Streaming frame 1033/1796
  ██████████████░░░░░░░░░░░  57%  Streaming frame 1034/1796
  ██████████████░░░░░░░░░░░  57%  Streaming frame 1035/1796
  ██████████████░░░░░░░░░░░  57%  Streaming frame 1036/1796
  ██████████████░░░░░░░░░░░  57%  Streaming frame 1037/1796
  ██████████████░░░░░░░░░░░  57%  Streaming frame 1038/1796
  ██████████████░░░░░░░░░░░  57%  Streaming frame 1039/1796
  ██████████████░░░░░░░░░░░  57%  Streaming frame 1040/1796
  ██████████████░░░░░░░░░░░  57%  Streaming frame 1041/1796
  ██████████████░░░░░░░░░░░  57%  Streaming frame 1042/1796
  ██████████████░░░░░░░░░░░  57%  Streaming frame 1043/1796
  ██████████████░░░░░░░░░░░  57%  Streaming frame 1044/1796
  ██████████████░░░░░░░░░░░  57%  Streaming frame 1045/1796
  ██████████████░░░░░░░░░░░  57%  Streaming frame 1046/1796
  ██████████████░░░░░░░░░░░  57%  Streaming frame 1047/1796
  ██████████████░░░░░░░░░░░  57%  Streaming frame 1048/1796
  ██████████████░░░░░░░░░░░  57%  Streaming frame 1049/1796
  ██████████████░░░░░░░░░░░  57%  Streaming frame 1050/1796
  ██████████████░░░░░░░░░░░  57%  Streaming frame 1051/1796
  ██████████████░░░░░░░░░░░  57%  Streaming frame 1052/1796
  ██████████████░░░░░░░░░░░  57%  Streaming frame 1053/1796
  ██████████████░░░░░░░░░░░  57%  Streaming frame 1054/1796
  ██████████████░░░░░░░░░░░  57%  Streaming frame 1055/1796
  ██████████████░░░░░░░░░░░  57%  Streaming frame 1056/1796
  ██████████████░░░░░░░░░░░  57%  Streaming frame 1057/1796
  ██████████████░░░░░░░░░░░  57%  Streaming frame 1058/1796
  ██████████████░░░░░░░░░░░  57%  Streaming frame 1059/1796
  ██████████████░░░░░░░░░░░  57%  Streaming frame 1060/1796
  ██████████████░░░░░░░░░░░  57%  Streaming frame 1061/1796
  ██████████████░░░░░░░░░░░  58%  Streaming frame 1062/1796
  ██████████████░░░░░░░░░░░  58%  Streaming frame 1063/1796
  ██████████████░░░░░░░░░░░  58%  Streaming frame 1064/1796
  ██████████████░░░░░░░░░░░  58%  Streaming frame 1065/1796
  ██████████████░░░░░░░░░░░  58%  Streaming frame 1066/1796
  ██████████████░░░░░░░░░░░  58%  Streaming frame 1067/1796
  ██████████████░░░░░░░░░░░  58%  Streaming frame 1068/1796
  ██████████████░░░░░░░░░░░  58%  Streaming frame 1069/1796
  ██████████████░░░░░░░░░░░  58%  Streaming frame 1070/1796
  ██████████████░░░░░░░░░░░  58%  Streaming frame 1071/1796
  ██████████████░░░░░░░░░░░  58%  Streaming frame 1072/1796
  ██████████████░░░░░░░░░░░  58%  Streaming frame 1073/1796
  ██████████████░░░░░░░░░░░  58%  Streaming frame 1074/1796
  ██████████████░░░░░░░░░░░  58%  Streaming frame 1075/1796
  ██████████████░░░░░░░░░░░  58%  Streaming frame 1076/1796
  ██████████████░░░░░░░░░░░  58%  Streaming frame 1077/1796
  ██████████████░░░░░░░░░░░  58%  Streaming frame 1078/1796
  ██████████████░░░░░░░░░░░  58%  Streaming frame 1079/1796
  ██████████████░░░░░░░░░░░  58%  Streaming frame 1080/1796
  ██████████████░░░░░░░░░░░  58%  Streaming frame 1081/1796
  ██████████████░░░░░░░░░░░  58%  Streaming frame 1082/1796
  ██████████████░░░░░░░░░░░  58%  Streaming frame 1083/1796
  ██████████████░░░░░░░░░░░  58%  Streaming frame 1084/1796
  ██████████████░░░░░░░░░░░  58%  Streaming frame 1085/1796
  ██████████████░░░░░░░░░░░  58%  Streaming frame 1086/1796
  ██████████████░░░░░░░░░░░  58%  Streaming frame 1087/1796
  ██████████████░░░░░░░░░░░  58%  Streaming frame 1088/1796
  ██████████████░░░░░░░░░░░  58%  Streaming frame 1089/1796
  ██████████████░░░░░░░░░░░  58%  Streaming frame 1090/1796
  ██████████████░░░░░░░░░░░  58%  Streaming frame 1091/1796
  ██████████████░░░░░░░░░░░  58%  Streaming frame 1092/1796
  ██████████████░░░░░░░░░░░  58%  Streaming frame 1093/1796
  ██████████████░░░░░░░░░░░  59%  Streaming frame 1094/1796
  ██████████████░░░░░░░░░░░  59%  Streaming frame 1095/1796
  ██████████████░░░░░░░░░░░  59%  Streaming frame 1096/1796
  ██████████████░░░░░░░░░░░  59%  Streaming frame 1097/1796
  ██████████████░░░░░░░░░░░  59%  Streaming frame 1098/1796
[INFO] [Render:trace] {"renderJobId":"44d19a03-d2d4-4087-982b-da007102f33e","phase":"capture_streaming","status":"checkpoint","elapsedMs":35158,"message":"stage still running","stagePhase":"capturing","workerCount":1,"forceScreenshot":false,"totalFrames":1796,"framesCompleted":1098,"captureMode":"drawelement","captureOperation":"drawElement","heartbeatIndex":1,"stageElapsedMs":30001}
  ██████████████░░░░░░░░░░░  59%  Streaming frame 1099/1796
  ██████████████░░░░░░░░░░░  59%  Streaming frame 1100/1796
  ██████████████░░░░░░░░░░░  59%  Streaming frame 1101/1796
  ██████████████░░░░░░░░░░░  59%  Streaming frame 1102/1796
  ██████████████░░░░░░░░░░░  59%  Streaming frame 1103/1796
  ██████████████░░░░░░░░░░░  59%  Streaming frame 1104/1796
  ██████████████░░░░░░░░░░░  59%  Streaming frame 1105/1796
  ██████████████░░░░░░░░░░░  59%  Streaming frame 1106/1796
  ██████████████░░░░░░░░░░░  59%  Streaming frame 1107/1796
  ██████████████░░░░░░░░░░░  59%  Streaming frame 1108/1796
  ██████████████░░░░░░░░░░░  59%  Streaming frame 1109/1796
  ██████████████░░░░░░░░░░░  59%  Streaming frame 1110/1796
  ██████████████░░░░░░░░░░░  59%  Streaming frame 1111/1796
  ██████████████░░░░░░░░░░░  59%  Streaming frame 1112/1796
  ██████████████░░░░░░░░░░░  59%  Streaming frame 1113/1796
  ██████████████░░░░░░░░░░░  59%  Streaming frame 1114/1796
  ██████████████░░░░░░░░░░░  59%  Streaming frame 1115/1796
  ██████████████░░░░░░░░░░░  59%  Streaming frame 1116/1796
  ██████████████░░░░░░░░░░░  59%  Streaming frame 1117/1796
  ██████████████░░░░░░░░░░░  59%  Streaming frame 1118/1796
  ██████████████░░░░░░░░░░░  59%  Streaming frame 1119/1796
  ██████████████░░░░░░░░░░░  59%  Streaming frame 1120/1796
  ██████████████░░░░░░░░░░░  59%  Streaming frame 1121/1796
  ██████████████░░░░░░░░░░░  59%  Streaming frame 1122/1796
  ██████████████░░░░░░░░░░░  59%  Streaming frame 1123/1796
  ██████████████░░░░░░░░░░░  59%  Streaming frame 1124/1796
  ██████████████░░░░░░░░░░░  59%  Streaming frame 1125/1796
  ██████████████░░░░░░░░░░░  59%  Streaming frame 1126/1796
  ███████████████░░░░░░░░░░  60%  Streaming frame 1127/1796
  ███████████████░░░░░░░░░░  60%  Streaming frame 1128/1796
  ███████████████░░░░░░░░░░  60%  Streaming frame 1129/1796
  ███████████████░░░░░░░░░░  60%  Streaming frame 1130/1796
  ███████████████░░░░░░░░░░  60%  Streaming frame 1131/1796
  ███████████████░░░░░░░░░░  60%  Streaming frame 1132/1796
  ███████████████░░░░░░░░░░  60%  Streaming frame 1133/1796
  ███████████████░░░░░░░░░░  60%  Streaming frame 1134/1796
  ███████████████░░░░░░░░░░  60%  Streaming frame 1135/1796
  ███████████████░░░░░░░░░░  60%  Streaming frame 1136/1796
  ███████████████░░░░░░░░░░  60%  Streaming frame 1137/1796
  ███████████████░░░░░░░░░░  60%  Streaming frame 1138/1796
  ███████████████░░░░░░░░░░  60%  Streaming frame 1139/1796
  ███████████████░░░░░░░░░░  60%  Streaming frame 1140/1796
  ███████████████░░░░░░░░░░  60%  Streaming frame 1141/1796
  ███████████████░░░░░░░░░░  60%  Streaming frame 1142/1796
  ███████████████░░░░░░░░░░  60%  Streaming frame 1143/1796
  ███████████████░░░░░░░░░░  60%  Streaming frame 1144/1796
  ███████████████░░░░░░░░░░  60%  Streaming frame 1145/1796
  ███████████████░░░░░░░░░░  60%  Streaming frame 1146/1796
  ███████████████░░░░░░░░░░  60%  Streaming frame 1147/1796
  ███████████████░░░░░░░░░░  60%  Streaming frame 1148/1796
  ███████████████░░░░░░░░░░  60%  Streaming frame 1149/1796
  ███████████████░░░░░░░░░░  60%  Streaming frame 1150/1796
  ███████████████░░░░░░░░░░  60%  Streaming frame 1151/1796
  ███████████████░░░░░░░░░░  60%  Streaming frame 1152/1796
  ███████████████░░░░░░░░░░  60%  Streaming frame 1153/1796
  ███████████████░░░░░░░░░░  60%  Streaming frame 1154/1796
  ███████████████░░░░░░░░░░  60%  Streaming frame 1155/1796
  ███████████████░░░░░░░░░░  60%  Streaming frame 1156/1796
  ███████████████░░░░░░░░░░  60%  Streaming frame 1157/1796
  ███████████████░░░░░░░░░░  60%  Streaming frame 1158/1796
  ███████████████░░░░░░░░░░  60%  Streaming frame 1159/1796
  ███████████████░░░░░░░░░░  61%  Streaming frame 1160/1796
  ███████████████░░░░░░░░░░  61%  Streaming frame 1161/1796
  ███████████████░░░░░░░░░░  61%  Streaming frame 1162/1796
  ███████████████░░░░░░░░░░  61%  Streaming frame 1163/1796
  ███████████████░░░░░░░░░░  61%  Streaming frame 1164/1796
  ███████████████░░░░░░░░░░  61%  Streaming frame 1165/1796
  ███████████████░░░░░░░░░░  61%  Streaming frame 1166/1796
  ███████████████░░░░░░░░░░  61%  Streaming frame 1167/1796
  ███████████████░░░░░░░░░░  61%  Streaming frame 1168/1796
  ███████████████░░░░░░░░░░  61%  Streaming frame 1169/1796
  ███████████████░░░░░░░░░░  61%  Streaming frame 1170/1796
  ███████████████░░░░░░░░░░  61%  Streaming frame 1171/1796
  ███████████████░░░░░░░░░░  61%  Streaming frame 1172/1796
  ███████████████░░░░░░░░░░  61%  Streaming frame 1173/1796
  ███████████████░░░░░░░░░░  61%  Streaming frame 1174/1796
  ███████████████░░░░░░░░░░  61%  Streaming frame 1175/1796
  ███████████████░░░░░░░░░░  61%  Streaming frame 1176/1796
  ███████████████░░░░░░░░░░  61%  Streaming frame 1177/1796
  ███████████████░░░░░░░░░░  61%  Streaming frame 1178/1796
  ███████████████░░░░░░░░░░  61%  Streaming frame 1179/1796
  ███████████████░░░░░░░░░░  61%  Streaming frame 1180/1796
  ███████████████░░░░░░░░░░  61%  Streaming frame 1181/1796
  ███████████████░░░░░░░░░░  61%  Streaming frame 1182/1796
  ███████████████░░░░░░░░░░  61%  Streaming frame 1183/1796
  ███████████████░░░░░░░░░░  61%  Streaming frame 1184/1796
  ███████████████░░░░░░░░░░  61%  Streaming frame 1185/1796
  ███████████████░░░░░░░░░░  61%  Streaming frame 1186/1796
  ███████████████░░░░░░░░░░  61%  Streaming frame 1187/1796
  ███████████████░░░░░░░░░░  61%  Streaming frame 1188/1796
  ███████████████░░░░░░░░░░  61%  Streaming frame 1189/1796
  ███████████████░░░░░░░░░░  61%  Streaming frame 1190/1796
  ███████████████░░░░░░░░░░  61%  Streaming frame 1191/1796
  ███████████████░░░░░░░░░░  62%  Streaming frame 1192/1796
  ███████████████░░░░░░░░░░  62%  Streaming frame 1193/1796
  ███████████████░░░░░░░░░░  62%  Streaming frame 1194/1796
  ███████████████░░░░░░░░░░  62%  Streaming frame 1195/1796
  ███████████████░░░░░░░░░░  62%  Streaming frame 1196/1796
  ███████████████░░░░░░░░░░  62%  Streaming frame 1197/1796
  ███████████████░░░░░░░░░░  62%  Streaming frame 1198/1796
  ███████████████░░░░░░░░░░  62%  Streaming frame 1199/1796
  ███████████████░░░░░░░░░░  62%  Streaming frame 1200/1796
  ███████████████░░░░░░░░░░  62%  Streaming frame 1201/1796
  ███████████████░░░░░░░░░░  62%  Streaming frame 1202/1796
  ███████████████░░░░░░░░░░  62%  Streaming frame 1203/1796
  ███████████████░░░░░░░░░░  62%  Streaming frame 1204/1796
  ███████████████░░░░░░░░░░  62%  Streaming frame 1205/1796
  ███████████████░░░░░░░░░░  62%  Streaming frame 1206/1796
  ███████████████░░░░░░░░░░  62%  Streaming frame 1207/1796
  ███████████████░░░░░░░░░░  62%  Streaming frame 1208/1796
  ███████████████░░░░░░░░░░  62%  Streaming frame 1209/1796
  ███████████████░░░░░░░░░░  62%  Streaming frame 1210/1796
  ███████████████░░░░░░░░░░  62%  Streaming frame 1211/1796
  ███████████████░░░░░░░░░░  62%  Streaming frame 1212/1796
  ███████████████░░░░░░░░░░  62%  Streaming frame 1213/1796
  ███████████████░░░░░░░░░░  62%  Streaming frame 1214/1796
  ███████████████░░░░░░░░░░  62%  Streaming frame 1215/1796
  ███████████████░░░░░░░░░░  62%  Streaming frame 1216/1796
  ███████████████░░░░░░░░░░  62%  Streaming frame 1217/1796
  ███████████████░░░░░░░░░░  62%  Streaming frame 1218/1796
  ███████████████░░░░░░░░░░  62%  Streaming frame 1219/1796
  ███████████████░░░░░░░░░░  62%  Streaming frame 1220/1796
  ███████████████░░░░░░░░░░  62%  Streaming frame 1221/1796
  ███████████████░░░░░░░░░░  62%  Streaming frame 1222/1796
  ███████████████░░░░░░░░░░  62%  Streaming frame 1223/1796
  ███████████████░░░░░░░░░░  62%  Streaming frame 1224/1796
  ███████████████░░░░░░░░░░  63%  Streaming frame 1225/1796
  ███████████████░░░░░░░░░░  63%  Streaming frame 1226/1796
  ███████████████░░░░░░░░░░  63%  Streaming frame 1227/1796
  ███████████████░░░░░░░░░░  63%  Streaming frame 1228/1796
  ███████████████░░░░░░░░░░  63%  Streaming frame 1229/1796
  ███████████████░░░░░░░░░░  63%  Streaming frame 1230/1796
  ███████████████░░░░░░░░░░  63%  Streaming frame 1231/1796
  ███████████████░░░░░░░░░░  63%  Streaming frame 1232/1796
  ███████████████░░░░░░░░░░  63%  Streaming frame 1233/1796
  ███████████████░░░░░░░░░░  63%  Streaming frame 1234/1796
  ███████████████░░░░░░░░░░  63%  Streaming frame 1235/1796
  ███████████████░░░░░░░░░░  63%  Streaming frame 1236/1796
  ███████████████░░░░░░░░░░  63%  Streaming frame 1237/1796
  ███████████████░░░░░░░░░░  63%  Streaming frame 1238/1796
  ███████████████░░░░░░░░░░  63%  Streaming frame 1239/1796
  ███████████████░░░░░░░░░░  63%  Streaming frame 1240/1796
  ███████████████░░░░░░░░░░  63%  Streaming frame 1241/1796
  ███████████████░░░░░░░░░░  63%  Streaming frame 1242/1796
  ███████████████░░░░░░░░░░  63%  Streaming frame 1243/1796
  ███████████████░░░░░░░░░░  63%  Streaming frame 1244/1796
  ███████████████░░░░░░░░░░  63%  Streaming frame 1245/1796
  ███████████████░░░░░░░░░░  63%  Streaming frame 1246/1796
  ███████████████░░░░░░░░░░  63%  Streaming frame 1247/1796
  ███████████████░░░░░░░░░░  63%  Streaming frame 1248/1796
  ███████████████░░░░░░░░░░  63%  Streaming frame 1249/1796
  ███████████████░░░░░░░░░░  63%  Streaming frame 1250/1796
  ███████████████░░░░░░░░░░  63%  Streaming frame 1251/1796
  ███████████████░░░░░░░░░░  63%  Streaming frame 1252/1796
  ███████████████░░░░░░░░░░  63%  Streaming frame 1253/1796
  ███████████████░░░░░░░░░░  63%  Streaming frame 1254/1796
  ███████████████░░░░░░░░░░  63%  Streaming frame 1255/1796
  ███████████████░░░░░░░░░░  63%  Streaming frame 1256/1796
  ███████████████░░░░░░░░░░  63%  Streaming frame 1257/1796
  ████████████████░░░░░░░░░  64%  Streaming frame 1258/1796
  ████████████████░░░░░░░░░  64%  Streaming frame 1259/1796
  ████████████████░░░░░░░░░  64%  Streaming frame 1260/1796
  ████████████████░░░░░░░░░  64%  Streaming frame 1261/1796
  ████████████████░░░░░░░░░  64%  Streaming frame 1262/1796
  ████████████████░░░░░░░░░  64%  Streaming frame 1263/1796
  ████████████████░░░░░░░░░  64%  Streaming frame 1264/1796
  ████████████████░░░░░░░░░  64%  Streaming frame 1265/1796
  ████████████████░░░░░░░░░  64%  Streaming frame 1266/1796
  ████████████████░░░░░░░░░  64%  Streaming frame 1267/1796
  ████████████████░░░░░░░░░  64%  Streaming frame 1268/1796
  ████████████████░░░░░░░░░  64%  Streaming frame 1269/1796
  ████████████████░░░░░░░░░  64%  Streaming frame 1270/1796
  ████████████████░░░░░░░░░  64%  Streaming frame 1271/1796
  ████████████████░░░░░░░░░  64%  Streaming frame 1272/1796
  ████████████████░░░░░░░░░  64%  Streaming frame 1273/1796
  ████████████████░░░░░░░░░  64%  Streaming frame 1274/1796
  ████████████████░░░░░░░░░  64%  Streaming frame 1275/1796
  ████████████████░░░░░░░░░  64%  Streaming frame 1276/1796
  ████████████████░░░░░░░░░  64%  Streaming frame 1277/1796
  ████████████████░░░░░░░░░  64%  Streaming frame 1278/1796
  ████████████████░░░░░░░░░  64%  Streaming frame 1279/1796
  ████████████████░░░░░░░░░  64%  Streaming frame 1280/1796
  ████████████████░░░░░░░░░  64%  Streaming frame 1281/1796
  ████████████████░░░░░░░░░  64%  Streaming frame 1282/1796
  ████████████████░░░░░░░░░  64%  Streaming frame 1283/1796
  ████████████████░░░░░░░░░  64%  Streaming frame 1284/1796
  ████████████████░░░░░░░░░  64%  Streaming frame 1285/1796
  ████████████████░░░░░░░░░  64%  Streaming frame 1286/1796
  ████████████████░░░░░░░░░  64%  Streaming frame 1287/1796
  ████████████████░░░░░░░░░  64%  Streaming frame 1288/1796
  ████████████████░░░░░░░░░  64%  Streaming frame 1289/1796
  ████████████████░░░░░░░░░  65%  Streaming frame 1290/1796
  ████████████████░░░░░░░░░  65%  Streaming frame 1291/1796
  ████████████████░░░░░░░░░  65%  Streaming frame 1292/1796
  ████████████████░░░░░░░░░  65%  Streaming frame 1293/1796
  ████████████████░░░░░░░░░  65%  Streaming frame 1294/1796
  ████████████████░░░░░░░░░  65%  Streaming frame 1295/1796
  ████████████████░░░░░░░░░  65%  Streaming frame 1296/1796
  ████████████████░░░░░░░░░  65%  Streaming frame 1297/1796
  ████████████████░░░░░░░░░  65%  Streaming frame 1298/1796
  ████████████████░░░░░░░░░  65%  Streaming frame 1299/1796
  ████████████████░░░░░░░░░  65%  Streaming frame 1300/1796
  ████████████████░░░░░░░░░  65%  Streaming frame 1301/1796
  ████████████████░░░░░░░░░  65%  Streaming frame 1302/1796
  ████████████████░░░░░░░░░  65%  Streaming frame 1303/1796
  ████████████████░░░░░░░░░  65%  Streaming frame 1304/1796
  ████████████████░░░░░░░░░  65%  Streaming frame 1305/1796
  ████████████████░░░░░░░░░  65%  Streaming frame 1306/1796
  ████████████████░░░░░░░░░  65%  Streaming frame 1307/1796
  ████████████████░░░░░░░░░  65%  Streaming frame 1308/1796
  ████████████████░░░░░░░░░  65%  Streaming frame 1309/1796
  ████████████████░░░░░░░░░  65%  Streaming frame 1310/1796
  ████████████████░░░░░░░░░  65%  Streaming frame 1311/1796
  ████████████████░░░░░░░░░  65%  Streaming frame 1312/1796
  ████████████████░░░░░░░░░  65%  Streaming frame 1313/1796
  ████████████████░░░░░░░░░  65%  Streaming frame 1314/1796
  ████████████████░░░░░░░░░  65%  Streaming frame 1315/1796
  ████████████████░░░░░░░░░  65%  Streaming frame 1316/1796
  ████████████████░░░░░░░░░  65%  Streaming frame 1317/1796
  ████████████████░░░░░░░░░  65%  Streaming frame 1318/1796
  ████████████████░░░░░░░░░  65%  Streaming frame 1319/1796
  ████████████████░░░░░░░░░  65%  Streaming frame 1320/1796
  ████████████████░░░░░░░░░  65%  Streaming frame 1321/1796
  ████████████████░░░░░░░░░  65%  Streaming frame 1322/1796
  ████████████████░░░░░░░░░  66%  Streaming frame 1323/1796
  ████████████████░░░░░░░░░  66%  Streaming frame 1324/1796
  ████████████████░░░░░░░░░  66%  Streaming frame 1325/1796
  ████████████████░░░░░░░░░  66%  Streaming frame 1326/1796
  ████████████████░░░░░░░░░  66%  Streaming frame 1327/1796
  ████████████████░░░░░░░░░  66%  Streaming frame 1328/1796
  ████████████████░░░░░░░░░  66%  Streaming frame 1329/1796
  ████████████████░░░░░░░░░  66%  Streaming frame 1330/1796
  ████████████████░░░░░░░░░  66%  Streaming frame 1331/1796
  ████████████████░░░░░░░░░  66%  Streaming frame 1332/1796
  ████████████████░░░░░░░░░  66%  Streaming frame 1333/1796
  ████████████████░░░░░░░░░  66%  Streaming frame 1334/1796
  ████████████████░░░░░░░░░  66%  Streaming frame 1335/1796
  ████████████████░░░░░░░░░  66%  Streaming frame 1336/1796
  ████████████████░░░░░░░░░  66%  Streaming frame 1337/1796
  ████████████████░░░░░░░░░  66%  Streaming frame 1338/1796
  ████████████████░░░░░░░░░  66%  Streaming frame 1339/1796
  ████████████████░░░░░░░░░  66%  Streaming frame 1340/1796
  ████████████████░░░░░░░░░  66%  Streaming frame 1341/1796
  ████████████████░░░░░░░░░  66%  Streaming frame 1342/1796
  ████████████████░░░░░░░░░  66%  Streaming frame 1343/1796
  ████████████████░░░░░░░░░  66%  Streaming frame 1344/1796
  ████████████████░░░░░░░░░  66%  Streaming frame 1345/1796
  ████████████████░░░░░░░░░  66%  Streaming frame 1346/1796
  ████████████████░░░░░░░░░  66%  Streaming frame 1347/1796
[INFO] [Render] drawElement self-verify passed {"renderJobId":"44d19a03-d2d4-4087-982b-da007102f33e","frame":1347,"psnrDb":66.6}
  ████████████████░░░░░░░░░  66%  Streaming frame 1348/1796
[WARN] [Render] drawElement blank-frame suspect; re-capturing {"renderJobId":"44d19a03-d2d4-4087-982b-da007102f33e","frame":1348,"bytes":19500,"floor":20000}
[INFO] [Render] drawElement small frame is deterministic; accepted {"renderJobId":"44d19a03-d2d4-4087-982b-da007102f33e","frame":1348,"bytes":19500}
  ████████████████░░░░░░░░░  66%  Streaming frame 1349/1796
  ████████████████░░░░░░░░░  66%  Streaming frame 1350/1796
  ████████████████░░░░░░░░░  66%  Streaming frame 1351/1796
  ████████████████░░░░░░░░░  66%  Streaming frame 1352/1796
  ████████████████░░░░░░░░░  66%  Streaming frame 1353/1796
  ████████████████░░░░░░░░░  66%  Streaming frame 1354/1796
  ████████████████░░░░░░░░░  66%  Streaming frame 1355/1796
  ████████████████░░░░░░░░░  67%  Streaming frame 1356/1796
  ████████████████░░░░░░░░░  67%  Streaming frame 1357/1796
  ████████████████░░░░░░░░░  67%  Streaming frame 1358/1796
  ████████████████░░░░░░░░░  67%  Streaming frame 1359/1796
  ████████████████░░░░░░░░░  67%  Streaming frame 1360/1796
  ████████████████░░░░░░░░░  67%  Streaming frame 1361/1796
  ████████████████░░░░░░░░░  67%  Streaming frame 1362/1796
  ████████████████░░░░░░░░░  67%  Streaming frame 1363/1796
  ████████████████░░░░░░░░░  67%  Streaming frame 1364/1796
  ████████████████░░░░░░░░░  67%  Streaming frame 1365/1796
  ████████████████░░░░░░░░░  67%  Streaming frame 1366/1796
  ████████████████░░░░░░░░░  67%  Streaming frame 1367/1796
  ████████████████░░░░░░░░░  67%  Streaming frame 1368/1796
  ████████████████░░░░░░░░░  67%  Streaming frame 1369/1796
  ████████████████░░░░░░░░░  67%  Streaming frame 1370/1796
  ████████████████░░░░░░░░░  67%  Streaming frame 1371/1796
  ████████████████░░░░░░░░░  67%  Streaming frame 1372/1796
  ████████████████░░░░░░░░░  67%  Streaming frame 1373/1796
  ████████████████░░░░░░░░░  67%  Streaming frame 1374/1796
  ████████████████░░░░░░░░░  67%  Streaming frame 1375/1796
  ████████████████░░░░░░░░░  67%  Streaming frame 1376/1796
  ████████████████░░░░░░░░░  67%  Streaming frame 1377/1796
  ████████████████░░░░░░░░░  67%  Streaming frame 1378/1796
  ████████████████░░░░░░░░░  67%  Streaming frame 1379/1796
  ████████████████░░░░░░░░░  67%  Streaming frame 1380/1796
  ████████████████░░░░░░░░░  67%  Streaming frame 1381/1796
  ████████████████░░░░░░░░░  67%  Streaming frame 1382/1796
  ████████████████░░░░░░░░░  67%  Streaming frame 1383/1796
  ████████████████░░░░░░░░░  67%  Streaming frame 1384/1796
  ████████████████░░░░░░░░░  67%  Streaming frame 1385/1796
  ████████████████░░░░░░░░░  67%  Streaming frame 1386/1796
  ████████████████░░░░░░░░░  67%  Streaming frame 1387/1796
  █████████████████░░░░░░░░  68%  Streaming frame 1388/1796
  █████████████████░░░░░░░░  68%  Streaming frame 1389/1796
  █████████████████░░░░░░░░  68%  Streaming frame 1390/1796
  █████████████████░░░░░░░░  68%  Streaming frame 1391/1796
  █████████████████░░░░░░░░  68%  Streaming frame 1392/1796
  █████████████████░░░░░░░░  68%  Streaming frame 1393/1796
  █████████████████░░░░░░░░  68%  Streaming frame 1394/1796
  █████████████████░░░░░░░░  68%  Streaming frame 1395/1796
  █████████████████░░░░░░░░  68%  Streaming frame 1396/1796
  █████████████████░░░░░░░░  68%  Streaming frame 1397/1796
  █████████████████░░░░░░░░  68%  Streaming frame 1398/1796
  █████████████████░░░░░░░░  68%  Streaming frame 1399/1796
  █████████████████░░░░░░░░  68%  Streaming frame 1400/1796
  █████████████████░░░░░░░░  68%  Streaming frame 1401/1796
  █████████████████░░░░░░░░  68%  Streaming frame 1402/1796
  █████████████████░░░░░░░░  68%  Streaming frame 1403/1796
  █████████████████░░░░░░░░  68%  Streaming frame 1404/1796
  █████████████████░░░░░░░░  68%  Streaming frame 1405/1796
  █████████████████░░░░░░░░  68%  Streaming frame 1406/1796
  █████████████████░░░░░░░░  68%  Streaming frame 1407/1796
  █████████████████░░░░░░░░  68%  Streaming frame 1408/1796
  █████████████████░░░░░░░░  68%  Streaming frame 1409/1796
  █████████████████░░░░░░░░  68%  Streaming frame 1410/1796
  █████████████████░░░░░░░░  68%  Streaming frame 1411/1796
  █████████████████░░░░░░░░  68%  Streaming frame 1412/1796
  █████████████████░░░░░░░░  68%  Streaming frame 1413/1796
  █████████████████░░░░░░░░  68%  Streaming frame 1414/1796
  █████████████████░░░░░░░░  68%  Streaming frame 1415/1796
  █████████████████░░░░░░░░  68%  Streaming frame 1416/1796
  █████████████████░░░░░░░░  68%  Streaming frame 1417/1796
  █████████████████░░░░░░░░  68%  Streaming frame 1418/1796
  █████████████████░░░░░░░░  68%  Streaming frame 1419/1796
  █████████████████░░░░░░░░  68%  Streaming frame 1420/1796
  █████████████████░░░░░░░░  69%  Streaming frame 1421/1796
  █████████████████░░░░░░░░  69%  Streaming frame 1422/1796
  █████████████████░░░░░░░░  69%  Streaming frame 1423/1796
  █████████████████░░░░░░░░  69%  Streaming frame 1424/1796
  █████████████████░░░░░░░░  69%  Streaming frame 1425/1796
  █████████████████░░░░░░░░  69%  Streaming frame 1426/1796
  █████████████████░░░░░░░░  69%  Streaming frame 1427/1796
  █████████████████░░░░░░░░  69%  Streaming frame 1428/1796
  █████████████████░░░░░░░░  69%  Streaming frame 1429/1796
  █████████████████░░░░░░░░  69%  Streaming frame 1430/1796
  █████████████████░░░░░░░░  69%  Streaming frame 1431/1796
  █████████████████░░░░░░░░  69%  Streaming frame 1432/1796
  █████████████████░░░░░░░░  69%  Streaming frame 1433/1796
  █████████████████░░░░░░░░  69%  Streaming frame 1434/1796
  █████████████████░░░░░░░░  69%  Streaming frame 1435/1796
  █████████████████░░░░░░░░  69%  Streaming frame 1436/1796
  █████████████████░░░░░░░░  69%  Streaming frame 1437/1796
  █████████████████░░░░░░░░  69%  Streaming frame 1438/1796
  █████████████████░░░░░░░░  69%  Streaming frame 1439/1796
  █████████████████░░░░░░░░  69%  Streaming frame 1440/1796
  █████████████████░░░░░░░░  69%  Streaming frame 1441/1796
  █████████████████░░░░░░░░  69%  Streaming frame 1442/1796
  █████████████████░░░░░░░░  69%  Streaming frame 1443/1796
  █████████████████░░░░░░░░  69%  Streaming frame 1444/1796
  █████████████████░░░░░░░░  69%  Streaming frame 1445/1796
  █████████████████░░░░░░░░  69%  Streaming frame 1446/1796
  █████████████████░░░░░░░░  69%  Streaming frame 1447/1796
  █████████████████░░░░░░░░  69%  Streaming frame 1448/1796
  █████████████████░░░░░░░░  69%  Streaming frame 1449/1796
  █████████████████░░░░░░░░  69%  Streaming frame 1450/1796
  █████████████████░░░░░░░░  69%  Streaming frame 1451/1796
  █████████████████░░░░░░░░  69%  Streaming frame 1452/1796
  █████████████████░░░░░░░░  69%  Streaming frame 1453/1796
  █████████████████░░░░░░░░  70%  Streaming frame 1454/1796
  █████████████████░░░░░░░░  70%  Streaming frame 1455/1796
  █████████████████░░░░░░░░  70%  Streaming frame 1456/1796
  █████████████████░░░░░░░░  70%  Streaming frame 1457/1796
  █████████████████░░░░░░░░  70%  Streaming frame 1458/1796
  █████████████████░░░░░░░░  70%  Streaming frame 1459/1796
  █████████████████░░░░░░░░  70%  Streaming frame 1460/1796
  █████████████████░░░░░░░░  70%  Streaming frame 1461/1796
  █████████████████░░░░░░░░  70%  Streaming frame 1462/1796
  █████████████████░░░░░░░░  70%  Streaming frame 1463/1796
  █████████████████░░░░░░░░  70%  Streaming frame 1464/1796
  █████████████████░░░░░░░░  70%  Streaming frame 1465/1796
  █████████████████░░░░░░░░  70%  Streaming frame 1466/1796
  █████████████████░░░░░░░░  70%  Streaming frame 1467/1796
  █████████████████░░░░░░░░  70%  Streaming frame 1468/1796
  █████████████████░░░░░░░░  70%  Streaming frame 1469/1796
  █████████████████░░░░░░░░  70%  Streaming frame 1470/1796
  █████████████████░░░░░░░░  70%  Streaming frame 1471/1796
  █████████████████░░░░░░░░  70%  Streaming frame 1472/1796
  █████████████████░░░░░░░░  70%  Streaming frame 1473/1796
  █████████████████░░░░░░░░  70%  Streaming frame 1474/1796
  █████████████████░░░░░░░░  70%  Streaming frame 1475/1796
  █████████████████░░░░░░░░  70%  Streaming frame 1476/1796
  █████████████████░░░░░░░░  70%  Streaming frame 1477/1796
  █████████████████░░░░░░░░  70%  Streaming frame 1478/1796
  █████████████████░░░░░░░░  70%  Streaming frame 1479/1796
  █████████████████░░░░░░░░  70%  Streaming frame 1480/1796
  █████████████████░░░░░░░░  70%  Streaming frame 1481/1796
  █████████████████░░░░░░░░  70%  Streaming frame 1482/1796
  █████████████████░░░░░░░░  70%  Streaming frame 1483/1796
  █████████████████░░░░░░░░  70%  Streaming frame 1484/1796
  █████████████████░░░░░░░░  70%  Streaming frame 1485/1796
  █████████████████░░░░░░░░  71%  Streaming frame 1486/1796
  █████████████████░░░░░░░░  71%  Streaming frame 1487/1796
  █████████████████░░░░░░░░  71%  Streaming frame 1488/1796
  █████████████████░░░░░░░░  71%  Streaming frame 1489/1796
  █████████████████░░░░░░░░  71%  Streaming frame 1490/1796
  █████████████████░░░░░░░░  71%  Streaming frame 1491/1796
  █████████████████░░░░░░░░  71%  Streaming frame 1492/1796
  █████████████████░░░░░░░░  71%  Streaming frame 1493/1796
  █████████████████░░░░░░░░  71%  Streaming frame 1494/1796
  █████████████████░░░░░░░░  71%  Streaming frame 1495/1796
  █████████████████░░░░░░░░  71%  Streaming frame 1496/1796
  █████████████████░░░░░░░░  71%  Streaming frame 1497/1796
  █████████████████░░░░░░░░  71%  Streaming frame 1498/1796
  █████████████████░░░░░░░░  71%  Streaming frame 1499/1796
  █████████████████░░░░░░░░  71%  Streaming frame 1500/1796
  █████████████████░░░░░░░░  71%  Streaming frame 1501/1796
  █████████████████░░░░░░░░  71%  Streaming frame 1502/1796
  █████████████████░░░░░░░░  71%  Streaming frame 1503/1796
  █████████████████░░░░░░░░  71%  Streaming frame 1504/1796
  █████████████████░░░░░░░░  71%  Streaming frame 1505/1796
  █████████████████░░░░░░░░  71%  Streaming frame 1506/1796
  █████████████████░░░░░░░░  71%  Streaming frame 1507/1796
  █████████████████░░░░░░░░  71%  Streaming frame 1508/1796
  █████████████████░░░░░░░░  71%  Streaming frame 1509/1796
  █████████████████░░░░░░░░  71%  Streaming frame 1510/1796
  █████████████████░░░░░░░░  71%  Streaming frame 1511/1796
  █████████████████░░░░░░░░  71%  Streaming frame 1512/1796
  █████████████████░░░░░░░░  71%  Streaming frame 1513/1796
  █████████████████░░░░░░░░  71%  Streaming frame 1514/1796
  █████████████████░░░░░░░░  71%  Streaming frame 1515/1796
  █████████████████░░░░░░░░  71%  Streaming frame 1516/1796
  █████████████████░░░░░░░░  71%  Streaming frame 1517/1796
  █████████████████░░░░░░░░  71%  Streaming frame 1518/1796
  ██████████████████░░░░░░░  72%  Streaming frame 1519/1796
  ██████████████████░░░░░░░  72%  Streaming frame 1520/1796
  ██████████████████░░░░░░░  72%  Streaming frame 1521/1796
  ██████████████████░░░░░░░  72%  Streaming frame 1522/1796
  ██████████████████░░░░░░░  72%  Streaming frame 1523/1796
  ██████████████████░░░░░░░  72%  Streaming frame 1524/1796
  ██████████████████░░░░░░░  72%  Streaming frame 1525/1796
  ██████████████████░░░░░░░  72%  Streaming frame 1526/1796
  ██████████████████░░░░░░░  72%  Streaming frame 1527/1796
  ██████████████████░░░░░░░  72%  Streaming frame 1528/1796
  ██████████████████░░░░░░░  72%  Streaming frame 1529/1796
  ██████████████████░░░░░░░  72%  Streaming frame 1530/1796
  ██████████████████░░░░░░░  72%  Streaming frame 1531/1796
  ██████████████████░░░░░░░  72%  Streaming frame 1532/1796
  ██████████████████░░░░░░░  72%  Streaming frame 1533/1796
  ██████████████████░░░░░░░  72%  Streaming frame 1534/1796
  ██████████████████░░░░░░░  72%  Streaming frame 1535/1796
  ██████████████████░░░░░░░  72%  Streaming frame 1536/1796
  ██████████████████░░░░░░░  72%  Streaming frame 1537/1796
  ██████████████████░░░░░░░  72%  Streaming frame 1538/1796
  ██████████████████░░░░░░░  72%  Streaming frame 1539/1796
  ██████████████████░░░░░░░  72%  Streaming frame 1540/1796
  ██████████████████░░░░░░░  72%  Streaming frame 1541/1796
  ██████████████████░░░░░░░  72%  Streaming frame 1542/1796
  ██████████████████░░░░░░░  72%  Streaming frame 1543/1796
  ██████████████████░░░░░░░  72%  Streaming frame 1544/1796
  ██████████████████░░░░░░░  72%  Streaming frame 1545/1796
  ██████████████████░░░░░░░  72%  Streaming frame 1546/1796
  ██████████████████░░░░░░░  72%  Streaming frame 1547/1796
  ██████████████████░░░░░░░  72%  Streaming frame 1548/1796
  ██████████████████░░░░░░░  72%  Streaming frame 1549/1796
  ██████████████████░░░░░░░  72%  Streaming frame 1550/1796
  ██████████████████░░░░░░░  72%  Streaming frame 1551/1796
  ██████████████████░░░░░░░  73%  Streaming frame 1552/1796
  ██████████████████░░░░░░░  73%  Streaming frame 1553/1796
  ██████████████████░░░░░░░  73%  Streaming frame 1554/1796
  ██████████████████░░░░░░░  73%  Streaming frame 1555/1796
  ██████████████████░░░░░░░  73%  Streaming frame 1556/1796
  ██████████████████░░░░░░░  73%  Streaming frame 1557/1796
  ██████████████████░░░░░░░  73%  Streaming frame 1558/1796
  ██████████████████░░░░░░░  73%  Streaming frame 1559/1796
  ██████████████████░░░░░░░  73%  Streaming frame 1560/1796
  ██████████████████░░░░░░░  73%  Streaming frame 1561/1796
  ██████████████████░░░░░░░  73%  Streaming frame 1562/1796
  ██████████████████░░░░░░░  73%  Streaming frame 1563/1796
  ██████████████████░░░░░░░  73%  Streaming frame 1564/1796
  ██████████████████░░░░░░░  73%  Streaming frame 1565/1796
  ██████████████████░░░░░░░  73%  Streaming frame 1566/1796
  ██████████████████░░░░░░░  73%  Streaming frame 1567/1796
  ██████████████████░░░░░░░  73%  Streaming frame 1568/1796
  ██████████████████░░░░░░░  73%  Streaming frame 1569/1796
  ██████████████████░░░░░░░  73%  Streaming frame 1570/1796
  ██████████████████░░░░░░░  73%  Streaming frame 1571/1796
  ██████████████████░░░░░░░  73%  Streaming frame 1572/1796
  ██████████████████░░░░░░░  73%  Streaming frame 1573/1796
  ██████████████████░░░░░░░  73%  Streaming frame 1574/1796
  ██████████████████░░░░░░░  73%  Streaming frame 1575/1796
  ██████████████████░░░░░░░  73%  Streaming frame 1576/1796
  ██████████████████░░░░░░░  73%  Streaming frame 1577/1796
  ██████████████████░░░░░░░  73%  Streaming frame 1578/1796
  ██████████████████░░░░░░░  73%  Streaming frame 1579/1796
  ██████████████████░░░░░░░  73%  Streaming frame 1580/1796
  ██████████████████░░░░░░░  73%  Streaming frame 1581/1796
  ██████████████████░░░░░░░  73%  Streaming frame 1582/1796
  ██████████████████░░░░░░░  73%  Streaming frame 1583/1796
  ██████████████████░░░░░░░  74%  Streaming frame 1584/1796
  ██████████████████░░░░░░░  74%  Streaming frame 1585/1796
  ██████████████████░░░░░░░  74%  Streaming frame 1586/1796
  ██████████████████░░░░░░░  74%  Streaming frame 1587/1796
  ██████████████████░░░░░░░  74%  Streaming frame 1588/1796
  ██████████████████░░░░░░░  74%  Streaming frame 1589/1796
  ██████████████████░░░░░░░  74%  Streaming frame 1590/1796
  ██████████████████░░░░░░░  74%  Streaming frame 1591/1796
  ██████████████████░░░░░░░  74%  Streaming frame 1592/1796
  ██████████████████░░░░░░░  74%  Streaming frame 1593/1796
  ██████████████████░░░░░░░  74%  Streaming frame 1594/1796
  ██████████████████░░░░░░░  74%  Streaming frame 1595/1796
  ██████████████████░░░░░░░  74%  Streaming frame 1596/1796
  ██████████████████░░░░░░░  74%  Streaming frame 1597/1796
  ██████████████████░░░░░░░  74%  Streaming frame 1598/1796
  ██████████████████░░░░░░░  74%  Streaming frame 1599/1796
  ██████████████████░░░░░░░  74%  Streaming frame 1600/1796
  ██████████████████░░░░░░░  74%  Streaming frame 1601/1796
  ██████████████████░░░░░░░  74%  Streaming frame 1602/1796
  ██████████████████░░░░░░░  74%  Streaming frame 1603/1796
  ██████████████████░░░░░░░  74%  Streaming frame 1604/1796
  ██████████████████░░░░░░░  74%  Streaming frame 1605/1796
  ██████████████████░░░░░░░  74%  Streaming frame 1606/1796
  ██████████████████░░░░░░░  74%  Streaming frame 1607/1796
  ██████████████████░░░░░░░  74%  Streaming frame 1608/1796
  ██████████████████░░░░░░░  74%  Streaming frame 1609/1796
  ██████████████████░░░░░░░  74%  Streaming frame 1610/1796
  ██████████████████░░░░░░░  74%  Streaming frame 1611/1796
  ██████████████████░░░░░░░  74%  Streaming frame 1612/1796
  ██████████████████░░░░░░░  74%  Streaming frame 1613/1796
  ██████████████████░░░░░░░  74%  Streaming frame 1614/1796
  ██████████████████░░░░░░░  74%  Streaming frame 1615/1796
  ██████████████████░░░░░░░  74%  Streaming frame 1616/1796
  ██████████████████░░░░░░░  75%  Streaming frame 1617/1796
  ██████████████████░░░░░░░  75%  Streaming frame 1618/1796
  ██████████████████░░░░░░░  75%  Streaming frame 1619/1796
  ██████████████████░░░░░░░  75%  Streaming frame 1620/1796
  ██████████████████░░░░░░░  75%  Streaming frame 1621/1796
  ██████████████████░░░░░░░  75%  Streaming frame 1622/1796
  ██████████████████░░░░░░░  75%  Streaming frame 1623/1796
  ██████████████████░░░░░░░  75%  Streaming frame 1624/1796
  ██████████████████░░░░░░░  75%  Streaming frame 1625/1796
  ██████████████████░░░░░░░  75%  Streaming frame 1626/1796
  ██████████████████░░░░░░░  75%  Streaming frame 1627/1796
  ██████████████████░░░░░░░  75%  Streaming frame 1628/1796
  ██████████████████░░░░░░░  75%  Streaming frame 1629/1796
  ██████████████████░░░░░░░  75%  Streaming frame 1630/1796
  ██████████████████░░░░░░░  75%  Streaming frame 1631/1796
  ██████████████████░░░░░░░  75%  Streaming frame 1632/1796
  ██████████████████░░░░░░░  75%  Streaming frame 1633/1796
  ██████████████████░░░░░░░  75%  Streaming frame 1634/1796
  ██████████████████░░░░░░░  75%  Streaming frame 1635/1796
  ██████████████████░░░░░░░  75%  Streaming frame 1636/1796
  ██████████████████░░░░░░░  75%  Streaming frame 1637/1796
  ██████████████████░░░░░░░  75%  Streaming frame 1638/1796
  ██████████████████░░░░░░░  75%  Streaming frame 1639/1796
  ██████████████████░░░░░░░  75%  Streaming frame 1640/1796
  ██████████████████░░░░░░░  75%  Streaming frame 1641/1796
  ██████████████████░░░░░░░  75%  Streaming frame 1642/1796
  ██████████████████░░░░░░░  75%  Streaming frame 1643/1796
  ██████████████████░░░░░░░  75%  Streaming frame 1644/1796
  ██████████████████░░░░░░░  75%  Streaming frame 1645/1796
  ██████████████████░░░░░░░  75%  Streaming frame 1646/1796
  ██████████████████░░░░░░░  75%  Streaming frame 1647/1796
  ██████████████████░░░░░░░  75%  Streaming frame 1648/1796
  ██████████████████░░░░░░░  75%  Streaming frame 1649/1796
  ███████████████████░░░░░░  76%  Streaming frame 1650/1796
  ███████████████████░░░░░░  76%  Streaming frame 1651/1796
  ███████████████████░░░░░░  76%  Streaming frame 1652/1796
  ███████████████████░░░░░░  76%  Streaming frame 1653/1796
  ███████████████████░░░░░░  76%  Streaming frame 1654/1796
  ███████████████████░░░░░░  76%  Streaming frame 1655/1796
  ███████████████████░░░░░░  76%  Streaming frame 1656/1796
  ███████████████████░░░░░░  76%  Streaming frame 1657/1796
  ███████████████████░░░░░░  76%  Streaming frame 1658/1796
  ███████████████████░░░░░░  76%  Streaming frame 1659/1796
  ███████████████████░░░░░░  76%  Streaming frame 1660/1796
  ███████████████████░░░░░░  76%  Streaming frame 1661/1796
  ███████████████████░░░░░░  76%  Streaming frame 1662/1796
  ███████████████████░░░░░░  76%  Streaming frame 1663/1796
  ███████████████████░░░░░░  76%  Streaming frame 1664/1796
  ███████████████████░░░░░░  76%  Streaming frame 1665/1796
  ███████████████████░░░░░░  76%  Streaming frame 1666/1796
  ███████████████████░░░░░░  76%  Streaming frame 1667/1796
  ███████████████████░░░░░░  76%  Streaming frame 1668/1796
  ███████████████████░░░░░░  76%  Streaming frame 1669/1796
  ███████████████████░░░░░░  76%  Streaming frame 1670/1796
  ███████████████████░░░░░░  76%  Streaming frame 1671/1796
  ███████████████████░░░░░░  76%  Streaming frame 1672/1796
  ███████████████████░░░░░░  76%  Streaming frame 1673/1796
  ███████████████████░░░░░░  76%  Streaming frame 1674/1796
  ███████████████████░░░░░░  76%  Streaming frame 1675/1796
  ███████████████████░░░░░░  76%  Streaming frame 1676/1796
  ███████████████████░░░░░░  76%  Streaming frame 1677/1796
  ███████████████████░░░░░░  76%  Streaming frame 1678/1796
  ███████████████████░░░░░░  76%  Streaming frame 1679/1796
  ███████████████████░░░░░░  76%  Streaming frame 1680/1796
  ███████████████████░░░░░░  76%  Streaming frame 1681/1796
  ███████████████████░░░░░░  77%  Streaming frame 1682/1796
  ███████████████████░░░░░░  77%  Streaming frame 1683/1796
  ███████████████████░░░░░░  77%  Streaming frame 1684/1796
  ███████████████████░░░░░░  77%  Streaming frame 1685/1796
  ███████████████████░░░░░░  77%  Streaming frame 1686/1796
  ███████████████████░░░░░░  77%  Streaming frame 1687/1796
  ███████████████████░░░░░░  77%  Streaming frame 1688/1796
  ███████████████████░░░░░░  77%  Streaming frame 1689/1796
  ███████████████████░░░░░░  77%  Streaming frame 1690/1796
  ███████████████████░░░░░░  77%  Streaming frame 1691/1796
  ███████████████████░░░░░░  77%  Streaming frame 1692/1796
  ███████████████████░░░░░░  77%  Streaming frame 1693/1796
  ███████████████████░░░░░░  77%  Streaming frame 1694/1796
  ███████████████████░░░░░░  77%  Streaming frame 1695/1796
  ███████████████████░░░░░░  77%  Streaming frame 1696/1796
  ███████████████████░░░░░░  77%  Streaming frame 1697/1796
  ███████████████████░░░░░░  77%  Streaming frame 1698/1796
  ███████████████████░░░░░░  77%  Streaming frame 1699/1796
  ███████████████████░░░░░░  77%  Streaming frame 1700/1796
  ███████████████████░░░░░░  77%  Streaming frame 1701/1796
  ███████████████████░░░░░░  77%  Streaming frame 1702/1796
  ███████████████████░░░░░░  77%  Streaming frame 1703/1796
  ███████████████████░░░░░░  77%  Streaming frame 1704/1796
  ███████████████████░░░░░░  77%  Streaming frame 1705/1796
  ███████████████████░░░░░░  77%  Streaming frame 1706/1796
[INFO] [Render] drawElement self-verify passed {"renderJobId":"44d19a03-d2d4-4087-982b-da007102f33e","frame":1706,"psnrDb":"inf"}
  ███████████████████░░░░░░  77%  Streaming frame 1707/1796
  ███████████████████░░░░░░  77%  Streaming frame 1708/1796
  ███████████████████░░░░░░  77%  Streaming frame 1709/1796
  ███████████████████░░░░░░  77%  Streaming frame 1710/1796
  ███████████████████░░░░░░  77%  Streaming frame 1711/1796
  ███████████████████░░░░░░  77%  Streaming frame 1712/1796
  ███████████████████░░░░░░  77%  Streaming frame 1713/1796
  ███████████████████░░░░░░  77%  Streaming frame 1714/1796
  ███████████████████░░░░░░  78%  Streaming frame 1715/1796
  ███████████████████░░░░░░  78%  Streaming frame 1716/1796
  ███████████████████░░░░░░  78%  Streaming frame 1717/1796
  ███████████████████░░░░░░  78%  Streaming frame 1718/1796
  ███████████████████░░░░░░  78%  Streaming frame 1719/1796
  ███████████████████░░░░░░  78%  Streaming frame 1720/1796
  ███████████████████░░░░░░  78%  Streaming frame 1721/1796
  ███████████████████░░░░░░  78%  Streaming frame 1722/1796
  ███████████████████░░░░░░  78%  Streaming frame 1723/1796
  ███████████████████░░░░░░  78%  Streaming frame 1724/1796
  ███████████████████░░░░░░  78%  Streaming frame 1725/1796
  ███████████████████░░░░░░  78%  Streaming frame 1726/1796
  ███████████████████░░░░░░  78%  Streaming frame 1727/1796
  ███████████████████░░░░░░  78%  Streaming frame 1728/1796
  ███████████████████░░░░░░  78%  Streaming frame 1729/1796
  ███████████████████░░░░░░  78%  Streaming frame 1730/1796
  ███████████████████░░░░░░  78%  Streaming frame 1731/1796
  ███████████████████░░░░░░  78%  Streaming frame 1732/1796
  ███████████████████░░░░░░  78%  Streaming frame 1733/1796
  ███████████████████░░░░░░  78%  Streaming frame 1734/1796
  ███████████████████░░░░░░  78%  Streaming frame 1735/1796
  ███████████████████░░░░░░  78%  Streaming frame 1736/1796
  ███████████████████░░░░░░  78%  Streaming frame 1737/1796
  ███████████████████░░░░░░  78%  Streaming frame 1738/1796
  ███████████████████░░░░░░  78%  Streaming frame 1739/1796
  ███████████████████░░░░░░  78%  Streaming frame 1740/1796
  ███████████████████░░░░░░  78%  Streaming frame 1741/1796
  ███████████████████░░░░░░  78%  Streaming frame 1742/1796
  ███████████████████░░░░░░  78%  Streaming frame 1743/1796
  ███████████████████░░░░░░  78%  Streaming frame 1744/1796
  ███████████████████░░░░░░  78%  Streaming frame 1745/1796
  ███████████████████░░░░░░  78%  Streaming frame 1746/1796
  ███████████████████░░░░░░  78%  Streaming frame 1747/1796
  ███████████████████░░░░░░  79%  Streaming frame 1748/1796
  ███████████████████░░░░░░  79%  Streaming frame 1749/1796
  ███████████████████░░░░░░  79%  Streaming frame 1750/1796
  ███████████████████░░░░░░  79%  Streaming frame 1751/1796
  ███████████████████░░░░░░  79%  Streaming frame 1752/1796
  ███████████████████░░░░░░  79%  Streaming frame 1753/1796
  ███████████████████░░░░░░  79%  Streaming frame 1754/1796
  ███████████████████░░░░░░  79%  Streaming frame 1755/1796
  ███████████████████░░░░░░  79%  Streaming frame 1756/1796
  ███████████████████░░░░░░  79%  Streaming frame 1757/1796
  ███████████████████░░░░░░  79%  Streaming frame 1758/1796
  ███████████████████░░░░░░  79%  Streaming frame 1759/1796
  ███████████████████░░░░░░  79%  Streaming frame 1760/1796
  ███████████████████░░░░░░  79%  Streaming frame 1761/1796
  ███████████████████░░░░░░  79%  Streaming frame 1762/1796
  ███████████████████░░░░░░  79%  Streaming frame 1763/1796
  ███████████████████░░░░░░  79%  Streaming frame 1764/1796
  ███████████████████░░░░░░  79%  Streaming frame 1765/1796
  ███████████████████░░░░░░  79%  Streaming frame 1766/1796
  ███████████████████░░░░░░  79%  Streaming frame 1767/1796
  ███████████████████░░░░░░  79%  Streaming frame 1768/1796
  ███████████████████░░░░░░  79%  Streaming frame 1769/1796
  ███████████████████░░░░░░  79%  Streaming frame 1770/1796
  ███████████████████░░░░░░  79%  Streaming frame 1771/1796
  ███████████████████░░░░░░  79%  Streaming frame 1772/1796
  ███████████████████░░░░░░  79%  Streaming frame 1773/1796
  ███████████████████░░░░░░  79%  Streaming frame 1774/1796
  ███████████████████░░░░░░  79%  Streaming frame 1775/1796
  ███████████████████░░░░░░  79%  Streaming frame 1776/1796
  ███████████████████░░░░░░  79%  Streaming frame 1777/1796
  ███████████████████░░░░░░  79%  Streaming frame 1778/1796
  ███████████████████░░░░░░  79%  Streaming frame 1779/1796
  ████████████████████░░░░░  80%  Streaming frame 1780/1796
  ████████████████████░░░░░  80%  Streaming frame 1781/1796
  ████████████████████░░░░░  80%  Streaming frame 1782/1796
  ████████████████████░░░░░  80%  Streaming frame 1783/1796
  ████████████████████░░░░░  80%  Streaming frame 1784/1796
  ████████████████████░░░░░  80%  Streaming frame 1785/1796
  ████████████████████░░░░░  80%  Streaming frame 1786/1796
  ████████████████████░░░░░  80%  Streaming frame 1787/1796
  ████████████████████░░░░░  80%  Streaming frame 1788/1796
  ████████████████████░░░░░  80%  Streaming frame 1789/1796
  ████████████████████░░░░░  80%  Streaming frame 1790/1796
  ████████████████████░░░░░  80%  Streaming frame 1791/1796
  ████████████████████░░░░░  80%  Streaming frame 1792/1796
  ████████████████████░░░░░  80%  Streaming frame 1793/1796
  ████████████████████░░░░░  80%  Streaming frame 1794/1796
  ████████████████████░░░░░  80%  Streaming frame 1795/1796
  ████████████████████░░░░░  80%  Streaming frame 1796/1796
[INFO] [Render:trace] {"renderJobId":"44d19a03-d2d4-4087-982b-da007102f33e","phase":"capture_streaming","status":"end","elapsedMs":48009,"durationMs":42852,"stagePhase":"capturing","workerCount":1,"forceScreenshot":false,"totalFrames":1796,"framesCompleted":1796,"captureMode":"drawelement","captureOperation":"encode"}
[INFO] [Render:trace] {"renderJobId":"44d19a03-d2d4-4087-982b-da007102f33e","phase":"assemble","status":"start","elapsedMs":48010,"stagePhase":"capturing","hasAudio":true,"workerCount":1,"forceScreenshot":false,"totalFrames":1796,"framesCompleted":1796,"captureMode":"drawelement","captureOperation":"encode"}
  ██████████████████████░░░  90%  Assembling final video
[INFO] [Render:trace] {"renderJobId":"44d19a03-d2d4-4087-982b-da007102f33e","phase":"assemble","status":"end","elapsedMs":49256,"durationMs":1246,"stagePhase":"capturing","hasAudio":true,"workerCount":1,"forceScreenshot":false,"totalFrames":1796,"framesCompleted":1796,"captureMode":"drawelement","captureOperation":"encode"}
[INFO] [Render:trace] {"renderJobId":"44d19a03-d2d4-4087-982b-da007102f33e","phase":"pipeline","status":"checkpoint","elapsedMs":49297,"message":"artifact validated","totalElapsedMs":49287}
  █████████████████████████  100%  Render complete

◇  /Users/brownmanbrain/GitHub/operator-economy/blueprint-cinema/experiments/EP007-PREMIUM-CONTROLLED-004/review-media/ep007-original-film-seedance-hyperframes.mp4
   33.5 MB · 59.9s video · rendered in 49.3s
