
◆  Rendering hyperframes → /Users/brownmanbrain/GitHub/operator-economy/blueprint-cinema/experiments/EP007-PREMIUM-CONTROLLED-004/review-media/ep007-original-film-seedance-hyperframes.mp4
   30fps · high · auto workers (10 cores detected)
   GPU: browser GPU (auto-detect)

[?25l│
◇  Browser: cache
[?25h
  ⚠ [compositions/question.html] gsap_repeated_fromto_without_baseline: 2 tl.fromTo() calls target "#question-person" with no stable baseline. The last-authored fromTo "from" values become the element's resting state for any seek before the first tween actually runs, because GSAP applies fromTo from-values at authoring time (immediateRender), not at tween position.
    Fix: Add `immediateRender: false` to the destination vars of each future fromTo, or set a safe resting state with an earlier `tl.set("#question-person", { ... }, 0)`. Pre-first-tween seeks must not inherit whichever fromTo call happened to author last.
  ⚠ [compositions/question.html] gsap_repeated_fromto_without_baseline: 2 tl.fromTo() calls target "#question-route-b" with no stable baseline. The last-authored fromTo "from" values become the element's resting state for any seek before the first tween actually runs, because GSAP applies fromTo from-values at authoring time (immediateRender), not at tween position.
    Fix: Add `immediateRender: false` to the destination vars of each future fromTo, or set a safe resting state with an earlier `tl.set("#question-route-b", { ... }, 0)`. Pre-first-tween seeks must not inherit whichever fromTo call happened to author last.
  Continuing render despite lint issues. Use --strict to block errors.

[INFO] [Render] Pipeline started {"renderJobId":"4fb3f7ca-7907-4070-b0bf-0b4777b62f55","platform":"darwin","arch":"arm64","nodeVersion":"v25.6.1","fps":{"num":30,"den":1},"format":"mp4","quality":"high","browserGpuMode":"auto","forceScreenshot":false,"protocolTimeout":300000,"browserTimeout":120000,"pageNavigationTimeout":60000,"playerReadyTimeout":45000}
[INFO] [Render:trace] {"renderJobId":"4fb3f7ca-7907-4070-b0bf-0b4777b62f55","phase":"pipeline","status":"checkpoint","elapsedMs":2,"message":"started","format":"mp4","quality":"high","browserGpuMode":"auto","forceScreenshot":false,"protocolTimeoutMs":300000,"pageNavigationTimeoutMs":60000,"playerReadyTimeoutMs":45000,"requestedWorkers":"auto"}
[INFO] [Render:trace] {"renderJobId":"4fb3f7ca-7907-4070-b0bf-0b4777b62f55","phase":"compile","status":"start","elapsedMs":3,"needsAlpha":false}
  █░░░░░░░░░░░░░░░░░░░░░░░░  5%  Compiling composition
[INFO] [Compiler] Embedded local font file: assets/fonts/supreme-400.woff2 (18 KB → data URI)
[INFO] [Compiler] Embedded local font file: assets/fonts/supreme-500.woff2 (18 KB → data URI)
[INFO] [Compiler] Embedded local font file: assets/fonts/zodiak-700.woff2 (21 KB → data URI)
[INFO] Compiled composition metadata {"renderJobId":"4fb3f7ca-7907-4070-b0bf-0b4777b62f55","entryFile":"index.html","staticDuration":59.5,"width":1280,"height":720,"videoCount":5,"audioCount":1,"renderModeHints":{"recommendScreenshot":false,"reasons":[]}}
[WARN] [Compiler] WARNING: Video "establishing-video" has sparse keyframes (max interval: 13.75s). This causes seek failures and frame freezing. Re-encode with: ffmpeg -i "assets/establishing.mp4" -c:v libx264 -r 30 -g 30 -keyint_min 30 -movflags +faststart -c:a copy output.mp4
[INFO] [Render:trace] {"renderJobId":"4fb3f7ca-7907-4070-b0bf-0b4777b62f55","phase":"compile","status":"end","elapsedMs":252,"durationMs":249,"needsAlpha":false}
[INFO] [Render:trace] {"renderJobId":"4fb3f7ca-7907-4070-b0bf-0b4777b62f55","phase":"compile","status":"checkpoint","elapsedMs":253,"message":"composition metadata resolved","width":1280,"height":720,"videoCount":5,"audioCount":1,"imageCount":0,"deviceScaleFactor":1,"forceScreenshot":false,"compositionHash":"be92f632e61fcc8f"}
[INFO] [Render:trace] {"renderJobId":"4fb3f7ca-7907-4070-b0bf-0b4777b62f55","phase":"browser_probe","status":"start","elapsedMs":253,"forceScreenshot":false,"stagePhase":"calibrating"}
[INFO] [Render:trace] {"renderJobId":"4fb3f7ca-7907-4070-b0bf-0b4777b62f55","phase":"browser_probe","status":"end","elapsedMs":269,"durationMs":16,"forceScreenshot":false,"stagePhase":"calibrating"}
[INFO] [Render:trace] {"renderJobId":"4fb3f7ca-7907-4070-b0bf-0b4777b62f55","phase":"browser_probe","status":"checkpoint","elapsedMs":269,"message":"duration resolved","durationSeconds":59.5,"totalFrames":1785,"compositionHash":"be92f632e61fcc8f","beginFrameStalled":false}
[INFO] [Render:trace] {"renderJobId":"4fb3f7ca-7907-4070-b0bf-0b4777b62f55","phase":"video_extract","status":"start","elapsedMs":269,"videoCount":5}
[INFO] Probing video color spaces... {"renderJobId":"4fb3f7ca-7907-4070-b0bf-0b4777b62f55","videoCount":5}
  ██░░░░░░░░░░░░░░░░░░░░░░░  10%  Extracting video frames
[INFO] Extracting frames from video 1/5 {"renderJobId":"4fb3f7ca-7907-4070-b0bf-0b4777b62f55","sourceType":"local"}
[INFO] Extracting frames from video 2/5 {"renderJobId":"4fb3f7ca-7907-4070-b0bf-0b4777b62f55","sourceType":"local"}
[INFO] Extracting frames from video 3/5 {"renderJobId":"4fb3f7ca-7907-4070-b0bf-0b4777b62f55","sourceType":"local"}
[INFO] Extracting frames from video 4/5 {"renderJobId":"4fb3f7ca-7907-4070-b0bf-0b4777b62f55","sourceType":"local"}
[INFO] Extracting frames from video 5/5 {"renderJobId":"4fb3f7ca-7907-4070-b0bf-0b4777b62f55","sourceType":"local"}
[WARN] [Compiler] WARNING: Video "presenter-video" has sparse keyframes (max interval: 10.42s). This causes seek failures and frame freezing. Re-encode with: ffmpeg -i "assets/avatar-selected.mp4" -c:v libx264 -r 30 -g 30 -keyint_min 30 -movflags +faststart -c:a copy output.mp4
[INFO] [Render:trace] {"renderJobId":"4fb3f7ca-7907-4070-b0bf-0b4777b62f55","phase":"video_extract","status":"end","elapsedMs":1155,"durationMs":886,"videoCount":5}
[INFO] [Render:trace] {"renderJobId":"4fb3f7ca-7907-4070-b0bf-0b4777b62f55","phase":"video_extract","status":"checkpoint","elapsedMs":1157,"message":"frames resolved","videoCount":5,"extractedVideoCount":5,"totalFramesExtracted":1385,"maxFramesPerVideo":444,"avgFramesPerExtractedVideo":277,"vfrPreflightCount":0,"vfrPreflightMs":0,"cacheHits":4,"cacheMisses":1,"transientRetries":0,"minVideoFrameCoverageRatio":1,"authoredTimedClipCount":13}
[INFO] [Render] No HDR sources detected — rendering SDR {"renderJobId":"4fb3f7ca-7907-4070-b0bf-0b4777b62f55"}
[INFO] [Render:trace] {"renderJobId":"4fb3f7ca-7907-4070-b0bf-0b4777b62f55","phase":"hdr_detection","status":"checkpoint","elapsedMs":1157,"message":"resolved","requestedHdrMode":"auto","effectiveHdr":"sdr","nativeHdrVideoCount":0,"nativeHdrImageCount":0}
[INFO] [Render:trace] {"renderJobId":"4fb3f7ca-7907-4070-b0bf-0b4777b62f55","phase":"audio_process","status":"start","elapsedMs":1157,"audioCount":1}
  █████░░░░░░░░░░░░░░░░░░░░  20%  Processing audio tracks
[INFO] [Render:trace] {"renderJobId":"4fb3f7ca-7907-4070-b0bf-0b4777b62f55","phase":"audio_process","status":"end","elapsedMs":2308,"durationMs":1151,"audioCount":1}
[INFO] [Render:trace] {"renderJobId":"4fb3f7ca-7907-4070-b0bf-0b4777b62f55","phase":"file_server","status":"start","elapsedMs":2308,"reused":false}
  ██████░░░░░░░░░░░░░░░░░░░  25%  Starting frame capture
[INFO] [Render:trace] {"renderJobId":"4fb3f7ca-7907-4070-b0bf-0b4777b62f55","phase":"file_server","status":"end","elapsedMs":2314,"durationMs":6}
[hyperframes] browserGpuMode probe → hardware (WebGL renderer vendor="Google Inc. (Apple)" renderer="ANGLE (Apple, ANGLE Metal Renderer: Apple M4, Unspecified Version)")
[INFO] [Render:trace] {"renderJobId":"4fb3f7ca-7907-4070-b0bf-0b4777b62f55","phase":"capture_calibration","status":"checkpoint","elapsedMs":2501,"message":"skipped","requestedWorkers":"auto","totalFrames":1785,"htmlInCanvasDetected":false,"lowMemoryMode":false,"deInversionEligible":true,"deParallelRouterEligible":false}
[INFO] [Render] Fast capture: single-worker drawElement streaming preferred over 4-worker screenshot capture (1785 frames >= 900; verified path, measured faster at every worker count). Set HF_DE_SINGLE_MIN_FRAMES=0 or --workers N to override. {"renderJobId":"4fb3f7ca-7907-4070-b0bf-0b4777b62f55"}
[INFO] [Render:trace] {"renderJobId":"4fb3f7ca-7907-4070-b0bf-0b4777b62f55","phase":"worker_resolution","status":"checkpoint","elapsedMs":2501,"message":"resolved","workerCount":1}
[INFO] streaming-encode gate {"renderJobId":"4fb3f7ca-7907-4070-b0bf-0b4777b62f55","enabled":true,"configFlag":true,"outputFormat":"mp4","workerCount":1,"durationSeconds":59.5,"maxDurationSeconds":240}
[INFO] [Render:trace] {"renderJobId":"4fb3f7ca-7907-4070-b0bf-0b4777b62f55","phase":"capture_strategy","status":"checkpoint","elapsedMs":2502,"message":"resolved","workerCount":1,"forceScreenshot":false,"captureBeyondViewport":true,"useStreamingEncode":true,"useLayeredComposite":false,"usePageSideCompositing":false,"hasHdrContent":false,"hasShaderTransitions":false,"isPngSequence":false}
[INFO] [Render:trace] {"renderJobId":"4fb3f7ca-7907-4070-b0bf-0b4777b62f55","phase":"capture_streaming","status":"start","elapsedMs":2502,"stagePhase":"capturing","workerCount":1,"forceScreenshot":false,"totalFrames":1785,"framesCompleted":0,"captureMode":"drawelement","captureOperation":"drawElement"}
[BrowserManager] Browser launched (HeadlessChrome/152.0.7977.30, screenshot, gl=--use-gl=angle --use-angle=metal, headlessShell=true, platform=darwin)
[initSession:screenshot] page.goto start (0ms)
[HyperFrames] render runtime fps [object Object]
[initSession:screenshot] page.goto complete (153ms)
[initSession:screenshot] GSAP proxy flush complete (177ms)
[initSession:screenshot] pollHfReady complete (181ms)
[initSession:screenshot] pollSubCompositionTimelines complete (ready) (188ms)
[initSession:screenshot] applyVideoMetadataHints complete (211ms)
[initSession:screenshot] media + fonts + tailwind ready (270ms)
[initSession:screenshot] captureBeyondViewport downgraded: page content fits the capture viewport (313ms)
[initSession:screenshot] timeline at-risk predictor: 0/1785 frames (0%) (383ms)
[initSession:screenshot] static-frame dedup: disabled (before-capture hook / video injection active) (384ms)
[initSession:screenshot] drawElement self-verify armed: 4 ground-truth frame(s) @ [446, 893, 1339, 1696] of 1785 (759ms)
[initSession:drawelement] drawElement canvas injected (761ms)
[initSession:drawelement] screenshot fallback: 37 clip-boundary frame(s) (761ms)
[initSession:drawelement] drawElement worker encode initialized (764ms)
  ██████░░░░░░░░░░░░░░░░░░░  25%  Streaming frame 1/1785
  ██████░░░░░░░░░░░░░░░░░░░  25%  Streaming frame 2/1785
  ██████░░░░░░░░░░░░░░░░░░░  25%  Streaming frame 3/1785
  ██████░░░░░░░░░░░░░░░░░░░  25%  Streaming frame 4/1785
  ██████░░░░░░░░░░░░░░░░░░░  25%  Streaming frame 5/1785
  ██████░░░░░░░░░░░░░░░░░░░  25%  Streaming frame 6/1785
  ██████░░░░░░░░░░░░░░░░░░░  25%  Streaming frame 7/1785
  ██████░░░░░░░░░░░░░░░░░░░  25%  Streaming frame 8/1785
  ██████░░░░░░░░░░░░░░░░░░░  25%  Streaming frame 9/1785
  ██████░░░░░░░░░░░░░░░░░░░  25%  Streaming frame 10/1785
  ██████░░░░░░░░░░░░░░░░░░░  25%  Streaming frame 11/1785
  ██████░░░░░░░░░░░░░░░░░░░  25%  Streaming frame 12/1785
  ██████░░░░░░░░░░░░░░░░░░░  25%  Streaming frame 13/1785
  ██████░░░░░░░░░░░░░░░░░░░  25%  Streaming frame 14/1785
  ██████░░░░░░░░░░░░░░░░░░░  25%  Streaming frame 15/1785
  ██████░░░░░░░░░░░░░░░░░░░  25%  Streaming frame 16/1785
  ██████░░░░░░░░░░░░░░░░░░░  26%  Streaming frame 17/1785
  ██████░░░░░░░░░░░░░░░░░░░  26%  Streaming frame 18/1785
  ██████░░░░░░░░░░░░░░░░░░░  26%  Streaming frame 19/1785
  ██████░░░░░░░░░░░░░░░░░░░  26%  Streaming frame 20/1785
  ██████░░░░░░░░░░░░░░░░░░░  26%  Streaming frame 21/1785
  ██████░░░░░░░░░░░░░░░░░░░  26%  Streaming frame 22/1785
  ██████░░░░░░░░░░░░░░░░░░░  26%  Streaming frame 23/1785
  ██████░░░░░░░░░░░░░░░░░░░  26%  Streaming frame 24/1785
  ██████░░░░░░░░░░░░░░░░░░░  26%  Streaming frame 25/1785
  ██████░░░░░░░░░░░░░░░░░░░  26%  Streaming frame 26/1785
  ██████░░░░░░░░░░░░░░░░░░░  26%  Streaming frame 27/1785
  ██████░░░░░░░░░░░░░░░░░░░  26%  Streaming frame 28/1785
  ██████░░░░░░░░░░░░░░░░░░░  26%  Streaming frame 29/1785
  ██████░░░░░░░░░░░░░░░░░░░  26%  Streaming frame 30/1785
  ██████░░░░░░░░░░░░░░░░░░░  26%  Streaming frame 31/1785
  ██████░░░░░░░░░░░░░░░░░░░  26%  Streaming frame 32/1785
  ██████░░░░░░░░░░░░░░░░░░░  26%  Streaming frame 33/1785
  ██████░░░░░░░░░░░░░░░░░░░  26%  Streaming frame 34/1785
  ██████░░░░░░░░░░░░░░░░░░░  26%  Streaming frame 35/1785
  ██████░░░░░░░░░░░░░░░░░░░  26%  Streaming frame 36/1785
  ██████░░░░░░░░░░░░░░░░░░░  26%  Streaming frame 37/1785
  ██████░░░░░░░░░░░░░░░░░░░  26%  Streaming frame 38/1785
  ██████░░░░░░░░░░░░░░░░░░░  26%  Streaming frame 39/1785
  ██████░░░░░░░░░░░░░░░░░░░  26%  Streaming frame 40/1785
  ██████░░░░░░░░░░░░░░░░░░░  26%  Streaming frame 41/1785
  ██████░░░░░░░░░░░░░░░░░░░  26%  Streaming frame 42/1785
  ██████░░░░░░░░░░░░░░░░░░░  26%  Streaming frame 43/1785
  ██████░░░░░░░░░░░░░░░░░░░  26%  Streaming frame 44/1785
  ██████░░░░░░░░░░░░░░░░░░░  26%  Streaming frame 45/1785
  ██████░░░░░░░░░░░░░░░░░░░  26%  Streaming frame 46/1785
  ██████░░░░░░░░░░░░░░░░░░░  26%  Streaming frame 47/1785
  ██████░░░░░░░░░░░░░░░░░░░  26%  Streaming frame 48/1785
  ██████░░░░░░░░░░░░░░░░░░░  27%  Streaming frame 49/1785
  ██████░░░░░░░░░░░░░░░░░░░  27%  Streaming frame 50/1785
  ██████░░░░░░░░░░░░░░░░░░░  27%  Streaming frame 51/1785
  ██████░░░░░░░░░░░░░░░░░░░  27%  Streaming frame 52/1785
  ██████░░░░░░░░░░░░░░░░░░░  27%  Streaming frame 53/1785
  ██████░░░░░░░░░░░░░░░░░░░  27%  Streaming frame 54/1785
  ██████░░░░░░░░░░░░░░░░░░░  27%  Streaming frame 55/1785
  ██████░░░░░░░░░░░░░░░░░░░  27%  Streaming frame 56/1785
  ██████░░░░░░░░░░░░░░░░░░░  27%  Streaming frame 57/1785
  ██████░░░░░░░░░░░░░░░░░░░  27%  Streaming frame 58/1785
  ██████░░░░░░░░░░░░░░░░░░░  27%  Streaming frame 59/1785
  ██████░░░░░░░░░░░░░░░░░░░  27%  Streaming frame 60/1785
  ██████░░░░░░░░░░░░░░░░░░░  27%  Streaming frame 61/1785
  ██████░░░░░░░░░░░░░░░░░░░  27%  Streaming frame 62/1785
  ██████░░░░░░░░░░░░░░░░░░░  27%  Streaming frame 63/1785
  ██████░░░░░░░░░░░░░░░░░░░  27%  Streaming frame 64/1785
  ██████░░░░░░░░░░░░░░░░░░░  27%  Streaming frame 65/1785
  ██████░░░░░░░░░░░░░░░░░░░  27%  Streaming frame 66/1785
  ██████░░░░░░░░░░░░░░░░░░░  27%  Streaming frame 67/1785
  ██████░░░░░░░░░░░░░░░░░░░  27%  Streaming frame 68/1785
  ██████░░░░░░░░░░░░░░░░░░░  27%  Streaming frame 69/1785
  ██████░░░░░░░░░░░░░░░░░░░  27%  Streaming frame 70/1785
  ██████░░░░░░░░░░░░░░░░░░░  27%  Streaming frame 71/1785
  ██████░░░░░░░░░░░░░░░░░░░  27%  Streaming frame 72/1785
  ██████░░░░░░░░░░░░░░░░░░░  27%  Streaming frame 73/1785
  ██████░░░░░░░░░░░░░░░░░░░  27%  Streaming frame 74/1785
  ██████░░░░░░░░░░░░░░░░░░░  27%  Streaming frame 75/1785
  ██████░░░░░░░░░░░░░░░░░░░  27%  Streaming frame 76/1785
  ██████░░░░░░░░░░░░░░░░░░░  27%  Streaming frame 77/1785
  ██████░░░░░░░░░░░░░░░░░░░  27%  Streaming frame 78/1785
  ██████░░░░░░░░░░░░░░░░░░░  27%  Streaming frame 79/1785
  ██████░░░░░░░░░░░░░░░░░░░  27%  Streaming frame 80/1785
  ██████░░░░░░░░░░░░░░░░░░░  27%  Streaming frame 81/1785
  ███████░░░░░░░░░░░░░░░░░░  28%  Streaming frame 82/1785
  ███████░░░░░░░░░░░░░░░░░░  28%  Streaming frame 83/1785
  ███████░░░░░░░░░░░░░░░░░░  28%  Streaming frame 84/1785
  ███████░░░░░░░░░░░░░░░░░░  28%  Streaming frame 85/1785
  ███████░░░░░░░░░░░░░░░░░░  28%  Streaming frame 86/1785
  ███████░░░░░░░░░░░░░░░░░░  28%  Streaming frame 87/1785
  ███████░░░░░░░░░░░░░░░░░░  28%  Streaming frame 88/1785
  ███████░░░░░░░░░░░░░░░░░░  28%  Streaming frame 89/1785
  ███████░░░░░░░░░░░░░░░░░░  28%  Streaming frame 90/1785
  ███████░░░░░░░░░░░░░░░░░░  28%  Streaming frame 91/1785
  ███████░░░░░░░░░░░░░░░░░░  28%  Streaming frame 92/1785
  ███████░░░░░░░░░░░░░░░░░░  28%  Streaming frame 93/1785
  ███████░░░░░░░░░░░░░░░░░░  28%  Streaming frame 94/1785
  ███████░░░░░░░░░░░░░░░░░░  28%  Streaming frame 95/1785
  ███████░░░░░░░░░░░░░░░░░░  28%  Streaming frame 96/1785
  ███████░░░░░░░░░░░░░░░░░░  28%  Streaming frame 97/1785
  ███████░░░░░░░░░░░░░░░░░░  28%  Streaming frame 98/1785
  ███████░░░░░░░░░░░░░░░░░░  28%  Streaming frame 99/1785
  ███████░░░░░░░░░░░░░░░░░░  28%  Streaming frame 100/1785
  ███████░░░░░░░░░░░░░░░░░░  28%  Streaming frame 101/1785
  ███████░░░░░░░░░░░░░░░░░░  28%  Streaming frame 102/1785
  ███████░░░░░░░░░░░░░░░░░░  28%  Streaming frame 103/1785
  ███████░░░░░░░░░░░░░░░░░░  28%  Streaming frame 104/1785
  ███████░░░░░░░░░░░░░░░░░░  28%  Streaming frame 105/1785
  ███████░░░░░░░░░░░░░░░░░░  28%  Streaming frame 106/1785
  ███████░░░░░░░░░░░░░░░░░░  28%  Streaming frame 107/1785
  ███████░░░░░░░░░░░░░░░░░░  28%  Streaming frame 108/1785
  ███████░░░░░░░░░░░░░░░░░░  28%  Streaming frame 109/1785
  ███████░░░░░░░░░░░░░░░░░░  28%  Streaming frame 110/1785
  ███████░░░░░░░░░░░░░░░░░░  28%  Streaming frame 111/1785
  ███████░░░░░░░░░░░░░░░░░░  28%  Streaming frame 112/1785
  ███████░░░░░░░░░░░░░░░░░░  28%  Streaming frame 113/1785
  ███████░░░░░░░░░░░░░░░░░░  29%  Streaming frame 114/1785
  ███████░░░░░░░░░░░░░░░░░░  29%  Streaming frame 115/1785
  ███████░░░░░░░░░░░░░░░░░░  29%  Streaming frame 116/1785
  ███████░░░░░░░░░░░░░░░░░░  29%  Streaming frame 117/1785
  ███████░░░░░░░░░░░░░░░░░░  29%  Streaming frame 118/1785
  ███████░░░░░░░░░░░░░░░░░░  29%  Streaming frame 119/1785
  ███████░░░░░░░░░░░░░░░░░░  29%  Streaming frame 120/1785
  ███████░░░░░░░░░░░░░░░░░░  29%  Streaming frame 121/1785
  ███████░░░░░░░░░░░░░░░░░░  29%  Streaming frame 122/1785
  ███████░░░░░░░░░░░░░░░░░░  29%  Streaming frame 123/1785
  ███████░░░░░░░░░░░░░░░░░░  29%  Streaming frame 124/1785
  ███████░░░░░░░░░░░░░░░░░░  29%  Streaming frame 125/1785
  ███████░░░░░░░░░░░░░░░░░░  29%  Streaming frame 126/1785
  ███████░░░░░░░░░░░░░░░░░░  29%  Streaming frame 127/1785
  ███████░░░░░░░░░░░░░░░░░░  29%  Streaming frame 128/1785
  ███████░░░░░░░░░░░░░░░░░░  29%  Streaming frame 129/1785
  ███████░░░░░░░░░░░░░░░░░░  29%  Streaming frame 130/1785
  ███████░░░░░░░░░░░░░░░░░░  29%  Streaming frame 131/1785
  ███████░░░░░░░░░░░░░░░░░░  29%  Streaming frame 132/1785
  ███████░░░░░░░░░░░░░░░░░░  29%  Streaming frame 133/1785
  ███████░░░░░░░░░░░░░░░░░░  29%  Streaming frame 134/1785
  ███████░░░░░░░░░░░░░░░░░░  29%  Streaming frame 135/1785
  ███████░░░░░░░░░░░░░░░░░░  29%  Streaming frame 136/1785
  ███████░░░░░░░░░░░░░░░░░░  29%  Streaming frame 137/1785
  ███████░░░░░░░░░░░░░░░░░░  29%  Streaming frame 138/1785
  ███████░░░░░░░░░░░░░░░░░░  29%  Streaming frame 139/1785
  ███████░░░░░░░░░░░░░░░░░░  29%  Streaming frame 140/1785
  ███████░░░░░░░░░░░░░░░░░░  29%  Streaming frame 141/1785
  ███████░░░░░░░░░░░░░░░░░░  29%  Streaming frame 142/1785
  ███████░░░░░░░░░░░░░░░░░░  29%  Streaming frame 143/1785
  ███████░░░░░░░░░░░░░░░░░░  29%  Streaming frame 144/1785
  ███████░░░░░░░░░░░░░░░░░░  29%  Streaming frame 145/1785
  ███████░░░░░░░░░░░░░░░░░░  29%  Streaming frame 146/1785
  ███████░░░░░░░░░░░░░░░░░░  30%  Streaming frame 147/1785
  ███████░░░░░░░░░░░░░░░░░░  30%  Streaming frame 148/1785
  ███████░░░░░░░░░░░░░░░░░░  30%  Streaming frame 149/1785
  ███████░░░░░░░░░░░░░░░░░░  30%  Streaming frame 150/1785
  ███████░░░░░░░░░░░░░░░░░░  30%  Streaming frame 151/1785
  ███████░░░░░░░░░░░░░░░░░░  30%  Streaming frame 152/1785
  ███████░░░░░░░░░░░░░░░░░░  30%  Streaming frame 153/1785
  ███████░░░░░░░░░░░░░░░░░░  30%  Streaming frame 154/1785
  ███████░░░░░░░░░░░░░░░░░░  30%  Streaming frame 155/1785
  ███████░░░░░░░░░░░░░░░░░░  30%  Streaming frame 156/1785
  ███████░░░░░░░░░░░░░░░░░░  30%  Streaming frame 157/1785
  ███████░░░░░░░░░░░░░░░░░░  30%  Streaming frame 158/1785
  ███████░░░░░░░░░░░░░░░░░░  30%  Streaming frame 159/1785
  ███████░░░░░░░░░░░░░░░░░░  30%  Streaming frame 160/1785
  ███████░░░░░░░░░░░░░░░░░░  30%  Streaming frame 161/1785
  ███████░░░░░░░░░░░░░░░░░░  30%  Streaming frame 162/1785
  ███████░░░░░░░░░░░░░░░░░░  30%  Streaming frame 163/1785
  ███████░░░░░░░░░░░░░░░░░░  30%  Streaming frame 164/1785
  ███████░░░░░░░░░░░░░░░░░░  30%  Streaming frame 165/1785
  ███████░░░░░░░░░░░░░░░░░░  30%  Streaming frame 166/1785
  ███████░░░░░░░░░░░░░░░░░░  30%  Streaming frame 167/1785
  ███████░░░░░░░░░░░░░░░░░░  30%  Streaming frame 168/1785
  ███████░░░░░░░░░░░░░░░░░░  30%  Streaming frame 169/1785
  ███████░░░░░░░░░░░░░░░░░░  30%  Streaming frame 170/1785
  ███████░░░░░░░░░░░░░░░░░░  30%  Streaming frame 171/1785
  ███████░░░░░░░░░░░░░░░░░░  30%  Streaming frame 172/1785
  ███████░░░░░░░░░░░░░░░░░░  30%  Streaming frame 173/1785
  ███████░░░░░░░░░░░░░░░░░░  30%  Streaming frame 174/1785
  ███████░░░░░░░░░░░░░░░░░░  30%  Streaming frame 175/1785
  ███████░░░░░░░░░░░░░░░░░░  30%  Streaming frame 176/1785
  ███████░░░░░░░░░░░░░░░░░░  30%  Streaming frame 177/1785
  ███████░░░░░░░░░░░░░░░░░░  30%  Streaming frame 178/1785
  ███████░░░░░░░░░░░░░░░░░░  31%  Streaming frame 179/1785
  ███████░░░░░░░░░░░░░░░░░░  31%  Streaming frame 180/1785
  ███████░░░░░░░░░░░░░░░░░░  31%  Streaming frame 181/1785
  ███████░░░░░░░░░░░░░░░░░░  31%  Streaming frame 182/1785
  ███████░░░░░░░░░░░░░░░░░░  31%  Streaming frame 183/1785
  ███████░░░░░░░░░░░░░░░░░░  31%  Streaming frame 184/1785
  ███████░░░░░░░░░░░░░░░░░░  31%  Streaming frame 185/1785
  ███████░░░░░░░░░░░░░░░░░░  31%  Streaming frame 186/1785
  ███████░░░░░░░░░░░░░░░░░░  31%  Streaming frame 187/1785
  ███████░░░░░░░░░░░░░░░░░░  31%  Streaming frame 188/1785
  ███████░░░░░░░░░░░░░░░░░░  31%  Streaming frame 189/1785
  ███████░░░░░░░░░░░░░░░░░░  31%  Streaming frame 190/1785
  ███████░░░░░░░░░░░░░░░░░░  31%  Streaming frame 191/1785
  ███████░░░░░░░░░░░░░░░░░░  31%  Streaming frame 192/1785
  ███████░░░░░░░░░░░░░░░░░░  31%  Streaming frame 193/1785
  ███████░░░░░░░░░░░░░░░░░░  31%  Streaming frame 194/1785
  ███████░░░░░░░░░░░░░░░░░░  31%  Streaming frame 195/1785
  ███████░░░░░░░░░░░░░░░░░░  31%  Streaming frame 196/1785
  ███████░░░░░░░░░░░░░░░░░░  31%  Streaming frame 197/1785
  ███████░░░░░░░░░░░░░░░░░░  31%  Streaming frame 198/1785
  ███████░░░░░░░░░░░░░░░░░░  31%  Streaming frame 199/1785
  ███████░░░░░░░░░░░░░░░░░░  31%  Streaming frame 200/1785
  ███████░░░░░░░░░░░░░░░░░░  31%  Streaming frame 201/1785
  ███████░░░░░░░░░░░░░░░░░░  31%  Streaming frame 202/1785
  ███████░░░░░░░░░░░░░░░░░░  31%  Streaming frame 203/1785
  ███████░░░░░░░░░░░░░░░░░░  31%  Streaming frame 204/1785
  ███████░░░░░░░░░░░░░░░░░░  31%  Streaming frame 205/1785
  ███████░░░░░░░░░░░░░░░░░░  31%  Streaming frame 206/1785
  ███████░░░░░░░░░░░░░░░░░░  31%  Streaming frame 207/1785
  ███████░░░░░░░░░░░░░░░░░░  31%  Streaming frame 208/1785
  ███████░░░░░░░░░░░░░░░░░░  31%  Streaming frame 209/1785
  ███████░░░░░░░░░░░░░░░░░░  31%  Streaming frame 210/1785
  ████████░░░░░░░░░░░░░░░░░  32%  Streaming frame 211/1785
  ████████░░░░░░░░░░░░░░░░░  32%  Streaming frame 212/1785
  ████████░░░░░░░░░░░░░░░░░  32%  Streaming frame 213/1785
  ████████░░░░░░░░░░░░░░░░░  32%  Streaming frame 214/1785
  ████████░░░░░░░░░░░░░░░░░  32%  Streaming frame 215/1785
  ████████░░░░░░░░░░░░░░░░░  32%  Streaming frame 216/1785
  ████████░░░░░░░░░░░░░░░░░  32%  Streaming frame 217/1785
  ████████░░░░░░░░░░░░░░░░░  32%  Streaming frame 218/1785
  ████████░░░░░░░░░░░░░░░░░  32%  Streaming frame 219/1785
  ████████░░░░░░░░░░░░░░░░░  32%  Streaming frame 220/1785
  ████████░░░░░░░░░░░░░░░░░  32%  Streaming frame 221/1785
  ████████░░░░░░░░░░░░░░░░░  32%  Streaming frame 222/1785
  ████████░░░░░░░░░░░░░░░░░  32%  Streaming frame 223/1785
  ████████░░░░░░░░░░░░░░░░░  32%  Streaming frame 224/1785
  ████████░░░░░░░░░░░░░░░░░  32%  Streaming frame 225/1785
  ████████░░░░░░░░░░░░░░░░░  32%  Streaming frame 226/1785
  ████████░░░░░░░░░░░░░░░░░  32%  Streaming frame 227/1785
  ████████░░░░░░░░░░░░░░░░░  32%  Streaming frame 228/1785
  ████████░░░░░░░░░░░░░░░░░  32%  Streaming frame 229/1785
  ████████░░░░░░░░░░░░░░░░░  32%  Streaming frame 230/1785
  ████████░░░░░░░░░░░░░░░░░  32%  Streaming frame 231/1785
  ████████░░░░░░░░░░░░░░░░░  32%  Streaming frame 232/1785
  ████████░░░░░░░░░░░░░░░░░  32%  Streaming frame 233/1785
  ████████░░░░░░░░░░░░░░░░░  32%  Streaming frame 234/1785
  ████████░░░░░░░░░░░░░░░░░  32%  Streaming frame 235/1785
  ████████░░░░░░░░░░░░░░░░░  32%  Streaming frame 236/1785
  ████████░░░░░░░░░░░░░░░░░  32%  Streaming frame 237/1785
  ████████░░░░░░░░░░░░░░░░░  32%  Streaming frame 238/1785
  ████████░░░░░░░░░░░░░░░░░  32%  Streaming frame 239/1785
  ████████░░░░░░░░░░░░░░░░░  32%  Streaming frame 240/1785
  ████████░░░░░░░░░░░░░░░░░  32%  Streaming frame 241/1785
  ████████░░░░░░░░░░░░░░░░░  32%  Streaming frame 242/1785
  ████████░░░░░░░░░░░░░░░░░  32%  Streaming frame 243/1785
  ████████░░░░░░░░░░░░░░░░░  33%  Streaming frame 244/1785
  ████████░░░░░░░░░░░░░░░░░  33%  Streaming frame 245/1785
  ████████░░░░░░░░░░░░░░░░░  33%  Streaming frame 246/1785
  ████████░░░░░░░░░░░░░░░░░  33%  Streaming frame 247/1785
  ████████░░░░░░░░░░░░░░░░░  33%  Streaming frame 248/1785
  ████████░░░░░░░░░░░░░░░░░  33%  Streaming frame 249/1785
  ████████░░░░░░░░░░░░░░░░░  33%  Streaming frame 250/1785
  ████████░░░░░░░░░░░░░░░░░  33%  Streaming frame 251/1785
  ████████░░░░░░░░░░░░░░░░░  33%  Streaming frame 252/1785
  ████████░░░░░░░░░░░░░░░░░  33%  Streaming frame 253/1785
  ████████░░░░░░░░░░░░░░░░░  33%  Streaming frame 254/1785
  ████████░░░░░░░░░░░░░░░░░  33%  Streaming frame 255/1785
  ████████░░░░░░░░░░░░░░░░░  33%  Streaming frame 256/1785
  ████████░░░░░░░░░░░░░░░░░  33%  Streaming frame 257/1785
  ████████░░░░░░░░░░░░░░░░░  33%  Streaming frame 258/1785
  ████████░░░░░░░░░░░░░░░░░  33%  Streaming frame 259/1785
  ████████░░░░░░░░░░░░░░░░░  33%  Streaming frame 260/1785
  ████████░░░░░░░░░░░░░░░░░  33%  Streaming frame 261/1785
  ████████░░░░░░░░░░░░░░░░░  33%  Streaming frame 262/1785
  ████████░░░░░░░░░░░░░░░░░  33%  Streaming frame 263/1785
  ████████░░░░░░░░░░░░░░░░░  33%  Streaming frame 264/1785
  ████████░░░░░░░░░░░░░░░░░  33%  Streaming frame 265/1785
  ████████░░░░░░░░░░░░░░░░░  33%  Streaming frame 266/1785
  ████████░░░░░░░░░░░░░░░░░  33%  Streaming frame 267/1785
  ████████░░░░░░░░░░░░░░░░░  33%  Streaming frame 268/1785
  ████████░░░░░░░░░░░░░░░░░  33%  Streaming frame 269/1785
  ████████░░░░░░░░░░░░░░░░░  33%  Streaming frame 270/1785
  ████████░░░░░░░░░░░░░░░░░  33%  Streaming frame 271/1785
  ████████░░░░░░░░░░░░░░░░░  33%  Streaming frame 272/1785
  ████████░░░░░░░░░░░░░░░░░  33%  Streaming frame 273/1785
  ████████░░░░░░░░░░░░░░░░░  33%  Streaming frame 274/1785
  ████████░░░░░░░░░░░░░░░░░  33%  Streaming frame 275/1785
  ████████░░░░░░░░░░░░░░░░░  34%  Streaming frame 276/1785
  ████████░░░░░░░░░░░░░░░░░  34%  Streaming frame 277/1785
  ████████░░░░░░░░░░░░░░░░░  34%  Streaming frame 278/1785
  ████████░░░░░░░░░░░░░░░░░  34%  Streaming frame 279/1785
  ████████░░░░░░░░░░░░░░░░░  34%  Streaming frame 280/1785
  ████████░░░░░░░░░░░░░░░░░  34%  Streaming frame 281/1785
  ████████░░░░░░░░░░░░░░░░░  34%  Streaming frame 282/1785
  ████████░░░░░░░░░░░░░░░░░  34%  Streaming frame 283/1785
  ████████░░░░░░░░░░░░░░░░░  34%  Streaming frame 284/1785
  ████████░░░░░░░░░░░░░░░░░  34%  Streaming frame 285/1785
  ████████░░░░░░░░░░░░░░░░░  34%  Streaming frame 286/1785
  ████████░░░░░░░░░░░░░░░░░  34%  Streaming frame 287/1785
  ████████░░░░░░░░░░░░░░░░░  34%  Streaming frame 288/1785
  ████████░░░░░░░░░░░░░░░░░  34%  Streaming frame 289/1785
  ████████░░░░░░░░░░░░░░░░░  34%  Streaming frame 290/1785
  ████████░░░░░░░░░░░░░░░░░  34%  Streaming frame 291/1785
  ████████░░░░░░░░░░░░░░░░░  34%  Streaming frame 292/1785
  ████████░░░░░░░░░░░░░░░░░  34%  Streaming frame 293/1785
  ████████░░░░░░░░░░░░░░░░░  34%  Streaming frame 294/1785
  ████████░░░░░░░░░░░░░░░░░  34%  Streaming frame 295/1785
  ████████░░░░░░░░░░░░░░░░░  34%  Streaming frame 296/1785
  ████████░░░░░░░░░░░░░░░░░  34%  Streaming frame 297/1785
  ████████░░░░░░░░░░░░░░░░░  34%  Streaming frame 298/1785
  ████████░░░░░░░░░░░░░░░░░  34%  Streaming frame 299/1785
  ████████░░░░░░░░░░░░░░░░░  34%  Streaming frame 300/1785
  ████████░░░░░░░░░░░░░░░░░  34%  Streaming frame 301/1785
  ████████░░░░░░░░░░░░░░░░░  34%  Streaming frame 302/1785
  ████████░░░░░░░░░░░░░░░░░  34%  Streaming frame 303/1785
  ████████░░░░░░░░░░░░░░░░░  34%  Streaming frame 304/1785
  ████████░░░░░░░░░░░░░░░░░  34%  Streaming frame 305/1785
  ████████░░░░░░░░░░░░░░░░░  34%  Streaming frame 306/1785
  ████████░░░░░░░░░░░░░░░░░  34%  Streaming frame 307/1785
  ████████░░░░░░░░░░░░░░░░░  34%  Streaming frame 308/1785
  ████████░░░░░░░░░░░░░░░░░  35%  Streaming frame 309/1785
  ████████░░░░░░░░░░░░░░░░░  35%  Streaming frame 310/1785
  ████████░░░░░░░░░░░░░░░░░  35%  Streaming frame 311/1785
  ████████░░░░░░░░░░░░░░░░░  35%  Streaming frame 312/1785
  ████████░░░░░░░░░░░░░░░░░  35%  Streaming frame 313/1785
  ████████░░░░░░░░░░░░░░░░░  35%  Streaming frame 314/1785
  ████████░░░░░░░░░░░░░░░░░  35%  Streaming frame 315/1785
  ████████░░░░░░░░░░░░░░░░░  35%  Streaming frame 316/1785
  ████████░░░░░░░░░░░░░░░░░  35%  Streaming frame 317/1785
  ████████░░░░░░░░░░░░░░░░░  35%  Streaming frame 318/1785
  ████████░░░░░░░░░░░░░░░░░  35%  Streaming frame 319/1785
  ████████░░░░░░░░░░░░░░░░░  35%  Streaming frame 320/1785
  ████████░░░░░░░░░░░░░░░░░  35%  Streaming frame 321/1785
  ████████░░░░░░░░░░░░░░░░░  35%  Streaming frame 322/1785
  ████████░░░░░░░░░░░░░░░░░  35%  Streaming frame 323/1785
  ████████░░░░░░░░░░░░░░░░░  35%  Streaming frame 324/1785
  ████████░░░░░░░░░░░░░░░░░  35%  Streaming frame 325/1785
  ████████░░░░░░░░░░░░░░░░░  35%  Streaming frame 326/1785
  ████████░░░░░░░░░░░░░░░░░  35%  Streaming frame 327/1785
  ████████░░░░░░░░░░░░░░░░░  35%  Streaming frame 328/1785
  ████████░░░░░░░░░░░░░░░░░  35%  Streaming frame 329/1785
  ████████░░░░░░░░░░░░░░░░░  35%  Streaming frame 330/1785
  ████████░░░░░░░░░░░░░░░░░  35%  Streaming frame 331/1785
  ████████░░░░░░░░░░░░░░░░░  35%  Streaming frame 332/1785
  ████████░░░░░░░░░░░░░░░░░  35%  Streaming frame 333/1785
  ████████░░░░░░░░░░░░░░░░░  35%  Streaming frame 334/1785
  ████████░░░░░░░░░░░░░░░░░  35%  Streaming frame 335/1785
  ████████░░░░░░░░░░░░░░░░░  35%  Streaming frame 336/1785
  ████████░░░░░░░░░░░░░░░░░  35%  Streaming frame 337/1785
  ████████░░░░░░░░░░░░░░░░░  35%  Streaming frame 338/1785
  ████████░░░░░░░░░░░░░░░░░  35%  Streaming frame 339/1785
  ████████░░░░░░░░░░░░░░░░░  35%  Streaming frame 340/1785
  █████████░░░░░░░░░░░░░░░░  36%  Streaming frame 341/1785
  █████████░░░░░░░░░░░░░░░░  36%  Streaming frame 342/1785
  █████████░░░░░░░░░░░░░░░░  36%  Streaming frame 343/1785
  █████████░░░░░░░░░░░░░░░░  36%  Streaming frame 344/1785
  █████████░░░░░░░░░░░░░░░░  36%  Streaming frame 345/1785
  █████████░░░░░░░░░░░░░░░░  36%  Streaming frame 346/1785
  █████████░░░░░░░░░░░░░░░░  36%  Streaming frame 347/1785
  █████████░░░░░░░░░░░░░░░░  36%  Streaming frame 348/1785
  █████████░░░░░░░░░░░░░░░░  36%  Streaming frame 349/1785
  █████████░░░░░░░░░░░░░░░░  36%  Streaming frame 350/1785
  █████████░░░░░░░░░░░░░░░░  36%  Streaming frame 351/1785
  █████████░░░░░░░░░░░░░░░░  36%  Streaming frame 352/1785
  █████████░░░░░░░░░░░░░░░░  36%  Streaming frame 353/1785
  █████████░░░░░░░░░░░░░░░░  36%  Streaming frame 354/1785
  █████████░░░░░░░░░░░░░░░░  36%  Streaming frame 355/1785
  █████████░░░░░░░░░░░░░░░░  36%  Streaming frame 356/1785
  █████████░░░░░░░░░░░░░░░░  36%  Streaming frame 357/1785
  █████████░░░░░░░░░░░░░░░░  36%  Streaming frame 358/1785
  █████████░░░░░░░░░░░░░░░░  36%  Streaming frame 359/1785
  █████████░░░░░░░░░░░░░░░░  36%  Streaming frame 360/1785
  █████████░░░░░░░░░░░░░░░░  36%  Streaming frame 361/1785
  █████████░░░░░░░░░░░░░░░░  36%  Streaming frame 362/1785
  █████████░░░░░░░░░░░░░░░░  36%  Streaming frame 363/1785
  █████████░░░░░░░░░░░░░░░░  36%  Streaming frame 364/1785
  █████████░░░░░░░░░░░░░░░░  36%  Streaming frame 365/1785
  █████████░░░░░░░░░░░░░░░░  36%  Streaming frame 366/1785
  █████████░░░░░░░░░░░░░░░░  36%  Streaming frame 367/1785
  █████████░░░░░░░░░░░░░░░░  36%  Streaming frame 368/1785
  █████████░░░░░░░░░░░░░░░░  36%  Streaming frame 369/1785
  █████████░░░░░░░░░░░░░░░░  36%  Streaming frame 370/1785
  █████████░░░░░░░░░░░░░░░░  36%  Streaming frame 371/1785
  █████████░░░░░░░░░░░░░░░░  36%  Streaming frame 372/1785
  █████████░░░░░░░░░░░░░░░░  36%  Streaming frame 373/1785
  █████████░░░░░░░░░░░░░░░░  37%  Streaming frame 374/1785
  █████████░░░░░░░░░░░░░░░░  37%  Streaming frame 375/1785
  █████████░░░░░░░░░░░░░░░░  37%  Streaming frame 376/1785
  █████████░░░░░░░░░░░░░░░░  37%  Streaming frame 377/1785
  █████████░░░░░░░░░░░░░░░░  37%  Streaming frame 378/1785
  █████████░░░░░░░░░░░░░░░░  37%  Streaming frame 379/1785
  █████████░░░░░░░░░░░░░░░░  37%  Streaming frame 380/1785
  █████████░░░░░░░░░░░░░░░░  37%  Streaming frame 381/1785
  █████████░░░░░░░░░░░░░░░░  37%  Streaming frame 382/1785
  █████████░░░░░░░░░░░░░░░░  37%  Streaming frame 383/1785
  █████████░░░░░░░░░░░░░░░░  37%  Streaming frame 384/1785
  █████████░░░░░░░░░░░░░░░░  37%  Streaming frame 385/1785
  █████████░░░░░░░░░░░░░░░░  37%  Streaming frame 386/1785
  █████████░░░░░░░░░░░░░░░░  37%  Streaming frame 387/1785
  █████████░░░░░░░░░░░░░░░░  37%  Streaming frame 388/1785
  █████████░░░░░░░░░░░░░░░░  37%  Streaming frame 389/1785
  █████████░░░░░░░░░░░░░░░░  37%  Streaming frame 390/1785
  █████████░░░░░░░░░░░░░░░░  37%  Streaming frame 391/1785
  █████████░░░░░░░░░░░░░░░░  37%  Streaming frame 392/1785
  █████████░░░░░░░░░░░░░░░░  37%  Streaming frame 393/1785
  █████████░░░░░░░░░░░░░░░░  37%  Streaming frame 394/1785
  █████████░░░░░░░░░░░░░░░░  37%  Streaming frame 395/1785
  █████████░░░░░░░░░░░░░░░░  37%  Streaming frame 396/1785
  █████████░░░░░░░░░░░░░░░░  37%  Streaming frame 397/1785
  █████████░░░░░░░░░░░░░░░░  37%  Streaming frame 398/1785
  █████████░░░░░░░░░░░░░░░░  37%  Streaming frame 399/1785
  █████████░░░░░░░░░░░░░░░░  37%  Streaming frame 400/1785
  █████████░░░░░░░░░░░░░░░░  37%  Streaming frame 401/1785
  █████████░░░░░░░░░░░░░░░░  37%  Streaming frame 402/1785
  █████████░░░░░░░░░░░░░░░░  37%  Streaming frame 403/1785
  █████████░░░░░░░░░░░░░░░░  37%  Streaming frame 404/1785
  █████████░░░░░░░░░░░░░░░░  37%  Streaming frame 405/1785
  █████████░░░░░░░░░░░░░░░░  38%  Streaming frame 406/1785
  █████████░░░░░░░░░░░░░░░░  38%  Streaming frame 407/1785
  █████████░░░░░░░░░░░░░░░░  38%  Streaming frame 408/1785
  █████████░░░░░░░░░░░░░░░░  38%  Streaming frame 409/1785
  █████████░░░░░░░░░░░░░░░░  38%  Streaming frame 410/1785
  █████████░░░░░░░░░░░░░░░░  38%  Streaming frame 411/1785
  █████████░░░░░░░░░░░░░░░░  38%  Streaming frame 412/1785
  █████████░░░░░░░░░░░░░░░░  38%  Streaming frame 413/1785
  █████████░░░░░░░░░░░░░░░░  38%  Streaming frame 414/1785
  █████████░░░░░░░░░░░░░░░░  38%  Streaming frame 415/1785
  █████████░░░░░░░░░░░░░░░░  38%  Streaming frame 416/1785
  █████████░░░░░░░░░░░░░░░░  38%  Streaming frame 417/1785
  █████████░░░░░░░░░░░░░░░░  38%  Streaming frame 418/1785
  █████████░░░░░░░░░░░░░░░░  38%  Streaming frame 419/1785
  █████████░░░░░░░░░░░░░░░░  38%  Streaming frame 420/1785
  █████████░░░░░░░░░░░░░░░░  38%  Streaming frame 421/1785
  █████████░░░░░░░░░░░░░░░░  38%  Streaming frame 422/1785
  █████████░░░░░░░░░░░░░░░░  38%  Streaming frame 423/1785
  █████████░░░░░░░░░░░░░░░░  38%  Streaming frame 424/1785
  █████████░░░░░░░░░░░░░░░░  38%  Streaming frame 425/1785
  █████████░░░░░░░░░░░░░░░░  38%  Streaming frame 426/1785
  █████████░░░░░░░░░░░░░░░░  38%  Streaming frame 427/1785
  █████████░░░░░░░░░░░░░░░░  38%  Streaming frame 428/1785
  █████████░░░░░░░░░░░░░░░░  38%  Streaming frame 429/1785
  █████████░░░░░░░░░░░░░░░░  38%  Streaming frame 430/1785
  █████████░░░░░░░░░░░░░░░░  38%  Streaming frame 431/1785
  █████████░░░░░░░░░░░░░░░░  38%  Streaming frame 432/1785
  █████████░░░░░░░░░░░░░░░░  38%  Streaming frame 433/1785
  █████████░░░░░░░░░░░░░░░░  38%  Streaming frame 434/1785
  █████████░░░░░░░░░░░░░░░░  38%  Streaming frame 435/1785
  █████████░░░░░░░░░░░░░░░░  38%  Streaming frame 436/1785
  █████████░░░░░░░░░░░░░░░░  38%  Streaming frame 437/1785
  █████████░░░░░░░░░░░░░░░░  38%  Streaming frame 438/1785
  █████████░░░░░░░░░░░░░░░░  39%  Streaming frame 439/1785
  █████████░░░░░░░░░░░░░░░░  39%  Streaming frame 440/1785
  █████████░░░░░░░░░░░░░░░░  39%  Streaming frame 441/1785
  █████████░░░░░░░░░░░░░░░░  39%  Streaming frame 442/1785
  █████████░░░░░░░░░░░░░░░░  39%  Streaming frame 443/1785
  █████████░░░░░░░░░░░░░░░░  39%  Streaming frame 444/1785
  █████████░░░░░░░░░░░░░░░░  39%  Streaming frame 445/1785
  █████████░░░░░░░░░░░░░░░░  39%  Streaming frame 446/1785
[INFO] [Render] drawElement self-verify passed {"renderJobId":"4fb3f7ca-7907-4070-b0bf-0b4777b62f55","frame":446,"psnrDb":89}
  █████████░░░░░░░░░░░░░░░░  39%  Streaming frame 447/1785
  █████████░░░░░░░░░░░░░░░░  39%  Streaming frame 448/1785
  █████████░░░░░░░░░░░░░░░░  39%  Streaming frame 449/1785
  █████████░░░░░░░░░░░░░░░░  39%  Streaming frame 450/1785
  █████████░░░░░░░░░░░░░░░░  39%  Streaming frame 451/1785
  █████████░░░░░░░░░░░░░░░░  39%  Streaming frame 452/1785
  █████████░░░░░░░░░░░░░░░░  39%  Streaming frame 453/1785
  █████████░░░░░░░░░░░░░░░░  39%  Streaming frame 454/1785
  █████████░░░░░░░░░░░░░░░░  39%  Streaming frame 455/1785
  █████████░░░░░░░░░░░░░░░░  39%  Streaming frame 456/1785
  █████████░░░░░░░░░░░░░░░░  39%  Streaming frame 457/1785
  █████████░░░░░░░░░░░░░░░░  39%  Streaming frame 458/1785
  █████████░░░░░░░░░░░░░░░░  39%  Streaming frame 459/1785
  █████████░░░░░░░░░░░░░░░░  39%  Streaming frame 460/1785
  █████████░░░░░░░░░░░░░░░░  39%  Streaming frame 461/1785
  █████████░░░░░░░░░░░░░░░░  39%  Streaming frame 462/1785
  █████████░░░░░░░░░░░░░░░░  39%  Streaming frame 463/1785
  █████████░░░░░░░░░░░░░░░░  39%  Streaming frame 464/1785
  █████████░░░░░░░░░░░░░░░░  39%  Streaming frame 465/1785
  █████████░░░░░░░░░░░░░░░░  39%  Streaming frame 466/1785
  █████████░░░░░░░░░░░░░░░░  39%  Streaming frame 467/1785
  █████████░░░░░░░░░░░░░░░░  39%  Streaming frame 468/1785
  █████████░░░░░░░░░░░░░░░░  39%  Streaming frame 469/1785
  █████████░░░░░░░░░░░░░░░░  39%  Streaming frame 470/1785
  ██████████░░░░░░░░░░░░░░░  40%  Streaming frame 471/1785
  ██████████░░░░░░░░░░░░░░░  40%  Streaming frame 472/1785
  ██████████░░░░░░░░░░░░░░░  40%  Streaming frame 473/1785
  ██████████░░░░░░░░░░░░░░░  40%  Streaming frame 474/1785
  ██████████░░░░░░░░░░░░░░░  40%  Streaming frame 475/1785
  ██████████░░░░░░░░░░░░░░░  40%  Streaming frame 476/1785
  ██████████░░░░░░░░░░░░░░░  40%  Streaming frame 477/1785
  ██████████░░░░░░░░░░░░░░░  40%  Streaming frame 478/1785
  ██████████░░░░░░░░░░░░░░░  40%  Streaming frame 479/1785
  ██████████░░░░░░░░░░░░░░░  40%  Streaming frame 480/1785
  ██████████░░░░░░░░░░░░░░░  40%  Streaming frame 481/1785
  ██████████░░░░░░░░░░░░░░░  40%  Streaming frame 482/1785
  ██████████░░░░░░░░░░░░░░░  40%  Streaming frame 483/1785
  ██████████░░░░░░░░░░░░░░░  40%  Streaming frame 484/1785
  ██████████░░░░░░░░░░░░░░░  40%  Streaming frame 485/1785
  ██████████░░░░░░░░░░░░░░░  40%  Streaming frame 486/1785
  ██████████░░░░░░░░░░░░░░░  40%  Streaming frame 487/1785
  ██████████░░░░░░░░░░░░░░░  40%  Streaming frame 488/1785
  ██████████░░░░░░░░░░░░░░░  40%  Streaming frame 489/1785
  ██████████░░░░░░░░░░░░░░░  40%  Streaming frame 490/1785
  ██████████░░░░░░░░░░░░░░░  40%  Streaming frame 491/1785
  ██████████░░░░░░░░░░░░░░░  40%  Streaming frame 492/1785
  ██████████░░░░░░░░░░░░░░░  40%  Streaming frame 493/1785
  ██████████░░░░░░░░░░░░░░░  40%  Streaming frame 494/1785
  ██████████░░░░░░░░░░░░░░░  40%  Streaming frame 495/1785
  ██████████░░░░░░░░░░░░░░░  40%  Streaming frame 496/1785
  ██████████░░░░░░░░░░░░░░░  40%  Streaming frame 497/1785
  ██████████░░░░░░░░░░░░░░░  40%  Streaming frame 498/1785
  ██████████░░░░░░░░░░░░░░░  40%  Streaming frame 499/1785
  ██████████░░░░░░░░░░░░░░░  40%  Streaming frame 500/1785
  ██████████░░░░░░░░░░░░░░░  40%  Streaming frame 501/1785
  ██████████░░░░░░░░░░░░░░░  40%  Streaming frame 502/1785
  ██████████░░░░░░░░░░░░░░░  40%  Streaming frame 503/1785
  ██████████░░░░░░░░░░░░░░░  41%  Streaming frame 504/1785
  ██████████░░░░░░░░░░░░░░░  41%  Streaming frame 505/1785
  ██████████░░░░░░░░░░░░░░░  41%  Streaming frame 506/1785
  ██████████░░░░░░░░░░░░░░░  41%  Streaming frame 507/1785
  ██████████░░░░░░░░░░░░░░░  41%  Streaming frame 508/1785
  ██████████░░░░░░░░░░░░░░░  41%  Streaming frame 509/1785
  ██████████░░░░░░░░░░░░░░░  41%  Streaming frame 510/1785
  ██████████░░░░░░░░░░░░░░░  41%  Streaming frame 511/1785
  ██████████░░░░░░░░░░░░░░░  41%  Streaming frame 512/1785
  ██████████░░░░░░░░░░░░░░░  41%  Streaming frame 513/1785
  ██████████░░░░░░░░░░░░░░░  41%  Streaming frame 514/1785
  ██████████░░░░░░░░░░░░░░░  41%  Streaming frame 515/1785
  ██████████░░░░░░░░░░░░░░░  41%  Streaming frame 516/1785
  ██████████░░░░░░░░░░░░░░░  41%  Streaming frame 517/1785
  ██████████░░░░░░░░░░░░░░░  41%  Streaming frame 518/1785
  ██████████░░░░░░░░░░░░░░░  41%  Streaming frame 519/1785
  ██████████░░░░░░░░░░░░░░░  41%  Streaming frame 520/1785
  ██████████░░░░░░░░░░░░░░░  41%  Streaming frame 521/1785
  ██████████░░░░░░░░░░░░░░░  41%  Streaming frame 522/1785
  ██████████░░░░░░░░░░░░░░░  41%  Streaming frame 523/1785
  ██████████░░░░░░░░░░░░░░░  41%  Streaming frame 524/1785
  ██████████░░░░░░░░░░░░░░░  41%  Streaming frame 525/1785
  ██████████░░░░░░░░░░░░░░░  41%  Streaming frame 526/1785
  ██████████░░░░░░░░░░░░░░░  41%  Streaming frame 527/1785
  ██████████░░░░░░░░░░░░░░░  41%  Streaming frame 528/1785
  ██████████░░░░░░░░░░░░░░░  41%  Streaming frame 529/1785
  ██████████░░░░░░░░░░░░░░░  41%  Streaming frame 530/1785
  ██████████░░░░░░░░░░░░░░░  41%  Streaming frame 531/1785
  ██████████░░░░░░░░░░░░░░░  41%  Streaming frame 532/1785
  ██████████░░░░░░░░░░░░░░░  41%  Streaming frame 533/1785
  ██████████░░░░░░░░░░░░░░░  41%  Streaming frame 534/1785
  ██████████░░░░░░░░░░░░░░░  41%  Streaming frame 535/1785
  ██████████░░░░░░░░░░░░░░░  42%  Streaming frame 536/1785
  ██████████░░░░░░░░░░░░░░░  42%  Streaming frame 537/1785
  ██████████░░░░░░░░░░░░░░░  42%  Streaming frame 538/1785
  ██████████░░░░░░░░░░░░░░░  42%  Streaming frame 539/1785
  ██████████░░░░░░░░░░░░░░░  42%  Streaming frame 540/1785
  ██████████░░░░░░░░░░░░░░░  42%  Streaming frame 541/1785
  ██████████░░░░░░░░░░░░░░░  42%  Streaming frame 542/1785
  ██████████░░░░░░░░░░░░░░░  42%  Streaming frame 543/1785
  ██████████░░░░░░░░░░░░░░░  42%  Streaming frame 544/1785
  ██████████░░░░░░░░░░░░░░░  42%  Streaming frame 545/1785
  ██████████░░░░░░░░░░░░░░░  42%  Streaming frame 546/1785
  ██████████░░░░░░░░░░░░░░░  42%  Streaming frame 547/1785
  ██████████░░░░░░░░░░░░░░░  42%  Streaming frame 548/1785
  ██████████░░░░░░░░░░░░░░░  42%  Streaming frame 549/1785
  ██████████░░░░░░░░░░░░░░░  42%  Streaming frame 550/1785
  ██████████░░░░░░░░░░░░░░░  42%  Streaming frame 551/1785
  ██████████░░░░░░░░░░░░░░░  42%  Streaming frame 552/1785
  ██████████░░░░░░░░░░░░░░░  42%  Streaming frame 553/1785
  ██████████░░░░░░░░░░░░░░░  42%  Streaming frame 554/1785
  ██████████░░░░░░░░░░░░░░░  42%  Streaming frame 555/1785
  ██████████░░░░░░░░░░░░░░░  42%  Streaming frame 556/1785
  ██████████░░░░░░░░░░░░░░░  42%  Streaming frame 557/1785
  ██████████░░░░░░░░░░░░░░░  42%  Streaming frame 558/1785
  ██████████░░░░░░░░░░░░░░░  42%  Streaming frame 559/1785
  ██████████░░░░░░░░░░░░░░░  42%  Streaming frame 560/1785
  ██████████░░░░░░░░░░░░░░░  42%  Streaming frame 561/1785
  ██████████░░░░░░░░░░░░░░░  42%  Streaming frame 562/1785
  ██████████░░░░░░░░░░░░░░░  42%  Streaming frame 563/1785
  ██████████░░░░░░░░░░░░░░░  42%  Streaming frame 564/1785
  ██████████░░░░░░░░░░░░░░░  42%  Streaming frame 565/1785
  ██████████░░░░░░░░░░░░░░░  42%  Streaming frame 566/1785
  ██████████░░░░░░░░░░░░░░░  42%  Streaming frame 567/1785
  ██████████░░░░░░░░░░░░░░░  43%  Streaming frame 568/1785
  ██████████░░░░░░░░░░░░░░░  43%  Streaming frame 569/1785
  ██████████░░░░░░░░░░░░░░░  43%  Streaming frame 570/1785
  ██████████░░░░░░░░░░░░░░░  43%  Streaming frame 571/1785
  ██████████░░░░░░░░░░░░░░░  43%  Streaming frame 572/1785
  ██████████░░░░░░░░░░░░░░░  43%  Streaming frame 573/1785
  ██████████░░░░░░░░░░░░░░░  43%  Streaming frame 574/1785
  ██████████░░░░░░░░░░░░░░░  43%  Streaming frame 575/1785
  ██████████░░░░░░░░░░░░░░░  43%  Streaming frame 576/1785
  ██████████░░░░░░░░░░░░░░░  43%  Streaming frame 577/1785
  ██████████░░░░░░░░░░░░░░░  43%  Streaming frame 578/1785
  ██████████░░░░░░░░░░░░░░░  43%  Streaming frame 579/1785
  ██████████░░░░░░░░░░░░░░░  43%  Streaming frame 580/1785
  ██████████░░░░░░░░░░░░░░░  43%  Streaming frame 581/1785
  ██████████░░░░░░░░░░░░░░░  43%  Streaming frame 582/1785
  ██████████░░░░░░░░░░░░░░░  43%  Streaming frame 583/1785
  ██████████░░░░░░░░░░░░░░░  43%  Streaming frame 584/1785
  ██████████░░░░░░░░░░░░░░░  43%  Streaming frame 585/1785
  ██████████░░░░░░░░░░░░░░░  43%  Streaming frame 586/1785
  ██████████░░░░░░░░░░░░░░░  43%  Streaming frame 587/1785
  ██████████░░░░░░░░░░░░░░░  43%  Streaming frame 588/1785
  ██████████░░░░░░░░░░░░░░░  43%  Streaming frame 589/1785
  ██████████░░░░░░░░░░░░░░░  43%  Streaming frame 590/1785
  ██████████░░░░░░░░░░░░░░░  43%  Streaming frame 591/1785
  ██████████░░░░░░░░░░░░░░░  43%  Streaming frame 592/1785
  ██████████░░░░░░░░░░░░░░░  43%  Streaming frame 593/1785
  ██████████░░░░░░░░░░░░░░░  43%  Streaming frame 594/1785
  ██████████░░░░░░░░░░░░░░░  43%  Streaming frame 595/1785
  ██████████░░░░░░░░░░░░░░░  43%  Streaming frame 596/1785
  ██████████░░░░░░░░░░░░░░░  43%  Streaming frame 597/1785
  ██████████░░░░░░░░░░░░░░░  43%  Streaming frame 598/1785
  ██████████░░░░░░░░░░░░░░░  43%  Streaming frame 599/1785
  ██████████░░░░░░░░░░░░░░░  43%  Streaming frame 600/1785
  ███████████░░░░░░░░░░░░░░  44%  Streaming frame 601/1785
  ███████████░░░░░░░░░░░░░░  44%  Streaming frame 602/1785
  ███████████░░░░░░░░░░░░░░  44%  Streaming frame 603/1785
  ███████████░░░░░░░░░░░░░░  44%  Streaming frame 604/1785
  ███████████░░░░░░░░░░░░░░  44%  Streaming frame 605/1785
  ███████████░░░░░░░░░░░░░░  44%  Streaming frame 606/1785
  ███████████░░░░░░░░░░░░░░  44%  Streaming frame 607/1785
  ███████████░░░░░░░░░░░░░░  44%  Streaming frame 608/1785
  ███████████░░░░░░░░░░░░░░  44%  Streaming frame 609/1785
  ███████████░░░░░░░░░░░░░░  44%  Streaming frame 610/1785
  ███████████░░░░░░░░░░░░░░  44%  Streaming frame 611/1785
  ███████████░░░░░░░░░░░░░░  44%  Streaming frame 612/1785
  ███████████░░░░░░░░░░░░░░  44%  Streaming frame 613/1785
  ███████████░░░░░░░░░░░░░░  44%  Streaming frame 614/1785
  ███████████░░░░░░░░░░░░░░  44%  Streaming frame 615/1785
  ███████████░░░░░░░░░░░░░░  44%  Streaming frame 616/1785
  ███████████░░░░░░░░░░░░░░  44%  Streaming frame 617/1785
  ███████████░░░░░░░░░░░░░░  44%  Streaming frame 618/1785
  ███████████░░░░░░░░░░░░░░  44%  Streaming frame 619/1785
  ███████████░░░░░░░░░░░░░░  44%  Streaming frame 620/1785
  ███████████░░░░░░░░░░░░░░  44%  Streaming frame 621/1785
  ███████████░░░░░░░░░░░░░░  44%  Streaming frame 622/1785
  ███████████░░░░░░░░░░░░░░  44%  Streaming frame 623/1785
  ███████████░░░░░░░░░░░░░░  44%  Streaming frame 624/1785
  ███████████░░░░░░░░░░░░░░  44%  Streaming frame 625/1785
  ███████████░░░░░░░░░░░░░░  44%  Streaming frame 626/1785
  ███████████░░░░░░░░░░░░░░  44%  Streaming frame 627/1785
  ███████████░░░░░░░░░░░░░░  44%  Streaming frame 628/1785
  ███████████░░░░░░░░░░░░░░  44%  Streaming frame 629/1785
  ███████████░░░░░░░░░░░░░░  44%  Streaming frame 630/1785
  ███████████░░░░░░░░░░░░░░  44%  Streaming frame 631/1785
  ███████████░░░░░░░░░░░░░░  44%  Streaming frame 632/1785
  ███████████░░░░░░░░░░░░░░  45%  Streaming frame 633/1785
  ███████████░░░░░░░░░░░░░░  45%  Streaming frame 634/1785
  ███████████░░░░░░░░░░░░░░  45%  Streaming frame 635/1785
  ███████████░░░░░░░░░░░░░░  45%  Streaming frame 636/1785
  ███████████░░░░░░░░░░░░░░  45%  Streaming frame 637/1785
  ███████████░░░░░░░░░░░░░░  45%  Streaming frame 638/1785
  ███████████░░░░░░░░░░░░░░  45%  Streaming frame 639/1785
  ███████████░░░░░░░░░░░░░░  45%  Streaming frame 640/1785
  ███████████░░░░░░░░░░░░░░  45%  Streaming frame 641/1785
  ███████████░░░░░░░░░░░░░░  45%  Streaming frame 642/1785
  ███████████░░░░░░░░░░░░░░  45%  Streaming frame 643/1785
  ███████████░░░░░░░░░░░░░░  45%  Streaming frame 644/1785
  ███████████░░░░░░░░░░░░░░  45%  Streaming frame 645/1785
  ███████████░░░░░░░░░░░░░░  45%  Streaming frame 646/1785
  ███████████░░░░░░░░░░░░░░  45%  Streaming frame 647/1785
  ███████████░░░░░░░░░░░░░░  45%  Streaming frame 648/1785
  ███████████░░░░░░░░░░░░░░  45%  Streaming frame 649/1785
  ███████████░░░░░░░░░░░░░░  45%  Streaming frame 650/1785
  ███████████░░░░░░░░░░░░░░  45%  Streaming frame 651/1785
  ███████████░░░░░░░░░░░░░░  45%  Streaming frame 652/1785
  ███████████░░░░░░░░░░░░░░  45%  Streaming frame 653/1785
  ███████████░░░░░░░░░░░░░░  45%  Streaming frame 654/1785
  ███████████░░░░░░░░░░░░░░  45%  Streaming frame 655/1785
  ███████████░░░░░░░░░░░░░░  45%  Streaming frame 656/1785
  ███████████░░░░░░░░░░░░░░  45%  Streaming frame 657/1785
  ███████████░░░░░░░░░░░░░░  45%  Streaming frame 658/1785
  ███████████░░░░░░░░░░░░░░  45%  Streaming frame 659/1785
  ███████████░░░░░░░░░░░░░░  45%  Streaming frame 660/1785
  ███████████░░░░░░░░░░░░░░  45%  Streaming frame 661/1785
  ███████████░░░░░░░░░░░░░░  45%  Streaming frame 662/1785
  ███████████░░░░░░░░░░░░░░  45%  Streaming frame 663/1785
  ███████████░░░░░░░░░░░░░░  45%  Streaming frame 664/1785
  ███████████░░░░░░░░░░░░░░  45%  Streaming frame 665/1785
  ███████████░░░░░░░░░░░░░░  46%  Streaming frame 666/1785
  ███████████░░░░░░░░░░░░░░  46%  Streaming frame 667/1785
  ███████████░░░░░░░░░░░░░░  46%  Streaming frame 668/1785
  ███████████░░░░░░░░░░░░░░  46%  Streaming frame 669/1785
  ███████████░░░░░░░░░░░░░░  46%  Streaming frame 670/1785
  ███████████░░░░░░░░░░░░░░  46%  Streaming frame 671/1785
  ███████████░░░░░░░░░░░░░░  46%  Streaming frame 672/1785
  ███████████░░░░░░░░░░░░░░  46%  Streaming frame 673/1785
  ███████████░░░░░░░░░░░░░░  46%  Streaming frame 674/1785
  ███████████░░░░░░░░░░░░░░  46%  Streaming frame 675/1785
  ███████████░░░░░░░░░░░░░░  46%  Streaming frame 676/1785
  ███████████░░░░░░░░░░░░░░  46%  Streaming frame 677/1785
  ███████████░░░░░░░░░░░░░░  46%  Streaming frame 678/1785
  ███████████░░░░░░░░░░░░░░  46%  Streaming frame 679/1785
  ███████████░░░░░░░░░░░░░░  46%  Streaming frame 680/1785
  ███████████░░░░░░░░░░░░░░  46%  Streaming frame 681/1785
  ███████████░░░░░░░░░░░░░░  46%  Streaming frame 682/1785
  ███████████░░░░░░░░░░░░░░  46%  Streaming frame 683/1785
  ███████████░░░░░░░░░░░░░░  46%  Streaming frame 684/1785
  ███████████░░░░░░░░░░░░░░  46%  Streaming frame 685/1785
  ███████████░░░░░░░░░░░░░░  46%  Streaming frame 686/1785
  ███████████░░░░░░░░░░░░░░  46%  Streaming frame 687/1785
  ███████████░░░░░░░░░░░░░░  46%  Streaming frame 688/1785
  ███████████░░░░░░░░░░░░░░  46%  Streaming frame 689/1785
  ███████████░░░░░░░░░░░░░░  46%  Streaming frame 690/1785
  ███████████░░░░░░░░░░░░░░  46%  Streaming frame 691/1785
  ███████████░░░░░░░░░░░░░░  46%  Streaming frame 692/1785
  ███████████░░░░░░░░░░░░░░  46%  Streaming frame 693/1785
  ███████████░░░░░░░░░░░░░░  46%  Streaming frame 694/1785
  ███████████░░░░░░░░░░░░░░  46%  Streaming frame 695/1785
  ███████████░░░░░░░░░░░░░░  46%  Streaming frame 696/1785
  ███████████░░░░░░░░░░░░░░  46%  Streaming frame 697/1785
  ███████████░░░░░░░░░░░░░░  47%  Streaming frame 698/1785
  ███████████░░░░░░░░░░░░░░  47%  Streaming frame 699/1785
  ███████████░░░░░░░░░░░░░░  47%  Streaming frame 700/1785
  ███████████░░░░░░░░░░░░░░  47%  Streaming frame 701/1785
  ███████████░░░░░░░░░░░░░░  47%  Streaming frame 702/1785
  ███████████░░░░░░░░░░░░░░  47%  Streaming frame 703/1785
  ███████████░░░░░░░░░░░░░░  47%  Streaming frame 704/1785
  ███████████░░░░░░░░░░░░░░  47%  Streaming frame 705/1785
  ███████████░░░░░░░░░░░░░░  47%  Streaming frame 706/1785
  ███████████░░░░░░░░░░░░░░  47%  Streaming frame 707/1785
  ███████████░░░░░░░░░░░░░░  47%  Streaming frame 708/1785
  ███████████░░░░░░░░░░░░░░  47%  Streaming frame 709/1785
  ███████████░░░░░░░░░░░░░░  47%  Streaming frame 710/1785
  ███████████░░░░░░░░░░░░░░  47%  Streaming frame 711/1785
  ███████████░░░░░░░░░░░░░░  47%  Streaming frame 712/1785
  ███████████░░░░░░░░░░░░░░  47%  Streaming frame 713/1785
  ███████████░░░░░░░░░░░░░░  47%  Streaming frame 714/1785
  ███████████░░░░░░░░░░░░░░  47%  Streaming frame 715/1785
  ███████████░░░░░░░░░░░░░░  47%  Streaming frame 716/1785
  ███████████░░░░░░░░░░░░░░  47%  Streaming frame 717/1785
  ███████████░░░░░░░░░░░░░░  47%  Streaming frame 718/1785
  ███████████░░░░░░░░░░░░░░  47%  Streaming frame 719/1785
  ███████████░░░░░░░░░░░░░░  47%  Streaming frame 720/1785
  ███████████░░░░░░░░░░░░░░  47%  Streaming frame 721/1785
  ███████████░░░░░░░░░░░░░░  47%  Streaming frame 722/1785
  ███████████░░░░░░░░░░░░░░  47%  Streaming frame 723/1785
  ███████████░░░░░░░░░░░░░░  47%  Streaming frame 724/1785
  ███████████░░░░░░░░░░░░░░  47%  Streaming frame 725/1785
  ███████████░░░░░░░░░░░░░░  47%  Streaming frame 726/1785
  ███████████░░░░░░░░░░░░░░  47%  Streaming frame 727/1785
  ███████████░░░░░░░░░░░░░░  47%  Streaming frame 728/1785
  ███████████░░░░░░░░░░░░░░  47%  Streaming frame 729/1785
  ███████████░░░░░░░░░░░░░░  47%  Streaming frame 730/1785
  ████████████░░░░░░░░░░░░░  48%  Streaming frame 731/1785
  ████████████░░░░░░░░░░░░░  48%  Streaming frame 732/1785
  ████████████░░░░░░░░░░░░░  48%  Streaming frame 733/1785
  ████████████░░░░░░░░░░░░░  48%  Streaming frame 734/1785
  ████████████░░░░░░░░░░░░░  48%  Streaming frame 735/1785
  ████████████░░░░░░░░░░░░░  48%  Streaming frame 736/1785
  ████████████░░░░░░░░░░░░░  48%  Streaming frame 737/1785
  ████████████░░░░░░░░░░░░░  48%  Streaming frame 738/1785
  ████████████░░░░░░░░░░░░░  48%  Streaming frame 739/1785
  ████████████░░░░░░░░░░░░░  48%  Streaming frame 740/1785
  ████████████░░░░░░░░░░░░░  48%  Streaming frame 741/1785
  ████████████░░░░░░░░░░░░░  48%  Streaming frame 742/1785
  ████████████░░░░░░░░░░░░░  48%  Streaming frame 743/1785
  ████████████░░░░░░░░░░░░░  48%  Streaming frame 744/1785
  ████████████░░░░░░░░░░░░░  48%  Streaming frame 745/1785
  ████████████░░░░░░░░░░░░░  48%  Streaming frame 746/1785
  ████████████░░░░░░░░░░░░░  48%  Streaming frame 747/1785
  ████████████░░░░░░░░░░░░░  48%  Streaming frame 748/1785
  ████████████░░░░░░░░░░░░░  48%  Streaming frame 749/1785
  ████████████░░░░░░░░░░░░░  48%  Streaming frame 750/1785
  ████████████░░░░░░░░░░░░░  48%  Streaming frame 751/1785
  ████████████░░░░░░░░░░░░░  48%  Streaming frame 752/1785
  ████████████░░░░░░░░░░░░░  48%  Streaming frame 753/1785
  ████████████░░░░░░░░░░░░░  48%  Streaming frame 754/1785
  ████████████░░░░░░░░░░░░░  48%  Streaming frame 755/1785
  ████████████░░░░░░░░░░░░░  48%  Streaming frame 756/1785
  ████████████░░░░░░░░░░░░░  48%  Streaming frame 757/1785
  ████████████░░░░░░░░░░░░░  48%  Streaming frame 758/1785
  ████████████░░░░░░░░░░░░░  48%  Streaming frame 759/1785
  ████████████░░░░░░░░░░░░░  48%  Streaming frame 760/1785
  ████████████░░░░░░░░░░░░░  48%  Streaming frame 761/1785
  ████████████░░░░░░░░░░░░░  48%  Streaming frame 762/1785
  ████████████░░░░░░░░░░░░░  49%  Streaming frame 763/1785
  ████████████░░░░░░░░░░░░░  49%  Streaming frame 764/1785
  ████████████░░░░░░░░░░░░░  49%  Streaming frame 765/1785
  ████████████░░░░░░░░░░░░░  49%  Streaming frame 766/1785
  ████████████░░░░░░░░░░░░░  49%  Streaming frame 767/1785
  ████████████░░░░░░░░░░░░░  49%  Streaming frame 768/1785
  ████████████░░░░░░░░░░░░░  49%  Streaming frame 769/1785
  ████████████░░░░░░░░░░░░░  49%  Streaming frame 770/1785
  ████████████░░░░░░░░░░░░░  49%  Streaming frame 771/1785
  ████████████░░░░░░░░░░░░░  49%  Streaming frame 772/1785
  ████████████░░░░░░░░░░░░░  49%  Streaming frame 773/1785
  ████████████░░░░░░░░░░░░░  49%  Streaming frame 774/1785
  ████████████░░░░░░░░░░░░░  49%  Streaming frame 775/1785
  ████████████░░░░░░░░░░░░░  49%  Streaming frame 776/1785
  ████████████░░░░░░░░░░░░░  49%  Streaming frame 777/1785
  ████████████░░░░░░░░░░░░░  49%  Streaming frame 778/1785
  ████████████░░░░░░░░░░░░░  49%  Streaming frame 779/1785
  ████████████░░░░░░░░░░░░░  49%  Streaming frame 780/1785
  ████████████░░░░░░░░░░░░░  49%  Streaming frame 781/1785
  ████████████░░░░░░░░░░░░░  49%  Streaming frame 782/1785
  ████████████░░░░░░░░░░░░░  49%  Streaming frame 783/1785
  ████████████░░░░░░░░░░░░░  49%  Streaming frame 784/1785
  ████████████░░░░░░░░░░░░░  49%  Streaming frame 785/1785
  ████████████░░░░░░░░░░░░░  49%  Streaming frame 786/1785
  ████████████░░░░░░░░░░░░░  49%  Streaming frame 787/1785
  ████████████░░░░░░░░░░░░░  49%  Streaming frame 788/1785
  ████████████░░░░░░░░░░░░░  49%  Streaming frame 789/1785
  ████████████░░░░░░░░░░░░░  49%  Streaming frame 790/1785
  ████████████░░░░░░░░░░░░░  49%  Streaming frame 791/1785
  ████████████░░░░░░░░░░░░░  49%  Streaming frame 792/1785
  ████████████░░░░░░░░░░░░░  49%  Streaming frame 793/1785
  ████████████░░░░░░░░░░░░░  49%  Streaming frame 794/1785
  ████████████░░░░░░░░░░░░░  49%  Streaming frame 795/1785
  ████████████░░░░░░░░░░░░░  50%  Streaming frame 796/1785
  ████████████░░░░░░░░░░░░░  50%  Streaming frame 797/1785
  ████████████░░░░░░░░░░░░░  50%  Streaming frame 798/1785
  ████████████░░░░░░░░░░░░░  50%  Streaming frame 799/1785
  ████████████░░░░░░░░░░░░░  50%  Streaming frame 800/1785
  ████████████░░░░░░░░░░░░░  50%  Streaming frame 801/1785
  ████████████░░░░░░░░░░░░░  50%  Streaming frame 802/1785
  ████████████░░░░░░░░░░░░░  50%  Streaming frame 803/1785
  ████████████░░░░░░░░░░░░░  50%  Streaming frame 804/1785
  ████████████░░░░░░░░░░░░░  50%  Streaming frame 805/1785
  ████████████░░░░░░░░░░░░░  50%  Streaming frame 806/1785
  ████████████░░░░░░░░░░░░░  50%  Streaming frame 807/1785
  ████████████░░░░░░░░░░░░░  50%  Streaming frame 808/1785
  ████████████░░░░░░░░░░░░░  50%  Streaming frame 809/1785
  ████████████░░░░░░░░░░░░░  50%  Streaming frame 810/1785
  ████████████░░░░░░░░░░░░░  50%  Streaming frame 811/1785
  ████████████░░░░░░░░░░░░░  50%  Streaming frame 812/1785
  ████████████░░░░░░░░░░░░░  50%  Streaming frame 813/1785
  ████████████░░░░░░░░░░░░░  50%  Streaming frame 814/1785
  ████████████░░░░░░░░░░░░░  50%  Streaming frame 815/1785
  ████████████░░░░░░░░░░░░░  50%  Streaming frame 816/1785
  ████████████░░░░░░░░░░░░░  50%  Streaming frame 817/1785
  ████████████░░░░░░░░░░░░░  50%  Streaming frame 818/1785
  ████████████░░░░░░░░░░░░░  50%  Streaming frame 819/1785
  ████████████░░░░░░░░░░░░░  50%  Streaming frame 820/1785
  ████████████░░░░░░░░░░░░░  50%  Streaming frame 821/1785
  ████████████░░░░░░░░░░░░░  50%  Streaming frame 822/1785
  ████████████░░░░░░░░░░░░░  50%  Streaming frame 823/1785
  ████████████░░░░░░░░░░░░░  50%  Streaming frame 824/1785
  ████████████░░░░░░░░░░░░░  50%  Streaming frame 825/1785
  ████████████░░░░░░░░░░░░░  50%  Streaming frame 826/1785
  ████████████░░░░░░░░░░░░░  50%  Streaming frame 827/1785
  ████████████░░░░░░░░░░░░░  51%  Streaming frame 828/1785
  ████████████░░░░░░░░░░░░░  51%  Streaming frame 829/1785
  ████████████░░░░░░░░░░░░░  51%  Streaming frame 830/1785
  ████████████░░░░░░░░░░░░░  51%  Streaming frame 831/1785
  ████████████░░░░░░░░░░░░░  51%  Streaming frame 832/1785
  ████████████░░░░░░░░░░░░░  51%  Streaming frame 833/1785
  ████████████░░░░░░░░░░░░░  51%  Streaming frame 834/1785
  ████████████░░░░░░░░░░░░░  51%  Streaming frame 835/1785
  ████████████░░░░░░░░░░░░░  51%  Streaming frame 836/1785
  ████████████░░░░░░░░░░░░░  51%  Streaming frame 837/1785
  ████████████░░░░░░░░░░░░░  51%  Streaming frame 838/1785
  ████████████░░░░░░░░░░░░░  51%  Streaming frame 839/1785
  ████████████░░░░░░░░░░░░░  51%  Streaming frame 840/1785
  ████████████░░░░░░░░░░░░░  51%  Streaming frame 841/1785
  ████████████░░░░░░░░░░░░░  51%  Streaming frame 842/1785
  ████████████░░░░░░░░░░░░░  51%  Streaming frame 843/1785
  ████████████░░░░░░░░░░░░░  51%  Streaming frame 844/1785
  ████████████░░░░░░░░░░░░░  51%  Streaming frame 845/1785
  ████████████░░░░░░░░░░░░░  51%  Streaming frame 846/1785
  ████████████░░░░░░░░░░░░░  51%  Streaming frame 847/1785
  ████████████░░░░░░░░░░░░░  51%  Streaming frame 848/1785
  ████████████░░░░░░░░░░░░░  51%  Streaming frame 849/1785
  ████████████░░░░░░░░░░░░░  51%  Streaming frame 850/1785
  ████████████░░░░░░░░░░░░░  51%  Streaming frame 851/1785
  ████████████░░░░░░░░░░░░░  51%  Streaming frame 852/1785
  ████████████░░░░░░░░░░░░░  51%  Streaming frame 853/1785
  ████████████░░░░░░░░░░░░░  51%  Streaming frame 854/1785
  ████████████░░░░░░░░░░░░░  51%  Streaming frame 855/1785
  ████████████░░░░░░░░░░░░░  51%  Streaming frame 856/1785
  ████████████░░░░░░░░░░░░░  51%  Streaming frame 857/1785
  ████████████░░░░░░░░░░░░░  51%  Streaming frame 858/1785
  ████████████░░░░░░░░░░░░░  51%  Streaming frame 859/1785
  ████████████░░░░░░░░░░░░░  51%  Streaming frame 860/1785
  █████████████░░░░░░░░░░░░  52%  Streaming frame 861/1785
  █████████████░░░░░░░░░░░░  52%  Streaming frame 862/1785
  █████████████░░░░░░░░░░░░  52%  Streaming frame 863/1785
  █████████████░░░░░░░░░░░░  52%  Streaming frame 864/1785
  █████████████░░░░░░░░░░░░  52%  Streaming frame 865/1785
  █████████████░░░░░░░░░░░░  52%  Streaming frame 866/1785
  █████████████░░░░░░░░░░░░  52%  Streaming frame 867/1785
  █████████████░░░░░░░░░░░░  52%  Streaming frame 868/1785
  █████████████░░░░░░░░░░░░  52%  Streaming frame 869/1785
  █████████████░░░░░░░░░░░░  52%  Streaming frame 870/1785
  █████████████░░░░░░░░░░░░  52%  Streaming frame 871/1785
  █████████████░░░░░░░░░░░░  52%  Streaming frame 872/1785
  █████████████░░░░░░░░░░░░  52%  Streaming frame 873/1785
  █████████████░░░░░░░░░░░░  52%  Streaming frame 874/1785
  █████████████░░░░░░░░░░░░  52%  Streaming frame 875/1785
  █████████████░░░░░░░░░░░░  52%  Streaming frame 876/1785
  █████████████░░░░░░░░░░░░  52%  Streaming frame 877/1785
  █████████████░░░░░░░░░░░░  52%  Streaming frame 878/1785
  █████████████░░░░░░░░░░░░  52%  Streaming frame 879/1785
  █████████████░░░░░░░░░░░░  52%  Streaming frame 880/1785
  █████████████░░░░░░░░░░░░  52%  Streaming frame 881/1785
  █████████████░░░░░░░░░░░░  52%  Streaming frame 882/1785
  █████████████░░░░░░░░░░░░  52%  Streaming frame 883/1785
  █████████████░░░░░░░░░░░░  52%  Streaming frame 884/1785
  █████████████░░░░░░░░░░░░  52%  Streaming frame 885/1785
  █████████████░░░░░░░░░░░░  52%  Streaming frame 886/1785
  █████████████░░░░░░░░░░░░  52%  Streaming frame 887/1785
  █████████████░░░░░░░░░░░░  52%  Streaming frame 888/1785
  █████████████░░░░░░░░░░░░  52%  Streaming frame 889/1785
  █████████████░░░░░░░░░░░░  52%  Streaming frame 890/1785
  █████████████░░░░░░░░░░░░  52%  Streaming frame 891/1785
  █████████████░░░░░░░░░░░░  52%  Streaming frame 892/1785
  █████████████░░░░░░░░░░░░  53%  Streaming frame 893/1785
[INFO] [Render] drawElement self-verify passed {"renderJobId":"4fb3f7ca-7907-4070-b0bf-0b4777b62f55","frame":893,"psnrDb":86.6}
  █████████████░░░░░░░░░░░░  53%  Streaming frame 894/1785
  █████████████░░░░░░░░░░░░  53%  Streaming frame 895/1785
  █████████████░░░░░░░░░░░░  53%  Streaming frame 896/1785
  █████████████░░░░░░░░░░░░  53%  Streaming frame 897/1785
  █████████████░░░░░░░░░░░░  53%  Streaming frame 898/1785
  █████████████░░░░░░░░░░░░  53%  Streaming frame 899/1785
  █████████████░░░░░░░░░░░░  53%  Streaming frame 900/1785
  █████████████░░░░░░░░░░░░  53%  Streaming frame 901/1785
  █████████████░░░░░░░░░░░░  53%  Streaming frame 902/1785
  █████████████░░░░░░░░░░░░  53%  Streaming frame 903/1785
  █████████████░░░░░░░░░░░░  53%  Streaming frame 904/1785
  █████████████░░░░░░░░░░░░  53%  Streaming frame 905/1785
  █████████████░░░░░░░░░░░░  53%  Streaming frame 906/1785
  █████████████░░░░░░░░░░░░  53%  Streaming frame 907/1785
  █████████████░░░░░░░░░░░░  53%  Streaming frame 908/1785
  █████████████░░░░░░░░░░░░  53%  Streaming frame 909/1785
  █████████████░░░░░░░░░░░░  53%  Streaming frame 910/1785
  █████████████░░░░░░░░░░░░  53%  Streaming frame 911/1785
  █████████████░░░░░░░░░░░░  53%  Streaming frame 912/1785
  █████████████░░░░░░░░░░░░  53%  Streaming frame 913/1785
  █████████████░░░░░░░░░░░░  53%  Streaming frame 914/1785
  █████████████░░░░░░░░░░░░  53%  Streaming frame 915/1785
  █████████████░░░░░░░░░░░░  53%  Streaming frame 916/1785
  █████████████░░░░░░░░░░░░  53%  Streaming frame 917/1785
  █████████████░░░░░░░░░░░░  53%  Streaming frame 918/1785
  █████████████░░░░░░░░░░░░  53%  Streaming frame 919/1785
  █████████████░░░░░░░░░░░░  53%  Streaming frame 920/1785
  █████████████░░░░░░░░░░░░  53%  Streaming frame 921/1785
  █████████████░░░░░░░░░░░░  53%  Streaming frame 922/1785
  █████████████░░░░░░░░░░░░  53%  Streaming frame 923/1785
  █████████████░░░░░░░░░░░░  53%  Streaming frame 924/1785
  █████████████░░░░░░░░░░░░  54%  Streaming frame 925/1785
  █████████████░░░░░░░░░░░░  54%  Streaming frame 926/1785
  █████████████░░░░░░░░░░░░  54%  Streaming frame 927/1785
  █████████████░░░░░░░░░░░░  54%  Streaming frame 928/1785
  █████████████░░░░░░░░░░░░  54%  Streaming frame 929/1785
  █████████████░░░░░░░░░░░░  54%  Streaming frame 930/1785
  █████████████░░░░░░░░░░░░  54%  Streaming frame 931/1785
  █████████████░░░░░░░░░░░░  54%  Streaming frame 932/1785
  █████████████░░░░░░░░░░░░  54%  Streaming frame 933/1785
  █████████████░░░░░░░░░░░░  54%  Streaming frame 934/1785
  █████████████░░░░░░░░░░░░  54%  Streaming frame 935/1785
  █████████████░░░░░░░░░░░░  54%  Streaming frame 936/1785
  █████████████░░░░░░░░░░░░  54%  Streaming frame 937/1785
  █████████████░░░░░░░░░░░░  54%  Streaming frame 938/1785
  █████████████░░░░░░░░░░░░  54%  Streaming frame 939/1785
  █████████████░░░░░░░░░░░░  54%  Streaming frame 940/1785
  █████████████░░░░░░░░░░░░  54%  Streaming frame 941/1785
  █████████████░░░░░░░░░░░░  54%  Streaming frame 942/1785
  █████████████░░░░░░░░░░░░  54%  Streaming frame 943/1785
  █████████████░░░░░░░░░░░░  54%  Streaming frame 944/1785
  █████████████░░░░░░░░░░░░  54%  Streaming frame 945/1785
  █████████████░░░░░░░░░░░░  54%  Streaming frame 946/1785
  █████████████░░░░░░░░░░░░  54%  Streaming frame 947/1785
  █████████████░░░░░░░░░░░░  54%  Streaming frame 948/1785
  █████████████░░░░░░░░░░░░  54%  Streaming frame 949/1785
  █████████████░░░░░░░░░░░░  54%  Streaming frame 950/1785
  █████████████░░░░░░░░░░░░  54%  Streaming frame 951/1785
  █████████████░░░░░░░░░░░░  54%  Streaming frame 952/1785
  █████████████░░░░░░░░░░░░  54%  Streaming frame 953/1785
  █████████████░░░░░░░░░░░░  54%  Streaming frame 954/1785
  █████████████░░░░░░░░░░░░  54%  Streaming frame 955/1785
  █████████████░░░░░░░░░░░░  54%  Streaming frame 956/1785
  █████████████░░░░░░░░░░░░  54%  Streaming frame 957/1785
  █████████████░░░░░░░░░░░░  55%  Streaming frame 958/1785
  █████████████░░░░░░░░░░░░  55%  Streaming frame 959/1785
  █████████████░░░░░░░░░░░░  55%  Streaming frame 960/1785
  █████████████░░░░░░░░░░░░  55%  Streaming frame 961/1785
  █████████████░░░░░░░░░░░░  55%  Streaming frame 962/1785
  █████████████░░░░░░░░░░░░  55%  Streaming frame 963/1785
  █████████████░░░░░░░░░░░░  55%  Streaming frame 964/1785
  █████████████░░░░░░░░░░░░  55%  Streaming frame 965/1785
  █████████████░░░░░░░░░░░░  55%  Streaming frame 966/1785
  █████████████░░░░░░░░░░░░  55%  Streaming frame 967/1785
  █████████████░░░░░░░░░░░░  55%  Streaming frame 968/1785
  █████████████░░░░░░░░░░░░  55%  Streaming frame 969/1785
  █████████████░░░░░░░░░░░░  55%  Streaming frame 970/1785
  █████████████░░░░░░░░░░░░  55%  Streaming frame 971/1785
  █████████████░░░░░░░░░░░░  55%  Streaming frame 972/1785
  █████████████░░░░░░░░░░░░  55%  Streaming frame 973/1785
  █████████████░░░░░░░░░░░░  55%  Streaming frame 974/1785
  █████████████░░░░░░░░░░░░  55%  Streaming frame 975/1785
  █████████████░░░░░░░░░░░░  55%  Streaming frame 976/1785
  █████████████░░░░░░░░░░░░  55%  Streaming frame 977/1785
  █████████████░░░░░░░░░░░░  55%  Streaming frame 978/1785
  █████████████░░░░░░░░░░░░  55%  Streaming frame 979/1785
  █████████████░░░░░░░░░░░░  55%  Streaming frame 980/1785
  █████████████░░░░░░░░░░░░  55%  Streaming frame 981/1785
  █████████████░░░░░░░░░░░░  55%  Streaming frame 982/1785
  █████████████░░░░░░░░░░░░  55%  Streaming frame 983/1785
  █████████████░░░░░░░░░░░░  55%  Streaming frame 984/1785
  █████████████░░░░░░░░░░░░  55%  Streaming frame 985/1785
  █████████████░░░░░░░░░░░░  55%  Streaming frame 986/1785
  █████████████░░░░░░░░░░░░  55%  Streaming frame 987/1785
  █████████████░░░░░░░░░░░░  55%  Streaming frame 988/1785
  █████████████░░░░░░░░░░░░  55%  Streaming frame 989/1785
  ██████████████░░░░░░░░░░░  56%  Streaming frame 990/1785
  ██████████████░░░░░░░░░░░  56%  Streaming frame 991/1785
  ██████████████░░░░░░░░░░░  56%  Streaming frame 992/1785
  ██████████████░░░░░░░░░░░  56%  Streaming frame 993/1785
  ██████████████░░░░░░░░░░░  56%  Streaming frame 994/1785
  ██████████████░░░░░░░░░░░  56%  Streaming frame 995/1785
  ██████████████░░░░░░░░░░░  56%  Streaming frame 996/1785
  ██████████████░░░░░░░░░░░  56%  Streaming frame 997/1785
  ██████████████░░░░░░░░░░░  56%  Streaming frame 998/1785
  ██████████████░░░░░░░░░░░  56%  Streaming frame 999/1785
  ██████████████░░░░░░░░░░░  56%  Streaming frame 1000/1785
  ██████████████░░░░░░░░░░░  56%  Streaming frame 1001/1785
  ██████████████░░░░░░░░░░░  56%  Streaming frame 1002/1785
  ██████████████░░░░░░░░░░░  56%  Streaming frame 1003/1785
  ██████████████░░░░░░░░░░░  56%  Streaming frame 1004/1785
  ██████████████░░░░░░░░░░░  56%  Streaming frame 1005/1785
  ██████████████░░░░░░░░░░░  56%  Streaming frame 1006/1785
  ██████████████░░░░░░░░░░░  56%  Streaming frame 1007/1785
  ██████████████░░░░░░░░░░░  56%  Streaming frame 1008/1785
  ██████████████░░░░░░░░░░░  56%  Streaming frame 1009/1785
  ██████████████░░░░░░░░░░░  56%  Streaming frame 1010/1785
  ██████████████░░░░░░░░░░░  56%  Streaming frame 1011/1785
  ██████████████░░░░░░░░░░░  56%  Streaming frame 1012/1785
  ██████████████░░░░░░░░░░░  56%  Streaming frame 1013/1785
  ██████████████░░░░░░░░░░░  56%  Streaming frame 1014/1785
  ██████████████░░░░░░░░░░░  56%  Streaming frame 1015/1785
  ██████████████░░░░░░░░░░░  56%  Streaming frame 1016/1785
  ██████████████░░░░░░░░░░░  56%  Streaming frame 1017/1785
  ██████████████░░░░░░░░░░░  56%  Streaming frame 1018/1785
  ██████████████░░░░░░░░░░░  56%  Streaming frame 1019/1785
  ██████████████░░░░░░░░░░░  56%  Streaming frame 1020/1785
  ██████████████░░░░░░░░░░░  56%  Streaming frame 1021/1785
  ██████████████░░░░░░░░░░░  56%  Streaming frame 1022/1785
  ██████████████░░░░░░░░░░░  57%  Streaming frame 1023/1785
  ██████████████░░░░░░░░░░░  57%  Streaming frame 1024/1785
  ██████████████░░░░░░░░░░░  57%  Streaming frame 1025/1785
  ██████████████░░░░░░░░░░░  57%  Streaming frame 1026/1785
  ██████████████░░░░░░░░░░░  57%  Streaming frame 1027/1785
  ██████████████░░░░░░░░░░░  57%  Streaming frame 1028/1785
  ██████████████░░░░░░░░░░░  57%  Streaming frame 1029/1785
  ██████████████░░░░░░░░░░░  57%  Streaming frame 1030/1785
  ██████████████░░░░░░░░░░░  57%  Streaming frame 1031/1785
[INFO] [Render:trace] {"renderJobId":"4fb3f7ca-7907-4070-b0bf-0b4777b62f55","phase":"capture_streaming","status":"checkpoint","elapsedMs":32502,"message":"stage still running","stagePhase":"capturing","workerCount":1,"forceScreenshot":false,"totalFrames":1785,"framesCompleted":1031,"captureMode":"drawelement","captureOperation":"drawElement","heartbeatIndex":1,"stageElapsedMs":30000}
  ██████████████░░░░░░░░░░░  57%  Streaming frame 1032/1785
  ██████████████░░░░░░░░░░░  57%  Streaming frame 1033/1785
  ██████████████░░░░░░░░░░░  57%  Streaming frame 1034/1785
  ██████████████░░░░░░░░░░░  57%  Streaming frame 1035/1785
  ██████████████░░░░░░░░░░░  57%  Streaming frame 1036/1785
  ██████████████░░░░░░░░░░░  57%  Streaming frame 1037/1785
  ██████████████░░░░░░░░░░░  57%  Streaming frame 1038/1785
  ██████████████░░░░░░░░░░░  57%  Streaming frame 1039/1785
  ██████████████░░░░░░░░░░░  57%  Streaming frame 1040/1785
  ██████████████░░░░░░░░░░░  57%  Streaming frame 1041/1785
  ██████████████░░░░░░░░░░░  57%  Streaming frame 1042/1785
  ██████████████░░░░░░░░░░░  57%  Streaming frame 1043/1785
  ██████████████░░░░░░░░░░░  57%  Streaming frame 1044/1785
  ██████████████░░░░░░░░░░░  57%  Streaming frame 1045/1785
  ██████████████░░░░░░░░░░░  57%  Streaming frame 1046/1785
  ██████████████░░░░░░░░░░░  57%  Streaming frame 1047/1785
  ██████████████░░░░░░░░░░░  57%  Streaming frame 1048/1785
  ██████████████░░░░░░░░░░░  57%  Streaming frame 1049/1785
  ██████████████░░░░░░░░░░░  57%  Streaming frame 1050/1785
  ██████████████░░░░░░░░░░░  57%  Streaming frame 1051/1785
  ██████████████░░░░░░░░░░░  57%  Streaming frame 1052/1785
  ██████████████░░░░░░░░░░░  57%  Streaming frame 1053/1785
  ██████████████░░░░░░░░░░░  57%  Streaming frame 1054/1785
  ██████████████░░░░░░░░░░░  58%  Streaming frame 1055/1785
  ██████████████░░░░░░░░░░░  58%  Streaming frame 1056/1785
  ██████████████░░░░░░░░░░░  58%  Streaming frame 1057/1785
  ██████████████░░░░░░░░░░░  58%  Streaming frame 1058/1785
  ██████████████░░░░░░░░░░░  58%  Streaming frame 1059/1785
  ██████████████░░░░░░░░░░░  58%  Streaming frame 1060/1785
  ██████████████░░░░░░░░░░░  58%  Streaming frame 1061/1785
  ██████████████░░░░░░░░░░░  58%  Streaming frame 1062/1785
  ██████████████░░░░░░░░░░░  58%  Streaming frame 1063/1785
  ██████████████░░░░░░░░░░░  58%  Streaming frame 1064/1785
  ██████████████░░░░░░░░░░░  58%  Streaming frame 1065/1785
  ██████████████░░░░░░░░░░░  58%  Streaming frame 1066/1785
  ██████████████░░░░░░░░░░░  58%  Streaming frame 1067/1785
  ██████████████░░░░░░░░░░░  58%  Streaming frame 1068/1785
  ██████████████░░░░░░░░░░░  58%  Streaming frame 1069/1785
  ██████████████░░░░░░░░░░░  58%  Streaming frame 1070/1785
  ██████████████░░░░░░░░░░░  58%  Streaming frame 1071/1785
  ██████████████░░░░░░░░░░░  58%  Streaming frame 1072/1785
  ██████████████░░░░░░░░░░░  58%  Streaming frame 1073/1785
  ██████████████░░░░░░░░░░░  58%  Streaming frame 1074/1785
  ██████████████░░░░░░░░░░░  58%  Streaming frame 1075/1785
  ██████████████░░░░░░░░░░░  58%  Streaming frame 1076/1785
  ██████████████░░░░░░░░░░░  58%  Streaming frame 1077/1785
  ██████████████░░░░░░░░░░░  58%  Streaming frame 1078/1785
  ██████████████░░░░░░░░░░░  58%  Streaming frame 1079/1785
  ██████████████░░░░░░░░░░░  58%  Streaming frame 1080/1785
  ██████████████░░░░░░░░░░░  58%  Streaming frame 1081/1785
  ██████████████░░░░░░░░░░░  58%  Streaming frame 1082/1785
  ██████████████░░░░░░░░░░░  58%  Streaming frame 1083/1785
  ██████████████░░░░░░░░░░░  58%  Streaming frame 1084/1785
  ██████████████░░░░░░░░░░░  58%  Streaming frame 1085/1785
  ██████████████░░░░░░░░░░░  58%  Streaming frame 1086/1785
  ██████████████░░░░░░░░░░░  58%  Streaming frame 1087/1785
  ██████████████░░░░░░░░░░░  59%  Streaming frame 1088/1785
  ██████████████░░░░░░░░░░░  59%  Streaming frame 1089/1785
  ██████████████░░░░░░░░░░░  59%  Streaming frame 1090/1785
  ██████████████░░░░░░░░░░░  59%  Streaming frame 1091/1785
  ██████████████░░░░░░░░░░░  59%  Streaming frame 1092/1785
  ██████████████░░░░░░░░░░░  59%  Streaming frame 1093/1785
  ██████████████░░░░░░░░░░░  59%  Streaming frame 1094/1785
  ██████████████░░░░░░░░░░░  59%  Streaming frame 1095/1785
  ██████████████░░░░░░░░░░░  59%  Streaming frame 1096/1785
  ██████████████░░░░░░░░░░░  59%  Streaming frame 1097/1785
  ██████████████░░░░░░░░░░░  59%  Streaming frame 1098/1785
  ██████████████░░░░░░░░░░░  59%  Streaming frame 1099/1785
  ██████████████░░░░░░░░░░░  59%  Streaming frame 1100/1785
  ██████████████░░░░░░░░░░░  59%  Streaming frame 1101/1785
  ██████████████░░░░░░░░░░░  59%  Streaming frame 1102/1785
  ██████████████░░░░░░░░░░░  59%  Streaming frame 1103/1785
  ██████████████░░░░░░░░░░░  59%  Streaming frame 1104/1785
  ██████████████░░░░░░░░░░░  59%  Streaming frame 1105/1785
  ██████████████░░░░░░░░░░░  59%  Streaming frame 1106/1785
  ██████████████░░░░░░░░░░░  59%  Streaming frame 1107/1785
  ██████████████░░░░░░░░░░░  59%  Streaming frame 1108/1785
  ██████████████░░░░░░░░░░░  59%  Streaming frame 1109/1785
  ██████████████░░░░░░░░░░░  59%  Streaming frame 1110/1785
  ██████████████░░░░░░░░░░░  59%  Streaming frame 1111/1785
  ██████████████░░░░░░░░░░░  59%  Streaming frame 1112/1785
  ██████████████░░░░░░░░░░░  59%  Streaming frame 1113/1785
  ██████████████░░░░░░░░░░░  59%  Streaming frame 1114/1785
  ██████████████░░░░░░░░░░░  59%  Streaming frame 1115/1785
  ██████████████░░░░░░░░░░░  59%  Streaming frame 1116/1785
  ██████████████░░░░░░░░░░░  59%  Streaming frame 1117/1785
  ██████████████░░░░░░░░░░░  59%  Streaming frame 1118/1785
  ██████████████░░░░░░░░░░░  59%  Streaming frame 1119/1785
  ███████████████░░░░░░░░░░  60%  Streaming frame 1120/1785
  ███████████████░░░░░░░░░░  60%  Streaming frame 1121/1785
  ███████████████░░░░░░░░░░  60%  Streaming frame 1122/1785
  ███████████████░░░░░░░░░░  60%  Streaming frame 1123/1785
  ███████████████░░░░░░░░░░  60%  Streaming frame 1124/1785
  ███████████████░░░░░░░░░░  60%  Streaming frame 1125/1785
  ███████████████░░░░░░░░░░  60%  Streaming frame 1126/1785
  ███████████████░░░░░░░░░░  60%  Streaming frame 1127/1785
  ███████████████░░░░░░░░░░  60%  Streaming frame 1128/1785
  ███████████████░░░░░░░░░░  60%  Streaming frame 1129/1785
  ███████████████░░░░░░░░░░  60%  Streaming frame 1130/1785
  ███████████████░░░░░░░░░░  60%  Streaming frame 1131/1785
  ███████████████░░░░░░░░░░  60%  Streaming frame 1132/1785
  ███████████████░░░░░░░░░░  60%  Streaming frame 1133/1785
  ███████████████░░░░░░░░░░  60%  Streaming frame 1134/1785
  ███████████████░░░░░░░░░░  60%  Streaming frame 1135/1785
  ███████████████░░░░░░░░░░  60%  Streaming frame 1136/1785
  ███████████████░░░░░░░░░░  60%  Streaming frame 1137/1785
  ███████████████░░░░░░░░░░  60%  Streaming frame 1138/1785
  ███████████████░░░░░░░░░░  60%  Streaming frame 1139/1785
  ███████████████░░░░░░░░░░  60%  Streaming frame 1140/1785
  ███████████████░░░░░░░░░░  60%  Streaming frame 1141/1785
  ███████████████░░░░░░░░░░  60%  Streaming frame 1142/1785
  ███████████████░░░░░░░░░░  60%  Streaming frame 1143/1785
  ███████████████░░░░░░░░░░  60%  Streaming frame 1144/1785
  ███████████████░░░░░░░░░░  60%  Streaming frame 1145/1785
  ███████████████░░░░░░░░░░  60%  Streaming frame 1146/1785
  ███████████████░░░░░░░░░░  60%  Streaming frame 1147/1785
  ███████████████░░░░░░░░░░  60%  Streaming frame 1148/1785
  ███████████████░░░░░░░░░░  60%  Streaming frame 1149/1785
  ███████████████░░░░░░░░░░  60%  Streaming frame 1150/1785
  ███████████████░░░░░░░░░░  60%  Streaming frame 1151/1785
  ███████████████░░░░░░░░░░  60%  Streaming frame 1152/1785
  ███████████████░░░░░░░░░░  61%  Streaming frame 1153/1785
  ███████████████░░░░░░░░░░  61%  Streaming frame 1154/1785
  ███████████████░░░░░░░░░░  61%  Streaming frame 1155/1785
  ███████████████░░░░░░░░░░  61%  Streaming frame 1156/1785
  ███████████████░░░░░░░░░░  61%  Streaming frame 1157/1785
  ███████████████░░░░░░░░░░  61%  Streaming frame 1158/1785
  ███████████████░░░░░░░░░░  61%  Streaming frame 1159/1785
  ███████████████░░░░░░░░░░  61%  Streaming frame 1160/1785
  ███████████████░░░░░░░░░░  61%  Streaming frame 1161/1785
  ███████████████░░░░░░░░░░  61%  Streaming frame 1162/1785
  ███████████████░░░░░░░░░░  61%  Streaming frame 1163/1785
  ███████████████░░░░░░░░░░  61%  Streaming frame 1164/1785
  ███████████████░░░░░░░░░░  61%  Streaming frame 1165/1785
  ███████████████░░░░░░░░░░  61%  Streaming frame 1166/1785
  ███████████████░░░░░░░░░░  61%  Streaming frame 1167/1785
  ███████████████░░░░░░░░░░  61%  Streaming frame 1168/1785
  ███████████████░░░░░░░░░░  61%  Streaming frame 1169/1785
  ███████████████░░░░░░░░░░  61%  Streaming frame 1170/1785
  ███████████████░░░░░░░░░░  61%  Streaming frame 1171/1785
  ███████████████░░░░░░░░░░  61%  Streaming frame 1172/1785
  ███████████████░░░░░░░░░░  61%  Streaming frame 1173/1785
  ███████████████░░░░░░░░░░  61%  Streaming frame 1174/1785
  ███████████████░░░░░░░░░░  61%  Streaming frame 1175/1785
  ███████████████░░░░░░░░░░  61%  Streaming frame 1176/1785
  ███████████████░░░░░░░░░░  61%  Streaming frame 1177/1785
  ███████████████░░░░░░░░░░  61%  Streaming frame 1178/1785
  ███████████████░░░░░░░░░░  61%  Streaming frame 1179/1785
  ███████████████░░░░░░░░░░  61%  Streaming frame 1180/1785
  ███████████████░░░░░░░░░░  61%  Streaming frame 1181/1785
  ███████████████░░░░░░░░░░  61%  Streaming frame 1182/1785
  ███████████████░░░░░░░░░░  61%  Streaming frame 1183/1785
  ███████████████░░░░░░░░░░  61%  Streaming frame 1184/1785
  ███████████████░░░░░░░░░░  62%  Streaming frame 1185/1785
  ███████████████░░░░░░░░░░  62%  Streaming frame 1186/1785
  ███████████████░░░░░░░░░░  62%  Streaming frame 1187/1785
  ███████████████░░░░░░░░░░  62%  Streaming frame 1188/1785
  ███████████████░░░░░░░░░░  62%  Streaming frame 1189/1785
  ███████████████░░░░░░░░░░  62%  Streaming frame 1190/1785
  ███████████████░░░░░░░░░░  62%  Streaming frame 1191/1785
  ███████████████░░░░░░░░░░  62%  Streaming frame 1192/1785
  ███████████████░░░░░░░░░░  62%  Streaming frame 1193/1785
  ███████████████░░░░░░░░░░  62%  Streaming frame 1194/1785
  ███████████████░░░░░░░░░░  62%  Streaming frame 1195/1785
  ███████████████░░░░░░░░░░  62%  Streaming frame 1196/1785
  ███████████████░░░░░░░░░░  62%  Streaming frame 1197/1785
  ███████████████░░░░░░░░░░  62%  Streaming frame 1198/1785
  ███████████████░░░░░░░░░░  62%  Streaming frame 1199/1785
  ███████████████░░░░░░░░░░  62%  Streaming frame 1200/1785
  ███████████████░░░░░░░░░░  62%  Streaming frame 1201/1785
  ███████████████░░░░░░░░░░  62%  Streaming frame 1202/1785
  ███████████████░░░░░░░░░░  62%  Streaming frame 1203/1785
  ███████████████░░░░░░░░░░  62%  Streaming frame 1204/1785
  ███████████████░░░░░░░░░░  62%  Streaming frame 1205/1785
  ███████████████░░░░░░░░░░  62%  Streaming frame 1206/1785
  ███████████████░░░░░░░░░░  62%  Streaming frame 1207/1785
  ███████████████░░░░░░░░░░  62%  Streaming frame 1208/1785
  ███████████████░░░░░░░░░░  62%  Streaming frame 1209/1785
  ███████████████░░░░░░░░░░  62%  Streaming frame 1210/1785
  ███████████████░░░░░░░░░░  62%  Streaming frame 1211/1785
  ███████████████░░░░░░░░░░  62%  Streaming frame 1212/1785
  ███████████████░░░░░░░░░░  62%  Streaming frame 1213/1785
  ███████████████░░░░░░░░░░  62%  Streaming frame 1214/1785
  ███████████████░░░░░░░░░░  62%  Streaming frame 1215/1785
  ███████████████░░░░░░░░░░  62%  Streaming frame 1216/1785
  ███████████████░░░░░░░░░░  62%  Streaming frame 1217/1785
  ███████████████░░░░░░░░░░  63%  Streaming frame 1218/1785
  ███████████████░░░░░░░░░░  63%  Streaming frame 1219/1785
  ███████████████░░░░░░░░░░  63%  Streaming frame 1220/1785
  ███████████████░░░░░░░░░░  63%  Streaming frame 1221/1785
  ███████████████░░░░░░░░░░  63%  Streaming frame 1222/1785
  ███████████████░░░░░░░░░░  63%  Streaming frame 1223/1785
  ███████████████░░░░░░░░░░  63%  Streaming frame 1224/1785
  ███████████████░░░░░░░░░░  63%  Streaming frame 1225/1785
  ███████████████░░░░░░░░░░  63%  Streaming frame 1226/1785
  ███████████████░░░░░░░░░░  63%  Streaming frame 1227/1785
  ███████████████░░░░░░░░░░  63%  Streaming frame 1228/1785
  ███████████████░░░░░░░░░░  63%  Streaming frame 1229/1785
  ███████████████░░░░░░░░░░  63%  Streaming frame 1230/1785
  ███████████████░░░░░░░░░░  63%  Streaming frame 1231/1785
  ███████████████░░░░░░░░░░  63%  Streaming frame 1232/1785
  ███████████████░░░░░░░░░░  63%  Streaming frame 1233/1785
  ███████████████░░░░░░░░░░  63%  Streaming frame 1234/1785
  ███████████████░░░░░░░░░░  63%  Streaming frame 1235/1785
  ███████████████░░░░░░░░░░  63%  Streaming frame 1236/1785
  ███████████████░░░░░░░░░░  63%  Streaming frame 1237/1785
  ███████████████░░░░░░░░░░  63%  Streaming frame 1238/1785
  ███████████████░░░░░░░░░░  63%  Streaming frame 1239/1785
  ███████████████░░░░░░░░░░  63%  Streaming frame 1240/1785
  ███████████████░░░░░░░░░░  63%  Streaming frame 1241/1785
  ███████████████░░░░░░░░░░  63%  Streaming frame 1242/1785
  ███████████████░░░░░░░░░░  63%  Streaming frame 1243/1785
  ███████████████░░░░░░░░░░  63%  Streaming frame 1244/1785
  ███████████████░░░░░░░░░░  63%  Streaming frame 1245/1785
  ███████████████░░░░░░░░░░  63%  Streaming frame 1246/1785
  ███████████████░░░░░░░░░░  63%  Streaming frame 1247/1785
  ███████████████░░░░░░░░░░  63%  Streaming frame 1248/1785
  ███████████████░░░░░░░░░░  63%  Streaming frame 1249/1785
  ████████████████░░░░░░░░░  64%  Streaming frame 1250/1785
  ████████████████░░░░░░░░░  64%  Streaming frame 1251/1785
  ████████████████░░░░░░░░░  64%  Streaming frame 1252/1785
  ████████████████░░░░░░░░░  64%  Streaming frame 1253/1785
  ████████████████░░░░░░░░░  64%  Streaming frame 1254/1785
  ████████████████░░░░░░░░░  64%  Streaming frame 1255/1785
  ████████████████░░░░░░░░░  64%  Streaming frame 1256/1785
  ████████████████░░░░░░░░░  64%  Streaming frame 1257/1785
  ████████████████░░░░░░░░░  64%  Streaming frame 1258/1785
  ████████████████░░░░░░░░░  64%  Streaming frame 1259/1785
  ████████████████░░░░░░░░░  64%  Streaming frame 1260/1785
  ████████████████░░░░░░░░░  64%  Streaming frame 1261/1785
  ████████████████░░░░░░░░░  64%  Streaming frame 1262/1785
  ████████████████░░░░░░░░░  64%  Streaming frame 1263/1785
  ████████████████░░░░░░░░░  64%  Streaming frame 1264/1785
  ████████████████░░░░░░░░░  64%  Streaming frame 1265/1785
  ████████████████░░░░░░░░░  64%  Streaming frame 1266/1785
  ████████████████░░░░░░░░░  64%  Streaming frame 1267/1785
  ████████████████░░░░░░░░░  64%  Streaming frame 1268/1785
  ████████████████░░░░░░░░░  64%  Streaming frame 1269/1785
  ████████████████░░░░░░░░░  64%  Streaming frame 1270/1785
  ████████████████░░░░░░░░░  64%  Streaming frame 1271/1785
  ████████████████░░░░░░░░░  64%  Streaming frame 1272/1785
  ████████████████░░░░░░░░░  64%  Streaming frame 1273/1785
  ████████████████░░░░░░░░░  64%  Streaming frame 1274/1785
  ████████████████░░░░░░░░░  64%  Streaming frame 1275/1785
  ████████████████░░░░░░░░░  64%  Streaming frame 1276/1785
  ████████████████░░░░░░░░░  64%  Streaming frame 1277/1785
  ████████████████░░░░░░░░░  64%  Streaming frame 1278/1785
  ████████████████░░░░░░░░░  64%  Streaming frame 1279/1785
  ████████████████░░░░░░░░░  64%  Streaming frame 1280/1785
  ████████████████░░░░░░░░░  64%  Streaming frame 1281/1785
  ████████████████░░░░░░░░░  65%  Streaming frame 1282/1785
  ████████████████░░░░░░░░░  65%  Streaming frame 1283/1785
  ████████████████░░░░░░░░░  65%  Streaming frame 1284/1785
  ████████████████░░░░░░░░░  65%  Streaming frame 1285/1785
  ████████████████░░░░░░░░░  65%  Streaming frame 1286/1785
  ████████████████░░░░░░░░░  65%  Streaming frame 1287/1785
  ████████████████░░░░░░░░░  65%  Streaming frame 1288/1785
  ████████████████░░░░░░░░░  65%  Streaming frame 1289/1785
  ████████████████░░░░░░░░░  65%  Streaming frame 1290/1785
  ████████████████░░░░░░░░░  65%  Streaming frame 1291/1785
  ████████████████░░░░░░░░░  65%  Streaming frame 1292/1785
  ████████████████░░░░░░░░░  65%  Streaming frame 1293/1785
  ████████████████░░░░░░░░░  65%  Streaming frame 1294/1785
  ████████████████░░░░░░░░░  65%  Streaming frame 1295/1785
  ████████████████░░░░░░░░░  65%  Streaming frame 1296/1785
  ████████████████░░░░░░░░░  65%  Streaming frame 1297/1785
  ████████████████░░░░░░░░░  65%  Streaming frame 1298/1785
  ████████████████░░░░░░░░░  65%  Streaming frame 1299/1785
  ████████████████░░░░░░░░░  65%  Streaming frame 1300/1785
  ████████████████░░░░░░░░░  65%  Streaming frame 1301/1785
  ████████████████░░░░░░░░░  65%  Streaming frame 1302/1785
  ████████████████░░░░░░░░░  65%  Streaming frame 1303/1785
  ████████████████░░░░░░░░░  65%  Streaming frame 1304/1785
  ████████████████░░░░░░░░░  65%  Streaming frame 1305/1785
  ████████████████░░░░░░░░░  65%  Streaming frame 1306/1785
  ████████████████░░░░░░░░░  65%  Streaming frame 1307/1785
  ████████████████░░░░░░░░░  65%  Streaming frame 1308/1785
  ████████████████░░░░░░░░░  65%  Streaming frame 1309/1785
  ████████████████░░░░░░░░░  65%  Streaming frame 1310/1785
  ████████████████░░░░░░░░░  65%  Streaming frame 1311/1785
  ████████████████░░░░░░░░░  65%  Streaming frame 1312/1785
  ████████████████░░░░░░░░░  65%  Streaming frame 1313/1785
  ████████████████░░░░░░░░░  65%  Streaming frame 1314/1785
  ████████████████░░░░░░░░░  66%  Streaming frame 1315/1785
  ████████████████░░░░░░░░░  66%  Streaming frame 1316/1785
  ████████████████░░░░░░░░░  66%  Streaming frame 1317/1785
  ████████████████░░░░░░░░░  66%  Streaming frame 1318/1785
  ████████████████░░░░░░░░░  66%  Streaming frame 1319/1785
  ████████████████░░░░░░░░░  66%  Streaming frame 1320/1785
  ████████████████░░░░░░░░░  66%  Streaming frame 1321/1785
  ████████████████░░░░░░░░░  66%  Streaming frame 1322/1785
  ████████████████░░░░░░░░░  66%  Streaming frame 1323/1785
  ████████████████░░░░░░░░░  66%  Streaming frame 1324/1785
  ████████████████░░░░░░░░░  66%  Streaming frame 1325/1785
  ████████████████░░░░░░░░░  66%  Streaming frame 1326/1785
  ████████████████░░░░░░░░░  66%  Streaming frame 1327/1785
  ████████████████░░░░░░░░░  66%  Streaming frame 1328/1785
  ████████████████░░░░░░░░░  66%  Streaming frame 1329/1785
  ████████████████░░░░░░░░░  66%  Streaming frame 1330/1785
  ████████████████░░░░░░░░░  66%  Streaming frame 1331/1785
  ████████████████░░░░░░░░░  66%  Streaming frame 1332/1785
  ████████████████░░░░░░░░░  66%  Streaming frame 1333/1785
  ████████████████░░░░░░░░░  66%  Streaming frame 1334/1785
  ████████████████░░░░░░░░░  66%  Streaming frame 1335/1785
  ████████████████░░░░░░░░░  66%  Streaming frame 1336/1785
  ████████████████░░░░░░░░░  66%  Streaming frame 1337/1785
  ████████████████░░░░░░░░░  66%  Streaming frame 1338/1785
  ████████████████░░░░░░░░░  66%  Streaming frame 1339/1785
[INFO] [Render] drawElement self-verify passed {"renderJobId":"4fb3f7ca-7907-4070-b0bf-0b4777b62f55","frame":1339,"psnrDb":63.1}
  ████████████████░░░░░░░░░  66%  Streaming frame 1340/1785
  ████████████████░░░░░░░░░  66%  Streaming frame 1341/1785
  ████████████████░░░░░░░░░  66%  Streaming frame 1342/1785
  ████████████████░░░░░░░░░  66%  Streaming frame 1343/1785
  ████████████████░░░░░░░░░  66%  Streaming frame 1344/1785
  ████████████████░░░░░░░░░  66%  Streaming frame 1345/1785
  ████████████████░░░░░░░░░  66%  Streaming frame 1346/1785
  ████████████████░░░░░░░░░  67%  Streaming frame 1347/1785
  ████████████████░░░░░░░░░  67%  Streaming frame 1348/1785
[WARN] [Render] drawElement blank-frame suspect; re-capturing {"renderJobId":"4fb3f7ca-7907-4070-b0bf-0b4777b62f55","frame":1348,"bytes":19500,"floor":20000}
[INFO] [Render] drawElement small frame is deterministic; accepted {"renderJobId":"4fb3f7ca-7907-4070-b0bf-0b4777b62f55","frame":1348,"bytes":19500}
  ████████████████░░░░░░░░░  67%  Streaming frame 1349/1785
  ████████████████░░░░░░░░░  67%  Streaming frame 1350/1785
  ████████████████░░░░░░░░░  67%  Streaming frame 1351/1785
  ████████████████░░░░░░░░░  67%  Streaming frame 1352/1785
  ████████████████░░░░░░░░░  67%  Streaming frame 1353/1785
  ████████████████░░░░░░░░░  67%  Streaming frame 1354/1785
  ████████████████░░░░░░░░░  67%  Streaming frame 1355/1785
  ████████████████░░░░░░░░░  67%  Streaming frame 1356/1785
  ████████████████░░░░░░░░░  67%  Streaming frame 1357/1785
  ████████████████░░░░░░░░░  67%  Streaming frame 1358/1785
  ████████████████░░░░░░░░░  67%  Streaming frame 1359/1785
  ████████████████░░░░░░░░░  67%  Streaming frame 1360/1785
  ████████████████░░░░░░░░░  67%  Streaming frame 1361/1785
  ████████████████░░░░░░░░░  67%  Streaming frame 1362/1785
  ████████████████░░░░░░░░░  67%  Streaming frame 1363/1785
  ████████████████░░░░░░░░░  67%  Streaming frame 1364/1785
  ████████████████░░░░░░░░░  67%  Streaming frame 1365/1785
  ████████████████░░░░░░░░░  67%  Streaming frame 1366/1785
  ████████████████░░░░░░░░░  67%  Streaming frame 1367/1785
  ████████████████░░░░░░░░░  67%  Streaming frame 1368/1785
  ████████████████░░░░░░░░░  67%  Streaming frame 1369/1785
  ████████████████░░░░░░░░░  67%  Streaming frame 1370/1785
  ████████████████░░░░░░░░░  67%  Streaming frame 1371/1785
  ████████████████░░░░░░░░░  67%  Streaming frame 1372/1785
  ████████████████░░░░░░░░░  67%  Streaming frame 1373/1785
  ████████████████░░░░░░░░░  67%  Streaming frame 1374/1785
  ████████████████░░░░░░░░░  67%  Streaming frame 1375/1785
  ████████████████░░░░░░░░░  67%  Streaming frame 1376/1785
  ████████████████░░░░░░░░░  67%  Streaming frame 1377/1785
  ████████████████░░░░░░░░░  67%  Streaming frame 1378/1785
  ████████████████░░░░░░░░░  67%  Streaming frame 1379/1785
  █████████████████░░░░░░░░  68%  Streaming frame 1380/1785
  █████████████████░░░░░░░░  68%  Streaming frame 1381/1785
  █████████████████░░░░░░░░  68%  Streaming frame 1382/1785
  █████████████████░░░░░░░░  68%  Streaming frame 1383/1785
  █████████████████░░░░░░░░  68%  Streaming frame 1384/1785
  █████████████████░░░░░░░░  68%  Streaming frame 1385/1785
  █████████████████░░░░░░░░  68%  Streaming frame 1386/1785
  █████████████████░░░░░░░░  68%  Streaming frame 1387/1785
  █████████████████░░░░░░░░  68%  Streaming frame 1388/1785
  █████████████████░░░░░░░░  68%  Streaming frame 1389/1785
  █████████████████░░░░░░░░  68%  Streaming frame 1390/1785
  █████████████████░░░░░░░░  68%  Streaming frame 1391/1785
  █████████████████░░░░░░░░  68%  Streaming frame 1392/1785
  █████████████████░░░░░░░░  68%  Streaming frame 1393/1785
  █████████████████░░░░░░░░  68%  Streaming frame 1394/1785
  █████████████████░░░░░░░░  68%  Streaming frame 1395/1785
  █████████████████░░░░░░░░  68%  Streaming frame 1396/1785
  █████████████████░░░░░░░░  68%  Streaming frame 1397/1785
  █████████████████░░░░░░░░  68%  Streaming frame 1398/1785
  █████████████████░░░░░░░░  68%  Streaming frame 1399/1785
  █████████████████░░░░░░░░  68%  Streaming frame 1400/1785
  █████████████████░░░░░░░░  68%  Streaming frame 1401/1785
  █████████████████░░░░░░░░  68%  Streaming frame 1402/1785
  █████████████████░░░░░░░░  68%  Streaming frame 1403/1785
  █████████████████░░░░░░░░  68%  Streaming frame 1404/1785
  █████████████████░░░░░░░░  68%  Streaming frame 1405/1785
  █████████████████░░░░░░░░  68%  Streaming frame 1406/1785
  █████████████████░░░░░░░░  68%  Streaming frame 1407/1785
  █████████████████░░░░░░░░  68%  Streaming frame 1408/1785
  █████████████████░░░░░░░░  68%  Streaming frame 1409/1785
  █████████████████░░░░░░░░  68%  Streaming frame 1410/1785
  █████████████████░░░░░░░░  68%  Streaming frame 1411/1785
  █████████████████░░░░░░░░  69%  Streaming frame 1412/1785
  █████████████████░░░░░░░░  69%  Streaming frame 1413/1785
  █████████████████░░░░░░░░  69%  Streaming frame 1414/1785
  █████████████████░░░░░░░░  69%  Streaming frame 1415/1785
  █████████████████░░░░░░░░  69%  Streaming frame 1416/1785
  █████████████████░░░░░░░░  69%  Streaming frame 1417/1785
  █████████████████░░░░░░░░  69%  Streaming frame 1418/1785
  █████████████████░░░░░░░░  69%  Streaming frame 1419/1785
  █████████████████░░░░░░░░  69%  Streaming frame 1420/1785
  █████████████████░░░░░░░░  69%  Streaming frame 1421/1785
  █████████████████░░░░░░░░  69%  Streaming frame 1422/1785
  █████████████████░░░░░░░░  69%  Streaming frame 1423/1785
  █████████████████░░░░░░░░  69%  Streaming frame 1424/1785
  █████████████████░░░░░░░░  69%  Streaming frame 1425/1785
  █████████████████░░░░░░░░  69%  Streaming frame 1426/1785
  █████████████████░░░░░░░░  69%  Streaming frame 1427/1785
  █████████████████░░░░░░░░  69%  Streaming frame 1428/1785
  █████████████████░░░░░░░░  69%  Streaming frame 1429/1785
  █████████████████░░░░░░░░  69%  Streaming frame 1430/1785
  █████████████████░░░░░░░░  69%  Streaming frame 1431/1785
  █████████████████░░░░░░░░  69%  Streaming frame 1432/1785
  █████████████████░░░░░░░░  69%  Streaming frame 1433/1785
  █████████████████░░░░░░░░  69%  Streaming frame 1434/1785
  █████████████████░░░░░░░░  69%  Streaming frame 1435/1785
  █████████████████░░░░░░░░  69%  Streaming frame 1436/1785
  █████████████████░░░░░░░░  69%  Streaming frame 1437/1785
  █████████████████░░░░░░░░  69%  Streaming frame 1438/1785
  █████████████████░░░░░░░░  69%  Streaming frame 1439/1785
  █████████████████░░░░░░░░  69%  Streaming frame 1440/1785
  █████████████████░░░░░░░░  69%  Streaming frame 1441/1785
  █████████████████░░░░░░░░  69%  Streaming frame 1442/1785
  █████████████████░░░░░░░░  69%  Streaming frame 1443/1785
  █████████████████░░░░░░░░  69%  Streaming frame 1444/1785
  █████████████████░░░░░░░░  70%  Streaming frame 1445/1785
  █████████████████░░░░░░░░  70%  Streaming frame 1446/1785
  █████████████████░░░░░░░░  70%  Streaming frame 1447/1785
  █████████████████░░░░░░░░  70%  Streaming frame 1448/1785
  █████████████████░░░░░░░░  70%  Streaming frame 1449/1785
  █████████████████░░░░░░░░  70%  Streaming frame 1450/1785
  █████████████████░░░░░░░░  70%  Streaming frame 1451/1785
  █████████████████░░░░░░░░  70%  Streaming frame 1452/1785
  █████████████████░░░░░░░░  70%  Streaming frame 1453/1785
  █████████████████░░░░░░░░  70%  Streaming frame 1454/1785
  █████████████████░░░░░░░░  70%  Streaming frame 1455/1785
  █████████████████░░░░░░░░  70%  Streaming frame 1456/1785
  █████████████████░░░░░░░░  70%  Streaming frame 1457/1785
  █████████████████░░░░░░░░  70%  Streaming frame 1458/1785
  █████████████████░░░░░░░░  70%  Streaming frame 1459/1785
  █████████████████░░░░░░░░  70%  Streaming frame 1460/1785
  █████████████████░░░░░░░░  70%  Streaming frame 1461/1785
  █████████████████░░░░░░░░  70%  Streaming frame 1462/1785
  █████████████████░░░░░░░░  70%  Streaming frame 1463/1785
  █████████████████░░░░░░░░  70%  Streaming frame 1464/1785
  █████████████████░░░░░░░░  70%  Streaming frame 1465/1785
  █████████████████░░░░░░░░  70%  Streaming frame 1466/1785
  █████████████████░░░░░░░░  70%  Streaming frame 1467/1785
  █████████████████░░░░░░░░  70%  Streaming frame 1468/1785
  █████████████████░░░░░░░░  70%  Streaming frame 1469/1785
  █████████████████░░░░░░░░  70%  Streaming frame 1470/1785
  █████████████████░░░░░░░░  70%  Streaming frame 1471/1785
  █████████████████░░░░░░░░  70%  Streaming frame 1472/1785
  █████████████████░░░░░░░░  70%  Streaming frame 1473/1785
  █████████████████░░░░░░░░  70%  Streaming frame 1474/1785
  █████████████████░░░░░░░░  70%  Streaming frame 1475/1785
  █████████████████░░░░░░░░  70%  Streaming frame 1476/1785
  █████████████████░░░░░░░░  71%  Streaming frame 1477/1785
  █████████████████░░░░░░░░  71%  Streaming frame 1478/1785
  █████████████████░░░░░░░░  71%  Streaming frame 1479/1785
  █████████████████░░░░░░░░  71%  Streaming frame 1480/1785
  █████████████████░░░░░░░░  71%  Streaming frame 1481/1785
  █████████████████░░░░░░░░  71%  Streaming frame 1482/1785
  █████████████████░░░░░░░░  71%  Streaming frame 1483/1785
  █████████████████░░░░░░░░  71%  Streaming frame 1484/1785
  █████████████████░░░░░░░░  71%  Streaming frame 1485/1785
  █████████████████░░░░░░░░  71%  Streaming frame 1486/1785
  █████████████████░░░░░░░░  71%  Streaming frame 1487/1785
  █████████████████░░░░░░░░  71%  Streaming frame 1488/1785
  █████████████████░░░░░░░░  71%  Streaming frame 1489/1785
  █████████████████░░░░░░░░  71%  Streaming frame 1490/1785
  █████████████████░░░░░░░░  71%  Streaming frame 1491/1785
  █████████████████░░░░░░░░  71%  Streaming frame 1492/1785
  █████████████████░░░░░░░░  71%  Streaming frame 1493/1785
  █████████████████░░░░░░░░  71%  Streaming frame 1494/1785
  █████████████████░░░░░░░░  71%  Streaming frame 1495/1785
  █████████████████░░░░░░░░  71%  Streaming frame 1496/1785
  █████████████████░░░░░░░░  71%  Streaming frame 1497/1785
  █████████████████░░░░░░░░  71%  Streaming frame 1498/1785
  █████████████████░░░░░░░░  71%  Streaming frame 1499/1785
  █████████████████░░░░░░░░  71%  Streaming frame 1500/1785
  █████████████████░░░░░░░░  71%  Streaming frame 1501/1785
  █████████████████░░░░░░░░  71%  Streaming frame 1502/1785
  █████████████████░░░░░░░░  71%  Streaming frame 1503/1785
  █████████████████░░░░░░░░  71%  Streaming frame 1504/1785
  █████████████████░░░░░░░░  71%  Streaming frame 1505/1785
  █████████████████░░░░░░░░  71%  Streaming frame 1506/1785
  █████████████████░░░░░░░░  71%  Streaming frame 1507/1785
  █████████████████░░░░░░░░  71%  Streaming frame 1508/1785
  █████████████████░░░░░░░░  71%  Streaming frame 1509/1785
  ██████████████████░░░░░░░  72%  Streaming frame 1510/1785
  ██████████████████░░░░░░░  72%  Streaming frame 1511/1785
  ██████████████████░░░░░░░  72%  Streaming frame 1512/1785
  ██████████████████░░░░░░░  72%  Streaming frame 1513/1785
  ██████████████████░░░░░░░  72%  Streaming frame 1514/1785
  ██████████████████░░░░░░░  72%  Streaming frame 1515/1785
  ██████████████████░░░░░░░  72%  Streaming frame 1516/1785
  ██████████████████░░░░░░░  72%  Streaming frame 1517/1785
  ██████████████████░░░░░░░  72%  Streaming frame 1518/1785
  ██████████████████░░░░░░░  72%  Streaming frame 1519/1785
  ██████████████████░░░░░░░  72%  Streaming frame 1520/1785
  ██████████████████░░░░░░░  72%  Streaming frame 1521/1785
  ██████████████████░░░░░░░  72%  Streaming frame 1522/1785
  ██████████████████░░░░░░░  72%  Streaming frame 1523/1785
  ██████████████████░░░░░░░  72%  Streaming frame 1524/1785
  ██████████████████░░░░░░░  72%  Streaming frame 1525/1785
  ██████████████████░░░░░░░  72%  Streaming frame 1526/1785
  ██████████████████░░░░░░░  72%  Streaming frame 1527/1785
  ██████████████████░░░░░░░  72%  Streaming frame 1528/1785
  ██████████████████░░░░░░░  72%  Streaming frame 1529/1785
  ██████████████████░░░░░░░  72%  Streaming frame 1530/1785
  ██████████████████░░░░░░░  72%  Streaming frame 1531/1785
  ██████████████████░░░░░░░  72%  Streaming frame 1532/1785
  ██████████████████░░░░░░░  72%  Streaming frame 1533/1785
  ██████████████████░░░░░░░  72%  Streaming frame 1534/1785
  ██████████████████░░░░░░░  72%  Streaming frame 1535/1785
  ██████████████████░░░░░░░  72%  Streaming frame 1536/1785
  ██████████████████░░░░░░░  72%  Streaming frame 1537/1785
  ██████████████████░░░░░░░  72%  Streaming frame 1538/1785
  ██████████████████░░░░░░░  72%  Streaming frame 1539/1785
  ██████████████████░░░░░░░  72%  Streaming frame 1540/1785
  ██████████████████░░░░░░░  72%  Streaming frame 1541/1785
  ██████████████████░░░░░░░  73%  Streaming frame 1542/1785
  ██████████████████░░░░░░░  73%  Streaming frame 1543/1785
  ██████████████████░░░░░░░  73%  Streaming frame 1544/1785
  ██████████████████░░░░░░░  73%  Streaming frame 1545/1785
  ██████████████████░░░░░░░  73%  Streaming frame 1546/1785
  ██████████████████░░░░░░░  73%  Streaming frame 1547/1785
  ██████████████████░░░░░░░  73%  Streaming frame 1548/1785
  ██████████████████░░░░░░░  73%  Streaming frame 1549/1785
  ██████████████████░░░░░░░  73%  Streaming frame 1550/1785
  ██████████████████░░░░░░░  73%  Streaming frame 1551/1785
  ██████████████████░░░░░░░  73%  Streaming frame 1552/1785
  ██████████████████░░░░░░░  73%  Streaming frame 1553/1785
  ██████████████████░░░░░░░  73%  Streaming frame 1554/1785
  ██████████████████░░░░░░░  73%  Streaming frame 1555/1785
  ██████████████████░░░░░░░  73%  Streaming frame 1556/1785
  ██████████████████░░░░░░░  73%  Streaming frame 1557/1785
  ██████████████████░░░░░░░  73%  Streaming frame 1558/1785
  ██████████████████░░░░░░░  73%  Streaming frame 1559/1785
  ██████████████████░░░░░░░  73%  Streaming frame 1560/1785
  ██████████████████░░░░░░░  73%  Streaming frame 1561/1785
  ██████████████████░░░░░░░  73%  Streaming frame 1562/1785
  ██████████████████░░░░░░░  73%  Streaming frame 1563/1785
  ██████████████████░░░░░░░  73%  Streaming frame 1564/1785
  ██████████████████░░░░░░░  73%  Streaming frame 1565/1785
  ██████████████████░░░░░░░  73%  Streaming frame 1566/1785
  ██████████████████░░░░░░░  73%  Streaming frame 1567/1785
  ██████████████████░░░░░░░  73%  Streaming frame 1568/1785
  ██████████████████░░░░░░░  73%  Streaming frame 1569/1785
  ██████████████████░░░░░░░  73%  Streaming frame 1570/1785
  ██████████████████░░░░░░░  73%  Streaming frame 1571/1785
  ██████████████████░░░░░░░  73%  Streaming frame 1572/1785
  ██████████████████░░░░░░░  73%  Streaming frame 1573/1785
  ██████████████████░░░░░░░  73%  Streaming frame 1574/1785
  ██████████████████░░░░░░░  74%  Streaming frame 1575/1785
  ██████████████████░░░░░░░  74%  Streaming frame 1576/1785
  ██████████████████░░░░░░░  74%  Streaming frame 1577/1785
  ██████████████████░░░░░░░  74%  Streaming frame 1578/1785
  ██████████████████░░░░░░░  74%  Streaming frame 1579/1785
  ██████████████████░░░░░░░  74%  Streaming frame 1580/1785
  ██████████████████░░░░░░░  74%  Streaming frame 1581/1785
  ██████████████████░░░░░░░  74%  Streaming frame 1582/1785
  ██████████████████░░░░░░░  74%  Streaming frame 1583/1785
  ██████████████████░░░░░░░  74%  Streaming frame 1584/1785
  ██████████████████░░░░░░░  74%  Streaming frame 1585/1785
  ██████████████████░░░░░░░  74%  Streaming frame 1586/1785
  ██████████████████░░░░░░░  74%  Streaming frame 1587/1785
  ██████████████████░░░░░░░  74%  Streaming frame 1588/1785
  ██████████████████░░░░░░░  74%  Streaming frame 1589/1785
  ██████████████████░░░░░░░  74%  Streaming frame 1590/1785
  ██████████████████░░░░░░░  74%  Streaming frame 1591/1785
  ██████████████████░░░░░░░  74%  Streaming frame 1592/1785
  ██████████████████░░░░░░░  74%  Streaming frame 1593/1785
  ██████████████████░░░░░░░  74%  Streaming frame 1594/1785
  ██████████████████░░░░░░░  74%  Streaming frame 1595/1785
  ██████████████████░░░░░░░  74%  Streaming frame 1596/1785
  ██████████████████░░░░░░░  74%  Streaming frame 1597/1785
  ██████████████████░░░░░░░  74%  Streaming frame 1598/1785
  ██████████████████░░░░░░░  74%  Streaming frame 1599/1785
  ██████████████████░░░░░░░  74%  Streaming frame 1600/1785
  ██████████████████░░░░░░░  74%  Streaming frame 1601/1785
  ██████████████████░░░░░░░  74%  Streaming frame 1602/1785
  ██████████████████░░░░░░░  74%  Streaming frame 1603/1785
  ██████████████████░░░░░░░  74%  Streaming frame 1604/1785
  ██████████████████░░░░░░░  74%  Streaming frame 1605/1785
  ██████████████████░░░░░░░  74%  Streaming frame 1606/1785
  ██████████████████░░░░░░░  75%  Streaming frame 1607/1785
  ██████████████████░░░░░░░  75%  Streaming frame 1608/1785
  ██████████████████░░░░░░░  75%  Streaming frame 1609/1785
  ██████████████████░░░░░░░  75%  Streaming frame 1610/1785
  ██████████████████░░░░░░░  75%  Streaming frame 1611/1785
  ██████████████████░░░░░░░  75%  Streaming frame 1612/1785
  ██████████████████░░░░░░░  75%  Streaming frame 1613/1785
  ██████████████████░░░░░░░  75%  Streaming frame 1614/1785
  ██████████████████░░░░░░░  75%  Streaming frame 1615/1785
  ██████████████████░░░░░░░  75%  Streaming frame 1616/1785
  ██████████████████░░░░░░░  75%  Streaming frame 1617/1785
  ██████████████████░░░░░░░  75%  Streaming frame 1618/1785
  ██████████████████░░░░░░░  75%  Streaming frame 1619/1785
  ██████████████████░░░░░░░  75%  Streaming frame 1620/1785
  ██████████████████░░░░░░░  75%  Streaming frame 1621/1785
  ██████████████████░░░░░░░  75%  Streaming frame 1622/1785
  ██████████████████░░░░░░░  75%  Streaming frame 1623/1785
  ██████████████████░░░░░░░  75%  Streaming frame 1624/1785
  ██████████████████░░░░░░░  75%  Streaming frame 1625/1785
  ██████████████████░░░░░░░  75%  Streaming frame 1626/1785
  ██████████████████░░░░░░░  75%  Streaming frame 1627/1785
  ██████████████████░░░░░░░  75%  Streaming frame 1628/1785
  ██████████████████░░░░░░░  75%  Streaming frame 1629/1785
  ██████████████████░░░░░░░  75%  Streaming frame 1630/1785
  ██████████████████░░░░░░░  75%  Streaming frame 1631/1785
  ██████████████████░░░░░░░  75%  Streaming frame 1632/1785
  ██████████████████░░░░░░░  75%  Streaming frame 1633/1785
  ██████████████████░░░░░░░  75%  Streaming frame 1634/1785
  ██████████████████░░░░░░░  75%  Streaming frame 1635/1785
  ██████████████████░░░░░░░  75%  Streaming frame 1636/1785
  ██████████████████░░░░░░░  75%  Streaming frame 1637/1785
  ██████████████████░░░░░░░  75%  Streaming frame 1638/1785
  ███████████████████░░░░░░  76%  Streaming frame 1639/1785
  ███████████████████░░░░░░  76%  Streaming frame 1640/1785
  ███████████████████░░░░░░  76%  Streaming frame 1641/1785
  ███████████████████░░░░░░  76%  Streaming frame 1642/1785
  ███████████████████░░░░░░  76%  Streaming frame 1643/1785
  ███████████████████░░░░░░  76%  Streaming frame 1644/1785
  ███████████████████░░░░░░  76%  Streaming frame 1645/1785
  ███████████████████░░░░░░  76%  Streaming frame 1646/1785
  ███████████████████░░░░░░  76%  Streaming frame 1647/1785
  ███████████████████░░░░░░  76%  Streaming frame 1648/1785
  ███████████████████░░░░░░  76%  Streaming frame 1649/1785
  ███████████████████░░░░░░  76%  Streaming frame 1650/1785
  ███████████████████░░░░░░  76%  Streaming frame 1651/1785
  ███████████████████░░░░░░  76%  Streaming frame 1652/1785
  ███████████████████░░░░░░  76%  Streaming frame 1653/1785
  ███████████████████░░░░░░  76%  Streaming frame 1654/1785
  ███████████████████░░░░░░  76%  Streaming frame 1655/1785
  ███████████████████░░░░░░  76%  Streaming frame 1656/1785
  ███████████████████░░░░░░  76%  Streaming frame 1657/1785
  ███████████████████░░░░░░  76%  Streaming frame 1658/1785
  ███████████████████░░░░░░  76%  Streaming frame 1659/1785
  ███████████████████░░░░░░  76%  Streaming frame 1660/1785
  ███████████████████░░░░░░  76%  Streaming frame 1661/1785
  ███████████████████░░░░░░  76%  Streaming frame 1662/1785
  ███████████████████░░░░░░  76%  Streaming frame 1663/1785
  ███████████████████░░░░░░  76%  Streaming frame 1664/1785
  ███████████████████░░░░░░  76%  Streaming frame 1665/1785
  ███████████████████░░░░░░  76%  Streaming frame 1666/1785
  ███████████████████░░░░░░  76%  Streaming frame 1667/1785
  ███████████████████░░░░░░  76%  Streaming frame 1668/1785
  ███████████████████░░░░░░  76%  Streaming frame 1669/1785
  ███████████████████░░░░░░  76%  Streaming frame 1670/1785
  ███████████████████░░░░░░  76%  Streaming frame 1671/1785
  ███████████████████░░░░░░  77%  Streaming frame 1672/1785
  ███████████████████░░░░░░  77%  Streaming frame 1673/1785
  ███████████████████░░░░░░  77%  Streaming frame 1674/1785
  ███████████████████░░░░░░  77%  Streaming frame 1675/1785
  ███████████████████░░░░░░  77%  Streaming frame 1676/1785
  ███████████████████░░░░░░  77%  Streaming frame 1677/1785
  ███████████████████░░░░░░  77%  Streaming frame 1678/1785
  ███████████████████░░░░░░  77%  Streaming frame 1679/1785
  ███████████████████░░░░░░  77%  Streaming frame 1680/1785
  ███████████████████░░░░░░  77%  Streaming frame 1681/1785
  ███████████████████░░░░░░  77%  Streaming frame 1682/1785
  ███████████████████░░░░░░  77%  Streaming frame 1683/1785
  ███████████████████░░░░░░  77%  Streaming frame 1684/1785
  ███████████████████░░░░░░  77%  Streaming frame 1685/1785
  ███████████████████░░░░░░  77%  Streaming frame 1686/1785
  ███████████████████░░░░░░  77%  Streaming frame 1687/1785
  ███████████████████░░░░░░  77%  Streaming frame 1688/1785
  ███████████████████░░░░░░  77%  Streaming frame 1689/1785
  ███████████████████░░░░░░  77%  Streaming frame 1690/1785
  ███████████████████░░░░░░  77%  Streaming frame 1691/1785
  ███████████████████░░░░░░  77%  Streaming frame 1692/1785
  ███████████████████░░░░░░  77%  Streaming frame 1693/1785
  ███████████████████░░░░░░  77%  Streaming frame 1694/1785
  ███████████████████░░░░░░  77%  Streaming frame 1695/1785
  ███████████████████░░░░░░  77%  Streaming frame 1696/1785
[INFO] [Render] drawElement self-verify passed {"renderJobId":"4fb3f7ca-7907-4070-b0bf-0b4777b62f55","frame":1696,"psnrDb":82.1}
  ███████████████████░░░░░░  77%  Streaming frame 1697/1785
  ███████████████████░░░░░░  77%  Streaming frame 1698/1785
  ███████████████████░░░░░░  77%  Streaming frame 1699/1785
  ███████████████████░░░░░░  77%  Streaming frame 1700/1785
  ███████████████████░░░░░░  77%  Streaming frame 1701/1785
  ███████████████████░░░░░░  77%  Streaming frame 1702/1785
  ███████████████████░░░░░░  77%  Streaming frame 1703/1785
  ███████████████████░░░░░░  78%  Streaming frame 1704/1785
  ███████████████████░░░░░░  78%  Streaming frame 1705/1785
  ███████████████████░░░░░░  78%  Streaming frame 1706/1785
  ███████████████████░░░░░░  78%  Streaming frame 1707/1785
  ███████████████████░░░░░░  78%  Streaming frame 1708/1785
  ███████████████████░░░░░░  78%  Streaming frame 1709/1785
  ███████████████████░░░░░░  78%  Streaming frame 1710/1785
  ███████████████████░░░░░░  78%  Streaming frame 1711/1785
  ███████████████████░░░░░░  78%  Streaming frame 1712/1785
  ███████████████████░░░░░░  78%  Streaming frame 1713/1785
  ███████████████████░░░░░░  78%  Streaming frame 1714/1785
  ███████████████████░░░░░░  78%  Streaming frame 1715/1785
  ███████████████████░░░░░░  78%  Streaming frame 1716/1785
  ███████████████████░░░░░░  78%  Streaming frame 1717/1785
  ███████████████████░░░░░░  78%  Streaming frame 1718/1785
  ███████████████████░░░░░░  78%  Streaming frame 1719/1785
  ███████████████████░░░░░░  78%  Streaming frame 1720/1785
  ███████████████████░░░░░░  78%  Streaming frame 1721/1785
  ███████████████████░░░░░░  78%  Streaming frame 1722/1785
  ███████████████████░░░░░░  78%  Streaming frame 1723/1785
  ███████████████████░░░░░░  78%  Streaming frame 1724/1785
  ███████████████████░░░░░░  78%  Streaming frame 1725/1785
  ███████████████████░░░░░░  78%  Streaming frame 1726/1785
  ███████████████████░░░░░░  78%  Streaming frame 1727/1785
  ███████████████████░░░░░░  78%  Streaming frame 1728/1785
  ███████████████████░░░░░░  78%  Streaming frame 1729/1785
  ███████████████████░░░░░░  78%  Streaming frame 1730/1785
  ███████████████████░░░░░░  78%  Streaming frame 1731/1785
  ███████████████████░░░░░░  78%  Streaming frame 1732/1785
  ███████████████████░░░░░░  78%  Streaming frame 1733/1785
  ███████████████████░░░░░░  78%  Streaming frame 1734/1785
  ███████████████████░░░░░░  78%  Streaming frame 1735/1785
  ███████████████████░░░░░░  78%  Streaming frame 1736/1785
  ███████████████████░░░░░░  79%  Streaming frame 1737/1785
  ███████████████████░░░░░░  79%  Streaming frame 1738/1785
  ███████████████████░░░░░░  79%  Streaming frame 1739/1785
  ███████████████████░░░░░░  79%  Streaming frame 1740/1785
  ███████████████████░░░░░░  79%  Streaming frame 1741/1785
  ███████████████████░░░░░░  79%  Streaming frame 1742/1785
  ███████████████████░░░░░░  79%  Streaming frame 1743/1785
  ███████████████████░░░░░░  79%  Streaming frame 1744/1785
  ███████████████████░░░░░░  79%  Streaming frame 1745/1785
  ███████████████████░░░░░░  79%  Streaming frame 1746/1785
  ███████████████████░░░░░░  79%  Streaming frame 1747/1785
  ███████████████████░░░░░░  79%  Streaming frame 1748/1785
  ███████████████████░░░░░░  79%  Streaming frame 1749/1785
  ███████████████████░░░░░░  79%  Streaming frame 1750/1785
  ███████████████████░░░░░░  79%  Streaming frame 1751/1785
  ███████████████████░░░░░░  79%  Streaming frame 1752/1785
  ███████████████████░░░░░░  79%  Streaming frame 1753/1785
  ███████████████████░░░░░░  79%  Streaming frame 1754/1785
  ███████████████████░░░░░░  79%  Streaming frame 1755/1785
  ███████████████████░░░░░░  79%  Streaming frame 1756/1785
  ███████████████████░░░░░░  79%  Streaming frame 1757/1785
  ███████████████████░░░░░░  79%  Streaming frame 1758/1785
  ███████████████████░░░░░░  79%  Streaming frame 1759/1785
  ███████████████████░░░░░░  79%  Streaming frame 1760/1785
  ███████████████████░░░░░░  79%  Streaming frame 1761/1785
  ███████████████████░░░░░░  79%  Streaming frame 1762/1785
  ███████████████████░░░░░░  79%  Streaming frame 1763/1785
  ███████████████████░░░░░░  79%  Streaming frame 1764/1785
  ███████████████████░░░░░░  79%  Streaming frame 1765/1785
  ███████████████████░░░░░░  79%  Streaming frame 1766/1785
  ███████████████████░░░░░░  79%  Streaming frame 1767/1785
  ███████████████████░░░░░░  79%  Streaming frame 1768/1785
  ████████████████████░░░░░  80%  Streaming frame 1769/1785
  ████████████████████░░░░░  80%  Streaming frame 1770/1785
  ████████████████████░░░░░  80%  Streaming frame 1771/1785
  ████████████████████░░░░░  80%  Streaming frame 1772/1785
  ████████████████████░░░░░  80%  Streaming frame 1773/1785
  ████████████████████░░░░░  80%  Streaming frame 1774/1785
  ████████████████████░░░░░  80%  Streaming frame 1775/1785
  ████████████████████░░░░░  80%  Streaming frame 1776/1785
  ████████████████████░░░░░  80%  Streaming frame 1777/1785
  ████████████████████░░░░░  80%  Streaming frame 1778/1785
  ████████████████████░░░░░  80%  Streaming frame 1779/1785
  ████████████████████░░░░░  80%  Streaming frame 1780/1785
  ████████████████████░░░░░  80%  Streaming frame 1781/1785
  ████████████████████░░░░░  80%  Streaming frame 1782/1785
  ████████████████████░░░░░  80%  Streaming frame 1783/1785
  ████████████████████░░░░░  80%  Streaming frame 1784/1785
  ████████████████████░░░░░  80%  Streaming frame 1785/1785
[INFO] [Render:trace] {"renderJobId":"4fb3f7ca-7907-4070-b0bf-0b4777b62f55","phase":"capture_streaming","status":"end","elapsedMs":47087,"durationMs":44585,"stagePhase":"capturing","workerCount":1,"forceScreenshot":false,"totalFrames":1785,"framesCompleted":1785,"captureMode":"drawelement","captureOperation":"encode"}
[INFO] [Render:trace] {"renderJobId":"4fb3f7ca-7907-4070-b0bf-0b4777b62f55","phase":"assemble","status":"start","elapsedMs":47087,"stagePhase":"capturing","hasAudio":true,"workerCount":1,"forceScreenshot":false,"totalFrames":1785,"framesCompleted":1785,"captureMode":"drawelement","captureOperation":"encode"}
  ██████████████████████░░░  90%  Assembling final video
[INFO] [Render:trace] {"renderJobId":"4fb3f7ca-7907-4070-b0bf-0b4777b62f55","phase":"assemble","status":"end","elapsedMs":48373,"durationMs":1286,"stagePhase":"capturing","hasAudio":true,"workerCount":1,"forceScreenshot":false,"totalFrames":1785,"framesCompleted":1785,"captureMode":"drawelement","captureOperation":"encode"}
[INFO] [Render:trace] {"renderJobId":"4fb3f7ca-7907-4070-b0bf-0b4777b62f55","phase":"pipeline","status":"checkpoint","elapsedMs":48413,"message":"artifact validated","totalElapsedMs":48402}
  █████████████████████████  100%  Render complete

◇  /Users/brownmanbrain/GitHub/operator-economy/blueprint-cinema/experiments/EP007-PREMIUM-CONTROLLED-004/review-media/ep007-original-film-seedance-hyperframes.mp4
   32.9 MB · 59.5s video · rendered in 48.4s
