
◆  Rendering r36-buyer-demand → /Users/brownmanbrain/GitHub/operator-economy/blueprint-cinema/experiments/EP007-NET-NEW-UNFINISHED-ANSWER-003/hyperframes/reviews/r36-buyer-demand/qa/r36-full-review.mp4
   24fps · draft · 1 workers
   GPU: browser GPU (auto-detect)

[?25l│
◇  Browser: cache
[?25h[INFO] [Render] Pipeline started {"renderJobId":"0864dc62-23d7-4255-b7df-8658ca5071d6","platform":"darwin","arch":"arm64","nodeVersion":"v25.6.1","fps":{"num":24,"den":1},"format":"mp4","quality":"draft","browserGpuMode":"auto","forceScreenshot":false,"protocolTimeout":300000,"browserTimeout":120000,"pageNavigationTimeout":60000,"playerReadyTimeout":45000}
[INFO] [Render:trace] {"renderJobId":"0864dc62-23d7-4255-b7df-8658ca5071d6","phase":"pipeline","status":"checkpoint","elapsedMs":2,"message":"started","format":"mp4","quality":"draft","browserGpuMode":"auto","forceScreenshot":false,"protocolTimeoutMs":300000,"pageNavigationTimeoutMs":60000,"playerReadyTimeoutMs":45000,"requestedWorkers":1}
[INFO] [Render:trace] {"renderJobId":"0864dc62-23d7-4255-b7df-8658ca5071d6","phase":"compile","status":"start","elapsedMs":2,"needsAlpha":false}
  █░░░░░░░░░░░░░░░░░░░░░░░░  5%  Compiling composition
[INFO] [Compiler] Fetched 7 font face(s) for "EB Garamond" from Google Fonts (cached to /Users/brownmanbrain/.cache/hyperframes/fonts/eb-garamond)
[INFO] [Compiler] Injected deterministic @font-face rules for 1 requested font families
[INFO] [Compiler] Embedded local font file: public/fonts/boska-700.woff2 (30 KB → data URI)
[INFO] [Compiler] Embedded local font file: public/fonts/zodiak-700.woff2 (21 KB → data URI)
[INFO] [Compiler] Embedded local font file: public/fonts/supreme-400.woff2 (18 KB → data URI)
[INFO] [Compiler] Embedded local font file: public/fonts/supreme-500.woff2 (18 KB → data URI)
[INFO] Compiled composition metadata {"renderJobId":"0864dc62-23d7-4255-b7df-8658ca5071d6","entryFile":"index.html","staticDuration":247.625,"width":1280,"height":720,"videoCount":15,"audioCount":6,"renderModeHints":{"recommendScreenshot":false,"reasons":[]}}
[WARN] [Compiler] WARNING: Video "avatar-hook" has sparse keyframes (max interval: 10.42s). This causes seek failures and frame freezing. Re-encode with: ffmpeg -i "public/media/avatar-v5-opening.mp4" -c:v libx264 -r 30 -g 30 -keyint_min 30 -movflags +faststart -c:a copy output.mp4
[WARN] [Compiler] WARNING: Video "workshop-wide" has sparse keyframes (max interval: 13.75s). This causes seek failures and frame freezing. Re-encode with: ffmpeg -i "public/media/establishing.mp4" -c:v libx264 -r 30 -g 30 -keyint_min 30 -movflags +faststart -c:a copy output.mp4
[WARN] [Compiler] WARNING: Video "owner-confidence" has sparse keyframes (max interval: 13.75s). This causes seek failures and frame freezing. Re-encode with: ffmpeg -i "public/media/establishing.mp4" -c:v libx264 -r 30 -g 30 -keyint_min 30 -movflags +faststart -c:a copy output.mp4
[WARN] [Compiler] WARNING: Video "buyer-numbers" has sparse keyframes (max interval: 13.75s). This causes seek failures and frame freezing. Re-encode with: ffmpeg -i "public/media/establishing.mp4" -c:v libx264 -r 30 -g 30 -keyint_min 30 -movflags +faststart -c:a copy output.mp4
[WARN] [Compiler] WARNING: Video "m-seller-video" has sparse keyframes (max interval: 13.75s). This causes seek failures and frame freezing. Re-encode with: ffmpeg -i "public/media/establishing.mp4" -c:v libx264 -r 30 -g 30 -keyint_min 30 -movflags +faststart -c:a copy output.mp4
[WARN] [Compiler] WARNING: Video "avatar-post-title" has sparse keyframes (max interval: 10.42s). This causes seek failures and frame freezing. Re-encode with: ffmpeg -i "public/media/v5-post-title-continuous.mp4" -c:v libx264 -r 30 -g 30 -keyint_min 30 -movflags +faststart -c:a copy output.mp4
[WARN] [Compiler] WARNING: Video "buyer-scrutiny-r36" has sparse keyframes (max interval: 13.75s). This causes seek failures and frame freezing. Re-encode with: ffmpeg -i "public/media/establishing.mp4" -c:v libx264 -r 30 -g 30 -keyint_min 30 -movflags +faststart -c:a copy output.mp4
[WARN] [Compiler] WARNING: Video "q-speaking" has sparse keyframes (max interval: 10.42s). This causes seek failures and frame freezing. Re-encode with: ffmpeg -i "public/media/question-pensive-r32-with-pause.mp4" -c:v libx264 -r 30 -g 30 -keyint_min 30 -movflags +faststart -c:a copy output.mp4
[INFO] [Render:trace] {"renderJobId":"0864dc62-23d7-4255-b7df-8658ca5071d6","phase":"compile","status":"end","elapsedMs":678,"durationMs":676,"needsAlpha":false}
[INFO] [Render:trace] {"renderJobId":"0864dc62-23d7-4255-b7df-8658ca5071d6","phase":"compile","status":"checkpoint","elapsedMs":680,"message":"composition metadata resolved","width":1280,"height":720,"videoCount":15,"audioCount":6,"imageCount":9,"deviceScaleFactor":1,"forceScreenshot":false,"compositionHash":"c3dfc5e8a43473c4"}
[INFO] [Render:trace] {"renderJobId":"0864dc62-23d7-4255-b7df-8658ca5071d6","phase":"browser_probe","status":"start","elapsedMs":680,"forceScreenshot":false,"stagePhase":"calibrating"}
[INFO] [Render:trace] {"renderJobId":"0864dc62-23d7-4255-b7df-8658ca5071d6","phase":"browser_probe","status":"end","elapsedMs":710,"durationMs":30,"forceScreenshot":false,"stagePhase":"calibrating"}
[INFO] [Render:trace] {"renderJobId":"0864dc62-23d7-4255-b7df-8658ca5071d6","phase":"browser_probe","status":"checkpoint","elapsedMs":712,"message":"duration resolved","durationSeconds":247.625,"totalFrames":5943,"compositionHash":"c3dfc5e8a43473c4","beginFrameStalled":false}
[INFO] [Render:trace] {"renderJobId":"0864dc62-23d7-4255-b7df-8658ca5071d6","phase":"video_extract","status":"start","elapsedMs":712,"videoCount":15}
[INFO] Probing video color spaces... {"renderJobId":"0864dc62-23d7-4255-b7df-8658ca5071d6","videoCount":15}
  ██░░░░░░░░░░░░░░░░░░░░░░░  10%  Extracting video frames
[INFO] Extracting frames from video 1/15 {"renderJobId":"0864dc62-23d7-4255-b7df-8658ca5071d6","sourceType":"local"}
[INFO] Extracting frames from video 2/15 {"renderJobId":"0864dc62-23d7-4255-b7df-8658ca5071d6","sourceType":"local"}
[INFO] Extracting frames from video 3/15 {"renderJobId":"0864dc62-23d7-4255-b7df-8658ca5071d6","sourceType":"local"}
[INFO] Extracting frames from video 4/15 {"renderJobId":"0864dc62-23d7-4255-b7df-8658ca5071d6","sourceType":"local"}
[INFO] Extracting frames from video 5/15 {"renderJobId":"0864dc62-23d7-4255-b7df-8658ca5071d6","sourceType":"local"}
[INFO] Extracting frames from video 6/15 {"renderJobId":"0864dc62-23d7-4255-b7df-8658ca5071d6","sourceType":"local"}
[INFO] Extracting frames from video 7/15 {"renderJobId":"0864dc62-23d7-4255-b7df-8658ca5071d6","sourceType":"local"}
[INFO] Extracting frames from video 8/15 {"renderJobId":"0864dc62-23d7-4255-b7df-8658ca5071d6","sourceType":"local"}
[INFO] Extracting frames from video 9/15 {"renderJobId":"0864dc62-23d7-4255-b7df-8658ca5071d6","sourceType":"local"}
[INFO] Extracting frames from video 10/15 {"renderJobId":"0864dc62-23d7-4255-b7df-8658ca5071d6","sourceType":"local"}
[INFO] Extracting frames from video 11/15 {"renderJobId":"0864dc62-23d7-4255-b7df-8658ca5071d6","sourceType":"local"}
[INFO] Extracting frames from video 12/15 {"renderJobId":"0864dc62-23d7-4255-b7df-8658ca5071d6","sourceType":"local"}
[INFO] Extracting frames from video 13/15 {"renderJobId":"0864dc62-23d7-4255-b7df-8658ca5071d6","sourceType":"local"}
[INFO] Extracting frames from video 14/15 {"renderJobId":"0864dc62-23d7-4255-b7df-8658ca5071d6","sourceType":"local"}
[INFO] Extracting frames from video 15/15 {"renderJobId":"0864dc62-23d7-4255-b7df-8658ca5071d6","sourceType":"local"}
[INFO] [Render:trace] {"renderJobId":"0864dc62-23d7-4255-b7df-8658ca5071d6","phase":"video_extract","status":"end","elapsedMs":740,"durationMs":28,"videoCount":15}
[INFO] [Render:trace] {"renderJobId":"0864dc62-23d7-4255-b7df-8658ca5071d6","phase":"video_extract","status":"checkpoint","elapsedMs":744,"message":"frames resolved","videoCount":15,"extractedVideoCount":15,"totalFramesExtracted":2018,"maxFramesPerVideo":360,"avgFramesPerExtractedVideo":135,"vfrPreflightCount":0,"vfrPreflightMs":0,"cacheHits":15,"cacheMisses":0,"transientRetries":0,"minVideoFrameCoverageRatio":1,"authoredTimedClipCount":31}
[INFO] [Render] No HDR sources detected — rendering SDR {"renderJobId":"0864dc62-23d7-4255-b7df-8658ca5071d6"}
[INFO] [Render:trace] {"renderJobId":"0864dc62-23d7-4255-b7df-8658ca5071d6","phase":"hdr_detection","status":"checkpoint","elapsedMs":744,"message":"resolved","requestedHdrMode":"auto","effectiveHdr":"sdr","nativeHdrVideoCount":0,"nativeHdrImageCount":0}
[INFO] [Render:trace] {"renderJobId":"0864dc62-23d7-4255-b7df-8658ca5071d6","phase":"audio_process","status":"start","elapsedMs":744,"audioCount":6}
  █████░░░░░░░░░░░░░░░░░░░░  20%  Processing audio tracks
[INFO] [Render:trace] {"renderJobId":"0864dc62-23d7-4255-b7df-8658ca5071d6","phase":"audio_process","status":"end","elapsedMs":5599,"durationMs":4855,"audioCount":6}
[INFO] [Render:trace] {"renderJobId":"0864dc62-23d7-4255-b7df-8658ca5071d6","phase":"file_server","status":"start","elapsedMs":5600,"reused":false}
  ██████░░░░░░░░░░░░░░░░░░░  25%  Starting frame capture
[INFO] [Render:trace] {"renderJobId":"0864dc62-23d7-4255-b7df-8658ca5071d6","phase":"file_server","status":"end","elapsedMs":5610,"durationMs":10}
[hyperframes] browserGpuMode probe → hardware (WebGL renderer vendor="Google Inc. (Apple)" renderer="ANGLE (Apple, ANGLE Metal Renderer: Apple M4, Unspecified Version)")
[INFO] [Render:trace] {"renderJobId":"0864dc62-23d7-4255-b7df-8658ca5071d6","phase":"capture_calibration","status":"checkpoint","elapsedMs":5912,"message":"skipped","requestedWorkers":1,"totalFrames":5943,"htmlInCanvasDetected":false,"lowMemoryMode":false,"deInversionEligible":false,"deParallelRouterEligible":false}
[INFO] [Render:trace] {"renderJobId":"0864dc62-23d7-4255-b7df-8658ca5071d6","phase":"worker_resolution","status":"checkpoint","elapsedMs":5913,"message":"resolved","workerCount":1}
[INFO] streaming-encode gate {"renderJobId":"0864dc62-23d7-4255-b7df-8658ca5071d6","enabled":true,"configFlag":true,"outputFormat":"mp4","workerCount":1,"durationSeconds":247.625,"maxDurationSeconds":300}
[INFO] [Render:trace] {"renderJobId":"0864dc62-23d7-4255-b7df-8658ca5071d6","phase":"capture_strategy","status":"checkpoint","elapsedMs":5913,"message":"resolved","workerCount":1,"forceScreenshot":false,"captureBeyondViewport":true,"useStreamingEncode":true,"useLayeredComposite":false,"usePageSideCompositing":false,"hasHdrContent":false,"hasShaderTransitions":false,"isPngSequence":false}
[INFO] [Render:trace] {"renderJobId":"0864dc62-23d7-4255-b7df-8658ca5071d6","phase":"capture_streaming","status":"start","elapsedMs":5913,"stagePhase":"capturing","workerCount":1,"forceScreenshot":false,"totalFrames":5943,"framesCompleted":0,"captureMode":"drawelement","captureOperation":"drawElement"}
[BrowserManager] Browser launched (HeadlessChrome/152.0.7977.30, screenshot, gl=--use-gl=angle --use-angle=metal, headlessShell=true, platform=darwin)
[initSession:screenshot] page.goto start (0ms)
[HyperFrames] render runtime fps [object Object]
[initSession:screenshot] page.goto complete (174ms)
[initSession:screenshot] GSAP proxy flush complete (356ms)
[initSession:screenshot] pollHfReady complete (412ms)
[initSession:screenshot] pollSubCompositionTimelines complete (ready) (424ms)
[initSession:screenshot] applyVideoMetadataHints complete (426ms)
[initSession:screenshot] media + fonts + tailwind ready (431ms)
[initSession:screenshot] captureBeyondViewport downgraded: page content fits the capture viewport (435ms)
[initSession:screenshot] timeline at-risk predictor: 0/5943 frames (0%) (479ms)
[initSession:screenshot] static-frame dedup: disabled (before-capture hook / video injection active) (481ms)
[initSession:screenshot] drawElement self-verify armed: 4 ground-truth frame(s) @ [1486, 2972, 4457, 5646] of 5943 (882ms)
[initSession:drawelement] drawElement canvas injected (886ms)
[initSession:drawelement] screenshot fallback: 80 clip-boundary frame(s) (887ms)
[initSession:drawelement] drawElement worker encode initialized (891ms)
  ██████░░░░░░░░░░░░░░░░░░░  25%  Streaming frame 1/5943
  ██████░░░░░░░░░░░░░░░░░░░  25%  Streaming frame 2/5943
  ██████░░░░░░░░░░░░░░░░░░░  25%  Streaming frame 3/5943
  ██████░░░░░░░░░░░░░░░░░░░  25%  Streaming frame 4/5943
  ██████░░░░░░░░░░░░░░░░░░░  25%  Streaming frame 5/5943
  ██████░░░░░░░░░░░░░░░░░░░  25%  Streaming frame 6/5943
  ██████░░░░░░░░░░░░░░░░░░░  25%  Streaming frame 7/5943
  ██████░░░░░░░░░░░░░░░░░░░  25%  Streaming frame 8/5943
  ██████░░░░░░░░░░░░░░░░░░░  25%  Streaming frame 9/5943
  ██████░░░░░░░░░░░░░░░░░░░  25%  Streaming frame 10/5943
  ██████░░░░░░░░░░░░░░░░░░░  25%  Streaming frame 11/5943
  ██████░░░░░░░░░░░░░░░░░░░  25%  Streaming frame 12/5943
  ██████░░░░░░░░░░░░░░░░░░░  25%  Streaming frame 13/5943
  ██████░░░░░░░░░░░░░░░░░░░  25%  Streaming frame 14/5943
  ██████░░░░░░░░░░░░░░░░░░░  25%  Streaming frame 15/5943
  ██████░░░░░░░░░░░░░░░░░░░  25%  Streaming frame 16/5943
  ██████░░░░░░░░░░░░░░░░░░░  25%  Streaming frame 17/5943
  ██████░░░░░░░░░░░░░░░░░░░  25%  Streaming frame 18/5943
  ██████░░░░░░░░░░░░░░░░░░░  25%  Streaming frame 19/5943
  ██████░░░░░░░░░░░░░░░░░░░  25%  Streaming frame 20/5943
  ██████░░░░░░░░░░░░░░░░░░░  25%  Streaming frame 21/5943
  ██████░░░░░░░░░░░░░░░░░░░  25%  Streaming frame 22/5943
  ██████░░░░░░░░░░░░░░░░░░░  25%  Streaming frame 23/5943
  ██████░░░░░░░░░░░░░░░░░░░  25%  Streaming frame 24/5943
  ██████░░░░░░░░░░░░░░░░░░░  25%  Streaming frame 25/5943
  ██████░░░░░░░░░░░░░░░░░░░  25%  Streaming frame 26/5943
  ██████░░░░░░░░░░░░░░░░░░░  25%  Streaming frame 27/5943
  ██████░░░░░░░░░░░░░░░░░░░  25%  Streaming frame 28/5943
  ██████░░░░░░░░░░░░░░░░░░░  25%  Streaming frame 29/5943
  ██████░░░░░░░░░░░░░░░░░░░  25%  Streaming frame 30/5943
  ██████░░░░░░░░░░░░░░░░░░░  25%  Streaming frame 31/5943
  ██████░░░░░░░░░░░░░░░░░░░  25%  Streaming frame 32/5943
  ██████░░░░░░░░░░░░░░░░░░░  25%  Streaming frame 33/5943
  ██████░░░░░░░░░░░░░░░░░░░  25%  Streaming frame 34/5943
  ██████░░░░░░░░░░░░░░░░░░░  25%  Streaming frame 35/5943
  ██████░░░░░░░░░░░░░░░░░░░  25%  Streaming frame 36/5943
  ██████░░░░░░░░░░░░░░░░░░░  25%  Streaming frame 37/5943
  ██████░░░░░░░░░░░░░░░░░░░  25%  Streaming frame 38/5943
  ██████░░░░░░░░░░░░░░░░░░░  25%  Streaming frame 39/5943
  ██████░░░░░░░░░░░░░░░░░░░  25%  Streaming frame 40/5943
  ██████░░░░░░░░░░░░░░░░░░░  25%  Streaming frame 41/5943
  ██████░░░░░░░░░░░░░░░░░░░  25%  Streaming frame 42/5943
  ██████░░░░░░░░░░░░░░░░░░░  25%  Streaming frame 43/5943
  ██████░░░░░░░░░░░░░░░░░░░  25%  Streaming frame 44/5943
  ██████░░░░░░░░░░░░░░░░░░░  25%  Streaming frame 45/5943
  ██████░░░░░░░░░░░░░░░░░░░  25%  Streaming frame 46/5943
  ██████░░░░░░░░░░░░░░░░░░░  25%  Streaming frame 47/5943
  ██████░░░░░░░░░░░░░░░░░░░  25%  Streaming frame 48/5943
  ██████░░░░░░░░░░░░░░░░░░░  25%  Streaming frame 49/5943
  ██████░░░░░░░░░░░░░░░░░░░  25%  Streaming frame 50/5943
  ██████░░░░░░░░░░░░░░░░░░░  25%  Streaming frame 51/5943
  ██████░░░░░░░░░░░░░░░░░░░  25%  Streaming frame 52/5943
  ██████░░░░░░░░░░░░░░░░░░░  25%  Streaming frame 53/5943
  ██████░░░░░░░░░░░░░░░░░░░  25%  Streaming frame 54/5943
  ██████░░░░░░░░░░░░░░░░░░░  26%  Streaming frame 55/5943
  ██████░░░░░░░░░░░░░░░░░░░  26%  Streaming frame 56/5943
  ██████░░░░░░░░░░░░░░░░░░░  26%  Streaming frame 57/5943
  ██████░░░░░░░░░░░░░░░░░░░  26%  Streaming frame 58/5943
  ██████░░░░░░░░░░░░░░░░░░░  26%  Streaming frame 59/5943
  ██████░░░░░░░░░░░░░░░░░░░  26%  Streaming frame 60/5943
  ██████░░░░░░░░░░░░░░░░░░░  26%  Streaming frame 61/5943
  ██████░░░░░░░░░░░░░░░░░░░  26%  Streaming frame 62/5943
  ██████░░░░░░░░░░░░░░░░░░░  26%  Streaming frame 63/5943
  ██████░░░░░░░░░░░░░░░░░░░  26%  Streaming frame 64/5943
  ██████░░░░░░░░░░░░░░░░░░░  26%  Streaming frame 65/5943
  ██████░░░░░░░░░░░░░░░░░░░  26%  Streaming frame 66/5943
  ██████░░░░░░░░░░░░░░░░░░░  26%  Streaming frame 67/5943
  ██████░░░░░░░░░░░░░░░░░░░  26%  Streaming frame 68/5943
  ██████░░░░░░░░░░░░░░░░░░░  26%  Streaming frame 69/5943
  ██████░░░░░░░░░░░░░░░░░░░  26%  Streaming frame 70/5943
  ██████░░░░░░░░░░░░░░░░░░░  26%  Streaming frame 71/5943
  ██████░░░░░░░░░░░░░░░░░░░  26%  Streaming frame 72/5943
  ██████░░░░░░░░░░░░░░░░░░░  26%  Streaming frame 73/5943
  ██████░░░░░░░░░░░░░░░░░░░  26%  Streaming frame 74/5943
  ██████░░░░░░░░░░░░░░░░░░░  26%  Streaming frame 75/5943
  ██████░░░░░░░░░░░░░░░░░░░  26%  Streaming frame 76/5943
  ██████░░░░░░░░░░░░░░░░░░░  26%  Streaming frame 77/5943
  ██████░░░░░░░░░░░░░░░░░░░  26%  Streaming frame 78/5943
  ██████░░░░░░░░░░░░░░░░░░░  26%  Streaming frame 79/5943
  ██████░░░░░░░░░░░░░░░░░░░  26%  Streaming frame 80/5943
  ██████░░░░░░░░░░░░░░░░░░░  26%  Streaming frame 81/5943
  ██████░░░░░░░░░░░░░░░░░░░  26%  Streaming frame 82/5943
  ██████░░░░░░░░░░░░░░░░░░░  26%  Streaming frame 83/5943
  ██████░░░░░░░░░░░░░░░░░░░  26%  Streaming frame 84/5943
  ██████░░░░░░░░░░░░░░░░░░░  26%  Streaming frame 85/5943
  ██████░░░░░░░░░░░░░░░░░░░  26%  Streaming frame 86/5943
  ██████░░░░░░░░░░░░░░░░░░░  26%  Streaming frame 87/5943
  ██████░░░░░░░░░░░░░░░░░░░  26%  Streaming frame 88/5943
  ██████░░░░░░░░░░░░░░░░░░░  26%  Streaming frame 89/5943
  ██████░░░░░░░░░░░░░░░░░░░  26%  Streaming frame 90/5943
  ██████░░░░░░░░░░░░░░░░░░░  26%  Streaming frame 91/5943
  ██████░░░░░░░░░░░░░░░░░░░  26%  Streaming frame 92/5943
  ██████░░░░░░░░░░░░░░░░░░░  26%  Streaming frame 93/5943
  ██████░░░░░░░░░░░░░░░░░░░  26%  Streaming frame 94/5943
  ██████░░░░░░░░░░░░░░░░░░░  26%  Streaming frame 95/5943
  ██████░░░░░░░░░░░░░░░░░░░  26%  Streaming frame 96/5943
  ██████░░░░░░░░░░░░░░░░░░░  26%  Streaming frame 97/5943
  ██████░░░░░░░░░░░░░░░░░░░  26%  Streaming frame 98/5943
  ██████░░░░░░░░░░░░░░░░░░░  26%  Streaming frame 99/5943
  ██████░░░░░░░░░░░░░░░░░░░  26%  Streaming frame 100/5943
  ██████░░░░░░░░░░░░░░░░░░░  26%  Streaming frame 101/5943
  ██████░░░░░░░░░░░░░░░░░░░  26%  Streaming frame 102/5943
  ██████░░░░░░░░░░░░░░░░░░░  26%  Streaming frame 103/5943
  ██████░░░░░░░░░░░░░░░░░░░  26%  Streaming frame 104/5943
  ██████░░░░░░░░░░░░░░░░░░░  26%  Streaming frame 105/5943
  ██████░░░░░░░░░░░░░░░░░░░  26%  Streaming frame 106/5943
  ██████░░░░░░░░░░░░░░░░░░░  26%  Streaming frame 107/5943
  ██████░░░░░░░░░░░░░░░░░░░  26%  Streaming frame 108/5943
  ██████░░░░░░░░░░░░░░░░░░░  26%  Streaming frame 109/5943
  ██████░░░░░░░░░░░░░░░░░░░  26%  Streaming frame 110/5943
  ██████░░░░░░░░░░░░░░░░░░░  26%  Streaming frame 111/5943
  ██████░░░░░░░░░░░░░░░░░░░  26%  Streaming frame 112/5943
  ██████░░░░░░░░░░░░░░░░░░░  26%  Streaming frame 113/5943
  ██████░░░░░░░░░░░░░░░░░░░  26%  Streaming frame 114/5943
  ██████░░░░░░░░░░░░░░░░░░░  26%  Streaming frame 115/5943
  ██████░░░░░░░░░░░░░░░░░░░  26%  Streaming frame 116/5943
  ██████░░░░░░░░░░░░░░░░░░░  26%  Streaming frame 117/5943
  ██████░░░░░░░░░░░░░░░░░░░  26%  Streaming frame 118/5943
  ██████░░░░░░░░░░░░░░░░░░░  26%  Streaming frame 119/5943
  ██████░░░░░░░░░░░░░░░░░░░  26%  Streaming frame 120/5943
  ██████░░░░░░░░░░░░░░░░░░░  26%  Streaming frame 121/5943
  ██████░░░░░░░░░░░░░░░░░░░  26%  Streaming frame 122/5943
  ██████░░░░░░░░░░░░░░░░░░░  26%  Streaming frame 123/5943
  ██████░░░░░░░░░░░░░░░░░░░  26%  Streaming frame 124/5943
  ██████░░░░░░░░░░░░░░░░░░░  26%  Streaming frame 125/5943
  ██████░░░░░░░░░░░░░░░░░░░  26%  Streaming frame 126/5943
  ██████░░░░░░░░░░░░░░░░░░░  26%  Streaming frame 127/5943
  ██████░░░░░░░░░░░░░░░░░░░  26%  Streaming frame 128/5943
  ██████░░░░░░░░░░░░░░░░░░░  26%  Streaming frame 129/5943
  ██████░░░░░░░░░░░░░░░░░░░  26%  Streaming frame 130/5943
  ██████░░░░░░░░░░░░░░░░░░░  26%  Streaming frame 131/5943
  ██████░░░░░░░░░░░░░░░░░░░  26%  Streaming frame 132/5943
  ██████░░░░░░░░░░░░░░░░░░░  26%  Streaming frame 133/5943
  ██████░░░░░░░░░░░░░░░░░░░  26%  Streaming frame 134/5943
  ██████░░░░░░░░░░░░░░░░░░░  26%  Streaming frame 135/5943
  ██████░░░░░░░░░░░░░░░░░░░  26%  Streaming frame 136/5943
  ██████░░░░░░░░░░░░░░░░░░░  26%  Streaming frame 137/5943
  ██████░░░░░░░░░░░░░░░░░░░  26%  Streaming frame 138/5943
  ██████░░░░░░░░░░░░░░░░░░░  26%  Streaming frame 139/5943
  ██████░░░░░░░░░░░░░░░░░░░  26%  Streaming frame 140/5943
  ██████░░░░░░░░░░░░░░░░░░░  26%  Streaming frame 141/5943
  ██████░░░░░░░░░░░░░░░░░░░  26%  Streaming frame 142/5943
  ██████░░░░░░░░░░░░░░░░░░░  26%  Streaming frame 143/5943
  ██████░░░░░░░░░░░░░░░░░░░  26%  Streaming frame 144/5943
  ██████░░░░░░░░░░░░░░░░░░░  26%  Streaming frame 145/5943
  ██████░░░░░░░░░░░░░░░░░░░  26%  Streaming frame 146/5943
  ██████░░░░░░░░░░░░░░░░░░░  26%  Streaming frame 147/5943
  ██████░░░░░░░░░░░░░░░░░░░  26%  Streaming frame 148/5943
  ██████░░░░░░░░░░░░░░░░░░░  26%  Streaming frame 149/5943
  ██████░░░░░░░░░░░░░░░░░░░  26%  Streaming frame 150/5943
  ██████░░░░░░░░░░░░░░░░░░░  26%  Streaming frame 151/5943
  ██████░░░░░░░░░░░░░░░░░░░  26%  Streaming frame 152/5943
  ██████░░░░░░░░░░░░░░░░░░░  26%  Streaming frame 153/5943
  ██████░░░░░░░░░░░░░░░░░░░  26%  Streaming frame 154/5943
  ██████░░░░░░░░░░░░░░░░░░░  26%  Streaming frame 155/5943
  ██████░░░░░░░░░░░░░░░░░░░  26%  Streaming frame 156/5943
  ██████░░░░░░░░░░░░░░░░░░░  26%  Streaming frame 157/5943
  ██████░░░░░░░░░░░░░░░░░░░  26%  Streaming frame 158/5943
  ██████░░░░░░░░░░░░░░░░░░░  26%  Streaming frame 159/5943
  ██████░░░░░░░░░░░░░░░░░░░  26%  Streaming frame 160/5943
  ██████░░░░░░░░░░░░░░░░░░░  26%  Streaming frame 161/5943
  ██████░░░░░░░░░░░░░░░░░░░  26%  Streaming frame 162/5943
  ██████░░░░░░░░░░░░░░░░░░░  27%  Streaming frame 163/5943
  ██████░░░░░░░░░░░░░░░░░░░  27%  Streaming frame 164/5943
  ██████░░░░░░░░░░░░░░░░░░░  27%  Streaming frame 165/5943
  ██████░░░░░░░░░░░░░░░░░░░  27%  Streaming frame 166/5943
  ██████░░░░░░░░░░░░░░░░░░░  27%  Streaming frame 167/5943
  ██████░░░░░░░░░░░░░░░░░░░  27%  Streaming frame 168/5943
  ██████░░░░░░░░░░░░░░░░░░░  27%  Streaming frame 169/5943
  ██████░░░░░░░░░░░░░░░░░░░  27%  Streaming frame 170/5943
  ██████░░░░░░░░░░░░░░░░░░░  27%  Streaming frame 171/5943
  ██████░░░░░░░░░░░░░░░░░░░  27%  Streaming frame 172/5943
  ██████░░░░░░░░░░░░░░░░░░░  27%  Streaming frame 173/5943
  ██████░░░░░░░░░░░░░░░░░░░  27%  Streaming frame 174/5943
  ██████░░░░░░░░░░░░░░░░░░░  27%  Streaming frame 175/5943
  ██████░░░░░░░░░░░░░░░░░░░  27%  Streaming frame 176/5943
  ██████░░░░░░░░░░░░░░░░░░░  27%  Streaming frame 177/5943
  ██████░░░░░░░░░░░░░░░░░░░  27%  Streaming frame 178/5943
  ██████░░░░░░░░░░░░░░░░░░░  27%  Streaming frame 179/5943
  ██████░░░░░░░░░░░░░░░░░░░  27%  Streaming frame 180/5943
  ██████░░░░░░░░░░░░░░░░░░░  27%  Streaming frame 181/5943
  ██████░░░░░░░░░░░░░░░░░░░  27%  Streaming frame 182/5943
  ██████░░░░░░░░░░░░░░░░░░░  27%  Streaming frame 183/5943
  ██████░░░░░░░░░░░░░░░░░░░  27%  Streaming frame 184/5943
  ██████░░░░░░░░░░░░░░░░░░░  27%  Streaming frame 185/5943
  ██████░░░░░░░░░░░░░░░░░░░  27%  Streaming frame 186/5943
  ██████░░░░░░░░░░░░░░░░░░░  27%  Streaming frame 187/5943
  ██████░░░░░░░░░░░░░░░░░░░  27%  Streaming frame 188/5943
  ██████░░░░░░░░░░░░░░░░░░░  27%  Streaming frame 189/5943
  ██████░░░░░░░░░░░░░░░░░░░  27%  Streaming frame 190/5943
  ██████░░░░░░░░░░░░░░░░░░░  27%  Streaming frame 191/5943
  ██████░░░░░░░░░░░░░░░░░░░  27%  Streaming frame 192/5943
  ██████░░░░░░░░░░░░░░░░░░░  27%  Streaming frame 193/5943
  ██████░░░░░░░░░░░░░░░░░░░  27%  Streaming frame 194/5943
  ██████░░░░░░░░░░░░░░░░░░░  27%  Streaming frame 195/5943
  ██████░░░░░░░░░░░░░░░░░░░  27%  Streaming frame 196/5943
  ██████░░░░░░░░░░░░░░░░░░░  27%  Streaming frame 197/5943
  ██████░░░░░░░░░░░░░░░░░░░  27%  Streaming frame 198/5943
  ██████░░░░░░░░░░░░░░░░░░░  27%  Streaming frame 199/5943
  ██████░░░░░░░░░░░░░░░░░░░  27%  Streaming frame 200/5943
  ██████░░░░░░░░░░░░░░░░░░░  27%  Streaming frame 201/5943
  ██████░░░░░░░░░░░░░░░░░░░  27%  Streaming frame 202/5943
  ██████░░░░░░░░░░░░░░░░░░░  27%  Streaming frame 203/5943
  ██████░░░░░░░░░░░░░░░░░░░  27%  Streaming frame 204/5943
  ██████░░░░░░░░░░░░░░░░░░░  27%  Streaming frame 205/5943
  ██████░░░░░░░░░░░░░░░░░░░  27%  Streaming frame 206/5943
  ██████░░░░░░░░░░░░░░░░░░░  27%  Streaming frame 207/5943
  ██████░░░░░░░░░░░░░░░░░░░  27%  Streaming frame 208/5943
  ██████░░░░░░░░░░░░░░░░░░░  27%  Streaming frame 209/5943
  ██████░░░░░░░░░░░░░░░░░░░  27%  Streaming frame 210/5943
  ██████░░░░░░░░░░░░░░░░░░░  27%  Streaming frame 211/5943
  ██████░░░░░░░░░░░░░░░░░░░  27%  Streaming frame 212/5943
  ██████░░░░░░░░░░░░░░░░░░░  27%  Streaming frame 213/5943
  ██████░░░░░░░░░░░░░░░░░░░  27%  Streaming frame 214/5943
  ██████░░░░░░░░░░░░░░░░░░░  27%  Streaming frame 215/5943
  ██████░░░░░░░░░░░░░░░░░░░  27%  Streaming frame 216/5943
  ██████░░░░░░░░░░░░░░░░░░░  27%  Streaming frame 217/5943
  ██████░░░░░░░░░░░░░░░░░░░  27%  Streaming frame 218/5943
  ██████░░░░░░░░░░░░░░░░░░░  27%  Streaming frame 219/5943
  ██████░░░░░░░░░░░░░░░░░░░  27%  Streaming frame 220/5943
  ██████░░░░░░░░░░░░░░░░░░░  27%  Streaming frame 221/5943
  ██████░░░░░░░░░░░░░░░░░░░  27%  Streaming frame 222/5943
  ██████░░░░░░░░░░░░░░░░░░░  27%  Streaming frame 223/5943
  ██████░░░░░░░░░░░░░░░░░░░  27%  Streaming frame 224/5943
  ██████░░░░░░░░░░░░░░░░░░░  27%  Streaming frame 225/5943
  ██████░░░░░░░░░░░░░░░░░░░  27%  Streaming frame 226/5943
  ██████░░░░░░░░░░░░░░░░░░░  27%  Streaming frame 227/5943
  ██████░░░░░░░░░░░░░░░░░░░  27%  Streaming frame 228/5943
  ██████░░░░░░░░░░░░░░░░░░░  27%  Streaming frame 229/5943
  ██████░░░░░░░░░░░░░░░░░░░  27%  Streaming frame 230/5943
  ██████░░░░░░░░░░░░░░░░░░░  27%  Streaming frame 231/5943
  ██████░░░░░░░░░░░░░░░░░░░  27%  Streaming frame 232/5943
  ██████░░░░░░░░░░░░░░░░░░░  27%  Streaming frame 233/5943
  ██████░░░░░░░░░░░░░░░░░░░  27%  Streaming frame 234/5943
  ██████░░░░░░░░░░░░░░░░░░░  27%  Streaming frame 235/5943
  ██████░░░░░░░░░░░░░░░░░░░  27%  Streaming frame 236/5943
  ██████░░░░░░░░░░░░░░░░░░░  27%  Streaming frame 237/5943
  ██████░░░░░░░░░░░░░░░░░░░  27%  Streaming frame 238/5943
  ██████░░░░░░░░░░░░░░░░░░░  27%  Streaming frame 239/5943
  ██████░░░░░░░░░░░░░░░░░░░  27%  Streaming frame 240/5943
  ██████░░░░░░░░░░░░░░░░░░░  27%  Streaming frame 241/5943
  ██████░░░░░░░░░░░░░░░░░░░  27%  Streaming frame 242/5943
  ██████░░░░░░░░░░░░░░░░░░░  27%  Streaming frame 243/5943
  ██████░░░░░░░░░░░░░░░░░░░  27%  Streaming frame 244/5943
  ██████░░░░░░░░░░░░░░░░░░░  27%  Streaming frame 245/5943
  ██████░░░░░░░░░░░░░░░░░░░  27%  Streaming frame 246/5943
  ██████░░░░░░░░░░░░░░░░░░░  27%  Streaming frame 247/5943
  ██████░░░░░░░░░░░░░░░░░░░  27%  Streaming frame 248/5943
  ██████░░░░░░░░░░░░░░░░░░░  27%  Streaming frame 249/5943
  ██████░░░░░░░░░░░░░░░░░░░  27%  Streaming frame 250/5943
  ██████░░░░░░░░░░░░░░░░░░░  27%  Streaming frame 251/5943
  ██████░░░░░░░░░░░░░░░░░░░  27%  Streaming frame 252/5943
  ██████░░░░░░░░░░░░░░░░░░░  27%  Streaming frame 253/5943
  ██████░░░░░░░░░░░░░░░░░░░  27%  Streaming frame 254/5943
  ██████░░░░░░░░░░░░░░░░░░░  27%  Streaming frame 255/5943
  ██████░░░░░░░░░░░░░░░░░░░  27%  Streaming frame 256/5943
  ██████░░░░░░░░░░░░░░░░░░░  27%  Streaming frame 257/5943
  ██████░░░░░░░░░░░░░░░░░░░  27%  Streaming frame 258/5943
  ██████░░░░░░░░░░░░░░░░░░░  27%  Streaming frame 259/5943
  ██████░░░░░░░░░░░░░░░░░░░  27%  Streaming frame 260/5943
  ██████░░░░░░░░░░░░░░░░░░░  27%  Streaming frame 261/5943
  ██████░░░░░░░░░░░░░░░░░░░  27%  Streaming frame 262/5943
  ██████░░░░░░░░░░░░░░░░░░░  27%  Streaming frame 263/5943
  ██████░░░░░░░░░░░░░░░░░░░  27%  Streaming frame 264/5943
  ██████░░░░░░░░░░░░░░░░░░░  27%  Streaming frame 265/5943
  ██████░░░░░░░░░░░░░░░░░░░  27%  Streaming frame 266/5943
  ██████░░░░░░░░░░░░░░░░░░░  27%  Streaming frame 267/5943
  ██████░░░░░░░░░░░░░░░░░░░  27%  Streaming frame 268/5943
  ██████░░░░░░░░░░░░░░░░░░░  27%  Streaming frame 269/5943
  ██████░░░░░░░░░░░░░░░░░░░  27%  Streaming frame 270/5943
  ███████░░░░░░░░░░░░░░░░░░  28%  Streaming frame 271/5943
  ███████░░░░░░░░░░░░░░░░░░  28%  Streaming frame 272/5943
  ███████░░░░░░░░░░░░░░░░░░  28%  Streaming frame 273/5943
  ███████░░░░░░░░░░░░░░░░░░  28%  Streaming frame 274/5943
  ███████░░░░░░░░░░░░░░░░░░  28%  Streaming frame 275/5943
  ███████░░░░░░░░░░░░░░░░░░  28%  Streaming frame 276/5943
  ███████░░░░░░░░░░░░░░░░░░  28%  Streaming frame 277/5943
  ███████░░░░░░░░░░░░░░░░░░  28%  Streaming frame 278/5943
  ███████░░░░░░░░░░░░░░░░░░  28%  Streaming frame 279/5943
  ███████░░░░░░░░░░░░░░░░░░  28%  Streaming frame 280/5943
  ███████░░░░░░░░░░░░░░░░░░  28%  Streaming frame 281/5943
  ███████░░░░░░░░░░░░░░░░░░  28%  Streaming frame 282/5943
  ███████░░░░░░░░░░░░░░░░░░  28%  Streaming frame 283/5943
  ███████░░░░░░░░░░░░░░░░░░  28%  Streaming frame 284/5943
  ███████░░░░░░░░░░░░░░░░░░  28%  Streaming frame 285/5943
  ███████░░░░░░░░░░░░░░░░░░  28%  Streaming frame 286/5943
  ███████░░░░░░░░░░░░░░░░░░  28%  Streaming frame 287/5943
  ███████░░░░░░░░░░░░░░░░░░  28%  Streaming frame 288/5943
  ███████░░░░░░░░░░░░░░░░░░  28%  Streaming frame 289/5943
  ███████░░░░░░░░░░░░░░░░░░  28%  Streaming frame 290/5943
  ███████░░░░░░░░░░░░░░░░░░  28%  Streaming frame 291/5943
  ███████░░░░░░░░░░░░░░░░░░  28%  Streaming frame 292/5943
  ███████░░░░░░░░░░░░░░░░░░  28%  Streaming frame 293/5943
  ███████░░░░░░░░░░░░░░░░░░  28%  Streaming frame 294/5943
  ███████░░░░░░░░░░░░░░░░░░  28%  Streaming frame 295/5943
  ███████░░░░░░░░░░░░░░░░░░  28%  Streaming frame 296/5943
  ███████░░░░░░░░░░░░░░░░░░  28%  Streaming frame 297/5943
  ███████░░░░░░░░░░░░░░░░░░  28%  Streaming frame 298/5943
  ███████░░░░░░░░░░░░░░░░░░  28%  Streaming frame 299/5943
  ███████░░░░░░░░░░░░░░░░░░  28%  Streaming frame 300/5943
  ███████░░░░░░░░░░░░░░░░░░  28%  Streaming frame 301/5943
  ███████░░░░░░░░░░░░░░░░░░  28%  Streaming frame 302/5943
  ███████░░░░░░░░░░░░░░░░░░  28%  Streaming frame 303/5943
  ███████░░░░░░░░░░░░░░░░░░  28%  Streaming frame 304/5943
  ███████░░░░░░░░░░░░░░░░░░  28%  Streaming frame 305/5943
  ███████░░░░░░░░░░░░░░░░░░  28%  Streaming frame 306/5943
  ███████░░░░░░░░░░░░░░░░░░  28%  Streaming frame 307/5943
  ███████░░░░░░░░░░░░░░░░░░  28%  Streaming frame 308/5943
  ███████░░░░░░░░░░░░░░░░░░  28%  Streaming frame 309/5943
  ███████░░░░░░░░░░░░░░░░░░  28%  Streaming frame 310/5943
  ███████░░░░░░░░░░░░░░░░░░  28%  Streaming frame 311/5943
  ███████░░░░░░░░░░░░░░░░░░  28%  Streaming frame 312/5943
  ███████░░░░░░░░░░░░░░░░░░  28%  Streaming frame 313/5943
  ███████░░░░░░░░░░░░░░░░░░  28%  Streaming frame 314/5943
  ███████░░░░░░░░░░░░░░░░░░  28%  Streaming frame 315/5943
  ███████░░░░░░░░░░░░░░░░░░  28%  Streaming frame 316/5943
  ███████░░░░░░░░░░░░░░░░░░  28%  Streaming frame 317/5943
  ███████░░░░░░░░░░░░░░░░░░  28%  Streaming frame 318/5943
  ███████░░░░░░░░░░░░░░░░░░  28%  Streaming frame 319/5943
  ███████░░░░░░░░░░░░░░░░░░  28%  Streaming frame 320/5943
  ███████░░░░░░░░░░░░░░░░░░  28%  Streaming frame 321/5943
  ███████░░░░░░░░░░░░░░░░░░  28%  Streaming frame 322/5943
  ███████░░░░░░░░░░░░░░░░░░  28%  Streaming frame 323/5943
  ███████░░░░░░░░░░░░░░░░░░  28%  Streaming frame 324/5943
  ███████░░░░░░░░░░░░░░░░░░  28%  Streaming frame 325/5943
  ███████░░░░░░░░░░░░░░░░░░  28%  Streaming frame 326/5943
  ███████░░░░░░░░░░░░░░░░░░  28%  Streaming frame 327/5943
  ███████░░░░░░░░░░░░░░░░░░  28%  Streaming frame 328/5943
  ███████░░░░░░░░░░░░░░░░░░  28%  Streaming frame 329/5943
  ███████░░░░░░░░░░░░░░░░░░  28%  Streaming frame 330/5943
  ███████░░░░░░░░░░░░░░░░░░  28%  Streaming frame 331/5943
  ███████░░░░░░░░░░░░░░░░░░  28%  Streaming frame 332/5943
  ███████░░░░░░░░░░░░░░░░░░  28%  Streaming frame 333/5943
  ███████░░░░░░░░░░░░░░░░░░  28%  Streaming frame 334/5943
  ███████░░░░░░░░░░░░░░░░░░  28%  Streaming frame 335/5943
  ███████░░░░░░░░░░░░░░░░░░  28%  Streaming frame 336/5943
  ███████░░░░░░░░░░░░░░░░░░  28%  Streaming frame 337/5943
  ███████░░░░░░░░░░░░░░░░░░  28%  Streaming frame 338/5943
  ███████░░░░░░░░░░░░░░░░░░  28%  Streaming frame 339/5943
  ███████░░░░░░░░░░░░░░░░░░  28%  Streaming frame 340/5943
  ███████░░░░░░░░░░░░░░░░░░  28%  Streaming frame 341/5943
  ███████░░░░░░░░░░░░░░░░░░  28%  Streaming frame 342/5943
  ███████░░░░░░░░░░░░░░░░░░  28%  Streaming frame 343/5943
  ███████░░░░░░░░░░░░░░░░░░  28%  Streaming frame 344/5943
  ███████░░░░░░░░░░░░░░░░░░  28%  Streaming frame 345/5943
  ███████░░░░░░░░░░░░░░░░░░  28%  Streaming frame 346/5943
  ███████░░░░░░░░░░░░░░░░░░  28%  Streaming frame 347/5943
  ███████░░░░░░░░░░░░░░░░░░  28%  Streaming frame 348/5943
  ███████░░░░░░░░░░░░░░░░░░  28%  Streaming frame 349/5943
  ███████░░░░░░░░░░░░░░░░░░  28%  Streaming frame 350/5943
  ███████░░░░░░░░░░░░░░░░░░  28%  Streaming frame 351/5943
  ███████░░░░░░░░░░░░░░░░░░  28%  Streaming frame 352/5943
  ███████░░░░░░░░░░░░░░░░░░  28%  Streaming frame 353/5943
  ███████░░░░░░░░░░░░░░░░░░  28%  Streaming frame 354/5943
  ███████░░░░░░░░░░░░░░░░░░  28%  Streaming frame 355/5943
  ███████░░░░░░░░░░░░░░░░░░  28%  Streaming frame 356/5943
  ███████░░░░░░░░░░░░░░░░░░  28%  Streaming frame 357/5943
  ███████░░░░░░░░░░░░░░░░░░  28%  Streaming frame 358/5943
  ███████░░░░░░░░░░░░░░░░░░  28%  Streaming frame 359/5943
  ███████░░░░░░░░░░░░░░░░░░  28%  Streaming frame 360/5943
  ███████░░░░░░░░░░░░░░░░░░  28%  Streaming frame 361/5943
  ███████░░░░░░░░░░░░░░░░░░  28%  Streaming frame 362/5943
  ███████░░░░░░░░░░░░░░░░░░  28%  Streaming frame 363/5943
  ███████░░░░░░░░░░░░░░░░░░  28%  Streaming frame 364/5943
  ███████░░░░░░░░░░░░░░░░░░  28%  Streaming frame 365/5943
  ███████░░░░░░░░░░░░░░░░░░  28%  Streaming frame 366/5943
  ███████░░░░░░░░░░░░░░░░░░  28%  Streaming frame 367/5943
  ███████░░░░░░░░░░░░░░░░░░  28%  Streaming frame 368/5943
  ███████░░░░░░░░░░░░░░░░░░  28%  Streaming frame 369/5943
  ███████░░░░░░░░░░░░░░░░░░  28%  Streaming frame 370/5943
  ███████░░░░░░░░░░░░░░░░░░  28%  Streaming frame 371/5943
  ███████░░░░░░░░░░░░░░░░░░  28%  Streaming frame 372/5943
  ███████░░░░░░░░░░░░░░░░░░  28%  Streaming frame 373/5943
  ███████░░░░░░░░░░░░░░░░░░  28%  Streaming frame 374/5943
  ███████░░░░░░░░░░░░░░░░░░  28%  Streaming frame 375/5943
  ███████░░░░░░░░░░░░░░░░░░  28%  Streaming frame 376/5943
  ███████░░░░░░░░░░░░░░░░░░  28%  Streaming frame 377/5943
  ███████░░░░░░░░░░░░░░░░░░  28%  Streaming frame 378/5943
  ███████░░░░░░░░░░░░░░░░░░  29%  Streaming frame 379/5943
  ███████░░░░░░░░░░░░░░░░░░  29%  Streaming frame 380/5943
  ███████░░░░░░░░░░░░░░░░░░  29%  Streaming frame 381/5943
  ███████░░░░░░░░░░░░░░░░░░  29%  Streaming frame 382/5943
  ███████░░░░░░░░░░░░░░░░░░  29%  Streaming frame 383/5943
  ███████░░░░░░░░░░░░░░░░░░  29%  Streaming frame 384/5943
  ███████░░░░░░░░░░░░░░░░░░  29%  Streaming frame 385/5943
  ███████░░░░░░░░░░░░░░░░░░  29%  Streaming frame 386/5943
  ███████░░░░░░░░░░░░░░░░░░  29%  Streaming frame 387/5943
  ███████░░░░░░░░░░░░░░░░░░  29%  Streaming frame 388/5943
  ███████░░░░░░░░░░░░░░░░░░  29%  Streaming frame 389/5943
  ███████░░░░░░░░░░░░░░░░░░  29%  Streaming frame 390/5943
  ███████░░░░░░░░░░░░░░░░░░  29%  Streaming frame 391/5943
  ███████░░░░░░░░░░░░░░░░░░  29%  Streaming frame 392/5943
  ███████░░░░░░░░░░░░░░░░░░  29%  Streaming frame 393/5943
  ███████░░░░░░░░░░░░░░░░░░  29%  Streaming frame 394/5943
  ███████░░░░░░░░░░░░░░░░░░  29%  Streaming frame 395/5943
  ███████░░░░░░░░░░░░░░░░░░  29%  Streaming frame 396/5943
  ███████░░░░░░░░░░░░░░░░░░  29%  Streaming frame 397/5943
  ███████░░░░░░░░░░░░░░░░░░  29%  Streaming frame 398/5943
  ███████░░░░░░░░░░░░░░░░░░  29%  Streaming frame 399/5943
  ███████░░░░░░░░░░░░░░░░░░  29%  Streaming frame 400/5943
  ███████░░░░░░░░░░░░░░░░░░  29%  Streaming frame 401/5943
  ███████░░░░░░░░░░░░░░░░░░  29%  Streaming frame 402/5943
  ███████░░░░░░░░░░░░░░░░░░  29%  Streaming frame 403/5943
  ███████░░░░░░░░░░░░░░░░░░  29%  Streaming frame 404/5943
  ███████░░░░░░░░░░░░░░░░░░  29%  Streaming frame 405/5943
  ███████░░░░░░░░░░░░░░░░░░  29%  Streaming frame 406/5943
  ███████░░░░░░░░░░░░░░░░░░  29%  Streaming frame 407/5943
  ███████░░░░░░░░░░░░░░░░░░  29%  Streaming frame 408/5943
  ███████░░░░░░░░░░░░░░░░░░  29%  Streaming frame 409/5943
  ███████░░░░░░░░░░░░░░░░░░  29%  Streaming frame 410/5943
  ███████░░░░░░░░░░░░░░░░░░  29%  Streaming frame 411/5943
  ███████░░░░░░░░░░░░░░░░░░  29%  Streaming frame 412/5943
  ███████░░░░░░░░░░░░░░░░░░  29%  Streaming frame 413/5943
  ███████░░░░░░░░░░░░░░░░░░  29%  Streaming frame 414/5943
  ███████░░░░░░░░░░░░░░░░░░  29%  Streaming frame 415/5943
  ███████░░░░░░░░░░░░░░░░░░  29%  Streaming frame 416/5943
  ███████░░░░░░░░░░░░░░░░░░  29%  Streaming frame 417/5943
  ███████░░░░░░░░░░░░░░░░░░  29%  Streaming frame 418/5943
  ███████░░░░░░░░░░░░░░░░░░  29%  Streaming frame 419/5943
  ███████░░░░░░░░░░░░░░░░░░  29%  Streaming frame 420/5943
  ███████░░░░░░░░░░░░░░░░░░  29%  Streaming frame 421/5943
  ███████░░░░░░░░░░░░░░░░░░  29%  Streaming frame 422/5943
  ███████░░░░░░░░░░░░░░░░░░  29%  Streaming frame 423/5943
  ███████░░░░░░░░░░░░░░░░░░  29%  Streaming frame 424/5943
  ███████░░░░░░░░░░░░░░░░░░  29%  Streaming frame 425/5943
  ███████░░░░░░░░░░░░░░░░░░  29%  Streaming frame 426/5943
[WARN] [Render] drawElement blank-frame suspect; re-capturing {"renderJobId":"0864dc62-23d7-4255-b7df-8658ca5071d6","frame":426,"bytes":6161,"floor":20000}
[INFO] [Render] drawElement small frame is deterministic; accepted {"renderJobId":"0864dc62-23d7-4255-b7df-8658ca5071d6","frame":426,"bytes":6161}
  ███████░░░░░░░░░░░░░░░░░░  29%  Streaming frame 427/5943
  ███████░░░░░░░░░░░░░░░░░░  29%  Streaming frame 428/5943
  ███████░░░░░░░░░░░░░░░░░░  29%  Streaming frame 429/5943
  ███████░░░░░░░░░░░░░░░░░░  29%  Streaming frame 430/5943
  ███████░░░░░░░░░░░░░░░░░░  29%  Streaming frame 431/5943
  ███████░░░░░░░░░░░░░░░░░░  29%  Streaming frame 432/5943
  ███████░░░░░░░░░░░░░░░░░░  29%  Streaming frame 433/5943
  ███████░░░░░░░░░░░░░░░░░░  29%  Streaming frame 434/5943
  ███████░░░░░░░░░░░░░░░░░░  29%  Streaming frame 435/5943
  ███████░░░░░░░░░░░░░░░░░░  29%  Streaming frame 436/5943
  ███████░░░░░░░░░░░░░░░░░░  29%  Streaming frame 437/5943
  ███████░░░░░░░░░░░░░░░░░░  29%  Streaming frame 438/5943
  ███████░░░░░░░░░░░░░░░░░░  29%  Streaming frame 439/5943
  ███████░░░░░░░░░░░░░░░░░░  29%  Streaming frame 440/5943
  ███████░░░░░░░░░░░░░░░░░░  29%  Streaming frame 441/5943
  ███████░░░░░░░░░░░░░░░░░░  29%  Streaming frame 442/5943
  ███████░░░░░░░░░░░░░░░░░░  29%  Streaming frame 443/5943
  ███████░░░░░░░░░░░░░░░░░░  29%  Streaming frame 444/5943
  ███████░░░░░░░░░░░░░░░░░░  29%  Streaming frame 445/5943
  ███████░░░░░░░░░░░░░░░░░░  29%  Streaming frame 446/5943
  ███████░░░░░░░░░░░░░░░░░░  29%  Streaming frame 447/5943
  ███████░░░░░░░░░░░░░░░░░░  29%  Streaming frame 448/5943
  ███████░░░░░░░░░░░░░░░░░░  29%  Streaming frame 449/5943
  ███████░░░░░░░░░░░░░░░░░░  29%  Streaming frame 450/5943
  ███████░░░░░░░░░░░░░░░░░░  29%  Streaming frame 451/5943
  ███████░░░░░░░░░░░░░░░░░░  29%  Streaming frame 452/5943
  ███████░░░░░░░░░░░░░░░░░░  29%  Streaming frame 453/5943
  ███████░░░░░░░░░░░░░░░░░░  29%  Streaming frame 454/5943
  ███████░░░░░░░░░░░░░░░░░░  29%  Streaming frame 455/5943
  ███████░░░░░░░░░░░░░░░░░░  29%  Streaming frame 456/5943
  ███████░░░░░░░░░░░░░░░░░░  29%  Streaming frame 457/5943
  ███████░░░░░░░░░░░░░░░░░░  29%  Streaming frame 458/5943
  ███████░░░░░░░░░░░░░░░░░░  29%  Streaming frame 459/5943
  ███████░░░░░░░░░░░░░░░░░░  29%  Streaming frame 460/5943
  ███████░░░░░░░░░░░░░░░░░░  29%  Streaming frame 461/5943
  ███████░░░░░░░░░░░░░░░░░░  29%  Streaming frame 462/5943
  ███████░░░░░░░░░░░░░░░░░░  29%  Streaming frame 463/5943
  ███████░░░░░░░░░░░░░░░░░░  29%  Streaming frame 464/5943
  ███████░░░░░░░░░░░░░░░░░░  29%  Streaming frame 465/5943
  ███████░░░░░░░░░░░░░░░░░░  29%  Streaming frame 466/5943
  ███████░░░░░░░░░░░░░░░░░░  29%  Streaming frame 467/5943
  ███████░░░░░░░░░░░░░░░░░░  29%  Streaming frame 468/5943
  ███████░░░░░░░░░░░░░░░░░░  29%  Streaming frame 469/5943
  ███████░░░░░░░░░░░░░░░░░░  29%  Streaming frame 470/5943
  ███████░░░░░░░░░░░░░░░░░░  29%  Streaming frame 471/5943
  ███████░░░░░░░░░░░░░░░░░░  29%  Streaming frame 472/5943
  ███████░░░░░░░░░░░░░░░░░░  29%  Streaming frame 473/5943
  ███████░░░░░░░░░░░░░░░░░░  29%  Streaming frame 474/5943
  ███████░░░░░░░░░░░░░░░░░░  29%  Streaming frame 475/5943
  ███████░░░░░░░░░░░░░░░░░░  29%  Streaming frame 476/5943
  ███████░░░░░░░░░░░░░░░░░░  29%  Streaming frame 477/5943
  ███████░░░░░░░░░░░░░░░░░░  29%  Streaming frame 478/5943
  ███████░░░░░░░░░░░░░░░░░░  29%  Streaming frame 479/5943
  ███████░░░░░░░░░░░░░░░░░░  29%  Streaming frame 480/5943
  ███████░░░░░░░░░░░░░░░░░░  29%  Streaming frame 481/5943
  ███████░░░░░░░░░░░░░░░░░░  29%  Streaming frame 482/5943
  ███████░░░░░░░░░░░░░░░░░░  29%  Streaming frame 483/5943
  ███████░░░░░░░░░░░░░░░░░░  29%  Streaming frame 484/5943
  ███████░░░░░░░░░░░░░░░░░░  29%  Streaming frame 485/5943
  ███████░░░░░░░░░░░░░░░░░░  29%  Streaming frame 486/5943
  ███████░░░░░░░░░░░░░░░░░░  30%  Streaming frame 487/5943
  ███████░░░░░░░░░░░░░░░░░░  30%  Streaming frame 488/5943
  ███████░░░░░░░░░░░░░░░░░░  30%  Streaming frame 489/5943
  ███████░░░░░░░░░░░░░░░░░░  30%  Streaming frame 490/5943
  ███████░░░░░░░░░░░░░░░░░░  30%  Streaming frame 491/5943
  ███████░░░░░░░░░░░░░░░░░░  30%  Streaming frame 492/5943
  ███████░░░░░░░░░░░░░░░░░░  30%  Streaming frame 493/5943
  ███████░░░░░░░░░░░░░░░░░░  30%  Streaming frame 494/5943
  ███████░░░░░░░░░░░░░░░░░░  30%  Streaming frame 495/5943
  ███████░░░░░░░░░░░░░░░░░░  30%  Streaming frame 496/5943
  ███████░░░░░░░░░░░░░░░░░░  30%  Streaming frame 497/5943
  ███████░░░░░░░░░░░░░░░░░░  30%  Streaming frame 498/5943
  ███████░░░░░░░░░░░░░░░░░░  30%  Streaming frame 499/5943
  ███████░░░░░░░░░░░░░░░░░░  30%  Streaming frame 500/5943
  ███████░░░░░░░░░░░░░░░░░░  30%  Streaming frame 501/5943
  ███████░░░░░░░░░░░░░░░░░░  30%  Streaming frame 502/5943
  ███████░░░░░░░░░░░░░░░░░░  30%  Streaming frame 503/5943
  ███████░░░░░░░░░░░░░░░░░░  30%  Streaming frame 504/5943
  ███████░░░░░░░░░░░░░░░░░░  30%  Streaming frame 505/5943
  ███████░░░░░░░░░░░░░░░░░░  30%  Streaming frame 506/5943
  ███████░░░░░░░░░░░░░░░░░░  30%  Streaming frame 507/5943
  ███████░░░░░░░░░░░░░░░░░░  30%  Streaming frame 508/5943
  ███████░░░░░░░░░░░░░░░░░░  30%  Streaming frame 509/5943
  ███████░░░░░░░░░░░░░░░░░░  30%  Streaming frame 510/5943
  ███████░░░░░░░░░░░░░░░░░░  30%  Streaming frame 511/5943
  ███████░░░░░░░░░░░░░░░░░░  30%  Streaming frame 512/5943
  ███████░░░░░░░░░░░░░░░░░░  30%  Streaming frame 513/5943
  ███████░░░░░░░░░░░░░░░░░░  30%  Streaming frame 514/5943
  ███████░░░░░░░░░░░░░░░░░░  30%  Streaming frame 515/5943
  ███████░░░░░░░░░░░░░░░░░░  30%  Streaming frame 516/5943
  ███████░░░░░░░░░░░░░░░░░░  30%  Streaming frame 517/5943
  ███████░░░░░░░░░░░░░░░░░░  30%  Streaming frame 518/5943
  ███████░░░░░░░░░░░░░░░░░░  30%  Streaming frame 519/5943
  ███████░░░░░░░░░░░░░░░░░░  30%  Streaming frame 520/5943
  ███████░░░░░░░░░░░░░░░░░░  30%  Streaming frame 521/5943
  ███████░░░░░░░░░░░░░░░░░░  30%  Streaming frame 522/5943
  ███████░░░░░░░░░░░░░░░░░░  30%  Streaming frame 523/5943
  ███████░░░░░░░░░░░░░░░░░░  30%  Streaming frame 524/5943
  ███████░░░░░░░░░░░░░░░░░░  30%  Streaming frame 525/5943
  ███████░░░░░░░░░░░░░░░░░░  30%  Streaming frame 526/5943
  ███████░░░░░░░░░░░░░░░░░░  30%  Streaming frame 527/5943
  ███████░░░░░░░░░░░░░░░░░░  30%  Streaming frame 528/5943
  ███████░░░░░░░░░░░░░░░░░░  30%  Streaming frame 529/5943
  ███████░░░░░░░░░░░░░░░░░░  30%  Streaming frame 530/5943
  ███████░░░░░░░░░░░░░░░░░░  30%  Streaming frame 531/5943
  ███████░░░░░░░░░░░░░░░░░░  30%  Streaming frame 532/5943
  ███████░░░░░░░░░░░░░░░░░░  30%  Streaming frame 533/5943
  ███████░░░░░░░░░░░░░░░░░░  30%  Streaming frame 534/5943
  ███████░░░░░░░░░░░░░░░░░░  30%  Streaming frame 535/5943
  ███████░░░░░░░░░░░░░░░░░░  30%  Streaming frame 536/5943
  ███████░░░░░░░░░░░░░░░░░░  30%  Streaming frame 537/5943
  ███████░░░░░░░░░░░░░░░░░░  30%  Streaming frame 538/5943
  ███████░░░░░░░░░░░░░░░░░░  30%  Streaming frame 539/5943
  ███████░░░░░░░░░░░░░░░░░░  30%  Streaming frame 540/5943
  ███████░░░░░░░░░░░░░░░░░░  30%  Streaming frame 541/5943
  ███████░░░░░░░░░░░░░░░░░░  30%  Streaming frame 542/5943
  ███████░░░░░░░░░░░░░░░░░░  30%  Streaming frame 543/5943
  ███████░░░░░░░░░░░░░░░░░░  30%  Streaming frame 544/5943
  ███████░░░░░░░░░░░░░░░░░░  30%  Streaming frame 545/5943
  ███████░░░░░░░░░░░░░░░░░░  30%  Streaming frame 546/5943
  ███████░░░░░░░░░░░░░░░░░░  30%  Streaming frame 547/5943
  ███████░░░░░░░░░░░░░░░░░░  30%  Streaming frame 548/5943
  ███████░░░░░░░░░░░░░░░░░░  30%  Streaming frame 549/5943
  ███████░░░░░░░░░░░░░░░░░░  30%  Streaming frame 550/5943
  ███████░░░░░░░░░░░░░░░░░░  30%  Streaming frame 551/5943
  ███████░░░░░░░░░░░░░░░░░░  30%  Streaming frame 552/5943
  ███████░░░░░░░░░░░░░░░░░░  30%  Streaming frame 553/5943
  ███████░░░░░░░░░░░░░░░░░░  30%  Streaming frame 554/5943
  ███████░░░░░░░░░░░░░░░░░░  30%  Streaming frame 555/5943
  ███████░░░░░░░░░░░░░░░░░░  30%  Streaming frame 556/5943
  ███████░░░░░░░░░░░░░░░░░░  30%  Streaming frame 557/5943
  ███████░░░░░░░░░░░░░░░░░░  30%  Streaming frame 558/5943
  ███████░░░░░░░░░░░░░░░░░░  30%  Streaming frame 559/5943
  ███████░░░░░░░░░░░░░░░░░░  30%  Streaming frame 560/5943
  ███████░░░░░░░░░░░░░░░░░░  30%  Streaming frame 561/5943
  ███████░░░░░░░░░░░░░░░░░░  30%  Streaming frame 562/5943
  ███████░░░░░░░░░░░░░░░░░░  30%  Streaming frame 563/5943
  ███████░░░░░░░░░░░░░░░░░░  30%  Streaming frame 564/5943
  ███████░░░░░░░░░░░░░░░░░░  30%  Streaming frame 565/5943
  ███████░░░░░░░░░░░░░░░░░░  30%  Streaming frame 566/5943
  ███████░░░░░░░░░░░░░░░░░░  30%  Streaming frame 567/5943
  ███████░░░░░░░░░░░░░░░░░░  30%  Streaming frame 568/5943
  ███████░░░░░░░░░░░░░░░░░░  30%  Streaming frame 569/5943
  ███████░░░░░░░░░░░░░░░░░░  30%  Streaming frame 570/5943
  ███████░░░░░░░░░░░░░░░░░░  30%  Streaming frame 571/5943
  ███████░░░░░░░░░░░░░░░░░░  30%  Streaming frame 572/5943
  ███████░░░░░░░░░░░░░░░░░░  30%  Streaming frame 573/5943
  ███████░░░░░░░░░░░░░░░░░░  30%  Streaming frame 574/5943
  ███████░░░░░░░░░░░░░░░░░░  30%  Streaming frame 575/5943
  ███████░░░░░░░░░░░░░░░░░░  30%  Streaming frame 576/5943
  ███████░░░░░░░░░░░░░░░░░░  30%  Streaming frame 577/5943
  ███████░░░░░░░░░░░░░░░░░░  30%  Streaming frame 578/5943
  ███████░░░░░░░░░░░░░░░░░░  30%  Streaming frame 579/5943
  ███████░░░░░░░░░░░░░░░░░░  30%  Streaming frame 580/5943
  ███████░░░░░░░░░░░░░░░░░░  30%  Streaming frame 581/5943
  ███████░░░░░░░░░░░░░░░░░░  30%  Streaming frame 582/5943
  ███████░░░░░░░░░░░░░░░░░░  30%  Streaming frame 583/5943
  ███████░░░░░░░░░░░░░░░░░░  30%  Streaming frame 584/5943
  ███████░░░░░░░░░░░░░░░░░░  30%  Streaming frame 585/5943
  ███████░░░░░░░░░░░░░░░░░░  30%  Streaming frame 586/5943
  ███████░░░░░░░░░░░░░░░░░░  30%  Streaming frame 587/5943
  ███████░░░░░░░░░░░░░░░░░░  30%  Streaming frame 588/5943
  ███████░░░░░░░░░░░░░░░░░░  30%  Streaming frame 589/5943
  ███████░░░░░░░░░░░░░░░░░░  30%  Streaming frame 590/5943
  ███████░░░░░░░░░░░░░░░░░░  30%  Streaming frame 591/5943
  ███████░░░░░░░░░░░░░░░░░░  30%  Streaming frame 592/5943
  ███████░░░░░░░░░░░░░░░░░░  30%  Streaming frame 593/5943
  ███████░░░░░░░░░░░░░░░░░░  30%  Streaming frame 594/5943
  ███████░░░░░░░░░░░░░░░░░░  31%  Streaming frame 595/5943
  ███████░░░░░░░░░░░░░░░░░░  31%  Streaming frame 596/5943
  ███████░░░░░░░░░░░░░░░░░░  31%  Streaming frame 597/5943
  ███████░░░░░░░░░░░░░░░░░░  31%  Streaming frame 598/5943
  ███████░░░░░░░░░░░░░░░░░░  31%  Streaming frame 599/5943
  ███████░░░░░░░░░░░░░░░░░░  31%  Streaming frame 600/5943
  ███████░░░░░░░░░░░░░░░░░░  31%  Streaming frame 601/5943
  ███████░░░░░░░░░░░░░░░░░░  31%  Streaming frame 602/5943
  ███████░░░░░░░░░░░░░░░░░░  31%  Streaming frame 603/5943
  ███████░░░░░░░░░░░░░░░░░░  31%  Streaming frame 604/5943
  ███████░░░░░░░░░░░░░░░░░░  31%  Streaming frame 605/5943
  ███████░░░░░░░░░░░░░░░░░░  31%  Streaming frame 606/5943
  ███████░░░░░░░░░░░░░░░░░░  31%  Streaming frame 607/5943
  ███████░░░░░░░░░░░░░░░░░░  31%  Streaming frame 608/5943
  ███████░░░░░░░░░░░░░░░░░░  31%  Streaming frame 609/5943
  ███████░░░░░░░░░░░░░░░░░░  31%  Streaming frame 610/5943
  ███████░░░░░░░░░░░░░░░░░░  31%  Streaming frame 611/5943
  ███████░░░░░░░░░░░░░░░░░░  31%  Streaming frame 612/5943
  ███████░░░░░░░░░░░░░░░░░░  31%  Streaming frame 613/5943
  ███████░░░░░░░░░░░░░░░░░░  31%  Streaming frame 614/5943
  ███████░░░░░░░░░░░░░░░░░░  31%  Streaming frame 615/5943
  ███████░░░░░░░░░░░░░░░░░░  31%  Streaming frame 616/5943
  ███████░░░░░░░░░░░░░░░░░░  31%  Streaming frame 617/5943
  ███████░░░░░░░░░░░░░░░░░░  31%  Streaming frame 618/5943
  ███████░░░░░░░░░░░░░░░░░░  31%  Streaming frame 619/5943
  ███████░░░░░░░░░░░░░░░░░░  31%  Streaming frame 620/5943
  ███████░░░░░░░░░░░░░░░░░░  31%  Streaming frame 621/5943
  ███████░░░░░░░░░░░░░░░░░░  31%  Streaming frame 622/5943
  ███████░░░░░░░░░░░░░░░░░░  31%  Streaming frame 623/5943
  ███████░░░░░░░░░░░░░░░░░░  31%  Streaming frame 624/5943
  ███████░░░░░░░░░░░░░░░░░░  31%  Streaming frame 625/5943
  ███████░░░░░░░░░░░░░░░░░░  31%  Streaming frame 626/5943
  ███████░░░░░░░░░░░░░░░░░░  31%  Streaming frame 627/5943
  ███████░░░░░░░░░░░░░░░░░░  31%  Streaming frame 628/5943
  ███████░░░░░░░░░░░░░░░░░░  31%  Streaming frame 629/5943
  ███████░░░░░░░░░░░░░░░░░░  31%  Streaming frame 630/5943
  ███████░░░░░░░░░░░░░░░░░░  31%  Streaming frame 631/5943
  ███████░░░░░░░░░░░░░░░░░░  31%  Streaming frame 632/5943
  ███████░░░░░░░░░░░░░░░░░░  31%  Streaming frame 633/5943
  ███████░░░░░░░░░░░░░░░░░░  31%  Streaming frame 634/5943
  ███████░░░░░░░░░░░░░░░░░░  31%  Streaming frame 635/5943
  ███████░░░░░░░░░░░░░░░░░░  31%  Streaming frame 636/5943
  ███████░░░░░░░░░░░░░░░░░░  31%  Streaming frame 637/5943
  ███████░░░░░░░░░░░░░░░░░░  31%  Streaming frame 638/5943
  ███████░░░░░░░░░░░░░░░░░░  31%  Streaming frame 639/5943
  ███████░░░░░░░░░░░░░░░░░░  31%  Streaming frame 640/5943
  ███████░░░░░░░░░░░░░░░░░░  31%  Streaming frame 641/5943
  ███████░░░░░░░░░░░░░░░░░░  31%  Streaming frame 642/5943
  ███████░░░░░░░░░░░░░░░░░░  31%  Streaming frame 643/5943
  ███████░░░░░░░░░░░░░░░░░░  31%  Streaming frame 644/5943
  ███████░░░░░░░░░░░░░░░░░░  31%  Streaming frame 645/5943
  ███████░░░░░░░░░░░░░░░░░░  31%  Streaming frame 646/5943
  ███████░░░░░░░░░░░░░░░░░░  31%  Streaming frame 647/5943
  ███████░░░░░░░░░░░░░░░░░░  31%  Streaming frame 648/5943
  ███████░░░░░░░░░░░░░░░░░░  31%  Streaming frame 649/5943
  ███████░░░░░░░░░░░░░░░░░░  31%  Streaming frame 650/5943
  ███████░░░░░░░░░░░░░░░░░░  31%  Streaming frame 651/5943
  ███████░░░░░░░░░░░░░░░░░░  31%  Streaming frame 652/5943
  ███████░░░░░░░░░░░░░░░░░░  31%  Streaming frame 653/5943
  ███████░░░░░░░░░░░░░░░░░░  31%  Streaming frame 654/5943
  ███████░░░░░░░░░░░░░░░░░░  31%  Streaming frame 655/5943
  ███████░░░░░░░░░░░░░░░░░░  31%  Streaming frame 656/5943
  ███████░░░░░░░░░░░░░░░░░░  31%  Streaming frame 657/5943
  ███████░░░░░░░░░░░░░░░░░░  31%  Streaming frame 658/5943
  ███████░░░░░░░░░░░░░░░░░░  31%  Streaming frame 659/5943
  ███████░░░░░░░░░░░░░░░░░░  31%  Streaming frame 660/5943
  ███████░░░░░░░░░░░░░░░░░░  31%  Streaming frame 661/5943
  ███████░░░░░░░░░░░░░░░░░░  31%  Streaming frame 662/5943
  ███████░░░░░░░░░░░░░░░░░░  31%  Streaming frame 663/5943
  ███████░░░░░░░░░░░░░░░░░░  31%  Streaming frame 664/5943
  ███████░░░░░░░░░░░░░░░░░░  31%  Streaming frame 665/5943
  ███████░░░░░░░░░░░░░░░░░░  31%  Streaming frame 666/5943
  ███████░░░░░░░░░░░░░░░░░░  31%  Streaming frame 667/5943
  ███████░░░░░░░░░░░░░░░░░░  31%  Streaming frame 668/5943
  ███████░░░░░░░░░░░░░░░░░░  31%  Streaming frame 669/5943
  ███████░░░░░░░░░░░░░░░░░░  31%  Streaming frame 670/5943
  ███████░░░░░░░░░░░░░░░░░░  31%  Streaming frame 671/5943
  ███████░░░░░░░░░░░░░░░░░░  31%  Streaming frame 672/5943
  ███████░░░░░░░░░░░░░░░░░░  31%  Streaming frame 673/5943
  ███████░░░░░░░░░░░░░░░░░░  31%  Streaming frame 674/5943
  ███████░░░░░░░░░░░░░░░░░░  31%  Streaming frame 675/5943
  ███████░░░░░░░░░░░░░░░░░░  31%  Streaming frame 676/5943
  ███████░░░░░░░░░░░░░░░░░░  31%  Streaming frame 677/5943
  ███████░░░░░░░░░░░░░░░░░░  31%  Streaming frame 678/5943
  ███████░░░░░░░░░░░░░░░░░░  31%  Streaming frame 679/5943
  ███████░░░░░░░░░░░░░░░░░░  31%  Streaming frame 680/5943
  ███████░░░░░░░░░░░░░░░░░░  31%  Streaming frame 681/5943
  ███████░░░░░░░░░░░░░░░░░░  31%  Streaming frame 682/5943
  ███████░░░░░░░░░░░░░░░░░░  31%  Streaming frame 683/5943
  ███████░░░░░░░░░░░░░░░░░░  31%  Streaming frame 684/5943
  ███████░░░░░░░░░░░░░░░░░░  31%  Streaming frame 685/5943
  ███████░░░░░░░░░░░░░░░░░░  31%  Streaming frame 686/5943
  ███████░░░░░░░░░░░░░░░░░░  31%  Streaming frame 687/5943
  ███████░░░░░░░░░░░░░░░░░░  31%  Streaming frame 688/5943
  ███████░░░░░░░░░░░░░░░░░░  31%  Streaming frame 689/5943
  ███████░░░░░░░░░░░░░░░░░░  31%  Streaming frame 690/5943
  ███████░░░░░░░░░░░░░░░░░░  31%  Streaming frame 691/5943
  ███████░░░░░░░░░░░░░░░░░░  31%  Streaming frame 692/5943
  ███████░░░░░░░░░░░░░░░░░░  31%  Streaming frame 693/5943
  ███████░░░░░░░░░░░░░░░░░░  31%  Streaming frame 694/5943
  ███████░░░░░░░░░░░░░░░░░░  31%  Streaming frame 695/5943
  ███████░░░░░░░░░░░░░░░░░░  31%  Streaming frame 696/5943
  ███████░░░░░░░░░░░░░░░░░░  31%  Streaming frame 697/5943
  ███████░░░░░░░░░░░░░░░░░░  31%  Streaming frame 698/5943
  ███████░░░░░░░░░░░░░░░░░░  31%  Streaming frame 699/5943
  ███████░░░░░░░░░░░░░░░░░░  31%  Streaming frame 700/5943
  ███████░░░░░░░░░░░░░░░░░░  31%  Streaming frame 701/5943
  ███████░░░░░░░░░░░░░░░░░░  31%  Streaming frame 702/5943
  ████████░░░░░░░░░░░░░░░░░  32%  Streaming frame 703/5943
  ████████░░░░░░░░░░░░░░░░░  32%  Streaming frame 704/5943
  ████████░░░░░░░░░░░░░░░░░  32%  Streaming frame 705/5943
  ████████░░░░░░░░░░░░░░░░░  32%  Streaming frame 706/5943
  ████████░░░░░░░░░░░░░░░░░  32%  Streaming frame 707/5943
  ████████░░░░░░░░░░░░░░░░░  32%  Streaming frame 708/5943
  ████████░░░░░░░░░░░░░░░░░  32%  Streaming frame 709/5943
  ████████░░░░░░░░░░░░░░░░░  32%  Streaming frame 710/5943
  ████████░░░░░░░░░░░░░░░░░  32%  Streaming frame 711/5943
  ████████░░░░░░░░░░░░░░░░░  32%  Streaming frame 712/5943
  ████████░░░░░░░░░░░░░░░░░  32%  Streaming frame 713/5943
  ████████░░░░░░░░░░░░░░░░░  32%  Streaming frame 714/5943
  ████████░░░░░░░░░░░░░░░░░  32%  Streaming frame 715/5943
  ████████░░░░░░░░░░░░░░░░░  32%  Streaming frame 716/5943
  ████████░░░░░░░░░░░░░░░░░  32%  Streaming frame 717/5943
  ████████░░░░░░░░░░░░░░░░░  32%  Streaming frame 718/5943
  ████████░░░░░░░░░░░░░░░░░  32%  Streaming frame 719/5943
  ████████░░░░░░░░░░░░░░░░░  32%  Streaming frame 720/5943
  ████████░░░░░░░░░░░░░░░░░  32%  Streaming frame 721/5943
  ████████░░░░░░░░░░░░░░░░░  32%  Streaming frame 722/5943
  ████████░░░░░░░░░░░░░░░░░  32%  Streaming frame 723/5943
  ████████░░░░░░░░░░░░░░░░░  32%  Streaming frame 724/5943
  ████████░░░░░░░░░░░░░░░░░  32%  Streaming frame 725/5943
  ████████░░░░░░░░░░░░░░░░░  32%  Streaming frame 726/5943
  ████████░░░░░░░░░░░░░░░░░  32%  Streaming frame 727/5943
  ████████░░░░░░░░░░░░░░░░░  32%  Streaming frame 728/5943
  ████████░░░░░░░░░░░░░░░░░  32%  Streaming frame 729/5943
  ████████░░░░░░░░░░░░░░░░░  32%  Streaming frame 730/5943
  ████████░░░░░░░░░░░░░░░░░  32%  Streaming frame 731/5943
  ████████░░░░░░░░░░░░░░░░░  32%  Streaming frame 732/5943
  ████████░░░░░░░░░░░░░░░░░  32%  Streaming frame 733/5943
  ████████░░░░░░░░░░░░░░░░░  32%  Streaming frame 734/5943
  ████████░░░░░░░░░░░░░░░░░  32%  Streaming frame 735/5943
  ████████░░░░░░░░░░░░░░░░░  32%  Streaming frame 736/5943
  ████████░░░░░░░░░░░░░░░░░  32%  Streaming frame 737/5943
  ████████░░░░░░░░░░░░░░░░░  32%  Streaming frame 738/5943
  ████████░░░░░░░░░░░░░░░░░  32%  Streaming frame 739/5943
  ████████░░░░░░░░░░░░░░░░░  32%  Streaming frame 740/5943
  ████████░░░░░░░░░░░░░░░░░  32%  Streaming frame 741/5943
  ████████░░░░░░░░░░░░░░░░░  32%  Streaming frame 742/5943
  ████████░░░░░░░░░░░░░░░░░  32%  Streaming frame 743/5943
  ████████░░░░░░░░░░░░░░░░░  32%  Streaming frame 744/5943
  ████████░░░░░░░░░░░░░░░░░  32%  Streaming frame 745/5943
  ████████░░░░░░░░░░░░░░░░░  32%  Streaming frame 746/5943
  ████████░░░░░░░░░░░░░░░░░  32%  Streaming frame 747/5943
  ████████░░░░░░░░░░░░░░░░░  32%  Streaming frame 748/5943
  ████████░░░░░░░░░░░░░░░░░  32%  Streaming frame 749/5943
  ████████░░░░░░░░░░░░░░░░░  32%  Streaming frame 750/5943
  ████████░░░░░░░░░░░░░░░░░  32%  Streaming frame 751/5943
  ████████░░░░░░░░░░░░░░░░░  32%  Streaming frame 752/5943
  ████████░░░░░░░░░░░░░░░░░  32%  Streaming frame 753/5943
  ████████░░░░░░░░░░░░░░░░░  32%  Streaming frame 754/5943
  ████████░░░░░░░░░░░░░░░░░  32%  Streaming frame 755/5943
  ████████░░░░░░░░░░░░░░░░░  32%  Streaming frame 756/5943
  ████████░░░░░░░░░░░░░░░░░  32%  Streaming frame 757/5943
  ████████░░░░░░░░░░░░░░░░░  32%  Streaming frame 758/5943
  ████████░░░░░░░░░░░░░░░░░  32%  Streaming frame 759/5943
  ████████░░░░░░░░░░░░░░░░░  32%  Streaming frame 760/5943
  ████████░░░░░░░░░░░░░░░░░  32%  Streaming frame 761/5943
  ████████░░░░░░░░░░░░░░░░░  32%  Streaming frame 762/5943
  ████████░░░░░░░░░░░░░░░░░  32%  Streaming frame 763/5943
  ████████░░░░░░░░░░░░░░░░░  32%  Streaming frame 764/5943
  ████████░░░░░░░░░░░░░░░░░  32%  Streaming frame 765/5943
  ████████░░░░░░░░░░░░░░░░░  32%  Streaming frame 766/5943
  ████████░░░░░░░░░░░░░░░░░  32%  Streaming frame 767/5943
  ████████░░░░░░░░░░░░░░░░░  32%  Streaming frame 768/5943
  ████████░░░░░░░░░░░░░░░░░  32%  Streaming frame 769/5943
  ████████░░░░░░░░░░░░░░░░░  32%  Streaming frame 770/5943
  ████████░░░░░░░░░░░░░░░░░  32%  Streaming frame 771/5943
  ████████░░░░░░░░░░░░░░░░░  32%  Streaming frame 772/5943
  ████████░░░░░░░░░░░░░░░░░  32%  Streaming frame 773/5943
  ████████░░░░░░░░░░░░░░░░░  32%  Streaming frame 774/5943
  ████████░░░░░░░░░░░░░░░░░  32%  Streaming frame 775/5943
  ████████░░░░░░░░░░░░░░░░░  32%  Streaming frame 776/5943
  ████████░░░░░░░░░░░░░░░░░  32%  Streaming frame 777/5943
  ████████░░░░░░░░░░░░░░░░░  32%  Streaming frame 778/5943
  ████████░░░░░░░░░░░░░░░░░  32%  Streaming frame 779/5943
  ████████░░░░░░░░░░░░░░░░░  32%  Streaming frame 780/5943
  ████████░░░░░░░░░░░░░░░░░  32%  Streaming frame 781/5943
  ████████░░░░░░░░░░░░░░░░░  32%  Streaming frame 782/5943
  ████████░░░░░░░░░░░░░░░░░  32%  Streaming frame 783/5943
  ████████░░░░░░░░░░░░░░░░░  32%  Streaming frame 784/5943
  ████████░░░░░░░░░░░░░░░░░  32%  Streaming frame 785/5943
  ████████░░░░░░░░░░░░░░░░░  32%  Streaming frame 786/5943
  ████████░░░░░░░░░░░░░░░░░  32%  Streaming frame 787/5943
  ████████░░░░░░░░░░░░░░░░░  32%  Streaming frame 788/5943
  ████████░░░░░░░░░░░░░░░░░  32%  Streaming frame 789/5943
  ████████░░░░░░░░░░░░░░░░░  32%  Streaming frame 790/5943
  ████████░░░░░░░░░░░░░░░░░  32%  Streaming frame 791/5943
  ████████░░░░░░░░░░░░░░░░░  32%  Streaming frame 792/5943
  ████████░░░░░░░░░░░░░░░░░  32%  Streaming frame 793/5943
  ████████░░░░░░░░░░░░░░░░░  32%  Streaming frame 794/5943
  ████████░░░░░░░░░░░░░░░░░  32%  Streaming frame 795/5943
  ████████░░░░░░░░░░░░░░░░░  32%  Streaming frame 796/5943
  ████████░░░░░░░░░░░░░░░░░  32%  Streaming frame 797/5943
  ████████░░░░░░░░░░░░░░░░░  32%  Streaming frame 798/5943
  ████████░░░░░░░░░░░░░░░░░  32%  Streaming frame 799/5943
  ████████░░░░░░░░░░░░░░░░░  32%  Streaming frame 800/5943
  ████████░░░░░░░░░░░░░░░░░  32%  Streaming frame 801/5943
  ████████░░░░░░░░░░░░░░░░░  32%  Streaming frame 802/5943
  ████████░░░░░░░░░░░░░░░░░  32%  Streaming frame 803/5943
  ████████░░░░░░░░░░░░░░░░░  32%  Streaming frame 804/5943
  ████████░░░░░░░░░░░░░░░░░  32%  Streaming frame 805/5943
  ████████░░░░░░░░░░░░░░░░░  32%  Streaming frame 806/5943
  ████████░░░░░░░░░░░░░░░░░  32%  Streaming frame 807/5943
  ████████░░░░░░░░░░░░░░░░░  32%  Streaming frame 808/5943
  ████████░░░░░░░░░░░░░░░░░  32%  Streaming frame 809/5943
  ████████░░░░░░░░░░░░░░░░░  32%  Streaming frame 810/5943
  ████████░░░░░░░░░░░░░░░░░  33%  Streaming frame 811/5943
  ████████░░░░░░░░░░░░░░░░░  33%  Streaming frame 812/5943
  ████████░░░░░░░░░░░░░░░░░  33%  Streaming frame 813/5943
  ████████░░░░░░░░░░░░░░░░░  33%  Streaming frame 814/5943
  ████████░░░░░░░░░░░░░░░░░  33%  Streaming frame 815/5943
  ████████░░░░░░░░░░░░░░░░░  33%  Streaming frame 816/5943
  ████████░░░░░░░░░░░░░░░░░  33%  Streaming frame 817/5943
  ████████░░░░░░░░░░░░░░░░░  33%  Streaming frame 818/5943
  ████████░░░░░░░░░░░░░░░░░  33%  Streaming frame 819/5943
  ████████░░░░░░░░░░░░░░░░░  33%  Streaming frame 820/5943
  ████████░░░░░░░░░░░░░░░░░  33%  Streaming frame 821/5943
  ████████░░░░░░░░░░░░░░░░░  33%  Streaming frame 822/5943
  ████████░░░░░░░░░░░░░░░░░  33%  Streaming frame 823/5943
  ████████░░░░░░░░░░░░░░░░░  33%  Streaming frame 824/5943
  ████████░░░░░░░░░░░░░░░░░  33%  Streaming frame 825/5943
  ████████░░░░░░░░░░░░░░░░░  33%  Streaming frame 826/5943
  ████████░░░░░░░░░░░░░░░░░  33%  Streaming frame 827/5943
  ████████░░░░░░░░░░░░░░░░░  33%  Streaming frame 828/5943
  ████████░░░░░░░░░░░░░░░░░  33%  Streaming frame 829/5943
  ████████░░░░░░░░░░░░░░░░░  33%  Streaming frame 830/5943
  ████████░░░░░░░░░░░░░░░░░  33%  Streaming frame 831/5943
  ████████░░░░░░░░░░░░░░░░░  33%  Streaming frame 832/5943
  ████████░░░░░░░░░░░░░░░░░  33%  Streaming frame 833/5943
  ████████░░░░░░░░░░░░░░░░░  33%  Streaming frame 834/5943
  ████████░░░░░░░░░░░░░░░░░  33%  Streaming frame 835/5943
  ████████░░░░░░░░░░░░░░░░░  33%  Streaming frame 836/5943
  ████████░░░░░░░░░░░░░░░░░  33%  Streaming frame 837/5943
  ████████░░░░░░░░░░░░░░░░░  33%  Streaming frame 838/5943
  ████████░░░░░░░░░░░░░░░░░  33%  Streaming frame 839/5943
  ████████░░░░░░░░░░░░░░░░░  33%  Streaming frame 840/5943
  ████████░░░░░░░░░░░░░░░░░  33%  Streaming frame 841/5943
  ████████░░░░░░░░░░░░░░░░░  33%  Streaming frame 842/5943
  ████████░░░░░░░░░░░░░░░░░  33%  Streaming frame 843/5943
  ████████░░░░░░░░░░░░░░░░░  33%  Streaming frame 844/5943
  ████████░░░░░░░░░░░░░░░░░  33%  Streaming frame 845/5943
  ████████░░░░░░░░░░░░░░░░░  33%  Streaming frame 846/5943
  ████████░░░░░░░░░░░░░░░░░  33%  Streaming frame 847/5943
  ████████░░░░░░░░░░░░░░░░░  33%  Streaming frame 848/5943
  ████████░░░░░░░░░░░░░░░░░  33%  Streaming frame 849/5943
  ████████░░░░░░░░░░░░░░░░░  33%  Streaming frame 850/5943
  ████████░░░░░░░░░░░░░░░░░  33%  Streaming frame 851/5943
  ████████░░░░░░░░░░░░░░░░░  33%  Streaming frame 852/5943
  ████████░░░░░░░░░░░░░░░░░  33%  Streaming frame 853/5943
  ████████░░░░░░░░░░░░░░░░░  33%  Streaming frame 854/5943
  ████████░░░░░░░░░░░░░░░░░  33%  Streaming frame 855/5943
  ████████░░░░░░░░░░░░░░░░░  33%  Streaming frame 856/5943
  ████████░░░░░░░░░░░░░░░░░  33%  Streaming frame 857/5943
  ████████░░░░░░░░░░░░░░░░░  33%  Streaming frame 858/5943
  ████████░░░░░░░░░░░░░░░░░  33%  Streaming frame 859/5943
  ████████░░░░░░░░░░░░░░░░░  33%  Streaming frame 860/5943
  ████████░░░░░░░░░░░░░░░░░  33%  Streaming frame 861/5943
  ████████░░░░░░░░░░░░░░░░░  33%  Streaming frame 862/5943
  ████████░░░░░░░░░░░░░░░░░  33%  Streaming frame 863/5943
  ████████░░░░░░░░░░░░░░░░░  33%  Streaming frame 864/5943
  ████████░░░░░░░░░░░░░░░░░  33%  Streaming frame 865/5943
  ████████░░░░░░░░░░░░░░░░░  33%  Streaming frame 866/5943
  ████████░░░░░░░░░░░░░░░░░  33%  Streaming frame 867/5943
  ████████░░░░░░░░░░░░░░░░░  33%  Streaming frame 868/5943
  ████████░░░░░░░░░░░░░░░░░  33%  Streaming frame 869/5943
  ████████░░░░░░░░░░░░░░░░░  33%  Streaming frame 870/5943
  ████████░░░░░░░░░░░░░░░░░  33%  Streaming frame 871/5943
  ████████░░░░░░░░░░░░░░░░░  33%  Streaming frame 872/5943
  ████████░░░░░░░░░░░░░░░░░  33%  Streaming frame 873/5943
  ████████░░░░░░░░░░░░░░░░░  33%  Streaming frame 874/5943
  ████████░░░░░░░░░░░░░░░░░  33%  Streaming frame 875/5943
  ████████░░░░░░░░░░░░░░░░░  33%  Streaming frame 876/5943
  ████████░░░░░░░░░░░░░░░░░  33%  Streaming frame 877/5943
  ████████░░░░░░░░░░░░░░░░░  33%  Streaming frame 878/5943
  ████████░░░░░░░░░░░░░░░░░  33%  Streaming frame 879/5943
  ████████░░░░░░░░░░░░░░░░░  33%  Streaming frame 880/5943
  ████████░░░░░░░░░░░░░░░░░  33%  Streaming frame 881/5943
  ████████░░░░░░░░░░░░░░░░░  33%  Streaming frame 882/5943
  ████████░░░░░░░░░░░░░░░░░  33%  Streaming frame 883/5943
  ████████░░░░░░░░░░░░░░░░░  33%  Streaming frame 884/5943
  ████████░░░░░░░░░░░░░░░░░  33%  Streaming frame 885/5943
  ████████░░░░░░░░░░░░░░░░░  33%  Streaming frame 886/5943
  ████████░░░░░░░░░░░░░░░░░  33%  Streaming frame 887/5943
  ████████░░░░░░░░░░░░░░░░░  33%  Streaming frame 888/5943
  ████████░░░░░░░░░░░░░░░░░  33%  Streaming frame 889/5943
  ████████░░░░░░░░░░░░░░░░░  33%  Streaming frame 890/5943
  ████████░░░░░░░░░░░░░░░░░  33%  Streaming frame 891/5943
  ████████░░░░░░░░░░░░░░░░░  33%  Streaming frame 892/5943
  ████████░░░░░░░░░░░░░░░░░  33%  Streaming frame 893/5943
  ████████░░░░░░░░░░░░░░░░░  33%  Streaming frame 894/5943
  ████████░░░░░░░░░░░░░░░░░  33%  Streaming frame 895/5943
  ████████░░░░░░░░░░░░░░░░░  33%  Streaming frame 896/5943
  ████████░░░░░░░░░░░░░░░░░  33%  Streaming frame 897/5943
  ████████░░░░░░░░░░░░░░░░░  33%  Streaming frame 898/5943
  ████████░░░░░░░░░░░░░░░░░  33%  Streaming frame 899/5943
  ████████░░░░░░░░░░░░░░░░░  33%  Streaming frame 900/5943
  ████████░░░░░░░░░░░░░░░░░  33%  Streaming frame 901/5943
  ████████░░░░░░░░░░░░░░░░░  33%  Streaming frame 902/5943
  ████████░░░░░░░░░░░░░░░░░  33%  Streaming frame 903/5943
  ████████░░░░░░░░░░░░░░░░░  33%  Streaming frame 904/5943
  ████████░░░░░░░░░░░░░░░░░  33%  Streaming frame 905/5943
  ████████░░░░░░░░░░░░░░░░░  33%  Streaming frame 906/5943
  ████████░░░░░░░░░░░░░░░░░  33%  Streaming frame 907/5943
  ████████░░░░░░░░░░░░░░░░░  33%  Streaming frame 908/5943
  ████████░░░░░░░░░░░░░░░░░  33%  Streaming frame 909/5943
  ████████░░░░░░░░░░░░░░░░░  33%  Streaming frame 910/5943
  ████████░░░░░░░░░░░░░░░░░  33%  Streaming frame 911/5943
  ████████░░░░░░░░░░░░░░░░░  33%  Streaming frame 912/5943
  ████████░░░░░░░░░░░░░░░░░  33%  Streaming frame 913/5943
  ████████░░░░░░░░░░░░░░░░░  33%  Streaming frame 914/5943
  ████████░░░░░░░░░░░░░░░░░  33%  Streaming frame 915/5943
  ████████░░░░░░░░░░░░░░░░░  33%  Streaming frame 916/5943
  ████████░░░░░░░░░░░░░░░░░  33%  Streaming frame 917/5943
  ████████░░░░░░░░░░░░░░░░░  33%  Streaming frame 918/5943
  ████████░░░░░░░░░░░░░░░░░  34%  Streaming frame 919/5943
  ████████░░░░░░░░░░░░░░░░░  34%  Streaming frame 920/5943
  ████████░░░░░░░░░░░░░░░░░  34%  Streaming frame 921/5943
  ████████░░░░░░░░░░░░░░░░░  34%  Streaming frame 922/5943
  ████████░░░░░░░░░░░░░░░░░  34%  Streaming frame 923/5943
  ████████░░░░░░░░░░░░░░░░░  34%  Streaming frame 924/5943
  ████████░░░░░░░░░░░░░░░░░  34%  Streaming frame 925/5943
  ████████░░░░░░░░░░░░░░░░░  34%  Streaming frame 926/5943
  ████████░░░░░░░░░░░░░░░░░  34%  Streaming frame 927/5943
  ████████░░░░░░░░░░░░░░░░░  34%  Streaming frame 928/5943
  ████████░░░░░░░░░░░░░░░░░  34%  Streaming frame 929/5943
  ████████░░░░░░░░░░░░░░░░░  34%  Streaming frame 930/5943
  ████████░░░░░░░░░░░░░░░░░  34%  Streaming frame 931/5943
  ████████░░░░░░░░░░░░░░░░░  34%  Streaming frame 932/5943
  ████████░░░░░░░░░░░░░░░░░  34%  Streaming frame 933/5943
  ████████░░░░░░░░░░░░░░░░░  34%  Streaming frame 934/5943
  ████████░░░░░░░░░░░░░░░░░  34%  Streaming frame 935/5943
  ████████░░░░░░░░░░░░░░░░░  34%  Streaming frame 936/5943
  ████████░░░░░░░░░░░░░░░░░  34%  Streaming frame 937/5943
  ████████░░░░░░░░░░░░░░░░░  34%  Streaming frame 938/5943
  ████████░░░░░░░░░░░░░░░░░  34%  Streaming frame 939/5943
  ████████░░░░░░░░░░░░░░░░░  34%  Streaming frame 940/5943
  ████████░░░░░░░░░░░░░░░░░  34%  Streaming frame 941/5943
  ████████░░░░░░░░░░░░░░░░░  34%  Streaming frame 942/5943
  ████████░░░░░░░░░░░░░░░░░  34%  Streaming frame 943/5943
  ████████░░░░░░░░░░░░░░░░░  34%  Streaming frame 944/5943
  ████████░░░░░░░░░░░░░░░░░  34%  Streaming frame 945/5943
  ████████░░░░░░░░░░░░░░░░░  34%  Streaming frame 946/5943
  ████████░░░░░░░░░░░░░░░░░  34%  Streaming frame 947/5943
  ████████░░░░░░░░░░░░░░░░░  34%  Streaming frame 948/5943
  ████████░░░░░░░░░░░░░░░░░  34%  Streaming frame 949/5943
  ████████░░░░░░░░░░░░░░░░░  34%  Streaming frame 950/5943
  ████████░░░░░░░░░░░░░░░░░  34%  Streaming frame 951/5943
  ████████░░░░░░░░░░░░░░░░░  34%  Streaming frame 952/5943
  ████████░░░░░░░░░░░░░░░░░  34%  Streaming frame 953/5943
  ████████░░░░░░░░░░░░░░░░░  34%  Streaming frame 954/5943
  ████████░░░░░░░░░░░░░░░░░  34%  Streaming frame 955/5943
  ████████░░░░░░░░░░░░░░░░░  34%  Streaming frame 956/5943
  ████████░░░░░░░░░░░░░░░░░  34%  Streaming frame 957/5943
  ████████░░░░░░░░░░░░░░░░░  34%  Streaming frame 958/5943
  ████████░░░░░░░░░░░░░░░░░  34%  Streaming frame 959/5943
  ████████░░░░░░░░░░░░░░░░░  34%  Streaming frame 960/5943
  ████████░░░░░░░░░░░░░░░░░  34%  Streaming frame 961/5943
  ████████░░░░░░░░░░░░░░░░░  34%  Streaming frame 962/5943
  ████████░░░░░░░░░░░░░░░░░  34%  Streaming frame 963/5943
  ████████░░░░░░░░░░░░░░░░░  34%  Streaming frame 964/5943
  ████████░░░░░░░░░░░░░░░░░  34%  Streaming frame 965/5943
  ████████░░░░░░░░░░░░░░░░░  34%  Streaming frame 966/5943
  ████████░░░░░░░░░░░░░░░░░  34%  Streaming frame 967/5943
  ████████░░░░░░░░░░░░░░░░░  34%  Streaming frame 968/5943
  ████████░░░░░░░░░░░░░░░░░  34%  Streaming frame 969/5943
  ████████░░░░░░░░░░░░░░░░░  34%  Streaming frame 970/5943
  ████████░░░░░░░░░░░░░░░░░  34%  Streaming frame 971/5943
  ████████░░░░░░░░░░░░░░░░░  34%  Streaming frame 972/5943
  ████████░░░░░░░░░░░░░░░░░  34%  Streaming frame 973/5943
  ████████░░░░░░░░░░░░░░░░░  34%  Streaming frame 974/5943
  ████████░░░░░░░░░░░░░░░░░  34%  Streaming frame 975/5943
  ████████░░░░░░░░░░░░░░░░░  34%  Streaming frame 976/5943
  ████████░░░░░░░░░░░░░░░░░  34%  Streaming frame 977/5943
  ████████░░░░░░░░░░░░░░░░░  34%  Streaming frame 978/5943
  ████████░░░░░░░░░░░░░░░░░  34%  Streaming frame 979/5943
  ████████░░░░░░░░░░░░░░░░░  34%  Streaming frame 980/5943
  ████████░░░░░░░░░░░░░░░░░  34%  Streaming frame 981/5943
  ████████░░░░░░░░░░░░░░░░░  34%  Streaming frame 982/5943
  ████████░░░░░░░░░░░░░░░░░  34%  Streaming frame 983/5943
  ████████░░░░░░░░░░░░░░░░░  34%  Streaming frame 984/5943
  ████████░░░░░░░░░░░░░░░░░  34%  Streaming frame 985/5943
  ████████░░░░░░░░░░░░░░░░░  34%  Streaming frame 986/5943
  ████████░░░░░░░░░░░░░░░░░  34%  Streaming frame 987/5943
  ████████░░░░░░░░░░░░░░░░░  34%  Streaming frame 988/5943
  ████████░░░░░░░░░░░░░░░░░  34%  Streaming frame 989/5943
  ████████░░░░░░░░░░░░░░░░░  34%  Streaming frame 990/5943
  ████████░░░░░░░░░░░░░░░░░  34%  Streaming frame 991/5943
  ████████░░░░░░░░░░░░░░░░░  34%  Streaming frame 992/5943
  ████████░░░░░░░░░░░░░░░░░  34%  Streaming frame 993/5943
  ████████░░░░░░░░░░░░░░░░░  34%  Streaming frame 994/5943
  ████████░░░░░░░░░░░░░░░░░  34%  Streaming frame 995/5943
  ████████░░░░░░░░░░░░░░░░░  34%  Streaming frame 996/5943
  ████████░░░░░░░░░░░░░░░░░  34%  Streaming frame 997/5943
  ████████░░░░░░░░░░░░░░░░░  34%  Streaming frame 998/5943
  ████████░░░░░░░░░░░░░░░░░  34%  Streaming frame 999/5943
  ████████░░░░░░░░░░░░░░░░░  34%  Streaming frame 1000/5943
  ████████░░░░░░░░░░░░░░░░░  34%  Streaming frame 1001/5943
  ████████░░░░░░░░░░░░░░░░░  34%  Streaming frame 1002/5943
  ████████░░░░░░░░░░░░░░░░░  34%  Streaming frame 1003/5943
  ████████░░░░░░░░░░░░░░░░░  34%  Streaming frame 1004/5943
  ████████░░░░░░░░░░░░░░░░░  34%  Streaming frame 1005/5943
  ████████░░░░░░░░░░░░░░░░░  34%  Streaming frame 1006/5943
  ████████░░░░░░░░░░░░░░░░░  34%  Streaming frame 1007/5943
  ████████░░░░░░░░░░░░░░░░░  34%  Streaming frame 1008/5943
  ████████░░░░░░░░░░░░░░░░░  34%  Streaming frame 1009/5943
  ████████░░░░░░░░░░░░░░░░░  34%  Streaming frame 1010/5943
  ████████░░░░░░░░░░░░░░░░░  34%  Streaming frame 1011/5943
  ████████░░░░░░░░░░░░░░░░░  34%  Streaming frame 1012/5943
  ████████░░░░░░░░░░░░░░░░░  34%  Streaming frame 1013/5943
  ████████░░░░░░░░░░░░░░░░░  34%  Streaming frame 1014/5943
  ████████░░░░░░░░░░░░░░░░░  34%  Streaming frame 1015/5943
  ████████░░░░░░░░░░░░░░░░░  34%  Streaming frame 1016/5943
  ████████░░░░░░░░░░░░░░░░░  34%  Streaming frame 1017/5943
  ████████░░░░░░░░░░░░░░░░░  34%  Streaming frame 1018/5943
  ████████░░░░░░░░░░░░░░░░░  34%  Streaming frame 1019/5943
  ████████░░░░░░░░░░░░░░░░░  34%  Streaming frame 1020/5943
  ████████░░░░░░░░░░░░░░░░░  34%  Streaming frame 1021/5943
  ████████░░░░░░░░░░░░░░░░░  34%  Streaming frame 1022/5943
  ████████░░░░░░░░░░░░░░░░░  34%  Streaming frame 1023/5943
  ████████░░░░░░░░░░░░░░░░░  34%  Streaming frame 1024/5943
  ████████░░░░░░░░░░░░░░░░░  34%  Streaming frame 1025/5943
  ████████░░░░░░░░░░░░░░░░░  34%  Streaming frame 1026/5943
  ████████░░░░░░░░░░░░░░░░░  35%  Streaming frame 1027/5943
  ████████░░░░░░░░░░░░░░░░░  35%  Streaming frame 1028/5943
  ████████░░░░░░░░░░░░░░░░░  35%  Streaming frame 1029/5943
  ████████░░░░░░░░░░░░░░░░░  35%  Streaming frame 1030/5943
  ████████░░░░░░░░░░░░░░░░░  35%  Streaming frame 1031/5943
  ████████░░░░░░░░░░░░░░░░░  35%  Streaming frame 1032/5943
  ████████░░░░░░░░░░░░░░░░░  35%  Streaming frame 1033/5943
  ████████░░░░░░░░░░░░░░░░░  35%  Streaming frame 1034/5943
  ████████░░░░░░░░░░░░░░░░░  35%  Streaming frame 1035/5943
  ████████░░░░░░░░░░░░░░░░░  35%  Streaming frame 1036/5943
  ████████░░░░░░░░░░░░░░░░░  35%  Streaming frame 1037/5943
  ████████░░░░░░░░░░░░░░░░░  35%  Streaming frame 1038/5943
  ████████░░░░░░░░░░░░░░░░░  35%  Streaming frame 1039/5943
  ████████░░░░░░░░░░░░░░░░░  35%  Streaming frame 1040/5943
  ████████░░░░░░░░░░░░░░░░░  35%  Streaming frame 1041/5943
  ████████░░░░░░░░░░░░░░░░░  35%  Streaming frame 1042/5943
  ████████░░░░░░░░░░░░░░░░░  35%  Streaming frame 1043/5943
  ████████░░░░░░░░░░░░░░░░░  35%  Streaming frame 1044/5943
  ████████░░░░░░░░░░░░░░░░░  35%  Streaming frame 1045/5943
  ████████░░░░░░░░░░░░░░░░░  35%  Streaming frame 1046/5943
  ████████░░░░░░░░░░░░░░░░░  35%  Streaming frame 1047/5943
  ████████░░░░░░░░░░░░░░░░░  35%  Streaming frame 1048/5943
  ████████░░░░░░░░░░░░░░░░░  35%  Streaming frame 1049/5943
  ████████░░░░░░░░░░░░░░░░░  35%  Streaming frame 1050/5943
  ████████░░░░░░░░░░░░░░░░░  35%  Streaming frame 1051/5943
  ████████░░░░░░░░░░░░░░░░░  35%  Streaming frame 1052/5943
  ████████░░░░░░░░░░░░░░░░░  35%  Streaming frame 1053/5943
  ████████░░░░░░░░░░░░░░░░░  35%  Streaming frame 1054/5943
  ████████░░░░░░░░░░░░░░░░░  35%  Streaming frame 1055/5943
  ████████░░░░░░░░░░░░░░░░░  35%  Streaming frame 1056/5943
  ████████░░░░░░░░░░░░░░░░░  35%  Streaming frame 1057/5943
  ████████░░░░░░░░░░░░░░░░░  35%  Streaming frame 1058/5943
  ████████░░░░░░░░░░░░░░░░░  35%  Streaming frame 1059/5943
  ████████░░░░░░░░░░░░░░░░░  35%  Streaming frame 1060/5943
  ████████░░░░░░░░░░░░░░░░░  35%  Streaming frame 1061/5943
  ████████░░░░░░░░░░░░░░░░░  35%  Streaming frame 1062/5943
  ████████░░░░░░░░░░░░░░░░░  35%  Streaming frame 1063/5943
  ████████░░░░░░░░░░░░░░░░░  35%  Streaming frame 1064/5943
  ████████░░░░░░░░░░░░░░░░░  35%  Streaming frame 1065/5943
  ████████░░░░░░░░░░░░░░░░░  35%  Streaming frame 1066/5943
  ████████░░░░░░░░░░░░░░░░░  35%  Streaming frame 1067/5943
  ████████░░░░░░░░░░░░░░░░░  35%  Streaming frame 1068/5943
[WARN] [Render] drawElement blank-frame suspect; re-capturing {"renderJobId":"0864dc62-23d7-4255-b7df-8658ca5071d6","frame":1068,"bytes":6161,"floor":7778}
[INFO] [Render] drawElement small frame is deterministic; accepted {"renderJobId":"0864dc62-23d7-4255-b7df-8658ca5071d6","frame":1068,"bytes":6161}
  ████████░░░░░░░░░░░░░░░░░  35%  Streaming frame 1069/5943
[WARN] [Render] drawElement blank-frame suspect; re-capturing {"renderJobId":"0864dc62-23d7-4255-b7df-8658ca5071d6","frame":1069,"bytes":6511,"floor":7775}
[INFO] [Render] drawElement small frame is deterministic; accepted {"renderJobId":"0864dc62-23d7-4255-b7df-8658ca5071d6","frame":1069,"bytes":6511}
  ████████░░░░░░░░░░░░░░░░░  35%  Streaming frame 1070/5943
[WARN] [Render] drawElement blank-frame suspect; re-capturing {"renderJobId":"0864dc62-23d7-4255-b7df-8658ca5071d6","frame":1070,"bytes":6646,"floor":7775}
[INFO] [Render] drawElement small frame is deterministic; accepted {"renderJobId":"0864dc62-23d7-4255-b7df-8658ca5071d6","frame":1070,"bytes":6646}
  ████████░░░░░░░░░░░░░░░░░  35%  Streaming frame 1071/5943
[WARN] [Render] drawElement blank-frame suspect; re-capturing {"renderJobId":"0864dc62-23d7-4255-b7df-8658ca5071d6","frame":1071,"bytes":6743,"floor":7775}
[INFO] [Render] drawElement small frame is deterministic; accepted {"renderJobId":"0864dc62-23d7-4255-b7df-8658ca5071d6","frame":1071,"bytes":6743}
  ████████░░░░░░░░░░░░░░░░░  35%  Streaming frame 1072/5943
[WARN] [Render] drawElement blank-frame suspect; re-capturing {"renderJobId":"0864dc62-23d7-4255-b7df-8658ca5071d6","frame":1072,"bytes":6819,"floor":7774}
[INFO] [Render] drawElement small frame is deterministic; accepted {"renderJobId":"0864dc62-23d7-4255-b7df-8658ca5071d6","frame":1072,"bytes":6819}
  ████████░░░░░░░░░░░░░░░░░  35%  Streaming frame 1073/5943
  ████████░░░░░░░░░░░░░░░░░  35%  Streaming frame 1074/5943
  ████████░░░░░░░░░░░░░░░░░  35%  Streaming frame 1075/5943
  ████████░░░░░░░░░░░░░░░░░  35%  Streaming frame 1076/5943
  ████████░░░░░░░░░░░░░░░░░  35%  Streaming frame 1077/5943
  ████████░░░░░░░░░░░░░░░░░  35%  Streaming frame 1078/5943
  ████████░░░░░░░░░░░░░░░░░  35%  Streaming frame 1079/5943
  ████████░░░░░░░░░░░░░░░░░  35%  Streaming frame 1080/5943
  ████████░░░░░░░░░░░░░░░░░  35%  Streaming frame 1081/5943
  ████████░░░░░░░░░░░░░░░░░  35%  Streaming frame 1082/5943
  ████████░░░░░░░░░░░░░░░░░  35%  Streaming frame 1083/5943
  ████████░░░░░░░░░░░░░░░░░  35%  Streaming frame 1084/5943
  ████████░░░░░░░░░░░░░░░░░  35%  Streaming frame 1085/5943
  ████████░░░░░░░░░░░░░░░░░  35%  Streaming frame 1086/5943
  ████████░░░░░░░░░░░░░░░░░  35%  Streaming frame 1087/5943
  ████████░░░░░░░░░░░░░░░░░  35%  Streaming frame 1088/5943
  ████████░░░░░░░░░░░░░░░░░  35%  Streaming frame 1089/5943
  ████████░░░░░░░░░░░░░░░░░  35%  Streaming frame 1090/5943
  ████████░░░░░░░░░░░░░░░░░  35%  Streaming frame 1091/5943
  ████████░░░░░░░░░░░░░░░░░  35%  Streaming frame 1092/5943
  ████████░░░░░░░░░░░░░░░░░  35%  Streaming frame 1093/5943
  ████████░░░░░░░░░░░░░░░░░  35%  Streaming frame 1094/5943
  ████████░░░░░░░░░░░░░░░░░  35%  Streaming frame 1095/5943
  ████████░░░░░░░░░░░░░░░░░  35%  Streaming frame 1096/5943
  ████████░░░░░░░░░░░░░░░░░  35%  Streaming frame 1097/5943
  ████████░░░░░░░░░░░░░░░░░  35%  Streaming frame 1098/5943
  ████████░░░░░░░░░░░░░░░░░  35%  Streaming frame 1099/5943
  ████████░░░░░░░░░░░░░░░░░  35%  Streaming frame 1100/5943
  ████████░░░░░░░░░░░░░░░░░  35%  Streaming frame 1101/5943
  ████████░░░░░░░░░░░░░░░░░  35%  Streaming frame 1102/5943
  ████████░░░░░░░░░░░░░░░░░  35%  Streaming frame 1103/5943
  ████████░░░░░░░░░░░░░░░░░  35%  Streaming frame 1104/5943
  ████████░░░░░░░░░░░░░░░░░  35%  Streaming frame 1105/5943
  ████████░░░░░░░░░░░░░░░░░  35%  Streaming frame 1106/5943
  ████████░░░░░░░░░░░░░░░░░  35%  Streaming frame 1107/5943
  ████████░░░░░░░░░░░░░░░░░  35%  Streaming frame 1108/5943
  ████████░░░░░░░░░░░░░░░░░  35%  Streaming frame 1109/5943
  ████████░░░░░░░░░░░░░░░░░  35%  Streaming frame 1110/5943
  ████████░░░░░░░░░░░░░░░░░  35%  Streaming frame 1111/5943
  ████████░░░░░░░░░░░░░░░░░  35%  Streaming frame 1112/5943
  ████████░░░░░░░░░░░░░░░░░  35%  Streaming frame 1113/5943
  ████████░░░░░░░░░░░░░░░░░  35%  Streaming frame 1114/5943
  ████████░░░░░░░░░░░░░░░░░  35%  Streaming frame 1115/5943
  ████████░░░░░░░░░░░░░░░░░  35%  Streaming frame 1116/5943
  ████████░░░░░░░░░░░░░░░░░  35%  Streaming frame 1117/5943
  ████████░░░░░░░░░░░░░░░░░  35%  Streaming frame 1118/5943
  ████████░░░░░░░░░░░░░░░░░  35%  Streaming frame 1119/5943
  ████████░░░░░░░░░░░░░░░░░  35%  Streaming frame 1120/5943
  ████████░░░░░░░░░░░░░░░░░  35%  Streaming frame 1121/5943
  ████████░░░░░░░░░░░░░░░░░  35%  Streaming frame 1122/5943
  ████████░░░░░░░░░░░░░░░░░  35%  Streaming frame 1123/5943
  ████████░░░░░░░░░░░░░░░░░  35%  Streaming frame 1124/5943
  ████████░░░░░░░░░░░░░░░░░  35%  Streaming frame 1125/5943
  ████████░░░░░░░░░░░░░░░░░  35%  Streaming frame 1126/5943
  ████████░░░░░░░░░░░░░░░░░  35%  Streaming frame 1127/5943
  ████████░░░░░░░░░░░░░░░░░  35%  Streaming frame 1128/5943
  ████████░░░░░░░░░░░░░░░░░  35%  Streaming frame 1129/5943
  ████████░░░░░░░░░░░░░░░░░  35%  Streaming frame 1130/5943
  ████████░░░░░░░░░░░░░░░░░  35%  Streaming frame 1131/5943
  ████████░░░░░░░░░░░░░░░░░  35%  Streaming frame 1132/5943
  ████████░░░░░░░░░░░░░░░░░  35%  Streaming frame 1133/5943
  ████████░░░░░░░░░░░░░░░░░  35%  Streaming frame 1134/5943
  █████████░░░░░░░░░░░░░░░░  36%  Streaming frame 1135/5943
  █████████░░░░░░░░░░░░░░░░  36%  Streaming frame 1136/5943
  █████████░░░░░░░░░░░░░░░░  36%  Streaming frame 1137/5943
  █████████░░░░░░░░░░░░░░░░  36%  Streaming frame 1138/5943
  █████████░░░░░░░░░░░░░░░░  36%  Streaming frame 1139/5943
  █████████░░░░░░░░░░░░░░░░  36%  Streaming frame 1140/5943
  █████████░░░░░░░░░░░░░░░░  36%  Streaming frame 1141/5943
  █████████░░░░░░░░░░░░░░░░  36%  Streaming frame 1142/5943
  █████████░░░░░░░░░░░░░░░░  36%  Streaming frame 1143/5943
  █████████░░░░░░░░░░░░░░░░  36%  Streaming frame 1144/5943
  █████████░░░░░░░░░░░░░░░░  36%  Streaming frame 1145/5943
  █████████░░░░░░░░░░░░░░░░  36%  Streaming frame 1146/5943
  █████████░░░░░░░░░░░░░░░░  36%  Streaming frame 1147/5943
  █████████░░░░░░░░░░░░░░░░  36%  Streaming frame 1148/5943
  █████████░░░░░░░░░░░░░░░░  36%  Streaming frame 1149/5943
  █████████░░░░░░░░░░░░░░░░  36%  Streaming frame 1150/5943
  █████████░░░░░░░░░░░░░░░░  36%  Streaming frame 1151/5943
  █████████░░░░░░░░░░░░░░░░  36%  Streaming frame 1152/5943
  █████████░░░░░░░░░░░░░░░░  36%  Streaming frame 1153/5943
  █████████░░░░░░░░░░░░░░░░  36%  Streaming frame 1154/5943
  █████████░░░░░░░░░░░░░░░░  36%  Streaming frame 1155/5943
  █████████░░░░░░░░░░░░░░░░  36%  Streaming frame 1156/5943
  █████████░░░░░░░░░░░░░░░░  36%  Streaming frame 1157/5943
  █████████░░░░░░░░░░░░░░░░  36%  Streaming frame 1158/5943
  █████████░░░░░░░░░░░░░░░░  36%  Streaming frame 1159/5943
  █████████░░░░░░░░░░░░░░░░  36%  Streaming frame 1160/5943
  █████████░░░░░░░░░░░░░░░░  36%  Streaming frame 1161/5943
  █████████░░░░░░░░░░░░░░░░  36%  Streaming frame 1162/5943
  █████████░░░░░░░░░░░░░░░░  36%  Streaming frame 1163/5943
  █████████░░░░░░░░░░░░░░░░  36%  Streaming frame 1164/5943
  █████████░░░░░░░░░░░░░░░░  36%  Streaming frame 1165/5943
  █████████░░░░░░░░░░░░░░░░  36%  Streaming frame 1166/5943
  █████████░░░░░░░░░░░░░░░░  36%  Streaming frame 1167/5943
  █████████░░░░░░░░░░░░░░░░  36%  Streaming frame 1168/5943
  █████████░░░░░░░░░░░░░░░░  36%  Streaming frame 1169/5943
  █████████░░░░░░░░░░░░░░░░  36%  Streaming frame 1170/5943
  █████████░░░░░░░░░░░░░░░░  36%  Streaming frame 1171/5943
  █████████░░░░░░░░░░░░░░░░  36%  Streaming frame 1172/5943
  █████████░░░░░░░░░░░░░░░░  36%  Streaming frame 1173/5943
  █████████░░░░░░░░░░░░░░░░  36%  Streaming frame 1174/5943
  █████████░░░░░░░░░░░░░░░░  36%  Streaming frame 1175/5943
  █████████░░░░░░░░░░░░░░░░  36%  Streaming frame 1176/5943
  █████████░░░░░░░░░░░░░░░░  36%  Streaming frame 1177/5943
  █████████░░░░░░░░░░░░░░░░  36%  Streaming frame 1178/5943
  █████████░░░░░░░░░░░░░░░░  36%  Streaming frame 1179/5943
  █████████░░░░░░░░░░░░░░░░  36%  Streaming frame 1180/5943
  █████████░░░░░░░░░░░░░░░░  36%  Streaming frame 1181/5943
  █████████░░░░░░░░░░░░░░░░  36%  Streaming frame 1182/5943
  █████████░░░░░░░░░░░░░░░░  36%  Streaming frame 1183/5943
  █████████░░░░░░░░░░░░░░░░  36%  Streaming frame 1184/5943
  █████████░░░░░░░░░░░░░░░░  36%  Streaming frame 1185/5943
  █████████░░░░░░░░░░░░░░░░  36%  Streaming frame 1186/5943
  █████████░░░░░░░░░░░░░░░░  36%  Streaming frame 1187/5943
  █████████░░░░░░░░░░░░░░░░  36%  Streaming frame 1188/5943
  █████████░░░░░░░░░░░░░░░░  36%  Streaming frame 1189/5943
  █████████░░░░░░░░░░░░░░░░  36%  Streaming frame 1190/5943
  █████████░░░░░░░░░░░░░░░░  36%  Streaming frame 1191/5943
  █████████░░░░░░░░░░░░░░░░  36%  Streaming frame 1192/5943
  █████████░░░░░░░░░░░░░░░░  36%  Streaming frame 1193/5943
  █████████░░░░░░░░░░░░░░░░  36%  Streaming frame 1194/5943
  █████████░░░░░░░░░░░░░░░░  36%  Streaming frame 1195/5943
  █████████░░░░░░░░░░░░░░░░  36%  Streaming frame 1196/5943
  █████████░░░░░░░░░░░░░░░░  36%  Streaming frame 1197/5943
  █████████░░░░░░░░░░░░░░░░  36%  Streaming frame 1198/5943
  █████████░░░░░░░░░░░░░░░░  36%  Streaming frame 1199/5943
  █████████░░░░░░░░░░░░░░░░  36%  Streaming frame 1200/5943
  █████████░░░░░░░░░░░░░░░░  36%  Streaming frame 1201/5943
  █████████░░░░░░░░░░░░░░░░  36%  Streaming frame 1202/5943
  █████████░░░░░░░░░░░░░░░░  36%  Streaming frame 1203/5943
  █████████░░░░░░░░░░░░░░░░  36%  Streaming frame 1204/5943
  █████████░░░░░░░░░░░░░░░░  36%  Streaming frame 1205/5943
  █████████░░░░░░░░░░░░░░░░  36%  Streaming frame 1206/5943
  █████████░░░░░░░░░░░░░░░░  36%  Streaming frame 1207/5943
  █████████░░░░░░░░░░░░░░░░  36%  Streaming frame 1208/5943
  █████████░░░░░░░░░░░░░░░░  36%  Streaming frame 1209/5943
  █████████░░░░░░░░░░░░░░░░  36%  Streaming frame 1210/5943
  █████████░░░░░░░░░░░░░░░░  36%  Streaming frame 1211/5943
  █████████░░░░░░░░░░░░░░░░  36%  Streaming frame 1212/5943
  █████████░░░░░░░░░░░░░░░░  36%  Streaming frame 1213/5943
  █████████░░░░░░░░░░░░░░░░  36%  Streaming frame 1214/5943
  █████████░░░░░░░░░░░░░░░░  36%  Streaming frame 1215/5943
  █████████░░░░░░░░░░░░░░░░  36%  Streaming frame 1216/5943
  █████████░░░░░░░░░░░░░░░░  36%  Streaming frame 1217/5943
  █████████░░░░░░░░░░░░░░░░  36%  Streaming frame 1218/5943
  █████████░░░░░░░░░░░░░░░░  36%  Streaming frame 1219/5943
  █████████░░░░░░░░░░░░░░░░  36%  Streaming frame 1220/5943
  █████████░░░░░░░░░░░░░░░░  36%  Streaming frame 1221/5943
  █████████░░░░░░░░░░░░░░░░  36%  Streaming frame 1222/5943
  █████████░░░░░░░░░░░░░░░░  36%  Streaming frame 1223/5943
  █████████░░░░░░░░░░░░░░░░  36%  Streaming frame 1224/5943
  █████████░░░░░░░░░░░░░░░░  36%  Streaming frame 1225/5943
  █████████░░░░░░░░░░░░░░░░  36%  Streaming frame 1226/5943
  █████████░░░░░░░░░░░░░░░░  36%  Streaming frame 1227/5943
  █████████░░░░░░░░░░░░░░░░  36%  Streaming frame 1228/5943
  █████████░░░░░░░░░░░░░░░░  36%  Streaming frame 1229/5943
  █████████░░░░░░░░░░░░░░░░  36%  Streaming frame 1230/5943
  █████████░░░░░░░░░░░░░░░░  36%  Streaming frame 1231/5943
  █████████░░░░░░░░░░░░░░░░  36%  Streaming frame 1232/5943
  █████████░░░░░░░░░░░░░░░░  36%  Streaming frame 1233/5943
  █████████░░░░░░░░░░░░░░░░  36%  Streaming frame 1234/5943
  █████████░░░░░░░░░░░░░░░░  36%  Streaming frame 1235/5943
  █████████░░░░░░░░░░░░░░░░  36%  Streaming frame 1236/5943
  █████████░░░░░░░░░░░░░░░░  36%  Streaming frame 1237/5943
  █████████░░░░░░░░░░░░░░░░  36%  Streaming frame 1238/5943
  █████████░░░░░░░░░░░░░░░░  36%  Streaming frame 1239/5943
  █████████░░░░░░░░░░░░░░░░  36%  Streaming frame 1240/5943
  █████████░░░░░░░░░░░░░░░░  36%  Streaming frame 1241/5943
  █████████░░░░░░░░░░░░░░░░  36%  Streaming frame 1242/5943
  █████████░░░░░░░░░░░░░░░░  37%  Streaming frame 1243/5943
  █████████░░░░░░░░░░░░░░░░  37%  Streaming frame 1244/5943
  █████████░░░░░░░░░░░░░░░░  37%  Streaming frame 1245/5943
  █████████░░░░░░░░░░░░░░░░  37%  Streaming frame 1246/5943
  █████████░░░░░░░░░░░░░░░░  37%  Streaming frame 1247/5943
  █████████░░░░░░░░░░░░░░░░  37%  Streaming frame 1248/5943
  █████████░░░░░░░░░░░░░░░░  37%  Streaming frame 1249/5943
  █████████░░░░░░░░░░░░░░░░  37%  Streaming frame 1250/5943
  █████████░░░░░░░░░░░░░░░░  37%  Streaming frame 1251/5943
  █████████░░░░░░░░░░░░░░░░  37%  Streaming frame 1252/5943
  █████████░░░░░░░░░░░░░░░░  37%  Streaming frame 1253/5943
  █████████░░░░░░░░░░░░░░░░  37%  Streaming frame 1254/5943
  █████████░░░░░░░░░░░░░░░░  37%  Streaming frame 1255/5943
  █████████░░░░░░░░░░░░░░░░  37%  Streaming frame 1256/5943
  █████████░░░░░░░░░░░░░░░░  37%  Streaming frame 1257/5943
  █████████░░░░░░░░░░░░░░░░  37%  Streaming frame 1258/5943
  █████████░░░░░░░░░░░░░░░░  37%  Streaming frame 1259/5943
  █████████░░░░░░░░░░░░░░░░  37%  Streaming frame 1260/5943
  █████████░░░░░░░░░░░░░░░░  37%  Streaming frame 1261/5943
  █████████░░░░░░░░░░░░░░░░  37%  Streaming frame 1262/5943
  █████████░░░░░░░░░░░░░░░░  37%  Streaming frame 1263/5943
  █████████░░░░░░░░░░░░░░░░  37%  Streaming frame 1264/5943
  █████████░░░░░░░░░░░░░░░░  37%  Streaming frame 1265/5943
  █████████░░░░░░░░░░░░░░░░  37%  Streaming frame 1266/5943
  █████████░░░░░░░░░░░░░░░░  37%  Streaming frame 1267/5943
  █████████░░░░░░░░░░░░░░░░  37%  Streaming frame 1268/5943
  █████████░░░░░░░░░░░░░░░░  37%  Streaming frame 1269/5943
  █████████░░░░░░░░░░░░░░░░  37%  Streaming frame 1270/5943
  █████████░░░░░░░░░░░░░░░░  37%  Streaming frame 1271/5943
  █████████░░░░░░░░░░░░░░░░  37%  Streaming frame 1272/5943
  █████████░░░░░░░░░░░░░░░░  37%  Streaming frame 1273/5943
  █████████░░░░░░░░░░░░░░░░  37%  Streaming frame 1274/5943
  █████████░░░░░░░░░░░░░░░░  37%  Streaming frame 1275/5943
  █████████░░░░░░░░░░░░░░░░  37%  Streaming frame 1276/5943
  █████████░░░░░░░░░░░░░░░░  37%  Streaming frame 1277/5943
  █████████░░░░░░░░░░░░░░░░  37%  Streaming frame 1278/5943
  █████████░░░░░░░░░░░░░░░░  37%  Streaming frame 1279/5943
  █████████░░░░░░░░░░░░░░░░  37%  Streaming frame 1280/5943
  █████████░░░░░░░░░░░░░░░░  37%  Streaming frame 1281/5943
  █████████░░░░░░░░░░░░░░░░  37%  Streaming frame 1282/5943
  █████████░░░░░░░░░░░░░░░░  37%  Streaming frame 1283/5943
  █████████░░░░░░░░░░░░░░░░  37%  Streaming frame 1284/5943
  █████████░░░░░░░░░░░░░░░░  37%  Streaming frame 1285/5943
  █████████░░░░░░░░░░░░░░░░  37%  Streaming frame 1286/5943
  █████████░░░░░░░░░░░░░░░░  37%  Streaming frame 1287/5943
  █████████░░░░░░░░░░░░░░░░  37%  Streaming frame 1288/5943
  █████████░░░░░░░░░░░░░░░░  37%  Streaming frame 1289/5943
  █████████░░░░░░░░░░░░░░░░  37%  Streaming frame 1290/5943
  █████████░░░░░░░░░░░░░░░░  37%  Streaming frame 1291/5943
  █████████░░░░░░░░░░░░░░░░  37%  Streaming frame 1292/5943
  █████████░░░░░░░░░░░░░░░░  37%  Streaming frame 1293/5943
  █████████░░░░░░░░░░░░░░░░  37%  Streaming frame 1294/5943
  █████████░░░░░░░░░░░░░░░░  37%  Streaming frame 1295/5943
  █████████░░░░░░░░░░░░░░░░  37%  Streaming frame 1296/5943
  █████████░░░░░░░░░░░░░░░░  37%  Streaming frame 1297/5943
  █████████░░░░░░░░░░░░░░░░  37%  Streaming frame 1298/5943
  █████████░░░░░░░░░░░░░░░░  37%  Streaming frame 1299/5943
  █████████░░░░░░░░░░░░░░░░  37%  Streaming frame 1300/5943
  █████████░░░░░░░░░░░░░░░░  37%  Streaming frame 1301/5943
  █████████░░░░░░░░░░░░░░░░  37%  Streaming frame 1302/5943
  █████████░░░░░░░░░░░░░░░░  37%  Streaming frame 1303/5943
  █████████░░░░░░░░░░░░░░░░  37%  Streaming frame 1304/5943
  █████████░░░░░░░░░░░░░░░░  37%  Streaming frame 1305/5943
  █████████░░░░░░░░░░░░░░░░  37%  Streaming frame 1306/5943
  █████████░░░░░░░░░░░░░░░░  37%  Streaming frame 1307/5943
  █████████░░░░░░░░░░░░░░░░  37%  Streaming frame 1308/5943
  █████████░░░░░░░░░░░░░░░░  37%  Streaming frame 1309/5943
  █████████░░░░░░░░░░░░░░░░  37%  Streaming frame 1310/5943
  █████████░░░░░░░░░░░░░░░░  37%  Streaming frame 1311/5943
  █████████░░░░░░░░░░░░░░░░  37%  Streaming frame 1312/5943
  █████████░░░░░░░░░░░░░░░░  37%  Streaming frame 1313/5943
  █████████░░░░░░░░░░░░░░░░  37%  Streaming frame 1314/5943
  █████████░░░░░░░░░░░░░░░░  37%  Streaming frame 1315/5943
  █████████░░░░░░░░░░░░░░░░  37%  Streaming frame 1316/5943
  █████████░░░░░░░░░░░░░░░░  37%  Streaming frame 1317/5943
  █████████░░░░░░░░░░░░░░░░  37%  Streaming frame 1318/5943
  █████████░░░░░░░░░░░░░░░░  37%  Streaming frame 1319/5943
  █████████░░░░░░░░░░░░░░░░  37%  Streaming frame 1320/5943
  █████████░░░░░░░░░░░░░░░░  37%  Streaming frame 1321/5943
  █████████░░░░░░░░░░░░░░░░  37%  Streaming frame 1322/5943
  █████████░░░░░░░░░░░░░░░░  37%  Streaming frame 1323/5943
  █████████░░░░░░░░░░░░░░░░  37%  Streaming frame 1324/5943
  █████████░░░░░░░░░░░░░░░░  37%  Streaming frame 1325/5943
  █████████░░░░░░░░░░░░░░░░  37%  Streaming frame 1326/5943
  █████████░░░░░░░░░░░░░░░░  37%  Streaming frame 1327/5943
  █████████░░░░░░░░░░░░░░░░  37%  Streaming frame 1328/5943
  █████████░░░░░░░░░░░░░░░░  37%  Streaming frame 1329/5943
  █████████░░░░░░░░░░░░░░░░  37%  Streaming frame 1330/5943
  █████████░░░░░░░░░░░░░░░░  37%  Streaming frame 1331/5943
  █████████░░░░░░░░░░░░░░░░  37%  Streaming frame 1332/5943
  █████████░░░░░░░░░░░░░░░░  37%  Streaming frame 1333/5943
  █████████░░░░░░░░░░░░░░░░  37%  Streaming frame 1334/5943
  █████████░░░░░░░░░░░░░░░░  37%  Streaming frame 1335/5943
  █████████░░░░░░░░░░░░░░░░  37%  Streaming frame 1336/5943
  █████████░░░░░░░░░░░░░░░░  37%  Streaming frame 1337/5943
  █████████░░░░░░░░░░░░░░░░  37%  Streaming frame 1338/5943
  █████████░░░░░░░░░░░░░░░░  37%  Streaming frame 1339/5943
  █████████░░░░░░░░░░░░░░░░  37%  Streaming frame 1340/5943
  █████████░░░░░░░░░░░░░░░░  37%  Streaming frame 1341/5943
  █████████░░░░░░░░░░░░░░░░  37%  Streaming frame 1342/5943
  █████████░░░░░░░░░░░░░░░░  37%  Streaming frame 1343/5943
  █████████░░░░░░░░░░░░░░░░  37%  Streaming frame 1344/5943
  █████████░░░░░░░░░░░░░░░░  37%  Streaming frame 1345/5943
  █████████░░░░░░░░░░░░░░░░  37%  Streaming frame 1346/5943
  █████████░░░░░░░░░░░░░░░░  37%  Streaming frame 1347/5943
  █████████░░░░░░░░░░░░░░░░  37%  Streaming frame 1348/5943
  █████████░░░░░░░░░░░░░░░░  37%  Streaming frame 1349/5943
  █████████░░░░░░░░░░░░░░░░  37%  Streaming frame 1350/5943
  █████████░░░░░░░░░░░░░░░░  38%  Streaming frame 1351/5943
  █████████░░░░░░░░░░░░░░░░  38%  Streaming frame 1352/5943
  █████████░░░░░░░░░░░░░░░░  38%  Streaming frame 1353/5943
  █████████░░░░░░░░░░░░░░░░  38%  Streaming frame 1354/5943
  █████████░░░░░░░░░░░░░░░░  38%  Streaming frame 1355/5943
  █████████░░░░░░░░░░░░░░░░  38%  Streaming frame 1356/5943
  █████████░░░░░░░░░░░░░░░░  38%  Streaming frame 1357/5943
  █████████░░░░░░░░░░░░░░░░  38%  Streaming frame 1358/5943
  █████████░░░░░░░░░░░░░░░░  38%  Streaming frame 1359/5943
  █████████░░░░░░░░░░░░░░░░  38%  Streaming frame 1360/5943
  █████████░░░░░░░░░░░░░░░░  38%  Streaming frame 1361/5943
  █████████░░░░░░░░░░░░░░░░  38%  Streaming frame 1362/5943
  █████████░░░░░░░░░░░░░░░░  38%  Streaming frame 1363/5943
  █████████░░░░░░░░░░░░░░░░  38%  Streaming frame 1364/5943
  █████████░░░░░░░░░░░░░░░░  38%  Streaming frame 1365/5943
  █████████░░░░░░░░░░░░░░░░  38%  Streaming frame 1366/5943
  █████████░░░░░░░░░░░░░░░░  38%  Streaming frame 1367/5943
  █████████░░░░░░░░░░░░░░░░  38%  Streaming frame 1368/5943
  █████████░░░░░░░░░░░░░░░░  38%  Streaming frame 1369/5943
  █████████░░░░░░░░░░░░░░░░  38%  Streaming frame 1370/5943
  █████████░░░░░░░░░░░░░░░░  38%  Streaming frame 1371/5943
  █████████░░░░░░░░░░░░░░░░  38%  Streaming frame 1372/5943
  █████████░░░░░░░░░░░░░░░░  38%  Streaming frame 1373/5943
  █████████░░░░░░░░░░░░░░░░  38%  Streaming frame 1374/5943
  █████████░░░░░░░░░░░░░░░░  38%  Streaming frame 1375/5943
  █████████░░░░░░░░░░░░░░░░  38%  Streaming frame 1376/5943
  █████████░░░░░░░░░░░░░░░░  38%  Streaming frame 1377/5943
  █████████░░░░░░░░░░░░░░░░  38%  Streaming frame 1378/5943
  █████████░░░░░░░░░░░░░░░░  38%  Streaming frame 1379/5943
  █████████░░░░░░░░░░░░░░░░  38%  Streaming frame 1380/5943
  █████████░░░░░░░░░░░░░░░░  38%  Streaming frame 1381/5943
  █████████░░░░░░░░░░░░░░░░  38%  Streaming frame 1382/5943
  █████████░░░░░░░░░░░░░░░░  38%  Streaming frame 1383/5943
  █████████░░░░░░░░░░░░░░░░  38%  Streaming frame 1384/5943
  █████████░░░░░░░░░░░░░░░░  38%  Streaming frame 1385/5943
  █████████░░░░░░░░░░░░░░░░  38%  Streaming frame 1386/5943
  █████████░░░░░░░░░░░░░░░░  38%  Streaming frame 1387/5943
  █████████░░░░░░░░░░░░░░░░  38%  Streaming frame 1388/5943
  █████████░░░░░░░░░░░░░░░░  38%  Streaming frame 1389/5943
  █████████░░░░░░░░░░░░░░░░  38%  Streaming frame 1390/5943
  █████████░░░░░░░░░░░░░░░░  38%  Streaming frame 1391/5943
  █████████░░░░░░░░░░░░░░░░  38%  Streaming frame 1392/5943
  █████████░░░░░░░░░░░░░░░░  38%  Streaming frame 1393/5943
  █████████░░░░░░░░░░░░░░░░  38%  Streaming frame 1394/5943
  █████████░░░░░░░░░░░░░░░░  38%  Streaming frame 1395/5943
  █████████░░░░░░░░░░░░░░░░  38%  Streaming frame 1396/5943
  █████████░░░░░░░░░░░░░░░░  38%  Streaming frame 1397/5943
  █████████░░░░░░░░░░░░░░░░  38%  Streaming frame 1398/5943
  █████████░░░░░░░░░░░░░░░░  38%  Streaming frame 1399/5943
  █████████░░░░░░░░░░░░░░░░  38%  Streaming frame 1400/5943
  █████████░░░░░░░░░░░░░░░░  38%  Streaming frame 1401/5943
  █████████░░░░░░░░░░░░░░░░  38%  Streaming frame 1402/5943
  █████████░░░░░░░░░░░░░░░░  38%  Streaming frame 1403/5943
  █████████░░░░░░░░░░░░░░░░  38%  Streaming frame 1404/5943
  █████████░░░░░░░░░░░░░░░░  38%  Streaming frame 1405/5943
  █████████░░░░░░░░░░░░░░░░  38%  Streaming frame 1406/5943
  █████████░░░░░░░░░░░░░░░░  38%  Streaming frame 1407/5943
  █████████░░░░░░░░░░░░░░░░  38%  Streaming frame 1408/5943
  █████████░░░░░░░░░░░░░░░░  38%  Streaming frame 1409/5943
  █████████░░░░░░░░░░░░░░░░  38%  Streaming frame 1410/5943
  █████████░░░░░░░░░░░░░░░░  38%  Streaming frame 1411/5943
  █████████░░░░░░░░░░░░░░░░  38%  Streaming frame 1412/5943
  █████████░░░░░░░░░░░░░░░░  38%  Streaming frame 1413/5943
  █████████░░░░░░░░░░░░░░░░  38%  Streaming frame 1414/5943
  █████████░░░░░░░░░░░░░░░░  38%  Streaming frame 1415/5943
  █████████░░░░░░░░░░░░░░░░  38%  Streaming frame 1416/5943
  █████████░░░░░░░░░░░░░░░░  38%  Streaming frame 1417/5943
  █████████░░░░░░░░░░░░░░░░  38%  Streaming frame 1418/5943
  █████████░░░░░░░░░░░░░░░░  38%  Streaming frame 1419/5943
  █████████░░░░░░░░░░░░░░░░  38%  Streaming frame 1420/5943
  █████████░░░░░░░░░░░░░░░░  38%  Streaming frame 1421/5943
  █████████░░░░░░░░░░░░░░░░  38%  Streaming frame 1422/5943
  █████████░░░░░░░░░░░░░░░░  38%  Streaming frame 1423/5943
  █████████░░░░░░░░░░░░░░░░  38%  Streaming frame 1424/5943
  █████████░░░░░░░░░░░░░░░░  38%  Streaming frame 1425/5943
  █████████░░░░░░░░░░░░░░░░  38%  Streaming frame 1426/5943
  █████████░░░░░░░░░░░░░░░░  38%  Streaming frame 1427/5943
  █████████░░░░░░░░░░░░░░░░  38%  Streaming frame 1428/5943
  █████████░░░░░░░░░░░░░░░░  38%  Streaming frame 1429/5943
  █████████░░░░░░░░░░░░░░░░  38%  Streaming frame 1430/5943
  █████████░░░░░░░░░░░░░░░░  38%  Streaming frame 1431/5943
  █████████░░░░░░░░░░░░░░░░  38%  Streaming frame 1432/5943
  █████████░░░░░░░░░░░░░░░░  38%  Streaming frame 1433/5943
  █████████░░░░░░░░░░░░░░░░  38%  Streaming frame 1434/5943
  █████████░░░░░░░░░░░░░░░░  38%  Streaming frame 1435/5943
  █████████░░░░░░░░░░░░░░░░  38%  Streaming frame 1436/5943
  █████████░░░░░░░░░░░░░░░░  38%  Streaming frame 1437/5943
  █████████░░░░░░░░░░░░░░░░  38%  Streaming frame 1438/5943
  █████████░░░░░░░░░░░░░░░░  38%  Streaming frame 1439/5943
  █████████░░░░░░░░░░░░░░░░  38%  Streaming frame 1440/5943
  █████████░░░░░░░░░░░░░░░░  38%  Streaming frame 1441/5943
  █████████░░░░░░░░░░░░░░░░  38%  Streaming frame 1442/5943
  █████████░░░░░░░░░░░░░░░░  38%  Streaming frame 1443/5943
  █████████░░░░░░░░░░░░░░░░  38%  Streaming frame 1444/5943
  █████████░░░░░░░░░░░░░░░░  38%  Streaming frame 1445/5943
  █████████░░░░░░░░░░░░░░░░  38%  Streaming frame 1446/5943
  █████████░░░░░░░░░░░░░░░░  38%  Streaming frame 1447/5943
  █████████░░░░░░░░░░░░░░░░  38%  Streaming frame 1448/5943
  █████████░░░░░░░░░░░░░░░░  38%  Streaming frame 1449/5943
  █████████░░░░░░░░░░░░░░░░  38%  Streaming frame 1450/5943
  █████████░░░░░░░░░░░░░░░░  38%  Streaming frame 1451/5943
  █████████░░░░░░░░░░░░░░░░  38%  Streaming frame 1452/5943
  █████████░░░░░░░░░░░░░░░░  38%  Streaming frame 1453/5943
  █████████░░░░░░░░░░░░░░░░  38%  Streaming frame 1454/5943
  █████████░░░░░░░░░░░░░░░░  38%  Streaming frame 1455/5943
  █████████░░░░░░░░░░░░░░░░  38%  Streaming frame 1456/5943
  █████████░░░░░░░░░░░░░░░░  38%  Streaming frame 1457/5943
  █████████░░░░░░░░░░░░░░░░  38%  Streaming frame 1458/5943
[INFO] [Render:trace] {"renderJobId":"0864dc62-23d7-4255-b7df-8658ca5071d6","phase":"capture_streaming","status":"checkpoint","elapsedMs":35914,"message":"stage still running","stagePhase":"capturing","workerCount":1,"forceScreenshot":false,"totalFrames":5943,"framesCompleted":1458,"captureMode":"drawelement","captureOperation":"drawElement","heartbeatIndex":1,"stageElapsedMs":30001}
  █████████░░░░░░░░░░░░░░░░  39%  Streaming frame 1459/5943
  █████████░░░░░░░░░░░░░░░░  39%  Streaming frame 1460/5943
  █████████░░░░░░░░░░░░░░░░  39%  Streaming frame 1461/5943
  █████████░░░░░░░░░░░░░░░░  39%  Streaming frame 1462/5943
  █████████░░░░░░░░░░░░░░░░  39%  Streaming frame 1463/5943
  █████████░░░░░░░░░░░░░░░░  39%  Streaming frame 1464/5943
  █████████░░░░░░░░░░░░░░░░  39%  Streaming frame 1465/5943
  █████████░░░░░░░░░░░░░░░░  39%  Streaming frame 1466/5943
  █████████░░░░░░░░░░░░░░░░  39%  Streaming frame 1467/5943
  █████████░░░░░░░░░░░░░░░░  39%  Streaming frame 1468/5943
  █████████░░░░░░░░░░░░░░░░  39%  Streaming frame 1469/5943
  █████████░░░░░░░░░░░░░░░░  39%  Streaming frame 1470/5943
  █████████░░░░░░░░░░░░░░░░  39%  Streaming frame 1471/5943
  █████████░░░░░░░░░░░░░░░░  39%  Streaming frame 1472/5943
  █████████░░░░░░░░░░░░░░░░  39%  Streaming frame 1473/5943
  █████████░░░░░░░░░░░░░░░░  39%  Streaming frame 1474/5943
  █████████░░░░░░░░░░░░░░░░  39%  Streaming frame 1475/5943
  █████████░░░░░░░░░░░░░░░░  39%  Streaming frame 1476/5943
  █████████░░░░░░░░░░░░░░░░  39%  Streaming frame 1477/5943
  █████████░░░░░░░░░░░░░░░░  39%  Streaming frame 1478/5943
  █████████░░░░░░░░░░░░░░░░  39%  Streaming frame 1479/5943
  █████████░░░░░░░░░░░░░░░░  39%  Streaming frame 1480/5943
  █████████░░░░░░░░░░░░░░░░  39%  Streaming frame 1481/5943
  █████████░░░░░░░░░░░░░░░░  39%  Streaming frame 1482/5943
  █████████░░░░░░░░░░░░░░░░  39%  Streaming frame 1483/5943
  █████████░░░░░░░░░░░░░░░░  39%  Streaming frame 1484/5943
  █████████░░░░░░░░░░░░░░░░  39%  Streaming frame 1485/5943
  █████████░░░░░░░░░░░░░░░░  39%  Streaming frame 1486/5943
[INFO] [Render] drawElement self-verify passed {"renderJobId":"0864dc62-23d7-4255-b7df-8658ca5071d6","frame":1486,"psnrDb":"inf"}
  █████████░░░░░░░░░░░░░░░░  39%  Streaming frame 1487/5943
  █████████░░░░░░░░░░░░░░░░  39%  Streaming frame 1488/5943
  █████████░░░░░░░░░░░░░░░░  39%  Streaming frame 1489/5943
  █████████░░░░░░░░░░░░░░░░  39%  Streaming frame 1490/5943
  █████████░░░░░░░░░░░░░░░░  39%  Streaming frame 1491/5943
  █████████░░░░░░░░░░░░░░░░  39%  Streaming frame 1492/5943
  █████████░░░░░░░░░░░░░░░░  39%  Streaming frame 1493/5943
  █████████░░░░░░░░░░░░░░░░  39%  Streaming frame 1494/5943
  █████████░░░░░░░░░░░░░░░░  39%  Streaming frame 1495/5943
  █████████░░░░░░░░░░░░░░░░  39%  Streaming frame 1496/5943
  █████████░░░░░░░░░░░░░░░░  39%  Streaming frame 1497/5943
  █████████░░░░░░░░░░░░░░░░  39%  Streaming frame 1498/5943
  █████████░░░░░░░░░░░░░░░░  39%  Streaming frame 1499/5943
  █████████░░░░░░░░░░░░░░░░  39%  Streaming frame 1500/5943
  █████████░░░░░░░░░░░░░░░░  39%  Streaming frame 1501/5943
  █████████░░░░░░░░░░░░░░░░  39%  Streaming frame 1502/5943
  █████████░░░░░░░░░░░░░░░░  39%  Streaming frame 1503/5943
  █████████░░░░░░░░░░░░░░░░  39%  Streaming frame 1504/5943
  █████████░░░░░░░░░░░░░░░░  39%  Streaming frame 1505/5943
  █████████░░░░░░░░░░░░░░░░  39%  Streaming frame 1506/5943
  █████████░░░░░░░░░░░░░░░░  39%  Streaming frame 1507/5943
  █████████░░░░░░░░░░░░░░░░  39%  Streaming frame 1508/5943
  █████████░░░░░░░░░░░░░░░░  39%  Streaming frame 1509/5943
  █████████░░░░░░░░░░░░░░░░  39%  Streaming frame 1510/5943
  █████████░░░░░░░░░░░░░░░░  39%  Streaming frame 1511/5943
  █████████░░░░░░░░░░░░░░░░  39%  Streaming frame 1512/5943
  █████████░░░░░░░░░░░░░░░░  39%  Streaming frame 1513/5943
  █████████░░░░░░░░░░░░░░░░  39%  Streaming frame 1514/5943
  █████████░░░░░░░░░░░░░░░░  39%  Streaming frame 1515/5943
  █████████░░░░░░░░░░░░░░░░  39%  Streaming frame 1516/5943
  █████████░░░░░░░░░░░░░░░░  39%  Streaming frame 1517/5943
  █████████░░░░░░░░░░░░░░░░  39%  Streaming frame 1518/5943
  █████████░░░░░░░░░░░░░░░░  39%  Streaming frame 1519/5943
  █████████░░░░░░░░░░░░░░░░  39%  Streaming frame 1520/5943
  █████████░░░░░░░░░░░░░░░░  39%  Streaming frame 1521/5943
  █████████░░░░░░░░░░░░░░░░  39%  Streaming frame 1522/5943
  █████████░░░░░░░░░░░░░░░░  39%  Streaming frame 1523/5943
  █████████░░░░░░░░░░░░░░░░  39%  Streaming frame 1524/5943
  █████████░░░░░░░░░░░░░░░░  39%  Streaming frame 1525/5943
  █████████░░░░░░░░░░░░░░░░  39%  Streaming frame 1526/5943
  █████████░░░░░░░░░░░░░░░░  39%  Streaming frame 1527/5943
  █████████░░░░░░░░░░░░░░░░  39%  Streaming frame 1528/5943
  █████████░░░░░░░░░░░░░░░░  39%  Streaming frame 1529/5943
  █████████░░░░░░░░░░░░░░░░  39%  Streaming frame 1530/5943
  █████████░░░░░░░░░░░░░░░░  39%  Streaming frame 1531/5943
  █████████░░░░░░░░░░░░░░░░  39%  Streaming frame 1532/5943
  █████████░░░░░░░░░░░░░░░░  39%  Streaming frame 1533/5943
  █████████░░░░░░░░░░░░░░░░  39%  Streaming frame 1534/5943
  █████████░░░░░░░░░░░░░░░░  39%  Streaming frame 1535/5943
  █████████░░░░░░░░░░░░░░░░  39%  Streaming frame 1536/5943
  █████████░░░░░░░░░░░░░░░░  39%  Streaming frame 1537/5943
  █████████░░░░░░░░░░░░░░░░  39%  Streaming frame 1538/5943
  █████████░░░░░░░░░░░░░░░░  39%  Streaming frame 1539/5943
  █████████░░░░░░░░░░░░░░░░  39%  Streaming frame 1540/5943
  █████████░░░░░░░░░░░░░░░░  39%  Streaming frame 1541/5943
  █████████░░░░░░░░░░░░░░░░  39%  Streaming frame 1542/5943
  █████████░░░░░░░░░░░░░░░░  39%  Streaming frame 1543/5943
  █████████░░░░░░░░░░░░░░░░  39%  Streaming frame 1544/5943
  █████████░░░░░░░░░░░░░░░░  39%  Streaming frame 1545/5943
  █████████░░░░░░░░░░░░░░░░  39%  Streaming frame 1546/5943
  █████████░░░░░░░░░░░░░░░░  39%  Streaming frame 1547/5943
  █████████░░░░░░░░░░░░░░░░  39%  Streaming frame 1548/5943
  █████████░░░░░░░░░░░░░░░░  39%  Streaming frame 1549/5943
  █████████░░░░░░░░░░░░░░░░  39%  Streaming frame 1550/5943
  █████████░░░░░░░░░░░░░░░░  39%  Streaming frame 1551/5943
  █████████░░░░░░░░░░░░░░░░  39%  Streaming frame 1552/5943
  █████████░░░░░░░░░░░░░░░░  39%  Streaming frame 1553/5943
  █████████░░░░░░░░░░░░░░░░  39%  Streaming frame 1554/5943
  █████████░░░░░░░░░░░░░░░░  39%  Streaming frame 1555/5943
  █████████░░░░░░░░░░░░░░░░  39%  Streaming frame 1556/5943
  █████████░░░░░░░░░░░░░░░░  39%  Streaming frame 1557/5943
  █████████░░░░░░░░░░░░░░░░  39%  Streaming frame 1558/5943
  █████████░░░░░░░░░░░░░░░░  39%  Streaming frame 1559/5943
  █████████░░░░░░░░░░░░░░░░  39%  Streaming frame 1560/5943
  █████████░░░░░░░░░░░░░░░░  39%  Streaming frame 1561/5943
  █████████░░░░░░░░░░░░░░░░  39%  Streaming frame 1562/5943
  █████████░░░░░░░░░░░░░░░░  39%  Streaming frame 1563/5943
  █████████░░░░░░░░░░░░░░░░  39%  Streaming frame 1564/5943
  █████████░░░░░░░░░░░░░░░░  39%  Streaming frame 1565/5943
  █████████░░░░░░░░░░░░░░░░  39%  Streaming frame 1566/5943
  ██████████░░░░░░░░░░░░░░░  40%  Streaming frame 1567/5943
  ██████████░░░░░░░░░░░░░░░  40%  Streaming frame 1568/5943
  ██████████░░░░░░░░░░░░░░░  40%  Streaming frame 1569/5943
  ██████████░░░░░░░░░░░░░░░  40%  Streaming frame 1570/5943
  ██████████░░░░░░░░░░░░░░░  40%  Streaming frame 1571/5943
  ██████████░░░░░░░░░░░░░░░  40%  Streaming frame 1572/5943
  ██████████░░░░░░░░░░░░░░░  40%  Streaming frame 1573/5943
  ██████████░░░░░░░░░░░░░░░  40%  Streaming frame 1574/5943
  ██████████░░░░░░░░░░░░░░░  40%  Streaming frame 1575/5943
  ██████████░░░░░░░░░░░░░░░  40%  Streaming frame 1576/5943
  ██████████░░░░░░░░░░░░░░░  40%  Streaming frame 1577/5943
  ██████████░░░░░░░░░░░░░░░  40%  Streaming frame 1578/5943
  ██████████░░░░░░░░░░░░░░░  40%  Streaming frame 1579/5943
  ██████████░░░░░░░░░░░░░░░  40%  Streaming frame 1580/5943
  ██████████░░░░░░░░░░░░░░░  40%  Streaming frame 1581/5943
  ██████████░░░░░░░░░░░░░░░  40%  Streaming frame 1582/5943
  ██████████░░░░░░░░░░░░░░░  40%  Streaming frame 1583/5943
  ██████████░░░░░░░░░░░░░░░  40%  Streaming frame 1584/5943
  ██████████░░░░░░░░░░░░░░░  40%  Streaming frame 1585/5943
  ██████████░░░░░░░░░░░░░░░  40%  Streaming frame 1586/5943
  ██████████░░░░░░░░░░░░░░░  40%  Streaming frame 1587/5943
  ██████████░░░░░░░░░░░░░░░  40%  Streaming frame 1588/5943
  ██████████░░░░░░░░░░░░░░░  40%  Streaming frame 1589/5943
  ██████████░░░░░░░░░░░░░░░  40%  Streaming frame 1590/5943
  ██████████░░░░░░░░░░░░░░░  40%  Streaming frame 1591/5943
  ██████████░░░░░░░░░░░░░░░  40%  Streaming frame 1592/5943
  ██████████░░░░░░░░░░░░░░░  40%  Streaming frame 1593/5943
  ██████████░░░░░░░░░░░░░░░  40%  Streaming frame 1594/5943
  ██████████░░░░░░░░░░░░░░░  40%  Streaming frame 1595/5943
  ██████████░░░░░░░░░░░░░░░  40%  Streaming frame 1596/5943
  ██████████░░░░░░░░░░░░░░░  40%  Streaming frame 1597/5943
  ██████████░░░░░░░░░░░░░░░  40%  Streaming frame 1598/5943
  ██████████░░░░░░░░░░░░░░░  40%  Streaming frame 1599/5943
  ██████████░░░░░░░░░░░░░░░  40%  Streaming frame 1600/5943
  ██████████░░░░░░░░░░░░░░░  40%  Streaming frame 1601/5943
  ██████████░░░░░░░░░░░░░░░  40%  Streaming frame 1602/5943
  ██████████░░░░░░░░░░░░░░░  40%  Streaming frame 1603/5943
  ██████████░░░░░░░░░░░░░░░  40%  Streaming frame 1604/5943
  ██████████░░░░░░░░░░░░░░░  40%  Streaming frame 1605/5943
  ██████████░░░░░░░░░░░░░░░  40%  Streaming frame 1606/5943
  ██████████░░░░░░░░░░░░░░░  40%  Streaming frame 1607/5943
  ██████████░░░░░░░░░░░░░░░  40%  Streaming frame 1608/5943
  ██████████░░░░░░░░░░░░░░░  40%  Streaming frame 1609/5943
  ██████████░░░░░░░░░░░░░░░  40%  Streaming frame 1610/5943
  ██████████░░░░░░░░░░░░░░░  40%  Streaming frame 1611/5943
  ██████████░░░░░░░░░░░░░░░  40%  Streaming frame 1612/5943
  ██████████░░░░░░░░░░░░░░░  40%  Streaming frame 1613/5943
  ██████████░░░░░░░░░░░░░░░  40%  Streaming frame 1614/5943
  ██████████░░░░░░░░░░░░░░░  40%  Streaming frame 1615/5943
  ██████████░░░░░░░░░░░░░░░  40%  Streaming frame 1616/5943
  ██████████░░░░░░░░░░░░░░░  40%  Streaming frame 1617/5943
  ██████████░░░░░░░░░░░░░░░  40%  Streaming frame 1618/5943
  ██████████░░░░░░░░░░░░░░░  40%  Streaming frame 1619/5943
  ██████████░░░░░░░░░░░░░░░  40%  Streaming frame 1620/5943
  ██████████░░░░░░░░░░░░░░░  40%  Streaming frame 1621/5943
  ██████████░░░░░░░░░░░░░░░  40%  Streaming frame 1622/5943
  ██████████░░░░░░░░░░░░░░░  40%  Streaming frame 1623/5943
  ██████████░░░░░░░░░░░░░░░  40%  Streaming frame 1624/5943
  ██████████░░░░░░░░░░░░░░░  40%  Streaming frame 1625/5943
  ██████████░░░░░░░░░░░░░░░  40%  Streaming frame 1626/5943
  ██████████░░░░░░░░░░░░░░░  40%  Streaming frame 1627/5943
  ██████████░░░░░░░░░░░░░░░  40%  Streaming frame 1628/5943
  ██████████░░░░░░░░░░░░░░░  40%  Streaming frame 1629/5943
  ██████████░░░░░░░░░░░░░░░  40%  Streaming frame 1630/5943
  ██████████░░░░░░░░░░░░░░░  40%  Streaming frame 1631/5943
  ██████████░░░░░░░░░░░░░░░  40%  Streaming frame 1632/5943
  ██████████░░░░░░░░░░░░░░░  40%  Streaming frame 1633/5943
  ██████████░░░░░░░░░░░░░░░  40%  Streaming frame 1634/5943
  ██████████░░░░░░░░░░░░░░░  40%  Streaming frame 1635/5943
  ██████████░░░░░░░░░░░░░░░  40%  Streaming frame 1636/5943
  ██████████░░░░░░░░░░░░░░░  40%  Streaming frame 1637/5943
  ██████████░░░░░░░░░░░░░░░  40%  Streaming frame 1638/5943
  ██████████░░░░░░░░░░░░░░░  40%  Streaming frame 1639/5943
  ██████████░░░░░░░░░░░░░░░  40%  Streaming frame 1640/5943
  ██████████░░░░░░░░░░░░░░░  40%  Streaming frame 1641/5943
  ██████████░░░░░░░░░░░░░░░  40%  Streaming frame 1642/5943
  ██████████░░░░░░░░░░░░░░░  40%  Streaming frame 1643/5943
  ██████████░░░░░░░░░░░░░░░  40%  Streaming frame 1644/5943
  ██████████░░░░░░░░░░░░░░░  40%  Streaming frame 1645/5943
  ██████████░░░░░░░░░░░░░░░  40%  Streaming frame 1646/5943
  ██████████░░░░░░░░░░░░░░░  40%  Streaming frame 1647/5943
  ██████████░░░░░░░░░░░░░░░  40%  Streaming frame 1648/5943
  ██████████░░░░░░░░░░░░░░░  40%  Streaming frame 1649/5943
  ██████████░░░░░░░░░░░░░░░  40%  Streaming frame 1650/5943
  ██████████░░░░░░░░░░░░░░░  40%  Streaming frame 1651/5943
  ██████████░░░░░░░░░░░░░░░  40%  Streaming frame 1652/5943
  ██████████░░░░░░░░░░░░░░░  40%  Streaming frame 1653/5943
  ██████████░░░░░░░░░░░░░░░  40%  Streaming frame 1654/5943
  ██████████░░░░░░░░░░░░░░░  40%  Streaming frame 1655/5943
  ██████████░░░░░░░░░░░░░░░  40%  Streaming frame 1656/5943
  ██████████░░░░░░░░░░░░░░░  40%  Streaming frame 1657/5943
  ██████████░░░░░░░░░░░░░░░  40%  Streaming frame 1658/5943
  ██████████░░░░░░░░░░░░░░░  40%  Streaming frame 1659/5943
  ██████████░░░░░░░░░░░░░░░  40%  Streaming frame 1660/5943
  ██████████░░░░░░░░░░░░░░░  40%  Streaming frame 1661/5943
  ██████████░░░░░░░░░░░░░░░  40%  Streaming frame 1662/5943
  ██████████░░░░░░░░░░░░░░░  40%  Streaming frame 1663/5943
  ██████████░░░░░░░░░░░░░░░  40%  Streaming frame 1664/5943
  ██████████░░░░░░░░░░░░░░░  40%  Streaming frame 1665/5943
  ██████████░░░░░░░░░░░░░░░  40%  Streaming frame 1666/5943
  ██████████░░░░░░░░░░░░░░░  40%  Streaming frame 1667/5943
  ██████████░░░░░░░░░░░░░░░  40%  Streaming frame 1668/5943
  ██████████░░░░░░░░░░░░░░░  40%  Streaming frame 1669/5943
  ██████████░░░░░░░░░░░░░░░  40%  Streaming frame 1670/5943
  ██████████░░░░░░░░░░░░░░░  40%  Streaming frame 1671/5943
  ██████████░░░░░░░░░░░░░░░  40%  Streaming frame 1672/5943
  ██████████░░░░░░░░░░░░░░░  40%  Streaming frame 1673/5943
  ██████████░░░░░░░░░░░░░░░  40%  Streaming frame 1674/5943
  ██████████░░░░░░░░░░░░░░░  41%  Streaming frame 1675/5943
  ██████████░░░░░░░░░░░░░░░  41%  Streaming frame 1676/5943
  ██████████░░░░░░░░░░░░░░░  41%  Streaming frame 1677/5943
  ██████████░░░░░░░░░░░░░░░  41%  Streaming frame 1678/5943
  ██████████░░░░░░░░░░░░░░░  41%  Streaming frame 1679/5943
  ██████████░░░░░░░░░░░░░░░  41%  Streaming frame 1680/5943
  ██████████░░░░░░░░░░░░░░░  41%  Streaming frame 1681/5943
  ██████████░░░░░░░░░░░░░░░  41%  Streaming frame 1682/5943
  ██████████░░░░░░░░░░░░░░░  41%  Streaming frame 1683/5943
  ██████████░░░░░░░░░░░░░░░  41%  Streaming frame 1684/5943
  ██████████░░░░░░░░░░░░░░░  41%  Streaming frame 1685/5943
  ██████████░░░░░░░░░░░░░░░  41%  Streaming frame 1686/5943
  ██████████░░░░░░░░░░░░░░░  41%  Streaming frame 1687/5943
  ██████████░░░░░░░░░░░░░░░  41%  Streaming frame 1688/5943
  ██████████░░░░░░░░░░░░░░░  41%  Streaming frame 1689/5943
  ██████████░░░░░░░░░░░░░░░  41%  Streaming frame 1690/5943
  ██████████░░░░░░░░░░░░░░░  41%  Streaming frame 1691/5943
  ██████████░░░░░░░░░░░░░░░  41%  Streaming frame 1692/5943
  ██████████░░░░░░░░░░░░░░░  41%  Streaming frame 1693/5943
  ██████████░░░░░░░░░░░░░░░  41%  Streaming frame 1694/5943
  ██████████░░░░░░░░░░░░░░░  41%  Streaming frame 1695/5943
  ██████████░░░░░░░░░░░░░░░  41%  Streaming frame 1696/5943
  ██████████░░░░░░░░░░░░░░░  41%  Streaming frame 1697/5943
  ██████████░░░░░░░░░░░░░░░  41%  Streaming frame 1698/5943
  ██████████░░░░░░░░░░░░░░░  41%  Streaming frame 1699/5943
  ██████████░░░░░░░░░░░░░░░  41%  Streaming frame 1700/5943
  ██████████░░░░░░░░░░░░░░░  41%  Streaming frame 1701/5943
  ██████████░░░░░░░░░░░░░░░  41%  Streaming frame 1702/5943
  ██████████░░░░░░░░░░░░░░░  41%  Streaming frame 1703/5943
  ██████████░░░░░░░░░░░░░░░  41%  Streaming frame 1704/5943
  ██████████░░░░░░░░░░░░░░░  41%  Streaming frame 1705/5943
  ██████████░░░░░░░░░░░░░░░  41%  Streaming frame 1706/5943
  ██████████░░░░░░░░░░░░░░░  41%  Streaming frame 1707/5943
  ██████████░░░░░░░░░░░░░░░  41%  Streaming frame 1708/5943
  ██████████░░░░░░░░░░░░░░░  41%  Streaming frame 1709/5943
  ██████████░░░░░░░░░░░░░░░  41%  Streaming frame 1710/5943
  ██████████░░░░░░░░░░░░░░░  41%  Streaming frame 1711/5943
  ██████████░░░░░░░░░░░░░░░  41%  Streaming frame 1712/5943
  ██████████░░░░░░░░░░░░░░░  41%  Streaming frame 1713/5943
  ██████████░░░░░░░░░░░░░░░  41%  Streaming frame 1714/5943
  ██████████░░░░░░░░░░░░░░░  41%  Streaming frame 1715/5943
  ██████████░░░░░░░░░░░░░░░  41%  Streaming frame 1716/5943
  ██████████░░░░░░░░░░░░░░░  41%  Streaming frame 1717/5943
  ██████████░░░░░░░░░░░░░░░  41%  Streaming frame 1718/5943
  ██████████░░░░░░░░░░░░░░░  41%  Streaming frame 1719/5943
  ██████████░░░░░░░░░░░░░░░  41%  Streaming frame 1720/5943
  ██████████░░░░░░░░░░░░░░░  41%  Streaming frame 1721/5943
  ██████████░░░░░░░░░░░░░░░  41%  Streaming frame 1722/5943
  ██████████░░░░░░░░░░░░░░░  41%  Streaming frame 1723/5943
  ██████████░░░░░░░░░░░░░░░  41%  Streaming frame 1724/5943
  ██████████░░░░░░░░░░░░░░░  41%  Streaming frame 1725/5943
  ██████████░░░░░░░░░░░░░░░  41%  Streaming frame 1726/5943
  ██████████░░░░░░░░░░░░░░░  41%  Streaming frame 1727/5943
  ██████████░░░░░░░░░░░░░░░  41%  Streaming frame 1728/5943
  ██████████░░░░░░░░░░░░░░░  41%  Streaming frame 1729/5943
  ██████████░░░░░░░░░░░░░░░  41%  Streaming frame 1730/5943
  ██████████░░░░░░░░░░░░░░░  41%  Streaming frame 1731/5943
  ██████████░░░░░░░░░░░░░░░  41%  Streaming frame 1732/5943
  ██████████░░░░░░░░░░░░░░░  41%  Streaming frame 1733/5943
  ██████████░░░░░░░░░░░░░░░  41%  Streaming frame 1734/5943
  ██████████░░░░░░░░░░░░░░░  41%  Streaming frame 1735/5943
  ██████████░░░░░░░░░░░░░░░  41%  Streaming frame 1736/5943
  ██████████░░░░░░░░░░░░░░░  41%  Streaming frame 1737/5943
  ██████████░░░░░░░░░░░░░░░  41%  Streaming frame 1738/5943
  ██████████░░░░░░░░░░░░░░░  41%  Streaming frame 1739/5943
  ██████████░░░░░░░░░░░░░░░  41%  Streaming frame 1740/5943
  ██████████░░░░░░░░░░░░░░░  41%  Streaming frame 1741/5943
  ██████████░░░░░░░░░░░░░░░  41%  Streaming frame 1742/5943
  ██████████░░░░░░░░░░░░░░░  41%  Streaming frame 1743/5943
  ██████████░░░░░░░░░░░░░░░  41%  Streaming frame 1744/5943
  ██████████░░░░░░░░░░░░░░░  41%  Streaming frame 1745/5943
  ██████████░░░░░░░░░░░░░░░  41%  Streaming frame 1746/5943
  ██████████░░░░░░░░░░░░░░░  41%  Streaming frame 1747/5943
  ██████████░░░░░░░░░░░░░░░  41%  Streaming frame 1748/5943
  ██████████░░░░░░░░░░░░░░░  41%  Streaming frame 1749/5943
  ██████████░░░░░░░░░░░░░░░  41%  Streaming frame 1750/5943
  ██████████░░░░░░░░░░░░░░░  41%  Streaming frame 1751/5943
  ██████████░░░░░░░░░░░░░░░  41%  Streaming frame 1752/5943
  ██████████░░░░░░░░░░░░░░░  41%  Streaming frame 1753/5943
  ██████████░░░░░░░░░░░░░░░  41%  Streaming frame 1754/5943
  ██████████░░░░░░░░░░░░░░░  41%  Streaming frame 1755/5943
  ██████████░░░░░░░░░░░░░░░  41%  Streaming frame 1756/5943
  ██████████░░░░░░░░░░░░░░░  41%  Streaming frame 1757/5943
  ██████████░░░░░░░░░░░░░░░  41%  Streaming frame 1758/5943
  ██████████░░░░░░░░░░░░░░░  41%  Streaming frame 1759/5943
  ██████████░░░░░░░░░░░░░░░  41%  Streaming frame 1760/5943
  ██████████░░░░░░░░░░░░░░░  41%  Streaming frame 1761/5943
  ██████████░░░░░░░░░░░░░░░  41%  Streaming frame 1762/5943
  ██████████░░░░░░░░░░░░░░░  41%  Streaming frame 1763/5943
  ██████████░░░░░░░░░░░░░░░  41%  Streaming frame 1764/5943
  ██████████░░░░░░░░░░░░░░░  41%  Streaming frame 1765/5943
  ██████████░░░░░░░░░░░░░░░  41%  Streaming frame 1766/5943
  ██████████░░░░░░░░░░░░░░░  41%  Streaming frame 1767/5943
  ██████████░░░░░░░░░░░░░░░  41%  Streaming frame 1768/5943
  ██████████░░░░░░░░░░░░░░░  41%  Streaming frame 1769/5943
  ██████████░░░░░░░░░░░░░░░  41%  Streaming frame 1770/5943
  ██████████░░░░░░░░░░░░░░░  41%  Streaming frame 1771/5943
  ██████████░░░░░░░░░░░░░░░  41%  Streaming frame 1772/5943
  ██████████░░░░░░░░░░░░░░░  41%  Streaming frame 1773/5943
  ██████████░░░░░░░░░░░░░░░  41%  Streaming frame 1774/5943
  ██████████░░░░░░░░░░░░░░░  41%  Streaming frame 1775/5943
  ██████████░░░░░░░░░░░░░░░  41%  Streaming frame 1776/5943
  ██████████░░░░░░░░░░░░░░░  41%  Streaming frame 1777/5943
  ██████████░░░░░░░░░░░░░░░  41%  Streaming frame 1778/5943
  ██████████░░░░░░░░░░░░░░░  41%  Streaming frame 1779/5943
  ██████████░░░░░░░░░░░░░░░  41%  Streaming frame 1780/5943
  ██████████░░░░░░░░░░░░░░░  41%  Streaming frame 1781/5943
  ██████████░░░░░░░░░░░░░░░  41%  Streaming frame 1782/5943
  ██████████░░░░░░░░░░░░░░░  42%  Streaming frame 1783/5943
  ██████████░░░░░░░░░░░░░░░  42%  Streaming frame 1784/5943
  ██████████░░░░░░░░░░░░░░░  42%  Streaming frame 1785/5943
  ██████████░░░░░░░░░░░░░░░  42%  Streaming frame 1786/5943
  ██████████░░░░░░░░░░░░░░░  42%  Streaming frame 1787/5943
  ██████████░░░░░░░░░░░░░░░  42%  Streaming frame 1788/5943
  ██████████░░░░░░░░░░░░░░░  42%  Streaming frame 1789/5943
  ██████████░░░░░░░░░░░░░░░  42%  Streaming frame 1790/5943
  ██████████░░░░░░░░░░░░░░░  42%  Streaming frame 1791/5943
  ██████████░░░░░░░░░░░░░░░  42%  Streaming frame 1792/5943
  ██████████░░░░░░░░░░░░░░░  42%  Streaming frame 1793/5943
  ██████████░░░░░░░░░░░░░░░  42%  Streaming frame 1794/5943
  ██████████░░░░░░░░░░░░░░░  42%  Streaming frame 1795/5943
  ██████████░░░░░░░░░░░░░░░  42%  Streaming frame 1796/5943
  ██████████░░░░░░░░░░░░░░░  42%  Streaming frame 1797/5943
  ██████████░░░░░░░░░░░░░░░  42%  Streaming frame 1798/5943
  ██████████░░░░░░░░░░░░░░░  42%  Streaming frame 1799/5943
  ██████████░░░░░░░░░░░░░░░  42%  Streaming frame 1800/5943
  ██████████░░░░░░░░░░░░░░░  42%  Streaming frame 1801/5943
  ██████████░░░░░░░░░░░░░░░  42%  Streaming frame 1802/5943
  ██████████░░░░░░░░░░░░░░░  42%  Streaming frame 1803/5943
  ██████████░░░░░░░░░░░░░░░  42%  Streaming frame 1804/5943
  ██████████░░░░░░░░░░░░░░░  42%  Streaming frame 1805/5943
  ██████████░░░░░░░░░░░░░░░  42%  Streaming frame 1806/5943
  ██████████░░░░░░░░░░░░░░░  42%  Streaming frame 1807/5943
  ██████████░░░░░░░░░░░░░░░  42%  Streaming frame 1808/5943
  ██████████░░░░░░░░░░░░░░░  42%  Streaming frame 1809/5943
  ██████████░░░░░░░░░░░░░░░  42%  Streaming frame 1810/5943
  ██████████░░░░░░░░░░░░░░░  42%  Streaming frame 1811/5943
  ██████████░░░░░░░░░░░░░░░  42%  Streaming frame 1812/5943
  ██████████░░░░░░░░░░░░░░░  42%  Streaming frame 1813/5943
  ██████████░░░░░░░░░░░░░░░  42%  Streaming frame 1814/5943
  ██████████░░░░░░░░░░░░░░░  42%  Streaming frame 1815/5943
  ██████████░░░░░░░░░░░░░░░  42%  Streaming frame 1816/5943
  ██████████░░░░░░░░░░░░░░░  42%  Streaming frame 1817/5943
  ██████████░░░░░░░░░░░░░░░  42%  Streaming frame 1818/5943
  ██████████░░░░░░░░░░░░░░░  42%  Streaming frame 1819/5943
  ██████████░░░░░░░░░░░░░░░  42%  Streaming frame 1820/5943
  ██████████░░░░░░░░░░░░░░░  42%  Streaming frame 1821/5943
  ██████████░░░░░░░░░░░░░░░  42%  Streaming frame 1822/5943
  ██████████░░░░░░░░░░░░░░░  42%  Streaming frame 1823/5943
  ██████████░░░░░░░░░░░░░░░  42%  Streaming frame 1824/5943
  ██████████░░░░░░░░░░░░░░░  42%  Streaming frame 1825/5943
  ██████████░░░░░░░░░░░░░░░  42%  Streaming frame 1826/5943
  ██████████░░░░░░░░░░░░░░░  42%  Streaming frame 1827/5943
  ██████████░░░░░░░░░░░░░░░  42%  Streaming frame 1828/5943
  ██████████░░░░░░░░░░░░░░░  42%  Streaming frame 1829/5943
  ██████████░░░░░░░░░░░░░░░  42%  Streaming frame 1830/5943
  ██████████░░░░░░░░░░░░░░░  42%  Streaming frame 1831/5943
  ██████████░░░░░░░░░░░░░░░  42%  Streaming frame 1832/5943
  ██████████░░░░░░░░░░░░░░░  42%  Streaming frame 1833/5943
  ██████████░░░░░░░░░░░░░░░  42%  Streaming frame 1834/5943
  ██████████░░░░░░░░░░░░░░░  42%  Streaming frame 1835/5943
  ██████████░░░░░░░░░░░░░░░  42%  Streaming frame 1836/5943
  ██████████░░░░░░░░░░░░░░░  42%  Streaming frame 1837/5943
  ██████████░░░░░░░░░░░░░░░  42%  Streaming frame 1838/5943
  ██████████░░░░░░░░░░░░░░░  42%  Streaming frame 1839/5943
  ██████████░░░░░░░░░░░░░░░  42%  Streaming frame 1840/5943
  ██████████░░░░░░░░░░░░░░░  42%  Streaming frame 1841/5943
  ██████████░░░░░░░░░░░░░░░  42%  Streaming frame 1842/5943
  ██████████░░░░░░░░░░░░░░░  42%  Streaming frame 1843/5943
  ██████████░░░░░░░░░░░░░░░  42%  Streaming frame 1844/5943
  ██████████░░░░░░░░░░░░░░░  42%  Streaming frame 1845/5943
  ██████████░░░░░░░░░░░░░░░  42%  Streaming frame 1846/5943
  ██████████░░░░░░░░░░░░░░░  42%  Streaming frame 1847/5943
  ██████████░░░░░░░░░░░░░░░  42%  Streaming frame 1848/5943
  ██████████░░░░░░░░░░░░░░░  42%  Streaming frame 1849/5943
  ██████████░░░░░░░░░░░░░░░  42%  Streaming frame 1850/5943
  ██████████░░░░░░░░░░░░░░░  42%  Streaming frame 1851/5943
  ██████████░░░░░░░░░░░░░░░  42%  Streaming frame 1852/5943
  ██████████░░░░░░░░░░░░░░░  42%  Streaming frame 1853/5943
  ██████████░░░░░░░░░░░░░░░  42%  Streaming frame 1854/5943
  ██████████░░░░░░░░░░░░░░░  42%  Streaming frame 1855/5943
  ██████████░░░░░░░░░░░░░░░  42%  Streaming frame 1856/5943
  ██████████░░░░░░░░░░░░░░░  42%  Streaming frame 1857/5943
  ██████████░░░░░░░░░░░░░░░  42%  Streaming frame 1858/5943
  ██████████░░░░░░░░░░░░░░░  42%  Streaming frame 1859/5943
  ██████████░░░░░░░░░░░░░░░  42%  Streaming frame 1860/5943
  ██████████░░░░░░░░░░░░░░░  42%  Streaming frame 1861/5943
  ██████████░░░░░░░░░░░░░░░  42%  Streaming frame 1862/5943
  ██████████░░░░░░░░░░░░░░░  42%  Streaming frame 1863/5943
  ██████████░░░░░░░░░░░░░░░  42%  Streaming frame 1864/5943
  ██████████░░░░░░░░░░░░░░░  42%  Streaming frame 1865/5943
  ██████████░░░░░░░░░░░░░░░  42%  Streaming frame 1866/5943
  ██████████░░░░░░░░░░░░░░░  42%  Streaming frame 1867/5943
  ██████████░░░░░░░░░░░░░░░  42%  Streaming frame 1868/5943
  ██████████░░░░░░░░░░░░░░░  42%  Streaming frame 1869/5943
  ██████████░░░░░░░░░░░░░░░  42%  Streaming frame 1870/5943
  ██████████░░░░░░░░░░░░░░░  42%  Streaming frame 1871/5943
  ██████████░░░░░░░░░░░░░░░  42%  Streaming frame 1872/5943
  ██████████░░░░░░░░░░░░░░░  42%  Streaming frame 1873/5943
  ██████████░░░░░░░░░░░░░░░  42%  Streaming frame 1874/5943
  ██████████░░░░░░░░░░░░░░░  42%  Streaming frame 1875/5943
  ██████████░░░░░░░░░░░░░░░  42%  Streaming frame 1876/5943
  ██████████░░░░░░░░░░░░░░░  42%  Streaming frame 1877/5943
  ██████████░░░░░░░░░░░░░░░  42%  Streaming frame 1878/5943
  ██████████░░░░░░░░░░░░░░░  42%  Streaming frame 1879/5943
  ██████████░░░░░░░░░░░░░░░  42%  Streaming frame 1880/5943
  ██████████░░░░░░░░░░░░░░░  42%  Streaming frame 1881/5943
  ██████████░░░░░░░░░░░░░░░  42%  Streaming frame 1882/5943
  ██████████░░░░░░░░░░░░░░░  42%  Streaming frame 1883/5943
  ██████████░░░░░░░░░░░░░░░  42%  Streaming frame 1884/5943
  ██████████░░░░░░░░░░░░░░░  42%  Streaming frame 1885/5943
  ██████████░░░░░░░░░░░░░░░  42%  Streaming frame 1886/5943
  ██████████░░░░░░░░░░░░░░░  42%  Streaming frame 1887/5943
  ██████████░░░░░░░░░░░░░░░  42%  Streaming frame 1888/5943
  ██████████░░░░░░░░░░░░░░░  42%  Streaming frame 1889/5943
  ██████████░░░░░░░░░░░░░░░  42%  Streaming frame 1890/5943
  ██████████░░░░░░░░░░░░░░░  43%  Streaming frame 1891/5943
  ██████████░░░░░░░░░░░░░░░  43%  Streaming frame 1892/5943
  ██████████░░░░░░░░░░░░░░░  43%  Streaming frame 1893/5943
  ██████████░░░░░░░░░░░░░░░  43%  Streaming frame 1894/5943
  ██████████░░░░░░░░░░░░░░░  43%  Streaming frame 1895/5943
  ██████████░░░░░░░░░░░░░░░  43%  Streaming frame 1896/5943
  ██████████░░░░░░░░░░░░░░░  43%  Streaming frame 1897/5943
  ██████████░░░░░░░░░░░░░░░  43%  Streaming frame 1898/5943
  ██████████░░░░░░░░░░░░░░░  43%  Streaming frame 1899/5943
  ██████████░░░░░░░░░░░░░░░  43%  Streaming frame 1900/5943
  ██████████░░░░░░░░░░░░░░░  43%  Streaming frame 1901/5943
  ██████████░░░░░░░░░░░░░░░  43%  Streaming frame 1902/5943
  ██████████░░░░░░░░░░░░░░░  43%  Streaming frame 1903/5943
  ██████████░░░░░░░░░░░░░░░  43%  Streaming frame 1904/5943
  ██████████░░░░░░░░░░░░░░░  43%  Streaming frame 1905/5943
  ██████████░░░░░░░░░░░░░░░  43%  Streaming frame 1906/5943
  ██████████░░░░░░░░░░░░░░░  43%  Streaming frame 1907/5943
  ██████████░░░░░░░░░░░░░░░  43%  Streaming frame 1908/5943
  ██████████░░░░░░░░░░░░░░░  43%  Streaming frame 1909/5943
  ██████████░░░░░░░░░░░░░░░  43%  Streaming frame 1910/5943
  ██████████░░░░░░░░░░░░░░░  43%  Streaming frame 1911/5943
  ██████████░░░░░░░░░░░░░░░  43%  Streaming frame 1912/5943
  ██████████░░░░░░░░░░░░░░░  43%  Streaming frame 1913/5943
  ██████████░░░░░░░░░░░░░░░  43%  Streaming frame 1914/5943
  ██████████░░░░░░░░░░░░░░░  43%  Streaming frame 1915/5943
  ██████████░░░░░░░░░░░░░░░  43%  Streaming frame 1916/5943
  ██████████░░░░░░░░░░░░░░░  43%  Streaming frame 1917/5943
  ██████████░░░░░░░░░░░░░░░  43%  Streaming frame 1918/5943
  ██████████░░░░░░░░░░░░░░░  43%  Streaming frame 1919/5943
  ██████████░░░░░░░░░░░░░░░  43%  Streaming frame 1920/5943
  ██████████░░░░░░░░░░░░░░░  43%  Streaming frame 1921/5943
  ██████████░░░░░░░░░░░░░░░  43%  Streaming frame 1922/5943
  ██████████░░░░░░░░░░░░░░░  43%  Streaming frame 1923/5943
  ██████████░░░░░░░░░░░░░░░  43%  Streaming frame 1924/5943
  ██████████░░░░░░░░░░░░░░░  43%  Streaming frame 1925/5943
  ██████████░░░░░░░░░░░░░░░  43%  Streaming frame 1926/5943
  ██████████░░░░░░░░░░░░░░░  43%  Streaming frame 1927/5943
  ██████████░░░░░░░░░░░░░░░  43%  Streaming frame 1928/5943
  ██████████░░░░░░░░░░░░░░░  43%  Streaming frame 1929/5943
  ██████████░░░░░░░░░░░░░░░  43%  Streaming frame 1930/5943
  ██████████░░░░░░░░░░░░░░░  43%  Streaming frame 1931/5943
  ██████████░░░░░░░░░░░░░░░  43%  Streaming frame 1932/5943
  ██████████░░░░░░░░░░░░░░░  43%  Streaming frame 1933/5943
  ██████████░░░░░░░░░░░░░░░  43%  Streaming frame 1934/5943
  ██████████░░░░░░░░░░░░░░░  43%  Streaming frame 1935/5943
  ██████████░░░░░░░░░░░░░░░  43%  Streaming frame 1936/5943
  ██████████░░░░░░░░░░░░░░░  43%  Streaming frame 1937/5943
  ██████████░░░░░░░░░░░░░░░  43%  Streaming frame 1938/5943
  ██████████░░░░░░░░░░░░░░░  43%  Streaming frame 1939/5943
  ██████████░░░░░░░░░░░░░░░  43%  Streaming frame 1940/5943
  ██████████░░░░░░░░░░░░░░░  43%  Streaming frame 1941/5943
  ██████████░░░░░░░░░░░░░░░  43%  Streaming frame 1942/5943
  ██████████░░░░░░░░░░░░░░░  43%  Streaming frame 1943/5943
  ██████████░░░░░░░░░░░░░░░  43%  Streaming frame 1944/5943
  ██████████░░░░░░░░░░░░░░░  43%  Streaming frame 1945/5943
  ██████████░░░░░░░░░░░░░░░  43%  Streaming frame 1946/5943
  ██████████░░░░░░░░░░░░░░░  43%  Streaming frame 1947/5943
  ██████████░░░░░░░░░░░░░░░  43%  Streaming frame 1948/5943
  ██████████░░░░░░░░░░░░░░░  43%  Streaming frame 1949/5943
  ██████████░░░░░░░░░░░░░░░  43%  Streaming frame 1950/5943
  ██████████░░░░░░░░░░░░░░░  43%  Streaming frame 1951/5943
  ██████████░░░░░░░░░░░░░░░  43%  Streaming frame 1952/5943
  ██████████░░░░░░░░░░░░░░░  43%  Streaming frame 1953/5943
  ██████████░░░░░░░░░░░░░░░  43%  Streaming frame 1954/5943
  ██████████░░░░░░░░░░░░░░░  43%  Streaming frame 1955/5943
  ██████████░░░░░░░░░░░░░░░  43%  Streaming frame 1956/5943
  ██████████░░░░░░░░░░░░░░░  43%  Streaming frame 1957/5943
  ██████████░░░░░░░░░░░░░░░  43%  Streaming frame 1958/5943
  ██████████░░░░░░░░░░░░░░░  43%  Streaming frame 1959/5943
  ██████████░░░░░░░░░░░░░░░  43%  Streaming frame 1960/5943
  ██████████░░░░░░░░░░░░░░░  43%  Streaming frame 1961/5943
  ██████████░░░░░░░░░░░░░░░  43%  Streaming frame 1962/5943
  ██████████░░░░░░░░░░░░░░░  43%  Streaming frame 1963/5943
  ██████████░░░░░░░░░░░░░░░  43%  Streaming frame 1964/5943
  ██████████░░░░░░░░░░░░░░░  43%  Streaming frame 1965/5943
  ██████████░░░░░░░░░░░░░░░  43%  Streaming frame 1966/5943
  ██████████░░░░░░░░░░░░░░░  43%  Streaming frame 1967/5943
  ██████████░░░░░░░░░░░░░░░  43%  Streaming frame 1968/5943
  ██████████░░░░░░░░░░░░░░░  43%  Streaming frame 1969/5943
  ██████████░░░░░░░░░░░░░░░  43%  Streaming frame 1970/5943
  ██████████░░░░░░░░░░░░░░░  43%  Streaming frame 1971/5943
  ██████████░░░░░░░░░░░░░░░  43%  Streaming frame 1972/5943
  ██████████░░░░░░░░░░░░░░░  43%  Streaming frame 1973/5943
  ██████████░░░░░░░░░░░░░░░  43%  Streaming frame 1974/5943
  ██████████░░░░░░░░░░░░░░░  43%  Streaming frame 1975/5943
  ██████████░░░░░░░░░░░░░░░  43%  Streaming frame 1976/5943
  ██████████░░░░░░░░░░░░░░░  43%  Streaming frame 1977/5943
  ██████████░░░░░░░░░░░░░░░  43%  Streaming frame 1978/5943
  ██████████░░░░░░░░░░░░░░░  43%  Streaming frame 1979/5943
  ██████████░░░░░░░░░░░░░░░  43%  Streaming frame 1980/5943
  ██████████░░░░░░░░░░░░░░░  43%  Streaming frame 1981/5943
  ██████████░░░░░░░░░░░░░░░  43%  Streaming frame 1982/5943
  ██████████░░░░░░░░░░░░░░░  43%  Streaming frame 1983/5943
  ██████████░░░░░░░░░░░░░░░  43%  Streaming frame 1984/5943
  ██████████░░░░░░░░░░░░░░░  43%  Streaming frame 1985/5943
  ██████████░░░░░░░░░░░░░░░  43%  Streaming frame 1986/5943
  ██████████░░░░░░░░░░░░░░░  43%  Streaming frame 1987/5943
  ██████████░░░░░░░░░░░░░░░  43%  Streaming frame 1988/5943
  ██████████░░░░░░░░░░░░░░░  43%  Streaming frame 1989/5943
  ██████████░░░░░░░░░░░░░░░  43%  Streaming frame 1990/5943
  ██████████░░░░░░░░░░░░░░░  43%  Streaming frame 1991/5943
  ██████████░░░░░░░░░░░░░░░  43%  Streaming frame 1992/5943
  ██████████░░░░░░░░░░░░░░░  43%  Streaming frame 1993/5943
  ██████████░░░░░░░░░░░░░░░  43%  Streaming frame 1994/5943
  ██████████░░░░░░░░░░░░░░░  43%  Streaming frame 1995/5943
  ██████████░░░░░░░░░░░░░░░  43%  Streaming frame 1996/5943
  ██████████░░░░░░░░░░░░░░░  43%  Streaming frame 1997/5943
  ██████████░░░░░░░░░░░░░░░  43%  Streaming frame 1998/5943
  ██████████░░░░░░░░░░░░░░░  43%  Streaming frame 1999/5943
  ███████████░░░░░░░░░░░░░░  44%  Streaming frame 2000/5943
  ███████████░░░░░░░░░░░░░░  44%  Streaming frame 2001/5943
  ███████████░░░░░░░░░░░░░░  44%  Streaming frame 2002/5943
  ███████████░░░░░░░░░░░░░░  44%  Streaming frame 2003/5943
  ███████████░░░░░░░░░░░░░░  44%  Streaming frame 2004/5943
  ███████████░░░░░░░░░░░░░░  44%  Streaming frame 2005/5943
  ███████████░░░░░░░░░░░░░░  44%  Streaming frame 2006/5943
  ███████████░░░░░░░░░░░░░░  44%  Streaming frame 2007/5943
  ███████████░░░░░░░░░░░░░░  44%  Streaming frame 2008/5943
  ███████████░░░░░░░░░░░░░░  44%  Streaming frame 2009/5943
  ███████████░░░░░░░░░░░░░░  44%  Streaming frame 2010/5943
  ███████████░░░░░░░░░░░░░░  44%  Streaming frame 2011/5943
  ███████████░░░░░░░░░░░░░░  44%  Streaming frame 2012/5943
  ███████████░░░░░░░░░░░░░░  44%  Streaming frame 2013/5943
  ███████████░░░░░░░░░░░░░░  44%  Streaming frame 2014/5943
  ███████████░░░░░░░░░░░░░░  44%  Streaming frame 2015/5943
  ███████████░░░░░░░░░░░░░░  44%  Streaming frame 2016/5943
  ███████████░░░░░░░░░░░░░░  44%  Streaming frame 2017/5943
  ███████████░░░░░░░░░░░░░░  44%  Streaming frame 2018/5943
  ███████████░░░░░░░░░░░░░░  44%  Streaming frame 2019/5943
  ███████████░░░░░░░░░░░░░░  44%  Streaming frame 2020/5943
  ███████████░░░░░░░░░░░░░░  44%  Streaming frame 2021/5943
  ███████████░░░░░░░░░░░░░░  44%  Streaming frame 2022/5943
  ███████████░░░░░░░░░░░░░░  44%  Streaming frame 2023/5943
  ███████████░░░░░░░░░░░░░░  44%  Streaming frame 2024/5943
  ███████████░░░░░░░░░░░░░░  44%  Streaming frame 2025/5943
  ███████████░░░░░░░░░░░░░░  44%  Streaming frame 2026/5943
  ███████████░░░░░░░░░░░░░░  44%  Streaming frame 2027/5943
  ███████████░░░░░░░░░░░░░░  44%  Streaming frame 2028/5943
  ███████████░░░░░░░░░░░░░░  44%  Streaming frame 2029/5943
  ███████████░░░░░░░░░░░░░░  44%  Streaming frame 2030/5943
  ███████████░░░░░░░░░░░░░░  44%  Streaming frame 2031/5943
  ███████████░░░░░░░░░░░░░░  44%  Streaming frame 2032/5943
  ███████████░░░░░░░░░░░░░░  44%  Streaming frame 2033/5943
  ███████████░░░░░░░░░░░░░░  44%  Streaming frame 2034/5943
  ███████████░░░░░░░░░░░░░░  44%  Streaming frame 2035/5943
  ███████████░░░░░░░░░░░░░░  44%  Streaming frame 2036/5943
  ███████████░░░░░░░░░░░░░░  44%  Streaming frame 2037/5943
  ███████████░░░░░░░░░░░░░░  44%  Streaming frame 2038/5943
  ███████████░░░░░░░░░░░░░░  44%  Streaming frame 2039/5943
  ███████████░░░░░░░░░░░░░░  44%  Streaming frame 2040/5943
  ███████████░░░░░░░░░░░░░░  44%  Streaming frame 2041/5943
  ███████████░░░░░░░░░░░░░░  44%  Streaming frame 2042/5943
  ███████████░░░░░░░░░░░░░░  44%  Streaming frame 2043/5943
  ███████████░░░░░░░░░░░░░░  44%  Streaming frame 2044/5943
  ███████████░░░░░░░░░░░░░░  44%  Streaming frame 2045/5943
  ███████████░░░░░░░░░░░░░░  44%  Streaming frame 2046/5943
  ███████████░░░░░░░░░░░░░░  44%  Streaming frame 2047/5943
  ███████████░░░░░░░░░░░░░░  44%  Streaming frame 2048/5943
  ███████████░░░░░░░░░░░░░░  44%  Streaming frame 2049/5943
  ███████████░░░░░░░░░░░░░░  44%  Streaming frame 2050/5943
  ███████████░░░░░░░░░░░░░░  44%  Streaming frame 2051/5943
  ███████████░░░░░░░░░░░░░░  44%  Streaming frame 2052/5943
  ███████████░░░░░░░░░░░░░░  44%  Streaming frame 2053/5943
  ███████████░░░░░░░░░░░░░░  44%  Streaming frame 2054/5943
  ███████████░░░░░░░░░░░░░░  44%  Streaming frame 2055/5943
  ███████████░░░░░░░░░░░░░░  44%  Streaming frame 2056/5943
  ███████████░░░░░░░░░░░░░░  44%  Streaming frame 2057/5943
  ███████████░░░░░░░░░░░░░░  44%  Streaming frame 2058/5943
  ███████████░░░░░░░░░░░░░░  44%  Streaming frame 2059/5943
  ███████████░░░░░░░░░░░░░░  44%  Streaming frame 2060/5943
  ███████████░░░░░░░░░░░░░░  44%  Streaming frame 2061/5943
  ███████████░░░░░░░░░░░░░░  44%  Streaming frame 2062/5943
  ███████████░░░░░░░░░░░░░░  44%  Streaming frame 2063/5943
  ███████████░░░░░░░░░░░░░░  44%  Streaming frame 2064/5943
  ███████████░░░░░░░░░░░░░░  44%  Streaming frame 2065/5943
  ███████████░░░░░░░░░░░░░░  44%  Streaming frame 2066/5943
  ███████████░░░░░░░░░░░░░░  44%  Streaming frame 2067/5943
  ███████████░░░░░░░░░░░░░░  44%  Streaming frame 2068/5943
  ███████████░░░░░░░░░░░░░░  44%  Streaming frame 2069/5943
  ███████████░░░░░░░░░░░░░░  44%  Streaming frame 2070/5943
  ███████████░░░░░░░░░░░░░░  44%  Streaming frame 2071/5943
  ███████████░░░░░░░░░░░░░░  44%  Streaming frame 2072/5943
  ███████████░░░░░░░░░░░░░░  44%  Streaming frame 2073/5943
  ███████████░░░░░░░░░░░░░░  44%  Streaming frame 2074/5943
  ███████████░░░░░░░░░░░░░░  44%  Streaming frame 2075/5943
  ███████████░░░░░░░░░░░░░░  44%  Streaming frame 2076/5943
  ███████████░░░░░░░░░░░░░░  44%  Streaming frame 2077/5943
  ███████████░░░░░░░░░░░░░░  44%  Streaming frame 2078/5943
  ███████████░░░░░░░░░░░░░░  44%  Streaming frame 2079/5943
  ███████████░░░░░░░░░░░░░░  44%  Streaming frame 2080/5943
  ███████████░░░░░░░░░░░░░░  44%  Streaming frame 2081/5943
  ███████████░░░░░░░░░░░░░░  44%  Streaming frame 2082/5943
  ███████████░░░░░░░░░░░░░░  44%  Streaming frame 2083/5943
  ███████████░░░░░░░░░░░░░░  44%  Streaming frame 2084/5943
  ███████████░░░░░░░░░░░░░░  44%  Streaming frame 2085/5943
  ███████████░░░░░░░░░░░░░░  44%  Streaming frame 2086/5943
  ███████████░░░░░░░░░░░░░░  44%  Streaming frame 2087/5943
  ███████████░░░░░░░░░░░░░░  44%  Streaming frame 2088/5943
  ███████████░░░░░░░░░░░░░░  44%  Streaming frame 2089/5943
  ███████████░░░░░░░░░░░░░░  44%  Streaming frame 2090/5943
  ███████████░░░░░░░░░░░░░░  44%  Streaming frame 2091/5943
  ███████████░░░░░░░░░░░░░░  44%  Streaming frame 2092/5943
  ███████████░░░░░░░░░░░░░░  44%  Streaming frame 2093/5943
  ███████████░░░░░░░░░░░░░░  44%  Streaming frame 2094/5943
  ███████████░░░░░░░░░░░░░░  44%  Streaming frame 2095/5943
  ███████████░░░░░░░░░░░░░░  44%  Streaming frame 2096/5943
  ███████████░░░░░░░░░░░░░░  44%  Streaming frame 2097/5943
  ███████████░░░░░░░░░░░░░░  44%  Streaming frame 2098/5943
  ███████████░░░░░░░░░░░░░░  44%  Streaming frame 2099/5943
  ███████████░░░░░░░░░░░░░░  44%  Streaming frame 2100/5943
  ███████████░░░░░░░░░░░░░░  44%  Streaming frame 2101/5943
  ███████████░░░░░░░░░░░░░░  44%  Streaming frame 2102/5943
  ███████████░░░░░░░░░░░░░░  44%  Streaming frame 2103/5943
  ███████████░░░░░░░░░░░░░░  44%  Streaming frame 2104/5943
  ███████████░░░░░░░░░░░░░░  44%  Streaming frame 2105/5943
  ███████████░░░░░░░░░░░░░░  44%  Streaming frame 2106/5943
  ███████████░░░░░░░░░░░░░░  44%  Streaming frame 2107/5943
  ███████████░░░░░░░░░░░░░░  45%  Streaming frame 2108/5943
  ███████████░░░░░░░░░░░░░░  45%  Streaming frame 2109/5943
  ███████████░░░░░░░░░░░░░░  45%  Streaming frame 2110/5943
  ███████████░░░░░░░░░░░░░░  45%  Streaming frame 2111/5943
  ███████████░░░░░░░░░░░░░░  45%  Streaming frame 2112/5943
  ███████████░░░░░░░░░░░░░░  45%  Streaming frame 2113/5943
  ███████████░░░░░░░░░░░░░░  45%  Streaming frame 2114/5943
  ███████████░░░░░░░░░░░░░░  45%  Streaming frame 2115/5943
  ███████████░░░░░░░░░░░░░░  45%  Streaming frame 2116/5943
  ███████████░░░░░░░░░░░░░░  45%  Streaming frame 2117/5943
  ███████████░░░░░░░░░░░░░░  45%  Streaming frame 2118/5943
  ███████████░░░░░░░░░░░░░░  45%  Streaming frame 2119/5943
  ███████████░░░░░░░░░░░░░░  45%  Streaming frame 2120/5943
  ███████████░░░░░░░░░░░░░░  45%  Streaming frame 2121/5943
  ███████████░░░░░░░░░░░░░░  45%  Streaming frame 2122/5943
  ███████████░░░░░░░░░░░░░░  45%  Streaming frame 2123/5943
  ███████████░░░░░░░░░░░░░░  45%  Streaming frame 2124/5943
  ███████████░░░░░░░░░░░░░░  45%  Streaming frame 2125/5943
  ███████████░░░░░░░░░░░░░░  45%  Streaming frame 2126/5943
  ███████████░░░░░░░░░░░░░░  45%  Streaming frame 2127/5943
  ███████████░░░░░░░░░░░░░░  45%  Streaming frame 2128/5943
  ███████████░░░░░░░░░░░░░░  45%  Streaming frame 2129/5943
  ███████████░░░░░░░░░░░░░░  45%  Streaming frame 2130/5943
  ███████████░░░░░░░░░░░░░░  45%  Streaming frame 2131/5943
  ███████████░░░░░░░░░░░░░░  45%  Streaming frame 2132/5943
  ███████████░░░░░░░░░░░░░░  45%  Streaming frame 2133/5943
  ███████████░░░░░░░░░░░░░░  45%  Streaming frame 2134/5943
  ███████████░░░░░░░░░░░░░░  45%  Streaming frame 2135/5943
  ███████████░░░░░░░░░░░░░░  45%  Streaming frame 2136/5943
  ███████████░░░░░░░░░░░░░░  45%  Streaming frame 2137/5943
  ███████████░░░░░░░░░░░░░░  45%  Streaming frame 2138/5943
  ███████████░░░░░░░░░░░░░░  45%  Streaming frame 2139/5943
  ███████████░░░░░░░░░░░░░░  45%  Streaming frame 2140/5943
  ███████████░░░░░░░░░░░░░░  45%  Streaming frame 2141/5943
  ███████████░░░░░░░░░░░░░░  45%  Streaming frame 2142/5943
  ███████████░░░░░░░░░░░░░░  45%  Streaming frame 2143/5943
  ███████████░░░░░░░░░░░░░░  45%  Streaming frame 2144/5943
  ███████████░░░░░░░░░░░░░░  45%  Streaming frame 2145/5943
  ███████████░░░░░░░░░░░░░░  45%  Streaming frame 2146/5943
  ███████████░░░░░░░░░░░░░░  45%  Streaming frame 2147/5943
  ███████████░░░░░░░░░░░░░░  45%  Streaming frame 2148/5943
  ███████████░░░░░░░░░░░░░░  45%  Streaming frame 2149/5943
  ███████████░░░░░░░░░░░░░░  45%  Streaming frame 2150/5943
  ███████████░░░░░░░░░░░░░░  45%  Streaming frame 2151/5943
  ███████████░░░░░░░░░░░░░░  45%  Streaming frame 2152/5943
  ███████████░░░░░░░░░░░░░░  45%  Streaming frame 2153/5943
  ███████████░░░░░░░░░░░░░░  45%  Streaming frame 2154/5943
  ███████████░░░░░░░░░░░░░░  45%  Streaming frame 2155/5943
  ███████████░░░░░░░░░░░░░░  45%  Streaming frame 2156/5943
  ███████████░░░░░░░░░░░░░░  45%  Streaming frame 2157/5943
  ███████████░░░░░░░░░░░░░░  45%  Streaming frame 2158/5943
  ███████████░░░░░░░░░░░░░░  45%  Streaming frame 2159/5943
  ███████████░░░░░░░░░░░░░░  45%  Streaming frame 2160/5943
  ███████████░░░░░░░░░░░░░░  45%  Streaming frame 2161/5943
  ███████████░░░░░░░░░░░░░░  45%  Streaming frame 2162/5943
  ███████████░░░░░░░░░░░░░░  45%  Streaming frame 2163/5943
  ███████████░░░░░░░░░░░░░░  45%  Streaming frame 2164/5943
  ███████████░░░░░░░░░░░░░░  45%  Streaming frame 2165/5943
  ███████████░░░░░░░░░░░░░░  45%  Streaming frame 2166/5943
  ███████████░░░░░░░░░░░░░░  45%  Streaming frame 2167/5943
  ███████████░░░░░░░░░░░░░░  45%  Streaming frame 2168/5943
  ███████████░░░░░░░░░░░░░░  45%  Streaming frame 2169/5943
  ███████████░░░░░░░░░░░░░░  45%  Streaming frame 2170/5943
  ███████████░░░░░░░░░░░░░░  45%  Streaming frame 2171/5943
  ███████████░░░░░░░░░░░░░░  45%  Streaming frame 2172/5943
  ███████████░░░░░░░░░░░░░░  45%  Streaming frame 2173/5943
  ███████████░░░░░░░░░░░░░░  45%  Streaming frame 2174/5943
  ███████████░░░░░░░░░░░░░░  45%  Streaming frame 2175/5943
  ███████████░░░░░░░░░░░░░░  45%  Streaming frame 2176/5943
  ███████████░░░░░░░░░░░░░░  45%  Streaming frame 2177/5943
  ███████████░░░░░░░░░░░░░░  45%  Streaming frame 2178/5943
  ███████████░░░░░░░░░░░░░░  45%  Streaming frame 2179/5943
  ███████████░░░░░░░░░░░░░░  45%  Streaming frame 2180/5943
  ███████████░░░░░░░░░░░░░░  45%  Streaming frame 2181/5943
  ███████████░░░░░░░░░░░░░░  45%  Streaming frame 2182/5943
  ███████████░░░░░░░░░░░░░░  45%  Streaming frame 2183/5943
  ███████████░░░░░░░░░░░░░░  45%  Streaming frame 2184/5943
  ███████████░░░░░░░░░░░░░░  45%  Streaming frame 2185/5943
  ███████████░░░░░░░░░░░░░░  45%  Streaming frame 2186/5943
  ███████████░░░░░░░░░░░░░░  45%  Streaming frame 2187/5943
  ███████████░░░░░░░░░░░░░░  45%  Streaming frame 2188/5943
  ███████████░░░░░░░░░░░░░░  45%  Streaming frame 2189/5943
  ███████████░░░░░░░░░░░░░░  45%  Streaming frame 2190/5943
  ███████████░░░░░░░░░░░░░░  45%  Streaming frame 2191/5943
  ███████████░░░░░░░░░░░░░░  45%  Streaming frame 2192/5943
  ███████████░░░░░░░░░░░░░░  45%  Streaming frame 2193/5943
  ███████████░░░░░░░░░░░░░░  45%  Streaming frame 2194/5943
  ███████████░░░░░░░░░░░░░░  45%  Streaming frame 2195/5943
  ███████████░░░░░░░░░░░░░░  45%  Streaming frame 2196/5943
  ███████████░░░░░░░░░░░░░░  45%  Streaming frame 2197/5943
  ███████████░░░░░░░░░░░░░░  45%  Streaming frame 2198/5943
  ███████████░░░░░░░░░░░░░░  45%  Streaming frame 2199/5943
  ███████████░░░░░░░░░░░░░░  45%  Streaming frame 2200/5943
  ███████████░░░░░░░░░░░░░░  45%  Streaming frame 2201/5943
  ███████████░░░░░░░░░░░░░░  45%  Streaming frame 2202/5943
  ███████████░░░░░░░░░░░░░░  45%  Streaming frame 2203/5943
  ███████████░░░░░░░░░░░░░░  45%  Streaming frame 2204/5943
  ███████████░░░░░░░░░░░░░░  45%  Streaming frame 2205/5943
  ███████████░░░░░░░░░░░░░░  45%  Streaming frame 2206/5943
  ███████████░░░░░░░░░░░░░░  45%  Streaming frame 2207/5943
  ███████████░░░░░░░░░░░░░░  45%  Streaming frame 2208/5943
  ███████████░░░░░░░░░░░░░░  45%  Streaming frame 2209/5943
  ███████████░░░░░░░░░░░░░░  45%  Streaming frame 2210/5943
  ███████████░░░░░░░░░░░░░░  45%  Streaming frame 2211/5943
  ███████████░░░░░░░░░░░░░░  45%  Streaming frame 2212/5943
  ███████████░░░░░░░░░░░░░░  45%  Streaming frame 2213/5943
  ███████████░░░░░░░░░░░░░░  45%  Streaming frame 2214/5943
  ███████████░░░░░░░░░░░░░░  45%  Streaming frame 2215/5943
  ███████████░░░░░░░░░░░░░░  46%  Streaming frame 2216/5943
  ███████████░░░░░░░░░░░░░░  46%  Streaming frame 2217/5943
  ███████████░░░░░░░░░░░░░░  46%  Streaming frame 2218/5943
  ███████████░░░░░░░░░░░░░░  46%  Streaming frame 2219/5943
  ███████████░░░░░░░░░░░░░░  46%  Streaming frame 2220/5943
  ███████████░░░░░░░░░░░░░░  46%  Streaming frame 2221/5943
  ███████████░░░░░░░░░░░░░░  46%  Streaming frame 2222/5943
  ███████████░░░░░░░░░░░░░░  46%  Streaming frame 2223/5943
  ███████████░░░░░░░░░░░░░░  46%  Streaming frame 2224/5943
  ███████████░░░░░░░░░░░░░░  46%  Streaming frame 2225/5943
  ███████████░░░░░░░░░░░░░░  46%  Streaming frame 2226/5943
  ███████████░░░░░░░░░░░░░░  46%  Streaming frame 2227/5943
  ███████████░░░░░░░░░░░░░░  46%  Streaming frame 2228/5943
  ███████████░░░░░░░░░░░░░░  46%  Streaming frame 2229/5943
  ███████████░░░░░░░░░░░░░░  46%  Streaming frame 2230/5943
  ███████████░░░░░░░░░░░░░░  46%  Streaming frame 2231/5943
  ███████████░░░░░░░░░░░░░░  46%  Streaming frame 2232/5943
  ███████████░░░░░░░░░░░░░░  46%  Streaming frame 2233/5943
  ███████████░░░░░░░░░░░░░░  46%  Streaming frame 2234/5943
  ███████████░░░░░░░░░░░░░░  46%  Streaming frame 2235/5943
  ███████████░░░░░░░░░░░░░░  46%  Streaming frame 2236/5943
  ███████████░░░░░░░░░░░░░░  46%  Streaming frame 2237/5943
  ███████████░░░░░░░░░░░░░░  46%  Streaming frame 2238/5943
  ███████████░░░░░░░░░░░░░░  46%  Streaming frame 2239/5943
  ███████████░░░░░░░░░░░░░░  46%  Streaming frame 2240/5943
  ███████████░░░░░░░░░░░░░░  46%  Streaming frame 2241/5943
  ███████████░░░░░░░░░░░░░░  46%  Streaming frame 2242/5943
  ███████████░░░░░░░░░░░░░░  46%  Streaming frame 2243/5943
  ███████████░░░░░░░░░░░░░░  46%  Streaming frame 2244/5943
  ███████████░░░░░░░░░░░░░░  46%  Streaming frame 2245/5943
  ███████████░░░░░░░░░░░░░░  46%  Streaming frame 2246/5943
  ███████████░░░░░░░░░░░░░░  46%  Streaming frame 2247/5943
  ███████████░░░░░░░░░░░░░░  46%  Streaming frame 2248/5943
  ███████████░░░░░░░░░░░░░░  46%  Streaming frame 2249/5943
  ███████████░░░░░░░░░░░░░░  46%  Streaming frame 2250/5943
  ███████████░░░░░░░░░░░░░░  46%  Streaming frame 2251/5943
  ███████████░░░░░░░░░░░░░░  46%  Streaming frame 2252/5943
  ███████████░░░░░░░░░░░░░░  46%  Streaming frame 2253/5943
  ███████████░░░░░░░░░░░░░░  46%  Streaming frame 2254/5943
  ███████████░░░░░░░░░░░░░░  46%  Streaming frame 2255/5943
  ███████████░░░░░░░░░░░░░░  46%  Streaming frame 2256/5943
  ███████████░░░░░░░░░░░░░░  46%  Streaming frame 2257/5943
  ███████████░░░░░░░░░░░░░░  46%  Streaming frame 2258/5943
  ███████████░░░░░░░░░░░░░░  46%  Streaming frame 2259/5943
  ███████████░░░░░░░░░░░░░░  46%  Streaming frame 2260/5943
  ███████████░░░░░░░░░░░░░░  46%  Streaming frame 2261/5943
  ███████████░░░░░░░░░░░░░░  46%  Streaming frame 2262/5943
  ███████████░░░░░░░░░░░░░░  46%  Streaming frame 2263/5943
  ███████████░░░░░░░░░░░░░░  46%  Streaming frame 2264/5943
  ███████████░░░░░░░░░░░░░░  46%  Streaming frame 2265/5943
  ███████████░░░░░░░░░░░░░░  46%  Streaming frame 2266/5943
  ███████████░░░░░░░░░░░░░░  46%  Streaming frame 2267/5943
  ███████████░░░░░░░░░░░░░░  46%  Streaming frame 2268/5943
  ███████████░░░░░░░░░░░░░░  46%  Streaming frame 2269/5943
  ███████████░░░░░░░░░░░░░░  46%  Streaming frame 2270/5943
  ███████████░░░░░░░░░░░░░░  46%  Streaming frame 2271/5943
  ███████████░░░░░░░░░░░░░░  46%  Streaming frame 2272/5943
  ███████████░░░░░░░░░░░░░░  46%  Streaming frame 2273/5943
  ███████████░░░░░░░░░░░░░░  46%  Streaming frame 2274/5943
  ███████████░░░░░░░░░░░░░░  46%  Streaming frame 2275/5943
  ███████████░░░░░░░░░░░░░░  46%  Streaming frame 2276/5943
  ███████████░░░░░░░░░░░░░░  46%  Streaming frame 2277/5943
  ███████████░░░░░░░░░░░░░░  46%  Streaming frame 2278/5943
  ███████████░░░░░░░░░░░░░░  46%  Streaming frame 2279/5943
  ███████████░░░░░░░░░░░░░░  46%  Streaming frame 2280/5943
  ███████████░░░░░░░░░░░░░░  46%  Streaming frame 2281/5943
  ███████████░░░░░░░░░░░░░░  46%  Streaming frame 2282/5943
  ███████████░░░░░░░░░░░░░░  46%  Streaming frame 2283/5943
  ███████████░░░░░░░░░░░░░░  46%  Streaming frame 2284/5943
  ███████████░░░░░░░░░░░░░░  46%  Streaming frame 2285/5943
  ███████████░░░░░░░░░░░░░░  46%  Streaming frame 2286/5943
  ███████████░░░░░░░░░░░░░░  46%  Streaming frame 2287/5943
  ███████████░░░░░░░░░░░░░░  46%  Streaming frame 2288/5943
  ███████████░░░░░░░░░░░░░░  46%  Streaming frame 2289/5943
  ███████████░░░░░░░░░░░░░░  46%  Streaming frame 2290/5943
  ███████████░░░░░░░░░░░░░░  46%  Streaming frame 2291/5943
  ███████████░░░░░░░░░░░░░░  46%  Streaming frame 2292/5943
  ███████████░░░░░░░░░░░░░░  46%  Streaming frame 2293/5943
  ███████████░░░░░░░░░░░░░░  46%  Streaming frame 2294/5943
  ███████████░░░░░░░░░░░░░░  46%  Streaming frame 2295/5943
  ███████████░░░░░░░░░░░░░░  46%  Streaming frame 2296/5943
  ███████████░░░░░░░░░░░░░░  46%  Streaming frame 2297/5943
  ███████████░░░░░░░░░░░░░░  46%  Streaming frame 2298/5943
  ███████████░░░░░░░░░░░░░░  46%  Streaming frame 2299/5943
  ███████████░░░░░░░░░░░░░░  46%  Streaming frame 2300/5943
  ███████████░░░░░░░░░░░░░░  46%  Streaming frame 2301/5943
  ███████████░░░░░░░░░░░░░░  46%  Streaming frame 2302/5943
  ███████████░░░░░░░░░░░░░░  46%  Streaming frame 2303/5943
  ███████████░░░░░░░░░░░░░░  46%  Streaming frame 2304/5943
  ███████████░░░░░░░░░░░░░░  46%  Streaming frame 2305/5943
  ███████████░░░░░░░░░░░░░░  46%  Streaming frame 2306/5943
  ███████████░░░░░░░░░░░░░░  46%  Streaming frame 2307/5943
  ███████████░░░░░░░░░░░░░░  46%  Streaming frame 2308/5943
  ███████████░░░░░░░░░░░░░░  46%  Streaming frame 2309/5943
  ███████████░░░░░░░░░░░░░░  46%  Streaming frame 2310/5943
  ███████████░░░░░░░░░░░░░░  46%  Streaming frame 2311/5943
  ███████████░░░░░░░░░░░░░░  46%  Streaming frame 2312/5943
  ███████████░░░░░░░░░░░░░░  46%  Streaming frame 2313/5943
  ███████████░░░░░░░░░░░░░░  46%  Streaming frame 2314/5943
  ███████████░░░░░░░░░░░░░░  46%  Streaming frame 2315/5943
  ███████████░░░░░░░░░░░░░░  46%  Streaming frame 2316/5943
  ███████████░░░░░░░░░░░░░░  46%  Streaming frame 2317/5943
  ███████████░░░░░░░░░░░░░░  46%  Streaming frame 2318/5943
  ███████████░░░░░░░░░░░░░░  46%  Streaming frame 2319/5943
  ███████████░░░░░░░░░░░░░░  46%  Streaming frame 2320/5943
  ███████████░░░░░░░░░░░░░░  46%  Streaming frame 2321/5943
  ███████████░░░░░░░░░░░░░░  46%  Streaming frame 2322/5943
  ███████████░░░░░░░░░░░░░░  46%  Streaming frame 2323/5943
  ███████████░░░░░░░░░░░░░░  47%  Streaming frame 2324/5943
  ███████████░░░░░░░░░░░░░░  47%  Streaming frame 2325/5943
  ███████████░░░░░░░░░░░░░░  47%  Streaming frame 2326/5943
  ███████████░░░░░░░░░░░░░░  47%  Streaming frame 2327/5943
  ███████████░░░░░░░░░░░░░░  47%  Streaming frame 2328/5943
  ███████████░░░░░░░░░░░░░░  47%  Streaming frame 2329/5943
  ███████████░░░░░░░░░░░░░░  47%  Streaming frame 2330/5943
  ███████████░░░░░░░░░░░░░░  47%  Streaming frame 2331/5943
  ███████████░░░░░░░░░░░░░░  47%  Streaming frame 2332/5943
  ███████████░░░░░░░░░░░░░░  47%  Streaming frame 2333/5943
  ███████████░░░░░░░░░░░░░░  47%  Streaming frame 2334/5943
  ███████████░░░░░░░░░░░░░░  47%  Streaming frame 2335/5943
  ███████████░░░░░░░░░░░░░░  47%  Streaming frame 2336/5943
  ███████████░░░░░░░░░░░░░░  47%  Streaming frame 2337/5943
  ███████████░░░░░░░░░░░░░░  47%  Streaming frame 2338/5943
  ███████████░░░░░░░░░░░░░░  47%  Streaming frame 2339/5943
  ███████████░░░░░░░░░░░░░░  47%  Streaming frame 2340/5943
  ███████████░░░░░░░░░░░░░░  47%  Streaming frame 2341/5943
  ███████████░░░░░░░░░░░░░░  47%  Streaming frame 2342/5943
  ███████████░░░░░░░░░░░░░░  47%  Streaming frame 2343/5943
  ███████████░░░░░░░░░░░░░░  47%  Streaming frame 2344/5943
  ███████████░░░░░░░░░░░░░░  47%  Streaming frame 2345/5943
  ███████████░░░░░░░░░░░░░░  47%  Streaming frame 2346/5943
  ███████████░░░░░░░░░░░░░░  47%  Streaming frame 2347/5943
  ███████████░░░░░░░░░░░░░░  47%  Streaming frame 2348/5943
  ███████████░░░░░░░░░░░░░░  47%  Streaming frame 2349/5943
  ███████████░░░░░░░░░░░░░░  47%  Streaming frame 2350/5943
  ███████████░░░░░░░░░░░░░░  47%  Streaming frame 2351/5943
  ███████████░░░░░░░░░░░░░░  47%  Streaming frame 2352/5943
  ███████████░░░░░░░░░░░░░░  47%  Streaming frame 2353/5943
  ███████████░░░░░░░░░░░░░░  47%  Streaming frame 2354/5943
  ███████████░░░░░░░░░░░░░░  47%  Streaming frame 2355/5943
  ███████████░░░░░░░░░░░░░░  47%  Streaming frame 2356/5943
  ███████████░░░░░░░░░░░░░░  47%  Streaming frame 2357/5943
  ███████████░░░░░░░░░░░░░░  47%  Streaming frame 2358/5943
  ███████████░░░░░░░░░░░░░░  47%  Streaming frame 2359/5943
  ███████████░░░░░░░░░░░░░░  47%  Streaming frame 2360/5943
  ███████████░░░░░░░░░░░░░░  47%  Streaming frame 2361/5943
  ███████████░░░░░░░░░░░░░░  47%  Streaming frame 2362/5943
  ███████████░░░░░░░░░░░░░░  47%  Streaming frame 2363/5943
  ███████████░░░░░░░░░░░░░░  47%  Streaming frame 2364/5943
  ███████████░░░░░░░░░░░░░░  47%  Streaming frame 2365/5943
  ███████████░░░░░░░░░░░░░░  47%  Streaming frame 2366/5943
  ███████████░░░░░░░░░░░░░░  47%  Streaming frame 2367/5943
  ███████████░░░░░░░░░░░░░░  47%  Streaming frame 2368/5943
  ███████████░░░░░░░░░░░░░░  47%  Streaming frame 2369/5943
  ███████████░░░░░░░░░░░░░░  47%  Streaming frame 2370/5943
  ███████████░░░░░░░░░░░░░░  47%  Streaming frame 2371/5943
  ███████████░░░░░░░░░░░░░░  47%  Streaming frame 2372/5943
  ███████████░░░░░░░░░░░░░░  47%  Streaming frame 2373/5943
  ███████████░░░░░░░░░░░░░░  47%  Streaming frame 2374/5943
  ███████████░░░░░░░░░░░░░░  47%  Streaming frame 2375/5943
  ███████████░░░░░░░░░░░░░░  47%  Streaming frame 2376/5943
  ███████████░░░░░░░░░░░░░░  47%  Streaming frame 2377/5943
  ███████████░░░░░░░░░░░░░░  47%  Streaming frame 2378/5943
  ███████████░░░░░░░░░░░░░░  47%  Streaming frame 2379/5943
  ███████████░░░░░░░░░░░░░░  47%  Streaming frame 2380/5943
  ███████████░░░░░░░░░░░░░░  47%  Streaming frame 2381/5943
  ███████████░░░░░░░░░░░░░░  47%  Streaming frame 2382/5943
  ███████████░░░░░░░░░░░░░░  47%  Streaming frame 2383/5943
  ███████████░░░░░░░░░░░░░░  47%  Streaming frame 2384/5943
  ███████████░░░░░░░░░░░░░░  47%  Streaming frame 2385/5943
  ███████████░░░░░░░░░░░░░░  47%  Streaming frame 2386/5943
  ███████████░░░░░░░░░░░░░░  47%  Streaming frame 2387/5943
  ███████████░░░░░░░░░░░░░░  47%  Streaming frame 2388/5943
  ███████████░░░░░░░░░░░░░░  47%  Streaming frame 2389/5943
  ███████████░░░░░░░░░░░░░░  47%  Streaming frame 2390/5943
  ███████████░░░░░░░░░░░░░░  47%  Streaming frame 2391/5943
  ███████████░░░░░░░░░░░░░░  47%  Streaming frame 2392/5943
  ███████████░░░░░░░░░░░░░░  47%  Streaming frame 2393/5943
  ███████████░░░░░░░░░░░░░░  47%  Streaming frame 2394/5943
  ███████████░░░░░░░░░░░░░░  47%  Streaming frame 2395/5943
  ███████████░░░░░░░░░░░░░░  47%  Streaming frame 2396/5943
  ███████████░░░░░░░░░░░░░░  47%  Streaming frame 2397/5943
  ███████████░░░░░░░░░░░░░░  47%  Streaming frame 2398/5943
  ███████████░░░░░░░░░░░░░░  47%  Streaming frame 2399/5943
  ███████████░░░░░░░░░░░░░░  47%  Streaming frame 2400/5943
  ███████████░░░░░░░░░░░░░░  47%  Streaming frame 2401/5943
  ███████████░░░░░░░░░░░░░░  47%  Streaming frame 2402/5943
  ███████████░░░░░░░░░░░░░░  47%  Streaming frame 2403/5943
  ███████████░░░░░░░░░░░░░░  47%  Streaming frame 2404/5943
  ███████████░░░░░░░░░░░░░░  47%  Streaming frame 2405/5943
  ███████████░░░░░░░░░░░░░░  47%  Streaming frame 2406/5943
  ███████████░░░░░░░░░░░░░░  47%  Streaming frame 2407/5943
  ███████████░░░░░░░░░░░░░░  47%  Streaming frame 2408/5943
  ███████████░░░░░░░░░░░░░░  47%  Streaming frame 2409/5943
  ███████████░░░░░░░░░░░░░░  47%  Streaming frame 2410/5943
  ███████████░░░░░░░░░░░░░░  47%  Streaming frame 2411/5943
  ███████████░░░░░░░░░░░░░░  47%  Streaming frame 2412/5943
  ███████████░░░░░░░░░░░░░░  47%  Streaming frame 2413/5943
  ███████████░░░░░░░░░░░░░░  47%  Streaming frame 2414/5943
  ███████████░░░░░░░░░░░░░░  47%  Streaming frame 2415/5943
  ███████████░░░░░░░░░░░░░░  47%  Streaming frame 2416/5943
  ███████████░░░░░░░░░░░░░░  47%  Streaming frame 2417/5943
  ███████████░░░░░░░░░░░░░░  47%  Streaming frame 2418/5943
  ███████████░░░░░░░░░░░░░░  47%  Streaming frame 2419/5943
  ███████████░░░░░░░░░░░░░░  47%  Streaming frame 2420/5943
  ███████████░░░░░░░░░░░░░░  47%  Streaming frame 2421/5943
  ███████████░░░░░░░░░░░░░░  47%  Streaming frame 2422/5943
  ███████████░░░░░░░░░░░░░░  47%  Streaming frame 2423/5943
  ███████████░░░░░░░░░░░░░░  47%  Streaming frame 2424/5943
  ███████████░░░░░░░░░░░░░░  47%  Streaming frame 2425/5943
  ███████████░░░░░░░░░░░░░░  47%  Streaming frame 2426/5943
  ███████████░░░░░░░░░░░░░░  47%  Streaming frame 2427/5943
  ███████████░░░░░░░░░░░░░░  47%  Streaming frame 2428/5943
  ███████████░░░░░░░░░░░░░░  47%  Streaming frame 2429/5943
  ███████████░░░░░░░░░░░░░░  47%  Streaming frame 2430/5943
  ███████████░░░░░░░░░░░░░░  47%  Streaming frame 2431/5943
  ████████████░░░░░░░░░░░░░  48%  Streaming frame 2432/5943
  ████████████░░░░░░░░░░░░░  48%  Streaming frame 2433/5943
  ████████████░░░░░░░░░░░░░  48%  Streaming frame 2434/5943
  ████████████░░░░░░░░░░░░░  48%  Streaming frame 2435/5943
  ████████████░░░░░░░░░░░░░  48%  Streaming frame 2436/5943
  ████████████░░░░░░░░░░░░░  48%  Streaming frame 2437/5943
  ████████████░░░░░░░░░░░░░  48%  Streaming frame 2438/5943
  ████████████░░░░░░░░░░░░░  48%  Streaming frame 2439/5943
  ████████████░░░░░░░░░░░░░  48%  Streaming frame 2440/5943
  ████████████░░░░░░░░░░░░░  48%  Streaming frame 2441/5943
  ████████████░░░░░░░░░░░░░  48%  Streaming frame 2442/5943
  ████████████░░░░░░░░░░░░░  48%  Streaming frame 2443/5943
  ████████████░░░░░░░░░░░░░  48%  Streaming frame 2444/5943
  ████████████░░░░░░░░░░░░░  48%  Streaming frame 2445/5943
  ████████████░░░░░░░░░░░░░  48%  Streaming frame 2446/5943
  ████████████░░░░░░░░░░░░░  48%  Streaming frame 2447/5943
  ████████████░░░░░░░░░░░░░  48%  Streaming frame 2448/5943
  ████████████░░░░░░░░░░░░░  48%  Streaming frame 2449/5943
  ████████████░░░░░░░░░░░░░  48%  Streaming frame 2450/5943
  ████████████░░░░░░░░░░░░░  48%  Streaming frame 2451/5943
  ████████████░░░░░░░░░░░░░  48%  Streaming frame 2452/5943
  ████████████░░░░░░░░░░░░░  48%  Streaming frame 2453/5943
  ████████████░░░░░░░░░░░░░  48%  Streaming frame 2454/5943
  ████████████░░░░░░░░░░░░░  48%  Streaming frame 2455/5943
  ████████████░░░░░░░░░░░░░  48%  Streaming frame 2456/5943
  ████████████░░░░░░░░░░░░░  48%  Streaming frame 2457/5943
  ████████████░░░░░░░░░░░░░  48%  Streaming frame 2458/5943
  ████████████░░░░░░░░░░░░░  48%  Streaming frame 2459/5943
  ████████████░░░░░░░░░░░░░  48%  Streaming frame 2460/5943
  ████████████░░░░░░░░░░░░░  48%  Streaming frame 2461/5943
  ████████████░░░░░░░░░░░░░  48%  Streaming frame 2462/5943
  ████████████░░░░░░░░░░░░░  48%  Streaming frame 2463/5943
  ████████████░░░░░░░░░░░░░  48%  Streaming frame 2464/5943
  ████████████░░░░░░░░░░░░░  48%  Streaming frame 2465/5943
  ████████████░░░░░░░░░░░░░  48%  Streaming frame 2466/5943
  ████████████░░░░░░░░░░░░░  48%  Streaming frame 2467/5943
  ████████████░░░░░░░░░░░░░  48%  Streaming frame 2468/5943
  ████████████░░░░░░░░░░░░░  48%  Streaming frame 2469/5943
  ████████████░░░░░░░░░░░░░  48%  Streaming frame 2470/5943
  ████████████░░░░░░░░░░░░░  48%  Streaming frame 2471/5943
  ████████████░░░░░░░░░░░░░  48%  Streaming frame 2472/5943
  ████████████░░░░░░░░░░░░░  48%  Streaming frame 2473/5943
  ████████████░░░░░░░░░░░░░  48%  Streaming frame 2474/5943
  ████████████░░░░░░░░░░░░░  48%  Streaming frame 2475/5943
  ████████████░░░░░░░░░░░░░  48%  Streaming frame 2476/5943
  ████████████░░░░░░░░░░░░░  48%  Streaming frame 2477/5943
  ████████████░░░░░░░░░░░░░  48%  Streaming frame 2478/5943
  ████████████░░░░░░░░░░░░░  48%  Streaming frame 2479/5943
  ████████████░░░░░░░░░░░░░  48%  Streaming frame 2480/5943
  ████████████░░░░░░░░░░░░░  48%  Streaming frame 2481/5943
  ████████████░░░░░░░░░░░░░  48%  Streaming frame 2482/5943
  ████████████░░░░░░░░░░░░░  48%  Streaming frame 2483/5943
  ████████████░░░░░░░░░░░░░  48%  Streaming frame 2484/5943
  ████████████░░░░░░░░░░░░░  48%  Streaming frame 2485/5943
  ████████████░░░░░░░░░░░░░  48%  Streaming frame 2486/5943
  ████████████░░░░░░░░░░░░░  48%  Streaming frame 2487/5943
  ████████████░░░░░░░░░░░░░  48%  Streaming frame 2488/5943
  ████████████░░░░░░░░░░░░░  48%  Streaming frame 2489/5943
  ████████████░░░░░░░░░░░░░  48%  Streaming frame 2490/5943
  ████████████░░░░░░░░░░░░░  48%  Streaming frame 2491/5943
  ████████████░░░░░░░░░░░░░  48%  Streaming frame 2492/5943
  ████████████░░░░░░░░░░░░░  48%  Streaming frame 2493/5943
  ████████████░░░░░░░░░░░░░  48%  Streaming frame 2494/5943
  ████████████░░░░░░░░░░░░░  48%  Streaming frame 2495/5943
  ████████████░░░░░░░░░░░░░  48%  Streaming frame 2496/5943
  ████████████░░░░░░░░░░░░░  48%  Streaming frame 2497/5943
  ████████████░░░░░░░░░░░░░  48%  Streaming frame 2498/5943
  ████████████░░░░░░░░░░░░░  48%  Streaming frame 2499/5943
  ████████████░░░░░░░░░░░░░  48%  Streaming frame 2500/5943
  ████████████░░░░░░░░░░░░░  48%  Streaming frame 2501/5943
  ████████████░░░░░░░░░░░░░  48%  Streaming frame 2502/5943
  ████████████░░░░░░░░░░░░░  48%  Streaming frame 2503/5943
  ████████████░░░░░░░░░░░░░  48%  Streaming frame 2504/5943
  ████████████░░░░░░░░░░░░░  48%  Streaming frame 2505/5943
  ████████████░░░░░░░░░░░░░  48%  Streaming frame 2506/5943
  ████████████░░░░░░░░░░░░░  48%  Streaming frame 2507/5943
  ████████████░░░░░░░░░░░░░  48%  Streaming frame 2508/5943
  ████████████░░░░░░░░░░░░░  48%  Streaming frame 2509/5943
  ████████████░░░░░░░░░░░░░  48%  Streaming frame 2510/5943
  ████████████░░░░░░░░░░░░░  48%  Streaming frame 2511/5943
  ████████████░░░░░░░░░░░░░  48%  Streaming frame 2512/5943
  ████████████░░░░░░░░░░░░░  48%  Streaming frame 2513/5943
  ████████████░░░░░░░░░░░░░  48%  Streaming frame 2514/5943
  ████████████░░░░░░░░░░░░░  48%  Streaming frame 2515/5943
  ████████████░░░░░░░░░░░░░  48%  Streaming frame 2516/5943
  ████████████░░░░░░░░░░░░░  48%  Streaming frame 2517/5943
  ████████████░░░░░░░░░░░░░  48%  Streaming frame 2518/5943
  ████████████░░░░░░░░░░░░░  48%  Streaming frame 2519/5943
  ████████████░░░░░░░░░░░░░  48%  Streaming frame 2520/5943
  ████████████░░░░░░░░░░░░░  48%  Streaming frame 2521/5943
  ████████████░░░░░░░░░░░░░  48%  Streaming frame 2522/5943
  ████████████░░░░░░░░░░░░░  48%  Streaming frame 2523/5943
  ████████████░░░░░░░░░░░░░  48%  Streaming frame 2524/5943
  ████████████░░░░░░░░░░░░░  48%  Streaming frame 2525/5943
  ████████████░░░░░░░░░░░░░  48%  Streaming frame 2526/5943
  ████████████░░░░░░░░░░░░░  48%  Streaming frame 2527/5943
  ████████████░░░░░░░░░░░░░  48%  Streaming frame 2528/5943
  ████████████░░░░░░░░░░░░░  48%  Streaming frame 2529/5943
  ████████████░░░░░░░░░░░░░  48%  Streaming frame 2530/5943
  ████████████░░░░░░░░░░░░░  48%  Streaming frame 2531/5943
  ████████████░░░░░░░░░░░░░  48%  Streaming frame 2532/5943
  ████████████░░░░░░░░░░░░░  48%  Streaming frame 2533/5943
  ████████████░░░░░░░░░░░░░  48%  Streaming frame 2534/5943
  ████████████░░░░░░░░░░░░░  48%  Streaming frame 2535/5943
  ████████████░░░░░░░░░░░░░  48%  Streaming frame 2536/5943
  ████████████░░░░░░░░░░░░░  48%  Streaming frame 2537/5943
  ████████████░░░░░░░░░░░░░  48%  Streaming frame 2538/5943
  ████████████░░░░░░░░░░░░░  48%  Streaming frame 2539/5943
  ████████████░░░░░░░░░░░░░  49%  Streaming frame 2540/5943
  ████████████░░░░░░░░░░░░░  49%  Streaming frame 2541/5943
  ████████████░░░░░░░░░░░░░  49%  Streaming frame 2542/5943
  ████████████░░░░░░░░░░░░░  49%  Streaming frame 2543/5943
  ████████████░░░░░░░░░░░░░  49%  Streaming frame 2544/5943
  ████████████░░░░░░░░░░░░░  49%  Streaming frame 2545/5943
  ████████████░░░░░░░░░░░░░  49%  Streaming frame 2546/5943
  ████████████░░░░░░░░░░░░░  49%  Streaming frame 2547/5943
  ████████████░░░░░░░░░░░░░  49%  Streaming frame 2548/5943
  ████████████░░░░░░░░░░░░░  49%  Streaming frame 2549/5943
  ████████████░░░░░░░░░░░░░  49%  Streaming frame 2550/5943
  ████████████░░░░░░░░░░░░░  49%  Streaming frame 2551/5943
  ████████████░░░░░░░░░░░░░  49%  Streaming frame 2552/5943
  ████████████░░░░░░░░░░░░░  49%  Streaming frame 2553/5943
  ████████████░░░░░░░░░░░░░  49%  Streaming frame 2554/5943
  ████████████░░░░░░░░░░░░░  49%  Streaming frame 2555/5943
  ████████████░░░░░░░░░░░░░  49%  Streaming frame 2556/5943
  ████████████░░░░░░░░░░░░░  49%  Streaming frame 2557/5943
  ████████████░░░░░░░░░░░░░  49%  Streaming frame 2558/5943
  ████████████░░░░░░░░░░░░░  49%  Streaming frame 2559/5943
  ████████████░░░░░░░░░░░░░  49%  Streaming frame 2560/5943
  ████████████░░░░░░░░░░░░░  49%  Streaming frame 2561/5943
  ████████████░░░░░░░░░░░░░  49%  Streaming frame 2562/5943
  ████████████░░░░░░░░░░░░░  49%  Streaming frame 2563/5943
  ████████████░░░░░░░░░░░░░  49%  Streaming frame 2564/5943
  ████████████░░░░░░░░░░░░░  49%  Streaming frame 2565/5943
  ████████████░░░░░░░░░░░░░  49%  Streaming frame 2566/5943
  ████████████░░░░░░░░░░░░░  49%  Streaming frame 2567/5943
  ████████████░░░░░░░░░░░░░  49%  Streaming frame 2568/5943
  ████████████░░░░░░░░░░░░░  49%  Streaming frame 2569/5943
  ████████████░░░░░░░░░░░░░  49%  Streaming frame 2570/5943
  ████████████░░░░░░░░░░░░░  49%  Streaming frame 2571/5943
  ████████████░░░░░░░░░░░░░  49%  Streaming frame 2572/5943
  ████████████░░░░░░░░░░░░░  49%  Streaming frame 2573/5943
  ████████████░░░░░░░░░░░░░  49%  Streaming frame 2574/5943
  ████████████░░░░░░░░░░░░░  49%  Streaming frame 2575/5943
  ████████████░░░░░░░░░░░░░  49%  Streaming frame 2576/5943
  ████████████░░░░░░░░░░░░░  49%  Streaming frame 2577/5943
  ████████████░░░░░░░░░░░░░  49%  Streaming frame 2578/5943
  ████████████░░░░░░░░░░░░░  49%  Streaming frame 2579/5943
  ████████████░░░░░░░░░░░░░  49%  Streaming frame 2580/5943
  ████████████░░░░░░░░░░░░░  49%  Streaming frame 2581/5943
  ████████████░░░░░░░░░░░░░  49%  Streaming frame 2582/5943
  ████████████░░░░░░░░░░░░░  49%  Streaming frame 2583/5943
  ████████████░░░░░░░░░░░░░  49%  Streaming frame 2584/5943
  ████████████░░░░░░░░░░░░░  49%  Streaming frame 2585/5943
  ████████████░░░░░░░░░░░░░  49%  Streaming frame 2586/5943
  ████████████░░░░░░░░░░░░░  49%  Streaming frame 2587/5943
  ████████████░░░░░░░░░░░░░  49%  Streaming frame 2588/5943
  ████████████░░░░░░░░░░░░░  49%  Streaming frame 2589/5943
  ████████████░░░░░░░░░░░░░  49%  Streaming frame 2590/5943
  ████████████░░░░░░░░░░░░░  49%  Streaming frame 2591/5943
  ████████████░░░░░░░░░░░░░  49%  Streaming frame 2592/5943
  ████████████░░░░░░░░░░░░░  49%  Streaming frame 2593/5943
  ████████████░░░░░░░░░░░░░  49%  Streaming frame 2594/5943
  ████████████░░░░░░░░░░░░░  49%  Streaming frame 2595/5943
  ████████████░░░░░░░░░░░░░  49%  Streaming frame 2596/5943
  ████████████░░░░░░░░░░░░░  49%  Streaming frame 2597/5943
  ████████████░░░░░░░░░░░░░  49%  Streaming frame 2598/5943
  ████████████░░░░░░░░░░░░░  49%  Streaming frame 2599/5943
  ████████████░░░░░░░░░░░░░  49%  Streaming frame 2600/5943
  ████████████░░░░░░░░░░░░░  49%  Streaming frame 2601/5943
  ████████████░░░░░░░░░░░░░  49%  Streaming frame 2602/5943
  ████████████░░░░░░░░░░░░░  49%  Streaming frame 2603/5943
  ████████████░░░░░░░░░░░░░  49%  Streaming frame 2604/5943
  ████████████░░░░░░░░░░░░░  49%  Streaming frame 2605/5943
  ████████████░░░░░░░░░░░░░  49%  Streaming frame 2606/5943
  ████████████░░░░░░░░░░░░░  49%  Streaming frame 2607/5943
  ████████████░░░░░░░░░░░░░  49%  Streaming frame 2608/5943
  ████████████░░░░░░░░░░░░░  49%  Streaming frame 2609/5943
  ████████████░░░░░░░░░░░░░  49%  Streaming frame 2610/5943
  ████████████░░░░░░░░░░░░░  49%  Streaming frame 2611/5943
  ████████████░░░░░░░░░░░░░  49%  Streaming frame 2612/5943
  ████████████░░░░░░░░░░░░░  49%  Streaming frame 2613/5943
  ████████████░░░░░░░░░░░░░  49%  Streaming frame 2614/5943
  ████████████░░░░░░░░░░░░░  49%  Streaming frame 2615/5943
  ████████████░░░░░░░░░░░░░  49%  Streaming frame 2616/5943
  ████████████░░░░░░░░░░░░░  49%  Streaming frame 2617/5943
  ████████████░░░░░░░░░░░░░  49%  Streaming frame 2618/5943
  ████████████░░░░░░░░░░░░░  49%  Streaming frame 2619/5943
  ████████████░░░░░░░░░░░░░  49%  Streaming frame 2620/5943
  ████████████░░░░░░░░░░░░░  49%  Streaming frame 2621/5943
  ████████████░░░░░░░░░░░░░  49%  Streaming frame 2622/5943
  ████████████░░░░░░░░░░░░░  49%  Streaming frame 2623/5943
  ████████████░░░░░░░░░░░░░  49%  Streaming frame 2624/5943
  ████████████░░░░░░░░░░░░░  49%  Streaming frame 2625/5943
  ████████████░░░░░░░░░░░░░  49%  Streaming frame 2626/5943
  ████████████░░░░░░░░░░░░░  49%  Streaming frame 2627/5943
  ████████████░░░░░░░░░░░░░  49%  Streaming frame 2628/5943
  ████████████░░░░░░░░░░░░░  49%  Streaming frame 2629/5943
  ████████████░░░░░░░░░░░░░  49%  Streaming frame 2630/5943
  ████████████░░░░░░░░░░░░░  49%  Streaming frame 2631/5943
  ████████████░░░░░░░░░░░░░  49%  Streaming frame 2632/5943
  ████████████░░░░░░░░░░░░░  49%  Streaming frame 2633/5943
  ████████████░░░░░░░░░░░░░  49%  Streaming frame 2634/5943
  ████████████░░░░░░░░░░░░░  49%  Streaming frame 2635/5943
  ████████████░░░░░░░░░░░░░  49%  Streaming frame 2636/5943
  ████████████░░░░░░░░░░░░░  49%  Streaming frame 2637/5943
  ████████████░░░░░░░░░░░░░  49%  Streaming frame 2638/5943
  ████████████░░░░░░░░░░░░░  49%  Streaming frame 2639/5943
  ████████████░░░░░░░░░░░░░  49%  Streaming frame 2640/5943
  ████████████░░░░░░░░░░░░░  49%  Streaming frame 2641/5943
  ████████████░░░░░░░░░░░░░  49%  Streaming frame 2642/5943
  ████████████░░░░░░░░░░░░░  49%  Streaming frame 2643/5943
  ████████████░░░░░░░░░░░░░  49%  Streaming frame 2644/5943
  ████████████░░░░░░░░░░░░░  49%  Streaming frame 2645/5943
  ████████████░░░░░░░░░░░░░  49%  Streaming frame 2646/5943
  ████████████░░░░░░░░░░░░░  49%  Streaming frame 2647/5943
  ████████████░░░░░░░░░░░░░  50%  Streaming frame 2648/5943
  ████████████░░░░░░░░░░░░░  50%  Streaming frame 2649/5943
  ████████████░░░░░░░░░░░░░  50%  Streaming frame 2650/5943
  ████████████░░░░░░░░░░░░░  50%  Streaming frame 2651/5943
  ████████████░░░░░░░░░░░░░  50%  Streaming frame 2652/5943
  ████████████░░░░░░░░░░░░░  50%  Streaming frame 2653/5943
  ████████████░░░░░░░░░░░░░  50%  Streaming frame 2654/5943
  ████████████░░░░░░░░░░░░░  50%  Streaming frame 2655/5943
  ████████████░░░░░░░░░░░░░  50%  Streaming frame 2656/5943
  ████████████░░░░░░░░░░░░░  50%  Streaming frame 2657/5943
  ████████████░░░░░░░░░░░░░  50%  Streaming frame 2658/5943
  ████████████░░░░░░░░░░░░░  50%  Streaming frame 2659/5943
  ████████████░░░░░░░░░░░░░  50%  Streaming frame 2660/5943
  ████████████░░░░░░░░░░░░░  50%  Streaming frame 2661/5943
  ████████████░░░░░░░░░░░░░  50%  Streaming frame 2662/5943
  ████████████░░░░░░░░░░░░░  50%  Streaming frame 2663/5943
  ████████████░░░░░░░░░░░░░  50%  Streaming frame 2664/5943
  ████████████░░░░░░░░░░░░░  50%  Streaming frame 2665/5943
  ████████████░░░░░░░░░░░░░  50%  Streaming frame 2666/5943
  ████████████░░░░░░░░░░░░░  50%  Streaming frame 2667/5943
  ████████████░░░░░░░░░░░░░  50%  Streaming frame 2668/5943
  ████████████░░░░░░░░░░░░░  50%  Streaming frame 2669/5943
  ████████████░░░░░░░░░░░░░  50%  Streaming frame 2670/5943
  ████████████░░░░░░░░░░░░░  50%  Streaming frame 2671/5943
  ████████████░░░░░░░░░░░░░  50%  Streaming frame 2672/5943
  ████████████░░░░░░░░░░░░░  50%  Streaming frame 2673/5943
  ████████████░░░░░░░░░░░░░  50%  Streaming frame 2674/5943
  ████████████░░░░░░░░░░░░░  50%  Streaming frame 2675/5943
  ████████████░░░░░░░░░░░░░  50%  Streaming frame 2676/5943
  ████████████░░░░░░░░░░░░░  50%  Streaming frame 2677/5943
  ████████████░░░░░░░░░░░░░  50%  Streaming frame 2678/5943
  ████████████░░░░░░░░░░░░░  50%  Streaming frame 2679/5943
  ████████████░░░░░░░░░░░░░  50%  Streaming frame 2680/5943
  ████████████░░░░░░░░░░░░░  50%  Streaming frame 2681/5943
  ████████████░░░░░░░░░░░░░  50%  Streaming frame 2682/5943
  ████████████░░░░░░░░░░░░░  50%  Streaming frame 2683/5943
  ████████████░░░░░░░░░░░░░  50%  Streaming frame 2684/5943
  ████████████░░░░░░░░░░░░░  50%  Streaming frame 2685/5943
  ████████████░░░░░░░░░░░░░  50%  Streaming frame 2686/5943
  ████████████░░░░░░░░░░░░░  50%  Streaming frame 2687/5943
  ████████████░░░░░░░░░░░░░  50%  Streaming frame 2688/5943
  ████████████░░░░░░░░░░░░░  50%  Streaming frame 2689/5943
  ████████████░░░░░░░░░░░░░  50%  Streaming frame 2690/5943
  ████████████░░░░░░░░░░░░░  50%  Streaming frame 2691/5943
  ████████████░░░░░░░░░░░░░  50%  Streaming frame 2692/5943
  ████████████░░░░░░░░░░░░░  50%  Streaming frame 2693/5943
  ████████████░░░░░░░░░░░░░  50%  Streaming frame 2694/5943
  ████████████░░░░░░░░░░░░░  50%  Streaming frame 2695/5943
  ████████████░░░░░░░░░░░░░  50%  Streaming frame 2696/5943
  ████████████░░░░░░░░░░░░░  50%  Streaming frame 2697/5943
  ████████████░░░░░░░░░░░░░  50%  Streaming frame 2698/5943
  ████████████░░░░░░░░░░░░░  50%  Streaming frame 2699/5943
  ████████████░░░░░░░░░░░░░  50%  Streaming frame 2700/5943
  ████████████░░░░░░░░░░░░░  50%  Streaming frame 2701/5943
  ████████████░░░░░░░░░░░░░  50%  Streaming frame 2702/5943
  ████████████░░░░░░░░░░░░░  50%  Streaming frame 2703/5943
  ████████████░░░░░░░░░░░░░  50%  Streaming frame 2704/5943
  ████████████░░░░░░░░░░░░░  50%  Streaming frame 2705/5943
  ████████████░░░░░░░░░░░░░  50%  Streaming frame 2706/5943
  ████████████░░░░░░░░░░░░░  50%  Streaming frame 2707/5943
  ████████████░░░░░░░░░░░░░  50%  Streaming frame 2708/5943
  ████████████░░░░░░░░░░░░░  50%  Streaming frame 2709/5943
  ████████████░░░░░░░░░░░░░  50%  Streaming frame 2710/5943
  ████████████░░░░░░░░░░░░░  50%  Streaming frame 2711/5943
  ████████████░░░░░░░░░░░░░  50%  Streaming frame 2712/5943
  ████████████░░░░░░░░░░░░░  50%  Streaming frame 2713/5943
  ████████████░░░░░░░░░░░░░  50%  Streaming frame 2714/5943
  ████████████░░░░░░░░░░░░░  50%  Streaming frame 2715/5943
  ████████████░░░░░░░░░░░░░  50%  Streaming frame 2716/5943
  ████████████░░░░░░░░░░░░░  50%  Streaming frame 2717/5943
  ████████████░░░░░░░░░░░░░  50%  Streaming frame 2718/5943
  ████████████░░░░░░░░░░░░░  50%  Streaming frame 2719/5943
  ████████████░░░░░░░░░░░░░  50%  Streaming frame 2720/5943
  ████████████░░░░░░░░░░░░░  50%  Streaming frame 2721/5943
  ████████████░░░░░░░░░░░░░  50%  Streaming frame 2722/5943
  ████████████░░░░░░░░░░░░░  50%  Streaming frame 2723/5943
  ████████████░░░░░░░░░░░░░  50%  Streaming frame 2724/5943
  ████████████░░░░░░░░░░░░░  50%  Streaming frame 2725/5943
  ████████████░░░░░░░░░░░░░  50%  Streaming frame 2726/5943
  ████████████░░░░░░░░░░░░░  50%  Streaming frame 2727/5943
  ████████████░░░░░░░░░░░░░  50%  Streaming frame 2728/5943
  ████████████░░░░░░░░░░░░░  50%  Streaming frame 2729/5943
  ████████████░░░░░░░░░░░░░  50%  Streaming frame 2730/5943
  ████████████░░░░░░░░░░░░░  50%  Streaming frame 2731/5943
  ████████████░░░░░░░░░░░░░  50%  Streaming frame 2732/5943
  ████████████░░░░░░░░░░░░░  50%  Streaming frame 2733/5943
  ████████████░░░░░░░░░░░░░  50%  Streaming frame 2734/5943
  ████████████░░░░░░░░░░░░░  50%  Streaming frame 2735/5943
  ████████████░░░░░░░░░░░░░  50%  Streaming frame 2736/5943
  ████████████░░░░░░░░░░░░░  50%  Streaming frame 2737/5943
  ████████████░░░░░░░░░░░░░  50%  Streaming frame 2738/5943
  ████████████░░░░░░░░░░░░░  50%  Streaming frame 2739/5943
  ████████████░░░░░░░░░░░░░  50%  Streaming frame 2740/5943
  ████████████░░░░░░░░░░░░░  50%  Streaming frame 2741/5943
  ████████████░░░░░░░░░░░░░  50%  Streaming frame 2742/5943
  ████████████░░░░░░░░░░░░░  50%  Streaming frame 2743/5943
  ████████████░░░░░░░░░░░░░  50%  Streaming frame 2744/5943
  ████████████░░░░░░░░░░░░░  50%  Streaming frame 2745/5943
  ████████████░░░░░░░░░░░░░  50%  Streaming frame 2746/5943
  ████████████░░░░░░░░░░░░░  50%  Streaming frame 2747/5943
  ████████████░░░░░░░░░░░░░  50%  Streaming frame 2748/5943
  ████████████░░░░░░░░░░░░░  50%  Streaming frame 2749/5943
  ████████████░░░░░░░░░░░░░  50%  Streaming frame 2750/5943
  ████████████░░░░░░░░░░░░░  50%  Streaming frame 2751/5943
  ████████████░░░░░░░░░░░░░  50%  Streaming frame 2752/5943
  ████████████░░░░░░░░░░░░░  50%  Streaming frame 2753/5943
  ████████████░░░░░░░░░░░░░  50%  Streaming frame 2754/5943
  ████████████░░░░░░░░░░░░░  50%  Streaming frame 2755/5943
  ████████████░░░░░░░░░░░░░  51%  Streaming frame 2756/5943
  ████████████░░░░░░░░░░░░░  51%  Streaming frame 2757/5943
  ████████████░░░░░░░░░░░░░  51%  Streaming frame 2758/5943
  ████████████░░░░░░░░░░░░░  51%  Streaming frame 2759/5943
  ████████████░░░░░░░░░░░░░  51%  Streaming frame 2760/5943
  ████████████░░░░░░░░░░░░░  51%  Streaming frame 2761/5943
  ████████████░░░░░░░░░░░░░  51%  Streaming frame 2762/5943
  ████████████░░░░░░░░░░░░░  51%  Streaming frame 2763/5943
  ████████████░░░░░░░░░░░░░  51%  Streaming frame 2764/5943
  ████████████░░░░░░░░░░░░░  51%  Streaming frame 2765/5943
  ████████████░░░░░░░░░░░░░  51%  Streaming frame 2766/5943
  ████████████░░░░░░░░░░░░░  51%  Streaming frame 2767/5943
  ████████████░░░░░░░░░░░░░  51%  Streaming frame 2768/5943
  ████████████░░░░░░░░░░░░░  51%  Streaming frame 2769/5943
  ████████████░░░░░░░░░░░░░  51%  Streaming frame 2770/5943
  ████████████░░░░░░░░░░░░░  51%  Streaming frame 2771/5943
  ████████████░░░░░░░░░░░░░  51%  Streaming frame 2772/5943
  ████████████░░░░░░░░░░░░░  51%  Streaming frame 2773/5943
  ████████████░░░░░░░░░░░░░  51%  Streaming frame 2774/5943
  ████████████░░░░░░░░░░░░░  51%  Streaming frame 2775/5943
  ████████████░░░░░░░░░░░░░  51%  Streaming frame 2776/5943
  ████████████░░░░░░░░░░░░░  51%  Streaming frame 2777/5943
  ████████████░░░░░░░░░░░░░  51%  Streaming frame 2778/5943
  ████████████░░░░░░░░░░░░░  51%  Streaming frame 2779/5943
  ████████████░░░░░░░░░░░░░  51%  Streaming frame 2780/5943
  ████████████░░░░░░░░░░░░░  51%  Streaming frame 2781/5943
  ████████████░░░░░░░░░░░░░  51%  Streaming frame 2782/5943
  ████████████░░░░░░░░░░░░░  51%  Streaming frame 2783/5943
  ████████████░░░░░░░░░░░░░  51%  Streaming frame 2784/5943
  ████████████░░░░░░░░░░░░░  51%  Streaming frame 2785/5943
  ████████████░░░░░░░░░░░░░  51%  Streaming frame 2786/5943
  ████████████░░░░░░░░░░░░░  51%  Streaming frame 2787/5943
  ████████████░░░░░░░░░░░░░  51%  Streaming frame 2788/5943
  ████████████░░░░░░░░░░░░░  51%  Streaming frame 2789/5943
  ████████████░░░░░░░░░░░░░  51%  Streaming frame 2790/5943
  ████████████░░░░░░░░░░░░░  51%  Streaming frame 2791/5943
  ████████████░░░░░░░░░░░░░  51%  Streaming frame 2792/5943
  ████████████░░░░░░░░░░░░░  51%  Streaming frame 2793/5943
  ████████████░░░░░░░░░░░░░  51%  Streaming frame 2794/5943
  ████████████░░░░░░░░░░░░░  51%  Streaming frame 2795/5943
  ████████████░░░░░░░░░░░░░  51%  Streaming frame 2796/5943
  ████████████░░░░░░░░░░░░░  51%  Streaming frame 2797/5943
  ████████████░░░░░░░░░░░░░  51%  Streaming frame 2798/5943
  ████████████░░░░░░░░░░░░░  51%  Streaming frame 2799/5943
  ████████████░░░░░░░░░░░░░  51%  Streaming frame 2800/5943
  ████████████░░░░░░░░░░░░░  51%  Streaming frame 2801/5943
  ████████████░░░░░░░░░░░░░  51%  Streaming frame 2802/5943
  ████████████░░░░░░░░░░░░░  51%  Streaming frame 2803/5943
  ████████████░░░░░░░░░░░░░  51%  Streaming frame 2804/5943
  ████████████░░░░░░░░░░░░░  51%  Streaming frame 2805/5943
  ████████████░░░░░░░░░░░░░  51%  Streaming frame 2806/5943
  ████████████░░░░░░░░░░░░░  51%  Streaming frame 2807/5943
  ████████████░░░░░░░░░░░░░  51%  Streaming frame 2808/5943
  ████████████░░░░░░░░░░░░░  51%  Streaming frame 2809/5943
  ████████████░░░░░░░░░░░░░  51%  Streaming frame 2810/5943
  ████████████░░░░░░░░░░░░░  51%  Streaming frame 2811/5943
  ████████████░░░░░░░░░░░░░  51%  Streaming frame 2812/5943
  ████████████░░░░░░░░░░░░░  51%  Streaming frame 2813/5943
  ████████████░░░░░░░░░░░░░  51%  Streaming frame 2814/5943
  ████████████░░░░░░░░░░░░░  51%  Streaming frame 2815/5943
  ████████████░░░░░░░░░░░░░  51%  Streaming frame 2816/5943
  ████████████░░░░░░░░░░░░░  51%  Streaming frame 2817/5943
  ████████████░░░░░░░░░░░░░  51%  Streaming frame 2818/5943
  ████████████░░░░░░░░░░░░░  51%  Streaming frame 2819/5943
  ████████████░░░░░░░░░░░░░  51%  Streaming frame 2820/5943
  ████████████░░░░░░░░░░░░░  51%  Streaming frame 2821/5943
  ████████████░░░░░░░░░░░░░  51%  Streaming frame 2822/5943
  ████████████░░░░░░░░░░░░░  51%  Streaming frame 2823/5943
  ████████████░░░░░░░░░░░░░  51%  Streaming frame 2824/5943
  ████████████░░░░░░░░░░░░░  51%  Streaming frame 2825/5943
  ████████████░░░░░░░░░░░░░  51%  Streaming frame 2826/5943
  ████████████░░░░░░░░░░░░░  51%  Streaming frame 2827/5943
  ████████████░░░░░░░░░░░░░  51%  Streaming frame 2828/5943
  ████████████░░░░░░░░░░░░░  51%  Streaming frame 2829/5943
  ████████████░░░░░░░░░░░░░  51%  Streaming frame 2830/5943
  ████████████░░░░░░░░░░░░░  51%  Streaming frame 2831/5943
  ████████████░░░░░░░░░░░░░  51%  Streaming frame 2832/5943
  ████████████░░░░░░░░░░░░░  51%  Streaming frame 2833/5943
  ████████████░░░░░░░░░░░░░  51%  Streaming frame 2834/5943
  ████████████░░░░░░░░░░░░░  51%  Streaming frame 2835/5943
  ████████████░░░░░░░░░░░░░  51%  Streaming frame 2836/5943
  ████████████░░░░░░░░░░░░░  51%  Streaming frame 2837/5943
  ████████████░░░░░░░░░░░░░  51%  Streaming frame 2838/5943
  ████████████░░░░░░░░░░░░░  51%  Streaming frame 2839/5943
  ████████████░░░░░░░░░░░░░  51%  Streaming frame 2840/5943
  ████████████░░░░░░░░░░░░░  51%  Streaming frame 2841/5943
  ████████████░░░░░░░░░░░░░  51%  Streaming frame 2842/5943
  ████████████░░░░░░░░░░░░░  51%  Streaming frame 2843/5943
  ████████████░░░░░░░░░░░░░  51%  Streaming frame 2844/5943
  ████████████░░░░░░░░░░░░░  51%  Streaming frame 2845/5943
  ████████████░░░░░░░░░░░░░  51%  Streaming frame 2846/5943
  ████████████░░░░░░░░░░░░░  51%  Streaming frame 2847/5943
  ████████████░░░░░░░░░░░░░  51%  Streaming frame 2848/5943
  ████████████░░░░░░░░░░░░░  51%  Streaming frame 2849/5943
  ████████████░░░░░░░░░░░░░  51%  Streaming frame 2850/5943
  ████████████░░░░░░░░░░░░░  51%  Streaming frame 2851/5943
  ████████████░░░░░░░░░░░░░  51%  Streaming frame 2852/5943
  ████████████░░░░░░░░░░░░░  51%  Streaming frame 2853/5943
  ████████████░░░░░░░░░░░░░  51%  Streaming frame 2854/5943
  ████████████░░░░░░░░░░░░░  51%  Streaming frame 2855/5943
  ████████████░░░░░░░░░░░░░  51%  Streaming frame 2856/5943
  ████████████░░░░░░░░░░░░░  51%  Streaming frame 2857/5943
  ████████████░░░░░░░░░░░░░  51%  Streaming frame 2858/5943
  ████████████░░░░░░░░░░░░░  51%  Streaming frame 2859/5943
  ████████████░░░░░░░░░░░░░  51%  Streaming frame 2860/5943
  ████████████░░░░░░░░░░░░░  51%  Streaming frame 2861/5943
  ████████████░░░░░░░░░░░░░  51%  Streaming frame 2862/5943
  ████████████░░░░░░░░░░░░░  51%  Streaming frame 2863/5943
  █████████████░░░░░░░░░░░░  52%  Streaming frame 2864/5943
  █████████████░░░░░░░░░░░░  52%  Streaming frame 2865/5943
  █████████████░░░░░░░░░░░░  52%  Streaming frame 2866/5943
  █████████████░░░░░░░░░░░░  52%  Streaming frame 2867/5943
  █████████████░░░░░░░░░░░░  52%  Streaming frame 2868/5943
  █████████████░░░░░░░░░░░░  52%  Streaming frame 2869/5943
  █████████████░░░░░░░░░░░░  52%  Streaming frame 2870/5943
  █████████████░░░░░░░░░░░░  52%  Streaming frame 2871/5943
  █████████████░░░░░░░░░░░░  52%  Streaming frame 2872/5943
  █████████████░░░░░░░░░░░░  52%  Streaming frame 2873/5943
  █████████████░░░░░░░░░░░░  52%  Streaming frame 2874/5943
  █████████████░░░░░░░░░░░░  52%  Streaming frame 2875/5943
  █████████████░░░░░░░░░░░░  52%  Streaming frame 2876/5943
  █████████████░░░░░░░░░░░░  52%  Streaming frame 2877/5943
  █████████████░░░░░░░░░░░░  52%  Streaming frame 2878/5943
  █████████████░░░░░░░░░░░░  52%  Streaming frame 2879/5943
  █████████████░░░░░░░░░░░░  52%  Streaming frame 2880/5943
  █████████████░░░░░░░░░░░░  52%  Streaming frame 2881/5943
  █████████████░░░░░░░░░░░░  52%  Streaming frame 2882/5943
  █████████████░░░░░░░░░░░░  52%  Streaming frame 2883/5943
  █████████████░░░░░░░░░░░░  52%  Streaming frame 2884/5943
  █████████████░░░░░░░░░░░░  52%  Streaming frame 2885/5943
  █████████████░░░░░░░░░░░░  52%  Streaming frame 2886/5943
  █████████████░░░░░░░░░░░░  52%  Streaming frame 2887/5943
  █████████████░░░░░░░░░░░░  52%  Streaming frame 2888/5943
  █████████████░░░░░░░░░░░░  52%  Streaming frame 2889/5943
  █████████████░░░░░░░░░░░░  52%  Streaming frame 2890/5943
  █████████████░░░░░░░░░░░░  52%  Streaming frame 2891/5943
  █████████████░░░░░░░░░░░░  52%  Streaming frame 2892/5943
  █████████████░░░░░░░░░░░░  52%  Streaming frame 2893/5943
  █████████████░░░░░░░░░░░░  52%  Streaming frame 2894/5943
  █████████████░░░░░░░░░░░░  52%  Streaming frame 2895/5943
  █████████████░░░░░░░░░░░░  52%  Streaming frame 2896/5943
  █████████████░░░░░░░░░░░░  52%  Streaming frame 2897/5943
  █████████████░░░░░░░░░░░░  52%  Streaming frame 2898/5943
  █████████████░░░░░░░░░░░░  52%  Streaming frame 2899/5943
  █████████████░░░░░░░░░░░░  52%  Streaming frame 2900/5943
  █████████████░░░░░░░░░░░░  52%  Streaming frame 2901/5943
  █████████████░░░░░░░░░░░░  52%  Streaming frame 2902/5943
  █████████████░░░░░░░░░░░░  52%  Streaming frame 2903/5943
  █████████████░░░░░░░░░░░░  52%  Streaming frame 2904/5943
  █████████████░░░░░░░░░░░░  52%  Streaming frame 2905/5943
  █████████████░░░░░░░░░░░░  52%  Streaming frame 2906/5943
  █████████████░░░░░░░░░░░░  52%  Streaming frame 2907/5943
  █████████████░░░░░░░░░░░░  52%  Streaming frame 2908/5943
  █████████████░░░░░░░░░░░░  52%  Streaming frame 2909/5943
  █████████████░░░░░░░░░░░░  52%  Streaming frame 2910/5943
  █████████████░░░░░░░░░░░░  52%  Streaming frame 2911/5943
  █████████████░░░░░░░░░░░░  52%  Streaming frame 2912/5943
  █████████████░░░░░░░░░░░░  52%  Streaming frame 2913/5943
  █████████████░░░░░░░░░░░░  52%  Streaming frame 2914/5943
  █████████████░░░░░░░░░░░░  52%  Streaming frame 2915/5943
  █████████████░░░░░░░░░░░░  52%  Streaming frame 2916/5943
  █████████████░░░░░░░░░░░░  52%  Streaming frame 2917/5943
  █████████████░░░░░░░░░░░░  52%  Streaming frame 2918/5943
  █████████████░░░░░░░░░░░░  52%  Streaming frame 2919/5943
  █████████████░░░░░░░░░░░░  52%  Streaming frame 2920/5943
  █████████████░░░░░░░░░░░░  52%  Streaming frame 2921/5943
  █████████████░░░░░░░░░░░░  52%  Streaming frame 2922/5943
  █████████████░░░░░░░░░░░░  52%  Streaming frame 2923/5943
  █████████████░░░░░░░░░░░░  52%  Streaming frame 2924/5943
  █████████████░░░░░░░░░░░░  52%  Streaming frame 2925/5943
  █████████████░░░░░░░░░░░░  52%  Streaming frame 2926/5943
  █████████████░░░░░░░░░░░░  52%  Streaming frame 2927/5943
  █████████████░░░░░░░░░░░░  52%  Streaming frame 2928/5943
  █████████████░░░░░░░░░░░░  52%  Streaming frame 2929/5943
  █████████████░░░░░░░░░░░░  52%  Streaming frame 2930/5943
  █████████████░░░░░░░░░░░░  52%  Streaming frame 2931/5943
  █████████████░░░░░░░░░░░░  52%  Streaming frame 2932/5943
  █████████████░░░░░░░░░░░░  52%  Streaming frame 2933/5943
  █████████████░░░░░░░░░░░░  52%  Streaming frame 2934/5943
  █████████████░░░░░░░░░░░░  52%  Streaming frame 2935/5943
  █████████████░░░░░░░░░░░░  52%  Streaming frame 2936/5943
  █████████████░░░░░░░░░░░░  52%  Streaming frame 2937/5943
  █████████████░░░░░░░░░░░░  52%  Streaming frame 2938/5943
  █████████████░░░░░░░░░░░░  52%  Streaming frame 2939/5943
  █████████████░░░░░░░░░░░░  52%  Streaming frame 2940/5943
  █████████████░░░░░░░░░░░░  52%  Streaming frame 2941/5943
  █████████████░░░░░░░░░░░░  52%  Streaming frame 2942/5943
  █████████████░░░░░░░░░░░░  52%  Streaming frame 2943/5943
  █████████████░░░░░░░░░░░░  52%  Streaming frame 2944/5943
  █████████████░░░░░░░░░░░░  52%  Streaming frame 2945/5943
  █████████████░░░░░░░░░░░░  52%  Streaming frame 2946/5943
  █████████████░░░░░░░░░░░░  52%  Streaming frame 2947/5943
  █████████████░░░░░░░░░░░░  52%  Streaming frame 2948/5943
  █████████████░░░░░░░░░░░░  52%  Streaming frame 2949/5943
  █████████████░░░░░░░░░░░░  52%  Streaming frame 2950/5943
  █████████████░░░░░░░░░░░░  52%  Streaming frame 2951/5943
  █████████████░░░░░░░░░░░░  52%  Streaming frame 2952/5943
  █████████████░░░░░░░░░░░░  52%  Streaming frame 2953/5943
  █████████████░░░░░░░░░░░░  52%  Streaming frame 2954/5943
  █████████████░░░░░░░░░░░░  52%  Streaming frame 2955/5943
  █████████████░░░░░░░░░░░░  52%  Streaming frame 2956/5943
  █████████████░░░░░░░░░░░░  52%  Streaming frame 2957/5943
  █████████████░░░░░░░░░░░░  52%  Streaming frame 2958/5943
  █████████████░░░░░░░░░░░░  52%  Streaming frame 2959/5943
  █████████████░░░░░░░░░░░░  52%  Streaming frame 2960/5943
  █████████████░░░░░░░░░░░░  52%  Streaming frame 2961/5943
  █████████████░░░░░░░░░░░░  52%  Streaming frame 2962/5943
  █████████████░░░░░░░░░░░░  52%  Streaming frame 2963/5943
  █████████████░░░░░░░░░░░░  52%  Streaming frame 2964/5943
  █████████████░░░░░░░░░░░░  52%  Streaming frame 2965/5943
  █████████████░░░░░░░░░░░░  52%  Streaming frame 2966/5943
  █████████████░░░░░░░░░░░░  52%  Streaming frame 2967/5943
  █████████████░░░░░░░░░░░░  52%  Streaming frame 2968/5943
  █████████████░░░░░░░░░░░░  52%  Streaming frame 2969/5943
  █████████████░░░░░░░░░░░░  52%  Streaming frame 2970/5943
  █████████████░░░░░░░░░░░░  52%  Streaming frame 2971/5943
  █████████████░░░░░░░░░░░░  53%  Streaming frame 2972/5943
[INFO] [Render] drawElement self-verify passed {"renderJobId":"0864dc62-23d7-4255-b7df-8658ca5071d6","frame":2972,"psnrDb":"inf"}
  █████████████░░░░░░░░░░░░  53%  Streaming frame 2973/5943
  █████████████░░░░░░░░░░░░  53%  Streaming frame 2974/5943
  █████████████░░░░░░░░░░░░  53%  Streaming frame 2975/5943
  █████████████░░░░░░░░░░░░  53%  Streaming frame 2976/5943
  █████████████░░░░░░░░░░░░  53%  Streaming frame 2977/5943
  █████████████░░░░░░░░░░░░  53%  Streaming frame 2978/5943
  █████████████░░░░░░░░░░░░  53%  Streaming frame 2979/5943
  █████████████░░░░░░░░░░░░  53%  Streaming frame 2980/5943
  █████████████░░░░░░░░░░░░  53%  Streaming frame 2981/5943
  █████████████░░░░░░░░░░░░  53%  Streaming frame 2982/5943
  █████████████░░░░░░░░░░░░  53%  Streaming frame 2983/5943
  █████████████░░░░░░░░░░░░  53%  Streaming frame 2984/5943
  █████████████░░░░░░░░░░░░  53%  Streaming frame 2985/5943
  █████████████░░░░░░░░░░░░  53%  Streaming frame 2986/5943
  █████████████░░░░░░░░░░░░  53%  Streaming frame 2987/5943
  █████████████░░░░░░░░░░░░  53%  Streaming frame 2988/5943
  █████████████░░░░░░░░░░░░  53%  Streaming frame 2989/5943
  █████████████░░░░░░░░░░░░  53%  Streaming frame 2990/5943
  █████████████░░░░░░░░░░░░  53%  Streaming frame 2991/5943
  █████████████░░░░░░░░░░░░  53%  Streaming frame 2992/5943
  █████████████░░░░░░░░░░░░  53%  Streaming frame 2993/5943
  █████████████░░░░░░░░░░░░  53%  Streaming frame 2994/5943
  █████████████░░░░░░░░░░░░  53%  Streaming frame 2995/5943
  █████████████░░░░░░░░░░░░  53%  Streaming frame 2996/5943
  █████████████░░░░░░░░░░░░  53%  Streaming frame 2997/5943
  █████████████░░░░░░░░░░░░  53%  Streaming frame 2998/5943
  █████████████░░░░░░░░░░░░  53%  Streaming frame 2999/5943
  █████████████░░░░░░░░░░░░  53%  Streaming frame 3000/5943
  █████████████░░░░░░░░░░░░  53%  Streaming frame 3001/5943
  █████████████░░░░░░░░░░░░  53%  Streaming frame 3002/5943
  █████████████░░░░░░░░░░░░  53%  Streaming frame 3003/5943
  █████████████░░░░░░░░░░░░  53%  Streaming frame 3004/5943
  █████████████░░░░░░░░░░░░  53%  Streaming frame 3005/5943
  █████████████░░░░░░░░░░░░  53%  Streaming frame 3006/5943
  █████████████░░░░░░░░░░░░  53%  Streaming frame 3007/5943
  █████████████░░░░░░░░░░░░  53%  Streaming frame 3008/5943
  █████████████░░░░░░░░░░░░  53%  Streaming frame 3009/5943
  █████████████░░░░░░░░░░░░  53%  Streaming frame 3010/5943
  █████████████░░░░░░░░░░░░  53%  Streaming frame 3011/5943
  █████████████░░░░░░░░░░░░  53%  Streaming frame 3012/5943
  █████████████░░░░░░░░░░░░  53%  Streaming frame 3013/5943
  █████████████░░░░░░░░░░░░  53%  Streaming frame 3014/5943
  █████████████░░░░░░░░░░░░  53%  Streaming frame 3015/5943
  █████████████░░░░░░░░░░░░  53%  Streaming frame 3016/5943
  █████████████░░░░░░░░░░░░  53%  Streaming frame 3017/5943
  █████████████░░░░░░░░░░░░  53%  Streaming frame 3018/5943
  █████████████░░░░░░░░░░░░  53%  Streaming frame 3019/5943
  █████████████░░░░░░░░░░░░  53%  Streaming frame 3020/5943
  █████████████░░░░░░░░░░░░  53%  Streaming frame 3021/5943
  █████████████░░░░░░░░░░░░  53%  Streaming frame 3022/5943
  █████████████░░░░░░░░░░░░  53%  Streaming frame 3023/5943
  █████████████░░░░░░░░░░░░  53%  Streaming frame 3024/5943
  █████████████░░░░░░░░░░░░  53%  Streaming frame 3025/5943
  █████████████░░░░░░░░░░░░  53%  Streaming frame 3026/5943
  █████████████░░░░░░░░░░░░  53%  Streaming frame 3027/5943
  █████████████░░░░░░░░░░░░  53%  Streaming frame 3028/5943
  █████████████░░░░░░░░░░░░  53%  Streaming frame 3029/5943
  █████████████░░░░░░░░░░░░  53%  Streaming frame 3030/5943
  █████████████░░░░░░░░░░░░  53%  Streaming frame 3031/5943
  █████████████░░░░░░░░░░░░  53%  Streaming frame 3032/5943
  █████████████░░░░░░░░░░░░  53%  Streaming frame 3033/5943
  █████████████░░░░░░░░░░░░  53%  Streaming frame 3034/5943
  █████████████░░░░░░░░░░░░  53%  Streaming frame 3035/5943
  █████████████░░░░░░░░░░░░  53%  Streaming frame 3036/5943
  █████████████░░░░░░░░░░░░  53%  Streaming frame 3037/5943
  █████████████░░░░░░░░░░░░  53%  Streaming frame 3038/5943
  █████████████░░░░░░░░░░░░  53%  Streaming frame 3039/5943
  █████████████░░░░░░░░░░░░  53%  Streaming frame 3040/5943
  █████████████░░░░░░░░░░░░  53%  Streaming frame 3041/5943
  █████████████░░░░░░░░░░░░  53%  Streaming frame 3042/5943
  █████████████░░░░░░░░░░░░  53%  Streaming frame 3043/5943
  █████████████░░░░░░░░░░░░  53%  Streaming frame 3044/5943
  █████████████░░░░░░░░░░░░  53%  Streaming frame 3045/5943
  █████████████░░░░░░░░░░░░  53%  Streaming frame 3046/5943
  █████████████░░░░░░░░░░░░  53%  Streaming frame 3047/5943
  █████████████░░░░░░░░░░░░  53%  Streaming frame 3048/5943
  █████████████░░░░░░░░░░░░  53%  Streaming frame 3049/5943
  █████████████░░░░░░░░░░░░  53%  Streaming frame 3050/5943
  █████████████░░░░░░░░░░░░  53%  Streaming frame 3051/5943
  █████████████░░░░░░░░░░░░  53%  Streaming frame 3052/5943
  █████████████░░░░░░░░░░░░  53%  Streaming frame 3053/5943
  █████████████░░░░░░░░░░░░  53%  Streaming frame 3054/5943
  █████████████░░░░░░░░░░░░  53%  Streaming frame 3055/5943
  █████████████░░░░░░░░░░░░  53%  Streaming frame 3056/5943
  █████████████░░░░░░░░░░░░  53%  Streaming frame 3057/5943
  █████████████░░░░░░░░░░░░  53%  Streaming frame 3058/5943
  █████████████░░░░░░░░░░░░  53%  Streaming frame 3059/5943
  █████████████░░░░░░░░░░░░  53%  Streaming frame 3060/5943
  █████████████░░░░░░░░░░░░  53%  Streaming frame 3061/5943
  █████████████░░░░░░░░░░░░  53%  Streaming frame 3062/5943
  █████████████░░░░░░░░░░░░  53%  Streaming frame 3063/5943
  █████████████░░░░░░░░░░░░  53%  Streaming frame 3064/5943
  █████████████░░░░░░░░░░░░  53%  Streaming frame 3065/5943
  █████████████░░░░░░░░░░░░  53%  Streaming frame 3066/5943
  █████████████░░░░░░░░░░░░  53%  Streaming frame 3067/5943
  █████████████░░░░░░░░░░░░  53%  Streaming frame 3068/5943
  █████████████░░░░░░░░░░░░  53%  Streaming frame 3069/5943
  █████████████░░░░░░░░░░░░  53%  Streaming frame 3070/5943
  █████████████░░░░░░░░░░░░  53%  Streaming frame 3071/5943
  █████████████░░░░░░░░░░░░  53%  Streaming frame 3072/5943
  █████████████░░░░░░░░░░░░  53%  Streaming frame 3073/5943
  █████████████░░░░░░░░░░░░  53%  Streaming frame 3074/5943
  █████████████░░░░░░░░░░░░  53%  Streaming frame 3075/5943
  █████████████░░░░░░░░░░░░  53%  Streaming frame 3076/5943
  █████████████░░░░░░░░░░░░  53%  Streaming frame 3077/5943
  █████████████░░░░░░░░░░░░  53%  Streaming frame 3078/5943
  █████████████░░░░░░░░░░░░  53%  Streaming frame 3079/5943
  █████████████░░░░░░░░░░░░  54%  Streaming frame 3080/5943
  █████████████░░░░░░░░░░░░  54%  Streaming frame 3081/5943
  █████████████░░░░░░░░░░░░  54%  Streaming frame 3082/5943
  █████████████░░░░░░░░░░░░  54%  Streaming frame 3083/5943
  █████████████░░░░░░░░░░░░  54%  Streaming frame 3084/5943
  █████████████░░░░░░░░░░░░  54%  Streaming frame 3085/5943
  █████████████░░░░░░░░░░░░  54%  Streaming frame 3086/5943
  █████████████░░░░░░░░░░░░  54%  Streaming frame 3087/5943
  █████████████░░░░░░░░░░░░  54%  Streaming frame 3088/5943
  █████████████░░░░░░░░░░░░  54%  Streaming frame 3089/5943
  █████████████░░░░░░░░░░░░  54%  Streaming frame 3090/5943
  █████████████░░░░░░░░░░░░  54%  Streaming frame 3091/5943
  █████████████░░░░░░░░░░░░  54%  Streaming frame 3092/5943
  █████████████░░░░░░░░░░░░  54%  Streaming frame 3093/5943
  █████████████░░░░░░░░░░░░  54%  Streaming frame 3094/5943
  █████████████░░░░░░░░░░░░  54%  Streaming frame 3095/5943
  █████████████░░░░░░░░░░░░  54%  Streaming frame 3096/5943
  █████████████░░░░░░░░░░░░  54%  Streaming frame 3097/5943
  █████████████░░░░░░░░░░░░  54%  Streaming frame 3098/5943
  █████████████░░░░░░░░░░░░  54%  Streaming frame 3099/5943
  █████████████░░░░░░░░░░░░  54%  Streaming frame 3100/5943
  █████████████░░░░░░░░░░░░  54%  Streaming frame 3101/5943
  █████████████░░░░░░░░░░░░  54%  Streaming frame 3102/5943
  █████████████░░░░░░░░░░░░  54%  Streaming frame 3103/5943
  █████████████░░░░░░░░░░░░  54%  Streaming frame 3104/5943
  █████████████░░░░░░░░░░░░  54%  Streaming frame 3105/5943
  █████████████░░░░░░░░░░░░  54%  Streaming frame 3106/5943
  █████████████░░░░░░░░░░░░  54%  Streaming frame 3107/5943
  █████████████░░░░░░░░░░░░  54%  Streaming frame 3108/5943
  █████████████░░░░░░░░░░░░  54%  Streaming frame 3109/5943
  █████████████░░░░░░░░░░░░  54%  Streaming frame 3110/5943
  █████████████░░░░░░░░░░░░  54%  Streaming frame 3111/5943
  █████████████░░░░░░░░░░░░  54%  Streaming frame 3112/5943
  █████████████░░░░░░░░░░░░  54%  Streaming frame 3113/5943
  █████████████░░░░░░░░░░░░  54%  Streaming frame 3114/5943
  █████████████░░░░░░░░░░░░  54%  Streaming frame 3115/5943
  █████████████░░░░░░░░░░░░  54%  Streaming frame 3116/5943
  █████████████░░░░░░░░░░░░  54%  Streaming frame 3117/5943
  █████████████░░░░░░░░░░░░  54%  Streaming frame 3118/5943
  █████████████░░░░░░░░░░░░  54%  Streaming frame 3119/5943
  █████████████░░░░░░░░░░░░  54%  Streaming frame 3120/5943
  █████████████░░░░░░░░░░░░  54%  Streaming frame 3121/5943
  █████████████░░░░░░░░░░░░  54%  Streaming frame 3122/5943
  █████████████░░░░░░░░░░░░  54%  Streaming frame 3123/5943
  █████████████░░░░░░░░░░░░  54%  Streaming frame 3124/5943
  █████████████░░░░░░░░░░░░  54%  Streaming frame 3125/5943
  █████████████░░░░░░░░░░░░  54%  Streaming frame 3126/5943
  █████████████░░░░░░░░░░░░  54%  Streaming frame 3127/5943
  █████████████░░░░░░░░░░░░  54%  Streaming frame 3128/5943
  █████████████░░░░░░░░░░░░  54%  Streaming frame 3129/5943
  █████████████░░░░░░░░░░░░  54%  Streaming frame 3130/5943
  █████████████░░░░░░░░░░░░  54%  Streaming frame 3131/5943
  █████████████░░░░░░░░░░░░  54%  Streaming frame 3132/5943
  █████████████░░░░░░░░░░░░  54%  Streaming frame 3133/5943
  █████████████░░░░░░░░░░░░  54%  Streaming frame 3134/5943
  █████████████░░░░░░░░░░░░  54%  Streaming frame 3135/5943
  █████████████░░░░░░░░░░░░  54%  Streaming frame 3136/5943
  █████████████░░░░░░░░░░░░  54%  Streaming frame 3137/5943
[INFO] [Render:trace] {"renderJobId":"0864dc62-23d7-4255-b7df-8658ca5071d6","phase":"capture_streaming","status":"checkpoint","elapsedMs":65916,"message":"stage still running","stagePhase":"capturing","workerCount":1,"forceScreenshot":false,"totalFrames":5943,"framesCompleted":3137,"captureMode":"drawelement","captureOperation":"drawElement","heartbeatIndex":2,"stageElapsedMs":60003}
  █████████████░░░░░░░░░░░░  54%  Streaming frame 3138/5943
  █████████████░░░░░░░░░░░░  54%  Streaming frame 3139/5943
  █████████████░░░░░░░░░░░░  54%  Streaming frame 3140/5943
  █████████████░░░░░░░░░░░░  54%  Streaming frame 3141/5943
  █████████████░░░░░░░░░░░░  54%  Streaming frame 3142/5943
  █████████████░░░░░░░░░░░░  54%  Streaming frame 3143/5943
  █████████████░░░░░░░░░░░░  54%  Streaming frame 3144/5943
  █████████████░░░░░░░░░░░░  54%  Streaming frame 3145/5943
  █████████████░░░░░░░░░░░░  54%  Streaming frame 3146/5943
  █████████████░░░░░░░░░░░░  54%  Streaming frame 3147/5943
  █████████████░░░░░░░░░░░░  54%  Streaming frame 3148/5943
  █████████████░░░░░░░░░░░░  54%  Streaming frame 3149/5943
  █████████████░░░░░░░░░░░░  54%  Streaming frame 3150/5943
  █████████████░░░░░░░░░░░░  54%  Streaming frame 3151/5943
  █████████████░░░░░░░░░░░░  54%  Streaming frame 3152/5943
  █████████████░░░░░░░░░░░░  54%  Streaming frame 3153/5943
  █████████████░░░░░░░░░░░░  54%  Streaming frame 3154/5943
  █████████████░░░░░░░░░░░░  54%  Streaming frame 3155/5943
  █████████████░░░░░░░░░░░░  54%  Streaming frame 3156/5943
  █████████████░░░░░░░░░░░░  54%  Streaming frame 3157/5943
  █████████████░░░░░░░░░░░░  54%  Streaming frame 3158/5943
  █████████████░░░░░░░░░░░░  54%  Streaming frame 3159/5943
  █████████████░░░░░░░░░░░░  54%  Streaming frame 3160/5943
  █████████████░░░░░░░░░░░░  54%  Streaming frame 3161/5943
  █████████████░░░░░░░░░░░░  54%  Streaming frame 3162/5943
  █████████████░░░░░░░░░░░░  54%  Streaming frame 3163/5943
  █████████████░░░░░░░░░░░░  54%  Streaming frame 3164/5943
  █████████████░░░░░░░░░░░░  54%  Streaming frame 3165/5943
  █████████████░░░░░░░░░░░░  54%  Streaming frame 3166/5943
  █████████████░░░░░░░░░░░░  54%  Streaming frame 3167/5943
  █████████████░░░░░░░░░░░░  54%  Streaming frame 3168/5943
  █████████████░░░░░░░░░░░░  54%  Streaming frame 3169/5943
  █████████████░░░░░░░░░░░░  54%  Streaming frame 3170/5943
  █████████████░░░░░░░░░░░░  54%  Streaming frame 3171/5943
  █████████████░░░░░░░░░░░░  54%  Streaming frame 3172/5943
  █████████████░░░░░░░░░░░░  54%  Streaming frame 3173/5943
  █████████████░░░░░░░░░░░░  54%  Streaming frame 3174/5943
  █████████████░░░░░░░░░░░░  54%  Streaming frame 3175/5943
  █████████████░░░░░░░░░░░░  54%  Streaming frame 3176/5943
  █████████████░░░░░░░░░░░░  54%  Streaming frame 3177/5943
  █████████████░░░░░░░░░░░░  54%  Streaming frame 3178/5943
  █████████████░░░░░░░░░░░░  54%  Streaming frame 3179/5943
  █████████████░░░░░░░░░░░░  54%  Streaming frame 3180/5943
  █████████████░░░░░░░░░░░░  54%  Streaming frame 3181/5943
  █████████████░░░░░░░░░░░░  54%  Streaming frame 3182/5943
  █████████████░░░░░░░░░░░░  54%  Streaming frame 3183/5943
  █████████████░░░░░░░░░░░░  54%  Streaming frame 3184/5943
  █████████████░░░░░░░░░░░░  54%  Streaming frame 3185/5943
  █████████████░░░░░░░░░░░░  54%  Streaming frame 3186/5943
  █████████████░░░░░░░░░░░░  54%  Streaming frame 3187/5943
  █████████████░░░░░░░░░░░░  55%  Streaming frame 3188/5943
  █████████████░░░░░░░░░░░░  55%  Streaming frame 3189/5943
  █████████████░░░░░░░░░░░░  55%  Streaming frame 3190/5943
  █████████████░░░░░░░░░░░░  55%  Streaming frame 3191/5943
  █████████████░░░░░░░░░░░░  55%  Streaming frame 3192/5943
  █████████████░░░░░░░░░░░░  55%  Streaming frame 3193/5943
  █████████████░░░░░░░░░░░░  55%  Streaming frame 3194/5943
  █████████████░░░░░░░░░░░░  55%  Streaming frame 3195/5943
  █████████████░░░░░░░░░░░░  55%  Streaming frame 3196/5943
  █████████████░░░░░░░░░░░░  55%  Streaming frame 3197/5943
  █████████████░░░░░░░░░░░░  55%  Streaming frame 3198/5943
  █████████████░░░░░░░░░░░░  55%  Streaming frame 3199/5943
  █████████████░░░░░░░░░░░░  55%  Streaming frame 3200/5943
  █████████████░░░░░░░░░░░░  55%  Streaming frame 3201/5943
  █████████████░░░░░░░░░░░░  55%  Streaming frame 3202/5943
  █████████████░░░░░░░░░░░░  55%  Streaming frame 3203/5943
  █████████████░░░░░░░░░░░░  55%  Streaming frame 3204/5943
  █████████████░░░░░░░░░░░░  55%  Streaming frame 3205/5943
  █████████████░░░░░░░░░░░░  55%  Streaming frame 3206/5943
  █████████████░░░░░░░░░░░░  55%  Streaming frame 3207/5943
  █████████████░░░░░░░░░░░░  55%  Streaming frame 3208/5943
  █████████████░░░░░░░░░░░░  55%  Streaming frame 3209/5943
  █████████████░░░░░░░░░░░░  55%  Streaming frame 3210/5943
  █████████████░░░░░░░░░░░░  55%  Streaming frame 3211/5943
  █████████████░░░░░░░░░░░░  55%  Streaming frame 3212/5943
  █████████████░░░░░░░░░░░░  55%  Streaming frame 3213/5943
  █████████████░░░░░░░░░░░░  55%  Streaming frame 3214/5943
  █████████████░░░░░░░░░░░░  55%  Streaming frame 3215/5943
  █████████████░░░░░░░░░░░░  55%  Streaming frame 3216/5943
  █████████████░░░░░░░░░░░░  55%  Streaming frame 3217/5943
  █████████████░░░░░░░░░░░░  55%  Streaming frame 3218/5943
  █████████████░░░░░░░░░░░░  55%  Streaming frame 3219/5943
  █████████████░░░░░░░░░░░░  55%  Streaming frame 3220/5943
  █████████████░░░░░░░░░░░░  55%  Streaming frame 3221/5943
  █████████████░░░░░░░░░░░░  55%  Streaming frame 3222/5943
  █████████████░░░░░░░░░░░░  55%  Streaming frame 3223/5943
  █████████████░░░░░░░░░░░░  55%  Streaming frame 3224/5943
  █████████████░░░░░░░░░░░░  55%  Streaming frame 3225/5943
  █████████████░░░░░░░░░░░░  55%  Streaming frame 3226/5943
  █████████████░░░░░░░░░░░░  55%  Streaming frame 3227/5943
  █████████████░░░░░░░░░░░░  55%  Streaming frame 3228/5943
  █████████████░░░░░░░░░░░░  55%  Streaming frame 3229/5943
  █████████████░░░░░░░░░░░░  55%  Streaming frame 3230/5943
  █████████████░░░░░░░░░░░░  55%  Streaming frame 3231/5943
  █████████████░░░░░░░░░░░░  55%  Streaming frame 3232/5943
  █████████████░░░░░░░░░░░░  55%  Streaming frame 3233/5943
  █████████████░░░░░░░░░░░░  55%  Streaming frame 3234/5943
  █████████████░░░░░░░░░░░░  55%  Streaming frame 3235/5943
  █████████████░░░░░░░░░░░░  55%  Streaming frame 3236/5943
  █████████████░░░░░░░░░░░░  55%  Streaming frame 3237/5943
  █████████████░░░░░░░░░░░░  55%  Streaming frame 3238/5943
  █████████████░░░░░░░░░░░░  55%  Streaming frame 3239/5943
  █████████████░░░░░░░░░░░░  55%  Streaming frame 3240/5943
  █████████████░░░░░░░░░░░░  55%  Streaming frame 3241/5943
  █████████████░░░░░░░░░░░░  55%  Streaming frame 3242/5943
  █████████████░░░░░░░░░░░░  55%  Streaming frame 3243/5943
  █████████████░░░░░░░░░░░░  55%  Streaming frame 3244/5943
  █████████████░░░░░░░░░░░░  55%  Streaming frame 3245/5943
  █████████████░░░░░░░░░░░░  55%  Streaming frame 3246/5943
  █████████████░░░░░░░░░░░░  55%  Streaming frame 3247/5943
  █████████████░░░░░░░░░░░░  55%  Streaming frame 3248/5943
  █████████████░░░░░░░░░░░░  55%  Streaming frame 3249/5943
  █████████████░░░░░░░░░░░░  55%  Streaming frame 3250/5943
  █████████████░░░░░░░░░░░░  55%  Streaming frame 3251/5943
  █████████████░░░░░░░░░░░░  55%  Streaming frame 3252/5943
  █████████████░░░░░░░░░░░░  55%  Streaming frame 3253/5943
  █████████████░░░░░░░░░░░░  55%  Streaming frame 3254/5943
  █████████████░░░░░░░░░░░░  55%  Streaming frame 3255/5943
  █████████████░░░░░░░░░░░░  55%  Streaming frame 3256/5943
  █████████████░░░░░░░░░░░░  55%  Streaming frame 3257/5943
  █████████████░░░░░░░░░░░░  55%  Streaming frame 3258/5943
  █████████████░░░░░░░░░░░░  55%  Streaming frame 3259/5943
  █████████████░░░░░░░░░░░░  55%  Streaming frame 3260/5943
  █████████████░░░░░░░░░░░░  55%  Streaming frame 3261/5943
  █████████████░░░░░░░░░░░░  55%  Streaming frame 3262/5943
  █████████████░░░░░░░░░░░░  55%  Streaming frame 3263/5943
  █████████████░░░░░░░░░░░░  55%  Streaming frame 3264/5943
  █████████████░░░░░░░░░░░░  55%  Streaming frame 3265/5943
  █████████████░░░░░░░░░░░░  55%  Streaming frame 3266/5943
  █████████████░░░░░░░░░░░░  55%  Streaming frame 3267/5943
  █████████████░░░░░░░░░░░░  55%  Streaming frame 3268/5943
  █████████████░░░░░░░░░░░░  55%  Streaming frame 3269/5943
  █████████████░░░░░░░░░░░░  55%  Streaming frame 3270/5943
  █████████████░░░░░░░░░░░░  55%  Streaming frame 3271/5943
  █████████████░░░░░░░░░░░░  55%  Streaming frame 3272/5943
  █████████████░░░░░░░░░░░░  55%  Streaming frame 3273/5943
  █████████████░░░░░░░░░░░░  55%  Streaming frame 3274/5943
  █████████████░░░░░░░░░░░░  55%  Streaming frame 3275/5943
  █████████████░░░░░░░░░░░░  55%  Streaming frame 3276/5943
  █████████████░░░░░░░░░░░░  55%  Streaming frame 3277/5943
  █████████████░░░░░░░░░░░░  55%  Streaming frame 3278/5943
  █████████████░░░░░░░░░░░░  55%  Streaming frame 3279/5943
  █████████████░░░░░░░░░░░░  55%  Streaming frame 3280/5943
  █████████████░░░░░░░░░░░░  55%  Streaming frame 3281/5943
  █████████████░░░░░░░░░░░░  55%  Streaming frame 3282/5943
  █████████████░░░░░░░░░░░░  55%  Streaming frame 3283/5943
  █████████████░░░░░░░░░░░░  55%  Streaming frame 3284/5943
  █████████████░░░░░░░░░░░░  55%  Streaming frame 3285/5943
  █████████████░░░░░░░░░░░░  55%  Streaming frame 3286/5943
  █████████████░░░░░░░░░░░░  55%  Streaming frame 3287/5943
  █████████████░░░░░░░░░░░░  55%  Streaming frame 3288/5943
  █████████████░░░░░░░░░░░░  55%  Streaming frame 3289/5943
  █████████████░░░░░░░░░░░░  55%  Streaming frame 3290/5943
  █████████████░░░░░░░░░░░░  55%  Streaming frame 3291/5943
  █████████████░░░░░░░░░░░░  55%  Streaming frame 3292/5943
  █████████████░░░░░░░░░░░░  55%  Streaming frame 3293/5943
  █████████████░░░░░░░░░░░░  55%  Streaming frame 3294/5943
  █████████████░░░░░░░░░░░░  55%  Streaming frame 3295/5943
  ██████████████░░░░░░░░░░░  56%  Streaming frame 3296/5943
  ██████████████░░░░░░░░░░░  56%  Streaming frame 3297/5943
  ██████████████░░░░░░░░░░░  56%  Streaming frame 3298/5943
  ██████████████░░░░░░░░░░░  56%  Streaming frame 3299/5943
  ██████████████░░░░░░░░░░░  56%  Streaming frame 3300/5943
  ██████████████░░░░░░░░░░░  56%  Streaming frame 3301/5943
  ██████████████░░░░░░░░░░░  56%  Streaming frame 3302/5943
  ██████████████░░░░░░░░░░░  56%  Streaming frame 3303/5943
  ██████████████░░░░░░░░░░░  56%  Streaming frame 3304/5943
  ██████████████░░░░░░░░░░░  56%  Streaming frame 3305/5943
  ██████████████░░░░░░░░░░░  56%  Streaming frame 3306/5943
  ██████████████░░░░░░░░░░░  56%  Streaming frame 3307/5943
  ██████████████░░░░░░░░░░░  56%  Streaming frame 3308/5943
  ██████████████░░░░░░░░░░░  56%  Streaming frame 3309/5943
  ██████████████░░░░░░░░░░░  56%  Streaming frame 3310/5943
  ██████████████░░░░░░░░░░░  56%  Streaming frame 3311/5943
  ██████████████░░░░░░░░░░░  56%  Streaming frame 3312/5943
  ██████████████░░░░░░░░░░░  56%  Streaming frame 3313/5943
  ██████████████░░░░░░░░░░░  56%  Streaming frame 3314/5943
  ██████████████░░░░░░░░░░░  56%  Streaming frame 3315/5943
  ██████████████░░░░░░░░░░░  56%  Streaming frame 3316/5943
  ██████████████░░░░░░░░░░░  56%  Streaming frame 3317/5943
  ██████████████░░░░░░░░░░░  56%  Streaming frame 3318/5943
  ██████████████░░░░░░░░░░░  56%  Streaming frame 3319/5943
  ██████████████░░░░░░░░░░░  56%  Streaming frame 3320/5943
  ██████████████░░░░░░░░░░░  56%  Streaming frame 3321/5943
  ██████████████░░░░░░░░░░░  56%  Streaming frame 3322/5943
  ██████████████░░░░░░░░░░░  56%  Streaming frame 3323/5943
  ██████████████░░░░░░░░░░░  56%  Streaming frame 3324/5943
  ██████████████░░░░░░░░░░░  56%  Streaming frame 3325/5943
  ██████████████░░░░░░░░░░░  56%  Streaming frame 3326/5943
  ██████████████░░░░░░░░░░░  56%  Streaming frame 3327/5943
  ██████████████░░░░░░░░░░░  56%  Streaming frame 3328/5943
  ██████████████░░░░░░░░░░░  56%  Streaming frame 3329/5943
  ██████████████░░░░░░░░░░░  56%  Streaming frame 3330/5943
  ██████████████░░░░░░░░░░░  56%  Streaming frame 3331/5943
  ██████████████░░░░░░░░░░░  56%  Streaming frame 3332/5943
  ██████████████░░░░░░░░░░░  56%  Streaming frame 3333/5943
  ██████████████░░░░░░░░░░░  56%  Streaming frame 3334/5943
  ██████████████░░░░░░░░░░░  56%  Streaming frame 3335/5943
  ██████████████░░░░░░░░░░░  56%  Streaming frame 3336/5943
  ██████████████░░░░░░░░░░░  56%  Streaming frame 3337/5943
  ██████████████░░░░░░░░░░░  56%  Streaming frame 3338/5943
  ██████████████░░░░░░░░░░░  56%  Streaming frame 3339/5943
  ██████████████░░░░░░░░░░░  56%  Streaming frame 3340/5943
  ██████████████░░░░░░░░░░░  56%  Streaming frame 3341/5943
  ██████████████░░░░░░░░░░░  56%  Streaming frame 3342/5943
  ██████████████░░░░░░░░░░░  56%  Streaming frame 3343/5943
  ██████████████░░░░░░░░░░░  56%  Streaming frame 3344/5943
  ██████████████░░░░░░░░░░░  56%  Streaming frame 3345/5943
  ██████████████░░░░░░░░░░░  56%  Streaming frame 3346/5943
  ██████████████░░░░░░░░░░░  56%  Streaming frame 3347/5943
  ██████████████░░░░░░░░░░░  56%  Streaming frame 3348/5943
  ██████████████░░░░░░░░░░░  56%  Streaming frame 3349/5943
  ██████████████░░░░░░░░░░░  56%  Streaming frame 3350/5943
  ██████████████░░░░░░░░░░░  56%  Streaming frame 3351/5943
  ██████████████░░░░░░░░░░░  56%  Streaming frame 3352/5943
  ██████████████░░░░░░░░░░░  56%  Streaming frame 3353/5943
  ██████████████░░░░░░░░░░░  56%  Streaming frame 3354/5943
  ██████████████░░░░░░░░░░░  56%  Streaming frame 3355/5943
  ██████████████░░░░░░░░░░░  56%  Streaming frame 3356/5943
  ██████████████░░░░░░░░░░░  56%  Streaming frame 3357/5943
  ██████████████░░░░░░░░░░░  56%  Streaming frame 3358/5943
  ██████████████░░░░░░░░░░░  56%  Streaming frame 3359/5943
  ██████████████░░░░░░░░░░░  56%  Streaming frame 3360/5943
  ██████████████░░░░░░░░░░░  56%  Streaming frame 3361/5943
  ██████████████░░░░░░░░░░░  56%  Streaming frame 3362/5943
  ██████████████░░░░░░░░░░░  56%  Streaming frame 3363/5943
  ██████████████░░░░░░░░░░░  56%  Streaming frame 3364/5943
  ██████████████░░░░░░░░░░░  56%  Streaming frame 3365/5943
  ██████████████░░░░░░░░░░░  56%  Streaming frame 3366/5943
  ██████████████░░░░░░░░░░░  56%  Streaming frame 3367/5943
  ██████████████░░░░░░░░░░░  56%  Streaming frame 3368/5943
  ██████████████░░░░░░░░░░░  56%  Streaming frame 3369/5943
  ██████████████░░░░░░░░░░░  56%  Streaming frame 3370/5943
  ██████████████░░░░░░░░░░░  56%  Streaming frame 3371/5943
  ██████████████░░░░░░░░░░░  56%  Streaming frame 3372/5943
  ██████████████░░░░░░░░░░░  56%  Streaming frame 3373/5943
  ██████████████░░░░░░░░░░░  56%  Streaming frame 3374/5943
  ██████████████░░░░░░░░░░░  56%  Streaming frame 3375/5943
  ██████████████░░░░░░░░░░░  56%  Streaming frame 3376/5943
  ██████████████░░░░░░░░░░░  56%  Streaming frame 3377/5943
  ██████████████░░░░░░░░░░░  56%  Streaming frame 3378/5943
  ██████████████░░░░░░░░░░░  56%  Streaming frame 3379/5943
  ██████████████░░░░░░░░░░░  56%  Streaming frame 3380/5943
  ██████████████░░░░░░░░░░░  56%  Streaming frame 3381/5943
  ██████████████░░░░░░░░░░░  56%  Streaming frame 3382/5943
  ██████████████░░░░░░░░░░░  56%  Streaming frame 3383/5943
  ██████████████░░░░░░░░░░░  56%  Streaming frame 3384/5943
  ██████████████░░░░░░░░░░░  56%  Streaming frame 3385/5943
  ██████████████░░░░░░░░░░░  56%  Streaming frame 3386/5943
  ██████████████░░░░░░░░░░░  56%  Streaming frame 3387/5943
  ██████████████░░░░░░░░░░░  56%  Streaming frame 3388/5943
  ██████████████░░░░░░░░░░░  56%  Streaming frame 3389/5943
  ██████████████░░░░░░░░░░░  56%  Streaming frame 3390/5943
  ██████████████░░░░░░░░░░░  56%  Streaming frame 3391/5943
  ██████████████░░░░░░░░░░░  56%  Streaming frame 3392/5943
  ██████████████░░░░░░░░░░░  56%  Streaming frame 3393/5943
  ██████████████░░░░░░░░░░░  56%  Streaming frame 3394/5943
  ██████████████░░░░░░░░░░░  56%  Streaming frame 3395/5943
  ██████████████░░░░░░░░░░░  56%  Streaming frame 3396/5943
  ██████████████░░░░░░░░░░░  56%  Streaming frame 3397/5943
  ██████████████░░░░░░░░░░░  56%  Streaming frame 3398/5943
  ██████████████░░░░░░░░░░░  56%  Streaming frame 3399/5943
  ██████████████░░░░░░░░░░░  56%  Streaming frame 3400/5943
  ██████████████░░░░░░░░░░░  56%  Streaming frame 3401/5943
  ██████████████░░░░░░░░░░░  56%  Streaming frame 3402/5943
  ██████████████░░░░░░░░░░░  56%  Streaming frame 3403/5943
  ██████████████░░░░░░░░░░░  57%  Streaming frame 3404/5943
  ██████████████░░░░░░░░░░░  57%  Streaming frame 3405/5943
  ██████████████░░░░░░░░░░░  57%  Streaming frame 3406/5943
  ██████████████░░░░░░░░░░░  57%  Streaming frame 3407/5943
  ██████████████░░░░░░░░░░░  57%  Streaming frame 3408/5943
  ██████████████░░░░░░░░░░░  57%  Streaming frame 3409/5943
  ██████████████░░░░░░░░░░░  57%  Streaming frame 3410/5943
  ██████████████░░░░░░░░░░░  57%  Streaming frame 3411/5943
  ██████████████░░░░░░░░░░░  57%  Streaming frame 3412/5943
  ██████████████░░░░░░░░░░░  57%  Streaming frame 3413/5943
  ██████████████░░░░░░░░░░░  57%  Streaming frame 3414/5943
  ██████████████░░░░░░░░░░░  57%  Streaming frame 3415/5943
  ██████████████░░░░░░░░░░░  57%  Streaming frame 3416/5943
  ██████████████░░░░░░░░░░░  57%  Streaming frame 3417/5943
  ██████████████░░░░░░░░░░░  57%  Streaming frame 3418/5943
  ██████████████░░░░░░░░░░░  57%  Streaming frame 3419/5943
  ██████████████░░░░░░░░░░░  57%  Streaming frame 3420/5943
  ██████████████░░░░░░░░░░░  57%  Streaming frame 3421/5943
  ██████████████░░░░░░░░░░░  57%  Streaming frame 3422/5943
  ██████████████░░░░░░░░░░░  57%  Streaming frame 3423/5943
  ██████████████░░░░░░░░░░░  57%  Streaming frame 3424/5943
  ██████████████░░░░░░░░░░░  57%  Streaming frame 3425/5943
  ██████████████░░░░░░░░░░░  57%  Streaming frame 3426/5943
  ██████████████░░░░░░░░░░░  57%  Streaming frame 3427/5943
  ██████████████░░░░░░░░░░░  57%  Streaming frame 3428/5943
  ██████████████░░░░░░░░░░░  57%  Streaming frame 3429/5943
  ██████████████░░░░░░░░░░░  57%  Streaming frame 3430/5943
  ██████████████░░░░░░░░░░░  57%  Streaming frame 3431/5943
  ██████████████░░░░░░░░░░░  57%  Streaming frame 3432/5943
  ██████████████░░░░░░░░░░░  57%  Streaming frame 3433/5943
  ██████████████░░░░░░░░░░░  57%  Streaming frame 3434/5943
  ██████████████░░░░░░░░░░░  57%  Streaming frame 3435/5943
  ██████████████░░░░░░░░░░░  57%  Streaming frame 3436/5943
  ██████████████░░░░░░░░░░░  57%  Streaming frame 3437/5943
  ██████████████░░░░░░░░░░░  57%  Streaming frame 3438/5943
  ██████████████░░░░░░░░░░░  57%  Streaming frame 3439/5943
  ██████████████░░░░░░░░░░░  57%  Streaming frame 3440/5943
  ██████████████░░░░░░░░░░░  57%  Streaming frame 3441/5943
  ██████████████░░░░░░░░░░░  57%  Streaming frame 3442/5943
  ██████████████░░░░░░░░░░░  57%  Streaming frame 3443/5943
  ██████████████░░░░░░░░░░░  57%  Streaming frame 3444/5943
  ██████████████░░░░░░░░░░░  57%  Streaming frame 3445/5943
  ██████████████░░░░░░░░░░░  57%  Streaming frame 3446/5943
  ██████████████░░░░░░░░░░░  57%  Streaming frame 3447/5943
  ██████████████░░░░░░░░░░░  57%  Streaming frame 3448/5943
  ██████████████░░░░░░░░░░░  57%  Streaming frame 3449/5943
  ██████████████░░░░░░░░░░░  57%  Streaming frame 3450/5943
  ██████████████░░░░░░░░░░░  57%  Streaming frame 3451/5943
  ██████████████░░░░░░░░░░░  57%  Streaming frame 3452/5943
  ██████████████░░░░░░░░░░░  57%  Streaming frame 3453/5943
  ██████████████░░░░░░░░░░░  57%  Streaming frame 3454/5943
  ██████████████░░░░░░░░░░░  57%  Streaming frame 3455/5943
  ██████████████░░░░░░░░░░░  57%  Streaming frame 3456/5943
  ██████████████░░░░░░░░░░░  57%  Streaming frame 3457/5943
  ██████████████░░░░░░░░░░░  57%  Streaming frame 3458/5943
  ██████████████░░░░░░░░░░░  57%  Streaming frame 3459/5943
  ██████████████░░░░░░░░░░░  57%  Streaming frame 3460/5943
  ██████████████░░░░░░░░░░░  57%  Streaming frame 3461/5943
  ██████████████░░░░░░░░░░░  57%  Streaming frame 3462/5943
  ██████████████░░░░░░░░░░░  57%  Streaming frame 3463/5943
  ██████████████░░░░░░░░░░░  57%  Streaming frame 3464/5943
  ██████████████░░░░░░░░░░░  57%  Streaming frame 3465/5943
  ██████████████░░░░░░░░░░░  57%  Streaming frame 3466/5943
  ██████████████░░░░░░░░░░░  57%  Streaming frame 3467/5943
  ██████████████░░░░░░░░░░░  57%  Streaming frame 3468/5943
  ██████████████░░░░░░░░░░░  57%  Streaming frame 3469/5943
  ██████████████░░░░░░░░░░░  57%  Streaming frame 3470/5943
  ██████████████░░░░░░░░░░░  57%  Streaming frame 3471/5943
  ██████████████░░░░░░░░░░░  57%  Streaming frame 3472/5943
  ██████████████░░░░░░░░░░░  57%  Streaming frame 3473/5943
  ██████████████░░░░░░░░░░░  57%  Streaming frame 3474/5943
  ██████████████░░░░░░░░░░░  57%  Streaming frame 3475/5943
  ██████████████░░░░░░░░░░░  57%  Streaming frame 3476/5943
  ██████████████░░░░░░░░░░░  57%  Streaming frame 3477/5943
  ██████████████░░░░░░░░░░░  57%  Streaming frame 3478/5943
  ██████████████░░░░░░░░░░░  57%  Streaming frame 3479/5943
  ██████████████░░░░░░░░░░░  57%  Streaming frame 3480/5943
  ██████████████░░░░░░░░░░░  57%  Streaming frame 3481/5943
  ██████████████░░░░░░░░░░░  57%  Streaming frame 3482/5943
  ██████████████░░░░░░░░░░░  57%  Streaming frame 3483/5943
  ██████████████░░░░░░░░░░░  57%  Streaming frame 3484/5943
  ██████████████░░░░░░░░░░░  57%  Streaming frame 3485/5943
  ██████████████░░░░░░░░░░░  57%  Streaming frame 3486/5943
  ██████████████░░░░░░░░░░░  57%  Streaming frame 3487/5943
  ██████████████░░░░░░░░░░░  57%  Streaming frame 3488/5943
  ██████████████░░░░░░░░░░░  57%  Streaming frame 3489/5943
  ██████████████░░░░░░░░░░░  57%  Streaming frame 3490/5943
  ██████████████░░░░░░░░░░░  57%  Streaming frame 3491/5943
  ██████████████░░░░░░░░░░░  57%  Streaming frame 3492/5943
  ██████████████░░░░░░░░░░░  57%  Streaming frame 3493/5943
  ██████████████░░░░░░░░░░░  57%  Streaming frame 3494/5943
  ██████████████░░░░░░░░░░░  57%  Streaming frame 3495/5943
  ██████████████░░░░░░░░░░░  57%  Streaming frame 3496/5943
  ██████████████░░░░░░░░░░░  57%  Streaming frame 3497/5943
  ██████████████░░░░░░░░░░░  57%  Streaming frame 3498/5943
  ██████████████░░░░░░░░░░░  57%  Streaming frame 3499/5943
  ██████████████░░░░░░░░░░░  57%  Streaming frame 3500/5943
  ██████████████░░░░░░░░░░░  57%  Streaming frame 3501/5943
  ██████████████░░░░░░░░░░░  57%  Streaming frame 3502/5943
  ██████████████░░░░░░░░░░░  57%  Streaming frame 3503/5943
  ██████████████░░░░░░░░░░░  57%  Streaming frame 3504/5943
  ██████████████░░░░░░░░░░░  57%  Streaming frame 3505/5943
  ██████████████░░░░░░░░░░░  57%  Streaming frame 3506/5943
  ██████████████░░░░░░░░░░░  57%  Streaming frame 3507/5943
  ██████████████░░░░░░░░░░░  57%  Streaming frame 3508/5943
  ██████████████░░░░░░░░░░░  57%  Streaming frame 3509/5943
  ██████████████░░░░░░░░░░░  57%  Streaming frame 3510/5943
  ██████████████░░░░░░░░░░░  57%  Streaming frame 3511/5943
  ██████████████░░░░░░░░░░░  58%  Streaming frame 3512/5943
  ██████████████░░░░░░░░░░░  58%  Streaming frame 3513/5943
  ██████████████░░░░░░░░░░░  58%  Streaming frame 3514/5943
  ██████████████░░░░░░░░░░░  58%  Streaming frame 3515/5943
  ██████████████░░░░░░░░░░░  58%  Streaming frame 3516/5943
  ██████████████░░░░░░░░░░░  58%  Streaming frame 3517/5943
  ██████████████░░░░░░░░░░░  58%  Streaming frame 3518/5943
  ██████████████░░░░░░░░░░░  58%  Streaming frame 3519/5943
  ██████████████░░░░░░░░░░░  58%  Streaming frame 3520/5943
  ██████████████░░░░░░░░░░░  58%  Streaming frame 3521/5943
  ██████████████░░░░░░░░░░░  58%  Streaming frame 3522/5943
  ██████████████░░░░░░░░░░░  58%  Streaming frame 3523/5943
  ██████████████░░░░░░░░░░░  58%  Streaming frame 3524/5943
  ██████████████░░░░░░░░░░░  58%  Streaming frame 3525/5943
  ██████████████░░░░░░░░░░░  58%  Streaming frame 3526/5943
  ██████████████░░░░░░░░░░░  58%  Streaming frame 3527/5943
  ██████████████░░░░░░░░░░░  58%  Streaming frame 3528/5943
  ██████████████░░░░░░░░░░░  58%  Streaming frame 3529/5943
  ██████████████░░░░░░░░░░░  58%  Streaming frame 3530/5943
  ██████████████░░░░░░░░░░░  58%  Streaming frame 3531/5943
  ██████████████░░░░░░░░░░░  58%  Streaming frame 3532/5943
  ██████████████░░░░░░░░░░░  58%  Streaming frame 3533/5943
  ██████████████░░░░░░░░░░░  58%  Streaming frame 3534/5943
  ██████████████░░░░░░░░░░░  58%  Streaming frame 3535/5943
  ██████████████░░░░░░░░░░░  58%  Streaming frame 3536/5943
  ██████████████░░░░░░░░░░░  58%  Streaming frame 3537/5943
  ██████████████░░░░░░░░░░░  58%  Streaming frame 3538/5943
  ██████████████░░░░░░░░░░░  58%  Streaming frame 3539/5943
  ██████████████░░░░░░░░░░░  58%  Streaming frame 3540/5943
  ██████████████░░░░░░░░░░░  58%  Streaming frame 3541/5943
  ██████████████░░░░░░░░░░░  58%  Streaming frame 3542/5943
  ██████████████░░░░░░░░░░░  58%  Streaming frame 3543/5943
  ██████████████░░░░░░░░░░░  58%  Streaming frame 3544/5943
  ██████████████░░░░░░░░░░░  58%  Streaming frame 3545/5943
  ██████████████░░░░░░░░░░░  58%  Streaming frame 3546/5943
  ██████████████░░░░░░░░░░░  58%  Streaming frame 3547/5943
  ██████████████░░░░░░░░░░░  58%  Streaming frame 3548/5943
  ██████████████░░░░░░░░░░░  58%  Streaming frame 3549/5943
  ██████████████░░░░░░░░░░░  58%  Streaming frame 3550/5943
  ██████████████░░░░░░░░░░░  58%  Streaming frame 3551/5943
  ██████████████░░░░░░░░░░░  58%  Streaming frame 3552/5943
  ██████████████░░░░░░░░░░░  58%  Streaming frame 3553/5943
  ██████████████░░░░░░░░░░░  58%  Streaming frame 3554/5943
  ██████████████░░░░░░░░░░░  58%  Streaming frame 3555/5943
  ██████████████░░░░░░░░░░░  58%  Streaming frame 3556/5943
  ██████████████░░░░░░░░░░░  58%  Streaming frame 3557/5943
  ██████████████░░░░░░░░░░░  58%  Streaming frame 3558/5943
  ██████████████░░░░░░░░░░░  58%  Streaming frame 3559/5943
  ██████████████░░░░░░░░░░░  58%  Streaming frame 3560/5943
  ██████████████░░░░░░░░░░░  58%  Streaming frame 3561/5943
  ██████████████░░░░░░░░░░░  58%  Streaming frame 3562/5943
  ██████████████░░░░░░░░░░░  58%  Streaming frame 3563/5943
  ██████████████░░░░░░░░░░░  58%  Streaming frame 3564/5943
  ██████████████░░░░░░░░░░░  58%  Streaming frame 3565/5943
  ██████████████░░░░░░░░░░░  58%  Streaming frame 3566/5943
  ██████████████░░░░░░░░░░░  58%  Streaming frame 3567/5943
  ██████████████░░░░░░░░░░░  58%  Streaming frame 3568/5943
  ██████████████░░░░░░░░░░░  58%  Streaming frame 3569/5943
  ██████████████░░░░░░░░░░░  58%  Streaming frame 3570/5943
  ██████████████░░░░░░░░░░░  58%  Streaming frame 3571/5943
  ██████████████░░░░░░░░░░░  58%  Streaming frame 3572/5943
  ██████████████░░░░░░░░░░░  58%  Streaming frame 3573/5943
  ██████████████░░░░░░░░░░░  58%  Streaming frame 3574/5943
  ██████████████░░░░░░░░░░░  58%  Streaming frame 3575/5943
  ██████████████░░░░░░░░░░░  58%  Streaming frame 3576/5943
  ██████████████░░░░░░░░░░░  58%  Streaming frame 3577/5943
  ██████████████░░░░░░░░░░░  58%  Streaming frame 3578/5943
  ██████████████░░░░░░░░░░░  58%  Streaming frame 3579/5943
  ██████████████░░░░░░░░░░░  58%  Streaming frame 3580/5943
  ██████████████░░░░░░░░░░░  58%  Streaming frame 3581/5943
  ██████████████░░░░░░░░░░░  58%  Streaming frame 3582/5943
  ██████████████░░░░░░░░░░░  58%  Streaming frame 3583/5943
  ██████████████░░░░░░░░░░░  58%  Streaming frame 3584/5943
  ██████████████░░░░░░░░░░░  58%  Streaming frame 3585/5943
  ██████████████░░░░░░░░░░░  58%  Streaming frame 3586/5943
  ██████████████░░░░░░░░░░░  58%  Streaming frame 3587/5943
  ██████████████░░░░░░░░░░░  58%  Streaming frame 3588/5943
  ██████████████░░░░░░░░░░░  58%  Streaming frame 3589/5943
  ██████████████░░░░░░░░░░░  58%  Streaming frame 3590/5943
  ██████████████░░░░░░░░░░░  58%  Streaming frame 3591/5943
  ██████████████░░░░░░░░░░░  58%  Streaming frame 3592/5943
  ██████████████░░░░░░░░░░░  58%  Streaming frame 3593/5943
  ██████████████░░░░░░░░░░░  58%  Streaming frame 3594/5943
  ██████████████░░░░░░░░░░░  58%  Streaming frame 3595/5943
  ██████████████░░░░░░░░░░░  58%  Streaming frame 3596/5943
  ██████████████░░░░░░░░░░░  58%  Streaming frame 3597/5943
  ██████████████░░░░░░░░░░░  58%  Streaming frame 3598/5943
  ██████████████░░░░░░░░░░░  58%  Streaming frame 3599/5943
  ██████████████░░░░░░░░░░░  58%  Streaming frame 3600/5943
  ██████████████░░░░░░░░░░░  58%  Streaming frame 3601/5943
  ██████████████░░░░░░░░░░░  58%  Streaming frame 3602/5943
  ██████████████░░░░░░░░░░░  58%  Streaming frame 3603/5943
  ██████████████░░░░░░░░░░░  58%  Streaming frame 3604/5943
  ██████████████░░░░░░░░░░░  58%  Streaming frame 3605/5943
  ██████████████░░░░░░░░░░░  58%  Streaming frame 3606/5943
  ██████████████░░░░░░░░░░░  58%  Streaming frame 3607/5943
  ██████████████░░░░░░░░░░░  58%  Streaming frame 3608/5943
  ██████████████░░░░░░░░░░░  58%  Streaming frame 3609/5943
  ██████████████░░░░░░░░░░░  58%  Streaming frame 3610/5943
  ██████████████░░░░░░░░░░░  58%  Streaming frame 3611/5943
  ██████████████░░░░░░░░░░░  58%  Streaming frame 3612/5943
  ██████████████░░░░░░░░░░░  58%  Streaming frame 3613/5943
  ██████████████░░░░░░░░░░░  58%  Streaming frame 3614/5943
  ██████████████░░░░░░░░░░░  58%  Streaming frame 3615/5943
  ██████████████░░░░░░░░░░░  58%  Streaming frame 3616/5943
  ██████████████░░░░░░░░░░░  58%  Streaming frame 3617/5943
  ██████████████░░░░░░░░░░░  58%  Streaming frame 3618/5943
  ██████████████░░░░░░░░░░░  58%  Streaming frame 3619/5943
  ██████████████░░░░░░░░░░░  59%  Streaming frame 3620/5943
  ██████████████░░░░░░░░░░░  59%  Streaming frame 3621/5943
  ██████████████░░░░░░░░░░░  59%  Streaming frame 3622/5943
  ██████████████░░░░░░░░░░░  59%  Streaming frame 3623/5943
  ██████████████░░░░░░░░░░░  59%  Streaming frame 3624/5943
  ██████████████░░░░░░░░░░░  59%  Streaming frame 3625/5943
  ██████████████░░░░░░░░░░░  59%  Streaming frame 3626/5943
  ██████████████░░░░░░░░░░░  59%  Streaming frame 3627/5943
  ██████████████░░░░░░░░░░░  59%  Streaming frame 3628/5943
  ██████████████░░░░░░░░░░░  59%  Streaming frame 3629/5943
  ██████████████░░░░░░░░░░░  59%  Streaming frame 3630/5943
  ██████████████░░░░░░░░░░░  59%  Streaming frame 3631/5943
  ██████████████░░░░░░░░░░░  59%  Streaming frame 3632/5943
  ██████████████░░░░░░░░░░░  59%  Streaming frame 3633/5943
  ██████████████░░░░░░░░░░░  59%  Streaming frame 3634/5943
  ██████████████░░░░░░░░░░░  59%  Streaming frame 3635/5943
  ██████████████░░░░░░░░░░░  59%  Streaming frame 3636/5943
  ██████████████░░░░░░░░░░░  59%  Streaming frame 3637/5943
  ██████████████░░░░░░░░░░░  59%  Streaming frame 3638/5943
  ██████████████░░░░░░░░░░░  59%  Streaming frame 3639/5943
  ██████████████░░░░░░░░░░░  59%  Streaming frame 3640/5943
  ██████████████░░░░░░░░░░░  59%  Streaming frame 3641/5943
  ██████████████░░░░░░░░░░░  59%  Streaming frame 3642/5943
  ██████████████░░░░░░░░░░░  59%  Streaming frame 3643/5943
  ██████████████░░░░░░░░░░░  59%  Streaming frame 3644/5943
  ██████████████░░░░░░░░░░░  59%  Streaming frame 3645/5943
  ██████████████░░░░░░░░░░░  59%  Streaming frame 3646/5943
  ██████████████░░░░░░░░░░░  59%  Streaming frame 3647/5943
  ██████████████░░░░░░░░░░░  59%  Streaming frame 3648/5943
  ██████████████░░░░░░░░░░░  59%  Streaming frame 3649/5943
  ██████████████░░░░░░░░░░░  59%  Streaming frame 3650/5943
  ██████████████░░░░░░░░░░░  59%  Streaming frame 3651/5943
  ██████████████░░░░░░░░░░░  59%  Streaming frame 3652/5943
  ██████████████░░░░░░░░░░░  59%  Streaming frame 3653/5943
  ██████████████░░░░░░░░░░░  59%  Streaming frame 3654/5943
  ██████████████░░░░░░░░░░░  59%  Streaming frame 3655/5943
  ██████████████░░░░░░░░░░░  59%  Streaming frame 3656/5943
  ██████████████░░░░░░░░░░░  59%  Streaming frame 3657/5943
  ██████████████░░░░░░░░░░░  59%  Streaming frame 3658/5943
  ██████████████░░░░░░░░░░░  59%  Streaming frame 3659/5943
  ██████████████░░░░░░░░░░░  59%  Streaming frame 3660/5943
  ██████████████░░░░░░░░░░░  59%  Streaming frame 3661/5943
  ██████████████░░░░░░░░░░░  59%  Streaming frame 3662/5943
  ██████████████░░░░░░░░░░░  59%  Streaming frame 3663/5943
  ██████████████░░░░░░░░░░░  59%  Streaming frame 3664/5943
  ██████████████░░░░░░░░░░░  59%  Streaming frame 3665/5943
  ██████████████░░░░░░░░░░░  59%  Streaming frame 3666/5943
  ██████████████░░░░░░░░░░░  59%  Streaming frame 3667/5943
  ██████████████░░░░░░░░░░░  59%  Streaming frame 3668/5943
  ██████████████░░░░░░░░░░░  59%  Streaming frame 3669/5943
  ██████████████░░░░░░░░░░░  59%  Streaming frame 3670/5943
  ██████████████░░░░░░░░░░░  59%  Streaming frame 3671/5943
  ██████████████░░░░░░░░░░░  59%  Streaming frame 3672/5943
  ██████████████░░░░░░░░░░░  59%  Streaming frame 3673/5943
  ██████████████░░░░░░░░░░░  59%  Streaming frame 3674/5943
  ██████████████░░░░░░░░░░░  59%  Streaming frame 3675/5943
  ██████████████░░░░░░░░░░░  59%  Streaming frame 3676/5943
  ██████████████░░░░░░░░░░░  59%  Streaming frame 3677/5943
  ██████████████░░░░░░░░░░░  59%  Streaming frame 3678/5943
  ██████████████░░░░░░░░░░░  59%  Streaming frame 3679/5943
  ██████████████░░░░░░░░░░░  59%  Streaming frame 3680/5943
  ██████████████░░░░░░░░░░░  59%  Streaming frame 3681/5943
  ██████████████░░░░░░░░░░░  59%  Streaming frame 3682/5943
  ██████████████░░░░░░░░░░░  59%  Streaming frame 3683/5943
  ██████████████░░░░░░░░░░░  59%  Streaming frame 3684/5943
  ██████████████░░░░░░░░░░░  59%  Streaming frame 3685/5943
  ██████████████░░░░░░░░░░░  59%  Streaming frame 3686/5943
  ██████████████░░░░░░░░░░░  59%  Streaming frame 3687/5943
  ██████████████░░░░░░░░░░░  59%  Streaming frame 3688/5943
  ██████████████░░░░░░░░░░░  59%  Streaming frame 3689/5943
  ██████████████░░░░░░░░░░░  59%  Streaming frame 3690/5943
  ██████████████░░░░░░░░░░░  59%  Streaming frame 3691/5943
  ██████████████░░░░░░░░░░░  59%  Streaming frame 3692/5943
  ██████████████░░░░░░░░░░░  59%  Streaming frame 3693/5943
  ██████████████░░░░░░░░░░░  59%  Streaming frame 3694/5943
  ██████████████░░░░░░░░░░░  59%  Streaming frame 3695/5943
  ██████████████░░░░░░░░░░░  59%  Streaming frame 3696/5943
  ██████████████░░░░░░░░░░░  59%  Streaming frame 3697/5943
  ██████████████░░░░░░░░░░░  59%  Streaming frame 3698/5943
  ██████████████░░░░░░░░░░░  59%  Streaming frame 3699/5943
  ██████████████░░░░░░░░░░░  59%  Streaming frame 3700/5943
  ██████████████░░░░░░░░░░░  59%  Streaming frame 3701/5943
  ██████████████░░░░░░░░░░░  59%  Streaming frame 3702/5943
  ██████████████░░░░░░░░░░░  59%  Streaming frame 3703/5943
  ██████████████░░░░░░░░░░░  59%  Streaming frame 3704/5943
  ██████████████░░░░░░░░░░░  59%  Streaming frame 3705/5943
  ██████████████░░░░░░░░░░░  59%  Streaming frame 3706/5943
  ██████████████░░░░░░░░░░░  59%  Streaming frame 3707/5943
  ██████████████░░░░░░░░░░░  59%  Streaming frame 3708/5943
  ██████████████░░░░░░░░░░░  59%  Streaming frame 3709/5943
  ██████████████░░░░░░░░░░░  59%  Streaming frame 3710/5943
  ██████████████░░░░░░░░░░░  59%  Streaming frame 3711/5943
  ██████████████░░░░░░░░░░░  59%  Streaming frame 3712/5943
  ██████████████░░░░░░░░░░░  59%  Streaming frame 3713/5943
  ██████████████░░░░░░░░░░░  59%  Streaming frame 3714/5943
  ██████████████░░░░░░░░░░░  59%  Streaming frame 3715/5943
  ██████████████░░░░░░░░░░░  59%  Streaming frame 3716/5943
  ██████████████░░░░░░░░░░░  59%  Streaming frame 3717/5943
  ██████████████░░░░░░░░░░░  59%  Streaming frame 3718/5943
  ██████████████░░░░░░░░░░░  59%  Streaming frame 3719/5943
  ██████████████░░░░░░░░░░░  59%  Streaming frame 3720/5943
  ██████████████░░░░░░░░░░░  59%  Streaming frame 3721/5943
  ██████████████░░░░░░░░░░░  59%  Streaming frame 3722/5943
  ██████████████░░░░░░░░░░░  59%  Streaming frame 3723/5943
  ██████████████░░░░░░░░░░░  59%  Streaming frame 3724/5943
  ██████████████░░░░░░░░░░░  59%  Streaming frame 3725/5943
  ██████████████░░░░░░░░░░░  59%  Streaming frame 3726/5943
  ██████████████░░░░░░░░░░░  59%  Streaming frame 3727/5943
  ███████████████░░░░░░░░░░  60%  Streaming frame 3728/5943
  ███████████████░░░░░░░░░░  60%  Streaming frame 3729/5943
  ███████████████░░░░░░░░░░  60%  Streaming frame 3730/5943
  ███████████████░░░░░░░░░░  60%  Streaming frame 3731/5943
  ███████████████░░░░░░░░░░  60%  Streaming frame 3732/5943
  ███████████████░░░░░░░░░░  60%  Streaming frame 3733/5943
  ███████████████░░░░░░░░░░  60%  Streaming frame 3734/5943
  ███████████████░░░░░░░░░░  60%  Streaming frame 3735/5943
  ███████████████░░░░░░░░░░  60%  Streaming frame 3736/5943
  ███████████████░░░░░░░░░░  60%  Streaming frame 3737/5943
  ███████████████░░░░░░░░░░  60%  Streaming frame 3738/5943
  ███████████████░░░░░░░░░░  60%  Streaming frame 3739/5943
  ███████████████░░░░░░░░░░  60%  Streaming frame 3740/5943
  ███████████████░░░░░░░░░░  60%  Streaming frame 3741/5943
  ███████████████░░░░░░░░░░  60%  Streaming frame 3742/5943
  ███████████████░░░░░░░░░░  60%  Streaming frame 3743/5943
  ███████████████░░░░░░░░░░  60%  Streaming frame 3744/5943
  ███████████████░░░░░░░░░░  60%  Streaming frame 3745/5943
  ███████████████░░░░░░░░░░  60%  Streaming frame 3746/5943
  ███████████████░░░░░░░░░░  60%  Streaming frame 3747/5943
  ███████████████░░░░░░░░░░  60%  Streaming frame 3748/5943
  ███████████████░░░░░░░░░░  60%  Streaming frame 3749/5943
  ███████████████░░░░░░░░░░  60%  Streaming frame 3750/5943
  ███████████████░░░░░░░░░░  60%  Streaming frame 3751/5943
  ███████████████░░░░░░░░░░  60%  Streaming frame 3752/5943
  ███████████████░░░░░░░░░░  60%  Streaming frame 3753/5943
  ███████████████░░░░░░░░░░  60%  Streaming frame 3754/5943
  ███████████████░░░░░░░░░░  60%  Streaming frame 3755/5943
  ███████████████░░░░░░░░░░  60%  Streaming frame 3756/5943
  ███████████████░░░░░░░░░░  60%  Streaming frame 3757/5943
  ███████████████░░░░░░░░░░  60%  Streaming frame 3758/5943
  ███████████████░░░░░░░░░░  60%  Streaming frame 3759/5943
  ███████████████░░░░░░░░░░  60%  Streaming frame 3760/5943
  ███████████████░░░░░░░░░░  60%  Streaming frame 3761/5943
  ███████████████░░░░░░░░░░  60%  Streaming frame 3762/5943
  ███████████████░░░░░░░░░░  60%  Streaming frame 3763/5943
  ███████████████░░░░░░░░░░  60%  Streaming frame 3764/5943
  ███████████████░░░░░░░░░░  60%  Streaming frame 3765/5943
  ███████████████░░░░░░░░░░  60%  Streaming frame 3766/5943
  ███████████████░░░░░░░░░░  60%  Streaming frame 3767/5943
  ███████████████░░░░░░░░░░  60%  Streaming frame 3768/5943
  ███████████████░░░░░░░░░░  60%  Streaming frame 3769/5943
  ███████████████░░░░░░░░░░  60%  Streaming frame 3770/5943
  ███████████████░░░░░░░░░░  60%  Streaming frame 3771/5943
  ███████████████░░░░░░░░░░  60%  Streaming frame 3772/5943
  ███████████████░░░░░░░░░░  60%  Streaming frame 3773/5943
  ███████████████░░░░░░░░░░  60%  Streaming frame 3774/5943
  ███████████████░░░░░░░░░░  60%  Streaming frame 3775/5943
  ███████████████░░░░░░░░░░  60%  Streaming frame 3776/5943
  ███████████████░░░░░░░░░░  60%  Streaming frame 3777/5943
  ███████████████░░░░░░░░░░  60%  Streaming frame 3778/5943
  ███████████████░░░░░░░░░░  60%  Streaming frame 3779/5943
  ███████████████░░░░░░░░░░  60%  Streaming frame 3780/5943
  ███████████████░░░░░░░░░░  60%  Streaming frame 3781/5943
  ███████████████░░░░░░░░░░  60%  Streaming frame 3782/5943
  ███████████████░░░░░░░░░░  60%  Streaming frame 3783/5943
  ███████████████░░░░░░░░░░  60%  Streaming frame 3784/5943
  ███████████████░░░░░░░░░░  60%  Streaming frame 3785/5943
  ███████████████░░░░░░░░░░  60%  Streaming frame 3786/5943
  ███████████████░░░░░░░░░░  60%  Streaming frame 3787/5943
  ███████████████░░░░░░░░░░  60%  Streaming frame 3788/5943
  ███████████████░░░░░░░░░░  60%  Streaming frame 3789/5943
  ███████████████░░░░░░░░░░  60%  Streaming frame 3790/5943
  ███████████████░░░░░░░░░░  60%  Streaming frame 3791/5943
  ███████████████░░░░░░░░░░  60%  Streaming frame 3792/5943
  ███████████████░░░░░░░░░░  60%  Streaming frame 3793/5943
  ███████████████░░░░░░░░░░  60%  Streaming frame 3794/5943
  ███████████████░░░░░░░░░░  60%  Streaming frame 3795/5943
  ███████████████░░░░░░░░░░  60%  Streaming frame 3796/5943
  ███████████████░░░░░░░░░░  60%  Streaming frame 3797/5943
  ███████████████░░░░░░░░░░  60%  Streaming frame 3798/5943
  ███████████████░░░░░░░░░░  60%  Streaming frame 3799/5943
  ███████████████░░░░░░░░░░  60%  Streaming frame 3800/5943
  ███████████████░░░░░░░░░░  60%  Streaming frame 3801/5943
  ███████████████░░░░░░░░░░  60%  Streaming frame 3802/5943
  ███████████████░░░░░░░░░░  60%  Streaming frame 3803/5943
  ███████████████░░░░░░░░░░  60%  Streaming frame 3804/5943
  ███████████████░░░░░░░░░░  60%  Streaming frame 3805/5943
  ███████████████░░░░░░░░░░  60%  Streaming frame 3806/5943
  ███████████████░░░░░░░░░░  60%  Streaming frame 3807/5943
  ███████████████░░░░░░░░░░  60%  Streaming frame 3808/5943
  ███████████████░░░░░░░░░░  60%  Streaming frame 3809/5943
  ███████████████░░░░░░░░░░  60%  Streaming frame 3810/5943
  ███████████████░░░░░░░░░░  60%  Streaming frame 3811/5943
  ███████████████░░░░░░░░░░  60%  Streaming frame 3812/5943
  ███████████████░░░░░░░░░░  60%  Streaming frame 3813/5943
  ███████████████░░░░░░░░░░  60%  Streaming frame 3814/5943
  ███████████████░░░░░░░░░░  60%  Streaming frame 3815/5943
  ███████████████░░░░░░░░░░  60%  Streaming frame 3816/5943
  ███████████████░░░░░░░░░░  60%  Streaming frame 3817/5943
  ███████████████░░░░░░░░░░  60%  Streaming frame 3818/5943
  ███████████████░░░░░░░░░░  60%  Streaming frame 3819/5943
  ███████████████░░░░░░░░░░  60%  Streaming frame 3820/5943
  ███████████████░░░░░░░░░░  60%  Streaming frame 3821/5943
  ███████████████░░░░░░░░░░  60%  Streaming frame 3822/5943
  ███████████████░░░░░░░░░░  60%  Streaming frame 3823/5943
  ███████████████░░░░░░░░░░  60%  Streaming frame 3824/5943
  ███████████████░░░░░░░░░░  60%  Streaming frame 3825/5943
  ███████████████░░░░░░░░░░  60%  Streaming frame 3826/5943
  ███████████████░░░░░░░░░░  60%  Streaming frame 3827/5943
  ███████████████░░░░░░░░░░  60%  Streaming frame 3828/5943
  ███████████████░░░░░░░░░░  60%  Streaming frame 3829/5943
  ███████████████░░░░░░░░░░  60%  Streaming frame 3830/5943
  ███████████████░░░░░░░░░░  60%  Streaming frame 3831/5943
  ███████████████░░░░░░░░░░  60%  Streaming frame 3832/5943
  ███████████████░░░░░░░░░░  60%  Streaming frame 3833/5943
  ███████████████░░░░░░░░░░  60%  Streaming frame 3834/5943
  ███████████████░░░░░░░░░░  60%  Streaming frame 3835/5943
  ███████████████░░░░░░░░░░  61%  Streaming frame 3836/5943
  ███████████████░░░░░░░░░░  61%  Streaming frame 3837/5943
  ███████████████░░░░░░░░░░  61%  Streaming frame 3838/5943
  ███████████████░░░░░░░░░░  61%  Streaming frame 3839/5943
  ███████████████░░░░░░░░░░  61%  Streaming frame 3840/5943
  ███████████████░░░░░░░░░░  61%  Streaming frame 3841/5943
  ███████████████░░░░░░░░░░  61%  Streaming frame 3842/5943
  ███████████████░░░░░░░░░░  61%  Streaming frame 3843/5943
  ███████████████░░░░░░░░░░  61%  Streaming frame 3844/5943
  ███████████████░░░░░░░░░░  61%  Streaming frame 3845/5943
  ███████████████░░░░░░░░░░  61%  Streaming frame 3846/5943
  ███████████████░░░░░░░░░░  61%  Streaming frame 3847/5943
  ███████████████░░░░░░░░░░  61%  Streaming frame 3848/5943
  ███████████████░░░░░░░░░░  61%  Streaming frame 3849/5943
  ███████████████░░░░░░░░░░  61%  Streaming frame 3850/5943
  ███████████████░░░░░░░░░░  61%  Streaming frame 3851/5943
  ███████████████░░░░░░░░░░  61%  Streaming frame 3852/5943
  ███████████████░░░░░░░░░░  61%  Streaming frame 3853/5943
  ███████████████░░░░░░░░░░  61%  Streaming frame 3854/5943
  ███████████████░░░░░░░░░░  61%  Streaming frame 3855/5943
  ███████████████░░░░░░░░░░  61%  Streaming frame 3856/5943
  ███████████████░░░░░░░░░░  61%  Streaming frame 3857/5943
  ███████████████░░░░░░░░░░  61%  Streaming frame 3858/5943
  ███████████████░░░░░░░░░░  61%  Streaming frame 3859/5943
  ███████████████░░░░░░░░░░  61%  Streaming frame 3860/5943
  ███████████████░░░░░░░░░░  61%  Streaming frame 3861/5943
  ███████████████░░░░░░░░░░  61%  Streaming frame 3862/5943
  ███████████████░░░░░░░░░░  61%  Streaming frame 3863/5943
  ███████████████░░░░░░░░░░  61%  Streaming frame 3864/5943
  ███████████████░░░░░░░░░░  61%  Streaming frame 3865/5943
  ███████████████░░░░░░░░░░  61%  Streaming frame 3866/5943
  ███████████████░░░░░░░░░░  61%  Streaming frame 3867/5943
  ███████████████░░░░░░░░░░  61%  Streaming frame 3868/5943
  ███████████████░░░░░░░░░░  61%  Streaming frame 3869/5943
  ███████████████░░░░░░░░░░  61%  Streaming frame 3870/5943
  ███████████████░░░░░░░░░░  61%  Streaming frame 3871/5943
  ███████████████░░░░░░░░░░  61%  Streaming frame 3872/5943
  ███████████████░░░░░░░░░░  61%  Streaming frame 3873/5943
  ███████████████░░░░░░░░░░  61%  Streaming frame 3874/5943
  ███████████████░░░░░░░░░░  61%  Streaming frame 3875/5943
  ███████████████░░░░░░░░░░  61%  Streaming frame 3876/5943
  ███████████████░░░░░░░░░░  61%  Streaming frame 3877/5943
  ███████████████░░░░░░░░░░  61%  Streaming frame 3878/5943
  ███████████████░░░░░░░░░░  61%  Streaming frame 3879/5943
  ███████████████░░░░░░░░░░  61%  Streaming frame 3880/5943
  ███████████████░░░░░░░░░░  61%  Streaming frame 3881/5943
  ███████████████░░░░░░░░░░  61%  Streaming frame 3882/5943
  ███████████████░░░░░░░░░░  61%  Streaming frame 3883/5943
  ███████████████░░░░░░░░░░  61%  Streaming frame 3884/5943
  ███████████████░░░░░░░░░░  61%  Streaming frame 3885/5943
  ███████████████░░░░░░░░░░  61%  Streaming frame 3886/5943
  ███████████████░░░░░░░░░░  61%  Streaming frame 3887/5943
  ███████████████░░░░░░░░░░  61%  Streaming frame 3888/5943
  ███████████████░░░░░░░░░░  61%  Streaming frame 3889/5943
  ███████████████░░░░░░░░░░  61%  Streaming frame 3890/5943
  ███████████████░░░░░░░░░░  61%  Streaming frame 3891/5943
  ███████████████░░░░░░░░░░  61%  Streaming frame 3892/5943
  ███████████████░░░░░░░░░░  61%  Streaming frame 3893/5943
  ███████████████░░░░░░░░░░  61%  Streaming frame 3894/5943
  ███████████████░░░░░░░░░░  61%  Streaming frame 3895/5943
  ███████████████░░░░░░░░░░  61%  Streaming frame 3896/5943
  ███████████████░░░░░░░░░░  61%  Streaming frame 3897/5943
  ███████████████░░░░░░░░░░  61%  Streaming frame 3898/5943
  ███████████████░░░░░░░░░░  61%  Streaming frame 3899/5943
  ███████████████░░░░░░░░░░  61%  Streaming frame 3900/5943
  ███████████████░░░░░░░░░░  61%  Streaming frame 3901/5943
  ███████████████░░░░░░░░░░  61%  Streaming frame 3902/5943
  ███████████████░░░░░░░░░░  61%  Streaming frame 3903/5943
  ███████████████░░░░░░░░░░  61%  Streaming frame 3904/5943
  ███████████████░░░░░░░░░░  61%  Streaming frame 3905/5943
  ███████████████░░░░░░░░░░  61%  Streaming frame 3906/5943
  ███████████████░░░░░░░░░░  61%  Streaming frame 3907/5943
  ███████████████░░░░░░░░░░  61%  Streaming frame 3908/5943
  ███████████████░░░░░░░░░░  61%  Streaming frame 3909/5943
  ███████████████░░░░░░░░░░  61%  Streaming frame 3910/5943
  ███████████████░░░░░░░░░░  61%  Streaming frame 3911/5943
  ███████████████░░░░░░░░░░  61%  Streaming frame 3912/5943
  ███████████████░░░░░░░░░░  61%  Streaming frame 3913/5943
  ███████████████░░░░░░░░░░  61%  Streaming frame 3914/5943
  ███████████████░░░░░░░░░░  61%  Streaming frame 3915/5943
  ███████████████░░░░░░░░░░  61%  Streaming frame 3916/5943
  ███████████████░░░░░░░░░░  61%  Streaming frame 3917/5943
  ███████████████░░░░░░░░░░  61%  Streaming frame 3918/5943
  ███████████████░░░░░░░░░░  61%  Streaming frame 3919/5943
  ███████████████░░░░░░░░░░  61%  Streaming frame 3920/5943
  ███████████████░░░░░░░░░░  61%  Streaming frame 3921/5943
  ███████████████░░░░░░░░░░  61%  Streaming frame 3922/5943
  ███████████████░░░░░░░░░░  61%  Streaming frame 3923/5943
  ███████████████░░░░░░░░░░  61%  Streaming frame 3924/5943
  ███████████████░░░░░░░░░░  61%  Streaming frame 3925/5943
  ███████████████░░░░░░░░░░  61%  Streaming frame 3926/5943
  ███████████████░░░░░░░░░░  61%  Streaming frame 3927/5943
  ███████████████░░░░░░░░░░  61%  Streaming frame 3928/5943
  ███████████████░░░░░░░░░░  61%  Streaming frame 3929/5943
  ███████████████░░░░░░░░░░  61%  Streaming frame 3930/5943
  ███████████████░░░░░░░░░░  61%  Streaming frame 3931/5943
  ███████████████░░░░░░░░░░  61%  Streaming frame 3932/5943
  ███████████████░░░░░░░░░░  61%  Streaming frame 3933/5943
  ███████████████░░░░░░░░░░  61%  Streaming frame 3934/5943
  ███████████████░░░░░░░░░░  61%  Streaming frame 3935/5943
  ███████████████░░░░░░░░░░  61%  Streaming frame 3936/5943
  ███████████████░░░░░░░░░░  61%  Streaming frame 3937/5943
  ███████████████░░░░░░░░░░  61%  Streaming frame 3938/5943
  ███████████████░░░░░░░░░░  61%  Streaming frame 3939/5943
  ███████████████░░░░░░░░░░  61%  Streaming frame 3940/5943
  ███████████████░░░░░░░░░░  61%  Streaming frame 3941/5943
  ███████████████░░░░░░░░░░  61%  Streaming frame 3942/5943
  ███████████████░░░░░░░░░░  61%  Streaming frame 3943/5943
  ███████████████░░░░░░░░░░  62%  Streaming frame 3944/5943
  ███████████████░░░░░░░░░░  62%  Streaming frame 3945/5943
  ███████████████░░░░░░░░░░  62%  Streaming frame 3946/5943
  ███████████████░░░░░░░░░░  62%  Streaming frame 3947/5943
  ███████████████░░░░░░░░░░  62%  Streaming frame 3948/5943
  ███████████████░░░░░░░░░░  62%  Streaming frame 3949/5943
  ███████████████░░░░░░░░░░  62%  Streaming frame 3950/5943
  ███████████████░░░░░░░░░░  62%  Streaming frame 3951/5943
  ███████████████░░░░░░░░░░  62%  Streaming frame 3952/5943
  ███████████████░░░░░░░░░░  62%  Streaming frame 3953/5943
  ███████████████░░░░░░░░░░  62%  Streaming frame 3954/5943
  ███████████████░░░░░░░░░░  62%  Streaming frame 3955/5943
  ███████████████░░░░░░░░░░  62%  Streaming frame 3956/5943
  ███████████████░░░░░░░░░░  62%  Streaming frame 3957/5943
  ███████████████░░░░░░░░░░  62%  Streaming frame 3958/5943
  ███████████████░░░░░░░░░░  62%  Streaming frame 3959/5943
  ███████████████░░░░░░░░░░  62%  Streaming frame 3960/5943
  ███████████████░░░░░░░░░░  62%  Streaming frame 3961/5943
  ███████████████░░░░░░░░░░  62%  Streaming frame 3962/5943
  ███████████████░░░░░░░░░░  62%  Streaming frame 3963/5943
  ███████████████░░░░░░░░░░  62%  Streaming frame 3964/5943
  ███████████████░░░░░░░░░░  62%  Streaming frame 3965/5943
  ███████████████░░░░░░░░░░  62%  Streaming frame 3966/5943
  ███████████████░░░░░░░░░░  62%  Streaming frame 3967/5943
  ███████████████░░░░░░░░░░  62%  Streaming frame 3968/5943
  ███████████████░░░░░░░░░░  62%  Streaming frame 3969/5943
  ███████████████░░░░░░░░░░  62%  Streaming frame 3970/5943
  ███████████████░░░░░░░░░░  62%  Streaming frame 3971/5943
  ███████████████░░░░░░░░░░  62%  Streaming frame 3972/5943
  ███████████████░░░░░░░░░░  62%  Streaming frame 3973/5943
  ███████████████░░░░░░░░░░  62%  Streaming frame 3974/5943
  ███████████████░░░░░░░░░░  62%  Streaming frame 3975/5943
  ███████████████░░░░░░░░░░  62%  Streaming frame 3976/5943
  ███████████████░░░░░░░░░░  62%  Streaming frame 3977/5943
  ███████████████░░░░░░░░░░  62%  Streaming frame 3978/5943
  ███████████████░░░░░░░░░░  62%  Streaming frame 3979/5943
  ███████████████░░░░░░░░░░  62%  Streaming frame 3980/5943
  ███████████████░░░░░░░░░░  62%  Streaming frame 3981/5943
  ███████████████░░░░░░░░░░  62%  Streaming frame 3982/5943
  ███████████████░░░░░░░░░░  62%  Streaming frame 3983/5943
  ███████████████░░░░░░░░░░  62%  Streaming frame 3984/5943
  ███████████████░░░░░░░░░░  62%  Streaming frame 3985/5943
  ███████████████░░░░░░░░░░  62%  Streaming frame 3986/5943
  ███████████████░░░░░░░░░░  62%  Streaming frame 3987/5943
  ███████████████░░░░░░░░░░  62%  Streaming frame 3988/5943
  ███████████████░░░░░░░░░░  62%  Streaming frame 3989/5943
  ███████████████░░░░░░░░░░  62%  Streaming frame 3990/5943
  ███████████████░░░░░░░░░░  62%  Streaming frame 3991/5943
  ███████████████░░░░░░░░░░  62%  Streaming frame 3992/5943
  ███████████████░░░░░░░░░░  62%  Streaming frame 3993/5943
  ███████████████░░░░░░░░░░  62%  Streaming frame 3994/5943
  ███████████████░░░░░░░░░░  62%  Streaming frame 3995/5943
  ███████████████░░░░░░░░░░  62%  Streaming frame 3996/5943
  ███████████████░░░░░░░░░░  62%  Streaming frame 3997/5943
  ███████████████░░░░░░░░░░  62%  Streaming frame 3998/5943
  ███████████████░░░░░░░░░░  62%  Streaming frame 3999/5943
  ███████████████░░░░░░░░░░  62%  Streaming frame 4000/5943
  ███████████████░░░░░░░░░░  62%  Streaming frame 4001/5943
  ███████████████░░░░░░░░░░  62%  Streaming frame 4002/5943
  ███████████████░░░░░░░░░░  62%  Streaming frame 4003/5943
  ███████████████░░░░░░░░░░  62%  Streaming frame 4004/5943
  ███████████████░░░░░░░░░░  62%  Streaming frame 4005/5943
  ███████████████░░░░░░░░░░  62%  Streaming frame 4006/5943
  ███████████████░░░░░░░░░░  62%  Streaming frame 4007/5943
  ███████████████░░░░░░░░░░  62%  Streaming frame 4008/5943
  ███████████████░░░░░░░░░░  62%  Streaming frame 4009/5943
  ███████████████░░░░░░░░░░  62%  Streaming frame 4010/5943
  ███████████████░░░░░░░░░░  62%  Streaming frame 4011/5943
  ███████████████░░░░░░░░░░  62%  Streaming frame 4012/5943
  ███████████████░░░░░░░░░░  62%  Streaming frame 4013/5943
  ███████████████░░░░░░░░░░  62%  Streaming frame 4014/5943
  ███████████████░░░░░░░░░░  62%  Streaming frame 4015/5943
  ███████████████░░░░░░░░░░  62%  Streaming frame 4016/5943
  ███████████████░░░░░░░░░░  62%  Streaming frame 4017/5943
  ███████████████░░░░░░░░░░  62%  Streaming frame 4018/5943
  ███████████████░░░░░░░░░░  62%  Streaming frame 4019/5943
  ███████████████░░░░░░░░░░  62%  Streaming frame 4020/5943
  ███████████████░░░░░░░░░░  62%  Streaming frame 4021/5943
  ███████████████░░░░░░░░░░  62%  Streaming frame 4022/5943
  ███████████████░░░░░░░░░░  62%  Streaming frame 4023/5943
  ███████████████░░░░░░░░░░  62%  Streaming frame 4024/5943
  ███████████████░░░░░░░░░░  62%  Streaming frame 4025/5943
  ███████████████░░░░░░░░░░  62%  Streaming frame 4026/5943
  ███████████████░░░░░░░░░░  62%  Streaming frame 4027/5943
  ███████████████░░░░░░░░░░  62%  Streaming frame 4028/5943
  ███████████████░░░░░░░░░░  62%  Streaming frame 4029/5943
  ███████████████░░░░░░░░░░  62%  Streaming frame 4030/5943
  ███████████████░░░░░░░░░░  62%  Streaming frame 4031/5943
  ███████████████░░░░░░░░░░  62%  Streaming frame 4032/5943
  ███████████████░░░░░░░░░░  62%  Streaming frame 4033/5943
  ███████████████░░░░░░░░░░  62%  Streaming frame 4034/5943
  ███████████████░░░░░░░░░░  62%  Streaming frame 4035/5943
  ███████████████░░░░░░░░░░  62%  Streaming frame 4036/5943
  ███████████████░░░░░░░░░░  62%  Streaming frame 4037/5943
  ███████████████░░░░░░░░░░  62%  Streaming frame 4038/5943
  ███████████████░░░░░░░░░░  62%  Streaming frame 4039/5943
  ███████████████░░░░░░░░░░  62%  Streaming frame 4040/5943
  ███████████████░░░░░░░░░░  62%  Streaming frame 4041/5943
  ███████████████░░░░░░░░░░  62%  Streaming frame 4042/5943
  ███████████████░░░░░░░░░░  62%  Streaming frame 4043/5943
  ███████████████░░░░░░░░░░  62%  Streaming frame 4044/5943
  ███████████████░░░░░░░░░░  62%  Streaming frame 4045/5943
  ███████████████░░░░░░░░░░  62%  Streaming frame 4046/5943
  ███████████████░░░░░░░░░░  62%  Streaming frame 4047/5943
  ███████████████░░░░░░░░░░  62%  Streaming frame 4048/5943
  ███████████████░░░░░░░░░░  62%  Streaming frame 4049/5943
  ███████████████░░░░░░░░░░  62%  Streaming frame 4050/5943
  ███████████████░░░░░░░░░░  62%  Streaming frame 4051/5943
  ███████████████░░░░░░░░░░  62%  Streaming frame 4052/5943
  ███████████████░░░░░░░░░░  63%  Streaming frame 4053/5943
  ███████████████░░░░░░░░░░  63%  Streaming frame 4054/5943
  ███████████████░░░░░░░░░░  63%  Streaming frame 4055/5943
  ███████████████░░░░░░░░░░  63%  Streaming frame 4056/5943
  ███████████████░░░░░░░░░░  63%  Streaming frame 4057/5943
  ███████████████░░░░░░░░░░  63%  Streaming frame 4058/5943
  ███████████████░░░░░░░░░░  63%  Streaming frame 4059/5943
  ███████████████░░░░░░░░░░  63%  Streaming frame 4060/5943
  ███████████████░░░░░░░░░░  63%  Streaming frame 4061/5943
  ███████████████░░░░░░░░░░  63%  Streaming frame 4062/5943
  ███████████████░░░░░░░░░░  63%  Streaming frame 4063/5943
  ███████████████░░░░░░░░░░  63%  Streaming frame 4064/5943
  ███████████████░░░░░░░░░░  63%  Streaming frame 4065/5943
  ███████████████░░░░░░░░░░  63%  Streaming frame 4066/5943
  ███████████████░░░░░░░░░░  63%  Streaming frame 4067/5943
  ███████████████░░░░░░░░░░  63%  Streaming frame 4068/5943
  ███████████████░░░░░░░░░░  63%  Streaming frame 4069/5943
  ███████████████░░░░░░░░░░  63%  Streaming frame 4070/5943
  ███████████████░░░░░░░░░░  63%  Streaming frame 4071/5943
  ███████████████░░░░░░░░░░  63%  Streaming frame 4072/5943
  ███████████████░░░░░░░░░░  63%  Streaming frame 4073/5943
  ███████████████░░░░░░░░░░  63%  Streaming frame 4074/5943
  ███████████████░░░░░░░░░░  63%  Streaming frame 4075/5943
  ███████████████░░░░░░░░░░  63%  Streaming frame 4076/5943
  ███████████████░░░░░░░░░░  63%  Streaming frame 4077/5943
  ███████████████░░░░░░░░░░  63%  Streaming frame 4078/5943
  ███████████████░░░░░░░░░░  63%  Streaming frame 4079/5943
  ███████████████░░░░░░░░░░  63%  Streaming frame 4080/5943
  ███████████████░░░░░░░░░░  63%  Streaming frame 4081/5943
  ███████████████░░░░░░░░░░  63%  Streaming frame 4082/5943
  ███████████████░░░░░░░░░░  63%  Streaming frame 4083/5943
  ███████████████░░░░░░░░░░  63%  Streaming frame 4084/5943
  ███████████████░░░░░░░░░░  63%  Streaming frame 4085/5943
  ███████████████░░░░░░░░░░  63%  Streaming frame 4086/5943
  ███████████████░░░░░░░░░░  63%  Streaming frame 4087/5943
  ███████████████░░░░░░░░░░  63%  Streaming frame 4088/5943
  ███████████████░░░░░░░░░░  63%  Streaming frame 4089/5943
  ███████████████░░░░░░░░░░  63%  Streaming frame 4090/5943
  ███████████████░░░░░░░░░░  63%  Streaming frame 4091/5943
  ███████████████░░░░░░░░░░  63%  Streaming frame 4092/5943
  ███████████████░░░░░░░░░░  63%  Streaming frame 4093/5943
  ███████████████░░░░░░░░░░  63%  Streaming frame 4094/5943
  ███████████████░░░░░░░░░░  63%  Streaming frame 4095/5943
  ███████████████░░░░░░░░░░  63%  Streaming frame 4096/5943
  ███████████████░░░░░░░░░░  63%  Streaming frame 4097/5943
  ███████████████░░░░░░░░░░  63%  Streaming frame 4098/5943
  ███████████████░░░░░░░░░░  63%  Streaming frame 4099/5943
  ███████████████░░░░░░░░░░  63%  Streaming frame 4100/5943
  ███████████████░░░░░░░░░░  63%  Streaming frame 4101/5943
  ███████████████░░░░░░░░░░  63%  Streaming frame 4102/5943
  ███████████████░░░░░░░░░░  63%  Streaming frame 4103/5943
  ███████████████░░░░░░░░░░  63%  Streaming frame 4104/5943
  ███████████████░░░░░░░░░░  63%  Streaming frame 4105/5943
  ███████████████░░░░░░░░░░  63%  Streaming frame 4106/5943
  ███████████████░░░░░░░░░░  63%  Streaming frame 4107/5943
  ███████████████░░░░░░░░░░  63%  Streaming frame 4108/5943
  ███████████████░░░░░░░░░░  63%  Streaming frame 4109/5943
  ███████████████░░░░░░░░░░  63%  Streaming frame 4110/5943
  ███████████████░░░░░░░░░░  63%  Streaming frame 4111/5943
  ███████████████░░░░░░░░░░  63%  Streaming frame 4112/5943
  ███████████████░░░░░░░░░░  63%  Streaming frame 4113/5943
  ███████████████░░░░░░░░░░  63%  Streaming frame 4114/5943
  ███████████████░░░░░░░░░░  63%  Streaming frame 4115/5943
  ███████████████░░░░░░░░░░  63%  Streaming frame 4116/5943
  ███████████████░░░░░░░░░░  63%  Streaming frame 4117/5943
  ███████████████░░░░░░░░░░  63%  Streaming frame 4118/5943
  ███████████████░░░░░░░░░░  63%  Streaming frame 4119/5943
  ███████████████░░░░░░░░░░  63%  Streaming frame 4120/5943
  ███████████████░░░░░░░░░░  63%  Streaming frame 4121/5943
  ███████████████░░░░░░░░░░  63%  Streaming frame 4122/5943
  ███████████████░░░░░░░░░░  63%  Streaming frame 4123/5943
  ███████████████░░░░░░░░░░  63%  Streaming frame 4124/5943
  ███████████████░░░░░░░░░░  63%  Streaming frame 4125/5943
  ███████████████░░░░░░░░░░  63%  Streaming frame 4126/5943
  ███████████████░░░░░░░░░░  63%  Streaming frame 4127/5943
  ███████████████░░░░░░░░░░  63%  Streaming frame 4128/5943
  ███████████████░░░░░░░░░░  63%  Streaming frame 4129/5943
  ███████████████░░░░░░░░░░  63%  Streaming frame 4130/5943
  ███████████████░░░░░░░░░░  63%  Streaming frame 4131/5943
  ███████████████░░░░░░░░░░  63%  Streaming frame 4132/5943
  ███████████████░░░░░░░░░░  63%  Streaming frame 4133/5943
  ███████████████░░░░░░░░░░  63%  Streaming frame 4134/5943
  ███████████████░░░░░░░░░░  63%  Streaming frame 4135/5943
  ███████████████░░░░░░░░░░  63%  Streaming frame 4136/5943
  ███████████████░░░░░░░░░░  63%  Streaming frame 4137/5943
  ███████████████░░░░░░░░░░  63%  Streaming frame 4138/5943
  ███████████████░░░░░░░░░░  63%  Streaming frame 4139/5943
  ███████████████░░░░░░░░░░  63%  Streaming frame 4140/5943
  ███████████████░░░░░░░░░░  63%  Streaming frame 4141/5943
  ███████████████░░░░░░░░░░  63%  Streaming frame 4142/5943
  ███████████████░░░░░░░░░░  63%  Streaming frame 4143/5943
  ███████████████░░░░░░░░░░  63%  Streaming frame 4144/5943
  ███████████████░░░░░░░░░░  63%  Streaming frame 4145/5943
  ███████████████░░░░░░░░░░  63%  Streaming frame 4146/5943
  ███████████████░░░░░░░░░░  63%  Streaming frame 4147/5943
  ███████████████░░░░░░░░░░  63%  Streaming frame 4148/5943
  ███████████████░░░░░░░░░░  63%  Streaming frame 4149/5943
  ███████████████░░░░░░░░░░  63%  Streaming frame 4150/5943
  ███████████████░░░░░░░░░░  63%  Streaming frame 4151/5943
  ███████████████░░░░░░░░░░  63%  Streaming frame 4152/5943
  ███████████████░░░░░░░░░░  63%  Streaming frame 4153/5943
  ███████████████░░░░░░░░░░  63%  Streaming frame 4154/5943
  ███████████████░░░░░░░░░░  63%  Streaming frame 4155/5943
  ███████████████░░░░░░░░░░  63%  Streaming frame 4156/5943
  ███████████████░░░░░░░░░░  63%  Streaming frame 4157/5943
  ███████████████░░░░░░░░░░  63%  Streaming frame 4158/5943
  ███████████████░░░░░░░░░░  63%  Streaming frame 4159/5943
  ███████████████░░░░░░░░░░  63%  Streaming frame 4160/5943
  ████████████████░░░░░░░░░  64%  Streaming frame 4161/5943
  ████████████████░░░░░░░░░  64%  Streaming frame 4162/5943
  ████████████████░░░░░░░░░  64%  Streaming frame 4163/5943
  ████████████████░░░░░░░░░  64%  Streaming frame 4164/5943
  ████████████████░░░░░░░░░  64%  Streaming frame 4165/5943
  ████████████████░░░░░░░░░  64%  Streaming frame 4166/5943
  ████████████████░░░░░░░░░  64%  Streaming frame 4167/5943
  ████████████████░░░░░░░░░  64%  Streaming frame 4168/5943
  ████████████████░░░░░░░░░  64%  Streaming frame 4169/5943
  ████████████████░░░░░░░░░  64%  Streaming frame 4170/5943
  ████████████████░░░░░░░░░  64%  Streaming frame 4171/5943
  ████████████████░░░░░░░░░  64%  Streaming frame 4172/5943
  ████████████████░░░░░░░░░  64%  Streaming frame 4173/5943
  ████████████████░░░░░░░░░  64%  Streaming frame 4174/5943
  ████████████████░░░░░░░░░  64%  Streaming frame 4175/5943
  ████████████████░░░░░░░░░  64%  Streaming frame 4176/5943
  ████████████████░░░░░░░░░  64%  Streaming frame 4177/5943
  ████████████████░░░░░░░░░  64%  Streaming frame 4178/5943
  ████████████████░░░░░░░░░  64%  Streaming frame 4179/5943
  ████████████████░░░░░░░░░  64%  Streaming frame 4180/5943
  ████████████████░░░░░░░░░  64%  Streaming frame 4181/5943
  ████████████████░░░░░░░░░  64%  Streaming frame 4182/5943
  ████████████████░░░░░░░░░  64%  Streaming frame 4183/5943
  ████████████████░░░░░░░░░  64%  Streaming frame 4184/5943
  ████████████████░░░░░░░░░  64%  Streaming frame 4185/5943
  ████████████████░░░░░░░░░  64%  Streaming frame 4186/5943
  ████████████████░░░░░░░░░  64%  Streaming frame 4187/5943
  ████████████████░░░░░░░░░  64%  Streaming frame 4188/5943
  ████████████████░░░░░░░░░  64%  Streaming frame 4189/5943
  ████████████████░░░░░░░░░  64%  Streaming frame 4190/5943
  ████████████████░░░░░░░░░  64%  Streaming frame 4191/5943
  ████████████████░░░░░░░░░  64%  Streaming frame 4192/5943
  ████████████████░░░░░░░░░  64%  Streaming frame 4193/5943
  ████████████████░░░░░░░░░  64%  Streaming frame 4194/5943
  ████████████████░░░░░░░░░  64%  Streaming frame 4195/5943
  ████████████████░░░░░░░░░  64%  Streaming frame 4196/5943
  ████████████████░░░░░░░░░  64%  Streaming frame 4197/5943
  ████████████████░░░░░░░░░  64%  Streaming frame 4198/5943
  ████████████████░░░░░░░░░  64%  Streaming frame 4199/5943
  ████████████████░░░░░░░░░  64%  Streaming frame 4200/5943
  ████████████████░░░░░░░░░  64%  Streaming frame 4201/5943
  ████████████████░░░░░░░░░  64%  Streaming frame 4202/5943
  ████████████████░░░░░░░░░  64%  Streaming frame 4203/5943
  ████████████████░░░░░░░░░  64%  Streaming frame 4204/5943
  ████████████████░░░░░░░░░  64%  Streaming frame 4205/5943
  ████████████████░░░░░░░░░  64%  Streaming frame 4206/5943
  ████████████████░░░░░░░░░  64%  Streaming frame 4207/5943
  ████████████████░░░░░░░░░  64%  Streaming frame 4208/5943
  ████████████████░░░░░░░░░  64%  Streaming frame 4209/5943
  ████████████████░░░░░░░░░  64%  Streaming frame 4210/5943
  ████████████████░░░░░░░░░  64%  Streaming frame 4211/5943
  ████████████████░░░░░░░░░  64%  Streaming frame 4212/5943
  ████████████████░░░░░░░░░  64%  Streaming frame 4213/5943
  ████████████████░░░░░░░░░  64%  Streaming frame 4214/5943
  ████████████████░░░░░░░░░  64%  Streaming frame 4215/5943
  ████████████████░░░░░░░░░  64%  Streaming frame 4216/5943
  ████████████████░░░░░░░░░  64%  Streaming frame 4217/5943
  ████████████████░░░░░░░░░  64%  Streaming frame 4218/5943
  ████████████████░░░░░░░░░  64%  Streaming frame 4219/5943
  ████████████████░░░░░░░░░  64%  Streaming frame 4220/5943
  ████████████████░░░░░░░░░  64%  Streaming frame 4221/5943
  ████████████████░░░░░░░░░  64%  Streaming frame 4222/5943
  ████████████████░░░░░░░░░  64%  Streaming frame 4223/5943
  ████████████████░░░░░░░░░  64%  Streaming frame 4224/5943
  ████████████████░░░░░░░░░  64%  Streaming frame 4225/5943
  ████████████████░░░░░░░░░  64%  Streaming frame 4226/5943
  ████████████████░░░░░░░░░  64%  Streaming frame 4227/5943
  ████████████████░░░░░░░░░  64%  Streaming frame 4228/5943
  ████████████████░░░░░░░░░  64%  Streaming frame 4229/5943
  ████████████████░░░░░░░░░  64%  Streaming frame 4230/5943
  ████████████████░░░░░░░░░  64%  Streaming frame 4231/5943
  ████████████████░░░░░░░░░  64%  Streaming frame 4232/5943
  ████████████████░░░░░░░░░  64%  Streaming frame 4233/5943
  ████████████████░░░░░░░░░  64%  Streaming frame 4234/5943
  ████████████████░░░░░░░░░  64%  Streaming frame 4235/5943
  ████████████████░░░░░░░░░  64%  Streaming frame 4236/5943
  ████████████████░░░░░░░░░  64%  Streaming frame 4237/5943
  ████████████████░░░░░░░░░  64%  Streaming frame 4238/5943
  ████████████████░░░░░░░░░  64%  Streaming frame 4239/5943
  ████████████████░░░░░░░░░  64%  Streaming frame 4240/5943
  ████████████████░░░░░░░░░  64%  Streaming frame 4241/5943
  ████████████████░░░░░░░░░  64%  Streaming frame 4242/5943
  ████████████████░░░░░░░░░  64%  Streaming frame 4243/5943
  ████████████████░░░░░░░░░  64%  Streaming frame 4244/5943
  ████████████████░░░░░░░░░  64%  Streaming frame 4245/5943
  ████████████████░░░░░░░░░  64%  Streaming frame 4246/5943
  ████████████████░░░░░░░░░  64%  Streaming frame 4247/5943
  ████████████████░░░░░░░░░  64%  Streaming frame 4248/5943
  ████████████████░░░░░░░░░  64%  Streaming frame 4249/5943
  ████████████████░░░░░░░░░  64%  Streaming frame 4250/5943
  ████████████████░░░░░░░░░  64%  Streaming frame 4251/5943
  ████████████████░░░░░░░░░  64%  Streaming frame 4252/5943
  ████████████████░░░░░░░░░  64%  Streaming frame 4253/5943
  ████████████████░░░░░░░░░  64%  Streaming frame 4254/5943
  ████████████████░░░░░░░░░  64%  Streaming frame 4255/5943
  ████████████████░░░░░░░░░  64%  Streaming frame 4256/5943
  ████████████████░░░░░░░░░  64%  Streaming frame 4257/5943
  ████████████████░░░░░░░░░  64%  Streaming frame 4258/5943
  ████████████████░░░░░░░░░  64%  Streaming frame 4259/5943
  ████████████████░░░░░░░░░  64%  Streaming frame 4260/5943
  ████████████████░░░░░░░░░  64%  Streaming frame 4261/5943
  ████████████████░░░░░░░░░  64%  Streaming frame 4262/5943
  ████████████████░░░░░░░░░  64%  Streaming frame 4263/5943
  ████████████████░░░░░░░░░  64%  Streaming frame 4264/5943
  ████████████████░░░░░░░░░  64%  Streaming frame 4265/5943
  ████████████████░░░░░░░░░  64%  Streaming frame 4266/5943
  ████████████████░░░░░░░░░  64%  Streaming frame 4267/5943
  ████████████████░░░░░░░░░  64%  Streaming frame 4268/5943
  ████████████████░░░░░░░░░  65%  Streaming frame 4269/5943
  ████████████████░░░░░░░░░  65%  Streaming frame 4270/5943
  ████████████████░░░░░░░░░  65%  Streaming frame 4271/5943
  ████████████████░░░░░░░░░  65%  Streaming frame 4272/5943
  ████████████████░░░░░░░░░  65%  Streaming frame 4273/5943
  ████████████████░░░░░░░░░  65%  Streaming frame 4274/5943
  ████████████████░░░░░░░░░  65%  Streaming frame 4275/5943
  ████████████████░░░░░░░░░  65%  Streaming frame 4276/5943
  ████████████████░░░░░░░░░  65%  Streaming frame 4277/5943
  ████████████████░░░░░░░░░  65%  Streaming frame 4278/5943
  ████████████████░░░░░░░░░  65%  Streaming frame 4279/5943
  ████████████████░░░░░░░░░  65%  Streaming frame 4280/5943
  ████████████████░░░░░░░░░  65%  Streaming frame 4281/5943
  ████████████████░░░░░░░░░  65%  Streaming frame 4282/5943
  ████████████████░░░░░░░░░  65%  Streaming frame 4283/5943
  ████████████████░░░░░░░░░  65%  Streaming frame 4284/5943
  ████████████████░░░░░░░░░  65%  Streaming frame 4285/5943
  ████████████████░░░░░░░░░  65%  Streaming frame 4286/5943
  ████████████████░░░░░░░░░  65%  Streaming frame 4287/5943
  ████████████████░░░░░░░░░  65%  Streaming frame 4288/5943
  ████████████████░░░░░░░░░  65%  Streaming frame 4289/5943
  ████████████████░░░░░░░░░  65%  Streaming frame 4290/5943
  ████████████████░░░░░░░░░  65%  Streaming frame 4291/5943
  ████████████████░░░░░░░░░  65%  Streaming frame 4292/5943
  ████████████████░░░░░░░░░  65%  Streaming frame 4293/5943
  ████████████████░░░░░░░░░  65%  Streaming frame 4294/5943
  ████████████████░░░░░░░░░  65%  Streaming frame 4295/5943
  ████████████████░░░░░░░░░  65%  Streaming frame 4296/5943
  ████████████████░░░░░░░░░  65%  Streaming frame 4297/5943
  ████████████████░░░░░░░░░  65%  Streaming frame 4298/5943
  ████████████████░░░░░░░░░  65%  Streaming frame 4299/5943
  ████████████████░░░░░░░░░  65%  Streaming frame 4300/5943
  ████████████████░░░░░░░░░  65%  Streaming frame 4301/5943
  ████████████████░░░░░░░░░  65%  Streaming frame 4302/5943
  ████████████████░░░░░░░░░  65%  Streaming frame 4303/5943
  ████████████████░░░░░░░░░  65%  Streaming frame 4304/5943
  ████████████████░░░░░░░░░  65%  Streaming frame 4305/5943
  ████████████████░░░░░░░░░  65%  Streaming frame 4306/5943
  ████████████████░░░░░░░░░  65%  Streaming frame 4307/5943
  ████████████████░░░░░░░░░  65%  Streaming frame 4308/5943
  ████████████████░░░░░░░░░  65%  Streaming frame 4309/5943
  ████████████████░░░░░░░░░  65%  Streaming frame 4310/5943
  ████████████████░░░░░░░░░  65%  Streaming frame 4311/5943
  ████████████████░░░░░░░░░  65%  Streaming frame 4312/5943
  ████████████████░░░░░░░░░  65%  Streaming frame 4313/5943
  ████████████████░░░░░░░░░  65%  Streaming frame 4314/5943
  ████████████████░░░░░░░░░  65%  Streaming frame 4315/5943
  ████████████████░░░░░░░░░  65%  Streaming frame 4316/5943
  ████████████████░░░░░░░░░  65%  Streaming frame 4317/5943
  ████████████████░░░░░░░░░  65%  Streaming frame 4318/5943
  ████████████████░░░░░░░░░  65%  Streaming frame 4319/5943
  ████████████████░░░░░░░░░  65%  Streaming frame 4320/5943
  ████████████████░░░░░░░░░  65%  Streaming frame 4321/5943
  ████████████████░░░░░░░░░  65%  Streaming frame 4322/5943
  ████████████████░░░░░░░░░  65%  Streaming frame 4323/5943
  ████████████████░░░░░░░░░  65%  Streaming frame 4324/5943
  ████████████████░░░░░░░░░  65%  Streaming frame 4325/5943
  ████████████████░░░░░░░░░  65%  Streaming frame 4326/5943
  ████████████████░░░░░░░░░  65%  Streaming frame 4327/5943
  ████████████████░░░░░░░░░  65%  Streaming frame 4328/5943
  ████████████████░░░░░░░░░  65%  Streaming frame 4329/5943
  ████████████████░░░░░░░░░  65%  Streaming frame 4330/5943
  ████████████████░░░░░░░░░  65%  Streaming frame 4331/5943
  ████████████████░░░░░░░░░  65%  Streaming frame 4332/5943
  ████████████████░░░░░░░░░  65%  Streaming frame 4333/5943
  ████████████████░░░░░░░░░  65%  Streaming frame 4334/5943
  ████████████████░░░░░░░░░  65%  Streaming frame 4335/5943
  ████████████████░░░░░░░░░  65%  Streaming frame 4336/5943
  ████████████████░░░░░░░░░  65%  Streaming frame 4337/5943
  ████████████████░░░░░░░░░  65%  Streaming frame 4338/5943
  ████████████████░░░░░░░░░  65%  Streaming frame 4339/5943
  ████████████████░░░░░░░░░  65%  Streaming frame 4340/5943
  ████████████████░░░░░░░░░  65%  Streaming frame 4341/5943
  ████████████████░░░░░░░░░  65%  Streaming frame 4342/5943
  ████████████████░░░░░░░░░  65%  Streaming frame 4343/5943
  ████████████████░░░░░░░░░  65%  Streaming frame 4344/5943
  ████████████████░░░░░░░░░  65%  Streaming frame 4345/5943
  ████████████████░░░░░░░░░  65%  Streaming frame 4346/5943
  ████████████████░░░░░░░░░  65%  Streaming frame 4347/5943
  ████████████████░░░░░░░░░  65%  Streaming frame 4348/5943
  ████████████████░░░░░░░░░  65%  Streaming frame 4349/5943
  ████████████████░░░░░░░░░  65%  Streaming frame 4350/5943
  ████████████████░░░░░░░░░  65%  Streaming frame 4351/5943
  ████████████████░░░░░░░░░  65%  Streaming frame 4352/5943
  ████████████████░░░░░░░░░  65%  Streaming frame 4353/5943
  ████████████████░░░░░░░░░  65%  Streaming frame 4354/5943
  ████████████████░░░░░░░░░  65%  Streaming frame 4355/5943
  ████████████████░░░░░░░░░  65%  Streaming frame 4356/5943
  ████████████████░░░░░░░░░  65%  Streaming frame 4357/5943
  ████████████████░░░░░░░░░  65%  Streaming frame 4358/5943
  ████████████████░░░░░░░░░  65%  Streaming frame 4359/5943
  ████████████████░░░░░░░░░  65%  Streaming frame 4360/5943
  ████████████████░░░░░░░░░  65%  Streaming frame 4361/5943
  ████████████████░░░░░░░░░  65%  Streaming frame 4362/5943
  ████████████████░░░░░░░░░  65%  Streaming frame 4363/5943
  ████████████████░░░░░░░░░  65%  Streaming frame 4364/5943
  ████████████████░░░░░░░░░  65%  Streaming frame 4365/5943
  ████████████████░░░░░░░░░  65%  Streaming frame 4366/5943
  ████████████████░░░░░░░░░  65%  Streaming frame 4367/5943
  ████████████████░░░░░░░░░  65%  Streaming frame 4368/5943
  ████████████████░░░░░░░░░  65%  Streaming frame 4369/5943
  ████████████████░░░░░░░░░  65%  Streaming frame 4370/5943
  ████████████████░░░░░░░░░  65%  Streaming frame 4371/5943
  ████████████████░░░░░░░░░  65%  Streaming frame 4372/5943
  ████████████████░░░░░░░░░  65%  Streaming frame 4373/5943
  ████████████████░░░░░░░░░  65%  Streaming frame 4374/5943
  ████████████████░░░░░░░░░  65%  Streaming frame 4375/5943
  ████████████████░░░░░░░░░  65%  Streaming frame 4376/5943
  ████████████████░░░░░░░░░  66%  Streaming frame 4377/5943
  ████████████████░░░░░░░░░  66%  Streaming frame 4378/5943
  ████████████████░░░░░░░░░  66%  Streaming frame 4379/5943
  ████████████████░░░░░░░░░  66%  Streaming frame 4380/5943
  ████████████████░░░░░░░░░  66%  Streaming frame 4381/5943
  ████████████████░░░░░░░░░  66%  Streaming frame 4382/5943
  ████████████████░░░░░░░░░  66%  Streaming frame 4383/5943
  ████████████████░░░░░░░░░  66%  Streaming frame 4384/5943
  ████████████████░░░░░░░░░  66%  Streaming frame 4385/5943
  ████████████████░░░░░░░░░  66%  Streaming frame 4386/5943
  ████████████████░░░░░░░░░  66%  Streaming frame 4387/5943
  ████████████████░░░░░░░░░  66%  Streaming frame 4388/5943
  ████████████████░░░░░░░░░  66%  Streaming frame 4389/5943
  ████████████████░░░░░░░░░  66%  Streaming frame 4390/5943
  ████████████████░░░░░░░░░  66%  Streaming frame 4391/5943
  ████████████████░░░░░░░░░  66%  Streaming frame 4392/5943
  ████████████████░░░░░░░░░  66%  Streaming frame 4393/5943
  ████████████████░░░░░░░░░  66%  Streaming frame 4394/5943
  ████████████████░░░░░░░░░  66%  Streaming frame 4395/5943
  ████████████████░░░░░░░░░  66%  Streaming frame 4396/5943
  ████████████████░░░░░░░░░  66%  Streaming frame 4397/5943
  ████████████████░░░░░░░░░  66%  Streaming frame 4398/5943
  ████████████████░░░░░░░░░  66%  Streaming frame 4399/5943
  ████████████████░░░░░░░░░  66%  Streaming frame 4400/5943
  ████████████████░░░░░░░░░  66%  Streaming frame 4401/5943
  ████████████████░░░░░░░░░  66%  Streaming frame 4402/5943
  ████████████████░░░░░░░░░  66%  Streaming frame 4403/5943
  ████████████████░░░░░░░░░  66%  Streaming frame 4404/5943
  ████████████████░░░░░░░░░  66%  Streaming frame 4405/5943
  ████████████████░░░░░░░░░  66%  Streaming frame 4406/5943
  ████████████████░░░░░░░░░  66%  Streaming frame 4407/5943
  ████████████████░░░░░░░░░  66%  Streaming frame 4408/5943
  ████████████████░░░░░░░░░  66%  Streaming frame 4409/5943
  ████████████████░░░░░░░░░  66%  Streaming frame 4410/5943
  ████████████████░░░░░░░░░  66%  Streaming frame 4411/5943
  ████████████████░░░░░░░░░  66%  Streaming frame 4412/5943
  ████████████████░░░░░░░░░  66%  Streaming frame 4413/5943
  ████████████████░░░░░░░░░  66%  Streaming frame 4414/5943
  ████████████████░░░░░░░░░  66%  Streaming frame 4415/5943
  ████████████████░░░░░░░░░  66%  Streaming frame 4416/5943
  ████████████████░░░░░░░░░  66%  Streaming frame 4417/5943
  ████████████████░░░░░░░░░  66%  Streaming frame 4418/5943
  ████████████████░░░░░░░░░  66%  Streaming frame 4419/5943
  ████████████████░░░░░░░░░  66%  Streaming frame 4420/5943
  ████████████████░░░░░░░░░  66%  Streaming frame 4421/5943
  ████████████████░░░░░░░░░  66%  Streaming frame 4422/5943
  ████████████████░░░░░░░░░  66%  Streaming frame 4423/5943
  ████████████████░░░░░░░░░  66%  Streaming frame 4424/5943
  ████████████████░░░░░░░░░  66%  Streaming frame 4425/5943
  ████████████████░░░░░░░░░  66%  Streaming frame 4426/5943
  ████████████████░░░░░░░░░  66%  Streaming frame 4427/5943
  ████████████████░░░░░░░░░  66%  Streaming frame 4428/5943
  ████████████████░░░░░░░░░  66%  Streaming frame 4429/5943
  ████████████████░░░░░░░░░  66%  Streaming frame 4430/5943
  ████████████████░░░░░░░░░  66%  Streaming frame 4431/5943
  ████████████████░░░░░░░░░  66%  Streaming frame 4432/5943
  ████████████████░░░░░░░░░  66%  Streaming frame 4433/5943
  ████████████████░░░░░░░░░  66%  Streaming frame 4434/5943
  ████████████████░░░░░░░░░  66%  Streaming frame 4435/5943
  ████████████████░░░░░░░░░  66%  Streaming frame 4436/5943
  ████████████████░░░░░░░░░  66%  Streaming frame 4437/5943
  ████████████████░░░░░░░░░  66%  Streaming frame 4438/5943
  ████████████████░░░░░░░░░  66%  Streaming frame 4439/5943
  ████████████████░░░░░░░░░  66%  Streaming frame 4440/5943
  ████████████████░░░░░░░░░  66%  Streaming frame 4441/5943
  ████████████████░░░░░░░░░  66%  Streaming frame 4442/5943
  ████████████████░░░░░░░░░  66%  Streaming frame 4443/5943
  ████████████████░░░░░░░░░  66%  Streaming frame 4444/5943
  ████████████████░░░░░░░░░  66%  Streaming frame 4445/5943
  ████████████████░░░░░░░░░  66%  Streaming frame 4446/5943
  ████████████████░░░░░░░░░  66%  Streaming frame 4447/5943
  ████████████████░░░░░░░░░  66%  Streaming frame 4448/5943
  ████████████████░░░░░░░░░  66%  Streaming frame 4449/5943
  ████████████████░░░░░░░░░  66%  Streaming frame 4450/5943
  ████████████████░░░░░░░░░  66%  Streaming frame 4451/5943
  ████████████████░░░░░░░░░  66%  Streaming frame 4452/5943
  ████████████████░░░░░░░░░  66%  Streaming frame 4453/5943
  ████████████████░░░░░░░░░  66%  Streaming frame 4454/5943
  ████████████████░░░░░░░░░  66%  Streaming frame 4455/5943
  ████████████████░░░░░░░░░  66%  Streaming frame 4456/5943
  ████████████████░░░░░░░░░  66%  Streaming frame 4457/5943
[INFO] [Render] drawElement self-verify passed {"renderJobId":"0864dc62-23d7-4255-b7df-8658ca5071d6","frame":4457,"psnrDb":"inf"}
  ████████████████░░░░░░░░░  66%  Streaming frame 4458/5943
  ████████████████░░░░░░░░░  66%  Streaming frame 4459/5943
  ████████████████░░░░░░░░░  66%  Streaming frame 4460/5943
  ████████████████░░░░░░░░░  66%  Streaming frame 4461/5943
  ████████████████░░░░░░░░░  66%  Streaming frame 4462/5943
  ████████████████░░░░░░░░░  66%  Streaming frame 4463/5943
  ████████████████░░░░░░░░░  66%  Streaming frame 4464/5943
  ████████████████░░░░░░░░░  66%  Streaming frame 4465/5943
  ████████████████░░░░░░░░░  66%  Streaming frame 4466/5943
  ████████████████░░░░░░░░░  66%  Streaming frame 4467/5943
  ████████████████░░░░░░░░░  66%  Streaming frame 4468/5943
  ████████████████░░░░░░░░░  66%  Streaming frame 4469/5943
  ████████████████░░░░░░░░░  66%  Streaming frame 4470/5943
  ████████████████░░░░░░░░░  66%  Streaming frame 4471/5943
  ████████████████░░░░░░░░░  66%  Streaming frame 4472/5943
  ████████████████░░░░░░░░░  66%  Streaming frame 4473/5943
  ████████████████░░░░░░░░░  66%  Streaming frame 4474/5943
  ████████████████░░░░░░░░░  66%  Streaming frame 4475/5943
  ████████████████░░░░░░░░░  66%  Streaming frame 4476/5943
  ████████████████░░░░░░░░░  66%  Streaming frame 4477/5943
  ████████████████░░░░░░░░░  66%  Streaming frame 4478/5943
  ████████████████░░░░░░░░░  66%  Streaming frame 4479/5943
  ████████████████░░░░░░░░░  66%  Streaming frame 4480/5943
  ████████████████░░░░░░░░░  66%  Streaming frame 4481/5943
  ████████████████░░░░░░░░░  66%  Streaming frame 4482/5943
  ████████████████░░░░░░░░░  66%  Streaming frame 4483/5943
  ████████████████░░░░░░░░░  66%  Streaming frame 4484/5943
  ████████████████░░░░░░░░░  67%  Streaming frame 4485/5943
  ████████████████░░░░░░░░░  67%  Streaming frame 4486/5943
  ████████████████░░░░░░░░░  67%  Streaming frame 4487/5943
  ████████████████░░░░░░░░░  67%  Streaming frame 4488/5943
  ████████████████░░░░░░░░░  67%  Streaming frame 4489/5943
  ████████████████░░░░░░░░░  67%  Streaming frame 4490/5943
  ████████████████░░░░░░░░░  67%  Streaming frame 4491/5943
  ████████████████░░░░░░░░░  67%  Streaming frame 4492/5943
  ████████████████░░░░░░░░░  67%  Streaming frame 4493/5943
  ████████████████░░░░░░░░░  67%  Streaming frame 4494/5943
  ████████████████░░░░░░░░░  67%  Streaming frame 4495/5943
  ████████████████░░░░░░░░░  67%  Streaming frame 4496/5943
  ████████████████░░░░░░░░░  67%  Streaming frame 4497/5943
  ████████████████░░░░░░░░░  67%  Streaming frame 4498/5943
  ████████████████░░░░░░░░░  67%  Streaming frame 4499/5943
  ████████████████░░░░░░░░░  67%  Streaming frame 4500/5943
  ████████████████░░░░░░░░░  67%  Streaming frame 4501/5943
  ████████████████░░░░░░░░░  67%  Streaming frame 4502/5943
  ████████████████░░░░░░░░░  67%  Streaming frame 4503/5943
  ████████████████░░░░░░░░░  67%  Streaming frame 4504/5943
  ████████████████░░░░░░░░░  67%  Streaming frame 4505/5943
  ████████████████░░░░░░░░░  67%  Streaming frame 4506/5943
  ████████████████░░░░░░░░░  67%  Streaming frame 4507/5943
  ████████████████░░░░░░░░░  67%  Streaming frame 4508/5943
  ████████████████░░░░░░░░░  67%  Streaming frame 4509/5943
  ████████████████░░░░░░░░░  67%  Streaming frame 4510/5943
  ████████████████░░░░░░░░░  67%  Streaming frame 4511/5943
  ████████████████░░░░░░░░░  67%  Streaming frame 4512/5943
  ████████████████░░░░░░░░░  67%  Streaming frame 4513/5943
  ████████████████░░░░░░░░░  67%  Streaming frame 4514/5943
  ████████████████░░░░░░░░░  67%  Streaming frame 4515/5943
  ████████████████░░░░░░░░░  67%  Streaming frame 4516/5943
  ████████████████░░░░░░░░░  67%  Streaming frame 4517/5943
  ████████████████░░░░░░░░░  67%  Streaming frame 4518/5943
  ████████████████░░░░░░░░░  67%  Streaming frame 4519/5943
  ████████████████░░░░░░░░░  67%  Streaming frame 4520/5943
  ████████████████░░░░░░░░░  67%  Streaming frame 4521/5943
  ████████████████░░░░░░░░░  67%  Streaming frame 4522/5943
  ████████████████░░░░░░░░░  67%  Streaming frame 4523/5943
  ████████████████░░░░░░░░░  67%  Streaming frame 4524/5943
  ████████████████░░░░░░░░░  67%  Streaming frame 4525/5943
  ████████████████░░░░░░░░░  67%  Streaming frame 4526/5943
  ████████████████░░░░░░░░░  67%  Streaming frame 4527/5943
  ████████████████░░░░░░░░░  67%  Streaming frame 4528/5943
  ████████████████░░░░░░░░░  67%  Streaming frame 4529/5943
  ████████████████░░░░░░░░░  67%  Streaming frame 4530/5943
  ████████████████░░░░░░░░░  67%  Streaming frame 4531/5943
  ████████████████░░░░░░░░░  67%  Streaming frame 4532/5943
  ████████████████░░░░░░░░░  67%  Streaming frame 4533/5943
  ████████████████░░░░░░░░░  67%  Streaming frame 4534/5943
  ████████████████░░░░░░░░░  67%  Streaming frame 4535/5943
  ████████████████░░░░░░░░░  67%  Streaming frame 4536/5943
  ████████████████░░░░░░░░░  67%  Streaming frame 4537/5943
  ████████████████░░░░░░░░░  67%  Streaming frame 4538/5943
  ████████████████░░░░░░░░░  67%  Streaming frame 4539/5943
  ████████████████░░░░░░░░░  67%  Streaming frame 4540/5943
  ████████████████░░░░░░░░░  67%  Streaming frame 4541/5943
  ████████████████░░░░░░░░░  67%  Streaming frame 4542/5943
  ████████████████░░░░░░░░░  67%  Streaming frame 4543/5943
  ████████████████░░░░░░░░░  67%  Streaming frame 4544/5943
  ████████████████░░░░░░░░░  67%  Streaming frame 4545/5943
  ████████████████░░░░░░░░░  67%  Streaming frame 4546/5943
  ████████████████░░░░░░░░░  67%  Streaming frame 4547/5943
  ████████████████░░░░░░░░░  67%  Streaming frame 4548/5943
  ████████████████░░░░░░░░░  67%  Streaming frame 4549/5943
  ████████████████░░░░░░░░░  67%  Streaming frame 4550/5943
  ████████████████░░░░░░░░░  67%  Streaming frame 4551/5943
  ████████████████░░░░░░░░░  67%  Streaming frame 4552/5943
  ████████████████░░░░░░░░░  67%  Streaming frame 4553/5943
  ████████████████░░░░░░░░░  67%  Streaming frame 4554/5943
  ████████████████░░░░░░░░░  67%  Streaming frame 4555/5943
  ████████████████░░░░░░░░░  67%  Streaming frame 4556/5943
  ████████████████░░░░░░░░░  67%  Streaming frame 4557/5943
  ████████████████░░░░░░░░░  67%  Streaming frame 4558/5943
  ████████████████░░░░░░░░░  67%  Streaming frame 4559/5943
  ████████████████░░░░░░░░░  67%  Streaming frame 4560/5943
  ████████████████░░░░░░░░░  67%  Streaming frame 4561/5943
  ████████████████░░░░░░░░░  67%  Streaming frame 4562/5943
  ████████████████░░░░░░░░░  67%  Streaming frame 4563/5943
  ████████████████░░░░░░░░░  67%  Streaming frame 4564/5943
  ████████████████░░░░░░░░░  67%  Streaming frame 4565/5943
  ████████████████░░░░░░░░░  67%  Streaming frame 4566/5943
  ████████████████░░░░░░░░░  67%  Streaming frame 4567/5943
  ████████████████░░░░░░░░░  67%  Streaming frame 4568/5943
  ████████████████░░░░░░░░░  67%  Streaming frame 4569/5943
  ████████████████░░░░░░░░░  67%  Streaming frame 4570/5943
  ████████████████░░░░░░░░░  67%  Streaming frame 4571/5943
  ████████████████░░░░░░░░░  67%  Streaming frame 4572/5943
  ████████████████░░░░░░░░░  67%  Streaming frame 4573/5943
  ████████████████░░░░░░░░░  67%  Streaming frame 4574/5943
  ████████████████░░░░░░░░░  67%  Streaming frame 4575/5943
  ████████████████░░░░░░░░░  67%  Streaming frame 4576/5943
  ████████████████░░░░░░░░░  67%  Streaming frame 4577/5943
  ████████████████░░░░░░░░░  67%  Streaming frame 4578/5943
  ████████████████░░░░░░░░░  67%  Streaming frame 4579/5943
  ████████████████░░░░░░░░░  67%  Streaming frame 4580/5943
  ████████████████░░░░░░░░░  67%  Streaming frame 4581/5943
  ████████████████░░░░░░░░░  67%  Streaming frame 4582/5943
  ████████████████░░░░░░░░░  67%  Streaming frame 4583/5943
  ████████████████░░░░░░░░░  67%  Streaming frame 4584/5943
  ████████████████░░░░░░░░░  67%  Streaming frame 4585/5943
  ████████████████░░░░░░░░░  67%  Streaming frame 4586/5943
  ████████████████░░░░░░░░░  67%  Streaming frame 4587/5943
  ████████████████░░░░░░░░░  67%  Streaming frame 4588/5943
  ████████████████░░░░░░░░░  67%  Streaming frame 4589/5943
  ████████████████░░░░░░░░░  67%  Streaming frame 4590/5943
  ████████████████░░░░░░░░░  67%  Streaming frame 4591/5943
  ████████████████░░░░░░░░░  67%  Streaming frame 4592/5943
  █████████████████░░░░░░░░  68%  Streaming frame 4593/5943
  █████████████████░░░░░░░░  68%  Streaming frame 4594/5943
  █████████████████░░░░░░░░  68%  Streaming frame 4595/5943
  █████████████████░░░░░░░░  68%  Streaming frame 4596/5943
  █████████████████░░░░░░░░  68%  Streaming frame 4597/5943
  █████████████████░░░░░░░░  68%  Streaming frame 4598/5943
  █████████████████░░░░░░░░  68%  Streaming frame 4599/5943
  █████████████████░░░░░░░░  68%  Streaming frame 4600/5943
  █████████████████░░░░░░░░  68%  Streaming frame 4601/5943
  █████████████████░░░░░░░░  68%  Streaming frame 4602/5943
  █████████████████░░░░░░░░  68%  Streaming frame 4603/5943
  █████████████████░░░░░░░░  68%  Streaming frame 4604/5943
  █████████████████░░░░░░░░  68%  Streaming frame 4605/5943
  █████████████████░░░░░░░░  68%  Streaming frame 4606/5943
  █████████████████░░░░░░░░  68%  Streaming frame 4607/5943
  █████████████████░░░░░░░░  68%  Streaming frame 4608/5943
  █████████████████░░░░░░░░  68%  Streaming frame 4609/5943
  █████████████████░░░░░░░░  68%  Streaming frame 4610/5943
  █████████████████░░░░░░░░  68%  Streaming frame 4611/5943
  █████████████████░░░░░░░░  68%  Streaming frame 4612/5943
  █████████████████░░░░░░░░  68%  Streaming frame 4613/5943
  █████████████████░░░░░░░░  68%  Streaming frame 4614/5943
  █████████████████░░░░░░░░  68%  Streaming frame 4615/5943
  █████████████████░░░░░░░░  68%  Streaming frame 4616/5943
  █████████████████░░░░░░░░  68%  Streaming frame 4617/5943
  █████████████████░░░░░░░░  68%  Streaming frame 4618/5943
  █████████████████░░░░░░░░  68%  Streaming frame 4619/5943
  █████████████████░░░░░░░░  68%  Streaming frame 4620/5943
  █████████████████░░░░░░░░  68%  Streaming frame 4621/5943
  █████████████████░░░░░░░░  68%  Streaming frame 4622/5943
  █████████████████░░░░░░░░  68%  Streaming frame 4623/5943
  █████████████████░░░░░░░░  68%  Streaming frame 4624/5943
  █████████████████░░░░░░░░  68%  Streaming frame 4625/5943
  █████████████████░░░░░░░░  68%  Streaming frame 4626/5943
  █████████████████░░░░░░░░  68%  Streaming frame 4627/5943
  █████████████████░░░░░░░░  68%  Streaming frame 4628/5943
  █████████████████░░░░░░░░  68%  Streaming frame 4629/5943
  █████████████████░░░░░░░░  68%  Streaming frame 4630/5943
  █████████████████░░░░░░░░  68%  Streaming frame 4631/5943
  █████████████████░░░░░░░░  68%  Streaming frame 4632/5943
  █████████████████░░░░░░░░  68%  Streaming frame 4633/5943
  █████████████████░░░░░░░░  68%  Streaming frame 4634/5943
  █████████████████░░░░░░░░  68%  Streaming frame 4635/5943
  █████████████████░░░░░░░░  68%  Streaming frame 4636/5943
  █████████████████░░░░░░░░  68%  Streaming frame 4637/5943
  █████████████████░░░░░░░░  68%  Streaming frame 4638/5943
  █████████████████░░░░░░░░  68%  Streaming frame 4639/5943
  █████████████████░░░░░░░░  68%  Streaming frame 4640/5943
  █████████████████░░░░░░░░  68%  Streaming frame 4641/5943
  █████████████████░░░░░░░░  68%  Streaming frame 4642/5943
  █████████████████░░░░░░░░  68%  Streaming frame 4643/5943
  █████████████████░░░░░░░░  68%  Streaming frame 4644/5943
  █████████████████░░░░░░░░  68%  Streaming frame 4645/5943
  █████████████████░░░░░░░░  68%  Streaming frame 4646/5943
  █████████████████░░░░░░░░  68%  Streaming frame 4647/5943
  █████████████████░░░░░░░░  68%  Streaming frame 4648/5943
  █████████████████░░░░░░░░  68%  Streaming frame 4649/5943
  █████████████████░░░░░░░░  68%  Streaming frame 4650/5943
  █████████████████░░░░░░░░  68%  Streaming frame 4651/5943
  █████████████████░░░░░░░░  68%  Streaming frame 4652/5943
  █████████████████░░░░░░░░  68%  Streaming frame 4653/5943
  █████████████████░░░░░░░░  68%  Streaming frame 4654/5943
  █████████████████░░░░░░░░  68%  Streaming frame 4655/5943
  █████████████████░░░░░░░░  68%  Streaming frame 4656/5943
  █████████████████░░░░░░░░  68%  Streaming frame 4657/5943
  █████████████████░░░░░░░░  68%  Streaming frame 4658/5943
  █████████████████░░░░░░░░  68%  Streaming frame 4659/5943
  █████████████████░░░░░░░░  68%  Streaming frame 4660/5943
  █████████████████░░░░░░░░  68%  Streaming frame 4661/5943
  █████████████████░░░░░░░░  68%  Streaming frame 4662/5943
  █████████████████░░░░░░░░  68%  Streaming frame 4663/5943
  █████████████████░░░░░░░░  68%  Streaming frame 4664/5943
  █████████████████░░░░░░░░  68%  Streaming frame 4665/5943
  █████████████████░░░░░░░░  68%  Streaming frame 4666/5943
  █████████████████░░░░░░░░  68%  Streaming frame 4667/5943
  █████████████████░░░░░░░░  68%  Streaming frame 4668/5943
  █████████████████░░░░░░░░  68%  Streaming frame 4669/5943
  █████████████████░░░░░░░░  68%  Streaming frame 4670/5943
  █████████████████░░░░░░░░  68%  Streaming frame 4671/5943
  █████████████████░░░░░░░░  68%  Streaming frame 4672/5943
  █████████████████░░░░░░░░  68%  Streaming frame 4673/5943
  █████████████████░░░░░░░░  68%  Streaming frame 4674/5943
  █████████████████░░░░░░░░  68%  Streaming frame 4675/5943
  █████████████████░░░░░░░░  68%  Streaming frame 4676/5943
  █████████████████░░░░░░░░  68%  Streaming frame 4677/5943
  █████████████████░░░░░░░░  68%  Streaming frame 4678/5943
  █████████████████░░░░░░░░  68%  Streaming frame 4679/5943
  █████████████████░░░░░░░░  68%  Streaming frame 4680/5943
  █████████████████░░░░░░░░  68%  Streaming frame 4681/5943
  █████████████████░░░░░░░░  68%  Streaming frame 4682/5943
  █████████████████░░░░░░░░  68%  Streaming frame 4683/5943
  █████████████████░░░░░░░░  68%  Streaming frame 4684/5943
  █████████████████░░░░░░░░  68%  Streaming frame 4685/5943
  █████████████████░░░░░░░░  68%  Streaming frame 4686/5943
  █████████████████░░░░░░░░  68%  Streaming frame 4687/5943
  █████████████████░░░░░░░░  68%  Streaming frame 4688/5943
  █████████████████░░░░░░░░  68%  Streaming frame 4689/5943
  █████████████████░░░░░░░░  68%  Streaming frame 4690/5943
  █████████████████░░░░░░░░  68%  Streaming frame 4691/5943
  █████████████████░░░░░░░░  68%  Streaming frame 4692/5943
  █████████████████░░░░░░░░  68%  Streaming frame 4693/5943
  █████████████████░░░░░░░░  68%  Streaming frame 4694/5943
  █████████████████░░░░░░░░  68%  Streaming frame 4695/5943
  █████████████████░░░░░░░░  68%  Streaming frame 4696/5943
  █████████████████░░░░░░░░  68%  Streaming frame 4697/5943
  █████████████████░░░░░░░░  68%  Streaming frame 4698/5943
  █████████████████░░░░░░░░  68%  Streaming frame 4699/5943
  █████████████████░░░░░░░░  68%  Streaming frame 4700/5943
  █████████████████░░░░░░░░  69%  Streaming frame 4701/5943
  █████████████████░░░░░░░░  69%  Streaming frame 4702/5943
  █████████████████░░░░░░░░  69%  Streaming frame 4703/5943
  █████████████████░░░░░░░░  69%  Streaming frame 4704/5943
  █████████████████░░░░░░░░  69%  Streaming frame 4705/5943
  █████████████████░░░░░░░░  69%  Streaming frame 4706/5943
  █████████████████░░░░░░░░  69%  Streaming frame 4707/5943
  █████████████████░░░░░░░░  69%  Streaming frame 4708/5943
  █████████████████░░░░░░░░  69%  Streaming frame 4709/5943
  █████████████████░░░░░░░░  69%  Streaming frame 4710/5943
  █████████████████░░░░░░░░  69%  Streaming frame 4711/5943
  █████████████████░░░░░░░░  69%  Streaming frame 4712/5943
  █████████████████░░░░░░░░  69%  Streaming frame 4713/5943
  █████████████████░░░░░░░░  69%  Streaming frame 4714/5943
  █████████████████░░░░░░░░  69%  Streaming frame 4715/5943
  █████████████████░░░░░░░░  69%  Streaming frame 4716/5943
  █████████████████░░░░░░░░  69%  Streaming frame 4717/5943
  █████████████████░░░░░░░░  69%  Streaming frame 4718/5943
  █████████████████░░░░░░░░  69%  Streaming frame 4719/5943
  █████████████████░░░░░░░░  69%  Streaming frame 4720/5943
  █████████████████░░░░░░░░  69%  Streaming frame 4721/5943
  █████████████████░░░░░░░░  69%  Streaming frame 4722/5943
  █████████████████░░░░░░░░  69%  Streaming frame 4723/5943
  █████████████████░░░░░░░░  69%  Streaming frame 4724/5943
  █████████████████░░░░░░░░  69%  Streaming frame 4725/5943
  █████████████████░░░░░░░░  69%  Streaming frame 4726/5943
  █████████████████░░░░░░░░  69%  Streaming frame 4727/5943
  █████████████████░░░░░░░░  69%  Streaming frame 4728/5943
  █████████████████░░░░░░░░  69%  Streaming frame 4729/5943
  █████████████████░░░░░░░░  69%  Streaming frame 4730/5943
  █████████████████░░░░░░░░  69%  Streaming frame 4731/5943
  █████████████████░░░░░░░░  69%  Streaming frame 4732/5943
  █████████████████░░░░░░░░  69%  Streaming frame 4733/5943
  █████████████████░░░░░░░░  69%  Streaming frame 4734/5943
  █████████████████░░░░░░░░  69%  Streaming frame 4735/5943
  █████████████████░░░░░░░░  69%  Streaming frame 4736/5943
  █████████████████░░░░░░░░  69%  Streaming frame 4737/5943
  █████████████████░░░░░░░░  69%  Streaming frame 4738/5943
  █████████████████░░░░░░░░  69%  Streaming frame 4739/5943
  █████████████████░░░░░░░░  69%  Streaming frame 4740/5943
  █████████████████░░░░░░░░  69%  Streaming frame 4741/5943
  █████████████████░░░░░░░░  69%  Streaming frame 4742/5943
  █████████████████░░░░░░░░  69%  Streaming frame 4743/5943
  █████████████████░░░░░░░░  69%  Streaming frame 4744/5943
  █████████████████░░░░░░░░  69%  Streaming frame 4745/5943
  █████████████████░░░░░░░░  69%  Streaming frame 4746/5943
  █████████████████░░░░░░░░  69%  Streaming frame 4747/5943
  █████████████████░░░░░░░░  69%  Streaming frame 4748/5943
  █████████████████░░░░░░░░  69%  Streaming frame 4749/5943
  █████████████████░░░░░░░░  69%  Streaming frame 4750/5943
  █████████████████░░░░░░░░  69%  Streaming frame 4751/5943
  █████████████████░░░░░░░░  69%  Streaming frame 4752/5943
  █████████████████░░░░░░░░  69%  Streaming frame 4753/5943
  █████████████████░░░░░░░░  69%  Streaming frame 4754/5943
  █████████████████░░░░░░░░  69%  Streaming frame 4755/5943
  █████████████████░░░░░░░░  69%  Streaming frame 4756/5943
  █████████████████░░░░░░░░  69%  Streaming frame 4757/5943
  █████████████████░░░░░░░░  69%  Streaming frame 4758/5943
  █████████████████░░░░░░░░  69%  Streaming frame 4759/5943
  █████████████████░░░░░░░░  69%  Streaming frame 4760/5943
  █████████████████░░░░░░░░  69%  Streaming frame 4761/5943
  █████████████████░░░░░░░░  69%  Streaming frame 4762/5943
  █████████████████░░░░░░░░  69%  Streaming frame 4763/5943
  █████████████████░░░░░░░░  69%  Streaming frame 4764/5943
  █████████████████░░░░░░░░  69%  Streaming frame 4765/5943
  █████████████████░░░░░░░░  69%  Streaming frame 4766/5943
  █████████████████░░░░░░░░  69%  Streaming frame 4767/5943
  █████████████████░░░░░░░░  69%  Streaming frame 4768/5943
  █████████████████░░░░░░░░  69%  Streaming frame 4769/5943
  █████████████████░░░░░░░░  69%  Streaming frame 4770/5943
  █████████████████░░░░░░░░  69%  Streaming frame 4771/5943
  █████████████████░░░░░░░░  69%  Streaming frame 4772/5943
  █████████████████░░░░░░░░  69%  Streaming frame 4773/5943
  █████████████████░░░░░░░░  69%  Streaming frame 4774/5943
  █████████████████░░░░░░░░  69%  Streaming frame 4775/5943
  █████████████████░░░░░░░░  69%  Streaming frame 4776/5943
  █████████████████░░░░░░░░  69%  Streaming frame 4777/5943
  █████████████████░░░░░░░░  69%  Streaming frame 4778/5943
  █████████████████░░░░░░░░  69%  Streaming frame 4779/5943
  █████████████████░░░░░░░░  69%  Streaming frame 4780/5943
  █████████████████░░░░░░░░  69%  Streaming frame 4781/5943
  █████████████████░░░░░░░░  69%  Streaming frame 4782/5943
  █████████████████░░░░░░░░  69%  Streaming frame 4783/5943
  █████████████████░░░░░░░░  69%  Streaming frame 4784/5943
  █████████████████░░░░░░░░  69%  Streaming frame 4785/5943
  █████████████████░░░░░░░░  69%  Streaming frame 4786/5943
  █████████████████░░░░░░░░  69%  Streaming frame 4787/5943
  █████████████████░░░░░░░░  69%  Streaming frame 4788/5943
  █████████████████░░░░░░░░  69%  Streaming frame 4789/5943
  █████████████████░░░░░░░░  69%  Streaming frame 4790/5943
  █████████████████░░░░░░░░  69%  Streaming frame 4791/5943
  █████████████████░░░░░░░░  69%  Streaming frame 4792/5943
  █████████████████░░░░░░░░  69%  Streaming frame 4793/5943
  █████████████████░░░░░░░░  69%  Streaming frame 4794/5943
  █████████████████░░░░░░░░  69%  Streaming frame 4795/5943
  █████████████████░░░░░░░░  69%  Streaming frame 4796/5943
  █████████████████░░░░░░░░  69%  Streaming frame 4797/5943
  █████████████████░░░░░░░░  69%  Streaming frame 4798/5943
  █████████████████░░░░░░░░  69%  Streaming frame 4799/5943
  █████████████████░░░░░░░░  69%  Streaming frame 4800/5943
  █████████████████░░░░░░░░  69%  Streaming frame 4801/5943
  █████████████████░░░░░░░░  69%  Streaming frame 4802/5943
  █████████████████░░░░░░░░  69%  Streaming frame 4803/5943
  █████████████████░░░░░░░░  69%  Streaming frame 4804/5943
  █████████████████░░░░░░░░  69%  Streaming frame 4805/5943
  █████████████████░░░░░░░░  69%  Streaming frame 4806/5943
  █████████████████░░░░░░░░  69%  Streaming frame 4807/5943
  █████████████████░░░░░░░░  69%  Streaming frame 4808/5943
  █████████████████░░░░░░░░  70%  Streaming frame 4809/5943
  █████████████████░░░░░░░░  70%  Streaming frame 4810/5943
  █████████████████░░░░░░░░  70%  Streaming frame 4811/5943
  █████████████████░░░░░░░░  70%  Streaming frame 4812/5943
  █████████████████░░░░░░░░  70%  Streaming frame 4813/5943
  █████████████████░░░░░░░░  70%  Streaming frame 4814/5943
  █████████████████░░░░░░░░  70%  Streaming frame 4815/5943
  █████████████████░░░░░░░░  70%  Streaming frame 4816/5943
  █████████████████░░░░░░░░  70%  Streaming frame 4817/5943
  █████████████████░░░░░░░░  70%  Streaming frame 4818/5943
  █████████████████░░░░░░░░  70%  Streaming frame 4819/5943
  █████████████████░░░░░░░░  70%  Streaming frame 4820/5943
  █████████████████░░░░░░░░  70%  Streaming frame 4821/5943
  █████████████████░░░░░░░░  70%  Streaming frame 4822/5943
  █████████████████░░░░░░░░  70%  Streaming frame 4823/5943
  █████████████████░░░░░░░░  70%  Streaming frame 4824/5943
  █████████████████░░░░░░░░  70%  Streaming frame 4825/5943
  █████████████████░░░░░░░░  70%  Streaming frame 4826/5943
  █████████████████░░░░░░░░  70%  Streaming frame 4827/5943
  █████████████████░░░░░░░░  70%  Streaming frame 4828/5943
  █████████████████░░░░░░░░  70%  Streaming frame 4829/5943
  █████████████████░░░░░░░░  70%  Streaming frame 4830/5943
  █████████████████░░░░░░░░  70%  Streaming frame 4831/5943
  █████████████████░░░░░░░░  70%  Streaming frame 4832/5943
  █████████████████░░░░░░░░  70%  Streaming frame 4833/5943
  █████████████████░░░░░░░░  70%  Streaming frame 4834/5943
  █████████████████░░░░░░░░  70%  Streaming frame 4835/5943
  █████████████████░░░░░░░░  70%  Streaming frame 4836/5943
  █████████████████░░░░░░░░  70%  Streaming frame 4837/5943
  █████████████████░░░░░░░░  70%  Streaming frame 4838/5943
  █████████████████░░░░░░░░  70%  Streaming frame 4839/5943
  █████████████████░░░░░░░░  70%  Streaming frame 4840/5943
  █████████████████░░░░░░░░  70%  Streaming frame 4841/5943
  █████████████████░░░░░░░░  70%  Streaming frame 4842/5943
  █████████████████░░░░░░░░  70%  Streaming frame 4843/5943
  █████████████████░░░░░░░░  70%  Streaming frame 4844/5943
  █████████████████░░░░░░░░  70%  Streaming frame 4845/5943
  █████████████████░░░░░░░░  70%  Streaming frame 4846/5943
  █████████████████░░░░░░░░  70%  Streaming frame 4847/5943
  █████████████████░░░░░░░░  70%  Streaming frame 4848/5943
  █████████████████░░░░░░░░  70%  Streaming frame 4849/5943
  █████████████████░░░░░░░░  70%  Streaming frame 4850/5943
  █████████████████░░░░░░░░  70%  Streaming frame 4851/5943
  █████████████████░░░░░░░░  70%  Streaming frame 4852/5943
  █████████████████░░░░░░░░  70%  Streaming frame 4853/5943
  █████████████████░░░░░░░░  70%  Streaming frame 4854/5943
  █████████████████░░░░░░░░  70%  Streaming frame 4855/5943
  █████████████████░░░░░░░░  70%  Streaming frame 4856/5943
  █████████████████░░░░░░░░  70%  Streaming frame 4857/5943
  █████████████████░░░░░░░░  70%  Streaming frame 4858/5943
  █████████████████░░░░░░░░  70%  Streaming frame 4859/5943
  █████████████████░░░░░░░░  70%  Streaming frame 4860/5943
  █████████████████░░░░░░░░  70%  Streaming frame 4861/5943
  █████████████████░░░░░░░░  70%  Streaming frame 4862/5943
  █████████████████░░░░░░░░  70%  Streaming frame 4863/5943
  █████████████████░░░░░░░░  70%  Streaming frame 4864/5943
  █████████████████░░░░░░░░  70%  Streaming frame 4865/5943
  █████████████████░░░░░░░░  70%  Streaming frame 4866/5943
  █████████████████░░░░░░░░  70%  Streaming frame 4867/5943
  █████████████████░░░░░░░░  70%  Streaming frame 4868/5943
  █████████████████░░░░░░░░  70%  Streaming frame 4869/5943
  █████████████████░░░░░░░░  70%  Streaming frame 4870/5943
  █████████████████░░░░░░░░  70%  Streaming frame 4871/5943
  █████████████████░░░░░░░░  70%  Streaming frame 4872/5943
  █████████████████░░░░░░░░  70%  Streaming frame 4873/5943
  █████████████████░░░░░░░░  70%  Streaming frame 4874/5943
  █████████████████░░░░░░░░  70%  Streaming frame 4875/5943
  █████████████████░░░░░░░░  70%  Streaming frame 4876/5943
  █████████████████░░░░░░░░  70%  Streaming frame 4877/5943
  █████████████████░░░░░░░░  70%  Streaming frame 4878/5943
  █████████████████░░░░░░░░  70%  Streaming frame 4879/5943
  █████████████████░░░░░░░░  70%  Streaming frame 4880/5943
  █████████████████░░░░░░░░  70%  Streaming frame 4881/5943
  █████████████████░░░░░░░░  70%  Streaming frame 4882/5943
  █████████████████░░░░░░░░  70%  Streaming frame 4883/5943
  █████████████████░░░░░░░░  70%  Streaming frame 4884/5943
  █████████████████░░░░░░░░  70%  Streaming frame 4885/5943
  █████████████████░░░░░░░░  70%  Streaming frame 4886/5943
  █████████████████░░░░░░░░  70%  Streaming frame 4887/5943
  █████████████████░░░░░░░░  70%  Streaming frame 4888/5943
  █████████████████░░░░░░░░  70%  Streaming frame 4889/5943
  █████████████████░░░░░░░░  70%  Streaming frame 4890/5943
  █████████████████░░░░░░░░  70%  Streaming frame 4891/5943
  █████████████████░░░░░░░░  70%  Streaming frame 4892/5943
  █████████████████░░░░░░░░  70%  Streaming frame 4893/5943
  █████████████████░░░░░░░░  70%  Streaming frame 4894/5943
  █████████████████░░░░░░░░  70%  Streaming frame 4895/5943
  █████████████████░░░░░░░░  70%  Streaming frame 4896/5943
  █████████████████░░░░░░░░  70%  Streaming frame 4897/5943
  █████████████████░░░░░░░░  70%  Streaming frame 4898/5943
  █████████████████░░░░░░░░  70%  Streaming frame 4899/5943
  █████████████████░░░░░░░░  70%  Streaming frame 4900/5943
  █████████████████░░░░░░░░  70%  Streaming frame 4901/5943
  █████████████████░░░░░░░░  70%  Streaming frame 4902/5943
  █████████████████░░░░░░░░  70%  Streaming frame 4903/5943
  █████████████████░░░░░░░░  70%  Streaming frame 4904/5943
  █████████████████░░░░░░░░  70%  Streaming frame 4905/5943
  █████████████████░░░░░░░░  70%  Streaming frame 4906/5943
  █████████████████░░░░░░░░  70%  Streaming frame 4907/5943
  █████████████████░░░░░░░░  70%  Streaming frame 4908/5943
  █████████████████░░░░░░░░  70%  Streaming frame 4909/5943
  █████████████████░░░░░░░░  70%  Streaming frame 4910/5943
  █████████████████░░░░░░░░  70%  Streaming frame 4911/5943
  █████████████████░░░░░░░░  70%  Streaming frame 4912/5943
  █████████████████░░░░░░░░  70%  Streaming frame 4913/5943
  █████████████████░░░░░░░░  70%  Streaming frame 4914/5943
  █████████████████░░░░░░░░  70%  Streaming frame 4915/5943
  █████████████████░░░░░░░░  70%  Streaming frame 4916/5943
  █████████████████░░░░░░░░  71%  Streaming frame 4917/5943
  █████████████████░░░░░░░░  71%  Streaming frame 4918/5943
  █████████████████░░░░░░░░  71%  Streaming frame 4919/5943
  █████████████████░░░░░░░░  71%  Streaming frame 4920/5943
  █████████████████░░░░░░░░  71%  Streaming frame 4921/5943
  █████████████████░░░░░░░░  71%  Streaming frame 4922/5943
  █████████████████░░░░░░░░  71%  Streaming frame 4923/5943
  █████████████████░░░░░░░░  71%  Streaming frame 4924/5943
  █████████████████░░░░░░░░  71%  Streaming frame 4925/5943
  █████████████████░░░░░░░░  71%  Streaming frame 4926/5943
  █████████████████░░░░░░░░  71%  Streaming frame 4927/5943
  █████████████████░░░░░░░░  71%  Streaming frame 4928/5943
  █████████████████░░░░░░░░  71%  Streaming frame 4929/5943
  █████████████████░░░░░░░░  71%  Streaming frame 4930/5943
  █████████████████░░░░░░░░  71%  Streaming frame 4931/5943
  █████████████████░░░░░░░░  71%  Streaming frame 4932/5943
  █████████████████░░░░░░░░  71%  Streaming frame 4933/5943
  █████████████████░░░░░░░░  71%  Streaming frame 4934/5943
  █████████████████░░░░░░░░  71%  Streaming frame 4935/5943
  █████████████████░░░░░░░░  71%  Streaming frame 4936/5943
  █████████████████░░░░░░░░  71%  Streaming frame 4937/5943
  █████████████████░░░░░░░░  71%  Streaming frame 4938/5943
  █████████████████░░░░░░░░  71%  Streaming frame 4939/5943
  █████████████████░░░░░░░░  71%  Streaming frame 4940/5943
  █████████████████░░░░░░░░  71%  Streaming frame 4941/5943
  █████████████████░░░░░░░░  71%  Streaming frame 4942/5943
  █████████████████░░░░░░░░  71%  Streaming frame 4943/5943
  █████████████████░░░░░░░░  71%  Streaming frame 4944/5943
  █████████████████░░░░░░░░  71%  Streaming frame 4945/5943
  █████████████████░░░░░░░░  71%  Streaming frame 4946/5943
  █████████████████░░░░░░░░  71%  Streaming frame 4947/5943
  █████████████████░░░░░░░░  71%  Streaming frame 4948/5943
  █████████████████░░░░░░░░  71%  Streaming frame 4949/5943
  █████████████████░░░░░░░░  71%  Streaming frame 4950/5943
  █████████████████░░░░░░░░  71%  Streaming frame 4951/5943
  █████████████████░░░░░░░░  71%  Streaming frame 4952/5943
  █████████████████░░░░░░░░  71%  Streaming frame 4953/5943
  █████████████████░░░░░░░░  71%  Streaming frame 4954/5943
  █████████████████░░░░░░░░  71%  Streaming frame 4955/5943
  █████████████████░░░░░░░░  71%  Streaming frame 4956/5943
  █████████████████░░░░░░░░  71%  Streaming frame 4957/5943
  █████████████████░░░░░░░░  71%  Streaming frame 4958/5943
  █████████████████░░░░░░░░  71%  Streaming frame 4959/5943
  █████████████████░░░░░░░░  71%  Streaming frame 4960/5943
  █████████████████░░░░░░░░  71%  Streaming frame 4961/5943
  █████████████████░░░░░░░░  71%  Streaming frame 4962/5943
  █████████████████░░░░░░░░  71%  Streaming frame 4963/5943
  █████████████████░░░░░░░░  71%  Streaming frame 4964/5943
  █████████████████░░░░░░░░  71%  Streaming frame 4965/5943
  █████████████████░░░░░░░░  71%  Streaming frame 4966/5943
  █████████████████░░░░░░░░  71%  Streaming frame 4967/5943
  █████████████████░░░░░░░░  71%  Streaming frame 4968/5943
  █████████████████░░░░░░░░  71%  Streaming frame 4969/5943
  █████████████████░░░░░░░░  71%  Streaming frame 4970/5943
  █████████████████░░░░░░░░  71%  Streaming frame 4971/5943
  █████████████████░░░░░░░░  71%  Streaming frame 4972/5943
  █████████████████░░░░░░░░  71%  Streaming frame 4973/5943
  █████████████████░░░░░░░░  71%  Streaming frame 4974/5943
  █████████████████░░░░░░░░  71%  Streaming frame 4975/5943
  █████████████████░░░░░░░░  71%  Streaming frame 4976/5943
  █████████████████░░░░░░░░  71%  Streaming frame 4977/5943
  █████████████████░░░░░░░░  71%  Streaming frame 4978/5943
  █████████████████░░░░░░░░  71%  Streaming frame 4979/5943
  █████████████████░░░░░░░░  71%  Streaming frame 4980/5943
  █████████████████░░░░░░░░  71%  Streaming frame 4981/5943
  █████████████████░░░░░░░░  71%  Streaming frame 4982/5943
  █████████████████░░░░░░░░  71%  Streaming frame 4983/5943
  █████████████████░░░░░░░░  71%  Streaming frame 4984/5943
  █████████████████░░░░░░░░  71%  Streaming frame 4985/5943
  █████████████████░░░░░░░░  71%  Streaming frame 4986/5943
  █████████████████░░░░░░░░  71%  Streaming frame 4987/5943
  █████████████████░░░░░░░░  71%  Streaming frame 4988/5943
  █████████████████░░░░░░░░  71%  Streaming frame 4989/5943
  █████████████████░░░░░░░░  71%  Streaming frame 4990/5943
  █████████████████░░░░░░░░  71%  Streaming frame 4991/5943
  █████████████████░░░░░░░░  71%  Streaming frame 4992/5943
  █████████████████░░░░░░░░  71%  Streaming frame 4993/5943
  █████████████████░░░░░░░░  71%  Streaming frame 4994/5943
  █████████████████░░░░░░░░  71%  Streaming frame 4995/5943
  █████████████████░░░░░░░░  71%  Streaming frame 4996/5943
  █████████████████░░░░░░░░  71%  Streaming frame 4997/5943
  █████████████████░░░░░░░░  71%  Streaming frame 4998/5943
  █████████████████░░░░░░░░  71%  Streaming frame 4999/5943
  █████████████████░░░░░░░░  71%  Streaming frame 5000/5943
  █████████████████░░░░░░░░  71%  Streaming frame 5001/5943
  █████████████████░░░░░░░░  71%  Streaming frame 5002/5943
  █████████████████░░░░░░░░  71%  Streaming frame 5003/5943
  █████████████████░░░░░░░░  71%  Streaming frame 5004/5943
  █████████████████░░░░░░░░  71%  Streaming frame 5005/5943
  █████████████████░░░░░░░░  71%  Streaming frame 5006/5943
  █████████████████░░░░░░░░  71%  Streaming frame 5007/5943
  █████████████████░░░░░░░░  71%  Streaming frame 5008/5943
  █████████████████░░░░░░░░  71%  Streaming frame 5009/5943
  █████████████████░░░░░░░░  71%  Streaming frame 5010/5943
  █████████████████░░░░░░░░  71%  Streaming frame 5011/5943
  █████████████████░░░░░░░░  71%  Streaming frame 5012/5943
  █████████████████░░░░░░░░  71%  Streaming frame 5013/5943
  █████████████████░░░░░░░░  71%  Streaming frame 5014/5943
  █████████████████░░░░░░░░  71%  Streaming frame 5015/5943
  █████████████████░░░░░░░░  71%  Streaming frame 5016/5943
  █████████████████░░░░░░░░  71%  Streaming frame 5017/5943
  █████████████████░░░░░░░░  71%  Streaming frame 5018/5943
  █████████████████░░░░░░░░  71%  Streaming frame 5019/5943
  █████████████████░░░░░░░░  71%  Streaming frame 5020/5943
  █████████████████░░░░░░░░  71%  Streaming frame 5021/5943
  █████████████████░░░░░░░░  71%  Streaming frame 5022/5943
  █████████████████░░░░░░░░  71%  Streaming frame 5023/5943
  █████████████████░░░░░░░░  71%  Streaming frame 5024/5943
  ██████████████████░░░░░░░  72%  Streaming frame 5025/5943
  ██████████████████░░░░░░░  72%  Streaming frame 5026/5943
  ██████████████████░░░░░░░  72%  Streaming frame 5027/5943
  ██████████████████░░░░░░░  72%  Streaming frame 5028/5943
  ██████████████████░░░░░░░  72%  Streaming frame 5029/5943
  ██████████████████░░░░░░░  72%  Streaming frame 5030/5943
  ██████████████████░░░░░░░  72%  Streaming frame 5031/5943
  ██████████████████░░░░░░░  72%  Streaming frame 5032/5943
  ██████████████████░░░░░░░  72%  Streaming frame 5033/5943
  ██████████████████░░░░░░░  72%  Streaming frame 5034/5943
  ██████████████████░░░░░░░  72%  Streaming frame 5035/5943
  ██████████████████░░░░░░░  72%  Streaming frame 5036/5943
  ██████████████████░░░░░░░  72%  Streaming frame 5037/5943
  ██████████████████░░░░░░░  72%  Streaming frame 5038/5943
  ██████████████████░░░░░░░  72%  Streaming frame 5039/5943
  ██████████████████░░░░░░░  72%  Streaming frame 5040/5943
  ██████████████████░░░░░░░  72%  Streaming frame 5041/5943
  ██████████████████░░░░░░░  72%  Streaming frame 5042/5943
  ██████████████████░░░░░░░  72%  Streaming frame 5043/5943
  ██████████████████░░░░░░░  72%  Streaming frame 5044/5943
  ██████████████████░░░░░░░  72%  Streaming frame 5045/5943
  ██████████████████░░░░░░░  72%  Streaming frame 5046/5943
  ██████████████████░░░░░░░  72%  Streaming frame 5047/5943
  ██████████████████░░░░░░░  72%  Streaming frame 5048/5943
  ██████████████████░░░░░░░  72%  Streaming frame 5049/5943
  ██████████████████░░░░░░░  72%  Streaming frame 5050/5943
  ██████████████████░░░░░░░  72%  Streaming frame 5051/5943
  ██████████████████░░░░░░░  72%  Streaming frame 5052/5943
  ██████████████████░░░░░░░  72%  Streaming frame 5053/5943
  ██████████████████░░░░░░░  72%  Streaming frame 5054/5943
  ██████████████████░░░░░░░  72%  Streaming frame 5055/5943
  ██████████████████░░░░░░░  72%  Streaming frame 5056/5943
  ██████████████████░░░░░░░  72%  Streaming frame 5057/5943
  ██████████████████░░░░░░░  72%  Streaming frame 5058/5943
  ██████████████████░░░░░░░  72%  Streaming frame 5059/5943
  ██████████████████░░░░░░░  72%  Streaming frame 5060/5943
  ██████████████████░░░░░░░  72%  Streaming frame 5061/5943
  ██████████████████░░░░░░░  72%  Streaming frame 5062/5943
  ██████████████████░░░░░░░  72%  Streaming frame 5063/5943
  ██████████████████░░░░░░░  72%  Streaming frame 5064/5943
  ██████████████████░░░░░░░  72%  Streaming frame 5065/5943
  ██████████████████░░░░░░░  72%  Streaming frame 5066/5943
  ██████████████████░░░░░░░  72%  Streaming frame 5067/5943
  ██████████████████░░░░░░░  72%  Streaming frame 5068/5943
  ██████████████████░░░░░░░  72%  Streaming frame 5069/5943
  ██████████████████░░░░░░░  72%  Streaming frame 5070/5943
  ██████████████████░░░░░░░  72%  Streaming frame 5071/5943
  ██████████████████░░░░░░░  72%  Streaming frame 5072/5943
  ██████████████████░░░░░░░  72%  Streaming frame 5073/5943
  ██████████████████░░░░░░░  72%  Streaming frame 5074/5943
  ██████████████████░░░░░░░  72%  Streaming frame 5075/5943
  ██████████████████░░░░░░░  72%  Streaming frame 5076/5943
  ██████████████████░░░░░░░  72%  Streaming frame 5077/5943
  ██████████████████░░░░░░░  72%  Streaming frame 5078/5943
  ██████████████████░░░░░░░  72%  Streaming frame 5079/5943
  ██████████████████░░░░░░░  72%  Streaming frame 5080/5943
  ██████████████████░░░░░░░  72%  Streaming frame 5081/5943
  ██████████████████░░░░░░░  72%  Streaming frame 5082/5943
  ██████████████████░░░░░░░  72%  Streaming frame 5083/5943
  ██████████████████░░░░░░░  72%  Streaming frame 5084/5943
  ██████████████████░░░░░░░  72%  Streaming frame 5085/5943
  ██████████████████░░░░░░░  72%  Streaming frame 5086/5943
  ██████████████████░░░░░░░  72%  Streaming frame 5087/5943
  ██████████████████░░░░░░░  72%  Streaming frame 5088/5943
  ██████████████████░░░░░░░  72%  Streaming frame 5089/5943
  ██████████████████░░░░░░░  72%  Streaming frame 5090/5943
  ██████████████████░░░░░░░  72%  Streaming frame 5091/5943
  ██████████████████░░░░░░░  72%  Streaming frame 5092/5943
  ██████████████████░░░░░░░  72%  Streaming frame 5093/5943
  ██████████████████░░░░░░░  72%  Streaming frame 5094/5943
  ██████████████████░░░░░░░  72%  Streaming frame 5095/5943
  ██████████████████░░░░░░░  72%  Streaming frame 5096/5943
  ██████████████████░░░░░░░  72%  Streaming frame 5097/5943
  ██████████████████░░░░░░░  72%  Streaming frame 5098/5943
  ██████████████████░░░░░░░  72%  Streaming frame 5099/5943
  ██████████████████░░░░░░░  72%  Streaming frame 5100/5943
  ██████████████████░░░░░░░  72%  Streaming frame 5101/5943
  ██████████████████░░░░░░░  72%  Streaming frame 5102/5943
  ██████████████████░░░░░░░  72%  Streaming frame 5103/5943
  ██████████████████░░░░░░░  72%  Streaming frame 5104/5943
  ██████████████████░░░░░░░  72%  Streaming frame 5105/5943
  ██████████████████░░░░░░░  72%  Streaming frame 5106/5943
  ██████████████████░░░░░░░  72%  Streaming frame 5107/5943
  ██████████████████░░░░░░░  72%  Streaming frame 5108/5943
  ██████████████████░░░░░░░  72%  Streaming frame 5109/5943
  ██████████████████░░░░░░░  72%  Streaming frame 5110/5943
  ██████████████████░░░░░░░  72%  Streaming frame 5111/5943
  ██████████████████░░░░░░░  72%  Streaming frame 5112/5943
  ██████████████████░░░░░░░  72%  Streaming frame 5113/5943
  ██████████████████░░░░░░░  72%  Streaming frame 5114/5943
  ██████████████████░░░░░░░  72%  Streaming frame 5115/5943
  ██████████████████░░░░░░░  72%  Streaming frame 5116/5943
  ██████████████████░░░░░░░  72%  Streaming frame 5117/5943
  ██████████████████░░░░░░░  72%  Streaming frame 5118/5943
  ██████████████████░░░░░░░  72%  Streaming frame 5119/5943
  ██████████████████░░░░░░░  72%  Streaming frame 5120/5943
  ██████████████████░░░░░░░  72%  Streaming frame 5121/5943
  ██████████████████░░░░░░░  72%  Streaming frame 5122/5943
  ██████████████████░░░░░░░  72%  Streaming frame 5123/5943
  ██████████████████░░░░░░░  72%  Streaming frame 5124/5943
  ██████████████████░░░░░░░  72%  Streaming frame 5125/5943
  ██████████████████░░░░░░░  72%  Streaming frame 5126/5943
  ██████████████████░░░░░░░  72%  Streaming frame 5127/5943
  ██████████████████░░░░░░░  72%  Streaming frame 5128/5943
  ██████████████████░░░░░░░  72%  Streaming frame 5129/5943
  ██████████████████░░░░░░░  72%  Streaming frame 5130/5943
  ██████████████████░░░░░░░  72%  Streaming frame 5131/5943
  ██████████████████░░░░░░░  72%  Streaming frame 5132/5943
  ██████████████████░░░░░░░  73%  Streaming frame 5133/5943
  ██████████████████░░░░░░░  73%  Streaming frame 5134/5943
  ██████████████████░░░░░░░  73%  Streaming frame 5135/5943
  ██████████████████░░░░░░░  73%  Streaming frame 5136/5943
  ██████████████████░░░░░░░  73%  Streaming frame 5137/5943
  ██████████████████░░░░░░░  73%  Streaming frame 5138/5943
  ██████████████████░░░░░░░  73%  Streaming frame 5139/5943
  ██████████████████░░░░░░░  73%  Streaming frame 5140/5943
  ██████████████████░░░░░░░  73%  Streaming frame 5141/5943
  ██████████████████░░░░░░░  73%  Streaming frame 5142/5943
  ██████████████████░░░░░░░  73%  Streaming frame 5143/5943
  ██████████████████░░░░░░░  73%  Streaming frame 5144/5943
  ██████████████████░░░░░░░  73%  Streaming frame 5145/5943
  ██████████████████░░░░░░░  73%  Streaming frame 5146/5943
  ██████████████████░░░░░░░  73%  Streaming frame 5147/5943
  ██████████████████░░░░░░░  73%  Streaming frame 5148/5943
  ██████████████████░░░░░░░  73%  Streaming frame 5149/5943
  ██████████████████░░░░░░░  73%  Streaming frame 5150/5943
  ██████████████████░░░░░░░  73%  Streaming frame 5151/5943
  ██████████████████░░░░░░░  73%  Streaming frame 5152/5943
  ██████████████████░░░░░░░  73%  Streaming frame 5153/5943
  ██████████████████░░░░░░░  73%  Streaming frame 5154/5943
  ██████████████████░░░░░░░  73%  Streaming frame 5155/5943
  ██████████████████░░░░░░░  73%  Streaming frame 5156/5943
  ██████████████████░░░░░░░  73%  Streaming frame 5157/5943
  ██████████████████░░░░░░░  73%  Streaming frame 5158/5943
  ██████████████████░░░░░░░  73%  Streaming frame 5159/5943
  ██████████████████░░░░░░░  73%  Streaming frame 5160/5943
  ██████████████████░░░░░░░  73%  Streaming frame 5161/5943
  ██████████████████░░░░░░░  73%  Streaming frame 5162/5943
  ██████████████████░░░░░░░  73%  Streaming frame 5163/5943
  ██████████████████░░░░░░░  73%  Streaming frame 5164/5943
  ██████████████████░░░░░░░  73%  Streaming frame 5165/5943
  ██████████████████░░░░░░░  73%  Streaming frame 5166/5943
  ██████████████████░░░░░░░  73%  Streaming frame 5167/5943
  ██████████████████░░░░░░░  73%  Streaming frame 5168/5943
  ██████████████████░░░░░░░  73%  Streaming frame 5169/5943
  ██████████████████░░░░░░░  73%  Streaming frame 5170/5943
  ██████████████████░░░░░░░  73%  Streaming frame 5171/5943
  ██████████████████░░░░░░░  73%  Streaming frame 5172/5943
  ██████████████████░░░░░░░  73%  Streaming frame 5173/5943
  ██████████████████░░░░░░░  73%  Streaming frame 5174/5943
  ██████████████████░░░░░░░  73%  Streaming frame 5175/5943
  ██████████████████░░░░░░░  73%  Streaming frame 5176/5943
  ██████████████████░░░░░░░  73%  Streaming frame 5177/5943
  ██████████████████░░░░░░░  73%  Streaming frame 5178/5943
  ██████████████████░░░░░░░  73%  Streaming frame 5179/5943
  ██████████████████░░░░░░░  73%  Streaming frame 5180/5943
  ██████████████████░░░░░░░  73%  Streaming frame 5181/5943
  ██████████████████░░░░░░░  73%  Streaming frame 5182/5943
  ██████████████████░░░░░░░  73%  Streaming frame 5183/5943
  ██████████████████░░░░░░░  73%  Streaming frame 5184/5943
  ██████████████████░░░░░░░  73%  Streaming frame 5185/5943
  ██████████████████░░░░░░░  73%  Streaming frame 5186/5943
  ██████████████████░░░░░░░  73%  Streaming frame 5187/5943
  ██████████████████░░░░░░░  73%  Streaming frame 5188/5943
  ██████████████████░░░░░░░  73%  Streaming frame 5189/5943
  ██████████████████░░░░░░░  73%  Streaming frame 5190/5943
  ██████████████████░░░░░░░  73%  Streaming frame 5191/5943
  ██████████████████░░░░░░░  73%  Streaming frame 5192/5943
  ██████████████████░░░░░░░  73%  Streaming frame 5193/5943
  ██████████████████░░░░░░░  73%  Streaming frame 5194/5943
  ██████████████████░░░░░░░  73%  Streaming frame 5195/5943
  ██████████████████░░░░░░░  73%  Streaming frame 5196/5943
  ██████████████████░░░░░░░  73%  Streaming frame 5197/5943
  ██████████████████░░░░░░░  73%  Streaming frame 5198/5943
  ██████████████████░░░░░░░  73%  Streaming frame 5199/5943
  ██████████████████░░░░░░░  73%  Streaming frame 5200/5943
  ██████████████████░░░░░░░  73%  Streaming frame 5201/5943
  ██████████████████░░░░░░░  73%  Streaming frame 5202/5943
  ██████████████████░░░░░░░  73%  Streaming frame 5203/5943
  ██████████████████░░░░░░░  73%  Streaming frame 5204/5943
  ██████████████████░░░░░░░  73%  Streaming frame 5205/5943
  ██████████████████░░░░░░░  73%  Streaming frame 5206/5943
  ██████████████████░░░░░░░  73%  Streaming frame 5207/5943
  ██████████████████░░░░░░░  73%  Streaming frame 5208/5943
  ██████████████████░░░░░░░  73%  Streaming frame 5209/5943
  ██████████████████░░░░░░░  73%  Streaming frame 5210/5943
  ██████████████████░░░░░░░  73%  Streaming frame 5211/5943
  ██████████████████░░░░░░░  73%  Streaming frame 5212/5943
  ██████████████████░░░░░░░  73%  Streaming frame 5213/5943
  ██████████████████░░░░░░░  73%  Streaming frame 5214/5943
  ██████████████████░░░░░░░  73%  Streaming frame 5215/5943
  ██████████████████░░░░░░░  73%  Streaming frame 5216/5943
  ██████████████████░░░░░░░  73%  Streaming frame 5217/5943
  ██████████████████░░░░░░░  73%  Streaming frame 5218/5943
  ██████████████████░░░░░░░  73%  Streaming frame 5219/5943
  ██████████████████░░░░░░░  73%  Streaming frame 5220/5943
  ██████████████████░░░░░░░  73%  Streaming frame 5221/5943
  ██████████████████░░░░░░░  73%  Streaming frame 5222/5943
  ██████████████████░░░░░░░  73%  Streaming frame 5223/5943
  ██████████████████░░░░░░░  73%  Streaming frame 5224/5943
  ██████████████████░░░░░░░  73%  Streaming frame 5225/5943
  ██████████████████░░░░░░░  73%  Streaming frame 5226/5943
  ██████████████████░░░░░░░  73%  Streaming frame 5227/5943
  ██████████████████░░░░░░░  73%  Streaming frame 5228/5943
  ██████████████████░░░░░░░  73%  Streaming frame 5229/5943
  ██████████████████░░░░░░░  73%  Streaming frame 5230/5943
  ██████████████████░░░░░░░  73%  Streaming frame 5231/5943
  ██████████████████░░░░░░░  73%  Streaming frame 5232/5943
  ██████████████████░░░░░░░  73%  Streaming frame 5233/5943
  ██████████████████░░░░░░░  73%  Streaming frame 5234/5943
  ██████████████████░░░░░░░  73%  Streaming frame 5235/5943
  ██████████████████░░░░░░░  73%  Streaming frame 5236/5943
  ██████████████████░░░░░░░  73%  Streaming frame 5237/5943
  ██████████████████░░░░░░░  73%  Streaming frame 5238/5943
  ██████████████████░░░░░░░  73%  Streaming frame 5239/5943
  ██████████████████░░░░░░░  73%  Streaming frame 5240/5943
  ██████████████████░░░░░░░  74%  Streaming frame 5241/5943
  ██████████████████░░░░░░░  74%  Streaming frame 5242/5943
  ██████████████████░░░░░░░  74%  Streaming frame 5243/5943
  ██████████████████░░░░░░░  74%  Streaming frame 5244/5943
  ██████████████████░░░░░░░  74%  Streaming frame 5245/5943
  ██████████████████░░░░░░░  74%  Streaming frame 5246/5943
  ██████████████████░░░░░░░  74%  Streaming frame 5247/5943
  ██████████████████░░░░░░░  74%  Streaming frame 5248/5943
  ██████████████████░░░░░░░  74%  Streaming frame 5249/5943
  ██████████████████░░░░░░░  74%  Streaming frame 5250/5943
  ██████████████████░░░░░░░  74%  Streaming frame 5251/5943
  ██████████████████░░░░░░░  74%  Streaming frame 5252/5943
  ██████████████████░░░░░░░  74%  Streaming frame 5253/5943
  ██████████████████░░░░░░░  74%  Streaming frame 5254/5943
  ██████████████████░░░░░░░  74%  Streaming frame 5255/5943
  ██████████████████░░░░░░░  74%  Streaming frame 5256/5943
  ██████████████████░░░░░░░  74%  Streaming frame 5257/5943
  ██████████████████░░░░░░░  74%  Streaming frame 5258/5943
  ██████████████████░░░░░░░  74%  Streaming frame 5259/5943
  ██████████████████░░░░░░░  74%  Streaming frame 5260/5943
  ██████████████████░░░░░░░  74%  Streaming frame 5261/5943
  ██████████████████░░░░░░░  74%  Streaming frame 5262/5943
  ██████████████████░░░░░░░  74%  Streaming frame 5263/5943
  ██████████████████░░░░░░░  74%  Streaming frame 5264/5943
  ██████████████████░░░░░░░  74%  Streaming frame 5265/5943
  ██████████████████░░░░░░░  74%  Streaming frame 5266/5943
  ██████████████████░░░░░░░  74%  Streaming frame 5267/5943
  ██████████████████░░░░░░░  74%  Streaming frame 5268/5943
  ██████████████████░░░░░░░  74%  Streaming frame 5269/5943
  ██████████████████░░░░░░░  74%  Streaming frame 5270/5943
  ██████████████████░░░░░░░  74%  Streaming frame 5271/5943
  ██████████████████░░░░░░░  74%  Streaming frame 5272/5943
  ██████████████████░░░░░░░  74%  Streaming frame 5273/5943
  ██████████████████░░░░░░░  74%  Streaming frame 5274/5943
  ██████████████████░░░░░░░  74%  Streaming frame 5275/5943
  ██████████████████░░░░░░░  74%  Streaming frame 5276/5943
  ██████████████████░░░░░░░  74%  Streaming frame 5277/5943
  ██████████████████░░░░░░░  74%  Streaming frame 5278/5943
  ██████████████████░░░░░░░  74%  Streaming frame 5279/5943
  ██████████████████░░░░░░░  74%  Streaming frame 5280/5943
  ██████████████████░░░░░░░  74%  Streaming frame 5281/5943
  ██████████████████░░░░░░░  74%  Streaming frame 5282/5943
  ██████████████████░░░░░░░  74%  Streaming frame 5283/5943
  ██████████████████░░░░░░░  74%  Streaming frame 5284/5943
  ██████████████████░░░░░░░  74%  Streaming frame 5285/5943
  ██████████████████░░░░░░░  74%  Streaming frame 5286/5943
  ██████████████████░░░░░░░  74%  Streaming frame 5287/5943
  ██████████████████░░░░░░░  74%  Streaming frame 5288/5943
  ██████████████████░░░░░░░  74%  Streaming frame 5289/5943
  ██████████████████░░░░░░░  74%  Streaming frame 5290/5943
  ██████████████████░░░░░░░  74%  Streaming frame 5291/5943
  ██████████████████░░░░░░░  74%  Streaming frame 5292/5943
  ██████████████████░░░░░░░  74%  Streaming frame 5293/5943
  ██████████████████░░░░░░░  74%  Streaming frame 5294/5943
  ██████████████████░░░░░░░  74%  Streaming frame 5295/5943
  ██████████████████░░░░░░░  74%  Streaming frame 5296/5943
  ██████████████████░░░░░░░  74%  Streaming frame 5297/5943
  ██████████████████░░░░░░░  74%  Streaming frame 5298/5943
  ██████████████████░░░░░░░  74%  Streaming frame 5299/5943
  ██████████████████░░░░░░░  74%  Streaming frame 5300/5943
  ██████████████████░░░░░░░  74%  Streaming frame 5301/5943
  ██████████████████░░░░░░░  74%  Streaming frame 5302/5943
  ██████████████████░░░░░░░  74%  Streaming frame 5303/5943
  ██████████████████░░░░░░░  74%  Streaming frame 5304/5943
  ██████████████████░░░░░░░  74%  Streaming frame 5305/5943
  ██████████████████░░░░░░░  74%  Streaming frame 5306/5943
  ██████████████████░░░░░░░  74%  Streaming frame 5307/5943
  ██████████████████░░░░░░░  74%  Streaming frame 5308/5943
  ██████████████████░░░░░░░  74%  Streaming frame 5309/5943
  ██████████████████░░░░░░░  74%  Streaming frame 5310/5943
  ██████████████████░░░░░░░  74%  Streaming frame 5311/5943
  ██████████████████░░░░░░░  74%  Streaming frame 5312/5943
  ██████████████████░░░░░░░  74%  Streaming frame 5313/5943
  ██████████████████░░░░░░░  74%  Streaming frame 5314/5943
  ██████████████████░░░░░░░  74%  Streaming frame 5315/5943
  ██████████████████░░░░░░░  74%  Streaming frame 5316/5943
  ██████████████████░░░░░░░  74%  Streaming frame 5317/5943
  ██████████████████░░░░░░░  74%  Streaming frame 5318/5943
  ██████████████████░░░░░░░  74%  Streaming frame 5319/5943
  ██████████████████░░░░░░░  74%  Streaming frame 5320/5943
  ██████████████████░░░░░░░  74%  Streaming frame 5321/5943
  ██████████████████░░░░░░░  74%  Streaming frame 5322/5943
  ██████████████████░░░░░░░  74%  Streaming frame 5323/5943
  ██████████████████░░░░░░░  74%  Streaming frame 5324/5943
  ██████████████████░░░░░░░  74%  Streaming frame 5325/5943
  ██████████████████░░░░░░░  74%  Streaming frame 5326/5943
  ██████████████████░░░░░░░  74%  Streaming frame 5327/5943
  ██████████████████░░░░░░░  74%  Streaming frame 5328/5943
  ██████████████████░░░░░░░  74%  Streaming frame 5329/5943
  ██████████████████░░░░░░░  74%  Streaming frame 5330/5943
  ██████████████████░░░░░░░  74%  Streaming frame 5331/5943
  ██████████████████░░░░░░░  74%  Streaming frame 5332/5943
  ██████████████████░░░░░░░  74%  Streaming frame 5333/5943
  ██████████████████░░░░░░░  74%  Streaming frame 5334/5943
  ██████████████████░░░░░░░  74%  Streaming frame 5335/5943
  ██████████████████░░░░░░░  74%  Streaming frame 5336/5943
  ██████████████████░░░░░░░  74%  Streaming frame 5337/5943
  ██████████████████░░░░░░░  74%  Streaming frame 5338/5943
  ██████████████████░░░░░░░  74%  Streaming frame 5339/5943
  ██████████████████░░░░░░░  74%  Streaming frame 5340/5943
  ██████████████████░░░░░░░  74%  Streaming frame 5341/5943
  ██████████████████░░░░░░░  74%  Streaming frame 5342/5943
  ██████████████████░░░░░░░  74%  Streaming frame 5343/5943
  ██████████████████░░░░░░░  74%  Streaming frame 5344/5943
  ██████████████████░░░░░░░  74%  Streaming frame 5345/5943
  ██████████████████░░░░░░░  74%  Streaming frame 5346/5943
  ██████████████████░░░░░░░  74%  Streaming frame 5347/5943
  ██████████████████░░░░░░░  74%  Streaming frame 5348/5943
  ██████████████████░░░░░░░  75%  Streaming frame 5349/5943
  ██████████████████░░░░░░░  75%  Streaming frame 5350/5943
  ██████████████████░░░░░░░  75%  Streaming frame 5351/5943
  ██████████████████░░░░░░░  75%  Streaming frame 5352/5943
  ██████████████████░░░░░░░  75%  Streaming frame 5353/5943
  ██████████████████░░░░░░░  75%  Streaming frame 5354/5943
  ██████████████████░░░░░░░  75%  Streaming frame 5355/5943
  ██████████████████░░░░░░░  75%  Streaming frame 5356/5943
  ██████████████████░░░░░░░  75%  Streaming frame 5357/5943
  ██████████████████░░░░░░░  75%  Streaming frame 5358/5943
  ██████████████████░░░░░░░  75%  Streaming frame 5359/5943
  ██████████████████░░░░░░░  75%  Streaming frame 5360/5943
  ██████████████████░░░░░░░  75%  Streaming frame 5361/5943
  ██████████████████░░░░░░░  75%  Streaming frame 5362/5943
  ██████████████████░░░░░░░  75%  Streaming frame 5363/5943
  ██████████████████░░░░░░░  75%  Streaming frame 5364/5943
  ██████████████████░░░░░░░  75%  Streaming frame 5365/5943
  ██████████████████░░░░░░░  75%  Streaming frame 5366/5943
  ██████████████████░░░░░░░  75%  Streaming frame 5367/5943
  ██████████████████░░░░░░░  75%  Streaming frame 5368/5943
  ██████████████████░░░░░░░  75%  Streaming frame 5369/5943
  ██████████████████░░░░░░░  75%  Streaming frame 5370/5943
  ██████████████████░░░░░░░  75%  Streaming frame 5371/5943
  ██████████████████░░░░░░░  75%  Streaming frame 5372/5943
  ██████████████████░░░░░░░  75%  Streaming frame 5373/5943
  ██████████████████░░░░░░░  75%  Streaming frame 5374/5943
  ██████████████████░░░░░░░  75%  Streaming frame 5375/5943
  ██████████████████░░░░░░░  75%  Streaming frame 5376/5943
  ██████████████████░░░░░░░  75%  Streaming frame 5377/5943
  ██████████████████░░░░░░░  75%  Streaming frame 5378/5943
  ██████████████████░░░░░░░  75%  Streaming frame 5379/5943
  ██████████████████░░░░░░░  75%  Streaming frame 5380/5943
  ██████████████████░░░░░░░  75%  Streaming frame 5381/5943
  ██████████████████░░░░░░░  75%  Streaming frame 5382/5943
  ██████████████████░░░░░░░  75%  Streaming frame 5383/5943
  ██████████████████░░░░░░░  75%  Streaming frame 5384/5943
  ██████████████████░░░░░░░  75%  Streaming frame 5385/5943
  ██████████████████░░░░░░░  75%  Streaming frame 5386/5943
  ██████████████████░░░░░░░  75%  Streaming frame 5387/5943
  ██████████████████░░░░░░░  75%  Streaming frame 5388/5943
  ██████████████████░░░░░░░  75%  Streaming frame 5389/5943
  ██████████████████░░░░░░░  75%  Streaming frame 5390/5943
  ██████████████████░░░░░░░  75%  Streaming frame 5391/5943
  ██████████████████░░░░░░░  75%  Streaming frame 5392/5943
  ██████████████████░░░░░░░  75%  Streaming frame 5393/5943
  ██████████████████░░░░░░░  75%  Streaming frame 5394/5943
  ██████████████████░░░░░░░  75%  Streaming frame 5395/5943
  ██████████████████░░░░░░░  75%  Streaming frame 5396/5943
  ██████████████████░░░░░░░  75%  Streaming frame 5397/5943
  ██████████████████░░░░░░░  75%  Streaming frame 5398/5943
  ██████████████████░░░░░░░  75%  Streaming frame 5399/5943
  ██████████████████░░░░░░░  75%  Streaming frame 5400/5943
  ██████████████████░░░░░░░  75%  Streaming frame 5401/5943
  ██████████████████░░░░░░░  75%  Streaming frame 5402/5943
  ██████████████████░░░░░░░  75%  Streaming frame 5403/5943
  ██████████████████░░░░░░░  75%  Streaming frame 5404/5943
  ██████████████████░░░░░░░  75%  Streaming frame 5405/5943
  ██████████████████░░░░░░░  75%  Streaming frame 5406/5943
  ██████████████████░░░░░░░  75%  Streaming frame 5407/5943
  ██████████████████░░░░░░░  75%  Streaming frame 5408/5943
  ██████████████████░░░░░░░  75%  Streaming frame 5409/5943
  ██████████████████░░░░░░░  75%  Streaming frame 5410/5943
  ██████████████████░░░░░░░  75%  Streaming frame 5411/5943
  ██████████████████░░░░░░░  75%  Streaming frame 5412/5943
  ██████████████████░░░░░░░  75%  Streaming frame 5413/5943
  ██████████████████░░░░░░░  75%  Streaming frame 5414/5943
  ██████████████████░░░░░░░  75%  Streaming frame 5415/5943
  ██████████████████░░░░░░░  75%  Streaming frame 5416/5943
  ██████████████████░░░░░░░  75%  Streaming frame 5417/5943
  ██████████████████░░░░░░░  75%  Streaming frame 5418/5943
  ██████████████████░░░░░░░  75%  Streaming frame 5419/5943
  ██████████████████░░░░░░░  75%  Streaming frame 5420/5943
  ██████████████████░░░░░░░  75%  Streaming frame 5421/5943
  ██████████████████░░░░░░░  75%  Streaming frame 5422/5943
  ██████████████████░░░░░░░  75%  Streaming frame 5423/5943
  ██████████████████░░░░░░░  75%  Streaming frame 5424/5943
  ██████████████████░░░░░░░  75%  Streaming frame 5425/5943
  ██████████████████░░░░░░░  75%  Streaming frame 5426/5943
  ██████████████████░░░░░░░  75%  Streaming frame 5427/5943
  ██████████████████░░░░░░░  75%  Streaming frame 5428/5943
  ██████████████████░░░░░░░  75%  Streaming frame 5429/5943
  ██████████████████░░░░░░░  75%  Streaming frame 5430/5943
  ██████████████████░░░░░░░  75%  Streaming frame 5431/5943
  ██████████████████░░░░░░░  75%  Streaming frame 5432/5943
  ██████████████████░░░░░░░  75%  Streaming frame 5433/5943
  ██████████████████░░░░░░░  75%  Streaming frame 5434/5943
  ██████████████████░░░░░░░  75%  Streaming frame 5435/5943
  ██████████████████░░░░░░░  75%  Streaming frame 5436/5943
  ██████████████████░░░░░░░  75%  Streaming frame 5437/5943
  ██████████████████░░░░░░░  75%  Streaming frame 5438/5943
  ██████████████████░░░░░░░  75%  Streaming frame 5439/5943
  ██████████████████░░░░░░░  75%  Streaming frame 5440/5943
  ██████████████████░░░░░░░  75%  Streaming frame 5441/5943
  ██████████████████░░░░░░░  75%  Streaming frame 5442/5943
  ██████████████████░░░░░░░  75%  Streaming frame 5443/5943
  ██████████████████░░░░░░░  75%  Streaming frame 5444/5943
  ██████████████████░░░░░░░  75%  Streaming frame 5445/5943
  ██████████████████░░░░░░░  75%  Streaming frame 5446/5943
  ██████████████████░░░░░░░  75%  Streaming frame 5447/5943
  ██████████████████░░░░░░░  75%  Streaming frame 5448/5943
  ██████████████████░░░░░░░  75%  Streaming frame 5449/5943
  ██████████████████░░░░░░░  75%  Streaming frame 5450/5943
  ██████████████████░░░░░░░  75%  Streaming frame 5451/5943
  ██████████████████░░░░░░░  75%  Streaming frame 5452/5943
  ██████████████████░░░░░░░  75%  Streaming frame 5453/5943
  ██████████████████░░░░░░░  75%  Streaming frame 5454/5943
  ██████████████████░░░░░░░  75%  Streaming frame 5455/5943
  ██████████████████░░░░░░░  75%  Streaming frame 5456/5943
  ███████████████████░░░░░░  76%  Streaming frame 5457/5943
  ███████████████████░░░░░░  76%  Streaming frame 5458/5943
  ███████████████████░░░░░░  76%  Streaming frame 5459/5943
  ███████████████████░░░░░░  76%  Streaming frame 5460/5943
  ███████████████████░░░░░░  76%  Streaming frame 5461/5943
  ███████████████████░░░░░░  76%  Streaming frame 5462/5943
  ███████████████████░░░░░░  76%  Streaming frame 5463/5943
  ███████████████████░░░░░░  76%  Streaming frame 5464/5943
  ███████████████████░░░░░░  76%  Streaming frame 5465/5943
  ███████████████████░░░░░░  76%  Streaming frame 5466/5943
  ███████████████████░░░░░░  76%  Streaming frame 5467/5943
  ███████████████████░░░░░░  76%  Streaming frame 5468/5943
  ███████████████████░░░░░░  76%  Streaming frame 5469/5943
  ███████████████████░░░░░░  76%  Streaming frame 5470/5943
  ███████████████████░░░░░░  76%  Streaming frame 5471/5943
  ███████████████████░░░░░░  76%  Streaming frame 5472/5943
  ███████████████████░░░░░░  76%  Streaming frame 5473/5943
  ███████████████████░░░░░░  76%  Streaming frame 5474/5943
  ███████████████████░░░░░░  76%  Streaming frame 5475/5943
  ███████████████████░░░░░░  76%  Streaming frame 5476/5943
  ███████████████████░░░░░░  76%  Streaming frame 5477/5943
  ███████████████████░░░░░░  76%  Streaming frame 5478/5943
  ███████████████████░░░░░░  76%  Streaming frame 5479/5943
  ███████████████████░░░░░░  76%  Streaming frame 5480/5943
  ███████████████████░░░░░░  76%  Streaming frame 5481/5943
  ███████████████████░░░░░░  76%  Streaming frame 5482/5943
  ███████████████████░░░░░░  76%  Streaming frame 5483/5943
  ███████████████████░░░░░░  76%  Streaming frame 5484/5943
  ███████████████████░░░░░░  76%  Streaming frame 5485/5943
  ███████████████████░░░░░░  76%  Streaming frame 5486/5943
  ███████████████████░░░░░░  76%  Streaming frame 5487/5943
  ███████████████████░░░░░░  76%  Streaming frame 5488/5943
  ███████████████████░░░░░░  76%  Streaming frame 5489/5943
  ███████████████████░░░░░░  76%  Streaming frame 5490/5943
  ███████████████████░░░░░░  76%  Streaming frame 5491/5943
  ███████████████████░░░░░░  76%  Streaming frame 5492/5943
  ███████████████████░░░░░░  76%  Streaming frame 5493/5943
  ███████████████████░░░░░░  76%  Streaming frame 5494/5943
  ███████████████████░░░░░░  76%  Streaming frame 5495/5943
  ███████████████████░░░░░░  76%  Streaming frame 5496/5943
  ███████████████████░░░░░░  76%  Streaming frame 5497/5943
  ███████████████████░░░░░░  76%  Streaming frame 5498/5943
  ███████████████████░░░░░░  76%  Streaming frame 5499/5943
  ███████████████████░░░░░░  76%  Streaming frame 5500/5943
  ███████████████████░░░░░░  76%  Streaming frame 5501/5943
  ███████████████████░░░░░░  76%  Streaming frame 5502/5943
  ███████████████████░░░░░░  76%  Streaming frame 5503/5943
  ███████████████████░░░░░░  76%  Streaming frame 5504/5943
  ███████████████████░░░░░░  76%  Streaming frame 5505/5943
  ███████████████████░░░░░░  76%  Streaming frame 5506/5943
  ███████████████████░░░░░░  76%  Streaming frame 5507/5943
  ███████████████████░░░░░░  76%  Streaming frame 5508/5943
  ███████████████████░░░░░░  76%  Streaming frame 5509/5943
  ███████████████████░░░░░░  76%  Streaming frame 5510/5943
  ███████████████████░░░░░░  76%  Streaming frame 5511/5943
  ███████████████████░░░░░░  76%  Streaming frame 5512/5943
  ███████████████████░░░░░░  76%  Streaming frame 5513/5943
  ███████████████████░░░░░░  76%  Streaming frame 5514/5943
  ███████████████████░░░░░░  76%  Streaming frame 5515/5943
  ███████████████████░░░░░░  76%  Streaming frame 5516/5943
  ███████████████████░░░░░░  76%  Streaming frame 5517/5943
  ███████████████████░░░░░░  76%  Streaming frame 5518/5943
  ███████████████████░░░░░░  76%  Streaming frame 5519/5943
  ███████████████████░░░░░░  76%  Streaming frame 5520/5943
  ███████████████████░░░░░░  76%  Streaming frame 5521/5943
  ███████████████████░░░░░░  76%  Streaming frame 5522/5943
  ███████████████████░░░░░░  76%  Streaming frame 5523/5943
  ███████████████████░░░░░░  76%  Streaming frame 5524/5943
  ███████████████████░░░░░░  76%  Streaming frame 5525/5943
  ███████████████████░░░░░░  76%  Streaming frame 5526/5943
  ███████████████████░░░░░░  76%  Streaming frame 5527/5943
  ███████████████████░░░░░░  76%  Streaming frame 5528/5943
  ███████████████████░░░░░░  76%  Streaming frame 5529/5943
  ███████████████████░░░░░░  76%  Streaming frame 5530/5943
  ███████████████████░░░░░░  76%  Streaming frame 5531/5943
  ███████████████████░░░░░░  76%  Streaming frame 5532/5943
  ███████████████████░░░░░░  76%  Streaming frame 5533/5943
  ███████████████████░░░░░░  76%  Streaming frame 5534/5943
  ███████████████████░░░░░░  76%  Streaming frame 5535/5943
  ███████████████████░░░░░░  76%  Streaming frame 5536/5943
  ███████████████████░░░░░░  76%  Streaming frame 5537/5943
  ███████████████████░░░░░░  76%  Streaming frame 5538/5943
  ███████████████████░░░░░░  76%  Streaming frame 5539/5943
  ███████████████████░░░░░░  76%  Streaming frame 5540/5943
  ███████████████████░░░░░░  76%  Streaming frame 5541/5943
  ███████████████████░░░░░░  76%  Streaming frame 5542/5943
  ███████████████████░░░░░░  76%  Streaming frame 5543/5943
  ███████████████████░░░░░░  76%  Streaming frame 5544/5943
  ███████████████████░░░░░░  76%  Streaming frame 5545/5943
  ███████████████████░░░░░░  76%  Streaming frame 5546/5943
  ███████████████████░░░░░░  76%  Streaming frame 5547/5943
  ███████████████████░░░░░░  76%  Streaming frame 5548/5943
  ███████████████████░░░░░░  76%  Streaming frame 5549/5943
  ███████████████████░░░░░░  76%  Streaming frame 5550/5943
  ███████████████████░░░░░░  76%  Streaming frame 5551/5943
  ███████████████████░░░░░░  76%  Streaming frame 5552/5943
  ███████████████████░░░░░░  76%  Streaming frame 5553/5943
  ███████████████████░░░░░░  76%  Streaming frame 5554/5943
  ███████████████████░░░░░░  76%  Streaming frame 5555/5943
  ███████████████████░░░░░░  76%  Streaming frame 5556/5943
  ███████████████████░░░░░░  76%  Streaming frame 5557/5943
  ███████████████████░░░░░░  76%  Streaming frame 5558/5943
  ███████████████████░░░░░░  76%  Streaming frame 5559/5943
  ███████████████████░░░░░░  76%  Streaming frame 5560/5943
  ███████████████████░░░░░░  76%  Streaming frame 5561/5943
  ███████████████████░░░░░░  76%  Streaming frame 5562/5943
  ███████████████████░░░░░░  76%  Streaming frame 5563/5943
  ███████████████████░░░░░░  76%  Streaming frame 5564/5943
  ███████████████████░░░░░░  77%  Streaming frame 5565/5943
  ███████████████████░░░░░░  77%  Streaming frame 5566/5943
  ███████████████████░░░░░░  77%  Streaming frame 5567/5943
  ███████████████████░░░░░░  77%  Streaming frame 5568/5943
  ███████████████████░░░░░░  77%  Streaming frame 5569/5943
  ███████████████████░░░░░░  77%  Streaming frame 5570/5943
  ███████████████████░░░░░░  77%  Streaming frame 5571/5943
  ███████████████████░░░░░░  77%  Streaming frame 5572/5943
  ███████████████████░░░░░░  77%  Streaming frame 5573/5943
  ███████████████████░░░░░░  77%  Streaming frame 5574/5943
  ███████████████████░░░░░░  77%  Streaming frame 5575/5943
  ███████████████████░░░░░░  77%  Streaming frame 5576/5943
  ███████████████████░░░░░░  77%  Streaming frame 5577/5943
  ███████████████████░░░░░░  77%  Streaming frame 5578/5943
  ███████████████████░░░░░░  77%  Streaming frame 5579/5943
  ███████████████████░░░░░░  77%  Streaming frame 5580/5943
  ███████████████████░░░░░░  77%  Streaming frame 5581/5943
  ███████████████████░░░░░░  77%  Streaming frame 5582/5943
  ███████████████████░░░░░░  77%  Streaming frame 5583/5943
  ███████████████████░░░░░░  77%  Streaming frame 5584/5943
  ███████████████████░░░░░░  77%  Streaming frame 5585/5943
  ███████████████████░░░░░░  77%  Streaming frame 5586/5943
  ███████████████████░░░░░░  77%  Streaming frame 5587/5943
  ███████████████████░░░░░░  77%  Streaming frame 5588/5943
  ███████████████████░░░░░░  77%  Streaming frame 5589/5943
  ███████████████████░░░░░░  77%  Streaming frame 5590/5943
  ███████████████████░░░░░░  77%  Streaming frame 5591/5943
  ███████████████████░░░░░░  77%  Streaming frame 5592/5943
  ███████████████████░░░░░░  77%  Streaming frame 5593/5943
  ███████████████████░░░░░░  77%  Streaming frame 5594/5943
  ███████████████████░░░░░░  77%  Streaming frame 5595/5943
  ███████████████████░░░░░░  77%  Streaming frame 5596/5943
  ███████████████████░░░░░░  77%  Streaming frame 5597/5943
  ███████████████████░░░░░░  77%  Streaming frame 5598/5943
  ███████████████████░░░░░░  77%  Streaming frame 5599/5943
  ███████████████████░░░░░░  77%  Streaming frame 5600/5943
  ███████████████████░░░░░░  77%  Streaming frame 5601/5943
  ███████████████████░░░░░░  77%  Streaming frame 5602/5943
  ███████████████████░░░░░░  77%  Streaming frame 5603/5943
  ███████████████████░░░░░░  77%  Streaming frame 5604/5943
  ███████████████████░░░░░░  77%  Streaming frame 5605/5943
  ███████████████████░░░░░░  77%  Streaming frame 5606/5943
  ███████████████████░░░░░░  77%  Streaming frame 5607/5943
  ███████████████████░░░░░░  77%  Streaming frame 5608/5943
  ███████████████████░░░░░░  77%  Streaming frame 5609/5943
  ███████████████████░░░░░░  77%  Streaming frame 5610/5943
  ███████████████████░░░░░░  77%  Streaming frame 5611/5943
  ███████████████████░░░░░░  77%  Streaming frame 5612/5943
  ███████████████████░░░░░░  77%  Streaming frame 5613/5943
  ███████████████████░░░░░░  77%  Streaming frame 5614/5943
  ███████████████████░░░░░░  77%  Streaming frame 5615/5943
  ███████████████████░░░░░░  77%  Streaming frame 5616/5943
  ███████████████████░░░░░░  77%  Streaming frame 5617/5943
  ███████████████████░░░░░░  77%  Streaming frame 5618/5943
  ███████████████████░░░░░░  77%  Streaming frame 5619/5943
  ███████████████████░░░░░░  77%  Streaming frame 5620/5943
  ███████████████████░░░░░░  77%  Streaming frame 5621/5943
  ███████████████████░░░░░░  77%  Streaming frame 5622/5943
  ███████████████████░░░░░░  77%  Streaming frame 5623/5943
  ███████████████████░░░░░░  77%  Streaming frame 5624/5943
  ███████████████████░░░░░░  77%  Streaming frame 5625/5943
  ███████████████████░░░░░░  77%  Streaming frame 5626/5943
  ███████████████████░░░░░░  77%  Streaming frame 5627/5943
  ███████████████████░░░░░░  77%  Streaming frame 5628/5943
  ███████████████████░░░░░░  77%  Streaming frame 5629/5943
  ███████████████████░░░░░░  77%  Streaming frame 5630/5943
  ███████████████████░░░░░░  77%  Streaming frame 5631/5943
  ███████████████████░░░░░░  77%  Streaming frame 5632/5943
  ███████████████████░░░░░░  77%  Streaming frame 5633/5943
  ███████████████████░░░░░░  77%  Streaming frame 5634/5943
  ███████████████████░░░░░░  77%  Streaming frame 5635/5943
  ███████████████████░░░░░░  77%  Streaming frame 5636/5943
  ███████████████████░░░░░░  77%  Streaming frame 5637/5943
  ███████████████████░░░░░░  77%  Streaming frame 5638/5943
  ███████████████████░░░░░░  77%  Streaming frame 5639/5943
  ███████████████████░░░░░░  77%  Streaming frame 5640/5943
  ███████████████████░░░░░░  77%  Streaming frame 5641/5943
  ███████████████████░░░░░░  77%  Streaming frame 5642/5943
  ███████████████████░░░░░░  77%  Streaming frame 5643/5943
  ███████████████████░░░░░░  77%  Streaming frame 5644/5943
  ███████████████████░░░░░░  77%  Streaming frame 5645/5943
  ███████████████████░░░░░░  77%  Streaming frame 5646/5943
[INFO] [Render] drawElement self-verify passed {"renderJobId":"0864dc62-23d7-4255-b7df-8658ca5071d6","frame":5646,"psnrDb":"inf"}
  ███████████████████░░░░░░  77%  Streaming frame 5647/5943
  ███████████████████░░░░░░  77%  Streaming frame 5648/5943
  ███████████████████░░░░░░  77%  Streaming frame 5649/5943
  ███████████████████░░░░░░  77%  Streaming frame 5650/5943
  ███████████████████░░░░░░  77%  Streaming frame 5651/5943
  ███████████████████░░░░░░  77%  Streaming frame 5652/5943
  ███████████████████░░░░░░  77%  Streaming frame 5653/5943
  ███████████████████░░░░░░  77%  Streaming frame 5654/5943
  ███████████████████░░░░░░  77%  Streaming frame 5655/5943
  ███████████████████░░░░░░  77%  Streaming frame 5656/5943
  ███████████████████░░░░░░  77%  Streaming frame 5657/5943
  ███████████████████░░░░░░  77%  Streaming frame 5658/5943
  ███████████████████░░░░░░  77%  Streaming frame 5659/5943
  ███████████████████░░░░░░  77%  Streaming frame 5660/5943
  ███████████████████░░░░░░  77%  Streaming frame 5661/5943
  ███████████████████░░░░░░  77%  Streaming frame 5662/5943
  ███████████████████░░░░░░  77%  Streaming frame 5663/5943
  ███████████████████░░░░░░  77%  Streaming frame 5664/5943
  ███████████████████░░░░░░  77%  Streaming frame 5665/5943
  ███████████████████░░░░░░  77%  Streaming frame 5666/5943
  ███████████████████░░░░░░  77%  Streaming frame 5667/5943
  ███████████████████░░░░░░  77%  Streaming frame 5668/5943
  ███████████████████░░░░░░  77%  Streaming frame 5669/5943
  ███████████████████░░░░░░  77%  Streaming frame 5670/5943
  ███████████████████░░░░░░  77%  Streaming frame 5671/5943
  ███████████████████░░░░░░  77%  Streaming frame 5672/5943
  ███████████████████░░░░░░  78%  Streaming frame 5673/5943
  ███████████████████░░░░░░  78%  Streaming frame 5674/5943
  ███████████████████░░░░░░  78%  Streaming frame 5675/5943
  ███████████████████░░░░░░  78%  Streaming frame 5676/5943
  ███████████████████░░░░░░  78%  Streaming frame 5677/5943
  ███████████████████░░░░░░  78%  Streaming frame 5678/5943
  ███████████████████░░░░░░  78%  Streaming frame 5679/5943
  ███████████████████░░░░░░  78%  Streaming frame 5680/5943
  ███████████████████░░░░░░  78%  Streaming frame 5681/5943
  ███████████████████░░░░░░  78%  Streaming frame 5682/5943
  ███████████████████░░░░░░  78%  Streaming frame 5683/5943
  ███████████████████░░░░░░  78%  Streaming frame 5684/5943
  ███████████████████░░░░░░  78%  Streaming frame 5685/5943
  ███████████████████░░░░░░  78%  Streaming frame 5686/5943
  ███████████████████░░░░░░  78%  Streaming frame 5687/5943
  ███████████████████░░░░░░  78%  Streaming frame 5688/5943
  ███████████████████░░░░░░  78%  Streaming frame 5689/5943
  ███████████████████░░░░░░  78%  Streaming frame 5690/5943
  ███████████████████░░░░░░  78%  Streaming frame 5691/5943
  ███████████████████░░░░░░  78%  Streaming frame 5692/5943
  ███████████████████░░░░░░  78%  Streaming frame 5693/5943
  ███████████████████░░░░░░  78%  Streaming frame 5694/5943
  ███████████████████░░░░░░  78%  Streaming frame 5695/5943
  ███████████████████░░░░░░  78%  Streaming frame 5696/5943
  ███████████████████░░░░░░  78%  Streaming frame 5697/5943
  ███████████████████░░░░░░  78%  Streaming frame 5698/5943
  ███████████████████░░░░░░  78%  Streaming frame 5699/5943
  ███████████████████░░░░░░  78%  Streaming frame 5700/5943
  ███████████████████░░░░░░  78%  Streaming frame 5701/5943
  ███████████████████░░░░░░  78%  Streaming frame 5702/5943
  ███████████████████░░░░░░  78%  Streaming frame 5703/5943
  ███████████████████░░░░░░  78%  Streaming frame 5704/5943
  ███████████████████░░░░░░  78%  Streaming frame 5705/5943
  ███████████████████░░░░░░  78%  Streaming frame 5706/5943
  ███████████████████░░░░░░  78%  Streaming frame 5707/5943
  ███████████████████░░░░░░  78%  Streaming frame 5708/5943
  ███████████████████░░░░░░  78%  Streaming frame 5709/5943
  ███████████████████░░░░░░  78%  Streaming frame 5710/5943
  ███████████████████░░░░░░  78%  Streaming frame 5711/5943
  ███████████████████░░░░░░  78%  Streaming frame 5712/5943
  ███████████████████░░░░░░  78%  Streaming frame 5713/5943
  ███████████████████░░░░░░  78%  Streaming frame 5714/5943
  ███████████████████░░░░░░  78%  Streaming frame 5715/5943
  ███████████████████░░░░░░  78%  Streaming frame 5716/5943
  ███████████████████░░░░░░  78%  Streaming frame 5717/5943
  ███████████████████░░░░░░  78%  Streaming frame 5718/5943
  ███████████████████░░░░░░  78%  Streaming frame 5719/5943
  ███████████████████░░░░░░  78%  Streaming frame 5720/5943
  ███████████████████░░░░░░  78%  Streaming frame 5721/5943
  ███████████████████░░░░░░  78%  Streaming frame 5722/5943
  ███████████████████░░░░░░  78%  Streaming frame 5723/5943
  ███████████████████░░░░░░  78%  Streaming frame 5724/5943
  ███████████████████░░░░░░  78%  Streaming frame 5725/5943
  ███████████████████░░░░░░  78%  Streaming frame 5726/5943
  ███████████████████░░░░░░  78%  Streaming frame 5727/5943
  ███████████████████░░░░░░  78%  Streaming frame 5728/5943
  ███████████████████░░░░░░  78%  Streaming frame 5729/5943
  ███████████████████░░░░░░  78%  Streaming frame 5730/5943
  ███████████████████░░░░░░  78%  Streaming frame 5731/5943
  ███████████████████░░░░░░  78%  Streaming frame 5732/5943
  ███████████████████░░░░░░  78%  Streaming frame 5733/5943
  ███████████████████░░░░░░  78%  Streaming frame 5734/5943
  ███████████████████░░░░░░  78%  Streaming frame 5735/5943
  ███████████████████░░░░░░  78%  Streaming frame 5736/5943
  ███████████████████░░░░░░  78%  Streaming frame 5737/5943
  ███████████████████░░░░░░  78%  Streaming frame 5738/5943
  ███████████████████░░░░░░  78%  Streaming frame 5739/5943
  ███████████████████░░░░░░  78%  Streaming frame 5740/5943
  ███████████████████░░░░░░  78%  Streaming frame 5741/5943
  ███████████████████░░░░░░  78%  Streaming frame 5742/5943
  ███████████████████░░░░░░  78%  Streaming frame 5743/5943
  ███████████████████░░░░░░  78%  Streaming frame 5744/5943
  ███████████████████░░░░░░  78%  Streaming frame 5745/5943
  ███████████████████░░░░░░  78%  Streaming frame 5746/5943
  ███████████████████░░░░░░  78%  Streaming frame 5747/5943
  ███████████████████░░░░░░  78%  Streaming frame 5748/5943
  ███████████████████░░░░░░  78%  Streaming frame 5749/5943
  ███████████████████░░░░░░  78%  Streaming frame 5750/5943
  ███████████████████░░░░░░  78%  Streaming frame 5751/5943
  ███████████████████░░░░░░  78%  Streaming frame 5752/5943
  ███████████████████░░░░░░  78%  Streaming frame 5753/5943
  ███████████████████░░░░░░  78%  Streaming frame 5754/5943
  ███████████████████░░░░░░  78%  Streaming frame 5755/5943
  ███████████████████░░░░░░  78%  Streaming frame 5756/5943
  ███████████████████░░░░░░  78%  Streaming frame 5757/5943
  ███████████████████░░░░░░  78%  Streaming frame 5758/5943
  ███████████████████░░░░░░  78%  Streaming frame 5759/5943
  ███████████████████░░░░░░  78%  Streaming frame 5760/5943
  ███████████████████░░░░░░  78%  Streaming frame 5761/5943
  ███████████████████░░░░░░  78%  Streaming frame 5762/5943
  ███████████████████░░░░░░  78%  Streaming frame 5763/5943
  ███████████████████░░░░░░  78%  Streaming frame 5764/5943
  ███████████████████░░░░░░  78%  Streaming frame 5765/5943
  ███████████████████░░░░░░  78%  Streaming frame 5766/5943
  ███████████████████░░░░░░  78%  Streaming frame 5767/5943
  ███████████████████░░░░░░  78%  Streaming frame 5768/5943
  ███████████████████░░░░░░  78%  Streaming frame 5769/5943
  ███████████████████░░░░░░  78%  Streaming frame 5770/5943
  ███████████████████░░░░░░  78%  Streaming frame 5771/5943
  ███████████████████░░░░░░  78%  Streaming frame 5772/5943
  ███████████████████░░░░░░  78%  Streaming frame 5773/5943
  ███████████████████░░░░░░  78%  Streaming frame 5774/5943
  ███████████████████░░░░░░  78%  Streaming frame 5775/5943
  ███████████████████░░░░░░  78%  Streaming frame 5776/5943
  ███████████████████░░░░░░  78%  Streaming frame 5777/5943
  ███████████████████░░░░░░  78%  Streaming frame 5778/5943
  ███████████████████░░░░░░  78%  Streaming frame 5779/5943
  ███████████████████░░░░░░  78%  Streaming frame 5780/5943
  ███████████████████░░░░░░  79%  Streaming frame 5781/5943
  ███████████████████░░░░░░  79%  Streaming frame 5782/5943
  ███████████████████░░░░░░  79%  Streaming frame 5783/5943
  ███████████████████░░░░░░  79%  Streaming frame 5784/5943
  ███████████████████░░░░░░  79%  Streaming frame 5785/5943
  ███████████████████░░░░░░  79%  Streaming frame 5786/5943
  ███████████████████░░░░░░  79%  Streaming frame 5787/5943
  ███████████████████░░░░░░  79%  Streaming frame 5788/5943
  ███████████████████░░░░░░  79%  Streaming frame 5789/5943
  ███████████████████░░░░░░  79%  Streaming frame 5790/5943
  ███████████████████░░░░░░  79%  Streaming frame 5791/5943
  ███████████████████░░░░░░  79%  Streaming frame 5792/5943
  ███████████████████░░░░░░  79%  Streaming frame 5793/5943
  ███████████████████░░░░░░  79%  Streaming frame 5794/5943
  ███████████████████░░░░░░  79%  Streaming frame 5795/5943
  ███████████████████░░░░░░  79%  Streaming frame 5796/5943
  ███████████████████░░░░░░  79%  Streaming frame 5797/5943
  ███████████████████░░░░░░  79%  Streaming frame 5798/5943
  ███████████████████░░░░░░  79%  Streaming frame 5799/5943
  ███████████████████░░░░░░  79%  Streaming frame 5800/5943
  ███████████████████░░░░░░  79%  Streaming frame 5801/5943
  ███████████████████░░░░░░  79%  Streaming frame 5802/5943
  ███████████████████░░░░░░  79%  Streaming frame 5803/5943
  ███████████████████░░░░░░  79%  Streaming frame 5804/5943
  ███████████████████░░░░░░  79%  Streaming frame 5805/5943
  ███████████████████░░░░░░  79%  Streaming frame 5806/5943
  ███████████████████░░░░░░  79%  Streaming frame 5807/5943
  ███████████████████░░░░░░  79%  Streaming frame 5808/5943
  ███████████████████░░░░░░  79%  Streaming frame 5809/5943
  ███████████████████░░░░░░  79%  Streaming frame 5810/5943
  ███████████████████░░░░░░  79%  Streaming frame 5811/5943
  ███████████████████░░░░░░  79%  Streaming frame 5812/5943
  ███████████████████░░░░░░  79%  Streaming frame 5813/5943
  ███████████████████░░░░░░  79%  Streaming frame 5814/5943
  ███████████████████░░░░░░  79%  Streaming frame 5815/5943
  ███████████████████░░░░░░  79%  Streaming frame 5816/5943
  ███████████████████░░░░░░  79%  Streaming frame 5817/5943
  ███████████████████░░░░░░  79%  Streaming frame 5818/5943
  ███████████████████░░░░░░  79%  Streaming frame 5819/5943
  ███████████████████░░░░░░  79%  Streaming frame 5820/5943
  ███████████████████░░░░░░  79%  Streaming frame 5821/5943
  ███████████████████░░░░░░  79%  Streaming frame 5822/5943
  ███████████████████░░░░░░  79%  Streaming frame 5823/5943
  ███████████████████░░░░░░  79%  Streaming frame 5824/5943
  ███████████████████░░░░░░  79%  Streaming frame 5825/5943
  ███████████████████░░░░░░  79%  Streaming frame 5826/5943
  ███████████████████░░░░░░  79%  Streaming frame 5827/5943
  ███████████████████░░░░░░  79%  Streaming frame 5828/5943
  ███████████████████░░░░░░  79%  Streaming frame 5829/5943
  ███████████████████░░░░░░  79%  Streaming frame 5830/5943
  ███████████████████░░░░░░  79%  Streaming frame 5831/5943
  ███████████████████░░░░░░  79%  Streaming frame 5832/5943
  ███████████████████░░░░░░  79%  Streaming frame 5833/5943
  ███████████████████░░░░░░  79%  Streaming frame 5834/5943
  ███████████████████░░░░░░  79%  Streaming frame 5835/5943
  ███████████████████░░░░░░  79%  Streaming frame 5836/5943
  ███████████████████░░░░░░  79%  Streaming frame 5837/5943
  ███████████████████░░░░░░  79%  Streaming frame 5838/5943
  ███████████████████░░░░░░  79%  Streaming frame 5839/5943
  ███████████████████░░░░░░  79%  Streaming frame 5840/5943
  ███████████████████░░░░░░  79%  Streaming frame 5841/5943
  ███████████████████░░░░░░  79%  Streaming frame 5842/5943
  ███████████████████░░░░░░  79%  Streaming frame 5843/5943
  ███████████████████░░░░░░  79%  Streaming frame 5844/5943
  ███████████████████░░░░░░  79%  Streaming frame 5845/5943
  ███████████████████░░░░░░  79%  Streaming frame 5846/5943
  ███████████████████░░░░░░  79%  Streaming frame 5847/5943
  ███████████████████░░░░░░  79%  Streaming frame 5848/5943
  ███████████████████░░░░░░  79%  Streaming frame 5849/5943
  ███████████████████░░░░░░  79%  Streaming frame 5850/5943
  ███████████████████░░░░░░  79%  Streaming frame 5851/5943
  ███████████████████░░░░░░  79%  Streaming frame 5852/5943
  ███████████████████░░░░░░  79%  Streaming frame 5853/5943
  ███████████████████░░░░░░  79%  Streaming frame 5854/5943
  ███████████████████░░░░░░  79%  Streaming frame 5855/5943
  ███████████████████░░░░░░  79%  Streaming frame 5856/5943
  ███████████████████░░░░░░  79%  Streaming frame 5857/5943
  ███████████████████░░░░░░  79%  Streaming frame 5858/5943
  ███████████████████░░░░░░  79%  Streaming frame 5859/5943
  ███████████████████░░░░░░  79%  Streaming frame 5860/5943
  ███████████████████░░░░░░  79%  Streaming frame 5861/5943
  ███████████████████░░░░░░  79%  Streaming frame 5862/5943
  ███████████████████░░░░░░  79%  Streaming frame 5863/5943
  ███████████████████░░░░░░  79%  Streaming frame 5864/5943
  ███████████████████░░░░░░  79%  Streaming frame 5865/5943
  ███████████████████░░░░░░  79%  Streaming frame 5866/5943
  ███████████████████░░░░░░  79%  Streaming frame 5867/5943
  ███████████████████░░░░░░  79%  Streaming frame 5868/5943
  ███████████████████░░░░░░  79%  Streaming frame 5869/5943
  ███████████████████░░░░░░  79%  Streaming frame 5870/5943
  ███████████████████░░░░░░  79%  Streaming frame 5871/5943
  ███████████████████░░░░░░  79%  Streaming frame 5872/5943
  ███████████████████░░░░░░  79%  Streaming frame 5873/5943
  ███████████████████░░░░░░  79%  Streaming frame 5874/5943
  ███████████████████░░░░░░  79%  Streaming frame 5875/5943
  ███████████████████░░░░░░  79%  Streaming frame 5876/5943
  ███████████████████░░░░░░  79%  Streaming frame 5877/5943
  ███████████████████░░░░░░  79%  Streaming frame 5878/5943
  ███████████████████░░░░░░  79%  Streaming frame 5879/5943
  ███████████████████░░░░░░  79%  Streaming frame 5880/5943
  ███████████████████░░░░░░  79%  Streaming frame 5881/5943
  ███████████████████░░░░░░  79%  Streaming frame 5882/5943
  ███████████████████░░░░░░  79%  Streaming frame 5883/5943
  ███████████████████░░░░░░  79%  Streaming frame 5884/5943
  ███████████████████░░░░░░  79%  Streaming frame 5885/5943
  ███████████████████░░░░░░  79%  Streaming frame 5886/5943
  ███████████████████░░░░░░  79%  Streaming frame 5887/5943
  ███████████████████░░░░░░  79%  Streaming frame 5888/5943
  ████████████████████░░░░░  80%  Streaming frame 5889/5943
  ████████████████████░░░░░  80%  Streaming frame 5890/5943
  ████████████████████░░░░░  80%  Streaming frame 5891/5943
  ████████████████████░░░░░  80%  Streaming frame 5892/5943
  ████████████████████░░░░░  80%  Streaming frame 5893/5943
  ████████████████████░░░░░  80%  Streaming frame 5894/5943
  ████████████████████░░░░░  80%  Streaming frame 5895/5943
  ████████████████████░░░░░  80%  Streaming frame 5896/5943
  ████████████████████░░░░░  80%  Streaming frame 5897/5943
  ████████████████████░░░░░  80%  Streaming frame 5898/5943
  ████████████████████░░░░░  80%  Streaming frame 5899/5943
  ████████████████████░░░░░  80%  Streaming frame 5900/5943
  ████████████████████░░░░░  80%  Streaming frame 5901/5943
  ████████████████████░░░░░  80%  Streaming frame 5902/5943
  ████████████████████░░░░░  80%  Streaming frame 5903/5943
  ████████████████████░░░░░  80%  Streaming frame 5904/5943
  ████████████████████░░░░░  80%  Streaming frame 5905/5943
  ████████████████████░░░░░  80%  Streaming frame 5906/5943
  ████████████████████░░░░░  80%  Streaming frame 5907/5943
  ████████████████████░░░░░  80%  Streaming frame 5908/5943
  ████████████████████░░░░░  80%  Streaming frame 5909/5943
  ████████████████████░░░░░  80%  Streaming frame 5910/5943
  ████████████████████░░░░░  80%  Streaming frame 5911/5943
  ████████████████████░░░░░  80%  Streaming frame 5912/5943
  ████████████████████░░░░░  80%  Streaming frame 5913/5943
  ████████████████████░░░░░  80%  Streaming frame 5914/5943
  ████████████████████░░░░░  80%  Streaming frame 5915/5943
  ████████████████████░░░░░  80%  Streaming frame 5916/5943
  ████████████████████░░░░░  80%  Streaming frame 5917/5943
  ████████████████████░░░░░  80%  Streaming frame 5918/5943
  ████████████████████░░░░░  80%  Streaming frame 5919/5943
  ████████████████████░░░░░  80%  Streaming frame 5920/5943
  ████████████████████░░░░░  80%  Streaming frame 5921/5943
  ████████████████████░░░░░  80%  Streaming frame 5922/5943
  ████████████████████░░░░░  80%  Streaming frame 5923/5943
  ████████████████████░░░░░  80%  Streaming frame 5924/5943
  ████████████████████░░░░░  80%  Streaming frame 5925/5943
  ████████████████████░░░░░  80%  Streaming frame 5926/5943
  ████████████████████░░░░░  80%  Streaming frame 5927/5943
  ████████████████████░░░░░  80%  Streaming frame 5928/5943
  ████████████████████░░░░░  80%  Streaming frame 5929/5943
  ████████████████████░░░░░  80%  Streaming frame 5930/5943
  ████████████████████░░░░░  80%  Streaming frame 5931/5943
  ████████████████████░░░░░  80%  Streaming frame 5932/5943
  ████████████████████░░░░░  80%  Streaming frame 5933/5943
  ████████████████████░░░░░  80%  Streaming frame 5934/5943
  ████████████████████░░░░░  80%  Streaming frame 5935/5943
  ████████████████████░░░░░  80%  Streaming frame 5936/5943
  ████████████████████░░░░░  80%  Streaming frame 5937/5943
  ████████████████████░░░░░  80%  Streaming frame 5938/5943
  ████████████████████░░░░░  80%  Streaming frame 5939/5943
  ████████████████████░░░░░  80%  Streaming frame 5940/5943
  ████████████████████░░░░░  80%  Streaming frame 5941/5943
  ████████████████████░░░░░  80%  Streaming frame 5942/5943
  ████████████████████░░░░░  80%  Streaming frame 5943/5943
[INFO] [Render:trace] {"renderJobId":"0864dc62-23d7-4255-b7df-8658ca5071d6","phase":"capture_streaming","status":"end","elapsedMs":114416,"durationMs":108503,"stagePhase":"capturing","workerCount":1,"forceScreenshot":false,"totalFrames":5943,"framesCompleted":5943,"captureMode":"drawelement","captureOperation":"encode"}
[INFO] [Render:trace] {"renderJobId":"0864dc62-23d7-4255-b7df-8658ca5071d6","phase":"assemble","status":"start","elapsedMs":114417,"stagePhase":"capturing","hasAudio":true,"workerCount":1,"forceScreenshot":false,"totalFrames":5943,"framesCompleted":5943,"captureMode":"drawelement","captureOperation":"encode"}
  ██████████████████████░░░  90%  Assembling final video
[INFO] [Render:trace] {"renderJobId":"0864dc62-23d7-4255-b7df-8658ca5071d6","phase":"assemble","status":"end","elapsedMs":119576,"durationMs":5159,"stagePhase":"capturing","hasAudio":true,"workerCount":1,"forceScreenshot":false,"totalFrames":5943,"framesCompleted":5943,"captureMode":"drawelement","captureOperation":"encode"}
[INFO] [Render:trace] {"renderJobId":"0864dc62-23d7-4255-b7df-8658ca5071d6","phase":"pipeline","status":"checkpoint","elapsedMs":119626,"message":"artifact validated","totalElapsedMs":119597}
  █████████████████████████  100%  Render complete

◇  /Users/brownmanbrain/GitHub/operator-economy/blueprint-cinema/experiments/EP007-NET-NEW-UNFINISHED-ANSWER-003/hyperframes/reviews/r36-buyer-demand/qa/r36-full-review.mp4
   20.6 MB · 4m 7.6s video · rendered in 1m 59.6s
