
◆  Rendering r36-buyer-demand → /Users/brownmanbrain/GitHub/operator-economy/blueprint-cinema/experiments/EP007-NET-NEW-UNFINISHED-ANSWER-003/hyperframes/reviews/r36-buyer-demand/qa/r36-full-review.mp4
   24fps · draft · 1 workers
   GPU: browser GPU (auto-detect)

[?25l│
◇  Browser: cache
[?25h[INFO] [Render] Pipeline started {"renderJobId":"2c00112f-3f00-4c3d-9ae6-59da28575b86","platform":"darwin","arch":"arm64","nodeVersion":"v25.6.1","fps":{"num":24,"den":1},"format":"mp4","quality":"draft","browserGpuMode":"auto","forceScreenshot":false,"protocolTimeout":300000,"browserTimeout":120000,"pageNavigationTimeout":60000,"playerReadyTimeout":45000}
[INFO] [Render:trace] {"renderJobId":"2c00112f-3f00-4c3d-9ae6-59da28575b86","phase":"pipeline","status":"checkpoint","elapsedMs":1,"message":"started","format":"mp4","quality":"draft","browserGpuMode":"auto","forceScreenshot":false,"protocolTimeoutMs":300000,"pageNavigationTimeoutMs":60000,"playerReadyTimeoutMs":45000,"requestedWorkers":1}
[INFO] [Render:trace] {"renderJobId":"2c00112f-3f00-4c3d-9ae6-59da28575b86","phase":"compile","status":"start","elapsedMs":2,"needsAlpha":false}
  █░░░░░░░░░░░░░░░░░░░░░░░░  5%  Compiling composition
[INFO] [Compiler] Fetched 7 font face(s) for "EB Garamond" from Google Fonts (cached to /Users/brownmanbrain/.cache/hyperframes/fonts/eb-garamond)
[INFO] [Compiler] Injected deterministic @font-face rules for 1 requested font families
[INFO] [Compiler] Embedded local font file: public/fonts/boska-700.woff2 (30 KB → data URI)
[INFO] [Compiler] Embedded local font file: public/fonts/zodiak-700.woff2 (21 KB → data URI)
[INFO] [Compiler] Embedded local font file: public/fonts/supreme-400.woff2 (18 KB → data URI)
[INFO] [Compiler] Embedded local font file: public/fonts/supreme-500.woff2 (18 KB → data URI)
[INFO] Compiled composition metadata {"renderJobId":"2c00112f-3f00-4c3d-9ae6-59da28575b86","entryFile":"index.html","staticDuration":247.625,"width":1280,"height":720,"videoCount":15,"audioCount":6,"renderModeHints":{"recommendScreenshot":false,"reasons":[]}}
[WARN] [Compiler] WARNING: Video "avatar-hook" has sparse keyframes (max interval: 10.42s). This causes seek failures and frame freezing. Re-encode with: ffmpeg -i "public/media/avatar-v5-opening.mp4" -c:v libx264 -r 30 -g 30 -keyint_min 30 -movflags +faststart -c:a copy output.mp4
[WARN] [Compiler] WARNING: Video "workshop-wide" has sparse keyframes (max interval: 13.75s). This causes seek failures and frame freezing. Re-encode with: ffmpeg -i "public/media/establishing.mp4" -c:v libx264 -r 30 -g 30 -keyint_min 30 -movflags +faststart -c:a copy output.mp4
[WARN] [Compiler] WARNING: Video "owner-confidence" has sparse keyframes (max interval: 13.75s). This causes seek failures and frame freezing. Re-encode with: ffmpeg -i "public/media/establishing.mp4" -c:v libx264 -r 30 -g 30 -keyint_min 30 -movflags +faststart -c:a copy output.mp4
[WARN] [Compiler] WARNING: Video "buyer-numbers" has sparse keyframes (max interval: 13.75s). This causes seek failures and frame freezing. Re-encode with: ffmpeg -i "public/media/establishing.mp4" -c:v libx264 -r 30 -g 30 -keyint_min 30 -movflags +faststart -c:a copy output.mp4
[WARN] [Compiler] WARNING: Video "m-seller-video" has sparse keyframes (max interval: 13.75s). This causes seek failures and frame freezing. Re-encode with: ffmpeg -i "public/media/establishing.mp4" -c:v libx264 -r 30 -g 30 -keyint_min 30 -movflags +faststart -c:a copy output.mp4
[WARN] [Compiler] WARNING: Video "buyer-scrutiny-r36" has sparse keyframes (max interval: 13.75s). This causes seek failures and frame freezing. Re-encode with: ffmpeg -i "public/media/establishing.mp4" -c:v libx264 -r 30 -g 30 -keyint_min 30 -movflags +faststart -c:a copy output.mp4
[WARN] [Compiler] WARNING: Video "avatar-post-title" has sparse keyframes (max interval: 10.42s). This causes seek failures and frame freezing. Re-encode with: ffmpeg -i "public/media/v5-post-title-continuous.mp4" -c:v libx264 -r 30 -g 30 -keyint_min 30 -movflags +faststart -c:a copy output.mp4
[WARN] [Compiler] WARNING: Video "q-speaking" has sparse keyframes (max interval: 10.42s). This causes seek failures and frame freezing. Re-encode with: ffmpeg -i "public/media/question-pensive-r32-with-pause.mp4" -c:v libx264 -r 30 -g 30 -keyint_min 30 -movflags +faststart -c:a copy output.mp4
[INFO] [Render:trace] {"renderJobId":"2c00112f-3f00-4c3d-9ae6-59da28575b86","phase":"compile","status":"end","elapsedMs":605,"durationMs":603,"needsAlpha":false}
[INFO] [Render:trace] {"renderJobId":"2c00112f-3f00-4c3d-9ae6-59da28575b86","phase":"compile","status":"checkpoint","elapsedMs":607,"message":"composition metadata resolved","width":1280,"height":720,"videoCount":15,"audioCount":6,"imageCount":9,"deviceScaleFactor":1,"forceScreenshot":false,"compositionHash":"c3dfc5e8a43473c4"}
[INFO] [Render] Low-memory render profile active — screenshot capture, auto-worker calibration skipped. Override with --no-low-memory-mode or PRODUCER_LOW_MEMORY_MODE=false. {"renderJobId":"2c00112f-3f00-4c3d-9ae6-59da28575b86","totalMemMb":16384,"thresholdMb":8192}
[INFO] [Render:trace] {"renderJobId":"2c00112f-3f00-4c3d-9ae6-59da28575b86","phase":"browser_probe","status":"start","elapsedMs":607,"forceScreenshot":true,"stagePhase":"calibrating"}
[INFO] [Render:trace] {"renderJobId":"2c00112f-3f00-4c3d-9ae6-59da28575b86","phase":"browser_probe","status":"end","elapsedMs":635,"durationMs":28,"forceScreenshot":true,"stagePhase":"calibrating"}
[INFO] [Render:trace] {"renderJobId":"2c00112f-3f00-4c3d-9ae6-59da28575b86","phase":"browser_probe","status":"checkpoint","elapsedMs":637,"message":"duration resolved","durationSeconds":247.625,"totalFrames":5943,"compositionHash":"c3dfc5e8a43473c4","beginFrameStalled":false}
[INFO] [Render:trace] {"renderJobId":"2c00112f-3f00-4c3d-9ae6-59da28575b86","phase":"video_extract","status":"start","elapsedMs":637,"videoCount":15}
[INFO] Probing video color spaces... {"renderJobId":"2c00112f-3f00-4c3d-9ae6-59da28575b86","videoCount":15}
  ██░░░░░░░░░░░░░░░░░░░░░░░  10%  Extracting video frames
[INFO] Extracting frames from video 1/15 {"renderJobId":"2c00112f-3f00-4c3d-9ae6-59da28575b86","sourceType":"local"}
[INFO] Extracting frames from video 2/15 {"renderJobId":"2c00112f-3f00-4c3d-9ae6-59da28575b86","sourceType":"local"}
[INFO] Extracting frames from video 3/15 {"renderJobId":"2c00112f-3f00-4c3d-9ae6-59da28575b86","sourceType":"local"}
[INFO] Extracting frames from video 4/15 {"renderJobId":"2c00112f-3f00-4c3d-9ae6-59da28575b86","sourceType":"local"}
[INFO] Extracting frames from video 5/15 {"renderJobId":"2c00112f-3f00-4c3d-9ae6-59da28575b86","sourceType":"local"}
[INFO] Extracting frames from video 6/15 {"renderJobId":"2c00112f-3f00-4c3d-9ae6-59da28575b86","sourceType":"local"}
[INFO] Extracting frames from video 7/15 {"renderJobId":"2c00112f-3f00-4c3d-9ae6-59da28575b86","sourceType":"local"}
[INFO] Extracting frames from video 8/15 {"renderJobId":"2c00112f-3f00-4c3d-9ae6-59da28575b86","sourceType":"local"}
[INFO] Extracting frames from video 9/15 {"renderJobId":"2c00112f-3f00-4c3d-9ae6-59da28575b86","sourceType":"local"}
[INFO] Extracting frames from video 10/15 {"renderJobId":"2c00112f-3f00-4c3d-9ae6-59da28575b86","sourceType":"local"}
[INFO] Extracting frames from video 11/15 {"renderJobId":"2c00112f-3f00-4c3d-9ae6-59da28575b86","sourceType":"local"}
[INFO] Extracting frames from video 12/15 {"renderJobId":"2c00112f-3f00-4c3d-9ae6-59da28575b86","sourceType":"local"}
[INFO] Extracting frames from video 13/15 {"renderJobId":"2c00112f-3f00-4c3d-9ae6-59da28575b86","sourceType":"local"}
[INFO] Extracting frames from video 14/15 {"renderJobId":"2c00112f-3f00-4c3d-9ae6-59da28575b86","sourceType":"local"}
[INFO] Extracting frames from video 15/15 {"renderJobId":"2c00112f-3f00-4c3d-9ae6-59da28575b86","sourceType":"local"}
[INFO] [Render:trace] {"renderJobId":"2c00112f-3f00-4c3d-9ae6-59da28575b86","phase":"video_extract","status":"end","elapsedMs":656,"durationMs":19,"videoCount":15}
[INFO] [Render:trace] {"renderJobId":"2c00112f-3f00-4c3d-9ae6-59da28575b86","phase":"video_extract","status":"checkpoint","elapsedMs":660,"message":"frames resolved","videoCount":15,"extractedVideoCount":15,"totalFramesExtracted":2018,"maxFramesPerVideo":360,"avgFramesPerExtractedVideo":135,"vfrPreflightCount":0,"vfrPreflightMs":0,"cacheHits":15,"cacheMisses":0,"transientRetries":0,"minVideoFrameCoverageRatio":1,"authoredTimedClipCount":31}
[INFO] [Render] No HDR sources detected — rendering SDR {"renderJobId":"2c00112f-3f00-4c3d-9ae6-59da28575b86"}
[INFO] [Render:trace] {"renderJobId":"2c00112f-3f00-4c3d-9ae6-59da28575b86","phase":"hdr_detection","status":"checkpoint","elapsedMs":660,"message":"resolved","requestedHdrMode":"auto","effectiveHdr":"sdr","nativeHdrVideoCount":0,"nativeHdrImageCount":0}
[INFO] [Render:trace] {"renderJobId":"2c00112f-3f00-4c3d-9ae6-59da28575b86","phase":"audio_process","status":"start","elapsedMs":660,"audioCount":6}
  █████░░░░░░░░░░░░░░░░░░░░  20%  Processing audio tracks
[INFO] [Render:trace] {"renderJobId":"2c00112f-3f00-4c3d-9ae6-59da28575b86","phase":"audio_process","status":"end","elapsedMs":5448,"durationMs":4788,"audioCount":6}
[INFO] [Render:trace] {"renderJobId":"2c00112f-3f00-4c3d-9ae6-59da28575b86","phase":"file_server","status":"start","elapsedMs":5449,"reused":false}
  ██████░░░░░░░░░░░░░░░░░░░  25%  Starting frame capture
[INFO] [Render:trace] {"renderJobId":"2c00112f-3f00-4c3d-9ae6-59da28575b86","phase":"file_server","status":"end","elapsedMs":5463,"durationMs":13}
[hyperframes] browserGpuMode probe → hardware (WebGL renderer vendor="Google Inc. (Apple)" renderer="ANGLE (Apple, ANGLE Metal Renderer: Apple M4, Unspecified Version)")
[INFO] [Render:trace] {"renderJobId":"2c00112f-3f00-4c3d-9ae6-59da28575b86","phase":"capture_calibration","status":"checkpoint","elapsedMs":5674,"message":"skipped","requestedWorkers":1,"totalFrames":5943,"htmlInCanvasDetected":false,"lowMemoryMode":true,"deInversionEligible":false,"deParallelRouterEligible":false}
[INFO] [Render:trace] {"renderJobId":"2c00112f-3f00-4c3d-9ae6-59da28575b86","phase":"worker_resolution","status":"checkpoint","elapsedMs":5675,"message":"resolved","workerCount":1}
[INFO] streaming-encode gate {"renderJobId":"2c00112f-3f00-4c3d-9ae6-59da28575b86","enabled":true,"configFlag":true,"outputFormat":"mp4","workerCount":1,"durationSeconds":247.625,"maxDurationSeconds":240}
[INFO] [Render:trace] {"renderJobId":"2c00112f-3f00-4c3d-9ae6-59da28575b86","phase":"capture_strategy","status":"checkpoint","elapsedMs":5675,"message":"resolved","workerCount":1,"forceScreenshot":true,"captureBeyondViewport":true,"useStreamingEncode":true,"useLayeredComposite":false,"usePageSideCompositing":false,"hasHdrContent":false,"hasShaderTransitions":false,"isPngSequence":false}
[INFO] [Render:trace] {"renderJobId":"2c00112f-3f00-4c3d-9ae6-59da28575b86","phase":"capture_streaming","status":"start","elapsedMs":5675,"stagePhase":"capturing","workerCount":1,"forceScreenshot":true,"totalFrames":5943,"framesCompleted":0,"captureMode":"screenshot","captureOperation":"captureScreenshot"}
[BrowserManager] Browser launched (HeadlessChrome/152.0.7977.30, screenshot, gl=--use-gl=angle --use-angle=metal, headlessShell=true, platform=darwin)
[initSession:screenshot] page.goto start (0ms)
[HyperFrames] render runtime fps [object Object]
[initSession:screenshot] page.goto complete (185ms)
[initSession:screenshot] GSAP proxy flush complete (342ms)
[initSession:screenshot] pollHfReady complete (425ms)
[initSession:screenshot] pollSubCompositionTimelines complete (ready) (436ms)
[initSession:screenshot] applyVideoMetadataHints complete (438ms)
[initSession:screenshot] media + fonts + tailwind ready (441ms)
[initSession:screenshot] captureBeyondViewport downgraded: page content fits the capture viewport (445ms)
[engine] fast capture: falling back to screenshot — render-mode compatibility hint forced screenshot capture (e.g. raw requestAnimationFrame composition).
[initSession:screenshot] static-frame dedup: disabled (before-capture hook / video injection active) (445ms)
  ██████░░░░░░░░░░░░░░░░░░░  25%  Streaming frame 1/5943
  ██████░░░░░░░░░░░░░░░░░░░  25%  Streaming frame 2/5943
  ██████░░░░░░░░░░░░░░░░░░░  25%  Streaming frame 3/5943
  ██████░░░░░░░░░░░░░░░░░░░  25%  Streaming frame 4/5943
  ██████░░░░░░░░░░░░░░░░░░░  25%  Streaming frame 5/5943
  ██████░░░░░░░░░░░░░░░░░░░  25%  Streaming frame 6/5943
  ██████░░░░░░░░░░░░░░░░░░░  25%  Streaming frame 7/5943
  ██████░░░░░░░░░░░░░░░░░░░  25%  Streaming frame 8/5943
  ██████░░░░░░░░░░░░░░░░░░░  25%  Streaming frame 9/5943
  ██████░░░░░░░░░░░░░░░░░░░  25%  Streaming frame 10/5943
  ██████░░░░░░░░░░░░░░░░░░░  25%  Streaming frame 11/5943
  ██████░░░░░░░░░░░░░░░░░░░  25%  Streaming frame 12/5943
  ██████░░░░░░░░░░░░░░░░░░░  25%  Streaming frame 13/5943
  ██████░░░░░░░░░░░░░░░░░░░  25%  Streaming frame 14/5943
  ██████░░░░░░░░░░░░░░░░░░░  25%  Streaming frame 15/5943
  ██████░░░░░░░░░░░░░░░░░░░  25%  Streaming frame 16/5943
  ██████░░░░░░░░░░░░░░░░░░░  25%  Streaming frame 17/5943
  ██████░░░░░░░░░░░░░░░░░░░  25%  Streaming frame 18/5943
  ██████░░░░░░░░░░░░░░░░░░░  25%  Streaming frame 19/5943
  ██████░░░░░░░░░░░░░░░░░░░  25%  Streaming frame 20/5943
  ██████░░░░░░░░░░░░░░░░░░░  25%  Streaming frame 21/5943
  ██████░░░░░░░░░░░░░░░░░░░  25%  Streaming frame 22/5943
  ██████░░░░░░░░░░░░░░░░░░░  25%  Streaming frame 23/5943
  ██████░░░░░░░░░░░░░░░░░░░  25%  Streaming frame 24/5943
  ██████░░░░░░░░░░░░░░░░░░░  25%  Streaming frame 25/5943
  ██████░░░░░░░░░░░░░░░░░░░  25%  Streaming frame 26/5943
  ██████░░░░░░░░░░░░░░░░░░░  25%  Streaming frame 27/5943
  ██████░░░░░░░░░░░░░░░░░░░  25%  Streaming frame 28/5943
  ██████░░░░░░░░░░░░░░░░░░░  25%  Streaming frame 29/5943
  ██████░░░░░░░░░░░░░░░░░░░  25%  Streaming frame 30/5943
  ██████░░░░░░░░░░░░░░░░░░░  25%  Streaming frame 31/5943
  ██████░░░░░░░░░░░░░░░░░░░  25%  Streaming frame 32/5943
  ██████░░░░░░░░░░░░░░░░░░░  25%  Streaming frame 33/5943
  ██████░░░░░░░░░░░░░░░░░░░  25%  Streaming frame 34/5943
  ██████░░░░░░░░░░░░░░░░░░░  25%  Streaming frame 35/5943
  ██████░░░░░░░░░░░░░░░░░░░  25%  Streaming frame 36/5943
  ██████░░░░░░░░░░░░░░░░░░░  25%  Streaming frame 37/5943
  ██████░░░░░░░░░░░░░░░░░░░  25%  Streaming frame 38/5943
  ██████░░░░░░░░░░░░░░░░░░░  25%  Streaming frame 39/5943
  ██████░░░░░░░░░░░░░░░░░░░  25%  Streaming frame 40/5943
  ██████░░░░░░░░░░░░░░░░░░░  25%  Streaming frame 41/5943
  ██████░░░░░░░░░░░░░░░░░░░  25%  Streaming frame 42/5943
  ██████░░░░░░░░░░░░░░░░░░░  25%  Streaming frame 43/5943
  ██████░░░░░░░░░░░░░░░░░░░  25%  Streaming frame 44/5943
  ██████░░░░░░░░░░░░░░░░░░░  25%  Streaming frame 45/5943
  ██████░░░░░░░░░░░░░░░░░░░  25%  Streaming frame 46/5943
  ██████░░░░░░░░░░░░░░░░░░░  25%  Streaming frame 47/5943
  ██████░░░░░░░░░░░░░░░░░░░  25%  Streaming frame 48/5943
  ██████░░░░░░░░░░░░░░░░░░░  25%  Streaming frame 49/5943
  ██████░░░░░░░░░░░░░░░░░░░  25%  Streaming frame 50/5943
  ██████░░░░░░░░░░░░░░░░░░░  25%  Streaming frame 51/5943
  ██████░░░░░░░░░░░░░░░░░░░  25%  Streaming frame 52/5943
  ██████░░░░░░░░░░░░░░░░░░░  25%  Streaming frame 53/5943
  ██████░░░░░░░░░░░░░░░░░░░  25%  Streaming frame 54/5943
  ██████░░░░░░░░░░░░░░░░░░░  26%  Streaming frame 55/5943
  ██████░░░░░░░░░░░░░░░░░░░  26%  Streaming frame 56/5943
  ██████░░░░░░░░░░░░░░░░░░░  26%  Streaming frame 57/5943
  ██████░░░░░░░░░░░░░░░░░░░  26%  Streaming frame 58/5943
  ██████░░░░░░░░░░░░░░░░░░░  26%  Streaming frame 59/5943
  ██████░░░░░░░░░░░░░░░░░░░  26%  Streaming frame 60/5943
  ██████░░░░░░░░░░░░░░░░░░░  26%  Streaming frame 61/5943
  ██████░░░░░░░░░░░░░░░░░░░  26%  Streaming frame 62/5943
  ██████░░░░░░░░░░░░░░░░░░░  26%  Streaming frame 63/5943
  ██████░░░░░░░░░░░░░░░░░░░  26%  Streaming frame 64/5943
  ██████░░░░░░░░░░░░░░░░░░░  26%  Streaming frame 65/5943
  ██████░░░░░░░░░░░░░░░░░░░  26%  Streaming frame 66/5943
  ██████░░░░░░░░░░░░░░░░░░░  26%  Streaming frame 67/5943
  ██████░░░░░░░░░░░░░░░░░░░  26%  Streaming frame 68/5943
  ██████░░░░░░░░░░░░░░░░░░░  26%  Streaming frame 69/5943
  ██████░░░░░░░░░░░░░░░░░░░  26%  Streaming frame 70/5943
  ██████░░░░░░░░░░░░░░░░░░░  26%  Streaming frame 71/5943
  ██████░░░░░░░░░░░░░░░░░░░  26%  Streaming frame 72/5943
  ██████░░░░░░░░░░░░░░░░░░░  26%  Streaming frame 73/5943
  ██████░░░░░░░░░░░░░░░░░░░  26%  Streaming frame 74/5943
  ██████░░░░░░░░░░░░░░░░░░░  26%  Streaming frame 75/5943
  ██████░░░░░░░░░░░░░░░░░░░  26%  Streaming frame 76/5943
  ██████░░░░░░░░░░░░░░░░░░░  26%  Streaming frame 77/5943
  ██████░░░░░░░░░░░░░░░░░░░  26%  Streaming frame 78/5943
  ██████░░░░░░░░░░░░░░░░░░░  26%  Streaming frame 79/5943
  ██████░░░░░░░░░░░░░░░░░░░  26%  Streaming frame 80/5943
  ██████░░░░░░░░░░░░░░░░░░░  26%  Streaming frame 81/5943
  ██████░░░░░░░░░░░░░░░░░░░  26%  Streaming frame 82/5943
  ██████░░░░░░░░░░░░░░░░░░░  26%  Streaming frame 83/5943
  ██████░░░░░░░░░░░░░░░░░░░  26%  Streaming frame 84/5943
  ██████░░░░░░░░░░░░░░░░░░░  26%  Streaming frame 85/5943
  ██████░░░░░░░░░░░░░░░░░░░  26%  Streaming frame 86/5943
  ██████░░░░░░░░░░░░░░░░░░░  26%  Streaming frame 87/5943
  ██████░░░░░░░░░░░░░░░░░░░  26%  Streaming frame 88/5943
  ██████░░░░░░░░░░░░░░░░░░░  26%  Streaming frame 89/5943
  ██████░░░░░░░░░░░░░░░░░░░  26%  Streaming frame 90/5943
  ██████░░░░░░░░░░░░░░░░░░░  26%  Streaming frame 91/5943
  ██████░░░░░░░░░░░░░░░░░░░  26%  Streaming frame 92/5943
  ██████░░░░░░░░░░░░░░░░░░░  26%  Streaming frame 93/5943
  ██████░░░░░░░░░░░░░░░░░░░  26%  Streaming frame 94/5943
  ██████░░░░░░░░░░░░░░░░░░░  26%  Streaming frame 95/5943
  ██████░░░░░░░░░░░░░░░░░░░  26%  Streaming frame 96/5943
  ██████░░░░░░░░░░░░░░░░░░░  26%  Streaming frame 97/5943
  ██████░░░░░░░░░░░░░░░░░░░  26%  Streaming frame 98/5943
  ██████░░░░░░░░░░░░░░░░░░░  26%  Streaming frame 99/5943
  ██████░░░░░░░░░░░░░░░░░░░  26%  Streaming frame 100/5943
  ██████░░░░░░░░░░░░░░░░░░░  26%  Streaming frame 101/5943
  ██████░░░░░░░░░░░░░░░░░░░  26%  Streaming frame 102/5943
  ██████░░░░░░░░░░░░░░░░░░░  26%  Streaming frame 103/5943
  ██████░░░░░░░░░░░░░░░░░░░  26%  Streaming frame 104/5943
  ██████░░░░░░░░░░░░░░░░░░░  26%  Streaming frame 105/5943
  ██████░░░░░░░░░░░░░░░░░░░  26%  Streaming frame 106/5943
  ██████░░░░░░░░░░░░░░░░░░░  26%  Streaming frame 107/5943
  ██████░░░░░░░░░░░░░░░░░░░  26%  Streaming frame 108/5943
  ██████░░░░░░░░░░░░░░░░░░░  26%  Streaming frame 109/5943
  ██████░░░░░░░░░░░░░░░░░░░  26%  Streaming frame 110/5943
  ██████░░░░░░░░░░░░░░░░░░░  26%  Streaming frame 111/5943
  ██████░░░░░░░░░░░░░░░░░░░  26%  Streaming frame 112/5943
  ██████░░░░░░░░░░░░░░░░░░░  26%  Streaming frame 113/5943
  ██████░░░░░░░░░░░░░░░░░░░  26%  Streaming frame 114/5943
  ██████░░░░░░░░░░░░░░░░░░░  26%  Streaming frame 115/5943
  ██████░░░░░░░░░░░░░░░░░░░  26%  Streaming frame 116/5943
  ██████░░░░░░░░░░░░░░░░░░░  26%  Streaming frame 117/5943
  ██████░░░░░░░░░░░░░░░░░░░  26%  Streaming frame 118/5943
  ██████░░░░░░░░░░░░░░░░░░░  26%  Streaming frame 119/5943
  ██████░░░░░░░░░░░░░░░░░░░  26%  Streaming frame 120/5943
  ██████░░░░░░░░░░░░░░░░░░░  26%  Streaming frame 121/5943
  ██████░░░░░░░░░░░░░░░░░░░  26%  Streaming frame 122/5943
  ██████░░░░░░░░░░░░░░░░░░░  26%  Streaming frame 123/5943
  ██████░░░░░░░░░░░░░░░░░░░  26%  Streaming frame 124/5943
  ██████░░░░░░░░░░░░░░░░░░░  26%  Streaming frame 125/5943
  ██████░░░░░░░░░░░░░░░░░░░  26%  Streaming frame 126/5943
  ██████░░░░░░░░░░░░░░░░░░░  26%  Streaming frame 127/5943
  ██████░░░░░░░░░░░░░░░░░░░  26%  Streaming frame 128/5943
  ██████░░░░░░░░░░░░░░░░░░░  26%  Streaming frame 129/5943
  ██████░░░░░░░░░░░░░░░░░░░  26%  Streaming frame 130/5943
  ██████░░░░░░░░░░░░░░░░░░░  26%  Streaming frame 131/5943
  ██████░░░░░░░░░░░░░░░░░░░  26%  Streaming frame 132/5943
  ██████░░░░░░░░░░░░░░░░░░░  26%  Streaming frame 133/5943
  ██████░░░░░░░░░░░░░░░░░░░  26%  Streaming frame 134/5943
  ██████░░░░░░░░░░░░░░░░░░░  26%  Streaming frame 135/5943
  ██████░░░░░░░░░░░░░░░░░░░  26%  Streaming frame 136/5943
  ██████░░░░░░░░░░░░░░░░░░░  26%  Streaming frame 137/5943
  ██████░░░░░░░░░░░░░░░░░░░  26%  Streaming frame 138/5943
  ██████░░░░░░░░░░░░░░░░░░░  26%  Streaming frame 139/5943
  ██████░░░░░░░░░░░░░░░░░░░  26%  Streaming frame 140/5943
  ██████░░░░░░░░░░░░░░░░░░░  26%  Streaming frame 141/5943
  ██████░░░░░░░░░░░░░░░░░░░  26%  Streaming frame 142/5943
  ██████░░░░░░░░░░░░░░░░░░░  26%  Streaming frame 143/5943
  ██████░░░░░░░░░░░░░░░░░░░  26%  Streaming frame 144/5943
  ██████░░░░░░░░░░░░░░░░░░░  26%  Streaming frame 145/5943
  ██████░░░░░░░░░░░░░░░░░░░  26%  Streaming frame 146/5943
  ██████░░░░░░░░░░░░░░░░░░░  26%  Streaming frame 147/5943
  ██████░░░░░░░░░░░░░░░░░░░  26%  Streaming frame 148/5943
  ██████░░░░░░░░░░░░░░░░░░░  26%  Streaming frame 149/5943
  ██████░░░░░░░░░░░░░░░░░░░  26%  Streaming frame 150/5943
  ██████░░░░░░░░░░░░░░░░░░░  26%  Streaming frame 151/5943
  ██████░░░░░░░░░░░░░░░░░░░  26%  Streaming frame 152/5943
  ██████░░░░░░░░░░░░░░░░░░░  26%  Streaming frame 153/5943
  ██████░░░░░░░░░░░░░░░░░░░  26%  Streaming frame 154/5943
  ██████░░░░░░░░░░░░░░░░░░░  26%  Streaming frame 155/5943
  ██████░░░░░░░░░░░░░░░░░░░  26%  Streaming frame 156/5943
  ██████░░░░░░░░░░░░░░░░░░░  26%  Streaming frame 157/5943
  ██████░░░░░░░░░░░░░░░░░░░  26%  Streaming frame 158/5943
  ██████░░░░░░░░░░░░░░░░░░░  26%  Streaming frame 159/5943
  ██████░░░░░░░░░░░░░░░░░░░  26%  Streaming frame 160/5943
  ██████░░░░░░░░░░░░░░░░░░░  26%  Streaming frame 161/5943
  ██████░░░░░░░░░░░░░░░░░░░  26%  Streaming frame 162/5943
  ██████░░░░░░░░░░░░░░░░░░░  27%  Streaming frame 163/5943
  ██████░░░░░░░░░░░░░░░░░░░  27%  Streaming frame 164/5943
  ██████░░░░░░░░░░░░░░░░░░░  27%  Streaming frame 165/5943
  ██████░░░░░░░░░░░░░░░░░░░  27%  Streaming frame 166/5943
  ██████░░░░░░░░░░░░░░░░░░░  27%  Streaming frame 167/5943
  ██████░░░░░░░░░░░░░░░░░░░  27%  Streaming frame 168/5943
  ██████░░░░░░░░░░░░░░░░░░░  27%  Streaming frame 169/5943
  ██████░░░░░░░░░░░░░░░░░░░  27%  Streaming frame 170/5943
  ██████░░░░░░░░░░░░░░░░░░░  27%  Streaming frame 171/5943
  ██████░░░░░░░░░░░░░░░░░░░  27%  Streaming frame 172/5943
  ██████░░░░░░░░░░░░░░░░░░░  27%  Streaming frame 173/5943
  ██████░░░░░░░░░░░░░░░░░░░  27%  Streaming frame 174/5943
  ██████░░░░░░░░░░░░░░░░░░░  27%  Streaming frame 175/5943
  ██████░░░░░░░░░░░░░░░░░░░  27%  Streaming frame 176/5943
  ██████░░░░░░░░░░░░░░░░░░░  27%  Streaming frame 177/5943
  ██████░░░░░░░░░░░░░░░░░░░  27%  Streaming frame 178/5943
  ██████░░░░░░░░░░░░░░░░░░░  27%  Streaming frame 179/5943
  ██████░░░░░░░░░░░░░░░░░░░  27%  Streaming frame 180/5943
  ██████░░░░░░░░░░░░░░░░░░░  27%  Streaming frame 181/5943
  ██████░░░░░░░░░░░░░░░░░░░  27%  Streaming frame 182/5943
  ██████░░░░░░░░░░░░░░░░░░░  27%  Streaming frame 183/5943
  ██████░░░░░░░░░░░░░░░░░░░  27%  Streaming frame 184/5943
  ██████░░░░░░░░░░░░░░░░░░░  27%  Streaming frame 185/5943
  ██████░░░░░░░░░░░░░░░░░░░  27%  Streaming frame 186/5943
  ██████░░░░░░░░░░░░░░░░░░░  27%  Streaming frame 187/5943
  ██████░░░░░░░░░░░░░░░░░░░  27%  Streaming frame 188/5943
  ██████░░░░░░░░░░░░░░░░░░░  27%  Streaming frame 189/5943
  ██████░░░░░░░░░░░░░░░░░░░  27%  Streaming frame 190/5943
  ██████░░░░░░░░░░░░░░░░░░░  27%  Streaming frame 191/5943
  ██████░░░░░░░░░░░░░░░░░░░  27%  Streaming frame 192/5943
  ██████░░░░░░░░░░░░░░░░░░░  27%  Streaming frame 193/5943
  ██████░░░░░░░░░░░░░░░░░░░  27%  Streaming frame 194/5943
  ██████░░░░░░░░░░░░░░░░░░░  27%  Streaming frame 195/5943
  ██████░░░░░░░░░░░░░░░░░░░  27%  Streaming frame 196/5943
  ██████░░░░░░░░░░░░░░░░░░░  27%  Streaming frame 197/5943
  ██████░░░░░░░░░░░░░░░░░░░  27%  Streaming frame 198/5943
  ██████░░░░░░░░░░░░░░░░░░░  27%  Streaming frame 199/5943
  ██████░░░░░░░░░░░░░░░░░░░  27%  Streaming frame 200/5943
  ██████░░░░░░░░░░░░░░░░░░░  27%  Streaming frame 201/5943
  ██████░░░░░░░░░░░░░░░░░░░  27%  Streaming frame 202/5943
  ██████░░░░░░░░░░░░░░░░░░░  27%  Streaming frame 203/5943
  ██████░░░░░░░░░░░░░░░░░░░  27%  Streaming frame 204/5943
  ██████░░░░░░░░░░░░░░░░░░░  27%  Streaming frame 205/5943
  ██████░░░░░░░░░░░░░░░░░░░  27%  Streaming frame 206/5943
  ██████░░░░░░░░░░░░░░░░░░░  27%  Streaming frame 207/5943
  ██████░░░░░░░░░░░░░░░░░░░  27%  Streaming frame 208/5943
  ██████░░░░░░░░░░░░░░░░░░░  27%  Streaming frame 209/5943
  ██████░░░░░░░░░░░░░░░░░░░  27%  Streaming frame 210/5943
  ██████░░░░░░░░░░░░░░░░░░░  27%  Streaming frame 211/5943
  ██████░░░░░░░░░░░░░░░░░░░  27%  Streaming frame 212/5943
  ██████░░░░░░░░░░░░░░░░░░░  27%  Streaming frame 213/5943
  ██████░░░░░░░░░░░░░░░░░░░  27%  Streaming frame 214/5943
  ██████░░░░░░░░░░░░░░░░░░░  27%  Streaming frame 215/5943
  ██████░░░░░░░░░░░░░░░░░░░  27%  Streaming frame 216/5943
  ██████░░░░░░░░░░░░░░░░░░░  27%  Streaming frame 217/5943
  ██████░░░░░░░░░░░░░░░░░░░  27%  Streaming frame 218/5943
  ██████░░░░░░░░░░░░░░░░░░░  27%  Streaming frame 219/5943
  ██████░░░░░░░░░░░░░░░░░░░  27%  Streaming frame 220/5943
  ██████░░░░░░░░░░░░░░░░░░░  27%  Streaming frame 221/5943
  ██████░░░░░░░░░░░░░░░░░░░  27%  Streaming frame 222/5943
  ██████░░░░░░░░░░░░░░░░░░░  27%  Streaming frame 223/5943
  ██████░░░░░░░░░░░░░░░░░░░  27%  Streaming frame 224/5943
  ██████░░░░░░░░░░░░░░░░░░░  27%  Streaming frame 225/5943
  ██████░░░░░░░░░░░░░░░░░░░  27%  Streaming frame 226/5943
  ██████░░░░░░░░░░░░░░░░░░░  27%  Streaming frame 227/5943
  ██████░░░░░░░░░░░░░░░░░░░  27%  Streaming frame 228/5943
  ██████░░░░░░░░░░░░░░░░░░░  27%  Streaming frame 229/5943
  ██████░░░░░░░░░░░░░░░░░░░  27%  Streaming frame 230/5943
  ██████░░░░░░░░░░░░░░░░░░░  27%  Streaming frame 231/5943
  ██████░░░░░░░░░░░░░░░░░░░  27%  Streaming frame 232/5943
  ██████░░░░░░░░░░░░░░░░░░░  27%  Streaming frame 233/5943
  ██████░░░░░░░░░░░░░░░░░░░  27%  Streaming frame 234/5943
  ██████░░░░░░░░░░░░░░░░░░░  27%  Streaming frame 235/5943
  ██████░░░░░░░░░░░░░░░░░░░  27%  Streaming frame 236/5943
  ██████░░░░░░░░░░░░░░░░░░░  27%  Streaming frame 237/5943
  ██████░░░░░░░░░░░░░░░░░░░  27%  Streaming frame 238/5943
  ██████░░░░░░░░░░░░░░░░░░░  27%  Streaming frame 239/5943
  ██████░░░░░░░░░░░░░░░░░░░  27%  Streaming frame 240/5943
  ██████░░░░░░░░░░░░░░░░░░░  27%  Streaming frame 241/5943
  ██████░░░░░░░░░░░░░░░░░░░  27%  Streaming frame 242/5943
  ██████░░░░░░░░░░░░░░░░░░░  27%  Streaming frame 243/5943
  ██████░░░░░░░░░░░░░░░░░░░  27%  Streaming frame 244/5943
  ██████░░░░░░░░░░░░░░░░░░░  27%  Streaming frame 245/5943
  ██████░░░░░░░░░░░░░░░░░░░  27%  Streaming frame 246/5943
  ██████░░░░░░░░░░░░░░░░░░░  27%  Streaming frame 247/5943
  ██████░░░░░░░░░░░░░░░░░░░  27%  Streaming frame 248/5943
  ██████░░░░░░░░░░░░░░░░░░░  27%  Streaming frame 249/5943
  ██████░░░░░░░░░░░░░░░░░░░  27%  Streaming frame 250/5943
  ██████░░░░░░░░░░░░░░░░░░░  27%  Streaming frame 251/5943
  ██████░░░░░░░░░░░░░░░░░░░  27%  Streaming frame 252/5943
  ██████░░░░░░░░░░░░░░░░░░░  27%  Streaming frame 253/5943
  ██████░░░░░░░░░░░░░░░░░░░  27%  Streaming frame 254/5943
  ██████░░░░░░░░░░░░░░░░░░░  27%  Streaming frame 255/5943
  ██████░░░░░░░░░░░░░░░░░░░  27%  Streaming frame 256/5943
  ██████░░░░░░░░░░░░░░░░░░░  27%  Streaming frame 257/5943
  ██████░░░░░░░░░░░░░░░░░░░  27%  Streaming frame 258/5943
  ██████░░░░░░░░░░░░░░░░░░░  27%  Streaming frame 259/5943
  ██████░░░░░░░░░░░░░░░░░░░  27%  Streaming frame 260/5943
  ██████░░░░░░░░░░░░░░░░░░░  27%  Streaming frame 261/5943
  ██████░░░░░░░░░░░░░░░░░░░  27%  Streaming frame 262/5943
  ██████░░░░░░░░░░░░░░░░░░░  27%  Streaming frame 263/5943
  ██████░░░░░░░░░░░░░░░░░░░  27%  Streaming frame 264/5943
  ██████░░░░░░░░░░░░░░░░░░░  27%  Streaming frame 265/5943
  ██████░░░░░░░░░░░░░░░░░░░  27%  Streaming frame 266/5943
  ██████░░░░░░░░░░░░░░░░░░░  27%  Streaming frame 267/5943
  ██████░░░░░░░░░░░░░░░░░░░  27%  Streaming frame 268/5943
  ██████░░░░░░░░░░░░░░░░░░░  27%  Streaming frame 269/5943
  ██████░░░░░░░░░░░░░░░░░░░  27%  Streaming frame 270/5943
  ███████░░░░░░░░░░░░░░░░░░  28%  Streaming frame 271/5943
  ███████░░░░░░░░░░░░░░░░░░  28%  Streaming frame 272/5943
  ███████░░░░░░░░░░░░░░░░░░  28%  Streaming frame 273/5943
  ███████░░░░░░░░░░░░░░░░░░  28%  Streaming frame 274/5943
  ███████░░░░░░░░░░░░░░░░░░  28%  Streaming frame 275/5943
  ███████░░░░░░░░░░░░░░░░░░  28%  Streaming frame 276/5943
  ███████░░░░░░░░░░░░░░░░░░  28%  Streaming frame 277/5943
  ███████░░░░░░░░░░░░░░░░░░  28%  Streaming frame 278/5943
  ███████░░░░░░░░░░░░░░░░░░  28%  Streaming frame 279/5943
  ███████░░░░░░░░░░░░░░░░░░  28%  Streaming frame 280/5943
  ███████░░░░░░░░░░░░░░░░░░  28%  Streaming frame 281/5943
  ███████░░░░░░░░░░░░░░░░░░  28%  Streaming frame 282/5943
  ███████░░░░░░░░░░░░░░░░░░  28%  Streaming frame 283/5943
  ███████░░░░░░░░░░░░░░░░░░  28%  Streaming frame 284/5943
  ███████░░░░░░░░░░░░░░░░░░  28%  Streaming frame 285/5943
  ███████░░░░░░░░░░░░░░░░░░  28%  Streaming frame 286/5943
  ███████░░░░░░░░░░░░░░░░░░  28%  Streaming frame 287/5943
  ███████░░░░░░░░░░░░░░░░░░  28%  Streaming frame 288/5943
  ███████░░░░░░░░░░░░░░░░░░  28%  Streaming frame 289/5943
  ███████░░░░░░░░░░░░░░░░░░  28%  Streaming frame 290/5943
  ███████░░░░░░░░░░░░░░░░░░  28%  Streaming frame 291/5943
  ███████░░░░░░░░░░░░░░░░░░  28%  Streaming frame 292/5943
  ███████░░░░░░░░░░░░░░░░░░  28%  Streaming frame 293/5943
  ███████░░░░░░░░░░░░░░░░░░  28%  Streaming frame 294/5943
  ███████░░░░░░░░░░░░░░░░░░  28%  Streaming frame 295/5943
  ███████░░░░░░░░░░░░░░░░░░  28%  Streaming frame 296/5943
  ███████░░░░░░░░░░░░░░░░░░  28%  Streaming frame 297/5943
  ███████░░░░░░░░░░░░░░░░░░  28%  Streaming frame 298/5943
  ███████░░░░░░░░░░░░░░░░░░  28%  Streaming frame 299/5943
  ███████░░░░░░░░░░░░░░░░░░  28%  Streaming frame 300/5943
  ███████░░░░░░░░░░░░░░░░░░  28%  Streaming frame 301/5943
  ███████░░░░░░░░░░░░░░░░░░  28%  Streaming frame 302/5943
  ███████░░░░░░░░░░░░░░░░░░  28%  Streaming frame 303/5943
  ███████░░░░░░░░░░░░░░░░░░  28%  Streaming frame 304/5943
  ███████░░░░░░░░░░░░░░░░░░  28%  Streaming frame 305/5943
  ███████░░░░░░░░░░░░░░░░░░  28%  Streaming frame 306/5943
  ███████░░░░░░░░░░░░░░░░░░  28%  Streaming frame 307/5943
  ███████░░░░░░░░░░░░░░░░░░  28%  Streaming frame 308/5943
  ███████░░░░░░░░░░░░░░░░░░  28%  Streaming frame 309/5943
  ███████░░░░░░░░░░░░░░░░░░  28%  Streaming frame 310/5943
  ███████░░░░░░░░░░░░░░░░░░  28%  Streaming frame 311/5943
  ███████░░░░░░░░░░░░░░░░░░  28%  Streaming frame 312/5943
  ███████░░░░░░░░░░░░░░░░░░  28%  Streaming frame 313/5943
  ███████░░░░░░░░░░░░░░░░░░  28%  Streaming frame 314/5943
  ███████░░░░░░░░░░░░░░░░░░  28%  Streaming frame 315/5943
  ███████░░░░░░░░░░░░░░░░░░  28%  Streaming frame 316/5943
  ███████░░░░░░░░░░░░░░░░░░  28%  Streaming frame 317/5943
  ███████░░░░░░░░░░░░░░░░░░  28%  Streaming frame 318/5943
  ███████░░░░░░░░░░░░░░░░░░  28%  Streaming frame 319/5943
  ███████░░░░░░░░░░░░░░░░░░  28%  Streaming frame 320/5943
  ███████░░░░░░░░░░░░░░░░░░  28%  Streaming frame 321/5943
  ███████░░░░░░░░░░░░░░░░░░  28%  Streaming frame 322/5943
  ███████░░░░░░░░░░░░░░░░░░  28%  Streaming frame 323/5943
  ███████░░░░░░░░░░░░░░░░░░  28%  Streaming frame 324/5943
  ███████░░░░░░░░░░░░░░░░░░  28%  Streaming frame 325/5943
  ███████░░░░░░░░░░░░░░░░░░  28%  Streaming frame 326/5943
  ███████░░░░░░░░░░░░░░░░░░  28%  Streaming frame 327/5943
  ███████░░░░░░░░░░░░░░░░░░  28%  Streaming frame 328/5943
  ███████░░░░░░░░░░░░░░░░░░  28%  Streaming frame 329/5943
  ███████░░░░░░░░░░░░░░░░░░  28%  Streaming frame 330/5943
  ███████░░░░░░░░░░░░░░░░░░  28%  Streaming frame 331/5943
  ███████░░░░░░░░░░░░░░░░░░  28%  Streaming frame 332/5943
  ███████░░░░░░░░░░░░░░░░░░  28%  Streaming frame 333/5943
  ███████░░░░░░░░░░░░░░░░░░  28%  Streaming frame 334/5943
  ███████░░░░░░░░░░░░░░░░░░  28%  Streaming frame 335/5943
  ███████░░░░░░░░░░░░░░░░░░  28%  Streaming frame 336/5943
  ███████░░░░░░░░░░░░░░░░░░  28%  Streaming frame 337/5943
  ███████░░░░░░░░░░░░░░░░░░  28%  Streaming frame 338/5943
  ███████░░░░░░░░░░░░░░░░░░  28%  Streaming frame 339/5943
  ███████░░░░░░░░░░░░░░░░░░  28%  Streaming frame 340/5943
  ███████░░░░░░░░░░░░░░░░░░  28%  Streaming frame 341/5943
  ███████░░░░░░░░░░░░░░░░░░  28%  Streaming frame 342/5943
  ███████░░░░░░░░░░░░░░░░░░  28%  Streaming frame 343/5943
  ███████░░░░░░░░░░░░░░░░░░  28%  Streaming frame 344/5943
  ███████░░░░░░░░░░░░░░░░░░  28%  Streaming frame 345/5943
  ███████░░░░░░░░░░░░░░░░░░  28%  Streaming frame 346/5943
  ███████░░░░░░░░░░░░░░░░░░  28%  Streaming frame 347/5943
  ███████░░░░░░░░░░░░░░░░░░  28%  Streaming frame 348/5943
  ███████░░░░░░░░░░░░░░░░░░  28%  Streaming frame 349/5943
  ███████░░░░░░░░░░░░░░░░░░  28%  Streaming frame 350/5943
  ███████░░░░░░░░░░░░░░░░░░  28%  Streaming frame 351/5943
  ███████░░░░░░░░░░░░░░░░░░  28%  Streaming frame 352/5943
  ███████░░░░░░░░░░░░░░░░░░  28%  Streaming frame 353/5943
  ███████░░░░░░░░░░░░░░░░░░  28%  Streaming frame 354/5943
  ███████░░░░░░░░░░░░░░░░░░  28%  Streaming frame 355/5943
  ███████░░░░░░░░░░░░░░░░░░  28%  Streaming frame 356/5943
  ███████░░░░░░░░░░░░░░░░░░  28%  Streaming frame 357/5943
  ███████░░░░░░░░░░░░░░░░░░  28%  Streaming frame 358/5943
  ███████░░░░░░░░░░░░░░░░░░  28%  Streaming frame 359/5943
  ███████░░░░░░░░░░░░░░░░░░  28%  Streaming frame 360/5943
  ███████░░░░░░░░░░░░░░░░░░  28%  Streaming frame 361/5943
  ███████░░░░░░░░░░░░░░░░░░  28%  Streaming frame 362/5943
  ███████░░░░░░░░░░░░░░░░░░  28%  Streaming frame 363/5943
  ███████░░░░░░░░░░░░░░░░░░  28%  Streaming frame 364/5943
  ███████░░░░░░░░░░░░░░░░░░  28%  Streaming frame 365/5943
  ███████░░░░░░░░░░░░░░░░░░  28%  Streaming frame 366/5943
  ███████░░░░░░░░░░░░░░░░░░  28%  Streaming frame 367/5943
  ███████░░░░░░░░░░░░░░░░░░  28%  Streaming frame 368/5943
  ███████░░░░░░░░░░░░░░░░░░  28%  Streaming frame 369/5943
  ███████░░░░░░░░░░░░░░░░░░  28%  Streaming frame 370/5943
  ███████░░░░░░░░░░░░░░░░░░  28%  Streaming frame 371/5943
  ███████░░░░░░░░░░░░░░░░░░  28%  Streaming frame 372/5943
  ███████░░░░░░░░░░░░░░░░░░  28%  Streaming frame 373/5943
  ███████░░░░░░░░░░░░░░░░░░  28%  Streaming frame 374/5943
  ███████░░░░░░░░░░░░░░░░░░  28%  Streaming frame 375/5943
  ███████░░░░░░░░░░░░░░░░░░  28%  Streaming frame 376/5943
  ███████░░░░░░░░░░░░░░░░░░  28%  Streaming frame 377/5943
  ███████░░░░░░░░░░░░░░░░░░  28%  Streaming frame 378/5943
  ███████░░░░░░░░░░░░░░░░░░  29%  Streaming frame 379/5943
  ███████░░░░░░░░░░░░░░░░░░  29%  Streaming frame 380/5943
  ███████░░░░░░░░░░░░░░░░░░  29%  Streaming frame 381/5943
  ███████░░░░░░░░░░░░░░░░░░  29%  Streaming frame 382/5943
  ███████░░░░░░░░░░░░░░░░░░  29%  Streaming frame 383/5943
  ███████░░░░░░░░░░░░░░░░░░  29%  Streaming frame 384/5943
  ███████░░░░░░░░░░░░░░░░░░  29%  Streaming frame 385/5943
  ███████░░░░░░░░░░░░░░░░░░  29%  Streaming frame 386/5943
  ███████░░░░░░░░░░░░░░░░░░  29%  Streaming frame 387/5943
  ███████░░░░░░░░░░░░░░░░░░  29%  Streaming frame 388/5943
  ███████░░░░░░░░░░░░░░░░░░  29%  Streaming frame 389/5943
  ███████░░░░░░░░░░░░░░░░░░  29%  Streaming frame 390/5943
  ███████░░░░░░░░░░░░░░░░░░  29%  Streaming frame 391/5943
  ███████░░░░░░░░░░░░░░░░░░  29%  Streaming frame 392/5943
  ███████░░░░░░░░░░░░░░░░░░  29%  Streaming frame 393/5943
  ███████░░░░░░░░░░░░░░░░░░  29%  Streaming frame 394/5943
  ███████░░░░░░░░░░░░░░░░░░  29%  Streaming frame 395/5943
  ███████░░░░░░░░░░░░░░░░░░  29%  Streaming frame 396/5943
  ███████░░░░░░░░░░░░░░░░░░  29%  Streaming frame 397/5943
  ███████░░░░░░░░░░░░░░░░░░  29%  Streaming frame 398/5943
  ███████░░░░░░░░░░░░░░░░░░  29%  Streaming frame 399/5943
  ███████░░░░░░░░░░░░░░░░░░  29%  Streaming frame 400/5943
  ███████░░░░░░░░░░░░░░░░░░  29%  Streaming frame 401/5943
  ███████░░░░░░░░░░░░░░░░░░  29%  Streaming frame 402/5943
  ███████░░░░░░░░░░░░░░░░░░  29%  Streaming frame 403/5943
  ███████░░░░░░░░░░░░░░░░░░  29%  Streaming frame 404/5943
  ███████░░░░░░░░░░░░░░░░░░  29%  Streaming frame 405/5943
  ███████░░░░░░░░░░░░░░░░░░  29%  Streaming frame 406/5943
  ███████░░░░░░░░░░░░░░░░░░  29%  Streaming frame 407/5943
  ███████░░░░░░░░░░░░░░░░░░  29%  Streaming frame 408/5943
  ███████░░░░░░░░░░░░░░░░░░  29%  Streaming frame 409/5943
  ███████░░░░░░░░░░░░░░░░░░  29%  Streaming frame 410/5943
  ███████░░░░░░░░░░░░░░░░░░  29%  Streaming frame 411/5943
  ███████░░░░░░░░░░░░░░░░░░  29%  Streaming frame 412/5943
  ███████░░░░░░░░░░░░░░░░░░  29%  Streaming frame 413/5943
  ███████░░░░░░░░░░░░░░░░░░  29%  Streaming frame 414/5943
  ███████░░░░░░░░░░░░░░░░░░  29%  Streaming frame 415/5943
  ███████░░░░░░░░░░░░░░░░░░  29%  Streaming frame 416/5943
  ███████░░░░░░░░░░░░░░░░░░  29%  Streaming frame 417/5943
  ███████░░░░░░░░░░░░░░░░░░  29%  Streaming frame 418/5943
  ███████░░░░░░░░░░░░░░░░░░  29%  Streaming frame 419/5943
  ███████░░░░░░░░░░░░░░░░░░  29%  Streaming frame 420/5943
  ███████░░░░░░░░░░░░░░░░░░  29%  Streaming frame 421/5943
  ███████░░░░░░░░░░░░░░░░░░  29%  Streaming frame 422/5943
  ███████░░░░░░░░░░░░░░░░░░  29%  Streaming frame 423/5943
  ███████░░░░░░░░░░░░░░░░░░  29%  Streaming frame 424/5943
  ███████░░░░░░░░░░░░░░░░░░  29%  Streaming frame 425/5943
  ███████░░░░░░░░░░░░░░░░░░  29%  Streaming frame 426/5943
  ███████░░░░░░░░░░░░░░░░░░  29%  Streaming frame 427/5943
  ███████░░░░░░░░░░░░░░░░░░  29%  Streaming frame 428/5943
  ███████░░░░░░░░░░░░░░░░░░  29%  Streaming frame 429/5943
  ███████░░░░░░░░░░░░░░░░░░  29%  Streaming frame 430/5943
  ███████░░░░░░░░░░░░░░░░░░  29%  Streaming frame 431/5943
  ███████░░░░░░░░░░░░░░░░░░  29%  Streaming frame 432/5943
  ███████░░░░░░░░░░░░░░░░░░  29%  Streaming frame 433/5943
  ███████░░░░░░░░░░░░░░░░░░  29%  Streaming frame 434/5943
  ███████░░░░░░░░░░░░░░░░░░  29%  Streaming frame 435/5943
  ███████░░░░░░░░░░░░░░░░░░  29%  Streaming frame 436/5943
  ███████░░░░░░░░░░░░░░░░░░  29%  Streaming frame 437/5943
  ███████░░░░░░░░░░░░░░░░░░  29%  Streaming frame 438/5943
  ███████░░░░░░░░░░░░░░░░░░  29%  Streaming frame 439/5943
  ███████░░░░░░░░░░░░░░░░░░  29%  Streaming frame 440/5943
  ███████░░░░░░░░░░░░░░░░░░  29%  Streaming frame 441/5943
  ███████░░░░░░░░░░░░░░░░░░  29%  Streaming frame 442/5943
  ███████░░░░░░░░░░░░░░░░░░  29%  Streaming frame 443/5943
  ███████░░░░░░░░░░░░░░░░░░  29%  Streaming frame 444/5943
  ███████░░░░░░░░░░░░░░░░░░  29%  Streaming frame 445/5943
  ███████░░░░░░░░░░░░░░░░░░  29%  Streaming frame 446/5943
  ███████░░░░░░░░░░░░░░░░░░  29%  Streaming frame 447/5943
  ███████░░░░░░░░░░░░░░░░░░  29%  Streaming frame 448/5943
  ███████░░░░░░░░░░░░░░░░░░  29%  Streaming frame 449/5943
  ███████░░░░░░░░░░░░░░░░░░  29%  Streaming frame 450/5943
  ███████░░░░░░░░░░░░░░░░░░  29%  Streaming frame 451/5943
  ███████░░░░░░░░░░░░░░░░░░  29%  Streaming frame 452/5943
  ███████░░░░░░░░░░░░░░░░░░  29%  Streaming frame 453/5943
  ███████░░░░░░░░░░░░░░░░░░  29%  Streaming frame 454/5943
  ███████░░░░░░░░░░░░░░░░░░  29%  Streaming frame 455/5943
  ███████░░░░░░░░░░░░░░░░░░  29%  Streaming frame 456/5943
  ███████░░░░░░░░░░░░░░░░░░  29%  Streaming frame 457/5943
  ███████░░░░░░░░░░░░░░░░░░  29%  Streaming frame 458/5943
  ███████░░░░░░░░░░░░░░░░░░  29%  Streaming frame 459/5943
  ███████░░░░░░░░░░░░░░░░░░  29%  Streaming frame 460/5943
  ███████░░░░░░░░░░░░░░░░░░  29%  Streaming frame 461/5943
  ███████░░░░░░░░░░░░░░░░░░  29%  Streaming frame 462/5943
  ███████░░░░░░░░░░░░░░░░░░  29%  Streaming frame 463/5943
  ███████░░░░░░░░░░░░░░░░░░  29%  Streaming frame 464/5943
  ███████░░░░░░░░░░░░░░░░░░  29%  Streaming frame 465/5943
  ███████░░░░░░░░░░░░░░░░░░  29%  Streaming frame 466/5943
  ███████░░░░░░░░░░░░░░░░░░  29%  Streaming frame 467/5943
  ███████░░░░░░░░░░░░░░░░░░  29%  Streaming frame 468/5943
  ███████░░░░░░░░░░░░░░░░░░  29%  Streaming frame 469/5943
  ███████░░░░░░░░░░░░░░░░░░  29%  Streaming frame 470/5943
  ███████░░░░░░░░░░░░░░░░░░  29%  Streaming frame 471/5943
  ███████░░░░░░░░░░░░░░░░░░  29%  Streaming frame 472/5943
  ███████░░░░░░░░░░░░░░░░░░  29%  Streaming frame 473/5943
  ███████░░░░░░░░░░░░░░░░░░  29%  Streaming frame 474/5943
  ███████░░░░░░░░░░░░░░░░░░  29%  Streaming frame 475/5943
  ███████░░░░░░░░░░░░░░░░░░  29%  Streaming frame 476/5943
  ███████░░░░░░░░░░░░░░░░░░  29%  Streaming frame 477/5943
  ███████░░░░░░░░░░░░░░░░░░  29%  Streaming frame 478/5943
  ███████░░░░░░░░░░░░░░░░░░  29%  Streaming frame 479/5943
  ███████░░░░░░░░░░░░░░░░░░  29%  Streaming frame 480/5943
  ███████░░░░░░░░░░░░░░░░░░  29%  Streaming frame 481/5943
  ███████░░░░░░░░░░░░░░░░░░  29%  Streaming frame 482/5943
  ███████░░░░░░░░░░░░░░░░░░  29%  Streaming frame 483/5943
  ███████░░░░░░░░░░░░░░░░░░  29%  Streaming frame 484/5943
  ███████░░░░░░░░░░░░░░░░░░  29%  Streaming frame 485/5943
  ███████░░░░░░░░░░░░░░░░░░  29%  Streaming frame 486/5943
  ███████░░░░░░░░░░░░░░░░░░  30%  Streaming frame 487/5943
  ███████░░░░░░░░░░░░░░░░░░  30%  Streaming frame 488/5943
  ███████░░░░░░░░░░░░░░░░░░  30%  Streaming frame 489/5943
  ███████░░░░░░░░░░░░░░░░░░  30%  Streaming frame 490/5943
  ███████░░░░░░░░░░░░░░░░░░  30%  Streaming frame 491/5943
  ███████░░░░░░░░░░░░░░░░░░  30%  Streaming frame 492/5943
  ███████░░░░░░░░░░░░░░░░░░  30%  Streaming frame 493/5943
  ███████░░░░░░░░░░░░░░░░░░  30%  Streaming frame 494/5943
  ███████░░░░░░░░░░░░░░░░░░  30%  Streaming frame 495/5943
  ███████░░░░░░░░░░░░░░░░░░  30%  Streaming frame 496/5943
  ███████░░░░░░░░░░░░░░░░░░  30%  Streaming frame 497/5943
  ███████░░░░░░░░░░░░░░░░░░  30%  Streaming frame 498/5943
  ███████░░░░░░░░░░░░░░░░░░  30%  Streaming frame 499/5943
  ███████░░░░░░░░░░░░░░░░░░  30%  Streaming frame 500/5943
  ███████░░░░░░░░░░░░░░░░░░  30%  Streaming frame 501/5943
  ███████░░░░░░░░░░░░░░░░░░  30%  Streaming frame 502/5943
  ███████░░░░░░░░░░░░░░░░░░  30%  Streaming frame 503/5943
  ███████░░░░░░░░░░░░░░░░░░  30%  Streaming frame 504/5943
  ███████░░░░░░░░░░░░░░░░░░  30%  Streaming frame 505/5943
  ███████░░░░░░░░░░░░░░░░░░  30%  Streaming frame 506/5943
  ███████░░░░░░░░░░░░░░░░░░  30%  Streaming frame 507/5943
  ███████░░░░░░░░░░░░░░░░░░  30%  Streaming frame 508/5943
  ███████░░░░░░░░░░░░░░░░░░  30%  Streaming frame 509/5943
  ███████░░░░░░░░░░░░░░░░░░  30%  Streaming frame 510/5943
  ███████░░░░░░░░░░░░░░░░░░  30%  Streaming frame 511/5943
  ███████░░░░░░░░░░░░░░░░░░  30%  Streaming frame 512/5943
  ███████░░░░░░░░░░░░░░░░░░  30%  Streaming frame 513/5943
  ███████░░░░░░░░░░░░░░░░░░  30%  Streaming frame 514/5943
  ███████░░░░░░░░░░░░░░░░░░  30%  Streaming frame 515/5943
  ███████░░░░░░░░░░░░░░░░░░  30%  Streaming frame 516/5943
  ███████░░░░░░░░░░░░░░░░░░  30%  Streaming frame 517/5943
  ███████░░░░░░░░░░░░░░░░░░  30%  Streaming frame 518/5943
  ███████░░░░░░░░░░░░░░░░░░  30%  Streaming frame 519/5943
  ███████░░░░░░░░░░░░░░░░░░  30%  Streaming frame 520/5943
  ███████░░░░░░░░░░░░░░░░░░  30%  Streaming frame 521/5943
  ███████░░░░░░░░░░░░░░░░░░  30%  Streaming frame 522/5943
  ███████░░░░░░░░░░░░░░░░░░  30%  Streaming frame 523/5943
  ███████░░░░░░░░░░░░░░░░░░  30%  Streaming frame 524/5943
  ███████░░░░░░░░░░░░░░░░░░  30%  Streaming frame 525/5943
  ███████░░░░░░░░░░░░░░░░░░  30%  Streaming frame 526/5943
  ███████░░░░░░░░░░░░░░░░░░  30%  Streaming frame 527/5943
  ███████░░░░░░░░░░░░░░░░░░  30%  Streaming frame 528/5943
  ███████░░░░░░░░░░░░░░░░░░  30%  Streaming frame 529/5943
  ███████░░░░░░░░░░░░░░░░░░  30%  Streaming frame 530/5943
  ███████░░░░░░░░░░░░░░░░░░  30%  Streaming frame 531/5943
  ███████░░░░░░░░░░░░░░░░░░  30%  Streaming frame 532/5943
  ███████░░░░░░░░░░░░░░░░░░  30%  Streaming frame 533/5943
  ███████░░░░░░░░░░░░░░░░░░  30%  Streaming frame 534/5943
  ███████░░░░░░░░░░░░░░░░░░  30%  Streaming frame 535/5943
  ███████░░░░░░░░░░░░░░░░░░  30%  Streaming frame 536/5943
[INFO] [Render:trace] {"renderJobId":"2c00112f-3f00-4c3d-9ae6-59da28575b86","phase":"capture_streaming","status":"checkpoint","elapsedMs":35675,"message":"stage still running","stagePhase":"capturing","workerCount":1,"forceScreenshot":true,"totalFrames":5943,"framesCompleted":536,"captureMode":"screenshot","captureOperation":"captureScreenshot","heartbeatIndex":1,"stageElapsedMs":30000}
  ███████░░░░░░░░░░░░░░░░░░  30%  Streaming frame 537/5943
  ███████░░░░░░░░░░░░░░░░░░  30%  Streaming frame 538/5943
  ███████░░░░░░░░░░░░░░░░░░  30%  Streaming frame 539/5943
  ███████░░░░░░░░░░░░░░░░░░  30%  Streaming frame 540/5943
  ███████░░░░░░░░░░░░░░░░░░  30%  Streaming frame 541/5943
  ███████░░░░░░░░░░░░░░░░░░  30%  Streaming frame 542/5943
  ███████░░░░░░░░░░░░░░░░░░  30%  Streaming frame 543/5943
  ███████░░░░░░░░░░░░░░░░░░  30%  Streaming frame 544/5943
  ███████░░░░░░░░░░░░░░░░░░  30%  Streaming frame 545/5943
  ███████░░░░░░░░░░░░░░░░░░  30%  Streaming frame 546/5943
  ███████░░░░░░░░░░░░░░░░░░  30%  Streaming frame 547/5943
  ███████░░░░░░░░░░░░░░░░░░  30%  Streaming frame 548/5943
  ███████░░░░░░░░░░░░░░░░░░  30%  Streaming frame 549/5943
  ███████░░░░░░░░░░░░░░░░░░  30%  Streaming frame 550/5943
  ███████░░░░░░░░░░░░░░░░░░  30%  Streaming frame 551/5943
  ███████░░░░░░░░░░░░░░░░░░  30%  Streaming frame 552/5943
  ███████░░░░░░░░░░░░░░░░░░  30%  Streaming frame 553/5943
  ███████░░░░░░░░░░░░░░░░░░  30%  Streaming frame 554/5943
  ███████░░░░░░░░░░░░░░░░░░  30%  Streaming frame 555/5943
  ███████░░░░░░░░░░░░░░░░░░  30%  Streaming frame 556/5943
  ███████░░░░░░░░░░░░░░░░░░  30%  Streaming frame 557/5943
  ███████░░░░░░░░░░░░░░░░░░  30%  Streaming frame 558/5943
  ███████░░░░░░░░░░░░░░░░░░  30%  Streaming frame 559/5943
  ███████░░░░░░░░░░░░░░░░░░  30%  Streaming frame 560/5943
  ███████░░░░░░░░░░░░░░░░░░  30%  Streaming frame 561/5943
  ███████░░░░░░░░░░░░░░░░░░  30%  Streaming frame 562/5943
  ███████░░░░░░░░░░░░░░░░░░  30%  Streaming frame 563/5943
  ███████░░░░░░░░░░░░░░░░░░  30%  Streaming frame 564/5943
  ███████░░░░░░░░░░░░░░░░░░  30%  Streaming frame 565/5943
  ███████░░░░░░░░░░░░░░░░░░  30%  Streaming frame 566/5943
  ███████░░░░░░░░░░░░░░░░░░  30%  Streaming frame 567/5943
  ███████░░░░░░░░░░░░░░░░░░  30%  Streaming frame 568/5943
  ███████░░░░░░░░░░░░░░░░░░  30%  Streaming frame 569/5943
  ███████░░░░░░░░░░░░░░░░░░  30%  Streaming frame 570/5943
  ███████░░░░░░░░░░░░░░░░░░  30%  Streaming frame 571/5943
  ███████░░░░░░░░░░░░░░░░░░  30%  Streaming frame 572/5943
  ███████░░░░░░░░░░░░░░░░░░  30%  Streaming frame 573/5943
  ███████░░░░░░░░░░░░░░░░░░  30%  Streaming frame 574/5943
  ███████░░░░░░░░░░░░░░░░░░  30%  Streaming frame 575/5943
  ███████░░░░░░░░░░░░░░░░░░  30%  Streaming frame 576/5943
  ███████░░░░░░░░░░░░░░░░░░  30%  Streaming frame 577/5943
  ███████░░░░░░░░░░░░░░░░░░  30%  Streaming frame 578/5943
  ███████░░░░░░░░░░░░░░░░░░  30%  Streaming frame 579/5943
  ███████░░░░░░░░░░░░░░░░░░  30%  Streaming frame 580/5943
  ███████░░░░░░░░░░░░░░░░░░  30%  Streaming frame 581/5943
  ███████░░░░░░░░░░░░░░░░░░  30%  Streaming frame 582/5943
  ███████░░░░░░░░░░░░░░░░░░  30%  Streaming frame 583/5943
  ███████░░░░░░░░░░░░░░░░░░  30%  Streaming frame 584/5943
  ███████░░░░░░░░░░░░░░░░░░  30%  Streaming frame 585/5943
  ███████░░░░░░░░░░░░░░░░░░  30%  Streaming frame 586/5943
  ███████░░░░░░░░░░░░░░░░░░  30%  Streaming frame 587/5943
  ███████░░░░░░░░░░░░░░░░░░  30%  Streaming frame 588/5943
  ███████░░░░░░░░░░░░░░░░░░  30%  Streaming frame 589/5943
  ███████░░░░░░░░░░░░░░░░░░  30%  Streaming frame 590/5943
  ███████░░░░░░░░░░░░░░░░░░  30%  Streaming frame 591/5943
  ███████░░░░░░░░░░░░░░░░░░  30%  Streaming frame 592/5943
  ███████░░░░░░░░░░░░░░░░░░  30%  Streaming frame 593/5943
  ███████░░░░░░░░░░░░░░░░░░  30%  Streaming frame 594/5943
  ███████░░░░░░░░░░░░░░░░░░  31%  Streaming frame 595/5943
  ███████░░░░░░░░░░░░░░░░░░  31%  Streaming frame 596/5943
  ███████░░░░░░░░░░░░░░░░░░  31%  Streaming frame 597/5943
  ███████░░░░░░░░░░░░░░░░░░  31%  Streaming frame 598/5943
  ███████░░░░░░░░░░░░░░░░░░  31%  Streaming frame 599/5943
  ███████░░░░░░░░░░░░░░░░░░  31%  Streaming frame 600/5943
  ███████░░░░░░░░░░░░░░░░░░  31%  Streaming frame 601/5943
  ███████░░░░░░░░░░░░░░░░░░  31%  Streaming frame 602/5943
  ███████░░░░░░░░░░░░░░░░░░  31%  Streaming frame 603/5943
  ███████░░░░░░░░░░░░░░░░░░  31%  Streaming frame 604/5943
  ███████░░░░░░░░░░░░░░░░░░  31%  Streaming frame 605/5943
  ███████░░░░░░░░░░░░░░░░░░  31%  Streaming frame 606/5943
  ███████░░░░░░░░░░░░░░░░░░  31%  Streaming frame 607/5943
  ███████░░░░░░░░░░░░░░░░░░  31%  Streaming frame 608/5943
  ███████░░░░░░░░░░░░░░░░░░  31%  Streaming frame 609/5943
  ███████░░░░░░░░░░░░░░░░░░  31%  Streaming frame 610/5943
  ███████░░░░░░░░░░░░░░░░░░  31%  Streaming frame 611/5943
  ███████░░░░░░░░░░░░░░░░░░  31%  Streaming frame 612/5943
  ███████░░░░░░░░░░░░░░░░░░  31%  Streaming frame 613/5943
  ███████░░░░░░░░░░░░░░░░░░  31%  Streaming frame 614/5943
  ███████░░░░░░░░░░░░░░░░░░  31%  Streaming frame 615/5943
  ███████░░░░░░░░░░░░░░░░░░  31%  Streaming frame 616/5943
  ███████░░░░░░░░░░░░░░░░░░  31%  Streaming frame 617/5943
  ███████░░░░░░░░░░░░░░░░░░  31%  Streaming frame 618/5943
  ███████░░░░░░░░░░░░░░░░░░  31%  Streaming frame 619/5943
  ███████░░░░░░░░░░░░░░░░░░  31%  Streaming frame 620/5943
  ███████░░░░░░░░░░░░░░░░░░  31%  Streaming frame 621/5943
  ███████░░░░░░░░░░░░░░░░░░  31%  Streaming frame 622/5943
  ███████░░░░░░░░░░░░░░░░░░  31%  Streaming frame 623/5943
  ███████░░░░░░░░░░░░░░░░░░  31%  Streaming frame 624/5943
  ███████░░░░░░░░░░░░░░░░░░  31%  Streaming frame 625/5943
  ███████░░░░░░░░░░░░░░░░░░  31%  Streaming frame 626/5943
  ███████░░░░░░░░░░░░░░░░░░  31%  Streaming frame 627/5943
  ███████░░░░░░░░░░░░░░░░░░  31%  Streaming frame 628/5943
  ███████░░░░░░░░░░░░░░░░░░  31%  Streaming frame 629/5943
  ███████░░░░░░░░░░░░░░░░░░  31%  Streaming frame 630/5943
  ███████░░░░░░░░░░░░░░░░░░  31%  Streaming frame 631/5943
  ███████░░░░░░░░░░░░░░░░░░  31%  Streaming frame 632/5943
  ███████░░░░░░░░░░░░░░░░░░  31%  Streaming frame 633/5943
  ███████░░░░░░░░░░░░░░░░░░  31%  Streaming frame 634/5943
  ███████░░░░░░░░░░░░░░░░░░  31%  Streaming frame 635/5943
  ███████░░░░░░░░░░░░░░░░░░  31%  Streaming frame 636/5943
  ███████░░░░░░░░░░░░░░░░░░  31%  Streaming frame 637/5943
  ███████░░░░░░░░░░░░░░░░░░  31%  Streaming frame 638/5943
  ███████░░░░░░░░░░░░░░░░░░  31%  Streaming frame 639/5943
  ███████░░░░░░░░░░░░░░░░░░  31%  Streaming frame 640/5943
  ███████░░░░░░░░░░░░░░░░░░  31%  Streaming frame 641/5943
  ███████░░░░░░░░░░░░░░░░░░  31%  Streaming frame 642/5943
  ███████░░░░░░░░░░░░░░░░░░  31%  Streaming frame 643/5943
  ███████░░░░░░░░░░░░░░░░░░  31%  Streaming frame 644/5943
  ███████░░░░░░░░░░░░░░░░░░  31%  Streaming frame 645/5943
  ███████░░░░░░░░░░░░░░░░░░  31%  Streaming frame 646/5943
  ███████░░░░░░░░░░░░░░░░░░  31%  Streaming frame 647/5943
  ███████░░░░░░░░░░░░░░░░░░  31%  Streaming frame 648/5943
  ███████░░░░░░░░░░░░░░░░░░  31%  Streaming frame 649/5943
  ███████░░░░░░░░░░░░░░░░░░  31%  Streaming frame 650/5943
  ███████░░░░░░░░░░░░░░░░░░  31%  Streaming frame 651/5943
  ███████░░░░░░░░░░░░░░░░░░  31%  Streaming frame 652/5943
  ███████░░░░░░░░░░░░░░░░░░  31%  Streaming frame 653/5943
  ███████░░░░░░░░░░░░░░░░░░  31%  Streaming frame 654/5943
  ███████░░░░░░░░░░░░░░░░░░  31%  Streaming frame 655/5943
  ███████░░░░░░░░░░░░░░░░░░  31%  Streaming frame 656/5943
  ███████░░░░░░░░░░░░░░░░░░  31%  Streaming frame 657/5943
  ███████░░░░░░░░░░░░░░░░░░  31%  Streaming frame 658/5943
  ███████░░░░░░░░░░░░░░░░░░  31%  Streaming frame 659/5943
  ███████░░░░░░░░░░░░░░░░░░  31%  Streaming frame 660/5943
  ███████░░░░░░░░░░░░░░░░░░  31%  Streaming frame 661/5943
  ███████░░░░░░░░░░░░░░░░░░  31%  Streaming frame 662/5943
  ███████░░░░░░░░░░░░░░░░░░  31%  Streaming frame 663/5943
  ███████░░░░░░░░░░░░░░░░░░  31%  Streaming frame 664/5943
  ███████░░░░░░░░░░░░░░░░░░  31%  Streaming frame 665/5943
  ███████░░░░░░░░░░░░░░░░░░  31%  Streaming frame 666/5943
  ███████░░░░░░░░░░░░░░░░░░  31%  Streaming frame 667/5943
  ███████░░░░░░░░░░░░░░░░░░  31%  Streaming frame 668/5943
  ███████░░░░░░░░░░░░░░░░░░  31%  Streaming frame 669/5943
  ███████░░░░░░░░░░░░░░░░░░  31%  Streaming frame 670/5943
  ███████░░░░░░░░░░░░░░░░░░  31%  Streaming frame 671/5943
  ███████░░░░░░░░░░░░░░░░░░  31%  Streaming frame 672/5943
  ███████░░░░░░░░░░░░░░░░░░  31%  Streaming frame 673/5943
  ███████░░░░░░░░░░░░░░░░░░  31%  Streaming frame 674/5943
  ███████░░░░░░░░░░░░░░░░░░  31%  Streaming frame 675/5943
  ███████░░░░░░░░░░░░░░░░░░  31%  Streaming frame 676/5943
  ███████░░░░░░░░░░░░░░░░░░  31%  Streaming frame 677/5943
  ███████░░░░░░░░░░░░░░░░░░  31%  Streaming frame 678/5943
  ███████░░░░░░░░░░░░░░░░░░  31%  Streaming frame 679/5943
  ███████░░░░░░░░░░░░░░░░░░  31%  Streaming frame 680/5943
  ███████░░░░░░░░░░░░░░░░░░  31%  Streaming frame 681/5943
  ███████░░░░░░░░░░░░░░░░░░  31%  Streaming frame 682/5943
  ███████░░░░░░░░░░░░░░░░░░  31%  Streaming frame 683/5943
  ███████░░░░░░░░░░░░░░░░░░  31%  Streaming frame 684/5943
  ███████░░░░░░░░░░░░░░░░░░  31%  Streaming frame 685/5943
  ███████░░░░░░░░░░░░░░░░░░  31%  Streaming frame 686/5943
  ███████░░░░░░░░░░░░░░░░░░  31%  Streaming frame 687/5943
  ███████░░░░░░░░░░░░░░░░░░  31%  Streaming frame 688/5943
  ███████░░░░░░░░░░░░░░░░░░  31%  Streaming frame 689/5943
  ███████░░░░░░░░░░░░░░░░░░  31%  Streaming frame 690/5943
  ███████░░░░░░░░░░░░░░░░░░  31%  Streaming frame 691/5943
  ███████░░░░░░░░░░░░░░░░░░  31%  Streaming frame 692/5943
  ███████░░░░░░░░░░░░░░░░░░  31%  Streaming frame 693/5943
  ███████░░░░░░░░░░░░░░░░░░  31%  Streaming frame 694/5943
  ███████░░░░░░░░░░░░░░░░░░  31%  Streaming frame 695/5943
  ███████░░░░░░░░░░░░░░░░░░  31%  Streaming frame 696/5943
  ███████░░░░░░░░░░░░░░░░░░  31%  Streaming frame 697/5943
  ███████░░░░░░░░░░░░░░░░░░  31%  Streaming frame 698/5943
  ███████░░░░░░░░░░░░░░░░░░  31%  Streaming frame 699/5943
  ███████░░░░░░░░░░░░░░░░░░  31%  Streaming frame 700/5943
  ███████░░░░░░░░░░░░░░░░░░  31%  Streaming frame 701/5943
  ███████░░░░░░░░░░░░░░░░░░  31%  Streaming frame 702/5943
  ████████░░░░░░░░░░░░░░░░░  32%  Streaming frame 703/5943
  ████████░░░░░░░░░░░░░░░░░  32%  Streaming frame 704/5943
  ████████░░░░░░░░░░░░░░░░░  32%  Streaming frame 705/5943
  ████████░░░░░░░░░░░░░░░░░  32%  Streaming frame 706/5943
  ████████░░░░░░░░░░░░░░░░░  32%  Streaming frame 707/5943
  ████████░░░░░░░░░░░░░░░░░  32%  Streaming frame 708/5943
  ████████░░░░░░░░░░░░░░░░░  32%  Streaming frame 709/5943
  ████████░░░░░░░░░░░░░░░░░  32%  Streaming frame 710/5943
  ████████░░░░░░░░░░░░░░░░░  32%  Streaming frame 711/5943
  ████████░░░░░░░░░░░░░░░░░  32%  Streaming frame 712/5943
  ████████░░░░░░░░░░░░░░░░░  32%  Streaming frame 713/5943
  ████████░░░░░░░░░░░░░░░░░  32%  Streaming frame 714/5943
  ████████░░░░░░░░░░░░░░░░░  32%  Streaming frame 715/5943
  ████████░░░░░░░░░░░░░░░░░  32%  Streaming frame 716/5943
  ████████░░░░░░░░░░░░░░░░░  32%  Streaming frame 717/5943
  ████████░░░░░░░░░░░░░░░░░  32%  Streaming frame 718/5943
  ████████░░░░░░░░░░░░░░░░░  32%  Streaming frame 719/5943
  ████████░░░░░░░░░░░░░░░░░  32%  Streaming frame 720/5943
  ████████░░░░░░░░░░░░░░░░░  32%  Streaming frame 721/5943
  ████████░░░░░░░░░░░░░░░░░  32%  Streaming frame 722/5943
  ████████░░░░░░░░░░░░░░░░░  32%  Streaming frame 723/5943
  ████████░░░░░░░░░░░░░░░░░  32%  Streaming frame 724/5943
  ████████░░░░░░░░░░░░░░░░░  32%  Streaming frame 725/5943
  ████████░░░░░░░░░░░░░░░░░  32%  Streaming frame 726/5943
  ████████░░░░░░░░░░░░░░░░░  32%  Streaming frame 727/5943
  ████████░░░░░░░░░░░░░░░░░  32%  Streaming frame 728/5943
  ████████░░░░░░░░░░░░░░░░░  32%  Streaming frame 729/5943
  ████████░░░░░░░░░░░░░░░░░  32%  Streaming frame 730/5943
  ████████░░░░░░░░░░░░░░░░░  32%  Streaming frame 731/5943
  ████████░░░░░░░░░░░░░░░░░  32%  Streaming frame 732/5943
  ████████░░░░░░░░░░░░░░░░░  32%  Streaming frame 733/5943
  ████████░░░░░░░░░░░░░░░░░  32%  Streaming frame 734/5943
  ████████░░░░░░░░░░░░░░░░░  32%  Streaming frame 735/5943
  ████████░░░░░░░░░░░░░░░░░  32%  Streaming frame 736/5943
  ████████░░░░░░░░░░░░░░░░░  32%  Streaming frame 737/5943
  ████████░░░░░░░░░░░░░░░░░  32%  Streaming frame 738/5943
  ████████░░░░░░░░░░░░░░░░░  32%  Streaming frame 739/5943
  ████████░░░░░░░░░░░░░░░░░  32%  Streaming frame 740/5943
  ████████░░░░░░░░░░░░░░░░░  32%  Streaming frame 741/5943
  ████████░░░░░░░░░░░░░░░░░  32%  Streaming frame 742/5943
  ████████░░░░░░░░░░░░░░░░░  32%  Streaming frame 743/5943
  ████████░░░░░░░░░░░░░░░░░  32%  Streaming frame 744/5943
  ████████░░░░░░░░░░░░░░░░░  32%  Streaming frame 745/5943
  ████████░░░░░░░░░░░░░░░░░  32%  Streaming frame 746/5943
  ████████░░░░░░░░░░░░░░░░░  32%  Streaming frame 747/5943
  ████████░░░░░░░░░░░░░░░░░  32%  Streaming frame 748/5943
  ████████░░░░░░░░░░░░░░░░░  32%  Streaming frame 749/5943
  ████████░░░░░░░░░░░░░░░░░  32%  Streaming frame 750/5943
  ████████░░░░░░░░░░░░░░░░░  32%  Streaming frame 751/5943
  ████████░░░░░░░░░░░░░░░░░  32%  Streaming frame 752/5943
  ████████░░░░░░░░░░░░░░░░░  32%  Streaming frame 753/5943
  ████████░░░░░░░░░░░░░░░░░  32%  Streaming frame 754/5943
  ████████░░░░░░░░░░░░░░░░░  32%  Streaming frame 755/5943
  ████████░░░░░░░░░░░░░░░░░  32%  Streaming frame 756/5943
  ████████░░░░░░░░░░░░░░░░░  32%  Streaming frame 757/5943
  ████████░░░░░░░░░░░░░░░░░  32%  Streaming frame 758/5943
  ████████░░░░░░░░░░░░░░░░░  32%  Streaming frame 759/5943
  ████████░░░░░░░░░░░░░░░░░  32%  Streaming frame 760/5943
  ████████░░░░░░░░░░░░░░░░░  32%  Streaming frame 761/5943
  ████████░░░░░░░░░░░░░░░░░  32%  Streaming frame 762/5943
  ████████░░░░░░░░░░░░░░░░░  32%  Streaming frame 763/5943
  ████████░░░░░░░░░░░░░░░░░  32%  Streaming frame 764/5943
  ████████░░░░░░░░░░░░░░░░░  32%  Streaming frame 765/5943
  ████████░░░░░░░░░░░░░░░░░  32%  Streaming frame 766/5943
  ████████░░░░░░░░░░░░░░░░░  32%  Streaming frame 767/5943
  ████████░░░░░░░░░░░░░░░░░  32%  Streaming frame 768/5943
  ████████░░░░░░░░░░░░░░░░░  32%  Streaming frame 769/5943
  ████████░░░░░░░░░░░░░░░░░  32%  Streaming frame 770/5943
  ████████░░░░░░░░░░░░░░░░░  32%  Streaming frame 771/5943
  ████████░░░░░░░░░░░░░░░░░  32%  Streaming frame 772/5943
  ████████░░░░░░░░░░░░░░░░░  32%  Streaming frame 773/5943
  ████████░░░░░░░░░░░░░░░░░  32%  Streaming frame 774/5943
  ████████░░░░░░░░░░░░░░░░░  32%  Streaming frame 775/5943
  ████████░░░░░░░░░░░░░░░░░  32%  Streaming frame 776/5943
  ████████░░░░░░░░░░░░░░░░░  32%  Streaming frame 777/5943
  ████████░░░░░░░░░░░░░░░░░  32%  Streaming frame 778/5943
  ████████░░░░░░░░░░░░░░░░░  32%  Streaming frame 779/5943
  ████████░░░░░░░░░░░░░░░░░  32%  Streaming frame 780/5943
  ████████░░░░░░░░░░░░░░░░░  32%  Streaming frame 781/5943
  ████████░░░░░░░░░░░░░░░░░  32%  Streaming frame 782/5943
  ████████░░░░░░░░░░░░░░░░░  32%  Streaming frame 783/5943
  ████████░░░░░░░░░░░░░░░░░  32%  Streaming frame 784/5943
  ████████░░░░░░░░░░░░░░░░░  32%  Streaming frame 785/5943
  ████████░░░░░░░░░░░░░░░░░  32%  Streaming frame 786/5943
  ████████░░░░░░░░░░░░░░░░░  32%  Streaming frame 787/5943
  ████████░░░░░░░░░░░░░░░░░  32%  Streaming frame 788/5943
  ████████░░░░░░░░░░░░░░░░░  32%  Streaming frame 789/5943
  ████████░░░░░░░░░░░░░░░░░  32%  Streaming frame 790/5943
  ████████░░░░░░░░░░░░░░░░░  32%  Streaming frame 791/5943
  ████████░░░░░░░░░░░░░░░░░  32%  Streaming frame 792/5943
  ████████░░░░░░░░░░░░░░░░░  32%  Streaming frame 793/5943
  ████████░░░░░░░░░░░░░░░░░  32%  Streaming frame 794/5943
  ████████░░░░░░░░░░░░░░░░░  32%  Streaming frame 795/5943
  ████████░░░░░░░░░░░░░░░░░  32%  Streaming frame 796/5943
  ████████░░░░░░░░░░░░░░░░░  32%  Streaming frame 797/5943
  ████████░░░░░░░░░░░░░░░░░  32%  Streaming frame 798/5943
  ████████░░░░░░░░░░░░░░░░░  32%  Streaming frame 799/5943
  ████████░░░░░░░░░░░░░░░░░  32%  Streaming frame 800/5943
  ████████░░░░░░░░░░░░░░░░░  32%  Streaming frame 801/5943
  ████████░░░░░░░░░░░░░░░░░  32%  Streaming frame 802/5943
  ████████░░░░░░░░░░░░░░░░░  32%  Streaming frame 803/5943
  ████████░░░░░░░░░░░░░░░░░  32%  Streaming frame 804/5943
  ████████░░░░░░░░░░░░░░░░░  32%  Streaming frame 805/5943
  ████████░░░░░░░░░░░░░░░░░  32%  Streaming frame 806/5943
  ████████░░░░░░░░░░░░░░░░░  32%  Streaming frame 807/5943
  ████████░░░░░░░░░░░░░░░░░  32%  Streaming frame 808/5943
  ████████░░░░░░░░░░░░░░░░░  32%  Streaming frame 809/5943
  ████████░░░░░░░░░░░░░░░░░  32%  Streaming frame 810/5943
  ████████░░░░░░░░░░░░░░░░░  33%  Streaming frame 811/5943
  ████████░░░░░░░░░░░░░░░░░  33%  Streaming frame 812/5943
  ████████░░░░░░░░░░░░░░░░░  33%  Streaming frame 813/5943
  ████████░░░░░░░░░░░░░░░░░  33%  Streaming frame 814/5943
  ████████░░░░░░░░░░░░░░░░░  33%  Streaming frame 815/5943
  ████████░░░░░░░░░░░░░░░░░  33%  Streaming frame 816/5943
  ████████░░░░░░░░░░░░░░░░░  33%  Streaming frame 817/5943
  ████████░░░░░░░░░░░░░░░░░  33%  Streaming frame 818/5943
  ████████░░░░░░░░░░░░░░░░░  33%  Streaming frame 819/5943
  ████████░░░░░░░░░░░░░░░░░  33%  Streaming frame 820/5943
  ████████░░░░░░░░░░░░░░░░░  33%  Streaming frame 821/5943
  ████████░░░░░░░░░░░░░░░░░  33%  Streaming frame 822/5943
  ████████░░░░░░░░░░░░░░░░░  33%  Streaming frame 823/5943
  ████████░░░░░░░░░░░░░░░░░  33%  Streaming frame 824/5943
  ████████░░░░░░░░░░░░░░░░░  33%  Streaming frame 825/5943
  ████████░░░░░░░░░░░░░░░░░  33%  Streaming frame 826/5943
  ████████░░░░░░░░░░░░░░░░░  33%  Streaming frame 827/5943
  ████████░░░░░░░░░░░░░░░░░  33%  Streaming frame 828/5943
  ████████░░░░░░░░░░░░░░░░░  33%  Streaming frame 829/5943
  ████████░░░░░░░░░░░░░░░░░  33%  Streaming frame 830/5943
  ████████░░░░░░░░░░░░░░░░░  33%  Streaming frame 831/5943
  ████████░░░░░░░░░░░░░░░░░  33%  Streaming frame 832/5943
  ████████░░░░░░░░░░░░░░░░░  33%  Streaming frame 833/5943
  ████████░░░░░░░░░░░░░░░░░  33%  Streaming frame 834/5943
  ████████░░░░░░░░░░░░░░░░░  33%  Streaming frame 835/5943
  ████████░░░░░░░░░░░░░░░░░  33%  Streaming frame 836/5943
  ████████░░░░░░░░░░░░░░░░░  33%  Streaming frame 837/5943
  ████████░░░░░░░░░░░░░░░░░  33%  Streaming frame 838/5943
  ████████░░░░░░░░░░░░░░░░░  33%  Streaming frame 839/5943
  ████████░░░░░░░░░░░░░░░░░  33%  Streaming frame 840/5943
  ████████░░░░░░░░░░░░░░░░░  33%  Streaming frame 841/5943
  ████████░░░░░░░░░░░░░░░░░  33%  Streaming frame 842/5943
  ████████░░░░░░░░░░░░░░░░░  33%  Streaming frame 843/5943
  ████████░░░░░░░░░░░░░░░░░  33%  Streaming frame 844/5943
  ████████░░░░░░░░░░░░░░░░░  33%  Streaming frame 845/5943
  ████████░░░░░░░░░░░░░░░░░  33%  Streaming frame 846/5943
  ████████░░░░░░░░░░░░░░░░░  33%  Streaming frame 847/5943
  ████████░░░░░░░░░░░░░░░░░  33%  Streaming frame 848/5943
  ████████░░░░░░░░░░░░░░░░░  33%  Streaming frame 849/5943
  ████████░░░░░░░░░░░░░░░░░  33%  Streaming frame 850/5943
  ████████░░░░░░░░░░░░░░░░░  33%  Streaming frame 851/5943
  ████████░░░░░░░░░░░░░░░░░  33%  Streaming frame 852/5943
  ████████░░░░░░░░░░░░░░░░░  33%  Streaming frame 853/5943
  ████████░░░░░░░░░░░░░░░░░  33%  Streaming frame 854/5943
  ████████░░░░░░░░░░░░░░░░░  33%  Streaming frame 855/5943
  ████████░░░░░░░░░░░░░░░░░  33%  Streaming frame 856/5943
  ████████░░░░░░░░░░░░░░░░░  33%  Streaming frame 857/5943
  ████████░░░░░░░░░░░░░░░░░  33%  Streaming frame 858/5943
  ████████░░░░░░░░░░░░░░░░░  33%  Streaming frame 859/5943
  ████████░░░░░░░░░░░░░░░░░  33%  Streaming frame 860/5943
  ████████░░░░░░░░░░░░░░░░░  33%  Streaming frame 861/5943
  ████████░░░░░░░░░░░░░░░░░  33%  Streaming frame 862/5943
  ████████░░░░░░░░░░░░░░░░░  33%  Streaming frame 863/5943
  ████████░░░░░░░░░░░░░░░░░  33%  Streaming frame 864/5943
  ████████░░░░░░░░░░░░░░░░░  33%  Streaming frame 865/5943
  ████████░░░░░░░░░░░░░░░░░  33%  Streaming frame 866/5943
  ████████░░░░░░░░░░░░░░░░░  33%  Streaming frame 867/5943
  ████████░░░░░░░░░░░░░░░░░  33%  Streaming frame 868/5943
  ████████░░░░░░░░░░░░░░░░░  33%  Streaming frame 869/5943
  ████████░░░░░░░░░░░░░░░░░  33%  Streaming frame 870/5943
  ████████░░░░░░░░░░░░░░░░░  33%  Streaming frame 871/5943
  ████████░░░░░░░░░░░░░░░░░  33%  Streaming frame 872/5943
  ████████░░░░░░░░░░░░░░░░░  33%  Streaming frame 873/5943
  ████████░░░░░░░░░░░░░░░░░  33%  Streaming frame 874/5943
  ████████░░░░░░░░░░░░░░░░░  33%  Streaming frame 875/5943
  ████████░░░░░░░░░░░░░░░░░  33%  Streaming frame 876/5943
  ████████░░░░░░░░░░░░░░░░░  33%  Streaming frame 877/5943
  ████████░░░░░░░░░░░░░░░░░  33%  Streaming frame 878/5943
  ████████░░░░░░░░░░░░░░░░░  33%  Streaming frame 879/5943
  ████████░░░░░░░░░░░░░░░░░  33%  Streaming frame 880/5943
  ████████░░░░░░░░░░░░░░░░░  33%  Streaming frame 881/5943
  ████████░░░░░░░░░░░░░░░░░  33%  Streaming frame 882/5943
  ████████░░░░░░░░░░░░░░░░░  33%  Streaming frame 883/5943
  ████████░░░░░░░░░░░░░░░░░  33%  Streaming frame 884/5943
  ████████░░░░░░░░░░░░░░░░░  33%  Streaming frame 885/5943
  ████████░░░░░░░░░░░░░░░░░  33%  Streaming frame 886/5943
  ████████░░░░░░░░░░░░░░░░░  33%  Streaming frame 887/5943
  ████████░░░░░░░░░░░░░░░░░  33%  Streaming frame 888/5943
  ████████░░░░░░░░░░░░░░░░░  33%  Streaming frame 889/5943
  ████████░░░░░░░░░░░░░░░░░  33%  Streaming frame 890/5943
  ████████░░░░░░░░░░░░░░░░░  33%  Streaming frame 891/5943
  ████████░░░░░░░░░░░░░░░░░  33%  Streaming frame 892/5943
  ████████░░░░░░░░░░░░░░░░░  33%  Streaming frame 893/5943
  ████████░░░░░░░░░░░░░░░░░  33%  Streaming frame 894/5943
  ████████░░░░░░░░░░░░░░░░░  33%  Streaming frame 895/5943
  ████████░░░░░░░░░░░░░░░░░  33%  Streaming frame 896/5943
  ████████░░░░░░░░░░░░░░░░░  33%  Streaming frame 897/5943
  ████████░░░░░░░░░░░░░░░░░  33%  Streaming frame 898/5943
  ████████░░░░░░░░░░░░░░░░░  33%  Streaming frame 899/5943
  ████████░░░░░░░░░░░░░░░░░  33%  Streaming frame 900/5943
  ████████░░░░░░░░░░░░░░░░░  33%  Streaming frame 901/5943
  ████████░░░░░░░░░░░░░░░░░  33%  Streaming frame 902/5943
  ████████░░░░░░░░░░░░░░░░░  33%  Streaming frame 903/5943
  ████████░░░░░░░░░░░░░░░░░  33%  Streaming frame 904/5943
  ████████░░░░░░░░░░░░░░░░░  33%  Streaming frame 905/5943
  ████████░░░░░░░░░░░░░░░░░  33%  Streaming frame 906/5943
  ████████░░░░░░░░░░░░░░░░░  33%  Streaming frame 907/5943
  ████████░░░░░░░░░░░░░░░░░  33%  Streaming frame 908/5943
  ████████░░░░░░░░░░░░░░░░░  33%  Streaming frame 909/5943
  ████████░░░░░░░░░░░░░░░░░  33%  Streaming frame 910/5943
  ████████░░░░░░░░░░░░░░░░░  33%  Streaming frame 911/5943
  ████████░░░░░░░░░░░░░░░░░  33%  Streaming frame 912/5943
  ████████░░░░░░░░░░░░░░░░░  33%  Streaming frame 913/5943
  ████████░░░░░░░░░░░░░░░░░  33%  Streaming frame 914/5943
  ████████░░░░░░░░░░░░░░░░░  33%  Streaming frame 915/5943
  ████████░░░░░░░░░░░░░░░░░  33%  Streaming frame 916/5943
  ████████░░░░░░░░░░░░░░░░░  33%  Streaming frame 917/5943
  ████████░░░░░░░░░░░░░░░░░  33%  Streaming frame 918/5943
  ████████░░░░░░░░░░░░░░░░░  34%  Streaming frame 919/5943
  ████████░░░░░░░░░░░░░░░░░  34%  Streaming frame 920/5943
  ████████░░░░░░░░░░░░░░░░░  34%  Streaming frame 921/5943
  ████████░░░░░░░░░░░░░░░░░  34%  Streaming frame 922/5943
  ████████░░░░░░░░░░░░░░░░░  34%  Streaming frame 923/5943
  ████████░░░░░░░░░░░░░░░░░  34%  Streaming frame 924/5943
  ████████░░░░░░░░░░░░░░░░░  34%  Streaming frame 925/5943
  ████████░░░░░░░░░░░░░░░░░  34%  Streaming frame 926/5943
  ████████░░░░░░░░░░░░░░░░░  34%  Streaming frame 927/5943
  ████████░░░░░░░░░░░░░░░░░  34%  Streaming frame 928/5943
  ████████░░░░░░░░░░░░░░░░░  34%  Streaming frame 929/5943
  ████████░░░░░░░░░░░░░░░░░  34%  Streaming frame 930/5943
  ████████░░░░░░░░░░░░░░░░░  34%  Streaming frame 931/5943
  ████████░░░░░░░░░░░░░░░░░  34%  Streaming frame 932/5943
  ████████░░░░░░░░░░░░░░░░░  34%  Streaming frame 933/5943
  ████████░░░░░░░░░░░░░░░░░  34%  Streaming frame 934/5943
  ████████░░░░░░░░░░░░░░░░░  34%  Streaming frame 935/5943
  ████████░░░░░░░░░░░░░░░░░  34%  Streaming frame 936/5943
  ████████░░░░░░░░░░░░░░░░░  34%  Streaming frame 937/5943
  ████████░░░░░░░░░░░░░░░░░  34%  Streaming frame 938/5943
  ████████░░░░░░░░░░░░░░░░░  34%  Streaming frame 939/5943
  ████████░░░░░░░░░░░░░░░░░  34%  Streaming frame 940/5943
  ████████░░░░░░░░░░░░░░░░░  34%  Streaming frame 941/5943
  ████████░░░░░░░░░░░░░░░░░  34%  Streaming frame 942/5943
  ████████░░░░░░░░░░░░░░░░░  34%  Streaming frame 943/5943
  ████████░░░░░░░░░░░░░░░░░  34%  Streaming frame 944/5943
  ████████░░░░░░░░░░░░░░░░░  34%  Streaming frame 945/5943
  ████████░░░░░░░░░░░░░░░░░  34%  Streaming frame 946/5943
  ████████░░░░░░░░░░░░░░░░░  34%  Streaming frame 947/5943
  ████████░░░░░░░░░░░░░░░░░  34%  Streaming frame 948/5943
  ████████░░░░░░░░░░░░░░░░░  34%  Streaming frame 949/5943
  ████████░░░░░░░░░░░░░░░░░  34%  Streaming frame 950/5943
  ████████░░░░░░░░░░░░░░░░░  34%  Streaming frame 951/5943
  ████████░░░░░░░░░░░░░░░░░  34%  Streaming frame 952/5943
  ████████░░░░░░░░░░░░░░░░░  34%  Streaming frame 953/5943
  ████████░░░░░░░░░░░░░░░░░  34%  Streaming frame 954/5943
  ████████░░░░░░░░░░░░░░░░░  34%  Streaming frame 955/5943
  ████████░░░░░░░░░░░░░░░░░  34%  Streaming frame 956/5943
  ████████░░░░░░░░░░░░░░░░░  34%  Streaming frame 957/5943
  ████████░░░░░░░░░░░░░░░░░  34%  Streaming frame 958/5943
  ████████░░░░░░░░░░░░░░░░░  34%  Streaming frame 959/5943
  ████████░░░░░░░░░░░░░░░░░  34%  Streaming frame 960/5943
  ████████░░░░░░░░░░░░░░░░░  34%  Streaming frame 961/5943
  ████████░░░░░░░░░░░░░░░░░  34%  Streaming frame 962/5943
  ████████░░░░░░░░░░░░░░░░░  34%  Streaming frame 963/5943
  ████████░░░░░░░░░░░░░░░░░  34%  Streaming frame 964/5943
  ████████░░░░░░░░░░░░░░░░░  34%  Streaming frame 965/5943
  ████████░░░░░░░░░░░░░░░░░  34%  Streaming frame 966/5943
  ████████░░░░░░░░░░░░░░░░░  34%  Streaming frame 967/5943
  ████████░░░░░░░░░░░░░░░░░  34%  Streaming frame 968/5943
  ████████░░░░░░░░░░░░░░░░░  34%  Streaming frame 969/5943
  ████████░░░░░░░░░░░░░░░░░  34%  Streaming frame 970/5943
  ████████░░░░░░░░░░░░░░░░░  34%  Streaming frame 971/5943
  ████████░░░░░░░░░░░░░░░░░  34%  Streaming frame 972/5943
  ████████░░░░░░░░░░░░░░░░░  34%  Streaming frame 973/5943
  ████████░░░░░░░░░░░░░░░░░  34%  Streaming frame 974/5943
  ████████░░░░░░░░░░░░░░░░░  34%  Streaming frame 975/5943
  ████████░░░░░░░░░░░░░░░░░  34%  Streaming frame 976/5943
  ████████░░░░░░░░░░░░░░░░░  34%  Streaming frame 977/5943
  ████████░░░░░░░░░░░░░░░░░  34%  Streaming frame 978/5943
  ████████░░░░░░░░░░░░░░░░░  34%  Streaming frame 979/5943
  ████████░░░░░░░░░░░░░░░░░  34%  Streaming frame 980/5943
  ████████░░░░░░░░░░░░░░░░░  34%  Streaming frame 981/5943
  ████████░░░░░░░░░░░░░░░░░  34%  Streaming frame 982/5943
  ████████░░░░░░░░░░░░░░░░░  34%  Streaming frame 983/5943
  ████████░░░░░░░░░░░░░░░░░  34%  Streaming frame 984/5943
  ████████░░░░░░░░░░░░░░░░░  34%  Streaming frame 985/5943
  ████████░░░░░░░░░░░░░░░░░  34%  Streaming frame 986/5943
  ████████░░░░░░░░░░░░░░░░░  34%  Streaming frame 987/5943
  ████████░░░░░░░░░░░░░░░░░  34%  Streaming frame 988/5943
  ████████░░░░░░░░░░░░░░░░░  34%  Streaming frame 989/5943
  ████████░░░░░░░░░░░░░░░░░  34%  Streaming frame 990/5943
  ████████░░░░░░░░░░░░░░░░░  34%  Streaming frame 991/5943
  ████████░░░░░░░░░░░░░░░░░  34%  Streaming frame 992/5943
  ████████░░░░░░░░░░░░░░░░░  34%  Streaming frame 993/5943
  ████████░░░░░░░░░░░░░░░░░  34%  Streaming frame 994/5943
  ████████░░░░░░░░░░░░░░░░░  34%  Streaming frame 995/5943
  ████████░░░░░░░░░░░░░░░░░  34%  Streaming frame 996/5943
  ████████░░░░░░░░░░░░░░░░░  34%  Streaming frame 997/5943
  ████████░░░░░░░░░░░░░░░░░  34%  Streaming frame 998/5943
  ████████░░░░░░░░░░░░░░░░░  34%  Streaming frame 999/5943
  ████████░░░░░░░░░░░░░░░░░  34%  Streaming frame 1000/5943
  ████████░░░░░░░░░░░░░░░░░  34%  Streaming frame 1001/5943
  ████████░░░░░░░░░░░░░░░░░  34%  Streaming frame 1002/5943
  ████████░░░░░░░░░░░░░░░░░  34%  Streaming frame 1003/5943
  ████████░░░░░░░░░░░░░░░░░  34%  Streaming frame 1004/5943
  ████████░░░░░░░░░░░░░░░░░  34%  Streaming frame 1005/5943
  ████████░░░░░░░░░░░░░░░░░  34%  Streaming frame 1006/5943
  ████████░░░░░░░░░░░░░░░░░  34%  Streaming frame 1007/5943
  ████████░░░░░░░░░░░░░░░░░  34%  Streaming frame 1008/5943
  ████████░░░░░░░░░░░░░░░░░  34%  Streaming frame 1009/5943
  ████████░░░░░░░░░░░░░░░░░  34%  Streaming frame 1010/5943
  ████████░░░░░░░░░░░░░░░░░  34%  Streaming frame 1011/5943
  ████████░░░░░░░░░░░░░░░░░  34%  Streaming frame 1012/5943
  ████████░░░░░░░░░░░░░░░░░  34%  Streaming frame 1013/5943
  ████████░░░░░░░░░░░░░░░░░  34%  Streaming frame 1014/5943
  ████████░░░░░░░░░░░░░░░░░  34%  Streaming frame 1015/5943
  ████████░░░░░░░░░░░░░░░░░  34%  Streaming frame 1016/5943
  ████████░░░░░░░░░░░░░░░░░  34%  Streaming frame 1017/5943
  ████████░░░░░░░░░░░░░░░░░  34%  Streaming frame 1018/5943
  ████████░░░░░░░░░░░░░░░░░  34%  Streaming frame 1019/5943
  ████████░░░░░░░░░░░░░░░░░  34%  Streaming frame 1020/5943
  ████████░░░░░░░░░░░░░░░░░  34%  Streaming frame 1021/5943
  ████████░░░░░░░░░░░░░░░░░  34%  Streaming frame 1022/5943
  ████████░░░░░░░░░░░░░░░░░  34%  Streaming frame 1023/5943
  ████████░░░░░░░░░░░░░░░░░  34%  Streaming frame 1024/5943
  ████████░░░░░░░░░░░░░░░░░  34%  Streaming frame 1025/5943
  ████████░░░░░░░░░░░░░░░░░  34%  Streaming frame 1026/5943
  ████████░░░░░░░░░░░░░░░░░  35%  Streaming frame 1027/5943
  ████████░░░░░░░░░░░░░░░░░  35%  Streaming frame 1028/5943
  ████████░░░░░░░░░░░░░░░░░  35%  Streaming frame 1029/5943
  ████████░░░░░░░░░░░░░░░░░  35%  Streaming frame 1030/5943
  ████████░░░░░░░░░░░░░░░░░  35%  Streaming frame 1031/5943
  ████████░░░░░░░░░░░░░░░░░  35%  Streaming frame 1032/5943
  ████████░░░░░░░░░░░░░░░░░  35%  Streaming frame 1033/5943
  ████████░░░░░░░░░░░░░░░░░  35%  Streaming frame 1034/5943
  ████████░░░░░░░░░░░░░░░░░  35%  Streaming frame 1035/5943
  ████████░░░░░░░░░░░░░░░░░  35%  Streaming frame 1036/5943
  ████████░░░░░░░░░░░░░░░░░  35%  Streaming frame 1037/5943
  ████████░░░░░░░░░░░░░░░░░  35%  Streaming frame 1038/5943
  ████████░░░░░░░░░░░░░░░░░  35%  Streaming frame 1039/5943
  ████████░░░░░░░░░░░░░░░░░  35%  Streaming frame 1040/5943
  ████████░░░░░░░░░░░░░░░░░  35%  Streaming frame 1041/5943
  ████████░░░░░░░░░░░░░░░░░  35%  Streaming frame 1042/5943
  ████████░░░░░░░░░░░░░░░░░  35%  Streaming frame 1043/5943
  ████████░░░░░░░░░░░░░░░░░  35%  Streaming frame 1044/5943
  ████████░░░░░░░░░░░░░░░░░  35%  Streaming frame 1045/5943
  ████████░░░░░░░░░░░░░░░░░  35%  Streaming frame 1046/5943
  ████████░░░░░░░░░░░░░░░░░  35%  Streaming frame 1047/5943
  ████████░░░░░░░░░░░░░░░░░  35%  Streaming frame 1048/5943
  ████████░░░░░░░░░░░░░░░░░  35%  Streaming frame 1049/5943
  ████████░░░░░░░░░░░░░░░░░  35%  Streaming frame 1050/5943
  ████████░░░░░░░░░░░░░░░░░  35%  Streaming frame 1051/5943
  ████████░░░░░░░░░░░░░░░░░  35%  Streaming frame 1052/5943
  ████████░░░░░░░░░░░░░░░░░  35%  Streaming frame 1053/5943
  ████████░░░░░░░░░░░░░░░░░  35%  Streaming frame 1054/5943
[INFO] [Render:trace] {"renderJobId":"2c00112f-3f00-4c3d-9ae6-59da28575b86","phase":"capture_streaming","status":"checkpoint","elapsedMs":65676,"message":"stage still running","stagePhase":"capturing","workerCount":1,"forceScreenshot":true,"totalFrames":5943,"framesCompleted":1054,"captureMode":"screenshot","captureOperation":"captureScreenshot","heartbeatIndex":2,"stageElapsedMs":60001}
  ████████░░░░░░░░░░░░░░░░░  35%  Streaming frame 1055/5943
  ████████░░░░░░░░░░░░░░░░░  35%  Streaming frame 1056/5943
  ████████░░░░░░░░░░░░░░░░░  35%  Streaming frame 1057/5943
  ████████░░░░░░░░░░░░░░░░░  35%  Streaming frame 1058/5943
  ████████░░░░░░░░░░░░░░░░░  35%  Streaming frame 1059/5943
  ████████░░░░░░░░░░░░░░░░░  35%  Streaming frame 1060/5943
  ████████░░░░░░░░░░░░░░░░░  35%  Streaming frame 1061/5943
  ████████░░░░░░░░░░░░░░░░░  35%  Streaming frame 1062/5943
  ████████░░░░░░░░░░░░░░░░░  35%  Streaming frame 1063/5943
  ████████░░░░░░░░░░░░░░░░░  35%  Streaming frame 1064/5943
  ████████░░░░░░░░░░░░░░░░░  35%  Streaming frame 1065/5943
  ████████░░░░░░░░░░░░░░░░░  35%  Streaming frame 1066/5943
  ████████░░░░░░░░░░░░░░░░░  35%  Streaming frame 1067/5943
  ████████░░░░░░░░░░░░░░░░░  35%  Streaming frame 1068/5943
  ████████░░░░░░░░░░░░░░░░░  35%  Streaming frame 1069/5943
  ████████░░░░░░░░░░░░░░░░░  35%  Streaming frame 1070/5943
  ████████░░░░░░░░░░░░░░░░░  35%  Streaming frame 1071/5943
  ████████░░░░░░░░░░░░░░░░░  35%  Streaming frame 1072/5943
  ████████░░░░░░░░░░░░░░░░░  35%  Streaming frame 1073/5943
  ████████░░░░░░░░░░░░░░░░░  35%  Streaming frame 1074/5943
  ████████░░░░░░░░░░░░░░░░░  35%  Streaming frame 1075/5943
  ████████░░░░░░░░░░░░░░░░░  35%  Streaming frame 1076/5943
  ████████░░░░░░░░░░░░░░░░░  35%  Streaming frame 1077/5943
  ████████░░░░░░░░░░░░░░░░░  35%  Streaming frame 1078/5943
  ████████░░░░░░░░░░░░░░░░░  35%  Streaming frame 1079/5943
  ████████░░░░░░░░░░░░░░░░░  35%  Streaming frame 1080/5943
  ████████░░░░░░░░░░░░░░░░░  35%  Streaming frame 1081/5943
  ████████░░░░░░░░░░░░░░░░░  35%  Streaming frame 1082/5943
  ████████░░░░░░░░░░░░░░░░░  35%  Streaming frame 1083/5943
  ████████░░░░░░░░░░░░░░░░░  35%  Streaming frame 1084/5943
  ████████░░░░░░░░░░░░░░░░░  35%  Streaming frame 1085/5943
  ████████░░░░░░░░░░░░░░░░░  35%  Streaming frame 1086/5943
  ████████░░░░░░░░░░░░░░░░░  35%  Streaming frame 1087/5943
  ████████░░░░░░░░░░░░░░░░░  35%  Streaming frame 1088/5943
  ████████░░░░░░░░░░░░░░░░░  35%  Streaming frame 1089/5943
  ████████░░░░░░░░░░░░░░░░░  35%  Streaming frame 1090/5943
  ████████░░░░░░░░░░░░░░░░░  35%  Streaming frame 1091/5943
  ████████░░░░░░░░░░░░░░░░░  35%  Streaming frame 1092/5943
  ████████░░░░░░░░░░░░░░░░░  35%  Streaming frame 1093/5943
  ████████░░░░░░░░░░░░░░░░░  35%  Streaming frame 1094/5943
  ████████░░░░░░░░░░░░░░░░░  35%  Streaming frame 1095/5943
  ████████░░░░░░░░░░░░░░░░░  35%  Streaming frame 1096/5943
  ████████░░░░░░░░░░░░░░░░░  35%  Streaming frame 1097/5943
  ████████░░░░░░░░░░░░░░░░░  35%  Streaming frame 1098/5943
  ████████░░░░░░░░░░░░░░░░░  35%  Streaming frame 1099/5943
  ████████░░░░░░░░░░░░░░░░░  35%  Streaming frame 1100/5943
  ████████░░░░░░░░░░░░░░░░░  35%  Streaming frame 1101/5943
  ████████░░░░░░░░░░░░░░░░░  35%  Streaming frame 1102/5943
  ████████░░░░░░░░░░░░░░░░░  35%  Streaming frame 1103/5943
  ████████░░░░░░░░░░░░░░░░░  35%  Streaming frame 1104/5943
  ████████░░░░░░░░░░░░░░░░░  35%  Streaming frame 1105/5943
  ████████░░░░░░░░░░░░░░░░░  35%  Streaming frame 1106/5943
  ████████░░░░░░░░░░░░░░░░░  35%  Streaming frame 1107/5943
  ████████░░░░░░░░░░░░░░░░░  35%  Streaming frame 1108/5943
  ████████░░░░░░░░░░░░░░░░░  35%  Streaming frame 1109/5943
  ████████░░░░░░░░░░░░░░░░░  35%  Streaming frame 1110/5943
  ████████░░░░░░░░░░░░░░░░░  35%  Streaming frame 1111/5943
  ████████░░░░░░░░░░░░░░░░░  35%  Streaming frame 1112/5943
  ████████░░░░░░░░░░░░░░░░░  35%  Streaming frame 1113/5943
  ████████░░░░░░░░░░░░░░░░░  35%  Streaming frame 1114/5943
  ████████░░░░░░░░░░░░░░░░░  35%  Streaming frame 1115/5943
  ████████░░░░░░░░░░░░░░░░░  35%  Streaming frame 1116/5943
  ████████░░░░░░░░░░░░░░░░░  35%  Streaming frame 1117/5943
  ████████░░░░░░░░░░░░░░░░░  35%  Streaming frame 1118/5943
  ████████░░░░░░░░░░░░░░░░░  35%  Streaming frame 1119/5943
  ████████░░░░░░░░░░░░░░░░░  35%  Streaming frame 1120/5943
  ████████░░░░░░░░░░░░░░░░░  35%  Streaming frame 1121/5943
  ████████░░░░░░░░░░░░░░░░░  35%  Streaming frame 1122/5943
  ████████░░░░░░░░░░░░░░░░░  35%  Streaming frame 1123/5943
  ████████░░░░░░░░░░░░░░░░░  35%  Streaming frame 1124/5943
  ████████░░░░░░░░░░░░░░░░░  35%  Streaming frame 1125/5943
  ████████░░░░░░░░░░░░░░░░░  35%  Streaming frame 1126/5943
  ████████░░░░░░░░░░░░░░░░░  35%  Streaming frame 1127/5943
  ████████░░░░░░░░░░░░░░░░░  35%  Streaming frame 1128/5943
  ████████░░░░░░░░░░░░░░░░░  35%  Streaming frame 1129/5943
  ████████░░░░░░░░░░░░░░░░░  35%  Streaming frame 1130/5943
  ████████░░░░░░░░░░░░░░░░░  35%  Streaming frame 1131/5943
  ████████░░░░░░░░░░░░░░░░░  35%  Streaming frame 1132/5943
  ████████░░░░░░░░░░░░░░░░░  35%  Streaming frame 1133/5943
  ████████░░░░░░░░░░░░░░░░░  35%  Streaming frame 1134/5943
  █████████░░░░░░░░░░░░░░░░  36%  Streaming frame 1135/5943
  █████████░░░░░░░░░░░░░░░░  36%  Streaming frame 1136/5943
  █████████░░░░░░░░░░░░░░░░  36%  Streaming frame 1137/5943
  █████████░░░░░░░░░░░░░░░░  36%  Streaming frame 1138/5943
  █████████░░░░░░░░░░░░░░░░  36%  Streaming frame 1139/5943
  █████████░░░░░░░░░░░░░░░░  36%  Streaming frame 1140/5943
  █████████░░░░░░░░░░░░░░░░  36%  Streaming frame 1141/5943
  █████████░░░░░░░░░░░░░░░░  36%  Streaming frame 1142/5943
  █████████░░░░░░░░░░░░░░░░  36%  Streaming frame 1143/5943
  █████████░░░░░░░░░░░░░░░░  36%  Streaming frame 1144/5943
  █████████░░░░░░░░░░░░░░░░  36%  Streaming frame 1145/5943
  █████████░░░░░░░░░░░░░░░░  36%  Streaming frame 1146/5943
  █████████░░░░░░░░░░░░░░░░  36%  Streaming frame 1147/5943
  █████████░░░░░░░░░░░░░░░░  36%  Streaming frame 1148/5943
  █████████░░░░░░░░░░░░░░░░  36%  Streaming frame 1149/5943
  █████████░░░░░░░░░░░░░░░░  36%  Streaming frame 1150/5943
  █████████░░░░░░░░░░░░░░░░  36%  Streaming frame 1151/5943
  █████████░░░░░░░░░░░░░░░░  36%  Streaming frame 1152/5943
  █████████░░░░░░░░░░░░░░░░  36%  Streaming frame 1153/5943
  █████████░░░░░░░░░░░░░░░░  36%  Streaming frame 1154/5943
  █████████░░░░░░░░░░░░░░░░  36%  Streaming frame 1155/5943
  █████████░░░░░░░░░░░░░░░░  36%  Streaming frame 1156/5943
  █████████░░░░░░░░░░░░░░░░  36%  Streaming frame 1157/5943
  █████████░░░░░░░░░░░░░░░░  36%  Streaming frame 1158/5943
  █████████░░░░░░░░░░░░░░░░  36%  Streaming frame 1159/5943
  █████████░░░░░░░░░░░░░░░░  36%  Streaming frame 1160/5943
  █████████░░░░░░░░░░░░░░░░  36%  Streaming frame 1161/5943
  █████████░░░░░░░░░░░░░░░░  36%  Streaming frame 1162/5943
  █████████░░░░░░░░░░░░░░░░  36%  Streaming frame 1163/5943
  █████████░░░░░░░░░░░░░░░░  36%  Streaming frame 1164/5943
  █████████░░░░░░░░░░░░░░░░  36%  Streaming frame 1165/5943
  █████████░░░░░░░░░░░░░░░░  36%  Streaming frame 1166/5943
  █████████░░░░░░░░░░░░░░░░  36%  Streaming frame 1167/5943
  █████████░░░░░░░░░░░░░░░░  36%  Streaming frame 1168/5943
  █████████░░░░░░░░░░░░░░░░  36%  Streaming frame 1169/5943
  █████████░░░░░░░░░░░░░░░░  36%  Streaming frame 1170/5943
  █████████░░░░░░░░░░░░░░░░  36%  Streaming frame 1171/5943
  █████████░░░░░░░░░░░░░░░░  36%  Streaming frame 1172/5943
  █████████░░░░░░░░░░░░░░░░  36%  Streaming frame 1173/5943
  █████████░░░░░░░░░░░░░░░░  36%  Streaming frame 1174/5943
  █████████░░░░░░░░░░░░░░░░  36%  Streaming frame 1175/5943
  █████████░░░░░░░░░░░░░░░░  36%  Streaming frame 1176/5943
  █████████░░░░░░░░░░░░░░░░  36%  Streaming frame 1177/5943
  █████████░░░░░░░░░░░░░░░░  36%  Streaming frame 1178/5943
  █████████░░░░░░░░░░░░░░░░  36%  Streaming frame 1179/5943
  █████████░░░░░░░░░░░░░░░░  36%  Streaming frame 1180/5943
  █████████░░░░░░░░░░░░░░░░  36%  Streaming frame 1181/5943
  █████████░░░░░░░░░░░░░░░░  36%  Streaming frame 1182/5943
  █████████░░░░░░░░░░░░░░░░  36%  Streaming frame 1183/5943
  █████████░░░░░░░░░░░░░░░░  36%  Streaming frame 1184/5943
  █████████░░░░░░░░░░░░░░░░  36%  Streaming frame 1185/5943
  █████████░░░░░░░░░░░░░░░░  36%  Streaming frame 1186/5943
  █████████░░░░░░░░░░░░░░░░  36%  Streaming frame 1187/5943
  █████████░░░░░░░░░░░░░░░░  36%  Streaming frame 1188/5943
  █████████░░░░░░░░░░░░░░░░  36%  Streaming frame 1189/5943
  █████████░░░░░░░░░░░░░░░░  36%  Streaming frame 1190/5943
  █████████░░░░░░░░░░░░░░░░  36%  Streaming frame 1191/5943
  █████████░░░░░░░░░░░░░░░░  36%  Streaming frame 1192/5943
  █████████░░░░░░░░░░░░░░░░  36%  Streaming frame 1193/5943
  █████████░░░░░░░░░░░░░░░░  36%  Streaming frame 1194/5943
  █████████░░░░░░░░░░░░░░░░  36%  Streaming frame 1195/5943
  █████████░░░░░░░░░░░░░░░░  36%  Streaming frame 1196/5943
  █████████░░░░░░░░░░░░░░░░  36%  Streaming frame 1197/5943
  █████████░░░░░░░░░░░░░░░░  36%  Streaming frame 1198/5943
  █████████░░░░░░░░░░░░░░░░  36%  Streaming frame 1199/5943
  █████████░░░░░░░░░░░░░░░░  36%  Streaming frame 1200/5943
  █████████░░░░░░░░░░░░░░░░  36%  Streaming frame 1201/5943
  █████████░░░░░░░░░░░░░░░░  36%  Streaming frame 1202/5943
  █████████░░░░░░░░░░░░░░░░  36%  Streaming frame 1203/5943
  █████████░░░░░░░░░░░░░░░░  36%  Streaming frame 1204/5943
  █████████░░░░░░░░░░░░░░░░  36%  Streaming frame 1205/5943
  █████████░░░░░░░░░░░░░░░░  36%  Streaming frame 1206/5943
  █████████░░░░░░░░░░░░░░░░  36%  Streaming frame 1207/5943
  █████████░░░░░░░░░░░░░░░░  36%  Streaming frame 1208/5943
  █████████░░░░░░░░░░░░░░░░  36%  Streaming frame 1209/5943
  █████████░░░░░░░░░░░░░░░░  36%  Streaming frame 1210/5943
  █████████░░░░░░░░░░░░░░░░  36%  Streaming frame 1211/5943
  █████████░░░░░░░░░░░░░░░░  36%  Streaming frame 1212/5943
  █████████░░░░░░░░░░░░░░░░  36%  Streaming frame 1213/5943
  █████████░░░░░░░░░░░░░░░░  36%  Streaming frame 1214/5943
  █████████░░░░░░░░░░░░░░░░  36%  Streaming frame 1215/5943
  █████████░░░░░░░░░░░░░░░░  36%  Streaming frame 1216/5943
  █████████░░░░░░░░░░░░░░░░  36%  Streaming frame 1217/5943
  █████████░░░░░░░░░░░░░░░░  36%  Streaming frame 1218/5943
  █████████░░░░░░░░░░░░░░░░  36%  Streaming frame 1219/5943
  █████████░░░░░░░░░░░░░░░░  36%  Streaming frame 1220/5943
  █████████░░░░░░░░░░░░░░░░  36%  Streaming frame 1221/5943
  █████████░░░░░░░░░░░░░░░░  36%  Streaming frame 1222/5943
  █████████░░░░░░░░░░░░░░░░  36%  Streaming frame 1223/5943
  █████████░░░░░░░░░░░░░░░░  36%  Streaming frame 1224/5943
  █████████░░░░░░░░░░░░░░░░  36%  Streaming frame 1225/5943
  █████████░░░░░░░░░░░░░░░░  36%  Streaming frame 1226/5943
  █████████░░░░░░░░░░░░░░░░  36%  Streaming frame 1227/5943
  █████████░░░░░░░░░░░░░░░░  36%  Streaming frame 1228/5943
  █████████░░░░░░░░░░░░░░░░  36%  Streaming frame 1229/5943
  █████████░░░░░░░░░░░░░░░░  36%  Streaming frame 1230/5943
  █████████░░░░░░░░░░░░░░░░  36%  Streaming frame 1231/5943
  █████████░░░░░░░░░░░░░░░░  36%  Streaming frame 1232/5943
  █████████░░░░░░░░░░░░░░░░  36%  Streaming frame 1233/5943
  █████████░░░░░░░░░░░░░░░░  36%  Streaming frame 1234/5943
  █████████░░░░░░░░░░░░░░░░  36%  Streaming frame 1235/5943
  █████████░░░░░░░░░░░░░░░░  36%  Streaming frame 1236/5943
  █████████░░░░░░░░░░░░░░░░  36%  Streaming frame 1237/5943
  █████████░░░░░░░░░░░░░░░░  36%  Streaming frame 1238/5943
  █████████░░░░░░░░░░░░░░░░  36%  Streaming frame 1239/5943
  █████████░░░░░░░░░░░░░░░░  36%  Streaming frame 1240/5943
  █████████░░░░░░░░░░░░░░░░  36%  Streaming frame 1241/5943
  █████████░░░░░░░░░░░░░░░░  36%  Streaming frame 1242/5943
  █████████░░░░░░░░░░░░░░░░  37%  Streaming frame 1243/5943
  █████████░░░░░░░░░░░░░░░░  37%  Streaming frame 1244/5943
  █████████░░░░░░░░░░░░░░░░  37%  Streaming frame 1245/5943
  █████████░░░░░░░░░░░░░░░░  37%  Streaming frame 1246/5943
  █████████░░░░░░░░░░░░░░░░  37%  Streaming frame 1247/5943
  █████████░░░░░░░░░░░░░░░░  37%  Streaming frame 1248/5943
  █████████░░░░░░░░░░░░░░░░  37%  Streaming frame 1249/5943
  █████████░░░░░░░░░░░░░░░░  37%  Streaming frame 1250/5943
  █████████░░░░░░░░░░░░░░░░  37%  Streaming frame 1251/5943
  █████████░░░░░░░░░░░░░░░░  37%  Streaming frame 1252/5943
  █████████░░░░░░░░░░░░░░░░  37%  Streaming frame 1253/5943
  █████████░░░░░░░░░░░░░░░░  37%  Streaming frame 1254/5943
  █████████░░░░░░░░░░░░░░░░  37%  Streaming frame 1255/5943
  █████████░░░░░░░░░░░░░░░░  37%  Streaming frame 1256/5943
  █████████░░░░░░░░░░░░░░░░  37%  Streaming frame 1257/5943
  █████████░░░░░░░░░░░░░░░░  37%  Streaming frame 1258/5943
  █████████░░░░░░░░░░░░░░░░  37%  Streaming frame 1259/5943
  █████████░░░░░░░░░░░░░░░░  37%  Streaming frame 1260/5943
  █████████░░░░░░░░░░░░░░░░  37%  Streaming frame 1261/5943
  █████████░░░░░░░░░░░░░░░░  37%  Streaming frame 1262/5943
  █████████░░░░░░░░░░░░░░░░  37%  Streaming frame 1263/5943
  █████████░░░░░░░░░░░░░░░░  37%  Streaming frame 1264/5943
  █████████░░░░░░░░░░░░░░░░  37%  Streaming frame 1265/5943
  █████████░░░░░░░░░░░░░░░░  37%  Streaming frame 1266/5943
  █████████░░░░░░░░░░░░░░░░  37%  Streaming frame 1267/5943
  █████████░░░░░░░░░░░░░░░░  37%  Streaming frame 1268/5943
  █████████░░░░░░░░░░░░░░░░  37%  Streaming frame 1269/5943
  █████████░░░░░░░░░░░░░░░░  37%  Streaming frame 1270/5943
  █████████░░░░░░░░░░░░░░░░  37%  Streaming frame 1271/5943
  █████████░░░░░░░░░░░░░░░░  37%  Streaming frame 1272/5943
  █████████░░░░░░░░░░░░░░░░  37%  Streaming frame 1273/5943
  █████████░░░░░░░░░░░░░░░░  37%  Streaming frame 1274/5943
  █████████░░░░░░░░░░░░░░░░  37%  Streaming frame 1275/5943
  █████████░░░░░░░░░░░░░░░░  37%  Streaming frame 1276/5943
  █████████░░░░░░░░░░░░░░░░  37%  Streaming frame 1277/5943
  █████████░░░░░░░░░░░░░░░░  37%  Streaming frame 1278/5943
  █████████░░░░░░░░░░░░░░░░  37%  Streaming frame 1279/5943
  █████████░░░░░░░░░░░░░░░░  37%  Streaming frame 1280/5943
  █████████░░░░░░░░░░░░░░░░  37%  Streaming frame 1281/5943
  █████████░░░░░░░░░░░░░░░░  37%  Streaming frame 1282/5943
  █████████░░░░░░░░░░░░░░░░  37%  Streaming frame 1283/5943
  █████████░░░░░░░░░░░░░░░░  37%  Streaming frame 1284/5943
  █████████░░░░░░░░░░░░░░░░  37%  Streaming frame 1285/5943
  █████████░░░░░░░░░░░░░░░░  37%  Streaming frame 1286/5943
  █████████░░░░░░░░░░░░░░░░  37%  Streaming frame 1287/5943
  █████████░░░░░░░░░░░░░░░░  37%  Streaming frame 1288/5943
  █████████░░░░░░░░░░░░░░░░  37%  Streaming frame 1289/5943
  █████████░░░░░░░░░░░░░░░░  37%  Streaming frame 1290/5943
  █████████░░░░░░░░░░░░░░░░  37%  Streaming frame 1291/5943
  █████████░░░░░░░░░░░░░░░░  37%  Streaming frame 1292/5943
  █████████░░░░░░░░░░░░░░░░  37%  Streaming frame 1293/5943
  █████████░░░░░░░░░░░░░░░░  37%  Streaming frame 1294/5943
  █████████░░░░░░░░░░░░░░░░  37%  Streaming frame 1295/5943
  █████████░░░░░░░░░░░░░░░░  37%  Streaming frame 1296/5943
  █████████░░░░░░░░░░░░░░░░  37%  Streaming frame 1297/5943
  █████████░░░░░░░░░░░░░░░░  37%  Streaming frame 1298/5943
  █████████░░░░░░░░░░░░░░░░  37%  Streaming frame 1299/5943
  █████████░░░░░░░░░░░░░░░░  37%  Streaming frame 1300/5943
  █████████░░░░░░░░░░░░░░░░  37%  Streaming frame 1301/5943
  █████████░░░░░░░░░░░░░░░░  37%  Streaming frame 1302/5943
  █████████░░░░░░░░░░░░░░░░  37%  Streaming frame 1303/5943
  █████████░░░░░░░░░░░░░░░░  37%  Streaming frame 1304/5943
  █████████░░░░░░░░░░░░░░░░  37%  Streaming frame 1305/5943
  █████████░░░░░░░░░░░░░░░░  37%  Streaming frame 1306/5943
  █████████░░░░░░░░░░░░░░░░  37%  Streaming frame 1307/5943
  █████████░░░░░░░░░░░░░░░░  37%  Streaming frame 1308/5943
  █████████░░░░░░░░░░░░░░░░  37%  Streaming frame 1309/5943
  █████████░░░░░░░░░░░░░░░░  37%  Streaming frame 1310/5943
  █████████░░░░░░░░░░░░░░░░  37%  Streaming frame 1311/5943
  █████████░░░░░░░░░░░░░░░░  37%  Streaming frame 1312/5943
  █████████░░░░░░░░░░░░░░░░  37%  Streaming frame 1313/5943
  █████████░░░░░░░░░░░░░░░░  37%  Streaming frame 1314/5943
  █████████░░░░░░░░░░░░░░░░  37%  Streaming frame 1315/5943
  █████████░░░░░░░░░░░░░░░░  37%  Streaming frame 1316/5943
  █████████░░░░░░░░░░░░░░░░  37%  Streaming frame 1317/5943
  █████████░░░░░░░░░░░░░░░░  37%  Streaming frame 1318/5943
  █████████░░░░░░░░░░░░░░░░  37%  Streaming frame 1319/5943
  █████████░░░░░░░░░░░░░░░░  37%  Streaming frame 1320/5943
  █████████░░░░░░░░░░░░░░░░  37%  Streaming frame 1321/5943
  █████████░░░░░░░░░░░░░░░░  37%  Streaming frame 1322/5943
  █████████░░░░░░░░░░░░░░░░  37%  Streaming frame 1323/5943
  █████████░░░░░░░░░░░░░░░░  37%  Streaming frame 1324/5943
  █████████░░░░░░░░░░░░░░░░  37%  Streaming frame 1325/5943
  █████████░░░░░░░░░░░░░░░░  37%  Streaming frame 1326/5943
  █████████░░░░░░░░░░░░░░░░  37%  Streaming frame 1327/5943
  █████████░░░░░░░░░░░░░░░░  37%  Streaming frame 1328/5943
  █████████░░░░░░░░░░░░░░░░  37%  Streaming frame 1329/5943
  █████████░░░░░░░░░░░░░░░░  37%  Streaming frame 1330/5943
  █████████░░░░░░░░░░░░░░░░  37%  Streaming frame 1331/5943
  █████████░░░░░░░░░░░░░░░░  37%  Streaming frame 1332/5943
  █████████░░░░░░░░░░░░░░░░  37%  Streaming frame 1333/5943
  █████████░░░░░░░░░░░░░░░░  37%  Streaming frame 1334/5943
  █████████░░░░░░░░░░░░░░░░  37%  Streaming frame 1335/5943
  █████████░░░░░░░░░░░░░░░░  37%  Streaming frame 1336/5943
  █████████░░░░░░░░░░░░░░░░  37%  Streaming frame 1337/5943
  █████████░░░░░░░░░░░░░░░░  37%  Streaming frame 1338/5943
  █████████░░░░░░░░░░░░░░░░  37%  Streaming frame 1339/5943
  █████████░░░░░░░░░░░░░░░░  37%  Streaming frame 1340/5943
  █████████░░░░░░░░░░░░░░░░  37%  Streaming frame 1341/5943
  █████████░░░░░░░░░░░░░░░░  37%  Streaming frame 1342/5943
  █████████░░░░░░░░░░░░░░░░  37%  Streaming frame 1343/5943
  █████████░░░░░░░░░░░░░░░░  37%  Streaming frame 1344/5943
  █████████░░░░░░░░░░░░░░░░  37%  Streaming frame 1345/5943
  █████████░░░░░░░░░░░░░░░░  37%  Streaming frame 1346/5943
  █████████░░░░░░░░░░░░░░░░  37%  Streaming frame 1347/5943
  █████████░░░░░░░░░░░░░░░░  37%  Streaming frame 1348/5943
  █████████░░░░░░░░░░░░░░░░  37%  Streaming frame 1349/5943
  █████████░░░░░░░░░░░░░░░░  37%  Streaming frame 1350/5943
  █████████░░░░░░░░░░░░░░░░  38%  Streaming frame 1351/5943
  █████████░░░░░░░░░░░░░░░░  38%  Streaming frame 1352/5943
  █████████░░░░░░░░░░░░░░░░  38%  Streaming frame 1353/5943
  █████████░░░░░░░░░░░░░░░░  38%  Streaming frame 1354/5943
  █████████░░░░░░░░░░░░░░░░  38%  Streaming frame 1355/5943
  █████████░░░░░░░░░░░░░░░░  38%  Streaming frame 1356/5943
  █████████░░░░░░░░░░░░░░░░  38%  Streaming frame 1357/5943
  █████████░░░░░░░░░░░░░░░░  38%  Streaming frame 1358/5943
  █████████░░░░░░░░░░░░░░░░  38%  Streaming frame 1359/5943
  █████████░░░░░░░░░░░░░░░░  38%  Streaming frame 1360/5943
  █████████░░░░░░░░░░░░░░░░  38%  Streaming frame 1361/5943
  █████████░░░░░░░░░░░░░░░░  38%  Streaming frame 1362/5943
  █████████░░░░░░░░░░░░░░░░  38%  Streaming frame 1363/5943
  █████████░░░░░░░░░░░░░░░░  38%  Streaming frame 1364/5943
  █████████░░░░░░░░░░░░░░░░  38%  Streaming frame 1365/5943
  █████████░░░░░░░░░░░░░░░░  38%  Streaming frame 1366/5943
  █████████░░░░░░░░░░░░░░░░  38%  Streaming frame 1367/5943
  █████████░░░░░░░░░░░░░░░░  38%  Streaming frame 1368/5943
  █████████░░░░░░░░░░░░░░░░  38%  Streaming frame 1369/5943
  █████████░░░░░░░░░░░░░░░░  38%  Streaming frame 1370/5943
  █████████░░░░░░░░░░░░░░░░  38%  Streaming frame 1371/5943
  █████████░░░░░░░░░░░░░░░░  38%  Streaming frame 1372/5943
  █████████░░░░░░░░░░░░░░░░  38%  Streaming frame 1373/5943
  █████████░░░░░░░░░░░░░░░░  38%  Streaming frame 1374/5943
  █████████░░░░░░░░░░░░░░░░  38%  Streaming frame 1375/5943
  █████████░░░░░░░░░░░░░░░░  38%  Streaming frame 1376/5943
  █████████░░░░░░░░░░░░░░░░  38%  Streaming frame 1377/5943
  █████████░░░░░░░░░░░░░░░░  38%  Streaming frame 1378/5943
  █████████░░░░░░░░░░░░░░░░  38%  Streaming frame 1379/5943
  █████████░░░░░░░░░░░░░░░░  38%  Streaming frame 1380/5943
  █████████░░░░░░░░░░░░░░░░  38%  Streaming frame 1381/5943
  █████████░░░░░░░░░░░░░░░░  38%  Streaming frame 1382/5943
  █████████░░░░░░░░░░░░░░░░  38%  Streaming frame 1383/5943
  █████████░░░░░░░░░░░░░░░░  38%  Streaming frame 1384/5943
  █████████░░░░░░░░░░░░░░░░  38%  Streaming frame 1385/5943
  █████████░░░░░░░░░░░░░░░░  38%  Streaming frame 1386/5943
  █████████░░░░░░░░░░░░░░░░  38%  Streaming frame 1387/5943
  █████████░░░░░░░░░░░░░░░░  38%  Streaming frame 1388/5943
  █████████░░░░░░░░░░░░░░░░  38%  Streaming frame 1389/5943
  █████████░░░░░░░░░░░░░░░░  38%  Streaming frame 1390/5943
  █████████░░░░░░░░░░░░░░░░  38%  Streaming frame 1391/5943
  █████████░░░░░░░░░░░░░░░░  38%  Streaming frame 1392/5943
  █████████░░░░░░░░░░░░░░░░  38%  Streaming frame 1393/5943
  █████████░░░░░░░░░░░░░░░░  38%  Streaming frame 1394/5943
  █████████░░░░░░░░░░░░░░░░  38%  Streaming frame 1395/5943
  █████████░░░░░░░░░░░░░░░░  38%  Streaming frame 1396/5943
  █████████░░░░░░░░░░░░░░░░  38%  Streaming frame 1397/5943
  █████████░░░░░░░░░░░░░░░░  38%  Streaming frame 1398/5943
  █████████░░░░░░░░░░░░░░░░  38%  Streaming frame 1399/5943
  █████████░░░░░░░░░░░░░░░░  38%  Streaming frame 1400/5943
  █████████░░░░░░░░░░░░░░░░  38%  Streaming frame 1401/5943
  █████████░░░░░░░░░░░░░░░░  38%  Streaming frame 1402/5943
  █████████░░░░░░░░░░░░░░░░  38%  Streaming frame 1403/5943
  █████████░░░░░░░░░░░░░░░░  38%  Streaming frame 1404/5943
  █████████░░░░░░░░░░░░░░░░  38%  Streaming frame 1405/5943
  █████████░░░░░░░░░░░░░░░░  38%  Streaming frame 1406/5943
  █████████░░░░░░░░░░░░░░░░  38%  Streaming frame 1407/5943
  █████████░░░░░░░░░░░░░░░░  38%  Streaming frame 1408/5943
  █████████░░░░░░░░░░░░░░░░  38%  Streaming frame 1409/5943
  █████████░░░░░░░░░░░░░░░░  38%  Streaming frame 1410/5943
  █████████░░░░░░░░░░░░░░░░  38%  Streaming frame 1411/5943
  █████████░░░░░░░░░░░░░░░░  38%  Streaming frame 1412/5943
  █████████░░░░░░░░░░░░░░░░  38%  Streaming frame 1413/5943
  █████████░░░░░░░░░░░░░░░░  38%  Streaming frame 1414/5943
  █████████░░░░░░░░░░░░░░░░  38%  Streaming frame 1415/5943
  █████████░░░░░░░░░░░░░░░░  38%  Streaming frame 1416/5943
  █████████░░░░░░░░░░░░░░░░  38%  Streaming frame 1417/5943
  █████████░░░░░░░░░░░░░░░░  38%  Streaming frame 1418/5943
  █████████░░░░░░░░░░░░░░░░  38%  Streaming frame 1419/5943
  █████████░░░░░░░░░░░░░░░░  38%  Streaming frame 1420/5943
  █████████░░░░░░░░░░░░░░░░  38%  Streaming frame 1421/5943
  █████████░░░░░░░░░░░░░░░░  38%  Streaming frame 1422/5943
  █████████░░░░░░░░░░░░░░░░  38%  Streaming frame 1423/5943
  █████████░░░░░░░░░░░░░░░░  38%  Streaming frame 1424/5943
  █████████░░░░░░░░░░░░░░░░  38%  Streaming frame 1425/5943
  █████████░░░░░░░░░░░░░░░░  38%  Streaming frame 1426/5943
  █████████░░░░░░░░░░░░░░░░  38%  Streaming frame 1427/5943
  █████████░░░░░░░░░░░░░░░░  38%  Streaming frame 1428/5943
  █████████░░░░░░░░░░░░░░░░  38%  Streaming frame 1429/5943
  █████████░░░░░░░░░░░░░░░░  38%  Streaming frame 1430/5943
  █████████░░░░░░░░░░░░░░░░  38%  Streaming frame 1431/5943
  █████████░░░░░░░░░░░░░░░░  38%  Streaming frame 1432/5943
  █████████░░░░░░░░░░░░░░░░  38%  Streaming frame 1433/5943
  █████████░░░░░░░░░░░░░░░░  38%  Streaming frame 1434/5943
  █████████░░░░░░░░░░░░░░░░  38%  Streaming frame 1435/5943
  █████████░░░░░░░░░░░░░░░░  38%  Streaming frame 1436/5943
  █████████░░░░░░░░░░░░░░░░  38%  Streaming frame 1437/5943
  █████████░░░░░░░░░░░░░░░░  38%  Streaming frame 1438/5943
  █████████░░░░░░░░░░░░░░░░  38%  Streaming frame 1439/5943
  █████████░░░░░░░░░░░░░░░░  38%  Streaming frame 1440/5943
  █████████░░░░░░░░░░░░░░░░  38%  Streaming frame 1441/5943
  █████████░░░░░░░░░░░░░░░░  38%  Streaming frame 1442/5943
  █████████░░░░░░░░░░░░░░░░  38%  Streaming frame 1443/5943
  █████████░░░░░░░░░░░░░░░░  38%  Streaming frame 1444/5943
  █████████░░░░░░░░░░░░░░░░  38%  Streaming frame 1445/5943
  █████████░░░░░░░░░░░░░░░░  38%  Streaming frame 1446/5943
  █████████░░░░░░░░░░░░░░░░  38%  Streaming frame 1447/5943
  █████████░░░░░░░░░░░░░░░░  38%  Streaming frame 1448/5943
  █████████░░░░░░░░░░░░░░░░  38%  Streaming frame 1449/5943
  █████████░░░░░░░░░░░░░░░░  38%  Streaming frame 1450/5943
  █████████░░░░░░░░░░░░░░░░  38%  Streaming frame 1451/5943
  █████████░░░░░░░░░░░░░░░░  38%  Streaming frame 1452/5943
  █████████░░░░░░░░░░░░░░░░  38%  Streaming frame 1453/5943
  █████████░░░░░░░░░░░░░░░░  38%  Streaming frame 1454/5943
  █████████░░░░░░░░░░░░░░░░  38%  Streaming frame 1455/5943
  █████████░░░░░░░░░░░░░░░░  38%  Streaming frame 1456/5943
  █████████░░░░░░░░░░░░░░░░  38%  Streaming frame 1457/5943
  █████████░░░░░░░░░░░░░░░░  38%  Streaming frame 1458/5943
  █████████░░░░░░░░░░░░░░░░  39%  Streaming frame 1459/5943
  █████████░░░░░░░░░░░░░░░░  39%  Streaming frame 1460/5943
  █████████░░░░░░░░░░░░░░░░  39%  Streaming frame 1461/5943
  █████████░░░░░░░░░░░░░░░░  39%  Streaming frame 1462/5943
  █████████░░░░░░░░░░░░░░░░  39%  Streaming frame 1463/5943
  █████████░░░░░░░░░░░░░░░░  39%  Streaming frame 1464/5943
  █████████░░░░░░░░░░░░░░░░  39%  Streaming frame 1465/5943
  █████████░░░░░░░░░░░░░░░░  39%  Streaming frame 1466/5943
  █████████░░░░░░░░░░░░░░░░  39%  Streaming frame 1467/5943
  █████████░░░░░░░░░░░░░░░░  39%  Streaming frame 1468/5943
  █████████░░░░░░░░░░░░░░░░  39%  Streaming frame 1469/5943
  █████████░░░░░░░░░░░░░░░░  39%  Streaming frame 1470/5943
  █████████░░░░░░░░░░░░░░░░  39%  Streaming frame 1471/5943
  █████████░░░░░░░░░░░░░░░░  39%  Streaming frame 1472/5943
  █████████░░░░░░░░░░░░░░░░  39%  Streaming frame 1473/5943
  █████████░░░░░░░░░░░░░░░░  39%  Streaming frame 1474/5943
  █████████░░░░░░░░░░░░░░░░  39%  Streaming frame 1475/5943
  █████████░░░░░░░░░░░░░░░░  39%  Streaming frame 1476/5943
  █████████░░░░░░░░░░░░░░░░  39%  Streaming frame 1477/5943
  █████████░░░░░░░░░░░░░░░░  39%  Streaming frame 1478/5943
  █████████░░░░░░░░░░░░░░░░  39%  Streaming frame 1479/5943
  █████████░░░░░░░░░░░░░░░░  39%  Streaming frame 1480/5943
  █████████░░░░░░░░░░░░░░░░  39%  Streaming frame 1481/5943
  █████████░░░░░░░░░░░░░░░░  39%  Streaming frame 1482/5943
  █████████░░░░░░░░░░░░░░░░  39%  Streaming frame 1483/5943
  █████████░░░░░░░░░░░░░░░░  39%  Streaming frame 1484/5943
  █████████░░░░░░░░░░░░░░░░  39%  Streaming frame 1485/5943
  █████████░░░░░░░░░░░░░░░░  39%  Streaming frame 1486/5943
  █████████░░░░░░░░░░░░░░░░  39%  Streaming frame 1487/5943
  █████████░░░░░░░░░░░░░░░░  39%  Streaming frame 1488/5943
  █████████░░░░░░░░░░░░░░░░  39%  Streaming frame 1489/5943
  █████████░░░░░░░░░░░░░░░░  39%  Streaming frame 1490/5943
  █████████░░░░░░░░░░░░░░░░  39%  Streaming frame 1491/5943
  █████████░░░░░░░░░░░░░░░░  39%  Streaming frame 1492/5943
  █████████░░░░░░░░░░░░░░░░  39%  Streaming frame 1493/5943
  █████████░░░░░░░░░░░░░░░░  39%  Streaming frame 1494/5943
  █████████░░░░░░░░░░░░░░░░  39%  Streaming frame 1495/5943
  █████████░░░░░░░░░░░░░░░░  39%  Streaming frame 1496/5943
  █████████░░░░░░░░░░░░░░░░  39%  Streaming frame 1497/5943
  █████████░░░░░░░░░░░░░░░░  39%  Streaming frame 1498/5943
  █████████░░░░░░░░░░░░░░░░  39%  Streaming frame 1499/5943
  █████████░░░░░░░░░░░░░░░░  39%  Streaming frame 1500/5943
  █████████░░░░░░░░░░░░░░░░  39%  Streaming frame 1501/5943
  █████████░░░░░░░░░░░░░░░░  39%  Streaming frame 1502/5943
  █████████░░░░░░░░░░░░░░░░  39%  Streaming frame 1503/5943
  █████████░░░░░░░░░░░░░░░░  39%  Streaming frame 1504/5943
  █████████░░░░░░░░░░░░░░░░  39%  Streaming frame 1505/5943
  █████████░░░░░░░░░░░░░░░░  39%  Streaming frame 1506/5943
  █████████░░░░░░░░░░░░░░░░  39%  Streaming frame 1507/5943
  █████████░░░░░░░░░░░░░░░░  39%  Streaming frame 1508/5943
  █████████░░░░░░░░░░░░░░░░  39%  Streaming frame 1509/5943
  █████████░░░░░░░░░░░░░░░░  39%  Streaming frame 1510/5943
  █████████░░░░░░░░░░░░░░░░  39%  Streaming frame 1511/5943
  █████████░░░░░░░░░░░░░░░░  39%  Streaming frame 1512/5943
  █████████░░░░░░░░░░░░░░░░  39%  Streaming frame 1513/5943
  █████████░░░░░░░░░░░░░░░░  39%  Streaming frame 1514/5943
  █████████░░░░░░░░░░░░░░░░  39%  Streaming frame 1515/5943
  █████████░░░░░░░░░░░░░░░░  39%  Streaming frame 1516/5943
  █████████░░░░░░░░░░░░░░░░  39%  Streaming frame 1517/5943
  █████████░░░░░░░░░░░░░░░░  39%  Streaming frame 1518/5943
  █████████░░░░░░░░░░░░░░░░  39%  Streaming frame 1519/5943
  █████████░░░░░░░░░░░░░░░░  39%  Streaming frame 1520/5943
  █████████░░░░░░░░░░░░░░░░  39%  Streaming frame 1521/5943
  █████████░░░░░░░░░░░░░░░░  39%  Streaming frame 1522/5943
  █████████░░░░░░░░░░░░░░░░  39%  Streaming frame 1523/5943
  █████████░░░░░░░░░░░░░░░░  39%  Streaming frame 1524/5943
  █████████░░░░░░░░░░░░░░░░  39%  Streaming frame 1525/5943
  █████████░░░░░░░░░░░░░░░░  39%  Streaming frame 1526/5943
  █████████░░░░░░░░░░░░░░░░  39%  Streaming frame 1527/5943
  █████████░░░░░░░░░░░░░░░░  39%  Streaming frame 1528/5943
  █████████░░░░░░░░░░░░░░░░  39%  Streaming frame 1529/5943
  █████████░░░░░░░░░░░░░░░░  39%  Streaming frame 1530/5943
  █████████░░░░░░░░░░░░░░░░  39%  Streaming frame 1531/5943
  █████████░░░░░░░░░░░░░░░░  39%  Streaming frame 1532/5943
  █████████░░░░░░░░░░░░░░░░  39%  Streaming frame 1533/5943
  █████████░░░░░░░░░░░░░░░░  39%  Streaming frame 1534/5943
  █████████░░░░░░░░░░░░░░░░  39%  Streaming frame 1535/5943
  █████████░░░░░░░░░░░░░░░░  39%  Streaming frame 1536/5943
  █████████░░░░░░░░░░░░░░░░  39%  Streaming frame 1537/5943
  █████████░░░░░░░░░░░░░░░░  39%  Streaming frame 1538/5943
  █████████░░░░░░░░░░░░░░░░  39%  Streaming frame 1539/5943
  █████████░░░░░░░░░░░░░░░░  39%  Streaming frame 1540/5943
  █████████░░░░░░░░░░░░░░░░  39%  Streaming frame 1541/5943
