
◆  Rendering seg050__seg054 → /Users/brownmanbrain/GitHub/operator-economy/blueprint-cinema/experiments/EP009-FULL-BUILD-001/scenes/seg050__seg054/qa/seg050__seg054.mp4
   24fps · high · auto workers (10 cores detected)
   GPU: browser GPU (auto-detect)

[?25l│
◇  Browser: cache
[?25h[INFO] [Render] Pipeline started {"renderJobId":"5f884068-b4c9-4051-814b-0aea84f268c6","platform":"darwin","arch":"arm64","nodeVersion":"v25.6.1","fps":{"num":24,"den":1},"format":"mp4","quality":"high","browserGpuMode":"auto","forceScreenshot":false,"protocolTimeout":300000,"browserTimeout":120000,"pageNavigationTimeout":60000,"playerReadyTimeout":45000}
[INFO] [Render:trace] {"renderJobId":"5f884068-b4c9-4051-814b-0aea84f268c6","phase":"pipeline","status":"checkpoint","elapsedMs":1,"message":"started","format":"mp4","quality":"high","browserGpuMode":"auto","forceScreenshot":false,"protocolTimeoutMs":300000,"pageNavigationTimeoutMs":60000,"playerReadyTimeoutMs":45000,"requestedWorkers":"auto"}
[INFO] [Render:trace] {"renderJobId":"5f884068-b4c9-4051-814b-0aea84f268c6","phase":"compile","status":"start","elapsedMs":2,"needsAlpha":false}
  █░░░░░░░░░░░░░░░░░░░░░░░░  5%  Compiling composition
[INFO] [Compiler] Embedded local font file: public/fonts/boska-700.woff2 (30 KB → data URI)
[INFO] [Compiler] Embedded local font file: public/fonts/supreme-400.woff2 (18 KB → data URI)
[INFO] [Compiler] Embedded local font file: public/fonts/supreme-500.woff2 (18 KB → data URI)
[INFO] Compiled composition metadata {"renderJobId":"5f884068-b4c9-4051-814b-0aea84f268c6","entryFile":"index.html","staticDuration":108.833333,"width":1280,"height":720,"videoCount":0,"audioCount":1,"renderModeHints":{"recommendScreenshot":false,"reasons":[]}}
[INFO] [Render:trace] {"renderJobId":"5f884068-b4c9-4051-814b-0aea84f268c6","phase":"compile","status":"end","elapsedMs":73,"durationMs":71,"needsAlpha":false}
[INFO] [Render:trace] {"renderJobId":"5f884068-b4c9-4051-814b-0aea84f268c6","phase":"compile","status":"checkpoint","elapsedMs":73,"message":"composition metadata resolved","width":1280,"height":720,"videoCount":0,"audioCount":1,"imageCount":0,"deviceScaleFactor":1,"forceScreenshot":false,"compositionHash":"93bf9ef5d15402d5"}
[INFO] [Render:trace] {"renderJobId":"5f884068-b4c9-4051-814b-0aea84f268c6","phase":"browser_probe","status":"start","elapsedMs":74,"forceScreenshot":false,"stagePhase":"calibrating"}
[INFO] [Render:trace] {"renderJobId":"5f884068-b4c9-4051-814b-0aea84f268c6","phase":"browser_probe","status":"end","elapsedMs":79,"durationMs":5,"forceScreenshot":false,"stagePhase":"calibrating"}
[INFO] [Render:trace] {"renderJobId":"5f884068-b4c9-4051-814b-0aea84f268c6","phase":"browser_probe","status":"checkpoint","elapsedMs":79,"message":"duration resolved","durationSeconds":108.833333,"totalFrames":2612,"compositionHash":"93bf9ef5d15402d5","beginFrameStalled":false}
[INFO] [Render:trace] {"renderJobId":"5f884068-b4c9-4051-814b-0aea84f268c6","phase":"video_extract","status":"start","elapsedMs":79,"videoCount":0}
  ██░░░░░░░░░░░░░░░░░░░░░░░  10%  Extracting video frames
[INFO] [Render:trace] {"renderJobId":"5f884068-b4c9-4051-814b-0aea84f268c6","phase":"video_extract","status":"end","elapsedMs":80,"durationMs":1,"videoCount":0}
[INFO] [Render:trace] {"renderJobId":"5f884068-b4c9-4051-814b-0aea84f268c6","phase":"video_extract","status":"checkpoint","elapsedMs":81,"message":"frames resolved","videoCount":0,"extractedVideoCount":0,"totalFramesExtracted":0,"maxFramesPerVideo":0,"avgFramesPerExtractedVideo":null,"vfrPreflightCount":null,"vfrPreflightMs":null,"cacheHits":null,"cacheMisses":null,"transientRetries":null,"minVideoFrameCoverageRatio":null,"authoredTimedClipCount":2}
[INFO] [Render] No HDR sources detected — rendering SDR {"renderJobId":"5f884068-b4c9-4051-814b-0aea84f268c6"}
[INFO] [Render:trace] {"renderJobId":"5f884068-b4c9-4051-814b-0aea84f268c6","phase":"hdr_detection","status":"checkpoint","elapsedMs":81,"message":"resolved","requestedHdrMode":"auto","effectiveHdr":"sdr","nativeHdrVideoCount":0,"nativeHdrImageCount":0}
[INFO] [Render:trace] {"renderJobId":"5f884068-b4c9-4051-814b-0aea84f268c6","phase":"audio_process","status":"start","elapsedMs":82,"audioCount":1}
  █████░░░░░░░░░░░░░░░░░░░░  20%  Processing audio tracks
[INFO] [Render:trace] {"renderJobId":"5f884068-b4c9-4051-814b-0aea84f268c6","phase":"audio_process","status":"end","elapsedMs":2015,"durationMs":1933,"audioCount":1}
[INFO] [Render:trace] {"renderJobId":"5f884068-b4c9-4051-814b-0aea84f268c6","phase":"file_server","status":"start","elapsedMs":2015,"reused":false}
  ██████░░░░░░░░░░░░░░░░░░░  25%  Starting frame capture
[INFO] [Render:trace] {"renderJobId":"5f884068-b4c9-4051-814b-0aea84f268c6","phase":"file_server","status":"end","elapsedMs":2020,"durationMs":5}
[hyperframes] browserGpuMode probe → hardware (WebGL renderer vendor="Google Inc. (Apple)" renderer="ANGLE (Apple, ANGLE Metal Renderer: Apple M4, Unspecified Version)")
[INFO] [Render:trace] {"renderJobId":"5f884068-b4c9-4051-814b-0aea84f268c6","phase":"capture_calibration","status":"checkpoint","elapsedMs":2157,"message":"skipped","requestedWorkers":"auto","totalFrames":2612,"htmlInCanvasDetected":false,"lowMemoryMode":false,"deInversionEligible":true,"deParallelRouterEligible":false}
[INFO] [Render] Fast capture: single-worker drawElement streaming preferred over 4-worker screenshot capture (2612 frames >= 900; verified path, measured faster at every worker count). Set HF_DE_SINGLE_MIN_FRAMES=0 or --workers N to override. {"renderJobId":"5f884068-b4c9-4051-814b-0aea84f268c6"}
[INFO] [Render:trace] {"renderJobId":"5f884068-b4c9-4051-814b-0aea84f268c6","phase":"worker_resolution","status":"checkpoint","elapsedMs":2158,"message":"resolved","workerCount":1}
[INFO] streaming-encode gate {"renderJobId":"5f884068-b4c9-4051-814b-0aea84f268c6","enabled":true,"configFlag":true,"outputFormat":"mp4","workerCount":1,"durationSeconds":108.833333,"maxDurationSeconds":240}
[INFO] [Render:trace] {"renderJobId":"5f884068-b4c9-4051-814b-0aea84f268c6","phase":"capture_strategy","status":"checkpoint","elapsedMs":2158,"message":"resolved","workerCount":1,"forceScreenshot":false,"captureBeyondViewport":null,"useStreamingEncode":true,"useLayeredComposite":false,"usePageSideCompositing":false,"hasHdrContent":false,"hasShaderTransitions":false,"isPngSequence":false}
[INFO] [Render:trace] {"renderJobId":"5f884068-b4c9-4051-814b-0aea84f268c6","phase":"capture_streaming","status":"start","elapsedMs":2158,"stagePhase":"capturing","workerCount":1,"forceScreenshot":false,"totalFrames":2612,"framesCompleted":0,"captureMode":"drawelement","captureOperation":"drawElement"}
[BrowserManager] Browser launched (HeadlessChrome/152.0.7977.30, screenshot, gl=--use-gl=angle --use-angle=metal, headlessShell=true, platform=darwin)
[initSession:screenshot] page.goto start (0ms)
[HyperFrames] render runtime fps [object Object]
[initSession:screenshot] page.goto complete (108ms)
[initSession:screenshot] GSAP proxy flush complete (136ms)
[initSession:screenshot] pollHfReady complete (136ms)
[initSession:screenshot] pollSubCompositionTimelines complete (ready) (137ms)
[initSession:screenshot] applyVideoMetadataHints complete (137ms)
[initSession:screenshot] media + fonts + tailwind ready (138ms)
[initSession:screenshot] timeline at-risk predictor: 0/2612 frames (0%) (163ms)
[initSession:screenshot] static-frame dedup: 1896/1897 predicted frame(s) reusable (outcome=verified, runs=45/45, screenshots=149, seeks=150, elapsedMs=5980) (6331ms)
[initSession:screenshot] drawElement self-verify armed: 4 ground-truth frame(s) @ [653, 1306, 1958, 2480] of 2611 (6708ms)
[initSession:drawelement] drawElement canvas injected (6710ms)
[initSession:drawelement] screenshot fallback: 5 clip-boundary frame(s) (6710ms)
[initSession:drawelement] drawElement worker encode initialized (6713ms)
  ██████░░░░░░░░░░░░░░░░░░░  25%  Streaming frame 1/2612
  ██████░░░░░░░░░░░░░░░░░░░  25%  Streaming frame 2/2612
  ██████░░░░░░░░░░░░░░░░░░░  25%  Streaming frame 3/2612
  ██████░░░░░░░░░░░░░░░░░░░  25%  Streaming frame 4/2612
  ██████░░░░░░░░░░░░░░░░░░░  25%  Streaming frame 5/2612
  ██████░░░░░░░░░░░░░░░░░░░  25%  Streaming frame 6/2612
  ██████░░░░░░░░░░░░░░░░░░░  25%  Streaming frame 7/2612
  ██████░░░░░░░░░░░░░░░░░░░  25%  Streaming frame 8/2612
  ██████░░░░░░░░░░░░░░░░░░░  25%  Streaming frame 9/2612
  ██████░░░░░░░░░░░░░░░░░░░  25%  Streaming frame 10/2612
  ██████░░░░░░░░░░░░░░░░░░░  25%  Streaming frame 11/2612
  ██████░░░░░░░░░░░░░░░░░░░  25%  Streaming frame 12/2612
  ██████░░░░░░░░░░░░░░░░░░░  25%  Streaming frame 13/2612
  ██████░░░░░░░░░░░░░░░░░░░  25%  Streaming frame 14/2612
  ██████░░░░░░░░░░░░░░░░░░░  25%  Streaming frame 15/2612
  ██████░░░░░░░░░░░░░░░░░░░  25%  Streaming frame 16/2612
  ██████░░░░░░░░░░░░░░░░░░░  25%  Streaming frame 17/2612
  ██████░░░░░░░░░░░░░░░░░░░  25%  Streaming frame 18/2612
  ██████░░░░░░░░░░░░░░░░░░░  25%  Streaming frame 19/2612
  ██████░░░░░░░░░░░░░░░░░░░  25%  Streaming frame 20/2612
  ██████░░░░░░░░░░░░░░░░░░░  25%  Streaming frame 21/2612
  ██████░░░░░░░░░░░░░░░░░░░  25%  Streaming frame 22/2612
  ██████░░░░░░░░░░░░░░░░░░░  25%  Streaming frame 23/2612
  ██████░░░░░░░░░░░░░░░░░░░  26%  Streaming frame 24/2612
  ██████░░░░░░░░░░░░░░░░░░░  26%  Streaming frame 25/2612
  ██████░░░░░░░░░░░░░░░░░░░  26%  Streaming frame 26/2612
  ██████░░░░░░░░░░░░░░░░░░░  26%  Streaming frame 27/2612
  ██████░░░░░░░░░░░░░░░░░░░  26%  Streaming frame 28/2612
  ██████░░░░░░░░░░░░░░░░░░░  26%  Streaming frame 29/2612
  ██████░░░░░░░░░░░░░░░░░░░  26%  Streaming frame 30/2612
  ██████░░░░░░░░░░░░░░░░░░░  26%  Streaming frame 31/2612
  ██████░░░░░░░░░░░░░░░░░░░  26%  Streaming frame 32/2612
  ██████░░░░░░░░░░░░░░░░░░░  26%  Streaming frame 33/2612
  ██████░░░░░░░░░░░░░░░░░░░  26%  Streaming frame 34/2612
  ██████░░░░░░░░░░░░░░░░░░░  26%  Streaming frame 35/2612
  ██████░░░░░░░░░░░░░░░░░░░  26%  Streaming frame 36/2612
  ██████░░░░░░░░░░░░░░░░░░░  26%  Streaming frame 37/2612
  ██████░░░░░░░░░░░░░░░░░░░  26%  Streaming frame 38/2612
  ██████░░░░░░░░░░░░░░░░░░░  26%  Streaming frame 39/2612
  ██████░░░░░░░░░░░░░░░░░░░  26%  Streaming frame 40/2612
  ██████░░░░░░░░░░░░░░░░░░░  26%  Streaming frame 41/2612
  ██████░░░░░░░░░░░░░░░░░░░  26%  Streaming frame 42/2612
  ██████░░░░░░░░░░░░░░░░░░░  26%  Streaming frame 43/2612
  ██████░░░░░░░░░░░░░░░░░░░  26%  Streaming frame 44/2612
  ██████░░░░░░░░░░░░░░░░░░░  26%  Streaming frame 45/2612
  ██████░░░░░░░░░░░░░░░░░░░  26%  Streaming frame 46/2612
  ██████░░░░░░░░░░░░░░░░░░░  26%  Streaming frame 47/2612
  ██████░░░░░░░░░░░░░░░░░░░  26%  Streaming frame 48/2612
  ██████░░░░░░░░░░░░░░░░░░░  26%  Streaming frame 49/2612
  ██████░░░░░░░░░░░░░░░░░░░  26%  Streaming frame 50/2612
  ██████░░░░░░░░░░░░░░░░░░░  26%  Streaming frame 51/2612
  ██████░░░░░░░░░░░░░░░░░░░  26%  Streaming frame 52/2612
  ██████░░░░░░░░░░░░░░░░░░░  26%  Streaming frame 53/2612
  ██████░░░░░░░░░░░░░░░░░░░  26%  Streaming frame 54/2612
  ██████░░░░░░░░░░░░░░░░░░░  26%  Streaming frame 55/2612
  ██████░░░░░░░░░░░░░░░░░░░  26%  Streaming frame 56/2612
  ██████░░░░░░░░░░░░░░░░░░░  26%  Streaming frame 57/2612
  ██████░░░░░░░░░░░░░░░░░░░  26%  Streaming frame 58/2612
  ██████░░░░░░░░░░░░░░░░░░░  26%  Streaming frame 59/2612
  ██████░░░░░░░░░░░░░░░░░░░  26%  Streaming frame 60/2612
  ██████░░░░░░░░░░░░░░░░░░░  26%  Streaming frame 61/2612
  ██████░░░░░░░░░░░░░░░░░░░  26%  Streaming frame 62/2612
  ██████░░░░░░░░░░░░░░░░░░░  26%  Streaming frame 63/2612
  ██████░░░░░░░░░░░░░░░░░░░  26%  Streaming frame 64/2612
  ██████░░░░░░░░░░░░░░░░░░░  26%  Streaming frame 65/2612
  ██████░░░░░░░░░░░░░░░░░░░  26%  Streaming frame 66/2612
  ██████░░░░░░░░░░░░░░░░░░░  26%  Streaming frame 67/2612
  ██████░░░░░░░░░░░░░░░░░░░  26%  Streaming frame 68/2612
  ██████░░░░░░░░░░░░░░░░░░░  26%  Streaming frame 69/2612
  ██████░░░░░░░░░░░░░░░░░░░  26%  Streaming frame 70/2612
  ██████░░░░░░░░░░░░░░░░░░░  26%  Streaming frame 71/2612
  ██████░░░░░░░░░░░░░░░░░░░  27%  Streaming frame 72/2612
  ██████░░░░░░░░░░░░░░░░░░░  27%  Streaming frame 73/2612
  ██████░░░░░░░░░░░░░░░░░░░  27%  Streaming frame 74/2612
  ██████░░░░░░░░░░░░░░░░░░░  27%  Streaming frame 75/2612
  ██████░░░░░░░░░░░░░░░░░░░  27%  Streaming frame 76/2612
  ██████░░░░░░░░░░░░░░░░░░░  27%  Streaming frame 77/2612
  ██████░░░░░░░░░░░░░░░░░░░  27%  Streaming frame 78/2612
  ██████░░░░░░░░░░░░░░░░░░░  27%  Streaming frame 79/2612
  ██████░░░░░░░░░░░░░░░░░░░  27%  Streaming frame 80/2612
  ██████░░░░░░░░░░░░░░░░░░░  27%  Streaming frame 81/2612
  ██████░░░░░░░░░░░░░░░░░░░  27%  Streaming frame 82/2612
  ██████░░░░░░░░░░░░░░░░░░░  27%  Streaming frame 83/2612
  ██████░░░░░░░░░░░░░░░░░░░  27%  Streaming frame 84/2612
  ██████░░░░░░░░░░░░░░░░░░░  27%  Streaming frame 85/2612
  ██████░░░░░░░░░░░░░░░░░░░  27%  Streaming frame 86/2612
  ██████░░░░░░░░░░░░░░░░░░░  27%  Streaming frame 87/2612
  ██████░░░░░░░░░░░░░░░░░░░  27%  Streaming frame 88/2612
  ██████░░░░░░░░░░░░░░░░░░░  27%  Streaming frame 89/2612
  ██████░░░░░░░░░░░░░░░░░░░  27%  Streaming frame 90/2612
  ██████░░░░░░░░░░░░░░░░░░░  27%  Streaming frame 91/2612
  ██████░░░░░░░░░░░░░░░░░░░  27%  Streaming frame 92/2612
  ██████░░░░░░░░░░░░░░░░░░░  27%  Streaming frame 93/2612
  ██████░░░░░░░░░░░░░░░░░░░  27%  Streaming frame 94/2612
  ██████░░░░░░░░░░░░░░░░░░░  27%  Streaming frame 95/2612
  ██████░░░░░░░░░░░░░░░░░░░  27%  Streaming frame 96/2612
  ██████░░░░░░░░░░░░░░░░░░░  27%  Streaming frame 97/2612
  ██████░░░░░░░░░░░░░░░░░░░  27%  Streaming frame 98/2612
  ██████░░░░░░░░░░░░░░░░░░░  27%  Streaming frame 99/2612
  ██████░░░░░░░░░░░░░░░░░░░  27%  Streaming frame 100/2612
  ██████░░░░░░░░░░░░░░░░░░░  27%  Streaming frame 101/2612
  ██████░░░░░░░░░░░░░░░░░░░  27%  Streaming frame 102/2612
  ██████░░░░░░░░░░░░░░░░░░░  27%  Streaming frame 103/2612
  ██████░░░░░░░░░░░░░░░░░░░  27%  Streaming frame 104/2612
  ██████░░░░░░░░░░░░░░░░░░░  27%  Streaming frame 105/2612
  ██████░░░░░░░░░░░░░░░░░░░  27%  Streaming frame 106/2612
  ██████░░░░░░░░░░░░░░░░░░░  27%  Streaming frame 107/2612
  ██████░░░░░░░░░░░░░░░░░░░  27%  Streaming frame 108/2612
  ██████░░░░░░░░░░░░░░░░░░░  27%  Streaming frame 109/2612
  ██████░░░░░░░░░░░░░░░░░░░  27%  Streaming frame 110/2612
  ██████░░░░░░░░░░░░░░░░░░░  27%  Streaming frame 111/2612
  ██████░░░░░░░░░░░░░░░░░░░  27%  Streaming frame 112/2612
  ██████░░░░░░░░░░░░░░░░░░░  27%  Streaming frame 113/2612
  ██████░░░░░░░░░░░░░░░░░░░  27%  Streaming frame 114/2612
  ██████░░░░░░░░░░░░░░░░░░░  27%  Streaming frame 115/2612
  ██████░░░░░░░░░░░░░░░░░░░  27%  Streaming frame 116/2612
  ██████░░░░░░░░░░░░░░░░░░░  27%  Streaming frame 117/2612
  ██████░░░░░░░░░░░░░░░░░░░  27%  Streaming frame 118/2612
  ███████░░░░░░░░░░░░░░░░░░  28%  Streaming frame 119/2612
  ███████░░░░░░░░░░░░░░░░░░  28%  Streaming frame 120/2612
  ███████░░░░░░░░░░░░░░░░░░  28%  Streaming frame 121/2612
  ███████░░░░░░░░░░░░░░░░░░  28%  Streaming frame 122/2612
  ███████░░░░░░░░░░░░░░░░░░  28%  Streaming frame 123/2612
  ███████░░░░░░░░░░░░░░░░░░  28%  Streaming frame 124/2612
  ███████░░░░░░░░░░░░░░░░░░  28%  Streaming frame 125/2612
  ███████░░░░░░░░░░░░░░░░░░  28%  Streaming frame 126/2612
  ███████░░░░░░░░░░░░░░░░░░  28%  Streaming frame 127/2612
  ███████░░░░░░░░░░░░░░░░░░  28%  Streaming frame 128/2612
  ███████░░░░░░░░░░░░░░░░░░  28%  Streaming frame 129/2612
  ███████░░░░░░░░░░░░░░░░░░  28%  Streaming frame 130/2612
  ███████░░░░░░░░░░░░░░░░░░  28%  Streaming frame 131/2612
  ███████░░░░░░░░░░░░░░░░░░  28%  Streaming frame 132/2612
  ███████░░░░░░░░░░░░░░░░░░  28%  Streaming frame 133/2612
  ███████░░░░░░░░░░░░░░░░░░  28%  Streaming frame 134/2612
  ███████░░░░░░░░░░░░░░░░░░  28%  Streaming frame 135/2612
  ███████░░░░░░░░░░░░░░░░░░  28%  Streaming frame 136/2612
  ███████░░░░░░░░░░░░░░░░░░  28%  Streaming frame 137/2612
  ███████░░░░░░░░░░░░░░░░░░  28%  Streaming frame 138/2612
  ███████░░░░░░░░░░░░░░░░░░  28%  Streaming frame 139/2612
  ███████░░░░░░░░░░░░░░░░░░  28%  Streaming frame 140/2612
  ███████░░░░░░░░░░░░░░░░░░  28%  Streaming frame 141/2612
  ███████░░░░░░░░░░░░░░░░░░  28%  Streaming frame 142/2612
  ███████░░░░░░░░░░░░░░░░░░  28%  Streaming frame 143/2612
  ███████░░░░░░░░░░░░░░░░░░  28%  Streaming frame 144/2612
  ███████░░░░░░░░░░░░░░░░░░  28%  Streaming frame 145/2612
  ███████░░░░░░░░░░░░░░░░░░  28%  Streaming frame 146/2612
  ███████░░░░░░░░░░░░░░░░░░  28%  Streaming frame 147/2612
  ███████░░░░░░░░░░░░░░░░░░  28%  Streaming frame 148/2612
  ███████░░░░░░░░░░░░░░░░░░  28%  Streaming frame 149/2612
  ███████░░░░░░░░░░░░░░░░░░  28%  Streaming frame 150/2612
  ███████░░░░░░░░░░░░░░░░░░  28%  Streaming frame 151/2612
  ███████░░░░░░░░░░░░░░░░░░  28%  Streaming frame 152/2612
  ███████░░░░░░░░░░░░░░░░░░  28%  Streaming frame 153/2612
  ███████░░░░░░░░░░░░░░░░░░  28%  Streaming frame 154/2612
  ███████░░░░░░░░░░░░░░░░░░  28%  Streaming frame 155/2612
  ███████░░░░░░░░░░░░░░░░░░  28%  Streaming frame 156/2612
  ███████░░░░░░░░░░░░░░░░░░  28%  Streaming frame 157/2612
  ███████░░░░░░░░░░░░░░░░░░  28%  Streaming frame 158/2612
  ███████░░░░░░░░░░░░░░░░░░  28%  Streaming frame 159/2612
  ███████░░░░░░░░░░░░░░░░░░  28%  Streaming frame 160/2612
  ███████░░░░░░░░░░░░░░░░░░  28%  Streaming frame 161/2612
  ███████░░░░░░░░░░░░░░░░░░  28%  Streaming frame 162/2612
  ███████░░░░░░░░░░░░░░░░░░  28%  Streaming frame 163/2612
  ███████░░░░░░░░░░░░░░░░░░  28%  Streaming frame 164/2612
  ███████░░░░░░░░░░░░░░░░░░  28%  Streaming frame 165/2612
  ███████░░░░░░░░░░░░░░░░░░  28%  Streaming frame 166/2612
  ███████░░░░░░░░░░░░░░░░░░  29%  Streaming frame 167/2612
  ███████░░░░░░░░░░░░░░░░░░  29%  Streaming frame 168/2612
  ███████░░░░░░░░░░░░░░░░░░  29%  Streaming frame 169/2612
  ███████░░░░░░░░░░░░░░░░░░  29%  Streaming frame 170/2612
  ███████░░░░░░░░░░░░░░░░░░  29%  Streaming frame 171/2612
  ███████░░░░░░░░░░░░░░░░░░  29%  Streaming frame 172/2612
  ███████░░░░░░░░░░░░░░░░░░  29%  Streaming frame 173/2612
  ███████░░░░░░░░░░░░░░░░░░  29%  Streaming frame 174/2612
  ███████░░░░░░░░░░░░░░░░░░  29%  Streaming frame 175/2612
  ███████░░░░░░░░░░░░░░░░░░  29%  Streaming frame 176/2612
  ███████░░░░░░░░░░░░░░░░░░  29%  Streaming frame 177/2612
  ███████░░░░░░░░░░░░░░░░░░  29%  Streaming frame 178/2612
  ███████░░░░░░░░░░░░░░░░░░  29%  Streaming frame 179/2612
  ███████░░░░░░░░░░░░░░░░░░  29%  Streaming frame 180/2612
  ███████░░░░░░░░░░░░░░░░░░  29%  Streaming frame 181/2612
  ███████░░░░░░░░░░░░░░░░░░  29%  Streaming frame 182/2612
  ███████░░░░░░░░░░░░░░░░░░  29%  Streaming frame 183/2612
  ███████░░░░░░░░░░░░░░░░░░  29%  Streaming frame 184/2612
  ███████░░░░░░░░░░░░░░░░░░  29%  Streaming frame 185/2612
  ███████░░░░░░░░░░░░░░░░░░  29%  Streaming frame 186/2612
  ███████░░░░░░░░░░░░░░░░░░  29%  Streaming frame 187/2612
  ███████░░░░░░░░░░░░░░░░░░  29%  Streaming frame 188/2612
  ███████░░░░░░░░░░░░░░░░░░  29%  Streaming frame 189/2612
  ███████░░░░░░░░░░░░░░░░░░  29%  Streaming frame 190/2612
  ███████░░░░░░░░░░░░░░░░░░  29%  Streaming frame 191/2612
  ███████░░░░░░░░░░░░░░░░░░  29%  Streaming frame 192/2612
  ███████░░░░░░░░░░░░░░░░░░  29%  Streaming frame 193/2612
  ███████░░░░░░░░░░░░░░░░░░  29%  Streaming frame 194/2612
  ███████░░░░░░░░░░░░░░░░░░  29%  Streaming frame 195/2612
  ███████░░░░░░░░░░░░░░░░░░  29%  Streaming frame 196/2612
  ███████░░░░░░░░░░░░░░░░░░  29%  Streaming frame 197/2612
  ███████░░░░░░░░░░░░░░░░░░  29%  Streaming frame 198/2612
  ███████░░░░░░░░░░░░░░░░░░  29%  Streaming frame 199/2612
  ███████░░░░░░░░░░░░░░░░░░  29%  Streaming frame 200/2612
  ███████░░░░░░░░░░░░░░░░░░  29%  Streaming frame 201/2612
  ███████░░░░░░░░░░░░░░░░░░  29%  Streaming frame 202/2612
  ███████░░░░░░░░░░░░░░░░░░  29%  Streaming frame 203/2612
  ███████░░░░░░░░░░░░░░░░░░  29%  Streaming frame 204/2612
  ███████░░░░░░░░░░░░░░░░░░  29%  Streaming frame 205/2612
  ███████░░░░░░░░░░░░░░░░░░  29%  Streaming frame 206/2612
  ███████░░░░░░░░░░░░░░░░░░  29%  Streaming frame 207/2612
  ███████░░░░░░░░░░░░░░░░░░  29%  Streaming frame 208/2612
  ███████░░░░░░░░░░░░░░░░░░  29%  Streaming frame 209/2612
  ███████░░░░░░░░░░░░░░░░░░  29%  Streaming frame 210/2612
  ███████░░░░░░░░░░░░░░░░░░  29%  Streaming frame 211/2612
  ███████░░░░░░░░░░░░░░░░░░  29%  Streaming frame 212/2612
  ███████░░░░░░░░░░░░░░░░░░  29%  Streaming frame 213/2612
  ███████░░░░░░░░░░░░░░░░░░  30%  Streaming frame 214/2612
  ███████░░░░░░░░░░░░░░░░░░  30%  Streaming frame 215/2612
  ███████░░░░░░░░░░░░░░░░░░  30%  Streaming frame 216/2612
  ███████░░░░░░░░░░░░░░░░░░  30%  Streaming frame 217/2612
  ███████░░░░░░░░░░░░░░░░░░  30%  Streaming frame 218/2612
  ███████░░░░░░░░░░░░░░░░░░  30%  Streaming frame 219/2612
  ███████░░░░░░░░░░░░░░░░░░  30%  Streaming frame 220/2612
  ███████░░░░░░░░░░░░░░░░░░  30%  Streaming frame 221/2612
  ███████░░░░░░░░░░░░░░░░░░  30%  Streaming frame 222/2612
  ███████░░░░░░░░░░░░░░░░░░  30%  Streaming frame 223/2612
  ███████░░░░░░░░░░░░░░░░░░  30%  Streaming frame 224/2612
  ███████░░░░░░░░░░░░░░░░░░  30%  Streaming frame 225/2612
  ███████░░░░░░░░░░░░░░░░░░  30%  Streaming frame 226/2612
  ███████░░░░░░░░░░░░░░░░░░  30%  Streaming frame 227/2612
  ███████░░░░░░░░░░░░░░░░░░  30%  Streaming frame 228/2612
  ███████░░░░░░░░░░░░░░░░░░  30%  Streaming frame 229/2612
  ███████░░░░░░░░░░░░░░░░░░  30%  Streaming frame 230/2612
  ███████░░░░░░░░░░░░░░░░░░  30%  Streaming frame 231/2612
  ███████░░░░░░░░░░░░░░░░░░  30%  Streaming frame 232/2612
  ███████░░░░░░░░░░░░░░░░░░  30%  Streaming frame 233/2612
  ███████░░░░░░░░░░░░░░░░░░  30%  Streaming frame 234/2612
  ███████░░░░░░░░░░░░░░░░░░  30%  Streaming frame 235/2612
  ███████░░░░░░░░░░░░░░░░░░  30%  Streaming frame 236/2612
  ███████░░░░░░░░░░░░░░░░░░  30%  Streaming frame 237/2612
  ███████░░░░░░░░░░░░░░░░░░  30%  Streaming frame 238/2612
  ███████░░░░░░░░░░░░░░░░░░  30%  Streaming frame 239/2612
  ███████░░░░░░░░░░░░░░░░░░  30%  Streaming frame 240/2612
  ███████░░░░░░░░░░░░░░░░░░  30%  Streaming frame 241/2612
  ███████░░░░░░░░░░░░░░░░░░  30%  Streaming frame 242/2612
  ███████░░░░░░░░░░░░░░░░░░  30%  Streaming frame 243/2612
  ███████░░░░░░░░░░░░░░░░░░  30%  Streaming frame 244/2612
  ███████░░░░░░░░░░░░░░░░░░  30%  Streaming frame 245/2612
  ███████░░░░░░░░░░░░░░░░░░  30%  Streaming frame 246/2612
  ███████░░░░░░░░░░░░░░░░░░  30%  Streaming frame 247/2612
  ███████░░░░░░░░░░░░░░░░░░  30%  Streaming frame 248/2612
  ███████░░░░░░░░░░░░░░░░░░  30%  Streaming frame 249/2612
  ███████░░░░░░░░░░░░░░░░░░  30%  Streaming frame 250/2612
  ███████░░░░░░░░░░░░░░░░░░  30%  Streaming frame 251/2612
  ███████░░░░░░░░░░░░░░░░░░  30%  Streaming frame 252/2612
  ███████░░░░░░░░░░░░░░░░░░  30%  Streaming frame 253/2612
  ███████░░░░░░░░░░░░░░░░░░  30%  Streaming frame 254/2612
  ███████░░░░░░░░░░░░░░░░░░  30%  Streaming frame 255/2612
  ███████░░░░░░░░░░░░░░░░░░  30%  Streaming frame 256/2612
  ███████░░░░░░░░░░░░░░░░░░  30%  Streaming frame 257/2612
  ███████░░░░░░░░░░░░░░░░░░  30%  Streaming frame 258/2612
  ███████░░░░░░░░░░░░░░░░░░  30%  Streaming frame 259/2612
  ███████░░░░░░░░░░░░░░░░░░  30%  Streaming frame 260/2612
  ███████░░░░░░░░░░░░░░░░░░  30%  Streaming frame 261/2612
  ███████░░░░░░░░░░░░░░░░░░  31%  Streaming frame 262/2612
  ███████░░░░░░░░░░░░░░░░░░  31%  Streaming frame 263/2612
  ███████░░░░░░░░░░░░░░░░░░  31%  Streaming frame 264/2612
  ███████░░░░░░░░░░░░░░░░░░  31%  Streaming frame 265/2612
  ███████░░░░░░░░░░░░░░░░░░  31%  Streaming frame 266/2612
  ███████░░░░░░░░░░░░░░░░░░  31%  Streaming frame 267/2612
  ███████░░░░░░░░░░░░░░░░░░  31%  Streaming frame 268/2612
  ███████░░░░░░░░░░░░░░░░░░  31%  Streaming frame 269/2612
  ███████░░░░░░░░░░░░░░░░░░  31%  Streaming frame 270/2612
  ███████░░░░░░░░░░░░░░░░░░  31%  Streaming frame 271/2612
  ███████░░░░░░░░░░░░░░░░░░  31%  Streaming frame 272/2612
  ███████░░░░░░░░░░░░░░░░░░  31%  Streaming frame 273/2612
  ███████░░░░░░░░░░░░░░░░░░  31%  Streaming frame 274/2612
  ███████░░░░░░░░░░░░░░░░░░  31%  Streaming frame 275/2612
  ███████░░░░░░░░░░░░░░░░░░  31%  Streaming frame 276/2612
  ███████░░░░░░░░░░░░░░░░░░  31%  Streaming frame 277/2612
  ███████░░░░░░░░░░░░░░░░░░  31%  Streaming frame 278/2612
  ███████░░░░░░░░░░░░░░░░░░  31%  Streaming frame 279/2612
  ███████░░░░░░░░░░░░░░░░░░  31%  Streaming frame 280/2612
  ███████░░░░░░░░░░░░░░░░░░  31%  Streaming frame 281/2612
  ███████░░░░░░░░░░░░░░░░░░  31%  Streaming frame 282/2612
  ███████░░░░░░░░░░░░░░░░░░  31%  Streaming frame 283/2612
  ███████░░░░░░░░░░░░░░░░░░  31%  Streaming frame 284/2612
  ███████░░░░░░░░░░░░░░░░░░  31%  Streaming frame 285/2612
  ███████░░░░░░░░░░░░░░░░░░  31%  Streaming frame 286/2612
  ███████░░░░░░░░░░░░░░░░░░  31%  Streaming frame 287/2612
  ███████░░░░░░░░░░░░░░░░░░  31%  Streaming frame 288/2612
  ███████░░░░░░░░░░░░░░░░░░  31%  Streaming frame 289/2612
  ███████░░░░░░░░░░░░░░░░░░  31%  Streaming frame 290/2612
  ███████░░░░░░░░░░░░░░░░░░  31%  Streaming frame 291/2612
  ███████░░░░░░░░░░░░░░░░░░  31%  Streaming frame 292/2612
  ███████░░░░░░░░░░░░░░░░░░  31%  Streaming frame 293/2612
  ███████░░░░░░░░░░░░░░░░░░  31%  Streaming frame 294/2612
  ███████░░░░░░░░░░░░░░░░░░  31%  Streaming frame 295/2612
  ███████░░░░░░░░░░░░░░░░░░  31%  Streaming frame 296/2612
  ███████░░░░░░░░░░░░░░░░░░  31%  Streaming frame 297/2612
  ███████░░░░░░░░░░░░░░░░░░  31%  Streaming frame 298/2612
  ███████░░░░░░░░░░░░░░░░░░  31%  Streaming frame 299/2612
  ███████░░░░░░░░░░░░░░░░░░  31%  Streaming frame 300/2612
  ███████░░░░░░░░░░░░░░░░░░  31%  Streaming frame 301/2612
  ███████░░░░░░░░░░░░░░░░░░  31%  Streaming frame 302/2612
  ███████░░░░░░░░░░░░░░░░░░  31%  Streaming frame 303/2612
  ███████░░░░░░░░░░░░░░░░░░  31%  Streaming frame 304/2612
  ███████░░░░░░░░░░░░░░░░░░  31%  Streaming frame 305/2612
  ███████░░░░░░░░░░░░░░░░░░  31%  Streaming frame 306/2612
  ███████░░░░░░░░░░░░░░░░░░  31%  Streaming frame 307/2612
  ███████░░░░░░░░░░░░░░░░░░  31%  Streaming frame 308/2612
  ████████░░░░░░░░░░░░░░░░░  32%  Streaming frame 309/2612
  ████████░░░░░░░░░░░░░░░░░  32%  Streaming frame 310/2612
  ████████░░░░░░░░░░░░░░░░░  32%  Streaming frame 311/2612
  ████████░░░░░░░░░░░░░░░░░  32%  Streaming frame 312/2612
  ████████░░░░░░░░░░░░░░░░░  32%  Streaming frame 313/2612
  ████████░░░░░░░░░░░░░░░░░  32%  Streaming frame 314/2612
  ████████░░░░░░░░░░░░░░░░░  32%  Streaming frame 315/2612
  ████████░░░░░░░░░░░░░░░░░  32%  Streaming frame 316/2612
  ████████░░░░░░░░░░░░░░░░░  32%  Streaming frame 317/2612
  ████████░░░░░░░░░░░░░░░░░  32%  Streaming frame 318/2612
  ████████░░░░░░░░░░░░░░░░░  32%  Streaming frame 319/2612
  ████████░░░░░░░░░░░░░░░░░  32%  Streaming frame 320/2612
  ████████░░░░░░░░░░░░░░░░░  32%  Streaming frame 321/2612
  ████████░░░░░░░░░░░░░░░░░  32%  Streaming frame 322/2612
  ████████░░░░░░░░░░░░░░░░░  32%  Streaming frame 323/2612
  ████████░░░░░░░░░░░░░░░░░  32%  Streaming frame 324/2612
  ████████░░░░░░░░░░░░░░░░░  32%  Streaming frame 325/2612
  ████████░░░░░░░░░░░░░░░░░  32%  Streaming frame 326/2612
  ████████░░░░░░░░░░░░░░░░░  32%  Streaming frame 327/2612
  ████████░░░░░░░░░░░░░░░░░  32%  Streaming frame 328/2612
  ████████░░░░░░░░░░░░░░░░░  32%  Streaming frame 329/2612
  ████████░░░░░░░░░░░░░░░░░  32%  Streaming frame 330/2612
  ████████░░░░░░░░░░░░░░░░░  32%  Streaming frame 331/2612
  ████████░░░░░░░░░░░░░░░░░  32%  Streaming frame 332/2612
  ████████░░░░░░░░░░░░░░░░░  32%  Streaming frame 333/2612
  ████████░░░░░░░░░░░░░░░░░  32%  Streaming frame 334/2612
  ████████░░░░░░░░░░░░░░░░░  32%  Streaming frame 335/2612
  ████████░░░░░░░░░░░░░░░░░  32%  Streaming frame 336/2612
  ████████░░░░░░░░░░░░░░░░░  32%  Streaming frame 337/2612
  ████████░░░░░░░░░░░░░░░░░  32%  Streaming frame 338/2612
  ████████░░░░░░░░░░░░░░░░░  32%  Streaming frame 339/2612
  ████████░░░░░░░░░░░░░░░░░  32%  Streaming frame 340/2612
  ████████░░░░░░░░░░░░░░░░░  32%  Streaming frame 341/2612
  ████████░░░░░░░░░░░░░░░░░  32%  Streaming frame 342/2612
  ████████░░░░░░░░░░░░░░░░░  32%  Streaming frame 343/2612
  ████████░░░░░░░░░░░░░░░░░  32%  Streaming frame 344/2612
  ████████░░░░░░░░░░░░░░░░░  32%  Streaming frame 345/2612
  ████████░░░░░░░░░░░░░░░░░  32%  Streaming frame 346/2612
  ████████░░░░░░░░░░░░░░░░░  32%  Streaming frame 347/2612
  ████████░░░░░░░░░░░░░░░░░  32%  Streaming frame 348/2612
  ████████░░░░░░░░░░░░░░░░░  32%  Streaming frame 349/2612
  ████████░░░░░░░░░░░░░░░░░  32%  Streaming frame 350/2612
  ████████░░░░░░░░░░░░░░░░░  32%  Streaming frame 351/2612
  ████████░░░░░░░░░░░░░░░░░  32%  Streaming frame 352/2612
  ████████░░░░░░░░░░░░░░░░░  32%  Streaming frame 353/2612
  ████████░░░░░░░░░░░░░░░░░  32%  Streaming frame 354/2612
  ████████░░░░░░░░░░░░░░░░░  32%  Streaming frame 355/2612
  ████████░░░░░░░░░░░░░░░░░  32%  Streaming frame 356/2612
  ████████░░░░░░░░░░░░░░░░░  33%  Streaming frame 357/2612
  ████████░░░░░░░░░░░░░░░░░  33%  Streaming frame 358/2612
  ████████░░░░░░░░░░░░░░░░░  33%  Streaming frame 359/2612
  ████████░░░░░░░░░░░░░░░░░  33%  Streaming frame 360/2612
  ████████░░░░░░░░░░░░░░░░░  33%  Streaming frame 361/2612
  ████████░░░░░░░░░░░░░░░░░  33%  Streaming frame 362/2612
  ████████░░░░░░░░░░░░░░░░░  33%  Streaming frame 363/2612
  ████████░░░░░░░░░░░░░░░░░  33%  Streaming frame 364/2612
  ████████░░░░░░░░░░░░░░░░░  33%  Streaming frame 365/2612
  ████████░░░░░░░░░░░░░░░░░  33%  Streaming frame 366/2612
  ████████░░░░░░░░░░░░░░░░░  33%  Streaming frame 367/2612
  ████████░░░░░░░░░░░░░░░░░  33%  Streaming frame 368/2612
  ████████░░░░░░░░░░░░░░░░░  33%  Streaming frame 369/2612
  ████████░░░░░░░░░░░░░░░░░  33%  Streaming frame 370/2612
  ████████░░░░░░░░░░░░░░░░░  33%  Streaming frame 371/2612
  ████████░░░░░░░░░░░░░░░░░  33%  Streaming frame 372/2612
  ████████░░░░░░░░░░░░░░░░░  33%  Streaming frame 373/2612
  ████████░░░░░░░░░░░░░░░░░  33%  Streaming frame 374/2612
  ████████░░░░░░░░░░░░░░░░░  33%  Streaming frame 375/2612
  ████████░░░░░░░░░░░░░░░░░  33%  Streaming frame 376/2612
  ████████░░░░░░░░░░░░░░░░░  33%  Streaming frame 377/2612
  ████████░░░░░░░░░░░░░░░░░  33%  Streaming frame 378/2612
  ████████░░░░░░░░░░░░░░░░░  33%  Streaming frame 379/2612
  ████████░░░░░░░░░░░░░░░░░  33%  Streaming frame 380/2612
  ████████░░░░░░░░░░░░░░░░░  33%  Streaming frame 381/2612
  ████████░░░░░░░░░░░░░░░░░  33%  Streaming frame 382/2612
  ████████░░░░░░░░░░░░░░░░░  33%  Streaming frame 383/2612
  ████████░░░░░░░░░░░░░░░░░  33%  Streaming frame 384/2612
  ████████░░░░░░░░░░░░░░░░░  33%  Streaming frame 385/2612
  ████████░░░░░░░░░░░░░░░░░  33%  Streaming frame 386/2612
  ████████░░░░░░░░░░░░░░░░░  33%  Streaming frame 387/2612
  ████████░░░░░░░░░░░░░░░░░  33%  Streaming frame 388/2612
  ████████░░░░░░░░░░░░░░░░░  33%  Streaming frame 389/2612
  ████████░░░░░░░░░░░░░░░░░  33%  Streaming frame 390/2612
  ████████░░░░░░░░░░░░░░░░░  33%  Streaming frame 391/2612
  ████████░░░░░░░░░░░░░░░░░  33%  Streaming frame 392/2612
  ████████░░░░░░░░░░░░░░░░░  33%  Streaming frame 393/2612
  ████████░░░░░░░░░░░░░░░░░  33%  Streaming frame 394/2612
  ████████░░░░░░░░░░░░░░░░░  33%  Streaming frame 395/2612
  ████████░░░░░░░░░░░░░░░░░  33%  Streaming frame 396/2612
  ████████░░░░░░░░░░░░░░░░░  33%  Streaming frame 397/2612
  ████████░░░░░░░░░░░░░░░░░  33%  Streaming frame 398/2612
  ████████░░░░░░░░░░░░░░░░░  33%  Streaming frame 399/2612
  ████████░░░░░░░░░░░░░░░░░  33%  Streaming frame 400/2612
  ████████░░░░░░░░░░░░░░░░░  33%  Streaming frame 401/2612
  ████████░░░░░░░░░░░░░░░░░  33%  Streaming frame 402/2612
  ████████░░░░░░░░░░░░░░░░░  33%  Streaming frame 403/2612
  ████████░░░░░░░░░░░░░░░░░  34%  Streaming frame 404/2612
  ████████░░░░░░░░░░░░░░░░░  34%  Streaming frame 405/2612
  ████████░░░░░░░░░░░░░░░░░  34%  Streaming frame 406/2612
  ████████░░░░░░░░░░░░░░░░░  34%  Streaming frame 407/2612
  ████████░░░░░░░░░░░░░░░░░  34%  Streaming frame 408/2612
  ████████░░░░░░░░░░░░░░░░░  34%  Streaming frame 409/2612
  ████████░░░░░░░░░░░░░░░░░  34%  Streaming frame 410/2612
  ████████░░░░░░░░░░░░░░░░░  34%  Streaming frame 411/2612
  ████████░░░░░░░░░░░░░░░░░  34%  Streaming frame 412/2612
  ████████░░░░░░░░░░░░░░░░░  34%  Streaming frame 413/2612
  ████████░░░░░░░░░░░░░░░░░  34%  Streaming frame 414/2612
  ████████░░░░░░░░░░░░░░░░░  34%  Streaming frame 415/2612
  ████████░░░░░░░░░░░░░░░░░  34%  Streaming frame 416/2612
  ████████░░░░░░░░░░░░░░░░░  34%  Streaming frame 417/2612
  ████████░░░░░░░░░░░░░░░░░  34%  Streaming frame 418/2612
  ████████░░░░░░░░░░░░░░░░░  34%  Streaming frame 419/2612
  ████████░░░░░░░░░░░░░░░░░  34%  Streaming frame 420/2612
  ████████░░░░░░░░░░░░░░░░░  34%  Streaming frame 421/2612
  ████████░░░░░░░░░░░░░░░░░  34%  Streaming frame 422/2612
  ████████░░░░░░░░░░░░░░░░░  34%  Streaming frame 423/2612
  ████████░░░░░░░░░░░░░░░░░  34%  Streaming frame 424/2612
  ████████░░░░░░░░░░░░░░░░░  34%  Streaming frame 425/2612
  ████████░░░░░░░░░░░░░░░░░  34%  Streaming frame 426/2612
  ████████░░░░░░░░░░░░░░░░░  34%  Streaming frame 427/2612
  ████████░░░░░░░░░░░░░░░░░  34%  Streaming frame 428/2612
  ████████░░░░░░░░░░░░░░░░░  34%  Streaming frame 429/2612
  ████████░░░░░░░░░░░░░░░░░  34%  Streaming frame 430/2612
  ████████░░░░░░░░░░░░░░░░░  34%  Streaming frame 431/2612
  ████████░░░░░░░░░░░░░░░░░  34%  Streaming frame 432/2612
  ████████░░░░░░░░░░░░░░░░░  34%  Streaming frame 433/2612
  ████████░░░░░░░░░░░░░░░░░  34%  Streaming frame 434/2612
  ████████░░░░░░░░░░░░░░░░░  34%  Streaming frame 435/2612
  ████████░░░░░░░░░░░░░░░░░  34%  Streaming frame 436/2612
  ████████░░░░░░░░░░░░░░░░░  34%  Streaming frame 437/2612
  ████████░░░░░░░░░░░░░░░░░  34%  Streaming frame 438/2612
  ████████░░░░░░░░░░░░░░░░░  34%  Streaming frame 439/2612
  ████████░░░░░░░░░░░░░░░░░  34%  Streaming frame 440/2612
  ████████░░░░░░░░░░░░░░░░░  34%  Streaming frame 441/2612
  ████████░░░░░░░░░░░░░░░░░  34%  Streaming frame 442/2612
  ████████░░░░░░░░░░░░░░░░░  34%  Streaming frame 443/2612
  ████████░░░░░░░░░░░░░░░░░  34%  Streaming frame 444/2612
  ████████░░░░░░░░░░░░░░░░░  34%  Streaming frame 445/2612
  ████████░░░░░░░░░░░░░░░░░  34%  Streaming frame 446/2612
  ████████░░░░░░░░░░░░░░░░░  34%  Streaming frame 447/2612
  ████████░░░░░░░░░░░░░░░░░  34%  Streaming frame 448/2612
  ████████░░░░░░░░░░░░░░░░░  34%  Streaming frame 449/2612
  ████████░░░░░░░░░░░░░░░░░  34%  Streaming frame 450/2612
  ████████░░░░░░░░░░░░░░░░░  34%  Streaming frame 451/2612
  ████████░░░░░░░░░░░░░░░░░  35%  Streaming frame 452/2612
  ████████░░░░░░░░░░░░░░░░░  35%  Streaming frame 453/2612
  ████████░░░░░░░░░░░░░░░░░  35%  Streaming frame 454/2612
  ████████░░░░░░░░░░░░░░░░░  35%  Streaming frame 455/2612
  ████████░░░░░░░░░░░░░░░░░  35%  Streaming frame 456/2612
  ████████░░░░░░░░░░░░░░░░░  35%  Streaming frame 457/2612
  ████████░░░░░░░░░░░░░░░░░  35%  Streaming frame 458/2612
  ████████░░░░░░░░░░░░░░░░░  35%  Streaming frame 459/2612
  ████████░░░░░░░░░░░░░░░░░  35%  Streaming frame 460/2612
  ████████░░░░░░░░░░░░░░░░░  35%  Streaming frame 461/2612
  ████████░░░░░░░░░░░░░░░░░  35%  Streaming frame 462/2612
  ████████░░░░░░░░░░░░░░░░░  35%  Streaming frame 463/2612
  ████████░░░░░░░░░░░░░░░░░  35%  Streaming frame 464/2612
  ████████░░░░░░░░░░░░░░░░░  35%  Streaming frame 465/2612
  ████████░░░░░░░░░░░░░░░░░  35%  Streaming frame 466/2612
  ████████░░░░░░░░░░░░░░░░░  35%  Streaming frame 467/2612
  ████████░░░░░░░░░░░░░░░░░  35%  Streaming frame 468/2612
  ████████░░░░░░░░░░░░░░░░░  35%  Streaming frame 469/2612
  ████████░░░░░░░░░░░░░░░░░  35%  Streaming frame 470/2612
  ████████░░░░░░░░░░░░░░░░░  35%  Streaming frame 471/2612
  ████████░░░░░░░░░░░░░░░░░  35%  Streaming frame 472/2612
  ████████░░░░░░░░░░░░░░░░░  35%  Streaming frame 473/2612
  ████████░░░░░░░░░░░░░░░░░  35%  Streaming frame 474/2612
  ████████░░░░░░░░░░░░░░░░░  35%  Streaming frame 475/2612
  ████████░░░░░░░░░░░░░░░░░  35%  Streaming frame 476/2612
  ████████░░░░░░░░░░░░░░░░░  35%  Streaming frame 477/2612
  ████████░░░░░░░░░░░░░░░░░  35%  Streaming frame 478/2612
  ████████░░░░░░░░░░░░░░░░░  35%  Streaming frame 479/2612
  ████████░░░░░░░░░░░░░░░░░  35%  Streaming frame 480/2612
  ████████░░░░░░░░░░░░░░░░░  35%  Streaming frame 481/2612
  ████████░░░░░░░░░░░░░░░░░  35%  Streaming frame 482/2612
  ████████░░░░░░░░░░░░░░░░░  35%  Streaming frame 483/2612
  ████████░░░░░░░░░░░░░░░░░  35%  Streaming frame 484/2612
  ████████░░░░░░░░░░░░░░░░░  35%  Streaming frame 485/2612
  ████████░░░░░░░░░░░░░░░░░  35%  Streaming frame 486/2612
  ████████░░░░░░░░░░░░░░░░░  35%  Streaming frame 487/2612
  ████████░░░░░░░░░░░░░░░░░  35%  Streaming frame 488/2612
  ████████░░░░░░░░░░░░░░░░░  35%  Streaming frame 489/2612
  ████████░░░░░░░░░░░░░░░░░  35%  Streaming frame 490/2612
  ████████░░░░░░░░░░░░░░░░░  35%  Streaming frame 491/2612
  ████████░░░░░░░░░░░░░░░░░  35%  Streaming frame 492/2612
  ████████░░░░░░░░░░░░░░░░░  35%  Streaming frame 493/2612
  ████████░░░░░░░░░░░░░░░░░  35%  Streaming frame 494/2612
  ████████░░░░░░░░░░░░░░░░░  35%  Streaming frame 495/2612
  ████████░░░░░░░░░░░░░░░░░  35%  Streaming frame 496/2612
  ████████░░░░░░░░░░░░░░░░░  35%  Streaming frame 497/2612
  ████████░░░░░░░░░░░░░░░░░  35%  Streaming frame 498/2612
  █████████░░░░░░░░░░░░░░░░  36%  Streaming frame 499/2612
  █████████░░░░░░░░░░░░░░░░  36%  Streaming frame 500/2612
  █████████░░░░░░░░░░░░░░░░  36%  Streaming frame 501/2612
  █████████░░░░░░░░░░░░░░░░  36%  Streaming frame 502/2612
  █████████░░░░░░░░░░░░░░░░  36%  Streaming frame 503/2612
  █████████░░░░░░░░░░░░░░░░  36%  Streaming frame 504/2612
  █████████░░░░░░░░░░░░░░░░  36%  Streaming frame 505/2612
  █████████░░░░░░░░░░░░░░░░  36%  Streaming frame 506/2612
  █████████░░░░░░░░░░░░░░░░  36%  Streaming frame 507/2612
  █████████░░░░░░░░░░░░░░░░  36%  Streaming frame 508/2612
  █████████░░░░░░░░░░░░░░░░  36%  Streaming frame 509/2612
  █████████░░░░░░░░░░░░░░░░  36%  Streaming frame 510/2612
  █████████░░░░░░░░░░░░░░░░  36%  Streaming frame 511/2612
  █████████░░░░░░░░░░░░░░░░  36%  Streaming frame 512/2612
  █████████░░░░░░░░░░░░░░░░  36%  Streaming frame 513/2612
  █████████░░░░░░░░░░░░░░░░  36%  Streaming frame 514/2612
  █████████░░░░░░░░░░░░░░░░  36%  Streaming frame 515/2612
  █████████░░░░░░░░░░░░░░░░  36%  Streaming frame 516/2612
  █████████░░░░░░░░░░░░░░░░  36%  Streaming frame 517/2612
  █████████░░░░░░░░░░░░░░░░  36%  Streaming frame 518/2612
  █████████░░░░░░░░░░░░░░░░  36%  Streaming frame 519/2612
  █████████░░░░░░░░░░░░░░░░  36%  Streaming frame 520/2612
  █████████░░░░░░░░░░░░░░░░  36%  Streaming frame 521/2612
  █████████░░░░░░░░░░░░░░░░  36%  Streaming frame 522/2612
  █████████░░░░░░░░░░░░░░░░  36%  Streaming frame 523/2612
  █████████░░░░░░░░░░░░░░░░  36%  Streaming frame 524/2612
  █████████░░░░░░░░░░░░░░░░  36%  Streaming frame 525/2612
  █████████░░░░░░░░░░░░░░░░  36%  Streaming frame 526/2612
  █████████░░░░░░░░░░░░░░░░  36%  Streaming frame 527/2612
  █████████░░░░░░░░░░░░░░░░  36%  Streaming frame 528/2612
  █████████░░░░░░░░░░░░░░░░  36%  Streaming frame 529/2612
  █████████░░░░░░░░░░░░░░░░  36%  Streaming frame 530/2612
  █████████░░░░░░░░░░░░░░░░  36%  Streaming frame 531/2612
  █████████░░░░░░░░░░░░░░░░  36%  Streaming frame 532/2612
  █████████░░░░░░░░░░░░░░░░  36%  Streaming frame 533/2612
  █████████░░░░░░░░░░░░░░░░  36%  Streaming frame 534/2612
  █████████░░░░░░░░░░░░░░░░  36%  Streaming frame 535/2612
  █████████░░░░░░░░░░░░░░░░  36%  Streaming frame 536/2612
  █████████░░░░░░░░░░░░░░░░  36%  Streaming frame 537/2612
  █████████░░░░░░░░░░░░░░░░  36%  Streaming frame 538/2612
  █████████░░░░░░░░░░░░░░░░  36%  Streaming frame 539/2612
  █████████░░░░░░░░░░░░░░░░  36%  Streaming frame 540/2612
  █████████░░░░░░░░░░░░░░░░  36%  Streaming frame 541/2612
  █████████░░░░░░░░░░░░░░░░  36%  Streaming frame 542/2612
  █████████░░░░░░░░░░░░░░░░  36%  Streaming frame 543/2612
  █████████░░░░░░░░░░░░░░░░  36%  Streaming frame 544/2612
  █████████░░░░░░░░░░░░░░░░  36%  Streaming frame 545/2612
  █████████░░░░░░░░░░░░░░░░  36%  Streaming frame 546/2612
  █████████░░░░░░░░░░░░░░░░  37%  Streaming frame 547/2612
  █████████░░░░░░░░░░░░░░░░  37%  Streaming frame 548/2612
  █████████░░░░░░░░░░░░░░░░  37%  Streaming frame 549/2612
  █████████░░░░░░░░░░░░░░░░  37%  Streaming frame 550/2612
  █████████░░░░░░░░░░░░░░░░  37%  Streaming frame 551/2612
  █████████░░░░░░░░░░░░░░░░  37%  Streaming frame 552/2612
  █████████░░░░░░░░░░░░░░░░  37%  Streaming frame 553/2612
  █████████░░░░░░░░░░░░░░░░  37%  Streaming frame 554/2612
  █████████░░░░░░░░░░░░░░░░  37%  Streaming frame 555/2612
  █████████░░░░░░░░░░░░░░░░  37%  Streaming frame 556/2612
  █████████░░░░░░░░░░░░░░░░  37%  Streaming frame 557/2612
  █████████░░░░░░░░░░░░░░░░  37%  Streaming frame 558/2612
  █████████░░░░░░░░░░░░░░░░  37%  Streaming frame 559/2612
  █████████░░░░░░░░░░░░░░░░  37%  Streaming frame 560/2612
  █████████░░░░░░░░░░░░░░░░  37%  Streaming frame 561/2612
  █████████░░░░░░░░░░░░░░░░  37%  Streaming frame 562/2612
  █████████░░░░░░░░░░░░░░░░  37%  Streaming frame 563/2612
  █████████░░░░░░░░░░░░░░░░  37%  Streaming frame 564/2612
  █████████░░░░░░░░░░░░░░░░  37%  Streaming frame 565/2612
  █████████░░░░░░░░░░░░░░░░  37%  Streaming frame 566/2612
  █████████░░░░░░░░░░░░░░░░  37%  Streaming frame 567/2612
  █████████░░░░░░░░░░░░░░░░  37%  Streaming frame 568/2612
  █████████░░░░░░░░░░░░░░░░  37%  Streaming frame 569/2612
  █████████░░░░░░░░░░░░░░░░  37%  Streaming frame 570/2612
  █████████░░░░░░░░░░░░░░░░  37%  Streaming frame 571/2612
  █████████░░░░░░░░░░░░░░░░  37%  Streaming frame 572/2612
  █████████░░░░░░░░░░░░░░░░  37%  Streaming frame 573/2612
  █████████░░░░░░░░░░░░░░░░  37%  Streaming frame 574/2612
  █████████░░░░░░░░░░░░░░░░  37%  Streaming frame 575/2612
  █████████░░░░░░░░░░░░░░░░  37%  Streaming frame 576/2612
  █████████░░░░░░░░░░░░░░░░  37%  Streaming frame 577/2612
  █████████░░░░░░░░░░░░░░░░  37%  Streaming frame 578/2612
  █████████░░░░░░░░░░░░░░░░  37%  Streaming frame 579/2612
  █████████░░░░░░░░░░░░░░░░  37%  Streaming frame 580/2612
  █████████░░░░░░░░░░░░░░░░  37%  Streaming frame 581/2612
  █████████░░░░░░░░░░░░░░░░  37%  Streaming frame 582/2612
  █████████░░░░░░░░░░░░░░░░  37%  Streaming frame 583/2612
  █████████░░░░░░░░░░░░░░░░  37%  Streaming frame 584/2612
  █████████░░░░░░░░░░░░░░░░  37%  Streaming frame 585/2612
  █████████░░░░░░░░░░░░░░░░  37%  Streaming frame 586/2612
  █████████░░░░░░░░░░░░░░░░  37%  Streaming frame 587/2612
  █████████░░░░░░░░░░░░░░░░  37%  Streaming frame 588/2612
  █████████░░░░░░░░░░░░░░░░  37%  Streaming frame 589/2612
  █████████░░░░░░░░░░░░░░░░  37%  Streaming frame 590/2612
  █████████░░░░░░░░░░░░░░░░  37%  Streaming frame 591/2612
  █████████░░░░░░░░░░░░░░░░  37%  Streaming frame 592/2612
  █████████░░░░░░░░░░░░░░░░  37%  Streaming frame 593/2612
  █████████░░░░░░░░░░░░░░░░  38%  Streaming frame 594/2612
  █████████░░░░░░░░░░░░░░░░  38%  Streaming frame 595/2612
  █████████░░░░░░░░░░░░░░░░  38%  Streaming frame 596/2612
  █████████░░░░░░░░░░░░░░░░  38%  Streaming frame 597/2612
  █████████░░░░░░░░░░░░░░░░  38%  Streaming frame 598/2612
  █████████░░░░░░░░░░░░░░░░  38%  Streaming frame 599/2612
  █████████░░░░░░░░░░░░░░░░  38%  Streaming frame 600/2612
  █████████░░░░░░░░░░░░░░░░  38%  Streaming frame 601/2612
  █████████░░░░░░░░░░░░░░░░  38%  Streaming frame 602/2612
  █████████░░░░░░░░░░░░░░░░  38%  Streaming frame 603/2612
  █████████░░░░░░░░░░░░░░░░  38%  Streaming frame 604/2612
  █████████░░░░░░░░░░░░░░░░  38%  Streaming frame 605/2612
  █████████░░░░░░░░░░░░░░░░  38%  Streaming frame 606/2612
  █████████░░░░░░░░░░░░░░░░  38%  Streaming frame 607/2612
  █████████░░░░░░░░░░░░░░░░  38%  Streaming frame 608/2612
  █████████░░░░░░░░░░░░░░░░  38%  Streaming frame 609/2612
  █████████░░░░░░░░░░░░░░░░  38%  Streaming frame 610/2612
  █████████░░░░░░░░░░░░░░░░  38%  Streaming frame 611/2612
  █████████░░░░░░░░░░░░░░░░  38%  Streaming frame 612/2612
  █████████░░░░░░░░░░░░░░░░  38%  Streaming frame 613/2612
  █████████░░░░░░░░░░░░░░░░  38%  Streaming frame 614/2612
  █████████░░░░░░░░░░░░░░░░  38%  Streaming frame 615/2612
  █████████░░░░░░░░░░░░░░░░  38%  Streaming frame 616/2612
  █████████░░░░░░░░░░░░░░░░  38%  Streaming frame 617/2612
  █████████░░░░░░░░░░░░░░░░  38%  Streaming frame 618/2612
  █████████░░░░░░░░░░░░░░░░  38%  Streaming frame 619/2612
  █████████░░░░░░░░░░░░░░░░  38%  Streaming frame 620/2612
  █████████░░░░░░░░░░░░░░░░  38%  Streaming frame 621/2612
  █████████░░░░░░░░░░░░░░░░  38%  Streaming frame 622/2612
  █████████░░░░░░░░░░░░░░░░  38%  Streaming frame 623/2612
  █████████░░░░░░░░░░░░░░░░  38%  Streaming frame 624/2612
  █████████░░░░░░░░░░░░░░░░  38%  Streaming frame 625/2612
  █████████░░░░░░░░░░░░░░░░  38%  Streaming frame 626/2612
  █████████░░░░░░░░░░░░░░░░  38%  Streaming frame 627/2612
  █████████░░░░░░░░░░░░░░░░  38%  Streaming frame 628/2612
  █████████░░░░░░░░░░░░░░░░  38%  Streaming frame 629/2612
  █████████░░░░░░░░░░░░░░░░  38%  Streaming frame 630/2612
  █████████░░░░░░░░░░░░░░░░  38%  Streaming frame 631/2612
  █████████░░░░░░░░░░░░░░░░  38%  Streaming frame 632/2612
  █████████░░░░░░░░░░░░░░░░  38%  Streaming frame 633/2612
  █████████░░░░░░░░░░░░░░░░  38%  Streaming frame 634/2612
  █████████░░░░░░░░░░░░░░░░  38%  Streaming frame 635/2612
  █████████░░░░░░░░░░░░░░░░  38%  Streaming frame 636/2612
  █████████░░░░░░░░░░░░░░░░  38%  Streaming frame 637/2612
  █████████░░░░░░░░░░░░░░░░  38%  Streaming frame 638/2612
  █████████░░░░░░░░░░░░░░░░  38%  Streaming frame 639/2612
  █████████░░░░░░░░░░░░░░░░  38%  Streaming frame 640/2612
  █████████░░░░░░░░░░░░░░░░  38%  Streaming frame 641/2612
  █████████░░░░░░░░░░░░░░░░  39%  Streaming frame 642/2612
  █████████░░░░░░░░░░░░░░░░  39%  Streaming frame 643/2612
  █████████░░░░░░░░░░░░░░░░  39%  Streaming frame 644/2612
  █████████░░░░░░░░░░░░░░░░  39%  Streaming frame 645/2612
  █████████░░░░░░░░░░░░░░░░  39%  Streaming frame 646/2612
  █████████░░░░░░░░░░░░░░░░  39%  Streaming frame 647/2612
  █████████░░░░░░░░░░░░░░░░  39%  Streaming frame 648/2612
  █████████░░░░░░░░░░░░░░░░  39%  Streaming frame 649/2612
  █████████░░░░░░░░░░░░░░░░  39%  Streaming frame 650/2612
  █████████░░░░░░░░░░░░░░░░  39%  Streaming frame 651/2612
  █████████░░░░░░░░░░░░░░░░  39%  Streaming frame 652/2612
  █████████░░░░░░░░░░░░░░░░  39%  Streaming frame 653/2612
[INFO] [Render] drawElement self-verify passed {"renderJobId":"5f884068-b4c9-4051-814b-0aea84f268c6","frame":653,"psnrDb":89}
  █████████░░░░░░░░░░░░░░░░  39%  Streaming frame 654/2612
  █████████░░░░░░░░░░░░░░░░  39%  Streaming frame 655/2612
  █████████░░░░░░░░░░░░░░░░  39%  Streaming frame 656/2612
  █████████░░░░░░░░░░░░░░░░  39%  Streaming frame 657/2612
  █████████░░░░░░░░░░░░░░░░  39%  Streaming frame 658/2612
  █████████░░░░░░░░░░░░░░░░  39%  Streaming frame 659/2612
  █████████░░░░░░░░░░░░░░░░  39%  Streaming frame 660/2612
  █████████░░░░░░░░░░░░░░░░  39%  Streaming frame 661/2612
  █████████░░░░░░░░░░░░░░░░  39%  Streaming frame 662/2612
  █████████░░░░░░░░░░░░░░░░  39%  Streaming frame 663/2612
  █████████░░░░░░░░░░░░░░░░  39%  Streaming frame 664/2612
  █████████░░░░░░░░░░░░░░░░  39%  Streaming frame 665/2612
  █████████░░░░░░░░░░░░░░░░  39%  Streaming frame 666/2612
  █████████░░░░░░░░░░░░░░░░  39%  Streaming frame 667/2612
  █████████░░░░░░░░░░░░░░░░  39%  Streaming frame 668/2612
  █████████░░░░░░░░░░░░░░░░  39%  Streaming frame 669/2612
  █████████░░░░░░░░░░░░░░░░  39%  Streaming frame 670/2612
  █████████░░░░░░░░░░░░░░░░  39%  Streaming frame 671/2612
  █████████░░░░░░░░░░░░░░░░  39%  Streaming frame 672/2612
  █████████░░░░░░░░░░░░░░░░  39%  Streaming frame 673/2612
  █████████░░░░░░░░░░░░░░░░  39%  Streaming frame 674/2612
  █████████░░░░░░░░░░░░░░░░  39%  Streaming frame 675/2612
  █████████░░░░░░░░░░░░░░░░  39%  Streaming frame 676/2612
  █████████░░░░░░░░░░░░░░░░  39%  Streaming frame 677/2612
  █████████░░░░░░░░░░░░░░░░  39%  Streaming frame 678/2612
  █████████░░░░░░░░░░░░░░░░  39%  Streaming frame 679/2612
  █████████░░░░░░░░░░░░░░░░  39%  Streaming frame 680/2612
  █████████░░░░░░░░░░░░░░░░  39%  Streaming frame 681/2612
  █████████░░░░░░░░░░░░░░░░  39%  Streaming frame 682/2612
  █████████░░░░░░░░░░░░░░░░  39%  Streaming frame 683/2612
  █████████░░░░░░░░░░░░░░░░  39%  Streaming frame 684/2612
  █████████░░░░░░░░░░░░░░░░  39%  Streaming frame 685/2612
  █████████░░░░░░░░░░░░░░░░  39%  Streaming frame 686/2612
  █████████░░░░░░░░░░░░░░░░  39%  Streaming frame 687/2612
  █████████░░░░░░░░░░░░░░░░  39%  Streaming frame 688/2612
  ██████████░░░░░░░░░░░░░░░  40%  Streaming frame 689/2612
  ██████████░░░░░░░░░░░░░░░  40%  Streaming frame 690/2612
  ██████████░░░░░░░░░░░░░░░  40%  Streaming frame 691/2612
  ██████████░░░░░░░░░░░░░░░  40%  Streaming frame 692/2612
  ██████████░░░░░░░░░░░░░░░  40%  Streaming frame 693/2612
  ██████████░░░░░░░░░░░░░░░  40%  Streaming frame 694/2612
  ██████████░░░░░░░░░░░░░░░  40%  Streaming frame 695/2612
  ██████████░░░░░░░░░░░░░░░  40%  Streaming frame 696/2612
  ██████████░░░░░░░░░░░░░░░  40%  Streaming frame 697/2612
  ██████████░░░░░░░░░░░░░░░  40%  Streaming frame 698/2612
  ██████████░░░░░░░░░░░░░░░  40%  Streaming frame 699/2612
  ██████████░░░░░░░░░░░░░░░  40%  Streaming frame 700/2612
  ██████████░░░░░░░░░░░░░░░  40%  Streaming frame 701/2612
  ██████████░░░░░░░░░░░░░░░  40%  Streaming frame 702/2612
  ██████████░░░░░░░░░░░░░░░  40%  Streaming frame 703/2612
  ██████████░░░░░░░░░░░░░░░  40%  Streaming frame 704/2612
  ██████████░░░░░░░░░░░░░░░  40%  Streaming frame 705/2612
  ██████████░░░░░░░░░░░░░░░  40%  Streaming frame 706/2612
  ██████████░░░░░░░░░░░░░░░  40%  Streaming frame 707/2612
  ██████████░░░░░░░░░░░░░░░  40%  Streaming frame 708/2612
  ██████████░░░░░░░░░░░░░░░  40%  Streaming frame 709/2612
  ██████████░░░░░░░░░░░░░░░  40%  Streaming frame 710/2612
  ██████████░░░░░░░░░░░░░░░  40%  Streaming frame 711/2612
  ██████████░░░░░░░░░░░░░░░  40%  Streaming frame 712/2612
  ██████████░░░░░░░░░░░░░░░  40%  Streaming frame 713/2612
  ██████████░░░░░░░░░░░░░░░  40%  Streaming frame 714/2612
  ██████████░░░░░░░░░░░░░░░  40%  Streaming frame 715/2612
  ██████████░░░░░░░░░░░░░░░  40%  Streaming frame 716/2612
  ██████████░░░░░░░░░░░░░░░  40%  Streaming frame 717/2612
  ██████████░░░░░░░░░░░░░░░  40%  Streaming frame 718/2612
  ██████████░░░░░░░░░░░░░░░  40%  Streaming frame 719/2612
  ██████████░░░░░░░░░░░░░░░  40%  Streaming frame 720/2612
  ██████████░░░░░░░░░░░░░░░  40%  Streaming frame 721/2612
  ██████████░░░░░░░░░░░░░░░  40%  Streaming frame 722/2612
  ██████████░░░░░░░░░░░░░░░  40%  Streaming frame 723/2612
  ██████████░░░░░░░░░░░░░░░  40%  Streaming frame 724/2612
  ██████████░░░░░░░░░░░░░░░  40%  Streaming frame 725/2612
  ██████████░░░░░░░░░░░░░░░  40%  Streaming frame 726/2612
  ██████████░░░░░░░░░░░░░░░  40%  Streaming frame 727/2612
  ██████████░░░░░░░░░░░░░░░  40%  Streaming frame 728/2612
  ██████████░░░░░░░░░░░░░░░  40%  Streaming frame 729/2612
  ██████████░░░░░░░░░░░░░░░  40%  Streaming frame 730/2612
  ██████████░░░░░░░░░░░░░░░  40%  Streaming frame 731/2612
  ██████████░░░░░░░░░░░░░░░  40%  Streaming frame 732/2612
  ██████████░░░░░░░░░░░░░░░  40%  Streaming frame 733/2612
  ██████████░░░░░░░░░░░░░░░  40%  Streaming frame 734/2612
  ██████████░░░░░░░░░░░░░░░  40%  Streaming frame 735/2612
  ██████████░░░░░░░░░░░░░░░  40%  Streaming frame 736/2612
  ██████████░░░░░░░░░░░░░░░  41%  Streaming frame 737/2612
  ██████████░░░░░░░░░░░░░░░  41%  Streaming frame 738/2612
  ██████████░░░░░░░░░░░░░░░  41%  Streaming frame 739/2612
  ██████████░░░░░░░░░░░░░░░  41%  Streaming frame 740/2612
  ██████████░░░░░░░░░░░░░░░  41%  Streaming frame 741/2612
  ██████████░░░░░░░░░░░░░░░  41%  Streaming frame 742/2612
  ██████████░░░░░░░░░░░░░░░  41%  Streaming frame 743/2612
  ██████████░░░░░░░░░░░░░░░  41%  Streaming frame 744/2612
  ██████████░░░░░░░░░░░░░░░  41%  Streaming frame 745/2612
  ██████████░░░░░░░░░░░░░░░  41%  Streaming frame 746/2612
  ██████████░░░░░░░░░░░░░░░  41%  Streaming frame 747/2612
  ██████████░░░░░░░░░░░░░░░  41%  Streaming frame 748/2612
  ██████████░░░░░░░░░░░░░░░  41%  Streaming frame 749/2612
  ██████████░░░░░░░░░░░░░░░  41%  Streaming frame 750/2612
  ██████████░░░░░░░░░░░░░░░  41%  Streaming frame 751/2612
  ██████████░░░░░░░░░░░░░░░  41%  Streaming frame 752/2612
  ██████████░░░░░░░░░░░░░░░  41%  Streaming frame 753/2612
  ██████████░░░░░░░░░░░░░░░  41%  Streaming frame 754/2612
  ██████████░░░░░░░░░░░░░░░  41%  Streaming frame 755/2612
  ██████████░░░░░░░░░░░░░░░  41%  Streaming frame 756/2612
  ██████████░░░░░░░░░░░░░░░  41%  Streaming frame 757/2612
  ██████████░░░░░░░░░░░░░░░  41%  Streaming frame 758/2612
  ██████████░░░░░░░░░░░░░░░  41%  Streaming frame 759/2612
  ██████████░░░░░░░░░░░░░░░  41%  Streaming frame 760/2612
  ██████████░░░░░░░░░░░░░░░  41%  Streaming frame 761/2612
  ██████████░░░░░░░░░░░░░░░  41%  Streaming frame 762/2612
  ██████████░░░░░░░░░░░░░░░  41%  Streaming frame 763/2612
  ██████████░░░░░░░░░░░░░░░  41%  Streaming frame 764/2612
  ██████████░░░░░░░░░░░░░░░  41%  Streaming frame 765/2612
  ██████████░░░░░░░░░░░░░░░  41%  Streaming frame 766/2612
  ██████████░░░░░░░░░░░░░░░  41%  Streaming frame 767/2612
  ██████████░░░░░░░░░░░░░░░  41%  Streaming frame 768/2612
  ██████████░░░░░░░░░░░░░░░  41%  Streaming frame 769/2612
  ██████████░░░░░░░░░░░░░░░  41%  Streaming frame 770/2612
  ██████████░░░░░░░░░░░░░░░  41%  Streaming frame 771/2612
  ██████████░░░░░░░░░░░░░░░  41%  Streaming frame 772/2612
  ██████████░░░░░░░░░░░░░░░  41%  Streaming frame 773/2612
  ██████████░░░░░░░░░░░░░░░  41%  Streaming frame 774/2612
  ██████████░░░░░░░░░░░░░░░  41%  Streaming frame 775/2612
  ██████████░░░░░░░░░░░░░░░  41%  Streaming frame 776/2612
  ██████████░░░░░░░░░░░░░░░  41%  Streaming frame 777/2612
  ██████████░░░░░░░░░░░░░░░  41%  Streaming frame 778/2612
  ██████████░░░░░░░░░░░░░░░  41%  Streaming frame 779/2612
  ██████████░░░░░░░░░░░░░░░  41%  Streaming frame 780/2612
  ██████████░░░░░░░░░░░░░░░  41%  Streaming frame 781/2612
  ██████████░░░░░░░░░░░░░░░  41%  Streaming frame 782/2612
  ██████████░░░░░░░░░░░░░░░  41%  Streaming frame 783/2612
  ██████████░░░░░░░░░░░░░░░  42%  Streaming frame 784/2612
  ██████████░░░░░░░░░░░░░░░  42%  Streaming frame 785/2612
  ██████████░░░░░░░░░░░░░░░  42%  Streaming frame 786/2612
  ██████████░░░░░░░░░░░░░░░  42%  Streaming frame 787/2612
  ██████████░░░░░░░░░░░░░░░  42%  Streaming frame 788/2612
  ██████████░░░░░░░░░░░░░░░  42%  Streaming frame 789/2612
  ██████████░░░░░░░░░░░░░░░  42%  Streaming frame 790/2612
  ██████████░░░░░░░░░░░░░░░  42%  Streaming frame 791/2612
  ██████████░░░░░░░░░░░░░░░  42%  Streaming frame 792/2612
  ██████████░░░░░░░░░░░░░░░  42%  Streaming frame 793/2612
  ██████████░░░░░░░░░░░░░░░  42%  Streaming frame 794/2612
  ██████████░░░░░░░░░░░░░░░  42%  Streaming frame 795/2612
  ██████████░░░░░░░░░░░░░░░  42%  Streaming frame 796/2612
  ██████████░░░░░░░░░░░░░░░  42%  Streaming frame 797/2612
  ██████████░░░░░░░░░░░░░░░  42%  Streaming frame 798/2612
  ██████████░░░░░░░░░░░░░░░  42%  Streaming frame 799/2612
  ██████████░░░░░░░░░░░░░░░  42%  Streaming frame 800/2612
  ██████████░░░░░░░░░░░░░░░  42%  Streaming frame 801/2612
  ██████████░░░░░░░░░░░░░░░  42%  Streaming frame 802/2612
  ██████████░░░░░░░░░░░░░░░  42%  Streaming frame 803/2612
  ██████████░░░░░░░░░░░░░░░  42%  Streaming frame 804/2612
  ██████████░░░░░░░░░░░░░░░  42%  Streaming frame 805/2612
  ██████████░░░░░░░░░░░░░░░  42%  Streaming frame 806/2612
  ██████████░░░░░░░░░░░░░░░  42%  Streaming frame 807/2612
  ██████████░░░░░░░░░░░░░░░  42%  Streaming frame 808/2612
  ██████████░░░░░░░░░░░░░░░  42%  Streaming frame 809/2612
  ██████████░░░░░░░░░░░░░░░  42%  Streaming frame 810/2612
  ██████████░░░░░░░░░░░░░░░  42%  Streaming frame 811/2612
  ██████████░░░░░░░░░░░░░░░  42%  Streaming frame 812/2612
  ██████████░░░░░░░░░░░░░░░  42%  Streaming frame 813/2612
  ██████████░░░░░░░░░░░░░░░  42%  Streaming frame 814/2612
  ██████████░░░░░░░░░░░░░░░  42%  Streaming frame 815/2612
  ██████████░░░░░░░░░░░░░░░  42%  Streaming frame 816/2612
  ██████████░░░░░░░░░░░░░░░  42%  Streaming frame 817/2612
  ██████████░░░░░░░░░░░░░░░  42%  Streaming frame 818/2612
  ██████████░░░░░░░░░░░░░░░  42%  Streaming frame 819/2612
  ██████████░░░░░░░░░░░░░░░  42%  Streaming frame 820/2612
  ██████████░░░░░░░░░░░░░░░  42%  Streaming frame 821/2612
  ██████████░░░░░░░░░░░░░░░  42%  Streaming frame 822/2612
  ██████████░░░░░░░░░░░░░░░  42%  Streaming frame 823/2612
  ██████████░░░░░░░░░░░░░░░  42%  Streaming frame 824/2612
  ██████████░░░░░░░░░░░░░░░  42%  Streaming frame 825/2612
  ██████████░░░░░░░░░░░░░░░  42%  Streaming frame 826/2612
  ██████████░░░░░░░░░░░░░░░  42%  Streaming frame 827/2612
  ██████████░░░░░░░░░░░░░░░  42%  Streaming frame 828/2612
  ██████████░░░░░░░░░░░░░░░  42%  Streaming frame 829/2612
  ██████████░░░░░░░░░░░░░░░  42%  Streaming frame 830/2612
  ██████████░░░░░░░░░░░░░░░  42%  Streaming frame 831/2612
  ██████████░░░░░░░░░░░░░░░  43%  Streaming frame 832/2612
  ██████████░░░░░░░░░░░░░░░  43%  Streaming frame 833/2612
  ██████████░░░░░░░░░░░░░░░  43%  Streaming frame 834/2612
  ██████████░░░░░░░░░░░░░░░  43%  Streaming frame 835/2612
  ██████████░░░░░░░░░░░░░░░  43%  Streaming frame 836/2612
  ██████████░░░░░░░░░░░░░░░  43%  Streaming frame 837/2612
  ██████████░░░░░░░░░░░░░░░  43%  Streaming frame 838/2612
  ██████████░░░░░░░░░░░░░░░  43%  Streaming frame 839/2612
  ██████████░░░░░░░░░░░░░░░  43%  Streaming frame 840/2612
  ██████████░░░░░░░░░░░░░░░  43%  Streaming frame 841/2612
  ██████████░░░░░░░░░░░░░░░  43%  Streaming frame 842/2612
  ██████████░░░░░░░░░░░░░░░  43%  Streaming frame 843/2612
  ██████████░░░░░░░░░░░░░░░  43%  Streaming frame 844/2612
  ██████████░░░░░░░░░░░░░░░  43%  Streaming frame 845/2612
  ██████████░░░░░░░░░░░░░░░  43%  Streaming frame 846/2612
  ██████████░░░░░░░░░░░░░░░  43%  Streaming frame 847/2612
[WARN] [Render] drawElement blank-frame suspect; re-capturing {"renderJobId":"5f884068-b4c9-4051-814b-0aea84f268c6","frame":847,"bytes":11764,"floor":20000}
[INFO] [Render] drawElement small frame is deterministic; accepted {"renderJobId":"5f884068-b4c9-4051-814b-0aea84f268c6","frame":847,"bytes":11764}
  ██████████░░░░░░░░░░░░░░░  43%  Streaming frame 848/2612
  ██████████░░░░░░░░░░░░░░░  43%  Streaming frame 849/2612
  ██████████░░░░░░░░░░░░░░░  43%  Streaming frame 850/2612
  ██████████░░░░░░░░░░░░░░░  43%  Streaming frame 851/2612
  ██████████░░░░░░░░░░░░░░░  43%  Streaming frame 852/2612
  ██████████░░░░░░░░░░░░░░░  43%  Streaming frame 853/2612
  ██████████░░░░░░░░░░░░░░░  43%  Streaming frame 854/2612
  ██████████░░░░░░░░░░░░░░░  43%  Streaming frame 855/2612
  ██████████░░░░░░░░░░░░░░░  43%  Streaming frame 856/2612
[WARN] [Render] drawElement blank-frame suspect; re-capturing {"renderJobId":"5f884068-b4c9-4051-814b-0aea84f268c6","frame":856,"bytes":11767,"floor":13134}
[INFO] [Render] drawElement small frame is deterministic; accepted {"renderJobId":"5f884068-b4c9-4051-814b-0aea84f268c6","frame":856,"bytes":11767}
  ██████████░░░░░░░░░░░░░░░  43%  Streaming frame 857/2612
[WARN] [Render] drawElement blank-frame suspect; re-capturing {"renderJobId":"5f884068-b4c9-4051-814b-0aea84f268c6","frame":857,"bytes":11969,"floor":13134}
[INFO] [Render] drawElement small frame is deterministic; accepted {"renderJobId":"5f884068-b4c9-4051-814b-0aea84f268c6","frame":857,"bytes":11969}
  ██████████░░░░░░░░░░░░░░░  43%  Streaming frame 858/2612
[WARN] [Render] drawElement blank-frame suspect; re-capturing {"renderJobId":"5f884068-b4c9-4051-814b-0aea84f268c6","frame":858,"bytes":12296,"floor":13134}
[INFO] [Render] drawElement small frame is deterministic; accepted {"renderJobId":"5f884068-b4c9-4051-814b-0aea84f268c6","frame":858,"bytes":12296}
  ██████████░░░░░░░░░░░░░░░  43%  Streaming frame 859/2612
[WARN] [Render] drawElement blank-frame suspect; re-capturing {"renderJobId":"5f884068-b4c9-4051-814b-0aea84f268c6","frame":859,"bytes":12112,"floor":13134}
[INFO] [Render] drawElement small frame is deterministic; accepted {"renderJobId":"5f884068-b4c9-4051-814b-0aea84f268c6","frame":859,"bytes":12112}
  ██████████░░░░░░░░░░░░░░░  43%  Streaming frame 860/2612
[WARN] [Render] drawElement blank-frame suspect; re-capturing {"renderJobId":"5f884068-b4c9-4051-814b-0aea84f268c6","frame":860,"bytes":11289,"floor":13134}
[INFO] [Render] drawElement small frame is deterministic; accepted {"renderJobId":"5f884068-b4c9-4051-814b-0aea84f268c6","frame":860,"bytes":11289}
  ██████████░░░░░░░░░░░░░░░  43%  Streaming frame 861/2612
[WARN] [Render] drawElement blank-frame suspect; re-capturing {"renderJobId":"5f884068-b4c9-4051-814b-0aea84f268c6","frame":861,"bytes":12092,"floor":13134}
[INFO] [Render] drawElement small frame is deterministic; accepted {"renderJobId":"5f884068-b4c9-4051-814b-0aea84f268c6","frame":861,"bytes":12092}
  ██████████░░░░░░░░░░░░░░░  43%  Streaming frame 862/2612
[WARN] [Render] drawElement blank-frame suspect; re-capturing {"renderJobId":"5f884068-b4c9-4051-814b-0aea84f268c6","frame":862,"bytes":12204,"floor":13134}
[INFO] [Render] drawElement small frame is deterministic; accepted {"renderJobId":"5f884068-b4c9-4051-814b-0aea84f268c6","frame":862,"bytes":12204}
  ██████████░░░░░░░░░░░░░░░  43%  Streaming frame 863/2612
[WARN] [Render] drawElement blank-frame suspect; re-capturing {"renderJobId":"5f884068-b4c9-4051-814b-0aea84f268c6","frame":863,"bytes":11879,"floor":13134}
[INFO] [Render] drawElement small frame is deterministic; accepted {"renderJobId":"5f884068-b4c9-4051-814b-0aea84f268c6","frame":863,"bytes":11879}
  ██████████░░░░░░░░░░░░░░░  43%  Streaming frame 864/2612
[WARN] [Render] drawElement blank-frame suspect; re-capturing {"renderJobId":"5f884068-b4c9-4051-814b-0aea84f268c6","frame":864,"bytes":10678,"floor":13134}
[INFO] [Render] drawElement small frame is deterministic; accepted {"renderJobId":"5f884068-b4c9-4051-814b-0aea84f268c6","frame":864,"bytes":10678}
  ██████████░░░░░░░░░░░░░░░  43%  Streaming frame 865/2612
[WARN] [Render] drawElement blank-frame suspect; re-capturing {"renderJobId":"5f884068-b4c9-4051-814b-0aea84f268c6","frame":865,"bytes":10709,"floor":13134}
[INFO] [Render] drawElement small frame is deterministic; accepted {"renderJobId":"5f884068-b4c9-4051-814b-0aea84f268c6","frame":865,"bytes":10709}
  ██████████░░░░░░░░░░░░░░░  43%  Streaming frame 866/2612
[WARN] [Render] drawElement blank-frame suspect; re-capturing {"renderJobId":"5f884068-b4c9-4051-814b-0aea84f268c6","frame":866,"bytes":9718,"floor":13134}
[INFO] [Render] drawElement small frame is deterministic; accepted {"renderJobId":"5f884068-b4c9-4051-814b-0aea84f268c6","frame":866,"bytes":9718}
  ██████████░░░░░░░░░░░░░░░  43%  Streaming frame 867/2612
[WARN] [Render] drawElement blank-frame suspect; re-capturing {"renderJobId":"5f884068-b4c9-4051-814b-0aea84f268c6","frame":867,"bytes":9379,"floor":13134}
[INFO] [Render] drawElement small frame is deterministic; accepted {"renderJobId":"5f884068-b4c9-4051-814b-0aea84f268c6","frame":867,"bytes":9379}
  ██████████░░░░░░░░░░░░░░░  43%  Streaming frame 868/2612
[WARN] [Render] drawElement blank-frame suspect; re-capturing {"renderJobId":"5f884068-b4c9-4051-814b-0aea84f268c6","frame":868,"bytes":9808,"floor":13134}
[INFO] [Render] drawElement small frame is deterministic; accepted {"renderJobId":"5f884068-b4c9-4051-814b-0aea84f268c6","frame":868,"bytes":9808}
  ██████████░░░░░░░░░░░░░░░  43%  Streaming frame 869/2612
[WARN] [Render] drawElement blank-frame suspect; re-capturing {"renderJobId":"5f884068-b4c9-4051-814b-0aea84f268c6","frame":869,"bytes":9069,"floor":13086}
[INFO] [Render] drawElement small frame is deterministic; accepted {"renderJobId":"5f884068-b4c9-4051-814b-0aea84f268c6","frame":869,"bytes":9069}
  ██████████░░░░░░░░░░░░░░░  43%  Streaming frame 870/2612
[WARN] [Render] drawElement blank-frame suspect; re-capturing {"renderJobId":"5f884068-b4c9-4051-814b-0aea84f268c6","frame":870,"bytes":8928,"floor":12939}
[INFO] [Render] drawElement small frame is deterministic; accepted {"renderJobId":"5f884068-b4c9-4051-814b-0aea84f268c6","frame":870,"bytes":8928}
  ██████████░░░░░░░░░░░░░░░  43%  Streaming frame 871/2612
[WARN] [Render] drawElement blank-frame suspect; re-capturing {"renderJobId":"5f884068-b4c9-4051-814b-0aea84f268c6","frame":871,"bytes":9049,"floor":12688}
[INFO] [Render] drawElement small frame is deterministic; accepted {"renderJobId":"5f884068-b4c9-4051-814b-0aea84f268c6","frame":871,"bytes":9049}
  ██████████░░░░░░░░░░░░░░░  43%  Streaming frame 872/2612
[WARN] [Render] drawElement blank-frame suspect; re-capturing {"renderJobId":"5f884068-b4c9-4051-814b-0aea84f268c6","frame":872,"bytes":8893,"floor":12346}
[INFO] [Render] drawElement small frame is deterministic; accepted {"renderJobId":"5f884068-b4c9-4051-814b-0aea84f268c6","frame":872,"bytes":8893}
  ██████████░░░░░░░░░░░░░░░  43%  Streaming frame 873/2612
[WARN] [Render] drawElement blank-frame suspect; re-capturing {"renderJobId":"5f884068-b4c9-4051-814b-0aea84f268c6","frame":873,"bytes":8778,"floor":11859}
[INFO] [Render] drawElement small frame is deterministic; accepted {"renderJobId":"5f884068-b4c9-4051-814b-0aea84f268c6","frame":873,"bytes":8778}
  ██████████░░░░░░░░░░░░░░░  43%  Streaming frame 874/2612
[WARN] [Render] drawElement blank-frame suspect; re-capturing {"renderJobId":"5f884068-b4c9-4051-814b-0aea84f268c6","frame":874,"bytes":8523,"floor":11206}
[INFO] [Render] drawElement small frame is deterministic; accepted {"renderJobId":"5f884068-b4c9-4051-814b-0aea84f268c6","frame":874,"bytes":8523}
  ██████████░░░░░░░░░░░░░░░  43%  Streaming frame 875/2612
[WARN] [Render] drawElement blank-frame suspect; re-capturing {"renderJobId":"5f884068-b4c9-4051-814b-0aea84f268c6","frame":875,"bytes":8482,"floor":10287}
[INFO] [Render] drawElement small frame is deterministic; accepted {"renderJobId":"5f884068-b4c9-4051-814b-0aea84f268c6","frame":875,"bytes":8482}
  ██████████░░░░░░░░░░░░░░░  43%  Streaming frame 876/2612
  ██████████░░░░░░░░░░░░░░░  43%  Streaming frame 877/2612
  ██████████░░░░░░░░░░░░░░░  43%  Streaming frame 878/2612
  ███████████░░░░░░░░░░░░░░  44%  Streaming frame 879/2612
  ███████████░░░░░░░░░░░░░░  44%  Streaming frame 880/2612
  ███████████░░░░░░░░░░░░░░  44%  Streaming frame 881/2612
  ███████████░░░░░░░░░░░░░░  44%  Streaming frame 882/2612
  ███████████░░░░░░░░░░░░░░  44%  Streaming frame 883/2612
  ███████████░░░░░░░░░░░░░░  44%  Streaming frame 884/2612
  ███████████░░░░░░░░░░░░░░  44%  Streaming frame 885/2612
  ███████████░░░░░░░░░░░░░░  44%  Streaming frame 886/2612
  ███████████░░░░░░░░░░░░░░  44%  Streaming frame 887/2612
  ███████████░░░░░░░░░░░░░░  44%  Streaming frame 888/2612
  ███████████░░░░░░░░░░░░░░  44%  Streaming frame 889/2612
  ███████████░░░░░░░░░░░░░░  44%  Streaming frame 890/2612
  ███████████░░░░░░░░░░░░░░  44%  Streaming frame 891/2612
  ███████████░░░░░░░░░░░░░░  44%  Streaming frame 892/2612
  ███████████░░░░░░░░░░░░░░  44%  Streaming frame 893/2612
  ███████████░░░░░░░░░░░░░░  44%  Streaming frame 894/2612
  ███████████░░░░░░░░░░░░░░  44%  Streaming frame 895/2612
  ███████████░░░░░░░░░░░░░░  44%  Streaming frame 896/2612
  ███████████░░░░░░░░░░░░░░  44%  Streaming frame 897/2612
  ███████████░░░░░░░░░░░░░░  44%  Streaming frame 898/2612
  ███████████░░░░░░░░░░░░░░  44%  Streaming frame 899/2612
  ███████████░░░░░░░░░░░░░░  44%  Streaming frame 900/2612
  ███████████░░░░░░░░░░░░░░  44%  Streaming frame 901/2612
  ███████████░░░░░░░░░░░░░░  44%  Streaming frame 902/2612
  ███████████░░░░░░░░░░░░░░  44%  Streaming frame 903/2612
  ███████████░░░░░░░░░░░░░░  44%  Streaming frame 904/2612
  ███████████░░░░░░░░░░░░░░  44%  Streaming frame 905/2612
  ███████████░░░░░░░░░░░░░░  44%  Streaming frame 906/2612
  ███████████░░░░░░░░░░░░░░  44%  Streaming frame 907/2612
  ███████████░░░░░░░░░░░░░░  44%  Streaming frame 908/2612
  ███████████░░░░░░░░░░░░░░  44%  Streaming frame 909/2612
  ███████████░░░░░░░░░░░░░░  44%  Streaming frame 910/2612
  ███████████░░░░░░░░░░░░░░  44%  Streaming frame 911/2612
  ███████████░░░░░░░░░░░░░░  44%  Streaming frame 912/2612
  ███████████░░░░░░░░░░░░░░  44%  Streaming frame 913/2612
  ███████████░░░░░░░░░░░░░░  44%  Streaming frame 914/2612
  ███████████░░░░░░░░░░░░░░  44%  Streaming frame 915/2612
  ███████████░░░░░░░░░░░░░░  44%  Streaming frame 916/2612
  ███████████░░░░░░░░░░░░░░  44%  Streaming frame 917/2612
  ███████████░░░░░░░░░░░░░░  44%  Streaming frame 918/2612
  ███████████░░░░░░░░░░░░░░  44%  Streaming frame 919/2612
  ███████████░░░░░░░░░░░░░░  44%  Streaming frame 920/2612
  ███████████░░░░░░░░░░░░░░  44%  Streaming frame 921/2612
  ███████████░░░░░░░░░░░░░░  44%  Streaming frame 922/2612
  ███████████░░░░░░░░░░░░░░  44%  Streaming frame 923/2612
  ███████████░░░░░░░░░░░░░░  44%  Streaming frame 924/2612
  ███████████░░░░░░░░░░░░░░  44%  Streaming frame 925/2612
  ███████████░░░░░░░░░░░░░░  44%  Streaming frame 926/2612
  ███████████░░░░░░░░░░░░░░  45%  Streaming frame 927/2612
  ███████████░░░░░░░░░░░░░░  45%  Streaming frame 928/2612
  ███████████░░░░░░░░░░░░░░  45%  Streaming frame 929/2612
  ███████████░░░░░░░░░░░░░░  45%  Streaming frame 930/2612
  ███████████░░░░░░░░░░░░░░  45%  Streaming frame 931/2612
  ███████████░░░░░░░░░░░░░░  45%  Streaming frame 932/2612
  ███████████░░░░░░░░░░░░░░  45%  Streaming frame 933/2612
  ███████████░░░░░░░░░░░░░░  45%  Streaming frame 934/2612
  ███████████░░░░░░░░░░░░░░  45%  Streaming frame 935/2612
  ███████████░░░░░░░░░░░░░░  45%  Streaming frame 936/2612
  ███████████░░░░░░░░░░░░░░  45%  Streaming frame 937/2612
  ███████████░░░░░░░░░░░░░░  45%  Streaming frame 938/2612
  ███████████░░░░░░░░░░░░░░  45%  Streaming frame 939/2612
  ███████████░░░░░░░░░░░░░░  45%  Streaming frame 940/2612
  ███████████░░░░░░░░░░░░░░  45%  Streaming frame 941/2612
  ███████████░░░░░░░░░░░░░░  45%  Streaming frame 942/2612
  ███████████░░░░░░░░░░░░░░  45%  Streaming frame 943/2612
  ███████████░░░░░░░░░░░░░░  45%  Streaming frame 944/2612
  ███████████░░░░░░░░░░░░░░  45%  Streaming frame 945/2612
  ███████████░░░░░░░░░░░░░░  45%  Streaming frame 946/2612
  ███████████░░░░░░░░░░░░░░  45%  Streaming frame 947/2612
  ███████████░░░░░░░░░░░░░░  45%  Streaming frame 948/2612
  ███████████░░░░░░░░░░░░░░  45%  Streaming frame 949/2612
  ███████████░░░░░░░░░░░░░░  45%  Streaming frame 950/2612
  ███████████░░░░░░░░░░░░░░  45%  Streaming frame 951/2612
  ███████████░░░░░░░░░░░░░░  45%  Streaming frame 952/2612
  ███████████░░░░░░░░░░░░░░  45%  Streaming frame 953/2612
  ███████████░░░░░░░░░░░░░░  45%  Streaming frame 954/2612
  ███████████░░░░░░░░░░░░░░  45%  Streaming frame 955/2612
  ███████████░░░░░░░░░░░░░░  45%  Streaming frame 956/2612
  ███████████░░░░░░░░░░░░░░  45%  Streaming frame 957/2612
  ███████████░░░░░░░░░░░░░░  45%  Streaming frame 958/2612
  ███████████░░░░░░░░░░░░░░  45%  Streaming frame 959/2612
  ███████████░░░░░░░░░░░░░░  45%  Streaming frame 960/2612
  ███████████░░░░░░░░░░░░░░  45%  Streaming frame 961/2612
  ███████████░░░░░░░░░░░░░░  45%  Streaming frame 962/2612
  ███████████░░░░░░░░░░░░░░  45%  Streaming frame 963/2612
  ███████████░░░░░░░░░░░░░░  45%  Streaming frame 964/2612
  ███████████░░░░░░░░░░░░░░  45%  Streaming frame 965/2612
  ███████████░░░░░░░░░░░░░░  45%  Streaming frame 966/2612
  ███████████░░░░░░░░░░░░░░  45%  Streaming frame 967/2612
  ███████████░░░░░░░░░░░░░░  45%  Streaming frame 968/2612
  ███████████░░░░░░░░░░░░░░  45%  Streaming frame 969/2612
  ███████████░░░░░░░░░░░░░░  45%  Streaming frame 970/2612
  ███████████░░░░░░░░░░░░░░  45%  Streaming frame 971/2612
  ███████████░░░░░░░░░░░░░░  45%  Streaming frame 972/2612
  ███████████░░░░░░░░░░░░░░  45%  Streaming frame 973/2612
  ███████████░░░░░░░░░░░░░░  46%  Streaming frame 974/2612
  ███████████░░░░░░░░░░░░░░  46%  Streaming frame 975/2612
  ███████████░░░░░░░░░░░░░░  46%  Streaming frame 976/2612
  ███████████░░░░░░░░░░░░░░  46%  Streaming frame 977/2612
  ███████████░░░░░░░░░░░░░░  46%  Streaming frame 978/2612
  ███████████░░░░░░░░░░░░░░  46%  Streaming frame 979/2612
  ███████████░░░░░░░░░░░░░░  46%  Streaming frame 980/2612
  ███████████░░░░░░░░░░░░░░  46%  Streaming frame 981/2612
  ███████████░░░░░░░░░░░░░░  46%  Streaming frame 982/2612
  ███████████░░░░░░░░░░░░░░  46%  Streaming frame 983/2612
  ███████████░░░░░░░░░░░░░░  46%  Streaming frame 984/2612
  ███████████░░░░░░░░░░░░░░  46%  Streaming frame 985/2612
  ███████████░░░░░░░░░░░░░░  46%  Streaming frame 986/2612
  ███████████░░░░░░░░░░░░░░  46%  Streaming frame 987/2612
  ███████████░░░░░░░░░░░░░░  46%  Streaming frame 988/2612
  ███████████░░░░░░░░░░░░░░  46%  Streaming frame 989/2612
  ███████████░░░░░░░░░░░░░░  46%  Streaming frame 990/2612
  ███████████░░░░░░░░░░░░░░  46%  Streaming frame 991/2612
  ███████████░░░░░░░░░░░░░░  46%  Streaming frame 992/2612
  ███████████░░░░░░░░░░░░░░  46%  Streaming frame 993/2612
  ███████████░░░░░░░░░░░░░░  46%  Streaming frame 994/2612
  ███████████░░░░░░░░░░░░░░  46%  Streaming frame 995/2612
  ███████████░░░░░░░░░░░░░░  46%  Streaming frame 996/2612
  ███████████░░░░░░░░░░░░░░  46%  Streaming frame 997/2612
  ███████████░░░░░░░░░░░░░░  46%  Streaming frame 998/2612
  ███████████░░░░░░░░░░░░░░  46%  Streaming frame 999/2612
  ███████████░░░░░░░░░░░░░░  46%  Streaming frame 1000/2612
  ███████████░░░░░░░░░░░░░░  46%  Streaming frame 1001/2612
  ███████████░░░░░░░░░░░░░░  46%  Streaming frame 1002/2612
  ███████████░░░░░░░░░░░░░░  46%  Streaming frame 1003/2612
  ███████████░░░░░░░░░░░░░░  46%  Streaming frame 1004/2612
  ███████████░░░░░░░░░░░░░░  46%  Streaming frame 1005/2612
  ███████████░░░░░░░░░░░░░░  46%  Streaming frame 1006/2612
  ███████████░░░░░░░░░░░░░░  46%  Streaming frame 1007/2612
  ███████████░░░░░░░░░░░░░░  46%  Streaming frame 1008/2612
  ███████████░░░░░░░░░░░░░░  46%  Streaming frame 1009/2612
  ███████████░░░░░░░░░░░░░░  46%  Streaming frame 1010/2612
  ███████████░░░░░░░░░░░░░░  46%  Streaming frame 1011/2612
  ███████████░░░░░░░░░░░░░░  46%  Streaming frame 1012/2612
  ███████████░░░░░░░░░░░░░░  46%  Streaming frame 1013/2612
  ███████████░░░░░░░░░░░░░░  46%  Streaming frame 1014/2612
  ███████████░░░░░░░░░░░░░░  46%  Streaming frame 1015/2612
  ███████████░░░░░░░░░░░░░░  46%  Streaming frame 1016/2612
  ███████████░░░░░░░░░░░░░░  46%  Streaming frame 1017/2612
  ███████████░░░░░░░░░░░░░░  46%  Streaming frame 1018/2612
  ███████████░░░░░░░░░░░░░░  46%  Streaming frame 1019/2612
  ███████████░░░░░░░░░░░░░░  46%  Streaming frame 1020/2612
  ███████████░░░░░░░░░░░░░░  46%  Streaming frame 1021/2612
  ███████████░░░░░░░░░░░░░░  47%  Streaming frame 1022/2612
  ███████████░░░░░░░░░░░░░░  47%  Streaming frame 1023/2612
  ███████████░░░░░░░░░░░░░░  47%  Streaming frame 1024/2612
  ███████████░░░░░░░░░░░░░░  47%  Streaming frame 1025/2612
  ███████████░░░░░░░░░░░░░░  47%  Streaming frame 1026/2612
  ███████████░░░░░░░░░░░░░░  47%  Streaming frame 1027/2612
  ███████████░░░░░░░░░░░░░░  47%  Streaming frame 1028/2612
  ███████████░░░░░░░░░░░░░░  47%  Streaming frame 1029/2612
  ███████████░░░░░░░░░░░░░░  47%  Streaming frame 1030/2612
  ███████████░░░░░░░░░░░░░░  47%  Streaming frame 1031/2612
  ███████████░░░░░░░░░░░░░░  47%  Streaming frame 1032/2612
  ███████████░░░░░░░░░░░░░░  47%  Streaming frame 1033/2612
  ███████████░░░░░░░░░░░░░░  47%  Streaming frame 1034/2612
  ███████████░░░░░░░░░░░░░░  47%  Streaming frame 1035/2612
  ███████████░░░░░░░░░░░░░░  47%  Streaming frame 1036/2612
  ███████████░░░░░░░░░░░░░░  47%  Streaming frame 1037/2612
  ███████████░░░░░░░░░░░░░░  47%  Streaming frame 1038/2612
  ███████████░░░░░░░░░░░░░░  47%  Streaming frame 1039/2612
  ███████████░░░░░░░░░░░░░░  47%  Streaming frame 1040/2612
  ███████████░░░░░░░░░░░░░░  47%  Streaming frame 1041/2612
  ███████████░░░░░░░░░░░░░░  47%  Streaming frame 1042/2612
  ███████████░░░░░░░░░░░░░░  47%  Streaming frame 1043/2612
  ███████████░░░░░░░░░░░░░░  47%  Streaming frame 1044/2612
  ███████████░░░░░░░░░░░░░░  47%  Streaming frame 1045/2612
  ███████████░░░░░░░░░░░░░░  47%  Streaming frame 1046/2612
  ███████████░░░░░░░░░░░░░░  47%  Streaming frame 1047/2612
  ███████████░░░░░░░░░░░░░░  47%  Streaming frame 1048/2612
  ███████████░░░░░░░░░░░░░░  47%  Streaming frame 1049/2612
  ███████████░░░░░░░░░░░░░░  47%  Streaming frame 1050/2612
  ███████████░░░░░░░░░░░░░░  47%  Streaming frame 1051/2612
  ███████████░░░░░░░░░░░░░░  47%  Streaming frame 1052/2612
  ███████████░░░░░░░░░░░░░░  47%  Streaming frame 1053/2612
  ███████████░░░░░░░░░░░░░░  47%  Streaming frame 1054/2612
  ███████████░░░░░░░░░░░░░░  47%  Streaming frame 1055/2612
  ███████████░░░░░░░░░░░░░░  47%  Streaming frame 1056/2612
  ███████████░░░░░░░░░░░░░░  47%  Streaming frame 1057/2612
  ███████████░░░░░░░░░░░░░░  47%  Streaming frame 1058/2612
  ███████████░░░░░░░░░░░░░░  47%  Streaming frame 1059/2612
  ███████████░░░░░░░░░░░░░░  47%  Streaming frame 1060/2612
  ███████████░░░░░░░░░░░░░░  47%  Streaming frame 1061/2612
  ███████████░░░░░░░░░░░░░░  47%  Streaming frame 1062/2612
  ███████████░░░░░░░░░░░░░░  47%  Streaming frame 1063/2612
  ███████████░░░░░░░░░░░░░░  47%  Streaming frame 1064/2612
  ███████████░░░░░░░░░░░░░░  47%  Streaming frame 1065/2612
  ███████████░░░░░░░░░░░░░░  47%  Streaming frame 1066/2612
  ███████████░░░░░░░░░░░░░░  47%  Streaming frame 1067/2612
  ███████████░░░░░░░░░░░░░░  47%  Streaming frame 1068/2612
  ████████████░░░░░░░░░░░░░  48%  Streaming frame 1069/2612
  ████████████░░░░░░░░░░░░░  48%  Streaming frame 1070/2612
  ████████████░░░░░░░░░░░░░  48%  Streaming frame 1071/2612
  ████████████░░░░░░░░░░░░░  48%  Streaming frame 1072/2612
  ████████████░░░░░░░░░░░░░  48%  Streaming frame 1073/2612
  ████████████░░░░░░░░░░░░░  48%  Streaming frame 1074/2612
  ████████████░░░░░░░░░░░░░  48%  Streaming frame 1075/2612
  ████████████░░░░░░░░░░░░░  48%  Streaming frame 1076/2612
  ████████████░░░░░░░░░░░░░  48%  Streaming frame 1077/2612
  ████████████░░░░░░░░░░░░░  48%  Streaming frame 1078/2612
  ████████████░░░░░░░░░░░░░  48%  Streaming frame 1079/2612
  ████████████░░░░░░░░░░░░░  48%  Streaming frame 1080/2612
  ████████████░░░░░░░░░░░░░  48%  Streaming frame 1081/2612
  ████████████░░░░░░░░░░░░░  48%  Streaming frame 1082/2612
  ████████████░░░░░░░░░░░░░  48%  Streaming frame 1083/2612
  ████████████░░░░░░░░░░░░░  48%  Streaming frame 1084/2612
  ████████████░░░░░░░░░░░░░  48%  Streaming frame 1085/2612
  ████████████░░░░░░░░░░░░░  48%  Streaming frame 1086/2612
  ████████████░░░░░░░░░░░░░  48%  Streaming frame 1087/2612
  ████████████░░░░░░░░░░░░░  48%  Streaming frame 1088/2612
  ████████████░░░░░░░░░░░░░  48%  Streaming frame 1089/2612
  ████████████░░░░░░░░░░░░░  48%  Streaming frame 1090/2612
  ████████████░░░░░░░░░░░░░  48%  Streaming frame 1091/2612
  ████████████░░░░░░░░░░░░░  48%  Streaming frame 1092/2612
  ████████████░░░░░░░░░░░░░  48%  Streaming frame 1093/2612
  ████████████░░░░░░░░░░░░░  48%  Streaming frame 1094/2612
  ████████████░░░░░░░░░░░░░  48%  Streaming frame 1095/2612
  ████████████░░░░░░░░░░░░░  48%  Streaming frame 1096/2612
  ████████████░░░░░░░░░░░░░  48%  Streaming frame 1097/2612
  ████████████░░░░░░░░░░░░░  48%  Streaming frame 1098/2612
  ████████████░░░░░░░░░░░░░  48%  Streaming frame 1099/2612
  ████████████░░░░░░░░░░░░░  48%  Streaming frame 1100/2612
  ████████████░░░░░░░░░░░░░  48%  Streaming frame 1101/2612
  ████████████░░░░░░░░░░░░░  48%  Streaming frame 1102/2612
  ████████████░░░░░░░░░░░░░  48%  Streaming frame 1103/2612
  ████████████░░░░░░░░░░░░░  48%  Streaming frame 1104/2612
  ████████████░░░░░░░░░░░░░  48%  Streaming frame 1105/2612
  ████████████░░░░░░░░░░░░░  48%  Streaming frame 1106/2612
  ████████████░░░░░░░░░░░░░  48%  Streaming frame 1107/2612
  ████████████░░░░░░░░░░░░░  48%  Streaming frame 1108/2612
  ████████████░░░░░░░░░░░░░  48%  Streaming frame 1109/2612
  ████████████░░░░░░░░░░░░░  48%  Streaming frame 1110/2612
  ████████████░░░░░░░░░░░░░  48%  Streaming frame 1111/2612
  ████████████░░░░░░░░░░░░░  48%  Streaming frame 1112/2612
  ████████████░░░░░░░░░░░░░  48%  Streaming frame 1113/2612
  ████████████░░░░░░░░░░░░░  48%  Streaming frame 1114/2612
  ████████████░░░░░░░░░░░░░  48%  Streaming frame 1115/2612
  ████████████░░░░░░░░░░░░░  48%  Streaming frame 1116/2612
  ████████████░░░░░░░░░░░░░  49%  Streaming frame 1117/2612
  ████████████░░░░░░░░░░░░░  49%  Streaming frame 1118/2612
  ████████████░░░░░░░░░░░░░  49%  Streaming frame 1119/2612
  ████████████░░░░░░░░░░░░░  49%  Streaming frame 1120/2612
  ████████████░░░░░░░░░░░░░  49%  Streaming frame 1121/2612
  ████████████░░░░░░░░░░░░░  49%  Streaming frame 1122/2612
  ████████████░░░░░░░░░░░░░  49%  Streaming frame 1123/2612
  ████████████░░░░░░░░░░░░░  49%  Streaming frame 1124/2612
  ████████████░░░░░░░░░░░░░  49%  Streaming frame 1125/2612
  ████████████░░░░░░░░░░░░░  49%  Streaming frame 1126/2612
  ████████████░░░░░░░░░░░░░  49%  Streaming frame 1127/2612
  ████████████░░░░░░░░░░░░░  49%  Streaming frame 1128/2612
  ████████████░░░░░░░░░░░░░  49%  Streaming frame 1129/2612
  ████████████░░░░░░░░░░░░░  49%  Streaming frame 1130/2612
  ████████████░░░░░░░░░░░░░  49%  Streaming frame 1131/2612
  ████████████░░░░░░░░░░░░░  49%  Streaming frame 1132/2612
  ████████████░░░░░░░░░░░░░  49%  Streaming frame 1133/2612
  ████████████░░░░░░░░░░░░░  49%  Streaming frame 1134/2612
  ████████████░░░░░░░░░░░░░  49%  Streaming frame 1135/2612
  ████████████░░░░░░░░░░░░░  49%  Streaming frame 1136/2612
  ████████████░░░░░░░░░░░░░  49%  Streaming frame 1137/2612
  ████████████░░░░░░░░░░░░░  49%  Streaming frame 1138/2612
  ████████████░░░░░░░░░░░░░  49%  Streaming frame 1139/2612
  ████████████░░░░░░░░░░░░░  49%  Streaming frame 1140/2612
  ████████████░░░░░░░░░░░░░  49%  Streaming frame 1141/2612
  ████████████░░░░░░░░░░░░░  49%  Streaming frame 1142/2612
  ████████████░░░░░░░░░░░░░  49%  Streaming frame 1143/2612
  ████████████░░░░░░░░░░░░░  49%  Streaming frame 1144/2612
  ████████████░░░░░░░░░░░░░  49%  Streaming frame 1145/2612
  ████████████░░░░░░░░░░░░░  49%  Streaming frame 1146/2612
  ████████████░░░░░░░░░░░░░  49%  Streaming frame 1147/2612
  ████████████░░░░░░░░░░░░░  49%  Streaming frame 1148/2612
  ████████████░░░░░░░░░░░░░  49%  Streaming frame 1149/2612
  ████████████░░░░░░░░░░░░░  49%  Streaming frame 1150/2612
  ████████████░░░░░░░░░░░░░  49%  Streaming frame 1151/2612
  ████████████░░░░░░░░░░░░░  49%  Streaming frame 1152/2612
  ████████████░░░░░░░░░░░░░  49%  Streaming frame 1153/2612
  ████████████░░░░░░░░░░░░░  49%  Streaming frame 1154/2612
  ████████████░░░░░░░░░░░░░  49%  Streaming frame 1155/2612
  ████████████░░░░░░░░░░░░░  49%  Streaming frame 1156/2612
  ████████████░░░░░░░░░░░░░  49%  Streaming frame 1157/2612
  ████████████░░░░░░░░░░░░░  49%  Streaming frame 1158/2612
  ████████████░░░░░░░░░░░░░  49%  Streaming frame 1159/2612
  ████████████░░░░░░░░░░░░░  49%  Streaming frame 1160/2612
  ████████████░░░░░░░░░░░░░  49%  Streaming frame 1161/2612
  ████████████░░░░░░░░░░░░░  49%  Streaming frame 1162/2612
  ████████████░░░░░░░░░░░░░  49%  Streaming frame 1163/2612
  ████████████░░░░░░░░░░░░░  50%  Streaming frame 1164/2612
  ████████████░░░░░░░░░░░░░  50%  Streaming frame 1165/2612
  ████████████░░░░░░░░░░░░░  50%  Streaming frame 1166/2612
  ████████████░░░░░░░░░░░░░  50%  Streaming frame 1167/2612
  ████████████░░░░░░░░░░░░░  50%  Streaming frame 1168/2612
  ████████████░░░░░░░░░░░░░  50%  Streaming frame 1169/2612
  ████████████░░░░░░░░░░░░░  50%  Streaming frame 1170/2612
  ████████████░░░░░░░░░░░░░  50%  Streaming frame 1171/2612
  ████████████░░░░░░░░░░░░░  50%  Streaming frame 1172/2612
  ████████████░░░░░░░░░░░░░  50%  Streaming frame 1173/2612
  ████████████░░░░░░░░░░░░░  50%  Streaming frame 1174/2612
  ████████████░░░░░░░░░░░░░  50%  Streaming frame 1175/2612
  ████████████░░░░░░░░░░░░░  50%  Streaming frame 1176/2612
  ████████████░░░░░░░░░░░░░  50%  Streaming frame 1177/2612
  ████████████░░░░░░░░░░░░░  50%  Streaming frame 1178/2612
  ████████████░░░░░░░░░░░░░  50%  Streaming frame 1179/2612
  ████████████░░░░░░░░░░░░░  50%  Streaming frame 1180/2612
  ████████████░░░░░░░░░░░░░  50%  Streaming frame 1181/2612
  ████████████░░░░░░░░░░░░░  50%  Streaming frame 1182/2612
  ████████████░░░░░░░░░░░░░  50%  Streaming frame 1183/2612
  ████████████░░░░░░░░░░░░░  50%  Streaming frame 1184/2612
  ████████████░░░░░░░░░░░░░  50%  Streaming frame 1185/2612
  ████████████░░░░░░░░░░░░░  50%  Streaming frame 1186/2612
  ████████████░░░░░░░░░░░░░  50%  Streaming frame 1187/2612
  ████████████░░░░░░░░░░░░░  50%  Streaming frame 1188/2612
  ████████████░░░░░░░░░░░░░  50%  Streaming frame 1189/2612
  ████████████░░░░░░░░░░░░░  50%  Streaming frame 1190/2612
  ████████████░░░░░░░░░░░░░  50%  Streaming frame 1191/2612
  ████████████░░░░░░░░░░░░░  50%  Streaming frame 1192/2612
  ████████████░░░░░░░░░░░░░  50%  Streaming frame 1193/2612
  ████████████░░░░░░░░░░░░░  50%  Streaming frame 1194/2612
  ████████████░░░░░░░░░░░░░  50%  Streaming frame 1195/2612
  ████████████░░░░░░░░░░░░░  50%  Streaming frame 1196/2612
  ████████████░░░░░░░░░░░░░  50%  Streaming frame 1197/2612
  ████████████░░░░░░░░░░░░░  50%  Streaming frame 1198/2612
  ████████████░░░░░░░░░░░░░  50%  Streaming frame 1199/2612
  ████████████░░░░░░░░░░░░░  50%  Streaming frame 1200/2612
  ████████████░░░░░░░░░░░░░  50%  Streaming frame 1201/2612
  ████████████░░░░░░░░░░░░░  50%  Streaming frame 1202/2612
  ████████████░░░░░░░░░░░░░  50%  Streaming frame 1203/2612
  ████████████░░░░░░░░░░░░░  50%  Streaming frame 1204/2612
  ████████████░░░░░░░░░░░░░  50%  Streaming frame 1205/2612
  ████████████░░░░░░░░░░░░░  50%  Streaming frame 1206/2612
  ████████████░░░░░░░░░░░░░  50%  Streaming frame 1207/2612
  ████████████░░░░░░░░░░░░░  50%  Streaming frame 1208/2612
  ████████████░░░░░░░░░░░░░  50%  Streaming frame 1209/2612
  ████████████░░░░░░░░░░░░░  50%  Streaming frame 1210/2612
  ████████████░░░░░░░░░░░░░  50%  Streaming frame 1211/2612
  ████████████░░░░░░░░░░░░░  51%  Streaming frame 1212/2612
  ████████████░░░░░░░░░░░░░  51%  Streaming frame 1213/2612
  ████████████░░░░░░░░░░░░░  51%  Streaming frame 1214/2612
  ████████████░░░░░░░░░░░░░  51%  Streaming frame 1215/2612
  ████████████░░░░░░░░░░░░░  51%  Streaming frame 1216/2612
  ████████████░░░░░░░░░░░░░  51%  Streaming frame 1217/2612
  ████████████░░░░░░░░░░░░░  51%  Streaming frame 1218/2612
  ████████████░░░░░░░░░░░░░  51%  Streaming frame 1219/2612
  ████████████░░░░░░░░░░░░░  51%  Streaming frame 1220/2612
  ████████████░░░░░░░░░░░░░  51%  Streaming frame 1221/2612
  ████████████░░░░░░░░░░░░░  51%  Streaming frame 1222/2612
  ████████████░░░░░░░░░░░░░  51%  Streaming frame 1223/2612
  ████████████░░░░░░░░░░░░░  51%  Streaming frame 1224/2612
  ████████████░░░░░░░░░░░░░  51%  Streaming frame 1225/2612
  ████████████░░░░░░░░░░░░░  51%  Streaming frame 1226/2612
  ████████████░░░░░░░░░░░░░  51%  Streaming frame 1227/2612
  ████████████░░░░░░░░░░░░░  51%  Streaming frame 1228/2612
  ████████████░░░░░░░░░░░░░  51%  Streaming frame 1229/2612
  ████████████░░░░░░░░░░░░░  51%  Streaming frame 1230/2612
  ████████████░░░░░░░░░░░░░  51%  Streaming frame 1231/2612
  ████████████░░░░░░░░░░░░░  51%  Streaming frame 1232/2612
  ████████████░░░░░░░░░░░░░  51%  Streaming frame 1233/2612
  ████████████░░░░░░░░░░░░░  51%  Streaming frame 1234/2612
  ████████████░░░░░░░░░░░░░  51%  Streaming frame 1235/2612
  ████████████░░░░░░░░░░░░░  51%  Streaming frame 1236/2612
  ████████████░░░░░░░░░░░░░  51%  Streaming frame 1237/2612
  ████████████░░░░░░░░░░░░░  51%  Streaming frame 1238/2612
  ████████████░░░░░░░░░░░░░  51%  Streaming frame 1239/2612
  ████████████░░░░░░░░░░░░░  51%  Streaming frame 1240/2612
  ████████████░░░░░░░░░░░░░  51%  Streaming frame 1241/2612
  ████████████░░░░░░░░░░░░░  51%  Streaming frame 1242/2612
  ████████████░░░░░░░░░░░░░  51%  Streaming frame 1243/2612
  ████████████░░░░░░░░░░░░░  51%  Streaming frame 1244/2612
  ████████████░░░░░░░░░░░░░  51%  Streaming frame 1245/2612
  ████████████░░░░░░░░░░░░░  51%  Streaming frame 1246/2612
  ████████████░░░░░░░░░░░░░  51%  Streaming frame 1247/2612
  ████████████░░░░░░░░░░░░░  51%  Streaming frame 1248/2612
  ████████████░░░░░░░░░░░░░  51%  Streaming frame 1249/2612
  ████████████░░░░░░░░░░░░░  51%  Streaming frame 1250/2612
  ████████████░░░░░░░░░░░░░  51%  Streaming frame 1251/2612
  ████████████░░░░░░░░░░░░░  51%  Streaming frame 1252/2612
  ████████████░░░░░░░░░░░░░  51%  Streaming frame 1253/2612
  ████████████░░░░░░░░░░░░░  51%  Streaming frame 1254/2612
  ████████████░░░░░░░░░░░░░  51%  Streaming frame 1255/2612
  ████████████░░░░░░░░░░░░░  51%  Streaming frame 1256/2612
  ████████████░░░░░░░░░░░░░  51%  Streaming frame 1257/2612
  ████████████░░░░░░░░░░░░░  51%  Streaming frame 1258/2612
  █████████████░░░░░░░░░░░░  52%  Streaming frame 1259/2612
  █████████████░░░░░░░░░░░░  52%  Streaming frame 1260/2612
  █████████████░░░░░░░░░░░░  52%  Streaming frame 1261/2612
  █████████████░░░░░░░░░░░░  52%  Streaming frame 1262/2612
  █████████████░░░░░░░░░░░░  52%  Streaming frame 1263/2612
  █████████████░░░░░░░░░░░░  52%  Streaming frame 1264/2612
  █████████████░░░░░░░░░░░░  52%  Streaming frame 1265/2612
  █████████████░░░░░░░░░░░░  52%  Streaming frame 1266/2612
  █████████████░░░░░░░░░░░░  52%  Streaming frame 1267/2612
  █████████████░░░░░░░░░░░░  52%  Streaming frame 1268/2612
  █████████████░░░░░░░░░░░░  52%  Streaming frame 1269/2612
  █████████████░░░░░░░░░░░░  52%  Streaming frame 1270/2612
  █████████████░░░░░░░░░░░░  52%  Streaming frame 1271/2612
  █████████████░░░░░░░░░░░░  52%  Streaming frame 1272/2612
  █████████████░░░░░░░░░░░░  52%  Streaming frame 1273/2612
  █████████████░░░░░░░░░░░░  52%  Streaming frame 1274/2612
  █████████████░░░░░░░░░░░░  52%  Streaming frame 1275/2612
  █████████████░░░░░░░░░░░░  52%  Streaming frame 1276/2612
  █████████████░░░░░░░░░░░░  52%  Streaming frame 1277/2612
  █████████████░░░░░░░░░░░░  52%  Streaming frame 1278/2612
  █████████████░░░░░░░░░░░░  52%  Streaming frame 1279/2612
  █████████████░░░░░░░░░░░░  52%  Streaming frame 1280/2612
  █████████████░░░░░░░░░░░░  52%  Streaming frame 1281/2612
  █████████████░░░░░░░░░░░░  52%  Streaming frame 1282/2612
  █████████████░░░░░░░░░░░░  52%  Streaming frame 1283/2612
  █████████████░░░░░░░░░░░░  52%  Streaming frame 1284/2612
  █████████████░░░░░░░░░░░░  52%  Streaming frame 1285/2612
  █████████████░░░░░░░░░░░░  52%  Streaming frame 1286/2612
  █████████████░░░░░░░░░░░░  52%  Streaming frame 1287/2612
  █████████████░░░░░░░░░░░░  52%  Streaming frame 1288/2612
  █████████████░░░░░░░░░░░░  52%  Streaming frame 1289/2612
  █████████████░░░░░░░░░░░░  52%  Streaming frame 1290/2612
  █████████████░░░░░░░░░░░░  52%  Streaming frame 1291/2612
  █████████████░░░░░░░░░░░░  52%  Streaming frame 1292/2612
  █████████████░░░░░░░░░░░░  52%  Streaming frame 1293/2612
  █████████████░░░░░░░░░░░░  52%  Streaming frame 1294/2612
  █████████████░░░░░░░░░░░░  52%  Streaming frame 1295/2612
  █████████████░░░░░░░░░░░░  52%  Streaming frame 1296/2612
  █████████████░░░░░░░░░░░░  52%  Streaming frame 1297/2612
  █████████████░░░░░░░░░░░░  52%  Streaming frame 1298/2612
  █████████████░░░░░░░░░░░░  52%  Streaming frame 1299/2612
  █████████████░░░░░░░░░░░░  52%  Streaming frame 1300/2612
  █████████████░░░░░░░░░░░░  52%  Streaming frame 1301/2612
  █████████████░░░░░░░░░░░░  52%  Streaming frame 1302/2612
  █████████████░░░░░░░░░░░░  52%  Streaming frame 1303/2612
  █████████████░░░░░░░░░░░░  52%  Streaming frame 1304/2612
  █████████████░░░░░░░░░░░░  52%  Streaming frame 1305/2612
  █████████████░░░░░░░░░░░░  53%  Streaming frame 1306/2612
[INFO] [Render] drawElement self-verify passed {"renderJobId":"5f884068-b4c9-4051-814b-0aea84f268c6","frame":1306,"psnrDb":72.7}
  █████████████░░░░░░░░░░░░  53%  Streaming frame 1307/2612
  █████████████░░░░░░░░░░░░  53%  Streaming frame 1308/2612
  █████████████░░░░░░░░░░░░  53%  Streaming frame 1309/2612
  █████████████░░░░░░░░░░░░  53%  Streaming frame 1310/2612
  █████████████░░░░░░░░░░░░  53%  Streaming frame 1311/2612
  █████████████░░░░░░░░░░░░  53%  Streaming frame 1312/2612
  █████████████░░░░░░░░░░░░  53%  Streaming frame 1313/2612
  █████████████░░░░░░░░░░░░  53%  Streaming frame 1314/2612
  █████████████░░░░░░░░░░░░  53%  Streaming frame 1315/2612
  █████████████░░░░░░░░░░░░  53%  Streaming frame 1316/2612
  █████████████░░░░░░░░░░░░  53%  Streaming frame 1317/2612
  █████████████░░░░░░░░░░░░  53%  Streaming frame 1318/2612
  █████████████░░░░░░░░░░░░  53%  Streaming frame 1319/2612
  █████████████░░░░░░░░░░░░  53%  Streaming frame 1320/2612
  █████████████░░░░░░░░░░░░  53%  Streaming frame 1321/2612
  █████████████░░░░░░░░░░░░  53%  Streaming frame 1322/2612
  █████████████░░░░░░░░░░░░  53%  Streaming frame 1323/2612
  █████████████░░░░░░░░░░░░  53%  Streaming frame 1324/2612
  █████████████░░░░░░░░░░░░  53%  Streaming frame 1325/2612
  █████████████░░░░░░░░░░░░  53%  Streaming frame 1326/2612
  █████████████░░░░░░░░░░░░  53%  Streaming frame 1327/2612
  █████████████░░░░░░░░░░░░  53%  Streaming frame 1328/2612
  █████████████░░░░░░░░░░░░  53%  Streaming frame 1329/2612
  █████████████░░░░░░░░░░░░  53%  Streaming frame 1330/2612
  █████████████░░░░░░░░░░░░  53%  Streaming frame 1331/2612
  █████████████░░░░░░░░░░░░  53%  Streaming frame 1332/2612
  █████████████░░░░░░░░░░░░  53%  Streaming frame 1333/2612
  █████████████░░░░░░░░░░░░  53%  Streaming frame 1334/2612
  █████████████░░░░░░░░░░░░  53%  Streaming frame 1335/2612
  █████████████░░░░░░░░░░░░  53%  Streaming frame 1336/2612
  █████████████░░░░░░░░░░░░  53%  Streaming frame 1337/2612
  █████████████░░░░░░░░░░░░  53%  Streaming frame 1338/2612
  █████████████░░░░░░░░░░░░  53%  Streaming frame 1339/2612
  █████████████░░░░░░░░░░░░  53%  Streaming frame 1340/2612
  █████████████░░░░░░░░░░░░  53%  Streaming frame 1341/2612
  █████████████░░░░░░░░░░░░  53%  Streaming frame 1342/2612
  █████████████░░░░░░░░░░░░  53%  Streaming frame 1343/2612
  █████████████░░░░░░░░░░░░  53%  Streaming frame 1344/2612
  █████████████░░░░░░░░░░░░  53%  Streaming frame 1345/2612
  █████████████░░░░░░░░░░░░  53%  Streaming frame 1346/2612
  █████████████░░░░░░░░░░░░  53%  Streaming frame 1347/2612
  █████████████░░░░░░░░░░░░  53%  Streaming frame 1348/2612
  █████████████░░░░░░░░░░░░  53%  Streaming frame 1349/2612
  █████████████░░░░░░░░░░░░  53%  Streaming frame 1350/2612
  █████████████░░░░░░░░░░░░  53%  Streaming frame 1351/2612
  █████████████░░░░░░░░░░░░  53%  Streaming frame 1352/2612
  █████████████░░░░░░░░░░░░  53%  Streaming frame 1353/2612
  █████████████░░░░░░░░░░░░  54%  Streaming frame 1354/2612
  █████████████░░░░░░░░░░░░  54%  Streaming frame 1355/2612
  █████████████░░░░░░░░░░░░  54%  Streaming frame 1356/2612
  █████████████░░░░░░░░░░░░  54%  Streaming frame 1357/2612
  █████████████░░░░░░░░░░░░  54%  Streaming frame 1358/2612
  █████████████░░░░░░░░░░░░  54%  Streaming frame 1359/2612
  █████████████░░░░░░░░░░░░  54%  Streaming frame 1360/2612
  █████████████░░░░░░░░░░░░  54%  Streaming frame 1361/2612
  █████████████░░░░░░░░░░░░  54%  Streaming frame 1362/2612
  █████████████░░░░░░░░░░░░  54%  Streaming frame 1363/2612
  █████████████░░░░░░░░░░░░  54%  Streaming frame 1364/2612
  █████████████░░░░░░░░░░░░  54%  Streaming frame 1365/2612
  █████████████░░░░░░░░░░░░  54%  Streaming frame 1366/2612
  █████████████░░░░░░░░░░░░  54%  Streaming frame 1367/2612
  █████████████░░░░░░░░░░░░  54%  Streaming frame 1368/2612
  █████████████░░░░░░░░░░░░  54%  Streaming frame 1369/2612
  █████████████░░░░░░░░░░░░  54%  Streaming frame 1370/2612
  █████████████░░░░░░░░░░░░  54%  Streaming frame 1371/2612
  █████████████░░░░░░░░░░░░  54%  Streaming frame 1372/2612
  █████████████░░░░░░░░░░░░  54%  Streaming frame 1373/2612
  █████████████░░░░░░░░░░░░  54%  Streaming frame 1374/2612
  █████████████░░░░░░░░░░░░  54%  Streaming frame 1375/2612
  █████████████░░░░░░░░░░░░  54%  Streaming frame 1376/2612
  █████████████░░░░░░░░░░░░  54%  Streaming frame 1377/2612
  █████████████░░░░░░░░░░░░  54%  Streaming frame 1378/2612
  █████████████░░░░░░░░░░░░  54%  Streaming frame 1379/2612
  █████████████░░░░░░░░░░░░  54%  Streaming frame 1380/2612
  █████████████░░░░░░░░░░░░  54%  Streaming frame 1381/2612
  █████████████░░░░░░░░░░░░  54%  Streaming frame 1382/2612
  █████████████░░░░░░░░░░░░  54%  Streaming frame 1383/2612
  █████████████░░░░░░░░░░░░  54%  Streaming frame 1384/2612
  █████████████░░░░░░░░░░░░  54%  Streaming frame 1385/2612
  █████████████░░░░░░░░░░░░  54%  Streaming frame 1386/2612
  █████████████░░░░░░░░░░░░  54%  Streaming frame 1387/2612
  █████████████░░░░░░░░░░░░  54%  Streaming frame 1388/2612
  █████████████░░░░░░░░░░░░  54%  Streaming frame 1389/2612
  █████████████░░░░░░░░░░░░  54%  Streaming frame 1390/2612
  █████████████░░░░░░░░░░░░  54%  Streaming frame 1391/2612
  █████████████░░░░░░░░░░░░  54%  Streaming frame 1392/2612
  █████████████░░░░░░░░░░░░  54%  Streaming frame 1393/2612
  █████████████░░░░░░░░░░░░  54%  Streaming frame 1394/2612
  █████████████░░░░░░░░░░░░  54%  Streaming frame 1395/2612
  █████████████░░░░░░░░░░░░  54%  Streaming frame 1396/2612
  █████████████░░░░░░░░░░░░  54%  Streaming frame 1397/2612
  █████████████░░░░░░░░░░░░  54%  Streaming frame 1398/2612
  █████████████░░░░░░░░░░░░  54%  Streaming frame 1399/2612
  █████████████░░░░░░░░░░░░  54%  Streaming frame 1400/2612
  █████████████░░░░░░░░░░░░  55%  Streaming frame 1401/2612
  █████████████░░░░░░░░░░░░  55%  Streaming frame 1402/2612
  █████████████░░░░░░░░░░░░  55%  Streaming frame 1403/2612
  █████████████░░░░░░░░░░░░  55%  Streaming frame 1404/2612
  █████████████░░░░░░░░░░░░  55%  Streaming frame 1405/2612
  █████████████░░░░░░░░░░░░  55%  Streaming frame 1406/2612
  █████████████░░░░░░░░░░░░  55%  Streaming frame 1407/2612
  █████████████░░░░░░░░░░░░  55%  Streaming frame 1408/2612
  █████████████░░░░░░░░░░░░  55%  Streaming frame 1409/2612
  █████████████░░░░░░░░░░░░  55%  Streaming frame 1410/2612
  █████████████░░░░░░░░░░░░  55%  Streaming frame 1411/2612
  █████████████░░░░░░░░░░░░  55%  Streaming frame 1412/2612
  █████████████░░░░░░░░░░░░  55%  Streaming frame 1413/2612
  █████████████░░░░░░░░░░░░  55%  Streaming frame 1414/2612
  █████████████░░░░░░░░░░░░  55%  Streaming frame 1415/2612
  █████████████░░░░░░░░░░░░  55%  Streaming frame 1416/2612
  █████████████░░░░░░░░░░░░  55%  Streaming frame 1417/2612
  █████████████░░░░░░░░░░░░  55%  Streaming frame 1418/2612
  █████████████░░░░░░░░░░░░  55%  Streaming frame 1419/2612
  █████████████░░░░░░░░░░░░  55%  Streaming frame 1420/2612
  █████████████░░░░░░░░░░░░  55%  Streaming frame 1421/2612
  █████████████░░░░░░░░░░░░  55%  Streaming frame 1422/2612
  █████████████░░░░░░░░░░░░  55%  Streaming frame 1423/2612
  █████████████░░░░░░░░░░░░  55%  Streaming frame 1424/2612
  █████████████░░░░░░░░░░░░  55%  Streaming frame 1425/2612
  █████████████░░░░░░░░░░░░  55%  Streaming frame 1426/2612
  █████████████░░░░░░░░░░░░  55%  Streaming frame 1427/2612
  █████████████░░░░░░░░░░░░  55%  Streaming frame 1428/2612
  █████████████░░░░░░░░░░░░  55%  Streaming frame 1429/2612
  █████████████░░░░░░░░░░░░  55%  Streaming frame 1430/2612
  █████████████░░░░░░░░░░░░  55%  Streaming frame 1431/2612
  █████████████░░░░░░░░░░░░  55%  Streaming frame 1432/2612
  █████████████░░░░░░░░░░░░  55%  Streaming frame 1433/2612
  █████████████░░░░░░░░░░░░  55%  Streaming frame 1434/2612
  █████████████░░░░░░░░░░░░  55%  Streaming frame 1435/2612
  █████████████░░░░░░░░░░░░  55%  Streaming frame 1436/2612
  █████████████░░░░░░░░░░░░  55%  Streaming frame 1437/2612
  █████████████░░░░░░░░░░░░  55%  Streaming frame 1438/2612
  █████████████░░░░░░░░░░░░  55%  Streaming frame 1439/2612
  █████████████░░░░░░░░░░░░  55%  Streaming frame 1440/2612
  █████████████░░░░░░░░░░░░  55%  Streaming frame 1441/2612
  █████████████░░░░░░░░░░░░  55%  Streaming frame 1442/2612
  █████████████░░░░░░░░░░░░  55%  Streaming frame 1443/2612
  █████████████░░░░░░░░░░░░  55%  Streaming frame 1444/2612
  █████████████░░░░░░░░░░░░  55%  Streaming frame 1445/2612
  █████████████░░░░░░░░░░░░  55%  Streaming frame 1446/2612
  █████████████░░░░░░░░░░░░  55%  Streaming frame 1447/2612
  █████████████░░░░░░░░░░░░  55%  Streaming frame 1448/2612
  ██████████████░░░░░░░░░░░  56%  Streaming frame 1449/2612
  ██████████████░░░░░░░░░░░  56%  Streaming frame 1450/2612
  ██████████████░░░░░░░░░░░  56%  Streaming frame 1451/2612
  ██████████████░░░░░░░░░░░  56%  Streaming frame 1452/2612
  ██████████████░░░░░░░░░░░  56%  Streaming frame 1453/2612
  ██████████████░░░░░░░░░░░  56%  Streaming frame 1454/2612
  ██████████████░░░░░░░░░░░  56%  Streaming frame 1455/2612
  ██████████████░░░░░░░░░░░  56%  Streaming frame 1456/2612
  ██████████████░░░░░░░░░░░  56%  Streaming frame 1457/2612
  ██████████████░░░░░░░░░░░  56%  Streaming frame 1458/2612
  ██████████████░░░░░░░░░░░  56%  Streaming frame 1459/2612
  ██████████████░░░░░░░░░░░  56%  Streaming frame 1460/2612
  ██████████████░░░░░░░░░░░  56%  Streaming frame 1461/2612
  ██████████████░░░░░░░░░░░  56%  Streaming frame 1462/2612
  ██████████████░░░░░░░░░░░  56%  Streaming frame 1463/2612
  ██████████████░░░░░░░░░░░  56%  Streaming frame 1464/2612
  ██████████████░░░░░░░░░░░  56%  Streaming frame 1465/2612
  ██████████████░░░░░░░░░░░  56%  Streaming frame 1466/2612
  ██████████████░░░░░░░░░░░  56%  Streaming frame 1467/2612
  ██████████████░░░░░░░░░░░  56%  Streaming frame 1468/2612
  ██████████████░░░░░░░░░░░  56%  Streaming frame 1469/2612
  ██████████████░░░░░░░░░░░  56%  Streaming frame 1470/2612
  ██████████████░░░░░░░░░░░  56%  Streaming frame 1471/2612
  ██████████████░░░░░░░░░░░  56%  Streaming frame 1472/2612
  ██████████████░░░░░░░░░░░  56%  Streaming frame 1473/2612
  ██████████████░░░░░░░░░░░  56%  Streaming frame 1474/2612
  ██████████████░░░░░░░░░░░  56%  Streaming frame 1475/2612
  ██████████████░░░░░░░░░░░  56%  Streaming frame 1476/2612
  ██████████████░░░░░░░░░░░  56%  Streaming frame 1477/2612
  ██████████████░░░░░░░░░░░  56%  Streaming frame 1478/2612
  ██████████████░░░░░░░░░░░  56%  Streaming frame 1479/2612
  ██████████████░░░░░░░░░░░  56%  Streaming frame 1480/2612
  ██████████████░░░░░░░░░░░  56%  Streaming frame 1481/2612
  ██████████████░░░░░░░░░░░  56%  Streaming frame 1482/2612
  ██████████████░░░░░░░░░░░  56%  Streaming frame 1483/2612
  ██████████████░░░░░░░░░░░  56%  Streaming frame 1484/2612
  ██████████████░░░░░░░░░░░  56%  Streaming frame 1485/2612
  ██████████████░░░░░░░░░░░  56%  Streaming frame 1486/2612
  ██████████████░░░░░░░░░░░  56%  Streaming frame 1487/2612
  ██████████████░░░░░░░░░░░  56%  Streaming frame 1488/2612
  ██████████████░░░░░░░░░░░  56%  Streaming frame 1489/2612
  ██████████████░░░░░░░░░░░  56%  Streaming frame 1490/2612
  ██████████████░░░░░░░░░░░  56%  Streaming frame 1491/2612
  ██████████████░░░░░░░░░░░  56%  Streaming frame 1492/2612
  ██████████████░░░░░░░░░░░  56%  Streaming frame 1493/2612
  ██████████████░░░░░░░░░░░  56%  Streaming frame 1494/2612
  ██████████████░░░░░░░░░░░  56%  Streaming frame 1495/2612
  ██████████████░░░░░░░░░░░  57%  Streaming frame 1496/2612
  ██████████████░░░░░░░░░░░  57%  Streaming frame 1497/2612
  ██████████████░░░░░░░░░░░  57%  Streaming frame 1498/2612
  ██████████████░░░░░░░░░░░  57%  Streaming frame 1499/2612
  ██████████████░░░░░░░░░░░  57%  Streaming frame 1500/2612
  ██████████████░░░░░░░░░░░  57%  Streaming frame 1501/2612
  ██████████████░░░░░░░░░░░  57%  Streaming frame 1502/2612
  ██████████████░░░░░░░░░░░  57%  Streaming frame 1503/2612
  ██████████████░░░░░░░░░░░  57%  Streaming frame 1504/2612
  ██████████████░░░░░░░░░░░  57%  Streaming frame 1505/2612
  ██████████████░░░░░░░░░░░  57%  Streaming frame 1506/2612
  ██████████████░░░░░░░░░░░  57%  Streaming frame 1507/2612
  ██████████████░░░░░░░░░░░  57%  Streaming frame 1508/2612
  ██████████████░░░░░░░░░░░  57%  Streaming frame 1509/2612
  ██████████████░░░░░░░░░░░  57%  Streaming frame 1510/2612
  ██████████████░░░░░░░░░░░  57%  Streaming frame 1511/2612
  ██████████████░░░░░░░░░░░  57%  Streaming frame 1512/2612
  ██████████████░░░░░░░░░░░  57%  Streaming frame 1513/2612
  ██████████████░░░░░░░░░░░  57%  Streaming frame 1514/2612
  ██████████████░░░░░░░░░░░  57%  Streaming frame 1515/2612
  ██████████████░░░░░░░░░░░  57%  Streaming frame 1516/2612
  ██████████████░░░░░░░░░░░  57%  Streaming frame 1517/2612
  ██████████████░░░░░░░░░░░  57%  Streaming frame 1518/2612
  ██████████████░░░░░░░░░░░  57%  Streaming frame 1519/2612
  ██████████████░░░░░░░░░░░  57%  Streaming frame 1520/2612
  ██████████████░░░░░░░░░░░  57%  Streaming frame 1521/2612
  ██████████████░░░░░░░░░░░  57%  Streaming frame 1522/2612
  ██████████████░░░░░░░░░░░  57%  Streaming frame 1523/2612
  ██████████████░░░░░░░░░░░  57%  Streaming frame 1524/2612
  ██████████████░░░░░░░░░░░  57%  Streaming frame 1525/2612
  ██████████████░░░░░░░░░░░  57%  Streaming frame 1526/2612
  ██████████████░░░░░░░░░░░  57%  Streaming frame 1527/2612
  ██████████████░░░░░░░░░░░  57%  Streaming frame 1528/2612
  ██████████████░░░░░░░░░░░  57%  Streaming frame 1529/2612
  ██████████████░░░░░░░░░░░  57%  Streaming frame 1530/2612
  ██████████████░░░░░░░░░░░  57%  Streaming frame 1531/2612
  ██████████████░░░░░░░░░░░  57%  Streaming frame 1532/2612
  ██████████████░░░░░░░░░░░  57%  Streaming frame 1533/2612
  ██████████████░░░░░░░░░░░  57%  Streaming frame 1534/2612
  ██████████████░░░░░░░░░░░  57%  Streaming frame 1535/2612
  ██████████████░░░░░░░░░░░  57%  Streaming frame 1536/2612
  ██████████████░░░░░░░░░░░  57%  Streaming frame 1537/2612
  ██████████████░░░░░░░░░░░  57%  Streaming frame 1538/2612
  ██████████████░░░░░░░░░░░  57%  Streaming frame 1539/2612
  ██████████████░░░░░░░░░░░  57%  Streaming frame 1540/2612
  ██████████████░░░░░░░░░░░  57%  Streaming frame 1541/2612
  ██████████████░░░░░░░░░░░  57%  Streaming frame 1542/2612
  ██████████████░░░░░░░░░░░  57%  Streaming frame 1543/2612
  ██████████████░░░░░░░░░░░  58%  Streaming frame 1544/2612
  ██████████████░░░░░░░░░░░  58%  Streaming frame 1545/2612
  ██████████████░░░░░░░░░░░  58%  Streaming frame 1546/2612
  ██████████████░░░░░░░░░░░  58%  Streaming frame 1547/2612
  ██████████████░░░░░░░░░░░  58%  Streaming frame 1548/2612
  ██████████████░░░░░░░░░░░  58%  Streaming frame 1549/2612
  ██████████████░░░░░░░░░░░  58%  Streaming frame 1550/2612
  ██████████████░░░░░░░░░░░  58%  Streaming frame 1551/2612
  ██████████████░░░░░░░░░░░  58%  Streaming frame 1552/2612
  ██████████████░░░░░░░░░░░  58%  Streaming frame 1553/2612
  ██████████████░░░░░░░░░░░  58%  Streaming frame 1554/2612
  ██████████████░░░░░░░░░░░  58%  Streaming frame 1555/2612
  ██████████████░░░░░░░░░░░  58%  Streaming frame 1556/2612
  ██████████████░░░░░░░░░░░  58%  Streaming frame 1557/2612
  ██████████████░░░░░░░░░░░  58%  Streaming frame 1558/2612
  ██████████████░░░░░░░░░░░  58%  Streaming frame 1559/2612
  ██████████████░░░░░░░░░░░  58%  Streaming frame 1560/2612
  ██████████████░░░░░░░░░░░  58%  Streaming frame 1561/2612
  ██████████████░░░░░░░░░░░  58%  Streaming frame 1562/2612
  ██████████████░░░░░░░░░░░  58%  Streaming frame 1563/2612
  ██████████████░░░░░░░░░░░  58%  Streaming frame 1564/2612
  ██████████████░░░░░░░░░░░  58%  Streaming frame 1565/2612
  ██████████████░░░░░░░░░░░  58%  Streaming frame 1566/2612
  ██████████████░░░░░░░░░░░  58%  Streaming frame 1567/2612
  ██████████████░░░░░░░░░░░  58%  Streaming frame 1568/2612
  ██████████████░░░░░░░░░░░  58%  Streaming frame 1569/2612
  ██████████████░░░░░░░░░░░  58%  Streaming frame 1570/2612
  ██████████████░░░░░░░░░░░  58%  Streaming frame 1571/2612
  ██████████████░░░░░░░░░░░  58%  Streaming frame 1572/2612
  ██████████████░░░░░░░░░░░  58%  Streaming frame 1573/2612
  ██████████████░░░░░░░░░░░  58%  Streaming frame 1574/2612
  ██████████████░░░░░░░░░░░  58%  Streaming frame 1575/2612
  ██████████████░░░░░░░░░░░  58%  Streaming frame 1576/2612
  ██████████████░░░░░░░░░░░  58%  Streaming frame 1577/2612
  ██████████████░░░░░░░░░░░  58%  Streaming frame 1578/2612
  ██████████████░░░░░░░░░░░  58%  Streaming frame 1579/2612
  ██████████████░░░░░░░░░░░  58%  Streaming frame 1580/2612
  ██████████████░░░░░░░░░░░  58%  Streaming frame 1581/2612
  ██████████████░░░░░░░░░░░  58%  Streaming frame 1582/2612
  ██████████████░░░░░░░░░░░  58%  Streaming frame 1583/2612
  ██████████████░░░░░░░░░░░  58%  Streaming frame 1584/2612
  ██████████████░░░░░░░░░░░  58%  Streaming frame 1585/2612
  ██████████████░░░░░░░░░░░  58%  Streaming frame 1586/2612
  ██████████████░░░░░░░░░░░  58%  Streaming frame 1587/2612
  ██████████████░░░░░░░░░░░  58%  Streaming frame 1588/2612
  ██████████████░░░░░░░░░░░  58%  Streaming frame 1589/2612
  ██████████████░░░░░░░░░░░  58%  Streaming frame 1590/2612
  ██████████████░░░░░░░░░░░  59%  Streaming frame 1591/2612
  ██████████████░░░░░░░░░░░  59%  Streaming frame 1592/2612
  ██████████████░░░░░░░░░░░  59%  Streaming frame 1593/2612
  ██████████████░░░░░░░░░░░  59%  Streaming frame 1594/2612
  ██████████████░░░░░░░░░░░  59%  Streaming frame 1595/2612
  ██████████████░░░░░░░░░░░  59%  Streaming frame 1596/2612
  ██████████████░░░░░░░░░░░  59%  Streaming frame 1597/2612
  ██████████████░░░░░░░░░░░  59%  Streaming frame 1598/2612
  ██████████████░░░░░░░░░░░  59%  Streaming frame 1599/2612
  ██████████████░░░░░░░░░░░  59%  Streaming frame 1600/2612
  ██████████████░░░░░░░░░░░  59%  Streaming frame 1601/2612
  ██████████████░░░░░░░░░░░  59%  Streaming frame 1602/2612
  ██████████████░░░░░░░░░░░  59%  Streaming frame 1603/2612
  ██████████████░░░░░░░░░░░  59%  Streaming frame 1604/2612
  ██████████████░░░░░░░░░░░  59%  Streaming frame 1605/2612
  ██████████████░░░░░░░░░░░  59%  Streaming frame 1606/2612
  ██████████████░░░░░░░░░░░  59%  Streaming frame 1607/2612
  ██████████████░░░░░░░░░░░  59%  Streaming frame 1608/2612
  ██████████████░░░░░░░░░░░  59%  Streaming frame 1609/2612
  ██████████████░░░░░░░░░░░  59%  Streaming frame 1610/2612
  ██████████████░░░░░░░░░░░  59%  Streaming frame 1611/2612
  ██████████████░░░░░░░░░░░  59%  Streaming frame 1612/2612
  ██████████████░░░░░░░░░░░  59%  Streaming frame 1613/2612
  ██████████████░░░░░░░░░░░  59%  Streaming frame 1614/2612
  ██████████████░░░░░░░░░░░  59%  Streaming frame 1615/2612
  ██████████████░░░░░░░░░░░  59%  Streaming frame 1616/2612
  ██████████████░░░░░░░░░░░  59%  Streaming frame 1617/2612
  ██████████████░░░░░░░░░░░  59%  Streaming frame 1618/2612
  ██████████████░░░░░░░░░░░  59%  Streaming frame 1619/2612
  ██████████████░░░░░░░░░░░  59%  Streaming frame 1620/2612
  ██████████████░░░░░░░░░░░  59%  Streaming frame 1621/2612
  ██████████████░░░░░░░░░░░  59%  Streaming frame 1622/2612
  ██████████████░░░░░░░░░░░  59%  Streaming frame 1623/2612
  ██████████████░░░░░░░░░░░  59%  Streaming frame 1624/2612
  ██████████████░░░░░░░░░░░  59%  Streaming frame 1625/2612
  ██████████████░░░░░░░░░░░  59%  Streaming frame 1626/2612
  ██████████████░░░░░░░░░░░  59%  Streaming frame 1627/2612
  ██████████████░░░░░░░░░░░  59%  Streaming frame 1628/2612
  ██████████████░░░░░░░░░░░  59%  Streaming frame 1629/2612
  ██████████████░░░░░░░░░░░  59%  Streaming frame 1630/2612
  ██████████████░░░░░░░░░░░  59%  Streaming frame 1631/2612
  ██████████████░░░░░░░░░░░  59%  Streaming frame 1632/2612
  ██████████████░░░░░░░░░░░  59%  Streaming frame 1633/2612
  ██████████████░░░░░░░░░░░  59%  Streaming frame 1634/2612
  ██████████████░░░░░░░░░░░  59%  Streaming frame 1635/2612
  ██████████████░░░░░░░░░░░  59%  Streaming frame 1636/2612
  ██████████████░░░░░░░░░░░  59%  Streaming frame 1637/2612
  ██████████████░░░░░░░░░░░  59%  Streaming frame 1638/2612
  ███████████████░░░░░░░░░░  60%  Streaming frame 1639/2612
  ███████████████░░░░░░░░░░  60%  Streaming frame 1640/2612
  ███████████████░░░░░░░░░░  60%  Streaming frame 1641/2612
  ███████████████░░░░░░░░░░  60%  Streaming frame 1642/2612
  ███████████████░░░░░░░░░░  60%  Streaming frame 1643/2612
  ███████████████░░░░░░░░░░  60%  Streaming frame 1644/2612
  ███████████████░░░░░░░░░░  60%  Streaming frame 1645/2612
  ███████████████░░░░░░░░░░  60%  Streaming frame 1646/2612
  ███████████████░░░░░░░░░░  60%  Streaming frame 1647/2612
  ███████████████░░░░░░░░░░  60%  Streaming frame 1648/2612
  ███████████████░░░░░░░░░░  60%  Streaming frame 1649/2612
  ███████████████░░░░░░░░░░  60%  Streaming frame 1650/2612
  ███████████████░░░░░░░░░░  60%  Streaming frame 1651/2612
  ███████████████░░░░░░░░░░  60%  Streaming frame 1652/2612
  ███████████████░░░░░░░░░░  60%  Streaming frame 1653/2612
  ███████████████░░░░░░░░░░  60%  Streaming frame 1654/2612
  ███████████████░░░░░░░░░░  60%  Streaming frame 1655/2612
  ███████████████░░░░░░░░░░  60%  Streaming frame 1656/2612
  ███████████████░░░░░░░░░░  60%  Streaming frame 1657/2612
  ███████████████░░░░░░░░░░  60%  Streaming frame 1658/2612
  ███████████████░░░░░░░░░░  60%  Streaming frame 1659/2612
  ███████████████░░░░░░░░░░  60%  Streaming frame 1660/2612
  ███████████████░░░░░░░░░░  60%  Streaming frame 1661/2612
  ███████████████░░░░░░░░░░  60%  Streaming frame 1662/2612
  ███████████████░░░░░░░░░░  60%  Streaming frame 1663/2612
  ███████████████░░░░░░░░░░  60%  Streaming frame 1664/2612
  ███████████████░░░░░░░░░░  60%  Streaming frame 1665/2612
  ███████████████░░░░░░░░░░  60%  Streaming frame 1666/2612
  ███████████████░░░░░░░░░░  60%  Streaming frame 1667/2612
  ███████████████░░░░░░░░░░  60%  Streaming frame 1668/2612
  ███████████████░░░░░░░░░░  60%  Streaming frame 1669/2612
  ███████████████░░░░░░░░░░  60%  Streaming frame 1670/2612
  ███████████████░░░░░░░░░░  60%  Streaming frame 1671/2612
  ███████████████░░░░░░░░░░  60%  Streaming frame 1672/2612
  ███████████████░░░░░░░░░░  60%  Streaming frame 1673/2612
  ███████████████░░░░░░░░░░  60%  Streaming frame 1674/2612
  ███████████████░░░░░░░░░░  60%  Streaming frame 1675/2612
  ███████████████░░░░░░░░░░  60%  Streaming frame 1676/2612
  ███████████████░░░░░░░░░░  60%  Streaming frame 1677/2612
  ███████████████░░░░░░░░░░  60%  Streaming frame 1678/2612
  ███████████████░░░░░░░░░░  60%  Streaming frame 1679/2612
  ███████████████░░░░░░░░░░  60%  Streaming frame 1680/2612
  ███████████████░░░░░░░░░░  60%  Streaming frame 1681/2612
  ███████████████░░░░░░░░░░  60%  Streaming frame 1682/2612
  ███████████████░░░░░░░░░░  60%  Streaming frame 1683/2612
  ███████████████░░░░░░░░░░  60%  Streaming frame 1684/2612
  ███████████████░░░░░░░░░░  60%  Streaming frame 1685/2612
  ███████████████░░░░░░░░░░  61%  Streaming frame 1686/2612
  ███████████████░░░░░░░░░░  61%  Streaming frame 1687/2612
  ███████████████░░░░░░░░░░  61%  Streaming frame 1688/2612
  ███████████████░░░░░░░░░░  61%  Streaming frame 1689/2612
  ███████████████░░░░░░░░░░  61%  Streaming frame 1690/2612
  ███████████████░░░░░░░░░░  61%  Streaming frame 1691/2612
  ███████████████░░░░░░░░░░  61%  Streaming frame 1692/2612
  ███████████████░░░░░░░░░░  61%  Streaming frame 1693/2612
  ███████████████░░░░░░░░░░  61%  Streaming frame 1694/2612
  ███████████████░░░░░░░░░░  61%  Streaming frame 1695/2612
  ███████████████░░░░░░░░░░  61%  Streaming frame 1696/2612
  ███████████████░░░░░░░░░░  61%  Streaming frame 1697/2612
  ███████████████░░░░░░░░░░  61%  Streaming frame 1698/2612
  ███████████████░░░░░░░░░░  61%  Streaming frame 1699/2612
  ███████████████░░░░░░░░░░  61%  Streaming frame 1700/2612
  ███████████████░░░░░░░░░░  61%  Streaming frame 1701/2612
  ███████████████░░░░░░░░░░  61%  Streaming frame 1702/2612
  ███████████████░░░░░░░░░░  61%  Streaming frame 1703/2612
  ███████████████░░░░░░░░░░  61%  Streaming frame 1704/2612
  ███████████████░░░░░░░░░░  61%  Streaming frame 1705/2612
  ███████████████░░░░░░░░░░  61%  Streaming frame 1706/2612
  ███████████████░░░░░░░░░░  61%  Streaming frame 1707/2612
  ███████████████░░░░░░░░░░  61%  Streaming frame 1708/2612
  ███████████████░░░░░░░░░░  61%  Streaming frame 1709/2612
  ███████████████░░░░░░░░░░  61%  Streaming frame 1710/2612
  ███████████████░░░░░░░░░░  61%  Streaming frame 1711/2612
  ███████████████░░░░░░░░░░  61%  Streaming frame 1712/2612
  ███████████████░░░░░░░░░░  61%  Streaming frame 1713/2612
  ███████████████░░░░░░░░░░  61%  Streaming frame 1714/2612
  ███████████████░░░░░░░░░░  61%  Streaming frame 1715/2612
  ███████████████░░░░░░░░░░  61%  Streaming frame 1716/2612
  ███████████████░░░░░░░░░░  61%  Streaming frame 1717/2612
  ███████████████░░░░░░░░░░  61%  Streaming frame 1718/2612
  ███████████████░░░░░░░░░░  61%  Streaming frame 1719/2612
  ███████████████░░░░░░░░░░  61%  Streaming frame 1720/2612
  ███████████████░░░░░░░░░░  61%  Streaming frame 1721/2612
  ███████████████░░░░░░░░░░  61%  Streaming frame 1722/2612
  ███████████████░░░░░░░░░░  61%  Streaming frame 1723/2612
  ███████████████░░░░░░░░░░  61%  Streaming frame 1724/2612
  ███████████████░░░░░░░░░░  61%  Streaming frame 1725/2612
  ███████████████░░░░░░░░░░  61%  Streaming frame 1726/2612
  ███████████████░░░░░░░░░░  61%  Streaming frame 1727/2612
  ███████████████░░░░░░░░░░  61%  Streaming frame 1728/2612
  ███████████████░░░░░░░░░░  61%  Streaming frame 1729/2612
  ███████████████░░░░░░░░░░  61%  Streaming frame 1730/2612
  ███████████████░░░░░░░░░░  61%  Streaming frame 1731/2612
  ███████████████░░░░░░░░░░  61%  Streaming frame 1732/2612
  ███████████████░░░░░░░░░░  61%  Streaming frame 1733/2612
  ███████████████░░░░░░░░░░  62%  Streaming frame 1734/2612
  ███████████████░░░░░░░░░░  62%  Streaming frame 1735/2612
  ███████████████░░░░░░░░░░  62%  Streaming frame 1736/2612
  ███████████████░░░░░░░░░░  62%  Streaming frame 1737/2612
  ███████████████░░░░░░░░░░  62%  Streaming frame 1738/2612
  ███████████████░░░░░░░░░░  62%  Streaming frame 1739/2612
  ███████████████░░░░░░░░░░  62%  Streaming frame 1740/2612
  ███████████████░░░░░░░░░░  62%  Streaming frame 1741/2612
  ███████████████░░░░░░░░░░  62%  Streaming frame 1742/2612
  ███████████████░░░░░░░░░░  62%  Streaming frame 1743/2612
  ███████████████░░░░░░░░░░  62%  Streaming frame 1744/2612
  ███████████████░░░░░░░░░░  62%  Streaming frame 1745/2612
  ███████████████░░░░░░░░░░  62%  Streaming frame 1746/2612
  ███████████████░░░░░░░░░░  62%  Streaming frame 1747/2612
  ███████████████░░░░░░░░░░  62%  Streaming frame 1748/2612
  ███████████████░░░░░░░░░░  62%  Streaming frame 1749/2612
  ███████████████░░░░░░░░░░  62%  Streaming frame 1750/2612
  ███████████████░░░░░░░░░░  62%  Streaming frame 1751/2612
  ███████████████░░░░░░░░░░  62%  Streaming frame 1752/2612
  ███████████████░░░░░░░░░░  62%  Streaming frame 1753/2612
  ███████████████░░░░░░░░░░  62%  Streaming frame 1754/2612
  ███████████████░░░░░░░░░░  62%  Streaming frame 1755/2612
  ███████████████░░░░░░░░░░  62%  Streaming frame 1756/2612
  ███████████████░░░░░░░░░░  62%  Streaming frame 1757/2612
  ███████████████░░░░░░░░░░  62%  Streaming frame 1758/2612
  ███████████████░░░░░░░░░░  62%  Streaming frame 1759/2612
  ███████████████░░░░░░░░░░  62%  Streaming frame 1760/2612
  ███████████████░░░░░░░░░░  62%  Streaming frame 1761/2612
  ███████████████░░░░░░░░░░  62%  Streaming frame 1762/2612
  ███████████████░░░░░░░░░░  62%  Streaming frame 1763/2612
  ███████████████░░░░░░░░░░  62%  Streaming frame 1764/2612
  ███████████████░░░░░░░░░░  62%  Streaming frame 1765/2612
  ███████████████░░░░░░░░░░  62%  Streaming frame 1766/2612
  ███████████████░░░░░░░░░░  62%  Streaming frame 1767/2612
  ███████████████░░░░░░░░░░  62%  Streaming frame 1768/2612
  ███████████████░░░░░░░░░░  62%  Streaming frame 1769/2612
  ███████████████░░░░░░░░░░  62%  Streaming frame 1770/2612
  ███████████████░░░░░░░░░░  62%  Streaming frame 1771/2612
  ███████████████░░░░░░░░░░  62%  Streaming frame 1772/2612
  ███████████████░░░░░░░░░░  62%  Streaming frame 1773/2612
  ███████████████░░░░░░░░░░  62%  Streaming frame 1774/2612
  ███████████████░░░░░░░░░░  62%  Streaming frame 1775/2612
  ███████████████░░░░░░░░░░  62%  Streaming frame 1776/2612
  ███████████████░░░░░░░░░░  62%  Streaming frame 1777/2612
  ███████████████░░░░░░░░░░  62%  Streaming frame 1778/2612
  ███████████████░░░░░░░░░░  62%  Streaming frame 1779/2612
  ███████████████░░░░░░░░░░  62%  Streaming frame 1780/2612
  ███████████████░░░░░░░░░░  63%  Streaming frame 1781/2612
  ███████████████░░░░░░░░░░  63%  Streaming frame 1782/2612
  ███████████████░░░░░░░░░░  63%  Streaming frame 1783/2612
  ███████████████░░░░░░░░░░  63%  Streaming frame 1784/2612
  ███████████████░░░░░░░░░░  63%  Streaming frame 1785/2612
  ███████████████░░░░░░░░░░  63%  Streaming frame 1786/2612
  ███████████████░░░░░░░░░░  63%  Streaming frame 1787/2612
  ███████████████░░░░░░░░░░  63%  Streaming frame 1788/2612
  ███████████████░░░░░░░░░░  63%  Streaming frame 1789/2612
  ███████████████░░░░░░░░░░  63%  Streaming frame 1790/2612
  ███████████████░░░░░░░░░░  63%  Streaming frame 1791/2612
  ███████████████░░░░░░░░░░  63%  Streaming frame 1792/2612
  ███████████████░░░░░░░░░░  63%  Streaming frame 1793/2612
  ███████████████░░░░░░░░░░  63%  Streaming frame 1794/2612
  ███████████████░░░░░░░░░░  63%  Streaming frame 1795/2612
  ███████████████░░░░░░░░░░  63%  Streaming frame 1796/2612
  ███████████████░░░░░░░░░░  63%  Streaming frame 1797/2612
  ███████████████░░░░░░░░░░  63%  Streaming frame 1798/2612
  ███████████████░░░░░░░░░░  63%  Streaming frame 1799/2612
  ███████████████░░░░░░░░░░  63%  Streaming frame 1800/2612
  ███████████████░░░░░░░░░░  63%  Streaming frame 1801/2612
  ███████████████░░░░░░░░░░  63%  Streaming frame 1802/2612
  ███████████████░░░░░░░░░░  63%  Streaming frame 1803/2612
  ███████████████░░░░░░░░░░  63%  Streaming frame 1804/2612
  ███████████████░░░░░░░░░░  63%  Streaming frame 1805/2612
  ███████████████░░░░░░░░░░  63%  Streaming frame 1806/2612
  ███████████████░░░░░░░░░░  63%  Streaming frame 1807/2612
  ███████████████░░░░░░░░░░  63%  Streaming frame 1808/2612
  ███████████████░░░░░░░░░░  63%  Streaming frame 1809/2612
  ███████████████░░░░░░░░░░  63%  Streaming frame 1810/2612
  ███████████████░░░░░░░░░░  63%  Streaming frame 1811/2612
  ███████████████░░░░░░░░░░  63%  Streaming frame 1812/2612
  ███████████████░░░░░░░░░░  63%  Streaming frame 1813/2612
  ███████████████░░░░░░░░░░  63%  Streaming frame 1814/2612
  ███████████████░░░░░░░░░░  63%  Streaming frame 1815/2612
  ███████████████░░░░░░░░░░  63%  Streaming frame 1816/2612
  ███████████████░░░░░░░░░░  63%  Streaming frame 1817/2612
  ███████████████░░░░░░░░░░  63%  Streaming frame 1818/2612
  ███████████████░░░░░░░░░░  63%  Streaming frame 1819/2612
  ███████████████░░░░░░░░░░  63%  Streaming frame 1820/2612
  ███████████████░░░░░░░░░░  63%  Streaming frame 1821/2612
  ███████████████░░░░░░░░░░  63%  Streaming frame 1822/2612
  ███████████████░░░░░░░░░░  63%  Streaming frame 1823/2612
  ███████████████░░░░░░░░░░  63%  Streaming frame 1824/2612
  ███████████████░░░░░░░░░░  63%  Streaming frame 1825/2612
  ███████████████░░░░░░░░░░  63%  Streaming frame 1826/2612
  ███████████████░░░░░░░░░░  63%  Streaming frame 1827/2612
  ███████████████░░░░░░░░░░  63%  Streaming frame 1828/2612
  ████████████████░░░░░░░░░  64%  Streaming frame 1829/2612
  ████████████████░░░░░░░░░  64%  Streaming frame 1830/2612
  ████████████████░░░░░░░░░  64%  Streaming frame 1831/2612
  ████████████████░░░░░░░░░  64%  Streaming frame 1832/2612
  ████████████████░░░░░░░░░  64%  Streaming frame 1833/2612
  ████████████████░░░░░░░░░  64%  Streaming frame 1834/2612
  ████████████████░░░░░░░░░  64%  Streaming frame 1835/2612
  ████████████████░░░░░░░░░  64%  Streaming frame 1836/2612
  ████████████████░░░░░░░░░  64%  Streaming frame 1837/2612
  ████████████████░░░░░░░░░  64%  Streaming frame 1838/2612
  ████████████████░░░░░░░░░  64%  Streaming frame 1839/2612
  ████████████████░░░░░░░░░  64%  Streaming frame 1840/2612
  ████████████████░░░░░░░░░  64%  Streaming frame 1841/2612
  ████████████████░░░░░░░░░  64%  Streaming frame 1842/2612
  ████████████████░░░░░░░░░  64%  Streaming frame 1843/2612
  ████████████████░░░░░░░░░  64%  Streaming frame 1844/2612
  ████████████████░░░░░░░░░  64%  Streaming frame 1845/2612
  ████████████████░░░░░░░░░  64%  Streaming frame 1846/2612
  ████████████████░░░░░░░░░  64%  Streaming frame 1847/2612
  ████████████████░░░░░░░░░  64%  Streaming frame 1848/2612
  ████████████████░░░░░░░░░  64%  Streaming frame 1849/2612
  ████████████████░░░░░░░░░  64%  Streaming frame 1850/2612
  ████████████████░░░░░░░░░  64%  Streaming frame 1851/2612
  ████████████████░░░░░░░░░  64%  Streaming frame 1852/2612
  ████████████████░░░░░░░░░  64%  Streaming frame 1853/2612
  ████████████████░░░░░░░░░  64%  Streaming frame 1854/2612
  ████████████████░░░░░░░░░  64%  Streaming frame 1855/2612
  ████████████████░░░░░░░░░  64%  Streaming frame 1856/2612
  ████████████████░░░░░░░░░  64%  Streaming frame 1857/2612
  ████████████████░░░░░░░░░  64%  Streaming frame 1858/2612
  ████████████████░░░░░░░░░  64%  Streaming frame 1859/2612
  ████████████████░░░░░░░░░  64%  Streaming frame 1860/2612
  ████████████████░░░░░░░░░  64%  Streaming frame 1861/2612
  ████████████████░░░░░░░░░  64%  Streaming frame 1862/2612
  ████████████████░░░░░░░░░  64%  Streaming frame 1863/2612
  ████████████████░░░░░░░░░  64%  Streaming frame 1864/2612
  ████████████████░░░░░░░░░  64%  Streaming frame 1865/2612
  ████████████████░░░░░░░░░  64%  Streaming frame 1866/2612
  ████████████████░░░░░░░░░  64%  Streaming frame 1867/2612
  ████████████████░░░░░░░░░  64%  Streaming frame 1868/2612
  ████████████████░░░░░░░░░  64%  Streaming frame 1869/2612
  ████████████████░░░░░░░░░  64%  Streaming frame 1870/2612
  ████████████████░░░░░░░░░  64%  Streaming frame 1871/2612
  ████████████████░░░░░░░░░  64%  Streaming frame 1872/2612
  ████████████████░░░░░░░░░  64%  Streaming frame 1873/2612
  ████████████████░░░░░░░░░  64%  Streaming frame 1874/2612
  ████████████████░░░░░░░░░  64%  Streaming frame 1875/2612
  ████████████████░░░░░░░░░  65%  Streaming frame 1876/2612
  ████████████████░░░░░░░░░  65%  Streaming frame 1877/2612
  ████████████████░░░░░░░░░  65%  Streaming frame 1878/2612
  ████████████████░░░░░░░░░  65%  Streaming frame 1879/2612
  ████████████████░░░░░░░░░  65%  Streaming frame 1880/2612
  ████████████████░░░░░░░░░  65%  Streaming frame 1881/2612
  ████████████████░░░░░░░░░  65%  Streaming frame 1882/2612
  ████████████████░░░░░░░░░  65%  Streaming frame 1883/2612
  ████████████████░░░░░░░░░  65%  Streaming frame 1884/2612
  ████████████████░░░░░░░░░  65%  Streaming frame 1885/2612
  ████████████████░░░░░░░░░  65%  Streaming frame 1886/2612
  ████████████████░░░░░░░░░  65%  Streaming frame 1887/2612
  ████████████████░░░░░░░░░  65%  Streaming frame 1888/2612
  ████████████████░░░░░░░░░  65%  Streaming frame 1889/2612
  ████████████████░░░░░░░░░  65%  Streaming frame 1890/2612
  ████████████████░░░░░░░░░  65%  Streaming frame 1891/2612
  ████████████████░░░░░░░░░  65%  Streaming frame 1892/2612
  ████████████████░░░░░░░░░  65%  Streaming frame 1893/2612
  ████████████████░░░░░░░░░  65%  Streaming frame 1894/2612
  ████████████████░░░░░░░░░  65%  Streaming frame 1895/2612
  ████████████████░░░░░░░░░  65%  Streaming frame 1896/2612
  ████████████████░░░░░░░░░  65%  Streaming frame 1897/2612
  ████████████████░░░░░░░░░  65%  Streaming frame 1898/2612
  ████████████████░░░░░░░░░  65%  Streaming frame 1899/2612
  ████████████████░░░░░░░░░  65%  Streaming frame 1900/2612
  ████████████████░░░░░░░░░  65%  Streaming frame 1901/2612
  ████████████████░░░░░░░░░  65%  Streaming frame 1902/2612
  ████████████████░░░░░░░░░  65%  Streaming frame 1903/2612
  ████████████████░░░░░░░░░  65%  Streaming frame 1904/2612
  ████████████████░░░░░░░░░  65%  Streaming frame 1905/2612
  ████████████████░░░░░░░░░  65%  Streaming frame 1906/2612
  ████████████████░░░░░░░░░  65%  Streaming frame 1907/2612
  ████████████████░░░░░░░░░  65%  Streaming frame 1908/2612
  ████████████████░░░░░░░░░  65%  Streaming frame 1909/2612
  ████████████████░░░░░░░░░  65%  Streaming frame 1910/2612
  ████████████████░░░░░░░░░  65%  Streaming frame 1911/2612
  ████████████████░░░░░░░░░  65%  Streaming frame 1912/2612
  ████████████████░░░░░░░░░  65%  Streaming frame 1913/2612
  ████████████████░░░░░░░░░  65%  Streaming frame 1914/2612
  ████████████████░░░░░░░░░  65%  Streaming frame 1915/2612
  ████████████████░░░░░░░░░  65%  Streaming frame 1916/2612
  ████████████████░░░░░░░░░  65%  Streaming frame 1917/2612
  ████████████████░░░░░░░░░  65%  Streaming frame 1918/2612
  ████████████████░░░░░░░░░  65%  Streaming frame 1919/2612
  ████████████████░░░░░░░░░  65%  Streaming frame 1920/2612
  ████████████████░░░░░░░░░  65%  Streaming frame 1921/2612
  ████████████████░░░░░░░░░  65%  Streaming frame 1922/2612
  ████████████████░░░░░░░░░  65%  Streaming frame 1923/2612
  ████████████████░░░░░░░░░  66%  Streaming frame 1924/2612
  ████████████████░░░░░░░░░  66%  Streaming frame 1925/2612
  ████████████████░░░░░░░░░  66%  Streaming frame 1926/2612
  ████████████████░░░░░░░░░  66%  Streaming frame 1927/2612
  ████████████████░░░░░░░░░  66%  Streaming frame 1928/2612
  ████████████████░░░░░░░░░  66%  Streaming frame 1929/2612
  ████████████████░░░░░░░░░  66%  Streaming frame 1930/2612
  ████████████████░░░░░░░░░  66%  Streaming frame 1931/2612
  ████████████████░░░░░░░░░  66%  Streaming frame 1932/2612
  ████████████████░░░░░░░░░  66%  Streaming frame 1933/2612
  ████████████████░░░░░░░░░  66%  Streaming frame 1934/2612
  ████████████████░░░░░░░░░  66%  Streaming frame 1935/2612
  ████████████████░░░░░░░░░  66%  Streaming frame 1936/2612
  ████████████████░░░░░░░░░  66%  Streaming frame 1937/2612
  ████████████████░░░░░░░░░  66%  Streaming frame 1938/2612
  ████████████████░░░░░░░░░  66%  Streaming frame 1939/2612
  ████████████████░░░░░░░░░  66%  Streaming frame 1940/2612
  ████████████████░░░░░░░░░  66%  Streaming frame 1941/2612
  ████████████████░░░░░░░░░  66%  Streaming frame 1942/2612
  ████████████████░░░░░░░░░  66%  Streaming frame 1943/2612
  ████████████████░░░░░░░░░  66%  Streaming frame 1944/2612
  ████████████████░░░░░░░░░  66%  Streaming frame 1945/2612
  ████████████████░░░░░░░░░  66%  Streaming frame 1946/2612
  ████████████████░░░░░░░░░  66%  Streaming frame 1947/2612
  ████████████████░░░░░░░░░  66%  Streaming frame 1948/2612
  ████████████████░░░░░░░░░  66%  Streaming frame 1949/2612
  ████████████████░░░░░░░░░  66%  Streaming frame 1950/2612
  ████████████████░░░░░░░░░  66%  Streaming frame 1951/2612
  ████████████████░░░░░░░░░  66%  Streaming frame 1952/2612
  ████████████████░░░░░░░░░  66%  Streaming frame 1953/2612
  ████████████████░░░░░░░░░  66%  Streaming frame 1954/2612
  ████████████████░░░░░░░░░  66%  Streaming frame 1955/2612
  ████████████████░░░░░░░░░  66%  Streaming frame 1956/2612
  ████████████████░░░░░░░░░  66%  Streaming frame 1957/2612
  ████████████████░░░░░░░░░  66%  Streaming frame 1958/2612
[INFO] [Render] drawElement self-verify passed {"renderJobId":"5f884068-b4c9-4051-814b-0aea84f268c6","frame":1958,"psnrDb":75.5}
  ████████████████░░░░░░░░░  66%  Streaming frame 1959/2612
  ████████████████░░░░░░░░░  66%  Streaming frame 1960/2612
  ████████████████░░░░░░░░░  66%  Streaming frame 1961/2612
  ████████████████░░░░░░░░░  66%  Streaming frame 1962/2612
  ████████████████░░░░░░░░░  66%  Streaming frame 1963/2612
  ████████████████░░░░░░░░░  66%  Streaming frame 1964/2612
  ████████████████░░░░░░░░░  66%  Streaming frame 1965/2612
  ████████████████░░░░░░░░░  66%  Streaming frame 1966/2612
  ████████████████░░░░░░░░░  66%  Streaming frame 1967/2612
  ████████████████░░░░░░░░░  66%  Streaming frame 1968/2612
  ████████████████░░░░░░░░░  66%  Streaming frame 1969/2612
  ████████████████░░░░░░░░░  66%  Streaming frame 1970/2612
  ████████████████░░░░░░░░░  67%  Streaming frame 1971/2612
  ████████████████░░░░░░░░░  67%  Streaming frame 1972/2612
  ████████████████░░░░░░░░░  67%  Streaming frame 1973/2612
  ████████████████░░░░░░░░░  67%  Streaming frame 1974/2612
  ████████████████░░░░░░░░░  67%  Streaming frame 1975/2612
  ████████████████░░░░░░░░░  67%  Streaming frame 1976/2612
  ████████████████░░░░░░░░░  67%  Streaming frame 1977/2612
  ████████████████░░░░░░░░░  67%  Streaming frame 1978/2612
  ████████████████░░░░░░░░░  67%  Streaming frame 1979/2612
  ████████████████░░░░░░░░░  67%  Streaming frame 1980/2612
  ████████████████░░░░░░░░░  67%  Streaming frame 1981/2612
  ████████████████░░░░░░░░░  67%  Streaming frame 1982/2612
  ████████████████░░░░░░░░░  67%  Streaming frame 1983/2612
  ████████████████░░░░░░░░░  67%  Streaming frame 1984/2612
  ████████████████░░░░░░░░░  67%  Streaming frame 1985/2612
  ████████████████░░░░░░░░░  67%  Streaming frame 1986/2612
  ████████████████░░░░░░░░░  67%  Streaming frame 1987/2612
  ████████████████░░░░░░░░░  67%  Streaming frame 1988/2612
  ████████████████░░░░░░░░░  67%  Streaming frame 1989/2612
  ████████████████░░░░░░░░░  67%  Streaming frame 1990/2612
  ████████████████░░░░░░░░░  67%  Streaming frame 1991/2612
  ████████████████░░░░░░░░░  67%  Streaming frame 1992/2612
  ████████████████░░░░░░░░░  67%  Streaming frame 1993/2612
  ████████████████░░░░░░░░░  67%  Streaming frame 1994/2612
  ████████████████░░░░░░░░░  67%  Streaming frame 1995/2612
  ████████████████░░░░░░░░░  67%  Streaming frame 1996/2612
  ████████████████░░░░░░░░░  67%  Streaming frame 1997/2612
  ████████████████░░░░░░░░░  67%  Streaming frame 1998/2612
  ████████████████░░░░░░░░░  67%  Streaming frame 1999/2612
  ████████████████░░░░░░░░░  67%  Streaming frame 2000/2612
  ████████████████░░░░░░░░░  67%  Streaming frame 2001/2612
  ████████████████░░░░░░░░░  67%  Streaming frame 2002/2612
  ████████████████░░░░░░░░░  67%  Streaming frame 2003/2612
  ████████████████░░░░░░░░░  67%  Streaming frame 2004/2612
  ████████████████░░░░░░░░░  67%  Streaming frame 2005/2612
  ████████████████░░░░░░░░░  67%  Streaming frame 2006/2612
  ████████████████░░░░░░░░░  67%  Streaming frame 2007/2612
  ████████████████░░░░░░░░░  67%  Streaming frame 2008/2612
  ████████████████░░░░░░░░░  67%  Streaming frame 2009/2612
  ████████████████░░░░░░░░░  67%  Streaming frame 2010/2612
  ████████████████░░░░░░░░░  67%  Streaming frame 2011/2612
  ████████████████░░░░░░░░░  67%  Streaming frame 2012/2612
  ████████████████░░░░░░░░░  67%  Streaming frame 2013/2612
  ████████████████░░░░░░░░░  67%  Streaming frame 2014/2612
  ████████████████░░░░░░░░░  67%  Streaming frame 2015/2612
  ████████████████░░░░░░░░░  67%  Streaming frame 2016/2612
  ████████████████░░░░░░░░░  67%  Streaming frame 2017/2612
  ████████████████░░░░░░░░░  67%  Streaming frame 2018/2612
  █████████████████░░░░░░░░  68%  Streaming frame 2019/2612
  █████████████████░░░░░░░░  68%  Streaming frame 2020/2612
  █████████████████░░░░░░░░  68%  Streaming frame 2021/2612
  █████████████████░░░░░░░░  68%  Streaming frame 2022/2612
  █████████████████░░░░░░░░  68%  Streaming frame 2023/2612
  █████████████████░░░░░░░░  68%  Streaming frame 2024/2612
  █████████████████░░░░░░░░  68%  Streaming frame 2025/2612
  █████████████████░░░░░░░░  68%  Streaming frame 2026/2612
  █████████████████░░░░░░░░  68%  Streaming frame 2027/2612
  █████████████████░░░░░░░░  68%  Streaming frame 2028/2612
  █████████████████░░░░░░░░  68%  Streaming frame 2029/2612
  █████████████████░░░░░░░░  68%  Streaming frame 2030/2612
  █████████████████░░░░░░░░  68%  Streaming frame 2031/2612
  █████████████████░░░░░░░░  68%  Streaming frame 2032/2612
  █████████████████░░░░░░░░  68%  Streaming frame 2033/2612
  █████████████████░░░░░░░░  68%  Streaming frame 2034/2612
  █████████████████░░░░░░░░  68%  Streaming frame 2035/2612
  █████████████████░░░░░░░░  68%  Streaming frame 2036/2612
  █████████████████░░░░░░░░  68%  Streaming frame 2037/2612
  █████████████████░░░░░░░░  68%  Streaming frame 2038/2612
  █████████████████░░░░░░░░  68%  Streaming frame 2039/2612
  █████████████████░░░░░░░░  68%  Streaming frame 2040/2612
  █████████████████░░░░░░░░  68%  Streaming frame 2041/2612
  █████████████████░░░░░░░░  68%  Streaming frame 2042/2612
  █████████████████░░░░░░░░  68%  Streaming frame 2043/2612
  █████████████████░░░░░░░░  68%  Streaming frame 2044/2612
  █████████████████░░░░░░░░  68%  Streaming frame 2045/2612
  █████████████████░░░░░░░░  68%  Streaming frame 2046/2612
  █████████████████░░░░░░░░  68%  Streaming frame 2047/2612
  █████████████████░░░░░░░░  68%  Streaming frame 2048/2612
  █████████████████░░░░░░░░  68%  Streaming frame 2049/2612
  █████████████████░░░░░░░░  68%  Streaming frame 2050/2612
  █████████████████░░░░░░░░  68%  Streaming frame 2051/2612
  █████████████████░░░░░░░░  68%  Streaming frame 2052/2612
  █████████████████░░░░░░░░  68%  Streaming frame 2053/2612
  █████████████████░░░░░░░░  68%  Streaming frame 2054/2612
  █████████████████░░░░░░░░  68%  Streaming frame 2055/2612
  █████████████████░░░░░░░░  68%  Streaming frame 2056/2612
  █████████████████░░░░░░░░  68%  Streaming frame 2057/2612
  █████████████████░░░░░░░░  68%  Streaming frame 2058/2612
  █████████████████░░░░░░░░  68%  Streaming frame 2059/2612
  █████████████████░░░░░░░░  68%  Streaming frame 2060/2612
  █████████████████░░░░░░░░  68%  Streaming frame 2061/2612
  █████████████████░░░░░░░░  68%  Streaming frame 2062/2612
  █████████████████░░░░░░░░  68%  Streaming frame 2063/2612
  █████████████████░░░░░░░░  68%  Streaming frame 2064/2612
  █████████████████░░░░░░░░  68%  Streaming frame 2065/2612
  █████████████████░░░░░░░░  69%  Streaming frame 2066/2612
  █████████████████░░░░░░░░  69%  Streaming frame 2067/2612
  █████████████████░░░░░░░░  69%  Streaming frame 2068/2612
  █████████████████░░░░░░░░  69%  Streaming frame 2069/2612
  █████████████████░░░░░░░░  69%  Streaming frame 2070/2612
  █████████████████░░░░░░░░  69%  Streaming frame 2071/2612
  █████████████████░░░░░░░░  69%  Streaming frame 2072/2612
  █████████████████░░░░░░░░  69%  Streaming frame 2073/2612
  █████████████████░░░░░░░░  69%  Streaming frame 2074/2612
  █████████████████░░░░░░░░  69%  Streaming frame 2075/2612
  █████████████████░░░░░░░░  69%  Streaming frame 2076/2612
  █████████████████░░░░░░░░  69%  Streaming frame 2077/2612
  █████████████████░░░░░░░░  69%  Streaming frame 2078/2612
  █████████████████░░░░░░░░  69%  Streaming frame 2079/2612
  █████████████████░░░░░░░░  69%  Streaming frame 2080/2612
  █████████████████░░░░░░░░  69%  Streaming frame 2081/2612
  █████████████████░░░░░░░░  69%  Streaming frame 2082/2612
  █████████████████░░░░░░░░  69%  Streaming frame 2083/2612
  █████████████████░░░░░░░░  69%  Streaming frame 2084/2612
  █████████████████░░░░░░░░  69%  Streaming frame 2085/2612
  █████████████████░░░░░░░░  69%  Streaming frame 2086/2612
  █████████████████░░░░░░░░  69%  Streaming frame 2087/2612
  █████████████████░░░░░░░░  69%  Streaming frame 2088/2612
  █████████████████░░░░░░░░  69%  Streaming frame 2089/2612
  █████████████████░░░░░░░░  69%  Streaming frame 2090/2612
  █████████████████░░░░░░░░  69%  Streaming frame 2091/2612
  █████████████████░░░░░░░░  69%  Streaming frame 2092/2612
  █████████████████░░░░░░░░  69%  Streaming frame 2093/2612
  █████████████████░░░░░░░░  69%  Streaming frame 2094/2612
  █████████████████░░░░░░░░  69%  Streaming frame 2095/2612
  █████████████████░░░░░░░░  69%  Streaming frame 2096/2612
  █████████████████░░░░░░░░  69%  Streaming frame 2097/2612
  █████████████████░░░░░░░░  69%  Streaming frame 2098/2612
  █████████████████░░░░░░░░  69%  Streaming frame 2099/2612
  █████████████████░░░░░░░░  69%  Streaming frame 2100/2612
  █████████████████░░░░░░░░  69%  Streaming frame 2101/2612
  █████████████████░░░░░░░░  69%  Streaming frame 2102/2612
  █████████████████░░░░░░░░  69%  Streaming frame 2103/2612
  █████████████████░░░░░░░░  69%  Streaming frame 2104/2612
  █████████████████░░░░░░░░  69%  Streaming frame 2105/2612
  █████████████████░░░░░░░░  69%  Streaming frame 2106/2612
  █████████████████░░░░░░░░  69%  Streaming frame 2107/2612
  █████████████████░░░░░░░░  69%  Streaming frame 2108/2612
  █████████████████░░░░░░░░  69%  Streaming frame 2109/2612
  █████████████████░░░░░░░░  69%  Streaming frame 2110/2612
  █████████████████░░░░░░░░  69%  Streaming frame 2111/2612
  █████████████████░░░░░░░░  69%  Streaming frame 2112/2612
  █████████████████░░░░░░░░  69%  Streaming frame 2113/2612
  █████████████████░░░░░░░░  70%  Streaming frame 2114/2612
  █████████████████░░░░░░░░  70%  Streaming frame 2115/2612
  █████████████████░░░░░░░░  70%  Streaming frame 2116/2612
  █████████████████░░░░░░░░  70%  Streaming frame 2117/2612
  █████████████████░░░░░░░░  70%  Streaming frame 2118/2612
  █████████████████░░░░░░░░  70%  Streaming frame 2119/2612
  █████████████████░░░░░░░░  70%  Streaming frame 2120/2612
  █████████████████░░░░░░░░  70%  Streaming frame 2121/2612
  █████████████████░░░░░░░░  70%  Streaming frame 2122/2612
  █████████████████░░░░░░░░  70%  Streaming frame 2123/2612
  █████████████████░░░░░░░░  70%  Streaming frame 2124/2612
  █████████████████░░░░░░░░  70%  Streaming frame 2125/2612
  █████████████████░░░░░░░░  70%  Streaming frame 2126/2612
  █████████████████░░░░░░░░  70%  Streaming frame 2127/2612
  █████████████████░░░░░░░░  70%  Streaming frame 2128/2612
  █████████████████░░░░░░░░  70%  Streaming frame 2129/2612
  █████████████████░░░░░░░░  70%  Streaming frame 2130/2612
  █████████████████░░░░░░░░  70%  Streaming frame 2131/2612
  █████████████████░░░░░░░░  70%  Streaming frame 2132/2612
  █████████████████░░░░░░░░  70%  Streaming frame 2133/2612
  █████████████████░░░░░░░░  70%  Streaming frame 2134/2612
  █████████████████░░░░░░░░  70%  Streaming frame 2135/2612
  █████████████████░░░░░░░░  70%  Streaming frame 2136/2612
  █████████████████░░░░░░░░  70%  Streaming frame 2137/2612
  █████████████████░░░░░░░░  70%  Streaming frame 2138/2612
  █████████████████░░░░░░░░  70%  Streaming frame 2139/2612
  █████████████████░░░░░░░░  70%  Streaming frame 2140/2612
  █████████████████░░░░░░░░  70%  Streaming frame 2141/2612
  █████████████████░░░░░░░░  70%  Streaming frame 2142/2612
  █████████████████░░░░░░░░  70%  Streaming frame 2143/2612
  █████████████████░░░░░░░░  70%  Streaming frame 2144/2612
  █████████████████░░░░░░░░  70%  Streaming frame 2145/2612
  █████████████████░░░░░░░░  70%  Streaming frame 2146/2612
  █████████████████░░░░░░░░  70%  Streaming frame 2147/2612
  █████████████████░░░░░░░░  70%  Streaming frame 2148/2612
  █████████████████░░░░░░░░  70%  Streaming frame 2149/2612
  █████████████████░░░░░░░░  70%  Streaming frame 2150/2612
  █████████████████░░░░░░░░  70%  Streaming frame 2151/2612
  █████████████████░░░░░░░░  70%  Streaming frame 2152/2612
  █████████████████░░░░░░░░  70%  Streaming frame 2153/2612
  █████████████████░░░░░░░░  70%  Streaming frame 2154/2612
  █████████████████░░░░░░░░  70%  Streaming frame 2155/2612
  █████████████████░░░░░░░░  70%  Streaming frame 2156/2612
  █████████████████░░░░░░░░  70%  Streaming frame 2157/2612
  █████████████████░░░░░░░░  70%  Streaming frame 2158/2612
  █████████████████░░░░░░░░  70%  Streaming frame 2159/2612
  █████████████████░░░░░░░░  70%  Streaming frame 2160/2612
  █████████████████░░░░░░░░  71%  Streaming frame 2161/2612
  █████████████████░░░░░░░░  71%  Streaming frame 2162/2612
  █████████████████░░░░░░░░  71%  Streaming frame 2163/2612
  █████████████████░░░░░░░░  71%  Streaming frame 2164/2612
  █████████████████░░░░░░░░  71%  Streaming frame 2165/2612
  █████████████████░░░░░░░░  71%  Streaming frame 2166/2612
  █████████████████░░░░░░░░  71%  Streaming frame 2167/2612
  █████████████████░░░░░░░░  71%  Streaming frame 2168/2612
  █████████████████░░░░░░░░  71%  Streaming frame 2169/2612
  █████████████████░░░░░░░░  71%  Streaming frame 2170/2612
  █████████████████░░░░░░░░  71%  Streaming frame 2171/2612
  █████████████████░░░░░░░░  71%  Streaming frame 2172/2612
  █████████████████░░░░░░░░  71%  Streaming frame 2173/2612
  █████████████████░░░░░░░░  71%  Streaming frame 2174/2612
  █████████████████░░░░░░░░  71%  Streaming frame 2175/2612
  █████████████████░░░░░░░░  71%  Streaming frame 2176/2612
  █████████████████░░░░░░░░  71%  Streaming frame 2177/2612
  █████████████████░░░░░░░░  71%  Streaming frame 2178/2612
  █████████████████░░░░░░░░  71%  Streaming frame 2179/2612
  █████████████████░░░░░░░░  71%  Streaming frame 2180/2612
  █████████████████░░░░░░░░  71%  Streaming frame 2181/2612
  █████████████████░░░░░░░░  71%  Streaming frame 2182/2612
  █████████████████░░░░░░░░  71%  Streaming frame 2183/2612
  █████████████████░░░░░░░░  71%  Streaming frame 2184/2612
  █████████████████░░░░░░░░  71%  Streaming frame 2185/2612
  █████████████████░░░░░░░░  71%  Streaming frame 2186/2612
  █████████████████░░░░░░░░  71%  Streaming frame 2187/2612
  █████████████████░░░░░░░░  71%  Streaming frame 2188/2612
  █████████████████░░░░░░░░  71%  Streaming frame 2189/2612
  █████████████████░░░░░░░░  71%  Streaming frame 2190/2612
  █████████████████░░░░░░░░  71%  Streaming frame 2191/2612
  █████████████████░░░░░░░░  71%  Streaming frame 2192/2612
  █████████████████░░░░░░░░  71%  Streaming frame 2193/2612
  █████████████████░░░░░░░░  71%  Streaming frame 2194/2612
  █████████████████░░░░░░░░  71%  Streaming frame 2195/2612
  █████████████████░░░░░░░░  71%  Streaming frame 2196/2612
  █████████████████░░░░░░░░  71%  Streaming frame 2197/2612
  █████████████████░░░░░░░░  71%  Streaming frame 2198/2612
  █████████████████░░░░░░░░  71%  Streaming frame 2199/2612
  █████████████████░░░░░░░░  71%  Streaming frame 2200/2612
  █████████████████░░░░░░░░  71%  Streaming frame 2201/2612
  █████████████████░░░░░░░░  71%  Streaming frame 2202/2612
  █████████████████░░░░░░░░  71%  Streaming frame 2203/2612
  █████████████████░░░░░░░░  71%  Streaming frame 2204/2612
  █████████████████░░░░░░░░  71%  Streaming frame 2205/2612
  █████████████████░░░░░░░░  71%  Streaming frame 2206/2612
  █████████████████░░░░░░░░  71%  Streaming frame 2207/2612
  █████████████████░░░░░░░░  71%  Streaming frame 2208/2612
  ██████████████████░░░░░░░  72%  Streaming frame 2209/2612
  ██████████████████░░░░░░░  72%  Streaming frame 2210/2612
  ██████████████████░░░░░░░  72%  Streaming frame 2211/2612
  ██████████████████░░░░░░░  72%  Streaming frame 2212/2612
  ██████████████████░░░░░░░  72%  Streaming frame 2213/2612
  ██████████████████░░░░░░░  72%  Streaming frame 2214/2612
  ██████████████████░░░░░░░  72%  Streaming frame 2215/2612
  ██████████████████░░░░░░░  72%  Streaming frame 2216/2612
  ██████████████████░░░░░░░  72%  Streaming frame 2217/2612
  ██████████████████░░░░░░░  72%  Streaming frame 2218/2612
  ██████████████████░░░░░░░  72%  Streaming frame 2219/2612
  ██████████████████░░░░░░░  72%  Streaming frame 2220/2612
  ██████████████████░░░░░░░  72%  Streaming frame 2221/2612
  ██████████████████░░░░░░░  72%  Streaming frame 2222/2612
  ██████████████████░░░░░░░  72%  Streaming frame 2223/2612
  ██████████████████░░░░░░░  72%  Streaming frame 2224/2612
  ██████████████████░░░░░░░  72%  Streaming frame 2225/2612
  ██████████████████░░░░░░░  72%  Streaming frame 2226/2612
  ██████████████████░░░░░░░  72%  Streaming frame 2227/2612
  ██████████████████░░░░░░░  72%  Streaming frame 2228/2612
  ██████████████████░░░░░░░  72%  Streaming frame 2229/2612
  ██████████████████░░░░░░░  72%  Streaming frame 2230/2612
  ██████████████████░░░░░░░  72%  Streaming frame 2231/2612
  ██████████████████░░░░░░░  72%  Streaming frame 2232/2612
  ██████████████████░░░░░░░  72%  Streaming frame 2233/2612
  ██████████████████░░░░░░░  72%  Streaming frame 2234/2612
  ██████████████████░░░░░░░  72%  Streaming frame 2235/2612
  ██████████████████░░░░░░░  72%  Streaming frame 2236/2612
  ██████████████████░░░░░░░  72%  Streaming frame 2237/2612
  ██████████████████░░░░░░░  72%  Streaming frame 2238/2612
  ██████████████████░░░░░░░  72%  Streaming frame 2239/2612
  ██████████████████░░░░░░░  72%  Streaming frame 2240/2612
  ██████████████████░░░░░░░  72%  Streaming frame 2241/2612
  ██████████████████░░░░░░░  72%  Streaming frame 2242/2612
  ██████████████████░░░░░░░  72%  Streaming frame 2243/2612
  ██████████████████░░░░░░░  72%  Streaming frame 2244/2612
  ██████████████████░░░░░░░  72%  Streaming frame 2245/2612
  ██████████████████░░░░░░░  72%  Streaming frame 2246/2612
  ██████████████████░░░░░░░  72%  Streaming frame 2247/2612
  ██████████████████░░░░░░░  72%  Streaming frame 2248/2612
  ██████████████████░░░░░░░  72%  Streaming frame 2249/2612
  ██████████████████░░░░░░░  72%  Streaming frame 2250/2612
  ██████████████████░░░░░░░  72%  Streaming frame 2251/2612
  ██████████████████░░░░░░░  72%  Streaming frame 2252/2612
  ██████████████████░░░░░░░  72%  Streaming frame 2253/2612
  ██████████████████░░░░░░░  72%  Streaming frame 2254/2612
  ██████████████████░░░░░░░  72%  Streaming frame 2255/2612
  ██████████████████░░░░░░░  73%  Streaming frame 2256/2612
  ██████████████████░░░░░░░  73%  Streaming frame 2257/2612
  ██████████████████░░░░░░░  73%  Streaming frame 2258/2612
  ██████████████████░░░░░░░  73%  Streaming frame 2259/2612
  ██████████████████░░░░░░░  73%  Streaming frame 2260/2612
  ██████████████████░░░░░░░  73%  Streaming frame 2261/2612
  ██████████████████░░░░░░░  73%  Streaming frame 2262/2612
  ██████████████████░░░░░░░  73%  Streaming frame 2263/2612
  ██████████████████░░░░░░░  73%  Streaming frame 2264/2612
  ██████████████████░░░░░░░  73%  Streaming frame 2265/2612
  ██████████████████░░░░░░░  73%  Streaming frame 2266/2612
  ██████████████████░░░░░░░  73%  Streaming frame 2267/2612
  ██████████████████░░░░░░░  73%  Streaming frame 2268/2612
  ██████████████████░░░░░░░  73%  Streaming frame 2269/2612
  ██████████████████░░░░░░░  73%  Streaming frame 2270/2612
  ██████████████████░░░░░░░  73%  Streaming frame 2271/2612
  ██████████████████░░░░░░░  73%  Streaming frame 2272/2612
  ██████████████████░░░░░░░  73%  Streaming frame 2273/2612
  ██████████████████░░░░░░░  73%  Streaming frame 2274/2612
  ██████████████████░░░░░░░  73%  Streaming frame 2275/2612
  ██████████████████░░░░░░░  73%  Streaming frame 2276/2612
  ██████████████████░░░░░░░  73%  Streaming frame 2277/2612
  ██████████████████░░░░░░░  73%  Streaming frame 2278/2612
  ██████████████████░░░░░░░  73%  Streaming frame 2279/2612
  ██████████████████░░░░░░░  73%  Streaming frame 2280/2612
  ██████████████████░░░░░░░  73%  Streaming frame 2281/2612
  ██████████████████░░░░░░░  73%  Streaming frame 2282/2612
  ██████████████████░░░░░░░  73%  Streaming frame 2283/2612
  ██████████████████░░░░░░░  73%  Streaming frame 2284/2612
  ██████████████████░░░░░░░  73%  Streaming frame 2285/2612
  ██████████████████░░░░░░░  73%  Streaming frame 2286/2612
  ██████████████████░░░░░░░  73%  Streaming frame 2287/2612
  ██████████████████░░░░░░░  73%  Streaming frame 2288/2612
  ██████████████████░░░░░░░  73%  Streaming frame 2289/2612
  ██████████████████░░░░░░░  73%  Streaming frame 2290/2612
  ██████████████████░░░░░░░  73%  Streaming frame 2291/2612
  ██████████████████░░░░░░░  73%  Streaming frame 2292/2612
  ██████████████████░░░░░░░  73%  Streaming frame 2293/2612
  ██████████████████░░░░░░░  73%  Streaming frame 2294/2612
  ██████████████████░░░░░░░  73%  Streaming frame 2295/2612
  ██████████████████░░░░░░░  73%  Streaming frame 2296/2612
  ██████████████████░░░░░░░  73%  Streaming frame 2297/2612
  ██████████████████░░░░░░░  73%  Streaming frame 2298/2612
  ██████████████████░░░░░░░  73%  Streaming frame 2299/2612
  ██████████████████░░░░░░░  73%  Streaming frame 2300/2612
  ██████████████████░░░░░░░  73%  Streaming frame 2301/2612
  ██████████████████░░░░░░░  73%  Streaming frame 2302/2612
  ██████████████████░░░░░░░  73%  Streaming frame 2303/2612
  ██████████████████░░░░░░░  74%  Streaming frame 2304/2612
  ██████████████████░░░░░░░  74%  Streaming frame 2305/2612
  ██████████████████░░░░░░░  74%  Streaming frame 2306/2612
  ██████████████████░░░░░░░  74%  Streaming frame 2307/2612
  ██████████████████░░░░░░░  74%  Streaming frame 2308/2612
  ██████████████████░░░░░░░  74%  Streaming frame 2309/2612
  ██████████████████░░░░░░░  74%  Streaming frame 2310/2612
  ██████████████████░░░░░░░  74%  Streaming frame 2311/2612
  ██████████████████░░░░░░░  74%  Streaming frame 2312/2612
  ██████████████████░░░░░░░  74%  Streaming frame 2313/2612
  ██████████████████░░░░░░░  74%  Streaming frame 2314/2612
  ██████████████████░░░░░░░  74%  Streaming frame 2315/2612
  ██████████████████░░░░░░░  74%  Streaming frame 2316/2612
  ██████████████████░░░░░░░  74%  Streaming frame 2317/2612
  ██████████████████░░░░░░░  74%  Streaming frame 2318/2612
  ██████████████████░░░░░░░  74%  Streaming frame 2319/2612
  ██████████████████░░░░░░░  74%  Streaming frame 2320/2612
  ██████████████████░░░░░░░  74%  Streaming frame 2321/2612
  ██████████████████░░░░░░░  74%  Streaming frame 2322/2612
  ██████████████████░░░░░░░  74%  Streaming frame 2323/2612
  ██████████████████░░░░░░░  74%  Streaming frame 2324/2612
  ██████████████████░░░░░░░  74%  Streaming frame 2325/2612
  ██████████████████░░░░░░░  74%  Streaming frame 2326/2612
  ██████████████████░░░░░░░  74%  Streaming frame 2327/2612
  ██████████████████░░░░░░░  74%  Streaming frame 2328/2612
  ██████████████████░░░░░░░  74%  Streaming frame 2329/2612
  ██████████████████░░░░░░░  74%  Streaming frame 2330/2612
  ██████████████████░░░░░░░  74%  Streaming frame 2331/2612
  ██████████████████░░░░░░░  74%  Streaming frame 2332/2612
  ██████████████████░░░░░░░  74%  Streaming frame 2333/2612
  ██████████████████░░░░░░░  74%  Streaming frame 2334/2612
  ██████████████████░░░░░░░  74%  Streaming frame 2335/2612
  ██████████████████░░░░░░░  74%  Streaming frame 2336/2612
  ██████████████████░░░░░░░  74%  Streaming frame 2337/2612
  ██████████████████░░░░░░░  74%  Streaming frame 2338/2612
  ██████████████████░░░░░░░  74%  Streaming frame 2339/2612
  ██████████████████░░░░░░░  74%  Streaming frame 2340/2612
  ██████████████████░░░░░░░  74%  Streaming frame 2341/2612
  ██████████████████░░░░░░░  74%  Streaming frame 2342/2612
  ██████████████████░░░░░░░  74%  Streaming frame 2343/2612
  ██████████████████░░░░░░░  74%  Streaming frame 2344/2612
  ██████████████████░░░░░░░  74%  Streaming frame 2345/2612
  ██████████████████░░░░░░░  74%  Streaming frame 2346/2612
  ██████████████████░░░░░░░  74%  Streaming frame 2347/2612
  ██████████████████░░░░░░░  74%  Streaming frame 2348/2612
  ██████████████████░░░░░░░  74%  Streaming frame 2349/2612
  ██████████████████░░░░░░░  74%  Streaming frame 2350/2612
  ██████████████████░░░░░░░  75%  Streaming frame 2351/2612
  ██████████████████░░░░░░░  75%  Streaming frame 2352/2612
  ██████████████████░░░░░░░  75%  Streaming frame 2353/2612
  ██████████████████░░░░░░░  75%  Streaming frame 2354/2612
  ██████████████████░░░░░░░  75%  Streaming frame 2355/2612
  ██████████████████░░░░░░░  75%  Streaming frame 2356/2612
  ██████████████████░░░░░░░  75%  Streaming frame 2357/2612
  ██████████████████░░░░░░░  75%  Streaming frame 2358/2612
  ██████████████████░░░░░░░  75%  Streaming frame 2359/2612
  ██████████████████░░░░░░░  75%  Streaming frame 2360/2612
  ██████████████████░░░░░░░  75%  Streaming frame 2361/2612
  ██████████████████░░░░░░░  75%  Streaming frame 2362/2612
  ██████████████████░░░░░░░  75%  Streaming frame 2363/2612
  ██████████████████░░░░░░░  75%  Streaming frame 2364/2612
  ██████████████████░░░░░░░  75%  Streaming frame 2365/2612
  ██████████████████░░░░░░░  75%  Streaming frame 2366/2612
  ██████████████████░░░░░░░  75%  Streaming frame 2367/2612
  ██████████████████░░░░░░░  75%  Streaming frame 2368/2612
  ██████████████████░░░░░░░  75%  Streaming frame 2369/2612
  ██████████████████░░░░░░░  75%  Streaming frame 2370/2612
  ██████████████████░░░░░░░  75%  Streaming frame 2371/2612
  ██████████████████░░░░░░░  75%  Streaming frame 2372/2612
  ██████████████████░░░░░░░  75%  Streaming frame 2373/2612
  ██████████████████░░░░░░░  75%  Streaming frame 2374/2612
  ██████████████████░░░░░░░  75%  Streaming frame 2375/2612
  ██████████████████░░░░░░░  75%  Streaming frame 2376/2612
  ██████████████████░░░░░░░  75%  Streaming frame 2377/2612
  ██████████████████░░░░░░░  75%  Streaming frame 2378/2612
  ██████████████████░░░░░░░  75%  Streaming frame 2379/2612
  ██████████████████░░░░░░░  75%  Streaming frame 2380/2612
  ██████████████████░░░░░░░  75%  Streaming frame 2381/2612
  ██████████████████░░░░░░░  75%  Streaming frame 2382/2612
  ██████████████████░░░░░░░  75%  Streaming frame 2383/2612
  ██████████████████░░░░░░░  75%  Streaming frame 2384/2612
  ██████████████████░░░░░░░  75%  Streaming frame 2385/2612
  ██████████████████░░░░░░░  75%  Streaming frame 2386/2612
  ██████████████████░░░░░░░  75%  Streaming frame 2387/2612
  ██████████████████░░░░░░░  75%  Streaming frame 2388/2612
  ██████████████████░░░░░░░  75%  Streaming frame 2389/2612
  ██████████████████░░░░░░░  75%  Streaming frame 2390/2612
  ██████████████████░░░░░░░  75%  Streaming frame 2391/2612
  ██████████████████░░░░░░░  75%  Streaming frame 2392/2612
  ██████████████████░░░░░░░  75%  Streaming frame 2393/2612
  ██████████████████░░░░░░░  75%  Streaming frame 2394/2612
  ██████████████████░░░░░░░  75%  Streaming frame 2395/2612
  ██████████████████░░░░░░░  75%  Streaming frame 2396/2612
  ██████████████████░░░░░░░  75%  Streaming frame 2397/2612
  ██████████████████░░░░░░░  75%  Streaming frame 2398/2612
  ███████████████████░░░░░░  76%  Streaming frame 2399/2612
  ███████████████████░░░░░░  76%  Streaming frame 2400/2612
  ███████████████████░░░░░░  76%  Streaming frame 2401/2612
  ███████████████████░░░░░░  76%  Streaming frame 2402/2612
  ███████████████████░░░░░░  76%  Streaming frame 2403/2612
  ███████████████████░░░░░░  76%  Streaming frame 2404/2612
  ███████████████████░░░░░░  76%  Streaming frame 2405/2612
  ███████████████████░░░░░░  76%  Streaming frame 2406/2612
  ███████████████████░░░░░░  76%  Streaming frame 2407/2612
  ███████████████████░░░░░░  76%  Streaming frame 2408/2612
  ███████████████████░░░░░░  76%  Streaming frame 2409/2612
  ███████████████████░░░░░░  76%  Streaming frame 2410/2612
  ███████████████████░░░░░░  76%  Streaming frame 2411/2612
  ███████████████████░░░░░░  76%  Streaming frame 2412/2612
  ███████████████████░░░░░░  76%  Streaming frame 2413/2612
  ███████████████████░░░░░░  76%  Streaming frame 2414/2612
  ███████████████████░░░░░░  76%  Streaming frame 2415/2612
  ███████████████████░░░░░░  76%  Streaming frame 2416/2612
  ███████████████████░░░░░░  76%  Streaming frame 2417/2612
  ███████████████████░░░░░░  76%  Streaming frame 2418/2612
  ███████████████████░░░░░░  76%  Streaming frame 2419/2612
  ███████████████████░░░░░░  76%  Streaming frame 2420/2612
  ███████████████████░░░░░░  76%  Streaming frame 2421/2612
  ███████████████████░░░░░░  76%  Streaming frame 2422/2612
  ███████████████████░░░░░░  76%  Streaming frame 2423/2612
  ███████████████████░░░░░░  76%  Streaming frame 2424/2612
  ███████████████████░░░░░░  76%  Streaming frame 2425/2612
  ███████████████████░░░░░░  76%  Streaming frame 2426/2612
  ███████████████████░░░░░░  76%  Streaming frame 2427/2612
  ███████████████████░░░░░░  76%  Streaming frame 2428/2612
  ███████████████████░░░░░░  76%  Streaming frame 2429/2612
  ███████████████████░░░░░░  76%  Streaming frame 2430/2612
  ███████████████████░░░░░░  76%  Streaming frame 2431/2612
  ███████████████████░░░░░░  76%  Streaming frame 2432/2612
  ███████████████████░░░░░░  76%  Streaming frame 2433/2612
  ███████████████████░░░░░░  76%  Streaming frame 2434/2612
  ███████████████████░░░░░░  76%  Streaming frame 2435/2612
  ███████████████████░░░░░░  76%  Streaming frame 2436/2612
  ███████████████████░░░░░░  76%  Streaming frame 2437/2612
  ███████████████████░░░░░░  76%  Streaming frame 2438/2612
  ███████████████████░░░░░░  76%  Streaming frame 2439/2612
  ███████████████████░░░░░░  76%  Streaming frame 2440/2612
  ███████████████████░░░░░░  76%  Streaming frame 2441/2612
  ███████████████████░░░░░░  76%  Streaming frame 2442/2612
  ███████████████████░░░░░░  76%  Streaming frame 2443/2612
  ███████████████████░░░░░░  76%  Streaming frame 2444/2612
  ███████████████████░░░░░░  76%  Streaming frame 2445/2612
  ███████████████████░░░░░░  77%  Streaming frame 2446/2612
  ███████████████████░░░░░░  77%  Streaming frame 2447/2612
  ███████████████████░░░░░░  77%  Streaming frame 2448/2612
  ███████████████████░░░░░░  77%  Streaming frame 2449/2612
  ███████████████████░░░░░░  77%  Streaming frame 2450/2612
  ███████████████████░░░░░░  77%  Streaming frame 2451/2612
  ███████████████████░░░░░░  77%  Streaming frame 2452/2612
  ███████████████████░░░░░░  77%  Streaming frame 2453/2612
  ███████████████████░░░░░░  77%  Streaming frame 2454/2612
  ███████████████████░░░░░░  77%  Streaming frame 2455/2612
  ███████████████████░░░░░░  77%  Streaming frame 2456/2612
  ███████████████████░░░░░░  77%  Streaming frame 2457/2612
  ███████████████████░░░░░░  77%  Streaming frame 2458/2612
  ███████████████████░░░░░░  77%  Streaming frame 2459/2612
  ███████████████████░░░░░░  77%  Streaming frame 2460/2612
  ███████████████████░░░░░░  77%  Streaming frame 2461/2612
  ███████████████████░░░░░░  77%  Streaming frame 2462/2612
  ███████████████████░░░░░░  77%  Streaming frame 2463/2612
  ███████████████████░░░░░░  77%  Streaming frame 2464/2612
  ███████████████████░░░░░░  77%  Streaming frame 2465/2612
  ███████████████████░░░░░░  77%  Streaming frame 2466/2612
  ███████████████████░░░░░░  77%  Streaming frame 2467/2612
  ███████████████████░░░░░░  77%  Streaming frame 2468/2612
  ███████████████████░░░░░░  77%  Streaming frame 2469/2612
  ███████████████████░░░░░░  77%  Streaming frame 2470/2612
  ███████████████████░░░░░░  77%  Streaming frame 2471/2612
  ███████████████████░░░░░░  77%  Streaming frame 2472/2612
  ███████████████████░░░░░░  77%  Streaming frame 2473/2612
  ███████████████████░░░░░░  77%  Streaming frame 2474/2612
  ███████████████████░░░░░░  77%  Streaming frame 2475/2612
  ███████████████████░░░░░░  77%  Streaming frame 2476/2612
  ███████████████████░░░░░░  77%  Streaming frame 2477/2612
  ███████████████████░░░░░░  77%  Streaming frame 2478/2612
  ███████████████████░░░░░░  77%  Streaming frame 2479/2612
  ███████████████████░░░░░░  77%  Streaming frame 2480/2612
[INFO] [Render] drawElement self-verify passed {"renderJobId":"5f884068-b4c9-4051-814b-0aea84f268c6","frame":2480,"psnrDb":79.1}
  ███████████████████░░░░░░  77%  Streaming frame 2481/2612
  ███████████████████░░░░░░  77%  Streaming frame 2482/2612
  ███████████████████░░░░░░  77%  Streaming frame 2483/2612
  ███████████████████░░░░░░  77%  Streaming frame 2484/2612
  ███████████████████░░░░░░  77%  Streaming frame 2485/2612
  ███████████████████░░░░░░  77%  Streaming frame 2486/2612
  ███████████████████░░░░░░  77%  Streaming frame 2487/2612
  ███████████████████░░░░░░  77%  Streaming frame 2488/2612
  ███████████████████░░░░░░  77%  Streaming frame 2489/2612
  ███████████████████░░░░░░  77%  Streaming frame 2490/2612
  ███████████████████░░░░░░  77%  Streaming frame 2491/2612
  ███████████████████░░░░░░  77%  Streaming frame 2492/2612
  ███████████████████░░░░░░  77%  Streaming frame 2493/2612
  ███████████████████░░░░░░  78%  Streaming frame 2494/2612
  ███████████████████░░░░░░  78%  Streaming frame 2495/2612
  ███████████████████░░░░░░  78%  Streaming frame 2496/2612
  ███████████████████░░░░░░  78%  Streaming frame 2497/2612
  ███████████████████░░░░░░  78%  Streaming frame 2498/2612
  ███████████████████░░░░░░  78%  Streaming frame 2499/2612
  ███████████████████░░░░░░  78%  Streaming frame 2500/2612
  ███████████████████░░░░░░  78%  Streaming frame 2501/2612
  ███████████████████░░░░░░  78%  Streaming frame 2502/2612
  ███████████████████░░░░░░  78%  Streaming frame 2503/2612
  ███████████████████░░░░░░  78%  Streaming frame 2504/2612
  ███████████████████░░░░░░  78%  Streaming frame 2505/2612
  ███████████████████░░░░░░  78%  Streaming frame 2506/2612
  ███████████████████░░░░░░  78%  Streaming frame 2507/2612
  ███████████████████░░░░░░  78%  Streaming frame 2508/2612
  ███████████████████░░░░░░  78%  Streaming frame 2509/2612
  ███████████████████░░░░░░  78%  Streaming frame 2510/2612
  ███████████████████░░░░░░  78%  Streaming frame 2511/2612
  ███████████████████░░░░░░  78%  Streaming frame 2512/2612
  ███████████████████░░░░░░  78%  Streaming frame 2513/2612
  ███████████████████░░░░░░  78%  Streaming frame 2514/2612
  ███████████████████░░░░░░  78%  Streaming frame 2515/2612
  ███████████████████░░░░░░  78%  Streaming frame 2516/2612
  ███████████████████░░░░░░  78%  Streaming frame 2517/2612
  ███████████████████░░░░░░  78%  Streaming frame 2518/2612
  ███████████████████░░░░░░  78%  Streaming frame 2519/2612
  ███████████████████░░░░░░  78%  Streaming frame 2520/2612
  ███████████████████░░░░░░  78%  Streaming frame 2521/2612
  ███████████████████░░░░░░  78%  Streaming frame 2522/2612
  ███████████████████░░░░░░  78%  Streaming frame 2523/2612
  ███████████████████░░░░░░  78%  Streaming frame 2524/2612
  ███████████████████░░░░░░  78%  Streaming frame 2525/2612
  ███████████████████░░░░░░  78%  Streaming frame 2526/2612
  ███████████████████░░░░░░  78%  Streaming frame 2527/2612
  ███████████████████░░░░░░  78%  Streaming frame 2528/2612
  ███████████████████░░░░░░  78%  Streaming frame 2529/2612
  ███████████████████░░░░░░  78%  Streaming frame 2530/2612
  ███████████████████░░░░░░  78%  Streaming frame 2531/2612
  ███████████████████░░░░░░  78%  Streaming frame 2532/2612
  ███████████████████░░░░░░  78%  Streaming frame 2533/2612
  ███████████████████░░░░░░  78%  Streaming frame 2534/2612
  ███████████████████░░░░░░  78%  Streaming frame 2535/2612
  ███████████████████░░░░░░  78%  Streaming frame 2536/2612
  ███████████████████░░░░░░  78%  Streaming frame 2537/2612
  ███████████████████░░░░░░  78%  Streaming frame 2538/2612
  ███████████████████░░░░░░  78%  Streaming frame 2539/2612
  ███████████████████░░░░░░  78%  Streaming frame 2540/2612
  ███████████████████░░░░░░  79%  Streaming frame 2541/2612
  ███████████████████░░░░░░  79%  Streaming frame 2542/2612
  ███████████████████░░░░░░  79%  Streaming frame 2543/2612
  ███████████████████░░░░░░  79%  Streaming frame 2544/2612
  ███████████████████░░░░░░  79%  Streaming frame 2545/2612
  ███████████████████░░░░░░  79%  Streaming frame 2546/2612
  ███████████████████░░░░░░  79%  Streaming frame 2547/2612
  ███████████████████░░░░░░  79%  Streaming frame 2548/2612
  ███████████████████░░░░░░  79%  Streaming frame 2549/2612
  ███████████████████░░░░░░  79%  Streaming frame 2550/2612
  ███████████████████░░░░░░  79%  Streaming frame 2551/2612
  ███████████████████░░░░░░  79%  Streaming frame 2552/2612
  ███████████████████░░░░░░  79%  Streaming frame 2553/2612
  ███████████████████░░░░░░  79%  Streaming frame 2554/2612
  ███████████████████░░░░░░  79%  Streaming frame 2555/2612
  ███████████████████░░░░░░  79%  Streaming frame 2556/2612
  ███████████████████░░░░░░  79%  Streaming frame 2557/2612
  ███████████████████░░░░░░  79%  Streaming frame 2558/2612
  ███████████████████░░░░░░  79%  Streaming frame 2559/2612
  ███████████████████░░░░░░  79%  Streaming frame 2560/2612
  ███████████████████░░░░░░  79%  Streaming frame 2561/2612
  ███████████████████░░░░░░  79%  Streaming frame 2562/2612
  ███████████████████░░░░░░  79%  Streaming frame 2563/2612
  ███████████████████░░░░░░  79%  Streaming frame 2564/2612
  ███████████████████░░░░░░  79%  Streaming frame 2565/2612
  ███████████████████░░░░░░  79%  Streaming frame 2566/2612
  ███████████████████░░░░░░  79%  Streaming frame 2567/2612
  ███████████████████░░░░░░  79%  Streaming frame 2568/2612
  ███████████████████░░░░░░  79%  Streaming frame 2569/2612
  ███████████████████░░░░░░  79%  Streaming frame 2570/2612
  ███████████████████░░░░░░  79%  Streaming frame 2571/2612
  ███████████████████░░░░░░  79%  Streaming frame 2572/2612
  ███████████████████░░░░░░  79%  Streaming frame 2573/2612
  ███████████████████░░░░░░  79%  Streaming frame 2574/2612
  ███████████████████░░░░░░  79%  Streaming frame 2575/2612
  ███████████████████░░░░░░  79%  Streaming frame 2576/2612
  ███████████████████░░░░░░  79%  Streaming frame 2577/2612
  ███████████████████░░░░░░  79%  Streaming frame 2578/2612
  ███████████████████░░░░░░  79%  Streaming frame 2579/2612
  ███████████████████░░░░░░  79%  Streaming frame 2580/2612
  ███████████████████░░░░░░  79%  Streaming frame 2581/2612
  ███████████████████░░░░░░  79%  Streaming frame 2582/2612
  ███████████████████░░░░░░  79%  Streaming frame 2583/2612
  ███████████████████░░░░░░  79%  Streaming frame 2584/2612
  ███████████████████░░░░░░  79%  Streaming frame 2585/2612
  ███████████████████░░░░░░  79%  Streaming frame 2586/2612
  ███████████████████░░░░░░  79%  Streaming frame 2587/2612
  ███████████████████░░░░░░  79%  Streaming frame 2588/2612
  ████████████████████░░░░░  80%  Streaming frame 2589/2612
  ████████████████████░░░░░  80%  Streaming frame 2590/2612
  ████████████████████░░░░░  80%  Streaming frame 2591/2612
  ████████████████████░░░░░  80%  Streaming frame 2592/2612
  ████████████████████░░░░░  80%  Streaming frame 2593/2612
  ████████████████████░░░░░  80%  Streaming frame 2594/2612
  ████████████████████░░░░░  80%  Streaming frame 2595/2612
  ████████████████████░░░░░  80%  Streaming frame 2596/2612
  ████████████████████░░░░░  80%  Streaming frame 2597/2612
  ████████████████████░░░░░  80%  Streaming frame 2598/2612
  ████████████████████░░░░░  80%  Streaming frame 2599/2612
  ████████████████████░░░░░  80%  Streaming frame 2600/2612
  ████████████████████░░░░░  80%  Streaming frame 2601/2612
  ████████████████████░░░░░  80%  Streaming frame 2602/2612
  ████████████████████░░░░░  80%  Streaming frame 2603/2612
  ████████████████████░░░░░  80%  Streaming frame 2604/2612
  ████████████████████░░░░░  80%  Streaming frame 2605/2612
  ████████████████████░░░░░  80%  Streaming frame 2606/2612
  ████████████████████░░░░░  80%  Streaming frame 2607/2612
  ████████████████████░░░░░  80%  Streaming frame 2608/2612
  ████████████████████░░░░░  80%  Streaming frame 2609/2612
  ████████████████████░░░░░  80%  Streaming frame 2610/2612
  ████████████████████░░░░░  80%  Streaming frame 2611/2612
  ████████████████████░░░░░  80%  Streaming frame 2612/2612
[static-dedup] reused 1852/4464 frame(s) (41%), est. ~9260ms saved (avg 5ms/frame)
[INFO] [Render:trace] {"renderJobId":"5f884068-b4c9-4051-814b-0aea84f268c6","phase":"capture_streaming","status":"end","elapsedMs":23563,"durationMs":21405,"stagePhase":"capturing","workerCount":1,"forceScreenshot":false,"totalFrames":2612,"framesCompleted":2612,"captureMode":"drawelement","captureOperation":"encode"}
[INFO] [Render:trace] {"renderJobId":"5f884068-b4c9-4051-814b-0aea84f268c6","phase":"assemble","status":"start","elapsedMs":23563,"stagePhase":"capturing","hasAudio":true,"workerCount":1,"forceScreenshot":false,"totalFrames":2612,"framesCompleted":2612,"captureMode":"drawelement","captureOperation":"encode"}
  ██████████████████████░░░  90%  Assembling final video
[INFO] [Render:trace] {"renderJobId":"5f884068-b4c9-4051-814b-0aea84f268c6","phase":"assemble","status":"end","elapsedMs":25728,"durationMs":2165,"stagePhase":"capturing","hasAudio":true,"workerCount":1,"forceScreenshot":false,"totalFrames":2612,"framesCompleted":2612,"captureMode":"drawelement","captureOperation":"encode"}
[INFO] [Render:trace] {"renderJobId":"5f884068-b4c9-4051-814b-0aea84f268c6","phase":"pipeline","status":"checkpoint","elapsedMs":25750,"message":"artifact validated","totalElapsedMs":25750}
  █████████████████████████  100%  Render complete

◇  /Users/brownmanbrain/GitHub/operator-economy/blueprint-cinema/experiments/EP009-FULL-BUILD-001/scenes/seg050__seg054/qa/seg050__seg054.mp4
   5.0 MB · 1m 48.8s video · rendered in 25.8s
