source_frame,source_time_s,candidate_frame,candidate_time_s,candidate_minus_source_sampling_ms,source_mouth_aperture,candidate_mouth_aperture,source_mouth_width,candidate_mouth_width,source_left_eye_aperture,candidate_left_eye_aperture,source_right_eye_aperture,candidate_right_eye_aperture,source_left_brow_height,candidate_left_brow_height,source_right_brow_height,candidate_right_brow_height,source_interocular_width_fraction,candidate_interocular_width_fraction,source_face_center_x,candidate_face_center_x,source_nose_x,candidate_nose_x,source_shoulder_center_x,candidate_shoulder_center_x,source_face_center_y,candidate_face_center_y,source_nose_y,candidate_nose_y,source_shoulder_center_y,candidate_shoulder_center_y,source_head_pitch_deg,candidate_head_pitch_deg,source_head_yaw_deg,candidate_head_yaw_deg,source_head_roll_deg,candidate_head_roll_deg,source_left_wrist_x,candidate_left_wrist_x,source_left_wrist_body_relative_x,candidate_left_wrist_body_relative_x,source_left_wrist_y,candidate_left_wrist_y,source_left_wrist_body_relative_y,candidate_left_wrist_body_relative_y,source_right_wrist_x,candidate_right_wrist_x,source_right_wrist_body_relative_x,candidate_right_wrist_body_relative_x,source_right_wrist_y,candidate_right_wrist_y,source_right_wrist_body_relative_y,candidate_right_wrist_body_relative_y,source_left_elbow_x,candidate_left_elbow_x,source_left_elbow_body_relative_x,candidate_left_elbow_body_relative_x,source_left_elbow_y,candidate_left_elbow_y,source_left_elbow_body_relative_y,candidate_left_elbow_body_relative_y,source_right_elbow_x,candidate_right_elbow_x,source_right_elbow_body_relative_x,candidate_right_elbow_body_relative_x,source_right_elbow_y,candidate_right_elbow_y,source_right_elbow_body_relative_y,candidate_right_elbow_body_relative_y
0,0.0,0,0.0,0.0,0.030449081927857433,0.033160903844018735,0.5655326077308167,0.5766181808646743,0.08289271407812064,0.08068158929037383,0.08256745175617129,0.08179460842929445,0.11383112071302802,0.1171048451666807,0.08608126879802956,0.10094108727957689,0.08417680673429347,0.0822428230170665,0.4981922209262848,0.5019108355045319,0.49701955914497375,0.5019381046295166,0.4972679764032364,0.50679811835289,0.23069780319929123,0.23316574096679688,0.28752121329307556,0.288958340883255,0.48873308300971985,0.4949290454387665,-170.7059783935547,-170.1380615234375,-2.362699270248413,-3.3613011837005615,2.7678754329681396,1.1325554847717285,0.6370705962181091,0.6505165100097656,0.5391024690989911,0.5423564380213255,0.8497632145881653,0.8737670183181763,0.783108589317415,0.8041711383909712,0.3321846127510071,0.3432298004627228,-0.6365892790130363,-0.6172649807816498,0.8562011122703552,0.8957136273384094,0.7970729998502077,0.8507578874052796,0.7208138704299927,0.7356999516487122,0.8620306514023205,0.8638169515511279,0.7902810573577881,0.8022081255912781,0.6540861500141288,0.6522708529237992,0.26584872603416443,0.270954430103302,-0.8923916407018002,-0.8900137359889464,0.7648471593856812,0.7991567850112915,0.5989176135966858,0.6457936774464416
1,0.041666666666666664,1,0.041666666666666664,0.0,0.0860970715788079,0.03443355288074969,0.6045066406954286,0.5786125072061125,0.07545041024756681,0.08672350644655959,0.076811194020471,0.08600383955623146,0.11383463838682618,0.11533388818118817,0.08993561149494059,0.09702732404761871,0.08372283970175112,0.0823590699918521,0.49711523950099945,0.5009120553731918,0.49677199125289917,0.5000802278518677,0.49836598336696625,0.509033739566803,0.23186461627483368,0.23448295891284943,0.28749585151672363,0.2912616431713104,0.49033553898334503,0.4923299700021744,-171.1179962158203,-170.79083251953125,-4.78781795501709,-1.0074442625045776,2.1621086597442627,1.7128756046295166,0.625127911567688,0.6464205980300903,0.48879791818139173,0.5128881116528529,0.850283145904541,0.8755712509155273,0.7807326254879788,0.8047708727670793,0.34201687574386597,0.3399031460285187,-0.6028869977007391,-0.6313927817612697,0.8554534316062927,0.8773244619369507,0.7919470651809626,0.8084524520596157,0.7188493013381958,0.7356446385383606,0.8501904976343616,0.8459763717833001,0.8004865050315857,0.8040785193443298,0.6727228445596783,0.6546428180702177,0.26879745721817017,0.27671724557876587,-0.8852233415368875,-0.8672763118692005,0.7816804051399231,0.7924904227256775,0.6319320865124345,0.6303088981770459
2,0.08333333333333333,2,0.08333333333333333,0.0,0.05840492550577798,0.04555785001534958,0.5916627436162564,0.5848407342016487,0.07925464026383142,0.08758906794354336,0.08051705813732501,0.08810982646265285,0.11401847053341635,0.10940119828089569,0.09040347681378884,0.09430805134269118,0.08350706184741384,0.08263033281943698,0.4967147260904312,0.5004749894142151,0.4961601197719574,0.4997832477092743,0.4980734586715698,0.5092089027166367,0.23314379155635834,0.23639050126075745,0.28970107436180115,0.2938140332698822,0.48948244750499725,0.49359264969825745,-169.83816528320312,-169.8692626953125,-3.667502164840698,-1.1461807489395142,2.16229248046875,1.394978642463684,0.6269183158874512,0.6453437805175781,0.49715733728842554,0.5089384188275751,0.8477424383163452,0.8744257688522339,0.7775845125083525,0.8008534796852592,0.34766829013824463,0.3407047986984253,-0.5803493807840404,-0.6299503378581844,0.8568089008331299,0.8766516447067261,0.797262793692705,0.8055342711757093,0.718894362449646,0.732340931892395,0.8520536629257114,0.8341761049989606,0.7956584692001343,0.8017100095748901,0.6645389903360057,0.647939602408553,0.26906436681747437,0.2773723006248474,-0.8836483875352461,-0.8667180343561958,0.7796667218208313,0.7920404672622681,0.6298297417204103,0.6276055342339406
3,0.125,3,0.125,0.0,0.03807894274945319,0.043786918654129446,0.5847381390047223,0.5825324016588281,0.08022689136989752,0.08366319523933512,0.08213594211815395,0.08322144385010642,0.11108798492729792,0.1124912845136973,0.09133000314534104,0.09855089783734425,0.0827021148017394,0.08246926601077041,0.4962538927793503,0.5002040266990662,0.4956241250038147,0.4995179772377014,0.4984549283981323,0.5089370310306549,0.23442741483449936,0.23787394165992737,0.29077503085136414,0.29539617896080017,0.4898022711277008,0.4945454001426697,-169.27389526367188,-170.0200653076172,-2.964360475540161,-0.3643602132797241,1.9848946332931519,1.2507272958755493,0.6263829469680786,0.6452160477638245,0.4912946283613349,0.5098689888634342,0.8497046828269958,0.8734081983566284,0.7774699750143483,0.7973226400996041,0.34640973806381226,0.34214603900909424,-0.5839141895142038,-0.6240253011222645,0.8544294834136963,0.8773537278175354,0.7876766045746941,0.8056260680983186,0.7156815528869629,0.7328134179115295,0.8342369008871617,0.8376023671556742,0.8048039674758911,0.8000257015228271,0.6804743536809831,0.6428880363632282,0.26810699701309204,0.2773270606994629,-0.8846279541314024,-0.8665364941300772,0.7828396558761597,0.792935311794281,0.6330265116117324,0.6279662011121807
4,0.16666666666666666,4,0.16666666666666666,0.0,0.03570266413639549,0.03758053399507678,0.5809848086772385,0.5812688934036359,0.0801351617817514,0.08270404787220731,0.08110366839634355,0.08203482429714953,0.11421758026693361,0.11470909198156297,0.09485359288233464,0.0981732801403099,0.08276853415088807,0.08288628680355759,0.4959784746170044,0.5000665336847305,0.4952359199523926,0.49932006001472473,0.49808384478092194,0.508878767490387,0.2353309541940689,0.23841138929128647,0.29202190041542053,0.2948214113712311,0.4903355538845062,0.49431563913822174,-168.76783752441406,-170.3975067138672,-2.135486602783203,-0.6061782240867615,1.9174578189849854,1.4646039009094238,0.629656195640564,0.6457012891769409,0.5057351745619353,0.5127676428564467,0.8510428667068481,0.872327446937561,0.779894755441055,0.7968763070814953,0.3412238657474518,0.3418211340904236,-0.6029352547094056,-0.626079302177442,0.8524872064590454,0.8763219714164734,0.7830176003565072,0.8052970543958013,0.7158927917480469,0.7318922877311707,0.8372096804219854,0.83578431159863,0.8033950924873352,0.7975048422813416,0.6768742512780577,0.6391448297718832,0.26975786685943604,0.2774586081504822,-0.8776348339654606,-0.8672897425910249,0.7807753682136536,0.792333722114563,0.6279675512931431,0.6282437334120453
5,0.20833333333333334,5,0.20833333333333334,0.0,0.04177906760223559,0.035427968382366254,0.5783003131186367,0.5813151805923199,0.0812013327658131,0.08397520637754856,0.0821868687174957,0.08385786250809692,0.11427214983999877,0.10960121531211671,0.09535166966108621,0.09450299202128888,0.08272622151478967,0.08270636528790648,0.4955747276544571,0.49978940188884735,0.49492189288139343,0.49904149770736694,0.49788591265678406,0.508874848484993,0.23497045785188675,0.23801244050264359,0.2918732166290283,0.29435908794403076,0.49081581830978394,0.49388018250465393,-168.7707061767578,-170.31053161621094,-2.430464744567871,-0.29235050082206726,1.8613587617874146,1.3736602067947388,0.6234486103057861,0.6458470821380615,0.4819394948298113,0.5135046173633155,0.8534650802612305,0.8719062805175781,0.7829629382369646,0.7971795061701753,0.3409665822982788,0.3415892720222473,-0.6022937083863404,-0.6271483908883415,0.8549912571907043,0.8759191632270813,0.78625796761753,0.8056418527475568,0.7152588963508606,0.7306598424911499,0.8343292069434497,0.8314650016770421,0.8043801188468933,0.7981359362602234,0.6769880758991422,0.641612980699568,0.2663002014160156,0.2776077389717102,-0.8888810353308424,-0.8670131559665764,0.7860180139541626,0.792303740978241,0.637344130336797,0.6293140770545085
6,0.25,6,0.25,0.0,0.04284917543979996,0.037897427882183,0.5803214701597679,0.5805874519017865,0.08056994670444585,0.08408672673451097,0.08152054562150818,0.08327352956038607,0.11458164621252072,0.10912518993881877,0.09525082365868681,0.09386489057043165,0.08258923573703777,0.08247993432957339,0.4956032335758209,0.49956299364566803,0.4947962760925293,0.4988287091255188,0.49833790957927704,0.5089198052883148,0.2349644899368286,0.23749825358390808,0.2916072607040405,0.29437461495399475,0.4905915856361389,0.49400676786899567,-168.7447509765625,-169.98495483398438,-2.0795629024505615,-0.05738365650177001,1.9432324171066282,1.266094446182251,0.6251670718193054,0.6457445621490479,0.48509966078472655,0.5135933293419274,0.855809211730957,0.8718681335449219,0.7857531001836675,0.7978287937058317,0.33957594633102417,0.3422846794128418,-0.6072371145327803,-0.6254912564603027,0.8537024855613708,0.8764898777008057,0.7812205516407869,0.8075872948378797,0.7149913311004639,0.7305837869644165,0.8286619530678262,0.8320507556983582,0.8017154932022095,0.7978292107582092,0.6693723343128793,0.6415006008287011,0.26835864782333374,0.27743440866470337,-0.8796309925488077,-0.8689169874934883,0.7841517329216003,0.7924044132232666,0.6315845110937766,0.6300465066382047
7,0.2916666666666667,7,0.2916666666666667,0.0,0.0409851968340111,0.03699063951858027,0.5766864569607956,0.5775175381677291,0.07997984677296092,0.08463670516327233,0.08173083472364737,0.08395111859655963,0.11149894503351893,0.10987382144916973,0.09464717628378841,0.0948383657169029,0.08300545692541564,0.08269317731966294,0.4952298551797867,0.4995150715112686,0.49431663751602173,0.4988933205604553,0.49863772094249725,0.508859395980835,0.23439627140760422,0.23752738535404205,0.2908954322338104,0.29419565200805664,0.4910866767168045,0.49397899210453033,-168.6571044921875,-170.20761108398438,-1.6404796838760376,-0.5160910487174988,1.92210853099823,1.2482472658157349,0.6250474452972412,0.6459348797798157,0.4831979446764709,0.5145123571075881,0.8557488918304443,0.8714748620986938,0.784075505114218,0.7970228156303473,0.3370569944381714,0.3423358201980591,-0.6176382026363558,-0.6250456691119641,0.8528224229812622,0.8768570423126221,0.7777831818462083,0.8083864377764687,0.7148568630218506,0.7302875518798828,0.8264921514998347,0.8311298217898595,0.800690233707428,0.7972434163093567,0.6656915777713153,0.6402948600841217,0.26833832263946533,0.2771107852458954,-0.8803135715094753,-0.8698676135296581,0.7809848189353943,0.7935968041419983,0.6233221399724125,0.632595615328981
8,0.3333333333333333,8,0.3333333333333333,0.0,0.03855226430670102,0.03789471199833417,0.5809052931883522,0.5790040317197678,0.080403745950735,0.08479250180900598,0.08162103764765258,0.08421675111756449,0.11306970827604067,0.10893278189446605,0.09492631547746784,0.09452663676358831,0.08267104214167557,0.08269002219678166,0.4953155666589737,0.4993657022714615,0.49444580078125,0.49873512983322144,0.49855609238147736,0.5086289495229721,0.23433104157447815,0.2374509945511818,0.2909095287322998,0.2942531406879425,0.49141116440296173,0.4951172024011612,-168.71400451660156,-170.13526916503906,-1.7584478855133057,-0.3923795521259308,1.9161648750305176,1.2077008485794067,0.624890923500061,0.6462080478668213,0.48408072752378123,0.5164444448047092,0.8550657629966736,0.8712332844734192,0.7838018768574877,0.7941738478699318,0.3421294093132019,0.34218233823776245,-0.5993845234395059,-0.6248073202222613,0.8551691770553589,0.8765888214111328,0.7840247700468065,0.8054821316152051,0.7148345708847046,0.7302652597427368,0.8287203322677181,0.8319784222886502,0.7950090765953064,0.7966411709785461,0.6543588732456337,0.6366716600650689,0.26877960562705994,0.2773723006248474,-0.8804410303246532,-0.8680912513985017,0.7849520444869995,0.7942954897880554,0.6326824784672087,0.6317187246663368
9,0.375,9,0.375,0.0,0.03988129283838154,0.03876821592366968,0.5811569934500103,0.5808146391115587,0.08123174438823216,0.08535401568394571,0.08248613720089083,0.08479491742980776,0.1127321071518496,0.10765274492959158,0.0950524387603189,0.0930311887415897,0.08262113481743233,0.0827289488714009,0.49523305892944336,0.4993465095758438,0.49444296956062317,0.4986872375011444,0.4984448254108429,0.5085921585559845,0.234096921980381,0.23730680346488953,0.29082173109054565,0.2945142388343811,0.49126385152339935,0.4954766482114792,-168.55467224121094,-169.87551879882812,-1.929396390914917,-0.4274498224258423,1.8249367475509644,1.241469383239746,0.6258881092071533,0.6461302042007446,0.48956550940556615,0.5165948204854082,0.8551385402679443,0.8712435960769653,0.7862637149427949,0.7939045713688877,0.34174540638923645,0.34297439455986023,-0.6019511473000037,-0.6220626348127264,0.8548170924186707,0.8770428895950317,0.7855691275258951,0.8061570743121508,0.7146634459495544,0.7302963137626648,0.8305904866370656,0.832723903578511,0.7969557642936707,0.7966538071632385,0.6605418469528697,0.6363144088162032,0.26808083057403564,0.2771931290626526,-0.8849290690063635,-0.8691379868109943,0.7852635979652405,0.7949053049087524,0.6352773083150242,0.6326202469406829
10,0.4166666666666667,10,0.4166666666666667,0.0,0.03876212068583558,0.0380783257549734,0.5815590313186373,0.5777399923470521,0.08153810561370195,0.08528888066491565,0.08277059439889524,0.08447892845824564,0.11171736661466461,0.10772993167403236,0.09407808086623892,0.09283551939955417,0.08277512058558129,0.08279587427084942,0.49524858593940735,0.49941831827163696,0.49441155791282654,0.4987300932407379,0.4983404576778412,0.5086899101734161,0.2340351939201355,0.2372528538107872,0.290479451417923,0.2946469485759735,0.49225182831287384,0.4955393970012665,-168.72142028808594,-169.760009765625,-1.696670413017273,-0.28486642241477966,1.8306096792221067,1.261495590209961,0.6264491081237793,0.6459154486656189,0.4922067521199363,0.5156458315072613,0.8555101752281189,0.870930552482605,0.7850679357126847,0.7934565149642344,0.34337353706359863,0.3430204689502716,-0.595399018068282,-0.6225281220500054,0.8557504415512085,0.8772674798965454,0.7855871953192183,0.8068507472684008,0.7146785259246826,0.7303411364555359,0.8311933469052882,0.8328881936749842,0.795047402381897,0.7968832850456238,0.6543967903173018,0.6369443385176785,0.26904088258743286,0.27702590823173523,-0.8809928035684012,-0.8705127210581538,0.7881230115890503,0.7949702739715576,0.6394319113765395,0.6329008466086318
11,0.4583333333333333,11,0.4583333333333333,0.0,0.04547993535339741,0.03652322297514723,0.5927701589601674,0.5767366781765502,0.08165956883901603,0.08419579066003915,0.08207746758172527,0.08319108391771221,0.11093870189574302,0.10845749389807818,0.09509444878171655,0.09416129469064252,0.08257291214174366,0.08284929135205649,0.4950590878725052,0.4994165003299713,0.49453139305114746,0.49886253476142883,0.49837809801101685,0.5086021274328232,0.23416335135698318,0.23736925423145294,0.2906115651130676,0.29472440481185913,0.4923929423093796,0.49602751433849335,-169.02908325195312,-169.79689025878906,-1.898901581764221,-0.36770159006118774,1.4438532590866089,1.1617234945297243,0.6270545721054077,0.6456944942474365,0.4939929057220688,0.5155964393386043,0.8543468713760376,0.8708803653717041,0.7816230927894657,0.7930124037148492,0.3401447534561157,0.3440495729446411,-0.6074626322248927,-0.618872612308963,0.8561473488807678,0.8779722452163696,0.7855111422972414,0.8080154873701388,0.7146361470222473,0.7302771806716919,0.8302212410520201,0.833707016632913,0.7918809056282043,0.7971204519271851,0.6467306730060888,0.6369711035160812,0.2677963376045227,0.27701759338378906,-0.8852104056422787,-0.8709759991454454,0.788551390171051,0.7951515913009644,0.6395407353921466,0.6328059200488213
12,0.5,12,0.5,0.0,0.07843223329994299,0.05512827219823888,0.5944565338810174,0.5856009341487167,0.08276305955607476,0.08540325681967627,0.08270240341507683,0.08428680217299071,0.10971944697038276,0.11043296958510276,0.09109562790762414,0.09414649160763144,0.08298362786745418,0.08255258123870557,0.49539394676685333,0.4994128346443176,0.49491211771965027,0.49881964921951294,0.4988938271999359,0.5088092684745789,0.2344319075345993,0.2374541088938713,0.29034489393234253,0.295312762260437,0.49250923097133636,0.4954485595226288,-170.26083374023438,-169.6455535888672,-3.1096243858337402,-1.4393213987350464,1.5798839330673218,1.2260030508041382,0.6277089715003967,0.6455872058868408,0.4940672707271021,0.5151715854512097,0.8543078303337097,0.870629072189331,0.7805640922478814,0.7948746563128902,0.33583715558052063,0.3434840738773346,-0.6253997940874227,-0.6226943045571663,0.8542923927307129,0.8778495788574219,0.7805307863185855,0.8101723531879471,0.7143038511276245,0.7298160195350647,0.8261997701215333,0.8324178628025153,0.7918528914451599,0.7952347993850708,0.6458203901831029,0.6351408890729975,0.26760005950927734,0.277066707611084,-0.8871214728647653,-0.8728540929574451,0.7869547605514526,0.7935613393783569,0.6352528946165196,0.6315954198847518
13,0.5416666666666666,13,0.5416666666666666,0.0,0.06871859819141149,0.04651127181065276,0.5903942814955798,0.5896690623502664,0.08409800042370365,0.08573296081664374,0.08621995746233116,0.08713228906647605,0.10752283069650545,0.11044689307846517,0.09212672752776825,0.09731293752266078,0.08358709274275677,0.08302924140333882,0.49567192792892456,0.4994880110025406,0.4947308897972107,0.4985867142677307,0.498837485909462,0.5087611377239227,0.23413481563329697,0.23745373636484146,0.2908255457878113,0.2949683666229248,0.49209851026535034,0.4957415461540222,-169.64248657226562,-169.93649291992188,-2.18162202835083,-0.7531378865242004,1.7449778318405151,1.377138614654541,0.6279395818710327,0.6456146836280823,0.4956970196057288,0.5154955502709506,0.8552310466766357,0.8706074357032776,0.7842792133438306,0.7942684598564375,0.3355492949485779,0.3436920940876007,-0.6269570528135721,-0.6217767827630623,0.8529452085494995,0.8783578276634216,0.7793423510458423,0.8106900443672855,0.7142901420593262,0.7297474145889282,0.8272463643922253,0.8324040246252197,0.7926527857780457,0.795482337474823,0.649125173678312,0.6350928780551012,0.26874226331710815,0.2768557667732239,-0.8834675782374405,-0.8735337182475293,0.7843419313430786,0.7939049005508423,0.6311757207240642,0.6317505937047236
14,0.5833333333333334,14,0.5833333333333334,0.0,0.056381916835848866,0.04758795577774645,0.5854624790719517,0.5971570805240929,0.08042119182018535,0.08168979026473995,0.08293604817763799,0.08289156243623667,0.11238970233723368,0.11752522126162339,0.09806944858568357,0.10310635480174235,0.08328549234348577,0.0827978562566239,0.4953078329563141,0.4993405044078827,0.4948035776615143,0.49850839376449585,0.498564749956131,0.5086214542388916,0.2333756536245346,0.23725676536560059,0.2900693416595459,0.2931670844554901,0.49186496436595917,0.496764674782753,-169.1193084716797,-170.36891174316406,-2.8551385402679443,-0.6599384546279907,1.4803121089935303,1.4666337966918945,0.628176212310791,0.6460365056991577,0.4970556824502992,0.5169845439851237,0.8552603721618652,0.8705815076828003,0.7839052880906531,0.7910877054287223,0.3355861008167267,0.34336692094802856,-0.625017743038387,-0.621722574252026,0.8527683615684509,0.8782853484153748,0.7785296002304132,0.8073909137161623,0.713943362236023,0.7296911478042603,0.8259698730891686,0.8317110353072951,0.7922511696815491,0.7960644960403442,0.647983793313715,0.6333915115513371,0.2696765065193176,0.27703535556793213,-0.8777788629143185,-0.8712759799047125,0.783382773399353,0.7949030995368958,0.6288531642706496,0.6309337129340885
15,0.625,15,0.625,0.0,0.06510392519544185,0.03253060648704101,0.5852478122836734,0.5734716955209269,0.05784241911217663,0.05784820300847468,0.05903648173525956,0.06026565062474558,0.13370925282129778,0.13989815968888059,0.11710406389450265,0.12560000639663146,0.08253998487136112,0.082754138735648,0.4951549768447876,0.499773308634758,0.49452030658721924,0.49720579385757446,0.4986320585012436,0.5082907974720001,0.2325492799282074,0.23675796389579773,0.28453388810157776,0.2882964611053467,0.49132218956947327,0.49520908296108246,-172.5376739501953,-172.56150817871097,-1.9507040977478027,2.9900259971618652,1.6686779260635376,2.2898898124694824,0.628595769405365,0.64597487449646,0.49714419815892064,0.5182315926317933,0.8547126650810242,0.8688654899597168,0.7819092286367652,0.7911068184713623,0.33635175228118896,0.3438372015953064,-0.6207633819587615,-0.6189898697586063,0.8530126810073853,0.8783411979675293,0.7782513638183695,0.8111688248344743,0.713842511177063,0.7297713160514832,0.8232346336268372,0.833634537565084,0.7932533025741577,0.7953722476959229,0.6496667898039847,0.6355066361180925,0.2703418731689453,0.2766820192337036,-0.8732679326023902,-0.8717564776398452,0.7813922166824341,0.7949976325035095,0.6241452278881516,0.63471349935536
16,0.6666666666666666,16,0.6666666666666666,0.0,0.0652670900208254,0.027864980718325154,0.5960920041500943,0.576897500018871,0.04750760096735251,0.04085632569381113,0.0488415504967092,0.041635385540794524,0.15531131501297027,0.15851870837809534,0.14017246164169136,0.14406012358746667,0.08222970820183786,0.08266722004030684,0.49480000138282776,0.4991806745529175,0.4937351644039154,0.4958479106426239,0.4992104172706604,0.5086405426263809,0.2324935793876648,0.2351938933134079,0.2804999053478241,0.28189846873283386,0.49160754680633545,0.49421003460884094,-175.31842041015625,-176.84613037109375,-0.6369416117668152,4.774181365966797,1.7763478755950928,2.4269304275512695,0.6280207633972168,0.6458128094673157,0.49341741380526016,0.5157017466041559,0.8556066155433655,0.8695393204689026,0.7843077830708518,0.7937198944009081,0.3370356559753418,0.34430640935897827,-0.6212222364824784,-0.6178173001321974,0.8537156581878662,0.8778095245361328,0.7802333425056079,0.8112091385025882,0.7132996320724487,0.7293760776519775,0.8200843322578321,0.829859442960907,0.7962380051612854,0.7953426241874695,0.6563864030675258,0.6368139556531587,0.27139294147491455,0.27716949582099915,-0.8726714360066793,-0.8702198037176817,0.7826634049415588,0.7950748801231384,0.6271372496525249,0.6362477493951516
17,0.7083333333333334,17,0.7083333333333334,0.0,0.05506005518690232,0.03485511013967558,0.5961395992279248,0.585597204686777,0.04250696068604632,0.04159689119242162,0.04393615917173055,0.04110048393188635,0.148204415598659,0.15450282448132957,0.13700727554583766,0.13920181963410633,0.08250872500585078,0.0825738538732381,0.49458466470241547,0.4990985691547394,0.4927254915237427,0.4960440695285797,0.4992336332798004,0.5090628564357758,0.22741388529539108,0.23004266619682312,0.27303242683410645,0.2750023603439331,0.49128085374832153,0.49261361360549927,-177.41685485839844,-178.117431640625,1.9942250251770022,4.610497951507568,1.5885815620422363,2.222022294998169,0.628528892993927,0.6456208825111389,0.49542902737862055,0.5137854348394292,0.8551543951034546,0.8705563545227051,0.7842812817194406,0.7998583686388805,0.3381209671497345,0.34375354647636414,-0.6173458459009072,-0.621959163745011,0.856072723865509,0.877480149269104,0.7862606178807389,0.814511527890478,0.7125344276428223,0.729538083076477,0.8173184796102245,0.8295152137626793,0.7948223352432251,0.79434734582901,0.6542435079925125,0.6385735845432954,0.2695317268371582,0.2781679034233093,-0.8801636838621038,-0.8687183554503803,0.7840117812156677,0.7948901057243347,0.630942788909574,0.6397222533691166
18,0.75,18,0.75,0.0,0.05652112296452968,0.03491203988341062,0.6100002142992763,0.5887523044593678,0.04643503196170632,0.04663943969255107,0.04651237507631863,0.04486736710460174,0.14124852944113153,0.1464839674950826,0.1261556703722652,0.1280717110582199,0.08222872071031574,0.08274988306446807,0.4941995441913605,0.499203160405159,0.49244940280914307,0.4961153566837311,0.4994923323392868,0.5096463859081268,0.22231990098953247,0.22483671456575394,0.2665020525455475,0.2693355977535248,0.4902723431587219,0.4910499006509781,-178.72499084472656,-178.45005798339844,1.6091417074203491,4.7950439453125,1.8991535902023318,2.2765679359436035,0.6286635994911194,0.646034300327301,0.49469086992754546,0.5138530315340847,0.8540845513343811,0.8707127571105957,0.7837323440272931,0.8046067512888527,0.3355470299720764,0.3439081311225891,-0.6278659800808432,-0.6244329273997908,0.8541707396507263,0.8765941262245178,0.7839180128137687,0.8170709394899621,0.7141355872154236,0.7295135259628296,0.8220253684896172,0.8283680920921458,0.7930195927619934,0.7932828664779663,0.6521848531944416,0.6405121823981041,0.26899468898773193,0.2787627577781677,-0.882743370255868,-0.8698736449736975,0.7833462953567505,0.7954356670379639,0.631346420949684,0.6450745403830409
19,0.7916666666666666,19,0.7916666666666666,0.0,0.05834776308063083,0.0483348089997424,0.6012283469129817,0.584209364355187,0.05364723922100156,0.05684980207904531,0.053073276663712476,0.054727871854889705,0.1370679095769503,0.13372374838472656,0.1214017552853711,0.11791286004294965,0.08312587402827767,0.08323594516715886,0.4944261610507965,0.49958011507987976,0.4929259121417999,0.4968756437301636,0.49914735555648804,0.5088160336017609,0.21985170245170593,0.22146224230527878,0.2627350091934204,0.2641482651233673,0.4903580993413925,0.4922189861536026,-180.09751892089844,-179.73143005371094,0.9933102130889893,4.256625652313232,1.8116135597229004,1.808350682258606,0.6282155513763428,0.6459387540817261,0.4940404491920968,0.514377177051982,0.8541554808616638,0.8701860904693604,0.7832950178758412,0.7975332530157347,0.3330494165420532,0.3432162404060364,-0.6357809519171229,-0.6212008764576284,0.8519929647445679,0.876483678817749,0.7786388873299893,0.810821542034264,0.7148565649986267,0.7293630242347717,0.8256803626232497,0.8273197764165803,0.7949248552322388,0.7927960157394409,0.6557650896302951,0.6342355550263327,0.2692728042602539,0.278555691242218,-0.8799017128800136,-0.8637566734043156,0.7849346399307251,0.7963272333145142,0.6342550780945286,0.6416866358415608
20,0.8333333333333334,20,0.8333333333333334,0.0,0.06259417795863811,0.04858884595071954,0.6002776569484042,0.588987598893119,0.061917794392307615,0.05973348921266799,0.06119305563172363,0.05870991353953323,0.1333463716134869,0.13505316667120268,0.11309488071180145,0.12082898164599322,0.08263492816083153,0.08322690235964958,0.4951644241809845,0.5001029670238495,0.4946591854095459,0.49838754534721375,0.49915002286434174,0.5093384087085724,0.21843819320201874,0.22029022127389908,0.262277752161026,0.26266181468963623,0.4899633824825287,0.4917321503162384,-179.1958465576172,-180.0801391601562,-1.5132702589035034,2.276723861694336,2.157761573791504,1.7196098566055298,0.6281733512878418,0.6454549431800842,0.49479069047378643,0.5116164231465544,0.8549941778182983,0.8694510459899902,0.78741794859758,0.7985917728455915,0.3327045440673828,0.342935711145401,-0.638300642112308,-0.6254519574697635,0.8524050116539001,0.8767110705375671,0.7818327871925721,0.8139412720121878,0.713822603225708,0.7295421957969666,0.8232464280734172,0.827672217419468,0.7958967685699463,0.7927958369255066,0.6599373049029436,0.63652357873139,0.27215659618377686,0.27911409735679626,-0.8704955583817571,-0.8653360089756489,0.7869803309440613,0.7948654294013977,0.6407034125467809,0.640899212419087
21,0.875,21,0.875,0.0,0.04740587643170618,0.04451864400267729,0.5789730374340034,0.5814660453612961,0.0710668405069406,0.060957362027291205,0.07094377425078452,0.06053076079434968,0.12727077947111642,0.13662866106722668,0.10911811359623824,0.12048436764584555,0.0831893690713442,0.08375832102140199,0.4953184574842453,0.5004227161407471,0.4955386221408844,0.49939626455307007,0.498696893453598,0.5092788934707642,0.21825918555259705,0.21983740478754044,0.26245906949043274,0.2624599039554596,0.4898226410150528,0.4917709082365036,-179.1879119873047,-180.22189331054682,-2.639742374420166,0.44430920481681824,1.8161985874176025,1.8715281486511233,0.6276143789291382,0.6453143954277039,0.4949781561911345,0.5106826438113867,0.8549941778182983,0.8698704242706299,0.7886669716594767,0.7984127852885322,0.33331212401390076,0.3425050973892212,-0.6349941432490094,-0.6260754132281031,0.8524242043495178,0.8762373328208923,0.7831165577071418,0.811857449917073,0.7141079902648926,0.7294889688491821,0.8270700218008405,0.8266773148949913,0.7966272234916687,0.7923743724822998,0.6626109008146889,0.634768464327274,0.2736544609069824,0.278854638338089,-0.8640494958135533,-0.8650217488569428,0.7876347303390503,0.7959957122802734,0.6431896655113324,0.6424154563808564
22,0.9166666666666666,22,0.9166666666666666,0.0,0.03969530690312532,0.042304435023972874,0.5787944163235962,0.582563395375115,0.06978056801576585,0.06927162525593519,0.06993978852120855,0.0692524185943194,0.12573452565263982,0.1247878172606936,0.10930754223230929,0.11248655032683756,0.08312058115655244,0.08296684394060586,0.495707705616951,0.5004420876502991,0.49539679288864136,0.499698668718338,0.4991786479949951,0.5091872215270996,0.21875957399606705,0.22040732204914093,0.26410743594169617,0.2664545774459839,0.49012503027915955,0.4924429655075073,-178.26376342773438,-177.3638305664062,-1.7629520893096924,0.041634805500507355,1.835947513580322,1.4460697174072266,0.6268600225448608,0.645366907119751,0.49019772332341127,0.5115306455078673,0.8548120260238647,0.870364785194397,0.7875652483719451,0.7985163700314467,0.33302566409111023,0.3442402482032776,-0.6378989474401882,-0.6195889744619647,0.852451503276825,0.876600444316864,0.7824675462184485,0.8116917825846335,0.7136960029602051,0.7300646305084229,0.8235807249728311,0.8296800150669353,0.797125518321991,0.7922608852386475,0.6629874890987837,0.6334895326563621,0.2735600471496582,0.2792068421840668,-0.8662009229122444,-0.8638734286065504,0.7873490452766418,0.7961751222610474,0.6418745607190944,0.6417599795470947
23,0.9583333333333334,23,0.9583333333333334,0.0,0.03490507692995322,0.0347487242263709,0.5766007339306413,0.5776661813382015,0.07249974087467577,0.06893321014097206,0.07209246767754073,0.06821338153760093,0.12753876393946253,0.12640058199625276,0.11233442288493874,0.1146029754371196,0.08326200899909676,0.08372733385414491,0.49585986137390137,0.5006624013185501,0.4956870675086975,0.4992658793926239,0.4990386962890625,0.5096728503704071,0.22110861539840698,0.22348611801862717,0.2701420485973358,0.271447092294693,0.4909847378730774,0.492792084813118,-175.5111846923828,-176.25306701660153,-2.47562050819397,1.359091877937317,1.59305739402771,1.5675593614578247,0.6264505982398987,0.6453307271003723,0.48785754831550787,0.5095384526277988,0.8543423414230347,0.8715406656265259,0.7825999387810006,0.8002127917722724,0.3331931531429291,0.3446485698223114,-0.6350191688492838,-0.6198402819164779,0.853023886680603,0.8763290643692017,0.779760249751153,0.810329629484948,0.7139779925346375,0.7307668328285217,0.8229981383017779,0.830441168788698,0.7970190048217773,0.7934413552284241,0.6591368839926101,0.635206055443554,0.272738516330719,0.2789703607559204,-0.8664987280421893,-0.8665312505925473,0.7883743047714233,0.7956507802009583,0.6405179211194222,0.6398740864674219
24,1.0,24,1.0,0.0,0.028754429142998406,0.03246576791932043,0.5781916229165202,0.5723142072236387,0.07401269588291708,0.07609492840090676,0.07319836457947107,0.07614869548331395,0.12470124237634393,0.11785894827498583,0.10869068509823712,0.10919735352040799,0.08337268981901357,0.08406584827002558,0.49602316319942474,0.500409796833992,0.4956168830394745,0.4992123246192932,0.5000941306352615,0.5087056457996368,0.2250405102968216,0.22844533622264862,0.2753247320652008,0.2778574526309967,0.4902975261211395,0.4961731731891632,-174.93157958984375,-176.1287994384765,-1.7838863134384155,1.4843721389770508,1.572663426399231,1.061855435371399,0.6261335015296936,0.6449509859085083,0.48328934177664135,0.5109951878991692,0.8535413146018982,0.8714159727096558,0.783468814021028,0.7916442235107178,0.3333321213722229,0.3450370728969574,-0.6394375116136386,-0.6138474394556399,0.8524546027183533,0.8779339790344238,0.7811249202021014,0.8053951657337335,0.7144336104393005,0.7314333319664001,0.82187006628274,0.8353516953474257,0.7970761656761169,0.7968936562538147,0.6616809551083465,0.6344255868832014,0.27244335412979126,0.2776792645454407,-0.8729113224820954,-0.8664763800678872,0.7881627678871155,0.7993464469909668,0.6424559348434327,0.6396002034808506
25,1.0416666666666667,25,1.0416666666666667,0.0,0.025479716840285247,0.025846005459604252,0.5766985758535693,0.5606596215650411,0.07652195352699892,0.07848533106457992,0.07680364931785455,0.07912243484951516,0.11898071466658694,0.11804243492176034,0.10654989971538877,0.10800679960859548,0.08362338845915855,0.08343286790417398,0.49652980268001556,0.5011468082666397,0.4965996742248535,0.4995536804199219,0.49983738362789154,0.5095503032207489,0.23070578277111053,0.2342778742313385,0.28326717019081116,0.2889440953731537,0.49090054631233215,0.4970499277114868,-173.23284912109375,-171.33462524414057,-2.4882044792175293,2.7760512828826904,1.292718529701233,1.5795390605926514,0.626447319984436,0.6457551717758179,0.48310541473895235,0.5119416385884782,0.8542854189872742,0.8710525035858154,0.7799441152085247,0.7907240403947222,0.3329087197780609,0.34384459257125854,-0.6369495452070265,-0.6228239411212387,0.8529261946678162,0.8769832253456116,0.7770267702970377,0.8032628959397671,0.7143480181694031,0.7312756776809692,0.8185080258966266,0.8333802801763707,0.7977741956710815,0.7990142703056335,0.658652340610835,0.638419306265449,0.271669864654541,0.277809739112854,-0.8706185869422131,-0.8710235204907351,0.78877192735672,0.7969974875450134,0.6393304955829183,0.6341553821217505
26,1.0833333333333333,26,1.0833333333333333,0.0,0.020416264799728738,0.02799700867219027,0.566308149865466,0.5512045160813187,0.07836089166709209,0.08068573823168115,0.07918047660524521,0.08182842370434372,0.1190161784497314,0.11494112377993752,0.10852764909017162,0.10806688734717154,0.08390750268499782,0.08376249870131082,0.49627064168453217,0.5014202445745468,0.4963235557079315,0.5005815625190735,0.49966444075107574,0.5098804533481598,0.23541371524333954,0.23971829563379288,0.2905327081680298,0.29772791266441345,0.49108271300792694,0.4993504285812378,-170.30279541015625,-168.8355865478515,-2.444260835647583,1.3406754732131958,1.029889702796936,0.8700096011161804,0.6269516348838806,0.6485294699668884,0.4850033168564639,0.5203111156725722,0.8544745445251465,0.8709885478019714,0.7788569203908855,0.7844930324719874,0.33261236548423767,0.34300240874290466,-0.6365197311808068,-0.6262467898246081,0.8528675436973572,0.878469705581665,0.7754126390195298,0.8002850512382524,0.7148090600967407,0.7346981167793274,0.8197670998828036,0.843678030580209,0.7973510026931763,0.7985697984695435,0.6564241576969337,0.6316238801074482,0.27203458547592163,0.27772897481918335,-0.8673396846883094,-0.8711997945907719,0.789137601852417,0.7981073260307312,0.6388203935780186,0.6306476443899731
27,1.125,27,1.125,0.0,0.024557539728706865,0.03512932407101449,0.5767570182335073,0.5654329387609633,0.07656218066190407,0.08655546174408126,0.07662376576207285,0.08661780605619411,0.12177143072954855,0.11477725250817492,0.10601737086880399,0.10708578535859033,0.08312173141810672,0.08372675955641908,0.4963529109954834,0.5017343163490295,0.49604666233062744,0.5011096596717834,0.4994751662015915,0.5098843723535538,0.23776593804359436,0.2415708675980568,0.29326775670051575,0.3011470437049866,0.4917008727788925,0.4991447776556015,-170.5567626953125,-168.5184936523437,-2.068150520324707,0.7510581016540527,1.427216410636902,0.6532442569732666,0.6277264356613159,0.6465917229652405,0.48904192657194123,0.5131156670498292,0.8552138209342957,0.8717994093894958,0.7796987406235412,0.7867784549312457,0.33286577463150024,0.34320878982543945,-0.635307378879425,-0.625598055460531,0.8534059524536133,0.8798477649688721,0.7758210444238491,0.8037707910737376,0.7155389189720154,0.7368494272232056,0.8238845070488299,0.8518878100215829,0.7974078059196472,0.8061017990112305,0.6557106479404745,0.6480723716455371,0.2722267210483551,0.27678507566452026,-0.8665334689971,-0.8749119968624032,0.7884262800216675,0.7965994477272034,0.6364461775355889,0.6280102427336404
28,1.1666666666666667,28,1.1666666666666667,0.0,0.03168462076280287,0.04062971946477918,0.5754018402759353,0.5753550726795374,0.08012121545311326,0.0843498402704681,0.08062853357633863,0.08425545081476395,0.12005442646609511,0.11156556631707053,0.1041889827596451,0.10299059292150688,0.08288527363017752,0.08316242221779478,0.4963851720094681,0.5016587525606155,0.49586814641952515,0.5010472536087036,0.4993574172258377,0.5104727447032928,0.23737367242574692,0.2421167865395546,0.293942928314209,0.2996591329574585,0.49153873324394226,0.498304158449173,-169.76840209960938,-170.72482299804685,-2.0705556869506836,0.11062550544738771,1.5163286924362183,0.7730173468589783,0.6285099983215332,0.6452525854110718,0.49122100561909005,0.5024596531278122,0.8555520176887512,0.8722622394561768,0.7787778664295402,0.7841907310301163,0.33264878392219543,0.34460896253585815,-0.6340622990424201,-0.6183406807477121,0.853791356086731,0.8797048926353455,0.7750110690501064,0.7997979873879929,0.7156063318252563,0.7377359867095947,0.8224846022616852,0.8472380524233537,0.7964391708374023,0.8063557147979736,0.6523105677987137,0.6459846368812838,0.2715967893600464,0.27653712034225464,-0.8662684377772626,-0.8721127139891427,0.788818895816803,0.7945355176925659,0.6360075871775531,0.6211976634749352
29,1.2083333333333333,29,1.2083333333333333,0.0,0.0480033972344337,0.04168671354944227,0.5677299219150235,0.5653154774177134,0.08206262456210157,0.08213486835440677,0.08371028331223923,0.08143797127760409,0.11279326935884401,0.11177872950484442,0.10044303303384931,0.10508996300331963,0.08388326012807598,0.08352371249049902,0.49612800776958466,0.5018142312765121,0.49557581543922424,0.5008189678192139,0.49948419630527496,0.5108639150857925,0.23559292405843735,0.24118217825889587,0.2915439307689667,0.2989480793476105,0.4918859452009201,0.4978834092617035,-171.23574829101562,-170.45748901367185,-1.9368356466293337,2.117460012435913,1.388716220855713,0.6884800791740417,0.6288031339645386,0.6457304358482361,0.49127003187231955,0.5006646477834228,0.8560441136360168,0.8724818825721741,0.7781632684018871,0.7822242988657053,0.33183562755584717,0.3455670475959778,-0.6368805621485116,-0.6136311478462714,0.8536086082458496,0.8802635669708252,0.7729588792136195,0.7984737581038484,0.7156416177749634,0.737753689289093,0.8211609626321835,0.8422823414214516,0.7963925004005432,0.8072180151939392,0.6506947716213884,0.6459424223005208,0.2698405385017395,0.27555322647094727,-0.8723938591706903,-0.8735432809343546,0.7882315516471863,0.7938851118087769,0.6332557819030942,0.6181010888585158
30,1.25,30,1.25,0.0,0.06922046086370051,0.03983212679806806,0.5778321208888292,0.566375219116199,0.0811836457198139,0.08157436004676542,0.08263763373388085,0.08230143608494557,0.11323405183992989,0.10948207396585007,0.10099366074774327,0.10593589044826611,0.08334317469284694,0.08359251180734784,0.4959605187177658,0.5015796571969986,0.4955362379550934,0.5005695223808289,0.49955376982688904,0.510625422000885,0.23542334139347076,0.24025336652994156,0.2916651666164398,0.2979922890663147,0.49181273579597473,0.4982312023639679,-170.66714477539062,-170.4638061523437,-3.130231618881226,2.2191686630249023,1.329499363899231,0.6377975344657898,0.6290403604507446,0.6459400653839111,0.49151856125211507,0.5024913926252457,0.8558928370475769,0.8727309703826904,0.7773822081546335,0.7822722228092227,0.33091819286346436,0.3461248278617859,-0.6401243230332784,-0.6108735209289635,0.8529181480407715,0.8800222873687744,0.7710306654563809,0.7975026588014431,0.7161130309104919,0.7371602654457092,0.8220379880325882,0.8412379186376424,0.7960241436958313,0.8081754446029663,0.6495508411639119,0.6474256916257957,0.26858723163604736,0.2751918137073517,-0.8767266170341916,-0.8742835124453657,0.7873678207397461,0.7949492931365967,0.6310678990009981,0.6197983022643924
31,1.2916666666666667,31,1.2916666666666667,0.0,0.07242039218114722,0.04696568789557925,0.5880257003384507,0.5760414824622457,0.08013319132498571,0.08272709315729244,0.08134616459711477,0.082635237436458,0.11497762129618347,0.10947294033114507,0.10207516757356061,0.10480721076438923,0.08334574743796892,0.08323105066019283,0.4958026558160782,0.5012387484312057,0.49527034163475037,0.5006704926490784,0.4997686743736267,0.5105764418840408,0.23597075790166855,0.24031680822372437,0.2928140461444855,0.2983551323413849,0.49117356538772583,0.4983024001121521,-170.2721405029297,-170.21377563476557,-3.111114501953125,0.6240452527999878,1.3707585334777832,0.46776235103607183,0.6290810704231262,0.6463671922683716,0.49167562640589446,0.5034520379087197,0.8553038835525513,0.8731862306594849,0.7787855561991239,0.7818206741830228,0.330485999584198,0.3460008502006531,-0.6436518671798273,-0.6101734970056979,0.8519249558448792,0.8793906569480896,0.7715588575066384,0.7947600125823175,0.7160130739212036,0.7375994324684143,0.8222112021157071,0.8417008296834902,0.7952051162719727,0.8082177639007568,0.6502490142836522,0.6463288595379715,0.26860737800598145,0.2758641839027405,-0.8789286925659785,-0.8702092319866755,0.7862175107002258,0.7948176264762878,0.6310267274953193,0.6183828570122083
32,1.3333333333333333,32,1.3333333333333333,0.0,0.07459589855785725,0.04558472012245655,0.5886205399486042,0.5817289415369973,0.08062815920927131,0.08677960460220623,0.08181161044505518,0.08731608297665715,0.11223630064270465,0.1038978074418174,0.10131968773101672,0.10083365449449136,0.0832492162929005,0.08355497808883565,0.49533219635486603,0.501008003950119,0.49492645263671875,0.5004920363426208,0.49982520937919617,0.5094870030879974,0.2368616983294487,0.2423606589436531,0.2943457067012787,0.3008873462677002,0.49120715260505676,0.499093160033226,-169.43002319335938,-169.84745788574213,-3.1212527751922607,0.6883314251899719,1.055606484413147,0.3139939308166504,0.6290261149406433,0.6464993953704834,0.4915583082670954,0.5103390980850374,0.8554023504257202,0.8713974356651306,0.7794104513412489,0.7800447945189681,0.33030974864959717,0.34690672159194946,-0.644939234282141,-0.605573502096355,0.8514546751976013,0.879345178604126,0.770962071599537,0.7966967534501831,0.7160491347312927,0.7366053462028503,0.8226464550776545,0.8459626786519391,0.7958119511604309,0.8057021498680115,0.6518816418871634,0.6424012887507329,0.26769232749938965,0.2759500741958618,-0.8831737379405183,-0.8698704086170237,0.7845333814620972,0.7952727675437927,0.6277444891963398,0.6205498464640524
33,1.375,33,1.375,0.0,0.06370670155009268,0.039055154562478975,0.59252449125386,0.5793225956428364,0.07738656515980856,0.08702707462632865,0.08057725356753528,0.08696115847523546,0.11520144724251859,0.10422822817917782,0.10972905082983032,0.10167633644278165,0.12713470267565594,0.08339230719981244,0.49944227933883667,0.5009528696537018,0.49901771545410156,0.5000919699668884,0.4999643564224243,0.5099510252475739,0.35728558897972107,0.2445981651544571,0.4433693587779999,0.30409151315689087,0.7157298624515533,0.4996703267097473,-173.3044891357422,-168.98770141601557,-2.261319160461426,1.9263235330581663,0.9806616306304932,0.42741844058036804,,0.6468409299850464,,0.5104149425831213,,0.870965301990509,,0.7787419270777496,,0.34721052646636963,,-0.6068028354659117,,0.8803291916847229,,0.7983814428021452,0.7938077449798584,0.7366288900375366,0.8064820868793021,0.8452030817285059,1.0260331630706787,0.8052725195884705,0.479057588316174,0.6409600356740781,0.1986270248889923,0.2756941020488739,-0.827049950597141,-0.8734627599710224,1.0006767511367798,0.796057939529419,0.4399114318777194,0.6216336770909278
34,1.4166666666666667,34,1.4166666666666667,0.0,0.03480102488249981,0.035929317575912514,0.579233914039575,0.5809999956693299,0.08259455517602764,0.08776769920699722,0.08387928811583518,0.08699299161100514,0.1099749622070405,0.10685776910626309,0.10170528529792379,0.10361125076364165,0.12507869295840682,0.08308274144612977,0.49900567531585693,0.5008530616760254,0.4983706474304199,0.5004578232765198,0.5064196884632111,0.5098318159580231,0.35715052485466003,0.24593010544776917,0.44351011514663696,0.3054403066635132,0.7249715030193329,0.49905194342136383,-173.3792724609375,-169.2371215820312,-1.1894594430923464,1.1410953998565674,1.0513129234313965,0.20091578364372253,,0.6472282409667969,,0.5136145684159957,,0.8704315423965454,,0.7809126729032733,,0.3469439148902893,,-0.6089066655245874,,0.8798882961273193,,0.8007977146591081,0.8048328161239624,0.7364854216575623,0.7910635819985751,0.8472752756402815,1.037459373474121,0.8050684928894043,0.46596055957675286,0.6434715376320231,0.2048327475786209,0.27616631984710693,-0.7994770458335128,-0.8734870862255253,0.995973527431488,0.7957534193992615,0.40409970075875545,0.623884411797564
35,1.4583333333333333,35,1.4583333333333333,0.0,0.036041832498379604,0.03243424963328404,0.5769024316566582,0.5830778715852718,0.08310546767322143,0.08747760374971775,0.08366029860047158,0.08601501259994215,0.10911752442374077,0.10531123531379631,0.10143418452568667,0.10007967542425263,0.12461788438303663,0.08348161427454273,0.49852146208286285,0.5010326504707336,0.49807843565940857,0.5005475282669067,0.5046704709529877,0.509679526090622,0.35696254670619965,0.24563759565353394,0.44268685579299927,0.3060166537761688,0.7313852310180664,0.4989542216062546,-173.71287536621097,-168.48210144042963,-1.1007940769195557,1.338605523109436,0.8547247052192688,0.3217269480228424,,0.647375762462616,,0.5141827394370719,,0.8698410391807556,,0.7790392661392463,,0.34744593501091003,,-0.6058096756161324,,0.880050778388977,,0.8004845895191969,0.8062627911567688,0.736531674861908,0.788174653163532,0.8471070987538634,1.0352351665496826,0.8043373823165894,0.4466669933161307,0.641450335083085,0.20359942317008972,0.2762800455093384,-0.7868123714275259,-0.8715560241186291,0.9878736138343811,0.7953447103500366,0.37704432805831317,0.6225614335705718
36,1.5,36,1.5,0.0,0.024436113074991404,0.02870051344648585,0.5585100462340764,0.5821162079696823,0.08345888842838121,0.0866716267391898,0.08352144144127668,0.08618061979189727,0.11137567197369044,0.1039708888866133,0.10215912091808216,0.1013253591655527,0.12445690824087217,0.08377373347740043,0.49851153790950775,0.5011433064937592,0.49801602959632874,0.5006283521652222,0.5030258148908615,0.5099639594554901,0.3568376302719116,0.2451116070151329,0.44222453236579895,0.30453523993492126,0.7442590296268463,0.49882085621356964,-173.41493225097656,-168.66926574707028,-0.6406833529472351,1.6068791151046755,0.8745831251144409,0.20939886569976807,,0.6473866701126099,,0.5123918820551764,,0.8698351979255676,,0.7781385911361435,,0.34739404916763306,,-0.6061552846659745,,0.8797802925109863,,0.7989967117513853,,0.7371202707290649,,0.8469709940781777,,0.8047176599502563,,0.6415657863638248,,0.2766365706920624,,-0.8699803641758431,,0.795279324054718,,0.6217705046975301
37,1.5416666666666667,37,1.5416666666666667,0.0,0.01724151796542521,0.02506973115808385,0.5515631689850857,0.5847200003483123,0.08498241966407204,0.08474927511775178,0.08549273106044603,0.08407806481226514,0.10954427992858176,0.10538798020498014,0.10214990546447487,0.10300351043077254,0.12427350183071736,0.08346154317179072,0.498240202665329,0.5009192228317261,0.4978196918964386,0.5005366206169128,0.5056749880313873,0.5096951723098755,0.3559803366661072,0.24456680566072464,0.4415871500968933,0.3031545579433441,0.7419769167900085,0.4985564053058624,-173.35572814941406,-168.71525573730463,-0.5401445031166077,1.504871129989624,0.7811927795410156,0.11194618791341782,,0.6469933390617371,,0.510736306769836,,0.8704505562782288,,0.7781688964945674,,0.34772050380706787,,-0.6025305795299032,,0.8797222375869751,,0.7975694006267567,,0.7371075749397278,,0.8459528148160863,,0.8047752380371094,,0.6407467569180327,,0.27632802724838257,,-0.8681038983247125,,0.7957028150558472,,0.6217631903268352
38,1.5833333333333333,38,1.5833333333333333,0.0,0.01596314630809603,0.02381709386926456,0.5509327126713102,0.5844213565483727,0.08554832893582946,0.08656797176675259,0.0863834550302855,0.08603285108665633,0.10749302678967612,0.10382321414322798,0.10057943952432008,0.10078588763813578,0.1243830360383277,0.08345402885911542,0.49833109974861145,0.500719279050827,0.4975430369377136,0.500332236289978,0.5067968368530273,0.5097052454948425,0.3558553606271744,0.24399235099554062,0.440738320350647,0.3026494085788727,0.7510817348957062,0.4980948865413666,-173.83587646484375,-168.57905578613276,0.011617355048656464,1.4906399250030518,0.8491929769515991,0.16055729985237122,,0.6479694247245789,,0.5142881859320072,,0.8703760504722595,,0.7789157004057393,,0.34712615609169006,,-0.6047300568044919,,0.8798251152038574,,0.7986857709510168,,0.7374090552330017,,0.8469683174082667,,0.8038769364356995,,0.6397810650693045,,0.2763347625732422,,-0.8680461055094001,,0.7952862977981567,,0.6218070605812979
39,1.625,39,1.625,0.0,0.016164392597703747,0.02554200203577186,0.5488746605511137,0.5821005067170307,0.08503671204720928,0.08850896193590735,0.08591986962602517,0.08830050490446145,0.10606990043718163,0.10204904258397177,0.10035293022949396,0.0986589057088557,0.12462519612733106,0.08364010446637093,0.4979247599840164,0.5005095303058624,0.4973304867744446,0.49990591406822205,0.5069557726383209,0.5099598467350006,0.3560088127851486,0.24418150633573532,0.440879225730896,0.3026469647884369,0.7522568106651306,0.498092919588089,-173.98660278320312,-168.80082702636716,-0.007612717803567647,1.6565262079238892,0.6548826694488525,0.32291585206985474,,0.6487383246421814,,0.5164211224408022,,0.8694499731063843,,0.7773132691693545,,0.34664732217788696,,-0.6077169782538868,,0.8794512748718262,,0.7982476892849586,,0.7376311421394348,,0.8472082104758819,,0.8030551671981812,,0.6383376844930625,,0.2764029800891876,,-0.869109540945229,,0.7945336103439331,,0.6205006213377191
40,1.6666666666666667,40,1.6666666666666667,0.0,0.025772861806681584,0.027766916721778587,0.5345986549306382,0.5821849530479558,0.08443204605170798,0.08795288134663198,0.08488004988293883,0.08792171870341987,0.10613035725854413,0.10195724079242541,0.10168389256004255,0.0990615496260802,0.12455420377967334,0.08349509084154473,0.4981534630060196,0.5004370659589767,0.497803270816803,0.49980834126472473,0.5059586316347122,0.5100393891334534,0.35591381788253784,0.24432599544525146,0.4401214122772217,0.30288633704185486,0.7551364302635193,0.4980640858411789,-175.48883056640625,-169.3206939697265,-0.2893812656402588,1.723915219306946,0.48943716287612915,0.2823227643966675,,0.6484719514846802,,0.5157372145424409,,0.8696523904800415,,0.7787082503495925,,0.3469463586807251,,-0.6076109826210275,,0.8786576390266418,,0.7975798382121372,,0.7377310991287231,,0.8482764914040113,,0.8029415011405945,,0.6389075104762713,,0.27635622024536133,,-0.870597961641554,,0.7946171164512634,,0.6214627552034543
41,1.7083333333333333,41,1.7083333333333333,0.0,0.04421045696500205,0.029020546012788098,0.5124759509766207,0.5764143260719113,0.08427847174847564,0.08754868149313513,0.084308395318949,0.08713027598144055,0.10594474755694945,0.10351803460191945,0.10261174599946969,0.10129726559069138,0.12457921550618281,0.08337860535080151,0.49818944931030273,0.5002558678388596,0.49819713830947876,0.5000427961349487,0.5081422924995422,0.5104224979877472,0.3557143360376358,0.24430351704359055,0.44036686420440674,0.3032730519771576,0.7525239884853363,0.4980877935886383,-176.0586395263672,-169.48179626464838,-1.0286427736282349,0.7269582152366638,0.29703232645988464,0.0007866517407819629,,0.6490533947944641,,0.5159327968319674,,0.8694814443588257,,0.7774815735664721,,0.34685957431793213,,-0.608720556606055,,0.8788231015205383,,0.7970375522288565,,0.7381542325019836,,0.8475330782800814,,0.8035997152328491,,0.6395636788369264,,0.2762453854084015,,-0.8715203856435154,,0.7942219972610474,,0.6199322098819265
42,1.75,42,1.75,0.0,0.04550019014746061,0.033285681483640917,0.5133721826204803,0.5497272629019915,0.08262472294276577,0.08711717174242038,0.08260641560192593,0.08644683828424368,0.10838276950906704,0.10620858696597728,0.10397300963196647,0.1037420082188547,0.12488005100454859,0.08353090778065012,0.4982212632894516,0.5001575499773026,0.49832668900489807,0.4997938573360443,0.5074136704206467,0.5103998184204102,0.35580770671367645,0.24424495548009872,0.43944233655929565,0.3038347065448761,0.7573964893817902,0.4990154653787613,-176.53665161132812,-169.74188232421872,-1.5072745084762573,1.3029099702835083,0.40090999007225037,0.12486501783132552,,0.6489448547363281,,0.5160207620521238,,0.869313657283783,,0.7758009788233878,,0.3464351296424866,,-0.6106980509925519,,0.877983033657074,,0.7939639372801567,,0.7380089163780212,,0.8477461430683428,,0.803955078125,,0.6388701193313837,,0.27656105160713196,,-0.8709489842217677,,0.794989824295044,,0.6200872766150898
43,1.7916666666666667,43,1.7916666666666667,0.0,0.0461657501562864,0.044495467330610106,0.5203964155044004,0.5270426438007992,0.054767144174302264,0.08233430281895139,0.055015566506220304,0.0823640269019887,0.1311280838077194,0.11390722123294095,0.1311857337752284,0.11408703419584121,0.1244564294631272,0.08399944737850575,0.4972234219312668,0.4996398538351059,0.4969889521598816,0.4990708529949188,0.5075333565473557,0.5106934905052185,0.3577553927898407,0.24403312057256699,0.4345743954181671,0.30148839950561523,0.7583965361118317,0.4978277087211609,-179.24427795410156,-171.7796020507812,-0.28035369515419006,1.9328713417053223,0.07179886847734451,-0.0038466826081275936,,0.6493866443634033,,0.5167551110241677,,0.869638204574585,,0.7792448286372894,,0.3463294208049774,,-0.6124020596804658,,0.8779085874557495,,0.7965779947605461,,0.7372211813926697,,0.8440167290037082,,0.8036473989486694,,0.6409405187937198,,0.27697473764419556,,-0.870809818101202,,0.7941025495529175,,0.6209363106965562
44,1.8333333333333333,44,1.8333333333333333,0.0,0.03943720336065914,0.046846945775294725,0.5202491565627443,0.5076411996949046,0.04989809228813841,0.0750973856747173,0.0498963333689273,0.0761266854496195,0.14347087283608637,0.12833485985797485,0.14500475770774418,0.1333100326393524,0.12229535374209903,0.08307651722948481,0.49441397190093994,0.497749000787735,0.49252936244010925,0.49543705582618713,0.5074318200349808,0.5109237879514694,0.3568514734506607,0.24332618713378906,0.4324289560317993,0.300383061170578,0.7590377032756805,0.4980945885181427,-179.33087158203125,-172.2736206054687,3.2198143005371094,9.048116683959961,0.0025783036835491657,0.6866393685340881,,0.6489639282226562,,0.5127618920862725,,0.8705710172653198,,0.7782724747130373,,0.34606876969337463,,-0.6123680468295059,,0.8781156539916992,,0.7940366483430302,,0.7375568151473999,,0.8418477379545324,,0.8041360378265381,,0.6394596214293051,,0.2769034206867218,,-0.8692886436485558,,0.7950196266174316,,0.6204112968518893
45,1.875,45,1.875,0.0,0.03920641438085815,0.052094614603547244,0.5104525691385036,0.5028119413498569,0.0527600800599987,0.053631098026237195,0.05292958220927645,0.05289790790527617,0.13727958394714412,0.15976355180136387,0.13262303590264268,0.16027571100927368,0.12385972435411045,0.08292558781383426,0.4926232844591141,0.49669085443019867,0.4858876168727875,0.492478609085083,0.509518176317215,0.511211484670639,0.3518684208393097,0.2438644915819168,0.42492520809173584,0.2955985367298126,0.755547285079956,0.49808570742607117,-180.6232452392578,-175.4319915771484,9.748916625976562,12.60777473449707,1.13480544090271,1.3257461786270142,,0.6495888233184814,,0.5137441337441625,,0.8705235719680786,,0.7777826601075409,,0.3464405834674835,,-0.6117337183387144,,0.878318727016449,,0.7940617149692906,,0.7379127740859985,,0.8416584585845733,,0.8046292066574097,,0.6401718003727099,,0.27678102254867554,,-0.8703540324083963,,0.79522305727005,,0.6205284166344157
46,1.9166666666666667,46,1.9166666666666667,0.0,0.038144132135573196,0.052349266232657676,0.5118541054307753,0.4910800932205447,0.05839462321521064,0.05360048143996682,0.05867317516078425,0.05482315445199563,0.13238849757806123,0.15980712770519584,0.12497973512131172,0.16372786420758917,0.12281935257261982,0.08333296191344632,0.4906192123889923,0.49572259187698364,0.48391151428222656,0.4900408387184143,0.5088618397712708,0.510878250002861,0.3453340232372284,0.24119888246059418,0.4217429459095001,0.29290804266929626,0.7532487213611603,0.4990382045507431,-179.00735473632812,-175.2140502929687,10.620869636535645,15.678361892700197,1.3525041341781616,1.6417778730392456,,0.6497005224227905,,0.5136211515872088,,0.8710615038871765,,0.7742414495276545,,0.3462664484977722,,-0.6090384603281491,,0.8781809210777283,,0.7890581233629673,,0.7374104261398315,,0.8381343652628728,,0.8051421642303467,,0.6370525014729392,,0.27701860666275024,,-0.8652448719379825,,0.7955383062362671,,0.6170652991991656
47,1.9583333333333333,47,1.9583333333333333,0.0,0.04113530258115501,0.05578947618245287,0.508137359519148,0.48261757418013435,0.062069126036967244,0.05908365408050227,0.06284612752916102,0.05984277347823795,0.12406821420445215,0.15412090438810405,0.12221378854527777,0.16141892611566883,0.12400922855906621,0.08397957457266468,0.49108150601387024,0.4958779066801071,0.48562920093536377,0.4906179904937744,0.5074174255132675,0.51073357462883,0.34290678799152374,0.23978500068187714,0.41776227951049805,0.28980451822280884,0.7540771961212158,0.49853329360485077,-179.50416564941406,-176.219009399414,8.447744369506836,14.691832542419432,0.5614861845970154,1.1534291505813599,,0.6495642066001892,,0.512877045002795,,0.8711434006690979,,0.7742926180181889,,0.3463822603225708,,-0.6071571902165597,,0.8783703446388245,,0.7893103785686978,,0.7374234795570374,,0.8374524189699633,,0.8045986890792847,,0.6360111329610548,,0.27702564001083374,,-0.8633788753861764,,0.7961202263832092,,0.6183926868876587
48,2.0,48,2.0,0.0,0.03930208652854875,0.05471417638344595,0.5109552970136105,0.49642214692813297,0.06945127512284592,0.06033007417236387,0.06994737773714538,0.06021274426024257,0.12346498118221884,0.14996332506628104,0.1202643154254093,0.16095523166028292,0.12386399778358874,0.08384109544810832,0.49320733547210693,0.4965943843126297,0.490263432264328,0.49338239431381226,0.5085830092430115,0.5106318891048431,0.34021270275115967,0.23791734129190445,0.41927045583724976,0.2891601026058197,0.7590444087982178,0.49828149378299713,-177.28707885742188,-175.4068908691406,4.393624305725098,10.911545753479004,0.6089117527008057,0.2029268443584442,,0.649901807308197,,0.5132173787750968,,0.8710864186286926,,0.7727663478624797,,0.34683898091316223,,-0.603585958033974,,0.8795004487037659,,0.7902073172772766,,0.7378602623939514,,0.8373491679121055,,0.8038555383682251,,0.6334072398143097,,0.27650022506713867,,-0.8627881774887736,,0.7967208027839661,,0.6186180479529244
49,2.0416666666666665,49,2.0416666666666665,0.0,0.040900449298424894,0.06682960158821108,0.5136662243183328,0.5012059463528701,0.07651938127692579,0.07603253759746458,0.07693952249945103,0.07578140250336608,0.11279109055485653,0.13579053823914625,0.11496195671807458,0.1499769890515419,0.12383278300266558,0.08328815840582202,0.4948083311319351,0.49830688536167145,0.4958266317844391,0.4986342787742615,0.5096741616725922,0.5111711025238037,0.3391597419977188,0.23702038079500198,0.4172458350658417,0.28948962688446045,0.7604334652423859,0.4977143555879593,-178.4241943359375,-175.01078796386713,-2.269407272338867,0.9678699970245362,-0.47820568084716797,-1.443650245666504,,0.6501506567001343,,0.5134400276671147,,0.8708246946334839,,0.7753514786041369,,0.34688541293144226,,-0.60692991504774,,0.8791248798370361,,0.7925998906602745,,0.7390042543411255,,0.841696898985262,,0.8033263087272644,,0.6350847321782376,,0.27694374322891235,,-0.8653193813255581,,0.7960507273674011,,0.6199655243334333
50,2.0833333333333335,50,2.0833333333333335,0.0,0.03484483992010773,0.05393145852430242,0.5269885640102158,0.5140000300994877,0.08186509837829253,0.0782946804342684,0.08091086861067182,0.07873175665013099,0.11103348449572521,0.11930605974213919,0.11687404382785044,0.14460200292468414,0.12348059007272544,0.08491202432864665,0.4966455399990082,0.4991692155599594,0.498173326253891,0.5006518363952637,0.5089421272277832,0.511081263422966,0.3411840796470642,0.2369278147816658,0.42050686478614807,0.29161882400512695,0.7560611665248871,0.49761468172073364,-177.90225219726562,-174.04016113281244,-2.1344120502471924,-0.5394819974899292,-0.946016788482666,-2.9702563285827637,,0.6500685214996338,,0.5152713279584036,,0.8701493740081787,,0.7768733777994801,,0.34658682346343994,,-0.6098348128643863,,0.8788858652114868,,0.7950922110296279,,0.7396200299263,,0.8472681261270028,,0.8028290271759033,,0.6364854184470434,,0.2766874432563782,,-0.8689747294378494,,0.7971039414405823,,0.6245464855490607
51,2.125,51,2.125,0.0,0.04355385540887995,0.06408574876636632,0.5362117191492706,0.5356552722638684,0.07665340779560272,0.07817349366997654,0.07586894950489707,0.07678313498466581,0.11219424439873942,0.11577587302983512,0.12120500481206051,0.1441327154380444,0.12413099844152238,0.08516086961243385,0.4968675971031189,0.49969343841075897,0.4997865557670593,0.5023150444030762,0.5092236697673798,0.5109299719333649,0.3430016189813614,0.2383257821202278,0.42094913125038147,0.29266488552093506,0.7577548623085022,0.497042253613472,-178.90504455566406,-174.24160766601557,-3.841154575347901,-3.111781120300293,-1.3802047967910767,-3.7049889564514165,,0.6504256725311279,,0.5188344848284103,,0.8689761161804199,,0.7781373450643105,,0.34664031863212585,,-0.6110520773609661,,0.8782203197479248,,0.797477504015171,,0.7398821711540222,,0.8515552509787259,,0.8013499975204468,,0.6366541037485147,,0.27684327960014343,,-0.8706522702954268,,0.7961052656173706,,0.6256813955082179
52,2.1666666666666665,52,2.1666666666666665,0.0,0.05592148768137978,0.07895947105113672,0.5517591029612811,0.5520199513462056,0.07767348961455936,0.08151769956581709,0.07749754892652772,0.08003878685948025,0.10628044293043715,0.10844659519827075,0.11864673076917247,0.13814796650509423,0.12465875966982798,0.08476986447417217,0.49693551659584045,0.49920862913131714,0.49968183040618896,0.5017620921134949,0.507586807012558,0.5098230987787247,0.34576210379600525,0.23950017988681793,0.42419272661209106,0.2953392267227173,0.7600525617599487,0.49952930212020874,-179.1986541748047,-173.33236694335935,-3.676357507705689,-3.227679491043091,-1.41891610622406,-3.8046076297760014,,0.6503263115882874,,0.5219270893102579,,0.8699885010719299,,0.774081152646113,,0.34550368785858154,,-0.6103970873247496,,0.8775585889816284,,0.7898989873532908,,0.7381192445755005,,0.8480513754369595,,0.7999586462974548,,0.6277525127935765,,0.27594584226608276,,-0.868783519654889,,0.7976522445678711,,0.6229332449380256
53,2.2083333333333335,53,2.2083333333333335,0.0,0.07053428566152115,0.07758668202802234,0.5707770410470644,0.5733643283137346,0.07787860458920165,0.08191524086385622,0.07928368870960652,0.08092263585603811,0.10452492742539944,0.1032620168654693,0.1178969969806296,0.12847695343525006,0.12465352122397391,0.08518780819124384,0.4948824644088745,0.4976832717657089,0.4969179034233093,0.5002274513244629,0.5075957775115967,0.5093844532966614,0.346732422709465,0.24057243019342422,0.4266354441642761,0.2964775562286377,0.760843962430954,0.4994649440050125,-178.02993774414062,-173.3776245117187,-3.0443997383117676,-3.408676385879517,-1.2864954471588135,-3.4434967041015625,,0.6504276394844055,,0.5250708692674843,,0.8691795468330383,,0.7742031705915388,,0.34444141387939453,,-0.6140444457285726,,0.8769984245300293,,0.7905763402125765,,0.73695969581604,,0.8472095224391065,,0.7993138432502747,,0.627900458132695,,0.27588170766830444,,-0.8692762333107259,,0.797826886177063,,0.624786686396853
54,2.25,54,2.25,0.0,0.06032777238713257,0.06750331318813646,0.5678636325791886,0.5696813711350369,0.07953735738402941,0.07809345325564258,0.08026476224234998,0.07807035842315253,0.1067579031155313,0.11181299260293405,0.11702441423050865,0.1313790262609837,0.12403717358095805,0.08533667511060496,0.49359823763370514,0.49725277721881866,0.4938204288482666,0.4981344938278198,0.5081526339054108,0.5097110420465469,0.34526529908180237,0.2409665733575821,0.42368626594543457,0.29778891801834106,0.7597755193710327,0.49822112917900085,-178.8654022216797,-172.5149536132812,-0.14926359057426453,-0.37735655903816223,-0.92493736743927,-2.159898042678833,,0.6512061953544617,,0.5300061975763467,,0.8683267831802368,,0.7798078998360147,,0.3442637324333191,,-0.6197251101351927,,0.8770279288291931,,0.7981411029128238,,0.7361534833908081,,0.8481979382403589,,0.7984079122543335,,0.6324897291834476,,0.2762870490550995,,-0.8743491211975288,,0.7964218854904175,,0.6283051960831175
55,2.2916666666666665,55,2.2916666666666665,0.0,0.07914341648709323,0.07339353613582145,0.5678418894164988,0.5760821227501192,0.08384183991310803,0.07814295937246298,0.08310614989635054,0.07975845687041465,0.10111503489784211,0.1106253494952247,0.10949894684544835,0.13425902953057767,0.12517800030112913,0.08482633478410442,0.4922562539577484,0.4963073879480362,0.4927791953086853,0.4973158538341522,0.5083564668893814,0.5093353092670441,0.3421332985162735,0.2398519217967987,0.420490562915802,0.2953757643699646,0.7589251697063446,0.4987585097551346,-178.4035186767578,-172.6998596191406,-0.4677933454513549,0.16397467255592346,-1.0172075033187866,-2.562218189239502,,0.6506453156471252,,0.5292243703269893,,0.8685092926025391,,0.7789302099810494,,0.3455858826637268,,-0.6132629203374066,,0.8781180381774902,,0.7991723367203458,,0.7357492446899414,,0.8479496638415596,,0.8000444173812866,,0.6346996576567683,,0.27591636776924133,,-0.8741843235383204,,0.7970605492591858,,0.628413734460054
56,2.3333333333333335,56,2.3333333333333335,0.0,0.0738684303489663,0.06589634725656107,0.5769175824780245,0.5818047027772677,0.08038197921472016,0.07962355440218047,0.08048156843009009,0.07982749127623848,0.10355615856268587,0.11059397425403884,0.11351126318202645,0.13241547458385544,0.12483557964996704,0.0853543266687816,0.49240897595882416,0.49642787873744965,0.49345678091049194,0.49756768345832825,0.5085043907165527,0.5096894651651382,0.34058545529842377,0.23900292813777924,0.4188843071460724,0.29431575536727905,0.7558880746364594,0.4991449564695358,-178.322265625,-172.859390258789,-1.6157530546188354,-0.12404555827379228,-1.0920131206512453,-2.499436616897583,,0.6512262225151062,,0.5280679679461255,,0.8689146041870117,,0.7760225997157274,,0.346072793006897,,-0.6104472449872007,,0.8784348964691162,,0.7960025034542222,,0.7357380390167236,,0.8433781675227379,,0.8009777069091797,,0.6334458144993137,,0.2758832573890686,,-0.8723215887178628,,0.7985063791275024,,0.6282593255007569
57,2.375,57,2.375,0.0,0.07009489698551295,0.057866012383571426,0.5867295862419929,0.5909767874105101,0.07989370268323816,0.08258315558629234,0.0799021381071295,0.08284062064289664,0.10239139897410143,0.10787439498155169,0.11312563954702141,0.13046501546024175,0.12388134636306523,0.08427607043255023,0.49277834594249725,0.4970206320285797,0.4937495291233063,0.4981846809387207,0.5087881535291672,0.5105886161327362,0.3387651741504669,0.23777946829795837,0.4173503816127777,0.29516923427581787,0.7550219595432281,0.4993257522583008,-178.0254364013672,-171.56025695800776,-1.4857362508773804,0.025580886751413345,-1.179613709449768,-2.6056315898895264,,0.6517729163169861,,0.524558307944298,,0.8695549964904785,,0.7737499100786762,,0.34628599882125854,,-0.6104524569321976,,0.8789676427841187,,0.7934215981929169,,0.7363253831863403,,0.8387058363566154,,0.8009572625160217,,0.63038605829972,,0.2761678099632263,,-0.8709706480872175,,0.7994979023933411,,0.62733611078399
58,2.4166666666666665,58,2.4166666666666665,0.0,0.055492851967172574,0.061417715378597186,0.5899256612239534,0.5950413791297718,0.07867870777302281,0.08036501531226938,0.08009485745922441,0.08140146936396982,0.10212211863531094,0.10480044589756729,0.11415726086201085,0.12923072955475057,0.12478615462687305,0.08489160211698975,0.4932774007320404,0.4973486065864563,0.4941307008266449,0.4981275796890259,0.5087532997131348,0.5106310099363327,0.33987779915332794,0.23833226412534714,0.4199376106262207,0.2968747913837433,0.7603939473628998,0.4989161789417267,-177.20425415039062,-170.6930236816406,-1.2839473485946655,0.9835668206214904,-1.0916095972061157,-2.4882185459136963,,0.6507669687271118,,0.5199597701418492,,0.8702521324157715,,0.7750142380114878,,0.34678441286087036,,-0.6079356054577999,,0.8794931173324585,,0.7943010719867022,,0.7362352013587952,,0.8370806788441509,,0.8020569086074829,,0.6326841756478987,,0.27588170766830444,,-0.8710126530084795,,0.7992351055145264,,0.6267947982432972
59,2.4583333333333335,59,2.4583333333333335,0.0,0.05083490011709623,0.06481977643286578,0.5934503148147854,0.6019590515197105,0.08085133389425983,0.08245059634668304,0.08229279904001567,0.08319538490489174,0.09988178159802709,0.10103718831004233,0.11484345961932048,0.12643722623132383,0.12465450120224149,0.08559626339105889,0.4935024231672287,0.49697789549827576,0.49434694647789,0.4985484778881073,0.5090003609657288,0.5102927088737488,0.3431596904993057,0.24026308208703995,0.42379459738731384,0.2986316382884979,0.7601176500320435,0.49857746064662933,-176.8515167236328,-170.13529968261716,-0.8584669232368469,-1.0233556032180786,-1.2911930084228516,-2.9185705184936523,,0.6507972478866577,,0.5207960479359295,,0.8704721927642822,,0.7753894344186596,,0.34804877638816833,,-0.6013755814131452,,0.8800134658813477,,0.7952827045484845,,0.7366693615913391,,0.8390908002584433,,0.8009601831436157,,0.6304589657396316,,0.2758798599243164,,-0.8688778752339814,,0.7987504005432129,,0.625851634866839
60,2.5,60,2.5,0.0,0.051641963446757755,0.04804164811641971,0.5853295076767576,0.5997736844362552,0.07896537511653348,0.08322609584800825,0.07959147734150025,0.08412678796773482,0.10028357995637283,0.09512607208762225,0.11665976332532466,0.12234817829391231,0.12495426896278483,0.08503802021684975,0.4932382106781006,0.4965696930885315,0.49350705742836,0.4974346458911896,0.5081604421138763,0.51091268658638,0.3481079041957855,0.24304775148630142,0.4302690029144287,0.30454614758491516,0.7636924088001251,0.4979562759399414,-175.6885528564453,-167.083755493164,0.28489798307418823,1.5418046712875366,-1.4298813343048096,-2.7227065563201904,,0.6515915393829346,,0.5217639241031465,,0.8700166940689087,,0.7762135615829377,,0.34780818223953247,,-0.6049384433777112,,0.8800379633903503,,0.7971205024252226,,0.7373555898666382,,0.8398542883462471,,0.8011919260025024,,0.6326274241093544,,0.27571725845336914,,-0.8723165356719831,,0.7973593473434448,,0.624631680982595
61,2.5416666666666665,61,2.5416666666666665,0.0,0.04208128111223889,0.036096487659637654,0.5809141794899231,0.6029929216411135,0.0790717638928767,0.08328617726923938,0.08006058819532223,0.08549443704137334,0.10121536784243418,0.09308658981698793,0.11850086607659845,0.1219800313273966,0.12472067591731924,0.08529927672209112,0.49211786687374115,0.49597926437854767,0.4925375282764435,0.497202605009079,0.5083609819412231,0.5105723291635513,0.3539007604122162,0.24679117649793625,0.4394693970680237,0.3102995455265045,0.7663877904415131,0.4982866197824478,-173.06346130371094,-165.42411804199213,0.6697580814361572,0.864601194858551,-1.7009103298187256,-3.0214409828186035,,0.6520333886146545,,0.5265760646573059,,0.8696253299713135,,0.7775296505731378,,0.3477843999862671,,-0.6059634181484144,,0.8802211880683899,,0.7997158477502437,,0.7375264763832092,,0.8448163909156294,,0.800780177116394,,0.6333778393716758,,0.2755015194416046,,-0.8750299367153773,,0.7979215383529663,,0.6273922624903635
62,2.5833333333333335,62,2.5833333333333335,0.0,0.037338362074598584,0.0320297479105648,0.5820245178110013,0.5978302150144746,0.07728972084693632,0.08008462759439133,0.0789957128403895,0.08204624756320368,0.10003900347025205,0.09091268605662961,0.11921349356096157,0.1220145395255211,0.12533365813410233,0.08514050831110868,0.4917048513889313,0.49556250870227814,0.49174919724464417,0.49645137786865234,0.5086664259433746,0.5098815858364105,0.3587776720523834,0.2499564290046692,0.4458501935005188,0.3139103353023529,0.7669051885604858,0.4978688210248947,-172.16720581054688,-165.65609741210932,1.2967295646667483,2.197694778442383,-1.7673659324645996,-2.9761321544647217,,0.6508021950721741,,0.5243946570307463,,0.8693777918815613,,0.7776346038537194,,0.347000390291214,,-0.6061145288676799,,0.8803265690803528,,0.8005523492853627,,0.73655104637146,,0.8434838215733143,,0.7995061874389648,,0.631380861135067,,0.27458706498146057,,-0.875579450259937,,0.7973633408546448,,0.6268955006581057
63,2.625,63,2.625,0.0,0.04606860925868391,0.0322911415648737,0.5877027956126764,0.5859382702658531,0.07761466109788806,0.08720500015737917,0.07919590652617545,0.08934514924534996,0.09976254667313769,0.09206583482712813,0.12131742636663871,0.12334781726761952,0.1241197438238357,0.08448706982542686,0.49106957018375397,0.4954739212989807,0.49123239517211914,0.49655550718307495,0.5094574242830276,0.5092059075832367,0.36035047471523285,0.2513206899166107,0.44788140058517456,0.3155783414840698,0.766770213842392,0.4983309507369995,-172.03175354003906,-165.75767517089838,1.4051436185836792,1.821736812591553,-1.9205473661422732,-2.952549695968628,,0.6499490737915039,,0.5264237350377218,,0.8688340783119202,,0.7795115429231473,,0.3465817868709564,,-0.6082653910592162,,0.8807533979415894,,0.8045889216106963,,0.7365583777427673,,0.8503697887137779,,0.8000317811965942,,0.6347565306454725,,0.2747163772583008,,-0.8770646398435437,,0.7970353364944458,,0.6284522296579369
64,2.6666666666666665,64,2.6666666666666665,0.0,0.06219194189513669,0.043810587348478106,0.5857579790764691,0.5898038252168324,0.08299604036352931,0.08797447053046131,0.08359210496520891,0.08805862710611749,0.09485592067196585,0.09084975404617461,0.11407274572764291,0.12212590871883217,0.12471122299666905,0.08381030930326913,0.49104711413383484,0.4949496388435364,0.4918075203895569,0.4959876835346222,0.5085307955741882,0.5092451870441437,0.3587505370378494,0.2515779137611389,0.4468708336353302,0.31431493163108826,0.765965610742569,0.49805447459220886,-172.73353576660156,-167.18994140624997,0.4841485321521759,3.0515522956848145,-1.9915550947189333,-3.1171715259552,,0.6487295627593994,,0.5219913194439698,,0.8692222833633423,,0.7813228897406107,,0.34628260135650635,,-0.6098536462373615,,0.8803909420967102,,0.8048333572700362,,0.736423909664154,,0.8501692075684207,,0.7996354103088379,,0.6348397749388002,,0.2752903699874878,,-0.8755273342942564,,0.7966877222061157,,0.6286347751191821
65,2.7083333333333335,65,2.7083333333333335,0.0,0.0785805661730127,0.09154655121213685,0.5783759206290345,0.6025895142269071,0.08342725303654135,0.0899371574838551,0.08521234712356078,0.08984713855847522,0.09456803446045697,0.08772930312838653,0.11405156175239838,0.12048680092347916,0.12545196499730027,0.08432234819135687,0.49092257022857666,0.49464885890483856,0.4911128878593445,0.49642810225486755,0.5082899034023285,0.5096244513988495,0.35740165412425995,0.24950817227363586,0.44593545794487,0.3116876482963562,0.7651350498199463,0.4979221075773239,-172.8609161376953,-167.54162597656244,0.7757416367530823,0.6323741674423218,-1.853381395339966,-3.811241626739502,,0.648491621017456,,0.5178388653939724,,0.8703055381774902,,0.7811023312367781,,0.3468242287635803,,-0.6070857698538281,,0.8791720271110535,,0.7997004604949177,,0.7360270023345947,,0.8442603130809299,,0.7998658418655396,,0.6333497555859248,,0.2756454348564148,,-0.8725131273655441,,0.7975960969924927,,0.6285887945281455
66,2.75,66,2.75,0.0,0.07839813322890903,0.08821320245526637,0.581684379453604,0.5991528490444142,0.08125650692442804,0.09074477981145972,0.082714955590234,0.09101843470261362,0.09785739947741795,0.08245297625151307,0.11579503962609393,0.1163902960313536,0.12501239297376437,0.08541547375988041,0.49071475863456726,0.49410077929496765,0.4905993342399597,0.4961840808391571,0.5078384578227997,0.509269505739212,0.35719333589076996,0.2485283836722374,0.4454908072948456,0.310720831155777,0.764767050743103,0.4988139569759369,-173.32101440429688,-167.64120483398432,1.2153403759002686,-0.7266035676002504,-1.68316650390625,-3.9928612709045406,,0.6484090685844421,,0.5182841093533667,,0.8708469867706299,,0.7795092711179971,,0.34764477610588074,,-0.6020396164437243,,0.8792319893836975,,0.7970781070862493,,0.7362951040267944,,0.84565279351766,,0.7998312711715698,,0.630712244318803,,0.27618682384490967,,-0.8682149614459845,,0.7984146475791931,,0.6277440368331625
67,2.7916666666666665,67,2.7916666666666665,0.0,0.07504308453269634,0.05444328320292134,0.5823889376653578,0.5967734705394645,0.08218097534704098,0.09127066262842491,0.08415245610885469,0.09095754545885161,0.09407104712682862,0.08440984938459141,0.11305441607882015,0.11552352116220248,0.1255207882031506,0.08462083066699623,0.49071575701236725,0.49426060914993286,0.4903849959373474,0.495451956987381,0.5074224174022675,0.5095335841178894,0.35653652250766754,0.24815581738948822,0.4451258182525635,0.3116096556186676,0.7651901245117188,0.49851617217063904,-173.01182556152344,-167.01814270019528,1.5016955137252808,1.9060920476913454,-1.7049169540405273,-3.257420778274536,,0.6483917832374573,,0.5181447455405152,,0.8703833222389221,,0.7805305608609767,,0.3471994698047638,,-0.6057443412534236,,0.8789724707603455,,0.7985587542938029,,0.736816942691803,,0.8481002831706651,,0.7993704080581665,,0.6314780034525048,,0.2765452265739441,,-0.8693882968304896,,0.7984849214553833,,0.6296194113327698
68,2.8333333333333335,68,2.8333333333333335,0.0,0.05398695591916424,0.03519097137723451,0.5689522442058391,0.5744444598510727,0.0796061327650721,0.08749309111656925,0.08168471645573026,0.08832028923441056,0.09681944707015623,0.08510776004091963,0.11619049615451289,0.11782366260550349,0.12550019472255425,0.08495067255197607,0.490213081240654,0.4944487512111664,0.4898639917373657,0.49547433853149414,0.5065893977880478,0.5092487037181854,0.3576238304376602,0.2493264526128769,0.4456137716770172,0.31164252758026123,0.7642471492290497,0.4989126920700073,-173.28440856933594,-167.49084472656244,1.9783761501312256,2.8738491535186768,-1.6530244350433352,-3.10109806060791,,0.6485671997070312,,0.5199657590804858,,0.8706563711166382,,0.7804266430949005,,0.34710967540740967,,-0.6051367575697536,,0.8789336681365967,,0.7978037324478451,,0.7366726398468018,,0.8487936848791097,,0.7984157204627991,,0.6287669601936209,,0.2761649191379547,,-0.8699174227972953,,0.7993307113647461,,0.6306878624666609
69,2.875,69,2.875,0.0,0.04861141713200926,0.03395266711989396,0.5769568884069887,0.5725993737070668,0.08070953318790859,0.08730021917153827,0.08264280132194399,0.08807707180223,0.0963544931019438,0.09098635641708851,0.11595597130443049,0.12211558157107204,0.12517342817922802,0.08408364808134285,0.49004843831062317,0.49448850750923157,0.48982077836990356,0.4952668845653534,0.5059018135070801,0.5089950561523438,0.358786016702652,0.2506286948919296,0.4466755986213684,0.31248757243156433,0.7626173496246338,0.49933353066444397,-172.82862854003906,-167.54428100585935,1.7047398090362549,3.455665349960327,-1.6882227659225464,-2.8789916038513184,,0.6476672291755676,,0.5170688479975072,,0.870755672454834,,0.7790213661402005,,0.34704506397247314,,-0.6038651739857491,,0.8790414333343506,,0.796399933634205,,0.7367469072341919,,0.8492214746535256,,0.7995487451553345,,0.62967184832172,,0.27574846148490906,,-0.8697098009983152,,0.7996001243591309,,0.6297796111420507
70,2.9166666666666665,70,2.9166666666666665,0.0,0.03919008769236197,0.03891142120727935,0.5738136586902649,0.5809264690827078,0.0844739147346918,0.08709965560423923,0.08631068663240483,0.08822751015929073,0.09439372587015812,0.08973189262654468,0.11379208011828368,0.11924832683351225,0.1249778655714544,0.08379138908766856,0.4899098873138428,0.4945148527622223,0.48975807428359985,0.49512308835983276,0.5061973929405212,0.5087827444076538,0.35905101895332336,0.2504337728023529,0.44704699516296387,0.31313276290893555,0.7616996467113495,0.499275803565979,-172.5547332763672,-166.7971801757812,1.6870819330215454,3.31141996383667,-1.6756201982498171,-2.6752231121063232,,0.647867739200592,,0.5184282389401977,,0.8708791732788086,,0.7791311022989221,,0.3467193841934204,,-0.6040782656509959,,0.8791909217834473,,0.7965581288069301,,0.736706018447876,,0.8495658482071993,,0.7993355989456177,,0.6291275542264154,,0.27563339471817017,,-0.8690456288941698,,0.7995257377624512,,0.6295262133291674
71,2.9583333333333335,71,2.9583333333333335,0.0,0.036447378475282004,0.038775863338864285,0.5772431088053867,0.582105541651634,0.08566820812993424,0.08892978919270662,0.08721605361053575,0.08947736571639538,0.09439864432422437,0.08768671946001197,0.11348584480672141,0.1163427740933841,0.12461050063069172,0.08364073925981305,0.48989757895469666,0.49451272189617157,0.4897938072681427,0.4951327443122864,0.5058439075946808,0.5089161247014999,0.359261229634285,0.25020448863506317,0.44738107919692993,0.31269991397857666,0.7625897526741028,0.4993264079093933,-172.22540283203125,-167.20553588867182,1.5999261140823366,3.502192735671997,-1.6543349027633667,-2.690268993377686,,0.6482352018356323,,0.5193751555513615,,0.870875358581543,,0.7791286027453609,,0.34704044461250305,,-0.6034651409961679,,0.8791161775588989,,0.7964093883960526,,0.7365943193435669,,0.8487739094340153,,0.799866795539856,,0.6302254705859502,,0.2756325900554657,,-0.8696703609205255,,0.7995139956474304,,0.6294856582765979
72,3.0,72,3.0,0.0,0.03672600020225208,0.03618570425253423,0.5800254633009673,0.5798908730066434,0.085996532330166,0.09199642723438414,0.08759431167002939,0.09238736781002764,0.094178888976229,0.08623650327145904,0.11284107197233666,0.11416373534754595,0.12424515796606019,0.0832246707410949,0.48988234996795654,0.49453891813755035,0.4896661341190338,0.4951634407043457,0.5060449987649918,0.5092320591211319,0.35902637243270874,0.2496759444475174,0.44707006216049194,0.31206509470939636,0.7624872028827667,0.4993121474981308,-172.31085205078125,-167.56965637207026,1.725718379020691,3.6713759899139404,-1.5936092138290405,-2.6230967044830322,,0.6483386754989624,,0.5188403752704718,,0.8704269528388977,,0.7786042771394843,,0.34744521975517273,,-0.6034331553465605,,0.8782384395599365,,0.7949928902702227,,0.7367963194847107,,0.8487700248886463,,0.7989652752876282,,0.6286766348243502,,0.275797963142395,,-0.8706633596030255,,0.7993879318237305,,0.6295633744047558
73,3.0416666666666665,73,3.0416666666666665,0.0,0.02599026771227774,0.0363088626282611,0.5842486902072342,0.5808999811058602,0.08682451842004313,0.09153576481188942,0.0887897704731741,0.09192331987961862,0.09149678421695592,0.08600258822785771,0.10988447325810109,0.11453600717256208,0.12453454122091455,0.08327082474183749,0.4897218346595764,0.49444784224033356,0.48951515555381775,0.4952036738395691,0.506186455488205,0.5092035531997681,0.35863712430000305,0.24952178448438644,0.44628390669822693,0.31169456243515015,0.7628335058689117,0.4993688315153122,-172.0347137451172,-167.6485900878906,1.6398801803588867,3.3190577030181885,-1.6079437732696533,-2.7438974380493164,,0.6480209827423096,,0.5177178116490774,,0.8702530860900879,,0.7780545225736476,,0.347464382648468,,-0.6032041488716281,,0.8783693909645081,,0.7950812030979242,,0.736720621585846,,0.8485219697974332,,0.7986389398574829,,0.6278197534529895,,0.27577799558639526,,-0.8705576041049382,,0.799283504486084,,0.6291719446506153
74,3.0833333333333335,74,3.0833333333333335,0.0,0.01970071300940476,0.035485929835524926,0.5752893817186204,0.5824696998504205,0.08697907695743227,0.0899875088156124,0.08853724083473083,0.09015399334024114,0.09329440373762649,0.08790414117858274,0.1122392718067269,0.11597982391653333,0.1239521552837932,0.08343395797368117,0.4899947941303253,0.49448756873607635,0.48995253443717957,0.4951854646205902,0.5062480866909027,0.5090656280517578,0.35899583995342255,0.2496105581521988,0.4459247291088104,0.31187671422958374,0.7628563940525055,0.49942296743392944,-171.46788024902344,-167.36360168457026,1.912187933921814,3.337259292602539,-1.6886777877807617,-2.6930670738220215,,0.6483240127563477,,0.5193452382038048,,0.8702255487442017,,0.7778575586001131,,0.34727028012275696,,-0.6033937826343677,,0.8779628276824951,,0.7940885699482056,,0.7365694642066956,,0.8484446680234351,,0.7982606291770935,,0.6268918980011007,,0.2757512331008911,,-0.8701143581348807,,0.7992660403251648,,0.6290010167085934
75,3.125,75,3.125,0.0,0.03094698866208308,0.03568923962089335,0.569304483405994,0.5835030676148805,0.0836523693472734,0.08915920450290628,0.08593479043896166,0.08927792903131979,0.0965153136476546,0.08831903071977286,0.11426243853820661,0.11563472688947994,0.12417994749446647,0.08348303943958313,0.48996078968048096,0.4946424514055252,0.48976531624794006,0.4953274130821228,0.5067099034786224,0.5091539472341537,0.35909686982631683,0.24965377151966095,0.4466171860694885,0.311735600233078,0.7621240615844727,0.49930787086486816,-171.91946411132812,-167.6837310791015,1.4925692081451416,3.186645030975342,-1.4672877788543701,-2.6545729637145996,,0.6482629776000977,,0.5184726347335781,,0.8700152635574341,,0.7771847839830527,,0.34738728404045105,,-0.6029197950518635,,0.8784536123275757,,0.7948757078636426,,0.7365812063217163,,0.8476431035366635,,0.7985550165176392,,0.6273690054100662,,0.2756681442260742,,-0.8702238750426989,,0.7990022897720337,,0.6283067098487967
76,3.1666666666666665,76,3.1666666666666665,0.0,0.046529052656727556,0.03535344537568509,0.585904015497129,0.582076287507691,0.08437692703690136,0.08953522113360629,0.08585108224531611,0.08950199374685142,0.09558675890784502,0.08882643777828529,0.11406511228073628,0.1151378002658909,0.12391080954876177,0.08340342270269238,0.49010059237480164,0.4947669357061386,0.49007779359817505,0.49548617005348206,0.5065002739429474,0.5092044174671173,0.3589155822992325,0.24956390261650085,0.44584017992019653,0.3115586042404175,0.7618083655834198,0.4992449879646301,-173.32131958007812,-167.99087524414057,1.4305270910263062,3.2023468017578125,-1.7250241041183472,-2.6026957035064697,,0.648407518863678,,0.518874863894509,,0.8697635531425476,,0.776866191079201,,0.3476927578449249,,-0.6020292620140711,,0.8788189888000488,,0.7958527209563954,,0.7365154027938843,,0.8472940285802214,,0.7984734177589417,,0.6273921804843783,,0.2756894826889038,,-0.8704190408459845,,0.798902690410614,,0.6282922363552064
77,3.2083333333333335,77,3.2083333333333335,0.0,0.041686414799179033,0.034987142593059024,0.5793350419664893,0.5817871596842323,0.0862504769545893,0.09074060228376479,0.08802339609319934,0.09041039555913856,0.09350422215422774,0.08742931421679127,0.11161245938068558,0.11329624547637339,0.12419662606818636,0.0835033161109779,0.49043281376361847,0.49485138058662415,0.49004536867141724,0.4956856966018677,0.5069958418607712,0.5091858357191086,0.3585910201072693,0.24946396052837372,0.4459979236125946,0.311371386051178,0.7609270513057709,0.4990938752889633,-172.91017150878906,-168.0591430664062,1.8008686304092405,3.144133567810059,-1.5719574689865112,-2.6965291500091553,,0.6481528878211975,,0.5183058569799136,,0.8697003126144409,,0.777516755658868,,0.34741032123565674,,-0.6033746517923836,,0.8787369728088379,,0.7964752895878634,,0.7364718914031982,,0.8477095260276853,,0.7989175915718079,,0.6290175768023454,,0.2757999002933502,,-0.8704602669346553,,0.7989497184753418,,0.6290849776979838
78,3.25,78,3.25,0.0,0.03382205001735218,0.03495389751510454,0.5734290597718289,0.5816196544781905,0.0867616132784733,0.09110943787060159,0.08835021598075274,0.09066213350515712,0.09310737237904199,0.08779202839624602,0.1109599362127806,0.11314723084611135,0.12425408088161405,0.08350794856607277,0.4908526986837387,0.4950133264064789,0.490617960691452,0.4958043396472931,0.507079541683197,0.5094752162694931,0.35838206112384796,0.24925661087036133,0.44582533836364746,0.3111274540424347,0.7612093389034271,0.49884533882141113,-172.8137969970703,-168.0506744384765,1.655972957611084,3.334174633026123,-1.549515724182129,-2.6570324897766113,,0.6481750011444092,,0.516954683355879,,0.8695310354232788,,0.7771503411836992,,0.3480388820171356,,-0.6016971773303321,,0.8784831762313843,,0.7959186922345248,,0.7371671795845032,,0.8486417401753066,,0.7993987798690796,,0.6301165957989475,,0.27566322684288025,,-0.871451985796859,,0.798490047454834,,0.6282114192241574
79,3.2916666666666665,79,3.2916666666666665,0.0,0.033351563841110404,0.03486134629921759,0.5722999045118665,0.5819907605430386,0.08535369634449992,0.0915291239806191,0.08711248005813325,0.09150842294401132,0.09386972655901499,0.0860362873395555,0.11116558308884139,0.1118620648712044,0.12426700992495023,0.08358639820450661,0.49087630212306976,0.4951132535934448,0.49048900604248047,0.49583834409713745,0.5064244568347931,0.5096041560173035,0.3584808111190796,0.24888445436954498,0.4454370439052582,0.3107064366340637,0.7607807517051697,0.49872612953186035,-173.10438537597656,-168.32519531249994,1.6777265071868899,3.3654017448425293,-1.4060956239700317,-2.6140835285186768,,0.6486822366714478,,0.5185029058063553,,0.8692629933357239,,0.7770455079905898,,0.3479473292827606,,-0.6026796890714589,,0.8783696889877319,,0.7961429788235486,,0.7372980713844299,,0.8488753669664869,,0.799653172492981,,0.6310681333169741,,0.275802344083786,,-0.871646475851099,,0.7985484004020691,,0.6287513376767679
80,3.3333333333333335,80,3.3333333333333335,0.0,0.032410208242388744,0.03597167282469172,0.5712618689619258,0.5820707259243518,0.0861576389522889,0.09057711402503589,0.08810639297703832,0.09037371244364242,0.0931335974519262,0.08704064661798266,0.11040756899995116,0.11209432488145796,0.12438757030701991,0.08344640706122199,0.49098074436187744,0.4951596260070801,0.4906163811683655,0.49587127566337585,0.5062432885169983,0.5096731781959534,0.35840579867362976,0.24874655902385712,0.44529423117637634,0.3103601038455963,0.761000394821167,0.49860844016075134,-173.050048828125,-168.573745727539,1.6135557889938354,3.373798131942749,-1.396347999572754,-2.578591823577881,,0.648030161857605,,0.5157690888224897,,0.869441568851471,,0.7775982545537942,,0.3479679226875305,,-0.6028071014857187,,0.8783193826675415,,0.7962141008564246,,0.7376796007156372,,0.8499655143988785,,0.7999173402786255,,0.6318132245638439,,0.2758024334907532,,-0.8718266162394762,,0.7983092069625854,,0.6284411373286566
81,3.375,81,3.375,0.0,0.03293943973208397,0.03585355918122677,0.5708577752091816,0.5814662182212064,0.08555665096767506,0.09137926895051171,0.08770424384319779,0.0915367076190465,0.09348142933828847,0.08575716479134385,0.11016194663175044,0.11166399086203253,0.12439906247787286,0.0835407026785697,0.49105510115623474,0.4952077567577362,0.4906107783317566,0.4959995448589325,0.5063495337963104,0.5098226368427277,0.3584721088409424,0.24862924218177795,0.4450642764568329,0.31013181805610657,0.7611000835895538,0.49873559176921844,-173.17645263671875,-168.7124328613281,1.5168325901031496,3.071091890335083,-1.2902287244796753,-2.6510162353515625,,0.6485453844070435,,0.5169697979409417,,0.8692867755889893,,0.77676244789784,,0.34796518087387085,,-0.6031845373352375,,0.8786063194274902,,0.7962984040663303,,0.7381076812744141,,0.8507362733575619,,0.8006380200386047,,0.6328585076735044,,0.27567195892333984,,-0.8725953801888098,,0.7979208827018738,,0.6271627486498864
82,3.4166666666666665,82,3.4166666666666665,0.0,0.03268377215415116,0.036999977789779294,0.5700042329944134,0.5795964114099286,0.08554467062216306,0.08974005408902953,0.08775294465960234,0.08972136611775962,0.09335688839912108,0.08658382523901134,0.11025512837471076,0.11241525807631432,0.12443015988866565,0.08377544422169818,0.49102574586868286,0.4952954947948456,0.4907070994377136,0.49614691734313965,0.5060600936412811,0.5098653137683868,0.35842594504356384,0.2486957237124443,0.4449608027935028,0.31001725792884827,0.7618050277233124,0.49866756796836853,-173.1962432861328,-168.80879211425776,1.4288041591644287,2.925159454345703,-1.348254680633545,-2.7290499210357666,,0.6488110423088074,,0.5171047630201266,,0.869375467300415,,0.7760464292548361,,0.3476879298686981,,-0.6035644171981598,,0.8786511421203613,,0.79546428988289,,0.7386530041694641,,0.851463414309671,,0.8003063201904297,,0.6314558632513576,,0.27568191289901733,,-0.871544258912388,,0.7981150150299072,,0.6268685465303078
83,3.4583333333333335,83,3.4583333333333335,0.0,0.03320740801269664,0.03573736690329259,0.5688448432571631,0.5777738908351685,0.08554329261439128,0.09141724680284095,0.08771413539224772,0.09157171426369623,0.0941985623972796,0.08484699163545438,0.1104064137233253,0.11113693179068493,0.12443578959096364,0.08422891327626504,0.49127405881881714,0.49548014998435974,0.4907761514186859,0.4963001012802124,0.5061315149068832,0.5098351389169693,0.3582303673028946,0.248361237347126,0.44455984234809875,0.31042784452438354,0.7613914906978607,0.4985906332731247,-173.49169921875,-168.2266693115234,1.5673160552978516,3.099003791809082,-1.2483495473861694,-2.711216926574707,,0.6489145755767822,,0.5178854199945683,,0.8693230152130127,,0.7765220813004401,,0.3472539782524109,,-0.6053979991299346,,0.8786680102348328,,0.796095755836544,,0.738434374332428,,0.8512272833916384,,0.8013267517089844,,0.6340996692615518,,0.2760145962238312,,-0.870669689669396,,0.7976089119911194,,0.6263124222437662
84,3.5,84,3.5,0.0,0.03269383721113427,0.036165031495441494,0.569624175336835,0.5750614912523793,0.08525160796852042,0.0899213842018353,0.08747742495154434,0.08993911242658602,0.09337653569535322,0.08694333154786635,0.10937146989928422,0.1122570680401007,0.12492676738769294,0.08414340920770359,0.4911331832408905,0.49558472633361816,0.49071213603019714,0.4964129328727722,0.5059452056884766,0.5100028961896896,0.3581863194704056,0.2481585517525673,0.4443663954734802,0.31018906831741333,0.7620060741901398,0.49886275827884674,-173.5971221923828,-168.37326049804682,1.4558675289154053,3.1164190769195557,-1.2490249872207642,-2.6728899478912354,,0.6486742496490479,,0.5158547252412781,,0.869235634803772,,0.7750011732836205,,0.34733688831329346,,-0.6051143708189656,,0.8783609867095947,,0.794095871847927,,0.7389150857925415,,0.8515488723961072,,0.8031468391418457,,0.6367110947566433,,0.27568137645721436,,-0.8716714747804134,,0.7977350354194641,,0.6253869549498124
85,3.5416666666666665,85,3.5416666666666665,0.0,0.03391438460534286,0.03530506505612634,0.569220082112004,0.5757152219731765,0.08630620830544326,0.08996235778634189,0.08834521729654926,0.0902826068796714,0.09306902935784395,0.0870643518090851,0.10900228123831635,0.1128620157430769,0.12461814407974665,0.08453264991081148,0.49102428555488586,0.49573786556720734,0.4907425343990326,0.49673688411712646,0.5058759450912476,0.509968638420105,0.3578833341598511,0.24804192781448364,0.44390544295310974,0.31022149324417114,0.7619685530662537,0.49880488216876984,-174.00587463378906,-168.1021881103515,1.3617501258850098,2.5232245922088623,-1.3064526319503784,-2.739936113357544,,0.6488375067710876,,0.5169515308942714,,0.8692465424537659,,0.775688366563037,,0.34711191058158875,,-0.6062484397854383,,0.87833571434021,,0.7947206883828408,,0.7390192747116089,,0.8526610642777807,,0.8032969832420349,,0.637592921733362,,0.27529194951057434,,-0.8736045381342094,,0.797653317451477,,0.6257753364889336
86,3.5833333333333335,86,3.5833333333333335,0.0,0.03556490696268364,0.04017736738524808,0.5689869622184752,0.5752892309338056,0.08608783195931116,0.08862354748020158,0.08787284013874211,0.08888200982793847,0.09422906388408696,0.08780399207141097,0.1093488110022965,0.11340575777969403,0.12444229930726955,0.08446607751505492,0.49138209223747253,0.49578841030597687,0.49097442626953125,0.49675557017326355,0.5057478696107864,0.5101287961006165,0.3573257029056549,0.24791335314512253,0.44343915581703186,0.3103408217430115,0.7629655599594116,0.4991282969713211,-174.3786163330078,-167.96166992187497,1.575728178024292,2.3401708602905273,-1.2295453548431396,-2.705385684967041,,0.6492248773574829,,0.5172368253150162,,0.869604229927063,,0.7749203568386319,,0.3470412492752075,,-0.6064504780160686,,0.877880334854126,,0.792231392759769,,0.7394717931747437,,0.8528252028595286,,0.8036990165710449,,0.6370671606973516,,0.2752668261528015,,-0.8733478227808934,,0.797691285610199,,0.6245008571784523
87,3.625,87,3.625,0.0,0.03813708599750383,0.03881041286946592,0.5673342562197036,0.5731714348571647,0.08569807372052521,0.08938524171507467,0.08728409144546076,0.08963120781173707,0.0949827571182762,0.08771011581746106,0.10942466632045746,0.11339993743064503,0.12469276601698917,0.08478831920603537,0.4912730008363724,0.49578072130680084,0.4910057485103607,0.49687474966049194,0.5054829865694046,0.5100249499082565,0.35728947818279266,0.24790671467781067,0.44384491443634033,0.31003811955451965,0.7631135880947113,0.49914325773715973,-174.2208251953125,-168.17330932617185,1.386965036392212,2.160634756088257,-1.2397775650024414,-2.7807464599609375,,0.6492655277252197,,0.5174573006537198,,0.8692811727523804,,0.7737395612265022,,0.34656864404678345,,-0.6074497831881474,,0.8774871230125427,,0.7908933520060376,,0.7400246858596802,,0.8547439574183725,,0.8047956824302673,,0.6389385236585032,,0.275179922580719,,-0.8727504282020581,,0.7975229620933533,,0.6237355649392498
88,3.6666666666666665,88,3.6666666666666665,0.0,0.0415079698838139,0.04299843703592657,0.5658117092956623,0.5757164037153605,0.08609717565203874,0.08754487919614223,0.08728883944872104,0.08769159749909768,0.09689327822255789,0.08852243950856598,0.11042669732065365,0.11374533871655156,0.1244469380469206,0.08449628871541592,0.4915413111448288,0.4958611726760864,0.4910576045513153,0.4967429041862488,0.5053126960992813,0.5098954737186432,0.357115238904953,0.247803695499897,0.44374269247055054,0.31000733375549316,0.7637448608875275,0.49890103936195374,-174.51087951660156,-168.20227050781247,1.681350588798523,2.538466215133667,-1.1586652994155884,-2.617642402648926,,0.649949312210083,,0.5208345407016562,,0.8689072132110596,,0.773991621366421,,0.34607642889022827,,-0.6092129847380547,,0.8768559098243713,,0.790618977919655,,0.7406110763549805,,0.8579890149825997,,0.8043883442878723,,0.639028835618553,,0.2747780978679657,,-0.8743584023200547,,0.7978480458259583,,0.625347614686219
89,3.7083333333333335,89,3.7083333333333335,0.0,0.044919403041613445,0.04159382279337273,0.5629463356682363,0.5699469431010891,0.08437054652800705,0.08779665127572714,0.08559950211537484,0.08848086422940576,0.09832096664859988,0.08913592230557806,0.11139744354957795,0.11440520962534706,0.1243445497402247,0.08486261200670249,0.49186941981315613,0.4958917051553726,0.49135464429855347,0.49698302149772644,0.5052387565374374,0.5098969787359238,0.35682879388332367,0.24787598848342896,0.44385525584220886,0.3095948398113251,0.763939619064331,0.4982093721628189,-174.56520080566406,-168.6436614990234,1.7323716878890993,1.8077722787857056,-1.1033819913864136,-2.71083927154541,,0.6501485109329224,,0.5228814398505686,,0.8693534731864929,,0.7783244994092429,,0.345750629901886,,-0.6119653588097637,,0.876057505607605,,0.7923834933789532,,0.7400668859481812,,0.8581123543404144,,0.8033032417297363,,0.6398108784392426,,0.2748125195503235,,-0.8764346355432503,,0.797767162322998,,0.6282011930877717
90,3.75,90,3.75,0.0,0.047057399683370006,0.04475235981507492,0.5597426805226625,0.570785963668907,0.08344339311449687,0.08804066663592312,0.08464778153842374,0.08894749136850795,0.09811693538850347,0.08787397699103654,0.11064396866591437,0.11392466911388534,0.12472254845835198,0.08495967346334228,0.4920286238193512,0.495923787355423,0.4915940761566162,0.4968874156475067,0.505376547574997,0.510117307305336,0.3566195070743561,0.2477804273366928,0.44308894872665405,0.3093835115432739,0.7627252340316772,0.49690328538417816,-175.1690216064453,-168.72233581542963,1.596158742904663,2.0226659774780273,-1.1124718189239502,-2.6792314052581787,,0.6503036022186279,,0.5232137344509143,,0.8702738881111145,,0.7838558895726968,,0.3458142876625061,,-0.6132239713023191,,0.8761228322982788,,0.7961351887874873,,0.7394490838050842,,0.8559291426092093,,0.8038809299468994,,0.6444702204732075,,0.27534541487693787,,-0.8762331485937839,,0.7964794635772705,,0.6289315493434107
91,3.7916666666666665,91,3.7916666666666665,0.0,0.051977844065443896,0.042986519602962264,0.5568599093093586,0.5686015652262375,0.08131230874802618,0.08695965899067157,0.08264852285668892,0.087650958943864,0.09986621245067984,0.09057732052381744,0.11222284128187061,0.11656065123491091,0.12485388359802754,0.0851218644088659,0.4922904223203659,0.49591144919395447,0.4916081726551056,0.49696505069732666,0.5057210326194763,0.5097780972719193,0.35627543926239014,0.2477138563990593,0.44162726402282715,0.3088167905807495,0.7632823884487152,0.4961521476507187,-175.95506286621094,-169.34895324707026,1.880071759223938,1.8097463846206665,-1.067184567451477,-2.775833606719971,,0.6507128477096558,,0.5272488656187072,,0.8695513606071472,,0.7857664617777094,,0.34698259830474854,,-0.6090317816697212,,0.8761346340179443,,0.7996200406697488,,0.7388706207275391,,0.8570545783672128,,0.8022205233573914,,0.6440781241527315,,0.27631282806396484,,-0.8734133914377761,,0.7960423827171326,,0.6310770905596915
92,3.8333333333333335,92,3.8333333333333335,0.0,0.06339462742017686,0.04358838260931948,0.55444040331648,0.5635869478591716,0.08281175439189079,0.08718443069727495,0.08468913944765134,0.08736735244384154,0.0982893943521934,0.09229707157618951,0.11153759976409214,0.11621294208306751,0.12527359774229288,0.0853002403913501,0.4925478398799896,0.4959898442029953,0.4920988976955414,0.49709901213645935,0.5064012706279755,0.509382963180542,0.35587354004383087,0.24764759838581085,0.4400545656681061,0.3083229959011078,0.7628773748874664,0.4956171363592148,-176.96792602539062,-169.90988159179682,1.3142049312591553,1.3677048683166504,-1.1531457901000977,-2.715193748474121,,0.6517500281333923,,0.5331110433379086,,0.8697113990783691,,0.7879736988936177,,0.3463812470436096,,-0.6103800410889192,,0.8754813075065613,,0.8001271493458991,,0.7389817833900452,,0.8597611156174257,,0.80390465259552,,0.6493616147056979,,0.276903361082077,,-0.8705485588997748,,0.7949404120445251,,0.6304797806636654
93,3.875,93,3.875,0.0,0.08506665038519416,0.04647511116597695,0.5576288029572134,0.5669416888900858,0.08175044433239713,0.08648542276822505,0.08266692032886588,0.08739146300196013,0.10110921787652251,0.09277875252583137,0.11390439166941702,0.11723617040100219,0.12543008715928633,0.0852093617600846,0.49264638125896454,0.496085524559021,0.49260008335113525,0.4971713423728943,0.5063420236110687,0.5088814496994019,0.3556431531906128,0.24705158919095993,0.43949875235557556,0.3077649176120758,0.7610324025154114,0.49588659405708313,-177.08547973632812,-169.98464965820307,0.5436912178993225,1.0734288692474365,-1.294958472251892,-2.6988091468811035,,0.6518608331680298,,0.534881597397991,,0.8696519136428833,,0.7865127462253165,,0.34681302309036255,,-0.6062931368804139,,0.8767356872558594,,0.8014191004161079,,0.7381337881088257,,0.85762614162176,,0.8039576411247253,,0.6482725725602215,,0.27563831210136414,,-0.8725556020314755,,0.794776201248169,,0.6289521083191423
94,3.9166666666666665,94,3.9166666666666665,0.0,0.09208870124986251,0.04384284056679222,0.5472342834742083,0.5668733976290511,0.08313186753325226,0.08693425482915443,0.08376583935115511,0.08752022319205406,0.10175431848296938,0.09579682799735902,0.11543581533504592,0.11851248194404969,0.12588878321739852,0.08511325791884632,0.4927785098552704,0.49634821712970734,0.49323275685310364,0.4969969391822815,0.5066353976726532,0.5090250968933105,0.35431551933288574,0.24682456254959106,0.4393986761569977,0.3073330521583557,0.7593547403812408,0.49556751549243927,-176.314453125,-170.36338806152338,-0.15580542385578156,2.2268264293670654,-1.4899346828460693,-2.38816499710083,,0.6510347723960876,,0.5306496023320526,,0.8694614171981812,,0.7858882880553549,,0.3465581238269806,,-0.607092681146605,,0.8765463829040527,,0.8007801906622618,,0.7375680804252625,,0.8539998623167017,,0.8041234016418457,,0.648554191520894,,0.2756914794445038,,-0.8719010931581718,,0.7946416735649109,,0.6286245296243136
95,3.9583333333333335,95,3.9583333333333335,0.0,0.04569347286029273,0.03966587806556055,0.5252420147456462,0.5555464928572449,0.08321484594470195,0.08639232378172466,0.08381424410787798,0.08724371492046039,0.10370389447490608,0.09680757172918548,0.11573725118025469,0.11747920594415723,0.12596791853432726,0.08549270821655983,0.4929827153682709,0.4968501925468445,0.4927110970020294,0.4973670542240143,0.5069560110569,0.5089685618877411,0.35374127328395844,0.24655437469482422,0.43851783871650696,0.3063550889492035,0.7596133351325989,0.49526265263557434,-176.89605712890625,-171.15821838378903,1.8459901809692383,1.891082286834717,-1.1674014329910278,-2.085001230239868,,0.6515887975692749,,0.5340355688325994,,0.8694177269935608,,0.788067105758094,,0.345295250415802,,-0.6128679396506533,,0.8758742809295654,,0.8016662739165081,,0.7375028133392334,,0.8557370445253879,,0.8034041523933411,,0.6490254884147831,,0.27597931027412415,,-0.8724186082204729,,0.7941282987594604,,0.6294881478101387
96,4.0,96,4.0,0.0,0.019415311911272926,0.03002677229676865,0.5543169754396766,0.5545776092854428,0.08161476878837177,0.08582634431961762,0.08190834337944379,0.08629094860766695,0.10446717869030737,0.10139609024408215,0.11390200415896104,0.12134348710719774,0.12512231907222052,0.08552127652014281,0.4933974891901016,0.49716195464134216,0.49305400252342224,0.4978249967098236,0.5075191259384155,0.5090127289295197,0.3539837896823883,0.2467917874455452,0.4371172785758972,0.3056279420852661,0.7586695551872253,0.49522392451763153,-176.127197265625,-171.25971984863276,1.6250706911087036,2.0127556324005127,-0.9231341481208801,-2.069852352142334,,0.6519237160682678,,0.5357203475808838,,0.8695979118347168,,0.7894065300872797,,0.34521806240081787,,-0.6140055249877949,,0.8754909038543701,,0.8018325173077179,,0.7376391887664795,,0.8570359003337576,,0.803257405757904,,0.6495206660035256,,0.27654707431793213,,-0.8714276192650491,,0.7934272289276123,,0.628792714691106
97,4.041666666666667,97,4.041666666666667,0.0,0.013465032465828706,0.024424648919647147,0.5651059679139532,0.5504052652240204,0.08531430082876605,0.08782365819378472,0.08572916511435093,0.0880140714274975,0.10111413174667269,0.10343769378581995,0.10897444047475938,0.12486987959431949,0.12439492727288241,0.08405686964250272,0.4937296211719513,0.49725256860256195,0.493336945772171,0.49856865406036377,0.507659375667572,0.5090151727199554,0.3534907251596451,0.2465493008494377,0.4370948374271393,0.30622291564941406,0.7564916908740997,0.4952494353055954,-174.67857360839844,-169.41136169433588,1.4493184089660645,0.5085327625274658,-0.6583179831504822,-2.3202762603759766,,0.6521245241165161,,0.5363352536441426,,0.8698114156723022,,0.7896134734841664,,0.345055490732193,,-0.6144766695409181,,0.8754681348800659,,0.8015383936209991,,0.737900972366333,,0.8578022484967573,,0.8037251830101013,,0.6502971988564131,,0.27653074264526367,,-0.8712889448216756,,0.7937875986099243,,0.6293477940914567
98,4.083333333333333,98,4.083333333333333,0.0,0.015564509121241634,0.019189114765874947,0.5641854302615051,0.5456098055135934,0.08363031785668373,0.09047610705632272,0.08374109502366671,0.0905673364494299,0.10247490968265352,0.1051127215539544,0.10845666750750682,0.12641873310218202,0.12458181507765954,0.08387603008863934,0.4934319704771042,0.4972546100616455,0.4933455288410187,0.4978393018245697,0.5076617896556854,0.5090295970439911,0.35243676602840424,0.24614228308200836,0.4350755512714386,0.3057057559490204,0.7548919320106506,0.49518726766109467,-174.9157257080078,-170.0028686523437,0.8397326469421387,3.787369251251221,-0.6448612809181213,-1.9641166925430298,,0.6517226696014404,,0.5349941125161909,,0.869687020778656,,0.7898055399570904,,0.34489014744758606,,-0.615402258791297,,0.8749798536300659,,0.8009679203680546,,0.7376629114151001,,0.8572068350715537,,0.8034220337867737,,0.6500552373315397,,0.2769090533256531,,-0.8702813812728774,,0.7939452528953552,,0.6300690718222338
99,4.125,99,4.125,0.0,0.02826572339257846,0.024009382727605007,0.5462594906261643,0.5582519901434905,0.07457002139542239,0.08714880824912198,0.07455907773139193,0.08841721287493282,0.11096295935000754,0.10950555615389487,0.11967046614420852,0.12920530588935963,0.12329257356790962,0.08383115909856724,0.4942602068185806,0.49764853715896606,0.49381235241889954,0.4981476068496704,0.5082962512969971,0.5097359716892242,0.35360488295555115,0.24591520428657532,0.43202531337738037,0.3047381043434143,0.7535049617290497,0.49483732879161835,-178.2189178466797,-171.12092590332026,1.3717124462127686,2.098911762237549,-0.7349292635917665,-1.7431024312973022,,0.6516318917274475,,0.532839763545639,,0.8692681789398193,,0.7908987140146226,,0.34481847286224365,,-0.619289131469286,,0.8747386932373047,,0.8024539123140344,,0.7374330163002014,,0.8550354328572073,,0.8019681572914124,,0.6487429580083702,,0.2771928906440735,,-0.8732330026465502,,0.7932891249656677,,0.6304105062282728
100,4.166666666666667,100,4.166666666666667,0.0,0.030148956906208075,0.039645540464858534,0.5412273118573956,0.5499202385391014,0.0549610523595529,0.059178992018954255,0.05475999073130749,0.0619738506395877,0.13521830260509393,0.136393863354285,0.14427885287339895,0.16025755613143755,0.12391511914555929,0.08376601972019862,0.49472516775131226,0.4984728693962097,0.49395397305488586,0.4984506070613861,0.508651003241539,0.5091143995523453,0.35667601227760315,0.24688371270895004,0.43090519309043884,0.30238497257232666,0.7543781995773315,0.49543052911758423,-181.1036987304687,-173.84048461914057,1.9869264364242556,3.2286722660064697,-0.9526440501213073,-1.739006280899048,,0.6518232822418213,,0.534876390035248,,0.8690147399902344,,0.7876140630138361,,0.3448394536972046,,-0.6157065233523349,,0.875236988067627,,0.8007322033064027,,0.7369271516799927,,0.8538477785378715,,0.8013745546340942,,0.6450107097112014,,0.27715396881103516,,-0.8693933796391681,,0.7938319444656372,,0.6291088978368955
101,4.208333333333333,101,4.208333333333333,0.0,0.02043849568645222,0.039213907098933846,0.5538301334416389,0.5474257500527621,0.05813860781178468,0.047239263457751604,0.05849411988621392,0.04979366170129029,0.14470767493108402,0.16386717486038224,0.15267443246241236,0.1898495760958275,0.12175855565095471,0.08360385402959791,0.49478957056999207,0.4987607002258301,0.4944251477718353,0.4982065260410309,0.5083187818527222,0.5094785392284393,0.35510194301605225,0.24720770120620728,0.4322589933872223,0.30108878016471863,0.7572304606437683,0.49477440118789673,-178.68878173828122,-174.39184570312494,1.1956716775894165,5.557409286499023,-0.5567321181297302,-1.6963428258895874,,0.6517208814620972,,0.5329015580303638,,0.8689596652984619,,0.7885464886664642,,0.34440767765045166,,-0.6184271008123855,,0.8746041655540466,,0.800441534473247,,0.7371217012405396,,0.8528500993883497,,0.8033758401870728,,0.650337157714243,,0.2766568064689636,,-0.8722512733026095,,0.793670654296875,,0.6298847482005712
102,4.25,102,4.25,0.0,0.016514829030604306,0.021888682991196354,0.5582078424008664,0.5511222531555231,0.061561233194440235,0.04653053800665089,0.06152062372203544,0.04909238561624082,0.14320449275512917,0.1697193815250221,0.1469628970861143,0.19294264367886615,0.12309679499944053,0.08337342342314925,0.4957025796175003,0.49953214824199677,0.4950658977031708,0.49893251061439514,0.5081879794597626,0.509610116481781,0.35139812529087067,0.24594851583242416,0.4282194972038269,0.2994474470615387,0.7570438981056213,0.4948522299528122,-178.84707641601557,-173.9346313476562,1.1409621238708496,4.395390510559082,-0.23067578673362732,-1.1786483526229858,,0.6506662964820862,,0.5278995808053198,,0.8696871995925903,,0.7890814364231816,,0.3453032672405243,,-0.614914687450877,,0.8747280240058899,,0.7996930956625158,,0.7376357913017273,,0.853380958920335,,0.8037927150726318,,0.6503640842312478,,0.27648717164993286,,-0.8724573772844839,,0.7944386005401611,,0.6306723299137614
103,4.291666666666667,103,4.291666666666667,0.0,0.020813654616517397,0.016722244749054076,0.5707067003050371,0.5663716990777075,0.06834881259221194,0.048042602454562114,0.06879295280482098,0.04936139775981984,0.14035022522750076,0.16994520993143789,0.1403548475073379,0.18871751619795957,0.12330915386959647,0.0834689448775287,0.4962504953145981,0.5007297694683075,0.4958338141441345,0.4992193877696991,0.5075119584798813,0.5094994306564331,0.3477706015110016,0.24425607174634933,0.4239461421966553,0.2972259819507599,0.757249653339386,0.4947350174188614,-179.09495544433588,-174.35681152343744,0.0882946252822876,6.2176127433776855,0.1992236226797104,-0.581810474395752,,0.6513429284095764,,0.5328915485946549,,0.8695579171180725,,0.7920964071761741,,0.34569767117500305,,-0.6153864974797839,,0.8747794032096863,,0.8031307393277226,,0.7378314733505249,,0.8578201874067862,,0.8027888536453247,,0.6509963427731646,,0.2778788208961487,,-0.8701749983379904,,0.7931246161460876,,0.630573343518354
104,4.333333333333333,104,4.333333333333333,0.0,0.04042109476963653,0.029486101967109688,0.5510015669355814,0.5709792963282045,0.0676208371618857,0.05702228565366782,0.06764578068853178,0.05900039769076159,0.14198717364983326,0.16327474953500515,0.14139080675258525,0.17336571997227324,0.12382405408821398,0.08411747488068308,0.497505247592926,0.5017972439527512,0.49684765934944153,0.5005091428756714,0.508138507604599,0.5104316473007202,0.34375302493572235,0.24141455441713333,0.41780880093574524,0.29444214701652527,0.7552787661552429,0.4940965473651886,-180.682632446289,-174.95664978027338,0.25956645607948303,4.148382663726807,0.34443628787994385,-0.002896665595471859,,0.6513957381248474,,0.5296073401251559,,0.869430422782898,,0.7932056349911171,,0.346957802772522,,-0.6141773232775248,,0.8751747608184814,,0.8053453367274652,,0.7378899455070496,,0.8545692991610473,,0.8040467500686646,,0.6550281321594666,,0.27780258655548096,,-0.8739960466301422,,0.792807936668396,,0.6312767718278538
105,4.375,105,4.375,0.0,0.07440740345774802,0.03374203016583309,0.5812534486513434,0.565983683497354,0.06814015384007237,0.06234580078120415,0.06856708238879858,0.06433981824180351,0.14167751910953788,0.16074048337455443,0.1335883266902582,0.16893765158701524,0.12545718482088766,0.0843193770719033,0.4994964748620987,0.5027859658002853,0.49925875663757324,0.5024212002754211,0.5093881785869598,0.5105196535587311,0.33974629640579224,0.23888474702835083,0.41166284680366516,0.29305168986320496,0.7528825402259827,0.4945658892393112,-182.12828063964838,-174.02326965332028,-1.566057801246643,1.5624266862869263,1.1941475868225098,-0.2355572730302811,,0.650597870349884,,0.5230883788799852,,0.869922935962677,,0.7884452977974307,,0.34702813625335693,,-0.6105197132499369,,0.8753225803375244,,0.7997873633168889,,0.7380893230438232,,0.8498041467124754,,0.8056148290634155,,0.6533647792948831,,0.27718794345855713,,-0.8713211002647719,,0.7934645414352417,,0.6278428469615328
106,4.416666666666667,106,4.416666666666667,0.0,0.0819068130984844,0.029308535914656094,0.5925648769034314,0.5594335112010314,0.07067757361287014,0.06528370364140161,0.07028850022175985,0.066574770845344,0.13753358131331478,0.1582433786741367,0.12658469423089708,0.1654267412641828,0.12515032407972612,0.08433871626850495,0.5010070204734802,0.5044462382793427,0.5014063119888306,0.5031278729438782,0.5102295130491257,0.5115775167942047,0.335315465927124,0.2364259511232376,0.4057850241661072,0.29003381729125977,0.7517447471618652,0.4933154881000519,-182.47117614746088,-174.31582641601557,-2.587562799453736,4.240495681762695,1.3211300373077393,0.16249249875545502,,0.650771975517273,,0.5205307212818786,,0.8698769211769104,,0.7921050546306498,,0.3471275866031647,,-0.614975923340476,,0.874424934387207,,0.8016718980085473,,0.7391486763954163,,0.8510236753450627,,0.8040394186973572,,0.6536144554415718,,0.2777016758918762,,-0.8746006218358134,,0.7921125888824463,,0.6285261130032154
107,4.458333333333333,107,4.458333333333333,0.0,0.0782813580869134,0.02819994853778934,0.5971666575264528,0.5620621369191252,0.06731833270306119,0.06756964518067603,0.06680523936884948,0.06914737932680592,0.13916773690311585,0.15749770128646098,0.12574431603109845,0.1619550764921427,0.12492846521900337,0.08432158002671712,0.503558486700058,0.5062573254108429,0.503477156162262,0.5050696730613708,0.5085608065128326,0.512383908033371,0.33252672851085663,0.23461320251226425,0.40214914083480835,0.28705644607543945,0.7563628554344177,0.49326393008232117,-182.7184448242187,-174.86909484863276,-1.8283426761627195,3.026188611984253,1.58984375,0.42338305711746216,,0.6508744359016418,,0.5178673881040782,,0.8695101141929626,,0.7913946737180159,,0.3448278307914734,,-0.6265542446683583,,0.8750810027122498,,0.8031124576802957,,0.7393391728401184,,0.8486698116548032,,0.804097056388855,,0.6538051174009307,,0.27766746282577515,,-0.8776917403358386,,0.7924933433532715,,0.6293979152031999
108,4.5,108,4.5,0.0,0.07892346964214232,0.02680708106965795,0.5952528242721764,0.5607818716005709,0.06864455786522806,0.07186294724796992,0.06773157515692177,0.07396567294668133,0.13882753785302385,0.15701183250096526,0.12348197888200782,0.15842325813008248,0.12462335397690563,0.08455389706294109,0.5061094760894775,0.5081963092088699,0.5063595175743103,0.5066989660263062,0.5122232437133789,0.5132214426994324,0.33002667129039764,0.23281711339950562,0.40003275871276855,0.28446081280708313,0.7558346390724182,0.49118638038635254,-182.34277343749994,-175.05241394042963,-2.3666365146636963,2.9965593814849854,1.7268050909042358,0.8843919038772583,,0.652338981628418,,0.5207140338055377,,0.8690260648727417,,0.7955133882644196,,0.34285762906074524,,-0.6376681854584797,,0.8735541105270386,,0.8050468520284554,,0.740423321723938,,0.8504118734837568,,0.8031826615333557,,0.6568849936409783,,0.2770393490791321,,-0.8840246285872136,,0.7902255654335022,,0.6296047903069278
109,4.541666666666667,109,4.541666666666667,0.0,0.08150782833550674,0.026247179510570276,0.5926948048837246,0.5597477605099948,0.07013706266277735,0.07255647836735646,0.06870790423960474,0.0740288391321739,0.1406157383142317,0.15716463091738558,0.11936904094551211,0.1544994348218308,0.1249275231471569,0.084290896710485,0.5092521011829376,0.5103374868631363,0.5099102258682251,0.508847177028656,0.5142872929573059,0.5144034326076508,0.3278067409992218,0.23056990653276443,0.39558571577072144,0.2810807526111603,0.7573977708816528,0.49114055931568146,-183.33320617675776,-175.54289245605463,-3.002074956893921,2.698331594467163,2.2650341987609863,1.259627342224121,,0.6522031426429749,,0.5144167763015468,,0.8707412481307983,,0.797106477559241,,0.34047144651412964,,-0.6493013051988181,,0.8742493391036987,,0.8044729606051343,,0.7419008612632751,,0.8492651677998301,,0.8038381338119507,,0.6566196255493029,,0.2790931463241577,,-0.8784311583059122,,0.7895755767822266,,0.62667032110932
110,4.583333333333333,110,4.583333333333333,0.0,0.06949307927810441,0.025714484330885252,0.5936201377557072,0.5610588877916667,0.07235436699448376,0.07093408407869219,0.07099275699536939,0.07276166104994933,0.14111677616655954,0.1580092121409903,0.11559593362919512,0.15186047376885634,0.12445664296438708,0.08460915925544198,0.5122660547494888,0.5126291960477829,0.5126276612281799,0.511221170425415,0.5166017115116119,0.5154136717319489,0.3250138908624649,0.22867543250322342,0.3913538455963135,0.2780616879463196,0.7540120184421539,0.4901590645313263,-183.9321899414062,-176.34037780761713,-2.600421905517578,1.861860752105713,2.7556216716766357,1.6347767114639282,,0.6520621180534363,,0.5127066161902346,,0.8709646463394165,,0.8036927599521428,,0.33822181820869446,,-0.664825968256165,,0.874861478805542,,0.8119170512687282,,0.7410765886306763,,0.8466899817548197,,0.8026301860809326,,0.6594724186845135,,0.281801700592041,,-0.8765149289943946,,0.7925407886505127,,0.6381786770628511
111,4.625,111,4.625,0.0,0.060068824867218956,0.026488696873674947,0.5896316583198011,0.5659370931088266,0.07391624119662796,0.07094586443757414,0.07294924199102283,0.0725335050976313,0.14302558898680928,0.15815372778378806,0.11208501211155461,0.14623523994378357,0.12486473104241681,0.08451324374802931,0.515257254242897,0.5152576565742493,0.5153203010559082,0.5139701962471008,0.516825944185257,0.514736533164978,0.3237825036048889,0.22761499881744385,0.38861483335494995,0.27611666917800903,0.7535101175308228,0.49219705164432526,-184.56216430664057,-176.9566802978515,-2.2300894260406494,0.9313806295394897,3.3633017539978027,2.2469141483306885,,0.6502088308334351,,0.5079374256156666,,0.8706986904144287,,0.7982703667433316,,0.3429531753063202,,-0.6440814694667845,,0.8795672655105591,,0.816974435548642,,0.7386388778686523,,0.8394954726199796,,0.8051089644432068,,0.6599398306437412,,0.28152239322662354,,-0.8744089522078065,,0.7969012260437012,,0.642629484607733
112,4.666666666666667,112,4.666666666666667,0.0,0.056084044745992205,0.027812553900505705,0.5841190489772745,0.5757986284567865,0.07306282768633614,0.0708924265282538,0.07182945288560048,0.07303137450271818,0.1429777263384321,0.16123359238629062,0.10995133104325898,0.14379681608019293,0.12557730422017313,0.08453971876404731,0.5174769461154938,0.5177889168262482,0.5177320241928101,0.51630699634552,0.5171383321285248,0.5169792920351028,0.3230462372303009,0.2271927073597908,0.3865463137626648,0.27571412920951843,0.7576041519641876,0.4915522336959839,-185.30833435058588,-176.74819946289057,-2.1406865119934086,0.607837438583374,3.4097254276275635,2.8560829162597656,,0.6508470773696899,,0.5015127566073596,,0.8710875511169434,,0.7997985779145237,,0.33936601877212524,,-0.6653977434641101,,0.8710333704948425,,0.7996844025465994,,0.7390908002853394,,0.8321027684022976,,0.8077710866928101,,0.666371157907574,,0.2822481393814087,,-0.8793801072808358,,0.7957134246826172,,0.6409619259176298
113,4.708333333333333,113,4.708333333333333,0.0,0.05290390881728645,0.027044723207108455,0.5892566325899044,0.5760611148668862,0.07263189238460557,0.0757716687105905,0.07159233120308038,0.07873034663549844,0.15008148498238238,0.15900369097038847,0.11207813927734452,0.13740913433719767,0.1248414264681732,0.08467739723736631,0.5197509378194809,0.5202068388462067,0.5194676518440247,0.5189866423606873,0.5184668600559235,0.5174639821052551,0.32326628267765045,0.22716326266527176,0.3853244185447693,0.2760995328426361,0.7564262449741364,0.4898551404476166,-185.9506225585937,-176.66696166992182,-1.824737548828125,-0.42531111836433416,4.099981784820557,3.2394068241119385,,0.6507955193519592,,0.5019748525719959,,0.8708770275115967,,0.8069033618269846,,0.3326541781425476,,-0.6957834283901411,,0.857683539390564,,0.7789630510980683,,0.737996518611908,,0.8302745905900958,,0.8050960302352905,,0.6675966457336115,,0.28611618280410767,,-0.8709925636886025,,0.7960551977157593,,0.64845055885147
114,4.75,114,4.75,0.0,0.05225552871326382,0.024651254899514443,0.5841804000679861,0.5720415596005649,0.07421305757985372,0.0785600070086574,0.07317832376157074,0.08196498858216511,0.15083671509667312,0.1557455541163968,0.10680910034447064,0.13117374463977918,0.12456110560944561,0.08537654727389338,0.5215236246585846,0.521859422326088,0.5214309096336365,0.5208870768547058,0.5183588862419128,0.5200182944536209,0.3224440962076187,0.22780799120664597,0.3850494623184204,0.27655693888664246,0.7562108933925629,0.48775140941143036,-185.4862213134765,-176.90292358398435,-2.478217840194702,-1.0826418399810793,4.669703483581543,3.5161876678466797,,0.651194155216217,,0.49668399751242215,,0.8708527684211731,,0.8159479667470759,,0.332387238740921,,-0.7104458264430402,,0.8524048924446106,,0.7766567803811836,,0.7395449280738831,,0.8312151741416082,,0.8070658445358276,,0.6800914639567152,,0.29113009572029114,,-0.8666617841832714,,0.7942678332328796,,0.6528336350415717
115,4.791666666666667,115,4.791666666666667,0.0,0.05680484498662038,0.022602211804651266,0.5854525782838726,0.5728368916395589,0.07613295175228842,0.08015027193170333,0.07531118297312993,0.08298399386804019,0.15607939066092943,0.1538483452542302,0.10922307131190256,0.13112263537777127,0.12378607045201596,0.08507153891935101,0.5234153121709824,0.5228278040885925,0.5231875777244568,0.5212067365646362,0.5171477794647217,0.5212799459695816,0.3232886493206024,0.22844020277261734,0.3871524930000305,0.27786514163017273,0.7541631460189819,0.4880262017250061,-184.6203002929687,-176.27001953124997,-3.0554568767547607,0.5699352025985718,4.997765064239502,3.4171829223632812,,0.6519612669944763,,0.4952735211392177,,0.873392641544342,,0.8215386716766464,,0.3443302512168884,,-0.670627582406984,,0.855811357498169,,0.7840582290401931,,0.7392420172691345,,0.8260617636912487,,0.8051306009292603,,0.6760150858679225,,0.2903265357017517,,-0.8752980749304499,,0.7945718169212341,,0.6535054729588662
116,4.833333333333333,116,4.833333333333333,0.0,0.057934658193038786,0.02367555276232673,0.585562916342273,0.5739945640662955,0.07453203182845747,0.07397515657516741,0.07550602239423831,0.07656243909289251,0.15255409094540012,0.15153240572753993,0.10985992158846052,0.12652629053540337,0.12352214893701588,0.08590288273450984,0.5246623158454895,0.5231628268957138,0.5240681767463684,0.5216509103775024,0.5178199261426926,0.5210237503051758,0.32458338141441345,0.22934504598379135,0.390972763299942,0.2802480459213257,0.7517279088497162,0.4858231693506241,-183.29336547851557,-175.65805053710932,-3.005807876586914,0.07660146802663803,4.838650703430176,3.492840051651001,,0.6514173150062561,,0.49517700537024156,,0.8695993423461914,,0.8197942075441055,,0.34287530183792114,,-0.6765289025236617,,0.8211040496826172,,0.7162021588026807,,0.7388014197349548,,0.8270231313329142,,0.8033367991447449,,0.6782490754696493,,0.28948619961738586,,-0.8792770658826111,,0.7961835265159607,,0.6629687848244852
117,4.875,117,4.875,0.0,0.048167121262974184,0.027632234092506133,0.5828332320563719,0.5698355985461343,0.07643461789342425,0.07683706382475729,0.07748434379123138,0.08012682307536265,0.15013601787769706,0.14922563457404384,0.10614168401054515,0.1260220855022427,0.12400108004506492,0.08566945453924979,0.5251006036996841,0.5235995799303055,0.5241814851760864,0.521736204624176,0.5179769396781921,0.5200048834085464,0.32605767250061035,0.23015248030424118,0.39439424872398376,0.2828865647315979,0.7457075715065002,0.4862654209136963,-182.39265441894526,-174.2247619628906,-2.937670230865479,0.23467354476451874,5.040010452270508,3.4786128997802734,,0.6500507593154907,,0.48879640153910126,,0.8716537356376648,,0.8148027480047709,,0.3281453847885132,,-0.7211319226583847,,0.7940807938575745,,0.6507950609048053,,0.738113284111023,,0.8197922515059629,,0.8042401671409607,,0.6722743973378218,,0.28715944290161133,,-0.8751835661133739,,0.8032225966453552,,0.6701230107896806
118,4.916666666666667,118,4.916666666666667,0.0,0.049977283935243845,0.03384066923644575,0.5836254201110521,0.5690044264928551,0.07396670671739237,0.0790293880751011,0.0749030751649077,0.08240075076770532,0.1510074020454475,0.14518400146853297,0.10729217990343769,0.12229691857983256,0.12354419575845832,0.08532978714907195,0.5252100825309753,0.5236511677503586,0.5242043733596802,0.5218836069107056,0.5214730352163315,0.5205516964197159,0.32676249742507935,0.23059778660535812,0.39645934104919434,0.28392764925956726,0.7429541647434235,0.483505979180336,-181.74154663085932,-173.7880249023437,-3.1775360107421875,-0.05259479954838753,4.9493818283081055,3.381033182144165,,0.65192049741745,,0.49819880511140835,,0.8729854822158813,,0.8308403488813177,,0.320372998714447,,-0.7591512387118685,,0.7826236486434937,,0.6380798653495658,,0.7346042990684509,,0.8117661884759555,,0.8006371259689331,,0.6765063388070611,,0.27934175729751587,,-0.9147567956698363,,0.7897093296051025,,0.653195088606045
119,4.958333333333333,119,4.958333333333333,0.0,0.05848419670737192,0.03343703527234556,0.5847885154734247,0.5711804009295851,0.07555519827689307,0.08193274483914124,0.07615822732286817,0.0855027801625832,0.1504734954864309,0.14389423855998051,0.10576887183659202,0.1211189693503962,0.12396996340690694,0.08506749100336163,0.5261013060808182,0.524025946855545,0.5250502824783325,0.5225583910942078,0.5226427316665649,0.5215046256780624,0.3279726207256317,0.2308487445116043,0.3978561460971832,0.2839544117450714,0.7431673109531403,0.48569299280643463,-181.5414428710937,-173.94772338867182,-3.175101757049561,-0.7558655738830566,5.010380744934082,3.2457385063171387,,0.6476561427116394,,0.4767381371303242,,0.8731299042701721,,0.8235897603188745,,0.3467346429824829,,-0.6604717718488708,,0.8130174875259399,,0.6958064504852057,,0.7352365255355835,,0.8077124253391187,,0.8056472539901733,,0.6801392574749077,,0.2860552668571472,,-0.8897846918712529,,0.7959809899330139,,0.6595913027951688
120,5.0,120,5.0,0.0,0.05950782854159077,0.03123554604570275,0.5777825944026602,0.5639602296346831,0.0733122033518549,0.08297873618771366,0.07342734762437243,0.08676455176062473,0.15297355403982632,0.1466648718624113,0.1058883186693078,0.12419142937467242,0.12393904100906403,0.08528203164870338,0.5271050184965134,0.5251046419143677,0.5257670283317566,0.523393988609314,0.5200135707855225,0.5226452499628067,0.32744765281677246,0.23127297312021255,0.3978000283241272,0.28509512543678284,0.7485193014144897,0.48417946696281433,-181.413589477539,-173.49378967285153,-3.0942370891571045,-0.2824863493442536,5.1780219078063965,3.335550308227539,,0.6499873399734497,,0.4841129999850427,,0.8767258524894714,,0.8394373351106897,,0.3365180194377899,,-0.7075948882324968,,0.8604368567466736,,0.8046042766948837,,0.7388144731521606,,0.8218047240616824,,0.8096082210540771,,0.6959102316946711,,0.28913000226020813,,-0.8877486391035911,,0.7708327770233154,,0.61299122745713
121,5.041666666666667,121,5.041666666666667,0.0,0.020123136588918428,0.019079844321262848,0.5623263291764117,0.5716803999664558,0.07717473630146945,0.08396762007209865,0.07744634069153154,0.08761079538569094,0.15487875716765223,0.14758537798531218,0.10532079698608156,0.125568664984371,0.12368179695024208,0.08498280163272812,0.5285522490739822,0.5262226164340973,0.5273676514625549,0.5250232815742493,0.5211770534515381,0.5223305076360703,0.32779231667518616,0.23162029683589935,0.39871951937675476,0.2852246165275574,0.7466040551662445,0.4857582449913025,-180.57917785644526,-172.86848449707026,-2.7983689308166504,-0.8664949536323547,5.41987943649292,3.0633685588836674,,0.6511527299880981,,0.4878320754776305,,0.8780490756034851,,0.8356227381371658,,0.3115643262863159,,-0.7981426015720864,,0.8342888355255127,,0.7424086000997537,,0.738698422908783,,0.819355599112547,,0.8098844289779663,,0.690424522393809,,0.2871132791042328,,-0.8907353613976532,,0.7687873840332031,,0.6028832837354954
122,5.083333333333333,122,5.083333333333333,0.0,0.015287562016812474,0.016758264334775917,0.5695916016176008,0.5715425425100552,0.07949590572568886,0.08283302958651435,0.07995975047018233,0.0850851204890982,0.15336073431132885,0.1507041054579129,0.10423622960935107,0.12509465614198986,0.12301498966405598,0.08464824161997926,0.5300705879926682,0.5278250724077225,0.5290052890777588,0.527228593826294,0.5221793204545975,0.521701917052269,0.327859491109848,0.23212969303131104,0.39814385771751404,0.28285980224609375,0.7452337741851807,0.48816221952438354,-180.58532714843744,-174.30378723144526,-2.7096450328826904,-1.8359321355819704,5.456273555755615,3.274203300476074,,0.652299702167511,,0.49441901276892036,,0.8764627575874329,,0.8268940571313451,,0.3223608136177063,,-0.7546684767847649,,0.8571019768714905,,0.7856648726566214,,0.7396343946456909,,0.825051974096987,,0.8103700280189514,,0.6861482173949796,,0.28391075134277344,,-0.9002332871994333,,0.7861890196800232,,0.6346542581266136
123,5.125,123,5.125,0.0,0.029831148015771983,0.01947514000131622,0.5702840042557417,0.5647040004143148,0.08054192244549144,0.08490590271232805,0.08060370846309582,0.08689526748456004,0.14656799500093337,0.14870614611747826,0.09914766532410842,0.12206035647900725,0.12360516834400288,0.08455232147904014,0.5307189524173737,0.5285546481609344,0.5303441882133484,0.5282971858978271,0.5232402086257935,0.5219672471284866,0.3276084363460541,0.23252065479755402,0.39966219663619995,0.28255152702331543,0.746292382478714,0.488288938999176,-180.52555847167963,-175.16314697265622,-4.051510334014893,-2.3451449871063232,5.10675573348999,3.280515670776367,,0.6514080762863159,,0.4947053158284504,,0.873668909072876,,0.8284894000636664,,0.3343624472618103,,-0.7170001333645176,,0.8515747785568237,,0.7809914646295236,,0.7365594506263733,,0.8201423345048465,,0.8075482845306396,,0.686343360277644,,0.28383636474609375,,-0.9101039768050944,,0.7887879610061646,,0.6460124391381247
124,5.166666666666667,124,5.166666666666667,0.0,0.05830895547097099,0.026293937308487003,0.5785631329847599,0.5748890086209298,0.07414753621270784,0.08108648957252866,0.07449041311466012,0.08439572101323449,0.15140317583293755,0.14930123603341008,0.09996281238761354,0.12237592703983523,0.12430743857230374,0.08494373792891362,0.5305443704128265,0.5279672592878342,0.5297600626945496,0.5273914933204651,0.5240159034729004,0.5215968191623688,0.3278966099023819,0.23213201016187668,0.3973112106323242,0.28306952118873596,0.7454657256603241,0.4859769493341446,-182.20138549804682,-175.3484191894531,-3.8001885414123535,-2.3801472187042236,5.664383888244629,3.5178656578063965,,0.6520601511001587,,0.49275635832306763,,0.8745002746582031,,0.8254359791176186,,0.320198118686676,,-0.7606772626711881,,0.8420207500457764,,0.7564317097410712,,0.7395318746566772,,0.8231346133909746,,0.806602418422699,,0.6811838073979554,,0.28408485651016235,,-0.897076044558427,,0.7912623882293701,,0.6485931956714575
125,5.208333333333333,125,5.208333333333333,0.0,0.0525686866927155,0.034707380171467295,0.5708364755430955,0.5630908501043221,0.07296117484282173,0.07888373922079947,0.07326412040612816,0.08246031238359038,0.150927441528257,0.14819450011404858,0.0990119692385797,0.1229004107539388,0.12446468071209572,0.08535367820375067,0.5305366814136505,0.5273725241422653,0.530073344707489,0.5261811017990112,0.5232496559619904,0.5217381417751312,0.32805538177490234,0.2319823056459427,0.3962249159812927,0.28538089990615845,0.7467456161975861,0.4869322329759598,-182.6399536132812,-174.23690795898432,-3.710844516754151,-1.5305813550949097,5.595799446105957,3.4236700534820557,,0.6522270441055298,,0.49368723229441963,,0.8741795420646667,,0.8241177216073668,,0.32986190915107727,,-0.7259379497836572,,0.8410803079605103,,0.7536778121317976,,0.7405025959014893,,0.827665923716498,,0.8071606159210205,,0.681491850692865,,0.28227442502975464,,-0.9059788031293706,,0.7918018102645874,,0.6488061131109143
126,5.25,126,5.25,0.0,0.050340751829144534,0.036118467332724086,0.5666852522549888,0.5765116734720197,0.07278374073083942,0.0797097566434062,0.07296230759873865,0.0836775315879554,0.1495389367156114,0.14614491810010166,0.1002607256976966,0.12271851198973677,0.12441760889096104,0.08487558506737031,0.5300054550170898,0.52683225274086,0.5296072363853455,0.5261034965515137,0.5234656631946564,0.5232595652341843,0.32790814340114594,0.23226554691791534,0.39676085114479065,0.2833485007286072,0.7493474781513214,0.4866960346698761,-182.31698608398432,-175.3425903320312,-3.6637175083160405,-2.0013599395751953,5.274519920349121,3.208970546722412,,0.6528882384300232,,0.49073907839819403,,0.8774240612983704,,0.8320446986586846,,0.32408004999160767,,-0.7540397454988276,,0.8465869426727295,,0.7663778938078284,,0.7410503029823303,,0.8244967975929167,,0.8097244501113892,,0.6878802191473651,,0.28801727294921875,,-0.8905636605706481,,0.7893117666244507,,0.644411965213143
127,5.291666666666667,127,5.291666666666667,0.0,0.044599284806867825,0.03082501032560197,0.5510601423129904,0.5660537629172059,0.06456392270036244,0.07885098802021716,0.06410999948190066,0.08214735828503035,0.15906731298669705,0.15317479988465893,0.11087244986217434,0.12751172874812128,0.12338989570664774,0.08414998537152592,0.5298308581113815,0.5271157920360565,0.5291545987129211,0.5260876417160034,0.523893415927887,0.5229821503162384,0.32835574448108673,0.23155660182237625,0.39557206630706787,0.2819630801677704,0.7495379447937012,0.4881837069988251,-182.9336547851562,-175.3910064697265,-3.323175668716431,-1.3634438514709473,5.082968711853027,3.402968168258667,,0.6531727313995361,,0.48986077436674913,,0.8767874240875244,,0.8224747547585843,,0.3213294744491577,,-0.7587471776485374,,0.8564060926437378,,0.7793379296492774,,0.7421216368675232,,0.8245438163277077,,0.8094146847724915,,0.6798812210150618,,0.2832408547401428,,-0.902061084000034,,0.7894144654273987,,0.6375510147468124
128,5.333333333333333,128,5.333333333333333,0.0,0.044835997567396514,0.03455554636648238,0.5492044404031734,0.5781277840015415,0.04984933829538682,0.04997424962137779,0.049825509095390574,0.05315589949949097,0.17586509390515304,0.1843250367470512,0.12913763615523402,0.15808714014318662,0.12142779167862959,0.08303637072623192,0.5300587266683578,0.5276932418346405,0.5291616916656494,0.5268206000328064,0.5244494080543518,0.522853434085846,0.3298434913158417,0.23219764977693558,0.39495742321014404,0.2797316908836365,0.7487242817878723,0.48778653144836426,-183.42813110351557,-176.9429321289062,-2.9007325172424316,-1.9092292785644533,5.031446933746338,3.7198596000671387,,0.6523987054824829,,0.4855888464364656,,0.8766523599624634,,0.81991615916317,,0.32319486141204834,,-0.7484022762125883,,0.86036217212677,,0.7855686097954989,,0.7426778674125671,,0.8239921986102181,,0.8094832301139832,,0.6782913340399684,,0.2856290936470032,,-0.8892141919071198,,0.7861319780349731,,0.629055665816221
129,5.375,129,5.375,0.0,0.028412875032095705,0.03197157365048367,0.549606998584686,0.561327150912479,0.04224377557652512,0.044703200576930155,0.04206887086695865,0.04748742340390772,0.1870635789287276,0.20400940868048364,0.14322320810425201,0.17754557295847406,0.12162183933722215,0.0821475318736797,0.5298750996589661,0.5279552042484283,0.5278821587562561,0.5265655517578125,0.5240113735198975,0.5230410099029541,0.3310728967189789,0.2322317287325859,0.39293181896209717,0.2778979241847992,0.750623881816864,0.4859130382537842,-184.64244079589838,-177.5062866210937,1.1581149010453373e-05,0.18369857966899872,4.76700258255005,3.703800201416016,,0.6536272168159485,,0.4888332285433685,,0.8749896883964539,,0.8192587849750859,,0.32697784900665283,,-0.7339380644022657,,0.8510221242904663,,0.7687915121611463,,0.7414067983627319,,0.8174251775865733,,0.8074402809143066,,0.6770234555629553,,0.28166255354881287,,-0.9035702384634322,,0.7892197370529175,,0.6386573890822419
130,5.416666666666667,130,5.416666666666667,0.0,0.022233161209878248,0.01372570231916712,0.5629616632659157,0.5693696103156939,0.04148491276375591,0.03924537738023887,0.03929648320722154,0.04143289109034868,0.18548968514686345,0.20479821547866128,0.14155451912289713,0.1801763547735939,0.12124114323425009,0.08190733726175353,0.5300052314996719,0.5273684710264206,0.529792308807373,0.5268102884292603,0.5228609144687653,0.5237455368041992,0.32719963788986206,0.23127258569002151,0.3873233497142792,0.2751612663269043,0.7521109282970428,0.48589327931404114,-185.37947082519526,-178.25231933593744,-1.142540454864502,-0.5802270770072937,4.38365364074707,3.176408529281616,,0.653814435005188,,0.48874657655856274,,0.8746798634529114,,0.8217582333966702,,0.3336203396320343,,-0.7144139799802728,,0.852241575717926,,0.774331577123568,,0.7409359216690063,,0.816114063640959,,0.8074089288711548,,0.6795711142518859,,0.2793629765510559,,-0.9182913159591329,,0.788704514503479,,0.6400365543299047
131,5.458333333333333,131,5.458333333333333,0.0,0.02160943070933506,0.015659509664981443,0.5677630296233183,0.5626409088127987,0.0447178914641179,0.040181031892857134,0.04321888564093253,0.042110504662603666,0.18363245494287364,0.20360055495559476,0.13787976284869857,0.17775361956996794,0.12088429753050557,0.08153202374819157,0.5296864956617355,0.5271157920360565,0.5295332074165344,0.5258384346961975,0.5234895646572113,0.5230284631252289,0.32375068962574005,0.22976279258728027,0.38362568616867065,0.27335768938064575,0.7537623941898346,0.4870113581418991,-185.41128540039057,-177.73222351074216,-1.6707062721252444,0.48661014437675476,4.70618200302124,3.5887136459350586,,0.6533602476119995,,0.4857486078897524,,0.8755806088447571,,0.8146145815794489,,0.3280485272407532,,-0.7266932835706776,,0.850654125213623,,0.7623575463233293,,0.742276132106781,,0.8171395059941993,,0.8069207668304443,,0.6706729074180738,,0.2773432731628418,,-0.9156725619411178,,0.7907078266143799,,0.6366833483204557
132,5.5,132,5.5,0.0,0.035790852306630344,0.027869307016844962,0.5503973988487785,0.5780077860285341,0.043833103038179985,0.04882729705145996,0.042308373632564164,0.05114833019893017,0.17520974500652045,0.18714398443685554,0.1314124640138526,0.16383108161586787,0.12112908213726384,0.08297374483884835,0.5294517874717712,0.5262206047773361,0.5299683809280396,0.5259747505187988,0.5228036046028137,0.5226765871047974,0.32154928147792816,0.22741615027189255,0.37988710403442383,0.27316635847091675,0.75483438372612,0.48686540126800537,-185.77012634277338,-177.65830993652338,-2.5190587043762207,-1.9703538417816162,4.441479206085205,2.969616413116455,,0.6535165309906006,,0.4861584509461323,,0.8754818439483643,,0.8122340450726525,,0.3361019194126129,,-0.6932504611144495,,0.8545920848846436,,0.7685730682290278,,0.7427595853805542,,0.8177564613961269,,0.8083312511444092,,0.6718848687845963,,0.2795848250389099,,-0.9032495045004436,,0.7941495776176453,,0.6422442339851636
133,5.541666666666667,133,5.541666666666667,0.0,0.029234683601785317,0.025025228445016298,0.5593839697755519,0.5688332482774406,0.05152611657388624,0.05026665585771901,0.04995805049738739,0.0524260647593128,0.1719481253016261,0.18554079765771633,0.12475797502287661,0.16282732195912514,0.12224608940898062,0.08276517809761119,0.5288762301206589,0.5258373469114304,0.5289267897605896,0.5253304243087769,0.5208303332328796,0.5225901901721954,0.32034531235694885,0.22656533867120743,0.37924492359161377,0.27067264914512634,0.7576564848423004,0.4861540347337723,-186.1146392822265,-178.364273071289,-1.8667449951171875,-1.1052327156066895,4.8248443603515625,3.088292360305786,,0.6534755825996399,,0.4865538988698683,,0.8746271133422852,,0.8123126784228325,,0.33485668897628784,,-0.6978812934070933,,0.8529438376426697,,0.766972085392226,,0.7431213855743408,,0.8198035774299862,,0.807701587677002,,0.6723687389283574,,0.2843324542045593,,-0.8857002926069344,,0.7879204154014587,,0.6310055199093036
134,5.583333333333333,134,5.583333333333333,0.0,0.018687564041598135,0.020991157537505373,0.5492587428040309,0.5684064153570138,0.05614760746049927,0.05655433785266831,0.05421019166774357,0.058966018740339174,0.16832743156285185,0.17398733886923298,0.12292188218297583,0.15416223321133973,0.12204442390566288,0.08283305601506277,0.5278848707675934,0.5247945636510849,0.5284116864204407,0.5245020389556885,0.517754077911377,0.5222401916980743,0.3191114217042923,0.2258935421705246,0.3769717216491699,0.26956501603126526,0.758757472038269,0.48717908561229706,-186.06408691406244,-178.4749145507812,-2.296001672744751,-1.1581114530563354,4.5196332931518555,2.8102376461029053,,0.6535598039627075,,0.4864896023399491,,0.8741877675056458,,0.8064681222143613,,0.336704820394516,,-0.6873385281062994,,0.8615374565124512,,0.780106769021461,,0.7434254884719849,,0.8194080473992018,,0.8073393106460571,,0.6671659514911294,,0.2851482927799225,,-0.8783360050612871,,0.7923884987831116,,0.6360106990825732
135,5.625,135,5.625,0.0,0.022794038286153274,0.025640800178033055,0.5511116052245834,0.5571597443477,0.056695008014172356,0.059367350838773085,0.05561621177258902,0.06227418148956381,0.16388017400489144,0.1695052040038476,0.12361150568666415,0.15135866561938097,0.12315165160792046,0.08381146400211008,0.5265955030918121,0.5241419076919556,0.5270324349403381,0.5231770277023315,0.5189708918333054,0.52125583589077,0.31959494948387146,0.2254347801208496,0.37767112255096436,0.2699195444583893,0.7567840814590454,0.487857848405838,-186.0625610351562,-178.19229125976557,-2.0711617469787598,0.19633843004703522,4.093650817871094,2.858145236968994,,0.6537872552871704,,0.49339100058112983,,0.8736706972122192,,0.8079260069939216,,0.3372001647949219,,-0.6852066637345487,,0.8676488399505615,,0.7953157087440049,,0.7406768798828125,,0.816865683147813,,0.8023706674575806,,0.6586174795137444,,0.2822338342666626,,-0.8898365767100943,,0.788724422454834,,0.6300410433747221
136,5.666666666666667,136,5.666666666666667,0.0,0.058531473616968865,0.04000066583014645,0.5555979885596124,0.5707514797505809,0.05395051262607407,0.06127320533670038,0.05219038275947015,0.06377783632241725,0.16354340942784654,0.16443463994414298,0.1254453835621359,0.14314579927054197,0.1231085967290025,0.0838606061969677,0.525425910949707,0.52269646525383,0.5272583961486816,0.5226846933364868,0.5213013738393784,0.520636573433876,0.31927309930324554,0.22514401376247406,0.37534889578819275,0.269133985042572,0.7564164102077484,0.49024172127246857,-187.45626831054682,-179.46553039550776,-3.7577896118164062,-2.294053316116333,3.87974214553833,2.778332471847534,,0.6531535387039185,,0.4956325013078956,,0.871485710144043,,0.8020728717883698,,0.33648887276649475,,-0.6887388743462628,,0.8657550811767578,,0.7900165976775343,,0.7393931746482849,,0.8181811379136829,,0.8025275468826294,,0.6569965593616715,,0.28570425510406494,,-0.8786806454146153,,0.7851971983909607,,0.6205364372625702
137,5.708333333333333,137,5.708333333333333,0.0,0.06959886223429418,0.03956424485539338,0.5780407781008381,0.5611958949430783,0.05645999511666127,0.0629743340436473,0.05480011837504656,0.06434257760302944,0.15934927122960663,0.1607138670335118,0.12181408235102689,0.140876751665207,0.12196406071136422,0.08421615098795661,0.5242341458797455,0.521877646446228,0.5265523791313171,0.5215741991996765,0.519879162311554,0.5205033272504807,0.3187300115823746,0.22474907338619232,0.37592223286628723,0.2678333818912506,0.7619253396987915,0.48845554888248444,-186.79614257812494,-180.23794555664057,-4.43289852142334,-0.9502752423286438,3.726400852203369,2.597891092300415,,0.6530407667160034,,0.49663648855926484,,0.8710461854934692,,0.806411871145306,,0.33509865403175354,,-0.6947374737368397,,0.8655736446380615,,0.7948770307994464,,0.7382437586784363,,0.8159041227734704,,0.804455041885376,,0.6660532643733638,,0.2821916341781616,,-0.8929875430469407,,0.7907662987709045,,0.6372005850544172
138,5.75,138,5.75,0.0,0.05412252637121405,0.04173778541858015,0.5690220619928487,0.5620489139338278,0.056739380408552094,0.062205845832500696,0.05530985130882665,0.06368539837914668,0.15717736932446588,0.16026653032351462,0.12433799802192079,0.13978268683596462,0.12267369642972886,0.08399071601135297,0.5224665105342865,0.5203825086355209,0.5243391990661621,0.5205478072166443,0.5175385028123856,0.5209200531244278,0.31981082260608673,0.2246597781777382,0.37617701292037964,0.26727789640426636,0.7620866298675537,0.4879249036312103,-187.2777252197265,-180.37179565429682,-3.281418085098267,-1.9795279502868652,3.225402593612671,2.4974098205566406,,0.6545273065567017,,0.5003470386348309,,0.8730176687240601,,0.8112023191934088,,0.3407764434814453,,-0.6746214692568675,,0.8682947158813477,,0.8012533649498108,,0.7381188273429871,,0.8133896976668196,,0.8060344457626343,,0.6701013930301852,,0.2841533422470093,,-0.8866698445745409,,0.7881554365158081,,0.6324390553271935
139,5.791666666666667,139,5.791666666666667,0.0,0.0527342724525781,0.04509558104994515,0.5658788298788167,0.5663595131343568,0.05650284763886057,0.063408790393458,0.055584579654463166,0.06536664073471748,0.15655511273691014,0.15831279932760842,0.12630681538847038,0.14079924159882387,0.12267086217334251,0.083797218648085,0.5207148194313049,0.5187568962574005,0.522224485874176,0.5189966559410095,0.5186869353055954,0.5206179320812225,0.32053421437740326,0.22414250671863556,0.3759446442127228,0.26736223697662354,0.7582582831382751,0.48588454723358154,-187.74209594726557,-179.92456054687494,-2.7258105278015137,-2.050554037094116,3.1245954036712646,2.2794783115386963,,0.6562643051147461,,0.5090116116754531,,0.8730920553207397,,0.8173080949518544,,0.3435336947441101,,-0.6645067688393363,,0.8716437816619873,,0.8142511144949117,,0.7380282878875732,,0.8158301112597734,,0.8070326447486877,,0.6778715140988478,,0.28616687655448914,,-0.8797751606906622,,0.7836284637451172,,0.6284705438427883
140,5.833333333333333,140,5.833333333333333,0.0,0.051512517105514743,0.05395530378739449,0.5655920244490363,0.5706642618631634,0.05915577913022654,0.06426350856107889,0.05852769050090421,0.06629318736271861,0.15355355437432,0.15700116600296143,0.12447172317481772,0.1425793658273539,0.12276870347846747,0.08363304773964196,0.5190758109092712,0.5174806714057922,0.5206699967384338,0.5176113247871399,0.5187104642391205,0.519268587231636,0.3208218514919281,0.22343607246875763,0.37628093361854553,0.26747268438339233,0.7569328248500824,0.48753906786441803,-187.802993774414,-179.30783081054682,-2.6679720878601074,-1.7745010852813723,2.982109785079956,2.025576114654541,,0.6572616100311279,,0.5167466575569087,,0.8745732307434082,,0.8152529443770895,,0.3424513638019562,,-0.6621328191247989,,0.8738161325454712,,0.8136581845490178,,0.7373202443122864,,0.8165446533836362,,0.8076051473617554,,0.6741906496430382,,0.28716152906417847,,-0.8691783401083838,,0.791051983833313,,0.639322887053467
141,5.875,141,5.875,0.0,0.05660744675557925,0.048853931764522664,0.5664098074077217,0.5708286216806754,0.06033024639570146,0.06376146926139366,0.05912760534462637,0.06681444904996582,0.15040195835650502,0.15285699651680035,0.12338182179179621,0.14360292832017796,0.12322452141782661,0.08390989510948138,0.516893595457077,0.5158204138278961,0.5188349485397339,0.5160852670669556,0.5168552696704865,0.51778943836689,0.32124148309230804,0.2231556922197342,0.3783404231071472,0.26756393909454346,0.7571521997451782,0.48847314715385437,-187.11483764648432,-179.18493652343744,-3.0769104957580566,-1.8004335165023801,2.6759037971496586,1.639785885810852,,0.6573798656463623,,0.5216421839777444,,0.8745023608207703,,0.8114462673895267,,0.3403550088405609,,-0.6630632568066549,,0.8725963234901428,,0.8074397134224033,,0.7360391020774841,,0.8155876692208156,,0.8049585819244385,,0.6652629273527741,,0.28659045696258545,,-0.8639785975560715,,0.7917100191116333,,0.6374140069547379
142,5.916666666666667,142,5.916666666666667,0.0,0.05040169096474059,0.04108463045342662,0.5677969716244192,0.5755626219786057,0.06382532819112804,0.06692847994267835,0.06232494354927544,0.07030905741018717,0.14360122957131108,0.14775731199338496,0.12090090499996596,0.1412335386714173,0.12364053510198887,0.08390417289194024,0.5146402269601822,0.514323279261589,0.5161142349243164,0.5146555304527283,0.5176112055778503,0.5185673087835312,0.32153499126434326,0.22326979786157608,0.3794674873352051,0.26974624395370483,0.7560471296310425,0.489539310336113,-186.99632263183588,-177.73843383789057,-2.206111192703247,-1.991736650466919,2.204054355621338,1.3696062564849856,,0.6559802889823914,,0.5108802109335203,,0.8750314116477966,,0.8061750115040137,,0.3466971218585968,,-0.6389867771030439,,0.8760172128677368,,0.8082366057808401,,0.7377704977989197,,0.8149635593334648,,0.8055546283721924,,0.6608790472912845,,0.28665053844451904,,-0.8622306886754947,,0.7907462120056152,,0.6299103836168267
143,5.958333333333333,143,5.958333333333333,0.0,0.04658433079726255,0.032324529417667204,0.5646424353131371,0.5751537668023854,0.06549085671422253,0.07366987843628357,0.0640735051072577,0.07678872263019272,0.1420618852590067,0.13622320238303426,0.12300189429636171,0.13613343323072635,0.12362653393704125,0.08459480877535377,0.5122910737991333,0.5125248283147812,0.5140264630317688,0.5123297572135925,0.5153397619724274,0.5179378092288971,0.32198700308799744,0.22458123415708542,0.3818933665752411,0.2715105414390564,0.7575060427188873,0.4915502518415451,-185.92222595214838,-177.87518310546872,-2.5176279544830322,0.003903366858139634,1.7853742837905884,0.7903775572776794,,0.6577697992324829,,0.5207555452797887,,0.874805212020874,,0.8028560345339562,,0.34825217723846436,,-0.6319350372619124,,0.8767674565315247,,0.8069666136791546,,0.737596869468689,,0.8180436657440505,,0.8051853775978088,,0.6570139450704329,,0.2838193476200104,,-0.8718926701398917,,0.7915300130844116,,0.6284082049171626
144,6.0,144,6.0,0.0,0.0386610234978407,0.03494918020892574,0.5626910423266192,0.5703133092307653,0.06774595840160348,0.07405997681045118,0.06698109817851378,0.07635375357974597,0.1408343667243585,0.12707201612955882,0.12630255075093155,0.13421651771241896,0.1238313250994926,0.08586858716681936,0.5104558914899826,0.5105017721652985,0.5116452574729919,0.5103711485862732,0.5144859105348587,0.5160871893167496,0.32337549328804016,0.2260686531662941,0.385436087846756,0.2734498381614685,0.7559864521026611,0.4927317202091217,-184.70535278320307,-178.31401062011713,-1.6753289699554443,0.8463748693466187,1.3854902982711792,0.060877412557601936,,0.6574684381484985,,0.5269567648128595,,0.8731303811073303,,0.7975256814826662,,0.3483288884162903,,-0.6252694204039071,,0.8772205114364624,,0.8061008535676355,,0.7375482320785522,,0.825430497963145,,0.8013241291046143,,0.6469801198133353,,0.2814534902572632,,-0.874527676011698,,0.7948843836784363,,0.6334788568292319
145,6.041666666666667,145,6.041666666666667,0.0,0.03585172818427736,0.03509337613050475,0.5705390590830363,0.5575511312896908,0.0709593457161362,0.08027299923084605,0.06949367929722966,0.08292401235092403,0.12673775277138072,0.11581291118557419,0.11895084777263576,0.12723094218334025,0.12471717957567953,0.08565183581451413,0.507887676358223,0.5082824230194092,0.5088158249855042,0.5079208612442017,0.513117790222168,0.5149232447147369,0.32506081461906433,0.2285909354686737,0.3896331787109375,0.2765139639377594,0.7563708126544952,0.4927847683429718,-183.76766967773432,-178.04035949707026,-1.0643393993377686,1.5765190124511719,0.5291121006011964,-0.3075859546661377,,0.656406044960022,,0.525774373194683,,0.8725587129592896,,0.7938591590555981,,0.35072678327560425,,-0.6101822373057103,,0.8766452074050903,,0.802401348666595,,0.7372202277183533,,0.826093749198963,,0.8005161881446838,,0.6432653150694206,,0.2775178551673889,,-0.8822391814828119,,0.7987751960754395,,0.6396260382848873
146,6.083333333333333,146,6.083333333333333,0.0,0.03684235641751653,0.03790757252244857,0.5704370066668952,0.5476764015375254,0.07136033624364359,0.0820275093092598,0.06988229575331109,0.08505267791697986,0.1207710654104852,0.11136752982193475,0.11865881978298722,0.1259166640000244,0.12505519865167367,0.08542445366550977,0.5053914785385132,0.506219819188118,0.5060825347900391,0.5058363676071167,0.5119109004735947,0.5140832364559174,0.3291773200035095,0.2314855381846428,0.39605188369750977,0.28189074993133545,0.755518764257431,0.4937528818845749,-182.99702453613276,-176.03393554687497,-0.5111280679702759,2.0696380138397217,-0.004135194234549999,-0.7213423848152161,,0.6557947993278503,,0.5272327245989673,,0.8726186752319336,,0.7928754912097198,,0.3497108221054077,,-0.6115415997863767,,0.8764688372612,,0.8009329594842249,,0.7379507422447205,,0.8328909274176279,,0.8004051446914673,,0.6417498432767444,,0.2766934633255005,,-0.8832000321144521,,0.7985519766807556,,0.637871605857089
147,6.125,147,6.125,0.0,0.034815648102367015,0.037542022203103,0.5704072761668184,0.544878541928432,0.0748228423481501,0.0846948197707663,0.07419823438199503,0.0869350656848909,0.11718658227851894,0.10805475554122503,0.11738354737989586,0.12448374909063492,0.12485716369741609,0.0850338262841309,0.5036276131868362,0.5045219659805298,0.5043331980705261,0.5041278600692749,0.5091937035322189,0.5132696032524109,0.3342240899801254,0.23466458171606064,0.40430155396461487,0.28641948103904724,0.7553957998752594,0.4949944019317627,-181.16629028320307,-175.16709899902338,-0.6194745898246765,2.665081739425659,-0.18185460567474365,-1.112343668937683,,0.6543704867362976,,0.5250272940862148,,0.872259795665741,,0.7896263720171289,,0.34929215908050537,,-0.6101495021084006,,0.8777316808700562,,0.8010791713826183,,0.7379440665245056,,0.8359991985131068,,0.8003855347633362,,0.6391916573032812,,0.275652676820755,,-0.884157269842624,,0.796474814414978,,0.6310064169607092
148,6.166666666666667,148,6.166666666666667,0.0,0.03299547068104262,0.03313802804023398,0.5693206778710043,0.5524023008697805,0.07482690324254404,0.08317934948120682,0.0743098743068057,0.08499631016548045,0.11437831831014753,0.10592809061192902,0.11781868379564071,0.1262842058557943,0.12511585100079098,0.08483931864559735,0.5017272084951401,0.503173753619194,0.5030878186225891,0.5026081204414368,0.508177787065506,0.5120341181755066,0.33916811645030975,0.23773670196533203,0.41158613562583923,0.2905742824077606,0.7565672099590302,0.49633756279945374,-179.90794372558588,-174.52523803710932,-1.2489093542099,3.9773640632629395,-0.5817989110946655,-1.5264253616333008,,0.6534987688064575,,0.5281727851655932,,0.8727393746376038,,0.7905008122696666,,0.3482373356819153,,-0.611552090398157,,0.8773831129074097,,0.8002533659471387,,0.7380977869033813,,0.8440318977512113,,0.7995633482933044,,0.6368200741739947,,0.275726318359375,,-0.8822794120549879,,0.7978130578994751,,0.6331441992591713
149,6.208333333333333,149,6.208333333333333,0.0,0.030117778470799862,0.028752615744120226,0.5730466048059409,0.5632953438297492,0.0794598758045051,0.0858267648152892,0.08016262944912012,0.08768137081499297,0.10919911347470188,0.09848059959036037,0.11613967709770166,0.12230854390103621,0.12492852203093807,0.08446120381860853,0.5002827942371368,0.5021681189537048,0.5013359785079956,0.501640796661377,0.5077513754367828,0.5114009827375412,0.3426845967769623,0.23994379490613937,0.41809260845184326,0.2955244779586792,0.7568807601928711,0.49565647542476654,-178.41680908203122,-172.50392150878903,-0.8159468173980713,4.758560657501221,-0.8524755239486694,-1.7655566930770874,,0.653976559638977,,0.5338023440540393,,0.8729649186134338,,0.7946106645874473,,0.34919288754463196,,-0.6073064077333128,,0.8795450329780579,,0.8084683694512657,,0.7396929860115051,,0.8547242741348298,,0.7988406419754028,,0.6385051180917448,,0.27499818801879883,,-0.885091042268963,,0.7984344363212585,,0.6376496499710981
150,6.25,150,6.25,0.0,0.027887727143619468,0.026078043137571064,0.5709041534760814,0.5666835782747832,0.07987289728804796,0.08854597917858982,0.08133784669865989,0.09127298014059526,0.10625931512386914,0.09355426877338156,0.11608558091768179,0.11823649196671476,0.1252423430305546,0.08458643248705708,0.49902263283729553,0.5014256834983826,0.4997253715991974,0.5007201433181763,0.5068419277667999,0.5105888247489929,0.34569647908210754,0.24159366637468338,0.42342814803123474,0.29891911149024963,0.7599397301673889,0.49596697092056274,-177.11051940917966,-171.58102416992185,-0.3734770715236664,4.887373447418213,-1.0038173198699951,-1.6042046546936035,,0.6551608443260193,,0.5416569538131937,,0.8722305297851562,,0.7929663548901201,,0.34811699390411377,,-0.6087208107997839,,0.8798075914382935,,0.8089348291638357,,0.7418220639228821,,0.8663439323717486,,0.798784613609314,,0.6381808619572743,,0.2758256494998932,,-0.8795692745039801,,0.7979990243911743,,0.636525251670089
151,6.291666666666667,151,6.291666666666667,0.0,0.027036130458005226,0.025686828531118873,0.5687088350422628,0.5667034417044111,0.07833432410837782,0.08942157168855278,0.08043356583875955,0.09172417008225196,0.10518825638451394,0.09471424428510074,0.11682073285654922,0.11771249688597908,0.1255000239112088,0.08455723244592159,0.4980611950159073,0.5005544424057007,0.4982827305793762,0.4998389184474945,0.5080111920833588,0.5096647590398788,0.3478620946407318,0.2430187314748764,0.4273269474506378,0.3008171617984772,0.7588053941726685,0.4963862895965576,-176.0283508300781,-171.1288452148437,0.10558304935693741,4.733315944671631,-0.936282753944397,-1.4785264730453493,,0.6552440524101257,,0.5458792103182145,,0.8718879222869873,,0.792011165284867,,0.3486924171447754,,-0.6035985808317685,,0.8803834319114685,,0.8099299648095586,,0.7414318323135376,,0.8690578447487215,,0.7978078722953796,,0.6357609080014724,,0.27620670199394226,,-0.8753985328019622,,0.797063946723938,,0.6341918140017975
