
◆  Rendering seg040__seg043 → /Users/brownmanbrain/GitHub/operator-economy/blueprint-cinema/experiments/EP009-FULL-BUILD-001/scenes/seg040__seg043/qa/seg040__seg043.mp4
   24fps · high · auto workers (10 cores detected)
   GPU: browser GPU (auto-detect)

[?25l│
◇  Browser: cache
[?25h[INFO] [Render] Pipeline started {"renderJobId":"feb88cd7-8151-4cc4-a9cd-fad17f687b74","platform":"darwin","arch":"arm64","nodeVersion":"v25.6.1","fps":{"num":24,"den":1},"format":"mp4","quality":"high","browserGpuMode":"auto","forceScreenshot":false,"protocolTimeout":300000,"browserTimeout":120000,"pageNavigationTimeout":60000,"playerReadyTimeout":45000}
[INFO] [Render:trace] {"renderJobId":"feb88cd7-8151-4cc4-a9cd-fad17f687b74","phase":"pipeline","status":"checkpoint","elapsedMs":1,"message":"started","format":"mp4","quality":"high","browserGpuMode":"auto","forceScreenshot":false,"protocolTimeoutMs":300000,"pageNavigationTimeoutMs":60000,"playerReadyTimeoutMs":45000,"requestedWorkers":"auto"}
[INFO] [Render:trace] {"renderJobId":"feb88cd7-8151-4cc4-a9cd-fad17f687b74","phase":"compile","status":"start","elapsedMs":2,"needsAlpha":false}
  █░░░░░░░░░░░░░░░░░░░░░░░░  5%  Compiling composition
[INFO] [Compiler] Embedded local font file: public/fonts/boska-700.woff2 (30 KB → data URI)
[INFO] [Compiler] Embedded local font file: public/fonts/supreme-400.woff2 (18 KB → data URI)
[INFO] [Compiler] Embedded local font file: public/fonts/supreme-500.woff2 (18 KB → data URI)
[INFO] Compiled composition metadata {"renderJobId":"feb88cd7-8151-4cc4-a9cd-fad17f687b74","entryFile":"index.html","staticDuration":76.708333,"width":1280,"height":720,"videoCount":0,"audioCount":1,"renderModeHints":{"recommendScreenshot":false,"reasons":[]}}
[INFO] [Render:trace] {"renderJobId":"feb88cd7-8151-4cc4-a9cd-fad17f687b74","phase":"compile","status":"end","elapsedMs":83,"durationMs":81,"needsAlpha":false}
[INFO] [Render:trace] {"renderJobId":"feb88cd7-8151-4cc4-a9cd-fad17f687b74","phase":"compile","status":"checkpoint","elapsedMs":83,"message":"composition metadata resolved","width":1280,"height":720,"videoCount":0,"audioCount":1,"imageCount":0,"deviceScaleFactor":1,"forceScreenshot":false,"compositionHash":"d61a3999542c2e43"}
[INFO] [Render:trace] {"renderJobId":"feb88cd7-8151-4cc4-a9cd-fad17f687b74","phase":"browser_probe","status":"start","elapsedMs":83,"forceScreenshot":false,"stagePhase":"calibrating"}
[INFO] [Render:trace] {"renderJobId":"feb88cd7-8151-4cc4-a9cd-fad17f687b74","phase":"browser_probe","status":"end","elapsedMs":88,"durationMs":5,"forceScreenshot":false,"stagePhase":"calibrating"}
[INFO] [Render:trace] {"renderJobId":"feb88cd7-8151-4cc4-a9cd-fad17f687b74","phase":"browser_probe","status":"checkpoint","elapsedMs":88,"message":"duration resolved","durationSeconds":76.708333,"totalFrames":1841,"compositionHash":"d61a3999542c2e43","beginFrameStalled":false}
[INFO] [Render:trace] {"renderJobId":"feb88cd7-8151-4cc4-a9cd-fad17f687b74","phase":"video_extract","status":"start","elapsedMs":88,"videoCount":0}
  ██░░░░░░░░░░░░░░░░░░░░░░░  10%  Extracting video frames
[INFO] [Render:trace] {"renderJobId":"feb88cd7-8151-4cc4-a9cd-fad17f687b74","phase":"video_extract","status":"end","elapsedMs":89,"durationMs":1,"videoCount":0}
[INFO] [Render:trace] {"renderJobId":"feb88cd7-8151-4cc4-a9cd-fad17f687b74","phase":"video_extract","status":"checkpoint","elapsedMs":90,"message":"frames resolved","videoCount":0,"extractedVideoCount":0,"totalFramesExtracted":0,"maxFramesPerVideo":0,"avgFramesPerExtractedVideo":null,"vfrPreflightCount":null,"vfrPreflightMs":null,"cacheHits":null,"cacheMisses":null,"transientRetries":null,"minVideoFrameCoverageRatio":null,"authoredTimedClipCount":2}
[INFO] [Render] No HDR sources detected — rendering SDR {"renderJobId":"feb88cd7-8151-4cc4-a9cd-fad17f687b74"}
[INFO] [Render:trace] {"renderJobId":"feb88cd7-8151-4cc4-a9cd-fad17f687b74","phase":"hdr_detection","status":"checkpoint","elapsedMs":90,"message":"resolved","requestedHdrMode":"auto","effectiveHdr":"sdr","nativeHdrVideoCount":0,"nativeHdrImageCount":0}
[INFO] [Render:trace] {"renderJobId":"feb88cd7-8151-4cc4-a9cd-fad17f687b74","phase":"audio_process","status":"start","elapsedMs":90,"audioCount":1}
  █████░░░░░░░░░░░░░░░░░░░░  20%  Processing audio tracks
[INFO] [Render:trace] {"renderJobId":"feb88cd7-8151-4cc4-a9cd-fad17f687b74","phase":"audio_process","status":"end","elapsedMs":1514,"durationMs":1424,"audioCount":1}
[INFO] [Render:trace] {"renderJobId":"feb88cd7-8151-4cc4-a9cd-fad17f687b74","phase":"file_server","status":"start","elapsedMs":1515,"reused":false}
  ██████░░░░░░░░░░░░░░░░░░░  25%  Starting frame capture
[INFO] [Render:trace] {"renderJobId":"feb88cd7-8151-4cc4-a9cd-fad17f687b74","phase":"file_server","status":"end","elapsedMs":1520,"durationMs":5}
[hyperframes] browserGpuMode probe → hardware (WebGL renderer vendor="Google Inc. (Apple)" renderer="ANGLE (Apple, ANGLE Metal Renderer: Apple M4, Unspecified Version)")
[INFO] [Render:trace] {"renderJobId":"feb88cd7-8151-4cc4-a9cd-fad17f687b74","phase":"capture_calibration","status":"checkpoint","elapsedMs":1664,"message":"skipped","requestedWorkers":"auto","totalFrames":1841,"htmlInCanvasDetected":false,"lowMemoryMode":false,"deInversionEligible":true,"deParallelRouterEligible":false}
[INFO] [Render] Fast capture: single-worker drawElement streaming preferred over 4-worker screenshot capture (1841 frames >= 900; verified path, measured faster at every worker count). Set HF_DE_SINGLE_MIN_FRAMES=0 or --workers N to override. {"renderJobId":"feb88cd7-8151-4cc4-a9cd-fad17f687b74"}
[INFO] [Render:trace] {"renderJobId":"feb88cd7-8151-4cc4-a9cd-fad17f687b74","phase":"worker_resolution","status":"checkpoint","elapsedMs":1664,"message":"resolved","workerCount":1}
[INFO] streaming-encode gate {"renderJobId":"feb88cd7-8151-4cc4-a9cd-fad17f687b74","enabled":true,"configFlag":true,"outputFormat":"mp4","workerCount":1,"durationSeconds":76.708333,"maxDurationSeconds":240}
[INFO] [Render:trace] {"renderJobId":"feb88cd7-8151-4cc4-a9cd-fad17f687b74","phase":"capture_strategy","status":"checkpoint","elapsedMs":1664,"message":"resolved","workerCount":1,"forceScreenshot":false,"captureBeyondViewport":null,"useStreamingEncode":true,"useLayeredComposite":false,"usePageSideCompositing":false,"hasHdrContent":false,"hasShaderTransitions":false,"isPngSequence":false}
[INFO] [Render:trace] {"renderJobId":"feb88cd7-8151-4cc4-a9cd-fad17f687b74","phase":"capture_streaming","status":"start","elapsedMs":1665,"stagePhase":"capturing","workerCount":1,"forceScreenshot":false,"totalFrames":1841,"framesCompleted":0,"captureMode":"drawelement","captureOperation":"drawElement"}
[BrowserManager] Browser launched (HeadlessChrome/152.0.7977.30, screenshot, gl=--use-gl=angle --use-angle=metal, headlessShell=true, platform=darwin)
[initSession:screenshot] page.goto start (0ms)
[HyperFrames] render runtime fps [object Object]
[initSession:screenshot] page.goto complete (98ms)
[initSession:screenshot] GSAP proxy flush complete (126ms)
[initSession:screenshot] pollHfReady complete (127ms)
[initSession:screenshot] pollSubCompositionTimelines complete (ready) (128ms)
[initSession:screenshot] applyVideoMetadataHints complete (128ms)
[initSession:screenshot] media + fonts + tailwind ready (129ms)
[initSession:screenshot] timeline at-risk predictor: 0/1841 frames (0%) (160ms)
[initSession:screenshot] static-frame dedup: 1313/1313 predicted frame(s) reusable (outcome=verified, runs=30/30, screenshots=98, seeks=99, elapsedMs=3944) (4296ms)
[initSession:screenshot] drawElement self-verify armed: 4 ground-truth frame(s) @ [460, 920, 1380, 1748] of 1840 (4656ms)
[initSession:drawelement] drawElement canvas injected (4658ms)
[initSession:drawelement] screenshot fallback: 5 clip-boundary frame(s) (4658ms)
[initSession:drawelement] drawElement worker encode initialized (4660ms)
  ██████░░░░░░░░░░░░░░░░░░░  25%  Streaming frame 1/1841
  ██████░░░░░░░░░░░░░░░░░░░  25%  Streaming frame 2/1841
  ██████░░░░░░░░░░░░░░░░░░░  25%  Streaming frame 3/1841
  ██████░░░░░░░░░░░░░░░░░░░  25%  Streaming frame 4/1841
  ██████░░░░░░░░░░░░░░░░░░░  25%  Streaming frame 5/1841
  ██████░░░░░░░░░░░░░░░░░░░  25%  Streaming frame 6/1841
  ██████░░░░░░░░░░░░░░░░░░░  25%  Streaming frame 7/1841
  ██████░░░░░░░░░░░░░░░░░░░  25%  Streaming frame 8/1841
  ██████░░░░░░░░░░░░░░░░░░░  25%  Streaming frame 9/1841
  ██████░░░░░░░░░░░░░░░░░░░  25%  Streaming frame 10/1841
  ██████░░░░░░░░░░░░░░░░░░░  25%  Streaming frame 11/1841
  ██████░░░░░░░░░░░░░░░░░░░  25%  Streaming frame 12/1841
  ██████░░░░░░░░░░░░░░░░░░░  25%  Streaming frame 13/1841
  ██████░░░░░░░░░░░░░░░░░░░  25%  Streaming frame 14/1841
  ██████░░░░░░░░░░░░░░░░░░░  25%  Streaming frame 15/1841
  ██████░░░░░░░░░░░░░░░░░░░  25%  Streaming frame 16/1841
  ██████░░░░░░░░░░░░░░░░░░░  26%  Streaming frame 17/1841
  ██████░░░░░░░░░░░░░░░░░░░  26%  Streaming frame 18/1841
  ██████░░░░░░░░░░░░░░░░░░░  26%  Streaming frame 19/1841
  ██████░░░░░░░░░░░░░░░░░░░  26%  Streaming frame 20/1841
  ██████░░░░░░░░░░░░░░░░░░░  26%  Streaming frame 21/1841
  ██████░░░░░░░░░░░░░░░░░░░  26%  Streaming frame 22/1841
  ██████░░░░░░░░░░░░░░░░░░░  26%  Streaming frame 23/1841
  ██████░░░░░░░░░░░░░░░░░░░  26%  Streaming frame 24/1841
  ██████░░░░░░░░░░░░░░░░░░░  26%  Streaming frame 25/1841
  ██████░░░░░░░░░░░░░░░░░░░  26%  Streaming frame 26/1841
  ██████░░░░░░░░░░░░░░░░░░░  26%  Streaming frame 27/1841
  ██████░░░░░░░░░░░░░░░░░░░  26%  Streaming frame 28/1841
  ██████░░░░░░░░░░░░░░░░░░░  26%  Streaming frame 29/1841
  ██████░░░░░░░░░░░░░░░░░░░  26%  Streaming frame 30/1841
  ██████░░░░░░░░░░░░░░░░░░░  26%  Streaming frame 31/1841
  ██████░░░░░░░░░░░░░░░░░░░  26%  Streaming frame 32/1841
  ██████░░░░░░░░░░░░░░░░░░░  26%  Streaming frame 33/1841
  ██████░░░░░░░░░░░░░░░░░░░  26%  Streaming frame 34/1841
  ██████░░░░░░░░░░░░░░░░░░░  26%  Streaming frame 35/1841
  ██████░░░░░░░░░░░░░░░░░░░  26%  Streaming frame 36/1841
  ██████░░░░░░░░░░░░░░░░░░░  26%  Streaming frame 37/1841
  ██████░░░░░░░░░░░░░░░░░░░  26%  Streaming frame 38/1841
  ██████░░░░░░░░░░░░░░░░░░░  26%  Streaming frame 39/1841
  ██████░░░░░░░░░░░░░░░░░░░  26%  Streaming frame 40/1841
  ██████░░░░░░░░░░░░░░░░░░░  26%  Streaming frame 41/1841
  ██████░░░░░░░░░░░░░░░░░░░  26%  Streaming frame 42/1841
  ██████░░░░░░░░░░░░░░░░░░░  26%  Streaming frame 43/1841
  ██████░░░░░░░░░░░░░░░░░░░  26%  Streaming frame 44/1841
  ██████░░░░░░░░░░░░░░░░░░░  26%  Streaming frame 45/1841
  ██████░░░░░░░░░░░░░░░░░░░  26%  Streaming frame 46/1841
  ██████░░░░░░░░░░░░░░░░░░░  26%  Streaming frame 47/1841
  ██████░░░░░░░░░░░░░░░░░░░  26%  Streaming frame 48/1841
  ██████░░░░░░░░░░░░░░░░░░░  26%  Streaming frame 49/1841
  ██████░░░░░░░░░░░░░░░░░░░  26%  Streaming frame 50/1841
  ██████░░░░░░░░░░░░░░░░░░░  27%  Streaming frame 51/1841
  ██████░░░░░░░░░░░░░░░░░░░  27%  Streaming frame 52/1841
  ██████░░░░░░░░░░░░░░░░░░░  27%  Streaming frame 53/1841
  ██████░░░░░░░░░░░░░░░░░░░  27%  Streaming frame 54/1841
  ██████░░░░░░░░░░░░░░░░░░░  27%  Streaming frame 55/1841
  ██████░░░░░░░░░░░░░░░░░░░  27%  Streaming frame 56/1841
  ██████░░░░░░░░░░░░░░░░░░░  27%  Streaming frame 57/1841
  ██████░░░░░░░░░░░░░░░░░░░  27%  Streaming frame 58/1841
  ██████░░░░░░░░░░░░░░░░░░░  27%  Streaming frame 59/1841
  ██████░░░░░░░░░░░░░░░░░░░  27%  Streaming frame 60/1841
  ██████░░░░░░░░░░░░░░░░░░░  27%  Streaming frame 61/1841
  ██████░░░░░░░░░░░░░░░░░░░  27%  Streaming frame 62/1841
  ██████░░░░░░░░░░░░░░░░░░░  27%  Streaming frame 63/1841
  ██████░░░░░░░░░░░░░░░░░░░  27%  Streaming frame 64/1841
  ██████░░░░░░░░░░░░░░░░░░░  27%  Streaming frame 65/1841
  ██████░░░░░░░░░░░░░░░░░░░  27%  Streaming frame 66/1841
  ██████░░░░░░░░░░░░░░░░░░░  27%  Streaming frame 67/1841
  ██████░░░░░░░░░░░░░░░░░░░  27%  Streaming frame 68/1841
  ██████░░░░░░░░░░░░░░░░░░░  27%  Streaming frame 69/1841
  ██████░░░░░░░░░░░░░░░░░░░  27%  Streaming frame 70/1841
  ██████░░░░░░░░░░░░░░░░░░░  27%  Streaming frame 71/1841
  ██████░░░░░░░░░░░░░░░░░░░  27%  Streaming frame 72/1841
  ██████░░░░░░░░░░░░░░░░░░░  27%  Streaming frame 73/1841
  ██████░░░░░░░░░░░░░░░░░░░  27%  Streaming frame 74/1841
  ██████░░░░░░░░░░░░░░░░░░░  27%  Streaming frame 75/1841
  ██████░░░░░░░░░░░░░░░░░░░  27%  Streaming frame 76/1841
  ██████░░░░░░░░░░░░░░░░░░░  27%  Streaming frame 77/1841
  ██████░░░░░░░░░░░░░░░░░░░  27%  Streaming frame 78/1841
  ██████░░░░░░░░░░░░░░░░░░░  27%  Streaming frame 79/1841
  ██████░░░░░░░░░░░░░░░░░░░  27%  Streaming frame 80/1841
  ██████░░░░░░░░░░░░░░░░░░░  27%  Streaming frame 81/1841
  ██████░░░░░░░░░░░░░░░░░░░  27%  Streaming frame 82/1841
  ██████░░░░░░░░░░░░░░░░░░░  27%  Streaming frame 83/1841
  ███████░░░░░░░░░░░░░░░░░░  28%  Streaming frame 84/1841
  ███████░░░░░░░░░░░░░░░░░░  28%  Streaming frame 85/1841
  ███████░░░░░░░░░░░░░░░░░░  28%  Streaming frame 86/1841
  ███████░░░░░░░░░░░░░░░░░░  28%  Streaming frame 87/1841
  ███████░░░░░░░░░░░░░░░░░░  28%  Streaming frame 88/1841
  ███████░░░░░░░░░░░░░░░░░░  28%  Streaming frame 89/1841
  ███████░░░░░░░░░░░░░░░░░░  28%  Streaming frame 90/1841
  ███████░░░░░░░░░░░░░░░░░░  28%  Streaming frame 91/1841
  ███████░░░░░░░░░░░░░░░░░░  28%  Streaming frame 92/1841
  ███████░░░░░░░░░░░░░░░░░░  28%  Streaming frame 93/1841
  ███████░░░░░░░░░░░░░░░░░░  28%  Streaming frame 94/1841
  ███████░░░░░░░░░░░░░░░░░░  28%  Streaming frame 95/1841
  ███████░░░░░░░░░░░░░░░░░░  28%  Streaming frame 96/1841
  ███████░░░░░░░░░░░░░░░░░░  28%  Streaming frame 97/1841
  ███████░░░░░░░░░░░░░░░░░░  28%  Streaming frame 98/1841
  ███████░░░░░░░░░░░░░░░░░░  28%  Streaming frame 99/1841
  ███████░░░░░░░░░░░░░░░░░░  28%  Streaming frame 100/1841
  ███████░░░░░░░░░░░░░░░░░░  28%  Streaming frame 101/1841
  ███████░░░░░░░░░░░░░░░░░░  28%  Streaming frame 102/1841
  ███████░░░░░░░░░░░░░░░░░░  28%  Streaming frame 103/1841
  ███████░░░░░░░░░░░░░░░░░░  28%  Streaming frame 104/1841
  ███████░░░░░░░░░░░░░░░░░░  28%  Streaming frame 105/1841
  ███████░░░░░░░░░░░░░░░░░░  28%  Streaming frame 106/1841
  ███████░░░░░░░░░░░░░░░░░░  28%  Streaming frame 107/1841
  ███████░░░░░░░░░░░░░░░░░░  28%  Streaming frame 108/1841
  ███████░░░░░░░░░░░░░░░░░░  28%  Streaming frame 109/1841
  ███████░░░░░░░░░░░░░░░░░░  28%  Streaming frame 110/1841
  ███████░░░░░░░░░░░░░░░░░░  28%  Streaming frame 111/1841
  ███████░░░░░░░░░░░░░░░░░░  28%  Streaming frame 112/1841
  ███████░░░░░░░░░░░░░░░░░░  28%  Streaming frame 113/1841
  ███████░░░░░░░░░░░░░░░░░░  28%  Streaming frame 114/1841
  ███████░░░░░░░░░░░░░░░░░░  28%  Streaming frame 115/1841
  ███████░░░░░░░░░░░░░░░░░░  28%  Streaming frame 116/1841
  ███████░░░░░░░░░░░░░░░░░░  28%  Streaming frame 117/1841
  ███████░░░░░░░░░░░░░░░░░░  29%  Streaming frame 118/1841
  ███████░░░░░░░░░░░░░░░░░░  29%  Streaming frame 119/1841
  ███████░░░░░░░░░░░░░░░░░░  29%  Streaming frame 120/1841
  ███████░░░░░░░░░░░░░░░░░░  29%  Streaming frame 121/1841
  ███████░░░░░░░░░░░░░░░░░░  29%  Streaming frame 122/1841
  ███████░░░░░░░░░░░░░░░░░░  29%  Streaming frame 123/1841
  ███████░░░░░░░░░░░░░░░░░░  29%  Streaming frame 124/1841
  ███████░░░░░░░░░░░░░░░░░░  29%  Streaming frame 125/1841
  ███████░░░░░░░░░░░░░░░░░░  29%  Streaming frame 126/1841
  ███████░░░░░░░░░░░░░░░░░░  29%  Streaming frame 127/1841
  ███████░░░░░░░░░░░░░░░░░░  29%  Streaming frame 128/1841
  ███████░░░░░░░░░░░░░░░░░░  29%  Streaming frame 129/1841
  ███████░░░░░░░░░░░░░░░░░░  29%  Streaming frame 130/1841
  ███████░░░░░░░░░░░░░░░░░░  29%  Streaming frame 131/1841
  ███████░░░░░░░░░░░░░░░░░░  29%  Streaming frame 132/1841
  ███████░░░░░░░░░░░░░░░░░░  29%  Streaming frame 133/1841
  ███████░░░░░░░░░░░░░░░░░░  29%  Streaming frame 134/1841
  ███████░░░░░░░░░░░░░░░░░░  29%  Streaming frame 135/1841
  ███████░░░░░░░░░░░░░░░░░░  29%  Streaming frame 136/1841
  ███████░░░░░░░░░░░░░░░░░░  29%  Streaming frame 137/1841
  ███████░░░░░░░░░░░░░░░░░░  29%  Streaming frame 138/1841
  ███████░░░░░░░░░░░░░░░░░░  29%  Streaming frame 139/1841
  ███████░░░░░░░░░░░░░░░░░░  29%  Streaming frame 140/1841
  ███████░░░░░░░░░░░░░░░░░░  29%  Streaming frame 141/1841
  ███████░░░░░░░░░░░░░░░░░░  29%  Streaming frame 142/1841
  ███████░░░░░░░░░░░░░░░░░░  29%  Streaming frame 143/1841
  ███████░░░░░░░░░░░░░░░░░░  29%  Streaming frame 144/1841
  ███████░░░░░░░░░░░░░░░░░░  29%  Streaming frame 145/1841
  ███████░░░░░░░░░░░░░░░░░░  29%  Streaming frame 146/1841
  ███████░░░░░░░░░░░░░░░░░░  29%  Streaming frame 147/1841
  ███████░░░░░░░░░░░░░░░░░░  29%  Streaming frame 148/1841
  ███████░░░░░░░░░░░░░░░░░░  29%  Streaming frame 149/1841
  ███████░░░░░░░░░░░░░░░░░░  29%  Streaming frame 150/1841
  ███████░░░░░░░░░░░░░░░░░░  30%  Streaming frame 151/1841
  ███████░░░░░░░░░░░░░░░░░░  30%  Streaming frame 152/1841
  ███████░░░░░░░░░░░░░░░░░░  30%  Streaming frame 153/1841
  ███████░░░░░░░░░░░░░░░░░░  30%  Streaming frame 154/1841
  ███████░░░░░░░░░░░░░░░░░░  30%  Streaming frame 155/1841
  ███████░░░░░░░░░░░░░░░░░░  30%  Streaming frame 156/1841
  ███████░░░░░░░░░░░░░░░░░░  30%  Streaming frame 157/1841
  ███████░░░░░░░░░░░░░░░░░░  30%  Streaming frame 158/1841
  ███████░░░░░░░░░░░░░░░░░░  30%  Streaming frame 159/1841
  ███████░░░░░░░░░░░░░░░░░░  30%  Streaming frame 160/1841
  ███████░░░░░░░░░░░░░░░░░░  30%  Streaming frame 161/1841
  ███████░░░░░░░░░░░░░░░░░░  30%  Streaming frame 162/1841
  ███████░░░░░░░░░░░░░░░░░░  30%  Streaming frame 163/1841
  ███████░░░░░░░░░░░░░░░░░░  30%  Streaming frame 164/1841
  ███████░░░░░░░░░░░░░░░░░░  30%  Streaming frame 165/1841
  ███████░░░░░░░░░░░░░░░░░░  30%  Streaming frame 166/1841
  ███████░░░░░░░░░░░░░░░░░░  30%  Streaming frame 167/1841
  ███████░░░░░░░░░░░░░░░░░░  30%  Streaming frame 168/1841
  ███████░░░░░░░░░░░░░░░░░░  30%  Streaming frame 169/1841
  ███████░░░░░░░░░░░░░░░░░░  30%  Streaming frame 170/1841
  ███████░░░░░░░░░░░░░░░░░░  30%  Streaming frame 171/1841
  ███████░░░░░░░░░░░░░░░░░░  30%  Streaming frame 172/1841
  ███████░░░░░░░░░░░░░░░░░░  30%  Streaming frame 173/1841
  ███████░░░░░░░░░░░░░░░░░░  30%  Streaming frame 174/1841
  ███████░░░░░░░░░░░░░░░░░░  30%  Streaming frame 175/1841
  ███████░░░░░░░░░░░░░░░░░░  30%  Streaming frame 176/1841
  ███████░░░░░░░░░░░░░░░░░░  30%  Streaming frame 177/1841
  ███████░░░░░░░░░░░░░░░░░░  30%  Streaming frame 178/1841
  ███████░░░░░░░░░░░░░░░░░░  30%  Streaming frame 179/1841
  ███████░░░░░░░░░░░░░░░░░░  30%  Streaming frame 180/1841
  ███████░░░░░░░░░░░░░░░░░░  30%  Streaming frame 181/1841
  ███████░░░░░░░░░░░░░░░░░░  30%  Streaming frame 182/1841
  ███████░░░░░░░░░░░░░░░░░░  30%  Streaming frame 183/1841
  ███████░░░░░░░░░░░░░░░░░░  30%  Streaming frame 184/1841
  ███████░░░░░░░░░░░░░░░░░░  31%  Streaming frame 185/1841
  ███████░░░░░░░░░░░░░░░░░░  31%  Streaming frame 186/1841
  ███████░░░░░░░░░░░░░░░░░░  31%  Streaming frame 187/1841
  ███████░░░░░░░░░░░░░░░░░░  31%  Streaming frame 188/1841
  ███████░░░░░░░░░░░░░░░░░░  31%  Streaming frame 189/1841
  ███████░░░░░░░░░░░░░░░░░░  31%  Streaming frame 190/1841
  ███████░░░░░░░░░░░░░░░░░░  31%  Streaming frame 191/1841
  ███████░░░░░░░░░░░░░░░░░░  31%  Streaming frame 192/1841
  ███████░░░░░░░░░░░░░░░░░░  31%  Streaming frame 193/1841
  ███████░░░░░░░░░░░░░░░░░░  31%  Streaming frame 194/1841
  ███████░░░░░░░░░░░░░░░░░░  31%  Streaming frame 195/1841
  ███████░░░░░░░░░░░░░░░░░░  31%  Streaming frame 196/1841
  ███████░░░░░░░░░░░░░░░░░░  31%  Streaming frame 197/1841
  ███████░░░░░░░░░░░░░░░░░░  31%  Streaming frame 198/1841
  ███████░░░░░░░░░░░░░░░░░░  31%  Streaming frame 199/1841
  ███████░░░░░░░░░░░░░░░░░░  31%  Streaming frame 200/1841
  ███████░░░░░░░░░░░░░░░░░░  31%  Streaming frame 201/1841
  ███████░░░░░░░░░░░░░░░░░░  31%  Streaming frame 202/1841
  ███████░░░░░░░░░░░░░░░░░░  31%  Streaming frame 203/1841
  ███████░░░░░░░░░░░░░░░░░░  31%  Streaming frame 204/1841
  ███████░░░░░░░░░░░░░░░░░░  31%  Streaming frame 205/1841
  ███████░░░░░░░░░░░░░░░░░░  31%  Streaming frame 206/1841
  ███████░░░░░░░░░░░░░░░░░░  31%  Streaming frame 207/1841
  ███████░░░░░░░░░░░░░░░░░░  31%  Streaming frame 208/1841
  ███████░░░░░░░░░░░░░░░░░░  31%  Streaming frame 209/1841
  ███████░░░░░░░░░░░░░░░░░░  31%  Streaming frame 210/1841
  ███████░░░░░░░░░░░░░░░░░░  31%  Streaming frame 211/1841
  ███████░░░░░░░░░░░░░░░░░░  31%  Streaming frame 212/1841
  ███████░░░░░░░░░░░░░░░░░░  31%  Streaming frame 213/1841
  ███████░░░░░░░░░░░░░░░░░░  31%  Streaming frame 214/1841
  ███████░░░░░░░░░░░░░░░░░░  31%  Streaming frame 215/1841
  ███████░░░░░░░░░░░░░░░░░░  31%  Streaming frame 216/1841
  ███████░░░░░░░░░░░░░░░░░░  31%  Streaming frame 217/1841
  ████████░░░░░░░░░░░░░░░░░  32%  Streaming frame 218/1841
  ████████░░░░░░░░░░░░░░░░░  32%  Streaming frame 219/1841
  ████████░░░░░░░░░░░░░░░░░  32%  Streaming frame 220/1841
  ████████░░░░░░░░░░░░░░░░░  32%  Streaming frame 221/1841
  ████████░░░░░░░░░░░░░░░░░  32%  Streaming frame 222/1841
  ████████░░░░░░░░░░░░░░░░░  32%  Streaming frame 223/1841
  ████████░░░░░░░░░░░░░░░░░  32%  Streaming frame 224/1841
  ████████░░░░░░░░░░░░░░░░░  32%  Streaming frame 225/1841
  ████████░░░░░░░░░░░░░░░░░  32%  Streaming frame 226/1841
  ████████░░░░░░░░░░░░░░░░░  32%  Streaming frame 227/1841
  ████████░░░░░░░░░░░░░░░░░  32%  Streaming frame 228/1841
  ████████░░░░░░░░░░░░░░░░░  32%  Streaming frame 229/1841
  ████████░░░░░░░░░░░░░░░░░  32%  Streaming frame 230/1841
  ████████░░░░░░░░░░░░░░░░░  32%  Streaming frame 231/1841
  ████████░░░░░░░░░░░░░░░░░  32%  Streaming frame 232/1841
  ████████░░░░░░░░░░░░░░░░░  32%  Streaming frame 233/1841
  ████████░░░░░░░░░░░░░░░░░  32%  Streaming frame 234/1841
  ████████░░░░░░░░░░░░░░░░░  32%  Streaming frame 235/1841
  ████████░░░░░░░░░░░░░░░░░  32%  Streaming frame 236/1841
  ████████░░░░░░░░░░░░░░░░░  32%  Streaming frame 237/1841
  ████████░░░░░░░░░░░░░░░░░  32%  Streaming frame 238/1841
  ████████░░░░░░░░░░░░░░░░░  32%  Streaming frame 239/1841
  ████████░░░░░░░░░░░░░░░░░  32%  Streaming frame 240/1841
  ████████░░░░░░░░░░░░░░░░░  32%  Streaming frame 241/1841
  ████████░░░░░░░░░░░░░░░░░  32%  Streaming frame 242/1841
  ████████░░░░░░░░░░░░░░░░░  32%  Streaming frame 243/1841
  ████████░░░░░░░░░░░░░░░░░  32%  Streaming frame 244/1841
  ████████░░░░░░░░░░░░░░░░░  32%  Streaming frame 245/1841
  ████████░░░░░░░░░░░░░░░░░  32%  Streaming frame 246/1841
  ████████░░░░░░░░░░░░░░░░░  32%  Streaming frame 247/1841
  ████████░░░░░░░░░░░░░░░░░  32%  Streaming frame 248/1841
  ████████░░░░░░░░░░░░░░░░░  32%  Streaming frame 249/1841
  ████████░░░░░░░░░░░░░░░░░  32%  Streaming frame 250/1841
  ████████░░░░░░░░░░░░░░░░░  32%  Streaming frame 251/1841
  ████████░░░░░░░░░░░░░░░░░  33%  Streaming frame 252/1841
  ████████░░░░░░░░░░░░░░░░░  33%  Streaming frame 253/1841
  ████████░░░░░░░░░░░░░░░░░  33%  Streaming frame 254/1841
  ████████░░░░░░░░░░░░░░░░░  33%  Streaming frame 255/1841
  ████████░░░░░░░░░░░░░░░░░  33%  Streaming frame 256/1841
  ████████░░░░░░░░░░░░░░░░░  33%  Streaming frame 257/1841
  ████████░░░░░░░░░░░░░░░░░  33%  Streaming frame 258/1841
  ████████░░░░░░░░░░░░░░░░░  33%  Streaming frame 259/1841
  ████████░░░░░░░░░░░░░░░░░  33%  Streaming frame 260/1841
  ████████░░░░░░░░░░░░░░░░░  33%  Streaming frame 261/1841
  ████████░░░░░░░░░░░░░░░░░  33%  Streaming frame 262/1841
  ████████░░░░░░░░░░░░░░░░░  33%  Streaming frame 263/1841
  ████████░░░░░░░░░░░░░░░░░  33%  Streaming frame 264/1841
  ████████░░░░░░░░░░░░░░░░░  33%  Streaming frame 265/1841
  ████████░░░░░░░░░░░░░░░░░  33%  Streaming frame 266/1841
  ████████░░░░░░░░░░░░░░░░░  33%  Streaming frame 267/1841
  ████████░░░░░░░░░░░░░░░░░  33%  Streaming frame 268/1841
  ████████░░░░░░░░░░░░░░░░░  33%  Streaming frame 269/1841
  ████████░░░░░░░░░░░░░░░░░  33%  Streaming frame 270/1841
  ████████░░░░░░░░░░░░░░░░░  33%  Streaming frame 271/1841
  ████████░░░░░░░░░░░░░░░░░  33%  Streaming frame 272/1841
  ████████░░░░░░░░░░░░░░░░░  33%  Streaming frame 273/1841
  ████████░░░░░░░░░░░░░░░░░  33%  Streaming frame 274/1841
  ████████░░░░░░░░░░░░░░░░░  33%  Streaming frame 275/1841
  ████████░░░░░░░░░░░░░░░░░  33%  Streaming frame 276/1841
  ████████░░░░░░░░░░░░░░░░░  33%  Streaming frame 277/1841
  ████████░░░░░░░░░░░░░░░░░  33%  Streaming frame 278/1841
  ████████░░░░░░░░░░░░░░░░░  33%  Streaming frame 279/1841
  ████████░░░░░░░░░░░░░░░░░  33%  Streaming frame 280/1841
  ████████░░░░░░░░░░░░░░░░░  33%  Streaming frame 281/1841
  ████████░░░░░░░░░░░░░░░░░  33%  Streaming frame 282/1841
  ████████░░░░░░░░░░░░░░░░░  33%  Streaming frame 283/1841
  ████████░░░░░░░░░░░░░░░░░  33%  Streaming frame 284/1841
  ████████░░░░░░░░░░░░░░░░░  34%  Streaming frame 285/1841
  ████████░░░░░░░░░░░░░░░░░  34%  Streaming frame 286/1841
  ████████░░░░░░░░░░░░░░░░░  34%  Streaming frame 287/1841
  ████████░░░░░░░░░░░░░░░░░  34%  Streaming frame 288/1841
  ████████░░░░░░░░░░░░░░░░░  34%  Streaming frame 289/1841
  ████████░░░░░░░░░░░░░░░░░  34%  Streaming frame 290/1841
  ████████░░░░░░░░░░░░░░░░░  34%  Streaming frame 291/1841
  ████████░░░░░░░░░░░░░░░░░  34%  Streaming frame 292/1841
  ████████░░░░░░░░░░░░░░░░░  34%  Streaming frame 293/1841
  ████████░░░░░░░░░░░░░░░░░  34%  Streaming frame 294/1841
  ████████░░░░░░░░░░░░░░░░░  34%  Streaming frame 295/1841
  ████████░░░░░░░░░░░░░░░░░  34%  Streaming frame 296/1841
  ████████░░░░░░░░░░░░░░░░░  34%  Streaming frame 297/1841
  ████████░░░░░░░░░░░░░░░░░  34%  Streaming frame 298/1841
  ████████░░░░░░░░░░░░░░░░░  34%  Streaming frame 299/1841
  ████████░░░░░░░░░░░░░░░░░  34%  Streaming frame 300/1841
  ████████░░░░░░░░░░░░░░░░░  34%  Streaming frame 301/1841
  ████████░░░░░░░░░░░░░░░░░  34%  Streaming frame 302/1841
  ████████░░░░░░░░░░░░░░░░░  34%  Streaming frame 303/1841
  ████████░░░░░░░░░░░░░░░░░  34%  Streaming frame 304/1841
  ████████░░░░░░░░░░░░░░░░░  34%  Streaming frame 305/1841
  ████████░░░░░░░░░░░░░░░░░  34%  Streaming frame 306/1841
  ████████░░░░░░░░░░░░░░░░░  34%  Streaming frame 307/1841
  ████████░░░░░░░░░░░░░░░░░  34%  Streaming frame 308/1841
  ████████░░░░░░░░░░░░░░░░░  34%  Streaming frame 309/1841
  ████████░░░░░░░░░░░░░░░░░  34%  Streaming frame 310/1841
  ████████░░░░░░░░░░░░░░░░░  34%  Streaming frame 311/1841
  ████████░░░░░░░░░░░░░░░░░  34%  Streaming frame 312/1841
  ████████░░░░░░░░░░░░░░░░░  34%  Streaming frame 313/1841
  ████████░░░░░░░░░░░░░░░░░  34%  Streaming frame 314/1841
  ████████░░░░░░░░░░░░░░░░░  34%  Streaming frame 315/1841
  ████████░░░░░░░░░░░░░░░░░  34%  Streaming frame 316/1841
  ████████░░░░░░░░░░░░░░░░░  34%  Streaming frame 317/1841
  ████████░░░░░░░░░░░░░░░░░  35%  Streaming frame 318/1841
  ████████░░░░░░░░░░░░░░░░░  35%  Streaming frame 319/1841
  ████████░░░░░░░░░░░░░░░░░  35%  Streaming frame 320/1841
  ████████░░░░░░░░░░░░░░░░░  35%  Streaming frame 321/1841
  ████████░░░░░░░░░░░░░░░░░  35%  Streaming frame 322/1841
  ████████░░░░░░░░░░░░░░░░░  35%  Streaming frame 323/1841
  ████████░░░░░░░░░░░░░░░░░  35%  Streaming frame 324/1841
  ████████░░░░░░░░░░░░░░░░░  35%  Streaming frame 325/1841
  ████████░░░░░░░░░░░░░░░░░  35%  Streaming frame 326/1841
  ████████░░░░░░░░░░░░░░░░░  35%  Streaming frame 327/1841
  ████████░░░░░░░░░░░░░░░░░  35%  Streaming frame 328/1841
  ████████░░░░░░░░░░░░░░░░░  35%  Streaming frame 329/1841
  ████████░░░░░░░░░░░░░░░░░  35%  Streaming frame 330/1841
  ████████░░░░░░░░░░░░░░░░░  35%  Streaming frame 331/1841
  ████████░░░░░░░░░░░░░░░░░  35%  Streaming frame 332/1841
  ████████░░░░░░░░░░░░░░░░░  35%  Streaming frame 333/1841
  ████████░░░░░░░░░░░░░░░░░  35%  Streaming frame 334/1841
  ████████░░░░░░░░░░░░░░░░░  35%  Streaming frame 335/1841
  ████████░░░░░░░░░░░░░░░░░  35%  Streaming frame 336/1841
  ████████░░░░░░░░░░░░░░░░░  35%  Streaming frame 337/1841
  ████████░░░░░░░░░░░░░░░░░  35%  Streaming frame 338/1841
  ████████░░░░░░░░░░░░░░░░░  35%  Streaming frame 339/1841
  ████████░░░░░░░░░░░░░░░░░  35%  Streaming frame 340/1841
  ████████░░░░░░░░░░░░░░░░░  35%  Streaming frame 341/1841
  ████████░░░░░░░░░░░░░░░░░  35%  Streaming frame 342/1841
  ████████░░░░░░░░░░░░░░░░░  35%  Streaming frame 343/1841
  ████████░░░░░░░░░░░░░░░░░  35%  Streaming frame 344/1841
  ████████░░░░░░░░░░░░░░░░░  35%  Streaming frame 345/1841
  ████████░░░░░░░░░░░░░░░░░  35%  Streaming frame 346/1841
  ████████░░░░░░░░░░░░░░░░░  35%  Streaming frame 347/1841
  ████████░░░░░░░░░░░░░░░░░  35%  Streaming frame 348/1841
  ████████░░░░░░░░░░░░░░░░░  35%  Streaming frame 349/1841
  ████████░░░░░░░░░░░░░░░░░  35%  Streaming frame 350/1841
  ████████░░░░░░░░░░░░░░░░░  35%  Streaming frame 351/1841
  █████████░░░░░░░░░░░░░░░░  36%  Streaming frame 352/1841
  █████████░░░░░░░░░░░░░░░░  36%  Streaming frame 353/1841
  █████████░░░░░░░░░░░░░░░░  36%  Streaming frame 354/1841
  █████████░░░░░░░░░░░░░░░░  36%  Streaming frame 355/1841
  █████████░░░░░░░░░░░░░░░░  36%  Streaming frame 356/1841
  █████████░░░░░░░░░░░░░░░░  36%  Streaming frame 357/1841
  █████████░░░░░░░░░░░░░░░░  36%  Streaming frame 358/1841
  █████████░░░░░░░░░░░░░░░░  36%  Streaming frame 359/1841
  █████████░░░░░░░░░░░░░░░░  36%  Streaming frame 360/1841
  █████████░░░░░░░░░░░░░░░░  36%  Streaming frame 361/1841
  █████████░░░░░░░░░░░░░░░░  36%  Streaming frame 362/1841
  █████████░░░░░░░░░░░░░░░░  36%  Streaming frame 363/1841
  █████████░░░░░░░░░░░░░░░░  36%  Streaming frame 364/1841
  █████████░░░░░░░░░░░░░░░░  36%  Streaming frame 365/1841
  █████████░░░░░░░░░░░░░░░░  36%  Streaming frame 366/1841
  █████████░░░░░░░░░░░░░░░░  36%  Streaming frame 367/1841
  █████████░░░░░░░░░░░░░░░░  36%  Streaming frame 368/1841
  █████████░░░░░░░░░░░░░░░░  36%  Streaming frame 369/1841
  █████████░░░░░░░░░░░░░░░░  36%  Streaming frame 370/1841
  █████████░░░░░░░░░░░░░░░░  36%  Streaming frame 371/1841
  █████████░░░░░░░░░░░░░░░░  36%  Streaming frame 372/1841
  █████████░░░░░░░░░░░░░░░░  36%  Streaming frame 373/1841
  █████████░░░░░░░░░░░░░░░░  36%  Streaming frame 374/1841
  █████████░░░░░░░░░░░░░░░░  36%  Streaming frame 375/1841
  █████████░░░░░░░░░░░░░░░░  36%  Streaming frame 376/1841
  █████████░░░░░░░░░░░░░░░░  36%  Streaming frame 377/1841
  █████████░░░░░░░░░░░░░░░░  36%  Streaming frame 378/1841
  █████████░░░░░░░░░░░░░░░░  36%  Streaming frame 379/1841
  █████████░░░░░░░░░░░░░░░░  36%  Streaming frame 380/1841
  █████████░░░░░░░░░░░░░░░░  36%  Streaming frame 381/1841
  █████████░░░░░░░░░░░░░░░░  36%  Streaming frame 382/1841
  █████████░░░░░░░░░░░░░░░░  36%  Streaming frame 383/1841
  █████████░░░░░░░░░░░░░░░░  36%  Streaming frame 384/1841
  █████████░░░░░░░░░░░░░░░░  37%  Streaming frame 385/1841
  █████████░░░░░░░░░░░░░░░░  37%  Streaming frame 386/1841
  █████████░░░░░░░░░░░░░░░░  37%  Streaming frame 387/1841
  █████████░░░░░░░░░░░░░░░░  37%  Streaming frame 388/1841
  █████████░░░░░░░░░░░░░░░░  37%  Streaming frame 389/1841
  █████████░░░░░░░░░░░░░░░░  37%  Streaming frame 390/1841
  █████████░░░░░░░░░░░░░░░░  37%  Streaming frame 391/1841
  █████████░░░░░░░░░░░░░░░░  37%  Streaming frame 392/1841
  █████████░░░░░░░░░░░░░░░░  37%  Streaming frame 393/1841
  █████████░░░░░░░░░░░░░░░░  37%  Streaming frame 394/1841
  █████████░░░░░░░░░░░░░░░░  37%  Streaming frame 395/1841
  █████████░░░░░░░░░░░░░░░░  37%  Streaming frame 396/1841
  █████████░░░░░░░░░░░░░░░░  37%  Streaming frame 397/1841
  █████████░░░░░░░░░░░░░░░░  37%  Streaming frame 398/1841
  █████████░░░░░░░░░░░░░░░░  37%  Streaming frame 399/1841
  █████████░░░░░░░░░░░░░░░░  37%  Streaming frame 400/1841
  █████████░░░░░░░░░░░░░░░░  37%  Streaming frame 401/1841
  █████████░░░░░░░░░░░░░░░░  37%  Streaming frame 402/1841
  █████████░░░░░░░░░░░░░░░░  37%  Streaming frame 403/1841
  █████████░░░░░░░░░░░░░░░░  37%  Streaming frame 404/1841
  █████████░░░░░░░░░░░░░░░░  37%  Streaming frame 405/1841
  █████████░░░░░░░░░░░░░░░░  37%  Streaming frame 406/1841
  █████████░░░░░░░░░░░░░░░░  37%  Streaming frame 407/1841
  █████████░░░░░░░░░░░░░░░░  37%  Streaming frame 408/1841
  █████████░░░░░░░░░░░░░░░░  37%  Streaming frame 409/1841
  █████████░░░░░░░░░░░░░░░░  37%  Streaming frame 410/1841
  █████████░░░░░░░░░░░░░░░░  37%  Streaming frame 411/1841
  █████████░░░░░░░░░░░░░░░░  37%  Streaming frame 412/1841
  █████████░░░░░░░░░░░░░░░░  37%  Streaming frame 413/1841
  █████████░░░░░░░░░░░░░░░░  37%  Streaming frame 414/1841
  █████████░░░░░░░░░░░░░░░░  37%  Streaming frame 415/1841
  █████████░░░░░░░░░░░░░░░░  37%  Streaming frame 416/1841
  █████████░░░░░░░░░░░░░░░░  37%  Streaming frame 417/1841
  █████████░░░░░░░░░░░░░░░░  37%  Streaming frame 418/1841
  █████████░░░░░░░░░░░░░░░░  38%  Streaming frame 419/1841
  █████████░░░░░░░░░░░░░░░░  38%  Streaming frame 420/1841
  █████████░░░░░░░░░░░░░░░░  38%  Streaming frame 421/1841
  █████████░░░░░░░░░░░░░░░░  38%  Streaming frame 422/1841
  █████████░░░░░░░░░░░░░░░░  38%  Streaming frame 423/1841
  █████████░░░░░░░░░░░░░░░░  38%  Streaming frame 424/1841
  █████████░░░░░░░░░░░░░░░░  38%  Streaming frame 425/1841
  █████████░░░░░░░░░░░░░░░░  38%  Streaming frame 426/1841
  █████████░░░░░░░░░░░░░░░░  38%  Streaming frame 427/1841
  █████████░░░░░░░░░░░░░░░░  38%  Streaming frame 428/1841
  █████████░░░░░░░░░░░░░░░░  38%  Streaming frame 429/1841
  █████████░░░░░░░░░░░░░░░░  38%  Streaming frame 430/1841
  █████████░░░░░░░░░░░░░░░░  38%  Streaming frame 431/1841
  █████████░░░░░░░░░░░░░░░░  38%  Streaming frame 432/1841
  █████████░░░░░░░░░░░░░░░░  38%  Streaming frame 433/1841
  █████████░░░░░░░░░░░░░░░░  38%  Streaming frame 434/1841
  █████████░░░░░░░░░░░░░░░░  38%  Streaming frame 435/1841
  █████████░░░░░░░░░░░░░░░░  38%  Streaming frame 436/1841
  █████████░░░░░░░░░░░░░░░░  38%  Streaming frame 437/1841
  █████████░░░░░░░░░░░░░░░░  38%  Streaming frame 438/1841
  █████████░░░░░░░░░░░░░░░░  38%  Streaming frame 439/1841
  █████████░░░░░░░░░░░░░░░░  38%  Streaming frame 440/1841
  █████████░░░░░░░░░░░░░░░░  38%  Streaming frame 441/1841
  █████████░░░░░░░░░░░░░░░░  38%  Streaming frame 442/1841
  █████████░░░░░░░░░░░░░░░░  38%  Streaming frame 443/1841
  █████████░░░░░░░░░░░░░░░░  38%  Streaming frame 444/1841
  █████████░░░░░░░░░░░░░░░░  38%  Streaming frame 445/1841
  █████████░░░░░░░░░░░░░░░░  38%  Streaming frame 446/1841
  █████████░░░░░░░░░░░░░░░░  38%  Streaming frame 447/1841
  █████████░░░░░░░░░░░░░░░░  38%  Streaming frame 448/1841
  █████████░░░░░░░░░░░░░░░░  38%  Streaming frame 449/1841
  █████████░░░░░░░░░░░░░░░░  38%  Streaming frame 450/1841
  █████████░░░░░░░░░░░░░░░░  38%  Streaming frame 451/1841
  █████████░░░░░░░░░░░░░░░░  39%  Streaming frame 452/1841
  █████████░░░░░░░░░░░░░░░░  39%  Streaming frame 453/1841
  █████████░░░░░░░░░░░░░░░░  39%  Streaming frame 454/1841
  █████████░░░░░░░░░░░░░░░░  39%  Streaming frame 455/1841
  █████████░░░░░░░░░░░░░░░░  39%  Streaming frame 456/1841
  █████████░░░░░░░░░░░░░░░░  39%  Streaming frame 457/1841
  █████████░░░░░░░░░░░░░░░░  39%  Streaming frame 458/1841
  █████████░░░░░░░░░░░░░░░░  39%  Streaming frame 459/1841
  █████████░░░░░░░░░░░░░░░░  39%  Streaming frame 460/1841
[INFO] [Render] drawElement self-verify passed {"renderJobId":"feb88cd7-8151-4cc4-a9cd-fad17f687b74","frame":460,"psnrDb":70.2}
  █████████░░░░░░░░░░░░░░░░  39%  Streaming frame 461/1841
  █████████░░░░░░░░░░░░░░░░  39%  Streaming frame 462/1841
  █████████░░░░░░░░░░░░░░░░  39%  Streaming frame 463/1841
  █████████░░░░░░░░░░░░░░░░  39%  Streaming frame 464/1841
  █████████░░░░░░░░░░░░░░░░  39%  Streaming frame 465/1841
  █████████░░░░░░░░░░░░░░░░  39%  Streaming frame 466/1841
  █████████░░░░░░░░░░░░░░░░  39%  Streaming frame 467/1841
  █████████░░░░░░░░░░░░░░░░  39%  Streaming frame 468/1841
  █████████░░░░░░░░░░░░░░░░  39%  Streaming frame 469/1841
  █████████░░░░░░░░░░░░░░░░  39%  Streaming frame 470/1841
  █████████░░░░░░░░░░░░░░░░  39%  Streaming frame 471/1841
  █████████░░░░░░░░░░░░░░░░  39%  Streaming frame 472/1841
  █████████░░░░░░░░░░░░░░░░  39%  Streaming frame 473/1841
  █████████░░░░░░░░░░░░░░░░  39%  Streaming frame 474/1841
  █████████░░░░░░░░░░░░░░░░  39%  Streaming frame 475/1841
  █████████░░░░░░░░░░░░░░░░  39%  Streaming frame 476/1841
  █████████░░░░░░░░░░░░░░░░  39%  Streaming frame 477/1841
  █████████░░░░░░░░░░░░░░░░  39%  Streaming frame 478/1841
  █████████░░░░░░░░░░░░░░░░  39%  Streaming frame 479/1841
  █████████░░░░░░░░░░░░░░░░  39%  Streaming frame 480/1841
  █████████░░░░░░░░░░░░░░░░  39%  Streaming frame 481/1841
  █████████░░░░░░░░░░░░░░░░  39%  Streaming frame 482/1841
  █████████░░░░░░░░░░░░░░░░  39%  Streaming frame 483/1841
  █████████░░░░░░░░░░░░░░░░  39%  Streaming frame 484/1841
  █████████░░░░░░░░░░░░░░░░  39%  Streaming frame 485/1841
  ██████████░░░░░░░░░░░░░░░  40%  Streaming frame 486/1841
  ██████████░░░░░░░░░░░░░░░  40%  Streaming frame 487/1841
  ██████████░░░░░░░░░░░░░░░  40%  Streaming frame 488/1841
  ██████████░░░░░░░░░░░░░░░  40%  Streaming frame 489/1841
  ██████████░░░░░░░░░░░░░░░  40%  Streaming frame 490/1841
  ██████████░░░░░░░░░░░░░░░  40%  Streaming frame 491/1841
  ██████████░░░░░░░░░░░░░░░  40%  Streaming frame 492/1841
  ██████████░░░░░░░░░░░░░░░  40%  Streaming frame 493/1841
  ██████████░░░░░░░░░░░░░░░  40%  Streaming frame 494/1841
  ██████████░░░░░░░░░░░░░░░  40%  Streaming frame 495/1841
  ██████████░░░░░░░░░░░░░░░  40%  Streaming frame 496/1841
  ██████████░░░░░░░░░░░░░░░  40%  Streaming frame 497/1841
  ██████████░░░░░░░░░░░░░░░  40%  Streaming frame 498/1841
  ██████████░░░░░░░░░░░░░░░  40%  Streaming frame 499/1841
  ██████████░░░░░░░░░░░░░░░  40%  Streaming frame 500/1841
  ██████████░░░░░░░░░░░░░░░  40%  Streaming frame 501/1841
  ██████████░░░░░░░░░░░░░░░  40%  Streaming frame 502/1841
  ██████████░░░░░░░░░░░░░░░  40%  Streaming frame 503/1841
  ██████████░░░░░░░░░░░░░░░  40%  Streaming frame 504/1841
  ██████████░░░░░░░░░░░░░░░  40%  Streaming frame 505/1841
  ██████████░░░░░░░░░░░░░░░  40%  Streaming frame 506/1841
  ██████████░░░░░░░░░░░░░░░  40%  Streaming frame 507/1841
  ██████████░░░░░░░░░░░░░░░  40%  Streaming frame 508/1841
  ██████████░░░░░░░░░░░░░░░  40%  Streaming frame 509/1841
  ██████████░░░░░░░░░░░░░░░  40%  Streaming frame 510/1841
  ██████████░░░░░░░░░░░░░░░  40%  Streaming frame 511/1841
  ██████████░░░░░░░░░░░░░░░  40%  Streaming frame 512/1841
  ██████████░░░░░░░░░░░░░░░  40%  Streaming frame 513/1841
  ██████████░░░░░░░░░░░░░░░  40%  Streaming frame 514/1841
  ██████████░░░░░░░░░░░░░░░  40%  Streaming frame 515/1841
  ██████████░░░░░░░░░░░░░░░  40%  Streaming frame 516/1841
  ██████████░░░░░░░░░░░░░░░  40%  Streaming frame 517/1841
  ██████████░░░░░░░░░░░░░░░  40%  Streaming frame 518/1841
  ██████████░░░░░░░░░░░░░░░  41%  Streaming frame 519/1841
  ██████████░░░░░░░░░░░░░░░  41%  Streaming frame 520/1841
  ██████████░░░░░░░░░░░░░░░  41%  Streaming frame 521/1841
  ██████████░░░░░░░░░░░░░░░  41%  Streaming frame 522/1841
  ██████████░░░░░░░░░░░░░░░  41%  Streaming frame 523/1841
  ██████████░░░░░░░░░░░░░░░  41%  Streaming frame 524/1841
  ██████████░░░░░░░░░░░░░░░  41%  Streaming frame 525/1841
  ██████████░░░░░░░░░░░░░░░  41%  Streaming frame 526/1841
  ██████████░░░░░░░░░░░░░░░  41%  Streaming frame 527/1841
  ██████████░░░░░░░░░░░░░░░  41%  Streaming frame 528/1841
  ██████████░░░░░░░░░░░░░░░  41%  Streaming frame 529/1841
  ██████████░░░░░░░░░░░░░░░  41%  Streaming frame 530/1841
  ██████████░░░░░░░░░░░░░░░  41%  Streaming frame 531/1841
  ██████████░░░░░░░░░░░░░░░  41%  Streaming frame 532/1841
  ██████████░░░░░░░░░░░░░░░  41%  Streaming frame 533/1841
  ██████████░░░░░░░░░░░░░░░  41%  Streaming frame 534/1841
  ██████████░░░░░░░░░░░░░░░  41%  Streaming frame 535/1841
  ██████████░░░░░░░░░░░░░░░  41%  Streaming frame 536/1841
  ██████████░░░░░░░░░░░░░░░  41%  Streaming frame 537/1841
  ██████████░░░░░░░░░░░░░░░  41%  Streaming frame 538/1841
  ██████████░░░░░░░░░░░░░░░  41%  Streaming frame 539/1841
  ██████████░░░░░░░░░░░░░░░  41%  Streaming frame 540/1841
  ██████████░░░░░░░░░░░░░░░  41%  Streaming frame 541/1841
  ██████████░░░░░░░░░░░░░░░  41%  Streaming frame 542/1841
  ██████████░░░░░░░░░░░░░░░  41%  Streaming frame 543/1841
  ██████████░░░░░░░░░░░░░░░  41%  Streaming frame 544/1841
  ██████████░░░░░░░░░░░░░░░  41%  Streaming frame 545/1841
  ██████████░░░░░░░░░░░░░░░  41%  Streaming frame 546/1841
  ██████████░░░░░░░░░░░░░░░  41%  Streaming frame 547/1841
  ██████████░░░░░░░░░░░░░░░  41%  Streaming frame 548/1841
  ██████████░░░░░░░░░░░░░░░  41%  Streaming frame 549/1841
  ██████████░░░░░░░░░░░░░░░  41%  Streaming frame 550/1841
  ██████████░░░░░░░░░░░░░░░  41%  Streaming frame 551/1841
  ██████████░░░░░░░░░░░░░░░  41%  Streaming frame 552/1841
  ██████████░░░░░░░░░░░░░░░  42%  Streaming frame 553/1841
  ██████████░░░░░░░░░░░░░░░  42%  Streaming frame 554/1841
  ██████████░░░░░░░░░░░░░░░  42%  Streaming frame 555/1841
  ██████████░░░░░░░░░░░░░░░  42%  Streaming frame 556/1841
  ██████████░░░░░░░░░░░░░░░  42%  Streaming frame 557/1841
  ██████████░░░░░░░░░░░░░░░  42%  Streaming frame 558/1841
  ██████████░░░░░░░░░░░░░░░  42%  Streaming frame 559/1841
  ██████████░░░░░░░░░░░░░░░  42%  Streaming frame 560/1841
  ██████████░░░░░░░░░░░░░░░  42%  Streaming frame 561/1841
  ██████████░░░░░░░░░░░░░░░  42%  Streaming frame 562/1841
  ██████████░░░░░░░░░░░░░░░  42%  Streaming frame 563/1841
  ██████████░░░░░░░░░░░░░░░  42%  Streaming frame 564/1841
  ██████████░░░░░░░░░░░░░░░  42%  Streaming frame 565/1841
  ██████████░░░░░░░░░░░░░░░  42%  Streaming frame 566/1841
  ██████████░░░░░░░░░░░░░░░  42%  Streaming frame 567/1841
  ██████████░░░░░░░░░░░░░░░  42%  Streaming frame 568/1841
  ██████████░░░░░░░░░░░░░░░  42%  Streaming frame 569/1841
  ██████████░░░░░░░░░░░░░░░  42%  Streaming frame 570/1841
  ██████████░░░░░░░░░░░░░░░  42%  Streaming frame 571/1841
  ██████████░░░░░░░░░░░░░░░  42%  Streaming frame 572/1841
  ██████████░░░░░░░░░░░░░░░  42%  Streaming frame 573/1841
  ██████████░░░░░░░░░░░░░░░  42%  Streaming frame 574/1841
  ██████████░░░░░░░░░░░░░░░  42%  Streaming frame 575/1841
  ██████████░░░░░░░░░░░░░░░  42%  Streaming frame 576/1841
  ██████████░░░░░░░░░░░░░░░  42%  Streaming frame 577/1841
  ██████████░░░░░░░░░░░░░░░  42%  Streaming frame 578/1841
  ██████████░░░░░░░░░░░░░░░  42%  Streaming frame 579/1841
  ██████████░░░░░░░░░░░░░░░  42%  Streaming frame 580/1841
  ██████████░░░░░░░░░░░░░░░  42%  Streaming frame 581/1841
  ██████████░░░░░░░░░░░░░░░  42%  Streaming frame 582/1841
  ██████████░░░░░░░░░░░░░░░  42%  Streaming frame 583/1841
  ██████████░░░░░░░░░░░░░░░  42%  Streaming frame 584/1841
  ██████████░░░░░░░░░░░░░░░  42%  Streaming frame 585/1841
  ██████████░░░░░░░░░░░░░░░  43%  Streaming frame 586/1841
  ██████████░░░░░░░░░░░░░░░  43%  Streaming frame 587/1841
  ██████████░░░░░░░░░░░░░░░  43%  Streaming frame 588/1841
  ██████████░░░░░░░░░░░░░░░  43%  Streaming frame 589/1841
  ██████████░░░░░░░░░░░░░░░  43%  Streaming frame 590/1841
  ██████████░░░░░░░░░░░░░░░  43%  Streaming frame 591/1841
  ██████████░░░░░░░░░░░░░░░  43%  Streaming frame 592/1841
  ██████████░░░░░░░░░░░░░░░  43%  Streaming frame 593/1841
  ██████████░░░░░░░░░░░░░░░  43%  Streaming frame 594/1841
  ██████████░░░░░░░░░░░░░░░  43%  Streaming frame 595/1841
  ██████████░░░░░░░░░░░░░░░  43%  Streaming frame 596/1841
  ██████████░░░░░░░░░░░░░░░  43%  Streaming frame 597/1841
  ██████████░░░░░░░░░░░░░░░  43%  Streaming frame 598/1841
  ██████████░░░░░░░░░░░░░░░  43%  Streaming frame 599/1841
  ██████████░░░░░░░░░░░░░░░  43%  Streaming frame 600/1841
  ██████████░░░░░░░░░░░░░░░  43%  Streaming frame 601/1841
  ██████████░░░░░░░░░░░░░░░  43%  Streaming frame 602/1841
  ██████████░░░░░░░░░░░░░░░  43%  Streaming frame 603/1841
  ██████████░░░░░░░░░░░░░░░  43%  Streaming frame 604/1841
  ██████████░░░░░░░░░░░░░░░  43%  Streaming frame 605/1841
  ██████████░░░░░░░░░░░░░░░  43%  Streaming frame 606/1841
  ██████████░░░░░░░░░░░░░░░  43%  Streaming frame 607/1841
  ██████████░░░░░░░░░░░░░░░  43%  Streaming frame 608/1841
  ██████████░░░░░░░░░░░░░░░  43%  Streaming frame 609/1841
  ██████████░░░░░░░░░░░░░░░  43%  Streaming frame 610/1841
  ██████████░░░░░░░░░░░░░░░  43%  Streaming frame 611/1841
  ██████████░░░░░░░░░░░░░░░  43%  Streaming frame 612/1841
  ██████████░░░░░░░░░░░░░░░  43%  Streaming frame 613/1841
  ██████████░░░░░░░░░░░░░░░  43%  Streaming frame 614/1841
  ██████████░░░░░░░░░░░░░░░  43%  Streaming frame 615/1841
  ██████████░░░░░░░░░░░░░░░  43%  Streaming frame 616/1841
  ██████████░░░░░░░░░░░░░░░  43%  Streaming frame 617/1841
  ██████████░░░░░░░░░░░░░░░  43%  Streaming frame 618/1841
  ██████████░░░░░░░░░░░░░░░  43%  Streaming frame 619/1841
  ███████████░░░░░░░░░░░░░░  44%  Streaming frame 620/1841
  ███████████░░░░░░░░░░░░░░  44%  Streaming frame 621/1841
  ███████████░░░░░░░░░░░░░░  44%  Streaming frame 622/1841
  ███████████░░░░░░░░░░░░░░  44%  Streaming frame 623/1841
  ███████████░░░░░░░░░░░░░░  44%  Streaming frame 624/1841
  ███████████░░░░░░░░░░░░░░  44%  Streaming frame 625/1841
  ███████████░░░░░░░░░░░░░░  44%  Streaming frame 626/1841
  ███████████░░░░░░░░░░░░░░  44%  Streaming frame 627/1841
  ███████████░░░░░░░░░░░░░░  44%  Streaming frame 628/1841
  ███████████░░░░░░░░░░░░░░  44%  Streaming frame 629/1841
  ███████████░░░░░░░░░░░░░░  44%  Streaming frame 630/1841
  ███████████░░░░░░░░░░░░░░  44%  Streaming frame 631/1841
  ███████████░░░░░░░░░░░░░░  44%  Streaming frame 632/1841
  ███████████░░░░░░░░░░░░░░  44%  Streaming frame 633/1841
  ███████████░░░░░░░░░░░░░░  44%  Streaming frame 634/1841
  ███████████░░░░░░░░░░░░░░  44%  Streaming frame 635/1841
  ███████████░░░░░░░░░░░░░░  44%  Streaming frame 636/1841
  ███████████░░░░░░░░░░░░░░  44%  Streaming frame 637/1841
  ███████████░░░░░░░░░░░░░░  44%  Streaming frame 638/1841
  ███████████░░░░░░░░░░░░░░  44%  Streaming frame 639/1841
  ███████████░░░░░░░░░░░░░░  44%  Streaming frame 640/1841
  ███████████░░░░░░░░░░░░░░  44%  Streaming frame 641/1841
  ███████████░░░░░░░░░░░░░░  44%  Streaming frame 642/1841
  ███████████░░░░░░░░░░░░░░  44%  Streaming frame 643/1841
  ███████████░░░░░░░░░░░░░░  44%  Streaming frame 644/1841
  ███████████░░░░░░░░░░░░░░  44%  Streaming frame 645/1841
  ███████████░░░░░░░░░░░░░░  44%  Streaming frame 646/1841
  ███████████░░░░░░░░░░░░░░  44%  Streaming frame 647/1841
  ███████████░░░░░░░░░░░░░░  44%  Streaming frame 648/1841
  ███████████░░░░░░░░░░░░░░  44%  Streaming frame 649/1841
  ███████████░░░░░░░░░░░░░░  44%  Streaming frame 650/1841
  ███████████░░░░░░░░░░░░░░  44%  Streaming frame 651/1841
  ███████████░░░░░░░░░░░░░░  44%  Streaming frame 652/1841
  ███████████░░░░░░░░░░░░░░  45%  Streaming frame 653/1841
  ███████████░░░░░░░░░░░░░░  45%  Streaming frame 654/1841
  ███████████░░░░░░░░░░░░░░  45%  Streaming frame 655/1841
  ███████████░░░░░░░░░░░░░░  45%  Streaming frame 656/1841
  ███████████░░░░░░░░░░░░░░  45%  Streaming frame 657/1841
  ███████████░░░░░░░░░░░░░░  45%  Streaming frame 658/1841
  ███████████░░░░░░░░░░░░░░  45%  Streaming frame 659/1841
  ███████████░░░░░░░░░░░░░░  45%  Streaming frame 660/1841
  ███████████░░░░░░░░░░░░░░  45%  Streaming frame 661/1841
  ███████████░░░░░░░░░░░░░░  45%  Streaming frame 662/1841
  ███████████░░░░░░░░░░░░░░  45%  Streaming frame 663/1841
  ███████████░░░░░░░░░░░░░░  45%  Streaming frame 664/1841
  ███████████░░░░░░░░░░░░░░  45%  Streaming frame 665/1841
  ███████████░░░░░░░░░░░░░░  45%  Streaming frame 666/1841
  ███████████░░░░░░░░░░░░░░  45%  Streaming frame 667/1841
  ███████████░░░░░░░░░░░░░░  45%  Streaming frame 668/1841
  ███████████░░░░░░░░░░░░░░  45%  Streaming frame 669/1841
  ███████████░░░░░░░░░░░░░░  45%  Streaming frame 670/1841
  ███████████░░░░░░░░░░░░░░  45%  Streaming frame 671/1841
  ███████████░░░░░░░░░░░░░░  45%  Streaming frame 672/1841
  ███████████░░░░░░░░░░░░░░  45%  Streaming frame 673/1841
  ███████████░░░░░░░░░░░░░░  45%  Streaming frame 674/1841
  ███████████░░░░░░░░░░░░░░  45%  Streaming frame 675/1841
  ███████████░░░░░░░░░░░░░░  45%  Streaming frame 676/1841
  ███████████░░░░░░░░░░░░░░  45%  Streaming frame 677/1841
  ███████████░░░░░░░░░░░░░░  45%  Streaming frame 678/1841
  ███████████░░░░░░░░░░░░░░  45%  Streaming frame 679/1841
  ███████████░░░░░░░░░░░░░░  45%  Streaming frame 680/1841
  ███████████░░░░░░░░░░░░░░  45%  Streaming frame 681/1841
  ███████████░░░░░░░░░░░░░░  45%  Streaming frame 682/1841
  ███████████░░░░░░░░░░░░░░  45%  Streaming frame 683/1841
  ███████████░░░░░░░░░░░░░░  45%  Streaming frame 684/1841
  ███████████░░░░░░░░░░░░░░  45%  Streaming frame 685/1841
  ███████████░░░░░░░░░░░░░░  45%  Streaming frame 686/1841
  ███████████░░░░░░░░░░░░░░  46%  Streaming frame 687/1841
  ███████████░░░░░░░░░░░░░░  46%  Streaming frame 688/1841
  ███████████░░░░░░░░░░░░░░  46%  Streaming frame 689/1841
  ███████████░░░░░░░░░░░░░░  46%  Streaming frame 690/1841
  ███████████░░░░░░░░░░░░░░  46%  Streaming frame 691/1841
  ███████████░░░░░░░░░░░░░░  46%  Streaming frame 692/1841
  ███████████░░░░░░░░░░░░░░  46%  Streaming frame 693/1841
  ███████████░░░░░░░░░░░░░░  46%  Streaming frame 694/1841
  ███████████░░░░░░░░░░░░░░  46%  Streaming frame 695/1841
  ███████████░░░░░░░░░░░░░░  46%  Streaming frame 696/1841
  ███████████░░░░░░░░░░░░░░  46%  Streaming frame 697/1841
  ███████████░░░░░░░░░░░░░░  46%  Streaming frame 698/1841
  ███████████░░░░░░░░░░░░░░  46%  Streaming frame 699/1841
  ███████████░░░░░░░░░░░░░░  46%  Streaming frame 700/1841
  ███████████░░░░░░░░░░░░░░  46%  Streaming frame 701/1841
  ███████████░░░░░░░░░░░░░░  46%  Streaming frame 702/1841
  ███████████░░░░░░░░░░░░░░  46%  Streaming frame 703/1841
  ███████████░░░░░░░░░░░░░░  46%  Streaming frame 704/1841
  ███████████░░░░░░░░░░░░░░  46%  Streaming frame 705/1841
  ███████████░░░░░░░░░░░░░░  46%  Streaming frame 706/1841
  ███████████░░░░░░░░░░░░░░  46%  Streaming frame 707/1841
  ███████████░░░░░░░░░░░░░░  46%  Streaming frame 708/1841
  ███████████░░░░░░░░░░░░░░  46%  Streaming frame 709/1841
  ███████████░░░░░░░░░░░░░░  46%  Streaming frame 710/1841
  ███████████░░░░░░░░░░░░░░  46%  Streaming frame 711/1841
  ███████████░░░░░░░░░░░░░░  46%  Streaming frame 712/1841
  ███████████░░░░░░░░░░░░░░  46%  Streaming frame 713/1841
  ███████████░░░░░░░░░░░░░░  46%  Streaming frame 714/1841
  ███████████░░░░░░░░░░░░░░  46%  Streaming frame 715/1841
  ███████████░░░░░░░░░░░░░░  46%  Streaming frame 716/1841
  ███████████░░░░░░░░░░░░░░  46%  Streaming frame 717/1841
  ███████████░░░░░░░░░░░░░░  46%  Streaming frame 718/1841
  ███████████░░░░░░░░░░░░░░  46%  Streaming frame 719/1841
  ███████████░░░░░░░░░░░░░░  47%  Streaming frame 720/1841
  ███████████░░░░░░░░░░░░░░  47%  Streaming frame 721/1841
  ███████████░░░░░░░░░░░░░░  47%  Streaming frame 722/1841
  ███████████░░░░░░░░░░░░░░  47%  Streaming frame 723/1841
  ███████████░░░░░░░░░░░░░░  47%  Streaming frame 724/1841
  ███████████░░░░░░░░░░░░░░  47%  Streaming frame 725/1841
  ███████████░░░░░░░░░░░░░░  47%  Streaming frame 726/1841
  ███████████░░░░░░░░░░░░░░  47%  Streaming frame 727/1841
  ███████████░░░░░░░░░░░░░░  47%  Streaming frame 728/1841
  ███████████░░░░░░░░░░░░░░  47%  Streaming frame 729/1841
  ███████████░░░░░░░░░░░░░░  47%  Streaming frame 730/1841
  ███████████░░░░░░░░░░░░░░  47%  Streaming frame 731/1841
  ███████████░░░░░░░░░░░░░░  47%  Streaming frame 732/1841
  ███████████░░░░░░░░░░░░░░  47%  Streaming frame 733/1841
  ███████████░░░░░░░░░░░░░░  47%  Streaming frame 734/1841
  ███████████░░░░░░░░░░░░░░  47%  Streaming frame 735/1841
  ███████████░░░░░░░░░░░░░░  47%  Streaming frame 736/1841
  ███████████░░░░░░░░░░░░░░  47%  Streaming frame 737/1841
  ███████████░░░░░░░░░░░░░░  47%  Streaming frame 738/1841
  ███████████░░░░░░░░░░░░░░  47%  Streaming frame 739/1841
  ███████████░░░░░░░░░░░░░░  47%  Streaming frame 740/1841
  ███████████░░░░░░░░░░░░░░  47%  Streaming frame 741/1841
  ███████████░░░░░░░░░░░░░░  47%  Streaming frame 742/1841
  ███████████░░░░░░░░░░░░░░  47%  Streaming frame 743/1841
  ███████████░░░░░░░░░░░░░░  47%  Streaming frame 744/1841
  ███████████░░░░░░░░░░░░░░  47%  Streaming frame 745/1841
  ███████████░░░░░░░░░░░░░░  47%  Streaming frame 746/1841
  ███████████░░░░░░░░░░░░░░  47%  Streaming frame 747/1841
  ███████████░░░░░░░░░░░░░░  47%  Streaming frame 748/1841
  ███████████░░░░░░░░░░░░░░  47%  Streaming frame 749/1841
  ███████████░░░░░░░░░░░░░░  47%  Streaming frame 750/1841
  ███████████░░░░░░░░░░░░░░  47%  Streaming frame 751/1841
  ███████████░░░░░░░░░░░░░░  47%  Streaming frame 752/1841
  ███████████░░░░░░░░░░░░░░  47%  Streaming frame 753/1841
  ████████████░░░░░░░░░░░░░  48%  Streaming frame 754/1841
  ████████████░░░░░░░░░░░░░  48%  Streaming frame 755/1841
  ████████████░░░░░░░░░░░░░  48%  Streaming frame 756/1841
  ████████████░░░░░░░░░░░░░  48%  Streaming frame 757/1841
  ████████████░░░░░░░░░░░░░  48%  Streaming frame 758/1841
  ████████████░░░░░░░░░░░░░  48%  Streaming frame 759/1841
  ████████████░░░░░░░░░░░░░  48%  Streaming frame 760/1841
  ████████████░░░░░░░░░░░░░  48%  Streaming frame 761/1841
  ████████████░░░░░░░░░░░░░  48%  Streaming frame 762/1841
  ████████████░░░░░░░░░░░░░  48%  Streaming frame 763/1841
  ████████████░░░░░░░░░░░░░  48%  Streaming frame 764/1841
  ████████████░░░░░░░░░░░░░  48%  Streaming frame 765/1841
  ████████████░░░░░░░░░░░░░  48%  Streaming frame 766/1841
  ████████████░░░░░░░░░░░░░  48%  Streaming frame 767/1841
  ████████████░░░░░░░░░░░░░  48%  Streaming frame 768/1841
  ████████████░░░░░░░░░░░░░  48%  Streaming frame 769/1841
  ████████████░░░░░░░░░░░░░  48%  Streaming frame 770/1841
  ████████████░░░░░░░░░░░░░  48%  Streaming frame 771/1841
  ████████████░░░░░░░░░░░░░  48%  Streaming frame 772/1841
  ████████████░░░░░░░░░░░░░  48%  Streaming frame 773/1841
  ████████████░░░░░░░░░░░░░  48%  Streaming frame 774/1841
  ████████████░░░░░░░░░░░░░  48%  Streaming frame 775/1841
  ████████████░░░░░░░░░░░░░  48%  Streaming frame 776/1841
  ████████████░░░░░░░░░░░░░  48%  Streaming frame 777/1841
  ████████████░░░░░░░░░░░░░  48%  Streaming frame 778/1841
  ████████████░░░░░░░░░░░░░  48%  Streaming frame 779/1841
  ████████████░░░░░░░░░░░░░  48%  Streaming frame 780/1841
  ████████████░░░░░░░░░░░░░  48%  Streaming frame 781/1841
  ████████████░░░░░░░░░░░░░  48%  Streaming frame 782/1841
  ████████████░░░░░░░░░░░░░  48%  Streaming frame 783/1841
  ████████████░░░░░░░░░░░░░  48%  Streaming frame 784/1841
  ████████████░░░░░░░░░░░░░  48%  Streaming frame 785/1841
  ████████████░░░░░░░░░░░░░  48%  Streaming frame 786/1841
  ████████████░░░░░░░░░░░░░  49%  Streaming frame 787/1841
  ████████████░░░░░░░░░░░░░  49%  Streaming frame 788/1841
  ████████████░░░░░░░░░░░░░  49%  Streaming frame 789/1841
  ████████████░░░░░░░░░░░░░  49%  Streaming frame 790/1841
  ████████████░░░░░░░░░░░░░  49%  Streaming frame 791/1841
  ████████████░░░░░░░░░░░░░  49%  Streaming frame 792/1841
  ████████████░░░░░░░░░░░░░  49%  Streaming frame 793/1841
  ████████████░░░░░░░░░░░░░  49%  Streaming frame 794/1841
  ████████████░░░░░░░░░░░░░  49%  Streaming frame 795/1841
  ████████████░░░░░░░░░░░░░  49%  Streaming frame 796/1841
  ████████████░░░░░░░░░░░░░  49%  Streaming frame 797/1841
  ████████████░░░░░░░░░░░░░  49%  Streaming frame 798/1841
  ████████████░░░░░░░░░░░░░  49%  Streaming frame 799/1841
  ████████████░░░░░░░░░░░░░  49%  Streaming frame 800/1841
  ████████████░░░░░░░░░░░░░  49%  Streaming frame 801/1841
  ████████████░░░░░░░░░░░░░  49%  Streaming frame 802/1841
  ████████████░░░░░░░░░░░░░  49%  Streaming frame 803/1841
  ████████████░░░░░░░░░░░░░  49%  Streaming frame 804/1841
  ████████████░░░░░░░░░░░░░  49%  Streaming frame 805/1841
  ████████████░░░░░░░░░░░░░  49%  Streaming frame 806/1841
  ████████████░░░░░░░░░░░░░  49%  Streaming frame 807/1841
  ████████████░░░░░░░░░░░░░  49%  Streaming frame 808/1841
  ████████████░░░░░░░░░░░░░  49%  Streaming frame 809/1841
  ████████████░░░░░░░░░░░░░  49%  Streaming frame 810/1841
  ████████████░░░░░░░░░░░░░  49%  Streaming frame 811/1841
  ████████████░░░░░░░░░░░░░  49%  Streaming frame 812/1841
  ████████████░░░░░░░░░░░░░  49%  Streaming frame 813/1841
  ████████████░░░░░░░░░░░░░  49%  Streaming frame 814/1841
  ████████████░░░░░░░░░░░░░  49%  Streaming frame 815/1841
  ████████████░░░░░░░░░░░░░  49%  Streaming frame 816/1841
  ████████████░░░░░░░░░░░░░  49%  Streaming frame 817/1841
  ████████████░░░░░░░░░░░░░  49%  Streaming frame 818/1841
  ████████████░░░░░░░░░░░░░  49%  Streaming frame 819/1841
  ████████████░░░░░░░░░░░░░  49%  Streaming frame 820/1841
  ████████████░░░░░░░░░░░░░  50%  Streaming frame 821/1841
  ████████████░░░░░░░░░░░░░  50%  Streaming frame 822/1841
  ████████████░░░░░░░░░░░░░  50%  Streaming frame 823/1841
  ████████████░░░░░░░░░░░░░  50%  Streaming frame 824/1841
  ████████████░░░░░░░░░░░░░  50%  Streaming frame 825/1841
  ████████████░░░░░░░░░░░░░  50%  Streaming frame 826/1841
  ████████████░░░░░░░░░░░░░  50%  Streaming frame 827/1841
  ████████████░░░░░░░░░░░░░  50%  Streaming frame 828/1841
  ████████████░░░░░░░░░░░░░  50%  Streaming frame 829/1841
  ████████████░░░░░░░░░░░░░  50%  Streaming frame 830/1841
  ████████████░░░░░░░░░░░░░  50%  Streaming frame 831/1841
  ████████████░░░░░░░░░░░░░  50%  Streaming frame 832/1841
  ████████████░░░░░░░░░░░░░  50%  Streaming frame 833/1841
  ████████████░░░░░░░░░░░░░  50%  Streaming frame 834/1841
  ████████████░░░░░░░░░░░░░  50%  Streaming frame 835/1841
  ████████████░░░░░░░░░░░░░  50%  Streaming frame 836/1841
  ████████████░░░░░░░░░░░░░  50%  Streaming frame 837/1841
  ████████████░░░░░░░░░░░░░  50%  Streaming frame 838/1841
  ████████████░░░░░░░░░░░░░  50%  Streaming frame 839/1841
  ████████████░░░░░░░░░░░░░  50%  Streaming frame 840/1841
  ████████████░░░░░░░░░░░░░  50%  Streaming frame 841/1841
  ████████████░░░░░░░░░░░░░  50%  Streaming frame 842/1841
  ████████████░░░░░░░░░░░░░  50%  Streaming frame 843/1841
  ████████████░░░░░░░░░░░░░  50%  Streaming frame 844/1841
  ████████████░░░░░░░░░░░░░  50%  Streaming frame 845/1841
  ████████████░░░░░░░░░░░░░  50%  Streaming frame 846/1841
  ████████████░░░░░░░░░░░░░  50%  Streaming frame 847/1841
  ████████████░░░░░░░░░░░░░  50%  Streaming frame 848/1841
  ████████████░░░░░░░░░░░░░  50%  Streaming frame 849/1841
  ████████████░░░░░░░░░░░░░  50%  Streaming frame 850/1841
  ████████████░░░░░░░░░░░░░  50%  Streaming frame 851/1841
  ████████████░░░░░░░░░░░░░  50%  Streaming frame 852/1841
  ████████████░░░░░░░░░░░░░  50%  Streaming frame 853/1841
  ████████████░░░░░░░░░░░░░  51%  Streaming frame 854/1841
  ████████████░░░░░░░░░░░░░  51%  Streaming frame 855/1841
  ████████████░░░░░░░░░░░░░  51%  Streaming frame 856/1841
  ████████████░░░░░░░░░░░░░  51%  Streaming frame 857/1841
  ████████████░░░░░░░░░░░░░  51%  Streaming frame 858/1841
  ████████████░░░░░░░░░░░░░  51%  Streaming frame 859/1841
  ████████████░░░░░░░░░░░░░  51%  Streaming frame 860/1841
  ████████████░░░░░░░░░░░░░  51%  Streaming frame 861/1841
  ████████████░░░░░░░░░░░░░  51%  Streaming frame 862/1841
  ████████████░░░░░░░░░░░░░  51%  Streaming frame 863/1841
  ████████████░░░░░░░░░░░░░  51%  Streaming frame 864/1841
  ████████████░░░░░░░░░░░░░  51%  Streaming frame 865/1841
  ████████████░░░░░░░░░░░░░  51%  Streaming frame 866/1841
  ████████████░░░░░░░░░░░░░  51%  Streaming frame 867/1841
  ████████████░░░░░░░░░░░░░  51%  Streaming frame 868/1841
  ████████████░░░░░░░░░░░░░  51%  Streaming frame 869/1841
  ████████████░░░░░░░░░░░░░  51%  Streaming frame 870/1841
  ████████████░░░░░░░░░░░░░  51%  Streaming frame 871/1841
  ████████████░░░░░░░░░░░░░  51%  Streaming frame 872/1841
  ████████████░░░░░░░░░░░░░  51%  Streaming frame 873/1841
  ████████████░░░░░░░░░░░░░  51%  Streaming frame 874/1841
  ████████████░░░░░░░░░░░░░  51%  Streaming frame 875/1841
  ████████████░░░░░░░░░░░░░  51%  Streaming frame 876/1841
  ████████████░░░░░░░░░░░░░  51%  Streaming frame 877/1841
  ████████████░░░░░░░░░░░░░  51%  Streaming frame 878/1841
  ████████████░░░░░░░░░░░░░  51%  Streaming frame 879/1841
  ████████████░░░░░░░░░░░░░  51%  Streaming frame 880/1841
  ████████████░░░░░░░░░░░░░  51%  Streaming frame 881/1841
  ████████████░░░░░░░░░░░░░  51%  Streaming frame 882/1841
  ████████████░░░░░░░░░░░░░  51%  Streaming frame 883/1841
  ████████████░░░░░░░░░░░░░  51%  Streaming frame 884/1841
  ████████████░░░░░░░░░░░░░  51%  Streaming frame 885/1841
  ████████████░░░░░░░░░░░░░  51%  Streaming frame 886/1841
  ████████████░░░░░░░░░░░░░  51%  Streaming frame 887/1841
  █████████████░░░░░░░░░░░░  52%  Streaming frame 888/1841
  █████████████░░░░░░░░░░░░  52%  Streaming frame 889/1841
  █████████████░░░░░░░░░░░░  52%  Streaming frame 890/1841
  █████████████░░░░░░░░░░░░  52%  Streaming frame 891/1841
  █████████████░░░░░░░░░░░░  52%  Streaming frame 892/1841
  █████████████░░░░░░░░░░░░  52%  Streaming frame 893/1841
  █████████████░░░░░░░░░░░░  52%  Streaming frame 894/1841
  █████████████░░░░░░░░░░░░  52%  Streaming frame 895/1841
  █████████████░░░░░░░░░░░░  52%  Streaming frame 896/1841
  █████████████░░░░░░░░░░░░  52%  Streaming frame 897/1841
  █████████████░░░░░░░░░░░░  52%  Streaming frame 898/1841
  █████████████░░░░░░░░░░░░  52%  Streaming frame 899/1841
  █████████████░░░░░░░░░░░░  52%  Streaming frame 900/1841
  █████████████░░░░░░░░░░░░  52%  Streaming frame 901/1841
  █████████████░░░░░░░░░░░░  52%  Streaming frame 902/1841
  █████████████░░░░░░░░░░░░  52%  Streaming frame 903/1841
  █████████████░░░░░░░░░░░░  52%  Streaming frame 904/1841
  █████████████░░░░░░░░░░░░  52%  Streaming frame 905/1841
  █████████████░░░░░░░░░░░░  52%  Streaming frame 906/1841
  █████████████░░░░░░░░░░░░  52%  Streaming frame 907/1841
  █████████████░░░░░░░░░░░░  52%  Streaming frame 908/1841
  █████████████░░░░░░░░░░░░  52%  Streaming frame 909/1841
  █████████████░░░░░░░░░░░░  52%  Streaming frame 910/1841
  █████████████░░░░░░░░░░░░  52%  Streaming frame 911/1841
  █████████████░░░░░░░░░░░░  52%  Streaming frame 912/1841
  █████████████░░░░░░░░░░░░  52%  Streaming frame 913/1841
  █████████████░░░░░░░░░░░░  52%  Streaming frame 914/1841
  █████████████░░░░░░░░░░░░  52%  Streaming frame 915/1841
  █████████████░░░░░░░░░░░░  52%  Streaming frame 916/1841
  █████████████░░░░░░░░░░░░  52%  Streaming frame 917/1841
  █████████████░░░░░░░░░░░░  52%  Streaming frame 918/1841
  █████████████░░░░░░░░░░░░  52%  Streaming frame 919/1841
  █████████████░░░░░░░░░░░░  52%  Streaming frame 920/1841
[INFO] [Render] drawElement self-verify passed {"renderJobId":"feb88cd7-8151-4cc4-a9cd-fad17f687b74","frame":920,"psnrDb":74.9}
  █████████████░░░░░░░░░░░░  53%  Streaming frame 921/1841
  █████████████░░░░░░░░░░░░  53%  Streaming frame 922/1841
  █████████████░░░░░░░░░░░░  53%  Streaming frame 923/1841
  █████████████░░░░░░░░░░░░  53%  Streaming frame 924/1841
  █████████████░░░░░░░░░░░░  53%  Streaming frame 925/1841
  █████████████░░░░░░░░░░░░  53%  Streaming frame 926/1841
  █████████████░░░░░░░░░░░░  53%  Streaming frame 927/1841
  █████████████░░░░░░░░░░░░  53%  Streaming frame 928/1841
  █████████████░░░░░░░░░░░░  53%  Streaming frame 929/1841
  █████████████░░░░░░░░░░░░  53%  Streaming frame 930/1841
  █████████████░░░░░░░░░░░░  53%  Streaming frame 931/1841
  █████████████░░░░░░░░░░░░  53%  Streaming frame 932/1841
  █████████████░░░░░░░░░░░░  53%  Streaming frame 933/1841
  █████████████░░░░░░░░░░░░  53%  Streaming frame 934/1841
  █████████████░░░░░░░░░░░░  53%  Streaming frame 935/1841
  █████████████░░░░░░░░░░░░  53%  Streaming frame 936/1841
  █████████████░░░░░░░░░░░░  53%  Streaming frame 937/1841
  █████████████░░░░░░░░░░░░  53%  Streaming frame 938/1841
  █████████████░░░░░░░░░░░░  53%  Streaming frame 939/1841
  █████████████░░░░░░░░░░░░  53%  Streaming frame 940/1841
  █████████████░░░░░░░░░░░░  53%  Streaming frame 941/1841
  █████████████░░░░░░░░░░░░  53%  Streaming frame 942/1841
  █████████████░░░░░░░░░░░░  53%  Streaming frame 943/1841
  █████████████░░░░░░░░░░░░  53%  Streaming frame 944/1841
  █████████████░░░░░░░░░░░░  53%  Streaming frame 945/1841
  █████████████░░░░░░░░░░░░  53%  Streaming frame 946/1841
  █████████████░░░░░░░░░░░░  53%  Streaming frame 947/1841
  █████████████░░░░░░░░░░░░  53%  Streaming frame 948/1841
  █████████████░░░░░░░░░░░░  53%  Streaming frame 949/1841
  █████████████░░░░░░░░░░░░  53%  Streaming frame 950/1841
  █████████████░░░░░░░░░░░░  53%  Streaming frame 951/1841
  █████████████░░░░░░░░░░░░  53%  Streaming frame 952/1841
  █████████████░░░░░░░░░░░░  53%  Streaming frame 953/1841
  █████████████░░░░░░░░░░░░  54%  Streaming frame 954/1841
  █████████████░░░░░░░░░░░░  54%  Streaming frame 955/1841
  █████████████░░░░░░░░░░░░  54%  Streaming frame 956/1841
  █████████████░░░░░░░░░░░░  54%  Streaming frame 957/1841
  █████████████░░░░░░░░░░░░  54%  Streaming frame 958/1841
  █████████████░░░░░░░░░░░░  54%  Streaming frame 959/1841
  █████████████░░░░░░░░░░░░  54%  Streaming frame 960/1841
  █████████████░░░░░░░░░░░░  54%  Streaming frame 961/1841
  █████████████░░░░░░░░░░░░  54%  Streaming frame 962/1841
  █████████████░░░░░░░░░░░░  54%  Streaming frame 963/1841
  █████████████░░░░░░░░░░░░  54%  Streaming frame 964/1841
  █████████████░░░░░░░░░░░░  54%  Streaming frame 965/1841
  █████████████░░░░░░░░░░░░  54%  Streaming frame 966/1841
  █████████████░░░░░░░░░░░░  54%  Streaming frame 967/1841
  █████████████░░░░░░░░░░░░  54%  Streaming frame 968/1841
  █████████████░░░░░░░░░░░░  54%  Streaming frame 969/1841
  █████████████░░░░░░░░░░░░  54%  Streaming frame 970/1841
  █████████████░░░░░░░░░░░░  54%  Streaming frame 971/1841
  █████████████░░░░░░░░░░░░  54%  Streaming frame 972/1841
  █████████████░░░░░░░░░░░░  54%  Streaming frame 973/1841
  █████████████░░░░░░░░░░░░  54%  Streaming frame 974/1841
  █████████████░░░░░░░░░░░░  54%  Streaming frame 975/1841
  █████████████░░░░░░░░░░░░  54%  Streaming frame 976/1841
  █████████████░░░░░░░░░░░░  54%  Streaming frame 977/1841
  █████████████░░░░░░░░░░░░  54%  Streaming frame 978/1841
  █████████████░░░░░░░░░░░░  54%  Streaming frame 979/1841
  █████████████░░░░░░░░░░░░  54%  Streaming frame 980/1841
  █████████████░░░░░░░░░░░░  54%  Streaming frame 981/1841
  █████████████░░░░░░░░░░░░  54%  Streaming frame 982/1841
  █████████████░░░░░░░░░░░░  54%  Streaming frame 983/1841
  █████████████░░░░░░░░░░░░  54%  Streaming frame 984/1841
  █████████████░░░░░░░░░░░░  54%  Streaming frame 985/1841
  █████████████░░░░░░░░░░░░  54%  Streaming frame 986/1841
  █████████████░░░░░░░░░░░░  54%  Streaming frame 987/1841
  █████████████░░░░░░░░░░░░  55%  Streaming frame 988/1841
  █████████████░░░░░░░░░░░░  55%  Streaming frame 989/1841
  █████████████░░░░░░░░░░░░  55%  Streaming frame 990/1841
  █████████████░░░░░░░░░░░░  55%  Streaming frame 991/1841
  █████████████░░░░░░░░░░░░  55%  Streaming frame 992/1841
  █████████████░░░░░░░░░░░░  55%  Streaming frame 993/1841
  █████████████░░░░░░░░░░░░  55%  Streaming frame 994/1841
  █████████████░░░░░░░░░░░░  55%  Streaming frame 995/1841
  █████████████░░░░░░░░░░░░  55%  Streaming frame 996/1841
  █████████████░░░░░░░░░░░░  55%  Streaming frame 997/1841
  █████████████░░░░░░░░░░░░  55%  Streaming frame 998/1841
  █████████████░░░░░░░░░░░░  55%  Streaming frame 999/1841
  █████████████░░░░░░░░░░░░  55%  Streaming frame 1000/1841
  █████████████░░░░░░░░░░░░  55%  Streaming frame 1001/1841
  █████████████░░░░░░░░░░░░  55%  Streaming frame 1002/1841
  █████████████░░░░░░░░░░░░  55%  Streaming frame 1003/1841
  █████████████░░░░░░░░░░░░  55%  Streaming frame 1004/1841
  █████████████░░░░░░░░░░░░  55%  Streaming frame 1005/1841
  █████████████░░░░░░░░░░░░  55%  Streaming frame 1006/1841
  █████████████░░░░░░░░░░░░  55%  Streaming frame 1007/1841
  █████████████░░░░░░░░░░░░  55%  Streaming frame 1008/1841
  █████████████░░░░░░░░░░░░  55%  Streaming frame 1009/1841
  █████████████░░░░░░░░░░░░  55%  Streaming frame 1010/1841
  █████████████░░░░░░░░░░░░  55%  Streaming frame 1011/1841
  █████████████░░░░░░░░░░░░  55%  Streaming frame 1012/1841
  █████████████░░░░░░░░░░░░  55%  Streaming frame 1013/1841
  █████████████░░░░░░░░░░░░  55%  Streaming frame 1014/1841
  █████████████░░░░░░░░░░░░  55%  Streaming frame 1015/1841
  █████████████░░░░░░░░░░░░  55%  Streaming frame 1016/1841
  █████████████░░░░░░░░░░░░  55%  Streaming frame 1017/1841
  █████████████░░░░░░░░░░░░  55%  Streaming frame 1018/1841
  █████████████░░░░░░░░░░░░  55%  Streaming frame 1019/1841
  █████████████░░░░░░░░░░░░  55%  Streaming frame 1020/1841
  ██████████████░░░░░░░░░░░  56%  Streaming frame 1021/1841
  ██████████████░░░░░░░░░░░  56%  Streaming frame 1022/1841
  ██████████████░░░░░░░░░░░  56%  Streaming frame 1023/1841
  ██████████████░░░░░░░░░░░  56%  Streaming frame 1024/1841
  ██████████████░░░░░░░░░░░  56%  Streaming frame 1025/1841
  ██████████████░░░░░░░░░░░  56%  Streaming frame 1026/1841
  ██████████████░░░░░░░░░░░  56%  Streaming frame 1027/1841
  ██████████████░░░░░░░░░░░  56%  Streaming frame 1028/1841
  ██████████████░░░░░░░░░░░  56%  Streaming frame 1029/1841
  ██████████████░░░░░░░░░░░  56%  Streaming frame 1030/1841
  ██████████████░░░░░░░░░░░  56%  Streaming frame 1031/1841
  ██████████████░░░░░░░░░░░  56%  Streaming frame 1032/1841
  ██████████████░░░░░░░░░░░  56%  Streaming frame 1033/1841
  ██████████████░░░░░░░░░░░  56%  Streaming frame 1034/1841
  ██████████████░░░░░░░░░░░  56%  Streaming frame 1035/1841
  ██████████████░░░░░░░░░░░  56%  Streaming frame 1036/1841
  ██████████████░░░░░░░░░░░  56%  Streaming frame 1037/1841
  ██████████████░░░░░░░░░░░  56%  Streaming frame 1038/1841
  ██████████████░░░░░░░░░░░  56%  Streaming frame 1039/1841
  ██████████████░░░░░░░░░░░  56%  Streaming frame 1040/1841
  ██████████████░░░░░░░░░░░  56%  Streaming frame 1041/1841
  ██████████████░░░░░░░░░░░  56%  Streaming frame 1042/1841
  ██████████████░░░░░░░░░░░  56%  Streaming frame 1043/1841
  ██████████████░░░░░░░░░░░  56%  Streaming frame 1044/1841
  ██████████████░░░░░░░░░░░  56%  Streaming frame 1045/1841
  ██████████████░░░░░░░░░░░  56%  Streaming frame 1046/1841
  ██████████████░░░░░░░░░░░  56%  Streaming frame 1047/1841
  ██████████████░░░░░░░░░░░  56%  Streaming frame 1048/1841
  ██████████████░░░░░░░░░░░  56%  Streaming frame 1049/1841
  ██████████████░░░░░░░░░░░  56%  Streaming frame 1050/1841
  ██████████████░░░░░░░░░░░  56%  Streaming frame 1051/1841
  ██████████████░░░░░░░░░░░  56%  Streaming frame 1052/1841
  ██████████████░░░░░░░░░░░  56%  Streaming frame 1053/1841
  ██████████████░░░░░░░░░░░  56%  Streaming frame 1054/1841
  ██████████████░░░░░░░░░░░  57%  Streaming frame 1055/1841
  ██████████████░░░░░░░░░░░  57%  Streaming frame 1056/1841
  ██████████████░░░░░░░░░░░  57%  Streaming frame 1057/1841
  ██████████████░░░░░░░░░░░  57%  Streaming frame 1058/1841
  ██████████████░░░░░░░░░░░  57%  Streaming frame 1059/1841
  ██████████████░░░░░░░░░░░  57%  Streaming frame 1060/1841
  ██████████████░░░░░░░░░░░  57%  Streaming frame 1061/1841
  ██████████████░░░░░░░░░░░  57%  Streaming frame 1062/1841
  ██████████████░░░░░░░░░░░  57%  Streaming frame 1063/1841
  ██████████████░░░░░░░░░░░  57%  Streaming frame 1064/1841
  ██████████████░░░░░░░░░░░  57%  Streaming frame 1065/1841
  ██████████████░░░░░░░░░░░  57%  Streaming frame 1066/1841
  ██████████████░░░░░░░░░░░  57%  Streaming frame 1067/1841
  ██████████████░░░░░░░░░░░  57%  Streaming frame 1068/1841
  ██████████████░░░░░░░░░░░  57%  Streaming frame 1069/1841
  ██████████████░░░░░░░░░░░  57%  Streaming frame 1070/1841
  ██████████████░░░░░░░░░░░  57%  Streaming frame 1071/1841
  ██████████████░░░░░░░░░░░  57%  Streaming frame 1072/1841
  ██████████████░░░░░░░░░░░  57%  Streaming frame 1073/1841
  ██████████████░░░░░░░░░░░  57%  Streaming frame 1074/1841
  ██████████████░░░░░░░░░░░  57%  Streaming frame 1075/1841
  ██████████████░░░░░░░░░░░  57%  Streaming frame 1076/1841
  ██████████████░░░░░░░░░░░  57%  Streaming frame 1077/1841
  ██████████████░░░░░░░░░░░  57%  Streaming frame 1078/1841
  ██████████████░░░░░░░░░░░  57%  Streaming frame 1079/1841
  ██████████████░░░░░░░░░░░  57%  Streaming frame 1080/1841
  ██████████████░░░░░░░░░░░  57%  Streaming frame 1081/1841
  ██████████████░░░░░░░░░░░  57%  Streaming frame 1082/1841
  ██████████████░░░░░░░░░░░  57%  Streaming frame 1083/1841
  ██████████████░░░░░░░░░░░  57%  Streaming frame 1084/1841
  ██████████████░░░░░░░░░░░  57%  Streaming frame 1085/1841
  ██████████████░░░░░░░░░░░  57%  Streaming frame 1086/1841
  ██████████████░░░░░░░░░░░  57%  Streaming frame 1087/1841
  ██████████████░░░░░░░░░░░  58%  Streaming frame 1088/1841
  ██████████████░░░░░░░░░░░  58%  Streaming frame 1089/1841
  ██████████████░░░░░░░░░░░  58%  Streaming frame 1090/1841
  ██████████████░░░░░░░░░░░  58%  Streaming frame 1091/1841
  ██████████████░░░░░░░░░░░  58%  Streaming frame 1092/1841
  ██████████████░░░░░░░░░░░  58%  Streaming frame 1093/1841
  ██████████████░░░░░░░░░░░  58%  Streaming frame 1094/1841
  ██████████████░░░░░░░░░░░  58%  Streaming frame 1095/1841
  ██████████████░░░░░░░░░░░  58%  Streaming frame 1096/1841
  ██████████████░░░░░░░░░░░  58%  Streaming frame 1097/1841
  ██████████████░░░░░░░░░░░  58%  Streaming frame 1098/1841
  ██████████████░░░░░░░░░░░  58%  Streaming frame 1099/1841
  ██████████████░░░░░░░░░░░  58%  Streaming frame 1100/1841
  ██████████████░░░░░░░░░░░  58%  Streaming frame 1101/1841
  ██████████████░░░░░░░░░░░  58%  Streaming frame 1102/1841
  ██████████████░░░░░░░░░░░  58%  Streaming frame 1103/1841
  ██████████████░░░░░░░░░░░  58%  Streaming frame 1104/1841
  ██████████████░░░░░░░░░░░  58%  Streaming frame 1105/1841
  ██████████████░░░░░░░░░░░  58%  Streaming frame 1106/1841
  ██████████████░░░░░░░░░░░  58%  Streaming frame 1107/1841
  ██████████████░░░░░░░░░░░  58%  Streaming frame 1108/1841
  ██████████████░░░░░░░░░░░  58%  Streaming frame 1109/1841
  ██████████████░░░░░░░░░░░  58%  Streaming frame 1110/1841
  ██████████████░░░░░░░░░░░  58%  Streaming frame 1111/1841
  ██████████████░░░░░░░░░░░  58%  Streaming frame 1112/1841
  ██████████████░░░░░░░░░░░  58%  Streaming frame 1113/1841
  ██████████████░░░░░░░░░░░  58%  Streaming frame 1114/1841
  ██████████████░░░░░░░░░░░  58%  Streaming frame 1115/1841
  ██████████████░░░░░░░░░░░  58%  Streaming frame 1116/1841
  ██████████████░░░░░░░░░░░  58%  Streaming frame 1117/1841
  ██████████████░░░░░░░░░░░  58%  Streaming frame 1118/1841
  ██████████████░░░░░░░░░░░  58%  Streaming frame 1119/1841
  ██████████████░░░░░░░░░░░  58%  Streaming frame 1120/1841
  ██████████████░░░░░░░░░░░  58%  Streaming frame 1121/1841
  ██████████████░░░░░░░░░░░  59%  Streaming frame 1122/1841
  ██████████████░░░░░░░░░░░  59%  Streaming frame 1123/1841
  ██████████████░░░░░░░░░░░  59%  Streaming frame 1124/1841
  ██████████████░░░░░░░░░░░  59%  Streaming frame 1125/1841
  ██████████████░░░░░░░░░░░  59%  Streaming frame 1126/1841
  ██████████████░░░░░░░░░░░  59%  Streaming frame 1127/1841
  ██████████████░░░░░░░░░░░  59%  Streaming frame 1128/1841
  ██████████████░░░░░░░░░░░  59%  Streaming frame 1129/1841
  ██████████████░░░░░░░░░░░  59%  Streaming frame 1130/1841
  ██████████████░░░░░░░░░░░  59%  Streaming frame 1131/1841
  ██████████████░░░░░░░░░░░  59%  Streaming frame 1132/1841
  ██████████████░░░░░░░░░░░  59%  Streaming frame 1133/1841
  ██████████████░░░░░░░░░░░  59%  Streaming frame 1134/1841
  ██████████████░░░░░░░░░░░  59%  Streaming frame 1135/1841
  ██████████████░░░░░░░░░░░  59%  Streaming frame 1136/1841
  ██████████████░░░░░░░░░░░  59%  Streaming frame 1137/1841
  ██████████████░░░░░░░░░░░  59%  Streaming frame 1138/1841
  ██████████████░░░░░░░░░░░  59%  Streaming frame 1139/1841
  ██████████████░░░░░░░░░░░  59%  Streaming frame 1140/1841
  ██████████████░░░░░░░░░░░  59%  Streaming frame 1141/1841
  ██████████████░░░░░░░░░░░  59%  Streaming frame 1142/1841
  ██████████████░░░░░░░░░░░  59%  Streaming frame 1143/1841
  ██████████████░░░░░░░░░░░  59%  Streaming frame 1144/1841
  ██████████████░░░░░░░░░░░  59%  Streaming frame 1145/1841
  ██████████████░░░░░░░░░░░  59%  Streaming frame 1146/1841
  ██████████████░░░░░░░░░░░  59%  Streaming frame 1147/1841
  ██████████████░░░░░░░░░░░  59%  Streaming frame 1148/1841
  ██████████████░░░░░░░░░░░  59%  Streaming frame 1149/1841
  ██████████████░░░░░░░░░░░  59%  Streaming frame 1150/1841
  ██████████████░░░░░░░░░░░  59%  Streaming frame 1151/1841
  ██████████████░░░░░░░░░░░  59%  Streaming frame 1152/1841
  ██████████████░░░░░░░░░░░  59%  Streaming frame 1153/1841
  ██████████████░░░░░░░░░░░  59%  Streaming frame 1154/1841
  ███████████████░░░░░░░░░░  60%  Streaming frame 1155/1841
  ███████████████░░░░░░░░░░  60%  Streaming frame 1156/1841
  ███████████████░░░░░░░░░░  60%  Streaming frame 1157/1841
  ███████████████░░░░░░░░░░  60%  Streaming frame 1158/1841
  ███████████████░░░░░░░░░░  60%  Streaming frame 1159/1841
  ███████████████░░░░░░░░░░  60%  Streaming frame 1160/1841
  ███████████████░░░░░░░░░░  60%  Streaming frame 1161/1841
  ███████████████░░░░░░░░░░  60%  Streaming frame 1162/1841
  ███████████████░░░░░░░░░░  60%  Streaming frame 1163/1841
  ███████████████░░░░░░░░░░  60%  Streaming frame 1164/1841
  ███████████████░░░░░░░░░░  60%  Streaming frame 1165/1841
  ███████████████░░░░░░░░░░  60%  Streaming frame 1166/1841
  ███████████████░░░░░░░░░░  60%  Streaming frame 1167/1841
  ███████████████░░░░░░░░░░  60%  Streaming frame 1168/1841
  ███████████████░░░░░░░░░░  60%  Streaming frame 1169/1841
  ███████████████░░░░░░░░░░  60%  Streaming frame 1170/1841
  ███████████████░░░░░░░░░░  60%  Streaming frame 1171/1841
  ███████████████░░░░░░░░░░  60%  Streaming frame 1172/1841
  ███████████████░░░░░░░░░░  60%  Streaming frame 1173/1841
  ███████████████░░░░░░░░░░  60%  Streaming frame 1174/1841
  ███████████████░░░░░░░░░░  60%  Streaming frame 1175/1841
  ███████████████░░░░░░░░░░  60%  Streaming frame 1176/1841
  ███████████████░░░░░░░░░░  60%  Streaming frame 1177/1841
  ███████████████░░░░░░░░░░  60%  Streaming frame 1178/1841
  ███████████████░░░░░░░░░░  60%  Streaming frame 1179/1841
  ███████████████░░░░░░░░░░  60%  Streaming frame 1180/1841
  ███████████████░░░░░░░░░░  60%  Streaming frame 1181/1841
  ███████████████░░░░░░░░░░  60%  Streaming frame 1182/1841
  ███████████████░░░░░░░░░░  60%  Streaming frame 1183/1841
  ███████████████░░░░░░░░░░  60%  Streaming frame 1184/1841
  ███████████████░░░░░░░░░░  60%  Streaming frame 1185/1841
  ███████████████░░░░░░░░░░  60%  Streaming frame 1186/1841
  ███████████████░░░░░░░░░░  60%  Streaming frame 1187/1841
  ███████████████░░░░░░░░░░  60%  Streaming frame 1188/1841
  ███████████████░░░░░░░░░░  61%  Streaming frame 1189/1841
  ███████████████░░░░░░░░░░  61%  Streaming frame 1190/1841
  ███████████████░░░░░░░░░░  61%  Streaming frame 1191/1841
  ███████████████░░░░░░░░░░  61%  Streaming frame 1192/1841
  ███████████████░░░░░░░░░░  61%  Streaming frame 1193/1841
  ███████████████░░░░░░░░░░  61%  Streaming frame 1194/1841
  ███████████████░░░░░░░░░░  61%  Streaming frame 1195/1841
  ███████████████░░░░░░░░░░  61%  Streaming frame 1196/1841
  ███████████████░░░░░░░░░░  61%  Streaming frame 1197/1841
  ███████████████░░░░░░░░░░  61%  Streaming frame 1198/1841
  ███████████████░░░░░░░░░░  61%  Streaming frame 1199/1841
  ███████████████░░░░░░░░░░  61%  Streaming frame 1200/1841
  ███████████████░░░░░░░░░░  61%  Streaming frame 1201/1841
  ███████████████░░░░░░░░░░  61%  Streaming frame 1202/1841
  ███████████████░░░░░░░░░░  61%  Streaming frame 1203/1841
  ███████████████░░░░░░░░░░  61%  Streaming frame 1204/1841
  ███████████████░░░░░░░░░░  61%  Streaming frame 1205/1841
  ███████████████░░░░░░░░░░  61%  Streaming frame 1206/1841
  ███████████████░░░░░░░░░░  61%  Streaming frame 1207/1841
  ███████████████░░░░░░░░░░  61%  Streaming frame 1208/1841
  ███████████████░░░░░░░░░░  61%  Streaming frame 1209/1841
  ███████████████░░░░░░░░░░  61%  Streaming frame 1210/1841
  ███████████████░░░░░░░░░░  61%  Streaming frame 1211/1841
  ███████████████░░░░░░░░░░  61%  Streaming frame 1212/1841
  ███████████████░░░░░░░░░░  61%  Streaming frame 1213/1841
  ███████████████░░░░░░░░░░  61%  Streaming frame 1214/1841
  ███████████████░░░░░░░░░░  61%  Streaming frame 1215/1841
  ███████████████░░░░░░░░░░  61%  Streaming frame 1216/1841
  ███████████████░░░░░░░░░░  61%  Streaming frame 1217/1841
  ███████████████░░░░░░░░░░  61%  Streaming frame 1218/1841
  ███████████████░░░░░░░░░░  61%  Streaming frame 1219/1841
  ███████████████░░░░░░░░░░  61%  Streaming frame 1220/1841
  ███████████████░░░░░░░░░░  61%  Streaming frame 1221/1841
  ███████████████░░░░░░░░░░  62%  Streaming frame 1222/1841
  ███████████████░░░░░░░░░░  62%  Streaming frame 1223/1841
  ███████████████░░░░░░░░░░  62%  Streaming frame 1224/1841
  ███████████████░░░░░░░░░░  62%  Streaming frame 1225/1841
  ███████████████░░░░░░░░░░  62%  Streaming frame 1226/1841
  ███████████████░░░░░░░░░░  62%  Streaming frame 1227/1841
  ███████████████░░░░░░░░░░  62%  Streaming frame 1228/1841
  ███████████████░░░░░░░░░░  62%  Streaming frame 1229/1841
  ███████████████░░░░░░░░░░  62%  Streaming frame 1230/1841
  ███████████████░░░░░░░░░░  62%  Streaming frame 1231/1841
  ███████████████░░░░░░░░░░  62%  Streaming frame 1232/1841
  ███████████████░░░░░░░░░░  62%  Streaming frame 1233/1841
  ███████████████░░░░░░░░░░  62%  Streaming frame 1234/1841
  ███████████████░░░░░░░░░░  62%  Streaming frame 1235/1841
  ███████████████░░░░░░░░░░  62%  Streaming frame 1236/1841
  ███████████████░░░░░░░░░░  62%  Streaming frame 1237/1841
  ███████████████░░░░░░░░░░  62%  Streaming frame 1238/1841
  ███████████████░░░░░░░░░░  62%  Streaming frame 1239/1841
  ███████████████░░░░░░░░░░  62%  Streaming frame 1240/1841
  ███████████████░░░░░░░░░░  62%  Streaming frame 1241/1841
  ███████████████░░░░░░░░░░  62%  Streaming frame 1242/1841
  ███████████████░░░░░░░░░░  62%  Streaming frame 1243/1841
  ███████████████░░░░░░░░░░  62%  Streaming frame 1244/1841
  ███████████████░░░░░░░░░░  62%  Streaming frame 1245/1841
  ███████████████░░░░░░░░░░  62%  Streaming frame 1246/1841
  ███████████████░░░░░░░░░░  62%  Streaming frame 1247/1841
  ███████████████░░░░░░░░░░  62%  Streaming frame 1248/1841
  ███████████████░░░░░░░░░░  62%  Streaming frame 1249/1841
  ███████████████░░░░░░░░░░  62%  Streaming frame 1250/1841
  ███████████████░░░░░░░░░░  62%  Streaming frame 1251/1841
  ███████████████░░░░░░░░░░  62%  Streaming frame 1252/1841
  ███████████████░░░░░░░░░░  62%  Streaming frame 1253/1841
  ███████████████░░░░░░░░░░  62%  Streaming frame 1254/1841
  ███████████████░░░░░░░░░░  62%  Streaming frame 1255/1841
  ███████████████░░░░░░░░░░  63%  Streaming frame 1256/1841
  ███████████████░░░░░░░░░░  63%  Streaming frame 1257/1841
  ███████████████░░░░░░░░░░  63%  Streaming frame 1258/1841
  ███████████████░░░░░░░░░░  63%  Streaming frame 1259/1841
  ███████████████░░░░░░░░░░  63%  Streaming frame 1260/1841
  ███████████████░░░░░░░░░░  63%  Streaming frame 1261/1841
  ███████████████░░░░░░░░░░  63%  Streaming frame 1262/1841
  ███████████████░░░░░░░░░░  63%  Streaming frame 1263/1841
  ███████████████░░░░░░░░░░  63%  Streaming frame 1264/1841
  ███████████████░░░░░░░░░░  63%  Streaming frame 1265/1841
  ███████████████░░░░░░░░░░  63%  Streaming frame 1266/1841
  ███████████████░░░░░░░░░░  63%  Streaming frame 1267/1841
  ███████████████░░░░░░░░░░  63%  Streaming frame 1268/1841
  ███████████████░░░░░░░░░░  63%  Streaming frame 1269/1841
  ███████████████░░░░░░░░░░  63%  Streaming frame 1270/1841
  ███████████████░░░░░░░░░░  63%  Streaming frame 1271/1841
  ███████████████░░░░░░░░░░  63%  Streaming frame 1272/1841
  ███████████████░░░░░░░░░░  63%  Streaming frame 1273/1841
  ███████████████░░░░░░░░░░  63%  Streaming frame 1274/1841
  ███████████████░░░░░░░░░░  63%  Streaming frame 1275/1841
  ███████████████░░░░░░░░░░  63%  Streaming frame 1276/1841
  ███████████████░░░░░░░░░░  63%  Streaming frame 1277/1841
  ███████████████░░░░░░░░░░  63%  Streaming frame 1278/1841
  ███████████████░░░░░░░░░░  63%  Streaming frame 1279/1841
  ███████████████░░░░░░░░░░  63%  Streaming frame 1280/1841
  ███████████████░░░░░░░░░░  63%  Streaming frame 1281/1841
  ███████████████░░░░░░░░░░  63%  Streaming frame 1282/1841
  ███████████████░░░░░░░░░░  63%  Streaming frame 1283/1841
  ███████████████░░░░░░░░░░  63%  Streaming frame 1284/1841
  ███████████████░░░░░░░░░░  63%  Streaming frame 1285/1841
  ███████████████░░░░░░░░░░  63%  Streaming frame 1286/1841
  ███████████████░░░░░░░░░░  63%  Streaming frame 1287/1841
  ███████████████░░░░░░░░░░  63%  Streaming frame 1288/1841
  ████████████████░░░░░░░░░  64%  Streaming frame 1289/1841
  ████████████████░░░░░░░░░  64%  Streaming frame 1290/1841
  ████████████████░░░░░░░░░  64%  Streaming frame 1291/1841
  ████████████████░░░░░░░░░  64%  Streaming frame 1292/1841
  ████████████████░░░░░░░░░  64%  Streaming frame 1293/1841
  ████████████████░░░░░░░░░  64%  Streaming frame 1294/1841
  ████████████████░░░░░░░░░  64%  Streaming frame 1295/1841
  ████████████████░░░░░░░░░  64%  Streaming frame 1296/1841
  ████████████████░░░░░░░░░  64%  Streaming frame 1297/1841
  ████████████████░░░░░░░░░  64%  Streaming frame 1298/1841
  ████████████████░░░░░░░░░  64%  Streaming frame 1299/1841
  ████████████████░░░░░░░░░  64%  Streaming frame 1300/1841
  ████████████████░░░░░░░░░  64%  Streaming frame 1301/1841
  ████████████████░░░░░░░░░  64%  Streaming frame 1302/1841
  ████████████████░░░░░░░░░  64%  Streaming frame 1303/1841
  ████████████████░░░░░░░░░  64%  Streaming frame 1304/1841
  ████████████████░░░░░░░░░  64%  Streaming frame 1305/1841
  ████████████████░░░░░░░░░  64%  Streaming frame 1306/1841
  ████████████████░░░░░░░░░  64%  Streaming frame 1307/1841
  ████████████████░░░░░░░░░  64%  Streaming frame 1308/1841
  ████████████████░░░░░░░░░  64%  Streaming frame 1309/1841
  ████████████████░░░░░░░░░  64%  Streaming frame 1310/1841
  ████████████████░░░░░░░░░  64%  Streaming frame 1311/1841
  ████████████████░░░░░░░░░  64%  Streaming frame 1312/1841
  ████████████████░░░░░░░░░  64%  Streaming frame 1313/1841
  ████████████████░░░░░░░░░  64%  Streaming frame 1314/1841
  ████████████████░░░░░░░░░  64%  Streaming frame 1315/1841
  ████████████████░░░░░░░░░  64%  Streaming frame 1316/1841
  ████████████████░░░░░░░░░  64%  Streaming frame 1317/1841
  ████████████████░░░░░░░░░  64%  Streaming frame 1318/1841
  ████████████████░░░░░░░░░  64%  Streaming frame 1319/1841
  ████████████████░░░░░░░░░  64%  Streaming frame 1320/1841
  ████████████████░░░░░░░░░  64%  Streaming frame 1321/1841
  ████████████████░░░░░░░░░  64%  Streaming frame 1322/1841
  ████████████████░░░░░░░░░  65%  Streaming frame 1323/1841
  ████████████████░░░░░░░░░  65%  Streaming frame 1324/1841
  ████████████████░░░░░░░░░  65%  Streaming frame 1325/1841
  ████████████████░░░░░░░░░  65%  Streaming frame 1326/1841
  ████████████████░░░░░░░░░  65%  Streaming frame 1327/1841
  ████████████████░░░░░░░░░  65%  Streaming frame 1328/1841
  ████████████████░░░░░░░░░  65%  Streaming frame 1329/1841
  ████████████████░░░░░░░░░  65%  Streaming frame 1330/1841
  ████████████████░░░░░░░░░  65%  Streaming frame 1331/1841
  ████████████████░░░░░░░░░  65%  Streaming frame 1332/1841
  ████████████████░░░░░░░░░  65%  Streaming frame 1333/1841
  ████████████████░░░░░░░░░  65%  Streaming frame 1334/1841
  ████████████████░░░░░░░░░  65%  Streaming frame 1335/1841
  ████████████████░░░░░░░░░  65%  Streaming frame 1336/1841
  ████████████████░░░░░░░░░  65%  Streaming frame 1337/1841
  ████████████████░░░░░░░░░  65%  Streaming frame 1338/1841
  ████████████████░░░░░░░░░  65%  Streaming frame 1339/1841
  ████████████████░░░░░░░░░  65%  Streaming frame 1340/1841
  ████████████████░░░░░░░░░  65%  Streaming frame 1341/1841
  ████████████████░░░░░░░░░  65%  Streaming frame 1342/1841
  ████████████████░░░░░░░░░  65%  Streaming frame 1343/1841
  ████████████████░░░░░░░░░  65%  Streaming frame 1344/1841
  ████████████████░░░░░░░░░  65%  Streaming frame 1345/1841
  ████████████████░░░░░░░░░  65%  Streaming frame 1346/1841
  ████████████████░░░░░░░░░  65%  Streaming frame 1347/1841
  ████████████████░░░░░░░░░  65%  Streaming frame 1348/1841
  ████████████████░░░░░░░░░  65%  Streaming frame 1349/1841
  ████████████████░░░░░░░░░  65%  Streaming frame 1350/1841
  ████████████████░░░░░░░░░  65%  Streaming frame 1351/1841
  ████████████████░░░░░░░░░  65%  Streaming frame 1352/1841
  ████████████████░░░░░░░░░  65%  Streaming frame 1353/1841
  ████████████████░░░░░░░░░  65%  Streaming frame 1354/1841
  ████████████████░░░░░░░░░  65%  Streaming frame 1355/1841
  ████████████████░░░░░░░░░  66%  Streaming frame 1356/1841
  ████████████████░░░░░░░░░  66%  Streaming frame 1357/1841
  ████████████████░░░░░░░░░  66%  Streaming frame 1358/1841
  ████████████████░░░░░░░░░  66%  Streaming frame 1359/1841
  ████████████████░░░░░░░░░  66%  Streaming frame 1360/1841
  ████████████████░░░░░░░░░  66%  Streaming frame 1361/1841
  ████████████████░░░░░░░░░  66%  Streaming frame 1362/1841
  ████████████████░░░░░░░░░  66%  Streaming frame 1363/1841
  ████████████████░░░░░░░░░  66%  Streaming frame 1364/1841
  ████████████████░░░░░░░░░  66%  Streaming frame 1365/1841
  ████████████████░░░░░░░░░  66%  Streaming frame 1366/1841
  ████████████████░░░░░░░░░  66%  Streaming frame 1367/1841
  ████████████████░░░░░░░░░  66%  Streaming frame 1368/1841
  ████████████████░░░░░░░░░  66%  Streaming frame 1369/1841
  ████████████████░░░░░░░░░  66%  Streaming frame 1370/1841
  ████████████████░░░░░░░░░  66%  Streaming frame 1371/1841
  ████████████████░░░░░░░░░  66%  Streaming frame 1372/1841
  ████████████████░░░░░░░░░  66%  Streaming frame 1373/1841
  ████████████████░░░░░░░░░  66%  Streaming frame 1374/1841
  ████████████████░░░░░░░░░  66%  Streaming frame 1375/1841
  ████████████████░░░░░░░░░  66%  Streaming frame 1376/1841
  ████████████████░░░░░░░░░  66%  Streaming frame 1377/1841
  ████████████████░░░░░░░░░  66%  Streaming frame 1378/1841
  ████████████████░░░░░░░░░  66%  Streaming frame 1379/1841
  ████████████████░░░░░░░░░  66%  Streaming frame 1380/1841
[INFO] [Render] drawElement self-verify passed {"renderJobId":"feb88cd7-8151-4cc4-a9cd-fad17f687b74","frame":1380,"psnrDb":74}
  ████████████████░░░░░░░░░  66%  Streaming frame 1381/1841
  ████████████████░░░░░░░░░  66%  Streaming frame 1382/1841
  ████████████████░░░░░░░░░  66%  Streaming frame 1383/1841
  ████████████████░░░░░░░░░  66%  Streaming frame 1384/1841
  ████████████████░░░░░░░░░  66%  Streaming frame 1385/1841
  ████████████████░░░░░░░░░  66%  Streaming frame 1386/1841
  ████████████████░░░░░░░░░  66%  Streaming frame 1387/1841
  ████████████████░░░░░░░░░  66%  Streaming frame 1388/1841
  ████████████████░░░░░░░░░  66%  Streaming frame 1389/1841
  ████████████████░░░░░░░░░  67%  Streaming frame 1390/1841
  ████████████████░░░░░░░░░  67%  Streaming frame 1391/1841
  ████████████████░░░░░░░░░  67%  Streaming frame 1392/1841
  ████████████████░░░░░░░░░  67%  Streaming frame 1393/1841
  ████████████████░░░░░░░░░  67%  Streaming frame 1394/1841
  ████████████████░░░░░░░░░  67%  Streaming frame 1395/1841
  ████████████████░░░░░░░░░  67%  Streaming frame 1396/1841
  ████████████████░░░░░░░░░  67%  Streaming frame 1397/1841
  ████████████████░░░░░░░░░  67%  Streaming frame 1398/1841
  ████████████████░░░░░░░░░  67%  Streaming frame 1399/1841
  ████████████████░░░░░░░░░  67%  Streaming frame 1400/1841
  ████████████████░░░░░░░░░  67%  Streaming frame 1401/1841
  ████████████████░░░░░░░░░  67%  Streaming frame 1402/1841
  ████████████████░░░░░░░░░  67%  Streaming frame 1403/1841
  ████████████████░░░░░░░░░  67%  Streaming frame 1404/1841
  ████████████████░░░░░░░░░  67%  Streaming frame 1405/1841
  ████████████████░░░░░░░░░  67%  Streaming frame 1406/1841
  ████████████████░░░░░░░░░  67%  Streaming frame 1407/1841
  ████████████████░░░░░░░░░  67%  Streaming frame 1408/1841
  ████████████████░░░░░░░░░  67%  Streaming frame 1409/1841
  ████████████████░░░░░░░░░  67%  Streaming frame 1410/1841
  ████████████████░░░░░░░░░  67%  Streaming frame 1411/1841
  ████████████████░░░░░░░░░  67%  Streaming frame 1412/1841
  ████████████████░░░░░░░░░  67%  Streaming frame 1413/1841
  ████████████████░░░░░░░░░  67%  Streaming frame 1414/1841
  ████████████████░░░░░░░░░  67%  Streaming frame 1415/1841
  ████████████████░░░░░░░░░  67%  Streaming frame 1416/1841
  ████████████████░░░░░░░░░  67%  Streaming frame 1417/1841
  ████████████████░░░░░░░░░  67%  Streaming frame 1418/1841
  ████████████████░░░░░░░░░  67%  Streaming frame 1419/1841
  ████████████████░░░░░░░░░  67%  Streaming frame 1420/1841
  ████████████████░░░░░░░░░  67%  Streaming frame 1421/1841
  ████████████████░░░░░░░░░  67%  Streaming frame 1422/1841
  █████████████████░░░░░░░░  68%  Streaming frame 1423/1841
  █████████████████░░░░░░░░  68%  Streaming frame 1424/1841
  █████████████████░░░░░░░░  68%  Streaming frame 1425/1841
  █████████████████░░░░░░░░  68%  Streaming frame 1426/1841
  █████████████████░░░░░░░░  68%  Streaming frame 1427/1841
  █████████████████░░░░░░░░  68%  Streaming frame 1428/1841
  █████████████████░░░░░░░░  68%  Streaming frame 1429/1841
  █████████████████░░░░░░░░  68%  Streaming frame 1430/1841
  █████████████████░░░░░░░░  68%  Streaming frame 1431/1841
  █████████████████░░░░░░░░  68%  Streaming frame 1432/1841
  █████████████████░░░░░░░░  68%  Streaming frame 1433/1841
  █████████████████░░░░░░░░  68%  Streaming frame 1434/1841
  █████████████████░░░░░░░░  68%  Streaming frame 1435/1841
  █████████████████░░░░░░░░  68%  Streaming frame 1436/1841
  █████████████████░░░░░░░░  68%  Streaming frame 1437/1841
  █████████████████░░░░░░░░  68%  Streaming frame 1438/1841
  █████████████████░░░░░░░░  68%  Streaming frame 1439/1841
  █████████████████░░░░░░░░  68%  Streaming frame 1440/1841
[WARN] [Render] drawElement blank-frame suspect; re-capturing {"renderJobId":"feb88cd7-8151-4cc4-a9cd-fad17f687b74","frame":1440,"bytes":13033,"floor":20000}
[INFO] [Render] drawElement small frame is deterministic; accepted {"renderJobId":"feb88cd7-8151-4cc4-a9cd-fad17f687b74","frame":1440,"bytes":13033}
  █████████████████░░░░░░░░  68%  Streaming frame 1441/1841
  █████████████████░░░░░░░░  68%  Streaming frame 1442/1841
  █████████████████░░░░░░░░  68%  Streaming frame 1443/1841
  █████████████████░░░░░░░░  68%  Streaming frame 1444/1841
  █████████████████░░░░░░░░  68%  Streaming frame 1445/1841
  █████████████████░░░░░░░░  68%  Streaming frame 1446/1841
  █████████████████░░░░░░░░  68%  Streaming frame 1447/1841
  █████████████████░░░░░░░░  68%  Streaming frame 1448/1841
  █████████████████░░░░░░░░  68%  Streaming frame 1449/1841
  █████████████████░░░░░░░░  68%  Streaming frame 1450/1841
  █████████████████░░░░░░░░  68%  Streaming frame 1451/1841
  █████████████████░░░░░░░░  68%  Streaming frame 1452/1841
  █████████████████░░░░░░░░  68%  Streaming frame 1453/1841
  █████████████████░░░░░░░░  68%  Streaming frame 1454/1841
  █████████████████░░░░░░░░  68%  Streaming frame 1455/1841
  █████████████████░░░░░░░░  68%  Streaming frame 1456/1841
  █████████████████░░░░░░░░  69%  Streaming frame 1457/1841
  █████████████████░░░░░░░░  69%  Streaming frame 1458/1841
  █████████████████░░░░░░░░  69%  Streaming frame 1459/1841
  █████████████████░░░░░░░░  69%  Streaming frame 1460/1841
  █████████████████░░░░░░░░  69%  Streaming frame 1461/1841
  █████████████████░░░░░░░░  69%  Streaming frame 1462/1841
  █████████████████░░░░░░░░  69%  Streaming frame 1463/1841
  █████████████████░░░░░░░░  69%  Streaming frame 1464/1841
  █████████████████░░░░░░░░  69%  Streaming frame 1465/1841
  █████████████████░░░░░░░░  69%  Streaming frame 1466/1841
  █████████████████░░░░░░░░  69%  Streaming frame 1467/1841
  █████████████████░░░░░░░░  69%  Streaming frame 1468/1841
  █████████████████░░░░░░░░  69%  Streaming frame 1469/1841
  █████████████████░░░░░░░░  69%  Streaming frame 1470/1841
  █████████████████░░░░░░░░  69%  Streaming frame 1471/1841
  █████████████████░░░░░░░░  69%  Streaming frame 1472/1841
  █████████████████░░░░░░░░  69%  Streaming frame 1473/1841
  █████████████████░░░░░░░░  69%  Streaming frame 1474/1841
  █████████████████░░░░░░░░  69%  Streaming frame 1475/1841
  █████████████████░░░░░░░░  69%  Streaming frame 1476/1841
  █████████████████░░░░░░░░  69%  Streaming frame 1477/1841
  █████████████████░░░░░░░░  69%  Streaming frame 1478/1841
  █████████████████░░░░░░░░  69%  Streaming frame 1479/1841
  █████████████████░░░░░░░░  69%  Streaming frame 1480/1841
  █████████████████░░░░░░░░  69%  Streaming frame 1481/1841
  █████████████████░░░░░░░░  69%  Streaming frame 1482/1841
  █████████████████░░░░░░░░  69%  Streaming frame 1483/1841
  █████████████████░░░░░░░░  69%  Streaming frame 1484/1841
  █████████████████░░░░░░░░  69%  Streaming frame 1485/1841
  █████████████████░░░░░░░░  69%  Streaming frame 1486/1841
  █████████████████░░░░░░░░  69%  Streaming frame 1487/1841
  █████████████████░░░░░░░░  69%  Streaming frame 1488/1841
  █████████████████░░░░░░░░  69%  Streaming frame 1489/1841
  █████████████████░░░░░░░░  70%  Streaming frame 1490/1841
  █████████████████░░░░░░░░  70%  Streaming frame 1491/1841
  █████████████████░░░░░░░░  70%  Streaming frame 1492/1841
  █████████████████░░░░░░░░  70%  Streaming frame 1493/1841
  █████████████████░░░░░░░░  70%  Streaming frame 1494/1841
  █████████████████░░░░░░░░  70%  Streaming frame 1495/1841
  █████████████████░░░░░░░░  70%  Streaming frame 1496/1841
  █████████████████░░░░░░░░  70%  Streaming frame 1497/1841
  █████████████████░░░░░░░░  70%  Streaming frame 1498/1841
  █████████████████░░░░░░░░  70%  Streaming frame 1499/1841
  █████████████████░░░░░░░░  70%  Streaming frame 1500/1841
  █████████████████░░░░░░░░  70%  Streaming frame 1501/1841
  █████████████████░░░░░░░░  70%  Streaming frame 1502/1841
  █████████████████░░░░░░░░  70%  Streaming frame 1503/1841
  █████████████████░░░░░░░░  70%  Streaming frame 1504/1841
  █████████████████░░░░░░░░  70%  Streaming frame 1505/1841
  █████████████████░░░░░░░░  70%  Streaming frame 1506/1841
  █████████████████░░░░░░░░  70%  Streaming frame 1507/1841
  █████████████████░░░░░░░░  70%  Streaming frame 1508/1841
  █████████████████░░░░░░░░  70%  Streaming frame 1509/1841
  █████████████████░░░░░░░░  70%  Streaming frame 1510/1841
  █████████████████░░░░░░░░  70%  Streaming frame 1511/1841
  █████████████████░░░░░░░░  70%  Streaming frame 1512/1841
  █████████████████░░░░░░░░  70%  Streaming frame 1513/1841
  █████████████████░░░░░░░░  70%  Streaming frame 1514/1841
  █████████████████░░░░░░░░  70%  Streaming frame 1515/1841
  █████████████████░░░░░░░░  70%  Streaming frame 1516/1841
  █████████████████░░░░░░░░  70%  Streaming frame 1517/1841
  █████████████████░░░░░░░░  70%  Streaming frame 1518/1841
  █████████████████░░░░░░░░  70%  Streaming frame 1519/1841
  █████████████████░░░░░░░░  70%  Streaming frame 1520/1841
  █████████████████░░░░░░░░  70%  Streaming frame 1521/1841
  █████████████████░░░░░░░░  70%  Streaming frame 1522/1841
  █████████████████░░░░░░░░  70%  Streaming frame 1523/1841
  █████████████████░░░░░░░░  71%  Streaming frame 1524/1841
  █████████████████░░░░░░░░  71%  Streaming frame 1525/1841
  █████████████████░░░░░░░░  71%  Streaming frame 1526/1841
  █████████████████░░░░░░░░  71%  Streaming frame 1527/1841
  █████████████████░░░░░░░░  71%  Streaming frame 1528/1841
  █████████████████░░░░░░░░  71%  Streaming frame 1529/1841
  █████████████████░░░░░░░░  71%  Streaming frame 1530/1841
  █████████████████░░░░░░░░  71%  Streaming frame 1531/1841
  █████████████████░░░░░░░░  71%  Streaming frame 1532/1841
  █████████████████░░░░░░░░  71%  Streaming frame 1533/1841
  █████████████████░░░░░░░░  71%  Streaming frame 1534/1841
  █████████████████░░░░░░░░  71%  Streaming frame 1535/1841
  █████████████████░░░░░░░░  71%  Streaming frame 1536/1841
  █████████████████░░░░░░░░  71%  Streaming frame 1537/1841
  █████████████████░░░░░░░░  71%  Streaming frame 1538/1841
  █████████████████░░░░░░░░  71%  Streaming frame 1539/1841
  █████████████████░░░░░░░░  71%  Streaming frame 1540/1841
  █████████████████░░░░░░░░  71%  Streaming frame 1541/1841
  █████████████████░░░░░░░░  71%  Streaming frame 1542/1841
  █████████████████░░░░░░░░  71%  Streaming frame 1543/1841
  █████████████████░░░░░░░░  71%  Streaming frame 1544/1841
  █████████████████░░░░░░░░  71%  Streaming frame 1545/1841
  █████████████████░░░░░░░░  71%  Streaming frame 1546/1841
  █████████████████░░░░░░░░  71%  Streaming frame 1547/1841
  █████████████████░░░░░░░░  71%  Streaming frame 1548/1841
  █████████████████░░░░░░░░  71%  Streaming frame 1549/1841
  █████████████████░░░░░░░░  71%  Streaming frame 1550/1841
  █████████████████░░░░░░░░  71%  Streaming frame 1551/1841
  █████████████████░░░░░░░░  71%  Streaming frame 1552/1841
  █████████████████░░░░░░░░  71%  Streaming frame 1553/1841
  █████████████████░░░░░░░░  71%  Streaming frame 1554/1841
  █████████████████░░░░░░░░  71%  Streaming frame 1555/1841
  █████████████████░░░░░░░░  71%  Streaming frame 1556/1841
  ██████████████████░░░░░░░  72%  Streaming frame 1557/1841
  ██████████████████░░░░░░░  72%  Streaming frame 1558/1841
  ██████████████████░░░░░░░  72%  Streaming frame 1559/1841
  ██████████████████░░░░░░░  72%  Streaming frame 1560/1841
  ██████████████████░░░░░░░  72%  Streaming frame 1561/1841
  ██████████████████░░░░░░░  72%  Streaming frame 1562/1841
  ██████████████████░░░░░░░  72%  Streaming frame 1563/1841
  ██████████████████░░░░░░░  72%  Streaming frame 1564/1841
  ██████████████████░░░░░░░  72%  Streaming frame 1565/1841
  ██████████████████░░░░░░░  72%  Streaming frame 1566/1841
  ██████████████████░░░░░░░  72%  Streaming frame 1567/1841
  ██████████████████░░░░░░░  72%  Streaming frame 1568/1841
  ██████████████████░░░░░░░  72%  Streaming frame 1569/1841
  ██████████████████░░░░░░░  72%  Streaming frame 1570/1841
  ██████████████████░░░░░░░  72%  Streaming frame 1571/1841
  ██████████████████░░░░░░░  72%  Streaming frame 1572/1841
  ██████████████████░░░░░░░  72%  Streaming frame 1573/1841
  ██████████████████░░░░░░░  72%  Streaming frame 1574/1841
  ██████████████████░░░░░░░  72%  Streaming frame 1575/1841
  ██████████████████░░░░░░░  72%  Streaming frame 1576/1841
  ██████████████████░░░░░░░  72%  Streaming frame 1577/1841
  ██████████████████░░░░░░░  72%  Streaming frame 1578/1841
  ██████████████████░░░░░░░  72%  Streaming frame 1579/1841
  ██████████████████░░░░░░░  72%  Streaming frame 1580/1841
  ██████████████████░░░░░░░  72%  Streaming frame 1581/1841
  ██████████████████░░░░░░░  72%  Streaming frame 1582/1841
  ██████████████████░░░░░░░  72%  Streaming frame 1583/1841
  ██████████████████░░░░░░░  72%  Streaming frame 1584/1841
  ██████████████████░░░░░░░  72%  Streaming frame 1585/1841
  ██████████████████░░░░░░░  72%  Streaming frame 1586/1841
  ██████████████████░░░░░░░  72%  Streaming frame 1587/1841
  ██████████████████░░░░░░░  72%  Streaming frame 1588/1841
  ██████████████████░░░░░░░  72%  Streaming frame 1589/1841
  ██████████████████░░░░░░░  73%  Streaming frame 1590/1841
  ██████████████████░░░░░░░  73%  Streaming frame 1591/1841
  ██████████████████░░░░░░░  73%  Streaming frame 1592/1841
  ██████████████████░░░░░░░  73%  Streaming frame 1593/1841
  ██████████████████░░░░░░░  73%  Streaming frame 1594/1841
  ██████████████████░░░░░░░  73%  Streaming frame 1595/1841
  ██████████████████░░░░░░░  73%  Streaming frame 1596/1841
  ██████████████████░░░░░░░  73%  Streaming frame 1597/1841
  ██████████████████░░░░░░░  73%  Streaming frame 1598/1841
  ██████████████████░░░░░░░  73%  Streaming frame 1599/1841
  ██████████████████░░░░░░░  73%  Streaming frame 1600/1841
  ██████████████████░░░░░░░  73%  Streaming frame 1601/1841
  ██████████████████░░░░░░░  73%  Streaming frame 1602/1841
  ██████████████████░░░░░░░  73%  Streaming frame 1603/1841
  ██████████████████░░░░░░░  73%  Streaming frame 1604/1841
  ██████████████████░░░░░░░  73%  Streaming frame 1605/1841
  ██████████████████░░░░░░░  73%  Streaming frame 1606/1841
  ██████████████████░░░░░░░  73%  Streaming frame 1607/1841
  ██████████████████░░░░░░░  73%  Streaming frame 1608/1841
  ██████████████████░░░░░░░  73%  Streaming frame 1609/1841
  ██████████████████░░░░░░░  73%  Streaming frame 1610/1841
  ██████████████████░░░░░░░  73%  Streaming frame 1611/1841
  ██████████████████░░░░░░░  73%  Streaming frame 1612/1841
  ██████████████████░░░░░░░  73%  Streaming frame 1613/1841
  ██████████████████░░░░░░░  73%  Streaming frame 1614/1841
  ██████████████████░░░░░░░  73%  Streaming frame 1615/1841
  ██████████████████░░░░░░░  73%  Streaming frame 1616/1841
  ██████████████████░░░░░░░  73%  Streaming frame 1617/1841
  ██████████████████░░░░░░░  73%  Streaming frame 1618/1841
  ██████████████████░░░░░░░  73%  Streaming frame 1619/1841
  ██████████████████░░░░░░░  73%  Streaming frame 1620/1841
  ██████████████████░░░░░░░  73%  Streaming frame 1621/1841
  ██████████████████░░░░░░░  73%  Streaming frame 1622/1841
  ██████████████████░░░░░░░  73%  Streaming frame 1623/1841
  ██████████████████░░░░░░░  74%  Streaming frame 1624/1841
  ██████████████████░░░░░░░  74%  Streaming frame 1625/1841
  ██████████████████░░░░░░░  74%  Streaming frame 1626/1841
  ██████████████████░░░░░░░  74%  Streaming frame 1627/1841
  ██████████████████░░░░░░░  74%  Streaming frame 1628/1841
  ██████████████████░░░░░░░  74%  Streaming frame 1629/1841
  ██████████████████░░░░░░░  74%  Streaming frame 1630/1841
  ██████████████████░░░░░░░  74%  Streaming frame 1631/1841
  ██████████████████░░░░░░░  74%  Streaming frame 1632/1841
  ██████████████████░░░░░░░  74%  Streaming frame 1633/1841
  ██████████████████░░░░░░░  74%  Streaming frame 1634/1841
  ██████████████████░░░░░░░  74%  Streaming frame 1635/1841
  ██████████████████░░░░░░░  74%  Streaming frame 1636/1841
  ██████████████████░░░░░░░  74%  Streaming frame 1637/1841
  ██████████████████░░░░░░░  74%  Streaming frame 1638/1841
  ██████████████████░░░░░░░  74%  Streaming frame 1639/1841
  ██████████████████░░░░░░░  74%  Streaming frame 1640/1841
  ██████████████████░░░░░░░  74%  Streaming frame 1641/1841
  ██████████████████░░░░░░░  74%  Streaming frame 1642/1841
  ██████████████████░░░░░░░  74%  Streaming frame 1643/1841
  ██████████████████░░░░░░░  74%  Streaming frame 1644/1841
  ██████████████████░░░░░░░  74%  Streaming frame 1645/1841
  ██████████████████░░░░░░░  74%  Streaming frame 1646/1841
  ██████████████████░░░░░░░  74%  Streaming frame 1647/1841
  ██████████████████░░░░░░░  74%  Streaming frame 1648/1841
  ██████████████████░░░░░░░  74%  Streaming frame 1649/1841
  ██████████████████░░░░░░░  74%  Streaming frame 1650/1841
  ██████████████████░░░░░░░  74%  Streaming frame 1651/1841
  ██████████████████░░░░░░░  74%  Streaming frame 1652/1841
  ██████████████████░░░░░░░  74%  Streaming frame 1653/1841
  ██████████████████░░░░░░░  74%  Streaming frame 1654/1841
  ██████████████████░░░░░░░  74%  Streaming frame 1655/1841
  ██████████████████░░░░░░░  74%  Streaming frame 1656/1841
  ██████████████████░░░░░░░  75%  Streaming frame 1657/1841
  ██████████████████░░░░░░░  75%  Streaming frame 1658/1841
  ██████████████████░░░░░░░  75%  Streaming frame 1659/1841
  ██████████████████░░░░░░░  75%  Streaming frame 1660/1841
  ██████████████████░░░░░░░  75%  Streaming frame 1661/1841
  ██████████████████░░░░░░░  75%  Streaming frame 1662/1841
  ██████████████████░░░░░░░  75%  Streaming frame 1663/1841
  ██████████████████░░░░░░░  75%  Streaming frame 1664/1841
  ██████████████████░░░░░░░  75%  Streaming frame 1665/1841
  ██████████████████░░░░░░░  75%  Streaming frame 1666/1841
  ██████████████████░░░░░░░  75%  Streaming frame 1667/1841
  ██████████████████░░░░░░░  75%  Streaming frame 1668/1841
  ██████████████████░░░░░░░  75%  Streaming frame 1669/1841
  ██████████████████░░░░░░░  75%  Streaming frame 1670/1841
  ██████████████████░░░░░░░  75%  Streaming frame 1671/1841
  ██████████████████░░░░░░░  75%  Streaming frame 1672/1841
  ██████████████████░░░░░░░  75%  Streaming frame 1673/1841
  ██████████████████░░░░░░░  75%  Streaming frame 1674/1841
  ██████████████████░░░░░░░  75%  Streaming frame 1675/1841
  ██████████████████░░░░░░░  75%  Streaming frame 1676/1841
  ██████████████████░░░░░░░  75%  Streaming frame 1677/1841
  ██████████████████░░░░░░░  75%  Streaming frame 1678/1841
  ██████████████████░░░░░░░  75%  Streaming frame 1679/1841
  ██████████████████░░░░░░░  75%  Streaming frame 1680/1841
  ██████████████████░░░░░░░  75%  Streaming frame 1681/1841
  ██████████████████░░░░░░░  75%  Streaming frame 1682/1841
  ██████████████████░░░░░░░  75%  Streaming frame 1683/1841
  ██████████████████░░░░░░░  75%  Streaming frame 1684/1841
  ██████████████████░░░░░░░  75%  Streaming frame 1685/1841
  ██████████████████░░░░░░░  75%  Streaming frame 1686/1841
  ██████████████████░░░░░░░  75%  Streaming frame 1687/1841
  ██████████████████░░░░░░░  75%  Streaming frame 1688/1841
  ██████████████████░░░░░░░  75%  Streaming frame 1689/1841
  ██████████████████░░░░░░░  75%  Streaming frame 1690/1841
  ███████████████████░░░░░░  76%  Streaming frame 1691/1841
  ███████████████████░░░░░░  76%  Streaming frame 1692/1841
  ███████████████████░░░░░░  76%  Streaming frame 1693/1841
  ███████████████████░░░░░░  76%  Streaming frame 1694/1841
  ███████████████████░░░░░░  76%  Streaming frame 1695/1841
  ███████████████████░░░░░░  76%  Streaming frame 1696/1841
  ███████████████████░░░░░░  76%  Streaming frame 1697/1841
  ███████████████████░░░░░░  76%  Streaming frame 1698/1841
  ███████████████████░░░░░░  76%  Streaming frame 1699/1841
  ███████████████████░░░░░░  76%  Streaming frame 1700/1841
  ███████████████████░░░░░░  76%  Streaming frame 1701/1841
  ███████████████████░░░░░░  76%  Streaming frame 1702/1841
  ███████████████████░░░░░░  76%  Streaming frame 1703/1841
  ███████████████████░░░░░░  76%  Streaming frame 1704/1841
  ███████████████████░░░░░░  76%  Streaming frame 1705/1841
  ███████████████████░░░░░░  76%  Streaming frame 1706/1841
  ███████████████████░░░░░░  76%  Streaming frame 1707/1841
  ███████████████████░░░░░░  76%  Streaming frame 1708/1841
  ███████████████████░░░░░░  76%  Streaming frame 1709/1841
  ███████████████████░░░░░░  76%  Streaming frame 1710/1841
  ███████████████████░░░░░░  76%  Streaming frame 1711/1841
  ███████████████████░░░░░░  76%  Streaming frame 1712/1841
  ███████████████████░░░░░░  76%  Streaming frame 1713/1841
  ███████████████████░░░░░░  76%  Streaming frame 1714/1841
  ███████████████████░░░░░░  76%  Streaming frame 1715/1841
  ███████████████████░░░░░░  76%  Streaming frame 1716/1841
  ███████████████████░░░░░░  76%  Streaming frame 1717/1841
  ███████████████████░░░░░░  76%  Streaming frame 1718/1841
  ███████████████████░░░░░░  76%  Streaming frame 1719/1841
  ███████████████████░░░░░░  76%  Streaming frame 1720/1841
  ███████████████████░░░░░░  76%  Streaming frame 1721/1841
  ███████████████████░░░░░░  76%  Streaming frame 1722/1841
  ███████████████████░░░░░░  76%  Streaming frame 1723/1841
  ███████████████████░░░░░░  77%  Streaming frame 1724/1841
  ███████████████████░░░░░░  77%  Streaming frame 1725/1841
  ███████████████████░░░░░░  77%  Streaming frame 1726/1841
  ███████████████████░░░░░░  77%  Streaming frame 1727/1841
  ███████████████████░░░░░░  77%  Streaming frame 1728/1841
  ███████████████████░░░░░░  77%  Streaming frame 1729/1841
  ███████████████████░░░░░░  77%  Streaming frame 1730/1841
  ███████████████████░░░░░░  77%  Streaming frame 1731/1841
  ███████████████████░░░░░░  77%  Streaming frame 1732/1841
  ███████████████████░░░░░░  77%  Streaming frame 1733/1841
  ███████████████████░░░░░░  77%  Streaming frame 1734/1841
  ███████████████████░░░░░░  77%  Streaming frame 1735/1841
  ███████████████████░░░░░░  77%  Streaming frame 1736/1841
  ███████████████████░░░░░░  77%  Streaming frame 1737/1841
  ███████████████████░░░░░░  77%  Streaming frame 1738/1841
  ███████████████████░░░░░░  77%  Streaming frame 1739/1841
  ███████████████████░░░░░░  77%  Streaming frame 1740/1841
  ███████████████████░░░░░░  77%  Streaming frame 1741/1841
  ███████████████████░░░░░░  77%  Streaming frame 1742/1841
  ███████████████████░░░░░░  77%  Streaming frame 1743/1841
  ███████████████████░░░░░░  77%  Streaming frame 1744/1841
  ███████████████████░░░░░░  77%  Streaming frame 1745/1841
  ███████████████████░░░░░░  77%  Streaming frame 1746/1841
  ███████████████████░░░░░░  77%  Streaming frame 1747/1841
  ███████████████████░░░░░░  77%  Streaming frame 1748/1841
[INFO] [Render] drawElement self-verify passed {"renderJobId":"feb88cd7-8151-4cc4-a9cd-fad17f687b74","frame":1748,"psnrDb":79.2}
  ███████████████████░░░░░░  77%  Streaming frame 1749/1841
  ███████████████████░░░░░░  77%  Streaming frame 1750/1841
  ███████████████████░░░░░░  77%  Streaming frame 1751/1841
  ███████████████████░░░░░░  77%  Streaming frame 1752/1841
  ███████████████████░░░░░░  77%  Streaming frame 1753/1841
  ███████████████████░░░░░░  77%  Streaming frame 1754/1841
  ███████████████████░░░░░░  77%  Streaming frame 1755/1841
  ███████████████████░░░░░░  77%  Streaming frame 1756/1841
  ███████████████████░░░░░░  77%  Streaming frame 1757/1841
  ███████████████████░░░░░░  78%  Streaming frame 1758/1841
  ███████████████████░░░░░░  78%  Streaming frame 1759/1841
  ███████████████████░░░░░░  78%  Streaming frame 1760/1841
  ███████████████████░░░░░░  78%  Streaming frame 1761/1841
  ███████████████████░░░░░░  78%  Streaming frame 1762/1841
  ███████████████████░░░░░░  78%  Streaming frame 1763/1841
  ███████████████████░░░░░░  78%  Streaming frame 1764/1841
  ███████████████████░░░░░░  78%  Streaming frame 1765/1841
  ███████████████████░░░░░░  78%  Streaming frame 1766/1841
  ███████████████████░░░░░░  78%  Streaming frame 1767/1841
  ███████████████████░░░░░░  78%  Streaming frame 1768/1841
  ███████████████████░░░░░░  78%  Streaming frame 1769/1841
  ███████████████████░░░░░░  78%  Streaming frame 1770/1841
  ███████████████████░░░░░░  78%  Streaming frame 1771/1841
  ███████████████████░░░░░░  78%  Streaming frame 1772/1841
  ███████████████████░░░░░░  78%  Streaming frame 1773/1841
  ███████████████████░░░░░░  78%  Streaming frame 1774/1841
  ███████████████████░░░░░░  78%  Streaming frame 1775/1841
  ███████████████████░░░░░░  78%  Streaming frame 1776/1841
  ███████████████████░░░░░░  78%  Streaming frame 1777/1841
  ███████████████████░░░░░░  78%  Streaming frame 1778/1841
  ███████████████████░░░░░░  78%  Streaming frame 1779/1841
  ███████████████████░░░░░░  78%  Streaming frame 1780/1841
  ███████████████████░░░░░░  78%  Streaming frame 1781/1841
  ███████████████████░░░░░░  78%  Streaming frame 1782/1841
  ███████████████████░░░░░░  78%  Streaming frame 1783/1841
  ███████████████████░░░░░░  78%  Streaming frame 1784/1841
  ███████████████████░░░░░░  78%  Streaming frame 1785/1841
  ███████████████████░░░░░░  78%  Streaming frame 1786/1841
  ███████████████████░░░░░░  78%  Streaming frame 1787/1841
  ███████████████████░░░░░░  78%  Streaming frame 1788/1841
  ███████████████████░░░░░░  78%  Streaming frame 1789/1841
  ███████████████████░░░░░░  78%  Streaming frame 1790/1841
  ███████████████████░░░░░░  79%  Streaming frame 1791/1841
  ███████████████████░░░░░░  79%  Streaming frame 1792/1841
  ███████████████████░░░░░░  79%  Streaming frame 1793/1841
  ███████████████████░░░░░░  79%  Streaming frame 1794/1841
  ███████████████████░░░░░░  79%  Streaming frame 1795/1841
  ███████████████████░░░░░░  79%  Streaming frame 1796/1841
  ███████████████████░░░░░░  79%  Streaming frame 1797/1841
  ███████████████████░░░░░░  79%  Streaming frame 1798/1841
  ███████████████████░░░░░░  79%  Streaming frame 1799/1841
  ███████████████████░░░░░░  79%  Streaming frame 1800/1841
  ███████████████████░░░░░░  79%  Streaming frame 1801/1841
  ███████████████████░░░░░░  79%  Streaming frame 1802/1841
  ███████████████████░░░░░░  79%  Streaming frame 1803/1841
  ███████████████████░░░░░░  79%  Streaming frame 1804/1841
  ███████████████████░░░░░░  79%  Streaming frame 1805/1841
  ███████████████████░░░░░░  79%  Streaming frame 1806/1841
  ███████████████████░░░░░░  79%  Streaming frame 1807/1841
  ███████████████████░░░░░░  79%  Streaming frame 1808/1841
  ███████████████████░░░░░░  79%  Streaming frame 1809/1841
  ███████████████████░░░░░░  79%  Streaming frame 1810/1841
  ███████████████████░░░░░░  79%  Streaming frame 1811/1841
  ███████████████████░░░░░░  79%  Streaming frame 1812/1841
  ███████████████████░░░░░░  79%  Streaming frame 1813/1841
  ███████████████████░░░░░░  79%  Streaming frame 1814/1841
  ███████████████████░░░░░░  79%  Streaming frame 1815/1841
  ███████████████████░░░░░░  79%  Streaming frame 1816/1841
  ███████████████████░░░░░░  79%  Streaming frame 1817/1841
  ███████████████████░░░░░░  79%  Streaming frame 1818/1841
  ███████████████████░░░░░░  79%  Streaming frame 1819/1841
  ███████████████████░░░░░░  79%  Streaming frame 1820/1841
  ███████████████████░░░░░░  79%  Streaming frame 1821/1841
  ███████████████████░░░░░░  79%  Streaming frame 1822/1841
  ███████████████████░░░░░░  79%  Streaming frame 1823/1841
  ███████████████████░░░░░░  79%  Streaming frame 1824/1841
  ████████████████████░░░░░  80%  Streaming frame 1825/1841
  ████████████████████░░░░░  80%  Streaming frame 1826/1841
  ████████████████████░░░░░  80%  Streaming frame 1827/1841
  ████████████████████░░░░░  80%  Streaming frame 1828/1841
  ████████████████████░░░░░  80%  Streaming frame 1829/1841
  ████████████████████░░░░░  80%  Streaming frame 1830/1841
  ████████████████████░░░░░  80%  Streaming frame 1831/1841
  ████████████████████░░░░░  80%  Streaming frame 1832/1841
  ████████████████████░░░░░  80%  Streaming frame 1833/1841
  ████████████████████░░░░░  80%  Streaming frame 1834/1841
  ████████████████████░░░░░  80%  Streaming frame 1835/1841
  ████████████████████░░░░░  80%  Streaming frame 1836/1841
  ████████████████████░░░░░  80%  Streaming frame 1837/1841
  ████████████████████░░░░░  80%  Streaming frame 1838/1841
  ████████████████████░░░░░  80%  Streaming frame 1839/1841
  ████████████████████░░░░░  80%  Streaming frame 1840/1841
  ████████████████████░░░░░  80%  Streaming frame 1841/1841
[static-dedup] reused 1284/3125 frame(s) (41%), est. ~6420ms saved (avg 5ms/frame)
[INFO] [Render:trace] {"renderJobId":"feb88cd7-8151-4cc4-a9cd-fad17f687b74","phase":"capture_streaming","status":"end","elapsedMs":17222,"durationMs":15557,"stagePhase":"capturing","workerCount":1,"forceScreenshot":false,"totalFrames":1841,"framesCompleted":1841,"captureMode":"drawelement","captureOperation":"encode"}
[INFO] [Render:trace] {"renderJobId":"feb88cd7-8151-4cc4-a9cd-fad17f687b74","phase":"assemble","status":"start","elapsedMs":17223,"stagePhase":"capturing","hasAudio":true,"workerCount":1,"forceScreenshot":false,"totalFrames":1841,"framesCompleted":1841,"captureMode":"drawelement","captureOperation":"encode"}
  ██████████████████████░░░  90%  Assembling final video
[INFO] [Render:trace] {"renderJobId":"feb88cd7-8151-4cc4-a9cd-fad17f687b74","phase":"assemble","status":"end","elapsedMs":18839,"durationMs":1616,"stagePhase":"capturing","hasAudio":true,"workerCount":1,"forceScreenshot":false,"totalFrames":1841,"framesCompleted":1841,"captureMode":"drawelement","captureOperation":"encode"}
[INFO] [Render:trace] {"renderJobId":"feb88cd7-8151-4cc4-a9cd-fad17f687b74","phase":"pipeline","status":"checkpoint","elapsedMs":18865,"message":"artifact validated","totalElapsedMs":18865}
  █████████████████████████  100%  Render complete

◇  /Users/brownmanbrain/GitHub/operator-economy/blueprint-cinema/experiments/EP009-FULL-BUILD-001/scenes/seg040__seg043/qa/seg040__seg043.mp4
   5.1 MB · 1m 16.7s video · rendered in 18.9s
