
◆  Rendering seg045__seg048 → /Users/brownmanbrain/GitHub/operator-economy/blueprint-cinema/experiments/EP009-FULL-BUILD-001/scenes/seg045__seg048/qa/seg045__seg048.mp4
   24fps · high · auto workers (10 cores detected)
   GPU: browser GPU (auto-detect)

[?25l│
◇  Browser: cache
[?25h[INFO] [Render] Pipeline started {"renderJobId":"6145d002-5e73-42ec-9a33-0486b9185de6","platform":"darwin","arch":"arm64","nodeVersion":"v25.6.1","fps":{"num":24,"den":1},"format":"mp4","quality":"high","browserGpuMode":"auto","forceScreenshot":false,"protocolTimeout":300000,"browserTimeout":120000,"pageNavigationTimeout":60000,"playerReadyTimeout":45000}
[INFO] [Render:trace] {"renderJobId":"6145d002-5e73-42ec-9a33-0486b9185de6","phase":"pipeline","status":"checkpoint","elapsedMs":1,"message":"started","format":"mp4","quality":"high","browserGpuMode":"auto","forceScreenshot":false,"protocolTimeoutMs":300000,"pageNavigationTimeoutMs":60000,"playerReadyTimeoutMs":45000,"requestedWorkers":"auto"}
[INFO] [Render:trace] {"renderJobId":"6145d002-5e73-42ec-9a33-0486b9185de6","phase":"compile","status":"start","elapsedMs":2,"needsAlpha":false}
  █░░░░░░░░░░░░░░░░░░░░░░░░  5%  Compiling composition
[INFO] [Compiler] Embedded local font file: public/fonts/boska-700.woff2 (30 KB → data URI)
[INFO] [Compiler] Embedded local font file: public/fonts/supreme-400.woff2 (18 KB → data URI)
[INFO] [Compiler] Embedded local font file: public/fonts/supreme-500.woff2 (18 KB → data URI)
[INFO] Compiled composition metadata {"renderJobId":"6145d002-5e73-42ec-9a33-0486b9185de6","entryFile":"index.html","staticDuration":77.166667,"width":1280,"height":720,"videoCount":0,"audioCount":1,"renderModeHints":{"recommendScreenshot":false,"reasons":[]}}
[INFO] [Render:trace] {"renderJobId":"6145d002-5e73-42ec-9a33-0486b9185de6","phase":"compile","status":"end","elapsedMs":85,"durationMs":83,"needsAlpha":false}
[INFO] [Render:trace] {"renderJobId":"6145d002-5e73-42ec-9a33-0486b9185de6","phase":"compile","status":"checkpoint","elapsedMs":85,"message":"composition metadata resolved","width":1280,"height":720,"videoCount":0,"audioCount":1,"imageCount":0,"deviceScaleFactor":1,"forceScreenshot":false,"compositionHash":"1d0411e407b33713"}
[INFO] [Render:trace] {"renderJobId":"6145d002-5e73-42ec-9a33-0486b9185de6","phase":"browser_probe","status":"start","elapsedMs":85,"forceScreenshot":false,"stagePhase":"calibrating"}
[INFO] [Render:trace] {"renderJobId":"6145d002-5e73-42ec-9a33-0486b9185de6","phase":"browser_probe","status":"end","elapsedMs":92,"durationMs":6,"forceScreenshot":false,"stagePhase":"calibrating"}
[INFO] [Render:trace] {"renderJobId":"6145d002-5e73-42ec-9a33-0486b9185de6","phase":"browser_probe","status":"checkpoint","elapsedMs":92,"message":"duration resolved","durationSeconds":77.166667,"totalFrames":1852,"compositionHash":"1d0411e407b33713","beginFrameStalled":false}
[INFO] [Render:trace] {"renderJobId":"6145d002-5e73-42ec-9a33-0486b9185de6","phase":"video_extract","status":"start","elapsedMs":92,"videoCount":0}
  ██░░░░░░░░░░░░░░░░░░░░░░░  10%  Extracting video frames
[INFO] [Render:trace] {"renderJobId":"6145d002-5e73-42ec-9a33-0486b9185de6","phase":"video_extract","status":"end","elapsedMs":92,"durationMs":0,"videoCount":0}
[INFO] [Render:trace] {"renderJobId":"6145d002-5e73-42ec-9a33-0486b9185de6","phase":"video_extract","status":"checkpoint","elapsedMs":94,"message":"frames resolved","videoCount":0,"extractedVideoCount":0,"totalFramesExtracted":0,"maxFramesPerVideo":0,"avgFramesPerExtractedVideo":null,"vfrPreflightCount":null,"vfrPreflightMs":null,"cacheHits":null,"cacheMisses":null,"transientRetries":null,"minVideoFrameCoverageRatio":null,"authoredTimedClipCount":2}
[INFO] [Render] No HDR sources detected — rendering SDR {"renderJobId":"6145d002-5e73-42ec-9a33-0486b9185de6"}
[INFO] [Render:trace] {"renderJobId":"6145d002-5e73-42ec-9a33-0486b9185de6","phase":"hdr_detection","status":"checkpoint","elapsedMs":94,"message":"resolved","requestedHdrMode":"auto","effectiveHdr":"sdr","nativeHdrVideoCount":0,"nativeHdrImageCount":0}
[INFO] [Render:trace] {"renderJobId":"6145d002-5e73-42ec-9a33-0486b9185de6","phase":"audio_process","status":"start","elapsedMs":94,"audioCount":1}
  █████░░░░░░░░░░░░░░░░░░░░  20%  Processing audio tracks
[INFO] [Render:trace] {"renderJobId":"6145d002-5e73-42ec-9a33-0486b9185de6","phase":"audio_process","status":"end","elapsedMs":1480,"durationMs":1386,"audioCount":1}
[INFO] [Render:trace] {"renderJobId":"6145d002-5e73-42ec-9a33-0486b9185de6","phase":"file_server","status":"start","elapsedMs":1480,"reused":false}
  ██████░░░░░░░░░░░░░░░░░░░  25%  Starting frame capture
[INFO] [Render:trace] {"renderJobId":"6145d002-5e73-42ec-9a33-0486b9185de6","phase":"file_server","status":"end","elapsedMs":1486,"durationMs":6}
[hyperframes] browserGpuMode probe → hardware (WebGL renderer vendor="Google Inc. (Apple)" renderer="ANGLE (Apple, ANGLE Metal Renderer: Apple M4, Unspecified Version)")
[INFO] [Render:trace] {"renderJobId":"6145d002-5e73-42ec-9a33-0486b9185de6","phase":"capture_calibration","status":"checkpoint","elapsedMs":1631,"message":"skipped","requestedWorkers":"auto","totalFrames":1852,"htmlInCanvasDetected":false,"lowMemoryMode":false,"deInversionEligible":true,"deParallelRouterEligible":false}
[INFO] [Render] Fast capture: single-worker drawElement streaming preferred over 4-worker screenshot capture (1852 frames >= 900; verified path, measured faster at every worker count). Set HF_DE_SINGLE_MIN_FRAMES=0 or --workers N to override. {"renderJobId":"6145d002-5e73-42ec-9a33-0486b9185de6"}
[INFO] [Render:trace] {"renderJobId":"6145d002-5e73-42ec-9a33-0486b9185de6","phase":"worker_resolution","status":"checkpoint","elapsedMs":1632,"message":"resolved","workerCount":1}
[INFO] streaming-encode gate {"renderJobId":"6145d002-5e73-42ec-9a33-0486b9185de6","enabled":true,"configFlag":true,"outputFormat":"mp4","workerCount":1,"durationSeconds":77.166667,"maxDurationSeconds":240}
[INFO] [Render:trace] {"renderJobId":"6145d002-5e73-42ec-9a33-0486b9185de6","phase":"capture_strategy","status":"checkpoint","elapsedMs":1632,"message":"resolved","workerCount":1,"forceScreenshot":false,"captureBeyondViewport":null,"useStreamingEncode":true,"useLayeredComposite":false,"usePageSideCompositing":false,"hasHdrContent":false,"hasShaderTransitions":false,"isPngSequence":false}
[INFO] [Render:trace] {"renderJobId":"6145d002-5e73-42ec-9a33-0486b9185de6","phase":"capture_streaming","status":"start","elapsedMs":1632,"stagePhase":"capturing","workerCount":1,"forceScreenshot":false,"totalFrames":1852,"framesCompleted":0,"captureMode":"drawelement","captureOperation":"drawElement"}
[BrowserManager] Browser launched (HeadlessChrome/152.0.7977.30, screenshot, gl=--use-gl=angle --use-angle=metal, headlessShell=true, platform=darwin)
[initSession:screenshot] page.goto start (0ms)
[HyperFrames] render runtime fps [object Object]
[initSession:screenshot] page.goto complete (99ms)
[initSession:screenshot] GSAP proxy flush complete (127ms)
[initSession:screenshot] pollHfReady complete (128ms)
[initSession:screenshot] pollSubCompositionTimelines complete (ready) (129ms)
[initSession:screenshot] applyVideoMetadataHints complete (129ms)
[initSession:screenshot] media + fonts + tailwind ready (130ms)
[initSession:screenshot] timeline at-risk predictor: 19/1853 frames (1%) (157ms)
[engine] fast capture: falling back to screenshot capture — 19/1853 frames animate a compositor-incompatible prop (blend/3D/clip/mask); drawElementImage drops these mid-animation (deterministic timeline gate; see fast-capture-limitations.md Lim 7)
[initSession:screenshot] static-frame dedup: 1288/1289 predicted frame(s) reusable (outcome=verified, runs=30/30, screenshots=97, seeks=98, elapsedMs=3909) (4255ms)
  ██████░░░░░░░░░░░░░░░░░░░  25%  Streaming frame 1/1852
  ██████░░░░░░░░░░░░░░░░░░░  25%  Streaming frame 2/1852
  ██████░░░░░░░░░░░░░░░░░░░  25%  Streaming frame 3/1852
  ██████░░░░░░░░░░░░░░░░░░░  25%  Streaming frame 4/1852
  ██████░░░░░░░░░░░░░░░░░░░  25%  Streaming frame 5/1852
  ██████░░░░░░░░░░░░░░░░░░░  25%  Streaming frame 6/1852
  ██████░░░░░░░░░░░░░░░░░░░  25%  Streaming frame 7/1852
  ██████░░░░░░░░░░░░░░░░░░░  25%  Streaming frame 8/1852
  ██████░░░░░░░░░░░░░░░░░░░  25%  Streaming frame 9/1852
  ██████░░░░░░░░░░░░░░░░░░░  25%  Streaming frame 10/1852
  ██████░░░░░░░░░░░░░░░░░░░  25%  Streaming frame 11/1852
  ██████░░░░░░░░░░░░░░░░░░░  25%  Streaming frame 12/1852
  ██████░░░░░░░░░░░░░░░░░░░  25%  Streaming frame 13/1852
  ██████░░░░░░░░░░░░░░░░░░░  25%  Streaming frame 14/1852
  ██████░░░░░░░░░░░░░░░░░░░  25%  Streaming frame 15/1852
  ██████░░░░░░░░░░░░░░░░░░░  25%  Streaming frame 16/1852
  ██████░░░░░░░░░░░░░░░░░░░  26%  Streaming frame 17/1852
  ██████░░░░░░░░░░░░░░░░░░░  26%  Streaming frame 18/1852
  ██████░░░░░░░░░░░░░░░░░░░  26%  Streaming frame 19/1852
  ██████░░░░░░░░░░░░░░░░░░░  26%  Streaming frame 20/1852
  ██████░░░░░░░░░░░░░░░░░░░  26%  Streaming frame 21/1852
  ██████░░░░░░░░░░░░░░░░░░░  26%  Streaming frame 22/1852
  ██████░░░░░░░░░░░░░░░░░░░  26%  Streaming frame 23/1852
  ██████░░░░░░░░░░░░░░░░░░░  26%  Streaming frame 24/1852
  ██████░░░░░░░░░░░░░░░░░░░  26%  Streaming frame 25/1852
  ██████░░░░░░░░░░░░░░░░░░░  26%  Streaming frame 26/1852
  ██████░░░░░░░░░░░░░░░░░░░  26%  Streaming frame 27/1852
  ██████░░░░░░░░░░░░░░░░░░░  26%  Streaming frame 28/1852
  ██████░░░░░░░░░░░░░░░░░░░  26%  Streaming frame 29/1852
  ██████░░░░░░░░░░░░░░░░░░░  26%  Streaming frame 30/1852
  ██████░░░░░░░░░░░░░░░░░░░  26%  Streaming frame 31/1852
  ██████░░░░░░░░░░░░░░░░░░░  26%  Streaming frame 32/1852
  ██████░░░░░░░░░░░░░░░░░░░  26%  Streaming frame 33/1852
  ██████░░░░░░░░░░░░░░░░░░░  26%  Streaming frame 34/1852
  ██████░░░░░░░░░░░░░░░░░░░  26%  Streaming frame 35/1852
  ██████░░░░░░░░░░░░░░░░░░░  26%  Streaming frame 36/1852
  ██████░░░░░░░░░░░░░░░░░░░  26%  Streaming frame 37/1852
  ██████░░░░░░░░░░░░░░░░░░░  26%  Streaming frame 38/1852
  ██████░░░░░░░░░░░░░░░░░░░  26%  Streaming frame 39/1852
  ██████░░░░░░░░░░░░░░░░░░░  26%  Streaming frame 40/1852
  ██████░░░░░░░░░░░░░░░░░░░  26%  Streaming frame 41/1852
  ██████░░░░░░░░░░░░░░░░░░░  26%  Streaming frame 42/1852
  ██████░░░░░░░░░░░░░░░░░░░  26%  Streaming frame 43/1852
  ██████░░░░░░░░░░░░░░░░░░░  26%  Streaming frame 44/1852
  ██████░░░░░░░░░░░░░░░░░░░  26%  Streaming frame 45/1852
  ██████░░░░░░░░░░░░░░░░░░░  26%  Streaming frame 46/1852
  ██████░░░░░░░░░░░░░░░░░░░  26%  Streaming frame 47/1852
  ██████░░░░░░░░░░░░░░░░░░░  26%  Streaming frame 48/1852
  ██████░░░░░░░░░░░░░░░░░░░  26%  Streaming frame 49/1852
  ██████░░░░░░░░░░░░░░░░░░░  26%  Streaming frame 50/1852
  ██████░░░░░░░░░░░░░░░░░░░  27%  Streaming frame 51/1852
  ██████░░░░░░░░░░░░░░░░░░░  27%  Streaming frame 52/1852
  ██████░░░░░░░░░░░░░░░░░░░  27%  Streaming frame 53/1852
  ██████░░░░░░░░░░░░░░░░░░░  27%  Streaming frame 54/1852
  ██████░░░░░░░░░░░░░░░░░░░  27%  Streaming frame 55/1852
  ██████░░░░░░░░░░░░░░░░░░░  27%  Streaming frame 56/1852
  ██████░░░░░░░░░░░░░░░░░░░  27%  Streaming frame 57/1852
  ██████░░░░░░░░░░░░░░░░░░░  27%  Streaming frame 58/1852
  ██████░░░░░░░░░░░░░░░░░░░  27%  Streaming frame 59/1852
  ██████░░░░░░░░░░░░░░░░░░░  27%  Streaming frame 60/1852
  ██████░░░░░░░░░░░░░░░░░░░  27%  Streaming frame 61/1852
  ██████░░░░░░░░░░░░░░░░░░░  27%  Streaming frame 62/1852
  ██████░░░░░░░░░░░░░░░░░░░  27%  Streaming frame 63/1852
  ██████░░░░░░░░░░░░░░░░░░░  27%  Streaming frame 64/1852
  ██████░░░░░░░░░░░░░░░░░░░  27%  Streaming frame 65/1852
  ██████░░░░░░░░░░░░░░░░░░░  27%  Streaming frame 66/1852
  ██████░░░░░░░░░░░░░░░░░░░  27%  Streaming frame 67/1852
  ██████░░░░░░░░░░░░░░░░░░░  27%  Streaming frame 68/1852
  ██████░░░░░░░░░░░░░░░░░░░  27%  Streaming frame 69/1852
  ██████░░░░░░░░░░░░░░░░░░░  27%  Streaming frame 70/1852
  ██████░░░░░░░░░░░░░░░░░░░  27%  Streaming frame 71/1852
  ██████░░░░░░░░░░░░░░░░░░░  27%  Streaming frame 72/1852
  ██████░░░░░░░░░░░░░░░░░░░  27%  Streaming frame 73/1852
  ██████░░░░░░░░░░░░░░░░░░░  27%  Streaming frame 74/1852
  ██████░░░░░░░░░░░░░░░░░░░  27%  Streaming frame 75/1852
  ██████░░░░░░░░░░░░░░░░░░░  27%  Streaming frame 76/1852
  ██████░░░░░░░░░░░░░░░░░░░  27%  Streaming frame 77/1852
  ██████░░░░░░░░░░░░░░░░░░░  27%  Streaming frame 78/1852
  ██████░░░░░░░░░░░░░░░░░░░  27%  Streaming frame 79/1852
  ██████░░░░░░░░░░░░░░░░░░░  27%  Streaming frame 80/1852
  ██████░░░░░░░░░░░░░░░░░░░  27%  Streaming frame 81/1852
  ██████░░░░░░░░░░░░░░░░░░░  27%  Streaming frame 82/1852
  ██████░░░░░░░░░░░░░░░░░░░  27%  Streaming frame 83/1852
  ██████░░░░░░░░░░░░░░░░░░░  27%  Streaming frame 84/1852
  ███████░░░░░░░░░░░░░░░░░░  28%  Streaming frame 85/1852
  ███████░░░░░░░░░░░░░░░░░░  28%  Streaming frame 86/1852
  ███████░░░░░░░░░░░░░░░░░░  28%  Streaming frame 87/1852
  ███████░░░░░░░░░░░░░░░░░░  28%  Streaming frame 88/1852
  ███████░░░░░░░░░░░░░░░░░░  28%  Streaming frame 89/1852
  ███████░░░░░░░░░░░░░░░░░░  28%  Streaming frame 90/1852
  ███████░░░░░░░░░░░░░░░░░░  28%  Streaming frame 91/1852
  ███████░░░░░░░░░░░░░░░░░░  28%  Streaming frame 92/1852
  ███████░░░░░░░░░░░░░░░░░░  28%  Streaming frame 93/1852
  ███████░░░░░░░░░░░░░░░░░░  28%  Streaming frame 94/1852
  ███████░░░░░░░░░░░░░░░░░░  28%  Streaming frame 95/1852
  ███████░░░░░░░░░░░░░░░░░░  28%  Streaming frame 96/1852
  ███████░░░░░░░░░░░░░░░░░░  28%  Streaming frame 97/1852
  ███████░░░░░░░░░░░░░░░░░░  28%  Streaming frame 98/1852
  ███████░░░░░░░░░░░░░░░░░░  28%  Streaming frame 99/1852
  ███████░░░░░░░░░░░░░░░░░░  28%  Streaming frame 100/1852
  ███████░░░░░░░░░░░░░░░░░░  28%  Streaming frame 101/1852
  ███████░░░░░░░░░░░░░░░░░░  28%  Streaming frame 102/1852
  ███████░░░░░░░░░░░░░░░░░░  28%  Streaming frame 103/1852
  ███████░░░░░░░░░░░░░░░░░░  28%  Streaming frame 104/1852
  ███████░░░░░░░░░░░░░░░░░░  28%  Streaming frame 105/1852
  ███████░░░░░░░░░░░░░░░░░░  28%  Streaming frame 106/1852
  ███████░░░░░░░░░░░░░░░░░░  28%  Streaming frame 107/1852
  ███████░░░░░░░░░░░░░░░░░░  28%  Streaming frame 108/1852
  ███████░░░░░░░░░░░░░░░░░░  28%  Streaming frame 109/1852
  ███████░░░░░░░░░░░░░░░░░░  28%  Streaming frame 110/1852
  ███████░░░░░░░░░░░░░░░░░░  28%  Streaming frame 111/1852
  ███████░░░░░░░░░░░░░░░░░░  28%  Streaming frame 112/1852
  ███████░░░░░░░░░░░░░░░░░░  28%  Streaming frame 113/1852
  ███████░░░░░░░░░░░░░░░░░░  28%  Streaming frame 114/1852
  ███████░░░░░░░░░░░░░░░░░░  28%  Streaming frame 115/1852
  ███████░░░░░░░░░░░░░░░░░░  28%  Streaming frame 116/1852
  ███████░░░░░░░░░░░░░░░░░░  28%  Streaming frame 117/1852
  ███████░░░░░░░░░░░░░░░░░░  29%  Streaming frame 118/1852
  ███████░░░░░░░░░░░░░░░░░░  29%  Streaming frame 119/1852
  ███████░░░░░░░░░░░░░░░░░░  29%  Streaming frame 120/1852
  ███████░░░░░░░░░░░░░░░░░░  29%  Streaming frame 121/1852
  ███████░░░░░░░░░░░░░░░░░░  29%  Streaming frame 122/1852
  ███████░░░░░░░░░░░░░░░░░░  29%  Streaming frame 123/1852
  ███████░░░░░░░░░░░░░░░░░░  29%  Streaming frame 124/1852
  ███████░░░░░░░░░░░░░░░░░░  29%  Streaming frame 125/1852
  ███████░░░░░░░░░░░░░░░░░░  29%  Streaming frame 126/1852
  ███████░░░░░░░░░░░░░░░░░░  29%  Streaming frame 127/1852
  ███████░░░░░░░░░░░░░░░░░░  29%  Streaming frame 128/1852
  ███████░░░░░░░░░░░░░░░░░░  29%  Streaming frame 129/1852
  ███████░░░░░░░░░░░░░░░░░░  29%  Streaming frame 130/1852
  ███████░░░░░░░░░░░░░░░░░░  29%  Streaming frame 131/1852
  ███████░░░░░░░░░░░░░░░░░░  29%  Streaming frame 132/1852
  ███████░░░░░░░░░░░░░░░░░░  29%  Streaming frame 133/1852
  ███████░░░░░░░░░░░░░░░░░░  29%  Streaming frame 134/1852
  ███████░░░░░░░░░░░░░░░░░░  29%  Streaming frame 135/1852
  ███████░░░░░░░░░░░░░░░░░░  29%  Streaming frame 136/1852
  ███████░░░░░░░░░░░░░░░░░░  29%  Streaming frame 137/1852
  ███████░░░░░░░░░░░░░░░░░░  29%  Streaming frame 138/1852
  ███████░░░░░░░░░░░░░░░░░░  29%  Streaming frame 139/1852
  ███████░░░░░░░░░░░░░░░░░░  29%  Streaming frame 140/1852
  ███████░░░░░░░░░░░░░░░░░░  29%  Streaming frame 141/1852
  ███████░░░░░░░░░░░░░░░░░░  29%  Streaming frame 142/1852
  ███████░░░░░░░░░░░░░░░░░░  29%  Streaming frame 143/1852
  ███████░░░░░░░░░░░░░░░░░░  29%  Streaming frame 144/1852
  ███████░░░░░░░░░░░░░░░░░░  29%  Streaming frame 145/1852
  ███████░░░░░░░░░░░░░░░░░░  29%  Streaming frame 146/1852
  ███████░░░░░░░░░░░░░░░░░░  29%  Streaming frame 147/1852
  ███████░░░░░░░░░░░░░░░░░░  29%  Streaming frame 148/1852
  ███████░░░░░░░░░░░░░░░░░░  29%  Streaming frame 149/1852
  ███████░░░░░░░░░░░░░░░░░░  29%  Streaming frame 150/1852
  ███████░░░░░░░░░░░░░░░░░░  29%  Streaming frame 151/1852
  ███████░░░░░░░░░░░░░░░░░░  30%  Streaming frame 152/1852
  ███████░░░░░░░░░░░░░░░░░░  30%  Streaming frame 153/1852
  ███████░░░░░░░░░░░░░░░░░░  30%  Streaming frame 154/1852
  ███████░░░░░░░░░░░░░░░░░░  30%  Streaming frame 155/1852
  ███████░░░░░░░░░░░░░░░░░░  30%  Streaming frame 156/1852
  ███████░░░░░░░░░░░░░░░░░░  30%  Streaming frame 157/1852
  ███████░░░░░░░░░░░░░░░░░░  30%  Streaming frame 158/1852
  ███████░░░░░░░░░░░░░░░░░░  30%  Streaming frame 159/1852
  ███████░░░░░░░░░░░░░░░░░░  30%  Streaming frame 160/1852
  ███████░░░░░░░░░░░░░░░░░░  30%  Streaming frame 161/1852
  ███████░░░░░░░░░░░░░░░░░░  30%  Streaming frame 162/1852
  ███████░░░░░░░░░░░░░░░░░░  30%  Streaming frame 163/1852
  ███████░░░░░░░░░░░░░░░░░░  30%  Streaming frame 164/1852
  ███████░░░░░░░░░░░░░░░░░░  30%  Streaming frame 165/1852
  ███████░░░░░░░░░░░░░░░░░░  30%  Streaming frame 166/1852
  ███████░░░░░░░░░░░░░░░░░░  30%  Streaming frame 167/1852
  ███████░░░░░░░░░░░░░░░░░░  30%  Streaming frame 168/1852
  ███████░░░░░░░░░░░░░░░░░░  30%  Streaming frame 169/1852
  ███████░░░░░░░░░░░░░░░░░░  30%  Streaming frame 170/1852
  ███████░░░░░░░░░░░░░░░░░░  30%  Streaming frame 171/1852
  ███████░░░░░░░░░░░░░░░░░░  30%  Streaming frame 172/1852
  ███████░░░░░░░░░░░░░░░░░░  30%  Streaming frame 173/1852
  ███████░░░░░░░░░░░░░░░░░░  30%  Streaming frame 174/1852
  ███████░░░░░░░░░░░░░░░░░░  30%  Streaming frame 175/1852
  ███████░░░░░░░░░░░░░░░░░░  30%  Streaming frame 176/1852
  ███████░░░░░░░░░░░░░░░░░░  30%  Streaming frame 177/1852
  ███████░░░░░░░░░░░░░░░░░░  30%  Streaming frame 178/1852
  ███████░░░░░░░░░░░░░░░░░░  30%  Streaming frame 179/1852
  ███████░░░░░░░░░░░░░░░░░░  30%  Streaming frame 180/1852
  ███████░░░░░░░░░░░░░░░░░░  30%  Streaming frame 181/1852
  ███████░░░░░░░░░░░░░░░░░░  30%  Streaming frame 182/1852
  ███████░░░░░░░░░░░░░░░░░░  30%  Streaming frame 183/1852
  ███████░░░░░░░░░░░░░░░░░░  30%  Streaming frame 184/1852
  ███████░░░░░░░░░░░░░░░░░░  30%  Streaming frame 185/1852
  ███████░░░░░░░░░░░░░░░░░░  31%  Streaming frame 186/1852
  ███████░░░░░░░░░░░░░░░░░░  31%  Streaming frame 187/1852
  ███████░░░░░░░░░░░░░░░░░░  31%  Streaming frame 188/1852
  ███████░░░░░░░░░░░░░░░░░░  31%  Streaming frame 189/1852
  ███████░░░░░░░░░░░░░░░░░░  31%  Streaming frame 190/1852
  ███████░░░░░░░░░░░░░░░░░░  31%  Streaming frame 191/1852
  ███████░░░░░░░░░░░░░░░░░░  31%  Streaming frame 192/1852
  ███████░░░░░░░░░░░░░░░░░░  31%  Streaming frame 193/1852
  ███████░░░░░░░░░░░░░░░░░░  31%  Streaming frame 194/1852
  ███████░░░░░░░░░░░░░░░░░░  31%  Streaming frame 195/1852
  ███████░░░░░░░░░░░░░░░░░░  31%  Streaming frame 196/1852
  ███████░░░░░░░░░░░░░░░░░░  31%  Streaming frame 197/1852
  ███████░░░░░░░░░░░░░░░░░░  31%  Streaming frame 198/1852
  ███████░░░░░░░░░░░░░░░░░░  31%  Streaming frame 199/1852
  ███████░░░░░░░░░░░░░░░░░░  31%  Streaming frame 200/1852
  ███████░░░░░░░░░░░░░░░░░░  31%  Streaming frame 201/1852
  ███████░░░░░░░░░░░░░░░░░░  31%  Streaming frame 202/1852
  ███████░░░░░░░░░░░░░░░░░░  31%  Streaming frame 203/1852
  ███████░░░░░░░░░░░░░░░░░░  31%  Streaming frame 204/1852
  ███████░░░░░░░░░░░░░░░░░░  31%  Streaming frame 205/1852
  ███████░░░░░░░░░░░░░░░░░░  31%  Streaming frame 206/1852
  ███████░░░░░░░░░░░░░░░░░░  31%  Streaming frame 207/1852
  ███████░░░░░░░░░░░░░░░░░░  31%  Streaming frame 208/1852
  ███████░░░░░░░░░░░░░░░░░░  31%  Streaming frame 209/1852
  ███████░░░░░░░░░░░░░░░░░░  31%  Streaming frame 210/1852
  ███████░░░░░░░░░░░░░░░░░░  31%  Streaming frame 211/1852
  ███████░░░░░░░░░░░░░░░░░░  31%  Streaming frame 212/1852
  ███████░░░░░░░░░░░░░░░░░░  31%  Streaming frame 213/1852
  ███████░░░░░░░░░░░░░░░░░░  31%  Streaming frame 214/1852
  ███████░░░░░░░░░░░░░░░░░░  31%  Streaming frame 215/1852
  ███████░░░░░░░░░░░░░░░░░░  31%  Streaming frame 216/1852
  ███████░░░░░░░░░░░░░░░░░░  31%  Streaming frame 217/1852
  ███████░░░░░░░░░░░░░░░░░░  31%  Streaming frame 218/1852
  ████████░░░░░░░░░░░░░░░░░  32%  Streaming frame 219/1852
  ████████░░░░░░░░░░░░░░░░░  32%  Streaming frame 220/1852
  ████████░░░░░░░░░░░░░░░░░  32%  Streaming frame 221/1852
  ████████░░░░░░░░░░░░░░░░░  32%  Streaming frame 222/1852
  ████████░░░░░░░░░░░░░░░░░  32%  Streaming frame 223/1852
  ████████░░░░░░░░░░░░░░░░░  32%  Streaming frame 224/1852
  ████████░░░░░░░░░░░░░░░░░  32%  Streaming frame 225/1852
  ████████░░░░░░░░░░░░░░░░░  32%  Streaming frame 226/1852
  ████████░░░░░░░░░░░░░░░░░  32%  Streaming frame 227/1852
  ████████░░░░░░░░░░░░░░░░░  32%  Streaming frame 228/1852
  ████████░░░░░░░░░░░░░░░░░  32%  Streaming frame 229/1852
  ████████░░░░░░░░░░░░░░░░░  32%  Streaming frame 230/1852
  ████████░░░░░░░░░░░░░░░░░  32%  Streaming frame 231/1852
  ████████░░░░░░░░░░░░░░░░░  32%  Streaming frame 232/1852
  ████████░░░░░░░░░░░░░░░░░  32%  Streaming frame 233/1852
  ████████░░░░░░░░░░░░░░░░░  32%  Streaming frame 234/1852
  ████████░░░░░░░░░░░░░░░░░  32%  Streaming frame 235/1852
  ████████░░░░░░░░░░░░░░░░░  32%  Streaming frame 236/1852
  ████████░░░░░░░░░░░░░░░░░  32%  Streaming frame 237/1852
  ████████░░░░░░░░░░░░░░░░░  32%  Streaming frame 238/1852
  ████████░░░░░░░░░░░░░░░░░  32%  Streaming frame 239/1852
  ████████░░░░░░░░░░░░░░░░░  32%  Streaming frame 240/1852
  ████████░░░░░░░░░░░░░░░░░  32%  Streaming frame 241/1852
  ████████░░░░░░░░░░░░░░░░░  32%  Streaming frame 242/1852
  ████████░░░░░░░░░░░░░░░░░  32%  Streaming frame 243/1852
  ████████░░░░░░░░░░░░░░░░░  32%  Streaming frame 244/1852
  ████████░░░░░░░░░░░░░░░░░  32%  Streaming frame 245/1852
  ████████░░░░░░░░░░░░░░░░░  32%  Streaming frame 246/1852
  ████████░░░░░░░░░░░░░░░░░  32%  Streaming frame 247/1852
  ████████░░░░░░░░░░░░░░░░░  32%  Streaming frame 248/1852
  ████████░░░░░░░░░░░░░░░░░  32%  Streaming frame 249/1852
  ████████░░░░░░░░░░░░░░░░░  32%  Streaming frame 250/1852
  ████████░░░░░░░░░░░░░░░░░  32%  Streaming frame 251/1852
  ████████░░░░░░░░░░░░░░░░░  32%  Streaming frame 252/1852
  ████████░░░░░░░░░░░░░░░░░  33%  Streaming frame 253/1852
  ████████░░░░░░░░░░░░░░░░░  33%  Streaming frame 254/1852
  ████████░░░░░░░░░░░░░░░░░  33%  Streaming frame 255/1852
  ████████░░░░░░░░░░░░░░░░░  33%  Streaming frame 256/1852
  ████████░░░░░░░░░░░░░░░░░  33%  Streaming frame 257/1852
  ████████░░░░░░░░░░░░░░░░░  33%  Streaming frame 258/1852
  ████████░░░░░░░░░░░░░░░░░  33%  Streaming frame 259/1852
  ████████░░░░░░░░░░░░░░░░░  33%  Streaming frame 260/1852
  ████████░░░░░░░░░░░░░░░░░  33%  Streaming frame 261/1852
  ████████░░░░░░░░░░░░░░░░░  33%  Streaming frame 262/1852
  ████████░░░░░░░░░░░░░░░░░  33%  Streaming frame 263/1852
  ████████░░░░░░░░░░░░░░░░░  33%  Streaming frame 264/1852
  ████████░░░░░░░░░░░░░░░░░  33%  Streaming frame 265/1852
  ████████░░░░░░░░░░░░░░░░░  33%  Streaming frame 266/1852
  ████████░░░░░░░░░░░░░░░░░  33%  Streaming frame 267/1852
  ████████░░░░░░░░░░░░░░░░░  33%  Streaming frame 268/1852
  ████████░░░░░░░░░░░░░░░░░  33%  Streaming frame 269/1852
  ████████░░░░░░░░░░░░░░░░░  33%  Streaming frame 270/1852
  ████████░░░░░░░░░░░░░░░░░  33%  Streaming frame 271/1852
  ████████░░░░░░░░░░░░░░░░░  33%  Streaming frame 272/1852
  ████████░░░░░░░░░░░░░░░░░  33%  Streaming frame 273/1852
  ████████░░░░░░░░░░░░░░░░░  33%  Streaming frame 274/1852
  ████████░░░░░░░░░░░░░░░░░  33%  Streaming frame 275/1852
  ████████░░░░░░░░░░░░░░░░░  33%  Streaming frame 276/1852
  ████████░░░░░░░░░░░░░░░░░  33%  Streaming frame 277/1852
  ████████░░░░░░░░░░░░░░░░░  33%  Streaming frame 278/1852
  ████████░░░░░░░░░░░░░░░░░  33%  Streaming frame 279/1852
  ████████░░░░░░░░░░░░░░░░░  33%  Streaming frame 280/1852
  ████████░░░░░░░░░░░░░░░░░  33%  Streaming frame 281/1852
  ████████░░░░░░░░░░░░░░░░░  33%  Streaming frame 282/1852
  ████████░░░░░░░░░░░░░░░░░  33%  Streaming frame 283/1852
  ████████░░░░░░░░░░░░░░░░░  33%  Streaming frame 284/1852
  ████████░░░░░░░░░░░░░░░░░  33%  Streaming frame 285/1852
  ████████░░░░░░░░░░░░░░░░░  33%  Streaming frame 286/1852
  ████████░░░░░░░░░░░░░░░░░  34%  Streaming frame 287/1852
  ████████░░░░░░░░░░░░░░░░░  34%  Streaming frame 288/1852
  ████████░░░░░░░░░░░░░░░░░  34%  Streaming frame 289/1852
  ████████░░░░░░░░░░░░░░░░░  34%  Streaming frame 290/1852
  ████████░░░░░░░░░░░░░░░░░  34%  Streaming frame 291/1852
  ████████░░░░░░░░░░░░░░░░░  34%  Streaming frame 292/1852
  ████████░░░░░░░░░░░░░░░░░  34%  Streaming frame 293/1852
  ████████░░░░░░░░░░░░░░░░░  34%  Streaming frame 294/1852
  ████████░░░░░░░░░░░░░░░░░  34%  Streaming frame 295/1852
  ████████░░░░░░░░░░░░░░░░░  34%  Streaming frame 296/1852
  ████████░░░░░░░░░░░░░░░░░  34%  Streaming frame 297/1852
  ████████░░░░░░░░░░░░░░░░░  34%  Streaming frame 298/1852
  ████████░░░░░░░░░░░░░░░░░  34%  Streaming frame 299/1852
  ████████░░░░░░░░░░░░░░░░░  34%  Streaming frame 300/1852
  ████████░░░░░░░░░░░░░░░░░  34%  Streaming frame 301/1852
  ████████░░░░░░░░░░░░░░░░░  34%  Streaming frame 302/1852
  ████████░░░░░░░░░░░░░░░░░  34%  Streaming frame 303/1852
  ████████░░░░░░░░░░░░░░░░░  34%  Streaming frame 304/1852
  ████████░░░░░░░░░░░░░░░░░  34%  Streaming frame 305/1852
  ████████░░░░░░░░░░░░░░░░░  34%  Streaming frame 306/1852
  ████████░░░░░░░░░░░░░░░░░  34%  Streaming frame 307/1852
  ████████░░░░░░░░░░░░░░░░░  34%  Streaming frame 308/1852
  ████████░░░░░░░░░░░░░░░░░  34%  Streaming frame 309/1852
  ████████░░░░░░░░░░░░░░░░░  34%  Streaming frame 310/1852
  ████████░░░░░░░░░░░░░░░░░  34%  Streaming frame 311/1852
  ████████░░░░░░░░░░░░░░░░░  34%  Streaming frame 312/1852
  ████████░░░░░░░░░░░░░░░░░  34%  Streaming frame 313/1852
  ████████░░░░░░░░░░░░░░░░░  34%  Streaming frame 314/1852
  ████████░░░░░░░░░░░░░░░░░  34%  Streaming frame 315/1852
  ████████░░░░░░░░░░░░░░░░░  34%  Streaming frame 316/1852
  ████████░░░░░░░░░░░░░░░░░  34%  Streaming frame 317/1852
  ████████░░░░░░░░░░░░░░░░░  34%  Streaming frame 318/1852
  ████████░░░░░░░░░░░░░░░░░  34%  Streaming frame 319/1852
  ████████░░░░░░░░░░░░░░░░░  35%  Streaming frame 320/1852
  ████████░░░░░░░░░░░░░░░░░  35%  Streaming frame 321/1852
  ████████░░░░░░░░░░░░░░░░░  35%  Streaming frame 322/1852
  ████████░░░░░░░░░░░░░░░░░  35%  Streaming frame 323/1852
  ████████░░░░░░░░░░░░░░░░░  35%  Streaming frame 324/1852
  ████████░░░░░░░░░░░░░░░░░  35%  Streaming frame 325/1852
  ████████░░░░░░░░░░░░░░░░░  35%  Streaming frame 326/1852
  ████████░░░░░░░░░░░░░░░░░  35%  Streaming frame 327/1852
  ████████░░░░░░░░░░░░░░░░░  35%  Streaming frame 328/1852
  ████████░░░░░░░░░░░░░░░░░  35%  Streaming frame 329/1852
  ████████░░░░░░░░░░░░░░░░░  35%  Streaming frame 330/1852
  ████████░░░░░░░░░░░░░░░░░  35%  Streaming frame 331/1852
  ████████░░░░░░░░░░░░░░░░░  35%  Streaming frame 332/1852
  ████████░░░░░░░░░░░░░░░░░  35%  Streaming frame 333/1852
  ████████░░░░░░░░░░░░░░░░░  35%  Streaming frame 334/1852
  ████████░░░░░░░░░░░░░░░░░  35%  Streaming frame 335/1852
  ████████░░░░░░░░░░░░░░░░░  35%  Streaming frame 336/1852
  ████████░░░░░░░░░░░░░░░░░  35%  Streaming frame 337/1852
  ████████░░░░░░░░░░░░░░░░░  35%  Streaming frame 338/1852
  ████████░░░░░░░░░░░░░░░░░  35%  Streaming frame 339/1852
  ████████░░░░░░░░░░░░░░░░░  35%  Streaming frame 340/1852
  ████████░░░░░░░░░░░░░░░░░  35%  Streaming frame 341/1852
  ████████░░░░░░░░░░░░░░░░░  35%  Streaming frame 342/1852
  ████████░░░░░░░░░░░░░░░░░  35%  Streaming frame 343/1852
  ████████░░░░░░░░░░░░░░░░░  35%  Streaming frame 344/1852
  ████████░░░░░░░░░░░░░░░░░  35%  Streaming frame 345/1852
  ████████░░░░░░░░░░░░░░░░░  35%  Streaming frame 346/1852
  ████████░░░░░░░░░░░░░░░░░  35%  Streaming frame 347/1852
  ████████░░░░░░░░░░░░░░░░░  35%  Streaming frame 348/1852
  ████████░░░░░░░░░░░░░░░░░  35%  Streaming frame 349/1852
  ████████░░░░░░░░░░░░░░░░░  35%  Streaming frame 350/1852
  ████████░░░░░░░░░░░░░░░░░  35%  Streaming frame 351/1852
  ████████░░░░░░░░░░░░░░░░░  35%  Streaming frame 352/1852
  ████████░░░░░░░░░░░░░░░░░  35%  Streaming frame 353/1852
  █████████░░░░░░░░░░░░░░░░  36%  Streaming frame 354/1852
  █████████░░░░░░░░░░░░░░░░  36%  Streaming frame 355/1852
  █████████░░░░░░░░░░░░░░░░  36%  Streaming frame 356/1852
  █████████░░░░░░░░░░░░░░░░  36%  Streaming frame 357/1852
  █████████░░░░░░░░░░░░░░░░  36%  Streaming frame 358/1852
  █████████░░░░░░░░░░░░░░░░  36%  Streaming frame 359/1852
  █████████░░░░░░░░░░░░░░░░  36%  Streaming frame 360/1852
  █████████░░░░░░░░░░░░░░░░  36%  Streaming frame 361/1852
  █████████░░░░░░░░░░░░░░░░  36%  Streaming frame 362/1852
  █████████░░░░░░░░░░░░░░░░  36%  Streaming frame 363/1852
  █████████░░░░░░░░░░░░░░░░  36%  Streaming frame 364/1852
  █████████░░░░░░░░░░░░░░░░  36%  Streaming frame 365/1852
  █████████░░░░░░░░░░░░░░░░  36%  Streaming frame 366/1852
  █████████░░░░░░░░░░░░░░░░  36%  Streaming frame 367/1852
  █████████░░░░░░░░░░░░░░░░  36%  Streaming frame 368/1852
  █████████░░░░░░░░░░░░░░░░  36%  Streaming frame 369/1852
  █████████░░░░░░░░░░░░░░░░  36%  Streaming frame 370/1852
  █████████░░░░░░░░░░░░░░░░  36%  Streaming frame 371/1852
  █████████░░░░░░░░░░░░░░░░  36%  Streaming frame 372/1852
  █████████░░░░░░░░░░░░░░░░  36%  Streaming frame 373/1852
  █████████░░░░░░░░░░░░░░░░  36%  Streaming frame 374/1852
  █████████░░░░░░░░░░░░░░░░  36%  Streaming frame 375/1852
  █████████░░░░░░░░░░░░░░░░  36%  Streaming frame 376/1852
  █████████░░░░░░░░░░░░░░░░  36%  Streaming frame 377/1852
  █████████░░░░░░░░░░░░░░░░  36%  Streaming frame 378/1852
  █████████░░░░░░░░░░░░░░░░  36%  Streaming frame 379/1852
  █████████░░░░░░░░░░░░░░░░  36%  Streaming frame 380/1852
  █████████░░░░░░░░░░░░░░░░  36%  Streaming frame 381/1852
  █████████░░░░░░░░░░░░░░░░  36%  Streaming frame 382/1852
  █████████░░░░░░░░░░░░░░░░  36%  Streaming frame 383/1852
  █████████░░░░░░░░░░░░░░░░  36%  Streaming frame 384/1852
  █████████░░░░░░░░░░░░░░░░  36%  Streaming frame 385/1852
  █████████░░░░░░░░░░░░░░░░  36%  Streaming frame 386/1852
  █████████░░░░░░░░░░░░░░░░  36%  Streaming frame 387/1852
  █████████░░░░░░░░░░░░░░░░  37%  Streaming frame 388/1852
  █████████░░░░░░░░░░░░░░░░  37%  Streaming frame 389/1852
  █████████░░░░░░░░░░░░░░░░  37%  Streaming frame 390/1852
  █████████░░░░░░░░░░░░░░░░  37%  Streaming frame 391/1852
  █████████░░░░░░░░░░░░░░░░  37%  Streaming frame 392/1852
  █████████░░░░░░░░░░░░░░░░  37%  Streaming frame 393/1852
  █████████░░░░░░░░░░░░░░░░  37%  Streaming frame 394/1852
  █████████░░░░░░░░░░░░░░░░  37%  Streaming frame 395/1852
  █████████░░░░░░░░░░░░░░░░  37%  Streaming frame 396/1852
  █████████░░░░░░░░░░░░░░░░  37%  Streaming frame 397/1852
  █████████░░░░░░░░░░░░░░░░  37%  Streaming frame 398/1852
  █████████░░░░░░░░░░░░░░░░  37%  Streaming frame 399/1852
  █████████░░░░░░░░░░░░░░░░  37%  Streaming frame 400/1852
  █████████░░░░░░░░░░░░░░░░  37%  Streaming frame 401/1852
  █████████░░░░░░░░░░░░░░░░  37%  Streaming frame 402/1852
  █████████░░░░░░░░░░░░░░░░  37%  Streaming frame 403/1852
  █████████░░░░░░░░░░░░░░░░  37%  Streaming frame 404/1852
  █████████░░░░░░░░░░░░░░░░  37%  Streaming frame 405/1852
  █████████░░░░░░░░░░░░░░░░  37%  Streaming frame 406/1852
  █████████░░░░░░░░░░░░░░░░  37%  Streaming frame 407/1852
  █████████░░░░░░░░░░░░░░░░  37%  Streaming frame 408/1852
  █████████░░░░░░░░░░░░░░░░  37%  Streaming frame 409/1852
  █████████░░░░░░░░░░░░░░░░  37%  Streaming frame 410/1852
  █████████░░░░░░░░░░░░░░░░  37%  Streaming frame 411/1852
  █████████░░░░░░░░░░░░░░░░  37%  Streaming frame 412/1852
  █████████░░░░░░░░░░░░░░░░  37%  Streaming frame 413/1852
  █████████░░░░░░░░░░░░░░░░  37%  Streaming frame 414/1852
  █████████░░░░░░░░░░░░░░░░  37%  Streaming frame 415/1852
  █████████░░░░░░░░░░░░░░░░  37%  Streaming frame 416/1852
  █████████░░░░░░░░░░░░░░░░  37%  Streaming frame 417/1852
  █████████░░░░░░░░░░░░░░░░  37%  Streaming frame 418/1852
  █████████░░░░░░░░░░░░░░░░  37%  Streaming frame 419/1852
  █████████░░░░░░░░░░░░░░░░  37%  Streaming frame 420/1852
  █████████░░░░░░░░░░░░░░░░  38%  Streaming frame 421/1852
  █████████░░░░░░░░░░░░░░░░  38%  Streaming frame 422/1852
  █████████░░░░░░░░░░░░░░░░  38%  Streaming frame 423/1852
  █████████░░░░░░░░░░░░░░░░  38%  Streaming frame 424/1852
  █████████░░░░░░░░░░░░░░░░  38%  Streaming frame 425/1852
  █████████░░░░░░░░░░░░░░░░  38%  Streaming frame 426/1852
  █████████░░░░░░░░░░░░░░░░  38%  Streaming frame 427/1852
  █████████░░░░░░░░░░░░░░░░  38%  Streaming frame 428/1852
  █████████░░░░░░░░░░░░░░░░  38%  Streaming frame 429/1852
  █████████░░░░░░░░░░░░░░░░  38%  Streaming frame 430/1852
  █████████░░░░░░░░░░░░░░░░  38%  Streaming frame 431/1852
  █████████░░░░░░░░░░░░░░░░  38%  Streaming frame 432/1852
  █████████░░░░░░░░░░░░░░░░  38%  Streaming frame 433/1852
  █████████░░░░░░░░░░░░░░░░  38%  Streaming frame 434/1852
  █████████░░░░░░░░░░░░░░░░  38%  Streaming frame 435/1852
  █████████░░░░░░░░░░░░░░░░  38%  Streaming frame 436/1852
  █████████░░░░░░░░░░░░░░░░  38%  Streaming frame 437/1852
  █████████░░░░░░░░░░░░░░░░  38%  Streaming frame 438/1852
  █████████░░░░░░░░░░░░░░░░  38%  Streaming frame 439/1852
  █████████░░░░░░░░░░░░░░░░  38%  Streaming frame 440/1852
  █████████░░░░░░░░░░░░░░░░  38%  Streaming frame 441/1852
  █████████░░░░░░░░░░░░░░░░  38%  Streaming frame 442/1852
  █████████░░░░░░░░░░░░░░░░  38%  Streaming frame 443/1852
  █████████░░░░░░░░░░░░░░░░  38%  Streaming frame 444/1852
  █████████░░░░░░░░░░░░░░░░  38%  Streaming frame 445/1852
  █████████░░░░░░░░░░░░░░░░  38%  Streaming frame 446/1852
  █████████░░░░░░░░░░░░░░░░  38%  Streaming frame 447/1852
  █████████░░░░░░░░░░░░░░░░  38%  Streaming frame 448/1852
  █████████░░░░░░░░░░░░░░░░  38%  Streaming frame 449/1852
  █████████░░░░░░░░░░░░░░░░  38%  Streaming frame 450/1852
  █████████░░░░░░░░░░░░░░░░  38%  Streaming frame 451/1852
  █████████░░░░░░░░░░░░░░░░  38%  Streaming frame 452/1852
  █████████░░░░░░░░░░░░░░░░  38%  Streaming frame 453/1852
  █████████░░░░░░░░░░░░░░░░  38%  Streaming frame 454/1852
  █████████░░░░░░░░░░░░░░░░  39%  Streaming frame 455/1852
  █████████░░░░░░░░░░░░░░░░  39%  Streaming frame 456/1852
  █████████░░░░░░░░░░░░░░░░  39%  Streaming frame 457/1852
  █████████░░░░░░░░░░░░░░░░  39%  Streaming frame 458/1852
  █████████░░░░░░░░░░░░░░░░  39%  Streaming frame 459/1852
  █████████░░░░░░░░░░░░░░░░  39%  Streaming frame 460/1852
  █████████░░░░░░░░░░░░░░░░  39%  Streaming frame 461/1852
  █████████░░░░░░░░░░░░░░░░  39%  Streaming frame 462/1852
  █████████░░░░░░░░░░░░░░░░  39%  Streaming frame 463/1852
  █████████░░░░░░░░░░░░░░░░  39%  Streaming frame 464/1852
  █████████░░░░░░░░░░░░░░░░  39%  Streaming frame 465/1852
  █████████░░░░░░░░░░░░░░░░  39%  Streaming frame 466/1852
  █████████░░░░░░░░░░░░░░░░  39%  Streaming frame 467/1852
  █████████░░░░░░░░░░░░░░░░  39%  Streaming frame 468/1852
  █████████░░░░░░░░░░░░░░░░  39%  Streaming frame 469/1852
  █████████░░░░░░░░░░░░░░░░  39%  Streaming frame 470/1852
  █████████░░░░░░░░░░░░░░░░  39%  Streaming frame 471/1852
  █████████░░░░░░░░░░░░░░░░  39%  Streaming frame 472/1852
  █████████░░░░░░░░░░░░░░░░  39%  Streaming frame 473/1852
  █████████░░░░░░░░░░░░░░░░  39%  Streaming frame 474/1852
  █████████░░░░░░░░░░░░░░░░  39%  Streaming frame 475/1852
  █████████░░░░░░░░░░░░░░░░  39%  Streaming frame 476/1852
  █████████░░░░░░░░░░░░░░░░  39%  Streaming frame 477/1852
  █████████░░░░░░░░░░░░░░░░  39%  Streaming frame 478/1852
  █████████░░░░░░░░░░░░░░░░  39%  Streaming frame 479/1852
  █████████░░░░░░░░░░░░░░░░  39%  Streaming frame 480/1852
  █████████░░░░░░░░░░░░░░░░  39%  Streaming frame 481/1852
  █████████░░░░░░░░░░░░░░░░  39%  Streaming frame 482/1852
  █████████░░░░░░░░░░░░░░░░  39%  Streaming frame 483/1852
  █████████░░░░░░░░░░░░░░░░  39%  Streaming frame 484/1852
  █████████░░░░░░░░░░░░░░░░  39%  Streaming frame 485/1852
  █████████░░░░░░░░░░░░░░░░  39%  Streaming frame 486/1852
  █████████░░░░░░░░░░░░░░░░  39%  Streaming frame 487/1852
  █████████░░░░░░░░░░░░░░░░  39%  Streaming frame 488/1852
  ██████████░░░░░░░░░░░░░░░  40%  Streaming frame 489/1852
  ██████████░░░░░░░░░░░░░░░  40%  Streaming frame 490/1852
  ██████████░░░░░░░░░░░░░░░  40%  Streaming frame 491/1852
  ██████████░░░░░░░░░░░░░░░  40%  Streaming frame 492/1852
  ██████████░░░░░░░░░░░░░░░  40%  Streaming frame 493/1852
  ██████████░░░░░░░░░░░░░░░  40%  Streaming frame 494/1852
  ██████████░░░░░░░░░░░░░░░  40%  Streaming frame 495/1852
  ██████████░░░░░░░░░░░░░░░  40%  Streaming frame 496/1852
  ██████████░░░░░░░░░░░░░░░  40%  Streaming frame 497/1852
  ██████████░░░░░░░░░░░░░░░  40%  Streaming frame 498/1852
  ██████████░░░░░░░░░░░░░░░  40%  Streaming frame 499/1852
  ██████████░░░░░░░░░░░░░░░  40%  Streaming frame 500/1852
  ██████████░░░░░░░░░░░░░░░  40%  Streaming frame 501/1852
  ██████████░░░░░░░░░░░░░░░  40%  Streaming frame 502/1852
  ██████████░░░░░░░░░░░░░░░  40%  Streaming frame 503/1852
  ██████████░░░░░░░░░░░░░░░  40%  Streaming frame 504/1852
  ██████████░░░░░░░░░░░░░░░  40%  Streaming frame 505/1852
  ██████████░░░░░░░░░░░░░░░  40%  Streaming frame 506/1852
  ██████████░░░░░░░░░░░░░░░  40%  Streaming frame 507/1852
  ██████████░░░░░░░░░░░░░░░  40%  Streaming frame 508/1852
  ██████████░░░░░░░░░░░░░░░  40%  Streaming frame 509/1852
  ██████████░░░░░░░░░░░░░░░  40%  Streaming frame 510/1852
  ██████████░░░░░░░░░░░░░░░  40%  Streaming frame 511/1852
  ██████████░░░░░░░░░░░░░░░  40%  Streaming frame 512/1852
  ██████████░░░░░░░░░░░░░░░  40%  Streaming frame 513/1852
  ██████████░░░░░░░░░░░░░░░  40%  Streaming frame 514/1852
  ██████████░░░░░░░░░░░░░░░  40%  Streaming frame 515/1852
  ██████████░░░░░░░░░░░░░░░  40%  Streaming frame 516/1852
  ██████████░░░░░░░░░░░░░░░  40%  Streaming frame 517/1852
  ██████████░░░░░░░░░░░░░░░  40%  Streaming frame 518/1852
  ██████████░░░░░░░░░░░░░░░  40%  Streaming frame 519/1852
  ██████████░░░░░░░░░░░░░░░  40%  Streaming frame 520/1852
  ██████████░░░░░░░░░░░░░░░  40%  Streaming frame 521/1852
  ██████████░░░░░░░░░░░░░░░  41%  Streaming frame 522/1852
  ██████████░░░░░░░░░░░░░░░  41%  Streaming frame 523/1852
  ██████████░░░░░░░░░░░░░░░  41%  Streaming frame 524/1852
  ██████████░░░░░░░░░░░░░░░  41%  Streaming frame 525/1852
  ██████████░░░░░░░░░░░░░░░  41%  Streaming frame 526/1852
  ██████████░░░░░░░░░░░░░░░  41%  Streaming frame 527/1852
  ██████████░░░░░░░░░░░░░░░  41%  Streaming frame 528/1852
  ██████████░░░░░░░░░░░░░░░  41%  Streaming frame 529/1852
  ██████████░░░░░░░░░░░░░░░  41%  Streaming frame 530/1852
  ██████████░░░░░░░░░░░░░░░  41%  Streaming frame 531/1852
  ██████████░░░░░░░░░░░░░░░  41%  Streaming frame 532/1852
  ██████████░░░░░░░░░░░░░░░  41%  Streaming frame 533/1852
  ██████████░░░░░░░░░░░░░░░  41%  Streaming frame 534/1852
  ██████████░░░░░░░░░░░░░░░  41%  Streaming frame 535/1852
  ██████████░░░░░░░░░░░░░░░  41%  Streaming frame 536/1852
  ██████████░░░░░░░░░░░░░░░  41%  Streaming frame 537/1852
  ██████████░░░░░░░░░░░░░░░  41%  Streaming frame 538/1852
  ██████████░░░░░░░░░░░░░░░  41%  Streaming frame 539/1852
  ██████████░░░░░░░░░░░░░░░  41%  Streaming frame 540/1852
  ██████████░░░░░░░░░░░░░░░  41%  Streaming frame 541/1852
  ██████████░░░░░░░░░░░░░░░  41%  Streaming frame 542/1852
  ██████████░░░░░░░░░░░░░░░  41%  Streaming frame 543/1852
  ██████████░░░░░░░░░░░░░░░  41%  Streaming frame 544/1852
  ██████████░░░░░░░░░░░░░░░  41%  Streaming frame 545/1852
  ██████████░░░░░░░░░░░░░░░  41%  Streaming frame 546/1852
  ██████████░░░░░░░░░░░░░░░  41%  Streaming frame 547/1852
  ██████████░░░░░░░░░░░░░░░  41%  Streaming frame 548/1852
  ██████████░░░░░░░░░░░░░░░  41%  Streaming frame 549/1852
  ██████████░░░░░░░░░░░░░░░  41%  Streaming frame 550/1852
  ██████████░░░░░░░░░░░░░░░  41%  Streaming frame 551/1852
  ██████████░░░░░░░░░░░░░░░  41%  Streaming frame 552/1852
  ██████████░░░░░░░░░░░░░░░  41%  Streaming frame 553/1852
  ██████████░░░░░░░░░░░░░░░  41%  Streaming frame 554/1852
  ██████████░░░░░░░░░░░░░░░  41%  Streaming frame 555/1852
  ██████████░░░░░░░░░░░░░░░  42%  Streaming frame 556/1852
  ██████████░░░░░░░░░░░░░░░  42%  Streaming frame 557/1852
  ██████████░░░░░░░░░░░░░░░  42%  Streaming frame 558/1852
  ██████████░░░░░░░░░░░░░░░  42%  Streaming frame 559/1852
  ██████████░░░░░░░░░░░░░░░  42%  Streaming frame 560/1852
  ██████████░░░░░░░░░░░░░░░  42%  Streaming frame 561/1852
  ██████████░░░░░░░░░░░░░░░  42%  Streaming frame 562/1852
  ██████████░░░░░░░░░░░░░░░  42%  Streaming frame 563/1852
  ██████████░░░░░░░░░░░░░░░  42%  Streaming frame 564/1852
  ██████████░░░░░░░░░░░░░░░  42%  Streaming frame 565/1852
  ██████████░░░░░░░░░░░░░░░  42%  Streaming frame 566/1852
  ██████████░░░░░░░░░░░░░░░  42%  Streaming frame 567/1852
  ██████████░░░░░░░░░░░░░░░  42%  Streaming frame 568/1852
  ██████████░░░░░░░░░░░░░░░  42%  Streaming frame 569/1852
  ██████████░░░░░░░░░░░░░░░  42%  Streaming frame 570/1852
  ██████████░░░░░░░░░░░░░░░  42%  Streaming frame 571/1852
  ██████████░░░░░░░░░░░░░░░  42%  Streaming frame 572/1852
  ██████████░░░░░░░░░░░░░░░  42%  Streaming frame 573/1852
  ██████████░░░░░░░░░░░░░░░  42%  Streaming frame 574/1852
  ██████████░░░░░░░░░░░░░░░  42%  Streaming frame 575/1852
  ██████████░░░░░░░░░░░░░░░  42%  Streaming frame 576/1852
  ██████████░░░░░░░░░░░░░░░  42%  Streaming frame 577/1852
  ██████████░░░░░░░░░░░░░░░  42%  Streaming frame 578/1852
  ██████████░░░░░░░░░░░░░░░  42%  Streaming frame 579/1852
  ██████████░░░░░░░░░░░░░░░  42%  Streaming frame 580/1852
  ██████████░░░░░░░░░░░░░░░  42%  Streaming frame 581/1852
  ██████████░░░░░░░░░░░░░░░  42%  Streaming frame 582/1852
  ██████████░░░░░░░░░░░░░░░  42%  Streaming frame 583/1852
  ██████████░░░░░░░░░░░░░░░  42%  Streaming frame 584/1852
  ██████████░░░░░░░░░░░░░░░  42%  Streaming frame 585/1852
  ██████████░░░░░░░░░░░░░░░  42%  Streaming frame 586/1852
  ██████████░░░░░░░░░░░░░░░  42%  Streaming frame 587/1852
  ██████████░░░░░░░░░░░░░░░  42%  Streaming frame 588/1852
  ██████████░░░░░░░░░░░░░░░  42%  Streaming frame 589/1852
  ██████████░░░░░░░░░░░░░░░  43%  Streaming frame 590/1852
  ██████████░░░░░░░░░░░░░░░  43%  Streaming frame 591/1852
  ██████████░░░░░░░░░░░░░░░  43%  Streaming frame 592/1852
  ██████████░░░░░░░░░░░░░░░  43%  Streaming frame 593/1852
  ██████████░░░░░░░░░░░░░░░  43%  Streaming frame 594/1852
  ██████████░░░░░░░░░░░░░░░  43%  Streaming frame 595/1852
  ██████████░░░░░░░░░░░░░░░  43%  Streaming frame 596/1852
  ██████████░░░░░░░░░░░░░░░  43%  Streaming frame 597/1852
  ██████████░░░░░░░░░░░░░░░  43%  Streaming frame 598/1852
  ██████████░░░░░░░░░░░░░░░  43%  Streaming frame 599/1852
  ██████████░░░░░░░░░░░░░░░  43%  Streaming frame 600/1852
  ██████████░░░░░░░░░░░░░░░  43%  Streaming frame 601/1852
  ██████████░░░░░░░░░░░░░░░  43%  Streaming frame 602/1852
  ██████████░░░░░░░░░░░░░░░  43%  Streaming frame 603/1852
  ██████████░░░░░░░░░░░░░░░  43%  Streaming frame 604/1852
  ██████████░░░░░░░░░░░░░░░  43%  Streaming frame 605/1852
  ██████████░░░░░░░░░░░░░░░  43%  Streaming frame 606/1852
  ██████████░░░░░░░░░░░░░░░  43%  Streaming frame 607/1852
  ██████████░░░░░░░░░░░░░░░  43%  Streaming frame 608/1852
  ██████████░░░░░░░░░░░░░░░  43%  Streaming frame 609/1852
  ██████████░░░░░░░░░░░░░░░  43%  Streaming frame 610/1852
  ██████████░░░░░░░░░░░░░░░  43%  Streaming frame 611/1852
  ██████████░░░░░░░░░░░░░░░  43%  Streaming frame 612/1852
  ██████████░░░░░░░░░░░░░░░  43%  Streaming frame 613/1852
  ██████████░░░░░░░░░░░░░░░  43%  Streaming frame 614/1852
  ██████████░░░░░░░░░░░░░░░  43%  Streaming frame 615/1852
  ██████████░░░░░░░░░░░░░░░  43%  Streaming frame 616/1852
  ██████████░░░░░░░░░░░░░░░  43%  Streaming frame 617/1852
  ██████████░░░░░░░░░░░░░░░  43%  Streaming frame 618/1852
  ██████████░░░░░░░░░░░░░░░  43%  Streaming frame 619/1852
  ██████████░░░░░░░░░░░░░░░  43%  Streaming frame 620/1852
  ██████████░░░░░░░░░░░░░░░  43%  Streaming frame 621/1852
  ██████████░░░░░░░░░░░░░░░  43%  Streaming frame 622/1852
  ███████████░░░░░░░░░░░░░░  44%  Streaming frame 623/1852
  ███████████░░░░░░░░░░░░░░  44%  Streaming frame 624/1852
  ███████████░░░░░░░░░░░░░░  44%  Streaming frame 625/1852
  ███████████░░░░░░░░░░░░░░  44%  Streaming frame 626/1852
  ███████████░░░░░░░░░░░░░░  44%  Streaming frame 627/1852
  ███████████░░░░░░░░░░░░░░  44%  Streaming frame 628/1852
  ███████████░░░░░░░░░░░░░░  44%  Streaming frame 629/1852
  ███████████░░░░░░░░░░░░░░  44%  Streaming frame 630/1852
  ███████████░░░░░░░░░░░░░░  44%  Streaming frame 631/1852
  ███████████░░░░░░░░░░░░░░  44%  Streaming frame 632/1852
  ███████████░░░░░░░░░░░░░░  44%  Streaming frame 633/1852
  ███████████░░░░░░░░░░░░░░  44%  Streaming frame 634/1852
  ███████████░░░░░░░░░░░░░░  44%  Streaming frame 635/1852
  ███████████░░░░░░░░░░░░░░  44%  Streaming frame 636/1852
  ███████████░░░░░░░░░░░░░░  44%  Streaming frame 637/1852
  ███████████░░░░░░░░░░░░░░  44%  Streaming frame 638/1852
  ███████████░░░░░░░░░░░░░░  44%  Streaming frame 639/1852
  ███████████░░░░░░░░░░░░░░  44%  Streaming frame 640/1852
  ███████████░░░░░░░░░░░░░░  44%  Streaming frame 641/1852
  ███████████░░░░░░░░░░░░░░  44%  Streaming frame 642/1852
  ███████████░░░░░░░░░░░░░░  44%  Streaming frame 643/1852
  ███████████░░░░░░░░░░░░░░  44%  Streaming frame 644/1852
  ███████████░░░░░░░░░░░░░░  44%  Streaming frame 645/1852
  ███████████░░░░░░░░░░░░░░  44%  Streaming frame 646/1852
  ███████████░░░░░░░░░░░░░░  44%  Streaming frame 647/1852
  ███████████░░░░░░░░░░░░░░  44%  Streaming frame 648/1852
  ███████████░░░░░░░░░░░░░░  44%  Streaming frame 649/1852
  ███████████░░░░░░░░░░░░░░  44%  Streaming frame 650/1852
  ███████████░░░░░░░░░░░░░░  44%  Streaming frame 651/1852
  ███████████░░░░░░░░░░░░░░  44%  Streaming frame 652/1852
  ███████████░░░░░░░░░░░░░░  44%  Streaming frame 653/1852
  ███████████░░░░░░░░░░░░░░  44%  Streaming frame 654/1852
  ███████████░░░░░░░░░░░░░░  44%  Streaming frame 655/1852
  ███████████░░░░░░░░░░░░░░  44%  Streaming frame 656/1852
  ███████████░░░░░░░░░░░░░░  45%  Streaming frame 657/1852
  ███████████░░░░░░░░░░░░░░  45%  Streaming frame 658/1852
  ███████████░░░░░░░░░░░░░░  45%  Streaming frame 659/1852
  ███████████░░░░░░░░░░░░░░  45%  Streaming frame 660/1852
  ███████████░░░░░░░░░░░░░░  45%  Streaming frame 661/1852
  ███████████░░░░░░░░░░░░░░  45%  Streaming frame 662/1852
  ███████████░░░░░░░░░░░░░░  45%  Streaming frame 663/1852
  ███████████░░░░░░░░░░░░░░  45%  Streaming frame 664/1852
  ███████████░░░░░░░░░░░░░░  45%  Streaming frame 665/1852
  ███████████░░░░░░░░░░░░░░  45%  Streaming frame 666/1852
  ███████████░░░░░░░░░░░░░░  45%  Streaming frame 667/1852
  ███████████░░░░░░░░░░░░░░  45%  Streaming frame 668/1852
  ███████████░░░░░░░░░░░░░░  45%  Streaming frame 669/1852
  ███████████░░░░░░░░░░░░░░  45%  Streaming frame 670/1852
  ███████████░░░░░░░░░░░░░░  45%  Streaming frame 671/1852
  ███████████░░░░░░░░░░░░░░  45%  Streaming frame 672/1852
  ███████████░░░░░░░░░░░░░░  45%  Streaming frame 673/1852
  ███████████░░░░░░░░░░░░░░  45%  Streaming frame 674/1852
  ███████████░░░░░░░░░░░░░░  45%  Streaming frame 675/1852
  ███████████░░░░░░░░░░░░░░  45%  Streaming frame 676/1852
  ███████████░░░░░░░░░░░░░░  45%  Streaming frame 677/1852
  ███████████░░░░░░░░░░░░░░  45%  Streaming frame 678/1852
  ███████████░░░░░░░░░░░░░░  45%  Streaming frame 679/1852
  ███████████░░░░░░░░░░░░░░  45%  Streaming frame 680/1852
  ███████████░░░░░░░░░░░░░░  45%  Streaming frame 681/1852
  ███████████░░░░░░░░░░░░░░  45%  Streaming frame 682/1852
  ███████████░░░░░░░░░░░░░░  45%  Streaming frame 683/1852
  ███████████░░░░░░░░░░░░░░  45%  Streaming frame 684/1852
  ███████████░░░░░░░░░░░░░░  45%  Streaming frame 685/1852
  ███████████░░░░░░░░░░░░░░  45%  Streaming frame 686/1852
  ███████████░░░░░░░░░░░░░░  45%  Streaming frame 687/1852
  ███████████░░░░░░░░░░░░░░  45%  Streaming frame 688/1852
  ███████████░░░░░░░░░░░░░░  45%  Streaming frame 689/1852
  ███████████░░░░░░░░░░░░░░  45%  Streaming frame 690/1852
  ███████████░░░░░░░░░░░░░░  46%  Streaming frame 691/1852
  ███████████░░░░░░░░░░░░░░  46%  Streaming frame 692/1852
  ███████████░░░░░░░░░░░░░░  46%  Streaming frame 693/1852
  ███████████░░░░░░░░░░░░░░  46%  Streaming frame 694/1852
  ███████████░░░░░░░░░░░░░░  46%  Streaming frame 695/1852
  ███████████░░░░░░░░░░░░░░  46%  Streaming frame 696/1852
  ███████████░░░░░░░░░░░░░░  46%  Streaming frame 697/1852
  ███████████░░░░░░░░░░░░░░  46%  Streaming frame 698/1852
  ███████████░░░░░░░░░░░░░░  46%  Streaming frame 699/1852
  ███████████░░░░░░░░░░░░░░  46%  Streaming frame 700/1852
  ███████████░░░░░░░░░░░░░░  46%  Streaming frame 701/1852
  ███████████░░░░░░░░░░░░░░  46%  Streaming frame 702/1852
  ███████████░░░░░░░░░░░░░░  46%  Streaming frame 703/1852
  ███████████░░░░░░░░░░░░░░  46%  Streaming frame 704/1852
  ███████████░░░░░░░░░░░░░░  46%  Streaming frame 705/1852
  ███████████░░░░░░░░░░░░░░  46%  Streaming frame 706/1852
  ███████████░░░░░░░░░░░░░░  46%  Streaming frame 707/1852
  ███████████░░░░░░░░░░░░░░  46%  Streaming frame 708/1852
  ███████████░░░░░░░░░░░░░░  46%  Streaming frame 709/1852
  ███████████░░░░░░░░░░░░░░  46%  Streaming frame 710/1852
  ███████████░░░░░░░░░░░░░░  46%  Streaming frame 711/1852
  ███████████░░░░░░░░░░░░░░  46%  Streaming frame 712/1852
  ███████████░░░░░░░░░░░░░░  46%  Streaming frame 713/1852
  ███████████░░░░░░░░░░░░░░  46%  Streaming frame 714/1852
  ███████████░░░░░░░░░░░░░░  46%  Streaming frame 715/1852
  ███████████░░░░░░░░░░░░░░  46%  Streaming frame 716/1852
  ███████████░░░░░░░░░░░░░░  46%  Streaming frame 717/1852
  ███████████░░░░░░░░░░░░░░  46%  Streaming frame 718/1852
  ███████████░░░░░░░░░░░░░░  46%  Streaming frame 719/1852
  ███████████░░░░░░░░░░░░░░  46%  Streaming frame 720/1852
  ███████████░░░░░░░░░░░░░░  46%  Streaming frame 721/1852
  ███████████░░░░░░░░░░░░░░  46%  Streaming frame 722/1852
  ███████████░░░░░░░░░░░░░░  46%  Streaming frame 723/1852
  ███████████░░░░░░░░░░░░░░  47%  Streaming frame 724/1852
  ███████████░░░░░░░░░░░░░░  47%  Streaming frame 725/1852
  ███████████░░░░░░░░░░░░░░  47%  Streaming frame 726/1852
  ███████████░░░░░░░░░░░░░░  47%  Streaming frame 727/1852
  ███████████░░░░░░░░░░░░░░  47%  Streaming frame 728/1852
  ███████████░░░░░░░░░░░░░░  47%  Streaming frame 729/1852
  ███████████░░░░░░░░░░░░░░  47%  Streaming frame 730/1852
  ███████████░░░░░░░░░░░░░░  47%  Streaming frame 731/1852
  ███████████░░░░░░░░░░░░░░  47%  Streaming frame 732/1852
  ███████████░░░░░░░░░░░░░░  47%  Streaming frame 733/1852
  ███████████░░░░░░░░░░░░░░  47%  Streaming frame 734/1852
  ███████████░░░░░░░░░░░░░░  47%  Streaming frame 735/1852
  ███████████░░░░░░░░░░░░░░  47%  Streaming frame 736/1852
  ███████████░░░░░░░░░░░░░░  47%  Streaming frame 737/1852
  ███████████░░░░░░░░░░░░░░  47%  Streaming frame 738/1852
  ███████████░░░░░░░░░░░░░░  47%  Streaming frame 739/1852
  ███████████░░░░░░░░░░░░░░  47%  Streaming frame 740/1852
  ███████████░░░░░░░░░░░░░░  47%  Streaming frame 741/1852
  ███████████░░░░░░░░░░░░░░  47%  Streaming frame 742/1852
  ███████████░░░░░░░░░░░░░░  47%  Streaming frame 743/1852
  ███████████░░░░░░░░░░░░░░  47%  Streaming frame 744/1852
  ███████████░░░░░░░░░░░░░░  47%  Streaming frame 745/1852
  ███████████░░░░░░░░░░░░░░  47%  Streaming frame 746/1852
  ███████████░░░░░░░░░░░░░░  47%  Streaming frame 747/1852
  ███████████░░░░░░░░░░░░░░  47%  Streaming frame 748/1852
  ███████████░░░░░░░░░░░░░░  47%  Streaming frame 749/1852
  ███████████░░░░░░░░░░░░░░  47%  Streaming frame 750/1852
  ███████████░░░░░░░░░░░░░░  47%  Streaming frame 751/1852
  ███████████░░░░░░░░░░░░░░  47%  Streaming frame 752/1852
  ███████████░░░░░░░░░░░░░░  47%  Streaming frame 753/1852
  ███████████░░░░░░░░░░░░░░  47%  Streaming frame 754/1852
  ███████████░░░░░░░░░░░░░░  47%  Streaming frame 755/1852
  ███████████░░░░░░░░░░░░░░  47%  Streaming frame 756/1852
  ███████████░░░░░░░░░░░░░░  47%  Streaming frame 757/1852
  ████████████░░░░░░░░░░░░░  48%  Streaming frame 758/1852
  ████████████░░░░░░░░░░░░░  48%  Streaming frame 759/1852
  ████████████░░░░░░░░░░░░░  48%  Streaming frame 760/1852
  ████████████░░░░░░░░░░░░░  48%  Streaming frame 761/1852
  ████████████░░░░░░░░░░░░░  48%  Streaming frame 762/1852
  ████████████░░░░░░░░░░░░░  48%  Streaming frame 763/1852
  ████████████░░░░░░░░░░░░░  48%  Streaming frame 764/1852
  ████████████░░░░░░░░░░░░░  48%  Streaming frame 765/1852
  ████████████░░░░░░░░░░░░░  48%  Streaming frame 766/1852
  ████████████░░░░░░░░░░░░░  48%  Streaming frame 767/1852
  ████████████░░░░░░░░░░░░░  48%  Streaming frame 768/1852
  ████████████░░░░░░░░░░░░░  48%  Streaming frame 769/1852
  ████████████░░░░░░░░░░░░░  48%  Streaming frame 770/1852
  ████████████░░░░░░░░░░░░░  48%  Streaming frame 771/1852
  ████████████░░░░░░░░░░░░░  48%  Streaming frame 772/1852
  ████████████░░░░░░░░░░░░░  48%  Streaming frame 773/1852
  ████████████░░░░░░░░░░░░░  48%  Streaming frame 774/1852
  ████████████░░░░░░░░░░░░░  48%  Streaming frame 775/1852
  ████████████░░░░░░░░░░░░░  48%  Streaming frame 776/1852
  ████████████░░░░░░░░░░░░░  48%  Streaming frame 777/1852
  ████████████░░░░░░░░░░░░░  48%  Streaming frame 778/1852
  ████████████░░░░░░░░░░░░░  48%  Streaming frame 779/1852
  ████████████░░░░░░░░░░░░░  48%  Streaming frame 780/1852
  ████████████░░░░░░░░░░░░░  48%  Streaming frame 781/1852
  ████████████░░░░░░░░░░░░░  48%  Streaming frame 782/1852
  ████████████░░░░░░░░░░░░░  48%  Streaming frame 783/1852
  ████████████░░░░░░░░░░░░░  48%  Streaming frame 784/1852
  ████████████░░░░░░░░░░░░░  48%  Streaming frame 785/1852
  ████████████░░░░░░░░░░░░░  48%  Streaming frame 786/1852
  ████████████░░░░░░░░░░░░░  48%  Streaming frame 787/1852
  ████████████░░░░░░░░░░░░░  48%  Streaming frame 788/1852
  ████████████░░░░░░░░░░░░░  48%  Streaming frame 789/1852
  ████████████░░░░░░░░░░░░░  48%  Streaming frame 790/1852
  ████████████░░░░░░░░░░░░░  48%  Streaming frame 791/1852
  ████████████░░░░░░░░░░░░░  49%  Streaming frame 792/1852
  ████████████░░░░░░░░░░░░░  49%  Streaming frame 793/1852
  ████████████░░░░░░░░░░░░░  49%  Streaming frame 794/1852
  ████████████░░░░░░░░░░░░░  49%  Streaming frame 795/1852
  ████████████░░░░░░░░░░░░░  49%  Streaming frame 796/1852
  ████████████░░░░░░░░░░░░░  49%  Streaming frame 797/1852
  ████████████░░░░░░░░░░░░░  49%  Streaming frame 798/1852
  ████████████░░░░░░░░░░░░░  49%  Streaming frame 799/1852
  ████████████░░░░░░░░░░░░░  49%  Streaming frame 800/1852
  ████████████░░░░░░░░░░░░░  49%  Streaming frame 801/1852
  ████████████░░░░░░░░░░░░░  49%  Streaming frame 802/1852
  ████████████░░░░░░░░░░░░░  49%  Streaming frame 803/1852
  ████████████░░░░░░░░░░░░░  49%  Streaming frame 804/1852
  ████████████░░░░░░░░░░░░░  49%  Streaming frame 805/1852
  ████████████░░░░░░░░░░░░░  49%  Streaming frame 806/1852
  ████████████░░░░░░░░░░░░░  49%  Streaming frame 807/1852
  ████████████░░░░░░░░░░░░░  49%  Streaming frame 808/1852
  ████████████░░░░░░░░░░░░░  49%  Streaming frame 809/1852
  ████████████░░░░░░░░░░░░░  49%  Streaming frame 810/1852
  ████████████░░░░░░░░░░░░░  49%  Streaming frame 811/1852
  ████████████░░░░░░░░░░░░░  49%  Streaming frame 812/1852
  ████████████░░░░░░░░░░░░░  49%  Streaming frame 813/1852
  ████████████░░░░░░░░░░░░░  49%  Streaming frame 814/1852
  ████████████░░░░░░░░░░░░░  49%  Streaming frame 815/1852
  ████████████░░░░░░░░░░░░░  49%  Streaming frame 816/1852
  ████████████░░░░░░░░░░░░░  49%  Streaming frame 817/1852
  ████████████░░░░░░░░░░░░░  49%  Streaming frame 818/1852
  ████████████░░░░░░░░░░░░░  49%  Streaming frame 819/1852
  ████████████░░░░░░░░░░░░░  49%  Streaming frame 820/1852
  ████████████░░░░░░░░░░░░░  49%  Streaming frame 821/1852
  ████████████░░░░░░░░░░░░░  49%  Streaming frame 822/1852
  ████████████░░░░░░░░░░░░░  49%  Streaming frame 823/1852
  ████████████░░░░░░░░░░░░░  49%  Streaming frame 824/1852
  ████████████░░░░░░░░░░░░░  50%  Streaming frame 825/1852
  ████████████░░░░░░░░░░░░░  50%  Streaming frame 826/1852
  ████████████░░░░░░░░░░░░░  50%  Streaming frame 827/1852
  ████████████░░░░░░░░░░░░░  50%  Streaming frame 828/1852
  ████████████░░░░░░░░░░░░░  50%  Streaming frame 829/1852
  ████████████░░░░░░░░░░░░░  50%  Streaming frame 830/1852
  ████████████░░░░░░░░░░░░░  50%  Streaming frame 831/1852
  ████████████░░░░░░░░░░░░░  50%  Streaming frame 832/1852
  ████████████░░░░░░░░░░░░░  50%  Streaming frame 833/1852
  ████████████░░░░░░░░░░░░░  50%  Streaming frame 834/1852
  ████████████░░░░░░░░░░░░░  50%  Streaming frame 835/1852
  ████████████░░░░░░░░░░░░░  50%  Streaming frame 836/1852
  ████████████░░░░░░░░░░░░░  50%  Streaming frame 837/1852
  ████████████░░░░░░░░░░░░░  50%  Streaming frame 838/1852
  ████████████░░░░░░░░░░░░░  50%  Streaming frame 839/1852
  ████████████░░░░░░░░░░░░░  50%  Streaming frame 840/1852
  ████████████░░░░░░░░░░░░░  50%  Streaming frame 841/1852
  ████████████░░░░░░░░░░░░░  50%  Streaming frame 842/1852
  ████████████░░░░░░░░░░░░░  50%  Streaming frame 843/1852
  ████████████░░░░░░░░░░░░░  50%  Streaming frame 844/1852
  ████████████░░░░░░░░░░░░░  50%  Streaming frame 845/1852
  ████████████░░░░░░░░░░░░░  50%  Streaming frame 846/1852
  ████████████░░░░░░░░░░░░░  50%  Streaming frame 847/1852
  ████████████░░░░░░░░░░░░░  50%  Streaming frame 848/1852
  ████████████░░░░░░░░░░░░░  50%  Streaming frame 849/1852
  ████████████░░░░░░░░░░░░░  50%  Streaming frame 850/1852
  ████████████░░░░░░░░░░░░░  50%  Streaming frame 851/1852
  ████████████░░░░░░░░░░░░░  50%  Streaming frame 852/1852
  ████████████░░░░░░░░░░░░░  50%  Streaming frame 853/1852
  ████████████░░░░░░░░░░░░░  50%  Streaming frame 854/1852
  ████████████░░░░░░░░░░░░░  50%  Streaming frame 855/1852
  ████████████░░░░░░░░░░░░░  50%  Streaming frame 856/1852
  ████████████░░░░░░░░░░░░░  50%  Streaming frame 857/1852
  ████████████░░░░░░░░░░░░░  50%  Streaming frame 858/1852
  ████████████░░░░░░░░░░░░░  51%  Streaming frame 859/1852
  ████████████░░░░░░░░░░░░░  51%  Streaming frame 860/1852
  ████████████░░░░░░░░░░░░░  51%  Streaming frame 861/1852
  ████████████░░░░░░░░░░░░░  51%  Streaming frame 862/1852
  ████████████░░░░░░░░░░░░░  51%  Streaming frame 863/1852
  ████████████░░░░░░░░░░░░░  51%  Streaming frame 864/1852
  ████████████░░░░░░░░░░░░░  51%  Streaming frame 865/1852
  ████████████░░░░░░░░░░░░░  51%  Streaming frame 866/1852
  ████████████░░░░░░░░░░░░░  51%  Streaming frame 867/1852
  ████████████░░░░░░░░░░░░░  51%  Streaming frame 868/1852
  ████████████░░░░░░░░░░░░░  51%  Streaming frame 869/1852
  ████████████░░░░░░░░░░░░░  51%  Streaming frame 870/1852
  ████████████░░░░░░░░░░░░░  51%  Streaming frame 871/1852
  ████████████░░░░░░░░░░░░░  51%  Streaming frame 872/1852
  ████████████░░░░░░░░░░░░░  51%  Streaming frame 873/1852
  ████████████░░░░░░░░░░░░░  51%  Streaming frame 874/1852
  ████████████░░░░░░░░░░░░░  51%  Streaming frame 875/1852
  ████████████░░░░░░░░░░░░░  51%  Streaming frame 876/1852
  ████████████░░░░░░░░░░░░░  51%  Streaming frame 877/1852
  ████████████░░░░░░░░░░░░░  51%  Streaming frame 878/1852
  ████████████░░░░░░░░░░░░░  51%  Streaming frame 879/1852
  ████████████░░░░░░░░░░░░░  51%  Streaming frame 880/1852
  ████████████░░░░░░░░░░░░░  51%  Streaming frame 881/1852
  ████████████░░░░░░░░░░░░░  51%  Streaming frame 882/1852
  ████████████░░░░░░░░░░░░░  51%  Streaming frame 883/1852
  ████████████░░░░░░░░░░░░░  51%  Streaming frame 884/1852
  ████████████░░░░░░░░░░░░░  51%  Streaming frame 885/1852
  ████████████░░░░░░░░░░░░░  51%  Streaming frame 886/1852
  ████████████░░░░░░░░░░░░░  51%  Streaming frame 887/1852
  ████████████░░░░░░░░░░░░░  51%  Streaming frame 888/1852
  ████████████░░░░░░░░░░░░░  51%  Streaming frame 889/1852
  ████████████░░░░░░░░░░░░░  51%  Streaming frame 890/1852
  ████████████░░░░░░░░░░░░░  51%  Streaming frame 891/1852
  ████████████░░░░░░░░░░░░░  51%  Streaming frame 892/1852
  █████████████░░░░░░░░░░░░  52%  Streaming frame 893/1852
  █████████████░░░░░░░░░░░░  52%  Streaming frame 894/1852
  █████████████░░░░░░░░░░░░  52%  Streaming frame 895/1852
  █████████████░░░░░░░░░░░░  52%  Streaming frame 896/1852
  █████████████░░░░░░░░░░░░  52%  Streaming frame 897/1852
  █████████████░░░░░░░░░░░░  52%  Streaming frame 898/1852
  █████████████░░░░░░░░░░░░  52%  Streaming frame 899/1852
  █████████████░░░░░░░░░░░░  52%  Streaming frame 900/1852
  █████████████░░░░░░░░░░░░  52%  Streaming frame 901/1852
  █████████████░░░░░░░░░░░░  52%  Streaming frame 902/1852
  █████████████░░░░░░░░░░░░  52%  Streaming frame 903/1852
  █████████████░░░░░░░░░░░░  52%  Streaming frame 904/1852
  █████████████░░░░░░░░░░░░  52%  Streaming frame 905/1852
  █████████████░░░░░░░░░░░░  52%  Streaming frame 906/1852
  █████████████░░░░░░░░░░░░  52%  Streaming frame 907/1852
  █████████████░░░░░░░░░░░░  52%  Streaming frame 908/1852
  █████████████░░░░░░░░░░░░  52%  Streaming frame 909/1852
  █████████████░░░░░░░░░░░░  52%  Streaming frame 910/1852
  █████████████░░░░░░░░░░░░  52%  Streaming frame 911/1852
  █████████████░░░░░░░░░░░░  52%  Streaming frame 912/1852
  █████████████░░░░░░░░░░░░  52%  Streaming frame 913/1852
  █████████████░░░░░░░░░░░░  52%  Streaming frame 914/1852
  █████████████░░░░░░░░░░░░  52%  Streaming frame 915/1852
  █████████████░░░░░░░░░░░░  52%  Streaming frame 916/1852
  █████████████░░░░░░░░░░░░  52%  Streaming frame 917/1852
  █████████████░░░░░░░░░░░░  52%  Streaming frame 918/1852
  █████████████░░░░░░░░░░░░  52%  Streaming frame 919/1852
  █████████████░░░░░░░░░░░░  52%  Streaming frame 920/1852
  █████████████░░░░░░░░░░░░  52%  Streaming frame 921/1852
  █████████████░░░░░░░░░░░░  52%  Streaming frame 922/1852
  █████████████░░░░░░░░░░░░  52%  Streaming frame 923/1852
  █████████████░░░░░░░░░░░░  52%  Streaming frame 924/1852
  █████████████░░░░░░░░░░░░  52%  Streaming frame 925/1852
  █████████████░░░░░░░░░░░░  53%  Streaming frame 926/1852
  █████████████░░░░░░░░░░░░  53%  Streaming frame 927/1852
  █████████████░░░░░░░░░░░░  53%  Streaming frame 928/1852
  █████████████░░░░░░░░░░░░  53%  Streaming frame 929/1852
  █████████████░░░░░░░░░░░░  53%  Streaming frame 930/1852
  █████████████░░░░░░░░░░░░  53%  Streaming frame 931/1852
  █████████████░░░░░░░░░░░░  53%  Streaming frame 932/1852
  █████████████░░░░░░░░░░░░  53%  Streaming frame 933/1852
  █████████████░░░░░░░░░░░░  53%  Streaming frame 934/1852
  █████████████░░░░░░░░░░░░  53%  Streaming frame 935/1852
  █████████████░░░░░░░░░░░░  53%  Streaming frame 936/1852
  █████████████░░░░░░░░░░░░  53%  Streaming frame 937/1852
  █████████████░░░░░░░░░░░░  53%  Streaming frame 938/1852
  █████████████░░░░░░░░░░░░  53%  Streaming frame 939/1852
  █████████████░░░░░░░░░░░░  53%  Streaming frame 940/1852
  █████████████░░░░░░░░░░░░  53%  Streaming frame 941/1852
  █████████████░░░░░░░░░░░░  53%  Streaming frame 942/1852
  █████████████░░░░░░░░░░░░  53%  Streaming frame 943/1852
  █████████████░░░░░░░░░░░░  53%  Streaming frame 944/1852
  █████████████░░░░░░░░░░░░  53%  Streaming frame 945/1852
  █████████████░░░░░░░░░░░░  53%  Streaming frame 946/1852
  █████████████░░░░░░░░░░░░  53%  Streaming frame 947/1852
  █████████████░░░░░░░░░░░░  53%  Streaming frame 948/1852
  █████████████░░░░░░░░░░░░  53%  Streaming frame 949/1852
  █████████████░░░░░░░░░░░░  53%  Streaming frame 950/1852
  █████████████░░░░░░░░░░░░  53%  Streaming frame 951/1852
  █████████████░░░░░░░░░░░░  53%  Streaming frame 952/1852
  █████████████░░░░░░░░░░░░  53%  Streaming frame 953/1852
  █████████████░░░░░░░░░░░░  53%  Streaming frame 954/1852
  █████████████░░░░░░░░░░░░  53%  Streaming frame 955/1852
  █████████████░░░░░░░░░░░░  53%  Streaming frame 956/1852
  █████████████░░░░░░░░░░░░  53%  Streaming frame 957/1852
  █████████████░░░░░░░░░░░░  53%  Streaming frame 958/1852
  █████████████░░░░░░░░░░░░  53%  Streaming frame 959/1852
  █████████████░░░░░░░░░░░░  54%  Streaming frame 960/1852
  █████████████░░░░░░░░░░░░  54%  Streaming frame 961/1852
  █████████████░░░░░░░░░░░░  54%  Streaming frame 962/1852
  █████████████░░░░░░░░░░░░  54%  Streaming frame 963/1852
  █████████████░░░░░░░░░░░░  54%  Streaming frame 964/1852
  █████████████░░░░░░░░░░░░  54%  Streaming frame 965/1852
  █████████████░░░░░░░░░░░░  54%  Streaming frame 966/1852
  █████████████░░░░░░░░░░░░  54%  Streaming frame 967/1852
  █████████████░░░░░░░░░░░░  54%  Streaming frame 968/1852
  █████████████░░░░░░░░░░░░  54%  Streaming frame 969/1852
  █████████████░░░░░░░░░░░░  54%  Streaming frame 970/1852
  █████████████░░░░░░░░░░░░  54%  Streaming frame 971/1852
  █████████████░░░░░░░░░░░░  54%  Streaming frame 972/1852
  █████████████░░░░░░░░░░░░  54%  Streaming frame 973/1852
  █████████████░░░░░░░░░░░░  54%  Streaming frame 974/1852
  █████████████░░░░░░░░░░░░  54%  Streaming frame 975/1852
  █████████████░░░░░░░░░░░░  54%  Streaming frame 976/1852
  █████████████░░░░░░░░░░░░  54%  Streaming frame 977/1852
  █████████████░░░░░░░░░░░░  54%  Streaming frame 978/1852
  █████████████░░░░░░░░░░░░  54%  Streaming frame 979/1852
  █████████████░░░░░░░░░░░░  54%  Streaming frame 980/1852
  █████████████░░░░░░░░░░░░  54%  Streaming frame 981/1852
  █████████████░░░░░░░░░░░░  54%  Streaming frame 982/1852
  █████████████░░░░░░░░░░░░  54%  Streaming frame 983/1852
  █████████████░░░░░░░░░░░░  54%  Streaming frame 984/1852
  █████████████░░░░░░░░░░░░  54%  Streaming frame 985/1852
  █████████████░░░░░░░░░░░░  54%  Streaming frame 986/1852
  █████████████░░░░░░░░░░░░  54%  Streaming frame 987/1852
  █████████████░░░░░░░░░░░░  54%  Streaming frame 988/1852
  █████████████░░░░░░░░░░░░  54%  Streaming frame 989/1852
  █████████████░░░░░░░░░░░░  54%  Streaming frame 990/1852
  █████████████░░░░░░░░░░░░  54%  Streaming frame 991/1852
  █████████████░░░░░░░░░░░░  54%  Streaming frame 992/1852
  █████████████░░░░░░░░░░░░  54%  Streaming frame 993/1852
  █████████████░░░░░░░░░░░░  55%  Streaming frame 994/1852
  █████████████░░░░░░░░░░░░  55%  Streaming frame 995/1852
  █████████████░░░░░░░░░░░░  55%  Streaming frame 996/1852
  █████████████░░░░░░░░░░░░  55%  Streaming frame 997/1852
  █████████████░░░░░░░░░░░░  55%  Streaming frame 998/1852
  █████████████░░░░░░░░░░░░  55%  Streaming frame 999/1852
  █████████████░░░░░░░░░░░░  55%  Streaming frame 1000/1852
  █████████████░░░░░░░░░░░░  55%  Streaming frame 1001/1852
  █████████████░░░░░░░░░░░░  55%  Streaming frame 1002/1852
  █████████████░░░░░░░░░░░░  55%  Streaming frame 1003/1852
  █████████████░░░░░░░░░░░░  55%  Streaming frame 1004/1852
  █████████████░░░░░░░░░░░░  55%  Streaming frame 1005/1852
  █████████████░░░░░░░░░░░░  55%  Streaming frame 1006/1852
  █████████████░░░░░░░░░░░░  55%  Streaming frame 1007/1852
  █████████████░░░░░░░░░░░░  55%  Streaming frame 1008/1852
  █████████████░░░░░░░░░░░░  55%  Streaming frame 1009/1852
  █████████████░░░░░░░░░░░░  55%  Streaming frame 1010/1852
  █████████████░░░░░░░░░░░░  55%  Streaming frame 1011/1852
  █████████████░░░░░░░░░░░░  55%  Streaming frame 1012/1852
  █████████████░░░░░░░░░░░░  55%  Streaming frame 1013/1852
  █████████████░░░░░░░░░░░░  55%  Streaming frame 1014/1852
  █████████████░░░░░░░░░░░░  55%  Streaming frame 1015/1852
  █████████████░░░░░░░░░░░░  55%  Streaming frame 1016/1852
  █████████████░░░░░░░░░░░░  55%  Streaming frame 1017/1852
  █████████████░░░░░░░░░░░░  55%  Streaming frame 1018/1852
  █████████████░░░░░░░░░░░░  55%  Streaming frame 1019/1852
  █████████████░░░░░░░░░░░░  55%  Streaming frame 1020/1852
  █████████████░░░░░░░░░░░░  55%  Streaming frame 1021/1852
  █████████████░░░░░░░░░░░░  55%  Streaming frame 1022/1852
  █████████████░░░░░░░░░░░░  55%  Streaming frame 1023/1852
  █████████████░░░░░░░░░░░░  55%  Streaming frame 1024/1852
  █████████████░░░░░░░░░░░░  55%  Streaming frame 1025/1852
  █████████████░░░░░░░░░░░░  55%  Streaming frame 1026/1852
  █████████████░░░░░░░░░░░░  55%  Streaming frame 1027/1852
  ██████████████░░░░░░░░░░░  56%  Streaming frame 1028/1852
  ██████████████░░░░░░░░░░░  56%  Streaming frame 1029/1852
  ██████████████░░░░░░░░░░░  56%  Streaming frame 1030/1852
  ██████████████░░░░░░░░░░░  56%  Streaming frame 1031/1852
  ██████████████░░░░░░░░░░░  56%  Streaming frame 1032/1852
  ██████████████░░░░░░░░░░░  56%  Streaming frame 1033/1852
  ██████████████░░░░░░░░░░░  56%  Streaming frame 1034/1852
  ██████████████░░░░░░░░░░░  56%  Streaming frame 1035/1852
  ██████████████░░░░░░░░░░░  56%  Streaming frame 1036/1852
  ██████████████░░░░░░░░░░░  56%  Streaming frame 1037/1852
  ██████████████░░░░░░░░░░░  56%  Streaming frame 1038/1852
  ██████████████░░░░░░░░░░░  56%  Streaming frame 1039/1852
  ██████████████░░░░░░░░░░░  56%  Streaming frame 1040/1852
  ██████████████░░░░░░░░░░░  56%  Streaming frame 1041/1852
  ██████████████░░░░░░░░░░░  56%  Streaming frame 1042/1852
  ██████████████░░░░░░░░░░░  56%  Streaming frame 1043/1852
  ██████████████░░░░░░░░░░░  56%  Streaming frame 1044/1852
  ██████████████░░░░░░░░░░░  56%  Streaming frame 1045/1852
  ██████████████░░░░░░░░░░░  56%  Streaming frame 1046/1852
  ██████████████░░░░░░░░░░░  56%  Streaming frame 1047/1852
  ██████████████░░░░░░░░░░░  56%  Streaming frame 1048/1852
  ██████████████░░░░░░░░░░░  56%  Streaming frame 1049/1852
  ██████████████░░░░░░░░░░░  56%  Streaming frame 1050/1852
  ██████████████░░░░░░░░░░░  56%  Streaming frame 1051/1852
  ██████████████░░░░░░░░░░░  56%  Streaming frame 1052/1852
  ██████████████░░░░░░░░░░░  56%  Streaming frame 1053/1852
  ██████████████░░░░░░░░░░░  56%  Streaming frame 1054/1852
  ██████████████░░░░░░░░░░░  56%  Streaming frame 1055/1852
  ██████████████░░░░░░░░░░░  56%  Streaming frame 1056/1852
  ██████████████░░░░░░░░░░░  56%  Streaming frame 1057/1852
  ██████████████░░░░░░░░░░░  56%  Streaming frame 1058/1852
  ██████████████░░░░░░░░░░░  56%  Streaming frame 1059/1852
  ██████████████░░░░░░░░░░░  56%  Streaming frame 1060/1852
  ██████████████░░░░░░░░░░░  57%  Streaming frame 1061/1852
  ██████████████░░░░░░░░░░░  57%  Streaming frame 1062/1852
  ██████████████░░░░░░░░░░░  57%  Streaming frame 1063/1852
  ██████████████░░░░░░░░░░░  57%  Streaming frame 1064/1852
  ██████████████░░░░░░░░░░░  57%  Streaming frame 1065/1852
  ██████████████░░░░░░░░░░░  57%  Streaming frame 1066/1852
  ██████████████░░░░░░░░░░░  57%  Streaming frame 1067/1852
  ██████████████░░░░░░░░░░░  57%  Streaming frame 1068/1852
  ██████████████░░░░░░░░░░░  57%  Streaming frame 1069/1852
  ██████████████░░░░░░░░░░░  57%  Streaming frame 1070/1852
  ██████████████░░░░░░░░░░░  57%  Streaming frame 1071/1852
  ██████████████░░░░░░░░░░░  57%  Streaming frame 1072/1852
  ██████████████░░░░░░░░░░░  57%  Streaming frame 1073/1852
  ██████████████░░░░░░░░░░░  57%  Streaming frame 1074/1852
  ██████████████░░░░░░░░░░░  57%  Streaming frame 1075/1852
  ██████████████░░░░░░░░░░░  57%  Streaming frame 1076/1852
  ██████████████░░░░░░░░░░░  57%  Streaming frame 1077/1852
  ██████████████░░░░░░░░░░░  57%  Streaming frame 1078/1852
  ██████████████░░░░░░░░░░░  57%  Streaming frame 1079/1852
  ██████████████░░░░░░░░░░░  57%  Streaming frame 1080/1852
  ██████████████░░░░░░░░░░░  57%  Streaming frame 1081/1852
  ██████████████░░░░░░░░░░░  57%  Streaming frame 1082/1852
  ██████████████░░░░░░░░░░░  57%  Streaming frame 1083/1852
  ██████████████░░░░░░░░░░░  57%  Streaming frame 1084/1852
  ██████████████░░░░░░░░░░░  57%  Streaming frame 1085/1852
  ██████████████░░░░░░░░░░░  57%  Streaming frame 1086/1852
  ██████████████░░░░░░░░░░░  57%  Streaming frame 1087/1852
  ██████████████░░░░░░░░░░░  57%  Streaming frame 1088/1852
  ██████████████░░░░░░░░░░░  57%  Streaming frame 1089/1852
  ██████████████░░░░░░░░░░░  57%  Streaming frame 1090/1852
  ██████████████░░░░░░░░░░░  57%  Streaming frame 1091/1852
  ██████████████░░░░░░░░░░░  57%  Streaming frame 1092/1852
  ██████████████░░░░░░░░░░░  57%  Streaming frame 1093/1852
  ██████████████░░░░░░░░░░░  57%  Streaming frame 1094/1852
  ██████████████░░░░░░░░░░░  58%  Streaming frame 1095/1852
  ██████████████░░░░░░░░░░░  58%  Streaming frame 1096/1852
  ██████████████░░░░░░░░░░░  58%  Streaming frame 1097/1852
  ██████████████░░░░░░░░░░░  58%  Streaming frame 1098/1852
  ██████████████░░░░░░░░░░░  58%  Streaming frame 1099/1852
  ██████████████░░░░░░░░░░░  58%  Streaming frame 1100/1852
  ██████████████░░░░░░░░░░░  58%  Streaming frame 1101/1852
  ██████████████░░░░░░░░░░░  58%  Streaming frame 1102/1852
  ██████████████░░░░░░░░░░░  58%  Streaming frame 1103/1852
  ██████████████░░░░░░░░░░░  58%  Streaming frame 1104/1852
  ██████████████░░░░░░░░░░░  58%  Streaming frame 1105/1852
  ██████████████░░░░░░░░░░░  58%  Streaming frame 1106/1852
  ██████████████░░░░░░░░░░░  58%  Streaming frame 1107/1852
  ██████████████░░░░░░░░░░░  58%  Streaming frame 1108/1852
  ██████████████░░░░░░░░░░░  58%  Streaming frame 1109/1852
  ██████████████░░░░░░░░░░░  58%  Streaming frame 1110/1852
  ██████████████░░░░░░░░░░░  58%  Streaming frame 1111/1852
  ██████████████░░░░░░░░░░░  58%  Streaming frame 1112/1852
  ██████████████░░░░░░░░░░░  58%  Streaming frame 1113/1852
  ██████████████░░░░░░░░░░░  58%  Streaming frame 1114/1852
  ██████████████░░░░░░░░░░░  58%  Streaming frame 1115/1852
  ██████████████░░░░░░░░░░░  58%  Streaming frame 1116/1852
  ██████████████░░░░░░░░░░░  58%  Streaming frame 1117/1852
  ██████████████░░░░░░░░░░░  58%  Streaming frame 1118/1852
  ██████████████░░░░░░░░░░░  58%  Streaming frame 1119/1852
  ██████████████░░░░░░░░░░░  58%  Streaming frame 1120/1852
  ██████████████░░░░░░░░░░░  58%  Streaming frame 1121/1852
  ██████████████░░░░░░░░░░░  58%  Streaming frame 1122/1852
  ██████████████░░░░░░░░░░░  58%  Streaming frame 1123/1852
  ██████████████░░░░░░░░░░░  58%  Streaming frame 1124/1852
  ██████████████░░░░░░░░░░░  58%  Streaming frame 1125/1852
  ██████████████░░░░░░░░░░░  58%  Streaming frame 1126/1852
  ██████████████░░░░░░░░░░░  58%  Streaming frame 1127/1852
  ██████████████░░░░░░░░░░░  58%  Streaming frame 1128/1852
  ██████████████░░░░░░░░░░░  59%  Streaming frame 1129/1852
  ██████████████░░░░░░░░░░░  59%  Streaming frame 1130/1852
  ██████████████░░░░░░░░░░░  59%  Streaming frame 1131/1852
  ██████████████░░░░░░░░░░░  59%  Streaming frame 1132/1852
  ██████████████░░░░░░░░░░░  59%  Streaming frame 1133/1852
  ██████████████░░░░░░░░░░░  59%  Streaming frame 1134/1852
  ██████████████░░░░░░░░░░░  59%  Streaming frame 1135/1852
  ██████████████░░░░░░░░░░░  59%  Streaming frame 1136/1852
  ██████████████░░░░░░░░░░░  59%  Streaming frame 1137/1852
  ██████████████░░░░░░░░░░░  59%  Streaming frame 1138/1852
  ██████████████░░░░░░░░░░░  59%  Streaming frame 1139/1852
  ██████████████░░░░░░░░░░░  59%  Streaming frame 1140/1852
  ██████████████░░░░░░░░░░░  59%  Streaming frame 1141/1852
  ██████████████░░░░░░░░░░░  59%  Streaming frame 1142/1852
  ██████████████░░░░░░░░░░░  59%  Streaming frame 1143/1852
  ██████████████░░░░░░░░░░░  59%  Streaming frame 1144/1852
  ██████████████░░░░░░░░░░░  59%  Streaming frame 1145/1852
  ██████████████░░░░░░░░░░░  59%  Streaming frame 1146/1852
  ██████████████░░░░░░░░░░░  59%  Streaming frame 1147/1852
  ██████████████░░░░░░░░░░░  59%  Streaming frame 1148/1852
  ██████████████░░░░░░░░░░░  59%  Streaming frame 1149/1852
  ██████████████░░░░░░░░░░░  59%  Streaming frame 1150/1852
  ██████████████░░░░░░░░░░░  59%  Streaming frame 1151/1852
  ██████████████░░░░░░░░░░░  59%  Streaming frame 1152/1852
  ██████████████░░░░░░░░░░░  59%  Streaming frame 1153/1852
  ██████████████░░░░░░░░░░░  59%  Streaming frame 1154/1852
  ██████████████░░░░░░░░░░░  59%  Streaming frame 1155/1852
  ██████████████░░░░░░░░░░░  59%  Streaming frame 1156/1852
  ██████████████░░░░░░░░░░░  59%  Streaming frame 1157/1852
  ██████████████░░░░░░░░░░░  59%  Streaming frame 1158/1852
  ██████████████░░░░░░░░░░░  59%  Streaming frame 1159/1852
  ██████████████░░░░░░░░░░░  59%  Streaming frame 1160/1852
  ██████████████░░░░░░░░░░░  59%  Streaming frame 1161/1852
  ███████████████░░░░░░░░░░  60%  Streaming frame 1162/1852
  ███████████████░░░░░░░░░░  60%  Streaming frame 1163/1852
  ███████████████░░░░░░░░░░  60%  Streaming frame 1164/1852
  ███████████████░░░░░░░░░░  60%  Streaming frame 1165/1852
  ███████████████░░░░░░░░░░  60%  Streaming frame 1166/1852
  ███████████████░░░░░░░░░░  60%  Streaming frame 1167/1852
  ███████████████░░░░░░░░░░  60%  Streaming frame 1168/1852
  ███████████████░░░░░░░░░░  60%  Streaming frame 1169/1852
  ███████████████░░░░░░░░░░  60%  Streaming frame 1170/1852
  ███████████████░░░░░░░░░░  60%  Streaming frame 1171/1852
  ███████████████░░░░░░░░░░  60%  Streaming frame 1172/1852
  ███████████████░░░░░░░░░░  60%  Streaming frame 1173/1852
  ███████████████░░░░░░░░░░  60%  Streaming frame 1174/1852
  ███████████████░░░░░░░░░░  60%  Streaming frame 1175/1852
  ███████████████░░░░░░░░░░  60%  Streaming frame 1176/1852
  ███████████████░░░░░░░░░░  60%  Streaming frame 1177/1852
  ███████████████░░░░░░░░░░  60%  Streaming frame 1178/1852
  ███████████████░░░░░░░░░░  60%  Streaming frame 1179/1852
  ███████████████░░░░░░░░░░  60%  Streaming frame 1180/1852
  ███████████████░░░░░░░░░░  60%  Streaming frame 1181/1852
  ███████████████░░░░░░░░░░  60%  Streaming frame 1182/1852
  ███████████████░░░░░░░░░░  60%  Streaming frame 1183/1852
  ███████████████░░░░░░░░░░  60%  Streaming frame 1184/1852
  ███████████████░░░░░░░░░░  60%  Streaming frame 1185/1852
  ███████████████░░░░░░░░░░  60%  Streaming frame 1186/1852
  ███████████████░░░░░░░░░░  60%  Streaming frame 1187/1852
  ███████████████░░░░░░░░░░  60%  Streaming frame 1188/1852
  ███████████████░░░░░░░░░░  60%  Streaming frame 1189/1852
  ███████████████░░░░░░░░░░  60%  Streaming frame 1190/1852
  ███████████████░░░░░░░░░░  60%  Streaming frame 1191/1852
  ███████████████░░░░░░░░░░  60%  Streaming frame 1192/1852
  ███████████████░░░░░░░░░░  60%  Streaming frame 1193/1852
  ███████████████░░░░░░░░░░  60%  Streaming frame 1194/1852
  ███████████████░░░░░░░░░░  60%  Streaming frame 1195/1852
  ███████████████░░░░░░░░░░  61%  Streaming frame 1196/1852
  ███████████████░░░░░░░░░░  61%  Streaming frame 1197/1852
  ███████████████░░░░░░░░░░  61%  Streaming frame 1198/1852
  ███████████████░░░░░░░░░░  61%  Streaming frame 1199/1852
  ███████████████░░░░░░░░░░  61%  Streaming frame 1200/1852
  ███████████████░░░░░░░░░░  61%  Streaming frame 1201/1852
  ███████████████░░░░░░░░░░  61%  Streaming frame 1202/1852
  ███████████████░░░░░░░░░░  61%  Streaming frame 1203/1852
  ███████████████░░░░░░░░░░  61%  Streaming frame 1204/1852
  ███████████████░░░░░░░░░░  61%  Streaming frame 1205/1852
  ███████████████░░░░░░░░░░  61%  Streaming frame 1206/1852
  ███████████████░░░░░░░░░░  61%  Streaming frame 1207/1852
  ███████████████░░░░░░░░░░  61%  Streaming frame 1208/1852
  ███████████████░░░░░░░░░░  61%  Streaming frame 1209/1852
  ███████████████░░░░░░░░░░  61%  Streaming frame 1210/1852
  ███████████████░░░░░░░░░░  61%  Streaming frame 1211/1852
  ███████████████░░░░░░░░░░  61%  Streaming frame 1212/1852
  ███████████████░░░░░░░░░░  61%  Streaming frame 1213/1852
  ███████████████░░░░░░░░░░  61%  Streaming frame 1214/1852
  ███████████████░░░░░░░░░░  61%  Streaming frame 1215/1852
  ███████████████░░░░░░░░░░  61%  Streaming frame 1216/1852
  ███████████████░░░░░░░░░░  61%  Streaming frame 1217/1852
  ███████████████░░░░░░░░░░  61%  Streaming frame 1218/1852
  ███████████████░░░░░░░░░░  61%  Streaming frame 1219/1852
  ███████████████░░░░░░░░░░  61%  Streaming frame 1220/1852
  ███████████████░░░░░░░░░░  61%  Streaming frame 1221/1852
  ███████████████░░░░░░░░░░  61%  Streaming frame 1222/1852
  ███████████████░░░░░░░░░░  61%  Streaming frame 1223/1852
  ███████████████░░░░░░░░░░  61%  Streaming frame 1224/1852
  ███████████████░░░░░░░░░░  61%  Streaming frame 1225/1852
  ███████████████░░░░░░░░░░  61%  Streaming frame 1226/1852
  ███████████████░░░░░░░░░░  61%  Streaming frame 1227/1852
  ███████████████░░░░░░░░░░  61%  Streaming frame 1228/1852
  ███████████████░░░░░░░░░░  61%  Streaming frame 1229/1852
  ███████████████░░░░░░░░░░  62%  Streaming frame 1230/1852
  ███████████████░░░░░░░░░░  62%  Streaming frame 1231/1852
  ███████████████░░░░░░░░░░  62%  Streaming frame 1232/1852
  ███████████████░░░░░░░░░░  62%  Streaming frame 1233/1852
  ███████████████░░░░░░░░░░  62%  Streaming frame 1234/1852
  ███████████████░░░░░░░░░░  62%  Streaming frame 1235/1852
  ███████████████░░░░░░░░░░  62%  Streaming frame 1236/1852
  ███████████████░░░░░░░░░░  62%  Streaming frame 1237/1852
  ███████████████░░░░░░░░░░  62%  Streaming frame 1238/1852
  ███████████████░░░░░░░░░░  62%  Streaming frame 1239/1852
  ███████████████░░░░░░░░░░  62%  Streaming frame 1240/1852
  ███████████████░░░░░░░░░░  62%  Streaming frame 1241/1852
  ███████████████░░░░░░░░░░  62%  Streaming frame 1242/1852
  ███████████████░░░░░░░░░░  62%  Streaming frame 1243/1852
  ███████████████░░░░░░░░░░  62%  Streaming frame 1244/1852
  ███████████████░░░░░░░░░░  62%  Streaming frame 1245/1852
  ███████████████░░░░░░░░░░  62%  Streaming frame 1246/1852
  ███████████████░░░░░░░░░░  62%  Streaming frame 1247/1852
  ███████████████░░░░░░░░░░  62%  Streaming frame 1248/1852
  ███████████████░░░░░░░░░░  62%  Streaming frame 1249/1852
  ███████████████░░░░░░░░░░  62%  Streaming frame 1250/1852
  ███████████████░░░░░░░░░░  62%  Streaming frame 1251/1852
  ███████████████░░░░░░░░░░  62%  Streaming frame 1252/1852
  ███████████████░░░░░░░░░░  62%  Streaming frame 1253/1852
  ███████████████░░░░░░░░░░  62%  Streaming frame 1254/1852
  ███████████████░░░░░░░░░░  62%  Streaming frame 1255/1852
  ███████████████░░░░░░░░░░  62%  Streaming frame 1256/1852
  ███████████████░░░░░░░░░░  62%  Streaming frame 1257/1852
  ███████████████░░░░░░░░░░  62%  Streaming frame 1258/1852
  ███████████████░░░░░░░░░░  62%  Streaming frame 1259/1852
  ███████████████░░░░░░░░░░  62%  Streaming frame 1260/1852
  ███████████████░░░░░░░░░░  62%  Streaming frame 1261/1852
  ███████████████░░░░░░░░░░  62%  Streaming frame 1262/1852
  ███████████████░░░░░░░░░░  63%  Streaming frame 1263/1852
  ███████████████░░░░░░░░░░  63%  Streaming frame 1264/1852
  ███████████████░░░░░░░░░░  63%  Streaming frame 1265/1852
  ███████████████░░░░░░░░░░  63%  Streaming frame 1266/1852
  ███████████████░░░░░░░░░░  63%  Streaming frame 1267/1852
  ███████████████░░░░░░░░░░  63%  Streaming frame 1268/1852
  ███████████████░░░░░░░░░░  63%  Streaming frame 1269/1852
  ███████████████░░░░░░░░░░  63%  Streaming frame 1270/1852
  ███████████████░░░░░░░░░░  63%  Streaming frame 1271/1852
  ███████████████░░░░░░░░░░  63%  Streaming frame 1272/1852
  ███████████████░░░░░░░░░░  63%  Streaming frame 1273/1852
  ███████████████░░░░░░░░░░  63%  Streaming frame 1274/1852
  ███████████████░░░░░░░░░░  63%  Streaming frame 1275/1852
  ███████████████░░░░░░░░░░  63%  Streaming frame 1276/1852
  ███████████████░░░░░░░░░░  63%  Streaming frame 1277/1852
  ███████████████░░░░░░░░░░  63%  Streaming frame 1278/1852
  ███████████████░░░░░░░░░░  63%  Streaming frame 1279/1852
  ███████████████░░░░░░░░░░  63%  Streaming frame 1280/1852
  ███████████████░░░░░░░░░░  63%  Streaming frame 1281/1852
  ███████████████░░░░░░░░░░  63%  Streaming frame 1282/1852
  ███████████████░░░░░░░░░░  63%  Streaming frame 1283/1852
  ███████████████░░░░░░░░░░  63%  Streaming frame 1284/1852
  ███████████████░░░░░░░░░░  63%  Streaming frame 1285/1852
  ███████████████░░░░░░░░░░  63%  Streaming frame 1286/1852
  ███████████████░░░░░░░░░░  63%  Streaming frame 1287/1852
  ███████████████░░░░░░░░░░  63%  Streaming frame 1288/1852
  ███████████████░░░░░░░░░░  63%  Streaming frame 1289/1852
  ███████████████░░░░░░░░░░  63%  Streaming frame 1290/1852
  ███████████████░░░░░░░░░░  63%  Streaming frame 1291/1852
  ███████████████░░░░░░░░░░  63%  Streaming frame 1292/1852
  ███████████████░░░░░░░░░░  63%  Streaming frame 1293/1852
  ███████████████░░░░░░░░░░  63%  Streaming frame 1294/1852
  ███████████████░░░░░░░░░░  63%  Streaming frame 1295/1852
  ███████████████░░░░░░░░░░  63%  Streaming frame 1296/1852
  ████████████████░░░░░░░░░  64%  Streaming frame 1297/1852
  ████████████████░░░░░░░░░  64%  Streaming frame 1298/1852
  ████████████████░░░░░░░░░  64%  Streaming frame 1299/1852
  ████████████████░░░░░░░░░  64%  Streaming frame 1300/1852
  ████████████████░░░░░░░░░  64%  Streaming frame 1301/1852
  ████████████████░░░░░░░░░  64%  Streaming frame 1302/1852
  ████████████████░░░░░░░░░  64%  Streaming frame 1303/1852
  ████████████████░░░░░░░░░  64%  Streaming frame 1304/1852
  ████████████████░░░░░░░░░  64%  Streaming frame 1305/1852
  ████████████████░░░░░░░░░  64%  Streaming frame 1306/1852
  ████████████████░░░░░░░░░  64%  Streaming frame 1307/1852
  ████████████████░░░░░░░░░  64%  Streaming frame 1308/1852
  ████████████████░░░░░░░░░  64%  Streaming frame 1309/1852
  ████████████████░░░░░░░░░  64%  Streaming frame 1310/1852
  ████████████████░░░░░░░░░  64%  Streaming frame 1311/1852
  ████████████████░░░░░░░░░  64%  Streaming frame 1312/1852
  ████████████████░░░░░░░░░  64%  Streaming frame 1313/1852
  ████████████████░░░░░░░░░  64%  Streaming frame 1314/1852
  ████████████████░░░░░░░░░  64%  Streaming frame 1315/1852
  ████████████████░░░░░░░░░  64%  Streaming frame 1316/1852
  ████████████████░░░░░░░░░  64%  Streaming frame 1317/1852
  ████████████████░░░░░░░░░  64%  Streaming frame 1318/1852
  ████████████████░░░░░░░░░  64%  Streaming frame 1319/1852
  ████████████████░░░░░░░░░  64%  Streaming frame 1320/1852
  ████████████████░░░░░░░░░  64%  Streaming frame 1321/1852
  ████████████████░░░░░░░░░  64%  Streaming frame 1322/1852
  ████████████████░░░░░░░░░  64%  Streaming frame 1323/1852
  ████████████████░░░░░░░░░  64%  Streaming frame 1324/1852
  ████████████████░░░░░░░░░  64%  Streaming frame 1325/1852
  ████████████████░░░░░░░░░  64%  Streaming frame 1326/1852
  ████████████████░░░░░░░░░  64%  Streaming frame 1327/1852
  ████████████████░░░░░░░░░  64%  Streaming frame 1328/1852
  ████████████████░░░░░░░░░  64%  Streaming frame 1329/1852
  ████████████████░░░░░░░░░  64%  Streaming frame 1330/1852
  ████████████████░░░░░░░░░  65%  Streaming frame 1331/1852
  ████████████████░░░░░░░░░  65%  Streaming frame 1332/1852
  ████████████████░░░░░░░░░  65%  Streaming frame 1333/1852
  ████████████████░░░░░░░░░  65%  Streaming frame 1334/1852
  ████████████████░░░░░░░░░  65%  Streaming frame 1335/1852
  ████████████████░░░░░░░░░  65%  Streaming frame 1336/1852
  ████████████████░░░░░░░░░  65%  Streaming frame 1337/1852
  ████████████████░░░░░░░░░  65%  Streaming frame 1338/1852
  ████████████████░░░░░░░░░  65%  Streaming frame 1339/1852
  ████████████████░░░░░░░░░  65%  Streaming frame 1340/1852
  ████████████████░░░░░░░░░  65%  Streaming frame 1341/1852
  ████████████████░░░░░░░░░  65%  Streaming frame 1342/1852
  ████████████████░░░░░░░░░  65%  Streaming frame 1343/1852
  ████████████████░░░░░░░░░  65%  Streaming frame 1344/1852
  ████████████████░░░░░░░░░  65%  Streaming frame 1345/1852
  ████████████████░░░░░░░░░  65%  Streaming frame 1346/1852
  ████████████████░░░░░░░░░  65%  Streaming frame 1347/1852
  ████████████████░░░░░░░░░  65%  Streaming frame 1348/1852
  ████████████████░░░░░░░░░  65%  Streaming frame 1349/1852
  ████████████████░░░░░░░░░  65%  Streaming frame 1350/1852
  ████████████████░░░░░░░░░  65%  Streaming frame 1351/1852
  ████████████████░░░░░░░░░  65%  Streaming frame 1352/1852
  ████████████████░░░░░░░░░  65%  Streaming frame 1353/1852
  ████████████████░░░░░░░░░  65%  Streaming frame 1354/1852
  ████████████████░░░░░░░░░  65%  Streaming frame 1355/1852
  ████████████████░░░░░░░░░  65%  Streaming frame 1356/1852
  ████████████████░░░░░░░░░  65%  Streaming frame 1357/1852
  ████████████████░░░░░░░░░  65%  Streaming frame 1358/1852
  ████████████████░░░░░░░░░  65%  Streaming frame 1359/1852
  ████████████████░░░░░░░░░  65%  Streaming frame 1360/1852
  ████████████████░░░░░░░░░  65%  Streaming frame 1361/1852
  ████████████████░░░░░░░░░  65%  Streaming frame 1362/1852
  ████████████████░░░░░░░░░  65%  Streaming frame 1363/1852
  ████████████████░░░░░░░░░  66%  Streaming frame 1364/1852
  ████████████████░░░░░░░░░  66%  Streaming frame 1365/1852
  ████████████████░░░░░░░░░  66%  Streaming frame 1366/1852
  ████████████████░░░░░░░░░  66%  Streaming frame 1367/1852
  ████████████████░░░░░░░░░  66%  Streaming frame 1368/1852
  ████████████████░░░░░░░░░  66%  Streaming frame 1369/1852
  ████████████████░░░░░░░░░  66%  Streaming frame 1370/1852
  ████████████████░░░░░░░░░  66%  Streaming frame 1371/1852
  ████████████████░░░░░░░░░  66%  Streaming frame 1372/1852
  ████████████████░░░░░░░░░  66%  Streaming frame 1373/1852
  ████████████████░░░░░░░░░  66%  Streaming frame 1374/1852
  ████████████████░░░░░░░░░  66%  Streaming frame 1375/1852
  ████████████████░░░░░░░░░  66%  Streaming frame 1376/1852
  ████████████████░░░░░░░░░  66%  Streaming frame 1377/1852
  ████████████████░░░░░░░░░  66%  Streaming frame 1378/1852
  ████████████████░░░░░░░░░  66%  Streaming frame 1379/1852
  ████████████████░░░░░░░░░  66%  Streaming frame 1380/1852
  ████████████████░░░░░░░░░  66%  Streaming frame 1381/1852
  ████████████████░░░░░░░░░  66%  Streaming frame 1382/1852
  ████████████████░░░░░░░░░  66%  Streaming frame 1383/1852
  ████████████████░░░░░░░░░  66%  Streaming frame 1384/1852
  ████████████████░░░░░░░░░  66%  Streaming frame 1385/1852
  ████████████████░░░░░░░░░  66%  Streaming frame 1386/1852
  ████████████████░░░░░░░░░  66%  Streaming frame 1387/1852
  ████████████████░░░░░░░░░  66%  Streaming frame 1388/1852
  ████████████████░░░░░░░░░  66%  Streaming frame 1389/1852
  ████████████████░░░░░░░░░  66%  Streaming frame 1390/1852
  ████████████████░░░░░░░░░  66%  Streaming frame 1391/1852
  ████████████████░░░░░░░░░  66%  Streaming frame 1392/1852
  ████████████████░░░░░░░░░  66%  Streaming frame 1393/1852
  ████████████████░░░░░░░░░  66%  Streaming frame 1394/1852
  ████████████████░░░░░░░░░  66%  Streaming frame 1395/1852
  ████████████████░░░░░░░░░  66%  Streaming frame 1396/1852
  ████████████████░░░░░░░░░  66%  Streaming frame 1397/1852
  ████████████████░░░░░░░░░  67%  Streaming frame 1398/1852
  ████████████████░░░░░░░░░  67%  Streaming frame 1399/1852
  ████████████████░░░░░░░░░  67%  Streaming frame 1400/1852
  ████████████████░░░░░░░░░  67%  Streaming frame 1401/1852
  ████████████████░░░░░░░░░  67%  Streaming frame 1402/1852
  ████████████████░░░░░░░░░  67%  Streaming frame 1403/1852
  ████████████████░░░░░░░░░  67%  Streaming frame 1404/1852
  ████████████████░░░░░░░░░  67%  Streaming frame 1405/1852
  ████████████████░░░░░░░░░  67%  Streaming frame 1406/1852
  ████████████████░░░░░░░░░  67%  Streaming frame 1407/1852
  ████████████████░░░░░░░░░  67%  Streaming frame 1408/1852
  ████████████████░░░░░░░░░  67%  Streaming frame 1409/1852
  ████████████████░░░░░░░░░  67%  Streaming frame 1410/1852
  ████████████████░░░░░░░░░  67%  Streaming frame 1411/1852
  ████████████████░░░░░░░░░  67%  Streaming frame 1412/1852
  ████████████████░░░░░░░░░  67%  Streaming frame 1413/1852
  ████████████████░░░░░░░░░  67%  Streaming frame 1414/1852
  ████████████████░░░░░░░░░  67%  Streaming frame 1415/1852
  ████████████████░░░░░░░░░  67%  Streaming frame 1416/1852
  ████████████████░░░░░░░░░  67%  Streaming frame 1417/1852
  ████████████████░░░░░░░░░  67%  Streaming frame 1418/1852
  ████████████████░░░░░░░░░  67%  Streaming frame 1419/1852
  ████████████████░░░░░░░░░  67%  Streaming frame 1420/1852
  ████████████████░░░░░░░░░  67%  Streaming frame 1421/1852
  ████████████████░░░░░░░░░  67%  Streaming frame 1422/1852
  ████████████████░░░░░░░░░  67%  Streaming frame 1423/1852
  ████████████████░░░░░░░░░  67%  Streaming frame 1424/1852
  ████████████████░░░░░░░░░  67%  Streaming frame 1425/1852
  ████████████████░░░░░░░░░  67%  Streaming frame 1426/1852
  ████████████████░░░░░░░░░  67%  Streaming frame 1427/1852
  ████████████████░░░░░░░░░  67%  Streaming frame 1428/1852
  ████████████████░░░░░░░░░  67%  Streaming frame 1429/1852
  ████████████████░░░░░░░░░  67%  Streaming frame 1430/1852
  ████████████████░░░░░░░░░  67%  Streaming frame 1431/1852
  █████████████████░░░░░░░░  68%  Streaming frame 1432/1852
  █████████████████░░░░░░░░  68%  Streaming frame 1433/1852
  █████████████████░░░░░░░░  68%  Streaming frame 1434/1852
  █████████████████░░░░░░░░  68%  Streaming frame 1435/1852
  █████████████████░░░░░░░░  68%  Streaming frame 1436/1852
  █████████████████░░░░░░░░  68%  Streaming frame 1437/1852
  █████████████████░░░░░░░░  68%  Streaming frame 1438/1852
  █████████████████░░░░░░░░  68%  Streaming frame 1439/1852
  █████████████████░░░░░░░░  68%  Streaming frame 1440/1852
  █████████████████░░░░░░░░  68%  Streaming frame 1441/1852
  █████████████████░░░░░░░░  68%  Streaming frame 1442/1852
  █████████████████░░░░░░░░  68%  Streaming frame 1443/1852
  █████████████████░░░░░░░░  68%  Streaming frame 1444/1852
  █████████████████░░░░░░░░  68%  Streaming frame 1445/1852
  █████████████████░░░░░░░░  68%  Streaming frame 1446/1852
  █████████████████░░░░░░░░  68%  Streaming frame 1447/1852
  █████████████████░░░░░░░░  68%  Streaming frame 1448/1852
  █████████████████░░░░░░░░  68%  Streaming frame 1449/1852
  █████████████████░░░░░░░░  68%  Streaming frame 1450/1852
  █████████████████░░░░░░░░  68%  Streaming frame 1451/1852
  █████████████████░░░░░░░░  68%  Streaming frame 1452/1852
  █████████████████░░░░░░░░  68%  Streaming frame 1453/1852
  █████████████████░░░░░░░░  68%  Streaming frame 1454/1852
  █████████████████░░░░░░░░  68%  Streaming frame 1455/1852
  █████████████████░░░░░░░░  68%  Streaming frame 1456/1852
  █████████████████░░░░░░░░  68%  Streaming frame 1457/1852
  █████████████████░░░░░░░░  68%  Streaming frame 1458/1852
  █████████████████░░░░░░░░  68%  Streaming frame 1459/1852
  █████████████████░░░░░░░░  68%  Streaming frame 1460/1852
  █████████████████░░░░░░░░  68%  Streaming frame 1461/1852
  █████████████████░░░░░░░░  68%  Streaming frame 1462/1852
  █████████████████░░░░░░░░  68%  Streaming frame 1463/1852
  █████████████████░░░░░░░░  68%  Streaming frame 1464/1852
  █████████████████░░░░░░░░  69%  Streaming frame 1465/1852
  █████████████████░░░░░░░░  69%  Streaming frame 1466/1852
  █████████████████░░░░░░░░  69%  Streaming frame 1467/1852
  █████████████████░░░░░░░░  69%  Streaming frame 1468/1852
  █████████████████░░░░░░░░  69%  Streaming frame 1469/1852
  █████████████████░░░░░░░░  69%  Streaming frame 1470/1852
  █████████████████░░░░░░░░  69%  Streaming frame 1471/1852
  █████████████████░░░░░░░░  69%  Streaming frame 1472/1852
  █████████████████░░░░░░░░  69%  Streaming frame 1473/1852
  █████████████████░░░░░░░░  69%  Streaming frame 1474/1852
  █████████████████░░░░░░░░  69%  Streaming frame 1475/1852
  █████████████████░░░░░░░░  69%  Streaming frame 1476/1852
  █████████████████░░░░░░░░  69%  Streaming frame 1477/1852
  █████████████████░░░░░░░░  69%  Streaming frame 1478/1852
  █████████████████░░░░░░░░  69%  Streaming frame 1479/1852
  █████████████████░░░░░░░░  69%  Streaming frame 1480/1852
  █████████████████░░░░░░░░  69%  Streaming frame 1481/1852
  █████████████████░░░░░░░░  69%  Streaming frame 1482/1852
  █████████████████░░░░░░░░  69%  Streaming frame 1483/1852
  █████████████████░░░░░░░░  69%  Streaming frame 1484/1852
  █████████████████░░░░░░░░  69%  Streaming frame 1485/1852
  █████████████████░░░░░░░░  69%  Streaming frame 1486/1852
  █████████████████░░░░░░░░  69%  Streaming frame 1487/1852
  █████████████████░░░░░░░░  69%  Streaming frame 1488/1852
  █████████████████░░░░░░░░  69%  Streaming frame 1489/1852
  █████████████████░░░░░░░░  69%  Streaming frame 1490/1852
  █████████████████░░░░░░░░  69%  Streaming frame 1491/1852
  █████████████████░░░░░░░░  69%  Streaming frame 1492/1852
  █████████████████░░░░░░░░  69%  Streaming frame 1493/1852
  █████████████████░░░░░░░░  69%  Streaming frame 1494/1852
  █████████████████░░░░░░░░  69%  Streaming frame 1495/1852
  █████████████████░░░░░░░░  69%  Streaming frame 1496/1852
  █████████████████░░░░░░░░  69%  Streaming frame 1497/1852
  █████████████████░░░░░░░░  69%  Streaming frame 1498/1852
  █████████████████░░░░░░░░  70%  Streaming frame 1499/1852
  █████████████████░░░░░░░░  70%  Streaming frame 1500/1852
  █████████████████░░░░░░░░  70%  Streaming frame 1501/1852
  █████████████████░░░░░░░░  70%  Streaming frame 1502/1852
  █████████████████░░░░░░░░  70%  Streaming frame 1503/1852
  █████████████████░░░░░░░░  70%  Streaming frame 1504/1852
  █████████████████░░░░░░░░  70%  Streaming frame 1505/1852
  █████████████████░░░░░░░░  70%  Streaming frame 1506/1852
  █████████████████░░░░░░░░  70%  Streaming frame 1507/1852
  █████████████████░░░░░░░░  70%  Streaming frame 1508/1852
  █████████████████░░░░░░░░  70%  Streaming frame 1509/1852
  █████████████████░░░░░░░░  70%  Streaming frame 1510/1852
  █████████████████░░░░░░░░  70%  Streaming frame 1511/1852
  █████████████████░░░░░░░░  70%  Streaming frame 1512/1852
  █████████████████░░░░░░░░  70%  Streaming frame 1513/1852
  █████████████████░░░░░░░░  70%  Streaming frame 1514/1852
  █████████████████░░░░░░░░  70%  Streaming frame 1515/1852
  █████████████████░░░░░░░░  70%  Streaming frame 1516/1852
  █████████████████░░░░░░░░  70%  Streaming frame 1517/1852
  █████████████████░░░░░░░░  70%  Streaming frame 1518/1852
  █████████████████░░░░░░░░  70%  Streaming frame 1519/1852
  █████████████████░░░░░░░░  70%  Streaming frame 1520/1852
  █████████████████░░░░░░░░  70%  Streaming frame 1521/1852
  █████████████████░░░░░░░░  70%  Streaming frame 1522/1852
  █████████████████░░░░░░░░  70%  Streaming frame 1523/1852
  █████████████████░░░░░░░░  70%  Streaming frame 1524/1852
  █████████████████░░░░░░░░  70%  Streaming frame 1525/1852
  █████████████████░░░░░░░░  70%  Streaming frame 1526/1852
  █████████████████░░░░░░░░  70%  Streaming frame 1527/1852
  █████████████████░░░░░░░░  70%  Streaming frame 1528/1852
  █████████████████░░░░░░░░  70%  Streaming frame 1529/1852
  █████████████████░░░░░░░░  70%  Streaming frame 1530/1852
  █████████████████░░░░░░░░  70%  Streaming frame 1531/1852
  █████████████████░░░░░░░░  70%  Streaming frame 1532/1852
  █████████████████░░░░░░░░  71%  Streaming frame 1533/1852
  █████████████████░░░░░░░░  71%  Streaming frame 1534/1852
  █████████████████░░░░░░░░  71%  Streaming frame 1535/1852
  █████████████████░░░░░░░░  71%  Streaming frame 1536/1852
  █████████████████░░░░░░░░  71%  Streaming frame 1537/1852
  █████████████████░░░░░░░░  71%  Streaming frame 1538/1852
  █████████████████░░░░░░░░  71%  Streaming frame 1539/1852
  █████████████████░░░░░░░░  71%  Streaming frame 1540/1852
  █████████████████░░░░░░░░  71%  Streaming frame 1541/1852
  █████████████████░░░░░░░░  71%  Streaming frame 1542/1852
  █████████████████░░░░░░░░  71%  Streaming frame 1543/1852
  █████████████████░░░░░░░░  71%  Streaming frame 1544/1852
  █████████████████░░░░░░░░  71%  Streaming frame 1545/1852
  █████████████████░░░░░░░░  71%  Streaming frame 1546/1852
  █████████████████░░░░░░░░  71%  Streaming frame 1547/1852
  █████████████████░░░░░░░░  71%  Streaming frame 1548/1852
  █████████████████░░░░░░░░  71%  Streaming frame 1549/1852
  █████████████████░░░░░░░░  71%  Streaming frame 1550/1852
  █████████████████░░░░░░░░  71%  Streaming frame 1551/1852
  █████████████████░░░░░░░░  71%  Streaming frame 1552/1852
  █████████████████░░░░░░░░  71%  Streaming frame 1553/1852
  █████████████████░░░░░░░░  71%  Streaming frame 1554/1852
  █████████████████░░░░░░░░  71%  Streaming frame 1555/1852
  █████████████████░░░░░░░░  71%  Streaming frame 1556/1852
  █████████████████░░░░░░░░  71%  Streaming frame 1557/1852
  █████████████████░░░░░░░░  71%  Streaming frame 1558/1852
  █████████████████░░░░░░░░  71%  Streaming frame 1559/1852
  █████████████████░░░░░░░░  71%  Streaming frame 1560/1852
  █████████████████░░░░░░░░  71%  Streaming frame 1561/1852
  █████████████████░░░░░░░░  71%  Streaming frame 1562/1852
  █████████████████░░░░░░░░  71%  Streaming frame 1563/1852
  █████████████████░░░░░░░░  71%  Streaming frame 1564/1852
  █████████████████░░░░░░░░  71%  Streaming frame 1565/1852
  ██████████████████░░░░░░░  72%  Streaming frame 1566/1852
  ██████████████████░░░░░░░  72%  Streaming frame 1567/1852
  ██████████████████░░░░░░░  72%  Streaming frame 1568/1852
  ██████████████████░░░░░░░  72%  Streaming frame 1569/1852
  ██████████████████░░░░░░░  72%  Streaming frame 1570/1852
  ██████████████████░░░░░░░  72%  Streaming frame 1571/1852
  ██████████████████░░░░░░░  72%  Streaming frame 1572/1852
  ██████████████████░░░░░░░  72%  Streaming frame 1573/1852
  ██████████████████░░░░░░░  72%  Streaming frame 1574/1852
  ██████████████████░░░░░░░  72%  Streaming frame 1575/1852
  ██████████████████░░░░░░░  72%  Streaming frame 1576/1852
  ██████████████████░░░░░░░  72%  Streaming frame 1577/1852
  ██████████████████░░░░░░░  72%  Streaming frame 1578/1852
  ██████████████████░░░░░░░  72%  Streaming frame 1579/1852
  ██████████████████░░░░░░░  72%  Streaming frame 1580/1852
  ██████████████████░░░░░░░  72%  Streaming frame 1581/1852
  ██████████████████░░░░░░░  72%  Streaming frame 1582/1852
  ██████████████████░░░░░░░  72%  Streaming frame 1583/1852
  ██████████████████░░░░░░░  72%  Streaming frame 1584/1852
  ██████████████████░░░░░░░  72%  Streaming frame 1585/1852
  ██████████████████░░░░░░░  72%  Streaming frame 1586/1852
  ██████████████████░░░░░░░  72%  Streaming frame 1587/1852
  ██████████████████░░░░░░░  72%  Streaming frame 1588/1852
  ██████████████████░░░░░░░  72%  Streaming frame 1589/1852
  ██████████████████░░░░░░░  72%  Streaming frame 1590/1852
  ██████████████████░░░░░░░  72%  Streaming frame 1591/1852
  ██████████████████░░░░░░░  72%  Streaming frame 1592/1852
  ██████████████████░░░░░░░  72%  Streaming frame 1593/1852
  ██████████████████░░░░░░░  72%  Streaming frame 1594/1852
  ██████████████████░░░░░░░  72%  Streaming frame 1595/1852
  ██████████████████░░░░░░░  72%  Streaming frame 1596/1852
  ██████████████████░░░░░░░  72%  Streaming frame 1597/1852
  ██████████████████░░░░░░░  72%  Streaming frame 1598/1852
  ██████████████████░░░░░░░  72%  Streaming frame 1599/1852
  ██████████████████░░░░░░░  73%  Streaming frame 1600/1852
  ██████████████████░░░░░░░  73%  Streaming frame 1601/1852
  ██████████████████░░░░░░░  73%  Streaming frame 1602/1852
  ██████████████████░░░░░░░  73%  Streaming frame 1603/1852
  ██████████████████░░░░░░░  73%  Streaming frame 1604/1852
  ██████████████████░░░░░░░  73%  Streaming frame 1605/1852
  ██████████████████░░░░░░░  73%  Streaming frame 1606/1852
  ██████████████████░░░░░░░  73%  Streaming frame 1607/1852
  ██████████████████░░░░░░░  73%  Streaming frame 1608/1852
  ██████████████████░░░░░░░  73%  Streaming frame 1609/1852
  ██████████████████░░░░░░░  73%  Streaming frame 1610/1852
  ██████████████████░░░░░░░  73%  Streaming frame 1611/1852
  ██████████████████░░░░░░░  73%  Streaming frame 1612/1852
  ██████████████████░░░░░░░  73%  Streaming frame 1613/1852
  ██████████████████░░░░░░░  73%  Streaming frame 1614/1852
  ██████████████████░░░░░░░  73%  Streaming frame 1615/1852
  ██████████████████░░░░░░░  73%  Streaming frame 1616/1852
  ██████████████████░░░░░░░  73%  Streaming frame 1617/1852
  ██████████████████░░░░░░░  73%  Streaming frame 1618/1852
  ██████████████████░░░░░░░  73%  Streaming frame 1619/1852
  ██████████████████░░░░░░░  73%  Streaming frame 1620/1852
  ██████████████████░░░░░░░  73%  Streaming frame 1621/1852
  ██████████████████░░░░░░░  73%  Streaming frame 1622/1852
  ██████████████████░░░░░░░  73%  Streaming frame 1623/1852
  ██████████████████░░░░░░░  73%  Streaming frame 1624/1852
  ██████████████████░░░░░░░  73%  Streaming frame 1625/1852
  ██████████████████░░░░░░░  73%  Streaming frame 1626/1852
  ██████████████████░░░░░░░  73%  Streaming frame 1627/1852
  ██████████████████░░░░░░░  73%  Streaming frame 1628/1852
  ██████████████████░░░░░░░  73%  Streaming frame 1629/1852
  ██████████████████░░░░░░░  73%  Streaming frame 1630/1852
  ██████████████████░░░░░░░  73%  Streaming frame 1631/1852
  ██████████████████░░░░░░░  73%  Streaming frame 1632/1852
  ██████████████████░░░░░░░  73%  Streaming frame 1633/1852
  ██████████████████░░░░░░░  74%  Streaming frame 1634/1852
  ██████████████████░░░░░░░  74%  Streaming frame 1635/1852
  ██████████████████░░░░░░░  74%  Streaming frame 1636/1852
  ██████████████████░░░░░░░  74%  Streaming frame 1637/1852
  ██████████████████░░░░░░░  74%  Streaming frame 1638/1852
  ██████████████████░░░░░░░  74%  Streaming frame 1639/1852
  ██████████████████░░░░░░░  74%  Streaming frame 1640/1852
  ██████████████████░░░░░░░  74%  Streaming frame 1641/1852
  ██████████████████░░░░░░░  74%  Streaming frame 1642/1852
  ██████████████████░░░░░░░  74%  Streaming frame 1643/1852
  ██████████████████░░░░░░░  74%  Streaming frame 1644/1852
  ██████████████████░░░░░░░  74%  Streaming frame 1645/1852
  ██████████████████░░░░░░░  74%  Streaming frame 1646/1852
  ██████████████████░░░░░░░  74%  Streaming frame 1647/1852
  ██████████████████░░░░░░░  74%  Streaming frame 1648/1852
  ██████████████████░░░░░░░  74%  Streaming frame 1649/1852
  ██████████████████░░░░░░░  74%  Streaming frame 1650/1852
  ██████████████████░░░░░░░  74%  Streaming frame 1651/1852
  ██████████████████░░░░░░░  74%  Streaming frame 1652/1852
  ██████████████████░░░░░░░  74%  Streaming frame 1653/1852
  ██████████████████░░░░░░░  74%  Streaming frame 1654/1852
  ██████████████████░░░░░░░  74%  Streaming frame 1655/1852
  ██████████████████░░░░░░░  74%  Streaming frame 1656/1852
  ██████████████████░░░░░░░  74%  Streaming frame 1657/1852
  ██████████████████░░░░░░░  74%  Streaming frame 1658/1852
  ██████████████████░░░░░░░  74%  Streaming frame 1659/1852
  ██████████████████░░░░░░░  74%  Streaming frame 1660/1852
  ██████████████████░░░░░░░  74%  Streaming frame 1661/1852
  ██████████████████░░░░░░░  74%  Streaming frame 1662/1852
  ██████████████████░░░░░░░  74%  Streaming frame 1663/1852
  ██████████████████░░░░░░░  74%  Streaming frame 1664/1852
  ██████████████████░░░░░░░  74%  Streaming frame 1665/1852
  ██████████████████░░░░░░░  74%  Streaming frame 1666/1852
  ██████████████████░░░░░░░  75%  Streaming frame 1667/1852
  ██████████████████░░░░░░░  75%  Streaming frame 1668/1852
  ██████████████████░░░░░░░  75%  Streaming frame 1669/1852
  ██████████████████░░░░░░░  75%  Streaming frame 1670/1852
  ██████████████████░░░░░░░  75%  Streaming frame 1671/1852
  ██████████████████░░░░░░░  75%  Streaming frame 1672/1852
  ██████████████████░░░░░░░  75%  Streaming frame 1673/1852
  ██████████████████░░░░░░░  75%  Streaming frame 1674/1852
  ██████████████████░░░░░░░  75%  Streaming frame 1675/1852
  ██████████████████░░░░░░░  75%  Streaming frame 1676/1852
  ██████████████████░░░░░░░  75%  Streaming frame 1677/1852
  ██████████████████░░░░░░░  75%  Streaming frame 1678/1852
  ██████████████████░░░░░░░  75%  Streaming frame 1679/1852
  ██████████████████░░░░░░░  75%  Streaming frame 1680/1852
  ██████████████████░░░░░░░  75%  Streaming frame 1681/1852
  ██████████████████░░░░░░░  75%  Streaming frame 1682/1852
  ██████████████████░░░░░░░  75%  Streaming frame 1683/1852
  ██████████████████░░░░░░░  75%  Streaming frame 1684/1852
  ██████████████████░░░░░░░  75%  Streaming frame 1685/1852
  ██████████████████░░░░░░░  75%  Streaming frame 1686/1852
  ██████████████████░░░░░░░  75%  Streaming frame 1687/1852
  ██████████████████░░░░░░░  75%  Streaming frame 1688/1852
  ██████████████████░░░░░░░  75%  Streaming frame 1689/1852
  ██████████████████░░░░░░░  75%  Streaming frame 1690/1852
  ██████████████████░░░░░░░  75%  Streaming frame 1691/1852
  ██████████████████░░░░░░░  75%  Streaming frame 1692/1852
  ██████████████████░░░░░░░  75%  Streaming frame 1693/1852
  ██████████████████░░░░░░░  75%  Streaming frame 1694/1852
  ██████████████████░░░░░░░  75%  Streaming frame 1695/1852
  ██████████████████░░░░░░░  75%  Streaming frame 1696/1852
  ██████████████████░░░░░░░  75%  Streaming frame 1697/1852
  ██████████████████░░░░░░░  75%  Streaming frame 1698/1852
  ██████████████████░░░░░░░  75%  Streaming frame 1699/1852
  ██████████████████░░░░░░░  75%  Streaming frame 1700/1852
  ███████████████████░░░░░░  76%  Streaming frame 1701/1852
  ███████████████████░░░░░░  76%  Streaming frame 1702/1852
  ███████████████████░░░░░░  76%  Streaming frame 1703/1852
  ███████████████████░░░░░░  76%  Streaming frame 1704/1852
  ███████████████████░░░░░░  76%  Streaming frame 1705/1852
  ███████████████████░░░░░░  76%  Streaming frame 1706/1852
  ███████████████████░░░░░░  76%  Streaming frame 1707/1852
  ███████████████████░░░░░░  76%  Streaming frame 1708/1852
  ███████████████████░░░░░░  76%  Streaming frame 1709/1852
  ███████████████████░░░░░░  76%  Streaming frame 1710/1852
  ███████████████████░░░░░░  76%  Streaming frame 1711/1852
  ███████████████████░░░░░░  76%  Streaming frame 1712/1852
  ███████████████████░░░░░░  76%  Streaming frame 1713/1852
  ███████████████████░░░░░░  76%  Streaming frame 1714/1852
  ███████████████████░░░░░░  76%  Streaming frame 1715/1852
  ███████████████████░░░░░░  76%  Streaming frame 1716/1852
  ███████████████████░░░░░░  76%  Streaming frame 1717/1852
  ███████████████████░░░░░░  76%  Streaming frame 1718/1852
  ███████████████████░░░░░░  76%  Streaming frame 1719/1852
  ███████████████████░░░░░░  76%  Streaming frame 1720/1852
  ███████████████████░░░░░░  76%  Streaming frame 1721/1852
  ███████████████████░░░░░░  76%  Streaming frame 1722/1852
  ███████████████████░░░░░░  76%  Streaming frame 1723/1852
  ███████████████████░░░░░░  76%  Streaming frame 1724/1852
  ███████████████████░░░░░░  76%  Streaming frame 1725/1852
  ███████████████████░░░░░░  76%  Streaming frame 1726/1852
  ███████████████████░░░░░░  76%  Streaming frame 1727/1852
  ███████████████████░░░░░░  76%  Streaming frame 1728/1852
  ███████████████████░░░░░░  76%  Streaming frame 1729/1852
  ███████████████████░░░░░░  76%  Streaming frame 1730/1852
  ███████████████████░░░░░░  76%  Streaming frame 1731/1852
  ███████████████████░░░░░░  76%  Streaming frame 1732/1852
  ███████████████████░░░░░░  76%  Streaming frame 1733/1852
  ███████████████████░░░░░░  76%  Streaming frame 1734/1852
  ███████████████████░░░░░░  77%  Streaming frame 1735/1852
  ███████████████████░░░░░░  77%  Streaming frame 1736/1852
  ███████████████████░░░░░░  77%  Streaming frame 1737/1852
  ███████████████████░░░░░░  77%  Streaming frame 1738/1852
  ███████████████████░░░░░░  77%  Streaming frame 1739/1852
  ███████████████████░░░░░░  77%  Streaming frame 1740/1852
  ███████████████████░░░░░░  77%  Streaming frame 1741/1852
  ███████████████████░░░░░░  77%  Streaming frame 1742/1852
  ███████████████████░░░░░░  77%  Streaming frame 1743/1852
  ███████████████████░░░░░░  77%  Streaming frame 1744/1852
  ███████████████████░░░░░░  77%  Streaming frame 1745/1852
  ███████████████████░░░░░░  77%  Streaming frame 1746/1852
  ███████████████████░░░░░░  77%  Streaming frame 1747/1852
  ███████████████████░░░░░░  77%  Streaming frame 1748/1852
  ███████████████████░░░░░░  77%  Streaming frame 1749/1852
  ███████████████████░░░░░░  77%  Streaming frame 1750/1852
  ███████████████████░░░░░░  77%  Streaming frame 1751/1852
  ███████████████████░░░░░░  77%  Streaming frame 1752/1852
  ███████████████████░░░░░░  77%  Streaming frame 1753/1852
  ███████████████████░░░░░░  77%  Streaming frame 1754/1852
  ███████████████████░░░░░░  77%  Streaming frame 1755/1852
  ███████████████████░░░░░░  77%  Streaming frame 1756/1852
  ███████████████████░░░░░░  77%  Streaming frame 1757/1852
  ███████████████████░░░░░░  77%  Streaming frame 1758/1852
  ███████████████████░░░░░░  77%  Streaming frame 1759/1852
  ███████████████████░░░░░░  77%  Streaming frame 1760/1852
  ███████████████████░░░░░░  77%  Streaming frame 1761/1852
  ███████████████████░░░░░░  77%  Streaming frame 1762/1852
  ███████████████████░░░░░░  77%  Streaming frame 1763/1852
  ███████████████████░░░░░░  77%  Streaming frame 1764/1852
  ███████████████████░░░░░░  77%  Streaming frame 1765/1852
  ███████████████████░░░░░░  77%  Streaming frame 1766/1852
  ███████████████████░░░░░░  77%  Streaming frame 1767/1852
  ███████████████████░░░░░░  78%  Streaming frame 1768/1852
  ███████████████████░░░░░░  78%  Streaming frame 1769/1852
  ███████████████████░░░░░░  78%  Streaming frame 1770/1852
  ███████████████████░░░░░░  78%  Streaming frame 1771/1852
  ███████████████████░░░░░░  78%  Streaming frame 1772/1852
  ███████████████████░░░░░░  78%  Streaming frame 1773/1852
  ███████████████████░░░░░░  78%  Streaming frame 1774/1852
  ███████████████████░░░░░░  78%  Streaming frame 1775/1852
  ███████████████████░░░░░░  78%  Streaming frame 1776/1852
  ███████████████████░░░░░░  78%  Streaming frame 1777/1852
  ███████████████████░░░░░░  78%  Streaming frame 1778/1852
  ███████████████████░░░░░░  78%  Streaming frame 1779/1852
  ███████████████████░░░░░░  78%  Streaming frame 1780/1852
  ███████████████████░░░░░░  78%  Streaming frame 1781/1852
  ███████████████████░░░░░░  78%  Streaming frame 1782/1852
  ███████████████████░░░░░░  78%  Streaming frame 1783/1852
  ███████████████████░░░░░░  78%  Streaming frame 1784/1852
  ███████████████████░░░░░░  78%  Streaming frame 1785/1852
  ███████████████████░░░░░░  78%  Streaming frame 1786/1852
  ███████████████████░░░░░░  78%  Streaming frame 1787/1852
  ███████████████████░░░░░░  78%  Streaming frame 1788/1852
  ███████████████████░░░░░░  78%  Streaming frame 1789/1852
  ███████████████████░░░░░░  78%  Streaming frame 1790/1852
  ███████████████████░░░░░░  78%  Streaming frame 1791/1852
  ███████████████████░░░░░░  78%  Streaming frame 1792/1852
  ███████████████████░░░░░░  78%  Streaming frame 1793/1852
  ███████████████████░░░░░░  78%  Streaming frame 1794/1852
  ███████████████████░░░░░░  78%  Streaming frame 1795/1852
  ███████████████████░░░░░░  78%  Streaming frame 1796/1852
  ███████████████████░░░░░░  78%  Streaming frame 1797/1852
  ███████████████████░░░░░░  78%  Streaming frame 1798/1852
  ███████████████████░░░░░░  78%  Streaming frame 1799/1852
  ███████████████████░░░░░░  78%  Streaming frame 1800/1852
  ███████████████████░░░░░░  78%  Streaming frame 1801/1852
  ███████████████████░░░░░░  79%  Streaming frame 1802/1852
  ███████████████████░░░░░░  79%  Streaming frame 1803/1852
  ███████████████████░░░░░░  79%  Streaming frame 1804/1852
  ███████████████████░░░░░░  79%  Streaming frame 1805/1852
  ███████████████████░░░░░░  79%  Streaming frame 1806/1852
  ███████████████████░░░░░░  79%  Streaming frame 1807/1852
  ███████████████████░░░░░░  79%  Streaming frame 1808/1852
  ███████████████████░░░░░░  79%  Streaming frame 1809/1852
  ███████████████████░░░░░░  79%  Streaming frame 1810/1852
  ███████████████████░░░░░░  79%  Streaming frame 1811/1852
  ███████████████████░░░░░░  79%  Streaming frame 1812/1852
  ███████████████████░░░░░░  79%  Streaming frame 1813/1852
  ███████████████████░░░░░░  79%  Streaming frame 1814/1852
  ███████████████████░░░░░░  79%  Streaming frame 1815/1852
  ███████████████████░░░░░░  79%  Streaming frame 1816/1852
  ███████████████████░░░░░░  79%  Streaming frame 1817/1852
  ███████████████████░░░░░░  79%  Streaming frame 1818/1852
  ███████████████████░░░░░░  79%  Streaming frame 1819/1852
  ███████████████████░░░░░░  79%  Streaming frame 1820/1852
  ███████████████████░░░░░░  79%  Streaming frame 1821/1852
  ███████████████████░░░░░░  79%  Streaming frame 1822/1852
  ███████████████████░░░░░░  79%  Streaming frame 1823/1852
  ███████████████████░░░░░░  79%  Streaming frame 1824/1852
  ███████████████████░░░░░░  79%  Streaming frame 1825/1852
  ███████████████████░░░░░░  79%  Streaming frame 1826/1852
  ███████████████████░░░░░░  79%  Streaming frame 1827/1852
  ███████████████████░░░░░░  79%  Streaming frame 1828/1852
  ███████████████████░░░░░░  79%  Streaming frame 1829/1852
  ███████████████████░░░░░░  79%  Streaming frame 1830/1852
  ███████████████████░░░░░░  79%  Streaming frame 1831/1852
  ███████████████████░░░░░░  79%  Streaming frame 1832/1852
  ███████████████████░░░░░░  79%  Streaming frame 1833/1852
  ███████████████████░░░░░░  79%  Streaming frame 1834/1852
  ███████████████████░░░░░░  79%  Streaming frame 1835/1852
  ████████████████████░░░░░  80%  Streaming frame 1836/1852
  ████████████████████░░░░░  80%  Streaming frame 1837/1852
  ████████████████████░░░░░  80%  Streaming frame 1838/1852
  ████████████████████░░░░░  80%  Streaming frame 1839/1852
  ████████████████████░░░░░  80%  Streaming frame 1840/1852
  ████████████████████░░░░░  80%  Streaming frame 1841/1852
  ████████████████████░░░░░  80%  Streaming frame 1842/1852
  ████████████████████░░░░░  80%  Streaming frame 1843/1852
  ████████████████████░░░░░  80%  Streaming frame 1844/1852
  ████████████████████░░░░░  80%  Streaming frame 1845/1852
  ████████████████████░░░░░  80%  Streaming frame 1846/1852
  ████████████████████░░░░░  80%  Streaming frame 1847/1852
  ████████████████████░░░░░  80%  Streaming frame 1848/1852
  ████████████████████░░░░░  80%  Streaming frame 1849/1852
  ████████████████████░░░░░  80%  Streaming frame 1850/1852
  ████████████████████░░░░░  80%  Streaming frame 1851/1852
[static-dedup] reused 1288/1852 frame(s) (70%), est. ~52808ms saved (avg 41ms/frame)
  ████████████████████░░░░░  80%  Streaming frame 1852/1852
[INFO] [Render:trace] {"renderJobId":"6145d002-5e73-42ec-9a33-0486b9185de6","phase":"capture_streaming","status":"end","elapsedMs":30551,"durationMs":28919,"stagePhase":"capturing","workerCount":1,"forceScreenshot":false,"totalFrames":1852,"framesCompleted":1852,"captureMode":"drawelement","captureOperation":"encode"}
[INFO] [Render:trace] {"renderJobId":"6145d002-5e73-42ec-9a33-0486b9185de6","phase":"assemble","status":"start","elapsedMs":30552,"stagePhase":"capturing","hasAudio":true,"workerCount":1,"forceScreenshot":false,"totalFrames":1852,"framesCompleted":1852,"captureMode":"drawelement","captureOperation":"encode"}
  ██████████████████████░░░  90%  Assembling final video
[INFO] [Render:trace] {"renderJobId":"6145d002-5e73-42ec-9a33-0486b9185de6","phase":"assemble","status":"end","elapsedMs":32093,"durationMs":1541,"stagePhase":"capturing","hasAudio":true,"workerCount":1,"forceScreenshot":false,"totalFrames":1852,"framesCompleted":1852,"captureMode":"drawelement","captureOperation":"encode"}
[INFO] [Render:trace] {"renderJobId":"6145d002-5e73-42ec-9a33-0486b9185de6","phase":"pipeline","status":"checkpoint","elapsedMs":32113,"message":"artifact validated","totalElapsedMs":32113}
  █████████████████████████  100%  Render complete

◇  /Users/brownmanbrain/GitHub/operator-economy/blueprint-cinema/experiments/EP009-FULL-BUILD-001/scenes/seg045__seg048/qa/seg045__seg048.mp4
   3.5 MB · 1m 17.2s video · rendered in 32.1s
