source_frame,source_time_s,candidate_frame,candidate_time_s,candidate_minus_source_sampling_ms,source_mouth_aperture,candidate_mouth_aperture,source_mouth_width,candidate_mouth_width,source_left_eye_aperture,candidate_left_eye_aperture,source_right_eye_aperture,candidate_right_eye_aperture,source_left_brow_height,candidate_left_brow_height,source_right_brow_height,candidate_right_brow_height,source_interocular_width_fraction,candidate_interocular_width_fraction,source_face_center_x,candidate_face_center_x,source_nose_x,candidate_nose_x,source_shoulder_center_x,candidate_shoulder_center_x,source_face_center_y,candidate_face_center_y,source_nose_y,candidate_nose_y,source_shoulder_center_y,candidate_shoulder_center_y,source_head_pitch_deg,candidate_head_pitch_deg,source_head_yaw_deg,candidate_head_yaw_deg,source_head_roll_deg,candidate_head_roll_deg,source_left_wrist_x,candidate_left_wrist_x,source_left_wrist_body_relative_x,candidate_left_wrist_body_relative_x,source_left_wrist_y,candidate_left_wrist_y,source_left_wrist_body_relative_y,candidate_left_wrist_body_relative_y,source_right_wrist_x,candidate_right_wrist_x,source_right_wrist_body_relative_x,candidate_right_wrist_body_relative_x,source_right_wrist_y,candidate_right_wrist_y,source_right_wrist_body_relative_y,candidate_right_wrist_body_relative_y,source_left_elbow_x,candidate_left_elbow_x,source_left_elbow_body_relative_x,candidate_left_elbow_body_relative_x,source_left_elbow_y,candidate_left_elbow_y,source_left_elbow_body_relative_y,candidate_left_elbow_body_relative_y,source_right_elbow_x,candidate_right_elbow_x,source_right_elbow_body_relative_x,candidate_right_elbow_body_relative_x,source_right_elbow_y,candidate_right_elbow_y,source_right_elbow_body_relative_y,candidate_right_elbow_body_relative_y
0,0.0,0,0.0,0.0,0.009958711092491117,0.01221404596902788,0.5707348365135682,0.569347650420855,0.07738276267763504,0.08180565017172377,0.07687388282040984,0.08326348234570523,0.1425333753772506,0.12734383699942334,0.10481515888961732,0.08850807558825041,0.125040708494309,0.1341268143811433,0.5095285326242447,0.5221314430236816,0.5046865940093994,0.5192754864692688,0.5085836499929428,0.521062821149826,0.33201155066490173,0.3985322415828705,0.40119418501853943,0.4833301901817322,0.755037397146225,0.7770164012908936,178.45321655273438,-179.39682006835938,3.2282395362854004,-0.33164530992507935,4.200647354125977,4.148667812347412,,,,,,,,,,,,,,,,,,,,,,,,,,,,,,,,
1,0.041666666666666664,1,0.041666666666666664,0.0,0.025221953398985347,0.02451651681694298,0.5679761919355756,0.5893232708299772,0.07795713544365585,0.08369498702309375,0.07692794322534413,0.08542464387312454,0.13537260378001703,0.12306893947519834,0.09519946285042807,0.08671410677579428,0.12545332176067864,0.13543493283391378,0.5073411911725998,0.5211282670497894,0.5043038129806519,0.5188828110694885,0.5117334425449371,0.5215586423873901,0.335812047123909,0.4014350026845932,0.4038864076137543,0.48376956582069397,0.7567965388298035,0.7730044424533844,177.04225158691406,-181.19401550292974,0.3841547966003418,-0.7376345992088318,4.2830328941345215,4.1023969650268555,,,,,,,,,,,,,,,,,,,,,,,,,,,,,,,,
2,0.08333333333333333,2,0.08333333333333333,0.0,0.044030295969523146,0.03647051701123316,0.5651977458686246,0.5700783845341841,0.07525456653131182,0.08110378136858207,0.07420286836464095,0.08085461391824547,0.1375088719559228,0.12432495713464349,0.09302174395026694,0.08553460562350144,0.12653967574908784,0.1362112827701295,0.5070250034332275,0.520956352353096,0.5043138861656189,0.5176719427108765,0.5109068155288696,0.5214810371398926,0.3380102217197418,0.403815358877182,0.4078555703163147,0.48907604813575745,0.7598803341388702,0.7715227901935577,177.5861358642578,-180.7282867431641,-0.7275877594947815,0.16937710344791412,4.630516052246094,4.188950061798096,,,,,,,,,,,,,,,,,,,,,,,,,,,,,,,,
3,0.125,3,0.125,0.0,0.049831422387369255,0.0524697301472098,0.5723710181226772,0.5764814348746267,0.08074396398649851,0.08394863637190081,0.08093005446434147,0.08413146255850643,0.13368738437941677,0.12224684610011144,0.08904320067382183,0.083828477853323,0.12588235993562838,0.13472441698727192,0.5072905123233795,0.5211578607559204,0.5050287842750549,0.5192563533782959,0.5098652839660645,0.5220664441585541,0.33971257507801056,0.40667304396629333,0.4120446741580963,0.4922351837158203,0.7616891860961914,0.7738990187644958,178.92190551757812,-180.73344421386722,-1.895644187927246,-2.19307541847229,4.840288162231445,4.140508651733399,,,,,,,,,,,,,,,,,,,,,,,,,,0.2151053249835968,,-0.7391873443822197,,1.055645227432251,,0.3816381312012279
4,0.16666666666666666,4,0.16666666666666666,0.0,0.061279546462274244,0.06814116791403148,0.5828416213936244,0.5750919478417413,0.08101190973472436,0.07920018101498334,0.08162515002264657,0.07913985928580351,0.13220034955411453,0.12561258038074272,0.08901032443496996,0.08794222755159081,0.12570906741515048,0.13539661798319097,0.5071881413459778,0.5216256827116013,0.5051344633102417,0.5192035436630249,0.5100417137145996,0.5227639824151993,0.3407745361328125,0.40750734508037567,0.4139348864555359,0.4968208372592926,0.7610171735286713,0.7786453068256378,179.31373596191406,-179.18554687500006,-2.2223100662231445,-2.010348320007324,4.744464874267578,4.067124366760254,,,,,,,,,,,,,,,,,,,,,,,,,,,,,,,,
5,0.20833333333333334,5,0.20833333333333334,0.0,0.06226929016259853,0.03440895938560772,0.5773021574130395,0.5762335023341562,0.0785802962836463,0.07912396983498886,0.07956912727651806,0.08037001016608109,0.1343307592532329,0.13262425524866142,0.09148253898278554,0.0940072640190255,0.12530340916475705,0.1354844216725505,0.5073461830615997,0.5221295654773712,0.5047689080238342,0.5193562507629395,0.5105532109737396,0.5226864814758301,0.3406902700662613,0.4079037010669708,0.41481101512908936,0.4960418939590454,0.7603627145290375,0.781021922826767,179.91444396972656,-180.11380004882815,-2.0461795330047607,-0.8815779089927673,4.891510963439941,4.311907768249512,,,,,,,,,,,,,,,,,,,,,,,,,,,,,,,,
6,0.25,6,0.25,0.0,0.024054141066273616,0.031019397318385274,0.5686627809901885,0.5412523577571616,0.07569179733463456,0.08169121955728731,0.07735655460735544,0.08104592236281706,0.1391159779590848,0.13042412649448107,0.0963014362441701,0.09182213125934965,0.1262003343079297,0.13459424748029258,0.5076361447572708,0.5224823504686356,0.5045469999313354,0.5197816491127014,0.5114739835262299,0.5235946774482727,0.3406437039375305,0.4078126698732376,0.41588932275772095,0.4978218972682953,0.7595070600509644,0.780161440372467,180.66575622558594,-178.37785339355474,-1.0460232496261597,-0.43787238001823425,5.028131484985352,3.887683391571045,,,,,,,,,,,,,,,,,,,,,,,,,,,,,,,,
7,0.2916666666666667,7,0.2916666666666667,0.0,0.016091204911339523,0.03410884055373051,0.5585834707427659,0.559195095226577,0.08296454780662564,0.08300366577341224,0.08403769950563637,0.08293485417559092,0.13410523589970882,0.1259298792245026,0.09344215264406398,0.08659047988874465,0.12509361422791862,0.13441249590084386,0.5069994628429413,0.5222043097019196,0.5042243003845215,0.5206423401832581,0.511732667684555,0.5241149216890335,0.34037064015865326,0.4074191153049469,0.415748655796051,0.4944762885570526,0.7575554251670837,0.7773605585098267,182.404541015625,-180.15888977050787,-0.8829540014266968,-2.7169511318206787,4.644593715667725,4.166006088256836,,,,,,,,,,,,,,,,,,,,,,,,,,,,,,,,
8,0.3333333333333333,8,0.3333333333333333,0.0,0.030260722794718562,0.03600070980619775,0.5632659443391355,0.5569907310057997,0.07652605758597875,0.05999516056243057,0.07594132994524691,0.059568526959374306,0.13751664002643352,0.15720693034032263,0.09714999806119021,0.11752757319716284,0.125528040114565,0.13397742933024112,0.5069285035133362,0.5228287279605865,0.5046192407608032,0.5202023983001709,0.5115389972925186,0.525129646062851,0.3398323059082031,0.4092542380094528,0.4119795262813568,0.49409162998199463,0.7580915093421936,0.7774730324745178,179.88778686523435,-180.7202301025391,-0.8639413714408875,-1.13950777053833,4.264725208282471,4.323289394378662,,,,,,,,,,,,,,,,,,,,,,,,,,,,,,,,
9,0.375,9,0.375,0.0,0.05114096869050789,0.04934354760617676,0.5564796881049607,0.5785844213664535,0.05590306192110946,0.051354855934848946,0.05565995696646755,0.052478080103849425,0.15996471064516218,0.16674399366032433,0.12448824598458388,0.1318883584879167,0.12313269370759843,0.13396035530728176,0.5074592977762222,0.5226573944091797,0.5047402381896973,0.5207513570785522,0.5121771097183228,0.5252663344144821,0.34043964743614197,0.4112464487552643,0.41031110286712646,0.4905446171760559,0.7591782212257385,0.7765622437000275,179.27662658691403,-182.58401489257818,-0.33897504210472107,-0.8279750943183899,3.9798889160156254,3.95093822479248,,,,,,,,,,,,,,,,,,,,,,,,,,,,,,,,
10,0.4166666666666667,10,0.4166666666666667,0.0,0.07351184440078996,0.043679076177631906,0.5436041478468956,0.5585618050376322,0.04708306018817859,0.04347235893466736,0.046240091604206834,0.04607906986303979,0.17994842948590353,0.17070433791907658,0.14808848219516288,0.1431919803301674,0.12317103437849729,0.13540107357581047,0.5071248263120651,0.5222359597682953,0.5052376985549927,0.519973635673523,0.5119913816452026,0.5255236625671387,0.3415135145187378,0.4090384244918823,0.4040820896625519,0.48432469367980957,0.7586257755756378,0.7757122218608856,175.46482849121088,-184.1156921386719,-0.5058067440986633,0.45597633719444275,3.501089096069336,3.405740022659302,,,,,,,,,,,,,,,,,,,,,,,,,,,,,,,,
11,0.4583333333333333,11,0.4583333333333333,0.0,0.06593899449518754,0.03556320435919823,0.5309128402747466,0.5588102525373022,0.04513543149358968,0.03920273669169142,0.04278400127621309,0.040067571087687714,0.18365360961176,0.17856604019064415,0.15358550941932342,0.1505575915940281,0.12377287809219918,0.13401672817174815,0.5068671554327011,0.5215769112110138,0.5059904456138611,0.5196609497070312,0.5107648968696594,0.5267956405878067,0.33760327100753784,0.4050266891717911,0.40076062083244324,0.4801011085510254,0.7617993950843811,0.7755831480026245,176.14230346679685,-183.36759948730474,-1.3167215585708618,0.5051432251930237,3.027751922607422,3.2292821407318115,,,,,,,,,,,,,,,,,,,,,,,,,,,,,,,,
12,0.5,12,0.5,0.0,0.033272491939820216,0.03010517534346783,0.5478722212542207,0.5508391328537018,0.05060274841903295,0.04707472884712015,0.04858392420141272,0.046767590995736234,0.17404799223227638,0.1776288008813725,0.14569463880598008,0.14878941855131722,0.1241876714399478,0.1344533728846462,0.506468191742897,0.5214985311031342,0.5049363970756531,0.520612359046936,0.5103579014539719,0.5273585617542267,0.33384767174720764,0.40145421028137207,0.39662256836891174,0.47516393661499023,0.7642521858215332,0.7750262916088104,175.7698364257812,-183.86508178710943,-0.04834158718585968,-0.7204102873802185,2.927399158477783,3.1623237133026123,,,,,,,,,,,,,,,,,,,,,,,,,,,,,,,,
13,0.5416666666666666,13,0.5416666666666666,0.0,0.021819906802788072,0.032123850396810344,0.5576146556497762,0.5402995224165734,0.05739365267349143,0.05692353996706352,0.05471731157827227,0.057096831297459676,0.1737124461482053,0.16799549463335336,0.1426878004630769,0.14296970345384707,0.1237796321168162,0.13488191016289838,0.5065684169530869,0.521046906709671,0.5055514574050903,0.520422637462616,0.5106552690267563,0.5278245508670807,0.33141206204891205,0.3978610336780548,0.3960280418395996,0.47074994444847107,0.761867105960846,0.7755747735500336,177.16673278808588,-184.52685546875006,-0.9441998600959778,-1.0555238723754883,3.144648551940918,2.9081132411956787,,,,,,,,,,,,,,,,,,,,,,,,,,,,,,,,
14,0.5833333333333334,14,0.5833333333333334,0.0,0.03491151614792514,0.036911011705629444,0.5122961218712688,0.5218858864143994,0.06284938505254593,0.058230616549867824,0.05999627162817838,0.05722139244354564,0.16732720569501125,0.1680929998046503,0.1372183983571272,0.14672652828805366,0.12437833955896091,0.13490070630444023,0.506355032324791,0.5206622183322906,0.5047287940979004,0.5200513005256653,0.5119021683931351,0.527086615562439,0.3294825702905655,0.395808681845665,0.3925151824951172,0.4696735739707947,0.760972410440445,0.7783705294132233,176.30937194824213,-183.92623901367193,-0.1471744328737259,-0.9391835331916808,2.9264919757843018,2.4180574417114262,,,,,,,,,,,,,,,,,,,,,,,,,,,,,,,,
15,0.625,15,0.625,0.0,0.07161416263615689,0.04977791937243266,0.5058991546826077,0.5067482813647095,0.06658922421722714,0.0563650567935387,0.06393409188737949,0.054798256984365315,0.15999904598139314,0.16777921958993403,0.12796227568130003,0.1429969065328797,0.12454555591504987,0.1346113532980614,0.5055515617132187,0.5200218111276627,0.5046406388282776,0.5201723575592041,0.5104577094316483,0.5269780158996582,0.3277807831764221,0.3945126086473465,0.3880898654460907,0.4676946699619293,0.7626406848430634,0.778932511806488,174.8963928222656,-184.15168762207037,-1.8738149404525757,-2.967606782913208,3.114161491394043,2.6597139835357666,,,,,,,,,,,,,,,,,,,,,,,,,,,,,,,,
16,0.6666666666666666,16,0.6666666666666666,0.0,0.09314248081443798,0.0724815398097787,0.5053069320431837,0.5189340010677198,0.07242804054724673,0.05981308377826304,0.07054434178427052,0.05889671923238488,0.14470106479856149,0.1606465654770413,0.11575944124027497,0.13480662381018907,0.12597230032963697,0.135209745448779,0.5054081082344055,0.5194270461797714,0.5048747658729553,0.5200772285461426,0.5113009214401245,0.5283239185810089,0.3253208249807358,0.39299508929252625,0.38607367873191833,0.464694082736969,0.7623480558395386,0.7815631926059723,174.92553710937494,-185.4443054199219,-2.2277584075927734,-4.026337146759033,2.758226156234741,2.965542793273926,,,,,,,,,,,,,,,,,,,,,,,,,,,,,,,,
17,0.7083333333333334,17,0.7083333333333334,0.0,0.06923263235831424,0.08801767015844796,0.5081683398540021,0.5135230198798939,0.07009081799958784,0.06348243680973557,0.06739986040759431,0.06184806967389287,0.14916710931061136,0.15794472322306327,0.12239603539681049,0.13016510686426608,0.12553689908229093,0.13566379100121675,0.5047505050897598,0.5191525816917419,0.5031695365905762,0.5191605687141418,0.5109573751688004,0.526995062828064,0.32568560540676117,0.39264562726020813,0.3875691890716553,0.46345123648643494,0.762306421995163,0.7840525805950165,175.62405395507807,-185.94914245605472,-0.27058693766593933,-2.9450204372406006,2.5562796592712402,3.0222599506378174,,,,,,,,,,,,,,,,,,,,,,,,,,,,,,,,
18,0.75,18,0.75,0.0,0.05991014691138512,0.0708605545499997,0.5082413395280588,0.5040919134064281,0.07302028311830987,0.06484959180743818,0.07017621733975321,0.06384494466107421,0.15322870903584368,0.15386973676689214,0.12167644026609867,0.12703025677120838,0.12455701668657158,0.13592749770111712,0.5040465891361237,0.5185797214508057,0.5022093057632446,0.5188268423080444,0.5104751437902451,0.5268918573856354,0.32736679911613464,0.3929027020931244,0.38935545086860657,0.46512797474861145,0.7640364170074463,0.7832091152667999,175.69099426269526,-185.20751953125006,-0.45190939307212835,-3.2926707267761235,3.0382351875305176,2.88577151298523,,,,,,,,,,,,,,,,,,,,,,,,,,,,,,,,
19,0.7916666666666666,19,0.7916666666666666,0.0,0.050861893211852784,0.05368852024304134,0.5064270080255887,0.49925450951317824,0.07482953140825209,0.0647891813504185,0.07378053066580431,0.06476686002105687,0.14654859354957472,0.15184609624079173,0.11808521738242833,0.12920369284610397,0.12470710073342899,0.13554512391523998,0.503726989030838,0.5181571990251541,0.5019922256469727,0.5182420015335083,0.5097896456718445,0.5260032713413239,0.32849326729774475,0.3950595408678055,0.3922002613544464,0.46924203634262085,0.7644582986831665,0.7826217710971832,176.190689086914,-184.14533996582034,-0.5787526369094849,-3.0635085105895996,2.828962802886963,2.496422290802002,,,,,,,,,,,,,,,,,,,,,,,,,,,,,,,,
20,0.8333333333333334,20,0.8333333333333334,0.0,0.041290740037689073,0.046865542855995396,0.5183521808237712,0.5072199526311947,0.07609633395630873,0.07506240192278764,0.07565338987653307,0.07422908146088875,0.1427627773165317,0.1405755465618182,0.12221172739095634,0.11831794535177004,0.12547904110376293,0.13561392578788023,0.5032848715782166,0.5173403918743134,0.5009890198707581,0.5166965126991272,0.5105587691068649,0.527444913983345,0.33113521337509155,0.3979845643043518,0.3988592326641083,0.47781482338905334,0.7633779942989349,0.7831113040447235,177.7738647460937,-182.3525543212891,0.8680387735366821,-1.8937209844589233,2.2142508029937744,2.3284738063812256,,,,,,,,,,,,,,,,,,,,,,,,,,0.2187230885028839,,-0.7359408901243281,,1.055544376373291,,0.36530696706713034
21,0.875,21,0.875,0.0,0.029604011966544223,0.039819381003199,0.5335245723320972,0.5301260360532409,0.07679658566488724,0.08206333241077474,0.07600434230056152,0.08102796071261689,0.13791403135739233,0.1279194162658921,0.11576906467837517,0.10422938955116855,0.12667991103071977,0.13654242857105067,0.5030704736709595,0.5158554911613464,0.49906685948371887,0.5147304534912109,0.5104558765888214,0.5263270437717438,0.336970791220665,0.40276752412319183,0.4094007611274719,0.4877472221851349,0.7661064267158508,0.7833578884601593,179.45155334472653,-180.67597961425787,3.164777040481568,-0.7623732686042786,2.5629422664642334,2.2960236072540283,,,,,,,,,,,,,,,,,,,,,,,,,,,,,,,,
22,0.9166666666666666,22,0.9166666666666666,0.0,0.03818544699250017,0.041899025764101136,0.5552850445393858,0.5626195486756667,0.0701607680657436,0.07661093161568863,0.06905605707987089,0.07630921468891376,0.137191381942812,0.12806809753727633,0.11483469293688647,0.10445984002847548,0.12736380997451208,0.1375621182637019,0.5028049498796463,0.5150735229253769,0.4985969662666321,0.5142524242401123,0.5096959322690964,0.5281484872102737,0.34401077032089233,0.41134804487228394,0.4161969721317291,0.49951907992362976,0.7659109532833099,0.7812182903289795,178.958755493164,-179.36352539062506,3.179675340652466,-1.035211205482483,2.5105161666870117,2.2060046195983887,,,,,,,,,,,,,,,,,,,,,,,,,,,,,,,,
23,0.9583333333333334,23,0.9583333333333334,0.0,0.065141000151083,0.06195226885506355,0.5759875355117157,0.5796579726018001,0.07334276701017022,0.07687883239811931,0.07300934452096354,0.07597788646980755,0.13587183260636063,0.12655823149025883,0.11325904487969028,0.10189900918735127,0.1278510775878889,0.13830916314409492,0.5021345317363739,0.5142593383789062,0.4985349178314209,0.5140053033828735,0.510444775223732,0.5287852883338928,0.3511136621236801,0.42039526998996735,0.4234510660171509,0.511177659034729,0.7648026943206787,0.787749320268631,178.76400756835935,-178.09591674804693,1.583445191383362,-1.9445433616638184,2.553605556488037,2.1266555786132812,,,,,,,,,,,,,,,,,,,,,,,,,,0.22165456414222717,,-0.7232909128100254,,1.0545061826705933,,0.35336853206312263
24,1.0,24,1.0,0.0,0.08577237845866457,0.07060250174172644,0.5830239294348096,0.5754411825059109,0.07191033808613319,0.08500063785219464,0.07198628646326023,0.08440010294579407,0.1327104233311921,0.12086356205725493,0.11156467243517504,0.09479560751943564,0.1274796814185242,0.13760840220534903,0.5020544975996017,0.514796257019043,0.49864301085472107,0.5131555199623108,0.51127028465271,0.5268323868513107,0.3551028221845627,0.4240886718034744,0.4293542206287384,0.5155343413352966,0.7636825740337372,0.7927980422973633,179.42221069335935,-178.07682800292974,1.2250559329986572,-1.2580690383911133,2.629115581512451,2.6317505836486816,,,,,,,,,,,,,,,,,,,,,,,,,,0.22181124985218048,,-0.7227457704472117,,1.0604853630065918,,0.35678447703966737
25,1.0416666666666667,25,1.0416666666666667,0.0,0.09152742819335323,0.09344136381855778,0.5803700601862547,0.5903850897539755,0.07686711544219145,0.08084815003958748,0.07888797645665736,0.08044692332714824,0.13199485565031585,0.12215119399547429,0.11018241401181908,0.09695108489999076,0.12690264176066113,0.13685925554182268,0.5029691755771637,0.5148123353719711,0.500965416431427,0.5144226551055908,0.5106593370437622,0.5273818075656891,0.35493704676628113,0.42492544651031494,0.43023982644081116,0.5150513052940369,0.7606827616691589,0.7923457622528076,179.73295593261716,-179.30688476562503,-1.0190945863723755,-3.3085474967956547,2.8495504856109624,2.6456458568573,,,,,,,,,,,,,,,,,,,,,,,,,,0.22252047061920166,,-0.7193074068286472,,1.0606415271759033,,0.35608077506773583
26,1.0833333333333333,26,1.0833333333333333,0.0,0.08650287215289121,0.09289543548983942,0.5679941695842315,0.5814557220091848,0.07720701349540535,0.08733031951282343,0.07806196211890042,0.08775953654537569,0.13319380604742354,0.12007612760119464,0.1094967994664102,0.10151813529899423,0.12720242837635268,0.13847534880504697,0.5031308382749557,0.5146813839673996,0.5013120174407959,0.5147010087966919,0.511107474565506,0.5297252684831619,0.35133662819862366,0.42139832675457,0.4275696873664856,0.514039158821106,0.7596110105514526,0.7896938920021057,180.08847045898432,-177.88452148437506,-1.3020883798599243,-2.979938507080078,2.7968919277191167,1.7986705303192139,,,,,,,,,,,,,,,,,,,,,,,,,,0.2204979956150055,,-0.7249910351317659,,1.0574206113815308,,0.35307672463181816
27,1.125,27,1.125,0.0,0.06270433501648115,0.09422756745306803,0.5493600567358663,0.5839442302302769,0.07814586117822762,0.08682350277163794,0.07923280660738634,0.08650091411982978,0.13111635930206214,0.1219504148286551,0.10972049150509554,0.10176944283447781,0.12754706004384025,0.13719991302035112,0.5026495009660721,0.5148217529058456,0.5007384419441223,0.5140160322189331,0.5102909803390503,0.5277649313211441,0.34833452105522156,0.41827602684497833,0.4241785705089569,0.5113750100135803,0.7607249617576599,0.7861310541629791,179.88853454589838,-178.06494140625006,-0.40138253569602966,-2.128248929977417,2.5396363735198975,1.920043468475342,,,,,,,,,,,,,,,,,,,,,,,,,,0.2207983434200287,,-0.7196485006756983,,1.0581707954406738,,0.3587436297749179
28,1.1666666666666667,28,1.1666666666666667,0.0,0.04528345875578967,0.06479105340097208,0.5558663174408403,0.5814610028975044,0.07704561383509702,0.0847693730344095,0.07832485192977706,0.08434659047929018,0.13112338623091238,0.12235580154060277,0.1099684528365027,0.10336468612392875,0.1272579373357465,0.13785854059586453,0.5028945058584213,0.5144423693418503,0.5007678866386414,0.5137913227081299,0.5089591145515442,0.5275462865829468,0.34596651792526245,0.4180354028940201,0.42223238945007324,0.5125315189361572,0.7624503374099731,0.7858578562736511,180.18022155761713,-176.75613403320318,0.013798227533698082,-1.6008355617523193,2.583690643310547,1.7865824699401858,,,,,,,,,,,,,,,,,,,,,,,,,,,,,,,,
29,1.2083333333333333,29,1.2083333333333333,0.0,0.03675710494951637,0.04630560279972858,0.5551512038162137,0.5667495958964014,0.08086908746733365,0.08552916229039363,0.08264457365900446,0.08505855388284818,0.12399523698796305,0.11932083609572187,0.10530567700343246,0.09932660693563049,0.12641409496658448,0.13758756902699068,0.5025418400764465,0.5148085057735443,0.49930623173713684,0.5130130648612976,0.5096282958984375,0.5283457934856415,0.3481275588274002,0.41991834342479706,0.42671704292297363,0.5153182744979858,0.7641248404979706,0.7851500809192657,181.60710144042963,-176.86915588378912,1.6978952884674072,0.27304139733314514,2.5833683013916016,1.900703549385071,,,,,,,,,,,,,,,,,,,,,,,,,,0.22106513381004333,,-0.7217547374291299,,1.0558838844299316,,0.35770040190027164
30,1.25,30,1.25,0.0,0.0509567313755809,0.05649975961016533,0.5665392926186789,0.5820879794113472,0.08232175388966236,0.08647452571171166,0.08402843256013871,0.08768836130197159,0.12242231352327597,0.11493940789378522,0.10453601951357579,0.0964892310183288,0.12595704269598113,0.13755638846368837,0.5024710148572922,0.5149350762367249,0.4992315471172333,0.5132575035095215,0.5095372051000595,0.5288800299167633,0.35190603137016296,0.42366360127925873,0.43285900354385376,0.5228971242904663,0.7630583047866821,0.7844958305358887,183.30053710937494,-174.47944641113287,1.3142008781433105,-0.757340669631958,2.4099466800689697,2.0347084999084473,,,,,,,,,,,,,,,,,,,,,,,,,,0.2194732427597046,,-0.7273056029658924,,1.0504224300384521,,0.3516182466771762
31,1.2916666666666667,31,1.2916666666666667,0.0,0.08335994097297249,0.06111216215089166,0.594450136157425,0.5844085594921331,0.07778115206383983,0.08575532621449074,0.07812206807908968,0.08705216149474858,0.12386722546437119,0.11869995314755213,0.1047679441013794,0.09812730355617845,0.12556124531730112,0.13874194834879758,0.5017176270484924,0.5148554742336273,0.4993591606616974,0.5125934481620789,0.5097723305225372,0.5288654118776321,0.3560051769018173,0.42981335520744324,0.4376697838306427,0.5302713513374329,0.7602947950363159,0.7868523597717285,182.91113281249994,-174.87661743164068,-0.11812730878591537,-0.007469306234270335,2.109095573425293,2.2198033332824707,,,,,,,,,,,,,,,,,,,,,,,,,,0.21971634030342102,,-0.7223297994032645,,1.0573301315307617,,0.35548533726099274
32,1.3333333333333333,32,1.3333333333333333,0.0,0.08664020179769683,0.06757575700712254,0.5928577073749683,0.57868317307245,0.08481939895232062,0.09030473408252786,0.0859298168335175,0.09238405195254135,0.11859523301173808,0.11385796595810542,0.09982899814536364,0.09630725637308483,0.12562603156289373,0.1375388432403814,0.5015309154987335,0.5143451243638992,0.49863162636756897,0.5127154588699341,0.5101584196090698,0.5274241864681244,0.3595424294471741,0.43419888615608215,0.44323068857192993,0.5362884998321533,0.7636929154396057,0.791375607252121,184.17158508300776,-174.8467864990235,0.28036281466484075,-1.0016001462936404,2.3929574489593506,1.9669159650802612,,,,,,,,,,,,,,,,,,,,,,,,,,0.2206093817949295,,-0.7194195407657575,,1.0576010942459106,,0.3511381972292233
33,1.375,33,1.375,0.0,0.064293720112605,0.07415991854709714,0.5865717484089235,0.5658317928515653,0.08055595008487783,0.09014978356052143,0.0826962565879468,0.09165827607783188,0.11801880418566404,0.11178252819527529,0.09898566254919505,0.09511693730681567,0.1263005523680197,0.13690912042713013,0.5013782978057861,0.5137977600097656,0.49811026453971863,0.5118001699447632,0.5090284645557404,0.5268027931451797,0.3611249178647995,0.4365077316761017,0.4464583992958069,0.5373573303222656,0.7636675536632538,0.789296418428421,185.78721618652338,-174.55404663085943,0.6229129433631897,-0.3019099235534668,2.6453051567077637,1.9027694463729858,,,,,,,,,,,,,,,,,,,,,,,,,,0.22066135704517365,,-0.7208152968995887,,1.0585262775421143,,0.35657232277413975
34,1.4166666666666667,34,1.4166666666666667,0.0,0.049645952066049034,0.06059923815865938,0.5659498171219638,0.5589008651502478,0.07795285422233457,0.0948285482704602,0.07902717567406062,0.09575820095415474,0.11956126408861527,0.1111000430361783,0.10093994627836707,0.09541012182307486,0.1260149312848327,0.13610590962319793,0.5010605752468109,0.5139530897140503,0.4984830915927887,0.5117573738098145,0.5087654888629913,0.52716925740242,0.3608342707157135,0.4348801225423813,0.44476717710494995,0.535950243473053,0.7641333937644958,0.7855089902877808,185.04577636718744,-174.03549194335943,0.5923126339912415,0.412899374961853,2.226724863052368,1.7666642665863037,,,,,,,,,,,,,,,,,,,,,,,,,,0.22017712891101837,,-0.7247836894206479,,1.056520700454712,,0.35990821108879073
35,1.4583333333333333,35,1.4583333333333333,0.0,0.037003409069867974,0.050764508196525615,0.5522658307683096,0.5681173286643075,0.07987139245891382,0.09183405086526336,0.0806939201050734,0.09239282454534713,0.11707833994482192,0.11309486296051247,0.09931175140441126,0.09594447342727848,0.12611878989252065,0.1357466038305618,0.5008969008922577,0.5136173963546753,0.49884793162345886,0.5120456218719482,0.5092453360557556,0.5262014120817184,0.35981810092926025,0.43388238549232483,0.4436936378479004,0.5348259806632996,0.763349860906601,0.7833644449710846,185.82768249511713,-174.0003051757813,0.5369650721549988,-0.4716429114341736,1.9304927587509155,1.8452941179275515,,,,,,,,,,,,,,,,,,,,,,,,,,0.22089214622974396,,-0.7220402512021947,,1.0585641860961914,,0.36609346078236504
36,1.5,36,1.5,0.0,0.0228042417173723,0.038409992585249755,0.5506212140771704,0.5692860152205961,0.08467780635691191,0.09606987991745589,0.08543367412270537,0.09686582935702691,0.11313518639511834,0.11163154240044638,0.0970316000236649,0.09513907448808537,0.12558083221649247,0.1354290502550394,0.5005063712596893,0.5136172324419022,0.49793681502342224,0.5115194916725159,0.509215235710144,0.527225911617279,0.35953329503536224,0.43230800330638885,0.44408878684043884,0.5339841246604919,0.7645615935325623,0.7818895876407623,186.60299682617182,-173.58764648437506,1.608707308769226,0.965965986251831,1.8156383037567139,1.69746994972229,,,,,,,,,,,,,,,,,,,,,,,,,,0.2200554609298706,,-0.7287922761799316,,1.0527273416519165,,0.36145651482258323
37,1.5416666666666667,37,1.5416666666666667,0.0,0.023973487616577027,0.042046168633026015,0.5460125739927457,0.5642246836733272,0.08383038600907015,0.09255090835315509,0.08428147672754462,0.09360060940082444,0.11328315236876946,0.11523282771043877,0.09846353595648386,0.09796985443686784,0.1250440382006348,0.13597611176188898,0.5002398788928986,0.5136393010616302,0.49754321575164795,0.511361300945282,0.509537011384964,0.5267968326807022,0.35826240479946136,0.43175312876701355,0.4439105987548828,0.5339660048484802,0.7633914947509766,0.7821063697338104,187.49990844726557,-173.19624328613287,2.181347131729126,1.193162202835083,1.7085450887680056,1.811595678329468,,,,,,,,,,,,,,,,,,,,,,,,,,0.21969938278198242,,-0.7290351990165772,,1.0548486709594727,,0.364206183020813
38,1.5833333333333333,38,1.5833333333333333,0.0,0.03213897028810616,0.0427099109406852,0.5411713721665999,0.5475669058075162,0.08148576002481274,0.09395391882449171,0.08226887164717414,0.09435920420200189,0.11489650420439602,0.11421966195497227,0.10104326587579106,0.09875398243330755,0.1251582425223846,0.1366778222749972,0.5002370476722717,0.5136380195617676,0.4977780878543854,0.5124805569648743,0.5096782445907593,0.5262708216905594,0.35663771629333496,0.430370569229126,0.44040602445602417,0.5292872190475464,0.7622479498386383,0.7825572788715363,185.7150268554687,-174.86613464355474,1.7107793092727661,-0.05813004821538925,1.65987229347229,1.4796682596206665,,,,,,,,,,,,,,,,,,,,,,,,,,0.2194431722164154,,-0.7323340222877807,,1.057870626449585,,0.36962770143557205
39,1.625,39,1.625,0.0,0.03910638719896975,0.04470157154949084,0.5378280886445209,0.540430108337638,0.08324412342829529,0.09025317814150664,0.083547621224293,0.09052206617711749,0.11497979928147709,0.11999045158649163,0.10154653989885329,0.1067635097947898,0.125356107777298,0.13646586736452276,0.5002194046974182,0.5133985280990601,0.49881231784820557,0.5125986337661743,0.509205237030983,0.5261823683977127,0.3553810566663742,0.4287075102329254,0.43745914101600647,0.5248149633407593,0.7632814943790436,0.7837902903556824,184.74841308593744,-176.05769348144537,0.18062421679496768,-0.1744552105665207,1.4793014526367188,1.2356126308441162,,,,,,,,,,,,,,,,,,,,,,,,,,0.2182493507862091,,-0.7352771593516143,,1.0567032098770142,,0.36655693418984503
40,1.6666666666666667,40,1.6666666666666667,0.0,0.040664576159053126,0.044808245125069,0.5380095962979772,0.5413973441176851,0.061660157962975304,0.056725920402611034,0.06335097835494277,0.056958712541935644,0.1352290045015486,0.1594728806169152,0.1295676195477027,0.15401267991019704,0.12555269753737813,0.13681035086032878,0.4999784827232361,0.5128835290670395,0.49866265058517456,0.5125503540039062,0.5090700685977936,0.5272769629955292,0.35460540652275085,0.4285403788089752,0.4328968822956085,0.5178989171981812,0.7620875537395477,0.7829655110836029,183.3704223632812,-178.45698547363287,0.5673841834068298,0.08441804349422455,0.914132833480835,0.48045724630355835,,,,,,,,,,,,,,,,,,,,,,,,,,0.21579790115356445,,-0.7445686057537488,,1.0552542209625244,,0.36612385253585045
41,1.7083333333333333,41,1.7083333333333333,0.0,0.04341370019808246,0.04053872742535818,0.5232753867495448,0.5358639204750688,0.05004135341907872,0.053062227990696036,0.05025984002070241,0.052310307508443246,0.15785371566945416,0.16809850596947654,0.15201352984619834,0.16575274833256046,0.12391618036346258,0.13688283121928357,0.4995528310537338,0.5115419626235962,0.4973779320716858,0.5116194486618042,0.5098868012428284,0.5272104442119598,0.35066884756088257,0.42257560789585114,0.4237852692604065,0.5107664465904236,0.7642803192138672,0.785034716129303,180.3719635009765,-179.23915100097662,2.2373476028442383,0.21658709645271304,0.8568763136863708,0.0028577379416674376,,,,,,,,,,,,,,,,,,,,,,,,,,0.21724066138267517,,-0.7400859928064114,,1.0623270273208618,,0.3724115827463827
42,1.75,42,1.75,0.0,0.05248951187204541,0.0425077574240165,0.5192035449968256,0.5354954322566872,0.05636537838766999,0.050702839594846255,0.05529509766074443,0.05113998108725711,0.14585831485883138,0.17113249560764826,0.1455169188463771,0.1748581485970143,0.12580367164282882,0.13652570798018543,0.4978080689907074,0.5100429058074951,0.4964982569217682,0.5101183652877808,0.5099720060825348,0.528376579284668,0.3443819284439087,0.4154687076807022,0.41348567605018616,0.5020303130149841,0.7646259963512421,0.7870666682720184,178.20770263671872,-180.14996337890625,1.6973897218704224,0.6717338562011719,-0.09146253019571304,-0.38355645537376404,,,,,,,,,,,,,,,,,,,,,,,,,,,,,,,,
43,1.7916666666666667,43,1.7916666666666667,0.0,0.0590196773120233,0.05992878951041795,0.5384197847348536,0.527673286826006,0.06243096292669861,0.04910014348202176,0.06108028500064251,0.049685807852837695,0.1349756287955387,0.1680774577509346,0.14382043359851587,0.17532336699635623,0.12733192680087388,0.1372076664651584,0.49634402990341187,0.508036732673645,0.4951520264148712,0.5081825852394104,0.5104364454746246,0.5277123153209686,0.3387395888566971,0.40725578367710114,0.404678612947464,0.49026092886924744,0.7643880546092987,0.7869159281253815,176.17443847656244,-181.79013061523438,2.1673190593719487,1.0122735500335693,-1.0337637662887573,-0.8625279068946838,,,,,,,,,,,,,,,,,,,,,,,,,,0.2121686041355133,,-0.752600548944122,,1.0608030557632446,,0.3674507599342018
44,1.8333333333333333,44,1.8333333333333333,0.0,0.07235973181259872,0.05124654378589317,0.5691090030769317,0.5303680137809597,0.06877729458283126,0.05496951724402392,0.06687542020369765,0.05434767831283585,0.12478151015194958,0.15024464566343732,0.14066888323526433,0.16840169125245583,0.12712421682364372,0.1376886980483228,0.4940933585166931,0.5047227293252945,0.4931832253932953,0.5042892694473267,0.5102940499782562,0.52703458070755,0.33425872027873993,0.40207190811634064,0.3987230062484741,0.4826371669769287,0.765186607837677,0.7877507507801056,174.94387817382807,-182.6461944580078,2.2727537155151367,3.310288190841675,-1.8817635774612427,-2.353471040725708,,,,,,,,,,,,,,,,,,,,,,,,,,,,,,,,
45,1.875,45,1.875,0.0,0.08960150951139934,0.06472919633236181,0.5957422892372599,0.5636015912737122,0.07335096372516393,0.05941303269101438,0.07180910033923645,0.05885943551541748,0.1135585865585685,0.14017035385994703,0.1414590106705958,0.16090918902964596,0.12567135872297183,0.13742889973825986,0.4904477000236511,0.5015761852264404,0.490224152803421,0.500016987323761,0.5108902156352997,0.5263343155384064,0.33061695098876953,0.39877569675445557,0.39467164874076843,0.4773736596107483,0.7664086818695068,0.7905759215354919,174.77120971679682,-183.54959106445312,2.297224760055542,4.058122634887695,-3.305548667907715,-2.28169322013855,,,,,,,,,,,,,,,,,,,,,,,,,,,,,,,,
46,1.9166666666666667,46,1.9166666666666667,0.0,0.09014636811404378,0.08290584233109795,0.6014754207294684,0.6030517868521467,0.06834678067303854,0.06275245236684475,0.06668738867319339,0.06279161616961307,0.1194803163488866,0.13175668459741882,0.15031939017713578,0.16282523283078357,0.12605793380190805,0.13714858835603563,0.48937253654003143,0.4987446665763855,0.48751822113990784,0.49634385108947754,0.5104012787342072,0.5259846895933151,0.3311973661184311,0.39806416630744934,0.3952829837799072,0.47464582324028015,0.7682829797267914,0.7886606752872467,174.90740966796872,-184.85572814941406,4.243096828460693,5.450653076171875,-3.352574348449707,-3.1520369052886963,,,,,,,,,,,,,,,,,,,,,,,,,,,,,,,,
47,1.9583333333333333,47,1.9583333333333333,0.0,0.08999678474315548,0.09292815360856614,0.6096022611903886,0.6105952647291476,0.0729524520162434,0.06400333034955774,0.07087981625566976,0.06350328321368061,0.11179365288372987,0.1279488127857949,0.14710817527448153,0.16380827381174293,0.1264287691385218,0.1364382107338118,0.48765620589256287,0.49669650197029114,0.4856433570384979,0.49404463171958923,0.5102018713951111,0.5238513350486755,0.33132340013980865,0.3977900892496109,0.3950003385543823,0.47464320063591003,0.7660858631134033,0.7876248955726624,174.3992309570312,-184.73228454589844,4.782919406890869,6.209585666656494,-3.982328176498413,-3.5999214649200444,,,,,,,,,,,,,,,,,,,,,,,,,,,,,,,,
48,2.0,48,2.0,0.0,0.10495849520189499,0.09798225379656984,0.6285716526924284,0.6171842651392041,0.07365520774868198,0.06733577501534199,0.07138992060989531,0.0666659449100688,0.10813741489503305,0.11649258321441552,0.14629598380659875,0.15706483720792397,0.12597137407241965,0.1368366256004334,0.4863130897283554,0.49527639150619507,0.4842361807823181,0.4919475317001343,0.5098247081041336,0.52460777759552,0.3321996480226517,0.39787639677524567,0.3956618905067444,0.47509685158729553,0.7661206126213074,0.7866640090942383,174.07279968261713,-184.884765625,5.005565643310547,7.3363285064697275,-4.2512054443359375,-4.144559383392334,,,,,,,,,,,,,,,,,,,,,,,,,,,,,,,,
49,2.0416666666666665,49,2.0416666666666665,0.0,0.10603344873535192,0.10251790836202468,0.6280334569514257,0.6151909128660934,0.07592181282257286,0.06800466709239021,0.07408130074724623,0.0674673978217569,0.10440198091169761,0.11605285936226896,0.145067476895744,0.15757005299497368,0.1256715682777227,0.13729847476409732,0.48519083857536316,0.493972510099411,0.48340749740600586,0.4910982847213745,0.5103371441364288,0.5248078256845474,0.3327042907476425,0.3976675420999527,0.39721474051475525,0.4764714539051056,0.7662497162818909,0.7875144779682159,174.5735931396484,-184.11441040039062,4.954594612121582,6.69151496887207,-4.451666355133057,-4.149321556091309,,,,,,,,,,,,,,,,,,,,,,,,,,,,,,,,
50,2.0833333333333335,50,2.0833333333333335,0.0,0.08195264210089188,0.07056449733539855,0.6054741635675316,0.6070283231376457,0.0752488347465751,0.07052295503532839,0.073714344321809,0.07053925610378439,0.10231090527090834,0.11188092145246517,0.14468179882583745,0.1548719984359699,0.12636842258782346,0.13723867416758714,0.48450756072998047,0.4924103766679764,0.4828581213951111,0.4898206293582916,0.5100977122783661,0.5231965184211731,0.33272701501846313,0.39718499779701233,0.39831921458244324,0.4750133156776428,0.76718869805336,0.7849847674369812,175.24600219726557,-184.46649169921872,4.79170036315918,6.320255756378174,-4.575202465057373,-4.420302867889404,,,,,,,,,,,,,,,,,,,,,,,,,,,,,,,,
51,2.125,51,2.125,0.0,0.048566576018054135,0.04632593656729959,0.5733887330322972,0.5984835064702831,0.0747510291415867,0.07329142908035832,0.07340717578317292,0.07354073537699932,0.10107807753403523,0.10637575826820835,0.14835343943692988,0.1490947311866122,0.1272511206329338,0.13731504264303734,0.4840168058872223,0.49115559458732605,0.4818752110004425,0.4888828694820404,0.5100733637809753,0.5221290588378906,0.33265379071235657,0.3979176729917526,0.3982001543045044,0.4771992564201355,0.7685381174087524,0.7836626470088959,175.54731750488278,-183.375732421875,5.421144962310791,5.666985988616943,-4.91719913482666,-4.271695137023926,,,,,,,,,,,,,,,,,,,,,,,,,,,,,,,,
52,2.1666666666666665,52,2.1666666666666665,0.0,0.03605883941416069,0.03298161765930675,0.5550748705711549,0.5848494153770694,0.07633245636351395,0.07765277001907332,0.07601374209388612,0.07895204938556812,0.0962011376765217,0.0978466796084106,0.14419641355929763,0.14046221396284694,0.12633400090226032,0.13669913123229652,0.4830071032047272,0.48990075290203094,0.4807606339454651,0.48823654651641846,0.5093730688095093,0.5217751860618591,0.33468887209892273,0.3991905748844147,0.4010298550128937,0.4827441871166229,0.7681165635585785,0.7850636541843414,176.48629760742182,-181.3868255615234,5.7759881019592285,5.62363338470459,-4.733067989349365,-4.286325454711914,,,,,,,,,,,,,,,,,,,,,,,,,,,,,,,,
53,2.2083333333333335,53,2.2083333333333335,0.0,0.029910605450094777,0.037302505932280246,0.5516768036398852,0.559329641166724,0.07249546136771229,0.07888421486904004,0.07047861355852855,0.07800887819458106,0.0958995109119627,0.09712442407756193,0.1469760024121247,0.1383344226436601,0.1261064200572381,0.13766579810783555,0.4814978539943695,0.4886447787284851,0.4798589050769806,0.4872550666332245,0.5082870423793793,0.52354696393013,0.3391296714544296,0.40287408232688904,0.4099233150482178,0.48709335923194885,0.7662566900253296,0.7818312346935272,178.94091796874997,-181.503173828125,6.055967807769775,6.350719451904297,-5.227334022521973,-4.733831882476807,,,,,,,,,,,,,,,,,,,,,,,,,,,,,,,,
54,2.25,54,2.25,0.0,0.03987456679943329,0.04241730199941872,0.5436363861152673,0.547717305909722,0.06870631899086221,0.08272472192530193,0.06697874357154636,0.08099658608466914,0.10040349518359946,0.0965417165516759,0.15002577550299626,0.13760367764764947,0.12681327937669148,0.1377412015238491,0.48089171946048737,0.48726946115493774,0.47930005192756653,0.48706480860710144,0.5061184465885162,0.5220138430595398,0.3443569391965866,0.40934406220912933,0.4177298843860626,0.4984063506126404,0.7663994431495667,0.7803035974502563,179.9529876708984,-179.018798828125,6.34375524520874,6.1685380935668945,-5.2472076416015625,-5.08603572845459,,,,,,,,,,,,,,,,,,,,,,,,,,,,,,,,
55,2.2916666666666665,55,2.2916666666666665,0.0,0.04746858841758721,0.06584529550051788,0.5633436242418816,0.5445996050897457,0.07401751169402257,0.08240819966478291,0.07230315360807292,0.08129326732226025,0.10126649948482515,0.09992020074495778,0.1466865431679512,0.1401668381319876,0.12624772768381856,0.136538344657951,0.4806828945875168,0.48693110048770905,0.4794824719429016,0.4860663115978241,0.5073182880878448,0.5215809047222137,0.3509516716003418,0.41935110092163086,0.42847299575805664,0.5130597949028015,0.7675207555294037,0.7820711731910706,181.727310180664,-177.18310546875,6.082826614379883,7.227907657623291,-5.045293807983398,-4.643420219421387,,,,,,,,,,,,,,,,,,,,,,,,,,,,,,,,
56,2.3333333333333335,56,2.3333333333333335,0.0,0.05485410569350379,0.05995246027582794,0.5591632242364422,0.5518868317400631,0.07451709000698635,0.08285717138514094,0.07246194205107535,0.08250469624268664,0.10359116838257941,0.10351168892261392,0.14925979807690629,0.1419780314367628,0.126617337622339,0.13605555962452243,0.479916051030159,0.48568324744701385,0.4788409471511841,0.48454058170318604,0.5079825818538666,0.5234076082706451,0.3603587746620178,0.43334564566612244,0.439687043428421,0.5341199040412903,0.765416145324707,0.7845374345779419,182.46469116210932,-173.97317504882812,5.896058082580566,7.99580192565918,-5.041155815124512,-4.146216869354248,,,,,,,,,,,,,,,,,,,,,,,,,,,,,,,,
57,2.375,57,2.375,0.0,0.06955200765756146,0.05224524761778547,0.5660069474650891,0.555262195278995,0.08144050050181575,0.08885556292583802,0.0797845672269479,0.08890042170976971,0.10499002754715245,0.09565208849939108,0.14894196770134285,0.13090302640817073,0.12573138865293002,0.13538042234463046,0.4790303260087967,0.4854404628276825,0.47919824719429016,0.48342111706733704,0.5074309706687927,0.5246127843856812,0.37093864381313324,0.44290798902511597,0.45227059721946716,0.5458512306213379,0.7622759342193604,0.7854577600955963,182.818862915039,-173.92935180664062,4.42524528503418,9.276389122009277,-4.973639965057373,-3.776677131652832,,,,,,,,,,,,,,,,,,,,,,,,,,,,,,,,
58,2.4166666666666665,58,2.4166666666666665,0.0,0.028086443489693306,0.029588476166670936,0.5560343614185088,0.5455344943128846,0.08142101669526897,0.09108939581450352,0.08187573646600128,0.0929115028650374,0.10156657208421249,0.09301877027403543,0.147790557841055,0.1324345025996921,0.12606405113006178,0.13678271786623075,0.47926193475723267,0.48482784628868103,0.4787270426750183,0.482647567987442,0.5076341927051544,0.5278553068637848,0.37214863300323486,0.44791722297668457,0.45688214898109436,0.5504480600357056,0.7631096541881561,0.7841441333293915,183.74551391601557,-173.87767028808594,6.243404865264893,9.391860008239746,-4.724562168121338,-3.8704714775085454,,,,,,,,,,,,,,,,,,,,,,,,,,,,,,,,
59,2.4583333333333335,59,2.4583333333333335,0.0,0.015167490900618514,0.02836099674558703,0.5552377410177781,0.5436459150153257,0.0817560857833257,0.09140917618708713,0.0825126590076905,0.09249534914363666,0.10035576310110006,0.09154476356736932,0.14435360012083592,0.12664618234022434,0.1268777715082025,0.13644852505408844,0.4797077029943466,0.48525790870189667,0.47904759645462036,0.4839991629123688,0.506256714463234,0.5264955312013626,0.3729220777750015,0.4493248760700226,0.46027612686157227,0.5513561964035034,0.7635958790779114,0.7860956192016602,187.01667785644526,-173.244140625,5.43221378326416,7.862513542175294,-4.204754829406738,-3.5666527748107915,,,,,,,,,,,,,,,,,,,,,,,,,,,,,,,,
60,2.5,60,2.5,0.0,0.01510414291195155,0.03375215590715337,0.5564111034644924,0.5441952024401411,0.08286688719615337,0.0921909567352785,0.08325272157167812,0.09430308208806737,0.10138230443103727,0.09042331356234148,0.1435388506087502,0.1247757229323219,0.12619495983210985,0.13407420493055677,0.47997865080833435,0.4860438406467438,0.47919565439224243,0.4858663082122803,0.506102055311203,0.5271601378917694,0.3729192912578583,0.4481218755245209,0.4608292281627655,0.5521178245544434,0.7653988301753998,0.7825482785701752,187.41909790039057,-173.56910705566406,5.651872634887695,7.277297019958497,-3.9764828681945796,-3.4451699256896973,,,,,,,,,,,,,,,,,,,,,,,,,,,,,,,,
61,2.5416666666666665,61,2.5416666666666665,0.0,0.0211902479587232,0.03743753615854898,0.5485228389312462,0.5578204579901629,0.08437511091324464,0.0908888217016248,0.08551392762772503,0.09416143250998951,0.10262088031922764,0.08674269159396804,0.13973359304663274,0.122583186349757,0.12540271594736277,0.1345071085245872,0.48101288080215454,0.487051397562027,0.4800994396209717,0.48689907789230347,0.5070742517709732,0.5265394300222397,0.37140484154224396,0.44674162566661835,0.4611440896987915,0.5526643395423889,0.7644395232200623,0.7830404341220856,187.09164428710932,-173.80270385742188,6.0820231437683105,7.275223731994628,-3.4093165397644047,-3.496800422668457,,,,,,,,,,,,,,,,,,,,,,,,,,,,,,,,
62,2.5833333333333335,62,2.5833333333333335,0.0,0.034568280702094674,0.054058420410708005,0.5363627151611527,0.5578186237498761,0.08354825858296218,0.09422940521371415,0.084959002237506,0.09665412455477808,0.09882444474084628,0.08125809855057672,0.13878762163196384,0.11951849914055168,0.1256321395717143,0.13512117380957608,0.48117727041244507,0.48804521560668945,0.48051297664642334,0.4883299767971039,0.507044792175293,0.5240916311740875,0.3707931488752365,0.4461239278316498,0.4598813056945801,0.5530840158462524,0.7643350958824158,0.784236341714859,185.78555297851557,-172.8872833251953,6.903395652770996,7.417609214782714,-3.8713700771331787,-3.973379611968994,,,,,,,,,,,,,,,,,,,,,,,,,,,,,,,,
63,2.625,63,2.625,0.0,0.04719151366255818,0.05728211672816221,0.532876399898421,0.5554273652605557,0.0827813142509361,0.0943420229501584,0.08393226838423407,0.09620438260537116,0.10076022124379308,0.08474520383009347,0.138900034931661,0.12150239008119566,0.12550499859220085,0.13501552386287094,0.48184919357299805,0.4888305366039276,0.48119357228279114,0.489073783159256,0.5063498020172119,0.5227778553962708,0.3702668696641922,0.44597500562667847,0.459468275308609,0.5522810220718384,0.7635381817817688,0.7853856384754181,185.8518676757812,-172.93756103515625,6.710341453552246,7.401596546173095,-3.6608192920684814,-3.8431990146636963,,,,,,,,,,,,,,,,,,,,,,,,,,,,,,,,
64,2.6666666666666665,64,2.6666666666666665,0.0,0.05723556339574517,0.04688526782451021,0.5375716491143397,0.5609725413734563,0.08450743565476182,0.09547049068503846,0.08573484655522998,0.09799780093811918,0.09801900595545178,0.08091385966378564,0.13376507525955045,0.11709826619801944,0.12585398756365565,0.13479831675469087,0.48258790373802185,0.4893645942211151,0.48184260725975037,0.48981767892837524,0.506485715508461,0.5240912437438965,0.3691900968551636,0.4444752335548401,0.45703238248825073,0.5515317916870117,0.7635490000247955,0.7829935848712921,185.35197448730463,-172.9459991455078,5.598567485809326,6.918019771575928,-3.4132637977600098,-3.8045387268066406,,,,,,,,,,,,,,,,,,,,,,,,,,,,,,,,
65,2.7083333333333335,65,2.7083333333333335,0.0,0.052369445789262406,0.04043839672767507,0.5305514704563714,0.5590860558518177,0.08641501423421391,0.09315108744502122,0.08753716688308828,0.09559420859366798,0.09547704501524953,0.08292398682250826,0.1294696399263637,0.11778325114298266,0.12558530325952147,0.13516452757886577,0.4831637442111969,0.4899939149618149,0.48245319724082947,0.4896129071712494,0.5063066780567169,0.5242605060338974,0.367062970995903,0.44281043112277985,0.4545869827270508,0.5476691722869873,0.7644707560539246,0.7826820015907288,185.74421691894526,-173.70579528808594,5.697834491729736,7.274040222167968,-3.2975940704345708,-3.5885581970214844,,,,,,,,,,,,,,,,,,,,,,,,,,,,,,,,
66,2.75,66,2.75,0.0,0.048808161514814166,0.04103052737105438,0.5260933807690756,0.553332161718082,0.08291629011508278,0.09126976972831286,0.08401006605713264,0.09369721337356667,0.09578995754432,0.08157497831652848,0.13035907235400082,0.11771940416502737,0.12560277406636144,0.13527301017670074,0.4831317216157913,0.4907274842262268,0.4823901355266571,0.490574449300766,0.5067193657159805,0.5248471349477768,0.36563821136951447,0.44032712280750275,0.45107927918434143,0.5431395769119263,0.7645331621170044,0.7832775712013245,185.1746215820312,-174.8336944580078,5.499207973480225,6.940221786499023,-3.307525396347046,-3.737910032272339,,,,,,,,,,,,,,,,,,,,,,,,,,,,,,,,
67,2.7916666666666665,67,2.7916666666666665,0.0,0.04569591562960865,0.04355859957821799,0.5287315982910189,0.5369091436039035,0.08128594501052978,0.0894325171357626,0.08254585090998132,0.09085668402962563,0.0970069490260849,0.08280593517280607,0.12902148057120388,0.11749380828325381,0.12522115600017347,0.13636783886951917,0.48366878926754,0.491189569234848,0.4824839234352112,0.49184784293174744,0.5060091316699982,0.5232908129692078,0.36289116740226746,0.4377034157514572,0.4473129212856293,0.5376753807067871,0.7644610404968262,0.7819076478481293,184.5990600585937,-175.4481964111328,5.672940254211426,5.367864608764648,-2.9698543548583984,-3.8733396530151367,,,,,,,,,,,,,,,,,,,,,,,,,,,,,,,,
68,2.8333333333333335,68,2.8333333333333335,0.0,0.03758048067954004,0.03998500850599329,0.5420252400179493,0.5279593196695697,0.08168374965766265,0.0856114260956518,0.08306392373473324,0.0865143550248362,0.0938278189345175,0.08800465430438249,0.1241654202914875,0.12028438021993262,0.1255224313972503,0.13698296097295545,0.48447293043136597,0.49202926456928253,0.48370158672332764,0.49268272519111633,0.5061959028244019,0.5229666233062744,0.36027897894382477,0.4343467503786087,0.44348403811454773,0.532720685005188,0.7639187872409821,0.7809452712535858,184.46842956542963,-175.8350372314453,4.408595085144043,4.796289443969727,-2.8857128620147705,-3.6733858585357666,,,,,,,,,,,,,,,,,,,,,,,,,,,,,,,,
69,2.875,69,2.875,0.0,0.02358816995026703,0.031874600645538265,0.5335538819682818,0.5456445106972431,0.08345098078914825,0.08890007244273075,0.0837721230672224,0.09002720490084841,0.09785027637449248,0.0899186947672066,0.1261054317709783,0.12091055699612167,0.12493668947785025,0.13666522365596576,0.4855673760175705,0.4931940287351608,0.4844331443309784,0.49360156059265137,0.5059540420770645,0.5230734497308731,0.35676656663417816,0.4317348897457123,0.43858838081359863,0.5280951857566833,0.7650268375873566,0.7830462455749512,184.32795715332026,-176.1932373046875,5.184131622314453,4.186794757843018,-2.740648031234741,-3.381759405136109,,,,,,,,,,,,,,,,,,,,,,,,,,,,,,,,
70,2.9166666666666665,70,2.9166666666666665,0.0,0.024663712818185485,0.03069242521698973,0.5442980455066107,0.5506834667525072,0.07523909762065002,0.07868176241769682,0.07524928984407886,0.08005525356368426,0.10536781345688777,0.10249678071944018,0.1317023945431596,0.1293484893182478,0.12506437699577408,0.13501715651544177,0.48583953082561493,0.4949074685573578,0.4846923053264618,0.49416831135749817,0.506285771727562,0.5235023200511932,0.3557763248682022,0.4292503893375397,0.4348894953727722,0.5236335396766663,0.7635923027992249,0.7825711965560913,182.63423156738276,-176.73272705078125,4.288692474365234,5.104738712310791,-2.583228588104248,-2.7612180709838867,,,,,,,,,,,,,,,,,,,,,,,,,,,,,,,,
71,2.9583333333333335,71,2.9583333333333335,0.0,0.03760877292444434,0.03136521248382195,0.5409105733990482,0.5418583720415954,0.053111844616336494,0.05327359112127574,0.05307470774014988,0.05505191484286627,0.12790414732173835,0.13318744392602083,0.1537984233770498,0.1635630415114469,0.12429258146188438,0.1361255002713849,0.48747169971466064,0.4970681369304657,0.4856652617454529,0.4956941604614258,0.5074641406536102,0.5241196602582932,0.3580007404088974,0.4299180209636688,0.43072184920310974,0.515554666519165,0.7622964382171631,0.780316025018692,179.16294860839832,-180.83932495117193,4.62792444229126,4.648745059967041,-2.5162036418914795,-2.874446392059326,,,,,,,,,,,,,,,,,,,,,,,,,,,,,,,,
72,3.0,72,3.0,0.0,0.055856604258952544,0.03251797337158638,0.5490239118990902,0.557532053747844,0.05290818126071967,0.051654777193272876,0.05328315562939696,0.052628347102016665,0.13752635018071216,0.1386342280038025,0.15462737325057865,0.16247431666863854,0.12397220472262256,0.134846881653643,0.48779164254665375,0.4984320402145386,0.48505789041519165,0.4954981803894043,0.5083566159009933,0.5224011540412903,0.3542317748069763,0.4249558001756668,0.4273041784763336,0.5116231441497803,0.7585351169109344,0.7792259752750397,178.75486755371085,-180.83178710937503,5.362849712371826,6.744004726409912,-1.5759923458099365,-2.2155942916870117,,,,,,,,,,,,,,,,,,,,,,,,,,,,,,,,
73,3.0416666666666665,73,3.0416666666666665,0.0,0.10557689509518976,0.04966491670421252,0.5949611748260322,0.5594068957605333,0.054300882103672704,0.04866521815335441,0.05386893047567587,0.050194838069241056,0.12785464476995068,0.1380103662523413,0.1364877361963579,0.15514738750755672,0.12369705577312641,0.13507187635316117,0.49074557423591614,0.501070648431778,0.4875168800354004,0.49985766410827637,0.5073573589324951,0.5228619575500488,0.34698835015296936,0.4168059229850769,0.41954296827316284,0.5027603507041931,0.7589088082313538,0.7784863114356995,178.46269226074207,-180.9885864257813,4.71838903427124,3.829345703125,-0.8659020662307739,-1.7599754333496094,,,,,,,,,,,,,,,,,,,,,,,,,,,,,,,,
74,3.0833333333333335,74,3.0833333333333335,0.0,0.08347671851342252,0.058758719184115786,0.598946952201602,0.569890885799039,0.06254740459606134,0.06334022813207232,0.06109880855256754,0.0633903195141088,0.12320812639429678,0.13210692282518374,0.12282404822821857,0.13833084502555595,0.12443720082329814,0.13564469864248832,0.4928750693798065,0.5031137764453888,0.4906891882419586,0.5032834410667419,0.5058440566062927,0.5214020162820816,0.3438793420791626,0.4127144515514374,0.4156031310558319,0.4971139132976532,0.7598975598812103,0.7795817255973816,178.42858886718741,-180.3652496337891,2.015536308288574,0.3590465784072876,0.012443937361240387,-0.6141501665115356,,,,,,,,,,,,,,,,,,,,,,,,,,,,,,,,
75,3.125,75,3.125,0.0,0.049603935205787646,0.05115032543010889,0.5864989326905884,0.5722053419176664,0.06488267733451705,0.07016042179911859,0.06341645704064479,0.06874032485750414,0.12465825965620402,0.13003465006142087,0.11590075420914557,0.12395086171190726,0.12382716873848058,0.13515117986986824,0.49461638927459717,0.506065845489502,0.4922478199005127,0.5065281987190247,0.5059727430343628,0.5203002095222473,0.3416861891746521,0.41003477573394775,0.4117719233036041,0.49195000529289246,0.7583683431148529,0.7792047262191772,178.48736572265614,-180.9879760742188,1.707755446434021,-0.9037461280822754,0.9073948264122009,0.39690500497817993,,,,,,,,,,,,,,,,,,,,,,,,,,,,,,,,
76,3.1666666666666665,76,3.1666666666666665,0.0,0.040951761318313365,0.042523256322866985,0.5819429107909639,0.5763815038951432,0.07200450193962572,0.07360153355544478,0.07080547681764641,0.07236545351844599,0.12670959027575038,0.1303310186169022,0.10641155109129671,0.11438035698787392,0.12404185168853168,0.13529249386227374,0.4970059096813202,0.5096161067485809,0.4955470561981201,0.5103819370269775,0.5063711404800415,0.521830290555954,0.34045279026031494,0.40686969459056854,0.40927499532699585,0.48939070105552673,0.7588613629341125,0.7782425284385681,178.08787536621082,-180.63772583007818,-0.3154520094394684,-2.0884697437286377,2.06392240524292,1.3747663497924805,,,,,,,,,,,,,,,,,,,,,,,,,,,,,,,,
77,3.2083333333333335,77,3.2083333333333335,0.0,0.03480728004110817,0.039101385143237306,0.5846472671574542,0.5781825979509941,0.08019112703951806,0.07813757304360358,0.07808927912553695,0.07624980670965249,0.12195569998777106,0.12770491826536665,0.09272907420677476,0.1034337588859583,0.12299618860969537,0.13603797188749078,0.5003426223993301,0.5132635682821274,0.49924084544181824,0.5137044787406921,0.5077365040779114,0.5224034935235977,0.3386353552341461,0.4042198061943054,0.4069245159626007,0.4865860641002655,0.7594653367996216,0.77609783411026,177.59280395507804,-180.45864868164068,-1.351521372795105,-2.211649179458618,2.8794758319854736,2.273266077041626,,,,,,,,,,,,,,,,,,,,,,,,,,,,,,,,
78,3.25,78,3.25,0.0,0.03524732727727861,0.03299700764348755,0.58410022614979,0.5794467095027153,0.08303219420772442,0.08048781534099765,0.08181994630429854,0.07935024418054118,0.1222314455046442,0.12954628204637944,0.08586993046093251,0.0986422960764671,0.12338265167335473,0.13572537941801477,0.502939760684967,0.5168357342481613,0.5021119117736816,0.5166114568710327,0.507373720407486,0.5236157923936844,0.33737052977085114,0.4020801931619644,0.4057662785053253,0.4865266680717468,0.7615725100040436,0.7770808339118958,177.63999938964835,-179.14834594726568,-2.315702199935913,-2.3088371753692627,3.737539291381836,3.0907700061798096,,,,,,,,,,,,,,,,,,,,,,,,,,,,,,,,
79,3.2916666666666665,79,3.2916666666666665,0.0,0.03410420374007999,0.03396579766871213,0.5753987925589018,0.5792876770767329,0.084170815637184,0.08300957150559056,0.08328331031542885,0.08133210071458206,0.12120134163420086,0.12947652193327852,0.08068833453082264,0.09409128384516949,0.12346489690249815,0.13472400396332687,0.5048160403966904,0.5203529000282288,0.5043609738349915,0.5204355716705322,0.507737785577774,0.5251887142658234,0.3364194482564926,0.4012426733970642,0.4039221405982971,0.4859209954738617,0.7620987594127655,0.772089809179306,177.26707458496085,-179.30477905273443,-3.0892627239227295,-3.1118316650390625,4.028919696807861,3.460118532180786,,,,,,,,,,,,,,,,,,,,,,,,,,,,,,,,
80,3.3333333333333335,80,3.3333333333333335,0.0,0.03387404456437183,0.03876332367566458,0.5738508940317247,0.586097412198105,0.0851925400783829,0.08529020979271126,0.08461338490183357,0.08356183907934735,0.12397670076151313,0.128362575173955,0.0807349864016054,0.08713613316584934,0.12364251426552732,0.13435746230500892,0.5068128407001495,0.5232271999120712,0.5063457489013672,0.5235106348991394,0.5092487633228302,0.5272231251001358,0.3357704281806946,0.4004925489425659,0.40313658118247986,0.4854312539100647,0.760270744562149,0.7756828963756561,177.19241333007804,-179.18447875976568,-3.218548536300659,-3.929366827011108,4.372740745544434,4.038196563720703,,,,,,,,,,,,,,,,,,,,,,,,,,,,,,,,
81,3.375,81,3.375,0.0,0.03394167442398992,0.04072809005857795,0.5754514900760054,0.5850591704467555,0.08451695146429426,0.08504215869216362,0.08357334228826105,0.08312976396297225,0.12840718882488675,0.12942015936161796,0.08114043565309248,0.08413056778164645,0.12308997345531764,0.13396767296616463,0.5093452483415604,0.5258782356977463,0.5089727640151978,0.5259878039360046,0.5084771513938904,0.5266299843788147,0.3353445827960968,0.40030328929424286,0.40264153480529785,0.48518267273902893,0.76273113489151,0.7759873270988464,177.15306091308582,-179.29927062988287,-3.5967936515808105,-4.274172306060791,4.814428806304932,4.499499797821045,,,,,,,,,,,,,,,,,,,,,,,,,,,,,,,,
82,3.4166666666666665,82,3.4166666666666665,0.0,0.03348910300439614,0.041209830116731044,0.5718988056299266,0.5823342574457685,0.08460898712131494,0.0859768736050607,0.08416611418928707,0.08454893801006058,0.12969084951532758,0.13077526357323144,0.07875095235290402,0.08203865545662997,0.12384673617972745,0.13481047094436724,0.5108000785112381,0.5283290445804596,0.5106619596481323,0.5287919044494629,0.5086669623851776,0.5265355408191681,0.3355126529932022,0.4005623161792755,0.4031037390232086,0.4848889410495758,0.7643120884895325,0.7764825224876404,177.2563934326171,-179.72741699218756,-4.090648651123048,-4.783355236053467,5.184187412261963,4.851764678955078,,,,,,,,,,,,,,,,,,,,,,,,,,,,,,,,
83,3.4583333333333335,83,3.4583333333333335,0.0,0.03211412570603386,0.038313821818329846,0.5726598630884798,0.5844805062691965,0.08355915669176474,0.0827920673772089,0.08337543830199444,0.08171879225895037,0.12924467563727973,0.13203098495280816,0.07794449255574647,0.08140989965479799,0.12381252222085698,0.1357577583183664,0.511871799826622,0.5300758481025696,0.511951744556427,0.5304643511772156,0.508954182267189,0.5263538658618927,0.33547860383987427,0.40164846181869507,0.40378931164741516,0.48494309186935425,0.7651825845241547,0.7772798240184784,177.64698791503895,-180.5356140136719,-4.4441046714782715,-4.474671840667725,5.207727432250977,5.193460464477539,,,,,,,,,,,,,,,,,,,,,,,,,,,,,,,,
84,3.5,84,3.5,0.0,0.03173933689940072,0.03638373332584988,0.5759390994061103,0.5856277821083535,0.08178235096114739,0.08372550131183809,0.0817842520777727,0.08304318065711945,0.1324092214528206,0.1321848569285305,0.08014280249366612,0.08041622667499669,0.12338872109530306,0.13595622087866177,0.5130784511566162,0.5317392498254776,0.5130987167358398,0.5317163467407227,0.5092737376689911,0.5265180468559265,0.3361702561378479,0.4022546261548996,0.4052514433860779,0.48550814390182495,0.7644761502742767,0.7781915366649628,178.02532958984366,-180.7989349365235,-4.5764503479003915,-4.001613616943359,5.361273765563965,5.413413047790527,,,,,,,,,,,,,,,,,,,,,,,,,,,,,,,,
85,3.5416666666666665,85,3.5416666666666665,0.0,0.03226327666949963,0.034332343251392027,0.5773545530147091,0.5819093170107732,0.08146320772929738,0.0861970101141331,0.08139257145194682,0.08564224621074339,0.13408812145721152,0.12854085316814257,0.0796916502040494,0.07529291898267941,0.12279144468157005,0.1363606741980656,0.5143549144268036,0.5332276523113251,0.514353334903717,0.5326735973358154,0.5096733570098877,0.5266148149967194,0.33728282153606415,0.4028295427560806,0.4070073962211609,0.48640742897987366,0.7635259926319122,0.7790138125419617,178.55363464355457,-180.54811096191412,-4.834451675415039,-3.4432034492492676,5.561608791351318,5.581305027008057,,,,,,,,,,,,,,,,,,,,,,,,,,,,,,,,
86,3.5833333333333335,86,3.5833333333333335,0.0,0.05058065220129336,0.0387071901604818,0.568432360879583,0.58327182547491,0.08278120815497471,0.08643130578666154,0.08276948577175139,0.08557481325502216,0.13360128247483605,0.12970688213559015,0.07660742184144434,0.07494779444180805,0.12362109402355961,0.13623727883333522,0.514806792140007,0.5339417606592178,0.5147647261619568,0.5336465835571289,0.5091689378023148,0.5260508060455322,0.33768168091773987,0.40277521312236786,0.4070173501968384,0.48689383268356323,0.7635458111763,0.777986079454422,178.2359161376952,-180.44105529785162,-5.470674514770508,-3.9935858249664307,5.959120273590088,5.638429641723633,,,,,,,,,,,,,,,,,,,,,,,,,,,,,,,,
87,3.625,87,3.625,0.0,0.061972472922579264,0.05214191537715031,0.5711914686135696,0.582220090809393,0.08041533130377791,0.08473002014931831,0.08065996195951923,0.08387133313155741,0.13342833600759943,0.1299670644640306,0.07492039079634481,0.07548859489386979,0.12396626923747886,0.13632699204987114,0.5144485682249069,0.534208133816719,0.5141900777816772,0.5345829129219055,0.5096436440944672,0.5250874161720276,0.3370024263858795,0.4023308902978897,0.40792280435562134,0.48814454674720764,0.7615192830562592,0.7794370353221893,178.65231323242176,-180.29896545410162,-6.029196739196777,-5.6129021644592285,6.154900550842285,5.616449356079102,,,,,,,,,,,,,,,,,,,,,,,,,,,,,,,,
88,3.6666666666666665,88,3.6666666666666665,0.0,0.03859494147530183,0.05366214904020984,0.5543649522614058,0.5693871081412153,0.07919897436663728,0.08324351263905054,0.07870354059402491,0.08236438226460549,0.1322396904346093,0.13318454943026767,0.07393331554353767,0.07832869419523784,0.12465359281685978,0.1361567792082244,0.514948844909668,0.5340313613414764,0.514143705368042,0.5341305136680603,0.5100769847631454,0.5244879424571991,0.3369757831096649,0.40223774313926697,0.4055923819541931,0.4902172088623047,0.7628143727779388,0.7794229090213776,177.4910583496093,-178.88276672363287,-4.599868774414063,-6.029599189758301,6.092602729797363,5.617570400238037,,,,,,,,,,,,,,,,,,,,,,,,,,,,,,,,
89,3.7083333333333335,89,3.7083333333333335,0.0,0.024129322738215567,0.028154034765293608,0.5552874360927679,0.5732227047108986,0.07770680902555575,0.08400611759302178,0.07744158888725171,0.08392457181064926,0.13620609852049503,0.13606777506488543,0.07394620329855615,0.0804597729946206,0.12411861251006288,0.1357211674816507,0.5153499692678452,0.5346404314041138,0.5144000053405762,0.5336916446685791,0.5106269717216492,0.5245322287082672,0.33608482778072357,0.4011082798242569,0.4056369364261627,0.48847413063049316,0.7626855969429016,0.7800540328025818,178.4159240722655,-179.33900451660162,-4.602031707763672,-4.391151428222656,6.506442546844482,5.91186809539795,,,,,,,,,,,,,,,,,,,,,,,,,,,,,,,,
90,3.75,90,3.75,0.0,0.01398261146949002,0.024642102357527965,0.5597171880962387,0.5800828467837857,0.08479139620780445,0.08453064922435127,0.0849966268205449,0.08376106303745923,0.13389965384048852,0.13359329774793527,0.07320472867489468,0.07827726215523602,0.12367890043019328,0.1358314143286853,0.5159023106098175,0.5346596986055374,0.5148381590843201,0.5344550609588623,0.5109193921089172,0.524896502494812,0.3349903076887131,0.4008740037679672,0.40778326988220215,0.4879819452762604,0.7635036408901215,0.7795046865940094,180.07237243652332,-179.52589416503912,-4.68640661239624,-4.7771759033203125,6.337860107421875,5.656635284423828,,,,,,,,,,,,,,,,,,,,,,,,,,,,,,,,
91,3.7916666666666665,91,3.7916666666666665,0.0,0.01770842853899387,0.02260146639464448,0.562388347084933,0.5873782657388128,0.08402522969381973,0.08613487629685185,0.08479858205033101,0.08612361321004863,0.1376444474529614,0.1295877093225685,0.07992247283947915,0.07379668123969989,0.12340376435378862,0.13710070993598766,0.5161306858062744,0.5352474600076675,0.5151126980781555,0.534018874168396,0.5108660757541656,0.5251844525337219,0.33546024560928345,0.40210363268852234,0.40907371044158936,0.48853281140327454,0.7636405527591705,0.7804446220397949,180.15524291992176,-180.5552062988282,-5.122644901275635,-3.448256492614746,6.286332130432129,6.066444396972656,,,,,,,,,,,,,,,,,,,,,,,,,,,,,,,,
92,3.8333333333333335,92,3.8333333333333335,0.0,0.02944765130309406,0.035662117327463626,0.544816566174716,0.5884006992993561,0.07795254314191714,0.08489407833573519,0.07739114463147637,0.08477201835141492,0.14285262756741535,0.1285714318685011,0.08295204675710498,0.07409398776992585,0.12581436509382848,0.13773953188895463,0.5161354690790176,0.5348037332296371,0.5145414471626282,0.5349900126457214,0.51048344373703,0.5260200351476669,0.33880825340747833,0.40750694274902344,0.41458621621131897,0.4922533929347992,0.7657465636730194,0.7830622494220734,179.8439483642577,-181.9649658203126,-5.61574649810791,-4.760509490966797,6.446436882019043,6.012898921966553,,,,,,,,,,,,,,,,,,,,,,,,,,,,,,,,
93,3.875,93,3.875,0.0,0.08063573610681106,0.05920715263330297,0.6008740604601498,0.6159638950353352,0.07690950769609115,0.08538063089374001,0.07644209605956356,0.08374605081542127,0.13614079245598984,0.12452456864892589,0.07982869223286558,0.07175225822555029,0.12634484925409878,0.13697339310875759,0.5162799805402756,0.5349438339471817,0.5160125494003296,0.5347262024879456,0.5104404538869858,0.524647131562233,0.34635137021541595,0.41364777088165283,0.42181718349456787,0.5027436017990112,0.7637636363506317,0.7831268310546875,178.92863464355457,-180.62426757812509,-6.657581329345703,-4.783106803894043,6.123194694519043,5.553014755249024,,,,,,,,,,,,,,,,,,,,,,,,,,,,,,,,
94,3.9166666666666665,94,3.9166666666666665,0.0,0.09420434688362106,0.09552177059381832,0.6018368444302556,0.6203129843630033,0.08343519759034129,0.08862424734197422,0.08358404678573843,0.08821081789528075,0.13711835381611975,0.12847657286739272,0.07772610914778406,0.07160322760000346,0.1243277585386443,0.1370068013603077,0.5174515247344971,0.5358575135469437,0.5173406600952148,0.5349550247192383,0.5117062777280807,0.5293751657009125,0.3514700084924698,0.4197022169828415,0.4291221499443054,0.5129339694976807,0.7606176137924194,0.783096194267273,180.78425598144523,-177.8690490722657,-8.62540340423584,-6.079230308532715,6.320151329040527,6.277220726013184,,,,,,,,,,,,,,,,,,,,,,,,,,,,,,,,
95,3.9583333333333335,95,3.9583333333333335,0.0,0.06990990596500078,0.08789870488780235,0.5880579720766957,0.604475510589427,0.07977387451790445,0.08512754362434896,0.0807746275695842,0.08478966568842068,0.13743928083753543,0.12990741697317956,0.07856575420004117,0.0768631019723511,0.12534316264164255,0.13686705087110781,0.5170357078313828,0.5351824760437012,0.516035795211792,0.5352745056152344,0.5115652680397034,0.529374361038208,0.35169388353824615,0.42252880334854126,0.43086370825767517,0.516751766204834,0.7605338394641876,0.7854391932487488,181.4195098876952,-177.74908447265636,-6.921921730041504,-6.95172119140625,6.32021951675415,5.686830520629883,,,,,,,,,,,,,,,,,,,,,,,,,,,,,,,,
96,4.0,96,4.0,0.0,0.06379578251968934,0.06966285679538785,0.5844015633611441,0.5901718328476875,0.08082864774941302,0.0851512494999463,0.08229413006268771,0.08547515464598858,0.13576830178976015,0.13006465276483734,0.07872036464393901,0.07906399888663608,0.12493322133561106,0.13806986935958213,0.5167481750249863,0.5344586968421936,0.515883207321167,0.5347869992256165,0.511118158698082,0.5300660133361816,0.35136039555072784,0.42338143289089203,0.43046894669532776,0.5187484622001648,0.7601213455200195,0.7841272354125977,181.527374267578,-177.37915039062509,-7.003198146820068,-6.929824352264404,6.147164821624756,5.4992852210998535,,,,,,,,,,,,,,,,,,,,,,,,,,,,,,,,
97,4.041666666666667,97,4.041666666666667,0.0,0.05052874094734767,0.02599193381861222,0.5718833578380994,0.5656351522152884,0.0811516520877391,0.08594230985127067,0.08290568119353901,0.08716250629161043,0.13375210042953775,0.131290574121546,0.08075008975204366,0.08260333785186907,0.12479358013727862,0.13791001832227975,0.5159070640802383,0.5341196656227112,0.5148060917854309,0.5335482954978943,0.5096468925476074,0.5298567712306976,0.3501768857240677,0.4229382276535034,0.43012672662734985,0.5188508629798889,0.7612959146499634,0.7813739776611328,181.8305358886718,-176.9108886718751,-6.095973491668701,-5.267129898071289,5.672109127044678,5.310690879821777,,,,,,,,,,,,,,,,,,,,,,,,,,,,,,,,
98,4.083333333333333,98,4.083333333333333,0.0,0.021154232394855223,0.02658305104402545,0.5642943395739263,0.5647331984751073,0.08278810710677656,0.08750215695066407,0.08391685823398318,0.08739258331951821,0.13273246704061595,0.12968471668518633,0.08198467371377895,0.08143457603989519,0.1256874373149709,0.13685479938975256,0.5156156867742538,0.5328032970428467,0.51397305727005,0.5323310494422913,0.5081698000431061,0.5298310667276382,0.35089311003685,0.42178836464881897,0.43293315172195435,0.5184568166732788,0.764678418636322,0.7817323505878448,182.34112548828114,-176.4777832031251,-4.65781831741333,-5.468920707702637,5.417377948760986,5.06210470199585,,,,,,,,,,,,,,,,,,,,,,,,,,,,,,,,
99,4.125,99,4.125,0.0,0.018009749669499406,0.02940893850763929,0.5605585137421726,0.5613441175120767,0.08615263138791522,0.08873839685334829,0.08745931000517729,0.08892308306540492,0.13040512390750603,0.12890584510179864,0.08301260984568735,0.08160065441853714,0.12405089210197527,0.13576519868412026,0.5148666501045227,0.5323771238327026,0.5127562880516052,0.531486451625824,0.5079749822616577,0.5298072248697281,0.3527074456214905,0.4228765219449997,0.43730491399765015,0.5209442973136902,0.7625150084495544,0.7849110662937164,185.1302032470702,-176.37223815917977,-3.654741764068604,-5.805201530456543,5.051015377044678,4.96846342086792,,,,,,,,,,,,,,,,,,,,,,,,,,,,,,,,
100,4.166666666666667,100,4.166666666666667,0.0,0.022220059498921647,0.03303691603541524,0.5603946245620036,0.5565903341725281,0.0860196478376722,0.0920922794974068,0.08645277707842831,0.09215827449442818,0.12989751882747125,0.12741460310610625,0.08231282091224282,0.0827714705767529,0.12444118251882312,0.1366338348012124,0.5140452086925507,0.5307231843471527,0.5126877427101135,0.5303617715835571,0.5088910460472107,0.5275406986474991,0.3541540652513504,0.4240097999572754,0.43946337699890137,0.5245113372802734,0.7624284029006958,0.7828157842159271,185.043243408203,-175.85957336425793,-4.422420024871826,-6.6634063720703125,4.771597385406494,4.607661724090576,,,,,,,,,,,,,,,,,,,,,,,,,,,,,,,,
101,4.208333333333333,101,4.208333333333333,0.0,0.02984296944783116,0.037418512313415274,0.5489357982753181,0.54988969800768,0.08496786039575771,0.08989990507443978,0.08587646782480693,0.09032629046177783,0.127683867575466,0.12809490345658084,0.08267849449412817,0.08508140155139465,0.12498346742267231,0.13748203005682413,0.5130727589130402,0.5300311148166656,0.511803150177002,0.5295177698135376,0.5096917450428009,0.5262743234634399,0.356709823012352,0.426556259393692,0.4431498348712921,0.5283113718032837,0.7625448107719421,0.7830123007297516,184.61335754394523,-175.58853149414074,-5.0574421882629395,-6.754849433898926,4.551092624664307,4.563042640686036,,,,,,,,,,,,,,,,,,,,,,,,,,,,,,,,
102,4.25,102,4.25,0.0,0.0445590552601524,0.03941847309102864,0.5201331223048977,0.5450153582053732,0.08428144202900155,0.08816182028129743,0.08537068291024658,0.0898228202967673,0.12332587952197564,0.12853428750250656,0.0831170281899024,0.08550098029210154,0.12490914258439542,0.13674599629193096,0.5127651393413544,0.5292873382568359,0.5110381245613098,0.5277411937713623,0.5101041793823242,0.5269002020359039,0.3581659346818924,0.42888598144054413,0.44267308712005615,0.5297239422798157,0.7612069547176361,0.783937394618988,183.78552246093741,-175.33831787109384,-4.093676567077637,-5.702757835388184,4.34975528717041,4.7889862060546875,,,,,,,,,,,,,,,,,,,,,,,,,,,,,,,,
103,4.291666666666667,103,4.291666666666667,0.0,0.05615558045912403,0.05723945171714588,0.5289614112098743,0.5687876734652855,0.08132023219956062,0.08701761046881452,0.08206706672280675,0.08864075415255579,0.12856317265223605,0.12274837279794086,0.08645972123775172,0.08240947661194084,0.12441785852046491,0.13738759880906667,0.5123307853937149,0.5282416194677353,0.5108619332313538,0.5267898440361023,0.5097569823265076,0.5274845957756042,0.3582833558320999,0.42918309569358826,0.44257673621177673,0.529742956161499,0.7630357444286346,0.7838550806045532,184.23960876464835,-175.02693176269543,-4.54966926574707,-5.175327777862549,4.383388996124268,4.536295413970947,,,,,,,,,,,,,,,,,,,,,,,,,,,,,,,,
104,4.333333333333333,104,4.333333333333333,0.0,0.052959794917456476,0.08048546202940866,0.5393379960935522,0.5727218467342547,0.0802555384113695,0.08962346820343227,0.08138232589734537,0.09025855253569214,0.1263514108310826,0.1225055484075394,0.08354196626022647,0.08277562975587302,0.12461531838179922,0.13700062075258135,0.5116320103406906,0.5280937254428864,0.510053277015686,0.5274092555046082,0.5091392546892166,0.5259241461753845,0.3577423393726349,0.42901891469955444,0.4419863522052765,0.5292962193489075,0.7652663290500641,0.7840417623519897,184.29273986816395,-174.29417419433605,-4.419172763824463,-5.970118045806885,4.500483512878418,4.225178241729736,,,,,,,,,,,,,,,,,,,,,,,,,,,,,,,,
105,4.375,105,4.375,0.0,0.0605436980284701,0.08515388148903398,0.5537053105699153,0.571945484396432,0.08175899734300576,0.08875102499257924,0.08290188082376368,0.08901479658838037,0.12453469243476833,0.12196354234038141,0.08332288447040595,0.08195284703383234,0.12452590208750725,0.13718597024207219,0.5113637149333954,0.5277611613273621,0.5102595686912537,0.5269281268119812,0.5095255970954895,0.5254633873701096,0.3565700650215149,0.427435964345932,0.44072747230529785,0.5276192426681519,0.7671313285827637,0.783413290977478,184.58815002441395,-174.46568298339855,-4.900448799133301,-5.914751052856445,4.2515130043029785,4.261645793914795,,,,,,,,,,,,,,,,,,,,,,,,,,,,,,,,
106,4.416666666666667,106,4.416666666666667,0.0,0.04819229269563735,0.07070763288688893,0.557209715963462,0.5713632748816304,0.08152933616693055,0.08665156653586852,0.0833190175142434,0.08791180385453763,0.12687406810946983,0.12671840054496544,0.08680560831321839,0.08701811926336539,0.12469998410205274,0.13733344903322134,0.5112799257040024,0.5272994637489319,0.5098885893821716,0.5265448093414307,0.5097993165254593,0.5262697041034698,0.3553418070077896,0.4261407256126404,0.4385450780391693,0.5246981978416443,0.7662911415100098,0.7864181995391846,184.67451477050773,-174.95021057128918,-4.0339202880859375,-5.79558801651001,4.310016632080078,4.354774475097656,,,,,,,,,,,,,,,,,,,,,,,,,,,,,,,,
107,4.458333333333333,107,4.458333333333333,0.0,0.03905016787935762,0.047961731779595514,0.5700310377883221,0.5750505035917258,0.079550869322796,0.08432594418346226,0.08153024224344506,0.0865047946811528,0.1287237306986532,0.1312427335486086,0.08949811939406437,0.09076124479633316,0.12442845514599683,0.1377749511209638,0.5105332732200623,0.5267286151647568,0.509624183177948,0.5253665447235107,0.50938880443573,0.5268423855304718,0.3545068949460983,0.42537498474121094,0.4357792139053345,0.5204313397407532,0.7665301263332367,0.7871077358722687,184.3424377441405,-176.11106872558602,-3.8656308650970463,-4.090624809265137,4.224198341369629,4.639858245849609,,,,,,,,,,,,,,,,,,,,,,,,,,,,,,,,
108,4.5,108,4.5,0.0,0.036673947360711945,0.04267644271047636,0.5734396334736606,0.5777601358127868,0.06062712235941443,0.06010920573051547,0.06222490666092655,0.06311603927326007,0.14663014250788173,0.14968345503679517,0.11375658272587622,0.11244004471055971,0.12337580128002565,0.1383495037512903,0.5103388428688049,0.5256996154785156,0.5098315477371216,0.5242875814437866,0.5101570039987564,0.526862695813179,0.3553435057401657,0.4243074804544449,0.43129613995552063,0.513947606086731,0.7689338326454163,0.7844726145267487,181.86662292480457,-177.9423828125001,-3.3434386253356934,-2.487706184387207,3.7118866443634033,4.376943111419678,,,,,,,,,,,,,,,,,,,,,,,,,,,,,,,,
109,4.541666666666667,109,4.541666666666667,0.0,0.044134456536790614,0.04184207938976985,0.5725119667255243,0.5893918687344553,0.05040921901749538,0.05361452886961463,0.05250019940403796,0.0565885574874357,0.15501972910859385,0.15499003621698668,0.13219600471175375,0.13004419314545482,0.12303522052361528,0.13604130140486917,0.5084664076566696,0.5236499309539795,0.5082957744598389,0.522671639919281,0.5107244253158569,0.5272916108369827,0.3526593744754791,0.4204026162624359,0.4248518645763397,0.5069248080253601,0.7662101984024048,0.7823994755744934,180.28785705566395,-179.29377746582043,-2.3921241760253906,-1.514606237411499,2.561502456665039,3.0899429321289062,,,,,,,,,,,,,,,,,,,,,,,,,,,,,,,,
110,4.583333333333333,110,4.583333333333333,0.0,0.04847607435592579,0.05470397648734447,0.5644820791255362,0.5830462439862413,0.051874352582239186,0.05217445596442257,0.05431874781852614,0.054590903922735856,0.15024317169525758,0.15263203015928634,0.1375864191835486,0.14056039224889247,0.12486942200571031,0.13688630582823966,0.5070333331823349,0.5213429778814316,0.5071176886558533,0.5213989019393921,0.5112744569778442,0.5278336405754089,0.3488546907901764,0.41424979269504547,0.42026597261428833,0.5005055069923401,0.7671057879924774,0.7842191755771637,179.45126342773426,-179.41468811035165,-1.6774290800094604,-1.5973188877105715,1.7002774477005005,1.6593514680862427,,,,,,,,,,,,,,,,,,,,,,,,,,,,,,,,
111,4.625,111,4.625,0.0,0.06016442808951205,0.06684137959575176,0.5721536401667704,0.5883626926478434,0.05825656419880907,0.05926394607487239,0.060015125867588975,0.06154794499530579,0.13887552660845923,0.14092075779565436,0.1365496936019884,0.14310736362123488,0.12420234389151776,0.13606660674562485,0.504500225186348,0.5176883041858673,0.504784882068634,0.5190595388412476,0.5128377676010132,0.5264683812856674,0.3455711007118225,0.40858232975006104,0.4151155948638916,0.4942478537559509,0.7679945826530457,0.7840112149715424,177.96783447265616,-180.01792907714852,-0.956317663192749,-1.725788950920105,0.5678540468215942,0.1488925665616989,,,,,,,,,,,,,,,,,,,,,,,,,,,,,,,,
112,4.666666666666667,112,4.666666666666667,0.0,0.056173547638919456,0.06479560949996507,0.5654684586575248,0.5879127117058136,0.06609073614938633,0.05954448878683131,0.0674143720724807,0.06214099302293568,0.1242921164286007,0.13312850235094506,0.1336079821601766,0.15086458977357733,0.12601287959827473,0.13756537009868472,0.5021474212408066,0.5138144940137863,0.5022910237312317,0.5160919427871704,0.5132132172584534,0.525356113910675,0.3417142778635025,0.40570206940174103,0.41118043661117554,0.48751720786094666,0.7683316469192505,0.7829620242118835,177.4647674560546,-181.85838317871105,0.4120977222919464,-0.832899808883667,-0.6452511548995972,-1.444863200187683,,,,,,,,,,,,,,,,,,,,,,,,,,,,,,,,
113,4.708333333333333,113,4.708333333333333,0.0,0.05083332383213956,0.038620226063617986,0.5523485277542891,0.5658952705454123,0.06843457369578554,0.05928955871548931,0.07086643799452756,0.06215481704521079,0.10670910401766723,0.12859523488573313,0.13717260432772677,0.1591307825016949,0.12642397722060564,0.1379542916245214,0.4976357966661453,0.509167954325676,0.4975847005844116,0.5108650326728821,0.5114746391773224,0.5257855653762817,0.34056225419044495,0.4029916524887085,0.4064289927482605,0.482595294713974,0.7663338780403137,0.7883873879909515,175.88728332519523,-182.43258666992196,2.1633198261260986,1.128420114517212,-2.8495652675628667,-2.7851386070251465,,,,,,,,,,,,,,,,,,,,,,,,,,,,,,,,
114,4.75,114,4.75,0.0,0.039974354686028585,0.03642005538123363,0.5474654131189908,0.5566540552281104,0.07254859731765356,0.06612584994738985,0.07462376681462853,0.06917111329536267,0.096435459045335,0.10908566381251332,0.14309393640640408,0.16063812742643105,0.12669194810949008,0.13765370165570207,0.4939267039299011,0.5035364031791687,0.49354735016822815,0.5057054758071899,0.5109025835990906,0.5245226472616196,0.3403666466474533,0.40271584689617157,0.4072202742099762,0.48210054636001587,0.7656009495258331,0.7864796817302704,176.6316833496093,-182.38281250000009,3.9332389831542973,2.201552629470825,-4.474798202514648,-5.087243556976318,,,,,,,,,,,,,,,,,,,,,,,,,,,,,,,,
115,4.791666666666667,115,4.791666666666667,0.0,0.03423244135355967,0.0361677572067867,0.5469763118528187,0.5618602532849648,0.07672257328442794,0.0694933500096915,0.07819135737825267,0.07112927550514848,0.08561245793715502,0.0964944061373707,0.1477323517630302,0.16404013700854084,0.12608659963917607,0.13755404925761042,0.48962336778640747,0.49817824363708496,0.4905393719673157,0.5000502467155457,0.5102250725030899,0.5265096724033356,0.3410167694091797,0.4052281081676483,0.4126061797142029,0.48642510175704956,0.7655317485332489,0.7830150127410889,179.64166259765614,-181.766326904297,4.411758899688721,4.072659492492676,-6.314884662628174,-7.017940998077393,,,,,,,,,,,,,,,,,,,,,,,,,,,,,,,,
116,4.833333333333333,116,4.833333333333333,0.0,0.03529162587691469,0.037646124722514766,0.5465215914406825,0.5750357890842422,0.07244860462788086,0.06915953927853166,0.07142219662221637,0.06988640691429296,0.082568611799042,0.0871981180644955,0.154989751160728,0.165211841967343,0.12614808862600047,0.13629499401033499,0.48618465662002563,0.4919128566980362,0.48706454038619995,0.4950379431247711,0.5101460516452789,0.5263592898845673,0.3444767892360687,0.409996822476387,0.41637903451919556,0.49078798294067383,0.7660760581493378,0.7791409194469452,179.2181854248046,-183.0624084472657,5.987527370452881,4.232424259185791,-7.757156372070312,-8.661490440368652,,,,,,,,,,,,,,,,,,,,,,,,,,,,,,,,
117,4.875,117,4.875,0.0,0.01929049373273989,0.02646004930145377,0.5506321988363138,0.5651478562559357,0.07662614705404194,0.0751975932406255,0.07555324747001155,0.075116033975049,0.08058079539367513,0.07554253181041475,0.15744042440295564,0.16159039707678652,0.12651805608945146,0.13572746817554474,0.48102448880672455,0.48709993064403534,0.4819401800632477,0.48988622426986694,0.5091578364372253,0.5260906517505646,0.35140460729599,0.4141889363527298,0.4301293194293976,0.5037159323692322,0.7682115435600281,0.7785672843456268,181.54780578613273,-178.32156372070324,7.843189239501952,7.416232585906983,-8.3280668258667,-9.646885871887207,,,,,,,,,,,,,,,,,,,,,,,,,,,,,,,,
118,4.916666666666667,118,4.916666666666667,0.0,0.016580894927111962,0.02281918135569363,0.5637515992594787,0.5624541143409977,0.07444015920830882,0.07986431405698352,0.0732690604549633,0.07979837989347931,0.0773612326839964,0.06781700429082212,0.1567961561149442,0.15306613799978394,0.12538351572595488,0.13601258304485142,0.4784444272518158,0.48360055685043335,0.47876831889152527,0.48613831400871277,0.508602574467659,0.5248854458332062,0.3566438555717468,0.42011310160160065,0.4362759590148926,0.5113905668258667,0.7680263519287109,0.7824691236019135,182.66746520996082,-177.24208068847665,8.05991268157959,7.425846576690674,-8.299648284912111,-9.388075828552246,,,,,,,,,,,,,,,,,,,,,,,,,,,,,,,,
119,4.958333333333333,119,4.958333333333333,0.0,0.0134670676606386,0.02332908649841404,0.5699513492636515,0.5616021813878254,0.0790357421565767,0.08394385986975358,0.0782892406635791,0.08339209783590751,0.07028257694009052,0.06912568242963346,0.1528833423765389,0.15232225063132204,0.12473861120525652,0.1359117183375978,0.47652779519557953,0.4811846613883972,0.47691407799720764,0.48347368836402893,0.5088208317756653,0.5231036990880966,0.3580620288848877,0.4239863157272339,0.43728384375572205,0.5170409679412842,0.7667959630489349,0.7837993502616882,182.22380065917957,-175.8361053466798,7.884806156158448,7.611886978149415,-8.475322723388672,-9.133814811706543,,,,,,,,,,,,,,,,,,,,,,,,,,,,,,,,
120,5.0,120,5.0,0.0,0.0100067371437278,0.021704663075245666,0.5698921805116792,0.5641644497710918,0.07776043892707632,0.08312703212751181,0.07660021255981826,0.0835852748635591,0.0733093801967981,0.06273533616372245,0.14968378460357193,0.14718990855370293,0.12552792181143732,0.13616594952134886,0.4761262834072113,0.4797823578119278,0.4757130444049835,0.4805365800857544,0.5086497962474823,0.5238387733697891,0.3581406772136688,0.42394302785396576,0.43680888414382935,0.5146677494049072,0.7642640173435211,0.7839062511920929,181.96942138671864,-178.0948181152345,7.812607765197755,8.718493461608888,-7.882936000823975,-9.069067001342773,,,,,,,,,,,,,,,,,,,,,,,,,,,,,,,,
121,5.041666666666667,121,5.041666666666667,0.0,0.008322949157526637,0.02132188168888231,0.5734580000002264,0.5712054332943656,0.08171104910205207,0.08283387566894042,0.08115936621124197,0.08330523532207988,0.07598811289936408,0.06985983945430771,0.14598967999362306,0.1488591921629833,0.12481260490590738,0.135381365280581,0.4761303514242172,0.4791918098926544,0.47532549500465393,0.4798574149608612,0.5076539814472198,0.5239003300666809,0.3573979139328003,0.4222138673067093,0.43472588062286377,0.514582097530365,0.7650503814220428,0.7837309539318085,181.8836669921874,-177.27622985839855,7.180190086364746,8.529706954956055,-7.002114772796631,-8.325340270996094,,,,,,,,,,,,,,,,,,,,,,,,,,,,,,,,
122,5.083333333333333,122,5.083333333333333,0.0,0.009730343094192717,0.02122299727905543,0.5658055033106661,0.5752778986918756,0.0811958842339817,0.08019500076258564,0.08064699096959607,0.08248773436926356,0.0767085834763169,0.06894739544992047,0.1461551940773401,0.14811468230436103,0.1253619757193606,0.13457772428024412,0.47580914199352264,0.4789859801530838,0.47533148527145386,0.4790838956832886,0.5070884674787521,0.5231254696846008,0.3568396717309952,0.4203939884901047,0.4338741600513458,0.5141862034797668,0.7680093348026276,0.787343829870224,181.65092468261707,-176.8423767089845,6.933674335479736,9.597142219543457,-7.154684543609619,-8.093018531799316,,,,,,,,,,,,,,,,,,,,,,,,,,,,,,,,
123,5.125,123,5.125,0.0,0.013168463291115361,0.023614571730586082,0.5637338463771928,0.5689887742104028,0.08067230489118797,0.0828339175467744,0.07995243713093966,0.0850297042958468,0.07321391612689954,0.06735092453121197,0.1418080530348521,0.14199551133050717,0.12558215066682535,0.13554627002718742,0.4755464792251587,0.4793589264154434,0.47537761926651,0.4794726073741913,0.5073604881763458,0.5223319679498672,0.3560847342014313,0.4207800477743149,0.4353489577770233,0.5149201154708862,0.7662701606750488,0.7873372137546539,182.554962158203,-176.78509521484386,7.168726444244386,8.86901569366455,-7.198349952697754,-7.583633422851562,,,,,,,,,,,,,,,,,,,,,,,,,,,,,,,,
124,5.166666666666667,124,5.166666666666667,0.0,0.011710705909541243,0.022925680519464097,0.5688740057127016,0.558443116621989,0.07853224775830495,0.08535098070625258,0.07749127968053568,0.08669256322492412,0.08242120287456428,0.0758112700390527,0.14687671144432893,0.14322787923926525,0.1251344354024938,0.1343315408132698,0.4761056751012802,0.48012009263038635,0.475015252828598,0.4815461039543152,0.5073529183864594,0.5206746160984039,0.35905689001083374,0.4228451997041702,0.43882593512535095,0.5233516693115234,0.7657003402709961,0.7867215275764465,183.1874999999999,-173.31997680664074,7.668752193450929,8.353488922119142,-6.598372936248779,-6.843752861022949,,,,,,,,,,,,,,,,,,,,,,,,,,,,,,,,
125,5.208333333333333,125,5.208333333333333,0.0,0.013550271780522132,0.024525840264161533,0.5759948097348087,0.5618399464398661,0.07777113004289322,0.08490058642668603,0.07611168287003199,0.08628131692932703,0.08579566646307796,0.07175201682671305,0.1431866575281948,0.13245891119972075,0.12595041574527369,0.1374677590289904,0.47615739703178406,0.4804663211107254,0.475246787071228,0.4805690050125122,0.5068792402744293,0.5240298807621002,0.3630741685628891,0.4276718348264694,0.4446505010128021,0.5283058881759644,0.7632348835468292,0.7868781387805939,183.80636596679676,-172.88693237304696,7.174260139465332,7.865789413452149,-6.200682163238525,-6.181590557098389,,,,,,,,,,,,,,,,,,,,,,,,,,,,,,,,
126,5.25,126,5.25,0.0,0.029223431205255248,0.028837126229515807,0.5898566628703233,0.582989376506884,0.08070467211463386,0.08285816219370296,0.07999666570973087,0.0862957294729014,0.08828889440088233,0.07592324276456221,0.14272091934267167,0.13454806655759724,0.12476821798534106,0.13598240082670288,0.47603531181812286,0.4809752404689789,0.4747830331325531,0.48126670718193054,0.508464440703392,0.5238223075866699,0.3674662411212921,0.4318564236164093,0.4505758583545685,0.5326944589614868,0.7616561353206635,0.7875905930995941,184.08433532714832,-172.8592987060548,7.41709852218628,6.592556476593018,-5.812745571136475,-5.716396808624268,,,,,,,,,,,,,,,,,,,,,,,,,,,,,,,,
127,5.291666666666667,127,5.291666666666667,0.0,0.07905353266615017,0.057925502339160655,0.6193887462278599,0.5754145437343086,0.07794447018385182,0.0823749670316717,0.0779963755665923,0.08467637936599312,0.08679549704936194,0.08146173713249581,0.1427998248222229,0.1372717085173726,0.12440896131802243,0.13515011032338634,0.4757925420999527,0.48128825426101685,0.47476574778556824,0.4819677174091339,0.5087447613477707,0.5247189998626709,0.3690127581357956,0.43323251605033875,0.45368966460227966,0.5325377583503723,0.7612716257572174,0.7840400338172913,184.38648986816398,-175.0061035156251,7.219052314758301,6.61488962173462,-5.740976810455322,-5.732598304748535,,,,,,,,,,,,,,,,,,,,,,,,,,,,,,,,
128,5.333333333333333,128,5.333333333333333,0.0,0.06805870921937492,0.09905483326024705,0.611160206305602,0.5899114350907029,0.08227313388605924,0.08637253696236011,0.08355618401981534,0.08808614969486567,0.08751548190760627,0.07562251301981264,0.1386297516388135,0.12930846956190975,0.12466330241574153,0.13399471202272561,0.47733281552791595,0.48247820138931274,0.47708767652511597,0.48355066776275635,0.5088767409324646,0.5255235284566879,0.3681509792804718,0.43388210237026215,0.4557393789291382,0.5319285988807678,0.7625663876533508,0.7862224280834198,186.49143981933585,-174.6803741455079,5.698431491851807,5.7683939933776855,-5.008098125457764,-5.647077560424805,,,,,,,,,,,,,,,,,,,,,,,,,,,,,,,,
129,5.375,129,5.375,0.0,0.05339326693313019,0.07800764150264614,0.5945348694919907,0.5804852203294055,0.08114908196659533,0.0873089410940958,0.08273346761094295,0.0899260542034089,0.08700884771113014,0.07620940763816662,0.13483241715009972,0.12994934116578097,0.1255807024003901,0.1348611519467865,0.47934049367904663,0.4834716469049454,0.47862252593040466,0.48440805077552795,0.5072157084941864,0.5249591171741486,0.36757977306842804,0.432208776473999,0.4546434283256531,0.5323785543441772,0.7609699070453644,0.7873208224773407,186.8625183105468,-174.360321044922,5.175313472747803,5.735367774963379,-4.52177619934082,-5.528817176818848,,,,,,,,,,,,,,,,,,,,,,,,,,,,,,,,
130,5.416666666666667,130,5.416666666666667,0.0,0.022670233359078654,0.03435849632274938,0.5780187642873996,0.5693298563115343,0.08275272854375286,0.08619841320421054,0.08484247861284647,0.08955100312398298,0.08907328161721133,0.08015505687332095,0.1366104048450632,0.12984498888279106,0.12489262546231533,0.13349966031245603,0.4799693524837494,0.4844362586736679,0.4794101417064667,0.4847273528575897,0.507576510310173,0.5264261364936829,0.3674580007791519,0.4320378452539444,0.4536145329475403,0.5341453552246094,0.7619671821594238,0.7841321527957916,185.92372131347645,-173.64610290527355,5.514110565185547,7.049557685852052,-4.469078540802002,-4.906890392303467,,,,,,,,,,,,,,,,,,,,,,,,,,,,,,,,
131,5.458333333333333,131,5.458333333333333,0.0,0.019232330487916987,0.026953556998454174,0.5598835679787194,0.5677704427937137,0.0853507148301952,0.08998467547408638,0.08719709670122276,0.09281459093043848,0.09382303751870773,0.0847156697477123,0.14018926711301596,0.13487759106576266,0.12433992659455981,0.13310473757225924,0.4807080924510956,0.48514363169670105,0.480547696352005,0.48668643832206726,0.5069255828857422,0.5241793990135193,0.3672013431787491,0.4325800687074661,0.4561091363430023,0.5374812483787537,0.7627729773521423,0.7854340970516205,188.44973754882804,-170.80870056152352,5.506996154785156,5.815223693847656,-4.282902240753174,-5.00678825378418,,,,,,,,,,,,,,,,,,,,,,,,,,,,,,,,
132,5.5,132,5.5,0.0,0.025898469916320072,0.030874655236629873,0.566565396413408,0.5705287353308114,0.08311902367696222,0.08342784416487235,0.08459102904559623,0.08546674626887583,0.09390255282606823,0.08703792923243964,0.13845620732455002,0.13229644179526212,0.12459471913420415,0.1351475368152257,0.48161780834198,0.4863804578781128,0.4816102981567383,0.4869046211242676,0.5082250237464905,0.5223944783210754,0.3665638864040375,0.4321156442165375,0.45531806349754333,0.5350926518440247,0.7610604166984558,0.7862596809864044,187.42910766601554,-171.48338317871105,5.774622917175293,6.26250696182251,-4.3556108474731445,-4.579063415527344,,,,,,,,,,,,,,,,,,,,,,,,,,,,,,,,
133,5.541666666666667,133,5.541666666666667,0.0,0.058406330173515944,0.04824315067889091,0.5860748710965689,0.579838303422047,0.08212596576213255,0.08525010680681101,0.0840924679778562,0.08790897534184466,0.09318124570621059,0.08278938648538749,0.13616907673965897,0.1283079518615804,0.12500994386048367,0.13354346746254603,0.4829147905111313,0.48734530806541443,0.4830695390701294,0.48784831166267395,0.5093950033187866,0.5226068794727325,0.3668264299631119,0.4309631437063217,0.4546203017234802,0.5314502120018005,0.7599694430828094,0.785009890794754,186.26397705078114,-174.34980773925793,4.154959678649902,6.098127841949463,-4.249560356140137,-4.650453567504883,,,,,,,,,,,,,,,,,,,,,,,,,,,,,,,,
134,5.583333333333333,134,5.583333333333333,0.0,0.08707177275231365,0.08028300339207776,0.6104376887844257,0.5829718762235635,0.08479599806508412,0.0880596733722229,0.08644181511832039,0.08947756413639947,0.09159319780105862,0.07943974365457925,0.13368621296455827,0.12445020564001749,0.12483740392296801,0.13397983671364405,0.4837789982557297,0.48849110305309296,0.48366716504096985,0.48997586965560913,0.5100400447845459,0.5229017436504364,0.36779385805130005,0.42995862662792206,0.4549486041069031,0.5294796228408813,0.7605608999729156,0.7866769134998322,187.04222106933582,-174.2118377685548,4.220289707183838,4.672099590301514,-4.04993200302124,-4.934239387512207,,,,,,,,,,,,,,,,,,,,,,,,,,,,,,,,
135,5.625,135,5.625,0.0,0.0802503581411141,0.0821380922376204,0.6051321856220362,0.5858677330202902,0.08427988977460503,0.08784000552587991,0.08603291333447043,0.08878757632540496,0.08588653056789525,0.08074325447269456,0.1259757375611611,0.12239252192015126,0.12485080237914774,0.13478458110655653,0.48435914516448975,0.48895715177059174,0.48411211371421814,0.4905429184436798,0.5106052905321121,0.523808166384697,0.36639031767845154,0.42956265807151794,0.45476195216178894,0.529058575630188,0.7623929381370544,0.7867787182331085,187.56781005859364,-173.93910217285168,4.064424991607666,3.980786561965943,-3.801653146743775,-4.664886474609375,,,,,,,,,,,,,,,,,,,,,,,,,,,,,,,,
136,5.666666666666667,136,5.666666666666667,0.0,0.06625259301496271,0.0649508400033308,0.603616037520921,0.5916612282426481,0.08295697139448288,0.08702973496966164,0.08478404956921706,0.08818518145396768,0.08761766273427656,0.0809823527728936,0.1267671819275053,0.12077217630446094,0.124649744227942,0.13448516781975922,0.48437780141830444,0.48953212797641754,0.48440149426460266,0.49047034978866577,0.5109802484512329,0.5228055119514465,0.3661600351333618,0.42866136133670807,0.45471420884132385,0.5289215445518494,0.7615824937820435,0.7854175567626953,187.88580322265614,-173.58018493652355,3.5908269882202153,4.496499538421631,-3.7456741333007812,-4.328049659729004,,,,,,,,,,,,,,,,,,,,,,,,,,,,,,,,
137,5.708333333333333,137,5.708333333333333,0.0,0.039724368896526606,0.05777769083778937,0.6013185032446745,0.5900173858859794,0.0828904001348344,0.08752685562808864,0.08489941508647784,0.08865702254272605,0.09087831071159107,0.07953754690123938,0.1279217788110536,0.12038873330009191,0.12462705014653007,0.134585859638124,0.4847123473882675,0.4900342971086502,0.48470252752304077,0.491047739982605,0.512000173330307,0.5227009952068329,0.36582237482070923,0.427612841129303,0.4536111056804657,0.5274980664253235,0.7620213031768799,0.7865178883075714,187.73226928710926,-173.55258178710946,3.2948789596557617,4.215813159942627,-3.537534713745117,-4.38631534576416,,,,,,,,,,,,,,,,,,,,,,,,,,,,,,,,
138,5.75,138,5.75,0.0,0.029265282549208533,0.05459243771252845,0.5879399757316831,0.5933567305567496,0.08456625188883503,0.08736625244630727,0.08641389049892863,0.08848692548688132,0.09016857402171378,0.0813813622836321,0.12677438365146107,0.1203323169206289,0.12473681337195403,0.13362083173160727,0.484718382358551,0.49026724696159363,0.48461055755615234,0.4910460412502289,0.5115672796964645,0.5226306617259979,0.36560237407684326,0.4270884543657303,0.45303982496261597,0.5266565680503845,0.7606233060359955,0.7876081168651581,188.64111328124991,-173.75711059570324,3.864460706710816,4.319793701171875,-3.574141025543213,-4.123910903930664,,,,,,,,,,,,,,,,,,,,,,,,,,,,,,,,
139,5.791666666666667,139,5.791666666666667,0.0,0.026644371297631586,0.05154301409921721,0.5870951694459905,0.5956572732555149,0.08317948690980095,0.08877309283941459,0.08564008850540092,0.08986351213550348,0.09133108113676815,0.07989416587680055,0.12965880341821856,0.11875711063870445,0.1244934207051782,0.13388461025385862,0.48475271463394165,0.49062590301036835,0.4848591685295105,0.49164074659347534,0.5112254619598389,0.5230420082807541,0.3657774180173874,0.42624811828136444,0.4516375660896301,0.5255256295204163,0.7609105408191681,0.7869707643985748,187.41184997558585,-173.81471252441418,3.333930492401123,3.794191837310791,-3.61601972579956,-4.13485860824585,,,,,,,,,,,,,,,,,,,,,,,,,,,,,,,,
140,5.833333333333333,140,5.833333333333333,0.0,0.027867149503528768,0.05012625282941983,0.584332998066899,0.5967822167494173,0.08312459371246643,0.08688268567792079,0.0854613542252805,0.087940128104397,0.09295051015111275,0.08264092468524249,0.1310833383975917,0.11986409930780893,0.12455160206359045,0.1335711917668294,0.4848606139421463,0.49076950550079346,0.48487532138824463,0.4915522634983063,0.5107001066207886,0.5237463712692261,0.3652818650007248,0.4258940815925598,0.45128220319747925,0.5244939923286438,0.7602768838405609,0.7877848148345947,187.29466247558585,-174.10375976562509,3.5195982456207275,3.7240488529205322,-3.5987517833709712,-3.8952934741973873,,,,,,,,,,,,,,,,,,,,,,,,,,,,,,,,
141,5.875,141,5.875,0.0,0.031121997801681758,0.04671215448263729,0.580673139441097,0.5945838416748054,0.08456542770837816,0.08709477665642276,0.08684908052174226,0.08799816107452606,0.09024476804142441,0.08212450288064498,0.1273868786381428,0.11796223262852198,0.12430734757436246,0.1336221748989228,0.4851789176464081,0.49121424555778503,0.4847409725189209,0.49197646975517273,0.5114682614803314,0.5248329043388367,0.3643463999032974,0.4250250458717346,0.4504503905773163,0.5233117938041687,0.7618916034698486,0.7866393625736237,186.63395690917957,-174.5643005371095,4.180047988891602,3.6719677448272705,-3.41404128074646,-3.8185288906097417,,,,,,,,,,,,,,,,,,,,,,,,,,,,,,,,
142,5.916666666666667,142,5.916666666666667,0.0,0.03348168434095078,0.04688405795688665,0.57970261780869,0.5915002374055633,0.08273049476519256,0.08845893580966271,0.08509538184646187,0.08873684937653167,0.0892942424646859,0.08115139085214094,0.12676892803982281,0.11670402197568917,0.12435829148220412,0.13402696845764364,0.4852071702480316,0.4914194345474243,0.48449841141700745,0.49251589179039,0.5117424577474594,0.5256123840808868,0.3637910485267639,0.4241386204957962,0.4491056799888611,0.5223041772842407,0.7612106204032898,0.7853107452392578,185.6693878173827,-174.52209472656259,4.632328987121582,3.3813230991363525,-3.383418321609497,-3.916160106658935,,,,,,,,,,,,,,,,,,,,,,,,,,,,,,,,
143,5.958333333333333,143,5.958333333333333,0.0,0.03455263947844027,0.04656359666220746,0.5760483002577447,0.5881166016259768,0.08061312024189263,0.08901553401465842,0.08306366908201154,0.08929470236034558,0.08852636447134993,0.08162117755728296,0.12623279586475133,0.1154996930044906,0.12456362376453962,0.13447903136065598,0.48513786494731903,0.49188756942749023,0.4842674732208252,0.49282729625701904,0.5114168077707291,0.5257920622825623,0.36291074752807617,0.4236413985490799,0.44814470410346985,0.5210030674934387,0.7614834308624268,0.7852272391319275,185.35926818847648,-174.9506072998048,5.010025501251221,3.2674050331115723,-3.378758192062378,-3.744356870651245,,,,,,,,,,,,,,,,,,,,,,,,,,,,,,,,
144,6.0,144,6.0,0.0,0.035439079729067215,0.047445474842557164,0.5779950491837125,0.5829032469876171,0.08002863202349697,0.08935713500083411,0.0821745775402438,0.08936613586796048,0.0898274507031574,0.0810767209597288,0.12554763413110354,0.11479919162229285,0.1243307688155053,0.1349168812288408,0.4857770502567291,0.4924418777227402,0.48452872037887573,0.4939110279083252,0.510842353105545,0.5262605249881744,0.36131685972213745,0.42276783287525177,0.4449051022529602,0.5198191404342651,0.7628914713859558,0.7859960794448853,183.89549255371082,-175.1981964111329,5.39262056350708,2.494337558746338,-3.245393753051758,-3.804685592651367,,,,,,,,,,,,,,,,,,,,,,,,,,,,,,,,
145,6.041666666666667,145,6.041666666666667,0.0,0.03169977727433371,0.048134709780345085,0.5748209307261963,0.5807402089815442,0.08074105507142514,0.0901745167154286,0.08325920251280117,0.09005794329733242,0.09212127267744334,0.0800964854800523,0.12475870510870378,0.11380907070522424,0.12505786899681798,0.13489428541172171,0.4865929037332535,0.49288929998874664,0.48474130034446716,0.49456560611724854,0.5109089314937592,0.5257844775915146,0.36017151176929474,0.421975314617157,0.4432166814804077,0.5187417268753052,0.7628803849220276,0.7864951193332672,183.4312286376952,-175.25398254394543,5.791630268096924,2.2099967002868652,-2.856595516204834,-3.806830406188965,,,,,,,,,,,,,,,,,,,,,,,,,,,,,,,,
146,6.083333333333333,146,6.083333333333333,0.0,0.033763248405211325,0.04666294987726408,0.5679920540293237,0.583207997192429,0.0804349598316667,0.0892639107636538,0.08317172143174545,0.08937013944619136,0.09093365317018934,0.08155920238992169,0.1236207891080933,0.11535951653694256,0.126459614330317,0.13508972906132513,0.48650601506233215,0.4932786524295807,0.4853439927101135,0.49480435252189636,0.5114456117153168,0.5257249772548676,0.3597312569618225,0.42144984006881714,0.4416503310203552,0.5181666612625122,0.7623641490936279,0.7878695130348206,182.8801727294921,-175.06393432617196,4.507340908050537,2.3493661880493164,-2.980625629425049,-3.7763929367065434,,,,,,,,,,,,,,,,,,,,,,,,,,,,,,,,
147,6.125,147,6.125,0.0,0.0393751150924152,0.04945474597769672,0.569243968426819,0.5797640136899139,0.08000724563198126,0.08864760842424682,0.08228514186132284,0.0889830664244984,0.09184827180469327,0.08169723284695238,0.12227895261249391,0.11495826970486545,0.12640001799194198,0.13530983957413562,0.4871177673339844,0.4936424344778061,0.4857627749443054,0.4951212704181671,0.5100086331367493,0.5252285003662109,0.35882456600666046,0.42056575417518616,0.4402337968349457,0.516549825668335,0.7625316083431244,0.7888535559177399,182.51312255859364,-175.34693908691418,4.453042030334473,2.1449124813079834,-2.776010274887085,-3.662935256958008,,,,,,,,,,,,,,,,,,,,,,,,,,,,,,,,
148,6.166666666666667,148,6.166666666666667,0.0,0.04000274378636149,0.04858578767556094,0.5722726593204016,0.5816056680746936,0.08249678887082797,0.08840547533014392,0.08543829243550469,0.08866647907640443,0.09072880560292441,0.08353585452505462,0.1213155981048241,0.11609832563887358,0.12592698095315316,0.13557523217408787,0.4872576594352722,0.4941651225090027,0.48648542165756226,0.4958692193031311,0.5090990662574768,0.5268774181604385,0.3572250157594681,0.41947685182094574,0.4396449029445648,0.5152971744537354,0.7623600363731384,0.7869833409786224,182.9349365234374,-175.38816833496105,3.7878375053405757,1.6522083282470703,-2.790454149246216,-3.610680103302002,,,,,,,,,,,,,,,,,,,,,,,,,,,,,,,,
149,6.208333333333333,149,6.208333333333333,0.0,0.040505484175894835,0.04790215130907125,0.5733790536377161,0.5819978747961997,0.07926071224512561,0.08789516246895077,0.0816471238153879,0.08821331542783425,0.09271718607252405,0.08375781081324238,0.12050749444348044,0.11623649208109717,0.12690525069991593,0.13563646803702953,0.488076776266098,0.4946376532316208,0.48654985427856445,0.49642449617385864,0.5091414898633957,0.5263817310333252,0.3570927828550339,0.41870246827602386,0.43808791041374207,0.5138692855834961,0.7631762325763702,0.7885505855083466,182.12347412109364,-175.8242187500001,4.264772891998291,1.6180284023284912,-2.5366647243499756,-3.6346142292022705,,,,,,,,,,,,,,,,,,,,,,,,,,,,,,,,
150,6.25,150,6.25,0.0,0.04322651293974589,0.04436743088471436,0.5718424426403222,0.5746443490969636,0.08332132891683014,0.08702772038092757,0.08591742110275495,0.08782625196300524,0.09290262312773899,0.08545977351048833,0.12128223639823926,0.11754253580280415,0.12567591657945967,0.1365871325469689,0.4878706634044647,0.4950096607208252,0.4873184263706207,0.49659669399261475,0.5095108151435852,0.5254533290863037,0.3559783846139908,0.4179890751838684,0.43810588121414185,0.5122455954551697,0.7622337639331818,0.7860541641712189,182.63174438476554,-176.12780761718759,3.293553352355957,1.5738153457641602,-2.627570152282715,-3.4823386669158936,,,,,,,,,,,,,,,,,,,,,,,,,,,,,,,,
151,6.291666666666667,151,6.291666666666667,0.0,0.04286402298267946,0.04753077327494185,0.5686151040895786,0.5819688699000634,0.07971223280800262,0.08822776972497236,0.08204245443680235,0.088551763027453,0.09414597669258282,0.08563188384503673,0.11967656629938753,0.11752752337274883,0.1266514732438021,0.1350086110306897,0.48858439922332764,0.4952327609062195,0.4868917465209961,0.49691155552864075,0.5105407536029816,0.5244815051555634,0.35620611906051636,0.41660940647125244,0.4365391433238983,0.5118231773376465,0.759218156337738,0.7843845784664154,181.61788940429676,-175.7626190185548,4.429990291595459,1.7681903839111328,-2.3408021926879883,-3.5320160388946533,,,,,,,,,,,,,,,,,,,,,,,,,,,,,,,,
152,6.333333333333333,152,6.333333333333333,0.0,0.0409187838520577,0.016165829873269633,0.571921376103406,0.5662317866587815,0.07293125338486389,0.07271022358906537,0.07628405927647523,0.0739295697096732,0.09597419711008737,0.10451340081110201,0.1262139392138456,0.13682464972602834,0.08387213389818214,0.08305208501388739,0.4841773062944412,0.48556773364543915,0.48334580659866333,0.48452892899513245,0.49232181906700134,0.49900348484516144,0.23617009073495865,0.23713338375091553,0.28982871770858765,0.2911844253540039,0.5110206007957458,0.4973742365837097,186.2201690673827,-172.9632568359376,5.205158233642578,7.3404273986816415,-2.3280553817749023,-2.1309890747070312,0.6473091840744019,0.6496952772140503,0.6138002426588749,0.5655809634667317,0.8872328996658325,0.8728075623512268,0.8380815441552992,0.7926117976069967,0.3574211001396179,0.36217790842056274,-0.5342506081610646,-0.5135378650993617,0.906937837600708,0.8927303552627563,0.8819778890157512,0.8346726366938758,0.7330886721611023,0.732621431350708,0.9535148419764176,0.8768218971360868,0.8107685446739197,0.7803313136100769,0.6677432407640257,0.5973766900127833,0.27374571561813354,0.2666415572166443,-0.8656322747982732,-0.8721077693429572,0.8173856735229492,0.8022721409797668,0.6824841027196958,0.6436979871084056
153,6.375,153,6.375,0.0,0.024750901948560198,0.021455768651301554,0.5546146133651055,0.5565854135674428,0.07845836005838869,0.08390820145854962,0.08033929905980526,0.08621092047199166,0.09706973819239065,0.08762097407497463,0.12196273007546841,0.11950614520450863,0.08381804889432168,0.08269714522162759,0.4840138405561447,0.48504526913166046,0.48362740874290466,0.48484712839126587,0.4975251406431198,0.499163419008255,0.2362678200006485,0.2361546754837036,0.2906726002693176,0.29088157415390015,0.47963976860046387,0.4892389625310898,187.587921142578,-171.652801513672,3.293710231781006,4.1551833152771,-1.9280704259872434,-2.6498892307281494,0.6303620338439941,0.629117488861084,0.5144219972342077,0.5058337111560035,0.8628750443458557,0.8494665622711182,0.8348122747010706,0.7887100874337111,0.3648592531681061,0.3808901309967041,-0.5137597632349327,-0.4603673919043735,0.8982133865356445,0.8993515968322754,0.91179078814883,0.897932229209518,0.7326720356941223,0.7322925925254822,0.9106260503445978,0.9074328734182678,0.8060404658317566,0.7873266339302063,0.7110078997547692,0.6526561361255512,0.2724529504776001,0.2825194001197815,-0.8716109116745135,-0.8432659954260162,0.8102794885635376,0.7991914749145508,0.7202418832453148,0.6786339339869668
154,6.416666666666667,154,6.416666666666667,0.0,0.022341913987595115,0.021031907849883704,0.5570835391286266,0.5606451231276317,0.07990088464387922,0.0825032002848122,0.0808932862583529,0.08334445566215458,0.09811705792581521,0.09158086635240816,0.1211947255010026,0.12391374436179464,0.08348863376486956,0.08226158820516616,0.48435917496681213,0.4849132299423218,0.4836302399635315,0.48479345440864563,0.49475307762622833,0.4973091185092926,0.23621675372123718,0.2358464002609253,0.2897045314311981,0.28967317938804626,0.4797670841217041,0.48490701615810394,187.68843078613273,-172.11666870117196,4.004580020904541,4.56550407409668,-1.8002088069915771,-2.8180243968963623,0.6123332977294922,0.626598596572876,0.45751723539433264,0.49496406977812557,0.8551779985427856,0.8570142984390259,0.8216798029291872,0.8013111538122349,0.3583519160747528,0.37189579010009766,-0.5307515352735296,-0.48012485133018934,0.8896666765213013,0.8875904679298401,0.8971668200511473,0.8671551370410979,0.7223751544952393,0.717966616153717,0.8857018912906027,0.8447519063185428,0.802410364151001,0.7834282517433167,0.7061847606634521,0.6428479288498599,0.28179287910461426,0.2850724458694458,-0.8286509515891994,-0.8125141258155899,0.7964720726013184,0.7869499325752258,0.6931873382581827,0.6504316614591161
155,6.458333333333333,155,6.458333333333333,0.0,0.02515023946493666,0.025754463687871463,0.5633366037432738,0.5737742254947564,0.0786365922431932,0.08270282644314851,0.08017279446949643,0.08348657360738,0.09458256019266456,0.09036374808012942,0.11861736962900055,0.12164719450740756,0.08382562487004795,0.08235518313905184,0.4841534197330475,0.4848415404558182,0.48341313004493713,0.48459360003471375,0.49851053953170776,0.5004475712776184,0.23551242053508759,0.23551908880472183,0.28868022561073303,0.2896854281425476,0.47854503989219666,0.48577268421649933,186.8888702392577,-172.14967346191418,4.20444393157959,4.629171371459961,-1.8412140607833865,-2.6540071964263916,0.6356465220451355,0.6279127597808838,0.5247106814500544,0.4928872869089374,0.8484392166137695,0.850306510925293,0.7961016128721052,0.7928962892169598,0.35456591844558716,0.36680302023887634,-0.5507619432687751,-0.5167818833136633,0.8751118779182434,0.8791553974151611,0.8535076225375844,0.8556454043056143,0.735058069229126,0.7217333316802979,0.9050798574378984,0.8556762780267942,0.8059130311012268,0.7937074303627014,0.704574989836574,0.6697878211871311,0.27540886402130127,0.28640085458755493,-0.8536332335552557,-0.8276840657433983,0.7896097898483276,0.7690004110336304,0.6694864767609932,0.6160476673020937
156,6.5,156,6.5,0.0,0.049485306660559523,0.029239253693022185,0.552969216623395,0.5864247578405167,0.07862768007837562,0.0797641793935498,0.08071256844249791,0.08120172668099852,0.09436441337314835,0.09413658788858535,0.11661551067670467,0.12283017750604935,0.0842737141520983,0.08227580464650877,0.48445259034633636,0.4848737567663193,0.48370882868766785,0.48433250188827515,0.5015752464532852,0.49951018393039703,0.23446834087371826,0.2349785789847374,0.28812113404273987,0.2887885570526123,0.4821171313524246,0.48506908118724823,186.14288330078114,-173.2929229736329,3.7060418128967285,5.013627529144287,-1.681609869003296,-2.44988751411438,0.6165491342544556,0.6217495203018188,0.449846216414408,0.4778379826381845,0.8660704493522644,0.8525649905204773,0.8450177015008978,0.8080620682374227,0.36520981788635254,0.3578520715236664,-0.5335426440188574,-0.5537466798011055,0.8855754137039185,0.8772067427635193,0.8879448996044406,0.8622451619176609,0.7230322957038879,0.7184478640556335,0.8664716624696827,0.8558353022847838,0.8126917481422424,0.7927111983299255,0.727540015305685,0.6764535853100812,0.2795915901660919,0.2812651991844177,-0.8685320623350603,-0.8531275310187378,0.7921339869499207,0.7667141556739807,0.6822957856132947,0.6192904345834948
157,6.541666666666667,157,6.541666666666667,0.0,0.059643528612356334,0.054605706883233227,0.5678739213929302,0.600813297174143,0.08028134631555545,0.07932009312638597,0.08128909189850396,0.08063526502223257,0.09814302831291125,0.09727591722180647,0.11851418807589427,0.12267894277073223,0.08402739568101833,0.08204674898734375,0.4846380203962326,0.4850117713212967,0.48473435640335083,0.485764741897583,0.4994069039821625,0.49706487357616425,0.23381032049655914,0.2341776266694069,0.285994291305542,0.2863767445087433,0.48413577675819397,0.4843231737613678,185.99485778808582,-173.08416748046886,1.1617323160171509,0.4037081301212311,-2.0101993083953857,-2.760576009750366,0.6202823519706726,0.6178602576255798,0.4716929113533076,0.47096975589560963,0.8640815019607544,0.8486911058425903,0.8339986398885343,0.7991077724173006,0.3666982054710388,0.35514241456985474,-0.5178698685656208,-0.5533422191609781,0.8814767003059387,0.8719748854637146,0.872181913967327,0.8501722257576795,0.7214963436126709,0.7169368863105774,0.866660815768782,0.8572601426842678,0.8048966526985168,0.7881637811660767,0.704085127214063,0.6663632267698375,0.2752757668495178,0.2816838324069977,-0.874628142921745,-0.839750270113698,0.7983345985412598,0.7730727195739746,0.6896811113796708,0.6332665035115769
158,6.583333333333333,158,6.583333333333333,0.0,0.06715798901977076,0.06068450315164786,0.5839366391144706,0.5905533381532719,0.05394982512494919,0.04567594863090644,0.05458041981393044,0.04532725817909488,0.13185334093116807,0.138410346224801,0.155878724407822,0.1622705061817528,0.08205691174799638,0.08132042646726434,0.48488084971904755,0.4858537018299103,0.4846900999546051,0.48552340269088745,0.5021332949399948,0.4981015622615814,0.23554880917072296,0.2356002777814865,0.2828696668148041,0.2829294800758362,0.48266012966632843,0.4867790639400482,183.47706604003895,-175.8003692626954,1.4829665422439575,2.266294479370117,-2.1872377395629883,-2.2711551189422607,0.6170159578323364,0.625026285648346,0.45052352032713006,0.4927815271102709,0.8652524948120117,0.8560065627098083,0.8439598792069228,0.8063521691041616,0.3693923056125641,0.3555259108543396,-0.5205566819037124,-0.5535457974969179,0.88140869140625,0.8725831508636475,0.8795988071320126,0.8425536109218241,0.7217878103256226,0.7132377624511719,0.8613965156780822,0.8352600063825106,0.8073403239250183,0.7878690958023071,0.7162115151542663,0.6575474500049826,0.27851295471191406,0.28259605169296265,-0.8769488829721538,-0.8366938431299873,0.7911908626556396,0.7752106785774231,0.680587444671386,0.62990286172074
159,6.625,159,6.625,0.0,0.07452450406525483,0.06448390222728577,0.6015514297597628,0.6099553265368228,0.04834898658739821,0.04072266051749432,0.04704462385233188,0.03956503794311914,0.13997366921135856,0.14428201298578286,0.15866188220529331,0.1634169888379698,0.08108573629100083,0.08169069647322731,0.4854636788368225,0.4869799166917801,0.4848204255104065,0.4861207902431488,0.5005631148815155,0.4985378533601761,0.23333383351564407,0.23320522159337997,0.28013697266578674,0.27952197194099426,0.4842570871114731,0.4851018339395523,183.05560302734364,-177.0392608642579,2.587756633758545,3.3352243900299072,-1.6427503824234009,-1.8532782793045046,0.6215076446533203,0.6207073330879211,0.4724200044734943,0.47670272411486503,0.8644468784332275,0.8514419794082642,0.8353433642797562,0.8040664652808106,0.36255574226379395,0.367950975894928,-0.5390689741193931,-0.5095472319278481,0.8785552978515625,0.8802922368049622,0.8663420255026395,0.8673888305043232,0.7208755016326904,0.7132919430732727,0.8605596212654829,0.8379659126746027,0.8061481714248657,0.788506805896759,0.707250924248113,0.6659323756017083,0.27459582686424255,0.2834261655807495,-0.8826481645544411,-0.8393612527606668,0.7944298386573792,0.7813555598258972,0.6815037007792492,0.6502363695219098
160,6.666666666666667,160,6.666666666666667,0.0,0.09323305542144464,0.08212245772408576,0.6109259317976963,0.6199800764830741,0.051451513875321916,0.04515768060349736,0.049022831128638304,0.044022982561265515,0.14164609728633676,0.139950227801814,0.1470074849914484,0.14825082949128854,0.0819259669431104,0.08159342724823485,0.48699691891670227,0.4881747364997864,0.48607873916625977,0.48708221316337585,0.5011673271656036,0.49867749214172363,0.22956497222185135,0.22857608646154404,0.27565300464630127,0.27559593319892883,0.48192518949508667,0.48660053312778473,182.39125061035145,-176.94285583496105,2.1557841300964355,2.991020917892456,-0.4877507090568543,-0.6977832913398743,0.6170021891593933,0.6242253184318542,0.45169609511481745,0.4823950932108029,0.8667542934417725,0.8470669984817505,0.8441069709745199,0.7790782473244516,0.362282931804657,0.36002135276794434,-0.5415773626102774,-0.5327614444147678,0.8849765062332153,0.878943145275116,0.8840766528049486,0.8479723469485206,0.7239080667495728,0.714314341545105,0.868573765801693,0.8285460699832543,0.8103174567222595,0.7880091071128845,0.7203150674876894,0.6514360866226149,0.27761077880859375,0.28465378284454346,-0.8717549983840107,-0.8223478673150957,0.7921154499053955,0.7872380018234253,0.6803897066398018,0.6497694923200781
161,6.708333333333333,161,6.708333333333333,0.0,0.11092407089861106,0.09446245158166124,0.6096306474506262,0.6189516866107955,0.05430865727826151,0.04855731348501336,0.05165376986246584,0.046239264040006466,0.13863029779871072,0.14062438516596953,0.1354251135637407,0.1378209428732115,0.08272109859688351,0.08184146900659939,0.4887332022190094,0.4893200993537903,0.4893263876438141,0.48927855491638184,0.5005834698677063,0.4972974956035614,0.2266152799129486,0.22661402076482773,0.27145689725875854,0.2719966471195221,0.4804029017686844,0.48600533604621887,181.22413635253895,-178.04942321777355,-2.122947931289673,-0.23360259830951693,-0.11792246252298355,-0.11814150214195253,0.6159706711769104,0.6214807033538818,0.45091798494510676,0.4830991486836358,0.8639363050460815,0.8552189469337463,0.8430738887333007,0.8079298013600791,0.35711026191711426,0.3710983395576477,-0.5606743996617823,-0.4909416172672259,0.8833451867103577,0.8818743228912354,0.8857380248967701,0.8662582918800905,0.7247790098190308,0.7094764113426208,0.8761266410962638,0.8254212096714986,0.8067219257354736,0.7867670059204102,0.7173066182826254,0.6581401904823161,0.2779078781604767,0.2848939001560211,-0.8701868835523444,-0.8262952616295686,0.7884701490402222,0.7748652696609497,0.6771860023903294,0.6320962768009346
162,6.75,162,6.75,0.0,0.11667333538639242,0.1065378328842092,0.5980247041319237,0.613794156322679,0.06755213161124937,0.05928867136435887,0.06573380210164649,0.05734561424523055,0.13057182262744105,0.13991361128338511,0.11782037963864071,0.1268025160510163,0.08388776876375402,0.08156937086558097,0.48994165658950806,0.4908900409936905,0.49064069986343384,0.49111542105674744,0.5008426606655121,0.49788379669189453,0.22500846534967422,0.22474977374076843,0.2692248523235321,0.26953622698783875,0.4792080819606781,0.48198893666267395,180.51727294921866,-178.2201385498048,-3.4205172061920166,-2.2791738510131836,0.9001957178115846,0.8526740074157715,0.6167718768119812,0.6261966228485107,0.45045059115393943,0.49313287146568396,0.866888165473938,0.8536236882209778,0.847325504636325,0.8034016643912074,0.3618355989456177,0.3593888282775879,-0.5401210773924973,-0.5322649613713201,0.8860012292861938,0.8766429424285889,0.8890996042833915,0.8531647908638879,0.7241404056549072,0.713909924030304,0.867638068963845,0.830233326448389,0.80741286277771,0.7870274782180786,0.7173344552798886,0.6594336804119652,0.2782011032104492,0.2826980948448181,-0.8650884091578616,-0.8270033965325118,0.7914597988128662,0.7717326879501343,0.6824669484118333,0.6263693345555655
163,6.791666666666667,163,6.791666666666667,0.0,0.11867425577325832,0.10395411662545544,0.6049959403895506,0.6191647175093212,0.07229360714794932,0.06339976933753878,0.07156904412128086,0.061688714161939495,0.12568059392419076,0.13858112134132247,0.10844751066668978,0.1186995440777994,0.08355987025347476,0.08186968866267544,0.49116797745227814,0.4922865629196167,0.49206486344337463,0.4927239716053009,0.5000455677509308,0.5002328455448151,0.22349512577056885,0.22402816265821457,0.26784494519233704,0.269580215215683,0.4793706387281418,0.4835979789495468,180.7569580078124,-177.6195831298829,-4.46988582611084,-3.5426316261291504,1.3431708812713623,1.3737300634384155,0.6178324222564697,0.6199638843536377,0.4591570676966465,0.4619314438915256,0.8663603663444519,0.8527840375900269,0.8485675373976354,0.8011956723281739,0.3601805567741394,0.35887444019317627,-0.5452222031316988,-0.5453714670808857,0.8851711750030518,0.8753453493118286,0.8898147345214626,0.850157503065009,0.7232472896575928,0.7090230584144592,0.8700856183461959,0.8055285033924455,0.8076106309890747,0.7903743386268616,0.7197446909609898,0.665756157345607,0.27853426337242126,0.28215861320495605,-0.8634960276939301,-0.841346955831007,0.7889398336410522,0.7744446396827698,0.67880450212329,0.6311860386837708
164,6.833333333333333,164,6.833333333333333,0.0,0.1000991356110889,0.08364736861424739,0.5987307542048073,0.6172756116410234,0.0744702446709855,0.06687949966091217,0.0726545684553708,0.06554516141254864,0.12687178700112128,0.1382023625225925,0.10645278974931377,0.11484162261255122,0.08343235638852028,0.08232483289456287,0.492154523730278,0.4937557131052017,0.4931368827819824,0.4941706657409668,0.5002783089876175,0.4993996322154999,0.22308102995157242,0.22474942356348038,0.2683256268501282,0.2692930996417999,0.4806087166070938,0.4848215728998184,181.63883972167957,-178.54603576660168,-4.894817352294922,-3.6102819442749023,1.4366459846496582,1.8083194494247434,0.6199868321418762,0.6182396411895752,0.46883208071058846,0.4593722271135161,0.864558219909668,0.8543285727500916,0.8458412974710616,0.8034285413880169,0.3591805100440979,0.35343414545059204,-0.5526020446942685,-0.5642248878618944,0.8849742412567139,0.8749688267707825,0.8908178213025653,0.8483071747791066,0.7216697335243225,0.7085790634155273,0.8670677699638135,0.8085763540934873,0.8071154356002808,0.7889093160629272,0.7192947625942794,0.6611857746741137,0.27957025170326233,0.28211474418640137,-0.864391398370825,-0.8399077364072928,0.7906423211097717,0.7789928913116455,0.6830044681305801,0.6396242381485954
165,6.875,165,6.875,0.0,0.054649355773482,0.06483547774933533,0.5795656881897172,0.5877489986786498,0.07610887804512924,0.0720529856484849,0.07435042568221584,0.07048256077350588,0.1360323628978396,0.1368952449631225,0.10905102732603285,0.1086759847894798,0.08332870666221405,0.0823494567360744,0.49427711963653564,0.49503225088119507,0.49432724714279175,0.49485206604003906,0.4999026954174042,0.5009268671274185,0.2252735272049904,0.22560784220695496,0.27131766080856323,0.2702041566371918,0.48076097667217255,0.48901495337486267,182.0550537109374,-178.68328857421884,-3.7826685905456543,-3.339517116546631,2.4701569080352783,2.528681755065918,0.6187688112258911,0.6232172846794128,0.4625680187365901,0.46746957280953183,0.8662866353988647,0.8506335616111755,0.8439045845021466,0.7775605487256391,0.3612574338912964,0.354464590549469,-0.539538652332821,-0.5598693604549639,0.8871620297431946,0.87795090675354,0.8896002226307597,0.8362989250006342,0.7227736115455627,0.7126520872116089,0.8673031621013926,0.8093446744809687,0.8067283630371094,0.794276773929596,0.713533238384444,0.6563809032205962,0.27916353940963745,0.2798101305961609,-0.859007408104517,-0.8452448559459442,0.7925254702568054,0.7783240675926208,0.6824435143695037,0.6220790315510626
166,6.916666666666667,166,6.916666666666667,0.0,0.04312332957465242,0.04962353958532691,0.5664430484485216,0.5628791458107113,0.08164921566469677,0.07423361109115036,0.08238629452290709,0.07348040925219462,0.12451179533400149,0.1264536897684924,0.10239467776951418,0.10061181822219845,0.08329294354832112,0.0831538748434558,0.4948611557483673,0.4958839565515518,0.4955272674560547,0.49547892808914185,0.5004832446575165,0.5008263438940048,0.22707299143075943,0.2267281785607338,0.2745417356491089,0.27327948808670044,0.48038625717163086,0.4828813374042511,183.12733459472645,-177.2341766357423,-5.189569473266602,-2.7061917781829834,2.0668249130249023,2.392273187637329,0.6190774440765381,0.6303502321243286,0.4615814496037934,0.49832752351631526,0.8662382364273071,0.8443824052810669,0.8447499177386278,0.7823428410021065,0.36135727167129517,0.3663092255592346,-0.54149333275248,-0.5175383735478645,0.887563169002533,0.877205491065979,0.8914368236175454,0.8533769497925521,0.7236857414245605,0.7164781093597412,0.868728255830644,0.8296941336054038,0.8061922788619995,0.7920361161231995,0.7132906524222259,0.6690575751626188,0.2795642614364624,0.2851247191429138,-0.8598405741572441,-0.8298859611866672,0.7926947474479675,0.7825111150741577,0.6837403606920317,0.6484440361071971
167,6.958333333333333,167,6.958333333333333,0.0,0.04727764705630649,0.04422508598378101,0.5554892264063099,0.5546793685528656,0.0813974752909562,0.07605025469475854,0.08098176928448733,0.07627094848219604,0.12470895469305554,0.12621088828566693,0.10057786340165857,0.10083266211438305,0.08364330352279215,0.08303750441629537,0.49526920914649963,0.4967691898345947,0.49626463651657104,0.4965684711933136,0.5012633204460144,0.5005212426185608,0.2287447527050972,0.22751762717962265,0.27588382363319397,0.27467918395996094,0.4805329293012619,0.4794217348098755,183.04948425292957,-177.02513122558605,-5.778255462646484,-3.415794849395752,2.103580951690674,2.392457962036133,0.6195840835571289,0.6247773170471191,0.46065366006079256,0.4853834664216168,0.8647962808609009,0.8457988500595093,0.8415211920648331,0.8050414010528871,0.36163032054901123,0.35733816027641296,-0.5436277689268946,-0.559318336425654,0.8877631425857544,0.8689291477203369,0.8918176899698311,0.8558656650710029,0.7238651514053345,0.7137174010276794,0.8666471164604269,0.8328115214672065,0.8064831495285034,0.7906140089035034,0.7138177938804862,0.6837836041218699,0.27970463037490845,0.28385043144226074,-0.8625858963036263,-0.8463846124609644,0.7928619980812073,0.775355875492096,0.6839880233423887,0.6502568673588438
168,7.0,168,7.0,0.0,0.0442371065157204,0.040968558246288464,0.547068399822351,0.5367198180072373,0.08474072383112866,0.07856965992783979,0.08422333413616084,0.07814896651221626,0.12369714343687373,0.12602288476675985,0.09729886167787363,0.10035836322313593,0.08308975308969191,0.08238945525182408,0.4956587553024292,0.49746382236480713,0.4963589012622833,0.4973415732383728,0.5014713108539581,0.4998578727245331,0.22916409373283386,0.22802825272083282,0.27633213996887207,0.2762611508369446,0.47986844182014465,0.47962407767772675,183.19744873046864,-175.97869873046884,-5.410284996032715,-3.7611086368560795,2.3557767868041997,2.205252170562744,0.6206876039505005,0.6301044225692749,0.4639306379119185,0.5075046526555845,0.8637075424194336,0.8428561091423035,0.8402125810265868,0.7961235420602245,0.3609369993209839,0.35220977663993835,-0.5468897841439089,-0.5753096401247645,0.8875629901885986,0.8677476048469543,0.8924314594847242,0.8506801450328787,0.7238193154335022,0.7191044092178345,0.8652680680105952,0.8542923976228832,0.8069835305213928,0.7842495441436768,0.7160453756308269,0.6676710321685145,0.2798256576061249,0.2838435173034668,-0.8625348652503397,-0.8416982296058418,0.7922940850257874,0.7760013341903687,0.6838906084524908,0.6495927968950254
169,7.041666666666667,169,7.041666666666667,0.0,0.03342260105564368,0.028865631144774802,0.522095729491609,0.5267925719755981,0.08266313084765542,0.0789481199143656,0.08218925863110016,0.07817509462586869,0.12231418635206293,0.12732455290947672,0.09323907876867078,0.0989352583741304,0.08248857683544839,0.08217657916190543,0.49630680680274963,0.49795617163181305,0.4963673949241638,0.4972234070301056,0.5012534856796265,0.5009162724018097,0.22880052030086517,0.22845473140478134,0.2762635052204132,0.2761023938655853,0.4802224636077881,0.48339320719242096,183.8898925781249,-176.0124816894532,-4.545043468475342,-2.208552360534668,2.6781222820281982,2.6924760341644287,0.6222039461135864,0.6352174282073975,0.47114589253703426,0.5205131281766234,0.8611199855804443,0.841748833656311,0.8346003400894649,0.7812475919808272,0.3601427972316742,0.35244929790496826,-0.5496772895017341,-0.5754158172557933,0.8874051570892334,0.8716030716896057,0.8921948683156689,0.8463325239632865,0.7250704765319824,0.7212367057800293,0.8718483215503208,0.8538994120418066,0.8061413168907166,0.787668764591217,0.7141343014854994,0.6633481630025051,0.28026413917541504,0.2836739420890808,-0.860833621685567,-0.8419695589749578,0.7923257350921631,0.7753050923347473,0.6838624078593857,0.6363942421900453
170,7.083333333333333,170,7.083333333333333,0.0,0.020462155246009493,0.0242775602648635,0.5373846499136256,0.531522122789641,0.08322103501862638,0.07916912324780295,0.08383761568066386,0.0785309765657742,0.12093632497228018,0.12710277681461302,0.09082790071141825,0.0986263224457424,0.08288050936469178,0.0816039252384829,0.49661698937416077,0.49809953570365906,0.4964948892593384,0.4970908761024475,0.5005425214767456,0.5002855509519577,0.22836940735578537,0.22805903106927872,0.2776513397693634,0.27771368622779846,0.4799972325563431,0.4883122444152832,185.5770263671874,-173.70106506347668,-4.086759567260742,-1.4648083448410034,2.891934871673584,2.798403024673462,0.6220549941062927,0.6305632591247559,0.47346691560811743,0.503686901709656,0.8603068590164185,0.8420307636260986,0.8335441813480364,0.7692559646509092,0.3583458364009857,0.3539957106113434,-0.5540618541914842,-0.5655938952735544,0.8880072832107544,0.8761416673660278,0.8942566266862694,0.8434392904776651,0.7260626554489136,0.7201476693153381,0.8787272609031571,0.8500431175446138,0.8062815070152283,0.7929161190986633,0.7151340368953847,0.6624429729570225,0.28070068359375,0.2824676036834717,-0.8566020808531518,-0.8421398298694414,0.7930917739868164,0.788964569568634,0.6862254201935118,0.6538492667174663
171,7.125,171,7.125,0.0,0.02008230940502274,0.03073462070697295,0.5600023041651838,0.5474858033997828,0.0836866618431473,0.08102212456820931,0.08403874912309563,0.0799742242600468,0.12343475988569522,0.1271756232349998,0.09160182475653378,0.09921901093064482,0.08315698000762453,0.08149450376756502,0.49689139425754547,0.4980500042438507,0.49668145179748535,0.4978918731212616,0.499824196100235,0.5005946904420853,0.22813628613948822,0.22759387642145157,0.2772879898548126,0.27752885222435,0.4799468666315079,0.481711745262146,184.99664306640614,-174.1406250000001,-3.8405909538269043,-3.461702108383179,3.1261258125305176,2.2907888889312744,0.6209539771080017,0.6323176026344299,0.4695668747836426,0.5136169603004143,0.860614538192749,0.8432008624076843,0.8300706205419315,0.7928586824599427,0.35648292303085327,0.34943193197250366,-0.5556710584524424,-0.5894172488564552,0.8872477412223816,0.8646818995475769,0.8881460522568354,0.839973314676523,0.7274653911590576,0.7172672748565674,0.8824647716396934,0.8448546447629243,0.8063398003578186,0.7860478162765503,0.7117210240825865,0.6675041788114708,0.27987098693847656,0.2813183069229126,-0.8526618323374776,-0.8550074371596735,0.7944207787513733,0.776257336139679,0.685730822128904,0.6460305940926124
172,7.166666666666667,172,7.166666666666667,0.0,0.03645945378011267,0.031713231162544826,0.5642758916420403,0.5603610628858495,0.08084029542776072,0.07702782904891664,0.08085164140586737,0.07678077003993812,0.12432943864760616,0.1315804491463281,0.09151683179056062,0.09986720835969747,0.08363023838904526,0.08194343016456683,0.49708928167819977,0.49845829606056213,0.49719104170799255,0.49780020117759705,0.500261127948761,0.5009986162185669,0.22755509614944458,0.22738439589738846,0.2759943902492523,0.27452224493026733,0.4788329005241394,0.4849746525287628,183.83782958984364,-176.88372802734386,-4.800126075744629,-2.856816530227661,3.0633089542388916,3.2081656455993652,0.6188998818397522,0.6274130940437317,0.45985685525617764,0.49402439442875185,0.8598875999450684,0.8424547910690308,0.8308180769791563,0.7858253302986974,0.3579579293727875,0.3367031216621399,-0.551582844929153,-0.6420623935010534,0.8877216577529907,0.8564326167106628,0.8915050030757162,0.8165518749860349,0.7278417944908142,0.7177613377571106,0.8821276876297358,0.8471029116689517,0.8065337538719177,0.788053572177887,0.7144900540960923,0.6662386702443813,0.27884992957115173,0.2801833748817444,-0.8582141506474518,-0.862940050529139,0.7898114323616028,0.7770474553108215,0.6780301783330066,0.6420446396118418
173,7.208333333333333,173,7.208333333333333,0.0,0.0704188154383243,0.07401617638243,0.5869338505425944,0.5889174224475546,0.07658912483701327,0.07735624129239527,0.07657637516525237,0.07614520994726502,0.12230011960725884,0.13394251426431414,0.08531760577836527,0.09708141916584846,0.0837852302625548,0.08150988122385863,0.4972747713327408,0.4985310882329941,0.4972307085990906,0.498199462890625,0.5011852085590363,0.49967361986637115,0.22701813280582428,0.2268046736717224,0.27366945147514343,0.2743696868419647,0.4781808704137802,0.48170122504234314,182.4073791503905,-175.8273010253907,-4.970656394958496,-5.02972412109375,3.6458792686462407,3.3652772903442383,0.6181040406227112,0.6337157487869263,0.45115994373489743,0.5205872305554818,0.8602715134620667,0.839229941368103,0.8293445492215092,0.7810622544450078,0.35810571908950806,0.3341329097747803,-0.552107246363313,-0.64292010657221,0.887082576751709,0.8527888655662537,0.887539141532653,0.810683270655653,0.7280049324035645,0.7147527933120728,0.8752394463873152,0.8353155247229882,0.8071112036705017,0.7858454585075378,0.713957758252672,0.6644377635119149,0.2770121693611145,0.2802894711494446,-0.8650265655778603,-0.8520350081578203,0.784882128238678,0.7754729390144348,0.6657085721523807,0.6417778117664553
174,7.25,174,7.25,0.0,0.11203069961940433,0.11333264974214867,0.6173963697314634,0.6109742973979901,0.0735456202962653,0.07108440266214901,0.07295271213881471,0.06965378804342257,0.13193779426596364,0.14403010189762225,0.09256759875390413,0.10480198601859488,0.08338919675754211,0.08114576232189939,0.49739712476730347,0.4987625926733017,0.497729629278183,0.4989795684814453,0.5020727664232254,0.4997701346874237,0.22639553248882294,0.22622819989919662,0.2706713080406189,0.2699519991874695,0.47850002348423004,0.48707422614097595,180.62265014648426,-179.21716308593759,-5.028887748718262,-5.25884246826172,3.6647665500640874,3.522003650665283,0.6186059713363647,0.6343640685081482,0.4511331487331871,0.520819665011927,0.8596916794776917,0.8419109582901001,0.8300819332491741,0.7723479267098288,0.3586497902870178,0.33944663405418396,-0.5552310937748586,-0.620381836855758,0.8850030899047852,0.8575423359870911,0.8851999930761328,0.8063716369462748,0.727550745010376,0.7151962518692017,0.8728893239127432,0.8336048661366764,0.8067499995231628,0.789461612701416,0.7147962722039909,0.6581851592946362,0.27659711241722107,0.2825990319252014,-0.8728803247986043,-0.8403571972385238,0.7822091579437256,0.7765572667121887,0.6613562010441688,0.6300971853975668
175,7.291666666666667,175,7.291666666666667,0.0,0.06106294775988209,0.07232463028217809,0.5967066327562245,0.5771465293565824,0.04669742794831189,0.045149404324825164,0.045953829142741105,0.0440855896848782,0.16561589363107068,0.1643339239713965,0.1302035053715052,0.13085961819066566,0.08247345357733918,0.08167485815543021,0.497815802693367,0.4995400756597519,0.4986940026283264,0.4987238049507141,0.5017318427562714,0.5023511797189713,0.22747645527124405,0.22570210695266724,0.26888900995254517,0.2663871943950653,0.47900906205177307,0.4800355136394501,178.77569580078116,-181.20928955078134,-5.041516304016113,-1.6620550155639648,3.1799745559692383,3.371518611907959,0.6196406483650208,0.6287990212440491,0.4562492736027318,0.49937875082659233,0.8587719202041626,0.8445494174957275,0.8265915475464976,0.80975803043618,0.3589532971382141,0.3359025716781616,-0.5524829751940022,-0.6573532371745517,0.8861697912216187,0.8546385765075684,0.8862257327166301,0.8321708312752034,0.7277598977088928,0.7164251804351807,0.8746177637331568,0.8454395565218874,0.8067859411239624,0.7877756953239441,0.7134389051114671,0.6836367029367475,0.27601853013038635,0.28007274866104126,-0.8733998652292737,-0.8778412023378791,0.7839972376823425,0.7653615474700928,0.663837030573152,0.6338442642176025
176,7.333333333333333,176,7.333333333333333,0.0,0.024642614817474557,0.022967948946519507,0.5791639731667508,0.5807106028053203,0.04786369053192924,0.03922009997684174,0.0470766314861532,0.038524227497269824,0.16781462008160905,0.1767421451196008,0.13143453449207443,0.1420720669693968,0.08109598958649643,0.08069648813571499,0.49786071479320526,0.4998650401830673,0.4978296756744385,0.49878600239753723,0.5012155622243881,0.5015619993209839,0.22402963042259216,0.2232450768351555,0.265176922082901,0.2621803283691406,0.4782499074935913,0.48165544867515564,179.2184753417968,-182.04779052734384,-2.723980665206909,-0.022816574200987816,3.359709978103638,3.590324878692627,0.620552122592926,0.6297107338905334,0.46138396072307847,0.5006661451999947,0.8591225743293762,0.8435416221618652,0.8283069597020934,0.7952953090037673,0.3593640923500061,0.330780565738678,-0.5484320379514445,-0.6672284538008963,0.8866440653800964,0.8515094518661499,0.8881596206138809,0.8128057254026718,0.7277036905288696,0.7148101925849915,0.8756577981732117,0.8331424516284197,0.8065282106399536,0.7858647108078003,0.7139267973056284,0.668542256805716,0.2763431966304779,0.28089892864227295,-0.8694108693469592,-0.8621117434815144,0.7846831679344177,0.7700870037078857,0.666419053947961,0.6338685462229094
177,7.375,177,7.375,0.0,0.024281129819642477,0.028351036173117922,0.5647238066282076,0.5791724233084766,0.05158505425446712,0.04303333129431353,0.04956826915926506,0.04136871097073988,0.16381834870260903,0.16972163079262947,0.12713107189713907,0.13732202429680435,0.08221112032172292,0.08108968921720855,0.49863995611667633,0.4993709623813629,0.49887555837631226,0.4987645149230957,0.5016836822032928,0.5012643337249756,0.2206542268395424,0.21977142244577408,0.26033762097358704,0.25893107056617737,0.4783082902431488,0.48035699129104614,178.04519653320304,-181.9082489013673,-2.8627710342407227,-0.7900583148002625,3.2905116081237793,3.1031746864318848,0.6197888851165771,0.6304494738578796,0.4569731374804366,0.5030704460624484,0.8609058856964111,0.8410001397132874,0.8326958579441552,0.7899806550096523,0.3594372868537903,0.333255797624588,-0.5503803386703581,-0.6542558154240318,0.8869667053222656,0.8534442186355591,0.8894153376663683,0.8172391282705899,0.7273769378662109,0.7128430604934692,0.873253274237061,0.8239260672183185,0.8075010776519775,0.783023476600647,0.7164641748876553,0.6629840865142641,0.2757766842842102,0.27888333797454834,-0.8740802866548236,-0.8659920685373336,0.7849993109703064,0.772280216217041,0.6674907152137765,0.6394512177715486
178,7.416666666666667,178,7.416666666666667,0.0,0.037170615486330646,0.035784993663187305,0.5416807601916118,0.5658531592043325,0.053534186178827305,0.04566307540950197,0.05010548980571885,0.043300397271602085,0.16616857842016053,0.17137875469287736,0.1260563391637896,0.1330169180827717,0.08226386015204817,0.08145373384454979,0.498773530125618,0.4996659904718399,0.49930110573768616,0.4991303086280823,0.5012203007936478,0.501896396279335,0.21928319334983826,0.2189677432179451,0.25807124376296997,0.25748324394226074,0.4778198152780533,0.48107385635375977,177.72796630859366,-182.07655334472668,-3.888849973678589,-1.8812022209167478,3.4063591957092285,3.7224051952362056,0.6187936067581177,0.6294815540313721,0.4555358330431511,0.49756651330568596,0.860874593257904,0.8419855833053589,0.8348284202413259,0.7917252752937106,0.35872316360473633,0.3375909626483917,-0.552102805676241,-0.64077109884376,0.8868798017501831,0.858406126499176,0.89150409268209,0.8277467124201928,0.7275673151016235,0.7132371068000793,0.876977770368836,0.8242029269401763,0.8081177473068237,0.7842019200325012,0.7198503103361883,0.664966338701114,0.27541595697402954,0.2805140018463135,-0.8748752025201731,-0.8633642662368689,0.7843657732009888,0.7727380394935608,0.668085330076811,0.6398182393243265
179,7.458333333333333,179,7.458333333333333,0.0,0.064870125101386,0.06714699305481524,0.5606596130687095,0.5727857705956885,0.05686097682206871,0.04782241787630112,0.05462385786361866,0.045756271955045474,0.15820844302002493,0.16703382200521238,0.11901191138786915,0.12561436380945715,0.08212083695962913,0.08071663832037951,0.49885891377925873,0.49978409707546234,0.49922075867652893,0.49971863627433777,0.5003851801156998,0.5020386874675751,0.2180742397904396,0.21752668917179108,0.2569102346897125,0.25618937611579895,0.47816918790340424,0.4819234311580658,178.01199340820304,-181.64334106445324,-4.020663261413574,-3.7233066558837895,3.42412281036377,3.8616585731506348,0.6178962588310242,0.6309149861335754,0.45401600216950383,0.5065817101572546,0.8607995510101318,0.8435534238815308,0.8315613658463229,0.7995827580829279,0.35867825150489807,0.3408626317977905,-0.5474991286860289,-0.6335442805445854,0.8868773579597473,0.8598302006721497,0.8882356365163958,0.8355715597332806,0.7277488708496094,0.7158589363098145,0.8784427394763715,0.8404759327040422,0.8074203729629517,0.7842406630516052,0.7155536819702631,0.6684391531602834,0.27542373538017273,0.28207266330718994,-0.8691614177802657,-0.8646334962214205,0.785342812538147,0.7728503942489624,0.6675730508662845,0.6432546753023103
180,7.5,180,7.5,0.0,0.06676903546277614,0.07106493821760614,0.5750271515768743,0.5861923548088478,0.05833643892173926,0.05433141733862324,0.05594638577469963,0.05216428952221066,0.1559874240876495,0.1593531263060289,0.11593118848424103,0.11908701253866007,0.0822955925201523,0.0808152152201728,0.4988783448934555,0.49981972575187683,0.49905869364738464,0.49960678815841675,0.4988372474908829,0.500696212053299,0.2172420546412468,0.21686018258333206,0.25617289543151855,0.25561875104904175,0.47948527336120605,0.4831799566745758,177.88780212402332,-181.7145233154298,-3.5892362594604497,-3.2254128456115723,3.629323720932007,3.726470708847046,0.6188397407531738,0.6311463713645935,0.46403685137676887,0.5115433821858227,0.8593136072158813,0.8448575139045715,0.8261750724020882,0.7977777953502457,0.3582824468612671,0.341921865940094,-0.5435104334665658,-0.6226130074803149,0.8868173360824585,0.8623858094215393,0.8859991907269884,0.8364411978042767,0.728154182434082,0.7157207727432251,0.8867441464389287,0.8431909290801615,0.8045669794082642,0.78364098072052,0.7070941741086142,0.6627481538745886,0.2753893733024597,0.2823640704154968,-0.8640491140346226,-0.8561611788204649,0.7863921523094177,0.7755486965179443,0.6675616070094205,0.6448984296618886
181,7.541666666666667,181,7.541666666666667,0.0,0.06137932529535519,0.06724931287933116,0.5789791079429302,0.5924972453624765,0.05690344045138446,0.0535723576513291,0.054883205556093995,0.0519621741849235,0.15626434420246568,0.15760252563630944,0.11641899639589191,0.11686497836631146,0.08227425107028141,0.08098261899325976,0.49875517189502716,0.49975551664829254,0.4987166225910187,0.49978211522102356,0.5014861226081848,0.501450777053833,0.21729618310928345,0.21674607694149017,0.25537702441215515,0.2550121545791626,0.47688034176826477,0.481938973069191,177.20100402832023,-182.2533416748048,-3.1404757499694824,-3.575618267059326,3.766935348510742,3.8837738037109375,0.6226149201393127,0.6303728818893433,0.4711854026385572,0.5065105385415791,0.8575826287269592,0.8456305861473083,0.8330142564155666,0.803742459130939,0.3514411449432373,0.3449854254722595,-0.5836680017960488,-0.6147227397023645,0.882304310798645,0.8620507717132568,0.8871077418337977,0.840030346592691,0.7250813245773315,0.7147185206413269,0.8697749619846398,0.8378885823798256,0.8038628697395325,0.7850722670555115,0.7154701107125754,0.6699112390603723,0.2794466018676758,0.2835462987422943,-0.8637234341809024,-0.8561054351464389,0.7900909185409546,0.773685097694397,0.6853357194045464,0.6447460959123591
182,7.583333333333333,182,7.583333333333333,0.0,0.07583674684936677,0.07179506615802071,0.5824446484000871,0.5995445485063017,0.06104665505969932,0.05902030181400967,0.05893008457437016,0.05710121567587987,0.15182014309770564,0.15241294927617777,0.11019846227568543,0.11308977838053305,0.08255156509607138,0.08129342838995801,0.498657763004303,0.4995434582233429,0.49860915541648865,0.49985358119010925,0.5019470453262329,0.5020583868026733,0.21719146519899368,0.21642211079597473,0.25549429655075073,0.2550315856933594,0.4796639382839203,0.4805443584918976,177.152618408203,-182.48011779785165,-3.4957122802734375,-3.820264101028442,3.9731569290161137,3.6928019523620605,0.6226809024810791,0.6302502751350403,0.4682784944235321,0.5017955286043417,0.8563282489776611,0.8458349704742432,0.8217735088161239,0.8043170589154727,0.3475773334503174,0.3432842493057251,-0.5987385640229798,-0.6215069712321516,0.8782942295074463,0.8566802144050598,0.8696969790841239,0.828196716414245,0.7263544201850891,0.7145096063613892,0.8703867342005507,0.8316210441077171,0.8030020594596863,0.7830873131752014,0.7054310557940463,0.6661557990388011,0.2803489565849304,0.2839808464050293,-0.8594906334336733,-0.8536447671076284,0.785461962223053,0.7720502018928528,0.6671635936483058,0.6418536774010009
183,7.625,183,7.625,0.0,0.09602492171990826,0.10164661540044355,0.5957083210207806,0.620133775879484,0.0628333149048303,0.061027793850743584,0.06093121542011764,0.05923231723765811,0.14535703099818542,0.15061146286253038,0.10274696538291656,0.10923509494592021,0.08315795095764415,0.08112725266970179,0.4983609616756439,0.4995575100183487,0.4982730746269226,0.49922576546669006,0.5013721734285355,0.5014924854040146,0.2169133946299553,0.21692106127738953,0.2553500533103943,0.25528448820114136,0.4817313849925995,0.4807605743408203,177.2263641357421,-182.34510803222665,-3.3893423080444336,-2.777540445327759,4.094475269317627,4.134368896484375,0.6228674650192261,0.6298665404319763,0.4699450333888958,0.5017058361689418,0.8557597398757935,0.8456732630729675,0.8137943499722637,0.8022013435182996,0.34869521856307983,0.34269267320632935,-0.590556026596336,-0.6206144422621623,0.8787739872932434,0.8539428114891052,0.8638677315024779,0.8203806040772128,0.7273355722427368,0.7148811221122742,0.8740287430903612,0.8339560854827642,0.8033376932144165,0.7844354510307312,0.6997367796569501,0.6675799488359629,0.28057676553726196,0.2824423909187317,-0.8540389012205143,-0.8560819457848164,0.7852537631988525,0.7733774185180664,0.6603905646445732,0.6432706583885703
184,7.666666666666667,184,7.666666666666667,0.0,0.07754969563184477,0.08289886198905648,0.5980878113750168,0.6118338006889938,0.06298454767227529,0.061103942475722,0.06118037738119328,0.05893814549118453,0.14745034293191414,0.14866207412913854,0.1049646304289944,0.10836009367437169,0.08327567706845243,0.08151509816115968,0.49812760949134827,0.4993187040090561,0.49814796447753906,0.49867886304855347,0.5025928616523743,0.5017905682325363,0.21646475791931152,0.21662591397762299,0.25617557764053345,0.2549314796924591,0.4820902794599533,0.4801810681819916,177.68475341796866,-182.50259399414074,-3.6632494926452637,-2.0226526260375977,4.003722190856934,3.9608809947967525,0.6240010261535645,0.630953311920166,0.47049181986385435,0.5063975733887501,0.8556602597236633,0.8443023562431335,0.8143267100518427,0.8030136936456389,0.3512704372406006,0.3406538963317871,-0.5864182457598064,-0.6317550812625978,0.8765780329704285,0.8511514663696289,0.8599243286228642,0.8181183562984284,0.7288811206817627,0.7146897315979004,0.8769325789742627,0.8346959550925124,0.801533579826355,0.7838047742843628,0.6963386395551456,0.6695955488180703,0.28028708696365356,0.2818496823310852,-0.8614992980848074,-0.862303848072668,0.7825024724006653,0.7723856568336487,0.6548536704265634,0.6444124354354449
185,7.708333333333333,185,7.708333333333333,0.0,0.03937051181617336,0.038296615854474,0.5857280298959852,0.604062128186478,0.06203847743549604,0.058390522629282626,0.06070450156416196,0.05677309182453693,0.14871853071557148,0.15058541809528506,0.10550426356464379,0.11146080054669039,0.08324109022244752,0.08145811294751375,0.49827398359775543,0.49923522770404816,0.49812036752700806,0.4984044134616852,0.5019944161176682,0.5014795958995819,0.21699347347021103,0.21705029159784317,0.25561320781707764,0.25431185960769653,0.4827483296394348,0.47988905012607574,177.0712585449218,-183.05999755859384,-2.7886281013488774,-1.3051300048828125,4.201471328735352,3.943900585174561,0.6228227615356445,0.6312572956085205,0.4687517033619002,0.5095248308936569,0.8579303026199341,0.8440606594085693,0.8187258827141604,0.8042552295525365,0.35198378562927246,0.33977997303009033,-0.5819639284191214,-0.6348546258943367,0.8764904737472534,0.8511108160018921,0.8592280752071089,0.8198251563804835,0.728614330291748,0.7143656611442566,0.8791684634706858,0.8358195332224541,0.8035678267478943,0.7829508185386658,0.7000955399733155,0.6692971278115013,0.278972327709198,0.2815169095993042,-0.8652107538770064,-0.8636033062030309,0.7821594476699829,0.7731263637542725,0.6533779593848863,0.6476002987988873
186,7.75,186,7.75,0.0,0.021895814320906808,0.022458430576460825,0.5822593412039893,0.5910956855601556,0.06348683890251629,0.06092835588614765,0.06220851181291347,0.05919489949031891,0.14511964242715394,0.14857116845002405,0.1031596850992581,0.10571201877286325,0.08276139001637867,0.08052340837010782,0.49813035130500793,0.4989480525255203,0.4969644844532013,0.4977198541164398,0.5027723610401154,0.5004296898841858,0.2173813432455063,0.21723944693803787,0.2558215260505676,0.25474029779434204,0.4828147143125534,0.48106764256954193,177.32768249511707,-182.3335266113282,-0.9081940650939941,-0.7221218943595886,4.375330924987793,4.462127685546875,0.6224270462989807,0.6318907141685486,0.46616885024051663,0.5158025015425411,0.8588365912437439,0.8442379236221313,0.824041684460367,0.8015290388601699,0.35182633996009827,0.3384227454662323,-0.5880783768978142,-0.6356529446879083,0.8757685422897339,0.8501738905906677,0.8611475932309125,0.814629917834096,0.7272996306419373,0.7136904001235962,0.8747473522786178,0.8367530104153569,0.8052864670753479,0.7827568054199219,0.706688048329079,0.6658381408113575,0.2783869504928589,0.281308114528656,-0.8741946762825219,-0.8597487911386126,0.7827044725418091,0.774013102054596,0.6572002234031443,0.6465404930683328
187,7.791666666666667,187,7.791666666666667,0.0,0.012023698992537923,0.010745439922294462,0.5767936811837672,0.5852698473941086,0.06376778562637049,0.06299314944148862,0.062325874306259514,0.06164607694341473,0.13855406272709384,0.14379554155789695,0.10028715844573945,0.10385507128187894,0.08329201709875658,0.08119290728249591,0.4974096566438675,0.498584046959877,0.49607419967651367,0.4975934624671936,0.5030813962221146,0.5002428591251373,0.21799296140670776,0.21763765811920166,0.25694265961647034,0.25629329681396484,0.48255032300949097,0.4818183481693268,177.76634216308585,-181.70822143554696,-0.5436835289001465,-1.2250077724456787,3.944926738739014,3.9871532917022705,0.6230181455612183,0.6315770149230957,0.4690067232926203,0.5157286749875138,0.8592053055763245,0.8443521857261658,0.8285010023149901,0.8007826728831908,0.3523366451263428,0.3376429080963135,-0.5894798896466232,-0.6385045595156104,0.8744802474975586,0.8499781489372253,0.8621001986028028,0.8132095787081911,0.7278037071228027,0.7139011025428772,0.8787654765286711,0.8390024827014848,0.804475724697113,0.7827097773551941,0.7081162610706333,0.6646238721739336,0.2786794900894165,0.2812000513076782,-0.8775125495384831,-0.8601468243723916,0.7811801433563232,0.77364182472229,0.6568746384088912,0.644594129858317
188,7.833333333333333,188,7.833333333333333,0.0,0.010453834632474861,0.010438229306722406,0.5795046952359937,0.5864707872038213,0.06516242396689606,0.06453557472281334,0.06374958017774461,0.06288499937916535,0.14083364236940804,0.14506301204899566,0.10186548378591614,0.10661006598908329,0.08344119676203646,0.08206507888404493,0.49721091985702515,0.49846749007701874,0.49583834409713745,0.49680420756340027,0.5038122087717056,0.5000377297401428,0.21917624771595,0.2183951586484909,0.2585044801235199,0.25751522183418274,0.4836922585964203,0.48208463191986084,178.0207519531249,-181.68125915527352,-0.7230014801025391,-0.17811141908168793,3.980998516082764,3.973933219909668,0.6225334405899048,0.6313984394073486,0.4643788398524906,0.5146769357082329,0.8602643609046936,0.8442395329475403,0.8285423233766219,0.7981529335634922,0.35134297609329224,0.3374010920524597,-0.596384356025081,-0.637217372919567,0.8737416863441467,0.8509531021118164,0.8581954348632665,0.8129489639580632,0.727365255355835,0.7138738036155701,0.8744291381443862,0.8378189758939755,0.8056226968765259,0.7829301357269287,0.7083185176577345,0.6630331958275655,0.2795318365097046,0.281173437833786,-0.8772740770766422,-0.857519751375381,0.7807042598724365,0.7731188535690308,0.6534924177854163,0.6414101179287884
189,7.875,189,7.875,0.0,0.015270167209596704,0.01364795878194872,0.5869617726999166,0.5964764402311571,0.06943037793365618,0.06822836853417821,0.06773609027654715,0.06633392155473213,0.13706381572712373,0.13757040688769584,0.09984873056507153,0.0992977074437311,0.08346500570615858,0.08194238118605841,0.4965737760066986,0.4977996498346329,0.49528929591178894,0.49637365341186523,0.503436490893364,0.5001941472291946,0.22002439200878143,0.21888067573308945,0.2604385316371918,0.2586115598678589,0.4849633574485779,0.48191124200820923,178.58032226562491,-181.1699676513673,-0.8772433996200562,-0.7785770297050476,3.7203278541564946,3.772048950195313,0.6223739385604858,0.6314725279808044,0.4634780415828782,0.5140146172262703,0.862105131149292,0.8442726135253906,0.826680540339596,0.7980804633940825,0.3523831069469452,0.3382273316383362,-0.5886281229263819,-0.634173808685343,0.8748392462730408,0.8513753414154053,0.8545932402984215,0.8137238205822153,0.7273295521736145,0.7137209177017212,0.8724713671054425,0.8360545016141321,0.8075101375579834,0.7825656533241272,0.7070103739747442,0.6621743672617317,0.27866625785827637,0.2809450924396515,-0.8758895491417809,-0.8584598494408733,0.7843106389045715,0.7722266912460327,0.656157948123797,0.6394033869782877
190,7.916666666666667,190,7.916666666666667,0.0,0.017843876454584535,0.012381805813087692,0.5802671580054071,0.5926839324943061,0.06872745825168546,0.06980694252590507,0.06721257441708604,0.06801760511869506,0.13615246315772658,0.13687484624590182,0.10024400550315407,0.10132106415286157,0.08357403514489108,0.08248518466991027,0.4964117258787155,0.4975390285253525,0.4951820969581604,0.4958236813545227,0.5028869360685349,0.499956950545311,0.2206527143716812,0.21940083801746368,0.261105477809906,0.2599487006664276,0.4845140874385834,0.4817490130662918,178.66783142089832,-180.88340759277355,-0.9326965808868409,-0.18374377489089966,3.6073880195617676,3.594258546829224,0.624138593673706,0.6321103572845459,0.4717690014637619,0.5167621624888005,0.8622061610221863,0.8433116674423218,0.8266127776164898,0.7952770258852556,0.3541176915168762,0.33928388357162476,-0.5788351214067107,-0.6282831717449726,0.8762672543525696,0.8529976010322571,0.8573867340404919,0.8165817717297051,0.7271835803985596,0.712873101234436,0.8726990295820534,0.8325703678302356,0.8079283237457275,0.7818412184715271,0.7078208913891553,0.6600693786195543,0.2782033085823059,0.28096723556518555,-0.8742047133870555,-0.8563199501866343,0.7868936061859131,0.7722418904304504,0.6617845365789509,0.6389551264626797
191,7.958333333333333,191,7.958333333333333,0.0,0.02566174835357887,0.016378710861219718,0.5706016812308898,0.5889968546849006,0.07309097020349492,0.07089737023172767,0.07244917008089657,0.0692080067088977,0.13251091246505273,0.13495532312421096,0.09681976212271078,0.09955419049253415,0.08296243224410371,0.08212344913639849,0.49617116153240204,0.4973790943622589,0.49502429366111755,0.495554119348526,0.5023913979530334,0.4999658167362213,0.22033120691776276,0.21961763501167297,0.26210448145866394,0.26102596521377563,0.48609989881515503,0.4822152853012085,180.58840942382804,-180.15834045410165,-1.3067541122436523,-0.005235610529780388,3.5827918052673344,3.6870567798614506,0.624727725982666,0.6325351595878601,0.47744186946202416,0.5166014376178968,0.8603379130363464,0.8436626195907593,0.8215528147392241,0.7922824936866012,0.35178929567337036,0.3384259045124054,-0.5877546793777939,-0.6294950936045961,0.8746852278709412,0.853750467300415,0.853049018861728,0.8143947750098163,0.7302078008651733,0.711610734462738,0.8890988560171555,0.8247462528678322,0.8074893355369568,0.781803548336029,0.7055360127317037,0.6566891317182054,0.2750617265701294,0.28028440475463867,-0.8871992893472439,-0.8560631802680173,0.7871060967445374,0.7717581987380981,0.6607893366403851,0.6346700050726988
192,8.0,192,8.0,0.0,0.02099652883610671,0.015039939471234004,0.5719737935004238,0.5837401810381657,0.07195443409212808,0.07118661290665461,0.07114127389848118,0.06893987920608338,0.13321004086897617,0.13575743666138956,0.09744455486721887,0.10015565910648895,0.08265852711091837,0.08197021379673439,0.49623486399650574,0.49715642631053925,0.49495628476142883,0.49563896656036377,0.5026780962944031,0.5001339167356491,0.22044365853071213,0.2198042944073677,0.2620532810688019,0.2600935697555542,0.4864518493413925,0.48152630031108856,180.5236358642577,-180.82247924804696,-0.9948899745941162,-0.3168388307094574,3.557708740234375,3.395827054977417,0.625676155090332,0.6335676908493042,0.48154221102322425,0.5196664515998134,0.8583192825317383,0.8433038592338562,0.8189299945314636,0.7925434143566737,0.3503737449645996,0.3365866541862488,-0.5962774925537196,-0.6369453773039339,0.8730326890945435,0.8532869815826416,0.8513319982580166,0.8144133664228157,0.7299658060073853,0.7121322751045227,0.8898402734565497,0.8256412993662294,0.809267520904541,0.7796249389648438,0.7109077390290365,0.6530424761480561,0.2748023569583893,0.2801143229007721,-0.8921424324303885,-0.8568805189697616,0.7844892740249634,0.7705893516540527,0.6563408483295619,0.6332482820600228
193,8.041666666666666,193,8.041666666666666,0.0,0.017780163194880714,0.017901236320699378,0.5537151481009439,0.575036879522395,0.07128233655313833,0.07293073432013174,0.06974588320193702,0.07083355778153885,0.1363197542271918,0.13740245195211837,0.09975288666752219,0.10196763852903196,0.08280778191076021,0.08160021442064985,0.49609482288360596,0.49683162569999695,0.4950193762779236,0.4955563247203827,0.5013209134340286,0.5002464205026627,0.21889127045869827,0.21925101429224014,0.2600739598274231,0.2595861852169037,0.4845784902572632,0.48166194558143616,180.3734588623046,-180.54650878906259,-1.026350975036621,-0.6201117038726807,3.5627808570861816,3.3687522411346436,0.6260628700256348,0.6333410143852234,0.4859730136702533,0.5193272455034194,0.8599563837051392,0.8413515090942383,0.8226040079840792,0.7894616825037506,0.34864190220832825,0.33360129594802856,-0.5948109299941894,-0.6502394348781438,0.8701295852661133,0.8495423793792725,0.8448975860667459,0.8074393468352955,0.7293850779533386,0.712250828742981,0.8884984039852352,0.827228681152715,0.813210129737854,0.7795158624649048,0.7201641559231852,0.6537422216721785,0.2739207148551941,0.28061985969543457,-0.8859117079137309,-0.8569698703468671,0.7842092514038086,0.7712408900260925,0.6566115622061632,0.6355799664195755
194,8.083333333333334,194,8.083333333333334,0.0,0.025670983325084273,0.022819785020447455,0.5339149160246093,0.5557845403002025,0.07389409700149381,0.07312005377112032,0.0718875323675732,0.07108503153451252,0.13771653579423182,0.13995925073710566,0.10595794377753476,0.10992098267840253,0.08337908892992928,0.08146234201677591,0.4958593249320984,0.496457114815712,0.49481451511383057,0.49493300914764404,0.5017341077327728,0.5005389004945755,0.21820607036352158,0.21836600452661514,0.26043254137039185,0.25968095660209656,0.48395493626594543,0.4818591773509979,180.89926147460926,-179.4156951904298,-0.9373599886894225,0.3579440414905548,2.916405200958252,2.9356241226196294,0.6308144927024841,0.6352090835571289,0.5045379775172523,0.5251328741909718,0.8598698973655701,0.8430615067481995,0.8265054989404814,0.7922656475368868,0.3462998867034912,0.3320426642894745,-0.6075475180329306,-0.6570341763599286,0.8671637773513794,0.8490844964981079,0.8425421895240351,0.8054765475947097,0.7278385162353516,0.7146362066268921,0.8837768883350801,0.8348509756876547,0.8125424981117249,0.7815916538238525,0.7224491037934733,0.6574369134244035,0.274480938911438,0.2803574502468109,-0.8882670609357681,-0.8585754855507863,0.782720685005188,0.7730493545532227,0.6568813688759054,0.6387001287685736
195,8.125,195,8.125,0.0,0.03502012488147206,0.02912260509752608,0.4899823884959174,0.512584012485508,0.07606707105260474,0.0740934049324694,0.07350107924485025,0.07120985502943034,0.13741952688430395,0.14036015763807763,0.11006378193829912,0.11533598574091905,0.08295544819702677,0.08141215883723146,0.4956592619419098,0.49618376791477203,0.4951958954334259,0.4948495626449585,0.5014133900403976,0.5006620287895203,0.21799837052822113,0.21804971247911453,0.261243999004364,0.2613068222999573,0.4893306642770767,0.4828881323337555,181.62098693847645,-177.88954162597668,-2.1993398666381836,0.9758412837982178,2.152630567550659,2.2491090297698975,0.6260136961936951,0.6263569593429565,0.4833489058033366,0.49049343624184655,0.8693335056304932,0.8588307499885559,0.8291841675428981,0.8252005818582862,0.34864383935928345,0.3221769630908966,-0.5926229031165972,-0.6964939063723944,0.8542582392692566,0.84309983253479,0.7962892235374563,0.7906709445508928,0.7288013100624084,0.7152197360992432,0.8820821210528538,0.8372584850252045,0.823361873626709,0.7851206660270691,0.7288718928296829,0.6634056660456459,0.2736065983772278,0.2774899899959564,-0.8837070059000642,-0.8708737870253054,0.795256495475769,0.7730361819267273,0.667544628795119,0.636880013345595
196,8.166666666666666,196,8.166666666666666,0.0,0.04698882249997735,0.0387042840899039,0.4755104473079992,0.4995789071147519,0.0797502023965561,0.07401040226357196,0.07623184621377677,0.07066871351078205,0.13842965820879477,0.1435347823911335,0.11270987059466957,0.11737974217211442,0.08303529900119096,0.08156792223503698,0.4953271597623825,0.4959494173526764,0.4950315058231354,0.4950622022151947,0.5006510615348816,0.5013949871063232,0.21856389939785004,0.21815767884254456,0.26185935735702515,0.2615213990211487,0.4898725599050522,0.4875434637069702,181.40072631835926,-178.1695251464845,-2.621931314468384,-0.83990615606308,1.9101248979568481,2.162342071533203,0.6175991296768188,0.6312894821166992,0.4473850199685088,0.5019034336062509,0.8737710118293762,0.8610557317733765,0.8260898265460995,0.8118145270487193,0.3542741537094116,0.3355380892753601,-0.5599650928046674,-0.6408596954165918,0.8535385131835938,0.851415753364563,0.782552632756677,0.7908624053065777,0.732212483882904,0.718798041343689,0.8858385880763147,0.8400305139144174,0.8266741633415222,0.7927399277687073,0.7247447255091497,0.6633327585512427,0.2710608243942261,0.27804672718048096,-0.8782978159424033,-0.8630023815698054,0.7981128096580505,0.7816911339759827,0.6632851296393755,0.6393186308393657
197,8.208333333333334,197,8.208333333333334,0.0,0.054630621453275276,0.04440274114164763,0.48606278827878596,0.5009880325342568,0.07643879803359854,0.07188390621554969,0.0742871953713047,0.06922081991988967,0.13544124447409867,0.14463112753600288,0.11255627683771002,0.11996819335068289,0.08366825014231279,0.08194357737028496,0.49509887397289276,0.4957467317581177,0.49476251006126404,0.4951387941837311,0.5012812614440918,0.5017630755901337,0.219584122300148,0.21896415203809738,0.26245975494384766,0.26232221722602844,0.48790933191776276,0.4891900569200516,180.72808837890614,-178.46925354003918,-2.5608584880828857,-1.8942899703979492,1.8138525485992432,2.0568416118621826,0.6175979375839233,0.6235925555229187,0.45166568333052365,0.46769588478681295,0.8647178411483765,0.8580911159515381,0.8230350679769626,0.7966060255281666,0.3560992479324341,0.33568650484085083,-0.5637517810534228,-0.6375577466291328,0.8523558974266052,0.8401811122894287,0.7960337849853715,0.7579311112518968,0.7299088835716248,0.7195186018943787,0.8877768399461975,0.8359500803768541,0.823594331741333,0.8006582260131836,0.7332120158665262,0.6725852750632453,0.27382540702819824,0.2796022593975067,-0.8832267850293427,-0.8528617174717996,0.781561553478241,0.7913699746131897,0.6414029147778559,0.6525281978315314
198,8.25,198,8.25,0.0,0.052031020273569886,0.04255934087527331,0.5183178746654515,0.5182334440649854,0.07190288995172177,0.07195342668068064,0.07053687271931482,0.07039928570082273,0.13765557233380593,0.14142456976682183,0.11519133347600899,0.11956048995071247,0.08343531724646219,0.08216565975148155,0.49476516246795654,0.4956061542034149,0.49417972564697266,0.4950619637966156,0.5006461143493652,0.5008234679698944,0.2218814492225647,0.22076696157455444,0.26497170329093933,0.2650166153907776,0.48654885590076447,0.4897918850183487,180.65016174316398,-178.06059265136727,-1.7665151357650757,-1.909859299659729,2.036482334136963,1.9222298860549925,0.6239600777626038,0.6217879056930542,0.4719777198261612,0.46502277151847216,0.8559064269065857,0.8512265682220459,0.7952043984148043,0.7815717636877326,0.3541243374347687,0.33763742446899414,-0.5608044073750412,-0.6273350056451645,0.8474783301353455,0.8386605381965637,0.7770592183809822,0.754398792453995,0.7276673316955566,0.7171282172203064,0.8689117886524088,0.8315388876459554,0.8185096979141235,0.8021632432937622,0.7146915141109825,0.6754764961924112,0.27133041620254517,0.2818146347999573,-0.8776937934350834,-0.8419341792072154,0.7920079827308655,0.7997252345085144,0.6576349322684214,0.6702045095383291
199,8.291666666666666,199,8.291666666666666,0.0,0.04901136074753067,0.044137943416661385,0.5379293136712789,0.5464053876010537,0.07287628220264164,0.07846438244382202,0.07253003215139597,0.07683667903739873,0.13454694630852299,0.1336716266645235,0.1144135408804458,0.11535755792169879,0.08369577892918093,0.08256560118812839,0.494904100894928,0.49581946432590485,0.49383750557899475,0.4951696991920471,0.5019077807664871,0.5012790411710739,0.22440823912620544,0.22371242195367813,0.2701016962528229,0.270108699798584,0.48661547899246216,0.48877863585948944,182.1557159423827,-176.8481445312501,-0.6417257189750671,-1.53505539894104,2.144404649734497,1.6751770973205569,0.6208810806274414,0.6209790110588074,0.46103156654358113,0.45914699974119466,0.8588888645172119,0.8474227786064148,0.8114572979840307,0.773827178299956,0.35322171449661255,0.34111589193344116,-0.5761710411976225,-0.6143562902357614,0.8506910800933838,0.839207649230957,0.7935883010138648,0.7561018354704611,0.7337501049041748,0.7148107290267944,0.8984085506010401,0.8190681578331332,0.8140280842781067,0.8048041462898254,0.7136726887862304,0.6818712474545403,0.2712275981903076,0.2795388698577881,-0.8939051540803611,-0.8505543859040441,0.7919712662696838,0.7994231581687927,0.6655946723628661,0.6702609787846777
200,8.333333333333334,200,8.333333333333334,0.0,0.06984902735959093,0.05051398001388588,0.5484257166723439,0.5430268783502632,0.0748286644664677,0.07989924498382524,0.0732417775006264,0.0777846115713953,0.13002102363811097,0.12898714822212076,0.1132719557110056,0.11010840488531477,0.08517988851898278,0.0845434249275288,0.4944676160812378,0.4954630732536316,0.49322745203971863,0.49444806575775146,0.5014839768409729,0.501692607998848,0.2282753810286522,0.22858352214097977,0.27477115392684937,0.27617886662483215,0.48489053547382355,0.48981016874313354,181.9638214111327,-176.85816955566418,0.013059228658676147,-0.35486507415771484,1.706878423690796,1.5996122360229492,0.6156731843948364,0.622200608253479,0.4441116304732071,0.46316743067297766,0.8608143329620361,0.8493807315826416,0.822411990542517,0.7773718137265859,0.3405585289001465,0.33701440691947937,-0.6258810670519758,-0.6329337398397994,0.843494176864624,0.8449991941452026,0.7845205238469922,0.767899170366253,0.7306621074676514,0.7145315408706665,0.8913335633177545,0.8180374869479273,0.8155895471572876,0.8089548945426941,0.7234733057237981,0.6899733737291879,0.27307629585266113,0.2803431749343872,-0.8883370835941246,-0.8507472365051273,0.7804089188575745,0.7950199842453003,0.6465083177612823,0.659846862797765
201,8.375,201,8.375,0.0,0.04168033808349263,0.03662318081017256,0.55264084484795,0.5648784405933915,0.07947937493754692,0.08129347316979789,0.0783497066551327,0.07993473038268574,0.13090056971988479,0.1314232223422312,0.11142077481463267,0.10730932741268524,0.0851951115719726,0.08365185546963358,0.4943317770957947,0.4952484965324402,0.49258875846862793,0.4942632019519806,0.5030879974365234,0.5016706585884094,0.2362147718667984,0.233815997838974,0.28621748089790344,0.2841377854347229,0.4875303953886032,0.4898374676704407,183.48280334472645,-175.94947814941415,1.6260170936584473,-1.1795964241027832,2.0559959411621094,2.1287615299224854,0.6175071597099304,0.6204296350479126,0.4456754771333237,0.457983823704508,0.8695094585418701,0.8572959303855896,0.8369163655531588,0.7971030545521863,0.3355204164981842,0.33872300386428833,-0.6526945321302033,-0.6283936776744019,0.849622368812561,0.8516349792480469,0.7933437395555798,0.7848231320541055,0.72792649269104,0.7131247520446777,0.8757711703137039,0.8154546051691131,0.8196102380752563,0.8073079586029053,0.7275871423959785,0.6886674923272005,0.2760276794433594,0.2799091935157776,-0.884425419212907,-0.8552041012151252,0.7707741856575012,0.7842060327529907,0.6205873210967895,0.6385540304546953
202,8.416666666666666,202,8.416666666666666,0.0,0.020431499030212442,0.022631521558884978,0.5622261444012984,0.5666376253601162,0.08408315276221273,0.08599702996652883,0.08440687815920063,0.08641275379660943,0.12180328498359529,0.12141543762800734,0.10494363363256883,0.10265361246005879,0.08497864501336885,0.08424467496160783,0.4940273016691208,0.49519501626491547,0.4924328029155731,0.49409008026123047,0.503808930516243,0.502570629119873,0.23891350626945496,0.2371775284409523,0.29119935631752014,0.29072776436805725,0.4874596893787384,0.48749226331710815,185.1949768066405,-173.72122192382824,0.8341900706291199,-0.5220178365707397,2.117131471633911,1.9439142942428589,0.6166964769363403,0.6284458637237549,0.4450445662778068,0.4871551178189045,0.8728197813034058,0.8627437949180603,0.8545682095206911,0.8169057946428738,0.3248763382434845,0.3369441628456116,-0.7054186262907065,-0.6409980560964009,0.8422685265541077,0.8682889938354492,0.7868182488557919,0.8289774445805469,0.7256067395210266,0.7126256227493286,0.8744092049141078,0.8129427960315473,0.8152331113815308,0.786001443862915,0.7268649562813392,0.6498411300324369,0.28038865327835083,0.28171777725219727,-0.8808055762943148,-0.8547320480538809,0.7565449476242065,0.7787461280822754,0.5967190484067949,0.6340466321981918
203,8.458333333333334,203,8.458333333333334,0.0,0.020162607127990558,0.02227013302256891,0.5488497412315095,0.559449351737993,0.08506578447978955,0.08970861548586896,0.08599914035664427,0.08972078360216475,0.12123003020314164,0.12130730793481352,0.10522298445505236,0.10175669030094564,0.08385911231450917,0.08351541647364752,0.49385444819927216,0.49521271884441376,0.49224331974983215,0.49391263723373413,0.5036792755126953,0.5029076486825943,0.23909879475831985,0.2376023381948471,0.2913319170475006,0.2905092239379883,0.48794862627983093,0.486428901553154,186.17594909667957,-173.62156677246102,1.1304473876953125,0.06954725086688995,2.219292640686035,2.08250093460083,0.6221567392349243,0.6318076252937317,0.4665740526573489,0.5013296144670316,0.873409628868103,0.8697881102561951,0.8538622389748449,0.838685139918348,0.32570743560791016,0.33218705654144287,-0.7008678274708957,-0.6639821890573699,0.8514589667320251,0.8656273484230042,0.8052377571397477,0.829582530561337,0.7247049808502197,0.711799681186676,0.8704175109838149,0.8124420568083908,0.8100389838218689,0.781714141368866,0.713485390211613,0.6460033750291357,0.2801216244697571,0.2825617790222168,-0.8803885226156385,-0.8569893710647517,0.7565667629241943,0.7725397944450378,0.5950352488171147,0.6259324121859541
204,8.5,204,8.5,0.0,0.031526804849500704,0.028248429364220458,0.5473004359374921,0.5660537365084732,0.07734104277708499,0.0814310736402695,0.07909557408584227,0.08194802685508869,0.12476431204285784,0.12563276705130005,0.11080179994599806,0.10968600968287272,0.0841179158849037,0.08333148226402683,0.49394404888153076,0.49530646204948425,0.4921935200691223,0.4938996732234955,0.5038451105356216,0.5027888715267181,0.2370140701532364,0.23617735505104065,0.2890336513519287,0.2886154353618622,0.4889122098684311,0.4861747622489929,185.7655944824218,-173.92579650878918,1.4026498794555664,0.5555090308189392,2.078859329223633,1.851503849029541,0.6223738789558411,0.6337819695472717,0.46495812119447605,0.5054391422331037,0.862882673740387,0.8644672632217407,0.8251822844544898,0.8210521016219503,0.32793891429901123,0.33296290040016174,-0.6900351332317487,-0.6552764570973213,0.8466501832008362,0.8645514845848083,0.7893645797964057,0.8212348970169696,0.7248572111129761,0.7128326892852783,0.8669740892048413,0.8104577163492629,0.8119267225265503,0.7852729558944702,0.7127457358729897,0.6491675088786374,0.27851882576942444,0.2811307907104492,-0.8838975332063828,-0.8552715519349885,0.7626685500144958,0.7776644229888916,0.6040554107047764,0.6326538272266844
205,8.541666666666666,205,8.541666666666666,0.0,0.045460170527261076,0.038136441686368316,0.5406061499331476,0.5522323849366326,0.07551814676855109,0.08204459488043343,0.07727312224621492,0.08304517130733623,0.12561854546113657,0.12403097328773038,0.11082316851593146,0.10937611033885847,0.08393190015854968,0.08262729210781439,0.49357350170612335,0.4948223829269409,0.49208346009254456,0.49339649081230164,0.5034027695655823,0.5029165893793106,0.23505592346191406,0.23399122804403305,0.2861999273300171,0.28664693236351013,0.48503875732421875,0.4859835356473923,185.365753173828,-173.22198486328136,0.644810140132904,1.012299656867981,2.0397608280181885,1.7204419374465942,0.61831134557724,0.6308243274688721,0.45136137285682365,0.491147972053505,0.860872745513916,0.8609500527381897,0.830406091559434,0.8098984201768098,0.3303300440311432,0.33101943135261536,-0.6798303983278967,-0.6600612427956173,0.850956916809082,0.8606117963790894,0.8084970444319615,0.8091678128335845,0.7248432040214539,0.7119596004486084,0.8698189636591926,0.8026961659407453,0.8127053380012512,0.7904556393623352,0.7239800900000599,0.6576359876072092,0.27280789613723755,0.2816830277442932,-0.9057776386838513,-0.8495061891496345,0.7663384079933167,0.7795617580413818,0.6215322477733354,0.6341060539483665
206,8.583333333333334,206,8.583333333333334,0.0,0.046644889063503635,0.035349991280215626,0.5544954111496819,0.5626664078373479,0.07411794047512145,0.08255493288559944,0.07527503976393914,0.08356057689326393,0.12015012729631389,0.11617234533111837,0.1066219808983314,0.10074652960043018,0.08358949596702928,0.0832364551510261,0.4932788759469986,0.4946194589138031,0.49223488569259644,0.492983341217041,0.50213623046875,0.5028536915779114,0.23409141600131989,0.23360013216733932,0.2873399257659912,0.286825031042099,0.48615720868110657,0.48519447445869446,187.71176147460926,-172.26031494140636,-0.36480483412742615,1.066627860069275,1.6231207847595215,1.899208426475525,0.618901252746582,0.6322579383850098,0.45759639173833305,0.49932864230377627,0.8610700964927673,0.8599942326545715,0.8264616791851895,0.8135041599873064,0.3297683596611023,0.33025801181793213,-0.6755012262621153,-0.6659902481447799,0.8553673028945923,0.8584165573120117,0.8138903845553768,0.8100798102479689,0.7253235578536987,0.712586522102356,0.8746601824822675,0.8092903602183344,0.8139556050300598,0.7833666205406189,0.7226020280659503,0.6471836652125584,0.2743774950504303,0.28214386105537415,-0.8925753062104743,-0.851647011107751,0.7717678546905518,0.7802072167396545,0.6296029338226211,0.6403261684320483
207,8.625,207,8.625,0.0,0.031808648973215135,0.030797651976122727,0.5540926591477201,0.5650762809756371,0.07952607269670453,0.08573064923058461,0.08070711526840155,0.08629100455742443,0.11293014115022629,0.11181395396278128,0.0999659331974063,0.09922956314208853,0.0840666058308893,0.08340946870012363,0.49280978739261627,0.4942045509815216,0.4916200041770935,0.4926515221595764,0.5023655891418457,0.5029768645763397,0.23490558564662933,0.23491119593381882,0.2890201807022095,0.28739747405052185,0.48445771634578705,0.4852658808231354,189.0171661376952,-172.25862121582043,-0.001965218223631382,1.0362616777420044,1.5994316339492798,1.6202442646026611,0.6201111674308777,0.6330659985542297,0.46457391450736457,0.5022629277315148,0.8633826375007629,0.8673489689826965,0.8409804684125434,0.8297942925977896,0.32982897758483887,0.33144161105155945,-0.6807560011308026,-0.6622828210937807,0.8553496599197388,0.8623153567314148,0.823152194599763,0.818862474763655,0.723430871963501,0.7128556966781616,0.8722294738748646,0.8103240713267287,0.8094481825828552,0.7846729755401611,0.7212791222403648,0.6502415470839172,0.27577513456344604,0.2826380729675293,-0.8940294489453117,-0.850709072942821,0.7701839208602905,0.778064489364624,0.6341365898498649,0.6358894747700491
208,8.666666666666666,208,8.666666666666666,0.0,0.02178100567475637,0.02397787498274855,0.5614599680544468,0.5625347402744046,0.07854868677001112,0.08548915385236464,0.08036730440412733,0.08583011689299046,0.11591843822593217,0.10797555595562372,0.10284393839824384,0.09573649354359529,0.08311768269649994,0.08317553157390137,0.4928233027458191,0.49400594830513,0.4910529851913452,0.49233943223953247,0.5024004727602005,0.5027739852666855,0.236357182264328,0.23619067668914795,0.29106849431991577,0.2891538143157959,0.48369430005550385,0.4872910678386688,190.0797424316405,-171.67524719238293,0.8247784376144409,1.4601162672042847,1.9213019609451292,1.6059616804122925,0.6179609298706055,0.6328890919685364,0.45688223735217887,0.5015065497966371,0.8653682470321655,0.8688099980354309,0.8488091757049964,0.8271561547190257,0.3286847174167633,0.3312847316265106,-0.6868062393419445,-0.6609761625708377,0.855760931968689,0.8605957627296448,0.82744335484045,0.8093471949224904,0.7235543727874756,0.7126109600067139,0.8743586791724784,0.8087809316620939,0.8076106309890747,0.7859418988227844,0.7203613346810992,0.6474930951212844,0.2757891118526459,0.28301870822906494,-0.8959354105180626,-0.8470093410389026,0.769585907459259,0.78029465675354,0.635797705197301,0.6352495321810271
209,8.708333333333334,209,8.708333333333334,0.0,0.028999004553343043,0.02866306251406948,0.541302265114518,0.5536926189019825,0.07543640670051499,0.0850555347726118,0.07593569843806423,0.08635735905817087,0.1213383475153207,0.10881380053226472,0.10796286201509839,0.09781067317438233,0.08297312941718753,0.08296030331225704,0.49219706654548645,0.4934163838624954,0.4904123842716217,0.4916537404060364,0.501984566450119,0.5032043009996414,0.23799268156290054,0.23742736130952835,0.292997270822525,0.29139190912246704,0.4833855926990509,0.4877857267856598,190.18927001953114,-171.5191955566407,2.0863075256347656,1.7973080873489382,1.6976749897003174,1.6698623895645142,0.6196126937866211,0.6358011364936829,0.4615674927305515,0.5118467945495053,0.868316650390625,0.8683453798294067,0.8496293598962832,0.8263272933588427,0.327454149723053,0.33082255721092224,-0.6848495226271595,-0.665423444446191,0.8581402897834778,0.8598582148551941,0.8271678448380414,0.8078987079706148,0.724425733089447,0.71388179063797,0.8728491551349608,0.8132516688904005,0.8040493726730347,0.7853975296020508,0.7077770335162594,0.6462186769563927,0.2755218744277954,0.28272193670272827,-0.8886294402590403,-0.8511001865134452,0.7682482600212097,0.7801370620727539,0.628755931378232,0.634796373355579
210,8.75,210,8.75,0.0,0.030668282370275395,0.03238194933726248,0.5438798631432552,0.5558196569102215,0.07884507108678131,0.08731285165579734,0.0805545314113674,0.08887428015554297,0.1155310797360895,0.11070949239073866,0.10349088148359681,0.09854828026075214,0.08274347684045756,0.08284781945742246,0.4920055568218231,0.4932178556919098,0.49034711718559265,0.49164724349975586,0.50190868973732,0.5027914643287659,0.23851192742586136,0.23830532282590866,0.2950637638568878,0.29419034719467163,0.4835834950208664,0.48771922290325165,189.9188537597655,-170.74041748046884,1.7316398620605469,1.1985588073730469,1.6947726011276247,1.6787828207015991,0.6204082369804382,0.6347177624702454,0.46407412830393885,0.5078004245040316,0.8687061071395874,0.8681885004043579,0.8483834970282956,0.823765887719132,0.3305665850639343,0.3306840658187866,-0.6710189171012334,-0.6624623843377092,0.8566985130310059,0.861124575138092,0.8219320647826232,0.8084715630210486,0.7235875129699707,0.7137669920921326,0.8681502085748241,0.8120705580877315,0.8047553300857544,0.7859336733818054,0.7075068458856131,0.6456733987632541,0.2762630581855774,0.2823631465435028,-0.883685230907479,-0.848455500691963,0.7687336206436157,0.7812517881393433,0.6281549125952405,0.6355365031424383
211,8.791666666666666,211,8.791666666666666,0.0,0.023688655048935813,0.028399159527347093,0.550407766858948,0.5617604322773736,0.08454517688524232,0.08716194659467143,0.08552206931866284,0.08803018166523907,0.11414391079375788,0.11081576783356141,0.10063900151551669,0.0977954607550422,0.08261986670902764,0.08214586383032851,0.4918602406978607,0.4930717647075653,0.4901834726333618,0.4916284680366516,0.5018552839756012,0.5024600625038147,0.23899809271097183,0.2386537492275238,0.2966306507587433,0.2949264645576477,0.4828694760799408,0.48752373456954956,191.64381408691395,-170.30296325683605,1.6009509563446045,1.0302153825759888,1.8336762189865112,1.562778115272522,0.6208171844482422,0.633763313293457,0.4662999622636184,0.5050858912500141,0.866681694984436,0.8665148615837097,0.8462502502501721,0.8200518790059398,0.32986217737197876,0.33264294266700745,-0.6741686102880999,-0.653237683046384,0.8546574115753174,0.8632193803787231,0.8197384500967286,0.8129211960908302,0.7219278812408447,0.7131131291389465,0.862627811024591,0.8103218409756785,0.8052271604537964,0.7844096422195435,0.7107519188682251,0.6423945814690933,0.2765936255455017,0.28246361017227173,-0.882967592212875,-0.8462631620273939,0.7676885724067688,0.7804274559020996,0.6279847791989697,0.6337780225593922
212,8.833333333333334,212,8.833333333333334,0.0,0.029693329324901357,0.026962621058363022,0.5544438717793168,0.5724525736872697,0.08194277935869773,0.08354404813388915,0.08338349667417748,0.08454195652683835,0.11615322981481428,0.1138820180281858,0.1012892353698956,0.09968960516168289,0.08269406956153547,0.08198103831899091,0.4918126314878464,0.4929933249950409,0.49002063274383545,0.4915788173675537,0.5013587474822998,0.502196729183197,0.2391424924135208,0.23848693817853928,0.2963150143623352,0.2943868041038513,0.4818379580974579,0.4876512289047241,190.80403137207023,-170.70037841796886,1.2545448541641235,0.5804327726364136,1.993765473365784,1.6585421562194824,0.6225787997245789,0.6335141062736511,0.4755586230819679,0.5065616003646054,0.8659477829933167,0.8654065728187561,0.8476323762795017,0.8196778685124407,0.3307564854621887,0.3325123190879822,-0.6692900664553267,-0.6545638379264006,0.8529672622680664,0.8613545894622803,0.8189876790742889,0.8108856141224146,0.7224698662757874,0.7124425768852234,0.867441460851555,0.8110310717567142,0.8030312657356262,0.7842509746551514,0.7087916761104148,0.6435812260894699,0.27684229612350464,0.2822945713996887,-0.8808009276719221,-0.8482806422010201,0.7684736251831055,0.7806047797203064,0.6325317809408814,0.6356694775450079
213,8.875,213,8.875,0.0,0.04775923587344938,0.037220676268546325,0.5395652242021513,0.5623216029431155,0.07875282381183195,0.08296658563248997,0.07976267648993535,0.08367126156316536,0.1155584489969556,0.11250568159263445,0.10195528398022005,0.10012212911643892,0.08289622009970145,0.08235463326439958,0.4916313737630844,0.4929102659225464,0.49016669392585754,0.49196815490722656,0.5023879855871201,0.5020598471164703,0.23866835236549377,0.2382570207118988,0.2944820821285248,0.2935796082019806,0.4792092740535736,0.4875755310058594,189.51409912109364,-171.1204376220704,0.68837970495224,-0.3275536000728607,1.7522919178009033,1.3347413539886475,0.6207600831985474,0.6321392059326172,0.4685455319098584,0.5030089460951028,0.868034303188324,0.8651422262191772,0.865723481265732,0.8212654012302948,0.3283891975879669,0.3317641615867615,-0.6887294921676168,-0.6585230284223144,0.852817714214325,0.8587551712989807,0.8318435676992757,0.8073725783510111,0.7244094610214233,0.7123627662658691,0.8788149606359151,0.8132285605095682,0.8006038069725037,0.7842820882797241,0.7155886916989703,0.6453822143118539,0.2779316306114197,0.2816144824028015,-0.8884528056423062,-0.8524487788481376,0.7626175880432129,0.7801927924156189,0.6310119303604118,0.6364873693714486
214,8.916666666666666,214,8.916666666666666,0.0,0.039049830503413256,0.03632729429493243,0.5499606488032629,0.5737238890509724,0.07792576809716986,0.0832999771360259,0.07908045870392015,0.0839570083996641,0.11780093821265884,0.11251272929703889,0.10309228114068827,0.10075868123476515,0.08300323411422053,0.08247947256045533,0.4916675537824631,0.49289458990097046,0.49028587341308594,0.49214309453964233,0.5021620690822601,0.5019978731870651,0.23855169117450714,0.23799621313810349,0.2937084436416626,0.2932596504688263,0.48060908913612366,0.48739132285118103,189.56616210937491,-170.31318664550793,0.30919477343559265,-0.5000860691070557,1.7986042499542234,1.2169053554534912,0.6217434406280518,0.6334869265556335,0.47009714382245954,0.5093423955873151,0.8681337833404541,0.865283727645874,0.8569312709208775,0.8234001045203714,0.3289594054222107,0.33103758096694946,-0.6808926544035512,-0.662240107133636,0.8532359600067139,0.8572155237197876,0.8239877943521162,0.8058200741420405,0.7243149876594543,0.7116519212722778,0.8733254282417342,0.81212612275013,0.8015819191932678,0.782543957233429,0.7097654918654362,0.6431161540064351,0.2766246199607849,0.2823403477668762,-0.8866306623386446,-0.85087607933943,0.7658036351203918,0.7785371541976929,0.6306491648275213,0.6343856211972084
215,8.958333333333334,215,8.958333333333334,0.0,0.020945478568494876,0.026487445166561152,0.5453908613743496,0.5625548283259176,0.06667601858526775,0.06939510127673212,0.06739337178580462,0.06927915118728822,0.12862923439498797,0.12780642484566723,0.11649096397750125,0.11607358227101809,0.08323918641252892,0.0822063343742632,0.4918464571237564,0.49318885803222656,0.49066606163978577,0.4922054708003998,0.5019318461418152,0.5022939443588257,0.23947978019714355,0.23857159912586212,0.2936657667160034,0.29277440905570984,0.48091910779476166,0.48687393963336945,190.7629394531249,-169.48101806640636,0.3954718112945557,0.4966208338737488,1.5350669622421265,1.2854148149490356,0.6221064329147339,0.6340803503990173,0.47311907114874713,0.5099186920482166,0.869138777256012,0.8666260838508606,0.8597216813600589,0.8265194522441357,0.3275493383407593,0.3314494490623474,-0.6865319226878082,-0.6610454310336787,0.8534557819366455,0.859009861946106,0.8249913156281046,0.8099429676798184,0.7247639298439026,0.7117130160331726,0.8772745660651541,0.8103013226232709,0.800947904586792,0.7832109332084656,0.7087113737526463,0.6449688127872357,0.2759331464767456,0.28126174211502075,-0.8897413150120167,-0.8552357929415312,0.7655383348464966,0.7787584662437439,0.6302960403008165,0.6352781484609028
216,9.0,216,9.0,0.0,0.023837292073807394,0.022800973986159344,0.5466425666548421,0.5641621950526516,0.05499404182862209,0.054455946262501234,0.05648883730129091,0.054785447641632595,0.14256965424825208,0.14848315363979955,0.1358567753510437,0.13900947306499953,0.08135574787025167,0.08108884414133466,0.4923478811979294,0.49334995448589325,0.49136337637901306,0.4924805164337158,0.5018612742424011,0.5025783330202103,0.2392546907067299,0.23895037174224854,0.2914130687713623,0.2901882529258728,0.48268043994903564,0.4869673252105713,187.80371093749991,-172.64474487304696,0.19553758203983307,0.15794172883033752,1.1645312309265137,1.1842408180236816,0.6218605041503906,0.6346156597137451,0.47164429971864236,0.5105037954200005,0.8694695234298706,0.868290364742279,0.8551314240792952,0.8293117628797175,0.3278483748435974,0.33323922753334045,-0.6839393231263978,-0.6547258887233118,0.8552469611167908,0.8608438968658447,0.8236875170915658,0.8131169811287464,0.7252427339553833,0.7120555639266968,0.8779772354976004,0.8099143182445954,0.8025087118148804,0.787995457649231,0.707091325122704,0.6546842055378491,0.27523934841156006,0.28066831827163696,-0.8907135453396837,-0.8579839323299625,0.7688263654708862,0.7799592614173889,0.6326248160468374,0.6372068664500753
217,9.041666666666666,217,9.041666666666666,0.0,0.07014235296673771,0.04792056845182847,0.5080611530979483,0.5306600705892015,0.05482180699702738,0.05345424449818126,0.05451343342250799,0.05435509839457146,0.13846800475038706,0.14272227043243557,0.14080868899540808,0.1417951243121996,0.08109806417915447,0.08075011855642894,0.4921363294124603,0.49329328536987305,0.4919232726097107,0.493263304233551,0.5027044862508774,0.5022991299629211,0.23681078851222992,0.23694206774234772,0.28674963116645813,0.2883050739765167,0.4834682047367096,0.48701179027557373,184.4958038330077,-174.1475524902345,0.004872459918260574,-1.2725756168365479,-0.11723654717206955,0.04886942356824875,0.6235573291778564,0.6264450550079346,0.4750330848290536,0.4801013467712569,0.8710122108459473,0.8724209070205688,0.8568613191224368,0.8383878304205893,0.3305874168872833,0.3313574194908142,-0.6765360287049729,-0.6610716009187068,0.853524923324585,0.8611777424812317,0.818196857752328,0.8139303593446434,0.7244102954864502,0.7137448787689209,0.8714531816957767,0.8177101965610988,0.8058220148086548,0.7893214821815491,0.7127255397275682,0.6576200606065679,0.2754000425338745,0.28150975704193115,-0.8934595867097733,-0.8538441777586668,0.7703863978385925,0.7797307968139648,0.634377251475817,0.6367572591101114
218,9.083333333333334,218,9.083333333333334,0.0,0.050357216393200795,0.04745349008373614,0.5019895068288321,0.5191893711197082,0.06252087380841999,0.06654294010224086,0.061844509314638835,0.06657324875629558,0.1300202089061718,0.12583775750648685,0.1332910880245615,0.13084244908172726,0.08187969057960026,0.08015804004341068,0.49229277670383453,0.4936382323503494,0.49283021688461304,0.4947010278701782,0.5020643472671509,0.5023210644721985,0.2346264198422432,0.23444482684135437,0.28545570373535156,0.2872374653816223,0.48332394659519196,0.48717018961906433,185.0657958984374,-173.46134948730477,-1.9827150106430056,-5.143977165222168,-0.6080743670463562,-1.1159446239471436,0.6195537447929382,0.6296148300170898,0.4566394084535829,0.4902605901378473,0.873570442199707,0.8680065870285034,0.853171325407974,0.8250510567359186,0.3358832597732544,0.33430570363998413,-0.6458866509442291,-0.6470961841786017,0.859113335609436,0.8626693487167358,0.8215646641563998,0.8134883643590105,0.7240057587623596,0.7145941853523254,0.8626071542692266,0.8175510015562597,0.8081039190292358,0.7875062823295593,0.7100459905944446,0.6506536989434013,0.27506381273269653,0.28205934166908264,-0.8822701621710924,-0.848318389702694,0.7760769128799438,0.7822032570838928,0.6400273649488423,0.639165126389422
219,9.125,219,9.125,0.0,0.024644887976055893,0.03218425449274042,0.5222800444897885,0.5351120935221348,0.0706061488551459,0.06999582816654774,0.07052522973619924,0.0713605359373143,0.12077070428106562,0.12014640570179902,0.13075207782633386,0.12949784061146866,0.08262848201465821,0.08054534839589393,0.49258092045783997,0.4931863397359848,0.49378108978271484,0.494230717420578,0.5021316111087799,0.5026952773332596,0.23220767080783844,0.2328280434012413,0.28566059470176697,0.28592821955680847,0.48458313941955566,0.48736344277858734,187.67495727539054,-172.27528381347668,-2.500764846801758,-3.321795225143433,-1.565007567405701,-1.3896567821502686,0.6186924576759338,0.629475474357605,0.45345569439257377,0.4880584923629964,0.8725939989089966,0.8642552495002747,0.8490799280649148,0.8161306248971343,0.3317452073097229,0.3365446627140045,-0.6628528131463226,-0.6396205431096391,0.8566054701805115,0.8637063503265381,0.8140924051885986,0.8149420253635871,0.7248575091362,0.7141779661178589,0.8664687133260185,0.8141328430753576,0.8092605471611023,0.7892741560935974,0.7104880269903826,0.6537647535088756,0.27412861585617065,0.2805948257446289,-0.8869981608815205,-0.8550074388563401,0.7811918258666992,0.7833113074302673,0.6490655505965885,0.6408526569363858
220,9.166666666666666,220,9.166666666666666,0.0,0.015785644811100116,0.022724331616534803,0.5377821886685292,0.5290098006370823,0.0840931921898738,0.0788756242585895,0.08470812767139636,0.07989821472480546,0.10408371049056965,0.10693579972410908,0.12424361979958722,0.12611855410788658,0.08189813155995297,0.08112980422067786,0.49251440167427063,0.4931122660636902,0.49498921632766724,0.4954392910003662,0.5015081912279129,0.5030479431152344,0.23107033967971802,0.23190627992153168,0.285209596157074,0.28514501452445984,0.48553046584129333,0.4880352020263672,188.60211181640614,-172.34031677246102,-4.577884674072266,-4.766814708709717,-2.6884236335754395,-2.7615416049957275,0.6180433034896851,0.6261348128318787,0.45093295768596675,0.47563336647548893,0.8685115575790405,0.8625439405441284,0.833594880627338,0.8140387315335821,0.3462630808353424,0.3375178575515747,-0.6007214086545357,-0.6396428151180188,0.8566198348999023,0.8603613376617432,0.8077114118059644,0.8092945878085241,0.7233367562294006,0.7134518027305603,0.8583662809768288,0.81304444819057,0.810949981212616,0.7905211448669434,0.7083066185824111,0.6574887256068778,0.2706643342971802,0.2808465361595154,-0.8932509794608791,-0.858632634571317,0.7867950201034546,0.7830591797828674,0.655731041467138,0.6412692680427361
221,9.208333333333334,221,9.208333333333334,0.0,0.0217315412994137,0.022097580962463517,0.5472050145562473,0.5375179610889943,0.08142013810137132,0.08113957533103269,0.08113435163802109,0.08050624356213282,0.10071812282063292,0.09851804628097519,0.13366123379483585,0.12514737925545283,0.08153849670361471,0.08177486323633523,0.49207165837287903,0.4928300529718399,0.49624183773994446,0.4969496428966522,0.5009120106697083,0.5019856244325638,0.23106977343559265,0.23132868856191635,0.28468963503837585,0.2843382656574249,0.48664841055870056,0.48791782557964325,187.93675231933582,-172.83987426757824,-6.793610572814941,-7.437776565551758,-4.45841646194458,-4.113250732421875,0.6156289577484131,0.6178338527679443,0.44428174824465827,0.4488084888095271,0.8676329851150513,0.8603261113166809,0.8299669721521872,0.811546722105045,0.3457726836204529,0.3397844433784485,-0.6008316399464032,-0.628384810005639,0.8566790819168091,0.8598482608795166,0.8061041218483922,0.8105053973794963,0.7225755453109741,0.71184241771698,0.8584700447523784,0.8130077741691928,0.8086614608764648,0.7926589250564575,0.7014987330574844,0.6640873735707535,0.2714598476886749,0.2790625989437103,-0.888634248937883,-0.863627762186022,0.7860767841339111,0.783693790435791,0.6522984844781794,0.6445506825429664
222,9.25,222,9.25,0.0,0.05099775042842083,0.04196725583975664,0.5117387450687921,0.5167118118294837,0.08199642847782071,0.08326814352435823,0.08063788952583563,0.08334624537236546,0.09606959103334306,0.09350283500621927,0.13028704927063092,0.12443217919632316,0.0815209207774042,0.08210672356285068,0.4914647340774536,0.4923793226480484,0.4955372214317322,0.496672660112381,0.5005956292152405,0.5017029941082001,0.23128961771726608,0.2308943048119545,0.2847740054130554,0.2843456566333771,0.48582471907138824,0.4881896376609802,186.6601562499999,-172.94622802734386,-9.179739952087402,-9.789836883544922,-4.7273454666137695,-4.452080249786377,0.6147264242172241,0.6146092414855957,0.4431606709127423,0.4379757615021207,0.8664005994796753,0.8580074906349182,0.8312318130418452,0.8069423392309474,0.3475109934806824,0.33720195293426514,-0.5944152923615439,-0.6381176458307312,0.8576762080192566,0.8572854995727539,0.8121765021179091,0.8053669551549174,0.7229276895523071,0.7142029404640198,0.8632974564198408,0.8243106824129819,0.8082863688468933,0.7905648350715637,0.7043020737199641,0.6597825041754027,0.271638423204422,0.2774980962276459,-0.889022362669933,-0.8697154777761245,0.7881975173950195,0.7882035970687866,0.6604251669744421,0.6546302842322076
223,9.291666666666666,223,9.291666666666666,0.0,0.08598643059765694,0.08157151984298978,0.5301190170809237,0.5425002721291386,0.08365488803568612,0.08129825122604332,0.08319694269647318,0.08141525883703096,0.09560379169795441,0.09144856332291387,0.13170993216007285,0.12542407271167821,0.0818549809633828,0.08217620483271877,0.49073004722595215,0.49164871871471405,0.4951015114784241,0.4958764612674713,0.5010474026203156,0.5019807070493698,0.23199959844350815,0.23137323558330536,0.28463250398635864,0.284259170293808,0.48695339262485504,0.48802071809768677,185.75657653808582,-173.92077636718759,-10.506470680236816,-10.363450050354004,-4.867302417755127,-4.505221366882325,0.6169353127479553,0.6173021197319031,0.45002502546019213,0.4470388398664959,0.8687648177146912,0.8577519059181213,0.8340075471258019,0.8062020838047086,0.3458609879016876,0.33619004487991333,-0.6026320619459498,-0.6426808651829627,0.8562421798706055,0.8576558232307434,0.8066537965945462,0.805992574665817,0.7221320867538452,0.7170498371124268,0.8585333922793777,0.8337068733207396,0.8062760829925537,0.7898460626602173,0.6975106459229571,0.6581327995775249,0.27271631360054016,0.2791266143321991,-0.8866732003045275,-0.8638849694118754,0.7873545289039612,0.78889399766922,0.6561794602217377,0.6560568135505297
224,9.333333333333334,224,9.333333333333334,0.0,0.10502928099637054,0.11135113728546454,0.5545822319877073,0.5644260198693279,0.08430143821696649,0.08273375703931464,0.08287216534943254,0.08285595544965985,0.09326043286891425,0.09007761444928263,0.12844371031835397,0.12511261543167923,0.0821166550683122,0.08273980104634457,0.4901493191719055,0.49078263342380524,0.4940626919269562,0.49520599842071533,0.5009805262088776,0.501991868019104,0.2330755516886711,0.23308849334716797,0.2855038046836853,0.28683504462242126,0.4885397404432297,0.48898571729660034,184.88029479980457,-173.96707153320324,-9.06594467163086,-10.45698356628418,-4.503182888031006,-4.80232048034668,0.6228887438774109,0.623388409614563,0.47392764566703777,0.4652973883732075,0.8654028177261353,0.8633950352668762,0.8241099889233581,0.8072229035014158,0.34763747453689575,0.336883544921875,-0.5961329994660367,-0.6328390457104597,0.863381028175354,0.8649713397026062,0.8196888156518547,0.810621400767216,0.7195597887039185,0.7189033031463623,0.8497438256998715,0.8313937361521433,0.8050445318222046,0.7894518375396729,0.6921207617314867,0.6478020774196487,0.2737962603569031,0.27998143434524536,-0.8831964432502071,-0.8509375442035966,0.7884042263031006,0.788091778755188,0.6557323681114463,0.644869803706761
225,9.375,225,9.375,0.0,0.02183818455065218,0.031282417448488704,0.5521802265912108,0.5579861167354326,0.08824758847848592,0.08408904157503742,0.08820373182029474,0.08398771933520328,0.09685257042476138,0.09458213120761637,0.1283862779827721,0.12904612276058008,0.08232809607746293,0.08264265730861464,0.4893125742673874,0.4898979812860489,0.49202391505241394,0.4934840798377991,0.5010587126016617,0.5027503818273544,0.23577697575092316,0.23527457565069199,0.2926194369792938,0.2923148274421692,0.4878372400999069,0.4887009412050247,188.28384399414054,-171.48899841308605,-3.6419959068298335,-5.403995990753174,-3.909684896469116,-4.706231117248535,0.6237170100212097,0.6205285787582397,0.47993585238312386,0.4552934343122726,0.875361442565918,0.8690245747566223,0.8529186676937007,0.8269939386271664,0.34537622332572937,0.3344254493713379,-0.6091524973333226,-0.6506912024069565,0.8670726418495178,0.8655267357826233,0.834675490057768,0.8193880699022121,0.7219745516777039,0.7207261919975281,0.8643967327317236,0.8426258662086343,0.8009458780288696,0.786069929599762,0.6891342543416579,0.6466133819811021,0.2736908197402954,0.2819115221500397,-0.8896422481043166,-0.8536935143530296,0.7780123949050903,0.7850396633148193,0.6386589659673133,0.6443731215879654
226,9.416666666666666,226,9.416666666666666,0.0,0.0196013442725587,0.02632457936802552,0.5629539884120005,0.5650903241468627,0.09086351891323455,0.08609162283770969,0.0901806795059411,0.08566982594739417,0.09168385426306545,0.09380199890817338,0.1240915075985469,0.1278653104315035,0.08242223981608074,0.08223481526433594,0.48875024914741516,0.4890784025192261,0.49137386679649353,0.492329478263855,0.5014357715845108,0.5019113123416901,0.23652935773134232,0.23648539185523987,0.2925735116004944,0.2926899194717407,0.4873541593551636,0.48687680065631866,188.21148681640614,-171.6976776123048,-2.3408703804016113,-3.8633289337158203,-3.9480268955230717,-4.489480018615723,0.6256315112113953,0.627437949180603,0.4889200840891054,0.48657053453165816,0.8693079352378845,0.8716667294502258,0.8457938327100846,0.8389887469577744,0.33148622512817383,0.33217480778694153,-0.6690386223711563,-0.6579382976437468,0.8674519658088684,0.8579819798469543,0.8416839964003572,0.8091507754753423,0.722039520740509,0.7180755734443665,0.8684484984086749,0.8379031153869398,0.7986634969711304,0.7820112705230713,0.6893596409987938,0.6435056651136409,0.2722105383872986,0.28199493885040283,-0.902388605493401,-0.8524471785158843,0.7724800705909729,0.7811221480369568,0.6313793775483924,0.6415670391135911
227,9.458333333333334,227,9.458333333333334,0.0,0.029225687678045474,0.0307080920385939,0.546882873928556,0.56522286516021,0.08683094467394821,0.08419284416542716,0.08759000245369768,0.08423986613119479,0.09373797347609364,0.09363611956247694,0.12512026552771838,0.12683036651747814,0.08267056501470683,0.08258539828574432,0.4877779334783554,0.488204762339592,0.489935964345932,0.4908994138240814,0.5013421177864075,0.5013565719127655,0.2366509512066841,0.2367529198527336,0.2921755313873291,0.2927341163158417,0.48453032970428467,0.4862634986639023,187.709991455078,-171.89639282226574,-2.486057996749878,-2.6432201862335205,-3.4742178916931152,-4.196784973144531,0.6205980777740479,0.6306483745574951,0.47173329513656914,0.49930789823434163,0.8723509311676025,0.8750523328781128,0.8629186187119492,0.8445663149547686,0.3329712152481079,0.3339563012123108,-0.6660141821653347,-0.6464777783087942,0.8683806657791138,0.8637100458145142,0.8540845961973442,0.8199274551278819,0.7221308946609497,0.7187566161155701,0.8733602685768908,0.8395703124754922,0.7952147722244263,0.782307505607605,0.6912871285929622,0.6430966478608511,0.2719600796699524,0.2820170223712921,-0.9073520912248912,-0.8470604264228244,0.7714191675186157,0.7784020900726318,0.6383408171626866,0.6346129103754219
228,9.5,228,9.5,0.0,0.04976907863700285,0.038039582513466265,0.5632545257342334,0.5718263845987832,0.08463356041815515,0.08202782298453833,0.08459886091300856,0.08233179669027518,0.09290642776290993,0.0919431029227687,0.12636521634135942,0.12545374460568526,0.08318350568751448,0.08225638652853569,0.48736096918582916,0.4877663254737854,0.49030157923698425,0.49043285846710205,0.5016246140003204,0.5010711997747421,0.23577840626239777,0.23556825518608093,0.29129064083099365,0.2921702563762665,0.4851250946521759,0.4872001111507416,187.40374755859364,-172.06643676757824,-3.9045863151550297,-2.925288200378418,-4.168162822723389,-4.193532466888428,0.6211174130439758,0.63088059425354,0.47059066561814256,0.5031605337757539,0.8703134059906006,0.874319314956665,0.8532910703858012,0.8440490545942485,0.33304721117019653,0.32920974493026733,-0.6638973464587021,-0.6661605787641784,0.868256688117981,0.8558977842330933,0.8487349118956561,0.8038839699419129,0.7216237783432007,0.7185269594192505,0.866408302526479,0.8428908904063481,0.7965235114097595,0.7831838130950928,0.689827496136215,0.645343246589961,0.2714517116546631,0.28291410207748413,-0.9064748686866905,-0.845609381085668,0.7723079323768616,0.7811132073402405,0.6361837672255547,0.6408286350371416
229,9.541666666666666,229,9.541666666666666,0.0,0.07457029975665601,0.07738424454045642,0.5895494839093398,0.6025115036283065,0.08483589080979692,0.08248366173687442,0.08483103020295549,0.0827678617708069,0.0920175227079642,0.09352995135682737,0.12546646932837224,0.127101048344802,0.08281455836170935,0.08236817096806,0.4868201017379761,0.4872419536113739,0.4895908534526825,0.49042513966560364,0.5002159476280212,0.5010769218206406,0.2341669201850891,0.2341267615556717,0.28778478503227234,0.2889522910118103,0.4859711229801178,0.48852264881134033,186.30982971191395,-172.50177001953136,-4.145195007324219,-5.57489538192749,-4.036767959594727,-4.3860297203063965,0.6217322945594788,0.6245218515396118,0.47658221411207746,0.4775304489132413,0.8714762926101685,0.8771611452102661,0.850463850852388,0.8456607151948216,0.336542546749115,0.33301079273223877,-0.6419204802636275,-0.650141680613402,0.8695411682128906,0.8620234727859497,0.8461947684212323,0.8127217886413589,0.7223609685897827,0.7191629409790039,0.871243817127315,0.8436370361057457,0.7952538132667542,0.7845211625099182,0.6823092619888316,0.6440800824167542,0.27052491903305054,0.28134000301361084,-0.9008389548709638,-0.8500233239195353,0.7762635350227356,0.7824965715408325,0.6404147650105805,0.6396746592207553
230,9.583333333333334,230,9.583333333333334,0.0,0.10646578822076631,0.10964733845527708,0.6151782061095762,0.625880349135809,0.08840322790112164,0.08676924760029743,0.08722744641283749,0.08647753051505798,0.09395334706708747,0.09431039495138395,0.12266173656151726,0.12451281807621474,0.08324534717734028,0.08198730784991283,0.4866764545440674,0.4870770126581192,0.4892837703227997,0.4901405870914459,0.49981702864170074,0.5007682591676712,0.234316885471344,0.23356229066848755,0.2872738242149353,0.2880936563014984,0.4857819229364395,0.4889580011367798,186.6211700439452,-172.1279754638673,-3.4710853099823,-5.31558656692505,-3.6323041915893555,-4.011853218078613,0.6225708723068237,0.6256245970726013,0.4809659431198505,0.48357156335498686,0.8701385259628296,0.8755769729614258,0.8471027642315478,0.8422787610773315,0.3368535041809082,0.3330892324447632,-0.6385128391599956,-0.6494248546355732,0.8699382543563843,0.8625292181968689,0.8466613756094165,0.8138532374511491,0.7217477560043335,0.7186330556869507,0.8695542103303648,0.8437955334959738,0.7940685749053955,0.7837924361228943,0.6794483898606551,0.6423191843148163,0.27159202098846436,0.2810787558555603,-0.894216040590357,-0.8508626662605582,0.7763556838035583,0.7815361022949219,0.6404100621807001,0.6374035898931761
231,9.625,231,9.625,0.0,0.1057387586549419,0.11162328776972207,0.6190080630908135,0.6248671443362164,0.08641777574806292,0.0850718590213868,0.08597450665774484,0.08461971755022175,0.09579980961888503,0.09506107367562183,0.12366329484132918,0.12106088920380713,0.08300445468143958,0.0822193163231994,0.4867352396249771,0.48716606199741364,0.48921796679496765,0.49009206891059875,0.5000288337469101,0.5007026344537735,0.23403635621070862,0.23392239958047867,0.2888612747192383,0.2888871431350708,0.48603343963623047,0.48744238913059235,188.2777099609374,-171.7592010498048,-3.7946116924285893,-5.738646507263184,-3.4472687244415283,-3.6185662746429443,0.6225225329399109,0.6331204771995544,0.48021018954528444,0.5164284888772016,0.8699356317520142,0.8691480159759521,0.8465658391593729,0.8373649388091968,0.3339384198188782,0.3285350799560547,-0.6511217285418734,-0.6714520351584045,0.8695402145385742,0.8560459613800049,0.845693880853355,0.8086223676407218,0.7216205596923828,0.7176386713981628,0.8687026795580879,0.846048745540142,0.7957912683486938,0.7816352844238281,0.6830656390757571,0.6453842920820321,0.2719319462776184,0.2824053168296814,-0.894204765534395,-0.8513577289050672,0.775636613368988,0.7776603698730469,0.6386213958381035,0.6366643418232554
232,9.666666666666666,232,9.666666666666666,0.0,0.10310587225764982,0.11142389436667482,0.6226913587774855,0.6261862705124882,0.08631926289145145,0.08326603414264715,0.08590044847702011,0.08300433239482036,0.09561555360229834,0.09350820004790555,0.12044524922498608,0.1183484340666331,0.08306692771670167,0.08253532355639188,0.4865187555551529,0.48726314306259155,0.48884937167167664,0.4894340932369232,0.5001096427440643,0.5002077370882034,0.23494349420070648,0.23536185920238495,0.2912960648536682,0.2920573055744171,0.4851038157939911,0.48605820536613464,189.68121337890614,-170.290008544922,-3.6230757236480713,-3.5272021293640137,-3.2551281452178955,-3.2966184616088867,0.6208572387695312,0.6349145770072937,0.4740894723913725,0.5264030281854436,0.8715487718582153,0.8653727173805237,0.8534773269996353,0.8337785459293012,0.33223551511764526,0.3281274437904358,-0.6591216654763474,-0.672449799411759,0.8671280145645142,0.855040967464447,0.8437139284634796,0.8110681271367696,0.7207860350608826,0.7169762849807739,0.8664384041289432,0.8470811140291581,0.7937334775924683,0.7802989482879639,0.6816195027288421,0.6467762529929612,0.27219533920288086,0.28300702571868896,-0.894856506240485,-0.8487699084739769,0.7760042548179626,0.7781029343605042,0.6424638883886425,0.6419491524173618
233,9.708333333333334,233,9.708333333333334,0.0,0.09197252366895683,0.09858854246128973,0.625900913909435,0.6235100065105023,0.08793752944322004,0.0811003144091267,0.08774349088124468,0.08090787438305855,0.09414273578846483,0.09347271994811501,0.1152338122239075,0.1189332702179022,0.08337561059320969,0.08269855985774087,0.4866723120212555,0.4873345345258713,0.48818764090538025,0.489534854888916,0.5007398426532745,0.5003580152988434,0.23768693953752518,0.23674346506595612,0.2937394082546234,0.2940075695514679,0.485178142786026,0.48584674298763275,189.29724121093741,-169.6250457763673,-2.062682867050171,-3.3743956089019775,-2.584223747253418,-3.367353677749634,0.6217057108879089,0.6357694864273071,0.47635703458560824,0.5277117087819754,0.8694499731063843,0.864713728427887,0.8511984259168163,0.8305208947561677,0.3313310444355011,0.32977694272994995,-0.6671226679843301,-0.664771075456332,0.8656867146492004,0.8575858473777771,0.8428624527272058,0.8148957429879984,0.7204772233963013,0.7166471481323242,0.8653138989200205,0.8428998439153338,0.7891919612884521,0.7790874242782593,0.6734193436726558,0.6428179872189075,0.272087961435318,0.28292226791381836,-0.9004187187590578,-0.8473683126445127,0.7747100591659546,0.7783409357070923,0.6413405616274701,0.641181596665293
234,9.75,234,9.75,0.0,0.05962373688075653,0.06953731476564973,0.5962934256203274,0.6042566384865518,0.08149379358001069,0.0805152361362309,0.08205995323284837,0.0808076672465709,0.1010623754356859,0.09565520758425336,0.1230440352008198,0.11938840654555587,0.083662465296262,0.08304029095394909,0.48640258610248566,0.4873182773590088,0.4879240095615387,0.48924756050109863,0.5007256120443344,0.49998849630355835,0.23818574845790863,0.23758229613304138,0.2943606376647949,0.2951085865497589,0.48480793833732605,0.48614245653152466,188.8363037109374,-169.75262451171886,-1.8658862113952634,-3.085088014602661,-2.659085988998413,-3.0977721214294434,0.6207375526428223,0.6358317136764526,0.4734005907175895,0.5295243162710019,0.8702776432037354,0.8633548021316528,0.8552973279665321,0.8270968636224231,0.3309839069843292,0.3284832835197449,-0.6695652369596778,-0.6685367314804389,0.8637219667434692,0.8559226393699646,0.8407513014210168,0.8108006883200376,0.7200367450714111,0.7166305184364319,0.865097417875352,0.8444824913898676,0.7903774976730347,0.7782157063484192,0.6780113308731182,0.6404161255306482,0.27210476994514465,0.28321579098701477,-0.9018206118522915,-0.844991901611587,0.7739308476448059,0.7782624363899231,0.6415187721958551,0.640518588430433
235,9.791666666666666,235,9.791666666666666,0.0,0.04542604293160275,0.05243204717371711,0.5545426803083371,0.5516533713126571,0.08461250780613562,0.08148929338023726,0.08486133516366834,0.08187267747004073,0.10025239846963495,0.09654189048819904,0.12245818800378079,0.11992435311823027,0.08387153882291168,0.0828495052748675,0.4867664575576782,0.4875263273715973,0.4881005883216858,0.4891248345375061,0.5000671893358231,0.4998754858970642,0.2384999468922615,0.23770402371883392,0.2950226664543152,0.295364648103714,0.4839467406272888,0.48568806052207947,188.48094177246082,-170.71922302246105,-0.7367843985557556,-1.8552536964416504,-2.624335527420044,-2.9360811710357666,0.6204426288604736,0.636788010597229,0.47510291077495587,0.532950871433358,0.8697788715362549,0.8630631566047668,0.856585510042072,0.8263038209957044,0.3314001262187958,0.32906419038772583,-0.6657023472163764,-0.6649065086757043,0.8632630109786987,0.8569530248641968,0.8421196548373531,0.812925022933964,0.7197228670120239,0.7162539958953857,0.8669463824540204,0.842283171065636,0.7903039455413818,0.7784078121185303,0.6801433100145774,0.640941736049437,0.27059370279312134,0.2830330729484558,-0.9056957285691932,-0.8440889772338981,0.7740364670753479,0.7786814570426941,0.6440278980967094,0.6415409113760014
236,9.833333333333334,236,9.833333333333334,0.0,0.06021423722106137,0.05540123258623386,0.5242190555076621,0.5277083795699953,0.08209180489449547,0.08166388412675234,0.0810662623934024,0.08101203455561386,0.10090093096327375,0.09551477263216407,0.12379427967953262,0.1193937182434401,0.08362370695991497,0.08300451340425884,0.4868365228176117,0.4873146712779999,0.4885476231575012,0.4892301857471466,0.4999755024909973,0.5000258535146713,0.23799651116132736,0.23752058297395706,0.2939516305923462,0.29444631934165955,0.4838465750217438,0.48638637363910675,187.92942810058582,-171.37049865722668,-1.4445970058441164,-2.396477699279785,-2.9512414932250977,-3.2094719409942627,0.6208074688911438,0.6374406814575195,0.47737166726915703,0.5334066987445212,0.8708683252334595,0.8632655739784241,0.8600678141357353,0.8229047393354815,0.3313562273979187,0.3289451599121094,-0.6661653110761756,-0.6640883619300483,0.8637515306472778,0.8564041256904602,0.8442523568389764,0.8079229671660775,0.719580352306366,0.7161883115768433,0.8675943661265143,0.8390834153312717,0.79154372215271,0.7782989740371704,0.6837869256804389,0.6373826470737471,0.27053433656692505,0.2830459177494049,-0.9064547667348141,-0.8422566397163885,0.7726913690567017,0.7793698906898499,0.6418918587759843,0.6397209623432811
237,9.875,237,9.875,0.0,0.06225591823461227,0.06374211179424476,0.5056945142049734,0.5169717037258912,0.08505418957562016,0.08539754134777505,0.08412821109596993,0.08407599859006583,0.09898575023856232,0.09498441454296709,0.1232058579010383,0.1189857461384139,0.08304588015853405,0.08252084614329423,0.48708757758140564,0.48738181591033936,0.4886587858200073,0.48906126618385315,0.4996092617511749,0.4998716861009598,0.23756379634141922,0.2372865304350853,0.2932744026184082,0.2941514551639557,0.48367445170879364,0.4869144856929779,187.54357910156241,-171.7552795410157,-0.9951626062393187,-1.3850592374801636,-2.963334083557129,-3.1315319538116455,0.6201275587081909,0.6378542184829712,0.47696704267191364,0.5344848213679222,0.8703579306602478,0.8632519841194153,0.8608223401350449,0.8199951537038516,0.3316715359687805,0.3292926549911499,-0.6646356814023363,-0.6607495992277204,0.8640817999839783,0.8571926355361938,0.8468506196198844,0.8067925456894522,0.7184118628501892,0.7159655094146729,0.8659401286788911,0.8370542746148258,0.7880287170410156,0.7793391942977905,0.6775436892825143,0.6371590523979592,0.2717092037200928,0.282987117767334,-0.9019445133929493,-0.8401172797896078,0.7713965773582458,0.7796766757965088,0.6405177541636976,0.637894384897566
238,9.916666666666666,238,9.916666666666666,0.0,0.06755355842343876,0.06481899558487486,0.500502033623982,0.5117768097735956,0.08225647105772696,0.08278601612316965,0.08126424993108575,0.08064893045900971,0.10033446552101397,0.09877982549373368,0.12261558544089493,0.12299404286178786,0.08312376025768159,0.08232149956961314,0.4872210770845413,0.48754237592220306,0.48890310525894165,0.4895547330379486,0.4997786581516266,0.5000173449516296,0.23734746128320694,0.23724979162216187,0.29181742668151855,0.2933719754219055,0.4832361340522766,0.4873162508010864,186.51124572753895,-172.32456970214852,-2.150362491607666,-2.6240153312683105,-2.82037353515625,-3.358745098114014,0.6206107139587402,0.6380606293678284,0.4787248617877401,0.534283968127625,0.8690468072891235,0.8631783127784729,0.8598062202381433,0.8182911944615304,0.331474244594574,0.3300929665565491,-0.6668057294910581,-0.6576768406699123,0.8633376359939575,0.8582544326782227,0.8470829304680458,0.8075713902136051,0.7182013392448425,0.715798020362854,0.8653694346190335,0.8351594645950011,0.7868877649307251,0.7790330648422241,0.6767090159127616,0.6350981499712959,0.2720285654067993,0.2827335000038147,-0.9023237330784006,-0.8409773454732682,0.7712982296943665,0.779949963092804,0.6419666401915636,0.637094333785963
239,9.958333333333334,239,9.958333333333334,0.0,0.05586980300450934,0.05589257183849468,0.4932420881626444,0.505937006263331,0.08622622929126561,0.08679107032693874,0.08517570248432058,0.08452151581173832,0.10232708871545754,0.09699057396825969,0.12401023341577769,0.11872065580796508,0.08301596740597199,0.08229046130615476,0.48739026486873627,0.48767539858818054,0.48894116282463074,0.4896344542503357,0.4999368041753769,0.5000266134738922,0.2367362454533577,0.23699884861707687,0.2927210032939911,0.29310867190361023,0.48340554535388947,0.4876580387353897,187.56346130371082,-172.11155700683602,-1.4838248491287231,-2.49463152885437,-2.823540210723877,-3.2026453018188477,0.6225570440292358,0.6356152296066284,0.4842019881331025,0.524765731045966,0.8676719665527344,0.8645868301391602,0.8535311381155504,0.8205859504166931,0.33082646131515503,0.33057522773742676,-0.6677817978857354,-0.6558240864830176,0.8628556728363037,0.8596143126487732,0.8428332045192224,0.8097606219093734,0.7182223796844482,0.7152481079101562,0.8619646297237653,0.8329671626273293,0.7870341539382935,0.7793291807174683,0.6744187302157806,0.6349773397811395,0.271321177482605,0.28227949142456055,-0.9027558671787385,-0.8427420453462725,0.7713221311569214,0.7794229388237,0.6395192439561098,0.6351814541562311
240,10.0,240,10.0,0.0,0.04905210898845177,0.051049036560225115,0.49790174680967625,0.5092956293511718,0.08283285259585169,0.08416638309894503,0.08239386897119978,0.08241363603892378,0.10399318916861221,0.09861434391336238,0.12355812157362339,0.11737577811538821,0.08315827753645899,0.08188931215404652,0.48745235800743103,0.48783206939697266,0.48893702030181885,0.4892920255661011,0.5003829598426819,0.499700129032135,0.23651080578565598,0.23686372488737106,0.29169151186943054,0.292691171169281,0.4832662343978882,0.4879644513130188,187.25285339355457,-172.105194091797,-1.8305304050445559,-0.9768596887588502,-2.537637710571289,-2.711639404296875,0.6235067844390869,0.6351302862167358,0.4865096496749263,0.5247492155292147,0.8688902854919434,0.8660042881965637,0.8571088919887913,0.8239417496195507,0.33110177516937256,0.33051300048828125,-0.668895155928846,-0.6555468503223634,0.8626015782356262,0.8608436584472656,0.8431312707973444,0.812694103498898,0.7183509469032288,0.7147835493087769,0.8612754629153373,0.8333805291953214,0.7872569561004639,0.7785724401473999,0.675666234806028,0.6333831290044163,0.27150827646255493,0.2817794382572174,-0.9043720205713658,-0.8443740589907935,0.7715394496917725,0.7790438532829285,0.6407316541838914,0.6344105788279139
241,10.041666666666666,241,10.041666666666666,0.0,0.03984887749881397,0.045531055803761794,0.49748982433761885,0.5057408520856614,0.08511325250980585,0.08477003652946612,0.0849443752928092,0.08302075710465547,0.1046154193622077,0.10093829646768679,0.12252805572010127,0.11628301343242206,0.08281982588119527,0.08206332264477768,0.487806111574173,0.4880444407463074,0.48901090025901794,0.4895431101322174,0.5005066245794296,0.49941888451576233,0.2360680177807808,0.23653608560562134,0.29121991991996765,0.2916010916233063,0.48361852765083313,0.4878843128681183,187.554229736328,-172.7033691406251,-1.1669261455535889,-2.2164671421051025,-2.2414350509643555,-2.437197685241699,0.6250418424606323,0.630508303642273,0.4920161025461776,0.5080931880193402,0.8685860633850098,0.8708654046058655,0.8555270889691082,0.8349790768483453,0.3327436149120331,0.3296353816986084,-0.6628012828203197,-0.6580686816241492,0.8647802472114563,0.861845076084137,0.8470692879082935,0.8153128694443014,0.71900874376297,0.7149543166160583,0.8632623197505396,0.8353998786223813,0.7854527235031128,0.7805637121200562,0.670776901840213,0.638102454330188,0.2713645100593567,0.2813253402709961,-0.9052990152785798,-0.8453149378503156,0.7724422216415405,0.7777448892593384,0.6418631993836401,0.6319568294917355
242,10.083333333333334,242,10.083333333333334,0.0,0.03768364949295266,0.04352718576911517,0.49957850397155423,0.5014978158943985,0.08271230624396456,0.08441083655791447,0.08231571780400507,0.08331575302878755,0.11304847807809575,0.1073788305038641,0.12826821266118174,0.12279650632194412,0.08270747623927138,0.08185004321541446,0.4877820461988449,0.48799924552440643,0.4890938699245453,0.4892643988132477,0.500495970249176,0.4989975541830063,0.23537803441286087,0.23578611016273499,0.2895081043243408,0.2900756597518921,0.48310819268226624,0.4890480637550354,186.9933166503905,-172.68653869628918,-2.3469388484954834,-1.6625595092773438,-2.064030170440674,-2.2486817836761475,0.6267130970954895,0.629639208316803,0.4999271146636042,0.5058085495175946,0.8670138716697693,0.8698164820671082,0.855333468182967,0.829254700486655,0.33223670721054077,0.3304661512374878,-0.6664497123972223,-0.652507234673672,0.8629541397094727,0.8653193712234497,0.8462884740410418,0.8194606888870458,0.7192059755325317,0.7134360074996948,0.8662775379327469,0.8302467061678994,0.7846649885177612,0.7789688110351562,0.6718619550416003,0.6314025294335212,0.2720589339733124,0.28114238381385803,-0.9048048492401027,-0.8434752947668063,0.7704367637634277,0.7811475396156311,0.6401617810371231,0.6361474631768512
243,10.125,243,10.125,0.0,0.039615912083071886,0.03753757639045668,0.49279399343749686,0.4940176365388245,0.05979787128359645,0.05338143397882556,0.05773548211255472,0.0520988388991453,0.14610245675498376,0.15909170599902556,0.16633546705843208,0.1748199793744806,0.0813598899413764,0.08180473799169155,0.48821963369846344,0.4889073371887207,0.48855435848236084,0.4886476397514343,0.5000758320093155,0.49872227013111115,0.23573940992355347,0.23682407289743423,0.2873415946960449,0.2878187298774719,0.48388102650642395,0.4872688204050064,186.10885620117176,-173.89248657226574,3.1412386894226074,3.1794135570526123,-2.059579610824585,-1.315986156463623,0.629665732383728,0.6344038248062134,0.5100939820812143,0.5270749715189029,0.8657814860343933,0.8644262552261353,0.8455742549997675,0.824132009981266,0.3304281532764435,0.32890933752059937,-0.6677700943180273,-0.6596633332625795,0.8612563014030457,0.862770140171051,0.8355549436113558,0.8205132097055825,0.7191145420074463,0.7123591899871826,0.8621839162625047,0.8299040626278126,0.7843061089515686,0.7782271504402161,0.6651778203822567,0.6357771349951833,0.2721671462059021,0.28117090463638306,-0.897098066720282,-0.8451103029192634,0.7691344618797302,0.7795966863632202,0.6315859410068154,0.6387697271828523
244,10.166666666666666,244,10.166666666666666,0.0,0.03892489722586496,0.04539303693314419,0.4872556005887237,0.4923693020189725,0.050364814972331994,0.04924499800002395,0.04829440493506763,0.04739079081773291,0.16347160617875173,0.16465780238437003,0.1835476753574844,0.18081356002509646,0.08164520047298764,0.08172841362002967,0.4883248955011368,0.48963654041290283,0.48878321051597595,0.49002787470817566,0.5006078481674194,0.500345915555954,0.2348659634590149,0.23336540162563324,0.2835162580013275,0.279635488986969,0.48324476182460785,0.4877774268388748,184.68251037597645,-176.6768035888673,1.5713294744491577,1.1718218326568604,-2.0833816528320317,-1.704215407371521,0.6317598223686218,0.6335585713386536,0.5173767799157554,0.516537910235806,0.8637048602104187,0.866400420665741,0.844235759742427,0.8258215781212105,0.3313315510749817,0.3328334093093872,-0.6677720715922343,-0.6495370834442988,0.857491135597229,0.8676381707191467,0.8304475897295843,0.8285212575360602,0.719127357006073,0.7108731269836426,0.8620298742760254,0.8163284877077931,0.7838691473007202,0.778891921043396,0.6670814036644619,0.6349551795258053,0.2719827890396118,0.2806366980075836,-0.9018949018497493,-0.8519321188003676,0.7664921879768372,0.7814108729362488,0.6285221683621173,0.6404493118455088
245,10.208333333333334,245,10.208333333333334,0.0,0.04545162610579963,0.05026904797028317,0.4932152289652991,0.4898274384736063,0.051686171813855944,0.0428755030857959,0.048249054671119944,0.039907444663918754,0.1579165736312562,0.16693365867517612,0.16914386785910235,0.17592390761112728,0.0812792612066173,0.0818802557613736,0.4894866794347763,0.4900081008672714,0.49017438292503357,0.48971933126449585,0.5003835260868073,0.499141588807106,0.2292284369468689,0.22856725007295609,0.276063472032547,0.2737865746021271,0.48466014862060547,0.48664672672748566,183.24806213378895,-177.584442138672,-1.1137810945510864,2.8361892700195312,-1.4651083946228027,-0.862785816192627,0.6257628202438354,0.6409995555877686,0.49136717605782443,0.5520946977630993,0.8691223859786987,0.8514630794525146,0.8475328433787723,0.7986503186553636,0.34285134077072144,0.32972702383995056,-0.6173758239541335,-0.6593417709618452,0.8596565127372742,0.8600949048995972,0.8266656744248155,0.8175469774602554,0.7191736698150635,0.7100568413734436,0.8574485587579971,0.8208576173891222,0.7849880456924438,0.7740376591682434,0.6620617886957324,0.6291517857081143,0.26999855041503906,0.2816990613937378,-0.9028892343277053,-0.8462610114717399,0.7727854251861572,0.7832470536231995,0.6351615611846169,0.6493128496547661
246,10.25,246,10.25,0.0,0.0694529872484857,0.06533176416479858,0.5096898969698205,0.5112575578916789,0.05180336125709682,0.05238423632929561,0.0495651456760348,0.049079522053584956,0.15308081200383333,0.15755867222877837,0.1519124240885451,0.15361039066525,0.08231337874332166,0.0826963961132394,0.49014005064964294,0.49099814891815186,0.489825040102005,0.4898734986782074,0.4996403306722641,0.4992929995059967,0.22543535381555557,0.2252931371331215,0.2694936990737915,0.2684127986431122,0.48471498489379883,0.4859844744205475,181.04718017578114,-179.65383911132824,0.22217930853366852,2.918365240097046,0.18819645047187805,0.30923375487327576,0.6293758153915405,0.642859935760498,0.5059165780147794,0.55661125231675,0.8616482019424438,0.8475805521011353,0.8268125686169564,0.7885764203153864,0.353848397731781,0.33797430992126465,-0.5685303136224392,-0.6254350770060364,0.8535597324371338,0.8640596866607666,0.8090703056765102,0.8245144676091647,0.7198881506919861,0.7098832130432129,0.8588785378240982,0.8164615442848983,0.7865909337997437,0.7759923934936523,0.662172547892997,0.6324554407578429,0.26945632696151733,0.28089332580566406,-0.8976256860107855,-0.846738943209149,0.7841304540634155,0.7902737259864807,0.6567754232066871,0.6636004745390901
247,10.291666666666666,247,10.291666666666666,0.0,0.11224314138236584,0.08943839693167893,0.5796168211442884,0.5807129174671603,0.05906032572514091,0.05732495103175764,0.05762329670017967,0.05459686836124863,0.14122593859879998,0.1502613741294389,0.12969679512814958,0.13488940190783272,0.08390304984757606,0.08305198574144124,0.4908355623483658,0.4915153980255127,0.4904603064060211,0.4912475645542145,0.4987798035144806,0.4990086704492569,0.2225283905863762,0.2220899984240532,0.2643955945968628,0.26410260796546936,0.4850832670927048,0.4849174916744232,178.747573852539,-181.00518798828136,-1.1723833084106445,-1.6476621627807617,1.1746797561645508,1.187416911125183,0.6334878206253052,0.6414815187454224,0.5247055636799455,0.5530284489605133,0.8591378927230835,0.8500715494155884,0.8195581667028189,0.7972857905002592,0.3464213013648987,0.33969226479530334,-0.5934565400517995,-0.6184090917422979,0.8546782732009888,0.8635555505752563,0.8097870868944606,0.8267270695872156,0.7183225154876709,0.7107027769088745,0.8551479333479115,0.8217205225382935,0.7870806455612183,0.7749574184417725,0.6616798747765874,0.6332798647229005,0.2702879309654236,0.2802633047103882,-0.8900060987721664,-0.8490909796398212,0.7883518934249878,0.7907915115356445,0.6644651940782804,0.6678523887345359
248,10.333333333333334,248,10.333333333333334,0.0,0.11243907196869862,0.09133157253601229,0.6119270486474151,0.5933670698338471,0.06496845567437103,0.061650571814842736,0.06420192653199294,0.0603790901576923,0.14026741262796347,0.1511317239502127,0.1233941146367108,0.12829470375333576,0.0834519393973576,0.0829362471035469,0.49173107743263245,0.4929221570491791,0.49092212319374084,0.4919583797454834,0.49907253682613373,0.4987744390964508,0.2200220823287964,0.22061681747436523,0.26099249720573425,0.2619645893573761,0.4848455488681793,0.48348022997379303,177.84313964843744,-181.24380493164074,-0.6022678017616272,-0.7130483984947205,1.899241089820862,2.3398635387420654,0.6381849646568298,0.6389687657356262,0.5426191604473511,0.5506284246548874,0.8552119135856628,0.8445227146148682,0.8126120546584538,0.7976438552536643,0.34897151589393616,0.34087666869163513,-0.5854810474564037,-0.6201606203244725,0.8583078384399414,0.8631344437599182,0.8194047499368777,0.8387623718264526,0.7178688645362854,0.7088967561721802,0.853432590476643,0.8252781921341529,0.7891660928726196,0.7737696170806885,0.6677024862310691,0.6413304686326788,0.2707482576370239,0.2781856656074524,-0.8905971279152927,-0.8663863349863968,0.7897863388061523,0.786179780960083,0.6690633531197944,0.6687479925590689
249,10.375,249,10.375,0.0,0.11160127306419865,0.1076249439426248,0.6216934855953201,0.6081918390835741,0.0663905171023478,0.06281216773779617,0.06427763805058184,0.061309370421394525,0.14073016172602876,0.15112056126928577,0.11910390964280215,0.12394975435999171,0.08296615381162928,0.08236448335707294,0.4927816540002823,0.4935649484395981,0.4918268620967865,0.49254879355430603,0.49957749247550964,0.4989304691553116,0.21843692660331726,0.21917056292295456,0.2597239315509796,0.25979354977607727,0.4832843691110611,0.4829605668783188,178.21910095214838,-181.525115966797,-0.33693042397499084,-0.5488274097442627,2.2570812702178955,2.6710824966430664,0.6420982480049133,0.6373794078826904,0.5600929122174144,0.5444165279082139,0.8531947731971741,0.8410177230834961,0.8177132483399513,0.7919842687543958,0.3506326377391815,0.33913466334342957,-0.5853390065130454,-0.6283578521732379,0.8554538488388062,0.8604018092155457,0.8227070956628685,0.8348598013745745,0.7172360420227051,0.7084473371505737,0.8553772426483934,0.8238737462393237,0.78635573387146,0.7742676734924316,0.6699607997491082,0.6443402731002337,0.2733837366104126,0.27908796072006226,-0.8889197855938924,-0.8644767972156531,0.7854682207107544,0.7863413691520691,0.6679988888064355,0.671046001117248
250,10.416666666666666,250,10.416666666666666,0.0,0.09683203576681036,0.10040001364715702,0.6106790992775343,0.6141929785830702,0.06550723059930547,0.06322259625714965,0.0628148755971295,0.06121468594196632,0.1455953785760132,0.14991020000474198,0.11585921299871078,0.12090618655785237,0.08362209761423932,0.08163306380405946,0.49369749426841736,0.4941484332084656,0.4926478862762451,0.4931132197380066,0.4995705932378769,0.49891331791877747,0.21831058710813522,0.2181743159890175,0.2588160037994385,0.2591839134693146,0.48308974504470825,0.48257113993167877,177.68531799316403,-180.98118591308602,-0.6444095969200134,-0.7122358083724976,3.0127346515655518,2.826577663421631,0.6435346007347107,0.6419499516487122,0.5646694194494011,0.5645549214420178,0.8541201949119568,0.8389782309532166,0.8186012824085448,0.7912756107626415,0.3458676040172577,0.3412741422653198,-0.6028685863913131,-0.6221900649259837,0.8542446494102478,0.8606350421905518,0.8188758652950411,0.8393568834721065,0.7160274982452393,0.7056682109832764,0.8490080056225832,0.8160461370488257,0.7878010272979736,0.7716572284698486,0.6722818747251648,0.6418131878784651,0.27366507053375244,0.28009793162345886,-0.8860682789658861,-0.8636480040036438,0.7847132086753845,0.7862627506256104,0.665469247122226,0.6742395726374856
251,10.458333333333334,251,10.458333333333334,0.0,0.09061967030371249,0.09183182187621626,0.5940861598137827,0.6137020874470682,0.0676348496727883,0.06240428394082699,0.06443807821354952,0.06062767743990425,0.14663244208596046,0.15341748761886662,0.11126667646469313,0.1207122834836996,0.08417770346666979,0.08140249545763108,0.49404454231262207,0.4949975907802582,0.49356430768966675,0.4940422475337982,0.5011943280696869,0.49825526773929596,0.2183782011270523,0.2182316854596138,0.2585459351539612,0.2581864297389984,0.48220621049404144,0.4832102358341217,177.6265258789062,-181.69796752929696,-2.2437307834625244,-1.3476773500442505,3.270742893218994,3.323918581008911,0.6441930532455444,0.6401793956756592,0.5663568936637752,0.5607880762836028,0.8515822291374207,0.8445361852645874,0.8229041414090362,0.803089995755431,0.33306166529655457,0.338845819234848,-0.6659016889451737,-0.629878226261308,0.8463283181190491,0.8537846803665161,0.8111993611379956,0.8236458786192533,0.7158132791519165,0.7034375071525574,0.850014028494505,0.8107413094672491,0.7853355407714844,0.7763019800186157,0.6753182899745527,0.6514313404948902,0.2767813503742218,0.28404700756073,-0.888803986113434,-0.8464060332536132,0.7722992897033691,0.7890558838844299,0.6462758387840298,0.67977841221118
252,10.5,252,10.5,0.0,0.10643648920094748,0.10702381851764696,0.5866732671811205,0.6049925907353368,0.06998833518898093,0.06563724894566471,0.06717063368757112,0.06340875587436305,0.14859168924988483,0.1524682943758682,0.10998947001955525,0.1154378351956089,0.08385090884378481,0.08135143911925015,0.4951978176832199,0.4960252046585083,0.49445369839668274,0.49496006965637207,0.501535028219223,0.49882033467292786,0.21855862438678741,0.21825605630874634,0.25931939482688904,0.2578163743019104,0.48188701272010803,0.4832454174757004,178.42611694335932,-181.6915588378907,-2.1553285121917725,-1.494519829750061,3.7120490074157715,3.740870475769043,0.6409351825714111,0.6366140842437744,0.554274887156924,0.5440965997188876,0.8522970676422119,0.8466466069221497,0.8284517918624924,0.8071520701894972,0.33344435691833496,0.33085086941719055,-0.6683524727816694,-0.6632493504740399,0.8496999740600586,0.8545507788658142,0.8226431837991343,0.8247080632152237,0.7153143882751465,0.7029653787612915,0.8500172128368699,0.8060933437393117,0.7859607934951782,0.7777581810951233,0.680085395075157,0.6541436675393081,0.27399706840515137,0.2848941683769226,-0.9047233669571731,-0.8447153810319137,0.7683349847793579,0.7820542454719543,0.6406638604283243,0.6636856760855887
253,10.541666666666666,253,10.541666666666666,0.0,0.14806567462296072,0.1294361416821181,0.5781088335732116,0.5964206217539676,0.07051931981061561,0.06974835762692053,0.06720393797515874,0.06671534614016925,0.14744913500073878,0.15082048258412453,0.10726985347637166,0.10877124087854241,0.08381719274475738,0.08082213990733692,0.4965667426586151,0.49685123562812805,0.49566736817359924,0.49598658084869385,0.5020913183689117,0.49860574305057526,0.21896890550851822,0.2185245156288147,0.2591303586959839,0.25832435488700867,0.4830782860517502,0.4843425005674362,178.5196685791015,-181.28482055664074,-2.4204089641571045,-3.041482925415039,3.7835948467254643,3.962074041366577,0.6409668922424316,0.6363160610198975,0.5499451464576971,0.5452085868149967,0.8493287563323975,0.8462095260620117,0.8158197686005507,0.8058751118140413,0.3411679267883301,0.32584142684936523,-0.6372541670420192,-0.6839907864355109,0.8547893762588501,0.8523614406585693,0.827983252462839,0.8195753788018816,0.7147458791732788,0.7030531167984009,0.8421088052025975,0.809427102941705,0.7877072691917419,0.7774283289909363,0.6785584366454289,0.652699909390997,0.272272527217865,0.28572049736976624,-0.9100788946038861,-0.8428334613042834,0.7702756524085999,0.7754373550415039,0.6397296603725705,0.6482660255577719
254,10.583333333333334,254,10.583333333333334,0.0,0.18330356700889644,0.16403374904786092,0.5723390691765134,0.5742707606448626,0.07578741489059312,0.07205738709122532,0.07275854777833851,0.0695988360195815,0.14387047671286265,0.14652743065568166,0.102585673205256,0.10620011392590746,0.08327897448982388,0.08128472108101861,0.4970756471157074,0.49822497367858887,0.49640482664108276,0.49601805210113525,0.5022380203008652,0.49922774732112885,0.2186407372355461,0.21774431318044662,0.25792744755744934,0.2582501471042633,0.48214828968048096,0.48453716933727264,178.24046325683588,-180.37422180175793,-3.301906108856201,0.7618150115013123,3.777374267578125,4.129501819610596,0.6403276920318604,0.6344707012176514,0.5476319317541142,0.5357189748471713,0.8485434651374817,0.8472095727920532,0.8173345157042298,0.808089415787281,0.33785495162010193,0.3252694308757782,-0.6519055069135172,-0.6890767190987783,0.8519418239593506,0.8516184687614441,0.8249153905298793,0.817913108282859,0.7148106098175049,0.7034302353858948,0.8430140819057533,0.8088787209646344,0.7873678207397461,0.7764463424682617,0.6808672010777428,0.6504181485310634,0.2729562819004059,0.28544241189956665,-0.9092787298443676,-0.8468379122880341,0.7697910070419312,0.7748278379440308,0.6416577969325918,0.6468118736588206
255,10.625,255,10.625,0.0,0.2000878178103601,0.20441697825532312,0.5589628920266696,0.5852198827034898,0.07784910433927227,0.07419707069359927,0.07474454481043985,0.07110979359017958,0.13134438168235693,0.14235315389417844,0.08886771841755704,0.09704449029466272,0.0848641617913744,0.08141859621674571,0.49812357127666473,0.4991338551044464,0.49659794569015503,0.4972156882286072,0.5016952753067017,0.49922944605350494,0.21694722771644592,0.21568379551172256,0.25755178928375244,0.2568815350532532,0.482712522149086,0.4843747913837433,179.13392639160153,-179.81176757812509,-1.1458430290222168,-0.0982407256960869,4.143205642700195,4.425998687744141,0.6386079788208008,0.6339783668518066,0.5418129320607804,0.5337506666806806,0.8490810990333557,0.8466048240661621,0.8155420615906543,0.8070865626489226,0.33672747015953064,0.32503408193588257,-0.6528370845676552,-0.6900010121018846,0.8489728569984436,0.8509968519210815,0.815301113163653,0.8168724620627161,0.7138526439666748,0.7038386464118958,0.8395832017159941,0.8104725177262309,0.7869535684585571,0.7761192321777344,0.6772452273004341,0.6500372598834012,0.2734612226486206,0.2865695059299469,-0.9032044367895712,-0.8423621068336846,0.7673248052597046,0.7765207886695862,0.6335512998850279,0.65093196992806
256,10.666666666666666,256,10.666666666666666,0.0,0.20454023885012537,0.20497020147709005,0.5718237772167125,0.5737275968011389,0.07654984471262327,0.07341220054993389,0.07275816164502175,0.06976514508644453,0.1335175829355738,0.14044865430707745,0.08774985131811779,0.09340281894732057,0.08475756640111053,0.08196320608093058,0.4990532845258713,0.5003392100334167,0.49773699045181274,0.4980558753013611,0.5019992589950562,0.49908822774887085,0.21520885080099106,0.2143864780664444,0.25480666756629944,0.2557935416698456,0.48220083117485046,0.4839978814125061,178.40591430664057,-179.704803466797,-1.9573154449462893,0.7630178928375244,4.256202697753906,4.507363319396973,0.6380733847618103,0.632586658000946,0.5391041911131726,0.5293688582747377,0.8485360741615295,0.8481423258781433,0.8163913297273121,0.8122289135014934,0.33672893047332764,0.32404661178588867,-0.6547749344018443,-0.6941023966942755,0.8500686883926392,0.8504568338394165,0.8198068159357741,0.8173914535738379,0.7152832746505737,0.703815221786499,0.8449975782642855,0.8118155014038719,0.7874923944473267,0.7750281691551208,0.6803532831363691,0.6491468372010752,0.2751119136810303,0.2864958941936493,-0.8988918214987895,-0.8430043760034432,0.7666288018226624,0.7758292555809021,0.6338580128837116,0.6509336708796389
257,10.708333333333334,257,10.708333333333334,0.0,0.17465143682783582,0.18512082955686562,0.5598603370312653,0.5803333521586258,0.07609854775118516,0.0735507335115011,0.07286840003635672,0.07027310205131586,0.13681658257898738,0.1419387593314141,0.0891692811257842,0.09293666861474953,0.08525555587111956,0.08191335781968369,0.5003054887056351,0.500920370221138,0.498989075422287,0.4990529716014862,0.5027145445346832,0.4985710680484772,0.21336166560649872,0.2130415365099907,0.2535148561000824,0.252862811088562,0.4829016774892807,0.4847405254840851,178.70031738281247,-180.56336975097668,-2.1493420600891113,-0.8572616577148438,4.600639820098877,4.682800769805908,0.6363435983657837,0.629574716091156,0.5294717410317398,0.5193788073903371,0.8479429483413696,0.8477933406829834,0.8135914707389782,0.809642264239896,0.33645129203796387,0.32956716418266296,-0.6587766001868488,-0.6700351276137093,0.8513826727867126,0.8562965393066406,0.8212578106678609,0.8286052048885388,0.7154602408409119,0.7036780118942261,0.8429516709939652,0.813169720643022,0.7874606847763062,0.7752895951271057,0.6787906750572729,0.647952024527599,0.2763170599937439,0.28398579359054565,-0.8970434712245121,-0.8507476363954364,0.7673913836479187,0.7792691588401794,0.6340609046846395,0.656826829626066
258,10.75,258,10.75,0.0,0.12402471051144423,0.13767418707446144,0.570263683959435,0.5802074483042565,0.07644370284540379,0.07436023994758718,0.07342090180586326,0.07118034187956195,0.13629240511279697,0.13844263699853515,0.08701297534237447,0.0883027703798963,0.08449066368131905,0.08150143664756625,0.5006077885627747,0.5013547390699387,0.4998548924922943,0.5000936985015869,0.5024577081203461,0.4990352690219879,0.21295538544654846,0.2125147506594658,0.2532595694065094,0.2530364990234375,0.48496927320957184,0.4839944541454315,178.7249908447265,-180.14993286132824,-3.658895492553711,-3.21221923828125,4.589565277099609,4.623578071594238,0.6356059908866882,0.6267673969268799,0.5241300420059861,0.5073088432249181,0.8472014665603638,0.8485018610954285,0.8020714466565839,0.8143313794649064,0.33801454305648804,0.3354940116405487,-0.6473204251816653,-0.6495306033224632,0.8512651920318604,0.8565409183502197,0.8110695374601311,0.832291114875138,0.7154133915901184,0.7028685808181763,0.8382869760197927,0.8095570262089717,0.7885714769363403,0.7767330408096313,0.6722501843325566,0.6539955363199702,0.2766076326370239,0.2864205837249756,-0.8890449586785966,-0.8444336739694006,0.7736637592315674,0.7861482501029968,0.6392408192752774,0.6750296778096352
259,10.791666666666666,259,10.791666666666666,0.0,0.08890112184510399,0.08629313962532657,0.5877991619381256,0.5869932441258723,0.07332826666632178,0.07170551237129516,0.07102935007649012,0.07035167670882324,0.14912187483599754,0.1477744981419862,0.09921891401019076,0.09687980817436859,0.08368942927099982,0.08191933624145177,0.5008764415979385,0.501633808016777,0.5002622008323669,0.5006637573242188,0.5023051649332047,0.4994274079799652,0.21350643038749695,0.21312646567821503,0.25181639194488525,0.25215795636177063,0.4846634119749069,0.4844629019498825,177.10481262207026,-181.4339141845704,-3.205796718597412,-3.232271909713745,4.71382999420166,5.050854206085205,0.6345983147621155,0.6262676119804382,0.5208122732452031,0.5041653973431893,0.8460023403167725,0.8491036295890808,0.800167913231814,0.8152743983452224,0.3379896283149719,0.33159494400024414,-0.6468781510329222,-0.6671017407785549,0.8511659502983093,0.8536933660507202,0.8116024825505126,0.8255362652972561,0.7154526710510254,0.70280921459198,0.8391200703992036,0.8084035353848825,0.7876615524291992,0.7766942381858826,0.670975006410181,0.6533793643127154,0.2758326530456543,0.28877705335617065,-0.8915780136480665,-0.8372946147184772,0.7719863653182983,0.7854036688804626,0.6362630482560876,0.6728521640611818
260,10.833333333333334,260,10.833333333333334,0.0,0.059876007280329366,0.051779052505458695,0.5877521815637576,0.5898435965672009,0.07084058906101659,0.066934477316433,0.06747848258924032,0.0648803751612747,0.15429789011191733,0.15931788765552662,0.1016715962296717,0.10628519322227478,0.08404393374039494,0.08221576489892632,0.5014780908823013,0.5023287534713745,0.5018781423568726,0.5019818544387817,0.5019513219594955,0.5001521408557892,0.21475352346897125,0.21516913920640945,0.25310441851615906,0.25330841541290283,0.48282644152641296,0.4847349375486374,176.44735717773432,-182.8482360839845,-4.404049396514893,-3.521585702896118,4.862186431884766,5.276555061340332,0.6342289447784424,0.6237999200820923,0.5217046982368391,0.49039707061760623,0.8459625244140625,0.8491417765617371,0.8056201081767822,0.8129626484949822,0.33741819858551025,0.33412402868270874,-0.6489208200942557,-0.6584808911192308,0.8549836277961731,0.8569608926773071,0.8256334933099209,0.8304064740922705,0.7158694863319397,0.701985239982605,0.8436960765772027,0.8004863587910532,0.7876601219177246,0.7770817279815674,0.6762757934158667,0.6522024165984949,0.27492010593414307,0.2875155210494995,-0.8954141261592423,-0.8433339936351386,0.7708625197410583,0.7842696905136108,0.6390101877094153,0.6682381887951926
261,10.875,261,10.875,0.0,0.03809971622682005,0.0366188355859727,0.5775895907770514,0.5842719000547333,0.06868377164878613,0.06438749127365509,0.06619876874110472,0.06354014274113935,0.15942720529339185,0.16553889121571413,0.10728278117674776,0.11328872229718917,0.08349895165062995,0.08238092810216115,0.5019466280937195,0.5029247403144836,0.501273512840271,0.501929759979248,0.5038698762655258,0.49944522976875305,0.21965158730745316,0.21833530068397522,0.25809407234191895,0.25738438963890076,0.4830094426870346,0.4855516105890274,176.72924804687494,-182.42205810546884,-2.6809115409851074,-2.450270414352417,5.2489118576049805,5.487515449523926,0.6330804228782654,0.6239249110221863,0.513926361753418,0.49153177924544655,0.8465734124183655,0.8483144044876099,0.8134039839148448,0.8057464467302943,0.32822805643081665,0.33228057622909546,-0.6986036651477295,-0.6600815390425843,0.8472791910171509,0.8539026975631714,0.8149830268668681,0.818158820227947,0.7163201570510864,0.7023606300354004,0.8450068722706744,0.8012501857737224,0.7876014113426208,0.777556836605072,0.6814655504944787,0.6485840809652663,0.27967315912246704,0.2874400019645691,-0.8917275422084788,-0.8371431046627351,0.7620347738265991,0.7864909768104553,0.6242651496236037,0.6684280446962613
262,10.916666666666666,262,10.916666666666666,0.0,0.031145727824391536,0.026951658649968256,0.5889985900578624,0.5933468470631911,0.064743450504756,0.06949098953189366,0.06438243018613422,0.06888912822210222,0.1619697967676843,0.15805445748421823,0.10978644766307079,0.10814099032992276,0.08262278521357373,0.08229110371898814,0.5022819340229034,0.5035270303487778,0.5019179582595825,0.5024921298027039,0.5030474811792374,0.49863043427467346,0.22175218164920807,0.22123143076896667,0.26186224818229675,0.2618304491043091,0.48081378638744354,0.4851953685283661,178.06790161132807,-181.41967773437509,-3.542555570602417,-2.5172483921051025,5.301807880401611,5.314957618713379,0.6323017477989197,0.6243566274642944,0.5134905461136323,0.4995404319266427,0.8474896550178528,0.8467556238174438,0.8193933228397551,0.8080683376374338,0.3371335566043854,0.3267137408256531,-0.6591289708716166,-0.6830664090131175,0.8533064126968384,0.8481294512748718,0.8323917577259673,0.8111387704449251,0.7162195444107056,0.7010053396224976,0.8468721538374964,0.8040842171694028,0.788189172744751,0.7759260535240173,0.6868773233624795,0.6497679373989679,0.2800966501235962,0.29067832231521606,-0.8857204252460347,-0.8262438016524668,0.755273699760437,0.7815526127815247,0.6133226635420801,0.6623430042635415
263,10.958333333333334,263,10.958333333333334,0.0,0.03724986137662098,0.02910419116767798,0.5913172933069076,0.5992004076919462,0.052819337861020714,0.05005345784442437,0.05393689792552734,0.05018161012040538,0.17505543885553604,0.17809217539092734,0.12566917789668985,0.12791145134169749,0.08157758802952557,0.08126520381033737,0.5030144155025482,0.5042418241500854,0.5020732879638672,0.502910852432251,0.5032952725887299,0.49886398017406464,0.2238517329096794,0.22342900931835175,0.26413384079933167,0.26364821195602417,0.4794731140136719,0.4846673160791397,178.66592407226557,-181.50875854492196,-2.5763449668884277,-2.026912212371826,5.364694118499756,5.48108434677124,0.6319885849952698,0.6245379447937012,0.510576066585872,0.5032480893778286,0.8496211767196655,0.8466060161590576,0.8260426694823859,0.8152566835071628,0.333402156829834,0.3278695344924927,-0.6740315962198138,-0.6847291588509835,0.857673704624176,0.8499753475189209,0.8440131313502538,0.8228460070845319,0.7156667709350586,0.7019484043121338,0.8425597434160553,0.8132300810211796,0.7872895002365112,0.7749407291412354,0.6869398897486599,0.653832651747536,0.27776217460632324,0.2911036014556885,-0.8947768916617881,-0.8319544462123237,0.7583221197128296,0.7778888940811157,0.6222946984142393,0.660473309877734
264,11.0,264,11.0,0.0,0.05067685935023977,0.026448179684305923,0.5774103677345402,0.5983422450885536,0.046352744915974464,0.04556219423996119,0.0456480037670886,0.04570919644057658,0.18698563552505437,0.1931014593893774,0.13301000013344044,0.13906016686616218,0.08136243640531746,0.08091305549253279,0.5031712055206299,0.5044227838516235,0.5025475025177002,0.5030903220176697,0.5031760931015015,0.4988425076007843,0.2259839102625847,0.22568818926811218,0.2644684612751007,0.26639166474342346,0.4793729931116104,0.4836263060569763,177.45710754394528,-180.84078979492196,-2.8095223903656006,-2.144033908843994,5.56125020980835,5.724090576171875,0.6310998797416687,0.6240477561950684,0.5080439428550638,0.5036717224985775,0.8504712581634521,0.8465951085090637,0.8290131552338846,0.821328436692686,0.33636999130249023,0.32761824131011963,-0.6624634235431824,-0.6887955745020686,0.8619279861450195,0.8491808772087097,0.854606856706266,0.8271795328458036,0.7164936661720276,0.7025749683380127,0.8471817771300582,0.819568513145209,0.7872589826583862,0.7732306718826294,0.6878004013595231,0.655318857808333,0.2785734236240387,0.2902721166610718,-0.8920000632726244,-0.8390303860760241,0.7614033818244934,0.776137113571167,0.6300404082623338,0.6618955751246928
265,11.041666666666666,265,11.041666666666666,0.0,0.0722762074387332,0.04301582624322455,0.5778348659673636,0.5914606367816857,0.04880018103880654,0.04164550005953851,0.047256563160655136,0.040751123676109675,0.1887605276282176,0.19334871180891167,0.1287448821214446,0.13916801721668426,0.08123536141084797,0.0810170636322737,0.5035919845104218,0.504349410533905,0.5032665133476257,0.5034248232841492,0.5026708990335464,0.4986668974161148,0.22484249621629715,0.22536683827638626,0.26400071382522583,0.26544681191444397,0.47970573604106903,0.48407717049121857,178.13948059082026,-181.3941955566407,-4.391833305358887,-2.970606803894043,5.9372243881225595,5.578658103942871,0.6287185549736023,0.6255975365638733,0.4972420459355532,0.5102649245502457,0.8507385849952698,0.845458447933197,0.823318660671487,0.8171794274579658,0.3319816589355469,0.327616810798645,-0.6733474441276196,-0.6876264086291536,0.8556353449821472,0.8509198427200317,0.8341845284386918,0.8295290973042241,0.7157415747642517,0.7034605741500854,0.8405368425065515,0.8232766391838683,0.7872117757797241,0.771056592464447,0.6823532242485457,0.6489369936381199,0.27993106842041016,0.29014870524406433,-0.8786804344706435,-0.8382493014327812,0.7598330974578857,0.7773627638816833,0.6216001754809584,0.6631969286980272
266,11.083333333333334,266,11.083333333333334,0.0,0.03914711225369126,0.03174301646645854,0.5682999206607567,0.5867562932735496,0.04963729559158111,0.04096860216763814,0.04848299014362056,0.03981444023195627,0.18426631623121603,0.1919187834149335,0.11890279680892327,0.13021955625941636,0.08229890689605368,0.08129624131394605,0.503682404756546,0.5043989568948746,0.502981424331665,0.5029593110084534,0.5020600855350494,0.4988958537578583,0.22339943796396255,0.22396781295537949,0.2647540271282196,0.26557743549346924,0.47995418310165405,0.48471561074256897,178.98315429687494,-180.51760864257824,-4.526800632476807,-2.9615066051483154,6.548181533813477,6.307305812835693,0.627574622631073,0.6261574625968933,0.49547361313903415,0.5100628936862488,0.8511584997177124,0.8449273109436035,0.824255866091786,0.8120946756756929,0.32979294657707214,0.32595473527908325,-0.6800313632143984,-0.693145781617397,0.8549877405166626,0.8475112915039062,0.832758661048444,0.8179202411803675,0.715335488319397,0.7027630805969238,0.8419131110717478,0.8170972267123283,0.7873177528381348,0.7703221440315247,0.6824980584486182,0.6438978658736175,0.28023630380630493,0.29070231318473816,-0.8756581759865927,-0.8344370365915004,0.7573080062866211,0.7780978083610535,0.61586168454945,0.6614280449275671
267,11.125,267,11.125,0.0,0.01907009999104665,0.01836144447584843,0.5413751934551755,0.5828633512427547,0.05030239376505296,0.046750894907626586,0.04957615824707962,0.04534153324375501,0.1844116022837516,0.18384046781925403,0.12085824132576917,0.12360781417064137,0.08230079262634718,0.08127694345040426,0.5037025809288025,0.5044237375259399,0.5025951266288757,0.5028162002563477,0.5013756603002548,0.4994213879108429,0.2221386358141899,0.2227352410554886,0.2654114067554474,0.2648773789405823,0.4801824986934662,0.48544590175151825,180.9752807617187,-179.94082641601574,-4.324132919311523,-2.305243492126465,6.380825996398926,6.267266750335693,0.6284341812133789,0.626399576663971,0.5004746504467896,0.5079071134780377,0.8507419228553772,0.8453289270401001,0.8210293436537834,0.8097278129174367,0.331175833940506,0.32599401473999023,-0.6704052431221174,-0.693701787450613,0.8563737869262695,0.8456884622573853,0.8335075734873112,0.8105367581710385,0.7158629894256592,0.7033358812332153,0.8448506270799376,0.8156489135395025,0.7866721153259277,0.7713422775268555,0.6790731860337201,0.6432597005428426,0.2794591784477234,0.29036152362823486,-0.8741135414244781,-0.8362301687759268,0.7597246170043945,0.778005838394165,0.6193670082456935,0.6582525459625512
268,11.166666666666666,268,11.166666666666666,0.0,0.012182769761751078,0.013400897656090788,0.5499090809402634,0.5847900085690456,0.06354880489675299,0.05480139422916865,0.06289546698222873,0.05309297189674639,0.17480110155067669,0.17891382727359686,0.11307131016213404,0.1170879507928499,0.08262509680770101,0.08124331720781712,0.5033377856016159,0.5041045248508453,0.5022264122962952,0.5029023885726929,0.5018252432346344,0.49929237365722656,0.22132743149995804,0.2221987247467041,0.26526594161987305,0.26499125361442566,0.48063622415065765,0.48459628224372864,181.03303527832026,-179.5417480468751,-4.279164791107178,-3.7566204071044917,6.231584548950195,6.293559551239014,0.6293290853500366,0.6264698505401611,0.5028147413028528,0.508095973920066,0.8514202833175659,0.8450626134872437,0.8224856155630632,0.810070435203909,0.3334287405014038,0.3245505392551422,-0.6640760196189117,-0.6981237929168237,0.8557142615318298,0.8441616296768188,0.8320106618196592,0.8080456681614374,0.7162883877754211,0.70384281873703,0.8457410282873797,0.8172143382296637,0.7872973084449768,0.7711093425750732,0.6802458855748996,0.6438763883260503,0.27873992919921875,0.29021063446998596,-0.8797427795443129,-0.8353176403949976,0.7619072198867798,0.7754377722740173,0.6239247409606732,0.6536036017328537
269,11.208333333333334,269,11.208333333333334,0.0,0.021675530082363063,0.02073793974068708,0.5557932888901593,0.5687938062616249,0.06599658181842294,0.06177903795975827,0.06533400886472386,0.060096818024623716,0.16422491071410936,0.1688961985113964,0.1072677491130783,0.10646717959610236,0.08309549497002765,0.08162152489798886,0.5023719966411591,0.5037521719932556,0.501352071762085,0.5025684833526611,0.5016491115093231,0.4990057945251465,0.2209782898426056,0.22144509851932526,0.2660450339317322,0.2652158737182617,0.4805666506290436,0.4846849888563156,181.65731811523432,-179.0227966308595,-4.625654220581055,-4.638551712036133,5.646554946899414,6.27550745010376,0.6283256411552429,0.6263836622238159,0.5005281895411522,0.5075488928833406,0.851719856262207,0.8456675410270691,0.8249129609856626,0.8090822026873995,0.33088284730911255,0.3280104398727417,-0.6747369010956366,-0.6813468030987365,0.8580578565597534,0.846364438533783,0.8389995929016064,0.8106441822523085,0.7163572907447815,0.704329788684845,0.8483615436323462,0.818132441694414,0.7877348065376282,0.771944522857666,0.6827018847346187,0.643844349581832,0.27782145142555237,0.2910194396972656,-0.8843947160859935,-0.8287408639737754,0.7647737264633179,0.7762110233306885,0.6316693400494224,0.6534069990221489
270,11.25,270,11.25,0.0,0.043953623582490726,0.045674046597181266,0.5786945894853568,0.5713907955998462,0.06571688413193394,0.06149977650434784,0.06520090824020998,0.06003591343889477,0.16051913161571696,0.16618974479763263,0.10165088828231127,0.10519907426501975,0.08340790705377765,0.08222145697829966,0.5019055753946304,0.5032646059989929,0.5013347864151001,0.5024632811546326,0.5026166886091232,0.4987974017858505,0.22092241793870926,0.2212526723742485,0.2654857635498047,0.26585853099823,0.4810371696949005,0.4842415899038315,180.57005310058588,-178.7848358154298,-6.522084712982178,-7.129236698150635,5.9011969566345215,6.052965164184571,0.6273532509803772,0.6269116401672363,0.4960357716812839,0.5119143374919992,0.8523414731025696,0.8454005718231201,0.8305613839845204,0.8117472780782258,0.32679665088653564,0.3280016779899597,-0.6991777425225465,-0.6824595056574396,0.8556628823280334,0.845028281211853,0.8379909618745762,0.8109105111542961,0.7169305682182312,0.7048755288124084,0.8522549333812056,0.8234396832172881,0.7884559631347656,0.7710710167884827,0.6876574717797684,0.6446828632338605,0.27863311767578125,0.29128074645996094,-0.8907080758019527,-0.8291877036607587,0.7627699971199036,0.775631308555603,0.630201171687119,0.6549326551939835
271,11.291666666666666,271,11.291666666666666,0.0,0.13393369737750527,0.13241097077211753,0.6147708533873608,0.6120629849975091,0.06956322951832658,0.062163896354855176,0.06859477732743377,0.060807902209109685,0.15429637240848984,0.15868842362208438,0.09516944241527271,0.09661233574848475,0.08451248487315814,0.08286171176984364,0.5016807019710541,0.5023902207612991,0.5013846755027771,0.5021591186523438,0.5026977211236954,0.49828408658504486,0.22149692475795746,0.22235997021198273,0.2658105194568634,0.2662029266357422,0.48045118153095245,0.48388686776161194,180.22055053710932,-179.64988708496105,-6.430147171020508,-7.807404994964599,5.752606391906738,5.9117655754089355,0.6281663775444031,0.6272405385971069,0.4980809471293561,0.51407499566508,0.8519052267074585,0.8452624678611755,0.8294539903583469,0.8103352984693285,0.3274616599082947,0.3306386470794678,-0.6956457957812272,-0.6683056740661476,0.8509188890457153,0.8465670943260193,0.8272515060403074,0.8132607446684877,0.716484546661377,0.7054136395454407,0.8486832296230166,0.8257060610683186,0.7883172035217285,0.771936297416687,0.6874624297459421,0.6459114021233194,0.2786865532398224,0.29021602869033813,-0.8892714551196699,-0.8294473389377842,0.764198899269104,0.7767965793609619,0.6336064441595953,0.6568099188435241
272,11.333333333333334,272,11.333333333333334,0.0,0.1409929401750661,0.1471654125535935,0.6165184599042423,0.6198805605637391,0.07016521419758528,0.06479557668892902,0.07012416572955371,0.06430237175069632,0.15340375235902315,0.1570279882035983,0.09577919875148612,0.09832248981523159,0.08482551719743624,0.0828191537748903,0.501285970211029,0.5020017474889755,0.5006847381591797,0.501293957233429,0.5020601451396942,0.4979248493909836,0.223850816488266,0.22519294172525406,0.26919639110565186,0.27016082406044006,0.4807584136724472,0.4849296659231186,180.85559082031244,-178.86659240722668,-5.796640396118164,-6.951391696929932,5.757684230804443,5.850057125091553,0.6276500225067139,0.6264438033103943,0.4989944774454532,0.5100514690304045,0.8530272841453552,0.8455858826637268,0.8319943003506407,0.8051239953240705,0.3386295437812805,0.33609750866889954,-0.649343476028056,-0.6422420222649852,0.855354368686676,0.8502799272537231,0.837195167864364,0.8156029161331504,0.7171506285667419,0.7049365043640137,0.8545988389455547,0.8215644113600439,0.7878060340881348,0.772625207901001,0.6862294711818253,0.6422475849369602,0.2778196930885315,0.2895275354385376,-0.8909535508694278,-0.8270636577861347,0.7652179002761841,0.7767660617828369,0.6357466076449767,0.6514915703908274
273,11.375,273,11.375,0.0,0.0822251668486283,0.10248202440626156,0.5935011344241699,0.5989687503114024,0.07647939291987914,0.0719363904816166,0.07871901850685051,0.07167913388229061,0.14104861318053402,0.14513114361881466,0.09380607710945583,0.09234523568530716,0.08544912843122966,0.08325324840033234,0.5003691613674164,0.5009178221225739,0.49968069791793823,0.5005634427070618,0.5020184814929962,0.49802249670028687,0.2300148606300354,0.2287314087152481,0.28196272253990173,0.2773042321205139,0.4827435314655304,0.4859083294868469,186.18614196777338,-176.67662048339852,-6.883203029632568,-8.133102416992188,4.7274603843688965,4.982781887054443,0.6290158033370972,0.6257762908935547,0.5041741644590064,0.5070416215755973,0.8503081202507019,0.8471786379814148,0.820809201279237,0.8065375659811,0.3415529727935791,0.3345186412334442,-0.6370414950350859,-0.6489299244165909,0.8500925898551941,0.8511497378349304,0.8203278999319747,0.815403064016266,0.7156753540039062,0.704609751701355,0.8482090300403933,0.8199234898192392,0.7877998948097229,0.7728718519210815,0.6812219609328068,0.6406473365439896,0.27887049317359924,0.2895893454551697,-0.8858883709354851,-0.8272496614664548,0.7656914591789246,0.7765790224075317,0.6318515701352996,0.6489236110966311
274,11.416666666666666,274,11.416666666666666,0.0,0.034723534296086184,0.034677251928709206,0.5845705749905724,0.5570035517678463,0.0759947183136727,0.08542239579124328,0.07805707412621836,0.0860214564622631,0.13668515400741546,0.13565454146626063,0.0916975308402429,0.08935453577680326,0.08533820725300252,0.08357172814714017,0.5000346899032593,0.5004951357841492,0.49834734201431274,0.49893584847450256,0.500899538397789,0.4973354786634445,0.23502752929925919,0.23392660915851593,0.2867543697357178,0.28662797808647156,0.483235627412796,0.48614630103111267,185.75878906249994,-173.18739318847665,-3.142409086227417,-4.259024620056152,4.972177505493164,4.651072978973389,0.6289607286453247,0.6261616945266724,0.5092026714905522,0.5115398581735038,0.8511937260627747,0.8466470241546631,0.8229890034418668,0.8052002400488997,0.34167319536209106,0.3346758186817169,-0.6331229554303528,-0.6458848367163276,0.8507246375083923,0.8514729142189026,0.8219398222353286,0.8159791583392897,0.715271532535553,0.7046297788619995,0.8523955766513499,0.8231189297396136,0.7868542075157166,0.7718046307563782,0.679084802269922,0.6380352130054452,0.27954429388046265,0.2886691391468048,-0.8801626912790308,-0.8285669885332265,0.7659962177276611,0.7774004340171814,0.6324330332439018,0.6505337791381988
275,11.458333333333334,275,11.458333333333334,0.0,0.022818001335954463,0.021645550997112618,0.5563556347035392,0.5580390544014038,0.07488007643157417,0.08287854747994447,0.07610817391100874,0.08210603673188872,0.13847881536086365,0.13895161887964058,0.09548435067326987,0.08890914854463097,0.08442969359421242,0.08345008817458602,0.4992537498474121,0.4996718764305115,0.4977875053882599,0.4982132315635681,0.5009574294090271,0.49793335795402527,0.23976802825927734,0.23974184691905975,0.2920197546482086,0.2918876111507416,0.4819593280553818,0.4872875362634659,187.60990905761713,-172.7550811767579,-2.93178653717041,-3.446458578109741,4.527493476867676,4.752650260925293,0.6289388537406921,0.6266462206840515,0.5084683590033903,0.510453146848017,0.8509130477905273,0.8469919562339783,0.8245394012326555,0.8024209094820229,0.34084656834602356,0.33376646041870117,-0.6361181492428704,-0.6510577705893363,0.8498181104660034,0.8507909774780273,0.8220924304673294,0.8108956846378057,0.7147810459136963,0.7046641707420349,0.8495181544357867,0.8198589612557077,0.7861000299453735,0.772709846496582,0.679694982901578,0.636713971383761,0.2795258164405823,0.28858911991119385,-0.8797446150134915,-0.8302233577665209,0.7656168341636658,0.7769328355789185,0.6339190465665153,0.6461345249050627
276,11.5,276,11.5,0.0,0.025330562996549216,0.029199685651254224,0.5460440775918439,0.5429018833885965,0.0777546957015205,0.0829764463800603,0.07836750087996132,0.08153724989628733,0.13651611575999448,0.1341130177943902,0.0963938659853787,0.0879157664636007,0.08413062011190786,0.08399801716788309,0.49896346032619476,0.4994061291217804,0.49773937463760376,0.498076468706131,0.5005310028791428,0.4977951645851135,0.2429044097661972,0.24217793345451355,0.29602184891700745,0.2954980134963989,0.4829801470041275,0.4865448623895645,188.1224975585937,-172.70188903808602,-2.7929656505584717,-3.204378604888916,4.013812065124512,4.245786666870117,0.6292805671691895,0.6270432472229004,0.5089584714117606,0.511201713525402,0.8492072820663452,0.8465631008148193,0.8143472343515048,0.800968102217627,0.3426772356033325,0.33196115493774414,-0.6240099727117691,-0.6559062862858952,0.8509718775749207,0.849888801574707,0.8182710109769408,0.8083671168837799,0.7156692147254944,0.7050859332084656,0.850460473768326,0.819875962223943,0.7875093817710876,0.7723509669303894,0.6771550122017121,0.6358610445892863,0.2792612314224243,0.2883082330226898,-0.8746990739055045,-0.8285622207333299,0.7700194716453552,0.7769424319267273,0.6382642294705886,0.6460761298599702
277,11.541666666666666,277,11.541666666666666,0.0,0.03345361328300933,0.03646474214978664,0.543953139307504,0.5439964997852283,0.08197003592930242,0.0901102131587455,0.08386335158194064,0.08997555249264824,0.133582892745235,0.12809986075465588,0.09465800278206424,0.08652825023986455,0.08379149040879819,0.08333793170364817,0.4987521767616272,0.49917346239089966,0.49759843945503235,0.49798858165740967,0.5004819631576538,0.4977376163005829,0.24313189089298248,0.24202372878789902,0.2973790764808655,0.29609188437461853,0.4840508997440338,0.48581768572330475,188.47734069824213,-172.62977600097668,-3.536346912384033,-3.7430095672607426,3.9895753860473637,4.031948566436768,0.6298540234565735,0.6272703409194946,0.5099853101987807,0.5135635446844595,0.850147008895874,0.8458132147789001,0.8117733922865719,0.8028498322752256,0.34413737058639526,0.3323832154273987,-0.6163111676209511,-0.6555871691222751,0.8547025918960571,0.8497234582901001,0.8218748409866669,0.8115703248751138,0.7152825593948364,0.7052184343338013,0.8467450270931287,0.8226074505624507,0.7867742776870728,0.7714204788208008,0.6712521037347262,0.6369416729624151,0.27815866470336914,0.28883880376815796,-0.8763995569418266,-0.8282294297456883,0.771726667881012,0.7758819460868835,0.6378858675123021,0.6468914861050188
278,11.583333333333334,278,11.583333333333334,0.0,0.038796403289345034,0.04491505087473844,0.5431858964425592,0.5423608540393055,0.08066129724380952,0.08259833649780603,0.08216201412282757,0.08205155747004271,0.1321830169362699,0.1324684658907182,0.09403719814860188,0.09150950589178708,0.08403696577595945,0.08268048824659402,0.49810945987701416,0.49912862479686737,0.497142493724823,0.4979207515716553,0.500668928027153,0.4974042922258377,0.24094966799020767,0.24059829115867615,0.2946145534515381,0.29443204402923584,0.483854740858078,0.48547233641147614,187.7037963867187,-172.42315673828134,-3.763506889343262,-3.500023365020752,3.8189127445220947,3.8155307769775395,0.6302161812782288,0.6287057399749756,0.5089338446902423,0.5193127268397717,0.8486114740371704,0.8446643352508545,0.8060444053295287,0.7991138027064204,0.34288546442985535,0.33140110969543457,-0.6198614230861647,-0.6565621846657059,0.8543370366096497,0.8487131595611572,0.8186968316156394,0.8081214404086818,0.7152208089828491,0.7064940333366394,0.8428794198258994,0.826974610500327,0.7836403846740723,0.770642876625061,0.6624704056589672,0.6344342734422264,0.278604120016098,0.2881261110305786,-0.8723943864130385,-0.8277199132809365,0.770483672618866,0.7765324711799622,0.6333965238632782,0.6475371719376649
279,11.625,279,11.625,0.0,0.05406802663706107,0.06993815433081241,0.5386059051562895,0.5480165287361694,0.08083315355325206,0.08548249397710714,0.0816111474121978,0.08498787796845837,0.1311659260738948,0.13119057185556152,0.09349804465057156,0.09285032082280917,0.08369312603827961,0.08216637994909592,0.49822574853897095,0.4987132251262665,0.4972085654735565,0.4981147348880768,0.5011099576950073,0.49768273532390594,0.23872177302837372,0.23850752413272858,0.29290205240249634,0.29255160689353943,0.4829965829849243,0.48577411472797394,187.75515747070307,-171.62437438964852,-3.8063900470733643,-5.333186626434326,3.6304552555084233,3.2436912059783936,0.6307311058044434,0.6292093992233276,0.5098675348283362,0.5186043809129742,0.8475440740585327,0.8445099592208862,0.8065998487770217,0.7956456200875612,0.34229576587677,0.33144113421440125,-0.6246989913231952,-0.6554839913776249,0.8535004258155823,0.8484710454940796,0.8197789064969083,0.8044309728546097,0.7154076099395752,0.7079271674156189,0.8429443594897756,0.8289853959095367,0.7819914817810059,0.7702510356903076,0.6615578108733275,0.6309456377285657,0.2790873646736145,0.2881327271461487,-0.8733305778501413,-0.8262473101609044,0.7681148052215576,0.7767400145530701,0.6308541975212923,0.6453376414556974
280,11.666666666666666,280,11.666666666666666,0.0,0.0701760386740539,0.07560292694657704,0.5478076725321339,0.549765230542785,0.07748876408867805,0.08214394112595046,0.07889415749274914,0.08115655103537504,0.13387608519006466,0.13234832521436946,0.09687824429875287,0.09451115392743123,0.08366239223530235,0.08287163020665471,0.4978751689195633,0.49852022528648376,0.49708884954452515,0.49783167243003845,0.5014178603887558,0.4974142611026764,0.23656891286373138,0.2369375079870224,0.28960439562797546,0.28991711139678955,0.48353220522403717,0.4861687123775482,187.40585327148432,-172.2760772705079,-4.327540874481201,-4.593623161315918,3.561591863632202,3.282371759414673,0.6313648819923401,0.6298983097076416,0.5113065455907736,0.521111653008206,0.8469401597976685,0.8442680239677429,0.8043257611844442,0.7923064774210201,0.3409104347229004,0.3313544988632202,-0.6315535080845033,-0.6531780852861824,0.8526579141616821,0.8491061925888062,0.8169807872322276,0.8030110842528543,0.7157415747642517,0.708782434463501,0.8433061157016605,0.8313938121095156,0.7815802097320557,0.7701699733734131,0.6596654946000765,0.6283621090572427,0.2792679965496063,0.28796184062957764,-0.8740999068802296,-0.8238584056617945,0.7689202427864075,0.7775326371192932,0.631645366196241,0.6446522441905085
281,11.708333333333334,281,11.708333333333334,0.0,0.07984661041496957,0.07983941093156598,0.5444822988271508,0.5536204439373025,0.07910691603358877,0.08492378074392141,0.08074808111753706,0.08419361785800368,0.13106730252797408,0.13122395235922615,0.09459474140201136,0.0939014266330778,0.08349025729747121,0.08201447141263256,0.4977520555257797,0.4981205463409424,0.49727141857147217,0.4975304901599884,0.5005464851856232,0.4971251040697098,0.23462335765361786,0.23537177592515945,0.28745242953300476,0.28763681650161743,0.48279184103012085,0.4854545593261719,187.94584655761713,-172.32176208496105,-5.231586456298828,-4.940303802490234,3.4226441383361816,3.2779011726379395,0.6308006048202515,0.6298684477806091,0.5109772774726845,0.5224781725552696,0.8474452495574951,0.8436590433120728,0.8046609475280303,0.7930652917590555,0.34181705117225647,0.3311113715171814,-0.622683829689543,-0.6534305161999798,0.8543004989624023,0.8486318588256836,0.8197880554960325,0.8040751131389603,0.7151100635528564,0.7084964513778687,0.8417170483853059,0.8319582148889645,0.7817394733428955,0.7693799138069153,0.6596715660755998,0.6286111820362553,0.2783278226852417,0.2874799072742462,-0.8717473772543861,-0.8251640816374126,0.7705907821655273,0.7773834466934204,0.6350703524390487,0.646331016453485
282,11.75,282,11.75,0.0,0.07685965367397228,0.07396795865007479,0.5532964175056914,0.5538995950798118,0.07818535157838086,0.08240259880022455,0.07897905018854082,0.08175802028477534,0.13173770908845756,0.13047241491141723,0.09548650133644306,0.09320187728584417,0.08264188696742851,0.08206860067040518,0.4973868727684021,0.4981161057949066,0.4969254732131958,0.49729257822036743,0.5009599030017853,0.49720266461372375,0.23338401317596436,0.2336535081267357,0.28564324975013733,0.28560927510261536,0.4824836254119873,0.48507164418697357,187.87162780761713,-172.56785583496105,-4.904168605804443,-4.223663330078125,3.2384796142578125,3.40494704246521,0.6309092044830322,0.6302746534347534,0.5088200060594259,0.5233970115500425,0.8471265435218811,0.843507707118988,0.8031201818641563,0.7930102779764093,0.3404691517353058,0.3319823443889618,-0.6284058790702806,-0.6498424095042569,0.8529688715934753,0.8486625552177429,0.815987815788572,0.8044149549787207,0.7153737545013428,0.7084110379219055,0.8395432370598289,0.8307220203383501,0.7829194068908691,0.7687223553657532,0.6617049926830122,0.6275538445548511,0.2786811590194702,0.28773707151412964,-0.8703384363807806,-0.8238673399428378,0.7709458470344543,0.7761087417602539,0.6353334190369634,0.6438956163063593
283,11.791666666666666,283,11.791666666666666,0.0,0.08136987374876165,0.07289129256484231,0.5546529034397801,0.5562490817362843,0.08175592862962706,0.08306679019954141,0.08183144273946927,0.08245024637668544,0.12766839014606268,0.12920948290055256,0.09374097531742115,0.09191284594627017,0.08276135695352345,0.08177542271374488,0.4971775412559509,0.49790284037590027,0.49690625071525574,0.4972386062145233,0.5014429986476898,0.4973595142364502,0.23225224763154984,0.23235581815242767,0.2844715118408203,0.2840970754623413,0.4824628680944443,0.4851095378398895,187.58702087402338,-173.0648193359376,-5.016024589538574,-4.9730329513549805,3.0020697116851807,3.364264726638794,0.6306028366088867,0.6296358108520508,0.5055608114774844,0.5199222089326273,0.8477985858917236,0.843639612197876,0.8043787177777326,0.7926919717408896,0.3391401171684265,0.3326285481452942,-0.6352901781313908,-0.6474877960834774,0.8520674109458923,0.8491979837417603,0.813777612701538,0.8049812518150367,0.7154713273048401,0.7075870633125305,0.8377552745737118,0.8263156324353655,0.7835416793823242,0.7693906426429749,0.6629009329664627,0.6285312324177037,0.27877479791641235,0.2873772382736206,-0.8715736875247226,-0.8253515675038858,0.7704353332519531,0.7756751775741577,0.6340440066339846,0.6424260232382353
284,11.833333333333334,284,11.833333333333334,0.0,0.12651061323340623,0.11753721733683355,0.5714614564348639,0.5690583391885093,0.08138844657035621,0.08633316488883135,0.08156055672634362,0.08519563412733913,0.1263933980400647,0.12539095812478437,0.09277803995428412,0.08789572686520006,0.08276938354407648,0.08174087965676825,0.4968215823173523,0.49734117090702057,0.49624231457710266,0.4969380795955658,0.5013565570116043,0.4976338744163513,0.23155296593904495,0.231582410633564,0.2837226688861847,0.28459689021110535,0.48249009251594543,0.4848628491163254,186.42349243164057,-172.9851074218751,-5.6257619857788095,-7.331524848937989,3.2252283096313477,3.204772233963013,0.6303465366363525,0.6296213865280151,0.5057384466772248,0.5185558163210212,0.8490450382232666,0.8439673781394958,0.8084098686524872,0.7936080717582382,0.3391805589199066,0.33297663927078247,-0.6358527817573787,-0.6469094357338626,0.8514829277992249,0.8490319848060608,0.8137864541138747,0.8048006700298328,0.7143117785453796,0.7067059278488159,0.8349458094621823,0.8214074771396733,0.7837042212486267,0.7692234516143799,0.6643055211686829,0.6284266869213754,0.27937376499176025,0.2871904969215393,-0.8703407253166973,-0.8267951691812477,0.7694784998893738,0.7748262286186218,0.6329317430483817,0.6408086222506871
285,11.875,285,11.875,0.0,0.1513796788426708,0.12308433902910829,0.5664067516478135,0.5761898652987925,0.08147762551738727,0.08732093465925989,0.08184798991992624,0.08681943443485753,0.12642567091889773,0.12566359517895306,0.09281051929774657,0.08529932176729474,0.08311972850852871,0.08262568510348871,0.49615465104579926,0.4974152445793152,0.4956367611885071,0.49650993943214417,0.5003005266189575,0.4972444921731949,0.23199942708015442,0.23199115693569183,0.2850989103317261,0.28575894236564636,0.4839200973510742,0.4850367307662964,185.93154907226557,-173.56887817382824,-6.894416332244873,-6.777282238006592,3.1786282062530518,3.764275550842285,0.6303169131278992,0.6297935843467712,0.5102508362414364,0.5216751896548312,0.8495202660560608,0.8440448045730591,0.8070762133270126,0.7947859248205611,0.33823415637016296,0.33303290605545044,-0.6360313739405032,-0.6462896797460851,0.8503408432006836,0.8489199876785278,0.8088876684392209,0.8055787932707429,0.7145599126815796,0.7052202224731445,0.8408634776471885,0.8185327924068337,0.7865670919418335,0.7692365050315857,0.6681046981852208,0.6291724250881674,0.27982139587402344,0.2877510190010071,-0.86527293872031,-0.8245061928107027,0.7694475650787354,0.77447909116745,0.6303126945229673,0.640778664541955
286,11.916666666666666,286,11.916666666666666,0.0,0.12447091459263351,0.1255982487464456,0.5639308451592511,0.591379507060876,0.07956205033196767,0.08586801884934679,0.08098779951756647,0.08593692697423679,0.12673159128923928,0.12171063247991265,0.0907773014882507,0.0813004734481876,0.08430535768605964,0.0832682073327175,0.496279314160347,0.4969617873430252,0.49468526244163513,0.49610966444015503,0.5001384317874908,0.4970185458660126,0.2337057888507843,0.23287443816661835,0.2883596122264862,0.2881898880004883,0.4840466380119324,0.48558858036994934,186.13964843749994,-173.75071716308605,-4.82056999206543,-7.441580772399903,3.758839845657349,3.633002281188965,0.629623293876648,0.6298649907112122,0.5100212846931865,0.5226166729230567,0.8487189412117004,0.8447420597076416,0.807968834214546,0.7947598682120864,0.33774498105049133,0.3332936465740204,-0.6396432373200155,-0.6440922242394158,0.8497087359428406,0.848728597164154,0.8101618258073101,0.803581556336626,0.7145236134529114,0.7042781710624695,0.8444308006977136,0.8153574292309418,0.78611820936203,0.7691993117332458,0.6692705017945813,0.6275936067708076,0.27977558970451355,0.2877645790576935,-0.8679759008463526,-0.8232031505001706,0.7694384455680847,0.774870753288269,0.6323147769168809,0.6401437681980471
287,11.958333333333334,287,11.958333333333334,0.0,0.031174922082519145,0.03330057196035614,0.565164238599757,0.5679667746903863,0.07878630103259426,0.0895663339172389,0.0815549743292145,0.09054041725343458,0.1219003888606766,0.12006421111834474,0.09049507189341197,0.08534344381631695,0.08457189552797185,0.08422854019104445,0.49601075053215027,0.49671024084091187,0.4935334324836731,0.49504992365837097,0.5004257708787918,0.4970385581254959,0.23651984333992004,0.23676012456417084,0.29303863644599915,0.29314231872558594,0.4837609678506851,0.48665638267993927,187.09199523925776,-173.00317382812509,0.05080467090010643,-2.5218868255615234,3.8429832458496094,3.4809832572937016,0.629494845867157,0.6298631429672241,0.5103172175974061,0.5217775395038072,0.8480129837989807,0.8453207015991211,0.8101072418478387,0.7925334730521211,0.3382772207260132,0.3321492075920105,-0.6411078483275613,-0.6477382158902397,0.8488620519638062,0.8483874201774597,0.8119955945240944,0.7993099406223781,0.7150795459747314,0.7041941285133362,0.8487045968495074,0.8137734737908079,0.7865124344825745,0.7697087526321411,0.6733282037164123,0.625455240403773,0.28037723898887634,0.28799116611480713,-0.8700345496438899,-0.8212051554537035,0.7688329815864563,0.7753024697303772,0.6340085783033135,0.6378155667738322
288,12.0,288,12.0,0.0,0.023744151248752853,0.021297189188207243,0.5712853713822237,0.5718869099271916,0.08146983080679103,0.08671116882358071,0.08193879226014718,0.08646440617576061,0.1318247970243916,0.12347992321941753,0.09865408170550408,0.08971688978751169,0.08379321864113208,0.08321270557422561,0.495462104678154,0.49592845141887665,0.49376440048217773,0.4948681592941284,0.5006838887929916,0.49711981415748596,0.24117963761091232,0.2415502816438675,0.2992621958255768,0.2999931573867798,0.4826657474040985,0.48626549541950226,189.24253845214838,-170.1838836669923,-1.5686545372009277,-2.4438064098358154,3.35539722442627,2.933203935623169,0.6296132802963257,0.6301130056381226,0.5107743784405924,0.5217714343151738,0.8485734462738037,0.8451706171035767,0.8154010101469535,0.792050866642881,0.33876705169677734,0.33224424719810486,-0.6414594132692145,-0.6468553773179365,0.8485552668571472,0.8488792181015015,0.8153604985240733,0.8002352041097189,0.7140810489654541,0.7044875025749207,0.8454069361310717,0.8135644765840538,0.7865145206451416,0.7696337103843689,0.6771068151831445,0.6253520127793928,0.2811599373817444,0.28710734844207764,-0.8696791982610348,-0.8239407163662898,0.7673165798187256,0.7760117650032043,0.6343254788216616,0.6394274421425632
289,12.041666666666666,289,12.041666666666666,0.0,0.02509373289468145,0.02652197536709801,0.566373148480907,0.5761657137096682,0.07791208187582736,0.08150605140505716,0.08053945482474335,0.08306265252440595,0.13040081209526774,0.12801268655749876,0.09959047701392579,0.09435858728403365,0.08454639376898376,0.0830611427507743,0.4951189011335373,0.49608610570430756,0.4936330318450928,0.4942142963409424,0.49970775842666626,0.49729928374290466,0.2503093034029007,0.24830662459135056,0.3087060749530792,0.3076602816581726,0.4840950220823288,0.4875415712594986,189.56893920898432,-169.79669189453136,-2.744527816772461,-1.4027448892593384,3.3525516986846924,3.529695987701416,0.6295278072357178,0.6298890709877014,0.5117951275118082,0.5197566661465348,0.8485726118087769,0.8457294702529907,0.8082537645305047,0.7898114595265314,0.33971136808395386,0.3320702910423279,-0.6307606086123132,-0.6477035085533867,0.8476827144622803,0.8495208024978638,0.8062803568351471,0.798171422725421,0.7143609523773193,0.7035194635391235,0.8462364617531377,0.8083904150561037,0.7881954908370972,0.7700716853141785,0.6743634055827852,0.6229845351246174,0.28063511848449707,0.2872685194015503,-0.8636594325924603,-0.8233280415536292,0.7698581218719482,0.7762746214866638,0.6336990467430818,0.6366621330711342
290,12.083333333333334,290,12.083333333333334,0.0,0.024675145715634877,0.02709969587191291,0.5741791523704206,0.570290912009042,0.08308589679659406,0.08952289860075478,0.08586802260733485,0.09087936599306003,0.1291938949286149,0.12157132005036102,0.09884182031617139,0.09208358168434355,0.083807227122773,0.08354661071989118,0.49477049708366394,0.4953549653291702,0.4928276836872101,0.49363911151885986,0.4997444301843643,0.4971882849931717,0.25195538252592087,0.2513866573572159,0.3121596872806549,0.31118589639663696,0.48455215990543365,0.4889298528432846,190.93003845214838,-169.1687774658204,-1.4450514316558838,-0.8091590404510498,3.3846590518951416,2.9936976432800293,0.6301850080490112,0.6294142007827759,0.514690029044009,0.5179457094531636,0.848368763923645,0.8464716672897339,0.8074917301367759,0.7878018979538313,0.3390207290649414,0.333473265171051,-0.634180618879615,-0.6412925301635445,0.8467921614646912,0.8518008589744568,0.8039924576097451,0.7995441534164109,0.7139583230018616,0.703467607498169,0.845241231837181,0.8080223109240798,0.7867631912231445,0.7704905271530151,0.6707580298697481,0.6203862727322719,0.2803744077682495,0.28707262873649597,-0.8655861930165227,-0.8230497175776584,0.7677841186523438,0.7765452861785889,0.6286339377383724,0.6337272316334985
291,12.125,291,12.125,0.0,0.02049349852878476,0.021831009216843427,0.5676581855304237,0.5771796103322744,0.0824310034684512,0.08780397576265286,0.08418358740502567,0.08895549790893803,0.12700303129467103,0.11854484676107577,0.09749424098210503,0.09024007865584069,0.08423149645106977,0.0843293588976957,0.49463772773742676,0.49508340656757355,0.4929521083831787,0.49353983998298645,0.5000348389148712,0.4972328543663025,0.25195977091789246,0.25206056237220764,0.3110838830471039,0.30985239148139954,0.4845653623342514,0.4898230731487274,191.12089538574213,-170.01065063476574,-1.3436083793640137,-1.3464486598968506,3.217682123184204,3.0692131519317627,0.630845308303833,0.6291659474372864,0.5155625942757913,0.5160346847345627,0.8479774594306946,0.8466629981994629,0.8056766977487639,0.7850930182878226,0.3381617069244385,0.3348047733306885,-0.63798969809046,-0.6353108355017208,0.8486817479133606,0.8543097376823425,0.8072380899630309,0.8019168133825589,0.7139036059379578,0.7033461928367615,0.842919812733977,0.8061785649182486,0.787085235118866,0.7711079716682434,0.6706799637542112,0.6188623931194707,0.27988314628601074,0.286515474319458,-0.8676826733833245,-0.8241865194660635,0.7700434923171997,0.7760928869247437,0.6328987914321283,0.6298298378752063
292,12.166666666666666,292,12.166666666666666,0.0,0.019791545959562454,0.020870382996857475,0.5708228517285486,0.5729668210302074,0.07973930732799801,0.08511143541295303,0.08184939447920155,0.08561973851675156,0.1271081173329852,0.12089187372834814,0.09910977142137017,0.09503653247285057,0.08406617502073052,0.08384969550735787,0.4945961534976959,0.4949410408735275,0.4929654598236084,0.4937031865119934,0.500780001282692,0.4974365234375,0.24977169930934906,0.2496347725391388,0.30799993872642517,0.30661964416503906,0.48420262336730957,0.48998840153217316,191.85188293457026,-169.58906555175793,-1.3386226892471313,-1.204796314239502,3.129183530807495,2.720557451248169,0.6311171054840088,0.6293143033981323,0.5143082871148749,0.5167236485346155,0.8479548692703247,0.8465840816497803,0.8073905551678398,0.7859326209244265,0.3362298011779785,0.3349339962005615,-0.6493126579638252,-0.6367175637551122,0.8469533324241638,0.853703498840332,0.8051675272708285,0.8016237314005248,0.7147722244262695,0.7047461867332458,0.8444101502430459,0.8122809288011829,0.7864423394203186,0.7724040746688843,0.6708563174146617,0.6224407713107126,0.28112179040908813,0.2858537435531616,-0.866768054096293,-0.8290238584662899,0.7680990695953369,0.7775540947914124,0.6301412896055023,0.6337913541651575
293,12.208333333333334,293,12.208333333333334,0.0,0.018926792405557363,0.016878700094083637,0.5649868690570258,0.5772755570578234,0.08132917094844375,0.08600854525744933,0.08357816653415268,0.08678662417829439,0.12311594702689456,0.11984591706904708,0.09821218912843674,0.09514756228701365,0.08434826432156833,0.08398785251496557,0.49448226392269135,0.49488234519958496,0.4929713010787964,0.49342337250709534,0.5013773739337921,0.49675221741199493,0.24604514241218567,0.24589227885007858,0.30358704924583435,0.3025767207145691,0.48218317329883575,0.48810233175754547,191.61251831054682,-169.0418395996095,-1.068321943283081,-0.36472761631011963,2.8765695095062256,2.7115895748138428,0.6320309638977051,0.6299818754196167,0.5159304256326116,0.5239890309490535,0.8469412326812744,0.8457183837890625,0.810209285073401,0.7911536094059421,0.3342090845108032,0.335186243057251,-0.6601212162490145,-0.6354350795649327,0.8455701470375061,0.8533111810684204,0.8071637970008613,0.807951146705868,0.714722752571106,0.7060533761978149,0.8424672604671801,0.8231764083821467,0.7838917970657349,0.7722124457359314,0.6701623777046226,0.6285365012723871,0.28208327293395996,0.28500059247016907,-0.8659578270969376,-0.832814032659359,0.7656954526901245,0.778310239315033,0.6297442243882206,0.6420266434852803
294,12.25,294,12.25,0.0,0.019129393784128593,0.020145223160876736,0.5769176004550752,0.5829232974656695,0.0850657116890195,0.08695460150192927,0.08654373359469418,0.08689394347093388,0.1208821334829734,0.11881127338995404,0.09439041975908047,0.09417507415315747,0.08392086818116255,0.08295349651280493,0.49436330795288086,0.49503442645072937,0.49263671040534973,0.493716835975647,0.5006857514381409,0.49658799171447754,0.24438118934631348,0.2436465099453926,0.3027155101299286,0.3010714054107666,0.48256716132164,0.4877378046512604,192.1238403320312,-168.7609100341798,-0.7571178078651428,-0.23556461930274966,3.0696020126342773,2.4929885864257812,0.6334894299507141,0.630250871181488,0.5216819482695831,0.5249740414270314,0.8469259738922119,0.8452097773551941,0.8050957040777242,0.7897534653040837,0.33429229259490967,0.33505383133888245,-0.6536299653810665,-0.6344412251108827,0.8456082940101624,0.8526458740234375,0.8021841279725567,0.806181838884424,0.7144545316696167,0.7069734334945679,0.8397306083642142,0.8263094141703342,0.7826060056686401,0.7719875574111938,0.6629728067670314,0.6279855328403938,0.28193914890289307,0.2847161889076233,-0.8592845850812499,-0.8321472425812692,0.7691339254379272,0.7773074507713318,0.6332045850456574,0.6397386338861556
295,12.291666666666666,295,12.291666666666666,0.0,0.03284662855545003,0.034940221476326305,0.5667157154855645,0.5719839001138334,0.08166686116731457,0.08694915098253533,0.0840473887572352,0.0880210909099532,0.12515757668263708,0.11743197058920529,0.09648802349904502,0.09129391049261167,0.08360895992823306,0.08335417644729183,0.49429309368133545,0.4947611838579178,0.4926045835018158,0.4928392469882965,0.5001396983861923,0.49712884426116943,0.24384930729866028,0.24312156438827515,0.3015655279159546,0.3011143207550049,0.4818405359983444,0.48711469769477844,189.9028930664062,-170.04539489746105,-1.8953007459640505,0.04832576960325241,3.1602659225463867,2.846222400665283,0.6335350275039673,0.6307221055030823,0.5218917916869693,0.5253729062809518,0.8470340967178345,0.8450197577476501,0.8036842944541399,0.7917234084365945,0.3348231911659241,0.3338249921798706,-0.6467792292220607,-0.6422136758789568,0.8459717631340027,0.8505620956420898,0.8013464087172866,0.8039836392582679,0.7148052453994751,0.7067906856536865,0.83985089796744,0.8245225090294044,0.7816416621208191,0.7721653580665588,0.6597746577173934,0.6305618601014168,0.281843364238739,0.28516125679016113,-0.8540558781209299,-0.8335901559087574,0.7703311443328857,0.7760398983955383,0.6348835137158473,0.639132748355781
296,12.333333333333334,296,12.333333333333334,0.0,0.06289790089441925,0.07737911827052142,0.5610625486763422,0.5738382279661973,0.08238917313087278,0.08963870719085844,0.084663003803708,0.09058734422123767,0.12382506176080846,0.11602201850303216,0.09843946408161601,0.09338129790706015,0.08373187095843918,0.08319403487273487,0.49406951665878296,0.49466750025749207,0.4930263161659241,0.4935246706008911,0.4997738152742386,0.49629148840904236,0.2437342032790184,0.24363810569047928,0.3030419945716858,0.3026275932788849,0.4822724163532257,0.48791056871414185,189.18952941894526,-170.527557373047,-3.884082078933716,-2.8345158100128174,2.5211143493652344,2.276275873184204,0.6333392858505249,0.6305741667747498,0.5210664679038802,0.5268048955984035,0.8473637700080872,0.8450203537940979,0.8011669069546198,0.788050564312545,0.3361424505710602,0.3345053195953369,-0.6383597263297082,-0.6347039455011008,0.8473141193389893,0.8511218428611755,0.8010579521064943,0.8015150004701284,0.7151188254356384,0.7066248655319214,0.8401053306770425,0.8251596864512258,0.7823081016540527,0.771930456161499,0.6584068879256858,0.6267597302850778,0.2816532850265503,0.28527116775512695,-0.8509332073858853,-0.8278546372784953,0.7718559503555298,0.7766141891479492,0.6354703882166962,0.6370955389838927
297,12.375,297,12.375,0.0,0.03855142330495759,0.04371176647051386,0.5200770274600762,0.5474206164431988,0.08515597029487976,0.08624673601274144,0.08791088717393422,0.0883002115563683,0.12796337768954072,0.12057195854753593,0.1050470939733983,0.09870683018708282,0.08316474325996841,0.08282989106312928,0.49364952743053436,0.49447402358055115,0.49157392978668213,0.4925372004508972,0.4992808997631073,0.49657537043094635,0.24558383226394653,0.24519196152687073,0.3081691563129425,0.3060477375984192,0.48287664353847504,0.4872622787952423,191.75114440917963,-170.02975463867196,0.6393659114837646,0.36167794466018677,2.9284744262695312,2.731400966644287,0.6332574486732483,0.6304254531860352,0.5224856569261391,0.5259171249161335,0.8465815186500549,0.845348596572876,0.7978426258698792,0.7914234649550133,0.33592361211776733,0.334193617105484,-0.6370655196253324,-0.6380223537405411,0.8470326066017151,0.850455641746521,0.7988321567243677,0.8027107864368629,0.7152103781700134,0.7059288024902344,0.8420880840184959,0.8225811505952162,0.7830728888511658,0.7719722390174866,0.6585266710078529,0.6292509153232064,0.2815357446670532,0.2853075861930847,-0.849168912980072,-0.8301029284911218,0.7731407880783081,0.7758191227912903,0.6367390791902013,0.6377530946425334
298,12.416666666666666,298,12.416666666666666,0.0,0.03808327042892224,0.04193360557161775,0.4964678692059215,0.5251099386855427,0.08546539596188815,0.09131757460671207,0.0860596044770105,0.09266980012482492,0.12770645720620882,0.12359937580515905,0.10577147935093424,0.10274490951286727,0.08313167348072173,0.0821660552299762,0.49320188164711,0.4943780153989792,0.49200937151908875,0.49253836274147034,0.49893632531166077,0.4970836490392685,0.24675749987363815,0.24683186411857605,0.31064242124557495,0.3098598122596741,0.4837407171726227,0.4866064488887787,192.6543579101562,-168.339324951172,-0.9706138372421264,1.4773368835449219,2.0994830131530766,2.6554574966430664,0.633701741695404,0.6301000118255615,0.5269552824702189,0.5229953470914799,0.8467000126838684,0.8457717299461365,0.7983176939105693,0.7943458524837334,0.3355588912963867,0.33450478315353394,-0.6388330493160826,-0.6392295550153985,0.8473904728889465,0.8508551716804504,0.7998363396801413,0.8055886175029674,0.7143348455429077,0.7056552171707153,0.8422441833958229,0.8200642190432895,0.7828732132911682,0.7717236280441284,0.6579326316431828,0.6305777887750377,0.28121501207351685,0.28533294796943665,-0.8513266919348377,-0.8325639724550702,0.7737036943435669,0.7747587561607361,0.6377645596002627,0.6372904126235522
299,12.458333333333334,299,12.458333333333334,0.0,0.03831371933034124,0.03879774847668686,0.5093678148158288,0.5198214067794262,0.08454402482151711,0.09454965798937259,0.0858734688990637,0.09636624089479541,0.12675813794874713,0.11670001069796382,0.10329922561277223,0.0955399359774573,0.08322050772584443,0.08244222294196414,0.493147149682045,0.4945683628320694,0.49190443754196167,0.492972195148468,0.498932808637619,0.4968511462211609,0.24895207583904266,0.24909456074237823,0.3128924071788788,0.3125310242176056,0.4838825762271881,0.48625846207141876,192.6113891601562,-167.75907897949227,-1.9305354356765745,0.638138473033905,2.217650890350342,2.438210010528565,0.6332963705062866,0.6299937963485718,0.5265049404981814,0.5241000701070097,0.8470568060874939,0.8455517888069153,0.8004947605464608,0.7955522319283574,0.3358643054962158,0.3342391550540924,-0.6389855355837581,-0.6401025958950418,0.8469114303588867,0.8502026796340942,0.8001743289202812,0.8058502984458612,0.7134896516799927,0.7054877877235413,0.8407431025825245,0.8212731107098249,0.7816689610481262,0.7720999717712402,0.656369370984621,0.6329142071343624,0.28134453296661377,0.2857224941253662,-0.8526218011936999,-0.8310826114630847,0.7730218768119812,0.7741317749023438,0.6373097983169774,0.6374130536074515
300,12.5,300,12.5,0.0,0.04470880566223003,0.04155732437167735,0.536804301208575,0.5431707296414965,0.08347551061000574,0.09303526037397543,0.08626917144055961,0.09521195350591327,0.12812625989406748,0.11818020249040571,0.10621336285432356,0.09308096737584443,0.08320817450126605,0.08299672821559909,0.493078351020813,0.4947003126144409,0.49149593710899353,0.492799311876297,0.498503178358078,0.49639637768268585,0.250827856361866,0.2511139214038849,0.31581130623817444,0.3146900236606598,0.4836333245038986,0.48748883605003357,193.82678222656244,-166.88162231445324,-0.6703147888183594,0.21652722358703613,2.419292688369751,2.8406102657318115,0.6328960657119751,0.6302872896194458,0.5279326715705155,0.5274130767055729,0.8475496768951416,0.8448124527931213,0.8041301623917442,0.7917426527684304,0.3356984257698059,0.33462417125701904,-0.6395423870310271,-0.6372409888186372,0.8466313481330872,0.8508577942848206,0.8021009712006708,0.8051376663786569,0.7125918865203857,0.7055542469024658,0.8410000400957237,0.8238990512999823,0.7815288305282593,0.7721794843673706,0.6582467648433822,0.6308055738705746,0.28142037987709045,0.2854868471622467,-0.8527616603122881,-0.8307990646209993,0.7736349105834961,0.7765628099441528,0.6408039127006309,0.6405179624659371
301,12.541666666666666,301,12.541666666666666,0.0,0.042753299206018336,0.04291662609968036,0.5442534475985531,0.5485642732015291,0.08402281710135343,0.09272137813985837,0.08792295564515491,0.09551027966456073,0.1254979553574482,0.12154617740564878,0.10387367620622809,0.09694189399092734,0.08343188476426097,0.08288497531769197,0.49297821521759033,0.494552880525589,0.4913768470287323,0.4926483631134033,0.49852925539016724,0.4962979406118393,0.2525300979614258,0.25199391692876816,0.31808629631996155,0.31706491112709045,0.48313821852207184,0.487607479095459,195.46255493164057,-165.31793212890636,-0.8729115128517151,-0.1545470952987671,2.428368330001831,2.7966833114624023,0.6330204606056213,0.6303868889808655,0.5294554302480177,0.5277989026243435,0.8474709987640381,0.8449154496192932,0.8067821783713514,0.7911170221881432,0.3351878523826599,0.33374136686325073,-0.6430308410732954,-0.6398527416499367,0.8463490009307861,0.8495780229568481,0.8042976150678853,0.8014404446663278,0.7122356295585632,0.7055792212486267,0.8413040845370485,0.8237698304257038,0.782285749912262,0.7726898193359375,0.6624353067245358,0.6312019621583846,0.2812091112136841,0.28548890352249146,-0.8555305177925467,-0.8297833624053828,0.7734168767929077,0.7759799361228943,0.6427959847558135,0.6384866230388361
302,12.583333333333334,302,12.583333333333334,0.0,0.03414113182251975,0.03300521729684173,0.5414593078320687,0.5465458724984769,0.08298398960779653,0.09166030267329228,0.08619510903483932,0.09477079432619065,0.12948809914107828,0.12259379870952476,0.10401014889432168,0.0968120714055259,0.08309410902174992,0.08250712318835421,0.4931398034095764,0.4943767786026001,0.4914087653160095,0.4916641116142273,0.49842116236686707,0.49645859003067017,0.25293993204832077,0.25216909497976303,0.31858721375465393,0.3176009953022003,0.4832617789506912,0.48775096237659454,196.8475952148437,-163.48123168945324,-1.0016028881072998,1.305418848991394,2.839263916015625,3.4629149436950684,0.6330265402793884,0.630501925945282,0.5296458713842217,0.5267931949805849,0.8469515442848206,0.8448250889778137,0.8049646079111051,0.7893613138351284,0.33523958921432495,0.3338669538497925,-0.6420876182405968,-0.6389886294340473,0.846593976020813,0.8492910861968994,0.8041731921912433,0.7992340130026561,0.7122363448143005,0.7057058215141296,0.8413209812177405,0.8223461230794218,0.7829449772834778,0.7730026245117188,0.6632971043929995,0.6305879088464512,0.2812987267971039,0.2850983738899231,-0.8543343762917686,-0.8306501982575161,0.774262547492981,0.7754903435707092,0.6440800426051816,0.6360873529074053
303,12.625,303,12.625,0.0,0.03079821665839506,0.031544116492707816,0.5397654275400393,0.5503599837696546,0.08683695699837617,0.08951587226414509,0.09029315353314407,0.09231780737454405,0.1237959919692116,0.12260045467305791,0.09845935189108979,0.09820034892282928,0.08268947481089603,0.08243222522248336,0.49312593042850494,0.49404434859752655,0.49122828245162964,0.4914895296096802,0.4984264671802521,0.49702881276607513,0.25204502046108246,0.2518312707543373,0.31676387786865234,0.31576231122016907,0.4833325296640396,0.4874209612607956,196.4583892822265,-163.7474670410157,-0.43048214912414556,1.8569723367691042,2.925267457962036,3.2700984477996826,0.6330781579017639,0.6302725076675415,0.5286897159281413,0.5232776201187301,0.8469609022140503,0.8450828790664673,0.8030994726146609,0.7900975613019127,0.3349727988243103,0.3334659934043884,-0.6417763715217107,-0.6423475641289144,0.8464161157608032,0.848740816116333,0.8018962724622025,0.7981781731831729,0.7130375504493713,0.7059863805770874,0.8426383065864812,0.8206228360058884,0.7837426662445068,0.7735138535499573,0.663477441443848,0.6319971046688072,0.28148630261421204,0.2850741147994995,-0.8517830958026026,-0.8323932326175183,0.7737376093864441,0.7750113606452942,0.6413805521669124,0.6353051915663921
304,12.666666666666666,304,12.666666666666666,0.0,0.03824225110528322,0.035977264578455036,0.5496189727709148,0.5533713228680865,0.08270958013384246,0.08909120157392134,0.08644317213938213,0.09183336889460178,0.125261650593412,0.12440254053762866,0.09898866838266464,0.09938570626903444,0.0830601130510702,0.0817985623009947,0.493115171790123,0.4939807504415512,0.4911227226257324,0.49160489439964294,0.4988471418619156,0.4968995898962021,0.2510496452450752,0.2508499175310135,0.3154018521308899,0.3147951662540436,0.48344333469867706,0.4877925217151642,195.82601928710932,-164.69505310058605,-0.5776366591453552,1.3201696872711182,3.021449565887451,3.2498247623443604,0.6330481767654419,0.6303532719612122,0.5266116265013087,0.5240383216294062,0.8467116355895996,0.8452295064926147,0.8018342585502947,0.7895043022765034,0.3355233371257782,0.3337303698062897,-0.6408908435043631,-0.6407236047323401,0.8469189405441284,0.8490521907806396,0.8022918382898445,0.7979478204913841,0.7135204672813416,0.7057639956474304,0.8423889513731173,0.8201568585022521,0.7838665246963501,0.7739226222038269,0.6631176053960999,0.6320021569319672,0.2816694378852844,0.2852007746696472,-0.8522162590860042,-0.8312868562758395,0.7737439274787903,0.7747730016708374,0.6407742156353111,0.6338804691278649
305,12.708333333333334,305,12.708333333333334,0.0,0.07407944237451226,0.09444024022875093,0.5658510500643348,0.5691076430283326,0.08411384253660716,0.09397909615068437,0.08745296339018305,0.09639476255527478,0.12379228053986241,0.11866371195544621,0.09845247533276115,0.09462916967490412,0.08286901405874195,0.08171386529004894,0.4929845631122589,0.4941404461860657,0.49131232500076294,0.4923311173915863,0.4982651621103287,0.49660739302635193,0.25049278140068054,0.24990713596343994,0.31445416808128357,0.3137369751930237,0.4836657792329788,0.48777125775814056,194.34358215332026,-165.62042236328134,-2.706415891647339,-2.054003953933716,2.663116455078125,2.639317274093628,0.6328773498535156,0.6300420761108398,0.5278357212511685,0.5245095168248199,0.8465914130210876,0.845029890537262,0.8004875208295427,0.7899323552728504,0.3354867100715637,0.3341616690158844,-0.6382801072956997,-0.6385470871695245,0.8463927507400513,0.8485998511314392,0.8000493410427658,0.7978258730822108,0.7138893604278564,0.7059237360954285,0.8454966533585491,0.8227876847969426,0.7833780646324158,0.7738476395606995,0.661060895030701,0.6325417200063728,0.2819969654083252,0.28545528650283813,-0.8480218730838449,-0.8300037652059761,0.7724260687828064,0.7744794487953186,0.6369046073794745,0.6339387095007999
306,12.75,306,12.75,0.0,0.05507731839449048,0.08856620217744023,0.5464481853557055,0.5425591967093418,0.08376640848708508,0.0924051691489091,0.08575873379475973,0.093333593887832,0.1190540504555586,0.11735190654489425,0.09478439087194429,0.09334994398068454,0.08337157760873011,0.08194561104975695,0.49300073087215424,0.4942871928215027,0.4913366138935089,0.49255162477493286,0.4986262917518616,0.49655503034591675,0.2498161420226097,0.24967142939567566,0.31397125124931335,0.3127851188182831,0.4836069345474243,0.487787127494812,194.04878234863276,-166.40650939941418,-1.5129148960113525,-1.2983099222183228,2.571729898452759,2.5080726146698,0.6323761940002441,0.6298218369483948,0.5260449423654606,0.5244840781186265,0.847275972366333,0.8452402949333191,0.8045596171532783,0.7913197301186313,0.33565962314605713,0.33364447951316833,-0.6409559211118468,-0.6411498275349453,0.8463783860206604,0.8482251763343811,0.8025738508340791,0.7979275762923007,0.7141914963722229,0.7059540748596191,0.8478285496607756,0.8241096760747945,0.783717155456543,0.7740954160690308,0.6639458940099847,0.6338212059185446,0.28179335594177246,0.2852672040462494,-0.8528145987675391,-0.8315431548159341,0.7724780440330505,0.7748270034790039,0.6390811564500858,0.6354407734718738
307,12.791666666666666,307,12.791666666666666,0.0,0.0438777906590966,0.05074875847760634,0.5291143018067397,0.5164058404593181,0.08644853710568005,0.09264795756003442,0.0881430289110446,0.09339799418282647,0.12324093147191244,0.12029191197145157,0.10004709873402502,0.0977306489999485,0.08299640115268833,0.08183600906752853,0.4930736571550369,0.4943663477897644,0.49175089597702026,0.49273091554641724,0.4983811676502228,0.49686893820762634,0.24965088069438934,0.2490522563457489,0.3138146698474884,0.3117193877696991,0.48303328454494476,0.48808564245700836,194.93057250976557,-166.76327514648446,-1.556559681892395,0.6049490571022034,2.393045425415039,2.51950740814209,0.6327016949653625,0.6301508545875549,0.5286557000060975,0.5240887990035277,0.8468669652938843,0.8455204367637634,0.8054822191183495,0.7905930688239428,0.3348357677459717,0.33347564935684204,-0.6436782939833938,-0.6424922063315992,0.8458506464958191,0.8481324315071106,0.8032322165371918,0.7963704161129775,0.7138364315032959,0.7061468362808228,0.8479839649900371,0.8229188567976001,0.7826119065284729,0.774550199508667,0.6632295634065285,0.6336173670725432,0.2820410132408142,0.2854616045951843,-0.8514666972710887,-0.8312921856379313,0.7714291214942932,0.7749939560890198,0.6384722773666193,0.6345988912057837
308,12.833333333333334,308,12.833333333333334,0.0,0.03826683377989417,0.042689911395894516,0.5120935889361494,0.5014034440513494,0.08904118052632706,0.09089233318672635,0.09116746161771117,0.0917102612344437,0.11874396940400994,0.12374899247142303,0.0973978528841136,0.10134157392760017,0.08226322248815497,0.08090123023212911,0.49330273270606995,0.4942602217197418,0.4915752708911896,0.49237391352653503,0.49853554368019104,0.4971696585416794,0.24840034544467926,0.24788609892129898,0.3126224875450134,0.3102399408817291,0.48298271000385284,0.4870862662792206,194.85974121093744,-167.07286071777352,1.2377769947052002,1.9880964756011963,2.5869956016540527,2.8859360218048096,0.632725715637207,0.6301785707473755,0.528321629191485,0.5248390766236739,0.8466872572898865,0.8450608849525452,0.8054692015990819,0.7945480808543528,0.33523571491241455,0.3333686590194702,-0.6429295851034298,-0.6463413910664964,0.8461524844169617,0.848112940788269,0.8042848801980826,0.8013223184132109,0.7134765386581421,0.7061695456504822,0.8462465990666213,0.8246914131212526,0.7824144959449768,0.7734959721565247,0.6631291342247285,0.6357050759247845,0.2822228670120239,0.2857379615306854,-0.8516470624145572,-0.8342870773697996,0.7705239057540894,0.7741252183914185,0.6367959353162644,0.6371017291014053
309,12.875,309,12.875,0.0,0.04409906817304826,0.04713916197511547,0.510390023861415,0.49412196242665984,0.09020830677566452,0.09450073537585468,0.09134396712801852,0.09339603687722974,0.1172294201017834,0.12209127719286225,0.09806986787770887,0.10059164514406727,0.08212182191667444,0.08054328092177963,0.49322475492954254,0.49407345056533813,0.4920703172683716,0.49299395084381104,0.49879489839076996,0.4970778226852417,0.24609605967998505,0.2463713139295578,0.3096443712711334,0.30806005001068115,0.4830023944377899,0.48730042576789856,192.84533691406244,-168.51606750488293,-1.0375961065292358,-0.5339992046356201,2.0134432315826416,2.1499574184417725,0.6326960325241089,0.6304636001586914,0.5259820520374824,0.5254231173588196,0.8466452956199646,0.8451048135757446,0.8034970939080013,0.792807666449273,0.33473652601242065,0.33412373065948486,-0.6444438272760568,-0.641896374863442,0.8457241654396057,0.849053680896759,0.8014617855859545,0.8015573978460062,0.7140378355979919,0.7059721946716309,0.8455038303565899,0.8228608342418566,0.7826675176620483,0.773614227771759,0.6621332490570216,0.6344018826309157,0.28165048360824585,0.28623896837234497,-0.8529730955232667,-0.8305203912425728,0.769420862197876,0.7751274108886719,0.6328637400555771,0.6377547290931407
310,12.916666666666666,310,12.916666666666666,0.0,0.04433242399836872,0.04737782658888933,0.5101176612194781,0.5080442343122984,0.08869167863799238,0.0942533322959234,0.08951880492280102,0.0938213331330013,0.11702391719625907,0.1186060667252517,0.09717541590924261,0.09673526058771333,0.08245290516284878,0.08113436861747557,0.4932249039411545,0.494214802980423,0.4918079674243927,0.49302318692207336,0.4988107979297638,0.4969917982816696,0.24548622965812683,0.24513038992881775,0.3075352907180786,0.30585789680480957,0.48315173387527466,0.48774580657482147,191.42007446289057,-169.38604736328134,0.45945832133293146,-0.684014081954956,2.343576192855835,2.213238000869751,0.6326643228530884,0.6303298473358154,0.525718022675829,0.525275901999548,0.8468736410140991,0.8450077772140503,0.8035539489013942,0.791667282369765,0.3356226980686188,0.3347003757953644,-0.6409313855004608,-0.6393356880350511,0.8459457159042358,0.8492678999900818,0.8015039269706811,0.8011074134159774,0.7143357396125793,0.7058858871459961,0.8464875784460509,0.8229236270438077,0.7829210758209229,0.7723678350448608,0.6622665111784405,0.630702303349788,0.28153443336486816,0.28618013858795166,-0.8533664004641022,-0.8304777629727623,0.7697625160217285,0.7758195400238037,0.633195914986768,0.63835103768144
311,12.958333333333334,311,12.958333333333334,0.0,0.046583382842368175,0.04777582442241028,0.5205321436709558,0.522255904407769,0.08478927231969195,0.0912698785361396,0.0858597827803422,0.09136954100532696,0.11843284037461559,0.118362173789901,0.09833000622446665,0.09813414800865683,0.08283029775362036,0.08127095885261719,0.49329207837581635,0.4943885952234268,0.4921919107437134,0.49348118901252747,0.4993468225002289,0.4966731667518616,0.24464428424835205,0.244342640042305,0.3051659166812897,0.3041492700576782,0.4821018725633621,0.4879908114671707,191.1114654541015,-169.449676513672,-1.5972468852996826,-2.011916160583496,2.0044829845428467,1.7647087574005127,0.6333470344543457,0.6305737495422363,0.5275107324818079,0.5266071256780374,0.8463333249092102,0.8446550965309143,0.8065397699571107,0.789017096993912,0.33601176738739014,0.3351108133792877,-0.6429914796853644,-0.635395938944534,0.8472006916999817,0.8497036695480347,0.8084604327867254,0.8001856120169909,0.7141501307487488,0.7058973908424377,0.8456035167503413,0.8228415812277998,0.7820430994033813,0.7726335525512695,0.664178028937759,0.6296901558574239,0.28132164478302,0.2862750291824341,-0.8582868602958786,-0.8274583737018132,0.7695488929748535,0.7760100364685059,0.6365113507479441,0.637159654907345
312,13.0,312,13.0,0.0,0.044564865689076145,0.05101763844943842,0.5308584716496413,0.5425605345780314,0.08543534221732957,0.08947496698364248,0.08683920589438633,0.0900008551995084,0.11783402058213005,0.11858182006244058,0.09700952683884226,0.10097131823875252,0.0831456708285794,0.08140733120536965,0.49306491017341614,0.4941076338291168,0.491884708404541,0.4935927987098694,0.4991714358329773,0.4971815347671509,0.24367641657590866,0.24355340003967285,0.3036954402923584,0.3025878369808197,0.48146988451480865,0.48711635172367096,191.46298217773432,-169.09556579589855,-1.7769722938537598,-3.1726601123809814,2.196660041809082,1.4602785110473633,0.6327905654907227,0.6304571628570557,0.5256932368981977,0.5263565232533896,0.8466903567314148,0.8448660969734192,0.808241957202964,0.7947510889785296,0.33752739429473877,0.33448171615600586,-0.6359507028611877,-0.6425639262442631,0.8487198948860168,0.8485773801803589,0.812733375442303,0.8029958086726386,0.7144782543182373,0.7056682109832764,0.8470743569852922,0.8233937713183982,0.7821877598762512,0.7717980146408081,0.6654961116306174,0.6324282955328608,0.2811300754547119,0.2866365909576416,-0.8578327729609825,-0.831522658721936,0.7701181769371033,0.7737545371055603,0.6387858254351195,0.6367747650415596
313,13.041666666666666,313,13.041666666666666,0.0,0.04489746800271089,0.051288263649366096,0.5301885583350145,0.5403865708631784,0.0862227683484633,0.0889112262735154,0.08795592430259339,0.0890194263903608,0.11421851309377062,0.11592280489681703,0.09429004797131904,0.09771226189618908,0.08361266403832313,0.08157682209988856,0.4932597130537033,0.49408145248889923,0.4919683635234833,0.4932783246040344,0.49919775128364563,0.49714115262031555,0.24231089651584625,0.2431444153189659,0.3023292124271393,0.30119386315345764,0.4830935001373291,0.486432284116745,191.9234771728515,-169.20933532714855,-1.5088156461715698,-1.8873027563095093,2.1370246410369873,1.7000706195831299,0.6325949430465698,0.6306856274604797,0.5214446291598442,0.5279264985666442,0.8464571833610535,0.844512403011322,0.7989609577339246,0.7962515167724963,0.3380906283855438,0.3347601890563965,-0.6297617127046529,-0.6419225777088856,0.8497063517570496,0.8479611873626709,0.8061052014031674,0.803920470243748,0.7158357501029968,0.7062545418739319,0.8468298280000544,0.8266646712579911,0.7840926051139832,0.7718559503555298,0.6618342566753794,0.6346876443936553,0.28076767921447754,0.2866247296333313,-0.853834975251121,-0.8322111282500482,0.7720642685890198,0.7739301323890686,0.6353864532386951,0.6392999378529127
314,13.083333333333334,314,13.083333333333334,0.0,0.045036401596268635,0.047883208495709394,0.5401059350970547,0.5402106331210321,0.08415338669854779,0.08761271666924546,0.08560353139521891,0.08809891079089058,0.11619672210051676,0.11907533195688644,0.09571480779009545,0.10154430221468096,0.0832660975267833,0.08160089950368288,0.49310994148254395,0.494004487991333,0.49181121587753296,0.4932580888271332,0.49940139055252075,0.4970555156469345,0.24212023615837097,0.24201600253582,0.300717294216156,0.29945293068885803,0.48287060856819153,0.4859235882759094,191.65769958496088,-169.11697387695324,-1.279579758644104,-1.9018650054931643,2.223937749862671,1.6724079847335815,0.6329696774482727,0.6302824020385742,0.5216987843933311,0.5283092262262348,0.8470594882965088,0.8437083959579468,0.800139437257053,0.7980695470869065,0.3398217558860779,0.33456891775131226,-0.6232954195511428,-0.6443381747586678,0.8517171144485474,0.8474478721618652,0.8103724525293097,0.806410767888701,0.7160079479217529,0.706931471824646,0.8460344914010178,0.8322599665490332,0.7851415872573853,0.7711935043334961,0.6641030087682399,0.6363188928578646,0.2807167172431946,0.28650638461112976,-0.8541513175202419,-0.8349294313847476,0.7725827693939209,0.7733635902404785,0.6365107180168514,0.6411594546697128
315,13.125,315,13.125,0.0,0.04732990153989942,0.04757976394338721,0.5415652577188654,0.5426149521722988,0.08153969031945425,0.08252294935204807,0.08304811135870277,0.08278934418171625,0.11771906513318577,0.12073859504076188,0.099420274668636,0.10237500039043054,0.0831938265358972,0.08187598548307212,0.4930177628993988,0.4937223047018051,0.49193471670150757,0.4929623603820801,0.49947938323020935,0.4969941973686218,0.24143033474683762,0.24116864800453186,0.29869943857192993,0.2971249222755432,0.48277831077575684,0.4855710566043854,191.12010192871088,-170.09094238281259,-1.5285108089447021,-1.7580194473266602,1.9583712816238403,1.734523057937622,0.6336851119995117,0.6302560567855835,0.5237085247985455,0.5290225023040566,0.846528947353363,0.8434771299362183,0.798444764249082,0.7992080901795213,0.3380991220474243,0.3347126245498657,-0.6297511983331385,-0.6442248675354233,0.8509336113929749,0.847688615322113,0.8081131485405662,0.8086123820954042,0.7168638110160828,0.7066401243209839,0.8482952183480589,0.8322517287348886,0.7853941917419434,0.7725188136100769,0.6642519392114521,0.6407574108003239,0.2810934782028198,0.2869562804698944,-0.8522032644023021,-0.8338078491673327,0.7716951370239258,0.7729836106300354,0.6341820577737897,0.6417953075177059
316,13.166666666666666,316,13.166666666666666,0.0,0.05281018417532771,0.04891472510321419,0.5492564103915056,0.5392486062209649,0.06649368742241085,0.05931059307733454,0.06776692585061464,0.06035060330360052,0.12688507180742345,0.138656464628794,0.1113992872358083,0.12274000647665242,0.0840902886647452,0.08259855014097682,0.49295465648174286,0.4938657134771347,0.49185821413993835,0.49300962686538696,0.5004355311393738,0.49667583405971527,0.24122469872236252,0.24120478332042694,0.29564744234085083,0.2933601438999176,0.4816836565732956,0.484975665807724,189.3690795898437,-172.82803344726574,-0.8976465463638306,-1.2507669925689697,1.8741977214813235,1.6999056339263916,0.6340020895004272,0.6302793025970459,0.5228390191314747,0.5309357751249918,0.8463286757469177,0.8431548476219177,0.8029029770147326,0.800658139955571,0.33602285385131836,0.33529895544052124,-0.6435844718982591,-0.6413063902827727,0.8489474654197693,0.8482268452644348,0.8086692261445658,0.8119958625382961,0.7176032066345215,0.7070032954216003,0.8500910395251565,0.8358343907594135,0.7847850322723389,0.773041844367981,0.6673915289931571,0.6439305867581413,0.2820321023464203,0.2869557738304138,-0.8549283285145661,-0.8334205987024358,0.7686837911605835,0.7727954387664795,0.6319385987665002,0.6433797824105141
317,13.208333333333334,317,13.208333333333334,0.0,0.08636711898067455,0.054533267190134335,0.5552653594477464,0.5544910443025003,0.054086317834733735,0.04935224809172363,0.056189105035020136,0.0517302458910525,0.14751880181899507,0.14725135530330732,0.13946771055639653,0.14011038234401443,0.08179836878103973,0.08163847317587777,0.4928048551082611,0.4939671754837036,0.4924079179763794,0.4930782914161682,0.5005250871181488,0.49703606963157654,0.24016781151294708,0.24014075100421906,0.2900974154472351,0.2907220125198364,0.4828278422355652,0.4855971932411194,185.20736694335932,-174.46302795410168,-2.1603012084960938,-0.4679925441741943,1.1045085191726685,1.207613468170166,0.6339048147201538,0.6305117011070251,0.5232566359232975,0.5299560370380394,0.8469201922416687,0.8431088924407959,0.8034502669994952,0.7984553673178427,0.33689820766448975,0.3353058695793152,-0.641918018793896,-0.6421389053688885,0.8491707444190979,0.848868727684021,0.8084166079506893,0.8113192019143463,0.7178702354431152,0.7070108652114868,0.8526579952699085,0.8336908341495275,0.7853714823722839,0.7733889222145081,0.667629430947316,0.6427449820044715,0.28200316429138184,0.28671395778656006,-0.8572745519095338,-0.8350698300712541,0.7694939374923706,0.7735089063644409,0.6325921178237389,0.643012950825412
318,13.25,318,13.25,0.0,0.11284970717723684,0.08994579093661745,0.5623703115870957,0.5561383291106914,0.04989273077065336,0.05017996288751297,0.05176108684396499,0.052927919314727574,0.14447587821111765,0.14029393974889276,0.14008918935933845,0.13903204000580097,0.08221420756011578,0.0817267276479016,0.4921434819698334,0.4933469742536545,0.49267175793647766,0.49306610226631165,0.501082107424736,0.49646805226802826,0.23698321729898453,0.23669520020484924,0.28593164682388306,0.28573980927467346,0.48254209756851196,0.4872368574142456,184.12246704101557,-175.67976379394543,-4.309218883514404,-1.4774572849273682,0.2655099332332611,0.41846325993537903,0.6337682008743286,0.6302521228790283,0.5206024149381163,0.5297043161433126,0.847143292427063,0.8436199426651001,0.8046766235920317,0.7937225440784903,0.3352046012878418,0.3358498215675354,-0.6508310557171242,-0.6359514228023339,0.8486076593399048,0.8488691449165344,0.8079084885440447,0.8054133631375888,0.717825710773468,0.7067172527313232,0.8504074571206357,0.8324601609328727,0.7861541509628296,0.7732096910476685,0.670073289534787,0.6369075706527545,0.28199440240859985,0.28643572330474854,-0.8596046906602205,-0.8316014804555789,0.7683049440383911,0.7748915553092957,0.6306800023917627,0.6406533533113052
319,13.291666666666666,319,13.291666666666666,0.0,0.1380070182526354,0.14430607536311246,0.5702082355100874,0.5732183336523192,0.05369659406428688,0.05054098086396681,0.05591794719318392,0.052333580539757174,0.12475583425450106,0.12228881742145004,0.13500956215957804,0.13267122374597531,0.08272178658299895,0.08175063202366256,0.49151118099689484,0.4925888627767563,0.49198463559150696,0.4922536313533783,0.500919908285141,0.49666909873485565,0.23246580362319946,0.2333052158355713,0.28020113706588745,0.27945956587791443,0.48246440291404724,0.486734539270401,182.70675659179682,-177.76802062988293,-1.5709470510482788,1.5812714099884033,-0.960467040538788,-0.7592986822128296,0.6345940828323364,0.6303979158401489,0.5229257304924365,0.5295703728861887,0.8468433618545532,0.843097448348999,0.8018041841895172,0.7938047612686222,0.3354043960571289,0.33585336804389954,-0.6474872235631767,-0.6368354129754998,0.8488398194313049,0.8474990129470825,0.8061973249000864,0.8036093252285024,0.7178424596786499,0.7059365510940552,0.8485886225366908,0.8287057732032945,0.7859164476394653,0.7727333307266235,0.6677364682888594,0.637067429273199,0.2827746868133545,0.28651076555252075,-0.853371637999478,-0.8322336896233844,0.7676941156387329,0.7752752304077148,0.6276388125779999,0.642729556329953
320,13.333333333333334,320,13.333333333333334,0.0,0.14010499692558703,0.14484018113335645,0.5944042669031827,0.5637348290155546,0.05731440717465764,0.058485954726186694,0.058341503638714,0.05832672887132056,0.11104611092363646,0.1078040226574682,0.13486512929772088,0.1259671861491524,0.08222802894016007,0.08254505900818628,0.4900815337896347,0.49081727862358093,0.4904552400112152,0.4914870262145996,0.5015828609466553,0.49659742414951324,0.228860005736351,0.22974982857704163,0.2760229706764221,0.2752833068370819,0.4829154908657074,0.48845136165618896,182.241470336914,-178.38209533691415,1.5849982500076294,0.15467236936092377,-2.3319246768951416,-2.181833505630493,0.6351644992828369,0.6304365992546082,0.5234038245464859,0.5264703514983166,0.8465152978897095,0.8430538773536682,0.8013759355982819,0.7846121092785487,0.3353591561317444,0.33597564697265625,-0.6513030077640938,-0.6318225095319278,0.8477160334587097,0.8474904298782349,0.8040223632680035,0.7944286578932095,0.7176907062530518,0.7059597373008728,0.8467606338470178,0.8235484902588956,0.7864373326301575,0.7744415998458862,0.6689637761618596,0.6327969884187938,0.28340041637420654,0.2862222194671631,-0.854889394684045,-0.8275328047163896,0.7673356533050537,0.7768343687057495,0.6268635719127333,0.6380913541918641
321,13.375,321,13.375,0.0,0.05220623879793721,0.06496849623211971,0.5724773841230383,0.5695401365985729,0.060656304334970615,0.06755588352844694,0.06267024473605842,0.06811647806194158,0.09799340346968848,0.0920167377871646,0.1359313396938196,0.12496885064677102,0.08393715310973313,0.08250774133127899,0.48755960166454315,0.488704189658165,0.48831498622894287,0.49000510573387146,0.5018355250358582,0.4962242543697357,0.2275024801492691,0.22743114829063416,0.2747054696083069,0.27387505769729614,0.48239532113075256,0.4888900816440582,181.77384948730463,-177.92591857910168,2.513307571411133,0.5587121248245239,-3.8921804428100586,-3.728931427001953,0.6350303888320923,0.6297541260719299,0.5221211430808955,0.5255343215991458,0.8468049764633179,0.8429831862449646,0.8035190994429333,0.7839035819451184,0.3367553949356079,0.33569252490997314,-0.6471107351387414,-0.6318056960687368,0.8480508327484131,0.8468301296234131,0.806266198224719,0.7924200784674236,0.7178411483764648,0.7050788998603821,0.84673762753371,0.8219904882073913,0.7861023545265198,0.7742162346839905,0.6696705161281815,0.6316649222602552,0.28357505798339844,0.2869032323360443,-0.8555765687867491,-0.8238260091813465,0.769471287727356,0.7765082716941833,0.6329992050866456,0.6367391131973141
322,13.416666666666666,322,13.416666666666666,0.0,0.01792339821764811,0.025849090650932237,0.5928532816530632,0.5870146337478023,0.07540171228937834,0.07184918821118123,0.0764709058494858,0.07305320607770843,0.09163267799690639,0.09199028404095486,0.1339259955828924,0.13436579544647037,0.08253852326812998,0.08153737880133792,0.48577237129211426,0.48678426444530487,0.48704710602760315,0.4878213107585907,0.5018295347690582,0.4965171813964844,0.22831135243177414,0.2274072840809822,0.2776683270931244,0.2769045829772949,0.482516348361969,0.4883356839418411,184.00730895996088,-175.590545654297,2.0583035945892334,3.038275957107544,-4.256444454193115,-4.199565887451172,0.6353110074996948,0.6293114423751831,0.5251896419240198,0.5185513475469153,0.846621036529541,0.8438348770141602,0.8058309807006132,0.7808607740028586,0.3370109796524048,0.33658885955810547,-0.6484869860465821,-0.624507762526808,0.8485817909240723,0.8477176427841187,0.8101704926267298,0.7893893432471347,0.7176180481910706,0.7049107551574707,0.8490308787955994,0.8137608334686324,0.7862427830696106,0.7756532430648804,0.6722027447021424,0.6310985115394849,0.2841747999191284,0.28725922107696533,-0.8563736219001558,-0.8171361963150771,0.769723653793335,0.7772170901298523,0.6356428580057784,0.634533531515262
323,13.458333333333334,323,13.458333333333334,0.0,0.01111667256011034,0.014986054676872073,0.5882981039741686,0.5889361020342209,0.07582739120564021,0.07439860695457268,0.077621439643783,0.07528203158895753,0.08456947538241968,0.08510587590616876,0.1353449804876024,0.1290968123154486,0.08218359859739863,0.08157500752542435,0.48403581976890564,0.4855661243200302,0.4854106307029724,0.4865514934062958,0.5017143189907074,0.49658477306365967,0.22899934649467468,0.22830070555210114,0.27753689885139465,0.2778785228729248,0.4832111597061157,0.48792457580566406,184.21133422851557,-174.98286437988293,2.5920026302337646,2.9523415565490723,-4.9283552169799805,-4.341838836669922,0.6347547769546509,0.6290013790130615,0.5235958248446327,0.5181718414127026,0.8467702865600586,0.843779981136322,0.8048408705719984,0.7832987807746106,0.3370969295501709,0.3364889621734619,-0.6478704232305619,-0.6264859345747964,0.8499639630317688,0.8477697372436523,0.8119109759880266,0.7920809182597951,0.7177798748016357,0.7051123976707458,0.8503505222899769,0.816009007732453,0.7857747673988342,0.7757574915885925,0.6698100513280271,0.6335696145744202,0.28415611386299133,0.2875367999076843,-0.8562250131192182,-0.8180452324477833,0.7693343162536621,0.7771031856536865,0.6334144665801503,0.6365317180150137
324,13.5,324,13.5,0.0,0.009509218536698064,0.006464351925984189,0.5921282777164455,0.588265666548403,0.07669465524207415,0.07754908010368701,0.07788397408678113,0.07862261982147048,0.08296046012044735,0.08527158872969665,0.13275218308941422,0.1334071621500188,0.08204520197645992,0.0808421317107641,0.48306478559970856,0.48405300080776215,0.48383939266204834,0.4851425290107727,0.5006335973739624,0.4962558448314667,0.22953981161117554,0.22870762646198273,0.27763375639915466,0.2789987623691559,0.48361222445964813,0.4880678057670593,183.97126770019526,-174.0808563232423,3.5356791019439697,3.487244129180908,-4.794473171234131,-4.632888317108154,0.6346899271011353,0.6289401054382324,0.5265948711171224,0.5180150436114722,0.8468644618988037,0.843630313873291,0.8026387535743429,0.7808389186991289,0.3359013795852661,0.3362008333206177,-0.6470947039339453,-0.6248736917918913,0.8492991328239441,0.8482071161270142,0.808018379727494,0.7908898808827717,0.7171826958656311,0.7053359150886536,0.8506397634697813,0.8162733184575144,0.7862486243247986,0.775661289691925,0.6687025646047882,0.6315744205114963,0.2831248342990875,0.2879074811935425,-0.8544094806367185,-0.8134166492900122,0.7706079483032227,0.7775077223777771,0.6341430728435831,0.6356293095085125
325,13.541666666666666,325,13.541666666666666,0.0,0.007794435063502089,0.006762441396272077,0.5866385677967915,0.5895270095780482,0.07812949466982945,0.07759908550249305,0.0794752954863736,0.0780151564012515,0.08342456765505414,0.08250592215091808,0.13393739791636858,0.12926866230252873,0.08159228467803484,0.08095250249675047,0.48195530474185944,0.48344388604164124,0.48283758759498596,0.48394712805747986,0.5003358125686646,0.49624910950660706,0.22969305515289307,0.2286340817809105,0.2782649099826813,0.2788701355457306,0.4847267121076584,0.48771268129348755,184.55957031249994,-174.02720642089852,3.389887809753418,4.479331970214844,-4.777367115020752,-4.432075023651123,0.6348299980163574,0.6289454698562622,0.5267845134957112,0.5192153245707153,0.8471511602401733,0.8434269428253174,0.7984900395397642,0.7829108205290781,0.3352530300617218,0.3352307677268982,-0.646593404614206,-0.6300337881814945,0.8503841161727905,0.8476152420043945,0.8056128567883454,0.7921290754643505,0.7174032926559448,0.7056111693382263,0.8502061744371079,0.8191934546044254,0.787007212638855,0.7756165266036987,0.6659814757667848,0.6336631958320423,0.28232598304748535,0.28776589035987854,-0.8538971525000404,-0.8157547201112628,0.7718302607536316,0.776124119758606,0.6325437621319305,0.6347803851504914
326,13.583333333333334,326,13.583333333333334,0.0,0.010727139180258194,0.01057711659774797,0.5894678250522132,0.5898493374511907,0.07674680196009606,0.07701207787338551,0.0779219559489247,0.07812791046444502,0.0832922901154257,0.08130794907944278,0.13092422280408791,0.12791683496902365,0.08195120366028857,0.08128878039848159,0.48171666264533997,0.4829288423061371,0.48185262084007263,0.48314619064331055,0.4998950958251953,0.49580997228622437,0.22911808639764786,0.2287626415491104,0.2781512141227722,0.2784348428249359,0.48456814885139465,0.4880029857158661,184.69714355468744,-174.59596252441418,4.512180805206299,4.7153120040893555,-4.382856845855713,-4.313406944274902,0.6347908973693848,0.6288900971412659,0.5295985435597823,0.5209386788974436,0.8467080593109131,0.8431011438369751,0.7997371408797327,0.7818876457642505,0.33445364236831665,0.3353538513183594,-0.6495202355610342,-0.6281013018965576,0.8501266241073608,0.8477706909179688,0.8072865800806044,0.7921694821817129,0.716468095779419,0.7058931589126587,0.85026178752166,0.8223651564720774,0.7860777378082275,0.7737780809402466,0.6658432546531359,0.6292457770136843,0.28270938992500305,0.2877400517463684,-0.85266726028583,-0.8144842788688021,0.7699180841445923,0.7764376997947693,0.6301568394160972,0.6351019693853827
327,13.625,327,13.625,0.0,0.01479987498524709,0.019000804388682725,0.5872107169875297,0.5905832892532046,0.0777044222003266,0.07557640081686237,0.07915210084159524,0.0766667452883692,0.08092200385236291,0.08123900229799227,0.12799383826221672,0.12609309317784428,0.08235989591477418,0.08119258488918106,0.48152391612529755,0.4829406142234802,0.48168838024139404,0.48300033807754517,0.499361127614975,0.49573567509651184,0.22854632139205933,0.22823996096849442,0.2775488495826721,0.2785215377807617,0.4845116287469864,0.4878549575805664,184.45121765136713,-174.3047790527345,4.426952362060547,5.150602340698242,-4.331009864807129,-4.028585433959961,0.6342359781265259,0.629025936126709,0.5312488403441246,0.522830658686058,0.8470842838287354,0.8432193994522095,0.8033126248143464,0.7840777403915882,0.3315817713737488,0.3344529867172241,-0.6608540294856654,-0.6326308730155281,0.8458161950111389,0.8474774956703186,0.8005030589458684,0.7934728234884808,0.7160255312919617,0.7063097953796387,0.8534038240686901,0.8259763703585388,0.785567045211792,0.7736374139785767,0.667015599288345,0.6305517273364258,0.28332632780075073,0.28788402676582336,-0.8509239227327469,-0.815297482095088,0.7664474248886108,0.7755773663520813,0.6246543451452122,0.6348320471834921
328,13.666666666666666,328,13.666666666666666,0.0,0.03679673313020208,0.03326997709610876,0.5829504282080203,0.5730986984626494,0.07812635989568777,0.07538302123361026,0.07914536305097743,0.0771231351007496,0.08249255673451034,0.08285532326895681,0.12570301660683011,0.12611375520427723,0.08200191832017144,0.08071856081446045,0.481508806347847,0.4827166944742203,0.4812702238559723,0.48269280791282654,0.4990883320569992,0.4955185204744339,0.22767747938632965,0.22776420414447784,0.27735501527786255,0.2781963348388672,0.48449456691741943,0.4883938878774643,184.9649810791015,-174.33137512207043,5.2345967292785645,5.689852237701416,-3.9022958278656,-3.6676557064056396,0.6337993741035461,0.6292263865470886,0.5298047037381229,0.52455495649969,0.8467488884925842,0.8430107831954956,0.8013988522387708,0.7825570121883957,0.3311760723590851,0.33473944664001465,-0.6603816855081072,-0.6307591509645858,0.844298779964447,0.8488191962242126,0.7959785879510411,0.7953748288387628,0.7163880467414856,0.7066587209701538,0.8546174776156296,0.8283330064230169,0.785122275352478,0.7736124396324158,0.665065083125691,0.6294110084120039,0.28263118863105774,0.28741782903671265,-0.8513037313240864,-0.8164085805195137,0.764861524105072,0.7768291234970093,0.6202431394575949,0.636509481574072
329,13.708333333333334,329,13.708333333333334,0.0,0.0464087461308995,0.03701080092449553,0.5762328326534264,0.5696178027184565,0.07815232643902789,0.07104471748572248,0.07884988868627903,0.07243848028840472,0.08317199582842198,0.08656338865483448,0.12318184445863377,0.12757208777577259,0.08167327182478097,0.0813558899039395,0.48121480643749237,0.48282594978809357,0.4812015891075134,0.4828954041004181,0.4990081489086151,0.49548566341400146,0.22778020054101944,0.2280554473400116,0.2777771055698395,0.2775370180606842,0.4839920401573181,0.48849496245384216,185.027603149414,-175.54389953613293,5.086199760437012,4.948345661163331,-3.6906945705413823,-3.6328268051147465,0.6331036686897278,0.629433810710907,0.5252957799132288,0.5259982644326083,0.84663325548172,0.8423423171043396,0.7990782909316924,0.7816027524391056,0.3313969373703003,0.33510950207710266,-0.6565876490947571,-0.6297778970588389,0.8445668816566467,0.8496600389480591,0.7945250454791907,0.7977666475748605,0.7150462865829468,0.7070862054824829,0.8462916748142076,0.830929879413059,0.7849333882331848,0.7728796005249023,0.6631229102737944,0.6281686522350466,0.2819332182407379,0.28742384910583496,-0.8503531302978963,-0.8170337211026397,0.7646578550338745,0.7772514224052429,0.6184458638378555,0.637825437766827
330,13.75,330,13.75,0.0,0.04374948135012583,0.04340976775069028,0.5721385316512225,0.569124235955432,0.07825499099415657,0.07544015746688741,0.0797431948962635,0.07656531824423363,0.08639305725710594,0.08355114687197061,0.12627604876640391,0.12256055678645195,0.0821182056710621,0.08144449584894511,0.48128002882003784,0.48255254328250885,0.48112043738365173,0.48295578360557556,0.4987545609474182,0.4952050745487213,0.2289857417345047,0.22847172617912292,0.2800585925579071,0.27983540296554565,0.48363371193408966,0.4893374890089035,185.24534606933588,-174.27798461914074,5.128804683685303,4.045297622680664,-3.490511894226074,-3.6011135578155518,0.6338518857955933,0.628948450088501,0.5304058273605595,0.5239878762327919,0.8465083837509155,0.8422607183456421,0.8013840978834504,0.7777709709000477,0.3314942717552185,0.3356320559978485,-0.6566808941128603,-0.6251848120108058,0.8443374633789062,0.8505210280418396,0.7965897675015888,0.7959750123410735,0.7142101526260376,0.7073040008544922,0.8459005497865025,0.8309739865445557,0.7847369909286499,0.7736503481864929,0.6649661669652412,0.6265676785784274,0.2826700806617737,0.2867465913295746,-0.8483696303719374,-0.8167112386977349,0.76326584815979,0.777828574180603,0.6175486046090699,0.6357756383213611
331,13.791666666666666,331,13.791666666666666,0.0,0.03794618442104448,0.045180380358322995,0.5692289885194919,0.5646415724703203,0.07581154545186577,0.07546926540213435,0.0773971482855107,0.07639418664991192,0.08659989488002143,0.08396872658453125,0.12838704454769867,0.1234229896156052,0.08230932438030732,0.08184123733190685,0.48128654062747955,0.4824046939611435,0.48092421889305115,0.4828230142593384,0.4983796775341034,0.49501270055770874,0.23045719414949417,0.22983228415250778,0.28232258558273315,0.28250792622566223,0.48302702605724335,0.48994292318820953,185.87422180175776,-173.29747009277355,5.836552143096924,4.181368827819824,-3.490206241607666,-3.6914212703704834,0.6337715983390808,0.6288282871246338,0.5309520311440626,0.523128224220387,0.8466392755508423,0.8429188132286072,0.8020908630601589,0.7761917434193322,0.33247703313827515,0.3355307877063751,-0.6506026762189036,-0.6234661597022791,0.8444565534591675,0.851284384727478,0.7972760047907519,0.7945875820860029,0.7137093544006348,0.7068067193031311,0.844435388892691,0.8279710291549642,0.7839437127113342,0.773948609828949,0.6637909620584224,0.624526703592845,0.2832286059856415,0.28685563802719116,-0.8437349714982239,-0.813752996001413,0.7640711665153503,0.77891606092453,0.6199541888151155,0.6354500970455481
332,13.833333333333334,332,13.833333333333334,0.0,0.04194690170947042,0.04940897504140531,0.5662489783088821,0.5630259546576282,0.07449554441527895,0.07369067423015471,0.07507629308182728,0.07458902875080177,0.08591626521650171,0.08339018588181525,0.12568563244227496,0.12628876503414257,0.08233216924067567,0.08177237445948778,0.4811173975467682,0.48251622915267944,0.4809863269329071,0.48301446437835693,0.4984140843153,0.4945739507675171,0.23254573345184326,0.23142820596694946,0.2845068573951721,0.28501302003860474,0.4829281270503998,0.4899083822965622,186.15341186523432,-172.60906982421884,5.259232044219971,4.30275297164917,-3.547631025314331,-3.9747600555419917,0.6339995861053467,0.6288740634918213,0.5319780957905718,0.5256639931551255,0.8459451198577881,0.8421169519424438,0.8011797787250755,0.7754508887271935,0.3309282660484314,0.33575913310050964,-0.6571409590053621,-0.6216169855227113,0.8429548740386963,0.8517820835113525,0.7945802956949666,0.7967304245213139,0.713829755783081,0.706720232963562,0.845196700221897,0.8303616398380417,0.7846392393112183,0.7727208733558655,0.6658774849371163,0.6226628663680289,0.2828165888786316,0.2864185571670532,-0.8459100978009947,-0.8147409051056966,0.7636411190032959,0.7788972854614258,0.6195345596325977,0.636261355073791
333,13.875,333,13.875,0.0,0.038316293248961346,0.04455402281511698,0.5637717906140515,0.5614761203218243,0.07625493319153867,0.07605311812537265,0.07726469598079243,0.07665820509932905,0.0869585032188099,0.08260984528345043,0.12662586533729964,0.12424997284810753,0.08236470096947979,0.08200491571136585,0.48144714534282684,0.4826093316078186,0.4812959134578705,0.4827209413051605,0.49841275811195374,0.4943782836198807,0.23453758656978607,0.23290322721004486,0.2877891957759857,0.2868497371673584,0.4830274283885956,0.4902789294719696,186.91650390624994,-172.4962158203126,5.218590259552002,5.374027729034424,-3.488168478012085,-3.7801823616027836,0.6339482665061951,0.6287873387336731,0.5327731872681271,0.5260049495700633,0.8456392884254456,0.8422162532806396,0.8017773849067694,0.7747278294167439,0.3313292860984802,0.33575910329818726,-0.6567842993993255,-0.6207503942001559,0.8431151509284973,0.8522561192512512,0.7961962206248218,0.7968288202604304,0.7138571739196777,0.7069942951202393,0.8468851406461224,0.8320650294903972,0.7844499945640564,0.7725915908813477,0.6664806739511742,0.6214614381436162,0.28289541602134705,0.2862171530723572,-0.8471718047729431,-0.8146310148776704,0.7636767625808716,0.7779600620269775,0.6205486197325202,0.6332791787371128
334,13.916666666666666,334,13.916666666666666,0.0,0.03890914670967337,0.04096070182985011,0.5559152988202783,0.5606496149156489,0.07615933457393036,0.07670303327090186,0.0764594073701276,0.07741592301836617,0.09149460218686836,0.08592713080350413,0.1268960388883408,0.12625149777234654,0.0826935897625089,0.08170867758815417,0.4815209209918976,0.48283976316452026,0.4814540147781372,0.48302945494651794,0.49865931272506714,0.49483954906463623,0.23510488122701645,0.2338380292057991,0.2879727780818939,0.2879723906517029,0.483108252286911,0.4896343797445297,186.52505493164057,-172.3584899902345,4.776188850402832,5.247114658355713,-3.183979034423828,-3.639940738677979,0.6339279413223267,0.6287537217140198,0.5317457817427681,0.5246050511340561,0.8459129929542542,0.8422309160232544,0.8022365533034722,0.7769740137291334,0.33040404319763184,0.3361082375049591,-0.6614174384334582,-0.6218255033794104,0.8417947292327881,0.8525938391685486,0.7931302177924571,0.7998095244665416,0.7139385938644409,0.7065519690513611,0.8462704976724857,0.8293775237938702,0.785554826259613,0.7728570103645325,0.6687721241348821,0.6241031928850099,0.28282630443573,0.2867324948310852,-0.8484472187591328,-0.815253603615139,0.7630147933959961,0.7769855260848999,0.6189314350562494,0.6332006998085096
335,13.958333333333334,335,13.958333333333334,0.0,0.03889552677828217,0.0408650999108734,0.5631629316301537,0.5610572998549336,0.07744835310714322,0.07649204230259937,0.07890706655350103,0.0774465008846575,0.09127816152703343,0.08530431410753606,0.12534630022774731,0.1236556590025477,0.08323559108628505,0.08199071556955038,0.482294425368309,0.4832475930452347,0.48195141553878784,0.4834572672843933,0.498771995306015,0.49480395019054413,0.23526568710803986,0.23427972197532654,0.2881382405757904,0.28854113817214966,0.4834057092666626,0.48964862525463104,186.5026245117187,-172.25541687011727,4.463443756103516,4.513031482696533,-2.9323158264160156,-3.475910186767578,0.6338375210762024,0.6284775137901306,0.5304839270105403,0.5233710832474852,0.8460782170295715,0.8423195481300354,0.8012441624897096,0.7767054969975075,0.3293527066707611,0.33629757165908813,-0.6654119105083983,-0.620598814004392,0.8415291905403137,0.8526992201805115,0.7911941012319326,0.7995651880457666,0.7144181132316589,0.7062375545501709,0.8469725996285584,0.8278243773023821,0.7862333655357361,0.7728584408760071,0.6690302866426715,0.6237276915355086,0.2828179597854614,0.28675779700279236,-0.8481819780692218,-0.8145615155851408,0.7632006406784058,0.7771435976028442,0.6181446089495829,0.6331651148367942
336,14.0,336,14.0,0.0,0.03681051572281257,0.03749895758433402,0.5561442593020345,0.568730855221982,0.07782047442979897,0.07789304717060483,0.07947653851720937,0.0785942971097804,0.09203090020184049,0.08604086837275213,0.1237742238412797,0.12370389428163531,0.08324861594888104,0.08152136874455722,0.4826454520225525,0.4833473861217499,0.4823344051837921,0.4834563434123993,0.4984750598669052,0.49479663372039795,0.23504085838794708,0.23448941111564636,0.28819000720977783,0.28902557492256165,0.48367972671985626,0.48965421319007874,186.6997680664062,-171.92414855957043,4.227827072143555,5.0159912109375,-2.6548283100128174,-3.3838119506835938,0.6330063939094543,0.6282626390457153,0.5282220284447573,0.5224623193751152,0.8459926843643188,0.8424950242042542,0.800201669107172,0.7769367246316528,0.32944560050964355,0.33580827713012695,-0.663675005708147,-0.6223714071259017,0.841901421546936,0.8524048924446106,0.7911657368664089,0.7987577281319662,0.7153702974319458,0.7059062123298645,0.8516145562815709,0.8264036959356176,0.7862898111343384,0.7733849287033081,0.6683423530072903,0.6247599651373306,0.28289175033569336,0.28661876916885376,-0.8464634196178745,-0.8149272894700664,0.7633827924728394,0.77762770652771,0.6177500841401411,0.6341023365505347
337,14.041666666666666,337,14.041666666666666,0.0,0.04011543578839148,0.037416271761023905,0.5524374761327273,0.5665296663120524,0.07819004618675413,0.0783352068591396,0.07921826155484585,0.07899718392564367,0.09156884067469198,0.08713034535019257,0.12431005573445977,0.12338695179412283,0.08320432600660123,0.08138119437381598,0.48284555971622467,0.4836168885231018,0.4827183783054352,0.4837944209575653,0.4985100030899048,0.4949082136154175,0.23551060259342194,0.23441977053880692,0.288705050945282,0.2898646295070648,0.4832534044981003,0.4895489811897278,186.8167114257812,-171.35655212402355,4.081082820892334,4.848618984222412,-2.8060431480407715,-3.209704875946045,0.6328433156013489,0.628261148929596,0.5265155087951444,0.5213575264209703,0.8457598090171814,0.8424268960952759,0.7992187325116307,0.776032792085112,0.32934805750846863,0.3358948826789856,-0.6630253224716592,-0.6216795805031134,0.8418786525726318,0.8524951338768005,0.7906619376643579,0.7981743950218237,0.7160985469818115,0.7060405015945435,0.8528319651574289,0.8254442030020585,0.7860327959060669,0.7739918828010559,0.6675384446041714,0.6255336755356669,0.2826629877090454,0.28652191162109375,-0.8460060948432636,-0.8147084778584744,0.7637484073638916,0.7773628234863281,0.6184080001666399,0.632946892405998
338,14.083333333333334,338,14.083333333333334,0.0,0.044678613750034686,0.039088848802989955,0.5464034418724553,0.5544343642730203,0.07619813157138948,0.08023624298181935,0.07670732409939544,0.08107762301876688,0.09615258265453407,0.08482727156196088,0.127975714279853,0.12104765542946204,0.08282675727733382,0.08162989280172532,0.4828180819749832,0.48376378417015076,0.48296400904655457,0.48399263620376587,0.4985296428203583,0.4952373653650284,0.23624255508184433,0.2349960058927536,0.29087916016578674,0.2915714383125305,0.4827589690685272,0.48886801302433014,187.747329711914,-170.48915100097668,3.9202067852020264,4.960498809814453,-2.804927110671997,-3.1564619541168213,0.632780909538269,0.6282824277877808,0.5259764662597456,0.5211405878812652,0.8461709022521973,0.8426640629768372,0.8008840259808582,0.7795278639729384,0.3298931419849396,0.3355126976966858,-0.6606926918477161,-0.6256452189358727,0.8418689966201782,0.8517470359802246,0.7914035241388346,0.7995406101435216,0.7163530588150024,0.7060807943344116,0.8533996990451074,0.8258785897282231,0.7857584357261658,0.773703932762146,0.6677475629403098,0.6275862495519463,0.2826876640319824,0.2867399752140045,-0.8456367232062392,-0.8166891013945097,0.76494300365448,0.7762946486473083,0.621874696592585,0.6332944399638869
339,14.125,339,14.125,0.0,0.05176952843268801,0.03966838901342577,0.5392482594530111,0.5442797692428452,0.08212181964324734,0.084865632324612,0.0830734109044718,0.08565896592231312,0.09293021674871901,0.08485411773337852,0.1256051456149838,0.12076633390531304,0.08256583796850145,0.08144601845848547,0.4831351339817047,0.4839406907558441,0.4832827150821686,0.484031617641449,0.49928417801856995,0.4952673763036728,0.23725960403680801,0.23619313538074493,0.29362839460372925,0.2936636507511139,0.48251013457775116,0.4892198145389557,189.53475952148432,-169.53446960449227,4.204326152801514,5.850374221801758,-2.7882144451141357,-2.9591047763824463,0.6328906416893005,0.6285552382469177,0.523829965026785,0.5215868706913263,0.8464692234992981,0.8423135280609131,0.8026717253446819,0.7772282213590006,0.3304450511932373,0.33598530292510986,-0.6619664308908902,-0.6233083568114158,0.8416823744773865,0.8520939350128174,0.7921148565087712,0.7987568071374701,0.7162136435508728,0.7061583399772644,0.8505138989616069,0.8252661284823134,0.7862857580184937,0.7739726305007935,0.6699437140238481,0.6267965591044803,0.28307729959487915,0.2865062355995178,-0.8476808565366095,-0.8169316283893642,0.7642685174942017,0.7767130732536316,0.621387112535125,0.6328288088018177
340,14.166666666666666,340,14.166666666666666,0.0,0.05013268641711067,0.045584898846069435,0.536622384352876,0.5464828279389085,0.08129641390465081,0.08263636695459184,0.08214625018393129,0.08297073471512846,0.09708061260372615,0.0934871720280004,0.12918301665779566,0.1290972033178328,0.08200908338580912,0.08080420598747563,0.4827858507633209,0.48403289914131165,0.48333635926246643,0.4843881130218506,0.49912911653518677,0.4957584887742996,0.2386304885149002,0.2379436418414116,0.2960191071033478,0.29655882716178894,0.4830389618873596,0.48874107003211975,190.5834350585937,-168.68540954589855,3.893068790435791,5.7799153327941895,-2.910895347595215,-3.0196313858032227,0.6333892941474915,0.6284580230712891,0.5264752492029584,0.5184521032251964,0.8466747999191284,0.8421367406845093,0.8020841728092055,0.7766457919481098,0.33058419823646545,0.33588355779647827,-0.6609162109068981,-0.6246253587667268,0.8417978286743164,0.8516164422035217,0.791326868282011,0.7974790134759053,0.7160104513168335,0.7063388228416443,0.8504580941815549,0.8227294667872561,0.7868233323097229,0.774232029914856,0.6700677160464567,0.6274138905630492,0.2830960750579834,0.286815345287323,-0.8471316764991379,-0.8163330245972434,0.7653546929359436,0.7762951254844666,0.6227135940032038,0.6319478863801653
341,14.208333333333334,341,14.208333333333334,0.0,0.045709981073651505,0.04749133229031906,0.5355462877618374,0.5524905771209933,0.0785796303635211,0.08465428351389732,0.07963617939134003,0.08544560686384271,0.09592910153382767,0.09311439687167382,0.1246098439283356,0.12625149471956107,0.08280275987719864,0.08064835646949378,0.48332634568214417,0.4841538220643997,0.48374834656715393,0.484146386384964,0.4987376183271408,0.49592676758766174,0.24117568880319595,0.23965758830308914,0.2999225854873657,0.29912668466567993,0.48338383436203003,0.4889867454767227,191.3336791992187,-168.37178039550793,4.002621173858643,6.562985897064209,-2.6446635723114014,-2.647932291030884,0.6333470344543457,0.6285035014152527,0.526303937665198,0.5167067767910478,0.8471386432647705,0.842624306678772,0.8000045353454525,0.7752785274466316,0.3304709196090698,0.33572202920913696,-0.6578991920561953,-0.6243846231863742,0.8416195511817932,0.8515137434005737,0.7878664176098006,0.7947668119718461,0.7159304022789001,0.7063055634498596,0.849193323283239,0.8199338328586531,0.7866684198379517,0.7750315070152283,0.6670126083363372,0.6270950426068892,0.28240832686424255,0.2865850329399109,-0.845817188759318,-0.8158919731598858,0.7665749192237854,0.776858925819397,0.622821050647274,0.6311012871774843
342,14.25,342,14.25,0.0,0.050140139262816304,0.045132962244254234,0.534571054101429,0.550768431797197,0.08109468740276071,0.08576454794721633,0.08240182427409229,0.08667706360236543,0.09958524815825164,0.09432792963937789,0.1258220056979497,0.1249707819873245,0.08294700945264619,0.08076678115202474,0.4834049642086029,0.4844515025615692,0.4838311970233917,0.4846000373363495,0.49884068965911865,0.4959125369787216,0.2429710328578949,0.24130777269601822,0.3025352358818054,0.30152422189712524,0.4825247973203659,0.48885463178157806,191.94566345214838,-167.994354248047,3.589980840682983,5.918117523193359,-2.4400696754455566,-2.549070119857788,0.6338050961494446,0.6285053491592407,0.5284121485143914,0.5170318132353512,0.8467873334884644,0.8427838087081909,0.8022146307344865,0.7763117820289218,0.32992643117904663,0.33561208844184875,-0.6613324843136913,-0.6250748453590496,0.841138482093811,0.8512411117553711,0.7897741769801521,0.7948621147726855,0.7157247066497803,0.7064393758773804,0.8491435066228514,0.820927405192124,0.7864230871200562,0.7757896184921265,0.6692745756867966,0.6293660579045683,0.28236812353134155,0.2858927845954895,-0.8475325957159043,-0.8189500743230775,0.7654457688331604,0.7767356038093567,0.6230762709685864,0.6314409915219922
