source_frame,source_time_s,candidate_frame,candidate_time_s,candidate_minus_source_sampling_ms,source_mouth_aperture,candidate_mouth_aperture,source_mouth_width,candidate_mouth_width,source_left_eye_aperture,candidate_left_eye_aperture,source_right_eye_aperture,candidate_right_eye_aperture,source_left_brow_height,candidate_left_brow_height,source_right_brow_height,candidate_right_brow_height,source_interocular_width_fraction,candidate_interocular_width_fraction,source_face_center_x,candidate_face_center_x,source_nose_x,candidate_nose_x,source_shoulder_center_x,candidate_shoulder_center_x,source_face_center_y,candidate_face_center_y,source_nose_y,candidate_nose_y,source_shoulder_center_y,candidate_shoulder_center_y,source_head_pitch_deg,candidate_head_pitch_deg,source_head_yaw_deg,candidate_head_yaw_deg,source_head_roll_deg,candidate_head_roll_deg,source_left_wrist_x,candidate_left_wrist_x,source_left_wrist_body_relative_x,candidate_left_wrist_body_relative_x,source_left_wrist_y,candidate_left_wrist_y,source_left_wrist_body_relative_y,candidate_left_wrist_body_relative_y,source_right_wrist_x,candidate_right_wrist_x,source_right_wrist_body_relative_x,candidate_right_wrist_body_relative_x,source_right_wrist_y,candidate_right_wrist_y,source_right_wrist_body_relative_y,candidate_right_wrist_body_relative_y,source_left_elbow_x,candidate_left_elbow_x,source_left_elbow_body_relative_x,candidate_left_elbow_body_relative_x,source_left_elbow_y,candidate_left_elbow_y,source_left_elbow_body_relative_y,candidate_left_elbow_body_relative_y,source_right_elbow_x,candidate_right_elbow_x,source_right_elbow_body_relative_x,candidate_right_elbow_body_relative_x,source_right_elbow_y,candidate_right_elbow_y,source_right_elbow_body_relative_y,candidate_right_elbow_body_relative_y
0,0.0,0,0.0,0.0,0.04192888075695522,0.03816355291311003,0.5524707648228643,0.5563707324052576,0.060537525600654195,0.061899688125804514,0.0578520336485658,0.05755879622544803,0.10041196623196115,0.1075188223405495,0.15985930385912006,0.15592963586454342,0.10538970447915401,0.10615525348624992,0.49052660167217255,0.4917260557413101,0.48345041275024414,0.48561832308769226,0.520728349685669,0.5222612172365189,0.2714891731739044,0.27164387702941895,0.3242698013782501,0.32330450415611267,0.6185745894908905,0.623605877161026,176.54127502441406,175.73431396484375,15.262287139892578,12.9352388381958,-5.539106845855713,-4.66278600692749,,,,,,,,,,,,,,,,,0.7791964411735535,0.7827059030532837,0.7883580211074966,0.7917705647987047,1.0076749324798584,0.978304922580719,0.6675759693892154,0.6065497083869915,,,,,,,,
1,0.041666666666666664,1,0.041666666666666664,0.0,0.05617619362851468,0.053166724044841525,0.5661959030343278,0.5778928326645371,0.039664085518842464,0.03263848210829839,0.034311214720305315,0.02886579439360771,0.13488792338468059,0.14206274088679333,0.1876058889409239,0.1972723953796567,0.10311633319958477,0.10329283864554294,0.48982007801532745,0.49032288789749146,0.48416727781295776,0.4849981963634491,0.521259605884552,0.518963560461998,0.2740137130022049,0.2747296392917633,0.31764668226242065,0.32131558656692505,0.6337681412696838,0.6249897480010986,172.84671020507812,173.96791076660156,13.435995101928711,12.688182830810549,-5.848755836486816,-5.608792304992676,,,,,,,,,,,,,,,,,,0.789326548576355,,0.8175993746671578,,0.978876531124115,,0.6019773942203092,,0.24882671236991882,,-0.8169155090903971,,0.9875981211662292,,0.6168132126158911
2,0.08333333333333333,2,0.08333333333333333,0.0,0.04997176104763565,0.05242070951768311,0.5547459508078825,0.5741276728867233,0.037676528185520856,0.03553669447354218,0.03268421077041225,0.031241150530103616,0.14136116008270946,0.13824052301906395,0.19877768966657428,0.19582313756748498,0.10223999828504465,0.10276972336291029,0.4889541417360306,0.4891816973686218,0.48315638303756714,0.48335859179496765,0.5208110213279724,0.520014226436615,0.2735043913125992,0.2742525041103363,0.3171413242816925,0.3189716041088104,0.6348807215690613,0.6243069171905518,173.43081665039062,173.38275146484375,14.476721763610842,13.494404792785645,-6.217609882354736,-6.087011814117432,,,,,,,,,,,,,,,,,,0.7907328009605408,,0.8242853376444331,,0.9845367670059204,,0.616966728077657,,0.24514096975326538,,-0.8369355357056796,,0.9873549938201904,,0.6217935134689067
3,0.125,3,0.125,0.0,0.05386108946716973,0.04845384538589215,0.5288651324424755,0.5371680483264278,0.045843998533256956,0.04170226829494298,0.041779637420878646,0.03771561327513712,0.12833562864643933,0.13429801876588685,0.1874932977892599,0.19287660253667252,0.1033052177737805,0.10291331455972755,0.48846833407878876,0.4886726588010788,0.4820442795753479,0.4828759431838989,0.5207121074199677,0.5203107744455338,0.2704136371612549,0.2717002332210541,0.31649574637413025,0.3190173804759979,0.6314748227596283,0.6235923171043396,174.5054931640625,175.1754913330078,15.90217113494873,14.954914093017578,-6.08569860458374,-5.8895134925842285,,,,,,,,,,,,,,,,,,0.790436327457428,,0.8268906105282434,,0.9865684509277344,,0.6250042762570327,,0.2457752525806427,,-0.8403901176892876,,0.9865567684173584,,0.6249841602817329
4,0.16666666666666666,4,0.16666666666666666,0.0,0.04717439608243706,0.048770833604420465,0.5252473477238839,0.5211699308990666,0.0532288166506303,0.05038668541158384,0.04891614646185088,0.04676140886205783,0.11519876889430514,0.121127232205671,0.1745400232433302,0.1823214189234235,0.10470462283863151,0.1046391002140865,0.4871836453676224,0.48736584186553955,0.4812341034412384,0.4818289279937744,0.5199660360813141,0.5201563984155655,0.2700819969177246,0.27127765119075775,0.31755295395851135,0.32074570655822754,0.6311661005020142,0.624900609254837,174.9035186767578,166.98855590820312,14.38750457763672,19.627887725830078,-6.217644691467286,170.5176239013672,,,,,,,,,,,,,,,,,,0.7885780334472656,,0.8210528992354303,,0.98649662733078,,0.6221567075395211,,0.24549075961112976,,-0.8401521696792457,,0.9880296587944031,,0.6247944185769305
5,0.20833333333333334,5,0.20833333333333334,0.0,0.050017313303492905,0.05267287399516619,0.5191579059103354,0.5108946446075493,0.05687223753357232,0.057584793019076555,0.051947922775735164,0.0537046795519038,0.1121749925671457,0.11475665894681294,0.1753925538041754,0.17876290586036,0.10495152208714642,0.10517724900263593,0.4855107069015503,0.4863923639059067,0.47979554533958435,0.48021993041038513,0.5211078375577927,0.5198762863874435,0.27076955139636993,0.27143967151641846,0.3208123743534088,0.3227796256542206,0.6311919987201691,0.6271643042564392,175.94895935058594,166.98597717285156,14.735405921936035,21.050798416137695,-6.50185489654541,170.1033477783203,,,,,,,,,,,,,,,,,,0.7901275157928467,,0.8203187774332746,,0.9922316074371338,,0.6233191057919577,,0.24629679322242737,,-0.8304213670284014,,0.9901666641235352,,0.6197934035213649
6,0.25,6,0.25,0.0,0.06034210719547934,0.04947469331546102,0.5019280826989923,0.5106329533337458,0.06414547315174109,0.06414839629285209,0.05952540235974304,0.05935810273332812,0.10871757889984913,0.10885361132536792,0.17465242278940685,0.1733992518415181,0.1033562869503015,0.10477839883986165,0.48448745906352997,0.48505811393260956,0.4788966178894043,0.4799770712852478,0.5211802572011948,0.5190725177526474,0.27351804077625275,0.27377502620220184,0.3263353407382965,0.3267548084259033,0.6307315230369568,0.6275429725646973,177.9949493408203,177.5467071533203,17.08537483215332,14.932632446289062,-6.488780975341797,-6.252743244171143,,,,,,,,,,,,,,,,,,0.7895619869232178,,0.8174457998192364,,0.9914724826812744,,0.6186548254276092,,0.2471829056739807,,-0.8216771695020548,,0.9890764951705933,,0.6145818135010074
7,0.2916666666666667,7,0.2916666666666667,0.0,0.07108730238051657,0.07791563053774518,0.502797966263751,0.4924467738634377,0.0644140131578059,0.06529252205129976,0.05925402442804472,0.061783200256483144,0.10805530326191197,0.10110820329139263,0.17352124222885404,0.1688977730681408,0.10352247746226505,0.10538637820400347,0.48333410918712616,0.4840615689754486,0.4773372709751129,0.4774678349494934,0.5209113657474518,0.5196642875671387,0.27729134261608124,0.27735692262649536,0.3308437466621399,0.33091750741004944,0.6318821012973785,0.6287709474563599,178.11929321289062,259.51905059814453,18.232501983642578,0.020364539697766307,-6.510207653045654,-7.702511310577393,,,,,,,,,,,,,,,,,,0.7881985902786255,,0.8113227719245907,,0.9900376200675964,,0.6139659992704207,,0.24811452627182007,,-0.8204333778775543,,0.9845534563064575,,0.6046457648313208
8,0.3333333333333333,8,0.3333333333333333,0.0,0.06973737023776644,0.06759332687784263,0.4900422423293933,0.4890963451193174,0.06995960039107033,0.06833941989932697,0.06608957359089322,0.06434960998881252,0.10181597587152691,0.1006926824803928,0.1691306288761486,0.16727552515161756,0.1041932652950104,0.10519645048140419,0.48287203907966614,0.482875719666481,0.4768049418926239,0.4769498109817505,0.520156741142273,0.5193086862564087,0.2798895537853241,0.28091537952423096,0.3369738757610321,0.3375588059425354,0.6314409375190735,0.6275759041309357,179.5647430419922,179.15071105957034,19.745746612548828,18.650287628173828,-6.580690383911133,-6.445767402648926,,,,,,,,,,,,,,,,,,0.7874664068222046,,0.8095219697099804,,0.9920033812522888,,0.6188308778364039,,0.24767643213272095,,-0.8200109880521462,,0.9854763746261597,,0.6077474291568563
9,0.375,9,0.375,0.0,0.055644550297454645,0.06749394254393012,0.4883692461381476,0.4834614745139418,0.06921552864678104,0.06937072717985648,0.06666737973049208,0.0672128519993958,0.10124359853379582,0.09617511125999414,0.16954019820514882,0.16129319430253192,0.10479986984246663,0.10545367596314505,0.48181577026844025,0.48223353922367096,0.4749051034450531,0.4757307171821594,0.5195982307195663,0.5189085006713867,0.28249263763427734,0.2832491248846054,0.342771977186203,0.3423203229904175,0.632061779499054,0.6272358000278473,180.61602783203125,180.12196350097656,20.005332946777344,19.107316970825195,-6.194894313812256,-5.899223804473877,,,,,,,,,,,,,,,,,,0.7869986295700073,,0.8086243143326919,,0.992022693157196,,0.6189103205969702,,0.247361421585083,,-0.8190513076229021,,0.983588457107544,,0.6046004979695718
10,0.4166666666666667,10,0.4166666666666667,0.0,0.042993055836042016,0.04988735748279857,0.502410575258178,0.49082388528161347,0.06882153134975057,0.07379864524158089,0.06766371688600847,0.07302298500586739,0.10160606101069523,0.09423504883505135,0.1691041399631716,0.1619771703989376,0.10481390137067036,0.10482074371544371,0.48137810826301575,0.48126906156539917,0.4734680652618408,0.47413545846939087,0.5191763937473297,0.5188676118850708,0.2858431190252304,0.28618323802948,0.3479737639427185,0.34783998131752014,0.6317723989486694,0.6263634562492371,180.97216796875,181.20973205566406,19.409278869628906,18.904491424560547,-5.732211589813232,-5.703163146972656,,,,,,,,,,,,,,,,,,0.7856472730636597,,0.8096467642381735,,0.9898265600204468,,0.6204770542885263,,0.24748164415359497,,-0.823626395140911,,0.9800288677215576,,0.6037511660391736
11,0.4583333333333333,11,0.4583333333333333,0.0,0.03496464551294557,0.037836922979177956,0.523121237165643,0.5134849037753335,0.07292626660045018,0.07781327503456698,0.07112448101770845,0.07546538077903027,0.09130238662239817,0.08745234683054186,0.16554209923513868,0.1599226786431795,0.10339564682186915,0.10388469578027207,0.47982271015644073,0.4795537143945694,0.47239023447036743,0.4728052318096161,0.5205863118171692,0.5188865959644318,0.28989872336387634,0.2903522849082947,0.3540942966938019,0.3543875813484192,0.6312538385391235,0.6275716722011566,182.56407165527344,182.62440490722656,19.3389949798584,18.555418014526367,-6.16412878036499,-6.186275959014893,,,,,,,,,,,,,,,,,,0.7852770686149597,,0.808408966275699,,0.9894871711730957,,0.6177918037542646,,0.24656826257705688,,-0.8263981072641886,,0.979716420173645,,0.6011130765344268
12,0.5,12,0.5,0.0,0.03637218215348419,0.03897105125426281,0.5327729060885271,0.5130729276590634,0.07529858702918235,0.07567313492449083,0.07223658226086743,0.07315068744130993,0.08897706818653872,0.09028166113211775,0.16380268313894553,0.16394784729151032,0.10314131336433556,0.10499301080166518,0.47859422862529755,0.4788888841867447,0.4721725285053253,0.47243139147758484,0.519364058971405,0.5187021791934967,0.29462629556655884,0.29569433629512787,0.35893160104751587,0.3595343232154846,0.6301471590995789,0.6278629899024963,182.20596313476562,181.6337890625,18.400255203247074,17.41883659362793,-6.944077491760254,-6.789456844329834,,,,,,,,,,,,,,,,,,0.7860232591629028,,0.8141994512950865,,0.9912590980529785,,0.6225875001689893,,0.24624818563461304,,-0.8298331432904055,,0.9764782786369324,,0.597264297183902
13,0.5416666666666666,13,0.5416666666666666,0.0,0.05137449716964603,0.04874180972207562,0.5271685394113432,0.5081887589970479,0.08057812294474373,0.08004877903571649,0.0756132544535338,0.07603228372502112,0.08561323067491804,0.08624472481429306,0.16066974907633655,0.16111985971045914,0.10328355079803006,0.10416198892262984,0.47710177302360535,0.4773211032152176,0.4712753891944885,0.4711935818195343,0.5194618105888367,0.5176881849765778,0.3003736436367035,0.30076073110103607,0.36611172556877136,0.3663804829120636,0.6310263276100159,0.6261289119720459,183.46673583984372,182.98129272460938,19.167057037353516,19.217668533325195,-7.20426607131958,-7.045414447784424,,,,,,,,,,,,,,,,,,0.7855713367462158,,0.8159278849715997,,0.98977130651474,,0.6230220413141605,,0.2451263815164566,,-0.8301782861376179,,0.978365421295166,,0.603480541205433
14,0.5833333333333334,14,0.5833333333333334,0.0,0.08926652606619673,0.0715046357166328,0.5157360794147674,0.5158661339149383,0.08083467303154246,0.08469966781077459,0.07675046460076103,0.08025980114032175,0.08478358302240618,0.08280527409493561,0.15926507031665355,0.15575235329417153,0.10423827334432999,0.10444947456456599,0.4767204225063324,0.4766002297401428,0.4707620143890381,0.46995967626571655,0.519065797328949,0.5168993175029755,0.3066066801548004,0.3065531998872757,0.37486207485198975,0.3754769563674927,0.6328386068344116,0.6293130218982697,184.1225128173828,184.5322723388672,20.546009063720703,21.188880920410156,-7.024295806884766,-6.725595951080322,,,,,,,,,,,,,,,,,,0.7860456109046936,,0.8162043321857564,,0.9933949708938599,,0.6210580086773814,,0.24456286430358887,,-0.8258787074643914,,0.9822884798049927,,0.6021123420271282
15,0.625,15,0.625,0.0,0.07196356871021206,0.06471627924526166,0.5029967143957895,0.4999656171963694,0.08782917287058468,0.08898663415676629,0.08476169982668988,0.08541309765749551,0.07760822734922015,0.07945225476992461,0.15258159597534607,0.15134226801959136,0.1034958100002484,0.10529249450054562,0.4760817140340805,0.47638267278671265,0.4698391854763031,0.46994513273239136,0.5178379118442535,0.5163372755050659,0.3112030625343323,0.31184275448322296,0.382130891084671,0.3827938437461853,0.6338562667369843,0.6300983130931854,185.35311889648435,185.07666015625,22.791885375976566,21.277084350585938,-6.788435459136964,-6.588953495025635,,,,,,,,,,,,,,,,,,0.7859609723091125,,0.8173852347713819,,0.9902642369270325,,0.6141774641130274,,0.24404186010360718,,-0.82548475776908,,0.978927493095398,,0.5948453393420444
16,0.6666666666666666,16,0.6666666666666666,0.0,0.0898249998526131,0.07872279295845093,0.5320459978689608,0.5206396408328905,0.08735007934129999,0.09001839280104823,0.08449755022240191,0.08678184453156872,0.0806054108991765,0.07497283495996958,0.14895927277479015,0.1435217146469138,0.1028278174669538,0.10426304203016838,0.4759317934513092,0.4762231409549713,0.4701135456562042,0.4697802662849426,0.5167709738016129,0.5175219625234604,0.31428591907024384,0.3149356544017792,0.38718828558921814,0.3874700963497162,0.6334990561008453,0.6311467289924622,187.01351928710938,186.3339080810547,21.45064926147461,21.19517707824707,-5.986038684844971,-6.0521416664123535,,,,,,,,,,,,,,,,,,0.7872492671012878,,0.8152606670690226,,0.9911898970603943,,0.612137067586001,,0.24347218871116638,,-0.8283254888044125,,0.9736412763595581,,0.5823013085195714
17,0.7083333333333334,17,0.7083333333333334,0.0,0.10223890645130183,0.10376264036425221,0.5442793981289772,0.547818608204065,0.08445667418022902,0.09250892455018951,0.0818808652775966,0.09059251065262033,0.08138175059013271,0.07221119387676558,0.1440992983149646,0.13545393066160527,0.10289455728254533,0.10364880112621846,0.47693024575710297,0.4772735834121704,0.471269816160202,0.47084933519363403,0.5165883153676987,0.5182476043701172,0.3154369294643402,0.31579193472862244,0.3862292766571045,0.3878169059753418,0.6337451040744781,0.6314345300197601,186.396240234375,186.57525634765625,20.12706184387207,20.443775177001953,-5.562516689300537,-5.291575908660889,,,,,,,,,,,,,,,,,,0.7879904508590698,,0.8163962446688142,,0.9902554154396057,,0.6108735237575346,,0.2428862452507019,,-0.8334010797250123,,0.9694525599479675,,0.5754577657714111
18,0.75,18,0.75,0.0,0.10630018701550155,0.0919806373868631,0.5684257713210229,0.5683131632498767,0.07584783989787898,0.08369557612651389,0.07433581385818197,0.08239154363525869,0.0901415875131939,0.08515438582759433,0.1521333741424944,0.14520389966595912,0.10372194683780553,0.10468935256029492,0.4777914434671402,0.47832998633384705,0.47250834107398987,0.47231319546699524,0.5166151225566864,0.5180309265851974,0.31432533264160156,0.3149845600128174,0.3871724605560303,0.38930144906044006,0.633854866027832,0.632874071598053,187.29026794433594,187.7560577392578,19.040298461914062,18.595884323120117,-5.3456807136535645,-4.741589546203613,,,,,,,,,,,,,,,,,,0.7862265706062317,,0.8121238965191985,,0.9915851950645447,,0.6109954002515067,,0.2422923743724823,,-0.8349645955696052,,0.9693645238876343,,0.5731467610780361
19,0.7916666666666666,19,0.7916666666666666,0.0,0.12037564805606717,0.11259370704263492,0.5805814176880473,0.5917467679324813,0.07711197512540528,0.0830773304261996,0.07573556961394987,0.08156740398399921,0.09181968612885642,0.08652912091920967,0.1545745667330544,0.14755778181215212,0.10480664581186107,0.10520446367392873,0.4789862185716629,0.47960175573825836,0.4739723205566406,0.4742259085178375,0.5154561698436737,0.5174276530742645,0.3113306760787964,0.3121790438890457,0.3834253251552582,0.38420191407203674,0.6323931813240051,0.6328845322132111,186.7452392578125,186.74598693847656,17.51483154296875,16.913667678833008,-5.453535556793213,-5.119575500488281,,,,,,,,,,,,,,,,,,0.7856497168540955,,0.8122942360719762,,0.991269052028656,,0.6105069901711683,0.23261702060699463,0.24092820286750793,-0.8414479411419244,-0.8373617983357995,0.9807307124137878,0.9702862501144409,0.5829221070396671,0.5747628479615605
20,0.8333333333333334,20,0.8333333333333334,0.0,0.11595599401740884,0.11818477626637151,0.6027660974592522,0.6152405423774899,0.07679090195110433,0.0832374075448938,0.07545971748542314,0.08241934255232296,0.09324552229858346,0.08464135259806689,0.1537614422121004,0.14452784083317002,0.10456173495329708,0.10507791522090382,0.4801781177520752,0.4807617664337158,0.47538694739341736,0.4753526747226715,0.5157111883163452,0.5182023048400879,0.30988870561122894,0.30984489619731903,0.38190793991088867,0.3823994994163513,0.6329592764377594,0.6304141581058502,187.44912719726562,187.46617126464844,16.33431625366211,16.183338165283203,-5.221142292022705,-4.850541591644287,,,,,,,,,,,,,,,,,,0.7858743667602539,,0.8140806485498066,,0.9909552931785583,,0.6167962652392267,,0.24127525091171265,,-0.8422281879019463,,0.969350278377533,,0.5798354551030315
21,0.875,21,0.875,0.0,0.09602110856915944,0.10099181217696293,0.6097620214386289,0.6109211807237575,0.07534568471889663,0.08376212200194749,0.07409572783957166,0.08316132195835853,0.09193912478202805,0.08308671350933682,0.1487855972034378,0.13979754322786261,0.10416086194684307,0.10510347821247303,0.48168811202049255,0.4818497896194458,0.4763307571411133,0.47695648670196533,0.5162307024002075,0.5178133249282837,0.3086387366056442,0.3088989704847336,0.3815106153488159,0.38168850541114807,0.6340207457542419,0.6314464509487152,188.22662353515625,188.3658294677734,16.433326721191406,15.35911464691162,-4.61046028137207,-4.593003749847412,,,,,,,,,,,,,,,,,,0.7863521575927734,,0.815379129651475,,0.9936739206314087,,0.6186662195921301,,0.24112853407859802,,-0.8401131475561437,,0.9723545908927917,,0.5822538813860241
22,0.9166666666666666,22,0.9166666666666666,0.0,0.021540556674402748,0.0232222186387498,0.5850431920038778,0.5986943314725834,0.07658885115167166,0.08267905574301711,0.07710879700538364,0.08318439579031987,0.0891002365247192,0.08524396444314455,0.14344993123478939,0.13845376972050968,0.104082076891213,0.10466154230734294,0.4830799400806427,0.48355306684970856,0.4783405661582947,0.4784577190876007,0.5156927108764648,0.5179930627346039,0.3088712841272354,0.3091418445110321,0.3822401762008667,0.382770299911499,0.6345868110656738,0.6305222809314728,188.24005126953125,188.32476806640625,14.569026947021486,14.189770698547363,-4.326132297515869,-4.043848991394043,,,,,,,,,,,,,,,,,,0.7851101160049438,,0.8109843681312724,,0.991568922996521,,0.6165903238079542,,0.24206072092056274,,-0.8377481449923215,,0.9740503430366516,,0.5866723419418736
23,0.9583333333333334,23,0.9583333333333334,0.0,0.014657699280149504,0.01543216830516289,0.5670195481785723,0.558635448854391,0.07894003499034892,0.08906636368781398,0.07956901659137255,0.08973024396034232,0.09007001795598646,0.07964052070389661,0.14239105987905273,0.1340276150565017,0.10332380309381874,0.10366990854969815,0.48377564549446106,0.4841220825910568,0.4793611168861389,0.48036208748817444,0.5153832733631134,0.5186345726251602,0.3095705062150955,0.3095937520265579,0.3817155361175537,0.3819190561771393,0.6330687701702118,0.6306372582912445,188.49647521972656,188.2528076171875,13.51272964477539,13.35343074798584,-3.9778373241424565,-4.27360200881958,,,,,,,,,,,,,,,,,,0.7852835059165955,,0.8044252244717343,,0.9927266240119934,,0.6144465733769526,,0.24243569374084473,,-0.8332354545837342,,0.9775863289833069,,0.5887542905291123
24,1.0,24,1.0,0.0,0.013071513644964661,0.014620919113980552,0.5684139228369436,0.5491213007053348,0.08232396414815801,0.09098824707564655,0.0821166926227384,0.09094424800632461,0.08969950105054414,0.0808591626644462,0.14070641765860792,0.13479903582675098,0.10275279940165792,0.10277318990893912,0.484214723110199,0.48435619473457336,0.48050689697265625,0.48037710785865784,0.5161339640617371,0.518386647105217,0.3092247247695923,0.30923178791999817,0.3818083107471466,0.3829473555088043,0.6332051157951355,0.6315870881080627,189.42112731933594,189.502197265625,12.908747673034668,14.32627296447754,-3.9806153774261475,-4.01531457901001,,,,,,,,,,,,,,,,,,0.7860875725746155,,0.8041354069073323,,0.9928193092346191,,0.6103631710295568,,0.24221307039260864,,-0.8295860430719103,,0.9793423414230347,,0.587591545664332
25,1.0416666666666667,25,1.0416666666666667,0.0,0.01901777259061781,0.018798452143413122,0.5666640210625687,0.5466682754629012,0.08324219446293035,0.09032351601710824,0.08309958693166902,0.08992328838239413,0.08766218849416735,0.07831603127161872,0.13958045658861098,0.13204419161261371,0.10265978261515846,0.10244056664227623,0.4851563423871994,0.48521028459072113,0.48158448934555054,0.4814200699329376,0.5173325091600418,0.5170341283082962,0.3083013892173767,0.3083294928073883,0.3805634677410126,0.38172340393066406,0.6340539455413818,0.6335000991821289,188.69464111328125,189.4285430908203,12.97400188446045,14.929563522338869,-4.084187030792236,-4.047852993011475,,,,,,,,,,,,,,,,,,0.7854564189910889,,0.8023868344205348,,0.9952658414840698,,0.6082963090224363,,0.24282780289649963,,-0.8196768787927007,,0.9838805198669434,,0.5891522931389449
26,1.0833333333333333,26,1.0833333333333333,0.0,0.029225732752504195,0.030778769648651397,0.5784974605129515,0.5709361159840933,0.0835509424671592,0.08529431112175878,0.08388734987864986,0.08551361093966231,0.08238528268363957,0.0794135212156012,0.13180637950398452,0.1296643750070654,0.10251881427706963,0.10242461606024157,0.4862741082906723,0.48662883043289185,0.48203355073928833,0.48222899436950684,0.5181065499782562,0.5170954316854477,0.3064342439174652,0.3068218380212784,0.3776452839374542,0.3777059316635132,0.6350641846656799,0.6347238719463348,186.7059783935547,186.5511932373047,14.312118530273438,14.914984703063965,-3.915853261947632,-3.8935663700103764,,,,,,,,,,,,,,,,,,0.7839532494544983,,0.7992739217342995,,0.9968882203102112,,0.6101602842859518,0.23728914558887482,0.24414435029029846,-0.8470704631501309,-0.8175240399257315,0.968943178653717,0.9818189740180969,0.5665094263380541,0.5847722093881617
27,1.125,27,1.125,0.0,0.072034152529946,0.07295855121530098,0.5614730940501718,0.5698030900928251,0.07945520141942462,0.08151697431582028,0.07954217679161216,0.08201268178303021,0.08762427495013932,0.08715592119400707,0.13537984678168216,0.13408068876473178,0.10416603690976636,0.10400470587064163,0.4871472120285034,0.48743289709091187,0.4821690618991852,0.4822565019130707,0.5185548067092896,0.5167040228843689,0.30376388132572174,0.30488038063049316,0.37562739849090576,0.37625759840011597,0.6341945230960846,0.6359568238258362,186.591064453125,186.74995422363278,15.256915092468262,15.42274284362793,-3.5312662124633794,-3.361013174057007,,,,,,,,,,,,,,,,,,0.7849762439727783,,0.8034698725615369,,0.9943488240242004,,0.6037744427152264,0.23798266053199768,0.2448304295539856,-0.8493890349905727,-0.8142559095375823,0.9649345278739929,0.9811854362487793,0.5632112889384341,0.5815983977311018
28,1.1666666666666667,28,1.1666666666666667,0.0,0.08807532609138304,0.09936425829526842,0.5729461915140386,0.5786255142873228,0.07640363699784665,0.08013819601824512,0.07635116382219768,0.08090655953709555,0.09448188195790252,0.08976440867652746,0.13962031969605126,0.13631729138534424,0.10435403530434921,0.10461083719657681,0.4883001446723938,0.4885968267917633,0.4835779666900635,0.4836808145046234,0.518744021654129,0.5158378034830093,0.30155816674232483,0.30221280455589294,0.3703896701335907,0.372215211391449,0.6351720094680786,0.6372621953487396,185.55316162109375,186.03871154785156,14.074129104614258,14.532329559326174,-3.5843775272369385,-3.3459727764129643,,,,,,,,,,,,,,,,,,0.7861409783363342,,0.8054700350806653,,0.994204580783844,,0.5982998449028114,0.23839876055717468,0.24507495760917664,-0.8474220545683417,-0.8068397978783642,0.9664307236671448,0.9855660796165466,0.5632437507005904,0.583820158209715
29,1.2083333333333333,29,1.2083333333333333,0.0,0.0816432190493063,0.08545553765921267,0.5943867842425976,0.5819545985896799,0.048983846909863356,0.05169496846490796,0.04923741819288183,0.05294626038485032,0.12680511070692665,0.12590379268175594,0.16623282150687807,0.16591872448025521,0.1019836879107405,0.10242550220616187,0.4895631670951843,0.4907558709383011,0.4833858013153076,0.4844595789909363,0.5190667659044266,0.5168841630220413,0.3003547936677933,0.3017865717411041,0.3649071455001831,0.36699578166007996,0.6315540373325348,0.6379766464233398,184.39425659179688,184.2498016357422,14.558781623840334,15.014123916625978,-2.654315710067749,-2.3355190753936768,,,,,,,,,,,,,,,,,,0.7872267961502075,,0.8019075536100526,,1.0004119873046875,,0.6047318331890201,,0.24541276693344116,,-0.8052557622656149,,0.9863012433052063,,0.5811877271818171
30,1.25,30,1.25,0.0,0.06562913292196076,0.06762403938835684,0.5955841796893642,0.5934527070909063,0.03945835140415784,0.04027035336961187,0.04066805843344897,0.0432730361135107,0.14000714468413583,0.1430297802444303,0.16938078540990772,0.1718599939106869,0.10169124410970087,0.10127461934136461,0.4905260503292084,0.4918327331542969,0.4838924705982208,0.4851897656917572,0.5171911120414734,0.5183370411396027,0.2978968322277069,0.2989596277475357,0.36136072874069214,0.36217090487480164,0.6339436173439026,0.6395861208438873,184.43267822265625,183.4915313720703,13.16282653808594,13.247077941894531,-1.4026187658309937,-1.1056474447250368,,,,,,,,,,,,,,,,,,0.791857898235321,,0.8121060716317001,,0.9961442947387695,,0.5954910415381772,,0.2471008002758026,,-0.8053228568780262,,0.9797545075416565,,0.5681183092236033
31,1.2916666666666667,31,1.2916666666666667,0.0,0.041222189912680444,0.04735636490702898,0.5950936314628786,0.596779866601185,0.040361152963417433,0.04023057231932013,0.040924400823684016,0.04199953836309907,0.14483137806854418,0.14921407418670216,0.16048193581907436,0.1659484869701806,0.10043465075265559,0.10100510175228213,0.4921810030937195,0.4929419457912445,0.48428452014923096,0.4852822721004486,0.516003206372261,0.5168676227331161,0.2938651591539383,0.295249804854393,0.35526758432388306,0.35575413703918457,0.6346665322780609,0.6352675557136536,183.4246063232422,182.96005249023435,13.483269691467287,12.668456077575684,-0.08559373766183853,-0.00705724861472845,,,,,,,,,,,,,,,,,,0.7944735288619995,,0.8331104442390846,,0.9892354607582092,,0.5975307911699839,,,,,,,,
32,1.3333333333333333,32,1.3333333333333333,0.0,0.0453193501454576,0.04180231047504135,0.5931124932743234,0.5940477047667249,0.04461666121736761,0.044771744988354484,0.044296996702639334,0.04597971253156587,0.15023491723216872,0.1493389068153422,0.14785761863669472,0.14791645446653903,0.101677308908961,0.1009986875701391,0.49381713569164276,0.4945957064628601,0.484925240278244,0.485458642244339,0.5168962478637695,0.5160912126302719,0.2895849347114563,0.2901870608329773,0.3504882752895355,0.35055434703826904,0.6343628466129303,0.6326180994510651,183.7237548828125,183.1142883300781,12.427644729614258,13.12612533569336,1.8723249435424807,2.0422682762145996,,,,,,,,,,,,,,,,,,0.7907044887542725,,0.8266214023861136,,0.9904255270957947,,0.6058386761617953,0.2416972815990448,,-0.8364639463659288,,0.9754961729049683,,0.5832397351408924,
33,1.375,33,1.375,0.0,0.05115479871327158,0.05658784478712359,0.5854077884815362,0.5878478604193953,0.04773306167461654,0.046720482641301346,0.045317075657534865,0.04671025819542627,0.1555137083022836,0.1539256768563723,0.13771354021600926,0.136031262387072,0.10315105858806642,0.10183865469660737,0.49586720764636993,0.49658912420272827,0.48459795117378235,0.48539572954177856,0.5163818895816803,0.5166071653366089,0.28687170147895813,0.28758612275123596,0.34492191672325134,0.34732934832572937,0.6319106221199036,0.6298840641975403,181.91943359375,183.42637634277344,13.02995491027832,13.94739818572998,3.580533742904663,3.967495441436767,,,,,,,,,,,,,,,,,,0.7947620749473572,,0.8373439738631913,,0.9920765161514282,,0.6133086521420287,0.24388423562049866,0.2457120418548584,-0.8305403833297982,-0.8154894677710328,0.9736192226409912,0.9821677803993225,0.5858364951599538,0.596529966292084
34,1.4166666666666667,34,1.4166666666666667,0.0,0.04573599049795617,0.050826139306296404,0.5731244457653565,0.5782574615370326,0.056573484925035784,0.0497364500319972,0.052188525053897435,0.04751339212983438,0.14720140484859373,0.1558331629123573,0.11516405080339419,0.1218810005446484,0.10292958579813678,0.10304319620898471,0.4976765513420105,0.4989665746688843,0.48535650968551636,0.48695188760757446,0.5161301791667938,0.5161789059638977,0.28586070239543915,0.2863458842039108,0.34403541684150696,0.34411129355430603,0.6338852941989899,0.628614753484726,182.63424682617185,182.48377990722656,14.032971382141113,13.359868049621582,4.8586554527282715,5.301514148712158,,,,,,,,,,,,,,,,,,0.7957680225372314,,0.8421591444965102,,0.9887344837188721,,0.6101594611464424,,0.24655988812446594,,-0.812127897489489,,0.9896258115768433,,0.6116696592274276
35,1.4583333333333333,35,1.4583333333333333,0.0,0.03585284569370481,0.037899160417353694,0.5712380936105343,0.5715904419663684,0.05868222321621115,0.0665618781512335,0.055494984842104134,0.0645845721353405,0.14831164837423463,0.1408094866646349,0.10530249552071534,0.09559393712484479,0.1034418552846616,0.1035472698530829,0.5006604939699173,0.5016513615846634,0.48749855160713196,0.4881347417831421,0.5182953029870987,0.5164292454719543,0.28594017028808594,0.28613968193531036,0.34491345286369324,0.3459005355834961,0.635536402463913,0.6288671493530273,182.9356689453125,183.3754425048828,13.804344177246094,14.23084831237793,6.336501598358154,6.826594352722168,,,,,,,,,,,,,,,,,,0.7916635274887085,,0.8334590592622007,,0.9870388507843018,,0.6100922967055483,,0.2479725182056427,,-0.8129354007811035,,0.9879586696624756,,0.6116590715503942
36,1.5,36,1.5,0.0,0.0430040194053006,0.0405011269463268,0.5671918091787639,0.5668610911359723,0.06194628330035603,0.06677643792516617,0.05986414063358676,0.06407152729087799,0.14943279788961375,0.14605628177338453,0.09245986948267053,0.0879172313753594,0.10372796593132638,0.10306824056352952,0.503894716501236,0.5043953657150269,0.489643931388855,0.4905451834201813,0.5195724666118622,0.5156571567058563,0.28680893778800964,0.28728702664375305,0.34601345658302307,0.34819361567497253,0.6341744363307953,0.6252061724662781,183.6956787109375,184.12156677246094,14.572573661804201,14.637417793273926,7.956560134887695,8.076813697814941,,,,,,,,,,,,,,,,,,0.7872470021247864,,0.8290928104060422,,0.9857462644577026,,0.6191069982405841,,0.2473563253879547,,-0.8190523100321033,,0.9850614070892334,,0.6179309848123021
37,1.5416666666666667,37,1.5416666666666667,0.0,0.05956038563423486,0.05241441259056631,0.5699934279726124,0.5743468337996374,0.06293350991383972,0.06884906357198901,0.06110883677475217,0.06687615290495251,0.1538868837094721,0.1460482652125459,0.085799816027848,0.07963396471179852,0.10445514960795645,0.10324205453575765,0.5072052329778671,0.5072297304868698,0.4923623502254486,0.49292469024658203,0.5193201750516891,0.5156338512897491,0.29039742052555084,0.2903665006160736,0.3488829433917999,0.35061541199684143,0.632500559091568,0.6266159117221832,183.2432861328125,183.95941162109375,14.26656723022461,14.405960083007814,8.999712944030762,8.836585998535156,,,,,,,,,,,,,,,,,,0.7812426686286926,,0.8046734469692939,,0.9877405166625977,,0.6153990038779668,,0.24737998843193054,,-0.8126867272375761,,0.9872387647628784,,0.6145439593447036
38,1.5833333333333333,38,1.5833333333333333,0.0,0.06947195907657193,0.06431370193000525,0.5756556849014481,0.5709341618576178,0.06522743935533883,0.06980485293011554,0.0630169735639536,0.06785314765295433,0.1589266134008542,0.1498619183460242,0.08110121650761326,0.07290655161477382,0.1047693242192185,0.10402398194216127,0.5101635456085205,0.5105697363615036,0.49555543065071106,0.49623870849609375,0.5194147974252701,0.5174119174480438,0.29451197385787964,0.2943747639656067,0.35362645983695984,0.35532110929489136,0.6306251287460327,0.6251808702945709,183.64224243164062,184.33612060546875,13.456817626953125,13.780427932739258,9.817479133605957,9.858717918395996,,,,,,,,,,,,,,,,,,0.7815287113189697,,0.8040389074077182,,0.9810527563095093,,0.6093927103078507,,0.24716752767562866,,-0.8226928727291252,,0.9838037490844727,,0.6141034924995686
39,1.625,39,1.625,0.0,0.06033953732011318,0.06345809988309317,0.5727462143209902,0.5774352438559984,0.06645224782100594,0.06929048842417987,0.06511612335818416,0.06739163066532647,0.15987007831140343,0.15464167246799734,0.0766963664539534,0.07209774983091037,0.10648603232021972,0.10491889376519759,0.5134903937578201,0.5134792476892471,0.4995720088481903,0.5004288554191589,0.5198991000652313,0.5166854709386826,0.2994511127471924,0.2990880757570267,0.36003825068473816,0.3618914783000946,0.6326879858970642,0.6289539039134979,184.4461669921875,185.4806365966797,10.801776885986328,10.47620964050293,10.344334602355957,10.252395629882812,,,,,,,,,,,,,,,,,,0.7807508111000061,,0.8008849806493227,,0.9848371744155884,,0.6071400013909019,,0.24734166264533997,,-0.8168940708433916,,0.9943627119064331,,0.6233906524464609
40,1.6666666666666667,40,1.6666666666666667,0.0,0.04990761540471622,0.05335126497117306,0.5946404775334502,0.5890576873127634,0.06785392395515553,0.07159488255908197,0.06650539167542978,0.07118834867662804,0.15597328787571563,0.14776279624642455,0.07018510857650709,0.0645946870824945,0.10510342152919985,0.10496433291186176,0.5157778859138489,0.5162286758422852,0.5033574104309082,0.5035877227783203,0.5197608023881912,0.5168207585811615,0.3011156767606735,0.3010398745536804,0.363913893699646,0.3650706112384796,0.63507941365242,0.6315756440162659,186.03819274902344,186.1922607421875,9.072075843811035,9.432391166687012,10.366045951843262,10.492071151733398,,,,,,,,,,,,,,,,,,0.7805461287498474,,0.7955068700260078,,0.9868139028549194,,0.6027459258549052,,0.2476077377796173,,-0.8120599372411531,,0.9972950220108032,,0.6205296293621282
41,1.7083333333333333,41,1.7083333333333333,0.0,0.048896448039705005,0.04837629643229511,0.6017471473649495,0.593475394169066,0.07128084480001283,0.0752050539642391,0.07394205865088223,0.07738468652958316,0.14942513242623967,0.14222552804951147,0.06876600573437595,0.06590205004676224,0.1058309347353095,0.10482216843544974,0.5184140801429749,0.5186927765607834,0.5056375861167908,0.5060263872146606,0.5190184116363525,0.5167295336723328,0.29980891942977905,0.30019697546958923,0.36406636238098145,0.36553430557250977,0.6356047987937927,0.6334124505519867,187.01889038085938,186.93310546874997,8.766319274902344,9.376182556152344,10.697647094726562,10.555696487426758,,,,,,,,,,,,,,,,,,0.7810959219932556,,0.7971215640849162,,0.9862717390060425,,0.5984700218765341,,0.24712732434272766,,-0.8129086914055157,,0.9962114095687866,,0.6153282853650566
42,1.75,42,1.75,0.0,0.04640618137572801,0.0443834798047164,0.6071948657882754,0.5861253870959899,0.0723179689867578,0.0751278313194285,0.07489733788976975,0.07812570403082959,0.14751117781119139,0.14226481471844288,0.06848501682818815,0.0687246555796935,0.10600127762043333,0.10589509879836641,0.5203134268522263,0.5207338333129883,0.5089781284332275,0.5094506740570068,0.5191110670566559,0.5162601172924042,0.29767322540283203,0.29774776101112366,0.36220645904541016,0.36274680495262146,0.6327480673789978,0.6341907382011414,186.78392028808594,186.7482147216797,6.896854877471924,7.3317718505859375,10.390266418457031,10.236634254455566,,,,,,,,,,,,,,,,,,0.781083881855011,,0.7959863135260462,,0.9847781658172607,,0.5927444688637574,,0.24693182110786438,,-0.8095256781892817,,0.9975060224533081,,0.6142636849771451
43,1.7916666666666667,43,1.7916666666666667,0.0,0.05297096735638731,0.049207074252210305,0.5942115171247163,0.5890009033144293,0.07318445558645958,0.07492721168593884,0.07585277678962227,0.07765458583083802,0.14746569111600993,0.14503005258194776,0.07095036676852942,0.07434949702412337,0.10763560295772147,0.10659282568827227,0.5223382860422134,0.5224781036376953,0.5121265649795532,0.5126466155052185,0.5205815732479095,0.5164259672164917,0.29456473886966705,0.2949110269546509,0.3585421144962311,0.358793705701828,0.6327711045742035,0.6322107017040253,185.8680877685547,185.53153991699216,5.528345584869386,5.732348442077637,9.983072280883789,9.623412132263184,,,,,,,,,,,,,,,,,,0.7815583944320679,,0.794804170174736,,0.9880354404449463,,0.6000065001842518,,0.2461043894290924,,-0.8103600135601102,,0.9981251955032349,,0.6170202655611667
44,1.8333333333333333,44,1.8333333333333333,0.0,0.06466013418364205,0.07014495002985345,0.5881048471032788,0.5885536490217843,0.07584807518647341,0.0775590212154839,0.07800461999954242,0.07964214880136146,0.1452836106771501,0.14327088655169143,0.07149432218951574,0.07369174146131295,0.106793223472052,0.1065399000703508,0.523407906293869,0.5234635025262833,0.5153419971466064,0.5155549645423889,0.5218195468187332,0.5170275419950485,0.2918081283569336,0.29229533672332764,0.35497069358825684,0.35631513595581055,0.6295048892498016,0.6318045258522034,184.29736328125,185.19151306152344,3.6805472373962407,3.566969871520996,9.16576099395752,9.04969596862793,,,,,,,,,,,,,,,,,,0.7828352451324463,,0.7939007614254461,,0.9905825257301331,,0.6027635569140628,,0.2455677092075348,,-0.8107822512390913,,0.9985931515693665,,0.6162217771104151
45,1.875,45,1.875,0.0,0.11237826996475117,0.10279935921361083,0.5995337027959918,0.5896031527899487,0.07658054004664996,0.08114773081650134,0.07888384541113497,0.08371081113741655,0.14665906634616885,0.1435584914321892,0.07608853458887964,0.07589414534701114,0.10566843294948117,0.10561659297325607,0.524169385433197,0.5243616551160812,0.5172572135925293,0.5179163813591003,0.5212854593992233,0.518225684762001,0.2897554337978363,0.2902631610631943,0.35416504740715027,0.35664960741996765,0.6323869228363037,0.6302264034748077,184.54771423339844,186.18865966796875,3.227538824081421,1.6278210878372195,8.439958572387695,8.426291465759277,,,,,,,,,,,,,,,,,,0.7832177877426147,,0.7951608540571627,,0.9938121438026428,,0.6136933659889904,,0.24495768547058105,,-0.8199943064678961,,0.9939976334571838,,0.6140064524437804
46,1.9166666666666667,46,1.9166666666666667,0.0,0.16870622440312819,0.15401136424981632,0.6050392337859297,0.600895069045447,0.08015722994562965,0.08427775398886972,0.08173006722690308,0.08596637287076711,0.1433142145900825,0.13962356008219126,0.0723291543619048,0.07464334739620869,0.10620075441851375,0.10563149899416324,0.5248475819826126,0.5250489413738251,0.518165647983551,0.5187268257141113,0.521232470870018,0.5200426131486893,0.29080985486507416,0.290291503071785,0.35652926564216614,0.3584383428096771,0.6325677037239075,0.6281118392944336,184.2688446044922,185.5242919921875,3.1923675537109375,2.2104554176330566,8.28003215789795,7.935789585113525,,,,,,,,,,,,,,,,,,0.782501220703125,,0.7938505827507998,,0.995587944984436,,0.6252152744924934,,0.24408745765686035,,-0.8346731815790797,,0.9884964823722839,,0.6131500254192649
47,1.9583333333333333,47,1.9583333333333333,0.0,0.15398517793724922,0.13816069122689167,0.5961828689693085,0.5923503453183916,0.07899769946504577,0.08188182710360244,0.08105305051964368,0.08373693188119155,0.1417733286294614,0.13770939317090364,0.07347449827001316,0.075574225337801,0.10685992772872527,0.10613955014535309,0.5251222848892212,0.5252168327569962,0.5191570520401001,0.5187239646911621,0.521538257598877,0.518938422203064,0.29309192299842834,0.2930421084165573,0.3591463565826416,0.361102819442749,0.6317059397697449,0.6279698312282562,184.22891235351562,185.35914611816403,1.7808572053909302,3.191880702972412,7.943220138549806,7.62457275390625,,,,,,,,,,,,,,,,,,0.7811393141746521,,0.794327536960281,,0.9923328757286072,,0.6209009191600292,,0.2433571219444275,,-0.8348629702238938,,0.9892059564590454,,0.6155724230956918
48,2.0,48,2.0,0.0,0.11213416392837347,0.10752839277506272,0.5981501820894788,0.5972500189410482,0.07711879275868419,0.08009341509233153,0.07864701725500572,0.08063475553842643,0.14298136501475284,0.13902037942742518,0.07836132413282215,0.07674672911035936,0.10674765900998084,0.10625320521218728,0.5246583521366119,0.524969294667244,0.5185403227806091,0.5188953876495361,0.5219325125217438,0.5184052437543869,0.2967371493577957,0.2975633442401886,0.36672136187553406,0.36827072501182556,0.6320265531539917,0.6288787424564362,187.12783813476562,187.57211303710935,1.7375891208648682,1.5664390325546265,7.481354713439942,7.296921253204347,,,,,,,,,,,,,,,,,,0.7803342342376709,,0.7939535957924317,,0.9895530343055725,,0.6149633946485756,,0.2435002624988556,,-0.83328614357031,,0.9889330863952637,,0.6139063598666559
49,2.0416666666666665,49,2.0416666666666665,0.0,0.07017317505746856,0.07543742546338902,0.610720105942266,0.596134795462246,0.08047777171778085,0.08185925834577637,0.08252249553202037,0.08247309079009514,0.14231989987266094,0.13495236754526482,0.07912802476413128,0.07395378051206299,0.10600146673356374,0.10611570325213682,0.5249120891094208,0.5251200199127197,0.5179364085197449,0.5188634991645813,0.5216287672519684,0.5174247622489929,0.30326150357723236,0.3030366152524948,0.378484845161438,0.3774675726890564,0.6342094540596008,0.6324650943279266,191.24134826660153,190.4283905029297,2.5130977630615234,1.3146929740905762,7.3987112045288095,7.124528884887695,,,,,,,,,,,,,,,,,,0.7813743948936462,,0.796281068915999,,0.9940980076789856,,0.6136712900531267,,0.24221080541610718,,-0.830263188971826,,0.9946597814559937,,0.6146245894507396
50,2.0833333333333335,50,2.0833333333333335,0.0,0.03905395100749196,0.03527407851610834,0.6004153454421888,0.5992198642844309,0.07829388281977817,0.08402650503862859,0.08125471528194757,0.08690108890815496,0.14272275499171858,0.13528419311993553,0.08214278574790203,0.07694102912558035,0.10563472477884502,0.10428194343558747,0.5246395617723465,0.5249372869729996,0.5178332328796387,0.5183813571929932,0.5214484333992004,0.517959862947464,0.3110148012638092,0.3110436052083969,0.3884296119213104,0.3884338438510895,0.6361748576164246,0.6316494941711426,193.18429565429688,192.5749053955078,2.601482629776001,2.503197193145752,7.299062252044679,7.099637985229492,,,,,,,,,,,,,,,,,,0.7812091112136841,,0.7955186929665569,,0.9955779910087585,,0.618616984758415,,0.24189797043800354,,-0.8342375043932102,,0.9928320050239563,,0.6139492723235045
51,2.125,51,2.125,0.0,0.021957930830400745,0.02439338142727289,0.5817789808171372,0.582606890205446,0.08081160246819069,0.08469868633381655,0.08329791866410449,0.08738159128580855,0.1421689707656902,0.13655485881523574,0.08446787723488136,0.07980118469811867,0.10517186161414639,0.10417521628822907,0.5244925916194916,0.5247016996145248,0.5174517631530762,0.5176956057548523,0.5219129920005798,0.5178257375955582,0.3166970759630203,0.31677374243736267,0.39547044038772583,0.3963052034378052,0.636328250169754,0.6328319609165192,195.1907501220703,195.0587158203125,3.866497755050659,3.6756284236907963,7.086663246154785,7.093184947967529,,,,,,,,,,,,,,,,,,0.7815961241722107,,0.7980260812203576,,0.9964160919189453,,0.6187546788352963,,0.2422788143157959,,-0.8336554919267762,,0.9913167357444763,,0.610076493449974
52,2.1666666666666665,52,2.1666666666666665,0.0,0.01794520612648443,0.018063881954362968,0.5747361704127392,0.5742841722212546,0.0774273133485503,0.082413144879906,0.07949599674144622,0.08536915929775156,0.1407159854002577,0.13299176360084142,0.08990730716437728,0.08466300999445575,0.10621422806769369,0.10523834947359324,0.5229221284389496,0.5234021842479706,0.5168704390525818,0.5168856978416443,0.5218010246753693,0.5178413391113281,0.3183754086494446,0.31850340962409973,0.3980245888233185,0.3988196551799774,0.636140912771225,0.6326438188552856,197.4799346923828,197.0072021484375,3.3742361068725586,3.400522232055664,6.271905422210693,6.3612260818481445,,,,,,,,,,,,,,,,,,0.7811254858970642,,0.7967416822644321,,0.9961174726486206,,0.618711647961469,,0.24284785985946655,,-0.8321760726793122,,0.9929525852203369,,0.6133243174192688
53,2.2083333333333335,53,2.2083333333333335,0.0,0.015712953076431387,0.01660634103989222,0.5782810342272564,0.5720528250709086,0.08136389795564723,0.0874748638086293,0.08353630471237425,0.09054239343461026,0.1326354081888092,0.12307916629181528,0.08737231825971843,0.08205357962349484,0.10558365952430669,0.10450004941646426,0.5220173597335815,0.5225850641727448,0.5167135000228882,0.5168989896774292,0.5208126157522202,0.5180454552173615,0.31640778481960297,0.31664495170116425,0.3959965407848358,0.39723271131515503,0.636447548866272,0.6317413151264191,196.8932647705078,196.341552734375,3.2924740314483643,3.41664719581604,5.602499485015869,5.521866798400879,,,,,,,,,,,,,,,,,,0.7810434103012085,,0.7983958287736169,,0.9947187900543213,,0.6198235734521751,,0.24275070428848267,,-0.8357258167836913,,0.9927914142608643,,0.6165323693576977
54,2.25,54,2.25,0.0,0.016831872079116635,0.013040409320389254,0.5798528232833259,0.5772829657882371,0.08524830418840594,0.08558072177717876,0.08777155011175695,0.08847983576925751,0.13099972228451248,0.12639834268421654,0.08701971779865961,0.08731910639862395,0.10442043546291474,0.104385903796053,0.5215171873569489,0.5220665037631989,0.5162716507911682,0.5160976052284241,0.520208016037941,0.518095076084137,0.3147965967655182,0.31547582149505615,0.394071102142334,0.3947714865207672,0.6363828182220459,0.6319433450698853,195.79681396484375,196.06694030761716,3.605351448059082,4.565937519073486,5.443907260894775,5.464201927185059,,,,,,,,,,,,,,,,,,0.7811669111251831,,0.7963963593099254,,0.9954894781112671,,0.619066022107531,,0.24323955178260803,,-0.8320690767060074,,0.9936375617980957,,0.6159124788262975
55,2.2916666666666665,55,2.2916666666666665,0.0,0.02037306417968024,0.01982427527586383,0.5771045202539358,0.5717520827711221,0.08600413066567031,0.0872911557041607,0.08909039801092637,0.09068586776200444,0.13113135829665923,0.1251179166565295,0.08860668359188749,0.08771076574115003,0.10417371099386295,0.10435536022741307,0.5211274921894073,0.5214604735374451,0.515680730342865,0.5159221291542053,0.5206142365932465,0.5186644196510315,0.3132418394088745,0.3142872750759125,0.3925991356372833,0.39375823736190796,0.6359643638134003,0.6331086158752441,195.0891571044922,195.61830139160156,4.106101989746094,4.311889171600342,5.4377527236938485,5.211999416351318,,,,,,,,,,,,,,,,,,0.7810270190238953,,0.7923433662511273,,0.996732234954834,,0.6177121061909389,,0.24265310168266296,,-0.8335629290349497,,0.9949588179588318,,0.6146994824495874
56,2.3333333333333335,56,2.3333333333333335,0.0,0.03189451063917981,0.02901837261675457,0.5785332825828543,0.5692180891269518,0.08715123516329971,0.08794548620899416,0.09095077652871345,0.09155171632577544,0.12826655046325777,0.12602201819261163,0.08603992705703865,0.08742741907572546,0.10444888947956273,0.1044661592092329,0.5207548439502716,0.5210108608007431,0.5154289603233337,0.5154024362564087,0.5202690660953522,0.5188125371932983,0.3119402080774307,0.313546746969223,0.39097535610198975,0.3925853967666626,0.6364051103591919,0.6319947838783264,193.56483459472656,194.3878936767578,3.5984261035919194,4.397413730621338,5.405621528625488,5.312036037445068,,,,,,,,,,,,,,,,,,0.780897855758667,,0.7907513693637838,,0.9957029223442078,,0.6172666383590838,,0.24237480759620667,,-0.8340547819285595,,0.9967561960220337,,0.6190541999603338
57,2.375,57,2.375,0.0,0.044756055370140234,0.042731407686733135,0.5682369234532118,0.5672064761300225,0.08231634588151135,0.08560925634402945,0.08554596909320852,0.08928177860282041,0.1302850919671335,0.12443941568322148,0.08937852498435418,0.08762061639030695,0.10474344602527756,0.1043879201410371,0.5198127925395966,0.5203777551651001,0.5145384073257446,0.5145480632781982,0.5207078158855438,0.5191025733947754,0.3113614320755005,0.31230565905570984,0.38935789465904236,0.390583872795105,0.6364802122116089,0.6315660774707794,192.13536071777344,192.97640991210938,3.756124496459961,4.3609418869018555,5.273339748382568,5.307046413421631,,,,,,,,,,,,,,,,,,0.7805109620094299,,0.7867407261006527,,0.99495929479599,,0.6151931003827181,,0.2428453266620636,,-0.8314301925691019,,0.9962226152420044,,0.6173317919842869
58,2.4166666666666665,58,2.4166666666666665,0.0,0.046254034095151116,0.04429286532642877,0.5586018994207622,0.559625163339903,0.08373315100142174,0.08636086141550596,0.08687420808163406,0.08974055068007196,0.13128230448189449,0.12455016420477788,0.09123372000065935,0.08775882479653849,0.10463914996094348,0.10424529956494775,0.5196395516395569,0.5200275629758835,0.5143687129020691,0.514397144317627,0.5199420750141144,0.5186909437179565,0.3110176622867584,0.3117404878139496,0.3895542621612549,0.3891534209251404,0.6388338506221771,0.6303898096084595,192.47573852539062,192.03660583496094,3.792220830917358,4.380589962005615,5.189723968505859,5.226248741149902,,,,,,,,,,,,,,,,,,0.7796611785888672,,0.786735140577308,,0.9941518306732178,,0.6168469950906634,,0.24251237511634827,,-0.8325830150733611,,0.994918942451477,,0.6181478197175249
59,2.4583333333333335,59,2.4583333333333335,0.0,0.0406374360568136,0.039456751112425525,0.5494176307692948,0.5588142584345882,0.08433839863590538,0.08707482886694619,0.08733690949151647,0.09008240623737154,0.13158945931967567,0.12525245754906789,0.09280124689861924,0.08914488562399761,0.10442789751388065,0.10398669456632012,0.519394651055336,0.5197307169437408,0.5143707990646362,0.5142191648483276,0.5197742432355881,0.518655389547348,0.31068354845046997,0.31164059042930603,0.3889218270778656,0.389351487159729,0.6383167207241058,0.6300643682479858,192.1912841796875,192.14889526367188,3.8774940967559814,4.640195846557617,4.960075855255127,5.033860206604004,,,,,,,,,,,,,,,,,,0.7796826958656311,,0.7876969639911431,,0.9950599670410156,,0.6195600188949827,,0.24243606626987457,,-0.8335416145161907,,0.994573175907135,,0.6187337176324406
60,2.5,60,2.5,0.0,0.03736408321136212,0.032383340789490386,0.5461360148808765,0.5576214223904232,0.0853929994294266,0.0872266413873299,0.08847458526234768,0.09006219496254092,0.13083105603034734,0.12583939875876504,0.09344346788705378,0.0894400801718391,0.10418846419278537,0.1037372046053359,0.5192798376083374,0.5195735096931458,0.514293909072876,0.5142641067504883,0.5194348096847534,0.518511950969696,0.3099147826433182,0.3109768331050873,0.3873165249824524,0.3880079984664917,0.6387469172477722,0.629379004240036,191.32391357421875,191.458740234375,4.370305061340333,4.558841228485107,4.834714889526368,4.938854217529297,,,,,,,,,,,,,,,,,,0.7794692516326904,,0.7890603448362057,,0.9929121136665344,,0.6183114152181378,,0.2420659363269806,,-0.8358937921582685,,0.9939790964126587,,0.620126181451701
61,2.5416666666666665,61,2.5416666666666665,0.0,0.037421566352905285,0.032938159911007604,0.5506455605770568,0.558646255056838,0.08531777028789395,0.08707348940775875,0.0879964534095787,0.08979915329344162,0.13146811606665926,0.12589642744730878,0.09321193754204497,0.08966258080964092,0.10410986793320416,0.10362430163294928,0.5190197229385376,0.5194357633590698,0.5141246318817139,0.5142191648483276,0.5195433795452118,0.5185238420963287,0.30986130237579346,0.31048309803009033,0.3862740695476532,0.3871234357357025,0.6390764713287354,0.6297554969787598,190.7737274169922,191.1017608642578,4.16004753112793,4.638183116912842,4.8379034996032715,4.83193302154541,,,,,,,,,,,,,,,,,,0.7789751291275024,,0.7867157269248503,,0.9943279027938843,,0.6194377163437961,,0.24246829748153687,,-0.8338497418416182,,0.9951418042182922,,0.6208206000498105
62,2.5833333333333335,62,2.5833333333333335,0.0,0.035955006166958466,0.03422760784272617,0.5558804856037448,0.5582017305945607,0.08495566904479146,0.0870887346543015,0.08776989632995125,0.08966403871143502,0.13019293355487466,0.12552900109063614,0.09270525351087587,0.08971733823455846,0.10409317889868067,0.10364850276837066,0.5187933146953583,0.5192707031965256,0.5137549042701721,0.5140092372894287,0.5199034214019775,0.5185413062572479,0.30922773480415344,0.30980220437049866,0.3854091763496399,0.38541126251220703,0.6388296484947205,0.6300871074199677,190.38870239257812,190.12709045410156,4.77492094039917,5.059044361114502,4.754495143890381,4.79586935043335,,,,,,,,,,,,,,,,,,0.778152346611023,,0.7829327591661944,,0.9946044087409973,,0.6183608430335892,,0.24294432997703552,,-0.8311430082591607,,0.9961898326873779,,0.6210503287850108
63,2.625,63,2.625,0.0,0.0365016129539504,0.03763787421480845,0.5553583272077102,0.5575961101088224,0.08446468047188035,0.0871540132563702,0.0875912426939966,0.09001822639384506,0.1298143867169859,0.1252019359479715,0.09295170209600079,0.0904713904483687,0.10431639804183823,0.10364049624312179,0.518823117017746,0.5190248489379883,0.5138720870018005,0.5141661167144775,0.519545704126358,0.5186958312988281,0.30876365303993225,0.30918681621551514,0.38395071029663086,0.38388529419898987,0.6388075649738312,0.630382776260376,189.66195678710938,189.423828125,4.3025970458984375,4.158679485321045,4.75291633605957,4.6677141189575195,,,,,,,,,,,,,,,,,,0.7774792909622192,,0.7813463615904374,,0.9951218366622925,,0.6194580218029611,,0.2428724765777588,,-0.8327950129938841,,0.9957392811775208,,0.6205066645163434
64,2.6666666666666665,64,2.6666666666666665,0.0,0.04053614100099108,0.04135292553555794,0.5554964690800831,0.5513300495841279,0.08175224200094175,0.08928900294103961,0.08469944010061893,0.09240882827589547,0.1292947472357842,0.11924692749833876,0.09296397199286108,0.08713485517874756,0.10484468926444493,0.10398944866262323,0.5185175985097885,0.5186441093683243,0.5143769383430481,0.514354944229126,0.5200451016426086,0.5191448926925659,0.3074021637439728,0.3073465824127197,0.3808271288871765,0.3815962076187134,0.6371985077857971,0.6295441389083862,189.02842712402344,189.06776428222656,2.3726322650909424,2.991471767425537,4.594581127166748,4.399613857269287,,,,,,,,,,,,,,,,,,0.776970624923706,,0.7804601203767322,,0.9937074780464172,,0.6200735496241512,,0.24305683374404907,,-0.8357417153706145,,0.9919797778129578,,0.6171317345062882
65,2.7083333333333335,65,2.7083333333333335,0.0,0.03989051216265148,0.04135744811487875,0.5652274200489176,0.5504069335129522,0.05389582151627022,0.05925914177461715,0.05671416698084521,0.06182189330769847,0.1507371671048864,0.1439933581009854,0.11763314492407191,0.1145460479989328,0.10402830177662788,0.1039883588298054,0.5180220007896423,0.5180278122425079,0.5143919587135315,0.5144888758659363,0.5201535224914551,0.5197503715753555,0.30811707675457,0.30824239552021027,0.3767012059688568,0.3794088065624237,0.6350616216659546,0.6273981332778931,186.44039916992188,187.7365264892578,2.126870632171631,1.9062727689743042,4.087453842163086,3.8383476734161373,,,,,,,,,,,,,,,,,,0.7774104475975037,,0.7827687170107331,,0.9906096458435059,,0.620681016718385,,0.24343755841255188,,-0.8394355446611073,,0.9893706440925598,,0.6185637246175347
66,2.75,66,2.75,0.0,0.034261262851658224,0.03315297037187773,0.570418378668529,0.563966045837743,0.05420670668576564,0.056352990988674634,0.05783451871693538,0.05927380170280397,0.14666102872344383,0.1447963965252056,0.11634543163111824,0.11568174595329295,0.10410220999190599,0.10416197904205415,0.5170918852090836,0.5175650417804718,0.5139361619949341,0.5146100521087646,0.5197635889053345,0.5193686634302139,0.305558905005455,0.30663467943668365,0.3747516870498657,0.3752880096435547,0.635224312543869,0.6288925111293793,186.7069091796875,186.08531188964844,1.8672157526016238,1.5770183801651,3.749471664428711,3.5566346645355225,,,,,,,,,,,,,,,,,,0.7783054113388062,,0.7863763937685483,,0.9975855946540833,,0.6298313820705767,,0.2434416115283966,,-0.8379749949371249,,0.9899029731750488,,0.6167073059208239
67,2.7916666666666665,67,2.7916666666666665,0.0,0.04732698160216759,0.03998366303271109,0.5813276267995052,0.5693891405871435,0.06198376382453458,0.06285886056387825,0.0662984321243351,0.06672870421370848,0.1363588078034705,0.1372581359736857,0.11149054704813205,0.11349186294317841,0.1029263188319204,0.10247910411675235,0.5167081952095032,0.5167294442653656,0.513911783695221,0.5145440697669983,0.5192791372537613,0.5193237662315369,0.3004647344350815,0.30254222452640533,0.37013182044029236,0.3713827431201935,0.6344359219074249,0.6298265755176544,186.74177551269528,186.238037109375,1.2570658922195435,0.21380454301834106,3.2470176219940186,3.050917863845825,,,,,,,,,,,,,,,,,,0.776725709438324,,0.777238390778532,,0.9978179931640625,,0.6250325569070843,,0.24277080595493317,,-0.8350658706478601,,0.9900840520858765,,0.6118964761854623
68,2.8333333333333335,68,2.8333333333333335,0.0,0.04600340486349185,0.05234862038707356,0.5712123811214003,0.5680662987750915,0.06985159410895025,0.07083528928954597,0.07202865253814585,0.07321170182090264,0.12749003520499105,0.12498441847428941,0.10118985596514615,0.10439151620429667,0.10419750091908148,0.10355462524569616,0.5156888514757156,0.515344500541687,0.5129004120826721,0.5139858722686768,0.5186013579368591,0.5202258378267288,0.2972337603569031,0.29759712517261505,0.3634723126888275,0.3637952506542206,0.6341800093650818,0.6258421540260315,184.50177001953125,184.73121643066406,1.6132457256317139,-0.4832238256931305,3.292879819869995,2.3533248901367188,,,,,,,,,,,,,,,,,,0.7744771838188171,,0.769605192961705,,0.9948421716690063,,0.6282805893455526,,0.24451473355293274,,-0.834562730743311,,0.9847321510314941,,0.6110666884763725
69,2.875,69,2.875,0.0,0.05491602625181094,0.05588179167446058,0.5911193486412468,0.580659790905741,0.07423833329104064,0.0800802267703328,0.07549014497187913,0.08096493714091885,0.11735635725226241,0.11653686729626318,0.09470460669680901,0.09905649146001479,0.1042213735356701,0.10324000245516217,0.5138260573148727,0.5137968063354492,0.5116922855377197,0.5128617882728577,0.5182700604200363,0.5189076811075211,0.29268190264701843,0.29324154555797577,0.35776248574256897,0.3595741391181946,0.6343554854393005,0.6255175471305847,184.06719970703125,184.87338256835938,1.2067447900772095,-0.3273387849330902,2.533534049987793,1.732157588005066,,,,,,,,,,,,,,,,,,0.7720682621002197,,0.759701763663217,,0.997672975063324,,0.6281942188230762,,0.24397911131381989,,-0.8250246485241887,,0.9830358624458313,,0.6034869356923488
70,2.9166666666666665,70,2.9166666666666665,0.0,0.06511601547557916,0.06099282227815704,0.5942055398080491,0.5904602364521541,0.07535679014398558,0.0828264318952931,0.07648126267214601,0.08341187139548327,0.11235995463068953,0.10948258906877449,0.09254165152319731,0.09474034440029397,0.10383538068234795,0.10345127761504663,0.5129840672016144,0.512517124414444,0.511243462562561,0.5117359161376953,0.5190758109092712,0.5190195441246033,0.2892724275588989,0.2891232967376709,0.35345619916915894,0.35490483045578003,0.6327242255210876,0.6258898377418518,183.94366455078125,184.74581909179688,0.6189513206481934,-0.3182826042175293,2.1810340881347656,1.414414405822754,,,,,,,,,,,,,,,,,,0.7737780809402466,,0.7592117484068467,,0.9973042607307434,,0.6226091019534614,,0.24197641015052795,,-0.8256225866172996,,0.9813969135284424,,0.5959433115504249
71,2.9583333333333335,71,2.9583333333333335,0.0,0.06819060848162366,0.07140452906456086,0.5893775921888808,0.5972966347411631,0.07453034932979717,0.08518397496252675,0.07431366434660529,0.08527513535680892,0.10866272021379375,0.10558984895528646,0.0933157057344258,0.09550342842449286,0.10531575315451777,0.1036234603432731,0.5117018818855286,0.511073887348175,0.5097534656524658,0.5108210444450378,0.5190675258636475,0.5193449258804321,0.2852530926465988,0.28569701313972473,0.34782692790031433,0.3496532440185547,0.6308037340641022,0.6276757121086121,182.82058715820312,183.9621124267578,1.7642145156860352,-0.4798544347286225,1.681613326072693,0.7857561707496643,,,,,,,,,,,,,,,,,0.7807062864303589,0.7738216519355774,0.7833649879907935,0.757175099453125,1.0000345706939697,1.0003809928894043,0.621845599129447,0.6237870113283781,,0.24178031086921692,,-0.825871262310418,,0.9835569262504578,,0.5956290141432767
72,3.0,72,3.0,0.0,0.0751092527354286,0.0791649938463325,0.588588528619743,0.5965881805174652,0.07613677686152301,0.08407986475826104,0.07567558105361437,0.0839059477634726,0.10422678091740954,0.0994604998469543,0.09432710203432973,0.09317953930372248,0.10564419297611412,0.1042079551931685,0.5104861706495285,0.5097515136003494,0.5089186429977417,0.509652316570282,0.5196312218904495,0.5204110741615295,0.28174279630184174,0.28208132088184357,0.3410707414150238,0.3440621495246887,0.6295917332172394,0.6265877485275269,180.4781036376953,182.74557495117185,1.8592629432678225,-0.030867122113704685,1.027190089225769,0.3144967257976532,,,,,,,,,,,,,,,,,0.779424786567688,0.7747410535812378,0.7782333445985123,0.7568299133220131,1.004080891609192,1.0014405250549316,0.6310201417806398,0.6274570331660014,,0.24070514738559723,,-0.8323431346964446,,0.9823450446128845,,0.5954935684264776
73,3.0416666666666665,73,3.0416666666666665,0.0,0.08515390115509781,0.08498308902687772,0.5990925928451225,0.599338840732922,0.07774476511861259,0.08328506754926784,0.07716801476369958,0.0826610502304948,0.09845040727461737,0.09744685042225505,0.09440910186263692,0.09452225494847832,0.10534557092041022,0.103967171589069,0.5088402777910233,0.5083223730325699,0.5076708793640137,0.507709801197052,0.5204713046550751,0.5199968218803406,0.27836354076862335,0.27893757820129395,0.3363144099712372,0.3394275903701782,0.6283263564109802,0.6264498233795166,179.7529754638672,181.82171630859375,2.0531532764434814,1.3020195960998535,0.38715440034866333,0.06304314732551575,,,,,,,,,,,,,,,,,,0.7762500047683716,,0.7651930547034101,,0.9984778761863708,,0.6248848088901663,,0.24039731919765472,,-0.8349070834558274,,0.9872006177902222,,0.6059427226563064
74,3.0833333333333335,74,3.0833333333333335,0.0,0.09034708618420594,0.09075572189154203,0.6005929364846259,0.5991262802955423,0.07859473555073647,0.08183477338185655,0.07767310441615449,0.08126870813667744,0.0943124514573901,0.09384937336925503,0.09239208757776463,0.09536050748394362,0.10450951075922037,0.10391860946845877,0.5075040906667709,0.5069729834794998,0.5064026117324829,0.5064606070518494,0.5207905024290085,0.5186938941478729,0.2758576273918152,0.27624374628067017,0.33347490429878235,0.3353535830974579,0.627787709236145,0.6272556781768799,179.8378448486328,180.96434020996094,2.311842203140259,1.5896022319793701,0.07757610827684402,-0.33730098605155945,,,,,,,,,,,,,,,,,,0.7778960466384888,,0.7761466411972208,,0.9939942359924316,,0.6177094967187884,,0.2403365969657898,,-0.8335041942540664,,0.9872455596923828,,0.6063424851188851
75,3.125,75,3.125,0.0,0.09348819913758116,0.09543464949273929,0.6013775838787174,0.5965681132311513,0.07863850404701907,0.08292848974817685,0.07761085652309802,0.08233842419883672,0.09265485655919498,0.090307235535907,0.09350422619561365,0.09516632565569377,0.10482194285104472,0.10388606182610464,0.5058026164770126,0.5054842531681061,0.5049210786819458,0.5050565004348755,0.5201878845691681,0.5180823504924774,0.2738269418478012,0.27451910078525543,0.3306396007537842,0.33256420493125916,0.6275233924388885,0.6267866790294647,179.23976135253906,180.35768127441406,2.1828107833862305,1.867031693458557,-0.30538007616996765,-0.71785569190979,,,,,,,,,,,,,,,,,,0.7789686918258667,,0.786341467463882,,0.9873377084732056,,0.6112925501518653,,0.24086907505989075,,-0.8355527264862256,,0.9834223985671997,,0.6046543780718419
76,3.1666666666666665,76,3.1666666666666665,0.0,0.10493850807242201,0.10152497441259709,0.6032633511871802,0.590650155475258,0.07912871340304742,0.08321702063047734,0.07753945503203413,0.08240860427790357,0.08978627819189015,0.08744260269163269,0.09585388311213598,0.0951272377613132,0.10381500007400443,0.10386636504863826,0.5038383305072784,0.5038625597953796,0.5029840469360352,0.5034275054931641,0.5197423994541168,0.5176877826452255,0.2722150385379791,0.27333399653434753,0.32841944694519043,0.33054953813552856,0.6284875273704529,0.6292076110839844,179.24014282226562,179.99438476562506,2.744958877563477,2.2117552757263184,-0.9495731592178345,-1.0734853744506836,,,,,,,,,,,,,,,,,0.7810715436935425,0.7798372507095337,0.7856460234057246,0.7879642984854714,1.0065951347351074,0.9901049733161926,0.639406449262123,0.6101881854384476,,0.2391122281551361,,-0.8373375425470514,,0.9857541918754578,,0.6028320900207894
77,3.2083333333333335,77,3.2083333333333335,0.0,0.10573251216485406,0.09363228114970087,0.5789841642205357,0.5716730543122022,0.07785177259038825,0.07984060088864485,0.0765267465788446,0.079393765092287,0.0897500329222239,0.08842887452120121,0.10239280030868576,0.10012765302964396,0.10483903197051232,0.10422014556977433,0.5021287798881531,0.5023214817047119,0.5011878609657288,0.5017743706703186,0.5197134912014008,0.5171851962804794,0.2712188810110092,0.2719898223876953,0.3257369101047516,0.3283255100250244,0.6293887794017792,0.6308570802211761,178.23728942871094,179.287826538086,3.4634928703308105,2.6240689754486084,-1.612406849861145,-1.364916443824768,,,,,,,,,,,,,,,,,,0.7795436382293701,,0.7863707525328784,,0.9930172562599182,,0.6105982126212046,,0.2383108139038086,,-0.835874219646438,,0.9901273250579834,,0.605725819290164
78,3.25,78,3.25,0.0,0.05155561563472874,0.056346633513234184,0.5148964726984088,0.5086177309487321,0.07580826458223298,0.07989166137036688,0.07501857700040535,0.07919655354063518,0.08846403098676726,0.08906060684924345,0.1064572886379689,0.10685797145643289,0.10480606244877685,0.10405836947326155,0.5006240755319595,0.500708281993866,0.4992997646331787,0.4997144639492035,0.5199773907661438,0.5183541178703308,0.2709796279668808,0.27129392325878143,0.3248726725578308,0.3258923888206482,0.6281054317951202,0.6288649439811707,178.23841857910156,178.85853576660162,5.0529022216796875,4.705666542053223,-2.0151100158691406,-1.950801491737366,,,,,,,,,,,,,,,,,0.7825782299041748,0.7757856845855713,0.7951882373482421,0.7739549012134331,0.999463677406311,0.99435955286026,0.6325420997069144,0.6180980269014732,,0.23773717880249023,,-0.8436605429795908,,0.9873532652854919,,0.6062495004918783
79,3.2916666666666665,79,3.2916666666666665,0.0,0.03738673926385403,0.03872405030839074,0.5036715098876443,0.4974054862237514,0.08020537448266865,0.08011440925124665,0.07878216247643578,0.07859613427473362,0.08462747517856861,0.0890673339974731,0.11154784878774485,0.11510945533444338,0.10353281500324485,0.10265771923017351,0.49904972314834595,0.4991752356290817,0.49835893511772156,0.4990561902523041,0.5208132266998291,0.5179668962955475,0.2701326906681061,0.2707962691783905,0.32416966557502747,0.3255665898323059,0.6275462806224823,0.6291975378990173,179.28529357910156,179.94772338867193,5.477075099945068,4.745387554168702,-3.081921100616455,-2.946934700012207,,,,,,,,,,,,,,,,,,0.7746424078941345,,0.7744869937015777,,0.995353102684021,,0.6214666933654551,,0.2372526228427887,,-0.8470210203595696,,0.9879984259605408,,0.6089837842860946
80,3.3333333333333335,80,3.3333333333333335,0.0,0.0420074342003423,0.0397836930454823,0.49462066279506,0.4985413284801083,0.04368915077676791,0.043510300590194506,0.04111938201107827,0.040850763020652894,0.1180599293984223,0.12247753997843783,0.15393758081594103,0.155695426999685,0.10092070202976568,0.10096016269245164,0.49785836040973663,0.49833858013153076,0.49651286005973816,0.4968927204608917,0.5208733081817627,0.5172810852527618,0.27245013415813446,0.27293962240219116,0.320563405752182,0.3224068880081177,0.6264683902263641,0.6293502449989319,177.25421142578125,177.7306518554688,8.263195037841797,8.262843132019043,-3.920517921447754,-3.578019380569458,,,,,,,,,,,,,,,,,,0.7763479351997375,,0.7828730995714325,,0.9898644089698792,,0.6128079416099435,,0.23734241724014282,,-0.8459455648678823,,0.9888135194778442,,0.6110216222615438
81,3.375,81,3.375,0.0,0.057926498094365654,0.053770739883775065,0.4834877770957233,0.4791941469572652,0.04139591621489617,0.036253414745732265,0.038224888304844315,0.03297907414177018,0.12538151706197898,0.12722841120151165,0.16474998919467476,0.165153641930794,0.10102150185643947,0.10204664676684468,0.49643009901046753,0.49705661833286285,0.49538442492485046,0.4951641261577606,0.5217839032411575,0.5174260884523392,0.2725460082292557,0.2729441225528717,0.31613394618034363,0.3185306489467621,0.6270395815372467,0.6286726593971252,175.47705078125,176.04936218261724,8.121780395507812,9.476593017578125,-4.649570465087891,-4.386250972747803,,,,,,,,,,,,,,,,,,0.7767335176467896,,0.7842855767424031,,0.9862574934959412,,0.6083603298724337,,0.23754778504371643,,-0.8465029995030112,,0.9855075478553772,,0.607084444729179
82,3.4166666666666665,82,3.4166666666666665,0.0,0.06636781437901947,0.06008413265767675,0.5006633322096874,0.5143581003312248,0.04248907394825456,0.038867721303462444,0.03908538402514603,0.035502419227934706,0.12558736742838789,0.12483497434269569,0.1626614486531,0.1623150366169919,0.10131716869305309,0.1018755124984084,0.49582067131996155,0.4961465448141098,0.4949794113636017,0.49495929479599,0.5219427347183228,0.516285702586174,0.26956063508987427,0.27053047716617584,0.31302380561828613,0.31453806161880493,0.6289888024330139,0.6278237104415894,175.05084228515625,174.73451232910162,6.834749698638916,7.0664167404174805,-4.472777366638184,-4.344996452331543,,,,,,,,,,,,,,,,,,0.7766761183738708,,0.7874480646502477,,0.98331218957901,,0.6047069806934868,,0.23915314674377441,,-0.8380780609360097,,0.9865379929542542,,0.6101942634996356
83,3.4583333333333335,83,3.4583333333333335,0.0,0.07320771856232396,0.09174492701575732,0.5443061513733363,0.5727915346351702,0.04464626746401803,0.04435543110367853,0.04092518633942583,0.04047460037911753,0.11441086542643458,0.11899417739156645,0.1550838200720587,0.1555234913746202,0.10188950064156782,0.10226182748161393,0.4942176789045334,0.49471502006053925,0.49330028891563416,0.49359193444252014,0.5223108232021332,0.5168023854494095,0.2671995013952255,0.26845358312129974,0.3104918897151947,0.31295245885849,0.629891961812973,0.6263392865657806,174.34361267089844,174.43026733398443,5.900400161743164,5.479435443878174,-5.038893699645996,-4.505406379699707,,,,,,,,,,,,,,,,,,0.7776325941085815,,0.787975680289466,,0.9818361401557922,,0.6041060888794342,,0.2423553764820099,,-0.8291124318237254,,0.9849346280097961,,0.6093714389381479
84,3.5,84,3.5,0.0,0.055858217200864105,0.07420109619803386,0.5701020460238305,0.5843869941519964,0.04846775254613121,0.04983096827261172,0.045135516941299435,0.04583058406972896,0.10838231576106194,0.10904966466549632,0.1458975639938886,0.14374687092485638,0.10310309448688419,0.1029926540842576,0.4938167631626129,0.4938814342021942,0.49273502826690674,0.49272581934928894,0.5216196030378342,0.5168129503726959,0.26566097140312195,0.2663317322731018,0.3089378774166107,0.31027230620384216,0.6292917430400848,0.6268507838249207,173.2206268310547,173.53790283203128,4.905521869659424,4.951420307159424,-4.537230968475342,-4.342972755432129,,,,,,,,,,,,,,,,,,0.7786118388175964,,0.7890437888924222,,0.9844129681587219,,0.6061881128739375,,0.2443709671497345,,-0.8211213423117898,,0.9854028820991516,,0.6078663498065557
85,3.5416666666666665,85,3.5416666666666665,0.0,0.028466998350480912,0.029227714914420368,0.5994786513577157,0.5966613146785562,0.0590068585653633,0.05399113617103486,0.0562451339792921,0.051107384706739666,0.09748154004902215,0.10250124628770739,0.13693173973249806,0.13958575242014867,0.10252811045582234,0.10242037785805531,0.4934189021587372,0.49344901740550995,0.4927753806114197,0.4929583966732025,0.5213341414928436,0.5162951350212097,0.2631155103445053,0.2635546326637268,0.30724501609802246,0.30801382660865784,0.6285236775875092,0.6265189349651337,172.9862060546875,173.30453491210943,4.039973735809326,3.9587032794952393,-4.8190131187438965,-4.4834208488464355,,,,,,,,,,,,,,,,,,0.7796328067779541,,0.7941472249371201,,0.9837201237678528,,0.605931392776006,,0.24525240063667297,,-0.8173833766924237,,0.9825389981269836,,0.6039278129250706
86,3.5833333333333335,86,3.5833333333333335,0.0,0.02391906883668681,0.02706873780693034,0.5940839594425168,0.588672330989313,0.05518529965763636,0.05456967156167083,0.052348864282056436,0.051605896318150435,0.1017062195751534,0.1021073637131276,0.14003786343797778,0.14059980900080601,0.10306324880449126,0.10252273810936706,0.49362610280513763,0.49350008368492126,0.492882639169693,0.49313613772392273,0.5217370837926865,0.5151438564062119,0.2615177184343338,0.261875256896019,0.3043125867843628,0.3046180307865143,0.6282141506671906,0.6263844966888428,172.12838745117188,172.45146179199224,4.079668998718262,3.8410124778747554,-4.525014400482178,-4.506452560424805,,,,,,,,,,,,,,,,,,0.7796993255615234,,0.7943691203849712,,0.982498049736023,,0.6014736949944334,,0.24456575512886047,,-0.812453014082056,,0.9836942553520203,,0.6034940792389265
87,3.625,87,3.625,0.0,0.017149446813794864,0.020912035815872136,0.5991850734754662,0.5983976521017893,0.057559602370399025,0.05350872146687792,0.05381183359391255,0.05058493227622806,0.09975443620000415,0.1065816156594791,0.13609125303965317,0.1431605273752906,0.10259665434821533,0.10201890826075691,0.49365243315696716,0.49376583099365234,0.49312472343444824,0.49365466833114624,0.5215713679790497,0.5155908167362213,0.2606854885816574,0.26135414838790894,0.30262190103530884,0.30316048860549927,0.6290709376335144,0.6269432306289673,171.9528350830078,172.04774475097662,3.780769109725952,3.4105436801910405,-4.443252086639404,-4.226389408111572,,,,,,,,,,,,,,,,,,0.781275749206543,,0.7969676371375767,,0.9855499267578125,,0.6050826249261883,,0.24422350525856018,,-0.8140129100053008,,0.9823833107948303,,0.5997395448339916
88,3.6666666666666665,88,3.6666666666666665,0.0,0.01680783248727995,0.017740934403291903,0.5944658545923899,0.5902581621982494,0.05827027786358036,0.04961479813164116,0.054207482663155226,0.0470841833131738,0.09679572625364585,0.10536300964160804,0.1346592542619727,0.14573195166646002,0.1020699368923948,0.10158916946168742,0.4936760663986206,0.4938546121120453,0.49326902627944946,0.4936697781085968,0.5210282206535339,0.515399694442749,0.26072704792022705,0.26143762469291687,0.3026283085346222,0.3033680021762848,0.6297322511672974,0.6287935674190521,172.22225952148438,172.51786804199224,3.727269172668457,3.7195034027099614,-4.636595249176025,-4.5236029624938965,,,,,,,,,,,,,,,,,,0.7811803817749023,,0.7934920933036705,,0.9859718680381775,,0.5998280580909222,,0.24380850791931152,,-0.8108394228358174,,0.983909547328949,,0.5963646958876949
89,3.7083333333333335,89,3.7083333333333335,0.0,0.025551977489165403,0.024900031589221355,0.5826311662719883,0.5850064568467831,0.05932806155253074,0.05334401825060915,0.0559885895442135,0.05083797472564914,0.09464262606906558,0.1004943711855858,0.1339357673350922,0.1423763568151757,0.10216870320027353,0.10210547276136527,0.49370716512203217,0.4939559996128082,0.49330422282218933,0.4935913681983948,0.5213161557912827,0.5149296969175339,0.26161181926727295,0.26226675510406494,0.3041841387748718,0.3050893247127533,0.6305502355098724,0.6304004192352295,172.98907470703125,173.07290649414068,3.6039092540740967,3.905784368515014,-4.587444305419922,-4.614302158355713,,,,,,,,,,,,,,,,,,0.7818377017974854,,0.7953102139285003,,0.9880244731903076,,0.5994103115379233,,,,,,,,
90,3.75,90,3.75,0.0,0.03352564860785461,0.03055952454089261,0.5780781616517602,0.5744064232999551,0.06456788572659859,0.060810861328195506,0.06171161430880579,0.05799915755729724,0.09148872196646293,0.09478839171051025,0.1342510262528737,0.13852656300753058,0.10284781919981362,0.1028025723505737,0.49377650022506714,0.4938199520111084,0.49329617619514465,0.49400025606155396,0.5215919315814972,0.5161942094564438,0.26393255591392517,0.26479217410087585,0.30771154165267944,0.3092588484287262,0.6296398639678955,0.6317830681800842,173.5067596435547,173.94332885742193,3.8121328353881836,3.293231964111328,-4.928158283233643,-4.948483467102051,,,,,,,,,,,,,,,,,,0.7829005718231201,,0.795202168272469,,0.9900590777397156,,0.6008754145437323,,0.24445292353630066,,-0.8102141165862419,,0.9864126443862915,,0.5947598720726138
91,3.7916666666666665,91,3.7916666666666665,0.0,0.06152565526398906,0.07292851574398912,0.5588930682225887,0.5618029929123722,0.06717774038704437,0.06777438388885526,0.06428578621599985,0.06495103363274043,0.08755289036600353,0.0923255657753107,0.13192346128867552,0.13524988963197354,0.10345368303856943,0.10312705447937748,0.49373792111873627,0.4934992790222168,0.49342167377471924,0.49408820271492004,0.5217606425285339,0.5160712450742722,0.2685428261756897,0.2683842182159424,0.3131866455078125,0.3153335452079773,0.6324528455734253,0.6323102116584778,174.5392608642578,175.7401733398438,3.832452297210694,2.602341651916504,-5.115344047546387,-4.838015079498292,,,,,,,,,,,,,,,,,,0.7832738161087036,,0.7963678489872674,,0.9890658855438232,,0.5980899453305576,,0.2446138560771942,,-0.8090488655494492,,0.9863828420639038,,0.593591905227234
92,3.8333333333333335,92,3.8333333333333335,0.0,0.07949656388565642,0.08620795607741191,0.5925117023579716,0.5657989482901838,0.07238747764697365,0.07194890170959216,0.0705581348772437,0.06994655790258449,0.08365453662682774,0.08818691811329547,0.127129832662026,0.12813299843921705,0.10324622100289554,0.10279676648737772,0.4933094382286072,0.4935518801212311,0.49260714650154114,0.49400046467781067,0.5215360224246979,0.5160778760910034,0.27171242237091064,0.27229098975658417,0.320302814245224,0.3219589591026306,0.6339094638824463,0.6348335444927216,175.39349365234375,176.74362182617193,4.9781365394592285,3.0404717922210693,-4.754540920257568,-4.376021862030029,,,,,,,,,,,,,,,,,,0.7839171886444092,,0.7956215039715648,,0.9885440468788147,,0.5910206741041861,,0.24334761500358582,,-0.8101501547188374,,0.9836119413375854,,0.5827795381411142
93,3.875,93,3.875,0.0,0.07561996342561168,0.07896216478108922,0.593483415262337,0.579320280406992,0.07092291565907205,0.06977997910663902,0.0691115585937321,0.06789757836291178,0.08799152415495158,0.09229413811841136,0.1310215525895293,0.13115751179157376,0.10377852833348089,0.10272978982029979,0.4933319091796875,0.49373187124729156,0.4928957223892212,0.49472272396087646,0.5215445160865784,0.5153799802064896,0.27532798051834106,0.2751450091600418,0.32581809163093567,0.32733944058418274,0.6328384280204773,0.6358052790164948,175.78521728515625,177.60446166992193,4.261321544647217,2.158193588256836,-4.583412170410156,-4.314623355865479,,,,,,,,,,,,,,,,,,0.7842270135879517,,0.7964174152766645,,0.9902481436729431,,0.5906147166760236,,0.24262025952339172,,-0.8080081413053694,,0.9859684705734253,,0.5834834180460239
94,3.9166666666666665,94,3.9166666666666665,0.0,0.062447479996490335,0.06118307339191528,0.5920826628908621,0.5672300339100591,0.06870374219767751,0.0704267681109312,0.06630036166360909,0.06923937949530376,0.09356914627835974,0.09533279051841455,0.13488188937940068,0.1359663908928785,0.10322223849742947,0.1029634745161321,0.4937451630830765,0.49398230016231537,0.49369049072265625,0.4952895939350128,0.5216204822063446,0.5146014392375946,0.2754930853843689,0.2764735668897629,0.32752811908721924,0.3292456865310669,0.6329416036605835,0.6365815699100494,176.73118591308594,178.11721801757818,3.8001704216003422,1.6380929946899414,-4.471103191375732,-4.437795162200928,,,,,,,,,,,,,,,,,,0.7838070392608643,,0.797806061106629,,0.9918712377548218,,0.5922681061137782,,0.24234281480312347,,-0.8068538720724949,,0.9870392084121704,,0.5842131100740153
95,3.9583333333333335,95,3.9583333333333335,0.0,0.05069228836091359,0.05092064126951302,0.5776920923054788,0.5636564126742135,0.06940579622291375,0.07080752381875492,0.06735430529805338,0.0695399974129535,0.09403821677582466,0.09460848400595798,0.13497495847310434,0.13659025907660605,0.10333841857897132,0.10283229943064756,0.49386949837207794,0.4938235431909561,0.4939793646335602,0.495090514421463,0.5217577815055847,0.51439368724823,0.2756073921918869,0.27626413106918335,0.32792434096336365,0.3299092948436737,0.6329415440559387,0.6369498372077942,177.2524871826172,178.58959960937506,3.475214004516602,1.9259454011917116,-4.380277633666992,-4.525931358337403,,,,,,,,,,,,,,,,,,0.7833982706069946,,0.7973284320023376,,0.9936144948005676,,0.5946482904085991,,0.2426767349243164,,-0.8053678819886217,,0.9854782819747925,,0.5810832091922489
96,4.0,96,4.0,0.0,0.05538566899177748,0.05179525893650141,0.5671125825029464,0.5607292084627147,0.0729678485406645,0.07350506461928595,0.06991598825949723,0.07151967617938942,0.09157334784621904,0.09506312841307842,0.12942765194233696,0.1330482825564461,0.10382635451850354,0.10351635992785316,0.4943268746137619,0.49446970224380493,0.49477261304855347,0.4956076443195343,0.5217693150043488,0.514742374420166,0.27331864833831787,0.27480460703372955,0.32638105750083923,0.3280143737792969,0.6321333646774292,0.6370982229709625,177.7801055908203,178.1482849121094,2.9435746669769287,1.8406562805175783,-4.406087398529053,-4.259025573730469,,,,,,,,,,,,,,,,,,0.7826062440872192,,0.792289575109968,,0.9941676259040833,,0.594080048238827,,0.2423444390296936,,-0.8057004655372345,,0.9873592853546143,,0.5827525605044258
97,4.041666666666667,97,4.041666666666667,0.0,0.05131959109903042,0.04917740312467782,0.5594382540061011,0.5644612604124875,0.06848849133851348,0.07409730541647924,0.0656717932902818,0.07207826389662711,0.0946008452444023,0.09196277627102392,0.13135264530868504,0.1278531405941328,0.10384110608329468,0.10356788352456243,0.49471980333328247,0.4946671575307846,0.494880348443985,0.49546757340431213,0.5214240550994873,0.5150391310453415,0.2718380242586136,0.27267788350582123,0.3237551152706146,0.3244531452655792,0.6306129097938538,0.6356106996536255,177.1598663330078,177.1835327148438,3.309227705001831,2.2036943435668945,-4.24464225769043,-4.112137317657471,,,,,,,,,,,,,,,,,,0.7825088500976562,,0.7940813766733129,,0.9902188777923584,,0.592190809828761,,0.24159356951713562,,-0.8118228437704176,,0.9835962653160095,,0.5811311375275297
98,4.083333333333333,98,4.083333333333333,0.0,0.05808062680819585,0.05133726677680012,0.554192504152732,0.5670715259529902,0.06086641895123342,0.06458678303597691,0.05738358031091436,0.06159044746265865,0.10498491279113198,0.10267184525462508,0.13881279054189752,0.13749578581836663,0.10251391059482401,0.10261446457431218,0.49571187794208527,0.49517905712127686,0.4957244396209717,0.4961960017681122,0.5212956964969635,0.5149727463722229,0.2711585760116577,0.2715703845024109,0.32141411304473877,0.321616530418396,0.6305834949016571,0.6335290372371674,176.78079223632812,176.41174316406253,3.3695950508117676,1.8216102123260498,-3.9700229167938237,-4.1113057136535645,,,,,,,,,,,,,,,,,,0.7821544408798218,,0.794489304720299,,0.9882245063781738,,0.5932797470139216,,0.24132540822029114,,-0.8137154898563064,,0.9827889800071716,,0.5841880387998714
99,4.125,99,4.125,0.0,0.0601187247460808,0.048243187997621624,0.5480219909432534,0.5703876052612444,0.04149409399693066,0.036588854597710524,0.03855200278865529,0.03397682446913686,0.12615035412164338,0.13696926068463175,0.16374393923903618,0.17298746755991407,0.10151748577934233,0.10193176274417225,0.4964800328016281,0.49721457064151764,0.4956240653991699,0.49653616547584534,0.5211764723062515,0.5154120922088623,0.2717886120080948,0.2736356109380722,0.31833988428115845,0.32023513317108154,0.6301554441452026,0.6320646107196808,175.0881805419922,174.52198791503912,4.759059906005859,4.139452934265137,-4.118022918701172,-3.7186288833618164,,,,,,,,,,,,,,,,,,0.782304048538208,,0.7952850997412121,,0.9861252307891846,,0.5934546170788463,,0.24241915345191956,,-0.8134648174261597,,0.9817718267440796,,0.5861577091932133
100,4.166666666666667,100,4.166666666666667,0.0,0.04943749491928183,0.03775836833729595,0.5392235776807394,0.5537035510347889,0.04196902349698099,0.039012394440778295,0.03883950384207235,0.0370290604187551,0.12256381380823146,0.12998345786128182,0.15592833740995668,0.16046644810300606,0.10221596128960497,0.10204241020663653,0.49737365543842316,0.4981953203678131,0.4969252645969391,0.49777498841285706,0.5211462527513504,0.5152111351490021,0.2695242464542389,0.27070996165275574,0.31437358260154724,0.3160926103591919,0.6304600238800049,0.6314351558685303,174.27236938476562,174.2984466552735,4.148784160614014,4.015303134918213,-3.6751327514648438,-3.190119981765747,,,,,,,,,,,,,,,,,,0.7823485136032104,,0.7970694551495411,,0.9864699840545654,,0.5958747630829868,,0.2425377368927002,,-0.8135875190494162,,0.981801450252533,,0.588039302298916
101,4.208333333333333,101,4.208333333333333,0.0,0.03216322383155855,0.031596173831143604,0.5629077588472097,0.5647984589015991,0.04976208188361232,0.04722214246598989,0.04645207510248175,0.044526333907434545,0.11721775878627738,0.11926471285884672,0.1433608612427069,0.14406237818720247,0.10257058516288921,0.10260685806752048,0.4977816492319107,0.49824804067611694,0.49839749932289124,0.4990759491920471,0.5197306573390961,0.5147132128477097,0.2667592614889145,0.26765309274196625,0.3119986355304718,0.31299328804016113,0.631280392408371,0.6319669783115387,174.254638671875,174.3724212646485,2.1212451457977295,1.7746473550796509,-3.2082762718200684,-3.032872200012207,,,,,,,,,,,,,,,,,,0.7823835015296936,,0.796927168035491,,0.9859089255332947,,0.592751999889425,,0.2421276569366455,,-0.8115612539188982,,0.9842472672462463,,0.5899691953066055
102,4.25,102,4.25,0.0,0.027227510587567835,0.028424980489819365,0.5773173507605898,0.5743417314009535,0.0512844734329477,0.048352781548837244,0.04869876841417874,0.04705596516282651,0.11583759170402202,0.11537859883450882,0.14303202469868298,0.14243396064185898,0.10149665378658362,0.10219217240368432,0.49805933237075806,0.4985448718070984,0.49861326813697815,0.49880802631378174,0.5207166820764542,0.5150116682052612,0.26651252806186676,0.2670859098434448,0.3126717209815979,0.31212538480758667,0.6315506398677826,0.6316697597503662,175.08447265625,174.22204589843756,1.8918861150741577,2.4625141620635986,-3.0637834072113037,-2.9156980514526367,,,,,,,,,,,,,,,,,,0.7824433445930481,,0.7971173622233544,,0.985778272151947,,0.593701731698048,,0.24254029989242554,,-0.8121388659882566,,0.9838912487030029,,0.5905379300661843
103,4.291666666666667,103,4.291666666666667,0.0,0.02604992467259687,0.026279607964951258,0.5785251127703019,0.5839370355705426,0.05545831156145936,0.05500033180359301,0.05246553300250388,0.05275724474433215,0.1111964524791121,0.11271960900530201,0.13787138036676014,0.1398533288129687,0.10211338096686776,0.1019854056938391,0.4984114319086075,0.4984934628009796,0.4985024333000183,0.4989701211452484,0.520276665687561,0.5149521231651306,0.2660841643810272,0.26678285002708435,0.31375181674957275,0.31400179862976074,0.6315282881259918,0.6310649216175079,175.78933715820312,175.4490814208985,2.443392038345337,1.941934585571289,-3.035747528076172,-2.9244401454925537,,,,,,,,,,,,,,,,,,0.781982958316803,,0.7970262675877388,,0.98448246717453,,0.5933649019592727,,0.2427895963191986,,-0.8123431993389487,,0.983420729637146,,0.5915823142023932
104,4.333333333333333,104,4.333333333333333,0.0,0.022168025087723323,0.024500606021309084,0.5716165171646693,0.5725773038795413,0.06202343059461491,0.06273130531932684,0.05952302703197819,0.06136019526537581,0.1021598328218661,0.10563312976665007,0.12939811265818746,0.13328061957235915,0.10295005729787432,0.1031058600056525,0.498443067073822,0.49867360293865204,0.49854543805122375,0.4993966221809387,0.5202275961637497,0.5145120471715927,0.2664630115032196,0.2674710601568222,0.3157345950603485,0.31664562225341797,0.6314145624637604,0.6320584118366241,176.65008544921875,176.53833007812506,2.5264313220977783,1.4284312725067139,-3.0622994899749756,-2.967063665390015,,,,,,,,,,,,,,,,,,0.7818191051483154,,0.7958834625858272,,0.9847124814987183,,0.5906231717277618,,0.24328245222568512,,-0.807562474463724,,0.9857461452484131,,0.5923543463117663
105,4.375,105,4.375,0.0,0.034927126740580856,0.03634165354595443,0.5537846525795918,0.5614877122596799,0.06533320420743789,0.0685268519336403,0.06340959468318795,0.06810563234316613,0.1024480140934764,0.10410914578408431,0.12718219966428299,0.13135269547271472,0.10353033322241405,0.10323842410287967,0.49845802783966064,0.49859239161014557,0.49850359559059143,0.4995536208152771,0.5212045013904572,0.5140268504619598,0.26764898002147675,0.2684697061777115,0.3201177716255188,0.320048063993454,0.6316339671611786,0.6328863799571991,178.63595581054688,178.16479492187506,2.2967216968536377,0.8911983370780945,-2.7156450748443604,-2.8469181060791016,,,,,,,,,,,,,,,,,,0.7825230360031128,,0.7998489821860444,,0.9870350956916809,,0.5934417194945891,,0.24282926321029663,,-0.8078964462655521,,0.985923171043396,,0.5915784839500012
106,4.416666666666667,106,4.416666666666667,0.0,0.04987846566110316,0.055407121144481396,0.5209482521456174,0.5318570569638056,0.0680971688158073,0.07208414800774231,0.06590518420578959,0.07117292373784039,0.1006609501546205,0.10001383309564245,0.12573743534023948,0.12894924443489425,0.10303564973004185,0.10245677262354344,0.498384952545166,0.4984828233718872,0.4993462860584259,0.5000410676002502,0.5224775671958923,0.5134745538234711,0.26989567279815674,0.2698174715042114,0.3226798176765442,0.32346829771995544,0.6310897469520569,0.6343438923358917,179.021240234375,179.33139038085943,0.9750464558601378,-0.06741941720247269,-3.2171788215637207,-3.344604730606079,,,,,,,,,,,,,,,,,,0.7821328639984131,,0.798095563329708,,0.9870772957801819,,0.5894184599421702,,0.2430945336818695,,-0.8032101979182928,,0.9858977198600769,,0.5874473854269012
107,4.458333333333333,107,4.458333333333333,0.0,0.05117774862884593,0.061307956547745276,0.5077212194873891,0.5207629778434749,0.06975384852631103,0.07373267654658873,0.06736732869894427,0.072531105249649,0.10130143896261296,0.09725834337112801,0.12806451183235326,0.1290287945810458,0.1024043852903919,0.10244745800883968,0.4986327886581421,0.4987025558948517,0.4992842972278595,0.5000365972518921,0.52187779545784,0.5133742392063141,0.2720681428909302,0.2724069207906723,0.32839635014533997,0.32831594347953796,0.6324041783809662,0.6363436877727509,180.6157684326172,180.0059967041016,2.613849401473999,0.8698367476463318,-3.2529027462005615,-3.6001856327056885,,,,,,,,,,,,,,,,,,0.780616044998169,,0.7931457724419443,,0.9872108697891235,,0.5857521504548209,,0.24293190240859985,,-0.8026446142468222,,0.9864916801452637,,0.5845515055895623
108,4.5,108,4.5,0.0,0.04743853322870012,0.05374977956676157,0.5228185179508085,0.5244161349559451,0.07847821393363456,0.07728586214843196,0.07663554131947367,0.07566459425680772,0.0938702912342196,0.0945420167083989,0.12399527394056899,0.12516211222402807,0.10275036677665374,0.10355286223866712,0.49862413108348846,0.4987456798553467,0.49981340765953064,0.5004863739013672,0.5215498954057693,0.5130877196788788,0.275007888674736,0.2756222039461136,0.33446940779685974,0.33524012565612793,0.6338891685009003,0.6369430720806122,181.643310546875,181.41526794433597,2.0106167793273926,0.6142582893371582,-3.630277395248413,-3.6960511207580566,,,,,,,,,,,,,,,,,,0.7810197472572327,,0.7943723416602708,,0.987846314907074,,0.5852068384136393,,0.2431260645389557,,-0.8003898380131862,,0.9892995357513428,,0.5876303975946295
109,4.541666666666667,109,4.541666666666667,0.0,0.04867671413882092,0.05458931163198388,0.5251573146132796,0.5181183107718836,0.0795804681486167,0.07936592550188999,0.07638607472563906,0.07758371280493147,0.09640662348175635,0.09282215782361167,0.124402967250431,0.12277467824763373,0.10358990164271346,0.10428336915452721,0.4985106289386749,0.4988141357898712,0.4995609223842621,0.5002911686897278,0.5207610130310059,0.5122490674257278,0.2801406681537628,0.2803202271461487,0.3427085280418396,0.3423691391944885,0.6337309181690216,0.6359428465366364,183.24484252929688,182.5772094726563,2.4783825874328613,1.3675997257232666,-3.607391119003296,-3.610233783721924,,,,,,,,,,,,,,,,,,0.7809840440750122,,0.7990609305356979,,0.9866372346878052,,0.5865527090605732,,0.241847425699234,,-0.8040166194604946,,0.9862885475158691,,0.5859695135141831
110,4.583333333333333,110,4.583333333333333,0.0,0.050140213279398466,0.051427406026577145,0.5306714817172519,0.5239378695897873,0.07869779281814217,0.07879131857958525,0.07598199713177768,0.07693167398890381,0.10156969514183181,0.09686832536418095,0.12799990500996364,0.12464808263617702,0.10397156150834062,0.10437159782539435,0.4981977492570877,0.49845586717128754,0.4994587004184723,0.49964842200279236,0.5197190940380096,0.512536883354187,0.28603532910346985,0.2856411337852478,0.35140565037727356,0.3511184751987457,0.6348996758460999,0.6365726888179779,184.7473907470703,184.54646301269534,2.5375301837921143,2.3484325408935547,-3.5000791549682617,-3.3848485946655273,,,,,,,,,,,,,,,,,,0.7804354429244995,,0.7971546355518103,,0.9857845902442932,,0.5844989839916162,,0.24079261720180511,,-0.8085978580677722,,0.9864378571510315,,0.585592399885245
111,4.625,111,4.625,0.0,0.06082877158424892,0.0610013901735862,0.5391024034581883,0.5300290395801387,0.08256248640342778,0.08162337824076649,0.07960814230035508,0.07958737303754602,0.0972131754197833,0.09388389153153757,0.12311993949626639,0.1196447751553078,0.10408964548357054,0.10439536578242765,0.49811597168445587,0.49855491518974304,0.4995969831943512,0.5002995729446411,0.5196894854307175,0.5114941000938416,0.29172778129577637,0.2916354835033417,0.35907989740371704,0.3591025769710541,0.6353706419467926,0.637141227722168,185.62979125976562,185.43782043457034,2.3531508445739746,1.158542275428772,-3.6236226558685303,-3.3805153369903564,,,,,,,,,,,,,,,,,,0.779370129108429,,0.7981448487706735,,0.9859988689422607,,0.584680526675289,,0.2405056357383728,,-0.8074184453802491,,0.988039493560791,,0.5881005849905836
112,4.666666666666667,112,4.666666666666667,0.0,0.058999976271435474,0.059759132947456675,0.5270157271223638,0.5346150607338473,0.07994028604579202,0.08138827038313122,0.07793906750624843,0.08135069900097304,0.09508708948776981,0.09067524934682343,0.12262708512623191,0.11939801733902775,0.10398126886209019,0.10420689844877337,0.4980916678905487,0.49854230880737305,0.49937909841537476,0.49915602803230286,0.5187588036060333,0.5113799273967743,0.2951704263687134,0.2953973859548569,0.363339364528656,0.3634907603263855,0.6346016526222229,0.6371621191501617,185.5931396484375,185.38163757324224,2.680952548980713,3.1546437740325928,-3.5180301666259766,-3.0708045959472656,,,,,,,,,,,,,,,,,,0.7801272869110107,,0.8032924791635128,,0.9840943217277527,,0.5833062570655304,,0.2398192584514618,,-0.8117015303691804,,0.9884594082832336,,0.5906453921516578
113,4.708333333333333,113,4.708333333333333,0.0,0.03199896449306098,0.033762628377339454,0.5490987388529821,0.5379974022095259,0.08065822337886148,0.08444330316886055,0.08086199333239695,0.08416579054781306,0.09547371837903577,0.08817626433038743,0.12307889306088801,0.11642949949699531,0.10424707863835547,0.10492347786712664,0.4980965256690979,0.4986470937728882,0.4989756643772125,0.4996250867843628,0.5195936560630798,0.5116003304719925,0.2947239726781845,0.2956676036119461,0.36300864815711975,0.3631347417831421,0.633540689945221,0.6372935473918915,185.9453582763672,185.14869689941412,2.5072929859161377,2.2064011096954346,-3.0013530254364014,-3.008714199066162,,,,,,,,,,,,,,,,,,0.7803887128829956,,0.8031025591904787,,0.9816860556602478,,0.5788109498257666,,0.2413904070854187,,-0.8073499272695397,,0.9885990619659424,,0.5904294480505674
114,4.75,114,4.75,0.0,0.020924652360201502,0.02200871566913414,0.5507622229025887,0.5428420351051443,0.08358884815760047,0.08354998039939121,0.08360088485508453,0.08477476166316843,0.09265562436883025,0.09007053973957876,0.12038744539937185,0.11980127821248328,0.1043307649134131,0.10403845846612375,0.49879588186740875,0.4990295022726059,0.4994783401489258,0.4999295175075531,0.5203250646591187,0.5118419826030731,0.29194703698158264,0.29273054003715515,0.3599686920642853,0.3604762852191925,0.6329177916049957,0.6342725157737732,187.12591552734375,186.91053771972662,2.9001176357269287,2.5867927074432373,-2.9082791805267334,-2.9400415420532227,,,,,,,,,,,,,,,,,,0.7806236147880554,,0.805978062541937,,0.9755727052688599,,0.575682053016498,,0.24128419160842896,,-0.811304114863819,,0.9887130260467529,,0.5978462564817929
115,4.791666666666667,115,4.791666666666667,0.0,0.02109753868926146,0.024454203795841865,0.5585634695171857,0.5483312473172168,0.08212046805680746,0.08376712628205962,0.08133303860654946,0.08512067009586632,0.09621610106102502,0.09290210589147273,0.12012380631485378,0.1183464855090323,0.10385722569144473,0.1044388528091515,0.499107763171196,0.49967050552368164,0.49934759736061096,0.5002189874649048,0.5198574960231781,0.5130355358123779,0.28837183117866516,0.2891024947166443,0.3560919165611267,0.3563334345817566,0.6326111853122711,0.6341150104999542,186.71208190917966,186.61450195312506,3.347550868988037,2.2814900875091553,-2.4570298194885254,-2.381972312927246,,,,,,,,,,,,,,,,,,0.7820463180541992,,0.8081040491068935,,0.9769033789634705,,0.5792235343000866,,0.24028053879737854,,-0.8193516098690163,,0.9857491850852966,,0.5941706549056762
116,4.833333333333333,116,4.833333333333333,0.0,0.06494835942488228,0.06254195502819405,0.5482369169652117,0.5384488409084834,0.08092443424340424,0.08265453373641138,0.08099869210096206,0.08339146976813518,0.0986488413160679,0.09014996960706043,0.1196060505383667,0.11565242790474371,0.10356228525486999,0.10411489465345934,0.49939246475696564,0.4995098114013672,0.49994179606437683,0.5007364153862,0.5203523933887482,0.5124861001968384,0.2851537764072418,0.2853141278028488,0.3500171899795532,0.3507418930530548,0.6336461007595062,0.633576899766922,184.39906311035156,185.24905395507818,0.9792516231536865,0.5374572277069092,-2.1501774787902836,-2.707338571548462,,,,,,,,,,,,,,,,,,0.7816184759140015,,0.8076606073030188,,0.9814995527267456,,0.5873110732025718,0.23544660210609436,0.240460604429245,-0.8610519487769057,-0.816342799814063,0.9730340838432312,0.9841941595077515,0.5769618059952967,0.5918597060292887
117,4.875,117,4.875,0.0,0.09575967687953617,0.07683415992403468,0.5767079128685645,0.5710618954965488,0.08057799477914372,0.07891941001334904,0.08118276887387163,0.08006788902630192,0.09616683433500146,0.09129844329995873,0.11603346527275134,0.11267867612472143,0.10470759778132481,0.10433434813976857,0.4994707405567169,0.49954259395599365,0.5003023147583008,0.5005233287811279,0.5199766457080841,0.5120387822389603,0.2834913283586502,0.28349533677101135,0.3484378159046173,0.34894996881484985,0.6336286962032318,0.6361479759216309,184.227294921875,184.52685546875006,0.12934359908103943,-0.29095423221588135,-2.070364236831665,-2.0644757747650146,,,,,,,,,,,,,,,,,,0.7820168137550354,,0.8054459366208472,,0.9838351607322693,,0.5834708702580497,0.23483166098594666,0.24133476614952087,-0.8635019686576205,-0.8076118214574097,0.974281907081604,0.9841790199279785,0.5802733271345507,0.5840479171925692
118,4.916666666666667,118,4.916666666666667,0.0,0.08357043348694022,0.08211623454339978,0.5868549326274323,0.5804862821126349,0.07995427903661484,0.07953582151502991,0.08032258325662844,0.08083234945202562,0.09656096265152934,0.09470726049235405,0.11559444308933348,0.11473478445741708,0.10377831548219425,0.10429916813597163,0.4999472200870514,0.5002141296863556,0.5005922913551331,0.5016876459121704,0.5198143124580383,0.5114250481128693,0.28399841487407684,0.2843107134103775,0.35059913992881775,0.351033091545105,0.6331934332847595,0.6361685991287231,185.55838012695312,185.86894226074224,0.1457771211862564,-1.6667602062225342,-1.8766951560974119,-2.0329363346099854,,,,,,,,,,,,,,,,,,0.7822282314300537,,0.8055452937969204,,0.9852526783943176,,0.5841021013225561,0.23535564541816711,0.24290791153907776,-0.8604623738240833,-0.7987450997483038,0.9746567010879517,0.9867689609527588,0.5810041475899038,0.5866392088023572
119,4.958333333333333,119,4.958333333333333,0.0,0.06746772521676887,0.07069093166961944,0.5951352897858345,0.587361716361245,0.08214578324136186,0.07939852406430946,0.0825151078526545,0.08068762237250375,0.09208828452277419,0.09266945355901803,0.11234216686590738,0.11289998045591777,0.10384615112340638,0.10384919980844814,0.4999803155660629,0.5005752742290497,0.5012087225914001,0.5016294121742249,0.5202040076255798,0.5115485191345215,0.28567588329315186,0.2859242409467697,0.3527523875236511,0.3541106879711151,0.6318174600601196,0.6353476643562317,186.53663635253903,187.14222717285162,-0.6012980937957764,-0.7658776640892029,-2.144104480743408,-1.9019366502761843,,,,,,,,,,,,,,,,,,0.7814511060714722,,0.8057190945375371,,0.9820932745933533,,0.5822508179181148,0.23646318912506104,0.24350303411483765,-0.862292376572849,-0.8001752333533029,0.9728670120239258,0.9874233603477478,0.5830056176388096,0.5912010301153151
120,5.0,120,5.0,0.0,0.06723704252854228,0.06819585296966105,0.6029155008593815,0.5912777643617878,0.08082151731219551,0.08109939387340417,0.08119476275821175,0.08243860927390262,0.09296228858505844,0.09242609071800548,0.1130476239534215,0.1132436638753382,0.10332875776397658,0.1041425915854815,0.5002323389053345,0.5003986358642578,0.5009832382202148,0.5013899207115173,0.5194333046674728,0.5127448439598083,0.2874397933483124,0.28754444420337677,0.35560011863708496,0.35595330595970154,0.6327543258666992,0.6360602080821991,188.02354431152344,187.63464355468753,0.02329413965344429,-0.47584873437881464,-1.9388215541839602,-1.928450345993042,,,,,,,,,,,,,,,,,,0.7809131145477295,,0.8014101907508868,,0.9827331304550171,,0.5827602455868552,0.24050477147102356,0.24420005083084106,-0.8444764123070434,-0.8025354133612287,0.9744917750358582,0.9888144135475159,0.5819821715314412,0.5929829361973916
121,5.041666666666667,121,5.041666666666667,0.0,0.05658781466323159,0.04964967950077244,0.6025191204550725,0.5826472465932995,0.08037206269636145,0.08022397809075256,0.08130538297874379,0.08150152521355246,0.09279461017128585,0.09215240297354318,0.11213524942832573,0.11035949314863629,0.10333842936000012,0.10436930062658734,0.5001260042190552,0.50050388276577,0.500889241695404,0.5011417269706726,0.5190922021865845,0.5128694921731949,0.2886161655187607,0.28902290761470795,0.3563009798526764,0.35638147592544556,0.6326117813587189,0.6374248266220093,187.71270751953122,186.59912109375003,0.15811477601528168,0.2069835662841797,-1.8350582122802734,-1.6302745342254639,,,,,,,,,,,,,,,,,,0.7808114290237427,,0.7989310836032077,,0.9852680563926697,,0.5834111267167681,,0.24406084418296814,,-0.801515384060739,,0.9891236424446106,,0.5898778094353002
122,5.083333333333333,122,5.083333333333333,0.0,0.01948145288641336,0.02337124311048661,0.5871069332571021,0.5716364677931963,0.08334669300672921,0.08421668943759289,0.0833626853908421,0.08526445061880736,0.09619873931262318,0.09440973783508756,0.11583911317903772,0.1133315750282859,0.10266014208456652,0.10422318710725713,0.5003615617752075,0.5007636994123459,0.5009437203407288,0.501511812210083,0.519181877374649,0.5137237906455994,0.28936563432216644,0.289708748459816,0.3577488958835602,0.35866522789001465,0.6324666142463684,0.6363294720649719,187.94538879394528,188.10098266601568,1.7351415157318115,0.9247779846191406,-2.0296945571899414,-1.8590638637542727,,,,,,,,,,,,,,,,,,0.7807102203369141,,0.7985056820806096,,0.9845728874206543,,0.5858605613568956,,0.24369904398918152,,-0.8075927108236127,,0.986073911190033,,0.588385779607584
123,5.125,123,5.125,0.0,0.018862597860917207,0.021546290431074148,0.5795173620966375,0.562203229190639,0.08597994649078013,0.08664920422174922,0.08594843355811037,0.0869452397623743,0.09687795398888675,0.09452810768438272,0.11489498082333745,0.11323948761646749,0.10191322093493835,0.10353014798613214,0.5006649196147919,0.5010101795196533,0.5011157989501953,0.5018996596336365,0.5201618671417236,0.5136535614728928,0.2888495773077011,0.2895779460668564,0.3574257493019104,0.3580065071582794,0.6327119171619415,0.6360644698143005,187.87327575683594,187.5276947021485,1.8199986219406128,1.0475435256958008,-1.7736091613769531,-1.9528716802597046,,,,,,,,,,,,,,,,,,0.7806195616722107,,0.800061651630874,,0.9840348958969116,,0.5865869020826853,,0.24382561445236206,,-0.80863852621022,,0.9861646890640259,,0.5901771749401775
124,5.166666666666667,124,5.166666666666667,0.0,0.02759725263348431,0.0313426599844777,0.5837625537467991,0.5613694866850522,0.08157080618261789,0.08276503290764343,0.08200147990107116,0.08371260881852624,0.09800718376117633,0.09327520700600977,0.11652158445799446,0.11428013041442821,0.1031240614858454,0.1042975128041107,0.5010004937648773,0.5010634064674377,0.5015027523040771,0.5020260810852051,0.5200886875391006,0.5130462944507599,0.28791284561157227,0.2881195545196533,0.35459572076797485,0.3549080193042755,0.633324384689331,0.6372296512126923,185.34376525878906,184.8560638427735,1.5434274673461916,0.7428373098373413,-1.8934795856475832,-2.177696466445923,,,,,,,,,,,,,,,,,,0.7815182209014893,,0.8033059738873314,,0.985471248626709,,0.5861183125628349,,0.24307307600975037,,-0.8077980518497644,,0.9878680109977722,,0.5901522543060769
125,5.208333333333333,125,5.208333333333333,0.0,0.04191644611651826,0.039671707579590446,0.5817597616103757,0.5807417341429923,0.050600036145316545,0.04969314166910968,0.05009983050488976,0.049158025184755594,0.13147582161558782,0.13383187161106858,0.1463995892227599,0.15348245219734521,0.10243447261246653,0.10255478054122191,0.5014023333787918,0.5015368610620499,0.5012356638908386,0.5021018385887146,0.5205731838941574,0.5130639672279358,0.29126594960689545,0.29212069511413574,0.3525921106338501,0.35415297746658325,0.6338621973991394,0.6378015279769897,182.46893310546875,182.65550231933597,1.563711404800415,0.7322124242782593,-1.5325716733932495,-1.8761396408081057,,,,,,,,,,,,,,,,,,0.7816722393035889,,0.801910023287196,,0.983342707157135,,0.5802679670185599,,0.24390250444412231,,-0.8035615330126232,,0.9878493547439575,,0.5878359889819024
126,5.25,126,5.25,0.0,0.04705455455329725,0.05136919821849459,0.5807399507421426,0.5711192856457337,0.0493595692636656,0.0496208879659613,0.049470547624724324,0.04930102380711984,0.1353087751574718,0.13825812801624351,0.14804360878125541,0.15153934082186996,0.10227042748071413,0.10305770115511097,0.502275139093399,0.5021060258150101,0.5022596716880798,0.5029933452606201,0.5209449827671051,0.513282984495163,0.2910616546869278,0.2915104478597641,0.34834712743759155,0.3494390845298767,0.6335304379463196,0.635479211807251,180.18785095214844,180.88137817382818,0.7360424399375916,-0.551398754119873,-1.2397397756576538,-1.3917808532714844,,,,,,,,,,,,,,,,,,0.7818833589553833,,0.8062146878083617,,0.9770805239677429,,0.5767480690706989,,0.24493834376335144,,-0.8054470928695032,,0.9858543276786804,,0.591561461667713
127,5.291666666666667,127,5.291666666666667,0.0,0.03760891329301705,0.04143211678599221,0.572067637801665,0.5660526457372262,0.054670245179856004,0.05439247641614307,0.054401943971750875,0.05412478847809297,0.13338843000386882,0.14008419389392604,0.1335832661436791,0.14350793573767043,0.10126971353988933,0.10218662923412022,0.5038564950227737,0.5041097551584244,0.5034967064857483,0.5038725733757019,0.5205470621585846,0.5135437846183777,0.2869913727045059,0.2882448136806488,0.3463084399700165,0.34788885712623596,0.6303122639656067,0.6322894990444183,181.94979858398438,182.06408691406256,0.5304911136627197,0.5737870931625366,-0.0005437425570562482,-0.21963639557361603,,,,,,,,,,,,,,,,,,0.781428337097168,,0.8069550402333469,,0.9747594594955444,,0.580292126640049,,0.24608007073402405,,-0.8056873380767163,,0.9836758971214294,,0.5954004256136654
128,5.333333333333333,128,5.333333333333333,0.0,0.030456218004326987,0.03219318348452707,0.5720056373176601,0.5790336148498707,0.06112667750313848,0.058656645317553796,0.059609806766783506,0.05862739779252866,0.1313021601019588,0.1404234898324422,0.11375742977788803,0.1262724555857655,0.10245236614839826,0.10233940791375874,0.5066150724887848,0.5068378001451492,0.5063929557800293,0.5066927075386047,0.5186293125152588,0.5129435211420059,0.2835804224014282,0.2846260517835617,0.34360817074775696,0.3451075255870819,0.6290695369243622,0.6311768293380737,181.8528594970703,182.584945678711,-1.1062262058258057,-1.2661479711532593,1.6602553129196167,1.5692344903945923,,,,,,,,,,,,,,,,,,0.7820671200752258,,0.8117201164223661,,0.9749663472175598,,0.5832700609628959,,0.2464526742696762,,-0.8037793122050915,,0.9833002090454102,,0.5974092125180942
129,5.375,129,5.375,0.0,0.016889239987177656,0.021671194890313553,0.5638141308412453,0.5595496653009567,0.07143478087409008,0.06496034091764545,0.06829053834844165,0.06314857198973224,0.13350105804446794,0.13880559860083402,0.10078089854813199,0.11221466015478873,0.10199332874021416,0.10226916407614897,0.5095365941524506,0.5092792212963104,0.5089676380157471,0.5092469453811646,0.5163721144199371,0.5122233033180237,0.2816525995731354,0.2815338224172592,0.343549519777298,0.34406647086143494,0.6319079399108887,0.6316196322441101,183.48814392089844,183.85404968261722,-1.7867114543914795,-2.53080677986145,2.7645249366760254,2.293342113494873,,,,,,,,,,,,,,,,,,0.7826316356658936,,0.8163895763441503,,0.9697049856185913,,0.5741511837203479,,0.24729371070861816,,-0.799848717654076,,0.983950674533844,,0.5983438293702305
130,5.416666666666667,130,5.416666666666667,0.0,0.014646538935274882,0.027360024306763066,0.5689677386961147,0.5576199930895901,0.08188417783143628,0.07422853069690333,0.07987584647563165,0.07288102988894703,0.13022587258511545,0.13596644184690068,0.09043471246313842,0.10157148333925459,0.10055757691770462,0.10177926154241493,0.5123528391122818,0.512051448225975,0.5119007229804993,0.5118584632873535,0.5181633532047272,0.5122754573822021,0.2801009714603424,0.2798827737569809,0.34274807572364807,0.3422800302505493,0.6313896179199219,0.6312544643878937,184.3675994873047,184.02900695800787,-3.519519805908203,-3.6633272171020503,3.6430277824401855,3.157224416732788,,,,,,,,,,,,,,,,,,0.7825580835342407,,0.8171441127163714,,0.9700816869735718,,0.5762107397891064,,0.24770578742027283,,-0.7998721608213639,,0.9836543202400208,,0.5992924065916291
131,5.458333333333333,131,5.458333333333333,0.0,0.02304240874991829,0.03124773727199255,0.5436472910580461,0.5469300811534688,0.08015356426261545,0.07895663851841342,0.0775162253441435,0.07715671157370638,0.1317982167020498,0.1351198709572195,0.08818494449169642,0.0961144691369073,0.10082071431999018,0.101329192195197,0.5148493498563766,0.5145649313926697,0.5147664546966553,0.5143133997917175,0.5176341831684113,0.5112068057060242,0.278436079621315,0.27903181314468384,0.34095433354377747,0.340023010969162,0.6318885087966919,0.6322129368782043,183.9696502685547,183.033920288086,-5.337871074676514,-4.479201793670654,3.807337760925293,3.6753511428833003,,,,,,,,,,,,,,,,,,0.7810879349708557,,0.8122382965103861,,0.9708061218261719,,0.5732072608484918,,0.24722284078598022,,-0.7944901022046191,,0.9888032078742981,,0.603674679731971
132,5.5,132,5.5,0.0,0.04041400512520724,0.04287267227747055,0.521466571489499,0.5246146862584591,0.08699127880783226,0.08182062648453094,0.08469677448235936,0.08041902087716749,0.1288655434822448,0.13432853998597433,0.08329714135269732,0.09250112810262415,0.10144463431877776,0.10143592079331322,0.5168891251087189,0.5168087333440781,0.517356276512146,0.5170008540153503,0.5172180533409119,0.5115878582000732,0.2781817764043808,0.2786613255739212,0.3388252556324005,0.3376534879207611,0.6341008841991425,0.6311523914337158,182.28952026367188,181.53437805175787,-7.154097557067872,-6.440863132476807,4.052239418029785,4.076662063598633,,,,,,,,,,,,,,,,,,0.779510498046875,,0.8077366430368005,,0.9680348634719849,,0.5712961712939595,,0.2461904138326645,,-0.8001236510152867,,0.9899603724479675,,0.6084781572128568
133,5.541666666666667,133,5.541666666666667,0.0,0.04216162765204722,0.04704146272947186,0.5149564791888559,0.5182783779146187,0.08731176082862695,0.08505713057074682,0.08467922702603785,0.08362711078950928,0.12891785977670875,0.13258027857244342,0.08122235131814959,0.08853969125510164,0.10138857798027193,0.10171258176840148,0.5186956077814102,0.5186780840158463,0.519572913646698,0.5193502902984619,0.5183310806751251,0.5111837685108185,0.27871574461460114,0.2784517705440521,0.33908405900001526,0.3364056646823883,0.6350980997085571,0.6334220170974731,181.93128967285153,180.7806549072266,-8.145939826965332,-7.399965286254882,4.1760034561157235,4.274754047393799,,,,,,,,,,,,,,,,,,0.7809696197509766,,0.8126082885355752,,0.9697437286376953,,0.5698223893140106,,0.24572624266147614,,-0.7995711590052913,,0.9918344020843506,,0.6072501255944954
134,5.583333333333333,134,5.583333333333333,0.0,0.04482873985566989,0.04585608634779673,0.5110764944642465,0.5190517281668046,0.0866450441025488,0.08473795123332294,0.08448263687696932,0.08314577712659352,0.13057467094649852,0.13182392559771214,0.08047663393029092,0.08636729431932583,0.10147151452373118,0.10164557557492779,0.5199666768312454,0.5201473385095596,0.5211026072502136,0.5210450887680054,0.5190520882606506,0.5119135677814484,0.27852076292037964,0.27833347022533417,0.3382854461669922,0.33679264783859253,0.6356332302093506,0.6343087553977966,181.7614288330078,181.05546569824222,-8.582194328308105,-8.030745506286621,4.398054122924805,4.3337225914001465,,,,,,,,,,,,,,,,,,0.7840015888214111,,0.8189340436661475,,0.9766119122505188,,0.5795260128429254,,0.24568796157836914,,-0.8012892716924768,,0.9941143989562988,,0.6091580689089497
135,5.625,135,5.625,0.0,0.04026568600403888,0.04418152196240344,0.5183211289201701,0.5221657520076394,0.08457095470728754,0.08322370569717963,0.08212389778798845,0.08181164969993397,0.13290809075025548,0.1337110760228921,0.08104607337981089,0.08727485722549946,0.10126160544810875,0.10150979146569174,0.521369680762291,0.5213700532913208,0.5223798751831055,0.522148072719574,0.5179061591625214,0.5136066973209381,0.27850745618343353,0.2783890813589096,0.3381170332431793,0.3372569680213928,0.6349596679210663,0.6313319802284241,181.9853515625,181.52589416503912,-7.880414009094238,-7.755465030670166,4.460651397705078,4.392561435699463,,,,,,,,,,,,,,,,,,0.7860924005508423,,0.8300087430126522,,0.9776341319084167,,0.5933578101306247,,0.24422064423561096,,-0.820567011979488,,0.9948027729988098,,0.6227747433806611
136,5.666666666666667,136,5.666666666666667,0.0,0.041941232469689796,0.04245455971509401,0.5366186430222867,0.530471601522372,0.08554684787516742,0.08372618996254251,0.08372961227035615,0.08196617722159077,0.13283873607320665,0.13441529345378297,0.08068572043462495,0.08657875240686388,0.10110883633051068,0.10143449459152407,0.522510439157486,0.5225749611854553,0.5237247347831726,0.523404061794281,0.5189851671457291,0.5136413276195526,0.2781585454940796,0.27844269573688507,0.33714383840560913,0.3375839591026306,0.6297533810138702,0.627382904291153,181.47117614746094,181.80851745605472,-7.949367523193359,-7.749064922332763,4.641228199005127,4.455174446105957,,,,,,,,,,,,,,,,,,0.7893661260604858,,0.8495305889783031,,0.9753109216690063,,0.6029969594608805,0.24172377586364746,0.2460213303565979,-0.8420372485605863,-0.8245590356134537,0.9736512899398804,0.9906849265098572,0.5874811917350331,0.6296417759480278
137,5.708333333333333,137,5.708333333333333,0.0,0.06453620752419598,0.04976522221235134,0.5430392639092622,0.5430601489914544,0.08124930030799989,0.08219063631781744,0.07855319996914269,0.08042929342389778,0.13468540155598316,0.13575467172571887,0.07977390250729144,0.08603722838834107,0.1017200365577857,0.10161017639051224,0.5237704664468765,0.5239311754703522,0.52456134557724,0.5246984958648682,0.5195193141698837,0.5132423639297485,0.27788175642490387,0.2782224714756012,0.33675768971443176,0.33800196647644043,0.6287449300289154,0.6291884183883667,181.02015686035156,181.59040832519537,-8.196541786193848,-8.298718452453613,4.969981670379639,4.748763561248779,,,,,,,,,,,,,,,,,,0.7889631986618042,,0.8450261653748253,,0.9758766293525696,,0.5976709848541031,0.24209752678871155,0.24745392799377441,-0.8456779019166338,-0.8145854593767359,0.9739491939544678,0.9912089109420776,0.5919201100888026,0.6241029763319094
138,5.75,138,5.75,0.0,0.07865581615414863,0.09078789958284418,0.5546207684866907,0.5604505660903024,0.08107436312869029,0.08061501928975066,0.07958390161555969,0.07834362718756163,0.13779195132498467,0.13796214897981374,0.07835087241658563,0.0832229925489351,0.10207771335726747,0.10164278430319083,0.5250383615493774,0.5251862406730652,0.5258858799934387,0.5261296033859253,0.5198283493518829,0.5125068724155426,0.27796588838100433,0.2777618169784546,0.33731019496917725,0.3384423553943634,0.6290988326072693,0.6320194900035858,181.22146606445312,182.05435180664068,-9.24548625946045,-10.188359260559082,5.607117176055908,5.173025131225586,,,,,,,,,,,,,,,,,,0.7923381924629211,,0.8511227260947485,,0.9789023995399475,,0.5934734512456712,0.2425229549407959,0.24668727815151215,-0.8412122622781513,-0.8085052726803268,0.9781485795974731,0.9966310858726501,0.59560334902413,0.6238050253148114
139,5.791666666666667,139,5.791666666666667,0.0,0.05547350150475964,0.0671064777784197,0.5547318614107162,0.5521759244566213,0.08506966350558522,0.08175892033790504,0.08356704657433198,0.07936274200080634,0.1366552390353637,0.14088639010794968,0.07379018391826167,0.08247056560311046,0.10200406554022022,0.10230526951465725,0.5268784016370773,0.526917427778244,0.5279555916786194,0.5284913778305054,0.5212798565626144,0.5127566307783127,0.27854613959789276,0.2783677875995636,0.3385891318321228,0.33785486221313477,0.6301283836364746,0.6305561065673828,181.59600830078125,181.14898681640628,-9.511810302734375,-10.606461524963379,5.960688591003419,5.518668174743652,,,,,,,,,,,,,,,,,,0.791678786277771,,0.847770199066604,,0.9772409796714783,,0.5927240546351765,0.24281346797943115,0.24666175246238708,-0.8468964628931905,-0.8087823197714178,0.975916862487793,0.9993499517440796,0.5915488064478457,0.6305235682203953
140,5.833333333333333,140,5.833333333333333,0.0,0.029944631745088147,0.03770942669096195,0.5481634152826684,0.5376154525544188,0.08579517681734346,0.08357059287080294,0.08348087970719,0.08131697684027347,0.13660978573816815,0.1415045072530768,0.07270883157496641,0.08070757123878594,0.10175570327830197,0.10183918981845728,0.5283303260803223,0.5285976827144623,0.5296092629432678,0.5294665098190308,0.5204311162233353,0.5114871859550476,0.27868470549583435,0.2786121070384979,0.34070929884910583,0.33991676568984985,0.6301003992557526,0.6342639923095703,182.8472137451172,182.59916687011724,-9.615256309509277,-9.88143253326416,5.631474494934082,5.72325325012207,,,,,,,,,,,,,,,,,,0.7891067862510681,,0.8350246696486455,,0.9781452417373657,,0.5818086910921991,0.2427363097667694,0.24590235948562622,-0.8438995447837669,-0.7988264580377337,0.9757469892501831,1.0005935430526733,0.5908507601090707,0.6197887113091628
141,5.875,141,5.875,0.0,0.023225864769614597,0.02521760104038202,0.5389267205146553,0.5291737956299254,0.08720958472903378,0.08916167045697633,0.08437012189608349,0.08657866571126037,0.13977113636260716,0.13952440408772282,0.0714970212460804,0.07587813335168903,0.10104869727375275,0.10119795318732973,0.5301696062088013,0.5303167253732681,0.5315543413162231,0.5316512584686279,0.5219734013080597,0.5106611549854279,0.2790571302175522,0.2790088951587677,0.3415721356868744,0.3407641053199768,0.6319887936115265,0.63542640209198,183.74832153320312,183.26742553710943,-9.881235122680664,-10.587966918945312,5.877370357513428,5.661405563354492,,,,,,,,,,,,,,,,,,0.792357861995697,,0.8419479532901747,,0.9795998930931091,,0.5786332942541156,0.2428758442401886,0.24528494477272034,-0.848119980470355,-0.7931685088258666,0.9764872789382935,1.0074536800384521,0.5888587098030332,0.6254617947605164
142,5.916666666666667,142,5.916666666666667,0.0,0.024940236253191733,0.029621349713972952,0.5162039789033731,0.5203923358775316,0.08883461027365948,0.09062064430039687,0.08696832466751293,0.08874054979810092,0.137968340786827,0.13644266261344645,0.07403072694875672,0.07655553271924347,0.1009072502604828,0.10035462232300121,0.5308173298835754,0.5309767127037048,0.532624363899231,0.5324589610099792,0.5232614725828171,0.5122184157371521,0.2790619283914566,0.2790127694606781,0.3433917164802551,0.34154245257377625,0.6314320266246796,0.6394862532615662,184.2868194580078,183.2640228271485,-12.302652359008789,-12.320415496826172,5.2782793045043945,5.258957386016846,,,,,,,,,,,,,,,,,,0.7916766405105591,,0.825389924006707,,0.9875986576080322,,0.578341414182,,0.24625760316848755,,-0.7855248313153299,,1.010338306427002,,0.6161202479487966
143,5.958333333333333,143,5.958333333333333,0.0,0.057687872105473784,0.06140212111438672,0.480186388928441,0.49000321597828556,0.08714759173045199,0.09074271674713702,0.08557859825187403,0.08963686748010247,0.13330538078793003,0.12691328494987228,0.07695523272260721,0.07378894230445114,0.1015839371018144,0.10124107422016575,0.5305080562829971,0.5306723713874817,0.5324130654335022,0.5331263542175293,0.5246579796075821,0.5121794641017914,0.27972277998924255,0.2796044796705246,0.34245431423187256,0.3424372673034668,0.6335519254207611,0.6423623561859131,182.87463378906247,183.10134887695318,-14.844958305358887,-16.542097091674805,4.711068630218506,4.53854513168335,,,,,,,,,,,,,,,,,,0.7916848659515381,,0.8222243911399852,,0.992505669593811,,0.5793866900602402,,0.2475699484348297,,-0.7784049841944446,,1.0213375091552734,,0.627095109590741
144,6.0,144,6.0,0.0,0.06938576867460602,0.09260493655566322,0.5153845577931833,0.5104798437197446,0.08546481252791421,0.08758374440520098,0.08517525999489632,0.0873124304806286,0.13196336650519544,0.13098969369733937,0.0757737606024395,0.07757650711580637,0.10200127205317741,0.10151462552752398,0.5296196341514587,0.5296597629785538,0.5316734910011292,0.5314674377441406,0.524398148059845,0.514165922999382,0.2811584323644638,0.28170906007289886,0.34432899951934814,0.34279754757881165,0.6323822438716888,0.6428171098232269,183.0761566162109,182.2765045166016,-14.748459815979002,-15.44522476196289,5.055243492126465,5.014962196350098,,,,,,,,,,,,,,,,,,0.7908750176429749,,0.8159736492512524,,0.9927341938018799,,0.5804173338733688,,0.24951952695846558,,-0.7804025589286823,,1.0090525150299072,,0.6074849934250774
145,6.041666666666667,145,6.041666666666667,0.0,0.05466650196106245,0.06007727613607531,0.5488071381138117,0.5473910046971171,0.08040523520700375,0.0852506441915423,0.082090039430515,0.08676738692077184,0.1314680713568752,0.13233988462498067,0.07687542756717561,0.07953567017724247,0.10212268669195192,0.10193977679919713,0.5283817946910858,0.5284430086612701,0.5295965075492859,0.5297331213951111,0.5237097889184952,0.5146087855100632,0.28265468776226044,0.28307555615901947,0.3472253680229187,0.3476967513561249,0.6314992010593414,0.6413644254207611,183.80950927734375,184.1007690429688,-12.174814224243164,-12.687819480895996,5.239701747894287,5.073816299438477,,,,,,,,,,,,,,,,,,0.7901358008384705,,0.813543199080492,,0.9935591220855713,,0.584954074045427,,0.24935373663902283,,-0.7832133657513962,,1.0112242698669434,,0.6142938121538701
146,6.083333333333333,146,6.083333333333333,0.0,0.04066040404576181,0.05202725541717593,0.5641780633910946,0.5673668842833042,0.08264042359958826,0.08625946414874502,0.08453343264442492,0.08844335975791867,0.1298061339165685,0.12875938973164716,0.07765737734723191,0.07809182706682881,0.10229267796726724,0.10221153127522667,0.5270935446023941,0.527330756187439,0.528256356716156,0.5283604860305786,0.5225672274827957,0.5147468447685242,0.28401099145412445,0.28479230403900146,0.3507186770439148,0.35010814666748047,0.6333985328674316,0.6425409018993378,185.02320861816406,184.5823364257813,-11.11920166015625,-10.864891052246094,4.887915134429932,5.022660255432129,,,,,,,,,,,,,,,,,,0.7901486754417419,,0.8132381886185863,,0.9978786706924438,,0.5902212470347695,,0.2479231059551239,,-0.7879078127498822,,1.0093659162521362,,0.6093017304358569
147,6.125,147,6.125,0.0,0.03323524790895166,0.037592518565895475,0.5710461452182173,0.5729634798651173,0.08467187464927943,0.08958859384157983,0.08599361030945107,0.09118861268478089,0.1290449071507144,0.12732174600834073,0.07787959224876843,0.07867835776309234,0.10206839427925199,0.10198053007343755,0.5261444598436356,0.5261523723602295,0.5270810723304749,0.5269978046417236,0.5213652849197388,0.514751672744751,0.2857733517885208,0.28623953461647034,0.35494643449783325,0.35530760884284973,0.6347813904285431,0.6427111327648163,186.4496307373047,186.70773315429693,-10.0679349899292,-10.390402793884277,4.558188438415527,4.522834300994873,,,,,,,,,,,,,,,,,,0.7902141213417053,,0.8129113932169456,,0.9940469264984131,,0.5832110327630372,,0.24828018248081207,,-0.7863783666571581,,1.010583758354187,,0.6106618731193363
148,6.166666666666667,148,6.166666666666667,0.0,0.029258471415013913,0.03377554082004821,0.5768647712131243,0.574982199920547,0.08479696244499048,0.08980628406984671,0.08629711175080318,0.09112705386787147,0.12950210993973912,0.12664461074154687,0.07979382608718134,0.07923496082478006,0.10203477237666024,0.10210704404018994,0.5251664221286774,0.5252354145050049,0.525847315788269,0.5259687304496765,0.5203113406896591,0.5141482353210449,0.2870364189147949,0.28742070496082306,0.35694506764411926,0.3575816750526428,0.6345697641372681,0.6427715122699738,186.9498291015625,187.198471069336,-9.354005813598633,-9.857118606567383,4.496647357940674,4.335293292999268,,,,,,,,,,,,,,,,,,0.7880168557167053,,0.8091745967960872,,0.9924779534339905,,0.581200694208244,,,,,,,,
149,6.208333333333333,149,6.208333333333333,0.0,0.027080146566545754,0.029706355199463432,0.5818489957760963,0.5793331926770019,0.08516291175372803,0.08931887047255493,0.08676483667765446,0.09061093927058425,0.12669032542105976,0.12295739453295307,0.07930962320390822,0.07783529917688578,0.1023624311457708,0.10234400659600451,0.5242940485477448,0.5244730710983276,0.5245411992073059,0.5251884460449219,0.5215115249156952,0.5154039114713669,0.28836333751678467,0.2885207235813141,0.35776248574256897,0.35932835936546326,0.6342163980007172,0.6438944041728973,186.4738311767578,187.48515319824222,-7.96995973587036,-9.23315143585205,4.582338333129883,4.119772911071777,,,,,,,,,,,,,,,,,,0.7875989675521851,,0.804392185620777,,0.9938543438911438,,0.5817393883788154,,,,,,,,
150,6.25,150,6.25,0.0,0.027853584369345853,0.026948642636079975,0.5836767874703153,0.5801857348876621,0.08571530956750743,0.09047783490912628,0.08746329499547385,0.09176536188431794,0.12590598702519248,0.12243527400587116,0.07952087720075868,0.07750437889753768,0.102652727224269,0.10246649171187219,0.5240911692380905,0.5240924954414368,0.5241438746452332,0.5248532891273499,0.5218638628721237,0.5164889395236969,0.29011400043964386,0.2903892546892166,0.3594914674758911,0.360677033662796,0.6341704726219177,0.6426838934421539,186.51513671875,186.99702453613287,-7.426865577697754,-8.982693672180176,4.621429443359375,4.204225540161134,,,,,,,,,,,,,,,,,,0.785410463809967,,0.7997697934716497,,0.9937509298324585,,0.5872891978905035,,,,,,,,
151,6.291666666666667,151,6.291666666666667,0.0,0.023056039880600107,0.026711618522599116,0.5881140117076558,0.5775431773382642,0.08630347595013921,0.09168334873943337,0.08796336748697095,0.09301446243771026,0.1259943728577871,0.1201883019640886,0.07934943724864985,0.07626290554368462,0.10242198463575725,0.10282904245727637,0.5237839967012405,0.5239074379205704,0.5233709812164307,0.5244120359420776,0.5210612416267395,0.515863686800003,0.29182907938957214,0.2921050637960434,0.36172133684158325,0.3621606230735779,0.6362470388412476,0.6423718333244324,187.09677124023438,186.87246704101568,-6.595266819000244,-8.32841968536377,4.701686382293701,4.2716569900512695,,,,,,,,,,,,,,,,,,0.7850796580314636,,0.8019937501270856,,0.9932584166526794,,0.5879758010615985,,0.24504825472831726,,-0.8067585402380363,,1.0106393098831177,,0.6171007237742258
152,6.333333333333333,152,6.333333333333333,0.0,0.02258503437763095,0.0235004437763083,0.5871738584446384,0.5826191719051872,0.08626291951612143,0.09095170587240056,0.08805196168891262,0.09171867301395233,0.12458004889161028,0.12072529150829005,0.07873441961478092,0.07800280795358683,0.10256880693841518,0.10259896830041025,0.523242399096489,0.5234539210796356,0.5229349136352539,0.5234639048576355,0.5213046669960022,0.5156327784061432,0.2927348464727402,0.2932266741991043,0.36375829577445984,0.3641638159751892,0.6360803246498108,0.6422858536243439,187.64215087890625,187.41885375976568,-6.577961444854736,-6.941435337066651,4.492389678955078,4.105244159698486,,,,,,,,,,,,,,,,,,0.7856439352035522,,0.8049367832006341,,0.9918885231018066,,0.5862425426109729,,0.24477830529212952,,-0.8074508138472183,,1.0107972621917725,,0.6179502732705743
153,6.375,153,6.375,0.0,0.02144493844897936,0.024172226579862777,0.5884460349045114,0.582611615415527,0.08670945590666872,0.09133363700908632,0.08851526620310013,0.09287803372299988,0.12327955073993291,0.1172738533599602,0.0795386967686335,0.07707401350826654,0.10281983740611939,0.10258906537128948,0.5224376618862152,0.5228627473115921,0.5223708748817444,0.5230225920677185,0.5212602615356445,0.5152861028909683,0.29344967007637024,0.29349900782108307,0.36435675621032715,0.36490464210510254,0.6359362900257111,0.6431948244571686,187.6475372314453,187.62757873535162,-6.363314151763916,-7.073519229888916,4.29651403427124,3.864161729812622,,,,,,,,,,,,,,,,,,0.7844110131263733,,0.8008753380040711,,0.9917985796928406,,0.58353325379116,0.23948988318443298,0.24491053819656372,-0.8547929107741167,-0.8045970979545026,0.984088659286499,1.011610507965088,0.5940971354256288,0.616696749005851
154,6.416666666666667,154,6.416666666666667,0.0,0.020205907514403862,0.02326804579892528,0.5856763384760574,0.5859398512853344,0.08877594845705733,0.09165892776866903,0.09021330120053589,0.09283920415950914,0.12119835433934868,0.11716212404995727,0.0789675692740384,0.07784285788032148,0.10317031883842744,0.10254123976711142,0.5221879482269287,0.5223829746246338,0.5217394232749939,0.5226694345474243,0.5212382078170776,0.515473410487175,0.29357336461544037,0.29370714724063873,0.36467453837394714,0.36481744050979614,0.6354575753211975,0.6432346701622009,187.9668731689453,187.5960845947266,-5.167778015136719,-6.731688976287842,4.170923709869385,3.741257429122925,,,,,,,,,,,,,,,,,,0.7838446497917175,,0.7990525080611217,,0.9916415810585022,,0.5835104458032097,,0.244954451918602,,-0.8054471592502057,,1.0097182989120483,,0.6137852577070442
155,6.458333333333333,155,6.458333333333333,0.0,0.021536029459609418,0.02234755453689052,0.587255710943483,0.585944691606589,0.08748405767690554,0.09033812338785314,0.08929333945860313,0.09131835354499405,0.12052176480800397,0.1163625451774523,0.07952042509099624,0.07828631464571717,0.1031050795256076,0.10265589884304513,0.5216442048549652,0.5218318700790405,0.5214766263961792,0.522175133228302,0.5211864709854126,0.5159267336130142,0.2933732718229294,0.2937418222427368,0.36467310786247253,0.3649917244911194,0.6360017359256744,0.6430310308933258,188.135009765625,187.75170898437506,-5.688126564025879,-6.500574111938477,4.00792121887207,3.562364339828491,,,,,,,,,,,,,,,,,,0.7833728790283203,,0.7963601502985197,,0.9918393492698669,,0.5842282283941944,,0.24492600560188293,,-0.8069444416737576,,1.0072904825210571,,0.6101077379427046
156,6.5,156,6.5,0.0,0.020095823507243274,0.021439093047320657,0.5851823794709358,0.5867488776940577,0.0889922547400827,0.09098259779346546,0.09020923994333861,0.0915489347197732,0.11804546477531226,0.1152442262987019,0.07779503988071129,0.07744432317464442,0.10320439923984638,0.10300853213093025,0.5212808549404144,0.5215056836605072,0.5210046768188477,0.5217725038528442,0.5211436450481415,0.516194075345993,0.2931559383869171,0.2938354015350342,0.36467424035072327,0.36495158076286316,0.6360895335674286,0.6428370475769043,188.39605712890625,187.84692382812506,-5.010340690612793,-5.784481525421143,3.809581756591797,3.495797872543335,,,,,,,,,,,,,,,,,,0.7841240167617798,,0.7965840601432213,,0.9910863637924194,,0.5824024078562707,,0.24515897035598755,,-0.8058160399446929,,1.0052539110183716,,0.6060958172431988
157,6.541666666666667,157,6.541666666666667,0.0,0.01890669508922996,0.02041257304517497,0.5826869819269046,0.5869116988946056,0.0882471386803336,0.0904135383712234,0.08936587533919535,0.091351440840166,0.11550455796876825,0.1141952992038069,0.0768434809320385,0.07708515081739842,0.10348825421191561,0.10313923362412443,0.5210679471492767,0.5212170034646988,0.5207247734069824,0.5213754773139954,0.5214176774024963,0.5164495706558228,0.29348790645599365,0.29382941126823425,0.36482471227645874,0.3652491867542267,0.6365848183631897,0.6420275866985321,188.58734130859375,188.37660217285162,-4.497098922729492,-5.553298473358155,3.6995844841003422,3.473751544952393,,,,,,,,,,,,,,,,,,0.7841407060623169,,0.7973944708328502,,0.9901641607284546,,0.5833260992284691,,0.24462774395942688,,-0.8096989141244944,,1.0029520988464355,,0.6047531442906628
158,6.583333333333333,158,6.583333333333333,0.0,0.016898844122796526,0.018332752054509745,0.5842822610937246,0.5845122344697804,0.08960665949631057,0.09148582779503989,0.09073434938108717,0.09211256575372716,0.11569653152875638,0.11299680761372152,0.07786260344982233,0.07613473576162152,0.10319902812121007,0.10308251894318883,0.5209568589925766,0.5211307406425476,0.5207362771034241,0.521317720413208,0.5215372145175934,0.5169183909893036,0.2937626540660858,0.29403404891490936,0.36503341794013977,0.3653337061405182,0.6367596685886383,0.6414153575897217,188.80093383789062,188.75393676757818,-4.4094624519348145,-5.294079303741455,3.574130535125733,3.3578755855560303,,,,,,,,,,,,,,,,,,0.7839006781578064,,0.7960864640045809,,0.9909525513648987,,0.586264655474711,,0.2447797954082489,,-0.8114615189379997,,1.0011768341064453,,0.6034134330746258
159,6.625,159,6.625,0.0,0.015665903996346625,0.017804054050448912,0.5828023186404632,0.5844677434594723,0.0888498123231129,0.09080920297590751,0.08984162333213772,0.09120439378475817,0.1151891542943225,0.11336571611624839,0.07878877144781123,0.0775522493757662,0.10320593301757784,0.1029907692925628,0.5208273380994797,0.520986407995224,0.5206278562545776,0.5212118029594421,0.521450400352478,0.5166689455509186,0.29406094551086426,0.29407037794589996,0.3648684024810791,0.365428626537323,0.6361950039863586,0.6415784358978271,188.89163208007812,189.01129150390628,-4.072786331176758,-5.053835868835449,3.438612222671509,3.2080020904541016,,,,,,,,,,,,,,,,,,0.7844202518463135,,0.7974187337761013,,0.9916502833366394,,0.5864548054403541,,0.2443190962076187,,-0.8111141454818792,,1.0002682209014893,,0.6008919300902433
160,6.666666666666667,160,6.666666666666667,0.0,0.01424001323053435,0.017858606030815575,0.5863865318318418,0.5865272778502694,0.08818921768448591,0.09067490142208352,0.08898710039055065,0.09074453644405438,0.11513568804343582,0.1141000594481143,0.08020985206782519,0.07853613801169887,0.10299090498961705,0.10291634741836943,0.5205652862787247,0.5209214091300964,0.5203989744186401,0.5211346745491028,0.5218448340892792,0.516523614525795,0.2942696362733841,0.2943788170814514,0.36513885855674744,0.3654406666755676,0.6353439688682556,0.6409207284450531,189.33628845214844,188.95642089843756,-3.746087074279785,-4.792775630950928,3.2450382709503174,3.1634862422943115,,,,,,,,,,,,,,,,,,0.7834823131561279,,0.7958460670913,,0.9909049868583679,,0.5868890893236479,,0.24423322081565857,,-0.8117406926718186,,0.9983853101730347,,0.5994328538857863
