
◆  Rendering r47-transfer-criterion-context → /Users/brownmanbrain/GitHub/operator-economy/blueprint-cinema/experiments/EP007-NET-NEW-UNFINISHED-ANSWER-003/hyperframes/reviews/r47-transfer-criterion-context/qa/r47-transfer-criterion-context.mp4
   24fps · high · auto workers (10 cores detected)
   GPU: browser GPU (auto-detect)

[?25l│
◇  Browser: cache
[?25h[INFO] [Render] Pipeline started {"renderJobId":"1f26c8c6-5680-4fbe-a384-33ee200c8379","platform":"darwin","arch":"arm64","nodeVersion":"v25.6.1","fps":{"num":24,"den":1},"format":"mp4","quality":"high","browserGpuMode":"auto","forceScreenshot":false,"protocolTimeout":300000,"browserTimeout":120000,"pageNavigationTimeout":60000,"playerReadyTimeout":45000}
[INFO] [Render:trace] {"renderJobId":"1f26c8c6-5680-4fbe-a384-33ee200c8379","phase":"pipeline","status":"checkpoint","elapsedMs":1,"message":"started","format":"mp4","quality":"high","browserGpuMode":"auto","forceScreenshot":false,"protocolTimeoutMs":300000,"pageNavigationTimeoutMs":60000,"playerReadyTimeoutMs":45000,"requestedWorkers":"auto"}
[INFO] [Render:trace] {"renderJobId":"1f26c8c6-5680-4fbe-a384-33ee200c8379","phase":"compile","status":"start","elapsedMs":2,"needsAlpha":false}
  █░░░░░░░░░░░░░░░░░░░░░░░░  5%  Compiling composition
[INFO] Compiled composition metadata {"renderJobId":"1f26c8c6-5680-4fbe-a384-33ee200c8379","entryFile":"index.html","staticDuration":103.375,"width":1280,"height":720,"videoCount":2,"audioCount":2,"renderModeHints":{"recommendScreenshot":false,"reasons":[]}}
[INFO] [Render:trace] {"renderJobId":"1f26c8c6-5680-4fbe-a384-33ee200c8379","phase":"compile","status":"end","elapsedMs":98,"durationMs":96,"needsAlpha":false}
[INFO] [Render:trace] {"renderJobId":"1f26c8c6-5680-4fbe-a384-33ee200c8379","phase":"compile","status":"checkpoint","elapsedMs":98,"message":"composition metadata resolved","width":1280,"height":720,"videoCount":2,"audioCount":2,"imageCount":0,"deviceScaleFactor":1,"forceScreenshot":false,"compositionHash":"17b3ed03c60df1f1"}
[INFO] [Render:trace] {"renderJobId":"1f26c8c6-5680-4fbe-a384-33ee200c8379","phase":"browser_probe","status":"start","elapsedMs":98,"forceScreenshot":false,"stagePhase":"calibrating"}
[INFO] [Render:trace] {"renderJobId":"1f26c8c6-5680-4fbe-a384-33ee200c8379","phase":"browser_probe","status":"end","elapsedMs":100,"durationMs":2,"forceScreenshot":false,"stagePhase":"calibrating"}
[INFO] [Render:trace] {"renderJobId":"1f26c8c6-5680-4fbe-a384-33ee200c8379","phase":"browser_probe","status":"checkpoint","elapsedMs":100,"message":"duration resolved","durationSeconds":103.375,"totalFrames":2481,"compositionHash":"17b3ed03c60df1f1","beginFrameStalled":false}
[INFO] [Render:trace] {"renderJobId":"1f26c8c6-5680-4fbe-a384-33ee200c8379","phase":"video_extract","status":"start","elapsedMs":101,"videoCount":2}
[INFO] Probing video color spaces... {"renderJobId":"1f26c8c6-5680-4fbe-a384-33ee200c8379","videoCount":2}
  ██░░░░░░░░░░░░░░░░░░░░░░░  10%  Extracting video frames
[INFO] Extracting frames from video 1/2 {"renderJobId":"1f26c8c6-5680-4fbe-a384-33ee200c8379","sourceType":"local"}
[INFO] Extracting frames from video 2/2 {"renderJobId":"1f26c8c6-5680-4fbe-a384-33ee200c8379","sourceType":"local"}
[WARN] [Compiler] WARNING: Video "r47-context-transfer-picture" has sparse keyframes (max interval: 10.42s). This causes seek failures and frame freezing. Re-encode with: ffmpeg -i "public/media/transfer-criterion.mp4" -c:v libx264 -r 30 -g 30 -keyint_min 30 -movflags +faststart -c:a copy output.mp4
[WARN] [Compiler] WARNING: Video "r47-context-accepted-picture" has sparse keyframes (max interval: 10.42s). This causes seek failures and frame freezing. Re-encode with: ffmpeg -i "public/media/accepted-context.mp4" -c:v libx264 -r 30 -g 30 -keyint_min 30 -movflags +faststart -c:a copy output.mp4
[INFO] [Render:trace] {"renderJobId":"1f26c8c6-5680-4fbe-a384-33ee200c8379","phase":"video_extract","status":"end","elapsedMs":2916,"durationMs":2815,"videoCount":2}
[INFO] [Render:trace] {"renderJobId":"1f26c8c6-5680-4fbe-a384-33ee200c8379","phase":"video_extract","status":"checkpoint","elapsedMs":2917,"message":"frames resolved","videoCount":2,"extractedVideoCount":2,"totalFramesExtracted":2481,"maxFramesPerVideo":2212,"avgFramesPerExtractedVideo":1241,"vfrPreflightCount":0,"vfrPreflightMs":0,"cacheHits":0,"cacheMisses":2,"transientRetries":0,"minVideoFrameCoverageRatio":1,"authoredTimedClipCount":5}
[INFO] [Render] No HDR sources detected — rendering SDR {"renderJobId":"1f26c8c6-5680-4fbe-a384-33ee200c8379"}
[INFO] [Render:trace] {"renderJobId":"1f26c8c6-5680-4fbe-a384-33ee200c8379","phase":"hdr_detection","status":"checkpoint","elapsedMs":2918,"message":"resolved","requestedHdrMode":"auto","effectiveHdr":"sdr","nativeHdrVideoCount":0,"nativeHdrImageCount":0}
[INFO] [Render:trace] {"renderJobId":"1f26c8c6-5680-4fbe-a384-33ee200c8379","phase":"audio_process","status":"start","elapsedMs":2918,"audioCount":2}
  █████░░░░░░░░░░░░░░░░░░░░  20%  Processing audio tracks
[INFO] [Render:trace] {"renderJobId":"1f26c8c6-5680-4fbe-a384-33ee200c8379","phase":"audio_process","status":"end","elapsedMs":5072,"durationMs":2154,"audioCount":2}
[INFO] [Render:trace] {"renderJobId":"1f26c8c6-5680-4fbe-a384-33ee200c8379","phase":"file_server","status":"start","elapsedMs":5072,"reused":false}
  ██████░░░░░░░░░░░░░░░░░░░  25%  Starting frame capture
[INFO] [Render:trace] {"renderJobId":"1f26c8c6-5680-4fbe-a384-33ee200c8379","phase":"file_server","status":"end","elapsedMs":5081,"durationMs":9}
[hyperframes] browserGpuMode probe → hardware (WebGL renderer vendor="Google Inc. (Apple)" renderer="ANGLE (Apple, ANGLE Metal Renderer: Apple M4, Unspecified Version)")
[INFO] [Render:trace] {"renderJobId":"1f26c8c6-5680-4fbe-a384-33ee200c8379","phase":"capture_calibration","status":"checkpoint","elapsedMs":5563,"message":"skipped","requestedWorkers":"auto","totalFrames":2481,"htmlInCanvasDetected":false,"lowMemoryMode":false,"deInversionEligible":true,"deParallelRouterEligible":false}
[INFO] [Render] Fast capture: single-worker drawElement streaming preferred over 4-worker screenshot capture (2481 frames >= 900; verified path, measured faster at every worker count). Set HF_DE_SINGLE_MIN_FRAMES=0 or --workers N to override. {"renderJobId":"1f26c8c6-5680-4fbe-a384-33ee200c8379"}
[INFO] [Render:trace] {"renderJobId":"1f26c8c6-5680-4fbe-a384-33ee200c8379","phase":"worker_resolution","status":"checkpoint","elapsedMs":5563,"message":"resolved","workerCount":1}
[INFO] streaming-encode gate {"renderJobId":"1f26c8c6-5680-4fbe-a384-33ee200c8379","enabled":true,"configFlag":true,"outputFormat":"mp4","workerCount":1,"durationSeconds":103.375,"maxDurationSeconds":240}
[INFO] [Render:trace] {"renderJobId":"1f26c8c6-5680-4fbe-a384-33ee200c8379","phase":"capture_strategy","status":"checkpoint","elapsedMs":5563,"message":"resolved","workerCount":1,"forceScreenshot":false,"captureBeyondViewport":true,"useStreamingEncode":true,"useLayeredComposite":false,"usePageSideCompositing":false,"hasHdrContent":false,"hasShaderTransitions":false,"isPngSequence":false}
[INFO] [Render:trace] {"renderJobId":"1f26c8c6-5680-4fbe-a384-33ee200c8379","phase":"capture_streaming","status":"start","elapsedMs":5563,"stagePhase":"capturing","workerCount":1,"forceScreenshot":false,"totalFrames":2481,"framesCompleted":0,"captureMode":"drawelement","captureOperation":"drawElement"}
[BrowserManager] Browser launched (HeadlessChrome/152.0.7977.30, screenshot, gl=--use-gl=angle --use-angle=metal, headlessShell=true, platform=darwin)
[initSession:screenshot] page.goto start (0ms)
[HyperFrames] render runtime fps [object Object]
[initSession:screenshot] page.goto complete (157ms)
[initSession:screenshot] GSAP proxy flush complete (173ms)
[initSession:screenshot] pollHfReady complete (174ms)
[initSession:screenshot] pollSubCompositionTimelines complete (ready) (177ms)
[initSession:screenshot] applyVideoMetadataHints complete (179ms)
[initSession:screenshot] media + fonts + tailwind ready (249ms)
[initSession:screenshot] captureBeyondViewport downgraded: page content fits the capture viewport (252ms)
[initSession:screenshot] timeline at-risk predictor: 0/2481 frames (0%) (299ms)
[initSession:screenshot] static-frame dedup: disabled (before-capture hook / video injection active) (301ms)
[initSession:screenshot] drawElement self-verify armed: 4 ground-truth frame(s) @ [620, 1241, 1861, 2357] of 2481 (685ms)
[initSession:drawelement] drawElement canvas injected (688ms)
[initSession:drawelement] screenshot fallback: 8 clip-boundary frame(s) (688ms)
[initSession:drawelement] drawElement worker encode initialized (694ms)
  ██████░░░░░░░░░░░░░░░░░░░  25%  Streaming frame 1/2481
  ██████░░░░░░░░░░░░░░░░░░░  25%  Streaming frame 2/2481
  ██████░░░░░░░░░░░░░░░░░░░  25%  Streaming frame 3/2481
  ██████░░░░░░░░░░░░░░░░░░░  25%  Streaming frame 4/2481
  ██████░░░░░░░░░░░░░░░░░░░  25%  Streaming frame 5/2481
  ██████░░░░░░░░░░░░░░░░░░░  25%  Streaming frame 6/2481
  ██████░░░░░░░░░░░░░░░░░░░  25%  Streaming frame 7/2481
  ██████░░░░░░░░░░░░░░░░░░░  25%  Streaming frame 8/2481
  ██████░░░░░░░░░░░░░░░░░░░  25%  Streaming frame 9/2481
  ██████░░░░░░░░░░░░░░░░░░░  25%  Streaming frame 10/2481
  ██████░░░░░░░░░░░░░░░░░░░  25%  Streaming frame 11/2481
  ██████░░░░░░░░░░░░░░░░░░░  25%  Streaming frame 12/2481
  ██████░░░░░░░░░░░░░░░░░░░  25%  Streaming frame 13/2481
  ██████░░░░░░░░░░░░░░░░░░░  25%  Streaming frame 14/2481
  ██████░░░░░░░░░░░░░░░░░░░  25%  Streaming frame 15/2481
  ██████░░░░░░░░░░░░░░░░░░░  25%  Streaming frame 16/2481
  ██████░░░░░░░░░░░░░░░░░░░  25%  Streaming frame 17/2481
  ██████░░░░░░░░░░░░░░░░░░░  25%  Streaming frame 18/2481
  ██████░░░░░░░░░░░░░░░░░░░  25%  Streaming frame 19/2481
  ██████░░░░░░░░░░░░░░░░░░░  25%  Streaming frame 20/2481
  ██████░░░░░░░░░░░░░░░░░░░  25%  Streaming frame 21/2481
  ██████░░░░░░░░░░░░░░░░░░░  25%  Streaming frame 22/2481
  ██████░░░░░░░░░░░░░░░░░░░  26%  Streaming frame 23/2481
  ██████░░░░░░░░░░░░░░░░░░░  26%  Streaming frame 24/2481
  ██████░░░░░░░░░░░░░░░░░░░  26%  Streaming frame 25/2481
  ██████░░░░░░░░░░░░░░░░░░░  26%  Streaming frame 26/2481
  ██████░░░░░░░░░░░░░░░░░░░  26%  Streaming frame 27/2481
  ██████░░░░░░░░░░░░░░░░░░░  26%  Streaming frame 28/2481
  ██████░░░░░░░░░░░░░░░░░░░  26%  Streaming frame 29/2481
  ██████░░░░░░░░░░░░░░░░░░░  26%  Streaming frame 30/2481
  ██████░░░░░░░░░░░░░░░░░░░  26%  Streaming frame 31/2481
  ██████░░░░░░░░░░░░░░░░░░░  26%  Streaming frame 32/2481
  ██████░░░░░░░░░░░░░░░░░░░  26%  Streaming frame 33/2481
  ██████░░░░░░░░░░░░░░░░░░░  26%  Streaming frame 34/2481
  ██████░░░░░░░░░░░░░░░░░░░  26%  Streaming frame 35/2481
  ██████░░░░░░░░░░░░░░░░░░░  26%  Streaming frame 36/2481
  ██████░░░░░░░░░░░░░░░░░░░  26%  Streaming frame 37/2481
  ██████░░░░░░░░░░░░░░░░░░░  26%  Streaming frame 38/2481
  ██████░░░░░░░░░░░░░░░░░░░  26%  Streaming frame 39/2481
  ██████░░░░░░░░░░░░░░░░░░░  26%  Streaming frame 40/2481
  ██████░░░░░░░░░░░░░░░░░░░  26%  Streaming frame 41/2481
  ██████░░░░░░░░░░░░░░░░░░░  26%  Streaming frame 42/2481
  ██████░░░░░░░░░░░░░░░░░░░  26%  Streaming frame 43/2481
  ██████░░░░░░░░░░░░░░░░░░░  26%  Streaming frame 44/2481
  ██████░░░░░░░░░░░░░░░░░░░  26%  Streaming frame 45/2481
  ██████░░░░░░░░░░░░░░░░░░░  26%  Streaming frame 46/2481
  ██████░░░░░░░░░░░░░░░░░░░  26%  Streaming frame 47/2481
  ██████░░░░░░░░░░░░░░░░░░░  26%  Streaming frame 48/2481
  ██████░░░░░░░░░░░░░░░░░░░  26%  Streaming frame 49/2481
  ██████░░░░░░░░░░░░░░░░░░░  26%  Streaming frame 50/2481
  ██████░░░░░░░░░░░░░░░░░░░  26%  Streaming frame 51/2481
  ██████░░░░░░░░░░░░░░░░░░░  26%  Streaming frame 52/2481
  ██████░░░░░░░░░░░░░░░░░░░  26%  Streaming frame 53/2481
  ██████░░░░░░░░░░░░░░░░░░░  26%  Streaming frame 54/2481
  ██████░░░░░░░░░░░░░░░░░░░  26%  Streaming frame 55/2481
  ██████░░░░░░░░░░░░░░░░░░░  26%  Streaming frame 56/2481
  ██████░░░░░░░░░░░░░░░░░░░  26%  Streaming frame 57/2481
  ██████░░░░░░░░░░░░░░░░░░░  26%  Streaming frame 58/2481
  ██████░░░░░░░░░░░░░░░░░░░  26%  Streaming frame 59/2481
  ██████░░░░░░░░░░░░░░░░░░░  26%  Streaming frame 60/2481
  ██████░░░░░░░░░░░░░░░░░░░  26%  Streaming frame 61/2481
  ██████░░░░░░░░░░░░░░░░░░░  26%  Streaming frame 62/2481
  ██████░░░░░░░░░░░░░░░░░░░  26%  Streaming frame 63/2481
  ██████░░░░░░░░░░░░░░░░░░░  26%  Streaming frame 64/2481
  ██████░░░░░░░░░░░░░░░░░░░  26%  Streaming frame 65/2481
  ██████░░░░░░░░░░░░░░░░░░░  26%  Streaming frame 66/2481
  ██████░░░░░░░░░░░░░░░░░░░  26%  Streaming frame 67/2481
  ██████░░░░░░░░░░░░░░░░░░░  27%  Streaming frame 68/2481
  ██████░░░░░░░░░░░░░░░░░░░  27%  Streaming frame 69/2481
  ██████░░░░░░░░░░░░░░░░░░░  27%  Streaming frame 70/2481
  ██████░░░░░░░░░░░░░░░░░░░  27%  Streaming frame 71/2481
  ██████░░░░░░░░░░░░░░░░░░░  27%  Streaming frame 72/2481
  ██████░░░░░░░░░░░░░░░░░░░  27%  Streaming frame 73/2481
  ██████░░░░░░░░░░░░░░░░░░░  27%  Streaming frame 74/2481
  ██████░░░░░░░░░░░░░░░░░░░  27%  Streaming frame 75/2481
  ██████░░░░░░░░░░░░░░░░░░░  27%  Streaming frame 76/2481
  ██████░░░░░░░░░░░░░░░░░░░  27%  Streaming frame 77/2481
  ██████░░░░░░░░░░░░░░░░░░░  27%  Streaming frame 78/2481
  ██████░░░░░░░░░░░░░░░░░░░  27%  Streaming frame 79/2481
  ██████░░░░░░░░░░░░░░░░░░░  27%  Streaming frame 80/2481
  ██████░░░░░░░░░░░░░░░░░░░  27%  Streaming frame 81/2481
  ██████░░░░░░░░░░░░░░░░░░░  27%  Streaming frame 82/2481
  ██████░░░░░░░░░░░░░░░░░░░  27%  Streaming frame 83/2481
  ██████░░░░░░░░░░░░░░░░░░░  27%  Streaming frame 84/2481
  ██████░░░░░░░░░░░░░░░░░░░  27%  Streaming frame 85/2481
  ██████░░░░░░░░░░░░░░░░░░░  27%  Streaming frame 86/2481
  ██████░░░░░░░░░░░░░░░░░░░  27%  Streaming frame 87/2481
  ██████░░░░░░░░░░░░░░░░░░░  27%  Streaming frame 88/2481
  ██████░░░░░░░░░░░░░░░░░░░  27%  Streaming frame 89/2481
  ██████░░░░░░░░░░░░░░░░░░░  27%  Streaming frame 90/2481
  ██████░░░░░░░░░░░░░░░░░░░  27%  Streaming frame 91/2481
  ██████░░░░░░░░░░░░░░░░░░░  27%  Streaming frame 92/2481
  ██████░░░░░░░░░░░░░░░░░░░  27%  Streaming frame 93/2481
  ██████░░░░░░░░░░░░░░░░░░░  27%  Streaming frame 94/2481
  ██████░░░░░░░░░░░░░░░░░░░  27%  Streaming frame 95/2481
  ██████░░░░░░░░░░░░░░░░░░░  27%  Streaming frame 96/2481
  ██████░░░░░░░░░░░░░░░░░░░  27%  Streaming frame 97/2481
  ██████░░░░░░░░░░░░░░░░░░░  27%  Streaming frame 98/2481
  ██████░░░░░░░░░░░░░░░░░░░  27%  Streaming frame 99/2481
  ██████░░░░░░░░░░░░░░░░░░░  27%  Streaming frame 100/2481
  ██████░░░░░░░░░░░░░░░░░░░  27%  Streaming frame 101/2481
  ██████░░░░░░░░░░░░░░░░░░░  27%  Streaming frame 102/2481
  ██████░░░░░░░░░░░░░░░░░░░  27%  Streaming frame 103/2481
  ██████░░░░░░░░░░░░░░░░░░░  27%  Streaming frame 104/2481
  ██████░░░░░░░░░░░░░░░░░░░  27%  Streaming frame 105/2481
  ██████░░░░░░░░░░░░░░░░░░░  27%  Streaming frame 106/2481
  ██████░░░░░░░░░░░░░░░░░░░  27%  Streaming frame 107/2481
  ██████░░░░░░░░░░░░░░░░░░░  27%  Streaming frame 108/2481
  ██████░░░░░░░░░░░░░░░░░░░  27%  Streaming frame 109/2481
  ██████░░░░░░░░░░░░░░░░░░░  27%  Streaming frame 110/2481
  ██████░░░░░░░░░░░░░░░░░░░  27%  Streaming frame 111/2481
  ██████░░░░░░░░░░░░░░░░░░░  27%  Streaming frame 112/2481
  ███████░░░░░░░░░░░░░░░░░░  28%  Streaming frame 113/2481
  ███████░░░░░░░░░░░░░░░░░░  28%  Streaming frame 114/2481
  ███████░░░░░░░░░░░░░░░░░░  28%  Streaming frame 115/2481
  ███████░░░░░░░░░░░░░░░░░░  28%  Streaming frame 116/2481
  ███████░░░░░░░░░░░░░░░░░░  28%  Streaming frame 117/2481
  ███████░░░░░░░░░░░░░░░░░░  28%  Streaming frame 118/2481
  ███████░░░░░░░░░░░░░░░░░░  28%  Streaming frame 119/2481
  ███████░░░░░░░░░░░░░░░░░░  28%  Streaming frame 120/2481
  ███████░░░░░░░░░░░░░░░░░░  28%  Streaming frame 121/2481
  ███████░░░░░░░░░░░░░░░░░░  28%  Streaming frame 122/2481
  ███████░░░░░░░░░░░░░░░░░░  28%  Streaming frame 123/2481
  ███████░░░░░░░░░░░░░░░░░░  28%  Streaming frame 124/2481
  ███████░░░░░░░░░░░░░░░░░░  28%  Streaming frame 125/2481
  ███████░░░░░░░░░░░░░░░░░░  28%  Streaming frame 126/2481
  ███████░░░░░░░░░░░░░░░░░░  28%  Streaming frame 127/2481
  ███████░░░░░░░░░░░░░░░░░░  28%  Streaming frame 128/2481
  ███████░░░░░░░░░░░░░░░░░░  28%  Streaming frame 129/2481
  ███████░░░░░░░░░░░░░░░░░░  28%  Streaming frame 130/2481
  ███████░░░░░░░░░░░░░░░░░░  28%  Streaming frame 131/2481
  ███████░░░░░░░░░░░░░░░░░░  28%  Streaming frame 132/2481
  ███████░░░░░░░░░░░░░░░░░░  28%  Streaming frame 133/2481
  ███████░░░░░░░░░░░░░░░░░░  28%  Streaming frame 134/2481
  ███████░░░░░░░░░░░░░░░░░░  28%  Streaming frame 135/2481
  ███████░░░░░░░░░░░░░░░░░░  28%  Streaming frame 136/2481
  ███████░░░░░░░░░░░░░░░░░░  28%  Streaming frame 137/2481
  ███████░░░░░░░░░░░░░░░░░░  28%  Streaming frame 138/2481
  ███████░░░░░░░░░░░░░░░░░░  28%  Streaming frame 139/2481
  ███████░░░░░░░░░░░░░░░░░░  28%  Streaming frame 140/2481
  ███████░░░░░░░░░░░░░░░░░░  28%  Streaming frame 141/2481
  ███████░░░░░░░░░░░░░░░░░░  28%  Streaming frame 142/2481
  ███████░░░░░░░░░░░░░░░░░░  28%  Streaming frame 143/2481
  ███████░░░░░░░░░░░░░░░░░░  28%  Streaming frame 144/2481
  ███████░░░░░░░░░░░░░░░░░░  28%  Streaming frame 145/2481
  ███████░░░░░░░░░░░░░░░░░░  28%  Streaming frame 146/2481
  ███████░░░░░░░░░░░░░░░░░░  28%  Streaming frame 147/2481
  ███████░░░░░░░░░░░░░░░░░░  28%  Streaming frame 148/2481
  ███████░░░░░░░░░░░░░░░░░░  28%  Streaming frame 149/2481
  ███████░░░░░░░░░░░░░░░░░░  28%  Streaming frame 150/2481
  ███████░░░░░░░░░░░░░░░░░░  28%  Streaming frame 151/2481
  ███████░░░░░░░░░░░░░░░░░░  28%  Streaming frame 152/2481
  ███████░░░░░░░░░░░░░░░░░░  28%  Streaming frame 153/2481
  ███████░░░░░░░░░░░░░░░░░░  28%  Streaming frame 154/2481
  ███████░░░░░░░░░░░░░░░░░░  28%  Streaming frame 155/2481
  ███████░░░░░░░░░░░░░░░░░░  28%  Streaming frame 156/2481
  ███████░░░░░░░░░░░░░░░░░░  28%  Streaming frame 157/2481
  ███████░░░░░░░░░░░░░░░░░░  29%  Streaming frame 158/2481
  ███████░░░░░░░░░░░░░░░░░░  29%  Streaming frame 159/2481
  ███████░░░░░░░░░░░░░░░░░░  29%  Streaming frame 160/2481
  ███████░░░░░░░░░░░░░░░░░░  29%  Streaming frame 161/2481
  ███████░░░░░░░░░░░░░░░░░░  29%  Streaming frame 162/2481
  ███████░░░░░░░░░░░░░░░░░░  29%  Streaming frame 163/2481
  ███████░░░░░░░░░░░░░░░░░░  29%  Streaming frame 164/2481
  ███████░░░░░░░░░░░░░░░░░░  29%  Streaming frame 165/2481
  ███████░░░░░░░░░░░░░░░░░░  29%  Streaming frame 166/2481
  ███████░░░░░░░░░░░░░░░░░░  29%  Streaming frame 167/2481
  ███████░░░░░░░░░░░░░░░░░░  29%  Streaming frame 168/2481
  ███████░░░░░░░░░░░░░░░░░░  29%  Streaming frame 169/2481
  ███████░░░░░░░░░░░░░░░░░░  29%  Streaming frame 170/2481
  ███████░░░░░░░░░░░░░░░░░░  29%  Streaming frame 171/2481
  ███████░░░░░░░░░░░░░░░░░░  29%  Streaming frame 172/2481
  ███████░░░░░░░░░░░░░░░░░░  29%  Streaming frame 173/2481
  ███████░░░░░░░░░░░░░░░░░░  29%  Streaming frame 174/2481
  ███████░░░░░░░░░░░░░░░░░░  29%  Streaming frame 175/2481
  ███████░░░░░░░░░░░░░░░░░░  29%  Streaming frame 176/2481
  ███████░░░░░░░░░░░░░░░░░░  29%  Streaming frame 177/2481
  ███████░░░░░░░░░░░░░░░░░░  29%  Streaming frame 178/2481
  ███████░░░░░░░░░░░░░░░░░░  29%  Streaming frame 179/2481
  ███████░░░░░░░░░░░░░░░░░░  29%  Streaming frame 180/2481
  ███████░░░░░░░░░░░░░░░░░░  29%  Streaming frame 181/2481
  ███████░░░░░░░░░░░░░░░░░░  29%  Streaming frame 182/2481
  ███████░░░░░░░░░░░░░░░░░░  29%  Streaming frame 183/2481
  ███████░░░░░░░░░░░░░░░░░░  29%  Streaming frame 184/2481
  ███████░░░░░░░░░░░░░░░░░░  29%  Streaming frame 185/2481
  ███████░░░░░░░░░░░░░░░░░░  29%  Streaming frame 186/2481
  ███████░░░░░░░░░░░░░░░░░░  29%  Streaming frame 187/2481
  ███████░░░░░░░░░░░░░░░░░░  29%  Streaming frame 188/2481
  ███████░░░░░░░░░░░░░░░░░░  29%  Streaming frame 189/2481
  ███████░░░░░░░░░░░░░░░░░░  29%  Streaming frame 190/2481
  ███████░░░░░░░░░░░░░░░░░░  29%  Streaming frame 191/2481
  ███████░░░░░░░░░░░░░░░░░░  29%  Streaming frame 192/2481
  ███████░░░░░░░░░░░░░░░░░░  29%  Streaming frame 193/2481
  ███████░░░░░░░░░░░░░░░░░░  29%  Streaming frame 194/2481
  ███████░░░░░░░░░░░░░░░░░░  29%  Streaming frame 195/2481
  ███████░░░░░░░░░░░░░░░░░░  29%  Streaming frame 196/2481
  ███████░░░░░░░░░░░░░░░░░░  29%  Streaming frame 197/2481
  ███████░░░░░░░░░░░░░░░░░░  29%  Streaming frame 198/2481
  ███████░░░░░░░░░░░░░░░░░░  29%  Streaming frame 199/2481
  ███████░░░░░░░░░░░░░░░░░░  29%  Streaming frame 200/2481
  ███████░░░░░░░░░░░░░░░░░░  29%  Streaming frame 201/2481
  ███████░░░░░░░░░░░░░░░░░░  29%  Streaming frame 202/2481
  ███████░░░░░░░░░░░░░░░░░░  30%  Streaming frame 203/2481
  ███████░░░░░░░░░░░░░░░░░░  30%  Streaming frame 204/2481
  ███████░░░░░░░░░░░░░░░░░░  30%  Streaming frame 205/2481
  ███████░░░░░░░░░░░░░░░░░░  30%  Streaming frame 206/2481
  ███████░░░░░░░░░░░░░░░░░░  30%  Streaming frame 207/2481
  ███████░░░░░░░░░░░░░░░░░░  30%  Streaming frame 208/2481
  ███████░░░░░░░░░░░░░░░░░░  30%  Streaming frame 209/2481
  ███████░░░░░░░░░░░░░░░░░░  30%  Streaming frame 210/2481
  ███████░░░░░░░░░░░░░░░░░░  30%  Streaming frame 211/2481
  ███████░░░░░░░░░░░░░░░░░░  30%  Streaming frame 212/2481
  ███████░░░░░░░░░░░░░░░░░░  30%  Streaming frame 213/2481
  ███████░░░░░░░░░░░░░░░░░░  30%  Streaming frame 214/2481
  ███████░░░░░░░░░░░░░░░░░░  30%  Streaming frame 215/2481
  ███████░░░░░░░░░░░░░░░░░░  30%  Streaming frame 216/2481
  ███████░░░░░░░░░░░░░░░░░░  30%  Streaming frame 217/2481
  ███████░░░░░░░░░░░░░░░░░░  30%  Streaming frame 218/2481
  ███████░░░░░░░░░░░░░░░░░░  30%  Streaming frame 219/2481
  ███████░░░░░░░░░░░░░░░░░░  30%  Streaming frame 220/2481
  ███████░░░░░░░░░░░░░░░░░░  30%  Streaming frame 221/2481
  ███████░░░░░░░░░░░░░░░░░░  30%  Streaming frame 222/2481
  ███████░░░░░░░░░░░░░░░░░░  30%  Streaming frame 223/2481
  ███████░░░░░░░░░░░░░░░░░░  30%  Streaming frame 224/2481
  ███████░░░░░░░░░░░░░░░░░░  30%  Streaming frame 225/2481
  ███████░░░░░░░░░░░░░░░░░░  30%  Streaming frame 226/2481
  ███████░░░░░░░░░░░░░░░░░░  30%  Streaming frame 227/2481
  ███████░░░░░░░░░░░░░░░░░░  30%  Streaming frame 228/2481
  ███████░░░░░░░░░░░░░░░░░░  30%  Streaming frame 229/2481
  ███████░░░░░░░░░░░░░░░░░░  30%  Streaming frame 230/2481
  ███████░░░░░░░░░░░░░░░░░░  30%  Streaming frame 231/2481
  ███████░░░░░░░░░░░░░░░░░░  30%  Streaming frame 232/2481
  ███████░░░░░░░░░░░░░░░░░░  30%  Streaming frame 233/2481
  ███████░░░░░░░░░░░░░░░░░░  30%  Streaming frame 234/2481
  ███████░░░░░░░░░░░░░░░░░░  30%  Streaming frame 235/2481
  ███████░░░░░░░░░░░░░░░░░░  30%  Streaming frame 236/2481
  ███████░░░░░░░░░░░░░░░░░░  30%  Streaming frame 237/2481
  ███████░░░░░░░░░░░░░░░░░░  30%  Streaming frame 238/2481
  ███████░░░░░░░░░░░░░░░░░░  30%  Streaming frame 239/2481
  ███████░░░░░░░░░░░░░░░░░░  30%  Streaming frame 240/2481
  ███████░░░░░░░░░░░░░░░░░░  30%  Streaming frame 241/2481
  ███████░░░░░░░░░░░░░░░░░░  30%  Streaming frame 242/2481
  ███████░░░░░░░░░░░░░░░░░░  30%  Streaming frame 243/2481
  ███████░░░░░░░░░░░░░░░░░░  30%  Streaming frame 244/2481
  ███████░░░░░░░░░░░░░░░░░░  30%  Streaming frame 245/2481
  ███████░░░░░░░░░░░░░░░░░░  30%  Streaming frame 246/2481
  ███████░░░░░░░░░░░░░░░░░░  30%  Streaming frame 247/2481
  ███████░░░░░░░░░░░░░░░░░░  30%  Streaming frame 248/2481
  ███████░░░░░░░░░░░░░░░░░░  31%  Streaming frame 249/2481
  ███████░░░░░░░░░░░░░░░░░░  31%  Streaming frame 250/2481
  ███████░░░░░░░░░░░░░░░░░░  31%  Streaming frame 251/2481
  ███████░░░░░░░░░░░░░░░░░░  31%  Streaming frame 252/2481
  ███████░░░░░░░░░░░░░░░░░░  31%  Streaming frame 253/2481
  ███████░░░░░░░░░░░░░░░░░░  31%  Streaming frame 254/2481
  ███████░░░░░░░░░░░░░░░░░░  31%  Streaming frame 255/2481
  ███████░░░░░░░░░░░░░░░░░░  31%  Streaming frame 256/2481
  ███████░░░░░░░░░░░░░░░░░░  31%  Streaming frame 257/2481
  ███████░░░░░░░░░░░░░░░░░░  31%  Streaming frame 258/2481
  ███████░░░░░░░░░░░░░░░░░░  31%  Streaming frame 259/2481
  ███████░░░░░░░░░░░░░░░░░░  31%  Streaming frame 260/2481
  ███████░░░░░░░░░░░░░░░░░░  31%  Streaming frame 261/2481
  ███████░░░░░░░░░░░░░░░░░░  31%  Streaming frame 262/2481
  ███████░░░░░░░░░░░░░░░░░░  31%  Streaming frame 263/2481
  ███████░░░░░░░░░░░░░░░░░░  31%  Streaming frame 264/2481
  ███████░░░░░░░░░░░░░░░░░░  31%  Streaming frame 265/2481
  ███████░░░░░░░░░░░░░░░░░░  31%  Streaming frame 266/2481
  ███████░░░░░░░░░░░░░░░░░░  31%  Streaming frame 267/2481
  ███████░░░░░░░░░░░░░░░░░░  31%  Streaming frame 268/2481
  ███████░░░░░░░░░░░░░░░░░░  31%  Streaming frame 269/2481
  ███████░░░░░░░░░░░░░░░░░░  31%  Streaming frame 270/2481
  ███████░░░░░░░░░░░░░░░░░░  31%  Streaming frame 271/2481
  ███████░░░░░░░░░░░░░░░░░░  31%  Streaming frame 272/2481
  ███████░░░░░░░░░░░░░░░░░░  31%  Streaming frame 273/2481
  ███████░░░░░░░░░░░░░░░░░░  31%  Streaming frame 274/2481
  ███████░░░░░░░░░░░░░░░░░░  31%  Streaming frame 275/2481
  ███████░░░░░░░░░░░░░░░░░░  31%  Streaming frame 276/2481
  ███████░░░░░░░░░░░░░░░░░░  31%  Streaming frame 277/2481
  ███████░░░░░░░░░░░░░░░░░░  31%  Streaming frame 278/2481
  ███████░░░░░░░░░░░░░░░░░░  31%  Streaming frame 279/2481
  ███████░░░░░░░░░░░░░░░░░░  31%  Streaming frame 280/2481
  ███████░░░░░░░░░░░░░░░░░░  31%  Streaming frame 281/2481
  ███████░░░░░░░░░░░░░░░░░░  31%  Streaming frame 282/2481
  ███████░░░░░░░░░░░░░░░░░░  31%  Streaming frame 283/2481
  ███████░░░░░░░░░░░░░░░░░░  31%  Streaming frame 284/2481
  ███████░░░░░░░░░░░░░░░░░░  31%  Streaming frame 285/2481
  ███████░░░░░░░░░░░░░░░░░░  31%  Streaming frame 286/2481
  ███████░░░░░░░░░░░░░░░░░░  31%  Streaming frame 287/2481
  ███████░░░░░░░░░░░░░░░░░░  31%  Streaming frame 288/2481
  ███████░░░░░░░░░░░░░░░░░░  31%  Streaming frame 289/2481
  ███████░░░░░░░░░░░░░░░░░░  31%  Streaming frame 290/2481
  ███████░░░░░░░░░░░░░░░░░░  31%  Streaming frame 291/2481
  ███████░░░░░░░░░░░░░░░░░░  31%  Streaming frame 292/2481
  ███████░░░░░░░░░░░░░░░░░░  31%  Streaming frame 293/2481
  ████████░░░░░░░░░░░░░░░░░  32%  Streaming frame 294/2481
  ████████░░░░░░░░░░░░░░░░░  32%  Streaming frame 295/2481
  ████████░░░░░░░░░░░░░░░░░  32%  Streaming frame 296/2481
  ████████░░░░░░░░░░░░░░░░░  32%  Streaming frame 297/2481
  ████████░░░░░░░░░░░░░░░░░  32%  Streaming frame 298/2481
  ████████░░░░░░░░░░░░░░░░░  32%  Streaming frame 299/2481
  ████████░░░░░░░░░░░░░░░░░  32%  Streaming frame 300/2481
  ████████░░░░░░░░░░░░░░░░░  32%  Streaming frame 301/2481
  ████████░░░░░░░░░░░░░░░░░  32%  Streaming frame 302/2481
  ████████░░░░░░░░░░░░░░░░░  32%  Streaming frame 303/2481
  ████████░░░░░░░░░░░░░░░░░  32%  Streaming frame 304/2481
  ████████░░░░░░░░░░░░░░░░░  32%  Streaming frame 305/2481
  ████████░░░░░░░░░░░░░░░░░  32%  Streaming frame 306/2481
  ████████░░░░░░░░░░░░░░░░░  32%  Streaming frame 307/2481
  ████████░░░░░░░░░░░░░░░░░  32%  Streaming frame 308/2481
  ████████░░░░░░░░░░░░░░░░░  32%  Streaming frame 309/2481
  ████████░░░░░░░░░░░░░░░░░  32%  Streaming frame 310/2481
  ████████░░░░░░░░░░░░░░░░░  32%  Streaming frame 311/2481
  ████████░░░░░░░░░░░░░░░░░  32%  Streaming frame 312/2481
  ████████░░░░░░░░░░░░░░░░░  32%  Streaming frame 313/2481
  ████████░░░░░░░░░░░░░░░░░  32%  Streaming frame 314/2481
  ████████░░░░░░░░░░░░░░░░░  32%  Streaming frame 315/2481
  ████████░░░░░░░░░░░░░░░░░  32%  Streaming frame 316/2481
  ████████░░░░░░░░░░░░░░░░░  32%  Streaming frame 317/2481
  ████████░░░░░░░░░░░░░░░░░  32%  Streaming frame 318/2481
  ████████░░░░░░░░░░░░░░░░░  32%  Streaming frame 319/2481
  ████████░░░░░░░░░░░░░░░░░  32%  Streaming frame 320/2481
  ████████░░░░░░░░░░░░░░░░░  32%  Streaming frame 321/2481
  ████████░░░░░░░░░░░░░░░░░  32%  Streaming frame 322/2481
  ████████░░░░░░░░░░░░░░░░░  32%  Streaming frame 323/2481
  ████████░░░░░░░░░░░░░░░░░  32%  Streaming frame 324/2481
  ████████░░░░░░░░░░░░░░░░░  32%  Streaming frame 325/2481
  ████████░░░░░░░░░░░░░░░░░  32%  Streaming frame 326/2481
  ████████░░░░░░░░░░░░░░░░░  32%  Streaming frame 327/2481
  ████████░░░░░░░░░░░░░░░░░  32%  Streaming frame 328/2481
  ████████░░░░░░░░░░░░░░░░░  32%  Streaming frame 329/2481
  ████████░░░░░░░░░░░░░░░░░  32%  Streaming frame 330/2481
  ████████░░░░░░░░░░░░░░░░░  32%  Streaming frame 331/2481
  ████████░░░░░░░░░░░░░░░░░  32%  Streaming frame 332/2481
  ████████░░░░░░░░░░░░░░░░░  32%  Streaming frame 333/2481
  ████████░░░░░░░░░░░░░░░░░  32%  Streaming frame 334/2481
  ████████░░░░░░░░░░░░░░░░░  32%  Streaming frame 335/2481
  ████████░░░░░░░░░░░░░░░░░  32%  Streaming frame 336/2481
  ████████░░░░░░░░░░░░░░░░░  32%  Streaming frame 337/2481
  ████████░░░░░░░░░░░░░░░░░  32%  Streaming frame 338/2481
  ████████░░░░░░░░░░░░░░░░░  33%  Streaming frame 339/2481
  ████████░░░░░░░░░░░░░░░░░  33%  Streaming frame 340/2481
  ████████░░░░░░░░░░░░░░░░░  33%  Streaming frame 341/2481
  ████████░░░░░░░░░░░░░░░░░  33%  Streaming frame 342/2481
  ████████░░░░░░░░░░░░░░░░░  33%  Streaming frame 343/2481
  ████████░░░░░░░░░░░░░░░░░  33%  Streaming frame 344/2481
  ████████░░░░░░░░░░░░░░░░░  33%  Streaming frame 345/2481
  ████████░░░░░░░░░░░░░░░░░  33%  Streaming frame 346/2481
  ████████░░░░░░░░░░░░░░░░░  33%  Streaming frame 347/2481
  ████████░░░░░░░░░░░░░░░░░  33%  Streaming frame 348/2481
  ████████░░░░░░░░░░░░░░░░░  33%  Streaming frame 349/2481
  ████████░░░░░░░░░░░░░░░░░  33%  Streaming frame 350/2481
  ████████░░░░░░░░░░░░░░░░░  33%  Streaming frame 351/2481
  ████████░░░░░░░░░░░░░░░░░  33%  Streaming frame 352/2481
  ████████░░░░░░░░░░░░░░░░░  33%  Streaming frame 353/2481
  ████████░░░░░░░░░░░░░░░░░  33%  Streaming frame 354/2481
  ████████░░░░░░░░░░░░░░░░░  33%  Streaming frame 355/2481
  ████████░░░░░░░░░░░░░░░░░  33%  Streaming frame 356/2481
  ████████░░░░░░░░░░░░░░░░░  33%  Streaming frame 357/2481
  ████████░░░░░░░░░░░░░░░░░  33%  Streaming frame 358/2481
  ████████░░░░░░░░░░░░░░░░░  33%  Streaming frame 359/2481
  ████████░░░░░░░░░░░░░░░░░  33%  Streaming frame 360/2481
  ████████░░░░░░░░░░░░░░░░░  33%  Streaming frame 361/2481
  ████████░░░░░░░░░░░░░░░░░  33%  Streaming frame 362/2481
  ████████░░░░░░░░░░░░░░░░░  33%  Streaming frame 363/2481
  ████████░░░░░░░░░░░░░░░░░  33%  Streaming frame 364/2481
  ████████░░░░░░░░░░░░░░░░░  33%  Streaming frame 365/2481
  ████████░░░░░░░░░░░░░░░░░  33%  Streaming frame 366/2481
  ████████░░░░░░░░░░░░░░░░░  33%  Streaming frame 367/2481
  ████████░░░░░░░░░░░░░░░░░  33%  Streaming frame 368/2481
  ████████░░░░░░░░░░░░░░░░░  33%  Streaming frame 369/2481
  ████████░░░░░░░░░░░░░░░░░  33%  Streaming frame 370/2481
  ████████░░░░░░░░░░░░░░░░░  33%  Streaming frame 371/2481
  ████████░░░░░░░░░░░░░░░░░  33%  Streaming frame 372/2481
  ████████░░░░░░░░░░░░░░░░░  33%  Streaming frame 373/2481
  ████████░░░░░░░░░░░░░░░░░  33%  Streaming frame 374/2481
  ████████░░░░░░░░░░░░░░░░░  33%  Streaming frame 375/2481
  ████████░░░░░░░░░░░░░░░░░  33%  Streaming frame 376/2481
  ████████░░░░░░░░░░░░░░░░░  33%  Streaming frame 377/2481
  ████████░░░░░░░░░░░░░░░░░  33%  Streaming frame 378/2481
  ████████░░░░░░░░░░░░░░░░░  33%  Streaming frame 379/2481
  ████████░░░░░░░░░░░░░░░░░  33%  Streaming frame 380/2481
  ████████░░░░░░░░░░░░░░░░░  33%  Streaming frame 381/2481
  ████████░░░░░░░░░░░░░░░░░  33%  Streaming frame 382/2481
  ████████░░░░░░░░░░░░░░░░░  33%  Streaming frame 383/2481
  ████████░░░░░░░░░░░░░░░░░  34%  Streaming frame 384/2481
  ████████░░░░░░░░░░░░░░░░░  34%  Streaming frame 385/2481
  ████████░░░░░░░░░░░░░░░░░  34%  Streaming frame 386/2481
  ████████░░░░░░░░░░░░░░░░░  34%  Streaming frame 387/2481
  ████████░░░░░░░░░░░░░░░░░  34%  Streaming frame 388/2481
  ████████░░░░░░░░░░░░░░░░░  34%  Streaming frame 389/2481
  ████████░░░░░░░░░░░░░░░░░  34%  Streaming frame 390/2481
  ████████░░░░░░░░░░░░░░░░░  34%  Streaming frame 391/2481
  ████████░░░░░░░░░░░░░░░░░  34%  Streaming frame 392/2481
  ████████░░░░░░░░░░░░░░░░░  34%  Streaming frame 393/2481
  ████████░░░░░░░░░░░░░░░░░  34%  Streaming frame 394/2481
  ████████░░░░░░░░░░░░░░░░░  34%  Streaming frame 395/2481
  ████████░░░░░░░░░░░░░░░░░  34%  Streaming frame 396/2481
  ████████░░░░░░░░░░░░░░░░░  34%  Streaming frame 397/2481
  ████████░░░░░░░░░░░░░░░░░  34%  Streaming frame 398/2481
  ████████░░░░░░░░░░░░░░░░░  34%  Streaming frame 399/2481
  ████████░░░░░░░░░░░░░░░░░  34%  Streaming frame 400/2481
  ████████░░░░░░░░░░░░░░░░░  34%  Streaming frame 401/2481
  ████████░░░░░░░░░░░░░░░░░  34%  Streaming frame 402/2481
  ████████░░░░░░░░░░░░░░░░░  34%  Streaming frame 403/2481
  ████████░░░░░░░░░░░░░░░░░  34%  Streaming frame 404/2481
  ████████░░░░░░░░░░░░░░░░░  34%  Streaming frame 405/2481
  ████████░░░░░░░░░░░░░░░░░  34%  Streaming frame 406/2481
  ████████░░░░░░░░░░░░░░░░░  34%  Streaming frame 407/2481
  ████████░░░░░░░░░░░░░░░░░  34%  Streaming frame 408/2481
  ████████░░░░░░░░░░░░░░░░░  34%  Streaming frame 409/2481
  ████████░░░░░░░░░░░░░░░░░  34%  Streaming frame 410/2481
  ████████░░░░░░░░░░░░░░░░░  34%  Streaming frame 411/2481
  ████████░░░░░░░░░░░░░░░░░  34%  Streaming frame 412/2481
  ████████░░░░░░░░░░░░░░░░░  34%  Streaming frame 413/2481
  ████████░░░░░░░░░░░░░░░░░  34%  Streaming frame 414/2481
  ████████░░░░░░░░░░░░░░░░░  34%  Streaming frame 415/2481
  ████████░░░░░░░░░░░░░░░░░  34%  Streaming frame 416/2481
  ████████░░░░░░░░░░░░░░░░░  34%  Streaming frame 417/2481
  ████████░░░░░░░░░░░░░░░░░  34%  Streaming frame 418/2481
  ████████░░░░░░░░░░░░░░░░░  34%  Streaming frame 419/2481
  ████████░░░░░░░░░░░░░░░░░  34%  Streaming frame 420/2481
  ████████░░░░░░░░░░░░░░░░░  34%  Streaming frame 421/2481
  ████████░░░░░░░░░░░░░░░░░  34%  Streaming frame 422/2481
  ████████░░░░░░░░░░░░░░░░░  34%  Streaming frame 423/2481
  ████████░░░░░░░░░░░░░░░░░  34%  Streaming frame 424/2481
  ████████░░░░░░░░░░░░░░░░░  34%  Streaming frame 425/2481
  ████████░░░░░░░░░░░░░░░░░  34%  Streaming frame 426/2481
  ████████░░░░░░░░░░░░░░░░░  34%  Streaming frame 427/2481
  ████████░░░░░░░░░░░░░░░░░  34%  Streaming frame 428/2481
  ████████░░░░░░░░░░░░░░░░░  35%  Streaming frame 429/2481
  ████████░░░░░░░░░░░░░░░░░  35%  Streaming frame 430/2481
  ████████░░░░░░░░░░░░░░░░░  35%  Streaming frame 431/2481
  ████████░░░░░░░░░░░░░░░░░  35%  Streaming frame 432/2481
  ████████░░░░░░░░░░░░░░░░░  35%  Streaming frame 433/2481
  ████████░░░░░░░░░░░░░░░░░  35%  Streaming frame 434/2481
  ████████░░░░░░░░░░░░░░░░░  35%  Streaming frame 435/2481
  ████████░░░░░░░░░░░░░░░░░  35%  Streaming frame 436/2481
  ████████░░░░░░░░░░░░░░░░░  35%  Streaming frame 437/2481
  ████████░░░░░░░░░░░░░░░░░  35%  Streaming frame 438/2481
  ████████░░░░░░░░░░░░░░░░░  35%  Streaming frame 439/2481
  ████████░░░░░░░░░░░░░░░░░  35%  Streaming frame 440/2481
  ████████░░░░░░░░░░░░░░░░░  35%  Streaming frame 441/2481
  ████████░░░░░░░░░░░░░░░░░  35%  Streaming frame 442/2481
  ████████░░░░░░░░░░░░░░░░░  35%  Streaming frame 443/2481
  ████████░░░░░░░░░░░░░░░░░  35%  Streaming frame 444/2481
  ████████░░░░░░░░░░░░░░░░░  35%  Streaming frame 445/2481
  ████████░░░░░░░░░░░░░░░░░  35%  Streaming frame 446/2481
  ████████░░░░░░░░░░░░░░░░░  35%  Streaming frame 447/2481
  ████████░░░░░░░░░░░░░░░░░  35%  Streaming frame 448/2481
  ████████░░░░░░░░░░░░░░░░░  35%  Streaming frame 449/2481
  ████████░░░░░░░░░░░░░░░░░  35%  Streaming frame 450/2481
  ████████░░░░░░░░░░░░░░░░░  35%  Streaming frame 451/2481
  ████████░░░░░░░░░░░░░░░░░  35%  Streaming frame 452/2481
  ████████░░░░░░░░░░░░░░░░░  35%  Streaming frame 453/2481
  ████████░░░░░░░░░░░░░░░░░  35%  Streaming frame 454/2481
  ████████░░░░░░░░░░░░░░░░░  35%  Streaming frame 455/2481
  ████████░░░░░░░░░░░░░░░░░  35%  Streaming frame 456/2481
  ████████░░░░░░░░░░░░░░░░░  35%  Streaming frame 457/2481
  ████████░░░░░░░░░░░░░░░░░  35%  Streaming frame 458/2481
  ████████░░░░░░░░░░░░░░░░░  35%  Streaming frame 459/2481
  ████████░░░░░░░░░░░░░░░░░  35%  Streaming frame 460/2481
  ████████░░░░░░░░░░░░░░░░░  35%  Streaming frame 461/2481
  ████████░░░░░░░░░░░░░░░░░  35%  Streaming frame 462/2481
  ████████░░░░░░░░░░░░░░░░░  35%  Streaming frame 463/2481
  ████████░░░░░░░░░░░░░░░░░  35%  Streaming frame 464/2481
  ████████░░░░░░░░░░░░░░░░░  35%  Streaming frame 465/2481
  ████████░░░░░░░░░░░░░░░░░  35%  Streaming frame 466/2481
  ████████░░░░░░░░░░░░░░░░░  35%  Streaming frame 467/2481
  ████████░░░░░░░░░░░░░░░░░  35%  Streaming frame 468/2481
  ████████░░░░░░░░░░░░░░░░░  35%  Streaming frame 469/2481
  ████████░░░░░░░░░░░░░░░░░  35%  Streaming frame 470/2481
  ████████░░░░░░░░░░░░░░░░░  35%  Streaming frame 471/2481
  ████████░░░░░░░░░░░░░░░░░  35%  Streaming frame 472/2481
  ████████░░░░░░░░░░░░░░░░░  35%  Streaming frame 473/2481
  █████████░░░░░░░░░░░░░░░░  36%  Streaming frame 474/2481
  █████████░░░░░░░░░░░░░░░░  36%  Streaming frame 475/2481
  █████████░░░░░░░░░░░░░░░░  36%  Streaming frame 476/2481
  █████████░░░░░░░░░░░░░░░░  36%  Streaming frame 477/2481
  █████████░░░░░░░░░░░░░░░░  36%  Streaming frame 478/2481
  █████████░░░░░░░░░░░░░░░░  36%  Streaming frame 479/2481
  █████████░░░░░░░░░░░░░░░░  36%  Streaming frame 480/2481
  █████████░░░░░░░░░░░░░░░░  36%  Streaming frame 481/2481
  █████████░░░░░░░░░░░░░░░░  36%  Streaming frame 482/2481
  █████████░░░░░░░░░░░░░░░░  36%  Streaming frame 483/2481
  █████████░░░░░░░░░░░░░░░░  36%  Streaming frame 484/2481
  █████████░░░░░░░░░░░░░░░░  36%  Streaming frame 485/2481
  █████████░░░░░░░░░░░░░░░░  36%  Streaming frame 486/2481
  █████████░░░░░░░░░░░░░░░░  36%  Streaming frame 487/2481
  █████████░░░░░░░░░░░░░░░░  36%  Streaming frame 488/2481
  █████████░░░░░░░░░░░░░░░░  36%  Streaming frame 489/2481
  █████████░░░░░░░░░░░░░░░░  36%  Streaming frame 490/2481
  █████████░░░░░░░░░░░░░░░░  36%  Streaming frame 491/2481
  █████████░░░░░░░░░░░░░░░░  36%  Streaming frame 492/2481
  █████████░░░░░░░░░░░░░░░░  36%  Streaming frame 493/2481
  █████████░░░░░░░░░░░░░░░░  36%  Streaming frame 494/2481
  █████████░░░░░░░░░░░░░░░░  36%  Streaming frame 495/2481
  █████████░░░░░░░░░░░░░░░░  36%  Streaming frame 496/2481
  █████████░░░░░░░░░░░░░░░░  36%  Streaming frame 497/2481
  █████████░░░░░░░░░░░░░░░░  36%  Streaming frame 498/2481
  █████████░░░░░░░░░░░░░░░░  36%  Streaming frame 499/2481
  █████████░░░░░░░░░░░░░░░░  36%  Streaming frame 500/2481
  █████████░░░░░░░░░░░░░░░░  36%  Streaming frame 501/2481
  █████████░░░░░░░░░░░░░░░░  36%  Streaming frame 502/2481
  █████████░░░░░░░░░░░░░░░░  36%  Streaming frame 503/2481
  █████████░░░░░░░░░░░░░░░░  36%  Streaming frame 504/2481
  █████████░░░░░░░░░░░░░░░░  36%  Streaming frame 505/2481
  █████████░░░░░░░░░░░░░░░░  36%  Streaming frame 506/2481
  █████████░░░░░░░░░░░░░░░░  36%  Streaming frame 507/2481
  █████████░░░░░░░░░░░░░░░░  36%  Streaming frame 508/2481
  █████████░░░░░░░░░░░░░░░░  36%  Streaming frame 509/2481
  █████████░░░░░░░░░░░░░░░░  36%  Streaming frame 510/2481
  █████████░░░░░░░░░░░░░░░░  36%  Streaming frame 511/2481
  █████████░░░░░░░░░░░░░░░░  36%  Streaming frame 512/2481
  █████████░░░░░░░░░░░░░░░░  36%  Streaming frame 513/2481
  █████████░░░░░░░░░░░░░░░░  36%  Streaming frame 514/2481
  █████████░░░░░░░░░░░░░░░░  36%  Streaming frame 515/2481
  █████████░░░░░░░░░░░░░░░░  36%  Streaming frame 516/2481
  █████████░░░░░░░░░░░░░░░░  36%  Streaming frame 517/2481
  █████████░░░░░░░░░░░░░░░░  36%  Streaming frame 518/2481
  █████████░░░░░░░░░░░░░░░░  37%  Streaming frame 519/2481
  █████████░░░░░░░░░░░░░░░░  37%  Streaming frame 520/2481
  █████████░░░░░░░░░░░░░░░░  37%  Streaming frame 521/2481
  █████████░░░░░░░░░░░░░░░░  37%  Streaming frame 522/2481
  █████████░░░░░░░░░░░░░░░░  37%  Streaming frame 523/2481
  █████████░░░░░░░░░░░░░░░░  37%  Streaming frame 524/2481
  █████████░░░░░░░░░░░░░░░░  37%  Streaming frame 525/2481
  █████████░░░░░░░░░░░░░░░░  37%  Streaming frame 526/2481
  █████████░░░░░░░░░░░░░░░░  37%  Streaming frame 527/2481
  █████████░░░░░░░░░░░░░░░░  37%  Streaming frame 528/2481
  █████████░░░░░░░░░░░░░░░░  37%  Streaming frame 529/2481
  █████████░░░░░░░░░░░░░░░░  37%  Streaming frame 530/2481
  █████████░░░░░░░░░░░░░░░░  37%  Streaming frame 531/2481
  █████████░░░░░░░░░░░░░░░░  37%  Streaming frame 532/2481
  █████████░░░░░░░░░░░░░░░░  37%  Streaming frame 533/2481
  █████████░░░░░░░░░░░░░░░░  37%  Streaming frame 534/2481
  █████████░░░░░░░░░░░░░░░░  37%  Streaming frame 535/2481
  █████████░░░░░░░░░░░░░░░░  37%  Streaming frame 536/2481
  █████████░░░░░░░░░░░░░░░░  37%  Streaming frame 537/2481
  █████████░░░░░░░░░░░░░░░░  37%  Streaming frame 538/2481
  █████████░░░░░░░░░░░░░░░░  37%  Streaming frame 539/2481
  █████████░░░░░░░░░░░░░░░░  37%  Streaming frame 540/2481
  █████████░░░░░░░░░░░░░░░░  37%  Streaming frame 541/2481
  █████████░░░░░░░░░░░░░░░░  37%  Streaming frame 542/2481
  █████████░░░░░░░░░░░░░░░░  37%  Streaming frame 543/2481
  █████████░░░░░░░░░░░░░░░░  37%  Streaming frame 544/2481
  █████████░░░░░░░░░░░░░░░░  37%  Streaming frame 545/2481
  █████████░░░░░░░░░░░░░░░░  37%  Streaming frame 546/2481
  █████████░░░░░░░░░░░░░░░░  37%  Streaming frame 547/2481
  █████████░░░░░░░░░░░░░░░░  37%  Streaming frame 548/2481
  █████████░░░░░░░░░░░░░░░░  37%  Streaming frame 549/2481
  █████████░░░░░░░░░░░░░░░░  37%  Streaming frame 550/2481
  █████████░░░░░░░░░░░░░░░░  37%  Streaming frame 551/2481
  █████████░░░░░░░░░░░░░░░░  37%  Streaming frame 552/2481
  █████████░░░░░░░░░░░░░░░░  37%  Streaming frame 553/2481
  █████████░░░░░░░░░░░░░░░░  37%  Streaming frame 554/2481
  █████████░░░░░░░░░░░░░░░░  37%  Streaming frame 555/2481
  █████████░░░░░░░░░░░░░░░░  37%  Streaming frame 556/2481
  █████████░░░░░░░░░░░░░░░░  37%  Streaming frame 557/2481
  █████████░░░░░░░░░░░░░░░░  37%  Streaming frame 558/2481
  █████████░░░░░░░░░░░░░░░░  37%  Streaming frame 559/2481
  █████████░░░░░░░░░░░░░░░░  37%  Streaming frame 560/2481
  █████████░░░░░░░░░░░░░░░░  37%  Streaming frame 561/2481
  █████████░░░░░░░░░░░░░░░░  37%  Streaming frame 562/2481
  █████████░░░░░░░░░░░░░░░░  37%  Streaming frame 563/2481
  █████████░░░░░░░░░░░░░░░░  38%  Streaming frame 564/2481
  █████████░░░░░░░░░░░░░░░░  38%  Streaming frame 565/2481
  █████████░░░░░░░░░░░░░░░░  38%  Streaming frame 566/2481
  █████████░░░░░░░░░░░░░░░░  38%  Streaming frame 567/2481
  █████████░░░░░░░░░░░░░░░░  38%  Streaming frame 568/2481
  █████████░░░░░░░░░░░░░░░░  38%  Streaming frame 569/2481
  █████████░░░░░░░░░░░░░░░░  38%  Streaming frame 570/2481
  █████████░░░░░░░░░░░░░░░░  38%  Streaming frame 571/2481
  █████████░░░░░░░░░░░░░░░░  38%  Streaming frame 572/2481
  █████████░░░░░░░░░░░░░░░░  38%  Streaming frame 573/2481
  █████████░░░░░░░░░░░░░░░░  38%  Streaming frame 574/2481
  █████████░░░░░░░░░░░░░░░░  38%  Streaming frame 575/2481
  █████████░░░░░░░░░░░░░░░░  38%  Streaming frame 576/2481
  █████████░░░░░░░░░░░░░░░░  38%  Streaming frame 577/2481
  █████████░░░░░░░░░░░░░░░░  38%  Streaming frame 578/2481
  █████████░░░░░░░░░░░░░░░░  38%  Streaming frame 579/2481
  █████████░░░░░░░░░░░░░░░░  38%  Streaming frame 580/2481
  █████████░░░░░░░░░░░░░░░░  38%  Streaming frame 581/2481
  █████████░░░░░░░░░░░░░░░░  38%  Streaming frame 582/2481
  █████████░░░░░░░░░░░░░░░░  38%  Streaming frame 583/2481
  █████████░░░░░░░░░░░░░░░░  38%  Streaming frame 584/2481
  █████████░░░░░░░░░░░░░░░░  38%  Streaming frame 585/2481
  █████████░░░░░░░░░░░░░░░░  38%  Streaming frame 586/2481
  █████████░░░░░░░░░░░░░░░░  38%  Streaming frame 587/2481
  █████████░░░░░░░░░░░░░░░░  38%  Streaming frame 588/2481
  █████████░░░░░░░░░░░░░░░░  38%  Streaming frame 589/2481
  █████████░░░░░░░░░░░░░░░░  38%  Streaming frame 590/2481
  █████████░░░░░░░░░░░░░░░░  38%  Streaming frame 591/2481
  █████████░░░░░░░░░░░░░░░░  38%  Streaming frame 592/2481
  █████████░░░░░░░░░░░░░░░░  38%  Streaming frame 593/2481
  █████████░░░░░░░░░░░░░░░░  38%  Streaming frame 594/2481
  █████████░░░░░░░░░░░░░░░░  38%  Streaming frame 595/2481
  █████████░░░░░░░░░░░░░░░░  38%  Streaming frame 596/2481
  █████████░░░░░░░░░░░░░░░░  38%  Streaming frame 597/2481
  █████████░░░░░░░░░░░░░░░░  38%  Streaming frame 598/2481
  █████████░░░░░░░░░░░░░░░░  38%  Streaming frame 599/2481
  █████████░░░░░░░░░░░░░░░░  38%  Streaming frame 600/2481
  █████████░░░░░░░░░░░░░░░░  38%  Streaming frame 601/2481
  █████████░░░░░░░░░░░░░░░░  38%  Streaming frame 602/2481
  █████████░░░░░░░░░░░░░░░░  38%  Streaming frame 603/2481
  █████████░░░░░░░░░░░░░░░░  38%  Streaming frame 604/2481
  █████████░░░░░░░░░░░░░░░░  38%  Streaming frame 605/2481
  █████████░░░░░░░░░░░░░░░░  38%  Streaming frame 606/2481
  █████████░░░░░░░░░░░░░░░░  38%  Streaming frame 607/2481
  █████████░░░░░░░░░░░░░░░░  38%  Streaming frame 608/2481
  █████████░░░░░░░░░░░░░░░░  39%  Streaming frame 609/2481
  █████████░░░░░░░░░░░░░░░░  39%  Streaming frame 610/2481
  █████████░░░░░░░░░░░░░░░░  39%  Streaming frame 611/2481
  █████████░░░░░░░░░░░░░░░░  39%  Streaming frame 612/2481
  █████████░░░░░░░░░░░░░░░░  39%  Streaming frame 613/2481
  █████████░░░░░░░░░░░░░░░░  39%  Streaming frame 614/2481
  █████████░░░░░░░░░░░░░░░░  39%  Streaming frame 615/2481
  █████████░░░░░░░░░░░░░░░░  39%  Streaming frame 616/2481
  █████████░░░░░░░░░░░░░░░░  39%  Streaming frame 617/2481
  █████████░░░░░░░░░░░░░░░░  39%  Streaming frame 618/2481
  █████████░░░░░░░░░░░░░░░░  39%  Streaming frame 619/2481
  █████████░░░░░░░░░░░░░░░░  39%  Streaming frame 620/2481
[INFO] [Render] drawElement self-verify passed {"renderJobId":"1f26c8c6-5680-4fbe-a384-33ee200c8379","frame":620,"psnrDb":"inf"}
  █████████░░░░░░░░░░░░░░░░  39%  Streaming frame 621/2481
  █████████░░░░░░░░░░░░░░░░  39%  Streaming frame 622/2481
  █████████░░░░░░░░░░░░░░░░  39%  Streaming frame 623/2481
  █████████░░░░░░░░░░░░░░░░  39%  Streaming frame 624/2481
  █████████░░░░░░░░░░░░░░░░  39%  Streaming frame 625/2481
  █████████░░░░░░░░░░░░░░░░  39%  Streaming frame 626/2481
  █████████░░░░░░░░░░░░░░░░  39%  Streaming frame 627/2481
  █████████░░░░░░░░░░░░░░░░  39%  Streaming frame 628/2481
  █████████░░░░░░░░░░░░░░░░  39%  Streaming frame 629/2481
  █████████░░░░░░░░░░░░░░░░  39%  Streaming frame 630/2481
  █████████░░░░░░░░░░░░░░░░  39%  Streaming frame 631/2481
  █████████░░░░░░░░░░░░░░░░  39%  Streaming frame 632/2481
  █████████░░░░░░░░░░░░░░░░  39%  Streaming frame 633/2481
  █████████░░░░░░░░░░░░░░░░  39%  Streaming frame 634/2481
  █████████░░░░░░░░░░░░░░░░  39%  Streaming frame 635/2481
  █████████░░░░░░░░░░░░░░░░  39%  Streaming frame 636/2481
  █████████░░░░░░░░░░░░░░░░  39%  Streaming frame 637/2481
  █████████░░░░░░░░░░░░░░░░  39%  Streaming frame 638/2481
  █████████░░░░░░░░░░░░░░░░  39%  Streaming frame 639/2481
  █████████░░░░░░░░░░░░░░░░  39%  Streaming frame 640/2481
  █████████░░░░░░░░░░░░░░░░  39%  Streaming frame 641/2481
  █████████░░░░░░░░░░░░░░░░  39%  Streaming frame 642/2481
  █████████░░░░░░░░░░░░░░░░  39%  Streaming frame 643/2481
  █████████░░░░░░░░░░░░░░░░  39%  Streaming frame 644/2481
  █████████░░░░░░░░░░░░░░░░  39%  Streaming frame 645/2481
  █████████░░░░░░░░░░░░░░░░  39%  Streaming frame 646/2481
  █████████░░░░░░░░░░░░░░░░  39%  Streaming frame 647/2481
  █████████░░░░░░░░░░░░░░░░  39%  Streaming frame 648/2481
  █████████░░░░░░░░░░░░░░░░  39%  Streaming frame 649/2481
  █████████░░░░░░░░░░░░░░░░  39%  Streaming frame 650/2481
  █████████░░░░░░░░░░░░░░░░  39%  Streaming frame 651/2481
  █████████░░░░░░░░░░░░░░░░  39%  Streaming frame 652/2481
  █████████░░░░░░░░░░░░░░░░  39%  Streaming frame 653/2481
  █████████░░░░░░░░░░░░░░░░  39%  Streaming frame 654/2481
  ██████████░░░░░░░░░░░░░░░  40%  Streaming frame 655/2481
  ██████████░░░░░░░░░░░░░░░  40%  Streaming frame 656/2481
  ██████████░░░░░░░░░░░░░░░  40%  Streaming frame 657/2481
  ██████████░░░░░░░░░░░░░░░  40%  Streaming frame 658/2481
  ██████████░░░░░░░░░░░░░░░  40%  Streaming frame 659/2481
  ██████████░░░░░░░░░░░░░░░  40%  Streaming frame 660/2481
  ██████████░░░░░░░░░░░░░░░  40%  Streaming frame 661/2481
  ██████████░░░░░░░░░░░░░░░  40%  Streaming frame 662/2481
  ██████████░░░░░░░░░░░░░░░  40%  Streaming frame 663/2481
  ██████████░░░░░░░░░░░░░░░  40%  Streaming frame 664/2481
  ██████████░░░░░░░░░░░░░░░  40%  Streaming frame 665/2481
  ██████████░░░░░░░░░░░░░░░  40%  Streaming frame 666/2481
  ██████████░░░░░░░░░░░░░░░  40%  Streaming frame 667/2481
  ██████████░░░░░░░░░░░░░░░  40%  Streaming frame 668/2481
  ██████████░░░░░░░░░░░░░░░  40%  Streaming frame 669/2481
  ██████████░░░░░░░░░░░░░░░  40%  Streaming frame 670/2481
  ██████████░░░░░░░░░░░░░░░  40%  Streaming frame 671/2481
  ██████████░░░░░░░░░░░░░░░  40%  Streaming frame 672/2481
  ██████████░░░░░░░░░░░░░░░  40%  Streaming frame 673/2481
  ██████████░░░░░░░░░░░░░░░  40%  Streaming frame 674/2481
  ██████████░░░░░░░░░░░░░░░  40%  Streaming frame 675/2481
  ██████████░░░░░░░░░░░░░░░  40%  Streaming frame 676/2481
  ██████████░░░░░░░░░░░░░░░  40%  Streaming frame 677/2481
  ██████████░░░░░░░░░░░░░░░  40%  Streaming frame 678/2481
  ██████████░░░░░░░░░░░░░░░  40%  Streaming frame 679/2481
  ██████████░░░░░░░░░░░░░░░  40%  Streaming frame 680/2481
  ██████████░░░░░░░░░░░░░░░  40%  Streaming frame 681/2481
  ██████████░░░░░░░░░░░░░░░  40%  Streaming frame 682/2481
  ██████████░░░░░░░░░░░░░░░  40%  Streaming frame 683/2481
  ██████████░░░░░░░░░░░░░░░  40%  Streaming frame 684/2481
  ██████████░░░░░░░░░░░░░░░  40%  Streaming frame 685/2481
  ██████████░░░░░░░░░░░░░░░  40%  Streaming frame 686/2481
  ██████████░░░░░░░░░░░░░░░  40%  Streaming frame 687/2481
  ██████████░░░░░░░░░░░░░░░  40%  Streaming frame 688/2481
  ██████████░░░░░░░░░░░░░░░  40%  Streaming frame 689/2481
  ██████████░░░░░░░░░░░░░░░  40%  Streaming frame 690/2481
  ██████████░░░░░░░░░░░░░░░  40%  Streaming frame 691/2481
  ██████████░░░░░░░░░░░░░░░  40%  Streaming frame 692/2481
  ██████████░░░░░░░░░░░░░░░  40%  Streaming frame 693/2481
  ██████████░░░░░░░░░░░░░░░  40%  Streaming frame 694/2481
  ██████████░░░░░░░░░░░░░░░  40%  Streaming frame 695/2481
  ██████████░░░░░░░░░░░░░░░  40%  Streaming frame 696/2481
  ██████████░░░░░░░░░░░░░░░  40%  Streaming frame 697/2481
  ██████████░░░░░░░░░░░░░░░  40%  Streaming frame 698/2481
  ██████████░░░░░░░░░░░░░░░  40%  Streaming frame 699/2481
  ██████████░░░░░░░░░░░░░░░  41%  Streaming frame 700/2481
  ██████████░░░░░░░░░░░░░░░  41%  Streaming frame 701/2481
  ██████████░░░░░░░░░░░░░░░  41%  Streaming frame 702/2481
  ██████████░░░░░░░░░░░░░░░  41%  Streaming frame 703/2481
  ██████████░░░░░░░░░░░░░░░  41%  Streaming frame 704/2481
  ██████████░░░░░░░░░░░░░░░  41%  Streaming frame 705/2481
  ██████████░░░░░░░░░░░░░░░  41%  Streaming frame 706/2481
  ██████████░░░░░░░░░░░░░░░  41%  Streaming frame 707/2481
  ██████████░░░░░░░░░░░░░░░  41%  Streaming frame 708/2481
  ██████████░░░░░░░░░░░░░░░  41%  Streaming frame 709/2481
  ██████████░░░░░░░░░░░░░░░  41%  Streaming frame 710/2481
  ██████████░░░░░░░░░░░░░░░  41%  Streaming frame 711/2481
  ██████████░░░░░░░░░░░░░░░  41%  Streaming frame 712/2481
  ██████████░░░░░░░░░░░░░░░  41%  Streaming frame 713/2481
  ██████████░░░░░░░░░░░░░░░  41%  Streaming frame 714/2481
  ██████████░░░░░░░░░░░░░░░  41%  Streaming frame 715/2481
  ██████████░░░░░░░░░░░░░░░  41%  Streaming frame 716/2481
  ██████████░░░░░░░░░░░░░░░  41%  Streaming frame 717/2481
  ██████████░░░░░░░░░░░░░░░  41%  Streaming frame 718/2481
  ██████████░░░░░░░░░░░░░░░  41%  Streaming frame 719/2481
  ██████████░░░░░░░░░░░░░░░  41%  Streaming frame 720/2481
  ██████████░░░░░░░░░░░░░░░  41%  Streaming frame 721/2481
  ██████████░░░░░░░░░░░░░░░  41%  Streaming frame 722/2481
  ██████████░░░░░░░░░░░░░░░  41%  Streaming frame 723/2481
  ██████████░░░░░░░░░░░░░░░  41%  Streaming frame 724/2481
  ██████████░░░░░░░░░░░░░░░  41%  Streaming frame 725/2481
  ██████████░░░░░░░░░░░░░░░  41%  Streaming frame 726/2481
  ██████████░░░░░░░░░░░░░░░  41%  Streaming frame 727/2481
  ██████████░░░░░░░░░░░░░░░  41%  Streaming frame 728/2481
  ██████████░░░░░░░░░░░░░░░  41%  Streaming frame 729/2481
  ██████████░░░░░░░░░░░░░░░  41%  Streaming frame 730/2481
  ██████████░░░░░░░░░░░░░░░  41%  Streaming frame 731/2481
  ██████████░░░░░░░░░░░░░░░  41%  Streaming frame 732/2481
  ██████████░░░░░░░░░░░░░░░  41%  Streaming frame 733/2481
  ██████████░░░░░░░░░░░░░░░  41%  Streaming frame 734/2481
  ██████████░░░░░░░░░░░░░░░  41%  Streaming frame 735/2481
  ██████████░░░░░░░░░░░░░░░  41%  Streaming frame 736/2481
  ██████████░░░░░░░░░░░░░░░  41%  Streaming frame 737/2481
  ██████████░░░░░░░░░░░░░░░  41%  Streaming frame 738/2481
  ██████████░░░░░░░░░░░░░░░  41%  Streaming frame 739/2481
  ██████████░░░░░░░░░░░░░░░  41%  Streaming frame 740/2481
  ██████████░░░░░░░░░░░░░░░  41%  Streaming frame 741/2481
  ██████████░░░░░░░░░░░░░░░  41%  Streaming frame 742/2481
  ██████████░░░░░░░░░░░░░░░  41%  Streaming frame 743/2481
  ██████████░░░░░░░░░░░░░░░  41%  Streaming frame 744/2481
  ██████████░░░░░░░░░░░░░░░  42%  Streaming frame 745/2481
  ██████████░░░░░░░░░░░░░░░  42%  Streaming frame 746/2481
  ██████████░░░░░░░░░░░░░░░  42%  Streaming frame 747/2481
  ██████████░░░░░░░░░░░░░░░  42%  Streaming frame 748/2481
  ██████████░░░░░░░░░░░░░░░  42%  Streaming frame 749/2481
  ██████████░░░░░░░░░░░░░░░  42%  Streaming frame 750/2481
  ██████████░░░░░░░░░░░░░░░  42%  Streaming frame 751/2481
  ██████████░░░░░░░░░░░░░░░  42%  Streaming frame 752/2481
  ██████████░░░░░░░░░░░░░░░  42%  Streaming frame 753/2481
  ██████████░░░░░░░░░░░░░░░  42%  Streaming frame 754/2481
  ██████████░░░░░░░░░░░░░░░  42%  Streaming frame 755/2481
  ██████████░░░░░░░░░░░░░░░  42%  Streaming frame 756/2481
  ██████████░░░░░░░░░░░░░░░  42%  Streaming frame 757/2481
  ██████████░░░░░░░░░░░░░░░  42%  Streaming frame 758/2481
  ██████████░░░░░░░░░░░░░░░  42%  Streaming frame 759/2481
  ██████████░░░░░░░░░░░░░░░  42%  Streaming frame 760/2481
  ██████████░░░░░░░░░░░░░░░  42%  Streaming frame 761/2481
  ██████████░░░░░░░░░░░░░░░  42%  Streaming frame 762/2481
  ██████████░░░░░░░░░░░░░░░  42%  Streaming frame 763/2481
  ██████████░░░░░░░░░░░░░░░  42%  Streaming frame 764/2481
  ██████████░░░░░░░░░░░░░░░  42%  Streaming frame 765/2481
  ██████████░░░░░░░░░░░░░░░  42%  Streaming frame 766/2481
  ██████████░░░░░░░░░░░░░░░  42%  Streaming frame 767/2481
  ██████████░░░░░░░░░░░░░░░  42%  Streaming frame 768/2481
  ██████████░░░░░░░░░░░░░░░  42%  Streaming frame 769/2481
  ██████████░░░░░░░░░░░░░░░  42%  Streaming frame 770/2481
  ██████████░░░░░░░░░░░░░░░  42%  Streaming frame 771/2481
  ██████████░░░░░░░░░░░░░░░  42%  Streaming frame 772/2481
  ██████████░░░░░░░░░░░░░░░  42%  Streaming frame 773/2481
  ██████████░░░░░░░░░░░░░░░  42%  Streaming frame 774/2481
  ██████████░░░░░░░░░░░░░░░  42%  Streaming frame 775/2481
  ██████████░░░░░░░░░░░░░░░  42%  Streaming frame 776/2481
  ██████████░░░░░░░░░░░░░░░  42%  Streaming frame 777/2481
  ██████████░░░░░░░░░░░░░░░  42%  Streaming frame 778/2481
  ██████████░░░░░░░░░░░░░░░  42%  Streaming frame 779/2481
  ██████████░░░░░░░░░░░░░░░  42%  Streaming frame 780/2481
  ██████████░░░░░░░░░░░░░░░  42%  Streaming frame 781/2481
  ██████████░░░░░░░░░░░░░░░  42%  Streaming frame 782/2481
  ██████████░░░░░░░░░░░░░░░  42%  Streaming frame 783/2481
  ██████████░░░░░░░░░░░░░░░  42%  Streaming frame 784/2481
  ██████████░░░░░░░░░░░░░░░  42%  Streaming frame 785/2481
  ██████████░░░░░░░░░░░░░░░  42%  Streaming frame 786/2481
  ██████████░░░░░░░░░░░░░░░  42%  Streaming frame 787/2481
  ██████████░░░░░░░░░░░░░░░  42%  Streaming frame 788/2481
  ██████████░░░░░░░░░░░░░░░  42%  Streaming frame 789/2481
  ██████████░░░░░░░░░░░░░░░  43%  Streaming frame 790/2481
  ██████████░░░░░░░░░░░░░░░  43%  Streaming frame 791/2481
  ██████████░░░░░░░░░░░░░░░  43%  Streaming frame 792/2481
  ██████████░░░░░░░░░░░░░░░  43%  Streaming frame 793/2481
  ██████████░░░░░░░░░░░░░░░  43%  Streaming frame 794/2481
  ██████████░░░░░░░░░░░░░░░  43%  Streaming frame 795/2481
  ██████████░░░░░░░░░░░░░░░  43%  Streaming frame 796/2481
  ██████████░░░░░░░░░░░░░░░  43%  Streaming frame 797/2481
  ██████████░░░░░░░░░░░░░░░  43%  Streaming frame 798/2481
  ██████████░░░░░░░░░░░░░░░  43%  Streaming frame 799/2481
  ██████████░░░░░░░░░░░░░░░  43%  Streaming frame 800/2481
  ██████████░░░░░░░░░░░░░░░  43%  Streaming frame 801/2481
  ██████████░░░░░░░░░░░░░░░  43%  Streaming frame 802/2481
  ██████████░░░░░░░░░░░░░░░  43%  Streaming frame 803/2481
  ██████████░░░░░░░░░░░░░░░  43%  Streaming frame 804/2481
  ██████████░░░░░░░░░░░░░░░  43%  Streaming frame 805/2481
  ██████████░░░░░░░░░░░░░░░  43%  Streaming frame 806/2481
  ██████████░░░░░░░░░░░░░░░  43%  Streaming frame 807/2481
  ██████████░░░░░░░░░░░░░░░  43%  Streaming frame 808/2481
  ██████████░░░░░░░░░░░░░░░  43%  Streaming frame 809/2481
  ██████████░░░░░░░░░░░░░░░  43%  Streaming frame 810/2481
  ██████████░░░░░░░░░░░░░░░  43%  Streaming frame 811/2481
  ██████████░░░░░░░░░░░░░░░  43%  Streaming frame 812/2481
  ██████████░░░░░░░░░░░░░░░  43%  Streaming frame 813/2481
  ██████████░░░░░░░░░░░░░░░  43%  Streaming frame 814/2481
  ██████████░░░░░░░░░░░░░░░  43%  Streaming frame 815/2481
  ██████████░░░░░░░░░░░░░░░  43%  Streaming frame 816/2481
  ██████████░░░░░░░░░░░░░░░  43%  Streaming frame 817/2481
  ██████████░░░░░░░░░░░░░░░  43%  Streaming frame 818/2481
  ██████████░░░░░░░░░░░░░░░  43%  Streaming frame 819/2481
  ██████████░░░░░░░░░░░░░░░  43%  Streaming frame 820/2481
  ██████████░░░░░░░░░░░░░░░  43%  Streaming frame 821/2481
  ██████████░░░░░░░░░░░░░░░  43%  Streaming frame 822/2481
  ██████████░░░░░░░░░░░░░░░  43%  Streaming frame 823/2481
  ██████████░░░░░░░░░░░░░░░  43%  Streaming frame 824/2481
  ██████████░░░░░░░░░░░░░░░  43%  Streaming frame 825/2481
  ██████████░░░░░░░░░░░░░░░  43%  Streaming frame 826/2481
  ██████████░░░░░░░░░░░░░░░  43%  Streaming frame 827/2481
  ██████████░░░░░░░░░░░░░░░  43%  Streaming frame 828/2481
  ██████████░░░░░░░░░░░░░░░  43%  Streaming frame 829/2481
  ██████████░░░░░░░░░░░░░░░  43%  Streaming frame 830/2481
  ██████████░░░░░░░░░░░░░░░  43%  Streaming frame 831/2481
  ██████████░░░░░░░░░░░░░░░  43%  Streaming frame 832/2481
  ██████████░░░░░░░░░░░░░░░  43%  Streaming frame 833/2481
  ██████████░░░░░░░░░░░░░░░  43%  Streaming frame 834/2481
  ███████████░░░░░░░░░░░░░░  44%  Streaming frame 835/2481
  ███████████░░░░░░░░░░░░░░  44%  Streaming frame 836/2481
  ███████████░░░░░░░░░░░░░░  44%  Streaming frame 837/2481
  ███████████░░░░░░░░░░░░░░  44%  Streaming frame 838/2481
  ███████████░░░░░░░░░░░░░░  44%  Streaming frame 839/2481
  ███████████░░░░░░░░░░░░░░  44%  Streaming frame 840/2481
  ███████████░░░░░░░░░░░░░░  44%  Streaming frame 841/2481
  ███████████░░░░░░░░░░░░░░  44%  Streaming frame 842/2481
  ███████████░░░░░░░░░░░░░░  44%  Streaming frame 843/2481
  ███████████░░░░░░░░░░░░░░  44%  Streaming frame 844/2481
  ███████████░░░░░░░░░░░░░░  44%  Streaming frame 845/2481
  ███████████░░░░░░░░░░░░░░  44%  Streaming frame 846/2481
  ███████████░░░░░░░░░░░░░░  44%  Streaming frame 847/2481
  ███████████░░░░░░░░░░░░░░  44%  Streaming frame 848/2481
  ███████████░░░░░░░░░░░░░░  44%  Streaming frame 849/2481
  ███████████░░░░░░░░░░░░░░  44%  Streaming frame 850/2481
  ███████████░░░░░░░░░░░░░░  44%  Streaming frame 851/2481
  ███████████░░░░░░░░░░░░░░  44%  Streaming frame 852/2481
  ███████████░░░░░░░░░░░░░░  44%  Streaming frame 853/2481
  ███████████░░░░░░░░░░░░░░  44%  Streaming frame 854/2481
  ███████████░░░░░░░░░░░░░░  44%  Streaming frame 855/2481
  ███████████░░░░░░░░░░░░░░  44%  Streaming frame 856/2481
  ███████████░░░░░░░░░░░░░░  44%  Streaming frame 857/2481
  ███████████░░░░░░░░░░░░░░  44%  Streaming frame 858/2481
  ███████████░░░░░░░░░░░░░░  44%  Streaming frame 859/2481
  ███████████░░░░░░░░░░░░░░  44%  Streaming frame 860/2481
  ███████████░░░░░░░░░░░░░░  44%  Streaming frame 861/2481
  ███████████░░░░░░░░░░░░░░  44%  Streaming frame 862/2481
  ███████████░░░░░░░░░░░░░░  44%  Streaming frame 863/2481
  ███████████░░░░░░░░░░░░░░  44%  Streaming frame 864/2481
  ███████████░░░░░░░░░░░░░░  44%  Streaming frame 865/2481
  ███████████░░░░░░░░░░░░░░  44%  Streaming frame 866/2481
  ███████████░░░░░░░░░░░░░░  44%  Streaming frame 867/2481
  ███████████░░░░░░░░░░░░░░  44%  Streaming frame 868/2481
  ███████████░░░░░░░░░░░░░░  44%  Streaming frame 869/2481
  ███████████░░░░░░░░░░░░░░  44%  Streaming frame 870/2481
  ███████████░░░░░░░░░░░░░░  44%  Streaming frame 871/2481
  ███████████░░░░░░░░░░░░░░  44%  Streaming frame 872/2481
  ███████████░░░░░░░░░░░░░░  44%  Streaming frame 873/2481
  ███████████░░░░░░░░░░░░░░  44%  Streaming frame 874/2481
  ███████████░░░░░░░░░░░░░░  44%  Streaming frame 875/2481
  ███████████░░░░░░░░░░░░░░  44%  Streaming frame 876/2481
  ███████████░░░░░░░░░░░░░░  44%  Streaming frame 877/2481
  ███████████░░░░░░░░░░░░░░  44%  Streaming frame 878/2481
  ███████████░░░░░░░░░░░░░░  44%  Streaming frame 879/2481
  ███████████░░░░░░░░░░░░░░  45%  Streaming frame 880/2481
  ███████████░░░░░░░░░░░░░░  45%  Streaming frame 881/2481
  ███████████░░░░░░░░░░░░░░  45%  Streaming frame 882/2481
  ███████████░░░░░░░░░░░░░░  45%  Streaming frame 883/2481
  ███████████░░░░░░░░░░░░░░  45%  Streaming frame 884/2481
  ███████████░░░░░░░░░░░░░░  45%  Streaming frame 885/2481
  ███████████░░░░░░░░░░░░░░  45%  Streaming frame 886/2481
  ███████████░░░░░░░░░░░░░░  45%  Streaming frame 887/2481
  ███████████░░░░░░░░░░░░░░  45%  Streaming frame 888/2481
  ███████████░░░░░░░░░░░░░░  45%  Streaming frame 889/2481
  ███████████░░░░░░░░░░░░░░  45%  Streaming frame 890/2481
  ███████████░░░░░░░░░░░░░░  45%  Streaming frame 891/2481
  ███████████░░░░░░░░░░░░░░  45%  Streaming frame 892/2481
  ███████████░░░░░░░░░░░░░░  45%  Streaming frame 893/2481
  ███████████░░░░░░░░░░░░░░  45%  Streaming frame 894/2481
  ███████████░░░░░░░░░░░░░░  45%  Streaming frame 895/2481
  ███████████░░░░░░░░░░░░░░  45%  Streaming frame 896/2481
  ███████████░░░░░░░░░░░░░░  45%  Streaming frame 897/2481
  ███████████░░░░░░░░░░░░░░  45%  Streaming frame 898/2481
  ███████████░░░░░░░░░░░░░░  45%  Streaming frame 899/2481
  ███████████░░░░░░░░░░░░░░  45%  Streaming frame 900/2481
  ███████████░░░░░░░░░░░░░░  45%  Streaming frame 901/2481
  ███████████░░░░░░░░░░░░░░  45%  Streaming frame 902/2481
  ███████████░░░░░░░░░░░░░░  45%  Streaming frame 903/2481
  ███████████░░░░░░░░░░░░░░  45%  Streaming frame 904/2481
  ███████████░░░░░░░░░░░░░░  45%  Streaming frame 905/2481
  ███████████░░░░░░░░░░░░░░  45%  Streaming frame 906/2481
  ███████████░░░░░░░░░░░░░░  45%  Streaming frame 907/2481
  ███████████░░░░░░░░░░░░░░  45%  Streaming frame 908/2481
  ███████████░░░░░░░░░░░░░░  45%  Streaming frame 909/2481
  ███████████░░░░░░░░░░░░░░  45%  Streaming frame 910/2481
  ███████████░░░░░░░░░░░░░░  45%  Streaming frame 911/2481
  ███████████░░░░░░░░░░░░░░  45%  Streaming frame 912/2481
  ███████████░░░░░░░░░░░░░░  45%  Streaming frame 913/2481
  ███████████░░░░░░░░░░░░░░  45%  Streaming frame 914/2481
  ███████████░░░░░░░░░░░░░░  45%  Streaming frame 915/2481
  ███████████░░░░░░░░░░░░░░  45%  Streaming frame 916/2481
  ███████████░░░░░░░░░░░░░░  45%  Streaming frame 917/2481
  ███████████░░░░░░░░░░░░░░  45%  Streaming frame 918/2481
  ███████████░░░░░░░░░░░░░░  45%  Streaming frame 919/2481
  ███████████░░░░░░░░░░░░░░  45%  Streaming frame 920/2481
  ███████████░░░░░░░░░░░░░░  45%  Streaming frame 921/2481
  ███████████░░░░░░░░░░░░░░  45%  Streaming frame 922/2481
  ███████████░░░░░░░░░░░░░░  45%  Streaming frame 923/2481
  ███████████░░░░░░░░░░░░░░  45%  Streaming frame 924/2481
  ███████████░░░░░░░░░░░░░░  46%  Streaming frame 925/2481
  ███████████░░░░░░░░░░░░░░  46%  Streaming frame 926/2481
  ███████████░░░░░░░░░░░░░░  46%  Streaming frame 927/2481
  ███████████░░░░░░░░░░░░░░  46%  Streaming frame 928/2481
  ███████████░░░░░░░░░░░░░░  46%  Streaming frame 929/2481
  ███████████░░░░░░░░░░░░░░  46%  Streaming frame 930/2481
  ███████████░░░░░░░░░░░░░░  46%  Streaming frame 931/2481
  ███████████░░░░░░░░░░░░░░  46%  Streaming frame 932/2481
  ███████████░░░░░░░░░░░░░░  46%  Streaming frame 933/2481
  ███████████░░░░░░░░░░░░░░  46%  Streaming frame 934/2481
  ███████████░░░░░░░░░░░░░░  46%  Streaming frame 935/2481
  ███████████░░░░░░░░░░░░░░  46%  Streaming frame 936/2481
  ███████████░░░░░░░░░░░░░░  46%  Streaming frame 937/2481
  ███████████░░░░░░░░░░░░░░  46%  Streaming frame 938/2481
  ███████████░░░░░░░░░░░░░░  46%  Streaming frame 939/2481
  ███████████░░░░░░░░░░░░░░  46%  Streaming frame 940/2481
  ███████████░░░░░░░░░░░░░░  46%  Streaming frame 941/2481
  ███████████░░░░░░░░░░░░░░  46%  Streaming frame 942/2481
  ███████████░░░░░░░░░░░░░░  46%  Streaming frame 943/2481
  ███████████░░░░░░░░░░░░░░  46%  Streaming frame 944/2481
  ███████████░░░░░░░░░░░░░░  46%  Streaming frame 945/2481
  ███████████░░░░░░░░░░░░░░  46%  Streaming frame 946/2481
  ███████████░░░░░░░░░░░░░░  46%  Streaming frame 947/2481
  ███████████░░░░░░░░░░░░░░  46%  Streaming frame 948/2481
  ███████████░░░░░░░░░░░░░░  46%  Streaming frame 949/2481
  ███████████░░░░░░░░░░░░░░  46%  Streaming frame 950/2481
  ███████████░░░░░░░░░░░░░░  46%  Streaming frame 951/2481
  ███████████░░░░░░░░░░░░░░  46%  Streaming frame 952/2481
  ███████████░░░░░░░░░░░░░░  46%  Streaming frame 953/2481
  ███████████░░░░░░░░░░░░░░  46%  Streaming frame 954/2481
  ███████████░░░░░░░░░░░░░░  46%  Streaming frame 955/2481
  ███████████░░░░░░░░░░░░░░  46%  Streaming frame 956/2481
  ███████████░░░░░░░░░░░░░░  46%  Streaming frame 957/2481
  ███████████░░░░░░░░░░░░░░  46%  Streaming frame 958/2481
  ███████████░░░░░░░░░░░░░░  46%  Streaming frame 959/2481
  ███████████░░░░░░░░░░░░░░  46%  Streaming frame 960/2481
  ███████████░░░░░░░░░░░░░░  46%  Streaming frame 961/2481
  ███████████░░░░░░░░░░░░░░  46%  Streaming frame 962/2481
  ███████████░░░░░░░░░░░░░░  46%  Streaming frame 963/2481
  ███████████░░░░░░░░░░░░░░  46%  Streaming frame 964/2481
  ███████████░░░░░░░░░░░░░░  46%  Streaming frame 965/2481
  ███████████░░░░░░░░░░░░░░  46%  Streaming frame 966/2481
  ███████████░░░░░░░░░░░░░░  46%  Streaming frame 967/2481
  ███████████░░░░░░░░░░░░░░  46%  Streaming frame 968/2481
  ███████████░░░░░░░░░░░░░░  46%  Streaming frame 969/2481
  ███████████░░░░░░░░░░░░░░  47%  Streaming frame 970/2481
  ███████████░░░░░░░░░░░░░░  47%  Streaming frame 971/2481
  ███████████░░░░░░░░░░░░░░  47%  Streaming frame 972/2481
  ███████████░░░░░░░░░░░░░░  47%  Streaming frame 973/2481
  ███████████░░░░░░░░░░░░░░  47%  Streaming frame 974/2481
  ███████████░░░░░░░░░░░░░░  47%  Streaming frame 975/2481
  ███████████░░░░░░░░░░░░░░  47%  Streaming frame 976/2481
  ███████████░░░░░░░░░░░░░░  47%  Streaming frame 977/2481
  ███████████░░░░░░░░░░░░░░  47%  Streaming frame 978/2481
  ███████████░░░░░░░░░░░░░░  47%  Streaming frame 979/2481
  ███████████░░░░░░░░░░░░░░  47%  Streaming frame 980/2481
  ███████████░░░░░░░░░░░░░░  47%  Streaming frame 981/2481
  ███████████░░░░░░░░░░░░░░  47%  Streaming frame 982/2481
  ███████████░░░░░░░░░░░░░░  47%  Streaming frame 983/2481
  ███████████░░░░░░░░░░░░░░  47%  Streaming frame 984/2481
  ███████████░░░░░░░░░░░░░░  47%  Streaming frame 985/2481
  ███████████░░░░░░░░░░░░░░  47%  Streaming frame 986/2481
  ███████████░░░░░░░░░░░░░░  47%  Streaming frame 987/2481
  ███████████░░░░░░░░░░░░░░  47%  Streaming frame 988/2481
  ███████████░░░░░░░░░░░░░░  47%  Streaming frame 989/2481
  ███████████░░░░░░░░░░░░░░  47%  Streaming frame 990/2481
  ███████████░░░░░░░░░░░░░░  47%  Streaming frame 991/2481
  ███████████░░░░░░░░░░░░░░  47%  Streaming frame 992/2481
  ███████████░░░░░░░░░░░░░░  47%  Streaming frame 993/2481
  ███████████░░░░░░░░░░░░░░  47%  Streaming frame 994/2481
  ███████████░░░░░░░░░░░░░░  47%  Streaming frame 995/2481
  ███████████░░░░░░░░░░░░░░  47%  Streaming frame 996/2481
  ███████████░░░░░░░░░░░░░░  47%  Streaming frame 997/2481
  ███████████░░░░░░░░░░░░░░  47%  Streaming frame 998/2481
  ███████████░░░░░░░░░░░░░░  47%  Streaming frame 999/2481
  ███████████░░░░░░░░░░░░░░  47%  Streaming frame 1000/2481
  ███████████░░░░░░░░░░░░░░  47%  Streaming frame 1001/2481
  ███████████░░░░░░░░░░░░░░  47%  Streaming frame 1002/2481
  ███████████░░░░░░░░░░░░░░  47%  Streaming frame 1003/2481
  ███████████░░░░░░░░░░░░░░  47%  Streaming frame 1004/2481
  ███████████░░░░░░░░░░░░░░  47%  Streaming frame 1005/2481
  ███████████░░░░░░░░░░░░░░  47%  Streaming frame 1006/2481
  ███████████░░░░░░░░░░░░░░  47%  Streaming frame 1007/2481
  ███████████░░░░░░░░░░░░░░  47%  Streaming frame 1008/2481
  ███████████░░░░░░░░░░░░░░  47%  Streaming frame 1009/2481
  ███████████░░░░░░░░░░░░░░  47%  Streaming frame 1010/2481
  ███████████░░░░░░░░░░░░░░  47%  Streaming frame 1011/2481
  ███████████░░░░░░░░░░░░░░  47%  Streaming frame 1012/2481
  ███████████░░░░░░░░░░░░░░  47%  Streaming frame 1013/2481
  ███████████░░░░░░░░░░░░░░  47%  Streaming frame 1014/2481
  ████████████░░░░░░░░░░░░░  48%  Streaming frame 1015/2481
  ████████████░░░░░░░░░░░░░  48%  Streaming frame 1016/2481
  ████████████░░░░░░░░░░░░░  48%  Streaming frame 1017/2481
  ████████████░░░░░░░░░░░░░  48%  Streaming frame 1018/2481
  ████████████░░░░░░░░░░░░░  48%  Streaming frame 1019/2481
  ████████████░░░░░░░░░░░░░  48%  Streaming frame 1020/2481
  ████████████░░░░░░░░░░░░░  48%  Streaming frame 1021/2481
  ████████████░░░░░░░░░░░░░  48%  Streaming frame 1022/2481
  ████████████░░░░░░░░░░░░░  48%  Streaming frame 1023/2481
  ████████████░░░░░░░░░░░░░  48%  Streaming frame 1024/2481
  ████████████░░░░░░░░░░░░░  48%  Streaming frame 1025/2481
  ████████████░░░░░░░░░░░░░  48%  Streaming frame 1026/2481
  ████████████░░░░░░░░░░░░░  48%  Streaming frame 1027/2481
  ████████████░░░░░░░░░░░░░  48%  Streaming frame 1028/2481
  ████████████░░░░░░░░░░░░░  48%  Streaming frame 1029/2481
  ████████████░░░░░░░░░░░░░  48%  Streaming frame 1030/2481
  ████████████░░░░░░░░░░░░░  48%  Streaming frame 1031/2481
  ████████████░░░░░░░░░░░░░  48%  Streaming frame 1032/2481
  ████████████░░░░░░░░░░░░░  48%  Streaming frame 1033/2481
  ████████████░░░░░░░░░░░░░  48%  Streaming frame 1034/2481
  ████████████░░░░░░░░░░░░░  48%  Streaming frame 1035/2481
  ████████████░░░░░░░░░░░░░  48%  Streaming frame 1036/2481
  ████████████░░░░░░░░░░░░░  48%  Streaming frame 1037/2481
  ████████████░░░░░░░░░░░░░  48%  Streaming frame 1038/2481
  ████████████░░░░░░░░░░░░░  48%  Streaming frame 1039/2481
  ████████████░░░░░░░░░░░░░  48%  Streaming frame 1040/2481
  ████████████░░░░░░░░░░░░░  48%  Streaming frame 1041/2481
  ████████████░░░░░░░░░░░░░  48%  Streaming frame 1042/2481
  ████████████░░░░░░░░░░░░░  48%  Streaming frame 1043/2481
  ████████████░░░░░░░░░░░░░  48%  Streaming frame 1044/2481
  ████████████░░░░░░░░░░░░░  48%  Streaming frame 1045/2481
  ████████████░░░░░░░░░░░░░  48%  Streaming frame 1046/2481
  ████████████░░░░░░░░░░░░░  48%  Streaming frame 1047/2481
  ████████████░░░░░░░░░░░░░  48%  Streaming frame 1048/2481
  ████████████░░░░░░░░░░░░░  48%  Streaming frame 1049/2481
  ████████████░░░░░░░░░░░░░  48%  Streaming frame 1050/2481
  ████████████░░░░░░░░░░░░░  48%  Streaming frame 1051/2481
  ████████████░░░░░░░░░░░░░  48%  Streaming frame 1052/2481
  ████████████░░░░░░░░░░░░░  48%  Streaming frame 1053/2481
  ████████████░░░░░░░░░░░░░  48%  Streaming frame 1054/2481
  ████████████░░░░░░░░░░░░░  48%  Streaming frame 1055/2481
  ████████████░░░░░░░░░░░░░  48%  Streaming frame 1056/2481
  ████████████░░░░░░░░░░░░░  48%  Streaming frame 1057/2481
  ████████████░░░░░░░░░░░░░  48%  Streaming frame 1058/2481
  ████████████░░░░░░░░░░░░░  48%  Streaming frame 1059/2481
  ████████████░░░░░░░░░░░░░  48%  Streaming frame 1060/2481
  ████████████░░░░░░░░░░░░░  49%  Streaming frame 1061/2481
  ████████████░░░░░░░░░░░░░  49%  Streaming frame 1062/2481
  ████████████░░░░░░░░░░░░░  49%  Streaming frame 1063/2481
  ████████████░░░░░░░░░░░░░  49%  Streaming frame 1064/2481
  ████████████░░░░░░░░░░░░░  49%  Streaming frame 1065/2481
  ████████████░░░░░░░░░░░░░  49%  Streaming frame 1066/2481
  ████████████░░░░░░░░░░░░░  49%  Streaming frame 1067/2481
  ████████████░░░░░░░░░░░░░  49%  Streaming frame 1068/2481
  ████████████░░░░░░░░░░░░░  49%  Streaming frame 1069/2481
  ████████████░░░░░░░░░░░░░  49%  Streaming frame 1070/2481
  ████████████░░░░░░░░░░░░░  49%  Streaming frame 1071/2481
  ████████████░░░░░░░░░░░░░  49%  Streaming frame 1072/2481
  ████████████░░░░░░░░░░░░░  49%  Streaming frame 1073/2481
  ████████████░░░░░░░░░░░░░  49%  Streaming frame 1074/2481
  ████████████░░░░░░░░░░░░░  49%  Streaming frame 1075/2481
  ████████████░░░░░░░░░░░░░  49%  Streaming frame 1076/2481
  ████████████░░░░░░░░░░░░░  49%  Streaming frame 1077/2481
  ████████████░░░░░░░░░░░░░  49%  Streaming frame 1078/2481
  ████████████░░░░░░░░░░░░░  49%  Streaming frame 1079/2481
  ████████████░░░░░░░░░░░░░  49%  Streaming frame 1080/2481
  ████████████░░░░░░░░░░░░░  49%  Streaming frame 1081/2481
  ████████████░░░░░░░░░░░░░  49%  Streaming frame 1082/2481
  ████████████░░░░░░░░░░░░░  49%  Streaming frame 1083/2481
  ████████████░░░░░░░░░░░░░  49%  Streaming frame 1084/2481
  ████████████░░░░░░░░░░░░░  49%  Streaming frame 1085/2481
  ████████████░░░░░░░░░░░░░  49%  Streaming frame 1086/2481
  ████████████░░░░░░░░░░░░░  49%  Streaming frame 1087/2481
  ████████████░░░░░░░░░░░░░  49%  Streaming frame 1088/2481
  ████████████░░░░░░░░░░░░░  49%  Streaming frame 1089/2481
  ████████████░░░░░░░░░░░░░  49%  Streaming frame 1090/2481
  ████████████░░░░░░░░░░░░░  49%  Streaming frame 1091/2481
  ████████████░░░░░░░░░░░░░  49%  Streaming frame 1092/2481
  ████████████░░░░░░░░░░░░░  49%  Streaming frame 1093/2481
  ████████████░░░░░░░░░░░░░  49%  Streaming frame 1094/2481
  ████████████░░░░░░░░░░░░░  49%  Streaming frame 1095/2481
  ████████████░░░░░░░░░░░░░  49%  Streaming frame 1096/2481
  ████████████░░░░░░░░░░░░░  49%  Streaming frame 1097/2481
  ████████████░░░░░░░░░░░░░  49%  Streaming frame 1098/2481
  ████████████░░░░░░░░░░░░░  49%  Streaming frame 1099/2481
  ████████████░░░░░░░░░░░░░  49%  Streaming frame 1100/2481
  ████████████░░░░░░░░░░░░░  49%  Streaming frame 1101/2481
  ████████████░░░░░░░░░░░░░  49%  Streaming frame 1102/2481
  ████████████░░░░░░░░░░░░░  49%  Streaming frame 1103/2481
  ████████████░░░░░░░░░░░░░  49%  Streaming frame 1104/2481
  ████████████░░░░░░░░░░░░░  49%  Streaming frame 1105/2481
  ████████████░░░░░░░░░░░░░  50%  Streaming frame 1106/2481
  ████████████░░░░░░░░░░░░░  50%  Streaming frame 1107/2481
  ████████████░░░░░░░░░░░░░  50%  Streaming frame 1108/2481
  ████████████░░░░░░░░░░░░░  50%  Streaming frame 1109/2481
  ████████████░░░░░░░░░░░░░  50%  Streaming frame 1110/2481
  ████████████░░░░░░░░░░░░░  50%  Streaming frame 1111/2481
  ████████████░░░░░░░░░░░░░  50%  Streaming frame 1112/2481
  ████████████░░░░░░░░░░░░░  50%  Streaming frame 1113/2481
  ████████████░░░░░░░░░░░░░  50%  Streaming frame 1114/2481
  ████████████░░░░░░░░░░░░░  50%  Streaming frame 1115/2481
  ████████████░░░░░░░░░░░░░  50%  Streaming frame 1116/2481
  ████████████░░░░░░░░░░░░░  50%  Streaming frame 1117/2481
  ████████████░░░░░░░░░░░░░  50%  Streaming frame 1118/2481
  ████████████░░░░░░░░░░░░░  50%  Streaming frame 1119/2481
  ████████████░░░░░░░░░░░░░  50%  Streaming frame 1120/2481
  ████████████░░░░░░░░░░░░░  50%  Streaming frame 1121/2481
  ████████████░░░░░░░░░░░░░  50%  Streaming frame 1122/2481
  ████████████░░░░░░░░░░░░░  50%  Streaming frame 1123/2481
  ████████████░░░░░░░░░░░░░  50%  Streaming frame 1124/2481
  ████████████░░░░░░░░░░░░░  50%  Streaming frame 1125/2481
  ████████████░░░░░░░░░░░░░  50%  Streaming frame 1126/2481
  ████████████░░░░░░░░░░░░░  50%  Streaming frame 1127/2481
  ████████████░░░░░░░░░░░░░  50%  Streaming frame 1128/2481
  ████████████░░░░░░░░░░░░░  50%  Streaming frame 1129/2481
  ████████████░░░░░░░░░░░░░  50%  Streaming frame 1130/2481
  ████████████░░░░░░░░░░░░░  50%  Streaming frame 1131/2481
  ████████████░░░░░░░░░░░░░  50%  Streaming frame 1132/2481
  ████████████░░░░░░░░░░░░░  50%  Streaming frame 1133/2481
  ████████████░░░░░░░░░░░░░  50%  Streaming frame 1134/2481
  ████████████░░░░░░░░░░░░░  50%  Streaming frame 1135/2481
  ████████████░░░░░░░░░░░░░  50%  Streaming frame 1136/2481
  ████████████░░░░░░░░░░░░░  50%  Streaming frame 1137/2481
  ████████████░░░░░░░░░░░░░  50%  Streaming frame 1138/2481
  ████████████░░░░░░░░░░░░░  50%  Streaming frame 1139/2481
  ████████████░░░░░░░░░░░░░  50%  Streaming frame 1140/2481
  ████████████░░░░░░░░░░░░░  50%  Streaming frame 1141/2481
  ████████████░░░░░░░░░░░░░  50%  Streaming frame 1142/2481
  ████████████░░░░░░░░░░░░░  50%  Streaming frame 1143/2481
  ████████████░░░░░░░░░░░░░  50%  Streaming frame 1144/2481
  ████████████░░░░░░░░░░░░░  50%  Streaming frame 1145/2481
  ████████████░░░░░░░░░░░░░  50%  Streaming frame 1146/2481
  ████████████░░░░░░░░░░░░░  50%  Streaming frame 1147/2481
  ████████████░░░░░░░░░░░░░  50%  Streaming frame 1148/2481
  ████████████░░░░░░░░░░░░░  50%  Streaming frame 1149/2481
  ████████████░░░░░░░░░░░░░  50%  Streaming frame 1150/2481
  ████████████░░░░░░░░░░░░░  51%  Streaming frame 1151/2481
  ████████████░░░░░░░░░░░░░  51%  Streaming frame 1152/2481
  ████████████░░░░░░░░░░░░░  51%  Streaming frame 1153/2481
  ████████████░░░░░░░░░░░░░  51%  Streaming frame 1154/2481
  ████████████░░░░░░░░░░░░░  51%  Streaming frame 1155/2481
  ████████████░░░░░░░░░░░░░  51%  Streaming frame 1156/2481
  ████████████░░░░░░░░░░░░░  51%  Streaming frame 1157/2481
  ████████████░░░░░░░░░░░░░  51%  Streaming frame 1158/2481
  ████████████░░░░░░░░░░░░░  51%  Streaming frame 1159/2481
  ████████████░░░░░░░░░░░░░  51%  Streaming frame 1160/2481
  ████████████░░░░░░░░░░░░░  51%  Streaming frame 1161/2481
  ████████████░░░░░░░░░░░░░  51%  Streaming frame 1162/2481
  ████████████░░░░░░░░░░░░░  51%  Streaming frame 1163/2481
  ████████████░░░░░░░░░░░░░  51%  Streaming frame 1164/2481
  ████████████░░░░░░░░░░░░░  51%  Streaming frame 1165/2481
  ████████████░░░░░░░░░░░░░  51%  Streaming frame 1166/2481
  ████████████░░░░░░░░░░░░░  51%  Streaming frame 1167/2481
  ████████████░░░░░░░░░░░░░  51%  Streaming frame 1168/2481
  ████████████░░░░░░░░░░░░░  51%  Streaming frame 1169/2481
  ████████████░░░░░░░░░░░░░  51%  Streaming frame 1170/2481
  ████████████░░░░░░░░░░░░░  51%  Streaming frame 1171/2481
  ████████████░░░░░░░░░░░░░  51%  Streaming frame 1172/2481
  ████████████░░░░░░░░░░░░░  51%  Streaming frame 1173/2481
  ████████████░░░░░░░░░░░░░  51%  Streaming frame 1174/2481
  ████████████░░░░░░░░░░░░░  51%  Streaming frame 1175/2481
  ████████████░░░░░░░░░░░░░  51%  Streaming frame 1176/2481
  ████████████░░░░░░░░░░░░░  51%  Streaming frame 1177/2481
  ████████████░░░░░░░░░░░░░  51%  Streaming frame 1178/2481
  ████████████░░░░░░░░░░░░░  51%  Streaming frame 1179/2481
  ████████████░░░░░░░░░░░░░  51%  Streaming frame 1180/2481
  ████████████░░░░░░░░░░░░░  51%  Streaming frame 1181/2481
  ████████████░░░░░░░░░░░░░  51%  Streaming frame 1182/2481
  ████████████░░░░░░░░░░░░░  51%  Streaming frame 1183/2481
  ████████████░░░░░░░░░░░░░  51%  Streaming frame 1184/2481
  ████████████░░░░░░░░░░░░░  51%  Streaming frame 1185/2481
  ████████████░░░░░░░░░░░░░  51%  Streaming frame 1186/2481
  ████████████░░░░░░░░░░░░░  51%  Streaming frame 1187/2481
  ████████████░░░░░░░░░░░░░  51%  Streaming frame 1188/2481
  ████████████░░░░░░░░░░░░░  51%  Streaming frame 1189/2481
  ████████████░░░░░░░░░░░░░  51%  Streaming frame 1190/2481
  ████████████░░░░░░░░░░░░░  51%  Streaming frame 1191/2481
  ████████████░░░░░░░░░░░░░  51%  Streaming frame 1192/2481
  ████████████░░░░░░░░░░░░░  51%  Streaming frame 1193/2481
  ████████████░░░░░░░░░░░░░  51%  Streaming frame 1194/2481
  ████████████░░░░░░░░░░░░░  51%  Streaming frame 1195/2481
  █████████████░░░░░░░░░░░░  52%  Streaming frame 1196/2481
  █████████████░░░░░░░░░░░░  52%  Streaming frame 1197/2481
  █████████████░░░░░░░░░░░░  52%  Streaming frame 1198/2481
  █████████████░░░░░░░░░░░░  52%  Streaming frame 1199/2481
  █████████████░░░░░░░░░░░░  52%  Streaming frame 1200/2481
  █████████████░░░░░░░░░░░░  52%  Streaming frame 1201/2481
  █████████████░░░░░░░░░░░░  52%  Streaming frame 1202/2481
  █████████████░░░░░░░░░░░░  52%  Streaming frame 1203/2481
  █████████████░░░░░░░░░░░░  52%  Streaming frame 1204/2481
  █████████████░░░░░░░░░░░░  52%  Streaming frame 1205/2481
  █████████████░░░░░░░░░░░░  52%  Streaming frame 1206/2481
  █████████████░░░░░░░░░░░░  52%  Streaming frame 1207/2481
  █████████████░░░░░░░░░░░░  52%  Streaming frame 1208/2481
  █████████████░░░░░░░░░░░░  52%  Streaming frame 1209/2481
  █████████████░░░░░░░░░░░░  52%  Streaming frame 1210/2481
  █████████████░░░░░░░░░░░░  52%  Streaming frame 1211/2481
  █████████████░░░░░░░░░░░░  52%  Streaming frame 1212/2481
  █████████████░░░░░░░░░░░░  52%  Streaming frame 1213/2481
  █████████████░░░░░░░░░░░░  52%  Streaming frame 1214/2481
  █████████████░░░░░░░░░░░░  52%  Streaming frame 1215/2481
  █████████████░░░░░░░░░░░░  52%  Streaming frame 1216/2481
  █████████████░░░░░░░░░░░░  52%  Streaming frame 1217/2481
  █████████████░░░░░░░░░░░░  52%  Streaming frame 1218/2481
  █████████████░░░░░░░░░░░░  52%  Streaming frame 1219/2481
  █████████████░░░░░░░░░░░░  52%  Streaming frame 1220/2481
  █████████████░░░░░░░░░░░░  52%  Streaming frame 1221/2481
  █████████████░░░░░░░░░░░░  52%  Streaming frame 1222/2481
  █████████████░░░░░░░░░░░░  52%  Streaming frame 1223/2481
  █████████████░░░░░░░░░░░░  52%  Streaming frame 1224/2481
  █████████████░░░░░░░░░░░░  52%  Streaming frame 1225/2481
  █████████████░░░░░░░░░░░░  52%  Streaming frame 1226/2481
  █████████████░░░░░░░░░░░░  52%  Streaming frame 1227/2481
  █████████████░░░░░░░░░░░░  52%  Streaming frame 1228/2481
  █████████████░░░░░░░░░░░░  52%  Streaming frame 1229/2481
  █████████████░░░░░░░░░░░░  52%  Streaming frame 1230/2481
  █████████████░░░░░░░░░░░░  52%  Streaming frame 1231/2481
  █████████████░░░░░░░░░░░░  52%  Streaming frame 1232/2481
  █████████████░░░░░░░░░░░░  52%  Streaming frame 1233/2481
  █████████████░░░░░░░░░░░░  52%  Streaming frame 1234/2481
  █████████████░░░░░░░░░░░░  52%  Streaming frame 1235/2481
  █████████████░░░░░░░░░░░░  52%  Streaming frame 1236/2481
  █████████████░░░░░░░░░░░░  52%  Streaming frame 1237/2481
  █████████████░░░░░░░░░░░░  52%  Streaming frame 1238/2481
  █████████████░░░░░░░░░░░░  52%  Streaming frame 1239/2481
  █████████████░░░░░░░░░░░░  52%  Streaming frame 1240/2481
  █████████████░░░░░░░░░░░░  53%  Streaming frame 1241/2481
[INFO] [Render] drawElement self-verify passed {"renderJobId":"1f26c8c6-5680-4fbe-a384-33ee200c8379","frame":1241,"psnrDb":"inf"}
  █████████████░░░░░░░░░░░░  53%  Streaming frame 1242/2481
  █████████████░░░░░░░░░░░░  53%  Streaming frame 1243/2481
  █████████████░░░░░░░░░░░░  53%  Streaming frame 1244/2481
  █████████████░░░░░░░░░░░░  53%  Streaming frame 1245/2481
  █████████████░░░░░░░░░░░░  53%  Streaming frame 1246/2481
  █████████████░░░░░░░░░░░░  53%  Streaming frame 1247/2481
  █████████████░░░░░░░░░░░░  53%  Streaming frame 1248/2481
  █████████████░░░░░░░░░░░░  53%  Streaming frame 1249/2481
  █████████████░░░░░░░░░░░░  53%  Streaming frame 1250/2481
  █████████████░░░░░░░░░░░░  53%  Streaming frame 1251/2481
  █████████████░░░░░░░░░░░░  53%  Streaming frame 1252/2481
  █████████████░░░░░░░░░░░░  53%  Streaming frame 1253/2481
  █████████████░░░░░░░░░░░░  53%  Streaming frame 1254/2481
  █████████████░░░░░░░░░░░░  53%  Streaming frame 1255/2481
  █████████████░░░░░░░░░░░░  53%  Streaming frame 1256/2481
  █████████████░░░░░░░░░░░░  53%  Streaming frame 1257/2481
  █████████████░░░░░░░░░░░░  53%  Streaming frame 1258/2481
  █████████████░░░░░░░░░░░░  53%  Streaming frame 1259/2481
  █████████████░░░░░░░░░░░░  53%  Streaming frame 1260/2481
  █████████████░░░░░░░░░░░░  53%  Streaming frame 1261/2481
  █████████████░░░░░░░░░░░░  53%  Streaming frame 1262/2481
  █████████████░░░░░░░░░░░░  53%  Streaming frame 1263/2481
  █████████████░░░░░░░░░░░░  53%  Streaming frame 1264/2481
  █████████████░░░░░░░░░░░░  53%  Streaming frame 1265/2481
  █████████████░░░░░░░░░░░░  53%  Streaming frame 1266/2481
  █████████████░░░░░░░░░░░░  53%  Streaming frame 1267/2481
  █████████████░░░░░░░░░░░░  53%  Streaming frame 1268/2481
  █████████████░░░░░░░░░░░░  53%  Streaming frame 1269/2481
  █████████████░░░░░░░░░░░░  53%  Streaming frame 1270/2481
  █████████████░░░░░░░░░░░░  53%  Streaming frame 1271/2481
  █████████████░░░░░░░░░░░░  53%  Streaming frame 1272/2481
  █████████████░░░░░░░░░░░░  53%  Streaming frame 1273/2481
  █████████████░░░░░░░░░░░░  53%  Streaming frame 1274/2481
  █████████████░░░░░░░░░░░░  53%  Streaming frame 1275/2481
  █████████████░░░░░░░░░░░░  53%  Streaming frame 1276/2481
  █████████████░░░░░░░░░░░░  53%  Streaming frame 1277/2481
  █████████████░░░░░░░░░░░░  53%  Streaming frame 1278/2481
  █████████████░░░░░░░░░░░░  53%  Streaming frame 1279/2481
  █████████████░░░░░░░░░░░░  53%  Streaming frame 1280/2481
  █████████████░░░░░░░░░░░░  53%  Streaming frame 1281/2481
  █████████████░░░░░░░░░░░░  53%  Streaming frame 1282/2481
  █████████████░░░░░░░░░░░░  53%  Streaming frame 1283/2481
  █████████████░░░░░░░░░░░░  53%  Streaming frame 1284/2481
  █████████████░░░░░░░░░░░░  53%  Streaming frame 1285/2481
  █████████████░░░░░░░░░░░░  54%  Streaming frame 1286/2481
  █████████████░░░░░░░░░░░░  54%  Streaming frame 1287/2481
  █████████████░░░░░░░░░░░░  54%  Streaming frame 1288/2481
  █████████████░░░░░░░░░░░░  54%  Streaming frame 1289/2481
  █████████████░░░░░░░░░░░░  54%  Streaming frame 1290/2481
  █████████████░░░░░░░░░░░░  54%  Streaming frame 1291/2481
  █████████████░░░░░░░░░░░░  54%  Streaming frame 1292/2481
  █████████████░░░░░░░░░░░░  54%  Streaming frame 1293/2481
  █████████████░░░░░░░░░░░░  54%  Streaming frame 1294/2481
  █████████████░░░░░░░░░░░░  54%  Streaming frame 1295/2481
  █████████████░░░░░░░░░░░░  54%  Streaming frame 1296/2481
  █████████████░░░░░░░░░░░░  54%  Streaming frame 1297/2481
  █████████████░░░░░░░░░░░░  54%  Streaming frame 1298/2481
  █████████████░░░░░░░░░░░░  54%  Streaming frame 1299/2481
  █████████████░░░░░░░░░░░░  54%  Streaming frame 1300/2481
  █████████████░░░░░░░░░░░░  54%  Streaming frame 1301/2481
  █████████████░░░░░░░░░░░░  54%  Streaming frame 1302/2481
  █████████████░░░░░░░░░░░░  54%  Streaming frame 1303/2481
  █████████████░░░░░░░░░░░░  54%  Streaming frame 1304/2481
  █████████████░░░░░░░░░░░░  54%  Streaming frame 1305/2481
  █████████████░░░░░░░░░░░░  54%  Streaming frame 1306/2481
  █████████████░░░░░░░░░░░░  54%  Streaming frame 1307/2481
  █████████████░░░░░░░░░░░░  54%  Streaming frame 1308/2481
  █████████████░░░░░░░░░░░░  54%  Streaming frame 1309/2481
  █████████████░░░░░░░░░░░░  54%  Streaming frame 1310/2481
  █████████████░░░░░░░░░░░░  54%  Streaming frame 1311/2481
  █████████████░░░░░░░░░░░░  54%  Streaming frame 1312/2481
  █████████████░░░░░░░░░░░░  54%  Streaming frame 1313/2481
  █████████████░░░░░░░░░░░░  54%  Streaming frame 1314/2481
  █████████████░░░░░░░░░░░░  54%  Streaming frame 1315/2481
  █████████████░░░░░░░░░░░░  54%  Streaming frame 1316/2481
  █████████████░░░░░░░░░░░░  54%  Streaming frame 1317/2481
  █████████████░░░░░░░░░░░░  54%  Streaming frame 1318/2481
  █████████████░░░░░░░░░░░░  54%  Streaming frame 1319/2481
  █████████████░░░░░░░░░░░░  54%  Streaming frame 1320/2481
  █████████████░░░░░░░░░░░░  54%  Streaming frame 1321/2481
  █████████████░░░░░░░░░░░░  54%  Streaming frame 1322/2481
  █████████████░░░░░░░░░░░░  54%  Streaming frame 1323/2481
  █████████████░░░░░░░░░░░░  54%  Streaming frame 1324/2481
  █████████████░░░░░░░░░░░░  54%  Streaming frame 1325/2481
  █████████████░░░░░░░░░░░░  54%  Streaming frame 1326/2481
  █████████████░░░░░░░░░░░░  54%  Streaming frame 1327/2481
  █████████████░░░░░░░░░░░░  54%  Streaming frame 1328/2481
  █████████████░░░░░░░░░░░░  54%  Streaming frame 1329/2481
  █████████████░░░░░░░░░░░░  54%  Streaming frame 1330/2481
  █████████████░░░░░░░░░░░░  55%  Streaming frame 1331/2481
  █████████████░░░░░░░░░░░░  55%  Streaming frame 1332/2481
  █████████████░░░░░░░░░░░░  55%  Streaming frame 1333/2481
  █████████████░░░░░░░░░░░░  55%  Streaming frame 1334/2481
  █████████████░░░░░░░░░░░░  55%  Streaming frame 1335/2481
  █████████████░░░░░░░░░░░░  55%  Streaming frame 1336/2481
  █████████████░░░░░░░░░░░░  55%  Streaming frame 1337/2481
  █████████████░░░░░░░░░░░░  55%  Streaming frame 1338/2481
  █████████████░░░░░░░░░░░░  55%  Streaming frame 1339/2481
  █████████████░░░░░░░░░░░░  55%  Streaming frame 1340/2481
  █████████████░░░░░░░░░░░░  55%  Streaming frame 1341/2481
  █████████████░░░░░░░░░░░░  55%  Streaming frame 1342/2481
  █████████████░░░░░░░░░░░░  55%  Streaming frame 1343/2481
  █████████████░░░░░░░░░░░░  55%  Streaming frame 1344/2481
  █████████████░░░░░░░░░░░░  55%  Streaming frame 1345/2481
  █████████████░░░░░░░░░░░░  55%  Streaming frame 1346/2481
  █████████████░░░░░░░░░░░░  55%  Streaming frame 1347/2481
  █████████████░░░░░░░░░░░░  55%  Streaming frame 1348/2481
  █████████████░░░░░░░░░░░░  55%  Streaming frame 1349/2481
  █████████████░░░░░░░░░░░░  55%  Streaming frame 1350/2481
  █████████████░░░░░░░░░░░░  55%  Streaming frame 1351/2481
  █████████████░░░░░░░░░░░░  55%  Streaming frame 1352/2481
  █████████████░░░░░░░░░░░░  55%  Streaming frame 1353/2481
  █████████████░░░░░░░░░░░░  55%  Streaming frame 1354/2481
  █████████████░░░░░░░░░░░░  55%  Streaming frame 1355/2481
  █████████████░░░░░░░░░░░░  55%  Streaming frame 1356/2481
  █████████████░░░░░░░░░░░░  55%  Streaming frame 1357/2481
  █████████████░░░░░░░░░░░░  55%  Streaming frame 1358/2481
  █████████████░░░░░░░░░░░░  55%  Streaming frame 1359/2481
  █████████████░░░░░░░░░░░░  55%  Streaming frame 1360/2481
  █████████████░░░░░░░░░░░░  55%  Streaming frame 1361/2481
  █████████████░░░░░░░░░░░░  55%  Streaming frame 1362/2481
  █████████████░░░░░░░░░░░░  55%  Streaming frame 1363/2481
  █████████████░░░░░░░░░░░░  55%  Streaming frame 1364/2481
  █████████████░░░░░░░░░░░░  55%  Streaming frame 1365/2481
  █████████████░░░░░░░░░░░░  55%  Streaming frame 1366/2481
  █████████████░░░░░░░░░░░░  55%  Streaming frame 1367/2481
  █████████████░░░░░░░░░░░░  55%  Streaming frame 1368/2481
  █████████████░░░░░░░░░░░░  55%  Streaming frame 1369/2481
  █████████████░░░░░░░░░░░░  55%  Streaming frame 1370/2481
  █████████████░░░░░░░░░░░░  55%  Streaming frame 1371/2481
  █████████████░░░░░░░░░░░░  55%  Streaming frame 1372/2481
  █████████████░░░░░░░░░░░░  55%  Streaming frame 1373/2481
  █████████████░░░░░░░░░░░░  55%  Streaming frame 1374/2481
  █████████████░░░░░░░░░░░░  55%  Streaming frame 1375/2481
  ██████████████░░░░░░░░░░░  56%  Streaming frame 1376/2481
  ██████████████░░░░░░░░░░░  56%  Streaming frame 1377/2481
  ██████████████░░░░░░░░░░░  56%  Streaming frame 1378/2481
  ██████████████░░░░░░░░░░░  56%  Streaming frame 1379/2481
  ██████████████░░░░░░░░░░░  56%  Streaming frame 1380/2481
  ██████████████░░░░░░░░░░░  56%  Streaming frame 1381/2481
  ██████████████░░░░░░░░░░░  56%  Streaming frame 1382/2481
  ██████████████░░░░░░░░░░░  56%  Streaming frame 1383/2481
  ██████████████░░░░░░░░░░░  56%  Streaming frame 1384/2481
  ██████████████░░░░░░░░░░░  56%  Streaming frame 1385/2481
  ██████████████░░░░░░░░░░░  56%  Streaming frame 1386/2481
  ██████████████░░░░░░░░░░░  56%  Streaming frame 1387/2481
  ██████████████░░░░░░░░░░░  56%  Streaming frame 1388/2481
  ██████████████░░░░░░░░░░░  56%  Streaming frame 1389/2481
  ██████████████░░░░░░░░░░░  56%  Streaming frame 1390/2481
  ██████████████░░░░░░░░░░░  56%  Streaming frame 1391/2481
  ██████████████░░░░░░░░░░░  56%  Streaming frame 1392/2481
  ██████████████░░░░░░░░░░░  56%  Streaming frame 1393/2481
  ██████████████░░░░░░░░░░░  56%  Streaming frame 1394/2481
  ██████████████░░░░░░░░░░░  56%  Streaming frame 1395/2481
  ██████████████░░░░░░░░░░░  56%  Streaming frame 1396/2481
  ██████████████░░░░░░░░░░░  56%  Streaming frame 1397/2481
  ██████████████░░░░░░░░░░░  56%  Streaming frame 1398/2481
  ██████████████░░░░░░░░░░░  56%  Streaming frame 1399/2481
  ██████████████░░░░░░░░░░░  56%  Streaming frame 1400/2481
  ██████████████░░░░░░░░░░░  56%  Streaming frame 1401/2481
  ██████████████░░░░░░░░░░░  56%  Streaming frame 1402/2481
  ██████████████░░░░░░░░░░░  56%  Streaming frame 1403/2481
  ██████████████░░░░░░░░░░░  56%  Streaming frame 1404/2481
  ██████████████░░░░░░░░░░░  56%  Streaming frame 1405/2481
  ██████████████░░░░░░░░░░░  56%  Streaming frame 1406/2481
  ██████████████░░░░░░░░░░░  56%  Streaming frame 1407/2481
  ██████████████░░░░░░░░░░░  56%  Streaming frame 1408/2481
  ██████████████░░░░░░░░░░░  56%  Streaming frame 1409/2481
  ██████████████░░░░░░░░░░░  56%  Streaming frame 1410/2481
  ██████████████░░░░░░░░░░░  56%  Streaming frame 1411/2481
  ██████████████░░░░░░░░░░░  56%  Streaming frame 1412/2481
  ██████████████░░░░░░░░░░░  56%  Streaming frame 1413/2481
  ██████████████░░░░░░░░░░░  56%  Streaming frame 1414/2481
  ██████████████░░░░░░░░░░░  56%  Streaming frame 1415/2481
[INFO] [Render:trace] {"renderJobId":"1f26c8c6-5680-4fbe-a384-33ee200c8379","phase":"capture_streaming","status":"checkpoint","elapsedMs":35563,"message":"stage still running","stagePhase":"capturing","workerCount":1,"forceScreenshot":false,"totalFrames":2481,"framesCompleted":1415,"captureMode":"drawelement","captureOperation":"drawElement","heartbeatIndex":1,"stageElapsedMs":30000}
  ██████████████░░░░░░░░░░░  56%  Streaming frame 1416/2481
  ██████████████░░░░░░░░░░░  56%  Streaming frame 1417/2481
  ██████████████░░░░░░░░░░░  56%  Streaming frame 1418/2481
  ██████████████░░░░░░░░░░░  56%  Streaming frame 1419/2481
  ██████████████░░░░░░░░░░░  56%  Streaming frame 1420/2481
  ██████████████░░░░░░░░░░░  57%  Streaming frame 1421/2481
  ██████████████░░░░░░░░░░░  57%  Streaming frame 1422/2481
  ██████████████░░░░░░░░░░░  57%  Streaming frame 1423/2481
  ██████████████░░░░░░░░░░░  57%  Streaming frame 1424/2481
  ██████████████░░░░░░░░░░░  57%  Streaming frame 1425/2481
  ██████████████░░░░░░░░░░░  57%  Streaming frame 1426/2481
  ██████████████░░░░░░░░░░░  57%  Streaming frame 1427/2481
  ██████████████░░░░░░░░░░░  57%  Streaming frame 1428/2481
  ██████████████░░░░░░░░░░░  57%  Streaming frame 1429/2481
  ██████████████░░░░░░░░░░░  57%  Streaming frame 1430/2481
  ██████████████░░░░░░░░░░░  57%  Streaming frame 1431/2481
  ██████████████░░░░░░░░░░░  57%  Streaming frame 1432/2481
  ██████████████░░░░░░░░░░░  57%  Streaming frame 1433/2481
  ██████████████░░░░░░░░░░░  57%  Streaming frame 1434/2481
[WARN] [Render] drawElement blank-frame suspect; re-capturing {"renderJobId":"1f26c8c6-5680-4fbe-a384-33ee200c8379","frame":1434,"bytes":18413,"floor":20000}
[INFO] [Render] drawElement small frame is deterministic; accepted {"renderJobId":"1f26c8c6-5680-4fbe-a384-33ee200c8379","frame":1434,"bytes":18413}
  ██████████████░░░░░░░░░░░  57%  Streaming frame 1435/2481
  ██████████████░░░░░░░░░░░  57%  Streaming frame 1436/2481
  ██████████████░░░░░░░░░░░  57%  Streaming frame 1437/2481
  ██████████████░░░░░░░░░░░  57%  Streaming frame 1438/2481
  ██████████████░░░░░░░░░░░  57%  Streaming frame 1439/2481
  ██████████████░░░░░░░░░░░  57%  Streaming frame 1440/2481
  ██████████████░░░░░░░░░░░  57%  Streaming frame 1441/2481
  ██████████████░░░░░░░░░░░  57%  Streaming frame 1442/2481
  ██████████████░░░░░░░░░░░  57%  Streaming frame 1443/2481
  ██████████████░░░░░░░░░░░  57%  Streaming frame 1444/2481
  ██████████████░░░░░░░░░░░  57%  Streaming frame 1445/2481
  ██████████████░░░░░░░░░░░  57%  Streaming frame 1446/2481
  ██████████████░░░░░░░░░░░  57%  Streaming frame 1447/2481
  ██████████████░░░░░░░░░░░  57%  Streaming frame 1448/2481
  ██████████████░░░░░░░░░░░  57%  Streaming frame 1449/2481
  ██████████████░░░░░░░░░░░  57%  Streaming frame 1450/2481
  ██████████████░░░░░░░░░░░  57%  Streaming frame 1451/2481
  ██████████████░░░░░░░░░░░  57%  Streaming frame 1452/2481
  ██████████████░░░░░░░░░░░  57%  Streaming frame 1453/2481
  ██████████████░░░░░░░░░░░  57%  Streaming frame 1454/2481
  ██████████████░░░░░░░░░░░  57%  Streaming frame 1455/2481
  ██████████████░░░░░░░░░░░  57%  Streaming frame 1456/2481
  ██████████████░░░░░░░░░░░  57%  Streaming frame 1457/2481
  ██████████████░░░░░░░░░░░  57%  Streaming frame 1458/2481
  ██████████████░░░░░░░░░░░  57%  Streaming frame 1459/2481
  ██████████████░░░░░░░░░░░  57%  Streaming frame 1460/2481
  ██████████████░░░░░░░░░░░  57%  Streaming frame 1461/2481
  ██████████████░░░░░░░░░░░  57%  Streaming frame 1462/2481
  ██████████████░░░░░░░░░░░  57%  Streaming frame 1463/2481
  ██████████████░░░░░░░░░░░  57%  Streaming frame 1464/2481
  ██████████████░░░░░░░░░░░  57%  Streaming frame 1465/2481
  ██████████████░░░░░░░░░░░  57%  Streaming frame 1466/2481
  ██████████████░░░░░░░░░░░  58%  Streaming frame 1467/2481
  ██████████████░░░░░░░░░░░  58%  Streaming frame 1468/2481
  ██████████████░░░░░░░░░░░  58%  Streaming frame 1469/2481
  ██████████████░░░░░░░░░░░  58%  Streaming frame 1470/2481
  ██████████████░░░░░░░░░░░  58%  Streaming frame 1471/2481
  ██████████████░░░░░░░░░░░  58%  Streaming frame 1472/2481
  ██████████████░░░░░░░░░░░  58%  Streaming frame 1473/2481
  ██████████████░░░░░░░░░░░  58%  Streaming frame 1474/2481
  ██████████████░░░░░░░░░░░  58%  Streaming frame 1475/2481
  ██████████████░░░░░░░░░░░  58%  Streaming frame 1476/2481
  ██████████████░░░░░░░░░░░  58%  Streaming frame 1477/2481
  ██████████████░░░░░░░░░░░  58%  Streaming frame 1478/2481
  ██████████████░░░░░░░░░░░  58%  Streaming frame 1479/2481
  ██████████████░░░░░░░░░░░  58%  Streaming frame 1480/2481
  ██████████████░░░░░░░░░░░  58%  Streaming frame 1481/2481
  ██████████████░░░░░░░░░░░  58%  Streaming frame 1482/2481
  ██████████████░░░░░░░░░░░  58%  Streaming frame 1483/2481
  ██████████████░░░░░░░░░░░  58%  Streaming frame 1484/2481
  ██████████████░░░░░░░░░░░  58%  Streaming frame 1485/2481
  ██████████████░░░░░░░░░░░  58%  Streaming frame 1486/2481
  ██████████████░░░░░░░░░░░  58%  Streaming frame 1487/2481
  ██████████████░░░░░░░░░░░  58%  Streaming frame 1488/2481
  ██████████████░░░░░░░░░░░  58%  Streaming frame 1489/2481
  ██████████████░░░░░░░░░░░  58%  Streaming frame 1490/2481
  ██████████████░░░░░░░░░░░  58%  Streaming frame 1491/2481
  ██████████████░░░░░░░░░░░  58%  Streaming frame 1492/2481
  ██████████████░░░░░░░░░░░  58%  Streaming frame 1493/2481
  ██████████████░░░░░░░░░░░  58%  Streaming frame 1494/2481
  ██████████████░░░░░░░░░░░  58%  Streaming frame 1495/2481
  ██████████████░░░░░░░░░░░  58%  Streaming frame 1496/2481
  ██████████████░░░░░░░░░░░  58%  Streaming frame 1497/2481
  ██████████████░░░░░░░░░░░  58%  Streaming frame 1498/2481
  ██████████████░░░░░░░░░░░  58%  Streaming frame 1499/2481
  ██████████████░░░░░░░░░░░  58%  Streaming frame 1500/2481
  ██████████████░░░░░░░░░░░  58%  Streaming frame 1501/2481
  ██████████████░░░░░░░░░░░  58%  Streaming frame 1502/2481
  ██████████████░░░░░░░░░░░  58%  Streaming frame 1503/2481
  ██████████████░░░░░░░░░░░  58%  Streaming frame 1504/2481
  ██████████████░░░░░░░░░░░  58%  Streaming frame 1505/2481
  ██████████████░░░░░░░░░░░  58%  Streaming frame 1506/2481
  ██████████████░░░░░░░░░░░  58%  Streaming frame 1507/2481
  ██████████████░░░░░░░░░░░  58%  Streaming frame 1508/2481
  ██████████████░░░░░░░░░░░  58%  Streaming frame 1509/2481
  ██████████████░░░░░░░░░░░  58%  Streaming frame 1510/2481
  ██████████████░░░░░░░░░░░  58%  Streaming frame 1511/2481
  ██████████████░░░░░░░░░░░  59%  Streaming frame 1512/2481
  ██████████████░░░░░░░░░░░  59%  Streaming frame 1513/2481
  ██████████████░░░░░░░░░░░  59%  Streaming frame 1514/2481
  ██████████████░░░░░░░░░░░  59%  Streaming frame 1515/2481
  ██████████████░░░░░░░░░░░  59%  Streaming frame 1516/2481
  ██████████████░░░░░░░░░░░  59%  Streaming frame 1517/2481
  ██████████████░░░░░░░░░░░  59%  Streaming frame 1518/2481
  ██████████████░░░░░░░░░░░  59%  Streaming frame 1519/2481
  ██████████████░░░░░░░░░░░  59%  Streaming frame 1520/2481
  ██████████████░░░░░░░░░░░  59%  Streaming frame 1521/2481
  ██████████████░░░░░░░░░░░  59%  Streaming frame 1522/2481
  ██████████████░░░░░░░░░░░  59%  Streaming frame 1523/2481
  ██████████████░░░░░░░░░░░  59%  Streaming frame 1524/2481
  ██████████████░░░░░░░░░░░  59%  Streaming frame 1525/2481
  ██████████████░░░░░░░░░░░  59%  Streaming frame 1526/2481
  ██████████████░░░░░░░░░░░  59%  Streaming frame 1527/2481
  ██████████████░░░░░░░░░░░  59%  Streaming frame 1528/2481
  ██████████████░░░░░░░░░░░  59%  Streaming frame 1529/2481
  ██████████████░░░░░░░░░░░  59%  Streaming frame 1530/2481
  ██████████████░░░░░░░░░░░  59%  Streaming frame 1531/2481
  ██████████████░░░░░░░░░░░  59%  Streaming frame 1532/2481
  ██████████████░░░░░░░░░░░  59%  Streaming frame 1533/2481
  ██████████████░░░░░░░░░░░  59%  Streaming frame 1534/2481
  ██████████████░░░░░░░░░░░  59%  Streaming frame 1535/2481
  ██████████████░░░░░░░░░░░  59%  Streaming frame 1536/2481
  ██████████████░░░░░░░░░░░  59%  Streaming frame 1537/2481
  ██████████████░░░░░░░░░░░  59%  Streaming frame 1538/2481
  ██████████████░░░░░░░░░░░  59%  Streaming frame 1539/2481
  ██████████████░░░░░░░░░░░  59%  Streaming frame 1540/2481
  ██████████████░░░░░░░░░░░  59%  Streaming frame 1541/2481
  ██████████████░░░░░░░░░░░  59%  Streaming frame 1542/2481
  ██████████████░░░░░░░░░░░  59%  Streaming frame 1543/2481
  ██████████████░░░░░░░░░░░  59%  Streaming frame 1544/2481
  ██████████████░░░░░░░░░░░  59%  Streaming frame 1545/2481
  ██████████████░░░░░░░░░░░  59%  Streaming frame 1546/2481
  ██████████████░░░░░░░░░░░  59%  Streaming frame 1547/2481
  ██████████████░░░░░░░░░░░  59%  Streaming frame 1548/2481
  ██████████████░░░░░░░░░░░  59%  Streaming frame 1549/2481
  ██████████████░░░░░░░░░░░  59%  Streaming frame 1550/2481
  ██████████████░░░░░░░░░░░  59%  Streaming frame 1551/2481
  ██████████████░░░░░░░░░░░  59%  Streaming frame 1552/2481
  ██████████████░░░░░░░░░░░  59%  Streaming frame 1553/2481
  ██████████████░░░░░░░░░░░  59%  Streaming frame 1554/2481
  ██████████████░░░░░░░░░░░  59%  Streaming frame 1555/2481
  ██████████████░░░░░░░░░░░  59%  Streaming frame 1556/2481
  ███████████████░░░░░░░░░░  60%  Streaming frame 1557/2481
  ███████████████░░░░░░░░░░  60%  Streaming frame 1558/2481
  ███████████████░░░░░░░░░░  60%  Streaming frame 1559/2481
  ███████████████░░░░░░░░░░  60%  Streaming frame 1560/2481
  ███████████████░░░░░░░░░░  60%  Streaming frame 1561/2481
  ███████████████░░░░░░░░░░  60%  Streaming frame 1562/2481
  ███████████████░░░░░░░░░░  60%  Streaming frame 1563/2481
  ███████████████░░░░░░░░░░  60%  Streaming frame 1564/2481
  ███████████████░░░░░░░░░░  60%  Streaming frame 1565/2481
  ███████████████░░░░░░░░░░  60%  Streaming frame 1566/2481
  ███████████████░░░░░░░░░░  60%  Streaming frame 1567/2481
  ███████████████░░░░░░░░░░  60%  Streaming frame 1568/2481
  ███████████████░░░░░░░░░░  60%  Streaming frame 1569/2481
  ███████████████░░░░░░░░░░  60%  Streaming frame 1570/2481
  ███████████████░░░░░░░░░░  60%  Streaming frame 1571/2481
  ███████████████░░░░░░░░░░  60%  Streaming frame 1572/2481
  ███████████████░░░░░░░░░░  60%  Streaming frame 1573/2481
  ███████████████░░░░░░░░░░  60%  Streaming frame 1574/2481
  ███████████████░░░░░░░░░░  60%  Streaming frame 1575/2481
  ███████████████░░░░░░░░░░  60%  Streaming frame 1576/2481
  ███████████████░░░░░░░░░░  60%  Streaming frame 1577/2481
  ███████████████░░░░░░░░░░  60%  Streaming frame 1578/2481
  ███████████████░░░░░░░░░░  60%  Streaming frame 1579/2481
  ███████████████░░░░░░░░░░  60%  Streaming frame 1580/2481
  ███████████████░░░░░░░░░░  60%  Streaming frame 1581/2481
  ███████████████░░░░░░░░░░  60%  Streaming frame 1582/2481
  ███████████████░░░░░░░░░░  60%  Streaming frame 1583/2481
  ███████████████░░░░░░░░░░  60%  Streaming frame 1584/2481
  ███████████████░░░░░░░░░░  60%  Streaming frame 1585/2481
  ███████████████░░░░░░░░░░  60%  Streaming frame 1586/2481
  ███████████████░░░░░░░░░░  60%  Streaming frame 1587/2481
  ███████████████░░░░░░░░░░  60%  Streaming frame 1588/2481
  ███████████████░░░░░░░░░░  60%  Streaming frame 1589/2481
  ███████████████░░░░░░░░░░  60%  Streaming frame 1590/2481
  ███████████████░░░░░░░░░░  60%  Streaming frame 1591/2481
  ███████████████░░░░░░░░░░  60%  Streaming frame 1592/2481
  ███████████████░░░░░░░░░░  60%  Streaming frame 1593/2481
  ███████████████░░░░░░░░░░  60%  Streaming frame 1594/2481
  ███████████████░░░░░░░░░░  60%  Streaming frame 1595/2481
  ███████████████░░░░░░░░░░  60%  Streaming frame 1596/2481
  ███████████████░░░░░░░░░░  60%  Streaming frame 1597/2481
  ███████████████░░░░░░░░░░  60%  Streaming frame 1598/2481
  ███████████████░░░░░░░░░░  60%  Streaming frame 1599/2481
  ███████████████░░░░░░░░░░  60%  Streaming frame 1600/2481
  ███████████████░░░░░░░░░░  60%  Streaming frame 1601/2481
  ███████████████░░░░░░░░░░  61%  Streaming frame 1602/2481
  ███████████████░░░░░░░░░░  61%  Streaming frame 1603/2481
  ███████████████░░░░░░░░░░  61%  Streaming frame 1604/2481
  ███████████████░░░░░░░░░░  61%  Streaming frame 1605/2481
  ███████████████░░░░░░░░░░  61%  Streaming frame 1606/2481
  ███████████████░░░░░░░░░░  61%  Streaming frame 1607/2481
  ███████████████░░░░░░░░░░  61%  Streaming frame 1608/2481
  ███████████████░░░░░░░░░░  61%  Streaming frame 1609/2481
  ███████████████░░░░░░░░░░  61%  Streaming frame 1610/2481
  ███████████████░░░░░░░░░░  61%  Streaming frame 1611/2481
  ███████████████░░░░░░░░░░  61%  Streaming frame 1612/2481
  ███████████████░░░░░░░░░░  61%  Streaming frame 1613/2481
  ███████████████░░░░░░░░░░  61%  Streaming frame 1614/2481
  ███████████████░░░░░░░░░░  61%  Streaming frame 1615/2481
  ███████████████░░░░░░░░░░  61%  Streaming frame 1616/2481
  ███████████████░░░░░░░░░░  61%  Streaming frame 1617/2481
  ███████████████░░░░░░░░░░  61%  Streaming frame 1618/2481
  ███████████████░░░░░░░░░░  61%  Streaming frame 1619/2481
  ███████████████░░░░░░░░░░  61%  Streaming frame 1620/2481
  ███████████████░░░░░░░░░░  61%  Streaming frame 1621/2481
  ███████████████░░░░░░░░░░  61%  Streaming frame 1622/2481
  ███████████████░░░░░░░░░░  61%  Streaming frame 1623/2481
  ███████████████░░░░░░░░░░  61%  Streaming frame 1624/2481
  ███████████████░░░░░░░░░░  61%  Streaming frame 1625/2481
  ███████████████░░░░░░░░░░  61%  Streaming frame 1626/2481
  ███████████████░░░░░░░░░░  61%  Streaming frame 1627/2481
  ███████████████░░░░░░░░░░  61%  Streaming frame 1628/2481
  ███████████████░░░░░░░░░░  61%  Streaming frame 1629/2481
  ███████████████░░░░░░░░░░  61%  Streaming frame 1630/2481
  ███████████████░░░░░░░░░░  61%  Streaming frame 1631/2481
  ███████████████░░░░░░░░░░  61%  Streaming frame 1632/2481
  ███████████████░░░░░░░░░░  61%  Streaming frame 1633/2481
  ███████████████░░░░░░░░░░  61%  Streaming frame 1634/2481
  ███████████████░░░░░░░░░░  61%  Streaming frame 1635/2481
  ███████████████░░░░░░░░░░  61%  Streaming frame 1636/2481
  ███████████████░░░░░░░░░░  61%  Streaming frame 1637/2481
  ███████████████░░░░░░░░░░  61%  Streaming frame 1638/2481
  ███████████████░░░░░░░░░░  61%  Streaming frame 1639/2481
  ███████████████░░░░░░░░░░  61%  Streaming frame 1640/2481
  ███████████████░░░░░░░░░░  61%  Streaming frame 1641/2481
  ███████████████░░░░░░░░░░  61%  Streaming frame 1642/2481
  ███████████████░░░░░░░░░░  61%  Streaming frame 1643/2481
  ███████████████░░░░░░░░░░  61%  Streaming frame 1644/2481
  ███████████████░░░░░░░░░░  61%  Streaming frame 1645/2481
  ███████████████░░░░░░░░░░  61%  Streaming frame 1646/2481
  ███████████████░░░░░░░░░░  62%  Streaming frame 1647/2481
  ███████████████░░░░░░░░░░  62%  Streaming frame 1648/2481
  ███████████████░░░░░░░░░░  62%  Streaming frame 1649/2481
  ███████████████░░░░░░░░░░  62%  Streaming frame 1650/2481
  ███████████████░░░░░░░░░░  62%  Streaming frame 1651/2481
  ███████████████░░░░░░░░░░  62%  Streaming frame 1652/2481
  ███████████████░░░░░░░░░░  62%  Streaming frame 1653/2481
  ███████████████░░░░░░░░░░  62%  Streaming frame 1654/2481
  ███████████████░░░░░░░░░░  62%  Streaming frame 1655/2481
  ███████████████░░░░░░░░░░  62%  Streaming frame 1656/2481
  ███████████████░░░░░░░░░░  62%  Streaming frame 1657/2481
  ███████████████░░░░░░░░░░  62%  Streaming frame 1658/2481
  ███████████████░░░░░░░░░░  62%  Streaming frame 1659/2481
  ███████████████░░░░░░░░░░  62%  Streaming frame 1660/2481
  ███████████████░░░░░░░░░░  62%  Streaming frame 1661/2481
  ███████████████░░░░░░░░░░  62%  Streaming frame 1662/2481
  ███████████████░░░░░░░░░░  62%  Streaming frame 1663/2481
  ███████████████░░░░░░░░░░  62%  Streaming frame 1664/2481
  ███████████████░░░░░░░░░░  62%  Streaming frame 1665/2481
  ███████████████░░░░░░░░░░  62%  Streaming frame 1666/2481
  ███████████████░░░░░░░░░░  62%  Streaming frame 1667/2481
  ███████████████░░░░░░░░░░  62%  Streaming frame 1668/2481
  ███████████████░░░░░░░░░░  62%  Streaming frame 1669/2481
  ███████████████░░░░░░░░░░  62%  Streaming frame 1670/2481
  ███████████████░░░░░░░░░░  62%  Streaming frame 1671/2481
  ███████████████░░░░░░░░░░  62%  Streaming frame 1672/2481
  ███████████████░░░░░░░░░░  62%  Streaming frame 1673/2481
  ███████████████░░░░░░░░░░  62%  Streaming frame 1674/2481
  ███████████████░░░░░░░░░░  62%  Streaming frame 1675/2481
  ███████████████░░░░░░░░░░  62%  Streaming frame 1676/2481
  ███████████████░░░░░░░░░░  62%  Streaming frame 1677/2481
  ███████████████░░░░░░░░░░  62%  Streaming frame 1678/2481
  ███████████████░░░░░░░░░░  62%  Streaming frame 1679/2481
  ███████████████░░░░░░░░░░  62%  Streaming frame 1680/2481
  ███████████████░░░░░░░░░░  62%  Streaming frame 1681/2481
  ███████████████░░░░░░░░░░  62%  Streaming frame 1682/2481
  ███████████████░░░░░░░░░░  62%  Streaming frame 1683/2481
  ███████████████░░░░░░░░░░  62%  Streaming frame 1684/2481
  ███████████████░░░░░░░░░░  62%  Streaming frame 1685/2481
  ███████████████░░░░░░░░░░  62%  Streaming frame 1686/2481
  ███████████████░░░░░░░░░░  62%  Streaming frame 1687/2481
  ███████████████░░░░░░░░░░  62%  Streaming frame 1688/2481
  ███████████████░░░░░░░░░░  62%  Streaming frame 1689/2481
  ███████████████░░░░░░░░░░  62%  Streaming frame 1690/2481
  ███████████████░░░░░░░░░░  62%  Streaming frame 1691/2481
  ███████████████░░░░░░░░░░  63%  Streaming frame 1692/2481
  ███████████████░░░░░░░░░░  63%  Streaming frame 1693/2481
  ███████████████░░░░░░░░░░  63%  Streaming frame 1694/2481
  ███████████████░░░░░░░░░░  63%  Streaming frame 1695/2481
  ███████████████░░░░░░░░░░  63%  Streaming frame 1696/2481
  ███████████████░░░░░░░░░░  63%  Streaming frame 1697/2481
  ███████████████░░░░░░░░░░  63%  Streaming frame 1698/2481
  ███████████████░░░░░░░░░░  63%  Streaming frame 1699/2481
  ███████████████░░░░░░░░░░  63%  Streaming frame 1700/2481
  ███████████████░░░░░░░░░░  63%  Streaming frame 1701/2481
  ███████████████░░░░░░░░░░  63%  Streaming frame 1702/2481
  ███████████████░░░░░░░░░░  63%  Streaming frame 1703/2481
  ███████████████░░░░░░░░░░  63%  Streaming frame 1704/2481
  ███████████████░░░░░░░░░░  63%  Streaming frame 1705/2481
  ███████████████░░░░░░░░░░  63%  Streaming frame 1706/2481
  ███████████████░░░░░░░░░░  63%  Streaming frame 1707/2481
  ███████████████░░░░░░░░░░  63%  Streaming frame 1708/2481
  ███████████████░░░░░░░░░░  63%  Streaming frame 1709/2481
  ███████████████░░░░░░░░░░  63%  Streaming frame 1710/2481
  ███████████████░░░░░░░░░░  63%  Streaming frame 1711/2481
  ███████████████░░░░░░░░░░  63%  Streaming frame 1712/2481
  ███████████████░░░░░░░░░░  63%  Streaming frame 1713/2481
  ███████████████░░░░░░░░░░  63%  Streaming frame 1714/2481
  ███████████████░░░░░░░░░░  63%  Streaming frame 1715/2481
  ███████████████░░░░░░░░░░  63%  Streaming frame 1716/2481
  ███████████████░░░░░░░░░░  63%  Streaming frame 1717/2481
  ███████████████░░░░░░░░░░  63%  Streaming frame 1718/2481
  ███████████████░░░░░░░░░░  63%  Streaming frame 1719/2481
  ███████████████░░░░░░░░░░  63%  Streaming frame 1720/2481
  ███████████████░░░░░░░░░░  63%  Streaming frame 1721/2481
  ███████████████░░░░░░░░░░  63%  Streaming frame 1722/2481
  ███████████████░░░░░░░░░░  63%  Streaming frame 1723/2481
  ███████████████░░░░░░░░░░  63%  Streaming frame 1724/2481
  ███████████████░░░░░░░░░░  63%  Streaming frame 1725/2481
  ███████████████░░░░░░░░░░  63%  Streaming frame 1726/2481
  ███████████████░░░░░░░░░░  63%  Streaming frame 1727/2481
  ███████████████░░░░░░░░░░  63%  Streaming frame 1728/2481
  ███████████████░░░░░░░░░░  63%  Streaming frame 1729/2481
  ███████████████░░░░░░░░░░  63%  Streaming frame 1730/2481
  ███████████████░░░░░░░░░░  63%  Streaming frame 1731/2481
  ███████████████░░░░░░░░░░  63%  Streaming frame 1732/2481
  ███████████████░░░░░░░░░░  63%  Streaming frame 1733/2481
  ███████████████░░░░░░░░░░  63%  Streaming frame 1734/2481
  ███████████████░░░░░░░░░░  63%  Streaming frame 1735/2481
  ███████████████░░░░░░░░░░  63%  Streaming frame 1736/2481
  ████████████████░░░░░░░░░  64%  Streaming frame 1737/2481
  ████████████████░░░░░░░░░  64%  Streaming frame 1738/2481
  ████████████████░░░░░░░░░  64%  Streaming frame 1739/2481
  ████████████████░░░░░░░░░  64%  Streaming frame 1740/2481
  ████████████████░░░░░░░░░  64%  Streaming frame 1741/2481
  ████████████████░░░░░░░░░  64%  Streaming frame 1742/2481
  ████████████████░░░░░░░░░  64%  Streaming frame 1743/2481
  ████████████████░░░░░░░░░  64%  Streaming frame 1744/2481
  ████████████████░░░░░░░░░  64%  Streaming frame 1745/2481
  ████████████████░░░░░░░░░  64%  Streaming frame 1746/2481
  ████████████████░░░░░░░░░  64%  Streaming frame 1747/2481
  ████████████████░░░░░░░░░  64%  Streaming frame 1748/2481
  ████████████████░░░░░░░░░  64%  Streaming frame 1749/2481
  ████████████████░░░░░░░░░  64%  Streaming frame 1750/2481
  ████████████████░░░░░░░░░  64%  Streaming frame 1751/2481
  ████████████████░░░░░░░░░  64%  Streaming frame 1752/2481
  ████████████████░░░░░░░░░  64%  Streaming frame 1753/2481
  ████████████████░░░░░░░░░  64%  Streaming frame 1754/2481
  ████████████████░░░░░░░░░  64%  Streaming frame 1755/2481
  ████████████████░░░░░░░░░  64%  Streaming frame 1756/2481
  ████████████████░░░░░░░░░  64%  Streaming frame 1757/2481
  ████████████████░░░░░░░░░  64%  Streaming frame 1758/2481
  ████████████████░░░░░░░░░  64%  Streaming frame 1759/2481
  ████████████████░░░░░░░░░  64%  Streaming frame 1760/2481
  ████████████████░░░░░░░░░  64%  Streaming frame 1761/2481
  ████████████████░░░░░░░░░  64%  Streaming frame 1762/2481
  ████████████████░░░░░░░░░  64%  Streaming frame 1763/2481
  ████████████████░░░░░░░░░  64%  Streaming frame 1764/2481
  ████████████████░░░░░░░░░  64%  Streaming frame 1765/2481
  ████████████████░░░░░░░░░  64%  Streaming frame 1766/2481
  ████████████████░░░░░░░░░  64%  Streaming frame 1767/2481
  ████████████████░░░░░░░░░  64%  Streaming frame 1768/2481
  ████████████████░░░░░░░░░  64%  Streaming frame 1769/2481
  ████████████████░░░░░░░░░  64%  Streaming frame 1770/2481
  ████████████████░░░░░░░░░  64%  Streaming frame 1771/2481
  ████████████████░░░░░░░░░  64%  Streaming frame 1772/2481
  ████████████████░░░░░░░░░  64%  Streaming frame 1773/2481
  ████████████████░░░░░░░░░  64%  Streaming frame 1774/2481
  ████████████████░░░░░░░░░  64%  Streaming frame 1775/2481
  ████████████████░░░░░░░░░  64%  Streaming frame 1776/2481
  ████████████████░░░░░░░░░  64%  Streaming frame 1777/2481
  ████████████████░░░░░░░░░  64%  Streaming frame 1778/2481
  ████████████████░░░░░░░░░  64%  Streaming frame 1779/2481
  ████████████████░░░░░░░░░  64%  Streaming frame 1780/2481
  ████████████████░░░░░░░░░  64%  Streaming frame 1781/2481
  ████████████████░░░░░░░░░  65%  Streaming frame 1782/2481
  ████████████████░░░░░░░░░  65%  Streaming frame 1783/2481
  ████████████████░░░░░░░░░  65%  Streaming frame 1784/2481
  ████████████████░░░░░░░░░  65%  Streaming frame 1785/2481
  ████████████████░░░░░░░░░  65%  Streaming frame 1786/2481
  ████████████████░░░░░░░░░  65%  Streaming frame 1787/2481
  ████████████████░░░░░░░░░  65%  Streaming frame 1788/2481
  ████████████████░░░░░░░░░  65%  Streaming frame 1789/2481
  ████████████████░░░░░░░░░  65%  Streaming frame 1790/2481
  ████████████████░░░░░░░░░  65%  Streaming frame 1791/2481
  ████████████████░░░░░░░░░  65%  Streaming frame 1792/2481
  ████████████████░░░░░░░░░  65%  Streaming frame 1793/2481
  ████████████████░░░░░░░░░  65%  Streaming frame 1794/2481
  ████████████████░░░░░░░░░  65%  Streaming frame 1795/2481
  ████████████████░░░░░░░░░  65%  Streaming frame 1796/2481
  ████████████████░░░░░░░░░  65%  Streaming frame 1797/2481
  ████████████████░░░░░░░░░  65%  Streaming frame 1798/2481
  ████████████████░░░░░░░░░  65%  Streaming frame 1799/2481
  ████████████████░░░░░░░░░  65%  Streaming frame 1800/2481
  ████████████████░░░░░░░░░  65%  Streaming frame 1801/2481
  ████████████████░░░░░░░░░  65%  Streaming frame 1802/2481
  ████████████████░░░░░░░░░  65%  Streaming frame 1803/2481
  ████████████████░░░░░░░░░  65%  Streaming frame 1804/2481
  ████████████████░░░░░░░░░  65%  Streaming frame 1805/2481
  ████████████████░░░░░░░░░  65%  Streaming frame 1806/2481
  ████████████████░░░░░░░░░  65%  Streaming frame 1807/2481
  ████████████████░░░░░░░░░  65%  Streaming frame 1808/2481
  ████████████████░░░░░░░░░  65%  Streaming frame 1809/2481
  ████████████████░░░░░░░░░  65%  Streaming frame 1810/2481
  ████████████████░░░░░░░░░  65%  Streaming frame 1811/2481
  ████████████████░░░░░░░░░  65%  Streaming frame 1812/2481
  ████████████████░░░░░░░░░  65%  Streaming frame 1813/2481
  ████████████████░░░░░░░░░  65%  Streaming frame 1814/2481
  ████████████████░░░░░░░░░  65%  Streaming frame 1815/2481
  ████████████████░░░░░░░░░  65%  Streaming frame 1816/2481
  ████████████████░░░░░░░░░  65%  Streaming frame 1817/2481
  ████████████████░░░░░░░░░  65%  Streaming frame 1818/2481
  ████████████████░░░░░░░░░  65%  Streaming frame 1819/2481
  ████████████████░░░░░░░░░  65%  Streaming frame 1820/2481
  ████████████████░░░░░░░░░  65%  Streaming frame 1821/2481
  ████████████████░░░░░░░░░  65%  Streaming frame 1822/2481
  ████████████████░░░░░░░░░  65%  Streaming frame 1823/2481
  ████████████████░░░░░░░░░  65%  Streaming frame 1824/2481
  ████████████████░░░░░░░░░  65%  Streaming frame 1825/2481
  ████████████████░░░░░░░░░  65%  Streaming frame 1826/2481
  ████████████████░░░░░░░░░  66%  Streaming frame 1827/2481
  ████████████████░░░░░░░░░  66%  Streaming frame 1828/2481
  ████████████████░░░░░░░░░  66%  Streaming frame 1829/2481
  ████████████████░░░░░░░░░  66%  Streaming frame 1830/2481
  ████████████████░░░░░░░░░  66%  Streaming frame 1831/2481
  ████████████████░░░░░░░░░  66%  Streaming frame 1832/2481
  ████████████████░░░░░░░░░  66%  Streaming frame 1833/2481
  ████████████████░░░░░░░░░  66%  Streaming frame 1834/2481
  ████████████████░░░░░░░░░  66%  Streaming frame 1835/2481
  ████████████████░░░░░░░░░  66%  Streaming frame 1836/2481
  ████████████████░░░░░░░░░  66%  Streaming frame 1837/2481
  ████████████████░░░░░░░░░  66%  Streaming frame 1838/2481
  ████████████████░░░░░░░░░  66%  Streaming frame 1839/2481
  ████████████████░░░░░░░░░  66%  Streaming frame 1840/2481
  ████████████████░░░░░░░░░  66%  Streaming frame 1841/2481
  ████████████████░░░░░░░░░  66%  Streaming frame 1842/2481
  ████████████████░░░░░░░░░  66%  Streaming frame 1843/2481
  ████████████████░░░░░░░░░  66%  Streaming frame 1844/2481
  ████████████████░░░░░░░░░  66%  Streaming frame 1845/2481
  ████████████████░░░░░░░░░  66%  Streaming frame 1846/2481
  ████████████████░░░░░░░░░  66%  Streaming frame 1847/2481
  ████████████████░░░░░░░░░  66%  Streaming frame 1848/2481
  ████████████████░░░░░░░░░  66%  Streaming frame 1849/2481
  ████████████████░░░░░░░░░  66%  Streaming frame 1850/2481
  ████████████████░░░░░░░░░  66%  Streaming frame 1851/2481
  ████████████████░░░░░░░░░  66%  Streaming frame 1852/2481
  ████████████████░░░░░░░░░  66%  Streaming frame 1853/2481
  ████████████████░░░░░░░░░  66%  Streaming frame 1854/2481
  ████████████████░░░░░░░░░  66%  Streaming frame 1855/2481
  ████████████████░░░░░░░░░  66%  Streaming frame 1856/2481
  ████████████████░░░░░░░░░  66%  Streaming frame 1857/2481
  ████████████████░░░░░░░░░  66%  Streaming frame 1858/2481
  ████████████████░░░░░░░░░  66%  Streaming frame 1859/2481
  ████████████████░░░░░░░░░  66%  Streaming frame 1860/2481
  ████████████████░░░░░░░░░  66%  Streaming frame 1861/2481
[INFO] [Render] drawElement self-verify passed {"renderJobId":"1f26c8c6-5680-4fbe-a384-33ee200c8379","frame":1861,"psnrDb":"inf"}
  ████████████████░░░░░░░░░  66%  Streaming frame 1862/2481
  ████████████████░░░░░░░░░  66%  Streaming frame 1863/2481
  ████████████████░░░░░░░░░  66%  Streaming frame 1864/2481
  ████████████████░░░░░░░░░  66%  Streaming frame 1865/2481
  ████████████████░░░░░░░░░  66%  Streaming frame 1866/2481
  ████████████████░░░░░░░░░  66%  Streaming frame 1867/2481
  ████████████████░░░░░░░░░  66%  Streaming frame 1868/2481
  ████████████████░░░░░░░░░  66%  Streaming frame 1869/2481
  ████████████████░░░░░░░░░  66%  Streaming frame 1870/2481
  ████████████████░░░░░░░░░  66%  Streaming frame 1871/2481
  ████████████████░░░░░░░░░  66%  Streaming frame 1872/2481
  ████████████████░░░░░░░░░  67%  Streaming frame 1873/2481
  ████████████████░░░░░░░░░  67%  Streaming frame 1874/2481
  ████████████████░░░░░░░░░  67%  Streaming frame 1875/2481
  ████████████████░░░░░░░░░  67%  Streaming frame 1876/2481
  ████████████████░░░░░░░░░  67%  Streaming frame 1877/2481
  ████████████████░░░░░░░░░  67%  Streaming frame 1878/2481
  ████████████████░░░░░░░░░  67%  Streaming frame 1879/2481
  ████████████████░░░░░░░░░  67%  Streaming frame 1880/2481
  ████████████████░░░░░░░░░  67%  Streaming frame 1881/2481
  ████████████████░░░░░░░░░  67%  Streaming frame 1882/2481
  ████████████████░░░░░░░░░  67%  Streaming frame 1883/2481
  ████████████████░░░░░░░░░  67%  Streaming frame 1884/2481
  ████████████████░░░░░░░░░  67%  Streaming frame 1885/2481
  ████████████████░░░░░░░░░  67%  Streaming frame 1886/2481
  ████████████████░░░░░░░░░  67%  Streaming frame 1887/2481
  ████████████████░░░░░░░░░  67%  Streaming frame 1888/2481
  ████████████████░░░░░░░░░  67%  Streaming frame 1889/2481
  ████████████████░░░░░░░░░  67%  Streaming frame 1890/2481
  ████████████████░░░░░░░░░  67%  Streaming frame 1891/2481
  ████████████████░░░░░░░░░  67%  Streaming frame 1892/2481
  ████████████████░░░░░░░░░  67%  Streaming frame 1893/2481
  ████████████████░░░░░░░░░  67%  Streaming frame 1894/2481
  ████████████████░░░░░░░░░  67%  Streaming frame 1895/2481
  ████████████████░░░░░░░░░  67%  Streaming frame 1896/2481
  ████████████████░░░░░░░░░  67%  Streaming frame 1897/2481
  ████████████████░░░░░░░░░  67%  Streaming frame 1898/2481
  ████████████████░░░░░░░░░  67%  Streaming frame 1899/2481
  ████████████████░░░░░░░░░  67%  Streaming frame 1900/2481
  ████████████████░░░░░░░░░  67%  Streaming frame 1901/2481
  ████████████████░░░░░░░░░  67%  Streaming frame 1902/2481
  ████████████████░░░░░░░░░  67%  Streaming frame 1903/2481
  ████████████████░░░░░░░░░  67%  Streaming frame 1904/2481
  ████████████████░░░░░░░░░  67%  Streaming frame 1905/2481
  ████████████████░░░░░░░░░  67%  Streaming frame 1906/2481
  ████████████████░░░░░░░░░  67%  Streaming frame 1907/2481
  ████████████████░░░░░░░░░  67%  Streaming frame 1908/2481
  ████████████████░░░░░░░░░  67%  Streaming frame 1909/2481
  ████████████████░░░░░░░░░  67%  Streaming frame 1910/2481
  ████████████████░░░░░░░░░  67%  Streaming frame 1911/2481
  ████████████████░░░░░░░░░  67%  Streaming frame 1912/2481
  ████████████████░░░░░░░░░  67%  Streaming frame 1913/2481
  ████████████████░░░░░░░░░  67%  Streaming frame 1914/2481
  ████████████████░░░░░░░░░  67%  Streaming frame 1915/2481
  ████████████████░░░░░░░░░  67%  Streaming frame 1916/2481
  ████████████████░░░░░░░░░  67%  Streaming frame 1917/2481
  █████████████████░░░░░░░░  68%  Streaming frame 1918/2481
  █████████████████░░░░░░░░  68%  Streaming frame 1919/2481
  █████████████████░░░░░░░░  68%  Streaming frame 1920/2481
  █████████████████░░░░░░░░  68%  Streaming frame 1921/2481
  █████████████████░░░░░░░░  68%  Streaming frame 1922/2481
  █████████████████░░░░░░░░  68%  Streaming frame 1923/2481
  █████████████████░░░░░░░░  68%  Streaming frame 1924/2481
  █████████████████░░░░░░░░  68%  Streaming frame 1925/2481
  █████████████████░░░░░░░░  68%  Streaming frame 1926/2481
  █████████████████░░░░░░░░  68%  Streaming frame 1927/2481
  █████████████████░░░░░░░░  68%  Streaming frame 1928/2481
  █████████████████░░░░░░░░  68%  Streaming frame 1929/2481
  █████████████████░░░░░░░░  68%  Streaming frame 1930/2481
  █████████████████░░░░░░░░  68%  Streaming frame 1931/2481
  █████████████████░░░░░░░░  68%  Streaming frame 1932/2481
  █████████████████░░░░░░░░  68%  Streaming frame 1933/2481
  █████████████████░░░░░░░░  68%  Streaming frame 1934/2481
  █████████████████░░░░░░░░  68%  Streaming frame 1935/2481
  █████████████████░░░░░░░░  68%  Streaming frame 1936/2481
  █████████████████░░░░░░░░  68%  Streaming frame 1937/2481
  █████████████████░░░░░░░░  68%  Streaming frame 1938/2481
  █████████████████░░░░░░░░  68%  Streaming frame 1939/2481
  █████████████████░░░░░░░░  68%  Streaming frame 1940/2481
  █████████████████░░░░░░░░  68%  Streaming frame 1941/2481
  █████████████████░░░░░░░░  68%  Streaming frame 1942/2481
  █████████████████░░░░░░░░  68%  Streaming frame 1943/2481
  █████████████████░░░░░░░░  68%  Streaming frame 1944/2481
  █████████████████░░░░░░░░  68%  Streaming frame 1945/2481
  █████████████████░░░░░░░░  68%  Streaming frame 1946/2481
  █████████████████░░░░░░░░  68%  Streaming frame 1947/2481
  █████████████████░░░░░░░░  68%  Streaming frame 1948/2481
  █████████████████░░░░░░░░  68%  Streaming frame 1949/2481
  █████████████████░░░░░░░░  68%  Streaming frame 1950/2481
  █████████████████░░░░░░░░  68%  Streaming frame 1951/2481
  █████████████████░░░░░░░░  68%  Streaming frame 1952/2481
  █████████████████░░░░░░░░  68%  Streaming frame 1953/2481
  █████████████████░░░░░░░░  68%  Streaming frame 1954/2481
  █████████████████░░░░░░░░  68%  Streaming frame 1955/2481
  █████████████████░░░░░░░░  68%  Streaming frame 1956/2481
  █████████████████░░░░░░░░  68%  Streaming frame 1957/2481
  █████████████████░░░░░░░░  68%  Streaming frame 1958/2481
  █████████████████░░░░░░░░  68%  Streaming frame 1959/2481
  █████████████████░░░░░░░░  68%  Streaming frame 1960/2481
  █████████████████░░░░░░░░  68%  Streaming frame 1961/2481
  █████████████████░░░░░░░░  68%  Streaming frame 1962/2481
  █████████████████░░░░░░░░  69%  Streaming frame 1963/2481
  █████████████████░░░░░░░░  69%  Streaming frame 1964/2481
  █████████████████░░░░░░░░  69%  Streaming frame 1965/2481
  █████████████████░░░░░░░░  69%  Streaming frame 1966/2481
  █████████████████░░░░░░░░  69%  Streaming frame 1967/2481
  █████████████████░░░░░░░░  69%  Streaming frame 1968/2481
  █████████████████░░░░░░░░  69%  Streaming frame 1969/2481
  █████████████████░░░░░░░░  69%  Streaming frame 1970/2481
  █████████████████░░░░░░░░  69%  Streaming frame 1971/2481
  █████████████████░░░░░░░░  69%  Streaming frame 1972/2481
  █████████████████░░░░░░░░  69%  Streaming frame 1973/2481
  █████████████████░░░░░░░░  69%  Streaming frame 1974/2481
  █████████████████░░░░░░░░  69%  Streaming frame 1975/2481
  █████████████████░░░░░░░░  69%  Streaming frame 1976/2481
  █████████████████░░░░░░░░  69%  Streaming frame 1977/2481
  █████████████████░░░░░░░░  69%  Streaming frame 1978/2481
  █████████████████░░░░░░░░  69%  Streaming frame 1979/2481
  █████████████████░░░░░░░░  69%  Streaming frame 1980/2481
  █████████████████░░░░░░░░  69%  Streaming frame 1981/2481
  █████████████████░░░░░░░░  69%  Streaming frame 1982/2481
  █████████████████░░░░░░░░  69%  Streaming frame 1983/2481
  █████████████████░░░░░░░░  69%  Streaming frame 1984/2481
  █████████████████░░░░░░░░  69%  Streaming frame 1985/2481
  █████████████████░░░░░░░░  69%  Streaming frame 1986/2481
  █████████████████░░░░░░░░  69%  Streaming frame 1987/2481
  █████████████████░░░░░░░░  69%  Streaming frame 1988/2481
  █████████████████░░░░░░░░  69%  Streaming frame 1989/2481
  █████████████████░░░░░░░░  69%  Streaming frame 1990/2481
  █████████████████░░░░░░░░  69%  Streaming frame 1991/2481
  █████████████████░░░░░░░░  69%  Streaming frame 1992/2481
  █████████████████░░░░░░░░  69%  Streaming frame 1993/2481
  █████████████████░░░░░░░░  69%  Streaming frame 1994/2481
  █████████████████░░░░░░░░  69%  Streaming frame 1995/2481
  █████████████████░░░░░░░░  69%  Streaming frame 1996/2481
  █████████████████░░░░░░░░  69%  Streaming frame 1997/2481
  █████████████████░░░░░░░░  69%  Streaming frame 1998/2481
  █████████████████░░░░░░░░  69%  Streaming frame 1999/2481
  █████████████████░░░░░░░░  69%  Streaming frame 2000/2481
  █████████████████░░░░░░░░  69%  Streaming frame 2001/2481
  █████████████████░░░░░░░░  69%  Streaming frame 2002/2481
  █████████████████░░░░░░░░  69%  Streaming frame 2003/2481
  █████████████████░░░░░░░░  69%  Streaming frame 2004/2481
  █████████████████░░░░░░░░  69%  Streaming frame 2005/2481
  █████████████████░░░░░░░░  69%  Streaming frame 2006/2481
  █████████████████░░░░░░░░  69%  Streaming frame 2007/2481
  █████████████████░░░░░░░░  70%  Streaming frame 2008/2481
  █████████████████░░░░░░░░  70%  Streaming frame 2009/2481
  █████████████████░░░░░░░░  70%  Streaming frame 2010/2481
  █████████████████░░░░░░░░  70%  Streaming frame 2011/2481
  █████████████████░░░░░░░░  70%  Streaming frame 2012/2481
  █████████████████░░░░░░░░  70%  Streaming frame 2013/2481
  █████████████████░░░░░░░░  70%  Streaming frame 2014/2481
  █████████████████░░░░░░░░  70%  Streaming frame 2015/2481
  █████████████████░░░░░░░░  70%  Streaming frame 2016/2481
  █████████████████░░░░░░░░  70%  Streaming frame 2017/2481
  █████████████████░░░░░░░░  70%  Streaming frame 2018/2481
  █████████████████░░░░░░░░  70%  Streaming frame 2019/2481
  █████████████████░░░░░░░░  70%  Streaming frame 2020/2481
  █████████████████░░░░░░░░  70%  Streaming frame 2021/2481
  █████████████████░░░░░░░░  70%  Streaming frame 2022/2481
  █████████████████░░░░░░░░  70%  Streaming frame 2023/2481
  █████████████████░░░░░░░░  70%  Streaming frame 2024/2481
  █████████████████░░░░░░░░  70%  Streaming frame 2025/2481
  █████████████████░░░░░░░░  70%  Streaming frame 2026/2481
  █████████████████░░░░░░░░  70%  Streaming frame 2027/2481
  █████████████████░░░░░░░░  70%  Streaming frame 2028/2481
  █████████████████░░░░░░░░  70%  Streaming frame 2029/2481
  █████████████████░░░░░░░░  70%  Streaming frame 2030/2481
  █████████████████░░░░░░░░  70%  Streaming frame 2031/2481
  █████████████████░░░░░░░░  70%  Streaming frame 2032/2481
  █████████████████░░░░░░░░  70%  Streaming frame 2033/2481
  █████████████████░░░░░░░░  70%  Streaming frame 2034/2481
  █████████████████░░░░░░░░  70%  Streaming frame 2035/2481
  █████████████████░░░░░░░░  70%  Streaming frame 2036/2481
  █████████████████░░░░░░░░  70%  Streaming frame 2037/2481
  █████████████████░░░░░░░░  70%  Streaming frame 2038/2481
  █████████████████░░░░░░░░  70%  Streaming frame 2039/2481
  █████████████████░░░░░░░░  70%  Streaming frame 2040/2481
  █████████████████░░░░░░░░  70%  Streaming frame 2041/2481
  █████████████████░░░░░░░░  70%  Streaming frame 2042/2481
  █████████████████░░░░░░░░  70%  Streaming frame 2043/2481
  █████████████████░░░░░░░░  70%  Streaming frame 2044/2481
  █████████████████░░░░░░░░  70%  Streaming frame 2045/2481
  █████████████████░░░░░░░░  70%  Streaming frame 2046/2481
  █████████████████░░░░░░░░  70%  Streaming frame 2047/2481
  █████████████████░░░░░░░░  70%  Streaming frame 2048/2481
  █████████████████░░░░░░░░  70%  Streaming frame 2049/2481
  █████████████████░░░░░░░░  70%  Streaming frame 2050/2481
  █████████████████░░░░░░░░  70%  Streaming frame 2051/2481
  █████████████████░░░░░░░░  70%  Streaming frame 2052/2481
  █████████████████░░░░░░░░  71%  Streaming frame 2053/2481
  █████████████████░░░░░░░░  71%  Streaming frame 2054/2481
  █████████████████░░░░░░░░  71%  Streaming frame 2055/2481
  █████████████████░░░░░░░░  71%  Streaming frame 2056/2481
  █████████████████░░░░░░░░  71%  Streaming frame 2057/2481
  █████████████████░░░░░░░░  71%  Streaming frame 2058/2481
  █████████████████░░░░░░░░  71%  Streaming frame 2059/2481
  █████████████████░░░░░░░░  71%  Streaming frame 2060/2481
  █████████████████░░░░░░░░  71%  Streaming frame 2061/2481
  █████████████████░░░░░░░░  71%  Streaming frame 2062/2481
  █████████████████░░░░░░░░  71%  Streaming frame 2063/2481
  █████████████████░░░░░░░░  71%  Streaming frame 2064/2481
  █████████████████░░░░░░░░  71%  Streaming frame 2065/2481
  █████████████████░░░░░░░░  71%  Streaming frame 2066/2481
  █████████████████░░░░░░░░  71%  Streaming frame 2067/2481
  █████████████████░░░░░░░░  71%  Streaming frame 2068/2481
  █████████████████░░░░░░░░  71%  Streaming frame 2069/2481
  █████████████████░░░░░░░░  71%  Streaming frame 2070/2481
  █████████████████░░░░░░░░  71%  Streaming frame 2071/2481
  █████████████████░░░░░░░░  71%  Streaming frame 2072/2481
  █████████████████░░░░░░░░  71%  Streaming frame 2073/2481
  █████████████████░░░░░░░░  71%  Streaming frame 2074/2481
  █████████████████░░░░░░░░  71%  Streaming frame 2075/2481
  █████████████████░░░░░░░░  71%  Streaming frame 2076/2481
  █████████████████░░░░░░░░  71%  Streaming frame 2077/2481
  █████████████████░░░░░░░░  71%  Streaming frame 2078/2481
  █████████████████░░░░░░░░  71%  Streaming frame 2079/2481
  █████████████████░░░░░░░░  71%  Streaming frame 2080/2481
  █████████████████░░░░░░░░  71%  Streaming frame 2081/2481
  █████████████████░░░░░░░░  71%  Streaming frame 2082/2481
  █████████████████░░░░░░░░  71%  Streaming frame 2083/2481
  █████████████████░░░░░░░░  71%  Streaming frame 2084/2481
  █████████████████░░░░░░░░  71%  Streaming frame 2085/2481
  █████████████████░░░░░░░░  71%  Streaming frame 2086/2481
  █████████████████░░░░░░░░  71%  Streaming frame 2087/2481
  █████████████████░░░░░░░░  71%  Streaming frame 2088/2481
  █████████████████░░░░░░░░  71%  Streaming frame 2089/2481
  █████████████████░░░░░░░░  71%  Streaming frame 2090/2481
  █████████████████░░░░░░░░  71%  Streaming frame 2091/2481
  █████████████████░░░░░░░░  71%  Streaming frame 2092/2481
  █████████████████░░░░░░░░  71%  Streaming frame 2093/2481
  █████████████████░░░░░░░░  71%  Streaming frame 2094/2481
  █████████████████░░░░░░░░  71%  Streaming frame 2095/2481
  █████████████████░░░░░░░░  71%  Streaming frame 2096/2481
  █████████████████░░░░░░░░  71%  Streaming frame 2097/2481
  ██████████████████░░░░░░░  72%  Streaming frame 2098/2481
  ██████████████████░░░░░░░  72%  Streaming frame 2099/2481
  ██████████████████░░░░░░░  72%  Streaming frame 2100/2481
  ██████████████████░░░░░░░  72%  Streaming frame 2101/2481
  ██████████████████░░░░░░░  72%  Streaming frame 2102/2481
  ██████████████████░░░░░░░  72%  Streaming frame 2103/2481
  ██████████████████░░░░░░░  72%  Streaming frame 2104/2481
  ██████████████████░░░░░░░  72%  Streaming frame 2105/2481
  ██████████████████░░░░░░░  72%  Streaming frame 2106/2481
  ██████████████████░░░░░░░  72%  Streaming frame 2107/2481
  ██████████████████░░░░░░░  72%  Streaming frame 2108/2481
  ██████████████████░░░░░░░  72%  Streaming frame 2109/2481
  ██████████████████░░░░░░░  72%  Streaming frame 2110/2481
  ██████████████████░░░░░░░  72%  Streaming frame 2111/2481
  ██████████████████░░░░░░░  72%  Streaming frame 2112/2481
  ██████████████████░░░░░░░  72%  Streaming frame 2113/2481
  ██████████████████░░░░░░░  72%  Streaming frame 2114/2481
  ██████████████████░░░░░░░  72%  Streaming frame 2115/2481
  ██████████████████░░░░░░░  72%  Streaming frame 2116/2481
  ██████████████████░░░░░░░  72%  Streaming frame 2117/2481
  ██████████████████░░░░░░░  72%  Streaming frame 2118/2481
  ██████████████████░░░░░░░  72%  Streaming frame 2119/2481
  ██████████████████░░░░░░░  72%  Streaming frame 2120/2481
  ██████████████████░░░░░░░  72%  Streaming frame 2121/2481
  ██████████████████░░░░░░░  72%  Streaming frame 2122/2481
  ██████████████████░░░░░░░  72%  Streaming frame 2123/2481
  ██████████████████░░░░░░░  72%  Streaming frame 2124/2481
  ██████████████████░░░░░░░  72%  Streaming frame 2125/2481
  ██████████████████░░░░░░░  72%  Streaming frame 2126/2481
  ██████████████████░░░░░░░  72%  Streaming frame 2127/2481
  ██████████████████░░░░░░░  72%  Streaming frame 2128/2481
  ██████████████████░░░░░░░  72%  Streaming frame 2129/2481
  ██████████████████░░░░░░░  72%  Streaming frame 2130/2481
  ██████████████████░░░░░░░  72%  Streaming frame 2131/2481
  ██████████████████░░░░░░░  72%  Streaming frame 2132/2481
  ██████████████████░░░░░░░  72%  Streaming frame 2133/2481
  ██████████████████░░░░░░░  72%  Streaming frame 2134/2481
  ██████████████████░░░░░░░  72%  Streaming frame 2135/2481
  ██████████████████░░░░░░░  72%  Streaming frame 2136/2481
  ██████████████████░░░░░░░  72%  Streaming frame 2137/2481
  ██████████████████░░░░░░░  72%  Streaming frame 2138/2481
  ██████████████████░░░░░░░  72%  Streaming frame 2139/2481
  ██████████████████░░░░░░░  72%  Streaming frame 2140/2481
  ██████████████████░░░░░░░  72%  Streaming frame 2141/2481
  ██████████████████░░░░░░░  72%  Streaming frame 2142/2481
  ██████████████████░░░░░░░  73%  Streaming frame 2143/2481
  ██████████████████░░░░░░░  73%  Streaming frame 2144/2481
  ██████████████████░░░░░░░  73%  Streaming frame 2145/2481
  ██████████████████░░░░░░░  73%  Streaming frame 2146/2481
  ██████████████████░░░░░░░  73%  Streaming frame 2147/2481
  ██████████████████░░░░░░░  73%  Streaming frame 2148/2481
  ██████████████████░░░░░░░  73%  Streaming frame 2149/2481
  ██████████████████░░░░░░░  73%  Streaming frame 2150/2481
  ██████████████████░░░░░░░  73%  Streaming frame 2151/2481
  ██████████████████░░░░░░░  73%  Streaming frame 2152/2481
  ██████████████████░░░░░░░  73%  Streaming frame 2153/2481
  ██████████████████░░░░░░░  73%  Streaming frame 2154/2481
  ██████████████████░░░░░░░  73%  Streaming frame 2155/2481
  ██████████████████░░░░░░░  73%  Streaming frame 2156/2481
  ██████████████████░░░░░░░  73%  Streaming frame 2157/2481
  ██████████████████░░░░░░░  73%  Streaming frame 2158/2481
  ██████████████████░░░░░░░  73%  Streaming frame 2159/2481
  ██████████████████░░░░░░░  73%  Streaming frame 2160/2481
  ██████████████████░░░░░░░  73%  Streaming frame 2161/2481
  ██████████████████░░░░░░░  73%  Streaming frame 2162/2481
  ██████████████████░░░░░░░  73%  Streaming frame 2163/2481
  ██████████████████░░░░░░░  73%  Streaming frame 2164/2481
  ██████████████████░░░░░░░  73%  Streaming frame 2165/2481
  ██████████████████░░░░░░░  73%  Streaming frame 2166/2481
  ██████████████████░░░░░░░  73%  Streaming frame 2167/2481
  ██████████████████░░░░░░░  73%  Streaming frame 2168/2481
  ██████████████████░░░░░░░  73%  Streaming frame 2169/2481
  ██████████████████░░░░░░░  73%  Streaming frame 2170/2481
  ██████████████████░░░░░░░  73%  Streaming frame 2171/2481
  ██████████████████░░░░░░░  73%  Streaming frame 2172/2481
  ██████████████████░░░░░░░  73%  Streaming frame 2173/2481
  ██████████████████░░░░░░░  73%  Streaming frame 2174/2481
  ██████████████████░░░░░░░  73%  Streaming frame 2175/2481
  ██████████████████░░░░░░░  73%  Streaming frame 2176/2481
  ██████████████████░░░░░░░  73%  Streaming frame 2177/2481
  ██████████████████░░░░░░░  73%  Streaming frame 2178/2481
  ██████████████████░░░░░░░  73%  Streaming frame 2179/2481
  ██████████████████░░░░░░░  73%  Streaming frame 2180/2481
  ██████████████████░░░░░░░  73%  Streaming frame 2181/2481
  ██████████████████░░░░░░░  73%  Streaming frame 2182/2481
  ██████████████████░░░░░░░  73%  Streaming frame 2183/2481
  ██████████████████░░░░░░░  73%  Streaming frame 2184/2481
  ██████████████████░░░░░░░  73%  Streaming frame 2185/2481
  ██████████████████░░░░░░░  73%  Streaming frame 2186/2481
  ██████████████████░░░░░░░  73%  Streaming frame 2187/2481
  ██████████████████░░░░░░░  74%  Streaming frame 2188/2481
  ██████████████████░░░░░░░  74%  Streaming frame 2189/2481
  ██████████████████░░░░░░░  74%  Streaming frame 2190/2481
  ██████████████████░░░░░░░  74%  Streaming frame 2191/2481
  ██████████████████░░░░░░░  74%  Streaming frame 2192/2481
  ██████████████████░░░░░░░  74%  Streaming frame 2193/2481
  ██████████████████░░░░░░░  74%  Streaming frame 2194/2481
  ██████████████████░░░░░░░  74%  Streaming frame 2195/2481
  ██████████████████░░░░░░░  74%  Streaming frame 2196/2481
  ██████████████████░░░░░░░  74%  Streaming frame 2197/2481
  ██████████████████░░░░░░░  74%  Streaming frame 2198/2481
  ██████████████████░░░░░░░  74%  Streaming frame 2199/2481
  ██████████████████░░░░░░░  74%  Streaming frame 2200/2481
  ██████████████████░░░░░░░  74%  Streaming frame 2201/2481
  ██████████████████░░░░░░░  74%  Streaming frame 2202/2481
  ██████████████████░░░░░░░  74%  Streaming frame 2203/2481
  ██████████████████░░░░░░░  74%  Streaming frame 2204/2481
  ██████████████████░░░░░░░  74%  Streaming frame 2205/2481
  ██████████████████░░░░░░░  74%  Streaming frame 2206/2481
  ██████████████████░░░░░░░  74%  Streaming frame 2207/2481
  ██████████████████░░░░░░░  74%  Streaming frame 2208/2481
  ██████████████████░░░░░░░  74%  Streaming frame 2209/2481
  ██████████████████░░░░░░░  74%  Streaming frame 2210/2481
  ██████████████████░░░░░░░  74%  Streaming frame 2211/2481
  ██████████████████░░░░░░░  74%  Streaming frame 2212/2481
  ██████████████████░░░░░░░  74%  Streaming frame 2213/2481
  ██████████████████░░░░░░░  74%  Streaming frame 2214/2481
  ██████████████████░░░░░░░  74%  Streaming frame 2215/2481
  ██████████████████░░░░░░░  74%  Streaming frame 2216/2481
  ██████████████████░░░░░░░  74%  Streaming frame 2217/2481
  ██████████████████░░░░░░░  74%  Streaming frame 2218/2481
  ██████████████████░░░░░░░  74%  Streaming frame 2219/2481
  ██████████████████░░░░░░░  74%  Streaming frame 2220/2481
  ██████████████████░░░░░░░  74%  Streaming frame 2221/2481
  ██████████████████░░░░░░░  74%  Streaming frame 2222/2481
  ██████████████████░░░░░░░  74%  Streaming frame 2223/2481
  ██████████████████░░░░░░░  74%  Streaming frame 2224/2481
  ██████████████████░░░░░░░  74%  Streaming frame 2225/2481
  ██████████████████░░░░░░░  74%  Streaming frame 2226/2481
  ██████████████████░░░░░░░  74%  Streaming frame 2227/2481
  ██████████████████░░░░░░░  74%  Streaming frame 2228/2481
  ██████████████████░░░░░░░  74%  Streaming frame 2229/2481
  ██████████████████░░░░░░░  74%  Streaming frame 2230/2481
  ██████████████████░░░░░░░  74%  Streaming frame 2231/2481
  ██████████████████░░░░░░░  74%  Streaming frame 2232/2481
  ██████████████████░░░░░░░  75%  Streaming frame 2233/2481
  ██████████████████░░░░░░░  75%  Streaming frame 2234/2481
  ██████████████████░░░░░░░  75%  Streaming frame 2235/2481
  ██████████████████░░░░░░░  75%  Streaming frame 2236/2481
  ██████████████████░░░░░░░  75%  Streaming frame 2237/2481
  ██████████████████░░░░░░░  75%  Streaming frame 2238/2481
  ██████████████████░░░░░░░  75%  Streaming frame 2239/2481
  ██████████████████░░░░░░░  75%  Streaming frame 2240/2481
  ██████████████████░░░░░░░  75%  Streaming frame 2241/2481
  ██████████████████░░░░░░░  75%  Streaming frame 2242/2481
  ██████████████████░░░░░░░  75%  Streaming frame 2243/2481
  ██████████████████░░░░░░░  75%  Streaming frame 2244/2481
  ██████████████████░░░░░░░  75%  Streaming frame 2245/2481
  ██████████████████░░░░░░░  75%  Streaming frame 2246/2481
  ██████████████████░░░░░░░  75%  Streaming frame 2247/2481
  ██████████████████░░░░░░░  75%  Streaming frame 2248/2481
  ██████████████████░░░░░░░  75%  Streaming frame 2249/2481
  ██████████████████░░░░░░░  75%  Streaming frame 2250/2481
  ██████████████████░░░░░░░  75%  Streaming frame 2251/2481
  ██████████████████░░░░░░░  75%  Streaming frame 2252/2481
  ██████████████████░░░░░░░  75%  Streaming frame 2253/2481
  ██████████████████░░░░░░░  75%  Streaming frame 2254/2481
  ██████████████████░░░░░░░  75%  Streaming frame 2255/2481
  ██████████████████░░░░░░░  75%  Streaming frame 2256/2481
  ██████████████████░░░░░░░  75%  Streaming frame 2257/2481
  ██████████████████░░░░░░░  75%  Streaming frame 2258/2481
  ██████████████████░░░░░░░  75%  Streaming frame 2259/2481
  ██████████████████░░░░░░░  75%  Streaming frame 2260/2481
  ██████████████████░░░░░░░  75%  Streaming frame 2261/2481
  ██████████████████░░░░░░░  75%  Streaming frame 2262/2481
  ██████████████████░░░░░░░  75%  Streaming frame 2263/2481
  ██████████████████░░░░░░░  75%  Streaming frame 2264/2481
  ██████████████████░░░░░░░  75%  Streaming frame 2265/2481
  ██████████████████░░░░░░░  75%  Streaming frame 2266/2481
  ██████████████████░░░░░░░  75%  Streaming frame 2267/2481
  ██████████████████░░░░░░░  75%  Streaming frame 2268/2481
  ██████████████████░░░░░░░  75%  Streaming frame 2269/2481
  ██████████████████░░░░░░░  75%  Streaming frame 2270/2481
  ██████████████████░░░░░░░  75%  Streaming frame 2271/2481
  ██████████████████░░░░░░░  75%  Streaming frame 2272/2481
  ██████████████████░░░░░░░  75%  Streaming frame 2273/2481
  ██████████████████░░░░░░░  75%  Streaming frame 2274/2481
  ██████████████████░░░░░░░  75%  Streaming frame 2275/2481
  ██████████████████░░░░░░░  75%  Streaming frame 2276/2481
  ██████████████████░░░░░░░  75%  Streaming frame 2277/2481
  ██████████████████░░░░░░░  75%  Streaming frame 2278/2481
  ███████████████████░░░░░░  76%  Streaming frame 2279/2481
  ███████████████████░░░░░░  76%  Streaming frame 2280/2481
  ███████████████████░░░░░░  76%  Streaming frame 2281/2481
  ███████████████████░░░░░░  76%  Streaming frame 2282/2481
  ███████████████████░░░░░░  76%  Streaming frame 2283/2481
  ███████████████████░░░░░░  76%  Streaming frame 2284/2481
  ███████████████████░░░░░░  76%  Streaming frame 2285/2481
  ███████████████████░░░░░░  76%  Streaming frame 2286/2481
  ███████████████████░░░░░░  76%  Streaming frame 2287/2481
  ███████████████████░░░░░░  76%  Streaming frame 2288/2481
  ███████████████████░░░░░░  76%  Streaming frame 2289/2481
  ███████████████████░░░░░░  76%  Streaming frame 2290/2481
  ███████████████████░░░░░░  76%  Streaming frame 2291/2481
  ███████████████████░░░░░░  76%  Streaming frame 2292/2481
  ███████████████████░░░░░░  76%  Streaming frame 2293/2481
  ███████████████████░░░░░░  76%  Streaming frame 2294/2481
  ███████████████████░░░░░░  76%  Streaming frame 2295/2481
  ███████████████████░░░░░░  76%  Streaming frame 2296/2481
  ███████████████████░░░░░░  76%  Streaming frame 2297/2481
  ███████████████████░░░░░░  76%  Streaming frame 2298/2481
  ███████████████████░░░░░░  76%  Streaming frame 2299/2481
  ███████████████████░░░░░░  76%  Streaming frame 2300/2481
  ███████████████████░░░░░░  76%  Streaming frame 2301/2481
  ███████████████████░░░░░░  76%  Streaming frame 2302/2481
  ███████████████████░░░░░░  76%  Streaming frame 2303/2481
  ███████████████████░░░░░░  76%  Streaming frame 2304/2481
  ███████████████████░░░░░░  76%  Streaming frame 2305/2481
  ███████████████████░░░░░░  76%  Streaming frame 2306/2481
  ███████████████████░░░░░░  76%  Streaming frame 2307/2481
  ███████████████████░░░░░░  76%  Streaming frame 2308/2481
  ███████████████████░░░░░░  76%  Streaming frame 2309/2481
  ███████████████████░░░░░░  76%  Streaming frame 2310/2481
  ███████████████████░░░░░░  76%  Streaming frame 2311/2481
  ███████████████████░░░░░░  76%  Streaming frame 2312/2481
  ███████████████████░░░░░░  76%  Streaming frame 2313/2481
  ███████████████████░░░░░░  76%  Streaming frame 2314/2481
  ███████████████████░░░░░░  76%  Streaming frame 2315/2481
  ███████████████████░░░░░░  76%  Streaming frame 2316/2481
  ███████████████████░░░░░░  76%  Streaming frame 2317/2481
  ███████████████████░░░░░░  76%  Streaming frame 2318/2481
  ███████████████████░░░░░░  76%  Streaming frame 2319/2481
  ███████████████████░░░░░░  76%  Streaming frame 2320/2481
  ███████████████████░░░░░░  76%  Streaming frame 2321/2481
  ███████████████████░░░░░░  76%  Streaming frame 2322/2481
  ███████████████████░░░░░░  76%  Streaming frame 2323/2481
  ███████████████████░░░░░░  77%  Streaming frame 2324/2481
  ███████████████████░░░░░░  77%  Streaming frame 2325/2481
  ███████████████████░░░░░░  77%  Streaming frame 2326/2481
  ███████████████████░░░░░░  77%  Streaming frame 2327/2481
  ███████████████████░░░░░░  77%  Streaming frame 2328/2481
  ███████████████████░░░░░░  77%  Streaming frame 2329/2481
  ███████████████████░░░░░░  77%  Streaming frame 2330/2481
  ███████████████████░░░░░░  77%  Streaming frame 2331/2481
  ███████████████████░░░░░░  77%  Streaming frame 2332/2481
  ███████████████████░░░░░░  77%  Streaming frame 2333/2481
  ███████████████████░░░░░░  77%  Streaming frame 2334/2481
  ███████████████████░░░░░░  77%  Streaming frame 2335/2481
  ███████████████████░░░░░░  77%  Streaming frame 2336/2481
  ███████████████████░░░░░░  77%  Streaming frame 2337/2481
  ███████████████████░░░░░░  77%  Streaming frame 2338/2481
  ███████████████████░░░░░░  77%  Streaming frame 2339/2481
  ███████████████████░░░░░░  77%  Streaming frame 2340/2481
  ███████████████████░░░░░░  77%  Streaming frame 2341/2481
  ███████████████████░░░░░░  77%  Streaming frame 2342/2481
  ███████████████████░░░░░░  77%  Streaming frame 2343/2481
  ███████████████████░░░░░░  77%  Streaming frame 2344/2481
  ███████████████████░░░░░░  77%  Streaming frame 2345/2481
  ███████████████████░░░░░░  77%  Streaming frame 2346/2481
  ███████████████████░░░░░░  77%  Streaming frame 2347/2481
  ███████████████████░░░░░░  77%  Streaming frame 2348/2481
  ███████████████████░░░░░░  77%  Streaming frame 2349/2481
  ███████████████████░░░░░░  77%  Streaming frame 2350/2481
  ███████████████████░░░░░░  77%  Streaming frame 2351/2481
  ███████████████████░░░░░░  77%  Streaming frame 2352/2481
  ███████████████████░░░░░░  77%  Streaming frame 2353/2481
  ███████████████████░░░░░░  77%  Streaming frame 2354/2481
  ███████████████████░░░░░░  77%  Streaming frame 2355/2481
  ███████████████████░░░░░░  77%  Streaming frame 2356/2481
  ███████████████████░░░░░░  77%  Streaming frame 2357/2481
[INFO] [Render] drawElement self-verify passed {"renderJobId":"1f26c8c6-5680-4fbe-a384-33ee200c8379","frame":2357,"psnrDb":"inf"}
  ███████████████████░░░░░░  77%  Streaming frame 2358/2481
  ███████████████████░░░░░░  77%  Streaming frame 2359/2481
  ███████████████████░░░░░░  77%  Streaming frame 2360/2481
  ███████████████████░░░░░░  77%  Streaming frame 2361/2481
  ███████████████████░░░░░░  77%  Streaming frame 2362/2481
  ███████████████████░░░░░░  77%  Streaming frame 2363/2481
  ███████████████████░░░░░░  77%  Streaming frame 2364/2481
  ███████████████████░░░░░░  77%  Streaming frame 2365/2481
  ███████████████████░░░░░░  77%  Streaming frame 2366/2481
  ███████████████████░░░░░░  77%  Streaming frame 2367/2481
  ███████████████████░░░░░░  77%  Streaming frame 2368/2481
  ███████████████████░░░░░░  78%  Streaming frame 2369/2481
  ███████████████████░░░░░░  78%  Streaming frame 2370/2481
  ███████████████████░░░░░░  78%  Streaming frame 2371/2481
  ███████████████████░░░░░░  78%  Streaming frame 2372/2481
  ███████████████████░░░░░░  78%  Streaming frame 2373/2481
  ███████████████████░░░░░░  78%  Streaming frame 2374/2481
  ███████████████████░░░░░░  78%  Streaming frame 2375/2481
  ███████████████████░░░░░░  78%  Streaming frame 2376/2481
  ███████████████████░░░░░░  78%  Streaming frame 2377/2481
  ███████████████████░░░░░░  78%  Streaming frame 2378/2481
  ███████████████████░░░░░░  78%  Streaming frame 2379/2481
  ███████████████████░░░░░░  78%  Streaming frame 2380/2481
  ███████████████████░░░░░░  78%  Streaming frame 2381/2481
  ███████████████████░░░░░░  78%  Streaming frame 2382/2481
  ███████████████████░░░░░░  78%  Streaming frame 2383/2481
  ███████████████████░░░░░░  78%  Streaming frame 2384/2481
  ███████████████████░░░░░░  78%  Streaming frame 2385/2481
  ███████████████████░░░░░░  78%  Streaming frame 2386/2481
  ███████████████████░░░░░░  78%  Streaming frame 2387/2481
  ███████████████████░░░░░░  78%  Streaming frame 2388/2481
  ███████████████████░░░░░░  78%  Streaming frame 2389/2481
  ███████████████████░░░░░░  78%  Streaming frame 2390/2481
  ███████████████████░░░░░░  78%  Streaming frame 2391/2481
  ███████████████████░░░░░░  78%  Streaming frame 2392/2481
  ███████████████████░░░░░░  78%  Streaming frame 2393/2481
  ███████████████████░░░░░░  78%  Streaming frame 2394/2481
  ███████████████████░░░░░░  78%  Streaming frame 2395/2481
  ███████████████████░░░░░░  78%  Streaming frame 2396/2481
  ███████████████████░░░░░░  78%  Streaming frame 2397/2481
  ███████████████████░░░░░░  78%  Streaming frame 2398/2481
  ███████████████████░░░░░░  78%  Streaming frame 2399/2481
  ███████████████████░░░░░░  78%  Streaming frame 2400/2481
  ███████████████████░░░░░░  78%  Streaming frame 2401/2481
  ███████████████████░░░░░░  78%  Streaming frame 2402/2481
  ███████████████████░░░░░░  78%  Streaming frame 2403/2481
  ███████████████████░░░░░░  78%  Streaming frame 2404/2481
  ███████████████████░░░░░░  78%  Streaming frame 2405/2481
  ███████████████████░░░░░░  78%  Streaming frame 2406/2481
  ███████████████████░░░░░░  78%  Streaming frame 2407/2481
  ███████████████████░░░░░░  78%  Streaming frame 2408/2481
  ███████████████████░░░░░░  78%  Streaming frame 2409/2481
  ███████████████████░░░░░░  78%  Streaming frame 2410/2481
  ███████████████████░░░░░░  78%  Streaming frame 2411/2481
  ███████████████████░░░░░░  78%  Streaming frame 2412/2481
  ███████████████████░░░░░░  78%  Streaming frame 2413/2481
  ███████████████████░░░░░░  79%  Streaming frame 2414/2481
  ███████████████████░░░░░░  79%  Streaming frame 2415/2481
  ███████████████████░░░░░░  79%  Streaming frame 2416/2481
  ███████████████████░░░░░░  79%  Streaming frame 2417/2481
  ███████████████████░░░░░░  79%  Streaming frame 2418/2481
  ███████████████████░░░░░░  79%  Streaming frame 2419/2481
  ███████████████████░░░░░░  79%  Streaming frame 2420/2481
  ███████████████████░░░░░░  79%  Streaming frame 2421/2481
  ███████████████████░░░░░░  79%  Streaming frame 2422/2481
  ███████████████████░░░░░░  79%  Streaming frame 2423/2481
  ███████████████████░░░░░░  79%  Streaming frame 2424/2481
  ███████████████████░░░░░░  79%  Streaming frame 2425/2481
  ███████████████████░░░░░░  79%  Streaming frame 2426/2481
  ███████████████████░░░░░░  79%  Streaming frame 2427/2481
  ███████████████████░░░░░░  79%  Streaming frame 2428/2481
  ███████████████████░░░░░░  79%  Streaming frame 2429/2481
  ███████████████████░░░░░░  79%  Streaming frame 2430/2481
  ███████████████████░░░░░░  79%  Streaming frame 2431/2481
  ███████████████████░░░░░░  79%  Streaming frame 2432/2481
  ███████████████████░░░░░░  79%  Streaming frame 2433/2481
  ███████████████████░░░░░░  79%  Streaming frame 2434/2481
  ███████████████████░░░░░░  79%  Streaming frame 2435/2481
  ███████████████████░░░░░░  79%  Streaming frame 2436/2481
  ███████████████████░░░░░░  79%  Streaming frame 2437/2481
  ███████████████████░░░░░░  79%  Streaming frame 2438/2481
  ███████████████████░░░░░░  79%  Streaming frame 2439/2481
  ███████████████████░░░░░░  79%  Streaming frame 2440/2481
  ███████████████████░░░░░░  79%  Streaming frame 2441/2481
  ███████████████████░░░░░░  79%  Streaming frame 2442/2481
  ███████████████████░░░░░░  79%  Streaming frame 2443/2481
  ███████████████████░░░░░░  79%  Streaming frame 2444/2481
  ███████████████████░░░░░░  79%  Streaming frame 2445/2481
  ███████████████████░░░░░░  79%  Streaming frame 2446/2481
  ███████████████████░░░░░░  79%  Streaming frame 2447/2481
  ███████████████████░░░░░░  79%  Streaming frame 2448/2481
  ███████████████████░░░░░░  79%  Streaming frame 2449/2481
  ███████████████████░░░░░░  79%  Streaming frame 2450/2481
  ███████████████████░░░░░░  79%  Streaming frame 2451/2481
  ███████████████████░░░░░░  79%  Streaming frame 2452/2481
  ███████████████████░░░░░░  79%  Streaming frame 2453/2481
  ███████████████████░░░░░░  79%  Streaming frame 2454/2481
  ███████████████████░░░░░░  79%  Streaming frame 2455/2481
  ███████████████████░░░░░░  79%  Streaming frame 2456/2481
  ███████████████████░░░░░░  79%  Streaming frame 2457/2481
  ███████████████████░░░░░░  79%  Streaming frame 2458/2481
  ████████████████████░░░░░  80%  Streaming frame 2459/2481
  ████████████████████░░░░░  80%  Streaming frame 2460/2481
  ████████████████████░░░░░  80%  Streaming frame 2461/2481
  ████████████████████░░░░░  80%  Streaming frame 2462/2481
  ████████████████████░░░░░  80%  Streaming frame 2463/2481
  ████████████████████░░░░░  80%  Streaming frame 2464/2481
  ████████████████████░░░░░  80%  Streaming frame 2465/2481
  ████████████████████░░░░░  80%  Streaming frame 2466/2481
  ████████████████████░░░░░  80%  Streaming frame 2467/2481
  ████████████████████░░░░░  80%  Streaming frame 2468/2481
  ████████████████████░░░░░  80%  Streaming frame 2469/2481
  ████████████████████░░░░░  80%  Streaming frame 2470/2481
  ████████████████████░░░░░  80%  Streaming frame 2471/2481
  ████████████████████░░░░░  80%  Streaming frame 2472/2481
  ████████████████████░░░░░  80%  Streaming frame 2473/2481
  ████████████████████░░░░░  80%  Streaming frame 2474/2481
  ████████████████████░░░░░  80%  Streaming frame 2475/2481
  ████████████████████░░░░░  80%  Streaming frame 2476/2481
  ████████████████████░░░░░  80%  Streaming frame 2477/2481
  ████████████████████░░░░░  80%  Streaming frame 2478/2481
  ████████████████████░░░░░  80%  Streaming frame 2479/2481
  ████████████████████░░░░░  80%  Streaming frame 2480/2481
  ████████████████████░░░░░  80%  Streaming frame 2481/2481
[INFO] [Render:trace] {"renderJobId":"1f26c8c6-5680-4fbe-a384-33ee200c8379","phase":"capture_streaming","status":"end","elapsedMs":60138,"durationMs":54575,"stagePhase":"capturing","workerCount":1,"forceScreenshot":false,"totalFrames":2481,"framesCompleted":2481,"captureMode":"drawelement","captureOperation":"encode"}
[INFO] [Render:trace] {"renderJobId":"1f26c8c6-5680-4fbe-a384-33ee200c8379","phase":"assemble","status":"start","elapsedMs":60138,"stagePhase":"capturing","hasAudio":true,"workerCount":1,"forceScreenshot":false,"totalFrames":2481,"framesCompleted":2481,"captureMode":"drawelement","captureOperation":"encode"}
  ██████████████████████░░░  90%  Assembling final video
[INFO] [Render:trace] {"renderJobId":"1f26c8c6-5680-4fbe-a384-33ee200c8379","phase":"assemble","status":"end","elapsedMs":62646,"durationMs":2508,"stagePhase":"capturing","hasAudio":true,"workerCount":1,"forceScreenshot":false,"totalFrames":2481,"framesCompleted":2481,"captureMode":"drawelement","captureOperation":"encode"}
[INFO] [Render:trace] {"renderJobId":"1f26c8c6-5680-4fbe-a384-33ee200c8379","phase":"pipeline","status":"checkpoint","elapsedMs":62693,"message":"artifact validated","totalElapsedMs":62670}
  █████████████████████████  100%  Render complete

◇  /Users/brownmanbrain/GitHub/operator-economy/blueprint-cinema/experiments/EP007-NET-NEW-UNFINISHED-ANSWER-003/hyperframes/reviews/r47-transfer-criterion-context/qa/r47-transfer-criterion-context.mp4
   18.1 MB · 1m 43.4s video · rendered in 1m 2.7s
